Command line: /usr/lib/spades/bin/plasmidspades.py	-1	/data/djs217/PROJECTS/42_Xanthomonas/xanthomonas-euvesicatoria-serbia/01-genome-de-novo-assembly/SRR24958750_1_val_1.fq.gz	-2	/data/djs217/PROJECTS/42_Xanthomonas/xanthomonas-euvesicatoria-serbia/01-genome-de-novo-assembly/SRR24958750_2_val_2.fq.gz	-o	/data/djs217/PROJECTS/42_Xanthomonas/xanthomonas-euvesicatoria-serbia/01-genome-de-novo-assembly/SRR24958750_plasmid_assembly	

System information:
  SPAdes version: 3.13.1
  Python version: 3.10.12
  OS: Linux-5.15.0-153-generic-x86_64-with-glibc2.35

Output dir: /data/djs217/PROJECTS/42_Xanthomonas/xanthomonas-euvesicatoria-serbia/01-genome-de-novo-assembly/SRR24958750_plasmid_assembly
Mode: read error correction and assembling
Debug mode is turned OFF

Dataset parameters:
  Multi-cell mode (you should set '--sc' flag if input data was obtained with MDA (single-cell) technology or --meta flag if processing metagenomic dataset)
  Reads:
    Library number: 1, library type: paired-end
      orientation: fr
      left reads: ['/data/djs217/PROJECTS/42_Xanthomonas/xanthomonas-euvesicatoria-serbia/01-genome-de-novo-assembly/SRR24958750_1_val_1.fq.gz']
      right reads: ['/data/djs217/PROJECTS/42_Xanthomonas/xanthomonas-euvesicatoria-serbia/01-genome-de-novo-assembly/SRR24958750_2_val_2.fq.gz']
      interlaced reads: not specified
      single reads: not specified
      merged reads: not specified
Read error correction parameters:
  Iterations: 1
  PHRED offset will be auto-detected
  Corrected reads will be compressed
Assembly parameters:
  k: automatic selection based on read length
  Plasmid mode is turned ON
  Repeat resolution is enabled
  Mismatch careful mode is turned OFF
  MismatchCorrector will be SKIPPED
  Coverage cutoff is turned OFF
Other parameters:
  Dir for temp files: /data/djs217/PROJECTS/42_Xanthomonas/xanthomonas-euvesicatoria-serbia/01-genome-de-novo-assembly/SRR24958750_plasmid_assembly/tmp
  Threads: 16
  Memory limit (in Gb): 62


======= SPAdes pipeline started. Log can be found here: /data/djs217/PROJECTS/42_Xanthomonas/xanthomonas-euvesicatoria-serbia/01-genome-de-novo-assembly/SRR24958750_plasmid_assembly/spades.log


===== Read error correction started. 


== Running read error correction tool: /usr/lib/spades/bin/spades-hammer /data/djs217/PROJECTS/42_Xanthomonas/xanthomonas-euvesicatoria-serbia/01-genome-de-novo-assembly/SRR24958750_plasmid_assembly/corrected/configs/config.info

  0:00:00.000     4M / 4M    INFO    General                 (main.cpp                  :  75)   Starting BayesHammer, built from N/A, git revision N/A
  0:00:00.000     4M / 4M    INFO    General                 (main.cpp                  :  76)   Loading config from /data/djs217/PROJECTS/42_Xanthomonas/xanthomonas-euvesicatoria-serbia/01-genome-de-novo-assembly/SRR24958750_plasmid_assembly/corrected/configs/config.info
  0:00:00.006     4M / 4M    INFO    General                 (main.cpp                  :  78)   Maximum # of threads to use (adjusted due to OMP capabilities): 16
  0:00:00.006     4M / 4M    INFO    General                 (memory_limit.cpp          :  49)   Memory limit set to 62 Gb
  0:00:00.006     4M / 4M    INFO    General                 (main.cpp                  :  86)   Trying to determine PHRED offset
  0:00:00.051     4M / 4M    INFO    General                 (main.cpp                  :  92)   Determined value is 33
  0:00:00.051     4M / 4M    INFO    General                 (hammer_tools.cpp          :  36)   Hamming graph threshold tau=1, k=21, subkmer positions = [ 0 10 ]
  0:00:00.051     4M / 4M    INFO    General                 (main.cpp                  : 113)   Size of aux. kmer data 24 bytes
     === ITERATION 0 begins ===
  0:00:00.051     4M / 4M    INFO   K-mer Index Building     (kmer_index_builder.hpp    : 301)   Building kmer index
  0:00:00.051     4M / 4M    INFO    General                 (kmer_index_builder.hpp    : 117)   Splitting kmer instances into 256 files using 16 threads. This might take a while.
  0:00:00.051     4M / 4M    INFO    General                 (file_limit.hpp            :  32)   Open file limit set to 1024
  0:00:00.051     4M / 4M    INFO    General                 (kmer_splitters.hpp        :  89)   Memory available for splitting buffers: 1.29159 Gb
  0:00:00.051     4M / 4M    INFO    General                 (kmer_splitters.hpp        :  97)   Using cell size of 262144
  0:00:00.111     8G / 8G    INFO   K-mer Splitting          (kmer_data.cpp             :  97)   Processing /data/djs217/PROJECTS/42_Xanthomonas/xanthomonas-euvesicatoria-serbia/01-genome-de-novo-assembly/SRR24958750_1_val_1.fq.gz
  0:00:16.739     8G / 9G    INFO   K-mer Splitting          (kmer_data.cpp             : 107)   Processed 3104446 reads
  0:00:16.739     8G / 9G    INFO   K-mer Splitting          (kmer_data.cpp             :  97)   Processing /data/djs217/PROJECTS/42_Xanthomonas/xanthomonas-euvesicatoria-serbia/01-genome-de-novo-assembly/SRR24958750_2_val_2.fq.gz
  0:00:31.800     8G / 9G    INFO   K-mer Splitting          (kmer_data.cpp             : 107)   Processed 6208892 reads
  0:00:31.800     8G / 9G    INFO   K-mer Splitting          (kmer_data.cpp             : 112)   Total 6208892 reads processed
  0:00:32.221    64M / 9G    INFO    General                 (kmer_index_builder.hpp    : 120)   Starting k-mer counting.
  0:00:32.503    64M / 9G    INFO    General                 (kmer_index_builder.hpp    : 127)   K-mer counting done. There are 56442454 kmers in total.
  0:00:32.503    64M / 9G    INFO    General                 (kmer_index_builder.hpp    : 133)   Merging temporary buckets.
  0:00:32.801    64M / 9G    INFO   K-mer Index Building     (kmer_index_builder.hpp    : 314)   Building perfect hash indices
  0:00:33.697    68M / 9G    INFO    General                 (kmer_index_builder.hpp    : 150)   Merging final buckets.
  0:00:35.164    68M / 9G    INFO   K-mer Index Building     (kmer_index_builder.hpp    : 336)   Index built. Total 26181532 bytes occupied (3.7109 bits per kmer).
  0:00:35.164    68M / 9G    INFO   K-mer Counting           (kmer_data.cpp             : 356)   Arranging kmers in hash map order
  0:00:36.140   932M / 9G    INFO    General                 (main.cpp                  : 148)   Clustering Hamming graph.
  0:01:00.822   932M / 9G    INFO    General                 (main.cpp                  : 155)   Extracting clusters
  0:01:10.295   932M / 9G    INFO    General                 (main.cpp                  : 167)   Clustering done. Total clusters: 21311980
  0:01:10.314   500M / 9G    INFO   K-mer Counting           (kmer_data.cpp             : 376)   Collecting K-mer information, this takes a while.
  0:01:10.776     1G / 9G    INFO   K-mer Counting           (kmer_data.cpp             : 382)   Processing /data/djs217/PROJECTS/42_Xanthomonas/xanthomonas-euvesicatoria-serbia/01-genome-de-novo-assembly/SRR24958750_1_val_1.fq.gz
  0:01:35.843     1G / 9G    INFO   K-mer Counting           (kmer_data.cpp             : 382)   Processing /data/djs217/PROJECTS/42_Xanthomonas/xanthomonas-euvesicatoria-serbia/01-genome-de-novo-assembly/SRR24958750_2_val_2.fq.gz
  0:02:00.596     1G / 9G    INFO   K-mer Counting           (kmer_data.cpp             : 389)   Collection done, postprocessing.
  0:02:00.795     1G / 9G    INFO   K-mer Counting           (kmer_data.cpp             : 402)   There are 56442454 kmers in total. Among them 42188874 (74.7467%) are singletons.
  0:02:00.795     1G / 9G    INFO    General                 (main.cpp                  : 173)   Subclustering Hamming graph
  0:02:04.813     1G / 9G    INFO   Hamming Subclustering    (kmer_cluster.cpp          : 649)   Subclustering done. Total 73 non-read kmers were generated.
  0:02:04.814     1G / 9G    INFO   Hamming Subclustering    (kmer_cluster.cpp          : 650)   Subclustering statistics:
  0:02:04.814     1G / 9G    INFO   Hamming Subclustering    (kmer_cluster.cpp          : 651)     Total singleton hamming clusters: 11982804. Among them 1516290 (12.6539%) are good
  0:02:04.814     1G / 9G    INFO   Hamming Subclustering    (kmer_cluster.cpp          : 652)     Total singleton subclusters: 19592. Among them 18600 (94.9367%) are good
  0:02:04.814     1G / 9G    INFO   Hamming Subclustering    (kmer_cluster.cpp          : 653)     Total non-singleton subcluster centers: 9695547. Among them 8614513 (88.8502%) are good
  0:02:04.814     1G / 9G    INFO   Hamming Subclustering    (kmer_cluster.cpp          : 654)     Average size of non-trivial subcluster: 4.58558 kmers
  0:02:04.814     1G / 9G    INFO   Hamming Subclustering    (kmer_cluster.cpp          : 655)     Average number of sub-clusters per non-singleton cluster: 1.04137
  0:02:04.814     1G / 9G    INFO   Hamming Subclustering    (kmer_cluster.cpp          : 656)     Total solid k-mers: 10149403
  0:02:04.814     1G / 9G    INFO   Hamming Subclustering    (kmer_cluster.cpp          : 657)     Substitution probabilities: [4,4]((0.907476,0.0373208,0.00538273,0.0498209),(0.0158368,0.972648,0.00531596,0.00619954),(0.00617298,0.00526033,0.972673,0.0158938),(0.0497354,0.00532871,0.0372334,0.907703))
  0:02:04.836     1G / 9G    INFO    General                 (main.cpp                  : 178)   Finished clustering.
  0:02:04.837     1G / 9G    INFO    General                 (main.cpp                  : 197)   Starting solid k-mers expansion in 16 threads.
  0:02:21.854     1G / 9G    INFO    General                 (main.cpp                  : 218)   Solid k-mers iteration 0 produced 404016 new k-mers.
  0:02:38.556     1G / 9G    INFO    General                 (main.cpp                  : 218)   Solid k-mers iteration 1 produced 14194 new k-mers.
  0:02:55.270     1G / 9G    INFO    General                 (main.cpp                  : 218)   Solid k-mers iteration 2 produced 147 new k-mers.
  0:03:11.975     1G / 9G    INFO    General                 (main.cpp                  : 218)   Solid k-mers iteration 3 produced 18 new k-mers.
  0:03:28.727     1G / 9G    INFO    General                 (main.cpp                  : 218)   Solid k-mers iteration 4 produced 0 new k-mers.
  0:03:28.727     1G / 9G    INFO    General                 (main.cpp                  : 222)   Solid k-mers finalized
  0:03:28.727     1G / 9G    INFO    General                 (hammer_tools.cpp          : 220)   Starting read correction in 16 threads.
  0:03:28.727     1G / 9G    INFO    General                 (hammer_tools.cpp          : 233)   Correcting pair of reads: /data/djs217/PROJECTS/42_Xanthomonas/xanthomonas-euvesicatoria-serbia/01-genome-de-novo-assembly/SRR24958750_1_val_1.fq.gz and /data/djs217/PROJECTS/42_Xanthomonas/xanthomonas-euvesicatoria-serbia/01-genome-de-novo-assembly/SRR24958750_2_val_2.fq.gz
  0:03:35.083     3G / 9G    INFO    General                 (hammer_tools.cpp          : 168)   Prepared batch 0 of 1600000 reads.
  0:03:43.996     3G / 9G    INFO    General                 (hammer_tools.cpp          : 175)   Processed batch 0
  0:03:45.935     3G / 9G    INFO    General                 (hammer_tools.cpp          : 185)   Written batch 0
  0:03:51.503     3G / 9G    INFO    General                 (hammer_tools.cpp          : 168)   Prepared batch 1 of 1504446 reads.
  0:03:59.706     3G / 9G    INFO    General                 (hammer_tools.cpp          : 175)   Processed batch 1
  0:04:01.631     3G / 9G    INFO    General                 (hammer_tools.cpp          : 185)   Written batch 1
  0:04:02.294     1G / 9G    INFO    General                 (hammer_tools.cpp          : 274)   Correction done. Changed 1532270 bases in 739356 reads.
  0:04:02.295     1G / 9G    INFO    General                 (hammer_tools.cpp          : 275)   Failed to correct 65583 bases out of 928498800.
  0:04:02.363    64M / 9G    INFO    General                 (main.cpp                  : 255)   Saving corrected dataset description to /data/djs217/PROJECTS/42_Xanthomonas/xanthomonas-euvesicatoria-serbia/01-genome-de-novo-assembly/SRR24958750_plasmid_assembly/corrected/corrected.yaml
  0:04:02.363    64M / 9G    INFO    General                 (main.cpp                  : 262)   All done. Exiting.

== Compressing corrected reads (with pigz)

== Dataset description file was created: /data/djs217/PROJECTS/42_Xanthomonas/xanthomonas-euvesicatoria-serbia/01-genome-de-novo-assembly/SRR24958750_plasmid_assembly/corrected/corrected.yaml


===== Read error correction finished. 


===== Assembling started.


== Running assembler: K21

  0:00:00.000     4M / 4M    INFO    General                 (main.cpp                  :  74)   Loaded config from /data/djs217/PROJECTS/42_Xanthomonas/xanthomonas-euvesicatoria-serbia/01-genome-de-novo-assembly/SRR24958750_plasmid_assembly/K21/configs/config.info
  0:00:00.000     4M / 4M    INFO    General                 (main.cpp                  :  74)   Loaded config from /data/djs217/PROJECTS/42_Xanthomonas/xanthomonas-euvesicatoria-serbia/01-genome-de-novo-assembly/SRR24958750_plasmid_assembly/K21/configs/plasmid_mode.info
  0:00:00.000     4M / 4M    INFO    General                 (memory_limit.cpp          :  49)   Memory limit set to 62 Gb
  0:00:00.000     4M / 4M    INFO    General                 (main.cpp                  :  84)   Starting SPAdes, built from N/A, git revision N/A
  0:00:00.000     4M / 4M    INFO    General                 (main.cpp                  :  88)   Maximum k-mer length: 128
  0:00:00.000     4M / 4M    INFO    General                 (main.cpp                  :  89)   Assembling dataset (/data/djs217/PROJECTS/42_Xanthomonas/xanthomonas-euvesicatoria-serbia/01-genome-de-novo-assembly/SRR24958750_plasmid_assembly/dataset.info) with K=21
  0:00:00.000     4M / 4M    INFO    General                 (main.cpp                  :  90)   Maximum # of threads to use (adjusted due to OMP capabilities): 16
  0:00:00.000     4M / 4M    INFO    General                 (launch.hpp                :  52)   SPAdes started
  0:00:00.000     4M / 4M    INFO    General                 (launch.hpp                :  59)   Starting from stage: construction
  0:00:00.000     4M / 4M    INFO    General                 (launch.hpp                :  66)   Two-step RR enabled: 0
  0:00:00.008     4M / 4M    INFO   StageManager             (stage.cpp                 : 132)   STAGE == de Bruijn graph construction
  0:00:00.018     4M / 4M    INFO    General                 (read_converter.hpp        :  77)   Converting reads to binary format for library #0 (takes a while)
  0:00:00.018     4M / 4M    INFO    General                 (read_converter.hpp        :  78)   Converting paired reads
  0:00:00.166    80M / 80M   INFO    General                 (binary_converter.hpp      :  93)   16384 reads processed
  0:00:00.263    92M / 92M   INFO    General                 (binary_converter.hpp      :  93)   32768 reads processed
  0:00:00.458   116M / 116M  INFO    General                 (binary_converter.hpp      :  93)   65536 reads processed
  0:00:00.849   168M / 168M  INFO    General                 (binary_converter.hpp      :  93)   131072 reads processed
  0:00:01.631   268M / 268M  INFO    General                 (binary_converter.hpp      :  93)   262144 reads processed
  0:00:04.133   372M / 372M  INFO    General                 (binary_converter.hpp      :  93)   524288 reads processed
  0:00:09.108   412M / 416M  INFO    General                 (binary_converter.hpp      :  93)   1048576 reads processed
  0:00:18.042   420M / 428M  INFO    General                 (binary_converter.hpp      :  93)   2097152 reads processed
  0:00:27.645   408M / 428M  INFO    General                 (binary_converter.hpp      : 117)   3095760 reads written
  0:00:27.849     4M / 428M  INFO    General                 (read_converter.hpp        :  87)   Converting single reads
  0:00:27.955   132M / 428M  INFO    General                 (binary_converter.hpp      : 117)   6749 reads written
  0:00:27.961     4M / 428M  INFO    General                 (read_converter.hpp        :  95)   Converting merged reads
  0:00:28.035   132M / 428M  INFO    General                 (binary_converter.hpp      : 117)   0 reads written
  0:00:28.040     4M / 428M  INFO    General                 (construction.cpp          : 111)   Max read length 151
  0:00:28.040     4M / 428M  INFO    General                 (construction.cpp          : 117)   Average read length 149.572
  0:00:28.040     4M / 428M  INFO    General                 (stage.cpp                 : 101)   PROCEDURE == k+1-mer counting
  0:00:28.063     4M / 428M  INFO    General                 (kmer_index_builder.hpp    : 117)   Splitting kmer instances into 256 files using 16 threads. This might take a while.
  0:00:28.064     4M / 428M  INFO    General                 (file_limit.hpp            :  32)   Open file limit set to 1024
  0:00:28.064     4M / 428M  INFO    General                 (kmer_splitters.hpp        :  89)   Memory available for splitting buffers: 1.29159 Gb
  0:00:28.064     4M / 428M  INFO    General                 (kmer_splitters.hpp        :  97)   Using cell size of 262144
  0:00:36.354     8G / 9G    INFO    General                 (kmer_splitters.hpp        : 289)   Processed 12396538 reads
  0:00:36.354     8G / 9G    INFO    General                 (kmer_splitters.hpp        : 295)   Adding contigs from previous K
  0:00:36.769    64M / 9G    INFO    General                 (kmer_splitters.hpp        : 308)   Used 12396538 reads
  0:00:36.769    64M / 9G    INFO    General                 (kmer_index_builder.hpp    : 120)   Starting k-mer counting.
  0:00:36.896    64M / 9G    INFO    General                 (kmer_index_builder.hpp    : 127)   K-mer counting done. There are 7562157 kmers in total.
  0:00:36.896    64M / 9G    INFO    General                 (kmer_index_builder.hpp    : 133)   Merging temporary buckets.
  0:00:36.937    64M / 9G    INFO    General                 (stage.cpp                 : 101)   PROCEDURE == Extension index construction
  0:00:36.937    64M / 9G    INFO   K-mer Index Building     (kmer_index_builder.hpp    : 301)   Building kmer index
  0:00:36.937    64M / 9G    INFO    General                 (kmer_index_builder.hpp    : 117)   Splitting kmer instances into 256 files using 16 threads. This might take a while.
  0:00:36.938    64M / 9G    INFO    General                 (file_limit.hpp            :  32)   Open file limit set to 1024
  0:00:36.938    64M / 9G    INFO    General                 (kmer_splitters.hpp        :  89)   Memory available for splitting buffers: 1.29036 Gb
  0:00:36.938    64M / 9G    INFO    General                 (kmer_splitters.hpp        :  97)   Using cell size of 262144
  0:00:37.301     8G / 9G    INFO    General                 (kmer_splitters.hpp        : 380)   Processed 7562157 kmers
  0:00:37.301     8G / 9G    INFO    General                 (kmer_splitters.hpp        : 385)   Used 7562157 kmers.
  0:00:37.382    64M / 9G    INFO    General                 (kmer_index_builder.hpp    : 120)   Starting k-mer counting.
  0:00:37.476    64M / 9G    INFO    General                 (kmer_index_builder.hpp    : 127)   K-mer counting done. There are 7486963 kmers in total.
  0:00:37.476    64M / 9G    INFO    General                 (kmer_index_builder.hpp    : 133)   Merging temporary buckets.
  0:00:37.517    64M / 9G    INFO   K-mer Index Building     (kmer_index_builder.hpp    : 314)   Building perfect hash indices
  0:00:37.708    64M / 9G    INFO    General                 (kmer_index_builder.hpp    : 150)   Merging final buckets.
  0:00:38.414    64M / 9G    INFO   K-mer Index Building     (kmer_index_builder.hpp    : 336)   Index built. Total 3480048 bytes occupied (3.71851 bits per kmer).
  0:00:38.423    72M / 9G    INFO   DeBruijnExtensionIndexBu (kmer_extension_index_build:  99)   Building k-mer extensions from k+1-mers
  0:00:38.688    72M / 9G    INFO   DeBruijnExtensionIndexBu (kmer_extension_index_build: 103)   Building k-mer extensions from k+1-mers finished.
  0:00:38.689    72M / 9G    INFO    General                 (stage.cpp                 : 101)   PROCEDURE == Early tip clipping
  0:00:38.689    72M / 9G    INFO    General                 (construction.cpp          : 253)   Early tip clipper length bound set as (RL - K)
  0:00:38.689    72M / 9G    INFO   Early tip clipping       (early_simplification.hpp  : 181)   Early tip clipping
  0:00:39.088    72M / 9G    INFO   Early tip clipping       (early_simplification.hpp  : 184)   1012655 22-mers were removed by early tip clipper
  0:00:39.088    72M / 9G    INFO    General                 (stage.cpp                 : 101)   PROCEDURE == Condensing graph
  0:00:39.108    72M / 9G    INFO   UnbranchingPathExtractor (debruijn_graph_constructor: 355)   Extracting unbranching paths
  0:00:39.346    80M / 9G    INFO   UnbranchingPathExtractor (debruijn_graph_constructor: 374)   Extracting unbranching paths finished. 223098 sequences extracted
  0:00:39.467    80M / 9G    INFO   UnbranchingPathExtractor (debruijn_graph_constructor: 310)   Collecting perfect loops
  0:00:39.518    80M / 9G    INFO   UnbranchingPathExtractor (debruijn_graph_constructor: 343)   Collecting perfect loops finished. 0 loops collected
  0:00:39.580   132M / 9G    INFO    General                 (stage.cpp                 : 101)   PROCEDURE == Filling coverage indices (PHM)
  0:00:39.580   132M / 9G    INFO   K-mer Index Building     (kmer_index_builder.hpp    : 301)   Building kmer index
  0:00:39.580   132M / 9G    INFO   K-mer Index Building     (kmer_index_builder.hpp    : 314)   Building perfect hash indices
  0:00:39.759   140M / 9G    INFO   K-mer Index Building     (kmer_index_builder.hpp    : 336)   Index built. Total 3514784 bytes occupied (3.71829 bits per kmer).
  0:00:39.782   172M / 9G    INFO    General                 (construction.cpp          : 388)   Collecting k-mer coverage information from reads, this takes a while.
  0:00:49.058   172M / 9G    INFO    General                 (construction.cpp          : 508)   Filling coverage and flanking coverage from PHM
  0:00:49.258   172M / 9G    INFO    General                 (construction.cpp          : 464)   Processed 446091 edges
  0:00:49.279   116M / 9G    INFO   StageManager             (stage.cpp                 : 132)   STAGE == EC Threshold Finding
  0:00:49.280   116M / 9G    INFO    General                 (kmer_coverage_model.cpp   : 181)   Kmer coverage valley at: 9
  0:00:49.280   116M / 9G    INFO    General                 (kmer_coverage_model.cpp   : 201)   K-mer histogram maximum: 142
  0:00:49.280   116M / 9G    INFO    General                 (kmer_coverage_model.cpp   : 237)   Estimated median coverage: 148. Coverage mad: 31.1346
  0:00:49.280   116M / 9G    INFO    General                 (kmer_coverage_model.cpp   : 259)   Fitting coverage model
  0:00:49.506   116M / 9G    INFO    General                 (kmer_coverage_model.cpp   : 295)   ... iteration 2
  0:00:50.137   116M / 9G    INFO    General                 (kmer_coverage_model.cpp   : 295)   ... iteration 4
  0:00:52.204   116M / 9G    INFO    General                 (kmer_coverage_model.cpp   : 295)   ... iteration 8
  0:00:54.953   116M / 9G    INFO    General                 (kmer_coverage_model.cpp   : 309)   Fitted mean coverage: 149.469. Fitted coverage std. dev: 27.7905
  0:00:54.958   116M / 9G    INFO    General                 (kmer_coverage_model.cpp   : 334)   Probability of erroneous kmer at valley: 0.999999
  0:00:54.959   116M / 9G    INFO    General                 (kmer_coverage_model.cpp   : 358)   Preliminary threshold calculated as: 84
  0:00:54.959   116M / 9G    INFO    General                 (kmer_coverage_model.cpp   : 362)   Threshold adjusted to: 79
  0:00:54.959   116M / 9G    INFO    General                 (kmer_coverage_model.cpp   : 375)   Estimated genome size (ignoring repeats): 5074423
  0:00:54.959   116M / 9G    INFO    General                 (genomic_info_filler.cpp   : 112)   Mean coverage was calculated as 149.469
  0:00:54.959   116M / 9G    INFO    General                 (genomic_info_filler.cpp   : 127)   EC coverage threshold value was calculated as 79
  0:00:54.959   116M / 9G    INFO    General                 (genomic_info_filler.cpp   : 128)   Trusted kmer low bound: 0
  0:00:54.959   116M / 9G    INFO   StageManager             (stage.cpp                 : 132)   STAGE == Raw Simplification
  0:00:54.978   116M / 9G    INFO    General                 (simplification.cpp        : 128)   PROCEDURE == InitialCleaning
  0:00:54.992   116M / 9G    INFO    General                 (graph_simplification.hpp  : 669)   Flanking coverage based disconnection disabled
  0:00:54.992   116M / 9G    INFO   Simplification           (parallel_processing.hpp   : 165)   Running Self conjugate edge remover
  0:00:55.021   116M / 9G    INFO   Simplification           (parallel_processing.hpp   : 167)   Self conjugate edge remover triggered 0 times
  0:00:55.021   116M / 9G    INFO   Simplification           (parallel_processing.hpp   : 165)   Running Initial tip clipper
  0:00:55.063    76M / 9G    INFO   Simplification           (parallel_processing.hpp   : 167)   Initial tip clipper triggered 717 times
  0:00:55.063    76M / 9G    INFO   Simplification           (parallel_processing.hpp   : 165)   Running Initial ec remover
  0:00:56.243    88M / 9G    INFO   Simplification           (parallel_processing.hpp   : 167)   Initial ec remover triggered 66583 times
  0:00:56.243    88M / 9G    INFO   Simplification           (parallel_processing.hpp   : 165)   Running Initial isolated edge remover
  0:00:56.245    88M / 9G    INFO   Simplification           (parallel_processing.hpp   : 167)   Initial isolated edge remover triggered 190 times
  0:00:56.259    84M / 9G    INFO   StageManager             (stage.cpp                 : 132)   STAGE == Simplification
  0:00:56.259    84M / 9G    INFO    General                 (simplification.cpp        : 357)   Graph simplification started
  0:00:56.259    84M / 9G    INFO    General                 (graph_simplification.hpp  : 641)   Creating parallel br instance
  0:00:56.259    84M / 9G    INFO    General                 (simplification.cpp        : 362)   PROCEDURE == Simplification cycle, iteration 1
  0:00:56.259    84M / 9G    INFO   Simplification           (parallel_processing.hpp   : 165)   Running Tip clipper
  0:00:56.262    84M / 9G    INFO   Simplification           (parallel_processing.hpp   : 167)   Tip clipper triggered 172 times
  0:00:56.262    84M / 9G    INFO   Simplification           (parallel_processing.hpp   : 165)   Running Bulge remover
  0:00:56.470    76M / 9G    INFO   Simplification           (parallel_processing.hpp   : 167)   Bulge remover triggered 3833 times
  0:00:56.470    76M / 9G    INFO   Simplification           (parallel_processing.hpp   : 165)   Running Low coverage edge remover
  0:00:56.559    76M / 9G    INFO   Simplification           (parallel_processing.hpp   : 167)   Low coverage edge remover triggered 3020 times
  0:00:56.559    76M / 9G    INFO    General                 (simplification.cpp        : 362)   PROCEDURE == Simplification cycle, iteration 2
  0:00:56.559    76M / 9G    INFO   Simplification           (parallel_processing.hpp   : 165)   Running Tip clipper
  0:00:56.560    76M / 9G    INFO   Simplification           (parallel_processing.hpp   : 167)   Tip clipper triggered 51 times
  0:00:56.561    76M / 9G    INFO   Simplification           (parallel_processing.hpp   : 165)   Running Bulge remover
  0:00:56.569    76M / 9G    INFO   Simplification           (parallel_processing.hpp   : 167)   Bulge remover triggered 127 times
  0:00:56.569    76M / 9G    INFO   Simplification           (parallel_processing.hpp   : 165)   Running Low coverage edge remover
  0:00:56.571    76M / 9G    INFO   Simplification           (parallel_processing.hpp   : 167)   Low coverage edge remover triggered 101 times
  0:00:56.571    76M / 9G    INFO    General                 (simplification.cpp        : 362)   PROCEDURE == Simplification cycle, iteration 3
  0:00:56.571    76M / 9G    INFO   Simplification           (parallel_processing.hpp   : 165)   Running Tip clipper
  0:00:56.572    76M / 9G    INFO   Simplification           (parallel_processing.hpp   : 167)   Tip clipper triggered 0 times
  0:00:56.572    76M / 9G    INFO   Simplification           (parallel_processing.hpp   : 165)   Running Bulge remover
  0:00:56.573    76M / 9G    INFO   Simplification           (parallel_processing.hpp   : 167)   Bulge remover triggered 43 times
  0:00:56.573    76M / 9G    INFO   Simplification           (parallel_processing.hpp   : 165)   Running Low coverage edge remover
  0:00:56.574    76M / 9G    INFO   Simplification           (parallel_processing.hpp   : 167)   Low coverage edge remover triggered 15 times
  0:00:56.574    76M / 9G    INFO    General                 (simplification.cpp        : 362)   PROCEDURE == Simplification cycle, iteration 4
  0:00:56.574    76M / 9G    INFO   Simplification           (parallel_processing.hpp   : 165)   Running Tip clipper
  0:00:56.574    76M / 9G    INFO   Simplification           (parallel_processing.hpp   : 167)   Tip clipper triggered 0 times
  0:00:56.574    76M / 9G    INFO   Simplification           (parallel_processing.hpp   : 165)   Running Bulge remover
  0:00:56.574    76M / 9G    INFO   Simplification           (parallel_processing.hpp   : 167)   Bulge remover triggered 4 times
  0:00:56.574    76M / 9G    INFO   Simplification           (parallel_processing.hpp   : 165)   Running Low coverage edge remover
  0:00:56.574    76M / 9G    INFO   Simplification           (parallel_processing.hpp   : 167)   Low coverage edge remover triggered 6 times
  0:00:56.574    76M / 9G    INFO    General                 (simplification.cpp        : 362)   PROCEDURE == Simplification cycle, iteration 5
  0:00:56.574    76M / 9G    INFO   Simplification           (parallel_processing.hpp   : 165)   Running Tip clipper
  0:00:56.574    76M / 9G    INFO   Simplification           (parallel_processing.hpp   : 167)   Tip clipper triggered 0 times
  0:00:56.574    76M / 9G    INFO   Simplification           (parallel_processing.hpp   : 165)   Running Bulge remover
  0:00:56.574    76M / 9G    INFO   Simplification           (parallel_processing.hpp   : 167)   Bulge remover triggered 2 times
  0:00:56.574    76M / 9G    INFO   Simplification           (parallel_processing.hpp   : 165)   Running Low coverage edge remover
  0:00:56.574    76M / 9G    INFO   Simplification           (parallel_processing.hpp   : 167)   Low coverage edge remover triggered 7 times
  0:00:56.574    76M / 9G    INFO    General                 (simplification.cpp        : 362)   PROCEDURE == Simplification cycle, iteration 6
  0:00:56.574    76M / 9G    INFO   Simplification           (parallel_processing.hpp   : 165)   Running Tip clipper
  0:00:56.574    76M / 9G    INFO   Simplification           (parallel_processing.hpp   : 167)   Tip clipper triggered 0 times
  0:00:56.574    76M / 9G    INFO   Simplification           (parallel_processing.hpp   : 165)   Running Bulge remover
  0:00:56.574    76M / 9G    INFO   Simplification           (parallel_processing.hpp   : 167)   Bulge remover triggered 0 times
  0:00:56.574    76M / 9G    INFO   Simplification           (parallel_processing.hpp   : 165)   Running Low coverage edge remover
  0:00:56.574    76M / 9G    INFO   Simplification           (parallel_processing.hpp   : 167)   Low coverage edge remover triggered 8 times
  0:00:56.574    76M / 9G    INFO    General                 (simplification.cpp        : 362)   PROCEDURE == Simplification cycle, iteration 7
  0:00:56.574    76M / 9G    INFO   Simplification           (parallel_processing.hpp   : 165)   Running Tip clipper
  0:00:56.574    76M / 9G    INFO   Simplification           (parallel_processing.hpp   : 167)   Tip clipper triggered 0 times
  0:00:56.574    76M / 9G    INFO   Simplification           (parallel_processing.hpp   : 165)   Running Bulge remover
  0:00:56.574    76M / 9G    INFO   Simplification           (parallel_processing.hpp   : 167)   Bulge remover triggered 1 times
  0:00:56.574    76M / 9G    INFO   Simplification           (parallel_processing.hpp   : 165)   Running Low coverage edge remover
  0:00:56.575    76M / 9G    INFO   Simplification           (parallel_processing.hpp   : 167)   Low coverage edge remover triggered 5 times
  0:00:56.575    76M / 9G    INFO    General                 (simplification.cpp        : 362)   PROCEDURE == Simplification cycle, iteration 8
  0:00:56.575    76M / 9G    INFO   Simplification           (parallel_processing.hpp   : 165)   Running Tip clipper
  0:00:56.575    76M / 9G    INFO   Simplification           (parallel_processing.hpp   : 167)   Tip clipper triggered 0 times
  0:00:56.575    76M / 9G    INFO   Simplification           (parallel_processing.hpp   : 165)   Running Bulge remover
  0:00:56.575    76M / 9G    INFO   Simplification           (parallel_processing.hpp   : 167)   Bulge remover triggered 0 times
  0:00:56.575    76M / 9G    INFO   Simplification           (parallel_processing.hpp   : 165)   Running Low coverage edge remover
  0:00:56.575    76M / 9G    INFO   Simplification           (parallel_processing.hpp   : 167)   Low coverage edge remover triggered 7 times
  0:00:56.575    76M / 9G    INFO    General                 (simplification.cpp        : 362)   PROCEDURE == Simplification cycle, iteration 9
  0:00:56.575    76M / 9G    INFO   Simplification           (parallel_processing.hpp   : 165)   Running Tip clipper
  0:00:56.575    76M / 9G    INFO   Simplification           (parallel_processing.hpp   : 167)   Tip clipper triggered 0 times
  0:00:56.575    76M / 9G    INFO   Simplification           (parallel_processing.hpp   : 165)   Running Bulge remover
  0:00:56.575    76M / 9G    INFO   Simplification           (parallel_processing.hpp   : 167)   Bulge remover triggered 0 times
  0:00:56.575    76M / 9G    INFO   Simplification           (parallel_processing.hpp   : 165)   Running Low coverage edge remover
  0:00:56.575    76M / 9G    INFO   Simplification           (parallel_processing.hpp   : 167)   Low coverage edge remover triggered 11 times
  0:00:56.575    76M / 9G    INFO    General                 (simplification.cpp        : 362)   PROCEDURE == Simplification cycle, iteration 10
  0:00:56.575    76M / 9G    INFO   Simplification           (parallel_processing.hpp   : 165)   Running Tip clipper
  0:00:56.575    76M / 9G    INFO   Simplification           (parallel_processing.hpp   : 167)   Tip clipper triggered 0 times
  0:00:56.575    76M / 9G    INFO   Simplification           (parallel_processing.hpp   : 165)   Running Bulge remover
  0:00:56.575    76M / 9G    INFO   Simplification           (parallel_processing.hpp   : 167)   Bulge remover triggered 1 times
  0:00:56.575    76M / 9G    INFO   Simplification           (parallel_processing.hpp   : 165)   Running Low coverage edge remover
  0:00:56.575    76M / 9G    INFO   Simplification           (parallel_processing.hpp   : 167)   Low coverage edge remover triggered 11 times
  0:00:56.575    76M / 9G    INFO    General                 (simplification.cpp        : 362)   PROCEDURE == Simplification cycle, iteration 11
  0:00:56.575    76M / 9G    INFO   Simplification           (parallel_processing.hpp   : 165)   Running Tip clipper
  0:00:56.579    76M / 9G    INFO   Simplification           (parallel_processing.hpp   : 167)   Tip clipper triggered 1 times
  0:00:56.579    76M / 9G    INFO   Simplification           (parallel_processing.hpp   : 165)   Running Bulge remover
  0:00:56.584    76M / 9G    INFO   Simplification           (parallel_processing.hpp   : 167)   Bulge remover triggered 2 times
  0:00:56.584    76M / 9G    INFO   Simplification           (parallel_processing.hpp   : 165)   Running Low coverage edge remover
  0:00:56.585    72M / 9G    INFO   Simplification           (parallel_processing.hpp   : 167)   Low coverage edge remover triggered 0 times
  0:00:56.585    72M / 9G    INFO    General                 (simplification.cpp        : 362)   PROCEDURE == Simplification cycle, iteration 12
  0:00:56.585    72M / 9G    INFO   Simplification           (parallel_processing.hpp   : 165)   Running Tip clipper
  0:00:56.585    72M / 9G    INFO   Simplification           (parallel_processing.hpp   : 167)   Tip clipper triggered 0 times
  0:00:56.585    72M / 9G    INFO   Simplification           (parallel_processing.hpp   : 165)   Running Bulge remover
  0:00:56.585    72M / 9G    INFO   Simplification           (parallel_processing.hpp   : 167)   Bulge remover triggered 0 times
  0:00:56.585    72M / 9G    INFO   Simplification           (parallel_processing.hpp   : 165)   Running Low coverage edge remover
  0:00:56.585    72M / 9G    INFO   Simplification           (parallel_processing.hpp   : 167)   Low coverage edge remover triggered 0 times
  0:00:56.585    72M / 9G    INFO   StageManager             (stage.cpp                 : 132)   STAGE == Simplification Cleanup
  0:00:56.585    72M / 9G    INFO    General                 (simplification.cpp        : 196)   PROCEDURE == Post simplification
  0:00:56.585    72M / 9G    INFO    General                 (graph_simplification.hpp  : 458)   Disconnection of relatively low covered edges disabled
  0:00:56.585    72M / 9G    INFO    General                 (graph_simplification.hpp  : 494)   Complex tip clipping disabled
  0:00:56.585    72M / 9G    INFO    General                 (graph_simplification.hpp  : 641)   Creating parallel br instance
  0:00:56.585    72M / 9G    INFO   Simplification           (parallel_processing.hpp   : 165)   Running Tip clipper
  0:00:56.586    72M / 9G    INFO   Simplification           (parallel_processing.hpp   : 167)   Tip clipper triggered 0 times
  0:00:56.586    72M / 9G    INFO   Simplification           (parallel_processing.hpp   : 165)   Running Bulge remover
  0:00:56.591    72M / 9G    INFO   Simplification           (parallel_processing.hpp   : 167)   Bulge remover triggered 0 times
  0:00:56.591    72M / 9G    INFO   Simplification           (parallel_processing.hpp   : 165)   Running Tip clipper
  0:00:56.591    72M / 9G    INFO   Simplification           (parallel_processing.hpp   : 167)   Tip clipper triggered 0 times
  0:00:56.591    72M / 9G    INFO   Simplification           (parallel_processing.hpp   : 165)   Running Bulge remover
  0:00:56.596    72M / 9G    INFO   Simplification           (parallel_processing.hpp   : 167)   Bulge remover triggered 0 times
  0:00:56.596    72M / 9G    INFO    General                 (simplification.cpp        : 330)   Disrupting self-conjugate edges
  0:00:56.597    72M / 9G    INFO   Simplification           (parallel_processing.hpp   : 165)   Running Removing isolated edges
  0:00:56.598    72M / 9G    INFO   Simplification           (parallel_processing.hpp   : 167)   Removing isolated edges triggered 2 times
  0:00:56.598    72M / 9G    INFO    General                 (simplification.cpp        : 470)   Counting average coverage
  0:00:56.598    72M / 9G    INFO    General                 (simplification.cpp        : 476)   Average coverage = 156.778
  0:00:56.598    72M / 9G    INFO   StageManager             (stage.cpp                 : 132)   STAGE == Contig Output
  0:00:56.609    72M / 9G    INFO    General                 (contig_output.hpp         :  22)   Outputting contigs to /data/djs217/PROJECTS/42_Xanthomonas/xanthomonas-euvesicatoria-serbia/01-genome-de-novo-assembly/SRR24958750_plasmid_assembly//K21/simplified_contigs.fasta
  0:00:56.662    72M / 9G    INFO    General                 (launch.hpp                : 151)   SPAdes finished
  0:00:56.686    68M / 9G    INFO    General                 (main.cpp                  : 109)   Assembling time: 0 hours 0 minutes 56 seconds
Max read length detected as 151
Default k-mer sizes were set to [21, 33, 55, 77] because estimated read length (151) is equal to or greater than 150

== Running assembler: K33

  0:00:00.000     4M / 4M    INFO    General                 (main.cpp                  :  74)   Loaded config from /data/djs217/PROJECTS/42_Xanthomonas/xanthomonas-euvesicatoria-serbia/01-genome-de-novo-assembly/SRR24958750_plasmid_assembly/K33/configs/config.info
  0:00:00.000     4M / 4M    INFO    General                 (main.cpp                  :  74)   Loaded config from /data/djs217/PROJECTS/42_Xanthomonas/xanthomonas-euvesicatoria-serbia/01-genome-de-novo-assembly/SRR24958750_plasmid_assembly/K33/configs/plasmid_mode.info
  0:00:00.000     4M / 4M    INFO    General                 (memory_limit.cpp          :  49)   Memory limit set to 62 Gb
  0:00:00.000     4M / 4M    INFO    General                 (main.cpp                  :  84)   Starting SPAdes, built from N/A, git revision N/A
  0:00:00.000     4M / 4M    INFO    General                 (main.cpp                  :  88)   Maximum k-mer length: 128
  0:00:00.000     4M / 4M    INFO    General                 (main.cpp                  :  89)   Assembling dataset (/data/djs217/PROJECTS/42_Xanthomonas/xanthomonas-euvesicatoria-serbia/01-genome-de-novo-assembly/SRR24958750_plasmid_assembly/dataset.info) with K=33
  0:00:00.000     4M / 4M    INFO    General                 (main.cpp                  :  90)   Maximum # of threads to use (adjusted due to OMP capabilities): 16
  0:00:00.000     4M / 4M    INFO    General                 (launch.hpp                :  52)   SPAdes started
  0:00:00.000     4M / 4M    INFO    General                 (launch.hpp                :  59)   Starting from stage: construction
  0:00:00.000     4M / 4M    INFO    General                 (launch.hpp                :  66)   Two-step RR enabled: 0
  0:00:00.000     4M / 4M    INFO   StageManager             (stage.cpp                 : 132)   STAGE == de Bruijn graph construction
  0:00:00.001     4M / 4M    INFO    General                 (read_converter.hpp        :  59)   Binary reads detected
  0:00:00.002     4M / 4M    INFO    General                 (construction.cpp          : 111)   Max read length 151
  0:00:00.002     4M / 4M    INFO    General                 (construction.cpp          : 117)   Average read length 149.572
  0:00:00.002     4M / 4M    INFO    General                 (stage.cpp                 : 101)   PROCEDURE == k+1-mer counting
  0:00:00.002     4M / 4M    INFO    General                 (kmer_index_builder.hpp    : 117)   Splitting kmer instances into 256 files using 16 threads. This might take a while.
  0:00:00.002     4M / 4M    INFO    General                 (file_limit.hpp            :  32)   Open file limit set to 1024
  0:00:00.002     4M / 4M    INFO    General                 (kmer_splitters.hpp        :  89)   Memory available for splitting buffers: 1.29159 Gb
  0:00:00.002     4M / 4M    INFO    General                 (kmer_splitters.hpp        :  97)   Using cell size of 131072
  0:00:06.625     8G / 9G    INFO    General                 (kmer_splitters.hpp        : 289)   Processed 9023839 reads
  0:00:08.909     8G / 9G    INFO    General                 (kmer_splitters.hpp        : 289)   Processed 12396538 reads
  0:00:08.909     8G / 9G    INFO    General                 (kmer_splitters.hpp        : 295)   Adding contigs from previous K
  0:00:09.974    64M / 9G    INFO    General                 (kmer_splitters.hpp        : 308)   Used 12396538 reads
  0:00:09.974    64M / 9G    INFO    General                 (kmer_index_builder.hpp    : 120)   Starting k-mer counting.
  0:00:10.115    64M / 9G    INFO    General                 (kmer_index_builder.hpp    : 127)   K-mer counting done. There are 8279001 kmers in total.
  0:00:10.115    64M / 9G    INFO    General                 (kmer_index_builder.hpp    : 133)   Merging temporary buckets.
  0:00:10.209    64M / 9G    INFO    General                 (stage.cpp                 : 101)   PROCEDURE == Extension index construction
  0:00:10.209    64M / 9G    INFO   K-mer Index Building     (kmer_index_builder.hpp    : 301)   Building kmer index
  0:00:10.209    64M / 9G    INFO    General                 (kmer_index_builder.hpp    : 117)   Splitting kmer instances into 256 files using 16 threads. This might take a while.
  0:00:10.209    64M / 9G    INFO    General                 (file_limit.hpp            :  32)   Open file limit set to 1024
  0:00:10.209    64M / 9G    INFO    General                 (kmer_splitters.hpp        :  89)   Memory available for splitting buffers: 1.29036 Gb
  0:00:10.209    64M / 9G    INFO    General                 (kmer_splitters.hpp        :  97)   Using cell size of 131072
  0:00:10.654     8G / 9G    INFO    General                 (kmer_splitters.hpp        : 380)   Processed 8279001 kmers
  0:00:10.654     8G / 9G    INFO    General                 (kmer_splitters.hpp        : 385)   Used 8279001 kmers.
  0:00:10.760    64M / 9G    INFO    General                 (kmer_index_builder.hpp    : 120)   Starting k-mer counting.
  0:00:10.883    64M / 9G    INFO    General                 (kmer_index_builder.hpp    : 127)   K-mer counting done. There are 8229386 kmers in total.
  0:00:10.884    64M / 9G    INFO    General                 (kmer_index_builder.hpp    : 133)   Merging temporary buckets.
  0:00:10.975    64M / 9G    INFO   K-mer Index Building     (kmer_index_builder.hpp    : 314)   Building perfect hash indices
  0:00:11.163    64M / 9G    INFO    General                 (kmer_index_builder.hpp    : 150)   Merging final buckets.
  0:00:11.702    64M / 9G    INFO   K-mer Index Building     (kmer_index_builder.hpp    : 336)   Index built. Total 3824352 bytes occupied (3.71775 bits per kmer).
  0:00:11.713    72M / 9G    INFO   DeBruijnExtensionIndexBu (kmer_extension_index_build:  99)   Building k-mer extensions from k+1-mers
  0:00:12.007    72M / 9G    INFO   DeBruijnExtensionIndexBu (kmer_extension_index_build: 103)   Building k-mer extensions from k+1-mers finished.
  0:00:12.008    72M / 9G    INFO    General                 (stage.cpp                 : 101)   PROCEDURE == Early tip clipping
  0:00:12.008    72M / 9G    INFO    General                 (construction.cpp          : 253)   Early tip clipper length bound set as (RL - K)
  0:00:12.008    72M / 9G    INFO   Early tip clipping       (early_simplification.hpp  : 181)   Early tip clipping
  0:00:12.475    72M / 9G    INFO   Early tip clipping       (early_simplification.hpp  : 184)   1511483 34-mers were removed by early tip clipper
  0:00:12.476    72M / 9G    INFO    General                 (stage.cpp                 : 101)   PROCEDURE == Condensing graph
  0:00:12.500    72M / 9G    INFO   UnbranchingPathExtractor (debruijn_graph_constructor: 355)   Extracting unbranching paths
  0:00:12.751    80M / 9G    INFO   UnbranchingPathExtractor (debruijn_graph_constructor: 374)   Extracting unbranching paths finished. 153615 sequences extracted
  0:00:12.882    80M / 9G    INFO   UnbranchingPathExtractor (debruijn_graph_constructor: 310)   Collecting perfect loops
  0:00:12.940    80M / 9G    INFO   UnbranchingPathExtractor (debruijn_graph_constructor: 343)   Collecting perfect loops finished. 1 loops collected
  0:00:12.990    80M / 9G    INFO    General                 (stage.cpp                 : 101)   PROCEDURE == Filling coverage indices (PHM)
  0:00:12.990    80M / 9G    INFO   K-mer Index Building     (kmer_index_builder.hpp    : 301)   Building kmer index
  0:00:12.990    80M / 9G    INFO   K-mer Index Building     (kmer_index_builder.hpp    : 314)   Building perfect hash indices
  0:00:13.161    80M / 9G    INFO   K-mer Index Building     (kmer_index_builder.hpp    : 336)   Index built. Total 3847392 bytes occupied (3.71774 bits per kmer).
  0:00:13.194   112M / 9G    INFO    General                 (construction.cpp          : 388)   Collecting k-mer coverage information from reads, this takes a while.
  0:00:22.039   112M / 9G    INFO    General                 (construction.cpp          : 508)   Filling coverage and flanking coverage from PHM
  0:00:22.201   112M / 9G    INFO    General                 (construction.cpp          : 464)   Processed 307220 edges
  0:00:22.232    72M / 9G    INFO   StageManager             (stage.cpp                 : 132)   STAGE == EC Threshold Finding
  0:00:22.232    72M / 9G    INFO    General                 (kmer_coverage_model.cpp   : 181)   Kmer coverage valley at: 28
  0:00:22.233    72M / 9G    INFO    General                 (kmer_coverage_model.cpp   : 201)   K-mer histogram maximum: 133
  0:00:22.233    72M / 9G    INFO    General                 (kmer_coverage_model.cpp   : 237)   Estimated median coverage: 134. Coverage mad: 28.1694
  0:00:22.233    72M / 9G    INFO    General                 (kmer_coverage_model.cpp   : 259)   Fitting coverage model
  0:00:22.427    72M / 9G    INFO    General                 (kmer_coverage_model.cpp   : 295)   ... iteration 2
  0:00:22.976    72M / 9G    INFO    General                 (kmer_coverage_model.cpp   : 295)   ... iteration 4
  0:00:24.739    72M / 9G    INFO    General                 (kmer_coverage_model.cpp   : 295)   ... iteration 8
  0:00:26.681    72M / 9G    INFO    General                 (kmer_coverage_model.cpp   : 309)   Fitted mean coverage: 135.286. Fitted coverage std. dev: 25.543
  0:00:26.686    72M / 9G    INFO    General                 (kmer_coverage_model.cpp   : 334)   Probability of erroneous kmer at valley: 0.998488
  0:00:26.686    72M / 9G    INFO    General                 (kmer_coverage_model.cpp   : 358)   Preliminary threshold calculated as: 75
  0:00:26.686    72M / 9G    INFO    General                 (kmer_coverage_model.cpp   : 362)   Threshold adjusted to: 75
  0:00:26.686    72M / 9G    INFO    General                 (kmer_coverage_model.cpp   : 375)   Estimated genome size (ignoring repeats): 5076319
  0:00:26.686    72M / 9G    INFO    General                 (genomic_info_filler.cpp   : 112)   Mean coverage was calculated as 135.286
  0:00:26.686    72M / 9G    INFO    General                 (genomic_info_filler.cpp   : 127)   EC coverage threshold value was calculated as 75
  0:00:26.686    72M / 9G    INFO    General                 (genomic_info_filler.cpp   : 128)   Trusted kmer low bound: 0
  0:00:26.686    72M / 9G    INFO   StageManager             (stage.cpp                 : 132)   STAGE == Raw Simplification
  0:00:26.686    72M / 9G    INFO    General                 (simplification.cpp        : 128)   PROCEDURE == InitialCleaning
  0:00:26.686    72M / 9G    INFO    General                 (graph_simplification.hpp  : 669)   Flanking coverage based disconnection disabled
  0:00:26.687    72M / 9G    INFO   Simplification           (parallel_processing.hpp   : 165)   Running Self conjugate edge remover
  0:00:26.692    72M / 9G    INFO   Simplification           (parallel_processing.hpp   : 167)   Self conjugate edge remover triggered 1 times
  0:00:26.693    72M / 9G    INFO   Simplification           (parallel_processing.hpp   : 165)   Running Initial tip clipper
  0:00:26.714    68M / 9G    INFO   Simplification           (parallel_processing.hpp   : 167)   Initial tip clipper triggered 1219 times
  0:00:26.715    68M / 9G    INFO   Simplification           (parallel_processing.hpp   : 165)   Running Initial ec remover
  0:00:27.508    76M / 9G    INFO   Simplification           (parallel_processing.hpp   : 167)   Initial ec remover triggered 46036 times
  0:00:27.509    76M / 9G    INFO   Simplification           (parallel_processing.hpp   : 165)   Running Initial isolated edge remover
  0:00:27.517    76M / 9G    INFO   Simplification           (parallel_processing.hpp   : 167)   Initial isolated edge remover triggered 940 times
  0:00:27.526    72M / 9G    INFO   StageManager             (stage.cpp                 : 132)   STAGE == Simplification
  0:00:27.526    72M / 9G    INFO    General                 (simplification.cpp        : 357)   Graph simplification started
  0:00:27.526    72M / 9G    INFO    General                 (graph_simplification.hpp  : 641)   Creating parallel br instance
  0:00:27.526    72M / 9G    INFO    General                 (simplification.cpp        : 362)   PROCEDURE == Simplification cycle, iteration 1
  0:00:27.526    72M / 9G    INFO   Simplification           (parallel_processing.hpp   : 165)   Running Tip clipper
  0:00:27.530    72M / 9G    INFO   Simplification           (parallel_processing.hpp   : 167)   Tip clipper triggered 100 times
  0:00:27.530    72M / 9G    INFO   Simplification           (parallel_processing.hpp   : 165)   Running Bulge remover
  0:00:27.613    72M / 9G    INFO   Simplification           (parallel_processing.hpp   : 167)   Bulge remover triggered 2135 times
  0:00:27.613    72M / 9G    INFO   Simplification           (parallel_processing.hpp   : 165)   Running Low coverage edge remover
  0:00:27.726    72M / 9G    INFO   Simplification           (parallel_processing.hpp   : 167)   Low coverage edge remover triggered 1825 times
  0:00:27.726    72M / 9G    INFO    General                 (simplification.cpp        : 362)   PROCEDURE == Simplification cycle, iteration 2
  0:00:27.726    72M / 9G    INFO   Simplification           (parallel_processing.hpp   : 165)   Running Tip clipper
  0:00:27.728    72M / 9G    INFO   Simplification           (parallel_processing.hpp   : 167)   Tip clipper triggered 19 times
  0:00:27.728    72M / 9G    INFO   Simplification           (parallel_processing.hpp   : 165)   Running Bulge remover
  0:00:27.738    72M / 9G    INFO   Simplification           (parallel_processing.hpp   : 167)   Bulge remover triggered 113 times
  0:00:27.738    72M / 9G    INFO   Simplification           (parallel_processing.hpp   : 165)   Running Low coverage edge remover
  0:00:27.741    72M / 9G    INFO   Simplification           (parallel_processing.hpp   : 167)   Low coverage edge remover triggered 65 times
  0:00:27.741    72M / 9G    INFO    General                 (simplification.cpp        : 362)   PROCEDURE == Simplification cycle, iteration 3
  0:00:27.741    72M / 9G    INFO   Simplification           (parallel_processing.hpp   : 165)   Running Tip clipper
  0:00:27.742    72M / 9G    INFO   Simplification           (parallel_processing.hpp   : 167)   Tip clipper triggered 1 times
  0:00:27.742    72M / 9G    INFO   Simplification           (parallel_processing.hpp   : 165)   Running Bulge remover
  0:00:27.743    68M / 9G    INFO   Simplification           (parallel_processing.hpp   : 167)   Bulge remover triggered 29 times
  0:00:27.743    68M / 9G    INFO   Simplification           (parallel_processing.hpp   : 165)   Running Low coverage edge remover
  0:00:27.744    68M / 9G    INFO   Simplification           (parallel_processing.hpp   : 167)   Low coverage edge remover triggered 9 times
  0:00:27.744    68M / 9G    INFO    General                 (simplification.cpp        : 362)   PROCEDURE == Simplification cycle, iteration 4
  0:00:27.744    68M / 9G    INFO   Simplification           (parallel_processing.hpp   : 165)   Running Tip clipper
  0:00:27.744    68M / 9G    INFO   Simplification           (parallel_processing.hpp   : 167)   Tip clipper triggered 0 times
  0:00:27.744    68M / 9G    INFO   Simplification           (parallel_processing.hpp   : 165)   Running Bulge remover
  0:00:27.744    68M / 9G    INFO   Simplification           (parallel_processing.hpp   : 167)   Bulge remover triggered 1 times
  0:00:27.744    68M / 9G    INFO   Simplification           (parallel_processing.hpp   : 165)   Running Low coverage edge remover
  0:00:27.744    68M / 9G    INFO   Simplification           (parallel_processing.hpp   : 167)   Low coverage edge remover triggered 1 times
  0:00:27.744    68M / 9G    INFO    General                 (simplification.cpp        : 362)   PROCEDURE == Simplification cycle, iteration 5
  0:00:27.744    68M / 9G    INFO   Simplification           (parallel_processing.hpp   : 165)   Running Tip clipper
  0:00:27.744    68M / 9G    INFO   Simplification           (parallel_processing.hpp   : 167)   Tip clipper triggered 0 times
  0:00:27.744    68M / 9G    INFO   Simplification           (parallel_processing.hpp   : 165)   Running Bulge remover
  0:00:27.744    68M / 9G    INFO   Simplification           (parallel_processing.hpp   : 167)   Bulge remover triggered 0 times
  0:00:27.744    68M / 9G    INFO   Simplification           (parallel_processing.hpp   : 165)   Running Low coverage edge remover
  0:00:27.744    68M / 9G    INFO   Simplification           (parallel_processing.hpp   : 167)   Low coverage edge remover triggered 4 times
  0:00:27.744    68M / 9G    INFO    General                 (simplification.cpp        : 362)   PROCEDURE == Simplification cycle, iteration 6
  0:00:27.744    68M / 9G    INFO   Simplification           (parallel_processing.hpp   : 165)   Running Tip clipper
  0:00:27.744    68M / 9G    INFO   Simplification           (parallel_processing.hpp   : 167)   Tip clipper triggered 0 times
  0:00:27.744    68M / 9G    INFO   Simplification           (parallel_processing.hpp   : 165)   Running Bulge remover
  0:00:27.744    68M / 9G    INFO   Simplification           (parallel_processing.hpp   : 167)   Bulge remover triggered 0 times
  0:00:27.744    68M / 9G    INFO   Simplification           (parallel_processing.hpp   : 165)   Running Low coverage edge remover
  0:00:27.745    68M / 9G    INFO   Simplification           (parallel_processing.hpp   : 167)   Low coverage edge remover triggered 3 times
  0:00:27.746    68M / 9G    INFO    General                 (simplification.cpp        : 362)   PROCEDURE == Simplification cycle, iteration 7
  0:00:27.746    68M / 9G    INFO   Simplification           (parallel_processing.hpp   : 165)   Running Tip clipper
  0:00:27.746    68M / 9G    INFO   Simplification           (parallel_processing.hpp   : 167)   Tip clipper triggered 0 times
  0:00:27.746    68M / 9G    INFO   Simplification           (parallel_processing.hpp   : 165)   Running Bulge remover
  0:00:27.746    68M / 9G    INFO   Simplification           (parallel_processing.hpp   : 167)   Bulge remover triggered 0 times
  0:00:27.746    68M / 9G    INFO   Simplification           (parallel_processing.hpp   : 165)   Running Low coverage edge remover
  0:00:27.746    68M / 9G    INFO   Simplification           (parallel_processing.hpp   : 167)   Low coverage edge remover triggered 2 times
  0:00:27.746    68M / 9G    INFO    General                 (simplification.cpp        : 362)   PROCEDURE == Simplification cycle, iteration 8
  0:00:27.746    68M / 9G    INFO   Simplification           (parallel_processing.hpp   : 165)   Running Tip clipper
  0:00:27.746    68M / 9G    INFO   Simplification           (parallel_processing.hpp   : 167)   Tip clipper triggered 0 times
  0:00:27.746    68M / 9G    INFO   Simplification           (parallel_processing.hpp   : 165)   Running Bulge remover
  0:00:27.746    68M / 9G    INFO   Simplification           (parallel_processing.hpp   : 167)   Bulge remover triggered 1 times
  0:00:27.746    68M / 9G    INFO   Simplification           (parallel_processing.hpp   : 165)   Running Low coverage edge remover
  0:00:27.747    68M / 9G    INFO   Simplification           (parallel_processing.hpp   : 167)   Low coverage edge remover triggered 5 times
  0:00:27.747    68M / 9G    INFO    General                 (simplification.cpp        : 362)   PROCEDURE == Simplification cycle, iteration 9
  0:00:27.747    68M / 9G    INFO   Simplification           (parallel_processing.hpp   : 165)   Running Tip clipper
  0:00:27.747    68M / 9G    INFO   Simplification           (parallel_processing.hpp   : 167)   Tip clipper triggered 0 times
  0:00:27.747    68M / 9G    INFO   Simplification           (parallel_processing.hpp   : 165)   Running Bulge remover
  0:00:27.747    68M / 9G    INFO   Simplification           (parallel_processing.hpp   : 167)   Bulge remover triggered 0 times
  0:00:27.747    68M / 9G    INFO   Simplification           (parallel_processing.hpp   : 165)   Running Low coverage edge remover
  0:00:27.748    68M / 9G    INFO   Simplification           (parallel_processing.hpp   : 167)   Low coverage edge remover triggered 4 times
  0:00:27.748    68M / 9G    INFO    General                 (simplification.cpp        : 362)   PROCEDURE == Simplification cycle, iteration 10
  0:00:27.748    68M / 9G    INFO   Simplification           (parallel_processing.hpp   : 165)   Running Tip clipper
  0:00:27.748    68M / 9G    INFO   Simplification           (parallel_processing.hpp   : 167)   Tip clipper triggered 0 times
  0:00:27.748    68M / 9G    INFO   Simplification           (parallel_processing.hpp   : 165)   Running Bulge remover
  0:00:27.748    68M / 9G    INFO   Simplification           (parallel_processing.hpp   : 167)   Bulge remover triggered 0 times
  0:00:27.748    68M / 9G    INFO   Simplification           (parallel_processing.hpp   : 165)   Running Low coverage edge remover
  0:00:27.749    68M / 9G    INFO   Simplification           (parallel_processing.hpp   : 167)   Low coverage edge remover triggered 5 times
  0:00:27.749    68M / 9G    INFO    General                 (simplification.cpp        : 362)   PROCEDURE == Simplification cycle, iteration 11
  0:00:27.749    68M / 9G    INFO   Simplification           (parallel_processing.hpp   : 165)   Running Tip clipper
  0:00:27.749    68M / 9G    INFO   Simplification           (parallel_processing.hpp   : 167)   Tip clipper triggered 0 times
  0:00:27.749    68M / 9G    INFO   Simplification           (parallel_processing.hpp   : 165)   Running Bulge remover
  0:00:27.751    68M / 9G    INFO   Simplification           (parallel_processing.hpp   : 167)   Bulge remover triggered 1 times
  0:00:27.751    68M / 9G    INFO   Simplification           (parallel_processing.hpp   : 165)   Running Low coverage edge remover
  0:00:27.751    68M / 9G    INFO   Simplification           (parallel_processing.hpp   : 167)   Low coverage edge remover triggered 0 times
  0:00:27.752    68M / 9G    INFO    General                 (simplification.cpp        : 362)   PROCEDURE == Simplification cycle, iteration 12
  0:00:27.752    68M / 9G    INFO   Simplification           (parallel_processing.hpp   : 165)   Running Tip clipper
  0:00:27.752    68M / 9G    INFO   Simplification           (parallel_processing.hpp   : 167)   Tip clipper triggered 0 times
  0:00:27.752    68M / 9G    INFO   Simplification           (parallel_processing.hpp   : 165)   Running Bulge remover
  0:00:27.752    68M / 9G    INFO   Simplification           (parallel_processing.hpp   : 167)   Bulge remover triggered 0 times
  0:00:27.752    68M / 9G    INFO   Simplification           (parallel_processing.hpp   : 165)   Running Low coverage edge remover
  0:00:27.752    68M / 9G    INFO   Simplification           (parallel_processing.hpp   : 167)   Low coverage edge remover triggered 0 times
  0:00:27.752    68M / 9G    INFO   StageManager             (stage.cpp                 : 132)   STAGE == Simplification Cleanup
  0:00:27.752    68M / 9G    INFO    General                 (simplification.cpp        : 196)   PROCEDURE == Post simplification
  0:00:27.752    68M / 9G    INFO    General                 (graph_simplification.hpp  : 458)   Disconnection of relatively low covered edges disabled
  0:00:27.752    68M / 9G    INFO    General                 (graph_simplification.hpp  : 494)   Complex tip clipping disabled
  0:00:27.752    68M / 9G    INFO    General                 (graph_simplification.hpp  : 641)   Creating parallel br instance
  0:00:27.752    68M / 9G    INFO   Simplification           (parallel_processing.hpp   : 165)   Running Tip clipper
  0:00:27.752    68M / 9G    INFO   Simplification           (parallel_processing.hpp   : 167)   Tip clipper triggered 0 times
  0:00:27.752    68M / 9G    INFO   Simplification           (parallel_processing.hpp   : 165)   Running Bulge remover
  0:00:27.757    68M / 9G    INFO   Simplification           (parallel_processing.hpp   : 167)   Bulge remover triggered 0 times
  0:00:27.757    68M / 9G    INFO   Simplification           (parallel_processing.hpp   : 165)   Running Tip clipper
  0:00:27.757    68M / 9G    INFO   Simplification           (parallel_processing.hpp   : 167)   Tip clipper triggered 0 times
  0:00:27.757    68M / 9G    INFO   Simplification           (parallel_processing.hpp   : 165)   Running Bulge remover
  0:00:27.757    68M / 9G    INFO   Simplification           (parallel_processing.hpp   : 167)   Bulge remover triggered 0 times
  0:00:27.757    68M / 9G    INFO    General                 (simplification.cpp        : 330)   Disrupting self-conjugate edges
  0:00:27.759    68M / 9G    INFO   Simplification           (parallel_processing.hpp   : 165)   Running Removing isolated edges
  0:00:27.759    68M / 9G    INFO   Simplification           (parallel_processing.hpp   : 167)   Removing isolated edges triggered 1 times
  0:00:27.759    68M / 9G    INFO    General                 (simplification.cpp        : 470)   Counting average coverage
  0:00:27.759    68M / 9G    INFO    General                 (simplification.cpp        : 476)   Average coverage = 141.179
  0:00:27.759    68M / 9G    INFO   StageManager             (stage.cpp                 : 132)   STAGE == Contig Output
  0:00:27.759    68M / 9G    INFO    General                 (contig_output.hpp         :  22)   Outputting contigs to /data/djs217/PROJECTS/42_Xanthomonas/xanthomonas-euvesicatoria-serbia/01-genome-de-novo-assembly/SRR24958750_plasmid_assembly//K33/simplified_contigs.fasta
  0:00:27.802    68M / 9G    INFO    General                 (launch.hpp                : 151)   SPAdes finished
  0:00:27.809    68M / 9G    INFO    General                 (main.cpp                  : 109)   Assembling time: 0 hours 0 minutes 27 seconds

== Running assembler: K55

  0:00:00.000     4M / 4M    INFO    General                 (main.cpp                  :  74)   Loaded config from /data/djs217/PROJECTS/42_Xanthomonas/xanthomonas-euvesicatoria-serbia/01-genome-de-novo-assembly/SRR24958750_plasmid_assembly/K55/configs/config.info
  0:00:00.000     4M / 4M    INFO    General                 (main.cpp                  :  74)   Loaded config from /data/djs217/PROJECTS/42_Xanthomonas/xanthomonas-euvesicatoria-serbia/01-genome-de-novo-assembly/SRR24958750_plasmid_assembly/K55/configs/plasmid_mode.info
  0:00:00.000     4M / 4M    INFO    General                 (memory_limit.cpp          :  49)   Memory limit set to 62 Gb
  0:00:00.000     4M / 4M    INFO    General                 (main.cpp                  :  84)   Starting SPAdes, built from N/A, git revision N/A
  0:00:00.000     4M / 4M    INFO    General                 (main.cpp                  :  88)   Maximum k-mer length: 128
  0:00:00.000     4M / 4M    INFO    General                 (main.cpp                  :  89)   Assembling dataset (/data/djs217/PROJECTS/42_Xanthomonas/xanthomonas-euvesicatoria-serbia/01-genome-de-novo-assembly/SRR24958750_plasmid_assembly/dataset.info) with K=55
  0:00:00.000     4M / 4M    INFO    General                 (main.cpp                  :  90)   Maximum # of threads to use (adjusted due to OMP capabilities): 16
  0:00:00.000     4M / 4M    INFO    General                 (launch.hpp                :  52)   SPAdes started
  0:00:00.000     4M / 4M    INFO    General                 (launch.hpp                :  59)   Starting from stage: construction
  0:00:00.000     4M / 4M    INFO    General                 (launch.hpp                :  66)   Two-step RR enabled: 0
  0:00:00.000     4M / 4M    INFO    General                 (launch.hpp                :  77)   Will need read mapping, kmer mapper will be attached
  0:00:00.000     4M / 4M    INFO   StageManager             (stage.cpp                 : 132)   STAGE == de Bruijn graph construction
  0:00:00.001     4M / 4M    INFO    General                 (read_converter.hpp        :  59)   Binary reads detected
  0:00:00.002     4M / 4M    INFO    General                 (construction.cpp          : 111)   Max read length 151
  0:00:00.002     4M / 4M    INFO    General                 (construction.cpp          : 117)   Average read length 149.572
  0:00:00.002     4M / 4M    INFO    General                 (stage.cpp                 : 101)   PROCEDURE == k+1-mer counting
  0:00:00.002     4M / 4M    INFO    General                 (kmer_index_builder.hpp    : 117)   Splitting kmer instances into 256 files using 16 threads. This might take a while.
  0:00:00.002     4M / 4M    INFO    General                 (file_limit.hpp            :  32)   Open file limit set to 1024
  0:00:00.002     4M / 4M    INFO    General                 (kmer_splitters.hpp        :  89)   Memory available for splitting buffers: 1.29159 Gb
  0:00:00.002     4M / 4M    INFO    General                 (kmer_splitters.hpp        :  97)   Using cell size of 131072
  0:00:06.844     8G / 9G    INFO    General                 (kmer_splitters.hpp        : 289)   Processed 11079557 reads
  0:00:07.588     8G / 9G    INFO    General                 (kmer_splitters.hpp        : 289)   Processed 12396538 reads
  0:00:07.588     8G / 9G    INFO    General                 (kmer_splitters.hpp        : 295)   Adding contigs from previous K
  0:00:08.777    64M / 9G    INFO    General                 (kmer_splitters.hpp        : 308)   Used 12396538 reads
  0:00:08.777    64M / 9G    INFO    General                 (kmer_index_builder.hpp    : 120)   Starting k-mer counting.
  0:00:08.928    64M / 9G    INFO    General                 (kmer_index_builder.hpp    : 127)   K-mer counting done. There are 9028978 kmers in total.
  0:00:08.929    64M / 9G    INFO    General                 (kmer_index_builder.hpp    : 133)   Merging temporary buckets.
  0:00:09.032    64M / 9G    INFO    General                 (stage.cpp                 : 101)   PROCEDURE == Extension index construction
  0:00:09.032    64M / 9G    INFO   K-mer Index Building     (kmer_index_builder.hpp    : 301)   Building kmer index
  0:00:09.032    64M / 9G    INFO    General                 (kmer_index_builder.hpp    : 117)   Splitting kmer instances into 256 files using 16 threads. This might take a while.
  0:00:09.032    64M / 9G    INFO    General                 (file_limit.hpp            :  32)   Open file limit set to 1024
  0:00:09.032    64M / 9G    INFO    General                 (kmer_splitters.hpp        :  89)   Memory available for splitting buffers: 1.29036 Gb
  0:00:09.032    64M / 9G    INFO    General                 (kmer_splitters.hpp        :  97)   Using cell size of 131072
  0:00:09.516     8G / 9G    INFO    General                 (kmer_splitters.hpp        : 380)   Processed 9028978 kmers
  0:00:09.516     8G / 9G    INFO    General                 (kmer_splitters.hpp        : 385)   Used 9028978 kmers.
  0:00:09.622    64M / 9G    INFO    General                 (kmer_index_builder.hpp    : 120)   Starting k-mer counting.
  0:00:09.747    64M / 9G    INFO    General                 (kmer_index_builder.hpp    : 127)   K-mer counting done. There are 9007617 kmers in total.
  0:00:09.747    64M / 9G    INFO    General                 (kmer_index_builder.hpp    : 133)   Merging temporary buckets.
  0:00:09.850    64M / 9G    INFO   K-mer Index Building     (kmer_index_builder.hpp    : 314)   Building perfect hash indices
  0:00:10.063    64M / 9G    INFO    General                 (kmer_index_builder.hpp    : 150)   Merging final buckets.
  0:00:10.590    64M / 9G    INFO   K-mer Index Building     (kmer_index_builder.hpp    : 336)   Index built. Total 4185016 bytes occupied (3.71687 bits per kmer).
  0:00:10.599    76M / 9G    INFO   DeBruijnExtensionIndexBu (kmer_extension_index_build:  99)   Building k-mer extensions from k+1-mers
  0:00:10.921    76M / 9G    INFO   DeBruijnExtensionIndexBu (kmer_extension_index_build: 103)   Building k-mer extensions from k+1-mers finished.
  0:00:10.922    76M / 9G    INFO    General                 (stage.cpp                 : 101)   PROCEDURE == Condensing graph
  0:00:10.971    76M / 9G    INFO   UnbranchingPathExtractor (debruijn_graph_constructor: 355)   Extracting unbranching paths
  0:00:11.272    88M / 9G    INFO   UnbranchingPathExtractor (debruijn_graph_constructor: 374)   Extracting unbranching paths finished. 270683 sequences extracted
  0:00:11.434    88M / 9G    INFO   UnbranchingPathExtractor (debruijn_graph_constructor: 310)   Collecting perfect loops
  0:00:11.501    88M / 9G    INFO   UnbranchingPathExtractor (debruijn_graph_constructor: 343)   Collecting perfect loops finished. 0 loops collected
  0:00:11.593   152M / 9G    INFO    General                 (stage.cpp                 : 101)   PROCEDURE == Filling coverage indices (PHM)
  0:00:11.593   152M / 9G    INFO   K-mer Index Building     (kmer_index_builder.hpp    : 301)   Building kmer index
  0:00:11.593   152M / 9G    INFO   K-mer Index Building     (kmer_index_builder.hpp    : 314)   Building perfect hash indices
  0:00:11.764   152M / 9G    INFO   K-mer Index Building     (kmer_index_builder.hpp    : 336)   Index built. Total 4194960 bytes occupied (3.71689 bits per kmer).
  0:00:11.784   188M / 9G    INFO    General                 (construction.cpp          : 388)   Collecting k-mer coverage information from reads, this takes a while.
  0:00:19.202   188M / 9G    INFO    General                 (construction.cpp          : 508)   Filling coverage and flanking coverage from PHM
  0:00:19.414   188M / 9G    INFO    General                 (construction.cpp          : 464)   Processed 541365 edges
  0:00:19.448   140M / 9G    INFO   StageManager             (stage.cpp                 : 132)   STAGE == EC Threshold Finding
  0:00:19.449   140M / 9G    INFO    General                 (kmer_coverage_model.cpp   : 181)   Kmer coverage valley at: 21
  0:00:19.449   140M / 9G    INFO    General                 (kmer_coverage_model.cpp   : 201)   K-mer histogram maximum: 105
  0:00:19.449   140M / 9G    INFO    General                 (kmer_coverage_model.cpp   : 237)   Estimated median coverage: 108. Coverage mad: 23.7216
  0:00:19.449   140M / 9G    INFO    General                 (kmer_coverage_model.cpp   : 259)   Fitting coverage model
  0:00:19.573   140M / 9G    INFO    General                 (kmer_coverage_model.cpp   : 295)   ... iteration 2
  0:00:19.968   140M / 9G    INFO    General                 (kmer_coverage_model.cpp   : 295)   ... iteration 4
  0:00:21.442   140M / 9G    INFO    General                 (kmer_coverage_model.cpp   : 295)   ... iteration 8
  0:00:22.647   140M / 9G    INFO    General                 (kmer_coverage_model.cpp   : 309)   Fitted mean coverage: 109.286. Fitted coverage std. dev: 21.4366
  0:00:22.651   140M / 9G    INFO    General                 (kmer_coverage_model.cpp   : 334)   Probability of erroneous kmer at valley: 0.848121
  0:00:22.651   140M / 9G    INFO    General                 (kmer_coverage_model.cpp   : 358)   Preliminary threshold calculated as: 36
  0:00:22.651   140M / 9G    INFO    General                 (kmer_coverage_model.cpp   : 362)   Threshold adjusted to: 36
  0:00:22.651   140M / 9G    INFO    General                 (kmer_coverage_model.cpp   : 375)   Estimated genome size (ignoring repeats): 5104643
  0:00:22.651   140M / 9G    INFO    General                 (genomic_info_filler.cpp   : 112)   Mean coverage was calculated as 109.286
  0:00:22.651   140M / 9G    INFO    General                 (genomic_info_filler.cpp   : 127)   EC coverage threshold value was calculated as 36
  0:00:22.652   140M / 9G    INFO    General                 (genomic_info_filler.cpp   : 128)   Trusted kmer low bound: 0
  0:00:22.652   140M / 9G    INFO   StageManager             (stage.cpp                 : 132)   STAGE == Gap Closer
  0:00:22.652   140M / 9G    INFO    General                 (graph_pack.hpp            : 101)   Index refill
  0:00:22.652   140M / 9G    INFO   K-mer Index Building     (kmer_index_builder.hpp    : 301)   Building kmer index
  0:00:22.652   140M / 9G    INFO    General                 (kmer_index_builder.hpp    : 117)   Splitting kmer instances into 256 files using 16 threads. This might take a while.
  0:00:22.652   140M / 9G    INFO    General                 (file_limit.hpp            :  32)   Open file limit set to 1024
  0:00:22.652   140M / 9G    INFO    General                 (kmer_splitters.hpp        :  89)   Memory available for splitting buffers: 1.28882 Gb
  0:00:22.652   140M / 9G    INFO    General                 (kmer_splitters.hpp        :  97)   Using cell size of 131072
  0:00:22.856     8G / 9G    INFO    General                 (edge_index_builders.hpp   :  77)   Processed 541365 edges
  0:00:22.856     8G / 9G    INFO    General                 (edge_index_builders.hpp   :  82)   Used 541365 sequences.
  0:00:22.939   136M / 9G    INFO    General                 (kmer_index_builder.hpp    : 120)   Starting k-mer counting.
  0:00:23.053   136M / 9G    INFO    General                 (kmer_index_builder.hpp    : 127)   K-mer counting done. There are 9028978 kmers in total.
  0:00:23.053   136M / 9G    INFO    General                 (kmer_index_builder.hpp    : 133)   Merging temporary buckets.
  0:00:23.157   136M / 9G    INFO   K-mer Index Building     (kmer_index_builder.hpp    : 314)   Building perfect hash indices
  0:00:23.367   140M / 9G    INFO    General                 (kmer_index_builder.hpp    : 150)   Merging final buckets.
  0:00:23.957   140M / 9G    INFO   K-mer Index Building     (kmer_index_builder.hpp    : 336)   Index built. Total 4194960 bytes occupied (3.71689 bits per kmer).
  0:00:24.115   348M / 9G    INFO    General                 (edge_index_builders.hpp   : 107)   Collecting edge information from graph, this takes a while.
  0:00:24.372   348M / 9G    INFO    General                 (edge_index.hpp            :  92)   Index refilled
  0:00:24.373   348M / 9G    INFO    General                 (gap_closer.cpp            : 159)   Preparing shift maps
  0:00:24.590   364M / 9G    INFO    General                 (gap_closer.cpp            : 119)   Processing paired reads (takes a while)
  0:00:26.669   364M / 9G    INFO    General                 (gap_closer.cpp            : 138)   Used 3095760 paired reads
  0:00:26.669   364M / 9G    INFO    General                 (gap_closer.cpp            : 140)   Merging paired indices
  0:00:26.726   348M / 9G    INFO   GapCloser                (gap_closer.cpp            : 346)   Closing short gaps
  0:00:27.220   348M / 9G    INFO   GapCloser                (gap_closer.cpp            : 378)   Closing short gaps complete: filled 93 gaps after checking 147 candidates
  0:00:27.248   348M / 9G    INFO   StageManager             (stage.cpp                 : 132)   STAGE == Raw Simplification
  0:00:27.260   140M / 9G    INFO    General                 (simplification.cpp        : 128)   PROCEDURE == InitialCleaning
  0:00:27.260   140M / 9G    INFO    General                 (graph_simplification.hpp  : 669)   Flanking coverage based disconnection disabled
  0:00:27.260   140M / 9G    INFO   Simplification           (parallel_processing.hpp   : 165)   Running Self conjugate edge remover
  0:00:27.276   140M / 9G    INFO   Simplification           (parallel_processing.hpp   : 167)   Self conjugate edge remover triggered 0 times
  0:00:27.276   140M / 9G    INFO   Simplification           (parallel_processing.hpp   : 165)   Running Initial tip clipper
  0:00:28.870   144M / 9G    INFO   Simplification           (parallel_processing.hpp   : 167)   Initial tip clipper triggered 99023 times
  0:00:28.870   144M / 9G    INFO   Simplification           (parallel_processing.hpp   : 165)   Running Initial ec remover
  0:00:29.689   112M / 9G    INFO   Simplification           (parallel_processing.hpp   : 167)   Initial ec remover triggered 21935 times
  0:00:29.690   112M / 9G    INFO   Simplification           (parallel_processing.hpp   : 165)   Running Initial isolated edge remover
  0:00:29.726    84M / 9G    INFO   Simplification           (parallel_processing.hpp   : 167)   Initial isolated edge remover triggered 2667 times
  0:00:29.732    80M / 9G    INFO   StageManager             (stage.cpp                 : 132)   STAGE == Simplification
  0:00:29.732    80M / 9G    INFO    General                 (simplification.cpp        : 357)   Graph simplification started
  0:00:29.732    80M / 9G    INFO    General                 (graph_simplification.hpp  : 641)   Creating parallel br instance
  0:00:29.732    80M / 9G    INFO    General                 (simplification.cpp        : 362)   PROCEDURE == Simplification cycle, iteration 1
  0:00:29.732    80M / 9G    INFO   Simplification           (parallel_processing.hpp   : 165)   Running Tip clipper
  0:00:29.745    80M / 9G    INFO   Simplification           (parallel_processing.hpp   : 167)   Tip clipper triggered 62 times
  0:00:29.745    80M / 9G    INFO   Simplification           (parallel_processing.hpp   : 165)   Running Bulge remover
  0:00:30.031    84M / 9G    INFO   Simplification           (parallel_processing.hpp   : 167)   Bulge remover triggered 1055 times
  0:00:30.031    84M / 9G    INFO   Simplification           (parallel_processing.hpp   : 165)   Running Low coverage edge remover
  0:00:30.143    80M / 9G    INFO   Simplification           (parallel_processing.hpp   : 167)   Low coverage edge remover triggered 659 times
  0:00:30.143    80M / 9G    INFO    General                 (simplification.cpp        : 362)   PROCEDURE == Simplification cycle, iteration 2
  0:00:30.143    80M / 9G    INFO   Simplification           (parallel_processing.hpp   : 165)   Running Tip clipper
  0:00:30.144    80M / 9G    INFO   Simplification           (parallel_processing.hpp   : 167)   Tip clipper triggered 6 times
  0:00:30.144    80M / 9G    INFO   Simplification           (parallel_processing.hpp   : 165)   Running Bulge remover
  0:00:30.163    80M / 9G    INFO   Simplification           (parallel_processing.hpp   : 167)   Bulge remover triggered 40 times
  0:00:30.163    80M / 9G    INFO   Simplification           (parallel_processing.hpp   : 165)   Running Low coverage edge remover
  0:00:30.208    76M / 9G    INFO   Simplification           (parallel_processing.hpp   : 167)   Low coverage edge remover triggered 197 times
  0:00:30.208    76M / 9G    INFO    General                 (simplification.cpp        : 362)   PROCEDURE == Simplification cycle, iteration 3
  0:00:30.208    76M / 9G    INFO   Simplification           (parallel_processing.hpp   : 165)   Running Tip clipper
  0:00:30.208    76M / 9G    INFO   Simplification           (parallel_processing.hpp   : 167)   Tip clipper triggered 1 times
  0:00:30.208    76M / 9G    INFO   Simplification           (parallel_processing.hpp   : 165)   Running Bulge remover
  0:00:30.244    76M / 9G    INFO   Simplification           (parallel_processing.hpp   : 167)   Bulge remover triggered 66 times
  0:00:30.244    76M / 9G    INFO   Simplification           (parallel_processing.hpp   : 165)   Running Low coverage edge remover
  0:00:30.247    76M / 9G    INFO   Simplification           (parallel_processing.hpp   : 167)   Low coverage edge remover triggered 24 times
  0:00:30.248    76M / 9G    INFO    General                 (simplification.cpp        : 362)   PROCEDURE == Simplification cycle, iteration 4
  0:00:30.248    76M / 9G    INFO   Simplification           (parallel_processing.hpp   : 165)   Running Tip clipper
  0:00:30.248    76M / 9G    INFO   Simplification           (parallel_processing.hpp   : 167)   Tip clipper triggered 0 times
  0:00:30.248    76M / 9G    INFO   Simplification           (parallel_processing.hpp   : 165)   Running Bulge remover
  0:00:30.258    76M / 9G    INFO   Simplification           (parallel_processing.hpp   : 167)   Bulge remover triggered 15 times
  0:00:30.259    76M / 9G    INFO   Simplification           (parallel_processing.hpp   : 165)   Running Low coverage edge remover
  0:00:30.262    76M / 9G    INFO   Simplification           (parallel_processing.hpp   : 167)   Low coverage edge remover triggered 6 times
  0:00:30.262    76M / 9G    INFO    General                 (simplification.cpp        : 362)   PROCEDURE == Simplification cycle, iteration 5
  0:00:30.262    76M / 9G    INFO   Simplification           (parallel_processing.hpp   : 165)   Running Tip clipper
  0:00:30.262    76M / 9G    INFO   Simplification           (parallel_processing.hpp   : 167)   Tip clipper triggered 0 times
  0:00:30.262    76M / 9G    INFO   Simplification           (parallel_processing.hpp   : 165)   Running Bulge remover
  0:00:30.262    76M / 9G    INFO   Simplification           (parallel_processing.hpp   : 167)   Bulge remover triggered 0 times
  0:00:30.262    76M / 9G    INFO   Simplification           (parallel_processing.hpp   : 165)   Running Low coverage edge remover
  0:00:30.265    76M / 9G    INFO   Simplification           (parallel_processing.hpp   : 167)   Low coverage edge remover triggered 4 times
  0:00:30.265    76M / 9G    INFO    General                 (simplification.cpp        : 362)   PROCEDURE == Simplification cycle, iteration 6
  0:00:30.265    76M / 9G    INFO   Simplification           (parallel_processing.hpp   : 165)   Running Tip clipper
  0:00:30.265    76M / 9G    INFO   Simplification           (parallel_processing.hpp   : 167)   Tip clipper triggered 0 times
  0:00:30.265    76M / 9G    INFO   Simplification           (parallel_processing.hpp   : 165)   Running Bulge remover
  0:00:30.265    76M / 9G    INFO   Simplification           (parallel_processing.hpp   : 167)   Bulge remover triggered 0 times
  0:00:30.265    76M / 9G    INFO   Simplification           (parallel_processing.hpp   : 165)   Running Low coverage edge remover
  0:00:30.265    76M / 9G    INFO   Simplification           (parallel_processing.hpp   : 167)   Low coverage edge remover triggered 0 times
  0:00:30.265    76M / 9G    INFO    General                 (simplification.cpp        : 362)   PROCEDURE == Simplification cycle, iteration 7
  0:00:30.265    76M / 9G    INFO   Simplification           (parallel_processing.hpp   : 165)   Running Tip clipper
  0:00:30.265    76M / 9G    INFO   Simplification           (parallel_processing.hpp   : 167)   Tip clipper triggered 0 times
  0:00:30.265    76M / 9G    INFO   Simplification           (parallel_processing.hpp   : 165)   Running Bulge remover
  0:00:30.265    76M / 9G    INFO   Simplification           (parallel_processing.hpp   : 167)   Bulge remover triggered 0 times
  0:00:30.265    76M / 9G    INFO   Simplification           (parallel_processing.hpp   : 165)   Running Low coverage edge remover
  0:00:30.266    76M / 9G    INFO   Simplification           (parallel_processing.hpp   : 167)   Low coverage edge remover triggered 2 times
  0:00:30.266    76M / 9G    INFO    General                 (simplification.cpp        : 362)   PROCEDURE == Simplification cycle, iteration 8
  0:00:30.266    76M / 9G    INFO   Simplification           (parallel_processing.hpp   : 165)   Running Tip clipper
  0:00:30.266    76M / 9G    INFO   Simplification           (parallel_processing.hpp   : 167)   Tip clipper triggered 0 times
  0:00:30.267    76M / 9G    INFO   Simplification           (parallel_processing.hpp   : 165)   Running Bulge remover
  0:00:30.267    76M / 9G    INFO   Simplification           (parallel_processing.hpp   : 167)   Bulge remover triggered 0 times
  0:00:30.267    76M / 9G    INFO   Simplification           (parallel_processing.hpp   : 165)   Running Low coverage edge remover
  0:00:30.267    76M / 9G    INFO   Simplification           (parallel_processing.hpp   : 167)   Low coverage edge remover triggered 1 times
  0:00:30.267    76M / 9G    INFO    General                 (simplification.cpp        : 362)   PROCEDURE == Simplification cycle, iteration 9
  0:00:30.267    76M / 9G    INFO   Simplification           (parallel_processing.hpp   : 165)   Running Tip clipper
  0:00:30.267    76M / 9G    INFO   Simplification           (parallel_processing.hpp   : 167)   Tip clipper triggered 0 times
  0:00:30.267    76M / 9G    INFO   Simplification           (parallel_processing.hpp   : 165)   Running Bulge remover
  0:00:30.267    76M / 9G    INFO   Simplification           (parallel_processing.hpp   : 167)   Bulge remover triggered 0 times
  0:00:30.267    76M / 9G    INFO   Simplification           (parallel_processing.hpp   : 165)   Running Low coverage edge remover
  0:00:30.267    76M / 9G    INFO   Simplification           (parallel_processing.hpp   : 167)   Low coverage edge remover triggered 1 times
  0:00:30.268    76M / 9G    INFO    General                 (simplification.cpp        : 362)   PROCEDURE == Simplification cycle, iteration 10
  0:00:30.268    76M / 9G    INFO   Simplification           (parallel_processing.hpp   : 165)   Running Tip clipper
  0:00:30.268    76M / 9G    INFO   Simplification           (parallel_processing.hpp   : 167)   Tip clipper triggered 0 times
  0:00:30.268    76M / 9G    INFO   Simplification           (parallel_processing.hpp   : 165)   Running Bulge remover
  0:00:30.268    76M / 9G    INFO   Simplification           (parallel_processing.hpp   : 167)   Bulge remover triggered 0 times
  0:00:30.268    76M / 9G    INFO   Simplification           (parallel_processing.hpp   : 165)   Running Low coverage edge remover
  0:00:30.269    76M / 9G    INFO   Simplification           (parallel_processing.hpp   : 167)   Low coverage edge remover triggered 1 times
  0:00:30.269    76M / 9G    INFO    General                 (simplification.cpp        : 362)   PROCEDURE == Simplification cycle, iteration 11
  0:00:30.269    76M / 9G    INFO   Simplification           (parallel_processing.hpp   : 165)   Running Tip clipper
  0:00:30.269    76M / 9G    INFO   Simplification           (parallel_processing.hpp   : 167)   Tip clipper triggered 0 times
  0:00:30.269    76M / 9G    INFO   Simplification           (parallel_processing.hpp   : 165)   Running Bulge remover
  0:00:30.269    76M / 9G    INFO   Simplification           (parallel_processing.hpp   : 167)   Bulge remover triggered 0 times
  0:00:30.270    76M / 9G    INFO   Simplification           (parallel_processing.hpp   : 165)   Running Low coverage edge remover
  0:00:30.270    76M / 9G    INFO   Simplification           (parallel_processing.hpp   : 167)   Low coverage edge remover triggered 0 times
  0:00:30.270    76M / 9G    INFO   StageManager             (stage.cpp                 : 132)   STAGE == Gap Closer
  0:00:30.270    76M / 9G    INFO    General                 (graph_pack.hpp            : 101)   Index refill
  0:00:30.270    76M / 9G    INFO   K-mer Index Building     (kmer_index_builder.hpp    : 301)   Building kmer index
  0:00:30.270    76M / 9G    INFO    General                 (kmer_index_builder.hpp    : 117)   Splitting kmer instances into 256 files using 16 threads. This might take a while.
  0:00:30.270    76M / 9G    INFO    General                 (file_limit.hpp            :  32)   Open file limit set to 1024
  0:00:30.270    76M / 9G    INFO    General                 (kmer_splitters.hpp        :  89)   Memory available for splitting buffers: 1.29012 Gb
  0:00:30.271    76M / 9G    INFO    General                 (kmer_splitters.hpp        :  97)   Using cell size of 131072
  0:00:30.496     8G / 9G    INFO    General                 (edge_index_builders.hpp   :  82)   Used 786 sequences.
  0:00:30.609    76M / 9G    INFO    General                 (kmer_index_builder.hpp    : 120)   Starting k-mer counting.
  0:00:30.857    76M / 9G    INFO    General                 (kmer_index_builder.hpp    : 127)   K-mer counting done. There are 5106190 kmers in total.
  0:00:30.858    76M / 9G    INFO    General                 (kmer_index_builder.hpp    : 133)   Merging temporary buckets.
  0:00:30.954    76M / 9G    INFO   K-mer Index Building     (kmer_index_builder.hpp    : 314)   Building perfect hash indices
  0:00:31.107    76M / 9G    INFO    General                 (kmer_index_builder.hpp    : 150)   Merging final buckets.
  0:00:31.434    76M / 9G    INFO   K-mer Index Building     (kmer_index_builder.hpp    : 336)   Index built. Total 2375856 bytes occupied (3.72232 bits per kmer).
  0:00:31.553   196M / 9G    INFO    General                 (edge_index_builders.hpp   : 107)   Collecting edge information from graph, this takes a while.
  0:00:31.910   196M / 9G    INFO    General                 (edge_index.hpp            :  92)   Index refilled
  0:00:31.911   196M / 9G    INFO    General                 (gap_closer.cpp            : 159)   Preparing shift maps
  0:00:31.911   196M / 9G    INFO    General                 (gap_closer.cpp            : 119)   Processing paired reads (takes a while)
  0:00:33.860   196M / 9G    INFO    General                 (gap_closer.cpp            : 138)   Used 3095760 paired reads
  0:00:33.860   196M / 9G    INFO    General                 (gap_closer.cpp            : 140)   Merging paired indices
  0:00:33.860   196M / 9G    INFO   GapCloser                (gap_closer.cpp            : 346)   Closing short gaps
  0:00:33.861   196M / 9G    INFO   GapCloser                (gap_closer.cpp            : 378)   Closing short gaps complete: filled 0 gaps after checking 0 candidates
  0:00:33.861   196M / 9G    INFO   StageManager             (stage.cpp                 : 132)   STAGE == Simplification Cleanup
  0:00:33.861   196M / 9G    INFO    General                 (simplification.cpp        : 196)   PROCEDURE == Post simplification
  0:00:33.861   196M / 9G    INFO    General                 (graph_simplification.hpp  : 458)   Disconnection of relatively low covered edges disabled
  0:00:33.861   196M / 9G    INFO    General                 (graph_simplification.hpp  : 494)   Complex tip clipping disabled
  0:00:33.861   196M / 9G    INFO    General                 (graph_simplification.hpp  : 641)   Creating parallel br instance
  0:00:33.861   196M / 9G    INFO   Simplification           (parallel_processing.hpp   : 165)   Running Tip clipper
  0:00:33.862   196M / 9G    INFO   Simplification           (parallel_processing.hpp   : 167)   Tip clipper triggered 0 times
  0:00:33.862   196M / 9G    INFO   Simplification           (parallel_processing.hpp   : 165)   Running Bulge remover
  0:00:33.862   196M / 9G    INFO   Simplification           (parallel_processing.hpp   : 167)   Bulge remover triggered 0 times
  0:00:33.862   196M / 9G    INFO   Simplification           (parallel_processing.hpp   : 165)   Running Tip clipper
  0:00:33.863   196M / 9G    INFO   Simplification           (parallel_processing.hpp   : 167)   Tip clipper triggered 0 times
  0:00:33.863   196M / 9G    INFO   Simplification           (parallel_processing.hpp   : 165)   Running Bulge remover
  0:00:33.863   196M / 9G    INFO   Simplification           (parallel_processing.hpp   : 167)   Bulge remover triggered 0 times
  0:00:33.863   196M / 9G    INFO    General                 (simplification.cpp        : 330)   Disrupting self-conjugate edges
  0:00:33.864   196M / 9G    INFO   Simplification           (parallel_processing.hpp   : 165)   Running Removing isolated edges
  0:00:33.864   196M / 9G    INFO   Simplification           (parallel_processing.hpp   : 167)   Removing isolated edges triggered 1 times
  0:00:33.864   196M / 9G    INFO    General                 (simplification.cpp        : 470)   Counting average coverage
  0:00:33.864   196M / 9G    INFO    General                 (simplification.cpp        : 476)   Average coverage = 114.024
  0:00:33.864   196M / 9G    INFO   StageManager             (stage.cpp                 : 132)   STAGE == Contig Output
  0:00:33.864   196M / 9G    INFO    General                 (contig_output.hpp         :  22)   Outputting contigs to /data/djs217/PROJECTS/42_Xanthomonas/xanthomonas-euvesicatoria-serbia/01-genome-de-novo-assembly/SRR24958750_plasmid_assembly//K55/simplified_contigs.fasta
  0:00:33.936   196M / 9G    INFO    General                 (launch.hpp                : 151)   SPAdes finished
  0:00:33.994    68M / 9G    INFO    General                 (main.cpp                  : 109)   Assembling time: 0 hours 0 minutes 33 seconds

== Running assembler: K77

  0:00:00.000     4M / 4M    INFO    General                 (main.cpp                  :  74)   Loaded config from /data/djs217/PROJECTS/42_Xanthomonas/xanthomonas-euvesicatoria-serbia/01-genome-de-novo-assembly/SRR24958750_plasmid_assembly/K77/configs/config.info
  0:00:00.000     4M / 4M    INFO    General                 (main.cpp                  :  74)   Loaded config from /data/djs217/PROJECTS/42_Xanthomonas/xanthomonas-euvesicatoria-serbia/01-genome-de-novo-assembly/SRR24958750_plasmid_assembly/K77/configs/plasmid_mode.info
  0:00:00.000     4M / 4M    INFO    General                 (memory_limit.cpp          :  49)   Memory limit set to 62 Gb
  0:00:00.000     4M / 4M    INFO    General                 (main.cpp                  :  84)   Starting SPAdes, built from N/A, git revision N/A
  0:00:00.000     4M / 4M    INFO    General                 (main.cpp                  :  88)   Maximum k-mer length: 128
  0:00:00.000     4M / 4M    INFO    General                 (main.cpp                  :  89)   Assembling dataset (/data/djs217/PROJECTS/42_Xanthomonas/xanthomonas-euvesicatoria-serbia/01-genome-de-novo-assembly/SRR24958750_plasmid_assembly/dataset.info) with K=77
  0:00:00.000     4M / 4M    INFO    General                 (main.cpp                  :  90)   Maximum # of threads to use (adjusted due to OMP capabilities): 16
  0:00:00.000     4M / 4M    INFO    General                 (launch.hpp                :  52)   SPAdes started
  0:00:00.000     4M / 4M    INFO    General                 (launch.hpp                :  59)   Starting from stage: construction
  0:00:00.000     4M / 4M    INFO    General                 (launch.hpp                :  66)   Two-step RR enabled: 0
  0:00:00.000     4M / 4M    INFO    General                 (launch.hpp                :  77)   Will need read mapping, kmer mapper will be attached
  0:00:00.000     4M / 4M    INFO   StageManager             (stage.cpp                 : 132)   STAGE == de Bruijn graph construction
  0:00:00.001     4M / 4M    INFO    General                 (read_converter.hpp        :  59)   Binary reads detected
  0:00:00.002     4M / 4M    INFO    General                 (construction.cpp          : 111)   Max read length 151
  0:00:00.002     4M / 4M    INFO    General                 (construction.cpp          : 117)   Average read length 149.572
  0:00:00.002     4M / 4M    INFO    General                 (stage.cpp                 : 101)   PROCEDURE == k+1-mer counting
  0:00:00.002     4M / 4M    INFO    General                 (kmer_index_builder.hpp    : 117)   Splitting kmer instances into 256 files using 16 threads. This might take a while.
  0:00:00.003     4M / 4M    INFO    General                 (file_limit.hpp            :  32)   Open file limit set to 1024
  0:00:00.003     4M / 4M    INFO    General                 (kmer_splitters.hpp        :  89)   Memory available for splitting buffers: 1.29159 Gb
  0:00:00.003     4M / 4M    INFO    General                 (kmer_splitters.hpp        :  97)   Using cell size of 87381
  0:00:06.124     8G / 9G    INFO    General                 (kmer_splitters.hpp        : 289)   Processed 9591043 reads
  0:00:07.876     8G / 9G    INFO    General                 (kmer_splitters.hpp        : 289)   Processed 12396538 reads
  0:00:07.876     8G / 9G    INFO    General                 (kmer_splitters.hpp        : 295)   Adding contigs from previous K
  0:00:09.489    64M / 9G    INFO    General                 (kmer_splitters.hpp        : 308)   Used 12396538 reads
  0:00:09.489    64M / 9G    INFO    General                 (kmer_index_builder.hpp    : 120)   Starting k-mer counting.
  0:00:09.691    64M / 9G    INFO    General                 (kmer_index_builder.hpp    : 127)   K-mer counting done. There are 9209695 kmers in total.
  0:00:09.691    64M / 9G    INFO    General                 (kmer_index_builder.hpp    : 133)   Merging temporary buckets.
  0:00:09.884    64M / 9G    INFO    General                 (stage.cpp                 : 101)   PROCEDURE == Extension index construction
  0:00:09.884    64M / 9G    INFO   K-mer Index Building     (kmer_index_builder.hpp    : 301)   Building kmer index
  0:00:09.884    64M / 9G    INFO    General                 (kmer_index_builder.hpp    : 117)   Splitting kmer instances into 256 files using 16 threads. This might take a while.
  0:00:09.884    64M / 9G    INFO    General                 (file_limit.hpp            :  32)   Open file limit set to 1024
  0:00:09.884    64M / 9G    INFO    General                 (kmer_splitters.hpp        :  89)   Memory available for splitting buffers: 1.29036 Gb
  0:00:09.884    64M / 9G    INFO    General                 (kmer_splitters.hpp        :  97)   Using cell size of 87381
  0:00:10.485     8G / 9G    INFO    General                 (kmer_splitters.hpp        : 380)   Processed 9209695 kmers
  0:00:10.485     8G / 9G    INFO    General                 (kmer_splitters.hpp        : 385)   Used 9209695 kmers.
  0:00:10.637    64M / 9G    INFO    General                 (kmer_index_builder.hpp    : 120)   Starting k-mer counting.
  0:00:10.779    64M / 9G    INFO    General                 (kmer_index_builder.hpp    : 127)   K-mer counting done. There are 9213487 kmers in total.
  0:00:10.779    64M / 9G    INFO    General                 (kmer_index_builder.hpp    : 133)   Merging temporary buckets.
  0:00:10.964    64M / 9G    INFO   K-mer Index Building     (kmer_index_builder.hpp    : 314)   Building perfect hash indices
  0:00:11.188    68M / 9G    INFO    General                 (kmer_index_builder.hpp    : 150)   Merging final buckets.
  0:00:12.067    68M / 9G    INFO   K-mer Index Building     (kmer_index_builder.hpp    : 336)   Index built. Total 4280752 bytes occupied (3.71694 bits per kmer).
  0:00:12.077    80M / 9G    INFO   DeBruijnExtensionIndexBu (kmer_extension_index_build:  99)   Building k-mer extensions from k+1-mers
  0:00:12.422    80M / 9G    INFO   DeBruijnExtensionIndexBu (kmer_extension_index_build: 103)   Building k-mer extensions from k+1-mers finished.
  0:00:12.422    80M / 9G    INFO    General                 (stage.cpp                 : 101)   PROCEDURE == Condensing graph
  0:00:12.474    80M / 9G    INFO   UnbranchingPathExtractor (debruijn_graph_constructor: 355)   Extracting unbranching paths
  0:00:12.851    88M / 9G    INFO   UnbranchingPathExtractor (debruijn_graph_constructor: 374)   Extracting unbranching paths finished. 244449 sequences extracted
  0:00:13.060    88M / 9G    INFO   UnbranchingPathExtractor (debruijn_graph_constructor: 310)   Collecting perfect loops
  0:00:13.142    88M / 9G    INFO   UnbranchingPathExtractor (debruijn_graph_constructor: 343)   Collecting perfect loops finished. 0 loops collected
  0:00:13.264   152M / 9G    INFO    General                 (stage.cpp                 : 101)   PROCEDURE == Filling coverage indices (PHM)
  0:00:13.264   152M / 9G    INFO   K-mer Index Building     (kmer_index_builder.hpp    : 301)   Building kmer index
  0:00:13.264   152M / 9G    INFO   K-mer Index Building     (kmer_index_builder.hpp    : 314)   Building perfect hash indices
  0:00:13.484   152M / 9G    INFO   K-mer Index Building     (kmer_index_builder.hpp    : 336)   Index built. Total 4278864 bytes occupied (3.71683 bits per kmer).
  0:00:13.515   188M / 9G    INFO    General                 (construction.cpp          : 388)   Collecting k-mer coverage information from reads, this takes a while.
  0:00:20.137   188M / 9G    INFO    General                 (construction.cpp          : 508)   Filling coverage and flanking coverage from PHM
  0:00:20.390   188M / 9G    INFO    General                 (construction.cpp          : 464)   Processed 488898 edges
  0:00:20.439   136M / 9G    INFO   StageManager             (stage.cpp                 : 132)   STAGE == EC Threshold Finding
  0:00:20.439   136M / 9G    INFO    General                 (kmer_coverage_model.cpp   : 181)   Kmer coverage valley at: 19
  0:00:20.439   136M / 9G    INFO    General                 (kmer_coverage_model.cpp   : 201)   K-mer histogram maximum: 81
  0:00:20.439   136M / 9G    INFO    General                 (kmer_coverage_model.cpp   : 237)   Estimated median coverage: 83. Coverage mad: 19.2738
  0:00:20.439   136M / 9G    INFO    General                 (kmer_coverage_model.cpp   : 259)   Fitting coverage model
  0:00:20.562   136M / 9G    INFO    General                 (kmer_coverage_model.cpp   : 295)   ... iteration 2
  0:00:20.937   136M / 9G    INFO    General                 (kmer_coverage_model.cpp   : 295)   ... iteration 4
  0:00:22.132   136M / 9G    INFO    General                 (kmer_coverage_model.cpp   : 295)   ... iteration 8
  0:00:24.761   136M / 9G    INFO    General                 (kmer_coverage_model.cpp   : 295)   ... iteration 16
  0:00:25.427   136M / 9G    INFO    General                 (kmer_coverage_model.cpp   : 309)   Fitted mean coverage: 83.9633. Fitted coverage std. dev: 17.3091
  0:00:25.431   136M / 9G    INFO    General                 (kmer_coverage_model.cpp   : 334)   Probability of erroneous kmer at valley: 0.990405
  0:00:25.431   136M / 9G    INFO    General                 (kmer_coverage_model.cpp   : 358)   Preliminary threshold calculated as: 46
  0:00:25.431   136M / 9G    INFO    General                 (kmer_coverage_model.cpp   : 362)   Threshold adjusted to: 46
  0:00:25.431   136M / 9G    INFO    General                 (kmer_coverage_model.cpp   : 375)   Estimated genome size (ignoring repeats): 5067862
  0:00:25.431   136M / 9G    INFO    General                 (genomic_info_filler.cpp   : 112)   Mean coverage was calculated as 83.9633
  0:00:25.431   136M / 9G    INFO    General                 (genomic_info_filler.cpp   : 127)   EC coverage threshold value was calculated as 46
  0:00:25.431   136M / 9G    INFO    General                 (genomic_info_filler.cpp   : 128)   Trusted kmer low bound: 0
  0:00:25.431   136M / 9G    INFO   StageManager             (stage.cpp                 : 132)   STAGE == Gap Closer
  0:00:25.431   136M / 9G    INFO    General                 (graph_pack.hpp            : 101)   Index refill
  0:00:25.431   136M / 9G    INFO   K-mer Index Building     (kmer_index_builder.hpp    : 301)   Building kmer index
  0:00:25.431   136M / 9G    INFO    General                 (kmer_index_builder.hpp    : 117)   Splitting kmer instances into 256 files using 16 threads. This might take a while.
  0:00:25.431   136M / 9G    INFO    General                 (file_limit.hpp            :  32)   Open file limit set to 1024
  0:00:25.431   136M / 9G    INFO    General                 (kmer_splitters.hpp        :  89)   Memory available for splitting buffers: 1.2889 Gb
  0:00:25.431   136M / 9G    INFO    General                 (kmer_splitters.hpp        :  97)   Using cell size of 87381
  0:00:25.706     8G / 9G    INFO    General                 (edge_index_builders.hpp   :  77)   Processed 488898 edges
  0:00:25.707     8G / 9G    INFO    General                 (edge_index_builders.hpp   :  82)   Used 488898 sequences.
  0:00:25.804   128M / 9G    INFO    General                 (kmer_index_builder.hpp    : 120)   Starting k-mer counting.
  0:00:25.952   128M / 9G    INFO    General                 (kmer_index_builder.hpp    : 127)   K-mer counting done. There are 9209695 kmers in total.
  0:00:25.953   128M / 9G    INFO    General                 (kmer_index_builder.hpp    : 133)   Merging temporary buckets.
  0:00:26.110   128M / 9G    INFO   K-mer Index Building     (kmer_index_builder.hpp    : 314)   Building perfect hash indices
  0:00:26.300   140M / 9G    INFO    General                 (kmer_index_builder.hpp    : 150)   Merging final buckets.
  0:00:27.193   140M / 9G    INFO   K-mer Index Building     (kmer_index_builder.hpp    : 336)   Index built. Total 4278864 bytes occupied (3.71683 bits per kmer).
  0:00:27.361   352M / 9G    INFO    General                 (edge_index_builders.hpp   : 107)   Collecting edge information from graph, this takes a while.
  0:00:27.631   352M / 9G    INFO    General                 (edge_index.hpp            :  92)   Index refilled
  0:00:27.632   352M / 9G    INFO    General                 (gap_closer.cpp            : 159)   Preparing shift maps
  0:00:27.858   368M / 9G    INFO    General                 (gap_closer.cpp            : 119)   Processing paired reads (takes a while)
  0:00:29.611   368M / 9G    INFO    General                 (gap_closer.cpp            : 138)   Used 3095760 paired reads
  0:00:29.611   368M / 9G    INFO    General                 (gap_closer.cpp            : 140)   Merging paired indices
  0:00:29.686   352M / 9G    INFO   GapCloser                (gap_closer.cpp            : 346)   Closing short gaps
  0:00:30.134   352M / 9G    INFO   GapCloser                (gap_closer.cpp            : 378)   Closing short gaps complete: filled 168 gaps after checking 268 candidates
  0:00:30.168   352M / 9G    INFO   StageManager             (stage.cpp                 : 132)   STAGE == Raw Simplification
  0:00:30.182   140M / 9G    INFO    General                 (simplification.cpp        : 128)   PROCEDURE == InitialCleaning
  0:00:30.182   140M / 9G    INFO    General                 (graph_simplification.hpp  : 669)   Flanking coverage based disconnection disabled
  0:00:30.182   140M / 9G    INFO   Simplification           (parallel_processing.hpp   : 165)   Running Self conjugate edge remover
  0:00:30.198   140M / 9G    INFO   Simplification           (parallel_processing.hpp   : 167)   Self conjugate edge remover triggered 0 times
  0:00:30.198   140M / 9G    INFO   Simplification           (parallel_processing.hpp   : 165)   Running Initial tip clipper
  0:00:31.894   136M / 9G    INFO   Simplification           (parallel_processing.hpp   : 167)   Initial tip clipper triggered 115132 times
  0:00:31.894   136M / 9G    INFO   Simplification           (parallel_processing.hpp   : 165)   Running Initial ec remover
  0:00:32.060   100M / 9G    INFO   Simplification           (parallel_processing.hpp   : 167)   Initial ec remover triggered 2070 times
  0:00:32.060   100M / 9G    INFO   Simplification           (parallel_processing.hpp   : 165)   Running Initial isolated edge remover
  0:00:32.126    80M / 9G    INFO   Simplification           (parallel_processing.hpp   : 167)   Initial isolated edge remover triggered 6617 times
  0:00:32.131    76M / 9G    INFO   StageManager             (stage.cpp                 : 132)   STAGE == Simplification
  0:00:32.131    76M / 9G    INFO    General                 (simplification.cpp        : 357)   Graph simplification started
  0:00:32.131    76M / 9G    INFO    General                 (graph_simplification.hpp  : 641)   Creating parallel br instance
  0:00:32.131    76M / 9G    INFO    General                 (simplification.cpp        : 362)   PROCEDURE == Simplification cycle, iteration 1
  0:00:32.131    76M / 9G    INFO   Simplification           (parallel_processing.hpp   : 165)   Running Tip clipper
  0:00:32.147    76M / 9G    INFO   Simplification           (parallel_processing.hpp   : 167)   Tip clipper triggered 51 times
  0:00:32.147    76M / 9G    INFO   Simplification           (parallel_processing.hpp   : 165)   Running Bulge remover
  0:00:32.386    76M / 9G    INFO   Simplification           (parallel_processing.hpp   : 167)   Bulge remover triggered 497 times
  0:00:32.386    76M / 9G    INFO   Simplification           (parallel_processing.hpp   : 165)   Running Low coverage edge remover
  0:00:32.448    76M / 9G    INFO   Simplification           (parallel_processing.hpp   : 167)   Low coverage edge remover triggered 225 times
  0:00:32.448    76M / 9G    INFO    General                 (simplification.cpp        : 362)   PROCEDURE == Simplification cycle, iteration 2
  0:00:32.448    76M / 9G    INFO   Simplification           (parallel_processing.hpp   : 165)   Running Tip clipper
  0:00:32.450    76M / 9G    INFO   Simplification           (parallel_processing.hpp   : 167)   Tip clipper triggered 10 times
  0:00:32.450    76M / 9G    INFO   Simplification           (parallel_processing.hpp   : 165)   Running Bulge remover
  0:00:32.479    76M / 9G    INFO   Simplification           (parallel_processing.hpp   : 167)   Bulge remover triggered 54 times
  0:00:32.479    76M / 9G    INFO   Simplification           (parallel_processing.hpp   : 165)   Running Low coverage edge remover
  0:00:32.490    76M / 9G    INFO   Simplification           (parallel_processing.hpp   : 167)   Low coverage edge remover triggered 45 times
  0:00:32.490    76M / 9G    INFO    General                 (simplification.cpp        : 362)   PROCEDURE == Simplification cycle, iteration 3
  0:00:32.490    76M / 9G    INFO   Simplification           (parallel_processing.hpp   : 165)   Running Tip clipper
  0:00:32.491    76M / 9G    INFO   Simplification           (parallel_processing.hpp   : 167)   Tip clipper triggered 0 times
  0:00:32.491    76M / 9G    INFO   Simplification           (parallel_processing.hpp   : 165)   Running Bulge remover
  0:00:32.504    76M / 9G    INFO   Simplification           (parallel_processing.hpp   : 167)   Bulge remover triggered 17 times
  0:00:32.504    76M / 9G    INFO   Simplification           (parallel_processing.hpp   : 165)   Running Low coverage edge remover
  0:00:32.504    76M / 9G    INFO   Simplification           (parallel_processing.hpp   : 167)   Low coverage edge remover triggered 1 times
  0:00:32.504    76M / 9G    INFO    General                 (simplification.cpp        : 362)   PROCEDURE == Simplification cycle, iteration 4
  0:00:32.504    76M / 9G    INFO   Simplification           (parallel_processing.hpp   : 165)   Running Tip clipper
  0:00:32.504    76M / 9G    INFO   Simplification           (parallel_processing.hpp   : 167)   Tip clipper triggered 0 times
  0:00:32.504    76M / 9G    INFO   Simplification           (parallel_processing.hpp   : 165)   Running Bulge remover
  0:00:32.505    76M / 9G    INFO   Simplification           (parallel_processing.hpp   : 167)   Bulge remover triggered 1 times
  0:00:32.505    76M / 9G    INFO   Simplification           (parallel_processing.hpp   : 165)   Running Low coverage edge remover
  0:00:32.507    76M / 9G    INFO   Simplification           (parallel_processing.hpp   : 167)   Low coverage edge remover triggered 2 times
  0:00:32.507    76M / 9G    INFO    General                 (simplification.cpp        : 362)   PROCEDURE == Simplification cycle, iteration 5
  0:00:32.507    76M / 9G    INFO   Simplification           (parallel_processing.hpp   : 165)   Running Tip clipper
  0:00:32.507    76M / 9G    INFO   Simplification           (parallel_processing.hpp   : 167)   Tip clipper triggered 0 times
  0:00:32.507    76M / 9G    INFO   Simplification           (parallel_processing.hpp   : 165)   Running Bulge remover
  0:00:32.508    76M / 9G    INFO   Simplification           (parallel_processing.hpp   : 167)   Bulge remover triggered 1 times
  0:00:32.508    76M / 9G    INFO   Simplification           (parallel_processing.hpp   : 165)   Running Low coverage edge remover
  0:00:32.509    76M / 9G    INFO   Simplification           (parallel_processing.hpp   : 167)   Low coverage edge remover triggered 4 times
  0:00:32.509    76M / 9G    INFO    General                 (simplification.cpp        : 362)   PROCEDURE == Simplification cycle, iteration 6
  0:00:32.509    76M / 9G    INFO   Simplification           (parallel_processing.hpp   : 165)   Running Tip clipper
  0:00:32.509    76M / 9G    INFO   Simplification           (parallel_processing.hpp   : 167)   Tip clipper triggered 0 times
  0:00:32.509    76M / 9G    INFO   Simplification           (parallel_processing.hpp   : 165)   Running Bulge remover
  0:00:32.509    76M / 9G    INFO   Simplification           (parallel_processing.hpp   : 167)   Bulge remover triggered 0 times
  0:00:32.509    76M / 9G    INFO   Simplification           (parallel_processing.hpp   : 165)   Running Low coverage edge remover
  0:00:32.510    76M / 9G    INFO   Simplification           (parallel_processing.hpp   : 167)   Low coverage edge remover triggered 1 times
  0:00:32.510    76M / 9G    INFO    General                 (simplification.cpp        : 362)   PROCEDURE == Simplification cycle, iteration 7
  0:00:32.510    76M / 9G    INFO   Simplification           (parallel_processing.hpp   : 165)   Running Tip clipper
  0:00:32.510    76M / 9G    INFO   Simplification           (parallel_processing.hpp   : 167)   Tip clipper triggered 0 times
  0:00:32.510    76M / 9G    INFO   Simplification           (parallel_processing.hpp   : 165)   Running Bulge remover
  0:00:32.511    76M / 9G    INFO   Simplification           (parallel_processing.hpp   : 167)   Bulge remover triggered 0 times
  0:00:32.511    76M / 9G    INFO   Simplification           (parallel_processing.hpp   : 165)   Running Low coverage edge remover
  0:00:32.511    76M / 9G    INFO   Simplification           (parallel_processing.hpp   : 167)   Low coverage edge remover triggered 1 times
  0:00:32.511    76M / 9G    INFO    General                 (simplification.cpp        : 362)   PROCEDURE == Simplification cycle, iteration 8
  0:00:32.512    76M / 9G    INFO   Simplification           (parallel_processing.hpp   : 165)   Running Tip clipper
  0:00:32.512    76M / 9G    INFO   Simplification           (parallel_processing.hpp   : 167)   Tip clipper triggered 0 times
  0:00:32.512    76M / 9G    INFO   Simplification           (parallel_processing.hpp   : 165)   Running Bulge remover
  0:00:32.512    76M / 9G    INFO   Simplification           (parallel_processing.hpp   : 167)   Bulge remover triggered 0 times
  0:00:32.512    76M / 9G    INFO   Simplification           (parallel_processing.hpp   : 165)   Running Low coverage edge remover
  0:00:32.512    76M / 9G    INFO   Simplification           (parallel_processing.hpp   : 167)   Low coverage edge remover triggered 1 times
  0:00:32.512    76M / 9G    INFO    General                 (simplification.cpp        : 362)   PROCEDURE == Simplification cycle, iteration 9
  0:00:32.512    76M / 9G    INFO   Simplification           (parallel_processing.hpp   : 165)   Running Tip clipper
  0:00:32.512    76M / 9G    INFO   Simplification           (parallel_processing.hpp   : 167)   Tip clipper triggered 0 times
  0:00:32.512    76M / 9G    INFO   Simplification           (parallel_processing.hpp   : 165)   Running Bulge remover
  0:00:32.512    76M / 9G    INFO   Simplification           (parallel_processing.hpp   : 167)   Bulge remover triggered 0 times
  0:00:32.512    76M / 9G    INFO   Simplification           (parallel_processing.hpp   : 165)   Running Low coverage edge remover
  0:00:32.512    76M / 9G    INFO   Simplification           (parallel_processing.hpp   : 167)   Low coverage edge remover triggered 1 times
  0:00:32.512    76M / 9G    INFO    General                 (simplification.cpp        : 362)   PROCEDURE == Simplification cycle, iteration 10
  0:00:32.512    76M / 9G    INFO   Simplification           (parallel_processing.hpp   : 165)   Running Tip clipper
  0:00:32.512    76M / 9G    INFO   Simplification           (parallel_processing.hpp   : 167)   Tip clipper triggered 0 times
  0:00:32.512    76M / 9G    INFO   Simplification           (parallel_processing.hpp   : 165)   Running Bulge remover
  0:00:32.512    76M / 9G    INFO   Simplification           (parallel_processing.hpp   : 167)   Bulge remover triggered 0 times
  0:00:32.512    76M / 9G    INFO   Simplification           (parallel_processing.hpp   : 165)   Running Low coverage edge remover
  0:00:32.513    76M / 9G    INFO   Simplification           (parallel_processing.hpp   : 167)   Low coverage edge remover triggered 1 times
  0:00:32.513    76M / 9G    INFO    General                 (simplification.cpp        : 362)   PROCEDURE == Simplification cycle, iteration 11
  0:00:32.513    76M / 9G    INFO   Simplification           (parallel_processing.hpp   : 165)   Running Tip clipper
  0:00:32.514    76M / 9G    INFO   Simplification           (parallel_processing.hpp   : 167)   Tip clipper triggered 0 times
  0:00:32.514    76M / 9G    INFO   Simplification           (parallel_processing.hpp   : 165)   Running Bulge remover
  0:00:32.516    76M / 9G    INFO   Simplification           (parallel_processing.hpp   : 167)   Bulge remover triggered 0 times
  0:00:32.516    76M / 9G    INFO   Simplification           (parallel_processing.hpp   : 165)   Running Low coverage edge remover
  0:00:32.516    76M / 9G    INFO   Simplification           (parallel_processing.hpp   : 167)   Low coverage edge remover triggered 0 times
  0:00:32.516    76M / 9G    INFO   StageManager             (stage.cpp                 : 132)   STAGE == Gap Closer
  0:00:32.516    76M / 9G    INFO    General                 (graph_pack.hpp            : 101)   Index refill
  0:00:32.516    76M / 9G    INFO   K-mer Index Building     (kmer_index_builder.hpp    : 301)   Building kmer index
  0:00:32.516    76M / 9G    INFO    General                 (kmer_index_builder.hpp    : 117)   Splitting kmer instances into 256 files using 16 threads. This might take a while.
  0:00:32.516    76M / 9G    INFO    General                 (file_limit.hpp            :  32)   Open file limit set to 1024
  0:00:32.516    76M / 9G    INFO    General                 (kmer_splitters.hpp        :  89)   Memory available for splitting buffers: 1.29012 Gb
  0:00:32.516    76M / 9G    INFO    General                 (kmer_splitters.hpp        :  97)   Using cell size of 87381
  0:00:32.800     8G / 9G    INFO    General                 (edge_index_builders.hpp   :  82)   Used 500 sequences.
  0:00:32.919    76M / 9G    INFO    General                 (kmer_index_builder.hpp    : 120)   Starting k-mer counting.
  0:00:33.203    76M / 9G    INFO    General                 (kmer_index_builder.hpp    : 127)   K-mer counting done. There are 5107943 kmers in total.
  0:00:33.203    76M / 9G    INFO    General                 (kmer_index_builder.hpp    : 133)   Merging temporary buckets.
  0:00:33.348    76M / 9G    INFO   K-mer Index Building     (kmer_index_builder.hpp    : 314)   Building perfect hash indices
  0:00:33.505    76M / 9G    INFO    General                 (kmer_index_builder.hpp    : 150)   Merging final buckets.
  0:00:34.062    76M / 9G    INFO   K-mer Index Building     (kmer_index_builder.hpp    : 336)   Index built. Total 2376720 bytes occupied (3.72239 bits per kmer).
  0:00:34.193   196M / 9G    INFO    General                 (edge_index_builders.hpp   : 107)   Collecting edge information from graph, this takes a while.
  0:00:35.174   196M / 9G    INFO    General                 (edge_index.hpp            :  92)   Index refilled
  0:00:35.175   196M / 9G    INFO    General                 (gap_closer.cpp            : 159)   Preparing shift maps
  0:00:35.175   196M / 9G    INFO    General                 (gap_closer.cpp            : 119)   Processing paired reads (takes a while)
  0:00:36.958   196M / 9G    INFO    General                 (gap_closer.cpp            : 138)   Used 3095760 paired reads
  0:00:36.958   196M / 9G    INFO    General                 (gap_closer.cpp            : 140)   Merging paired indices
  0:00:36.958   196M / 9G    INFO   GapCloser                (gap_closer.cpp            : 346)   Closing short gaps
  0:00:36.959   196M / 9G    INFO   GapCloser                (gap_closer.cpp            : 378)   Closing short gaps complete: filled 0 gaps after checking 0 candidates
  0:00:36.959   196M / 9G    INFO   StageManager             (stage.cpp                 : 132)   STAGE == Simplification Cleanup
  0:00:36.959   196M / 9G    INFO    General                 (simplification.cpp        : 196)   PROCEDURE == Post simplification
  0:00:36.959   196M / 9G    INFO    General                 (graph_simplification.hpp  : 458)   Disconnection of relatively low covered edges disabled
  0:00:36.959   196M / 9G    INFO    General                 (graph_simplification.hpp  : 494)   Complex tip clipping disabled
  0:00:36.959   196M / 9G    INFO    General                 (graph_simplification.hpp  : 641)   Creating parallel br instance
  0:00:36.959   196M / 9G    INFO   Simplification           (parallel_processing.hpp   : 165)   Running Tip clipper
  0:00:36.959   196M / 9G    INFO   Simplification           (parallel_processing.hpp   : 167)   Tip clipper triggered 0 times
  0:00:36.959   196M / 9G    INFO   Simplification           (parallel_processing.hpp   : 165)   Running Bulge remover
  0:00:36.959   196M / 9G    INFO   Simplification           (parallel_processing.hpp   : 167)   Bulge remover triggered 0 times
  0:00:36.959   196M / 9G    INFO   Simplification           (parallel_processing.hpp   : 165)   Running Tip clipper
  0:00:36.959   196M / 9G    INFO   Simplification           (parallel_processing.hpp   : 167)   Tip clipper triggered 0 times
  0:00:36.959   196M / 9G    INFO   Simplification           (parallel_processing.hpp   : 165)   Running Bulge remover
  0:00:36.960   196M / 9G    INFO   Simplification           (parallel_processing.hpp   : 167)   Bulge remover triggered 0 times
  0:00:36.960   196M / 9G    INFO    General                 (simplification.cpp        : 330)   Disrupting self-conjugate edges
  0:00:36.960   196M / 9G    INFO   Simplification           (parallel_processing.hpp   : 165)   Running Removing isolated edges
  0:00:36.960   196M / 9G    INFO   Simplification           (parallel_processing.hpp   : 167)   Removing isolated edges triggered 0 times
  0:00:36.960   196M / 9G    INFO    General                 (simplification.cpp        : 470)   Counting average coverage
  0:00:36.960   196M / 9G    INFO    General                 (simplification.cpp        : 476)   Average coverage = 87.3536
  0:00:36.960   196M / 9G    INFO   StageManager             (stage.cpp                 : 132)   STAGE == Mismatch Correction
  0:00:36.960   196M / 9G    INFO    General                 (graph_pack.hpp            : 109)   Normalizing k-mer map. Total 91820 kmers to process
  0:00:37.061   196M / 9G    INFO    General                 (graph_pack.hpp            : 111)   Normalizing done
  0:00:41.577   204M / 9G    INFO    General                 (mismatch_shall_not_pass.hp: 189)   Finished collecting potential mismatches positions
  0:00:41.642   196M / 9G    INFO    General                 (mismatch_shall_not_pass.hp: 290)   All edges processed
  0:00:41.642   196M / 9G    INFO    General                 (mismatch_correction.cpp   :  27)   Corrected 0 nucleotides
  0:00:41.643   196M / 9G    INFO   StageManager             (stage.cpp                 : 132)   STAGE == Chromosome Removal
  0:00:41.643   196M / 9G    INFO    General                 (contig_output.hpp         :  22)   Outputting contigs to /data/djs217/PROJECTS/42_Xanthomonas/xanthomonas-euvesicatoria-serbia/01-genome-de-novo-assembly/SRR24958750_plasmid_assembly//K77/before_chromosome_removal.fasta
  0:00:41.683   196M / 9G    INFO    General                 (chromosome_removal.cpp    : 141)   Before iteration 0, 358 vertices in graph
  0:00:41.683   196M / 9G    INFO    General                 (chromosome_removal.cpp    :  73)   Removing of long chromosomal edges started
  0:00:41.683   196M / 9G    INFO    General                 (coverage_uniformity_analyz:  31)   genomic coverage is 84.3125 calculated of length 5082512
  0:00:41.683   196M / 9G    INFO    General                 (chromosome_removal.cpp    :  95)   1% of bases from long edges have coverage significantly different from median
  0:00:41.684   196M / 9G    INFO    General                 (chromosome_removal.cpp    : 102)   Connected components calculated
  0:00:44.713   196M / 9G    INFO    General                 (chromosome_removal.cpp    : 121)   Deleted 77 long edges
  0:00:44.803   196M / 9G    INFO    General                 (chromosome_removal.cpp    : 149)   Before iteration 1 196 vertices in graph
  0:00:44.803   196M / 9G    INFO    General                 (chromosome_removal.cpp    :  73)   Removing of long chromosomal edges started
  0:00:44.804   196M / 9G    INFO    General                 (chromosome_removal.cpp    : 121)   Deleted 1 long edges
  0:00:44.804   196M / 9G    INFO    General                 (chromosome_removal.cpp    : 151)   Before dead_end simplification 0 194 vertices in graph
  0:00:44.804   196M / 9G    INFO    General                 (chromosome_removal.cpp    : 149)   Before iteration 2 194 vertices in graph
  0:00:44.804   196M / 9G    INFO    General                 (chromosome_removal.cpp    :  73)   Removing of long chromosomal edges started
  0:00:44.804   196M / 9G    INFO    General                 (chromosome_removal.cpp    : 121)   Deleted 0 long edges
  0:00:44.804   196M / 9G    INFO    General                 (chromosome_removal.cpp    : 151)   Before dead_end simplification 1 194 vertices in graph
  0:00:44.804   196M / 9G    INFO    General                 (chromosome_removal.cpp    : 156)   Iteration 1 graph was not changed
  0:00:44.804   196M / 9G    INFO    General                 (chromosome_removal.cpp    : 157)   194 vertices left
  0:00:44.821   192M / 9G    INFO    General                 (chromosome_removal.cpp    : 205)   Iteration 1 of small components additional filtering graph was not changed
  0:00:44.821   192M / 9G    INFO    General                 (chromosome_removal.cpp    : 209)   After plasmidSPAdes subroutine 50 vertices left
  0:00:44.821   192M / 9G    INFO    General                 (chromosome_removal.cpp    : 214)   Counting average coverage after genomic edge removal
  0:00:44.821   192M / 9G    INFO    General                 (chromosome_removal.cpp    : 217)   Average coverage = 305.846
  0:00:44.821   192M / 9G    INFO   StageManager             (stage.cpp                 : 132)   STAGE == Contig Output
  0:00:44.821   192M / 9G    INFO    General                 (contig_output_stage.cpp   :  45)   Writing GFA to /data/djs217/PROJECTS/42_Xanthomonas/xanthomonas-euvesicatoria-serbia/01-genome-de-novo-assembly/SRR24958750_plasmid_assembly//K77/assembly_graph_with_scaffolds.gfa
  0:00:44.822   192M / 9G    INFO    General                 (contig_output.hpp         :  22)   Outputting contigs to /data/djs217/PROJECTS/42_Xanthomonas/xanthomonas-euvesicatoria-serbia/01-genome-de-novo-assembly/SRR24958750_plasmid_assembly//K77/before_rr.fasta
  0:00:44.823   192M / 9G    INFO    General                 (contig_output_stage.cpp   :  56)   Outputting FastG graph to /data/djs217/PROJECTS/42_Xanthomonas/xanthomonas-euvesicatoria-serbia/01-genome-de-novo-assembly/SRR24958750_plasmid_assembly//K77/assembly_graph.fastg
  0:00:44.825   192M / 9G    INFO    General                 (contig_output.hpp         :  22)   Outputting contigs to /data/djs217/PROJECTS/42_Xanthomonas/xanthomonas-euvesicatoria-serbia/01-genome-de-novo-assembly/SRR24958750_plasmid_assembly//K77/final_contigs.fasta
  0:00:44.825   192M / 9G    INFO   StageManager             (stage.cpp                 : 132)   STAGE == Paired Information Counting
  0:00:44.826   192M / 9G    INFO    General                 (graph_pack.hpp            : 109)   Normalizing k-mer map. Total 91820 kmers to process
  0:00:44.826   192M / 9G    INFO    General                 (graph_pack.hpp            : 111)   Normalizing done
  0:00:44.826   192M / 9G    INFO    General                 (pair_info_count.cpp       : 323)   Min edge length for estimation: 7512
  0:00:44.826   192M / 9G    INFO    General                 (pair_info_count.cpp       : 334)   Estimating insert size for library #0
  0:00:44.826   192M / 9G    INFO    General                 (pair_info_count.cpp       : 190)   Estimating insert size (takes a while)
  0:00:44.937   464M / 9G    INFO    General                 (pair_info_count.cpp       :  39)   Selecting usual mapper
  0:00:57.494   464M / 9G    INFO    General                 (sequence_mapper_notifier.h:  98)   Total 3095760 reads processed
  0:00:57.538   464M / 9G    INFO    General                 (pair_info_count.cpp       : 209)   Edge pairs: 67108864 (rough upper limit)
  0:00:57.539   464M / 9G    INFO    General                 (pair_info_count.cpp       : 211)   93561 paired reads (3.02223% of all) aligned to long edges
  0:00:57.548   192M / 9G    INFO    General                 (pair_info_count.cpp       : 353)     Insert size = 333.104, deviation = 85.1296, left quantile = 229, right quantile = 440, read length = 151
  0:00:57.623   384M / 9G    INFO    General                 (pair_info_count.cpp       : 374)   Filtering data for library #0
  0:00:57.624   384M / 9G    INFO    General                 (pair_info_count.cpp       :  39)   Selecting usual mapper
  0:01:09.749   384M / 9G    INFO    General                 (sequence_mapper_notifier.h:  98)   Total 3095760 reads processed
  0:01:09.749   384M / 9G    INFO    General                 (pair_info_count.cpp       : 386)   Mapping library #0
  0:01:09.750   384M / 9G    INFO    General                 (pair_info_count.cpp       : 388)   Mapping paired reads (takes a while)
  0:01:09.750   384M / 9G    INFO    General                 (pair_info_count.cpp       : 286)   Left insert size quantile 229, right insert size quantile 440, filtering threshold 2, rounding threshold 0
  0:01:09.767   396M / 9G    INFO    General                 (pair_info_count.cpp       :  39)   Selecting usual mapper
  0:01:21.816   396M / 9G    INFO    General                 (sequence_mapper_notifier.h:  98)   Total 3095760 reads processed
  0:01:21.844   192M / 9G    INFO   StageManager             (stage.cpp                 : 132)   STAGE == Distance Estimation
  0:01:21.844   192M / 9G    INFO    General                 (distance_estimation.cpp   : 173)   Processing library #0
  0:01:21.844   192M / 9G    INFO    General                 (distance_estimation.cpp   : 149)   Weight Filter Done
  0:01:21.844   192M / 9G    INFO   DistanceEstimator        (distance_estimation.hpp   : 116)   Using SIMPLE distance estimator
  0:01:21.847   192M / 9G    INFO    General                 (distance_estimation.cpp   :  34)   Filtering info
  0:01:21.847   192M / 9G    INFO    General                 (pair_info_filters.hpp     : 242)   Start filtering; index size: 238
  0:01:21.847   192M / 9G    INFO    General                 (pair_info_filters.hpp     : 263)   Done filtering
  0:01:21.848   192M / 9G    INFO    General                 (distance_estimation.cpp   : 156)   Refining clustered pair information
  0:01:21.848   192M / 9G    INFO    General                 (distance_estimation.cpp   : 158)   The refining of clustered pair information has been finished
  0:01:21.848   192M / 9G    INFO    General                 (distance_estimation.cpp   : 160)   Improving paired information
  0:01:21.848   192M / 9G    INFO   PairInfoImprover         (pair_info_improver.hpp    : 102)   Paired info stats: missing = 1; contradictional = 2
  0:01:21.849   192M / 9G    INFO   PairInfoImprover         (pair_info_improver.hpp    : 102)   Paired info stats: missing = 0; contradictional = 0
  0:01:21.849   192M / 9G    INFO    General                 (distance_estimation.cpp   : 103)   Filling scaffolding index
  0:01:21.849   192M / 9G    INFO   DistanceEstimator        (distance_estimation.hpp   : 116)   Using SMOOTHING distance estimator
  0:01:21.853   192M / 9G    INFO    General                 (distance_estimation.cpp   :  34)   Filtering info
  0:01:21.853   192M / 9G    INFO    General                 (pair_info_filters.hpp     : 242)   Start filtering; index size: 83
  0:01:21.853   192M / 9G    INFO    General                 (pair_info_filters.hpp     : 263)   Done filtering
  0:01:21.853   192M / 9G    INFO    General                 (distance_estimation.cpp   : 182)   Clearing raw paired index
  0:01:21.853   192M / 9G    INFO   StageManager             (stage.cpp                 : 132)   STAGE == Repeat Resolving
  0:01:21.853   192M / 9G    INFO    General                 (repeat_resolving.cpp      :  69)   Using Path-Extend repeat resolving
  0:01:21.853   192M / 9G    INFO    General                 (launcher.cpp              : 481)   ExSPAnder repeat resolving tool started
  0:01:21.867   192M / 9G    INFO    General                 (launcher.cpp              : 392)   Creating main extenders, unique edge length = 2000
  0:01:21.870   192M / 9G    INFO    General                 (extenders_logic.cpp       : 278)   Estimated coverage of library #0 is 305.846
  0:01:21.873   192M / 9G    INFO    General                 (extenders_logic.cpp       : 278)   Estimated coverage of library #0 is 305.846
  0:01:21.873   192M / 9G    INFO    General                 (extenders_logic.cpp       : 475)   Using 1 paired-end library
  0:01:21.873   192M / 9G    INFO    General                 (extenders_logic.cpp       : 476)   Using 1 paired-end scaffolding library
  0:01:21.873   192M / 9G    INFO    General                 (extenders_logic.cpp       : 477)   Using 0 single read libraries
  0:01:21.873   192M / 9G    INFO    General                 (launcher.cpp              : 420)   Total number of extenders is 3
  0:01:21.873   192M / 9G    INFO    General                 (path_extender.hpp         : 885)   Processed 0 paths from 36 (0%)
  0:01:21.876   192M / 9G    INFO    General                 (path_extender.hpp         : 885)   Processed 4 paths from 36 (11%)
  0:01:21.877   192M / 9G    INFO    General                 (path_extender.hpp         : 885)   Processed 8 paths from 36 (22%)
  0:01:21.879   192M / 9G    INFO    General                 (path_extender.hpp         : 885)   Processed 12 paths from 36 (33%)
  0:01:21.882   192M / 9G    INFO    General                 (path_extender.hpp         : 885)   Processed 16 paths from 36 (44%)
  0:01:21.884   192M / 9G    INFO    General                 (path_extender.hpp         : 885)   Processed 20 paths from 36 (55%)
  0:01:21.884   192M / 9G    INFO    General                 (path_extender.hpp         : 885)   Processed 24 paths from 36 (66%)
  0:01:21.886   192M / 9G    INFO    General                 (path_extender.hpp         : 885)   Processed 28 paths from 36 (77%)
  0:01:21.888   192M / 9G    INFO    General                 (path_extender.hpp         : 885)   Processed 32 paths from 36 (88%)
  0:01:21.889   192M / 9G    INFO    General                 (launcher.cpp              : 234)   Finalizing paths
  0:01:21.889   192M / 9G    INFO    General                 (launcher.cpp              : 236)   Deduplicating paths
  0:01:21.889   192M / 9G    INFO    General                 (launcher.cpp              : 240)   Paths deduplicated
  0:01:21.889   192M / 9G    INFO   PEResolver               (pe_resolver.hpp           : 295)   Removing overlaps
  0:01:21.889   192M / 9G    INFO   PEResolver               (pe_resolver.hpp           : 298)   Sorting paths
  0:01:21.889   192M / 9G    INFO   PEResolver               (pe_resolver.hpp           : 305)   Marking overlaps
  0:01:21.889   192M / 9G    INFO   OverlapRemover           (pe_resolver.hpp           : 130)   Marking start/end overlaps
  0:01:21.889   192M / 9G    INFO   OverlapRemover           (pe_resolver.hpp           : 133)   Marking remaining overlaps
  0:01:21.889   192M / 9G    INFO   PEResolver               (pe_resolver.hpp           : 308)   Splitting paths
  0:01:21.889   192M / 9G    INFO   PEResolver               (pe_resolver.hpp           : 313)   Deduplicating paths
  0:01:21.890   192M / 9G    INFO   PEResolver               (pe_resolver.hpp           : 315)   Overlaps removed
  0:01:21.890   192M / 9G    INFO    General                 (launcher.cpp              : 257)   Paths finalized
  0:01:21.890   192M / 9G    INFO    General                 (launcher.cpp              : 427)   Closing gaps in paths
  0:01:21.890   192M / 9G    INFO    General                 (launcher.cpp              : 455)   Gap closing completed
  0:01:21.890   192M / 9G    INFO    General                 (launcher.cpp              : 286)   Traversing tandem repeats
  0:01:21.890   192M / 9G    INFO    General                 (launcher.cpp              : 296)   Traversed 0 loops
  0:01:21.890   192M / 9G    INFO    General                 (launcher.cpp              : 234)   Finalizing paths
  0:01:21.890   192M / 9G    INFO    General                 (launcher.cpp              : 236)   Deduplicating paths
  0:01:21.890   192M / 9G    INFO    General                 (launcher.cpp              : 240)   Paths deduplicated
  0:01:21.890   192M / 9G    INFO   PEResolver               (pe_resolver.hpp           : 295)   Removing overlaps
  0:01:21.890   192M / 9G    INFO   PEResolver               (pe_resolver.hpp           : 298)   Sorting paths
  0:01:21.890   192M / 9G    INFO   PEResolver               (pe_resolver.hpp           : 305)   Marking overlaps
  0:01:21.891   192M / 9G    INFO   OverlapRemover           (pe_resolver.hpp           : 130)   Marking start/end overlaps
  0:01:21.891   192M / 9G    INFO   OverlapRemover           (pe_resolver.hpp           : 133)   Marking remaining overlaps
  0:01:21.891   192M / 9G    INFO   PEResolver               (pe_resolver.hpp           : 308)   Splitting paths
  0:01:21.891   192M / 9G    INFO   PEResolver               (pe_resolver.hpp           : 313)   Deduplicating paths
  0:01:21.891   192M / 9G    INFO   PEResolver               (pe_resolver.hpp           : 315)   Overlaps removed
  0:01:21.891   192M / 9G    INFO    General                 (launcher.cpp              : 257)   Paths finalized
  0:01:21.891   192M / 9G    INFO    General                 (launcher.cpp              : 534)   ExSPAnder repeat resolving tool finished
  0:01:21.891   192M / 9G    INFO   StageManager             (stage.cpp                 : 132)   STAGE == Contig Output
  0:01:21.891   192M / 9G    INFO    General                 (contig_output_stage.cpp   :  45)   Writing GFA to /data/djs217/PROJECTS/42_Xanthomonas/xanthomonas-euvesicatoria-serbia/01-genome-de-novo-assembly/SRR24958750_plasmid_assembly//K77/assembly_graph_with_scaffolds.gfa
  0:01:21.892   192M / 9G    INFO    General                 (contig_output.hpp         :  22)   Outputting contigs to /data/djs217/PROJECTS/42_Xanthomonas/xanthomonas-euvesicatoria-serbia/01-genome-de-novo-assembly/SRR24958750_plasmid_assembly//K77/before_rr.fasta
  0:01:21.894   192M / 9G    INFO    General                 (contig_output_stage.cpp   :  56)   Outputting FastG graph to /data/djs217/PROJECTS/42_Xanthomonas/xanthomonas-euvesicatoria-serbia/01-genome-de-novo-assembly/SRR24958750_plasmid_assembly//K77/assembly_graph.fastg
  0:01:21.896   192M / 9G    INFO    General                 (contig_output_stage.cpp   :  20)   Outputting FastG paths to /data/djs217/PROJECTS/42_Xanthomonas/xanthomonas-euvesicatoria-serbia/01-genome-de-novo-assembly/SRR24958750_plasmid_assembly//K77/final_contigs.paths
  0:01:21.897   192M / 9G    INFO    General                 (contig_output_stage.cpp   :  20)   Outputting FastG paths to /data/djs217/PROJECTS/42_Xanthomonas/xanthomonas-euvesicatoria-serbia/01-genome-de-novo-assembly/SRR24958750_plasmid_assembly//K77/scaffolds.paths
  0:01:21.898   192M / 9G    INFO    General                 (launch.hpp                : 151)   SPAdes finished
  0:01:21.935    64M / 9G    INFO    General                 (main.cpp                  : 109)   Assembling time: 0 hours 1 minutes 21 seconds

===== Assembling finished. Used k-mer sizes: 21, 33, 55, 77 

 * Corrected reads are in /data/djs217/PROJECTS/42_Xanthomonas/xanthomonas-euvesicatoria-serbia/01-genome-de-novo-assembly/SRR24958750_plasmid_assembly/corrected/
 * Assembled contigs are in /data/djs217/PROJECTS/42_Xanthomonas/xanthomonas-euvesicatoria-serbia/01-genome-de-novo-assembly/SRR24958750_plasmid_assembly/contigs.fasta
 * Assembled scaffolds are in /data/djs217/PROJECTS/42_Xanthomonas/xanthomonas-euvesicatoria-serbia/01-genome-de-novo-assembly/SRR24958750_plasmid_assembly/scaffolds.fasta
 * Paths in the assembly graph corresponding to the contigs are in /data/djs217/PROJECTS/42_Xanthomonas/xanthomonas-euvesicatoria-serbia/01-genome-de-novo-assembly/SRR24958750_plasmid_assembly/contigs.paths
 * Paths in the assembly graph corresponding to the scaffolds are in /data/djs217/PROJECTS/42_Xanthomonas/xanthomonas-euvesicatoria-serbia/01-genome-de-novo-assembly/SRR24958750_plasmid_assembly/scaffolds.paths
 * Assembly graph is in /data/djs217/PROJECTS/42_Xanthomonas/xanthomonas-euvesicatoria-serbia/01-genome-de-novo-assembly/SRR24958750_plasmid_assembly/assembly_graph.fastg
 * Assembly graph in GFA format is in /data/djs217/PROJECTS/42_Xanthomonas/xanthomonas-euvesicatoria-serbia/01-genome-de-novo-assembly/SRR24958750_plasmid_assembly/assembly_graph_with_scaffolds.gfa

======= SPAdes pipeline finished.

SPAdes log can be found here: /data/djs217/PROJECTS/42_Xanthomonas/xanthomonas-euvesicatoria-serbia/01-genome-de-novo-assembly/SRR24958750_plasmid_assembly/spades.log

Thank you for using SPAdes!
