gene	start	end	length	strand	gc_content	genetic_code	rbs_motif	marker	evalue	bitscore	uscg	plasmid_hallmark	virus_hallmark	taxid	taxname	annotation_conjscan	annotation_amr	annotation_accessions	annotation_description
JBHJCN010000001.1_1	3	785	783	1	0.623	11	None	GENOMAD.082990.PP	7.213e-80	267	0	0	0	1	NA	NA	NA	NA	NA
JBHJCN010000001.1_2	1240	2322	1083	1	0.532	11	GGA/GAG/AGG	NA	NA	NA	0	0	0	1	NA	NA	NA	NA	NA
JBHJCN010000001.1_3	2489	5614	3126	-1	0.651	11	GGA/GAG/AGG	NA	NA	NA	0	0	0	1	NA	NA	NA	NA	NA
JBHJCN010000001.1_4	5611	6681	1071	-1	0.680	11	AGGA	NA	NA	NA	0	0	0	1	NA	NA	NA	NA	NA
JBHJCN010000001.1_5	7083	9059	1977	-1	0.655	11	GGAG/GAGG	NA	NA	NA	0	0	0	1	NA	NA	NA	NA	NA
JBHJCN010000001.1_6	9059	9967	909	-1	0.666	11	None	NA	NA	NA	0	0	0	1	NA	NA	NA	NA	NA
JBHJCN010000001.1_7	10147	11994	1848	1	0.690	11	GGA/GAG/AGG	GENOMAD.148123.CP	2.55e-13	76	0	0	0	1	NA	NA	NA	PF08021;COG0543;TIGR02911;K11933	NAD(P)H-flavin reductase
JBHJCN010000001.1_8	12111	13817	1707	1	0.665	11	None	NA	NA	NA	0	0	0	1	NA	NA	NA	NA	NA
JBHJCN010000001.1_9	13814	14539	726	1	0.640	11	GGA/GAG/AGG	NA	NA	NA	0	0	0	1	NA	NA	NA	NA	NA
JBHJCN010000001.1_10	14666	16267	1602	-1	0.675	11	GGAG/GAGG	GENOMAD.154339.CP	1.45e-69	249	0	0	0	1	NA	NA	NA	PF03929;COG3182;K03863	PepSY-associated TM region
JBHJCN010000001.1_11	16267	18294	2028	-1	0.663	11	GGA/GAG/AGG	GENOMAD.127342.CP	2.34e-23	109	0	0	0	1	NA	NA	NA	PF11854;PF07715;TIGR01776;COG4773;K16090	TonB-dependent lactoferrin and transferrin receptors
JBHJCN010000001.1_12	18465	18902	438	-1	0.674	11	None	GENOMAD.072167.PP	1.499e-05	46	0	0	0	1	NA	NA	NA	PF11162	NA
JBHJCN010000001.1_13	19167	20402	1236	1	0.659	11	GGA/GAG/AGG	GENOMAD.178893.CP	5.046e-05	48	0	0	0	1	NA	NA	NA	PF15714;K20962;COG1956	GAF domain-containing protein, putative methionine-R-sulfoxide reductase
JBHJCN010000001.1_14	21346	21525	180	-1	0.717	11	GGA/GAG/AGG	NA	NA	NA	0	0	0	1	NA	NA	NA	NA	NA
JBHJCN010000001.1_15	21534	22517	984	-1	0.686	11	GGA/GAG/AGG	NA	NA	NA	0	0	0	1	NA	NA	NA	NA	NA
JBHJCN010000001.1_16	22681	23883	1203	1	0.731	11	AGGA/GGAG/GAGG	NA	NA	NA	0	0	0	1	NA	NA	NA	NA	NA
JBHJCN010000001.1_17	23900	24859	960	1	0.678	11	GGAG/GAGG	NA	NA	NA	0	0	0	1	NA	NA	NA	NA	NA
JBHJCN010000001.1_18	25156	25662	507	1	0.669	11	GGAG/GAGG	GENOMAD.161143.CP	1.176e-05	47	0	0	0	1	NA	NA	NA	PF02544;TIGR04571;COG4094	lipid A Kdo2 1-phosphate O-methyltransferase
JBHJCN010000001.1_19	25859	26398	540	1	0.631	11	None	NA	NA	NA	0	0	0	1	NA	NA	NA	NA	NA
JBHJCN010000001.1_20	26614	27618	1005	-1	0.627	11	AGGA	NA	NA	NA	0	0	0	1	NA	NA	NA	NA	NA
JBHJCN010000001.1_21	28181	29647	1467	-1	0.651	11	GGAGG	NA	NA	NA	0	0	0	1	NA	NA	NA	NA	NA
JBHJCN010000001.1_22	29906	30550	645	-1	0.667	11	GGA/GAG/AGG	GENOMAD.151287.CP	0.0002398	44	0	0	0	1	NA	NA	NA	PF13419;COG0637;TIGR01449;K01091	Beta-phosphoglucomutase or related phosphatase, HAD superfamily
JBHJCN010000001.1_23	30547	31722	1176	-1	0.668	11	GGA/GAG/AGG	NA	NA	NA	0	0	0	1	NA	NA	NA	NA	NA
JBHJCN010000001.1_24	32039	33397	1359	-1	0.702	11	GGAG/GAGG	GENOMAD.022838.CC	9.504e-133	430	0	0	0	1	NA	NA	NA	PF13163	NA
JBHJCN010000001.1_25	33394	35847	2454	-1	0.678	11	None	GENOMAD.003280.CC	0.0	1211	0	0	0	1	NA	NA	NA	COG5373	NA
JBHJCN010000001.1_26	36420	36890	471	-1	0.586	11	GGA/GAG/AGG	NA	NA	NA	0	0	0	1	NA	NA	NA	NA	NA
JBHJCN010000001.1_27	37100	38101	1002	-1	0.617	11	AGGAG	NA	NA	NA	0	0	0	1	NA	NA	NA	NA	NA
JBHJCN010000001.1_28	38566	39087	522	1	0.638	11	GGAG/GAGG	GENOMAD.208558.PC	6.029e-07	51	0	0	0	1	NA	NA	NA	PF08332;TIGR02246;COG4875;K10533	conserved hypothetical protein
JBHJCN010000001.1_29	39374	39997	624	1	0.643	11	GGA/GAG/AGG	GENOMAD.167222.CP	5.067e-30	120	0	0	0	1	NA	NA	NA	PF05736;K07275;COG3047;TIGR04565	Outer membrane protein W
JBHJCN010000001.1_30	40115	40729	615	1	0.631	11	None	GENOMAD.167534.CP	2.263e-15	77	0	0	0	1	NA	NA	NA	PF16961;K07275;COG3047;TIGR04565	Outer membrane protein W
JBHJCN010000001.1_31	40988	41761	774	1	0.695	11	None	NA	NA	NA	0	0	0	1	NA	NA	NA	NA	NA
JBHJCN010000001.1_32	41775	42599	825	1	0.652	11	GGAG/GAGG	GENOMAD.124145.CP	0.0004253	44	0	0	0	1	NA	NA	NF033105	PF19583;TIGR04559;K20257;COG0426	quinoprotein relay system zinc metallohydrolase 2
JBHJCN010000001.1_33	42675	43451	777	1	0.656	11	AGGAG	GENOMAD.132251.CP	3.054e-26	111	0	0	0	1	NA	NA	NA	NA	NA
JBHJCN010000001.1_34	43468	44154	687	1	0.693	11	None	NA	NA	NA	0	0	0	1	NA	NA	NA	NA	NA
JBHJCN010000001.1_35	44154	44768	615	1	0.662	11	GGAG/GAGG	NA	NA	NA	0	0	0	1	NA	NA	NA	NA	NA
JBHJCN010000001.1_36	44866	45450	585	-1	0.674	11	None	NA	NA	NA	0	0	0	1	NA	NA	NA	NA	NA
JBHJCN010000001.1_37	45447	46268	822	-1	0.659	11	None	GENOMAD.136404.CP	7.344e-09	59	0	0	0	1	NA	NA	NA	PF03544;TIGR01352	TonB family C-terminal domain
JBHJCN010000001.1_38	46287	46745	459	-1	0.651	11	AGGAG	NA	NA	NA	0	0	0	1	NA	NA	NA	NA	NA
JBHJCN010000001.1_39	46735	47100	366	-1	0.642	11	GGA/GAG/AGG	NA	NA	NA	0	0	0	1	NA	NA	NA	NA	NA
JBHJCN010000001.1_40	47225	49222	1998	1	0.655	11	GGA/GAG/AGG	NA	NA	NA	0	0	0	1	NA	NA	NA	NA	NA
JBHJCN010000001.1_41	49358	50533	1176	1	0.636	11	None	GENOMAD.208454.PC	4.076e-82	280	0	0	0	1	NA	NA	NA	PF16670	Phosphoinositide phospholipase C, Ca2+-dependent
JBHJCN010000001.1_42	50656	51444	789	1	0.626	11	GGA/GAG/AGG	NA	NA	NA	0	0	0	1	NA	NA	NA	NA	NA
JBHJCN010000001.1_43	51387	53369	1983	1	0.628	11	None	GENOMAD.152082.CP	2.881e-13	76	0	0	0	1	NA	NA	NA	PF00593;PF07715;PF00691;TIGR01782;COG4773;K16089	TonB-dependent receptor
JBHJCN010000001.1_44	53671	54678	1008	1	0.642	11	GGA/GAG/AGG	NA	NA	NA	0	0	0	1	NA	NA	NA	NA	NA
JBHJCN010000001.1_45	54681	55400	720	1	0.650	11	AGGA	NA	NA	NA	0	0	0	1	NA	NA	NA	NA	NA
JBHJCN010000001.1_46	55870	58053	2184	-1	0.628	11	GGAG/GAGG	GENOMAD.130354.CP	7.365e-116	393	0	0	0	1	NA	NA	NA	PF14905;PF07715;K16088;COG4773;TIGR01776	Outer membrane receptor for ferric coprogen and ferric-rhodotorulic acid
JBHJCN010000001.1_47	58773	60773	2001	-1	0.648	11	None	NA	NA	NA	0	0	0	1	NA	NA	NA	NA	NA
JBHJCN010000001.1_48	60979	62259	1281	-1	0.643	11	GGA/GAG/AGG	NA	NA	NA	0	0	0	1	NA	NA	NA	NA	NA
JBHJCN010000001.1_49	63085	64833	1749	-1	0.683	11	GGA/GAG/AGG	GENOMAD.097040.CP	5.788e-27	120	0	0	0	1	NA	NA	NA	NA	NA
JBHJCN010000001.1_50	64830	66647	1818	-1	0.670	11	GGAGG	GENOMAD.127016.CP	3.22e-07	56	0	0	0	1	NA	NA	NA	PF10516;TIGR03302;COG4455	outer membrane assembly lipoprotein YfiO
JBHJCN010000001.1_51	66635	67651	1017	-1	0.663	11	None	NA	NA	NA	0	0	0	1	NA	NA	NA	NA	NA
JBHJCN010000001.1_52	67648	68109	462	-1	0.706	11	GGAG/GAGG	GENOMAD.128916.CP	7.863e-46	163	0	0	0	1	NA	NA	NA	PF14316	NA
JBHJCN010000001.1_53	68112	69041	930	-1	0.698	11	None	GENOMAD.123116.CP	1.935e-07	55	0	0	0	1	NA	NA	NA	PF01882;PF05753;COG1721	Uncharacterized conserved protein, DUF58 family, contains vWF domain
JBHJCN010000001.1_54	69095	70114	1020	-1	0.664	11	None	NA	NA	NA	0	0	0	1	NA	NA	NA	NA	NA
JBHJCN010000001.1_55	70552	72501	1950	-1	0.599	11	GGA/GAG/AGG	GENOMAD.070464.CC	9.999e-28	123	0	0	0	1	NA	NA	NA	NA	NA
JBHJCN010000001.1_56	72521	73054	534	-1	0.635	11	GGA/GAG/AGG	GENOMAD.002097.CC	1.064e-70	236	0	0	0	1	NA	NA	NA	PF04351;K02665;COG3168	Tfp pilus assembly protein PilP
JBHJCN010000001.1_57	73051	73716	666	-1	0.605	11	AGGAGG	GENOMAD.000893.CC	6.149e-54	190	0	0	0	1	NA	NA	NA	PF04350;K23985;COG3167	Tfp pilus assembly protein PilO
JBHJCN010000001.1_58	73713	74495	783	-1	0.641	11	AGGAG	GENOMAD.000823.CC	3.859e-49	178	0	0	0	1	NA	NA	NA	PF12693;K02663;COG3166	Tfp pilus assembly protein PilN
JBHJCN010000001.1_59	74495	75553	1059	-1	0.631	11	GGAG/GAGG	GENOMAD.000156.CC	3.67e-63	223	0	0	0	1	NA	NA	NA	PF11104;TIGR01175;COG4972;K02662	type IV pilus assembly protein PilM
JBHJCN010000001.1_60	75766	78192	2427	1	0.656	11	GGA/GAG/AGG	NA	NA	NA	0	0	0	1	NA	NA	NA	NA	NA
JBHJCN010000001.1_61	78501	79151	651	1	0.670	11	GGAG/GAGG	GENOMAD.004530.CC	8.439e-27	111	0	0	0	1	NA	NA	NA	PF14091;COG2413;K07073	Predicted nucleotidyltransferase
JBHJCN010000001.1_62	79399	80688	1290	-1	0.608	11	AGGAG	GENOMAD.123376.CP	7.419e-68	240	0	0	0	1	NA	NA	NA	PF00285;TIGR01798;COG0372;K01659	citrate synthase I (hexameric type)
JBHJCN010000001.1_63	80918	81160	243	-1	0.539	11	None	NA	NA	NA	0	0	0	1	NA	NA	NA	NA	NA
JBHJCN010000001.1_64	81232	82170	939	-1	0.677	11	None	NA	NA	NA	0	0	0	1	NA	NA	NA	NA	NA
JBHJCN010000001.1_65	82293	84446	2154	-1	0.678	11	None	NA	NA	NA	0	0	0	1	NA	NA	NA	NA	NA
JBHJCN010000001.1_66	84467	84847	381	-1	0.654	11	GGAG/GAGG	GENOMAD.150994.CP	4.04e-06	47	0	0	0	1	NA	NA	NA	PF01042;TIGR03610;COG0251;K09021	pyrimidine utilization protein C
JBHJCN010000001.1_67	84927	87098	2172	-1	0.649	11	None	NA	NA	NA	0	0	0	1	NA	NA	NA	NA	NA
JBHJCN010000001.1_68	87226	87525	300	-1	0.637	11	GGAG/GAGG	GENOMAD.093361.CV	3.28e-07	49	0	0	0	1	NA	NA	NA	PF01192;COG1758;TIGR00690;K03060	DNA-directed RNA polymerase, subunit K/omega
JBHJCN010000001.1_69	87786	88397	612	-1	0.668	11	None	NA	NA	NA	0	0	0	1	NA	NA	NA	NA	NA
JBHJCN010000001.1_70	88549	89409	861	-1	0.667	11	GGA/GAG/AGG	GENOMAD.073106.CV	2.823e-85	284	0	0	0	1246	Caudoviricetes	NA	NA	PF03755;PF08340;TIGR00255;COG1561	TIGR00255 family protein
JBHJCN010000001.1_71	89519	90244	726	1	0.674	11	GGA/GAG/AGG	GENOMAD.067591.CV	7.554e-97	315	0	0	0	1246	Caudoviricetes	NA	NA	PF01138;PF03725;K00989;TIGR01966;COG0689	ribonuclease PH
JBHJCN010000001.1_72	90328	90633	306	1	0.657	11	None	GENOMAD.178375.CP	5.833e-10	57	0	0	0	1	NA	NA	NA	PF18029;COG3324;TIGR03081;K08234	Predicted enzyme related to lactoylglutathione lyase
JBHJCN010000001.1_73	90630	91229	600	1	0.660	11	GGAG/GAGG	NA	NA	NA	0	0	0	1	NA	NA	NA	NA	NA
JBHJCN010000001.1_74	91245	92402	1158	1	0.654	11	None	NA	NA	NA	0	0	0	1	NA	NA	NA	NA	NA
JBHJCN010000001.1_75	92701	95124	2424	1	0.684	11	GGA/GAG/AGG	GENOMAD.107195.CP	1.456e-138	463	0	0	0	1	NA	NA	NA	NA	NA
JBHJCN010000001.1_76	95121	95468	348	1	0.678	11	GGAG/GAGG	GENOMAD.013799.CC	3.799e-52	179	0	0	0	1	NA	NA	NA	PF16823;COG3215;TIGR02266	Tfp pilus assembly protein PilZ
JBHJCN010000001.1_77	95676	97001	1326	1	0.661	11	GGA/GAG/AGG	GENOMAD.191002.CP	1.774e-55	204	0	0	0	1	NA	NA	NA	PF05195	Putative metallopeptidase
JBHJCN010000001.1_78	97115	97513	399	1	0.674	11	GGA/GAG/AGG	NA	NA	NA	0	0	0	1	NA	NA	NA	NA	NA
JBHJCN010000001.1_79	97676	99004	1329	-1	0.658	11	None	GENOMAD.120563.CP	5.641e-09	61	0	0	0	1	NA	NA	NA	PF00557;K01271;COG0006;TIGR02993	Xaa-Pro aminopeptidase
JBHJCN010000001.1_80	99013	99555	543	-1	0.683	11	GGA/GAG/AGG	GENOMAD.111615.CP	8.698e-40	147	0	0	0	1	NA	NA	NA	PF03695;K09895;COG3079;TIGR02292	Uncharacterized conserved protein YgfB, UPF0149 family
JBHJCN010000001.1_81	99790	100011	222	1	0.662	11	None	GENOMAD.004052.CC	1.41e-19	83	0	0	0	1	NA	NA	NA	PF06005;TIGR02449;COG3074	TIGR02449 family protein
JBHJCN010000001.1_82	100008	100307	300	1	0.620	11	GGAG/GAGG	GENOMAD.001146.CC	4.378e-12	63	0	0	0	1	NA	NA	NA	PF05164;K09888;COG3027	Cell division protein ZapA, inhibits GTPase activity of FtsZ
JBHJCN010000001.1_83	100914	101504	591	1	0.699	11	GGA/GAG/AGG	NA	NA	NA	0	0	0	1	NA	NA	NA	NA	NA
JBHJCN010000001.1_84	101501	101977	477	1	0.618	11	None	GENOMAD.115277.CP	8.48e-39	143	0	0	0	1	NA	NA	NA	PF01878;COG2947	Predicted RNA-binding protein, contains PUA-like domain
JBHJCN010000001.1_85	102075	102722	648	1	0.657	11	GGA/GAG/AGG	NA	NA	NA	0	0	0	1	NA	NA	NA	NA	NA
JBHJCN010000001.1_86	102921	103334	414	1	0.647	11	None	NA	NA	NA	0	0	0	1	NA	NA	NA	NA	NA
JBHJCN010000001.1_87	103539	104384	846	1	0.661	11	None	GENOMAD.001272.CC	9.669e-33	131	0	0	0	1	NA	NA	NA	PF13369;COG2912	Regulator of sirC expression, contains transglutaminase-like and TPR domains
JBHJCN010000001.1_88	104529	104768	240	-1	0.629	11	None	GENOMAD.022030.CC	4.124e-05	42	0	0	0	1	NA	NA	NA	PF00301;COG1773;K05297	Rubredoxin
JBHJCN010000001.1_89	104792	105430	639	1	0.684	11	GGA/GAG/AGG	NA	NA	NA	0	0	0	1	NA	NA	NA	NA	NA
JBHJCN010000001.1_90	106269	109451	3183	-1	0.631	11	GGAG/GAGG	GENOMAD.125907.CP	1.41e-208	679	0	0	0	1	NA	NA	NA	PF14905;PF07715;TIGR01783;COG4771;K19611	TonB-dependent siderophore receptor
JBHJCN010000001.1_91	109754	111043	1290	1	0.674	11	AGGA	GENOMAD.118353.CP	5.597e-28	121	0	0	0	1	NA	NA	NA	NA	NA
JBHJCN010000001.1_92	111909	114680	2772	1	0.669	11	None	GENOMAD.154381.CP	1.915e-33	143	0	0	0	1	NA	NA	NA	PF09820;K03556;COG2909;TIGR02928	ATP-, maltotriose- and DNA-dependent transcriptional regulator MalT
JBHJCN010000001.1_93	114692	114829	138	1	0.616	11	GGA/GAG/AGG	NA	NA	NA	0	0	0	1	NA	NA	NA	NA	NA
JBHJCN010000001.1_94	114763	115212	450	-1	0.611	11	AGGAG	GENOMAD.130165.CV	2.289e-57	196	0	0	0	1	NA	NA	NA	PF13473;COG3241;TIGR02695;K02638	Azurin
JBHJCN010000001.1_95	115423	116625	1203	-1	0.646	11	GGAGG	NA	NA	NA	0	0	0	1	NA	NA	NA	NA	NA
JBHJCN010000001.1_96	116656	117159	504	-1	0.619	11	AGGA	GENOMAD.146177.CP	1.26e-55	192	0	0	0	1	NA	NA	NA	PF01042;COG0251;TIGR00004;K09021	Enamine deaminase RidA, house cleaning of reactive enamine intermediates, YjgF/YER057c/UK114 family
JBHJCN010000001.1_97	117184	117609	426	-1	0.655	11	GGAGG	GENOMAD.132779.CP	5.256e-09	56	0	0	0	1	NA	NA	NA	PF09086;K00406;COG2010;TIGR04494	Cytochrome c, mono- and diheme variants
JBHJCN010000001.1_98	117606	119213	1608	-1	0.636	11	GGA/GAG/AGG	NA	NA	NA	0	0	0	1	NA	NA	NA	NA	NA
JBHJCN010000001.1_99	119283	121529	2247	-1	0.629	11	GGA/GAG/AGG	GENOMAD.179607.CP	2.446e-78	282	0	0	0	1	NA	NA	NA	K16091;COG4206	Outer membrane cobalamin receptor protein
JBHJCN010000001.1_100	121815	122432	618	1	0.673	11	GGA/GAG/AGG	GENOMAD.146405.CP	2.342e-39	147	0	0	0	1	NA	NA	NA	PF12689;K20866;TIGR01656;COG0241	histidinol-phosphate phosphatase family domain
JBHJCN010000001.1_101	122618	123844	1227	-1	0.678	11	None	NA	NA	NA	0	0	0	1	NA	NA	NA	NA	NA
JBHJCN010000001.1_102	123917	124789	873	1	0.647	11	None	NA	NA	NA	0	0	0	1	NA	NA	NA	NA	NA
JBHJCN010000001.1_103	124930	125745	816	-1	0.661	11	None	NA	NA	NA	0	0	0	1	NA	NA	NA	NA	NA
JBHJCN010000001.1_104	125870	126598	729	-1	0.686	11	GGAG/GAGG	GENOMAD.142991.CP	9.82e-112	358	0	0	0	1	NA	NA	NA	PF01633;COG2112;K13419;TIGR03724	Predicted Ser/Thr protein kinase
JBHJCN010000001.1_105	126681	128768	2088	1	0.672	11	None	GENOMAD.133581.CP	9.344e-15	81	0	0	0	1	NA	NA	NA	PF09335;K03975;COG0586	Uncharacterized membrane protein DedA, SNARE-associated domain
JBHJCN010000001.1_106	129180	130064	885	-1	0.615	11	GGAG/GAGG	NA	NA	NA	0	0	0	1	NA	NA	NA	NA	NA
JBHJCN010000001.1_107	130344	130940	597	-1	0.648	11	None	GENOMAD.000566.CC	7.523e-31	122	0	0	0	1	NA	NA	NA	PF02190;K07157;COG0466;TIGR00763	ATP-dependent Lon protease, bacterial type
JBHJCN010000001.1_108	130940	132307	1368	-1	0.668	11	None	GENOMAD.089563.CP	6.496e-47	179	1	0	0	1	NA	NA	NA	PF08245;PF02875;K01924;TIGR01082;COG0773	UDP-N-acetylmuramate--L-alanine ligase
JBHJCN010000001.1_109	132660	133223	564	-1	0.654	11	GGAG/GAGG	NA	NA	NA	0	0	0	1	NA	NA	NA	NA	NA
JBHJCN010000001.1_110	133383	134639	1257	1	0.658	11	AGGAG/GGAGG	NA	NA	NA	0	0	0	1	NA	NA	NA	NA	NA
JBHJCN010000001.1_111	135211	135480	270	1	0.567	11	GGA/GAG/AGG	GENOMAD.043515.PP	1.372e-34	127	0	1	0	1	NA	B_traI	NA	PF13605;TIGR02791;COG5314;K03200	P-type DNA transfer protein VirB5
JBHJCN010000001.1_112	135599	135973	375	1	0.517	11	None	GENOMAD.043515.PP	6.48e-59	199	0	1	0	1	NA	B_traI	NA	PF13605;TIGR02791;COG5314;K03200	P-type DNA transfer protein VirB5
JBHJCN010000001.1_113	136021	137139	1119	1	0.611	11	GGA/GAG/AGG	GENOMAD.022765.PP	7.992e-205	634	0	1	0	1	NA	T_virB6	NA	K03201;COG3704	Type IV secretory pathway, VirB6 components
JBHJCN010000001.1_114	138228	138812	585	1	0.485	11	AGGA	NA	NA	NA	0	0	0	1	NA	NA	NA	NA	NA
JBHJCN010000001.1_115	138809	140158	1350	1	0.601	11	GGA/GAG/AGG	NA	NA	NA	0	0	0	1	NA	NA	NA	NA	NA
JBHJCN010000001.1_116	140161	141345	1185	1	0.583	11	None	GENOMAD.022765.PP	2.853e-201	625	0	1	0	1	NA	T_virB6	NA	K03201;COG3704	Type IV secretory pathway, VirB6 components
JBHJCN010000001.1_117	142285	142869	585	1	0.489	11	AGGA	NA	NA	NA	0	0	0	1	NA	NA	NA	NA	NA
JBHJCN010000001.1_118	142866	144215	1350	1	0.584	11	None	NA	NA	NA	0	0	0	1	NA	NA	NA	NA	NA
JBHJCN010000001.1_119	144220	145392	1173	1	0.598	11	None	GENOMAD.022765.PP	9.795e-203	629	0	1	0	1	NA	T_virB6	NA	K03201;COG3704	Type IV secretory pathway, VirB6 components
JBHJCN010000001.1_120	146423	147001	579	1	0.516	11	AGGA	NA	NA	NA	0	0	0	1	NA	NA	NA	NA	NA
JBHJCN010000001.1_121	146998	148350	1353	1	0.586	11	AGGA	NA	NA	NA	0	0	0	1	NA	NA	NA	NA	NA
JBHJCN010000001.1_122	148512	149036	525	-1	0.642	11	AGGAG	NA	NA	NA	0	0	0	1	NA	NA	NA	NA	NA
JBHJCN010000001.1_123	149288	151315	2028	1	0.634	11	GGAGG	GENOMAD.088363.CV	5e-324	996	0	0	0	1246	Caudoviricetes	NA	NA	K15987;COG3808	Na+ or H+-translocating membrane pyrophosphatase
JBHJCN010000001.1_124	151603	152085	483	-1	0.663	11	AGGA	NA	NA	NA	0	0	0	1	NA	NA	NA	NA	NA
JBHJCN010000001.1_125	152283	152819	537	1	0.618	11	GGAG/GAGG	NA	NA	NA	0	0	0	1	NA	NA	NA	NA	NA
JBHJCN010000001.1_126	152966	154081	1116	1	0.677	11	GGA/GAG/AGG	NA	NA	NA	0	0	0	1	NA	NA	NA	NA	NA
JBHJCN010000001.1_127	154498	157341	2844	-1	0.624	11	GGAG/GAGG	NA	NA	NA	0	0	0	1	NA	NA	NA	NA	NA
JBHJCN010000001.1_128	157390	158283	894	-1	0.628	11	AGxAGG/AGGxGG	NA	NA	NA	0	0	0	1	NA	NA	NA	NA	NA
JBHJCN010000001.1_129	158394	160733	2340	-1	0.662	11	None	NA	NA	NA	0	0	0	1	NA	NA	NA	NA	NA
JBHJCN010000001.1_130	161159	163036	1878	-1	0.634	11	AGGA	GENOMAD.121487.CP	7.733e-15	81	0	0	0	1	NA	NA	NA	NA	NA
JBHJCN010000001.1_131	163656	166427	2772	1	0.608	11	None	NA	NA	NA	0	0	0	1	NA	NA	NA	NA	NA
JBHJCN010000001.1_132	166691	168529	1839	-1	0.694	11	AGGAG	NA	NA	NA	0	0	0	1	NA	NA	NA	NA	NA
JBHJCN010000001.1_133	168608	170317	1710	-1	0.661	11	GGA/GAG/AGG	NA	NA	NA	0	0	0	1	NA	NA	NA	NA	NA
JBHJCN010000001.1_134	170969	171970	1002	1	0.627	11	AGGA	NA	NA	NA	0	0	0	1	NA	NA	NA	NA	NA
JBHJCN010000001.1_135	172014	173735	1722	1	0.667	11	GGA/GAG/AGG	NA	NA	NA	0	0	0	1	NA	NA	NA	NA	NA
JBHJCN010000001.1_136	173719	173976	258	1	0.647	11	AGGAG	GENOMAD.177562.CP	9.933e-44	153	0	0	0	1	NA	NA	NA	PF13291;K11258;TIGR00119;COG0440	acetolactate synthase, small subunit
JBHJCN010000001.1_137	174100	175170	1071	1	0.682	11	GGAG/GAGG	GENOMAD.178810.CP	4.65e-06	51	0	0	0	1	NA	NA	NA	PF19465;PF00135;K01753;TIGR02035;COG3048	D-serine ammonia-lyase
JBHJCN010000001.1_138	175167	176729	1563	1	0.642	11	AGGAG	GENOMAD.126256.CP	9.039e-10	64	0	0	0	1	NA	NA	NA	PF00682;TIGR00970;COG0119;K15742	2-isopropylmalate synthase, yeast type
JBHJCN010000001.1_139	177074	178147	1074	-1	0.640	11	GGAG/GAGG	NA	NA	NA	0	0	0	1	NA	NA	NA	NA	NA
JBHJCN010000001.1_140	178238	178885	648	-1	0.625	11	None	GENOMAD.120765.CP	2.267e-22	98	0	0	0	1	NA	NA	NA	PF00694;K01704;COG0066;TIGR00171	3-isopropylmalate dehydratase small subunit
JBHJCN010000001.1_141	178967	180415	1449	-1	0.660	11	GGA/GAG/AGG	GENOMAD.120831.CP	8.452e-83	286	0	0	0	1	NA	NA	NA	PF00330;K01702;TIGR00170;COG0065	3-isopropylmalate dehydratase, large subunit
JBHJCN010000001.1_142	180536	181420	885	1	0.677	11	AGGA	NA	NA	NA	0	0	0	1	NA	NA	NA	NA	NA
JBHJCN010000001.1_143	181663	184614	2952	-1	0.684	11	None	GENOMAD.140631.CP	2.014e-05	51	0	0	0	1	NA	NA	NA	PF19193;K19693;COG3292	Periplasmic ligand-binding sensor domain
JBHJCN010000001.1_144	184883	185536	654	1	0.642	11	None	GENOMAD.116548.CP	2.249e-124	393	0	0	0	1	NA	NA	NA	PF13022;PF14246;K18301;TIGR03384;COG3226	transcriptional repressor BetI
JBHJCN010000001.1_145	185665	186321	657	1	0.665	11	GGA/GAG/AGG	GENOMAD.127063.CP	9.011e-27	111	0	0	0	1	NA	NA	NA	PF01135;TIGR04364;COG2518	methyltransferase, FxLD system
JBHJCN010000001.1_146	186342	187724	1383	1	0.653	11	AGGA	GENOMAD.126996.CP	2.248e-30	129	0	0	0	1	NA	NA	NA	PF02321;K12538;TIGR01844;COG1538	type I secretion outer membrane protein, TolC family
JBHJCN010000001.1_147	187999	189315	1317	-1	0.664	11	None	GENOMAD.043073.CC	0.0002296	46	0	0	0	1	NA	NA	NA	PF04413;K02527	3-Deoxy-D-manno-octulosonic-acid transferase (kdotransferase)
JBHJCN010000001.1_148	189608	190528	921	1	0.648	11	None	GENOMAD.123560.CP	1.021e-19	93	0	0	0	1	NA	NA	NA	PF03279;K02517;TIGR02208;COG1560	lipid A biosynthesis (KDO)2-(lauroyl)-lipid IVA acyltransferase
JBHJCN010000001.1_149	190621	191952	1332	-1	0.683	11	None	GENOMAD.145379.CP	9.518e-221	684	0	0	0	1	NA	NA	NA	K16705	NA
JBHJCN010000001.1_150	191933	193045	1113	-1	0.697	11	None	GENOMAD.129448.CP	1.994e-28	121	0	0	0	1	NA	NA	NA	PF20471;TIGR03088;K19002;COG0297	sugar transferase, PEP-CTERM/EpsH1 system associated
JBHJCN010000001.1_151	193056	193253	198	-1	0.682	11	None	GENOMAD.009130.CC	1.367e-23	94	0	0	0	1	NA	NA	NA	PF10276;COG4391	Uncharacterized conserved protein, contains Zn-finger domain
JBHJCN010000001.1_152	193567	196929	3363	1	0.654	11	AGGAG	GENOMAD.145622.CP	5.195e-261	835	0	0	0	1246	Caudoviricetes	NA	NA	PF07971;PF17678;TIGR01180;COG3537	alpha-1,2-mannosidase, putative
JBHJCN010000001.1_153	197290	199599	2310	-1	0.656	11	None	GENOMAD.127123.CP	0.0004914	46	0	0	0	1246	Caudoviricetes	NA	NA	NA	NA
JBHJCN010000001.1_154	199796	201169	1374	-1	0.647	11	GGAG/GAGG	NA	NA	NA	0	0	0	1	NA	NA	NA	NA	NA
JBHJCN010000001.1_155	201453	202625	1173	1	0.654	11	None	GENOMAD.177447.CP	2.898e-11	68	0	0	0	1246	Caudoviricetes	NA	NA	PF07396;PF05736;K07221;COG3746	Phosphate-selective porin O and P; OprF membrane domain
JBHJCN010000001.1_156	202990	205635	2646	1	0.683	11	None	GENOMAD.166313.CP	2.976e-36	152	0	0	0	1	NA	NA	NA	PF02743;K17060	Cache domain
JBHJCN010000001.1_157	205970	207292	1323	1	0.642	11	GGAGG	NA	NA	NA	0	0	0	1	NA	NA	NA	NA	NA
JBHJCN010000001.1_158	207289	208068	780	1	0.636	11	AGGAG	NA	NA	NA	0	0	0	1	NA	NA	NA	NA	NA
JBHJCN010000001.1_159	208060	208962	903	-1	0.652	11	None	NA	NA	NA	0	0	0	1	NA	NA	NA	NA	NA
JBHJCN010000001.1_160	209212	210282	1071	1	0.661	11	GGAG/GAGG	NA	NA	NA	0	0	0	1	NA	NA	NA	NA	NA
JBHJCN010000001.1_161	210299	210844	546	1	0.668	11	GGAG/GAGG	GENOMAD.207447.PC	5.959e-26	107	0	0	0	1	NA	NA	NA	PF20409;K06893;COG4308;TIGR02096	SnoaL-like domain
JBHJCN010000001.1_162	210841	211224	384	1	0.674	11	GGA/GAG/AGG	GENOMAD.197162.PC	1.317e-36	135	0	0	0	1	NA	NA	NA	PF11512	Agrobacterium tumefaciens protein Atu4866
JBHJCN010000001.1_163	211449	212087	639	-1	0.657	11	None	NA	NA	NA	0	0	0	1	NA	NA	NA	NA	NA
JBHJCN010000001.1_164	212297	213346	1050	-1	0.695	11	GGAGG	GENOMAD.192709.PC	6.815e-64	225	0	0	0	1	NA	NA	NA	PF13531;TIGR03261;K02012;COG1840	putative 2-aminoethylphosphonate ABC transporter, periplasmic 2-aminoethylphosphonate-binding protein
JBHJCN010000001.1_165	213346	214731	1386	-1	0.689	11	GGAG/GAGG	GENOMAD.169710.PC	1.014e-29	127	0	0	0	1	NA	NA	NA	PF08521	Two-component sensor kinase N-terminal
JBHJCN010000001.1_166	214724	215425	702	-1	0.657	11	None	NA	NA	NA	0	0	0	1	NA	NA	NA	NA	NA
JBHJCN010000001.1_167	215681	216874	1194	1	0.642	11	GGAGG	NA	NA	NA	0	0	0	1	NA	NA	NA	NA	NA
JBHJCN010000001.1_168	217101	218429	1329	1	0.633	11	AGGA	GENOMAD.189690.PC	1.423e-101	339	0	0	0	1	NA	NA	NA	COG2851	Mg2+/citrate symporter
JBHJCN010000001.1_169	218548	219288	741	1	0.649	11	AGGAG	NA	NA	NA	0	0	0	1	NA	NA	NA	NA	NA
JBHJCN010000001.1_170	219534	220565	1032	1	0.671	11	None	NA	NA	NA	0	0	0	1	NA	NA	NA	NA	NA
JBHJCN010000001.1_171	220760	222085	1326	-1	0.656	11	GGA/GAG/AGG	GENOMAD.152654.CP	1.143e-08	60	0	0	0	1	NA	NA	NF012174	PF03825;K16211;TIGR00792;COG2211	sugar (Glycoside-Pentoside-Hexuronide) transporter
JBHJCN010000001.1_172	222352	224814	2463	1	0.654	11	GGA/GAG/AGG	GENOMAD.136547.CP	2.693e-213	682	0	0	0	1	NA	NA	NA	PF14905;PF07715;K16090;TIGR01776;COG4774	TonB-dependent lactoferrin and transferrin receptors
JBHJCN010000001.1_173	224849	226768	1920	1	0.648	11	None	NA	NA	NA	0	0	0	1	NA	NA	NA	NA	NA
JBHJCN010000001.1_174	226954	227634	681	-1	0.626	11	GGAG/GAGG	NA	NA	NA	0	0	0	1	NA	NA	NA	NA	NA
JBHJCN010000001.1_175	227926	229188	1263	-1	0.660	11	GGxGG	GENOMAD.182562.CP	9.819e-218	674	0	0	0	1	NA	NA	NA	PF08014;COG3930;TIGR02421	conserved hypothetical protein
JBHJCN010000001.1_176	229188	230279	1092	-1	0.677	11	None	GENOMAD.125774.CP	2.735e-46	174	0	0	0	1	NA	NA	NA	PF03193;PF16745;K06949;TIGR00157;COG1162	ribosome small subunit-dependent GTPase A
JBHJCN010000001.1_177	230433	231704	1272	1	0.671	11	None	GENOMAD.099160.CP	5.183e-09	61	0	0	0	1	NA	NA	NA	PF12897;TIGR03542;K08969;COG1168	LL-diaminopimelate aminotransferase
JBHJCN010000001.1_178	231704	232354	651	1	0.653	11	None	GENOMAD.190945.CP	2.646e-05	47	0	0	0	1	NA	NA	NA	PF17182;COG2755;K09795	OSK domain
JBHJCN010000001.1_179	232803	233474	672	1	0.674	11	None	NA	NA	NA	0	0	0	1	NA	NA	NA	NA	NA
JBHJCN010000001.1_180	233621	234397	777	-1	0.714	11	None	NA	NA	NA	0	0	0	1	NA	NA	NA	NA	NA
JBHJCN010000001.1_181	234458	235384	927	1	0.669	11	None	GENOMAD.115269.CP	5.137e-26	112	0	0	0	1	NA	NA	NA	PF01722;PF04908;COG5007;TIGR00365;K05527	Acid stress-induced BolA-like protein IbaG/YrbA, predicted regulator of iron metabolism
JBHJCN010000001.1_182	235583	236452	870	1	0.670	11	AGGA	NA	NA	NA	0	0	0	1	NA	NA	NA	NA	NA
JBHJCN010000001.1_183	236607	237167	561	-1	0.613	11	GGA/GAG/AGG	NA	NA	NA	0	0	0	1	NA	NA	NA	NA	NA
JBHJCN010000001.1_184	237307	238716	1410	1	0.663	11	GGA/GAG/AGG	GENOMAD.104542.CP	8.526e-53	197	0	0	0	1	NA	NA	NA	COG0804;TIGR01792;K12960	Urease alpha subunit
JBHJCN010000001.1_185	238713	239993	1281	1	0.678	11	AGGAG	GENOMAD.124521.CP	1.477e-67	239	0	0	0	1	NA	NA	NA	COG1228;TIGR03178;K01468	Imidazolonepropionase or related amidohydrolase
JBHJCN010000001.1_186	240352	240621	270	1	0.656	11	None	GENOMAD.216367.VC	4.14e-16	74	0	0	0	1	NA	NA	NA	PF02893;COG4687	GRAM domain
JBHJCN010000001.1_187	240987	242531	1545	1	0.645	11	None	NA	NA	NA	0	0	0	1	NA	NA	NA	NA	NA
JBHJCN010000001.1_188	242970	243785	816	-1	0.619	11	GGAG/GAGG	NA	NA	NA	0	0	0	1	NA	NA	NA	NA	NA
JBHJCN010000001.1_189	244265	245209	945	1	0.637	11	GGAGG	GENOMAD.159975.CP	1.411e-88	295	0	0	0	1	NA	NA	NA	PF02645;COG1307;TIGR00762	Fatty acid-binding protein DegV (function unknown)
JBHJCN010000001.1_190	245417	245932	516	-1	0.614	11	AGGAG	NA	NA	NA	0	0	0	1	NA	NA	NA	NA	NA
JBHJCN010000001.1_191	246210	246632	423	-1	0.650	11	GGA/GAG/AGG	NA	NA	NA	0	0	0	1	NA	NA	NA	NA	NA
JBHJCN010000001.1_192	246975	247400	426	1	0.676	11	AGGA	NA	NA	NA	0	0	0	1	NA	NA	NA	NA	NA
JBHJCN010000001.1_193	247393	249051	1659	1	0.666	11	GGAG/GAGG	NA	NA	NA	0	0	0	1	NA	NA	NA	NA	NA
JBHJCN010000001.1_194	249283	253812	4530	-1	0.697	11	GGAG/GAGG	GENOMAD.132314.CP	6.021e-115	410	0	0	0	1	NA	NA	NA	PF05420;PF12569;PF13512;TIGR02917;COG5107;K11935	Cellulose synthase operon protein C C-terminus (BCSC_C); N-terminal acetyltransferase A, auxiliary subunit; Tetratricopeptide repeat
JBHJCN010000001.1_195	253794	254975	1182	-1	0.688	11	GGxGG	NA	NA	NA	0	0	0	1	NA	NA	NA	NA	NA
JBHJCN010000001.1_196	254972	257191	2220	-1	0.666	11	GGA/GAG/AGG	GENOMAD.223208.PC	2.394e-22	106	0	0	0	1	NA	NA	NA	PF03170	Bacterial cellulose synthase subunit
JBHJCN010000001.1_197	257341	258153	813	-1	0.652	11	None	NA	NA	NA	0	0	0	1	NA	NA	NA	NA	NA
JBHJCN010000001.1_198	258175	259485	1311	-1	0.645	11	AGGA	NA	NA	NA	0	0	0	1	NA	NA	NA	NA	NA
JBHJCN010000001.1_199	259570	260046	477	-1	0.711	11	AGGAG	NA	NA	NA	0	0	0	1	NA	NA	NA	NA	NA
JBHJCN010000001.1_200	260075	260530	456	-1	0.678	11	None	GENOMAD.205619.PC	1.398e-38	142	0	0	0	1	NA	NA	NA	PF03500	Cellulose synthase subunit D
JBHJCN010000001.1_201	260738	261916	1179	-1	0.640	11	None	NA	NA	NA	0	0	0	1	NA	NA	NA	NA	NA
JBHJCN010000001.1_202	262310	263278	969	-1	0.666	11	GGAG/GAGG	NA	NA	NA	0	0	0	1	NA	NA	NA	NA	NA
JBHJCN010000001.1_203	263260	264657	1398	-1	0.691	11	GGAG/GAGG	NA	NA	NA	0	0	0	1	NA	NA	NA	NA	NA
JBHJCN010000001.1_204	264605	266512	1908	-1	0.631	11	GGAG/GAGG	GENOMAD.110066.CP	9.475e-05	48	0	0	0	1	NA	NA	NA	PF05157;K02652;TIGR02538;COG2804	type IV-A pilus assembly ATPase PilB
JBHJCN010000001.1_205	266523	267557	1035	-1	0.647	11	AGGA	GENOMAD.033146.CC	8.727e-190	589	0	0	0	1	NA	NA	NA	PF11383;K20326;COG4313	Putative MetA-pathway of phenol degradation
JBHJCN010000001.1_206	267686	268525	840	-1	0.665	11	GGA/GAG/AGG	NA	NA	NA	0	0	0	1	NA	NA	NA	NA	NA
JBHJCN010000001.1_207	269129	270286	1158	1	0.678	11	GGAG/GAGG	GENOMAD.162212.CP	1.292e-06	53	0	0	0	1	NA	NA	NA	PF03881;K02204;TIGR00938;COG2334	homoserine kinase, Neisseria type
JBHJCN010000001.1_208	270318	272480	2163	1	0.659	11	GGA/GAG/AGG	GENOMAD.158094.CP	3.719e-108	370	0	0	0	1	NA	NA	NA	PF14905;PF07715;K16090;TIGR01776;COG4773	TonB-dependent lactoferrin and transferrin receptors
JBHJCN010000001.1_209	272661	273236	576	1	0.641	11	GGA/GAG/AGG	NA	NA	NA	0	0	0	1	NA	NA	NA	NA	NA
JBHJCN010000001.1_210	273342	274070	729	1	0.658	11	None	GENOMAD.205743.CP	0.000325	44	0	0	0	1	NA	NA	NA	PF00392;COG2188;K03486;TIGR02404	DNA-binding transcriptional regulator, GntR family
JBHJCN010000001.1_211	274544	275296	753	-1	0.697	11	None	NA	NA	NA	0	0	0	1	NA	NA	NA	NA	NA
JBHJCN010000001.1_212	275427	275726	300	-1	0.420	11	GGAGG	NA	NA	NA	0	0	0	1	NA	NA	NA	NA	NA
JBHJCN010000001.1_213	275798	278089	2292	-1	0.579	11	None	NA	NA	NA	0	0	0	1	NA	NA	NA	NA	NA
JBHJCN010000001.1_214	278086	278883	798	-1	0.706	11	GGAGG	NA	NA	NA	0	0	0	1	NA	NA	NA	NA	NA
JBHJCN010000001.1_215	278873	279526	654	-1	0.685	11	AGGAG	GENOMAD.192187.CP	8.185e-28	114	0	0	0	1	NA	NA	NA	PF04350;COG3167;K02462	Tfp pilus assembly protein PilO
JBHJCN010000001.1_216	279510	280631	1122	-1	0.676	11	GGAG/GAGG	GENOMAD.160484.CP	3.691e-161	508	0	0	0	1	NA	NA	NA	PF12693;PF05134;K02461;TIGR01709;COG3297	type II secretion system protein L
JBHJCN010000001.1_217	280628	281479	852	-1	0.658	11	GGxGG	GENOMAD.152488.CP	2.62e-14	76	0	0	0	1	NA	NA	NA	PF03934;COG3156;K02460;TIGR02600	Type II secretory pathway, component PulK
JBHJCN010000001.1_218	281476	282111	636	-1	0.668	11	GGA/GAG/AGG	GENOMAD.190410.CP	1.286e-29	119	0	0	0	1	NA	NA	NA	PF07379;K02459;TIGR01711;COG4795	type II secretion system protein J
JBHJCN010000001.1_219	282108	282524	417	-1	0.674	11	GGA/GAG/AGG	GENOMAD.161255.CP	2.336e-68	227	0	0	0	1	NA	NA	NA	PF07379;K02458;TIGR01707;COG4967	type II secretion system protein I
JBHJCN010000001.1_220	282521	283030	510	-1	0.692	11	None	GENOMAD.168400.CP	5.087e-32	124	0	0	0	1	NA	NA	NA	PF12019;PF07379;TIGR01708;K02457;COG4970	type II secretion system protein H
JBHJCN010000001.1_221	283040	283471	432	-1	0.641	11	AGGA	NA	NA	NA	0	0	0	1	NA	NA	NA	NA	NA
JBHJCN010000001.1_222	283741	284958	1218	-1	0.644	11	None	GENOMAD.117243.CP	2.029e-42	164	0	0	0	1	NA	NA	NA	PF00482;K02455;TIGR02120;COG1459	type II secretion system protein F
JBHJCN010000001.1_223	285134	286861	1728	-1	0.632	11	GGAG/GAGG	GENOMAD.034940.CC	1.335e-18	93	0	0	0	1	NA	NA	NA	TIGR02538	type IV-A pilus assembly ATPase PilB
JBHJCN010000001.1_224	286991	288874	1884	-1	0.679	11	GGAG/GAGG	GENOMAD.190262.VC	2.478e-09	63	0	0	0	1246	Caudoviricetes	NA	NA	K01342;TIGR03921;COG1404	type VII secretion-associated serine protease mycosin
JBHJCN010000001.1_225	289098	296162	7065	-1	0.688	11	AGGAG	GENOMAD.170232.VV	0.0001083	50	0	0	0	1246	Caudoviricetes	NA	NA	NA	NA
JBHJCN010000001.1_226	296701	298584	1884	-1	0.668	11	AGGA	GENOMAD.190262.VC	6.073e-10	65	0	0	0	1246	Caudoviricetes	NA	NA	K01342;TIGR03921;COG1404	type VII secretion-associated serine protease mycosin
JBHJCN010000001.1_227	298687	301884	3198	-1	0.679	11	GGAG/GAGG	NA	NA	NA	0	0	0	1	NA	NA	NA	NA	NA
JBHJCN010000001.1_228	302531	306577	4047	-1	0.687	11	None	GENOMAD.121610.CV	1.764e-71	269	1	0	0	1246	Caudoviricetes	NA	NA	PF13507;COG0047	CobB/CobQ-like glutamine amidotransferase domain
JBHJCN010000001.1_229	306895	307692	798	-1	0.668	11	GGA/GAG/AGG	GENOMAD.146337.PC	1.671e-41	156	0	0	0	1	NA	NA	NA	PF13462;PF10411;K03981;COG1651;TIGR00385	Protein-disulfide isomerase
JBHJCN010000001.1_230	308173	309264	1092	-1	0.680	11	None	NA	NA	NA	0	0	0	1	NA	NA	NA	NA	NA
JBHJCN010000001.1_231	309500	309967	468	1	0.684	11	None	GENOMAD.148481.CP	1.674e-88	286	0	0	0	1	NA	NA	NA	PF06271;COG1714	Uncharacterized membrane protein YckC, RDD family
JBHJCN010000001.1_232	310078	310377	300	-1	0.607	11	None	NA	NA	NA	0	0	0	1	NA	NA	NA	NA	NA
JBHJCN010000001.1_233	310382	311488	1107	-1	0.650	11	GGxGG	GENOMAD.074903.CP	7.607e-60	214	0	0	0	1	NA	NA	NA	PF03739;K11720;COG0795	Lipopolysaccharide export system permease LptF/LptG
JBHJCN010000001.1_234	311485	312567	1083	-1	0.671	11	None	GENOMAD.099678.CP	4.145e-52	191	0	0	0	1	NA	NA	NA	K07091;COG0795	Lipopolysaccharide export LptBFGC system, permease protein LptF
JBHJCN010000001.1_235	312675	314147	1473	1	0.690	11	GGA/GAG/AGG	NA	NA	NA	0	0	0	1	NA	NA	NA	NA	NA
JBHJCN010000001.1_236	314147	314518	372	1	0.688	11	GGA/GAG/AGG	NA	NA	NA	0	0	0	1	NA	NA	NA	NA	NA
JBHJCN010000001.1_237	314518	314943	426	1	0.678	11	None	GENOMAD.001478.CC	7.436e-74	243	0	0	0	1	NA	NA	NA	PF04364;COG2927;K02339	DNA polymerase III chi subunit, HolC
JBHJCN010000001.1_238	315142	318084	2943	1	0.637	11	None	NA	NA	NA	0	0	0	1	NA	NA	NA	NA	NA
JBHJCN010000001.1_239	318383	321262	2880	-1	0.624	11	GGAG/GAGG	GENOMAD.183275.CP	0.0006416	46	0	0	0	1	NA	NA	NA	PF14905;PF07715;TIGR01776;K16091;COG4206	TonB-dependent lactoferrin and transferrin receptors
JBHJCN010000001.1_240	321502	323496	1995	1	0.663	11	GGA/GAG/AGG	GENOMAD.145352.CP	6.149e-91	317	0	0	0	1	NA	NA	NA	PF00760;PF14718;K08309;COG0741	Cucumovirus coat protein; Soluble lytic murein transglycosylase L domain
JBHJCN010000001.1_241	323857	324936	1080	-1	0.594	11	GGAG/GAGG	NA	NA	NA	0	0	0	1	NA	NA	NA	NA	NA
JBHJCN010000001.1_242	325742	326182	441	-1	0.646	11	None	GENOMAD.124272.CV	1.035e-12	67	0	0	0	1246	Caudoviricetes	NA	NA	PF13420;TIGR01575;COG0456;K03825	ribosomal-protein-alanine acetyltransferase
JBHJCN010000001.1_243	326221	326676	456	-1	0.724	11	GGA/GAG/AGG	NA	NA	NA	0	0	0	1	NA	NA	NA	NA	NA
JBHJCN010000001.1_244	326699	327463	765	-1	0.668	11	GGA/GAG/AGG	GENOMAD.118667.CP	4.94e-30	122	0	0	0	1	NA	NA	NA	PF01066;K17103;COG1183	Phosphatidylserine synthase
JBHJCN010000001.1_245	327604	328005	402	1	0.701	11	GGA/GAG/AGG	GENOMAD.130275.CV	2.26e-06	48	0	0	0	1	NA	NA	NA	PF19625;PF13511	NA
JBHJCN010000001.1_246	328350	330044	1695	1	0.657	11	None	NA	NA	NA	0	0	0	1	NA	NA	NA	NA	NA
JBHJCN010000001.1_247	330188	330649	462	1	0.647	11	GGAG/GAGG	NA	NA	NA	0	0	0	1	NA	NA	NA	NA	NA
JBHJCN010000001.1_248	330705	331964	1260	-1	0.651	11	None	GENOMAD.148298.CP	2.83e-43	167	0	0	0	1	NA	NA	NA	COG2966	Uncharacterized membrane protein YjjP, DUF1212 family
JBHJCN010000001.1_249	332016	333245	1230	1	0.654	11	GGAG/GAGG	GENOMAD.124229.CP	2.31e-37	149	0	0	0	1	NA	NA	NA	COG0767	ABC-type transporter Mla maintaining outer membrane lipid asymmetry, permease component MlaE
JBHJCN010000001.1_250	333331	334173	843	1	0.675	11	GGAG/GAGG	NA	NA	NA	0	0	0	1	NA	NA	NA	NA	NA
JBHJCN010000001.1_251	334176	335102	927	1	0.650	11	GGA/GAG/AGG	GENOMAD.152533.CP	1.725e-37	146	0	0	0	1	NA	NA	NA	PF02470;PF11887;COG1463;TIGR00996;K02067	ABC-type transporter Mla maintaining outer membrane lipid asymmetry, periplasmic component MlaD
JBHJCN010000001.1_252	335099	335743	645	1	0.673	11	AGGAG/GGAGG	GENOMAD.178708.PC	3.589e-27	112	0	0	0	1	NA	NA	NA	PF03886;K18480;COG3218	ABC-type uncharacterized transport system, auxiliary component
JBHJCN010000001.1_253	336297	336896	600	-1	0.665	11	None	NA	NA	NA	0	0	0	1	NA	NA	NA	NA	NA
JBHJCN010000001.1_254	337012	338661	1650	1	0.649	11	GGAG/GAGG	GENOMAD.158774.CP	1.14e-06	54	0	0	0	1	NA	NA	NA	PF12800;K03855;COG2440;TIGR00402	Ferredoxin-like protein FixX
JBHJCN010000001.1_255	338692	339324	633	-1	0.613	11	AGGA	NA	NA	NA	0	0	0	1	NA	NA	NA	NA	NA
JBHJCN010000001.1_256	339324	340055	732	-1	0.627	11	GGAG/GAGG	NA	NA	NA	0	0	0	1	NA	NA	NA	NA	NA
JBHJCN010000001.1_257	340190	341536	1347	1	0.643	11	AGGA	NA	NA	NA	0	0	0	1	NA	NA	NA	NA	NA
JBHJCN010000001.1_258	341583	342986	1404	1	0.631	11	AGGA/GGAG/GAGG	NA	NA	NA	0	0	0	1	NA	NA	NA	NA	NA
JBHJCN010000001.1_259	343276	344442	1167	-1	0.605	11	AGGA	NA	NA	NA	0	0	0	1	NA	NA	NA	NA	NA
JBHJCN010000001.1_260	344783	345685	903	-1	0.687	11	None	NA	NA	NA	0	0	0	1	NA	NA	NA	NA	NA
JBHJCN010000001.1_261	346236	347123	888	-1	0.600	11	AGGA	NA	NA	NA	0	0	0	1	NA	NA	NA	NA	NA
JBHJCN010000001.1_262	347179	348234	1056	-1	0.614	11	GGA/GAG/AGG	GENOMAD.049396.VV	3.45e-09	61	0	0	0	15663	Prasinovirus	NA	NA	PF16363;K12450;COG1088;TIGR04180	dTDP-D-glucose 4,6-dehydratase
JBHJCN010000001.1_263	348470	349216	747	1	0.659	11	AGGA/GGAG/GAGG	NA	NA	NA	0	0	0	1	NA	NA	NA	NA	NA
JBHJCN010000001.1_264	349216	350160	945	1	0.648	11	GGA/GAG/AGG	NA	NA	NA	0	0	0	1	NA	NA	NA	NA	NA
JBHJCN010000001.1_265	350685	351788	1104	1	0.592	11	None	GENOMAD.181329.VC	0.0003533	45	0	0	0	1246	Caudoviricetes	NA	NA	K13017;TIGR03588;COG0399	UDP-4-amino-4,6-dideoxy-N-acetyl-beta-L-altrosamine transaminase
JBHJCN010000001.1_266	351773	352744	972	1	0.576	11	None	NA	NA	NA	0	0	0	1	NA	NA	NA	NA	NA
JBHJCN010000001.1_267	352741	353670	930	1	0.591	11	AGGA	NA	NA	NA	0	0	0	1	NA	NA	NA	NA	NA
JBHJCN010000001.1_268	353657	354094	438	1	0.557	11	GGA/GAG/AGG	GENOMAD.206789.PC	6.875e-06	47	0	0	0	1	NA	NA	NA	PF04138;COG2246	Putative flippase GtrA (transmembrane translocase of bactoprenol-linked glucose)
JBHJCN010000001.1_269	354189	356441	2253	1	0.591	11	None	NA	NA	NA	0	0	0	1	NA	NA	NA	NA	NA
JBHJCN010000001.1_270	356626	357489	864	-1	0.596	11	None	NA	NA	NA	0	0	0	1	NA	NA	NA	NA	NA
JBHJCN010000001.1_271	357545	358585	1041	-1	0.571	11	GGA/GAG/AGG	NA	NA	NA	0	0	0	1	NA	NA	NA	NA	NA
JBHJCN010000001.1_272	358692	361208	2517	-1	0.579	11	GGAG/GAGG	GENOMAD.130456.CP	0.0001349	48	0	0	0	1	NA	NA	NA	PF07429;TIGR02472;COG0297;K19002	sucrose-phosphate synthase, putative, glycosyltransferase domain
JBHJCN010000001.1_273	361208	363355	2148	-1	0.586	11	GGA/GAG/AGG	NA	NA	NA	0	0	0	1	NA	NA	NA	NA	NA
JBHJCN010000001.1_274	363408	364694	1287	-1	0.575	11	GGA/GAG/AGG	GENOMAD.167613.CP	7.647e-40	157	0	0	0	1	NA	NA	NA	PF14524	Wzt C-terminal domain
JBHJCN010000001.1_275	364691	365485	795	-1	0.517	11	None	NA	NA	NA	0	0	0	1	NA	NA	NA	NA	NA
JBHJCN010000001.1_276	365568	368687	3120	-1	0.610	11	GGA/GAG/AGG	NA	NA	NA	0	0	0	1	NA	NA	NA	NA	NA
JBHJCN010000001.1_277	369060	370247	1188	-1	0.644	11	GGA/GAG/AGG	GENOMAD.143010.CP	2.493e-15	81	0	0	0	1	NA	NA	NA	K01758;TIGR01328	methionine gamma-lyase
JBHJCN010000001.1_278	370347	371717	1371	-1	0.629	11	None	NA	NA	NA	0	0	0	1	NA	NA	NA	NA	NA
JBHJCN010000001.1_279	371953	372171	219	-1	0.548	11	AGGAG	NA	NA	NA	0	0	0	1	NA	NA	NA	NA	NA
JBHJCN010000001.1_280	372523	373413	891	-1	0.699	11	GGAGG	NA	NA	NA	0	0	0	1	NA	NA	NA	NA	NA
JBHJCN010000001.1_281	373410	373793	384	-1	0.659	11	None	GENOMAD.030183.CC	2.69e-45	160	0	0	0	1	NA	NA	NA	PF14346	NA
JBHJCN010000001.1_282	373892	375025	1134	1	0.629	11	GGA/GAG/AGG	GENOMAD.005978.CC	6.086e-07	54	0	0	0	1246	Caudoviricetes	T_virB11	NA	PF00437;PF05810;K07332;TIGR03819;COG4962	helicase/secretion neighborhood ATPase
JBHJCN010000001.1_283	375423	376085	663	-1	0.683	11	GGA/GAG/AGG	NA	NA	NA	0	0	0	1	NA	NA	NA	NA	NA
JBHJCN010000001.1_284	376117	377106	990	-1	0.670	11	AGGA	NA	NA	NA	0	0	0	1	NA	NA	NA	NA	NA
JBHJCN010000001.1_285	377484	378872	1389	1	0.690	11	GGAG/GAGG	NA	NA	NA	0	0	0	1	NA	NA	NA	NA	NA
JBHJCN010000001.1_286	379008	379361	354	1	0.633	11	None	NA	NA	NA	0	0	0	1	NA	NA	NA	NA	NA
JBHJCN010000001.1_287	379553	379888	336	1	0.607	11	GGA/GAG/AGG	NA	NA	NA	0	0	0	1	NA	NA	NA	NA	NA
JBHJCN010000001.1_288	380001	380675	675	-1	0.699	11	AGGA	NA	NA	NA	0	0	0	1	NA	NA	NA	NA	NA
JBHJCN010000001.1_289	380906	381388	483	1	0.660	11	None	GENOMAD.138407.CP	8.152e-74	244	0	0	0	1	NA	NA	NA	K08968;TIGR01817	NA
JBHJCN010000001.1_290	381400	381783	384	1	0.672	11	None	GENOMAD.195120.CP	1.222e-53	184	0	0	0	1	NA	NA	NA	PF04994	TfoX C-terminal domain
JBHJCN010000001.1_291	382077	382727	651	-1	0.645	11	GGAG/GAGG	NA	NA	NA	0	0	0	1	NA	NA	NA	NA	NA
JBHJCN010000001.1_292	382870	383949	1080	-1	0.649	11	GGA/GAG/AGG	NA	NA	NA	0	0	0	1	NA	NA	NA	NA	NA
JBHJCN010000001.1_293	384296	384811	516	1	0.632	11	AGGA	GENOMAD.107291.CP	1.202e-91	296	0	0	0	1	NA	NA	NA	PF07977;K01716;TIGR01749;COG4706	beta-hydroxyacyl-
JBHJCN010000001.1_294	384811	386019	1209	1	0.661	11	GGAG/GAGG	NA	NA	NA	0	0	0	1	NA	NA	NA	NA	NA
JBHJCN010000001.1_295	386297	387004	708	-1	0.645	11	AGGAG	GENOMAD.194905.PC	4.779e-12	68	0	0	0	1	NA	NA	NA	COG4991	Uncharacterized conserved protein YraI
JBHJCN010000001.1_296	387143	389167	2025	-1	0.650	11	GGAG/GAGG	NA	NA	NA	0	0	0	1	NA	NA	NA	NA	NA
JBHJCN010000001.1_297	389366	390469	1104	-1	0.672	11	None	NA	NA	NA	0	0	0	1	NA	NA	NA	NA	NA
JBHJCN010000001.1_298	390561	391019	459	1	0.704	11	None	NA	NA	NA	0	0	0	1	NA	NA	NA	NA	NA
JBHJCN010000001.1_299	391127	392911	1785	1	0.668	11	AGGAG	NA	NA	NA	0	0	0	1	NA	NA	NA	NA	NA
JBHJCN010000001.1_300	392908	394002	1095	1	0.645	11	GGxGG	GENOMAD.145955.PC	1.762e-35	142	0	0	0	1	NA	NA	NA	PF05275;COG3667;K07233	Uncharacterized protein involved in copper resistance
JBHJCN010000001.1_301	394164	394688	525	1	0.611	11	AGGAG	NA	NA	NA	0	0	0	1	NA	NA	NA	NA	NA
JBHJCN010000001.1_302	395012	395770	759	1	0.605	11	AGGA	NA	NA	NA	0	0	0	1	NA	NA	NA	NA	NA
JBHJCN010000001.1_303	395850	397742	1893	1	0.619	11	AGGA	NA	NA	NA	0	0	0	1	NA	NA	NA	NA	NA
JBHJCN010000001.1_304	397873	399012	1140	-1	0.618	11	GGA/GAG/AGG	NA	NA	NA	0	0	0	1	NA	NA	NA	NA	NA
JBHJCN010000001.1_305	399246	399719	474	-1	0.641	11	AGGAGG	GENOMAD.182887.VC	5.849e-76	250	0	0	0	1	NA	NA	NA	NA	NA
JBHJCN010000001.1_306	400070	401899	1830	-1	0.644	11	GGA/GAG/AGG	NA	NA	NA	0	0	0	1	NA	NA	NA	NA	NA
JBHJCN010000001.1_307	402105	403376	1272	1	0.697	11	GGA/GAG/AGG	GENOMAD.141361.CP	1.566e-64	230	0	0	0	1	NA	NA	NA	PF12700;TIGR01730;K02005;COG0845	HlyD family secretion protein
JBHJCN010000001.1_308	403425	404144	720	1	0.647	11	AGGA	NA	NA	NA	0	0	0	1	NA	NA	NA	NA	NA
JBHJCN010000001.1_309	404156	405457	1302	1	0.626	11	AGGAG	NA	NA	NA	0	0	0	1	NA	NA	NA	NA	NA
JBHJCN010000001.1_310	405513	406739	1227	1	0.611	11	GGA/GAG/AGG	NA	NA	NA	0	0	0	1	NA	NA	NA	NA	NA
JBHJCN010000001.1_311	406836	407270	435	1	0.657	11	GGA/GAG/AGG	NA	NA	NA	0	0	0	1	NA	NA	NA	NA	NA
JBHJCN010000001.1_312	407431	408774	1344	1	0.658	11	GGA/GAG/AGG	NA	NA	NA	0	0	0	1	NA	NA	NA	NA	NA
JBHJCN010000001.1_313	408771	410129	1359	1	0.625	11	None	NA	NA	NA	0	0	0	1	NA	NA	NA	NA	NA
JBHJCN010000001.1_314	410431	411795	1365	-1	0.656	11	GGA/GAG/AGG	NA	NA	NA	0	0	0	1	NA	NA	NA	NA	NA
JBHJCN010000001.1_315	411940	412323	384	1	0.654	11	None	NA	NA	NA	0	0	0	1	NA	NA	NA	NA	NA
JBHJCN010000001.1_316	412840	413409	570	-1	0.686	11	GGAG/GAGG	GENOMAD.196537.PC	1.269e-18	86	0	0	0	1	NA	NA	NA	PF01817;TIGR01806;COG1605	chorismate mutase, putative
JBHJCN010000001.1_317	413649	414071	423	-1	0.652	11	GGA/GAG/AGG	NA	NA	NA	0	0	0	1	NA	NA	NA	NA	NA
JBHJCN010000001.1_318	414215	415621	1407	-1	0.640	11	GGAG/GAGG	NA	NA	NA	0	0	0	1	NA	NA	NA	NA	NA
JBHJCN010000001.1_319	415764	416627	864	-1	0.617	11	GGA/GAG/AGG	NA	NA	NA	0	0	0	1	NA	NA	NA	NA	NA
JBHJCN010000001.1_320	416825	418372	1548	-1	0.649	11	AGGA	NA	NA	NA	0	0	0	1	NA	NA	NA	NA	NA
JBHJCN010000001.1_321	418420	418947	528	-1	0.678	11	GGAG/GAGG	GENOMAD.066577.CV	1.691e-81	267	0	0	0	1	NA	NA	NA	PF00213;K02113;COG0712;TIGR01145	FoF1-type ATP synthase, delta subunit
JBHJCN010000001.1_322	418951	419421	471	-1	0.622	11	GGA/GAG/AGG	GENOMAD.089560.CV	2.408e-43	156	0	0	0	1	NA	NA	NA	PF00430;TIGR03321;COG0711;K02109	alternate F1F0 ATPase, F0 subunit B
JBHJCN010000001.1_323	419536	419838	303	-1	0.660	11	GGAG/GAGG	GENOMAD.001872.CC	3.759e-06	46	0	0	0	1	NA	NA	NA	PF00137;TIGR03322;COG0636	alternate F1F0 ATPase, F0 subunit C
JBHJCN010000001.1_324	419911	420711	801	-1	0.602	11	GGA/GAG/AGG	NA	NA	NA	0	0	0	1	NA	NA	NA	NA	NA
JBHJCN010000001.1_325	420737	421102	366	-1	0.639	11	GGA/GAG/AGG	GENOMAD.038505.CC	8.192e-31	118	0	0	0	1	NA	NA	NA	PF03899;COG3312	FoF1-type ATP synthase assembly protein I
JBHJCN010000001.1_326	421625	422437	813	1	0.622	11	GGAG/GAGG	GENOMAD.210099.CP	2.203e-142	448	0	0	0	1	NA	NA	NA	PF05150;TIGR04219;COG4571	outer membrane protein
JBHJCN010000001.1_327	422590	422865	276	-1	0.681	11	GGAGG	NA	NA	NA	0	0	0	1	NA	NA	NA	NA	NA
JBHJCN010000001.1_328	422939	424762	1824	-1	0.668	11	AGGAG	NA	NA	NA	0	0	0	1	NA	NA	NA	NA	NA
JBHJCN010000001.1_329	424779	425426	648	-1	0.690	11	None	NA	NA	NA	0	0	0	1	NA	NA	NA	NA	NA
JBHJCN010000001.1_330	425423	427186	1764	-1	0.672	11	GGAG/GAGG	GENOMAD.116686.CP	1.974e-46	181	0	0	0	1	NA	NA	NA	PF00198;K09699;TIGR01349;COG0508	pyruvate dehydrogenase complex dihydrolipoamide acetyltransferase, long form
JBHJCN010000001.1_331	427316	428080	765	-1	0.678	11	GGAG/GAGG	GENOMAD.038780.CC	6.63e-23	101	0	0	0	1	NA	NA	NA	NA	NA
JBHJCN010000001.1_332	428304	428864	561	-1	0.645	11	None	NA	NA	NA	0	0	0	1	NA	NA	NA	NA	NA
JBHJCN010000001.1_333	429005	429691	687	1	0.639	11	AGGAG	GENOMAD.167222.CP	3.876e-18	86	0	0	0	1	NA	NA	NA	PF05736;K07275;COG3047;TIGR04565	Outer membrane protein W
JBHJCN010000001.1_334	429854	430462	609	1	0.430	11	GGAG/GAGG	NA	NA	NA	0	0	0	1	NA	NA	NA	NA	NA
JBHJCN010000001.1_335	431077	431634	558	-1	0.658	11	None	NA	NA	NA	0	0	0	1	NA	NA	NA	NA	NA
JBHJCN010000001.1_336	431977	433827	1851	-1	0.649	11	GGAG/GAGG	NA	NA	NA	0	0	0	1	NA	NA	NA	NA	NA
JBHJCN010000001.1_337	434241	434420	180	-1	0.561	11	AGGAG	NA	NA	NA	0	0	0	1	NA	NA	NA	NA	NA
JBHJCN010000001.1_338	435804	436220	417	1	0.549	11	GGA/GAG/AGG	NA	NA	NA	0	0	0	1	NA	NA	NA	NA	NA
JBHJCN010000001.1_339	436255	437055	801	-1	0.628	11	GGA/GAG/AGG	NA	NA	NA	0	0	0	1	NA	NA	NA	NA	NA
JBHJCN010000001.1_340	437202	437897	696	-1	0.678	11	GGAGG	NA	NA	NA	0	0	0	1	NA	NA	NA	NA	NA
JBHJCN010000001.1_341	437894	438901	1008	-1	0.678	11	None	NA	NA	NA	0	0	0	1	NA	NA	NA	NA	NA
JBHJCN010000001.1_342	439134	440030	897	-1	0.700	11	None	NA	NA	NA	0	0	0	1	NA	NA	NA	NA	NA
JBHJCN010000001.1_343	440138	440623	486	1	0.601	11	AGGAG	GENOMAD.000421.CC	1.476e-42	154	0	0	0	1	NA	NA	NA	PF04461;COG1666;K09767	Uncharacterized conserved protein YajQ, UPF0234 family
JBHJCN010000001.1_344	440762	441223	462	1	0.673	11	None	GENOMAD.091290.PP	7.334e-80	261	0	0	0	1	NA	NA	NA	NA	NA
JBHJCN010000001.1_345	441216	442952	1737	1	0.646	11	GGA/GAG/AGG	NA	NA	NA	0	0	0	1	NA	NA	NA	NA	NA
JBHJCN010000001.1_346	442939	443766	828	1	0.709	11	None	NA	NA	NA	0	0	0	1	NA	NA	NA	NA	NA
JBHJCN010000001.1_347	443923	444483	561	1	0.624	11	None	NA	NA	NA	0	0	0	1	NA	NA	NA	NA	NA
JBHJCN010000001.1_348	444892	445698	807	1	0.698	11	None	NA	NA	NA	0	0	0	1	NA	NA	NA	NA	NA
JBHJCN010000001.1_349	445947	446627	681	-1	0.689	11	None	GENOMAD.137324.CP	3.442e-07	53	0	0	0	1	NA	NA	NA	PF03031;TIGR02009;K24204;COG0241	beta-phosphoglucomutase family hydrolase
JBHJCN010000001.1_350	446624	447337	714	-1	0.664	11	GGAG/GAGG	GENOMAD.106866.CP	1.057e-17	85	0	0	0	1246	Caudoviricetes	NA	NA	COG1187	16S rRNA U516 pseudouridylate synthase RsuA and related 23S rRNA U2605, pseudouridylate synthases
JBHJCN010000001.1_351	447334	448401	1068	-1	0.687	11	None	GENOMAD.092187.CP	1.973e-62	221	0	0	0	1	NA	NA	NA	PF05175;PF08468;K00564;COG2813;TIGR03704	16S rRNA G1207 methylase RsmC
JBHJCN010000001.1_352	449490	449753	264	1	0.640	11	GGAG/GAGG	NA	NA	NA	0	0	0	1	NA	NA	NA	NA	NA
JBHJCN010000001.1_353	449792	451129	1338	-1	0.659	11	AGGA	NA	NA	NA	0	0	0	1	NA	NA	NA	NA	NA
JBHJCN010000001.1_354	451218	451526	309	-1	0.621	11	GGAG/GAGG	NA	NA	NA	0	0	0	1	NA	NA	NA	NA	NA
JBHJCN010000001.1_355	451858	453804	1947	-1	0.653	11	GGA/GAG/AGG	NA	NA	NA	0	0	0	1	NA	NA	NA	NA	NA
JBHJCN010000001.1_356	454000	454290	291	-1	0.649	11	AGGAG	NA	NA	NA	0	0	0	1	NA	NA	NA	NA	NA
JBHJCN010000001.1_357	454277	454723	447	-1	0.658	11	None	NA	NA	NA	0	0	0	1	NA	NA	NA	NA	NA
JBHJCN010000001.1_358	454973	455548	576	1	0.667	11	GGAGG	GENOMAD.213575.CP	4.769e-23	99	0	0	0	1	NA	NA	NA	PF11454;COG2372	NA
JBHJCN010000001.1_359	455782	456879	1098	-1	0.687	11	GGAGG	NA	NA	NA	0	0	0	1	NA	NA	NA	NA	NA
JBHJCN010000001.1_360	456879	458168	1290	-1	0.695	11	AGGAG	NA	NA	NA	0	0	0	1	NA	NA	NA	NA	NA
JBHJCN010000001.1_361	458317	458796	480	1	0.637	11	None	GENOMAD.140723.CP	1.946e-20	90	0	0	0	1	NA	NA	NA	PF17805;PF02295;K05800;COG1522;TIGR02702	DNA-binding transcriptional regulator, Lrp family
JBHJCN010000001.1_362	458903	459331	429	-1	0.720	11	GGA/GAG/AGG	NA	NA	NA	0	0	0	1	NA	NA	NA	NA	NA
JBHJCN010000001.1_363	459571	460035	465	1	0.684	11	GGA/GAG/AGG	NA	NA	NA	0	0	0	1	NA	NA	NA	NA	NA
JBHJCN010000001.1_364	460378	460869	492	1	0.726	11	AGGAG	GENOMAD.191334.CP	4.659e-08	54	0	0	0	1	NA	NA	NA	PF09864;COG3650	Membrane-bound inhibitor of C-type lysozyme
JBHJCN010000001.1_365	460967	461821	855	1	0.640	11	None	NA	NA	NA	0	0	0	1	NA	NA	NA	NA	NA
JBHJCN010000001.1_366	461832	462989	1158	1	0.675	11	GGA/GAG/AGG	GENOMAD.133946.CP	5.956e-40	156	0	0	0	1	NA	NA	NA	PF13677;COG1360;TIGR03350	Flagellar motor protein MotB
JBHJCN010000001.1_367	463232	463816	585	1	0.663	11	GGA/GAG/AGG	NA	NA	NA	0	0	0	1	NA	NA	NA	NA	NA
JBHJCN010000001.1_368	463825	464109	285	1	0.705	11	None	NA	NA	NA	0	0	0	1	NA	NA	NA	NA	NA
JBHJCN010000001.1_369	464542	465093	552	-1	0.654	11	GGA/GAG/AGG	NA	NA	NA	0	0	0	1	NA	NA	NA	NA	NA
JBHJCN010000001.1_370	465260	465526	267	1	0.637	11	None	NA	NA	NA	0	0	0	1	NA	NA	NA	NA	NA
JBHJCN010000001.1_371	465940	466701	762	-1	0.615	11	AGGAG	GENOMAD.129876.CP	3.172e-37	143	0	0	0	1	NA	NA	NA	K09694;COG3694	ABC-type uncharacterized transport system, permease component
JBHJCN010000001.1_372	466698	467642	945	-1	0.646	11	None	NA	NA	NA	0	0	0	1	NA	NA	NA	NA	NA
JBHJCN010000001.1_373	467919	469556	1638	-1	0.654	11	None	NA	NA	NA	0	0	0	1	NA	NA	NA	NA	NA
JBHJCN010000001.1_374	470258	470815	558	1	0.634	11	AGGA	GENOMAD.136862.CP	1.257e-16	80	0	0	0	1	NA	NA	NA	PF02469;COG2335;K19897	Uncaracterized surface protein containing fasciclin (FAS1) repeats
JBHJCN010000001.1_375	471333	472769	1437	-1	0.658	11	None	GENOMAD.195628.PC	1.066e-42	167	0	0	0	1	NA	NA	NA	PF13566;TIGR03915;K14162	probable DNA metabolism protein
JBHJCN010000001.1_376	473054	474298	1245	-1	0.634	11	None	GENOMAD.154219.PC	3.601e-126	409	0	1	0	1	NA	NA	NA	PF06412;TIGR03916;COG4277	putative DNA modification/repair radical SAM protein
JBHJCN010000001.1_377	474506	475324	819	-1	0.708	11	AGGAG	GENOMAD.153335.CP	1.779e-10	64	0	0	0	1	NA	NA	NA	PF02900;K00455;TIGR02298;COG3384	3,4-dihydroxyphenylacetate 2,3-dioxygenase
JBHJCN010000001.1_378	475691	476587	897	1	0.685	11	GGA/GAG/AGG	GENOMAD.190451.PC	2.67e-11	67	0	0	0	1	NA	NA	NA	K21698;TIGR02424;COG0583	pca operon transcription factor PcaQ
JBHJCN010000001.1_379	476819	477388	570	1	0.668	11	AGGAG	GENOMAD.136393.CP	7.96e-05	45	0	0	0	1	NA	NA	NA	PF03358;K03809;COG0655;TIGR01755	Multimeric flavodoxin WrbA
JBHJCN010000001.1_380	477527	478084	558	1	0.656	11	GGAG/GAGG	NA	NA	NA	0	0	0	1	NA	NA	NA	NA	NA
JBHJCN010000001.1_381	478029	478520	492	1	0.636	11	None	NA	NA	NA	0	0	0	1	NA	NA	NA	NA	NA
JBHJCN010000001.1_382	478900	479595	696	1	0.667	11	None	NA	NA	NA	0	0	0	1	NA	NA	NA	NA	NA
JBHJCN010000001.1_383	479709	481814	2106	1	0.652	11	GGA/GAG/AGG	GENOMAD.053052.VV	4.131e-18	92	0	0	0	1	NA	NA	NA	PF01431;K07386;COG3590	Predicted metalloendopeptidase
JBHJCN010000001.1_384	482018	482944	927	-1	0.674	11	None	GENOMAD.194137.CP	1.084e-27	117	0	0	0	1	NA	NA	NA	PF09995;COG3662	Uncharacterized conserved protein, DUF2236 family
JBHJCN010000001.1_385	483509	484108	600	1	0.623	11	AGGAG	NA	NA	NA	0	0	0	1	NA	NA	NA	NA	NA
JBHJCN010000001.1_386	484286	485881	1596	-1	0.660	11	GGA/GAG/AGG	NA	NA	NA	0	0	0	1	NA	NA	NA	NA	NA
JBHJCN010000001.1_387	486203	486574	372	-1	0.653	11	AGGA	NA	NA	NA	0	0	0	1	NA	NA	NA	NA	NA
JBHJCN010000001.1_388	486741	487517	777	-1	0.683	11	GGA/GAG/AGG	NA	NA	NA	0	0	0	1	NA	NA	NA	NA	NA
JBHJCN010000001.1_389	487514	488821	1308	-1	0.668	11	GGA/GAG/AGG	NA	NA	NA	0	0	0	1	NA	NA	NA	NA	NA
JBHJCN010000001.1_390	489130	490344	1215	1	0.686	11	GGA/GAG/AGG	NA	NA	NA	0	0	0	1	NA	NA	NA	NA	NA
JBHJCN010000001.1_391	490653	490847	195	-1	0.574	11	GGA/GAG/AGG	NA	NA	NA	0	0	0	1	NA	NA	NA	NA	NA
JBHJCN010000001.1_392	491328	491834	507	1	0.607	11	AGGAG	NA	NA	NA	0	0	0	1	NA	NA	NA	NA	NA
JBHJCN010000001.1_393	491971	492870	900	1	0.633	11	GGAG/GAGG	NA	NA	NA	0	0	0	1	NA	NA	NA	NA	NA
JBHJCN010000001.1_394	492953	493291	339	1	0.655	11	AGGAG	NA	NA	NA	0	0	0	1	NA	NA	NA	NA	NA
JBHJCN010000001.1_395	493432	494004	573	-1	0.675	11	GGAG/GAGG	NA	NA	NA	0	0	0	1	NA	NA	NA	NA	NA
JBHJCN010000001.1_396	494456	497995	3540	-1	0.644	11	None	GENOMAD.111713.CP	5.692e-29	129	0	0	0	1	NA	NA	NA	PF01739;PF20225;PF03705;K00575;COG1352;TIGR04345	Methylase of chemotaxis methyl-accepting proteins
JBHJCN010000001.1_397	498204	498584	381	1	0.617	11	GGAG/GAGG	NA	NA	NA	0	0	0	1	NA	NA	NA	NA	NA
JBHJCN010000001.1_398	498578	498820	243	-1	0.671	11	GGA/GAG/AGG	NA	NA	NA	0	0	0	1	NA	NA	NA	NA	NA
JBHJCN010000001.1_399	498817	500100	1284	-1	0.654	11	GGA/GAG/AGG	NA	NA	NA	0	0	0	1	NA	NA	NA	NA	NA
JBHJCN010000001.1_400	500635	500916	282	1	0.645	11	GGAG/GAGG	NA	NA	NA	0	0	0	1	NA	NA	NA	NA	NA
JBHJCN010000001.1_401	501208	502617	1410	1	0.640	11	AGGAG	NA	NA	NA	0	0	0	1	NA	NA	NA	NA	NA
JBHJCN010000001.1_402	502608	503630	1023	1	0.633	11	AGGAG	NA	NA	NA	0	0	0	1	NA	NA	NA	NA	NA
JBHJCN010000001.1_403	503743	503928	186	-1	0.575	11	AGGAG	NA	NA	NA	0	0	0	1	NA	NA	NA	NA	NA
JBHJCN010000001.1_404	504100	504741	642	-1	0.603	11	AGGAG	GENOMAD.195028.PC	7.169e-84	276	0	0	0	1	NA	NA	NA	PF20554	NA
JBHJCN010000001.1_405	504960	505826	867	1	0.630	11	AGGAG	NA	NA	NA	0	0	0	1	NA	NA	NA	NA	NA
JBHJCN010000001.1_406	506260	507429	1170	1	0.668	11	GGA/GAG/AGG	GENOMAD.070016.VV	8.86e-21	98	0	0	0	1246	Caudoviricetes	NA	NA	NA	NA
JBHJCN010000001.1_407	507467	508651	1185	1	0.658	11	GGAG/GAGG	NA	NA	NA	0	0	0	1	NA	NA	NA	NA	NA
JBHJCN010000001.1_408	508639	509832	1194	1	0.629	11	AGGAG	GENOMAD.067680.VV	1.378e-16	85	0	0	0	1246	Caudoviricetes	NA	NA	PF06100;TIGR00031;K20678;COG0562	UDP-galactopyranose mutase
JBHJCN010000001.1_409	509922	511073	1152	1	0.664	11	AGGA	NA	NA	NA	0	0	0	1	NA	NA	NA	NA	NA
JBHJCN010000001.1_410	511070	512845	1776	1	0.655	11	None	NA	NA	NA	0	0	0	1	NA	NA	NA	NA	NA
JBHJCN010000001.1_411	513038	513220	183	-1	0.601	11	GGAG/GAGG	GENOMAD.171588.PC	6.898e-07	46	0	0	0	1	NA	NA	NA	PF12244	NA
JBHJCN010000001.1_412	513323	513937	615	-1	0.667	11	AGGAG	GENOMAD.212919.PC	6.986e-114	362	0	0	0	1	NA	NA	NA	PF13628;K08995;COG3544	Uncharacterized conserved protein, DUF305 family
JBHJCN010000001.1_413	514206	515369	1164	1	0.631	11	AGGAG	NA	NA	NA	0	0	0	1	NA	NA	NA	NA	NA
JBHJCN010000001.1_414	515455	515637	183	-1	0.645	11	AGGA	GENOMAD.213149.PC	3.975e-05	41	0	0	0	1	NA	NA	NA	NA	NA
JBHJCN010000001.1_415	515998	516348	351	1	0.635	11	GGA/GAG/AGG	GENOMAD.168258.CV	0.0001551	42	0	0	0	1	NA	NA	NA	COG0727	Fe-S-cluster containining protein
JBHJCN010000001.1_416	516358	516579	222	1	0.658	11	GGAG/GAGG	NA	NA	NA	0	0	0	1	NA	NA	NA	NA	NA
JBHJCN010000001.1_417	516798	517010	213	-1	0.629	11	GGAG/GAGG	NA	NA	NA	0	0	0	1	NA	NA	NA	NA	NA
JBHJCN010000001.1_418	517349	518086	738	1	0.680	11	None	GENOMAD.214525.PC	1.597e-53	190	0	0	0	1	NA	NA	NA	PF11828	NA
JBHJCN010000001.1_419	518064	520754	2691	1	0.666	11	GGA/GAG/AGG	GENOMAD.207668.CP	4.329e-158	524	0	0	0	1	NA	NA	NA	NA	NA
JBHJCN010000001.1_420	520751	521422	672	1	0.677	11	None	NA	NA	NA	0	0	0	1	NA	NA	NA	NA	NA
JBHJCN010000001.1_421	521419	522084	666	1	0.682	11	None	GENOMAD.214524.PC	2.449e-24	104	0	0	0	1	NA	NA	NA	PF11445	NA
JBHJCN010000001.1_422	522420	524561	2142	-1	0.651	11	AGGAG	GENOMAD.148417.CP	1.901e-44	177	0	0	0	1246	Caudoviricetes	NA	NA	PF14905;PF07715;K16090;TIGR01783;COG4774	TonB-dependent siderophore receptor
JBHJCN010000001.1_423	524645	525913	1269	-1	0.662	11	GGAG/GAGG	GENOMAD.170120.CP	1.432e-41	162	0	0	0	1	NA	NA	NA	PF12040;PF12679;TIGR03518;COG1277	ABC-2 family transporter protein
JBHJCN010000001.1_424	525913	527349	1437	-1	0.667	11	GGAG/GAGG	GENOMAD.157881.CP	1.069e-52	197	0	0	0	1	NA	NA	NA	PF12040;PF12679;TIGR03518;COG4200	ABC-2 family transporter protein
JBHJCN010000001.1_425	527360	528082	723	-1	0.685	11	None	NA	NA	NA	0	0	0	1	NA	NA	NA	NA	NA
JBHJCN010000001.1_426	528325	529839	1515	1	0.667	11	None	GENOMAD.145507.CP	4.035e-30	129	0	0	0	1	NA	NA	NA	PF17033;COG4073;K14054;TIGR02994	Carboxypeptidase controlling helical cell shape catalytic
JBHJCN010000001.1_427	530041	530967	927	-1	0.661	11	GGAG/GAGG	GENOMAD.190451.PC	2.173e-08	58	0	0	0	1	NA	NA	NA	K21698;TIGR02424;COG0583	pca operon transcription factor PcaQ
JBHJCN010000001.1_428	531093	531494	402	1	0.669	11	GGAG/GAGG	NA	NA	NA	0	0	0	1	NA	NA	NA	NA	NA
JBHJCN010000001.1_429	531957	532694	738	1	0.615	11	AGGAG	NA	NA	NA	0	0	0	1	NA	NA	NA	NA	NA
JBHJCN010000001.1_430	532987	533772	786	1	0.672	11	None	NA	NA	NA	0	0	0	1	NA	NA	NA	NA	NA
JBHJCN010000001.1_431	533961	534887	927	-1	0.667	11	GGA/GAG/AGG	NA	NA	NA	0	0	0	1	NA	NA	NA	NA	NA
JBHJCN010000001.1_432	535020	535670	651	1	0.657	11	GGA/GAG/AGG	GENOMAD.153566.CP	1.492e-10	63	0	0	0	1	NA	NA	NA	PF02525;K01118;COG1182;TIGR02690	Flavodoxin-like fold
JBHJCN010000001.1_433	535674	535958	285	1	0.635	11	GGAGG	GENOMAD.170118.CP	2.462e-23	95	0	0	0	1	NA	NA	NA	PF02426;COG4829;TIGR03221	Muconolactone delta-isomerase
JBHJCN010000001.1_434	536026	536397	372	-1	0.680	11	GGA/GAG/AGG	GENOMAD.196044.PC	4.896e-29	113	0	0	0	1	NA	NA	NA	NA	NA
JBHJCN010000001.1_435	536452	536682	231	-1	0.641	11	None	NA	NA	NA	0	0	0	1	NA	NA	NA	NA	NA
JBHJCN010000001.1_436	536965	537147	183	-1	0.596	11	GGAG/GAGG	NA	NA	NA	0	0	0	1	NA	NA	NA	NA	NA
JBHJCN010000001.1_437	537345	537590	246	1	0.667	11	GGAG/GAGG	NA	NA	NA	0	0	0	1	NA	NA	NA	NA	NA
JBHJCN010000001.1_438	537543	539021	1479	-1	0.642	11	GGAG/GAGG	NA	NA	NA	0	0	0	1	NA	NA	NA	NA	NA
JBHJCN010000001.1_439	539284	541080	1797	-1	0.664	11	None	NA	NA	NA	0	0	0	1	NA	NA	NA	NA	NA
JBHJCN010000001.1_440	541301	541846	546	1	0.625	11	GGA/GAG/AGG	NA	NA	NA	0	0	0	1	NA	NA	NA	NA	NA
JBHJCN010000001.1_441	541877	542653	777	-1	0.629	11	None	NA	NA	NA	0	0	0	1	NA	NA	NA	NA	NA
JBHJCN010000001.1_442	542650	542862	213	-1	0.610	11	AGGAG	NA	NA	NA	0	0	0	1	NA	NA	NA	NA	NA
JBHJCN010000001.1_443	543111	544034	924	-1	0.640	11	GGAG/GAGG	NA	NA	NA	0	0	0	1	NA	NA	NA	NA	NA
JBHJCN010000001.1_444	544165	544947	783	1	0.639	11	GGAG/GAGG	NA	NA	NA	0	0	0	1	NA	NA	NA	NA	NA
JBHJCN010000001.1_445	545004	545411	408	1	0.610	11	GGA/GAG/AGG	GENOMAD.197764.PC	2.997e-64	215	0	0	0	1	NA	NA	NA	PF07080;K06893;COG3631;TIGR02096	Ketosteroid isomerase-related protein
JBHJCN010000001.1_446	546161	546820	660	1	0.592	11	GGAG/GAGG	NA	NA	NA	0	0	0	1	NA	NA	NA	NA	NA
JBHJCN010000001.1_447	547267	547428	162	-1	0.568	11	GGAG/GAGG	NA	NA	NA	0	0	0	1	NA	NA	NA	NA	NA
JBHJCN010000001.1_448	547512	547709	198	-1	0.500	11	GGA/GAG/AGG	NA	NA	NA	0	0	0	1	NA	NA	NA	NA	NA
JBHJCN010000001.1_449	547706	547825	120	-1	0.500	11	AGGA	NA	NA	NA	0	0	0	1	NA	NA	NA	NA	NA
JBHJCN010000001.1_450	548220	548699	480	1	0.650	11	None	NA	NA	NA	0	0	0	1	NA	NA	NA	NA	NA
JBHJCN010000001.1_451	548699	548995	297	1	0.640	11	None	NA	NA	NA	0	0	0	1	NA	NA	NA	NA	NA
JBHJCN010000001.1_452	549402	549857	456	1	0.592	11	None	GENOMAD.134219.VP	1.879e-60	205	0	0	1	1246	Caudoviricetes	NA	NA	PF05069;TIGR01635;COG5005	phage virion morphogenesis (putative tail completion) protein
JBHJCN010000001.1_453	550029	550853	825	1	0.458	11	None	NA	NA	NA	0	0	0	1	NA	NA	NA	NA	NA
JBHJCN010000001.1_454	552294	552527	234	1	0.585	11	None	GENOMAD.221919.VP	2.132e-17	77	0	0	0	1246	Caudoviricetes	NA	NA	PF00589	Phage integrase family
JBHJCN010000001.1_455	552941	553186	246	-1	0.630	11	GGA/GAG/AGG	NA	NA	NA	0	0	0	1	NA	NA	NA	NA	NA
JBHJCN010000001.1_456	553455	555332	1878	-1	0.612	11	GGA/GAG/AGG	GENOMAD.182050.VC	1.073e-12	74	0	0	0	1246	Caudoviricetes	NA	NA	PF12645;K03087;TIGR02997;COG0568	RNA polymerase sigma factor, cyanobacterial RpoD-like family
JBHJCN010000001.1_457	555441	555881	441	-1	0.667	11	GGA/GAG/AGG	GENOMAD.094199.CP	9.816e-32	122	0	0	0	2773	Inoviridae	NA	NA	PF02580;COG1490;TIGR00256	D-Tyr-tRNAtyr deacylase
JBHJCN010000001.1_458	555982	556896	915	1	0.692	11	None	GENOMAD.130675.CP	4.208e-17	85	0	0	0	1	NA	NA	NA	PF03279;K02517;TIGR02207;COG4261	lipid A biosynthesis lauroyl (or palmitoleoyl) acyltransferase
JBHJCN010000001.1_459	556906	557427	522	-1	0.655	11	None	NA	NA	NA	0	0	0	1	NA	NA	NA	NA	NA
JBHJCN010000001.1_460	557673	558806	1134	1	0.709	11	GGAG/GAGG	NA	NA	NA	0	0	0	1	NA	NA	NA	NA	NA
JBHJCN010000001.1_461	558912	559421	510	1	0.686	11	None	GENOMAD.145294.CP	4.45e-51	179	0	0	0	1	NA	NA	NA	COG3402	Uncharacterized membrane protein YdbS, contains bPH2 (bacterial pleckstrin homology) domain
JBHJCN010000001.1_462	559418	560923	1506	1	0.672	11	None	GENOMAD.154528.CP	9.529e-259	797	0	0	0	1	NA	NA	NA	PF03703;K08981;COG3428	Uncharacterized membrane protein YdbT, contains bPH2 (bacterial pleckstrin homology) domain
JBHJCN010000001.1_463	561084	562139	1056	-1	0.667	11	GGAG/GAGG	GENOMAD.209073.VC	9.951e-92	306	0	0	0	1	NA	NA	NA	PF04464;COG3563;TIGR00215;K18429	Capsule polysaccharide export protein KpsC/LpsZ
JBHJCN010000001.1_464	562143	562967	825	1	0.672	11	None	NA	NA	NA	0	0	0	1	NA	NA	NA	NA	NA
JBHJCN010000001.1_465	563163	564440	1278	-1	0.682	11	None	GENOMAD.167722.CP	1.049e-26	117	0	0	0	1	NA	NA	NA	NA	NA
JBHJCN010000001.1_466	564606	566327	1722	-1	0.677	11	None	GENOMAD.133902.CP	1.438e-136	447	0	0	0	1	NA	NA	NA	COG1807;K07264	4-amino-4-deoxy-L-arabinose transferase or related glycosyltransferase of PMT family
JBHJCN010000001.1_467	566376	567686	1311	-1	0.693	11	None	GENOMAD.052197.CP	2.456e-63	227	0	0	0	1246	Caudoviricetes	NA	NA	PF01189;PF01029;PF17125;K03500;TIGR00563;COG0144	16S rRNA (cytosine(967)-C(5))-methyltransferase
JBHJCN010000001.1_468	567686	568609	924	-1	0.708	11	None	GENOMAD.081094.CV	4.677e-30	124	0	0	0	1246	Caudoviricetes	NA	NA	PF00551;K03500;COG0223;TIGR00460	Methionyl-tRNA formyltransferase
JBHJCN010000001.1_469	568990	569502	513	-1	0.622	11	None	GENOMAD.120807.VC	5.537e-08	54	0	0	0	1246	Caudoviricetes	NA	NA	PF01327;PF06213;TIGR01651;COG0242;K01462	cobaltochelatase, CobT subunit
JBHJCN010000001.1_470	569670	570770	1101	1	0.650	11	None	GENOMAD.001963.CC	6.533e-13	73	0	0	0	1	NA	NA	NA	PF16538	Flagellar assembly protein T, C-terminal domain
JBHJCN010000001.1_471	570842	571987	1146	1	0.695	11	None	NA	NA	NA	0	0	0	1	NA	NA	NA	NA	NA
JBHJCN010000001.1_472	572030	572503	474	1	0.597	11	GGA/GAG/AGG	GENOMAD.003255.CC	8.34e-30	117	0	0	0	1	NA	NA	NA	PF04361;K03747;COG2922	Uncharacterized conserved protein Smg, DUF494 family
JBHJCN010000001.1_473	572544	573269	726	1	0.676	11	GGA/GAG/AGG	GENOMAD.189856.CP	0.0003219	44	0	0	0	1	NA	NA	NA	PF10947;PF02213	GYF domain
JBHJCN010000001.1_474	573311	574582	1272	1	0.689	11	GGA/GAG/AGG	GENOMAD.170827.CP	1.526e-06	53	0	0	0	1	NA	NA	NA	COG1714	Uncharacterized membrane protein YckC, RDD family
JBHJCN010000001.1_475	574765	577257	2493	1	0.645	11	None	NA	NA	NA	0	0	0	1	NA	NA	NA	NA	NA
JBHJCN010000001.1_476	577268	577831	564	1	0.723	11	GGAG/GAGG	NA	NA	NA	0	0	0	1	NA	NA	NA	NA	NA
JBHJCN010000001.1_477	578061	578837	777	1	0.699	11	None	NA	NA	NA	0	0	0	1	NA	NA	NA	NA	NA
JBHJCN010000001.1_478	578834	579511	678	1	0.695	11	None	NA	NA	NA	0	0	0	1	NA	NA	NA	NA	NA
JBHJCN010000001.1_479	579680	580456	777	-1	0.653	11	GGAG/GAGG	NA	NA	NA	0	0	0	1	NA	NA	NA	NA	NA
JBHJCN010000001.1_480	580791	581006	216	1	0.671	11	GGAG/GAGG	NA	NA	NA	0	0	0	1	NA	NA	NA	NA	NA
JBHJCN010000001.1_481	581300	583201	1902	-1	0.664	11	GGAG/GAGG	NA	NA	NA	0	0	0	1	NA	NA	NA	NA	NA
JBHJCN010000001.1_482	583286	584662	1377	-1	0.683	11	None	GENOMAD.121831.CP	2.869e-36	147	0	0	0	1246	Caudoviricetes	NA	NA	COG0534	Na+-driven multidrug efflux pump
JBHJCN010000001.1_483	584931	586097	1167	1	0.653	11	GGA/GAG/AGG	GENOMAD.124282.CP	6.32e-96	320	0	0	0	1	NA	NA	NA	COG2093	NA
JBHJCN010000001.1_484	586270	586872	603	-1	0.725	11	GGAG/GAGG	GENOMAD.012439.CC	6.764e-43	157	0	0	0	1	NA	NA	NA	PF11304	NA
JBHJCN010000001.1_485	586856	587881	1026	-1	0.733	11	GGAG/GAGG	NA	NA	NA	0	0	0	1	NA	NA	NA	NA	NA
JBHJCN010000001.1_486	588351	590573	2223	1	0.713	11	None	GENOMAD.101878.CP	2.747e-111	380	0	0	0	1246	Caudoviricetes	NA	NA	PF18074;PF00271	Primosomal protein N C-terminal domain; Helicase conserved C-terminal domain
JBHJCN010000001.1_487	590973	591608	636	-1	0.648	11	GGAG/GAGG	NA	NA	NA	0	0	0	1	NA	NA	NA	NA	NA
JBHJCN010000001.1_488	591611	592432	822	-1	0.637	11	GGAG/GAGG	NA	NA	NA	0	0	0	1	NA	NA	NA	NA	NA
JBHJCN010000001.1_489	592435	592965	531	-1	0.646	11	None	NA	NA	NA	0	0	0	1	NA	NA	NA	NA	NA
JBHJCN010000001.1_490	593084	594376	1293	1	0.694	11	GGA/GAG/AGG	NA	NA	NA	0	0	0	1	NA	NA	NA	NA	NA
JBHJCN010000001.1_491	594427	595041	615	1	0.702	11	None	NA	NA	NA	0	0	0	1	NA	NA	NA	NA	NA
JBHJCN010000001.1_492	595120	596004	885	-1	0.628	11	None	GENOMAD.182050.VC	7.264e-16	81	0	0	0	1246	Caudoviricetes	NA	NA	PF12645;K03087;TIGR02997;COG0568	RNA polymerase sigma factor, cyanobacterial RpoD-like family
JBHJCN010000001.1_493	596193	596918	726	-1	0.668	11	GGA/GAG/AGG	NA	NA	NA	0	0	0	1	NA	NA	NA	NA	NA
JBHJCN010000001.1_494	596915	597757	843	-1	0.649	11	GGAG/GAGG	NA	NA	NA	0	0	0	1	NA	NA	NA	NA	NA
JBHJCN010000001.1_495	597766	598716	951	-1	0.670	11	AGGA	GENOMAD.090188.CV	5.678e-49	180	0	0	0	1	NA	NA	NA	PF18075;PF02687;K09811;TIGR00439;COG2177	putative protein insertion permease FtsX
JBHJCN010000001.1_496	598713	599399	687	-1	0.659	11	None	NA	NA	NA	0	0	0	1	NA	NA	NA	NA	NA
JBHJCN010000001.1_497	599475	601244	1770	-1	0.682	11	None	NA	NA	NA	0	0	0	1	NA	NA	NA	NA	NA
JBHJCN010000001.1_498	601395	601736	342	1	0.632	11	AGGAG	GENOMAD.170721.VV	1.308e-05	45	0	0	0	1246	Caudoviricetes	NA	NA	PF07689;TIGR02200;COG4545;K18917	Glutaredoxin-like protein
JBHJCN010000001.1_499	601952	603826	1875	1	0.652	11	GGAG/GAGG	NA	NA	NA	0	0	0	1	NA	NA	NA	NA	NA
JBHJCN010000002.1_1	1	213	213	-1	0.695	11	AGGA	NA	NA	NA	0	0	0	1	NA	NA	NA	NA	NA
JBHJCN010000002.1_2	949	4788	3840	-1	0.597	11	GGxGG	NA	NA	NA	0	0	0	1	NA	NA	NA	NA	NA
JBHJCN010000002.1_3	5681	6292	612	-1	0.641	11	None	GENOMAD.124185.CV	0.0009221	42	0	0	0	1	NA	NA	NA	PF01121;K00859;TIGR00152;COG0237	dephospho-CoA kinase
JBHJCN010000002.1_4	6306	7169	864	-1	0.639	11	GGA/GAG/AGG	GENOMAD.189659.CP	0.0002268	45	0	0	0	1	NA	NA	NA	PF01478;K02278;COG4960	Flp pilus assembly protein, protease CpaA
JBHJCN010000002.1_5	7176	8453	1278	-1	0.505	11	GGA/GAG/AGG	GENOMAD.117158.CP	2.213e-26	116	0	0	0	1	NA	NA	NA	PF00482	Type II secretion system (T2SS), protein F
JBHJCN010000002.1_6	8780	9208	429	1	0.592	11	GGA/GAG/AGG	GENOMAD.169725.CP	0.0006792	41	0	0	0	1	NA	NA	NA	PF07379;TIGR01708;K02457;COG4970	type II secretion system protein H
JBHJCN010000002.1_7	9342	11075	1734	1	0.612	11	GGA/GAG/AGG	GENOMAD.005978.CC	1.799e-08	60	0	0	0	1246	Caudoviricetes	T_virB11	NA	PF00437;PF05810;K07332;TIGR03819;COG4962	helicase/secretion neighborhood ATPase
JBHJCN010000002.1_8	11344	11523	180	1	0.572	11	GGA/GAG/AGG	NA	NA	NA	0	0	0	1	NA	NA	NA	NA	NA
JBHJCN010000002.1_9	11493	12887	1395	-1	0.655	11	None	NA	NA	NA	0	0	0	1	NA	NA	NA	NA	NA
JBHJCN010000002.1_10	13215	14828	1614	-1	0.679	11	GGA/GAG/AGG	NA	NA	NA	0	0	0	1	NA	NA	NA	NA	NA
JBHJCN010000002.1_11	15060	16229	1170	1	0.621	11	None	GENOMAD.120770.CP	2.266e-05	49	0	0	0	1	NA	NA	NA	PF13549;K22224;TIGR01016;COG1042	succinyl-CoA synthetase, beta subunit
JBHJCN010000002.1_12	16254	17129	876	1	0.651	11	AGGA	GENOMAD.116234.CP	2.975e-14	76	0	0	0	1	NA	NA	NA	PF13607;PF03061;K01902;TIGR01019;COG0074	succinyl-CoA synthetase, alpha subunit
JBHJCN010000002.1_13	17300	17644	345	1	0.632	11	AGGAG	GENOMAD.138269.PC	2.953e-14	70	0	0	0	1	NA	NA	NA	PF03693;COG3609;TIGR02384	Transcriptional regulator, contains Arc/MetJ-type RHH (ribbon-helix-helix) DNA-binding domain
JBHJCN010000002.1_14	17648	17950	303	1	0.607	11	GGA/GAG/AGG	GENOMAD.142672.PC	4.661e-35	129	0	1	0	1	NA	NA	NA	PF05016;COG3668;TIGR02385	Plasmid stabilization system protein ParE
JBHJCN010000002.1_15	17950	19605	1656	1	0.661	11	None	NA	NA	NA	0	0	0	1	NA	NA	NA	NA	NA
JBHJCN010000002.1_16	19624	20601	978	-1	0.639	11	AGGA	NA	NA	NA	0	0	0	1	NA	NA	NA	NA	NA
JBHJCN010000002.1_17	20882	21763	882	-1	0.645	11	None	GENOMAD.000337.CC	4.997e-38	147	0	0	0	1	NA	NA	NA	PF13525;PF20205;K05807;TIGR03302;COG4105	outer membrane assembly lipoprotein YfiO
JBHJCN010000002.1_18	21885	22880	996	1	0.704	11	GGA/GAG/AGG	NA	NA	NA	0	0	0	1	NA	NA	NA	NA	NA
JBHJCN010000002.1_19	22888	23694	807	1	0.704	11	GGA/GAG/AGG	NA	NA	NA	0	0	0	1	NA	NA	NA	NA	NA
JBHJCN010000002.1_20	23679	24221	543	1	0.667	11	None	NA	NA	NA	0	0	0	1	NA	NA	NA	NA	NA
JBHJCN010000002.1_21	24196	24642	447	1	0.660	11	None	GENOMAD.148005.CP	4.569e-41	149	0	0	0	1	NA	NA	NA	PF04134;COG3011	Predicted thiol-disulfide oxidoreductase YuxK, DCC family
JBHJCN010000002.1_22	24846	26714	1869	-1	0.665	11	GGA/GAG/AGG	GENOMAD.146534.CP	0.0003751	46	0	0	0	1	NA	NA	NA	PF00015	Methyl-accepting chemotaxis protein (MCP) signalling domain
JBHJCN010000002.1_23	27430	29868	2439	-1	0.674	11	GGA/GAG/AGG	GENOMAD.179037.PC	1.322e-18	94	0	0	0	1	NA	NA	NA	K05358;COG4993;TIGR03074	Glucose dehydrogenase
JBHJCN010000002.1_24	30498	31865	1368	-1	0.629	11	AGGAGG	NA	NA	NA	0	0	0	1	NA	NA	NA	NA	NA
JBHJCN010000002.1_25	31862	33640	1779	-1	0.641	11	None	GENOMAD.146625.CP	6.974e-15	81	0	0	0	1	NA	NA	NA	PF09137;PF00723;COG3387;TIGR01535;K22934	Glucoamylase (glucan-1,4-alpha-glucosidase), GH15 family
JBHJCN010000002.1_26	33689	34447	759	-1	0.688	11	None	NA	NA	NA	0	0	0	1	NA	NA	NA	NA	NA
JBHJCN010000002.1_27	34561	36996	2436	-1	0.661	11	AGGAG	NA	NA	NA	0	0	0	1	NA	NA	NA	NA	NA
JBHJCN010000002.1_28	37222	37695	474	1	0.681	11	GGAG/GAGG	GENOMAD.178666.VC	3.433e-31	121	0	0	0	1246	Caudoviricetes	NA	NA	PF12098	NA
JBHJCN010000002.1_29	37854	38726	873	1	0.658	11	GGA/GAG/AGG	NA	NA	NA	0	0	0	1	NA	NA	NA	NA	NA
JBHJCN010000002.1_30	38864	40465	1602	1	0.680	11	None	GENOMAD.178594.CP	8.017e-100	338	0	0	0	1	NA	NA	NA	COG2252	Xanthine/uracil/vitamin C permease, AzgA family
JBHJCN010000002.1_31	40462	41628	1167	1	0.659	11	AGGAG	NA	NA	NA	0	0	0	1	NA	NA	NA	NA	NA
JBHJCN010000002.1_32	41923	42741	819	1	0.665	11	AGGAG	GENOMAD.011935.CC	5.314e-61	213	0	0	0	1	NA	NA	NA	NA	NA
JBHJCN010000002.1_33	42968	43675	708	-1	0.613	11	GGAG/GAGG	NA	NA	NA	0	0	0	1	NA	NA	NA	NA	NA
JBHJCN010000002.1_34	43720	44046	327	-1	0.651	11	None	NA	NA	NA	0	0	0	1	NA	NA	NA	NA	NA
JBHJCN010000002.1_35	44070	44948	879	1	0.699	11	None	NA	NA	NA	0	0	0	1	NA	NA	NA	NA	NA
JBHJCN010000002.1_36	45018	47603	2586	1	0.645	11	GGAG/GAGG	GENOMAD.046845.VV	2.373e-24	113	0	0	0	1246	Caudoviricetes	NA	NA	PF10431	NA
JBHJCN010000002.1_37	48087	49964	1878	1	0.654	11	AGGAG	GENOMAD.151024.CP	1.672e-07	57	0	0	0	1	NA	NA	NA	PF14905;PF07715;TIGR01779;K16092;COG4206	TonB-dependent vitamin B12 receptor
JBHJCN010000002.1_38	50244	50837	594	1	0.673	11	AGGAG	NA	NA	NA	0	0	0	1	NA	NA	NA	NA	NA
JBHJCN010000002.1_39	50927	51448	522	1	0.646	11	None	NA	NA	NA	0	0	0	1	NA	NA	NA	NA	NA
JBHJCN010000002.1_40	51445	52056	612	1	0.650	11	GGAG/GAGG	NA	NA	NA	0	0	0	1	NA	NA	NA	NA	NA
JBHJCN010000002.1_41	52127	53041	915	1	0.701	11	GGA/GAG/AGG	GENOMAD.134127.CP	1.611e-91	303	0	0	0	1	NA	NA	NA	PF03186;K02227;COG1270;TIGR00380	Cobalamin biosynthesis protein CobD/CbiB
JBHJCN010000002.1_42	53135	54118	984	1	0.686	11	GGAG/GAGG	NA	NA	NA	0	0	0	1	NA	NA	NA	NA	NA
JBHJCN010000002.1_43	54115	55590	1476	1	0.671	11	GGA/GAG/AGG	GENOMAD.123417.CP	9.479e-122	400	0	0	0	1	NA	NA	NA	PF07685;PF01656;K02232;TIGR00313;COG1492	cobyric acid synthase CobQ
JBHJCN010000002.1_44	55578	56102	525	1	0.657	11	GGA/GAG/AGG	GENOMAD.140449.CP	2.153e-35	134	0	0	0	1	NA	NA	NA	PF02283;COG2087;TIGR01618	Cobinamide kinase / cobinamide phosphate guanyltransferase
JBHJCN010000002.1_45	56095	57141	1047	1	0.691	11	AGGAG	GENOMAD.134221.CP	7.326e-104	341	0	0	0	1	NA	NA	NA	PF02277;TIGR03160;COG2038;K21299	nicotinate-nucleotide--dimethylbenzimidazole phosphoribosyltransferase
JBHJCN010000002.1_46	57138	57728	591	1	0.697	11	GGAG/GAGG	GENOMAD.132739.CP	8.885e-05	45	0	0	0	1	NA	NA	NA	PF00300;COG0588;K22306;TIGR03162	Phosphoglycerate mutase (BPG-dependent)
JBHJCN010000002.1_47	57725	58459	735	1	0.686	11	None	GENOMAD.136266.CP	1.14e-21	97	0	0	0	1	NA	NA	NA	COG0368	Cobalamin synthase
JBHJCN010000002.1_48	58693	59604	912	1	0.681	11	AGGAG	NA	NA	NA	0	0	0	1	NA	NA	NA	NA	NA
JBHJCN010000002.1_49	59508	60797	1290	-1	0.655	11	AGxAGG/AGGxGG	NA	NA	NA	0	0	0	1	NA	NA	NA	NA	NA
JBHJCN010000002.1_50	60794	62563	1770	-1	0.673	11	AGGAG	GENOMAD.159812.PC	1.39e-40	163	0	0	0	1	NA	NA	NA	PF04183;PF06276;K24108;COG4264	Siderophore synthetase component
JBHJCN010000002.1_51	62541	63737	1197	-1	0.677	11	None	NA	NA	NA	0	0	0	1	NA	NA	NA	NA	NA
JBHJCN010000002.1_52	63734	65536	1803	-1	0.679	11	GGA/GAG/AGG	GENOMAD.159061.PC	7.141e-99	338	0	0	0	1	NA	NA	NA	PF04183;PF06276;COG4264;K23447	Siderophore synthetase component
JBHJCN010000002.1_53	65533	66759	1227	-1	0.658	11	GGA/GAG/AGG	GENOMAD.140949.CP	7.71e-12	70	0	0	0	1	NA	NA	NA	PF02786;PF18130;PF18603;COG0439;TIGR03909;K19112	Biotin carboxylase
JBHJCN010000002.1_54	66996	69137	2142	-1	0.641	11	AGGAG	GENOMAD.135943.CP	3.833e-29	128	0	0	0	1	NA	NA	NA	PF11854;PF07715;K16091;TIGR01776;COG4772	TonB-dependent lactoferrin and transferrin receptors
JBHJCN010000002.1_55	69138	69899	762	-1	0.677	11	GGxGG	NA	NA	NA	0	0	0	1	NA	NA	NA	NA	NA
JBHJCN010000002.1_56	70237	72021	1785	-1	0.663	11	GGA/GAG/AGG	NA	NA	NA	0	0	0	1	NA	NA	NA	NA	NA
JBHJCN010000002.1_57	72374	73567	1194	1	0.659	11	GGA/GAG/AGG	GENOMAD.137855.CP	3.504e-12	71	0	0	0	1	NA	NA	NA	PF00067;TIGR04515;K24389;COG2124	P450-derived glycosyltranferase activator
JBHJCN010000002.1_58	73767	76166	2400	-1	0.644	11	GGA/GAG/AGG	NA	NA	NA	0	0	0	1	NA	NA	NA	NA	NA
JBHJCN010000002.1_59	76509	78896	2388	-1	0.626	11	GGAG/GAGG	NA	NA	NA	0	0	0	1	NA	NA	NA	NA	NA
JBHJCN010000002.1_60	79170	79595	426	-1	0.631	11	GGAG/GAGG	NA	NA	NA	0	0	0	1	NA	NA	NA	NA	NA
JBHJCN010000002.1_61	80019	82403	2385	-1	0.665	11	GGAG/GAGG	NA	NA	NA	0	0	0	1	NA	NA	NA	NA	NA
JBHJCN010000002.1_62	82583	84499	1917	1	0.661	11	GGA/GAG/AGG	NA	NA	NA	0	0	0	1	NA	NA	NA	NA	NA
JBHJCN010000002.1_63	84692	85192	501	1	0.649	11	GGA/GAG/AGG	NA	NA	NA	0	0	0	1	NA	NA	NA	NA	NA
JBHJCN010000002.1_64	85208	86083	876	-1	0.700	11	None	NA	NA	NA	0	0	0	1	NA	NA	NA	NA	NA
JBHJCN010000002.1_65	86184	87077	894	1	0.677	11	AGGAG	NA	NA	NA	0	0	0	1	NA	NA	NA	NA	NA
JBHJCN010000002.1_66	87190	88095	906	1	0.648	11	None	NA	NA	NA	0	0	0	1	NA	NA	NA	NA	NA
JBHJCN010000002.1_67	88354	90501	2148	-1	0.680	11	GGA/GAG/AGG	NA	NA	NA	0	0	0	1	NA	NA	NA	NA	NA
JBHJCN010000002.1_68	90576	92972	2397	-1	0.644	11	GGA/GAG/AGG	GENOMAD.148078.PC	0.0	1294	0	0	0	1	NA	NA	NA	PF14905;PF07715;K16091;TIGR01776;COG4772	TonB-dependent lactoferrin and transferrin receptors
JBHJCN010000002.1_69	93436	94674	1239	-1	0.660	11	GGAG/GAGG	GENOMAD.147262.CP	5.374e-89	301	0	0	0	1	NA	NA	NA	COG2223	Nitrate/nitrite transporter NarK
JBHJCN010000002.1_70	95148	95441	294	1	0.663	11	None	GENOMAD.129440.VC	2.14e-18	81	0	0	0	1246	Caudoviricetes	NA	NA	PF13397;COG2331;TIGR02605	Predicted nucleic acid-binding protein, contains Zn-ribbon domain
JBHJCN010000002.1_71	95882	96694	813	-1	0.712	11	AGGA	GENOMAD.207981.CP	2.128e-23	103	0	0	0	1	NA	NA	NA	PF11218	NA
JBHJCN010000002.1_72	96852	98618	1767	1	0.660	11	GGAG/GAGG	GENOMAD.103290.CV	8.254e-16	84	0	0	0	1246	Caudoviricetes	NA	NA	PF02938	GAD domain
JBHJCN010000002.1_73	99083	99610	528	1	0.640	11	GGAG/GAGG	NA	NA	NA	0	0	0	1	NA	NA	NA	NA	NA
JBHJCN010000002.1_74	99706	100383	678	1	0.742	11	GGA/GAG/AGG	NA	NA	NA	0	0	0	1	NA	NA	NA	NA	NA
JBHJCN010000002.1_75	100473	101201	729	1	0.660	11	GGA/GAG/AGG	NA	NA	NA	0	0	0	1	NA	NA	NA	NA	NA
JBHJCN010000002.1_76	101332	101856	525	1	0.670	11	None	NA	NA	NA	0	0	0	1	NA	NA	NA	NA	NA
JBHJCN010000002.1_77	102014	102598	585	1	0.675	11	GGxGG	NA	NA	NA	0	0	0	1	NA	NA	NA	NA	NA
JBHJCN010000002.1_78	102795	104699	1905	1	0.654	11	None	NA	NA	NA	0	0	0	1	NA	NA	NA	NA	NA
JBHJCN010000002.1_79	104702	105820	1119	1	0.673	11	GGAG/GAGG	NA	NA	NA	0	0	0	1	NA	NA	NA	NA	NA
JBHJCN010000002.1_80	105860	106900	1041	1	0.661	11	GGA/GAG/AGG	NA	NA	NA	0	0	0	1	NA	NA	NA	NA	NA
JBHJCN010000002.1_81	106953	107411	459	1	0.630	11	None	GENOMAD.116981.CP	1.634e-19	87	0	0	0	1	NA	NA	NA	PF13279;TIGR02799;K07107;COG0824	tol-pal system-associated acyl-CoA thioesterase
JBHJCN010000002.1_82	107423	108202	780	1	0.654	11	GGAG/GAGG	GENOMAD.114974.CP	1.093e-06	52	0	0	0	1	NA	NA	NA	PF01618;K03561;COG0811;TIGR02796	Biopolymer transport protein ExbB/TolQ
JBHJCN010000002.1_83	108360	108809	450	1	0.627	11	AGGA	GENOMAD.124417.CP	1.384e-09	58	0	0	0	1	NA	NA	NA	PF02472;K03560;TIGR02801;COG0848	TolR protein
JBHJCN010000002.1_84	108799	109839	1041	1	0.684	11	GGA/GAG/AGG	GENOMAD.007324.CC	2.031e-41	159	0	0	0	1	NA	NA	NA	PF06519	TolA C-terminal
JBHJCN010000002.1_85	110028	111347	1320	1	0.658	11	GGA/GAG/AGG	GENOMAD.000747.CC	1.004e-23	108	0	0	0	1	NA	NA	NA	PF04052;TIGR02800;COG0823	tol-pal system beta propeller repeat protein TolB
JBHJCN010000002.1_86	111405	111923	519	1	0.630	11	GGA/GAG/AGG	NA	NA	NA	0	0	0	1	NA	NA	NA	NA	NA
JBHJCN010000002.1_87	111930	112748	819	1	0.637	11	None	GENOMAD.083550.CP	6.223e-59	207	0	0	0	1	NA	NA	NA	PF16331;PF13525;COG1729;TIGR03302;K05807	Periplasmic TolA-binding protein (function unknown)
JBHJCN010000002.1_88	112790	113473	684	1	0.645	11	None	NA	NA	NA	0	0	0	1	NA	NA	NA	NA	NA
JBHJCN010000002.1_89	113845	114519	675	-1	0.676	11	None	NA	NA	NA	0	0	0	1	NA	NA	NA	NA	NA
JBHJCN010000002.1_90	114796	115803	1008	1	0.624	11	GGA/GAG/AGG	NA	NA	NA	0	0	0	1	NA	NA	NA	NA	NA
JBHJCN010000002.1_91	115800	116159	360	1	0.586	11	GGAG/GAGG	NA	NA	NA	0	0	0	1	NA	NA	NA	NA	NA
JBHJCN010000002.1_92	116429	117331	903	-1	0.664	11	GGA/GAG/AGG	GENOMAD.170952.PC	3.491e-70	241	0	0	0	1	NA	NA	NA	PF03466;TIGR03298;COG0583;K21698	transcriptional regulator, ArgP family
JBHJCN010000002.1_93	117433	118059	627	1	0.646	11	GGAG/GAGG	GENOMAD.161205.CP	5.824e-12	67	0	0	0	1	NA	NA	NA	PF01810;K06895;COG1280;TIGR00949	Threonine/homoserine/homoserine lactone efflux protein
JBHJCN010000002.1_94	118419	120587	2169	-1	0.624	11	GGA/GAG/AGG	NA	NA	NA	0	0	0	1	NA	NA	NA	NA	NA
JBHJCN010000002.1_95	121102	121308	207	-1	0.589	11	AGGAG	NA	NA	NA	0	0	0	1	NA	NA	NA	NA	NA
JBHJCN010000002.1_96	121541	122251	711	1	0.658	11	GGA/GAG/AGG	GENOMAD.106866.CP	7.421e-39	147	0	0	0	1246	Caudoviricetes	NA	NA	COG1187	16S rRNA U516 pseudouridylate synthase RsuA and related 23S rRNA U2605, pseudouridylate synthases
JBHJCN010000002.1_97	122342	122452	111	-1	0.486	11	AGGAG	NA	NA	NA	0	0	0	1	NA	NA	NA	NA	NA
JBHJCN010000002.1_98	123147	123917	771	-1	0.651	11	GGA/GAG/AGG	NA	NA	NA	0	0	0	1	NA	NA	NA	NA	NA
JBHJCN010000002.1_99	124076	124480	405	-1	0.620	11	GGA/GAG/AGG	NA	NA	NA	0	0	0	1	NA	NA	NA	NA	NA
JBHJCN010000002.1_100	124559	125056	498	-1	0.645	11	GGA/GAG/AGG	NA	NA	NA	0	0	0	1	NA	NA	NA	NA	NA
JBHJCN010000002.1_101	125195	126991	1797	-1	0.659	11	None	NA	NA	NA	0	0	0	1	NA	NA	NA	NA	NA
JBHJCN010000002.1_102	127373	127921	549	-1	0.630	11	AGGA	NA	NA	NA	0	0	0	1	NA	NA	NA	NA	NA
JBHJCN010000002.1_103	128024	132145	4122	1	0.669	11	None	GENOMAD.105310.CV	4.439e-152	522	0	0	0	1	NA	NA	NA	PF11898	NA
JBHJCN010000002.1_104	132361	134997	2637	-1	0.624	11	AGGAG	GENOMAD.152082.CP	2.441e-104	364	0	0	0	1	NA	NA	NA	PF00593;PF07715;PF00691;TIGR01782;COG4773;K16089	TonB-dependent receptor
JBHJCN010000002.1_105	135100	136026	927	-1	0.663	11	None	GENOMAD.142642.CP	1.306e-86	289	0	0	0	1	NA	NA	NA	PF02685;TIGR00749;K00845;COG0837	glucokinase, proteobacterial type
JBHJCN010000002.1_106	136427	137941	1515	-1	0.658	11	GGAG/GAGG	NA	NA	NA	0	0	0	1	NA	NA	NA	NA	NA
JBHJCN010000002.1_107	138370	138882	513	-1	0.634	11	GGA/GAG/AGG	GENOMAD.209634.PC	6.848e-29	115	0	0	0	1	NA	NA	NA	NA	NA
JBHJCN010000002.1_108	138945	140063	1119	-1	0.686	11	None	NA	NA	NA	0	0	0	1	NA	NA	NA	NA	NA
JBHJCN010000002.1_109	140060	140338	279	-1	0.649	11	None	GENOMAD.169830.CP	1.905e-17	78	0	0	0	1	NA	NA	NA	PF03070;PF05402;K06137;TIGR02111;COG5424	coenzyme PQQ biosynthesis protein C
JBHJCN010000002.1_110	140335	141087	753	-1	0.648	11	GGAG/GAGG	GENOMAD.169830.CP	2.934e-103	334	0	0	0	1	NA	NA	NA	PF03070;PF05402;K06137;TIGR02111;COG5424	coenzyme PQQ biosynthesis protein C
JBHJCN010000002.1_111	141084	141983	900	-1	0.653	11	GGA/GAG/AGG	GENOMAD.180288.CP	1.096e-64	225	0	0	0	1	NA	NA	NA	PF12706;K06136;TIGR02108;COG1234	coenzyme PQQ biosynthesis protein B
JBHJCN010000002.1_112	142451	144622	2172	1	0.679	11	None	NA	NA	NA	0	0	0	1	NA	NA	NA	NA	NA
JBHJCN010000002.1_113	144897	146327	1431	1	0.727	11	None	GENOMAD.010877.CC	1.422e-168	535	0	0	0	1	NA	NA	NA	K09667;COG4105	Outer membrane protein assembly factor BamD, BamD/ComL family
JBHJCN010000002.1_114	146683	148767	2085	-1	0.663	11	GGAG/GAGG	NA	NA	NA	0	0	0	1	NA	NA	NA	NA	NA
JBHJCN010000002.1_115	149005	151452	2448	1	0.681	11	None	NA	NA	NA	0	0	0	1	NA	NA	NA	NA	NA
JBHJCN010000002.1_116	151466	151990	525	1	0.699	11	GGA/GAG/AGG	GENOMAD.147559.CP	2.879e-58	200	0	0	0	1	NA	NA	NA	PF13512;PF20402;K02656;TIGR02521;COG5010	type IV pilus biogenesis/stability protein PilW
JBHJCN010000002.1_117	152261	154249	1989	1	0.688	11	None	NA	NA	NA	0	0	0	1	NA	NA	NA	NA	NA
JBHJCN010000002.1_118	154415	155134	720	1	0.699	11	None	GENOMAD.034878.CC	2.181e-56	198	0	0	0	1	NA	NA	NA	PF00814;PF07066;K14742;TIGR03725;COG1214	tRNA threonylcarbamoyl adenosine modification protein YeaZ
JBHJCN010000002.1_119	155131	155490	360	1	0.664	11	None	NA	NA	NA	0	0	0	1	NA	NA	NA	NA	NA
JBHJCN010000002.1_120	155745	156314	570	1	0.714	11	None	NA	NA	NA	0	0	0	1	NA	NA	NA	NA	NA
JBHJCN010000002.1_121	156656	157531	876	-1	0.703	11	None	GENOMAD.001998.CC	2.829e-32	130	0	0	0	1	NA	NA	NA	PF06519;TIGR01352	TolA C-terminal
JBHJCN010000002.1_122	157528	158478	951	-1	0.685	11	GGA/GAG/AGG	GENOMAD.129199.CP	4.188e-40	154	0	0	0	1	NA	NA	NA	PF02951;K01920;TIGR01380;COG0189	Prokaryotic glutathione synthetase, N-terminal domain
JBHJCN010000002.1_123	158763	159116	354	1	0.562	11	AGGA	NA	NA	NA	0	0	0	1	NA	NA	NA	NA	NA
JBHJCN010000002.1_124	159134	159496	363	1	0.595	11	GGA/GAG/AGG	NA	NA	NA	0	0	0	1	NA	NA	NA	NA	NA
JBHJCN010000002.1_125	159496	160026	531	1	0.661	11	None	GENOMAD.128882.CP	1.068e-14	74	0	0	0	1	NA	NA	NA	PF01584;K02659;COG0835	Chemotaxis signal transduction protein
JBHJCN010000002.1_126	160066	162102	2037	1	0.655	11	GGAG/GAGG	NA	NA	NA	0	0	0	1	NA	NA	NA	NA	NA
JBHJCN010000002.1_127	162216	169433	7218	1	0.674	11	GGA/GAG/AGG	GENOMAD.116397.CP	9.794e-59	229	0	0	0	1	NA	NA	NA	PF14501;PF01584;PF01627;PF02895;K03407;COG0643;TIGR01924	Chemotaxis protein histidine kinase CheA
JBHJCN010000002.1_128	169420	170628	1209	1	0.709	11	GGA/GAG/AGG	GENOMAD.177428.CP	1.715e-129	418	0	0	0	1	NA	NA	NA	PF01339;K06597	CheB methylesterase
JBHJCN010000002.1_129	170662	171138	477	1	0.677	11	GGA/GAG/AGG	GENOMAD.007007.CC	1.157e-16	79	0	0	0	1	NA	NA	NA	PF01584;K06598;COG0835	Chemotaxis signal transduction protein
JBHJCN010000002.1_130	171369	171992	624	1	0.670	11	GGAG/GAGG	NA	NA	NA	0	0	0	1	NA	NA	NA	NA	NA
JBHJCN010000002.1_131	171960	173771	1812	-1	0.673	11	GGAGG	GENOMAD.029534.CC	1.075e-05	51	0	0	0	1	NA	NA	NA	NA	NA
JBHJCN010000002.1_132	173768	174298	531	-1	0.637	11	GGAG/GAGG	NA	NA	NA	0	0	0	1	NA	NA	NA	NA	NA
JBHJCN010000002.1_133	174370	175875	1506	-1	0.651	11	GGA/GAG/AGG	GENOMAD.167282.CP	2.499e-34	142	0	0	0	1	NA	NA	NA	PF12450	von Willebrand factor
JBHJCN010000002.1_134	176687	177751	1065	1	0.650	11	GGAG/GAGG	GENOMAD.141113.CP	6.386e-55	199	0	0	0	1	NA	NA	NA	PF01112;K01444;COG1446	Isoaspartyl peptidase or L-asparaginase, Ntn-hydrolase superfamily
JBHJCN010000002.1_135	177748	178479	732	1	0.668	11	GGA/GAG/AGG	GENOMAD.154816.CP	1.594e-30	123	0	0	0	1	NA	NA	NA	PF03932;K06201;COG3142;TIGR00559	Copper homeostasis protein CutC
JBHJCN010000002.1_136	178581	180263	1683	-1	0.623	11	GGA/GAG/AGG	NA	NA	NA	0	0	0	1	NA	NA	NA	NA	NA
JBHJCN010000002.1_137	180649	181809	1161	-1	0.661	11	AGGA	NA	NA	NA	0	0	0	1	NA	NA	NA	NA	NA
JBHJCN010000002.1_138	182203	182532	330	1	0.594	11	AGGAG	GENOMAD.018095.CC	5.921e-21	89	0	0	0	1	NA	NA	NA	PF11747	Killing trait
JBHJCN010000002.1_139	182590	182790	201	-1	0.647	11	AGGAG	NA	NA	NA	0	0	0	1	NA	NA	NA	NA	NA
JBHJCN010000002.1_140	183288	185954	2667	1	0.670	11	GGAG/GAGG	NA	NA	NA	0	0	0	1	NA	NA	NA	NA	NA
JBHJCN010000002.1_141	186001	187836	1836	-1	0.657	11	GGA/GAG/AGG	GENOMAD.208849.PC	6.595e-07	55	0	0	0	1	NA	NA	NA	PF18120;PF01301;K12308;COG1874;TIGR03356	Glycosyl hydrolases family 35
JBHJCN010000002.1_142	188146	190488	2343	-1	0.666	11	GGA/GAG/AGG	GENOMAD.140646.CP	1.643e-163	535	0	0	0	1246	Caudoviricetes	NA	NA	PF07971;PF17678;TIGR01180;COG3537;K03931	alpha-1,2-mannosidase, putative
JBHJCN010000002.1_143	190595	192058	1464	-1	0.668	11	AGGAG	NA	NA	NA	0	0	0	1	NA	NA	NA	NA	NA
JBHJCN010000002.1_144	192535	195204	2670	-1	0.673	11	AGGAG	GENOMAD.123121.CP	1.23e-10	68	0	0	0	1	NA	NA	NA	K01207;COG1472	Periplasmic beta-glucosidase and related glycosidases
JBHJCN010000002.1_145	195413	198094	2682	-1	0.647	11	AGGAG	GENOMAD.176795.CP	9.254e-13	75	0	0	0	1	NA	NA	NA	PF17753	Ig-fold domain
JBHJCN010000002.1_146	198116	200566	2451	-1	0.671	11	GGA/GAG/AGG	GENOMAD.142037.CP	3.295e-12	73	0	0	0	1246	Caudoviricetes	NA	NA	PF00728;PF02838;COG3525;K12373	N-acetyl-beta-hexosaminidase
JBHJCN010000002.1_147	200824	201879	1056	-1	0.604	11	GGA/GAG/AGG	NA	NA	NA	0	0	0	1	NA	NA	NA	NA	NA
JBHJCN010000002.1_148	201894	203582	1689	-1	0.647	11	AGGAG	GENOMAD.178633.CP	1.064e-17	90	0	0	0	1	NA	NA	NA	PF16757	Alpha-L-fucosidase C-terminal domain
JBHJCN010000002.1_149	203789	206461	2673	-1	0.619	11	GGAG/GAGG	GENOMAD.152082.CP	5.714e-123	420	0	0	0	1	NA	NA	NA	PF00593;PF07715;PF00691;TIGR01782;COG4773;K16089	TonB-dependent receptor
JBHJCN010000002.1_150	207164	208180	1017	1	0.667	11	AGGAG	GENOMAD.142642.CP	1.634e-98	325	0	0	0	1	NA	NA	NA	PF02685;TIGR00749;K00845;COG0837	glucokinase, proteobacterial type
JBHJCN010000002.1_151	208482	209216	735	-1	0.693	11	GGAG/GAGG	GENOMAD.081069.CP	1.462e-32	129	1	0	0	1	NA	NA	NA	PF04452;PF20260;COG1385;TIGR00046;K09761	16S rRNA U1498 N3-methylase RsmE
JBHJCN010000002.1_152	209207	210514	1308	-1	0.674	11	None	NA	NA	NA	0	0	0	1	NA	NA	NA	NA	NA
JBHJCN010000002.1_153	210667	211215	549	1	0.639	11	None	NA	NA	NA	0	0	0	1	NA	NA	NA	NA	NA
JBHJCN010000002.1_154	211212	212012	801	1	0.679	11	GGAG/GAGG	NA	NA	NA	0	0	0	1	NA	NA	NA	NA	NA
JBHJCN010000002.1_155	212203	213207	1005	1	0.661	11	AGGA	GENOMAD.097849.CV	3.746e-36	143	0	0	0	1246	Caudoviricetes	NA	NA	PF00590;PF03819;K02499;COG3956;TIGR00444	Uncharacterized conserved protein YabN, contains tetrapyrrole methylase and MazG-like pyrophosphatase domain
JBHJCN010000002.1_156	213204	213539	336	1	0.661	11	None	NA	NA	NA	0	0	0	1	NA	NA	NA	NA	NA
JBHJCN010000002.1_157	213989	214423	435	1	0.678	11	GGAG/GAGG	GENOMAD.142316.CP	5.961e-19	85	0	0	0	1	NA	NA	NA	PF01957;K07340;COG1585	Membrane protein implicated in regulation of membrane protease activity
JBHJCN010000002.1_158	214594	215703	1110	1	0.653	11	GGA/GAG/AGG	GENOMAD.127113.CP	7.151e-22	101	0	0	0	1	NA	NA	NA	PF01571;K00282;TIGR00528;COG0404	glycine cleavage system T protein
JBHJCN010000002.1_159	215852	216247	396	1	0.629	11	GGAG/GAGG	NA	NA	NA	0	0	0	1	NA	NA	NA	NA	NA
JBHJCN010000002.1_160	217258	217791	534	1	0.562	11	AGGAG	NA	NA	NA	0	0	0	1	NA	NA	NA	NA	NA
JBHJCN010000002.1_161	218414	219793	1380	-1	0.670	11	GGA/GAG/AGG	NA	NA	NA	0	0	0	1	NA	NA	NA	NA	NA
JBHJCN010000002.1_162	220127	221488	1362	1	0.641	11	None	GENOMAD.134235.CP	1.349e-43	169	0	0	0	1	NA	NA	NA	PF03219;K03301;TIGR00769;COG3202	ADP/ATP carrier protein family
JBHJCN010000002.1_163	221668	222021	354	1	0.636	11	GGAG/GAGG	GENOMAD.189480.CP	1.27e-07	51	0	0	0	1	NA	NA	NA	PF06993;COG3759;K08987	NA
JBHJCN010000002.1_164	222324	224798	2475	-1	0.646	11	GGAG/GAGG	NA	NA	NA	0	0	0	1	NA	NA	NA	NA	NA
JBHJCN010000002.1_165	224795	225718	924	-1	0.659	11	None	NA	NA	NA	0	0	0	1	NA	NA	NA	NA	NA
JBHJCN010000002.1_166	225855	226463	609	1	0.654	11	None	GENOMAD.142335.PC	1.368e-62	214	0	0	0	1	NA	NA	NA	PF13022;PF19344;TIGR03384;COG3226;K18939	transcriptional repressor BetI
JBHJCN010000002.1_167	226578	229478	2901	-1	0.573	11	GGAG/GAGG	NA	NA	NA	0	0	0	1	NA	NA	NA	NA	NA
JBHJCN010000002.1_168	229722	230555	834	-1	0.663	11	None	NA	NA	NA	0	0	0	1	NA	NA	NA	NA	NA
JBHJCN010000002.1_169	230709	231599	891	-1	0.681	11	None	GENOMAD.043656.CC	7.21e-47	173	0	0	0	1	NA	NA	NA	PF01430;COG1281;K04083	Redox-regulated molecular chaperone, HSP33 family
JBHJCN010000002.1_170	231674	232420	747	1	0.655	11	GGA/GAG/AGG	NA	NA	NA	0	0	0	1	NA	NA	NA	NA	NA
JBHJCN010000002.1_171	232417	233463	1047	1	0.640	11	GGA/GAG/AGG	NA	NA	NA	0	0	0	1	NA	NA	NA	NA	NA
JBHJCN010000002.1_172	233423	233851	429	1	0.629	11	GGAG/GAGG	NA	NA	NA	0	0	0	1	NA	NA	NA	NA	NA
JBHJCN010000002.1_173	233864	235849	1986	-1	0.654	11	None	GENOMAD.121392.CP	2.385e-113	383	0	0	0	1	NA	NA	NA	K07290;COG2982	Uncharacterized protein involved in outer membrane biogenesis
JBHJCN010000002.1_174	235878	236522	645	-1	0.623	11	None	NA	NA	NA	0	0	0	1	NA	NA	NA	NA	NA
JBHJCN010000002.1_175	236598	238202	1605	-1	0.628	11	None	GENOMAD.123902.CP	1.369e-116	387	0	0	0	1246	Caudoviricetes	NA	NA	PF16658;PF03144	Class II release factor RF3, C-terminal domain; Elongation factor Tu domain 2
JBHJCN010000002.1_176	238341	239366	1026	-1	0.673	11	GGAG/GAGG	NA	NA	NA	0	0	0	1	NA	NA	NA	NA	NA
JBHJCN010000002.1_177	239564	240610	1047	1	0.682	11	GGA/GAG/AGG	NA	NA	NA	0	0	0	1	NA	NA	NA	NA	NA
JBHJCN010000002.1_178	240607	241824	1218	1	0.644	11	GGAG/GAGG	GENOMAD.143010.CP	5.571e-10	64	0	0	0	1	NA	NA	NA	K01758;TIGR01328	methionine gamma-lyase
JBHJCN010000002.1_179	241821	242909	1089	1	0.686	11	GGA/GAG/AGG	NA	NA	NA	0	0	0	1	NA	NA	NA	NA	NA
JBHJCN010000002.1_180	243062	244057	996	-1	0.617	11	GGAG/GAGG	GENOMAD.191409.CP	1.966e-06	52	0	0	0	1	NA	NA	NA	PF03096;TIGR03056;K05714;COG2267	putative magnesium chelatase accessory protein
JBHJCN010000002.1_181	244405	245787	1383	-1	0.654	11	None	NA	NA	NA	0	0	0	1	NA	NA	NA	NA	NA
JBHJCN010000002.1_182	245875	246114	240	1	0.675	11	GGA/GAG/AGG	GENOMAD.105945.CV	5.854e-16	73	0	0	0	1	NA	NA	NA	PF06953;COG4837;K18917;TIGR02194	Disulfide oxidoreductase YuzD
JBHJCN010000002.1_183	246261	246830	570	-1	0.647	11	AGGA	GENOMAD.137814.CP	5.396e-31	122	0	0	0	1	NA	NA	NA	PF04264;COG2353	Polyisoprenoid-binding periplasmic protein YceI
JBHJCN010000002.1_184	246840	247403	564	-1	0.647	11	AGGA	GENOMAD.148234.CP	3.6e-35	134	0	0	0	1	NA	NA	NA	PF01292;K12262;COG3038;TIGR02125	Prokaryotic cytochrome b561
JBHJCN010000002.1_185	247400	248062	663	-1	0.673	11	None	GENOMAD.137611.CP	5.209e-24	103	0	0	0	1	NA	NA	NA	PF04264;COG2353	Polyisoprenoid-binding periplasmic protein YceI
JBHJCN010000002.1_186	248159	251734	3576	1	0.655	11	AGGA	NA	NA	NA	0	0	0	1	NA	NA	NA	NA	NA
JBHJCN010000002.1_187	252036	255563	3528	1	0.664	11	GGA/GAG/AGG	NA	NA	NA	0	0	0	1	NA	NA	NA	NA	NA
JBHJCN010000002.1_188	255768	259337	3570	1	0.631	11	None	NA	NA	NA	0	0	0	1	NA	NA	NA	NA	NA
JBHJCN010000002.1_189	259729	263274	3546	1	0.655	11	None	NA	NA	NA	0	0	0	1	NA	NA	NA	NA	NA
JBHJCN010000002.1_190	263309	264757	1449	-1	0.654	11	GGAG/GAGG	NA	NA	NA	0	0	0	1	NA	NA	NA	NA	NA
JBHJCN010000002.1_191	265093	266157	1065	-1	0.676	11	AGGA/GGAG/GAGG	GENOMAD.115195.CP	1.1e-06	53	0	0	0	1	NA	NA	NA	PF01208;TIGR01463;COG0407;K01599	methyltransferase, MtaA/CmuA family
JBHJCN010000002.1_192	266172	266426	255	-1	0.651	11	None	NA	NA	NA	0	0	0	1	NA	NA	NA	NA	NA
JBHJCN010000002.1_193	266717	267829	1113	-1	0.698	11	GGA/GAG/AGG	NA	NA	NA	0	0	0	1	NA	NA	NA	NA	NA
JBHJCN010000002.1_194	267826	268368	543	-1	0.676	11	None	GENOMAD.094450.CP	1.323e-12	68	0	0	0	1	NA	NA	NA	PF13189;K00891;COG0703;TIGR00041	Shikimate kinase
JBHJCN010000002.1_195	268536	269135	600	1	0.682	11	None	NA	NA	NA	0	0	0	1	NA	NA	NA	NA	NA
JBHJCN010000002.1_196	269315	269731	417	1	0.621	11	AGGA	NA	NA	NA	0	0	0	1	NA	NA	NA	NA	NA
JBHJCN010000002.1_197	269744	270517	774	1	0.667	11	GGA/GAG/AGG	GENOMAD.194782.CP	3.627e-16	81	0	0	0	1	NA	NA	NA	PF04012;COG1842;TIGR02977;K03969	Phage shock protein A
JBHJCN010000002.1_198	270543	271625	1083	1	0.681	11	AGGA	NA	NA	NA	0	0	0	1	NA	NA	NA	NA	NA
JBHJCN010000002.1_199	271628	272299	672	1	0.628	11	GGA/GAG/AGG	NA	NA	NA	0	0	0	1	NA	NA	NA	NA	NA
JBHJCN010000002.1_200	272337	272741	405	1	0.632	11	None	NA	NA	NA	0	0	0	1	NA	NA	NA	NA	NA
JBHJCN010000002.1_201	272754	273326	573	1	0.658	11	GGAG/GAGG	NA	NA	NA	0	0	0	1	NA	NA	NA	NA	NA
JBHJCN010000002.1_202	273328	274494	1167	1	0.642	11	GGxGG	NA	NA	NA	0	0	0	1	NA	NA	NA	NA	NA
JBHJCN010000002.1_203	275059	276432	1374	-1	0.693	11	GGA/GAG/AGG	GENOMAD.180266.CP	8.96e-29	124	0	0	0	1	NA	NA	NF000095	K08166;COG2223	Nitrate/nitrite transporter NarK
JBHJCN010000002.1_204	276532	276978	447	1	0.669	11	GGAG/GAGG	NA	NA	NA	0	0	0	1	NA	NA	NA	NA	NA
JBHJCN010000002.1_205	277195	279204	2010	1	0.642	11	AGGA	GENOMAD.000471.CC	1.533e-90	316	0	0	0	1	NA	NA	NA	PF01433;COG0308;TIGR02411;K01256	Aminopeptidase N
JBHJCN010000002.1_206	280234	283392	3159	1	0.626	11	GGAG/GAGG	GENOMAD.152082.CP	4.695e-47	188	0	0	0	1	NA	NA	NA	PF00593;PF07715;PF00691;TIGR01782;COG4773;K16089	TonB-dependent receptor
JBHJCN010000002.1_207	283719	284477	759	1	0.664	11	GGAG/GAGG	GENOMAD.183080.CP	1.186e-60	211	0	0	0	1	NA	NA	NA	PF07277	SapC
JBHJCN010000002.1_208	284482	285534	1053	1	0.668	11	None	NA	NA	NA	0	0	0	1	NA	NA	NA	NA	NA
JBHJCN010000002.1_209	285575	287092	1518	1	0.649	11	AGGAG	GENOMAD.098617.VV	8.587e-10	64	0	0	0	1246	Caudoviricetes	NA	NA	NA	NA
JBHJCN010000002.1_210	287404	288411	1008	-1	0.647	11	GGA/GAG/AGG	NA	NA	NA	0	0	0	1	NA	NA	NA	NA	NA
JBHJCN010000002.1_211	288548	288946	399	-1	0.619	11	None	NA	NA	NA	0	0	0	1	NA	NA	NA	NA	NA
JBHJCN010000002.1_212	289349	290302	954	-1	0.621	11	None	NA	NA	NA	0	0	0	1	NA	NA	NA	NA	NA
JBHJCN010000002.1_213	290299	290745	447	-1	0.647	11	AGGA	NA	NA	NA	0	0	0	1	NA	NA	NA	NA	NA
JBHJCN010000002.1_214	290826	291047	222	-1	0.559	11	None	NA	NA	NA	0	0	0	1	NA	NA	NA	NA	NA
JBHJCN010000002.1_215	291435	292511	1077	1	0.613	11	GGxGG	NA	NA	NA	0	0	0	1	NA	NA	NA	NA	NA
JBHJCN010000002.1_216	292863	294245	1383	-1	0.647	11	GGA/GAG/AGG	GENOMAD.153082.CP	2.968e-05	49	0	0	0	1	NA	NA	NA	K14052;COG0833	Amino acid permease
JBHJCN010000002.1_217	294438	295202	765	1	0.642	11	AGGAG	NA	NA	NA	0	0	0	1	NA	NA	NA	NA	NA
JBHJCN010000002.1_218	295584	296525	942	1	0.666	11	GGA/GAG/AGG	NA	NA	NA	0	0	0	1	NA	NA	NA	NA	NA
JBHJCN010000002.1_219	297321	298268	948	1	0.596	11	GGAG/GAGG	NA	NA	NA	0	0	0	1	NA	NA	NA	NA	NA
JBHJCN010000002.1_220	298265	298381	117	1	0.650	11	None	NA	NA	NA	0	0	0	1	NA	NA	NA	NA	NA
JBHJCN010000002.1_221	298786	300174	1389	1	0.670	11	None	NA	NA	NA	0	0	0	1	NA	NA	NA	NA	NA
JBHJCN010000002.1_222	300771	302000	1230	1	0.637	11	None	NA	NA	NA	0	0	0	1	NA	NA	NA	NA	NA
JBHJCN010000002.1_223	302356	303756	1401	1	0.630	11	GGAGG	NA	NA	NA	0	0	0	1	NA	NA	NA	NA	NA
JBHJCN010000002.1_224	303756	304769	1014	1	0.638	11	GGAG/GAGG	NA	NA	NA	0	0	0	1	NA	NA	NA	NA	NA
JBHJCN010000002.1_225	304830	305567	738	-1	0.654	11	None	GENOMAD.130656.CP	2.621e-11	66	0	0	0	1	NA	NA	NA	PF00326;TIGR02821;COG0627;K03930	S-formylglutathione hydrolase
JBHJCN010000002.1_226	305769	307130	1362	-1	0.654	11	GGA/GAG/AGG	GENOMAD.114680.CP	2.028e-61	222	0	0	0	1246	Caudoviricetes	NA	NA	PF01769;PF03448;PF00478;K06213;TIGR00400;COG2239	Mg2+ transporter (mgtE)
JBHJCN010000002.1_227	307538	309268	1731	-1	0.666	11	GGA/GAG/AGG	NA	NA	NA	0	0	0	1	NA	NA	NA	NA	NA
JBHJCN010000002.1_228	309327	309596	270	-1	0.641	11	AGGA/GGAG/GAGG	GENOMAD.128943.CP	1.233e-05	44	0	0	0	1	NA	NA	NA	PF00381;COG1925;K11184;TIGR01003	Phosphotransferase system, HPr and related phosphotransfer proteins
JBHJCN010000002.1_229	309589	309981	393	-1	0.654	11	None	GENOMAD.147438.CP	7.59e-10	58	0	0	0	1	NA	NA	NA	PF03610;COG2893;TIGR00824;K02793	Phosphotransferase system, mannose/fructose-specific component IIA
JBHJCN010000002.1_230	310505	311377	873	-1	0.654	11	AGGA/GGAG/GAGG	NA	NA	NA	0	0	0	1	NA	NA	NA	NA	NA
JBHJCN010000002.1_231	311374	312324	951	-1	0.654	11	GGA/GAG/AGG	GENOMAD.000498.CC	4.381e-39	151	0	0	0	1	NA	NA	NA	PF07475;PF02603;K06023;TIGR00679;COG1493	Hpr(Ser) kinase/phosphatase
JBHJCN010000002.1_232	312321	312779	459	-1	0.702	11	None	GENOMAD.123993.CP	3.765e-06	48	0	0	0	1	NA	NA	NA	PF00359;PF02591;K02806;TIGR01419;COG4668	PTS IIA-like nitrogen-regulatory protein PtsN
JBHJCN010000002.1_233	312849	313118	270	-1	0.641	11	GGAGG	GENOMAD.103040.CV	1.595e-10	58	0	0	0	1	NA	NA	NA	PF02482;PF16321;K05808;TIGR00741;COG1544	ribosomal subunit interface protein
JBHJCN010000002.1_234	313206	314603	1398	-1	0.689	11	AGGA/GGAG/GAGG	GENOMAD.142809.CP	7.38e-10	64	0	0	0	1	NA	NA	NA	PF00309;TIGR02395;COG1508	Sigma-54 factor, Activator interacting domain (AID)
JBHJCN010000002.1_235	314686	315405	720	-1	0.654	11	GGA/GAG/AGG	NA	NA	NA	0	0	0	1	NA	NA	NA	NA	NA
JBHJCN010000002.1_236	315405	315965	561	-1	0.624	11	GGA/GAG/AGG	GENOMAD.151010.CP	1.097e-74	248	0	0	0	1	NA	NA	NA	K09774;COG1934	Lipopolysaccharide export system protein LptA
JBHJCN010000002.1_237	315943	316518	576	-1	0.663	11	GGA/GAG/AGG	GENOMAD.002742.CC	3.498e-98	316	0	0	0	1	NA	NA	NA	PF06835;COG3117;K11719;TIGR04409	Lipopolysaccharide export system protein LptC
JBHJCN010000002.1_238	316515	317072	558	-1	0.683	11	None	GENOMAD.153745.CV	0.0001587	44	0	0	0	11688	Kyanoviridae	NA	NA	PF00702;K21055;TIGR01459;COG3769	HAD-superfamily class IIA hydrolase, TIGR01459
JBHJCN010000002.1_239	317121	318122	1002	-1	0.709	11	GGA/GAG/AGG	NA	NA	NA	0	0	0	1	NA	NA	NA	NA	NA
JBHJCN010000002.1_240	318161	318403	243	1	0.654	11	None	GENOMAD.108170.CP	2.456e-17	77	0	0	0	1	NA	NA	NA	PF01722;COG5007;K05527	Acid stress-induced BolA-like protein IbaG/YrbA, predicted regulator of iron metabolism
JBHJCN010000002.1_241	318644	319918	1275	1	0.671	11	None	GENOMAD.108595.CP	6.868e-37	148	0	0	0	1246	Caudoviricetes	NA	NA	PF00275;TIGR01356;COG0766;K00790	3-phosphoshikimate 1-carboxyvinyltransferase
JBHJCN010000002.1_242	319915	320238	324	1	0.627	11	None	NA	NA	NA	0	0	0	1	NA	NA	NA	NA	NA
JBHJCN010000002.1_243	320362	320991	630	1	0.633	11	GGA/GAG/AGG	NA	NA	NA	0	0	0	1	NA	NA	NA	NA	NA
JBHJCN010000002.1_244	320802	321485	684	-1	0.633	11	AGGAG	GENOMAD.049669.CC	1.097e-39	149	0	0	0	1	NA	NA	NA	NA	NA
JBHJCN010000002.1_245	321489	322316	828	-1	0.659	11	None	GENOMAD.049669.CC	6.53e-150	470	0	0	0	1	NA	NA	NA	NA	NA
JBHJCN010000002.1_246	322383	323030	648	-1	0.694	11	GGAG/GAGG	NA	NA	NA	0	0	0	1	NA	NA	NA	NA	NA
JBHJCN010000002.1_247	323075	323545	471	-1	0.637	11	GGA/GAG/AGG	GENOMAD.022016.CC	1.501e-48	171	0	0	0	1	NA	NA	NA	NA	NA
JBHJCN010000002.1_248	323558	324616	1059	-1	0.668	11	GGA/GAG/AGG	GENOMAD.126472.VC	1.18e-39	154	0	0	0	11688	Kyanoviridae	NA	NA	TIGR00878;COG0150	phosphoribosylaminoimidazole synthetase
JBHJCN010000002.1_249	324727	325827	1101	1	0.686	11	GGA/GAG/AGG	GENOMAD.121921.CP	8.444e-175	547	0	0	0	1	NA	NA	NA	K09938;COG3249	NA
JBHJCN010000002.1_250	325824	326990	1167	1	0.642	11	GGA/GAG/AGG	GENOMAD.116507.CP	5.06e-10	64	0	0	0	1	NA	NA	NA	K03548;COG0628	Predicted PurR-regulated permease PerM
JBHJCN010000002.1_251	326987	327694	708	1	0.691	11	GGA/GAG/AGG	NA	NA	NA	0	0	0	1	NA	NA	NA	NA	NA
JBHJCN010000002.1_252	327786	328499	714	-1	0.650	11	GGA/GAG/AGG	NA	NA	NA	0	0	0	1	NA	NA	NA	NA	NA
JBHJCN010000002.1_253	328496	329515	1020	-1	0.634	11	None	GENOMAD.123224.CV	4.586e-33	134	0	0	0	1246	Caudoviricetes	NA	NA	PF01636;K07102;COG3178;TIGR00938	Predicted phosphotransferase, aminoglycoside/choline kinase (APH/ChoK) family
JBHJCN010000002.1_254	329573	329845	273	-1	0.619	11	None	GENOMAD.172052.CP	1.033e-07	50	0	0	0	1	NA	NA	NA	PF04226;COG2261	Uncharacterized membrane protein YeaQ/YmgE, transglycosylase-associated protein family
JBHJCN010000002.1_255	330354	331376	1023	-1	0.655	11	None	NA	NA	NA	0	0	0	1	NA	NA	NA	NA	NA
JBHJCN010000002.1_256	331608	331940	333	1	0.562	11	AGGAG	GENOMAD.133137.CV	1.836e-09	56	0	0	0	1	NA	NA	NA	PF14635;TIGR00426	competence protein ComEA helix-hairpin-helix repeat region
JBHJCN010000002.1_257	332369	333214	846	1	0.624	11	AGGA/GGAG/GAGG	NA	NA	NA	0	0	0	1	NA	NA	NA	NA	NA
JBHJCN010000002.1_258	333369	334034	666	1	0.635	11	GGA/GAG/AGG	NA	NA	NA	0	0	0	1	NA	NA	NA	NA	NA
JBHJCN010000002.1_259	334205	335995	1791	-1	0.672	11	None	NA	NA	NA	0	0	0	1	NA	NA	NA	NA	NA
JBHJCN010000002.1_260	335992	336966	975	-1	0.679	11	None	NA	NA	NA	0	0	0	1	NA	NA	NA	NA	NA
JBHJCN010000002.1_261	337034	337837	804	-1	0.632	11	AGGAG	GENOMAD.210458.CP	2.366e-96	315	0	0	0	1	NA	NA	NA	PF10670;COG5266;K10094	Uncharacterized conserved protein, contains GH25 family domain
JBHJCN010000002.1_262	338019	338534	516	-1	0.655	11	GGAG/GAGG	GENOMAD.189684.PC	2.185e-51	180	0	0	0	1	NA	NA	NA	PF10029;COG3656	Predicted periplasmic protein
JBHJCN010000002.1_263	338556	339197	642	-1	0.643	11	GGA/GAG/AGG	GENOMAD.180383.CP	3.539e-83	274	0	0	0	1	NA	NA	NA	K09939;COG3295	NA
JBHJCN010000002.1_264	339205	339963	759	-1	0.679	11	None	NA	NA	NA	0	0	0	1	NA	NA	NA	NA	NA
JBHJCN010000002.1_265	339956	340642	687	-1	0.658	11	GGAG/GAGG	GENOMAD.194245.CP	1.93e-14	75	0	0	0	1	NA	NA	NA	PF18331	PKHD-type hydroxylase C-terminal domain
JBHJCN010000002.1_266	340691	343009	2319	-1	0.643	11	GGA/GAG/AGG	GENOMAD.141017.CP	3.839e-103	357	0	0	0	1	NA	NA	NA	PF14905;PF07715;K16090;COG4774;TIGR01776	Outer membrane receptor for monomeric catechols
JBHJCN010000002.1_267	343350	343679	330	-1	0.636	11	GGxGG	GENOMAD.143067.CP	1.607e-10	59	0	0	0	1	NA	NA	NA	PF13806;K14578;COG2146;TIGR02377	Ferredoxin subunit of nitrite reductase or a ring-hydroxylating dioxygenase
JBHJCN010000002.1_268	343676	344215	540	-1	0.643	11	None	GENOMAD.013102.CC	8.182e-31	121	0	0	0	1	NA	NA	NA	PF12568;COG2153;TIGR04431;K00680	Predicted N-acyltransferase, GNAT family
JBHJCN010000002.1_269	344385	345629	1245	-1	0.654	11	GGA/GAG/AGG	NA	NA	NA	0	0	0	1	NA	NA	NA	NA	NA
JBHJCN010000002.1_270	345626	346888	1263	-1	0.675	11	GGAG/GAGG	NA	NA	NA	0	0	0	1	NA	NA	NA	NA	NA
JBHJCN010000002.1_271	346888	347652	765	-1	0.630	11	GGA/GAG/AGG	NA	NA	NA	0	0	0	1	NA	NA	NA	NA	NA
JBHJCN010000002.1_272	347808	349265	1458	-1	0.613	11	GGA/GAG/AGG	NA	NA	NA	0	0	0	1	NA	NA	NA	NA	NA
JBHJCN010000002.1_273	349281	349739	459	-1	0.662	11	None	NA	NA	NA	0	0	0	1	NA	NA	NA	NA	NA
JBHJCN010000002.1_274	349912	350379	468	1	0.600	11	GGA/GAG/AGG	NA	NA	NA	0	0	0	1	NA	NA	NA	NA	NA
JBHJCN010000002.1_275	350481	351023	543	1	0.617	11	AGGAG	NA	NA	NA	0	0	0	1	NA	NA	NA	NA	NA
JBHJCN010000002.1_276	351136	351732	597	-1	0.640	11	GGAG/GAGG	GENOMAD.047461.CC	2.036e-05	47	0	0	0	1	NA	NA	NA	PF07273	NA
JBHJCN010000002.1_277	351788	352330	543	-1	0.659	11	GGA/GAG/AGG	NA	NA	NA	0	0	0	1	NA	NA	NA	NA	NA
JBHJCN010000002.1_278	352387	352728	342	-1	0.655	11	None	NA	NA	NA	0	0	0	1	NA	NA	NA	NA	NA
JBHJCN010000002.1_279	352786	353427	642	-1	0.676	11	None	GENOMAD.205988.VC	5.694e-06	49	0	0	0	1	NA	NA	NA	PF01333;COG2190	Apocytochrome F, C-terminal
JBHJCN010000002.1_280	353534	353959	426	-1	0.631	11	GGA/GAG/AGG	NA	NA	NA	0	0	0	1	NA	NA	NA	NA	NA
JBHJCN010000002.1_281	354519	355373	855	-1	0.688	11	GGA/GAG/AGG	NA	NA	NA	0	0	0	1	NA	NA	NA	NA	NA
JBHJCN010000002.1_282	355417	356109	693	-1	0.662	11	GGA/GAG/AGG	GENOMAD.113324.CP	2.014e-32	128	0	0	0	1	NA	NA	NA	PF01168;K06997;TIGR00044;COG0325	pyridoxal phosphate enzyme, YggS family
JBHJCN010000002.1_283	356528	357565	1038	1	0.618	11	GGA/GAG/AGG	NA	NA	NA	0	0	0	1	NA	NA	NA	NA	NA
JBHJCN010000002.1_284	357678	358808	1131	1	0.616	11	AGGAG	GENOMAD.005978.CC	1.698e-08	59	0	0	0	1246	Caudoviricetes	T_virB11	NA	PF00437;PF05810;K07332;TIGR03819;COG4962	helicase/secretion neighborhood ATPase
JBHJCN010000002.1_285	359312	359986	675	1	0.647	11	GGAG/GAGG	NA	NA	NA	0	0	0	1	NA	NA	NA	NA	NA
JBHJCN010000002.1_286	360160	361068	909	-1	0.640	11	None	GENOMAD.142156.CP	3.779e-07	54	0	0	0	1	NA	NA	NA	PF01904;COG1801	Uncharacterized conserved protein YecE, DUF72 family
JBHJCN010000002.1_287	361094	361666	573	-1	0.647	11	GGA/GAG/AGG	NA	NA	NA	0	0	0	1	NA	NA	NA	NA	NA
JBHJCN010000002.1_288	361943	362509	567	1	0.658	11	None	NA	NA	NA	0	0	0	1	NA	NA	NA	NA	NA
JBHJCN010000002.1_289	362502	362969	468	1	0.705	11	GGA/GAG/AGG	GENOMAD.068739.CP	2.193e-35	133	1	0	0	1	NA	NA	NA	PF03652;TIGR00250;COG0816	Holliday junction resolvase
JBHJCN010000002.1_290	362983	363930	948	1	0.680	11	None	NA	NA	NA	0	0	0	1	NA	NA	NA	NA	NA
JBHJCN010000002.1_291	364244	364678	435	1	0.634	11	AGGAG	GENOMAD.145653.CP	4.644e-39	143	0	0	0	1	NA	NA	NA	PF02566;K04063;TIGR03562;COG1765	peroxiredoxin, OsmC subfamily
JBHJCN010000002.1_292	364831	365430	600	1	0.648	11	None	GENOMAD.031556.CC	0.0004151	43	0	0	0	1	NA	NA	NA	NA	NA
JBHJCN010000002.1_293	365694	366575	882	-1	0.690	11	GGA/GAG/AGG	NA	NA	NA	0	0	0	1	NA	NA	NA	NA	NA
JBHJCN010000002.1_294	366607	367485	879	-1	0.702	11	GGA/GAG/AGG	NA	NA	NA	0	0	0	1	NA	NA	NA	NA	NA
JBHJCN010000002.1_295	367669	370278	2610	1	0.663	11	None	NA	NA	NA	0	0	0	1	NA	NA	NA	NA	NA
JBHJCN010000002.1_296	370262	370720	459	1	0.630	11	GGAG/GAGG	NA	NA	NA	0	0	0	1	NA	NA	NA	NA	NA
JBHJCN010000002.1_297	370717	372072	1356	1	0.651	11	GGA/GAG/AGG	GENOMAD.177813.CP	3.73e-114	376	0	0	0	1	NA	NA	NA	PF06508;K23170;TIGR00364;COG0603	queuosine biosynthesis protein QueC
JBHJCN010000002.1_298	372053	373459	1407	1	0.682	11	GGAG/GAGG	GENOMAD.083685.CV	3.858e-26	116	1	0	0	1246	Caudoviricetes	NA	NA	PF08245;PF01225;K01925;TIGR01087;COG0773	UDP-N-acetylmuramoylalanine--D-glutamate ligase
JBHJCN010000002.1_299	373859	374581	723	1	0.674	11	None	GENOMAD.137948.CP	6.158e-90	295	0	0	0	1	NA	NA	NA	PF01738;K01061;COG3509;TIGR03100	Dienelactone hydrolase family
JBHJCN010000002.1_300	374787	375785	999	-1	0.684	11	None	NA	NA	NA	0	0	0	1	NA	NA	NA	NA	NA
JBHJCN010000002.1_301	376061	376594	534	1	0.663	11	GGA/GAG/AGG	NA	NA	NA	0	0	0	1	NA	NA	NA	NA	NA
JBHJCN010000002.1_302	376880	378289	1410	-1	0.661	11	None	GENOMAD.171872.PC	3.009e-13	75	0	0	0	1	NA	NA	NA	PF22588	Histidine kinase sensor domain
JBHJCN010000002.1_303	378652	379659	1008	1	0.657	11	AGGAG	NA	NA	NA	0	0	0	1	NA	NA	NA	NA	NA
JBHJCN010000002.1_304	380089	380739	651	1	0.625	11	GGAG/GAGG	NA	NA	NA	0	0	0	1	NA	NA	NA	NA	NA
JBHJCN010000002.1_305	380736	381686	951	1	0.666	11	GGAGG	GENOMAD.138352.CP	1.223e-31	129	0	0	0	1	NA	NA	NA	PF00941;PF03450;K11178;TIGR03195;COG1319	4-hydroxybenzoyl-CoA reductase, beta subunit
JBHJCN010000002.1_306	381688	383895	2208	1	0.649	11	GGAG/GAGG	NA	NA	NA	0	0	0	1	NA	NA	NA	NA	NA
JBHJCN010000002.1_307	384072	384896	825	1	0.679	11	GGA/GAG/AGG	NA	NA	NA	0	0	0	1	NA	NA	NA	NA	NA
JBHJCN010000002.1_308	385302	385910	609	1	0.683	11	None	GENOMAD.129102.CP	4.96e-13	70	0	0	0	1	NA	NA	NA	PF01983;K07141;TIGR03310;COG2068	molybdenum cofactor cytidylyltransferase
JBHJCN010000002.1_309	386118	386213	96	-1	0.500	11	GGAGG	NA	NA	NA	0	0	0	1	NA	NA	NA	NA	NA
JBHJCN010000002.1_310	386577	386792	216	1	0.671	11	GGAGG	NA	NA	NA	0	0	0	1	NA	NA	NA	NA	NA
JBHJCN010000002.1_311	386960	388210	1251	1	0.652	11	GGA/GAG/AGG	GENOMAD.002083.CC	6.224e-89	301	0	0	0	1	NA	NA	NA	COG5505	Na+/citrate or Na+/malate symporter
JBHJCN010000002.1_312	388536	389720	1185	-1	0.646	11	AGGAG	NA	NA	NA	0	0	0	1	NA	NA	NA	NA	NA
JBHJCN010000002.1_313	389757	390521	765	-1	0.646	11	AGGAG	NA	NA	NA	0	0	0	1	NA	NA	NA	NA	NA
JBHJCN010000002.1_314	390665	391495	831	1	0.661	11	None	NA	NA	NA	0	0	0	1	NA	NA	NA	NA	NA
JBHJCN010000002.1_315	392106	392330	225	-1	0.618	11	None	GENOMAD.212472.CP	2.066e-09	54	0	0	0	1	NA	NA	NA	PF04328;COG2879	Uncharacterized short protein YbdD, DUF466 family
JBHJCN010000002.1_316	392330	394402	2073	-1	0.648	11	GGAG/GAGG	GENOMAD.133882.CP	8.01e-195	622	0	0	0	1	NA	NA	NA	COG1966	Carbon starvation protein CstA
JBHJCN010000002.1_317	394633	395490	858	1	0.653	11	GGA/GAG/AGG	GENOMAD.129411.CP	2.84e-27	115	0	0	0	1	NA	NA	NA	PF05726;PF02678;COG1741;K06911	Redox-sensitive bicupin YhaK, pirin superfamily
JBHJCN010000002.1_318	395522	395956	435	1	0.692	11	AGGAG	GENOMAD.142464.CP	2.258e-21	92	0	0	0	1	NA	NA	NA	PF02566;K07397;COG1765;TIGR03563	Uncharacterized OsmC-related protein
JBHJCN010000002.1_319	396362	396823	462	-1	0.660	11	GGA/GAG/AGG	NA	NA	NA	0	0	0	1	NA	NA	NA	NA	NA
JBHJCN010000002.1_320	397071	397961	891	-1	0.686	11	GGA/GAG/AGG	GENOMAD.129411.CP	1.518e-14	77	0	0	0	1	NA	NA	NA	PF05726;PF02678;COG1741;K06911	Redox-sensitive bicupin YhaK, pirin superfamily
JBHJCN010000002.1_321	398703	399080	378	1	0.603	11	GGAG/GAGG	NA	NA	NA	0	0	0	1	NA	NA	NA	NA	NA
JBHJCN010000002.1_322	399154	399867	714	-1	0.686	11	None	NA	NA	NA	0	0	0	1	NA	NA	NA	NA	NA
JBHJCN010000002.1_323	399970	400719	750	1	0.652	11	GGAG/GAGG	NA	NA	NA	0	0	0	1	NA	NA	NA	NA	NA
JBHJCN010000002.1_324	400893	401180	288	1	0.684	11	GGAG/GAGG	NA	NA	NA	0	0	0	1	NA	NA	NA	NA	NA
JBHJCN010000002.1_325	401463	403565	2103	1	0.633	11	GGAG/GAGG	GENOMAD.053052.VV	5.178e-23	108	0	0	0	1	NA	NA	NA	PF01431;K07386;COG3590	Predicted metalloendopeptidase
JBHJCN010000002.1_326	403854	405365	1512	1	0.657	11	None	NA	NA	NA	0	0	0	1	NA	NA	NA	NA	NA
JBHJCN010000003.1_1	444	944	501	1	0.629	11	AGGA/GGAG/GAGG	NA	NA	NA	0	0	0	1	NA	NA	NA	NA	NA
JBHJCN010000003.1_2	1534	4041	2508	1	0.667	11	GGAG/GAGG	GENOMAD.115168.CP	1.649e-05	51	0	0	0	1	NA	NA	NA	PF00696;K00928;TIGR00657;COG0527	aspartate kinase
JBHJCN010000003.1_3	4038	5051	1014	1	0.651	11	GGAG/GAGG	GENOMAD.071960.CP	4.058e-21	98	0	0	0	1	NA	NA	NA	PF00288;PF08544;K00872;TIGR00191;COG0083	homoserine kinase
JBHJCN010000003.1_4	5126	5440	315	-1	0.629	11	GGAG/GAGG	GENOMAD.210365.PC	5.37e-12	63	0	0	0	1	NA	NA	NA	PF09448;TIGR02118	conserved hypothetical protein
JBHJCN010000003.1_5	5602	6906	1305	1	0.692	11	GGAG/GAGG	NA	NA	NA	0	0	0	1	NA	NA	NA	NA	NA
JBHJCN010000003.1_6	7020	7751	732	1	0.699	11	None	NA	NA	NA	0	0	0	1	NA	NA	NA	NA	NA
JBHJCN010000003.1_7	7837	8598	762	-1	0.693	11	None	GENOMAD.132491.CP	4.64e-43	160	0	0	0	1	NA	NA	NA	PF15977;PF00027;K15861;TIGR03697;COG0664	global nitrogen regulator NtcA, cyanobacterial
JBHJCN010000003.1_8	8706	10154	1449	1	0.648	11	AGGAG	NA	NA	NA	0	0	0	1	NA	NA	NA	NA	NA
JBHJCN010000003.1_9	10422	10694	273	1	0.692	11	None	GENOMAD.124267.CP	4.269e-39	140	0	0	0	1	NA	NA	NA	PF01371;TIGR01321;COG4496	trp operon repressor, proteobacterial
JBHJCN010000003.1_10	10704	11618	915	1	0.685	11	GGA/GAG/AGG	NA	NA	NA	0	0	0	1	NA	NA	NA	NA	NA
JBHJCN010000003.1_11	11615	12910	1296	1	0.671	11	AGGA/GGAG/GAGG	NA	NA	NA	0	0	0	1	NA	NA	NA	NA	NA
JBHJCN010000003.1_12	12907	13998	1092	1	0.664	11	GGAG/GAGG	NA	NA	NA	0	0	0	1	NA	NA	NA	NA	NA
JBHJCN010000003.1_13	13995	15122	1128	1	0.631	11	AGGAG	NA	NA	NA	0	0	0	1	NA	NA	NA	NA	NA
JBHJCN010000003.1_14	15119	15721	603	1	0.653	11	GGA/GAG/AGG	GENOMAD.107271.CP	5.039e-37	140	0	0	0	1	NA	NA	NA	PF01174;K02501;COG0118;TIGR01855	Imidazoleglycerol phosphate synthase glutamine amidotransferase subunit HisH
JBHJCN010000003.1_15	15718	16452	735	1	0.673	11	GGA/GAG/AGG	NA	NA	NA	0	0	0	1	NA	NA	NA	NA	NA
JBHJCN010000003.1_16	16446	17222	777	1	0.633	11	GGAG/GAGG	NA	NA	NA	0	0	0	1	NA	NA	NA	NA	NA
JBHJCN010000003.1_17	17212	17832	621	1	0.660	11	GGAG/GAGG	NA	NA	NA	0	0	0	1	NA	NA	NA	NA	NA
JBHJCN010000003.1_18	18012	19598	1587	1	0.650	11	GGA/GAG/AGG	GENOMAD.154807.CP	1.4e-100	340	0	0	0	1	NA	NA	NA	PF16370;PF00149;COG2908;K03651;TIGR03729	C terminal of Calcineurin-like phosphoesterase; Calcineurin-like phosphoesterase
JBHJCN010000003.1_19	20060	21136	1077	-1	0.637	11	None	GENOMAD.027063.CC	3.892e-52	191	0	0	0	1	NA	NA	NA	NA	NA
JBHJCN010000003.1_20	21321	22019	699	-1	0.635	11	GGA/GAG/AGG	NA	NA	NA	0	0	0	1	NA	NA	NA	NA	NA
JBHJCN010000003.1_21	22022	22588	567	-1	0.621	11	GGA/GAG/AGG	NA	NA	NA	0	0	0	1	NA	NA	NA	NA	NA
JBHJCN010000003.1_22	22624	23277	654	-1	0.627	11	None	GENOMAD.004524.CC	0.0001185	45	0	0	0	1	NA	NA	NA	PF00596;K03077;COG3347;TIGR01086	Rhamnose utilisation protein RhaD, predicted bifunctional aldolase and dehydrogenase
JBHJCN010000003.1_23	23367	24797	1431	-1	0.659	11	GGA/GAG/AGG	GENOMAD.151588.CP	3.82e-19	94	0	0	0	1	NA	NA	NA	PF13520;TIGR00906;K03294;COG1113	cationic amino acid transport permease
JBHJCN010000003.1_24	24874	26346	1473	-1	0.648	11	GGA/GAG/AGG	GENOMAD.151588.CP	9.955e-20	96	0	0	0	1	NA	NA	NA	PF13520;TIGR00906;K03294;COG1113	cationic amino acid transport permease
JBHJCN010000003.1_25	26529	27080	552	1	0.665	11	GGA/GAG/AGG	NA	NA	NA	0	0	0	1	NA	NA	NA	NA	NA
JBHJCN010000003.1_26	27229	28470	1242	-1	0.646	11	None	NA	NA	NA	0	0	0	1	NA	NA	NA	NA	NA
JBHJCN010000003.1_27	28678	30096	1419	1	0.642	11	None	NA	NA	NA	0	0	0	1	NA	NA	NA	NA	NA
JBHJCN010000003.1_28	30131	30430	300	1	0.690	11	GGA/GAG/AGG	NA	NA	NA	0	0	0	1	NA	NA	NA	NA	NA
JBHJCN010000003.1_29	30427	32286	1860	1	0.674	11	None	GENOMAD.044132.CC	1.061e-280	867	0	0	0	1	NA	NA	NA	NA	NA
JBHJCN010000003.1_30	32507	32893	387	-1	0.651	11	None	NA	NA	NA	0	0	0	1	NA	NA	NA	NA	NA
JBHJCN010000003.1_31	32893	33459	567	-1	0.616	11	None	GENOMAD.105354.CP	4.932e-21	93	1	0	0	1	NA	NA	NA	PF09285;PF01132;PF08207;K02356;TIGR02178;COG0231	elongation factor P-like protein YeiP
JBHJCN010000003.1_32	33560	34330	771	-1	0.668	11	GGA/GAG/AGG	NA	NA	NA	0	0	0	1	NA	NA	NA	NA	NA
JBHJCN010000003.1_33	34468	35364	897	-1	0.678	11	None	NA	NA	NA	0	0	0	1	NA	NA	NA	NA	NA
JBHJCN010000003.1_34	35471	35860	390	-1	0.705	11	GGAG/GAGG	NA	NA	NA	0	0	0	1	NA	NA	NA	NA	NA
JBHJCN010000003.1_35	35857	36654	798	-1	0.679	11	GGA/GAG/AGG	NA	NA	NA	0	0	0	1	NA	NA	NA	NA	NA
JBHJCN010000003.1_36	36727	37017	291	1	0.632	11	None	GENOMAD.194235.PC	6.977e-14	68	0	0	0	1	NA	NA	NA	PF18357;COG1918;K04759	Fe2+ transport system protein FeoA
JBHJCN010000003.1_37	37014	38873	1860	1	0.659	11	GGAGG	GENOMAD.123924.CP	5.76e-61	226	0	0	0	1246	Caudoviricetes	NA	NA	PF07670;PF07664;COG3366;TIGR02871	Nucleoside recognition; Ferrous iron transport protein B C terminus
JBHJCN010000003.1_38	38875	39129	255	1	0.678	11	GGxGG	NA	NA	NA	0	0	0	1	NA	NA	NA	NA	NA
JBHJCN010000003.1_39	39190	39690	501	1	0.609	11	GGA/GAG/AGG	NA	NA	NA	0	0	0	1	NA	NA	NA	NA	NA
JBHJCN010000003.1_40	39916	41118	1203	1	0.658	11	None	GENOMAD.099160.CP	9.818e-05	47	0	0	0	1	NA	NA	NA	PF12897;TIGR03542;K08969;COG1168	LL-diaminopimelate aminotransferase
JBHJCN010000003.1_41	41121	41834	714	1	0.668	11	None	GENOMAD.148482.CP	1.644e-26	111	0	0	0	1	NA	NA	NA	PF03473;COG2258;K03831	Uncharacterized conserved protein YiiM, contains MOSC domain
JBHJCN010000003.1_42	42508	43224	717	1	0.683	11	None	GENOMAD.100682.CP	5.151e-16	80	0	0	0	1	NA	NA	NA	NA	NA
JBHJCN010000003.1_43	43465	44589	1125	1	0.659	11	GGA/GAG/AGG	NA	NA	NA	0	0	0	1	NA	NA	NA	NA	NA
JBHJCN010000003.1_44	44589	45032	444	1	0.678	11	GGxGG	NA	NA	NA	0	0	0	1	NA	NA	NA	NA	NA
JBHJCN010000003.1_45	45041	48283	3243	1	0.647	11	GGAG/GAGG	NA	NA	NA	0	0	0	1	NA	NA	NA	NA	NA
JBHJCN010000003.1_46	48280	48756	477	1	0.616	11	AGGAG	GENOMAD.108036.CP	9.436e-06	47	0	0	0	1	NA	NA	NA	PF01272;TIGR01461;COG0782	transcription elongation factor GreB
JBHJCN010000003.1_47	48773	49693	921	1	0.695	11	None	GENOMAD.103400.CP	8.769e-136	431	0	0	0	1	NA	NA	NA	PF10143;COG4255;TIGR02535;K15635	proposed homoserine kinase
JBHJCN010000003.1_48	49690	51429	1740	1	0.680	11	None	NA	NA	NA	0	0	0	1	NA	NA	NA	NA	NA
JBHJCN010000003.1_49	51503	52717	1215	-1	0.658	11	None	GENOMAD.159005.CP	1.498e-52	194	0	0	0	1	NA	NA	NA	PF10129;K11941;COG3936	OpgC protein
JBHJCN010000003.1_50	52910	53824	915	1	0.679	11	GGA/GAG/AGG	GENOMAD.147170.CP	7.925e-07	53	0	0	0	1	NA	NA	NA	NA	NA
JBHJCN010000003.1_51	54255	55196	942	1	0.631	11	GGA/GAG/AGG	GENOMAD.110271.CV	5.047e-33	133	0	0	0	1246	Caudoviricetes	NA	NA	NA	NA
JBHJCN010000003.1_52	55400	56917	1518	1	0.657	11	None	NA	NA	NA	0	0	0	1	NA	NA	NA	NA	NA
JBHJCN010000003.1_53	57058	58194	1137	1	0.646	11	AGGAG	NA	NA	NA	0	0	0	1	NA	NA	NA	NA	NA
JBHJCN010000003.1_54	58280	58825	546	1	0.643	11	None	NA	NA	NA	0	0	0	1	NA	NA	NA	NA	NA
JBHJCN010000003.1_55	58833	61013	2181	1	0.639	11	GGAG/GAGG	NA	NA	NA	0	0	0	1	NA	NA	NA	NA	NA
JBHJCN010000003.1_56	61026	61895	870	-1	0.617	11	GGAG/GAGG	NA	NA	NA	0	0	0	1	NA	NA	NA	NA	NA
JBHJCN010000003.1_57	62072	63754	1683	-1	0.626	11	GGAGG	NA	NA	NA	0	0	0	1	NA	NA	NA	NA	NA
JBHJCN010000003.1_58	63852	64301	450	1	0.656	11	GGA/GAG/AGG	GENOMAD.049078.CC	5.926e-11	62	0	0	0	1	NA	NA	NA	PF12870;COG4875;TIGR02246;K22505	conserved hypothetical protein
JBHJCN010000003.1_59	64713	67481	2769	-1	0.651	11	AGGAG	NA	NA	NA	0	0	0	1	NA	NA	NA	NA	NA
JBHJCN010000003.1_60	67629	67877	249	1	0.675	11	GGAG/GAGG	NA	NA	NA	0	0	0	1	NA	NA	NA	NA	NA
JBHJCN010000003.1_61	67874	68284	411	1	0.657	11	GGA/GAG/AGG	GENOMAD.190879.PC	1.857e-53	184	0	0	0	1	NA	NA	NA	PF10130;COG1487;TIGR00028;K07062	Predicted nucleic acid-binding protein, contains PIN domain
JBHJCN010000003.1_62	68335	70926	2592	1	0.665	11	GGAG/GAGG	NA	NA	NA	0	0	0	1	NA	NA	NA	NA	NA
JBHJCN010000003.1_63	71121	71966	846	1	0.662	11	None	NA	NA	NA	0	0	0	1	NA	NA	NA	NA	NA
JBHJCN010000003.1_64	72365	74641	2277	-1	0.655	11	GGA/GAG/AGG	NA	NA	NA	0	0	0	1	NA	NA	NA	NA	NA
JBHJCN010000003.1_65	74732	75808	1077	-1	0.666	11	GGAG/GAGG	GENOMAD.125879.CP	4.713e-18	89	0	0	0	1	NA	NA	NA	PF01339;K13924	CheB methylesterase
JBHJCN010000003.1_66	75805	76401	597	-1	0.633	11	AGGAG	GENOMAD.140319.CP	2.56e-24	103	0	0	0	1	NA	NA	NA	PF03975;COG1871;K03411	Chemotaxis receptor (MCP) glutamine deamidase CheD
JBHJCN010000003.1_67	76404	77258	855	-1	0.639	11	None	GENOMAD.111713.CP	5.257e-31	126	0	0	0	1	NA	NA	NA	PF01739;PF20225;PF03705;K00575;COG1352;TIGR04345	Methylase of chemotaxis methyl-accepting proteins
JBHJCN010000003.1_68	77507	79888	2382	-1	0.632	11	GGA/GAG/AGG	GENOMAD.146534.CP	6.259e-05	49	0	0	0	1	NA	NA	NA	PF00015	Methyl-accepting chemotaxis protein (MCP) signalling domain
JBHJCN010000003.1_69	79972	80355	384	-1	0.633	11	GGAG/GAGG	GENOMAD.214702.CP	1.527e-67	224	0	0	0	1	NA	NA	NA	NA	NA
JBHJCN010000003.1_70	80808	81290	483	-1	0.600	11	GGAG/GAGG	GENOMAD.123087.CP	5.513e-53	184	0	0	0	1246	Caudoviricetes	NA	NA	PF01584;K03415;COG0835	Chemotaxis signal transduction protein
JBHJCN010000003.1_71	81426	82211	786	-1	0.646	11	None	GENOMAD.152421.CP	5.832e-127	403	0	0	0	1	NA	NA	NA	PF07317;PF16823;K21087;COG5581;TIGR02266	c-di-GMP-binding flagellar brake protein YcgR, contains PilZNR and PilZ domains
JBHJCN010000003.1_72	82835	85174	2340	-1	0.659	11	None	GENOMAD.146534.CP	0.0004993	46	0	0	0	1	NA	NA	NA	PF00015	Methyl-accepting chemotaxis protein (MCP) signalling domain
JBHJCN010000003.1_73	85171	85503	333	-1	0.652	11	GGA/GAG/AGG	NA	NA	NA	0	0	0	1	NA	NA	NA	NA	NA
JBHJCN010000003.1_74	86152	88413	2262	-1	0.638	11	GGA/GAG/AGG	GENOMAD.146534.CP	0.0009638	45	0	0	0	1	NA	NA	NA	PF00015	Methyl-accepting chemotaxis protein (MCP) signalling domain
JBHJCN010000003.1_75	88821	91082	2262	-1	0.641	11	GGA/GAG/AGG	GENOMAD.146534.CP	0.0001181	48	0	0	0	1	NA	NA	NA	PF00015	Methyl-accepting chemotaxis protein (MCP) signalling domain
JBHJCN010000003.1_76	91669	94143	2475	-1	0.654	11	GGA/GAG/AGG	GENOMAD.146534.CP	0.0005348	46	0	0	0	1	NA	NA	NA	PF00015	Methyl-accepting chemotaxis protein (MCP) signalling domain
JBHJCN010000003.1_77	94251	96500	2250	-1	0.660	11	GGA/GAG/AGG	NA	NA	NA	0	0	0	1	NA	NA	NA	NA	NA
JBHJCN010000003.1_78	97142	99373	2232	-1	0.643	11	GGA/GAG/AGG	GENOMAD.146534.CP	0.000948	45	0	0	0	1	NA	NA	NA	PF00015	Methyl-accepting chemotaxis protein (MCP) signalling domain
JBHJCN010000003.1_79	99831	102089	2259	-1	0.627	11	AGGA	GENOMAD.146534.CP	0.0004779	46	0	0	0	1	NA	NA	NA	PF00015	Methyl-accepting chemotaxis protein (MCP) signalling domain
JBHJCN010000003.1_80	102591	104849	2259	-1	0.644	11	GGAG/GAGG	GENOMAD.146534.CP	1.444e-05	51	0	0	0	1	NA	NA	NA	PF00015	Methyl-accepting chemotaxis protein (MCP) signalling domain
JBHJCN010000003.1_81	105071	106708	1638	-1	0.658	11	None	GENOMAD.146534.CP	7.696e-05	48	0	0	0	1	NA	NA	NA	PF00015	Methyl-accepting chemotaxis protein (MCP) signalling domain
JBHJCN010000003.1_82	106708	107442	735	-1	0.669	11	None	NA	NA	NA	0	0	0	1	NA	NA	NA	NA	NA
JBHJCN010000003.1_83	107456	108217	762	-1	0.656	11	GGA/GAG/AGG	GENOMAD.210497.CP	2.964e-23	102	0	0	0	1	NA	NA	NA	PF19089;COG4313	Membrane bound beta barrel domain (DUF5777)
JBHJCN010000003.1_84	108518	111307	2790	-1	0.653	11	None	GENOMAD.151917.PC	8.649e-09	62	0	0	0	1	NA	NA	NA	PF12729;K05874;COG5278	Four helix bundle sensory module for signal transduction
JBHJCN010000003.1_85	111374	111808	435	-1	0.653	11	GGA/GAG/AGG	NA	NA	NA	0	0	0	1	NA	NA	NA	NA	NA
JBHJCN010000003.1_86	111824	113551	1728	-1	0.646	11	GGA/GAG/AGG	GENOMAD.151334.CP	2.032e-05	50	0	0	0	1	NA	NA	NA	NA	NA
JBHJCN010000003.1_87	114091	114624	534	-1	0.661	11	AGGA	NA	NA	NA	0	0	0	1	NA	NA	NA	NA	NA
JBHJCN010000003.1_88	114947	117220	2274	-1	0.659	11	GGA/GAG/AGG	GENOMAD.146534.CP	0.0002393	47	0	0	0	1	NA	NA	NA	PF00015	Methyl-accepting chemotaxis protein (MCP) signalling domain
JBHJCN010000003.1_89	117538	119823	2286	-1	0.648	11	GGA/GAG/AGG	GENOMAD.151917.PC	2.688e-08	60	0	0	0	1	NA	NA	NA	PF12729;K05874;COG5278	Four helix bundle sensory module for signal transduction
JBHJCN010000003.1_90	120067	122076	2010	-1	0.663	11	GGA/GAG/AGG	GENOMAD.116397.CP	3.373e-111	377	0	0	0	1	NA	NA	NA	PF14501;PF01584;PF01627;PF02895;K03407;COG0643;TIGR01924	Chemotaxis protein histidine kinase CheA
JBHJCN010000003.1_91	122110	122475	366	-1	0.626	11	GGAG/GAGG	NA	NA	NA	0	0	0	1	NA	NA	NA	NA	NA
JBHJCN010000003.1_92	122472	122780	309	-1	0.615	11	GGAG/GAGG	GENOMAD.018319.CC	8.308e-46	160	0	0	0	1	NA	NA	NA	PF13466;K07122;COG3113;TIGR00377	ABC-type transporter Mla maintaining outer membrane lipid asymmetry, MlaB component, contains STAS domain
JBHJCN010000003.1_93	122883	124157	1275	-1	0.702	11	GGAG/GAGG	GENOMAD.129179.CP	6.701e-103	342	0	0	0	1	NA	NA	NA	PF01584;K03415;COG0835	CheW-like domain
JBHJCN010000003.1_94	124154	124936	783	-1	0.701	11	AGGAG	NA	NA	NA	0	0	0	1	NA	NA	NA	NA	NA
JBHJCN010000003.1_95	124938	125912	975	-1	0.648	11	None	GENOMAD.133946.CP	3.166e-10	64	0	0	0	1	NA	NA	NA	PF13677;COG1360;TIGR03350	Flagellar motor protein MotB
JBHJCN010000003.1_96	125919	126659	741	-1	0.641	11	None	NA	NA	NA	0	0	0	1	NA	NA	NA	NA	NA
JBHJCN010000003.1_97	127527	130628	3102	1	0.651	11	GGA/GAG/AGG	GENOMAD.154316.CP	1.083e-249	798	0	0	0	1	NA	NA	NA	K16091	NA
JBHJCN010000003.1_98	131672	132541	870	1	0.534	11	GGA/GAG/AGG	NA	NA	NA	0	0	0	1	NA	NA	NA	NA	NA
JBHJCN010000003.1_99	132583	133413	831	1	0.451	11	None	NA	NA	NA	0	0	0	1	NA	NA	NA	NA	NA
JBHJCN010000003.1_100	133816	137049	3234	1	0.490	11	AGGAG	NA	NA	NA	0	0	0	1	NA	NA	NA	NA	NA
JBHJCN010000003.1_101	138017	138286	270	1	0.633	11	AGGAG	NA	NA	NA	0	0	0	1	NA	NA	NA	NA	NA
JBHJCN010000003.1_102	138283	138699	417	1	0.712	11	GGAGG	NA	NA	NA	0	0	0	1	NA	NA	NA	NA	NA
JBHJCN010000003.1_103	138786	139403	618	1	0.574	11	GGA/GAG/AGG	NA	NA	NA	0	0	0	1	NA	NA	NA	NA	NA
JBHJCN010000003.1_104	139419	140897	1479	1	0.569	11	AGGAG	NA	NA	NA	0	0	0	1	NA	NA	NA	NA	NA
JBHJCN010000003.1_105	141146	142804	1659	-1	0.684	11	None	GENOMAD.116397.CP	2.796e-87	302	0	0	0	1	NA	NA	NA	PF14501;PF01584;PF01627;PF02895;K03407;COG0643;TIGR01924	Chemotaxis protein histidine kinase CheA
JBHJCN010000003.1_106	142807	143433	627	-1	0.657	11	GGxGG	GENOMAD.166405.CP	5.788e-101	325	0	0	0	1	NA	NA	NA	PF04344;K03414;COG3143	Chemotaxis regulator CheZ, phosphatase of CheY~P
JBHJCN010000003.1_107	143433	143825	393	-1	0.608	11	AGGAG	NA	NA	NA	0	0	0	1	NA	NA	NA	NA	NA
JBHJCN010000003.1_108	143861	144628	768	-1	0.672	11	GGAG/GAGG	NA	NA	NA	0	0	0	1	NA	NA	NA	NA	NA
JBHJCN010000003.1_109	144625	145509	885	-1	0.672	11	GGAG/GAGG	NA	NA	NA	0	0	0	1	NA	NA	NA	NA	NA
JBHJCN010000003.1_110	145496	147196	1701	-1	0.707	11	GGAGG	GENOMAD.091825.CP	3.685e-54	204	0	0	0	1	NA	NA	NA	PF00448;K02404;COG1419;TIGR03499	Flagellar biosynthesis GTPase FlhF
JBHJCN010000003.1_111	147870	149963	2094	-1	0.679	11	GGAG/GAGG	GENOMAD.136785.CP	3.154e-13	76	0	0	0	1	NA	NA	NA	NA	NA
JBHJCN010000003.1_112	149960	151090	1131	-1	0.649	11	None	NA	NA	NA	0	0	0	1	NA	NA	NA	NA	NA
JBHJCN010000003.1_113	151230	153311	2082	-1	0.681	11	GGA/GAG/AGG	NA	NA	NA	0	0	0	1	NA	NA	NA	NA	NA
JBHJCN010000003.1_114	153582	156446	2865	-1	0.679	11	None	NA	NA	NA	0	0	0	1	NA	NA	NA	NA	NA
JBHJCN010000003.1_115	156883	159834	2952	-1	0.680	11	None	NA	NA	NA	0	0	0	1	NA	NA	NA	NA	NA
JBHJCN010000003.1_116	160036	160827	792	-1	0.669	11	None	GENOMAD.138189.CP	6.983e-10	62	0	0	0	1	NA	NA	NA	PF01311;COG4791;TIGR01401;K02421	Bacterial export proteins, family 1
JBHJCN010000003.1_117	160841	161110	270	-1	0.644	11	None	NA	NA	NA	0	0	0	1	NA	NA	NA	NA	NA
JBHJCN010000003.1_118	161953	162798	846	-1	0.647	11	AGGA	NA	NA	NA	0	0	0	1	NA	NA	NA	NA	NA
JBHJCN010000003.1_119	162800	163207	408	-1	0.684	11	GGAGG	GENOMAD.166188.CP	1.223e-15	75	0	0	0	1	NA	NA	NA	PF04347;COG3190;K02418;TIGR03500	Flagellar biogenesis protein FliO
JBHJCN010000003.1_120	163204	163542	339	-1	0.655	11	AGGA	GENOMAD.168664.PC	1.068e-07	51	0	0	0	1	NA	NA	NA	PF01052;TIGR02480	flagellar motor switch protein FliN
JBHJCN010000003.1_121	163539	164552	1014	-1	0.642	11	GGA/GAG/AGG	GENOMAD.158788.CP	3.117e-09	61	0	0	0	1	NA	NA	NA	PF02154;PF01052;COG1868;TIGR01397;K02416	Flagellar motor switch protein FliM
JBHJCN010000003.1_122	164563	165090	528	-1	0.642	11	GGAG/GAGG	GENOMAD.142784.CP	1.25e-10	62	0	0	0	1	NA	NA	NA	PF03748;COG1580	Flagellar basal body-associated protein FliL
JBHJCN010000003.1_123	165280	166572	1293	-1	0.716	11	GGAG/GAGG	GENOMAD.021519.CC	2.736e-56	206	0	0	0	1	NA	NA	NA	NA	NA
JBHJCN010000003.1_124	166569	167024	456	-1	0.669	11	GGA/GAG/AGG	GENOMAD.179230.CP	2.343e-66	222	0	0	0	1	NA	NA	NA	PF16789;TIGR02473;COG2882;K02413	flagellar export protein FliJ
JBHJCN010000003.1_125	167028	168404	1377	-1	0.706	11	GGAG/GAGG	NA	NA	NA	0	0	0	1	NA	NA	NA	NA	NA
JBHJCN010000003.1_126	168401	169021	621	-1	0.712	11	GGAGG	GENOMAD.140316.CP	4.349e-86	282	0	0	0	1	NA	NA	NA	PF06635;COG1317;TIGR03825	Flagellar biosynthesis/type III secretory pathway protein FliH
JBHJCN010000003.1_127	169018	170007	990	-1	0.676	11	None	GENOMAD.133766.CP	5.15e-44	166	0	0	0	1	NA	NA	NA	PF01706;PF14841;PF14842;K02410;TIGR00207;COG1536	flagellar motor switch protein FliG
JBHJCN010000003.1_128	170018	171742	1725	-1	0.671	11	GGA/GAG/AGG	GENOMAD.136859.CP	1.729e-36	150	0	0	0	1	NA	NA	NA	PF01514;PF08345;TIGR00206;K02409;COG1766	flagellar basal-body M-ring protein/flagellar hook-basal body protein (fliF)
JBHJCN010000003.1_129	171756	172127	372	-1	0.667	11	None	GENOMAD.140513.CP	1.962e-22	94	0	0	0	1	NA	NA	NA	PF02049;COG1677;TIGR00205	Flagellar hook-basal body complex protein FliE
JBHJCN010000003.1_130	172555	176055	3501	-1	0.680	11	None	GENOMAD.133878.VC	3.52e-10	67	0	0	0	1246	Caudoviricetes	NA	NA	TIGR03087;COG4641	sugar transferase, PEP-CTERM/EpsH1 system associated
JBHJCN010000003.1_131	176626	176994	369	-1	0.550	11	GGAG/GAGG	NA	NA	NA	0	0	0	1	NA	NA	NA	NA	NA
JBHJCN010000003.1_132	177239	178006	768	-1	0.570	11	GGA/GAG/AGG	NA	NA	NA	0	0	0	1	NA	NA	NA	NA	NA
JBHJCN010000003.1_133	178003	178752	750	-1	0.608	11	AGGAG	NA	NA	NA	0	0	0	1	NA	NA	NA	NA	NA
JBHJCN010000003.1_134	178794	180068	1275	-1	0.596	11	AGGA	NA	NA	NA	0	0	0	1	NA	NA	NA	NA	NA
JBHJCN010000003.1_135	180253	181482	1230	-1	0.571	11	GGA/GAG/AGG	NA	NA	NA	0	0	0	1	NA	NA	NA	NA	NA
JBHJCN010000003.1_136	181537	182151	615	-1	0.618	11	GGAGG	NA	NA	NA	0	0	0	1	NA	NA	NA	NA	NA
JBHJCN010000003.1_137	182148	183287	1140	-1	0.583	11	AGGAG	NA	NA	NA	0	0	0	1	NA	NA	NA	NA	NA
JBHJCN010000003.1_138	183318	183977	660	-1	0.608	11	AGGAG/GGAGG	NA	NA	NA	0	0	0	1	NA	NA	NA	NA	NA
JBHJCN010000003.1_139	183974	184753	780	-1	0.622	11	None	NA	NA	NA	0	0	0	1	NA	NA	NA	NA	NA
JBHJCN010000003.1_140	184750	185517	768	-1	0.651	11	None	NA	NA	NA	0	0	0	1	NA	NA	NA	NA	NA
JBHJCN010000003.1_141	185514	186554	1041	-1	0.623	11	GGAG/GAGG	NA	NA	NA	0	0	0	1	NA	NA	NA	NA	NA
JBHJCN010000003.1_142	186560	186784	225	-1	0.582	11	GGA/GAG/AGG	GENOMAD.206422.CP	5.925e-36	130	0	0	0	1	NA	NA	NA	PF10501;K16025;TIGR01688	D-alanine--poly(phosphoribitol) ligase, subunit 2
JBHJCN010000003.1_143	186849	187958	1110	-1	0.617	11	GGAG/GAGG	GENOMAD.076874.VV	1.193e-06	53	0	0	0	1	NA	NA	NA	PF01041;K07806;TIGR03588;COG0399	UDP-4-amino-4,6-dideoxy-N-acetyl-beta-L-altrosamine transaminase
JBHJCN010000003.1_144	188076	189560	1485	-1	0.666	11	AGGAG	NA	NA	NA	0	0	0	1	NA	NA	NA	NA	NA
JBHJCN010000003.1_145	189553	189936	384	-1	0.586	11	AGGA	NA	NA	NA	0	0	0	1	NA	NA	NA	NA	NA
JBHJCN010000003.1_146	189945	191348	1404	-1	0.672	11	GGA/GAG/AGG	GENOMAD.142809.CP	8.866e-07	54	0	0	0	1	NA	NA	NA	PF00309;TIGR02395;COG1508	Sigma-54 factor, Activator interacting domain (AID)
JBHJCN010000003.1_147	191565	192197	633	-1	0.664	11	None	NA	NA	NA	0	0	0	1	NA	NA	NA	NA	NA
JBHJCN010000003.1_148	192266	192832	567	-1	0.675	11	GGA/GAG/AGG	GENOMAD.031694.CC	2.315e-84	276	0	0	0	1	NA	NA	NA	PF16823	Atypical PilZ domain, cyclic di-GMP receptor
JBHJCN010000003.1_149	192832	193125	294	-1	0.646	11	GGA/GAG/AGG	NA	NA	NA	0	0	0	1	NA	NA	NA	NA	NA
JBHJCN010000003.1_150	193134	193547	414	-1	0.640	11	AGGAG	NA	NA	NA	0	0	0	1	NA	NA	NA	NA	NA
JBHJCN010000003.1_151	193698	195023	1326	-1	0.648	11	GGAG/GAGG	GENOMAD.137994.CP	2.147e-23	107	0	0	0	1	NA	NA	NA	COG1345;K02407	Flagellar capping protein FliD
JBHJCN010000003.1_152	195295	196494	1200	-1	0.641	11	AGGAG	NA	NA	NA	0	0	0	1	NA	NA	NA	NA	NA
JBHJCN010000003.1_153	196812	198017	1206	-1	0.640	11	None	GENOMAD.130369.CP	9.562e-61	218	0	0	0	1	NA	NA	NA	PF00669;K02397;TIGR02550;COG1344	flagellar hook-associated protein 3
JBHJCN010000003.1_154	198017	199891	1875	-1	0.654	11	GGAG/GAGG	GENOMAD.133367.CP	5.798e-81	286	0	0	0	1	NA	NA	NA	PF00460;K02396;COG1256;TIGR02492	Flagellar hook-associated protein FlgK
JBHJCN010000003.1_155	199903	201081	1179	-1	0.665	11	GGAG/GAGG	GENOMAD.161970.CP	2.72e-06	52	0	0	0	1	NA	NA	NA	PF10135;TIGR02541;COG3951	flagellar rod assembly protein/muramidase FlgJ
JBHJCN010000003.1_156	201083	202201	1119	-1	0.680	11	GGA/GAG/AGG	GENOMAD.141339.CP	5.615e-119	386	0	0	0	1	NA	NA	NA	K02394;COG1706	Flagellar basal body P-ring protein FlgI
JBHJCN010000003.1_157	202212	202904	693	-1	0.675	11	AGGA	GENOMAD.142369.CP	3.765e-45	165	0	0	0	1	NA	NA	NA	PF02107;COG2063;K02393	Flagellar basal body L-ring protein FlgH
JBHJCN010000003.1_158	202943	203728	786	-1	0.642	11	GGAG/GAGG	GENOMAD.119007.CP	3.901e-20	93	0	0	0	1	NA	NA	NA	PF06429;PF00460;K02391;COG4786;TIGR02488	Flagellar basal body rod protein FlgG
JBHJCN010000003.1_159	204488	205243	756	-1	0.639	11	None	GENOMAD.119007.CP	5.875e-10	62	0	0	0	1	NA	NA	NA	PF06429;PF00460;K02391;COG4786;TIGR02488	Flagellar basal body rod protein FlgG
JBHJCN010000003.1_160	205388	206611	1224	-1	0.639	11	AGGA	GENOMAD.119423.CP	0.0008459	44	0	0	0	1	NA	NA	NA	PF06429;PF00460;K02392;COG4786;TIGR02488	Flagellar basal body rod protein FlgG
JBHJCN010000003.1_161	206643	207308	666	-1	0.616	11	GGA/GAG/AGG	GENOMAD.136573.CP	3.487e-31	124	0	0	0	1	NA	NA	NA	PF03963;PF13861;COG1843;K02390	Flagellar hook assembly protein FlgD
JBHJCN010000003.1_162	207346	207753	408	-1	0.642	11	None	NA	NA	NA	0	0	0	1	NA	NA	NA	NA	NA
JBHJCN010000003.1_163	207757	208158	402	-1	0.652	11	GGAG/GAGG	GENOMAD.145565.CP	2.11e-17	80	0	0	0	1	NA	NA	NA	PF00460;K02387;TIGR01396;COG1815	flagellar basal-body rod protein FlgB
JBHJCN010000003.1_164	208492	209526	1035	-1	0.640	11	None	GENOMAD.119444.CP	0.0006466	44	0	0	0	1	NA	NA	NA	PF01584;COG0835;K13489	Chemotaxis signal transduction protein
JBHJCN010000003.1_165	209787	210431	645	1	0.693	11	GGA/GAG/AGG	GENOMAD.148229.CP	6.469e-30	120	0	0	0	1	NA	NA	NA	PF13144;PF17656;COG1261;TIGR03170	Flagella basal body P-ring formation protein FlgA
JBHJCN010000003.1_166	210498	210809	312	1	0.628	11	AGGAG	GENOMAD.141885.CP	1.447e-40	145	0	0	0	1	NA	NA	NA	PF04316;TIGR03824;COG2747	flagellar biosynthesis anti-sigma factor FlgM
JBHJCN010000003.1_167	210825	211157	333	1	0.658	11	None	NA	NA	NA	0	0	0	1	NA	NA	NA	NA	NA
JBHJCN010000003.1_168	211324	212550	1227	1	0.611	11	None	NA	NA	NA	0	0	0	1	NA	NA	NA	NA	NA
JBHJCN010000003.1_169	212686	214407	1722	-1	0.643	11	GGA/GAG/AGG	NA	NA	NA	0	0	0	1	NA	NA	NA	NA	NA
JBHJCN010000003.1_170	214411	216504	2094	-1	0.664	11	None	GENOMAD.136246.CP	4.303e-11	69	0	0	0	1	NA	NA	NA	PF14501;COG3920;TIGR01924	Two-component sensor histidine kinase, HisKA and HATPase domains
JBHJCN010000003.1_171	216687	219449	2763	1	0.638	11	None	NA	NA	NA	0	0	0	1	NA	NA	NA	NA	NA
JBHJCN010000003.1_172	220398	220682	285	-1	0.677	11	None	NA	NA	NA	0	0	0	1	NA	NA	NA	NA	NA
JBHJCN010000003.1_173	220769	221959	1191	-1	0.647	11	GGA/GAG/AGG	NA	NA	NA	0	0	0	1	NA	NA	NA	NA	NA
JBHJCN010000003.1_174	222108	222722	615	-1	0.686	11	GGAG/GAGG	GENOMAD.003398.CC	9.561e-18	84	0	0	0	1	NA	NA	NA	PF04356;COG2915;K07153	Regulator of phage lambda lysogenization HflD, binds to CII and stimulates its degradation
JBHJCN010000003.1_175	222722	223858	1137	-1	0.670	11	None	NA	NA	NA	0	0	0	1	NA	NA	NA	NA	NA
JBHJCN010000003.1_176	223855	224313	459	-1	0.656	11	GGAG/GAGG	NA	NA	NA	0	0	0	1	NA	NA	NA	NA	NA
JBHJCN010000003.1_177	224609	224890	282	1	0.613	11	None	GENOMAD.136164.CV	7.147e-05	42	0	0	0	1	NA	NA	NA	PF02617;COG2127	ATP-dependent Clp protease adaptor protein ClpS
JBHJCN010000003.1_178	225033	227315	2283	1	0.633	11	GGAG/GAGG	GENOMAD.046845.VV	1.306e-34	146	0	0	0	1246	Caudoviricetes	NA	NA	PF10431	NA
JBHJCN010000003.1_179	227590	227808	219	-1	0.543	11	GGA/GAG/AGG	NA	NA	NA	0	0	0	1	NA	NA	NA	NA	NA
JBHJCN010000003.1_180	227889	228686	798	-1	0.665	11	None	GENOMAD.080636.CV	5.268e-86	285	0	0	0	1	NA	NA	NA	PF03588;COG2360;TIGR00667	Leu/Phe-tRNA-protein transferase
JBHJCN010000003.1_181	228772	229815	1044	-1	0.648	11	GGA/GAG/AGG	NA	NA	NA	0	0	0	1	NA	NA	NA	NA	NA
JBHJCN010000003.1_182	230084	231205	1122	-1	0.662	11	GGA/GAG/AGG	GENOMAD.103023.CP	3.227e-107	352	0	0	0	1	NA	NA	NA	PF04339;K09919;COG3146;TIGR03019	Peptidogalycan biosysnthesis/recognition
JBHJCN010000003.1_183	231263	232231	969	-1	0.658	11	GGA/GAG/AGG	NA	NA	NA	0	0	0	1	NA	NA	NA	NA	NA
JBHJCN010000003.1_184	232515	234872	2358	1	0.663	11	GGA/GAG/AGG	GENOMAD.105456.CP	8.623e-32	137	0	0	0	1	NA	NA	NA	PF13491	4TM region of DNA translocase FtsK/SpoIIIE
JBHJCN010000003.1_185	235023	236951	1929	1	0.643	11	None	GENOMAD.142957.CP	1.423e-17	90	0	0	0	1	NA	NA	NA	NA	NA
JBHJCN010000003.1_186	237016	237687	672	1	0.621	11	None	GENOMAD.088139.CV	4.622e-39	147	0	0	0	1246	Caudoviricetes	NA	NA	PF19574;K03634;TIGR00547;COG2834	periplasmic chaperone LolA
JBHJCN010000003.1_187	237803	241918	4116	-1	0.656	11	None	NA	NA	NA	0	0	0	1	NA	NA	NA	NA	NA
JBHJCN010000003.1_188	242263	243573	1311	1	0.652	11	None	NA	NA	NA	0	0	0	1	NA	NA	NA	NA	NA
JBHJCN010000003.1_189	243753	244154	402	1	0.647	11	None	NA	NA	NA	0	0	0	1	NA	NA	NA	NA	NA
JBHJCN010000003.1_190	244468	245673	1206	-1	0.654	11	GGAG/GAGG	NA	NA	NA	0	0	0	1	NA	NA	NA	NA	NA
JBHJCN010000003.1_191	245828	248200	2373	-1	0.648	11	GGAG/GAGG	NA	NA	NA	0	0	0	1	NA	NA	NA	NA	NA
JBHJCN010000003.1_192	248225	248857	633	-1	0.664	11	None	GENOMAD.125911.CP	1.728e-24	104	0	0	0	1	NA	NA	NA	PF17939;PF00440;K23777;TIGR03384;COG3226	transcriptional repressor BetI
JBHJCN010000003.1_193	249076	249501	426	1	0.627	11	GGAG/GAGG	NA	NA	NA	0	0	0	1	NA	NA	NA	NA	NA
JBHJCN010000003.1_194	249520	250725	1206	1	0.633	11	GGA/GAG/AGG	NA	NA	NA	0	0	0	1	NA	NA	NA	NA	NA
JBHJCN010000003.1_195	250712	251524	813	1	0.636	11	GGA/GAG/AGG	NA	NA	NA	0	0	0	1	NA	NA	NA	NA	NA
JBHJCN010000003.1_196	251521	252381	861	1	0.660	11	None	GENOMAD.092099.CV	4.231e-37	144	0	0	0	1	NA	NA	NA	PF13464;K15539;COG1426;TIGR02612	Cytoskeletal protein RodZ, contains Xre-like HTH and DUF4115 domains
JBHJCN010000003.1_197	252452	253090	639	1	0.648	11	GGA/GAG/AGG	NA	NA	NA	0	0	0	1	NA	NA	NA	NA	NA
JBHJCN010000003.1_198	253090	254307	1218	1	0.646	11	GGAG/GAGG	NA	NA	NA	0	0	0	1	NA	NA	NA	NA	NA
JBHJCN010000003.1_199	254318	255715	1398	1	0.648	11	AGGA	GENOMAD.108638.CP	1.786e-06	53	0	0	0	1	NA	NA	NA	PF03193;PF01176;K06949;TIGR00157;COG1162	ribosome small subunit-dependent GTPase A
JBHJCN010000003.1_200	256018	257238	1221	1	0.674	11	None	GENOMAD.118734.CP	1.001e-36	147	0	0	0	1	NA	NA	NA	PF03453;PF00994;K03750;COG0303;TIGR00177	Molybdopterin biosynthesis enzyme
JBHJCN010000003.1_201	257578	258720	1143	-1	0.660	11	None	NA	NA	NA	0	0	0	1	NA	NA	NA	NA	NA
JBHJCN010000003.1_202	258822	261632	2811	1	0.627	11	None	GENOMAD.158496.CP	1.094e-54	212	0	0	0	1	NA	NA	NA	PF14905;PF07715;TIGR01782;K16091;COG4774	TonB-dependent receptor
JBHJCN010000003.1_203	261730	261945	216	1	0.597	11	AGGAG	NA	NA	NA	0	0	0	1	NA	NA	NA	NA	NA
JBHJCN010000003.1_204	262441	263019	579	1	0.610	11	GGAG/GAGG	GENOMAD.212919.PC	1.696e-14	74	0	0	0	1	NA	NA	NA	PF13628;K08995;COG3544	Uncharacterized conserved protein, DUF305 family
JBHJCN010000003.1_205	263023	263553	531	1	0.652	11	AGGA/GGAG/GAGG	GENOMAD.190426.CP	2.99e-06	49	0	0	0	1	NA	NA	NA	PF10604;COG5637	Carbon monoxide dehydrogenase subunit G
JBHJCN010000003.1_206	263567	264736	1170	1	0.616	11	AGGAG	GENOMAD.161858.VP	0.0001908	46	0	0	0	1246	Caudoviricetes	NA	NA	PF07992;TIGR00031;COG3380;K10209	UDP-galactopyranose mutase
JBHJCN010000003.1_207	264934	265689	756	-1	0.615	11	GGA/GAG/AGG	NA	NA	NA	0	0	0	1	NA	NA	NA	NA	NA
JBHJCN010000003.1_208	265850	266845	996	1	0.628	11	None	NA	NA	NA	0	0	0	1	NA	NA	NA	NA	NA
JBHJCN010000003.1_209	266880	267155	276	-1	0.594	11	GGA/GAG/AGG	NA	NA	NA	0	0	0	1	NA	NA	NA	NA	NA
JBHJCN010000003.1_210	267360	268613	1254	1	0.683	11	None	GENOMAD.119129.CP	2.245e-51	191	0	0	0	1	NA	NA	NA	PF03453;PF00994;PF03454;COG0303;K03750;TIGR00177	Molybdopterin biosynthesis enzyme
JBHJCN010000003.1_211	268651	269220	570	1	0.661	11	None	GENOMAD.111238.CP	2.469e-20	91	0	0	0	1	NA	NA	NA	PF01983;K03752;TIGR03552;COG1920	2-phospho-L-lactate guanylyltransferase
JBHJCN010000003.1_212	269204	269566	363	1	0.639	11	AGGA/GGAG/GAGG	NA	NA	NA	0	0	0	1	NA	NA	NA	NA	NA
JBHJCN010000003.1_213	269793	270875	1083	1	0.690	11	AGGA/GGAG/GAGG	GENOMAD.141029.CP	1.604e-27	118	0	0	0	1	NA	NA	NA	PF12625	Arabinose-binding domain of AraC transcription regulator, N-term
JBHJCN010000003.1_214	270977	271909	933	-1	0.690	11	GGAG/GAGG	NA	NA	NA	0	0	0	1	NA	NA	NA	NA	NA
JBHJCN010000003.1_215	271902	273335	1434	-1	0.653	11	GGA/GAG/AGG	NA	NA	NA	0	0	0	1	NA	NA	NA	NA	NA
JBHJCN010000003.1_216	273685	274662	978	-1	0.697	11	GGAG/GAGG	GENOMAD.126251.CP	3.574e-11	67	0	0	0	1	NA	NA	NA	PF06180;PF13241;COG4822;K24866;TIGR01470	Cobalamin biosynthesis protein CbiK, Co2+ chelatase
JBHJCN010000003.1_217	274743	275315	573	1	0.651	11	None	GENOMAD.145587.CP	6.451e-48	171	0	0	0	1	NA	NA	NA	PF03861;PF20161;K07183;COG3707;TIGR02875	Two-component response regulator, AmiR/NasT family, consists of REC and RNA-binding antiterminator (ANTAR) domains
JBHJCN010000003.1_218	275320	276408	1089	1	0.666	11	GGA/GAG/AGG	NA	NA	NA	0	0	0	1	NA	NA	NA	NA	NA
JBHJCN010000003.1_219	277296	278504	1209	1	0.665	11	GGAG/GAGG	GENOMAD.154757.CP	6.959e-17	86	0	0	0	1	NA	NA	NA	K10850;COG2223	Nitrate/nitrite transporter NarK
JBHJCN010000003.1_220	278527	280980	2454	1	0.633	11	AGGAG	GENOMAD.171155.CP	0.0002631	47	0	0	0	1	NA	NA	NA	PF04324;COG2906	Bacterioferritin-associated ferredoxin
JBHJCN010000003.1_221	280983	281345	363	1	0.658	11	GGAG/GAGG	GENOMAD.145553.CP	6.35e-08	52	0	0	0	1	NA	NA	NA	PF13806;K15762;COG2146;TIGR02694	Ferredoxin subunit of nitrite reductase or a ring-hydroxylating dioxygenase
JBHJCN010000003.1_222	281342	284152	2811	1	0.672	11	GGA/GAG/AGG	GENOMAD.121843.CP	1.756e-08	61	0	0	0	1	NA	NA	NA	PF01568;COG1153;K00203	Formylmethanofuran dehydrogenase subunit D
JBHJCN010000003.1_223	284204	284980	777	1	0.692	11	GGA/GAG/AGG	NA	NA	NA	0	0	0	1	NA	NA	NA	NA	NA
JBHJCN010000003.1_224	285769	286026	258	1	0.655	11	AGGAGG	NA	NA	NA	0	0	0	1	NA	NA	NA	NA	NA
JBHJCN010000003.1_225	286676	287185	510	1	0.633	11	AGGAG	NA	NA	NA	0	0	0	1	NA	NA	NA	NA	NA
JBHJCN010000003.1_226	287287	288207	921	1	0.647	11	None	GENOMAD.206339.PC	6.101e-05	47	0	0	0	1	NA	NA	NA	PF04952;COG2988;TIGR02994	Succinylglutamate desuccinylase / Aspartoacylase family
JBHJCN010000003.1_227	288540	289238	699	1	0.642	11	AGGAG	GENOMAD.180976.PC	9.092e-19	88	0	0	0	1	NA	NA	NA	PF07081;PF10039;K09702;COG3506	Regulation of enolase protein 1 (function unknown), concanavalin A-like superfamily
JBHJCN010000003.1_228	289369	291237	1869	-1	0.633	11	None	NA	NA	NA	0	0	0	1	NA	NA	NA	NA	NA
JBHJCN010000003.1_229	291933	302126	10194	1	0.661	11	GGA/GAG/AGG	GENOMAD.179736.PC	1.146e-31	140	0	0	0	1	NA	NA	NA	PF03797;COG4625	Uncharacterized conserved protein, contains a C-terminal beta-barrel porin domain
JBHJCN010000003.1_230	302427	303038	612	-1	0.647	11	GGAG/GAGG	GENOMAD.162179.PC	9.846e-05	45	0	0	0	1	NA	NA	NA	PF00072;K14987;TIGR02875;COG4566	sporulation transcription factor Spo0A
JBHJCN010000003.1_231	303035	304111	1077	-1	0.669	11	GGA/GAG/AGG	NA	NA	NA	0	0	0	1	NA	NA	NA	NA	NA
JBHJCN010000003.1_232	304176	305660	1485	-1	0.696	11	GGAG/GAGG	NA	NA	NA	0	0	0	1	NA	NA	NA	NA	NA
JBHJCN010000003.1_233	305657	308749	3093	-1	0.643	11	GGAG/GAGG	NA	NA	NA	0	0	0	1	NA	NA	NA	NA	NA
JBHJCN010000003.1_234	308742	309857	1116	-1	0.677	11	GGA/GAG/AGG	GENOMAD.120637.CP	9.341e-10	63	0	0	0	1	NA	NA	NF000272	PF12700;K15727;TIGR01730;COG0845	RND family efflux transporter, MFP subunit
JBHJCN010000003.1_235	310345	313080	2736	-1	0.679	11	GGA/GAG/AGG	NA	NA	NA	0	0	0	1	NA	NA	NA	NA	NA
JBHJCN010000003.1_236	314218	314460	243	1	0.654	11	AGGA	NA	NA	NA	0	0	0	1	NA	NA	NA	NA	NA
JBHJCN010000003.1_237	314682	315704	1023	1	0.630	11	GGAG/GAGG	NA	NA	NA	0	0	0	1	NA	NA	NA	NA	NA
JBHJCN010000003.1_238	315701	316405	705	1	0.626	11	GGAG/GAGG	NA	NA	NA	0	0	0	1	NA	NA	NA	NA	NA
JBHJCN010000003.1_239	316550	317923	1374	-1	0.646	11	AGGAG	NA	NA	NA	0	0	0	1	NA	NA	NA	NA	NA
JBHJCN010000003.1_240	318265	318735	471	1	0.618	11	None	GENOMAD.194577.PC	2.279e-77	254	0	0	0	1	NA	NA	NA	PF09990;COG4244	NA
JBHJCN010000003.1_241	318732	320045	1314	1	0.643	11	AGGAG	NA	NA	NA	0	0	0	1	NA	NA	NA	NA	NA
JBHJCN010000003.1_242	320288	321322	1035	1	0.637	11	GGA/GAG/AGG	NA	NA	NA	0	0	0	1	NA	NA	NA	NA	NA
JBHJCN010000003.1_243	321639	321917	279	-1	0.573	11	AGGAG	NA	NA	NA	0	0	0	1	NA	NA	NA	NA	NA
JBHJCN010000003.1_244	322052	322192	141	-1	0.688	11	None	NA	NA	NA	0	0	0	1	NA	NA	NA	NA	NA
JBHJCN010000003.1_245	322247	323146	900	-1	0.621	11	None	GENOMAD.218967.CP	7.626e-89	295	0	0	0	1	NA	NA	NA	PF07737	NA
JBHJCN010000003.1_246	323893	324399	507	1	0.602	11	GGAGG	GENOMAD.166375.PC	1.078e-09	59	0	0	0	1	NA	NA	NA	NA	NA
JBHJCN010000003.1_247	324404	325909	1506	1	0.625	11	GGA/GAG/AGG	GENOMAD.160889.PC	1.58e-40	161	0	0	0	1	NA	NA	NA	PF18945	EvpB/VC_A0108, tail sheath gpW/gp25-like domain
JBHJCN010000003.1_248	326009	326512	504	1	0.597	11	GGAG/GAGG	NA	NA	NA	0	0	0	1	NA	NA	NA	NA	NA
JBHJCN010000003.1_249	326539	327378	840	1	0.663	11	GGAG/GAGG	NA	NA	NA	0	0	0	1	NA	NA	NA	NA	NA
JBHJCN010000003.1_250	327366	327869	504	1	0.659	11	GGxGG	GENOMAD.183209.PC	3.679e-15	75	0	0	0	1	NA	NA	NA	K11897;COG3518;TIGR03357	Predicted component of the type VI protein secretion system
JBHJCN010000003.1_251	327872	329749	1878	1	0.674	11	GGAG/GAGG	GENOMAD.166434.PC	2.526e-54	206	0	0	0	1	NA	NA	NA	PF05947;COG3519;K11896;TIGR03359	Type VI protein secretion system component VasA
JBHJCN010000003.1_252	329713	330723	1011	1	0.698	11	GGAG/GAGG	GENOMAD.167831.PC	9.468e-64	224	0	0	0	1	NA	NA	NA	PF06996;COG3520;TIGR03347;K11896	Predicted component of the type VI protein secretion system
JBHJCN010000003.1_253	330756	331526	771	1	0.678	11	GGAG/GAGG	NA	NA	NA	0	0	0	1	NA	NA	NA	NA	NA
JBHJCN010000004.1_1	226	1437	1212	-1	0.643	11	GGA/GAG/AGG	NA	NA	NA	0	0	0	1	NA	NA	NA	NA	NA
JBHJCN010000004.1_2	1682	2782	1101	1	0.667	11	None	GENOMAD.146476.CP	4.612e-67	235	0	0	0	1	NA	NA	NA	PF04307;K07038;COG1988	LexA-binding, inner membrane-associated putative hydrolase
JBHJCN010000004.1_3	2776	3603	828	-1	0.650	11	GGAG/GAGG	GENOMAD.158493.CP	0.0004285	44	0	0	0	1	NA	NA	NA	PF03269;K20082;COG2227;TIGR02072	Caenorhabditis protein of unknown function, DUF268
JBHJCN010000004.1_4	3632	4630	999	-1	0.665	11	None	NA	NA	NA	0	0	0	1	NA	NA	NA	NA	NA
JBHJCN010000004.1_5	4738	7080	2343	-1	0.632	11	GGA/GAG/AGG	NA	NA	NA	0	0	0	1	NA	NA	NA	NA	NA
JBHJCN010000004.1_6	7607	8557	951	-1	0.679	11	GGA/GAG/AGG	NA	NA	NA	0	0	0	1	NA	NA	NA	NA	NA
JBHJCN010000004.1_7	8648	9946	1299	-1	0.644	11	GGA/GAG/AGG	NA	NA	NA	0	0	0	1	NA	NA	NA	NA	NA
JBHJCN010000004.1_8	10858	11826	969	1	0.667	11	GGAG/GAGG	NA	NA	NA	0	0	0	1	NA	NA	NA	NA	NA
JBHJCN010000004.1_9	11983	12228	246	1	0.614	11	None	GENOMAD.197521.CP	4.478e-05	42	0	0	0	1	NA	NA	NA	PF10636;COG4256	Hemin uptake protein HemP
JBHJCN010000004.1_10	12475	14706	2232	1	0.638	11	GGA/GAG/AGG	GENOMAD.134173.CP	3.107e-64	239	0	0	0	1	NA	NA	NA	PF14905;PF07715;K16087;TIGR01776;COG4206	TonB-dependent lactoferrin and transferrin receptors
JBHJCN010000004.1_11	15382	16305	924	1	0.645	11	GGA/GAG/AGG	GENOMAD.015156.CC	4.576e-70	241	0	0	0	1	NA	NA	NA	PF20311	NA
JBHJCN010000004.1_12	16432	16785	354	-1	0.613	11	None	GENOMAD.141125.CP	2.289e-50	174	0	0	0	1	NA	NA	NA	PF04342;COG3169;K09922	Uncharacterized conserved protein, DUF486 family
JBHJCN010000004.1_13	16865	17749	885	-1	0.697	11	GGAG/GAGG	NA	NA	NA	0	0	0	1	NA	NA	NA	NA	NA
JBHJCN010000004.1_14	17746	18579	834	-1	0.658	11	GGAG/GAGG	NA	NA	NA	0	0	0	1	NA	NA	NA	NA	NA
JBHJCN010000004.1_15	18583	19629	1047	-1	0.643	11	GGAG/GAGG	GENOMAD.194675.PC	4.06e-71	246	0	0	0	1	NA	NA	NA	PF13379;TIGR03427;COG4521;K15553	ABC transporter periplasmic binding protein, urea carboxylase region
JBHJCN010000004.1_16	19670	20587	918	-1	0.647	11	GGAG/GAGG	GENOMAD.168562.CP	1.436e-05	49	0	0	0	1	NA	NA	NA	PF02668;K03119;COG2175;TIGR02409	Taurine catabolism dioxygenase TauD, TfdA family
JBHJCN010000004.1_17	20836	23319	2484	-1	0.690	11	None	GENOMAD.142740.CP	4.212e-187	606	0	0	0	1	NA	NA	NA	PF02687;PF12704;COG3127;TIGR03434;K09813	Predicted ABC-type transport system involved in lysophospholipase L1 biosynthesis, permease component
JBHJCN010000004.1_18	23316	23921	606	-1	0.705	11	None	NA	NA	NA	0	0	0	1	NA	NA	NA	NA	NA
JBHJCN010000004.1_19	24040	24693	654	1	0.677	11	GGAG/GAGG	NA	NA	NA	0	0	0	1	NA	NA	NA	NA	NA
JBHJCN010000004.1_20	24785	25498	714	1	0.646	11	GGAG/GAGG	NA	NA	NA	0	0	0	1	NA	NA	NA	NA	NA
JBHJCN010000004.1_21	25641	26912	1272	1	0.655	11	GGA/GAG/AGG	NA	NA	NA	0	0	0	1	NA	NA	NA	NA	NA
JBHJCN010000004.1_22	27330	28031	702	-1	0.654	11	GGA/GAG/AGG	NA	NA	NA	0	0	0	1	NA	NA	NA	NA	NA
JBHJCN010000004.1_23	28213	28593	381	1	0.648	11	AGGA/GGAG/GAGG	GENOMAD.136345.CP	4.697e-14	70	0	0	0	1	NA	NA	NA	PF01219;COG0818;K00887	Diacylglycerol kinase
JBHJCN010000004.1_24	28690	29328	639	1	0.615	11	GGA/GAG/AGG	NA	NA	NA	0	0	0	1	NA	NA	NA	NA	NA
JBHJCN010000004.1_25	29673	30560	888	1	0.711	11	AGGAG	NA	NA	NA	0	0	0	1	NA	NA	NA	NA	NA
JBHJCN010000004.1_26	30560	31051	492	1	0.691	11	GGAG/GAGG	GENOMAD.158059.CP	1.016e-20	91	0	0	0	1	NA	NA	NA	PF17174;COG3762	Uncharacterized membrane protein YgcG, contains a TPM-fold domain
JBHJCN010000004.1_27	31106	31996	891	1	0.634	11	None	GENOMAD.126817.CP	3.974e-22	100	0	0	0	1	NA	NA	NA	PF01790;K13292;TIGR00544;COG0682	prolipoprotein diacylglyceryl transferase
JBHJCN010000004.1_28	31993	32787	795	1	0.628	11	GGAGG	GENOMAD.030736.VV	1.762e-12	70	0	0	0	1246	Caudoviricetes	NA	NA	PF00303;COG0207;TIGR03284;K00560	Thymidylate synthase
JBHJCN010000004.1_29	32841	33128	288	1	0.566	11	None	NA	NA	NA	0	0	0	1	NA	NA	NA	NA	NA
JBHJCN010000004.1_30	33125	33619	495	1	0.663	11	None	NA	NA	NA	0	0	0	1	NA	NA	NA	NA	NA
JBHJCN010000004.1_31	33671	34627	957	-1	0.674	11	GGAG/GAGG	GENOMAD.083577.VV	0.0005643	44	0	0	0	1246	Caudoviricetes	NA	NA	K07314;TIGR00668	bis(5'-nucleosyl)-tetraphosphatase (symmetrical)
JBHJCN010000004.1_32	34656	35039	384	-1	0.651	11	None	GENOMAD.000805.CC	1.522e-18	83	0	0	0	1	NA	NA	NA	PF04379;COG2967	Uncharacterized protein affecting Mg2+/Co2+ transport
JBHJCN010000004.1_33	35076	35864	789	-1	0.660	11	None	NA	NA	NA	0	0	0	1	NA	NA	NA	NA	NA
JBHJCN010000004.1_34	35982	36950	969	-1	0.687	11	GGA/GAG/AGG	GENOMAD.132496.CP	8.115e-90	299	0	0	0	1	NA	NA	NA	PF04166;K00097;COG1995;TIGR00557	4-hydroxy-L-threonine phosphate dehydrogenase PdxA
JBHJCN010000004.1_35	36973	38364	1392	-1	0.656	11	None	GENOMAD.000379.CC	3.639e-26	116	0	0	0	1	NA	NA	NA	PF09312;K03771;TIGR04142;COG0760	putative peptidyl-prolyl cis-trans isomerase, LIC12922 family
JBHJCN010000004.1_36	38361	40730	2370	-1	0.630	11	None	GENOMAD.105365.CP	5.545e-107	369	0	0	0	1	NA	NA	NA	K04744;COG1452	LPS assembly outer membrane protein LptD (organic solvent tolerance protein OstA)
JBHJCN010000004.1_37	40919	41827	909	-1	0.685	11	GGA/GAG/AGG	NA	NA	NA	0	0	0	1	NA	NA	NA	NA	NA
JBHJCN010000004.1_38	41866	42423	558	-1	0.699	11	None	NA	NA	NA	0	0	0	1	NA	NA	NA	NA	NA
JBHJCN010000004.1_39	42427	43005	579	-1	0.667	11	None	NA	NA	NA	0	0	0	1	NA	NA	NA	NA	NA
JBHJCN010000004.1_40	43346	44554	1209	1	0.701	11	None	GENOMAD.129930.CP	9.866e-14	76	0	0	0	1	NA	NA	NA	NA	NA
JBHJCN010000004.1_41	44551	45732	1182	1	0.692	11	GGAG/GAGG	GENOMAD.129930.CP	3.081e-28	121	0	0	0	1	NA	NA	NA	NA	NA
JBHJCN010000004.1_42	45860	46582	723	1	0.675	11	None	GENOMAD.145475.CP	7.356e-05	46	0	0	0	1	NA	NA	NA	PF06342;K08680;TIGR03695;COG1647	2-succinyl-6-hydroxy-2,4-cyclohexadiene-1-carboxylate synthase
JBHJCN010000004.1_43	46685	47116	432	1	0.674	11	GGAG/GAGG	GENOMAD.195820.PC	1.258e-27	110	0	0	0	1	NA	NA	NA	PF00866;TIGR03231;COG5517;K16320	anthranilate 1,2-dioxygenase, small subunit
JBHJCN010000004.1_44	47465	48298	834	1	0.596	11	None	GENOMAD.189522.PC	5.232e-162	505	0	0	0	1	NA	NA	NA	PF13557;COG4313	Putative MetA-pathway of phenol degradation
JBHJCN010000004.1_45	48465	49130	666	-1	0.665	11	GGA/GAG/AGG	NA	NA	NA	0	0	0	1	NA	NA	NA	NA	NA
JBHJCN010000004.1_46	49373	50269	897	1	0.657	11	AGGAG	GENOMAD.172148.PC	1.622e-88	294	0	0	0	1	NA	NA	NA	PF02900;K04101;TIGR02298;COG3384	Catalytic LigB subunit of aromatic ring-opening dioxygenase
JBHJCN010000004.1_47	50280	50639	360	1	0.600	11	AGGAG	GENOMAD.195792.PC	2.821e-65	217	0	0	0	1	NA	NA	NA	PF07746;TIGR02792;K04100	protocatechuate 4,5-dioxygenase, alpha subunit
JBHJCN010000004.1_48	50706	51707	1002	1	0.671	11	GGA/GAG/AGG	NA	NA	NA	0	0	0	1	NA	NA	NA	NA	NA
JBHJCN010000004.1_49	51885	53363	1479	-1	0.656	11	None	NA	NA	NA	0	0	0	1	NA	NA	NA	NA	NA
JBHJCN010000004.1_50	53567	55036	1470	-1	0.667	11	AGGAGG	NA	NA	NA	0	0	0	1	NA	NA	NA	NA	NA
JBHJCN010000004.1_51	55120	55947	828	-1	0.638	11	AGGAG	NA	NA	NA	0	0	0	1	NA	NA	NA	NA	NA
JBHJCN010000004.1_52	55993	56466	474	-1	0.690	11	GGA/GAG/AGG	NA	NA	NA	0	0	0	1	NA	NA	NA	NA	NA
JBHJCN010000004.1_53	56604	56909	306	-1	0.647	11	None	GENOMAD.181899.CV	7.134e-08	51	0	0	0	1	NA	NA	NA	PF13405	EF-hand domain
JBHJCN010000004.1_54	57214	57936	723	-1	0.627	11	GGAGG	NA	NA	NA	0	0	0	1	NA	NA	NA	NA	NA
JBHJCN010000004.1_55	58018	58923	906	-1	0.655	11	GGAG/GAGG	NA	NA	NA	0	0	0	1	NA	NA	NA	NA	NA
JBHJCN010000004.1_56	59047	60156	1110	1	0.633	11	AGGAG	NA	NA	NA	0	0	0	1	NA	NA	NA	NA	NA
JBHJCN010000004.1_57	60654	61697	1044	-1	0.661	11	GGA/GAG/AGG	GENOMAD.114416.CP	1.171e-125	404	0	0	0	1	NA	NA	NA	PF18125;PF03269;K06968;COG2933;TIGR01177	23S rRNA C2498 (ribose-2'-O)-methylase RlmM
JBHJCN010000004.1_58	61737	62297	561	-1	0.681	11	None	NA	NA	NA	0	0	0	1	NA	NA	NA	NA	NA
JBHJCN010000004.1_59	62297	62713	417	-1	0.667	11	GGAG/GAGG	NA	NA	NA	0	0	0	1	NA	NA	NA	NA	NA
JBHJCN010000004.1_60	63344	64273	930	-1	0.674	11	GGAG/GAGG	GENOMAD.177755.PC	4.668e-32	130	0	0	0	1	NA	NA	NA	COG5006;K03298	Threonine/homoserine efflux transporter RhtA
JBHJCN010000004.1_61	64657	66396	1740	-1	0.647	11	None	NA	NA	NA	0	0	0	1	NA	NA	NA	NA	NA
JBHJCN010000004.1_62	66813	67454	642	1	0.679	11	AGGA/GGAG/GAGG	NA	NA	NA	0	0	0	1	NA	NA	NA	NA	NA
JBHJCN010000004.1_63	67456	67686	231	1	0.658	11	GGA/GAG/AGG	GENOMAD.016641.CC	2.753e-29	111	0	0	0	1	NA	NA	NA	PF09413	Putative prokaryotic signal transducing protein
JBHJCN010000004.1_64	67781	68245	465	-1	0.652	11	None	NA	NA	NA	0	0	0	1	NA	NA	NA	NA	NA
JBHJCN010000004.1_65	68242	70152	1911	-1	0.658	11	GGA/GAG/AGG	GENOMAD.154050.CP	0.0003862	46	0	0	0	1	NA	NA	NA	COG3920;K19622	Two-component sensor histidine kinase, HisKA and HATPase domains
JBHJCN010000004.1_66	70149	70856	708	-1	0.692	11	GGA/GAG/AGG	NA	NA	NA	0	0	0	1	NA	NA	NA	NA	NA
JBHJCN010000004.1_67	70981	71496	516	1	0.643	11	GGAG/GAGG	GENOMAD.208558.PC	5.766e-07	51	0	0	0	1	NA	NA	NA	PF08332;TIGR02246;COG4875;K10533	conserved hypothetical protein
JBHJCN010000004.1_68	71592	72242	651	1	0.630	11	GGAG/GAGG	NA	NA	NA	0	0	0	1	NA	NA	NA	NA	NA
JBHJCN010000004.1_69	72659	73228	570	-1	0.647	11	None	NA	NA	NA	0	0	0	1	NA	NA	NA	NA	NA
JBHJCN010000004.1_70	73584	74552	969	-1	0.654	11	GGA/GAG/AGG	NA	NA	NA	0	0	0	1	NA	NA	NA	NA	NA
JBHJCN010000004.1_71	74604	75044	441	-1	0.678	11	AGGAG	GENOMAD.158252.CP	1.559e-26	107	0	0	0	1	NA	NA	NA	PF01272;PF14760;COG0782;TIGR01461	Transcription elongation factor, GreA/GreB family
JBHJCN010000004.1_72	75542	76483	942	-1	0.631	11	GGA/GAG/AGG	NA	NA	NA	0	0	0	1	NA	NA	NA	NA	NA
JBHJCN010000004.1_73	76575	78167	1593	-1	0.650	11	AGGAG	NA	NA	NA	0	0	0	1	NA	NA	NA	NA	NA
JBHJCN010000004.1_74	78354	78917	564	-1	0.612	11	GGAG/GAGG	NA	NA	NA	0	0	0	1	NA	NA	NA	NA	NA
JBHJCN010000004.1_75	79120	79980	861	1	0.708	11	GGA/GAG/AGG	GENOMAD.000115.CC	9.319e-10	62	0	0	0	1	NA	NA	NA	PF17827;TIGR00536;COG2890	PrmC N-terminal domain
JBHJCN010000004.1_76	80215	81156	942	1	0.650	11	AGGA	NA	NA	NA	0	0	0	1	NA	NA	NA	NA	NA
JBHJCN010000004.1_77	81365	82150	786	-1	0.688	11	GGA/GAG/AGG	GENOMAD.171214.CP	2.103e-67	231	0	0	0	1	NA	NA	NA	PF05013;COG3931;TIGR02017;K01458	Predicted N-formylglutamate amidohydrolase
JBHJCN010000004.1_78	82143	82694	552	-1	0.650	11	GGA/GAG/AGG	NA	NA	NA	0	0	0	1	NA	NA	NA	NA	NA
JBHJCN010000004.1_79	82691	83677	987	-1	0.683	11	None	GENOMAD.119108.VC	1.663e-05	49	0	0	1	2156	Autographiviridae	NA	NA	PF09293;TIGR00593;K23786;COG0258	DNA polymerase I
JBHJCN010000004.1_80	83674	84249	576	-1	0.700	11	None	GENOMAD.134026.CP	1.391e-29	118	0	0	0	1	NA	NA	NA	PF14512;COG3560;TIGR03553;K19286	Fatty acid repression mutant protein (predicted oxidoreductase)
JBHJCN010000004.1_81	84830	87187	2358	1	0.668	11	GGAG/GAGG	GENOMAD.112718.CP	7.009e-192	618	0	0	0	1	NA	NA	NA	PF07793	NA
JBHJCN010000004.1_82	87334	88431	1098	1	0.690	11	GGAG/GAGG	NA	NA	NA	0	0	0	1	NA	NA	NA	NA	NA
JBHJCN010000004.1_83	88834	89169	336	-1	0.670	11	GGA/GAG/AGG	GENOMAD.145856.CV	7e-44	155	0	0	0	1	NA	NA	NA	NA	NA
JBHJCN010000004.1_84	89331	89681	351	-1	0.724	11	GGAG/GAGG	NA	NA	NA	0	0	0	1	NA	NA	NA	NA	NA
JBHJCN010000004.1_85	89678	90241	564	-1	0.661	11	GGA/GAG/AGG	NA	NA	NA	0	0	0	1	NA	NA	NA	NA	NA
JBHJCN010000004.1_86	90365	90670	306	1	0.621	11	GGAG/GAGG	NA	NA	NA	0	0	0	1	NA	NA	NA	NA	NA
JBHJCN010000004.1_87	90667	92124	1458	1	0.654	11	GGA/GAG/AGG	NA	NA	NA	0	0	0	1	NA	NA	NA	NA	NA
JBHJCN010000004.1_88	92690	93109	420	-1	0.707	11	AGGAG	NA	NA	NA	0	0	0	1	NA	NA	NA	NA	NA
JBHJCN010000004.1_89	93296	93850	555	1	0.638	11	None	NA	NA	NA	0	0	0	1	NA	NA	NA	NA	NA
JBHJCN010000004.1_90	93915	95000	1086	1	0.665	11	AGGA	NA	NA	NA	0	0	0	1	NA	NA	NA	NA	NA
JBHJCN010000004.1_91	95308	97041	1734	1	0.675	11	GGA/GAG/AGG	NA	NA	NA	0	0	0	1	NA	NA	NA	NA	NA
JBHJCN010000004.1_92	97300	98709	1410	1	0.685	11	AGGA	NA	NA	NA	0	0	0	1	NA	NA	NA	NA	NA
JBHJCN010000004.1_93	99052	100749	1698	1	0.681	11	GGAGG	NA	NA	NA	0	0	0	1	NA	NA	NA	NA	NA
JBHJCN010000004.1_94	100948	101421	474	-1	0.654	11	None	NA	NA	NA	0	0	0	1	NA	NA	NA	NA	NA
JBHJCN010000004.1_95	101426	101911	486	-1	0.593	11	AGGA	NA	NA	NA	0	0	0	1	NA	NA	NA	NA	NA
JBHJCN010000004.1_96	102420	103640	1221	1	0.635	11	GGAG/GAGG	NA	NA	NA	0	0	0	1	NA	NA	NA	NA	NA
JBHJCN010000004.1_97	103863	104192	330	-1	0.712	11	GGA/GAG/AGG	GENOMAD.041684.CC	3.497e-42	150	0	0	0	1	NA	NA	NA	PF09842;COG3308	Predicted membrane protein (DUF2069)
JBHJCN010000004.1_98	104204	104800	597	-1	0.695	11	AGxAGG/AGGxGG	NA	NA	NA	0	0	0	1	NA	NA	NA	NA	NA
JBHJCN010000004.1_99	104912	106189	1278	1	0.658	11	None	GENOMAD.133044.CP	5.805e-30	127	0	0	0	1	NA	NA	NA	PF03631;TIGR00765;COG1295;K07058	YihY family inner membrane protein
JBHJCN010000004.1_100	106186	106797	612	1	0.693	11	GGAG/GAGG	NA	NA	NA	0	0	0	1	NA	NA	NA	NA	NA
JBHJCN010000004.1_101	106797	107063	267	1	0.723	11	AGxAGG/AGGxGG	NA	NA	NA	0	0	0	1	NA	NA	NA	NA	NA
JBHJCN010000004.1_102	107149	108378	1230	1	0.691	11	GGA/GAG/AGG	NA	NA	NA	0	0	0	1	NA	NA	NA	NA	NA
JBHJCN010000004.1_103	108360	109142	783	-1	0.645	11	GGA/GAG/AGG	GENOMAD.107364.VV	2.186e-34	135	0	0	0	1	NA	NA	NA	PF03976;K22468;TIGR03709;COG2326	polyphosphate:nucleotide phosphotransferase, PPK2 family
JBHJCN010000004.1_104	109175	109693	519	-1	0.661	11	GGA/GAG/AGG	GENOMAD.116561.CP	4.813e-34	130	0	0	0	1	NA	NA	NA	PF00994;K03638;COG0521;TIGR00177	Molybdopterin biosynthesis enzyme MoaB
JBHJCN010000004.1_105	110096	111802	1707	-1	0.671	11	GGA/GAG/AGG	NA	NA	NA	0	0	0	1	NA	NA	NA	NA	NA
JBHJCN010000004.1_106	111799	112884	1086	-1	0.652	11	GGA/GAG/AGG	GENOMAD.058649.CP	1.11e-18	91	0	0	0	1	NA	NA	NA	PF03462;COG0216;TIGR00019	PCRF domain
JBHJCN010000004.1_107	112862	114160	1299	-1	0.671	11	None	GENOMAD.079440.CP	1.358e-85	292	0	0	0	1	NA	NA	NA	PF05201;PF01488;K02492;TIGR01035;COG0373	glutamyl-tRNA reductase
JBHJCN010000004.1_108	114226	115914	1689	1	0.693	11	None	GENOMAD.120548.CP	1.016e-270	835	0	0	0	1	NA	NA	NA	COG3898;K09667	Pre-mRNA 3'-end processing (cleavage and polyadenylation) factor
JBHJCN010000004.1_109	115911	116564	654	1	0.713	11	GGA/GAG/AGG	GENOMAD.105767.CP	1.807e-38	145	0	0	0	1	NA	NA	NA	PF03550;K02494;TIGR00548;COG3017	Outer membrane lipoprotein LolB
JBHJCN010000004.1_110	116546	117433	888	1	0.682	11	None	NA	NA	NA	0	0	0	1	NA	NA	NA	NA	NA
JBHJCN010000004.1_111	117679	118638	960	1	0.649	11	GGA/GAG/AGG	NA	NA	NA	0	0	0	1	NA	NA	NA	NA	NA
JBHJCN010000004.1_112	118747	119382	636	1	0.610	11	GGA/GAG/AGG	GENOMAD.059655.CP	7.149e-27	111	0	0	0	1	NA	NA	NA	PF01386;PF14693;TIGR00731;K02897;COG1825	ribosomal protein bL25, Ctc-form
JBHJCN010000004.1_113	119434	120015	582	1	0.639	11	None	GENOMAD.099157.CV	5.49e-60	206	1	0	0	1246	Caudoviricetes	NA	NA	PF01195;K01056;COG0193;TIGR00447	Peptidyl-tRNA hydrolase
JBHJCN010000004.1_114	120093	121184	1092	1	0.628	11	GGA/GAG/AGG	NA	NA	NA	0	0	0	1	NA	NA	NA	NA	NA
JBHJCN010000004.1_115	121683	122873	1191	1	0.634	11	GGA/GAG/AGG	NA	NA	NA	0	0	0	1	NA	NA	NA	NA	NA
JBHJCN010000004.1_116	123105	123512	408	1	0.583	11	None	GENOMAD.085104.CV	6.794e-72	237	0	0	0	1	NA	NA	NA	PF00584;TIGR00964;COG0690	preprotein translocase, SecE subunit, bacterial
JBHJCN010000004.1_117	123526	124083	558	1	0.602	11	AGGAG	GENOMAD.116512.CV	6.882e-26	107	0	0	0	1246	Caudoviricetes	NA	NA	PF02357;PF00467;K02601;TIGR00922;COG0250	transcription termination/antitermination factor NusG
JBHJCN010000004.1_118	124282	124710	429	1	0.615	11	GGAG/GAGG	NA	NA	NA	0	0	0	1	NA	NA	NA	NA	NA
JBHJCN010000004.1_119	124714	125412	699	1	0.649	11	GGAGG	NA	NA	NA	0	0	0	1	NA	NA	NA	NA	NA
JBHJCN010000004.1_120	125955	126488	534	1	0.639	11	GGAGG	GENOMAD.081842.CV	1.232e-24	103	1	0	0	1	NA	NA	NA	PF00466;K02864;COG0244	Ribosomal protein L10
JBHJCN010000004.1_121	126543	126908	366	1	0.598	11	GGA/GAG/AGG	GENOMAD.114551.CV	1.217e-26	106	1	0	0	1246	Caudoviricetes	NA	NA	PF16320;PF00542;COG0222;TIGR00855	Ribosomal protein L7/L12
JBHJCN010000004.1_122	127200	131351	4152	1	0.625	11	GGA/GAG/AGG	GENOMAD.061759.CV	1.468e-38	161	1	0	0	1	NA	NA	NA	PF04563;K03043;TIGR02013;COG0085	DNA-directed RNA polymerase, beta subunit
JBHJCN010000004.1_123	131452	135666	4215	1	0.633	11	GGAG/GAGG	GENOMAD.052211.CC	1.146e-30	135	0	0	0	1	NA	NA	NA	PF21668	DNA-directed RNA polymerase subunit beta', hybrid domain
JBHJCN010000004.1_124	135885	136259	375	1	0.624	11	None	NA	NA	NA	0	0	0	1	NA	NA	NA	NA	NA
JBHJCN010000004.1_125	136272	136739	468	1	0.583	11	AGGA	GENOMAD.031610.CC	1.187e-50	177	1	0	0	1	NA	NA	NA	PF00177;K02992;COG0049;TIGR01029	Ribosomal protein S7
JBHJCN010000004.1_126	136877	138994	2118	1	0.619	11	GGAG/GAGG	NA	NA	NA	0	0	0	1	NA	NA	NA	NA	NA
JBHJCN010000004.1_127	139043	140233	1191	1	0.633	11	GGAG/GAGG	NA	NA	NA	0	0	0	1	NA	NA	NA	NA	NA
JBHJCN010000004.1_128	140521	141195	675	-1	0.625	11	GGA/GAG/AGG	NA	NA	NA	0	0	0	1	NA	NA	NA	NA	NA
JBHJCN010000004.1_129	141925	142035	111	-1	0.550	11	GGA/GAG/AGG	NA	NA	NA	0	0	0	1	NA	NA	NA	NA	NA
JBHJCN010000004.1_130	142203	142538	336	1	0.583	11	AGGA	GENOMAD.059523.CP	2.496e-06	47	1	0	0	1	NA	NA	NA	PF00338;COG0051;TIGR01049	Ribosomal protein S10p/S20e
JBHJCN010000004.1_131	142550	143200	651	1	0.630	11	GGAG/GAGG	GENOMAD.057410.CP	8.978e-26	108	1	0	0	1	NA	NA	NA	TIGR03625;COG0087	50S ribosomal protein uL3, bacterial form
JBHJCN010000004.1_132	143213	143818	606	1	0.609	11	AGGAG	GENOMAD.060214.CV	1.046e-27	113	1	0	0	1	NA	NA	NA	PF00573;COG0088;K02926;TIGR03953	Ribosomal protein L4
JBHJCN010000004.1_133	143815	144114	300	1	0.567	11	AGGAG	GENOMAD.058867.CV	2.788e-24	98	1	0	0	1	NA	NA	NA	PF00276;COG0089;TIGR03636;K02892	Ribosomal protein L23
JBHJCN010000004.1_134	144125	144952	828	1	0.644	11	GGAG/GAGG	GENOMAD.058738.CV	1.958e-65	226	1	0	0	1	NA	NA	NA	PF03947;TIGR01171;COG0090	ribosomal protein L2, bacterial/organellar
JBHJCN010000004.1_135	144959	145228	270	1	0.570	11	GGA/GAG/AGG	GENOMAD.058748.CV	3.31e-41	146	1	0	0	1	NA	NA	NA	PF00203;K02965;COG0185;TIGR01050	Ribosomal protein S19
JBHJCN010000004.1_136	145241	145576	336	1	0.604	11	AGGAG	GENOMAD.058918.CV	5.748e-38	138	1	0	0	1	NA	NA	NA	PF00237;K02890;COG0091;TIGR01044	Ribosomal protein L22
JBHJCN010000004.1_137	145594	146328	735	1	0.611	11	AGGA	GENOMAD.000002.CC	2.473e-47	172	1	0	0	1	NA	NA	NA	PF05316;K02982;TIGR01009;COG0092	ribosomal protein S3, bacterial type
JBHJCN010000004.1_138	146334	146747	414	1	0.618	11	GGAG/GAGG	GENOMAD.061469.CV	7.329e-64	214	1	0	0	1	NA	NA	NA	PF00252;K02878;TIGR01164;COG0197	ribosomal protein L16, bacterial/organelle
JBHJCN010000004.1_139	146747	146932	186	1	0.602	11	GGA/GAG/AGG	GENOMAD.000093.CC	1.118e-09	54	1	0	0	1	NA	NA	NA	PF00831;COG0255;K02904;TIGR00012	Ribosomal protein L29
JBHJCN010000004.1_140	146944	147213	270	1	0.578	11	AGGA	GENOMAD.051620.CP	1.756e-24	98	1	0	0	1	NA	NA	NA	PF00366;TIGR03635;COG0186	ribosomal protein uS17, bacterial form
JBHJCN010000004.1_141	147228	147596	369	1	0.604	11	GGAG/GAGG	GENOMAD.000007.CC	9.663e-54	184	1	0	0	1	NA	NA	NA	PF00238;COG0093;TIGR01067	Ribosomal protein L14
JBHJCN010000004.1_142	147612	147929	318	1	0.613	11	GGAGG	GENOMAD.000028.CC	4.404e-30	115	1	0	0	1	NA	NA	NA	PF17136;PF00467;K02895;TIGR01079;COG0198	ribosomal protein L24, bacterial/organelle
JBHJCN010000004.1_143	147941	148483	543	1	0.575	11	GGAG/GAGG	GENOMAD.000004.CC	5.418e-88	286	1	0	0	1	NA	NA	NA	PF00673;PF00281;K02931;COG0094	Ribosomal protein L5
JBHJCN010000004.1_144	148502	148807	306	1	0.601	11	GGAG/GAGG	GENOMAD.119080.CP	5.13e-19	83	0	0	0	1	NA	NA	NA	PF00253;COG0199	Ribosomal protein S14
JBHJCN010000004.1_145	149013	149411	399	1	0.589	11	GGA/GAG/AGG	GENOMAD.000019.CC	1.493e-37	138	1	0	0	1	NA	NA	NA	PF00410;K02994;COG0096	Ribosomal protein S8
JBHJCN010000004.1_146	149427	149954	528	1	0.634	11	AGGA	GENOMAD.000001.CC	3.628e-56	194	1	0	0	1	NA	NA	NA	PF00347;K02933;TIGR03654;COG0097	ribosomal protein L6, bacterial type
JBHJCN010000004.1_147	150046	150405	360	1	0.636	11	AGGA	GENOMAD.076560.CV	3.366e-31	119	1	0	0	1	NA	NA	NA	PF00861;TIGR00060;COG0256;K02881	Ribosomal L18 of archaea, bacteria, mitoch. and chloroplast
JBHJCN010000004.1_148	150565	151107	543	1	0.624	11	AGGA	GENOMAD.000010.CC	3.001e-43	157	1	0	0	1	NA	NA	NA	PF00333;PF03719;TIGR01021;COG0098	ribosomal protein S5, bacterial/organelle type
JBHJCN010000004.1_149	151100	151291	192	1	0.583	11	GGAGG	GENOMAD.000237.CC	3.544e-07	47	0	0	0	1	NA	NA	NA	PF00327;TIGR01308;COG1841	ribosomal protein L30, bacterial/organelle
JBHJCN010000004.1_150	151296	151739	444	1	0.649	11	AGGAG	GENOMAD.000024.CC	3.604e-26	106	1	0	0	1	NA	NA	NA	PF00828;TIGR01071;K02876;COG0200	ribosomal protein L15, bacterial/organelle
JBHJCN010000004.1_151	151747	153111	1365	1	0.623	11	AGGAG	NA	NA	NA	0	0	0	1	NA	NA	NA	NA	NA
JBHJCN010000004.1_152	153444	153800	357	1	0.622	11	GGAG/GAGG	GENOMAD.000014.CC	3.938e-37	136	1	0	0	1	NA	NA	NA	PF00416;COG0099;TIGR03631;K02964	Ribosomal protein S13
JBHJCN010000004.1_153	153811	154203	393	1	0.621	11	GGA/GAG/AGG	GENOMAD.000013.CC	1.888e-50	175	1	0	0	1	NA	NA	NA	PF00411;K02948;COG0100;TIGR03628	Ribosomal protein S11
JBHJCN010000004.1_154	154219	154845	627	1	0.606	11	GGAG/GAGG	GENOMAD.079740.CV	7.36e-25	105	1	0	0	1246	Caudoviricetes	NA	NA	PF00163;K02986;TIGR01017;COG0522	Ribosomal protein S4/S9 N-terminal domain
JBHJCN010000004.1_155	154899	155897	999	1	0.620	11	AGGAG	GENOMAD.000031.CC	2.697e-79	269	1	0	0	1	NA	NA	NA	PF01193;K03040;TIGR02027;COG0202	DNA-directed RNA polymerase, alpha subunit, bacterial and chloroplast-type
JBHJCN010000004.1_156	156078	156461	384	1	0.651	11	AGGA	GENOMAD.000035.CC	3.616e-42	151	1	0	0	1	NA	NA	NA	PF01196;COG0203;TIGR00059	Ribosomal protein L17
JBHJCN010000004.1_157	156902	157420	519	1	0.628	11	GGA/GAG/AGG	GENOMAD.151766.CP	5.024e-24	101	0	0	0	1	NA	NA	NA	PF02600;K03611;COG1495	Disulfide bond formation protein DsbB
JBHJCN010000004.1_158	157926	160049	2124	-1	0.635	11	None	GENOMAD.140349.CP	1.015e-210	669	0	0	0	1	NA	NA	NA	PF14905;TIGR01783;COG4206;K16089	TonB-dependent siderophore receptor
JBHJCN010000004.1_159	160086	160271	186	-1	0.624	11	GGA/GAG/AGG	NA	NA	NA	0	0	0	1	NA	NA	NA	NA	NA
JBHJCN010000004.1_160	160296	161693	1398	1	0.642	11	AGGAG	NA	NA	NA	0	0	0	1	NA	NA	NA	NA	NA
JBHJCN010000004.1_161	161779	162906	1128	1	0.645	11	AGGAG	GENOMAD.132666.CP	2.865e-67	236	0	0	0	1	NA	NA	NA	COG0668;K03442	Small-conductance mechanosensitive channel
JBHJCN010000004.1_162	163147	164811	1665	-1	0.680	11	GGA/GAG/AGG	NA	NA	NA	0	0	0	1	NA	NA	NA	NA	NA
JBHJCN010000004.1_163	164901	165371	471	-1	0.669	11	GGA/GAG/AGG	GENOMAD.207570.CP	1.046e-26	108	0	0	0	1	NA	NA	NA	PF09900;COG4331	Uncharacterized membrane protein, DUF2068 family
JBHJCN010000004.1_164	165388	167217	1830	-1	0.633	11	GGA/GAG/AGG	NA	NA	NA	0	0	0	1	NA	NA	NA	NA	NA
JBHJCN010000004.1_165	167459	167953	495	1	0.655	11	AGGA	NA	NA	NA	0	0	0	1	NA	NA	NA	NA	NA
JBHJCN010000004.1_166	168071	169057	987	1	0.643	11	GGAG/GAGG	NA	NA	NA	0	0	0	1	NA	NA	NA	NA	NA
JBHJCN010000004.1_167	169142	169756	615	-1	0.610	11	None	NA	NA	NA	0	0	0	1	NA	NA	NA	NA	NA
JBHJCN010000004.1_168	170165	170626	462	-1	0.617	11	AGGAG	NA	NA	NA	0	0	0	1	NA	NA	NA	NA	NA
JBHJCN010000004.1_169	171978	174017	2040	-1	0.663	11	None	NA	NA	NA	0	0	0	1	NA	NA	NA	NA	NA
JBHJCN010000004.1_170	174221	174589	369	-1	0.667	11	None	NA	NA	NA	0	0	0	1	NA	NA	NA	NA	NA
JBHJCN010000004.1_171	174608	175243	636	-1	0.648	11	GGAG/GAGG	GENOMAD.147577.CP	2.471e-05	47	0	0	0	1	NA	NA	NA	PF16912;TIGR02197;K05886;COG1090	Glucose dehydrogenase C-terminus
JBHJCN010000004.1_172	175659	176756	1098	1	0.627	11	AGGAG	GENOMAD.032134.CC	1.977e-137	439	0	0	0	1	NA	NA	NA	PF05736;COG3047;TIGR04565;K16078	Outer membrane protein W
JBHJCN010000004.1_173	176949	177464	516	1	0.682	11	GGA/GAG/AGG	NA	NA	NA	0	0	0	1	NA	NA	NA	NA	NA
JBHJCN010000004.1_174	177550	178344	795	1	0.688	11	AGGA/GGAG/GAGG	GENOMAD.106866.CP	9.117e-19	89	0	0	0	1246	Caudoviricetes	NA	NA	COG1187	16S rRNA U516 pseudouridylate synthase RsuA and related 23S rRNA U2605, pseudouridylate synthases
JBHJCN010000004.1_175	178295	178687	393	-1	0.725	11	None	NA	NA	NA	0	0	0	1	NA	NA	NA	NA	NA
JBHJCN010000004.1_176	178690	179898	1209	-1	0.641	11	None	NA	NA	NA	0	0	0	1	NA	NA	NA	NA	NA
JBHJCN010000004.1_177	179989	181086	1098	1	0.648	11	GGAG/GAGG	GENOMAD.154793.CP	1.377e-132	425	0	0	0	1	NA	NA	NA	PF13531;K02048;TIGR00971;COG1613	sulfate/thiosulfate-binding protein
JBHJCN010000004.1_178	181141	181950	810	1	0.664	11	None	GENOMAD.116612.CP	3.597e-10	63	0	0	0	1	NA	NA	NA	PF00528;K02063;TIGR01253;COG1178	thiamine ABC transporter, permease protein
JBHJCN010000004.1_179	181947	182900	954	1	0.634	11	GGAGG	NA	NA	NA	0	0	0	1	NA	NA	NA	NA	NA
JBHJCN010000004.1_180	182908	183939	1032	1	0.673	11	GGAG/GAGG	NA	NA	NA	0	0	0	1	NA	NA	NA	NA	NA
JBHJCN010000004.1_181	184217	184933	717	1	0.587	11	AGGAG	NA	NA	NA	0	0	0	1	NA	NA	NA	NA	NA
JBHJCN010000004.1_182	185596	186630	1035	-1	0.633	11	GGA/GAG/AGG	NA	NA	NA	0	0	0	1	NA	NA	NA	NA	NA
JBHJCN010000004.1_183	186908	189241	2334	-1	0.632	11	AGGA	GENOMAD.178349.CP	2.219e-125	423	0	0	0	1	NA	NA	NA	COG4773;K16091	Outer membrane receptor for ferric coprogen and ferric-rhodotorulic acid
JBHJCN010000004.1_184	189438	191537	2100	1	0.668	11	GGA/GAG/AGG	NA	NA	NA	0	0	0	1	NA	NA	NA	NA	NA
JBHJCN010000004.1_185	192486	192836	351	1	0.632	11	GGA/GAG/AGG	NA	NA	NA	0	0	0	1	NA	NA	NA	NA	NA
JBHJCN010000004.1_186	192927	193571	645	1	0.656	11	AGGA/GGAG/GAGG	GENOMAD.119230.CP	5.426e-05	46	0	0	0	1	NA	NA	NA	PF00300;TIGR03848;K15634;COG0406	probable phosphomutase, MSMEG_4193 family
JBHJCN010000004.1_187	193901	195199	1299	1	0.684	11	None	GENOMAD.110250.CP	8.218e-38	151	0	0	0	1	NA	NA	NA	PF08245;PF02875;K11754;TIGR01499;COG0285	folylpolyglutamate synthase/dihydrofolate synthase
JBHJCN010000004.1_188	195267	196334	1068	1	0.707	11	None	GENOMAD.001067.CC	1.106e-06	53	0	0	0	1	NA	NA	NA	PF05036	SPOR domain
JBHJCN010000004.1_189	196548	197294	747	1	0.665	11	GGAG/GAGG	GENOMAD.087219.CP	2.517e-68	233	0	0	0	1	NA	NA	NA	K03558;COG1286	Uncharacterized membrane protein, required for colicin V production
JBHJCN010000004.1_190	197325	198791	1467	1	0.646	11	GGAG/GAGG	NA	NA	NA	0	0	0	1	NA	NA	NA	NA	NA
JBHJCN010000004.1_191	198945	199811	867	1	0.677	11	None	GENOMAD.109682.CP	3.518e-64	223	0	0	0	1	NA	NA	NA	PF04305;COG2833;TIGR04059	Uncharacterized conserved protein, contains ferritin-like DUF455 domain
JBHJCN010000004.1_192	200382	201635	1254	1	0.648	11	AGGAG	NA	NA	NA	0	0	0	1	NA	NA	NA	NA	NA
JBHJCN010000004.1_193	201770	202189	420	1	0.676	11	GGAG/GAGG	NA	NA	NA	0	0	0	1	NA	NA	NA	NA	NA
JBHJCN010000004.1_194	202372	203115	744	-1	0.664	11	None	GENOMAD.000748.CC	1.572e-44	164	0	0	0	1	NA	NA	NA	PF04042;K03269;TIGR01854;COG2908	UDP-2,3-diacylglucosamine diphosphatase
JBHJCN010000004.1_195	203638	204180	543	-1	0.659	11	GGxGG	GENOMAD.142094.CP	6.73e-10	60	0	0	0	1	NA	NA	NA	PF19279;PF00781;PF01569;TIGR03702;K07029;COG1597	lipid kinase YegS
JBHJCN010000004.1_196	204161	205297	1137	-1	0.662	11	GGAG/GAGG	NA	NA	NA	0	0	0	1	NA	NA	NA	NA	NA
JBHJCN010000004.1_197	205521	207047	1527	-1	0.655	11	None	GENOMAD.105891.CP	3.615e-99	335	0	0	0	1	NA	NA	NA	PF02541;COG0248;K01524;TIGR03706	Exopolyphosphatase/pppGpp-phosphohydrolase
JBHJCN010000004.1_198	207220	209322	2103	-1	0.645	11	None	NA	NA	NA	0	0	0	1	NA	NA	NA	NA	NA
JBHJCN010000004.1_199	209435	210763	1329	-1	0.674	11	None	GENOMAD.003036.CC	1.092e-12	73	0	0	0	1	NA	NA	NA	PF11808	Phosphate regulon sensor protein PhoR
JBHJCN010000004.1_200	210837	211526	690	-1	0.662	11	None	NA	NA	NA	0	0	0	1	NA	NA	NA	NA	NA
JBHJCN010000004.1_201	211709	213415	1707	-1	0.678	11	None	GENOMAD.111480.CP	9.889e-06	51	0	0	0	1	NA	NA	NA	PF01435;K01423;COG4784	Putative Zn-dependent protease
JBHJCN010000004.1_202	213505	213813	309	1	0.654	11	GGAG/GAGG	NA	NA	NA	0	0	0	1	NA	NA	NA	NA	NA
JBHJCN010000004.1_203	213810	214205	396	1	0.667	11	GGxGG	GENOMAD.146284.CP	2.407e-48	169	0	0	0	1	NA	NA	NA	PF02627;TIGR04169;COG0599	alkylhydroperoxidase/carboxymuconolactone decarboxylase family protein
JBHJCN010000004.1_204	214432	215439	1008	1	0.649	11	GGA/GAG/AGG	GENOMAD.152541.CP	3.544e-05	48	0	0	0	1246	Caudoviricetes	NA	NA	PF03971;TIGR00178;COG2838;K00031	Monomeric isocitrate dehydrogenase
JBHJCN010000004.1_205	215573	216334	762	-1	0.634	11	GGAG/GAGG	NA	NA	NA	0	0	0	1	NA	NA	NA	NA	NA
JBHJCN010000004.1_206	217352	218605	1254	-1	0.659	11	None	NA	NA	NA	0	0	0	1	NA	NA	NA	NA	NA
JBHJCN010000004.1_207	219140	220432	1293	1	0.656	11	AGGAG	GENOMAD.116598.CV	2.973e-30	128	0	0	0	1246	Caudoviricetes	NA	NA	PF05697;K03545;COG0544;TIGR00115	FKBP-type peptidyl-prolyl cis-trans isomerase (trigger factor)
JBHJCN010000004.1_208	220525	221151	627	1	0.627	11	GGA/GAG/AGG	GENOMAD.092312.VV	0.0001055	45	0	0	0	1246	Caudoviricetes	NA	NA	NA	NA
JBHJCN010000004.1_209	221277	222563	1287	1	0.608	11	None	GENOMAD.143062.VC	0.0004498	45	0	0	0	1	NA	NA	NA	PF06689;TIGR00382	endopeptidase Clp ATP-binding regulatory subunit (clpX)
JBHJCN010000004.1_210	222708	225179	2472	1	0.635	11	GGAG/GAGG	GENOMAD.030096.VV	1.106e-10	68	0	0	0	3505	Mimiviridae	NA	NA	PF09159	Mitochondrial resolvase Ydc2 / RNA splicing MRS1
JBHJCN010000004.1_211	225393	225665	273	1	0.571	11	GGAG/GAGG	NA	NA	NA	0	0	0	1	NA	NA	NA	NA	NA
JBHJCN010000004.1_212	226305	228275	1971	1	0.648	11	None	GENOMAD.116255.CP	5.638e-61	227	0	0	0	1	NA	NA	NA	PF13623;PF13145;K03770;TIGR04142;COG0760	putative peptidyl-prolyl cis-trans isomerase, LIC12922 family
JBHJCN010000004.1_213	228931	230109	1179	-1	0.671	11	None	NA	NA	NA	0	0	0	1	NA	NA	NA	NA	NA
JBHJCN010000004.1_214	230283	230480	198	1	0.631	11	AGGA	NA	NA	NA	0	0	0	1	NA	NA	NA	NA	NA
JBHJCN010000004.1_215	230532	231542	1011	1	0.700	11	None	GENOMAD.002432.CC	1.501e-56	203	0	0	0	1	NA	NA	NA	PF06859;COG4627	Predicted SAM-depedendent methyltransferase
JBHJCN010000004.1_216	231570	232022	453	1	0.634	11	GGA/GAG/AGG	NA	NA	NA	0	0	0	1	NA	NA	NA	NA	NA
JBHJCN010000004.1_217	232031	232765	735	1	0.641	11	GGA/GAG/AGG	NA	NA	NA	0	0	0	1	NA	NA	NA	NA	NA
JBHJCN010000004.1_218	232807	233511	705	-1	0.670	11	None	NA	NA	NA	0	0	0	1	NA	NA	NA	NA	NA
JBHJCN010000004.1_219	234068	235369	1302	1	0.502	11	None	NA	NA	NA	0	0	0	1	NA	NA	NA	NA	NA
JBHJCN010000004.1_220	236200	236484	285	-1	0.558	11	AGGAG	NA	NA	NA	0	0	0	1	NA	NA	NA	NA	NA
JBHJCN010000004.1_221	236510	236896	387	1	0.571	11	None	NA	NA	NA	0	0	0	1	NA	NA	NA	NA	NA
JBHJCN010000004.1_222	236909	237415	507	1	0.535	11	None	NA	NA	NA	0	0	0	1	NA	NA	NA	NA	NA
JBHJCN010000004.1_223	238571	239944	1374	-1	0.483	11	None	NA	NA	NA	0	0	0	1	NA	NA	NA	NA	NA
JBHJCN010000004.1_224	240807	240998	192	1	0.385	11	GGA/GAG/AGG	NA	NA	NA	0	0	0	1	NA	NA	NA	NA	NA
JBHJCN010000004.1_225	241999	242739	741	-1	0.553	11	AGGA	NA	NA	NA	0	0	0	1	NA	NA	NA	NA	NA
JBHJCN010000004.1_226	242979	243212	234	1	0.581	11	AGGA	NA	NA	NA	0	0	0	1	NA	NA	NA	NA	NA
JBHJCN010000004.1_227	243597	244001	405	1	0.605	11	GGAGG	NA	NA	NA	0	0	0	1	NA	NA	NA	NA	NA
JBHJCN010000004.1_228	244213	245262	1050	-1	0.678	11	GGA/GAG/AGG	NA	NA	NA	0	0	0	1	NA	NA	NA	NA	NA
JBHJCN010000004.1_229	245283	246032	750	1	0.676	11	None	GENOMAD.005386.CC	2.256e-40	152	0	0	0	1	NA	NA	NA	PF06293;K11211;TIGR00938;COG3231	Lipopolysaccharide kinase (Kdo/WaaP) family
JBHJCN010000004.1_230	246032	246781	750	1	0.672	11	None	NA	NA	NA	0	0	0	1	NA	NA	NA	NA	NA
JBHJCN010000004.1_231	246781	247812	1032	1	0.667	11	None	GENOMAD.126387.CP	2.423e-30	126	0	0	0	1	NA	NA	NA	PF06463	Molybdenum Cofactor Synthesis C
JBHJCN010000004.1_232	247809	248189	381	1	0.654	11	None	NA	NA	NA	0	0	0	1	NA	NA	NA	NA	NA
JBHJCN010000004.1_233	248214	248711	498	1	0.643	11	None	NA	NA	NA	0	0	0	1	NA	NA	NA	NA	NA
JBHJCN010000004.1_234	248708	248953	246	1	0.671	11	GGAG/GAGG	GENOMAD.133117.CP	2.304e-33	123	0	0	0	1	NA	NA	NA	PF14451;K21142;TIGR01682;COG1977	molybdopterin converting factor, subunit 1, non-archaeal
JBHJCN010000004.1_235	248956	249396	441	1	0.660	11	GGAGG	GENOMAD.118707.CP	1.68e-16	78	0	0	0	1	NA	NA	NA	PF02391;PF19842;COG0314;K03635;TIGR00176	Molybdopterin synthase catalytic subunit
JBHJCN010000004.1_236	250817	250939	123	-1	0.439	11	GGA/GAG/AGG	NA	NA	NA	0	0	0	1	NA	NA	NA	NA	NA
JBHJCN010000004.1_237	251270	251485	216	1	0.481	11	GGAG/GAGG	NA	NA	NA	0	0	0	1	NA	NA	NA	NA	NA
JBHJCN010000004.1_238	251474	252415	942	-1	0.517	11	None	GENOMAD.064510.VV	1.234e-22	102	0	0	0	1246	Caudoviricetes	NA	NA	PF09225;PF01555;K24451;COG0863	Restriction endonuclease PvuII; DNA methylase
JBHJCN010000004.1_239	252586	252966	381	-1	0.598	11	AGGAG/GGAGG	NA	NA	NA	0	0	0	1	NA	NA	NA	NA	NA
JBHJCN010000004.1_240	252963	253274	312	-1	0.635	11	None	NA	NA	NA	0	0	0	1	NA	NA	NA	NA	NA
JBHJCN010000005.1_1	262	1473	1212	-1	0.632	11	GGAG/GAGG	GENOMAD.171925.VC	1.775e-12	72	0	0	0	1246	Caudoviricetes	NA	NA	PF00579;K01866;TIGR00234;COG0162	tyrosyl-tRNA synthetase
JBHJCN010000005.1_2	1644	3062	1419	1	0.653	11	GGAG/GAGG	GENOMAD.141512.CP	1.361e-17	89	0	0	0	1	NA	NA	NA	PF19425	Csd3 second domain
JBHJCN010000005.1_3	3442	4575	1134	1	0.693	11	None	GENOMAD.136642.CP	1.114e-35	143	0	0	0	1	NA	NA	NA	PF03702;COG2377;K09001	1,6-Anhydro-N-acetylmuramate kinase
JBHJCN010000005.1_4	4617	4844	228	-1	0.636	11	GGAG/GAGG	NA	NA	NA	0	0	0	1	NA	NA	NA	NA	NA
JBHJCN010000005.1_5	4903	6198	1296	-1	0.655	11	GGAG/GAGG	NA	NA	NA	0	0	0	1	NA	NA	NA	NA	NA
JBHJCN010000005.1_6	6518	7318	801	-1	0.653	11	None	NA	NA	NA	0	0	0	1	NA	NA	NA	NA	NA
JBHJCN010000005.1_7	7437	8096	660	1	0.688	11	None	GENOMAD.134037.CV	2.935e-19	89	0	0	0	1246	Caudoviricetes	NA	NA	PF15609;K00762;TIGR00336;COG0461	orotate phosphoribosyltransferase
JBHJCN010000005.1_8	8119	8796	678	1	0.678	11	GGA/GAG/AGG	GENOMAD.007942.CC	5.593e-57	199	0	0	0	1	NA	NA	NA	NA	NA
JBHJCN010000005.1_9	8911	9708	798	1	0.664	11	GGAG/GAGG	NA	NA	NA	0	0	0	1	NA	NA	NA	NA	NA
JBHJCN010000005.1_10	9708	10637	930	1	0.691	11	GGAG/GAGG	NA	NA	NA	0	0	0	1	NA	NA	NA	NA	NA
JBHJCN010000005.1_11	10671	10979	309	1	0.680	11	AGGA/GGAG/GAGG	GENOMAD.161585.CV	2.957e-17	78	0	0	0	1	NA	NA	NA	PF11731;K06193	Pathogenicity locus
JBHJCN010000005.1_12	11184	12149	966	1	0.665	11	AGGA	NA	NA	NA	0	0	0	1	NA	NA	NA	NA	NA
JBHJCN010000005.1_13	12509	13231	723	1	0.669	11	None	NA	NA	NA	0	0	0	1	NA	NA	NA	NA	NA
JBHJCN010000005.1_14	13231	13572	342	1	0.596	11	AGGA	NA	NA	NA	0	0	0	1	NA	NA	NA	NA	NA
JBHJCN010000005.1_15	13945	14517	573	1	0.675	11	GGA/GAG/AGG	NA	NA	NA	0	0	0	1	NA	NA	NA	NA	NA
JBHJCN010000005.1_16	14630	16975	2346	-1	0.679	11	GGA/GAG/AGG	NA	NA	NA	0	0	0	1	NA	NA	NA	NA	NA
JBHJCN010000005.1_17	16989	17456	468	-1	0.688	11	GGA/GAG/AGG	GENOMAD.074923.VV	1.125e-15	76	0	0	0	1246	Caudoviricetes	NA	NA	PF00692;COG0756;TIGR00576;K04068	dUTPase
JBHJCN010000005.1_18	17453	18727	1275	-1	0.699	11	AGGA	NA	NA	NA	0	0	0	1	NA	NA	NA	NA	NA
JBHJCN010000005.1_19	18770	19501	732	1	0.706	11	None	NA	NA	NA	0	0	0	1	NA	NA	NA	NA	NA
JBHJCN010000005.1_20	19589	21277	1689	1	0.661	11	None	GENOMAD.091942.CP	6.137e-11	68	0	0	0	1	NA	NA	NA	PF03485;PF05746	Arginyl tRNA synthetase N terminal domain; DALR anticodon binding domain
JBHJCN010000005.1_21	21457	22341	885	1	0.715	11	GGAG/GAGG	GENOMAD.001436.CC	6.315e-98	321	0	0	0	1	NA	NA	NA	NA	NA
JBHJCN010000005.1_22	22369	22881	513	1	0.725	11	None	GENOMAD.214208.CP	5.686e-06	48	0	0	0	1	NA	NA	NA	NA	NA
JBHJCN010000005.1_23	22919	23674	756	1	0.684	11	GGAG/GAGG	NA	NA	NA	0	0	0	1	NA	NA	NA	NA	NA
JBHJCN010000005.1_24	23921	24730	810	-1	0.653	11	None	NA	NA	NA	0	0	0	1	NA	NA	NA	NA	NA
JBHJCN010000005.1_25	25184	26512	1329	-1	0.691	11	GGAG/GAGG	NA	NA	NA	0	0	0	1	NA	NA	NA	NA	NA
JBHJCN010000005.1_26	26505	28253	1749	-1	0.675	11	None	GENOMAD.177921.CP	6.147e-07	55	0	0	0	1	NA	NA	NA	PF00975;COG3208;TIGR01738;K12242	Surfactin synthase thioesterase subunit
JBHJCN010000005.1_27	28298	30505	2208	-1	0.643	11	AGGA	GENOMAD.171718.CP	2.823e-05	50	0	0	0	1	NA	NA	NA	PF00501;TIGR03098;K02182;COG1021	acyl-CoA ligase (AMP-forming), exosortase A-associated
JBHJCN010000005.1_28	31378	33264	1887	-1	0.649	11	GGA/GAG/AGG	GENOMAD.092845.CP	2.712e-156	507	0	0	0	1	NA	NA	NA	PF02784;PF17810;PF17944;COG1166;K01583;TIGR01273	Arginine decarboxylase (spermidine biosynthesis)
JBHJCN010000005.1_29	33486	34343	858	1	0.633	11	AGGA	NA	NA	NA	0	0	0	1	NA	NA	NA	NA	NA
JBHJCN010000005.1_30	34712	35323	612	-1	0.623	11	GGA/GAG/AGG	GENOMAD.215702.CP	1.557e-22	98	0	0	0	1	NA	NA	NA	PF08000;PF09851	Bacterial PH domain; Short C-terminal domain
JBHJCN010000005.1_31	35508	35690	183	-1	0.536	11	GGAG/GAGG	NA	NA	NA	0	0	0	1	NA	NA	NA	NA	NA
JBHJCN010000005.1_32	36870	37526	657	1	0.661	11	GGAG/GAGG	GENOMAD.142991.CP	3.245e-15	77	0	0	0	1	NA	NA	NA	PF01633;COG2112;K13419;TIGR03724	Predicted Ser/Thr protein kinase
JBHJCN010000005.1_33	37730	39715	1986	-1	0.669	11	GGAG/GAGG	GENOMAD.142438.CP	1.329e-09	64	0	0	0	1246	Caudoviricetes	NA	NA	PF02838;COG3661	Glycosyl hydrolase family 20, domain 2
JBHJCN010000005.1_34	40193	40531	339	-1	0.640	11	GGA/GAG/AGG	NA	NA	NA	0	0	0	1	NA	NA	NA	NA	NA
JBHJCN010000005.1_35	40721	40999	279	1	0.699	11	GGAG/GAGG	GENOMAD.097670.CP	3.087e-20	86	0	0	0	1	NA	NA	NA	PF04380;COG2960	Uncharacterized conserved protein YqiC, BMFP domain
JBHJCN010000005.1_36	41015	42535	1521	1	0.699	11	GGA/GAG/AGG	NA	NA	NA	0	0	0	1	NA	NA	NA	NA	NA
JBHJCN010000005.1_37	42875	43384	510	1	0.639	11	GGAG/GAGG	NA	NA	NA	0	0	0	1	NA	NA	NA	NA	NA
JBHJCN010000005.1_38	43608	43784	177	-1	0.633	11	GGAGG	NA	NA	NA	0	0	0	1	NA	NA	NA	NA	NA
JBHJCN010000005.1_39	44164	45726	1563	1	0.672	11	AGxAGG/AGGxGG	GENOMAD.178996.PC	9.079e-23	106	0	0	0	1	NA	NA	NA	PF12792;K21090;COG4943	CSS motif domain associated with EAL
JBHJCN010000005.1_40	45791	46912	1122	-1	0.645	11	AGGA	NA	NA	NA	0	0	0	1	NA	NA	NA	NA	NA
JBHJCN010000005.1_41	46922	47998	1077	-1	0.691	11	None	NA	NA	NA	0	0	0	1	NA	NA	NA	NA	NA
JBHJCN010000005.1_42	48091	48738	648	1	0.662	11	None	GENOMAD.166505.CP	4.712e-23	100	0	0	0	1	NA	NA	NA	PF00440;K22105;TIGR03384;COG1309	transcriptional repressor BetI
JBHJCN010000005.1_43	50403	51527	1125	1	0.642	11	AGGAG	NA	NA	NA	0	0	0	1	NA	NA	NA	NA	NA
JBHJCN010000005.1_44	51582	52805	1224	1	0.639	11	GGA/GAG/AGG	NA	NA	NA	0	0	0	1	NA	NA	NA	NA	NA
JBHJCN010000005.1_45	53011	53811	801	1	0.654	11	GGAGG	GENOMAD.215480.PC	8.192e-12	68	0	0	0	1	NA	NA	NA	NA	NA
JBHJCN010000005.1_46	54079	54948	870	-1	0.636	11	None	NA	NA	NA	0	0	0	1	NA	NA	NA	NA	NA
JBHJCN010000005.1_47	54948	56042	1095	-1	0.633	11	GGAG/GAGG	NA	NA	NA	0	0	0	1	NA	NA	NA	NA	NA
JBHJCN010000005.1_48	56131	56295	165	-1	0.576	11	GGA/GAG/AGG	NA	NA	NA	0	0	0	1	NA	NA	NA	NA	NA
JBHJCN010000005.1_49	56700	56981	282	1	0.585	11	GGA/GAG/AGG	NA	NA	NA	0	0	0	1	NA	NA	NA	NA	NA
JBHJCN010000005.1_50	57025	57300	276	1	0.652	11	GGAG/GAGG	NA	NA	NA	0	0	0	1	NA	NA	NA	NA	NA
JBHJCN010000005.1_51	57374	57967	594	1	0.652	11	AGGA	NA	NA	NA	0	0	0	1	NA	NA	NA	NA	NA
JBHJCN010000005.1_52	58174	59061	888	1	0.700	11	AGGAG	GENOMAD.105757.CP	9.41e-65	225	0	0	0	1	NA	NA	NA	PF04321;TIGR01777;COG1090;K19997	TIGR01777 family protein
JBHJCN010000005.1_53	59208	59873	666	1	0.644	11	None	NA	NA	NA	0	0	0	1	NA	NA	NA	NA	NA
JBHJCN010000005.1_54	59870	61054	1185	1	0.657	11	GGA/GAG/AGG	NA	NA	NA	0	0	0	1	NA	NA	NA	NA	NA
JBHJCN010000005.1_55	61430	61720	291	1	0.698	11	AGGA	NA	NA	NA	0	0	0	1	NA	NA	NA	NA	NA
JBHJCN010000005.1_56	61785	62447	663	1	0.646	11	GGA/GAG/AGG	GENOMAD.205595.PC	3.666e-86	283	0	0	0	1	NA	NA	NA	PF11769	NA
JBHJCN010000005.1_57	62726	63577	852	-1	0.653	11	AGGAGG	NA	NA	NA	0	0	0	1	NA	NA	NA	NA	NA
JBHJCN010000005.1_58	63821	65257	1437	1	0.653	11	GGA/GAG/AGG	GENOMAD.137791.CP	7.664e-06	51	0	0	0	1	NA	NA	NA	PF19805;PF03190;PF17816;COG5233;TIGR03279;K05360	Peripheral Golgi membrane protein
JBHJCN010000005.1_59	65374	65736	363	1	0.661	11	AGGAG	GENOMAD.055874.CC	3.948e-54	185	0	0	0	1	NA	NA	NA	PF19029	DUF883 C-terminal glycine zipper region
JBHJCN010000005.1_60	65740	66225	486	1	0.658	11	None	NA	NA	NA	0	0	0	1	NA	NA	NA	NA	NA
JBHJCN010000005.1_61	66222	66605	384	1	0.641	11	GGAG/GAGG	NA	NA	NA	0	0	0	1	NA	NA	NA	NA	NA
JBHJCN010000005.1_62	67193	68299	1107	1	0.645	11	GGA/GAG/AGG	GENOMAD.118355.CP	1.109e-52	193	0	0	0	1	NA	NA	NA	COG0628	Predicted PurR-regulated permease PerM
JBHJCN010000005.1_63	68400	69137	738	1	0.667	11	None	GENOMAD.154445.CP	2.38e-23	102	0	0	0	1	NA	NA	NA	PF12689;K20862;TIGR01454;COG4359	3-amino-5-hydroxybenoic acid synthesis related protein
JBHJCN010000005.1_64	69179	70549	1371	1	0.686	11	GGAG/GAGG	GENOMAD.005842.CC	5.938e-18	90	0	0	0	1	NA	NA	NA	PF02789;COG0260	Cytosol aminopeptidase family, N-terminal domain
JBHJCN010000005.1_65	70605	71357	753	-1	0.700	11	GGAG/GAGG	GENOMAD.182302.PC	6.336e-58	203	0	0	0	1	NA	NA	NA	PF11859;COG5662;TIGR02949	Transmembrane transcriptional regulator (anti-sigma factor RsiW)
JBHJCN010000005.1_66	71354	71869	516	-1	0.674	11	None	NA	NA	NA	0	0	0	1	NA	NA	NA	NA	NA
JBHJCN010000005.1_67	72030	73121	1092	1	0.684	11	GGAG/GAGG	NA	NA	NA	0	0	0	1	NA	NA	NA	NA	NA
JBHJCN010000005.1_68	73118	73660	543	1	0.661	11	GGAG/GAGG	GENOMAD.151626.CP	9.142e-57	196	0	0	0	1	NA	NA	NA	PF01292;K12262;COG3038;TIGR02125	Cytochrome b561
JBHJCN010000005.1_69	73885	74673	789	-1	0.607	11	GGA/GAG/AGG	GENOMAD.129948.CP	2.897e-43	161	0	0	0	1	NA	NA	NA	K09992;COG4813	Trehalose utilization protein
JBHJCN010000005.1_70	74901	75503	603	-1	0.675	11	GGA/GAG/AGG	NA	NA	NA	0	0	0	1	NA	NA	NA	NA	NA
JBHJCN010000005.1_71	75588	76763	1176	-1	0.683	11	GGA/GAG/AGG	GENOMAD.151958.CP	1.752e-19	94	0	0	0	1	NA	NA	NA	PF07730;K11623;COG3920	Two-component sensor histidine kinase, HisKA and HATPase domains
JBHJCN010000005.1_72	77214	78458	1245	1	0.675	11	None	NA	NA	NA	0	0	0	1	NA	NA	NA	NA	NA
JBHJCN010000005.1_73	78833	79522	690	1	0.623	11	AGGAG	NA	NA	NA	0	0	0	1	NA	NA	NA	NA	NA
JBHJCN010000005.1_74	79535	80695	1161	1	0.626	11	GGAG/GAGG	NA	NA	NA	0	0	0	1	NA	NA	NA	NA	NA
JBHJCN010000005.1_75	80709	82028	1320	1	0.668	11	AGGAG	GENOMAD.125873.CP	0.0009471	44	0	0	0	1	NA	NA	NA	PF02687;TIGR01185;COG4591;K09808	DevC protein
JBHJCN010000005.1_76	82196	83311	1116	1	0.687	11	None	GENOMAD.178547.CP	2.088e-05	49	0	0	0	1	NA	NA	NA	PF02273;TIGR01607;COG1647;K01054	Plasmodium subtelomeric family (PST-A)
JBHJCN010000005.1_77	83388	84296	909	-1	0.674	11	GGA/GAG/AGG	GENOMAD.142391.CP	5.171e-76	258	0	0	0	1	NA	NA	NA	PF06027;K05786;COG2962;TIGR00688	Uncharacterized membrane protein RarD, contains two EamA domains
JBHJCN010000005.1_78	84293	85189	897	-1	0.685	11	None	GENOMAD.142573.CP	1.646e-15	80	0	0	0	1	NA	NA	NA	K15269;COG5006	Threonine/homoserine efflux transporter RhtA
JBHJCN010000005.1_79	85269	85742	474	1	0.681	11	None	GENOMAD.123979.PP	1.97e-79	260	0	0	0	1	NA	NA	NA	PF18602	Rap1a immunity proteins
JBHJCN010000005.1_80	86079	87731	1653	-1	0.668	11	None	GENOMAD.140543.CP	1.143e-06	54	0	0	0	1	NA	NA	NA	PF16254;K19701;COG4882	Predicted aminopeptidase, Iap family
JBHJCN010000005.1_81	88132	89076	945	-1	0.651	11	None	GENOMAD.140931.CP	1.276e-24	108	0	0	0	1	NA	NA	NF033105	PF19583;K20257;TIGR04558;COG0426	quinoprotein relay system zinc metallohydrolase 1
JBHJCN010000005.1_82	89205	90494	1290	-1	0.629	11	None	NA	NA	NA	0	0	0	1	NA	NA	NA	NA	NA
JBHJCN010000005.1_83	90661	90870	210	-1	0.581	11	GGAG/GAGG	GENOMAD.193185.CP	0.0001353	40	0	0	0	1	NA	NA	NA	PF05532;COG3237	Uncharacterized conserved protein YjbJ, UPF0337 family
JBHJCN010000005.1_84	91098	91232	135	-1	0.615	11	AGGAG	NA	NA	NA	0	0	0	1	NA	NA	NA	NA	NA
JBHJCN010000005.1_85	91307	91459	153	-1	0.614	11	GGAG/GAGG	NA	NA	NA	0	0	0	1	NA	NA	NA	NA	NA
JBHJCN010000005.1_86	91566	92489	924	-1	0.669	11	GGAG/GAGG	NA	NA	NA	0	0	0	1	NA	NA	NA	NA	NA
JBHJCN010000005.1_87	92810	93262	453	1	0.662	11	GGA/GAG/AGG	GENOMAD.205530.CP	6.83e-71	235	0	0	0	1	NA	NA	NA	PF08923;K07131;COG2018	Mitogen-activated protein kinase kinase 1 interacting
JBHJCN010000005.1_88	93326	93685	360	1	0.628	11	AGGA	GENOMAD.197717.CP	8.77e-13	66	0	0	0	1	NA	NA	NA	PF08923;COG2018	Predicted regulator of Ras-like GTPase activity, Roadblock/LC7/MglB family
JBHJCN010000005.1_89	93782	94699	918	1	0.683	11	None	NA	NA	NA	0	0	0	1	NA	NA	NA	NA	NA
JBHJCN010000005.1_90	94696	95238	543	1	0.624	11	GGA/GAG/AGG	NA	NA	NA	0	0	0	1	NA	NA	NA	NA	NA
JBHJCN010000005.1_91	95709	96389	681	1	0.700	11	None	NA	NA	NA	0	0	0	1	NA	NA	NA	NA	NA
JBHJCN010000005.1_92	96800	97195	396	-1	0.722	11	GGAG/GAGG	NA	NA	NA	0	0	0	1	NA	NA	NA	NA	NA
JBHJCN010000005.1_93	97721	98449	729	-1	0.719	11	GGA/GAG/AGG	GENOMAD.146670.CP	1.042e-22	100	0	0	0	1	NA	NA	NA	PF03309;COG1521;TIGR00671;K03525	Pantothenate kinase type III
JBHJCN010000005.1_94	98446	99525	1080	-1	0.709	11	None	GENOMAD.104118.CP	7.476e-09	60	1	0	0	1	NA	NA	NA	PF03099;COG0340;TIGR00121;K01947	Biotin-(acetyl-CoA carboxylase) ligase
JBHJCN010000005.1_95	99806	100081	276	1	0.685	11	GGA/GAG/AGG	NA	NA	NA	0	0	0	1	NA	NA	NA	NA	NA
JBHJCN010000005.1_96	100093	100845	753	1	0.647	11	None	NA	NA	NA	0	0	0	1	NA	NA	NA	NA	NA
JBHJCN010000005.1_97	100983	102167	1185	-1	0.646	11	GGAG/GAGG	NA	NA	NA	0	0	0	1	NA	NA	NA	NA	NA
JBHJCN010000005.1_98	102287	103876	1590	-1	0.652	11	GGAGG	GENOMAD.143156.CP	3.399e-49	188	0	0	0	1	NA	NA	NA	PF08811;COG5267	Uncharacterized conserved protein, DUF1800 family
JBHJCN010000005.1_99	103995	105410	1416	-1	0.637	11	AGGA	NA	NA	NA	0	0	0	1	NA	NA	NA	NA	NA
JBHJCN010000005.1_100	105440	106123	684	-1	0.610	11	GGAG/GAGG	NA	NA	NA	0	0	0	1	NA	NA	NA	NA	NA
JBHJCN010000005.1_101	106195	106497	303	-1	0.660	11	None	NA	NA	NA	0	0	0	1	NA	NA	NA	NA	NA
JBHJCN010000005.1_102	106836	107840	1005	-1	0.679	11	None	NA	NA	NA	0	0	0	1	NA	NA	NA	NA	NA
JBHJCN010000005.1_103	108298	108522	225	-1	0.613	11	GGA/GAG/AGG	NA	NA	NA	0	0	0	1	NA	NA	NA	NA	NA
JBHJCN010000005.1_104	109090	109707	618	-1	0.642	11	GGAG/GAGG	NA	NA	NA	0	0	0	1	NA	NA	NA	NA	NA
JBHJCN010000005.1_105	109766	111271	1506	-1	0.618	11	GGA/GAG/AGG	NA	NA	NA	0	0	0	1	NA	NA	NA	NA	NA
JBHJCN010000005.1_106	111829	113964	2136	-1	0.659	11	None	GENOMAD.153592.VC	1.342e-05	51	0	0	0	4186	Haloferacalesvirus	NA	NA	PF13307;PF04851;TIGR00604;COG1199;K03722	DNA repair helicase (rad3)
JBHJCN010000005.1_107	114232	114468	237	-1	0.696	11	None	NA	NA	NA	0	0	0	1	NA	NA	NA	NA	NA
JBHJCN010000005.1_108	114465	114839	375	-1	0.691	11	AGGA/GGAG/GAGG	NA	NA	NA	0	0	0	1	NA	NA	NA	NA	NA
JBHJCN010000005.1_109	114829	115680	852	-1	0.689	11	GGA/GAG/AGG	GENOMAD.079440.CP	1.378e-06	52	0	0	0	1	NA	NA	NA	PF05201;PF01488;K02492;TIGR01035;COG0373	glutamyl-tRNA reductase
JBHJCN010000005.1_110	115745	116626	882	1	0.698	11	AGGA	GENOMAD.104285.CP	4.825e-10	63	0	0	0	1	NA	NA	NA	PF16472	NA
JBHJCN010000005.1_111	117091	119691	2601	-1	0.666	11	None	GENOMAD.137347.CP	1.396e-36	153	0	0	0	1	NA	NA	NA	COG3182;K03863	NA
JBHJCN010000005.1_112	119855	120607	753	1	0.649	11	GGA/GAG/AGG	NA	NA	NA	0	0	0	1	NA	NA	NA	NA	NA
JBHJCN010000005.1_113	120992	121984	993	-1	0.646	11	AGGAG	GENOMAD.121288.CP	7.717e-104	340	0	0	0	1	NA	NA	NA	PF00490;COG0113;K01698	Delta-aminolevulinic acid dehydratase, porphobilinogen synthase
JBHJCN010000005.1_114	122209	122457	249	-1	0.643	11	GGAG/GAGG	GENOMAD.221918.CP	1.742e-21	89	0	0	0	1	NA	NA	NA	NA	NA
JBHJCN010000005.1_115	122675	123145	471	1	0.718	11	GGA/GAG/AGG	NA	NA	NA	0	0	0	1	NA	NA	NA	NA	NA
JBHJCN010000005.1_116	123245	125035	1791	-1	0.659	11	GGA/GAG/AGG	NA	NA	NA	0	0	0	1	NA	NA	NA	NA	NA
JBHJCN010000005.1_117	125299	125580	282	-1	0.613	11	AGGAG	GENOMAD.034063.CC	6.13e-14	68	0	0	0	1	NA	NA	NA	PF08695	Cytochrome oxidase complex assembly protein 1
JBHJCN010000005.1_118	125778	128015	2238	-1	0.649	11	AGGA	GENOMAD.129013.CP	9.982e-58	219	0	0	0	1	NA	NA	NA	PF00326;PF00930;K01278;COG1770;TIGR02821	Prolyl oligopeptidase family; Dipeptidyl peptidase IV (DPP IV) N-terminal region
JBHJCN010000005.1_119	128348	129037	690	-1	0.639	11	GGAG/GAGG	NA	NA	NA	0	0	0	1	NA	NA	NA	NA	NA
JBHJCN010000005.1_120	129346	132435	3090	1	0.641	11	GGA/GAG/AGG	GENOMAD.152082.CP	9.754e-60	229	0	0	0	1	NA	NA	NA	PF00593;PF07715;PF00691;TIGR01782;COG4773;K16089	TonB-dependent receptor
JBHJCN010000005.1_121	132624	133325	702	1	0.627	11	None	GENOMAD.183080.CP	2.704e-60	209	0	0	0	1	NA	NA	NA	PF07277	SapC
JBHJCN010000005.1_122	133315	134328	1014	1	0.681	11	None	NA	NA	NA	0	0	0	1	NA	NA	NA	NA	NA
JBHJCN010000005.1_123	134339	135904	1566	1	0.681	11	GGAG/GAGG	GENOMAD.098617.VV	5.364e-11	68	0	0	0	1246	Caudoviricetes	NA	NA	NA	NA
JBHJCN010000005.1_124	136044	137054	1011	1	0.700	11	AGxAGG/AGGxGG	GENOMAD.024791.CC	7.261e-10	63	0	0	0	1	NA	NA	NA	NA	NA
JBHJCN010000005.1_125	137205	138398	1194	-1	0.655	11	GGAG/GAGG	GENOMAD.105317.CP	7.484e-44	168	0	0	0	1	NA	NA	NA	PF12698;K09696;COG1668;TIGR03518	ABC-type Na+ efflux pump, permease component
JBHJCN010000005.1_126	138395	139141	747	-1	0.645	11	GGAGG	NA	NA	NA	0	0	0	1	NA	NA	NA	NA	NA
JBHJCN010000005.1_127	139173	140774	1602	-1	0.672	11	AGGAG	GENOMAD.166690.CP	4.579e-18	91	0	0	0	1	NA	NA	NA	PF03096;PF08386;TIGR03343;COG2267;K16050	2-hydroxy-6-oxo-6-phenylhexa-2,4-dienoate hydrolase
JBHJCN010000005.1_128	140829	141029	201	-1	0.597	11	None	NA	NA	NA	0	0	0	1	NA	NA	NA	NA	NA
JBHJCN010000005.1_129	141026	141613	588	-1	0.639	11	GGAG/GAGG	NA	NA	NA	0	0	0	1	NA	NA	NA	NA	NA
JBHJCN010000005.1_130	142025	142498	474	1	0.650	11	None	NA	NA	NA	0	0	0	1	NA	NA	NA	NA	NA
JBHJCN010000005.1_131	142617	142889	273	-1	0.623	11	AGxAGG/AGGxGG	NA	NA	NA	0	0	0	1	NA	NA	NA	NA	NA
JBHJCN010000005.1_132	142954	143955	1002	1	0.661	11	GGA/GAG/AGG	NA	NA	NA	0	0	0	1	NA	NA	NA	NA	NA
JBHJCN010000005.1_133	144041	144763	723	-1	0.675	11	None	GENOMAD.137367.CP	4.94e-10	62	0	0	0	1	NA	NA	NA	PF00175;PF08021;K02641;TIGR03224;COG0543	benzoyl-CoA oxygenase/reductase, BoxA protein
JBHJCN010000005.1_134	144905	145900	996	1	0.655	11	AGGA	NA	NA	NA	0	0	0	1	NA	NA	NA	NA	NA
JBHJCN010000005.1_135	145918	146709	792	1	0.640	11	GGAG/GAGG	GENOMAD.129876.CP	7.567e-41	154	0	0	0	1	NA	NA	NA	K09694;COG3694	ABC-type uncharacterized transport system, permease component
JBHJCN010000005.1_136	146715	147653	939	1	0.682	11	GGAG/GAGG	GENOMAD.153340.CP	2.826e-10	64	0	0	0	1	NA	NA	NA	PF10100;TIGR00745;K00077;COG1893	2-dehydropantoate 2-reductase
JBHJCN010000005.1_137	147926	148474	549	1	0.630	11	None	GENOMAD.181624.CP	4.97e-73	243	0	0	0	1	NA	NA	NA	COG3223	NA
JBHJCN010000005.1_138	148622	149023	402	-1	0.662	11	None	NA	NA	NA	0	0	0	1	NA	NA	NA	NA	NA
JBHJCN010000005.1_139	149061	149513	453	-1	0.651	11	GGAG/GAGG	NA	NA	NA	0	0	0	1	NA	NA	NA	NA	NA
JBHJCN010000005.1_140	149551	149877	327	-1	0.618	11	None	NA	NA	NA	0	0	0	1	NA	NA	NA	NA	NA
JBHJCN010000005.1_141	149882	150220	339	-1	0.566	11	GGA/GAG/AGG	NA	NA	NA	0	0	0	1	NA	NA	NA	NA	NA
JBHJCN010000005.1_142	150906	151949	1044	-1	0.585	11	GGA/GAG/AGG	NA	NA	NA	0	0	0	1	NA	NA	NA	NA	NA
JBHJCN010000005.1_143	152129	154627	2499	-1	0.630	11	GGAGG	GENOMAD.043924.VV	3.303e-05	50	0	0	0	1246	Caudoviricetes	NA	NA	NA	NA
JBHJCN010000005.1_144	155229	156272	1044	-1	0.635	11	GGAG/GAGG	NA	NA	NA	0	0	0	1	NA	NA	NA	NA	NA
JBHJCN010000005.1_145	156378	159086	2709	-1	0.699	11	None	GENOMAD.120770.CP	1.383e-64	243	0	0	0	1	NA	NA	NA	PF13549;K22224;TIGR01016;COG1042	succinyl-CoA synthetase, beta subunit
JBHJCN010000005.1_146	159202	160569	1368	-1	0.668	11	GGA/GAG/AGG	GENOMAD.114680.CP	5.027e-59	215	0	0	0	1246	Caudoviricetes	NA	NA	PF01769;PF03448;PF00478;K06213;TIGR00400;COG2239	Mg2+ transporter (mgtE)
JBHJCN010000005.1_147	161196	162023	828	1	0.653	11	GGAG/GAGG	NA	NA	NA	0	0	0	1	NA	NA	NA	NA	NA
JBHJCN010000005.1_148	162240	164057	1818	1	0.661	11	GGAG/GAGG	NA	NA	NA	0	0	0	1	NA	NA	NA	NA	NA
JBHJCN010000005.1_149	165146	168646	3501	-1	0.588	11	GGAG/GAGG	NA	NA	NA	0	0	0	1	NA	NA	NA	NA	NA
JBHJCN010000005.1_150	170222	172051	1830	-1	0.637	11	AGGA	NA	NA	NA	0	0	0	1	NA	NA	NA	NA	NA
JBHJCN010000005.1_151	172048	173820	1773	-1	0.646	11	GGAG/GAGG	GENOMAD.151073.CP	1.536e-07	57	0	0	0	1	NA	NA	NA	PF00723;PF09137;TIGR01577;COG3387;K01178	oligosaccharide amylase
JBHJCN010000005.1_152	174236	177556	3321	-1	0.727	11	GGA/GAG/AGG	NA	NA	NA	0	0	0	1	NA	NA	NA	NA	NA
JBHJCN010000005.1_153	177549	177809	261	-1	0.644	11	None	GENOMAD.134274.CV	8.078e-16	73	0	0	0	1	NA	NA	NA	PF05166;COG3100;K09902	Uncharacterized conserved protein YcgL, UPF0745 family
JBHJCN010000005.1_154	178029	179228	1200	1	0.706	11	None	NA	NA	NA	0	0	0	1	NA	NA	NA	NA	NA
JBHJCN010000005.1_155	179228	180001	774	1	0.725	11	GGxGG	GENOMAD.176986.CP	1.868e-35	138	0	0	0	1	NA	NA	NA	PF13723;COG0304;K05551;TIGR03150	Beta-ketoacyl synthase, N-terminal domain
JBHJCN010000005.1_156	179998	180819	822	1	0.672	11	GGAGG	NA	NA	NA	0	0	0	1	NA	NA	NA	NA	NA
JBHJCN010000005.1_157	180816	182438	1623	1	0.634	11	GGA/GAG/AGG	NA	NA	NA	0	0	0	1	NA	NA	NA	NA	NA
JBHJCN010000005.1_158	182721	182924	204	1	0.495	11	AGGAG	NA	NA	NA	0	0	0	1	NA	NA	NA	NA	NA
JBHJCN010000005.1_159	183065	183796	732	-1	0.661	11	None	NA	NA	NA	0	0	0	1	NA	NA	NA	NA	NA
JBHJCN010000005.1_160	184027	184518	492	1	0.596	11	GGAG/GAGG	GENOMAD.212552.PC	2.153e-81	266	0	0	0	1	NA	NA	NA	PF08378	NA
JBHJCN010000005.1_161	184528	184959	432	-1	0.660	11	GGAG/GAGG	GENOMAD.190634.CP	4.917e-71	235	0	0	0	1	NA	NA	NA	COG4706;TIGR01750	Predicted 3-hydroxylacyl-ACP dehydratase, HotDog domain
JBHJCN010000005.1_162	184946	187312	2367	-1	0.674	11	AGGA	NA	NA	NA	0	0	0	1	NA	NA	NA	NA	NA
JBHJCN010000005.1_163	187302	187529	228	-1	0.649	11	AGGA	NA	NA	NA	0	0	0	1	NA	NA	NA	NA	NA
JBHJCN010000005.1_164	187519	187746	228	-1	0.649	11	AGGA	NA	NA	NA	0	0	0	1	NA	NA	NA	NA	NA
JBHJCN010000005.1_165	187885	188505	621	-1	0.697	11	None	GENOMAD.161696.CP	2.216e-30	121	0	0	0	1	NA	NA	NA	PF19574;TIGR03009	Outer membrane lipoprotein carrier protein LolA-like
JBHJCN010000005.1_166	188456	189430	975	-1	0.664	11	GGAG/GAGG	GENOMAD.120950.CP	1.324e-84	284	0	0	0	1	NA	NA	NA	PF03279;COG4261;TIGR02208;K02517	Predicted acyltransferase, LPLAT superfamily
JBHJCN010000005.1_167	189427	189714	288	-1	0.691	11	GGA/GAG/AGG	GENOMAD.130478.CP	2.943e-45	158	0	0	0	1	NA	NA	NA	PF07977;TIGR01750;COG0764	beta-hydroxyacyl-
JBHJCN010000005.1_168	189726	190475	750	-1	0.645	11	GGA/GAG/AGG	GENOMAD.121797.CP	8.048e-05	46	0	0	0	1	NA	NA	NA	PF03982;K00655;COG2121;TIGR00530	Diacylglycerol acyltransferase
JBHJCN010000005.1_169	190529	191275	747	-1	0.664	11	None	GENOMAD.171493.CP	1.324e-102	332	0	0	0	1	NA	NA	NA	PF11361;COG4648;TIGR00997	Intracellular septation protein A
JBHJCN010000005.1_170	191250	191519	270	-1	0.626	11	GGA/GAG/AGG	GENOMAD.159708.CP	5.546e-36	131	0	0	0	1	NA	NA	NA	PF10501;K16025;TIGR04069	peptide maturation system acyl carrier-related protein
JBHJCN010000005.1_171	191823	193169	1347	1	0.658	11	None	GENOMAD.135937.CP	0.0002375	46	1	0	0	1	NA	NA	NA	PF05834;K17830;COG0644;TIGR02028	Dehydrogenase (flavoprotein)
JBHJCN010000005.1_172	193169	194176	1008	1	0.684	11	GGA/GAG/AGG	GENOMAD.190147.CP	1.657e-38	150	0	0	0	1	NA	NA	NA	K18240;TIGR04444	chorismatase, FkbO/Hyg5 family
JBHJCN010000005.1_173	194482	195825	1344	-1	0.701	11	None	NA	NA	NA	0	0	0	1	NA	NA	NA	NA	NA
JBHJCN010000005.1_174	196407	198776	2370	1	0.658	11	None	GENOMAD.129013.CP	1.529e-19	97	0	0	0	1	NA	NA	NA	PF00326;PF00930;K01278;COG1770;TIGR02821	Prolyl oligopeptidase family; Dipeptidyl peptidase IV (DPP IV) N-terminal region
JBHJCN010000005.1_175	199207	199923	717	1	0.675	11	GGAG/GAGG	NA	NA	NA	0	0	0	1	NA	NA	NA	NA	NA
JBHJCN010000005.1_176	199920	200513	594	1	0.662	11	None	NA	NA	NA	0	0	0	1	NA	NA	NA	NA	NA
JBHJCN010000005.1_177	200916	201815	900	1	0.643	11	None	NA	NA	NA	0	0	0	1	NA	NA	NA	NA	NA
JBHJCN010000005.1_178	201884	202060	177	-1	0.689	11	None	NA	NA	NA	0	0	0	1	NA	NA	NA	NA	NA
JBHJCN010000005.1_179	202659	205460	2802	-1	0.676	11	None	GENOMAD.127376.VC	4.892e-13	76	0	0	0	1246	Caudoviricetes	NA	NA	PF00476;K21238;COG0749	DNA polymerase I - 3'-5' exonuclease and polymerase domains
JBHJCN010000005.1_180	205537	205827	291	1	0.636	11	GGA/GAG/AGG	GENOMAD.010346.CC	6.885e-45	157	0	0	0	1	NA	NA	NA	PF11191;PF08139;COG5633;TIGR00752;K20267	Uncharacterized conserved protein YcfL
JBHJCN010000005.1_181	206183	207226	1044	-1	0.712	11	GGAGG	GENOMAD.179387.PC	1.933e-43	165	0	0	0	1	NA	NA	NA	PF06812;K11902;TIGR03363;COG3515	type VI secretion-associated protein, ImpA family
JBHJCN010000005.1_182	207276	215459	8184	-1	0.679	11	GGAG/GAGG	NA	NA	NA	0	0	0	1	NA	NA	NA	NA	NA
JBHJCN010000005.1_183	215471	217153	1683	-1	0.687	11	GGA/GAG/AGG	NA	NA	NA	0	0	0	1	NA	NA	NA	NA	NA
JBHJCN010000005.1_184	217602	221297	3696	-1	0.708	11	AGGAG	GENOMAD.215794.CP	0.0001059	49	0	0	0	1	NA	NA	NA	PF07714;K08884;COG0478;TIGR03903	RIO-like serine/threonine protein kinase fused to N-terminal HTH domain
JBHJCN010000005.1_185	221302	222018	717	-1	0.688	11	GGAG/GAGG	NA	NA	NA	0	0	0	1	NA	NA	NA	NA	NA
JBHJCN010000005.1_186	222015	222590	576	-1	0.722	11	None	GENOMAD.192401.PC	4.203e-35	134	0	0	0	1	NA	NA	NA	PF09867;COG3913;K11890;TIGR03373	TagF N-terminal domain, Type VI secretion system-associated
JBHJCN010000005.1_187	222587	226117	3531	-1	0.701	11	None	GENOMAD.161502.PC	1.408e-115	406	0	0	0	1	NA	NA	NA	PF14331;PF06761;PF06744;PF19993;TIGR03348;K11891;COG3523	type VI secretion protein IcmF
JBHJCN010000005.1_188	226114	227370	1257	-1	0.704	11	GGAG/GAGG	GENOMAD.167543.PC	2.708e-34	140	0	0	0	1	NA	NA	NA	PF09850;TIGR03349;COG3455	type IV / VI secretion system protein, DotU family
JBHJCN010000005.1_189	227373	228707	1335	-1	0.675	11	None	GENOMAD.166652.PC	5.107e-43	167	0	0	0	1	NA	NA	NA	PF05936;TIGR03353;COG3522;K11893	type VI secretion protein, VC_A0114 family
JBHJCN010000005.1_190	229210	230100	891	-1	0.633	11	AGGA	NA	NA	NA	0	0	0	1	NA	NA	NA	NA	NA
JBHJCN010000005.1_191	230329	231231	903	1	0.660	11	GGA/GAG/AGG	NA	NA	NA	0	0	0	1	NA	NA	NA	NA	NA
JBHJCN010000005.1_192	231290	232621	1332	-1	0.681	11	AGGAG	GENOMAD.170233.CP	1.074e-41	163	0	0	0	1	NA	NA	NA	PF20232;PF00498;K07169;TIGR03354;COG3456	type VI secretion system FHA domain protein
JBHJCN010000005.1_193	232941	233489	549	-1	0.729	11	None	GENOMAD.218216.PC	2.49e-46	166	0	0	0	1	NA	NA	NA	PF22011	NA
JBHJCN010000005.1_194	233486	235453	1968	-1	0.655	11	GGA/GAG/AGG	NA	NA	NA	0	0	0	1	NA	NA	NA	NA	NA
JBHJCN010000005.1_195	235603	236934	1332	-1	0.688	11	GGAG/GAGG	GENOMAD.146515.CP	4.495e-35	143	0	0	0	1	NA	NA	NA	PF01234;PF20225;COG4976;TIGR02021;K06219	Predicted methyltransferase, contains TPR repeat
JBHJCN010000005.1_196	237170	237415	246	-1	0.724	11	None	NA	NA	NA	0	0	0	1	NA	NA	NA	NA	NA
JBHJCN010000005.1_197	237528	240029	2502	-1	0.695	11	GGxGG	GENOMAD.013203.CC	1.644e-05	51	0	0	0	1	NA	NA	NA	PF09205;PF07714;K08857;COG0478;TIGR03903	RIO-like serine/threonine protein kinase fused to N-terminal HTH domain
JBHJCN010000005.1_198	240026	240565	540	-1	0.691	11	GGA/GAG/AGG	GENOMAD.127449.CP	2.314e-27	111	0	0	0	1	NA	NA	NA	PF07638;TIGR02999;COG1595;K24073	RNA polymerase sigma factor, TIGR02999 family
JBHJCN010000005.1_199	240915	241442	528	1	0.667	11	GGAGG	NA	NA	NA	0	0	0	1	NA	NA	NA	NA	NA
JBHJCN010000005.1_200	241433	242509	1077	1	0.688	11	GGAG/GAGG	GENOMAD.141393.CP	2.077e-17	87	0	0	0	1	NA	NA	NA	PF04773;PF16220;COG3712;K07165	periplasmic ferric-dicitrate binding protein FecR, regulates iron transport through sigma-19
JBHJCN010000005.1_201	242971	245859	2889	1	0.672	11	GGA/GAG/AGG	GENOMAD.152082.CP	2.486e-64	243	0	0	0	1	NA	NA	NA	PF00593;PF07715;PF00691;TIGR01782;COG4773;K16089	TonB-dependent receptor
JBHJCN010000005.1_202	245963	247264	1302	1	0.695	11	GGA/GAG/AGG	GENOMAD.176778.PC	6.499e-56	205	0	0	0	1	NA	NA	NA	PF00328;K01093	Histidine phosphatase superfamily (branch 2)
JBHJCN010000005.1_203	247337	248641	1305	1	0.676	11	GGAG/GAGG	NA	NA	NA	0	0	0	1	NA	NA	NA	NA	NA
JBHJCN010000005.1_204	249259	249966	708	-1	0.667	11	GGA/GAG/AGG	NA	NA	NA	0	0	0	1	NA	NA	NA	NA	NA
JBHJCN010000005.1_205	250054	250713	660	-1	0.612	11	AGGA	GENOMAD.206010.CP	7.215e-15	76	0	0	0	1	NA	NA	NA	PF02517	Type II CAAX prenyl endopeptidase Rce1-like
JBHJCN010000005.1_206	250765	251154	390	-1	0.654	11	GGAGG	NA	NA	NA	0	0	0	1	NA	NA	NA	NA	NA
JBHJCN010000005.1_207	251685	252227	543	-1	0.674	11	GGA/GAG/AGG	NA	NA	NA	0	0	0	1	NA	NA	NA	NA	NA
JBHJCN010000006.1_1	2	172	171	-1	0.690	11	None	NA	NA	NA	0	0	0	1	NA	NA	NA	NA	NA
JBHJCN010000006.1_2	218	802	585	1	0.605	11	None	GENOMAD.105714.CP	2.398e-43	158	0	0	0	1	NA	NA	NA	PF02620;COG1399	Uncharacterized metal-binding protein YceD, DUF177 family
JBHJCN010000006.1_3	900	1094	195	1	0.636	11	GGAG/GAGG	GENOMAD.118796.CP	8.408e-28	106	0	0	0	1	NA	NA	NA	PF01783;COG0333;TIGR01031	Ribosomal protein L32
JBHJCN010000006.1_4	1185	2162	978	1	0.627	11	GGA/GAG/AGG	NA	NA	NA	0	0	0	1	NA	NA	NA	NA	NA
JBHJCN010000006.1_5	2410	2850	441	1	0.639	11	None	GENOMAD.181229.CP	6.535e-53	183	0	0	0	1	NA	NA	NA	PF08670;TIGR02938	MEKHLA domain
JBHJCN010000006.1_6	3139	4083	945	1	0.690	11	GGA/GAG/AGG	NA	NA	NA	0	0	0	1	NA	NA	NA	NA	NA
JBHJCN010000006.1_7	4166	4909	744	1	0.655	11	GGAG/GAGG	NA	NA	NA	0	0	0	1	NA	NA	NA	NA	NA
JBHJCN010000006.1_8	5114	5353	240	1	0.575	11	AGGA/GGAG/GAGG	NA	NA	NA	0	0	0	1	NA	NA	NA	NA	NA
JBHJCN010000006.1_9	5495	6730	1236	1	0.637	11	AGGAG	NA	NA	NA	0	0	0	1	NA	NA	NA	NA	NA
JBHJCN010000006.1_10	6898	8253	1356	1	0.694	11	None	GENOMAD.114697.CP	7.655e-15	80	0	0	0	1	NA	NA	NA	PF00425;K02552;COG1169;TIGR03494	Isochorismate synthase EntC
JBHJCN010000006.1_11	8320	9387	1068	1	0.678	11	GGAG/GAGG	GENOMAD.105361.CP	1.229e-12	72	0	0	0	1	NA	NA	NA	NA	NA
JBHJCN010000006.1_12	9384	10343	960	1	0.688	11	GGAG/GAGG	NA	NA	NA	0	0	0	1	NA	NA	NA	NA	NA
JBHJCN010000006.1_13	10340	10693	354	1	0.647	11	GGA/GAG/AGG	GENOMAD.108686.CP	1.689e-37	137	0	0	0	1	NA	NA	NA	PF16823;K02676;COG3215;TIGR02266	Tfp pilus assembly protein PilZ
JBHJCN010000006.1_14	11780	12106	327	1	0.606	11	GGAG/GAGG	GENOMAD.112646.PP	4.485e-55	187	0	0	0	1	NA	B_traH	NA	PF12992;TIGR03066;COG4939	Gemmata obscuriglobus paralogous family TIGR03066
JBHJCN010000006.1_15	12335	13984	1650	-1	0.664	11	None	NA	NA	NA	0	0	0	1	NA	NA	NA	NA	NA
JBHJCN010000006.1_16	14083	14979	897	1	0.654	11	AGGA	NA	NA	NA	0	0	0	1	NA	NA	NA	NA	NA
JBHJCN010000006.1_17	15054	16208	1155	1	0.619	11	GGAG/GAGG	GENOMAD.123376.CP	4.939e-10	64	0	0	0	1	NA	NA	NA	PF00285;TIGR01798;COG0372;K01659	citrate synthase I (hexameric type)
JBHJCN010000006.1_18	16368	18962	2595	1	0.644	11	None	NA	NA	NA	0	0	0	1	NA	NA	NA	NA	NA
JBHJCN010000006.1_19	18972	19529	558	1	0.622	11	GGA/GAG/AGG	GENOMAD.154834.CP	3.605e-07	52	0	0	0	1	NA	NA	NA	PF10469;K01975;TIGR02258;COG1514	2'-5' RNA ligase
JBHJCN010000006.1_20	19643	20842	1200	1	0.659	11	AGGA	NA	NA	NA	0	0	0	1	NA	NA	NA	NA	NA
JBHJCN010000006.1_21	21358	23574	2217	1	0.645	11	GGAG/GAGG	GENOMAD.129297.CP	7.565e-17	88	0	0	0	1	NA	NA	NA	K15721;COG4773	Outer membrane receptor for ferric coprogen and ferric-rhodotorulic acid
JBHJCN010000006.1_22	23652	24656	1005	1	0.665	11	AGGAG	NA	NA	NA	0	0	0	1	NA	NA	NA	NA	NA
JBHJCN010000006.1_23	25177	30075	4899	1	0.663	11	GGA/GAG/AGG	GENOMAD.145722.CP	9.127e-116	414	0	0	0	1	NA	NA	NA	PF07678;PF17973;PF17972;PF17962;PF11974;PF01835;PF00207;PF17970;K06894;COG2373	Uncharacterized conserved protein YfaS, alpha-2-macroglobulin family
JBHJCN010000006.1_24	30710	33403	2694	1	0.625	11	None	GENOMAD.152082.CP	3.806e-26	119	0	0	0	1	NA	NA	NA	PF00593;PF07715;PF00691;TIGR01782;COG4773;K16089	TonB-dependent receptor
JBHJCN010000006.1_25	33546	34493	948	1	0.648	11	GGAG/GAGG	GENOMAD.216117.PC	1.4e-10	65	0	0	0	1	NA	NA	NA	PF16387	NA
JBHJCN010000006.1_26	34914	37304	2391	1	0.669	11	GGA/GAG/AGG	NA	NA	NA	0	0	0	1	NA	NA	NA	NA	NA
JBHJCN010000006.1_27	37653	38213	561	-1	0.599	11	AGGA/GGAG/GAGG	GENOMAD.012059.CC	7.787e-06	48	0	0	0	1	NA	NA	NA	PF12902;PF09537;K03594;TIGR00754;COG0783	bacterioferritin
JBHJCN010000006.1_28	38253	38633	381	-1	0.635	11	GGA/GAG/AGG	GENOMAD.104113.VV	0.0004545	41	0	0	0	1246	Caudoviricetes	NA	NA	K24136	NA
JBHJCN010000006.1_29	38634	38735	102	-1	0.608	11	AGGAG	NA	NA	NA	0	0	0	1	NA	NA	NA	NA	NA
JBHJCN010000006.1_30	38898	39374	477	1	0.623	11	GGAGG	NA	NA	NA	0	0	0	1	NA	NA	NA	NA	NA
JBHJCN010000006.1_31	39788	40687	900	1	0.678	11	GGAG/GAGG	GENOMAD.092059.VV	2.931e-12	70	0	0	0	1246	Caudoviricetes	NA	NA	PF00226;K05516;TIGR02349;COG0484	chaperone protein DnaJ
JBHJCN010000006.1_32	41185	41571	387	1	0.628	11	GGA/GAG/AGG	NA	NA	NA	0	0	0	1	NA	NA	NA	NA	NA
JBHJCN010000006.1_33	42251	43378	1128	1	0.673	11	GGAG/GAGG	GENOMAD.151838.CP	2.127e-05	49	0	0	0	1	NA	NA	NA	PF13421;K04088;TIGR01932;COG0330	HflC protein
JBHJCN010000006.1_34	43378	44241	864	1	0.633	11	GGAG/GAGG	NA	NA	NA	0	0	0	1	NA	NA	NA	NA	NA
JBHJCN010000006.1_35	45489	46781	1293	1	0.659	11	AGGAG	NA	NA	NA	0	0	0	1	NA	NA	NA	NA	NA
JBHJCN010000006.1_36	47157	49829	2673	1	0.645	11	AGGA	NA	NA	NA	0	0	0	1	NA	NA	NA	NA	NA
JBHJCN010000006.1_37	50086	50238	153	-1	0.621	11	None	NA	NA	NA	0	0	0	1	NA	NA	NA	NA	NA
JBHJCN010000006.1_38	50550	51263	714	-1	0.683	11	GGAG/GAGG	NA	NA	NA	0	0	0	1	NA	NA	NA	NA	NA
JBHJCN010000006.1_39	51335	51925	591	1	0.709	11	GGA/GAG/AGG	GENOMAD.141836.CP	7.565e-18	84	0	0	0	1	NA	NA	NA	PF16925;PF13022;PF00083;K19335;TIGR03384;COG3226	transcriptional repressor BetI
JBHJCN010000006.1_40	52287	53333	1047	1	0.601	11	None	NA	NA	NA	0	0	0	1	NA	NA	NA	NA	NA
JBHJCN010000006.1_41	53499	54416	918	1	0.598	11	GGAG/GAGG	NA	NA	NA	0	0	0	1	NA	NA	NA	NA	NA
JBHJCN010000006.1_42	54437	56101	1665	1	0.627	11	GGAG/GAGG	NA	NA	NA	0	0	0	1	NA	NA	NA	NA	NA
JBHJCN010000006.1_43	56228	56758	531	1	0.663	11	GGA/GAG/AGG	NA	NA	NA	0	0	0	1	NA	NA	NA	NA	NA
JBHJCN010000006.1_44	56748	57323	576	1	0.604	11	GGAG/GAGG	GENOMAD.190173.PC	2.164e-23	100	0	0	0	1	NA	NA	NA	PF10706;COG4849	Predicted nucleotidyltransferase
JBHJCN010000006.1_45	57513	57776	264	1	0.652	11	None	NA	NA	NA	0	0	0	1	NA	NA	NA	NA	NA
JBHJCN010000006.1_46	57783	58091	309	1	0.615	11	GGA/GAG/AGG	GENOMAD.151194.PC	5.121e-35	129	0	1	0	1	NA	NA	NA	PF05016;COG3668;K19093;TIGR02385	Plasmid stabilization system protein ParE
JBHJCN010000006.1_47	58132	59022	891	1	0.636	11	GGAG/GAGG	GENOMAD.167997.CP	0.0001173	46	0	0	0	1	NA	NA	NA	PF16561;COG1715	Glycogen recognition site of AMP-activated protein kinase
JBHJCN010000006.1_48	59095	61281	2187	1	0.566	11	GGA/GAG/AGG	NA	NA	NA	0	0	0	1	NA	NA	NA	NA	NA
JBHJCN010000006.1_49	61278	62372	1095	1	0.632	11	AGGA	NA	NA	NA	0	0	0	1	NA	NA	NA	NA	NA
JBHJCN010000006.1_50	62369	63688	1320	1	0.514	11	AGGAG	NA	NA	NA	0	0	0	1	NA	NA	NA	NA	NA
JBHJCN010000006.1_51	63698	66781	3084	1	0.588	11	AGGA	NA	NA	NA	0	0	0	1	NA	NA	NA	NA	NA
JBHJCN010000006.1_52	67081	67347	267	1	0.629	11	AGGAG	NA	NA	NA	0	0	0	1	NA	NA	NA	NA	NA
JBHJCN010000006.1_53	67580	69133	1554	-1	0.638	11	None	NA	NA	NA	0	0	0	1	NA	NA	NA	NA	NA
JBHJCN010000006.1_54	69824	70186	363	1	0.656	11	None	NA	NA	NA	0	0	0	1	NA	NA	NA	NA	NA
JBHJCN010000006.1_55	70250	70879	630	-1	0.640	11	None	NA	NA	NA	0	0	0	1	NA	NA	NA	NA	NA
JBHJCN010000006.1_56	71101	71874	774	1	0.668	11	AGGAG	NA	NA	NA	0	0	0	1	NA	NA	NA	NA	NA
JBHJCN010000006.1_57	71874	72743	870	1	0.706	11	GGAG/GAGG	NA	NA	NA	0	0	0	1	NA	NA	NA	NA	NA
JBHJCN010000006.1_58	73034	74545	1512	1	0.614	11	GGAGG	GENOMAD.153314.CP	8.282e-06	51	0	0	0	1	NA	NA	NA	PF17189	Glycosyl hydrolase family 30 beta sandwich domain
JBHJCN010000006.1_59	74675	76480	1806	-1	0.648	11	None	NA	NA	NA	0	0	0	1	NA	NA	NA	NA	NA
JBHJCN010000006.1_60	76477	77379	903	-1	0.620	11	AGGAG	NA	NA	NA	0	0	0	1	NA	NA	NA	NA	NA
JBHJCN010000006.1_61	77858	80161	2304	-1	0.651	11	GGAG/GAGG	GENOMAD.140646.CP	3.252e-170	554	0	0	0	1246	Caudoviricetes	NA	NA	PF07971;PF17678;TIGR01180;COG3537;K03931	alpha-1,2-mannosidase, putative
JBHJCN010000006.1_62	80579	81559	981	-1	0.655	11	GGAG/GAGG	NA	NA	NA	0	0	0	1	NA	NA	NA	NA	NA
JBHJCN010000006.1_63	81721	82350	630	1	0.683	11	None	NA	NA	NA	0	0	0	1	NA	NA	NA	NA	NA
JBHJCN010000006.1_64	82700	84409	1710	1	0.684	11	None	NA	NA	NA	0	0	0	1	NA	NA	NA	NA	NA
JBHJCN010000006.1_65	84406	84711	306	1	0.667	11	AGGAG/GGAGG	NA	NA	NA	0	0	0	1	NA	NA	NA	NA	NA
JBHJCN010000006.1_66	84915	85661	747	-1	0.648	11	None	NA	NA	NA	0	0	0	1	NA	NA	NA	NA	NA
JBHJCN010000006.1_67	85810	86448	639	1	0.654	11	GGA/GAG/AGG	NA	NA	NA	0	0	0	1	NA	NA	NA	NA	NA
JBHJCN010000006.1_68	86683	89211	2529	1	0.661	11	None	NA	NA	NA	0	0	0	1	NA	NA	NA	NA	NA
JBHJCN010000006.1_69	89631	91928	2298	-1	0.654	11	GGAGG	NA	NA	NA	0	0	0	1	NA	NA	NA	NA	NA
JBHJCN010000006.1_70	91925	92989	1065	-1	0.659	11	GGA/GAG/AGG	GENOMAD.138352.CP	6.547e-34	137	0	0	0	1	NA	NA	NA	PF00941;PF03450;K11178;TIGR03195;COG1319	4-hydroxybenzoyl-CoA reductase, beta subunit
JBHJCN010000006.1_71	92986	93564	579	-1	0.656	11	None	NA	NA	NA	0	0	0	1	NA	NA	NA	NA	NA
JBHJCN010000006.1_72	93862	95181	1320	1	0.668	11	GGAG/GAGG	GENOMAD.158964.CP	1.719e-118	388	0	0	0	1	NA	NA	NA	PF05559;K09003;COG1415	NA
JBHJCN010000006.1_73	95178	95771	594	1	0.641	11	GGA/GAG/AGG	NA	NA	NA	0	0	0	1	NA	NA	NA	NA	NA
JBHJCN010000006.1_74	95834	96178	345	1	0.626	11	GGAGG	GENOMAD.178606.CP	0.0003218	41	0	0	0	1	NA	NA	NA	PF11699;TIGR04366;COG0662;K14673	Mif2/CENP-C like
JBHJCN010000006.1_75	96341	96844	504	1	0.625	11	GGA/GAG/AGG	NA	NA	NA	0	0	0	1	NA	NA	NA	NA	NA
JBHJCN010000006.1_76	96952	97377	426	-1	0.610	11	None	NA	NA	NA	0	0	0	1	NA	NA	NA	NA	NA
JBHJCN010000006.1_77	97386	97607	222	-1	0.617	11	GGA/GAG/AGG	NA	NA	NA	0	0	0	1	NA	NA	NA	NA	NA
JBHJCN010000006.1_78	97757	98362	606	1	0.673	11	None	NA	NA	NA	0	0	0	1	NA	NA	NA	NA	NA
JBHJCN010000006.1_79	98364	99017	654	1	0.694	11	GGA/GAG/AGG	GENOMAD.171994.PC	1.532e-11	66	0	0	0	1	NA	NA	NA	PF03846;K13053;TIGR00623;COG5404	cell division inhibitor SulA
JBHJCN010000006.1_80	99027	100445	1419	1	0.695	11	GGAG/GAGG	GENOMAD.154735.PC	1.753e-58	214	0	0	0	1	NA	NA	NA	PF00817;K14161;COG0389	Nucleotidyltransferase/DNA polymerase involved in DNA repair
JBHJCN010000006.1_81	100620	103868	3249	1	0.648	11	GGA/GAG/AGG	GENOMAD.161283.VC	2.247e-15	84	0	0	0	1246	Caudoviricetes	NA	NA	PF17657;COG1387	Bacterial DNA polymerase III alpha subunit finger domain
JBHJCN010000006.1_82	103935	105893	1959	1	0.631	11	GGAG/GAGG	GENOMAD.129013.CP	0.0001978	47	0	0	0	1	NA	NA	NA	PF00326;PF00930;K01278;COG1770;TIGR02821	Prolyl oligopeptidase family; Dipeptidyl peptidase IV (DPP IV) N-terminal region
JBHJCN010000006.1_83	106103	106921	819	1	0.663	11	GGAG/GAGG	GENOMAD.090871.CV	0.0008634	43	0	0	0	1246	Caudoviricetes	NA	NA	PF12917;COG3294;TIGR00488;K06951	Metal-dependent phosphatase/phosphodiesterase, HD supefamily
JBHJCN010000006.1_84	107352	109322	1971	1	0.667	11	GGA/GAG/AGG	GENOMAD.091902.CP	7.565e-118	396	0	0	0	1246	Caudoviricetes	NA	NA	COG1297	Uncharacterized membrane protein, oligopeptide transporter (OPT) family
JBHJCN010000006.1_85	110029	110865	837	1	0.651	11	GGA/GAG/AGG	GENOMAD.215399.PC	2.492e-25	109	0	0	0	1	NA	NA	NA	PF13557;COG4313	Putative MetA-pathway of phenol degradation
JBHJCN010000006.1_86	111155	113275	2121	1	0.650	11	GGAG/GAGG	GENOMAD.124220.CP	0.0004415	46	0	0	0	1	NA	NA	NA	PF00326;PF14583;K01278;COG1770;TIGR02821	Protease II
JBHJCN010000006.1_87	113515	113922	408	-1	0.637	11	GGAG/GAGG	NA	NA	NA	0	0	0	1	NA	NA	NA	NA	NA
JBHJCN010000006.1_88	114225	114683	459	1	0.706	11	AGGA	NA	NA	NA	0	0	0	1	NA	NA	NA	NA	NA
JBHJCN010000006.1_89	114815	115540	726	1	0.607	11	None	NA	NA	NA	0	0	0	1	NA	NA	NA	NA	NA
JBHJCN010000006.1_90	116435	118192	1758	1	0.614	11	GGA/GAG/AGG	GENOMAD.062130.PP	2.152e-227	711	0	0	0	1	NA	NA	NA	NA	NA
JBHJCN010000006.1_91	118143	118361	219	1	0.644	11	None	NA	NA	NA	0	0	0	1	NA	NA	NA	NA	NA
JBHJCN010000006.1_92	118413	118688	276	-1	0.670	11	None	NA	NA	NA	0	0	0	1	NA	NA	NA	NA	NA
JBHJCN010000006.1_93	118685	119353	669	-1	0.604	11	None	NA	NA	NA	0	0	0	1	NA	NA	NA	NA	NA
JBHJCN010000006.1_94	119350	119997	648	-1	0.583	11	None	NA	NA	NA	0	0	0	1	NA	NA	NA	NA	NA
JBHJCN010000006.1_95	120720	122828	2109	-1	0.626	11	GGAG/GAGG	NA	NA	NA	0	0	0	1	NA	NA	NA	NA	NA
JBHJCN010000006.1_96	123036	123890	855	-1	0.651	11	AGGA	NA	NA	NA	0	0	0	1	NA	NA	NA	NA	NA
JBHJCN010000006.1_97	123948	125582	1635	-1	0.673	11	None	GENOMAD.178810.CP	6.903e-25	113	0	0	0	1	NA	NA	NA	PF19465;PF00135;K01753;TIGR02035;COG3048	D-serine ammonia-lyase
JBHJCN010000006.1_98	125761	128625	2865	-1	0.661	11	GGA/GAG/AGG	NA	NA	NA	0	0	0	1	NA	NA	NA	NA	NA
JBHJCN010000006.1_99	129092	129271	180	-1	0.656	11	GGAG/GAGG	NA	NA	NA	0	0	0	1	NA	NA	NA	NA	NA
JBHJCN010000006.1_100	129623	130498	876	1	0.676	11	None	GENOMAD.061009.VV	3.556e-21	97	0	0	0	1246	Caudoviricetes	NA	NA	PF19798;K13472;COG4424	Sulfotransferase domain
JBHJCN010000006.1_101	130587	131825	1239	1	0.701	11	GGxGG	GENOMAD.137385.CP	1.824e-26	116	0	0	0	1	NA	NA	NA	PF00529;K13408;TIGR01843;COG1566	type I secretion membrane fusion protein, HlyD family
JBHJCN010000006.1_102	131822	133978	2157	1	0.661	11	None	NA	NA	NA	0	0	0	1	NA	NA	NA	NA	NA
JBHJCN010000006.1_103	134287	135510	1224	1	0.675	11	None	NA	NA	NA	0	0	0	1	NA	NA	NA	NA	NA
JBHJCN010000006.1_104	135527	135931	405	1	0.691	11	AGGAG	NA	NA	NA	0	0	0	1	NA	NA	NA	NA	NA
JBHJCN010000006.1_105	136415	138433	2019	-1	0.639	11	AGGA	GENOMAD.118842.CP	7.849e-90	314	0	0	0	1	NA	NA	NA	K01283;COG2317	Zn-dependent carboxypeptidase, M32 family
JBHJCN010000006.1_106	138548	140215	1668	-1	0.629	11	GGA/GAG/AGG	NA	NA	NA	0	0	0	1	NA	NA	NA	NA	NA
JBHJCN010000006.1_107	140212	140976	765	-1	0.647	11	GGA/GAG/AGG	NA	NA	NA	0	0	0	1	NA	NA	NA	NA	NA
JBHJCN010000006.1_108	141076	142803	1728	-1	0.688	11	GGA/GAG/AGG	GENOMAD.133902.CP	6.238e-115	384	0	0	0	1	NA	NA	NA	COG1807;K07264	4-amino-4-deoxy-L-arabinose transferase or related glycosyltransferase of PMT family
JBHJCN010000006.1_109	143026	143742	717	1	0.661	11	GGA/GAG/AGG	NA	NA	NA	0	0	0	1	NA	NA	NA	NA	NA
JBHJCN010000006.1_110	143708	145024	1317	1	0.668	11	GGA/GAG/AGG	NA	NA	NA	0	0	0	1	NA	NA	NA	NA	NA
JBHJCN010000006.1_111	145195	145686	492	-1	0.671	11	GGA/GAG/AGG	GENOMAD.020187.CC	2.608e-79	260	0	0	0	1	NA	NA	NA	PF06114	NA
JBHJCN010000006.1_112	145755	146012	258	-1	0.597	11	GGAGG	GENOMAD.147428.CP	2.103e-06	46	0	0	0	1	NA	NA	NA	K03608;COG0851	Septum formation topological specificity factor MinE
JBHJCN010000006.1_113	146015	146824	810	-1	0.637	11	GGAG/GAGG	NA	NA	NA	0	0	0	1	NA	NA	NA	NA	NA
JBHJCN010000006.1_114	146860	147606	747	-1	0.685	11	GGAG/GAGG	GENOMAD.140610.CP	2.856e-36	140	0	0	0	1	NA	NA	NA	K03610;COG0850	Septum formation inhibitor MinC
JBHJCN010000006.1_115	147610	148209	600	-1	0.638	11	GGAG/GAGG	GENOMAD.183713.CV	3.199e-21	94	0	0	0	1	NA	NA	NA	PF12568;K06977;COG3818;TIGR04431	Predicted acetyltransferase, GNAT superfamily
JBHJCN010000006.1_116	148446	149642	1197	1	0.675	11	None	GENOMAD.151958.CP	2.355e-05	49	0	0	0	1	NA	NA	NA	PF07730;K11623;COG3920	Two-component sensor histidine kinase, HisKA and HATPase domains
JBHJCN010000006.1_117	149642	150283	642	1	0.643	11	AGGAG	NA	NA	NA	0	0	0	1	NA	NA	NA	NA	NA
JBHJCN010000006.1_118	150634	151815	1182	1	0.613	11	GGAG/GAGG	GENOMAD.004307.CC	4.333e-187	584	0	0	0	1	NA	NA	NA	PF20603;PF03364;COG4276	Bacterial hydrolase; Polyketide cyclase / dehydrase and lipid transport
JBHJCN010000006.1_119	151912	152283	372	1	0.694	11	GGA/GAG/AGG	GENOMAD.091113.CP	5.544e-52	179	0	0	0	1	NA	NA	NA	PF04241;COG2363	Uncharacterized membrane protein YgdD, TMEM256/DUF423 family
JBHJCN010000006.1_120	152286	152960	675	1	0.677	11	GGAG/GAGG	NA	NA	NA	0	0	0	1	NA	NA	NA	NA	NA
JBHJCN010000006.1_121	153036	153833	798	-1	0.653	11	None	NA	NA	NA	0	0	0	1	NA	NA	NA	NA	NA
JBHJCN010000006.1_122	153960	154142	183	-1	0.574	11	GGA/GAG/AGG	NA	NA	NA	0	0	0	1	NA	NA	NA	NA	NA
JBHJCN010000006.1_123	154139	154423	285	-1	0.656	11	GGA/GAG/AGG	NA	NA	NA	0	0	0	1	NA	NA	NA	NA	NA
JBHJCN010000006.1_124	154580	155449	870	-1	0.632	11	AGGA	NA	NA	NA	0	0	0	1	NA	NA	NA	NA	NA
JBHJCN010000006.1_125	155574	156776	1203	1	0.672	11	GGA/GAG/AGG	NA	NA	NA	0	0	0	1	NA	NA	NA	NA	NA
JBHJCN010000006.1_126	157570	157710	141	1	0.404	11	GGAG/GAGG	NA	NA	NA	0	0	0	1	NA	NA	NA	NA	NA
JBHJCN010000006.1_127	157988	158602	615	-1	0.502	11	GGA/GAG/AGG	NA	NA	NA	0	0	0	1	NA	NA	NA	NA	NA
JBHJCN010000006.1_128	158858	160090	1233	-1	0.677	11	GGA/GAG/AGG	GENOMAD.191812.CP	1.668e-82	282	0	0	0	1	NA	NA	NA	PF03372;K18353;TIGR03395;COG5239	sphingomyelin phosphodiesterase
JBHJCN010000006.1_129	160143	161057	915	-1	0.675	11	None	GENOMAD.001078.CC	2.712e-65	227	0	0	0	1	NA	NA	NA	PF04377;PF04376;K21420;COG2935	Arginyl-tRNA--protein-N-Asp/Glu arginylyltransferase
JBHJCN010000006.1_130	161098	161688	591	1	0.677	11	AGGAG	GENOMAD.177995.CP	2.039e-06	50	0	0	0	1	NA	NA	NA	PF08976;PF13405;COG5126;K13974	Ca2+-binding protein, EF-hand superfamily
JBHJCN010000006.1_131	161855	162340	486	-1	0.560	11	GGAG/GAGG	NA	NA	NA	0	0	0	1	NA	NA	NA	NA	NA
JBHJCN010000006.1_132	162600	163793	1194	-1	0.680	11	GGA/GAG/AGG	NA	NA	NA	0	0	0	1	NA	NA	NA	NA	NA
JBHJCN010000006.1_133	163903	164415	513	-1	0.661	11	None	NA	NA	NA	0	0	0	1	NA	NA	NA	NA	NA
JBHJCN010000006.1_134	164649	164867	219	-1	0.676	11	None	NA	NA	NA	0	0	0	1	NA	NA	NA	NA	NA
JBHJCN010000006.1_135	164883	165554	672	-1	0.638	11	GGA/GAG/AGG	NA	NA	NA	0	0	0	1	NA	NA	NA	NA	NA
JBHJCN010000006.1_136	165624	166394	771	-1	0.686	11	AGGAG	NA	NA	NA	0	0	0	1	NA	NA	NA	NA	NA
JBHJCN010000006.1_137	166418	166888	471	1	0.658	11	GGAGG	GENOMAD.151097.CP	1.429e-12	67	0	0	0	1	NA	NA	NA	PF04314;COG2847;K11081	Copper chaperone PCu(A)C
JBHJCN010000006.1_138	167002	167406	405	-1	0.620	11	GGA/GAG/AGG	GENOMAD.138033.CP	1.749e-28	112	0	0	0	1	NA	NA	NA	PF13279;K12500;TIGR02799;COG0824	tol-pal system-associated acyl-CoA thioesterase
JBHJCN010000006.1_139	167406	170369	2964	-1	0.647	11	GGA/GAG/AGG	NA	NA	NA	0	0	0	1	NA	NA	NA	NA	NA
JBHJCN010000006.1_140	170662	170982	321	1	0.607	11	AGGA	GENOMAD.080110.CV	3.114e-26	104	1	0	0	1	NA	NA	NA	PF00829;TIGR00061;K02888;COG0261	ribosomal protein L21
JBHJCN010000006.1_141	170995	171255	261	1	0.625	11	AGGAG	GENOMAD.080397.CV	2.647e-34	126	1	0	0	1246	Caudoviricetes	NA	NA	PF01016;COG0211;TIGR00062	Ribosomal protein L27
JBHJCN010000006.1_142	171502	172569	1068	1	0.650	11	None	NA	NA	NA	0	0	0	1	NA	NA	NA	NA	NA
JBHJCN010000006.1_143	172661	172930	270	-1	0.626	11	AGGA	GENOMAD.000079.CC	2.303e-14	69	1	0	0	1	NA	NA	NA	PF01649;COG0268;TIGR00029	Ribosomal protein S20
JBHJCN010000006.1_144	173047	174639	1593	1	0.650	11	GGA/GAG/AGG	GENOMAD.113193.CP	2.597e-40	161	0	0	0	1	NA	NA	NA	PF03023;K03980;TIGR01695;COG0728	murein biosynthesis integral membrane protein MurJ
JBHJCN010000006.1_145	174826	175878	1053	1	0.660	11	GGA/GAG/AGG	NA	NA	NA	0	0	0	1	NA	NA	NA	NA	NA
JBHJCN010000006.1_146	175936	178716	2781	1	0.667	11	GGA/GAG/AGG	NA	NA	NA	0	0	0	1	NA	NA	NA	NA	NA
JBHJCN010000006.1_147	178795	179313	519	1	0.645	11	None	GENOMAD.128855.CP	4.64e-25	104	0	0	0	1	NA	NA	NA	PF01252;COG0597;TIGR00077;K03101	Lipoprotein signal peptidase
JBHJCN010000006.1_148	179380	180330	951	1	0.667	11	None	NA	NA	NA	0	0	0	1	NA	NA	NA	NA	NA
JBHJCN010000006.1_149	180857	181792	936	1	0.604	11	GGA/GAG/AGG	GENOMAD.182403.PC	3.07e-05	48	0	0	0	1	NA	NA	NA	PF06481	COX Aromatic Rich Motif
JBHJCN010000006.1_150	181792	183792	2001	1	0.615	11	GGAG/GAGG	NA	NA	NA	0	0	0	1	NA	NA	NA	NA	NA
JBHJCN010000006.1_151	183789	184421	633	1	0.629	11	None	NA	NA	NA	0	0	0	1	NA	NA	NA	NA	NA
JBHJCN010000006.1_152	184421	184756	336	1	0.598	11	GGAG/GAGG	GENOMAD.170384.CP	1.944e-17	79	0	0	0	1	NA	NA	NA	PF03626;K02300;TIGR02847;COG3125	cytochrome o ubiquinol oxidase subunit IV
JBHJCN010000006.1_153	184925	186805	1881	1	0.633	11	GGAG/GAGG	GENOMAD.124001.CP	2.437e-198	629	0	0	0	1	NA	NA	NA	PF17899;PF01433;PF19805;COG3975;TIGR02411;K01254	Predicted metalloprotease, contains C-terminal PDZ domain
JBHJCN010000006.1_154	187055	188446	1392	1	0.671	11	None	NA	NA	NA	0	0	0	1	NA	NA	NA	NA	NA
JBHJCN010000006.1_155	188857	189243	387	1	0.605	11	AGGAG	NA	NA	NA	0	0	0	1	NA	NA	NA	NA	NA
JBHJCN010000006.1_156	189766	190557	792	-1	0.628	11	GGA/GAG/AGG	NA	NA	NA	0	0	0	1	NA	NA	NA	NA	NA
JBHJCN010000006.1_157	191387	192817	1431	1	0.655	11	GGA/GAG/AGG	NA	NA	NA	0	0	0	1	NA	NA	NA	NA	NA
JBHJCN010000006.1_158	193029	194897	1869	1	0.664	11	None	NA	NA	NA	0	0	0	1	NA	NA	NA	NA	NA
JBHJCN010000006.1_159	194923	197247	2325	1	0.664	11	AGGAG	GENOMAD.194623.CP	0.0	1370	0	0	0	1	NA	NA	NA	PF07079;TIGR03939;COG2956;K11935	poly-beta-1,6 N-acetyl-D-glucosamine export porin PgaA
JBHJCN010000006.1_160	197908	198750	843	1	0.626	11	GGxGG	GENOMAD.138290.CP	1.883e-47	174	0	0	0	1	NA	NA	NA	PF09385;PF01740;K17762;COG5439;TIGR02886	anti-sigma F factor antagonist
JBHJCN010000006.1_161	198752	199114	363	1	0.631	11	GGA/GAG/AGG	GENOMAD.140621.CP	4.787e-44	156	0	0	0	1	NA	NA	NA	PF01740;K17762;TIGR02886;COG1366	anti-sigma F factor antagonist
JBHJCN010000006.1_162	199111	199506	396	1	0.662	11	None	GENOMAD.137439.CP	1.151e-31	121	0	0	0	1	NA	NA	NA	PF13581;K17752;TIGR01924;COG2172	serine-protein kinase RsbW
JBHJCN010000006.1_163	199509	200507	999	1	0.698	11	GGA/GAG/AGG	GENOMAD.137465.CP	2.688e-89	298	0	0	0	1	NA	NA	NA	PF07228;PF13581;K05518;COG0631;TIGR01924	Stage II sporulation protein E (SpoIIE); Histidine kinase-like ATPase domain
JBHJCN010000006.1_164	200504	201379	876	1	0.623	11	GGAGG	NA	NA	NA	0	0	0	1	NA	NA	NA	NA	NA
JBHJCN010000006.1_165	201369	203324	1956	1	0.652	11	GGAGG	NA	NA	NA	0	0	0	1	NA	NA	NA	NA	NA
JBHJCN010000006.1_166	203417	205084	1668	-1	0.654	11	GGAG/GAGG	GENOMAD.137986.CP	2.342e-06	53	0	0	0	1	NA	NA	NA	PF03664;PF04616;COG3507;K15921	Beta-xylosidase
JBHJCN010000006.1_167	205370	207739	2370	1	0.643	11	AGGA	GENOMAD.129297.CP	3.086e-19	96	0	0	0	1	NA	NA	NA	K15721;COG4773	Outer membrane receptor for ferric coprogen and ferric-rhodotorulic acid
JBHJCN010000006.1_168	207857	208303	447	-1	0.653	11	GGAG/GAGG	GENOMAD.159874.CP	6.479e-09	56	0	0	0	1	NA	NA	NA	PF10122;K03672;TIGR01206;COG1996	lysine biosynthesis protein LysW
JBHJCN010000006.1_169	208477	208842	366	-1	0.593	11	GGAGG	NA	NA	NA	0	0	0	1	NA	NA	NA	NA	NA
JBHJCN010000006.1_170	209206	210336	1131	-1	0.637	11	GGA/GAG/AGG	NA	NA	NA	0	0	0	1	NA	NA	NA	NA	NA
JBHJCN010000006.1_171	210333	210917	585	-1	0.692	11	GGA/GAG/AGG	NA	NA	NA	0	0	0	1	NA	NA	NA	NA	NA
JBHJCN010000006.1_172	210914	211738	825	-1	0.628	11	None	GENOMAD.111713.CP	4.958e-15	78	0	0	0	1	NA	NA	NA	PF01739;PF20225;PF03705;K00575;COG1352;TIGR04345	Methylase of chemotaxis methyl-accepting proteins
JBHJCN010000006.1_173	211735	214908	3174	-1	0.653	11	None	GENOMAD.142686.CP	1.564e-34	147	0	0	0	1	NA	NA	NA	K19691;COG3159	NA
JBHJCN010000006.1_174	215067	216230	1164	1	0.637	11	AGGA/GGAG/GAGG	NA	NA	NA	0	0	0	1	NA	NA	NA	NA	NA
JBHJCN010000006.1_175	216223	216591	369	1	0.618	11	AGGAG	NA	NA	NA	0	0	0	1	NA	NA	NA	NA	NA
JBHJCN010000006.1_176	216820	218403	1584	-1	0.640	11	AGGAG	NA	NA	NA	0	0	0	1	NA	NA	NA	NA	NA
JBHJCN010000006.1_177	218641	219690	1050	1	0.668	11	GGA/GAG/AGG	GENOMAD.162190.CP	1.438e-08	59	0	0	0	1	NA	NA	NA	PF01263;COG2017;TIGR02636;K01785	Galactose mutarotase or related enzyme
JBHJCN010000006.1_178	219955	220746	792	-1	0.665	11	None	GENOMAD.093434.CV	3.862e-23	102	0	0	0	1	NA	NA	NA	PF01578;COG4137;TIGR03144;K02497	ABC-type uncharacterized transport system, permease component
JBHJCN010000006.1_179	221143	222519	1377	1	0.663	11	None	GENOMAD.050490.CV	6.138e-55	203	1	0	0	1246	Caudoviricetes	NA	NA	PF02881;PF01591;K03106;TIGR00959;COG0541	signal recognition particle protein
JBHJCN010000006.1_180	222707	223549	843	1	0.684	11	None	NA	NA	NA	0	0	0	1	NA	NA	NA	NA	NA
JBHJCN010000006.1_181	223791	224564	774	1	0.672	11	None	NA	NA	NA	0	0	0	1	NA	NA	NA	NA	NA
JBHJCN010000006.1_182	224662	224919	258	1	0.659	11	AGGA	NA	NA	NA	0	0	0	1	NA	NA	NA	NA	NA
JBHJCN010000006.1_183	224963	225475	513	1	0.618	11	GGA/GAG/AGG	GENOMAD.062686.CP	8.107e-45	161	1	0	0	1	NA	NA	NA	PF01782;PF05239;COG0806;TIGR02273;K02860	Ribosomal 30S subunit maturation factor RimM, required for 16S rRNA processing
JBHJCN010000006.1_184	225541	226299	759	1	0.657	11	None	GENOMAD.061903.CP	1.228e-25	109	0	0	0	1246	Caudoviricetes	NA	NA	PF01782;PF03448;PF05239;PF01746;COG0806;K00554;TIGR00088	Ribosomal 30S subunit maturation factor RimM, required for 16S rRNA processing
JBHJCN010000006.1_185	226445	226852	408	1	0.620	11	None	NA	NA	NA	0	0	0	1	NA	NA	NA	NA	NA
JBHJCN010000006.1_186	227120	228613	1494	-1	0.653	11	None	GENOMAD.126024.CP	2.348e-15	82	0	0	0	1246	Caudoviricetes	NA	NA	PF04506;K03327;TIGR00797;COG0534	Rft protein
JBHJCN010000006.1_187	228996	229691	696	1	0.704	11	None	GENOMAD.177097.CP	1.642e-06	51	0	0	0	1	NA	NA	NA	PF13280;TIGR03985	WYL domain
JBHJCN010000006.1_188	229750	230406	657	1	0.683	11	AGGA	NA	NA	NA	0	0	0	1	NA	NA	NA	NA	NA
JBHJCN010000006.1_189	230630	231037	408	1	0.667	11	GGA/GAG/AGG	GENOMAD.080041.CP	8.571e-20	87	0	0	0	1	NA	NA	NA	PF01479;COG1188;TIGR02988	Ribosomal 50S subunit-recycling heat shock protein, contains S4 domain
JBHJCN010000006.1_190	231161	233407	2247	-1	0.661	11	GGA/GAG/AGG	NA	NA	NA	0	0	0	1	NA	NA	NA	NA	NA
JBHJCN010000006.1_191	233838	234452	615	-1	0.688	11	AGGA	GENOMAD.181672.CP	3.955e-20	91	0	0	0	1	NA	NA	NA	PF06078;COG5403	Bacterial protein of unknown function (DUF937)
JBHJCN010000006.1_192	234740	237361	2622	-1	0.654	11	GGA/GAG/AGG	NA	NA	NA	0	0	0	1	NA	NA	NA	NA	NA
JBHJCN010000006.1_193	238369	241170	2802	1	0.591	11	GGA/GAG/AGG	NA	NA	NA	0	0	0	1	NA	NA	NA	NA	NA
JBHJCN010000006.1_194	241413	244139	2727	1	0.595	11	None	NA	NA	NA	0	0	0	1	NA	NA	NA	NA	NA
JBHJCN010000007.1_1	2	235	234	-1	0.611	11	GGA/GAG/AGG	GENOMAD.031536.PP	5.864e-38	136	0	1	0	1	NA	NA	NA	PF06504;COG5534	Replication protein C (RepC)
JBHJCN010000007.1_2	223	672	450	-1	0.584	11	GGAG/GAGG	GENOMAD.031536.PP	2.854e-63	213	0	1	0	1	NA	NA	NA	PF06504;COG5534	Replication protein C (RepC)
JBHJCN010000007.1_3	629	1504	876	-1	0.676	11	GGAG/GAGG	NA	NA	NA	0	0	0	1	NA	NA	NA	NA	NA
JBHJCN010000007.1_4	1508	1741	234	-1	0.620	11	GGxGG	NA	NA	NA	0	0	0	1	NA	NA	NA	NA	NA
JBHJCN010000007.1_5	1832	2842	1011	1	0.571	11	None	NA	NA	NA	0	0	0	1	NA	NA	NA	NA	NA
JBHJCN010000007.1_6	2946	3191	246	1	0.598	11	GGAG/GAGG	NA	NA	NA	0	0	0	1	NA	NA	NA	NA	NA
JBHJCN010000007.1_7	3281	4483	1203	-1	0.629	11	GGA/GAG/AGG	NA	NA	NA	0	0	0	1	NA	NA	NA	NA	NA
JBHJCN010000007.1_8	4792	6357	1566	-1	0.641	11	None	GENOMAD.032975.CC	7.937e-22	103	1	0	0	1246	Caudoviricetes	NA	NA	PF00958;PF13638;PF09002;TIGR03642;K07158;COG1875	GMP synthase C terminal domain; PIN domain
JBHJCN010000007.1_9	6479	7936	1458	-1	0.646	11	None	NA	NA	NA	0	0	0	1	NA	NA	NA	NA	NA
JBHJCN010000007.1_10	7970	8158	189	-1	0.656	11	GGAG/GAGG	NA	NA	NA	0	0	0	1	NA	NA	NA	NA	NA
JBHJCN010000007.1_11	8118	9029	912	-1	0.677	11	None	NA	NA	NA	0	0	0	1	NA	NA	NA	NA	NA
JBHJCN010000007.1_12	9079	9399	321	1	0.607	11	None	GENOMAD.110127.CP	9.165e-39	140	0	0	0	1	NA	NA	NA	PF06844;COG3492;K09948	NA
JBHJCN010000007.1_13	9670	11520	1851	-1	0.651	11	None	NA	NA	NA	0	0	0	1	NA	NA	NA	NA	NA
JBHJCN010000007.1_14	11694	12587	894	-1	0.621	11	None	NA	NA	NA	0	0	0	1	NA	NA	NA	NA	NA
JBHJCN010000007.1_15	12587	14494	1908	-1	0.631	11	GGA/GAG/AGG	NA	NA	NA	0	0	0	1	NA	NA	NA	NA	NA
JBHJCN010000007.1_16	14508	15476	969	-1	0.635	11	GGxGG	NA	NA	NA	0	0	0	1	NA	NA	NA	NA	NA
JBHJCN010000007.1_17	15476	16654	1179	-1	0.625	11	GGA/GAG/AGG	GENOMAD.092833.CV	1.51e-96	322	0	0	0	1	NA	NA	NA	PF04733;PF18073;K19804;COG2956;TIGR00540	Lipopolysaccharide biosynthesis regulator YciM, contains six TPR domains and a predicted metal-binding C-terminal domain
JBHJCN010000007.1_18	16661	16966	306	-1	0.611	11	GGAG/GAGG	GENOMAD.036873.CC	1.734e-14	70	0	0	0	1	NA	NA	NA	PF06305;COG5416	Uncharacterized membrane protein YciS, DUF1049 family
JBHJCN010000007.1_19	17033	17344	312	-1	0.603	11	None	NA	NA	NA	0	0	0	1	NA	NA	NA	NA	NA
JBHJCN010000007.1_20	17433	19118	1686	-1	0.619	11	GGA/GAG/AGG	NA	NA	NA	0	0	0	1	NA	NA	NA	NA	NA
JBHJCN010000007.1_21	19301	19984	684	-1	0.659	11	GGA/GAG/AGG	NA	NA	NA	0	0	0	1	NA	NA	NA	NA	NA
JBHJCN010000007.1_22	20157	20282	126	1	0.603	11	GGAG/GAGG	GENOMAD.112966.CP	3.527e-11	57	0	0	0	1	NA	NA	NA	PF00444;COG0257;TIGR01022	Ribosomal protein L36
JBHJCN010000007.1_23	20523	20864	342	1	0.637	11	GGAG/GAGG	GENOMAD.008251.CC	6.963e-53	181	0	0	0	1	NA	NA	NA	PF11006	CAP-associated N-terminal
JBHJCN010000007.1_24	21100	22134	1035	1	0.665	11	GGA/GAG/AGG	NA	NA	NA	0	0	0	1	NA	NA	NA	NA	NA
JBHJCN010000007.1_25	22260	23144	885	1	0.667	11	GGA/GAG/AGG	GENOMAD.140368.CP	5.774e-12	69	0	0	0	1	NA	NA	NA	PF00795;K01506;TIGR03381;COG0388	N-carbamoylputrescine amidase
JBHJCN010000007.1_26	23148	23687	540	1	0.628	11	None	NA	NA	NA	0	0	0	1	NA	NA	NA	NA	NA
JBHJCN010000007.1_27	23680	24900	1221	1	0.652	11	None	NA	NA	NA	0	0	0	1	NA	NA	NA	NA	NA
JBHJCN010000007.1_28	25125	26021	897	-1	0.642	11	GGA/GAG/AGG	GENOMAD.177900.CP	6.543e-13	72	0	0	0	1	NA	NA	NA	PF19580;K06896;TIGR03395;COG0708	sphingomyelin phosphodiesterase
JBHJCN010000007.1_29	26081	29248	3168	-1	0.653	11	GGAG/GAGG	NA	NA	NA	0	0	0	1	NA	NA	NA	NA	NA
JBHJCN010000007.1_30	29245	30081	837	-1	0.624	11	AGGA	NA	NA	NA	0	0	0	1	NA	NA	NA	NA	NA
JBHJCN010000007.1_31	30078	30962	885	-1	0.628	11	GGAG/GAGG	NA	NA	NA	0	0	0	1	NA	NA	NA	NA	NA
JBHJCN010000007.1_32	30959	32329	1371	-1	0.646	11	GGA/GAG/AGG	GENOMAD.123940.CP	2.179e-16	85	0	0	0	1	NA	NA	NA	PF13416;K10120;COG2182;TIGR03850	Maltose-binding periplasmic protein MalE
JBHJCN010000007.1_33	32333	33952	1620	-1	0.631	11	GGxGG	GENOMAD.162180.CP	1.872e-114	381	0	0	0	1	NA	NA	NA	PF10091;COG5368	Putative glucoamylase
JBHJCN010000007.1_34	34056	37034	2979	-1	0.630	11	GGAGG	GENOMAD.125907.CP	3.999e-15	83	0	0	0	1	NA	NA	NA	PF14905;PF07715;TIGR01783;COG4771;K19611	TonB-dependent siderophore receptor
JBHJCN010000007.1_35	37168	38190	1023	-1	0.696	11	GGAGG	NA	NA	NA	0	0	0	1	NA	NA	NA	NA	NA
JBHJCN010000007.1_36	38568	38837	270	-1	0.693	11	None	GENOMAD.108170.CP	1.986e-08	52	0	0	0	1	NA	NA	NA	PF01722;COG5007;K05527	Acid stress-induced BolA-like protein IbaG/YrbA, predicted regulator of iron metabolism
JBHJCN010000007.1_37	38834	39133	300	-1	0.700	11	GGAG/GAGG	GENOMAD.153334.CP	9.153e-28	108	0	0	0	1	NA	NA	NA	PF03795;K09780;COG2350;TIGR03221	Uncharacterized conserved protein YciI, contains a putative active-site phosphohistidine
JBHJCN010000007.1_38	39368	40390	1023	1	0.626	11	GGA/GAG/AGG	GENOMAD.123012.CP	8.234e-19	91	0	0	0	1	NA	NA	NA	PF02616;COG1354;K05896	Chromatin segregation and condensation protein Rec8/ScpA/Scc1, kleisin family
JBHJCN010000007.1_39	40404	41600	1197	1	0.674	11	None	NA	NA	NA	0	0	0	1	NA	NA	NA	NA	NA
JBHJCN010000007.1_40	41593	43236	1644	1	0.704	11	GGAG/GAGG	GENOMAD.109423.CP	1.048e-34	144	0	0	0	1246	Caudoviricetes	NA	NA	PF13275;K06183;COG1187;TIGR00005	16S rRNA U516 pseudouridylate synthase RsuA and related 23S rRNA U2605, pseudouridylate synthases
JBHJCN010000007.1_41	43577	44014	438	-1	0.626	11	None	NA	NA	NA	0	0	0	1	NA	NA	NA	NA	NA
JBHJCN010000007.1_42	44178	44948	771	1	0.637	11	GGA/GAG/AGG	NA	NA	NA	0	0	0	1	NA	NA	NA	NA	NA
JBHJCN010000007.1_43	45035	45835	801	-1	0.645	11	GGA/GAG/AGG	GENOMAD.126969.CP	1.53e-09	61	0	0	0	1	NA	NA	NA	PF00795;TIGR03381;K01506;COG0388	N-carbamoylputrescine amidase
JBHJCN010000007.1_44	45984	47132	1149	-1	0.655	11	GGA/GAG/AGG	GENOMAD.126770.CP	4.194e-09	61	0	0	0	1	NA	NA	NA	NA	NA
JBHJCN010000007.1_45	47359	48003	645	1	0.684	11	GGA/GAG/AGG	NA	NA	NA	0	0	0	1	NA	NA	NA	NA	NA
JBHJCN010000007.1_46	48000	48695	696	1	0.672	11	GGAGG	GENOMAD.137442.CP	1.366e-26	111	0	0	0	1	NA	NA	NA	PF03379;TIGR01190;COG2386	heme exporter protein CcmB
JBHJCN010000007.1_47	48790	49542	753	1	0.647	11	None	GENOMAD.123398.CP	1.207e-24	106	0	0	0	1	NA	NA	NA	K02195;TIGR01191;COG0755	heme exporter protein CcmC
JBHJCN010000007.1_48	49539	49709	171	1	0.678	11	AGGAG	NA	NA	NA	0	0	0	1	NA	NA	NA	NA	NA
JBHJCN010000007.1_49	49706	50176	471	1	0.648	11	GGAG/GAGG	GENOMAD.134025.CP	2.646e-42	153	0	0	0	1	NA	NA	NA	PF03100;K02197;COG2332;TIGR00752	Cytochrome c-type biogenesis protein CcmE
JBHJCN010000007.1_50	50348	52285	1938	1	0.678	11	None	GENOMAD.137760.CP	4.659e-62	230	0	0	0	1	NA	NA	NA	COG1138	Cytochrome c biogenesis factor
JBHJCN010000007.1_51	52278	52880	603	1	0.653	11	GGAG/GAGG	GENOMAD.130406.CP	2.101e-05	47	0	0	0	1246	Caudoviricetes	NA	NA	PF00578;PF17127;TIGR00385;K02199;COG0386	periplasmic protein thiol:disulfide oxidoreductases, DsbE subfamily
JBHJCN010000007.1_52	52877	53308	432	1	0.681	11	None	NA	NA	NA	0	0	0	1	NA	NA	NA	NA	NA
JBHJCN010000007.1_53	53308	54321	1014	1	0.701	11	AGGAG	GENOMAD.145456.CP	2.063e-24	108	0	0	0	1	NA	NA	NA	PF09976;COG4235;TIGR03142;K02656	Cytochrome c-type biogenesis protein CcmH/NrfG
JBHJCN010000007.1_54	54622	55824	1203	1	0.658	11	None	NA	NA	NA	0	0	0	1	NA	NA	NA	NA	NA
JBHJCN010000007.1_55	55976	56590	615	1	0.621	11	GGA/GAG/AGG	GENOMAD.161509.CP	1.151e-08	57	0	0	0	1	NA	NA	NA	PF06961;COG3326	Uncharacterized membrane protein YsdA, DUF1294 family
JBHJCN010000007.1_56	56663	58348	1686	-1	0.691	11	GGAGG	NA	NA	NA	0	0	0	1	NA	NA	NA	NA	NA
JBHJCN010000007.1_57	58345	60081	1737	-1	0.684	11	None	NA	NA	NA	0	0	0	1	NA	NA	NA	NA	NA
JBHJCN010000007.1_58	60233	61855	1623	1	0.610	11	GGA/GAG/AGG	NA	NA	NA	0	0	0	1	NA	NA	NA	NA	NA
JBHJCN010000007.1_59	61872	63023	1152	1	0.651	11	AGGAG	NA	NA	NA	0	0	0	1	NA	NA	NA	NA	NA
JBHJCN010000007.1_60	63112	63222	111	1	0.631	11	AGGAG	NA	NA	NA	0	0	0	1	NA	NA	NA	NA	NA
JBHJCN010000007.1_61	63442	64707	1266	1	0.702	11	GGA/GAG/AGG	NA	NA	NA	0	0	0	1	NA	NA	NA	NA	NA
JBHJCN010000007.1_62	64688	66601	1914	-1	0.649	11	GGAG/GAGG	NA	NA	NA	0	0	0	1	NA	NA	NA	NA	NA
JBHJCN010000007.1_63	66926	69337	2412	1	0.663	11	None	NA	NA	NA	0	0	0	1	NA	NA	NA	NA	NA
JBHJCN010000007.1_64	69438	70682	1245	-1	0.667	11	None	NA	NA	NA	0	0	0	1	NA	NA	NA	NA	NA
JBHJCN010000007.1_65	70843	71997	1155	-1	0.682	11	AGGA	NA	NA	NA	0	0	0	1	NA	NA	NA	NA	NA
JBHJCN010000007.1_66	72011	72271	261	-1	0.651	11	GGA/GAG/AGG	GENOMAD.183170.CP	1.805e-15	72	0	0	0	1	NA	NA	NA	PF02426;COG4829;TIGR03221	Muconolactone delta-isomerase
JBHJCN010000007.1_67	72268	73566	1299	-1	0.661	11	GGA/GAG/AGG	NA	NA	NA	0	0	0	1	NA	NA	NA	NA	NA
JBHJCN010000007.1_68	73691	74641	951	-1	0.638	11	GGA/GAG/AGG	GENOMAD.115187.CP	1.333e-25	111	0	0	0	1	NA	NA	NA	PF02774;PF01118;K05829;TIGR01850;COG0002	N-acetyl-gamma-glutamyl-phosphate reductase, common form
JBHJCN010000007.1_69	74638	75204	567	-1	0.663	11	GGA/GAG/AGG	NA	NA	NA	0	0	0	1	NA	NA	NA	NA	NA
JBHJCN010000007.1_70	75255	76598	1344	-1	0.625	11	None	GENOMAD.198386.CV	2.319e-51	192	0	0	0	1	NA	NA	NA	PF04768	NAT, N-acetyltransferase, of N-acetylglutamate synthase
JBHJCN010000007.1_71	76643	77743	1101	-1	0.670	11	None	NA	NA	NA	0	0	0	1	NA	NA	NA	NA	NA
JBHJCN010000007.1_72	77749	78201	453	-1	0.640	11	GGAG/GAGG	NA	NA	NA	0	0	0	1	NA	NA	NA	NA	NA
JBHJCN010000007.1_73	78442	79677	1236	-1	0.635	11	AGGA	GENOMAD.101078.CP	4.149e-08	58	0	0	0	1	NA	NA	NA	NA	NA
JBHJCN010000007.1_74	79732	80763	1032	-1	0.621	11	AGGA	GENOMAD.121677.CP	3.259e-09	61	0	0	0	1	NA	NA	NA	NA	NA
JBHJCN010000007.1_75	81076	81570	495	-1	0.655	11	None	GENOMAD.029544.CC	1.677e-59	203	0	0	0	1	NA	NA	NA	COG3134	Uncharacterized conserved protein YcfJ, contains glycine zipper 2TM domain
JBHJCN010000007.1_76	81748	83172	1425	1	0.658	11	GGA/GAG/AGG	NA	NA	NA	0	0	0	1	NA	NA	NA	NA	NA
JBHJCN010000007.1_77	83438	83875	438	1	0.635	11	GGA/GAG/AGG	GENOMAD.135911.CV	7.108e-05	44	0	0	0	16033	Crassvirales	NA	NA	PF02657;K02426;COG2166;TIGR03391	Sulfur transfer protein SufE, Fe-S cluster assembly
JBHJCN010000007.1_78	83872	85122	1251	1	0.687	11	None	GENOMAD.140488.CP	3.583e-07	55	0	0	0	1	NA	NA	NA	K23448;COG2223	Nitrate/nitrite transporter NarK
JBHJCN010000007.1_79	85337	86377	1041	-1	0.636	11	AGGA	GENOMAD.141801.CP	4.262e-19	92	0	0	0	1	NA	NA	NA	TIGR02420;COG1734	RNA polymerase-binding protein DksA
JBHJCN010000007.1_80	86462	86755	294	1	0.653	11	None	NA	NA	NA	0	0	0	1	NA	NA	NA	NA	NA
JBHJCN010000007.1_81	86752	88101	1350	1	0.644	11	AGGA	NA	NA	NA	0	0	0	1	NA	NA	NA	NA	NA
JBHJCN010000007.1_82	88101	88943	843	1	0.674	11	None	NA	NA	NA	0	0	0	1	NA	NA	NA	NA	NA
JBHJCN010000007.1_83	89101	89562	462	1	0.626	11	GGAG/GAGG	GENOMAD.132461.CP	1.773e-06	49	0	0	0	1	NA	NA	NA	PF13669;K05606;TIGR03081;COG2764	methylmalonyl-CoA epimerase
JBHJCN010000007.1_84	89989	90219	231	1	0.602	11	AGGAG	NA	NA	NA	0	0	0	1	NA	NA	NA	NA	NA
JBHJCN010000007.1_85	90250	91344	1095	1	0.637	11	None	NA	NA	NA	0	0	0	1	NA	NA	NA	NA	NA
JBHJCN010000007.1_86	91341	92750	1410	1	0.645	11	None	NA	NA	NA	0	0	0	1	NA	NA	NA	NA	NA
JBHJCN010000007.1_87	92827	93561	735	1	0.669	11	None	NA	NA	NA	0	0	0	1	NA	NA	NA	NA	NA
JBHJCN010000007.1_88	93616	93906	291	-1	0.567	11	AGGAG	NA	NA	NA	0	0	0	1	NA	NA	NA	NA	NA
JBHJCN010000007.1_89	94000	94881	882	-1	0.653	11	GGAG/GAGG	GENOMAD.154597.PC	1.098e-61	216	0	0	0	1	NA	NA	NF033105	PF00753;K13075;TIGR04558;COG0491	quinoprotein relay system zinc metallohydrolase 1
JBHJCN010000007.1_90	95001	95489	489	-1	0.601	11	AGGA	GENOMAD.179162.PC	6.933e-43	155	0	0	0	1	NA	NA	NA	PF16242;COG3871;TIGR04025	Pyridoxamine 5'-phosphate oxidase like
JBHJCN010000007.1_91	95922	96947	1026	1	0.588	11	GGA/GAG/AGG	GENOMAD.190703.PC	8.567e-11	66	0	0	0	1	NA	NA	NA	PF03761;K04775;COG3591;TIGR02038	V8-like Glu-specific endopeptidase
JBHJCN010000007.1_92	97395	98249	855	1	0.478	11	GGAG/GAGG	GENOMAD.191510.PC	3.456e-100	327	0	0	0	1	NA	NA	NA	PF00544;K01728;COG3866	Pectate lyase
JBHJCN010000007.1_93	98870	100540	1671	1	0.606	11	GGAG/GAGG	GENOMAD.179497.PC	4.852e-76	269	0	0	0	1	NA	NA	NA	K01184;COG5434	Polygalacturonase
JBHJCN010000007.1_94	100757	101446	690	-1	0.696	11	GGA/GAG/AGG	GENOMAD.028244.CC	3.152e-92	301	0	0	0	1	NA	NA	NA	PF00494;COG1562;TIGR03465	Phytoene/squalene synthetase
JBHJCN010000007.1_95	101475	102167	693	-1	0.664	11	GGxGG	NA	NA	NA	0	0	0	1	NA	NA	NA	NA	NA
JBHJCN010000007.1_96	102253	102972	720	-1	0.646	11	GGAG/GAGG	GENOMAD.136799.CP	0.0003157	44	0	0	0	1	NA	NA	NA	PF08123;TIGR02021;K13623;COG4106	magnesium protoporphyrin O-methyltransferase
JBHJCN010000007.1_97	103003	104340	1338	-1	0.656	11	GGA/GAG/AGG	GENOMAD.127377.CP	5.719e-05	48	0	0	0	1	NA	NA	NA	PF00962;K18456;TIGR03314;COG1816	putative selenium metabolism protein SsnA
JBHJCN010000007.1_98	104358	105338	981	-1	0.679	11	None	GENOMAD.205455.PC	1.427e-35	141	0	0	0	1	NA	NA	NA	NA	NA
JBHJCN010000007.1_99	105344	105910	567	-1	0.628	11	AGGAG	GENOMAD.105354.CP	1.006e-50	179	1	0	0	1	NA	NA	NA	PF09285;PF01132;PF08207;K02356;TIGR02178;COG0231	elongation factor P-like protein YeiP
JBHJCN010000007.1_100	106100	107041	942	1	0.710	11	AGxAG	NA	NA	NA	0	0	0	1	NA	NA	NA	NA	NA
JBHJCN010000007.1_101	107141	109258	2118	-1	0.666	11	GGA/GAG/AGG	NA	NA	NA	0	0	0	1	NA	NA	NA	NA	NA
JBHJCN010000007.1_102	109255	110115	861	-1	0.664	11	GGA/GAG/AGG	GENOMAD.145709.CP	7.932e-136	430	0	0	0	1	NA	NA	NA	PF06646;K02044;TIGR03431;COG3221	Extracytoplasmic thiamine-binding lipoprotein
JBHJCN010000007.1_103	110236	110922	687	-1	0.699	11	None	NA	NA	NA	0	0	0	1	NA	NA	NA	NA	NA
JBHJCN010000007.1_104	111118	111951	834	1	0.645	11	GGAG/GAGG	GENOMAD.123216.CP	1.214e-19	92	0	0	0	1	NA	NA	NA	PF00459;K01092;COG0483;TIGR02067	Archaeal fructose-1,6-bisphosphatase or related enzyme of inositol monophosphatase family
JBHJCN010000007.1_105	112328	112939	612	-1	0.611	11	AGGAG	NA	NA	NA	0	0	0	1	NA	NA	NA	NA	NA
JBHJCN010000007.1_106	113191	113631	441	1	0.694	11	GGA/GAG/AGG	GENOMAD.192274.CP	1.422e-27	110	0	0	0	1	NA	NA	NA	PF00545	ribonuclease
JBHJCN010000007.1_107	113628	114053	426	1	0.676	11	GGA/GAG/AGG	GENOMAD.178838.CP	1.181e-18	84	0	0	0	1246	Caudoviricetes	NA	NA	PF01337;COG2732;K03623	Barstar, RNAse (barnase) inhibitor
JBHJCN010000007.1_108	114344	116233	1890	-1	0.645	11	None	NA	NA	NA	0	0	0	1	NA	NA	NA	NA	NA
JBHJCN010000007.1_109	116344	117726	1383	1	0.669	11	None	GENOMAD.100160.CP	5.095e-08	58	0	0	0	1	NA	NA	NA	PF17774	Putative RNA-binding domain in YlmH
JBHJCN010000007.1_110	117827	118387	561	-1	0.656	11	None	NA	NA	NA	0	0	0	1	NA	NA	NA	NA	NA
JBHJCN010000007.1_111	118482	120038	1557	-1	0.672	11	GGA/GAG/AGG	NA	NA	NA	0	0	0	1	NA	NA	NA	NA	NA
JBHJCN010000007.1_112	120380	121195	816	1	0.652	11	None	NA	NA	NA	0	0	0	1	NA	NA	NA	NA	NA
JBHJCN010000007.1_113	121409	122107	699	-1	0.642	11	None	NA	NA	NA	0	0	0	1	NA	NA	NA	NA	NA
JBHJCN010000007.1_114	122278	122487	210	-1	0.619	11	AGGAG	NA	NA	NA	0	0	0	1	NA	NA	NA	NA	NA
JBHJCN010000007.1_115	123040	123588	549	1	0.670	11	None	GENOMAD.151568.CP	5.999e-71	237	0	0	0	1	NA	NA	NA	PF07152;COG4681	Uncharacterized conserved protein YaeQ, suppresses RfaH defect
JBHJCN010000007.1_116	123585	124766	1182	1	0.655	11	None	GENOMAD.117314.CP	1.955e-20	97	0	0	0	1	NA	NA	NA	NA	NA
JBHJCN010000007.1_117	124982	127051	2070	1	0.644	11	GGAG/GAGG	NA	NA	NA	0	0	0	1	NA	NA	NA	NA	NA
JBHJCN010000007.1_118	127151	128029	879	-1	0.650	11	GGAG/GAGG	GENOMAD.119278.CP	7.683e-76	257	0	0	0	1	NA	NA	NA	PF01435	Peptidase family M48
JBHJCN010000007.1_119	128127	129026	900	1	0.702	11	None	NA	NA	NA	0	0	0	1	NA	NA	NA	NA	NA
JBHJCN010000007.1_120	129109	129849	741	1	0.644	11	GGAG/GAGG	NA	NA	NA	0	0	0	1	NA	NA	NA	NA	NA
JBHJCN010000007.1_121	130009	130584	576	1	0.635	11	None	GENOMAD.123535.CP	8.741e-10	60	0	0	0	1	NA	NA	NA	PF05233	PHB accumulation regulatory domain
JBHJCN010000007.1_122	130769	131743	975	-1	0.681	11	GGAG/GAGG	GENOMAD.130634.CP	5.318e-40	154	0	0	0	1	NA	NA	NA	PF01963;K09973;COG3735;TIGR00261	Uncharacterized conserved protein YbaP, TraB family
JBHJCN010000007.1_123	131777	132712	936	-1	0.658	11	GGAG/GAGG	GENOMAD.159926.CP	4.291e-36	142	0	0	0	1	NA	NA	NA	PF07920;COG3358;K09164	Uncharacterized conserved protein, DUF1684 family
JBHJCN010000007.1_124	132712	134589	1878	-1	0.669	11	GGAG/GAGG	NA	NA	NA	0	0	0	1	NA	NA	NA	NA	NA
JBHJCN010000007.1_125	134728	136428	1701	-1	0.674	11	None	GENOMAD.082750.CP	8.634e-09	61	0	0	0	1	NA	NA	NA	PF11741	AMIN domain
JBHJCN010000007.1_126	136477	136998	522	-1	0.663	11	GGAG/GAGG	GENOMAD.073523.CV	1.018e-34	132	1	0	0	1	NA	NA	NA	PF02367;K06925;TIGR00150;COG0802	tRNA threonylcarbamoyl adenosine modification protein YjeE
JBHJCN010000007.1_127	136995	138482	1488	-1	0.694	11	None	GENOMAD.093644.CP	1.564e-17	89	1	0	0	1	NA	NA	NA	PF03853;TIGR00197;COG0062;K23997	yjeF N-terminal region
JBHJCN010000007.1_128	138507	139574	1068	1	0.661	11	None	NA	NA	NA	0	0	0	1	NA	NA	NA	NA	NA
JBHJCN010000007.1_129	139698	141035	1338	1	0.682	11	GGA/GAG/AGG	NA	NA	NA	0	0	0	1	NA	NA	NA	NA	NA
JBHJCN010000007.1_130	141328	142590	1263	-1	0.665	11	GGA/GAG/AGG	GENOMAD.196178.PC	2.583e-49	185	0	1	0	1	NA	NA	NA	PF06057;COG3946;TIGR03100;K05714	Type IV secretory pathway, VirJ component
JBHJCN010000007.1_131	143087	144832	1746	-1	0.699	11	None	GENOMAD.010877.CC	7.431e-08	58	0	0	0	1	NA	NA	NA	K09667;COG4105	Outer membrane protein assembly factor BamD, BamD/ComL family
JBHJCN010000007.1_132	145191	146282	1092	1	0.678	11	GGA/GAG/AGG	NA	NA	NA	0	0	0	1	NA	NA	NA	NA	NA
JBHJCN010000007.1_133	146487	149105	2619	-1	0.655	11	GGA/GAG/AGG	GENOMAD.151253.CP	1.707e-37	156	0	0	0	1	NA	NA	NA	PF01896;COG3285;TIGR02778	Eukaryotic-type DNA primase
JBHJCN010000007.1_134	149120	149296	177	-1	0.627	11	AGGAG	GENOMAD.224383.PV	1.238e-07	48	0	0	0	1246	Caudoviricetes	NA	NA	PF12244	NA
JBHJCN010000007.1_135	149516	149917	402	1	0.600	11	GGAG/GAGG	GENOMAD.116980.PP	3.599e-53	183	0	0	0	1	NA	NA	NA	COG2916;K11685	DNA-binding protein H-NS
JBHJCN010000007.1_136	150261	151475	1215	1	0.614	11	AGGAG	NA	NA	NA	0	0	0	1	NA	NA	NA	NA	NA
JBHJCN010000007.1_137	151487	152248	762	-1	0.546	11	AGGA/GGAG/GAGG	NA	NA	NA	0	0	0	1	NA	NA	NA	NA	NA
JBHJCN010000007.1_138	152878	153117	240	1	0.637	11	GGA/GAG/AGG	NA	NA	NA	0	0	0	1	NA	NA	NA	NA	NA
JBHJCN010000007.1_139	153142	153936	795	1	0.545	11	None	NA	NA	NA	0	0	0	1	NA	NA	NA	NA	NA
JBHJCN010000007.1_140	154430	154663	234	1	0.620	11	GGA/GAG/AGG	NA	NA	NA	0	0	0	1	NA	NA	NA	NA	NA
JBHJCN010000007.1_141	154910	155086	177	1	0.650	11	GGA/GAG/AGG	NA	NA	NA	0	0	0	1	NA	NA	NA	NA	NA
JBHJCN010000007.1_142	155390	156475	1086	1	0.666	11	GGxGG	NA	NA	NA	0	0	0	1	NA	NA	NA	NA	NA
JBHJCN010000007.1_143	156518	157027	510	-1	0.635	11	GGA/GAG/AGG	GENOMAD.119444.CP	1.67e-16	79	0	0	0	1	NA	NA	NA	PF01584;COG0835;K13489	Chemotaxis signal transduction protein
JBHJCN010000007.1_144	157039	158697	1659	-1	0.650	11	GGA/GAG/AGG	NA	NA	NA	0	0	0	1	NA	NA	NA	NA	NA
JBHJCN010000007.1_145	158995	159615	621	1	0.689	11	None	NA	NA	NA	0	0	0	1	NA	NA	NA	NA	NA
JBHJCN010000007.1_146	159555	163949	4395	-1	0.682	11	None	GENOMAD.132239.CP	1.23e-100	364	0	0	0	1	NA	NA	NA	PF08494	DEAD/H associated
JBHJCN010000007.1_147	164328	164672	345	1	0.646	11	None	GENOMAD.138361.CV	2.953e-14	70	0	0	0	1	NA	NA	NA	PF11743	NA
JBHJCN010000007.1_148	164866	165198	333	-1	0.613	11	GGAGG	NA	NA	NA	0	0	0	1	NA	NA	NA	NA	NA
JBHJCN010000007.1_149	165389	165829	441	-1	0.669	11	None	GENOMAD.159368.VC	2.899e-19	86	0	0	0	6467	Agricanvirus	NA	NA	PF04386;K03600;COG2969	Stringent starvation protein B, binds SsrA peptide
JBHJCN010000007.1_150	165908	166543	636	-1	0.612	11	GGAG/GAGG	NA	NA	NA	0	0	0	1	NA	NA	NA	NA	NA
JBHJCN010000007.1_151	166953	167633	681	-1	0.604	11	GGxGG	GENOMAD.095404.CP	4.515e-69	234	0	0	0	1	NA	NA	NA	PF02167;K02720;TIGR04484	Cytochrome C1 family
JBHJCN010000007.1_152	167704	168963	1260	-1	0.609	11	GGxGG	GENOMAD.118563.CP	2.146e-27	119	0	0	0	1	NA	NA	NA	COG1290;K00412	Cytochrome b subunit of the bc complex
JBHJCN010000007.1_153	168963	169607	645	-1	0.620	11	GGAG/GAGG	NA	NA	NA	0	0	0	1	NA	NA	NA	NA	NA
JBHJCN010000007.1_154	170114	171097	984	-1	0.666	11	GGA/GAG/AGG	NA	NA	NA	0	0	0	1	NA	NA	NA	NA	NA
JBHJCN010000007.1_155	171289	172254	966	-1	0.713	11	GGxGG	NA	NA	NA	0	0	0	1	NA	NA	NA	NA	NA
JBHJCN010000007.1_156	172359	173003	645	1	0.684	11	GGAG/GAGG	NA	NA	NA	0	0	0	1	NA	NA	NA	NA	NA
JBHJCN010000007.1_157	173042	174496	1455	1	0.644	11	GGA/GAG/AGG	NA	NA	NA	0	0	0	1	NA	NA	NA	NA	NA
JBHJCN010000007.1_158	174920	175903	984	1	0.624	11	None	GENOMAD.137621.VC	1.917e-06	52	0	0	0	1246	Caudoviricetes	NA	NA	PF13086;TIGR03158;COG0210	AAA domain
JBHJCN010000007.1_159	176008	176451	444	1	0.651	11	None	NA	NA	NA	0	0	0	1	NA	NA	NA	NA	NA
JBHJCN010000007.1_160	176551	177036	486	1	0.648	11	None	GENOMAD.106003.CV	4.665e-06	48	1	0	0	1246	Caudoviricetes	NA	NA	PF02130;TIGR00043;COG0319	rRNA maturation RNase YbeY
JBHJCN010000007.1_161	177036	177554	519	1	0.655	11	AGGAG	NA	NA	NA	0	0	0	1	NA	NA	NA	NA	NA
JBHJCN010000007.1_162	177650	178528	879	1	0.637	11	None	NA	NA	NA	0	0	0	1	NA	NA	NA	NA	NA
JBHJCN010000007.1_163	178525	179796	1272	1	0.670	11	AGGA	GENOMAD.137314.CP	1.917e-98	329	0	0	0	1	NA	NA	NA	NA	NA
JBHJCN010000007.1_164	179812	180813	1002	1	0.628	11	AGGA	NA	NA	NA	0	0	0	1	NA	NA	NA	NA	NA
JBHJCN010000007.1_165	180972	182336	1365	-1	0.668	11	AGGAG	NA	NA	NA	0	0	0	1	NA	NA	NA	NA	NA
JBHJCN010000007.1_166	182549	183397	849	-1	0.647	11	GGA/GAG/AGG	NA	NA	NA	0	0	0	1	NA	NA	NA	NA	NA
JBHJCN010000007.1_167	183394	184437	1044	-1	0.632	11	None	NA	NA	NA	0	0	0	1	NA	NA	NA	NA	NA
JBHJCN010000007.1_168	184434	185285	852	-1	0.646	11	GGA/GAG/AGG	GENOMAD.126777.CP	3.206e-07	54	0	0	0	1	NA	NA	NA	PF17912;PF03459;COG3585;TIGR00638	MalK OB fold domain; TOBE domain
JBHJCN010000007.1_169	185682	187172	1491	-1	0.698	11	None	NA	NA	NA	0	0	0	1	NA	NA	NA	NA	NA
JBHJCN010000007.1_170	187177	188763	1587	-1	0.662	11	AGGAG	GENOMAD.162124.CP	0.0001488	47	0	0	0	1	NA	NA	NA	PF06609;K03446;TIGR00711;COG2223	drug resistance transporter, EmrB/QacA subfamily
JBHJCN010000007.1_171	188760	189962	1203	-1	0.670	11	AGGA	GENOMAD.138157.CP	8.255e-43	165	0	0	0	1	NA	NA	NA	PF13437;TIGR02828	HlyD family secretion protein
JBHJCN010000007.1_172	190212	191327	1116	-1	0.616	11	GGAG/GAGG	GENOMAD.152308.CP	2.088e-05	49	0	0	0	1	NA	NA	NA	PF13416;K11069;TIGR03227;COG4134	2-aminoethylphosphonate ABC transporter, periplasmic 2-aminoethylphosphonate binding protein
JBHJCN010000007.1_173	191547	192914	1368	-1	0.664	11	GGAG/GAGG	NA	NA	NA	0	0	0	1	NA	NA	NA	NA	NA
JBHJCN010000007.1_174	193129	194514	1386	-1	0.634	11	GGA/GAG/AGG	GENOMAD.120657.CP	6.1e-09	61	0	0	0	1	NA	NA	NA	PF00120;COG3968;TIGR03105;K01915	Glutamine synthetase type III
JBHJCN010000007.1_175	194521	195276	756	-1	0.680	11	GGA/GAG/AGG	GENOMAD.194686.CP	3.087e-13	72	0	0	0	1	NA	NA	NA	PF07722;K09473	Peptidase C26
JBHJCN010000007.1_176	195420	196799	1380	1	0.670	11	GGA/GAG/AGG	GENOMAD.120657.CP	1.749e-06	53	0	0	0	1	NA	NA	NA	PF00120;COG3968;TIGR03105;K01915	Glutamine synthetase type III
JBHJCN010000007.1_177	196799	198115	1317	1	0.704	11	None	NA	NA	NA	0	0	0	1	NA	NA	NA	NA	NA
JBHJCN010000007.1_178	198200	199498	1299	1	0.636	11	None	NA	NA	NA	0	0	0	1	NA	NA	NA	NA	NA
JBHJCN010000007.1_179	199628	200089	462	1	0.604	11	GGA/GAG/AGG	NA	NA	NA	0	0	0	1	NA	NA	NA	NA	NA
JBHJCN010000007.1_180	200206	201486	1281	-1	0.660	11	GGA/GAG/AGG	NA	NA	NA	0	0	0	1	NA	NA	NA	NA	NA
JBHJCN010000007.1_181	201791	202099	309	-1	0.680	11	None	NA	NA	NA	0	0	0	1	NA	NA	NA	NA	NA
JBHJCN010000007.1_182	202059	204407	2349	-1	0.653	11	GGAG/GAGG	NA	NA	NA	0	0	0	1	NA	NA	NA	NA	NA
JBHJCN010000007.1_183	204404	205249	846	-1	0.662	11	GGA/GAG/AGG	GENOMAD.151402.CP	1.314e-18	89	0	0	0	1	NA	NA	NA	PF02634;K18360;COG1526;TIGR00129	Formate dehydrogenase assembly factor FdhD
JBHJCN010000007.1_184	205256	206935	1680	-1	0.655	11	GGA/GAG/AGG	NA	NA	NA	0	0	0	1	NA	NA	NA	NA	NA
JBHJCN010000007.1_185	207464	208816	1353	1	0.670	11	GGAG/GAGG	NA	NA	NA	0	0	0	1	NA	NA	NA	NA	NA
JBHJCN010000007.1_186	208951	209805	855	1	0.671	11	None	GENOMAD.216231.VP	6.113e-16	81	0	0	1	1246	Caudoviricetes	NA	NA	PF05521;TIGR01563;COG5614	phage head-tail adaptor, putative, SPP1 family
JBHJCN010000007.1_187	210097	211341	1245	1	0.633	11	None	GENOMAD.167755.CP	2.622e-89	302	0	0	0	1	NA	NA	NA	COG2733	Uncharacterized membrane-anchored protein YjiN, DUF445 family
JBHJCN010000007.1_188	211485	215579	4095	1	0.654	11	AGGA	NA	NA	NA	0	0	0	1	NA	NA	NA	NA	NA
JBHJCN010000007.1_189	215610	216596	987	1	0.666	11	AGGA	NA	NA	NA	0	0	0	1	NA	NA	NA	NA	NA
JBHJCN010000007.1_190	217075	218502	1428	1	0.652	11	GGA/GAG/AGG	NA	NA	NA	0	0	0	1	NA	NA	NA	NA	NA
JBHJCN010000007.1_191	218732	223741	5010	-1	0.653	11	None	GENOMAD.119435.CP	0.0	1168	0	0	0	1	NA	NA	NA	PF05088;K15371;COG2902	Bacterial NAD-glutamate dehydrogenase
JBHJCN010000007.1_192	224110	224679	570	1	0.654	11	GGA/GAG/AGG	GENOMAD.127433.CP	3.057e-90	293	0	0	0	1	NA	NA	NA	PF14246;PF13022;K18301;TIGR03613;COG3226	pyrimidine utilization regulatory protein R
JBHJCN010000007.1_193	224694	226001	1308	1	0.704	11	GGAG/GAGG	NA	NA	NA	0	0	0	1	NA	NA	NA	NA	NA
JBHJCN010000007.1_194	226014	229184	3171	1	0.640	11	GGA/GAG/AGG	NA	NA	NA	0	0	0	1	NA	NA	NA	NA	NA
JBHJCN010000007.1_195	229530	230528	999	-1	0.677	11	GGA/GAG/AGG	NA	NA	NA	0	0	0	1	NA	NA	NA	NA	NA
JBHJCN010000007.1_196	230912	231790	879	-1	0.726	11	None	NA	NA	NA	0	0	0	1	NA	NA	NA	NA	NA
JBHJCN010000007.1_197	232027	233205	1179	1	0.699	11	GGA/GAG/AGG	NA	NA	NA	0	0	0	1	NA	NA	NA	NA	NA
JBHJCN010000007.1_198	233202	234158	957	1	0.717	11	GGAG/GAGG	NA	NA	NA	0	0	0	1	NA	NA	NA	NA	NA
JBHJCN010000007.1_199	234312	236054	1743	1	0.696	11	AGGAG	NA	NA	NA	0	0	0	1	NA	NA	NA	NA	NA
JBHJCN010000007.1_200	236226	237503	1278	1	0.650	11	GGAG/GAGG	GENOMAD.189627.PC	7.239e-66	234	0	0	0	1	NA	NA	NA	PF04966;COG3659;K07267	Carbohydrate-selective porin OprB
JBHJCN010000008.1_1	381	2306	1926	1	0.665	11	GGA/GAG/AGG	GENOMAD.171982.CP	4.576e-12	72	0	0	0	1	NA	NA	NA	PF07738	NA
JBHJCN010000008.1_2	2303	2824	522	1	0.649	11	None	NA	NA	NA	0	0	0	1	NA	NA	NA	NA	NA
JBHJCN010000008.1_3	3062	5626	2565	-1	0.659	11	AGGA	GENOMAD.146053.CP	0.000138	48	0	0	0	1	NA	NA	NA	PF18368;PF02836;PF02837;PF17786;K15855;COG3250	Beta-galactosidase/beta-glucuronidase
JBHJCN010000008.1_4	5623	6834	1212	-1	0.628	11	GGAG/GAGG	NA	NA	NA	0	0	0	1	NA	NA	NA	NA	NA
JBHJCN010000008.1_5	7019	9712	2694	-1	0.643	11	GGAGG	GENOMAD.152082.CP	8.346e-55	212	0	0	0	1	NA	NA	NA	PF00593;PF07715;PF00691;TIGR01782;COG4773;K16089	TonB-dependent receptor
JBHJCN010000008.1_6	10228	11613	1386	-1	0.687	11	None	GENOMAD.179217.PC	1.214e-60	220	0	0	0	1	NA	NA	NA	PF09856	Short-chain fatty acyl coenzyme A regulators
JBHJCN010000008.1_7	11752	13257	1506	1	0.651	11	GGA/GAG/AGG	NA	NA	NA	0	0	0	1	NA	NA	NA	NA	NA
JBHJCN010000008.1_8	13268	14449	1182	1	0.651	11	None	NA	NA	NA	0	0	0	1	NA	NA	NA	NA	NA
JBHJCN010000008.1_9	14446	15243	798	1	0.672	11	AGGAG	NA	NA	NA	0	0	0	1	NA	NA	NA	NA	NA
JBHJCN010000008.1_10	15243	16424	1182	1	0.658	11	GGAG/GAGG	NA	NA	NA	0	0	0	1	NA	NA	NA	NA	NA
JBHJCN010000008.1_11	16590	17477	888	1	0.670	11	GGA/GAG/AGG	NA	NA	NA	0	0	0	1	NA	NA	NA	NA	NA
JBHJCN010000008.1_12	17691	18656	966	1	0.655	11	AGxAG	NA	NA	NA	0	0	0	1	NA	NA	NA	NA	NA
JBHJCN010000008.1_13	18872	20953	2082	-1	0.681	11	GGA/GAG/AGG	NA	NA	NA	0	0	0	1	NA	NA	NA	NA	NA
JBHJCN010000008.1_14	21190	21810	621	1	0.628	11	AGGAG/GGAGG	NA	NA	NA	0	0	0	1	NA	NA	NA	NA	NA
JBHJCN010000008.1_15	21807	22703	897	1	0.717	11	GGA/GAG/AGG	GENOMAD.006189.CC	3.681e-124	397	0	0	0	1	NA	NA	NA	K03597;COG3073	Negative regulator of sigma E activity
JBHJCN010000008.1_16	22813	24390	1578	1	0.683	11	GGAGG	NA	NA	NA	0	0	0	1	NA	NA	NA	NA	NA
JBHJCN010000008.1_17	24580	26370	1791	1	0.623	11	None	NA	NA	NA	0	0	0	1	NA	NA	NA	NA	NA
JBHJCN010000008.1_18	26476	27276	801	1	0.617	11	AGGA	NA	NA	NA	0	0	0	1	NA	NA	NA	NA	NA
JBHJCN010000008.1_19	27307	27684	378	1	0.524	11	GGA/GAG/AGG	GENOMAD.003954.CC	1.69e-65	218	0	0	0	1	NA	NA	NA	PF16137;COG4970;TIGR01708;K10924	Tfp pilus assembly protein FimT
JBHJCN010000008.1_20	27674	28354	681	1	0.656	11	None	NA	NA	NA	0	0	0	1	NA	NA	NA	NA	NA
JBHJCN010000008.1_21	28351	29253	903	1	0.670	11	GGA/GAG/AGG	NA	NA	NA	0	0	0	1	NA	NA	NA	NA	NA
JBHJCN010000008.1_22	29280	30056	777	1	0.574	11	AGGAG	NA	NA	NA	0	0	0	1	NA	NA	NA	NA	NA
JBHJCN010000008.1_23	30194	30916	723	1	0.687	11	GGA/GAG/AGG	GENOMAD.001567.CC	1.447e-30	123	1	0	0	1	NA	NA	NA	PF11967;PF02565;TIGR00613;COG1381;K03584	DNA repair protein RecO
JBHJCN010000008.1_24	31317	32039	723	-1	0.680	11	AGGAGG	NA	NA	NA	0	0	0	1	NA	NA	NA	NA	NA
JBHJCN010000008.1_25	32198	33532	1335	1	0.659	11	None	NA	NA	NA	0	0	0	1	NA	NA	NA	NA	NA
JBHJCN010000008.1_26	33612	34109	498	1	0.594	11	None	NA	NA	NA	0	0	0	1	NA	NA	NA	NA	NA
JBHJCN010000008.1_27	34335	35018	684	1	0.675	11	None	GENOMAD.153561.CP	1.556e-06	51	0	0	0	1	NA	NA	NA	PF13743;COG2761;K07396	Predicted dithiol-disulfide isomerase, DsbA family
JBHJCN010000008.1_28	35035	36030	996	1	0.680	11	None	GENOMAD.148271.CP	7.849e-11	66	0	0	0	1	NA	NA	NA	PF13454;K18208;COG3380;TIGR00031	Predicted NAD/FAD-dependent oxidoreductase
JBHJCN010000008.1_29	36154	37788	1635	1	0.651	11	GGA/GAG/AGG	NA	NA	NA	0	0	0	1	NA	NA	NA	NA	NA
JBHJCN010000008.1_30	37904	38908	1005	1	0.693	11	GGAG/GAGG	GENOMAD.125846.CP	1.772e-35	141	0	0	0	1	NA	NA	NA	PF00933;K01207;COG1472	Periplasmic beta-glucosidase and related glycosidases
JBHJCN010000008.1_31	38908	39462	555	1	0.665	11	GGA/GAG/AGG	NA	NA	NA	0	0	0	1	NA	NA	NA	NA	NA
JBHJCN010000008.1_32	39550	40302	753	1	0.651	11	GGAG/GAGG	NA	NA	NA	0	0	0	1	NA	NA	NA	NA	NA
JBHJCN010000008.1_33	40390	40596	207	1	0.609	11	GGA/GAG/AGG	NA	NA	NA	0	0	0	1	NA	NA	NA	NA	NA
JBHJCN010000008.1_34	40691	41734	1044	1	0.668	11	AGxAGG/AGGxGG	NA	NA	NA	0	0	0	1	NA	NA	NA	NA	NA
JBHJCN010000008.1_35	41797	41961	165	1	0.709	11	None	NA	NA	NA	0	0	0	1	NA	NA	NA	NA	NA
JBHJCN010000008.1_36	41980	42630	651	-1	0.677	11	GGAG/GAGG	GENOMAD.130152.CP	1.974e-25	107	0	0	0	1	NA	NA	NA	PF00149;K06953;TIGR04123;COG1407	metallophosphoesterase, DNA ligase-associated
JBHJCN010000008.1_37	42620	45121	2502	-1	0.677	11	GGA/GAG/AGG	GENOMAD.133515.CP	6.164e-51	199	0	0	0	1	NA	NA	NA	PF19306	Helicase Lhr winged helix domain
JBHJCN010000008.1_38	45118	46722	1605	-1	0.668	11	GGA/GAG/AGG	GENOMAD.038680.VV	0.0001512	47	0	0	0	13293	Aobingvirus yangshanense	NA	NA	PF04679;PF11272;TIGR02776	DNA ligase D
JBHJCN010000008.1_39	46949	47971	1023	-1	0.667	11	GGA/GAG/AGG	GENOMAD.151488.CP	1.542e-90	302	0	0	0	1	NA	NA	NA	PF12706;PF07521;K07577;TIGR04122;COG1236	putative exonuclease, DNA ligase-associated
JBHJCN010000008.1_40	48351	48716	366	-1	0.713	11	None	NA	NA	NA	0	0	0	1	NA	NA	NA	NA	NA
JBHJCN010000008.1_41	48713	49270	558	-1	0.681	11	GGAG/GAGG	NA	NA	NA	0	0	0	1	NA	NA	NA	NA	NA
JBHJCN010000008.1_42	49504	51213	1710	-1	0.664	11	None	NA	NA	NA	0	0	0	1	NA	NA	NA	NA	NA
JBHJCN010000008.1_43	51321	51647	327	-1	0.700	11	AGGA	NA	NA	NA	0	0	0	1	NA	NA	NA	NA	NA
JBHJCN010000008.1_44	52340	53515	1176	-1	0.645	11	None	NA	NA	NA	0	0	0	1	NA	NA	NA	NA	NA
JBHJCN010000008.1_45	53670	56504	2835	1	0.667	11	GGAG/GAGG	NA	NA	NA	0	0	0	1	NA	NA	NA	NA	NA
JBHJCN010000008.1_46	56603	57703	1101	-1	0.635	11	GGAG/GAGG	NA	NA	NA	0	0	0	1	NA	NA	NA	NA	NA
JBHJCN010000008.1_47	57860	59116	1257	-1	0.707	11	AGGA	NA	NA	NA	0	0	0	1	NA	NA	NA	NA	NA
JBHJCN010000008.1_48	59313	59813	501	-1	0.631	11	None	GENOMAD.127426.CP	1.324e-54	189	0	0	0	1	NA	NA	NA	K07043	NA
JBHJCN010000008.1_49	60221	60394	174	1	0.586	11	AGGAG	NA	NA	NA	0	0	0	1	NA	NA	NA	NA	NA
JBHJCN010000008.1_50	60553	60807	255	-1	0.616	11	AGGA	GENOMAD.197160.PC	4.515e-28	108	0	0	0	1	NA	NA	NA	PF10982	NA
JBHJCN010000008.1_51	60980	61246	267	1	0.659	11	GGAG/GAGG	GENOMAD.215298.VP	0.000295	40	0	0	0	1	NA	NA	NA	PF01258;COG4068	Prokaryotic dksA/traR C4-type zinc finger
JBHJCN010000008.1_52	61430	62053	624	-1	0.615	11	None	GENOMAD.168344.CP	0.0001041	45	0	0	0	1	NA	NA	NA	PF00924;COG0668	Small-conductance mechanosensitive channel
JBHJCN010000008.1_53	62449	62634	186	-1	0.651	11	AGGAGG	NA	NA	NA	0	0	0	1	NA	NA	NA	NA	NA
JBHJCN010000008.1_54	62824	64200	1377	-1	0.670	11	None	NA	NA	NA	0	0	0	1	NA	NA	NA	NA	NA
JBHJCN010000008.1_55	64353	64559	207	-1	0.696	11	None	GENOMAD.140999.CV	8.89e-08	49	0	0	0	1	NA	NA	NA	NA	NA
JBHJCN010000008.1_56	64499	64819	321	-1	0.664	11	GGAGG	NA	NA	NA	0	0	0	1	NA	NA	NA	NA	NA
JBHJCN010000008.1_57	65162	66097	936	-1	0.641	11	GGA/GAG/AGG	NA	NA	NA	0	0	0	1	NA	NA	NA	NA	NA
JBHJCN010000008.1_58	66326	66661	336	1	0.613	11	AGGA	NA	NA	NA	0	0	0	1	NA	NA	NA	NA	NA
JBHJCN010000008.1_59	67209	68303	1095	-1	0.670	11	None	NA	NA	NA	0	0	0	1	NA	NA	NA	NA	NA
JBHJCN010000008.1_60	68547	69758	1212	1	0.659	11	GGAG/GAGG	GENOMAD.151741.CP	4.888e-05	48	0	0	0	1	NA	NA	NF033135	PF00083;COG2814;TIGR00903;K18567	Predicted arabinose efflux permease, MFS family
JBHJCN010000008.1_61	69921	70091	171	1	0.608	11	GGA/GAG/AGG	GENOMAD.023882.VV	3.472e-25	98	0	0	0	1246	Caudoviricetes	NA	NA	NA	NA
JBHJCN010000008.1_62	70311	70766	456	1	0.638	11	AGGAG	GENOMAD.160397.CP	1.469e-09	58	0	0	0	1	NA	NA	NA	PF09537;TIGR02284;COG3685;K03594	conserved hypothetical protein
JBHJCN010000008.1_63	71038	71640	603	1	0.645	11	None	GENOMAD.014488.CC	2.921e-23	100	0	0	0	1	NA	NA	NA	PF10469;K01975;COG1514;TIGR02258	AKAP7 2'5' RNA ligase-like domain
JBHJCN010000008.1_64	71676	72281	606	1	0.686	11	None	NA	NA	NA	0	0	0	1	NA	NA	NA	NA	NA
JBHJCN010000008.1_65	72342	72536	195	1	0.708	11	None	GENOMAD.033386.CC	4.053e-20	84	0	0	0	1	NA	NA	NA	PF09791	Oxidoreductase-like protein, N-terminal
JBHJCN010000008.1_66	72606	73979	1374	1	0.678	11	None	GENOMAD.196178.PC	6.122e-54	200	0	1	0	1	NA	NA	NA	PF06057;COG3946;TIGR03100;K05714	Type IV secretory pathway, VirJ component
JBHJCN010000008.1_67	74271	76835	2565	-1	0.686	11	None	GENOMAD.169137.CP	6.223e-108	374	0	0	0	1	NA	NA	NA	PF09924;PF16995;COG2898;TIGR03019	Lysylphosphatidylglycerol synthetase, C-terminal domain, DUF2156 family
JBHJCN010000008.1_68	77147	77806	660	1	0.670	11	None	NA	NA	NA	0	0	0	1	NA	NA	NA	NA	NA
JBHJCN010000008.1_69	77817	78164	348	1	0.652	11	AGGA	NA	NA	NA	0	0	0	1	NA	NA	NA	NA	NA
JBHJCN010000008.1_70	78322	79395	1074	-1	0.655	11	GGAG/GAGG	NA	NA	NA	0	0	0	1	NA	NA	NA	NA	NA
JBHJCN010000008.1_71	79413	80195	783	-1	0.667	11	GGAG/GAGG	GENOMAD.154668.CP	3.879e-18	87	0	0	0	1	NA	NA	NA	PF06966;COG3752;TIGR04571	Steroid 5-alpha reductase family enzyme
JBHJCN010000008.1_72	80192	80737	546	-1	0.678	11	None	GENOMAD.011491.CC	1.398e-34	132	0	0	0	1	NA	NA	NA	PF11086	NA
JBHJCN010000008.1_73	80734	82029	1296	-1	0.660	11	GGA/GAG/AGG	NA	NA	NA	0	0	0	1	NA	NA	NA	NA	NA
JBHJCN010000008.1_74	82026	82910	885	-1	0.656	11	GGAG/GAGG	GENOMAD.158771.CP	1.678e-44	166	0	0	0	1	NA	NA	NA	PF07103;K09701;COG3496	Uncharacterized conserved protein, DUF1365 family
JBHJCN010000008.1_75	82910	84160	1251	-1	0.663	11	None	NA	NA	NA	0	0	0	1	NA	NA	NA	NA	NA
JBHJCN010000008.1_76	84157	85155	999	-1	0.662	11	GGAG/GAGG	NA	NA	NA	0	0	0	1	NA	NA	NA	NA	NA
JBHJCN010000008.1_77	85380	86213	834	-1	0.687	11	None	GENOMAD.194676.PC	5.232e-162	505	0	0	0	1	NA	NA	NA	PF11859;COG5343;TIGR02949	Anti-sigma-K factor RskA
JBHJCN010000008.1_78	86210	86773	564	-1	0.663	11	None	NA	NA	NA	0	0	0	1	NA	NA	NA	NA	NA
JBHJCN010000008.1_79	86832	87200	369	-1	0.626	11	AGGAG	GENOMAD.044178.CC	2.285e-20	88	0	0	0	1	NA	NA	NA	PF14248	Tumour protein p53-inducible protein 11
JBHJCN010000008.1_80	87286	88074	789	-1	0.695	11	GGAG/GAGG	GENOMAD.026719.CC	1.832e-38	147	0	0	0	1	NA	NA	NA	NA	NA
JBHJCN010000008.1_81	88688	89116	429	-1	0.676	11	None	GENOMAD.103286.CP	9.057e-56	191	0	0	0	1	NA	NA	NA	PF04060;PF13484;K03616;TIGR01944;COG2878	electron transport complex, RnfABCDGE type, B subunit
JBHJCN010000008.1_82	89118	89708	591	-1	0.648	11	None	NA	NA	NA	0	0	0	1	NA	NA	NA	NA	NA
JBHJCN010000008.1_83	90083	92167	2085	-1	0.650	11	None	NA	NA	NA	0	0	0	1	NA	NA	NA	NA	NA
JBHJCN010000008.1_84	92414	92863	450	-1	0.647	11	GGAGG	GENOMAD.147800.CP	7.234e-28	111	0	0	0	1	NA	NA	NA	PF09917;COG4731;TIGR03066	Uncharacterized conserved protein, DUF2147 family
JBHJCN010000008.1_85	92953	93222	270	-1	0.611	11	GGAGG	NA	NA	NA	0	0	0	1	NA	NA	NA	NA	NA
JBHJCN010000008.1_86	93506	94051	546	-1	0.586	11	GGA/GAG/AGG	NA	NA	NA	0	0	0	1	NA	NA	NA	NA	NA
JBHJCN010000008.1_87	94256	94645	390	-1	0.636	11	GGAG/GAGG	GENOMAD.169138.CP	3.863e-08	53	0	0	0	1	NA	NA	NF000496	PF00903;K08234;TIGR03081;COG3565	methylmalonyl-CoA epimerase
JBHJCN010000008.1_88	94642	95268	627	-1	0.673	11	GGA/GAG/AGG	NA	NA	NA	0	0	0	1	NA	NA	NA	NA	NA
JBHJCN010000008.1_89	95286	95966	681	1	0.639	11	GGA/GAG/AGG	NA	NA	NA	0	0	0	1	NA	NA	NA	NA	NA
JBHJCN010000008.1_90	96023	96448	426	1	0.631	11	GGAG/GAGG	NA	NA	NA	0	0	0	1	NA	NA	NA	NA	NA
JBHJCN010000008.1_91	96593	97990	1398	1	0.644	11	None	GENOMAD.168467.CP	8.805e-07	54	0	0	0	1	NA	NA	NA	K03294;COG0833	Amino acid permease
JBHJCN010000008.1_92	97987	98952	966	1	0.671	11	GGAG/GAGG	NA	NA	NA	0	0	0	1	NA	NA	NA	NA	NA
JBHJCN010000008.1_93	99033	100970	1938	-1	0.654	11	GGAG/GAGG	GENOMAD.142795.CP	1.749e-07	57	0	0	0	1	NA	NA	NA	PF05960;COG4805	Bacterial protein of unknown function (DUF885)
JBHJCN010000008.1_94	101246	102022	777	-1	0.636	11	GGA/GAG/AGG	NA	NA	NA	0	0	0	1	NA	NA	NA	NA	NA
JBHJCN010000008.1_95	102027	102707	681	-1	0.643	11	None	GENOMAD.109399.CP	3.993e-12	68	0	0	0	1	NA	NA	NA	PF04367;COG2928	NA
JBHJCN010000008.1_96	103138	104514	1377	1	0.664	11	None	GENOMAD.050158.CC	2.489e-08	59	0	0	0	1	NA	NA	NA	NA	NA
JBHJCN010000008.1_97	104937	106490	1554	-1	0.636	11	GGA/GAG/AGG	GENOMAD.194337.PC	1.2e-47	183	0	0	0	1	NA	NA	NA	NA	NA
JBHJCN010000008.1_98	106863	107225	363	1	0.658	11	GGAG/GAGG	GENOMAD.160542.CP	0.0008446	40	0	0	0	1	NA	NA	NA	PF14557;K10917;TIGR02719;COG3811	Putative AphA-like transcriptional regulator
JBHJCN010000008.1_99	107222	108139	918	1	0.645	11	GGAGG	GENOMAD.195620.CP	4.818e-22	100	0	0	0	1	NA	NA	NA	PF13796	Putative sensor
JBHJCN010000008.1_100	108268	109575	1308	-1	0.642	11	GGA/GAG/AGG	GENOMAD.179766.CP	1.323e-87	298	0	0	0	1	NA	NA	NA	PF06850;PF00975;TIGR01849;COG4553	polyhydroxyalkanoate depolymerase, intracellular
JBHJCN010000008.1_101	109885	110487	603	-1	0.678	11	None	NA	NA	NA	0	0	0	1	NA	NA	NA	NA	NA
JBHJCN010000008.1_102	110561	111007	447	1	0.640	11	GGAG/GAGG	NA	NA	NA	0	0	0	1	NA	NA	NA	NA	NA
JBHJCN010000008.1_103	111212	111661	450	-1	0.584	11	GGA/GAG/AGG	NA	NA	NA	0	0	0	1	NA	NA	NA	NA	NA
JBHJCN010000008.1_104	111751	112506	756	-1	0.672	11	AGGA/GGAG/GAGG	GENOMAD.016342.CC	5.223e-27	113	0	0	0	1	NA	NA	NA	PF04348;COG4700;TIGR03302;K12512	Flp pilus assembly protein TadD, contains TPR repeats
JBHJCN010000008.1_105	112564	113523	960	-1	0.659	11	None	NA	NA	NA	0	0	0	1	NA	NA	NA	NA	NA
JBHJCN010000008.1_106	113707	117297	3591	-1	0.667	11	None	GENOMAD.161283.VC	3.003e-36	153	0	0	0	1246	Caudoviricetes	NA	NA	PF17657;COG1387	Bacterial DNA polymerase III alpha subunit finger domain
JBHJCN010000008.1_107	117515	117904	390	-1	0.703	11	None	NA	NA	NA	0	0	0	1	NA	NA	NA	NA	NA
JBHJCN010000008.1_108	118256	119575	1320	-1	0.680	11	None	GENOMAD.000143.CC	1.782e-53	198	0	0	0	1246	Caudoviricetes	NA	NA	PF02684;K00748;TIGR00215;COG0763	lipid-A-disaccharide synthase
JBHJCN010000008.1_109	119572	120363	792	-1	0.659	11	GGAG/GAGG	GENOMAD.000113.CC	8.914e-19	89	0	0	0	1	NA	NA	NA	PF13720	Udp N-acetylglucosamine O-acyltransferase; Domain 2
JBHJCN010000008.1_110	120389	120847	459	-1	0.603	11	AGGAG	GENOMAD.118450.CP	1.665e-07	52	0	0	0	1	NA	NA	NA	PF07977;K02372;TIGR01750;COG4706	beta-hydroxyacyl-
JBHJCN010000008.1_111	120844	121857	1014	-1	0.665	11	GGAG/GAGG	GENOMAD.087505.CP	1.928e-11	68	0	0	0	1	NA	NA	NA	PF04613;TIGR01853;COG1044	UDP-3-O-
JBHJCN010000008.1_112	121985	122176	192	1	0.594	11	AGGA	NA	NA	NA	0	0	0	1	NA	NA	NA	NA	NA
JBHJCN010000008.1_113	122253	124706	2454	-1	0.626	11	None	GENOMAD.101044.CP	2.665e-41	168	0	0	0	1	NA	NA	NA	K07277;COG4775	Outer membrane protein assembly factor BamA
JBHJCN010000008.1_114	124703	126049	1347	-1	0.658	11	GGA/GAG/AGG	NA	NA	NA	0	0	0	1	NA	NA	NA	NA	NA
JBHJCN010000008.1_115	126076	127266	1191	-1	0.692	11	GGA/GAG/AGG	GENOMAD.101892.CP	2.637e-149	475	0	0	0	1	NA	NA	NA	PF08436;PF13288;PF02670;PF09976;K00099;TIGR00243;COG0743	1-deoxy-D-xylulose 5-phosphate reductoisomerase
JBHJCN010000008.1_116	127269	128096	828	-1	0.678	11	GGA/GAG/AGG	GENOMAD.118488.CP	1.162e-19	92	0	0	0	1246	Caudoviricetes	NA	NA	PF01148;COG4589	Cytidylyltransferase family
JBHJCN010000008.1_117	128093	128758	666	-1	0.673	11	GGxGG	NA	NA	NA	0	0	0	1	NA	NA	NA	NA	NA
JBHJCN010000008.1_118	128869	129426	558	-1	0.616	11	GGA/GAG/AGG	NA	NA	NA	0	0	0	1	NA	NA	NA	NA	NA
JBHJCN010000008.1_119	129614	130336	723	-1	0.653	11	GGAG/GAGG	GENOMAD.000060.CC	8.667e-59	205	1	0	0	1	NA	NA	NA	PF00696;K09903;TIGR02075;COG0528	uridylate kinase
JBHJCN010000008.1_120	130443	131966	1524	-1	0.650	11	None	NA	NA	NA	0	0	0	1	NA	NA	NA	NA	NA
JBHJCN010000008.1_121	132243	133121	879	-1	0.637	11	GGAG/GAGG	GENOMAD.116387.CV	1.636e-25	110	0	0	0	1246	Caudoviricetes	NA	NA	PF00889;TIGR00116;COG0264	translation elongation factor Ts
JBHJCN010000008.1_122	133291	134088	798	-1	0.633	11	AGGAG	NA	NA	NA	0	0	0	1	NA	NA	NA	NA	NA
JBHJCN010000008.1_123	134480	135205	726	-1	0.694	11	None	GENOMAD.183678.PC	1.09e-35	138	0	0	0	1	NA	NA	NA	PF00345;K07346;COG3121	P pilus assembly protein, chaperone PapD
JBHJCN010000008.1_124	135208	135540	333	-1	0.700	11	None	NA	NA	NA	0	0	0	1	NA	NA	NA	NA	NA
JBHJCN010000008.1_125	135589	136623	1035	-1	0.647	11	GGA/GAG/AGG	GENOMAD.180523.PC	1.422e-83	282	0	0	0	1	NA	NA	NA	PF05229;COG5430	Spore coat protein U (SCPU) domain, function unknown
JBHJCN010000008.1_126	136620	138971	2352	-1	0.680	11	None	NA	NA	NA	0	0	0	1	NA	NA	NA	NA	NA
JBHJCN010000008.1_127	138988	139758	771	-1	0.680	11	GGA/GAG/AGG	GENOMAD.181911.PC	2.342e-43	161	0	0	0	1	NA	NA	NA	PF00345;K07346;COG3121	P pilus assembly protein, chaperone PapD
JBHJCN010000008.1_128	139767	140291	525	-1	0.642	11	AGGA	GENOMAD.171641.PC	1.258e-92	299	0	0	0	1	NA	NA	NA	PF05229;COG5430;K07349	Spore coat protein U (SCPU) domain, function unknown
JBHJCN010000008.1_129	140609	141385	777	1	0.623	11	None	NA	NA	NA	0	0	0	1	NA	NA	NA	NA	NA
JBHJCN010000008.1_130	141382	143991	2610	1	0.674	11	None	GENOMAD.111010.CP	2.801e-149	497	0	0	0	1	NA	NA	NA	PF08335;PF12252;PF03445;K00990;TIGR01693;COG2844	[Protein-PII] uridylyltransferase
JBHJCN010000008.1_131	144013	145209	1197	1	0.647	11	GGAG/GAGG	GENOMAD.000476.CC	7.823e-63	224	0	0	0	1	NA	NA	NA	PF14805;K19107;TIGR00965;COG2171	2,3,4,5-tetrahydropyridine-2,6-dicarboxylate N-succinyltransferase
JBHJCN010000008.1_132	145402	145758	357	1	0.605	11	GGA/GAG/AGG	GENOMAD.136132.CP	1.165e-17	80	0	0	0	1	NA	NA	NA	PF03960;TIGR01616;K00537;COG1393	nitrogenase-associated protein
JBHJCN010000008.1_133	146004	147134	1131	1	0.675	11	None	GENOMAD.143077.CP	5.144e-06	51	0	0	0	1	NA	NA	NA	PF01546;K13049;TIGR01880;COG2195	N-acyl-L-amino-acid amidohydrolase
JBHJCN010000008.1_134	147428	149122	1695	1	0.640	11	AGGAG	GENOMAD.057851.VV	1.811e-12	73	0	0	0	14384	Megaviricetes	NA	NA	PF12481;TIGR03104;COG0367;K24327	asparagine synthase family amidotransferase
JBHJCN010000008.1_135	149190	150242	1053	-1	0.613	11	GGA/GAG/AGG	GENOMAD.183623.VC	6.946e-15	79	0	0	0	1	NA	NA	NA	PF00295;TIGR03808;K07218;COG3420	twin-arg-translocated uncharacterized repeat protein
JBHJCN010000008.1_136	150684	151577	894	-1	0.630	11	None	GENOMAD.133821.CP	3.999e-25	109	0	0	0	1246	Caudoviricetes	NA	NA	PF18480;PF14905;COG4634	Predicted nuclease, contains PIN domain, potential toxin-antitoxin system component
JBHJCN010000008.1_137	151581	152822	1242	-1	0.641	11	None	GENOMAD.141017.CP	3.28e-16	84	0	0	0	1	NA	NA	NA	PF14905;PF07715;K16090;COG4774;TIGR01776	Outer membrane receptor for monomeric catechols
JBHJCN010000008.1_138	153239	155653	2415	-1	0.679	11	AGGA	NA	NA	NA	0	0	0	1	NA	NA	NA	NA	NA
JBHJCN010000008.1_139	155800	156285	486	1	0.609	11	GGAG/GAGG	NA	NA	NA	0	0	0	1	NA	NA	NA	NA	NA
JBHJCN010000008.1_140	156551	157207	657	-1	0.636	11	GGA/GAG/AGG	GENOMAD.137608.CP	1.32e-70	238	0	0	0	1	NA	NA	NA	PF05724;K00569;TIGR03840;COG2227	thiopurine S-methyltransferase, Se/Te detoxification family
JBHJCN010000008.1_141	157985	160228	2244	-1	0.649	11	AGGA/GGAG/GAGG	GENOMAD.026404.VV	7.313e-41	166	0	0	0	1246	Caudoviricetes	NA	NA	PF00521;PF00986;K02469;TIGR01063;COG0188	DNA gyrase, A subunit
JBHJCN010000008.1_142	160290	161141	852	-1	0.711	11	None	GENOMAD.183418.PC	1.05e-11	68	0	0	0	1	NA	NA	NA	PF12833;PF02311;TIGR02297;K03490;COG2207	4-hydroxyphenylacetate catabolism regulatory protein HpaA
JBHJCN010000008.1_143	161255	161704	450	1	0.664	11	GGA/GAG/AGG	GENOMAD.158192.CP	0.0001695	43	0	0	0	1	NA	NA	NA	PF20024;K06075;TIGR04472;COG5631	mobile rSAM pair MarR family regulator
JBHJCN010000008.1_144	161834	163216	1383	1	0.696	11	None	GENOMAD.123577.CP	4.982e-12	71	0	0	0	1	NA	NA	NA	PF02321;TIGR01845;K12340;COG1538	efflux transporter, outer membrane factor (OMF) lipoprotein, NodT family
JBHJCN010000008.1_145	163227	164420	1194	1	0.657	11	GGA/GAG/AGG	GENOMAD.138157.CP	1.733e-39	155	0	0	0	1	NA	NA	NA	PF13437;TIGR02828	HlyD family secretion protein
JBHJCN010000008.1_146	164427	166007	1581	1	0.634	11	None	NA	NA	NA	0	0	0	1	NA	NA	NA	NA	NA
JBHJCN010000008.1_147	166518	166979	462	1	0.615	11	AGGA	NA	NA	NA	0	0	0	1	NA	NA	NA	NA	NA
JBHJCN010000008.1_148	167093	167554	462	1	0.673	11	AGGA/GGAG/GAGG	NA	NA	NA	0	0	0	1	NA	NA	NA	NA	NA
JBHJCN010000008.1_149	167912	170158	2247	-1	0.659	11	None	NA	NA	NA	0	0	0	1	NA	NA	NA	NA	NA
JBHJCN010000008.1_150	170280	172049	1770	-1	0.646	11	GGA/GAG/AGG	GENOMAD.145507.CP	9.856e-83	290	0	0	0	1	NA	NA	NA	PF17033;COG4073;K14054;TIGR02994	Carboxypeptidase controlling helical cell shape catalytic
JBHJCN010000008.1_151	172408	173973	1566	1	0.631	11	GGA/GAG/AGG	NA	NA	NA	0	0	0	1	NA	NA	NA	NA	NA
JBHJCN010000008.1_152	173981	174589	609	1	0.599	11	GGAG/GAGG	NA	NA	NA	0	0	0	1	NA	NA	NA	NA	NA
JBHJCN010000008.1_153	174898	175086	189	-1	0.603	11	GGAG/GAGG	NA	NA	NA	0	0	0	1	NA	NA	NA	NA	NA
JBHJCN010000008.1_154	175314	175583	270	1	0.604	11	GGAG/GAGG	GENOMAD.167952.CP	8.299e-17	76	0	0	0	1	NA	NA	NA	PF14542;COG2388	GCN5-related N-acetyl-transferase
JBHJCN010000008.1_155	175635	176480	846	1	0.628	11	GGAG/GAGG	GENOMAD.026002.CC	1.784e-97	319	0	0	0	1	NA	NA	NA	PF13739;PF11738	Deacetylase PdaC
JBHJCN010000008.1_156	176592	177047	456	1	0.607	11	GGA/GAG/AGG	GENOMAD.154491.CP	7.73e-07	50	0	0	0	1	NA	NA	NA	PF03965;K18906;COG5631;TIGR04472	Predicted transcription regulator, contains HTH domain, MarR family
JBHJCN010000008.1_157	177280	179430	2151	-1	0.621	11	GGA/GAG/AGG	NA	NA	NA	0	0	0	1	NA	NA	NA	NA	NA
JBHJCN010000008.1_158	179852	180337	486	1	0.628	11	GGA/GAG/AGG	NA	NA	NA	0	0	0	1	NA	NA	NA	NA	NA
JBHJCN010000008.1_159	180485	181264	780	-1	0.622	11	None	NA	NA	NA	0	0	0	1	NA	NA	NA	NA	NA
JBHJCN010000008.1_160	181463	183343	1881	-1	0.651	11	None	NA	NA	NA	0	0	0	1	NA	NA	NA	NA	NA
JBHJCN010000008.1_161	183642	185159	1518	1	0.640	11	GGA/GAG/AGG	NA	NA	NA	0	0	0	1	NA	NA	NA	NA	NA
JBHJCN010000008.1_162	185401	186036	636	1	0.676	11	GGAG/GAGG	NA	NA	NA	0	0	0	1	NA	NA	NA	NA	NA
JBHJCN010000008.1_163	186149	186862	714	1	0.643	11	GGA/GAG/AGG	NA	NA	NA	0	0	0	1	NA	NA	NA	NA	NA
JBHJCN010000008.1_164	187244	188377	1134	-1	0.628	11	None	NA	NA	NA	0	0	0	1	NA	NA	NA	NA	NA
JBHJCN010000008.1_165	188636	189121	486	-1	0.646	11	None	GENOMAD.097044.CV	2.371e-28	113	0	0	0	1	NA	NA	NA	COG2839;K09793	Uncharacterized conserved protein YqgC, DUF456 family
JBHJCN010000008.1_166	189349	189564	216	1	0.546	11	GGAG/GAGG	NA	NA	NA	0	0	0	1	NA	NA	NA	NA	NA
JBHJCN010000008.1_167	189703	190182	480	-1	0.669	11	GGAG/GAGG	NA	NA	NA	0	0	0	1	NA	NA	NA	NA	NA
JBHJCN010000008.1_168	190315	190743	429	-1	0.678	11	AGGAG	NA	NA	NA	0	0	0	1	NA	NA	NA	NA	NA
JBHJCN010000008.1_169	190818	191648	831	1	0.662	11	None	NA	NA	NA	0	0	0	1	NA	NA	NA	NA	NA
JBHJCN010000008.1_170	191705	192472	768	-1	0.663	11	None	NA	NA	NA	0	0	0	1	NA	NA	NA	NA	NA
JBHJCN010000008.1_171	192472	192687	216	-1	0.657	11	GGAG/GAGG	GENOMAD.055338.CC	2.969e-26	102	0	0	0	1	NA	NA	NA	PF19611	NA
JBHJCN010000008.1_172	192833	193624	792	1	0.649	11	GGAG/GAGG	NA	NA	NA	0	0	0	1	NA	NA	NA	NA	NA
JBHJCN010000008.1_173	193780	194943	1164	1	0.674	11	GGA/GAG/AGG	NA	NA	NA	0	0	0	1	NA	NA	NA	NA	NA
JBHJCN010000008.1_174	194933	196507	1575	1	0.656	11	GGA/GAG/AGG	GENOMAD.147712.CP	2e-323	985	0	0	0	1	NA	NA	NA	NA	NA
JBHJCN010000008.1_175	196510	197568	1059	1	0.690	11	None	GENOMAD.147712.CP	6.208e-189	587	0	0	0	1	NA	NA	NA	NA	NA
JBHJCN010000008.1_176	197695	198333	639	1	0.646	11	GGAG/GAGG	NA	NA	NA	0	0	0	1	NA	NA	NA	NA	NA
JBHJCN010000008.1_177	198518	200458	1941	1	0.682	11	AGGAG	GENOMAD.109459.VV	3.537e-07	56	0	0	0	3080	Megamimivirinae	NA	NA	PF13230;TIGR03104;K01957;COG0367	asparagine synthase family amidotransferase
JBHJCN010000008.1_178	200629	201183	555	1	0.650	11	GGAG/GAGG	NA	NA	NA	0	0	0	1	NA	NA	NA	NA	NA
JBHJCN010000008.1_179	201404	202834	1431	1	0.630	11	GGA/GAG/AGG	GENOMAD.068048.VV	2.107e-15	82	0	0	1	1246	Caudoviricetes	NA	NA	PF20307;TIGR03600;K02314;COG0305	phage replicative helicase, DnaB family, HK022 subfamily
JBHJCN010000008.1_180	202940	204358	1419	1	0.650	11	GGA/GAG/AGG	NA	NA	NA	0	0	0	1	NA	NA	NA	NA	NA
JBHJCN010000008.1_181	204631	205356	726	1	0.646	11	AGGAG	NA	NA	NA	0	0	0	1	NA	NA	NA	NA	NA
JBHJCN010000008.1_182	206188	207222	1035	-1	0.623	11	GGA/GAG/AGG	GENOMAD.190451.PC	2.472e-07	55	0	0	0	1	NA	NA	NA	K21698;TIGR02424;COG0583	pca operon transcription factor PcaQ
JBHJCN010000008.1_183	207350	207577	228	1	0.623	11	AGGAG	NA	NA	NA	0	0	0	1	NA	NA	NA	NA	NA
JBHJCN010000008.1_184	207574	208347	774	1	0.707	11	GGAG/GAGG	NA	NA	NA	0	0	0	1	NA	NA	NA	NA	NA
JBHJCN010000008.1_185	208344	209534	1191	1	0.679	11	GGA/GAG/AGG	NA	NA	NA	0	0	0	1	NA	NA	NA	NA	NA
JBHJCN010000008.1_186	209713	212889	3177	1	0.638	11	AGGA	NA	NA	NA	0	0	0	1	NA	NA	NA	NA	NA
JBHJCN010000008.1_187	212933	213664	732	1	0.633	11	AGGA	NA	NA	NA	0	0	0	1	NA	NA	NA	NA	NA
JBHJCN010000008.1_188	213658	215082	1425	1	0.681	11	GGAG/GAGG	NA	NA	NA	0	0	0	1	NA	NA	NA	NA	NA
JBHJCN010000008.1_189	215335	216309	975	-1	0.658	11	None	NA	NA	NA	0	0	0	1	NA	NA	NA	NA	NA
JBHJCN010000008.1_190	216476	216709	234	1	0.641	11	GGAG/GAGG	NA	NA	NA	0	0	0	1	NA	NA	NA	NA	NA
JBHJCN010000008.1_191	216892	218685	1794	-1	0.661	11	None	NA	NA	NA	0	0	0	1	NA	NA	NA	NA	NA
JBHJCN010000008.1_192	219074	219250	177	1	0.655	11	GGAG/GAGG	NA	NA	NA	0	0	0	1	NA	NA	NA	NA	NA
JBHJCN010000008.1_193	219422	221200	1779	-1	0.584	11	GGA/GAG/AGG	NA	NA	NA	0	0	0	1	NA	NA	NA	NA	NA
JBHJCN010000009.1_1	2	274	273	1	0.542	11	None	NA	NA	NA	0	0	0	1	NA	NA	NA	NA	NA
JBHJCN010000009.1_2	863	1258	396	1	0.593	11	AGGA/GGAG/GAGG	NA	NA	NA	0	0	0	1	NA	NA	NA	NA	NA
JBHJCN010000009.1_3	2219	2650	432	-1	0.655	11	GGA/GAG/AGG	NA	NA	NA	0	0	0	1	NA	NA	NA	NA	NA
JBHJCN010000009.1_4	2787	3665	879	1	0.691	11	GGAG/GAGG	NA	NA	NA	0	0	0	1	NA	NA	NA	NA	NA
JBHJCN010000009.1_5	4503	5960	1458	1	0.659	11	GGA/GAG/AGG	NA	NA	NA	0	0	0	1	NA	NA	NA	NA	NA
JBHJCN010000009.1_6	6096	7052	957	1	0.691	11	GGA/GAG/AGG	GENOMAD.183688.PC	2.312e-37	146	0	0	0	1	NA	NA	NA	PF03812;TIGR00793;K02526;COG0385	2-keto-3-deoxygluconate transporter
JBHJCN010000009.1_7	7406	8434	1029	-1	0.618	11	None	NA	NA	NA	0	0	0	1	NA	NA	NA	NA	NA
JBHJCN010000009.1_8	8463	9446	984	-1	0.593	11	GGA/GAG/AGG	GENOMAD.181514.PC	1.065e-187	582	0	0	0	1	NA	NA	NA	PF08908	Putative oxygenase MesX
JBHJCN010000009.1_9	9588	10175	588	-1	0.662	11	GGA/GAG/AGG	GENOMAD.161922.PC	4.154e-13	70	0	0	0	1	NA	NA	NA	PF03358;TIGR03567;K03206;COG0431	FMN reductase, SsuE family
JBHJCN010000009.1_10	10363	11277	915	1	0.660	11	GGA/GAG/AGG	NA	NA	NA	0	0	0	1	NA	NA	NA	NA	NA
JBHJCN010000009.1_11	11382	11942	561	1	0.583	11	AGGA/GGAG/GAGG	NA	NA	NA	0	0	0	1	NA	NA	NA	NA	NA
JBHJCN010000009.1_12	12013	12948	936	1	0.642	11	None	GENOMAD.194673.PC	5.74e-46	171	0	0	0	1	NA	NA	NA	PF02219;COG0685;TIGR00676;K00297	5,10-methylenetetrahydrofolate reductase
JBHJCN010000009.1_13	13365	15281	1917	1	0.666	11	GGAG/GAGG	GENOMAD.214746.CP	0.0	1073	0	0	0	1	NA	NA	NA	PF16024;PF05728;TIGR03503;COG3150	TIGR03503 family protein
JBHJCN010000009.1_14	15518	16966	1449	-1	0.656	11	GGAG/GAGG	GENOMAD.134141.CP	1.603e-09	63	0	0	0	1	NA	NA	NA	PF02321;TIGR01845;K12340;COG1538	efflux transporter, outer membrane factor (OMF) lipoprotein, NodT family
JBHJCN010000009.1_15	16966	20115	3150	-1	0.657	11	GGAG/GAGG	NA	NA	NA	0	0	0	1	NA	NA	NA	NA	NA
JBHJCN010000009.1_16	20125	21348	1224	-1	0.686	11	GGA/GAG/AGG	GENOMAD.114408.CP	5.91e-06	51	0	0	0	1	NA	NA	NF000272	PF12700;K15727;TIGR01730;COG0845	RND family efflux transporter, MFP subunit
JBHJCN010000009.1_17	21509	22888	1380	1	0.698	11	None	NA	NA	NA	0	0	0	1	NA	NA	NA	NA	NA
JBHJCN010000009.1_18	22885	23568	684	1	0.697	11	None	NA	NA	NA	0	0	0	1	NA	NA	NA	NA	NA
JBHJCN010000009.1_19	23683	24561	879	-1	0.644	11	None	NA	NA	NA	0	0	0	1	NA	NA	NA	NA	NA
JBHJCN010000009.1_20	24772	25164	393	-1	0.662	11	GGxGG	NA	NA	NA	0	0	0	1	NA	NA	NA	NA	NA
JBHJCN010000009.1_21	25378	26256	879	-1	0.685	11	AGGA	NA	NA	NA	0	0	0	1	NA	NA	NA	NA	NA
JBHJCN010000009.1_22	26291	27388	1098	-1	0.657	11	GGA/GAG/AGG	NA	NA	NA	0	0	0	1	NA	NA	NA	NA	NA
JBHJCN010000009.1_23	27469	28350	882	-1	0.676	11	GGA/GAG/AGG	NA	NA	NA	0	0	0	1	NA	NA	NA	NA	NA
JBHJCN010000009.1_24	28489	28635	147	1	0.667	11	GGA/GAG/AGG	NA	NA	NA	0	0	0	1	NA	NA	NA	NA	NA
JBHJCN010000009.1_25	28629	29549	921	-1	0.670	11	GGAG/GAGG	NA	NA	NA	0	0	0	1	NA	NA	NA	NA	NA
JBHJCN010000009.1_26	29615	30067	453	1	0.660	11	GGAG/GAGG	NA	NA	NA	0	0	0	1	NA	NA	NA	NA	NA
JBHJCN010000009.1_27	30087	31367	1281	-1	0.665	11	None	GENOMAD.152417.CP	1.554e-37	150	0	0	0	1	NA	NA	NF033135	K08224;COG2223	Nitrate/nitrite transporter NarK
JBHJCN010000009.1_28	31462	32349	888	1	0.682	11	GGA/GAG/AGG	NA	NA	NA	0	0	0	1	NA	NA	NA	NA	NA
JBHJCN010000009.1_29	32636	33547	912	-1	0.555	11	GGAG/GAGG	NA	NA	NA	0	0	0	1	NA	NA	NA	NA	NA
JBHJCN010000009.1_30	33848	34516	669	1	0.667	11	None	GENOMAD.195322.CP	1.86e-120	382	0	0	0	1	NA	NA	NA	PF18711;PF14507;TIGR03211;COG2514;K08234	catechol 2,3 dioxygenase
JBHJCN010000009.1_31	34634	35446	813	-1	0.654	11	GGA/GAG/AGG	NA	NA	NA	0	0	0	1	NA	NA	NA	NA	NA
JBHJCN010000009.1_32	35657	36574	918	-1	0.688	11	GGA/GAG/AGG	NA	NA	NA	0	0	0	1	NA	NA	NA	NA	NA
JBHJCN010000009.1_33	36700	37752	1053	1	0.673	11	GGA/GAG/AGG	GENOMAD.171766.PC	2.161e-11	68	0	0	0	1	NA	NA	NA	PF19298;K21724;COG4638;TIGR03229	Phenylpropionate dioxygenase or related ring-hydroxylating dioxygenase, large terminal subunit
JBHJCN010000009.1_34	37770	38729	960	1	0.681	11	GGAG/GAGG	GENOMAD.161620.PC	2.693e-09	61	0	0	0	1	NA	NA	NA	PF08030;K21607;TIGR02160;COG1018	phenylacetate-CoA oxygenase/reductase, PaaK subunit
JBHJCN010000009.1_35	39095	40408	1314	1	0.686	11	GGA/GAG/AGG	NA	NA	NA	0	0	0	1	NA	NA	NA	NA	NA
JBHJCN010000009.1_36	40536	42086	1551	1	0.671	11	GGA/GAG/AGG	NA	NA	NA	0	0	0	1	NA	NA	NA	NA	NA
JBHJCN010000009.1_37	42238	43353	1116	1	0.662	11	None	NA	NA	NA	0	0	0	1	NA	NA	NA	NA	NA
JBHJCN010000009.1_38	43820	45280	1461	1	0.721	11	GGA/GAG/AGG	NA	NA	NA	0	0	0	1	NA	NA	NA	NA	NA
JBHJCN010000009.1_39	45280	46860	1581	1	0.697	11	GGAG/GAGG	NA	NA	NA	0	0	0	1	NA	NA	NA	NA	NA
JBHJCN010000009.1_40	47084	47542	459	1	0.601	11	AGGAG	NA	NA	NA	0	0	0	1	NA	NA	NA	NA	NA
JBHJCN010000009.1_41	47864	48751	888	-1	0.634	11	GGAGG	GENOMAD.206427.PC	6.49e-06	50	0	0	0	1	NA	NA	NA	PF03096;K10216;TIGR01250;COG2267	Ndr family
JBHJCN010000009.1_42	49054	50049	996	1	0.662	11	None	NA	NA	NA	0	0	0	1	NA	NA	NA	NA	NA
JBHJCN010000009.1_43	50617	51837	1221	1	0.700	11	GGxGG	NA	NA	NA	0	0	0	1	NA	NA	NA	NA	NA
JBHJCN010000009.1_44	51827	53083	1257	1	0.687	11	GGAG/GAGG	NA	NA	NA	0	0	0	1	NA	NA	NA	NA	NA
JBHJCN010000009.1_45	53080	53970	891	1	0.655	11	GGA/GAG/AGG	GENOMAD.161566.CP	4.513e-09	60	0	0	0	1	NA	NA	NA	PF01522;K16842;TIGR03212;COG3233	putative urate catabolism protein
JBHJCN010000009.1_46	53967	54362	396	1	0.644	11	GGA/GAG/AGG	GENOMAD.205524.PC	2.325e-32	123	0	0	0	1	NA	NA	NA	PF11533;TIGR02246;COG4319;K01822	conserved hypothetical protein
JBHJCN010000009.1_47	54359	54850	492	1	0.675	11	GGA/GAG/AGG	NA	NA	NA	0	0	0	1	NA	NA	NA	NA	NA
JBHJCN010000009.1_48	54847	56268	1422	1	0.679	11	GGAGG	NA	NA	NA	0	0	0	1	NA	NA	NA	NA	NA
JBHJCN010000009.1_49	56265	56597	333	1	0.706	11	GGA/GAG/AGG	NA	NA	NA	0	0	0	1	NA	NA	NA	NA	NA
JBHJCN010000009.1_50	56765	57238	474	1	0.643	11	GGA/GAG/AGG	NA	NA	NA	0	0	0	1	NA	NA	NA	NA	NA
JBHJCN010000009.1_51	57415	57699	285	-1	0.589	11	GGA/GAG/AGG	NA	NA	NA	0	0	0	1	NA	NA	NA	NA	NA
JBHJCN010000009.1_52	57931	60432	2502	1	0.709	11	None	GENOMAD.094115.CP	3.961e-95	335	0	0	0	1	NA	NA	NA	PF08482	ATP-dependent helicase C-terminal
JBHJCN010000009.1_53	60899	61330	432	1	0.685	11	AGGA	NA	NA	NA	0	0	0	1	NA	NA	NA	NA	NA
JBHJCN010000009.1_54	61661	62233	573	-1	0.686	11	AGGA	GENOMAD.106866.CP	6.661e-17	81	0	0	0	1246	Caudoviricetes	NA	NA	COG1187	16S rRNA U516 pseudouridylate synthase RsuA and related 23S rRNA U2605, pseudouridylate synthases
JBHJCN010000009.1_55	62326	63180	855	-1	0.646	11	GGAG/GAGG	GENOMAD.171333.CP	6.274e-84	280	0	0	0	1	NA	NA	NA	PF05891;COG4798;TIGR00740;K23095	Predicted methyltransferase
JBHJCN010000009.1_56	63414	64385	972	1	0.651	11	AGGAG	NA	NA	NA	0	0	0	1	NA	NA	NA	NA	NA
JBHJCN010000009.1_57	64520	65548	1029	1	0.655	11	GGA/GAG/AGG	NA	NA	NA	0	0	0	1	NA	NA	NA	NA	NA
JBHJCN010000009.1_58	65727	66929	1203	1	0.633	11	GGAG/GAGG	GENOMAD.047390.PP	1.848e-33	137	0	0	0	1	NA	NA	NA	NA	NA
JBHJCN010000009.1_59	67239	67655	417	-1	0.662	11	GGAG/GAGG	NA	NA	NA	0	0	0	1	NA	NA	NA	NA	NA
JBHJCN010000009.1_60	67875	68678	804	1	0.690	11	GGA/GAG/AGG	GENOMAD.038780.CC	6.986e-128	406	0	0	0	1	NA	NA	NA	NA	NA
JBHJCN010000009.1_61	68913	69341	429	-1	0.667	11	GGAG/GAGG	GENOMAD.158031.CP	4.637e-21	91	0	0	0	1	NA	NA	NA	PF02566;K04063;COG1765;TIGR03561	Uncharacterized OsmC-related protein
JBHJCN010000009.1_62	69441	69902	462	-1	0.647	11	None	NA	NA	NA	0	0	0	1	NA	NA	NA	NA	NA
JBHJCN010000009.1_63	70302	71396	1095	-1	0.647	11	GGAG/GAGG	GENOMAD.133423.CP	5.904e-47	176	0	0	0	1	NA	NA	NA	PF03969;K06916;COG1485;TIGR03420	Predicted ATPase
JBHJCN010000009.1_64	71478	72140	663	-1	0.667	11	None	GENOMAD.118620.CP	1.147e-35	137	0	0	0	1	NA	NA	NA	PF08538;K07018;COG2945;TIGR03100	Alpha/beta superfamily hydrolase
JBHJCN010000009.1_65	72207	73082	876	1	0.646	11	None	GENOMAD.007407.CC	1.785e-64	224	0	0	0	1	NA	NA	NA	PF06800;TIGR03340;COG5070;K15270	phosphonate utilization associated putative membrane protein
JBHJCN010000009.1_66	73818	74393	576	1	0.625	11	None	NA	NA	NA	0	0	0	1	NA	NA	NA	NA	NA
JBHJCN010000009.1_67	74557	75882	1326	-1	0.676	11	GGA/GAG/AGG	GENOMAD.158697.CP	8.322e-16	83	0	0	0	1	NA	NA	NA	PF07683;TIGR02475;COG0523;K02234	cobalamin biosynthesis protein CobW
JBHJCN010000009.1_68	75944	76321	378	1	0.704	11	GGA/GAG/AGG	GENOMAD.016773.CC	1.695e-16	77	0	0	0	1	NA	NA	NA	PF03203	MerC mercury resistance protein
JBHJCN010000009.1_69	76412	76855	444	-1	0.516	11	GGAGG	NA	NA	NA	0	0	0	1	NA	NA	NA	NA	NA
JBHJCN010000009.1_70	76911	78629	1719	-1	0.679	11	GGAG/GAGG	GENOMAD.159408.CP	2.164e-89	309	0	0	0	1	NA	NA	NA	PF19580;PF18942;K07004;COG2374;TIGR03395	Predicted extracellular nuclease
JBHJCN010000009.1_71	78906	79424	519	-1	0.644	11	GGA/GAG/AGG	GENOMAD.145284.CP	2.459e-84	275	0	0	0	1	NA	NA	NA	PF09086;COG3245;TIGR04494;K12263	Cytochrome c5
JBHJCN010000009.1_72	79707	80351	645	1	0.656	11	AGGAG	GENOMAD.207164.CP	1.665e-83	275	0	0	0	1	NA	NA	NA	PF10670;COG5266;K10094	Uncharacterized conserved protein, contains GH25 family domain
JBHJCN010000009.1_73	80533	80844	312	1	0.689	11	GGxGG	GENOMAD.216216.PC	1.406e-09	56	0	0	0	1	NA	NA	NA	PF12365	NA
JBHJCN010000009.1_74	80841	82460	1620	1	0.655	11	GGAG/GAGG	GENOMAD.170158.CP	6.83e-161	516	0	0	0	1	NA	NA	NA	PF03929;COG3182	PepSY-associated TM region
JBHJCN010000009.1_75	82457	82792	336	1	0.649	11	AGGA	GENOMAD.219541.CP	0.0001328	42	0	0	0	1	NA	NA	NA	PF11804	NA
JBHJCN010000009.1_76	82899	83423	525	-1	0.686	11	GGA/GAG/AGG	GENOMAD.124316.PC	4.005e-37	139	0	0	0	1	NA	NA	NA	PF08808;COG5654	Uncharacterized conserved protein, contains RES domain
JBHJCN010000009.1_77	83420	83794	375	-1	0.675	11	GGAG/GAGG	GENOMAD.120494.PC	1.549e-33	126	0	0	0	1	NA	NA	NA	PF09722;COG5642;TIGR02293	Uncharacterized conserved protein, DUF2384 family
JBHJCN010000009.1_78	83881	84501	621	-1	0.675	11	None	GENOMAD.140552.CP	1.196e-08	57	0	0	0	1	NA	NA	NA	PF13022;PF13305;TIGR03384;COG3226;K03577	transcriptional repressor BetI
JBHJCN010000009.1_79	84630	85793	1164	1	0.657	11	GGAG/GAGG	NA	NA	NA	0	0	0	1	NA	NA	NA	NA	NA
JBHJCN010000009.1_80	85804	87414	1611	1	0.654	11	GGAG/GAGG	GENOMAD.114541.CP	1.882e-60	222	0	0	0	1	NA	NA	NA	PF01039;K01604;TIGR01117;COG4799	methylmalonyl-CoA decarboxylase alpha subunit
JBHJCN010000009.1_81	87655	89682	2028	1	0.670	11	GGA/GAG/AGG	NA	NA	NA	0	0	0	1	NA	NA	NA	NA	NA
JBHJCN010000009.1_82	89782	91866	2085	1	0.644	11	GGAG/GAGG	NA	NA	NA	0	0	0	1	NA	NA	NA	NA	NA
JBHJCN010000009.1_83	92096	93256	1161	-1	0.584	11	GGAG/GAGG	GENOMAD.153667.CP	0.0001885	46	0	0	0	1	NA	NA	NA	PF18679;K05897;TIGR04511;COG3560	putative peptide maturation dehydrogenase
JBHJCN010000009.1_84	93745	96258	2514	-1	0.602	11	None	NA	NA	NA	0	0	0	1	NA	NA	NA	NA	NA
JBHJCN010000009.1_85	96262	97320	1059	-1	0.663	11	GGA/GAG/AGG	NA	NA	NA	0	0	0	1	NA	NA	NA	NA	NA
JBHJCN010000009.1_86	97620	98915	1296	-1	0.624	11	AGGAG	NA	NA	NA	0	0	0	1	NA	NA	NA	NA	NA
JBHJCN010000009.1_87	99075	100709	1635	-1	0.665	11	GGA/GAG/AGG	NA	NA	NA	0	0	0	1	NA	NA	NA	NA	NA
JBHJCN010000009.1_88	100810	101766	957	1	0.635	11	None	GENOMAD.124080.CP	1.564e-05	49	0	0	0	1	NA	NA	NA	PF03466;PF00126;TIGR02424;K17737;COG0583	pca operon transcription factor PcaQ
JBHJCN010000009.1_89	102120	103382	1263	1	0.663	11	GGA/GAG/AGG	NA	NA	NA	0	0	0	1	NA	NA	NA	NA	NA
JBHJCN010000009.1_90	103527	104255	729	1	0.678	11	GGA/GAG/AGG	GENOMAD.147380.CP	1.409e-43	161	0	0	0	1	NA	NA	NA	PF20240;PF12833;K13631;COG2207	AraC-type DNA-binding domain and AraC-containing proteins
JBHJCN010000009.1_91	104324	104671	348	1	0.632	11	AGGAG	GENOMAD.167065.CP	2.541e-40	145	0	0	0	1	NA	NA	NA	PF14506;K06996;COG3324;TIGR00068	Predicted enzyme related to lactoylglutathione lyase
JBHJCN010000009.1_92	104833	105465	633	-1	0.668	11	None	GENOMAD.152184.PC	4.03e-23	100	0	0	0	1	NA	NA	NA	PF14246	AefR-like transcriptional repressor, C-terminal domain
JBHJCN010000009.1_93	105764	106750	987	1	0.678	11	None	GENOMAD.136647.CP	3.168e-85	286	0	0	0	1	NA	NA	NA	PF12706;K03476;COG2220;TIGR03307	L-ascorbate metabolism protein UlaG, beta-lactamase superfamily
JBHJCN010000009.1_94	107147	109330	2184	-1	0.631	11	AGGA	NA	NA	NA	0	0	0	1	NA	NA	NA	NA	NA
JBHJCN010000009.1_95	109439	110455	1017	-1	0.677	11	GGAG/GAGG	GENOMAD.141113.CP	3.774e-19	92	0	0	0	1	NA	NA	NA	PF01112;K01444;COG1446	Isoaspartyl peptidase or L-asparaginase, Ntn-hydrolase superfamily
JBHJCN010000009.1_96	110544	111173	630	-1	0.667	11	GGAG/GAGG	NA	NA	NA	0	0	0	1	NA	NA	NA	NA	NA
JBHJCN010000009.1_97	111176	111607	432	-1	0.690	11	None	NA	NA	NA	0	0	0	1	NA	NA	NA	NA	NA
JBHJCN010000009.1_98	111699	112241	543	1	0.665	11	AGGA	GENOMAD.019134.CC	1.457e-85	279	0	0	0	1	NA	NA	NA	PF09832;COG3184	Uncharacterized protein, contains DUF2059 domain
JBHJCN010000009.1_99	112418	113134	717	-1	0.657	11	GGA/GAG/AGG	NA	NA	NA	0	0	0	1	NA	NA	NA	NA	NA
JBHJCN010000009.1_100	113427	113930	504	-1	0.675	11	GGA/GAG/AGG	GENOMAD.159343.CP	6.096e-29	115	0	0	0	1	NA	NA	NA	PF14499;TIGR03404;COG3257;K01569	bicupin, oxalate decarboxylase family
JBHJCN010000009.1_101	113940	115613	1674	-1	0.658	11	GGAGG	NA	NA	NA	0	0	0	1	NA	NA	NA	NA	NA
JBHJCN010000009.1_102	115610	116254	645	-1	0.712	11	None	GENOMAD.001958.CC	8.94e-25	105	0	0	0	1	NA	NA	NA	PF14864;COG3165;K03690	Ubiquinone biosynthesis protein UbiJ, contains SCP2 domain
JBHJCN010000009.1_103	116489	117592	1104	1	0.645	11	AGGAG	NA	NA	NA	0	0	0	1	NA	NA	NA	NA	NA
JBHJCN010000009.1_104	117781	117939	159	-1	0.566	11	GGA/GAG/AGG	GENOMAD.170307.CP	2.349e-06	44	0	0	0	1	NA	NA	NA	PF07043;COG5487	Uncharacterized membrane protein YtjA, UPF0391 family
JBHJCN010000009.1_105	118004	119014	1011	-1	0.657	11	GGAG/GAGG	NA	NA	NA	0	0	0	1	NA	NA	NA	NA	NA
JBHJCN010000009.1_106	119242	120921	1680	-1	0.681	11	None	NA	NA	NA	0	0	0	1	NA	NA	NA	NA	NA
JBHJCN010000009.1_107	121224	121607	384	1	0.672	11	GGA/GAG/AGG	NA	NA	NA	0	0	0	1	NA	NA	NA	NA	NA
JBHJCN010000009.1_108	121763	122665	903	-1	0.636	11	GGA/GAG/AGG	NA	NA	NA	0	0	0	1	NA	NA	NA	NA	NA
JBHJCN010000009.1_109	122814	123953	1140	-1	0.568	11	AGxAGG/AGGxGG	NA	NA	NA	0	0	0	1	NA	NA	NA	NA	NA
JBHJCN010000009.1_110	124037	125053	1017	-1	0.645	11	None	NA	NA	NA	0	0	0	1	NA	NA	NA	NA	NA
JBHJCN010000009.1_111	125155	125475	321	-1	0.664	11	GGA/GAG/AGG	GENOMAD.019745.CC	8.659e-16	74	0	0	0	1	NA	NA	NA	PF13698;PF08139;COG4380	Prokaryotic membrane lipoprotein lipid attachment site
JBHJCN010000009.1_112	125862	126323	462	1	0.710	11	GGA/GAG/AGG	NA	NA	NA	0	0	0	1	NA	NA	NA	NA	NA
JBHJCN010000009.1_113	126350	126826	477	1	0.637	11	None	NA	NA	NA	0	0	0	1	NA	NA	NA	NA	NA
JBHJCN010000009.1_114	127176	128405	1230	-1	0.686	11	GGAG/GAGG	GENOMAD.194979.PC	5.955e-74	257	0	0	0	1	NA	NA	NA	PF03825;TIGR00892;COG2223;K05820	Nucleoside H+ symporter
JBHJCN010000009.1_115	128498	129115	618	-1	0.665	11	GGAG/GAGG	GENOMAD.193021.PC	4.29e-19	88	0	0	0	1	NA	NA	NA	NA	NA
JBHJCN010000009.1_116	129218	129970	753	-1	0.733	11	AGGAG	GENOMAD.193021.PC	2.732e-23	102	0	0	0	1	NA	NA	NA	NA	NA
JBHJCN010000009.1_117	130161	131504	1344	-1	0.685	11	GGAG/GAGG	NA	NA	NA	0	0	0	1	NA	NA	NA	NA	NA
JBHJCN010000009.1_118	131489	132931	1443	-1	0.689	11	GGA/GAG/AGG	NA	NA	NA	0	0	0	1	NA	NA	NA	NA	NA
JBHJCN010000009.1_119	132981	134708	1728	-1	0.637	11	GGAG/GAGG	NA	NA	NA	0	0	0	1	NA	NA	NA	NA	NA
JBHJCN010000009.1_120	135066	135662	597	1	0.595	11	GGA/GAG/AGG	GENOMAD.206109.CP	1.182e-96	312	0	0	0	1	NA	NA	NA	PF06316;TIGR04273	sulfation-dependent quorum factor, Ax21 family
JBHJCN010000009.1_121	136127	137152	1026	-1	0.677	11	None	NA	NA	NA	0	0	0	1	NA	NA	NA	NA	NA
JBHJCN010000009.1_122	137168	137680	513	-1	0.635	11	GGAG/GAGG	NA	NA	NA	0	0	0	1	NA	NA	NA	NA	NA
JBHJCN010000009.1_123	137790	138224	435	-1	0.653	11	None	NA	NA	NA	0	0	0	1	NA	NA	NA	NA	NA
JBHJCN010000009.1_124	138300	138722	423	-1	0.676	11	GGA/GAG/AGG	GENOMAD.030230.CC	1.981e-46	164	0	0	0	1	NA	NA	NA	PF12870	NA
JBHJCN010000009.1_125	138751	139293	543	-1	0.656	11	None	GENOMAD.169209.CP	1.93e-39	146	0	0	0	1	NA	NA	NA	PF09500;TIGR02447;COG2050;K02614	thioesterase domain, putative
JBHJCN010000009.1_126	139546	140355	810	-1	0.632	11	GGAG/GAGG	NA	NA	NA	0	0	0	1	NA	NA	NA	NA	NA
JBHJCN010000009.1_127	140559	141338	780	1	0.701	11	None	GENOMAD.120512.CP	6.874e-98	319	0	0	0	1	NA	NA	NA	PF02602;K13543;COG1587	Uroporphyrinogen-III synthase HemD
JBHJCN010000009.1_128	141442	142419	978	1	0.694	11	GGAG/GAGG	GENOMAD.018427.CC	7.369e-191	591	0	0	0	1	NA	NA	NA	PF04375;COG2959	Uncharacterized conserved protein HemX (no evidence of involvement in heme biosynthesis)
JBHJCN010000009.1_129	142416	143681	1266	1	0.673	11	GGAG/GAGG	GENOMAD.112670.CP	8.05e-24	108	0	0	0	1	NA	NA	NA	PF07219;PF16918;K02498;TIGR00540;COG3071	heme biosynthesis-associated TPR protein
JBHJCN010000009.1_130	143904	145184	1281	-1	0.680	11	GGA/GAG/AGG	NA	NA	NA	0	0	0	1	NA	NA	NA	NA	NA
JBHJCN010000009.1_131	145288	146172	885	1	0.688	11	None	GENOMAD.037431.CC	2.704e-143	452	0	0	0	1	NA	NA	NA	NA	NA
JBHJCN010000009.1_132	146169	146606	438	1	0.662	11	GGA/GAG/AGG	GENOMAD.146194.CP	6.146e-28	111	0	0	0	1	NA	NA	NF000496	PF19581;COG3607;TIGR03645;K08234	Predicted lactoylglutathione lyase
JBHJCN010000009.1_133	147140	147787	648	-1	0.685	11	AGGAG	NA	NA	NA	0	0	0	1	NA	NA	NA	NA	NA
JBHJCN010000009.1_134	147836	148438	603	-1	0.721	11	AGGAG	NA	NA	NA	0	0	0	1	NA	NA	NA	NA	NA
JBHJCN010000009.1_135	148806	150233	1428	-1	0.689	11	AGGAG	NA	NA	NA	0	0	0	1	NA	NA	NA	NA	NA
JBHJCN010000009.1_136	150226	151263	1038	-1	0.697	11	None	NA	NA	NA	0	0	0	1	NA	NA	NA	NA	NA
JBHJCN010000009.1_137	151546	152988	1443	-1	0.671	11	GGAG/GAGG	NA	NA	NA	0	0	0	1	NA	NA	NA	NA	NA
JBHJCN010000009.1_138	153011	153349	339	-1	0.649	11	None	GENOMAD.000475.CC	0.0006682	40	0	0	0	1	NA	NA	NA	PF06153;COG3870;K02590	Cyclic-di-AMP receptor
JBHJCN010000009.1_139	153623	155032	1410	-1	0.629	11	GGAG/GAGG	GENOMAD.120657.CP	6.666e-24	109	0	0	0	1	NA	NA	NA	PF00120;COG3968;TIGR03105;K01915	Glutamine synthetase type III
JBHJCN010000009.1_140	155254	156051	798	1	0.649	11	None	GENOMAD.123894.CP	9.8e-38	145	0	0	0	1	NA	NA	NA	K06153;COG1968	Undecaprenyl pyrophosphate phosphatase
JBHJCN010000009.1_141	156292	157107	816	1	0.701	11	GGAG/GAGG	GENOMAD.179467.CP	2.01e-26	112	0	0	0	1	NA	NA	NA	PF14302;PF03724;K03668;COG3187;TIGR03066	Heat shock protein HslJ
JBHJCN010000009.1_142	157163	158173	1011	-1	0.674	11	GGA/GAG/AGG	NA	NA	NA	0	0	0	1	NA	NA	NA	NA	NA
JBHJCN010000009.1_143	158253	158864	612	-1	0.670	11	GGAG/GAGG	NA	NA	NA	0	0	0	1	NA	NA	NA	NA	NA
JBHJCN010000009.1_144	159055	161127	2073	-1	0.710	11	GGA/GAG/AGG	GENOMAD.121720.CP	2.858e-09	63	0	0	0	1	NA	NA	NA	PF13429;COG5010;TIGR02521;K02656	Flp pilus assembly protein TadD, contains TPR repeats
JBHJCN010000009.1_145	161277	161534	258	-1	0.643	11	None	NA	NA	NA	0	0	0	1	NA	NA	NA	NA	NA
JBHJCN010000009.1_146	161531	162520	990	-1	0.676	11	None	GENOMAD.086420.CP	4.702e-59	210	0	0	0	1	NA	NA	NA	PF00561;K07019;COG0429;TIGR02240	Predicted hydrolase of the alpha/beta-hydrolase fold
JBHJCN010000009.1_147	162580	163383	804	-1	0.674	11	None	GENOMAD.120720.CV	4.28e-23	102	0	0	0	1	NA	NA	NA	PF19576;K22617;TIGR00530;COG3176	Acyltransferase
JBHJCN010000009.1_148	163501	163929	429	-1	0.655	11	None	GENOMAD.142661.CP	2.226e-29	115	0	0	0	1	NA	NA	NA	PF14539;K24147;TIGR02447;COG2050	thioesterase domain, putative
JBHJCN010000009.1_149	164219	166237	2019	-1	0.668	11	AGGAGG	NA	NA	NA	0	0	0	1	NA	NA	NA	NA	NA
JBHJCN010000009.1_150	166234	166806	573	-1	0.634	11	GGxGG	GENOMAD.138165.CP	8.624e-09	57	0	0	0	1	NA	NA	NA	PF04264;COG2353	Polyisoprenoid-binding periplasmic protein YceI
JBHJCN010000009.1_151	166810	167286	477	-1	0.706	11	GGA/GAG/AGG	GENOMAD.133985.CP	2.941e-14	72	0	0	0	1	NA	NA	NA	PF00300;K08296;TIGR00249;COG2062	phosphohistidine phosphatase SixA
JBHJCN010000009.1_152	167302	167934	633	-1	0.662	11	GGAG/GAGG	NA	NA	NA	0	0	0	1	NA	NA	NA	NA	NA
JBHJCN010000009.1_153	168258	169277	1020	-1	0.656	11	GGAG/GAGG	GENOMAD.129517.CP	1.017e-25	112	0	0	0	1	NA	NA	NA	PF13593;K24180;TIGR00946;COG0679	he Auxin Efflux Carrier (AEC) Family
JBHJCN010000009.1_154	170010	170591	582	-1	0.691	11	GGAGG	GENOMAD.177989.CP	6.157e-93	301	0	0	0	1	NA	NA	NA	PF09976;COG3063;TIGR03302	Tetratricopeptide repeat-like domain
JBHJCN010000009.1_155	170841	174548	3708	1	0.663	11	None	GENOMAD.137972.CP	6.945e-184	613	0	0	0	1	NA	NA	NA	PF01855;PF17147;K04090;TIGR03336;COG4231	indolepyruvate ferredoxin oxidoreductase, alpha subunit
JBHJCN010000009.1_156	174944	175930	987	-1	0.653	11	AGGA	GENOMAD.146319.CP	3.28e-35	140	0	0	0	1	NA	NA	NA	PF10017;K18884;TIGR03439;COG4301	probable methyltransferase domain, EasF family
JBHJCN010000009.1_157	175927	177162	1236	-1	0.659	11	None	GENOMAD.028111.CC	0.0001025	47	0	0	0	1	NA	NA	NA	PF08020;TIGR03440;COG4283;K18912	ergothioneine biosynthesis protein EgtB
JBHJCN010000009.1_158	177411	178463	1053	1	0.684	11	None	GENOMAD.123263.CP	2.161e-11	68	0	0	0	1	NA	NA	NA	PF19488;K11717;TIGR01814;COG3844	kynureninase
JBHJCN010000009.1_159	178654	180126	1473	-1	0.654	11	None	NA	NA	NA	0	0	0	1	NA	NA	NA	NA	NA
JBHJCN010000009.1_160	180123	180860	738	-1	0.668	11	None	NA	NA	NA	0	0	0	1	NA	NA	NA	NA	NA
JBHJCN010000009.1_161	180909	181274	366	-1	0.658	11	GGA/GAG/AGG	NA	NA	NA	0	0	0	1	NA	NA	NA	NA	NA
JBHJCN010000009.1_162	181294	182499	1206	-1	0.648	11	GGAG/GAGG	NA	NA	NA	0	0	0	1	NA	NA	NA	NA	NA
JBHJCN010000009.1_163	182647	183492	846	1	0.662	11	None	NA	NA	NA	0	0	0	1	NA	NA	NA	NA	NA
JBHJCN010000009.1_164	183690	184697	1008	1	0.698	11	AGGAG	NA	NA	NA	0	0	0	1	NA	NA	NA	NA	NA
JBHJCN010000009.1_165	184726	186099	1374	-1	0.663	11	None	NA	NA	NA	0	0	0	1	NA	NA	NA	NA	NA
JBHJCN010000009.1_166	186274	187317	1044	1	0.662	11	None	NA	NA	NA	0	0	0	1	NA	NA	NA	NA	NA
JBHJCN010000009.1_167	187863	190061	2199	-1	0.652	11	GGA/GAG/AGG	GENOMAD.136702.CP	2.292e-128	430	0	0	0	1	NA	NA	NA	K16088;COG4773	Outer membrane receptor for ferric coprogen and ferric-rhodotorulic acid
JBHJCN010000009.1_168	190355	190837	483	-1	0.677	11	None	GENOMAD.140723.CP	8.41e-22	94	0	0	0	1	NA	NA	NA	PF17805;PF02295;K05800;COG1522;TIGR02702	DNA-binding transcriptional regulator, Lrp family
JBHJCN010000009.1_169	190966	191856	891	1	0.651	11	GGA/GAG/AGG	NA	NA	NA	0	0	0	1	NA	NA	NA	NA	NA
JBHJCN010000009.1_170	191994	192638	645	1	0.685	11	None	NA	NA	NA	0	0	0	1	NA	NA	NA	NA	NA
JBHJCN010000009.1_171	192865	193977	1113	-1	0.650	11	GGAG/GAGG	GENOMAD.161503.CP	0.0007288	44	0	0	0	1	NA	NA	NA	PF05523;K07155;TIGR04366;COG3837	cupin fold metalloprotein, WbuC family
JBHJCN010000009.1_172	194200	194862	663	-1	0.633	11	GGAG/GAGG	NA	NA	NA	0	0	0	1	NA	NA	NA	NA	NA
JBHJCN010000009.1_173	195096	195851	756	-1	0.653	11	AGGAG	NA	NA	NA	0	0	0	1	NA	NA	NA	NA	NA
JBHJCN010000009.1_174	196034	196888	855	-1	0.646	11	GGAG/GAGG	GENOMAD.170246.CP	4.444e-59	208	0	0	0	1	NA	NA	NA	NA	NA
JBHJCN010000009.1_175	197310	198368	1059	-1	0.687	11	None	NA	NA	NA	0	0	0	1	NA	NA	NA	NA	NA
JBHJCN010000009.1_176	198510	200093	1584	-1	0.667	11	AGGAG	GENOMAD.151274.CP	0.0003	46	0	0	0	1246	Caudoviricetes	NA	NA	K15921;COG3940	Beta-xylosidase, GH43 family
JBHJCN010000009.1_177	200287	201570	1284	-1	0.639	11	GGAGG	NA	NA	NA	0	0	0	1	NA	NA	NA	NA	NA
JBHJCN010000009.1_178	201570	202091	522	-1	0.663	11	GGAG/GAGG	GENOMAD.140917.CP	2.547e-23	99	0	0	0	1	NA	NA	NA	PF04290;COG4665;K21394	TRAP-type mannitol/chloroaromatic compound transport system, small permease component
JBHJCN010000009.1_179	202102	203100	999	-1	0.651	11	GGAGG	NA	NA	NA	0	0	0	1	NA	NA	NA	NA	NA
JBHJCN010000009.1_180	203138	203959	822	-1	0.663	11	GGAG/GAGG	GENOMAD.182377.PC	3.47e-33	132	0	0	0	1	NA	NA	NA	PF01557;K02554;TIGR03218;COG3971	4-oxalocrotonate decarboxylase
JBHJCN010000009.1_181	204098	205174	1077	1	0.696	11	GGAGG	NA	NA	NA	0	0	0	1	NA	NA	NA	NA	NA
JBHJCN010000009.1_182	205171	206793	1623	1	0.675	11	AGGAG	GENOMAD.178810.CP	3.519e-32	136	0	0	0	1	NA	NA	NA	PF19465;PF00135;K01753;TIGR02035;COG3048	D-serine ammonia-lyase
JBHJCN010000009.1_183	206839	207918	1080	-1	0.653	11	None	NA	NA	NA	0	0	0	1	NA	NA	NA	NA	NA
JBHJCN010000009.1_184	208056	208607	552	-1	0.656	11	None	GENOMAD.106711.CP	3.646e-33	128	0	0	0	1	NA	NA	NA	PF12850;K07095;TIGR00040;COG0622	phosphoesterase, MJ0936 family
JBHJCN010000009.1_185	208743	210938	2196	-1	0.660	11	AGGAG	GENOMAD.154880.CP	3.92e-21	102	0	0	0	1246	Caudoviricetes	NA	NA	PF02806	Alpha amylase, C-terminal all-beta domain
JBHJCN010000009.1_186	210938	214288	3351	-1	0.656	11	AGGAG	NA	NA	NA	0	0	0	1	NA	NA	NA	NA	NA
JBHJCN010000009.1_187	214285	217401	3117	-1	0.661	11	GGAG/GAGG	NA	NA	NA	0	0	0	1	NA	NA	NA	NA	NA
JBHJCN010000009.1_188	218267	218386	120	1	0.642	11	GGA/GAG/AGG	NA	NA	NA	0	0	0	1	NA	NA	NA	NA	NA
JBHJCN010000010.1_1	379	1353	975	1	0.551	11	GGA/GAG/AGG	NA	NA	NA	0	0	0	1	NA	NA	NA	NA	NA
JBHJCN010000010.1_2	1861	3447	1587	1	0.635	11	None	NA	NA	NA	0	0	0	1	NA	NA	NA	NA	NA
JBHJCN010000010.1_3	3422	3841	420	1	0.662	11	AGGAG	NA	NA	NA	0	0	0	1	NA	NA	NA	NA	NA
JBHJCN010000010.1_4	3838	5598	1761	1	0.680	11	None	GENOMAD.192010.PC	9.042e-25	113	0	0	0	1	NA	NA	NA	PF00497;K16254;TIGR03871;COG0834	quinoprotein dehydrogenase-associated probable ABC transporter substrate-binding protein
JBHJCN010000010.1_5	5889	6305	417	1	0.645	11	None	GENOMAD.168413.CP	6.726e-90	289	0	0	0	1	NA	NA	NA	PF09086;COG3245;TIGR03046;K12263	Cytochrome c5
JBHJCN010000010.1_6	6332	7348	1017	1	0.679	11	None	NA	NA	NA	0	0	0	1	NA	NA	NA	NA	NA
JBHJCN010000010.1_7	7384	8490	1107	1	0.659	11	GGAGG	NA	NA	NA	0	0	0	1	NA	NA	NA	NA	NA
JBHJCN010000010.1_8	8502	10886	2385	1	0.666	11	AGGAG	GENOMAD.183275.CP	0.0	1354	0	0	0	1	NA	NA	NA	PF14905;PF07715;TIGR01776;K16091;COG4206	TonB-dependent lactoferrin and transferrin receptors
JBHJCN010000010.1_9	10964	12949	1986	-1	0.694	11	GGAG/GAGG	GENOMAD.148235.CP	3.146e-25	115	0	0	0	1	NA	NA	NA	PF18010;K21405;COG3284;TIGR03298	Transcriptional regulator of acetoin/glycerol metabolism
JBHJCN010000010.1_10	13205	14137	933	-1	0.637	11	GGA/GAG/AGG	GENOMAD.152376.CP	3.05e-05	48	0	0	0	1	NA	NA	NA	PF00294;K23147;COG2870;TIGR04382	ADP-heptose synthase, bifunctional sugar kinase/adenylyltransferase
JBHJCN010000010.1_11	14413	15459	1047	1	0.661	11	AGGA/GGAG/GAGG	GENOMAD.101053.CP	3.546e-16	83	0	0	0	1246	Caudoviricetes	NA	NA	PF06723;TIGR00904;COG1077	cell shape determining protein, MreB/Mrl family
JBHJCN010000010.1_12	15625	16827	1203	1	0.686	11	None	GENOMAD.094189.CV	2.002e-13	75	0	0	0	1	NA	NA	NA	COG1792;K03570	Cell shape-determining protein MreC
JBHJCN010000010.1_13	16824	17309	486	1	0.675	11	AGGAG	GENOMAD.001979.CC	5.735e-27	109	0	0	0	1	NA	NA	NA	PF17099;TIGR03426;K03571;COG2891	rod shape-determining protein MreD
JBHJCN010000010.1_14	17313	19373	2061	1	0.684	11	None	GENOMAD.108664.CP	1.153e-08	61	0	0	0	1246	Caudoviricetes	NA	NF000237	PF00905;PF05223;TIGR03423;K05515;COG0768	penicillin-binding protein 2
JBHJCN010000010.1_15	19370	20488	1119	1	0.655	11	AGGAG	NA	NA	NA	0	0	0	1	NA	NA	NA	NA	NA
JBHJCN010000010.1_16	20845	22242	1398	1	0.639	11	None	GENOMAD.179497.PC	8.046e-50	188	0	0	0	1	NA	NA	NA	K01184;COG5434	Polygalacturonase
JBHJCN010000010.1_17	22880	24028	1149	1	0.667	11	None	NA	NA	NA	0	0	0	1	NA	NA	NA	NA	NA
JBHJCN010000010.1_18	24025	25437	1413	1	0.690	11	AGGAG/GGAGG	GENOMAD.009539.CC	0.0001259	47	0	0	0	1	NA	NA	NA	NA	NA
JBHJCN010000010.1_19	25879	27084	1206	1	0.656	11	AGGAG	NA	NA	NA	0	0	0	1	NA	NA	NA	NA	NA
JBHJCN010000010.1_20	27302	28363	1062	-1	0.655	11	GGA/GAG/AGG	NA	NA	NA	0	0	0	1	NA	NA	NA	NA	NA
JBHJCN010000010.1_21	28633	28911	279	1	0.616	11	None	GENOMAD.010644.CC	2.02e-24	98	0	0	0	1	NA	NA	NA	PF04359;K09158;COG2921	Putative lipoic acid-binding regulatory protein
JBHJCN010000010.1_22	29001	29597	597	1	0.662	11	None	GENOMAD.000230.CC	9.752e-13	69	0	0	0	1	NA	NA	NA	TIGR00214;COG0321;K23735	lipoate-protein ligase B
JBHJCN010000010.1_23	29613	30626	1014	1	0.661	11	None	GENOMAD.121663.CP	3.416e-56	202	0	0	0	1	NA	NA	NA	PF13394;TIGR00510;COG0320	lipoate synthase
JBHJCN010000010.1_24	31021	33204	2184	1	0.638	11	GGA/GAG/AGG	NA	NA	NA	0	0	0	1	NA	NA	NA	NA	NA
JBHJCN010000010.1_25	33289	34044	756	-1	0.681	11	None	NA	NA	NA	0	0	0	1	NA	NA	NA	NA	NA
JBHJCN010000010.1_26	34120	35025	906	1	0.710	11	GGAGG	NA	NA	NA	0	0	0	1	NA	NA	NA	NA	NA
JBHJCN010000010.1_27	35115	35978	864	-1	0.649	11	AGGA	GENOMAD.159160.CP	3.715e-08	57	0	0	0	1	NA	NA	NF000373	PF19580;K18353;COG3021;TIGR03395	Uncharacterized conserved protein YafD, endonuclease/exonuclease/phosphatase (EEP) superfamily
JBHJCN010000010.1_28	36161	37216	1056	1	0.633	11	GGAG/GAGG	NA	NA	NA	0	0	0	1	NA	NA	NA	NA	NA
JBHJCN010000010.1_29	37339	38742	1404	1	0.637	11	AGGAG	NA	NA	NA	0	0	0	1	NA	NA	NA	NA	NA
JBHJCN010000010.1_30	38765	39865	1101	1	0.664	11	GGA/GAG/AGG	NA	NA	NA	0	0	0	1	NA	NA	NA	NA	NA
JBHJCN010000010.1_31	39858	40922	1065	1	0.685	11	GGAG/GAGG	NA	NA	NA	0	0	0	1	NA	NA	NA	NA	NA
JBHJCN010000010.1_32	40997	41755	759	1	0.659	11	GGA/GAG/AGG	GENOMAD.211360.PC	3.269e-36	140	0	0	0	1	NA	NA	NA	PF10001	NA
JBHJCN010000010.1_33	41880	42260	381	1	0.646	11	GGAG/GAGG	NA	NA	NA	0	0	0	1	NA	NA	NA	NA	NA
JBHJCN010000010.1_34	42424	43767	1344	1	0.660	11	None	NA	NA	NA	0	0	0	1	NA	NA	NA	NA	NA
JBHJCN010000010.1_35	43788	44729	942	1	0.654	11	AGGAG	NA	NA	NA	0	0	0	1	NA	NA	NA	NA	NA
JBHJCN010000010.1_36	44805	45860	1056	-1	0.666	11	None	NA	NA	NA	0	0	0	1	NA	NA	NA	NA	NA
JBHJCN010000010.1_37	46011	46382	372	1	0.626	11	AGGAG	GENOMAD.146485.CP	4.81e-21	90	0	0	0	1	NA	NA	NA	PF04972;COG2823	Osmotically-inducible protein OsmY, contains BON domain
JBHJCN010000010.1_38	46664	48475	1812	1	0.651	11	None	NA	NA	NA	0	0	0	1	NA	NA	NA	NA	NA
JBHJCN010000010.1_39	48472	48912	441	1	0.639	11	GGA/GAG/AGG	NA	NA	NA	0	0	0	1	NA	NA	NA	NA	NA
JBHJCN010000010.1_40	48916	50418	1503	1	0.651	11	GGA/GAG/AGG	NA	NA	NA	0	0	0	1	NA	NA	NA	NA	NA
JBHJCN010000010.1_41	50511	51026	516	1	0.669	11	None	NA	NA	NA	0	0	0	1	NA	NA	NA	NA	NA
JBHJCN010000010.1_42	51195	51932	738	-1	0.686	11	GGA/GAG/AGG	NA	NA	NA	0	0	0	1	NA	NA	NA	NA	NA
JBHJCN010000010.1_43	52000	53184	1185	1	0.662	11	None	GENOMAD.000446.CC	6.5e-64	227	0	0	0	1	NA	NA	NA	PF02636;COG1565	SAM-dependent methyltransferase, MidA family
JBHJCN010000010.1_44	53172	53591	420	1	0.638	11	None	GENOMAD.145656.CP	1.592e-56	193	0	0	0	1	NA	NA	NA	PF10043;COG5544;K20950	Uncharacterized conserved protein YfiM, DUF2279 family
JBHJCN010000010.1_45	53843	55888	2046	-1	0.640	11	None	GENOMAD.127342.CP	6.54e-17	88	0	0	0	1	NA	NA	NA	PF11854;PF07715;TIGR01776;COG4773;K16090	TonB-dependent lactoferrin and transferrin receptors
JBHJCN010000010.1_46	56221	57081	861	-1	0.661	11	None	NA	NA	NA	0	0	0	1	NA	NA	NA	NA	NA
JBHJCN010000010.1_47	57267	58739	1473	1	0.664	11	GGAG/GAGG	NA	NA	NA	0	0	0	1	NA	NA	NA	NA	NA
JBHJCN010000010.1_48	58816	61473	2658	1	0.635	11	GGA/GAG/AGG	NA	NA	NA	0	0	0	1	NA	NA	NA	NA	NA
JBHJCN010000010.1_49	61632	62450	819	1	0.680	11	None	GENOMAD.181762.CP	3.185e-139	439	0	0	0	1	NA	NA	NA	PF19805;PF16537;K02452;TIGR01713;COG3031	type II secretion system protein C
JBHJCN010000010.1_50	62447	64516	2070	1	0.667	11	None	NA	NA	NA	0	0	0	1	NA	NA	NA	NA	NA
JBHJCN010000010.1_51	64521	66008	1488	1	0.661	11	None	NA	NA	NA	0	0	0	1	NA	NA	NA	NA	NA
JBHJCN010000010.1_52	65995	67197	1203	1	0.672	11	AGGA	GENOMAD.118344.CP	9.299e-20	95	0	0	0	1246	Caudoviricetes	NA	NA	PF00482;K02653;TIGR02120;COG1459	type II secretion system protein F
JBHJCN010000010.1_53	67226	67690	465	1	0.630	11	GGAG/GAGG	GENOMAD.168639.CP	0.0008823	41	0	0	0	1	NA	NA	NA	PF07379;K02457;TIGR01708;COG4970	type II secretion system protein H
JBHJCN010000010.1_54	67742	68212	471	1	0.643	11	None	GENOMAD.179080.CP	2.843e-83	271	0	0	0	1	NA	NA	NA	PF12019;PF07379;K02457;TIGR01708;COG4970	type II secretion system protein H
JBHJCN010000010.1_55	68196	68576	381	1	0.667	11	None	GENOMAD.176788.CP	1.466e-09	57	0	0	0	1	NA	NA	NA	PF02501;K02458;TIGR01707;COG2165	type II secretion system protein I
JBHJCN010000010.1_56	68573	69175	603	1	0.683	11	GGAG/GAGG	GENOMAD.195831.CP	4.653e-06	49	0	0	0	1	NA	NA	NA	PF07379;K02459;TIGR01711;COG4795	type II secretion system protein J
JBHJCN010000010.1_57	69175	70164	990	1	0.658	11	GGA/GAG/AGG	GENOMAD.151006.CP	3.267e-19	92	0	0	0	1	NA	NA	NA	PF03934;K02460;COG3156;TIGR00426	Type II secretory pathway, component PulK
JBHJCN010000010.1_58	70161	71249	1089	1	0.687	11	GGAG/GAGG	GENOMAD.192885.CP	3.747e-182	568	0	0	0	1	NA	NA	NA	PF05134;TIGR01709;COG3297;K02461	type II secretion system protein L
JBHJCN010000010.1_59	71246	71722	477	1	0.669	11	GGAG/GAGG	GENOMAD.190425.CP	2.755e-76	251	0	0	0	1	NA	NA	NA	PF04612;TIGR04412;K02462;COG3149	type II secretion system protein M, XcpZ-type
JBHJCN010000010.1_60	71728	72438	711	1	0.692	11	GGA/GAG/AGG	GENOMAD.159311.CP	5.065e-54	191	0	0	0	1	NA	NA	NA	PF01203;K02463;TIGR04411	Type II secretion system (T2SS), protein N
JBHJCN010000010.1_61	72791	73558	768	1	0.674	11	GGAGG	NA	NA	NA	0	0	0	1	NA	NA	NA	NA	NA
JBHJCN010000010.1_62	73602	74879	1278	1	0.631	11	GGA/GAG/AGG	NA	NA	NA	0	0	0	1	NA	NA	NA	NA	NA
JBHJCN010000010.1_63	74920	75987	1068	1	0.661	11	GGA/GAG/AGG	NA	NA	NA	0	0	0	1	NA	NA	NA	NA	NA
JBHJCN010000010.1_64	75994	77022	1029	1	0.678	11	GGA/GAG/AGG	NA	NA	NA	0	0	0	1	NA	NA	NA	NA	NA
JBHJCN010000010.1_65	77025	78179	1155	1	0.670	11	GGA/GAG/AGG	GENOMAD.126037.CP	1.732e-53	196	0	0	0	1	NA	NA	NA	PF12890;K01443;TIGR00221;COG1820	N-acetylglucosamine-6-phosphate deacetylase
JBHJCN010000010.1_66	78983	81652	2670	1	0.608	11	GGAG/GAGG	GENOMAD.152082.CP	6.461e-114	393	0	0	0	1	NA	NA	NA	PF00593;PF07715;PF00691;TIGR01782;COG4773;K16089	TonB-dependent receptor
JBHJCN010000010.1_67	81971	83203	1233	-1	0.663	11	None	NA	NA	NA	0	0	0	1	NA	NA	NA	NA	NA
JBHJCN010000010.1_68	83361	85031	1671	-1	0.649	11	AGGAG	NA	NA	NA	0	0	0	1	NA	NA	NA	NA	NA
JBHJCN010000010.1_69	85158	86630	1473	-1	0.654	11	AGGAG	GENOMAD.168696.PC	4.726e-07	55	0	0	0	1	NA	NA	NA	PF07368;TIGR00407;COG0014;K18601	gamma-glutamyl phosphate reductase
JBHJCN010000010.1_70	86671	88650	1980	-1	0.636	11	GGA/GAG/AGG	NA	NA	NA	0	0	0	1	NA	NA	NA	NA	NA
JBHJCN010000010.1_71	88932	89699	768	-1	0.648	11	None	GENOMAD.152447.CP	6.235e-10	62	0	0	0	1	NA	NA	NA	COG3021;K18353	Uncharacterized conserved protein YafD, endonuclease/exonuclease/phosphatase (EEP) superfamily
JBHJCN010000010.1_72	89719	90534	816	-1	0.665	11	GGAG/GAGG	GENOMAD.152305.CP	3.924e-29	120	0	0	0	1	NA	NA	NA	PF01323;K03673;COG2761;TIGR00411	DSBA-like thioredoxin domain
JBHJCN010000010.1_73	90626	91276	651	-1	0.653	11	GGAG/GAGG	GENOMAD.152305.CP	1.633e-28	116	0	0	0	1	NA	NA	NA	PF01323;K03673;COG2761;TIGR00411	DSBA-like thioredoxin domain
JBHJCN010000010.1_74	91273	91431	159	-1	0.711	11	GGA/GAG/AGG	NA	NA	NA	0	0	0	1	NA	NA	NA	NA	NA
JBHJCN010000010.1_75	91370	92167	798	-1	0.685	11	GGAG/GAGG	NA	NA	NA	0	0	0	1	NA	NA	NA	NA	NA
JBHJCN010000010.1_76	92311	92934	624	1	0.651	11	None	GENOMAD.090247.CV	3.168e-55	193	0	0	0	1246	Caudoviricetes	NA	NA	PF05049;K03978;TIGR03598;COG0218	ribosome biogenesis GTP-binding protein YsxC/EngB
JBHJCN010000010.1_77	93209	94690	1482	1	0.651	11	None	GENOMAD.128920.CP	6.696e-138	447	0	0	0	1	NA	NA	NA	PF04107;TIGR01436;COG3572;K01919	glutamate--cysteine ligase, plant type
JBHJCN010000010.1_78	94878	96380	1503	-1	0.686	11	GGA/GAG/AGG	NA	NA	NA	0	0	0	1	NA	NA	NA	NA	NA
JBHJCN010000010.1_79	96377	97156	780	-1	0.659	11	None	NA	NA	NA	0	0	0	1	NA	NA	NA	NA	NA
JBHJCN010000010.1_80	97321	98334	1014	1	0.670	11	GGA/GAG/AGG	NA	NA	NA	0	0	0	1	NA	NA	NA	NA	NA
JBHJCN010000010.1_81	98689	99393	705	-1	0.705	11	None	NA	NA	NA	0	0	0	1	NA	NA	NA	NA	NA
JBHJCN010000010.1_82	99449	99724	276	1	0.678	11	GGAG/GAGG	NA	NA	NA	0	0	0	1	NA	NA	NA	NA	NA
JBHJCN010000010.1_83	99791	100900	1110	1	0.637	11	AGGAG	NA	NA	NA	0	0	0	1	NA	NA	NA	NA	NA
JBHJCN010000010.1_84	100969	101544	576	1	0.592	11	GGAGG	GENOMAD.194208.PC	8.102e-106	338	0	0	0	1	NA	NA	NA	PF19648;K03396;TIGR02820;COG3791	S-(hydroxymethyl)glutathione synthase
JBHJCN010000010.1_85	101603	102433	831	1	0.617	11	AGGA	GENOMAD.151688.CP	1.151e-05	49	0	0	0	1	NA	NA	NA	PF00756;K03930;TIGR02821;COG0627	S-formylglutathione hydrolase
JBHJCN010000010.1_86	102601	102939	339	-1	0.646	11	GGA/GAG/AGG	NA	NA	NA	0	0	0	1	NA	NA	NA	NA	NA
JBHJCN010000010.1_87	103118	104779	1662	-1	0.634	11	GGAG/GAGG	NA	NA	NA	0	0	0	1	NA	NA	NA	NA	NA
JBHJCN010000010.1_88	105004	105501	498	1	0.669	11	AGGA	GENOMAD.225035.PV	5.024e-07	51	0	0	0	1246	Caudoviricetes	NA	NA	PF11776	Nickel/cobalt transporter regulator
JBHJCN010000010.1_89	105699	106952	1254	1	0.638	11	GGAG/GAGG	NA	NA	NA	0	0	0	1	NA	NA	NA	NA	NA
JBHJCN010000010.1_90	106966	107478	513	1	0.645	11	None	GENOMAD.055619.CC	2.638e-05	46	0	0	0	1	NA	NA	NA	NA	NA
JBHJCN010000010.1_91	107478	108002	525	1	0.638	11	AGGA	GENOMAD.145838.VC	1.318e-07	53	0	0	0	1246	Caudoviricetes	NA	NA	PF14354;TIGR00244;COG1327;K21759	transcriptional regulator NrdR
JBHJCN010000010.1_92	107999	108487	489	1	0.661	11	None	GENOMAD.195023.CP	2.152e-07	52	0	0	0	1	NA	NA	NA	PF13527;K03826;COG3818;TIGR01575	Predicted acetyltransferase, GNAT superfamily
JBHJCN010000010.1_93	108480	109589	1110	1	0.681	11	GGAG/GAGG	GENOMAD.129171.CP	7.957e-09	60	0	0	0	1	NA	NA	NA	PF01872;TIGR01508;COG1985	2,5-diamino-6-hydroxy-4-(5-phosphoribosylamino)pyrimidine 1'-reductase, archaeal
JBHJCN010000010.1_94	109685	110308	624	-1	0.631	11	GGA/GAG/AGG	GENOMAD.206109.CP	9.488e-20	90	0	0	0	1	NA	NA	NA	PF06316;TIGR04273	sulfation-dependent quorum factor, Ax21 family
JBHJCN010000010.1_95	110875	111477	603	1	0.655	11	GGxGG	NA	NA	NA	0	0	0	1	NA	NA	NA	NA	NA
JBHJCN010000010.1_96	111474	112613	1140	1	0.679	11	GGxGG	NA	NA	NA	0	0	0	1	NA	NA	NA	NA	NA
JBHJCN010000010.1_97	112903	113367	465	1	0.671	11	GGA/GAG/AGG	NA	NA	NA	0	0	0	1	NA	NA	NA	NA	NA
JBHJCN010000010.1_98	113364	113852	489	1	0.681	11	GGAG/GAGG	GENOMAD.058926.CV	2.259e-29	116	1	0	0	1	NA	NA	NA	PF01029;K03625;TIGR01951;COG0781	transcription antitermination factor NusB
JBHJCN010000010.1_99	113963	114937	975	1	0.685	11	None	GENOMAD.094404.CP	1.199e-08	59	0	0	0	1	NA	NA	NA	NA	NA
JBHJCN010000010.1_100	115319	116899	1581	1	0.669	11	GGAG/GAGG	GENOMAD.212305.CP	4.098e-78	274	0	0	0	1	NA	NA	NA	PF08530;PF02129;TIGR00976;COG2936;K06978	putative hydrolase, CocE/NonD family
JBHJCN010000010.1_101	117124	118476	1353	1	0.651	11	AGGAG	NA	NA	NA	0	0	0	1	NA	NA	NA	NA	NA
JBHJCN010000010.1_102	119032	120825	1794	1	0.638	11	GGA/GAG/AGG	GENOMAD.151994.CP	3.663e-110	371	0	0	0	1	NA	NA	NA	K01546;COG2060	K+-transporting ATPase, A chain
JBHJCN010000010.1_103	120838	122886	2049	1	0.659	11	GGA/GAG/AGG	GENOMAD.152605.CP	1.006e-41	168	0	0	0	1	NA	NA	NA	NA	NA
JBHJCN010000010.1_104	122927	123556	630	1	0.695	11	GGA/GAG/AGG	GENOMAD.153056.CP	1.337e-38	145	0	0	0	1	NA	NA	NA	PF02669;TIGR00681;COG2156;K01548	K+-transporting ATPase, C subunit
JBHJCN010000010.1_105	123741	126401	2661	1	0.683	11	None	GENOMAD.153600.CP	6.858e-60	228	0	0	0	1	NA	NA	NA	PF02702;K07646;COG2205	K+-sensing histidine kinase KdpD
JBHJCN010000010.1_106	126391	127107	717	1	0.671	11	None	NA	NA	NA	0	0	0	1	NA	NA	NA	NA	NA
JBHJCN010000010.1_107	127088	127759	672	-1	0.603	11	None	NA	NA	NA	0	0	0	1	NA	NA	NA	NA	NA
JBHJCN010000010.1_108	127764	129161	1398	-1	0.689	11	AGGA	GENOMAD.127021.CP	1.054e-07	57	0	0	0	1	NA	NA	NA	PF18690;TIGR00387	glycolate oxidase, subunit GlcD
JBHJCN010000010.1_109	129158	129685	528	-1	0.684	11	None	GENOMAD.040030.CC	5.002e-78	257	0	0	0	1	NA	NA	NA	PF04307;COG1988;K07038	Membrane-bound metal-dependent hydrolase YbcI, DUF457 family
JBHJCN010000010.1_110	129727	130095	369	-1	0.699	11	None	GENOMAD.070647.CV	1.245e-18	83	0	0	0	1	NA	NA	NA	PF02021;K07460;COG0792;TIGR00252	Predicted endonuclease distantly related to archaeal Holliday junction resolvase
JBHJCN010000010.1_111	130099	131829	1731	-1	0.719	11	GGA/GAG/AGG	GENOMAD.101231.CP	2.69e-302	927	0	0	0	1	NA	NA	NA	PF04348;K07121;COG3107;TIGR03407	Outer membrane lipoprotein LpoA, binds and activates PBP1a
JBHJCN010000010.1_112	131911	132732	822	1	0.715	11	GGA/GAG/AGG	NA	NA	NA	0	0	0	1	NA	NA	NA	NA	NA
JBHJCN010000010.1_113	133707	134024	318	-1	0.604	11	GGA/GAG/AGG	GENOMAD.113516.PC	1.428e-49	171	0	0	0	1	NA	NA	NA	PF01845;K19163	CcdB protein
JBHJCN010000010.1_114	134021	134272	252	-1	0.599	11	AGGAG	GENOMAD.158028.PC	5.323e-26	102	0	0	0	1	NA	NA	NA	PF07362;COG5302	Post-segregation antitoxin (ccd killing mechanism protein) encoded by the F plasmid
JBHJCN010000010.1_115	134320	135102	783	-1	0.699	11	None	GENOMAD.158029.VC	4.157e-48	175	0	0	0	6593	Avipoxvirus	NA	NA	PF05742;COG3332	Uncharacterized conserved protein, contains NRDE domain
JBHJCN010000010.1_116	135412	135858	447	1	0.617	11	GGAG/GAGG	GENOMAD.070929.CV	1.409e-19	87	0	0	0	1	NA	NA	NA	PF02381;K03925;TIGR00242;COG2001	division/cell wall cluster transcriptional repressor MraZ
JBHJCN010000010.1_117	135873	136916	1044	1	0.672	11	None	NA	NA	NA	0	0	0	1	NA	NA	NA	NA	NA
JBHJCN010000010.1_118	136913	137176	264	1	0.621	11	AGGAG	GENOMAD.002313.CC	4.708e-14	68	0	0	0	1	NA	NA	NA	PF04999;K03586;TIGR02209;COG3116	cell division protein FtsL
JBHJCN010000010.1_119	137388	139256	1869	1	0.661	11	GGAGG	GENOMAD.108664.CP	8.222e-08	58	0	0	0	1246	Caudoviricetes	NA	NF000237	PF00905;PF05223;TIGR03423;K05515;COG0768	penicillin-binding protein 2
JBHJCN010000010.1_120	139253	140740	1488	1	0.677	11	AGGAG	GENOMAD.097666.CP	5.77e-08	58	1	0	0	1	NA	NA	NA	PF16292;PF02875;COG0769;TIGR01085;K01928	UDP-N-acetylmuramyl tripeptide synthase
JBHJCN010000010.1_121	140737	142248	1512	1	0.676	11	GGAG/GAGG	GENOMAD.097137.CP	2.683e-26	117	1	0	0	1	NA	NA	NA	PF08245;PF02875;K01929;TIGR01143;COG0770	UDP-N-acetylmuramoyl-tripeptide--D-alanyl-D-alanine ligase
JBHJCN010000010.1_122	142238	143323	1086	1	0.622	11	GGAGG	GENOMAD.038387.CC	7.01e-81	275	1	0	0	1	NA	NA	NA	PF00953;PF10555;K01000;TIGR00445;COG0472	phospho-N-acetylmuramoyl-pentapeptide-transferase
JBHJCN010000010.1_123	143323	144699	1377	1	0.662	11	GGA/GAG/AGG	NA	NA	NA	0	0	0	1	NA	NA	NA	NA	NA
JBHJCN010000010.1_124	144747	145991	1245	1	0.686	11	None	GENOMAD.101276.CP	4.201e-53	196	0	0	0	1246	Caudoviricetes	NA	NA	PF02684;K02563;TIGR01133;COG0707	undecaprenyldiphospho-muramoylpentapeptide beta-N-acetylglucosaminyltransferase
JBHJCN010000010.1_125	145988	147421	1434	1	0.669	11	AGGAG	GENOMAD.091903.CP	5.692e-87	298	0	0	0	1	NA	NA	NA	PF02875	Mur ligase family, glutamate ligase domain
JBHJCN010000010.1_126	147418	148374	957	1	0.658	11	GGAG/GAGG	NA	NA	NA	0	0	0	1	NA	NA	NA	NA	NA
JBHJCN010000010.1_127	148499	149326	828	1	0.659	11	GGAG/GAGG	GENOMAD.000779.CC	1.286e-133	423	0	0	0	1	NA	NA	NA	PF03799;PF08478;COG1589;K03589	Cell division septal protein FtsQ
JBHJCN010000010.1_128	149323	150558	1236	1	0.649	11	None	GENOMAD.000049.CC	9.911e-91	306	0	0	0	1	NA	NA	NA	PF08841;TIGR01174;COG0849;K02662	cell division protein FtsA
JBHJCN010000010.1_129	150872	152110	1239	1	0.667	11	GGAG/GAGG	NA	NA	NA	0	0	0	1	NA	NA	NA	NA	NA
JBHJCN010000010.1_130	152345	153256	912	1	0.627	11	None	GENOMAD.075985.CV	0.0001228	46	0	0	0	1	NA	NA	NA	PF03331;TIGR00325;COG0774;K02535	UDP-3-O-acyl N-acetylglycosamine deacetylase
JBHJCN010000010.1_131	153442	153888	447	-1	0.631	11	None	GENOMAD.013259.CC	3.392e-69	230	0	0	0	1	NA	NA	NA	PF05258;COG4701	Dna[CI] antecedent, DciA
JBHJCN010000010.1_132	153979	154830	852	1	0.671	11	GGA/GAG/AGG	GENOMAD.205988.VC	0.0004537	44	0	0	0	1	NA	NA	NA	PF01333;COG2190	Apocytochrome F, C-terminal
JBHJCN010000010.1_133	154987	157725	2739	1	0.631	11	None	NA	NA	NA	0	0	0	1	NA	NA	NA	NA	NA
JBHJCN010000010.1_134	158048	158995	948	1	0.684	11	None	GENOMAD.133558.CP	4.761e-08	57	0	0	0	1	NA	NA	NA	PF02581;K10810;TIGR00693;COG0352	thiamine-phosphate diphosphorylase
JBHJCN010000010.1_135	159107	159736	630	-1	0.686	11	None	NA	NA	NA	0	0	0	1	NA	NA	NA	NA	NA
JBHJCN010000010.1_136	159782	160609	828	-1	0.646	11	GGA/GAG/AGG	GENOMAD.112993.CP	4.987e-53	190	0	0	0	1	NA	NA	NA	PF19345;K00297;TIGR00676;COG0685	5,10-methylenetetrahydrofolate reductase, prokaryotic form
JBHJCN010000010.1_137	160649	162031	1383	-1	0.666	11	AGGAG	GENOMAD.190734.CP	1.253e-112	372	0	0	0	1	NA	NA	NA	PF03198;COG3867;K22832	Glucanosyltransferase
JBHJCN010000010.1_138	162428	163405	978	1	0.682	11	GGAG/GAGG	NA	NA	NA	0	0	0	1	NA	NA	NA	NA	NA
JBHJCN010000010.1_139	163645	165405	1761	1	0.672	11	GGxGG	NA	NA	NA	0	0	0	1	NA	NA	NA	NA	NA
JBHJCN010000010.1_140	165481	165885	405	-1	0.640	11	None	NA	NA	NA	0	0	0	1	NA	NA	NA	NA	NA
JBHJCN010000010.1_141	166260	167195	936	1	0.652	11	GGA/GAG/AGG	NA	NA	NA	0	0	0	1	NA	NA	NA	NA	NA
JBHJCN010000010.1_142	167578	168549	972	-1	0.621	11	None	NA	NA	NA	0	0	0	1	NA	NA	NA	NA	NA
JBHJCN010000010.1_143	169662	170207	546	1	0.650	11	None	GENOMAD.161593.CP	5.802e-45	162	0	0	0	1	NA	NA	NA	K09912;COG3122	Uncharacterized conserved protein YaiL, DUF2058 family
JBHJCN010000010.1_144	170427	170984	558	1	0.640	11	None	GENOMAD.192159.VC	5.413e-65	220	0	0	0	1246	Caudoviricetes	NA	NA	PF11539	NA
JBHJCN010000010.1_145	171135	171821	687	1	0.610	11	GGAG/GAGG	NA	NA	NA	0	0	0	1	NA	NA	NA	NA	NA
JBHJCN010000010.1_146	171981	172073	93	1	0.452	11	GGAG/GAGG	NA	NA	NA	0	0	0	1	NA	NA	NA	NA	NA
JBHJCN010000010.1_147	172319	173245	927	1	0.649	11	None	NA	NA	NA	0	0	0	1	NA	NA	NA	NA	NA
JBHJCN010000010.1_148	173277	174059	783	1	0.663	11	GGAG/GAGG	NA	NA	NA	0	0	0	1	NA	NA	NA	NA	NA
JBHJCN010000010.1_149	174297	175739	1443	-1	0.635	11	GGAG/GAGG	NA	NA	NA	0	0	0	1	NA	NA	NA	NA	NA
JBHJCN010000010.1_150	176009	178543	2535	1	0.674	11	GGA/GAG/AGG	GENOMAD.123353.CP	5.723e-132	445	0	0	0	1	NA	NA	NA	PF00326;PF14583;K01278;COG1506;TIGR02821	Dipeptidyl aminopeptidase/acylaminoacyl peptidase
JBHJCN010000010.1_151	178895	181609	2715	1	0.677	11	None	GENOMAD.136483.CP	9.92e-69	256	0	0	0	1	NA	NA	NA	PF00311;COG2352;TIGR02751	Phosphoenolpyruvate carboxylase
JBHJCN010000010.1_152	181746	182318	573	1	0.677	11	None	GENOMAD.158817.CP	2.647e-40	149	0	0	0	1	NA	NA	NA	PF13022;PF08360;COG1309;TIGR03968;K03577	DNA-binding transcriptional regulator, AcrR family
JBHJCN010000010.1_153	182315	183352	1038	1	0.657	11	GGA/GAG/AGG	GENOMAD.205408.PC	6.272e-50	184	0	0	0	1	NA	NA	NA	PF13387	NA
JBHJCN010000010.1_154	183361	185343	1983	1	0.665	11	GGAG/GAGG	GENOMAD.211147.PC	7.42e-250	780	0	0	0	1	NA	NA	NA	PF05057;COG1075;TIGR02427;K07000	Triacylglycerol esterase/lipase EstA, alpha/beta hydrolase fold
JBHJCN010000010.1_155	185596	186687	1092	1	0.668	11	None	NA	NA	NA	0	0	0	1	NA	NA	NA	NA	NA
JBHJCN010000010.1_156	187192	189963	2772	1	0.626	11	GGA/GAG/AGG	GENOMAD.152082.CP	1.485e-21	104	0	0	0	1	NA	NA	NA	PF00593;PF07715;PF00691;TIGR01782;COG4773;K16089	TonB-dependent receptor
JBHJCN010000010.1_157	190019	191566	1548	1	0.689	11	AGGA	GENOMAD.176778.PC	1.733e-114	380	0	0	0	1	NA	NA	NA	PF00328;K01093	Histidine phosphatase superfamily (branch 2)
JBHJCN010000011.1_1	87	1214	1128	-1	0.668	11	None	GENOMAD.125879.CP	6.841e-20	95	0	0	0	1	NA	NA	NA	PF01339;K13924	CheB methylesterase
JBHJCN010000011.1_2	1211	2017	807	-1	0.636	11	None	GENOMAD.114440.CP	1.914e-25	109	0	0	0	1	NA	NA	NA	PF01739;PF12895;PF03705;K13486;COG1352;TIGR04345	Methylase of chemotaxis methyl-accepting proteins
JBHJCN010000011.1_3	2022	3305	1284	-1	0.676	11	AGGA	NA	NA	NA	0	0	0	1	NA	NA	NA	NA	NA
JBHJCN010000011.1_4	3332	3847	516	-1	0.645	11	AGGAG	GENOMAD.119444.CP	1.668e-17	82	0	0	0	1	NA	NA	NA	PF01584;COG0835;K13489	Chemotaxis signal transduction protein
JBHJCN010000011.1_5	3858	6011	2154	-1	0.657	11	AGGA	NA	NA	NA	0	0	0	1	NA	NA	NA	NA	NA
JBHJCN010000011.1_6	6077	8086	2010	-1	0.654	11	None	GENOMAD.116397.CP	2.528e-99	342	0	0	0	1	NA	NA	NA	PF14501;PF01584;PF01627;PF02895;K03407;COG0643;TIGR01924	Chemotaxis protein histidine kinase CheA
JBHJCN010000011.1_7	8105	8434	330	-1	0.642	11	GGAG/GAGG	GENOMAD.007903.CC	9.594e-08	51	0	0	0	1	NA	NA	NA	PF13466;COG3113;K04749;TIGR00377	ABC-type transporter Mla maintaining outer membrane lipid asymmetry, MlaB component, contains STAS domain
JBHJCN010000011.1_8	8905	12369	3465	-1	0.662	11	None	NA	NA	NA	0	0	0	1	NA	NA	NA	NA	NA
JBHJCN010000011.1_9	12783	13325	543	-1	0.657	11	AGGA	GENOMAD.140339.CP	1.175e-26	109	0	0	0	1	NA	NA	NA	PF13420;TIGR02382;COG3981;K03825	TDP-D-fucosamine acetyltransferase
JBHJCN010000011.1_10	13696	14646	951	-1	0.690	11	None	GENOMAD.152486.CP	9.614e-85	284	0	0	0	1	NA	NA	NA	PF04378;K07115;COG2961;TIGR04474	23S rRNA A2030 N6-methylase RlmJ
JBHJCN010000011.1_11	14782	15486	705	1	0.699	11	None	GENOMAD.152406.CP	0.0006252	43	0	0	0	1	NA	NA	NA	PF00072;K07657;TIGR02875;COG0784	sporulation transcription factor Spo0A
JBHJCN010000011.1_12	15535	16983	1449	1	0.665	11	AGGA/GGAG/GAGG	NA	NA	NA	0	0	0	1	NA	NA	NA	NA	NA
JBHJCN010000011.1_13	17108	17920	813	-1	0.641	11	GGAG/GAGG	NA	NA	NA	0	0	0	1	NA	NA	NA	NA	NA
JBHJCN010000011.1_14	18341	19660	1320	1	0.658	11	GGAG/GAGG	GENOMAD.145476.CP	9.21e-70	246	0	0	0	1	NA	NA	NA	K06143;COG4452	Inner membrane protein involved in colicin E2 resistance
JBHJCN010000011.1_15	19668	20090	423	1	0.693	11	GGA/GAG/AGG	NA	NA	NA	0	0	0	1	NA	NA	NA	NA	NA
JBHJCN010000011.1_16	20071	20736	666	1	0.647	11	None	GENOMAD.180885.CP	8.514e-86	282	0	0	0	1	NA	NA	NA	PF13527;COG3153;K18815;TIGR04431	Predicted N-acetyltransferase YhbS
JBHJCN010000011.1_17	20861	21745	885	1	0.680	11	GGA/GAG/AGG	NA	NA	NA	0	0	0	1	NA	NA	NA	NA	NA
JBHJCN010000011.1_18	21767	22858	1092	1	0.662	11	GGA/GAG/AGG	GENOMAD.191564.CP	8.553e-119	385	0	0	0	1	NA	NA	NA	PF12275	Esterase-like activity of phytase
JBHJCN010000011.1_19	22926	24329	1404	1	0.652	11	GGA/GAG/AGG	NA	NA	NA	0	0	0	1	NA	NA	NA	NA	NA
JBHJCN010000011.1_20	24343	24849	507	1	0.667	11	GGAG/GAGG	NA	NA	NA	0	0	0	1	NA	NA	NA	NA	NA
JBHJCN010000011.1_21	25163	25783	621	-1	0.631	11	GGAG/GAGG	GENOMAD.152184.PC	3.764e-22	97	0	0	0	1	NA	NA	NA	PF14246	AefR-like transcriptional repressor, C-terminal domain
JBHJCN010000011.1_22	26067	27131	1065	1	0.686	11	None	GENOMAD.176977.PC	7.999e-05	47	0	0	0	1	NA	NA	NA	TIGR00999	Membrane Fusion Protein cluster 2 (function with RND porters)
JBHJCN010000011.1_23	27148	30291	3144	1	0.634	11	GGA/GAG/AGG	NA	NA	NA	0	0	0	1	NA	NA	NA	NA	NA
JBHJCN010000011.1_24	30293	31798	1506	1	0.661	11	AGGA	GENOMAD.125808.CP	2.008e-06	53	0	0	0	1	NA	NA	NA	PF02321;K03287;TIGR01845;COG1538	efflux transporter, outer membrane factor (OMF) lipoprotein, NodT family
JBHJCN010000011.1_25	31791	32471	681	1	0.668	11	GGAG/GAGG	GENOMAD.116548.CP	5.623e-26	109	0	0	0	1	NA	NA	NA	PF13022;PF14246;K18301;TIGR03384;COG3226	transcriptional repressor BetI
JBHJCN010000011.1_26	32647	33546	900	-1	0.657	11	None	NA	NA	NA	0	0	0	1	NA	NA	NA	NA	NA
JBHJCN010000011.1_27	33747	34217	471	1	0.675	11	AGGAG	GENOMAD.167601.PC	5.616e-25	103	0	0	0	1	NA	NA	NA	NA	NA
JBHJCN010000011.1_28	34326	35429	1104	-1	0.655	11	GGA/GAG/AGG	GENOMAD.137519.CP	0.0001734	46	0	0	0	1	NA	NA	NA	PF20240;PF12833;K17736;COG2207	AraC-type DNA-binding domain and AraC-containing proteins
JBHJCN010000011.1_29	35983	36897	915	-1	0.690	11	None	NA	NA	NA	0	0	0	1	NA	NA	NA	NA	NA
JBHJCN010000011.1_30	36997	38214	1218	1	0.699	11	None	GENOMAD.179434.CP	0.0002035	46	0	0	0	1	NA	NA	NF033135	COG2814;K03535	Predicted arabinose efflux permease, MFS family
JBHJCN010000011.1_31	38371	39402	1032	1	0.666	11	AGGA	NA	NA	NA	0	0	0	1	NA	NA	NA	NA	NA
JBHJCN010000011.1_32	39485	40081	597	-1	0.665	11	GGxGG	NA	NA	NA	0	0	0	1	NA	NA	NA	NA	NA
JBHJCN010000011.1_33	40083	41921	1839	-1	0.620	11	GGA/GAG/AGG	NA	NA	NA	0	0	0	1	NA	NA	NA	NA	NA
JBHJCN010000011.1_34	42745	45126	2382	-1	0.639	11	AGGAG	GENOMAD.159936.CP	5.444e-211	674	0	0	0	1	NA	NA	NA	K16090;COG4206	Outer membrane cobalamin receptor protein
JBHJCN010000011.1_35	45519	47582	2064	-1	0.653	11	GGA/GAG/AGG	NA	NA	NA	0	0	0	1	NA	NA	NA	NA	NA
JBHJCN010000011.1_36	47745	48161	417	1	0.652	11	None	GENOMAD.146365.CV	1.946e-37	138	0	0	0	1	NA	NA	NA	PF03203;K19058	MerC mercury resistance protein
JBHJCN010000011.1_37	48604	48786	183	1	0.645	11	AGGAG	GENOMAD.040850.CC	6.898e-07	46	0	0	0	1	NA	NA	NA	PF17070;TIGR04560	30S ribosomal protein Thx
JBHJCN010000011.1_38	49086	50426	1341	-1	0.673	11	None	NA	NA	NA	0	0	0	1	NA	NA	NA	NA	NA
JBHJCN010000011.1_39	50602	51900	1299	-1	0.672	11	None	GENOMAD.160510.CP	7.785e-07	54	0	0	0	1	NA	NA	NA	PF00884;COG1524;TIGR02335;K01133	Sulfatase
JBHJCN010000011.1_40	51937	52482	546	-1	0.689	11	AGGA	GENOMAD.015629.CC	0.0001484	44	0	0	0	1	NA	NA	NA	PF01035;COG0350;K13531;TIGR00589	O6-methylguanine-DNA--protein-cysteine methyltransferase
JBHJCN010000011.1_41	52479	53942	1464	-1	0.715	11	None	GENOMAD.132304.CP	3.522e-31	132	0	0	0	1	NA	NA	NA	PF06029;COG0122;TIGR00588	3-methyladenine DNA glycosylase/8-oxoguanine DNA glycosylase
JBHJCN010000011.1_42	54090	55316	1227	1	0.694	11	None	NA	NA	NA	0	0	0	1	NA	NA	NA	NA	NA
JBHJCN010000011.1_43	55393	55647	255	1	0.678	11	GGxGG	NA	NA	NA	0	0	0	1	NA	NA	NA	NA	NA
JBHJCN010000011.1_44	56048	56584	537	1	0.698	11	GGA/GAG/AGG	GENOMAD.189756.CP	2.357e-15	76	0	0	0	1	NA	NA	NA	PF13211	NA
JBHJCN010000011.1_45	56610	57011	402	1	0.662	11	GGAG/GAGG	GENOMAD.171460.CP	2.518e-15	74	0	0	0	1	NA	NA	NA	PF01124;COG3686	Uncharacterized conserved protein, MAPEG superfamily
JBHJCN010000011.1_46	57148	57357	210	-1	0.648	11	GGA/GAG/AGG	NA	NA	NA	0	0	0	1	NA	NA	NA	NA	NA
JBHJCN010000011.1_47	57354	57596	243	-1	0.638	11	GGA/GAG/AGG	NA	NA	NA	0	0	0	1	NA	NA	NA	NA	NA
JBHJCN010000011.1_48	57633	58280	648	-1	0.685	11	GGAG/GAGG	GENOMAD.043479.CC	4.455e-24	103	0	0	0	1	NA	NA	NA	NA	NA
JBHJCN010000011.1_49	58310	58828	519	-1	0.663	11	None	NA	NA	NA	0	0	0	1	NA	NA	NA	NA	NA
JBHJCN010000011.1_50	58977	60875	1899	1	0.677	11	GGAG/GAGG	GENOMAD.111067.CV	4.169e-08	59	0	0	0	1	NA	NA	NA	NA	NA
JBHJCN010000011.1_51	61137	63542	2406	1	0.650	11	AGGA	NA	NA	NA	0	0	0	1	NA	NA	NA	NA	NA
JBHJCN010000011.1_52	63643	64404	762	1	0.619	11	None	GENOMAD.106866.CP	1.405e-22	100	0	0	0	1246	Caudoviricetes	NA	NA	COG1187	16S rRNA U516 pseudouridylate synthase RsuA and related 23S rRNA U2605, pseudouridylate synthases
JBHJCN010000011.1_53	64602	65729	1128	1	0.657	11	GGA/GAG/AGG	NA	NA	NA	0	0	0	1	NA	NA	NA	NA	NA
JBHJCN010000011.1_54	65894	66841	948	-1	0.661	11	None	GENOMAD.101807.CP	1.683e-42	161	0	0	0	1	NA	NA	NA	PF16913;COG5006;TIGR03340;K03298	Threonine/homoserine efflux transporter RhtA
JBHJCN010000011.1_55	67218	68060	843	-1	0.656	11	GGA/GAG/AGG	NA	NA	NA	0	0	0	1	NA	NA	NA	NA	NA
JBHJCN010000011.1_56	68563	68856	294	1	0.694	11	GGA/GAG/AGG	NA	NA	NA	0	0	0	1	NA	NA	NA	NA	NA
JBHJCN010000011.1_57	68829	69086	258	1	0.694	11	None	NA	NA	NA	0	0	0	1	NA	NA	NA	NA	NA
JBHJCN010000011.1_58	69109	69342	234	1	0.645	11	GGA/GAG/AGG	NA	NA	NA	0	0	0	1	NA	NA	NA	NA	NA
JBHJCN010000011.1_59	69395	70633	1239	1	0.650	11	None	NA	NA	NA	0	0	0	1	NA	NA	NA	NA	NA
JBHJCN010000011.1_60	70779	72044	1266	1	0.639	11	None	NA	NA	NA	0	0	0	1	NA	NA	NA	NA	NA
JBHJCN010000011.1_61	72108	73301	1194	-1	0.680	11	None	NA	NA	NA	0	0	0	1	NA	NA	NA	NA	NA
JBHJCN010000011.1_62	73298	73987	690	-1	0.654	11	GGA/GAG/AGG	NA	NA	NA	0	0	0	1	NA	NA	NA	NA	NA
JBHJCN010000011.1_63	74093	75562	1470	1	0.669	11	None	NA	NA	NA	0	0	0	1	NA	NA	NA	NA	NA
JBHJCN010000011.1_64	75582	76418	837	1	0.659	11	GGAG/GAGG	GENOMAD.182485.PC	1.72e-140	443	0	0	0	1	NA	NA	NA	PF06629;COG3713;K07274	Outer membrane scaffolding protein for murein synthesis, MipA/OmpV family
JBHJCN010000011.1_65	76444	77547	1104	1	0.707	11	GGA/GAG/AGG	NA	NA	NA	0	0	0	1	NA	NA	NA	NA	NA
JBHJCN010000011.1_66	77544	80603	3060	1	0.668	11	GGAGG	NA	NA	NA	0	0	0	1	NA	NA	NA	NA	NA
JBHJCN010000011.1_67	80638	80787	150	1	0.667	11	GGxGG	NA	NA	NA	0	0	0	1	NA	NA	NA	NA	NA
JBHJCN010000011.1_68	80808	81407	600	1	0.650	11	GGA/GAG/AGG	NA	NA	NA	0	0	0	1	NA	NA	NA	NA	NA
JBHJCN010000011.1_69	81578	83410	1833	1	0.643	11	None	NA	NA	NA	0	0	0	1	NA	NA	NA	NA	NA
JBHJCN010000011.1_70	83684	85489	1806	-1	0.643	11	AGGA	GENOMAD.142795.CP	4.043e-95	327	0	0	0	1	NA	NA	NA	PF05960;COG4805	Bacterial protein of unknown function (DUF885)
JBHJCN010000011.1_71	85873	86229	357	1	0.633	11	AGGAG	NA	NA	NA	0	0	0	1	NA	NA	NA	NA	NA
JBHJCN010000011.1_72	86226	87029	804	1	0.692	11	GGAG/GAGG	GENOMAD.016394.CC	1.034e-114	368	0	0	0	1	NA	NA	NA	NA	NA
JBHJCN010000011.1_73	87226	87519	294	-1	0.629	11	AGGA	NA	NA	NA	0	0	0	1	NA	NA	NA	NA	NA
JBHJCN010000011.1_74	87596	89014	1419	-1	0.667	11	AGGA	GENOMAD.213001.PC	1.309e-213	665	0	0	0	1	NA	NA	NA	PF11066	NA
JBHJCN010000011.1_75	89048	89362	315	-1	0.635	11	None	NA	NA	NA	0	0	0	1	NA	NA	NA	NA	NA
JBHJCN010000011.1_76	89676	90668	993	-1	0.676	11	None	NA	NA	NA	0	0	0	1	NA	NA	NA	NA	NA
JBHJCN010000011.1_77	90839	91636	798	1	0.665	11	GGAG/GAGG	GENOMAD.142573.CP	1.641e-27	115	0	0	0	1	NA	NA	NA	K15269;COG5006	Threonine/homoserine efflux transporter RhtA
JBHJCN010000011.1_78	91774	92679	906	-1	0.664	11	None	NA	NA	NA	0	0	0	1	NA	NA	NA	NA	NA
JBHJCN010000011.1_79	92816	93058	243	-1	0.601	11	GGA/GAG/AGG	NA	NA	NA	0	0	0	1	NA	NA	NA	NA	NA
JBHJCN010000011.1_80	93263	93355	93	1	0.656	11	AGxAGG/AGGxGG	NA	NA	NA	0	0	0	1	NA	NA	NA	NA	NA
JBHJCN010000011.1_81	93502	95703	2202	-1	0.634	11	AGGAG	GENOMAD.086843.PP	0.0	1066	0	0	0	1	NA	NA	NA	NA	NA
JBHJCN010000011.1_82	96396	96842	447	1	0.635	11	GGA/GAG/AGG	NA	NA	NA	0	0	0	1	NA	NA	NA	NA	NA
JBHJCN010000011.1_83	96839	98842	2004	1	0.647	11	GGAGG	NA	NA	NA	0	0	0	1	NA	NA	NA	NA	NA
JBHJCN010000011.1_84	99248	99697	450	-1	0.602	11	GGA/GAG/AGG	GENOMAD.003878.CC	1.467e-28	113	0	0	0	1	NA	NA	NA	PF09500;TIGR02447;COG2050;K02614	thioesterase domain, putative
JBHJCN010000011.1_85	99964	100821	858	-1	0.672	11	GGA/GAG/AGG	NA	NA	NA	0	0	0	1	NA	NA	NA	NA	NA
JBHJCN010000011.1_86	101028	101645	618	1	0.704	11	GGAG/GAGG	NA	NA	NA	0	0	0	1	NA	NA	NA	NA	NA
JBHJCN010000011.1_87	101713	104355	2643	1	0.656	11	GGA/GAG/AGG	NA	NA	NA	0	0	0	1	NA	NA	NA	NA	NA
JBHJCN010000011.1_88	104912	105556	645	1	0.670	11	None	GENOMAD.002511.CC	3.205e-49	176	0	0	0	1	NA	NA	NA	PF04390;PF08139;K03643;COG2980	Outer membrane lipoprotein LptE/RlpB (LPS assembly)
JBHJCN010000011.1_89	105579	106607	1029	1	0.697	11	None	GENOMAD.000510.CC	7.634e-44	166	0	0	0	1	NA	NA	NA	PF06144;PF14840;TIGR01128;K02340;COG1466	DNA polymerase III, delta subunit
JBHJCN010000011.1_90	106604	107473	870	1	0.697	11	GGA/GAG/AGG	NA	NA	NA	0	0	0	1	NA	NA	NA	NA	NA
JBHJCN010000011.1_91	107530	107943	414	1	0.635	11	GGA/GAG/AGG	NA	NA	NA	0	0	0	1	NA	NA	NA	NA	NA
JBHJCN010000011.1_92	108112	109647	1536	-1	0.691	11	AGGAG	GENOMAD.154729.CP	2.07e-06	53	0	0	0	1	NA	NA	NA	PF05787;COG3211;K07093	Secreted phosphatase, PhoX family
JBHJCN010000011.1_93	109859	110239	381	1	0.698	11	None	GENOMAD.000168.CC	7.934e-17	78	0	0	0	1	NA	NA	NA	PF02590;TIGR00246;COG1576;K00783	rRNA large subunit m3Psi methyltransferase RlmH
JBHJCN010000011.1_94	110318	110989	672	-1	0.658	11	GGAGG	GENOMAD.147617.CP	7.153e-19	88	0	0	0	1	NA	NA	NA	PF03544;TIGR01352	TonB family C-terminal domain
JBHJCN010000011.1_95	111290	112024	735	-1	0.654	11	AGGAG	GENOMAD.136992.CP	1.017e-24	106	0	0	0	1	NA	NA	NA	PF04402;K09807;COG2859	Predicted secreted (periplasmic) protein
JBHJCN010000011.1_96	112163	112735	573	1	0.663	11	GGA/GAG/AGG	GENOMAD.104491.CP	1.83e-06	50	0	0	0	1	NA	NA	NA	PF02545;COG0424;TIGR00172;K06287	Predicted house-cleaning NTP pyrophosphatase, Maf/HAM1 superfamily
JBHJCN010000011.1_97	112735	114234	1500	1	0.655	11	GGAG/GAGG	GENOMAD.030551.CC	0.0001373	47	0	0	0	1	NA	NA	NA	NA	NA
JBHJCN010000011.1_98	114375	118295	3921	1	0.706	11	None	GENOMAD.001742.CC	0.0	1728	0	0	0	1	NA	NA	NA	PF13116;PF13502;PF05170;COG3164;K07290	Uncharacterized conserved protein YhdP, contains DUF3971 and AsmA2 domains
JBHJCN010000011.1_99	118311	119111	801	-1	0.669	11	None	NA	NA	NA	0	0	0	1	NA	NA	NA	NA	NA
JBHJCN010000011.1_100	119162	120607	1446	1	0.683	11	None	GENOMAD.105814.CP	3.799e-129	421	0	0	0	1	NA	NA	NA	PF19290;PF01523;PF19289;K03568;COG0312	Predicted Zn-dependent protease or its inactivated homolog
JBHJCN010000011.1_101	120864	121445	582	-1	0.665	11	GGA/GAG/AGG	GENOMAD.110126.CP	4.672e-53	186	0	0	0	1	NA	NA	NA	PF04751;K09889;COG3028	Ribosomal 50S subunit-associated protein YjgA (function unknown), DUF615 family
JBHJCN010000011.1_102	121593	122960	1368	1	0.689	11	AGGA	GENOMAD.084170.CP	6.535e-46	176	0	0	0	1	NA	NA	NA	PF19289;PF19290;PF01523;K03592;COG0312	Predicted Zn-dependent protease or its inactivated homolog
JBHJCN010000011.1_103	123362	123748	387	1	0.610	11	GGAG/GAGG	GENOMAD.111281.CP	5.37e-22	93	0	0	0	1	NA	NA	NA	PF09685;K09940;COG3296	Uncharacterized conserved protein, Tic20 family
JBHJCN010000011.1_104	123818	124906	1089	-1	0.645	11	GGAG/GAGG	GENOMAD.207450.CP	1.427e-22	103	0	0	0	1	NA	NA	NA	PF02102	Deuterolysin metalloprotease (M35) family
JBHJCN010000011.1_105	125367	126242	876	-1	0.691	11	GGA/GAG/AGG	NA	NA	NA	0	0	0	1	NA	NA	NA	NA	NA
JBHJCN010000011.1_106	126244	126504	261	-1	0.621	11	None	GENOMAD.111764.CV	1.255e-11	61	0	0	0	1	NA	NA	NA	PF02609;TIGR01280;COG1722	exodeoxyribonuclease VII, small subunit
JBHJCN010000011.1_107	126536	127840	1305	-1	0.702	11	GGA/GAG/AGG	GENOMAD.073046.CP	1.594e-06	53	0	0	0	1	NA	NA	NA	PF11734;TIGR02433	TilS substrate C-terminal domain
JBHJCN010000011.1_108	128210	129910	1701	-1	0.692	11	GGA/GAG/AGG	NA	NA	NA	0	0	0	1	NA	NA	NA	NA	NA
JBHJCN010000011.1_109	130060	131400	1341	1	0.635	11	GGA/GAG/AGG	NA	NA	NA	0	0	0	1	NA	NA	NA	NA	NA
JBHJCN010000011.1_110	131410	132246	837	1	0.654	11	GGAG/GAGG	NA	NA	NA	0	0	0	1	NA	NA	NA	NA	NA
JBHJCN010000011.1_111	132495	132986	492	1	0.644	11	GGAG/GAGG	NA	NA	NA	0	0	0	1	NA	NA	NA	NA	NA
JBHJCN010000011.1_112	133184	133648	465	-1	0.667	11	GGA/GAG/AGG	GENOMAD.151617.VC	4.044e-05	45	0	0	0	1246	Caudoviricetes	NA	NA	PF06940;K13695;COG3738;TIGR02219	Uncharacterized protein YijF, DUF1287 family
JBHJCN010000011.1_113	134043	134585	543	-1	0.669	11	None	GENOMAD.151298.VC	0.000311	43	0	0	0	1246	Caudoviricetes	NA	NA	PF06940;COG3738;K13695;TIGR02219	Uncharacterized protein YijF, DUF1287 family
JBHJCN010000011.1_114	134695	135174	480	1	0.631	11	GGA/GAG/AGG	GENOMAD.126968.VC	1.653e-22	96	0	0	0	1246	Caudoviricetes	NA	NA	PF00254;K03775;COG1047	FKBP-type peptidyl-prolyl cis-trans isomerase 2
JBHJCN010000011.1_115	135403	136647	1245	1	0.671	11	GGA/GAG/AGG	GENOMAD.152588.CP	6.874e-60	216	0	0	0	1	NA	NA	NA	COG2311	Uncharacterized membrane protein YeiB
JBHJCN010000011.1_116	136655	137905	1251	1	0.679	11	None	NA	NA	NA	0	0	0	1	NA	NA	NA	NA	NA
JBHJCN010000011.1_117	137902	139272	1371	1	0.641	11	GGAG/GAGG	NA	NA	NA	0	0	0	1	NA	NA	NA	NA	NA
JBHJCN010000011.1_118	139681	140088	408	1	0.723	11	None	GENOMAD.083954.CP	1.332e-14	72	0	0	0	1	NA	NA	NA	PF01035;K07443;COG3695;TIGR00589	Alkylated DNA nucleotide flippase Atl1, participates in nucleotide excision repair, Ada-like DNA-binding domain
JBHJCN010000011.1_119	140129	140824	696	1	0.636	11	AGGA	GENOMAD.001990.CC	1.642e-06	51	0	0	0	1	NA	NA	NA	PF04511;PF13453;COG5291;K13989;TIGR03902	Predicted membrane protein
JBHJCN010000011.1_120	141033	143048	2016	-1	0.671	11	None	NA	NA	NA	0	0	0	1	NA	NA	NA	NA	NA
JBHJCN010000011.1_121	143233	145329	2097	-1	0.623	11	None	GENOMAD.053052.VV	8.285e-18	91	0	0	0	1	NA	NA	NA	PF01431;K07386;COG3590	Predicted metalloendopeptidase
JBHJCN010000011.1_122	145715	147856	2142	-1	0.644	11	None	GENOMAD.053052.VV	3.522e-17	89	0	0	0	1	NA	NA	NA	PF01431;K07386;COG3590	Predicted metalloendopeptidase
JBHJCN010000011.1_123	148244	149863	1620	1	0.653	11	GGxGG	NA	NA	NA	0	0	0	1	NA	NA	NA	NA	NA
JBHJCN010000011.1_124	149976	152309	2334	-1	0.587	11	None	GENOMAD.125907.CP	2.768e-178	578	0	0	0	1	NA	NA	NA	PF14905;PF07715;TIGR01783;COG4771;K19611	TonB-dependent siderophore receptor
JBHJCN010000011.1_125	152408	152983	576	-1	0.644	11	None	NA	NA	NA	0	0	0	1	NA	NA	NA	NA	NA
JBHJCN010000011.1_126	153394	156384	2991	-1	0.627	11	AGGA/GGAG/GAGG	NA	NA	NA	0	0	0	1	NA	NA	NA	NA	NA
JBHJCN010000011.1_127	156720	157571	852	1	0.669	11	GGA/GAG/AGG	NA	NA	NA	0	0	0	1	NA	NA	NA	NA	NA
JBHJCN010000011.1_128	157663	158232	570	1	0.612	11	AGGA	NA	NA	NA	0	0	0	1	NA	NA	NA	NA	NA
JBHJCN010000011.1_129	158254	158439	186	-1	0.608	11	GGAG/GAGG	GENOMAD.015026.CC	2.498e-23	93	0	0	0	1	NA	NA	NA	PF18917;COG4758;K11622	Predicted membrane protein
JBHJCN010000011.1_130	158850	159017	168	-1	0.619	11	None	GENOMAD.015026.CC	1.027e-21	88	0	0	0	1	NA	NA	NA	PF18917;COG4758;K11622	Predicted membrane protein
JBHJCN010000011.1_131	159045	159479	435	-1	0.692	11	None	GENOMAD.096167.CP	1.575e-25	104	0	0	0	1	NA	NA	NA	PF01230;COG0537;K19710	Diadenosine tetraphosphate (Ap4A) hydrolase or other HIT family hydrolase
JBHJCN010000011.1_132	159476	160138	663	-1	0.682	11	AGGAG	GENOMAD.132951.CP	7.392e-15	76	0	0	0	1	NA	NA	NA	PF01738;K01061;COG0412;TIGR02821	Dienelactone hydrolase family
JBHJCN010000011.1_133	160319	161695	1377	1	0.634	11	GGA/GAG/AGG	GENOMAD.108089.CP	7.169e-10	64	0	0	0	1	NA	NA	NA	PF18693	TRAM domain
JBHJCN010000011.1_134	162019	162615	597	-1	0.655	11	None	GENOMAD.054318.CC	2.162e-11	65	0	0	0	1	NA	NA	NA	PF03449;TIGR01461;COG0782	Transcription elongation factor, N-terminal
JBHJCN010000011.1_135	162637	164103	1467	1	0.643	11	GGA/GAG/AGG	GENOMAD.137825.CP	7.912e-06	51	0	0	0	1	NA	NA	NA	PF20401;K19225;TIGR04239;COG0705	rhomboid family protease GlpG
JBHJCN010000011.1_136	164241	165515	1275	-1	0.660	11	GGA/GAG/AGG	GENOMAD.031297.CC	1.46e-44	171	0	0	0	1	NA	NA	NA	PF13197	NA
JBHJCN010000011.1_137	165870	166490	621	1	0.607	11	AGGAG	NA	NA	NA	0	0	0	1	NA	NA	NA	NA	NA
JBHJCN010000011.1_138	166541	168046	1506	-1	0.668	11	GGA/GAG/AGG	NA	NA	NA	0	0	0	1	NA	NA	NA	NA	NA
JBHJCN010000011.1_139	168339	169922	1584	1	0.660	11	None	NA	NA	NA	0	0	0	1	NA	NA	NA	NA	NA
JBHJCN010000011.1_140	170179	171021	843	-1	0.668	11	GGA/GAG/AGG	NA	NA	NA	0	0	0	1	NA	NA	NA	NA	NA
JBHJCN010000011.1_141	171018	171668	651	-1	0.665	11	GGA/GAG/AGG	GENOMAD.142885.CP	2.813e-06	50	0	0	0	1	NA	NA	NA	PF02630;K07152;COG0386;TIGR02540	SCO1/SenC
JBHJCN010000011.1_142	171749	172675	927	1	0.657	11	None	GENOMAD.091839.CV	3.465e-06	51	0	0	0	1246	Caudoviricetes	NA	NA	PF01189;K15460;COG4123;TIGR03534	tRNA1(Val) A37 N6-methylase TrmN6
JBHJCN010000011.1_143	172686	173789	1104	1	0.667	11	GGA/GAG/AGG	NA	NA	NA	0	0	0	1	NA	NA	NA	NA	NA
JBHJCN010000011.1_144	173782	174855	1074	1	0.673	11	None	NA	NA	NA	0	0	0	1	NA	NA	NA	NA	NA
JBHJCN010000011.1_145	174939	175964	1026	1	0.654	11	None	NA	NA	NA	0	0	0	1	NA	NA	NA	NA	NA
JBHJCN010000011.1_146	176649	178604	1956	1	0.708	11	GGA/GAG/AGG	GENOMAD.145363.CP	7.542e-52	199	0	0	0	1	NA	NA	NA	COG3170	Tfp pilus assembly protein FimV
JBHJCN010000011.1_147	178601	179008	408	1	0.674	11	GGA/GAG/AGG	GENOMAD.167065.CP	2.835e-40	146	0	0	0	1	NA	NA	NA	PF14506;K06996;COG3324;TIGR00068	Predicted enzyme related to lactoylglutathione lyase
JBHJCN010000011.1_148	179171	179944	774	1	0.667	11	GGA/GAG/AGG	GENOMAD.147411.CP	5.687e-29	119	0	0	0	1246	Caudoviricetes	NA	NA	PF01416;TIGR00071;COG0101;K15452	tRNA pseudouridine(38-40) synthase
JBHJCN010000011.1_149	179941	180609	669	1	0.650	11	GGAG/GAGG	GENOMAD.126973.CP	6.458e-34	132	0	0	0	1	NA	NA	NA	PF00697;K01817;COG1891;TIGR00259	N-(5'phosphoribosyl)anthranilate (PRA) isomerase
JBHJCN010000011.1_150	180801	181727	927	-1	0.699	11	GGA/GAG/AGG	NA	NA	NA	0	0	0	1	NA	NA	NA	NA	NA
JBHJCN010000011.1_151	181832	183049	1218	1	0.649	11	GGAG/GAGG	GENOMAD.110049.CP	1.543e-52	194	0	0	0	1	NA	NA	NA	PF19465;COG0133;TIGR00263	Tryptophan synthase beta chain
JBHJCN010000011.1_152	183092	183322	231	1	0.654	11	GGA/GAG/AGG	NA	NA	NA	0	0	0	1	NA	NA	NA	NA	NA
JBHJCN010000012.1_1	3	149	147	1	0.660	11	None	NA	NA	NA	0	0	0	1	NA	NA	NA	NA	NA
JBHJCN010000012.1_2	193	999	807	1	0.698	11	GGA/GAG/AGG	GENOMAD.116415.CP	4.63e-39	149	0	0	0	1	NA	NA	NA	PF00290;K01695;TIGR00262;COG0159	tryptophan synthase, alpha subunit
JBHJCN010000012.1_3	1269	2174	906	1	0.659	11	GGA/GAG/AGG	GENOMAD.121654.CP	6.224e-63	220	0	0	0	1246	Caudoviricetes	NA	NA	PF01343;K01258;COG1024;TIGR03210	Peptidase family S49
JBHJCN010000012.1_4	2171	3520	1350	1	0.671	11	None	NA	NA	NA	0	0	0	1	NA	NA	NA	NA	NA
JBHJCN010000012.1_5	3625	4581	957	1	0.634	11	GGA/GAG/AGG	NA	NA	NA	0	0	0	1	NA	NA	NA	NA	NA
JBHJCN010000012.1_6	4772	5455	684	1	0.677	11	GGxGG	GENOMAD.161375.CP	1.583e-34	134	0	0	0	1	NA	NA	NA	PF00127;TIGR02657;COG3794	amicyanin
JBHJCN010000012.1_7	5452	7818	2367	1	0.657	11	AGxAG	NA	NA	NA	0	0	0	1	NA	NA	NA	NA	NA
JBHJCN010000012.1_8	7815	8687	873	1	0.664	11	AGGAG	GENOMAD.183758.CP	4.416e-91	301	0	0	0	1	NA	NA	NA	PF11231	Exopolysaccharide biosynthesis protein YbjH
JBHJCN010000012.1_9	8687	9115	429	1	0.641	11	AGxAGG/AGGxGG	GENOMAD.166316.CP	9.413e-22	93	0	0	0	1	NA	NA	NA	PF01152;K06886;COG2346	Truncated hemoglobin YjbI
JBHJCN010000012.1_10	9172	10569	1398	-1	0.506	11	4Base/6BMM	NA	NA	NA	0	0	0	1	NA	NA	NA	NA	NA
JBHJCN010000012.1_11	10661	11461	801	-1	0.683	11	AGGA	NA	NA	NA	0	0	0	1	NA	NA	NA	NA	NA
JBHJCN010000012.1_12	11574	12329	756	1	0.663	11	AGGA/GGAG/GAGG	NA	NA	NA	0	0	0	1	NA	NA	NA	NA	NA
JBHJCN010000012.1_13	12363	12836	474	1	0.677	11	GGA/GAG/AGG	GENOMAD.000166.CC	1.826e-08	55	0	0	0	1	NA	NA	NA	PF03840;K03075;COG1314;TIGR00810	Preprotein translocase subunit SecG
JBHJCN010000012.1_14	13028	13429	402	1	0.587	11	None	GENOMAD.000945.CC	1.029e-06	49	0	0	0	1	NA	NA	NA	PF00507;K22158;COG0838	NADH:ubiquinone oxidoreductase subunit 3 (chain A)
JBHJCN010000012.1_15	13420	13974	555	1	0.645	11	GGAG/GAGG	NA	NA	NA	0	0	0	1	NA	NA	NA	NA	NA
JBHJCN010000012.1_16	14011	14763	753	1	0.651	11	AGxAG	NA	NA	NA	0	0	0	1	NA	NA	NA	NA	NA
JBHJCN010000012.1_17	14760	16067	1308	1	0.608	11	GGAG/GAGG	NA	NA	NA	0	0	0	1	NA	NA	NA	NA	NA
JBHJCN010000012.1_18	16064	16591	528	1	0.621	11	GGAG/GAGG	NA	NA	NA	0	0	0	1	NA	NA	NA	NA	NA
JBHJCN010000012.1_19	16595	17929	1335	1	0.631	11	GGAG/GAGG	NA	NA	NA	0	0	0	1	NA	NA	NA	NA	NA
JBHJCN010000012.1_20	17926	20160	2235	1	0.655	11	GGAG/GAGG	GENOMAD.115103.CP	1.037e-25	117	0	0	0	1	NA	NA	NA	PF13484;TIGR02512;COG1141;K12136	 hydrogenase, group A
JBHJCN010000012.1_21	20157	21248	1092	1	0.597	11	GGxGG	GENOMAD.116611.CP	1.108e-63	225	0	0	0	1	NA	NA	NA	PF00146;K05572;COG1005	NADH:ubiquinone oxidoreductase subunit 1 (chain H)
JBHJCN010000012.1_22	21252	21740	489	1	0.599	11	GGA/GAG/AGG	GENOMAD.113231.CP	1.018e-29	117	0	0	0	1	NA	NA	NA	PF12798;TIGR02951;COG1146;K00395	DMSO reductase, iron-sulfur subunit
JBHJCN010000012.1_23	21748	22407	660	1	0.620	11	GGAG/GAGG	GENOMAD.111859.CP	3.327e-15	77	0	0	0	1	NA	NA	NA	K00339;COG0839	NADH:ubiquinone oxidoreductase subunit 6 (chain J)
JBHJCN010000012.1_24	22404	22709	306	1	0.575	11	AGGAG	GENOMAD.116508.CP	1.734e-14	70	0	0	0	1	NA	NA	NA	PF00420;K05576;COG1006;TIGR00941	Multisubunit Na+/H+ antiporter, MnhC subunit
JBHJCN010000012.1_25	22717	24876	2160	1	0.596	11	GGA/GAG/AGG	GENOMAD.120746.CP	1.95e-51	199	0	0	0	1	NA	NA	NA	PF10125;K00341;TIGR01974;COG1009	proton-translocating NADH-quinone oxidoreductase, chain L
JBHJCN010000012.1_26	24897	26399	1503	1	0.616	11	GGA/GAG/AGG	GENOMAD.109407.CP	1.204e-11	70	0	0	0	1	NA	NA	NA	COG0651	Formate hydrogenlyase subunit 3/Multisubunit Na+/H+ antiporter, MnhD subunit
JBHJCN010000012.1_27	26436	27896	1461	1	0.628	11	AGGA	GENOMAD.109595.CP	1.369e-102	344	0	0	0	1	NA	NA	NA	PF00361;PF19530;K00343;COG1007;TIGR01770	NADH:ubiquinone oxidoreductase subunit 2 (chain N)
JBHJCN010000012.1_28	28371	28961	591	1	0.618	11	GGA/GAG/AGG	GENOMAD.000102.CC	3.656e-39	146	1	0	0	1246	Caudoviricetes	NA	NA	PF02576;PF17384;K09748;COG0779	Ribosome maturation factor RimP
JBHJCN010000012.1_29	28966	30477	1512	1	0.642	11	GGAG/GAGG	GENOMAD.116332.CV	1.218e-11	70	0	0	0	1	NA	NA	NA	PF03118;TIGR01954	transcription termination factor NusA, C-terminal duplication
JBHJCN010000012.1_30	30573	33287	2715	1	0.650	11	AGGA	GENOMAD.000022.CC	1.977e-99	350	1	0	0	1246	Caudoviricetes	NA	NA	PF11987;PF14578;COG0532	Translation initiation factor IF-2, a GTPase
JBHJCN010000012.1_31	33432	33824	393	1	0.651	11	GGA/GAG/AGG	GENOMAD.097225.CV	1.969e-25	103	0	0	0	1246	Caudoviricetes	NA	NA	PF02033;TIGR00082;COG0858;K15986	ribosome-binding factor A
JBHJCN010000012.1_32	33904	34830	927	1	0.660	11	GGA/GAG/AGG	GENOMAD.036810.CC	2.715e-10	64	0	0	0	1	NA	NA	NA	PF16198	tRNA pseudouridylate synthase B C-terminal domain
JBHJCN010000012.1_33	34987	35247	261	1	0.582	11	GGA/GAG/AGG	GENOMAD.056361.CP	1.233e-26	104	1	0	0	1	NA	NA	NA	PF00312;TIGR00952;COG0184	ribosomal protein S15, bacterial/organelle
JBHJCN010000012.1_34	35416	37530	2115	1	0.629	11	GGA/GAG/AGG	GENOMAD.056657.CV	1.227e-206	657	0	0	0	1246	Caudoviricetes	NA	NA	PF01138;PF03726;PF03725;K00962;TIGR02696;COG1185	guanosine pentaphosphate synthetase I/polynucleotide phosphorylase
JBHJCN010000012.1_35	37942	38994	1053	-1	0.660	11	AGGA	NA	NA	NA	0	0	0	1	NA	NA	NA	NA	NA
JBHJCN010000012.1_36	39057	39944	888	-1	0.678	11	None	NA	NA	NA	0	0	0	1	NA	NA	NA	NA	NA
JBHJCN010000012.1_37	39941	40210	270	-1	0.659	11	None	GENOMAD.001157.CC	6.008e-43	151	0	0	0	1	NA	NA	NA	COG2835	Uncharacterized conserved protein YbaR, Trm112 family
JBHJCN010000012.1_38	40269	40772	504	1	0.688	11	GGA/GAG/AGG	NA	NA	NA	0	0	0	1	NA	NA	NA	NA	NA
JBHJCN010000012.1_39	40769	41914	1146	1	0.671	11	None	NA	NA	NA	0	0	0	1	NA	NA	NA	NA	NA
JBHJCN010000012.1_40	42055	42633	579	-1	0.637	11	None	NA	NA	NA	0	0	0	1	NA	NA	NA	NA	NA
JBHJCN010000012.1_41	42754	43074	321	1	0.620	11	AGGAG	GENOMAD.115269.CP	7.689e-25	100	0	0	0	1	NA	NA	NA	PF01722;PF04908;COG5007;TIGR00365;K05527	Acid stress-induced BolA-like protein IbaG/YrbA, predicted regulator of iron metabolism
JBHJCN010000012.1_42	43071	43814	744	1	0.700	11	GGAG/GAGG	NA	NA	NA	0	0	0	1	NA	NA	NA	NA	NA
JBHJCN010000012.1_43	43811	44410	600	1	0.648	11	GGAG/GAGG	GENOMAD.124379.CP	0.0008752	42	0	0	0	1	NA	NA	NA	COG2095	Small neutral amino acid transporter SnatA, MarC family
JBHJCN010000012.1_44	45039	48263	3225	1	0.573	11	GGAG/GAGG	GENOMAD.127260.CP	1.807e-14	81	0	0	0	1	NA	NA	NA	PF14905;COG4774;K21573	Outer membrane receptor for monomeric catechols
JBHJCN010000012.1_45	48370	49755	1386	1	0.644	11	AGGAG	GENOMAD.007125.CC	3.211e-38	153	0	0	0	1	NA	NA	NA	PF14793;K06966	Pyrimidine/purine nucleotide 5'-monophosphate nucleosidases
JBHJCN010000012.1_46	49880	50398	519	1	0.582	11	GGAG/GAGG	GENOMAD.182432.CP	0.0005786	42	0	0	0	1	NA	NA	NA	PF07379;TIGR01708;K08084;COG4970	type II secretion system protein H
JBHJCN010000012.1_47	50395	50874	480	1	0.523	11	GGAG/GAGG	GENOMAD.136455.CP	5.031e-18	83	0	0	0	1	NA	NA	NA	PF07379;K02671;TIGR02523;COG4967	type IV pilus modification protein PilV
JBHJCN010000012.1_48	50880	52037	1158	1	0.585	11	AGGA/GGAG/GAGG	GENOMAD.141000.CP	9.511e-192	597	0	0	0	1	NA	NA	NA	PF16074;PF07379;K02672;COG4966;TIGR01711	Tfp pilus assembly protein PilW
JBHJCN010000012.1_49	52046	52567	522	1	0.511	11	None	GENOMAD.004263.CC	1.018e-34	132	0	0	0	1	NA	NA	NA	PF14341;K02673;COG4726	Tfp pilus assembly protein PilX
JBHJCN010000012.1_50	52578	56324	3747	1	0.555	11	None	GENOMAD.146580.CP	0.0	1997	0	0	0	1	NA	NA	NA	PF05567;K02674	Neisseria PilC beta-propeller domain
JBHJCN010000012.1_51	56321	56764	444	1	0.552	11	GGAGG	GENOMAD.153455.CP	3.273e-18	83	0	0	0	1	NA	NA	NA	PF16732;COG4968	Type IV minor pilin ComP, DNA uptake sequence receptor
JBHJCN010000012.1_52	56948	57490	543	-1	0.619	11	AGGAG	NA	NA	NA	0	0	0	1	NA	NA	NA	NA	NA
JBHJCN010000012.1_53	57631	59652	2022	1	0.610	11	GGA/GAG/AGG	NA	NA	NA	0	0	0	1	NA	NA	NA	NA	NA
JBHJCN010000012.1_54	60417	60659	243	1	0.617	11	AGGA	NA	NA	NA	0	0	0	1	NA	NA	NA	NA	NA
JBHJCN010000012.1_55	60696	62369	1674	1	0.597	11	AGGAG	NA	NA	NA	0	0	0	1	NA	NA	NA	NA	NA
JBHJCN010000012.1_56	62702	63112	411	1	0.586	11	GGA/GAG/AGG	NA	NA	NA	0	0	0	1	NA	NA	NA	NA	NA
JBHJCN010000012.1_57	63238	64254	1017	1	0.534	11	GGA/GAG/AGG	GENOMAD.100222.PC	1.423e-90	302	0	1	0	1	NA	T_virB8	NA	PF04335;COG3736;K12081;TIGR03781	Type IV secretory pathway, component VirB8
JBHJCN010000012.1_58	64251	65018	768	1	0.444	11	AGGAG	GENOMAD.113335.PC	7.465e-130	411	0	1	0	1	NA	T_virB9	NA	K03204;COG3504	Type IV secretory pathway, VirB9 components
JBHJCN010000012.1_59	65015	66199	1185	1	0.532	11	AGGA	GENOMAD.106752.PC	1.304e-25	113	0	0	0	1	NA	NA	NA	NA	NA
JBHJCN010000012.1_60	66205	67245	1041	1	0.498	11	GGA/GAG/AGG	NA	NA	NA	0	0	0	1	NA	NA	NA	NA	NA
JBHJCN010000012.1_61	67291	68118	828	1	0.519	11	GGAGG	NA	NA	NA	0	0	0	1	NA	NA	NA	NA	NA
JBHJCN010000012.1_62	68179	68586	408	1	0.453	11	AGGAG	GENOMAD.020425.PP	6.435e-48	168	0	1	0	1	NA	T_virB2	NA	PF04956;K03197;COG3838	TrbC/VIRB2 pilin
JBHJCN010000012.1_63	68621	68890	270	1	0.485	11	None	GENOMAD.048140.PP	1.091e-44	156	0	1	0	1	NA	T_virB3	NA	PF05101;K03198;COG3702	Type IV secretory pathway, VirB3 components
JBHJCN010000012.1_64	68988	71441	2454	1	0.470	11	None	GENOMAD.108687.PC	2.421e-108	374	0	1	0	1	NA	virb4	NA	PF19044;PF03135;PF05101;K03199;TIGR00929;COG3451	type IV secretion/conjugal transfer ATPase, VirB4 family
JBHJCN010000012.1_65	71949	72059	111	1	0.595	11	GGA/GAG/AGG	NA	NA	NA	0	0	0	1	NA	NA	NA	NA	NA
JBHJCN010000012.1_66	72066	72407	342	1	0.567	11	GGA/GAG/AGG	NA	NA	NA	0	0	0	1	NA	NA	NA	NA	NA
JBHJCN010000012.1_67	72725	74341	1617	1	0.618	11	GGAGG	NA	NA	NA	0	0	0	1	NA	NA	NA	NA	NA
JBHJCN010000012.1_68	74973	77747	2775	-1	0.628	11	GGAGG	GENOMAD.152082.CP	1.681e-48	192	0	0	0	1	NA	NA	NA	PF00593;PF07715;PF00691;TIGR01782;COG4773;K16089	TonB-dependent receptor
JBHJCN010000012.1_69	78065	80146	2082	-1	0.650	11	GGAGG	NA	NA	NA	0	0	0	1	NA	NA	NA	NA	NA
JBHJCN010000012.1_70	80390	82576	2187	1	0.655	11	None	GENOMAD.140739.CP	8.329e-131	437	0	0	0	1	NA	NA	NA	PF07971;PF16561;COG3408	Glycogen debranching enzyme (alpha-1,6-glucosidase)
JBHJCN010000012.1_71	82573	84051	1479	1	0.633	11	GGAGG	GENOMAD.152654.CP	1.158e-07	57	0	0	0	1	NA	NA	NF012174	PF03825;K16211;TIGR00792;COG2211	sugar (Glycoside-Pentoside-Hexuronide) transporter
JBHJCN010000012.1_72	84051	85724	1674	1	0.624	11	GGAGG	NA	NA	NA	0	0	0	1	NA	NA	NA	NA	NA
JBHJCN010000012.1_73	85849	86970	1122	-1	0.662	11	None	NA	NA	NA	0	0	0	1	NA	NA	NA	NA	NA
JBHJCN010000012.1_74	87293	89197	1905	1	0.639	11	None	NA	NA	NA	0	0	0	1	NA	NA	NA	NA	NA
JBHJCN010000012.1_75	89324	89788	465	1	0.602	11	None	NA	NA	NA	0	0	0	1	NA	NA	NA	NA	NA
JBHJCN010000012.1_76	90035	90232	198	1	0.606	11	AGGA	GENOMAD.099705.CV	6.83e-09	52	1	0	0	1	NA	NA	NA	PF01632;COG0291;TIGR00001	Ribosomal protein L35
JBHJCN010000012.1_77	90243	90602	360	1	0.608	11	GGAG/GAGG	GENOMAD.080218.CV	1.516e-39	143	1	0	0	1	NA	NA	NA	PF00453;TIGR01032;K02887;COG0292	ribosomal protein L20
JBHJCN010000012.1_78	90856	91851	996	1	0.646	11	GGAG/GAGG	NA	NA	NA	0	0	0	1	NA	NA	NA	NA	NA
JBHJCN010000012.1_79	91978	94356	2379	1	0.667	11	None	GENOMAD.090179.CV	1.041e-59	226	1	0	0	1246	Caudoviricetes	NA	NA	PF17759;PF03147;PF03484;PF18262;PF01588;PF03483;TIGR00472;K01890;COG0072	phenylalanyl-tRNA synthetase, beta subunit, non-spirochete bacterial
JBHJCN010000012.1_80	94378	94677	300	1	0.590	11	GGA/GAG/AGG	NA	NA	NA	0	0	0	1	NA	NA	NA	NA	NA
JBHJCN010000012.1_81	94658	95014	357	1	0.619	11	GGA/GAG/AGG	GENOMAD.006371.CC	2.909e-07	50	0	0	0	1	NA	NA	NA	PF09035;TIGR02047;COG0789;K21972	Excisionase from transposon Tn916
JBHJCN010000012.1_82	95623	96321	699	1	0.611	11	3Base/5BMM	GENOMAD.132760.CP	4.507e-12	68	0	0	0	1	NA	NA	NA	K01991;COG1596	Periplasmic protein involved in polysaccharide export, contains SLBB domain of the beta-grasp fold
JBHJCN010000012.1_83	96318	97742	1425	1	0.601	11	None	GENOMAD.145298.CP	1.297e-22	105	0	0	0	1	NA	NA	NA	PF10609;PF13807;PF02706;TIGR01005;K16554;COG3206	exopolysaccharide transport protein family
JBHJCN010000012.1_84	97986	99440	1455	1	0.612	11	GGAGG	NA	NA	NA	0	0	0	1	NA	NA	NA	NA	NA
JBHJCN010000012.1_85	99553	100824	1272	1	0.582	11	GGAG/GAGG	NA	NA	NA	0	0	0	1	NA	NA	NA	NA	NA
JBHJCN010000012.1_86	100821	101939	1119	1	0.623	11	GGAG/GAGG	GENOMAD.215903.VC	2.473e-06	52	0	0	0	1	NA	NA	NA	PF10129;K13663;COG3594	OpgC protein
JBHJCN010000012.1_87	101936	103024	1089	1	0.633	11	GGA/GAG/AGG	GENOMAD.215903.VC	0.0003454	45	0	0	0	1	NA	NA	NA	PF10129;K13663;COG3594	OpgC protein
JBHJCN010000012.1_88	103089	104231	1143	1	0.621	11	AGGAG	NA	NA	NA	0	0	0	1	NA	NA	NA	NA	NA
JBHJCN010000012.1_89	104228	105277	1050	1	0.648	11	AGGAG	NA	NA	NA	0	0	0	1	NA	NA	NA	NA	NA
JBHJCN010000012.1_90	105274	106785	1512	1	0.646	11	GGAG/GAGG	GENOMAD.147640.CP	1.185e-15	83	0	0	0	1	NA	NA	NA	PF13440;K16695;TIGR01695;COG0728	murein biosynthesis integral membrane protein MurJ
JBHJCN010000012.1_91	106849	108045	1197	1	0.612	11	AGGA	NA	NA	NA	0	0	0	1	NA	NA	NA	NA	NA
JBHJCN010000012.1_92	108083	108877	795	1	0.585	11	AGGAG/GGAGG	NA	NA	NA	0	0	0	1	NA	NA	NA	NA	NA
JBHJCN010000012.1_93	108882	109676	795	1	0.643	11	None	NA	NA	NA	0	0	0	1	NA	NA	NA	NA	NA
JBHJCN010000012.1_94	109711	110172	462	1	0.665	11	None	NA	NA	NA	0	0	0	1	NA	NA	NA	NA	NA
JBHJCN010000012.1_95	110264	111280	1017	1	0.660	11	AGxAGG/AGGxGG	GENOMAD.208532.CP	1.478e-145	461	0	0	0	1	NA	NA	NA	PF01963;COG3735;K09973	Uncharacterized conserved protein YbaP, TraB family
JBHJCN010000012.1_96	111412	112479	1068	1	0.688	11	GGA/GAG/AGG	NA	NA	NA	0	0	0	1	NA	NA	NA	NA	NA
JBHJCN010000012.1_97	112479	113327	849	1	0.663	11	None	GENOMAD.154597.PC	6.591e-07	53	0	0	0	1	NA	NA	NF033105	PF00753;K13075;TIGR04558;COG0491	quinoprotein relay system zinc metallohydrolase 1
JBHJCN010000012.1_98	113324	114283	960	1	0.651	11	GGAG/GAGG	NA	NA	NA	0	0	0	1	NA	NA	NA	NA	NA
JBHJCN010000012.1_99	114274	115428	1155	1	0.661	11	GGA/GAG/AGG	GENOMAD.168712.CP	1.152e-206	640	0	0	0	1	NA	NA	NA	PF13641;K00720;TIGR03030;COG1215	cellulose synthase catalytic subunit (UDP-forming)
JBHJCN010000012.1_100	115406	116017	612	1	0.654	11	None	NA	NA	NA	0	0	0	1	NA	NA	NA	NA	NA
JBHJCN010000012.1_101	116007	117263	1257	1	0.678	11	GGA/GAG/AGG	NA	NA	NA	0	0	0	1	NA	NA	NA	NA	NA
JBHJCN010000012.1_102	117298	119217	1920	-1	0.660	11	AGxAG	NA	NA	NA	0	0	0	1	NA	NA	NA	NA	NA
JBHJCN010000012.1_103	119648	120304	657	-1	0.659	11	None	NA	NA	NA	0	0	0	1	NA	NA	NA	NA	NA
JBHJCN010000012.1_104	120592	122385	1794	-1	0.673	11	AGGA	NA	NA	NA	0	0	0	1	NA	NA	NA	NA	NA
JBHJCN010000012.1_105	122439	122915	477	-1	0.673	11	AGGA	NA	NA	NA	0	0	0	1	NA	NA	NA	NA	NA
JBHJCN010000012.1_106	123030	123566	537	-1	0.665	11	GGAG/GAGG	NA	NA	NA	0	0	0	1	NA	NA	NA	NA	NA
JBHJCN010000012.1_107	124071	124346	276	1	0.659	11	None	NA	NA	NA	0	0	0	1	NA	NA	NA	NA	NA
JBHJCN010000012.1_108	124498	124983	486	-1	0.650	11	None	NA	NA	NA	0	0	0	1	NA	NA	NA	NA	NA
JBHJCN010000012.1_109	125039	125353	315	-1	0.632	11	GGA/GAG/AGG	NA	NA	NA	0	0	0	1	NA	NA	NA	NA	NA
JBHJCN010000012.1_110	125594	125794	201	-1	0.627	11	GGA/GAG/AGG	NA	NA	NA	0	0	0	1	NA	NA	NA	NA	NA
JBHJCN010000012.1_111	126065	126742	678	1	0.652	11	None	NA	NA	NA	0	0	0	1	NA	NA	NA	NA	NA
JBHJCN010000012.1_112	126873	128495	1623	1	0.630	11	GGAG/GAGG	NA	NA	NA	0	0	0	1	NA	NA	NA	NA	NA
JBHJCN010000012.1_113	128867	129142	276	-1	0.612	11	AGGA	GENOMAD.000968.CC	4.603e-31	117	0	0	0	1	NA	NA	NA	PF04362;COG2924	Fe-S cluster biosynthesis and repair protein YggX
JBHJCN010000012.1_114	129166	130239	1074	-1	0.674	11	None	NA	NA	NA	0	0	0	1	NA	NA	NA	NA	NA
JBHJCN010000012.1_115	130587	132242	1656	-1	0.693	11	AGxAGG/AGGxGG	GENOMAD.050490.CV	1.201e-10	67	1	0	0	1246	Caudoviricetes	NA	NA	PF02881;PF01591;K03106;TIGR00959;COG0541	signal recognition particle protein
JBHJCN010000012.1_116	132412	133128	717	-1	0.646	11	None	GENOMAD.138359.CP	7.894e-06	49	0	0	0	1	NA	NA	NA	PF12833;K13631;COG2207	AraC-type DNA-binding domain and AraC-containing proteins
JBHJCN010000012.1_117	133289	134227	939	1	0.699	11	GGAG/GAGG	NA	NA	NA	0	0	0	1	NA	NA	NA	NA	NA
JBHJCN010000012.1_118	134227	135504	1278	1	0.719	11	None	NA	NA	NA	0	0	0	1	NA	NA	NA	NA	NA
JBHJCN010000012.1_119	135501	135746	246	1	0.699	11	AGGAG	GENOMAD.160289.CP	3.711e-21	88	0	0	0	1	NA	NA	NA	PF13510;K22550;COG3383;TIGR01973	Predicted molibdopterin-dependent oxidoreductase YjgC
JBHJCN010000012.1_120	135739	137052	1314	1	0.706	11	GGA/GAG/AGG	GENOMAD.133542.CP	2.022e-42	165	0	0	0	1	NA	NA	NA	PF01134;PF17806;K24954;COG1251;TIGR01372	NAD(P)H-nitrite reductase, large subunit
JBHJCN010000012.1_121	137049	137957	909	1	0.669	11	GGA/GAG/AGG	NA	NA	NA	0	0	0	1	NA	NA	NA	NA	NA
JBHJCN010000012.1_122	138168	139784	1617	1	0.695	11	GGA/GAG/AGG	GENOMAD.168696.PC	1.327e-76	270	0	0	0	1	NA	NA	NA	PF07368;TIGR00407;COG0014;K18601	gamma-glutamyl phosphate reductase
JBHJCN010000012.1_123	139781	140980	1200	1	0.672	11	GGAG/GAGG	GENOMAD.128896.CP	9.403e-09	60	0	0	0	1	NA	NA	NA	PF00557;COG0006;K01271;TIGR02993	Xaa-Pro aminopeptidase
JBHJCN010000012.1_124	141096	142913	1818	1	0.644	11	GGAG/GAGG	GENOMAD.142795.CP	0.0003617	46	0	0	0	1	NA	NA	NA	PF05960;COG4805	Bacterial protein of unknown function (DUF885)
JBHJCN010000012.1_125	142910	144775	1866	1	0.650	11	GGAGG	GENOMAD.142795.CP	2.012e-08	60	0	0	0	1	NA	NA	NA	PF05960;COG4805	Bacterial protein of unknown function (DUF885)
JBHJCN010000012.1_126	144838	146424	1587	1	0.645	11	None	NA	NA	NA	0	0	0	1	NA	NA	NA	NA	NA
JBHJCN010000012.1_127	146414	148753	2340	1	0.656	11	GGAGG	GENOMAD.124454.CP	2.884e-223	709	0	0	0	1	NA	NA	NA	K01278;COG1770	Protease II
JBHJCN010000012.1_128	148753	150390	1638	1	0.654	11	GGAGG	GENOMAD.208849.PC	6.833e-96	327	0	0	0	1	NA	NA	NA	PF18120;PF01301;K12308;COG1874;TIGR03356	Glycosyl hydrolases family 35
JBHJCN010000012.1_129	150481	150777	297	1	0.646	11	GGAG/GAGG	GENOMAD.029425.CC	7.774e-06	45	0	0	0	1	NA	NA	NA	NA	NA
JBHJCN010000012.1_130	151064	152635	1572	-1	0.660	11	AGGA/GGAG/GAGG	NA	NA	NA	0	0	0	1	NA	NA	NA	NA	NA
JBHJCN010000012.1_131	153107	155464	2358	1	0.665	11	GGAG/GAGG	GENOMAD.216233.CP	0.0	1257	0	0	0	1	NA	NA	NA	PF12899;COG3387	Alkaline and neutral invertase
JBHJCN010000012.1_132	155945	157849	1905	1	0.650	11	AGGA	NA	NA	NA	0	0	0	1	NA	NA	NA	NA	NA
JBHJCN010000012.1_133	157795	158760	966	1	0.627	11	None	NA	NA	NA	0	0	0	1	NA	NA	NA	NA	NA
JBHJCN010000012.1_134	159159	163517	4359	1	0.660	11	GGA/GAG/AGG	GENOMAD.182959.CP	1.92e-299	962	0	0	0	1	NA	NA	NA	K18206	NA
JBHJCN010000012.1_135	163514	165100	1587	1	0.657	11	AGxAGG/AGGxGG	GENOMAD.151274.CP	2.289e-29	127	0	0	0	1246	Caudoviricetes	NA	NA	K15921;COG3940	Beta-xylosidase, GH43 family
JBHJCN010000012.1_136	165444	166133	690	-1	0.668	11	GGxGG	NA	NA	NA	0	0	0	1	NA	NA	NA	NA	NA
JBHJCN010000012.1_137	166150	167787	1638	1	0.649	11	3Base/5BMM	GENOMAD.124454.CP	2.45e-196	619	0	0	0	1	NA	NA	NA	K01278;COG1770	Protease II
JBHJCN010000012.1_138	168246	171140	2895	1	0.622	11	AGGAG	NA	NA	NA	0	0	0	1	NA	NA	NA	NA	NA
JBHJCN010000012.1_139	171285	173660	2376	1	0.654	11	GGA/GAG/AGG	GENOMAD.166603.CP	2.106e-36	152	0	0	0	1	NA	NA	NA	K09955;COG3533	Uncharacterized conserved protein, DUF1680 family
JBHJCN010000012.1_140	173982	174194	213	-1	0.460	11	GGAG/GAGG	NA	NA	NA	0	0	0	1	NA	NA	NA	NA	NA
JBHJCN010000012.1_141	174196	174882	687	-1	0.601	11	None	NA	NA	NA	0	0	0	1	NA	NA	NA	NA	NA
JBHJCN010000013.1_1	2	613	612	1	0.523	11	None	GENOMAD.051447.PP	4.886e-06	49	0	0	0	1	NA	NA	NA	PF03421;K08598	YopJ Serine/Threonine acetyltransferase
JBHJCN010000013.1_2	1083	2591	1509	-1	0.697	11	GGA/GAG/AGG	GENOMAD.116475.CP	3.351e-109	364	0	0	0	1	NA	NA	NA	PF00198;PF00364;K09699;TIGR01348;COG0508	pyruvate dehydrogenase complex dihydrolipoamide acetyltransferase, long form
JBHJCN010000013.1_3	2588	2971	384	-1	0.703	11	None	NA	NA	NA	0	0	0	1	NA	NA	NA	NA	NA
JBHJCN010000013.1_4	2973	4043	1071	-1	0.673	11	GGAG/GAGG	NA	NA	NA	0	0	0	1	NA	NA	NA	NA	NA
JBHJCN010000013.1_5	4036	5124	1089	-1	0.676	11	GGA/GAG/AGG	NA	NA	NA	0	0	0	1	NA	NA	NA	NA	NA
JBHJCN010000013.1_6	5302	8883	3582	-1	0.691	11	GGA/GAG/AGG	GENOMAD.159408.CP	9.66e-18	92	0	0	0	1	NA	NA	NA	PF19580;PF18942;K07004;COG2374;TIGR03395	Predicted extracellular nuclease
JBHJCN010000013.1_7	9310	10206	897	1	0.669	11	None	NA	NA	NA	0	0	0	1	NA	NA	NA	NA	NA
JBHJCN010000013.1_8	10456	11976	1521	1	0.632	11	GGA/GAG/AGG	GENOMAD.159857.CP	3.422e-05	49	0	0	0	1	NA	NA	NA	PF03825;K03305;TIGR00926;COG3104	Peptide:H+ symporter (also transports b-lactam antibiotics, the antitumor agent, bestatin, and various protease inhibitors)
JBHJCN010000013.1_9	11988	12578	591	1	0.675	11	AGGAG	GENOMAD.002853.CC	8.67e-15	75	0	0	0	1	NA	NA	NA	PF03190;COG2143;TIGR02738;K06888	Thioredoxin-related protein
JBHJCN010000013.1_10	12937	13425	489	-1	0.654	11	None	GENOMAD.130467.CP	1.06e-46	166	0	0	0	1	NA	NA	NA	PF03965;K22489;TIGR04472;COG5631	mobile rSAM pair MarR family regulator
JBHJCN010000013.1_11	13548	14663	1116	1	0.619	11	GGAG/GAGG	GENOMAD.166667.PC	6.813e-13	73	0	0	0	1	NA	NA	NA	NA	NA
JBHJCN010000013.1_12	15294	16607	1314	1	0.648	11	GGA/GAG/AGG	NA	NA	NA	0	0	0	1	NA	NA	NA	NA	NA
JBHJCN010000013.1_13	16917	17468	552	-1	0.681	11	AGGA	NA	NA	NA	0	0	0	1	NA	NA	NA	NA	NA
JBHJCN010000013.1_14	17610	18257	648	1	0.668	11	AGGA	GENOMAD.181422.CP	5.502e-43	158	0	0	0	1	NA	NA	NA	PF06572;COG2913	CAP-associated N-terminal
JBHJCN010000013.1_15	18599	19018	420	-1	0.610	11	GGAG/GAGG	GENOMAD.138410.CP	1.001e-19	87	0	0	0	1	NA	NA	NA	K05564;COG1320	Multisubunit Na+/H+ antiporter, MnhG subunit
JBHJCN010000013.1_16	19015	19299	285	-1	0.614	11	GGAG/GAGG	GENOMAD.147528.CP	1.212e-07	50	0	0	0	1	NA	NA	NA	PF04066;COG2212;K05563	Multisubunit Na+/H+ antiporter, MnhF subunit
JBHJCN010000013.1_17	19296	19802	507	-1	0.623	11	GGAGG	GENOMAD.137918.CP	2.536e-48	171	0	0	0	1	NA	NA	NA	PF01899;K05562;COG1863;TIGR00942	Multisubunit Na+/H+ antiporter, MnhE subunit
JBHJCN010000013.1_18	19799	21343	1545	-1	0.665	11	GGA/GAG/AGG	GENOMAD.109407.CP	2.992e-117	388	0	0	0	1	NA	NA	NA	COG0651	Formate hydrogenlyase subunit 3/Multisubunit Na+/H+ antiporter, MnhD subunit
JBHJCN010000013.1_19	21340	21714	375	-1	0.653	11	GGAG/GAGG	GENOMAD.134276.CP	1.684e-24	100	0	0	0	1	NA	NA	NA	K05560;COG1006	Multisubunit Na+/H+ antiporter, MnhC subunit
JBHJCN010000013.1_20	21714	24542	2829	-1	0.647	11	None	GENOMAD.112737.CP	6.219e-28	125	0	0	0	1	NA	NA	NA	PF00361;PF00662;K22179;TIGR01960;COG1009	NAD(P)H dehydrogenase, subunit NdhF3 family
JBHJCN010000013.1_21	24661	25611	951	1	0.689	11	None	NA	NA	NA	0	0	0	1	NA	NA	NA	NA	NA
JBHJCN010000013.1_22	25637	26122	486	-1	0.626	11	GGAGG	GENOMAD.017267.CC	0.0004717	42	0	0	0	1	NA	NA	NA	PF06127;COG4539	Uncharacterized membrane protein YGL010W
JBHJCN010000013.1_23	26219	27817	1599	-1	0.640	11	GGAG/GAGG	NA	NA	NA	0	0	0	1	NA	NA	NA	NA	NA
JBHJCN010000013.1_24	28243	29997	1755	-1	0.636	11	AGGAG	GENOMAD.021660.VV	1.513e-07	57	0	0	0	1246	Caudoviricetes	NA	NA	COG3179;K18950	Predicted chitinase
JBHJCN010000013.1_25	30070	30606	537	-1	0.603	11	GGA/GAG/AGG	NA	NA	NA	0	0	0	1	NA	NA	NA	NA	NA
JBHJCN010000013.1_26	30843	31274	432	-1	0.664	11	GGA/GAG/AGG	NA	NA	NA	0	0	0	1	NA	NA	NA	NA	NA
JBHJCN010000013.1_27	31652	32398	747	-1	0.590	11	None	NA	NA	NA	0	0	0	1	NA	NA	NA	NA	NA
JBHJCN010000013.1_28	32530	33456	927	-1	0.633	11	AGGAG	NA	NA	NA	0	0	0	1	NA	NA	NA	NA	NA
JBHJCN010000013.1_29	33666	33995	330	1	0.682	11	None	GENOMAD.124334.CV	0.0001245	42	0	0	0	1	NA	NA	NA	PF05099;PF13446;K05801;COG1076;TIGR02349	DnaJ-domain-containing proteins 1
JBHJCN010000013.1_30	34119	34820	702	1	0.661	11	None	NA	NA	NA	0	0	0	1	NA	NA	NA	NA	NA
JBHJCN010000013.1_31	34817	35308	492	1	0.687	11	GGA/GAG/AGG	NA	NA	NA	0	0	0	1	NA	NA	NA	NA	NA
JBHJCN010000013.1_32	35544	36473	930	1	0.697	11	None	NA	NA	NA	0	0	0	1	NA	NA	NA	NA	NA
JBHJCN010000013.1_33	36731	38206	1476	1	0.657	11	AGGA	GENOMAD.114697.CP	1.699e-23	108	0	0	0	1	NA	NA	NA	PF00425;K02552;COG1169;TIGR03494	Isochorismate synthase EntC
JBHJCN010000013.1_34	38206	39282	1077	1	0.649	11	GGA/GAG/AGG	GENOMAD.146710.CP	6.696e-110	359	0	0	0	1	NA	NA	NA	PF00155;K01620;COG2008;TIGR02617	Threonine aldolase
JBHJCN010000013.1_35	39301	40083	783	1	0.596	11	AGGA	GENOMAD.140872.CP	3.473e-70	239	0	0	0	1	NA	NA	NA	PF04402;COG2968;K09807	Uncharacterized conserved protein YggE, contains kinase-interacting SIMPL domain
JBHJCN010000013.1_36	40437	43421	2985	1	0.595	11	GGAG/GAGG	NA	NA	NA	0	0	0	1	NA	NA	NA	NA	NA
JBHJCN010000013.1_37	43424	44683	1260	1	0.533	11	AGGAG	NA	NA	NA	0	0	0	1	NA	NA	NA	NA	NA
JBHJCN010000013.1_38	44685	45851	1167	1	0.548	11	GGAG/GAGG	NA	NA	NA	0	0	0	1	NA	NA	NA	NA	NA
JBHJCN010000013.1_39	45848	46858	1011	1	0.597	11	GGA/GAG/AGG	NA	NA	NA	0	0	0	1	NA	NA	NA	NA	NA
JBHJCN010000013.1_40	46855	48471	1617	1	0.557	11	None	NA	NA	NA	0	0	0	1	NA	NA	NA	NA	NA
JBHJCN010000013.1_41	48626	49195	570	1	0.619	11	None	NA	NA	NA	0	0	0	1	NA	NA	NA	NA	NA
JBHJCN010000013.1_42	49338	49970	633	1	0.649	11	GGA/GAG/AGG	NA	NA	NA	0	0	0	1	NA	NA	NA	NA	NA
JBHJCN010000013.1_43	50086	51123	1038	1	0.653	11	None	NA	NA	NA	0	0	0	1	NA	NA	NA	NA	NA
JBHJCN010000013.1_44	51264	52061	798	1	0.653	11	AGGA	NA	NA	NA	0	0	0	1	NA	NA	NA	NA	NA
JBHJCN010000013.1_45	52054	52770	717	1	0.664	11	None	GENOMAD.154355.CP	2.575e-133	420	0	0	0	1	NA	NA	NA	PF12689;K18697;TIGR01545;COG4996	haloacid dehalogenase superfamily, subfamily IF hydrolase, YfhB
JBHJCN010000013.1_46	53090	53782	693	-1	0.644	11	GGA/GAG/AGG	NA	NA	NA	0	0	0	1	NA	NA	NA	NA	NA
JBHJCN010000013.1_47	53920	54714	795	1	0.541	11	AGGA	GENOMAD.003941.CC	1.71e-107	347	0	0	0	1	NA	NA	NA	PF02675;TIGR03331;COG1586	S-adenosylmethionine decarboxylase proenzyme, Escherichia coli form
JBHJCN010000013.1_48	54879	55193	315	1	0.622	11	AGGAG	GENOMAD.182365.PC	0.0002341	41	0	0	0	1	NA	NA	NA	PF02694;K18925	Uncharacterised BCR, YnfA/UPF0060 family
JBHJCN010000013.1_49	55496	56191	696	-1	0.698	11	None	GENOMAD.106818.CV	8.843e-34	132	0	0	0	1	NA	NA	NA	PF03232;K06134;COG2941;TIGR00754	Ubiquinone biosynthesis protein COQ7
JBHJCN010000013.1_50	56332	56760	429	1	0.613	11	GGA/GAG/AGG	GENOMAD.078681.CV	1.335e-51	179	1	0	0	1246	Caudoviricetes	NA	NA	PF00572;K02871;COG0102;TIGR01066	Ribosomal protein L13
JBHJCN010000013.1_51	56763	57155	393	1	0.631	11	GGA/GAG/AGG	GENOMAD.076388.CV	3.04e-37	137	1	0	0	1246	Caudoviricetes	NA	NA	PF00380;COG0103;TIGR03627;K02960	Ribosomal protein S9
JBHJCN010000013.1_52	57702	58319	618	1	0.652	11	AGGAG	GENOMAD.205700.CP	0.0009458	42	0	0	0	1	NA	NA	NA	PF00293;K01518;COG4119;TIGR00586	Predicted NTP pyrophosphohydrolase, NUDIX family
JBHJCN010000013.1_53	58924	59394	471	1	0.580	11	GGAG/GAGG	NA	NA	NA	0	0	0	1	NA	NA	NA	NA	NA
JBHJCN010000013.1_54	59761	62025	2265	-1	0.690	11	GGAG/GAGG	GENOMAD.132867.CP	1.449e-05	51	0	0	0	1	NA	NA	NA	PF01627;K20976;COG2198	HPt (histidine-containing phosphotransfer) domain
JBHJCN010000013.1_55	62071	64047	1977	-1	0.694	11	GGAG/GAGG	NA	NA	NA	0	0	0	1	NA	NA	NA	NA	NA
JBHJCN010000013.1_56	64086	64712	627	-1	0.719	11	GGA/GAG/AGG	GENOMAD.006203.CC	1.52e-25	107	0	0	0	1	NA	NA	NA	COG3918	NA
JBHJCN010000013.1_57	64853	65590	738	1	0.672	11	GGA/GAG/AGG	GENOMAD.005661.CC	2.801e-15	78	0	0	0	1	NA	NA	NA	PF20567	NA
JBHJCN010000013.1_58	65594	66043	450	1	0.693	11	GGAG/GAGG	NA	NA	NA	0	0	0	1	NA	NA	NA	NA	NA
JBHJCN010000013.1_59	66127	66513	387	1	0.633	11	None	NA	NA	NA	0	0	0	1	NA	NA	NA	NA	NA
JBHJCN010000013.1_60	67473	68735	1263	1	0.623	11	GGA/GAG/AGG	GENOMAD.015873.CC	2.909e-36	146	0	0	0	1	NA	NA	NA	PF00561;TIGR03101;COG0412;K24084	exosortase A system-associated hydrolase 2
JBHJCN010000013.1_61	69043	69933	891	1	0.677	11	GGA/GAG/AGG	NA	NA	NA	0	0	0	1	NA	NA	NA	NA	NA
JBHJCN010000013.1_62	70007	70897	891	1	0.682	11	AGGAG	GENOMAD.108584.CP	1.037e-137	436	0	0	0	1	NA	NA	NA	PF17113;K03807;COG1270;TIGR00380	Cobalamin biosynthesis protein CobD/CbiB
JBHJCN010000013.1_63	70977	71387	411	-1	0.659	11	None	GENOMAD.016644.CC	1.822e-45	161	0	0	0	1	NA	NA	NA	PF10825	NA
JBHJCN010000013.1_64	71387	71731	345	-1	0.641	11	AGGAG	GENOMAD.170575.CP	3.623e-52	179	0	0	0	1	NA	NA	NA	PF04505	Interferon-induced transmembrane protein
JBHJCN010000013.1_65	72195	74117	1923	-1	0.659	11	AGGA	GENOMAD.145392.CP	9.288e-78	277	0	0	0	1	NA	NA	NA	PF05977;K05939;COG2223;TIGR00806	Transmembrane secretion effector
JBHJCN010000013.1_66	74186	75088	903	-1	0.698	11	GGA/GAG/AGG	NA	NA	NA	0	0	0	1	NA	NA	NA	NA	NA
JBHJCN010000013.1_67	75186	76376	1191	1	0.686	11	GGA/GAG/AGG	NA	NA	NA	0	0	0	1	NA	NA	NA	NA	NA
JBHJCN010000013.1_68	76508	78721	2214	-1	0.669	11	None	GENOMAD.008008.CC	1.966e-80	288	0	0	0	1	NA	NA	NA	COG1289	Uncharacterized membrane protein YccC
JBHJCN010000013.1_69	78930	80225	1296	-1	0.688	11	GGA/GAG/AGG	NA	NA	NA	0	0	0	1	NA	NA	NA	NA	NA
JBHJCN010000013.1_70	80258	81103	846	-1	0.694	11	GGA/GAG/AGG	NA	NA	NA	0	0	0	1	NA	NA	NA	NA	NA
JBHJCN010000013.1_71	81128	82711	1584	-1	0.665	11	None	GENOMAD.115175.CV	1.361e-44	174	0	0	0	1	NA	NA	NA	PF01808;PF02142;K00602;TIGR00355;COG0138	phosphoribosylaminoimidazolecarboxamide formyltransferase/IMP cyclohydrolase
JBHJCN010000013.1_72	82785	83402	618	1	0.710	11	None	GENOMAD.147413.CP	1.133e-13	72	0	0	0	1	NA	NA	NA	PF01066;K17884;COG0558;TIGR00560	Phosphatidylglycerophosphate synthase
JBHJCN010000013.1_73	83494	85254	1761	1	0.673	11	AGGA	NA	NA	NA	0	0	0	1	NA	NA	NA	NA	NA
JBHJCN010000013.1_74	85251	86588	1338	1	0.671	11	None	NA	NA	NA	0	0	0	1	NA	NA	NA	NA	NA
JBHJCN010000013.1_75	86585	87031	447	1	0.653	11	GGAG/GAGG	NA	NA	NA	0	0	0	1	NA	NA	NA	NA	NA
JBHJCN010000013.1_76	87028	88524	1497	1	0.681	11	AGGA	GENOMAD.042263.CC	1.803e-23	108	0	0	0	1	NA	NA	NA	TIGR04222	TIGR04222 domain
JBHJCN010000013.1_77	88524	89162	639	1	0.698	11	GGAGG	GENOMAD.147413.CP	1.074e-32	128	0	0	0	1	NA	NA	NA	PF01066;K17884;COG0558;TIGR00560	Phosphatidylglycerophosphate synthase
JBHJCN010000013.1_78	89159	89791	633	1	0.652	11	GGAG/GAGG	NA	NA	NA	0	0	0	1	NA	NA	NA	NA	NA
JBHJCN010000013.1_79	89788	90762	975	1	0.626	11	GGAGG	GENOMAD.118517.CP	6.863e-93	308	0	0	0	1246	Caudoviricetes	NA	NA	PF01148;COG4589	Cytidylyltransferase family
JBHJCN010000013.1_80	90999	91205	207	-1	0.623	11	None	GENOMAD.198115.VC	0.0001294	40	0	0	0	1	NA	NA	NA	PF18024;K03557;COG2901;TIGR03298	DNA-binding protein Fis (factor for inversion stimulation)
JBHJCN010000013.1_81	91377	92120	744	-1	0.750	11	GGA/GAG/AGG	GENOMAD.120988.CP	3.471e-73	247	0	0	0	1	NA	NA	NA	PF11906	NA
JBHJCN010000013.1_82	92773	92919	147	-1	0.694	11	GGAG/GAGG	NA	NA	NA	0	0	0	1	NA	NA	NA	NA	NA
JBHJCN010000013.1_83	93075	93452	378	-1	0.685	11	None	NA	NA	NA	0	0	0	1	NA	NA	NA	NA	NA
JBHJCN010000013.1_84	93602	94105	504	1	0.748	11	AGGAG	NA	NA	NA	0	0	0	1	NA	NA	NA	NA	NA
JBHJCN010000013.1_85	94128	95048	921	-1	0.684	11	None	GENOMAD.060882.CP	2.235e-27	116	0	0	0	1246	Caudoviricetes	NA	NA	PF06325;K02687;COG2264;TIGR00406	Ribosomal protein L11 methyltransferase (PrmA)
JBHJCN010000013.1_86	95035	95646	612	-1	0.654	11	None	NA	NA	NA	0	0	0	1	NA	NA	NA	NA	NA
JBHJCN010000013.1_87	95942	96871	930	1	0.705	11	None	NA	NA	NA	0	0	0	1	NA	NA	NA	NA	NA
JBHJCN010000013.1_88	96868	97233	366	1	0.669	11	GGAG/GAGG	NA	NA	NA	0	0	0	1	NA	NA	NA	NA	NA
JBHJCN010000013.1_89	97603	98970	1368	-1	0.640	11	None	NA	NA	NA	0	0	0	1	NA	NA	NA	NA	NA
JBHJCN010000013.1_90	98960	99394	435	-1	0.595	11	GGA/GAG/AGG	NA	NA	NA	0	0	0	1	NA	NA	NA	NA	NA
JBHJCN010000013.1_91	99415	99903	489	-1	0.652	11	GGAG/GAGG	GENOMAD.117180.CP	1.566e-24	102	0	0	0	1	NA	NA	NA	PF00364;K02160;TIGR00531;COG0511	acetyl-CoA carboxylase, biotin carboxyl carrier protein
JBHJCN010000013.1_92	100000	100599	600	-1	0.653	11	GGA/GAG/AGG	NA	NA	NA	0	0	0	1	NA	NA	NA	NA	NA
JBHJCN010000013.1_93	101196	101378	183	1	0.721	11	None	NA	NA	NA	0	0	0	1	NA	NA	NA	NA	NA
JBHJCN010000013.1_94	101291	103609	2319	-1	0.709	11	AGGA/GGAG/GAGG	GENOMAD.153218.CP	6.875e-31	134	0	0	0	1	NA	NA	NA	PF11412;K04084;COG4232	Thiol:disulfide interchange protein
JBHJCN010000013.1_95	103615	103947	333	-1	0.652	11	None	NA	NA	NA	0	0	0	1	NA	NA	NA	NA	NA
JBHJCN010000013.1_96	104414	106204	1791	-1	0.685	11	AGGAG	NA	NA	NA	0	0	0	1	NA	NA	NA	NA	NA
JBHJCN010000013.1_97	106613	106900	288	1	0.628	11	GGAG/GAGG	NA	NA	NA	0	0	0	1	NA	NA	NA	NA	NA
JBHJCN010000013.1_98	107043	108683	1641	1	0.644	11	GGAG/GAGG	GENOMAD.171128.VC	1.896e-21	102	0	0	0	1246	Caudoviricetes	NA	NA	K04077;TIGR02348	chaperonin GroL
JBHJCN010000013.1_99	108797	110896	2100	-1	0.660	11	AGGA	NA	NA	NA	0	0	0	1	NA	NA	NA	NA	NA
JBHJCN010000013.1_100	111399	114212	2814	1	0.648	11	None	NA	NA	NA	0	0	0	1	NA	NA	NA	NA	NA
JBHJCN010000013.1_101	114745	115818	1074	1	0.661	11	GGA/GAG/AGG	NA	NA	NA	0	0	0	1	NA	NA	NA	NA	NA
JBHJCN010000013.1_102	116609	118786	2178	1	0.671	11	None	NA	NA	NA	0	0	0	1	NA	NA	NA	NA	NA
JBHJCN010000013.1_103	118880	121330	2451	1	0.672	11	AGGAG	NA	NA	NA	0	0	0	1	NA	NA	NA	NA	NA
JBHJCN010000013.1_104	121752	122672	921	-1	0.710	11	None	NA	NA	NA	0	0	0	1	NA	NA	NA	NA	NA
JBHJCN010000013.1_105	122672	123190	519	-1	0.672	11	GGAG/GAGG	GENOMAD.211271.PC	2.315e-93	301	0	0	0	1	NA	NA	NA	NA	NA
JBHJCN010000013.1_106	123269	126178	2910	1	0.686	11	AGxAGG/AGGxGG	GENOMAD.121418.CV	1.983e-110	385	0	0	0	1	NA	NA	NA	PF03710;PF08335;PF03445;K00982;COG1391;TIGR01693	Glutamine synthetase adenylyltransferase
JBHJCN010000013.1_107	126282	126659	378	-1	0.685	11	GGA/GAG/AGG	GENOMAD.161288.VC	9.183e-05	43	0	0	1	1246	Caudoviricetes	NA	NA	PF02592;PF20307;K18947;TIGR00697;COG1738	Putative vitamin uptake transporter; Divergent DnaB-like ATPase
JBHJCN010000013.1_108	127359	129200	1842	1	0.555	11	GGAG/GAGG	GENOMAD.072096.PP	4.376e-279	862	0	0	0	1	NA	NA	NA	K23866	NA
JBHJCN010000013.1_109	129363	129566	204	-1	0.623	11	None	NA	NA	NA	0	0	0	1	NA	NA	NA	NA	NA
JBHJCN010000013.1_110	129593	130321	729	-1	0.702	11	AGGA	NA	NA	NA	0	0	0	1	NA	NA	NA	NA	NA
JBHJCN010000013.1_111	130433	132307	1875	1	0.673	11	GGAG/GAGG	NA	NA	NA	0	0	0	1	NA	NA	NA	NA	NA
JBHJCN010000013.1_112	132416	132925	510	-1	0.655	11	GGAG/GAGG	NA	NA	NA	0	0	0	1	NA	NA	NA	NA	NA
JBHJCN010000013.1_113	132922	133791	870	-1	0.637	11	AGGA	GENOMAD.037271.CC	6.196e-06	50	0	0	0	1	NA	NA	NA	COG4727	NA
JBHJCN010000013.1_114	133834	134781	948	-1	0.726	11	GGA/GAG/AGG	GENOMAD.001519.CC	3.325e-44	166	0	0	0	1	NA	NA	NA	PF06258;K07276;COG3660;TIGR00215	Mitochondrial fission ELM1
JBHJCN010000013.1_115	134916	135506	591	1	0.668	11	GGAG/GAGG	GENOMAD.134225.CP	1.665e-57	199	0	0	0	1	NA	NA	NA	PF00881;K09019;TIGR03553;COG3560	F420 biosynthesis protein FbiB, C-terminal domain
JBHJCN010000013.1_116	135738	136481	744	1	0.673	11	GGAG/GAGG	GENOMAD.138165.CP	1.336e-13	73	0	0	0	1	NA	NA	NA	PF04264;COG2353	Polyisoprenoid-binding periplasmic protein YceI
JBHJCN010000013.1_117	137033	138304	1272	1	0.702	11	GGAG/GAGG	GENOMAD.176778.PC	3.083e-44	170	0	0	0	1	NA	NA	NA	PF00328;K01093	Histidine phosphatase superfamily (branch 2)
JBHJCN010000013.1_118	138373	138840	468	-1	0.588	11	GGA/GAG/AGG	NA	NA	NA	0	0	0	1	NA	NA	NA	NA	NA
JBHJCN010000013.1_119	138940	139725	786	-1	0.659	11	AGGA	GENOMAD.169894.PC	8.843e-49	177	0	0	0	1	NA	NA	NA	PF04954;PF08021;K07229;COG2375;TIGR02160	NADPH-dependent ferric siderophore reductase, contains FAD-binding and SIP domains
JBHJCN010000013.1_120	140036	140572	537	-1	0.672	11	None	GENOMAD.151275.CP	1.134e-14	74	0	0	0	1	NA	NA	NA	PF14557;COG3811;TIGR02719;K10917	Uncharacterized protein YjhX, UPF0386/DUF2084 family
JBHJCN010000013.1_121	140759	142405	1647	1	0.650	11	GGAG/GAGG	GENOMAD.209570.CP	3.378e-312	954	0	0	0	1	NA	NA	NA	PF16957;K13929;TIGR01110;COG4670	Malonate decarboxylase, alpha subunit, transporter
JBHJCN010000013.1_122	142415	142732	318	1	0.648	11	GGA/GAG/AGG	GENOMAD.209355.CP	1.437e-41	148	0	0	0	1	NA	NA	NA	PF06857;K13931;TIGR03130;COG3052	malonate decarboxylase acyl carrier protein
JBHJCN010000013.1_123	142839	143756	918	1	0.667	11	GGAG/GAGG	GENOMAD.129449.CP	3.68e-50	183	0	0	0	1	NA	NA	NA	PF01039;K13932;TIGR01117;COG4799	methylmalonyl-CoA decarboxylase alpha subunit
JBHJCN010000013.1_124	143747	144451	705	1	0.678	11	GGAG/GAGG	GENOMAD.209966.CP	2.493e-52	186	0	0	0	1	NA	NA	NA	PF06833;K13933;TIGR03134;COG0777	biotin-independent malonate decarboxylase, gamma subunit
JBHJCN010000013.1_125	144454	145095	642	1	0.684	11	GGAG/GAGG	NA	NA	NA	0	0	0	1	NA	NA	NA	NA	NA
JBHJCN010000013.1_126	145092	145961	870	1	0.676	11	GGAG/GAGG	GENOMAD.181951.CP	1.332e-45	169	0	0	0	1	NA	NA	NA	PF01874;COG1767;TIGR03132;K05966	Triphosphoribosyl-dephospho-CoA synthetase
JBHJCN010000013.1_127	145958	146191	234	1	0.637	11	AGGAG	NA	NA	NA	0	0	0	1	NA	NA	NA	NA	NA
JBHJCN010000013.1_128	146188	147108	921	1	0.691	11	GGA/GAG/AGG	NA	NA	NA	0	0	0	1	NA	NA	NA	NA	NA
JBHJCN010000013.1_129	147196	148551	1356	1	0.660	11	GGAGG	GENOMAD.196632.PC	1.444e-82	284	0	0	0	1	NA	NA	NA	PF00939;TIGR00785;COG4664	anion transporter
JBHJCN010000013.1_130	148630	149349	720	1	0.665	11	None	GENOMAD.148067.PC	4.562e-22	98	0	0	0	1	NA	NA	NA	PF07840;K22293;TIGR03338;COG1802	phosphonate utilization associated transcriptional regulator
JBHJCN010000013.1_131	149499	150122	624	-1	0.663	11	None	NA	NA	NA	0	0	0	1	NA	NA	NA	NA	NA
JBHJCN010000013.1_132	150344	150763	420	-1	0.643	11	GGAG/GAGG	GENOMAD.129482.CP	5.866e-06	47	0	0	0	1246	Caudoviricetes	NA	NA	PF13466;K04749;COG3113;TIGR00377	ABC-type transporter Mla maintaining outer membrane lipid asymmetry, MlaB component, contains STAS domain
JBHJCN010000013.1_133	150760	151191	432	-1	0.676	11	GGA/GAG/AGG	GENOMAD.133547.CP	1.233e-77	254	0	0	0	1	NA	NA	NA	PF13581;TIGR01924;COG2172;K06379	serine-protein kinase RsbW
JBHJCN010000013.1_134	151188	153161	1974	-1	0.684	11	None	GENOMAD.113449.CP	9.506e-32	136	0	0	0	1	NA	NA	NA	COG2208	Serine phosphatase RsbU, regulator of sigma subunit
JBHJCN010000013.1_135	153365	154033	669	1	0.619	11	GGAGG	NA	NA	NA	0	0	0	1	NA	NA	NA	NA	NA
JBHJCN010000013.1_136	154030	155352	1323	1	0.641	11	AGGA	NA	NA	NA	0	0	0	1	NA	NA	NA	NA	NA
JBHJCN010000013.1_137	155763	156872	1110	1	0.639	11	GGAG/GAGG	NA	NA	NA	0	0	0	1	NA	NA	NA	NA	NA
JBHJCN010000013.1_138	157301	159988	2688	1	0.653	11	GGAG/GAGG	GENOMAD.147788.CP	1.387e-123	422	0	0	0	1	NA	NA	NA	PF09363;COG3958	XFP C-terminal domain
JBHJCN010000013.1_139	160414	161394	981	1	0.568	11	GGAGG	NA	NA	NA	0	0	0	1	NA	NA	NA	NA	NA
JBHJCN010000013.1_140	161405	163945	2541	1	0.598	11	GGA/GAG/AGG	NA	NA	NA	0	0	0	1	NA	NA	NA	NA	NA
JBHJCN010000013.1_141	164043	164741	699	-1	0.618	11	GGA/GAG/AGG	GENOMAD.158969.CP	1.874e-08	57	0	0	0	1	NA	NA	NA	NA	NA
JBHJCN010000013.1_142	165083	165571	489	1	0.571	11	AGGAG	NA	NA	NA	0	0	0	1	NA	NA	NA	NA	NA
JBHJCN010000013.1_143	165568	167211	1644	1	0.583	11	GGAGG	NA	NA	NA	0	0	0	1	NA	NA	NA	NA	NA
JBHJCN010000014.1_1	2	1309	1308	-1	0.569	11	GGA/GAG/AGG	NA	NA	NA	0	0	0	1	NA	NA	NA	NA	NA
JBHJCN010000014.1_2	1855	2856	1002	-1	0.665	11	GGA/GAG/AGG	NA	NA	NA	0	0	0	1	NA	NA	NA	NA	NA
JBHJCN010000014.1_3	2972	3556	585	1	0.662	11	GGA/GAG/AGG	GENOMAD.153566.CP	2.02e-09	59	0	0	0	1	NA	NA	NA	PF02525;K01118;COG1182;TIGR02690	Flavodoxin-like fold
JBHJCN010000014.1_4	3878	5158	1281	-1	0.633	11	None	NA	NA	NA	0	0	0	1	NA	NA	NA	NA	NA
JBHJCN010000014.1_5	5270	5941	672	1	0.725	11	GGA/GAG/AGG	GENOMAD.136404.CP	1.655e-16	81	0	0	0	1	NA	NA	NA	PF03544;TIGR01352	TonB family C-terminal domain
JBHJCN010000014.1_6	6189	6767	579	1	0.689	11	AGGAG	GENOMAD.136404.CP	1.138e-32	127	0	0	0	1	NA	NA	NA	PF03544;TIGR01352	TonB family C-terminal domain
JBHJCN010000014.1_7	6906	8228	1323	-1	0.673	11	GGA/GAG/AGG	NA	NA	NA	0	0	0	1	NA	NA	NA	NA	NA
JBHJCN010000014.1_8	8352	9560	1209	-1	0.621	11	AGGA	GENOMAD.100028.CP	4.007e-43	166	0	0	0	1	NA	NA	NA	PF00800;K04518;COG0077;TIGR01268	Prephenate dehydratase
JBHJCN010000014.1_9	9645	10730	1086	-1	0.649	11	GGA/GAG/AGG	NA	NA	NA	0	0	0	1	NA	NA	NA	NA	NA
JBHJCN010000014.1_10	10907	11875	969	1	0.636	11	GGAG/GAGG	GENOMAD.145686.CP	1.79e-69	240	0	0	0	1	NA	NA	NA	NA	NA
JBHJCN010000014.1_11	12001	12657	657	1	0.656	11	GGA/GAG/AGG	GENOMAD.153317.CP	4.992e-55	193	0	0	0	1	NA	NA	NA	PF01794;K17247;COG2717	Periplasmic DMSO/TMAO reductase YedYZ, heme-binding membrane subunit
JBHJCN010000014.1_12	12599	13447	849	-1	0.686	11	None	GENOMAD.117073.CP	2.877e-18	88	0	0	0	1	NA	NA	NA	PF00498;PF09480;K21397;TIGR03354;COG3456	type VI secretion system FHA domain protein
JBHJCN010000014.1_13	13644	13919	276	1	0.641	11	None	GENOMAD.016982.CC	1.636e-18	81	0	0	0	1	NA	NA	NA	PF09650;TIGR02610	putative polyhydroxyalkanoic acid system protein
JBHJCN010000014.1_14	14082	14642	561	1	0.674	11	AGGAG	GENOMAD.012092.CC	4.092e-33	128	0	0	0	1	NA	NA	NA	COG3937	Polyhydroxyalkanoate synthesis regulator phasin
JBHJCN010000014.1_15	15182	16180	999	1	0.694	11	None	GENOMAD.209518.PC	5.509e-189	586	0	0	0	1	NA	NA	NA	COG1787	Endonuclease, HJR/Mrr/RecB family
JBHJCN010000014.1_16	16363	17100	738	-1	0.673	11	GGAG/GAGG	NA	NA	NA	0	0	0	1	NA	NA	NA	NA	NA
JBHJCN010000014.1_17	17417	18787	1371	-1	0.678	11	GGAG/GAGG	GENOMAD.142656.PP	0.0002438	46	0	0	0	1	NA	NA	NA	PF22429	Formimidoylglutamate deiminase HutF, N-terminal domain
JBHJCN010000014.1_18	18848	20053	1206	1	0.682	11	GGA/GAG/AGG	NA	NA	NA	0	0	0	1	NA	NA	NA	NA	NA
JBHJCN010000014.1_19	20067	21608	1542	1	0.682	11	GGAG/GAGG	NA	NA	NA	0	0	0	1	NA	NA	NA	NA	NA
JBHJCN010000014.1_20	21790	22647	858	1	0.672	11	GGAG/GAGG	GENOMAD.159525.PC	2.312e-96	316	0	0	0	1	NA	NA	NA	PF05013;K01458;COG3741;TIGR02017	N-formylglutamate amidohydrolase
JBHJCN010000014.1_21	22664	24331	1668	1	0.667	11	AGGA	NA	NA	NA	0	0	0	1	NA	NA	NA	NA	NA
JBHJCN010000014.1_22	24600	25328	729	1	0.653	11	GGAG/GAGG	GENOMAD.053871.PP	1.158e-135	427	0	0	0	1	NA	NA	NA	NA	NA
JBHJCN010000014.1_23	25710	28178	2469	-1	0.655	11	GGAG/GAGG	GENOMAD.179037.PC	1.35e-18	94	0	0	0	1	NA	NA	NA	K05358;COG4993;TIGR03074	Glucose dehydrogenase
JBHJCN010000014.1_24	28403	31105	2703	-1	0.636	11	GGA/GAG/AGG	GENOMAD.026404.VV	7.253e-49	193	0	0	0	1246	Caudoviricetes	NA	NA	PF00521;PF00986;K02469;TIGR01063;COG0188	DNA gyrase, A subunit
JBHJCN010000014.1_25	31315	32379	1065	-1	0.690	11	None	GENOMAD.116589.CP	5.054e-59	211	0	0	0	1	NA	NA	NA	NA	NA
JBHJCN010000014.1_26	32578	33264	687	-1	0.686	11	GGAG/GAGG	GENOMAD.207981.CP	8.348e-124	392	0	0	0	1	NA	NA	NA	PF11218	NA
JBHJCN010000014.1_27	33373	34335	963	-1	0.660	11	None	NA	NA	NA	0	0	0	1	NA	NA	NA	NA	NA
JBHJCN010000014.1_28	34332	36833	2502	-1	0.668	11	None	NA	NA	NA	0	0	0	1	NA	NA	NA	NA	NA
JBHJCN010000014.1_29	37163	38299	1137	1	0.693	11	None	NA	NA	NA	0	0	0	1	NA	NA	NA	NA	NA
JBHJCN010000014.1_30	38477	38860	384	-1	0.643	11	GGA/GAG/AGG	NA	NA	NA	0	0	0	1	NA	NA	NA	NA	NA
JBHJCN010000014.1_31	38867	39598	732	-1	0.646	11	GGAGG	GENOMAD.111153.CP	5.226e-102	330	0	0	0	1	NA	NA	NA	PF04354	ZipA, C-terminal FtsZ-binding domain
JBHJCN010000014.1_32	39655	43158	3504	-1	0.658	11	None	NA	NA	NA	0	0	0	1	NA	NA	NA	NA	NA
JBHJCN010000014.1_33	43368	43817	450	-1	0.631	11	GGAG/GAGG	GENOMAD.080915.CV	6.064e-21	91	1	0	0	1	NA	NA	NA	PF03948;PF01281;TIGR00158;COG0359;K02939	ribosomal protein L9
JBHJCN010000014.1_34	44005	44235	231	-1	0.593	11	AGGAG	GENOMAD.022295.CC	7.611e-27	104	1	0	0	1	NA	NA	NA	PF01084;COG0238;TIGR00165	Ribosomal protein S18
JBHJCN010000014.1_35	44247	44678	432	-1	0.625	11	GGA/GAG/AGG	NA	NA	NA	0	0	0	1	NA	NA	NA	NA	NA
JBHJCN010000014.1_36	45085	45423	339	-1	0.681	11	GGAG/GAGG	NA	NA	NA	0	0	0	1	NA	NA	NA	NA	NA
JBHJCN010000014.1_37	45628	47022	1395	1	0.627	11	GGAG/GAGG	NA	NA	NA	0	0	0	1	NA	NA	NA	NA	NA
JBHJCN010000014.1_38	47024	47281	258	1	0.705	11	GGAG/GAGG	NA	NA	NA	0	0	0	1	NA	NA	NA	NA	NA
JBHJCN010000014.1_39	47278	47583	306	1	0.644	11	GGxGG	NA	NA	NA	0	0	0	1	NA	NA	NA	NA	NA
JBHJCN010000014.1_40	47580	47906	327	1	0.664	11	GGA/GAG/AGG	NA	NA	NA	0	0	0	1	NA	NA	NA	NA	NA
JBHJCN010000014.1_41	47908	48543	636	1	0.643	11	None	NA	NA	NA	0	0	0	1	NA	NA	NA	NA	NA
JBHJCN010000014.1_42	48880	49590	711	-1	0.595	11	GGAG/GAGG	NA	NA	NA	0	0	0	1	NA	NA	NA	NA	NA
JBHJCN010000014.1_43	49966	50964	999	-1	0.657	11	AGGA	NA	NA	NA	0	0	0	1	NA	NA	NA	NA	NA
JBHJCN010000014.1_44	51004	51747	744	-1	0.659	11	GGAG/GAGG	NA	NA	NA	0	0	0	1	NA	NA	NA	NA	NA
JBHJCN010000014.1_45	51967	52440	474	-1	0.635	11	GGAGG	NA	NA	NA	0	0	0	1	NA	NA	NA	NA	NA
JBHJCN010000014.1_46	52441	52701	261	-1	0.582	11	GGA/GAG/AGG	NA	NA	NA	0	0	0	1	NA	NA	NA	NA	NA
JBHJCN010000014.1_47	52748	53365	618	-1	0.613	11	AGGAG	GENOMAD.167032.VC	2.241e-16	80	0	0	0	1246	Caudoviricetes	NA	NA	PF11655	NA
JBHJCN010000014.1_48	53417	53947	531	-1	0.606	11	GGA/GAG/AGG	GENOMAD.140619.VV	2.261e-70	235	0	0	0	1	NA	NA	NA	PF11655	NA
JBHJCN010000014.1_49	53990	54526	537	-1	0.633	11	GGA/GAG/AGG	NA	NA	NA	0	0	0	1	NA	NA	NA	NA	NA
JBHJCN010000014.1_50	54682	55344	663	1	0.630	11	GGA/GAG/AGG	NA	NA	NA	0	0	0	1	NA	NA	NA	NA	NA
JBHJCN010000014.1_51	55431	55961	531	1	0.629	11	GGAG/GAGG	NA	NA	NA	0	0	0	1	NA	NA	NA	NA	NA
JBHJCN010000014.1_52	56025	58154	2130	1	0.697	11	None	GENOMAD.151639.CP	1.367e-186	599	0	0	0	1	NA	NA	NA	COG1289;K15547	Uncharacterized membrane protein YccC
JBHJCN010000014.1_53	58188	59459	1272	1	0.691	11	GGA/GAG/AGG	GENOMAD.138019.CP	2.758e-124	404	0	0	0	1	NA	NA	NA	PF00266;TIGR01814;COG3844;K11325	kynureninase
JBHJCN010000014.1_54	59631	60998	1368	1	0.667	11	GGA/GAG/AGG	GENOMAD.169108.CP	4.407e-30	128	0	0	0	1	NA	NA	NA	NA	NA
JBHJCN010000014.1_55	61257	62702	1446	1	0.650	11	GGA/GAG/AGG	GENOMAD.167110.CP	1.272e-88	303	0	0	0	1246	Caudoviricetes	NA	NA	PF08411	Exonuclease C-terminal
JBHJCN010000014.1_56	62699	63385	687	1	0.604	11	None	GENOMAD.112814.CP	3.382e-55	194	0	0	0	1	NA	NA	NA	PF09365;COG5587;TIGR02453	Uncharacterized conserved protein, DUF2461 family
JBHJCN010000014.1_57	63510	64076	567	1	0.677	11	GGA/GAG/AGG	NA	NA	NA	0	0	0	1	NA	NA	NA	NA	NA
JBHJCN010000014.1_58	64158	65123	966	-1	0.663	11	None	NA	NA	NA	0	0	0	1	NA	NA	NA	NA	NA
JBHJCN010000014.1_59	65291	66067	777	-1	0.667	11	GGAG/GAGG	NA	NA	NA	0	0	0	1	NA	NA	NA	NA	NA
JBHJCN010000014.1_60	66288	68423	2136	-1	0.673	11	None	NA	NA	NA	0	0	0	1	NA	NA	NA	NA	NA
JBHJCN010000014.1_61	68590	68955	366	-1	0.730	11	GGA/GAG/AGG	NA	NA	NA	0	0	0	1	NA	NA	NA	NA	NA
JBHJCN010000014.1_62	69401	69907	507	-1	0.696	11	None	GENOMAD.132266.CP	1.176e-05	47	0	0	0	1	NA	NA	NF000138	PF13527;K00619;COG3818;TIGR02382	Predicted acetyltransferase, GNAT superfamily
JBHJCN010000014.1_63	69948	70475	528	-1	0.691	11	None	NA	NA	NA	0	0	0	1	NA	NA	NA	NA	NA
JBHJCN010000014.1_64	70472	70963	492	-1	0.669	11	None	NA	NA	NA	0	0	0	1	NA	NA	NA	NA	NA
JBHJCN010000014.1_65	70987	71562	576	1	0.646	11	None	NA	NA	NA	0	0	0	1	NA	NA	NA	NA	NA
JBHJCN010000014.1_66	71782	72735	954	-1	0.675	11	None	GENOMAD.157843.CP	6.232e-28	118	0	0	0	1	NA	NA	NA	PF07920;COG3358;K09164	Uncharacterized conserved protein, DUF1684 family
JBHJCN010000014.1_67	72824	73696	873	-1	0.699	11	GGAG/GAGG	GENOMAD.127438.CP	3.424e-24	106	0	0	0	1	NA	NA	NA	PF00581;K01011;COG2897;TIGR03167	3-mercaptopyruvate sulfurtransferase SseA, contains two rhodanese domains
JBHJCN010000014.1_68	73693	74496	804	-1	0.668	11	AGGA	GENOMAD.119501.CP	2.079e-20	94	0	0	0	1	NA	NA	NA	PF00293;K18568;COG4119;TIGR00586	Predicted NTP pyrophosphohydrolase, NUDIX family
JBHJCN010000014.1_69	74609	75307	699	-1	0.647	11	GGAG/GAGG	NA	NA	NA	0	0	0	1	NA	NA	NA	NA	NA
JBHJCN010000014.1_70	75471	76253	783	1	0.649	11	GGA/GAG/AGG	NA	NA	NA	0	0	0	1	NA	NA	NA	NA	NA
JBHJCN010000014.1_71	76261	76641	381	1	0.719	11	None	NA	NA	NA	0	0	0	1	NA	NA	NA	NA	NA
JBHJCN010000014.1_72	76638	77348	711	1	0.626	11	GGAG/GAGG	NA	NA	NA	0	0	0	1	NA	NA	NA	NA	NA
JBHJCN010000014.1_73	77548	79116	1569	-1	0.646	11	GGAG/GAGG	NA	NA	NA	0	0	0	1	NA	NA	NA	NA	NA
JBHJCN010000014.1_74	79128	79808	681	-1	0.634	11	GGAG/GAGG	NA	NA	NA	0	0	0	1	NA	NA	NA	NA	NA
JBHJCN010000014.1_75	80581	81831	1251	1	0.631	11	GGA/GAG/AGG	GENOMAD.177447.CP	1.76e-07	56	0	0	0	1246	Caudoviricetes	NA	NA	PF07396;PF05736;K07221;COG3746	Phosphate-selective porin O and P; OprF membrane domain
JBHJCN010000014.1_76	82022	83041	1020	1	0.633	11	AGGAG	NA	NA	NA	0	0	0	1	NA	NA	NA	NA	NA
JBHJCN010000014.1_77	83390	84481	1092	1	0.655	11	GGAG/GAGG	NA	NA	NA	0	0	0	1	NA	NA	NA	NA	NA
JBHJCN010000014.1_78	84594	85568	975	1	0.632	11	GGA/GAG/AGG	NA	NA	NA	0	0	0	1	NA	NA	NA	NA	NA
JBHJCN010000014.1_79	85568	86437	870	1	0.637	11	GGAGG	NA	NA	NA	0	0	0	1	NA	NA	NA	NA	NA
JBHJCN010000014.1_80	86460	87290	831	1	0.614	11	GGA/GAG/AGG	NA	NA	NA	0	0	0	1	NA	NA	NA	NA	NA
JBHJCN010000014.1_81	87419	88129	711	1	0.632	11	GGA/GAG/AGG	NA	NA	NA	0	0	0	1	NA	NA	NA	NA	NA
JBHJCN010000014.1_82	88240	88647	408	1	0.652	11	AGGAG	GENOMAD.225035.PV	5.515e-16	76	0	0	0	1246	Caudoviricetes	NA	NA	PF11776	Nickel/cobalt transporter regulator
JBHJCN010000014.1_83	88911	89546	636	1	0.642	11	GGA/GAG/AGG	NA	NA	NA	0	0	0	1	NA	NA	NA	NA	NA
JBHJCN010000014.1_84	89779	92814	3036	-1	0.667	11	None	GENOMAD.140631.CP	0.0001691	48	0	0	0	1	NA	NA	NA	PF19193;K19693;COG3292	Periplasmic ligand-binding sensor domain
JBHJCN010000014.1_85	93079	93828	750	-1	0.672	11	None	NA	NA	NA	0	0	0	1	NA	NA	NA	NA	NA
JBHJCN010000014.1_86	94137	94610	474	-1	0.624	11	GGAG/GAGG	NA	NA	NA	0	0	0	1	NA	NA	NA	NA	NA
JBHJCN010000014.1_87	94884	97310	2427	-1	0.647	11	AGxAG	GENOMAD.154275.VC	4.466e-28	125	0	0	0	1246	Caudoviricetes	NA	NA	PF00773;K12573;TIGR02063;COG0557	ribonuclease R
JBHJCN010000014.1_88	97957	99480	1524	-1	0.659	11	None	NA	NA	NA	0	0	0	1	NA	NA	NA	NA	NA
JBHJCN010000014.1_89	99916	101097	1182	-1	0.629	11	None	NA	NA	NA	0	0	0	1	NA	NA	NA	NA	NA
JBHJCN010000014.1_90	101186	102181	996	1	0.674	11	GGA/GAG/AGG	GENOMAD.109687.CP	7.089e-05	47	0	0	0	1	NA	NA	NA	PF06859;TIGR01934;COG4627;K24451	ubiquinone/menaquinone biosynthesis methyltransferases
JBHJCN010000014.1_91	102178	103308	1131	1	0.641	11	GGAG/GAGG	NA	NA	NA	0	0	0	1	NA	NA	NA	NA	NA
JBHJCN010000014.1_92	103475	106228	2754	1	0.625	11	GGA/GAG/AGG	NA	NA	NA	0	0	0	1	NA	NA	NA	NA	NA
JBHJCN010000014.1_93	106369	107574	1206	-1	0.605	11	AGGA	GENOMAD.191266.CP	8.468e-43	165	0	0	0	1	NA	NA	NA	PF07221;K18479;COG2942	N-acylglucosamine 2-epimerase (GlcNAc 2-epimerase)
JBHJCN010000014.1_94	107571	108557	987	-1	0.652	11	GGAGG	NA	NA	NA	0	0	0	1	NA	NA	NA	NA	NA
JBHJCN010000014.1_95	108554	109864	1311	-1	0.628	11	GGA/GAG/AGG	GENOMAD.153188.CP	2.277e-08	59	0	0	0	1	NA	NA	NA	PF00083;K02429;TIGR00885;COG0738	L-fucose:H+ symporter permease
JBHJCN010000014.1_96	109878	111011	1134	-1	0.674	11	GGA/GAG/AGG	NA	NA	NA	0	0	0	1	NA	NA	NA	NA	NA
JBHJCN010000014.1_97	111192	112094	903	-1	0.651	11	None	GENOMAD.029943.CC	2.003e-21	98	0	0	0	1	NA	NA	NA	PF19089;COG4313;K20326	Membrane bound beta barrel domain (DUF5777)
JBHJCN010000014.1_98	112368	113102	735	-1	0.657	11	None	GENOMAD.161593.CP	1.374e-33	132	0	0	0	1	NA	NA	NA	K09912;COG3122	Uncharacterized conserved protein YaiL, DUF2058 family
JBHJCN010000014.1_99	113121	113357	237	-1	0.612	11	AGGA/GGAG/GAGG	GENOMAD.020705.CC	1.223e-30	115	0	0	0	1	NA	NA	NA	PF04102;COG2900	Uncharacterized coiled-coil protein SlyX (sensitive to lysis X)
JBHJCN010000014.1_100	113350	113979	630	-1	0.625	11	None	GENOMAD.189983.VC	0.0004733	43	0	0	0	11688	Kyanoviridae	NA	NA	PF00984;PF03720	UDP-glucose/GDP-mannose dehydrogenase family, central domain; UDP-glucose/GDP-mannose dehydrogenase family, UDP binding domain
JBHJCN010000014.1_101	114724	115695	972	-1	0.633	11	GGA/GAG/AGG	GENOMAD.101229.CV	0.0001387	46	0	0	0	1	NA	NA	NA	PF18023;K09577;COG1047	BDBT FKBP like N-terminal
JBHJCN010000014.1_102	115781	116338	558	-1	0.599	11	GGA/GAG/AGG	NA	NA	NA	0	0	0	1	NA	NA	NA	NA	NA
JBHJCN010000014.1_103	116471	116719	249	1	0.643	11	GGA/GAG/AGG	NA	NA	NA	0	0	0	1	NA	NA	NA	NA	NA
JBHJCN010000014.1_104	116722	117084	363	1	0.609	11	GGAG/GAGG	NA	NA	NA	0	0	0	1	NA	NA	NA	NA	NA
JBHJCN010000014.1_105	117081	117956	876	1	0.632	11	GGA/GAG/AGG	NA	NA	NA	0	0	0	1	NA	NA	NA	NA	NA
JBHJCN010000014.1_106	117953	118939	987	1	0.662	11	GGA/GAG/AGG	GENOMAD.019618.CC	1e-58	209	0	0	0	1	NA	NA	NA	PF12679;TIGR03518;COG1277	ABC-2 family transporter protein
JBHJCN010000014.1_107	118950	119768	819	1	0.645	11	GGAG/GAGG	NA	NA	NA	0	0	0	1	NA	NA	NA	NA	NA
JBHJCN010000014.1_108	119803	120333	531	1	0.642	11	GGA/GAG/AGG	NA	NA	NA	0	0	0	1	NA	NA	NA	NA	NA
JBHJCN010000014.1_109	120673	121122	450	1	0.622	11	GGA/GAG/AGG	NA	NA	NA	0	0	0	1	NA	NA	NA	NA	NA
JBHJCN010000014.1_110	121252	122655	1404	-1	0.640	11	GGAG/GAGG	NA	NA	NA	0	0	0	1	NA	NA	NA	NA	NA
JBHJCN010000014.1_111	122939	124261	1323	1	0.654	11	GGAGG	NA	NA	NA	0	0	0	1	NA	NA	NA	NA	NA
JBHJCN010000014.1_112	124272	125255	984	-1	0.686	11	GGA/GAG/AGG	NA	NA	NA	0	0	0	1	NA	NA	NA	NA	NA
JBHJCN010000014.1_113	125420	126787	1368	1	0.664	11	None	GENOMAD.142401.VC	2.653e-99	333	0	0	0	1246	Caudoviricetes	NA	NA	PF08328	Adenylosuccinate lyase C-terminal
JBHJCN010000014.1_114	127031	127531	501	1	0.633	11	AGGAG	NA	NA	NA	0	0	0	1	NA	NA	NA	NA	NA
JBHJCN010000014.1_115	127777	129264	1488	1	0.686	11	AGGA	GENOMAD.169221.CP	4.719e-246	760	0	0	0	1	NA	NA	NA	PF08007;K18850;COG2850;TIGR03037	Ribosomal protein L16 Arg81 hydroxylase, contains JmjC domain
JBHJCN010000014.1_116	129261	130190	930	1	0.718	11	None	GENOMAD.007571.CC	2.057e-16	83	0	0	0	1	NA	NA	NA	PF17941	NA
JBHJCN010000014.1_117	130371	133199	2829	1	0.649	11	None	GENOMAD.123911.CP	1.455e-162	539	0	0	0	1	NA	NA	NA	PF16078;K00164;TIGR00239;COG0567	2-oxoglutarate dehydrogenase, E1 component
JBHJCN010000014.1_118	133242	134456	1215	1	0.648	11	AGGA	GENOMAD.116686.CP	7.897e-49	183	0	0	0	1	NA	NA	NA	PF00198;K09699;TIGR01349;COG0508	pyruvate dehydrogenase complex dihydrolipoamide acetyltransferase, long form
JBHJCN010000014.1_119	134568	136010	1443	1	0.654	11	GGA/GAG/AGG	NA	NA	NA	0	0	0	1	NA	NA	NA	NA	NA
JBHJCN010000014.1_120	136224	136817	594	1	0.620	11	None	NA	NA	NA	0	0	0	1	NA	NA	NA	NA	NA
JBHJCN010000014.1_121	137085	137687	603	1	0.662	11	None	NA	NA	NA	0	0	0	1	NA	NA	NA	NA	NA
JBHJCN010000014.1_122	137684	139453	1770	1	0.682	11	GGA/GAG/AGG	NA	NA	NA	0	0	0	1	NA	NA	NA	NA	NA
JBHJCN010000014.1_123	139695	140594	900	1	0.670	11	None	GENOMAD.133355.CP	9.66e-09	59	0	0	0	1	NA	NA	NA	PF03466;PF00126;TIGR03298;K17737;COG0583	transcriptional regulator, ArgP family
JBHJCN010000014.1_124	140684	142372	1689	1	0.654	11	GGA/GAG/AGG	GENOMAD.168352.CP	1.344e-28	125	0	0	0	1	NA	NA	NA	PF00664;K02021;COG4618	ABC-type protease/lipase transport system, ATPase and permease components
JBHJCN010000014.1_125	142356	143441	1086	1	0.696	11	AGGAG	GENOMAD.143120.CP	2.579e-46	174	0	0	0	1	NA	NA	NA	PF00529;TIGR01843;K02022;COG1566	type I secretion membrane fusion protein, HlyD family
JBHJCN010000014.1_126	143438	144841	1404	1	0.668	11	None	GENOMAD.153372.CP	3.834e-100	336	0	0	0	1	NA	NA	NA	PF02321;TIGR01845;COG1538;K15725	efflux transporter, outer membrane factor (OMF) lipoprotein, NodT family
JBHJCN010000014.1_127	145288	145482	195	1	0.610	11	GGAGG	NA	NA	NA	0	0	0	1	NA	NA	NA	NA	NA
JBHJCN010000014.1_128	145657	146778	1122	-1	0.656	11	GGA/GAG/AGG	GENOMAD.129532.CP	9.164e-204	631	0	0	0	1	NA	NA	NA	PF20463;PF07991;K14187;COG0287;TIGR01327	Prephenate dehydrogenase
JBHJCN010000014.1_129	146775	147683	909	-1	0.682	11	None	NA	NA	NA	0	0	0	1	NA	NA	NA	NA	NA
JBHJCN010000014.1_130	148208	149335	1128	-1	0.663	11	None	GENOMAD.121441.VC	1.857e-14	78	0	0	0	1246	Caudoviricetes	NA	NA	PF01556;COG1107	Archaea-specific RecJ-like exonuclease, contains DnaJ-type Zn finger domain
JBHJCN010000014.1_131	149496	151421	1926	-1	0.637	11	AGGAG	NA	NA	NA	0	0	0	1	NA	NA	NA	NA	NA
JBHJCN010000014.1_132	151563	152081	519	-1	0.669	11	GGA/GAG/AGG	GENOMAD.103372.CV	5.897e-07	51	0	0	0	1246	Caudoviricetes	NA	NA	PF01025;COG0576	Molecular chaperone GrpE (heat shock protein)
JBHJCN010000014.1_133	152180	153232	1053	-1	0.685	11	GGA/GAG/AGG	GENOMAD.093762.CV	7.508e-85	286	0	0	0	1246	Caudoviricetes	NA	NA	PF01628;PF03444;K03705;TIGR00331;COG1420	heat shock gene repressor HrcA
JBHJCN010000014.1_134	153349	155013	1665	1	0.705	11	None	GENOMAD.094517.CV	8.344e-09	61	1	0	0	1246	Caudoviricetes	NA	NA	PF02463;PF12532;K03631;TIGR00634;COG0497	DNA repair protein RecN
JBHJCN010000014.1_135	155481	155891	411	-1	0.608	11	GGAG/GAGG	NA	NA	NA	0	0	0	1	NA	NA	NA	NA	NA
JBHJCN010000014.1_136	155996	156391	396	1	0.609	11	None	NA	NA	NA	0	0	0	1	NA	NA	NA	NA	NA
JBHJCN010000014.1_137	156660	156956	297	-1	0.680	11	GGA/GAG/AGG	GENOMAD.179363.CV	5.738e-09	54	0	0	0	1	NA	NA	NA	PF03658;COG2914;TIGR01682	Putative antitoxin component PasI (RatB) of the RatAB toxin-antitoxin module, ubiquitin-RnfH superfamily
JBHJCN010000014.1_138	156970	157401	432	-1	0.660	11	None	NA	NA	NA	0	0	0	1	NA	NA	NA	NA	NA
JBHJCN010000014.1_139	157462	157965	504	1	0.635	11	None	NA	NA	NA	0	0	0	1	NA	NA	NA	NA	NA
JBHJCN010000014.1_140	158116	160065	1950	-1	0.649	11	None	NA	NA	NA	0	0	0	1	NA	NA	NA	NA	NA
JBHJCN010000014.1_141	160014	160565	552	-1	0.687	11	AGGAG	NA	NA	NA	0	0	0	1	NA	NA	NA	NA	NA
JBHJCN010000014.1_142	161490	162737	1248	1	0.500	11	GGA/GAG/AGG	NA	NA	NA	0	0	0	1	NA	NA	NA	NA	NA
JBHJCN010000015.1_1	3	956	954	1	0.477	11	None	NA	NA	NA	0	0	0	1	NA	NA	NA	NA	NA
JBHJCN010000015.1_2	963	1733	771	1	0.418	11	None	NA	NA	NA	0	0	0	1	NA	NA	NA	NA	NA
JBHJCN010000015.1_3	1887	3452	1566	-1	0.413	11	GGxGG	NA	NA	NA	0	0	0	1	NA	NA	NA	NA	NA
JBHJCN010000015.1_4	4160	4522	363	-1	0.623	11	AGGAG	NA	NA	NA	0	0	0	1	NA	NA	NA	NA	NA
JBHJCN010000015.1_5	4647	5384	738	1	0.663	11	GGA/GAG/AGG	NA	NA	NA	0	0	0	1	NA	NA	NA	NA	NA
JBHJCN010000015.1_6	5444	6343	900	1	0.689	11	AGGAG	NA	NA	NA	0	0	0	1	NA	NA	NA	NA	NA
JBHJCN010000015.1_7	6526	6828	303	-1	0.591	11	None	GENOMAD.166801.CP	9.197e-05	42	0	1	0	1	NA	NA	NA	PF05016;PF02030;COG3668;K11073;TIGR02385	Plasmid stabilization system protein ParE
JBHJCN010000015.1_8	6816	7073	258	-1	0.601	11	None	NA	NA	NA	0	0	0	1	NA	NA	NA	NA	NA
JBHJCN010000015.1_9	7139	7801	663	-1	0.668	11	None	NA	NA	NA	0	0	0	1	NA	NA	NA	NA	NA
JBHJCN010000015.1_10	7979	10474	2496	1	0.661	11	GGAG/GAGG	NA	NA	NA	0	0	0	1	NA	NA	NA	NA	NA
JBHJCN010000015.1_11	10471	11934	1464	1	0.689	11	GGA/GAG/AGG	GENOMAD.109692.CP	7.78e-153	490	0	0	0	1	NA	NA	NA	PF13482;K07502;COG3359;TIGR01406	Uncharacterized conserved protein YprB, contains RNaseH-like and TPR domains
JBHJCN010000015.1_12	12418	14562	2145	-1	0.636	11	GGAG/GAGG	NA	NA	NA	0	0	0	1	NA	NA	NA	NA	NA
JBHJCN010000015.1_13	14751	15908	1158	-1	0.682	11	None	NA	NA	NA	0	0	0	1	NA	NA	NA	NA	NA
JBHJCN010000015.1_14	16011	18668	2658	1	0.677	11	None	GENOMAD.152082.CP	1.68e-15	84	0	0	0	1	NA	NA	NA	PF00593;PF07715;PF00691;TIGR01782;COG4773;K16089	TonB-dependent receptor
JBHJCN010000015.1_15	18679	19464	786	1	0.644	11	GGAG/GAGG	GENOMAD.216450.PC	1.059e-154	483	0	0	0	1	NA	NA	NA	PF08975;COG5255	NA
JBHJCN010000015.1_16	19603	20733	1131	-1	0.698	11	GGA/GAG/AGG	GENOMAD.178415.CP	1.488e-51	190	0	0	0	1	NA	NA	NA	PF13761;PF02571;COG3268;K19064;TIGR00036	Uncharacterized conserved protein, related to short-chain dehydrogenases
JBHJCN010000015.1_17	20821	21870	1050	-1	0.683	11	GGAG/GAGG	NA	NA	NA	0	0	0	1	NA	NA	NA	NA	NA
JBHJCN010000015.1_18	22551	24290	1740	-1	0.697	11	AGGAG	NA	NA	NA	0	0	0	1	NA	NA	NA	NA	NA
JBHJCN010000015.1_19	24294	24680	387	-1	0.677	11	GGAG/GAGG	GENOMAD.141139.CP	8.851e-07	49	0	0	0	1	NA	NA	NA	PF03965;K02171;TIGR02698;COG3682	copper transport repressor, CopY/TcrY family
JBHJCN010000015.1_20	24884	25759	876	-1	0.670	11	GGA/GAG/AGG	NA	NA	NA	0	0	0	1	NA	NA	NA	NA	NA
JBHJCN010000015.1_21	25924	26793	870	1	0.657	11	AGGAG	NA	NA	NA	0	0	0	1	NA	NA	NA	NA	NA
JBHJCN010000015.1_22	26873	27907	1035	-1	0.643	11	None	NA	NA	NA	0	0	0	1	NA	NA	NA	NA	NA
JBHJCN010000015.1_23	27904	29298	1395	-1	0.640	11	GGAG/GAGG	NA	NA	NA	0	0	0	1	NA	NA	NA	NA	NA
JBHJCN010000015.1_24	29520	29864	345	1	0.696	11	GGAG/GAGG	NA	NA	NA	0	0	0	1	NA	NA	NA	NA	NA
JBHJCN010000015.1_25	30081	31358	1278	-1	0.660	11	None	NA	NA	NA	0	0	0	1	NA	NA	NA	NA	NA
JBHJCN010000015.1_26	31415	31795	381	1	0.648	11	GGAG/GAGG	GENOMAD.208772.PC	1.1e-21	92	0	1	0	1	NA	NA	NA	PF11720;PF04202;COG3895;TIGR02747	Peptidase inhibitor I78 family; Foot protein 3
JBHJCN010000015.1_27	31998	36470	4473	1	0.682	11	GGAG/GAGG	GENOMAD.120530.CP	5.241e-86	317	0	0	0	1	NA	NA	NA	PF04898;COG0069	Glutamate synthase central domain
JBHJCN010000015.1_28	36389	36580	192	-1	0.609	11	GGA/GAG/AGG	NA	NA	NA	0	0	0	1	NA	NA	NA	NA	NA
JBHJCN010000015.1_29	36599	38080	1482	1	0.683	11	None	GENOMAD.114384.CP	6.397e-41	162	0	0	0	18026	Monodnaviria	NA	NA	PF14691;PF06100;TIGR01317;K00266;COG0493	glutamate synthases, NADH/NADPH, small subunit
JBHJCN010000015.1_30	39288	40346	1059	-1	0.648	11	GGAG/GAGG	NA	NA	NA	0	0	0	1	NA	NA	NA	NA	NA
JBHJCN010000015.1_31	40657	41730	1074	1	0.625	11	AGGAG	NA	NA	NA	0	0	0	1	NA	NA	NA	NA	NA
JBHJCN010000015.1_32	42498	43550	1053	1	0.609	11	AGGAG	NA	NA	NA	0	0	0	1	NA	NA	NA	NA	NA
JBHJCN010000015.1_33	44180	45313	1134	1	0.624	11	AGGAG	NA	NA	NA	0	0	0	1	NA	NA	NA	NA	NA
JBHJCN010000015.1_34	45608	46051	444	1	0.633	11	AGGAG	NA	NA	NA	0	0	0	1	NA	NA	NA	NA	NA
JBHJCN010000015.1_35	46376	48172	1797	-1	0.677	11	AGGAG	NA	NA	NA	0	0	0	1	NA	NA	NA	NA	NA
JBHJCN010000015.1_36	48334	48990	657	-1	0.653	11	GGAG/GAGG	NA	NA	NA	0	0	0	1	NA	NA	NA	NA	NA
JBHJCN010000015.1_37	49151	50386	1236	1	0.676	11	None	GENOMAD.105932.CP	4.893e-09	61	0	0	0	1	NA	NA	NA	PF01333;K22719;COG4942;TIGR00830	Septal ring factor EnvC, activator of murein hydrolases AmiA and AmiB
JBHJCN010000015.1_38	50491	52020	1530	1	0.682	11	GGAG/GAGG	GENOMAD.195889.CP	8.43e-06	51	0	0	0	1	NA	NA	NA	PF03572;PF14684	Peptidase family S41; Tricorn protease C1 domain
JBHJCN010000015.1_39	52187	53179	993	-1	0.700	11	None	NA	NA	NA	0	0	0	1	NA	NA	NA	NA	NA
JBHJCN010000015.1_40	53179	53544	366	-1	0.596	11	GGAG/GAGG	GENOMAD.004860.CC	1.824e-30	117	0	0	0	1	NA	NA	NA	PF08850;COG4517	NA
JBHJCN010000015.1_41	53608	54300	693	-1	0.674	11	None	GENOMAD.151242.CP	8.159e-08	55	0	0	0	1	NA	NA	NA	COG0705	Membrane associated serine protease, rhomboid family
JBHJCN010000015.1_42	54519	55859	1341	1	0.671	11	GGA/GAG/AGG	NA	NA	NA	0	0	0	1	NA	NA	NA	NA	NA
JBHJCN010000015.1_43	56121	56834	714	1	0.636	11	GGA/GAG/AGG	GENOMAD.152228.VC	5.07e-15	77	0	0	1	11688	Kyanoviridae	NA	NA	PF03336;K07336;TIGR02408	Poxvirus C4/C10 protein
JBHJCN010000015.1_44	57042	58169	1128	1	0.658	11	None	GENOMAD.103333.CP	2.103e-59	213	0	0	0	1	NA	NA	NA	NA	NA
JBHJCN010000015.1_45	58968	59894	927	-1	0.544	11	None	NA	NA	NA	0	0	0	1	NA	NA	NA	NA	NA
JBHJCN010000015.1_46	60070	61530	1461	1	0.667	11	None	NA	NA	NA	0	0	0	1	NA	NA	NA	NA	NA
JBHJCN010000015.1_47	61606	61875	270	1	0.678	11	GGAG/GAGG	NA	NA	NA	0	0	0	1	NA	NA	NA	NA	NA
JBHJCN010000015.1_48	61883	62650	768	1	0.677	11	GGA/GAG/AGG	NA	NA	NA	0	0	0	1	NA	NA	NA	NA	NA
JBHJCN010000015.1_49	62675	62794	120	1	0.592	11	None	NA	NA	NA	0	0	0	1	NA	NA	NA	NA	NA
JBHJCN010000015.1_50	62905	63312	408	-1	0.615	11	GGAGG	GENOMAD.124417.CP	5.252e-06	47	0	0	0	1	NA	NA	NA	PF02472;K03560;TIGR02801;COG0848	TolR protein
JBHJCN010000015.1_51	63559	63939	381	-1	0.601	11	GGA/GAG/AGG	GENOMAD.124417.CP	0.0009953	40	0	0	0	1	NA	NA	NA	PF02472;K03560;TIGR02801;COG0848	TolR protein
JBHJCN010000015.1_52	63976	64398	423	-1	0.598	11	GGAG/GAGG	GENOMAD.124417.CP	5.736e-07	50	0	0	0	1	NA	NA	NA	PF02472;K03560;TIGR02801;COG0848	TolR protein
JBHJCN010000015.1_53	64445	65206	762	-1	0.644	11	GGA/GAG/AGG	NA	NA	NA	0	0	0	1	NA	NA	NA	NA	NA
JBHJCN010000015.1_54	65292	65963	672	-1	0.646	11	GGA/GAG/AGG	GENOMAD.136404.CP	7.397e-18	85	0	0	0	1	NA	NA	NA	PF03544;TIGR01352	TonB family C-terminal domain
JBHJCN010000015.1_55	66117	67310	1194	-1	0.603	11	GGAG/GAGG	GENOMAD.002725.CC	3.504e-12	71	0	0	0	1	NA	NA	NA	COG2956;K21007	Lipopolysaccharide biosynthesis regulator YciM, contains six TPR domains and a predicted metal-binding C-terminal domain
JBHJCN010000015.1_56	67627	68394	768	-1	0.639	11	GGA/GAG/AGG	GENOMAD.125981.CP	2.185e-06	51	0	0	0	1246	Caudoviricetes	NA	NA	PF01435;K23010;COG4784	Putative Zn-dependent protease
JBHJCN010000015.1_57	68578	69414	837	-1	0.694	11	AGGA	GENOMAD.177178.CP	7.777e-09	59	0	0	0	1	NA	NA	NA	PF02517	Type II CAAX prenyl endopeptidase Rce1-like
JBHJCN010000015.1_58	69483	71927	2445	-1	0.648	11	None	GENOMAD.138195.VC	9.547e-32	137	0	0	0	1246	Caudoviricetes	NA	NA	PF00204;K02622;TIGR01059;COG0187	DNA gyrase, B subunit
JBHJCN010000015.1_59	72042	73148	1107	-1	0.666	11	GGA/GAG/AGG	GENOMAD.095931.CV	3.884e-58	209	0	0	0	1	NA	NA	NA	PF11398;K03629;TIGR00611;COG1195	recF protein
JBHJCN010000015.1_60	74192	75292	1101	-1	0.632	11	GGA/GAG/AGG	NA	NA	NA	0	0	0	1	NA	NA	NA	NA	NA
JBHJCN010000015.1_61	75569	76897	1329	-1	0.663	11	None	GENOMAD.161908.VC	0.0002328	46	0	0	0	1246	Caudoviricetes	NA	NA	PF08299	Bacterial dnaA protein helix-turn-helix
JBHJCN010000015.1_62	77140	77280	141	1	0.652	11	GGAG/GAGG	GENOMAD.096109.CV	6.396e-15	68	0	0	0	1	NA	NA	NA	PF00468;COG0230;TIGR01030	Ribosomal protein L34
JBHJCN010000015.1_63	77472	77756	285	1	0.677	11	None	GENOMAD.092643.CV	1.934e-33	124	0	0	0	1	NA	NA	NA	PF00825;TIGR00188;COG0594;K03536	ribonuclease P protein component, eubacterial
JBHJCN010000015.1_64	77782	79506	1725	1	0.663	11	GGA/GAG/AGG	GENOMAD.074816.CV	6.82e-45	176	0	0	0	1	NA	NA	NA	PF14849;COG0706	YidC periplasmic domain
JBHJCN010000015.1_65	79592	82294	2703	1	0.640	11	AGGA	GENOMAD.158306.CP	9.357e-13	75	0	0	0	1	NA	NA	NA	PF01650;PF10633;COG4249	Uncharacterized protein, contains caspase domain
JBHJCN010000015.1_66	82451	83791	1341	1	0.658	11	GGA/GAG/AGG	NA	NA	NA	0	0	0	1	NA	NA	NA	NA	NA
JBHJCN010000015.1_67	83955	84812	858	-1	0.684	11	GGAG/GAGG	NA	NA	NA	0	0	0	1	NA	NA	NA	NA	NA
JBHJCN010000015.1_68	85005	85937	933	1	0.646	11	None	GENOMAD.182879.CP	1.151e-46	173	0	0	0	1	NA	NA	NA	COG4773;K16091	Outer membrane receptor for ferric coprogen and ferric-rhodotorulic acid
JBHJCN010000015.1_69	85947	87305	1359	1	0.626	11	GGA/GAG/AGG	GENOMAD.182879.CP	2.467e-54	201	0	0	0	1	NA	NA	NA	COG4773;K16091	Outer membrane receptor for ferric coprogen and ferric-rhodotorulic acid
JBHJCN010000015.1_70	87546	88643	1098	1	0.645	11	GGAG/GAGG	NA	NA	NA	0	0	0	1	NA	NA	NA	NA	NA
JBHJCN010000015.1_71	88756	89544	789	-1	0.702	11	None	GENOMAD.137825.CP	0.0008004	43	0	0	0	1	NA	NA	NA	PF20401;K19225;TIGR04239;COG0705	rhomboid family protease GlpG
JBHJCN010000015.1_72	89972	91087	1116	-1	0.635	11	GGA/GAG/AGG	NA	NA	NA	0	0	0	1	NA	NA	NA	NA	NA
JBHJCN010000015.1_73	91193	92359	1167	1	0.643	11	GGA/GAG/AGG	GENOMAD.086164.CV	3.035e-60	216	0	0	0	1246	Caudoviricetes	NA	NA	PF10672;PF17785;K06969;COG1092;TIGR00095	23S rRNA G2069 N7-methylase RlmK or C1962 C5-methylase RlmI
JBHJCN010000015.1_74	92478	92798	321	1	0.654	11	AGGAG	NA	NA	NA	0	0	0	1	NA	NA	NA	NA	NA
JBHJCN010000015.1_75	93079	94332	1254	1	0.664	11	GGA/GAG/AGG	NA	NA	NA	0	0	0	1	NA	NA	NA	NA	NA
JBHJCN010000015.1_76	94802	96112	1311	1	0.680	11	GGAG/GAGG	NA	NA	NA	0	0	0	1	NA	NA	NA	NA	NA
JBHJCN010000015.1_77	96138	97307	1170	1	0.732	11	GGA/GAG/AGG	NA	NA	NA	0	0	0	1	NA	NA	NA	NA	NA
JBHJCN010000015.1_78	97540	98730	1191	1	0.705	11	None	GENOMAD.169207.CP	1.723e-36	146	0	0	0	1	NA	NA	NA	PF05651;K02647;COG3835	Putative sugar diacid recognition
JBHJCN010000015.1_79	98843	100591	1749	1	0.686	11	GGA/GAG/AGG	NA	NA	NA	0	0	0	1	NA	NA	NA	NA	NA
JBHJCN010000015.1_80	100703	101092	390	1	0.613	11	GGA/GAG/AGG	GENOMAD.205179.PC	2.672e-46	163	0	0	0	1	NA	NA	NA	PF10947	NA
JBHJCN010000015.1_81	101759	104692	2934	1	0.679	11	GGA/GAG/AGG	GENOMAD.177318.PC	1.396e-10	68	0	0	0	1	NA	NA	NA	NA	NA
JBHJCN010000015.1_82	104923	107397	2475	1	0.662	11	GGA/GAG/AGG	GENOMAD.146392.CP	4.182e-220	702	0	0	0	1	NA	NA	NA	PF07971;PF17678;TIGR01180;COG3537	alpha-1,2-mannosidase, putative
JBHJCN010000015.1_83	107487	108902	1416	-1	0.657	11	GGAG/GAGG	NA	NA	NA	0	0	0	1	NA	NA	NA	NA	NA
JBHJCN010000015.1_84	109118	109498	381	-1	0.635	11	GGA/GAG/AGG	NA	NA	NA	0	0	0	1	NA	NA	NA	NA	NA
JBHJCN010000015.1_85	109618	110238	621	-1	0.644	11	GGAG/GAGG	NA	NA	NA	0	0	0	1	NA	NA	NA	NA	NA
JBHJCN010000015.1_86	110399	110629	231	-1	0.684	11	None	NA	NA	NA	0	0	0	1	NA	NA	NA	NA	NA
JBHJCN010000015.1_87	110966	111898	933	-1	0.708	11	GGAG/GAGG	NA	NA	NA	0	0	0	1	NA	NA	NA	NA	NA
JBHJCN010000015.1_88	111994	113001	1008	1	0.707	11	None	NA	NA	NA	0	0	0	1	NA	NA	NA	NA	NA
JBHJCN010000015.1_89	113138	114718	1581	1	0.657	11	None	NA	NA	NA	0	0	0	1	NA	NA	NA	NA	NA
JBHJCN010000015.1_90	114934	115311	378	1	0.696	11	GGA/GAG/AGG	NA	NA	NA	0	0	0	1	NA	NA	NA	NA	NA
JBHJCN010000015.1_91	115465	116016	552	1	0.659	11	AGGA	NA	NA	NA	0	0	0	1	NA	NA	NA	NA	NA
JBHJCN010000015.1_92	116075	116560	486	1	0.580	11	GGA/GAG/AGG	GENOMAD.192563.CP	3.665e-12	66	0	0	0	1	NA	NA	NA	PF12707;COG4994;TIGR02246;K18243	conserved hypothetical protein
JBHJCN010000015.1_93	116700	117755	1056	-1	0.693	11	GGA/GAG/AGG	NA	NA	NA	0	0	0	1	NA	NA	NA	NA	NA
JBHJCN010000015.1_94	117766	118056	291	-1	0.691	11	None	GENOMAD.016077.CC	4.399e-26	103	0	0	0	1	NA	NA	NA	PF13466;K07122;COG5439;TIGR00377	anti-anti-sigma factor
JBHJCN010000015.1_95	118046	118708	663	-1	0.664	11	GGA/GAG/AGG	GENOMAD.111169.CP	2.769e-21	95	0	0	0	1	NA	NA	NA	PF05494;COG2854;K07323;TIGR03481	ABC-type transporter Mla maintaining outer membrane lipid asymmetry, periplasmic MlaC component
JBHJCN010000015.1_96	118705	119250	546	-1	0.658	11	GGA/GAG/AGG	GENOMAD.123377.CP	3.373e-33	128	0	0	0	1	NA	NA	NA	PF02470;TIGR04430;COG1463;K02067	outer membrane lipid asymmetry maintenance protein MlaD
JBHJCN010000015.1_97	119262	120011	750	-1	0.651	11	GGAG/GAGG	GENOMAD.124229.CP	2.901e-12	69	0	0	0	1	NA	NA	NA	COG0767	ABC-type transporter Mla maintaining outer membrane lipid asymmetry, permease component MlaE
JBHJCN010000015.1_98	120011	120805	795	-1	0.698	11	GGA/GAG/AGG	NA	NA	NA	0	0	0	1	NA	NA	NA	NA	NA
JBHJCN010000015.1_99	121188	121475	288	1	0.608	11	AGGA	GENOMAD.214699.PC	2.914e-53	181	0	0	0	1	NA	NA	NA	PF21880	NA
JBHJCN010000015.1_100	121494	122051	558	-1	0.647	11	None	NA	NA	NA	0	0	0	1	NA	NA	NA	NA	NA
JBHJCN010000015.1_101	122056	122592	537	-1	0.629	11	GGAGG	GENOMAD.152240.VV	3.079e-05	46	0	0	1	1246	Caudoviricetes	NA	NA	COG4675	Microcystin-dependent protein  (function unknown)
JBHJCN010000015.1_102	122653	123180	528	-1	0.646	11	AGGA	GENOMAD.140351.VV	6.298e-07	51	0	0	1	1246	Caudoviricetes	NA	NA	COG4675	Microcystin-dependent protein  (function unknown)
JBHJCN010000015.1_103	123248	123793	546	-1	0.637	11	GGAG/GAGG	NA	NA	NA	0	0	0	1	NA	NA	NA	NA	NA
JBHJCN010000015.1_104	124059	128867	4809	1	0.678	11	GGA/GAG/AGG	GENOMAD.088220.VV	5.444e-07	57	0	0	0	1246	Caudoviricetes	NA	NA	NA	NA
JBHJCN010000015.1_105	129221	132634	3414	1	0.696	11	None	GENOMAD.147962.CP	0.0	1725	0	0	0	1	NA	NA	NA	PF04257;PF17946;PF13361;K03583;COG1330;TIGR01450	Exonuclease V gamma subunit
JBHJCN010000015.1_106	132631	136683	4053	1	0.699	11	AGGAG	NA	NA	NA	0	0	0	1	NA	NA	NA	NA	NA
JBHJCN010000015.1_107	136781	139261	2481	1	0.737	11	GGA/GAG/AGG	NA	NA	NA	0	0	0	1	NA	NA	NA	NA	NA
JBHJCN010000015.1_108	139422	139598	177	1	0.610	11	None	NA	NA	NA	0	0	0	1	NA	NA	NA	NA	NA
JBHJCN010000015.1_109	139616	139906	291	1	0.656	11	GGAG/GAGG	NA	NA	NA	0	0	0	1	NA	NA	NA	NA	NA
JBHJCN010000015.1_110	140220	141614	1395	1	0.692	11	GGAG/GAGG	NA	NA	NA	0	0	0	1	NA	NA	NA	NA	NA
JBHJCN010000015.1_111	141717	141815	99	-1	0.525	11	GGAG/GAGG	GENOMAD.189581.CP	0.0001041	38	0	0	0	1	NA	NA	NA	NA	NA
JBHJCN010000015.1_112	141964	143889	1926	-1	0.681	11	GGAG/GAGG	GENOMAD.124001.CP	9.799e-256	796	0	0	0	1	NA	NA	NA	PF17899;PF01433;PF19805;COG3975;TIGR02411;K01254	Predicted metalloprotease, contains C-terminal PDZ domain
JBHJCN010000015.1_113	144225	144557	333	-1	0.595	11	GGAG/GAGG	GENOMAD.112646.PP	7.5e-27	106	0	0	0	1	NA	B_traH	NA	PF12992;TIGR03066;COG4939	Gemmata obscuriglobus paralogous family TIGR03066
JBHJCN010000015.1_114	144589	145641	1053	1	0.582	11	AGGA/GGAG/GAGG	NA	NA	NA	0	0	0	1	NA	NA	NA	NA	NA
JBHJCN010000015.1_115	146007	146747	741	-1	0.671	11	AGGA	NA	NA	NA	0	0	0	1	NA	NA	NA	NA	NA
JBHJCN010000015.1_116	146831	147403	573	1	0.684	11	GGA/GAG/AGG	GENOMAD.160458.PC	3.722e-26	108	0	0	0	1	NA	NA	NA	PF00440;PF08362;K20325;TIGR03613;COG3226	pyrimidine utilization regulatory protein R
JBHJCN010000015.1_117	147520	148089	570	1	0.621	11	None	GENOMAD.137861.CP	0.0001692	44	0	0	0	1	NA	NA	NA	PF13022;K18905;TIGR03968;COG3226	mycofactocin system transcriptional regulator
JBHJCN010000015.1_118	148153	148629	477	1	0.597	11	GGAGG	NA	NA	NA	0	0	0	1	NA	NA	NA	NA	NA
JBHJCN010000016.1_1	1	60	60	-1	0.567	11	AGGA/GGAG/GAGG	NA	NA	NA	0	0	0	1	NA	NA	NA	NA	NA
JBHJCN010000016.1_2	107	1600	1494	-1	0.667	11	None	NA	NA	NA	0	0	0	1	NA	NA	NA	NA	NA
JBHJCN010000016.1_3	1597	3969	2373	-1	0.663	11	GGxGG	NA	NA	NA	0	0	0	1	NA	NA	NA	NA	NA
JBHJCN010000016.1_4	4061	6964	2904	-1	0.638	11	GGAG/GAGG	GENOMAD.153944.CP	6.016e-07	56	0	0	0	1	NA	NA	NA	PF16338	Alpha-glucosidase, N-terminal
JBHJCN010000016.1_5	7066	8802	1737	-1	0.641	11	GGAG/GAGG	GENOMAD.208849.PC	2.05e-109	368	0	0	0	1	NA	NA	NA	PF18120;PF01301;K12308;COG1874;TIGR03356	Glycosyl hydrolases family 35
JBHJCN010000016.1_6	8820	10736	1917	-1	0.667	11	GGAG/GAGG	GENOMAD.145791.CP	6.472e-137	451	0	0	0	1	NA	NA	NA	PF13364;K05970	Beta-galactosidase jelly roll domain
JBHJCN010000016.1_7	10825	13080	2256	-1	0.678	11	GGAG/GAGG	NA	NA	NA	0	0	0	1	NA	NA	NA	NA	NA
JBHJCN010000016.1_8	13192	15912	2721	-1	0.624	11	GGAGG	GENOMAD.158496.CP	1.293e-137	464	0	0	0	1	NA	NA	NA	PF14905;PF07715;TIGR01782;K16091;COG4774	TonB-dependent receptor
JBHJCN010000016.1_9	16251	17786	1536	-1	0.615	11	GGAG/GAGG	GENOMAD.158496.CP	8.005e-87	299	0	0	0	1	NA	NA	NA	PF14905;PF07715;TIGR01782;K16091;COG4774	TonB-dependent receptor
JBHJCN010000016.1_10	17864	19030	1167	-1	0.644	11	GGAGG	GENOMAD.158496.CP	9.481e-101	334	0	0	0	1	NA	NA	NA	PF14905;PF07715;TIGR01782;K16091;COG4774	TonB-dependent receptor
JBHJCN010000016.1_11	19285	20256	972	-1	0.665	11	None	NA	NA	NA	0	0	0	1	NA	NA	NA	NA	NA
JBHJCN010000016.1_12	20671	21303	633	1	0.681	11	GGA/GAG/AGG	NA	NA	NA	0	0	0	1	NA	NA	NA	NA	NA
JBHJCN010000016.1_13	21300	22448	1149	1	0.644	11	AGGA	NA	NA	NA	0	0	0	1	NA	NA	NA	NA	NA
JBHJCN010000016.1_14	22442	23353	912	1	0.667	11	None	NA	NA	NA	0	0	0	1	NA	NA	NA	NA	NA
JBHJCN010000016.1_15	23350	24228	879	1	0.689	11	GGxGG	GENOMAD.183309.PC	4.772e-10	63	0	0	0	1	NA	NA	NA	PF05035;COG3734;TIGR02261	2-keto-3-deoxy-galactonokinase
JBHJCN010000016.1_16	24312	24635	324	1	0.630	11	GGA/GAG/AGG	GENOMAD.132576.CP	2.374e-05	44	0	0	0	1	NA	NA	NA	PF17179;K02691;TIGR02060;COG1146	adenosine phosphosulphate reductase, beta subunit
JBHJCN010000016.1_17	24583	24849	267	1	0.689	11	AGGAG	NA	NA	NA	0	0	0	1	NA	NA	NA	NA	NA
JBHJCN010000016.1_18	24756	25274	519	-1	0.680	11	AGGAG	GENOMAD.034204.CC	1.559e-72	241	0	0	0	1	NA	NA	NA	COG3317	Uncharacterized lipoprotein, NlpB/DapX family
JBHJCN010000016.1_19	25291	26262	972	-1	0.687	11	None	NA	NA	NA	0	0	0	1	NA	NA	NA	NA	NA
JBHJCN010000016.1_20	26344	26919	576	1	0.622	11	None	GENOMAD.123185.CP	9.814e-24	101	0	0	0	1	NA	NA	NA	COG2716;K07166	Glycine cleavage system regulatory protein
JBHJCN010000016.1_21	26931	27281	351	1	0.581	11	GGAG/GAGG	NA	NA	NA	0	0	0	1	NA	NA	NA	NA	NA
JBHJCN010000016.1_22	27318	27800	483	1	0.627	11	GGA/GAG/AGG	GENOMAD.115115.CP	1.714e-11	64	0	0	0	1	NA	NA	NA	PF13911;K24130;TIGR03137;COG1225	AhpC/TSA antioxidant enzyme
JBHJCN010000016.1_23	27883	29280	1398	1	0.621	11	GGA/GAG/AGG	NA	NA	NA	0	0	0	1	NA	NA	NA	NA	NA
JBHJCN010000016.1_24	29280	29762	483	1	0.654	11	GGAGG	NA	NA	NA	0	0	0	1	NA	NA	NA	NA	NA
JBHJCN010000016.1_25	29769	30440	672	1	0.665	11	None	GENOMAD.171470.CP	1.048e-57	201	0	0	0	1	NA	NA	NA	PF06912;COG3619	Uncharacterized membrane protein YoaK, UPF0700 family
JBHJCN010000016.1_26	30478	31287	810	1	0.680	11	None	NA	NA	NA	0	0	0	1	NA	NA	NA	NA	NA
JBHJCN010000016.1_27	31284	32165	882	1	0.673	11	None	GENOMAD.162404.CP	5.743e-80	269	0	0	0	1	NA	NA	NA	PF02273;COG4757;TIGR02240;K05714	Predicted alpha/beta hydrolase
JBHJCN010000016.1_28	32628	33620	993	-1	0.665	11	GGA/GAG/AGG	GENOMAD.147887.CP	8.222e-84	282	0	0	0	1	NA	NA	NA	PF06695;PF00581;K03975;COG0586;TIGR03865	Uncharacterized membrane protein DedA, SNARE-associated domain
JBHJCN010000016.1_29	33665	34609	945	-1	0.690	11	None	NA	NA	NA	0	0	0	1	NA	NA	NA	NA	NA
JBHJCN010000016.1_30	34741	35442	702	1	0.637	11	AGGAG	GENOMAD.129411.CP	3.543e-06	50	0	0	0	1	NA	NA	NA	PF05726;PF02678;COG1741;K06911	Redox-sensitive bicupin YhaK, pirin superfamily
JBHJCN010000016.1_31	35853	37838	1986	-1	0.648	11	GGA/GAG/AGG	GENOMAD.146534.CP	9.989e-05	48	0	0	0	1	NA	NA	NA	PF00015	Methyl-accepting chemotaxis protein (MCP) signalling domain
JBHJCN010000016.1_32	39126	39338	213	-1	0.573	11	AGGAG	NA	NA	NA	0	0	0	1	NA	NA	NA	NA	NA
JBHJCN010000016.1_33	39478	42126	2649	-1	0.646	11	None	NA	NA	NA	0	0	0	1	NA	NA	NA	NA	NA
JBHJCN010000016.1_34	42228	42716	489	-1	0.667	11	GGA/GAG/AGG	GENOMAD.130541.CP	2.93e-26	107	0	0	0	1	NA	NA	NA	PF02631;COG2137;K03565	SOS response regulatory protein OraA/RecX, interacts with RecA
JBHJCN010000016.1_35	43013	44047	1035	-1	0.626	11	GGAG/GAGG	NA	NA	NA	0	0	0	1	NA	NA	NA	NA	NA
JBHJCN010000016.1_36	44220	44861	642	-1	0.642	11	None	NA	NA	NA	0	0	0	1	NA	NA	NA	NA	NA
JBHJCN010000016.1_37	44947	46623	1677	-1	0.648	11	GGA/GAG/AGG	NA	NA	NA	0	0	0	1	NA	NA	NA	NA	NA
JBHJCN010000016.1_38	47089	47583	495	-1	0.657	11	None	NA	NA	NA	0	0	0	1	NA	NA	NA	NA	NA
JBHJCN010000016.1_39	48011	49330	1320	-1	0.652	11	GGAG/GAGG	NA	NA	NA	0	0	0	1	NA	NA	NA	NA	NA
JBHJCN010000016.1_40	49342	49620	279	-1	0.588	11	GGAG/GAGG	NA	NA	NA	0	0	0	1	NA	NA	NA	NA	NA
JBHJCN010000016.1_41	49698	50681	984	-1	0.687	11	GGA/GAG/AGG	NA	NA	NA	0	0	0	1	NA	NA	NA	NA	NA
JBHJCN010000016.1_42	50681	51583	903	-1	0.671	11	AGGAG	NA	NA	NA	0	0	0	1	NA	NA	NA	NA	NA
JBHJCN010000016.1_43	51710	53650	1941	-1	0.637	11	GGAG/GAGG	NA	NA	NA	0	0	0	1	NA	NA	NA	NA	NA
JBHJCN010000016.1_44	53711	54343	633	-1	0.638	11	GGA/GAG/AGG	GENOMAD.129277.CV	1.899e-34	133	0	0	0	16546	Riboviria	NA	NA	PF01728;K02427;TIGR00438;COG0293	cell division protein FtsJ
JBHJCN010000016.1_45	54409	54714	306	1	0.621	11	None	NA	NA	NA	0	0	0	1	NA	NA	NA	NA	NA
JBHJCN010000016.1_46	54730	55104	375	1	0.669	11	GGA/GAG/AGG	GENOMAD.099012.CP	1.709e-32	123	0	0	0	1	NA	NA	NA	PF04430;COG3737;K09008	Uncharacterized conserved protein, contains Mth938-like domain
JBHJCN010000016.1_47	55295	56074	780	-1	0.676	11	None	GENOMAD.085898.CP	0.0003781	44	0	0	0	1	NA	NA	NA	PF01333;K22719;COG4942	Septal ring factor EnvC, activator of murein hydrolases AmiA and AmiB
JBHJCN010000016.1_48	56071	56685	615	-1	0.660	11	GGA/GAG/AGG	GENOMAD.136362.CP	1.705e-21	95	0	0	0	1	NA	NA	NA	PF09335;COG1238	Uncharacterized membrane protein YqaA, SNARE-associated domain
JBHJCN010000016.1_49	56704	57381	678	-1	0.698	11	GGA/GAG/AGG	NA	NA	NA	0	0	0	1	NA	NA	NA	NA	NA
JBHJCN010000016.1_50	57378	58157	780	-1	0.673	11	AGGAG	NA	NA	NA	0	0	0	1	NA	NA	NA	NA	NA
JBHJCN010000016.1_51	58191	58799	609	1	0.670	11	None	GENOMAD.090379.CP	4.589e-05	46	0	0	0	1	NA	NA	NA	PF01713	Smr domain
JBHJCN010000016.1_52	59049	60158	1110	-1	0.665	11	GGA/GAG/AGG	GENOMAD.081820.CP	3.259e-95	317	1	0	0	1	NA	NA	NA	PF01142;TIGR00094;COG0585;K06176	tRNA pseudouridine synthase D (TruD)
JBHJCN010000016.1_53	60272	60772	501	-1	0.663	11	GGA/GAG/AGG	NA	NA	NA	0	0	0	1	NA	NA	NA	NA	NA
JBHJCN010000016.1_54	60776	61570	795	-1	0.683	11	GGA/GAG/AGG	GENOMAD.129102.CP	9.214e-05	46	0	0	0	1	NA	NA	NA	PF01983;K07141;TIGR03310;COG2068	molybdenum cofactor cytidylyltransferase
JBHJCN010000016.1_55	61567	61932	366	-1	0.653	11	None	GENOMAD.000998.CC	3.679e-31	119	0	0	0	1	NA	NA	NA	PF04977;K05589;COG2919;TIGR02209	Cell division protein FtsB
JBHJCN010000016.1_56	61936	63228	1293	-1	0.647	11	None	NA	NA	NA	0	0	0	1	NA	NA	NA	NA	NA
JBHJCN010000016.1_57	63353	63604	252	-1	0.635	11	None	NA	NA	NA	0	0	0	1	NA	NA	NA	NA	NA
JBHJCN010000016.1_58	63712	64542	831	-1	0.631	11	GGA/GAG/AGG	NA	NA	NA	0	0	0	1	NA	NA	NA	NA	NA
JBHJCN010000016.1_59	64763	66427	1665	-1	0.636	11	AGGAG/GGAGG	NA	NA	NA	0	0	0	1	NA	NA	NA	NA	NA
JBHJCN010000016.1_60	66741	66995	255	-1	0.675	11	GGAG/GAGG	NA	NA	NA	0	0	0	1	NA	NA	NA	NA	NA
JBHJCN010000016.1_61	67160	69049	1890	1	0.627	11	None	GENOMAD.138195.VC	1.047e-28	126	0	0	0	1246	Caudoviricetes	NA	NA	PF00204;K02622;TIGR01059;COG0187	DNA gyrase, B subunit
JBHJCN010000016.1_62	69419	70918	1500	1	0.649	11	None	NA	NA	NA	0	0	0	1	NA	NA	NA	NA	NA
JBHJCN010000016.1_63	71112	71873	762	-1	0.651	11	GGA/GAG/AGG	GENOMAD.132426.CP	2.337e-07	54	0	0	0	1	NA	NA	NA	PF02698;COG1434	Uncharacterized SAM-binding protein YcdF, DUF218 family
JBHJCN010000016.1_64	71980	73107	1128	-1	0.653	11	GGAG/GAGG	NA	NA	NA	0	0	0	1	NA	NA	NA	NA	NA
JBHJCN010000016.1_65	73117	73743	627	-1	0.624	11	AGGA/GGAG/GAGG	GENOMAD.153861.CP	3.278e-64	219	0	0	0	1	NA	NA	NA	PF01865;K07220;TIGR00153;COG1392	TIGR00153 family protein
JBHJCN010000016.1_66	74016	75356	1341	1	0.653	11	GGA/GAG/AGG	NA	NA	NA	0	0	0	1	NA	NA	NA	NA	NA
JBHJCN010000016.1_67	75340	76008	669	1	0.653	11	GGAG/GAGG	GENOMAD.161213.CP	1.568e-17	84	0	0	0	1	NA	NA	NA	COG3932	NA
JBHJCN010000016.1_68	76043	76240	198	-1	0.641	11	None	NA	NA	NA	0	0	0	1	NA	NA	NA	NA	NA
JBHJCN010000016.1_69	76180	76542	363	-1	0.656	11	GGA/GAG/AGG	GENOMAD.181438.CP	7.406e-06	46	0	0	0	1	NA	NA	NA	PF16242;COG3871;TIGR04026;K07226	Pyridoxamine 5'-phosphate oxidase like
JBHJCN010000016.1_70	76603	77607	1005	-1	0.678	11	GGAG/GAGG	GENOMAD.133049.CP	1.011e-61	218	0	0	0	1	NA	NA	NA	PF00296;TIGR03558;COG2141;K00320	luciferase family oxidoreductase, group 1
JBHJCN010000016.1_71	77956	78798	843	1	0.648	11	None	NA	NA	NA	0	0	0	1	NA	NA	NA	NA	NA
JBHJCN010000016.1_72	78747	79292	546	1	0.630	11	GGxGG	NA	NA	NA	0	0	0	1	NA	NA	NA	NA	NA
JBHJCN010000016.1_73	79454	81202	1749	-1	0.661	11	None	NA	NA	NA	0	0	0	1	NA	NA	NA	NA	NA
JBHJCN010000016.1_74	81269	82327	1059	-1	0.670	11	GGA/GAG/AGG	GENOMAD.190712.CP	1.718e-168	528	0	0	0	1	NA	NA	NA	PF07475;TIGR04355;COG0125;K10038	HprK-related kinase B
JBHJCN010000016.1_75	82522	84012	1491	1	0.644	11	GGA/GAG/AGG	NA	NA	NA	0	0	0	1	NA	NA	NA	NA	NA
JBHJCN010000016.1_76	84068	85282	1215	1	0.654	11	GGA/GAG/AGG	NA	NA	NA	0	0	0	1	NA	NA	NA	NA	NA
JBHJCN010000016.1_77	85520	86641	1122	-1	0.672	11	GGAG/GAGG	NA	NA	NA	0	0	0	1	NA	NA	NA	NA	NA
JBHJCN010000016.1_78	86638	87768	1131	-1	0.666	11	None	NA	NA	NA	0	0	0	1	NA	NA	NA	NA	NA
JBHJCN010000016.1_79	87893	88591	699	-1	0.684	11	GGAG/GAGG	GENOMAD.140713.CV	3.227e-05	47	0	0	0	1	NA	NA	NA	PF05891;K21803;COG3897;TIGR00537	Predicted nicotinamide N-methyase
JBHJCN010000016.1_80	88588	89823	1236	-1	0.681	11	GGAG/GAGG	GENOMAD.127439.CP	4.704e-31	130	0	0	0	1	NA	NA	NA	PF12890;K12960;COG1228;TIGR03314	Imidazolonepropionase or related amidohydrolase
JBHJCN010000016.1_81	89836	90678	843	-1	0.668	11	GGAGG	GENOMAD.171298.CP	1.187e-42	160	0	0	0	1	NA	NA	NA	PF03492;K06219;TIGR03840;COG2227	thiopurine S-methyltransferase, Se/Te detoxification family
JBHJCN010000016.1_82	90962	91813	852	-1	0.674	11	GGA/GAG/AGG	GENOMAD.019505.CC	3.31e-100	327	0	0	0	1	NA	NA	NA	PF02706;COG3765;TIGR03017;K05789	LPS O-antigen chain length determinant protein, WzzB/FepE family
JBHJCN010000016.1_83	91857	92918	1062	-1	0.612	11	GGAG/GAGG	NA	NA	NA	0	0	0	1	NA	NA	NA	NA	NA
JBHJCN010000016.1_84	92999	93937	939	-1	0.505	11	GGAG/GAGG	NA	NA	NA	0	0	0	1	NA	NA	NA	NA	NA
JBHJCN010000016.1_85	93934	95187	1254	-1	0.637	11	None	GENOMAD.197607.PC	1.273e-41	162	0	0	0	1	NA	NA	NA	K16693;COG0534	Na+-driven multidrug efflux pump
JBHJCN010000016.1_86	95184	96308	1125	-1	0.632	11	None	GENOMAD.076874.VV	2.26e-10	65	0	0	0	1	NA	NA	NA	PF01041;K07806;TIGR03588;COG0399	UDP-4-amino-4,6-dideoxy-N-acetyl-beta-L-altrosamine transaminase
JBHJCN010000016.1_87	96310	96783	474	-1	0.593	11	None	NA	NA	NA	0	0	0	1	NA	NA	NA	NA	NA
JBHJCN010000016.1_88	97088	97708	621	1	0.697	11	GGA/GAG/AGG	GENOMAD.151027.CP	3.131e-25	106	0	0	0	1	NA	NA	NA	PF01292;K12262;COG3038;TIGR01583	Cytochrome b561
JBHJCN010000016.1_89	97792	99135	1344	1	0.646	11	AGGA	GENOMAD.181612.CP	2.37e-128	417	0	0	0	1	NA	NA	NA	NA	NA
JBHJCN010000016.1_90	99162	99554	393	1	0.628	11	GGA/GAG/AGG	NA	NA	NA	0	0	0	1	NA	NA	NA	NA	NA
JBHJCN010000016.1_91	99602	99895	294	1	0.731	11	GGAG/GAGG	NA	NA	NA	0	0	0	1	NA	NA	NA	NA	NA
JBHJCN010000016.1_92	100103	100792	690	1	0.696	11	None	NA	NA	NA	0	0	0	1	NA	NA	NA	NA	NA
JBHJCN010000016.1_93	100844	101437	594	1	0.658	11	None	NA	NA	NA	0	0	0	1	NA	NA	NA	NA	NA
JBHJCN010000016.1_94	101434	102090	657	1	0.700	11	GGAG/GAGG	GENOMAD.045251.CC	6.558e-96	311	0	0	0	1	NA	NA	NA	PF11859;COG5343;TIGR02949	Anti-sigma-K factor RskA
JBHJCN010000016.1_95	102087	103412	1326	1	0.672	11	None	NA	NA	NA	0	0	0	1	NA	NA	NA	NA	NA
JBHJCN010000016.1_96	103423	104181	759	1	0.643	11	None	GENOMAD.123398.CP	6.904e-19	89	0	0	0	1	NA	NA	NA	K02195;TIGR01191;COG0755	heme exporter protein CcmC
JBHJCN010000016.1_97	104178	104384	207	1	0.676	11	GGAG/GAGG	GENOMAD.004807.CC	8.89e-08	49	0	0	0	1	NA	NA	NA	PF04995;COG3114;TIGR03141	Heme exporter protein D
JBHJCN010000016.1_98	104381	104851	471	1	0.624	11	AGGA/GGAG/GAGG	GENOMAD.134025.CP	2.907e-41	150	0	0	0	1	NA	NA	NA	PF03100;K02197;COG2332;TIGR00752	Cytochrome c-type biogenesis protein CcmE
JBHJCN010000016.1_99	104915	106903	1989	1	0.661	11	None	GENOMAD.137760.CP	1.426e-62	232	0	0	0	1	NA	NA	NA	COG1138	Cytochrome c biogenesis factor
JBHJCN010000016.1_100	106900	107442	543	1	0.656	11	AGGA	GENOMAD.142989.CP	3.195e-05	46	0	0	0	1	NA	NA	NA	PF08534;TIGR01626;COG0386	conserved hypothetical protein YtfJ-family, TIGR01626
JBHJCN010000016.1_101	107442	107936	495	1	0.657	11	GGA/GAG/AGG	NA	NA	NA	0	0	0	1	NA	NA	NA	NA	NA
JBHJCN010000016.1_102	107930	108637	708	1	0.667	11	GGAGG	GENOMAD.147903.CP	1.267e-122	389	0	0	0	1	NA	NA	NA	PF12895;K04018;TIGR02552;COG5010	NA
JBHJCN010000016.1_103	108997	111069	2073	-1	0.650	11	GGA/GAG/AGG	NA	NA	NA	0	0	0	1	NA	NA	NA	NA	NA
JBHJCN010000016.1_104	111056	112573	1518	-1	0.619	11	None	NA	NA	NA	0	0	0	1	NA	NA	NA	NA	NA
JBHJCN010000016.1_105	112840	113214	375	1	0.605	11	GGAG/GAGG	NA	NA	NA	0	0	0	1	NA	NA	NA	NA	NA
JBHJCN010000016.1_106	113329	116184	2856	-1	0.664	11	GGA/GAG/AGG	NA	NA	NA	0	0	0	1	NA	NA	NA	NA	NA
JBHJCN010000016.1_107	116499	117122	624	1	0.667	11	None	NA	NA	NA	0	0	0	1	NA	NA	NA	NA	NA
JBHJCN010000016.1_108	117158	118348	1191	1	0.675	11	AGGA	NA	NA	NA	0	0	0	1	NA	NA	NA	NA	NA
JBHJCN010000016.1_109	118618	120729	2112	1	0.634	11	None	GENOMAD.151917.PC	1.616e-06	54	0	0	0	1	NA	NA	NA	PF12729;K05874;COG5278	Four helix bundle sensory module for signal transduction
JBHJCN010000016.1_110	120802	121407	606	-1	0.657	11	None	NA	NA	NA	0	0	0	1	NA	NA	NA	NA	NA
JBHJCN010000016.1_111	121896	122750	855	1	0.608	11	None	NA	NA	NA	0	0	0	1	NA	NA	NA	NA	NA
JBHJCN010000017.1_1	2	1285	1284	-1	0.607	11	AGGAG	NA	NA	NA	0	0	0	1	NA	NA	NA	NA	NA
JBHJCN010000017.1_2	1626	2258	633	-1	0.603	11	GGAG/GAGG	GENOMAD.112939.CP	0.0002281	44	0	0	0	1	NA	NA	NA	COG0558;K08744	Phosphatidylglycerophosphate synthase
JBHJCN010000017.1_3	2255	4114	1860	-1	0.649	11	None	NA	NA	NA	0	0	0	1	NA	NA	NA	NA	NA
JBHJCN010000017.1_4	4111	5529	1419	-1	0.669	11	None	GENOMAD.142989.CP	4.448e-07	55	0	0	0	1	NA	NA	NA	PF08534;TIGR01626;COG0386	conserved hypothetical protein YtfJ-family, TIGR01626
JBHJCN010000017.1_5	5553	6017	465	-1	0.680	11	GGxGG	NA	NA	NA	0	0	0	1	NA	NA	NA	NA	NA
JBHJCN010000017.1_6	6014	6793	780	-1	0.668	11	GGA/GAG/AGG	NA	NA	NA	0	0	0	1	NA	NA	NA	NA	NA
JBHJCN010000017.1_7	7098	8135	1038	-1	0.681	11	None	GENOMAD.000204.CC	3.654e-45	170	0	0	0	1	NA	NA	NA	PF02606;K00912;TIGR00682;COG1663	tetraacyldisaccharide 4'-kinase
JBHJCN010000017.1_8	8132	9901	1770	-1	0.643	11	GGA/GAG/AGG	NA	NA	NA	0	0	0	1	NA	NA	NA	NA	NA
JBHJCN010000017.1_9	9898	10362	465	-1	0.643	11	GGA/GAG/AGG	GENOMAD.009388.CC	0.0004091	42	0	0	0	1	NA	NA	NA	PF02472;TIGR02803;COG0848;K03559	TonB system transport protein ExbD, group 1
JBHJCN010000017.1_10	10366	10971	606	-1	0.657	11	None	GENOMAD.114974.CP	2.287e-07	53	0	0	0	1	NA	NA	NA	PF01618;K03561;COG0811;TIGR02796	Biopolymer transport protein ExbB/TolQ
JBHJCN010000017.1_11	10919	13468	2550	-1	0.688	11	GGA/GAG/AGG	GENOMAD.228084.CP	2.585e-21	103	0	0	0	1	NA	NA	NA	PF03772;COG0658;TIGR00361;K11085	Predicted membrane metal-binding protein
JBHJCN010000017.1_12	13763	14827	1065	1	0.632	11	AGGAG	NA	NA	NA	0	0	0	1	NA	NA	NA	NA	NA
JBHJCN010000017.1_13	15038	15772	735	-1	0.646	11	GGAGG	NA	NA	NA	0	0	0	1	NA	NA	NA	NA	NA
JBHJCN010000017.1_14	15765	17006	1242	-1	0.622	11	None	GENOMAD.112745.CP	1.024e-66	236	0	0	0	1	NA	NA	NA	PF12704;PF02687;K09808;TIGR02213;COG4591	lipoprotein releasing system, transmembrane protein LolE
JBHJCN010000017.1_15	17433	17681	249	-1	0.610	11	GGAG/GAGG	GENOMAD.002160.CC	5.261e-11	59	0	0	0	1	NA	NA	NA	PF03937;COG2938;K09159	Succinate dehydrogenase flavin-adding protein, antitoxin component of the CptAB toxin-antitoxin module
JBHJCN010000017.1_16	17793	18575	783	-1	0.617	11	GGA/GAG/AGG	NA	NA	NA	0	0	0	1	NA	NA	NA	NA	NA
JBHJCN010000017.1_17	18805	20595	1791	-1	0.634	11	AGGA/GGAG/GAGG	NA	NA	NA	0	0	0	1	NA	NA	NA	NA	NA
JBHJCN010000017.1_18	20629	21015	387	-1	0.623	11	GGAGG	GENOMAD.154511.CP	1.644e-26	106	0	0	0	1	NA	NA	NA	PF05328;K00242;TIGR02968;COG2142	succinate dehydrogenase, hydrophobic membrane anchor protein
JBHJCN010000017.1_19	21012	21347	336	-1	0.592	11	None	NA	NA	NA	0	0	0	1	NA	NA	NA	NA	NA
JBHJCN010000017.1_20	21464	21634	171	-1	0.579	11	GGA/GAG/AGG	GENOMAD.151036.CV	7.719e-11	57	0	0	0	1	NA	NA	NA	PF07896;COG5508	NA
JBHJCN010000017.1_21	21674	22546	873	1	0.654	11	None	GENOMAD.000396.CC	7.097e-44	164	0	0	0	1	NA	NA	NA	PF01571;K06980;COG0404;TIGR00528	Glycine cleavage system T protein (aminomethyltransferase)
JBHJCN010000017.1_22	22678	23766	1089	-1	0.661	11	GGAG/GAGG	GENOMAD.126777.CP	7.47e-26	113	0	0	0	1	NA	NA	NA	PF17912;PF03459;COG3585;TIGR00638	MalK OB fold domain; TOBE domain
JBHJCN010000017.1_23	24186	25616	1431	1	0.669	11	None	NA	NA	NA	0	0	0	1	NA	NA	NA	NA	NA
JBHJCN010000017.1_24	25613	26620	1008	1	0.676	11	GGA/GAG/AGG	GENOMAD.142642.CP	9.991e-50	183	0	0	0	1	NA	NA	NA	PF02685;TIGR00749;K00845;COG0837	glucokinase, proteobacterial type
JBHJCN010000017.1_25	26617	27336	720	1	0.672	11	GGAG/GAGG	GENOMAD.130695.CP	4.619e-36	139	0	0	0	1	NA	NA	NA	PF01182;K01057;TIGR01198;COG0363	6-phosphogluconolactonase
JBHJCN010000017.1_26	27468	29384	1917	1	0.671	11	None	NA	NA	NA	0	0	0	1	NA	NA	NA	NA	NA
JBHJCN010000017.1_27	29437	30096	660	1	0.694	11	GGAG/GAGG	NA	NA	NA	0	0	0	1	NA	NA	NA	NA	NA
JBHJCN010000017.1_28	30569	33655	3087	-1	0.631	11	GGxGG	NA	NA	NA	0	0	0	1	NA	NA	NA	NA	NA
JBHJCN010000017.1_29	33652	37161	3510	-1	0.656	11	GGA/GAG/AGG	NA	NA	NA	0	0	0	1	NA	NA	NA	NA	NA
JBHJCN010000017.1_30	37158	38291	1134	-1	0.661	11	AGGA	GENOMAD.138157.CP	2.304e-10	65	0	0	0	1	NA	NA	NA	PF13437;TIGR02828	HlyD family secretion protein
JBHJCN010000017.1_31	38496	38888	393	1	0.649	11	GGA/GAG/AGG	NA	NA	NA	0	0	0	1	NA	NA	NA	NA	NA
JBHJCN010000017.1_32	38897	39358	462	1	0.682	11	None	GENOMAD.148254.CP	1.822e-05	46	0	0	0	1	NA	NA	NA	PF09098;COG2863;TIGR04484;K20200	Cytochrome c553
JBHJCN010000017.1_33	40884	41060	177	-1	0.644	11	GGA/GAG/AGG	NA	NA	NA	0	0	0	1	NA	NA	NA	NA	NA
JBHJCN010000017.1_34	41535	42098	564	-1	0.679	11	GGAG/GAGG	GENOMAD.130534.VV	7.703e-05	45	0	0	0	1246	Caudoviricetes	NA	NA	NA	NA
JBHJCN010000017.1_35	42318	42737	420	-1	0.598	11	GGAGG	NA	NA	NA	0	0	0	1	NA	NA	NA	NA	NA
JBHJCN010000017.1_36	42805	43047	243	-1	0.671	11	GGAGG	NA	NA	NA	0	0	0	1	NA	NA	NA	NA	NA
JBHJCN010000017.1_37	43034	43336	303	-1	0.650	11	AGGAG	NA	NA	NA	0	0	0	1	NA	NA	NA	NA	NA
JBHJCN010000017.1_38	43333	43581	249	-1	0.639	11	GGA/GAG/AGG	NA	NA	NA	0	0	0	1	NA	NA	NA	NA	NA
JBHJCN010000017.1_39	43680	44285	606	-1	0.521	11	GGAG/GAGG	NA	NA	NA	0	0	0	1	NA	NA	NA	NA	NA
JBHJCN010000017.1_40	44386	45612	1227	-1	0.673	11	None	NA	NA	NA	0	0	0	1	NA	NA	NA	NA	NA
JBHJCN010000017.1_41	46022	46402	381	1	0.617	11	AGGAG	NA	NA	NA	0	0	0	1	NA	NA	NA	NA	NA
JBHJCN010000017.1_42	46605	50018	3414	1	0.652	11	GGxGG	NA	NA	NA	0	0	0	1	NA	NA	NA	NA	NA
JBHJCN010000017.1_43	50191	52554	2364	-1	0.649	11	None	GENOMAD.142574.CP	7.539e-20	98	0	0	0	1	NA	NA	NA	PF17674	HHH domain
JBHJCN010000017.1_44	52657	52884	228	-1	0.588	11	GGAG/GAGG	NA	NA	NA	0	0	0	1	NA	NA	NA	NA	NA
JBHJCN010000017.1_45	53077	54288	1212	1	0.645	11	None	NA	NA	NA	0	0	0	1	NA	NA	NA	NA	NA
JBHJCN010000017.1_46	54246	54722	477	-1	0.662	11	None	NA	NA	NA	0	0	0	1	NA	NA	NA	NA	NA
JBHJCN010000017.1_47	54731	54928	198	-1	0.611	11	AGGAG	GENOMAD.016611.CC	2.234e-05	42	0	0	0	1	NA	NA	NA	PF04024;COG1983;TIGR02978;K03973	Phage shock protein PspC (stress-responsive transcriptional regulator)
JBHJCN010000017.1_48	55042	56118	1077	-1	0.607	11	GGAG/GAGG	NA	NA	NA	0	0	0	1	NA	NA	NA	NA	NA
JBHJCN010000017.1_49	56115	57338	1224	-1	0.672	11	GGA/GAG/AGG	GENOMAD.017651.CC	1.508e-16	85	0	0	0	1	NA	NA	NA	PF09712;TIGR01834;K22881;COG3937	poly(R)-hydroxyalkanoic acid synthase, class III, PhaE subunit
JBHJCN010000017.1_50	57396	58010	615	-1	0.649	11	GGA/GAG/AGG	GENOMAD.120745.CP	4.164e-19	88	0	0	0	1	NA	NA	NA	PF01066;K17103;COG1183;TIGR04217	Phosphatidylserine synthase
JBHJCN010000017.1_51	58143	58901	759	1	0.669	11	GGAG/GAGG	NA	NA	NA	0	0	0	1	NA	NA	NA	NA	NA
JBHJCN010000017.1_52	59260	59748	489	-1	0.650	11	None	NA	NA	NA	0	0	0	1	NA	NA	NA	NA	NA
JBHJCN010000017.1_53	59819	60328	510	-1	0.655	11	AGGA	GENOMAD.006866.CC	4.173e-77	254	0	0	0	1	NA	NA	NA	PF06853;COG3151;K09920	Uncharacterized protein YqiB, DUF1249 family
JBHJCN010000017.1_54	60517	61338	822	-1	0.600	11	GGAG/GAGG	GENOMAD.126338.CP	1.103e-71	244	0	0	0	1	NA	NA	NA	PF03618;K09773;COG1806	Kinase/pyrophosphorylase
JBHJCN010000017.1_55	61481	63859	2379	1	0.628	11	GGAG/GAGG	NA	NA	NA	0	0	0	1	NA	NA	NA	NA	NA
JBHJCN010000017.1_56	63859	64851	993	1	0.628	11	GGA/GAG/AGG	NA	NA	NA	0	0	0	1	NA	NA	NA	NA	NA
JBHJCN010000017.1_57	65073	65657	585	-1	0.624	11	AGGA	NA	NA	NA	0	0	0	1	NA	NA	NA	NA	NA
JBHJCN010000017.1_58	65729	66244	516	-1	0.659	11	GGxGG	NA	NA	NA	0	0	0	1	NA	NA	NA	NA	NA
JBHJCN010000017.1_59	66241	66723	483	-1	0.692	11	None	GENOMAD.130078.CP	4.559e-06	48	0	0	0	1	NA	NA	NA	PF02742;PF12793;K11924;COG1321;TIGR02036	Mn-dependent transcriptional regulator, DtxR family
JBHJCN010000017.1_60	66850	68184	1335	1	0.650	11	None	NA	NA	NA	0	0	0	1	NA	NA	NA	NA	NA
JBHJCN010000017.1_61	68277	68906	630	-1	0.637	11	AGGAG	NA	NA	NA	0	0	0	1	NA	NA	NA	NA	NA
JBHJCN010000017.1_62	68944	69768	825	1	0.617	11	GGAG/GAGG	GENOMAD.159647.PC	1.552e-34	136	0	0	0	1	NA	NA	NA	PF08386	TAP-like protein
JBHJCN010000017.1_63	70073	70231	159	-1	0.660	11	GGA/GAG/AGG	GENOMAD.218600.CV	1.414e-10	56	0	0	0	1	NA	NA	NA	PF07235;TIGR03510;COG4317	XapX domain
JBHJCN010000017.1_64	70228	70458	231	-1	0.662	11	GGA/GAG/AGG	GENOMAD.218600.CV	2.033e-17	77	0	0	0	1	NA	NA	NA	PF07235;TIGR03510;COG4317	XapX domain
JBHJCN010000017.1_65	70463	72091	1629	-1	0.670	11	GGAG/GAGG	GENOMAD.140488.CP	1.409e-15	83	0	0	0	1	NA	NA	NA	K23448;COG2223	Nitrate/nitrite transporter NarK
JBHJCN010000017.1_66	72186	74033	1848	-1	0.647	11	GGA/GAG/AGG	NA	NA	NA	0	0	0	1	NA	NA	NA	NA	NA
JBHJCN010000017.1_67	74147	74530	384	-1	0.659	11	None	GENOMAD.159609.CP	3.097e-10	59	0	0	0	1	NA	NA	NA	COG2259;K15977	Uncharacterized membrane protein YphA, DoxX/SURF4 family
JBHJCN010000017.1_68	74578	75234	657	-1	0.613	11	GGAG/GAGG	NA	NA	NA	0	0	0	1	NA	NA	NA	NA	NA
JBHJCN010000017.1_69	75231	75653	423	-1	0.634	11	None	GENOMAD.167287.CP	2.754e-06	48	0	0	0	1	NA	NA	NA	PF20240;PF12833;COG2207;K13631	AraC-type DNA-binding domain and AraC-containing proteins
JBHJCN010000017.1_70	75964	79263	3300	1	0.692	11	None	GENOMAD.136566.CP	2.301e-05	51	0	0	0	1	NA	NA	NA	PF11849;PF14501;K07682;COG4251;TIGR01924	Bacteriophytochrome (light-regulated signal transduction histidine kinase)
JBHJCN010000017.1_71	79256	79897	642	1	0.679	11	GGAG/GAGG	NA	NA	NA	0	0	0	1	NA	NA	NA	NA	NA
JBHJCN010000017.1_72	80152	81279	1128	1	0.606	11	GGA/GAG/AGG	NA	NA	NA	0	0	0	1	NA	NA	NA	NA	NA
JBHJCN010000017.1_73	81324	81944	621	1	0.655	11	AGGA	NA	NA	NA	0	0	0	1	NA	NA	NA	NA	NA
JBHJCN010000017.1_74	82154	83077	924	-1	0.663	11	None	NA	NA	NA	0	0	0	1	NA	NA	NA	NA	NA
JBHJCN010000017.1_75	83193	84323	1131	1	0.660	11	None	NA	NA	NA	0	0	0	1	NA	NA	NA	NA	NA
JBHJCN010000017.1_76	84506	85405	900	1	0.661	11	GGAGG	GENOMAD.146096.PC	8.92e-20	93	0	0	0	1	NA	NA	NA	PF14525;PF12833;K14063;TIGR02297;COG2207	4-hydroxyphenylacetate catabolism regulatory protein HpaA
JBHJCN010000017.1_77	85538	86719	1182	1	0.644	11	GGAGG	NA	NA	NA	0	0	0	1	NA	NA	NA	NA	NA
JBHJCN010000017.1_78	86729	87037	309	1	0.670	11	AGGA	GENOMAD.141198.CP	1.494e-08	53	0	0	0	1	NA	NA	NA	PF00111;K04755;TIGR02007;COG0633	ferredoxin, 2Fe-2S type, ISC system
JBHJCN010000017.1_79	87060	88280	1221	1	0.681	11	GGA/GAG/AGG	NA	NA	NA	0	0	0	1	NA	NA	NA	NA	NA
JBHJCN010000017.1_80	88437	89327	891	-1	0.660	11	None	NA	NA	NA	0	0	0	1	NA	NA	NA	NA	NA
JBHJCN010000017.1_81	89437	91038	1602	1	0.692	11	GGA/GAG/AGG	GENOMAD.107063.CP	3.799e-51	194	0	0	0	1	NA	NA	NA	PF00361;PF00662;K05577;TIGR01974;COG1009	proton-translocating NADH-quinone oxidoreductase, chain L
JBHJCN010000017.1_82	91066	93447	2382	1	0.687	11	GGA/GAG/AGG	GENOMAD.115145.CP	1.01e-264	830	0	0	0	1	NA	NA	NA	K09822;COG3002	Uncharacterized conserved protein YbcC, UPF0753/DUF2309 family
JBHJCN010000017.1_83	94045	94248	204	1	0.632	11	GGAG/GAGG	NA	NA	NA	0	0	0	1	NA	NA	NA	NA	NA
JBHJCN010000017.1_84	94245	94781	537	1	0.648	11	GGxGG	NA	NA	NA	0	0	0	1	NA	NA	NA	NA	NA
JBHJCN010000017.1_85	94944	95849	906	-1	0.651	11	GGA/GAG/AGG	NA	NA	NA	0	0	0	1	NA	NA	NA	NA	NA
JBHJCN010000017.1_86	95946	96281	336	1	0.577	11	AGGAG	GENOMAD.207255.PC	5.197e-39	141	0	0	0	1	NA	NA	NA	PF07858;COG4538;TIGR02246	Uncharacterized conserved protein, nuclear transport factor 2 (NTF2) superfamily
JBHJCN010000017.1_87	96272	97057	786	1	0.655	11	GGAG/GAGG	NA	NA	NA	0	0	0	1	NA	NA	NA	NA	NA
JBHJCN010000017.1_88	97166	97747	582	1	0.629	11	GGAG/GAGG	NA	NA	NA	0	0	0	1	NA	NA	NA	NA	NA
JBHJCN010000017.1_89	97884	98855	972	1	0.630	11	AGGAG	NA	NA	NA	0	0	0	1	NA	NA	NA	NA	NA
JBHJCN010000017.1_90	99116	99313	198	-1	0.621	11	None	GENOMAD.009592.PP	1.533e-08	51	0	0	0	1	NA	NA	NA	NA	NA
JBHJCN010000017.1_91	99376	100551	1176	-1	0.620	11	GGAG/GAGG	NA	NA	NA	0	0	0	1	NA	NA	NA	NA	NA
JBHJCN010000017.1_92	100533	103160	2628	-1	0.585	11	GGAG/GAGG	NA	NA	NA	0	0	0	1	NA	NA	NA	NA	NA
JBHJCN010000017.1_93	103199	104410	1212	-1	0.640	11	GGAGG	NA	NA	NA	0	0	0	1	NA	NA	NA	NA	NA
JBHJCN010000017.1_94	104403	106457	2055	-1	0.614	11	GGAG/GAGG	NA	NA	NA	0	0	0	1	NA	NA	NA	NA	NA
JBHJCN010000017.1_95	106454	109234	2781	-1	0.580	11	AGGA/GGAG/GAGG	NA	NA	NA	0	0	0	1	NA	NA	NA	NA	NA
JBHJCN010000017.1_96	109293	109493	201	-1	0.562	11	GGA/GAG/AGG	NA	NA	NA	0	0	0	1	NA	NA	NA	NA	NA
JBHJCN010000017.1_97	109799	110137	339	1	0.649	11	GGA/GAG/AGG	GENOMAD.195024.PC	0.0006682	40	0	0	0	1	NA	NA	NA	PF09720;TIGR02574	putative addiction module component, TIGR02574 family
JBHJCN010000017.1_98	110356	110586	231	-1	0.632	11	GGAG/GAGG	GENOMAD.056550.PP	8.973e-33	121	0	0	0	1	NA	NA	NA	PF12703	Toxin of toxin-antitoxin type 1 system
JBHJCN010000017.1_99	110653	112302	1650	-1	0.653	11	AGGAG	GENOMAD.108501.PC	2.418e-10	66	0	1	0	1	NA	NA	NA	PF08808;COG5654;TIGR02783	Uncharacterized conserved protein, contains RES domain
JBHJCN010000017.1_100	112299	112574	276	-1	0.656	11	GGAGG	GENOMAD.029569.PP	2.422e-45	158	0	0	0	1	NA	NA	NA	PF19499;TIGR04359;COG3895	entry exclusion lipoprotein TrbK
JBHJCN010000017.1_101	112592	113245	654	-1	0.622	11	None	GENOMAD.083643.PP	8.933e-66	224	0	1	0	1	NA	T_virB5	NA	PF13605;TIGR02780;COG5314;K20266	P-type conjugative transfer protein TrbJ
JBHJCN010000018.1_1	1	60	60	-1	0.550	11	AGGAG	NA	NA	NA	0	0	0	1	NA	NA	NA	NA	NA
JBHJCN010000018.1_2	57	200	144	-1	0.660	11	GGA/GAG/AGG	NA	NA	NA	0	0	0	1	NA	NA	NA	NA	NA
JBHJCN010000018.1_3	684	1601	918	1	0.675	11	None	NA	NA	NA	0	0	0	1	NA	NA	NA	NA	NA
JBHJCN010000018.1_4	1665	2570	906	1	0.637	11	None	NA	NA	NA	0	0	0	1	NA	NA	NA	NA	NA
JBHJCN010000018.1_5	3133	3918	786	1	0.668	11	None	NA	NA	NA	0	0	0	1	NA	NA	NA	NA	NA
JBHJCN010000018.1_6	4054	4362	309	-1	0.683	11	None	NA	NA	NA	0	0	0	1	NA	NA	NA	NA	NA
JBHJCN010000018.1_7	4370	5236	867	-1	0.687	11	None	NA	NA	NA	0	0	0	1	NA	NA	NA	NA	NA
JBHJCN010000018.1_8	5233	6198	966	-1	0.683	11	None	NA	NA	NA	0	0	0	1	NA	NA	NA	NA	NA
JBHJCN010000018.1_9	6352	7260	909	1	0.690	11	GGAG/GAGG	GENOMAD.142547.CP	4.531e-24	106	0	0	0	1	NA	NA	NA	PF04366;COG2930	Lipid-binding SYLF domain
JBHJCN010000018.1_10	7333	7560	228	1	0.649	11	GGA/GAG/AGG	NA	NA	NA	0	0	0	1	NA	NA	NA	NA	NA
JBHJCN010000018.1_11	7576	8202	627	1	0.670	11	GGAG/GAGG	GENOMAD.134269.CP	1.287e-38	145	0	0	0	1	NA	NA	NA	PF02416;K03117;COG1826	Sec-independent protein translocase protein TatA
JBHJCN010000018.1_12	8199	8936	738	1	0.633	11	AGGAG	NA	NA	NA	0	0	0	1	NA	NA	NA	NA	NA
JBHJCN010000018.1_13	9121	10020	900	-1	0.672	11	GGA/GAG/AGG	GENOMAD.024576.CC	7.135e-126	402	0	0	0	1	NA	NA	NA	COG5473	NA
JBHJCN010000018.1_14	10080	10832	753	-1	0.696	11	GGA/GAG/AGG	GENOMAD.159640.CP	5.787e-10	62	0	0	0	1	NA	NA	NA	PF04204;TIGR01001;K22314;COG0518	Homoserine O-succinyltransferase
JBHJCN010000018.1_15	11803	13104	1302	1	0.649	11	None	NA	NA	NA	0	0	0	1	NA	NA	NA	NA	NA
JBHJCN010000018.1_16	13150	18018	4869	1	0.682	11	None	NA	NA	NA	0	0	0	1	NA	NA	NA	NA	NA
JBHJCN010000018.1_17	18031	19722	1692	1	0.661	11	GGA/GAG/AGG	NA	NA	NA	0	0	0	1	NA	NA	NA	NA	NA
JBHJCN010000018.1_18	20222	22036	1815	-1	0.688	11	GGA/GAG/AGG	GENOMAD.005978.CC	1.591e-07	57	0	0	0	1246	Caudoviricetes	T_virB11	NA	PF00437;PF05810;K07332;TIGR03819;COG4962	helicase/secretion neighborhood ATPase
JBHJCN010000018.1_19	22126	23034	909	1	0.645	11	None	GENOMAD.000187.CC	2.397e-157	493	0	0	0	1	NA	NA	NA	PF02091;COG0752;K01878;TIGR00388	Glycyl-tRNA synthetase, alpha subunit
JBHJCN010000018.1_20	23352	25592	2241	1	0.655	11	GGA/GAG/AGG	GENOMAD.092979.CV	2.231e-75	273	0	0	0	1246	Caudoviricetes	NA	NA	PF02092;COG0751;TIGR00211	Glycyl-tRNA synthetase, beta subunit
JBHJCN010000018.1_21	25592	27199	1608	1	0.662	11	None	NA	NA	NA	0	0	0	1	NA	NA	NA	NA	NA
JBHJCN010000018.1_22	27452	27649	198	-1	0.586	11	GGA/GAG/AGG	NA	NA	NA	0	0	0	1	NA	NA	NA	NA	NA
JBHJCN010000018.1_23	27595	29577	1983	-1	0.610	11	None	NA	NA	NA	0	0	0	1	NA	NA	NA	NA	NA
JBHJCN010000018.1_24	30378	32159	1782	1	0.648	11	None	GENOMAD.115234.CP	1.502e-68	248	0	0	0	1	NA	NA	NA	K07278;COG0729	Outer membrane translocation and assembly module TamA
JBHJCN010000018.1_25	32156	36010	3855	1	0.677	11	None	GENOMAD.097853.CP	1.463e-153	524	0	0	0	1	NA	NA	NA	PF04357;PF05170;PF13502;COG2911;K07289	Autotransporter translocation and assembly factor TamB
JBHJCN010000018.1_26	36281	36709	429	1	0.650	11	GGA/GAG/AGG	GENOMAD.004648.CC	1.453e-16	78	0	0	0	1	NA	NA	NA	PF01220;COG0757;TIGR01088	3-dehydroquinate dehydratase
JBHJCN010000018.1_27	36720	37169	450	1	0.658	11	AGGAG	GENOMAD.136442.CP	1.085e-73	243	0	0	0	1	NA	NA	NA	PF01220;COG0757;TIGR01088	3-dehydroquinate dehydratase
JBHJCN010000018.1_28	37150	37377	228	1	0.675	11	GGAG/GAGG	NA	NA	NA	0	0	0	1	NA	NA	NA	NA	NA
JBHJCN010000018.1_29	37717	39222	1506	-1	0.641	11	GGxGG	NA	NA	NA	0	0	0	1	NA	NA	NA	NA	NA
JBHJCN010000018.1_30	39295	39447	153	-1	0.601	11	AGGA	NA	NA	NA	0	0	0	1	NA	NA	NA	NA	NA
JBHJCN010000018.1_31	40189	40773	585	-1	0.667	11	None	NA	NA	NA	0	0	0	1	NA	NA	NA	NA	NA
JBHJCN010000018.1_32	40931	42313	1383	1	0.636	11	GGA/GAG/AGG	NA	NA	NA	0	0	0	1	NA	NA	NA	NA	NA
JBHJCN010000018.1_33	42316	44715	2400	1	0.658	11	AGGA/GGAG/GAGG	NA	NA	NA	0	0	0	1	NA	NA	NA	NA	NA
JBHJCN010000018.1_34	44810	47452	2643	-1	0.639	11	GGAG/GAGG	GENOMAD.178294.CP	2.792e-138	465	0	0	0	1	NA	NA	NA	PF15979;PF17829;COG3661	Glycosyl hydrolase family 115; Gylcosyl hydrolase family 115 C-terminal domain
JBHJCN010000018.1_35	48181	51633	3453	1	0.671	11	None	GENOMAD.142301.CP	4.006e-115	404	0	0	0	1	NA	NA	NA	PF00474;PF05763;K14392;COG0591	Na+/proline symporter
JBHJCN010000018.1_36	51730	52314	585	-1	0.639	11	GGA/GAG/AGG	NA	NA	NA	0	0	0	1	NA	NA	NA	NA	NA
JBHJCN010000018.1_37	52753	53502	750	-1	0.687	11	GGA/GAG/AGG	GENOMAD.124271.CP	3.042e-17	84	0	0	0	1	NA	NA	NA	PF01614;PF14394;K13641;COG1414;TIGR02431	DNA-binding transcriptional regulator, IclR family
JBHJCN010000018.1_38	53683	54984	1302	1	0.644	11	AGGAG/GGAGG	NA	NA	NA	0	0	0	1	NA	NA	NA	NA	NA
JBHJCN010000018.1_39	54987	55346	360	1	0.664	11	AGGAG	GENOMAD.193983.CP	5.048e-43	153	0	0	0	1	NA	NA	NA	PF05336;COG3254;TIGR02625	L-rhamnose mutarotase
JBHJCN010000018.1_40	55572	56894	1323	-1	0.673	11	AGGA	NA	NA	NA	0	0	0	1	NA	NA	NA	NA	NA
JBHJCN010000018.1_41	57471	58328	858	-1	0.652	11	AGGA	NA	NA	NA	0	0	0	1	NA	NA	NA	NA	NA
JBHJCN010000018.1_42	58498	59268	771	-1	0.664	11	GGA/GAG/AGG	NA	NA	NA	0	0	0	1	NA	NA	NA	NA	NA
JBHJCN010000018.1_43	59265	60137	873	-1	0.700	11	GGA/GAG/AGG	GENOMAD.162496.CP	3.288e-17	85	0	0	0	1	NA	NA	NA	PF04909;K07046;COG3618;TIGR00010	Predicted metal-dependent hydrolase, TIM-barrel fold
JBHJCN010000018.1_44	60134	61144	1011	-1	0.707	11	GGAG/GAGG	NA	NA	NA	0	0	0	1	NA	NA	NA	NA	NA
JBHJCN010000018.1_45	61451	63073	1623	1	0.659	11	None	NA	NA	NA	0	0	0	1	NA	NA	NA	NA	NA
JBHJCN010000018.1_46	63282	63485	204	-1	0.593	11	AGGAG	NA	NA	NA	0	0	0	1	NA	NA	NA	NA	NA
JBHJCN010000018.1_47	63489	64079	591	-1	0.663	11	GGAG/GAGG	NA	NA	NA	0	0	0	1	NA	NA	NA	NA	NA
JBHJCN010000018.1_48	64606	65514	909	1	0.607	11	AGGA	NA	NA	NA	0	0	0	1	NA	NA	NA	NA	NA
JBHJCN010000018.1_49	65804	66472	669	-1	0.658	11	None	NA	NA	NA	0	0	0	1	NA	NA	NA	NA	NA
JBHJCN010000018.1_50	66647	68590	1944	-1	0.645	11	GGAG/GAGG	NA	NA	NA	0	0	0	1	NA	NA	NA	NA	NA
JBHJCN010000018.1_51	68887	70269	1383	1	0.638	11	GGAG/GAGG	GENOMAD.178249.CP	2.806e-89	304	0	0	0	1	NA	NA	NA	COG3203;K16077	Outer membrane protein (porin)
JBHJCN010000018.1_52	70356	70673	318	1	0.585	11	AGGAG	GENOMAD.181410.CP	8.303e-16	74	0	0	0	1	NA	NA	NA	PF04341;COG3162	Uncharacterized membrane protein, DUF485 family
JBHJCN010000018.1_53	70670	72397	1728	1	0.647	11	GGAGG	GENOMAD.119360.CP	5.173e-258	799	0	0	0	1	NA	NA	NA	COG4147	Na+(or H+)/acetate symporter ActP
JBHJCN010000018.1_54	72391	72699	309	-1	0.712	11	GGA/GAG/AGG	NA	NA	NA	0	0	0	1	NA	NA	NA	NA	NA
JBHJCN010000018.1_55	73079	73870	792	1	0.654	11	GGxGG	NA	NA	NA	0	0	0	1	NA	NA	NA	NA	NA
JBHJCN010000018.1_56	73867	74304	438	1	0.628	11	GGAGG	NA	NA	NA	0	0	0	1	NA	NA	NA	NA	NA
JBHJCN010000018.1_57	74366	74617	252	-1	0.619	11	GGAG/GAGG	NA	NA	NA	0	0	0	1	NA	NA	NA	NA	NA
JBHJCN010000018.1_58	74711	75340	630	1	0.686	11	GGA/GAG/AGG	GENOMAD.158577.CP	5.958e-12	67	0	0	0	1	NA	NA	NA	PF01648;COG2091;TIGR00516	Phosphopantetheinyl transferase
JBHJCN010000018.1_59	75357	76928	1572	-1	0.668	11	AGGA	NA	NA	NA	0	0	0	1	NA	NA	NA	NA	NA
JBHJCN010000018.1_60	77100	78728	1629	-1	0.695	11	None	GENOMAD.152489.CP	3.485e-42	167	0	0	0	1	NA	NA	NA	PF19050;K01113;COG3540	Phosphodiesterase/alkaline phosphatase D
JBHJCN010000018.1_61	78952	79590	639	1	0.707	11	None	GENOMAD.089544.CV	1.843e-24	104	1	0	0	1246	Caudoviricetes	NA	NA	PF02527;K03501;TIGR00138;COG0357	16S rRNA (guanine(527)-N(7))-methyltransferase RsmG
JBHJCN010000018.1_62	79863	81710	1848	1	0.665	11	None	GENOMAD.142795.CP	0.0003696	46	0	0	0	1	NA	NA	NA	PF05960;COG4805	Bacterial protein of unknown function (DUF885)
JBHJCN010000018.1_63	82167	82550	384	1	0.698	11	None	NA	NA	NA	0	0	0	1	NA	NA	NA	NA	NA
JBHJCN010000018.1_64	82606	83877	1272	1	0.719	11	GGAG/GAGG	GENOMAD.145263.CP	1.644e-63	227	0	0	0	1	NA	NA	NA	PF02321;K15725;TIGR01845;COG1538	efflux transporter, outer membrane factor (OMF) lipoprotein, NodT family
JBHJCN010000018.1_65	84060	85331	1272	1	0.673	11	AGGA	GENOMAD.118636.CP	3.517e-11	68	0	0	0	1	NA	NA	NF000272	PF12700;K15727;TIGR01730;COG0845	RND family efflux transporter, MFP subunit
JBHJCN010000018.1_66	85881	89093	3213	1	0.669	11	GGAG/GAGG	NA	NA	NA	0	0	0	1	NA	NA	NA	NA	NA
JBHJCN010000018.1_67	89090	89737	648	1	0.691	11	GGAG/GAGG	NA	NA	NA	0	0	0	1	NA	NA	NA	NA	NA
JBHJCN010000018.1_68	89996	90232	237	1	0.599	11	GGAG/GAGG	GENOMAD.101932.CV	1.105e-09	55	0	0	0	1	NA	NA	NA	PF00830;TIGR00009;COG0227	ribosomal protein L28
JBHJCN010000018.1_69	90246	90413	168	1	0.506	11	AGGAG	GENOMAD.118800.CV	1.384e-05	42	0	0	0	1	NA	NA	NA	PF00471;COG0267;TIGR01023	Ribosomal protein L33
JBHJCN010000018.1_70	90715	91737	1023	-1	0.616	11	None	NA	NA	NA	0	0	0	1	NA	NA	NA	NA	NA
JBHJCN010000018.1_71	91966	93021	1056	-1	0.694	11	GGA/GAG/AGG	NA	NA	NA	0	0	0	1	NA	NA	NA	NA	NA
JBHJCN010000018.1_72	93014	93685	672	-1	0.692	11	GGAG/GAGG	NA	NA	NA	0	0	0	1	NA	NA	NA	NA	NA
JBHJCN010000018.1_73	93787	95091	1305	1	0.708	11	None	NA	NA	NA	0	0	0	1	NA	NA	NA	NA	NA
JBHJCN010000018.1_74	95108	96526	1419	1	0.658	11	GGA/GAG/AGG	NA	NA	NA	0	0	0	1	NA	NA	NA	NA	NA
JBHJCN010000018.1_75	96537	96932	396	-1	0.641	11	GGA/GAG/AGG	NA	NA	NA	0	0	0	1	NA	NA	NA	NA	NA
JBHJCN010000018.1_76	97102	98505	1404	1	0.693	11	None	GENOMAD.170187.PC	8.902e-87	297	0	0	0	1	NA	NA	NA	PF13434;COG4529;TIGR00275;K07222	Uncharacterized NAD(P)/FAD-binding protein YdhS
JBHJCN010000018.1_77	98852	101023	2172	1	0.653	11	GGA/GAG/AGG	GENOMAD.009395.VV	0.000455	46	0	0	0	1246	Caudoviricetes	NA	NA	PF00580;TIGR01073;K03656;COG0210	ATP-dependent DNA helicase PcrA
JBHJCN010000018.1_78	101206	101568	363	-1	0.562	11	AGGA	NA	NA	NA	0	0	0	1	NA	NA	NA	NA	NA
JBHJCN010000018.1_79	101880	102461	582	1	0.660	11	GGA/GAG/AGG	NA	NA	NA	0	0	0	1	NA	NA	NA	NA	NA
JBHJCN010000018.1_80	102712	103158	447	1	0.642	11	GGAGG	NA	NA	NA	0	0	0	1	NA	NA	NA	NA	NA
JBHJCN010000018.1_81	103255	103860	606	-1	0.658	11	GGA/GAG/AGG	GENOMAD.161005.PC	9.243e-118	373	0	0	0	1	NA	NA	NA	PF12833;K13632;COG2207	AraC-type DNA-binding domain and AraC-containing proteins
JBHJCN010000018.1_82	104240	104749	510	1	0.641	11	GGAG/GAGG	GENOMAD.166375.PC	4.405e-13	69	0	0	0	1	NA	NA	NA	NA	NA
JBHJCN010000018.1_83	104754	106247	1494	1	0.624	11	AGGAG	GENOMAD.160889.PC	6.418e-39	156	0	0	0	1	NA	NA	NA	PF18945	EvpB/VC_A0108, tail sheath gpW/gp25-like domain
JBHJCN010000018.1_84	106330	106833	504	1	0.611	11	AGGAG	NA	NA	NA	0	0	0	1	NA	NA	NA	NA	NA
JBHJCN010000018.1_85	107037	107831	795	1	0.669	11	AGGA	NA	NA	NA	0	0	0	1	NA	NA	NA	NA	NA
JBHJCN010000018.1_86	107837	108340	504	1	0.653	11	GGA/GAG/AGG	GENOMAD.183209.PC	4.532e-23	98	0	0	0	1	NA	NA	NA	K11897;COG3518;TIGR03357	Predicted component of the type VI protein secretion system
JBHJCN010000018.1_87	108318	110228	1911	1	0.665	11	GGxGG	GENOMAD.166434.PC	1.78e-61	228	0	0	0	1	NA	NA	NA	PF05947;COG3519;K11896;TIGR03359	Type VI protein secretion system component VasA
JBHJCN010000018.1_88	110192	111232	1041	1	0.687	11	GGAG/GAGG	GENOMAD.167831.PC	1.142e-53	195	0	0	0	1	NA	NA	NA	PF06996;COG3520;TIGR03347;K11896	Predicted component of the type VI protein secretion system
JBHJCN010000018.1_89	111289	112092	804	1	0.632	11	AGGA	NA	NA	NA	0	0	0	1	NA	NA	NA	NA	NA
JBHJCN010000019.1_1	2	82	81	1	0.494	11	None	NA	NA	NA	0	0	0	1	NA	NA	NA	NA	NA
JBHJCN010000019.1_2	702	1637	936	1	0.503	11	GGAG/GAGG	NA	NA	NA	0	0	0	1	NA	NA	NA	NA	NA
JBHJCN010000019.1_3	1695	2153	459	1	0.588	11	None	GENOMAD.158969.CP	5.711e-13	68	0	0	0	1	NA	NA	NA	NA	NA
JBHJCN010000019.1_4	2454	2945	492	1	0.543	11	GGA/GAG/AGG	NA	NA	NA	0	0	0	1	NA	NA	NA	NA	NA
JBHJCN010000019.1_5	2942	3085	144	1	0.583	11	GGAG/GAGG	NA	NA	NA	0	0	0	1	NA	NA	NA	NA	NA
JBHJCN010000019.1_6	3286	4020	735	-1	0.652	11	GGAG/GAGG	NA	NA	NA	0	0	0	1	NA	NA	NA	NA	NA
JBHJCN010000019.1_7	4070	5026	957	1	0.642	11	None	GENOMAD.148267.CP	4.268e-07	54	0	0	0	1	NA	NA	NA	PF12833;K12243;TIGR02297;COG2207	4-hydroxyphenylacetate catabolism regulatory protein HpaA
JBHJCN010000019.1_8	5303	6070	768	1	0.664	11	GGAG/GAGG	NA	NA	NA	0	0	0	1	NA	NA	NA	NA	NA
JBHJCN010000019.1_9	6234	6647	414	1	0.556	11	AGGAG	NA	NA	NA	0	0	0	1	NA	NA	NA	NA	NA
JBHJCN010000019.1_10	6706	8202	1497	-1	0.661	11	AGGA	NA	NA	NA	0	0	0	1	NA	NA	NA	NA	NA
JBHJCN010000019.1_11	8505	8816	312	1	0.615	11	None	NA	NA	NA	0	0	0	1	NA	NA	NA	NA	NA
JBHJCN010000019.1_12	9236	9832	597	1	0.605	11	GGAGG	NA	NA	NA	0	0	0	1	NA	NA	NA	NA	NA
JBHJCN010000019.1_13	10173	11759	1587	-1	0.645	11	GGA/GAG/AGG	NA	NA	NA	0	0	0	1	NA	NA	NA	NA	NA
JBHJCN010000019.1_14	12108	12899	792	1	0.614	11	GGA/GAG/AGG	GENOMAD.221086.VP	3.711e-51	184	0	0	0	1246	Caudoviricetes	NA	NA	PF01145;PF13238;TIGR01932;COG0330;K04087	HflC protein
JBHJCN010000019.1_15	13061	14035	975	1	0.626	11	GGAG/GAGG	GENOMAD.152155.CP	2.877e-18	89	0	0	0	1	NA	NA	NA	K07393;COG0435;TIGR01262	Glutathionyl-hydroquinone reductase
JBHJCN010000019.1_16	14108	14503	396	1	0.606	11	GGA/GAG/AGG	NA	NA	NA	0	0	0	1	NA	NA	NA	NA	NA
JBHJCN010000019.1_17	14636	15097	462	-1	0.671	11	GGAG/GAGG	GENOMAD.195933.PC	1.299e-12	67	0	0	0	1	NA	NA	NA	PF13548;COG3918	NA
JBHJCN010000019.1_18	15353	16315	963	-1	0.634	11	AGGAG	GENOMAD.153559.CP	5.828e-93	308	0	0	0	1	NA	NA	NA	PF00756;K07017;COG2819;TIGR02821	Predicted hydrolase of the alpha/beta superfamily
JBHJCN010000019.1_19	16371	16991	621	-1	0.625	11	None	GENOMAD.189906.CP	6.98e-115	365	0	0	0	1	NA	NA	NA	PF05708;COG3863	Permuted papain-like amidase enzyme, YaeF/YiiX, C92 family
JBHJCN010000019.1_20	17220	17357	138	1	0.572	11	GGAG/GAGG	NA	NA	NA	0	0	0	1	NA	NA	NA	NA	NA
JBHJCN010000019.1_21	17358	17555	198	1	0.687	11	GGA/GAG/AGG	GENOMAD.170701.CP	4.419e-06	44	0	0	0	1	NA	NA	NA	PF12823;TIGR03954	integral membrane protein
JBHJCN010000019.1_22	17958	20285	2328	-1	0.644	11	GGAG/GAGG	GENOMAD.124454.CP	2.792e-136	455	0	0	0	1	NA	NA	NA	K01278;COG1770	Protease II
JBHJCN010000019.1_23	20654	22087	1434	1	0.636	11	GGAGG	GENOMAD.141880.PP	7.152e-259	796	0	0	0	1	NA	NA	NA	PF08887;PF08906;COG5620	GAD-like domain
JBHJCN010000019.1_24	22129	23220	1092	-1	0.691	11	GGAG/GAGG	GENOMAD.028689.CC	7.487e-70	243	0	0	0	1	NA	NA	NA	PF07759	NA
JBHJCN010000019.1_25	23725	25599	1875	1	0.677	11	None	NA	NA	NA	0	0	0	1	NA	NA	NA	NA	NA
JBHJCN010000019.1_26	25707	26180	474	1	0.671	11	GGA/GAG/AGG	GENOMAD.159648.PC	3.635e-10	60	0	0	0	1	NA	NA	NA	PF02082;K19587;TIGR02010;COG1959	iron-sulfur cluster assembly transcription factor IscR
JBHJCN010000019.1_27	26283	27182	900	1	0.669	11	AGGAG	NA	NA	NA	0	0	0	1	NA	NA	NA	NA	NA
JBHJCN010000019.1_28	27966	28511	546	-1	0.667	11	GGA/GAG/AGG	NA	NA	NA	0	0	0	1	NA	NA	NA	NA	NA
JBHJCN010000019.1_29	28706	29620	915	-1	0.667	11	GGA/GAG/AGG	GENOMAD.137507.CV	3.791e-49	180	0	0	0	1	NA	NA	NA	PF10672;K06983;COG2521;TIGR00537	Predicted archaeal methyltransferase
JBHJCN010000019.1_30	29786	30661	876	1	0.626	11	GGAG/GAGG	GENOMAD.145601.CP	6.294e-06	50	0	0	0	1	NA	NA	NA	PF16913;K15269;COG2962;TIGR03340	Uncharacterized membrane protein RarD, contains two EamA domains
JBHJCN010000019.1_31	30759	31532	774	-1	0.658	11	GGA/GAG/AGG	NA	NA	NA	0	0	0	1	NA	NA	NA	NA	NA
JBHJCN010000019.1_32	31831	32046	216	1	0.676	11	GGAG/GAGG	NA	NA	NA	0	0	0	1	NA	NA	NA	NA	NA
JBHJCN010000019.1_33	32832	34208	1377	1	0.618	11	None	NA	NA	NA	0	0	0	1	NA	NA	NA	NA	NA
JBHJCN010000019.1_34	34296	35282	987	-1	0.616	11	AGGAG	GENOMAD.076707.PP	3.356e-175	546	0	0	0	1	NA	NA	NA	NA	NA
JBHJCN010000019.1_35	35520	36431	912	1	0.633	11	None	NA	NA	NA	0	0	0	1	NA	NA	NA	NA	NA
JBHJCN010000019.1_36	36770	37465	696	-1	0.642	11	AGGA	GENOMAD.189914.CP	1.642e-06	51	0	0	0	1	NA	NA	NA	PF01987;COG2013;TIGR00266	Uncharacterized conserved protein, AIM24 family
JBHJCN010000019.1_37	37891	39564	1674	-1	0.677	11	GGAG/GAGG	NA	NA	NA	0	0	0	1	NA	NA	NA	NA	NA
JBHJCN010000019.1_38	39837	40505	669	-1	0.694	11	GGAG/GAGG	GENOMAD.142156.CP	1.53e-07	54	0	0	0	1	NA	NA	NA	PF01904;COG1801	Uncharacterized conserved protein YecE, DUF72 family
JBHJCN010000019.1_39	40712	41464	753	1	0.616	11	None	NA	NA	NA	0	0	0	1	NA	NA	NA	NA	NA
JBHJCN010000019.1_40	41930	42964	1035	1	0.678	11	GGA/GAG/AGG	NA	NA	NA	0	0	0	1	NA	NA	NA	NA	NA
JBHJCN010000019.1_41	43002	43931	930	-1	0.661	11	None	NA	NA	NA	0	0	0	1	NA	NA	NA	NA	NA
JBHJCN010000019.1_42	44495	47374	2880	-1	0.667	11	GGAG/GAGG	NA	NA	NA	0	0	0	1	NA	NA	NA	NA	NA
JBHJCN010000019.1_43	47632	50208	2577	1	0.675	11	None	NA	NA	NA	0	0	0	1	NA	NA	NA	NA	NA
JBHJCN010000019.1_44	50786	52990	2205	-1	0.642	11	GGA/GAG/AGG	GENOMAD.146534.CP	0.0002302	47	0	0	0	1	NA	NA	NA	PF00015	Methyl-accepting chemotaxis protein (MCP) signalling domain
JBHJCN010000019.1_45	53239	54669	1431	-1	0.622	11	GGAG/GAGG	NA	NA	NA	0	0	0	1	NA	NA	NA	NA	NA
JBHJCN010000019.1_46	54882	56369	1488	1	0.673	11	GGAG/GAGG	NA	NA	NA	0	0	0	1	NA	NA	NA	NA	NA
JBHJCN010000019.1_47	56607	57587	981	1	0.656	11	GGAGG	NA	NA	NA	0	0	0	1	NA	NA	NA	NA	NA
JBHJCN010000019.1_48	57785	59404	1620	1	0.658	11	GGA/GAG/AGG	NA	NA	NA	0	0	0	1	NA	NA	NA	NA	NA
JBHJCN010000019.1_49	59609	60271	663	-1	0.637	11	AGGAG/GGAGG	NA	NA	NA	0	0	0	1	NA	NA	NA	NA	NA
JBHJCN010000019.1_50	60371	62269	1899	1	0.681	11	None	GENOMAD.178112.CP	1.825e-141	464	0	0	0	1	NA	NA	NA	PF03142;K03669;COG2943;TIGR03030	Membrane glycosyltransferase
JBHJCN010000019.1_51	62423	63088	666	1	0.691	11	GGAG/GAGG	GENOMAD.145670.CP	1.506e-07	54	0	0	0	1	NA	NA	NA	PF02230;COG0400;K06128;TIGR02821	Predicted esterase
JBHJCN010000019.1_52	63093	64142	1050	1	0.694	11	None	NA	NA	NA	0	0	0	1	NA	NA	NA	NA	NA
JBHJCN010000019.1_53	64173	64910	738	1	0.671	11	GGAG/GAGG	NA	NA	NA	0	0	0	1	NA	NA	NA	NA	NA
JBHJCN010000019.1_54	64941	65855	915	1	0.701	11	None	NA	NA	NA	0	0	0	1	NA	NA	NA	NA	NA
JBHJCN010000019.1_55	66045	66845	801	-1	0.648	11	GGA/GAG/AGG	GENOMAD.179248.CP	6.244e-146	458	0	0	0	1	NA	NA	NA	PF04338;K07283;COG3137	Putative salt-induced outer membrane protein YdiY
JBHJCN010000019.1_56	67414	68379	966	1	0.648	11	GGA/GAG/AGG	GENOMAD.145413.CP	1.65e-11	68	0	0	0	1	NA	NA	NA	PF13280;PF19187;K13572;COG2378;TIGR03985	Predicted DNA-binding transcriptional regulator YafY, contains an HTH and WYL domains
JBHJCN010000019.1_57	68537	68815	279	-1	0.613	11	GGA/GAG/AGG	NA	NA	NA	0	0	0	1	NA	NA	NA	NA	NA
JBHJCN010000019.1_58	68903	69244	342	-1	0.658	11	GGAGG	GENOMAD.038006.CC	5.703e-39	141	0	0	0	1	NA	NA	NA	PF19581;K06996;TIGR00068;COG3324	Glyoxalase superfamily protein
JBHJCN010000019.1_59	69277	69846	570	-1	0.637	11	None	NA	NA	NA	0	0	0	1	NA	NA	NA	NA	NA
JBHJCN010000019.1_60	70209	70520	312	1	0.734	11	GGAG/GAGG	NA	NA	NA	0	0	0	1	NA	NA	NA	NA	NA
JBHJCN010000019.1_61	70588	72681	2094	1	0.641	11	GGA/GAG/AGG	NA	NA	NA	0	0	0	1	NA	NA	NA	NA	NA
JBHJCN010000019.1_62	72925	74109	1185	-1	0.651	11	None	NA	NA	NA	0	0	0	1	NA	NA	NA	NA	NA
JBHJCN010000019.1_63	74254	76326	2073	1	0.621	11	None	NA	NA	NA	0	0	0	1	NA	NA	NA	NA	NA
JBHJCN010000019.1_64	76694	77092	399	1	0.677	11	None	NA	NA	NA	0	0	0	1	NA	NA	NA	NA	NA
JBHJCN010000019.1_65	77149	77403	255	1	0.675	11	None	NA	NA	NA	0	0	0	1	NA	NA	NA	NA	NA
JBHJCN010000019.1_66	77393	78247	855	1	0.688	11	None	NA	NA	NA	0	0	0	1	NA	NA	NA	NA	NA
JBHJCN010000019.1_67	78244	78915	672	1	0.644	11	GGAG/GAGG	GENOMAD.002323.CC	7.267e-123	389	0	0	0	1	NA	NA	NA	PF04340;K09921;COG3159	Uncharacterized conserved protein YigA, DUF484 family
JBHJCN010000019.1_68	79096	80013	918	1	0.669	11	GGAG/GAGG	NA	NA	NA	0	0	0	1	NA	NA	NA	NA	NA
JBHJCN010000019.1_69	80210	80761	552	1	0.627	11	GGAGG	GENOMAD.088456.CP	2.03e-66	224	0	0	0	1	NA	NA	NA	PF00227;K01419;TIGR03692;COG5405	ATP-dependent protease HslVU, peptidase subunit
JBHJCN010000019.1_70	80872	82239	1368	1	0.633	11	None	NA	NA	NA	0	0	0	1	NA	NA	NA	NA	NA
JBHJCN010000019.1_71	82441	82896	456	-1	0.636	11	GGAG/GAGG	NA	NA	NA	0	0	0	1	NA	NA	NA	NA	NA
JBHJCN010000019.1_72	82893	83384	492	-1	0.650	11	None	GENOMAD.151641.CP	9.387e-22	94	0	0	0	1	NA	NA	NA	PF00765;K02348;COG2153;TIGR04045	Predicted N-acyltransferase, GNAT family
JBHJCN010000019.1_73	83507	84595	1089	-1	0.669	11	None	GENOMAD.138157.CP	1.546e-39	154	0	0	0	1	NA	NA	NA	PF13437;TIGR02828	HlyD family secretion protein
JBHJCN010000019.1_74	84592	86244	1653	-1	0.672	11	GGA/GAG/AGG	GENOMAD.162124.CP	3.114e-99	337	0	0	0	1	NA	NA	NA	PF06609;K03446;TIGR00711;COG2223	drug resistance transporter, EmrB/QacA subfamily
JBHJCN010000019.1_75	86332	87093	762	1	0.625	11	None	GENOMAD.109687.CP	6.053e-60	209	0	0	0	1	NA	NA	NA	PF06859;TIGR01934;COG4627;K24451	ubiquinone/menaquinone biosynthesis methyltransferases
JBHJCN010000019.1_76	87284	88174	891	1	0.663	11	GGAG/GAGG	NA	NA	NA	0	0	0	1	NA	NA	NA	NA	NA
JBHJCN010000019.1_77	88220	90241	2022	1	0.646	11	GGA/GAG/AGG	GENOMAD.010722.CC	9.491e-27	120	0	0	0	1	NA	NA	NA	PF09127	Leukotriene A4 hydrolase, C-terminal
JBHJCN010000019.1_78	90434	91153	720	1	0.660	11	GGAG/GAGG	NA	NA	NA	0	0	0	1	NA	NA	NA	NA	NA
JBHJCN010000019.1_79	91511	92125	615	1	0.680	11	GGA/GAG/AGG	NA	NA	NA	0	0	0	1	NA	NA	NA	NA	NA
JBHJCN010000019.1_80	92622	93521	900	1	0.526	11	AGGA	NA	NA	NA	0	0	0	1	NA	NA	NA	NA	NA
JBHJCN010000019.1_81	93525	94397	873	1	0.559	11	None	NA	NA	NA	0	0	0	1	NA	NA	NA	NA	NA
JBHJCN010000020.1_1	2	292	291	-1	0.632	11	GGA/GAG/AGG	GENOMAD.204499.VV	3.293e-37	135	0	0	0	2773	Inoviridae	NA	NA	NA	NA
JBHJCN010000020.1_2	417	638	222	-1	0.649	11	AGGAG	NA	NA	NA	0	0	0	1	NA	NA	NA	NA	NA
JBHJCN010000020.1_3	1038	1820	783	-1	0.618	11	GGA/GAG/AGG	NA	NA	NA	0	0	0	1	NA	NA	NA	NA	NA
JBHJCN010000020.1_4	2058	2195	138	1	0.551	11	GGAG/GAGG	NA	NA	NA	0	0	0	1	NA	NA	NA	NA	NA
JBHJCN010000020.1_5	2941	3831	891	-1	0.496	11	GGA/GAG/AGG	NA	NA	NA	0	0	0	1	NA	NA	NA	NA	NA
JBHJCN010000020.1_6	4524	4712	189	-1	0.587	11	GGA/GAG/AGG	GENOMAD.180845.CP	2.981e-08	50	0	0	0	1	NA	NA	NA	PF05532;COG3237	Uncharacterized conserved protein YjbJ, UPF0337 family
JBHJCN010000020.1_7	4949	6118	1170	-1	0.719	11	None	NA	NA	NA	0	0	0	1	NA	NA	NA	NA	NA
JBHJCN010000020.1_8	6422	6862	441	1	0.628	11	GGA/GAG/AGG	GENOMAD.167948.CP	1.099e-21	93	0	0	0	1	NA	NA	NA	PF08327;COG3832;K09386	Activator of Hsp90 ATPase homolog 1-like protein
JBHJCN010000020.1_9	7163	7474	312	-1	0.692	11	None	NA	NA	NA	0	0	0	1	NA	NA	NA	NA	NA
JBHJCN010000020.1_10	7471	8535	1065	-1	0.687	11	GGAGG	GENOMAD.189937.PC	0.0006782	44	0	0	0	1	NA	NA	NA	NA	NA
JBHJCN010000020.1_11	8645	9301	657	-1	0.693	11	GGAG/GAGG	NA	NA	NA	0	0	0	1	NA	NA	NA	NA	NA
JBHJCN010000020.1_12	9559	10011	453	1	0.698	11	GGA/GAG/AGG	NA	NA	NA	0	0	0	1	NA	NA	NA	NA	NA
JBHJCN010000020.1_13	10205	14017	3813	1	0.687	11	GGA/GAG/AGG	GENOMAD.142505.CP	2.114e-51	203	0	0	0	1	NA	NA	NA	PF01435;COG0501	Zn-dependent protease with chaperone function
JBHJCN010000020.1_14	14401	14799	399	1	0.637	11	AGGAG	GENOMAD.189452.CP	2.947e-30	117	0	0	0	1	NA	NA	NA	PF18856;COG5622	Protein required for attachment to host cells
JBHJCN010000020.1_15	14820	15149	330	1	0.636	11	GGAG/GAGG	NA	NA	NA	0	0	0	1	NA	NA	NA	NA	NA
JBHJCN010000020.1_16	15682	17172	1491	1	0.651	11	GGAG/GAGG	NA	NA	NA	0	0	0	1	NA	NA	NA	NA	NA
JBHJCN010000020.1_17	17516	17989	474	-1	0.639	11	None	GENOMAD.172157.CP	9.113e-88	284	0	0	0	1	NA	NA	NA	PF19569;COG2867	START-like superfamily domain
JBHJCN010000020.1_18	18136	18954	819	1	0.678	11	GGA/GAG/AGG	GENOMAD.192568.CP	3.189e-104	338	0	0	0	1	NA	NA	NA	PF12787	EcsC protein family
JBHJCN010000020.1_19	19151	19801	651	1	0.668	11	None	GENOMAD.154704.CP	5.469e-53	187	0	0	0	1	NA	NA	NA	PF06080;TIGR00740;K18534;COG2226	tRNA (cmo5U34)-methyltransferase
JBHJCN010000020.1_20	20061	21842	1782	-1	0.746	11	GGAG/GAGG	GENOMAD.056591.CC	1.703e-15	83	0	0	0	1	NA	NA	NA	PF06283;COG3828	Trehalose utilisation
JBHJCN010000020.1_21	22000	24258	2259	-1	0.739	11	None	GENOMAD.027336.CC	3.043e-45	180	0	0	0	1	NA	NA	NA	NA	NA
JBHJCN010000020.1_22	24255	25454	1200	-1	0.726	11	AGxAGG/AGGxGG	GENOMAD.019425.CC	9.872e-225	693	0	0	0	1	NA	NA	NA	NA	NA
JBHJCN010000020.1_23	25498	26397	900	-1	0.683	11	AGGA/GGAG/GAGG	GENOMAD.132513.CP	1.783e-07	55	0	0	0	1	NA	NA	NA	PF01882;COG1721	Uncharacterized conserved protein, DUF58 family, contains vWF domain
JBHJCN010000020.1_24	26411	27403	993	-1	0.678	11	GGA/GAG/AGG	NA	NA	NA	0	0	0	1	NA	NA	NA	NA	NA
JBHJCN010000020.1_25	27516	28226	711	-1	0.603	11	None	GENOMAD.124497.CP	1.514e-112	360	0	0	0	1	NA	NA	NA	PF13709	NA
JBHJCN010000020.1_26	28331	29665	1335	-1	0.631	11	AGGAG	GENOMAD.064056.CP	1.935e-119	391	0	0	0	1	NA	NA	NA	PF19289;PF01523;COG0312;K03592	Predicted Zn-dependent protease or its inactivated homolog
JBHJCN010000020.1_27	29680	31314	1635	-1	0.647	11	GGAG/GAGG	GENOMAD.074457.CP	1.315e-110	370	0	0	0	1	NA	NA	NA	PF19289;PF01523;K03568;COG0312	Predicted Zn-dependent protease or its inactivated homolog
JBHJCN010000020.1_28	32033	33661	1629	-1	0.646	11	GGAG/GAGG	GENOMAD.074457.CP	1.39e-108	364	0	0	0	1	NA	NA	NA	PF19289;PF01523;K03568;COG0312	Predicted Zn-dependent protease or its inactivated homolog
JBHJCN010000020.1_29	34033	34422	390	-1	0.610	11	GGA/GAG/AGG	NA	NA	NA	0	0	0	1	NA	NA	NA	NA	NA
JBHJCN010000020.1_30	34488	34712	225	-1	0.529	11	None	GENOMAD.171189.CP	2.956e-06	45	0	0	0	1	NA	NA	NA	PF09932;COG5460	Uncharacterized conserved protein, DUF2164 family
JBHJCN010000020.1_31	34860	35102	243	-1	0.617	11	GGAG/GAGG	NA	NA	NA	0	0	0	1	NA	NA	NA	NA	NA
JBHJCN010000020.1_32	35327	35818	492	-1	0.614	11	GGAG/GAGG	GENOMAD.054209.CC	1.4e-52	183	0	0	0	1	NA	NA	NA	TIGR03066	Gemmata obscuriglobus paralogous family TIGR03066
JBHJCN010000020.1_33	36117	37127	1011	-1	0.642	11	GGA/GAG/AGG	NA	NA	NA	0	0	0	1	NA	NA	NA	NA	NA
JBHJCN010000020.1_34	37468	37704	237	-1	0.498	11	AGGAG	NA	NA	NA	0	0	0	1	NA	NA	NA	NA	NA
JBHJCN010000020.1_35	37701	38468	768	-1	0.578	11	None	GENOMAD.214138.CP	7.276e-14	74	0	0	0	1	NA	NA	NA	NA	NA
JBHJCN010000020.1_36	38692	39534	843	-1	0.458	11	AGGA	NA	NA	NA	0	0	0	1	NA	NA	NA	NA	NA
JBHJCN010000020.1_37	39653	40855	1203	-1	0.665	11	GGA/GAG/AGG	GENOMAD.141045.CP	2.265e-09	62	0	0	0	1	NA	NA	NA	PF12897;K00832;COG1448;TIGR03537	Aspartate/tyrosine/aromatic aminotransferase
JBHJCN010000020.1_38	41012	43150	2139	1	0.691	11	GGA/GAG/AGG	GENOMAD.127342.CP	2.897e-16	86	0	0	0	1	NA	NA	NA	PF11854;PF07715;TIGR01776;COG4773;K16090	TonB-dependent lactoferrin and transferrin receptors
JBHJCN010000020.1_39	43261	43557	297	1	0.670	11	None	NA	NA	NA	0	0	0	1	NA	NA	NA	NA	NA
JBHJCN010000020.1_40	43752	44270	519	1	0.659	11	GGAG/GAGG	NA	NA	NA	0	0	0	1	NA	NA	NA	NA	NA
JBHJCN010000020.1_41	44657	46186	1530	1	0.616	11	AGGAG	NA	NA	NA	0	0	0	1	NA	NA	NA	NA	NA
JBHJCN010000020.1_42	46363	46758	396	1	0.621	11	AGGAG	GENOMAD.179052.CP	3.279e-53	183	0	0	0	1	NA	NA	NA	PF05610;K09959;COG3564;TIGR02011	Uncharacterized conserved protein, DUF779 family
JBHJCN010000020.1_43	46861	47040	180	-1	0.694	11	AGGAG	NA	NA	NA	0	0	0	1	NA	NA	NA	NA	NA
JBHJCN010000020.1_44	47191	47589	399	1	0.682	11	GGAG/GAGG	NA	NA	NA	0	0	0	1	NA	NA	NA	NA	NA
JBHJCN010000020.1_45	47589	48548	960	1	0.606	11	GGAG/GAGG	NA	NA	NA	0	0	0	1	NA	NA	NA	NA	NA
JBHJCN010000020.1_46	48686	49852	1167	-1	0.678	11	None	NA	NA	NA	0	0	0	1	NA	NA	NA	NA	NA
JBHJCN010000020.1_47	49992	51506	1515	-1	0.659	11	AGGAG	GENOMAD.148022.CP	1.604e-28	124	0	0	0	1	NA	NA	NA	PF03055;K23363;COG3670	Carotenoid cleavage dioxygenase or a related enzyme
JBHJCN010000020.1_48	51533	51955	423	-1	0.636	11	GGAG/GAGG	GENOMAD.166713.CP	3.919e-22	94	0	0	0	1	NA	NA	NA	PF09912;COG4704	Uncharacterized conserved protein, DUF2141 family
JBHJCN010000020.1_49	52173	52739	567	-1	0.679	11	AGGAG	GENOMAD.169876.CP	8.279e-08	54	0	0	0	1	NA	NA	NA	PF04140;K16168;COG1755;TIGR04571	Uncharacterized protein YpbQ, isoprenylcysteine carboxyl methyltransferase (ICMT) family
JBHJCN010000020.1_50	52896	53999	1104	1	0.682	11	None	GENOMAD.151958.CP	2.411e-06	52	0	0	0	1	NA	NA	NA	PF07730;K11623;COG3920	Two-component sensor histidine kinase, HisKA and HATPase domains
JBHJCN010000020.1_51	53996	54628	633	1	0.687	11	GGA/GAG/AGG	NA	NA	NA	0	0	0	1	NA	NA	NA	NA	NA
JBHJCN010000020.1_52	55228	55626	399	1	0.669	11	GGAG/GAGG	NA	NA	NA	0	0	0	1	NA	NA	NA	NA	NA
JBHJCN010000020.1_53	55865	56464	600	1	0.595	11	GGAG/GAGG	NA	NA	NA	0	0	0	1	NA	NA	NA	NA	NA
JBHJCN010000020.1_54	56599	56997	399	-1	0.589	11	AGGA/GGAG/GAGG	NA	NA	NA	0	0	0	1	NA	NA	NA	NA	NA
JBHJCN010000020.1_55	56994	60341	3348	-1	0.676	11	None	GENOMAD.192015.CP	1.581e-37	157	0	0	0	1	NA	NA	NA	PF17874;PF10137;K09667;TIGR00540;COG3071	MalT-like TPR region; Predicted nucleotide-binding protein containing TIR-like domain
JBHJCN010000020.1_56	60621	61829	1209	1	0.639	11	AGGAG	GENOMAD.159854.CP	2.681e-179	562	0	0	0	1	NA	NA	NA	PF12242;PF07055;PF12241;K00209;COG3007;TIGR01829	Trans-2-enoyl-CoA reductase
JBHJCN010000020.1_57	61996	62283	288	1	0.601	11	None	NA	NA	NA	0	0	0	1	NA	NA	NA	NA	NA
JBHJCN010000020.1_58	62466	63488	1023	-1	0.682	11	GGAG/GAGG	NA	NA	NA	0	0	0	1	NA	NA	NA	NA	NA
JBHJCN010000020.1_59	63775	66555	2781	1	0.647	11	GGAGG	GENOMAD.152082.CP	1.638e-81	296	0	0	0	1	NA	NA	NA	PF00593;PF07715;PF00691;TIGR01782;COG4773;K16089	TonB-dependent receptor
JBHJCN010000020.1_60	66920	70786	3867	1	0.645	11	AGGAG	GENOMAD.219526.VC	0.0	2055	0	0	0	1	NA	NA	NA	NA	NA
JBHJCN010000020.1_61	71324	72169	846	1	0.448	11	AGGA	NA	NA	NA	0	0	0	1	NA	NA	NA	NA	NA
JBHJCN010000020.1_62	72609	75239	2631	1	0.560	11	GGA/GAG/AGG	GENOMAD.167640.PC	4.122e-72	266	0	0	0	1	NA	NA	NA	PF13166;TIGR00606;COG4694;K02045	rad50
JBHJCN010000020.1_63	75634	76023	390	1	0.679	11	AGGAG	NA	NA	NA	0	0	0	1	NA	NA	NA	NA	NA
JBHJCN010000020.1_64	76313	76582	270	1	0.600	11	GGA/GAG/AGG	NA	NA	NA	0	0	0	1	NA	NA	NA	NA	NA
JBHJCN010000020.1_65	76815	77171	357	1	0.546	11	GGAG/GAGG	NA	NA	NA	0	0	0	1	NA	NA	NA	NA	NA
JBHJCN010000020.1_66	77273	77416	144	1	0.569	11	None	NA	NA	NA	0	0	0	1	NA	NA	NA	NA	NA
JBHJCN010000020.1_67	77827	78147	321	1	0.620	11	GGAGG	GENOMAD.003164.PP	0.0001128	42	0	0	0	1	NA	NA	NA	PF07424	TrbM
JBHJCN010000020.1_68	79146	79409	264	-1	0.591	11	GGA/GAG/AGG	NA	NA	NA	0	0	0	1	NA	NA	NA	NA	NA
JBHJCN010000020.1_69	79509	80003	495	-1	0.622	11	AGGAG	NA	NA	NA	0	0	0	1	NA	NA	NA	NA	NA
JBHJCN010000020.1_70	80011	80382	372	-1	0.634	11	None	GENOMAD.180345.CP	7.05e-17	78	0	0	0	1	NA	NA	NA	PF20024;K03712;TIGR04472;COG5631	mobile rSAM pair MarR family regulator
JBHJCN010000021.1_1	378	1193	816	1	0.620	11	GGA/GAG/AGG	NA	NA	NA	0	0	0	1	NA	NA	NA	NA	NA
JBHJCN010000021.1_2	1744	2316	573	1	0.639	11	GGAG/GAGG	GENOMAD.032274.CC	3.696e-80	264	0	0	0	1	NA	NA	NA	PF14315	NA
JBHJCN010000021.1_3	2368	2862	495	1	0.669	11	None	GENOMAD.032274.CC	2.822e-87	283	0	0	0	1	NA	NA	NA	PF14315	NA
JBHJCN010000021.1_4	2925	4532	1608	1	0.635	11	None	NA	NA	NA	0	0	0	1	NA	NA	NA	NA	NA
JBHJCN010000021.1_5	4708	5841	1134	-1	0.645	11	GGAGG	GENOMAD.181208.CP	9.802e-43	164	0	0	0	1	NA	NA	NA	K20962;COG3604;TIGR01817	Transcriptional regulator containing GAF, AAA-type ATPase, and DNA-binding Fis domains
JBHJCN010000021.1_6	6270	6899	630	-1	0.652	11	None	NA	NA	NA	0	0	0	1	NA	NA	NA	NA	NA
JBHJCN010000021.1_7	7105	9081	1977	1	0.634	11	GGA/GAG/AGG	NA	NA	NA	0	0	0	1	NA	NA	NA	NA	NA
JBHJCN010000021.1_8	9352	9888	537	1	0.669	11	GGAG/GAGG	NA	NA	NA	0	0	0	1	NA	NA	NA	NA	NA
JBHJCN010000021.1_9	9970	10347	378	-1	0.688	11	GGA/GAG/AGG	NA	NA	NA	0	0	0	1	NA	NA	NA	NA	NA
JBHJCN010000021.1_10	10476	10976	501	1	0.707	11	None	GENOMAD.190009.CP	1.929e-50	177	0	0	0	1	NA	NA	NA	PF14094	NA
JBHJCN010000021.1_11	11256	11924	669	-1	0.697	11	GGAG/GAGG	NA	NA	NA	0	0	0	1	NA	NA	NA	NA	NA
JBHJCN010000021.1_12	12265	13215	951	1	0.673	11	GGxGG	NA	NA	NA	0	0	0	1	NA	NA	NA	NA	NA
JBHJCN010000021.1_13	13212	13943	732	1	0.701	11	GGAGG	NA	NA	NA	0	0	0	1	NA	NA	NA	NA	NA
JBHJCN010000021.1_14	14351	15871	1521	-1	0.648	11	AGGA	GENOMAD.098617.VV	3.422e-05	49	0	0	0	1246	Caudoviricetes	NA	NA	NA	NA
JBHJCN010000021.1_15	15977	17530	1554	-1	0.621	11	None	NA	NA	NA	0	0	0	1	NA	NA	NA	NA	NA
JBHJCN010000021.1_16	17879	19012	1134	-1	0.637	11	GGAGG	GENOMAD.125907.CP	1.475e-19	94	0	0	0	1	NA	NA	NA	PF14905;PF07715;TIGR01783;COG4771;K19611	TonB-dependent siderophore receptor
JBHJCN010000021.1_17	19329	22367	3039	-1	0.646	11	GGAGG	GENOMAD.125907.CP	1.534e-17	91	0	0	0	1	NA	NA	NA	PF14905;PF07715;TIGR01783;COG4771;K19611	TonB-dependent siderophore receptor
JBHJCN010000021.1_18	22535	23587	1053	-1	0.701	11	AGGA/GGAG/GAGG	GENOMAD.137637.CP	4.501e-06	51	0	0	0	1	NA	NA	NA	PF00532;TIGR01481;COG1609;K02529	catabolite control protein A
JBHJCN010000021.1_19	23999	24970	972	1	0.703	11	GGA/GAG/AGG	NA	NA	NA	0	0	0	1	NA	NA	NA	NA	NA
JBHJCN010000021.1_20	24970	27636	2667	1	0.667	11	None	GENOMAD.112786.CP	2.414e-205	662	0	0	0	1	NA	NA	NA	PF19277;PF01553;K00631;TIGR03703;COG2937	glycerol-3-phosphate O-acyltransferase
JBHJCN010000021.1_21	27976	28956	981	1	0.682	11	AGGAG	NA	NA	NA	0	0	0	1	NA	NA	NA	NA	NA
JBHJCN010000021.1_22	29586	29804	219	-1	0.630	11	None	GENOMAD.007320.CC	4.225e-09	53	0	0	0	1	NA	NA	NA	PF04325;COG5481	Uncharacterized conserved protein YdcH, DUF465 family
JBHJCN010000021.1_23	29942	30514	573	1	0.646	11	AGGAG	NA	NA	NA	0	0	0	1	NA	NA	NA	NA	NA
JBHJCN010000021.1_24	30678	30977	300	1	0.617	11	GGAG/GAGG	NA	NA	NA	0	0	0	1	NA	NA	NA	NA	NA
JBHJCN010000021.1_25	31191	31544	354	1	0.562	11	GGA/GAG/AGG	GENOMAD.053075.CC	1.358e-15	74	0	0	0	1	NA	NA	NA	PF06877;COG3076;K09893	Regulator of RNase E activity RraB
JBHJCN010000021.1_26	31603	32136	534	-1	0.646	11	GGA/GAG/AGG	NA	NA	NA	0	0	0	1	NA	NA	NA	NA	NA
JBHJCN010000021.1_27	32475	33509	1035	-1	0.643	11	GGA/GAG/AGG	GENOMAD.151274.CP	2.48e-30	126	0	0	0	1246	Caudoviricetes	NA	NA	K15921;COG3940	Beta-xylosidase, GH43 family
JBHJCN010000021.1_28	33542	35029	1488	-1	0.613	11	None	NA	NA	NA	0	0	0	1	NA	NA	NA	NA	NA
JBHJCN010000021.1_29	35128	38061	2934	-1	0.642	11	GGA/GAG/AGG	GENOMAD.152082.CP	7.969e-56	216	0	0	0	1	NA	NA	NA	PF00593;PF07715;PF00691;TIGR01782;COG4773;K16089	TonB-dependent receptor
JBHJCN010000021.1_30	38522	39835	1314	1	0.654	11	GGA/GAG/AGG	GENOMAD.133797.CP	3.781e-11	68	0	0	0	1	NA	NA	NF012174	PF00083;TIGR00892;K08194;COG2223	monocarboxylate transporter 1
JBHJCN010000021.1_31	39845	40837	993	1	0.638	11	GGAG/GAGG	NA	NA	NA	0	0	0	1	NA	NA	NA	NA	NA
JBHJCN010000021.1_32	41315	42292	978	1	0.625	11	GGAG/GAGG	NA	NA	NA	0	0	0	1	NA	NA	NA	NA	NA
JBHJCN010000021.1_33	42333	43751	1419	1	0.656	11	None	GENOMAD.160785.CP	3.765e-114	377	0	0	0	1	NA	NA	NA	NA	NA
JBHJCN010000021.1_34	43836	46607	2772	1	0.658	11	AGGA/GGAG/GAGG	GENOMAD.146053.CP	1.589e-11	71	0	0	0	1	NA	NA	NA	PF18368;PF02836;PF02837;PF17786;K15855;COG3250	Beta-galactosidase/beta-glucuronidase
JBHJCN010000021.1_35	46655	47839	1185	1	0.623	11	GGA/GAG/AGG	NA	NA	NA	0	0	0	1	NA	NA	NA	NA	NA
JBHJCN010000021.1_36	48051	49088	1038	1	0.651	11	AGGA	NA	NA	NA	0	0	0	1	NA	NA	NA	NA	NA
JBHJCN010000021.1_37	49598	50044	447	1	0.682	11	None	GENOMAD.167547.CP	2.609e-11	63	0	0	0	1	NA	NA	NA	COG4731	Uncharacterized conserved protein, DUF2147 family
JBHJCN010000021.1_38	50127	51044	918	1	0.651	11	GGA/GAG/AGG	NA	NA	NA	0	0	0	1	NA	NA	NA	NA	NA
JBHJCN010000021.1_39	51044	52690	1647	1	0.689	11	None	NA	NA	NA	0	0	0	1	NA	NA	NA	NA	NA
JBHJCN010000021.1_40	52677	53357	681	1	0.696	11	GGAGG	NA	NA	NA	0	0	0	1	NA	NA	NA	NA	NA
JBHJCN010000021.1_41	53354	54817	1464	1	0.676	11	None	GENOMAD.117114.CP	4.68e-07	55	0	0	0	1	NA	NA	NA	PF00202;TIGR00713;K21585;COG0001	glutamate-1-semialdehyde-2,1-aminomutase
JBHJCN010000021.1_42	54822	55463	642	1	0.720	11	None	GENOMAD.028140.CC	6.297e-94	305	0	0	0	1	NA	NA	NA	PF00596;COG0235;TIGR00760;K01628	Ribulose-5-phosphate 4-epimerase/Fuculose-1-phosphate aldolase
JBHJCN010000021.1_43	55473	56681	1209	1	0.716	11	GGAG/GAGG	GENOMAD.207198.PC	3.646e-47	178	0	0	0	1	NA	NA	NA	PF05977;TIGR00902;COG2223;K18567	phenyl proprionate permease family protein
JBHJCN010000021.1_44	56784	58220	1437	1	0.705	11	GGA/GAG/AGG	NA	NA	NA	0	0	0	1	NA	NA	NA	NA	NA
JBHJCN010000021.1_45	58432	59178	747	1	0.671	11	AGGA/GGAG/GAGG	GENOMAD.133737.CP	4.227e-06	50	0	0	0	1	NA	NA	NA	PF13022;TIGR03384;COG3226;K16138	transcriptional repressor BetI
JBHJCN010000021.1_46	59311	60333	1023	-1	0.695	11	AGGA	NA	NA	NA	0	0	0	1	NA	NA	NA	NA	NA
JBHJCN010000021.1_47	60629	61546	918	1	0.631	11	AGGAG	GENOMAD.171283.VV	2.242e-22	101	0	0	0	1246	Caudoviricetes	NA	NA	NA	NA
JBHJCN010000021.1_48	62033	62452	420	1	0.579	11	AGGA	GENOMAD.213831.PC	7.534e-40	145	0	0	0	1	NA	NA	NA	NA	NA
JBHJCN010000021.1_49	62561	62950	390	1	0.621	11	GGAGG	GENOMAD.167957.PC	4.127e-66	220	0	0	0	1	NA	NA	NF000005	PF19581;COG3324;TIGR03645;K08234	Predicted enzyme related to lactoylglutathione lyase
JBHJCN010000021.1_50	63032	64504	1473	-1	0.666	11	GGA/GAG/AGG	NA	NA	NA	0	0	0	1	NA	NA	NA	NA	NA
JBHJCN010000021.1_51	64653	67361	2709	-1	0.678	11	AGGA	NA	NA	NA	0	0	0	1	NA	NA	NA	NA	NA
JBHJCN010000021.1_52	67364	69058	1695	-1	0.657	11	GGA/GAG/AGG	GENOMAD.137986.CP	0.000163	47	0	0	0	1	NA	NA	NA	PF03664;PF04616;COG3507;K15921	Beta-xylosidase
JBHJCN010000021.1_53	69058	70317	1260	-1	0.656	11	GGA/GAG/AGG	NA	NA	NA	0	0	0	1	NA	NA	NA	NA	NA
JBHJCN010000021.1_54	70329	72293	1965	-1	0.682	11	GGA/GAG/AGG	GENOMAD.145791.CP	3.282e-101	347	0	0	0	1	NA	NA	NA	PF13364;K05970	Beta-galactosidase jelly roll domain
JBHJCN010000021.1_55	72290	74485	2196	-1	0.649	11	GGA/GAG/AGG	GENOMAD.181541.CP	5.415e-19	95	0	0	0	1	NA	NA	NA	PF03648;K01235;COG3661	Alpha-glucuronidase
JBHJCN010000021.1_56	74662	75735	1074	1	0.664	11	GGAG/GAGG	NA	NA	NA	0	0	0	1	NA	NA	NA	NA	NA
JBHJCN010000022.1_1	81	347	267	-1	0.573	11	GGAG/GAGG	NA	NA	NA	0	0	0	1	NA	NA	NA	NA	NA
JBHJCN010000022.1_2	487	2757	2271	-1	0.528	11	None	NA	NA	NA	0	0	0	1	NA	NA	NA	NA	NA
JBHJCN010000022.1_3	3061	4023	963	1	0.629	11	GGAG/GAGG	NA	NA	NA	0	0	0	1	NA	NA	NA	NA	NA
JBHJCN010000022.1_4	4250	6073	1824	-1	0.642	11	GGAG/GAGG	GENOMAD.181251.PC	1.515e-18	93	0	0	0	1	NA	NA	NA	PF00263;PF03958;K22504;TIGR02516;COG1450	type III secretion outer membrane pore, YscC/HrcC family
JBHJCN010000022.1_5	6155	6985	831	-1	0.616	11	GGxGG	GENOMAD.171038.PC	1.095e-14	77	0	0	0	1	NA	NA	NA	PF01311;COG1684;TIGR01400;K22509	Flagellar biosynthesis protein FliR
JBHJCN010000022.1_6	6982	7491	510	-1	0.661	11	None	NA	NA	NA	0	0	0	1	NA	NA	NA	NA	NA
JBHJCN010000022.1_7	7484	8812	1329	-1	0.668	11	AGGAG	NA	NA	NA	0	0	0	1	NA	NA	NA	NA	NA
JBHJCN010000022.1_8	8802	9503	702	-1	0.698	11	GGAGG	NA	NA	NA	0	0	0	1	NA	NA	NA	NA	NA
JBHJCN010000022.1_9	9488	10117	630	-1	0.673	11	GGA/GAG/AGG	NA	NA	NA	0	0	0	1	NA	NA	NA	NA	NA
JBHJCN010000022.1_10	10125	10886	762	-1	0.635	11	None	GENOMAD.167309.PC	7.915e-35	136	0	0	0	1	NA	NA	NA	PF01514;K03222;COG4669;TIGR02544	Type III secretory pathway, lipoprotein EscJ
JBHJCN010000022.1_11	10888	11280	393	-1	0.618	11	AGGAG	NA	NA	NA	0	0	0	1	NA	NA	NA	NA	NA
JBHJCN010000022.1_12	11314	11769	456	-1	0.632	11	GGAG/GAGG	GENOMAD.216464.PC	4.912e-50	175	0	0	0	1	NA	NA	NA	PF09613;K18373;TIGR02561	type III secretion protein HrpB1/HrpK
JBHJCN010000022.1_13	11984	13057	1074	1	0.612	11	AGGAG	NA	NA	NA	0	0	0	1	NA	NA	NA	NA	NA
JBHJCN010000022.1_14	13051	14988	1938	1	0.622	11	GGAG/GAGG	NA	NA	NA	0	0	0	1	NA	NA	NA	NA	NA
JBHJCN010000022.1_15	14988	15626	639	1	0.657	11	GGxGG	NA	NA	NA	0	0	0	1	NA	NA	NA	NA	NA
JBHJCN010000022.1_16	15668	16672	1005	1	0.659	11	GGAGG	GENOMAD.197924.PC	1.148e-181	565	0	0	0	1	NA	NA	NA	PF06622;K03225;TIGR02480	SepQ protein
JBHJCN010000022.1_17	16659	17303	645	1	0.597	11	GGAG/GAGG	NA	NA	NA	0	0	0	1	NA	NA	NA	NA	NA
JBHJCN010000022.1_18	17308	17568	261	1	0.636	11	None	NA	NA	NA	0	0	0	1	NA	NA	NA	NA	NA
JBHJCN010000022.1_19	17565	18392	828	1	0.651	11	GGA/GAG/AGG	NA	NA	NA	0	0	0	1	NA	NA	NA	NA	NA
JBHJCN010000022.1_20	18389	19327	939	1	0.633	11	AGGAG	NA	NA	NA	0	0	0	1	NA	NA	NA	NA	NA
JBHJCN010000022.1_21	19339	19581	243	1	0.601	11	GGA/GAG/AGG	NA	NA	NA	0	0	0	1	NA	NA	NA	NA	NA
JBHJCN010000022.1_22	19662	19943	282	1	0.532	11	AGGAG	NA	NA	NA	0	0	0	1	NA	NA	NA	NA	NA
JBHJCN010000022.1_23	20034	20468	435	1	0.586	11	None	GENOMAD.088856.PP	2.263e-63	213	0	0	0	1	NA	NA	NA	PF07824;K18380;TIGR02513	Type III secretion chaperone domain
JBHJCN010000022.1_24	21088	22890	1803	-1	0.654	11	GGAG/GAGG	NA	NA	NA	0	0	0	1	NA	NA	NA	NA	NA
JBHJCN010000022.1_25	23103	23558	456	-1	0.634	11	GGAG/GAGG	NA	NA	NA	0	0	0	1	NA	NA	NA	NA	NA
JBHJCN010000022.1_26	24431	26827	2397	1	0.601	11	GGAG/GAGG	GENOMAD.058049.PP	2.408e-167	547	0	0	0	1	NA	NA	NA	PF05819;K18376	NolX protein
JBHJCN010000022.1_27	27683	29326	1644	1	0.635	11	None	NA	NA	NA	0	0	0	1	NA	NA	NA	NA	NA
JBHJCN010000022.1_28	30280	31185	906	1	0.680	11	None	GENOMAD.111079.CP	8.171e-32	129	0	0	0	1	NA	NA	NA	PF01040;K06125;COG0382;TIGR01474	4-hydroxybenzoate polyprenyltransferase
JBHJCN010000022.1_29	31552	32277	726	-1	0.694	11	None	GENOMAD.049531.CC	5.355e-12	68	0	0	0	1	NA	NA	NA	PF15610;TIGR00201;COG1040;K02242	comF family protein
JBHJCN010000022.1_30	32327	33361	1035	1	0.672	11	AGGA	NA	NA	NA	0	0	0	1	NA	NA	NA	NA	NA
JBHJCN010000022.1_31	33453	34658	1206	1	0.676	11	None	NA	NA	NA	0	0	0	1	NA	NA	NA	NA	NA
JBHJCN010000022.1_32	34850	35224	375	1	0.683	11	None	NA	NA	NA	0	0	0	1	NA	NA	NA	NA	NA
JBHJCN010000022.1_33	35325	36086	762	1	0.685	11	None	NA	NA	NA	0	0	0	1	NA	NA	NA	NA	NA
JBHJCN010000022.1_34	36132	36914	783	1	0.696	11	GGAG/GAGG	NA	NA	NA	0	0	0	1	NA	NA	NA	NA	NA
JBHJCN010000022.1_35	36978	37862	885	1	0.696	11	None	GENOMAD.114626.CP	2.719e-35	139	0	0	0	1	NA	NA	NA	PF03492;K18162;TIGR02072;COG4627	malonyl-acyl carrier protein O-methyltransferase BioC
JBHJCN010000022.1_36	38019	39017	999	1	0.637	11	None	NA	NA	NA	0	0	0	1	NA	NA	NA	NA	NA
JBHJCN010000022.1_37	39119	39538	420	-1	0.626	11	GGA/GAG/AGG	GENOMAD.160272.CP	4.747e-53	183	0	0	0	1	NA	NA	NA	PF20409;TIGR02096;COG5485;K06893	conserved hypothetical protein, steroid delta-isomerase-related
JBHJCN010000022.1_38	39582	40133	552	-1	0.672	11	GGxGG	GENOMAD.219645.CP	1.606e-07	53	0	0	0	1	NA	NA	NA	PF02698;COG2949;K03748	Uncharacterized periplasmic protein SanA, affects membrane permeability for vancomycin
JBHJCN010000022.1_39	40184	41143	960	-1	0.702	11	None	NA	NA	NA	0	0	0	1	NA	NA	NA	NA	NA
JBHJCN010000022.1_40	41301	41783	483	1	0.673	11	AGGAG	NA	NA	NA	0	0	0	1	NA	NA	NA	NA	NA
JBHJCN010000022.1_41	42354	44258	1905	1	0.677	11	None	GENOMAD.074473.CV	8.319e-226	709	0	0	0	1246	Caudoviricetes	NA	NA	PF13932;PF01134;K03495;TIGR00136;COG0445	glucose-inhibited division protein A
JBHJCN010000022.1_42	44467	45177	711	1	0.588	11	None	GENOMAD.178382.CP	4.766e-34	133	0	0	0	1	NA	NA	NA	PF10677	Oligogalacturonate-specific porin protein (KdgM)
JBHJCN010000022.1_43	45476	46444	969	-1	0.683	11	GGAG/GAGG	NA	NA	NA	0	0	0	1	NA	NA	NA	NA	NA
JBHJCN010000022.1_44	46699	47559	861	-1	0.647	11	None	GENOMAD.082010.CP	4.012e-38	147	1	0	0	1	NA	NA	NA	PF01163;COG1718;TIGR02172;K08799	RIO1 family
JBHJCN010000022.1_45	47708	48568	861	1	0.698	11	None	GENOMAD.123845.CP	2.75e-14	76	0	0	0	1	NA	NA	NA	PF01614;PF20024;K10973;COG1414;TIGR02431	DNA-binding transcriptional regulator, IclR family
JBHJCN010000022.1_46	48929	49855	927	-1	0.703	11	GGAG/GAGG	GENOMAD.178547.CP	1.709e-181	563	0	0	0	1	NA	NA	NA	PF02273;TIGR01607;COG1647;K01054	Plasmodium subtelomeric family (PST-A)
JBHJCN010000022.1_47	50036	50449	414	-1	0.659	11	AGGA	NA	NA	NA	0	0	0	1	NA	NA	NA	NA	NA
JBHJCN010000022.1_48	50476	51258	783	-1	0.686	11	None	NA	NA	NA	0	0	0	1	NA	NA	NA	NA	NA
JBHJCN010000022.1_49	51269	52621	1353	-1	0.708	11	GGA/GAG/AGG	NA	NA	NA	0	0	0	1	NA	NA	NA	NA	NA
JBHJCN010000022.1_50	52979	53542	564	-1	0.679	11	GGAG/GAGG	GENOMAD.170300.PC	1.154e-39	147	0	0	0	1	NA	NA	NA	PF00775;K00448;TIGR02423;COG3485	protocatechuate 3,4-dioxygenase, alpha subunit
JBHJCN010000022.1_51	53547	54281	735	-1	0.663	11	GGAG/GAGG	GENOMAD.170300.PC	9.215e-07	52	0	0	0	1	NA	NA	NA	PF00775;K00448;TIGR02423;COG3485	protocatechuate 3,4-dioxygenase, alpha subunit
JBHJCN010000022.1_52	54360	55568	1209	-1	0.694	11	GGAG/GAGG	NA	NA	NA	0	0	0	1	NA	NA	NA	NA	NA
JBHJCN010000022.1_53	55565	56353	789	-1	0.687	11	AGxAGG/AGGxGG	GENOMAD.160445.CP	5.367e-56	198	0	0	0	1	NA	NA	NA	PF13336;K01040;COG2057;TIGR02428	Acyl CoA:acetate/3-ketoacid CoA transferase, beta subunit
JBHJCN010000022.1_54	56350	57213	864	-1	0.646	11	GGA/GAG/AGG	GENOMAD.159319.CP	1.204e-157	493	0	0	0	1	NA	NA	NA	PF01144;K01039;COG4670;TIGR02429	Acyl CoA:acetate/3-ketoacid CoA transferase
JBHJCN010000022.1_55	57465	58541	1077	1	0.650	11	AGGAG	GENOMAD.178979.PC	5.781e-59	211	0	0	0	1	NA	NA	NA	PF19112	Vanillate O-demethylase oxygenase C-terminal domain
JBHJCN010000022.1_56	58642	59625	984	1	0.673	11	GGAG/GAGG	NA	NA	NA	0	0	0	1	NA	NA	NA	NA	NA
JBHJCN010000022.1_57	59968	60795	828	1	0.665	11	None	NA	NA	NA	0	0	0	1	NA	NA	NA	NA	NA
JBHJCN010000022.1_58	61019	62497	1479	1	0.679	11	GGAGG	NA	NA	NA	0	0	0	1	NA	NA	NA	NA	NA
JBHJCN010000023.1_1	391	3591	3201	-1	0.650	11	GGA/GAG/AGG	GENOMAD.138336.CP	3.595e-14	80	0	0	0	1	NA	NA	NA	PF00171;COG1012;TIGR02288;K06447	Acyl-CoA reductase or other NAD-dependent aldehyde dehydrogenase
JBHJCN010000023.1_2	3794	4333	540	1	0.630	11	GGA/GAG/AGG	GENOMAD.132183.CP	3.396e-32	125	0	0	0	1	NA	NA	NA	PF10003;COG5488	Integral membrane protein (DUF2244)
JBHJCN010000023.1_3	4350	5309	960	1	0.651	11	GGA/GAG/AGG	NA	NA	NA	0	0	0	1	NA	NA	NA	NA	NA
JBHJCN010000023.1_4	5348	6952	1605	1	0.617	11	GGAG/GAGG	NA	NA	NA	0	0	0	1	NA	NA	NA	NA	NA
JBHJCN010000023.1_5	6933	7106	174	1	0.655	11	GGAG/GAGG	NA	NA	NA	0	0	0	1	NA	NA	NA	NA	NA
JBHJCN010000023.1_6	7103	7699	597	1	0.650	11	GGAG/GAGG	GENOMAD.134250.CP	1.991e-47	170	0	0	0	1	NA	NA	NA	PF04442;COG3175	Cytochrome c oxidase assembly protein Cox11
JBHJCN010000023.1_7	7738	8613	876	1	0.613	11	GGA/GAG/AGG	NA	NA	NA	0	0	0	1	NA	NA	NA	NA	NA
JBHJCN010000023.1_8	8707	8925	219	-1	0.603	11	None	GENOMAD.152014.CP	3.874e-24	96	0	0	0	1	NA	NA	NA	PF11137	NA
JBHJCN010000023.1_9	8986	9708	723	1	0.675	11	None	GENOMAD.158628.CP	1.154e-16	82	0	0	0	1	NA	NA	NA	PF02104;COG3346;K14998	Cytochrome oxidase assembly protein ShyY1
JBHJCN010000023.1_10	9736	10311	576	1	0.689	11	GGA/GAG/AGG	GENOMAD.145419.CP	2.09e-95	308	0	0	0	1	NA	NA	NA	PF08534;COG1999;TIGR00385	Cytochrome oxidase Cu insertion factor, SCO1/SenC/PrrC family
JBHJCN010000023.1_11	10322	11485	1164	1	0.673	11	GGA/GAG/AGG	GENOMAD.123310.CP	4.587e-66	233	0	0	0	1	NA	NA	NA	PF02628;K02259;COG1612	Heme A synthase
JBHJCN010000023.1_12	11488	12384	897	1	0.637	11	GGAG/GAGG	GENOMAD.105978.CP	4.096e-25	109	0	0	0	1	NA	NA	NA	PF01040;K02257;COG0382;TIGR01473	4-hydroxybenzoate polyprenyltransferase
JBHJCN010000023.1_13	12620	14200	1581	-1	0.671	11	None	GENOMAD.142879.CP	7.669e-09	61	0	0	0	1	NA	NA	NA	PF03190;PF10345;COG3118;TIGR02738;K03672	Negative regulator of GroEL, contains thioredoxin-like and TPR-like domains
JBHJCN010000023.1_14	14371	15372	1002	-1	0.647	11	GGA/GAG/AGG	GENOMAD.158122.CP	2.026e-139	443	0	0	0	1	NA	NA	NA	COG0798	Arsenite efflux pump ArsB, ACR3 family
JBHJCN010000023.1_15	15527	17275	1749	-1	0.654	11	GGA/GAG/AGG	GENOMAD.129043.CV	9.666e-17	87	0	0	0	1	NA	NA	NA	PF08278	DNA primase DnaG DnaB-binding
JBHJCN010000023.1_16	17357	18319	963	-1	0.650	11	AGGA/GGAG/GAGG	GENOMAD.132982.CP	2.127e-14	77	0	0	0	1	NA	NA	NA	PF03631;COG1295;K07058;TIGR00766	Uncharacterized membrane protein, BrkB/YihY/UPF0761 family (not an RNase)
JBHJCN010000023.1_17	18885	19331	447	-1	0.649	11	AGGAG	NA	NA	NA	0	0	0	1	NA	NA	NA	NA	NA
JBHJCN010000023.1_18	19595	19810	216	-1	0.616	11	GGAG/GAGG	GENOMAD.137902.VC	1.021e-07	49	0	0	0	1	NA	NA	NA	PF01165;COG0828;TIGR00030	Ribosomal protein S21
JBHJCN010000023.1_19	20089	21150	1062	1	0.702	11	GGA/GAG/AGG	GENOMAD.089091.CV	1.094e-06	53	0	0	0	1246	Caudoviricetes	NA	NA	PF00814;TIGR03725;COG1214;K14742	tRNA threonylcarbamoyl adenosine modification protein YeaZ
JBHJCN010000023.1_20	21235	21591	357	1	0.613	11	None	GENOMAD.124431.CP	1.753e-21	91	0	0	0	1	NA	NA	NA	PF02152;COG1539;TIGR00526;K01633	Dihydroneopterin aldolase
JBHJCN010000023.1_21	21820	23991	2172	1	0.662	11	GGA/GAG/AGG	GENOMAD.121860.CP	1.85e-10	67	0	0	0	1	NA	NA	NA	PF00933;K01207;COG1472	Periplasmic beta-glucosidase and related glycosidases
JBHJCN010000023.1_22	24161	25339	1179	-1	0.649	11	AGGAG	NA	NA	NA	0	0	0	1	NA	NA	NA	NA	NA
JBHJCN010000023.1_23	25522	25956	435	1	0.568	11	AGGAG	GENOMAD.018404.CC	1.205e-53	185	0	0	0	1	NA	NA	NA	PF05360;COG4682	Uncharacterized membrane protein YiaA
JBHJCN010000023.1_24	26011	26343	333	-1	0.595	11	GGAG/GAGG	GENOMAD.215480.PC	9.004e-49	169	0	0	0	1	NA	NA	NA	NA	NA
JBHJCN010000023.1_25	26518	27015	498	-1	0.685	11	GGAG/GAGG	GENOMAD.154126.CP	1.754e-59	203	0	0	0	1	NA	NA	NA	PF11821;COG4803	Alternative complex III, ActD subunit
JBHJCN010000023.1_26	27216	28532	1317	-1	0.658	11	GGAG/GAGG	GENOMAD.153517.CP	0.0004656	45	0	0	0	1	NA	NA	NA	K14052;COG0833	Amino acid permease
JBHJCN010000023.1_27	28529	29305	777	-1	0.667	11	GGAG/GAGG	GENOMAD.169591.CP	2.18e-45	167	0	0	0	1	NA	NA	NA	COG3786	L,D-peptidoglycan transpeptidase YkuD, ErfK/YbiS/YcfS/YnhG family
JBHJCN010000023.1_28	29565	30662	1098	-1	0.646	11	None	NA	NA	NA	0	0	0	1	NA	NA	NA	NA	NA
JBHJCN010000023.1_29	30659	32071	1413	-1	0.653	11	GGA/GAG/AGG	GENOMAD.178675.CP	1.363e-116	384	0	0	0	1	NA	NA	NA	PF12913;PF12671;K20742;TIGR02219	SH3 domain (SH3b1 type); Putative amidase domain
JBHJCN010000023.1_30	32444	33250	807	1	0.669	11	AGGAG	GENOMAD.153557.VC	1.074e-05	49	0	0	0	1246	Caudoviricetes	NA	NA	PF01510;K11066;COG3023	N-acetyl-anhydromuramyl-L-alanine amidase AmpD
JBHJCN010000023.1_31	33342	34088	747	1	0.647	11	GGA/GAG/AGG	NA	NA	NA	0	0	0	1	NA	NA	NA	NA	NA
JBHJCN010000023.1_32	34374	34571	198	1	0.626	11	AGGA	GENOMAD.137965.CP	9.484e-13	63	0	0	0	1	NA	NA	NA	PF14255	Cysteine-rich CPXCG
JBHJCN010000023.1_33	34797	35174	378	1	0.646	11	GGA/GAG/AGG	NA	NA	NA	0	0	0	1	NA	NA	NA	NA	NA
JBHJCN010000023.1_34	35401	35754	354	1	0.661	11	AGGAG	GENOMAD.182880.CP	5.083e-42	150	0	0	0	1	NA	NA	NA	PF00036	EF hand
JBHJCN010000023.1_35	36101	36535	435	1	0.699	11	GGA/GAG/AGG	GENOMAD.147360.CP	3.763e-66	221	0	0	0	1	NA	NA	NA	PF13405;COG5126	EF-hand domain
JBHJCN010000023.1_36	36572	37324	753	1	0.639	11	None	NA	NA	NA	0	0	0	1	NA	NA	NA	NA	NA
JBHJCN010000023.1_37	37462	38034	573	1	0.635	11	GGAGG	NA	NA	NA	0	0	0	1	NA	NA	NA	NA	NA
JBHJCN010000023.1_38	38347	38946	600	1	0.693	11	None	NA	NA	NA	0	0	0	1	NA	NA	NA	NA	NA
JBHJCN010000023.1_39	39110	40477	1368	1	0.664	11	None	GENOMAD.206240.PC	3.558e-106	353	0	0	0	1	NA	NA	NA	PF07063;COG5383	Uncharacterized metalloenzyme YdcJ, glyoxalase superfamily
JBHJCN010000023.1_40	40662	43802	3141	-1	0.657	11	None	NA	NA	NA	0	0	0	1	NA	NA	NA	NA	NA
JBHJCN010000023.1_41	43936	47184	3249	-1	0.666	11	AGGA	NA	NA	NA	0	0	0	1	NA	NA	NA	NA	NA
JBHJCN010000023.1_42	47278	48522	1245	-1	0.659	11	AGGAG	NA	NA	NA	0	0	0	1	NA	NA	NA	NA	NA
JBHJCN010000023.1_43	48782	50089	1308	1	0.678	11	GGAG/GAGG	NA	NA	NA	0	0	0	1	NA	NA	NA	NA	NA
JBHJCN010000023.1_44	50246	51061	816	1	0.641	11	None	NA	NA	NA	0	0	0	1	NA	NA	NA	NA	NA
JBHJCN010000023.1_45	51164	51457	294	1	0.565	11	GGA/GAG/AGG	GENOMAD.142002.VC	0.000184	41	0	0	0	1246	Caudoviricetes	NA	NA	TIGR03505	FimV N-terminal domain
JBHJCN010000023.1_46	51563	52120	558	1	0.667	11	GGAG/GAGG	GENOMAD.058195.CC	1.036e-57	199	0	0	0	1	NA	NA	NA	PF16342;COG3895	NA
JBHJCN010000023.1_47	52478	54709	2232	1	0.627	11	GGA/GAG/AGG	NA	NA	NA	0	0	0	1	NA	NA	NA	NA	NA
JBHJCN010000023.1_48	54781	55041	261	-1	0.640	11	GGAGG	NA	NA	NA	0	0	0	1	NA	NA	NA	NA	NA
JBHJCN010000023.1_49	55143	56087	945	1	0.670	11	GGA/GAG/AGG	NA	NA	NA	0	0	0	1	NA	NA	NA	NA	NA
JBHJCN010000023.1_50	56084	57823	1740	1	0.630	11	GGA/GAG/AGG	GENOMAD.007486.CC	6.334e-117	390	0	0	0	1	NA	NA	NA	PF06315;PF20423;K00906;COG4579	Isocitrate dehydrogenase kinase/phosphatase
JBHJCN010000023.1_51	57884	58696	813	1	0.640	11	GGAG/GAGG	NA	NA	NA	0	0	0	1	NA	NA	NA	NA	NA
JBHJCN010000024.1_1	33	467	435	-1	0.623	11	None	NA	NA	NA	0	0	0	1	NA	NA	NA	NA	NA
JBHJCN010000024.1_2	982	1278	297	-1	0.481	11	AGGA	NA	NA	NA	0	0	0	1	NA	NA	NA	NA	NA
JBHJCN010000024.1_3	1296	2648	1353	-1	0.508	11	None	NA	NA	NA	0	0	0	1	NA	NA	NA	NA	NA
JBHJCN010000024.1_4	3303	3545	243	-1	0.634	11	GGxGG	NA	NA	NA	0	0	0	1	NA	NA	NA	NA	NA
JBHJCN010000024.1_5	5215	6792	1578	-1	0.650	11	AGGA	GENOMAD.018752.CC	2.222e-23	108	0	0	0	1	NA	NA	NA	NA	NA
JBHJCN010000024.1_6	7131	8021	891	1	0.670	11	None	NA	NA	NA	0	0	0	1	NA	NA	NA	NA	NA
JBHJCN010000024.1_7	8052	8321	270	-1	0.541	11	GGA/GAG/AGG	NA	NA	NA	0	0	0	1	NA	NA	NA	NA	NA
JBHJCN010000024.1_8	8409	8720	312	1	0.641	11	GGAG/GAGG	NA	NA	NA	0	0	0	1	NA	NA	NA	NA	NA
JBHJCN010000024.1_9	8749	9204	456	-1	0.682	11	AGGAG	NA	NA	NA	0	0	0	1	NA	NA	NA	NA	NA
JBHJCN010000024.1_10	9501	9899	399	1	0.652	11	GGA/GAG/AGG	NA	NA	NA	0	0	0	1	NA	NA	NA	NA	NA
JBHJCN010000024.1_11	10003	11622	1620	-1	0.672	11	AGGA	GENOMAD.168505.CP	8.988e-64	232	0	0	0	1	NA	NA	NA	K03930	NA
JBHJCN010000024.1_12	12317	13249	933	-1	0.553	11	AGGAG	NA	NA	NA	0	0	0	1	NA	NA	NA	NA	NA
JBHJCN010000024.1_13	13266	13559	294	-1	0.476	11	AGGAG	NA	NA	NA	0	0	0	1	NA	NA	NA	NA	NA
JBHJCN010000024.1_14	14331	14891	561	1	0.611	11	AGGAG	NA	NA	NA	0	0	0	1	NA	NA	NA	NA	NA
JBHJCN010000024.1_15	15096	16175	1080	-1	0.696	11	None	NA	NA	NA	0	0	0	1	NA	NA	NA	NA	NA
JBHJCN010000024.1_16	16162	16368	207	-1	0.652	11	None	NA	NA	NA	0	0	0	1	NA	NA	NA	NA	NA
JBHJCN010000024.1_17	16640	17167	528	1	0.710	11	AGGA	NA	NA	NA	0	0	0	1	NA	NA	NA	NA	NA
JBHJCN010000024.1_18	17193	18458	1266	-1	0.650	11	GGAG/GAGG	GENOMAD.196313.CP	5.135e-09	61	0	0	0	1	NA	NA	NA	PF17941;PF13091;TIGR04265;COG1502;K06132	cardiolipin synthase
JBHJCN010000024.1_19	18655	20502	1848	-1	0.556	11	AGGA	NA	NA	NA	0	0	0	1	NA	NA	NA	NA	NA
JBHJCN010000024.1_20	21125	21676	552	1	0.690	11	None	GENOMAD.140606.CP	9.824e-40	147	0	0	0	1	NA	NA	NA	PF08922;PF13376	Bacteriocin-protection, YdeI or OmpD-Associated
JBHJCN010000024.1_21	21790	23151	1362	1	0.626	11	GGAG/GAGG	NA	NA	NA	0	0	0	1	NA	NA	NA	NA	NA
JBHJCN010000024.1_22	23427	25739	2313	-1	0.679	11	None	GENOMAD.180354.PC	9.075e-93	326	0	0	0	1	NA	NA	NA	COG1289;K03468	Uncharacterized membrane protein YccC
JBHJCN010000024.1_23	25736	27196	1461	-1	0.708	11	AGxAGG/AGGxGG	NA	NA	NA	0	0	0	1	NA	NA	NA	NA	NA
JBHJCN010000024.1_24	27193	28116	924	-1	0.697	11	GGA/GAG/AGG	GENOMAD.138157.CP	9.79e-18	87	0	0	0	1	NA	NA	NA	PF13437;TIGR02828	HlyD family secretion protein
JBHJCN010000024.1_25	28113	28322	210	-1	0.605	11	AGGA	GENOMAD.206002.PC	2.043e-14	68	0	0	0	1	NA	NA	NA	PF07869;K21695	YtcA family
JBHJCN010000024.1_26	28420	28872	453	-1	0.682	11	None	GENOMAD.132398.CP	7.215e-08	53	0	0	0	1	NA	NA	NA	PF03965;K15973;TIGR04472;COG5631	mobile rSAM pair MarR family regulator
JBHJCN010000024.1_27	29003	29605	603	1	0.652	11	None	NA	NA	NA	0	0	0	1	NA	NA	NA	NA	NA
JBHJCN010000024.1_28	29625	31094	1470	1	0.663	11	None	GENOMAD.197616.CP	9.529e-85	292	0	0	0	1	NA	NA	NA	PF11855	NA
JBHJCN010000024.1_29	31081	31782	702	1	0.671	11	GGAG/GAGG	NA	NA	NA	0	0	0	1	NA	NA	NA	NA	NA
JBHJCN010000024.1_30	32056	36111	4056	1	0.664	11	GGA/GAG/AGG	GENOMAD.193847.CP	1.565e-170	577	0	0	0	1	NA	NA	NA	PF13175;COG4913;TIGR00634;K19171	Uncharacterized protein, contains a C-terminal ATPase domain
JBHJCN010000024.1_31	36160	36996	837	-1	0.652	11	GGAG/GAGG	NA	NA	NA	0	0	0	1	NA	NA	NA	NA	NA
JBHJCN010000024.1_32	37067	37453	387	1	0.718	11	None	NA	NA	NA	0	0	0	1	NA	NA	NA	NA	NA
JBHJCN010000024.1_33	37638	37844	207	1	0.705	11	GGA/GAG/AGG	NA	NA	NA	0	0	0	1	NA	NA	NA	NA	NA
JBHJCN010000024.1_34	38020	40182	2163	1	0.706	11	None	GENOMAD.102032.CP	4.722e-45	179	0	0	0	1	NA	NA	NA	PF01263;K01792;COG0676;TIGR02636	D-hexose-6-phosphate mutarotase
JBHJCN010000024.1_35	40465	41730	1266	1	0.684	11	None	GENOMAD.151083.CP	0.0001065	47	0	0	0	1	NA	NA	NF012174	PF06963;K08153;TIGR00897;COG2223	polyol permease family
JBHJCN010000024.1_36	41830	42423	594	1	0.704	11	GGA/GAG/AGG	GENOMAD.211378.PC	1.869e-15	77	0	0	0	1	NA	NA	NA	PF01126;K07215;COG3230	Heme oxygenase
JBHJCN010000024.1_37	42420	44324	1905	1	0.666	11	GGAG/GAGG	NA	NA	NA	0	0	0	1	NA	NA	NA	NA	NA
JBHJCN010000024.1_38	44399	45580	1182	-1	0.662	11	GGA/GAG/AGG	GENOMAD.171686.PC	8.639e-58	209	0	0	0	1	NA	NA	NA	COG3135	Predicted benzoate:H+ symporter BenE
JBHJCN010000025.1_1	86	1513	1428	1	0.651	11	GGA/GAG/AGG	NA	NA	NA	0	0	0	1	NA	NA	NA	NA	NA
JBHJCN010000025.1_2	1770	3269	1500	1	0.555	11	GGAG/GAGG	NA	NA	NA	0	0	0	1	NA	NA	NA	NA	NA
JBHJCN010000025.1_3	3253	3687	435	-1	0.584	11	GGA/GAG/AGG	NA	NA	NA	0	0	0	1	NA	NA	NA	NA	NA
JBHJCN010000025.1_4	4490	5566	1077	1	0.659	11	None	GENOMAD.082750.CP	0.0001663	46	0	0	0	1	NA	NA	NA	PF11741	AMIN domain
JBHJCN010000025.1_5	5603	6520	918	1	0.661	11	GGA/GAG/AGG	NA	NA	NA	0	0	0	1	NA	NA	NA	NA	NA
JBHJCN010000025.1_6	7132	8499	1368	1	0.649	11	GGAG/GAGG	GENOMAD.001794.CC	3.03e-25	113	0	0	0	1	NA	NA	NA	PF12626	Polymerase A arginine-rich C-terminus
JBHJCN010000025.1_7	8503	8988	486	1	0.714	11	GGA/GAG/AGG	GENOMAD.094485.CP	1.57e-13	70	0	0	0	1	NA	NA	NA	PF01288;COG0801;TIGR01498	7,8-dihydro-6-hydroxymethylpterin-pyrophosphokinase
JBHJCN010000025.1_8	9024	9839	816	1	0.674	11	None	NA	NA	NA	0	0	0	1	NA	NA	NA	NA	NA
JBHJCN010000025.1_9	9836	10678	843	1	0.661	11	None	NA	NA	NA	0	0	0	1	NA	NA	NA	NA	NA
JBHJCN010000025.1_10	10855	11235	381	1	0.612	11	None	NA	NA	NA	0	0	0	1	NA	NA	NA	NA	NA
JBHJCN010000025.1_11	11232	12746	1515	1	0.666	11	None	GENOMAD.125882.CP	2.001e-50	191	0	0	0	1	NA	NA	NA	NA	NA
JBHJCN010000025.1_12	12901	13245	345	1	0.672	11	GGA/GAG/AGG	NA	NA	NA	0	0	0	1	NA	NA	NA	NA	NA
JBHJCN010000025.1_13	13249	13872	624	1	0.654	11	None	NA	NA	NA	0	0	0	1	NA	NA	NA	NA	NA
JBHJCN010000025.1_14	14089	16044	1956	-1	0.665	11	GGAG/GAGG	GENOMAD.176626.CP	1.862e-194	619	0	0	0	1	NA	NA	NA	PF05787;K07093;COG3211	Bacterial protein of unknown function (DUF839)
JBHJCN010000025.1_15	16479	19091	2613	1	0.661	11	GGAG/GAGG	GENOMAD.211807.CP	2.612e-28	126	0	0	0	1	NA	NA	NA	PF18559	Galactose-binding domain-like
JBHJCN010000025.1_16	19348	20910	1563	1	0.634	11	AGGAG	GENOMAD.116954.CP	1.05e-06	54	0	0	0	1246	Caudoviricetes	NA	NA	COG4146	Uncharacterized membrane permease YidK, sodium:solute symporter family
JBHJCN010000025.1_17	21112	22968	1857	-1	0.668	11	None	NA	NA	NA	0	0	0	1	NA	NA	NA	NA	NA
JBHJCN010000025.1_18	23421	24407	987	1	0.629	11	GGA/GAG/AGG	NA	NA	NA	0	0	0	1	NA	NA	NA	NA	NA
JBHJCN010000025.1_19	24588	25154	567	-1	0.649	11	GGAG/GAGG	NA	NA	NA	0	0	0	1	NA	NA	NA	NA	NA
JBHJCN010000025.1_20	25151	26377	1227	-1	0.674	11	None	GENOMAD.145551.CP	2.774e-22	103	0	0	0	1	NA	NA	NA	PF14501;K15011;COG3920;TIGR02966	Two-component sensor histidine kinase, HisKA and HATPase domains
JBHJCN010000025.1_21	26701	27966	1266	1	0.660	11	None	NA	NA	NA	0	0	0	1	NA	NA	NA	NA	NA
JBHJCN010000025.1_22	27947	28678	732	1	0.661	11	None	GENOMAD.179808.CP	1.745e-05	48	0	0	0	1	NA	NA	NA	PF01569;COG3907;K19302	Membrane-associated enzyme, PAP2 (acid phosphatase) superfamily
JBHJCN010000025.1_23	28675	29958	1284	-1	0.657	11	AGGA	GENOMAD.168138.CP	0.0004482	45	0	0	0	1	NA	NA	NF033135	PF01306;K08194;TIGR00903;COG2223	major facilitator 4 family protein
JBHJCN010000025.1_24	30152	30856	705	-1	0.647	11	GGAG/GAGG	NA	NA	NA	0	0	0	1	NA	NA	NA	NA	NA
JBHJCN010000025.1_25	30996	31865	870	-1	0.639	11	GGA/GAG/AGG	NA	NA	NA	0	0	0	1	NA	NA	NA	NA	NA
JBHJCN010000025.1_26	31901	32953	1053	-1	0.665	11	None	GENOMAD.104575.CP	1.269e-25	112	0	0	0	1246	Caudoviricetes	NA	NA	PF02873	UDP-N-acetylenolpyruvoylglucosamine reductase, C-terminal domain
JBHJCN010000025.1_27	32950	34005	1056	-1	0.666	11	None	NA	NA	NA	0	0	0	1	NA	NA	NA	NA	NA
JBHJCN010000025.1_28	34011	34778	768	-1	0.667	11	None	NA	NA	NA	0	0	0	1	NA	NA	NA	NA	NA
JBHJCN010000025.1_29	34781	35065	285	-1	0.649	11	AGGAG	NA	NA	NA	0	0	0	1	NA	NA	NA	NA	NA
JBHJCN010000025.1_30	35560	37092	1533	-1	0.652	11	AGGAG	NA	NA	NA	0	0	0	1	NA	NA	NA	NA	NA
JBHJCN010000025.1_31	38117	39964	1848	1	0.546	11	GGAG/GAGG	NA	NA	NA	0	0	0	1	NA	NA	NA	NA	NA
JBHJCN010000025.1_32	39965	40786	822	1	0.583	11	AGGA/GGAG/GAGG	GENOMAD.159942.PC	1.642e-103	336	0	0	0	1	NA	NA	NA	NA	NA
JBHJCN010000025.1_33	40783	42069	1287	1	0.545	11	GGAG/GAGG	NA	NA	NA	0	0	0	1	NA	NA	NA	NA	NA
JBHJCN010000025.1_34	43351	44010	660	1	0.544	11	GGAGG	NA	NA	NA	0	0	0	1	NA	NA	NA	NA	NA
JBHJCN010000026.1_1	1	267	267	-1	0.532	11	GGA/GAG/AGG	NA	NA	NA	0	0	0	1	NA	NA	NA	NA	NA
JBHJCN010000026.1_2	852	2144	1293	1	0.690	11	GGA/GAG/AGG	NA	NA	NA	0	0	0	1	NA	NA	NA	NA	NA
JBHJCN010000026.1_3	2581	2916	336	-1	0.640	11	None	GENOMAD.023318.CC	1.409e-52	180	0	0	0	1	NA	NA	NA	PF19669	NA
JBHJCN010000026.1_4	3095	3901	807	-1	0.665	11	AGGA	NA	NA	NA	0	0	0	1	NA	NA	NA	NA	NA
JBHJCN010000026.1_5	4034	7132	3099	-1	0.640	11	AGGAG	NA	NA	NA	0	0	0	1	NA	NA	NA	NA	NA
JBHJCN010000026.1_6	7129	8277	1149	-1	0.736	11	GGA/GAG/AGG	GENOMAD.133566.CP	3.058e-07	55	0	0	0	1	NA	NA	NA	PF12700;K15727;TIGR01730;COG0845	RND family efflux transporter, MFP subunit
JBHJCN010000026.1_7	8355	8972	618	-1	0.625	11	None	GENOMAD.126296.CP	9.394e-19	87	0	0	0	1	NA	NA	NA	PF13022;PF08362;K18905;TIGR03613;COG1309	pyrimidine utilization regulatory protein R
JBHJCN010000026.1_8	9061	10569	1509	1	0.693	11	None	NA	NA	NA	0	0	0	1	NA	NA	NA	NA	NA
JBHJCN010000026.1_9	10695	11126	432	-1	0.650	11	GGAG/GAGG	GENOMAD.059044.PP	1.167e-19	87	0	0	0	1	NA	NA	NA	PF06903	VirK protein
JBHJCN010000026.1_10	11357	12766	1410	-1	0.686	11	GGA/GAG/AGG	GENOMAD.170187.PC	2.448e-96	325	0	0	0	1	NA	NA	NA	PF13434;COG4529;TIGR00275;K07222	Uncharacterized NAD(P)/FAD-binding protein YdhS
JBHJCN010000026.1_11	13143	13901	759	1	0.650	11	GGA/GAG/AGG	NA	NA	NA	0	0	0	1	NA	NA	NA	NA	NA
JBHJCN010000026.1_12	14072	14704	633	-1	0.667	11	GGAG/GAGG	GENOMAD.151025.CP	3.887e-35	135	0	0	0	1	NA	NA	NA	PF04321;K17290;TIGR01214;COG4221	dTDP-4-dehydrorhamnose reductase
JBHJCN010000026.1_13	14721	16883	2163	-1	0.642	11	AGGAG	NA	NA	NA	0	0	0	1	NA	NA	NA	NA	NA
JBHJCN010000026.1_14	17001	17186	186	-1	0.704	11	GGA/GAG/AGG	GENOMAD.147683.PC	6.379e-08	49	0	0	0	1	NA	NA	NA	PF11154	NA
JBHJCN010000026.1_15	17208	19817	2610	-1	0.686	11	GGA/GAG/AGG	GENOMAD.119431.CP	8.763e-95	335	0	0	0	1	NA	NA	NA	PF03065;PF12055;K06044;TIGR02401;COG3280	malto-oligosyltrehalose synthase
JBHJCN010000026.1_16	19814	21763	1950	-1	0.693	11	GGAG/GAGG	NA	NA	NA	0	0	0	1	NA	NA	NA	NA	NA
JBHJCN010000026.1_17	21760	23517	1758	-1	0.670	11	GGAG/GAGG	NA	NA	NA	0	0	0	1	NA	NA	NA	NA	NA
JBHJCN010000026.1_18	23520	25751	2232	-1	0.678	11	None	GENOMAD.154880.CP	6.298e-16	85	0	0	0	1246	Caudoviricetes	NA	NA	PF02806	Alpha amylase, C-terminal all-beta domain
JBHJCN010000026.1_19	25748	27331	1584	-1	0.681	11	GGA/GAG/AGG	NA	NA	NA	0	0	0	1	NA	NA	NA	NA	NA
JBHJCN010000026.1_20	27818	29446	1629	1	0.683	11	GGA/GAG/AGG	NA	NA	NA	0	0	0	1	NA	NA	NA	NA	NA
JBHJCN010000026.1_21	29533	30474	942	-1	0.611	11	AGGA	NA	NA	NA	0	0	0	1	NA	NA	NA	NA	NA
JBHJCN010000026.1_22	30717	32435	1719	1	0.662	11	None	NA	NA	NA	0	0	0	1	NA	NA	NA	NA	NA
JBHJCN010000026.1_23	33126	35234	2109	1	0.640	11	GGA/GAG/AGG	NA	NA	NA	0	0	0	1	NA	NA	NA	NA	NA
JBHJCN010000026.1_24	35331	37754	2424	-1	0.641	11	GGA/GAG/AGG	NA	NA	NA	0	0	0	1	NA	NA	NA	NA	NA
JBHJCN010000026.1_25	38074	38415	342	1	0.658	11	AGGAG	GENOMAD.166221.CP	3.856e-19	84	0	0	0	1	NA	NA	NA	PF02482;TIGR00741;COG1544;K05808	ribosomal subunit interface protein
JBHJCN010000026.1_26	38655	39311	657	-1	0.594	11	GGA/GAG/AGG	NA	NA	NA	0	0	0	1	NA	NA	NA	NA	NA
JBHJCN010000026.1_27	40380	41399	1020	1	0.631	11	GGA/GAG/AGG	NA	NA	NA	0	0	0	1	NA	NA	NA	NA	NA
JBHJCN010000026.1_28	41863	42426	564	-1	0.583	11	GGAG/GAGG	GENOMAD.111553.PC	3.36e-13	70	0	0	0	1	NA	NA	NA	PF19489;K18377;COG4764	Transglycosylase SLT domain
JBHJCN010000026.1_29	42795	43148	354	1	0.497	11	GGA/GAG/AGG	NA	NA	NA	0	0	0	1	NA	NA	NA	NA	NA
JBHJCN010000027.1_1	1	192	192	1	0.536	11	None	NA	NA	NA	0	0	0	1	NA	NA	NA	NA	NA
JBHJCN010000027.1_2	204	413	210	1	0.619	11	GGAG/GAGG	NA	NA	NA	0	0	0	1	NA	NA	NA	NA	NA
JBHJCN010000027.1_3	844	1392	549	1	0.601	11	GGA/GAG/AGG	NA	NA	NA	0	0	0	1	NA	NA	NA	NA	NA
JBHJCN010000027.1_4	1600	2094	495	1	0.525	11	AGGAG	NA	NA	NA	0	0	0	1	NA	NA	NA	NA	NA
JBHJCN010000027.1_5	2426	2623	198	1	0.626	11	4Base/6BMM	NA	NA	NA	0	0	0	1	NA	NA	NA	NA	NA
JBHJCN010000027.1_6	3084	3653	570	1	0.618	11	AGxAGG/AGGxGG	NA	NA	NA	0	0	0	1	NA	NA	NA	NA	NA
JBHJCN010000027.1_7	3830	5767	1938	1	0.658	11	GGAG/GAGG	GENOMAD.209487.PC	2.378e-05	50	0	0	0	1	NA	NA	NA	NA	NA
JBHJCN010000027.1_8	5776	6315	540	1	0.713	11	GGAG/GAGG	GENOMAD.218216.PC	3.149e-42	154	0	0	0	1	NA	NA	NA	PF22011	NA
JBHJCN010000027.1_9	6312	7697	1386	1	0.695	11	GGA/GAG/AGG	GENOMAD.170233.CP	7.287e-41	161	0	0	0	1	NA	NA	NA	PF20232;PF00498;K07169;TIGR03354;COG3456	type VI secretion system FHA domain protein
JBHJCN010000027.1_10	7694	9031	1338	1	0.672	11	None	GENOMAD.166652.PC	2.372e-39	156	0	0	0	1	NA	NA	NA	PF05936;TIGR03353;COG3522;K11893	type VI secretion protein, VC_A0114 family
JBHJCN010000027.1_11	9033	10349	1317	1	0.713	11	GGAG/GAGG	GENOMAD.167543.PC	1.674e-31	132	0	0	0	1	NA	NA	NA	PF09850;TIGR03349;COG3455	type IV / VI secretion system protein, DotU family
JBHJCN010000027.1_12	10353	13811	3459	1	0.699	11	GGA/GAG/AGG	GENOMAD.161502.PC	3.337e-110	389	0	0	0	1	NA	NA	NA	PF14331;PF06761;PF06744;PF19993;TIGR03348;K11891;COG3523	type VI secretion protein IcmF
JBHJCN010000027.1_13	13808	14461	654	1	0.673	11	None	GENOMAD.192401.PC	2.534e-21	95	0	0	0	1	NA	NA	NA	PF09867;COG3913;K11890;TIGR03373	TagF N-terminal domain, Type VI secretion system-associated
JBHJCN010000027.1_14	14458	15180	723	1	0.700	11	GGAG/GAGG	NA	NA	NA	0	0	0	1	NA	NA	NA	NA	NA
JBHJCN010000027.1_15	15177	18080	2904	1	0.695	11	GGA/GAG/AGG	GENOMAD.215794.CP	1.209e-06	55	0	0	0	1	NA	NA	NA	PF07714;K08884;COG0478;TIGR03903	RIO-like serine/threonine protein kinase fused to N-terminal HTH domain
JBHJCN010000027.1_16	18077	18403	327	1	0.688	11	GGA/GAG/AGG	NA	NA	NA	0	0	0	1	NA	NA	NA	NA	NA
JBHJCN010000027.1_17	18572	19600	1029	-1	0.691	11	GGA/GAG/AGG	GENOMAD.171322.PC	4.944e-33	134	0	0	0	1	NA	NA	NA	PF06812;K11902;TIGR03363;COG3515	type VI secretion-associated protein, ImpA family
JBHJCN010000027.1_18	19609	20580	972	-1	0.669	11	GGA/GAG/AGG	NA	NA	NA	0	0	0	1	NA	NA	NA	NA	NA
JBHJCN010000027.1_19	20694	23150	2457	-1	0.664	11	None	GENOMAD.190312.PC	1.985e-20	100	0	0	0	1	NA	NA	NA	PF19443	DAHL domain
JBHJCN010000027.1_20	23147	24139	993	-1	0.661	11	GGA/GAG/AGG	NA	NA	NA	0	0	0	1	NA	NA	NA	NA	NA
JBHJCN010000027.1_21	24136	24915	780	-1	0.651	11	GGA/GAG/AGG	NA	NA	NA	0	0	0	1	NA	NA	NA	NA	NA
JBHJCN010000027.1_22	25317	26144	828	-1	0.664	11	AGGAG	NA	NA	NA	0	0	0	1	NA	NA	NA	NA	NA
JBHJCN010000027.1_23	26192	27772	1581	-1	0.660	11	GGA/GAG/AGG	NA	NA	NA	0	0	0	1	NA	NA	NA	NA	NA
JBHJCN010000027.1_24	28383	29591	1209	1	0.620	11	GGA/GAG/AGG	NA	NA	NA	0	0	0	1	NA	NA	NA	NA	NA
JBHJCN010000027.1_25	29733	30266	534	1	0.654	11	GGA/GAG/AGG	GENOMAD.207688.CP	0.0006302	42	0	0	0	1	NA	NA	NA	K01994	NA
JBHJCN010000027.1_26	30263	33352	3090	1	0.613	11	None	NA	NA	NA	0	0	0	1	NA	NA	NA	NA	NA
JBHJCN010000027.1_27	33349	33993	645	1	0.631	11	AGGAG	NA	NA	NA	0	0	0	1	NA	NA	NA	NA	NA
JBHJCN010000027.1_28	34133	34519	387	1	0.638	11	AGGA	NA	NA	NA	0	0	0	1	NA	NA	NA	NA	NA
JBHJCN010000027.1_29	34533	34628	96	1	0.573	11	GGA/GAG/AGG	NA	NA	NA	0	0	0	1	NA	NA	NA	NA	NA
JBHJCN010000027.1_30	34941	37958	3018	1	0.626	11	GGA/GAG/AGG	NA	NA	NA	0	0	0	1	NA	NA	NA	NA	NA
JBHJCN010000027.1_31	38324	39445	1122	-1	0.569	11	AGGAG	GENOMAD.049926.PP	2.582e-11	68	0	0	0	1	NA	NA	NA	PF03421;K13478	YopJ Serine/Threonine acetyltransferase
JBHJCN010000028.1_1	1	933	933	-1	0.610	11	AGGAG	NA	NA	NA	0	0	0	1	NA	NA	NA	NA	NA
JBHJCN010000028.1_2	966	1625	660	-1	0.605	11	GGAG/GAGG	NA	NA	NA	0	0	0	1	NA	NA	NA	NA	NA
JBHJCN010000028.1_3	1784	2425	642	-1	0.615	11	GGA/GAG/AGG	NA	NA	NA	0	0	0	1	NA	NA	NA	NA	NA
JBHJCN010000028.1_4	2821	5496	2676	1	0.660	11	GGA/GAG/AGG	NA	NA	NA	0	0	0	1	NA	NA	NA	NA	NA
JBHJCN010000028.1_5	5821	6798	978	-1	0.601	11	None	NA	NA	NA	0	0	0	1	NA	NA	NA	NA	NA
JBHJCN010000028.1_6	7392	7961	570	1	0.651	11	GGA/GAG/AGG	NA	NA	NA	0	0	0	1	NA	NA	NA	NA	NA
JBHJCN010000028.1_7	8021	9169	1149	1	0.690	11	AGGAG	NA	NA	NA	0	0	0	1	NA	NA	NA	NA	NA
JBHJCN010000028.1_8	9169	10674	1506	1	0.685	11	GGAG/GAGG	GENOMAD.178810.CP	2.631e-26	117	0	0	0	1	NA	NA	NA	PF19465;PF00135;K01753;TIGR02035;COG3048	D-serine ammonia-lyase
JBHJCN010000028.1_9	10725	12068	1344	-1	0.614	11	None	NA	NA	NA	0	0	0	1	NA	NA	NA	NA	NA
JBHJCN010000028.1_10	12513	14477	1965	-1	0.621	11	AGGAG	NA	NA	NA	0	0	0	1	NA	NA	NA	NA	NA
JBHJCN010000028.1_11	14696	18163	3468	1	0.648	11	GGAG/GAGG	GENOMAD.146053.CP	4.971e-57	221	0	0	0	1	NA	NA	NA	PF18368;PF02836;PF02837;PF17786;K15855;COG3250	Beta-galactosidase/beta-glucuronidase
JBHJCN010000028.1_12	18304	18831	528	1	0.644	11	GGAGG	NA	NA	NA	0	0	0	1	NA	NA	NA	NA	NA
JBHJCN010000028.1_13	18828	21239	2412	1	0.612	11	None	GENOMAD.158496.CP	6.339e-38	157	0	0	0	1	NA	NA	NA	PF14905;PF07715;TIGR01782;K16091;COG4774	TonB-dependent receptor
JBHJCN010000028.1_14	21611	22663	1053	-1	0.667	11	GGA/GAG/AGG	NA	NA	NA	0	0	0	1	NA	NA	NA	NA	NA
JBHJCN010000028.1_15	23018	24436	1419	-1	0.669	11	GGAG/GAGG	GENOMAD.138367.CP	1.283e-67	241	0	0	0	1	NA	NA	NA	PF16254;K01302;COG4882;TIGR01902	Predicted aminopeptidase, Iap family
JBHJCN010000028.1_16	24560	24991	432	-1	0.604	11	GGAG/GAGG	NA	NA	NA	0	0	0	1	NA	NA	NA	NA	NA
JBHJCN010000028.1_17	25052	25765	714	-1	0.660	11	GGAG/GAGG	NA	NA	NA	0	0	0	1	NA	NA	NA	NA	NA
JBHJCN010000028.1_18	26231	26506	276	-1	0.649	11	None	GENOMAD.221228.CP	0.000148	41	0	0	0	1	NA	NA	NA	NA	NA
JBHJCN010000028.1_19	26765	27106	342	1	0.652	11	None	GENOMAD.162129.CP	3.127e-13	67	0	0	0	1	NA	NA	NA	PF13806;COG2146;TIGR02377;K05710	Ferredoxin subunit of nitrite reductase or a ring-hydroxylating dioxygenase
JBHJCN010000028.1_20	27167	29029	1863	-1	0.641	11	None	NA	NA	NA	0	0	0	1	NA	NA	NA	NA	NA
JBHJCN010000028.1_21	30131	30925	795	-1	0.655	11	None	NA	NA	NA	0	0	0	1	NA	NA	NA	NA	NA
JBHJCN010000028.1_22	30975	31175	201	-1	0.637	11	None	GENOMAD.105856.CP	9.956e-13	63	0	0	0	1	NA	NA	NA	PF14453;COG2104;TIGR01683	Sulfur carrier protein ThiS (thiamine biosynthesis)
JBHJCN010000028.1_23	31332	32381	1050	1	0.682	11	GGA/GAG/AGG	GENOMAD.190183.CP	5.872e-33	134	0	0	0	1	NA	NA	NA	K12686;COG3240	Phospholipase/lecithinase/hemolysin
JBHJCN010000028.1_24	32412	33149	738	1	0.652	11	None	NA	NA	NA	0	0	0	1	NA	NA	NA	NA	NA
JBHJCN010000028.1_25	33593	34780	1188	1	0.600	11	None	NA	NA	NA	0	0	0	1	NA	NA	NA	NA	NA
JBHJCN010000029.1_1	102	242	141	-1	0.567	11	AGGA	NA	NA	NA	0	0	0	1	NA	NA	NA	NA	NA
JBHJCN010000029.1_2	288	533	246	-1	0.577	11	AGGAG	NA	NA	NA	0	0	0	1	NA	NA	NA	NA	NA
JBHJCN010000029.1_3	596	892	297	-1	0.569	11	GGAG/GAGG	NA	NA	NA	0	0	0	1	NA	NA	NA	NA	NA
JBHJCN010000029.1_4	1078	1323	246	-1	0.679	11	AGxAGG/AGGxGG	NA	NA	NA	0	0	0	1	NA	NA	NA	NA	NA
JBHJCN010000029.1_5	1383	2102	720	-1	0.553	11	GGAG/GAGG	NA	NA	NA	0	0	0	1	NA	NA	NA	NA	NA
JBHJCN010000029.1_6	2119	2364	246	-1	0.634	11	GGAG/GAGG	NA	NA	NA	0	0	0	1	NA	NA	NA	NA	NA
JBHJCN010000029.1_7	2367	2546	180	-1	0.583	11	AGGAG	NA	NA	NA	0	0	0	1	NA	NA	NA	NA	NA
JBHJCN010000029.1_8	2630	4801	2172	-1	0.650	11	GGAGG	NA	NA	NA	0	0	0	1	NA	NA	NA	NA	NA
JBHJCN010000029.1_9	4804	5052	249	-1	0.643	11	GGAG/GAGG	NA	NA	NA	0	0	0	1	NA	NA	NA	NA	NA
JBHJCN010000029.1_10	5125	5364	240	-1	0.579	11	AGGA	NA	NA	NA	0	0	0	1	NA	NA	NA	NA	NA
JBHJCN010000029.1_11	5375	5683	309	-1	0.579	11	GGAG/GAGG	NA	NA	NA	0	0	0	1	NA	NA	NA	NA	NA
JBHJCN010000029.1_12	5754	7106	1353	-1	0.653	11	GGAG/GAGG	GENOMAD.111807.PC	5.115e-35	143	0	1	0	1	NA	T_virB10	NA	PF03743;COG2948	Type IV secretory pathway, VirB10 components
JBHJCN010000029.1_13	7122	8114	993	-1	0.633	11	GGA/GAG/AGG	GENOMAD.109592.PC	2.951e-09	61	0	1	0	1	NA	T_virB9	NA	PF03524;K03204;TIGR02781;COG3504	P-type conjugative transfer protein VirB9
JBHJCN010000029.1_14	8141	8851	711	-1	0.612	11	GGA/GAG/AGG	GENOMAD.123484.PC	9.173e-36	138	0	1	0	1	NA	T_virB8	NA	PF04335;K20531;COG3701;TIGR03781	Type IV secretory pathway, TrbF components
JBHJCN010000029.1_15	8858	10339	1482	-1	0.627	11	AGGA	GENOMAD.116928.PC	3.816e-31	132	0	1	0	1	NA	T_virB6	NA	COG3846;K07344	Type IV secretory pathway, TrbL components
JBHJCN010000029.1_16	10557	10910	354	-1	0.579	11	GGAG/GAGG	NA	NA	NA	0	0	0	1	NA	NA	NA	NA	NA
JBHJCN010000029.1_17	11281	12066	786	-1	0.587	11	GGAG/GAGG	GENOMAD.115261.PC	3.887e-15	78	0	1	0	1	NA	T_virB5	NA	TIGR02780;COG5314;K20266	P-type conjugative transfer protein TrbJ
JBHJCN010000029.1_18	12085	14652	2568	-1	0.623	11	GGA/GAG/AGG	NA	NA	NA	0	0	0	1	NA	NA	NA	NA	NA
JBHJCN010000029.1_19	14717	14983	267	-1	0.573	11	3Base/5BMM	GENOMAD.127310.PC	6.075e-27	105	0	1	0	1	NA	T_virB3	NA	PF05101;COG5268;K03198	Type IV secretory pathway, TrbD component
JBHJCN010000029.1_20	14985	15299	315	-1	0.590	11	AGGA	GENOMAD.116477.PC	4.661e-29	112	0	1	0	1	NA	T_virB2	NA	PF04956;K20528;COG3838	Type IV secretory pathway, VirB2 components (pilins)
JBHJCN010000029.1_21	15378	16382	1005	-1	0.620	11	None	NA	NA	NA	0	0	0	1	NA	NA	NA	NA	NA
JBHJCN010000029.1_22	17033	17371	339	1	0.563	11	None	NA	NA	NA	0	0	0	1	NA	NA	NA	NA	NA
JBHJCN010000029.1_23	17368	17649	282	1	0.585	11	AGGAG	NA	NA	NA	0	0	0	1	NA	NA	NA	NA	NA
JBHJCN010000029.1_24	18334	19155	822	-1	0.698	11	None	GENOMAD.023008.PP	9.132e-154	481	0	1	0	1	NA	NA	NA	PF02387	NA
JBHJCN010000029.1_25	19671	20060	390	-1	0.610	11	AGGA/GGAG/GAGG	GENOMAD.053871.PP	0.0004924	41	0	0	0	1	NA	NA	NA	NA	NA
JBHJCN010000029.1_26	20156	20731	576	-1	0.569	11	GGAG/GAGG	GENOMAD.157964.PC	8.706e-07	51	0	0	0	1	NA	NA	NA	PF07929;PF19935	Plasmid pRiA4b ORF-3-like protein
JBHJCN010000029.1_27	20728	21219	492	-1	0.618	11	None	NA	NA	NA	0	0	0	1	NA	NA	NA	NA	NA
JBHJCN010000029.1_28	21216	23273	2058	-1	0.628	11	GGAG/GAGG	NA	NA	NA	0	0	0	1	NA	NA	NA	NA	NA
JBHJCN010000029.1_29	23278	25404	2127	-1	0.637	11	GGAG/GAGG	GENOMAD.127324.PC	5.633e-36	150	0	0	0	1	NA	NA	NA	PF11843	NA
JBHJCN010000029.1_30	25706	26296	591	-1	0.599	11	GGAG/GAGG	NA	NA	NA	0	0	0	1	NA	NA	NA	NA	NA
JBHJCN010000029.1_31	26289	26885	597	-1	0.598	11	GGAG/GAGG	GENOMAD.130054.PC	4.683e-11	64	0	1	0	1	NA	NA	NA	PF10502;COG4959;TIGR02771;K12062	Type IV secretory pathway, protease TraF
JBHJCN010000029.1_32	26890	27354	465	-1	0.600	11	GGA/GAG/AGG	GENOMAD.159474.PC	7.307e-10	59	0	0	0	1	NA	NA	NA	PF11000	NA
JBHJCN010000029.1_33	27478	27735	258	1	0.547	11	GGA/GAG/AGG	NA	NA	NA	0	0	0	1	NA	NA	NA	NA	NA
JBHJCN010000029.1_34	27627	27947	321	-1	0.651	11	AGGA	NA	NA	NA	0	0	0	1	NA	NA	NA	NA	NA
JBHJCN010000029.1_35	27944	28582	639	-1	0.656	11	AGGAG	NA	NA	NA	0	0	0	1	NA	NA	NA	NA	NA
JBHJCN010000029.1_36	28977	29177	201	1	0.587	11	GGA/GAG/AGG	NA	NA	NA	0	0	0	1	NA	NA	NA	NA	NA
JBHJCN010000029.1_37	29728	30549	822	-1	0.695	11	None	GENOMAD.023008.PP	2.145e-161	503	0	1	0	1	NA	NA	NA	PF02387	NA
JBHJCN010000029.1_38	30742	30987	246	-1	0.577	11	GGAG/GAGG	NA	NA	NA	0	0	0	1	NA	NA	NA	NA	NA
JBHJCN010000030.1_1	401	958	558	1	0.550	11	AGGA	NA	NA	NA	0	0	0	1	NA	NA	NA	NA	NA
JBHJCN010000030.1_2	1189	1407	219	-1	0.589	11	AGGAG	NA	NA	NA	0	0	0	1	NA	NA	NA	NA	NA
JBHJCN010000030.1_3	1700	2056	357	1	0.535	11	AGGAG	NA	NA	NA	0	0	0	1	NA	NA	NA	NA	NA
JBHJCN010000030.1_4	2979	3587	609	-1	0.596	11	GGA/GAG/AGG	GENOMAD.179361.CP	3.517e-21	94	0	0	0	1	NA	NA	NA	NA	NA
JBHJCN010000030.1_5	4163	4537	375	-1	0.584	11	GGA/GAG/AGG	GENOMAD.171688.CP	1.528e-25	103	0	0	0	1	NA	NA	NA	PF12681;TIGR00068;COG3565;K08234	Glyoxalase-like domain
JBHJCN010000030.1_6	4669	5592	924	1	0.614	11	GGA/GAG/AGG	GENOMAD.158077.CP	3.931e-07	54	0	0	0	1	NA	NA	NA	PF12833;TIGR02297;K02099;COG2207	4-hydroxyphenylacetate catabolism regulatory protein HpaA
JBHJCN010000030.1_7	6374	8074	1701	1	0.650	11	AGxAGG/AGGxGG	NA	NA	NA	0	0	0	1	NA	NA	NA	NA	NA
JBHJCN010000030.1_8	8145	9734	1590	1	0.649	11	GGA/GAG/AGG	NA	NA	NA	0	0	0	1	NA	NA	NA	NA	NA
JBHJCN010000030.1_9	9786	14954	5169	1	0.658	11	None	NA	NA	NA	0	0	0	1	NA	NA	NA	NA	NA
JBHJCN010000030.1_10	14923	22527	7605	1	0.608	11	GGA/GAG/AGG	NA	NA	NA	0	0	0	1	NA	NA	NA	NA	NA
JBHJCN010000030.1_11	22885	23229	345	-1	0.626	11	GGAGG	GENOMAD.219228.VC	0.0007097	40	0	0	0	1	NA	NA	NA	PF08845;TIGR02609;COG2336	Toxin SymE, type I toxin-antitoxin system
JBHJCN010000030.1_12	23452	28038	4587	1	0.606	11	AGGAG/GGAGG	NA	NA	NA	0	0	0	1	NA	NA	NA	NA	NA
JBHJCN010000030.1_13	28035	28343	309	1	0.417	11	None	NA	NA	NA	0	0	0	1	NA	NA	NA	NA	NA
JBHJCN010000030.1_14	28617	30527	1911	1	0.656	11	None	NA	NA	NA	0	0	0	1	NA	NA	NA	NA	NA
JBHJCN010000031.1_1	3	515	513	1	0.554	11	None	GENOMAD.177338.PC	1.225e-05	47	0	0	0	1	NA	NA	NA	PF13683	Integrase core domain
JBHJCN010000031.1_2	1623	2915	1293	1	0.640	11	AGGA	NA	NA	NA	0	0	0	1	NA	NA	NA	NA	NA
JBHJCN010000031.1_3	2899	4161	1263	-1	0.652	11	GGA/GAG/AGG	NA	NA	NA	0	0	0	1	NA	NA	NA	NA	NA
JBHJCN010000031.1_4	4172	4603	432	-1	0.657	11	GGA/GAG/AGG	GENOMAD.101229.CV	2.38e-10	60	0	0	0	1	NA	NA	NA	PF18023;K09577;COG1047	BDBT FKBP like N-terminal
JBHJCN010000031.1_5	4663	5028	366	1	0.653	11	None	GENOMAD.018062.CC	1.591e-15	74	0	0	0	1	NA	NA	NA	PF19661	Putative prokaryotic signal transducing protein
JBHJCN010000031.1_6	5128	5874	747	1	0.632	11	None	GENOMAD.112742.CP	1.229e-22	100	0	0	0	1	NA	NA	NA	PF17773;COG1054	UPF0176 acylphosphatase like domain
JBHJCN010000031.1_7	6114	6761	648	1	0.593	11	GGAG/GAGG	NA	NA	NA	0	0	0	1	NA	NA	NA	NA	NA
JBHJCN010000031.1_8	7286	10936	3651	-1	0.670	11	GGAG/GAGG	GENOMAD.090513.CP	5.666e-22	106	0	0	0	1	NA	NA	NA	PF20833	RNase E/G, Thioredoxin-like domain
JBHJCN010000031.1_9	11337	12323	987	1	0.661	11	GGA/GAG/AGG	NA	NA	NA	0	0	0	1	NA	NA	NA	NA	NA
JBHJCN010000031.1_10	12357	14174	1818	-1	0.666	11	GGAG/GAGG	GENOMAD.195728.CP	0.0	1002	0	0	0	1	NA	NA	NA	NA	NA
JBHJCN010000031.1_11	14472	15290	819	-1	0.620	11	AGGA/GGAG/GAGG	NA	NA	NA	0	0	0	1	NA	NA	NA	NA	NA
JBHJCN010000031.1_12	15555	15977	423	-1	0.721	11	GGA/GAG/AGG	GENOMAD.141401.CP	2.013e-11	63	0	0	0	1	NA	NA	NA	PF03544;TIGR01352	TonB family C-terminal domain
JBHJCN010000031.1_13	15974	16330	357	-1	0.653	11	GGA/GAG/AGG	GENOMAD.123541.CP	1.18e-25	103	0	0	0	1	NA	NA	NA	PF01329;COG2154;K01724	Pterin-4a-carbinolamine dehydratase
JBHJCN010000031.1_14	16383	17018	636	1	0.656	11	AGGA/GGAG/GAGG	GENOMAD.136854.CP	0.000231	44	0	0	0	1	NA	NA	NA	PF01106;COG0694	Fe-S cluster biogenesis protein NfuA, 4Fe-4S-binding domain
JBHJCN010000031.1_15	17032	18858	1827	1	0.684	11	None	NA	NA	NA	0	0	0	1	NA	NA	NA	NA	NA
JBHJCN010000031.1_16	19153	19722	570	-1	0.658	11	None	GENOMAD.147057.CP	1.051e-21	95	0	0	0	1	NA	NA	NA	PF13022;PF08359;K18294;TIGR03613;COG1309	pyrimidine utilization regulatory protein R
JBHJCN010000031.1_17	19846	20958	1113	1	0.680	11	GGA/GAG/AGG	NA	NA	NA	0	0	0	1	NA	NA	NA	NA	NA
JBHJCN010000031.1_18	21010	24135	3126	1	0.632	11	None	NA	NA	NA	0	0	0	1	NA	NA	NA	NA	NA
JBHJCN010000031.1_19	24597	25169	573	1	0.611	11	None	NA	NA	NA	0	0	0	1	NA	NA	NA	NA	NA
JBHJCN010000031.1_20	25156	27660	2505	-1	0.475	11	AGGAG	NA	NA	NA	0	0	0	1	NA	NA	NA	NA	NA
JBHJCN010000031.1_21	28050	29012	963	1	0.616	11	GGAG/GAGG	NA	NA	NA	0	0	0	1	NA	NA	NA	NA	NA
JBHJCN010000032.1_1	2	193	192	-1	0.542	11	AGGAG	NA	NA	NA	0	0	0	1	NA	NA	NA	NA	NA
JBHJCN010000032.1_2	264	602	339	-1	0.537	11	AGGAG	NA	NA	NA	0	0	0	1	NA	NA	NA	NA	NA
JBHJCN010000032.1_3	1428	2396	969	-1	0.613	11	AGGA	GENOMAD.098179.CP	3.287e-05	48	0	0	0	1	NA	NA	NA	NA	NA
JBHJCN010000032.1_4	2486	4330	1845	-1	0.641	11	GGA/GAG/AGG	GENOMAD.001759.CC	1.051e-24	113	0	0	0	1	NA	NA	NA	PF13721;K03072	SecD export protein N-terminal TM region
JBHJCN010000032.1_5	4521	4874	354	-1	0.633	11	AGGA	GENOMAD.092163.CP	0.0007752	40	0	0	0	1	NA	NA	NA	COG1862	Preprotein translocase subunit YajC
JBHJCN010000032.1_6	5007	6152	1146	-1	0.666	11	None	GENOMAD.077211.CP	1.746e-08	59	0	0	0	1246	Caudoviricetes	NA	NA	PF01702;K00773;TIGR00430;COG0343	tRNA-guanine transglycosylase
JBHJCN010000032.1_7	6234	7304	1071	-1	0.685	11	None	NA	NA	NA	0	0	0	1	NA	NA	NA	NA	NA
JBHJCN010000032.1_8	7458	7889	432	-1	0.674	11	None	GENOMAD.022927.CC	2.987e-06	48	0	0	0	1	NA	NA	NA	K03718;COG1522	DNA-binding transcriptional regulator, Lrp family
JBHJCN010000032.1_9	8012	9508	1497	1	0.677	11	AGGAG	NA	NA	NA	0	0	0	1	NA	NA	NA	NA	NA
JBHJCN010000032.1_10	9860	10567	708	-1	0.633	11	GGA/GAG/AGG	NA	NA	NA	0	0	0	1	NA	NA	NA	NA	NA
JBHJCN010000032.1_11	10939	12318	1380	-1	0.677	11	GGA/GAG/AGG	GENOMAD.211408.CP	0.0004988	45	0	0	0	1	NA	NA	NA	PF09423;TIGR03729;K14379;COG2908	PhoD-like phosphatase
JBHJCN010000032.1_12	12315	13436	1122	-1	0.656	11	AGxAGG/AGGxGG	GENOMAD.181891.CV	7.09e-64	226	0	0	0	1	NA	NA	NA	PF02333;COG4247	3-phytase (myo-inositol-hexaphosphate 3-phosphohydrolase)
JBHJCN010000032.1_13	13433	15991	2559	-1	0.633	11	GGA/GAG/AGG	GENOMAD.152082.CP	2.059e-27	123	0	0	0	1	NA	NA	NA	PF00593;PF07715;PF00691;TIGR01782;COG4773;K16089	TonB-dependent receptor
JBHJCN010000032.1_14	16053	16775	723	1	0.663	11	None	NA	NA	NA	0	0	0	1	NA	NA	NA	NA	NA
JBHJCN010000032.1_15	16925	18685	1761	-1	0.652	11	None	NA	NA	NA	0	0	0	1	NA	NA	NA	NA	NA
JBHJCN010000032.1_16	18974	20752	1779	-1	0.678	11	AGGAG/GGAGG	NA	NA	NA	0	0	0	1	NA	NA	NA	NA	NA
JBHJCN010000032.1_17	20749	21033	285	-1	0.600	11	None	NA	NA	NA	0	0	0	1	NA	NA	NA	NA	NA
JBHJCN010000032.1_18	21024	21248	225	-1	0.707	11	AGxAGG/AGGxGG	NA	NA	NA	0	0	0	1	NA	NA	NA	NA	NA
JBHJCN010000032.1_19	21265	21762	498	-1	0.645	11	GGAGG	NA	NA	NA	0	0	0	1	NA	NA	NA	NA	NA
JBHJCN010000032.1_20	21809	22315	507	-1	0.655	11	None	NA	NA	NA	0	0	0	1	NA	NA	NA	NA	NA
JBHJCN010000032.1_21	22312	22935	624	-1	0.734	11	GGA/GAG/AGG	NA	NA	NA	0	0	0	1	NA	NA	NA	NA	NA
JBHJCN010000032.1_22	23174	25078	1905	1	0.620	11	GGAG/GAGG	NA	NA	NA	0	0	0	1	NA	NA	NA	NA	NA
JBHJCN010000032.1_23	25692	25883	192	1	0.594	11	GGA/GAG/AGG	NA	NA	NA	0	0	0	1	NA	NA	NA	NA	NA
JBHJCN010000033.1_1	2	763	762	1	0.651	11	None	NA	NA	NA	0	0	0	1	NA	NA	NA	NA	NA
JBHJCN010000033.1_2	903	2402	1500	1	0.630	11	GGAG/GAGG	NA	NA	NA	0	0	0	1	NA	NA	NA	NA	NA
JBHJCN010000033.1_3	2518	3030	513	-1	0.606	11	AGGAG	GENOMAD.176794.PC	3.11e-38	142	0	0	0	1	NA	NA	NA	PF20409;COG4922;TIGR02096;K06893	Predicted SnoaL-like aldol condensation-catalyzing enzyme
JBHJCN010000033.1_4	3471	4655	1185	-1	0.660	11	AGGAG	GENOMAD.178036.PC	7.647e-36	144	0	0	0	1	NA	NA	NA	NA	NA
JBHJCN010000033.1_5	4752	5639	888	1	0.662	11	GGA/GAG/AGG	NA	NA	NA	0	0	0	1	NA	NA	NA	NA	NA
JBHJCN010000033.1_6	5910	7391	1482	-1	0.667	11	AGGAG	GENOMAD.133528.CP	0.0001349	47	0	0	0	1	NA	NA	NA	NA	NA
JBHJCN010000033.1_7	7423	8190	768	-1	0.651	11	GGAGG	NA	NA	NA	0	0	0	1	NA	NA	NA	NA	NA
JBHJCN010000033.1_8	8224	9213	990	-1	0.619	11	None	GENOMAD.189522.PC	1.733e-174	544	0	0	0	1	NA	NA	NA	PF13557;COG4313	Putative MetA-pathway of phenol degradation
JBHJCN010000033.1_9	9385	9861	477	-1	0.683	11	GGA/GAG/AGG	NA	NA	NA	0	0	0	1	NA	NA	NA	NA	NA
JBHJCN010000033.1_10	10298	11545	1248	-1	0.639	11	None	GENOMAD.145307.CP	1.477e-06	53	0	0	0	1	NA	NA	NA	PF01966;COG1713;TIGR03401	HD superfamily phosphohydrolase YqeK (fused to NMNAT in mycoplasms)
JBHJCN010000033.1_11	11695	13005	1311	-1	0.662	11	AGGA	NA	NA	NA	0	0	0	1	NA	NA	NA	NA	NA
JBHJCN010000033.1_12	13467	14012	546	1	0.645	11	GGAG/GAGG	NA	NA	NA	0	0	0	1	NA	NA	NA	NA	NA
JBHJCN010000033.1_13	14069	14257	189	-1	0.741	11	None	NA	NA	NA	0	0	0	1	NA	NA	NA	NA	NA
JBHJCN010000033.1_14	14384	15745	1362	-1	0.667	11	AGGAG	GENOMAD.213349.VC	1.586e-14	79	0	0	0	1	NA	NA	NA	PF00150;COG2730	Cellulase (glycosyl hydrolase family 5)
JBHJCN010000033.1_15	16130	17968	1839	1	0.650	11	None	NA	NA	NA	0	0	0	1	NA	NA	NA	NA	NA
JBHJCN010000033.1_16	18243	19190	948	-1	0.651	11	None	NA	NA	NA	0	0	0	1	NA	NA	NA	NA	NA
JBHJCN010000033.1_17	19792	19917	126	1	0.579	11	GGA/GAG/AGG	NA	NA	NA	0	0	0	1	NA	NA	NA	NA	NA
JBHJCN010000034.1_1	3	539	537	1	0.611	11	None	NA	NA	NA	0	0	0	1	NA	NA	NA	NA	NA
JBHJCN010000034.1_2	913	1776	864	1	0.613	11	None	NA	NA	NA	0	0	0	1	NA	NA	NA	NA	NA
JBHJCN010000034.1_3	1925	2179	255	-1	0.580	11	AGGAG	NA	NA	NA	0	0	0	1	NA	NA	NA	NA	NA
JBHJCN010000034.1_4	2444	4045	1602	1	0.668	11	AGGA	NA	NA	NA	0	0	0	1	NA	NA	NA	NA	NA
JBHJCN010000034.1_5	4098	4439	342	-1	0.632	11	AGGAG	NA	NA	NA	0	0	0	1	NA	NA	NA	NA	NA
JBHJCN010000034.1_6	4596	5276	681	-1	0.505	11	AGxAGG/AGGxGG	NA	NA	NA	0	0	0	1	NA	NA	NA	NA	NA
JBHJCN010000034.1_7	5422	6939	1518	-1	0.638	11	3Base/5BMM	NA	NA	NA	0	0	0	1	NA	NA	NA	NA	NA
JBHJCN010000034.1_8	7254	9305	2052	1	0.676	11	GGA/GAG/AGG	GENOMAD.000854.CC	6.826e-29	127	0	0	0	1	NA	NA	NA	PF14840	Processivity clamp loader gamma complex DNA pol III C-term
JBHJCN010000034.1_9	9312	9632	321	1	0.629	11	GGA/GAG/AGG	GENOMAD.000078.CC	2.582e-20	87	0	0	0	1	NA	NA	NA	PF10921;K09747;COG0718;TIGR00103	Conserved DNA-binding protein YbaB (function unknown)
JBHJCN010000034.1_10	9730	10323	594	1	0.667	11	None	GENOMAD.000052.CC	1.716e-39	147	1	0	0	1246	Caudoviricetes	NA	NA	PF02132;PF13662;COG0353;TIGR00615;K06187	Recombinational DNA repair protein RecR
JBHJCN010000034.1_11	10424	10774	351	1	0.627	11	None	NA	NA	NA	0	0	0	1	NA	NA	NA	NA	NA
JBHJCN010000034.1_12	10892	11425	534	-1	0.661	11	GGAG/GAGG	GENOMAD.138200.CP	2.898e-42	154	0	0	0	1	NA	NA	NA	K07285;COG3065	Starvation-inducible outer membrane lipoprotein
JBHJCN010000034.1_13	11422	13374	1953	-1	0.677	11	None	GENOMAD.133722.CP	7.245e-42	168	0	0	0	1	NA	NA	NA	PF11992;PF01841;PF13559;K22452	TgpA N-terminal domain; Transglutaminase-like superfamily
JBHJCN010000034.1_14	13367	14323	957	-1	0.691	11	GGA/GAG/AGG	GENOMAD.115237.CP	1.539e-69	240	0	0	0	1	NA	NA	NA	PF01882;PF05753;COG1721	Uncharacterized conserved protein, DUF58 family, contains vWF domain
JBHJCN010000034.1_15	14328	15281	954	-1	0.672	11	GGA/GAG/AGG	NA	NA	NA	0	0	0	1	NA	NA	NA	NA	NA
JBHJCN010000034.1_16	15319	17157	1839	1	0.662	11	GGA/GAG/AGG	GENOMAD.141973.CP	3.741e-104	354	0	0	0	1	NA	NA	NA	COG1807	4-amino-4-deoxy-L-arabinose transferase or related glycosyltransferase of PMT family
JBHJCN010000034.1_17	17270	18625	1356	1	0.487	11	AGGA	GENOMAD.056843.CC	1.292e-256	788	0	0	0	1	NA	NA	NA	NA	NA
JBHJCN010000034.1_18	18739	19065	327	-1	0.688	11	None	NA	NA	NA	0	0	0	1	NA	NA	NA	NA	NA
JBHJCN010000035.1_1	1	1635	1635	-1	0.614	11	AGGAG	NA	NA	NA	0	0	0	1	NA	NA	NA	NA	NA
JBHJCN010000035.1_2	1622	2092	471	-1	0.626	11	AGGAG	NA	NA	NA	0	0	0	1	NA	NA	NA	NA	NA
JBHJCN010000035.1_3	2340	2537	198	-1	0.576	11	GGA/GAG/AGG	NA	NA	NA	0	0	0	1	NA	NA	NA	NA	NA
JBHJCN010000035.1_4	2679	3356	678	-1	0.667	11	AGGAG	NA	NA	NA	0	0	0	1	NA	NA	NA	NA	NA
JBHJCN010000035.1_5	3375	5924	2550	-1	0.618	11	GGAG/GAGG	GENOMAD.090142.PC	7.349e-164	539	0	1	0	1	NA	MOBP1	NA	PF03432;PF18821	Relaxase/Mobilisation nuclease domain; Large polyvalent protein-associated domain 7
JBHJCN010000035.1_6	5928	6287	360	-1	0.667	11	AGGA	GENOMAD.010065.PP	3.718e-30	116	0	1	0	1	NA	NA	NA	PF07328;COG4453	T-DNA border endonuclease VirD1
JBHJCN010000035.1_7	6577	7002	426	1	0.662	11	AGxAGG/AGGxGG	GENOMAD.136316.PV	1.156e-08	55	0	0	0	1	NA	NA	NA	PF17273	NA
JBHJCN010000035.1_8	7031	7780	750	1	0.613	11	AGGA	GENOMAD.126298.PC	4.668e-07	53	0	0	0	1	NA	NA	NA	PF10609;K07321;TIGR03371;COG1348	NUBPL iron-transfer P-loop NTPase
JBHJCN010000035.1_9	7790	8347	558	1	0.584	11	GGA/GAG/AGG	NA	NA	NA	0	0	0	1	NA	NA	NA	NA	NA
JBHJCN010000035.1_10	8431	10119	1689	1	0.613	11	AGGAG	NA	NA	NA	0	0	0	1	NA	NA	NA	NA	NA
JBHJCN010000035.1_11	10123	10920	798	1	0.627	11	GGAGG	NA	NA	NA	0	0	0	1	NA	NA	NA	NA	NA
JBHJCN010000035.1_12	10917	11498	582	1	0.564	11	AGGA	NA	NA	NA	0	0	0	1	NA	NA	NA	NA	NA
JBHJCN010000035.1_13	11519	11971	453	-1	0.645	11	GGA/GAG/AGG	NA	NA	NA	0	0	0	1	NA	NA	NA	NA	NA
JBHJCN010000035.1_14	12987	13895	909	-1	0.600	11	AGGAG/GGAGG	NA	NA	NA	0	0	0	1	NA	NA	NA	NA	NA
JBHJCN010000035.1_15	14006	14281	276	-1	0.587	11	None	NA	NA	NA	0	0	0	1	NA	NA	NA	NA	NA
JBHJCN010000035.1_16	14285	14767	483	-1	0.656	11	GGAG/GAGG	GENOMAD.141466.PV	2.279e-28	113	0	0	0	1	NA	NA	NA	PF20090	NA
JBHJCN010000035.1_17	14874	15089	216	-1	0.671	11	GGAG/GAGG	NA	NA	NA	0	0	0	1	NA	NA	NA	NA	NA
JBHJCN010000035.1_18	15089	15301	213	-1	0.671	11	GGA/GAG/AGG	GENOMAD.221727.VP	7.663e-10	55	0	0	0	1	NA	NA	NA	NA	NA
JBHJCN010000035.1_19	15283	15558	276	-1	0.638	11	GGA/GAG/AGG	GENOMAD.228056.PP	1.332e-05	44	0	0	0	1	NA	NA	NA	NA	NA
JBHJCN010000035.1_20	15615	16184	570	-1	0.596	11	None	GENOMAD.115261.PC	1.343e-17	83	0	1	0	1	NA	T_virB5	NA	TIGR02780;COG5314;K20266	P-type conjugative transfer protein TrbJ
JBHJCN010000036.1_1	16	759	744	1	0.578	11	GGAG/GAGG	NA	NA	NA	0	0	0	1	NA	NA	NA	NA	NA
JBHJCN010000036.1_2	1477	1905	429	-1	0.608	11	GGA/GAG/AGG	GENOMAD.101014.VV	9.116e-31	119	0	0	1	1	NA	NA	NA	PF12375	Phage protein
JBHJCN010000036.1_3	1898	2386	489	-1	0.607	11	GGA/GAG/AGG	GENOMAD.223687.VP	1.015e-06	50	0	0	1	2773	Inoviridae	NA	NA	PF12472	Phage related protein
JBHJCN010000036.1_4	2514	2729	216	1	0.611	11	GGAGG	GENOMAD.096365.VV	3.199e-18	79	0	0	0	2773	Inoviridae	NA	NA	NA	NA
JBHJCN010000036.1_5	2726	2899	174	1	0.546	11	AGGAG	NA	NA	NA	0	0	0	1	NA	NA	NA	NA	NA
JBHJCN010000036.1_6	2892	3068	177	1	0.565	11	AGxAGG/AGGxGG	GENOMAD.185254.VV	3.756e-18	78	0	0	0	1	NA	NA	NA	NA	NA
JBHJCN010000036.1_7	3061	4101	1041	1	0.579	11	GGAG/GAGG	GENOMAD.222675.VP	8.995e-234	716	0	0	0	2773	Inoviridae	NA	NA	NA	NA
JBHJCN010000036.1_8	4098	4394	297	1	0.566	11	GGA/GAG/AGG	GENOMAD.222243.VP	5.055e-49	169	0	0	1	2773	Inoviridae	NA	NA	PF02303	Helix-destabilising protein
JBHJCN010000036.1_9	4398	4649	252	1	0.639	11	GGA/GAG/AGG	GENOMAD.148914.VV	4.547e-20	85	0	0	1	1	NA	NA	NA	PF17091	Inovirus G7P protein
JBHJCN010000036.1_10	4677	4805	129	1	0.581	11	AGGAG	GENOMAD.112093.VV	2.595e-14	66	0	0	0	1	NA	NA	NA	NA	NA
JBHJCN010000036.1_11	5067	5921	855	1	0.601	11	None	GENOMAD.097192.VV	2.31e-32	130	0	0	0	2773	Inoviridae	NA	NA	NA	NA
JBHJCN010000036.1_12	6056	6376	321	1	0.583	11	GGAG/GAGG	GENOMAD.214060.VP	4.995e-45	158	0	0	0	2773	Inoviridae	NA	NA	NA	NA
JBHJCN010000036.1_13	6378	7700	1323	1	0.613	11	GGA/GAG/AGG	NA	NA	NA	0	0	0	1	NA	NA	NA	NA	NA
JBHJCN010000036.1_14	7730	8122	393	1	0.583	11	GGAGG	GENOMAD.141606.VV	9.358e-50	173	0	0	0	16538	Coriovirus Cf1c	NA	NA	PF13511	NA
JBHJCN010000036.1_15	8161	8499	339	-1	0.640	11	GGA/GAG/AGG	GENOMAD.212325.VP	8.98e-58	195	0	0	1	2773	Inoviridae	NA	NA	PF12375;PF12472	Phage protein; Phage related protein
JBHJCN010000036.1_16	8664	10580	1917	1	0.664	11	GGA/GAG/AGG	NA	NA	NA	0	0	0	1	NA	NA	NA	NA	NA
JBHJCN010000036.1_17	11131	11556	426	-1	0.601	11	None	NA	NA	NA	0	0	0	1	NA	NA	NA	NA	NA
JBHJCN010000036.1_18	11622	12560	939	1	0.640	11	None	NA	NA	NA	0	0	0	1	NA	NA	NA	NA	NA
JBHJCN010000036.1_19	12557	12997	441	1	0.689	11	GGA/GAG/AGG	NA	NA	NA	0	0	0	1	NA	NA	NA	NA	NA
JBHJCN010000036.1_20	12994	13425	432	1	0.671	11	GGAG/GAGG	GENOMAD.151842.CP	2.697e-08	54	0	0	0	1	NA	NA	NA	PF20398;COG2391	Sulphur transport
JBHJCN010000036.1_21	13422	13862	441	1	0.630	11	GGA/GAG/AGG	GENOMAD.179551.PC	1.548e-17	81	0	0	0	1	NA	NA	NA	PF04273;TIGR01244;COG3453	TIGR01244 family protein
JBHJCN010000036.1_22	13872	14522	651	1	0.624	11	GGA/GAG/AGG	NA	NA	NA	0	0	0	1	NA	NA	NA	NA	NA
JBHJCN010000037.1_1	55	315	261	1	0.655	11	GGAGG	GENOMAD.223849.VP	3.135e-10	57	0	0	0	1	NA	NA	NA	NA	NA
JBHJCN010000037.1_2	308	1951	1644	1	0.644	11	GGAG/GAGG	GENOMAD.183789.PC	1.254e-84	294	0	1	0	1	NA	NA	NA	PF02195;TIGR03764;COG1475;K03497	integrating conjugative element, PFGI_1 class, ParB family protein
JBHJCN010000037.1_3	1967	2527	561	1	0.586	11	GGAG/GAGG	GENOMAD.180325.PC	2.943e-46	166	0	0	0	1	NA	NA	NA	PF11198	NA
JBHJCN010000037.1_4	2531	3757	1227	1	0.597	11	GGA/GAG/AGG	GENOMAD.192798.PC	1.098e-87	297	0	0	0	1	NA	NA	NA	NA	NA
JBHJCN010000037.1_5	4079	4834	756	1	0.616	11	GGA/GAG/AGG	GENOMAD.171663.PC	1.409e-94	309	0	0	0	1	NA	NA	NA	PF08900;TIGR03761	integrating conjugative element protein, PFL_4669 family
JBHJCN010000037.1_6	4831	5364	534	1	0.612	11	GGA/GAG/AGG	GENOMAD.067442.PP	1.301e-33	129	0	0	0	1	NA	NA	NA	PF11358	NA
JBHJCN010000037.1_7	5438	5878	441	1	0.619	11	GGAG/GAGG	NA	NA	NA	0	0	0	1	NA	NA	NA	NA	NA
JBHJCN010000037.1_8	6158	8170	2013	1	0.641	11	GGA/GAG/AGG	NA	NA	NA	0	0	0	1	NA	NA	NA	NA	NA
JBHJCN010000037.1_9	8705	10243	1539	1	0.652	11	AGGAG	GENOMAD.208994.VP	2.183e-61	224	0	0	0	1246	Caudoviricetes	NA	NA	PF00145;K21507;TIGR00675;COG0270	DNA-methyltransferase (dcm)
JBHJCN010000037.1_10	10716	10928	213	1	0.592	11	AGGAG	NA	NA	NA	0	0	0	1	NA	NA	NA	NA	NA
JBHJCN010000037.1_11	10950	11342	393	1	0.618	11	AGGAG	NA	NA	NA	0	0	0	1	NA	NA	NA	NA	NA
JBHJCN010000037.1_12	11583	13709	2127	1	0.667	11	GGAG/GAGG	NA	NA	NA	0	0	0	1	NA	NA	NA	NA	NA
JBHJCN010000037.1_13	13709	14635	927	1	0.634	11	GGAG/GAGG	NA	NA	NA	0	0	0	1	NA	NA	NA	NA	NA
JBHJCN010000038.1_1	2	85	84	1	0.619	11	None	NA	NA	NA	0	0	0	1	NA	NA	NA	NA	NA
JBHJCN010000038.1_2	188	1522	1335	-1	0.642	11	None	NA	NA	NA	0	0	0	1	NA	NA	NA	NA	NA
JBHJCN010000038.1_3	1515	2192	678	-1	0.633	11	GGAG/GAGG	NA	NA	NA	0	0	0	1	NA	NA	NA	NA	NA
JBHJCN010000038.1_4	2218	2661	444	-1	0.613	11	AGGAG	NA	NA	NA	0	0	0	1	NA	NA	NA	NA	NA
JBHJCN010000038.1_5	2870	3787	918	-1	0.673	11	None	NA	NA	NA	0	0	0	1	NA	NA	NA	NA	NA
JBHJCN010000038.1_6	4259	6391	2133	1	0.617	11	GGA/GAG/AGG	GENOMAD.145672.CV	0.0004447	46	0	0	0	1	NA	NA	NA	PF18390	Glycogen debranching enzyme C-terminal domain
JBHJCN010000038.1_7	7016	7408	393	-1	0.611	11	None	GENOMAD.116980.PP	1.551e-52	181	0	0	0	1	NA	NA	NA	COG2916;K11685	DNA-binding protein H-NS
JBHJCN010000038.1_8	7499	7891	393	-1	0.672	11	None	NA	NA	NA	0	0	0	1	NA	NA	NA	NA	NA
JBHJCN010000038.1_9	8002	8685	684	-1	0.614	11	AGGA	NA	NA	NA	0	0	0	1	NA	NA	NA	NA	NA
JBHJCN010000038.1_10	9139	9387	249	1	0.546	11	GGAG/GAGG	NA	NA	NA	0	0	0	1	NA	NA	NA	NA	NA
JBHJCN010000038.1_11	9884	10228	345	1	0.638	11	AGGAG	NA	NA	NA	0	0	0	1	NA	NA	NA	NA	NA
JBHJCN010000038.1_12	10292	10573	282	1	0.550	11	AGGA	NA	NA	NA	0	0	0	1	NA	NA	NA	NA	NA
JBHJCN010000038.1_13	10581	10949	369	1	0.588	11	GGAG/GAGG	NA	NA	NA	0	0	0	1	NA	NA	NA	NA	NA
JBHJCN010000038.1_14	11022	12617	1596	-1	0.681	11	GGAG/GAGG	NA	NA	NA	0	0	0	1	NA	NA	NA	NA	NA
JBHJCN010000038.1_15	12883	13209	327	1	0.587	11	AGGAG	NA	NA	NA	0	0	0	1	NA	NA	NA	NA	NA
JBHJCN010000039.1_1	2	697	696	1	0.595	11	None	GENOMAD.105811.PC	4.454e-13	71	0	1	0	1	NA	T_virB6	NA	K03201;COG3704	Type IV secretory pathway, VirB6 components
JBHJCN010000039.1_2	986	1768	783	1	0.571	11	AGxAGG/AGGxGG	GENOMAD.101886.PC	8.165e-15	77	0	1	0	1	NA	T_virB8	NA	PF04335;K12081;COG3736;TIGR03781	VirB8 protein
JBHJCN010000039.1_3	1770	2669	900	1	0.573	11	GGAGG	GENOMAD.117259.PC	8.824e-27	114	0	1	0	1	NA	T_virB9	NA	PF03524;TIGR02781;COG3504	Conjugal transfer protein
JBHJCN010000039.1_4	2666	3805	1140	1	0.597	11	GGAGG	GENOMAD.107175.PC	1.557e-52	193	0	1	0	1	NA	NA	NA	PF03743	Bacterial conjugation TrbI-like protein
JBHJCN010000039.1_5	3795	4820	1026	1	0.562	11	None	NA	NA	NA	0	0	0	1	NA	NA	NA	NA	NA
JBHJCN010000039.1_6	4846	5358	513	1	0.614	11	None	GENOMAD.162302.CP	2.635e-06	49	0	0	0	1	NA	NA	NA	PF13091;COG3886	PLD-like domain
JBHJCN010000039.1_7	5408	5725	318	1	0.610	11	GGAG/GAGG	NA	NA	NA	0	0	0	1	NA	NA	NA	NA	NA
JBHJCN010000039.1_8	6081	6239	159	1	0.560	11	GGA/GAG/AGG	NA	NA	NA	0	0	0	1	NA	NA	NA	NA	NA
JBHJCN010000039.1_9	6236	9106	2871	-1	0.643	11	None	NA	NA	NA	0	0	0	1	NA	NA	NA	NA	NA
JBHJCN010000039.1_10	9103	10650	1548	-1	0.628	11	GGAG/GAGG	GENOMAD.228061.PC	7.103e-05	48	0	1	0	1	NA	t4cp2	NA	PF10412;COG3505;TIGR02759	Type IV secretory pathway, VirD4 component, TraG/TraD family ATPase
JBHJCN010000039.1_11	10654	10992	339	-1	0.581	11	AGxAGG/AGGxGG	NA	NA	NA	0	0	0	1	NA	NA	NA	NA	NA
JBHJCN010000039.1_12	11376	11822	447	1	0.604	11	GGA/GAG/AGG	GENOMAD.136316.PV	1.616e-05	46	0	0	0	1	NA	NA	NA	PF17273	NA
JBHJCN010000039.1_13	11832	12527	696	1	0.576	11	AGGAG	GENOMAD.123110.PV	2.037e-53	189	0	0	0	1	NA	NA	NA	PF07755;COG0132;TIGR03371	Dethiobiotin synthetase
JBHJCN010000039.1_14	12542	12922	381	1	0.633	11	AGxAGG/AGGxGG	NA	NA	NA	0	0	0	1	NA	NA	NA	NA	NA
JBHJCN010000039.1_15	12967	13281	315	-1	0.613	11	GGAG/GAGG	GENOMAD.027931.PP	2.845e-26	104	0	0	0	1	NA	NA	NA	NA	NA
JBHJCN010000039.1_16	13342	13590	249	-1	0.518	11	None	NA	NA	NA	0	0	0	1	NA	NA	NA	NA	NA
JBHJCN010000040.1_1	31	612	582	1	0.631	11	GGAGG	NA	NA	NA	0	0	0	1	NA	NA	NA	NA	NA
JBHJCN010000040.1_2	690	1406	717	-1	0.519	11	AGGA	NA	NA	NA	0	0	0	1	NA	NA	NA	NA	NA
JBHJCN010000040.1_3	1399	1917	519	-1	0.482	11	GGA/GAG/AGG	GENOMAD.219690.CP	1.277e-05	47	0	0	0	1	NA	NA	NA	PF14487	ssDNA thymidine ADP-ribosyltransferase, DarT
JBHJCN010000040.1_4	2003	2629	627	-1	0.746	11	GGA/GAG/AGG	NA	NA	NA	0	0	0	1	NA	NA	NA	NA	NA
JBHJCN010000040.1_5	3081	5162	2082	1	0.622	11	AGGAG	NA	NA	NA	0	0	0	1	NA	NA	NA	NA	NA
JBHJCN010000040.1_6	5155	5478	324	1	0.633	11	AGxAG	NA	NA	NA	0	0	0	1	NA	NA	NA	NA	NA
JBHJCN010000040.1_7	5468	6298	831	1	0.646	11	GGAG/GAGG	NA	NA	NA	0	0	0	1	NA	NA	NA	NA	NA
JBHJCN010000040.1_8	6410	6622	213	-1	0.653	11	AGGA	NA	NA	NA	0	0	0	1	NA	NA	NA	NA	NA
JBHJCN010000040.1_9	6683	6919	237	-1	0.599	11	GGA/GAG/AGG	GENOMAD.078220.PP	3.036e-29	111	0	0	0	1	NA	NA	NA	NA	NA
JBHJCN010000040.1_10	6933	7841	909	-1	0.726	11	GGAG/GAGG	NA	NA	NA	0	0	0	1	NA	NA	NA	NA	NA
JBHJCN010000040.1_11	8072	8896	825	1	0.623	11	AGGAG	GENOMAD.214654.VP	5.271e-20	93	0	0	0	1246	Caudoviricetes	NA	NA	PF06067;TIGR03299	phage/plasmid-like protein TIGR03299
JBHJCN010000040.1_12	8949	9374	426	1	0.570	11	GGAG/GAGG	NA	NA	NA	0	0	0	1	NA	NA	NA	NA	NA
JBHJCN010000040.1_13	9371	9592	222	1	0.595	11	GGA/GAG/AGG	GENOMAD.220666.PV	7.048e-19	81	0	0	0	1	NA	NA	NA	PF10892;TIGR04165	NA
JBHJCN010000040.1_14	9597	9836	240	1	0.637	11	AGGAG	NA	NA	NA	0	0	0	1	NA	NA	NA	NA	NA
JBHJCN010000040.1_15	9962	10273	312	1	0.596	11	AGGA/GGAG/GAGG	GENOMAD.110060.PV	1.498e-24	99	0	0	0	1	NA	NA	NA	PF03333;COG1342;TIGR03879;K02479	Adhesin biosynthesis transcription regulatory protein
JBHJCN010000040.1_16	10266	10454	189	1	0.614	11	AGGAG	GENOMAD.069405.PP	6.56e-22	89	0	0	0	1	NA	NA	NA	PF18495	Antitoxin VbhA
JBHJCN010000040.1_17	10468	11397	930	1	0.638	11	None	NA	NA	NA	0	0	0	1	NA	NA	NA	NA	NA
JBHJCN010000040.1_18	12135	12572	438	1	0.578	11	AGGAG	NA	NA	NA	0	0	0	1	NA	NA	NA	NA	NA
JBHJCN010000041.1_1	139	534	396	1	0.530	11	GGA/GAG/AGG	GENOMAD.116980.PP	4.051e-59	200	0	0	0	1	NA	NA	NA	COG2916;K11685	DNA-binding protein H-NS
JBHJCN010000041.1_2	988	2019	1032	-1	0.532	11	AGGA	GENOMAD.114461.PP	1.737e-90	302	0	0	0	1	NA	NA	NA	NA	NA
JBHJCN010000041.1_3	2634	3926	1293	-1	0.532	11	GGA/GAG/AGG	GENOMAD.190917.PC	2.671e-05	49	0	0	0	1	NA	NA	NA	PF13583	Metallo-peptidase family M12B Reprolysin-like
JBHJCN010000041.1_4	5251	5730	480	1	0.617	11	GGAG/GAGG	NA	NA	NA	0	0	0	1	NA	NA	NA	NA	NA
JBHJCN010000041.1_5	5780	6217	438	-1	0.550	11	GGAGG	NA	NA	NA	0	0	0	1	NA	NA	NA	NA	NA
JBHJCN010000041.1_6	6217	7047	831	-1	0.574	11	AGGA	NA	NA	NA	0	0	0	1	NA	NA	NA	NA	NA
JBHJCN010000041.1_7	7080	7973	894	-1	0.614	11	GGAG/GAGG	GENOMAD.177500.PC	2.123e-54	195	0	0	0	1	NA	NA	NA	PF09836;COG3219;K09929	Putative DNA-binding domain
JBHJCN010000041.1_8	7966	8895	930	-1	0.598	11	None	GENOMAD.147741.CP	1.7e-38	149	0	0	0	1	NA	NA	NA	PF10048;K09930;COG3220	Predicted integral membrane protein (DUF2282)
JBHJCN010000041.1_9	8950	11013	2064	-1	0.594	11	GGAG/GAGG	NA	NA	NA	0	0	0	1	NA	NA	NA	NA	NA
JBHJCN010000041.1_10	11636	12163	528	1	0.568	11	GGA/GAG/AGG	NA	NA	NA	0	0	0	1	NA	NA	NA	NA	NA
JBHJCN010000042.1_1	1	369	369	-1	0.547	11	GGA/GAG/AGG	NA	NA	NA	0	0	0	1	NA	NA	NA	NA	NA
JBHJCN010000042.1_2	411	770	360	-1	0.589	11	GGA/GAG/AGG	GENOMAD.018298.PP	0.0008211	40	0	0	0	1	NA	NA	NA	NA	NA
JBHJCN010000042.1_3	775	1482	708	-1	0.549	11	AGGAG	GENOMAD.069718.PP	5.97e-61	211	0	1	0	1	NA	T_virB5	NA	PF07996;K03200;TIGR02791;COG5314	P-type DNA transfer protein VirB5
JBHJCN010000042.1_4	1571	4192	2622	-1	0.571	11	GGAG/GAGG	GENOMAD.108687.PC	1.63e-70	261	0	1	0	1	NA	virb4	NA	PF19044;PF03135;PF05101;K03199;TIGR00929;COG3451	type IV secretion/conjugal transfer ATPase, VirB4 family
JBHJCN010000042.1_5	4194	4511	318	-1	0.547	11	GGAG/GAGG	GENOMAD.068208.PP	5.797e-51	175	0	1	0	1	NA	T_virB3	NA	PF05101;COG3702;K03198	Type IV secretory pathway, VirB3 components
JBHJCN010000042.1_6	4533	4823	291	-1	0.553	11	AGGA/GGAG/GAGG	GENOMAD.021931.PP	3.863e-12	63	0	1	0	1	NA	NA	NA	PF04956;K03197	TrbC/VIRB2 pilin
JBHJCN010000042.1_7	5001	5882	882	-1	0.569	11	None	GENOMAD.113489.PC	2.715e-05	48	0	1	0	1	NA	T_virB1	NA	PF06871;K03194;COG4764	TraH_2
JBHJCN010000042.1_8	5955	6200	246	1	0.561	11	GGA/GAG/AGG	NA	NA	NA	0	0	0	1	NA	NA	NA	NA	NA
JBHJCN010000042.1_9	6203	6580	378	1	0.590	11	AGGAG	NA	NA	NA	0	0	0	1	NA	NA	NA	NA	NA
JBHJCN010000042.1_10	6593	6700	108	1	0.556	11	AGGAG	NA	NA	NA	0	0	0	1	NA	NA	NA	NA	NA
JBHJCN010000042.1_11	6867	7169	303	1	0.604	11	GGA/GAG/AGG	NA	NA	NA	0	0	0	1	NA	NA	NA	NA	NA
JBHJCN010000042.1_12	7407	8042	636	1	0.629	11	GGA/GAG/AGG	NA	NA	NA	0	0	0	1	NA	NA	NA	NA	NA
JBHJCN010000042.1_13	8287	9789	1503	-1	0.525	11	None	NA	NA	NA	0	0	0	1	NA	NA	NA	NA	NA
JBHJCN010000042.1_14	9922	10170	249	-1	0.534	11	GGAG/GAGG	NA	NA	NA	0	0	0	1	NA	NA	NA	NA	NA
JBHJCN010000042.1_15	10356	10670	315	-1	0.581	11	GGA/GAG/AGG	NA	NA	NA	0	0	0	1	NA	NA	NA	NA	NA
JBHJCN010000042.1_16	10785	11411	627	-1	0.600	11	None	GENOMAD.177338.PC	2.368e-05	47	0	0	0	1	NA	NA	NA	PF13683	Integrase core domain
JBHJCN010000043.1_1	3	1553	1551	-1	0.551	11	GGA/GAG/AGG	NA	NA	NA	0	0	0	1	NA	NA	NA	NA	NA
JBHJCN010000043.1_2	2015	2335	321	-1	0.623	11	GGAG/GAGG	NA	NA	NA	0	0	0	1	NA	NA	NA	NA	NA
JBHJCN010000043.1_3	2744	4291	1548	1	0.578	11	GGA/GAG/AGG	NA	NA	NA	0	0	0	1	NA	NA	NA	NA	NA
JBHJCN010000043.1_4	4241	4666	426	-1	0.587	11	AGGA	NA	NA	NA	0	0	0	1	NA	NA	NA	NA	NA
JBHJCN010000043.1_5	5187	5960	774	1	0.550	11	GGA/GAG/AGG	GENOMAD.043515.PP	1.754e-138	436	0	1	0	1	NA	B_traI	NA	PF13605;TIGR02791;COG5314;K03200	P-type DNA transfer protein VirB5
JBHJCN010000043.1_6	5992	7128	1137	1	0.563	11	GGA/GAG/AGG	GENOMAD.022765.PP	3.855e-216	667	0	1	0	1	NA	T_virB6	NA	K03201;COG3704	Type IV secretory pathway, VirB6 components
JBHJCN010000043.1_7	7168	7689	522	1	0.489	11	None	GENOMAD.086806.PP	5.009e-34	130	0	0	0	1	NA	NA	NA	PF13827	NA
JBHJCN010000043.1_8	8055	8585	531	1	0.507	11	AGGAG	NA	NA	NA	0	0	0	1	NA	NA	NA	NA	NA
JBHJCN010000043.1_9	8651	9241	591	1	0.504	11	AGGA	NA	NA	NA	0	0	0	1	NA	NA	NA	NA	NA
JBHJCN010000043.1_10	9238	10584	1347	1	0.602	11	GGA/GAG/AGG	NA	NA	NA	0	0	0	1	NA	NA	NA	NA	NA
JBHJCN010000043.1_11	10463	10774	312	-1	0.577	11	None	NA	NA	NA	0	0	0	1	NA	NA	NA	NA	NA
JBHJCN010000044.1_1	1	294	294	1	0.541	11	None	NA	NA	NA	0	0	0	1	NA	NA	NA	NA	NA
JBHJCN010000044.1_2	287	1267	981	1	0.559	11	GGA/GAG/AGG	NA	NA	NA	0	0	0	1	NA	NA	NA	NA	NA
JBHJCN010000044.1_3	1264	4098	2835	1	0.628	11	None	NA	NA	NA	0	0	0	1	NA	NA	NA	NA	NA
JBHJCN010000044.1_4	4334	5632	1299	1	0.566	11	None	GENOMAD.137385.CP	9.238e-24	108	0	0	0	1	NA	NA	NA	PF00529;K13408;TIGR01843;COG1566	type I secretion membrane fusion protein, HlyD family
JBHJCN010000044.1_5	5629	7845	2217	1	0.560	11	None	NA	NA	NA	0	0	0	1	NA	NA	NA	NA	NA
JBHJCN010000044.1_6	7952	8743	792	1	0.520	11	GGAG/GAGG	NA	NA	NA	0	0	0	1	NA	NA	NA	NA	NA
JBHJCN010000044.1_7	8770	9309	540	1	0.443	11	AGGA	NA	NA	NA	0	0	0	1	NA	NA	NA	NA	NA
JBHJCN010000044.1_8	9460	10545	1086	-1	0.565	11	None	NA	NA	NA	0	0	0	1	NA	NA	NA	NA	NA
JBHJCN010000045.1_1	2	628	627	-1	0.612	11	GGA/GAG/AGG	NA	NA	NA	0	0	0	1	NA	NA	NA	NA	NA
JBHJCN010000045.1_2	913	1206	294	-1	0.558	11	AGGA	NA	NA	NA	0	0	0	1	NA	NA	NA	NA	NA
JBHJCN010000045.1_3	1416	2903	1488	-1	0.614	11	GGA/GAG/AGG	NA	NA	NA	0	0	0	1	NA	NA	NA	NA	NA
JBHJCN010000045.1_4	3082	3447	366	-1	0.593	11	GGA/GAG/AGG	GENOMAD.115272.PV	1.196e-18	83	0	0	0	1	NA	NA	NA	PF20090	NA
JBHJCN010000045.1_5	3519	3824	306	-1	0.572	11	None	GENOMAD.137354.PC	9.523e-05	42	0	1	0	1	NA	NA	NA	PF05016;COG3668;TIGR02385;K19093	ParE toxin of type II toxin-antitoxin system, parDE
JBHJCN010000045.1_6	3828	4295	468	-1	0.641	11	AGGAG	NA	NA	NA	0	0	0	1	NA	NA	NA	NA	NA
JBHJCN010000045.1_7	4502	4822	321	1	0.558	11	GGAG/GAGG	NA	NA	NA	0	0	0	1	NA	NA	NA	NA	NA
JBHJCN010000045.1_8	4880	5215	336	1	0.515	11	AGGA	GENOMAD.225822.VP	3.185e-12	64	0	0	0	1	NA	NA	NA	NA	NA
JBHJCN010000045.1_9	5461	5712	252	-1	0.671	11	AGGA	NA	NA	NA	0	0	0	1	NA	NA	NA	NA	NA
JBHJCN010000045.1_10	6029	6430	402	-1	0.619	11	GGA/GAG/AGG	GENOMAD.172079.PC	0.0002501	42	0	0	0	1	NA	NA	NA	PF07929	Plasmid pRiA4b ORF-3-like protein
JBHJCN010000045.1_11	6529	7227	699	-1	0.532	11	GGA/GAG/AGG	GENOMAD.191442.PC	1.715e-22	99	0	0	0	1	NA	NA	NA	PF03695;K07039;COG3318;TIGR02292	Uncharacterized conserved protein YecA, UPF0149 family, contains C-terminal Zn-binding SEC-C motif
JBHJCN010000045.1_12	7246	8307	1062	-1	0.632	11	None	NA	NA	NA	0	0	0	1	NA	NA	NA	NA	NA
JBHJCN010000046.1_1	132	758	627	-1	0.558	11	GGAG/GAGG	GENOMAD.137753.PC	2.555e-29	118	0	1	0	1	NA	NA	NA	PF08139;TIGR02747;COG3015	NA
JBHJCN010000046.1_2	1896	2825	930	1	0.629	11	GGAG/GAGG	GENOMAD.189928.PC	9.877e-49	179	0	0	0	1	NA	NA	NA	PF12101	NA
JBHJCN010000046.1_3	2887	3567	681	1	0.639	11	AGGAG	GENOMAD.123925.PP	5.399e-102	329	0	0	0	1	NA	NA	NA	PF11679	NA
JBHJCN010000046.1_4	3659	3982	324	1	0.577	11	GGAGG	GENOMAD.013765.PP	2.347e-61	205	0	0	0	1	NA	NA	NA	NA	NA
JBHJCN010000046.1_5	4110	4760	651	1	0.644	11	GGAG/GAGG	GENOMAD.120574.PP	2.716e-113	361	0	0	0	1	NA	NA	NA	NA	NA
JBHJCN010000046.1_6	4824	5933	1110	1	0.639	11	AGGAG	NA	NA	NA	0	0	0	1	NA	NA	NA	NA	NA
JBHJCN010000046.1_7	5982	6302	321	1	0.604	11	AGGAG	NA	NA	NA	0	0	0	1	NA	NA	NA	NA	NA
JBHJCN010000046.1_8	6391	6696	306	1	0.601	11	AGGAG	NA	NA	NA	0	0	0	1	NA	NA	NA	NA	NA
JBHJCN010000046.1_9	6840	7565	726	1	0.643	11	GGAG/GAGG	NA	NA	NA	0	0	0	1	NA	NA	NA	NA	NA
JBHJCN010000047.1_1	2	559	558	1	0.618	11	None	NA	NA	NA	0	0	0	1	NA	NA	NA	NA	NA
JBHJCN010000047.1_2	746	1717	972	-1	0.547	11	GGAG/GAGG	NA	NA	NA	0	0	0	1	NA	NA	NA	NA	NA
JBHJCN010000047.1_3	2276	2539	264	-1	0.602	11	4Base/6BMM	NA	NA	NA	0	0	0	1	NA	NA	NA	NA	NA
JBHJCN010000047.1_4	2875	3198	324	1	0.596	11	GGAG/GAGG	NA	NA	NA	0	0	0	1	NA	NA	NA	NA	NA
JBHJCN010000047.1_5	3291	3872	582	1	0.670	11	GGA/GAG/AGG	NA	NA	NA	0	0	0	1	NA	NA	NA	NA	NA
JBHJCN010000047.1_6	3943	4149	207	-1	0.575	11	GGA/GAG/AGG	NA	NA	NA	0	0	0	1	NA	NA	NA	NA	NA
JBHJCN010000047.1_7	4357	5601	1245	-1	0.567	11	None	GENOMAD.015873.CC	1.984e-27	119	0	0	0	1	NA	NA	NA	PF00561;TIGR03101;COG0412;K24084	exosortase A system-associated hydrolase 2
JBHJCN010000047.1_8	6177	6527	351	-1	0.593	11	None	GENOMAD.172079.PC	0.0007529	40	0	0	0	1	NA	NA	NA	PF07929	Plasmid pRiA4b ORF-3-like protein
JBHJCN010000048.1_1	3	3245	3243	-1	0.627	11	GGA/GAG/AGG	NA	NA	NA	0	0	0	1	NA	NA	NA	NA	NA
JBHJCN010000048.1_2	3327	3968	642	-1	0.542	11	GGA/GAG/AGG	NA	NA	NA	0	0	0	1	NA	NA	NA	NA	NA
JBHJCN010000048.1_3	4188	5216	1029	-1	0.618	11	GGAG/GAGG	NA	NA	NA	0	0	0	1	NA	NA	NA	NA	NA
JBHJCN010000048.1_4	5291	5455	165	-1	0.503	11	AGGAG	NA	NA	NA	0	0	0	1	NA	NA	NA	NA	NA
JBHJCN010000048.1_5	5491	6129	639	-1	0.546	11	GGA/GAG/AGG	NA	NA	NA	0	0	0	1	NA	NA	NA	NA	NA
JBHJCN010000049.1_1	22	567	546	-1	0.685	11	GGA/GAG/AGG	GENOMAD.141865.PV	1.362e-103	331	0	0	0	1	NA	NA	NA	PF20090	NA
JBHJCN010000049.1_2	713	907	195	1	0.579	11	GGA/GAG/AGG	GENOMAD.221225.PV	2.027e-19	82	0	0	0	1	NA	NA	NA	PF16777;TIGR04563;COG4877;K07722	MXAN_4361/MXAN_4362 family small protein
JBHJCN010000049.1_3	904	2697	1794	1	0.610	11	GGAG/GAGG	NA	NA	NA	0	0	0	1	NA	NA	NA	NA	NA
JBHJCN010000049.1_4	2694	3788	1095	1	0.575	11	AGxAGG/AGGxGG	NA	NA	NA	0	0	0	1	NA	NA	NA	NA	NA
JBHJCN010000049.1_5	3803	3994	192	-1	0.542	11	3Base/5BMM	NA	NA	NA	0	0	0	1	NA	NA	NA	NA	NA
JBHJCN010000049.1_6	4142	4711	570	1	0.702	11	GGA/GAG/AGG	GENOMAD.181907.CP	8.381e-07	51	0	0	0	1	NA	NA	NA	NA	NA
JBHJCN010000049.1_7	4900	5100	201	1	0.706	11	None	NA	NA	NA	0	0	0	1	NA	NA	NA	NA	NA
JBHJCN010000049.1_8	5221	6069	849	-1	0.504	11	AGGAG	GENOMAD.059519.PP	1.281e-119	383	0	0	0	1	NA	NA	NA	NA	NA
JBHJCN010000050.1_1	33	284	252	-1	0.575	11	None	NA	NA	NA	0	0	0	1	NA	NA	NA	NA	NA
JBHJCN010000050.1_2	341	1264	924	-1	0.643	11	GGA/GAG/AGG	NA	NA	NA	0	0	0	1	NA	NA	NA	NA	NA
JBHJCN010000050.1_3	1472	1711	240	1	0.633	11	GGAGG	NA	NA	NA	0	0	0	1	NA	NA	NA	NA	NA
JBHJCN010000050.1_4	1711	2130	420	1	0.626	11	GGA/GAG/AGG	GENOMAD.168457.PC	0.0006329	41	0	0	0	1	NA	NA	NA	PF10130;K07063;TIGR00305;COG2402	putative toxin-antitoxin system toxin component, PIN family
JBHJCN010000050.1_5	2135	4111	1977	1	0.658	11	AGGA/GGAG/GAGG	NA	NA	NA	0	0	0	1	NA	NA	NA	NA	NA
JBHJCN010000050.1_6	4525	4812	288	1	0.566	11	AGGAG	NA	NA	NA	0	0	0	1	NA	NA	NA	NA	NA
JBHJCN010000050.1_7	4941	6086	1146	-1	0.580	11	None	GENOMAD.047390.PP	3.043e-07	55	0	0	0	1	NA	NA	NA	NA	NA
JBHJCN010000051.1_1	550	654	105	1	0.533	11	GGA/GAG/AGG	NA	NA	NA	0	0	0	1	NA	NA	NA	NA	NA
JBHJCN010000051.1_2	1181	1333	153	1	0.542	11	GGAGG	NA	NA	NA	0	0	0	1	NA	NA	NA	NA	NA
JBHJCN010000051.1_3	1625	1909	285	1	0.547	11	AGGAG	GENOMAD.110984.CP	1.873e-18	81	0	0	0	1	NA	NA	NA	NA	NA
JBHJCN010000051.1_4	5587	5919	333	-1	0.616	11	AGGA/GGAG/GAGG	NA	NA	NA	0	0	0	1	NA	NA	NA	NA	NA
JBHJCN010000052.1_1	243	1310	1068	1	0.667	11	GGAG/GAGG	NA	NA	NA	0	0	0	1	NA	NA	NA	NA	NA
JBHJCN010000052.1_2	1298	2179	882	-1	0.587	11	GGAG/GAGG	GENOMAD.114461.PP	1.649e-66	230	0	0	0	1	NA	NA	NA	NA	NA
JBHJCN010000052.1_3	2746	4068	1323	-1	0.635	11	GGA/GAG/AGG	GENOMAD.080453.PP	9.573e-08	57	0	0	0	1	NA	NA	NA	NA	NA
JBHJCN010000053.1_1	1	1323	1323	-1	0.642	11	None	NA	NA	NA	0	0	0	1	NA	NA	NA	NA	NA
JBHJCN010000053.1_2	2437	2652	216	1	0.458	11	None	NA	NA	NA	0	0	0	1	NA	NA	NA	NA	NA
JBHJCN010000054.1_1	2	1417	1416	-1	0.642	11	GGA/GAG/AGG	NA	NA	NA	0	0	0	1	NA	NA	NA	NA	NA
JBHJCN010000054.1_2	1425	2774	1350	-1	0.678	11	None	NA	NA	NA	0	0	0	1	NA	NA	NA	NA	NA
JBHJCN010000055.1_1	192	1649	1458	-1	0.602	11	GGAG/GAGG	NA	NA	NA	0	0	0	1	NA	NA	NA	NA	NA
JBHJCN010000056.1_1	354	833	480	1	0.642	11	GGAG/GAGG	NA	NA	NA	0	0	0	1	NA	NA	NA	NA	NA
JBHJCN010000056.1_2	1032	1613	582	1	0.627	11	AGGAG	NA	NA	NA	0	0	0	1	NA	NA	NA	NA	NA
JBHJCN010000056.1_3	1606	2481	876	1	0.579	11	GGA/GAG/AGG	NA	NA	NA	0	0	0	1	NA	NA	NA	NA	NA
JBHJCN010000057.1_1	3	2330	2328	-1	0.612	11	None	NA	NA	NA	0	0	0	1	NA	NA	NA	NA	NA
JBHJCN010000058.1_1	1	195	195	1	0.508	11	None	NA	NA	NA	0	0	0	1	NA	NA	NA	NA	NA
JBHJCN010000058.1_2	412	906	495	1	0.527	11	AGGAG	NA	NA	NA	0	0	0	1	NA	NA	NA	NA	NA
JBHJCN010000058.1_3	1039	1533	495	1	0.497	11	GGAG/GAGG	NA	NA	NA	0	0	0	1	NA	NA	NA	NA	NA
JBHJCN010000058.1_4	1688	1834	147	1	0.551	11	GGA/GAG/AGG	NA	NA	NA	0	0	0	1	NA	NA	NA	NA	NA
JBHJCN010000059.1_1	2	1651	1650	-1	0.619	11	None	NA	NA	NA	0	0	0	1	NA	NA	NA	NA	NA
JBHJCN010000060.1_1	1	678	678	1	0.569	11	None	NA	NA	NA	0	0	0	1	NA	NA	NA	NA	NA
JBHJCN010000060.1_2	711	1628	918	1	0.597	11	AGGAG	NA	NA	NA	0	0	0	1	NA	NA	NA	NA	NA
JBHJCN010000061.1_1	3	545	543	1	0.479	11	None	NA	NA	NA	0	0	0	1	NA	NA	NA	NA	NA
JBHJCN010000061.1_2	539	1039	501	1	0.401	11	None	NA	NA	NA	0	0	0	1	NA	NA	NA	NA	NA
JBHJCN010000061.1_3	1126	1590	465	1	0.688	11	None	NA	NA	NA	0	0	0	1	NA	NA	NA	NA	NA
JBHJCN010000062.1_1	141	1217	1077	-1	0.606	11	AGGAG	GENOMAD.047390.PP	7.187e-28	119	0	0	0	1	NA	NA	NA	NA	NA
JBHJCN010000062.1_2	1351	1572	222	-1	0.676	11	None	NA	NA	NA	0	0	0	1	NA	NA	NA	NA	NA
JBHJCN010000063.1_1	1	111	111	1	0.550	11	None	NA	NA	NA	0	0	0	1	NA	NA	NA	NA	NA
JBHJCN010000063.1_2	168	674	507	-1	0.438	11	GGA/GAG/AGG	NA	NA	NA	0	0	0	1	NA	NA	NA	NA	NA
JBHJCN010000063.1_3	671	1432	762	-1	0.529	11	None	NA	NA	NA	0	0	0	1	NA	NA	NA	NA	NA
JBHJCN010000064.1_1	140	1417	1278	1	0.621	11	None	NA	NA	NA	0	0	0	1	NA	NA	NA	NA	NA
JBHJCN010000065.1_1	1	1278	1278	-1	0.637	11	None	NA	NA	NA	0	0	0	1	NA	NA	NA	NA	NA
JBHJCN010000066.1_1	64	357	294	1	0.612	11	GGAGG	GENOMAD.112987.VV	0.0009101	39	0	0	0	1246	Caudoviricetes	NA	NA	COG2963	NA
JBHJCN010000066.1_2	354	1211	858	1	0.622	11	GGA/GAG/AGG	NA	NA	NA	0	0	0	1	NA	NA	NA	NA	NA
JBHJCN010000067.1_1	65	331	267	1	0.588	11	GGAG/GAGG	NA	NA	NA	0	0	0	1	NA	NA	NA	NA	NA
JBHJCN010000067.1_2	364	1197	834	1	0.629	11	AGGA/GGAG/GAGG	GENOMAD.194062.PC	0.0004348	44	0	0	0	1	NA	NA	NA	NA	NA
JBHJCN010000068.1_1	3	1205	1203	-1	0.636	11	None	NA	NA	NA	0	0	0	1	NA	NA	NA	NA	NA
JBHJCN010000069.1_1	39	839	801	-1	0.640	11	None	GENOMAD.177338.PC	0.0001937	45	0	0	0	1	NA	NA	NA	PF13683	Integrase core domain
JBHJCN010000069.1_2	860	1126	267	-1	0.629	11	AGGAGG	NA	NA	NA	0	0	0	1	NA	NA	NA	NA	NA
JBHJCN010000070.1_1	3	569	567	1	0.526	11	None	NA	NA	NA	0	0	0	1	NA	NA	NA	NA	NA
JBHJCN010000070.1_2	804	1193	390	1	0.692	11	GGAG/GAGG	NA	NA	NA	0	0	0	1	NA	NA	NA	NA	NA
JBHJCN010000071.1_1	2	76	75	-1	0.453	11	GGA/GAG/AGG	NA	NA	NA	0	0	0	1	NA	NA	NA	NA	NA
JBHJCN010000071.1_2	230	1156	927	1	0.650	11	GGAG/GAGG	GENOMAD.103404.PP	1.05e-18	90	0	0	0	1	NA	NA	NA	PF03377;PF02536	TAL effector repeat; mTERF
JBHJCN010000072.1_1	2	1144	1143	-1	0.662	11	None	NA	NA	NA	0	0	0	1	NA	NA	NA	NA	NA
JBHJCN010000073.1_1	1	1086	1086	1	0.628	11	None	NA	NA	NA	0	0	0	1	NA	NA	NA	NA	NA
JBHJCN010000074.1_1	1	201	201	-1	0.622	11	None	NA	NA	NA	0	0	0	1	NA	NA	NA	NA	NA
JBHJCN010000074.1_2	194	526	333	-1	0.402	11	None	NA	NA	NA	0	0	0	1	NA	NA	NA	NA	NA
JBHJCN010000074.1_3	514	1065	552	-1	0.538	11	None	GENOMAD.176216.VV	0.0006944	42	0	0	0	1246	Caudoviricetes	NA	NA	PF14220	NA
JBHJCN010000075.1_1	1	900	900	1	0.624	11	None	NA	NA	NA	0	0	0	1	NA	NA	NA	NA	NA
JBHJCN010000076.1_1	3	938	936	-1	0.609	11	None	NA	NA	NA	0	0	0	1	NA	NA	NA	NA	NA
JBHJCN010000077.1_1	1	741	741	-1	0.637	11	AGxAGG/AGGxGG	NA	NA	NA	0	0	0	1	NA	NA	NA	NA	NA
JBHJCN010000078.1_1	2	211	210	1	0.676	11	None	NA	NA	NA	0	0	0	1	NA	NA	NA	NA	NA
JBHJCN010000078.1_2	220	768	549	1	0.641	11	GGAG/GAGG	NA	NA	NA	0	0	0	1	NA	NA	NA	NA	NA
JBHJCN010000079.1_1	1	606	606	-1	0.604	11	AGGAG	GENOMAD.082990.PP	2.461e-73	245	0	0	0	1	NA	NA	NA	NA	NA
JBHJCN010000079.1_2	570	728	159	-1	0.673	11	None	NA	NA	NA	0	0	0	1	NA	NA	NA	NA	NA
JBHJCN010000080.1_1	1	702	702	1	0.624	11	None	NA	NA	NA	0	0	0	1	NA	NA	NA	NA	NA
JBHJCN010000081.1_1	2	697	696	-1	0.655	11	None	NA	NA	NA	0	0	0	1	NA	NA	NA	NA	NA
JBHJCN010000082.1_1	341	607	267	-1	0.562	11	AGGAG	NA	NA	NA	0	0	0	1	NA	NA	NA	NA	NA
JBHJCN010000083.1_1	42	653	612	-1	0.435	11	None	NA	NA	NA	0	0	0	1	NA	NA	NA	NA	NA
JBHJCN010000084.1_1	107	637	531	1	0.663	11	GGAG/GAGG	NA	NA	NA	0	0	0	1	NA	NA	NA	NA	NA
JBHJCN010000085.1_1	2	490	489	-1	0.648	11	None	NA	NA	NA	0	0	0	1	NA	NA	NA	NA	NA
JBHJCN010000086.1_1	2	475	474	-1	0.608	11	None	NA	NA	NA	0	0	0	1	NA	NA	NA	NA	NA
JBHJCN010000087.1_1	2	448	447	-1	0.667	11	None	NA	NA	NA	0	0	0	1	NA	NA	NA	NA	NA
JBHJCN010000088.1_1	2	409	408	-1	0.591	11	None	NA	NA	NA	0	0	0	1	NA	NA	NA	NA	NA
JBHJCN010000089.1_1	1	366	366	-1	0.658	11	None	NA	NA	NA	0	0	0	1	NA	NA	NA	NA	NA
JBHJCN010000090.1_1	1	366	366	-1	0.664	11	None	NA	NA	NA	0	0	0	1	NA	NA	NA	NA	NA
JBHJCN010000091.1_1	3	341	339	-1	0.599	11	None	GENOMAD.117295.PC	1.308e-05	45	0	0	0	1	NA	NA	NA	NA	NA
JBHJCN010000092.1_1	3	317	315	1	0.683	11	None	NA	NA	NA	0	0	0	1	NA	NA	NA	NA	NA
JBHJCN010000093.1_1	3	311	309	1	0.566	11	None	NA	NA	NA	0	0	0	1	NA	NA	NA	NA	NA
JBHJCN010000094.1_1	3	311	309	-1	0.663	11	None	NA	NA	NA	0	0	0	1	NA	NA	NA	NA	NA
JBHJCN010000095.1_1	3	302	300	1	0.697	11	None	NA	NA	NA	0	0	0	1	NA	NA	NA	NA	NA
JBHJCN010000096.1_1	1	285	285	-1	0.667	11	None	NA	NA	NA	0	0	0	1	NA	NA	NA	NA	NA
JBHJCN010000097.1_1	1	285	285	-1	0.663	11	None	NA	NA	NA	0	0	0	1	NA	NA	NA	NA	NA
JBHJCN010000098.1_1	3	284	282	-1	0.599	11	None	NA	NA	NA	0	0	0	1	NA	NA	NA	NA	NA
JBHJCN010000099.1_1	1	282	282	1	0.599	11	None	NA	NA	NA	0	0	0	1	NA	NA	NA	NA	NA
JBHJCN010000100.1_1	2	265	264	-1	0.633	11	None	NA	NA	NA	0	0	0	1	NA	NA	NA	NA	NA
JBHJCN010000101.1_1	1	228	228	1	0.614	11	None	NA	NA	NA	0	0	0	1	NA	NA	NA	NA	NA
JBHJCN010000102.1_1	2	208	207	1	0.556	11	None	GENOMAD.117295.PC	1.053e-06	46	0	0	0	1	NA	NA	NA	NA	NA
JBHJCN010000103.1_1	3	209	207	-1	0.662	11	None	NA	NA	NA	0	0	0	1	NA	NA	NA	NA	NA
