JAJIUH010000094.1_26 # 31803 # 41996 # -1 # ID=1_26;partial=00;start_type=ATG;rbs_motif=GGA/GAG/AGG;rbs_spacer=5-10bp;genetic_code=11;gc_cont=0.661	GENOMAD.179736.PC	1.146E-31	140	0
JAJIUH010000094.1_90 # 123120 # 123431 # -1 # ID=1_90;partial=00;start_type=ATG;rbs_motif=AGGAG;rbs_spacer=5-10bp;genetic_code=11;gc_cont=0.628	GENOMAD.141885.CP	1.447E-40	145	0
JAJIUH010000097.1_13 # 8900 # 10396 # -1 # ID=4_13;partial=00;start_type=ATG;rbs_motif=AGGA;rbs_spacer=5-10bp;genetic_code=11;gc_cont=0.681	GENOMAD.042263.CC	1.803E-23	108	0
JAJIUH010000088.1_39 # 40891 # 41376 # 1 # ID=127_39;partial=00;start_type=ATG;rbs_motif=AGGAG;rbs_spacer=5-10bp;genetic_code=11;gc_cont=0.601	GENOMAD.000421.CC	1.476E-42	154	0
JAJIUH010000091.1_8 # 4788 # 6353 # -1 # ID=130_8;partial=00;start_type=ATG;rbs_motif=None;rbs_spacer=None;genetic_code=11;gc_cont=0.641	GENOMAD.032975.CC	7.937E-22	103	1246
JAJIUH010000091.1_40 # 41592 # 43235 # 1 # ID=130_40;partial=00;start_type=ATG;rbs_motif=GGAG/GAGG;rbs_spacer=5-10bp;genetic_code=11;gc_cont=0.704	GENOMAD.109423.CP	1.048E-34	144	1246
JAJIUH010000020.1_140 # 152782 # 153441 # -1 # ID=52_140;partial=00;start_type=ATG;rbs_motif=None;rbs_spacer=None;genetic_code=11;gc_cont=0.686	GENOMAD.134037.CV	2.935E-19	89	1246
JAJIUH010000025.1_11 # 17462 # 17869 # -1 # ID=57_11;partial=00;start_type=ATG;rbs_motif=AGGAG;rbs_spacer=5-10bp;genetic_code=11;gc_cont=0.650	GENOMAD.225035.PV	5.515E-16	76	1246
JAJIUH010000027.1_108 # 147207 # 148079 # 1 # ID=60_108;partial=00;start_type=ATG;rbs_motif=GGA/GAG/AGG;rbs_spacer=11-12bp;genetic_code=11;gc_cont=0.698	GENOMAD.162496.CP	3.288E-17	85	0
JAJIUH010000114.1_101 # 145514 # 146875 # -1 # ID=22_101;partial=00;start_type=ATG;rbs_motif=GGA/GAG/AGG;rbs_spacer=5-10bp;genetic_code=11;gc_cont=0.656	GENOMAD.114680.CP	2.028E-61	222	1246
JAJIUH010000120.1_13 # 15279 # 17252 # 1 # ID=28_13;partial=00;start_type=ATG;rbs_motif=None;rbs_spacer=None;genetic_code=11;gc_cont=0.684	GENOMAD.113449.CP	9.506E-32	136	0
JAJIUH010000106.1_32 # 17199 # 18662 # 1 # ID=14_32;partial=00;start_type=ATG;rbs_motif=GGA/GAG/AGG;rbs_spacer=5-10bp;genetic_code=11;gc_cont=0.592	GENOMAD.083062.VV	1.652E-87	300	2773
JAJIUH010000108.1_45 # 54058 # 55017 # -1 # ID=16_45;partial=01;start_type=Edge;rbs_motif=None;rbs_spacer=None;genetic_code=11;gc_cont=0.649	GENOMAD.159061.PC	2.489E-63	222	0
JAJIUH010000112.1_95 # 104713 # 105381 # -1 # ID=20_95;partial=00;start_type=ATG;rbs_motif=None;rbs_spacer=None;genetic_code=11;gc_cont=0.667	GENOMAD.195322.CP	1.860E-120	382	0
JAJIUH010000048.1_25 # 26681 # 28309 # 1 # ID=83_25;partial=00;start_type=ATG;rbs_motif=GGAG/GAGG;rbs_spacer=5-10bp;genetic_code=11;gc_cont=0.669	GENOMAD.140488.CP	1.409E-15	83	0
JAJIUH010000051.1_11 # 10342 # 11760 # 1 # ID=86_11;partial=00;start_type=ATG;rbs_motif=GGAG/GAGG;rbs_spacer=5-10bp;genetic_code=11;gc_cont=0.668	GENOMAD.138367.CP	1.283E-67	241	0
JAJIUH010000053.1_20 # 17396 # 18673 # -1 # ID=88_20;partial=00;start_type=ATG;rbs_motif=None;rbs_spacer=None;genetic_code=11;gc_cont=0.682	GENOMAD.167722.CP	1.049E-26	117	0
JAJIUH010000054.1_17 # 21638 # 24541 # -1 # ID=89_17;partial=00;start_type=ATG;rbs_motif=GGA/GAG/AGG;rbs_spacer=5-10bp;genetic_code=11;gc_cont=0.695	GENOMAD.215794.CP	1.209E-06	55	0
JAJIUH010000056.1_6 # 3880 # 4320 # -1 # ID=92_6;partial=00;start_type=GTG;rbs_motif=GGAGG;rbs_spacer=5-10bp;genetic_code=11;gc_cont=0.660	GENOMAD.118707.CP	1.680E-16	78	0
JAJIUH010000059.1_18 # 15052 # 15330 # -1 # ID=95_18;partial=00;start_type=ATG;rbs_motif=GGAGG;rbs_spacer=5-10bp;genetic_code=11;gc_cont=0.606	GENOMAD.130224.PC	9.703E-32	119	0
JAJIUH010000006.1_4 # 1483 # 2109 # -1 # ID=100_4;partial=00;start_type=ATG;rbs_motif=AGGAG;rbs_spacer=5-10bp;genetic_code=11;gc_cont=0.638	GENOMAD.212506.VP	2.628E-39	147	1246
JAJIUH010000077.1_18 # 17426 # 18322 # -1 # ID=115_18;partial=00;start_type=ATG;rbs_motif=AGGAG;rbs_spacer=5-10bp;genetic_code=11;gc_cont=0.657	GENOMAD.172148.PC	1.622E-88	294	0
JAJIUH010000079.1_2 # 959 # 2293 # 1 # ID=117_2;partial=00;start_type=ATG;rbs_motif=None;rbs_spacer=None;genetic_code=11;gc_cont=0.511	GENOMAD.117158.CP	2.873E-26	116	0
JAJIUH010000080.1_28 # 22981 # 23253 # -1 # ID=118_28;partial=00;start_type=ATG;rbs_motif=None;rbs_spacer=None;genetic_code=11;gc_cont=0.630	GENOMAD.223508.VP	4.623E-08	51	1246
JAJIUH010000008.1_15 # 17261 # 18043 # -1 # ID=122_15;partial=00;start_type=ATG;rbs_motif=None;rbs_spacer=None;genetic_code=11;gc_cont=0.699	GENOMAD.158029.VC	4.157E-48	175	6593
JAJIUH010000084.1_28 # 31540 # 32037 # 1 # ID=123_28;partial=00;start_type=ATG;rbs_motif=GGAG/GAGG;rbs_spacer=5-10bp;genetic_code=11;gc_cont=0.685	GENOMAD.154126.CP	1.754E-59	203	0
JAJIUH010000085.1_8 # 8676 # 9803 # -1 # ID=124_8;partial=00;start_type=ATG;rbs_motif=None;rbs_spacer=None;genetic_code=11;gc_cont=0.663	GENOMAD.121441.VC	1.857E-14	78	1246
JAJIUH010000066.1_21 # 15478 # 16536 # -1 # ID=103_21;partial=00;start_type=GTG;rbs_motif=GGA/GAG/AGG;rbs_spacer=11-12bp;genetic_code=11;gc_cont=0.668	GENOMAD.126472.VC	1.180E-39	154	11688
JAJIUH010000069.1_10 # 14516 # 15268 # 1 # ID=106_10;partial=00;start_type=GTG;rbs_motif=GGAG/GAGG;rbs_spacer=5-10bp;genetic_code=11;gc_cont=0.648	GENOMAD.169830.CP	2.934E-103	334	0
JAJIUH010000075.1_3 # 2797 # 3654 # 1 # ID=113_3;partial=00;start_type=ATG;rbs_motif=GGA/GAG/AGG;rbs_spacer=5-10bp;genetic_code=11;gc_cont=0.653	GENOMAD.129411.CP	2.840E-27	115	0
JAJIUH010000036.1_8 # 16250 # 17785 # -1 # ID=70_8;partial=00;start_type=ATG;rbs_motif=GGAG/GAGG;rbs_spacer=5-10bp;genetic_code=11;gc_cont=0.615	GENOMAD.158496.CP	8.005E-87	299	0
JAJIUH010000036.1_72 # 81257 # 82315 # -1 # ID=70_72;partial=00;start_type=ATG;rbs_motif=GGA/GAG/AGG;rbs_spacer=5-10bp;genetic_code=11;gc_cont=0.670	GENOMAD.190712.CP	1.718E-168	528	0
JAJIUH010000041.1_10 # 7570 # 10566 # -1 # ID=75_10;partial=00;start_type=ATG;rbs_motif=GGA/GAG/AGG;rbs_spacer=11-12bp;genetic_code=11;gc_cont=0.603	GENOMAD.117295.PC	6.724E-04	46	0
JAJIUH010000044.1_10 # 8433 # 9416 # -1 # ID=78_10;partial=00;start_type=ATG;rbs_motif=None;rbs_spacer=None;genetic_code=11;gc_cont=0.625	GENOMAD.137621.VC	1.917E-06	52	1246
JAJIUH010000046.1_10 # 7947 # 9317 # -1 # ID=81_10;partial=00;start_type=ATG;rbs_motif=AGGA;rbs_spacer=5-10bp;genetic_code=11;gc_cont=0.586	GENOMAD.159746.PC	1.203E-04	47	0
JAJIUH010000052.1_5 # 3911 # 4717 # -1 # ID=87_5;partial=00;start_type=ATG;rbs_motif=GGA/GAG/AGG;rbs_spacer=5-10bp;genetic_code=11;gc_cont=0.699	GENOMAD.116415.CP	4.630E-39	149	0
JAJIUH010000057.1_2 # 714 # 1052 # 1 # ID=93_2;partial=00;start_type=ATG;rbs_motif=TATA;rbs_spacer=3bp;genetic_code=11;gc_cont=0.472	GENOMAD.086806.PP	1.489E-12	65	0
JAJIUH010000125.1_45 # 53182 # 54558 # -1 # ID=34_45;partial=00;start_type=ATG;rbs_motif=None;rbs_spacer=None;genetic_code=11;gc_cont=0.664	GENOMAD.050158.CC	2.489E-08	59	0
JAJIUH010000127.1_23 # 24155 # 25288 # -1 # ID=36_23;partial=00;start_type=ATG;rbs_motif=GGA/GAG/AGG;rbs_spacer=5-10bp;genetic_code=11;gc_cont=0.630	GENOMAD.005978.CC	6.086E-07	54	1246
JAJIUH010000094.1_69 # 96242 # 96913 # -1 # ID=1_69;partial=00;start_type=ATG;rbs_motif=None;rbs_spacer=None;genetic_code=11;gc_cont=0.621	GENOMAD.088139.CV	4.622E-39	147	1246
JAJIUH010000094.1_101 # 132848 # 134026 # 1 # ID=1_101;partial=00;start_type=ATG;rbs_motif=GGAG/GAGG;rbs_spacer=5-10bp;genetic_code=11;gc_cont=0.666	GENOMAD.161970.CP	2.720E-06	52	0
JAJIUH010000094.1_133 # 167150 # 168442 # 1 # ID=1_133;partial=00;start_type=ATG;rbs_motif=GGAG/GAGG;rbs_spacer=5-10bp;genetic_code=11;gc_cont=0.716	GENOMAD.021519.CC	2.736E-56	206	0
JAJIUH010000096.1_6 # 7072 # 7392 # 1 # ID=3_6;partial=00;start_type=ATG;rbs_motif=GGA/GAG/AGG;rbs_spacer=5-10bp;genetic_code=11;gc_cont=0.629	GENOMAD.000078.CC	2.582E-20	87	0
JAJIUH010000097.1_24 # 23307 # 25229 # 1 # ID=4_24;partial=00;start_type=ATG;rbs_motif=AGGA;rbs_spacer=5-10bp;genetic_code=11;gc_cont=0.658	GENOMAD.145392.CP	4.350E-77	275	0
JAJIUH010000097.1_56 # 59217 # 60692 # -1 # ID=4_56;partial=00;start_type=TTG;rbs_motif=AGGA;rbs_spacer=5-10bp;genetic_code=11;gc_cont=0.657	GENOMAD.114697.CP	1.699E-23	108	0
JAJIUH010000098.1_25 # 24049 # 24672 # -1 # ID=5_25;partial=00;start_type=ATG;rbs_motif=None;rbs_spacer=None;genetic_code=11;gc_cont=0.654	GENOMAD.090247.CV	3.168E-55	193	1246
JAJIUH010000036.1_50 # 58190 # 58798 # 1 # ID=70_50;partial=00;start_type=ATG;rbs_motif=None;rbs_spacer=None;genetic_code=11;gc_cont=0.670	GENOMAD.090379.CP	4.589E-05	46	0
JAJIUH010000040.1_61 # 80336 # 82714 # -1 # ID=74_61;partial=00;start_type=ATG;rbs_motif=None;rbs_spacer=None;genetic_code=11;gc_cont=0.666	GENOMAD.090179.CV	1.041E-59	226	1246
JAJIUH010000042.1_8 # 9961 # 11238 # 1 # ID=76_8;partial=00;start_type=ATG;rbs_motif=GGAG/GAGG;rbs_spacer=5-10bp;genetic_code=11;gc_cont=0.703	GENOMAD.145263.CP	7.994E-64	228	0
JAJIUH010000030.1_4 # 4865 # 5950 # 1 # ID=63_4;partial=00;start_type=ATG;rbs_motif=GGAGG;rbs_spacer=5-10bp;genetic_code=11;gc_cont=0.625	GENOMAD.038387.CC	7.010E-81	275	0
JAJIUH010000030.1_36 # 45989 # 47971 # 1 # ID=63_36;partial=00;start_type=ATG;rbs_motif=GGAG/GAGG;rbs_spacer=5-10bp;genetic_code=11;gc_cont=0.665	GENOMAD.211147.PC	7.420E-250	780	0
JAJIUH010000003.1_13 # 13634 # 14185 # -1 # ID=69_13;partial=00;start_type=ATG;rbs_motif=GGAGG;rbs_spacer=3-4bp;genetic_code=11;gc_cont=0.630	GENOMAD.088456.CP	2.030E-66	224	0
JAJIUH010000036.1_33 # 42227 # 42715 # -1 # ID=70_33;partial=00;start_type=ATG;rbs_motif=GGA/GAG/AGG;rbs_spacer=5-10bp;genetic_code=11;gc_cont=0.667	GENOMAD.130541.CP	2.930E-26	107	0
JAJIUH010000036.1_97 # 104903 # 106891 # 1 # ID=70_97;partial=00;start_type=ATG;rbs_motif=None;rbs_spacer=None;genetic_code=11;gc_cont=0.661	GENOMAD.137760.CP	1.426E-62	232	0
JAJIUH010000119.1_5 # 5551 # 6918 # 1 # ID=27_5;partial=00;start_type=TTG;rbs_motif=GGAG/GAGG;rbs_spacer=5-10bp;genetic_code=11;gc_cont=0.649	GENOMAD.001794.CC	3.030E-25	113	0
JAJIUH010000120.1_39 # 39239 # 41080 # -1 # ID=28_39;partial=00;start_type=ATG;rbs_motif=GGAG/GAGG;rbs_spacer=5-10bp;genetic_code=11;gc_cont=0.555	GENOMAD.072096.PP	4.376E-279	862	0
JAJIUH010000125.1_8 # 10562 # 11692 # -1 # ID=34_8;partial=00;start_type=ATG;rbs_motif=None;rbs_spacer=None;genetic_code=11;gc_cont=0.675	GENOMAD.143077.CP	5.144E-06	51	0
JAJIUH010000010.1_83 # 92893 # 93210 # -1 # ID=11_83;partial=00;start_type=ATG;rbs_motif=GGAGG;rbs_spacer=5-10bp;genetic_code=11;gc_cont=0.610	GENOMAD.000028.CC	4.404E-30	115	0
JAJIUH010000105.1_44 # 51308 # 51613 # -1 # ID=13_44;partial=00;start_type=TTG;rbs_motif=AGGAG;rbs_spacer=5-10bp;genetic_code=11;gc_cont=0.572	GENOMAD.116508.CP	1.734E-14	70	0
JAJIUH010000106.1_14 # 8646 # 9725 # 1 # ID=14_14;partial=00;start_type=ATG;rbs_motif=None;rbs_spacer=None;genetic_code=11;gc_cont=0.578	GENOMAD.222675.VP	1.814E-232	713	2773
JAJIUH010000106.1_46 # 27337 # 27510 # -1 # ID=14_46;partial=00;start_type=GTG;rbs_motif=GGA/GAG/AGG;rbs_spacer=5-10bp;genetic_code=11;gc_cont=0.626	GENOMAD.226430.VP	2.847E-20	84	0
JAJIUH010000110.1_5 # 5116 # 5601 # 1 # ID=18_5;partial=00;start_type=ATG;rbs_motif=AGGAG;rbs_spacer=5-10bp;genetic_code=11;gc_cont=0.675	GENOMAD.001979.CC	5.735E-27	109	0
JAJIUH010000112.1_13 # 12986 # 13306 # 1 # ID=20_13;partial=00;start_type=ATG;rbs_motif=GGA/GAG/AGG;rbs_spacer=11-12bp;genetic_code=11;gc_cont=0.670	GENOMAD.019745.CC	8.659E-16	74	0
JAJIUH010000112.1_45 # 51815 # 53425 # -1 # ID=20_45;partial=00;start_type=ATG;rbs_motif=GGAG/GAGG;rbs_spacer=5-10bp;genetic_code=11;gc_cont=0.653	GENOMAD.114541.CP	1.882E-60	222	0
JAJIUH010000096.1_14 # 15066 # 16280 # 1 # ID=3_14;partial=01;start_type=GTG;rbs_motif=GGA/GAG/AGG;rbs_spacer=5-10bp;genetic_code=11;gc_cont=0.486	GENOMAD.056843.CC	1.830E-229	707	0
JAJIUH010000097.1_32 # 31833 # 32570 # -1 # ID=4_32;partial=00;start_type=ATG;rbs_motif=GGA/GAG/AGG;rbs_spacer=5-10bp;genetic_code=11;gc_cont=0.672	GENOMAD.005661.CC	2.801E-15	78	0
JAJIUH010000098.1_1 # 84 # 1664 # -1 # ID=5_1;partial=00;start_type=ATG;rbs_motif=GGAG/GAGG;rbs_spacer=5-10bp;genetic_code=11;gc_cont=0.669	GENOMAD.212305.CP	4.098E-78	274	0
JAJIUH010000103.1_2 # 1842 # 3353 # -1 # ID=10_2;partial=00;start_type=GTG;rbs_motif=GGAGG;rbs_spacer=5-10bp;genetic_code=11;gc_cont=0.614	GENOMAD.153314.CP	8.282E-06	51	0
JAJIUH010000010.1_90 # 95594 # 95863 # -1 # ID=11_90;partial=00;start_type=ATG;rbs_motif=GGA/GAG/AGG;rbs_spacer=11-12bp;genetic_code=11;gc_cont=0.570	GENOMAD.058748.CV	3.310E-41	146	0
JAJIUH010000105.1_19 # 21450 # 21971 # -1 # ID=13_19;partial=00;start_type=ATG;rbs_motif=None;rbs_spacer=None;genetic_code=11;gc_cont=0.513	GENOMAD.004263.CC	1.018E-34	132	0
JAJIUH010000106.1_53 # 32434 # 32865 # 1 # ID=14_53;partial=00;start_type=ATG;rbs_motif=GGAG/GAGG;rbs_spacer=5-10bp;genetic_code=11;gc_cont=0.671	GENOMAD.151842.CP	2.697E-08	54	0
JAJIUH010000075.1_112 # 132872 # 134317 # 1 # ID=113_112;partial=00;start_type=ATG;rbs_motif=None;rbs_spacer=None;genetic_code=11;gc_cont=0.683	GENOMAD.105814.CP	3.799E-129	421	0
JAJIUH010000075.1_144 # 173186 # 173848 # -1 # ID=113_144;partial=00;start_type=ATG;rbs_motif=AGGAG;rbs_spacer=5-10bp;genetic_code=11;gc_cont=0.682	GENOMAD.132951.CP	7.392E-15	76	0
JAJIUH010000076.1_12 # 14213 # 15370 # 1 # ID=114_12;partial=00;start_type=ATG;rbs_motif=GGAG/GAGG;rbs_spacer=5-10bp;genetic_code=11;gc_cont=0.678	GENOMAD.162212.CP	1.292E-06	53	0
JAJIUH010000008.1_11 # 13040 # 14770 # -1 # ID=122_11;partial=00;start_type=ATG;rbs_motif=GGA/GAG/AGG;rbs_spacer=5-10bp;genetic_code=11;gc_cont=0.719	GENOMAD.101231.CP	2.690E-302	927	0
JAJIUH010000124.1_5 # 4607 # 6145 # -1 # ID=33_5;partial=00;start_type=ATG;rbs_motif=AGGAG;rbs_spacer=5-10bp;genetic_code=11;gc_cont=0.652	GENOMAD.208994.VP	2.183E-61	224	1246
JAJIUH010000127.1_66 # 77918 # 80797 # 1 # ID=36_66;partial=00;start_type=ATG;rbs_motif=GGAG/GAGG;rbs_spacer=5-10bp;genetic_code=11;gc_cont=0.624	GENOMAD.183275.CP	6.416E-04	46	0
JAJIUH010000036.1_19 # 26343 # 26918 # 1 # ID=70_19;partial=00;start_type=ATG;rbs_motif=None;rbs_spacer=None;genetic_code=11;gc_cont=0.622	GENOMAD.123185.CP	9.814E-24	101	0
JAJIUH010000036.1_51 # 59048 # 60157 # -1 # ID=70_51;partial=00;start_type=ATG;rbs_motif=GGA/GAG/AGG;rbs_spacer=11-12bp;genetic_code=11;gc_cont=0.665	GENOMAD.081820.CP	3.259E-95	317	0
JAJIUH010000036.1_83 # 93922 # 95175 # -1 # ID=70_83;partial=00;start_type=ATG;rbs_motif=None;rbs_spacer=None;genetic_code=11;gc_cont=0.637	GENOMAD.197607.PC	1.273E-41	162	0
JAJIUH010000044.1_21 # 19664 # 20008 # -1 # ID=78_21;partial=00;start_type=ATG;rbs_motif=None;rbs_spacer=None;genetic_code=11;gc_cont=0.649	GENOMAD.138361.CV	2.953E-14	70	0
JAJIUH010000045.1_21 # 19101 # 20468 # 1 # ID=79_21;partial=00;start_type=ATG;rbs_motif=None;rbs_spacer=None;genetic_code=11;gc_cont=0.664	GENOMAD.142401.VC	2.653E-99	333	1246
JAJIUH010000047.1_6 # 5002 # 6465 # 1 # ID=82_6;partial=00;start_type=ATG;rbs_motif=GGA/GAG/AGG;rbs_spacer=5-10bp;genetic_code=11;gc_cont=0.689	GENOMAD.109692.CP	7.780E-153	490	0
JAJIUH010000030.1_9 # 11126 # 11953 # 1 # ID=63_9;partial=00;start_type=ATG;rbs_motif=GGAG/GAGG;rbs_spacer=5-10bp;genetic_code=11;gc_cont=0.659	GENOMAD.000779.CC	1.286E-133	423	0
JAJIUH010000028.1_25 # 35814 # 36962 # 1 # ID=61_25;partial=00;start_type=ATG;rbs_motif=GGA/GAG/AGG;rbs_spacer=5-10bp;genetic_code=11;gc_cont=0.736	GENOMAD.133566.CP	3.058E-07	55	0
JAJIUH010000030.1_32 # 38637 # 41171 # 1 # ID=63_32;partial=00;start_type=ATG;rbs_motif=GGA/GAG/AGG;rbs_spacer=5-10bp;genetic_code=11;gc_cont=0.674	GENOMAD.123353.CP	5.723E-132	445	0
JAJIUH010000003.1_9 # 9800 # 10888 # 1 # ID=69_9;partial=00;start_type=ATG;rbs_motif=None;rbs_spacer=None;genetic_code=11;gc_cont=0.668	GENOMAD.138157.CP	1.546E-39	154	0
JAJIUH010000010.1_73 # 87022 # 87378 # -1 # ID=11_73;partial=00;start_type=ATG;rbs_motif=GGAG/GAGG;rbs_spacer=5-10bp;genetic_code=11;gc_cont=0.622	GENOMAD.000014.CC	3.938E-37	136	0
JAJIUH010000105.1_34 # 36487 # 38601 # -1 # ID=13_34;partial=00;start_type=GTG;rbs_motif=GGA/GAG/AGG;rbs_spacer=5-10bp;genetic_code=11;gc_cont=0.630	GENOMAD.056657.CV	1.227E-206	657	1246
JAJIUH010000106.1_4 # 3148 # 3987 # 1 # ID=14_4;partial=00;start_type=ATG;rbs_motif=None;rbs_spacer=None;genetic_code=11;gc_cont=0.582	GENOMAD.222675.VP	5.764E-23	102	2773
JAJIUH010000106.1_68 # 54208 # 54564 # 1 # ID=14_68;partial=00;start_type=ATG;rbs_motif=GGA/GAG/AGG;rbs_spacer=5-10bp;genetic_code=11;gc_cont=0.653	GENOMAD.123541.CP	1.180E-25	103	0
JAJIUH010000109.1_4 # 3836 # 5596 # 1 # ID=17_4;partial=00;start_type=ATG;rbs_motif=None;rbs_spacer=None;genetic_code=11;gc_cont=0.680	GENOMAD.192010.PC	9.042E-25	113	0
JAJIUH010000112.1_35 # 34974 # 35702 # -1 # ID=20_35;partial=00;start_type=ATG;rbs_motif=GGA/GAG/AGG;rbs_spacer=5-10bp;genetic_code=11;gc_cont=0.676	GENOMAD.147380.CP	1.409E-43	161	0
JAJIUH010000125.1_104 # 112575 # 115076 # 1 # ID=34_104;partial=00;start_type=GTG;rbs_motif=GGA/GAG/AGG;rbs_spacer=5-10bp;genetic_code=11;gc_cont=0.677	GENOMAD.133515.CP	6.164E-51	199	0
JAJIUH010000130.1_25 # 32373 # 33587 # 1 # ID=39_25;partial=00;start_type=ATG;rbs_motif=None;rbs_spacer=None;genetic_code=11;gc_cont=0.657	GENOMAD.159005.CP	1.498E-52	194	0
JAJIUH010000095.1_35 # 37998 # 38180 # -1 # ID=2_35;partial=00;start_type=ATG;rbs_motif=AGGA;rbs_spacer=5-10bp;genetic_code=11;gc_cont=0.645	GENOMAD.213149.PC	3.975E-05	41	0
JAJIUH010000097.1_18 # 14713 # 16296 # 1 # ID=4_18;partial=00;start_type=ATG;rbs_motif=None;rbs_spacer=None;genetic_code=11;gc_cont=0.664	GENOMAD.115175.CV	1.361E-44	174	0
JAJIUH010000113.1_28 # 33194 # 38092 # -1 # ID=21_28;partial=00;start_type=ATG;rbs_motif=GGA/GAG/AGG;rbs_spacer=5-10bp;genetic_code=11;gc_cont=0.663	GENOMAD.145722.CP	9.127E-116	414	0
JAJIUH010000114.1_9 # 16447 # 17511 # 1 # ID=22_9;partial=00;start_type=ATG;rbs_motif=GGAG/GAGG;rbs_spacer=5-10bp;genetic_code=11;gc_cont=0.650	GENOMAD.141113.CP	6.386E-55	199	0
JAJIUH010000114.1_41 # 65614 # 66222 # 1 # ID=22_41;partial=00;start_type=ATG;rbs_motif=None;rbs_spacer=None;genetic_code=11;gc_cont=0.654	GENOMAD.142335.PC	1.368E-62	214	0
JAJIUH010000116.1_69 # 71791 # 72552 # 1 # ID=24_69;partial=00;start_type=ATG;rbs_motif=None;rbs_spacer=None;genetic_code=11;gc_cont=0.635	GENOMAD.167309.PC	7.915E-35	136	0
JAJIUH010000036.1_21 # 27317 # 27799 # 1 # ID=70_21;partial=00;start_type=ATG;rbs_motif=GGA/GAG/AGG;rbs_spacer=5-10bp;genetic_code=11;gc_cont=0.627	GENOMAD.115115.CP	1.714E-11	64	0
JAJIUH010000036.1_53 # 60775 # 61569 # -1 # ID=70_53;partial=00;start_type=ATG;rbs_motif=GGA/GAG/AGG;rbs_spacer=5-10bp;genetic_code=11;gc_cont=0.683	GENOMAD.129102.CP	9.214E-05	46	0
JAJIUH010000040.1_64 # 84460 # 84657 # -1 # ID=74_64;partial=00;start_type=ATG;rbs_motif=AGGA;rbs_spacer=5-10bp;genetic_code=11;gc_cont=0.606	GENOMAD.099705.CV	6.830E-09	52	0
JAJIUH010000044.1_19 # 18507 # 18947 # 1 # ID=78_19;partial=00;start_type=ATG;rbs_motif=None;rbs_spacer=None;genetic_code=11;gc_cont=0.669	GENOMAD.159368.VC	2.899E-19	86	6467
JAJIUH010000047.1_36 # 48123 # 48815 # -1 # ID=82_36;partial=00;start_type=ATG;rbs_motif=None;rbs_spacer=None;genetic_code=11;gc_cont=0.674	GENOMAD.151242.CP	8.159E-08	55	0
JAJIUH010000047.1_68 # 85701 # 86867 # 1 # ID=82_68;partial=00;start_type=ATG;rbs_motif=GGA/GAG/AGG;rbs_spacer=11-12bp;genetic_code=11;gc_cont=0.643	GENOMAD.086164.CV	3.035E-60	216	1246
JAJIUH010000116.1_32 # 35132 # 35992 # 1 # ID=24_32;partial=00;start_type=ATG;rbs_motif=None;rbs_spacer=None;genetic_code=11;gc_cont=0.646	GENOMAD.082010.CP	4.012E-38	147	0
JAJIUH010000119.1_10 # 9651 # 11165 # 1 # ID=27_10;partial=00;start_type=ATG;rbs_motif=None;rbs_spacer=None;genetic_code=11;gc_cont=0.666	GENOMAD.125882.CP	2.001E-50	191	0
JAJIUH010000011.1_9 # 6038 # 7051 # 1 # ID=32_9;partial=00;start_type=ATG;rbs_motif=AGGAG;rbs_spacer=5-10bp;genetic_code=11;gc_cont=0.701	GENOMAD.145456.CP	2.063E-24	108	0
JAJIUH010000125.1_13 # 17405 # 17929 # 1 # ID=34_13;partial=00;start_type=ATG;rbs_motif=AGGA;rbs_spacer=5-10bp;genetic_code=11;gc_cont=0.638	GENOMAD.171641.PC	1.258E-92	299	0
JAJIUH010000112.1_98 # 107862 # 109142 # 1 # ID=20_98;partial=00;start_type=GTG;rbs_motif=None;rbs_spacer=None;genetic_code=11;gc_cont=0.664	GENOMAD.152417.CP	1.554E-37	150	0
JAJIUH010000114.1_19 # 32295 # 34964 # -1 # ID=22_19;partial=00;start_type=ATG;rbs_motif=AGGAG;rbs_spacer=5-10bp;genetic_code=11;gc_cont=0.673	GENOMAD.123121.CP	1.230E-10	68	0
JAJIUH010000114.1_115 # 157897 # 158139 # 1 # ID=22_115;partial=00;start_type=ATG;rbs_motif=None;rbs_spacer=None;genetic_code=11;gc_cont=0.654	GENOMAD.108170.CP	2.456E-17	77	0
JAJIUH010000116.1_15 # 16895 # 17407 # 1 # ID=24_15;partial=00;start_type=ATG;rbs_motif=AGGAG;rbs_spacer=5-10bp;genetic_code=11;gc_cont=0.604	GENOMAD.176794.PC	3.110E-38	142	0
JAJIUH010000116.1_47 # 50414 # 51139 # 1 # ID=24_47;partial=00;start_type=ATG;rbs_motif=None;rbs_spacer=None;genetic_code=11;gc_cont=0.696	GENOMAD.049531.CC	1.169E-12	70	0
JAJIUH010000117.1_1 # 3 # 1634 # 1 # ID=25_1;partial=10;start_type=Edge;rbs_motif=None;rbs_spacer=None;genetic_code=11;gc_cont=0.605	GENOMAD.179497.PC	3.347E-76	269	0
JAJIUH010000101.1_6 # 5183 # 7123 # -1 # ID=8_6;partial=00;start_type=ATG;rbs_motif=AGGAG;rbs_spacer=5-10bp;genetic_code=11;gc_cont=0.682	GENOMAD.109459.VV	3.537E-07	56	3080
JAJIUH010000101.1_38 # 41221 # 42414 # -1 # ID=8_38;partial=00;start_type=ATG;rbs_motif=GGA/GAG/AGG;rbs_spacer=5-10bp;genetic_code=11;gc_cont=0.657	GENOMAD.138157.CP	1.733E-39	155	0
JAJIUH010000010.1_17 # 20381 # 21673 # -1 # ID=11_17;partial=00;start_type=ATG;rbs_motif=AGGAG;rbs_spacer=5-10bp;genetic_code=11;gc_cont=0.656	GENOMAD.116598.CV	2.973E-30	128	1246
JAJIUH010000010.1_81 # 92015 # 92320 # -1 # ID=11_81;partial=00;start_type=ATG;rbs_motif=GGAG/GAGG;rbs_spacer=5-10bp;genetic_code=11;gc_cont=0.595	GENOMAD.119080.CP	5.130E-19	83	0
JAJIUH010000105.1_10 # 9007 # 9774 # -1 # ID=13_10;partial=00;start_type=ATG;rbs_motif=AGGAG;rbs_spacer=5-10bp;genetic_code=11;gc_cont=0.445	GENOMAD.113335.PC	7.465E-130	411	0
JAJIUH010000105.1_42 # 47618 # 49120 # -1 # ID=13_42;partial=00;start_type=GTG;rbs_motif=GGA/GAG/AGG;rbs_spacer=5-10bp;genetic_code=11;gc_cont=0.616	GENOMAD.109407.CP	1.204E-11	70	0
JAJIUH010000129.1_9 # 9166 # 10659 # 1 # ID=38_9;partial=01;start_type=ATG;rbs_motif=GGAG/GAGG;rbs_spacer=5-10bp;genetic_code=11;gc_cont=0.685	GENOMAD.178810.CP	2.554E-26	117	0
JAJIUH010000130.1_32 # 41866 # 42582 # -1 # ID=39_32;partial=00;start_type=ATG;rbs_motif=None;rbs_spacer=None;genetic_code=11;gc_cont=0.683	GENOMAD.100682.CP	1.113E-15	79	0
JAJIUH010000131.1_52 # 59117 # 60445 # -1 # ID=40_52;partial=00;start_type=ATG;rbs_motif=None;rbs_spacer=None;genetic_code=11;gc_cont=0.658	GENOMAD.120563.CP	5.641E-09	61	0
JAJIUH010000131.1_84 # 96700 # 96969 # 1 # ID=40_84;partial=00;start_type=ATG;rbs_motif=GGA/GAG/AGG;rbs_spacer=5-10bp;genetic_code=11;gc_cont=0.567	GENOMAD.043515.PP	1.372E-34	127	0
JAJIUH010000025.1_26 # 32413 # 33285 # 1 # ID=57_26;partial=00;start_type=ATG;rbs_motif=GGAG/GAGG;rbs_spacer=5-10bp;genetic_code=11;gc_cont=0.696	GENOMAD.128871.CP	3.424E-24	106	0
JAJIUH010000027.1_27 # 35323 # 37692 # 1 # ID=60_27;partial=00;start_type=ATG;rbs_motif=None;rbs_spacer=None;genetic_code=11;gc_cont=0.658	GENOMAD.129013.CP	1.529E-19	97	0
JAJIUH010000027.1_91 # 128616 # 130244 # 1 # ID=60_91;partial=00;start_type=ATG;rbs_motif=None;rbs_spacer=None;genetic_code=11;gc_cont=0.695	GENOMAD.152489.CP	3.485E-42	167	0
JAJIUH010000040.1_27 # 45550 # 45825 # 1 # ID=74_27;partial=00;start_type=ATG;rbs_motif=AGGA;rbs_spacer=5-10bp;genetic_code=11;gc_cont=0.612	GENOMAD.000968.CC	4.603E-31	117	0
JAJIUH010000040.1_59 # 79678 # 80034 # -1 # ID=74_59;partial=00;start_type=ATG;rbs_motif=GGA/GAG/AGG;rbs_spacer=5-10bp;genetic_code=11;gc_cont=0.613	GENOMAD.006371.CC	2.909E-07	50	0
JAJIUH010000047.1_35 # 47694 # 48059 # -1 # ID=82_35;partial=00;start_type=ATG;rbs_motif=GGAG/GAGG;rbs_spacer=5-10bp;genetic_code=11;gc_cont=0.596	GENOMAD.004860.CC	1.824E-30	117	0
JAJIUH010000047.1_99 # 118567 # 123375 # 1 # ID=82_99;partial=00;start_type=ATG;rbs_motif=GGA/GAG/AGG;rbs_spacer=5-10bp;genetic_code=11;gc_cont=0.678	GENOMAD.088220.VV	5.444E-07	57	1246
JAJIUH010000084.1_34 # 37405 # 38466 # -1 # ID=123_34;partial=00;start_type=GTG;rbs_motif=GGA/GAG/AGG;rbs_spacer=5-10bp;genetic_code=11;gc_cont=0.702	GENOMAD.089091.CV	1.094E-06	53	1246
JAJIUH010000091.1_37 # 38833 # 39132 # -1 # ID=130_37;partial=00;start_type=GTG;rbs_motif=GGAG/GAGG;rbs_spacer=5-10bp;genetic_code=11;gc_cont=0.697	GENOMAD.153334.CP	4.553E-27	106	0
JAJIUH010000009.1_42 # 54678 # 55622 # 1 # ID=133_42;partial=00;start_type=ATG;rbs_motif=GGAGG;rbs_spacer=5-10bp;genetic_code=11;gc_cont=0.637	GENOMAD.159975.CP	1.411E-88	295	0
JAJIUH010000094.1_49 # 69193 # 70362 # -1 # ID=1_49;partial=00;start_type=GTG;rbs_motif=AGGAG;rbs_spacer=5-10bp;genetic_code=11;gc_cont=0.615	GENOMAD.161858.VP	1.908E-04	46	1246
JAJIUH010000094.1_113 # 145971 # 147080 # 1 # ID=1_113;partial=00;start_type=ATG;rbs_motif=GGAG/GAGG;rbs_spacer=5-10bp;genetic_code=11;gc_cont=0.619	GENOMAD.076874.VV	2.857E-07	55	0
JAJIUH010000094.1_145 # 183783 # 185876 # 1 # ID=1_145;partial=00;start_type=ATG;rbs_motif=GGAG/GAGG;rbs_spacer=5-10bp;genetic_code=11;gc_cont=0.679	GENOMAD.136785.CP	3.154E-13	76	0
JAJIUH010000095.1_53 # 57563 # 58213 # 1 # ID=2_53;partial=00;start_type=ATG;rbs_motif=GGA/GAG/AGG;rbs_spacer=5-10bp;genetic_code=11;gc_cont=0.657	GENOMAD.153566.CP	1.492E-10	63	0
JAJIUH010000097.1_4 # 2355 # 3275 # 1 # ID=4_4;partial=00;start_type=ATG;rbs_motif=None;rbs_spacer=None;genetic_code=11;gc_cont=0.684	GENOMAD.060882.CP	2.235E-27	116	1246
JAJIUH010000114.1_24 # 43549 # 46221 # -1 # ID=22_24;partial=00;start_type=ATG;rbs_motif=GGAG/GAGG;rbs_spacer=5-10bp;genetic_code=11;gc_cont=0.619	GENOMAD.152082.CP	5.714E-123	420	0
JAJIUH010000115.1_3 # 1318 # 1899 # -1 # ID=23_3;partial=00;start_type=TTG;rbs_motif=AGxAG;rbs_spacer=3-4bp;genetic_code=11;gc_cont=0.483	GENOMAD.086806.PP	3.845E-27	111	0
JAJIUH010000117.1_6 # 5452 # 6432 # -1 # ID=25_6;partial=00;start_type=ATG;rbs_motif=None;rbs_spacer=None;genetic_code=11;gc_cont=0.679	GENOMAD.205455.PC	1.427E-35	141	0
JAJIUH010000117.1_38 # 42399 # 43661 # -1 # ID=25_38;partial=00;start_type=ATG;rbs_motif=GGA/GAG/AGG;rbs_spacer=5-10bp;genetic_code=11;gc_cont=0.665	GENOMAD.196178.PC	2.583E-49	185	0
JAJIUH010000112.1_119 # 132154 # 133110 # -1 # ID=20_119;partial=00;start_type=ATG;rbs_motif=GGA/GAG/AGG;rbs_spacer=5-10bp;genetic_code=11;gc_cont=0.687	GENOMAD.183688.PC	2.312E-37	146	0
JAJIUH010000113.1_27 # 29866 # 32559 # -1 # ID=21_27;partial=00;start_type=ATG;rbs_motif=None;rbs_spacer=None;genetic_code=11;gc_cont=0.625	GENOMAD.152082.CP	3.806E-26	119	0
JAJIUH010000114.1_8 # 14130 # 15593 # -1 # ID=22_8;partial=00;start_type=ATG;rbs_motif=None;rbs_spacer=None;genetic_code=11;gc_cont=0.652	GENOMAD.167282.CP	1.910E-33	139	0
JAJIUH010000114.1_72 # 109489 # 110262 # 1 # ID=22_72;partial=00;start_type=ATG;rbs_motif=GGA/GAG/AGG;rbs_spacer=5-10bp;genetic_code=11;gc_cont=0.667	GENOMAD.194782.CP	3.627E-16	81	0
JAJIUH010000114.1_104 # 149334 # 149726 # -1 # ID=22_104;partial=00;start_type=ATG;rbs_motif=None;rbs_spacer=None;genetic_code=11;gc_cont=0.656	GENOMAD.147438.CP	7.590E-10	58	0
JAJIUH010000116.1_4 # 4180 # 5541 # 1 # ID=24_4;partial=00;start_type=ATG;rbs_motif=AGGAG;rbs_spacer=5-10bp;genetic_code=11;gc_cont=0.668	GENOMAD.213349.VC	1.586E-14	79	0
JAJIUH010000014.1_16 # 19737 # 20108 # -1 # ID=45_16;partial=00;start_type=ATG;rbs_motif=AGGAG;rbs_spacer=5-10bp;genetic_code=11;gc_cont=0.626	GENOMAD.146485.CP	4.810E-21	90	0
JAJIUH010000017.1_37 # 35091 # 36329 # -1 # ID=48_37;partial=00;start_type=ATG;rbs_motif=GGxGG;rbs_spacer=5-10bp;genetic_code=11;gc_cont=0.703	GENOMAD.137385.CP	1.824E-26	116	0
JAJIUH010000018.1_35 # 41054 # 42235 # -1 # ID=50_35;partial=00;start_type=ATG;rbs_motif=GGA/GAG/AGG;rbs_spacer=5-10bp;genetic_code=11;gc_cont=0.662	GENOMAD.171686.PC	8.639E-58	209	0
JAJIUH010000020.1_23 # 23840 # 24850 # -1 # ID=52_23;partial=00;start_type=ATG;rbs_motif=AGxAGG/AGGxGG;rbs_spacer=3-4bp;genetic_code=11;gc_cont=0.702	GENOMAD.024791.CC	7.261E-10	63	0
JAJIUH010000010.1_42 # 51581 # 53914 # 1 # ID=11_42;partial=00;start_type=ATG;rbs_motif=AGGA;rbs_spacer=5-10bp;genetic_code=11;gc_cont=0.632	GENOMAD.178349.CP	2.219E-125	423	0
JAJIUH010000105.1_35 # 38770 # 39030 # -1 # ID=13_35;partial=00;start_type=ATG;rbs_motif=GGA/GAG/AGG;rbs_spacer=5-10bp;genetic_code=11;gc_cont=0.579	GENOMAD.056361.CP	1.233E-26	104	0
JAJIUH010000106.1_5 # 3984 # 4301 # 1 # ID=14_5;partial=00;start_type=ATG;rbs_motif=GGA/GAG/AGG;rbs_spacer=5-10bp;genetic_code=11;gc_cont=0.557	GENOMAD.223078.VP	6.179E-11	60	8419
JAJIUH010000106.1_37 # 21828 # 22103 # -1 # ID=14_37;partial=00;start_type=ATG;rbs_motif=GGA/GAG/AGG;rbs_spacer=5-10bp;genetic_code=11;gc_cont=0.678	GENOMAD.213312.VP	7.327E-19	82	2773
JAJIUH010000106.1_69 # 54561 # 54983 # 1 # ID=14_69;partial=00;start_type=ATG;rbs_motif=GGA/GAG/AGG;rbs_spacer=5-10bp;genetic_code=11;gc_cont=0.721	GENOMAD.141401.CP	2.013E-11	63	0
JAJIUH010000108.1_18 # 22189 # 23967 # -1 # ID=16_18;partial=00;start_type=ATG;rbs_motif=None;rbs_spacer=None;genetic_code=11;gc_cont=0.641	GENOMAD.146625.CP	6.974E-15	81	0
JAJIUH010000109.1_5 # 5593 # 6297 # 1 # ID=17_5;partial=00;start_type=ATG;rbs_motif=None;rbs_spacer=None;genetic_code=11;gc_cont=0.674	GENOMAD.168413.CP	3.747E-127	402	0
JAJIUH010000036.1_14 # 23349 # 24227 # 1 # ID=70_14;partial=00;start_type=ATG;rbs_motif=GGxGG;rbs_spacer=5-10bp;genetic_code=11;gc_cont=0.689	GENOMAD.183309.PC	4.772E-10	63	0
JAJIUH010000036.1_46 # 55294 # 56073 # -1 # ID=70_46;partial=00;start_type=ATG;rbs_motif=None;rbs_spacer=None;genetic_code=11;gc_cont=0.676	GENOMAD.085898.CP	3.781E-04	44	0
JAJIUH010000036.1_78 # 88576 # 89811 # -1 # ID=70_78;partial=00;start_type=ATG;rbs_motif=GGAG/GAGG;rbs_spacer=5-10bp;genetic_code=11;gc_cont=0.681	GENOMAD.127439.CP	4.704E-31	130	0
JAJIUH010000040.1_25 # 42486 # 44105 # 1 # ID=74_25;partial=00;start_type=ATG;rbs_motif=None;rbs_spacer=None;genetic_code=11;gc_cont=0.698	GENOMAD.050490.CV	1.156E-10	67	1246
JAJIUH010000040.1_57 # 76950 # 78374 # -1 # ID=74_57;partial=00;start_type=ATG;rbs_motif=None;rbs_spacer=None;genetic_code=11;gc_cont=0.602	GENOMAD.145298.CP	1.297E-22	105	0
JAJIUH010000042.1_4 # 6448 # 6861 # -1 # ID=76_4;partial=00;start_type=ATG;rbs_motif=4Base/6BMM;rbs_spacer=13-15bp;genetic_code=11;gc_cont=0.688	GENOMAD.136042.PC	1.023E-08	55	0
JAJIUH010000044.1_16 # 15373 # 16632 # 1 # ID=78_16;partial=00;start_type=ATG;rbs_motif=GGxGG;rbs_spacer=5-10bp;genetic_code=11;gc_cont=0.609	GENOMAD.118563.CP	2.146E-27	119	0
JAJIUH010000130.1_13 # 16868 # 17278 # -1 # ID=39_13;partial=00;start_type=ATG;rbs_motif=GGA/GAG/AGG;rbs_spacer=11-12bp;genetic_code=11;gc_cont=0.657	GENOMAD.190879.PC	1.857E-53	184	0
JAJIUH010000130.1_45 # 52802 # 54661 # -1 # ID=39_45;partial=00;start_type=GTG;rbs_motif=None;rbs_spacer=None;genetic_code=11;gc_cont=0.674	GENOMAD.044132.CC	4.781E-281	868	0
JAJIUH010000131.1_1 # 1 # 528 # 1 # ID=40_1;partial=10;start_type=Edge;rbs_motif=None;rbs_spacer=None;genetic_code=11;gc_cont=0.636	GENOMAD.208558.PC	6.298E-07	51	0
JAJIUH010000131.1_65 # 73350 # 76121 # 1 # ID=40_65;partial=00;start_type=ATG;rbs_motif=None;rbs_spacer=None;genetic_code=11;gc_cont=0.669	GENOMAD.154381.CP	1.915E-33	143	0
JAJIUH010000131.1_14 # 10799 # 11974 # 1 # ID=40_14;partial=00;start_type=ATG;rbs_motif=None;rbs_spacer=None;genetic_code=11;gc_cont=0.636	GENOMAD.208454.PC	4.076E-82	280	0
JAJIUH010000131.1_78 # 88170 # 90257 # 1 # ID=40_78;partial=00;start_type=ATG;rbs_motif=None;rbs_spacer=None;genetic_code=11;gc_cont=0.672	GENOMAD.133581.CP	9.344E-15	81	0
JAJIUH010000013.1_30 # 38964 # 39899 # -1 # ID=44_30;partial=00;start_type=ATG;rbs_motif=GGA/GAG/AGG;rbs_spacer=5-10bp;genetic_code=11;gc_cont=0.605	GENOMAD.182403.PC	3.070E-05	48	0
JAJIUH010000095.1_44 # 47188 # 48456 # -1 # ID=2_44;partial=00;start_type=ATG;rbs_motif=GGAG/GAGG;rbs_spacer=5-10bp;genetic_code=11;gc_cont=0.662	GENOMAD.170120.CP	1.432E-41	162	0
JAJIUH010000096.1_9 # 8652 # 9185 # -1 # ID=3_9;partial=00;start_type=ATG;rbs_motif=GGAG/GAGG;rbs_spacer=5-10bp;genetic_code=11;gc_cont=0.661	GENOMAD.138200.CP	2.898E-42	154	0
JAJIUH010000097.1_27 # 26526 # 27416 # -1 # ID=4_27;partial=00;start_type=ATG;rbs_motif=AGGAG;rbs_spacer=5-10bp;genetic_code=11;gc_cont=0.685	GENOMAD.108584.CP	4.672E-138	437	0
JAJIUH010000098.1_28 # 25707 # 26357 # 1 # ID=5_28;partial=00;start_type=ATG;rbs_motif=GGAG/GAGG;rbs_spacer=5-10bp;genetic_code=11;gc_cont=0.654	GENOMAD.152305.CP	1.743E-27	113	0
JAJIUH010000101.1_8 # 8073 # 9131 # -1 # ID=8_8;partial=00;start_type=GTG;rbs_motif=None;rbs_spacer=None;genetic_code=11;gc_cont=0.688	GENOMAD.147712.CP	6.208E-189	587	0
JAJIUH010000101.1_40 # 43937 # 44386 # -1 # ID=8_40;partial=00;start_type=ATG;rbs_motif=GGA/GAG/AGG;rbs_spacer=5-10bp;genetic_code=11;gc_cont=0.662	GENOMAD.158192.CP	1.695E-04	43	0
JAJIUH010000010.1_51 # 62478 # 63272 # -1 # ID=11_51;partial=00;start_type=GTG;rbs_motif=AGGA/GGAG/GAGG;rbs_spacer=11-12bp;genetic_code=11;gc_cont=0.687	GENOMAD.106866.CP	9.117E-19	89	1246
JAJIUH010000127.1_43 # 50946 # 52001 # 1 # ID=36_43;partial=00;start_type=GTG;rbs_motif=GGA/GAG/AGG;rbs_spacer=5-10bp;genetic_code=11;gc_cont=0.615	GENOMAD.049396.VV	3.450E-09	61	15663
JAJIUH010000130.1_50 # 58742 # 60214 # 1 # ID=39_50;partial=00;start_type=ATG;rbs_motif=GGA/GAG/AGG;rbs_spacer=5-10bp;genetic_code=11;gc_cont=0.649	GENOMAD.151588.CP	9.955E-20	96	0
JAJIUH010000131.1_6 # 4116 # 4892 # 1 # ID=40_6;partial=00;start_type=ATG;rbs_motif=AGGAG;rbs_spacer=5-10bp;genetic_code=11;gc_cont=0.656	GENOMAD.132251.CP	3.054E-26	111	0
JAJIUH010000131.1_70 # 78625 # 79050 # -1 # ID=40_70;partial=00;start_type=ATG;rbs_motif=GGAGG;rbs_spacer=5-10bp;genetic_code=11;gc_cont=0.655	GENOMAD.132779.CP	5.256E-09	56	0
JAJIUH010000133.1_7 # 6064 # 7422 # -1 # ID=43_7;partial=00;start_type=ATG;rbs_motif=GGAGG;rbs_spacer=5-10bp;genetic_code=11;gc_cont=0.694	GENOMAD.148335.PP	2.198E-111	368	0
JAJIUH010000020.1_14 # 16131 # 16853 # 1 # ID=52_14;partial=00;start_type=ATG;rbs_motif=None;rbs_spacer=None;genetic_code=11;gc_cont=0.674	GENOMAD.137367.CP	4.940E-10	62	0
JAJIUH010000020.1_78 # 86193 # 86981 # 1 # ID=52_78;partial=00;start_type=ATG;rbs_motif=GGA/GAG/AGG;rbs_spacer=5-10bp;genetic_code=11;gc_cont=0.606	GENOMAD.129948.CP	2.897E-43	161	0
JAJIUH010000025.1_45 # 52161 # 52691 # 1 # ID=57_45;partial=00;start_type=ATG;rbs_motif=GGA/GAG/AGG;rbs_spacer=5-10bp;genetic_code=11;gc_cont=0.606	GENOMAD.140619.VV	2.261E-70	235	0
JAJIUH010000027.1_14 # 23160 # 23651 # 1 # ID=60_14;partial=00;start_type=ATG;rbs_motif=GGAG/GAGG;rbs_spacer=5-10bp;genetic_code=11;gc_cont=0.596	GENOMAD.212552.PC	2.153E-81	266	0
JAJIUH010000027.1_46 # 71857 # 72405 # -1 # ID=60_46;partial=00;start_type=ATG;rbs_motif=None;rbs_spacer=None;genetic_code=11;gc_cont=0.729	GENOMAD.218216.PC	2.490E-46	166	0
JAJIUH010000050.1_1 # 1 # 771 # -1 # ID=85_1;partial=10;start_type=ATG;rbs_motif=GGAG/GAGG;rbs_spacer=5-10bp;genetic_code=11;gc_cont=0.586	GENOMAD.114461.PP	2.743E-52	187	0
JAJIUH010000053.1_9 # 6527 # 6760 # 1 # ID=88_9;partial=00;start_type=ATG;rbs_motif=None;rbs_spacer=None;genetic_code=11;gc_cont=0.585	GENOMAD.221919.VP	2.132E-17	77	1246
JAJIUH010000059.1_39 # 32775 # 34019 # 1 # ID=95_39;partial=00;start_type=ATG;rbs_motif=GGAG/GAGG;rbs_spacer=5-10bp;genetic_code=11;gc_cont=0.599	GENOMAD.043253.PP	1.205E-185	581	0
JAJIUH010000006.1_25 # 17801 # 18388 # -1 # ID=100_25;partial=00;start_type=ATG;rbs_motif=AGGAG;rbs_spacer=5-10bp;genetic_code=11;gc_cont=0.633	GENOMAD.021429.PP	1.876E-37	141	0
JAJIUH010000114.1_23 # 41654 # 43342 # -1 # ID=22_23;partial=00;start_type=ATG;rbs_motif=AGGAG;rbs_spacer=5-10bp;genetic_code=11;gc_cont=0.647	GENOMAD.178633.CP	1.064E-17	90	0
JAJIUH010000114.1_55 # 82806 # 83801 # -1 # ID=22_55;partial=00;start_type=ATG;rbs_motif=GGAG/GAGG;rbs_spacer=5-10bp;genetic_code=11;gc_cont=0.617	GENOMAD.191409.CP	1.966E-06	52	0
JAJIUH010000115.1_2 # 739 # 1278 # -1 # ID=23_2;partial=00;start_type=ATG;rbs_motif=None;rbs_spacer=None;genetic_code=11;gc_cont=0.459	GENOMAD.086806.PP	4.184E-19	87	0
JAJIUH010000116.1_51 # 55824 # 58244 # -1 # ID=24_51;partial=00;start_type=ATG;rbs_motif=GGAG/GAGG;rbs_spacer=5-10bp;genetic_code=11;gc_cont=0.602	GENOMAD.058049.PP	3.174E-167	547	0
JAJIUH010000117.1_5 # 4097 # 5434 # -1 # ID=25_5;partial=00;start_type=ATG;rbs_motif=GGA/GAG/AGG;rbs_spacer=5-10bp;genetic_code=11;gc_cont=0.656	GENOMAD.127377.CP	5.719E-05	48	0
JAJIUH010000118.1_25 # 38356 # 39009 # 1 # ID=26_25;partial=00;start_type=ATG;rbs_motif=None;rbs_spacer=None;genetic_code=11;gc_cont=0.642	GENOMAD.116548.CP	2.249E-124	393	0
JAJIUH010000131.1_19 # 17311 # 19494 # -1 # ID=40_19;partial=00;start_type=ATG;rbs_motif=GGAG/GAGG;rbs_spacer=5-10bp;genetic_code=11;gc_cont=0.628	GENOMAD.130354.CP	7.365E-116	393	0
JAJIUH010000133.1_20 # 22090 # 23031 # 1 # ID=43_20;partial=00;start_type=ATG;rbs_motif=GGAGG;rbs_spacer=5-10bp;genetic_code=11;gc_cont=0.611	GENOMAD.101048.PP	2.607E-21	98	0
JAJIUH010000013.1_35 # 44318 # 44884 # 1 # ID=44_35;partial=00;start_type=ATG;rbs_motif=GGA/GAG/AGG;rbs_spacer=5-10bp;genetic_code=11;gc_cont=0.593	GENOMAD.036274.PP	1.766E-09	59	0
JAJIUH010000017.1_8 # 5228 # 5818 # -1 # ID=48_8;partial=00;start_type=ATG;rbs_motif=AGGAG;rbs_spacer=5-10bp;genetic_code=11;gc_cont=0.675	GENOMAD.177995.CP	2.039E-06	50	0
JAJIUH010000020.1_24 # 24990 # 26555 # -1 # ID=52_24;partial=00;start_type=ATG;rbs_motif=GGAG/GAGG;rbs_spacer=5-10bp;genetic_code=11;gc_cont=0.681	GENOMAD.098617.VV	5.364E-11	68	1246
JAJIUH010000020.1_88 # 95140 # 95502 # -1 # ID=52_88;partial=00;start_type=ATG;rbs_motif=AGGAG;rbs_spacer=5-10bp;genetic_code=11;gc_cont=0.664	GENOMAD.055874.CC	3.948E-54	185	0
JAJIUH010000020.1_120 # 130372 # 132579 # 1 # ID=52_120;partial=00;start_type=ATG;rbs_motif=AGGA;rbs_spacer=5-10bp;genetic_code=11;gc_cont=0.644	GENOMAD.171718.CP	2.823E-05	50	0
JAJIUH010000027.1_24 # 30739 # 32085 # 1 # ID=60_24;partial=00;start_type=ATG;rbs_motif=None;rbs_spacer=None;genetic_code=11;gc_cont=0.658	GENOMAD.135937.CP	2.375E-04	46	0
JAJIUH010000094.1_97 # 128686 # 129441 # 1 # ID=1_97;partial=00;start_type=ATG;rbs_motif=None;rbs_spacer=None;genetic_code=11;gc_cont=0.639	GENOMAD.119007.CP	5.875E-10	62	0
JAJIUH010000094.1_129 # 163715 # 164704 # 1 # ID=1_129;partial=00;start_type=ATG;rbs_motif=None;rbs_spacer=None;genetic_code=11;gc_cont=0.674	GENOMAD.133766.CP	5.150E-44	166	0
JAJIUH010000095.1_5 # 4561 # 5487 # -1 # ID=2_5;partial=00;start_type=ATG;rbs_motif=None;rbs_spacer=None;genetic_code=11;gc_cont=0.674	GENOMAD.194137.CP	1.084E-27	117	0
JAJIUH010000097.1_37 # 39104 # 39721 # -1 # ID=4_37;partial=00;start_type=GTG;rbs_motif=AGGAG;rbs_spacer=5-10bp;genetic_code=11;gc_cont=0.654	GENOMAD.205700.CP	9.458E-04	42	0
JAJIUH010000126.1_13 # 21322 # 21759 # -1 # ID=35_13;partial=00;start_type=ATG;rbs_motif=None;rbs_spacer=None;genetic_code=11;gc_cont=0.674	GENOMAD.072167.PP	1.499E-05	46	0
JAJIUH010000127.1_31 # 34486 # 35772 # 1 # ID=36_31;partial=00;start_type=ATG;rbs_motif=GGA/GAG/AGG;rbs_spacer=5-10bp;genetic_code=11;gc_cont=0.575	GENOMAD.167613.CP	7.647E-40	157	0
JAJIUH010000127.1_63 # 72998 # 73438 # 1 # ID=36_63;partial=00;start_type=ATG;rbs_motif=None;rbs_spacer=None;genetic_code=11;gc_cont=0.646	GENOMAD.124272.CV	1.035E-12	67	1246
JAJIUH010000130.1_6 # 5264 # 7645 # 1 # ID=39_6;partial=00;start_type=ATG;rbs_motif=GGA/GAG/AGG;rbs_spacer=5-10bp;genetic_code=11;gc_cont=0.632	GENOMAD.146534.CP	6.259E-05	49	0
JAJIUH010000130.1_38 # 48071 # 48361 # -1 # ID=39_38;partial=00;start_type=ATG;rbs_motif=None;rbs_spacer=None;genetic_code=11;gc_cont=0.639	GENOMAD.194235.PC	1.401E-14	70	0
JAJIUH010000130.1_70 # 79648 # 79962 # 1 # ID=39_70;partial=00;start_type=ATG;rbs_motif=GGAG/GAGG;rbs_spacer=5-10bp;genetic_code=11;gc_cont=0.629	GENOMAD.210365.PC	5.370E-12	63	0
JAJIUH010000020.1_1 # 325 # 1692 # 1 # ID=52_1;partial=00;start_type=ATG;rbs_motif=GGA/GAG/AGG;rbs_spacer=5-10bp;genetic_code=11;gc_cont=0.667	GENOMAD.114680.CP	5.027E-59	215	1246
JAJIUH010000020.1_33 # 38437 # 38685 # 1 # ID=52_33;partial=00;start_type=GTG;rbs_motif=GGAG/GAGG;rbs_spacer=5-10bp;genetic_code=11;gc_cont=0.643	GENOMAD.221918.CP	1.742E-21	89	0
JAJIUH010000027.1_33 # 44453 # 44743 # 1 # ID=60_33;partial=00;start_type=ATG;rbs_motif=GGA/GAG/AGG;rbs_spacer=5-10bp;genetic_code=11;gc_cont=0.636	GENOMAD.010346.CC	6.885E-45	157	0
JAJIUH010000027.1_65 # 99020 # 99523 # -1 # ID=60_65;partial=00;start_type=ATG;rbs_motif=GGA/GAG/AGG;rbs_spacer=5-10bp;genetic_code=11;gc_cont=0.651	GENOMAD.183209.PC	2.048E-23	99	0
JAJIUH010000027.1_161 # 223142 # 224059 # -1 # ID=60_161;partial=00;start_type=GTG;rbs_motif=AGGAG;rbs_spacer=5-10bp;genetic_code=11;gc_cont=0.633	GENOMAD.171283.VV	2.242E-22	101	1246
JAJIUH010000030.1_25 # 32289 # 32834 # 1 # ID=63_25;partial=00;start_type=ATG;rbs_motif=None;rbs_spacer=None;genetic_code=11;gc_cont=0.650	GENOMAD.161593.CP	5.802E-45	162	0
JAJIUH010000069.1_17 # 23458 # 27579 # -1 # ID=106_17;partial=00;start_type=ATG;rbs_motif=None;rbs_spacer=None;genetic_code=11;gc_cont=0.670	GENOMAD.105310.CV	4.439E-152	522	0
JAJIUH010000069.1_49 # 58916 # 59728 # 1 # ID=106_49;partial=00;start_type=ATG;rbs_motif=AGGA;rbs_spacer=5-10bp;genetic_code=11;gc_cont=0.712	GENOMAD.207981.CP	2.128E-23	103	0
JAJIUH010000075.1_42 # 50733 # 51950 # 1 # ID=113_42;partial=00;start_type=ATG;rbs_motif=None;rbs_spacer=None;genetic_code=11;gc_cont=0.699	GENOMAD.179434.CP	2.035E-04	46	0
JAJIUH010000075.1_106 # 124028 # 124699 # -1 # ID=113_106;partial=00;start_type=ATG;rbs_motif=GGAGG;rbs_spacer=5-10bp;genetic_code=11;gc_cont=0.658	GENOMAD.147617.CP	7.153E-19	88	0
JAJIUH010000075.1_56 # 69785 # 70321 # 1 # ID=113_56;partial=00;start_type=ATG;rbs_motif=GGA/GAG/AGG;rbs_spacer=5-10bp;genetic_code=11;gc_cont=0.698	GENOMAD.189756.CP	2.357E-15	76	0
JAJIUH010000076.1_20 # 23957 # 24610 # -1 # ID=114_20;partial=00;start_type=ATG;rbs_motif=AGGAG;rbs_spacer=5-10bp;genetic_code=11;gc_cont=0.685	GENOMAD.192187.CP	8.185E-28	114	0
JAJIUH010000077.1_22 # 21113 # 21835 # -1 # ID=115_22;partial=00;start_type=ATG;rbs_motif=None;rbs_spacer=None;genetic_code=11;gc_cont=0.675	GENOMAD.145475.CP	7.356E-05	46	0
JAJIUH010000077.1_54 # 52989 # 55220 # -1 # ID=115_54;partial=00;start_type=ATG;rbs_motif=GGA/GAG/AGG;rbs_spacer=5-10bp;genetic_code=11;gc_cont=0.637	GENOMAD.134173.CP	3.107E-64	239	0
JAJIUH010000131.1_72 # 80724 # 83018 # -1 # ID=40_72;partial=00;start_type=ATG;rbs_motif=GGA/GAG/AGG;rbs_spacer=5-10bp;genetic_code=11;gc_cont=0.630	GENOMAD.179607.CP	3.274E-76	276	0
JAJIUH010000133.1_9 # 7891 # 8361 # -1 # ID=43_9;partial=00;start_type=ATG;rbs_motif=GGA/GAG/AGG;rbs_spacer=5-10bp;genetic_code=11;gc_cont=0.705	GENOMAD.166214.PP	4.434E-45	161	0
JAJIUH010000133.1_73 # 64775 # 67036 # 1 # ID=43_73;partial=00;start_type=ATG;rbs_motif=GGAG/GAGG;rbs_spacer=5-10bp;genetic_code=11;gc_cont=0.553	GENOMAD.108209.PC	8.862E-25	114	0
JAJIUH010000014.1_8 # 10231 # 12276 # 1 # ID=45_8;partial=00;start_type=ATG;rbs_motif=None;rbs_spacer=None;genetic_code=11;gc_cont=0.640	GENOMAD.127342.CP	6.540E-17	88	0
JAJIUH010000016.1_2 # 953 # 1774 # 1 # ID=47_2;partial=00;start_type=ATG;rbs_motif=AGGA/GGAG/GAGG;rbs_spacer=11-12bp;genetic_code=11;gc_cont=0.583	GENOMAD.159942.PC	1.642E-103	336	0
JAJIUH010000098.1_36 # 38804 # 39958 # -1 # ID=5_36;partial=00;start_type=ATG;rbs_motif=GGA/GAG/AGG;rbs_spacer=11-12bp;genetic_code=11;gc_cont=0.671	GENOMAD.126037.CP	1.732E-53	196	0
JAJIUH010000010.1_27 # 33781 # 35307 # 1 # ID=11_27;partial=00;start_type=ATG;rbs_motif=None;rbs_spacer=None;genetic_code=11;gc_cont=0.655	GENOMAD.105891.CP	3.615E-99	335	0
JAJIUH010000010.1_91 # 95870 # 96697 # -1 # ID=11_91;partial=00;start_type=ATG;rbs_motif=GGAG/GAGG;rbs_spacer=5-10bp;genetic_code=11;gc_cont=0.644	GENOMAD.058738.CV	1.958E-65	226	0
JAJIUH010000105.1_20 # 21980 # 23137 # -1 # ID=13_20;partial=00;start_type=ATG;rbs_motif=AGGA/GGAG/GAGG;rbs_spacer=11-12bp;genetic_code=11;gc_cont=0.586	GENOMAD.141000.CP	9.511E-192	597	0
JAJIUH010000106.1_22 # 13354 # 13746 # 1 # ID=14_22;partial=00;start_type=ATG;rbs_motif=GGAGG;rbs_spacer=3-4bp;genetic_code=11;gc_cont=0.583	GENOMAD.141606.VV	9.358E-50	173	16538
JAJIUH010000094.1_56 # 78214 # 79611 # -1 # ID=1_56;partial=00;start_type=ATG;rbs_motif=AGGA;rbs_spacer=5-10bp;genetic_code=11;gc_cont=0.649	GENOMAD.108638.CP	1.786E-06	53	0
JAJIUH010000098.1_44 # 46819 # 47808 # -1 # ID=5_44;partial=00;start_type=ATG;rbs_motif=GGA/GAG/AGG;rbs_spacer=5-10bp;genetic_code=11;gc_cont=0.659	GENOMAD.151006.CP	3.267E-19	92	0
JAJIUH010000020.1_102 # 107066 # 107866 # -1 # ID=52_102;partial=00;start_type=ATG;rbs_motif=GGAGG;rbs_spacer=3-4bp;genetic_code=11;gc_cont=0.654	GENOMAD.215480.PC	8.192E-12	68	0
JAJIUH010000025.1_37 # 42723 # 43409 # -1 # ID=57_37;partial=00;start_type=ATG;rbs_motif=None;rbs_spacer=None;genetic_code=11;gc_cont=0.606	GENOMAD.112814.CP	3.382E-55	194	0
JAJIUH010000025.1_69 # 75003 # 77705 # 1 # ID=57_69;partial=00;start_type=ATG;rbs_motif=GGA/GAG/AGG;rbs_spacer=5-10bp;genetic_code=11;gc_cont=0.636	GENOMAD.026404.VV	7.253E-49	193	1246
JAJIUH010000027.1_70 # 103430 # 104101 # 1 # ID=60_70;partial=00;start_type=TTG;rbs_motif=GGAG/GAGG;rbs_spacer=5-10bp;genetic_code=11;gc_cont=0.664	GENOMAD.161005.PC	3.427E-131	413	0
JAJIUH010000027.1_134 # 185301 # 187115 # 1 # ID=60_134;partial=00;start_type=ATG;rbs_motif=GGA/GAG/AGG;rbs_spacer=5-10bp;genetic_code=11;gc_cont=0.687	GENOMAD.005978.CC	1.591E-07	57	1246
JAJIUH010000094.1_75 # 105243 # 106040 # 1 # ID=1_75;partial=00;start_type=ATG;rbs_motif=None;rbs_spacer=None;genetic_code=11;gc_cont=0.664	GENOMAD.080636.CV	5.268E-86	285	0
JAJIUH010000095.1_47 # 50868 # 52382 # 1 # ID=2_47;partial=00;start_type=ATG;rbs_motif=None;rbs_spacer=None;genetic_code=11;gc_cont=0.667	GENOMAD.145507.CP	4.035E-30	129	0
JAJIUH010000111.1_14 # 15961 # 16788 # -1 # ID=19_14;partial=00;start_type=ATG;rbs_motif=4Base/6BMM;rbs_spacer=13-15bp;genetic_code=11;gc_cont=0.641	GENOMAD.177338.PC	1.008E-04	46	0
JAJIUH010000112.1_62 # 67833 # 68927 # 1 # ID=20_62;partial=00;start_type=ATG;rbs_motif=GGAG/GAGG;rbs_spacer=5-10bp;genetic_code=11;gc_cont=0.647	GENOMAD.133423.CP	5.904E-47	176	0
JAJIUH010000113.1_34 # 47054 # 48208 # -1 # ID=21_34;partial=00;start_type=ATG;rbs_motif=GGAG/GAGG;rbs_spacer=5-10bp;genetic_code=11;gc_cont=0.622	GENOMAD.123376.CP	4.939E-10	64	0
JAJIUH010000090.1_22 # 22583 # 23233 # 1 # ID=129_22;partial=00;start_type=ATG;rbs_motif=None;rbs_spacer=None;genetic_code=11;gc_cont=0.668	GENOMAD.154704.CP	5.469E-53	187	0
JAJIUH010000009.1_25 # 32765 # 35227 # 1 # ID=133_25;partial=00;start_type=ATG;rbs_motif=GGA/GAG/AGG;rbs_spacer=5-10bp;genetic_code=11;gc_cont=0.654	GENOMAD.136547.CP	2.693E-213	682	0
JAJIUH010000094.1_96 # 127318 # 128541 # 1 # ID=1_96;partial=00;start_type=ATG;rbs_motif=AGGA;rbs_spacer=5-10bp;genetic_code=11;gc_cont=0.638	GENOMAD.119423.CP	8.459E-04	44	0
JAJIUH010000094.1_128 # 161980 # 163704 # 1 # ID=1_128;partial=00;start_type=ATG;rbs_motif=GGA/GAG/AGG;rbs_spacer=5-10bp;genetic_code=11;gc_cont=0.672	GENOMAD.136859.CP	1.729E-36	150	0
JAJIUH010000095.1_4 # 2252 # 4357 # 1 # ID=2_4;partial=00;start_type=ATG;rbs_motif=GGA/GAG/AGG;rbs_spacer=5-10bp;genetic_code=11;gc_cont=0.652	GENOMAD.053052.VV	4.131E-18	92	0
JAJIUH010000130.1_9 # 9344 # 10420 # 1 # ID=39_9;partial=00;start_type=ATG;rbs_motif=GGAG/GAGG;rbs_spacer=5-10bp;genetic_code=11;gc_cont=0.667	GENOMAD.125879.CP	4.713E-18	89	0
JAJIUH010000131.1_29 # 33962 # 34495 # -1 # ID=40_29;partial=00;start_type=ATG;rbs_motif=GGA/GAG/AGG;rbs_spacer=5-10bp;genetic_code=11;gc_cont=0.635	GENOMAD.002097.CC	1.064E-70	236	0
JAJIUH010000131.1_61 # 65970 # 66209 # -1 # ID=40_61;partial=00;start_type=ATG;rbs_motif=None;rbs_spacer=None;genetic_code=11;gc_cont=0.629	GENOMAD.022030.CC	4.124E-05	42	0
JAJIUH010000013.1_13 # 15672 # 17339 # 1 # ID=44_13;partial=00;start_type=TTG;rbs_motif=GGAG/GAGG;rbs_spacer=5-10bp;genetic_code=11;gc_cont=0.655	GENOMAD.137986.CP	2.342E-06	53	0
JAJIUH010000066.1_35 # 29945 # 30460 # -1 # ID=103_35;partial=00;start_type=ATG;rbs_motif=GGAG/GAGG;rbs_spacer=5-10bp;genetic_code=11;gc_cont=0.655	GENOMAD.189684.PC	2.185E-51	180	0
JAJIUH010000067.1_12 # 13348 # 13788 # 1 # ID=104_12;partial=00;start_type=ATG;rbs_motif=AGGAG;rbs_spacer=5-10bp;genetic_code=11;gc_cont=0.678	GENOMAD.158252.CP	1.559E-26	107	0
JAJIUH010000069.1_24 # 33352 # 34062 # -1 # ID=106_24;partial=00;start_type=ATG;rbs_motif=GGA/GAG/AGG;rbs_spacer=5-10bp;genetic_code=11;gc_cont=0.660	GENOMAD.106866.CP	7.421E-39	147	1246
JAJIUH010000072.1_6 # 3445 # 3978 # 1 # ID=109_6;partial=00;start_type=ATG;rbs_motif=GGAGG;rbs_spacer=5-10bp;genetic_code=11;gc_cont=0.639	GENOMAD.081842.CV	1.232E-24	103	0
JAJIUH010000013.1_6 # 5848 # 9021 # 1 # ID=44_6;partial=00;start_type=ATG;rbs_motif=None;rbs_spacer=None;genetic_code=11;gc_cont=0.653	GENOMAD.142686.CP	1.564E-34	147	0
JAJIUH010000019.1_6 # 6554 # 7111 # -1 # ID=51_6;partial=00;start_type=ATG;rbs_motif=AGGA;rbs_spacer=5-10bp;genetic_code=11;gc_cont=0.633	GENOMAD.136862.CP	1.257E-16	80	0
JAJIUH010000020.1_29 # 32879 # 35116 # 1 # ID=52_29;partial=00;start_type=ATG;rbs_motif=AGGA;rbs_spacer=5-10bp;genetic_code=11;gc_cont=0.648	GENOMAD.129013.CP	9.982E-58	219	0
JAJIUH010000075.1_101 # 119300 # 120328 # 1 # ID=113_101;partial=00;start_type=ATG;rbs_motif=None;rbs_spacer=None;genetic_code=11;gc_cont=0.697	GENOMAD.000510.CC	7.634E-44	166	0
JAJIUH010000075.1_133 # 156943 # 159039 # -1 # ID=113_133;partial=00;start_type=ATG;rbs_motif=None;rbs_spacer=None;genetic_code=11;gc_cont=0.623	GENOMAD.053052.VV	8.285E-18	91	0
JAJIUH010000076.1_1 # 56 # 2275 # -1 # ID=114_1;partial=00;start_type=ATG;rbs_motif=GGA/GAG/AGG;rbs_spacer=5-10bp;genetic_code=11;gc_cont=0.666	GENOMAD.223208.PC	2.394E-22	106	0
JAJIUH010000078.1_3 # 2672 # 3367 # 1 # ID=116_3;partial=00;start_type=ATG;rbs_motif=AGGA;rbs_spacer=5-10bp;genetic_code=11;gc_cont=0.642	GENOMAD.189914.CP	1.642E-06	51	0
JAJIUH010000080.1_45 # 39031 # 40152 # -1 # ID=118_45;partial=00;start_type=ATG;rbs_motif=GGAG/GAGG;rbs_spacer=5-10bp;genetic_code=11;gc_cont=0.632	GENOMAD.145955.PC	1.548E-48	181	0
JAJIUH010000006.1_13 # 8849 # 9142 # 1 # ID=100_13;partial=00;start_type=ATG;rbs_motif=AGGAG;rbs_spacer=5-10bp;genetic_code=11;gc_cont=0.650	GENOMAD.067965.PP	2.227E-10	58	0
JAJIUH010000064.1_5 # 6986 # 8911 # -1 # ID=101_5;partial=00;start_type=ATG;rbs_motif=GGA/GAG/AGG;rbs_spacer=5-10bp;genetic_code=11;gc_cont=0.665	GENOMAD.171982.CP	4.576E-12	72	0
JAJIUH010000067.1_8 # 8412 # 9272 # -1 # ID=104_8;partial=00;start_type=ATG;rbs_motif=GGA/GAG/AGG;rbs_spacer=11-12bp;genetic_code=11;gc_cont=0.707	GENOMAD.000115.CC	9.319E-10	62	0
JAJIUH010000069.1_52 # 62638 # 65034 # 1 # ID=106_52;partial=00;start_type=ATG;rbs_motif=GGA/GAG/AGG;rbs_spacer=5-10bp;genetic_code=11;gc_cont=0.644	GENOMAD.148078.PC	0.000E+00	1294	0
JAJIUH010000047.1_33 # 45006 # 46535 # 1 # ID=82_33;partial=00;start_type=ATG;rbs_motif=GGAG/GAGG;rbs_spacer=5-10bp;genetic_code=11;gc_cont=0.682	GENOMAD.195889.CP	8.430E-06	51	0
JAJIUH010000047.1_97 # 117161 # 117688 # -1 # ID=82_97;partial=00;start_type=ATG;rbs_motif=AGGA;rbs_spacer=5-10bp;genetic_code=11;gc_cont=0.644	GENOMAD.140351.VV	2.929E-06	49	1246
JAJIUH010000005.1_8 # 19749 # 20357 # 1 # ID=90_8;partial=00;start_type=ATG;rbs_motif=GGA/GAG/AGG;rbs_spacer=5-10bp;genetic_code=11;gc_cont=0.593	GENOMAD.179361.CP	3.517E-21	94	0
JAJIUH010000087.1_86 # 106339 # 107154 # -1 # ID=126_86;partial=00;start_type=ATG;rbs_motif=GGAG/GAGG;rbs_spacer=5-10bp;genetic_code=11;gc_cont=0.701	GENOMAD.179467.CP	2.010E-26	112	0
JAJIUH010000010.1_94 # 97622 # 98272 # -1 # ID=11_94;partial=00;start_type=ATG;rbs_motif=GGAG/GAGG;rbs_spacer=5-10bp;genetic_code=11;gc_cont=0.631	GENOMAD.057410.CP	8.978E-26	108	0
JAJIUH010000105.1_23 # 24262 # 25647 # -1 # ID=13_23;partial=00;start_type=ATG;rbs_motif=AGGAG;rbs_spacer=5-10bp;genetic_code=11;gc_cont=0.644	GENOMAD.007125.CC	1.502E-38	154	0
JAJIUH010000105.1_55 # 61181 # 61654 # -1 # ID=13_55;partial=00;start_type=ATG;rbs_motif=GGA/GAG/AGG;rbs_spacer=5-10bp;genetic_code=11;gc_cont=0.673	GENOMAD.000166.CC	1.826E-08	55	0
JAJIUH010000106.1_57 # 35838 # 38828 # -1 # ID=14_57;partial=00;start_type=ATG;rbs_motif=GGA/GAG/AGG;rbs_spacer=5-10bp;genetic_code=11;gc_cont=0.625	GENOMAD.117295.PC	6.709E-04	46	0
JAJIUH010000108.1_6 # 7627 # 7971 # 1 # ID=16_6;partial=00;start_type=ATG;rbs_motif=AGGAG;rbs_spacer=5-10bp;genetic_code=11;gc_cont=0.632	GENOMAD.138269.PC	2.953E-14	70	0
JAJIUH010000108.1_38 # 46420 # 47466 # 1 # ID=16_38;partial=00;start_type=GTG;rbs_motif=AGGAG;rbs_spacer=5-10bp;genetic_code=11;gc_cont=0.691	GENOMAD.134221.CP	6.740E-105	344	0
JAJIUH010000112.1_24 # 24531 # 25034 # 1 # ID=20_24;partial=00;start_type=ATG;rbs_motif=GGA/GAG/AGG;rbs_spacer=5-10bp;genetic_code=11;gc_cont=0.673	GENOMAD.159343.CP	6.096E-29	115	0
JAJIUH010000095.1_36 # 38541 # 38891 # 1 # ID=2_36;partial=00;start_type=ATG;rbs_motif=GGA/GAG/AGG;rbs_spacer=11-12bp;genetic_code=11;gc_cont=0.635	GENOMAD.168258.CV	1.551E-04	42	0
JAJIUH010000100.1_2 # 343 # 1176 # 1 # ID=7_2;partial=00;start_type=ATG;rbs_motif=AGGA/GGAG/GAGG;rbs_spacer=11-12bp;genetic_code=11;gc_cont=0.629	GENOMAD.194062.PC	4.348E-04	44	0
JAJIUH010000131.1_50 # 57117 # 58442 # 1 # ID=40_50;partial=00;start_type=ATG;rbs_motif=GGA/GAG/AGG;rbs_spacer=5-10bp;genetic_code=11;gc_cont=0.661	GENOMAD.191002.CP	1.774E-55	204	0
JAJIUH010000066.1_62 # 54428 # 54895 # 1 # ID=103_62;partial=00;start_type=ATG;rbs_motif=GGA/GAG/AGG;rbs_spacer=11-12bp;genetic_code=11;gc_cont=0.705	GENOMAD.068739.CP	2.193E-35	133	0
JAJIUH010000069.1_51 # 60936 # 62174 # 1 # ID=106_51;partial=00;start_type=ATG;rbs_motif=GGAG/GAGG;rbs_spacer=5-10bp;genetic_code=11;gc_cont=0.659	GENOMAD.147262.CP	5.374E-89	301	0
JAJIUH010000072.1_1 # 1 # 363 # 1 # ID=109_1;partial=10;start_type=Edge;rbs_motif=None;rbs_spacer=None;genetic_code=11;gc_cont=0.636	GENOMAD.006124.CC	3.843E-04	41	0
JAJIUH010000048.1_56 # 56674 # 57237 # 1 # ID=83_56;partial=00;start_type=ATG;rbs_motif=GGAG/GAGG;rbs_spacer=5-10bp;genetic_code=11;gc_cont=0.679	GENOMAD.130534.VV	7.703E-05	45	1246
JAJIUH010000048.1_88 # 96514 # 97146 # 1 # ID=83_88;partial=00;start_type=ATG;rbs_motif=GGAG/GAGG;rbs_spacer=5-10bp;genetic_code=11;gc_cont=0.603	GENOMAD.112939.CP	2.281E-04	44	0
JAJIUH010000006.1_3 # 1160 # 1486 # -1 # ID=100_3;partial=00;start_type=ATG;rbs_motif=AGGAG;rbs_spacer=5-10bp;genetic_code=11;gc_cont=0.657	GENOMAD.039412.PP	6.063E-60	201	0
JAJIUH010000006.1_35 # 25247 # 27916 # -1 # ID=100_35;partial=00;start_type=ATG;rbs_motif=GGA/GAG/AGG;rbs_spacer=5-10bp;genetic_code=11;gc_cont=0.596	GENOMAD.108687.PC	2.172E-38	159	0
JAJIUH010000003.1_32 # 32128 # 34026 # -1 # ID=69_32;partial=00;start_type=ATG;rbs_motif=None;rbs_spacer=None;genetic_code=11;gc_cont=0.681	GENOMAD.178112.CP	1.825E-141	464	0
JAJIUH010000036.1_84 # 95172 # 96296 # -1 # ID=70_84;partial=00;start_type=ATG;rbs_motif=None;rbs_spacer=None;genetic_code=11;gc_cont=0.632	GENOMAD.076874.VV	2.260E-10	65	0
JAJIUH010000040.1_63 # 84090 # 84449 # -1 # ID=74_63;partial=00;start_type=ATG;rbs_motif=GGAG/GAGG;rbs_spacer=5-10bp;genetic_code=11;gc_cont=0.608	GENOMAD.080218.CV	1.516E-39	143	0
JAJIUH010000044.1_22 # 20387 # 24781 # 1 # ID=78_22;partial=00;start_type=ATG;rbs_motif=None;rbs_spacer=None;genetic_code=11;gc_cont=0.682	GENOMAD.132239.CP	1.230E-100	364	0
JAJIUH010000047.1_32 # 43666 # 44901 # 1 # ID=82_32;partial=00;start_type=ATG;rbs_motif=None;rbs_spacer=None;genetic_code=11;gc_cont=0.676	GENOMAD.105932.CP	4.893E-09	61	0
JAJIUH010000047.1_64 # 80462 # 81820 # 1 # ID=82_64;partial=00;start_type=TTG;rbs_motif=GGA/GAG/AGG;rbs_spacer=5-10bp;genetic_code=11;gc_cont=0.626	GENOMAD.182879.CP	2.467E-54	201	0
JAJIUH010000047.1_96 # 116564 # 117100 # -1 # ID=82_96;partial=00;start_type=ATG;rbs_motif=GGAGG;rbs_spacer=5-10bp;genetic_code=11;gc_cont=0.629	GENOMAD.152240.VV	3.079E-05	46	1246
JAJIUH010000048.1_12 # 11735 # 12043 # -1 # ID=83_12;partial=00;start_type=ATG;rbs_motif=AGGA;rbs_spacer=5-10bp;genetic_code=11;gc_cont=0.673	GENOMAD.141198.CP	1.494E-08	53	0
JAJIUH010000048.1_76 # 81766 # 83007 # 1 # ID=83_76;partial=00;start_type=ATG;rbs_motif=None;rbs_spacer=None;genetic_code=11;gc_cont=0.621	GENOMAD.112745.CP	1.024E-66	236	0
JAJIUH010000049.1_19 # 15421 # 17748 # -1 # ID=84_19;partial=00;start_type=ATG;rbs_motif=GGAG/GAGG;rbs_spacer=5-10bp;genetic_code=11;gc_cont=0.641	GENOMAD.124454.CP	6.411E-135	451	0
JAJIUH010000053.1_7 # 3635 # 4090 # 1 # ID=88_7;partial=00;start_type=ATG;rbs_motif=None;rbs_spacer=None;genetic_code=11;gc_cont=0.592	GENOMAD.134219.VP	1.879E-60	205	1246
JAJIUH010000005.1_7 # 18799 # 19173 # 1 # ID=90_7;partial=00;start_type=ATG;rbs_motif=GGA/GAG/AGG;rbs_spacer=5-10bp;genetic_code=11;gc_cont=0.581	GENOMAD.171688.CP	1.528E-25	103	0
JAJIUH010000094.1_150 # 190313 # 190939 # 1 # ID=1_150;partial=00;start_type=ATG;rbs_motif=GGxGG;rbs_spacer=5-10bp;genetic_code=11;gc_cont=0.657	GENOMAD.166405.CP	5.788E-101	325	0
JAJIUH010000097.1_9 # 6198 # 6404 # 1 # ID=4_9;partial=00;start_type=GTG;rbs_motif=None;rbs_spacer=None;genetic_code=11;gc_cont=0.628	GENOMAD.198115.VC	1.294E-04	40	0
JAJIUH010000097.1_41 # 42230 # 42544 # -1 # ID=4_41;partial=00;start_type=ATG;rbs_motif=AGGAG;rbs_spacer=5-10bp;genetic_code=11;gc_cont=0.619	GENOMAD.182365.PC	2.341E-04	41	0
JAJIUH010000098.1_10 # 8981 # 9505 # -1 # ID=5_10;partial=00;start_type=ATG;rbs_motif=AGGA;rbs_spacer=5-10bp;genetic_code=11;gc_cont=0.636	GENOMAD.145838.VC	1.318E-07	53	1246
JAJIUH010000098.1_42 # 45261 # 45737 # -1 # ID=5_42;partial=00;start_type=ATG;rbs_motif=GGAG/GAGG;rbs_spacer=5-10bp;genetic_code=11;gc_cont=0.669	GENOMAD.190425.CP	2.755E-76	251	0
JAJIUH010000099.1_25 # 24419 # 25717 # -1 # ID=6_25;partial=00;start_type=ATG;rbs_motif=None;rbs_spacer=None;genetic_code=11;gc_cont=0.671	GENOMAD.079440.CP	1.358E-85	292	0
JAJIUH010000010.1_78 # 90417 # 90776 # -1 # ID=11_78;partial=00;start_type=ATG;rbs_motif=AGGA;rbs_spacer=5-10bp;genetic_code=11;gc_cont=0.636	GENOMAD.076560.CV	3.366E-31	119	0
JAJIUH010000105.1_39 # 43540 # 45051 # -1 # ID=13_39;partial=00;start_type=ATG;rbs_motif=GGAG/GAGG;rbs_spacer=5-10bp;genetic_code=11;gc_cont=0.642	GENOMAD.116332.CV	1.218E-11	70	0
JAJIUH010000106.1_73 # 59602 # 63252 # 1 # ID=14_73;partial=00;start_type=ATG;rbs_motif=GGAG/GAGG;rbs_spacer=5-10bp;genetic_code=11;gc_cont=0.670	GENOMAD.090513.CP	5.666E-22	106	0
JAJIUH010000112.1_8 # 8491 # 9243 # 1 # ID=20_8;partial=00;start_type=ATG;rbs_motif=AGGAG;rbs_spacer=5-10bp;genetic_code=11;gc_cont=0.732	GENOMAD.193021.PC	2.732E-23	102	0
JAJIUH010000036.1_3 # 4060 # 6963 # -1 # ID=70_3;partial=00;start_type=ATG;rbs_motif=GGAG/GAGG;rbs_spacer=5-10bp;genetic_code=11;gc_cont=0.638	GENOMAD.153944.CP	6.016E-07	56	0
JAJIUH010000036.1_67 # 76030 # 76530 # -1 # ID=70_67;partial=00;start_type=ATG;rbs_motif=GGA/GAG/AGG;rbs_spacer=5-10bp;genetic_code=11;gc_cont=0.651	GENOMAD.168709.CP	3.336E-16	78	0
JAJIUH010000041.1_5 # 2804 # 3454 # -1 # ID=75_5;partial=00;start_type=ATG;rbs_motif=GGAG/GAGG;rbs_spacer=5-10bp;genetic_code=11;gc_cont=0.645	GENOMAD.120574.PP	2.716E-113	361	0
JAJIUH010000044.1_5 # 4540 # 5811 # -1 # ID=78_5;partial=00;start_type=TTG;rbs_motif=AGGA;rbs_spacer=5-10bp;genetic_code=11;gc_cont=0.671	GENOMAD.137314.CP	1.917E-98	329	0
JAJIUH010000045.1_5 # 4872 # 5774 # -1 # ID=79_5;partial=00;start_type=ATG;rbs_motif=None;rbs_spacer=None;genetic_code=11;gc_cont=0.651	GENOMAD.029943.CC	2.003E-21	98	0
JAJIUH010000079.1_3 # 2300 # 3163 # 1 # ID=117_3;partial=00;start_type=ATG;rbs_motif=None;rbs_spacer=None;genetic_code=11;gc_cont=0.641	GENOMAD.189659.CP	2.268E-04	45	0
JAJIUH010000080.1_29 # 23569 # 23829 # 1 # ID=118_29;partial=00;start_type=ATG;rbs_motif=GGAGG;rbs_spacer=5-10bp;genetic_code=11;gc_cont=0.640	GENOMAD.133858.PC	7.836E-09	53	0
JAJIUH010000008.1_16 # 18353 # 18799 # 1 # ID=122_16;partial=00;start_type=GTG;rbs_motif=GGAG/GAGG;rbs_spacer=5-10bp;genetic_code=11;gc_cont=0.617	GENOMAD.070929.CV	1.409E-19	87	0
JAJIUH010000117.1_17 # 17421 # 18797 # 1 # ID=25_17;partial=00;start_type=ATG;rbs_motif=None;rbs_spacer=None;genetic_code=11;gc_cont=0.668	GENOMAD.100160.CP	5.056E-08	58	0
JAJIUH010000125.1_44 # 51206 # 52759 # 1 # ID=34_44;partial=00;start_type=ATG;rbs_motif=GGA/GAG/AGG;rbs_spacer=5-10bp;genetic_code=11;gc_cont=0.636	GENOMAD.194337.PC	1.200E-47	183	0
JAJIUH010000125.1_76 # 85160 # 85354 # -1 # ID=34_76;partial=00;start_type=ATG;rbs_motif=None;rbs_spacer=None;genetic_code=11;gc_cont=0.718	GENOMAD.033386.CC	4.053E-20	84	0
JAJIUH010000075.1_107 # 125000 # 125734 # -1 # ID=113_107;partial=00;start_type=ATG;rbs_motif=AGGAG;rbs_spacer=5-10bp;genetic_code=11;gc_cont=0.654	GENOMAD.136992.CP	1.017E-24	106	0
JAJIUH010000077.1_41 # 39102 # 39482 # -1 # ID=115_41;partial=00;start_type=ATG;rbs_motif=AGGA/GGAG/GAGG;rbs_spacer=11-12bp;genetic_code=11;gc_cont=0.648	GENOMAD.136345.CP	4.697E-14	70	0
JAJIUH010000078.1_9 # 9475 # 10350 # -1 # ID=116_9;partial=00;start_type=ATG;rbs_motif=GGAG/GAGG;rbs_spacer=5-10bp;genetic_code=11;gc_cont=0.624	GENOMAD.145601.CP	6.294E-06	50	0
JAJIUH010000081.1_3 # 1931 # 2419 # -1 # ID=119_3;partial=00;start_type=ATG;rbs_motif=GGAG/GAGG;rbs_spacer=5-10bp;genetic_code=11;gc_cont=0.652	GENOMAD.117180.CP	1.566E-24	102	0
JAJIUH010000025.1_27 # 33374 # 34327 # 1 # ID=57_27;partial=00;start_type=ATG;rbs_motif=None;rbs_spacer=None;genetic_code=11;gc_cont=0.672	GENOMAD.157843.CP	2.912E-27	116	0
JAJIUH010000025.1_59 # 61873 # 62103 # 1 # ID=57_59;partial=00;start_type=ATG;rbs_motif=AGGAG;rbs_spacer=5-10bp;genetic_code=11;gc_cont=0.589	GENOMAD.022295.CC	7.611E-27	104	0
JAJIUH010000026.1_9 # 11223 # 11486 # 1 # ID=58_9;partial=00;start_type=TTG;rbs_motif=GGA/GAG/AGG;rbs_spacer=5-10bp;genetic_code=11;gc_cont=0.595	GENOMAD.009592.PP	4.085E-08	51	0
JAJIUH010000120.1_25 # 25707 # 26024 # -1 # ID=28_25;partial=00;start_type=ATG;rbs_motif=GGA/GAG/AGG;rbs_spacer=5-10bp;genetic_code=11;gc_cont=0.651	GENOMAD.209355.CP	1.437E-41	148	0
JAJIUH010000011.1_22 # 24741 # 25001 # -1 # ID=32_22;partial=00;start_type=ATG;rbs_motif=GGA/GAG/AGG;rbs_spacer=5-10bp;genetic_code=11;gc_cont=0.651	GENOMAD.183170.CP	1.805E-15	72	0
JAJIUH010000125.1_26 # 30430 # 31620 # 1 # ID=34_26;partial=00;start_type=ATG;rbs_motif=GGA/GAG/AGG;rbs_spacer=5-10bp;genetic_code=11;gc_cont=0.692	GENOMAD.101892.CP	2.637E-149	475	0
JAJIUH010000125.1_90 # 96450 # 96716 # -1 # ID=34_90;partial=00;start_type=ATG;rbs_motif=GGAG/GAGG;rbs_spacer=5-10bp;genetic_code=11;gc_cont=0.659	GENOMAD.215298.VP	2.950E-04	40	0
JAJIUH010000125.1_122 # 130012 # 130389 # -1 # ID=34_122;partial=00;start_type=ATG;rbs_motif=GGA/GAG/AGG;rbs_spacer=5-10bp;genetic_code=11;gc_cont=0.526	GENOMAD.003954.CC	1.690E-65	218	0
JAJIUH010000008.1_3 # 3793 # 5841 # 1 # ID=122_3;partial=00;start_type=ATG;rbs_motif=GGA/GAG/AGG;rbs_spacer=5-10bp;genetic_code=11;gc_cont=0.659	GENOMAD.152605.CP	1.006E-41	168	0
JAJIUH010000087.1_98 # 119765 # 121030 # -1 # ID=126_98;partial=00;start_type=ATG;rbs_motif=GGAG/GAGG;rbs_spacer=5-10bp;genetic_code=11;gc_cont=0.673	GENOMAD.112670.CP	8.050E-24	108	0
JAJIUH010000130.1_33 # 43254 # 43967 # -1 # ID=39_33;partial=00;start_type=ATG;rbs_motif=None;rbs_spacer=None;genetic_code=11;gc_cont=0.678	GENOMAD.148482.CP	1.644E-26	111	0
JAJIUH010000130.1_65 # 74394 # 74666 # -1 # ID=39_65;partial=00;start_type=ATG;rbs_motif=None;rbs_spacer=None;genetic_code=11;gc_cont=0.700	GENOMAD.124267.CP	4.269E-39	140	0
JAJIUH010000131.1_53 # 60454 # 60996 # -1 # ID=40_53;partial=00;start_type=ATG;rbs_motif=GGA/GAG/AGG;rbs_spacer=5-10bp;genetic_code=11;gc_cont=0.683	GENOMAD.111615.CP	8.698E-40	147	0
JAJIUH010000131.1_85 # 97088 # 97462 # 1 # ID=40_85;partial=00;start_type=ATG;rbs_motif=None;rbs_spacer=None;genetic_code=11;gc_cont=0.517	GENOMAD.043515.PP	6.480E-59	199	0
JAJIUH010000133.1_22 # 23179 # 23451 # 1 # ID=43_22;partial=00;start_type=ATG;rbs_motif=GGA/GAG/AGG;rbs_spacer=5-10bp;genetic_code=11;gc_cont=0.604	GENOMAD.223508.VP	4.623E-08	51	1246
JAJIUH010000133.1_54 # 47730 # 48518 # -1 # ID=43_54;partial=00;start_type=ATG;rbs_motif=GGAG/GAGG;rbs_spacer=5-10bp;genetic_code=11;gc_cont=0.575	GENOMAD.171948.PC	3.878E-14	75	0
JAJIUH010000120.1_42 # 45249 # 45767 # 1 # ID=28_42;partial=00;start_type=ATG;rbs_motif=GGAG/GAGG;rbs_spacer=5-10bp;genetic_code=11;gc_cont=0.672	GENOMAD.211271.PC	2.315E-93	301	0
JAJIUH010000011.1_7 # 5008 # 5610 # 1 # ID=32_7;partial=00;start_type=ATG;rbs_motif=GGAG/GAGG;rbs_spacer=5-10bp;genetic_code=11;gc_cont=0.653	GENOMAD.130406.CP	2.101E-05	47	1246
JAJIUH010000011.1_39 # 41831 # 42292 # 1 # ID=32_39;partial=00;start_type=GTG;rbs_motif=GGAG/GAGG;rbs_spacer=5-10bp;genetic_code=11;gc_cont=0.626	GENOMAD.132461.CP	1.773E-06	49	0
JAJIUH010000125.1_11 # 13705 # 16314 # -1 # ID=34_11;partial=00;start_type=ATG;rbs_motif=None;rbs_spacer=None;genetic_code=11;gc_cont=0.674	GENOMAD.111010.CP	2.801E-149	497	0
JAJIUH010000125.1_43 # 50471 # 50833 # -1 # ID=34_43;partial=00;start_type=ATG;rbs_motif=GGAG/GAGG;rbs_spacer=5-10bp;genetic_code=11;gc_cont=0.661	GENOMAD.160542.CP	8.446E-04	40	0
JAJIUH010000125.1_75 # 83717 # 85090 # -1 # ID=34_75;partial=00;start_type=ATG;rbs_motif=None;rbs_spacer=None;genetic_code=11;gc_cont=0.677	GENOMAD.196178.PC	6.122E-54	200	0
JAJIUH010000045.1_23 # 21458 # 22945 # 1 # ID=79_23;partial=00;start_type=ATG;rbs_motif=AGGA;rbs_spacer=5-10bp;genetic_code=11;gc_cont=0.686	GENOMAD.169221.CP	4.719E-246	760	0
JAJIUH010000048.1_20 # 19509 # 22808 # -1 # ID=83_20;partial=00;start_type=ATG;rbs_motif=None;rbs_spacer=None;genetic_code=11;gc_cont=0.691	GENOMAD.136566.CP	2.301E-05	51	0
JAJIUH010000094.1_39 # 59267 # 60244 # 1 # ID=1_39;partial=00;start_type=ATG;rbs_motif=GGAG/GAGG;rbs_spacer=5-10bp;genetic_code=11;gc_cont=0.697	GENOMAD.126251.CP	3.574E-11	67	0
JAJIUH010000094.1_71 # 99057 # 101414 # -1 # ID=1_71;partial=00;start_type=GTG;rbs_motif=GGA/GAG/AGG;rbs_spacer=11-12bp;genetic_code=11;gc_cont=0.663	GENOMAD.105456.CP	8.623E-32	137	0
JAJIUH010000094.1_103 # 135912 # 137117 # 1 # ID=1_103;partial=00;start_type=ATG;rbs_motif=None;rbs_spacer=None;genetic_code=11;gc_cont=0.641	GENOMAD.130369.CP	9.562E-61	218	0
JAJIUH010000094.1_135 # 169170 # 170183 # 1 # ID=1_135;partial=00;start_type=ATG;rbs_motif=GGA/GAG/AGG;rbs_spacer=5-10bp;genetic_code=11;gc_cont=0.640	GENOMAD.158788.CP	3.117E-09	61	0
JAJIUH010000095.1_43 # 44963 # 47104 # -1 # ID=2_43;partial=00;start_type=ATG;rbs_motif=AGGAG;rbs_spacer=5-10bp;genetic_code=11;gc_cont=0.648	GENOMAD.148417.CP	3.943E-44	176	1246
JAJIUH010000108.1_34 # 42453 # 43367 # 1 # ID=16_34;partial=00;start_type=ATG;rbs_motif=GGA/GAG/AGG;rbs_spacer=5-10bp;genetic_code=11;gc_cont=0.701	GENOMAD.134127.CP	1.611E-91	303	0
JAJIUH010000111.1_4 # 4030 # 4290 # 1 # ID=19_4;partial=00;start_type=ATG;rbs_motif=AGGAG;rbs_spacer=5-10bp;genetic_code=11;gc_cont=0.625	GENOMAD.080397.CV	2.647E-34	126	1246
JAJIUH010000112.1_20 # 20522 # 20680 # 1 # ID=20_20;partial=00;start_type=ATG;rbs_motif=GGA/GAG/AGG;rbs_spacer=5-10bp;genetic_code=11;gc_cont=0.553	GENOMAD.170307.CP	2.349E-06	44	0
JAJIUH010000112.1_52 # 58385 # 58696 # -1 # ID=20_52;partial=00;start_type=ATG;rbs_motif=GGxGG;rbs_spacer=3-4bp;genetic_code=11;gc_cont=0.689	GENOMAD.216216.PC	1.406E-09	56	0
JAJIUH010000112.1_84 # 90478 # 91365 # 1 # ID=20_84;partial=00;start_type=ATG;rbs_motif=GGAGG;rbs_spacer=3-4bp;genetic_code=11;gc_cont=0.632	GENOMAD.206427.PC	6.490E-06	50	0
JAJIUH010000112.1_116 # 129031 # 129618 # 1 # ID=20_116;partial=00;start_type=ATG;rbs_motif=GGA/GAG/AGG;rbs_spacer=5-10bp;genetic_code=11;gc_cont=0.653	GENOMAD.161922.PC	4.154E-13	70	0
JAJIUH010000113.1_24 # 25056 # 25616 # 1 # ID=21_24;partial=00;start_type=ATG;rbs_motif=AGGA/GGAG/GAGG;rbs_spacer=11-12bp;genetic_code=11;gc_cont=0.597	GENOMAD.012059.CC	7.787E-06	48	0
JAJIUH010000114.1_37 # 59886 # 61247 # 1 # ID=22_37;partial=00;start_type=ATG;rbs_motif=None;rbs_spacer=None;genetic_code=11;gc_cont=0.641	GENOMAD.134235.CP	1.349E-43	169	0
JAJIUH010000114.1_69 # 107571 # 108113 # -1 # ID=22_69;partial=00;start_type=ATG;rbs_motif=None;rbs_spacer=None;genetic_code=11;gc_cont=0.676	GENOMAD.094450.CP	1.323E-12	68	0
JAJIUH010000066.1_52 # 44712 # 45353 # -1 # ID=103_52;partial=00;start_type=ATG;rbs_motif=None;rbs_spacer=None;genetic_code=11;gc_cont=0.676	GENOMAD.205988.VC	5.694E-06	49	0
JAJIUH010000066.1_84 # 78886 # 80136 # 1 # ID=103_84;partial=00;start_type=GTG;rbs_motif=GGA/GAG/AGG;rbs_spacer=11-12bp;genetic_code=11;gc_cont=0.652	GENOMAD.002083.CC	6.224E-89	301	0
JAJIUH010000069.1_9 # 13620 # 14519 # 1 # ID=106_9;partial=00;start_type=ATG;rbs_motif=GGA/GAG/AGG;rbs_spacer=11-12bp;genetic_code=11;gc_cont=0.652	GENOMAD.180288.CP	1.096E-64	225	0
JAJIUH010000075.1_2 # 494 # 2566 # -1 # ID=113_2;partial=00;start_type=ATG;rbs_motif=GGAG/GAGG;rbs_spacer=5-10bp;genetic_code=11;gc_cont=0.648	GENOMAD.133882.CP	8.010E-195	622	0
JAJIUH010000075.1_34 # 39771 # 40865 # 1 # ID=113_34;partial=00;start_type=ATG;rbs_motif=GGA/GAG/AGG;rbs_spacer=5-10bp;genetic_code=11;gc_cont=0.685	GENOMAD.176977.PC	8.394E-05	47	0
JAJIUH010000075.1_66 # 79632 # 80579 # -1 # ID=113_66;partial=00;start_type=ATG;rbs_motif=None;rbs_spacer=None;genetic_code=11;gc_cont=0.661	GENOMAD.101807.CP	8.079E-42	159	0
JAJIUH010000075.1_130 # 153391 # 153798 # 1 # ID=113_130;partial=00;start_type=ATG;rbs_motif=None;rbs_spacer=None;genetic_code=11;gc_cont=0.723	GENOMAD.083954.CP	1.332E-14	72	0
JAJIUH010000047.1_38 # 50636 # 51349 # 1 # ID=82_38;partial=00;start_type=ATG;rbs_motif=GGA/GAG/AGG;rbs_spacer=5-10bp;genetic_code=11;gc_cont=0.636	GENOMAD.152228.VC	5.070E-15	77	11688
JAJIUH010000051.1_4 # 3604 # 3804 # 1 # ID=86_4;partial=00;start_type=ATG;rbs_motif=None;rbs_spacer=None;genetic_code=11;gc_cont=0.642	GENOMAD.105856.CP	9.956E-13	63	0
JAJIUH010000053.1_13 # 10215 # 11129 # 1 # ID=88_13;partial=00;start_type=ATG;rbs_motif=None;rbs_spacer=None;genetic_code=11;gc_cont=0.692	GENOMAD.130675.CP	4.208E-17	85	0
JAJIUH010000055.1_2 # 750 # 2633 # -1 # ID=91_2;partial=00;start_type=GTG;rbs_motif=AGGA;rbs_spacer=5-10bp;genetic_code=11;gc_cont=0.668	GENOMAD.190262.VC	6.073E-10	65	1246
JAJIUH010000077.1_30 # 30745 # 31713 # 1 # ID=115_30;partial=00;start_type=ATG;rbs_motif=GGA/GAG/AGG;rbs_spacer=5-10bp;genetic_code=11;gc_cont=0.688	GENOMAD.132496.CP	8.115E-90	299	0
JAJIUH010000077.1_62 # 64913 # 66013 # -1 # ID=115_62;partial=00;start_type=ATG;rbs_motif=None;rbs_spacer=None;genetic_code=11;gc_cont=0.668	GENOMAD.146476.CP	4.612E-67	235	0
JAJIUH010000080.1_40 # 36197 # 36580 # -1 # ID=118_40;partial=00;start_type=ATG;rbs_motif=GGAG/GAGG;rbs_spacer=5-10bp;genetic_code=11;gc_cont=0.622	GENOMAD.125851.PC	7.520E-18	81	0
JAJIUH010000082.1_11 # 7470 # 9602 # -1 # ID=120_11;partial=00;start_type=ATG;rbs_motif=GGA/GAG/AGG;rbs_spacer=5-10bp;genetic_code=11;gc_cont=0.617	GENOMAD.145672.CV	4.447E-04	46	0
JAJIUH010000084.1_40 # 44355 # 45935 # 1 # ID=123_40;partial=00;start_type=ATG;rbs_motif=None;rbs_spacer=None;genetic_code=11;gc_cont=0.670	GENOMAD.142879.CP	7.669E-09	61	0
JAJIUH010000117.1_33 # 35799 # 37499 # -1 # ID=25_33;partial=00;start_type=ATG;rbs_motif=None;rbs_spacer=None;genetic_code=11;gc_cont=0.674	GENOMAD.082750.CP	8.634E-09	61	0
JAJIUH010000118.1_21 # 31725 # 32372 # -1 # ID=26_21;partial=00;start_type=ATG;rbs_motif=None;rbs_spacer=None;genetic_code=11;gc_cont=0.625	GENOMAD.120765.CP	2.267E-22	98	0
JAJIUH010000119.1_25 # 30320 # 31372 # -1 # ID=27_25;partial=00;start_type=ATG;rbs_motif=None;rbs_spacer=None;genetic_code=11;gc_cont=0.665	GENOMAD.104575.CP	1.269E-25	112	1246
JAJIUH010000120.1_27 # 27867 # 28403 # 1 # ID=28_27;partial=00;start_type=ATG;rbs_motif=None;rbs_spacer=None;genetic_code=11;gc_cont=0.672	GENOMAD.151275.CP	1.134E-14	74	0
JAJIUH010000011.1_24 # 26421 # 27371 # -1 # ID=32_24;partial=00;start_type=ATG;rbs_motif=GGA/GAG/AGG;rbs_spacer=5-10bp;genetic_code=11;gc_cont=0.638	GENOMAD.115187.CP	1.333E-25	111	0
JAJIUH010000124.1_9 # 10016 # 10771 # -1 # ID=33_9;partial=00;start_type=ATG;rbs_motif=GGA/GAG/AGG;rbs_spacer=3-4bp;genetic_code=11;gc_cont=0.618	GENOMAD.171663.PC	1.409E-94	309	0
JAJIUH010000125.1_28 # 32990 # 35443 # 1 # ID=34_28;partial=00;start_type=ATG;rbs_motif=None;rbs_spacer=None;genetic_code=11;gc_cont=0.626	GENOMAD.101044.CP	2.665E-41	168	0
JAJIUH010000125.1_60 # 68580 # 69008 # 1 # ID=34_60;partial=00;start_type=ATG;rbs_motif=None;rbs_spacer=None;genetic_code=11;gc_cont=0.681	GENOMAD.103286.CP	9.057E-56	191	0
JAJIUH010000087.1_73 # 92862 # 93443 # 1 # ID=126_73;partial=00;start_type=TTG;rbs_motif=GGAGG;rbs_spacer=5-10bp;genetic_code=11;gc_cont=0.691	GENOMAD.177989.CP	6.157E-93	301	0
JAJIUH010000089.1_6 # 5959 # 6630 # -1 # ID=128_6;partial=00;start_type=ATG;rbs_motif=GGA/GAG/AGG;rbs_spacer=5-10bp;genetic_code=11;gc_cont=0.725	GENOMAD.136404.CP	1.655E-16	81	0
JAJIUH010000090.1_28 # 30948 # 31658 # -1 # ID=129_28;partial=00;start_type=TTG;rbs_motif=None;rbs_spacer=None;genetic_code=11;gc_cont=0.606	GENOMAD.124497.CP	1.514E-112	360	0
JAJIUH010000009.1_31 # 42117 # 42767 # 1 # ID=133_31;partial=00;start_type=ATG;rbs_motif=None;rbs_spacer=None;genetic_code=11;gc_cont=0.653	GENOMAD.190945.CP	2.646E-05	47	0
JAJIUH010000098.1_16 # 14550 # 15380 # -1 # ID=5_16;partial=00;start_type=ATG;rbs_motif=AGGA;rbs_spacer=5-10bp;genetic_code=11;gc_cont=0.617	GENOMAD.151688.CP	1.151E-05	49	0
JAJIUH010000098.1_48 # 49293 # 49757 # -1 # ID=5_48;partial=00;start_type=ATG;rbs_motif=GGAG/GAGG;rbs_spacer=5-10bp;genetic_code=11;gc_cont=0.628	GENOMAD.168639.CP	8.823E-04	41	0
JAJIUH010000099.1_31 # 30991 # 31572 # 1 # ID=6_31;partial=00;start_type=ATG;rbs_motif=None;rbs_spacer=None;genetic_code=11;gc_cont=0.639	GENOMAD.099157.CV	5.490E-60	206	1246
JAJIUH010000101.1_28 # 29161 # 30006 # -1 # ID=8_28;partial=00;start_type=ATG;rbs_motif=GGAG/GAGG;rbs_spacer=5-10bp;genetic_code=11;gc_cont=0.625	GENOMAD.026002.CC	1.784E-97	319	0
JAJIUH010000010.1_71 # 85977 # 86603 # -1 # ID=11_71;partial=00;start_type=ATG;rbs_motif=GGAG/GAGG;rbs_spacer=5-10bp;genetic_code=11;gc_cont=0.604	GENOMAD.079740.CV	7.360E-25	105	1246
JAJIUH010000104.1_5 # 4796 # 5494 # 1 # ID=12_5;partial=00;start_type=ATG;rbs_motif=GGA/GAG/AGG;rbs_spacer=5-10bp;genetic_code=11;gc_cont=0.534	GENOMAD.191442.PC	3.587E-23	101	0
JAJIUH010000127.1_12 # 14369 # 14884 # -1 # ID=36_12;partial=00;start_type=ATG;rbs_motif=AGGA;rbs_spacer=5-10bp;genetic_code=11;gc_cont=0.632	GENOMAD.107291.CP	1.202E-91	296	0
JAJIUH010000127.1_76 # 91488 # 92285 # 1 # ID=36_76;partial=00;start_type=ATG;rbs_motif=GGA/GAG/AGG;rbs_spacer=5-10bp;genetic_code=11;gc_cont=0.669	GENOMAD.146337.PC	1.671E-41	156	0
JAJIUH010000130.1_51 # 60291 # 61721 # 1 # ID=39_51;partial=00;start_type=ATG;rbs_motif=GGA/GAG/AGG;rbs_spacer=5-10bp;genetic_code=11;gc_cont=0.660	GENOMAD.151588.CP	3.820E-19	94	0
JAJIUH010000131.1_39 # 45908 # 46288 # -1 # ID=40_39;partial=00;start_type=ATG;rbs_motif=GGAG/GAGG;rbs_spacer=5-10bp;genetic_code=11;gc_cont=0.654	GENOMAD.150994.CP	4.040E-06	47	0
JAJIUH010000036.1_54 # 61566 # 61931 # -1 # ID=70_54;partial=00;start_type=GTG;rbs_motif=None;rbs_spacer=None;genetic_code=11;gc_cont=0.653	GENOMAD.000998.CC	3.679E-31	119	0
JAJIUH010000036.1_86 # 97076 # 97696 # 1 # ID=70_86;partial=00;start_type=ATG;rbs_motif=GGA/GAG/AGG;rbs_spacer=11-12bp;genetic_code=11;gc_cont=0.697	GENOMAD.151027.CP	3.131E-25	106	0
JAJIUH010000119.1_14 # 14898 # 17510 # 1 # ID=27_14;partial=00;start_type=TTG;rbs_motif=GGAG/GAGG;rbs_spacer=5-10bp;genetic_code=11;gc_cont=0.661	GENOMAD.211807.CP	2.612E-28	126	0
JAJIUH010000011.1_45 # 47731 # 48219 # -1 # ID=32_45;partial=00;start_type=ATG;rbs_motif=AGGA;rbs_spacer=5-10bp;genetic_code=11;gc_cont=0.601	GENOMAD.179162.PC	6.933E-43	155	0
JAJIUH010000125.1_81 # 87938 # 89149 # -1 # ID=34_81;partial=00;start_type=ATG;rbs_motif=GGAG/GAGG;rbs_spacer=5-10bp;genetic_code=11;gc_cont=0.659	GENOMAD.151741.CP	4.888E-05	48	0
JAJIUH010000125.1_113 # 121666 # 122661 # -1 # ID=34_113;partial=00;start_type=ATG;rbs_motif=None;rbs_spacer=None;genetic_code=11;gc_cont=0.681	GENOMAD.148271.CP	7.849E-11	66	0
JAJIUH010000097.1_26 # 26036 # 26446 # 1 # ID=4_26;partial=00;start_type=ATG;rbs_motif=None;rbs_spacer=None;genetic_code=11;gc_cont=0.662	GENOMAD.016644.CC	1.822E-45	161	0
JAJIUH010000101.1_39 # 42425 # 43807 # -1 # ID=8_39;partial=00;start_type=GTG;rbs_motif=None;rbs_spacer=None;genetic_code=11;gc_cont=0.696	GENOMAD.123577.CP	4.982E-12	71	0
JAJIUH010000010.1_82 # 92339 # 92881 # -1 # ID=11_82;partial=00;start_type=ATG;rbs_motif=GGAG/GAGG;rbs_spacer=5-10bp;genetic_code=11;gc_cont=0.575	GENOMAD.000004.CC	5.418E-88	286	0
JAJIUH010000105.1_11 # 9771 # 10787 # -1 # ID=13_11;partial=00;start_type=ATG;rbs_motif=GGA/GAG/AGG;rbs_spacer=5-10bp;genetic_code=11;gc_cont=0.534	GENOMAD.100222.PC	1.423E-90	302	0
JAJIUH010000008.1_5 # 6682 # 9342 # 1 # ID=122_5;partial=00;start_type=ATG;rbs_motif=None;rbs_spacer=None;genetic_code=11;gc_cont=0.683	GENOMAD.153600.CP	6.858E-60	228	0
JAJIUH010000084.1_18 # 22801 # 22977 # -1 # ID=123_18;partial=00;start_type=GTG;rbs_motif=None;rbs_spacer=None;genetic_code=11;gc_cont=0.650	GENOMAD.182880.CP	4.293E-24	95	0
JAJIUH010000087.1_4 # 2388 # 3155 # -1 # ID=126_4;partial=00;start_type=ATG;rbs_motif=None;rbs_spacer=None;genetic_code=11;gc_cont=0.578	GENOMAD.214138.CP	7.276E-14	74	0
JAJIUH010000087.1_36 # 42514 # 42834 # 1 # ID=126_36;partial=00;start_type=ATG;rbs_motif=GGAGG;rbs_spacer=5-10bp;genetic_code=11;gc_cont=0.620	GENOMAD.003164.PP	1.128E-04	42	0
JAJIUH010000027.1_125 # 170168 # 170617 # -1 # ID=60_125;partial=00;start_type=ATG;rbs_motif=AGGAG;rbs_spacer=5-10bp;genetic_code=11;gc_cont=0.658	GENOMAD.136442.CP	1.085E-73	243	0
JAJIUH010000028.1_46 # 63382 # 63888 # -1 # ID=61_46;partial=00;start_type=ATG;rbs_motif=GGAGG;rbs_spacer=5-10bp;genetic_code=11;gc_cont=0.623	GENOMAD.137918.CP	2.536E-48	171	0
JAJIUH010000034.1_1 # 3 # 1133 # -1 # ID=67_1;partial=10;start_type=ATG;rbs_motif=None;rbs_spacer=None;genetic_code=11;gc_cont=0.668	GENOMAD.077211.CP	1.707E-08	59	1246
JAJIUH010000010.1_75 # 89083 # 89526 # -1 # ID=11_75;partial=00;start_type=ATG;rbs_motif=AGGAG;rbs_spacer=5-10bp;genetic_code=11;gc_cont=0.651	GENOMAD.000024.CC	3.604E-26	106	0
JAJIUH010000105.1_4 # 2584 # 5037 # -1 # ID=13_4;partial=00;start_type=ATG;rbs_motif=None;rbs_spacer=None;genetic_code=11;gc_cont=0.470	GENOMAD.108687.PC	2.421E-108	374	0
JAJIUH010000105.1_36 # 39187 # 40113 # -1 # ID=13_36;partial=00;start_type=TTG;rbs_motif=GGA/GAG/AGG;rbs_spacer=5-10bp;genetic_code=11;gc_cont=0.659	GENOMAD.036810.CC	2.715E-10	64	0
JAJIUH010000106.1_6 # 4311 # 4523 # 1 # ID=14_6;partial=00;start_type=ATG;rbs_motif=AGGA;rbs_spacer=5-10bp;genetic_code=11;gc_cont=0.582	GENOMAD.228068.VP	9.749E-08	49	0
JAJIUH010000106.1_38 # 22251 # 23393 # -1 # ID=14_38;partial=00;start_type=ATG;rbs_motif=None;rbs_spacer=None;genetic_code=11;gc_cont=0.605	GENOMAD.090645.VV	1.033E-25	113	2773
JAJIUH010000027.1_15 # 23661 # 24092 # -1 # ID=60_15;partial=00;start_type=ATG;rbs_motif=GGAG/GAGG;rbs_spacer=5-10bp;genetic_code=11;gc_cont=0.660	GENOMAD.190634.CP	4.917E-71	235	0
JAJIUH010000027.1_143 # 200203 # 201111 # -1 # ID=60_143;partial=00;start_type=ATG;rbs_motif=GGAG/GAGG;rbs_spacer=5-10bp;genetic_code=11;gc_cont=0.689	GENOMAD.142547.CP	4.531E-24	106	0
JAJIUH010000027.1_175 # 240937 # 242355 # -1 # ID=60_175;partial=00;start_type=ATG;rbs_motif=None;rbs_spacer=None;genetic_code=11;gc_cont=0.654	GENOMAD.160785.CP	3.765E-114	377	0
JAJIUH010000030.1_7 # 8615 # 10048 # 1 # ID=63_7;partial=00;start_type=GTG;rbs_motif=AGGAG;rbs_spacer=5-10bp;genetic_code=11;gc_cont=0.669	GENOMAD.091903.CP	5.692E-87	298	0
JAJIUH010000080.1_22 # 17965 # 18591 # -1 # ID=118_22;partial=00;start_type=ATG;rbs_motif=AGGAG;rbs_spacer=5-10bp;genetic_code=11;gc_cont=0.608	GENOMAD.225004.PV	2.712E-126	398	1246
JAJIUH010000081.1_6 # 3807 # 6125 # -1 # ID=119_6;partial=00;start_type=ATG;rbs_motif=AGGA/GGAG/GAGG;rbs_spacer=11-12bp;genetic_code=11;gc_cont=0.709	GENOMAD.153218.CP	6.875E-31	134	0
JAJIUH010000083.1_9 # 14047 # 19056 # 1 # ID=121_9;partial=00;start_type=ATG;rbs_motif=None;rbs_spacer=None;genetic_code=11;gc_cont=0.653	GENOMAD.119435.CP	0.000E+00	1168	0
JAJIUH010000008.1_9 # 12099 # 12626 # -1 # ID=122_9;partial=00;start_type=ATG;rbs_motif=None;rbs_spacer=None;genetic_code=11;gc_cont=0.684	GENOMAD.040030.CC	5.002E-78	257	0
JAJIUH010000085.1_2 # 1152 # 2840 # 1 # ID=124_2;partial=00;start_type=ATG;rbs_motif=GGA/GAG/AGG;rbs_spacer=5-10bp;genetic_code=11;gc_cont=0.654	GENOMAD.168352.CP	1.344E-28	125	0
JAJIUH010000006.1_5 # 2585 # 3271 # 1 # ID=100_5;partial=00;start_type=ATG;rbs_motif=GGAG/GAGG;rbs_spacer=5-10bp;genetic_code=11;gc_cont=0.689	GENOMAD.117306.PV	1.091E-68	233	0
JAJIUH010000006.1_37 # 28199 # 28576 # -1 # ID=100_37;partial=00;start_type=ATG;rbs_motif=GGAG/GAGG;rbs_spacer=5-10bp;genetic_code=11;gc_cont=0.585	GENOMAD.044601.PP	3.090E-67	223	0
JAJIUH010000066.1_23 # 17744 # 18910 # 1 # ID=103_23;partial=00;start_type=ATG;rbs_motif=GGA/GAG/AGG;rbs_spacer=11-12bp;genetic_code=11;gc_cont=0.642	GENOMAD.116507.CP	5.060E-10	64	0
JAJIUH010000066.1_55 # 47343 # 48035 # -1 # ID=103_55;partial=00;start_type=GTG;rbs_motif=GGA/GAG/AGG;rbs_spacer=5-10bp;genetic_code=11;gc_cont=0.662	GENOMAD.113324.CP	2.014E-32	128	0
JAJIUH010000075.1_37 # 45525 # 46205 # 1 # ID=113_37;partial=00;start_type=GTG;rbs_motif=GGAG/GAGG;rbs_spacer=5-10bp;genetic_code=11;gc_cont=0.662	GENOMAD.116548.CP	1.234E-25	108	0
JAJIUH010000108.1_29 # 35344 # 37929 # 1 # ID=16_29;partial=00;start_type=ATG;rbs_motif=GGAG/GAGG;rbs_spacer=5-10bp;genetic_code=11;gc_cont=0.645	GENOMAD.046845.VV	2.373E-24	113	1246
JAJIUH010000112.1_47 # 54728 # 55348 # 1 # ID=20_47;partial=00;start_type=ATG;rbs_motif=None;rbs_spacer=None;genetic_code=11;gc_cont=0.675	GENOMAD.140552.CP	1.196E-08	57	0
JAJIUH010000112.1_79 # 84867 # 85262 # -1 # ID=20_79;partial=00;start_type=ATG;rbs_motif=GGA/GAG/AGG;rbs_spacer=5-10bp;genetic_code=11;gc_cont=0.646	GENOMAD.205524.PC	2.325E-32	123	0
JAJIUH010000112.1_111 # 122190 # 123641 # 1 # ID=20_111;partial=00;start_type=ATG;rbs_motif=GGAG/GAGG;rbs_spacer=5-10bp;genetic_code=11;gc_cont=0.654	GENOMAD.134141.CP	1.346E-08	60	0
JAJIUH010000114.1_32 # 53490 # 54182 # 1 # ID=22_32;partial=00;start_type=ATG;rbs_motif=None;rbs_spacer=None;genetic_code=11;gc_cont=0.677	GENOMAD.142316.CP	8.872E-18	85	0
JAJIUH010000027.1_183 # 253162 # 253515 # -1 # ID=60_183;partial=00;start_type=ATG;rbs_motif=GGA/GAG/AGG;rbs_spacer=5-10bp;genetic_code=11;gc_cont=0.559	GENOMAD.053075.CC	1.358E-15	74	0
JAJIUH010000028.1_40 # 57634 # 58749 # 1 # ID=61_40;partial=00;start_type=ATG;rbs_motif=GGAG/GAGG;rbs_spacer=5-10bp;genetic_code=11;gc_cont=0.619	GENOMAD.166667.PC	6.813E-13	73	0
JAJIUH010000035.1_9 # 14425 # 15120 # -1 # ID=68_9;partial=00;start_type=ATG;rbs_motif=None;rbs_spacer=None;genetic_code=11;gc_cont=0.704	GENOMAD.177097.CP	1.642E-06	51	0
JAJIUH010000003.1_24 # 25151 # 25492 # 1 # ID=69_24;partial=00;start_type=TTG;rbs_motif=GGAGG;rbs_spacer=5-10bp;genetic_code=11;gc_cont=0.658	GENOMAD.038006.CC	5.703E-39	141	0
JAJIUH010000080.1_38 # 32874 # 35195 # -1 # ID=118_38;partial=00;start_type=ATG;rbs_motif=GGA/GAG/AGG;rbs_spacer=5-10bp;genetic_code=11;gc_cont=0.643	GENOMAD.133674.PC	1.832E-06	54	0
JAJIUH010000083.1_25 # 42512 # 43267 # 1 # ID=121_25;partial=00;start_type=ATG;rbs_motif=GGA/GAG/AGG;rbs_spacer=5-10bp;genetic_code=11;gc_cont=0.680	GENOMAD.194686.CP	3.087E-13	72	0
JAJIUH010000084.1_6 # 6582 # 7139 # -1 # ID=123_6;partial=00;start_type=ATG;rbs_motif=GGAG/GAGG;rbs_spacer=5-10bp;genetic_code=11;gc_cont=0.665	GENOMAD.058195.CC	1.036E-57	199	0
JAJIUH010000084.1_38 # 41280 # 43028 # 1 # ID=123_38;partial=00;start_type=ATG;rbs_motif=GGA/GAG/AGG;rbs_spacer=11-12bp;genetic_code=11;gc_cont=0.653	GENOMAD.129043.CV	9.666E-17	87	0
JAJIUH010000087.1_24 # 21681 # 25028 # -1 # ID=126_24;partial=00;start_type=ATG;rbs_motif=None;rbs_spacer=None;genetic_code=11;gc_cont=0.676	GENOMAD.192015.CP	1.581E-37	157	0
JAJIUH010000087.1_56 # 69476 # 70588 # 1 # ID=126_56;partial=00;start_type=ATG;rbs_motif=GGAG/GAGG;rbs_spacer=5-10bp;genetic_code=11;gc_cont=0.650	GENOMAD.161503.CP	7.288E-04	44	0
JAJIUH010000087.1_88 # 108414 # 109823 # 1 # ID=126_88;partial=00;start_type=ATG;rbs_motif=GGAG/GAGG;rbs_spacer=5-10bp;genetic_code=11;gc_cont=0.628	GENOMAD.120657.CP	6.666E-24	109	0
JAJIUH010000008.1_2 # 1987 # 3780 # 1 # ID=122_2;partial=00;start_type=ATG;rbs_motif=GGA/GAG/AGG;rbs_spacer=5-10bp;genetic_code=11;gc_cont=0.638	GENOMAD.151994.CP	3.663E-110	371	0
JAJIUH010000084.1_47 # 50856 # 51452 # -1 # ID=123_47;partial=00;start_type=GTG;rbs_motif=GGAG/GAGG;rbs_spacer=5-10bp;genetic_code=11;gc_cont=0.650	GENOMAD.134250.CP	1.991E-47	170	0
JAJIUH010000087.1_1 # 14 # 505 # -1 # ID=126_1;partial=00;start_type=ATG;rbs_motif=GGAG/GAGG;rbs_spacer=5-10bp;genetic_code=11;gc_cont=0.614	GENOMAD.054209.CC	1.400E-52	183	0
JAJIUH010000088.1_17 # 19219 # 19746 # -1 # ID=127_17;partial=00;start_type=ATG;rbs_motif=GGAG/GAGG;rbs_spacer=5-10bp;genetic_code=11;gc_cont=0.678	GENOMAD.066577.CV	1.691E-81	267	0
JAJIUH010000045.1_24 # 22942 # 23871 # 1 # ID=79_24;partial=00;start_type=ATG;rbs_motif=None;rbs_spacer=None;genetic_code=11;gc_cont=0.718	GENOMAD.007571.CC	2.057E-16	83	0
JAJIUH010000047.1_9 # 10542 # 13199 # 1 # ID=82_9;partial=00;start_type=ATG;rbs_motif=None;rbs_spacer=None;genetic_code=11;gc_cont=0.677	GENOMAD.152082.CP	1.680E-15	84	0
JAJIUH010000047.1_73 # 92048 # 93238 # 1 # ID=82_73;partial=00;start_type=ATG;rbs_motif=None;rbs_spacer=None;genetic_code=11;gc_cont=0.704	GENOMAD.169207.CP	1.723E-36	146	0
JAJIUH010000048.1_21 # 23119 # 23541 # 1 # ID=83_21;partial=00;start_type=ATG;rbs_motif=None;rbs_spacer=None;genetic_code=11;gc_cont=0.631	GENOMAD.167287.CP	2.754E-06	48	0
JAJIUH010000051.1_7 # 7673 # 8014 # -1 # ID=86_7;partial=00;start_type=ATG;rbs_motif=None;rbs_spacer=None;genetic_code=11;gc_cont=0.652	GENOMAD.162129.CP	3.127E-13	67	0
JAJIUH010000051.1_8 # 8273 # 8548 # 1 # ID=86_8;partial=00;start_type=ATG;rbs_motif=None;rbs_spacer=None;genetic_code=11;gc_cont=0.652	GENOMAD.221228.CP	1.480E-04	41	0
JAJIUH010000053.1_17 # 13651 # 15156 # 1 # ID=88_17;partial=00;start_type=ATG;rbs_motif=None;rbs_spacer=None;genetic_code=11;gc_cont=0.672	GENOMAD.154528.CP	9.529E-259	797	0
JAJIUH010000056.1_3 # 1020 # 1802 # 1 # ID=92_3;partial=00;start_type=ATG;rbs_motif=GGA/GAG/AGG;rbs_spacer=11-12bp;genetic_code=11;gc_cont=0.512	GENOMAD.064510.VV	3.745E-21	96	1246
JAJIUH010000125.1_4 # 4874 # 6115 # 1 # ID=34_4;partial=00;start_type=ATG;rbs_motif=None;rbs_spacer=None;genetic_code=11;gc_cont=0.641	GENOMAD.141017.CP	3.280E-16	84	0
JAJIUH010000069.1_13 # 16721 # 17233 # 1 # ID=106_13;partial=00;start_type=ATG;rbs_motif=GGA/GAG/AGG;rbs_spacer=5-10bp;genetic_code=11;gc_cont=0.632	GENOMAD.209634.PC	6.848E-29	115	0
JAJIUH010000075.1_6 # 5235 # 6125 # -1 # ID=113_6;partial=00;start_type=ATG;rbs_motif=GGA/GAG/AGG;rbs_spacer=5-10bp;genetic_code=11;gc_cont=0.686	GENOMAD.129411.CP	1.518E-14	77	0
JAJIUH010000007.1_3 # 2101 # 3969 # -1 # ID=111_3;partial=00;start_type=ATG;rbs_motif=GGA/GAG/AGG;rbs_spacer=11-12bp;genetic_code=11;gc_cont=0.642	GENOMAD.001759.CC	1.094E-24	113	0
JAJIUH010000075.1_30 # 35501 # 36592 # 1 # ID=113_30;partial=00;start_type=ATG;rbs_motif=GGA/GAG/AGG;rbs_spacer=5-10bp;genetic_code=11;gc_cont=0.662	GENOMAD.191564.CP	8.553E-119	385	0
JAJIUH010000075.1_62 # 72714 # 74612 # 1 # ID=113_62;partial=00;start_type=ATG;rbs_motif=GGAG/GAGG;rbs_spacer=5-10bp;genetic_code=11;gc_cont=0.680	GENOMAD.111067.CV	4.169E-08	59	0
JAJIUH010000075.1_126 # 148405 # 148884 # 1 # ID=113_126;partial=00;start_type=ATG;rbs_motif=GGA/GAG/AGG;rbs_spacer=5-10bp;genetic_code=11;gc_cont=0.631	GENOMAD.126968.VC	1.653E-22	96	1246
JAJIUH010000075.1_158 # 190359 # 192314 # 1 # ID=113_158;partial=00;start_type=ATG;rbs_motif=GGA/GAG/AGG;rbs_spacer=11-12bp;genetic_code=11;gc_cont=0.707	GENOMAD.145363.CP	7.542E-52	199	0
JAJIUH010000077.1_28 # 26965 # 29334 # 1 # ID=115_28;partial=00;start_type=ATG;rbs_motif=None;rbs_spacer=None;genetic_code=11;gc_cont=0.630	GENOMAD.105365.CP	5.545E-107	369	0
JAJIUH010000094.1_25 # 30891 # 31502 # 1 # ID=1_25;partial=00;start_type=ATG;rbs_motif=GGAG/GAGG;rbs_spacer=5-10bp;genetic_code=11;gc_cont=0.645	GENOMAD.162179.PC	9.846E-05	45	0
JAJIUH010000095.1_29 # 31182 # 32375 # 1 # ID=2_29;partial=00;start_type=TTG;rbs_motif=AGGAG;rbs_spacer=5-10bp;genetic_code=11;gc_cont=0.629	GENOMAD.067680.VV	1.378E-16	85	1246
JAJIUH010000097.1_12 # 8262 # 8900 # -1 # ID=4_12;partial=00;start_type=ATG;rbs_motif=GGAGG;rbs_spacer=5-10bp;genetic_code=11;gc_cont=0.700	GENOMAD.147413.CP	1.074E-32	128	0
JAJIUH010000097.1_44 # 44653 # 45369 # -1 # ID=4_44;partial=00;start_type=ATG;rbs_motif=None;rbs_spacer=None;genetic_code=11;gc_cont=0.665	GENOMAD.154355.CP	2.575E-133	420	0
JAJIUH010000098.1_13 # 11482 # 11979 # -1 # ID=5_13;partial=00;start_type=ATG;rbs_motif=AGGA;rbs_spacer=5-10bp;genetic_code=11;gc_cont=0.669	GENOMAD.225035.PV	5.024E-07	51	1246
JAJIUH010000097.1_35 # 35398 # 37662 # 1 # ID=4_35;partial=00;start_type=GTG;rbs_motif=GGAG/GAGG;rbs_spacer=5-10bp;genetic_code=11;gc_cont=0.690	GENOMAD.132867.CP	1.449E-05	51	0
JAJIUH010000027.1_178 # 244871 # 246184 # -1 # ID=60_178;partial=00;start_type=ATG;rbs_motif=GGA/GAG/AGG;rbs_spacer=5-10bp;genetic_code=11;gc_cont=0.652	GENOMAD.133797.CP	3.781E-11	68	0
JAJIUH010000028.1_3 # 1665 # 2228 # 1 # ID=61_3;partial=00;start_type=ATG;rbs_motif=GGAG/GAGG;rbs_spacer=5-10bp;genetic_code=11;gc_cont=0.582	GENOMAD.111553.PC	3.360E-13	70	0
JAJIUH010000028.1_35 # 49388 # 52969 # -1 # ID=61_35;partial=00;start_type=ATG;rbs_motif=GGA/GAG/AGG;rbs_spacer=5-10bp;genetic_code=11;gc_cont=0.691	GENOMAD.159408.CP	9.660E-18	92	0
JAJIUH010000030.1_10 # 11950 # 13185 # 1 # ID=63_10;partial=00;start_type=ATG;rbs_motif=None;rbs_spacer=None;genetic_code=11;gc_cont=0.649	GENOMAD.000049.CC	9.911E-91	306	0
JAJIUH010000036.1_7 # 13191 # 15911 # -1 # ID=70_7;partial=00;start_type=ATG;rbs_motif=GGAGG;rbs_spacer=5-10bp;genetic_code=11;gc_cont=0.624	GENOMAD.158496.CP	1.293E-137	464	0
JAJIUH010000116.1_22 # 25478 # 26341 # 1 # ID=24_22;partial=00;start_type=ATG;rbs_motif=GGA/GAG/AGG;rbs_spacer=5-10bp;genetic_code=11;gc_cont=0.646	GENOMAD.159319.CP	1.204E-157	493	0
JAJIUH010000118.1_28 # 41472 # 42788 # -1 # ID=26_28;partial=00;start_type=ATG;rbs_motif=None;rbs_spacer=None;genetic_code=11;gc_cont=0.664	GENOMAD.043073.CC	2.296E-04	46	0
JAJIUH010000120.1_34 # 34648 # 35517 # 1 # ID=28_34;partial=00;start_type=ATG;rbs_motif=AGGA;rbs_spacer=5-10bp;genetic_code=11;gc_cont=0.636	GENOMAD.037271.CC	6.196E-06	50	0
JAJIUH010000123.1_6 # 3833 # 4363 # 1 # ID=31_6;partial=00;start_type=ATG;rbs_motif=None;rbs_spacer=None;genetic_code=11;gc_cont=0.659	GENOMAD.128882.CP	1.068E-14	74	0
JAJIUH010000011.1_31 # 33806 # 34300 # -1 # ID=32_31;partial=00;start_type=ATG;rbs_motif=None;rbs_spacer=None;genetic_code=11;gc_cont=0.655	GENOMAD.029544.CC	1.677E-59	203	0
JAJIUH010000049.1_16 # 12818 # 13822 # -1 # ID=84_16;partial=00;start_type=ATG;rbs_motif=None;rbs_spacer=None;genetic_code=11;gc_cont=0.633	GENOMAD.153559.CP	1.030E-92	308	0
JAJIUH010000054.1_1 # 273 # 1394 # 1 # ID=89_1;partial=00;start_type=ATG;rbs_motif=AGGAG;rbs_spacer=5-10bp;genetic_code=11;gc_cont=0.569	GENOMAD.049926.PP	2.582E-11	68	0
JAJIUH010000059.1_2 # 653 # 1171 # 1 # ID=95_2;partial=00;start_type=ATG;rbs_motif=GGA/GAG/AGG;rbs_spacer=5-10bp;genetic_code=11;gc_cont=0.541	GENOMAD.189956.PV	5.929E-06	48	0
JAJIUH010000061.1_1 # 136 # 531 # 1 # ID=97_1;partial=00;start_type=ATG;rbs_motif=GGA/GAG/AGG;rbs_spacer=5-10bp;genetic_code=11;gc_cont=0.530	GENOMAD.116980.PP	4.051E-59	200	0
JAJIUH010000066.1_38 # 31882 # 32568 # -1 # ID=103_38;partial=00;start_type=ATG;rbs_motif=GGAG/GAGG;rbs_spacer=5-10bp;genetic_code=11;gc_cont=0.658	GENOMAD.194245.CP	1.930E-14	75	0
JAJIUH010000131.1_10 # 6888 # 7709 # -1 # ID=40_10;partial=00;start_type=TTG;rbs_motif=None;rbs_spacer=None;genetic_code=11;gc_cont=0.659	GENOMAD.136404.CP	7.344E-09	59	0
JAJIUH010000013.1_26 # 33951 # 35831 # -1 # ID=44_26;partial=00;start_type=ATG;rbs_motif=GGAG/GAGG;rbs_spacer=5-10bp;genetic_code=11;gc_cont=0.633	GENOMAD.124001.CP	2.437E-198	629	0
JAJIUH010000047.1_112 # 142029 # 142598 # 1 # ID=82_112;partial=00;start_type=GTG;rbs_motif=None;rbs_spacer=None;genetic_code=11;gc_cont=0.621	GENOMAD.137861.CP	1.692E-04	44	0
JAJIUH010000048.1_28 # 29004 # 29828 # -1 # ID=83_28;partial=00;start_type=ATG;rbs_motif=GGAG/GAGG;rbs_spacer=5-10bp;genetic_code=11;gc_cont=0.616	GENOMAD.159647.PC	1.552E-34	136	0
JAJIUH010000048.1_60 # 60481 # 61614 # 1 # ID=83_60;partial=00;start_type=ATG;rbs_motif=AGGA;rbs_spacer=5-10bp;genetic_code=11;gc_cont=0.660	GENOMAD.138157.CP	2.304E-10	65	0
JAJIUH010000053.1_23 # 21919 # 22842 # -1 # ID=88_23;partial=00;start_type=ATG;rbs_motif=None;rbs_spacer=None;genetic_code=11;gc_cont=0.708	GENOMAD.081094.CV	4.677E-30	124	1246
JAJIUH010000054.1_20 # 25907 # 29365 # -1 # ID=89_20;partial=00;start_type=ATG;rbs_motif=GGA/GAG/AGG;rbs_spacer=5-10bp;genetic_code=11;gc_cont=0.699	GENOMAD.161502.PC	3.337E-110	389	0
JAJIUH010000127.1_54 # 64078 # 65004 # -1 # ID=36_54;partial=00;start_type=ATG;rbs_motif=GGA/GAG/AGG;rbs_spacer=11-12bp;genetic_code=11;gc_cont=0.653	GENOMAD.152533.CP	1.725E-37	146	0
JAJIUH010000131.1_49 # 56562 # 56909 # 1 # ID=40_49;partial=00;start_type=ATG;rbs_motif=GGAG/GAGG;rbs_spacer=5-10bp;genetic_code=11;gc_cont=0.678	GENOMAD.013799.CC	3.799E-52	179	0
JAJIUH010000131.1_81 # 92429 # 93796 # -1 # ID=40_81;partial=00;start_type=ATG;rbs_motif=None;rbs_spacer=None;genetic_code=11;gc_cont=0.668	GENOMAD.089563.CP	6.496E-47	179	0
JAJIUH010000027.1_174 # 238081 # 240852 # -1 # ID=60_174;partial=00;start_type=ATG;rbs_motif=AGGA/GGAG/GAGG;rbs_spacer=11-12bp;genetic_code=11;gc_cont=0.659	GENOMAD.146053.CP	1.589E-11	71	0
JAJIUH010000027.1_206 # 282382 # 282954 # -1 # ID=60_206;partial=00;start_type=ATG;rbs_motif=GGAG/GAGG;rbs_spacer=5-10bp;genetic_code=11;gc_cont=0.637	GENOMAD.032274.CC	3.696E-80	264	0
JAJIUH010000028.1_31 # 45169 # 46677 # -1 # ID=61_31;partial=00;start_type=ATG;rbs_motif=GGA/GAG/AGG;rbs_spacer=5-10bp;genetic_code=11;gc_cont=0.697	GENOMAD.116475.CP	3.351E-109	364	0
JAJIUH010000030.1_6 # 7374 # 8618 # 1 # ID=63_6;partial=00;start_type=ATG;rbs_motif=None;rbs_spacer=None;genetic_code=11;gc_cont=0.686	GENOMAD.101276.CP	4.201E-53	196	1246
JAJIUH010000030.1_38 # 49820 # 52591 # 1 # ID=63_38;partial=00;start_type=ATG;rbs_motif=GGA/GAG/AGG;rbs_spacer=5-10bp;genetic_code=11;gc_cont=0.626	GENOMAD.152082.CP	1.485E-21	104	0
JAJIUH010000003.1_15 # 15480 # 16151 # -1 # ID=69_15;partial=00;start_type=ATG;rbs_motif=GGAG/GAGG;rbs_spacer=5-10bp;genetic_code=11;gc_cont=0.646	GENOMAD.002323.CC	7.267E-123	389	0
JAJIUH010000047.1_50 # 60632 # 61825 # -1 # ID=82_50;partial=00;start_type=ATG;rbs_motif=GGAG/GAGG;rbs_spacer=5-10bp;genetic_code=11;gc_cont=0.604	GENOMAD.002725.CC	3.504E-12	71	0
JAJIUH010000053.1_25 # 23903 # 25003 # 1 # ID=88_25;partial=00;start_type=ATG;rbs_motif=None;rbs_spacer=None;genetic_code=11;gc_cont=0.649	GENOMAD.001963.CC	6.533E-13	73	0
JAJIUH010000054.1_22 # 30687 # 32024 # -1 # ID=89_22;partial=00;start_type=ATG;rbs_motif=None;rbs_spacer=None;genetic_code=11;gc_cont=0.674	GENOMAD.166652.PC	2.372E-39	156	0
JAJIUH010000127.1_68 # 84237 # 84662 # -1 # ID=36_68;partial=00;start_type=ATG;rbs_motif=None;rbs_spacer=None;genetic_code=11;gc_cont=0.678	GENOMAD.001478.CC	7.436E-74	243	0
JAJIUH010000130.1_43 # 51629 # 52195 # 1 # ID=39_43;partial=00;start_type=ATG;rbs_motif=None;rbs_spacer=None;genetic_code=11;gc_cont=0.616	GENOMAD.105354.CP	4.932E-21	93	0
JAJIUH010000131.1_31 # 35154 # 35936 # -1 # ID=40_31;partial=00;start_type=ATG;rbs_motif=AGGAG;rbs_spacer=5-10bp;genetic_code=11;gc_cont=0.641	GENOMAD.000823.CC	3.859E-49	178	0
JAJIUH010000131.1_63 # 67710 # 70892 # -1 # ID=40_63;partial=00;start_type=ATG;rbs_motif=GGAG/GAGG;rbs_spacer=5-10bp;genetic_code=11;gc_cont=0.631	GENOMAD.125907.CP	1.410E-208	679	0
JAJIUH010000020.1_95 # 101816 # 102703 # -1 # ID=52_95;partial=00;start_type=ATG;rbs_motif=AGGAG;rbs_spacer=5-10bp;genetic_code=11;gc_cont=0.700	GENOMAD.105757.CP	9.410E-65	225	0
JAJIUH010000020.1_127 # 139601 # 141289 # -1 # ID=52_127;partial=00;start_type=GTG;rbs_motif=None;rbs_spacer=None;genetic_code=11;gc_cont=0.661	GENOMAD.091942.CP	6.137E-11	68	0
JAJIUH010000025.1_62 # 66510 # 67241 # 1 # ID=57_62;partial=00;start_type=ATG;rbs_motif=GGAGG;rbs_spacer=5-10bp;genetic_code=11;gc_cont=0.648	GENOMAD.111153.CP	5.226E-102	330	0
JAJIUH010000084.1_35 # 38745 # 38960 # 1 # ID=123_35;partial=00;start_type=ATG;rbs_motif=GGAG/GAGG;rbs_spacer=5-10bp;genetic_code=11;gc_cont=0.616	GENOMAD.137902.VC	1.021E-07	49	0
JAJIUH010000085.1_15 # 17128 # 17424 # -1 # ID=124_15;partial=00;start_type=ATG;rbs_motif=GGA/GAG/AGG;rbs_spacer=11-12bp;genetic_code=11;gc_cont=0.680	GENOMAD.179363.CV	5.738E-09	54	0
JAJIUH010000087.1_53 # 66565 # 67419 # 1 # ID=126_53;partial=00;start_type=ATG;rbs_motif=GGAG/GAGG;rbs_spacer=5-10bp;genetic_code=11;gc_cont=0.644	GENOMAD.170246.CP	4.444E-59	208	0
JAJIUH010000117.1_4 # 3347 # 4066 # -1 # ID=25_4;partial=00;start_type=ATG;rbs_motif=GGAG/GAGG;rbs_spacer=5-10bp;genetic_code=11;gc_cont=0.646	GENOMAD.136799.CP	3.157E-04	44	0
JAJIUH010000118.1_24 # 35136 # 38087 # -1 # ID=26_24;partial=00;start_type=GTG;rbs_motif=None;rbs_spacer=None;genetic_code=11;gc_cont=0.684	GENOMAD.140631.CP	2.014E-05	51	0
JAJIUH010000120.1_30 # 30135 # 31406 # -1 # ID=28_30;partial=00;start_type=ATG;rbs_motif=GGAG/GAGG;rbs_spacer=5-10bp;genetic_code=11;gc_cont=0.703	GENOMAD.176778.PC	3.083E-44	170	0
JAJIUH010000123.1_2 # 993 # 1868 # -1 # ID=31_2;partial=00;start_type=ATG;rbs_motif=None;rbs_spacer=None;genetic_code=11;gc_cont=0.705	GENOMAD.001998.CC	1.296E-32	131	0
JAJIUH010000124.1_12 # 12899 # 14542 # -1 # ID=33_12;partial=00;start_type=ATG;rbs_motif=GGAG/GAGG;rbs_spacer=5-10bp;genetic_code=11;gc_cont=0.645	GENOMAD.183789.PC	1.254E-84	294	0
JAJIUH010000017.1_9 # 5859 # 6773 # 1 # ID=48_9;partial=00;start_type=ATG;rbs_motif=None;rbs_spacer=None;genetic_code=11;gc_cont=0.674	GENOMAD.001078.CC	2.712E-65	227	0
JAJIUH010000017.1_41 # 41334 # 42968 # 1 # ID=48_41;partial=00;start_type=ATG;rbs_motif=None;rbs_spacer=None;genetic_code=11;gc_cont=0.673	GENOMAD.178810.CP	6.903E-25	113	0
JAJIUH010000019.1_4 # 3089 # 4333 # 1 # ID=51_4;partial=00;start_type=GTG;rbs_motif=None;rbs_spacer=None;genetic_code=11;gc_cont=0.632	GENOMAD.154219.PC	3.601E-126	409	0
JAJIUH010000020.1_27 # 28459 # 31548 # -1 # ID=52_27;partial=00;start_type=ATG;rbs_motif=GGA/GAG/AGG;rbs_spacer=11-12bp;genetic_code=11;gc_cont=0.640	GENOMAD.152082.CP	9.754E-60	229	0
JAJIUH010000020.1_59 # 67181 # 67540 # -1 # ID=52_59;partial=00;start_type=GTG;rbs_motif=AGGA;rbs_spacer=5-10bp;genetic_code=11;gc_cont=0.628	GENOMAD.197717.CP	8.770E-13	66	0
JAJIUH010000020.1_91 # 98429 # 99091 # -1 # ID=52_91;partial=00;start_type=ATG;rbs_motif=GGA/GAG/AGG;rbs_spacer=5-10bp;genetic_code=11;gc_cont=0.646	GENOMAD.205595.PC	3.666E-86	283	0
JAJIUH010000130.1_27 # 35397 # 36317 # -1 # ID=39_27;partial=00;start_type=ATG;rbs_motif=None;rbs_spacer=None;genetic_code=11;gc_cont=0.697	GENOMAD.103400.CP	8.769E-136	431	0
JAJIUH010000014.1_30 # 35493 # 36506 # -1 # ID=45_30;partial=00;start_type=ATG;rbs_motif=None;rbs_spacer=None;genetic_code=11;gc_cont=0.660	GENOMAD.121663.CP	3.416E-56	202	0
JAJIUH010000017.1_19 # 14633 # 15004 # -1 # ID=48_19;partial=00;start_type=ATG;rbs_motif=GGA/GAG/AGG;rbs_spacer=5-10bp;genetic_code=11;gc_cont=0.694	GENOMAD.091113.CP	5.544E-52	179	0
JAJIUH010000001.1_5 # 5161 # 6111 # 1 # ID=49_5;partial=00;start_type=ATG;rbs_motif=AGGA;rbs_spacer=5-10bp;genetic_code=11;gc_cont=0.671	GENOMAD.090188.CV	5.678E-49	180	0
JAJIUH010000018.1_17 # 17780 # 18331 # 1 # ID=50_17;partial=00;start_type=ATG;rbs_motif=None;rbs_spacer=None;genetic_code=11;gc_cont=0.690	GENOMAD.140606.CP	9.824E-40	147	0
JAJIUH010000020.1_37 # 44268 # 45149 # -1 # ID=52_37;partial=00;start_type=ATG;rbs_motif=AGGA;rbs_spacer=5-10bp;genetic_code=11;gc_cont=0.700	GENOMAD.104285.CP	4.825E-10	63	0
JAJIUH010000020.1_69 # 75677 # 76573 # 1 # ID=52_69;partial=00;start_type=ATG;rbs_motif=None;rbs_spacer=None;genetic_code=11;gc_cont=0.683	GENOMAD.142573.CP	1.646E-15	80	0
JAJIUH010000025.1_79 # 91417 # 91977 # -1 # ID=57_79;partial=00;start_type=ATG;rbs_motif=AGGAG;rbs_spacer=5-10bp;genetic_code=11;gc_cont=0.677	GENOMAD.012092.CC	4.092E-33	128	0
JAJIUH010000027.1_48 # 74519 # 75850 # -1 # ID=60_48;partial=00;start_type=ATG;rbs_motif=GGAG/GAGG;rbs_spacer=5-10bp;genetic_code=11;gc_cont=0.688	GENOMAD.146515.CP	4.495E-35	143	0
JAJIUH010000027.1_112 # 151998 # 152357 # -1 # ID=60_112;partial=00;start_type=ATG;rbs_motif=AGGAG;rbs_spacer=5-10bp;genetic_code=11;gc_cont=0.664	GENOMAD.193983.CP	5.048E-43	153	0
JAJIUH010000010.1_25 # 30065 # 31393 # 1 # ID=11_25;partial=00;start_type=ATG;rbs_motif=None;rbs_spacer=None;genetic_code=11;gc_cont=0.674	GENOMAD.003036.CC	1.092E-12	73	0
JAJIUH010000010.1_89 # 95246 # 95581 # -1 # ID=11_89;partial=00;start_type=ATG;rbs_motif=AGGAG;rbs_spacer=5-10bp;genetic_code=11;gc_cont=0.607	GENOMAD.058918.CV	5.748E-38	138	0
JAJIUH010000105.1_18 # 17693 # 21439 # -1 # ID=13_18;partial=00;start_type=ATG;rbs_motif=None;rbs_spacer=None;genetic_code=11;gc_cont=0.555	GENOMAD.146580.CP	0.000E+00	1997	0
JAJIUH010000106.1_20 # 11680 # 12000 # 1 # ID=14_20;partial=00;start_type=ATG;rbs_motif=GGAG/GAGG;rbs_spacer=5-10bp;genetic_code=11;gc_cont=0.583	GENOMAD.214060.VP	4.995E-45	158	2773
JAJIUH010000108.1_1 # 2 # 1606 # 1 # ID=16_1;partial=10;start_type=Edge;rbs_motif=None;rbs_spacer=None;genetic_code=11;gc_cont=0.621	GENOMAD.005978.CC	3.223E-08	59	1246
JAJIUH010000111.1_3 # 3697 # 4017 # 1 # ID=19_3;partial=00;start_type=ATG;rbs_motif=AGGA;rbs_spacer=5-10bp;genetic_code=11;gc_cont=0.607	GENOMAD.080110.CV	3.114E-26	104	0
JAJIUH010000084.1_24 # 26484 # 27896 # 1 # ID=123_24;partial=00;start_type=ATG;rbs_motif=GGA/GAG/AGG;rbs_spacer=5-10bp;genetic_code=11;gc_cont=0.652	GENOMAD.178675.CP	1.363E-116	384	0
JAJIUH010000085.1_4 # 3906 # 5309 # 1 # ID=124_4;partial=00;start_type=ATG;rbs_motif=None;rbs_spacer=None;genetic_code=11;gc_cont=0.668	GENOMAD.153372.CP	3.834E-100	336	0
JAJIUH010000087.1_42 # 52515 # 54710 # 1 # ID=126_42;partial=00;start_type=ATG;rbs_motif=AGGAG;rbs_spacer=5-10bp;genetic_code=11;gc_cont=0.660	GENOMAD.154880.CP	3.920E-21	102	1246
JAJIUH010000087.1_74 # 94176 # 95195 # 1 # ID=126_74;partial=00;start_type=GTG;rbs_motif=GGAG/GAGG;rbs_spacer=5-10bp;genetic_code=11;gc_cont=0.656	GENOMAD.129517.CP	1.017E-25	112	0
JAJIUH010000088.1_26 # 26176 # 27939 # -1 # ID=127_26;partial=00;start_type=ATG;rbs_motif=GGAG/GAGG;rbs_spacer=5-10bp;genetic_code=11;gc_cont=0.673	GENOMAD.116686.CP	1.974E-46	181	0
JAJIUH010000090.1_29 # 31763 # 33097 # -1 # ID=129_29;partial=00;start_type=ATG;rbs_motif=AGGAG;rbs_spacer=5-10bp;genetic_code=11;gc_cont=0.631	GENOMAD.064056.CP	1.935E-119	391	0
JAJIUH010000106.1_67 # 53520 # 54155 # -1 # ID=14_67;partial=00;start_type=ATG;rbs_motif=AGGA/GGAG/GAGG;rbs_spacer=11-12bp;genetic_code=11;gc_cont=0.656	GENOMAD.136854.CP	2.310E-04	44	0
JAJIUH010000108.1_16 # 17757 # 20195 # -1 # ID=16_16;partial=00;start_type=TTG;rbs_motif=GGA/GAG/AGG;rbs_spacer=5-10bp;genetic_code=11;gc_cont=0.674	GENOMAD.179037.PC	1.322E-18	94	0
JAJIUH010000112.1_34 # 34558 # 34905 # -1 # ID=20_34;partial=00;start_type=ATG;rbs_motif=AGGAG;rbs_spacer=5-10bp;genetic_code=11;gc_cont=0.638	GENOMAD.167065.CP	1.261E-39	143	0
JAJIUH010000040.1_18 # 34908 # 36524 # -1 # ID=74_18;partial=00;start_type=ATG;rbs_motif=GGA/GAG/AGG;rbs_spacer=5-10bp;genetic_code=11;gc_cont=0.695	GENOMAD.168696.PC	1.327E-76	270	0
JAJIUH010000040.1_50 # 67907 # 69397 # -1 # ID=74_50;partial=00;start_type=ATG;rbs_motif=GGA/GAG/AGG;rbs_spacer=5-10bp;genetic_code=11;gc_cont=0.647	GENOMAD.147640.CP	1.145E-15	83	0
JAJIUH010000041.1_9 # 6806 # 7432 # 1 # ID=75_9;partial=00;start_type=TTG;rbs_motif=GGAG/GAGG;rbs_spacer=5-10bp;genetic_code=11;gc_cont=0.560	GENOMAD.137753.PC	2.555E-29	118	0
JAJIUH010000045.1_9 # 8405 # 9376 # -1 # ID=79_9;partial=00;start_type=ATG;rbs_motif=GGA/GAG/AGG;rbs_spacer=5-10bp;genetic_code=11;gc_cont=0.633	GENOMAD.101229.CV	1.387E-04	46	0
JAJIUH010000047.1_58 # 71987 # 72271 # 1 # ID=82_58;partial=00;start_type=ATG;rbs_motif=None;rbs_spacer=None;genetic_code=11;gc_cont=0.677	GENOMAD.092643.CV	1.934E-33	124	0
JAJIUH010000125.1_35 # 40399 # 43989 # 1 # ID=34_35;partial=00;start_type=ATG;rbs_motif=None;rbs_spacer=None;genetic_code=11;gc_cont=0.667	GENOMAD.161283.VC	3.003E-36	153	1246
JAJIUH010000125.1_67 # 74786 # 75670 # 1 # ID=34_67;partial=00;start_type=ATG;rbs_motif=GGAG/GAGG;rbs_spacer=5-10bp;genetic_code=11;gc_cont=0.656	GENOMAD.158771.CP	1.678E-44	166	0
JAJIUH010000127.1_77 # 92603 # 96649 # 1 # ID=36_77;partial=00;start_type=ATG;rbs_motif=None;rbs_spacer=None;genetic_code=11;gc_cont=0.687	GENOMAD.121610.CV	1.764E-71	269	1246
JAJIUH010000130.1_52 # 61811 # 62464 # 1 # ID=39_52;partial=00;start_type=ATG;rbs_motif=None;rbs_spacer=None;genetic_code=11;gc_cont=0.627	GENOMAD.004524.CC	1.185E-04	45	0
JAJIUH010000048.1_9 # 7734 # 9335 # -1 # ID=83_9;partial=00;start_type=TTG;rbs_motif=GGA/GAG/AGG;rbs_spacer=5-10bp;genetic_code=11;gc_cont=0.692	GENOMAD.107063.CP	3.799E-51	194	0
JAJIUH010000048.1_41 # 41434 # 42657 # 1 # ID=83_41;partial=00;start_type=ATG;rbs_motif=GGA/GAG/AGG;rbs_spacer=5-10bp;genetic_code=11;gc_cont=0.672	GENOMAD.017651.CC	1.508E-16	85	0
JAJIUH010000114.1_60 # 87145 # 87807 # -1 # ID=22_60;partial=00;start_type=ATG;rbs_motif=None;rbs_spacer=None;genetic_code=11;gc_cont=0.673	GENOMAD.137611.CP	5.209E-24	103	0
JAJIUH010000116.1_56 # 62208 # 62642 # -1 # ID=24_56;partial=00;start_type=ATG;rbs_motif=None;rbs_spacer=None;genetic_code=11;gc_cont=0.586	GENOMAD.088856.PP	1.017E-63	214	0
JAJIUH010000117.1_10 # 10349 # 11209 # -1 # ID=25_10;partial=00;start_type=GTG;rbs_motif=GGA/GAG/AGG;rbs_spacer=5-10bp;genetic_code=11;gc_cont=0.664	GENOMAD.145709.CP	7.932E-136	430	0
JAJIUH010000117.1_42 # 50191 # 50367 # -1 # ID=25_42;partial=00;start_type=ATG;rbs_motif=AGGAG;rbs_spacer=5-10bp;genetic_code=11;gc_cont=0.627	GENOMAD.224383.PV	1.238E-07	48	1246
JAJIUH010000036.1_29 # 34740 # 35441 # 1 # ID=70_29;partial=00;start_type=ATG;rbs_motif=AGGAG;rbs_spacer=5-10bp;genetic_code=11;gc_cont=0.637	GENOMAD.129411.CP	3.543E-06	50	0
JAJIUH010000040.1_72 # 96945 # 99719 # 1 # ID=74_72;partial=00;start_type=ATG;rbs_motif=GGAGG;rbs_spacer=5-10bp;genetic_code=11;gc_cont=0.628	GENOMAD.152082.CP	1.681E-48	192	0
JAJIUH010000019.1_3 # 2063 # 2881 # 1 # ID=51_3;partial=00;start_type=ATG;rbs_motif=AGGAG;rbs_spacer=5-10bp;genetic_code=11;gc_cont=0.707	GENOMAD.153335.CP	1.779E-10	64	0
JAJIUH010000020.1_26 # 27569 # 28270 # -1 # ID=52_26;partial=00;start_type=ATG;rbs_motif=None;rbs_spacer=None;genetic_code=11;gc_cont=0.627	GENOMAD.183080.CP	2.704E-60	209	0
JAJIUH010000025.1_25 # 31613 # 32416 # 1 # ID=57_25;partial=00;start_type=ATG;rbs_motif=AGGA;rbs_spacer=5-10bp;genetic_code=11;gc_cont=0.668	GENOMAD.119501.CP	2.079E-20	94	0
JAJIUH010000072.1_7 # 4033 # 4398 # 1 # ID=109_7;partial=00;start_type=ATG;rbs_motif=GGA/GAG/AGG;rbs_spacer=5-10bp;genetic_code=11;gc_cont=0.598	GENOMAD.114551.CV	1.217E-26	106	1246
JAJIUH010000075.1_18 # 19811 # 21820 # -1 # ID=113_18;partial=00;start_type=ATG;rbs_motif=None;rbs_spacer=None;genetic_code=11;gc_cont=0.654	GENOMAD.116397.CP	2.528E-99	342	0
JAJIUH010000075.1_82 # 97422 # 99227 # -1 # ID=113_82;partial=00;start_type=ATG;rbs_motif=AGGA;rbs_spacer=5-10bp;genetic_code=11;gc_cont=0.643	GENOMAD.142795.CP	4.043E-95	327	0
JAJIUH010000075.1_114 # 135303 # 136670 # 1 # ID=113_114;partial=00;start_type=TTG;rbs_motif=AGGA;rbs_spacer=5-10bp;genetic_code=11;gc_cont=0.689	GENOMAD.084170.CP	6.535E-46	176	0
JAJIUH010000075.1_146 # 175729 # 176325 # -1 # ID=113_146;partial=00;start_type=ATG;rbs_motif=None;rbs_spacer=None;genetic_code=11;gc_cont=0.655	GENOMAD.054318.CC	2.162E-11	65	0
JAJIUH010000077.1_48 # 47108 # 48025 # 1 # ID=115_48;partial=00;start_type=ATG;rbs_motif=GGAG/GAGG;rbs_spacer=5-10bp;genetic_code=11;gc_cont=0.646	GENOMAD.168562.CP	1.436E-05	49	0
JAJIUH010000078.1_16 # 18050 # 19483 # -1 # ID=116_16;partial=00;start_type=ATG;rbs_motif=GGAGG;rbs_spacer=5-10bp;genetic_code=11;gc_cont=0.632	GENOMAD.141880.PP	7.826E-258	793	0
JAJIUH010000105.1_38 # 40730 # 43444 # -1 # ID=13_38;partial=00;start_type=ATG;rbs_motif=AGGA;rbs_spacer=5-10bp;genetic_code=11;gc_cont=0.650	GENOMAD.000022.CC	1.977E-99	350	1246
JAJIUH010000106.1_8 # 4960 # 6309 # 1 # ID=14_8;partial=00;start_type=ATG;rbs_motif=GGAG/GAGG;rbs_spacer=5-10bp;genetic_code=11;gc_cont=0.579	GENOMAD.089268.VV	1.046E-54	202	2773
JAJIUH010000106.1_40 # 23685 # 25154 # -1 # ID=14_40;partial=00;start_type=ATG;rbs_motif=GGxGG;rbs_spacer=3-4bp;genetic_code=11;gc_cont=0.620	GENOMAD.083062.VV	2.271E-65	235	2773
JAJIUH010000108.1_21 # 27548 # 28021 # 1 # ID=16_21;partial=00;start_type=ATG;rbs_motif=GGAG/GAGG;rbs_spacer=5-10bp;genetic_code=11;gc_cont=0.681	GENOMAD.178666.VC	3.433E-31	121	1246
JAJIUH010000109.1_8 # 8494 # 10878 # 1 # ID=17_8;partial=00;start_type=ATG;rbs_motif=AGGAG;rbs_spacer=5-10bp;genetic_code=11;gc_cont=0.667	GENOMAD.183275.CP	0.000E+00	1354	0
JAJIUH010000112.1_71 # 76996 # 77568 # 1 # ID=20_71;partial=00;start_type=ATG;rbs_motif=AGGA;rbs_spacer=5-10bp;genetic_code=11;gc_cont=0.686	GENOMAD.106866.CP	1.534E-15	77	1246
JAJIUH010000087.1_72 # 88905 # 92612 # -1 # ID=126_72;partial=00;start_type=ATG;rbs_motif=None;rbs_spacer=None;genetic_code=11;gc_cont=0.663	GENOMAD.137972.CP	6.945E-184	613	0
JAJIUH010000089.1_5 # 5133 # 5711 # -1 # ID=128_5;partial=00;start_type=ATG;rbs_motif=AGGAG;rbs_spacer=5-10bp;genetic_code=11;gc_cont=0.691	GENOMAD.136404.CP	1.138E-32	127	0
JAJIUH010000091.1_25 # 22255 # 23139 # 1 # ID=130_25;partial=00;start_type=ATG;rbs_motif=GGA/GAG/AGG;rbs_spacer=5-10bp;genetic_code=11;gc_cont=0.667	GENOMAD.140368.CP	5.774E-12	69	0
JAJIUH010000009.1_30 # 40846 # 42117 # 1 # ID=133_30;partial=00;start_type=ATG;rbs_motif=None;rbs_spacer=None;genetic_code=11;gc_cont=0.671	GENOMAD.099160.CP	5.183E-09	61	0
JAJIUH010000094.1_5 # 6057 # 6560 # -1 # ID=1_5;partial=00;start_type=ATG;rbs_motif=GGxGG;rbs_spacer=5-10bp;genetic_code=11;gc_cont=0.661	GENOMAD.183209.PC	3.679E-15	75	0
JAJIUH010000125.1_9 # 11938 # 12294 # -1 # ID=34_9;partial=00;start_type=ATG;rbs_motif=GGA/GAG/AGG;rbs_spacer=5-10bp;genetic_code=11;gc_cont=0.605	GENOMAD.136132.CP	1.165E-17	80	0
JAJIUH010000125.1_41 # 48121 # 49428 # 1 # ID=34_41;partial=00;start_type=ATG;rbs_motif=GGA/GAG/AGG;rbs_spacer=5-10bp;genetic_code=11;gc_cont=0.643	GENOMAD.179766.CP	1.323E-87	298	0
JAJIUH010000125.1_105 # 115066 # 115716 # 1 # ID=34_105;partial=00;start_type=ATG;rbs_motif=GGAG/GAGG;rbs_spacer=5-10bp;genetic_code=11;gc_cont=0.674	GENOMAD.130152.CP	4.338E-25	106	0
JAJIUH010000127.1_51 # 60519 # 62168 # -1 # ID=36_51;partial=00;start_type=ATG;rbs_motif=GGAG/GAGG;rbs_spacer=5-10bp;genetic_code=11;gc_cont=0.649	GENOMAD.158774.CP	1.140E-06	54	0
JAJIUH010000010.1_88 # 94494 # 95228 # -1 # ID=11_88;partial=00;start_type=ATG;rbs_motif=AGGA;rbs_spacer=5-10bp;genetic_code=11;gc_cont=0.611	GENOMAD.000002.CC	2.473E-47	172	0
JAJIUH010000105.1_17 # 17253 # 17696 # -1 # ID=13_17;partial=00;start_type=GTG;rbs_motif=GGAGG;rbs_spacer=5-10bp;genetic_code=11;gc_cont=0.550	GENOMAD.153455.CP	3.273E-18	83	0
JAJIUH010000106.1_19 # 11264 # 11545 # 1 # ID=14_19;partial=00;start_type=ATG;rbs_motif=GGAG/GAGG;rbs_spacer=5-10bp;genetic_code=11;gc_cont=0.571	GENOMAD.097192.VV	1.524E-12	64	2773
JAJIUH010000107.1_3 # 2420 # 3742 # 1 # ID=15_3;partial=00;start_type=ATG;rbs_motif=GGA/GAG/AGG;rbs_spacer=5-10bp;genetic_code=11;gc_cont=0.634	GENOMAD.080453.PP	9.573E-08	57	0
JAJIUH010000112.1_50 # 56437 # 56772 # -1 # ID=20_50;partial=00;start_type=ATG;rbs_motif=AGGA;rbs_spacer=5-10bp;genetic_code=11;gc_cont=0.652	GENOMAD.219541.CP	1.328E-04	42	0
JAJIUH010000114.1_17 # 27906 # 30248 # -1 # ID=22_17;partial=00;start_type=ATG;rbs_motif=GGA/GAG/AGG;rbs_spacer=5-10bp;genetic_code=11;gc_cont=0.666	GENOMAD.140646.CP	1.643E-163	535	1246
JAJIUH010000114.1_81 # 119979 # 123137 # 1 # ID=22_81;partial=00;start_type=ATG;rbs_motif=GGAG/GAGG;rbs_spacer=5-10bp;genetic_code=11;gc_cont=0.626	GENOMAD.152082.CP	4.695E-47	188	0
JAJIUH010000114.1_113 # 156260 # 156808 # -1 # ID=22_113;partial=00;start_type=ATG;rbs_motif=None;rbs_spacer=None;genetic_code=11;gc_cont=0.681	GENOMAD.153745.CV	1.509E-04	44	11688
JAJIUH010000117.1_31 # 32848 # 33783 # -1 # ID=25_31;partial=00;start_type=ATG;rbs_motif=GGAG/GAGG;rbs_spacer=5-10bp;genetic_code=11;gc_cont=0.658	GENOMAD.159926.CP	4.291E-36	142	0
JAJIUH010000118.1_19 # 28654 # 30216 # 1 # ID=26_19;partial=00;start_type=GTG;rbs_motif=AGGAG;rbs_spacer=5-10bp;genetic_code=11;gc_cont=0.642	GENOMAD.126256.CP	9.039E-10	64	0
JAJIUH010000048.1_47 # 46218 # 48581 # 1 # ID=83_47;partial=00;start_type=ATG;rbs_motif=None;rbs_spacer=None;genetic_code=11;gc_cont=0.650	GENOMAD.142574.CP	7.539E-20	98	0
JAJIUH010000048.1_79 # 85304 # 87853 # 1 # ID=83_79;partial=00;start_type=ATG;rbs_motif=GGA/GAG/AGG;rbs_spacer=5-10bp;genetic_code=11;gc_cont=0.687	GENOMAD.228084.CP	2.585E-21	103	0
JAJIUH010000054.1_7 # 9452 # 9985 # -1 # ID=89_7;partial=00;start_type=ATG;rbs_motif=GGA/GAG/AGG;rbs_spacer=5-10bp;genetic_code=11;gc_cont=0.654	GENOMAD.207688.CP	6.302E-04	42	0
JAJIUH010000059.1_8 # 5347 # 5880 # -1 # ID=95_8;partial=00;start_type=ATG;rbs_motif=GGAG/GAGG;rbs_spacer=5-10bp;genetic_code=11;gc_cont=0.552	GENOMAD.051002.PP	3.011E-08	55	0
JAJIUH010000061.1_7 # 7077 # 7970 # -1 # ID=97_7;partial=00;start_type=ATG;rbs_motif=GGAG/GAGG;rbs_spacer=5-10bp;genetic_code=11;gc_cont=0.614	GENOMAD.177500.PC	2.123E-54	195	0
JAJIUH010000006.1_26 # 18434 # 19345 # -1 # ID=100_26;partial=00;start_type=ATG;rbs_motif=GGAG/GAGG;rbs_spacer=5-10bp;genetic_code=11;gc_cont=0.671	GENOMAD.113489.PC	2.521E-04	45	0
JAJIUH010000010.1_92 # 96708 # 97007 # -1 # ID=11_92;partial=00;start_type=ATG;rbs_motif=AGGAG;rbs_spacer=5-10bp;genetic_code=11;gc_cont=0.567	GENOMAD.058867.CV	2.788E-24	98	0
JAJIUH010000105.1_21 # 23143 # 23622 # -1 # ID=13_21;partial=00;start_type=ATG;rbs_motif=GGAG/GAGG;rbs_spacer=5-10bp;genetic_code=11;gc_cont=0.525	GENOMAD.136455.CP	5.031E-18	83	0
JAJIUH010000059.1_32 # 27204 # 27908 # 1 # ID=95_32;partial=00;start_type=ATG;rbs_motif=None;rbs_spacer=None;genetic_code=11;gc_cont=0.599	GENOMAD.141805.PC	4.466E-10	62	0
JAJIUH010000059.1_64 # 59629 # 60513 # -1 # ID=95_64;partial=01;start_type=Edge;rbs_motif=None;rbs_spacer=None;genetic_code=11;gc_cont=0.615	GENOMAD.169159.PC	9.872E-102	332	0
JAJIUH010000006.1_18 # 10978 # 12552 # 1 # ID=100_18;partial=00;start_type=ATG;rbs_motif=GGAGG;rbs_spacer=5-10bp;genetic_code=11;gc_cont=0.616	GENOMAD.228061.PC	3.600E-05	49	0
JAJIUH010000066.1_4 # 1746 # 2321 # 1 # ID=103_4;partial=00;start_type=ATG;rbs_motif=GGAGG;rbs_spacer=5-10bp;genetic_code=11;gc_cont=0.667	GENOMAD.213575.CP	4.769E-23	99	0
JAJIUH010000066.1_36 # 30482 # 31123 # -1 # ID=103_36;partial=00;start_type=ATG;rbs_motif=GGA/GAG/AGG;rbs_spacer=5-10bp;genetic_code=11;gc_cont=0.643	GENOMAD.180383.CP	3.539E-83	274	0
JAJIUH010000018.1_32 # 37120 # 38385 # 1 # ID=50_32;partial=00;start_type=ATG;rbs_motif=None;rbs_spacer=None;genetic_code=11;gc_cont=0.684	GENOMAD.151083.CP	1.065E-04	47	0
JAJIUH010000020.1_20 # 20120 # 21721 # 1 # ID=52_20;partial=00;start_type=ATG;rbs_motif=AGGAG;rbs_spacer=5-10bp;genetic_code=11;gc_cont=0.670	GENOMAD.166690.CP	4.579E-18	91	0
JAJIUH010000020.1_84 # 91729 # 92466 # -1 # ID=52_84;partial=00;start_type=ATG;rbs_motif=None;rbs_spacer=None;genetic_code=11;gc_cont=0.667	GENOMAD.154445.CP	2.380E-23	102	0
JAJIUH010000026.1_1 # 16 # 246 # 1 # ID=58_1;partial=00;start_type=ATG;rbs_motif=GGAG/GAGG;rbs_spacer=5-10bp;genetic_code=11;gc_cont=0.636	GENOMAD.056550.PP	8.973E-33	121	0
JAJIUH010000090.1_33 # 37915 # 38139 # -1 # ID=129_33;partial=00;start_type=GTG;rbs_motif=None;rbs_spacer=None;genetic_code=11;gc_cont=0.529	GENOMAD.171189.CP	2.956E-06	45	0
JAJIUH010000009.1_4 # 3469 # 3666 # -1 # ID=133_4;partial=00;start_type=ATG;rbs_motif=None;rbs_spacer=None;genetic_code=11;gc_cont=0.682	GENOMAD.009130.CC	1.367E-23	94	0
JAJIUH010000017.1_68 # 73925 # 74989 # 1 # ID=48_68;partial=00;start_type=ATG;rbs_motif=GGA/GAG/AGG;rbs_spacer=5-10bp;genetic_code=11;gc_cont=0.657	GENOMAD.138352.CP	6.547E-34	137	0
JAJIUH010000018.1_2 # 1870 # 3447 # -1 # ID=50_2;partial=00;start_type=ATG;rbs_motif=AGGA;rbs_spacer=5-10bp;genetic_code=11;gc_cont=0.650	GENOMAD.018752.CC	2.222E-23	108	0
JAJIUH010000020.1_22 # 22496 # 23689 # 1 # ID=52_22;partial=00;start_type=ATG;rbs_motif=GGAG/GAGG;rbs_spacer=5-10bp;genetic_code=11;gc_cont=0.655	GENOMAD.105317.CP	7.484E-44	168	0
JAJIUH010000020.1_54 # 62417 # 63145 # 1 # ID=52_54;partial=00;start_type=ATG;rbs_motif=GGA/GAG/AGG;rbs_spacer=5-10bp;genetic_code=11;gc_cont=0.719	GENOMAD.146670.CP	1.042E-22	100	0
JAJIUH010000095.1_55 # 58569 # 58940 # -1 # ID=2_55;partial=00;start_type=ATG;rbs_motif=GGA/GAG/AGG;rbs_spacer=5-10bp;genetic_code=11;gc_cont=0.680	GENOMAD.196044.PC	4.896E-29	113	0
JAJIUH010000097.1_38 # 40268 # 40660 # -1 # ID=4_38;partial=00;start_type=ATG;rbs_motif=GGA/GAG/AGG;rbs_spacer=5-10bp;genetic_code=11;gc_cont=0.628	GENOMAD.076388.CV	3.040E-37	137	1246
JAJIUH010000098.1_7 # 6675 # 7298 # 1 # ID=5_7;partial=00;start_type=ATG;rbs_motif=GGA/GAG/AGG;rbs_spacer=5-10bp;genetic_code=11;gc_cont=0.631	GENOMAD.206109.CP	9.488E-20	90	0
JAJIUH010000099.1_22 # 20732 # 21250 # -1 # ID=6_22;partial=00;start_type=ATG;rbs_motif=GGA/GAG/AGG;rbs_spacer=5-10bp;genetic_code=11;gc_cont=0.661	GENOMAD.116561.CP	4.813E-34	130	0
JAJIUH010000010.1_30 # 37706 # 38449 # 1 # ID=11_30;partial=00;start_type=ATG;rbs_motif=None;rbs_spacer=None;genetic_code=11;gc_cont=0.663	GENOMAD.000748.CC	1.572E-44	164	0
JAJIUH010000010.1_62 # 75451 # 75921 # 1 # ID=11_62;partial=00;start_type=GTG;rbs_motif=GGA/GAG/AGG;rbs_spacer=5-10bp;genetic_code=11;gc_cont=0.669	GENOMAD.207570.CP	1.046E-26	108	0
JAJIUH010000075.1_23 # 28516 # 29220 # 1 # ID=113_23;partial=00;start_type=ATG;rbs_motif=None;rbs_spacer=None;genetic_code=11;gc_cont=0.699	GENOMAD.152406.CP	6.252E-04	43	0
JAJIUH010000075.1_119 # 140246 # 141550 # -1 # ID=113_119;partial=00;start_type=GTG;rbs_motif=GGA/GAG/AGG;rbs_spacer=5-10bp;genetic_code=11;gc_cont=0.702	GENOMAD.073046.CP	1.594E-06	53	0
JAJIUH010000077.1_21 # 20579 # 21010 # -1 # ID=115_21;partial=00;start_type=ATG;rbs_motif=GGAG/GAGG;rbs_spacer=5-10bp;genetic_code=11;gc_cont=0.674	GENOMAD.195820.PC	1.258E-27	110	0
JAJIUH010000077.1_53 # 51390 # 52313 # -1 # ID=115_53;partial=00;start_type=ATG;rbs_motif=GGA/GAG/AGG;rbs_spacer=5-10bp;genetic_code=11;gc_cont=0.646	GENOMAD.015156.CC	4.576E-70	241	0
JAJIUH010000036.1_60 # 67147 # 69036 # 1 # ID=70_60;partial=00;start_type=ATG;rbs_motif=None;rbs_spacer=None;genetic_code=11;gc_cont=0.627	GENOMAD.138195.VC	1.047E-28	126	1246
JAJIUH010000036.1_92 # 101422 # 102078 # 1 # ID=70_92;partial=00;start_type=ATG;rbs_motif=GGAG/GAGG;rbs_spacer=5-10bp;genetic_code=11;gc_cont=0.700	GENOMAD.045251.CC	6.558E-96	311	0
JAJIUH010000040.1_7 # 11169 # 15527 # -1 # ID=74_7;partial=00;start_type=ATG;rbs_motif=GGA/GAG/AGG;rbs_spacer=5-10bp;genetic_code=11;gc_cont=0.661	GENOMAD.182959.CP	1.818E-300	965	0
JAJIUH010000047.1_47 # 58491 # 58913 # -1 # ID=82_47;partial=00;start_type=ATG;rbs_motif=GGAG/GAGG;rbs_spacer=5-10bp;genetic_code=11;gc_cont=0.598	GENOMAD.124417.CP	5.736E-07	50	0
JAJIUH010000027.1_75 # 108839 # 110242 # -1 # ID=60_75;partial=00;start_type=ATG;rbs_motif=None;rbs_spacer=None;genetic_code=11;gc_cont=0.692	GENOMAD.170187.PC	8.902E-87	297	0
JAJIUH010000027.1_139 # 197443 # 198342 # 1 # ID=60_139;partial=00;start_type=ATG;rbs_motif=GGA/GAG/AGG;rbs_spacer=5-10bp;genetic_code=11;gc_cont=0.672	GENOMAD.024576.CC	7.135E-126	402	0
JAJIUH010000027.1_171 # 234644 # 235090 # -1 # ID=60_171;partial=00;start_type=ATG;rbs_motif=None;rbs_spacer=None;genetic_code=11;gc_cont=0.682	GENOMAD.167547.CP	2.609E-11	63	0
JAJIUH010000027.1_203 # 278857 # 279990 # 1 # ID=60_203;partial=00;start_type=ATG;rbs_motif=GGAGG;rbs_spacer=5-10bp;genetic_code=11;gc_cont=0.646	GENOMAD.181208.CP	9.802E-43	164	0
JAJIUH010000028.1_28 # 41175 # 41510 # 1 # ID=61_28;partial=00;start_type=ATG;rbs_motif=None;rbs_spacer=None;genetic_code=11;gc_cont=0.634	GENOMAD.023318.CC	1.409E-52	180	0
JAJIUH010000030.1_3 # 3364 # 4875 # 1 # ID=63_3;partial=00;start_type=ATG;rbs_motif=GGAG/GAGG;rbs_spacer=5-10bp;genetic_code=11;gc_cont=0.676	GENOMAD.097137.CP	2.683E-26	117	0
JAJIUH010000030.1_35 # 44943 # 45980 # 1 # ID=63_35;partial=00;start_type=ATG;rbs_motif=GGA/GAG/AGG;rbs_spacer=5-10bp;genetic_code=11;gc_cont=0.657	GENOMAD.205408.PC	6.272E-50	184	0
JAJIUH010000117.1_7 # 6438 # 7004 # -1 # ID=25_7;partial=00;start_type=ATG;rbs_motif=AGGAG;rbs_spacer=5-10bp;genetic_code=11;gc_cont=0.628	GENOMAD.105354.CP	1.006E-50	179	0
JAJIUH010000117.1_39 # 44158 # 45903 # -1 # ID=25_39;partial=00;start_type=GTG;rbs_motif=None;rbs_spacer=None;genetic_code=11;gc_cont=0.699	GENOMAD.010877.CC	7.431E-08	58	0
JAJIUH010000118.1_27 # 39815 # 41197 # 1 # ID=26_27;partial=00;start_type=ATG;rbs_motif=AGGA;rbs_spacer=5-10bp;genetic_code=11;gc_cont=0.653	GENOMAD.126996.CP	2.248E-30	129	0
JAJIUH010000120.1_1 # 3 # 293 # 1 # ID=28_1;partial=10;start_type=Edge;rbs_motif=None;rbs_spacer=None;genetic_code=11;gc_cont=0.612	GENOMAD.112987.VV	8.791E-04	39	1246
JAJIUH010000120.1_33 # 33658 # 34605 # 1 # ID=28_33;partial=00;start_type=ATG;rbs_motif=GGA/GAG/AGG;rbs_spacer=5-10bp;genetic_code=11;gc_cont=0.725	GENOMAD.001519.CC	3.325E-44	166	0
JAJIUH010000011.1_30 # 32462 # 33493 # -1 # ID=32_30;partial=00;start_type=ATG;rbs_motif=AGGA;rbs_spacer=5-10bp;genetic_code=11;gc_cont=0.621	GENOMAD.121677.CP	3.259E-09	61	0
JAJIUH010000009.1_5 # 3980 # 7342 # 1 # ID=133_5;partial=00;start_type=GTG;rbs_motif=AGGAG;rbs_spacer=5-10bp;genetic_code=11;gc_cont=0.654	GENOMAD.145622.CP	5.195E-261	835	1246
JAJIUH010000009.1_37 # 47720 # 49129 # 1 # ID=133_37;partial=00;start_type=ATG;rbs_motif=GGA/GAG/AGG;rbs_spacer=5-10bp;genetic_code=11;gc_cont=0.663	GENOMAD.104542.CP	8.526E-53	197	0
JAJIUH010000094.1_44 # 64709 # 65278 # -1 # ID=1_44;partial=00;start_type=ATG;rbs_motif=None;rbs_spacer=None;genetic_code=11;gc_cont=0.665	GENOMAD.111238.CP	2.469E-20	91	0
JAJIUH010000094.1_108 # 141097 # 141663 # 1 # ID=1_108;partial=00;start_type=ATG;rbs_motif=GGA/GAG/AGG;rbs_spacer=5-10bp;genetic_code=11;gc_cont=0.675	GENOMAD.031694.CC	2.315E-84	276	0
JAJIUH010000094.1_140 # 172919 # 173710 # 1 # ID=1_140;partial=00;start_type=ATG;rbs_motif=None;rbs_spacer=None;genetic_code=11;gc_cont=0.669	GENOMAD.138189.CP	6.983E-10	62	0
JAJIUH010000095.1_48 # 52584 # 53510 # -1 # ID=2_48;partial=00;start_type=GTG;rbs_motif=GGAG/GAGG;rbs_spacer=5-10bp;genetic_code=11;gc_cont=0.661	GENOMAD.190451.PC	2.173E-08	58	0
JAJIUH010000096.1_13 # 13079 # 14917 # 1 # ID=3_13;partial=00;start_type=ATG;rbs_motif=GGA/GAG/AGG;rbs_spacer=11-12bp;genetic_code=11;gc_cont=0.662	GENOMAD.141973.CP	3.741E-104	354	0
JAJIUH010000101.1_42 # 45413 # 47656 # 1 # ID=8_42;partial=00;start_type=ATG;rbs_motif=AGGA/GGAG/GAGG;rbs_spacer=11-12bp;genetic_code=11;gc_cont=0.649	GENOMAD.026404.VV	7.313E-41	166	1246
JAJIUH010000010.1_21 # 26623 # 27018 # -1 # ID=11_21;partial=00;start_type=ATG;rbs_motif=GGxGG;rbs_spacer=5-10bp;genetic_code=11;gc_cont=0.669	GENOMAD.146284.CP	2.407E-48	169	0
JAJIUH010000010.1_53 # 64066 # 65163 # -1 # ID=11_53;partial=00;start_type=ATG;rbs_motif=AGGAG;rbs_spacer=5-10bp;genetic_code=11;gc_cont=0.626	GENOMAD.032134.CC	1.977E-137	439	0
JAJIUH010000010.1_85 # 93609 # 93878 # -1 # ID=11_85;partial=00;start_type=ATG;rbs_motif=AGGA;rbs_spacer=5-10bp;genetic_code=11;gc_cont=0.585	GENOMAD.051620.CP	1.756E-24	98	0
JAJIUH010000105.1_46 # 52277 # 52765 # -1 # ID=13_46;partial=00;start_type=ATG;rbs_motif=GGA/GAG/AGG;rbs_spacer=11-12bp;genetic_code=11;gc_cont=0.599	GENOMAD.113231.CP	1.018E-29	117	0
JAJIUH010000106.1_16 # 10022 # 10273 # 1 # ID=14_16;partial=00;start_type=ATG;rbs_motif=GGA/GAG/AGG;rbs_spacer=11-12bp;genetic_code=11;gc_cont=0.639	GENOMAD.148914.VV	4.547E-20	85	0
JAJIUH010000106.1_80 # 70023 # 70535 # -1 # ID=14_80;partial=01;start_type=Edge;rbs_motif=None;rbs_spacer=None;genetic_code=11;gc_cont=0.552	GENOMAD.177338.PC	1.225E-05	47	0
JAJIUH010000087.1_11 # 11050 # 11445 # 1 # ID=126_11;partial=00;start_type=ATG;rbs_motif=AGGAG;rbs_spacer=5-10bp;genetic_code=11;gc_cont=0.621	GENOMAD.179052.CP	3.279E-53	183	0
JAJIUH010000087.1_43 # 54846 # 55397 # 1 # ID=126_43;partial=00;start_type=ATG;rbs_motif=None;rbs_spacer=None;genetic_code=11;gc_cont=0.656	GENOMAD.106711.CP	3.646E-33	128	0
JAJIUH010000087.1_107 # 127784 # 128380 # -1 # ID=126_107;partial=00;start_type=ATG;rbs_motif=GGA/GAG/AGG;rbs_spacer=5-10bp;genetic_code=11;gc_cont=0.593	GENOMAD.206109.CP	1.182E-96	312	0
JAJIUH010000088.1_27 # 28069 # 28833 # -1 # ID=127_27;partial=00;start_type=ATG;rbs_motif=GGAG/GAGG;rbs_spacer=5-10bp;genetic_code=11;gc_cont=0.680	GENOMAD.038780.CC	6.630E-23	101	0
JAJIUH010000089.1_8 # 8344 # 8928 # -1 # ID=128_8;partial=00;start_type=ATG;rbs_motif=GGA/GAG/AGG;rbs_spacer=5-10bp;genetic_code=11;gc_cont=0.658	GENOMAD.153566.CP	2.020E-09	59	0
JAJIUH010000117.1_23 # 24111 # 24659 # 1 # ID=25_23;partial=00;start_type=ATG;rbs_motif=None;rbs_spacer=None;genetic_code=11;gc_cont=0.670	GENOMAD.151568.CP	5.999E-71	237	0
JAJIUH010000118.1_11 # 14646 # 16523 # -1 # ID=26_11;partial=00;start_type=ATG;rbs_motif=AGGA;rbs_spacer=5-10bp;genetic_code=11;gc_cont=0.634	GENOMAD.121487.CP	7.733E-15	81	0
JAJIUH010000119.1_15 # 17767 # 19329 # 1 # ID=27_15;partial=00;start_type=GTG;rbs_motif=AGGAG;rbs_spacer=5-10bp;genetic_code=11;gc_cont=0.634	GENOMAD.116954.CP	1.050E-06	54	1246
JAJIUH010000120.1_17 # 19090 # 19809 # -1 # ID=28_17;partial=00;start_type=ATG;rbs_motif=None;rbs_spacer=None;genetic_code=11;gc_cont=0.661	GENOMAD.148067.PC	4.562E-22	98	0
JAJIUH010000122.1_3 # 2691 # 5144 # 1 # ID=30_3;partial=00;start_type=ATG;rbs_motif=None;rbs_spacer=None;genetic_code=11;gc_cont=0.678	GENOMAD.003280.CC	0.000E+00	1211	0
JAJIUH010000011.1_46 # 48652 # 49677 # 1 # ID=32_46;partial=00;start_type=ATG;rbs_motif=GGA/GAG/AGG;rbs_spacer=11-12bp;genetic_code=11;gc_cont=0.588	GENOMAD.190703.PC	8.567E-11	66	0
JAJIUH010000125.1_18 # 22491 # 23216 # 1 # ID=34_18;partial=00;start_type=ATG;rbs_motif=None;rbs_spacer=None;genetic_code=11;gc_cont=0.691	GENOMAD.183678.PC	1.090E-35	138	0
JAJIUH010000125.1_50 # 59706 # 61103 # -1 # ID=34_50;partial=00;start_type=ATG;rbs_motif=None;rbs_spacer=None;genetic_code=11;gc_cont=0.644	GENOMAD.168467.CP	8.805E-07	54	0
JAJIUH010000053.1_16 # 13145 # 13654 # 1 # ID=88_16;partial=00;start_type=ATG;rbs_motif=None;rbs_spacer=None;genetic_code=11;gc_cont=0.686	GENOMAD.145294.CP	4.450E-51	179	0
JAJIUH010000054.1_13 # 16568 # 19024 # 1 # ID=89_13;partial=00;start_type=GTG;rbs_motif=None;rbs_spacer=None;genetic_code=11;gc_cont=0.664	GENOMAD.190312.PC	1.985E-20	100	0
JAJIUH010000059.1_14 # 12236 # 13075 # -1 # ID=95_14;partial=00;start_type=ATG;rbs_motif=GGA/GAG/AGG;rbs_spacer=5-10bp;genetic_code=11;gc_cont=0.574	GENOMAD.084578.PP	2.584E-162	506	0
JAJIUH010000063.1_1 # 3 # 6242 # 1 # ID=99_1;partial=11;start_type=Edge;rbs_motif=None;rbs_spacer=None;genetic_code=11;gc_cont=0.687	GENOMAD.170232.VV	9.471E-05	50	1246
JAJIUH010000066.1_18 # 13409 # 14236 # -1 # ID=103_18;partial=00;start_type=ATG;rbs_motif=None;rbs_spacer=None;genetic_code=11;gc_cont=0.659	GENOMAD.049669.CC	6.530E-150	470	0
JAJIUH010000047.1_49 # 59807 # 60478 # -1 # ID=82_49;partial=00;start_type=ATG;rbs_motif=GGA/GAG/AGG;rbs_spacer=5-10bp;genetic_code=11;gc_cont=0.646	GENOMAD.136404.CP	7.397E-18	85	0
JAJIUH010000049.1_4 # 1534 # 2490 # 1 # ID=84_4;partial=00;start_type=ATG;rbs_motif=3Base/5BMM;rbs_spacer=13-15bp;genetic_code=11;gc_cont=0.642	GENOMAD.148267.CP	4.268E-07	54	0
JAJIUH010000051.1_15 # 16615 # 20082 # -1 # ID=86_15;partial=00;start_type=ATG;rbs_motif=GGAG/GAGG;rbs_spacer=5-10bp;genetic_code=11;gc_cont=0.647	GENOMAD.146053.CP	4.971E-57	221	0
JAJIUH010000053.1_24 # 23223 # 23735 # -1 # ID=88_24;partial=00;start_type=ATG;rbs_motif=None;rbs_spacer=None;genetic_code=11;gc_cont=0.622	GENOMAD.120807.VC	5.537E-08	54	1246
JAJIUH010000054.1_21 # 29369 # 30685 # -1 # ID=89_21;partial=00;start_type=ATG;rbs_motif=GGAG/GAGG;rbs_spacer=5-10bp;genetic_code=11;gc_cont=0.712	GENOMAD.167543.PC	1.674E-31	132	0
JAJIUH010000013.1_27 # 36000 # 36335 # -1 # ID=44_27;partial=00;start_type=ATG;rbs_motif=GGAG/GAGG;rbs_spacer=5-10bp;genetic_code=11;gc_cont=0.598	GENOMAD.170384.CP	1.944E-17	79	0
JAJIUH010000017.1_64 # 70738 # 71082 # -1 # ID=48_64;partial=00;start_type=ATG;rbs_motif=GGAGG;rbs_spacer=5-10bp;genetic_code=11;gc_cont=0.620	GENOMAD.178606.CP	3.218E-04	41	0
JAJIUH010000001.1_18 # 19215 # 20591 # 1 # ID=49_18;partial=00;start_type=ATG;rbs_motif=None;rbs_spacer=None;genetic_code=11;gc_cont=0.683	GENOMAD.121831.CP	2.869E-36	147	1246
JAJIUH010000027.1_32 # 41575 # 44376 # -1 # ID=60_32;partial=00;start_type=ATG;rbs_motif=None;rbs_spacer=None;genetic_code=11;gc_cont=0.676	GENOMAD.127376.VC	4.892E-13	76	1246
JAJIUH010000027.1_64 # 97132 # 99042 # -1 # ID=60_64;partial=00;start_type=ATG;rbs_motif=GGxGG;rbs_spacer=3-4bp;genetic_code=11;gc_cont=0.665	GENOMAD.166434.PC	1.780E-61	228	0
JAJIUH010000027.1_128 # 175178 # 176959 # -1 # ID=60_128;partial=00;start_type=ATG;rbs_motif=None;rbs_spacer=None;genetic_code=11;gc_cont=0.648	GENOMAD.115234.CP	1.502E-68	248	0
JAJIUH010000027.1_160 # 222236 # 222655 # -1 # ID=60_160;partial=00;start_type=GTG;rbs_motif=AGGA;rbs_spacer=5-10bp;genetic_code=11;gc_cont=0.583	GENOMAD.213831.PC	7.534E-40	145	0
JAJIUH010000027.1_192 # 265686 # 266819 # 1 # ID=60_192;partial=00;start_type=ATG;rbs_motif=GGAGG;rbs_spacer=5-10bp;genetic_code=11;gc_cont=0.638	GENOMAD.125907.CP	1.475E-19	94	0
JAJIUH010000028.1_17 # 26905 # 27090 # 1 # ID=61_17;partial=00;start_type=ATG;rbs_motif=GGA/GAG/AGG;rbs_spacer=11-12bp;genetic_code=11;gc_cont=0.704	GENOMAD.147683.PC	6.379E-08	49	0
JAJIUH010000028.1_49 # 65800 # 68628 # -1 # ID=61_49;partial=00;start_type=ATG;rbs_motif=None;rbs_spacer=None;genetic_code=11;gc_cont=0.647	GENOMAD.112737.CP	6.219E-28	125	0
JAJIUH010000020.1_105 # 112139 # 112786 # -1 # ID=52_105;partial=00;start_type=ATG;rbs_motif=None;rbs_spacer=None;genetic_code=11;gc_cont=0.660	GENOMAD.166505.CP	4.712E-23	100	0
JAJIUH010000025.1_40 # 46649 # 47920 # -1 # ID=57_40;partial=00;start_type=ATG;rbs_motif=GGA/GAG/AGG;rbs_spacer=5-10bp;genetic_code=11;gc_cont=0.692	GENOMAD.138019.CP	2.758E-124	404	0
JAJIUH010000027.1_9 # 18361 # 19134 # 1 # ID=60_9;partial=00;start_type=ATG;rbs_motif=GGxGG;rbs_spacer=5-10bp;genetic_code=11;gc_cont=0.725	GENOMAD.176986.CP	1.868E-35	138	0
JAJIUH010000027.1_41 # 65030 # 66286 # -1 # ID=60_41;partial=00;start_type=ATG;rbs_motif=GGAG/GAGG;rbs_spacer=5-10bp;genetic_code=11;gc_cont=0.704	GENOMAD.167543.PC	2.708E-34	140	0
JAJIUH010000030.1_18 # 22409 # 23236 # -1 # ID=63_18;partial=00;start_type=ATG;rbs_motif=GGA/GAG/AGG;rbs_spacer=5-10bp;genetic_code=11;gc_cont=0.646	GENOMAD.112993.CP	4.987E-53	190	0
JAJIUH010000033.1_1 # 3 # 653 # 1 # ID=66_1;partial=10;start_type=Edge;rbs_motif=None;rbs_spacer=None;genetic_code=11;gc_cont=0.621	GENOMAD.083643.PP	4.218E-65	222	0
JAJIUH010000097.1_21 # 18703 # 20916 # 1 # ID=4_21;partial=00;start_type=GTG;rbs_motif=None;rbs_spacer=None;genetic_code=11;gc_cont=0.670	GENOMAD.008008.CC	1.966E-80	288	0
JAJIUH010000010.1_77 # 89715 # 90257 # -1 # ID=11_77;partial=00;start_type=ATG;rbs_motif=AGGA;rbs_spacer=5-10bp;genetic_code=11;gc_cont=0.622	GENOMAD.000010.CC	3.001E-43	157	0
JAJIUH010000105.1_6 # 5439 # 5846 # -1 # ID=13_6;partial=00;start_type=ATG;rbs_motif=AGGAG;rbs_spacer=5-10bp;genetic_code=11;gc_cont=0.451	GENOMAD.020425.PP	6.435E-48	168	0
JAJIUH010000078.1_13 # 13956 # 14429 # -1 # ID=116_13;partial=00;start_type=ATG;rbs_motif=GGA/GAG/AGG;rbs_spacer=5-10bp;genetic_code=11;gc_cont=0.679	GENOMAD.159648.PC	3.635E-10	60	0
JAJIUH010000008.1_10 # 12668 # 13036 # -1 # ID=122_10;partial=00;start_type=ATG;rbs_motif=None;rbs_spacer=None;genetic_code=11;gc_cont=0.699	GENOMAD.070647.CV	1.245E-18	83	0
JAJIUH010000084.1_23 # 25305 # 26111 # -1 # ID=123_23;partial=00;start_type=GTG;rbs_motif=AGGAG;rbs_spacer=5-10bp;genetic_code=11;gc_cont=0.670	GENOMAD.153557.VC	1.074E-05	49	1246
JAJIUH010000085.1_3 # 2824 # 3909 # 1 # ID=124_3;partial=00;start_type=ATG;rbs_motif=AGGAG;rbs_spacer=5-10bp;genetic_code=11;gc_cont=0.696	GENOMAD.143120.CP	2.579E-46	174	0
JAJIUH010000057.1_1 # 1 # 498 # 1 # ID=93_1;partial=10;start_type=Edge;rbs_motif=None;rbs_spacer=None;genetic_code=11;gc_cont=0.576	GENOMAD.022765.PP	4.199E-75	248	0
JAJIUH010000066.1_64 # 56170 # 56604 # 1 # ID=103_64;partial=00;start_type=ATG;rbs_motif=AGGAG;rbs_spacer=5-10bp;genetic_code=11;gc_cont=0.634	GENOMAD.145653.CP	4.644E-39	143	0
JAJIUH010000048.1_37 # 38444 # 38953 # 1 # ID=83_37;partial=00;start_type=ATG;rbs_motif=AGGA;rbs_spacer=5-10bp;genetic_code=11;gc_cont=0.655	GENOMAD.006866.CC	4.173E-77	254	0
JAJIUH010000048.1_69 # 76226 # 77098 # -1 # ID=83_69;partial=00;start_type=GTG;rbs_motif=None;rbs_spacer=None;genetic_code=11;gc_cont=0.655	GENOMAD.000396.CC	7.097E-44	164	0
JAJIUH010000049.1_12 # 9572 # 10363 # 1 # ID=84_12;partial=00;start_type=ATG;rbs_motif=GGA/GAG/AGG;rbs_spacer=5-10bp;genetic_code=11;gc_cont=0.614	GENOMAD.221086.VP	3.711E-51	184	1246
JAJIUH010000059.1_62 # 57182 # 59209 # 1 # ID=95_62;partial=00;start_type=ATG;rbs_motif=None;rbs_spacer=None;genetic_code=11;gc_cont=0.628	GENOMAD.020821.VV	5.320E-16	85	1246
JAJIUH010000006.1_16 # 10169 # 10705 # 1 # ID=100_16;partial=00;start_type=ATG;rbs_motif=AGGAG;rbs_spacer=5-10bp;genetic_code=11;gc_cont=0.613	GENOMAD.074042.PP	6.692E-06	48	0
JAJIUH010000125.1_93 # 97883 # 98383 # 1 # ID=34_93;partial=00;start_type=ATG;rbs_motif=None;rbs_spacer=None;genetic_code=11;gc_cont=0.631	GENOMAD.127426.CP	1.324E-54	189	0
JAJIUH010000127.1_71 # 86613 # 87695 # 1 # ID=36_71;partial=00;start_type=ATG;rbs_motif=None;rbs_spacer=None;genetic_code=11;gc_cont=0.670	GENOMAD.099678.CP	4.145E-52	191	0
JAJIUH010000131.1_2 # 815 # 1438 # 1 # ID=40_2;partial=00;start_type=ATG;rbs_motif=GGA/GAG/AGG;rbs_spacer=5-10bp;genetic_code=11;gc_cont=0.643	GENOMAD.167222.CP	5.067E-30	120	0
JAJIUH010000131.1_34 # 39942 # 40592 # 1 # ID=40_34;partial=00;start_type=ATG;rbs_motif=GGAG/GAGG;rbs_spacer=5-10bp;genetic_code=11;gc_cont=0.670	GENOMAD.004530.CC	8.439E-27	111	0
JAJIUH010000088.1_40 # 41515 # 41976 # 1 # ID=127_40;partial=00;start_type=ATG;rbs_motif=None;rbs_spacer=None;genetic_code=11;gc_cont=0.673	GENOMAD.091290.PP	7.334E-80	261	0
JAJIUH010000090.1_11 # 9854 # 10294 # 1 # ID=129_11;partial=00;start_type=ATG;rbs_motif=GGA/GAG/AGG;rbs_spacer=5-10bp;genetic_code=11;gc_cont=0.628	GENOMAD.167948.CP	1.099E-21	93	0
JAJIUH010000009.1_14 # 20712 # 21257 # 1 # ID=133_14;partial=00;start_type=ATG;rbs_motif=GGAG/GAGG;rbs_spacer=5-10bp;genetic_code=11;gc_cont=0.668	GENOMAD.207447.PC	5.959E-26	107	0
JAJIUH010000094.1_21 # 24072 # 25187 # 1 # ID=1_21;partial=00;start_type=ATG;rbs_motif=GGA/GAG/AGG;rbs_spacer=5-10bp;genetic_code=11;gc_cont=0.676	GENOMAD.120637.CP	9.341E-10	63	0
JAJIUH010000094.1_53 # 72297 # 75107 # -1 # ID=1_53;partial=00;start_type=ATG;rbs_motif=None;rbs_spacer=None;genetic_code=11;gc_cont=0.628	GENOMAD.158496.CP	2.243E-54	211	0
JAJIUH010000018.1_15 # 13848 # 15113 # -1 # ID=50_15;partial=00;start_type=ATG;rbs_motif=GGAG/GAGG;rbs_spacer=5-10bp;genetic_code=11;gc_cont=0.650	GENOMAD.196313.CP	5.135E-09	61	0
JAJIUH010000020.1_67 # 73135 # 74787 # 1 # ID=52_67;partial=00;start_type=ATG;rbs_motif=None;rbs_spacer=None;genetic_code=11;gc_cont=0.667	GENOMAD.140543.CP	1.143E-06	54	0
JAJIUH010000131.1_45 # 51769 # 52074 # 1 # ID=40_45;partial=00;start_type=GTG;rbs_motif=None;rbs_spacer=None;genetic_code=11;gc_cont=0.657	GENOMAD.178375.CP	5.833E-10	57	0
JAJIUH010000131.1_77 # 87359 # 88087 # -1 # ID=40_77;partial=00;start_type=ATG;rbs_motif=GGAG/GAGG;rbs_spacer=5-10bp;genetic_code=11;gc_cont=0.686	GENOMAD.142991.CP	9.820E-112	358	0
JAJIUH010000017.1_66 # 71735 # 73054 # -1 # ID=48_66;partial=00;start_type=ATG;rbs_motif=GGAG/GAGG;rbs_spacer=5-10bp;genetic_code=11;gc_cont=0.667	GENOMAD.158964.CP	9.083E-117	383	0
JAJIUH010000047.1_76 # 96267 # 99200 # 1 # ID=82_76;partial=00;start_type=ATG;rbs_motif=GGA/GAG/AGG;rbs_spacer=5-10bp;genetic_code=11;gc_cont=0.679	GENOMAD.177318.PC	1.396E-10	68	0
JAJIUH010000047.1_108 # 138733 # 139065 # -1 # ID=82_108;partial=00;start_type=ATG;rbs_motif=GGAG/GAGG;rbs_spacer=5-10bp;genetic_code=11;gc_cont=0.598	GENOMAD.112646.PP	7.500E-27	106	0
JAJIUH010000105.1_48 # 53857 # 56091 # -1 # ID=13_48;partial=00;start_type=ATG;rbs_motif=GGAG/GAGG;rbs_spacer=5-10bp;genetic_code=11;gc_cont=0.655	GENOMAD.115103.CP	1.037E-25	117	0
JAJIUH010000106.1_18 # 11028 # 11312 # 1 # ID=14_18;partial=00;start_type=ATG;rbs_motif=None;rbs_spacer=None;genetic_code=11;gc_cont=0.635	GENOMAD.227990.VV	1.618E-27	107	0
JAJIUH010000111.1_1 # 37 # 441 # -1 # ID=19_1;partial=00;start_type=ATG;rbs_motif=AGxAGG/AGGxGG;rbs_spacer=5-10bp;genetic_code=11;gc_cont=0.620	GENOMAD.138033.CP	1.749E-28	112	0
JAJIUH010000112.1_49 # 55806 # 56330 # 1 # ID=20_49;partial=00;start_type=TTG;rbs_motif=GGA/GAG/AGG;rbs_spacer=5-10bp;genetic_code=11;gc_cont=0.682	GENOMAD.124316.PC	4.005E-37	139	0
JAJIUH010000112.1_113 # 126256 # 127233 # -1 # ID=20_113;partial=00;start_type=GTG;rbs_motif=GGAG/GAGG;rbs_spacer=5-10bp;genetic_code=11;gc_cont=0.640	GENOMAD.194673.PC	9.003E-46	171	0
JAJIUH010000094.1_38 # 58614 # 59186 # -1 # ID=1_38;partial=00;start_type=ATG;rbs_motif=None;rbs_spacer=None;genetic_code=11;gc_cont=0.651	GENOMAD.145587.CP	6.451E-48	171	0
JAJIUH010000094.1_70 # 96978 # 98906 # -1 # ID=1_70;partial=00;start_type=ATG;rbs_motif=None;rbs_spacer=None;genetic_code=11;gc_cont=0.643	GENOMAD.142957.CP	1.423E-17	90	0
JAJIUH010000094.1_102 # 134038 # 135912 # 1 # ID=1_102;partial=00;start_type=ATG;rbs_motif=GGAG/GAGG;rbs_spacer=5-10bp;genetic_code=11;gc_cont=0.655	GENOMAD.133367.CP	5.798E-81	286	0
JAJIUH010000094.1_134 # 168632 # 169159 # 1 # ID=1_134;partial=00;start_type=GTG;rbs_motif=GGAG/GAGG;rbs_spacer=5-10bp;genetic_code=11;gc_cont=0.642	GENOMAD.142784.CP	1.250E-10	62	0
JAJIUH010000095.1_42 # 43962 # 44627 # 1 # ID=2_42;partial=00;start_type=ATG;rbs_motif=None;rbs_spacer=None;genetic_code=11;gc_cont=0.682	GENOMAD.214524.PC	2.449E-24	104	0
JAJIUH010000096.1_7 # 7490 # 8083 # 1 # ID=3_7;partial=00;start_type=ATG;rbs_motif=None;rbs_spacer=None;genetic_code=11;gc_cont=0.667	GENOMAD.000052.CC	1.716E-39	147	1246
JAJIUH010000097.1_25 # 25692 # 26036 # 1 # ID=4_25;partial=00;start_type=ATG;rbs_motif=AGGAG;rbs_spacer=5-10bp;genetic_code=11;gc_cont=0.641	GENOMAD.170575.CP	3.623E-52	179	0
JAJIUH010000117.1_12 # 12212 # 13045 # 1 # ID=25_12;partial=00;start_type=ATG;rbs_motif=GGAG/GAGG;rbs_spacer=5-10bp;genetic_code=11;gc_cont=0.644	GENOMAD.123216.CP	1.214E-19	92	0
JAJIUH010000011.1_3 # 1520 # 2272 # 1 # ID=32_3;partial=00;start_type=ATG;rbs_motif=None;rbs_spacer=None;genetic_code=11;gc_cont=0.647	GENOMAD.123398.CP	1.207E-24	106	0
JAJIUH010000011.1_35 # 38067 # 39107 # -1 # ID=32_35;partial=00;start_type=GTG;rbs_motif=AGGA;rbs_spacer=5-10bp;genetic_code=11;gc_cont=0.636	GENOMAD.141801.CP	4.262E-19	92	0
JAJIUH010000125.1_7 # 8574 # 10268 # -1 # ID=34_7;partial=00;start_type=ATG;rbs_motif=AGGAG;rbs_spacer=5-10bp;genetic_code=11;gc_cont=0.641	GENOMAD.057851.VV	1.811E-12	73	14384
JAJIUH010000027.1_34 # 45099 # 46142 # -1 # ID=60_34;partial=00;start_type=ATG;rbs_motif=GGAGG;rbs_spacer=5-10bp;genetic_code=11;gc_cont=0.712	GENOMAD.179387.PC	1.933E-43	165	0
JAJIUH010000027.1_98 # 134947 # 136674 # -1 # ID=60_98;partial=00;start_type=ATG;rbs_motif=GGAGG;rbs_spacer=5-10bp;genetic_code=11;gc_cont=0.646	GENOMAD.119360.CP	5.173E-258	799	0
JAJIUH010000027.1_194 # 268827 # 270347 # 1 # ID=60_194;partial=00;start_type=ATG;rbs_motif=AGGA;rbs_spacer=5-10bp;genetic_code=11;gc_cont=0.648	GENOMAD.098617.VV	3.422E-05	49	1246
JAJIUH010000028.1_19 # 29387 # 30019 # 1 # ID=61_19;partial=00;start_type=ATG;rbs_motif=GGAG/GAGG;rbs_spacer=5-10bp;genetic_code=11;gc_cont=0.668	GENOMAD.151025.CP	3.887E-35	135	0
JAJIUH010000028.1_51 # 69723 # 70208 # -1 # ID=61_51;partial=00;start_type=ATG;rbs_motif=GGAGG;rbs_spacer=3-4bp;genetic_code=11;gc_cont=0.626	GENOMAD.017267.CC	4.717E-04	42	0
JAJIUH010000077.1_61 # 64092 # 64919 # 1 # ID=115_61;partial=00;start_type=ATG;rbs_motif=GGAG/GAGG;rbs_spacer=5-10bp;genetic_code=11;gc_cont=0.647	GENOMAD.158493.CP	4.285E-04	44	0
JAJIUH010000080.1_39 # 35257 # 36186 # -1 # ID=118_39;partial=00;start_type=ATG;rbs_motif=AGGAG;rbs_spacer=5-10bp;genetic_code=11;gc_cont=0.638	GENOMAD.116972.PC	1.852E-62	219	0
JAJIUH010000082.1_10 # 6453 # 6845 # 1 # ID=120_10;partial=00;start_type=ATG;rbs_motif=None;rbs_spacer=None;genetic_code=11;gc_cont=0.611	GENOMAD.116980.PP	1.551E-52	181	0
JAJIUH010000083.1_26 # 43274 # 44659 # 1 # ID=121_26;partial=00;start_type=ATG;rbs_motif=GGA/GAG/AGG;rbs_spacer=5-10bp;genetic_code=11;gc_cont=0.633	GENOMAD.120657.CP	6.100E-09	61	0
JAJIUH010000084.1_7 # 7245 # 7538 # -1 # ID=123_7;partial=00;start_type=ATG;rbs_motif=GGA/GAG/AGG;rbs_spacer=5-10bp;genetic_code=11;gc_cont=0.561	GENOMAD.142002.VC	1.840E-04	41	1246
JAJIUH010000084.1_39 # 43183 # 44184 # 1 # ID=123_39;partial=00;start_type=ATG;rbs_motif=GGA/GAG/AGG;rbs_spacer=5-10bp;genetic_code=11;gc_cont=0.645	GENOMAD.158122.CP	2.026E-139	443	0
JAJIUH010000087.1_25 # 25308 # 26516 # 1 # ID=126_25;partial=00;start_type=TTG;rbs_motif=AGGAG;rbs_spacer=5-10bp;genetic_code=11;gc_cont=0.639	GENOMAD.159854.CP	2.681E-179	562	0
JAJIUH010000083.1_1 # 284 # 1561 # -1 # ID=121_1;partial=00;start_type=ATG;rbs_motif=GGAG/GAGG;rbs_spacer=5-10bp;genetic_code=11;gc_cont=0.651	GENOMAD.189627.PC	7.239E-66	234	0
JAJIUH010000087.1_96 # 117274 # 118158 # -1 # ID=126_96;partial=00;start_type=ATG;rbs_motif=None;rbs_spacer=None;genetic_code=11;gc_cont=0.687	GENOMAD.037431.CC	2.704E-143	452	0
JAJIUH010000112.1_67 # 72300 # 73502 # -1 # ID=20_67;partial=00;start_type=ATG;rbs_motif=GGAG/GAGG;rbs_spacer=5-10bp;genetic_code=11;gc_cont=0.633	GENOMAD.047390.PP	1.848E-33	137	0
JAJIUH010000113.1_7 # 5945 # 6520 # -1 # ID=21_7;partial=00;start_type=ATG;rbs_motif=GGAG/GAGG;rbs_spacer=5-10bp;genetic_code=11;gc_cont=0.606	GENOMAD.190173.PC	2.164E-23	100	0
JAJIUH010000113.1_39 # 52564 # 52917 # -1 # ID=21_39;partial=00;start_type=ATG;rbs_motif=GGA/GAG/AGG;rbs_spacer=5-10bp;genetic_code=11;gc_cont=0.644	GENOMAD.108686.CP	1.689E-37	137	0
JAJIUH010000114.1_20 # 35173 # 37854 # -1 # ID=22_20;partial=00;start_type=ATG;rbs_motif=AGGAG;rbs_spacer=5-10bp;genetic_code=11;gc_cont=0.647	GENOMAD.176795.CP	9.254E-13	75	0
JAJIUH010000114.1_84 # 125320 # 126837 # 1 # ID=22_84;partial=00;start_type=GTG;rbs_motif=AGGAG;rbs_spacer=5-10bp;genetic_code=11;gc_cont=0.649	GENOMAD.098617.VV	8.587E-10	64	1246
JAJIUH010000114.1_116 # 158380 # 159654 # 1 # ID=22_116;partial=00;start_type=ATG;rbs_motif=None;rbs_spacer=None;genetic_code=11;gc_cont=0.671	GENOMAD.108595.CP	6.868E-37	148	1246
JAJIUH010000116.1_48 # 51471 # 52376 # -1 # ID=24_48;partial=00;start_type=ATG;rbs_motif=None;rbs_spacer=None;genetic_code=11;gc_cont=0.681	GENOMAD.111079.CP	3.750E-32	130	0
JAJIUH010000061.1_3 # 2631 # 3923 # -1 # ID=97_3;partial=00;start_type=ATG;rbs_motif=GGA/GAG/AGG;rbs_spacer=5-10bp;genetic_code=11;gc_cont=0.532	GENOMAD.190917.PC	2.671E-05	49	0
JAJIUH010000006.1_22 # 16289 # 16675 # -1 # ID=100_22;partial=00;start_type=ATG;rbs_motif=AGxAGG/AGGxGG;rbs_spacer=3-4bp;genetic_code=11;gc_cont=0.610	GENOMAD.113538.PP	2.373E-63	212	0
JAJIUH010000066.1_40 # 35276 # 35605 # -1 # ID=103_40;partial=00;start_type=GTG;rbs_motif=GGxGG;rbs_spacer=5-10bp;genetic_code=11;gc_cont=0.636	GENOMAD.143067.CP	1.607E-10	59	0
JAJIUH010000066.1_72 # 65785 # 66507 # 1 # ID=103_72;partial=00;start_type=ATG;rbs_motif=None;rbs_spacer=None;genetic_code=11;gc_cont=0.674	GENOMAD.137948.CP	6.158E-90	295	0
JAJIUH010000072.1_11 # 13762 # 14229 # 1 # ID=109_11;partial=00;start_type=ATG;rbs_motif=AGGA;rbs_spacer=5-10bp;genetic_code=11;gc_cont=0.583	GENOMAD.031610.CC	1.187E-50	177	0
JAJIUH010000075.1_22 # 27430 # 28380 # -1 # ID=113_22;partial=00;start_type=ATG;rbs_motif=None;rbs_spacer=None;genetic_code=11;gc_cont=0.690	GENOMAD.152486.CP	9.614E-85	284	0
JAJIUH010000020.1_72 # 78838 # 80157 # -1 # ID=52_72;partial=00;start_type=ATG;rbs_motif=AGGAG;rbs_spacer=5-10bp;genetic_code=11;gc_cont=0.668	GENOMAD.125873.CP	9.471E-04	44	0
JAJIUH010000020.1_136 # 149899 # 150207 # -1 # ID=52_136;partial=00;start_type=ATG;rbs_motif=AGGA/GGAG/GAGG;rbs_spacer=11-12bp;genetic_code=11;gc_cont=0.680	GENOMAD.161585.CV	2.957E-17	78	0
JAJIUH010000025.1_39 # 45110 # 46477 # -1 # ID=57_39;partial=00;start_type=TTG;rbs_motif=GGA/GAG/AGG;rbs_spacer=5-10bp;genetic_code=11;gc_cont=0.667	GENOMAD.169108.CP	4.407E-30	128	0
JAJIUH010000025.1_71 # 80731 # 81459 # -1 # ID=57_71;partial=00;start_type=ATG;rbs_motif=GGAG/GAGG;rbs_spacer=5-10bp;genetic_code=11;gc_cont=0.653	GENOMAD.053871.PP	1.158E-135	427	0
JAJIUH010000027.1_40 # 61503 # 65033 # -1 # ID=60_40;partial=00;start_type=ATG;rbs_motif=None;rbs_spacer=None;genetic_code=11;gc_cont=0.701	GENOMAD.161502.PC	1.408E-115	406	0
JAJIUH010000028.1_22 # 32965 # 33396 # 1 # ID=61_22;partial=00;start_type=ATG;rbs_motif=GGAG/GAGG;rbs_spacer=5-10bp;genetic_code=11;gc_cont=0.646	GENOMAD.059044.PP	1.167E-19	87	0
JAJIUH010000003.1_38 # 41413 # 43617 # 1 # ID=69_38;partial=00;start_type=ATG;rbs_motif=GGA/GAG/AGG;rbs_spacer=5-10bp;genetic_code=11;gc_cont=0.642	GENOMAD.146534.CP	2.302E-04	47	0
JAJIUH010000036.1_26 # 31283 # 32164 # 1 # ID=70_26;partial=00;start_type=ATG;rbs_motif=None;rbs_spacer=None;genetic_code=11;gc_cont=0.673	GENOMAD.162404.CP	5.743E-80	269	0
JAJIUH010000083.1_32 # 52503 # 53354 # 1 # ID=121_32;partial=00;start_type=ATG;rbs_motif=GGA/GAG/AGG;rbs_spacer=11-12bp;genetic_code=11;gc_cont=0.646	GENOMAD.126777.CP	3.206E-07	54	0
JAJIUH010000084.1_13 # 18225 # 19592 # -1 # ID=123_13;partial=00;start_type=ATG;rbs_motif=None;rbs_spacer=None;genetic_code=11;gc_cont=0.664	GENOMAD.206240.PC	3.558E-106	353	0
JAJIUH010000084.1_45 # 49630 # 49848 # 1 # ID=123_45;partial=00;start_type=GTG;rbs_motif=None;rbs_spacer=None;genetic_code=11;gc_cont=0.612	GENOMAD.152014.CP	3.874E-24	96	0
JAJIUH010000087.1_31 # 37296 # 39926 # 1 # ID=126_31;partial=00;start_type=ATG;rbs_motif=GGA/GAG/AGG;rbs_spacer=5-10bp;genetic_code=11;gc_cont=0.560	GENOMAD.167640.PC	4.122E-72	266	0
JAJIUH010000087.1_95 # 116840 # 117277 # -1 # ID=126_95;partial=00;start_type=GTG;rbs_motif=GGA/GAG/AGG;rbs_spacer=5-10bp;genetic_code=11;gc_cont=0.667	GENOMAD.146194.CP	6.146E-28	111	0
JAJIUH010000088.1_47 # 48087 # 49154 # -1 # ID=127_47;partial=00;start_type=ATG;rbs_motif=None;rbs_spacer=None;genetic_code=11;gc_cont=0.687	GENOMAD.092187.CP	1.973E-62	221	0
JAJIUH010000113.1_12 # 11342 # 11932 # -1 # ID=21_12;partial=00;start_type=ATG;rbs_motif=GGA/GAG/AGG;rbs_spacer=5-10bp;genetic_code=11;gc_cont=0.716	GENOMAD.141836.CP	3.451E-18	85	0
JAJIUH010000114.1_25 # 46924 # 47940 # 1 # ID=22_25;partial=00;start_type=GTG;rbs_motif=AGGAG;rbs_spacer=5-10bp;genetic_code=11;gc_cont=0.667	GENOMAD.142642.CP	1.634E-98	325	0
JAJIUH010000114.1_57 # 85620 # 85859 # 1 # ID=22_57;partial=00;start_type=ATG;rbs_motif=GGA/GAG/AGG;rbs_spacer=5-10bp;genetic_code=11;gc_cont=0.679	GENOMAD.105945.CV	2.927E-15	71	0
JAJIUH010000115.1_4 # 1886 # 2404 # -1 # ID=23_4;partial=00;start_type=ATG;rbs_motif=GGAG/GAGG;rbs_spacer=5-10bp;genetic_code=11;gc_cont=0.501	GENOMAD.086806.PP	1.270E-31	123	0
JAJIUH010000116.1_21 # 24150 # 25226 # -1 # ID=24_21;partial=00;start_type=ATG;rbs_motif=AGGAG;rbs_spacer=5-10bp;genetic_code=11;gc_cont=0.649	GENOMAD.178979.PC	5.781E-59	211	0
JAJIUH010000020.1_125 # 137997 # 138509 # -1 # ID=52_125;partial=00;start_type=GTG;rbs_motif=None;rbs_spacer=None;genetic_code=11;gc_cont=0.727	GENOMAD.214208.CP	5.686E-06	48	0
JAJIUH010000025.1_60 # 62291 # 62740 # 1 # ID=57_60;partial=00;start_type=ATG;rbs_motif=GGAG/GAGG;rbs_spacer=5-10bp;genetic_code=11;gc_cont=0.631	GENOMAD.080915.CV	6.064E-21	91	0
JAJIUH010000027.1_93 # 132004 # 132633 # -1 # ID=60_93;partial=00;start_type=ATG;rbs_motif=GGA/GAG/AGG;rbs_spacer=11-12bp;genetic_code=11;gc_cont=0.686	GENOMAD.158577.CP	5.958E-12	67	0
JAJIUH010000095.1_66 # 67547 # 67954 # 1 # ID=2_66;partial=00;start_type=ATG;rbs_motif=GGA/GAG/AGG;rbs_spacer=5-10bp;genetic_code=11;gc_cont=0.610	GENOMAD.197764.PC	2.997E-64	215	0
JAJIUH010000097.1_17 # 14022 # 14639 # -1 # ID=4_17;partial=00;start_type=ATG;rbs_motif=None;rbs_spacer=None;genetic_code=11;gc_cont=0.709	GENOMAD.147413.CP	1.133E-13	72	0
JAJIUH010000099.1_1 # 391 # 726 # -1 # ID=6_1;partial=00;start_type=ATG;rbs_motif=GGA/GAG/AGG;rbs_spacer=5-10bp;genetic_code=11;gc_cont=0.670	GENOMAD.145856.CV	7.000E-44	155	0
JAJIUH010000010.1_9 # 9264 # 10262 # -1 # ID=11_9;partial=00;start_type=GTG;rbs_motif=None;rbs_spacer=None;genetic_code=11;gc_cont=0.701	GENOMAD.002432.CC	1.309E-56	203	0
JAJIUH010000119.1_3 # 2909 # 3985 # 1 # ID=27_3;partial=00;start_type=ATG;rbs_motif=None;rbs_spacer=None;genetic_code=11;gc_cont=0.659	GENOMAD.082750.CP	1.663E-04	46	0
JAJIUH010000120.1_5 # 3703 # 4401 # 1 # ID=28_5;partial=00;start_type=ATG;rbs_motif=GGA/GAG/AGG;rbs_spacer=5-10bp;genetic_code=11;gc_cont=0.615	GENOMAD.158969.CP	1.874E-08	57	0
JAJIUH010000011.1_2 # 730 # 1425 # 1 # ID=32_2;partial=00;start_type=ATG;rbs_motif=GGAGG;rbs_spacer=5-10bp;genetic_code=11;gc_cont=0.672	GENOMAD.137442.CP	1.366E-26	111	0
JAJIUH010000011.1_34 # 36602 # 37852 # 1 # ID=32_34;partial=00;start_type=GTG;rbs_motif=None;rbs_spacer=None;genetic_code=11;gc_cont=0.687	GENOMAD.140488.CP	3.583E-07	55	0
JAJIUH010000125.1_6 # 7454 # 8506 # 1 # ID=34_6;partial=00;start_type=ATG;rbs_motif=GGA/GAG/AGG;rbs_spacer=5-10bp;genetic_code=11;gc_cont=0.612	GENOMAD.183623.VC	6.946E-15	79	0
JAJIUH010000125.1_70 # 77501 # 78283 # 1 # ID=34_70;partial=00;start_type=ATG;rbs_motif=GGAG/GAGG;rbs_spacer=5-10bp;genetic_code=11;gc_cont=0.668	GENOMAD.154668.CP	3.879E-18	87	0
JAJIUH010000125.1_102 # 109725 # 110747 # 1 # ID=34_102;partial=00;start_type=ATG;rbs_motif=GGA/GAG/AGG;rbs_spacer=5-10bp;genetic_code=11;gc_cont=0.665	GENOMAD.151488.CP	1.542E-90	302	0
JAJIUH010000095.1_39 # 39892 # 40629 # 1 # ID=2_39;partial=00;start_type=ATG;rbs_motif=None;rbs_spacer=None;genetic_code=11;gc_cont=0.680	GENOMAD.214525.PC	1.597E-53	190	0
JAJIUH010000097.1_54 # 57340 # 58122 # -1 # ID=4_54;partial=00;start_type=ATG;rbs_motif=AGGA;rbs_spacer=5-10bp;genetic_code=11;gc_cont=0.599	GENOMAD.140872.CP	3.473E-70	239	0
JAJIUH010000010.1_14 # 15634 # 18105 # -1 # ID=11_14;partial=00;start_type=ATG;rbs_motif=GGAG/GAGG;rbs_spacer=5-10bp;genetic_code=11;gc_cont=0.635	GENOMAD.030096.VV	1.106E-10	68	3505
JAJIUH010000076.1_29 # 32075 # 33958 # -1 # ID=114_29;partial=00;start_type=GTG;rbs_motif=GGAG/GAGG;rbs_spacer=5-10bp;genetic_code=11;gc_cont=0.679	GENOMAD.190262.VC	2.478E-09	63	1246
JAJIUH010000080.1_41 # 36759 # 37109 # -1 # ID=118_41;partial=00;start_type=ATG;rbs_motif=AGGAG;rbs_spacer=5-10bp;genetic_code=11;gc_cont=0.632	GENOMAD.181497.PC	2.288E-09	56	0
JAJIUH010000083.1_28 # 46461 # 47576 # 1 # ID=121_28;partial=00;start_type=ATG;rbs_motif=GGAG/GAGG;rbs_spacer=5-10bp;genetic_code=11;gc_cont=0.616	GENOMAD.152308.CP	2.088E-05	49	0
JAJIUH010000084.1_41 # 46171 # 47067 # -1 # ID=123_41;partial=00;start_type=ATG;rbs_motif=GGAG/GAGG;rbs_spacer=5-10bp;genetic_code=11;gc_cont=0.637	GENOMAD.105978.CP	4.096E-25	109	0
JAJIUH010000075.1_134 # 159425 # 161566 # -1 # ID=113_134;partial=00;start_type=ATG;rbs_motif=None;rbs_spacer=None;genetic_code=11;gc_cont=0.644	GENOMAD.053052.VV	3.522E-17	89	0
JAJIUH010000077.1_4 # 3422 # 4351 # 1 # ID=115_4;partial=00;start_type=ATG;rbs_motif=GGAG/GAGG;rbs_spacer=5-10bp;genetic_code=11;gc_cont=0.672	GENOMAD.177755.PC	4.668E-32	130	0
JAJIUH010000077.1_36 # 34908 # 35702 # -1 # ID=115_36;partial=00;start_type=GTG;rbs_motif=GGAGG;rbs_spacer=5-10bp;genetic_code=11;gc_cont=0.626	GENOMAD.030736.VV	1.762E-12	70	1246
JAJIUH010000034.1_7 # 7296 # 8417 # -1 # ID=67_7;partial=00;start_type=GTG;rbs_motif=AGxAGG/AGGxGG;rbs_spacer=3-4bp;genetic_code=11;gc_cont=0.656	GENOMAD.181891.CV	7.090E-64	226	0
JAJIUH010000036.1_24 # 29768 # 30439 # 1 # ID=70_24;partial=00;start_type=ATG;rbs_motif=None;rbs_spacer=None;genetic_code=11;gc_cont=0.665	GENOMAD.171470.CP	1.048E-57	201	0
JAJIUH010000010.1_15 # 18250 # 19536 # -1 # ID=11_15;partial=00;start_type=ATG;rbs_motif=None;rbs_spacer=None;genetic_code=11;gc_cont=0.608	GENOMAD.143062.VC	4.498E-04	45	0
JAJIUH010000010.1_47 # 58872 # 59726 # -1 # ID=11_47;partial=00;start_type=ATG;rbs_motif=AGxAGG/AGGxGG;rbs_spacer=5-10bp;genetic_code=11;gc_cont=0.669	GENOMAD.116612.CP	9.891E-11	65	0
JAJIUH010000010.1_79 # 90868 # 91395 # -1 # ID=11_79;partial=00;start_type=ATG;rbs_motif=AGGA;rbs_spacer=5-10bp;genetic_code=11;gc_cont=0.633	GENOMAD.000001.CC	3.628E-56	194	0
JAJIUH010000105.1_40 # 45056 # 45646 # -1 # ID=13_40;partial=00;start_type=GTG;rbs_motif=GGA/GAG/AGG;rbs_spacer=5-10bp;genetic_code=11;gc_cont=0.618	GENOMAD.000102.CC	3.656E-39	146	1246
JAJIUH010000106.1_10 # 6595 # 7656 # 1 # ID=14_10;partial=00;start_type=ATG;rbs_motif=AGxAGG/AGGxGG;rbs_spacer=5-10bp;genetic_code=11;gc_cont=0.605	GENOMAD.080742.VV	2.609E-22	102	18256
JAJIUH010000106.1_42 # 25534 # 25734 # -1 # ID=14_42;partial=00;start_type=ATG;rbs_motif=AGGAG;rbs_spacer=5-10bp;genetic_code=11;gc_cont=0.592	GENOMAD.209539.VP	1.767E-14	68	2773
JAJIUH010000108.1_23 # 29190 # 30791 # 1 # ID=16_23;partial=00;start_type=ATG;rbs_motif=None;rbs_spacer=None;genetic_code=11;gc_cont=0.680	GENOMAD.178594.CP	8.017E-100	338	0
JAJIUH010000110.1_1 # 3 # 1241 # -1 # ID=18_1;partial=10;start_type=GTG;rbs_motif=GGAG/GAGG;rbs_spacer=5-10bp;genetic_code=11;gc_cont=0.706	GENOMAD.148235.CP	3.914E-26	115	0
JAJIUH010000040.1_17 # 33712 # 34911 # -1 # ID=74_17;partial=00;start_type=ATG;rbs_motif=GGAG/GAGG;rbs_spacer=5-10bp;genetic_code=11;gc_cont=0.672	GENOMAD.128896.CP	9.403E-09	60	0
JAJIUH010000041.1_8 # 4739 # 5668 # -1 # ID=75_8;partial=00;start_type=ATG;rbs_motif=GGAG/GAGG;rbs_spacer=5-10bp;genetic_code=11;gc_cont=0.630	GENOMAD.189928.PC	9.877E-49	179	0
JAJIUH010000044.1_8 # 7300 # 7785 # -1 # ID=78_8;partial=00;start_type=ATG;rbs_motif=None;rbs_spacer=None;genetic_code=11;gc_cont=0.650	GENOMAD.106003.CV	4.665E-06	48	1246
JAJIUH010000045.1_8 # 7030 # 8379 # -1 # ID=79_8;partial=00;start_type=ATG;rbs_motif=GGA/GAG/AGG;rbs_spacer=11-12bp;genetic_code=11;gc_cont=0.640	GENOMAD.094142.VV	2.859E-05	49	0
JAJIUH010000046.1_8 # 6537 # 7412 # 1 # ID=81_8;partial=00;start_type=ATG;rbs_motif=None;rbs_spacer=None;genetic_code=11;gc_cont=0.616	GENOMAD.077378.PP	1.565E-26	113	0
JAJIUH010000047.1_57 # 71655 # 71795 # 1 # ID=82_57;partial=00;start_type=ATG;rbs_motif=GGAG/GAGG;rbs_spacer=5-10bp;genetic_code=11;gc_cont=0.652	GENOMAD.096109.CV	6.396E-15	68	0
JAJIUH010000047.1_89 # 112274 # 112564 # -1 # ID=82_89;partial=00;start_type=ATG;rbs_motif=None;rbs_spacer=None;genetic_code=11;gc_cont=0.691	GENOMAD.016077.CC	4.399E-26	103	0
JAJIUH010000133.1_34 # 30478 # 31521 # 1 # ID=43_34;partial=00;start_type=ATG;rbs_motif=GGA/GAG/AGG;rbs_spacer=11-12bp;genetic_code=11;gc_cont=0.589	GENOMAD.081128.PP	1.018E-11	69	0
JAJIUH010000013.1_17 # 21250 # 21645 # -1 # ID=44_17;partial=00;start_type=ATG;rbs_motif=None;rbs_spacer=None;genetic_code=11;gc_cont=0.664	GENOMAD.137439.CP	1.151E-31	121	0
JAJIUH010000017.1_22 # 17274 # 18470 # -1 # ID=48_22;partial=00;start_type=ATG;rbs_motif=None;rbs_spacer=None;genetic_code=11;gc_cont=0.676	GENOMAD.151958.CP	2.355E-05	49	0
JAJIUH010000017.1_54 # 57594 # 59564 # -1 # ID=48_54;partial=00;start_type=ATG;rbs_motif=GGA/GAG/AGG;rbs_spacer=5-10bp;genetic_code=11;gc_cont=0.666	GENOMAD.091902.CP	7.565E-118	396	1246
JAJIUH010000001.1_8 # 7873 # 8757 # 1 # ID=49_8;partial=00;start_type=ATG;rbs_motif=None;rbs_spacer=None;genetic_code=11;gc_cont=0.629	GENOMAD.182050.VC	7.264E-16	81	1246
JAJIUH010000020.1_71 # 77555 # 78670 # -1 # ID=52_71;partial=00;start_type=ATG;rbs_motif=None;rbs_spacer=None;genetic_code=11;gc_cont=0.688	GENOMAD.178547.CP	2.088E-05	49	0
JAJIUH010000025.1_6 # 8799 # 11225 # 1 # ID=57_6;partial=00;start_type=ATG;rbs_motif=AGxAG;rbs_spacer=11-12bp;genetic_code=11;gc_cont=0.646	GENOMAD.154275.VC	4.466E-28	125	1246
JAJIUH010000025.1_38 # 43406 # 44851 # -1 # ID=57_38;partial=00;start_type=ATG;rbs_motif=GGA/GAG/AGG;rbs_spacer=11-12bp;genetic_code=11;gc_cont=0.651	GENOMAD.167110.CP	1.272E-88	303	1246
JAJIUH010000025.1_70 # 77930 # 80398 # 1 # ID=57_70;partial=00;start_type=ATG;rbs_motif=GGAG/GAGG;rbs_spacer=5-10bp;genetic_code=11;gc_cont=0.655	GENOMAD.179037.PC	1.350E-18	94	0
JAJIUH010000027.1_7 # 16682 # 16942 # -1 # ID=60_7;partial=00;start_type=ATG;rbs_motif=None;rbs_spacer=None;genetic_code=11;gc_cont=0.644	GENOMAD.134274.CV	8.078E-16	73	0
JAJIUH010000027.1_39 # 60931 # 61506 # -1 # ID=60_39;partial=00;start_type=ATG;rbs_motif=None;rbs_spacer=None;genetic_code=11;gc_cont=0.722	GENOMAD.192401.PC	4.203E-35	134	0
JAJIUH010000091.1_1 # 1 # 231 # -1 # ID=130_1;partial=10;start_type=ATG;rbs_motif=GGA/GAG/AGG;rbs_spacer=5-10bp;genetic_code=11;gc_cont=0.610	GENOMAD.031536.PP	6.194E-37	133	0
JAJIUH010000091.1_33 # 32329 # 33948 # -1 # ID=130_33;partial=00;start_type=ATG;rbs_motif=GGxGG;rbs_spacer=3-4bp;genetic_code=11;gc_cont=0.631	GENOMAD.162180.CP	1.872E-114	381	0
JAJIUH010000009.1_6 # 7703 # 10012 # -1 # ID=133_6;partial=00;start_type=ATG;rbs_motif=None;rbs_spacer=None;genetic_code=11;gc_cont=0.656	GENOMAD.127123.CP	4.914E-04	46	1246
JAJIUH010000009.1_38 # 49126 # 50406 # 1 # ID=133_38;partial=00;start_type=ATG;rbs_motif=AGGAG;rbs_spacer=5-10bp;genetic_code=11;gc_cont=0.678	GENOMAD.124521.CP	1.477E-67	239	0
JAJIUH010000094.1_45 # 65316 # 66569 # -1 # ID=1_45;partial=00;start_type=ATG;rbs_motif=None;rbs_spacer=None;genetic_code=11;gc_cont=0.683	GENOMAD.119129.CP	2.245E-51	191	0
JAJIUH010000094.1_77 # 106614 # 108896 # -1 # ID=1_77;partial=00;start_type=ATG;rbs_motif=GGAG/GAGG;rbs_spacer=5-10bp;genetic_code=11;gc_cont=0.634	GENOMAD.046845.VV	1.306E-34	146	1246
JAJIUH010000095.1_17 # 16999 # 20538 # -1 # ID=2_17;partial=00;start_type=ATG;rbs_motif=None;rbs_spacer=None;genetic_code=11;gc_cont=0.644	GENOMAD.111713.CP	5.692E-29	129	0
JAJIUH010000045.1_26 # 26923 # 28137 # 1 # ID=79_26;partial=00;start_type=ATG;rbs_motif=AGGA;rbs_spacer=5-10bp;genetic_code=11;gc_cont=0.648	GENOMAD.116686.CP	7.897E-49	183	0
JAJIUH010000047.1_11 # 14134 # 15264 # -1 # ID=82_11;partial=00;start_type=ATG;rbs_motif=GGA/GAG/AGG;rbs_spacer=5-10bp;genetic_code=11;gc_cont=0.698	GENOMAD.178415.CP	1.488E-51	190	0
JAJIUH010000047.1_75 # 95211 # 95600 # 1 # ID=82_75;partial=00;start_type=ATG;rbs_motif=GGA/GAG/AGG;rbs_spacer=5-10bp;genetic_code=11;gc_cont=0.610	GENOMAD.205179.PC	2.672E-46	163	0
JAJIUH010000047.1_107 # 136472 # 138397 # -1 # ID=82_107;partial=00;start_type=ATG;rbs_motif=GGAG/GAGG;rbs_spacer=5-10bp;genetic_code=11;gc_cont=0.680	GENOMAD.124001.CP	1.161E-253	790	0
JAJIUH010000048.1_23 # 24242 # 24625 # 1 # ID=83_23;partial=00;start_type=ATG;rbs_motif=None;rbs_spacer=None;genetic_code=11;gc_cont=0.659	GENOMAD.159609.CP	3.097E-10	59	0
JAJIUH010000115.1_11 # 7751 # 8524 # -1 # ID=23_11;partial=00;start_type=ATG;rbs_motif=GGA/GAG/AGG;rbs_spacer=5-10bp;genetic_code=11;gc_cont=0.553	GENOMAD.043515.PP	1.754E-138	436	0
JAJIUH010000117.1_14 # 14268 # 14708 # 1 # ID=25_14;partial=00;start_type=ATG;rbs_motif=GGA/GAG/AGG;rbs_spacer=5-10bp;genetic_code=11;gc_cont=0.692	GENOMAD.192274.CP	1.422E-27	110	0
JAJIUH010000119.1_6 # 6922 # 7407 # 1 # ID=27_6;partial=00;start_type=ATG;rbs_motif=GGA/GAG/AGG;rbs_spacer=5-10bp;genetic_code=11;gc_cont=0.714	GENOMAD.094485.CP	1.570E-13	70	0
JAJIUH010000120.1_40 # 41780 # 42157 # 1 # ID=28_40;partial=00;start_type=TTG;rbs_motif=GGA/GAG/AGG;rbs_spacer=5-10bp;genetic_code=11;gc_cont=0.688	GENOMAD.161288.VC	9.183E-05	43	1246
JAJIUH010000011.1_5 # 2436 # 2906 # 1 # ID=32_5;partial=00;start_type=GTG;rbs_motif=GGAG/GAGG;rbs_spacer=5-10bp;genetic_code=11;gc_cont=0.648	GENOMAD.134025.CP	2.646E-42	153	0
JAJIUH010000028.1_39 # 57023 # 57511 # -1 # ID=61_39;partial=00;start_type=ATG;rbs_motif=None;rbs_spacer=None;genetic_code=11;gc_cont=0.654	GENOMAD.130467.CP	1.060E-46	166	0
JAJIUH010000030.1_14 # 16606 # 17457 # 1 # ID=63_14;partial=00;start_type=ATG;rbs_motif=GGA/GAG/AGG;rbs_spacer=5-10bp;genetic_code=11;gc_cont=0.671	GENOMAD.205988.VC	4.537E-04	44	0
JAJIUH010000032.1_5 # 3126 # 4289 # -1 # ID=65_5;partial=00;start_type=ATG;rbs_motif=GGA/GAG/AGG;rbs_spacer=5-10bp;genetic_code=11;gc_cont=0.583	GENOMAD.022765.PP	4.615E-201	624	0
JAJIUH010000036.1_43 # 53710 # 54342 # -1 # ID=70_43;partial=00;start_type=ATG;rbs_motif=GGA/GAG/AGG;rbs_spacer=11-12bp;genetic_code=11;gc_cont=0.638	GENOMAD.129277.CV	1.899E-34	133	16546
JAJIUH010000036.1_107 # 118606 # 120717 # 1 # ID=70_107;partial=00;start_type=ATG;rbs_motif=None;rbs_spacer=None;genetic_code=11;gc_cont=0.634	GENOMAD.151917.PC	1.616E-06	54	0
JAJIUH010000113.1_41 # 53870 # 54937 # -1 # ID=21_41;partial=00;start_type=GTG;rbs_motif=GGAG/GAGG;rbs_spacer=5-10bp;genetic_code=11;gc_cont=0.682	GENOMAD.105361.CP	1.229E-12	72	0
JAJIUH010000115.1_1 # 2 # 733 # 1 # ID=23_1;partial=10;start_type=Edge;rbs_motif=None;rbs_spacer=None;genetic_code=11;gc_cont=0.552	GENOMAD.123137.PC	1.145E-20	94	0
JAJIUH010000114.1_109 # 152951 # 154348 # -1 # ID=22_109;partial=00;start_type=ATG;rbs_motif=AGGA/GGAG/GAGG;rbs_spacer=11-12bp;genetic_code=11;gc_cont=0.689	GENOMAD.142809.CP	7.380E-10	64	0
JAJIUH010000030.1_13 # 16069 # 16515 # -1 # ID=63_13;partial=00;start_type=ATG;rbs_motif=None;rbs_spacer=None;genetic_code=11;gc_cont=0.631	GENOMAD.013259.CC	3.392E-69	230	0
JAJIUH010000032.1_4 # 2575 # 3105 # -1 # ID=65_4;partial=00;start_type=ATG;rbs_motif=GGA/GAG/AGG;rbs_spacer=5-10bp;genetic_code=11;gc_cont=0.484	GENOMAD.086806.PP	1.014E-26	109	0
JAJIUH010000035.1_7 # 13079 # 13486 # -1 # ID=68_7;partial=00;start_type=ATG;rbs_motif=GGA/GAG/AGG;rbs_spacer=11-12bp;genetic_code=11;gc_cont=0.667	GENOMAD.080041.CP	8.571E-20	87	0
JAJIUH010000040.1_21 # 38946 # 39191 # -1 # ID=74_21;partial=00;start_type=ATG;rbs_motif=AGGAG;rbs_spacer=5-10bp;genetic_code=11;gc_cont=0.699	GENOMAD.160289.CP	3.711E-21	88	0
JAJIUH010000040.1_53 # 71668 # 72756 # -1 # ID=74_53;partial=00;start_type=ATG;rbs_motif=GGA/GAG/AGG;rbs_spacer=11-12bp;genetic_code=11;gc_cont=0.635	GENOMAD.215903.VC	3.454E-04	45	0
JAJIUH010000066.1_34 # 28960 # 29763 # -1 # ID=103_34;partial=00;start_type=ATG;rbs_motif=AGGAG;rbs_spacer=5-10bp;genetic_code=11;gc_cont=0.632	GENOMAD.210458.CP	2.366E-96	315	0
JAJIUH010000075.1_16 # 17066 # 17581 # -1 # ID=113_16;partial=00;start_type=ATG;rbs_motif=AGGAG;rbs_spacer=5-10bp;genetic_code=11;gc_cont=0.645	GENOMAD.119444.CP	1.668E-17	82	0
JAJIUH010000075.1_48 # 61481 # 61897 # 1 # ID=113_48;partial=00;start_type=ATG;rbs_motif=None;rbs_spacer=None;genetic_code=11;gc_cont=0.652	GENOMAD.146365.CV	1.946E-37	138	0
JAJIUH010000087.1_77 # 96647 # 97219 # 1 # ID=126_77;partial=00;start_type=GTG;rbs_motif=GGxGG;rbs_spacer=5-10bp;genetic_code=11;gc_cont=0.634	GENOMAD.138165.CP	8.624E-09	57	0
JAJIUH010000088.1_29 # 29758 # 30444 # 1 # ID=127_29;partial=00;start_type=ATG;rbs_motif=AGGAG;rbs_spacer=5-10bp;genetic_code=11;gc_cont=0.638	GENOMAD.167222.CP	8.183E-19	88	0
JAJIUH010000009.1_3 # 2346 # 3458 # -1 # ID=133_3;partial=00;start_type=ATG;rbs_motif=None;rbs_spacer=None;genetic_code=11;gc_cont=0.697	GENOMAD.129448.CP	1.994E-28	121	0
JAJIUH010000094.1_10 # 10717 # 11679 # 1 # ID=1_10;partial=00;start_type=ATG;rbs_motif=None;rbs_spacer=None;genetic_code=11;gc_cont=0.614	GENOMAD.218967.CP	1.726E-98	324	0
JAJIUH010000094.1_42 # 63054 # 64136 # -1 # ID=1_42;partial=00;start_type=ATG;rbs_motif=AGGA/GGAG/GAGG;rbs_spacer=11-12bp;genetic_code=11;gc_cont=0.690	GENOMAD.141029.CP	1.604E-27	118	0
JAJIUH010000047.1_100 # 123729 # 127142 # 1 # ID=82_100;partial=00;start_type=ATG;rbs_motif=None;rbs_spacer=None;genetic_code=11;gc_cont=0.696	GENOMAD.147962.CP	0.000E+00	1725	0
JAJIUH010000048.1_80 # 87801 # 88406 # 1 # ID=83_80;partial=00;start_type=GTG;rbs_motif=None;rbs_spacer=None;genetic_code=11;gc_cont=0.655	GENOMAD.114974.CP	2.287E-07	53	0
JAJIUH010000053.1_11 # 7688 # 9565 # -1 # ID=88_11;partial=00;start_type=ATG;rbs_motif=GGA/GAG/AGG;rbs_spacer=5-10bp;genetic_code=11;gc_cont=0.612	GENOMAD.182050.VC	1.073E-12	74	1246
JAJIUH010000059.1_9 # 5928 # 7025 # -1 # ID=95_9;partial=00;start_type=ATG;rbs_motif=GGAG/GAGG;rbs_spacer=5-10bp;genetic_code=11;gc_cont=0.523	GENOMAD.137476.CP	3.238E-43	165	0
JAJIUH010000059.1_41 # 34281 # 37328 # 1 # ID=95_41;partial=00;start_type=ATG;rbs_motif=AGGAG;rbs_spacer=3-4bp;genetic_code=11;gc_cont=0.595	GENOMAD.118537.PC	1.192E-112	393	0
JAJIUH010000127.1_33 # 37972 # 40488 # 1 # ID=36_33;partial=00;start_type=ATG;rbs_motif=GGAG/GAGG;rbs_spacer=5-10bp;genetic_code=11;gc_cont=0.579	GENOMAD.130456.CP	1.349E-04	48	0
JAJIUH010000127.1_65 # 75684 # 77678 # -1 # ID=36_65;partial=00;start_type=GTG;rbs_motif=GGA/GAG/AGG;rbs_spacer=5-10bp;genetic_code=11;gc_cont=0.663	GENOMAD.145352.CP	6.149E-91	317	0
JAJIUH010000130.1_8 # 8751 # 9347 # 1 # ID=39_8;partial=00;start_type=ATG;rbs_motif=AGGAG;rbs_spacer=5-10bp;genetic_code=11;gc_cont=0.630	GENOMAD.140319.CP	2.560E-24	103	0
JAJIUH010000112.1_9 # 9346 # 9963 # 1 # ID=20_9;partial=00;start_type=ATG;rbs_motif=GGAG/GAGG;rbs_spacer=5-10bp;genetic_code=11;gc_cont=0.663	GENOMAD.193021.PC	4.290E-19	88	0
JAJIUH010000112.1_73 # 78797 # 81298 # -1 # ID=20_73;partial=00;start_type=ATG;rbs_motif=None;rbs_spacer=None;genetic_code=11;gc_cont=0.709	GENOMAD.094115.CP	3.961E-95	335	0
JAJIUH010000114.1_26 # 48242 # 48976 # -1 # ID=22_26;partial=00;start_type=ATG;rbs_motif=GGAG/GAGG;rbs_spacer=5-10bp;genetic_code=11;gc_cont=0.693	GENOMAD.081069.CP	1.462E-32	129	0
JAJIUH010000114.1_58 # 86006 # 86575 # -1 # ID=22_58;partial=00;start_type=ATG;rbs_motif=AGGA;rbs_spacer=5-10bp;genetic_code=11;gc_cont=0.653	GENOMAD.137814.CP	2.439E-31	123	0
JAJIUH010000080.1_37 # 32570 # 32845 # -1 # ID=118_37;partial=00;start_type=ATG;rbs_motif=AGGAG;rbs_spacer=5-10bp;genetic_code=11;gc_cont=0.620	GENOMAD.177995.CP	3.300E-04	40	0
JAJIUH010000083.1_24 # 40989 # 42368 # -1 # ID=121_24;partial=00;start_type=ATG;rbs_motif=GGA/GAG/AGG;rbs_spacer=5-10bp;genetic_code=11;gc_cont=0.671	GENOMAD.120657.CP	1.749E-06	53	0
JAJIUH010000084.1_37 # 40236 # 41198 # 1 # ID=123_37;partial=00;start_type=GTG;rbs_motif=AGGA/GGAG/GAGG;rbs_spacer=11-12bp;genetic_code=11;gc_cont=0.650	GENOMAD.132982.CP	2.127E-14	77	0
JAJIUH010000087.1_87 # 107395 # 108192 # -1 # ID=126_87;partial=00;start_type=ATG;rbs_motif=None;rbs_spacer=None;genetic_code=11;gc_cont=0.649	GENOMAD.123894.CP	9.800E-38	145	0
JAJIUH010000106.1_44 # 26125 # 27195 # -1 # ID=14_44;partial=00;start_type=GTG;rbs_motif=GGxGG;rbs_spacer=5-10bp;genetic_code=11;gc_cont=0.596	GENOMAD.223689.VP	2.462E-166	522	2773
JAJIUH010000106.1_76 # 65510 # 65875 # -1 # ID=14_76;partial=00;start_type=ATG;rbs_motif=None;rbs_spacer=None;genetic_code=11;gc_cont=0.653	GENOMAD.018062.CC	1.591E-15	74	0
JAJIUH010000108.1_25 # 32249 # 33067 # 1 # ID=16_25;partial=00;start_type=ATG;rbs_motif=AGGAG;rbs_spacer=5-10bp;genetic_code=11;gc_cont=0.665	GENOMAD.011935.CC	5.314E-61	213	0
JAJIUH010000110.1_3 # 2705 # 3751 # 1 # ID=18_3;partial=00;start_type=ATG;rbs_motif=AGGA/GGAG/GAGG;rbs_spacer=11-12bp;genetic_code=11;gc_cont=0.661	GENOMAD.101053.CP	3.546E-16	83	1246
JAJIUH010000113.1_47 # 60407 # 60847 # -1 # ID=21_47;partial=00;start_type=ATG;rbs_motif=None;rbs_spacer=None;genetic_code=11;gc_cont=0.639	GENOMAD.181229.CP	6.535E-53	183	0
JAJIUH010000059.1_21 # 17289 # 17783 # -1 # ID=95_21;partial=00;start_type=ATG;rbs_motif=GGA/GAG/AGG;rbs_spacer=11-12bp;genetic_code=11;gc_cont=0.657	GENOMAD.189321.PC	8.795E-12	65	0
JAJIUH010000066.1_57 # 49604 # 50734 # 1 # ID=103_57;partial=00;start_type=ATG;rbs_motif=AGGAG;rbs_spacer=5-10bp;genetic_code=11;gc_cont=0.616	GENOMAD.005978.CC	1.698E-08	59	1246
JAJIUH010000067.1_2 # 1205 # 3562 # -1 # ID=104_2;partial=00;start_type=ATG;rbs_motif=GGAG/GAGG;rbs_spacer=5-10bp;genetic_code=11;gc_cont=0.669	GENOMAD.112718.CP	7.009E-192	618	0
JAJIUH010000113.1_26 # 28776 # 29723 # -1 # ID=21_26;partial=00;start_type=ATG;rbs_motif=GGAG/GAGG;rbs_spacer=5-10bp;genetic_code=11;gc_cont=0.648	GENOMAD.216117.PC	1.400E-10	65	0
JAJIUH010000114.1_103 # 149072 # 149341 # -1 # ID=22_103;partial=00;start_type=ATG;rbs_motif=AGGA/GGAG/GAGG;rbs_spacer=11-12bp;genetic_code=11;gc_cont=0.641	GENOMAD.128943.CP	1.233E-05	44	0
JAJIUH010000116.1_35 # 38433 # 40337 # -1 # ID=24_35;partial=00;start_type=ATG;rbs_motif=None;rbs_spacer=None;genetic_code=11;gc_cont=0.677	GENOMAD.074473.CV	8.319E-226	709	1246
JAJIUH010000116.1_67 # 70908 # 71363 # 1 # ID=24_67;partial=00;start_type=GTG;rbs_motif=GGAG/GAGG;rbs_spacer=5-10bp;genetic_code=11;gc_cont=0.634	GENOMAD.216464.PC	4.912E-50	175	0
JAJIUH010000113.1_5 # 5177 # 5485 # -1 # ID=21_5;partial=00;start_type=GTG;rbs_motif=GGA/GAG/AGG;rbs_spacer=11-12bp;genetic_code=11;gc_cont=0.618	GENOMAD.151194.PC	5.121E-35	129	0
JAJIUH010000113.1_37 # 51156 # 51482 # -1 # ID=21_37;partial=00;start_type=ATG;rbs_motif=GGAG/GAGG;rbs_spacer=5-10bp;genetic_code=11;gc_cont=0.606	GENOMAD.112646.PP	4.485E-55	187	0
JAJIUH010000114.1_50 # 76357 # 77961 # -1 # ID=22_50;partial=00;start_type=ATG;rbs_motif=None;rbs_spacer=None;genetic_code=11;gc_cont=0.626	GENOMAD.123902.CP	1.369E-116	387	1246
JAJIUH010000114.1_82 # 123464 # 124222 # 1 # ID=22_82;partial=00;start_type=ATG;rbs_motif=GGAG/GAGG;rbs_spacer=5-10bp;genetic_code=11;gc_cont=0.664	GENOMAD.183080.CP	1.186E-60	211	0
JAJIUH010000116.1_14 # 15270 # 16454 # 1 # ID=24_14;partial=00;start_type=ATG;rbs_motif=AGGAG;rbs_spacer=5-10bp;genetic_code=11;gc_cont=0.659	GENOMAD.178036.PC	7.647E-36	144	0
JAJIUH010000046.1_2 # 501 # 1022 # -1 # ID=81_2;partial=00;start_type=ATG;rbs_motif=GGA/GAG/AGG;rbs_spacer=5-10bp;genetic_code=11;gc_cont=0.626	GENOMAD.189956.PV	2.741E-08	55	0
JAJIUH010000047.1_51 # 62142 # 62909 # -1 # ID=82_51;partial=00;start_type=ATG;rbs_motif=GGA/GAG/AGG;rbs_spacer=5-10bp;genetic_code=11;gc_cont=0.639	GENOMAD.125981.CP	2.185E-06	51	1246
JAJIUH010000048.1_31 # 32049 # 32531 # 1 # ID=83_31;partial=00;start_type=ATG;rbs_motif=None;rbs_spacer=None;genetic_code=11;gc_cont=0.692	GENOMAD.130078.CP	4.559E-06	48	0
JAJIUH010000036.1_9 # 17863 # 19029 # -1 # ID=70_9;partial=00;start_type=ATG;rbs_motif=GGAGG;rbs_spacer=5-10bp;genetic_code=11;gc_cont=0.644	GENOMAD.158496.CP	9.481E-101	334	0
JAJIUH010000040.1_20 # 37640 # 38953 # -1 # ID=74_20;partial=00;start_type=ATG;rbs_motif=GGA/GAG/AGG;rbs_spacer=5-10bp;genetic_code=11;gc_cont=0.706	GENOMAD.133542.CP	4.357E-42	164	0
JAJIUH010000126.1_12 # 19124 # 21151 # -1 # ID=35_12;partial=00;start_type=ATG;rbs_motif=GGA/GAG/AGG;rbs_spacer=5-10bp;genetic_code=11;gc_cont=0.663	GENOMAD.127342.CP	2.340E-23	109	0
JAJIUH010000130.1_5 # 4797 # 5180 # 1 # ID=39_5;partial=00;start_type=ATG;rbs_motif=GGAG/GAGG;rbs_spacer=5-10bp;genetic_code=11;gc_cont=0.633	GENOMAD.214702.CP	1.527E-67	224	0
JAJIUH010000130.1_37 # 46215 # 48074 # -1 # ID=39_37;partial=00;start_type=ATG;rbs_motif=GGAGG;rbs_spacer=5-10bp;genetic_code=11;gc_cont=0.661	GENOMAD.123924.CP	5.760E-61	226	1246
JAJIUH010000131.1_25 # 29089 # 29550 # -1 # ID=40_25;partial=00;start_type=ATG;rbs_motif=GGAG/GAGG;rbs_spacer=5-10bp;genetic_code=11;gc_cont=0.706	GENOMAD.128916.CP	7.863E-46	163	0
JAJIUH010000105.1_43 # 49141 # 51300 # -1 # ID=13_43;partial=00;start_type=ATG;rbs_motif=GGA/GAG/AGG;rbs_spacer=11-12bp;genetic_code=11;gc_cont=0.596	GENOMAD.120746.CP	1.950E-51	199	0
JAJIUH010000106.1_13 # 8516 # 8692 # 1 # ID=14_13;partial=00;start_type=ATG;rbs_motif=AGxAGG/AGGxGG;rbs_spacer=5-10bp;genetic_code=11;gc_cont=0.565	GENOMAD.185254.VV	3.756E-18	78	0
JAJIUH010000106.1_77 # 65935 # 66366 # 1 # ID=14_77;partial=00;start_type=ATG;rbs_motif=GGA/GAG/AGG;rbs_spacer=5-10bp;genetic_code=11;gc_cont=0.657	GENOMAD.101229.CV	2.380E-10	60	0
JAJIUH010000110.1_4 # 3917 # 5119 # 1 # ID=18_4;partial=00;start_type=GTG;rbs_motif=None;rbs_spacer=None;genetic_code=11;gc_cont=0.686	GENOMAD.094189.CV	2.002E-13	75	0
JAJIUH010000025.1_3 # 4069 # 5064 # -1 # ID=57_3;partial=00;start_type=ATG;rbs_motif=GGA/GAG/AGG;rbs_spacer=5-10bp;genetic_code=11;gc_cont=0.674	GENOMAD.109687.CP	7.089E-05	47	0
JAJIUH010000025.1_67 # 72844 # 73530 # 1 # ID=57_67;partial=00;start_type=ATG;rbs_motif=GGAG/GAGG;rbs_spacer=5-10bp;genetic_code=11;gc_cont=0.684	GENOMAD.207981.CP	8.348E-124	392	0
JAJIUH010000027.1_68 # 101113 # 102606 # -1 # ID=60_68;partial=00;start_type=ATG;rbs_motif=AGGAG;rbs_spacer=5-10bp;genetic_code=11;gc_cont=0.624	GENOMAD.160889.PC	6.418E-39	156	0
JAJIUH010000027.1_100 # 137075 # 138457 # -1 # ID=60_100;partial=00;start_type=ATG;rbs_motif=GGAG/GAGG;rbs_spacer=5-10bp;genetic_code=11;gc_cont=0.639	GENOMAD.178249.CP	2.806E-89	304	0
JAJIUH010000027.1_132 # 181745 # 183985 # -1 # ID=60_132;partial=00;start_type=ATG;rbs_motif=GGA/GAG/AGG;rbs_spacer=5-10bp;genetic_code=11;gc_cont=0.654	GENOMAD.092979.CV	2.231E-75	273	1246
JAJIUH010000090.1_9 # 7956 # 8144 # -1 # ID=129_9;partial=00;start_type=ATG;rbs_motif=GGA/GAG/AGG;rbs_spacer=5-10bp;genetic_code=11;gc_cont=0.587	GENOMAD.180845.CP	2.981E-08	50	0
JAJIUH010000094.1_51 # 70910 # 71488 # -1 # ID=1_51;partial=00;start_type=ATG;rbs_motif=GGAG/GAGG;rbs_spacer=5-10bp;genetic_code=11;gc_cont=0.610	GENOMAD.212919.PC	1.696E-14	74	0
JAJIUH010000040.1_54 # 72753 # 73871 # -1 # ID=74_54;partial=00;start_type=ATG;rbs_motif=GGAG/GAGG;rbs_spacer=5-10bp;genetic_code=11;gc_cont=0.624	GENOMAD.215903.VC	2.473E-06	52	0
JAJIUH010000047.1_94 # 115696 # 115983 # 1 # ID=82_94;partial=00;start_type=ATG;rbs_motif=AGGA;rbs_spacer=5-10bp;genetic_code=11;gc_cont=0.608	GENOMAD.214699.PC	2.914E-53	181	0
JAJIUH010000114.1_2 # 1976 # 9193 # 1 # ID=22_2;partial=00;start_type=ATG;rbs_motif=GGA/GAG/AGG;rbs_spacer=5-10bp;genetic_code=11;gc_cont=0.674	GENOMAD.116397.CP	9.794E-59	229	0
JAJIUH010000114.1_66 # 104838 # 105902 # -1 # ID=22_66;partial=00;start_type=ATG;rbs_motif=AGGA/GGAG/GAGG;rbs_spacer=11-12bp;genetic_code=11;gc_cont=0.676	GENOMAD.115195.CP	1.100E-06	53	0
JAJIUH010000116.1_30 # 32836 # 33762 # 1 # ID=24_30;partial=00;start_type=ATG;rbs_motif=GGAG/GAGG;rbs_spacer=5-10bp;genetic_code=11;gc_cont=0.703	GENOMAD.178547.CP	1.709E-181	563	0
JAJIUH010000118.1_4 # 2775 # 4802 # 1 # ID=26_4;partial=00;start_type=ATG;rbs_motif=GGAGG;rbs_spacer=3-4bp;genetic_code=11;gc_cont=0.634	GENOMAD.088363.CV	4.941E-324	996	1246
JAJIUH010000059.1_13 # 10509 # 12239 # -1 # ID=95_13;partial=00;start_type=ATG;rbs_motif=AGGA;rbs_spacer=5-10bp;genetic_code=11;gc_cont=0.576	GENOMAD.148144.PC	1.119E-89	310	0
JAJIUH010000006.1_31 # 23065 # 23931 # -1 # ID=100_31;partial=00;start_type=ATG;rbs_motif=GGA/GAG/AGG;rbs_spacer=5-10bp;genetic_code=11;gc_cont=0.531	GENOMAD.117368.PC	5.855E-149	468	0
JAJIUH010000066.1_17 # 12722 # 13405 # -1 # ID=103_17;partial=00;start_type=ATG;rbs_motif=AGGAG;rbs_spacer=5-10bp;genetic_code=11;gc_cont=0.633	GENOMAD.049669.CC	1.097E-39	149	0
JAJIUH010000066.1_49 # 43062 # 43658 # -1 # ID=103_49;partial=00;start_type=ATG;rbs_motif=GGAG/GAGG;rbs_spacer=5-10bp;genetic_code=11;gc_cont=0.640	GENOMAD.047461.CC	2.036E-05	47	0
JAJIUH010000066.1_81 # 77228 # 77836 # 1 # ID=103_81;partial=00;start_type=ATG;rbs_motif=None;rbs_spacer=None;genetic_code=11;gc_cont=0.683	GENOMAD.129102.CP	4.960E-13	70	0
JAJIUH010000131.1_57 # 62942 # 63418 # 1 # ID=40_57;partial=00;start_type=ATG;rbs_motif=None;rbs_spacer=None;genetic_code=11;gc_cont=0.618	GENOMAD.115277.CP	8.480E-39	143	0
JAJIUH010000133.1_58 # 52448 # 53599 # -1 # ID=43_58;partial=00;start_type=GTG;rbs_motif=GGAGG;rbs_spacer=5-10bp;genetic_code=11;gc_cont=0.576	GENOMAD.119448.PC	5.199E-16	83	0
JAJIUH010000013.1_37 # 48637 # 49863 # -1 # ID=44_37;partial=00;start_type=ATG;rbs_motif=AGGAG;rbs_spacer=5-10bp;genetic_code=11;gc_cont=0.625	GENOMAD.065561.PP	1.117E-20	98	0
JAJIUH010000014.1_21 # 24364 # 25122 # -1 # ID=45_21;partial=00;start_type=ATG;rbs_motif=GGA/GAG/AGG;rbs_spacer=5-10bp;genetic_code=11;gc_cont=0.656	GENOMAD.211360.PC	7.194E-36	139	0
JAJIUH010000017.1_10 # 6826 # 8058 # 1 # ID=48_10;partial=00;start_type=ATG;rbs_motif=GGA/GAG/AGG;rbs_spacer=5-10bp;genetic_code=11;gc_cont=0.677	GENOMAD.191812.CP	1.668E-82	282	0
JAJIUH010000018.1_8 # 6658 # 8277 # -1 # ID=50_8;partial=00;start_type=ATG;rbs_motif=AGGA;rbs_spacer=5-10bp;genetic_code=11;gc_cont=0.672	GENOMAD.168505.CP	8.988E-64	232	0
JAJIUH010000019.1_5 # 4600 # 6036 # 1 # ID=51_5;partial=00;start_type=ATG;rbs_motif=None;rbs_spacer=None;genetic_code=11;gc_cont=0.658	GENOMAD.195628.PC	1.066E-42	167	0
JAJIUH010000020.1_60 # 67604 # 68056 # -1 # ID=52_60;partial=00;start_type=ATG;rbs_motif=GGA/GAG/AGG;rbs_spacer=5-10bp;genetic_code=11;gc_cont=0.660	GENOMAD.205530.CP	6.830E-71	235	0
JAJIUH010000094.1_137 # 170515 # 170922 # 1 # ID=1_137;partial=00;start_type=GTG;rbs_motif=GGAGG;rbs_spacer=5-10bp;genetic_code=11;gc_cont=0.684	GENOMAD.166188.CP	1.223E-15	75	0
JAJIUH010000095.1_45 # 48456 # 49892 # -1 # ID=2_45;partial=00;start_type=ATG;rbs_motif=GGAG/GAGG;rbs_spacer=5-10bp;genetic_code=11;gc_cont=0.668	GENOMAD.157881.CP	1.069E-52	197	0
JAJIUH010000096.1_10 # 9182 # 11134 # -1 # ID=3_10;partial=00;start_type=ATG;rbs_motif=None;rbs_spacer=None;genetic_code=11;gc_cont=0.677	GENOMAD.133722.CP	7.245E-42	168	0
JAJIUH010000097.1_60 # 63428 # 63757 # -1 # ID=4_60;partial=00;start_type=ATG;rbs_motif=None;rbs_spacer=None;genetic_code=11;gc_cont=0.682	GENOMAD.124334.CV	1.245E-04	42	0
JAJIUH010000098.1_29 # 26449 # 27264 # 1 # ID=5_29;partial=00;start_type=ATG;rbs_motif=GGAG/GAGG;rbs_spacer=5-10bp;genetic_code=11;gc_cont=0.664	GENOMAD.152305.CP	3.924E-29	120	0
JAJIUH010000101.1_9 # 9134 # 10708 # -1 # ID=8_9;partial=00;start_type=ATG;rbs_motif=GGA/GAG/AGG;rbs_spacer=5-10bp;genetic_code=11;gc_cont=0.655	GENOMAD.147712.CP	1.976E-323	985	0
JAJIUH010000101.1_41 # 44500 # 45351 # 1 # ID=8_41;partial=00;start_type=ATG;rbs_motif=None;rbs_spacer=None;genetic_code=11;gc_cont=0.711	GENOMAD.183418.PC	1.050E-11	68	0
JAJIUH010000020.1_83 # 90317 # 91687 # -1 # ID=52_83;partial=00;start_type=ATG;rbs_motif=GGAG/GAGG;rbs_spacer=5-10bp;genetic_code=11;gc_cont=0.681	GENOMAD.005842.CC	1.222E-17	89	0
JAJIUH010000020.1_115 # 123351 # 124007 # -1 # ID=52_115;partial=00;start_type=ATG;rbs_motif=GGAG/GAGG;rbs_spacer=5-10bp;genetic_code=11;gc_cont=0.661	GENOMAD.142991.CP	3.245E-15	77	0
JAJIUH010000025.1_18 # 24278 # 25528 # -1 # ID=57_18;partial=00;start_type=ATG;rbs_motif=GGA/GAG/AGG;rbs_spacer=5-10bp;genetic_code=11;gc_cont=0.630	GENOMAD.177447.CP	1.760E-07	56	1246
JAJIUH010000025.1_82 # 93402 # 94058 # -1 # ID=57_82;partial=00;start_type=ATG;rbs_motif=GGA/GAG/AGG;rbs_spacer=5-10bp;genetic_code=11;gc_cont=0.656	GENOMAD.153317.CP	4.992E-55	193	0
JAJIUH010000027.1_19 # 27372 # 28346 # -1 # ID=60_19;partial=00;start_type=ATG;rbs_motif=GGAG/GAGG;rbs_spacer=5-10bp;genetic_code=11;gc_cont=0.665	GENOMAD.120950.CP	5.981E-85	285	0
JAJIUH010000027.1_51 # 78942 # 79481 # -1 # ID=60_51;partial=00;start_type=ATG;rbs_motif=GGA/GAG/AGG;rbs_spacer=5-10bp;genetic_code=11;gc_cont=0.691	GENOMAD.127449.CP	2.314E-27	111	0
JAJIUH010000030.1_1 # 15 # 1883 # 1 # ID=63_1;partial=00;start_type=ATG;rbs_motif=GGAGG;rbs_spacer=5-10bp;genetic_code=11;gc_cont=0.661	GENOMAD.108664.CP	8.222E-08	58	1246
JAJIUH010000030.1_33 # 41523 # 44237 # 1 # ID=63_33;partial=00;start_type=ATG;rbs_motif=None;rbs_spacer=None;genetic_code=11;gc_cont=0.677	GENOMAD.136483.CP	9.920E-69	256	0
JAJIUH010000003.1_10 # 11011 # 11502 # 1 # ID=69_10;partial=00;start_type=ATG;rbs_motif=None;rbs_spacer=None;genetic_code=11;gc_cont=0.648	GENOMAD.151641.CP	9.387E-22	94	0
JAJIUH010000106.1_39 # 23393 # 23683 # -1 # ID=14_39;partial=00;start_type=ATG;rbs_motif=AGGAG;rbs_spacer=5-10bp;genetic_code=11;gc_cont=0.625	GENOMAD.100562.VV	3.787E-43	152	0
JAJIUH010000106.1_71 # 56364 # 58181 # 1 # ID=14_71;partial=00;start_type=ATG;rbs_motif=GGAG/GAGG;rbs_spacer=5-10bp;genetic_code=11;gc_cont=0.667	GENOMAD.195728.CP	0.000E+00	1005	0
JAJIUH010000112.1_70 # 76049 # 76903 # 1 # ID=20_70;partial=00;start_type=ATG;rbs_motif=GGAG/GAGG;rbs_spacer=5-10bp;genetic_code=11;gc_cont=0.646	GENOMAD.171333.CP	6.274E-84	280	0
JAJIUH010000113.1_42 # 55004 # 56359 # -1 # ID=21_42;partial=00;start_type=ATG;rbs_motif=None;rbs_spacer=None;genetic_code=11;gc_cont=0.695	GENOMAD.114697.CP	7.655E-15	80	0
JAJIUH010000112.1_60 # 66147 # 67022 # -1 # ID=20_60;partial=00;start_type=ATG;rbs_motif=None;rbs_spacer=None;genetic_code=11;gc_cont=0.647	GENOMAD.007407.CC	1.785E-64	224	0
JAJIUH010000112.1_92 # 101477 # 102529 # -1 # ID=20_92;partial=00;start_type=ATG;rbs_motif=GGA/GAG/AGG;rbs_spacer=5-10bp;genetic_code=11;gc_cont=0.673	GENOMAD.171766.PC	2.161E-11	68	0
JAJIUH010000113.1_32 # 43740 # 44297 # -1 # ID=21_32;partial=00;start_type=ATG;rbs_motif=GGA/GAG/AGG;rbs_spacer=5-10bp;genetic_code=11;gc_cont=0.625	GENOMAD.154834.CP	3.605E-07	52	0
JAJIUH010000114.1_13 # 21963 # 22292 # 1 # ID=22_13;partial=00;start_type=ATG;rbs_motif=AGGAG;rbs_spacer=5-10bp;genetic_code=11;gc_cont=0.594	GENOMAD.018095.CC	5.921E-21	89	0
JAJIUH010000035.1_12 # 17817 # 18575 # -1 # ID=68_12;partial=00;start_type=GTG;rbs_motif=None;rbs_spacer=None;genetic_code=11;gc_cont=0.659	GENOMAD.061903.CP	1.228E-25	109	1246
JAJIUH010000003.1_27 # 27550 # 28350 # 1 # ID=69_27;partial=00;start_type=ATG;rbs_motif=GGA/GAG/AGG;rbs_spacer=5-10bp;genetic_code=11;gc_cont=0.647	GENOMAD.179248.CP	3.083E-145	456	0
JAJIUH010000036.1_15 # 24311 # 24634 # 1 # ID=70_15;partial=00;start_type=ATG;rbs_motif=GGA/GAG/AGG;rbs_spacer=5-10bp;genetic_code=11;gc_cont=0.630	GENOMAD.132576.CP	2.374E-05	44	0
JAJIUH010000036.1_47 # 56070 # 56684 # -1 # ID=70_47;partial=00;start_type=ATG;rbs_motif=GGA/GAG/AGG;rbs_spacer=5-10bp;genetic_code=11;gc_cont=0.660	GENOMAD.136362.CP	1.705E-21	95	0
JAJIUH010000036.1_79 # 89824 # 90666 # -1 # ID=70_79;partial=00;start_type=ATG;rbs_motif=GGAGG;rbs_spacer=5-10bp;genetic_code=11;gc_cont=0.668	GENOMAD.171298.CP	1.187E-42	160	0
JAJIUH010000037.1_2 # 124 # 663 # 1 # ID=71_2;partial=01;start_type=ATG;rbs_motif=AGGAG;rbs_spacer=5-10bp;genetic_code=11;gc_cont=0.596	GENOMAD.082990.PP	3.112E-60	206	0
JAJIUH010000040.1_58 # 78371 # 79069 # -1 # ID=74_58;partial=00;start_type=ATG;rbs_motif=None;rbs_spacer=None;genetic_code=11;gc_cont=0.612	GENOMAD.132760.CP	4.507E-12	68	0
JAJIUH010000114.1_111 # 155150 # 155710 # -1 # ID=22_111;partial=00;start_type=ATG;rbs_motif=GGA/GAG/AGG;rbs_spacer=11-12bp;genetic_code=11;gc_cont=0.624	GENOMAD.151010.CP	1.097E-74	248	0
JAJIUH010000116.1_75 # 76604 # 78427 # 1 # ID=24_75;partial=00;start_type=ATG;rbs_motif=GGAG/GAGG;rbs_spacer=5-10bp;genetic_code=11;gc_cont=0.642	GENOMAD.181251.PC	1.515E-18	93	0
JAJIUH010000117.1_29 # 31080 # 31655 # 1 # ID=25_29;partial=00;start_type=ATG;rbs_motif=None;rbs_spacer=None;genetic_code=11;gc_cont=0.635	GENOMAD.123535.CP	8.741E-10	60	0
JAJIUH010000118.1_17 # 27206 # 27463 # 1 # ID=26_17;partial=00;start_type=ATG;rbs_motif=AGGAG;rbs_spacer=5-10bp;genetic_code=11;gc_cont=0.647	GENOMAD.177562.CP	9.933E-44	153	0
JAJIUH010000119.1_21 # 26366 # 27097 # 1 # ID=27_21;partial=00;start_type=ATG;rbs_motif=None;rbs_spacer=None;genetic_code=11;gc_cont=0.661	GENOMAD.179808.CP	1.745E-05	48	0
JAJIUH010000120.1_23 # 23988 # 24692 # -1 # ID=28_23;partial=00;start_type=ATG;rbs_motif=GGAG/GAGG;rbs_spacer=5-10bp;genetic_code=11;gc_cont=0.678	GENOMAD.209966.CP	2.493E-52	186	0
JAJIUH010000108.1_43 # 51118 # 52887 # -1 # ID=16_43;partial=00;start_type=ATG;rbs_motif=AGGAG;rbs_spacer=5-10bp;genetic_code=11;gc_cont=0.673	GENOMAD.159812.PC	1.390E-40	163	0
JAJIUH010000112.1_29 # 28006 # 29022 # 1 # ID=20_29;partial=00;start_type=ATG;rbs_motif=GGAG/GAGG;rbs_spacer=5-10bp;genetic_code=11;gc_cont=0.677	GENOMAD.141113.CP	3.774E-19	92	0
JAJIUH010000112.1_61 # 67089 # 67751 # 1 # ID=20_61;partial=00;start_type=ATG;rbs_motif=None;rbs_spacer=None;genetic_code=11;gc_cont=0.667	GENOMAD.118620.CP	1.147E-35	137	0
JAJIUH010000027.1_20 # 28343 # 28630 # -1 # ID=60_20;partial=00;start_type=ATG;rbs_motif=GGA/GAG/AGG;rbs_spacer=5-10bp;genetic_code=11;gc_cont=0.691	GENOMAD.130478.CP	2.943E-45	158	0
JAJIUH010000027.1_116 # 155711 # 159163 # -1 # ID=60_116;partial=00;start_type=ATG;rbs_motif=None;rbs_spacer=None;genetic_code=11;gc_cont=0.670	GENOMAD.142301.CP	4.006E-115	404	0
JAJIUH010000028.1_37 # 54542 # 56062 # 1 # ID=61_37;partial=00;start_type=ATG;rbs_motif=GGA/GAG/AGG;rbs_spacer=5-10bp;genetic_code=11;gc_cont=0.632	GENOMAD.159857.CP	3.422E-05	49	0
JAJIUH010000030.1_12 # 14972 # 15883 # 1 # ID=63_12;partial=00;start_type=ATG;rbs_motif=None;rbs_spacer=None;genetic_code=11;gc_cont=0.627	GENOMAD.075985.CV	1.228E-04	46	0
JAJIUH010000014.1_31 # 36522 # 37118 # -1 # ID=45_31;partial=00;start_type=ATG;rbs_motif=None;rbs_spacer=None;genetic_code=11;gc_cont=0.660	GENOMAD.000230.CC	9.752E-13	69	0
JAJIUH010000017.1_20 # 15101 # 16282 # -1 # ID=48_20;partial=00;start_type=ATG;rbs_motif=GGAG/GAGG;rbs_spacer=5-10bp;genetic_code=11;gc_cont=0.613	GENOMAD.004307.CC	4.333E-187	584	0
JAJIUH010000017.1_52 # 53641 # 55761 # -1 # ID=48_52;partial=00;start_type=ATG;rbs_motif=GGAG/GAGG;rbs_spacer=5-10bp;genetic_code=11;gc_cont=0.650	GENOMAD.124220.CP	4.415E-04	46	0
JAJIUH010000020.1_38 # 45214 # 46065 # 1 # ID=52_38;partial=00;start_type=ATG;rbs_motif=GGA/GAG/AGG;rbs_spacer=5-10bp;genetic_code=11;gc_cont=0.689	GENOMAD.079440.CP	1.378E-06	52	0
JAJIUH010000020.1_70 # 76570 # 77478 # 1 # ID=52_70;partial=00;start_type=ATG;rbs_motif=GGA/GAG/AGG;rbs_spacer=5-10bp;genetic_code=11;gc_cont=0.674	GENOMAD.142391.CP	5.171E-76	258	0
JAJIUH010000013.1_18 # 21642 # 22004 # -1 # ID=44_18;partial=00;start_type=ATG;rbs_motif=GGA/GAG/AGG;rbs_spacer=5-10bp;genetic_code=11;gc_cont=0.631	GENOMAD.140621.CP	4.787E-44	156	0
JAJIUH010000017.1_23 # 18707 # 19306 # 1 # ID=48_23;partial=00;start_type=ATG;rbs_motif=GGAG/GAGG;rbs_spacer=5-10bp;genetic_code=11;gc_cont=0.640	GENOMAD.183713.CV	3.199E-21	94	0
JAJIUH010000017.1_55 # 59995 # 60813 # -1 # ID=48_55;partial=00;start_type=ATG;rbs_motif=GGAG/GAGG;rbs_spacer=5-10bp;genetic_code=11;gc_cont=0.662	GENOMAD.090871.CV	4.190E-04	44	1246
JAJIUH010000018.1_21 # 23848 # 24771 # -1 # ID=50_21;partial=00;start_type=GTG;rbs_motif=GGA/GAG/AGG;rbs_spacer=5-10bp;genetic_code=11;gc_cont=0.697	GENOMAD.138157.CP	9.790E-18	87	0
JAJIUH010000091.1_17 # 15472 # 16650 # -1 # ID=130_17;partial=00;start_type=ATG;rbs_motif=GGA/GAG/AGG;rbs_spacer=11-12bp;genetic_code=11;gc_cont=0.625	GENOMAD.092833.CV	1.510E-96	322	0
JAJIUH010000094.1_29 # 45722 # 46642 # -1 # ID=1_29;partial=00;start_type=ATG;rbs_motif=None;rbs_spacer=None;genetic_code=11;gc_cont=0.647	GENOMAD.206339.PC	6.101E-05	47	0
JAJIUH010000094.1_93 # 125771 # 126172 # 1 # ID=1_93;partial=00;start_type=GTG;rbs_motif=GGAG/GAGG;rbs_spacer=5-10bp;genetic_code=11;gc_cont=0.647	GENOMAD.145565.CP	2.110E-17	80	0
JAJIUH010000095.1_33 # 35866 # 36480 # -1 # ID=2_33;partial=00;start_type=ATG;rbs_motif=AGGAG;rbs_spacer=5-10bp;genetic_code=11;gc_cont=0.667	GENOMAD.212919.PC	6.356E-115	365	0
JAJIUH010000010.1_95 # 98284 # 98709 # -1 # ID=11_95;partial=00;start_type=ATG;rbs_motif=None;rbs_spacer=None;genetic_code=11;gc_cont=0.577	GENOMAD.059523.CP	6.190E-06	47	0
JAJIUH010000105.1_24 # 25754 # 28978 # -1 # ID=13_24;partial=00;start_type=ATG;rbs_motif=GGAG/GAGG;rbs_spacer=5-10bp;genetic_code=11;gc_cont=0.573	GENOMAD.127260.CP	1.807E-14	81	0
JAJIUH010000106.1_26 # 14957 # 15142 # 1 # ID=14_26;partial=00;start_type=ATG;rbs_motif=AGGAG;rbs_spacer=5-10bp;genetic_code=11;gc_cont=0.575	GENOMAD.173850.VV	3.118E-21	87	0
JAJIUH010000108.1_7 # 7975 # 8277 # 1 # ID=16_7;partial=00;start_type=GTG;rbs_motif=GGA/GAG/AGG;rbs_spacer=5-10bp;genetic_code=11;gc_cont=0.607	GENOMAD.142672.PC	4.661E-35	129	0
JAJIUH010000108.1_39 # 47463 # 48053 # 1 # ID=16_39;partial=00;start_type=ATG;rbs_motif=None;rbs_spacer=None;genetic_code=11;gc_cont=0.695	GENOMAD.132739.CP	8.885E-05	45	0
JAJIUH010000106.1_54 # 32862 # 33302 # 1 # ID=14_54;partial=00;start_type=ATG;rbs_motif=GGA/GAG/AGG;rbs_spacer=11-12bp;genetic_code=11;gc_cont=0.630	GENOMAD.179551.PC	1.548E-17	81	0
JAJIUH010000112.1_53 # 58878 # 59522 # -1 # ID=20_53;partial=00;start_type=ATG;rbs_motif=AGGAG;rbs_spacer=5-10bp;genetic_code=11;gc_cont=0.657	GENOMAD.207164.CP	1.665E-83	275	0
JAJIUH010000112.1_117 # 129760 # 130743 # 1 # ID=20_117;partial=00;start_type=ATG;rbs_motif=GGA/GAG/AGG;rbs_spacer=11-12bp;genetic_code=11;gc_cont=0.600	GENOMAD.181514.PC	2.159E-188	584	0
JAJIUH010000114.1_6 # 11720 # 13531 # -1 # ID=22_6;partial=00;start_type=GTG;rbs_motif=GGAGG;rbs_spacer=5-10bp;genetic_code=11;gc_cont=0.673	GENOMAD.029534.CC	1.075E-05	51	0
JAJIUH010000075.1_76 # 89320 # 90156 # 1 # ID=113_76;partial=00;start_type=ATG;rbs_motif=GGAG/GAGG;rbs_spacer=5-10bp;genetic_code=11;gc_cont=0.659	GENOMAD.182485.PC	1.720E-140	443	0
JAJIUH010000075.1_108 # 125873 # 126445 # 1 # ID=113_108;partial=00;start_type=ATG;rbs_motif=GGA/GAG/AGG;rbs_spacer=11-12bp;genetic_code=11;gc_cont=0.663	GENOMAD.104491.CP	1.830E-06	50	0
JAJIUH010000078.1_10 # 10516 # 11430 # 1 # ID=116_10;partial=00;start_type=ATG;rbs_motif=GGA/GAG/AGG;rbs_spacer=5-10bp;genetic_code=11;gc_cont=0.666	GENOMAD.137507.CV	3.791E-49	180	0
JAJIUH010000107.1_1 # 21 # 1097 # -1 # ID=15_1;partial=00;start_type=ATG;rbs_motif=AGGAG;rbs_spacer=5-10bp;genetic_code=11;gc_cont=0.606	GENOMAD.047390.PP	7.187E-28	119	0
JAJIUH010000108.1_30 # 38413 # 40290 # 1 # ID=16_30;partial=00;start_type=ATG;rbs_motif=AGGAG;rbs_spacer=5-10bp;genetic_code=11;gc_cont=0.654	GENOMAD.151024.CP	1.672E-07	57	0
JAJIUH010000110.1_8 # 9137 # 10534 # 1 # ID=18_8;partial=00;start_type=ATG;rbs_motif=None;rbs_spacer=None;genetic_code=11;gc_cont=0.639	GENOMAD.179497.PC	8.046E-50	188	0
JAJIUH010000112.1_48 # 55435 # 55809 # 1 # ID=20_48;partial=00;start_type=ATG;rbs_motif=GGAG/GAGG;rbs_spacer=5-10bp;genetic_code=11;gc_cont=0.672	GENOMAD.120494.PC	1.549E-33	126	0
JAJIUH010000112.1_80 # 85259 # 86149 # -1 # ID=20_80;partial=00;start_type=ATG;rbs_motif=GGA/GAG/AGG;rbs_spacer=5-10bp;genetic_code=11;gc_cont=0.657	GENOMAD.161566.CP	4.513E-09	60	0
JAJIUH010000112.1_112 # 123878 # 125839 # -1 # ID=20_112;partial=00;start_type=ATG;rbs_motif=GGAG/GAGG;rbs_spacer=5-10bp;genetic_code=11;gc_cont=0.666	GENOMAD.214746.CP	0.000E+00	1102	0
JAJIUH010000113.1_20 # 22582 # 23481 # -1 # ID=21_20;partial=00;start_type=ATG;rbs_motif=GGAG/GAGG;rbs_spacer=5-10bp;genetic_code=11;gc_cont=0.677	GENOMAD.092059.VV	2.931E-12	70	1246
JAJIUH010000106.1_65 # 50816 # 51385 # 1 # ID=14_65;partial=00;start_type=ATG;rbs_motif=None;rbs_spacer=None;genetic_code=11;gc_cont=0.660	GENOMAD.147057.CP	1.051E-21	95	0
JAJIUH010000108.1_14 # 14523 # 14969 # 1 # ID=16_14;partial=00;start_type=ATG;rbs_motif=None;rbs_spacer=None;genetic_code=11;gc_cont=0.660	GENOMAD.148005.CP	4.569E-41	149	0
JAJIUH010000111.1_16 # 17125 # 17844 # 1 # ID=19_16;partial=00;start_type=ATG;rbs_motif=GGA/GAG/AGG;rbs_spacer=11-12bp;genetic_code=11;gc_cont=0.521	GENOMAD.133384.PP	7.066E-88	289	0
JAJIUH010000112.1_32 # 32497 # 33465 # -1 # ID=20_32;partial=00;start_type=ATG;rbs_motif=None;rbs_spacer=None;genetic_code=11;gc_cont=0.678	GENOMAD.136647.CP	4.691E-87	291	0
JAJIUH010000112.1_64 # 69888 # 70316 # 1 # ID=20_64;partial=00;start_type=ATG;rbs_motif=GGAG/GAGG;rbs_spacer=5-10bp;genetic_code=11;gc_cont=0.667	GENOMAD.158031.CP	4.637E-21	91	0
JAJIUH010000113.1_4 # 4246 # 5136 # -1 # ID=21_4;partial=00;start_type=ATG;rbs_motif=GGAG/GAGG;rbs_spacer=5-10bp;genetic_code=11;gc_cont=0.637	GENOMAD.167997.CP	1.173E-04	46	0
JAJIUH010000114.1_21 # 37876 # 40326 # -1 # ID=22_21;partial=00;start_type=ATG;rbs_motif=GGA/GAG/AGG;rbs_spacer=5-10bp;genetic_code=11;gc_cont=0.671	GENOMAD.142037.CP	3.295E-12	73	1246
JAJIUH010000114.1_53 # 80351 # 81568 # 1 # ID=22_53;partial=00;start_type=ATG;rbs_motif=GGAG/GAGG;rbs_spacer=5-10bp;genetic_code=11;gc_cont=0.646	GENOMAD.143010.CP	5.571E-10	64	0
JAJIUH010000053.1_18 # 15317 # 16372 # -1 # ID=88_18;partial=00;start_type=ATG;rbs_motif=GGAG/GAGG;rbs_spacer=5-10bp;genetic_code=11;gc_cont=0.668	GENOMAD.209073.VC	9.951E-92	306	0
JAJIUH010000054.1_15 # 20118 # 21146 # 1 # ID=89_15;partial=00;start_type=ATG;rbs_motif=GGA/GAG/AGG;rbs_spacer=5-10bp;genetic_code=11;gc_cont=0.691	GENOMAD.171322.PC	4.944E-33	134	0
JAJIUH010000006.1_2 # 699 # 914 # -1 # ID=100_2;partial=00;start_type=ATG;rbs_motif=GGAG/GAGG;rbs_spacer=5-10bp;genetic_code=11;gc_cont=0.630	GENOMAD.128941.PC	6.345E-12	61	0
JAJIUH010000006.1_34 # 24585 # 25244 # -1 # ID=100_34;partial=00;start_type=ATG;rbs_motif=AGGAG;rbs_spacer=5-10bp;genetic_code=11;gc_cont=0.594	GENOMAD.105322.PC	5.235E-116	369	0
JAJIUH010000066.1_20 # 14995 # 15465 # -1 # ID=103_20;partial=00;start_type=ATG;rbs_motif=GGA/GAG/AGG;rbs_spacer=5-10bp;genetic_code=11;gc_cont=0.637	GENOMAD.022016.CC	1.501E-48	171	0
JAJIUH010000087.1_100 # 122108 # 122887 # -1 # ID=126_100;partial=00;start_type=ATG;rbs_motif=None;rbs_spacer=None;genetic_code=11;gc_cont=0.700	GENOMAD.120512.CP	6.874E-98	319	0
JAJIUH010000089.1_1 # 25 # 993 # -1 # ID=128_1;partial=00;start_type=ATG;rbs_motif=GGAG/GAGG;rbs_spacer=5-10bp;genetic_code=11;gc_cont=0.637	GENOMAD.145686.CP	1.790E-69	240	0
JAJIUH010000090.1_23 # 23493 # 25274 # -1 # ID=129_23;partial=00;start_type=ATG;rbs_motif=GGAG/GAGG;rbs_spacer=5-10bp;genetic_code=11;gc_cont=0.746	GENOMAD.056591.CC	1.703E-15	83	0
JAJIUH010000093.1_8 # 7881 # 8282 # -1 # ID=132_8;partial=00;start_type=ATG;rbs_motif=GGA/GAG/AGG;rbs_spacer=5-10bp;genetic_code=11;gc_cont=0.545	GENOMAD.153152.PC	9.656E-08	52	0
JAJIUH010000131.1_67 # 76204 # 76653 # -1 # ID=40_67;partial=00;start_type=TTG;rbs_motif=AGGAG;rbs_spacer=5-10bp;genetic_code=11;gc_cont=0.611	GENOMAD.130165.CV	2.289E-57	196	0
JAJIUH010000133.1_4 # 4897 # 5379 # 1 # ID=43_4;partial=00;start_type=ATG;rbs_motif=GGAG/GAGG;rbs_spacer=5-10bp;genetic_code=11;gc_cont=0.605	GENOMAD.208754.PC	1.223E-26	108	0
JAJIUH010000096.1_11 # 11127 # 12083 # -1 # ID=3_11;partial=00;start_type=GTG;rbs_motif=GGA/GAG/AGG;rbs_spacer=5-10bp;genetic_code=11;gc_cont=0.691	GENOMAD.115237.CP	1.539E-69	240	0
JAJIUH010000097.1_29 # 28688 # 29950 # -1 # ID=4_29;partial=00;start_type=ATG;rbs_motif=GGA/GAG/AGG;rbs_spacer=5-10bp;genetic_code=11;gc_cont=0.622	GENOMAD.015873.CC	2.909E-36	146	0
JAJIUH010000098.1_30 # 27284 # 28051 # 1 # ID=5_30;partial=00;start_type=GTG;rbs_motif=None;rbs_spacer=None;genetic_code=11;gc_cont=0.648	GENOMAD.152447.CP	6.235E-10	62	0
JAJIUH010000084.1_44 # 48847 # 49569 # -1 # ID=123_44;partial=00;start_type=ATG;rbs_motif=None;rbs_spacer=None;genetic_code=11;gc_cont=0.675	GENOMAD.158628.CP	1.154E-16	82	0
JAJIUH010000088.1_46 # 47377 # 48090 # -1 # ID=127_46;partial=00;start_type=ATG;rbs_motif=GGAG/GAGG;rbs_spacer=5-10bp;genetic_code=11;gc_cont=0.664	GENOMAD.106866.CP	1.057E-17	85	1246
JAJIUH010000090.1_17 # 17833 # 18231 # 1 # ID=129_17;partial=00;start_type=ATG;rbs_motif=AGGAG;rbs_spacer=5-10bp;genetic_code=11;gc_cont=0.637	GENOMAD.189452.CP	2.947E-30	117	0
JAJIUH010000131.1_30 # 34492 # 35157 # -1 # ID=40_30;partial=00;start_type=ATG;rbs_motif=AGGAGG;rbs_spacer=5-10bp;genetic_code=11;gc_cont=0.605	GENOMAD.000893.CC	6.149E-54	190	0
JAJIUH010000084.1_43 # 48244 # 48819 # -1 # ID=123_43;partial=00;start_type=ATG;rbs_motif=GGA/GAG/AGG;rbs_spacer=11-12bp;genetic_code=11;gc_cont=0.689	GENOMAD.145419.CP	2.090E-95	308	0
JAJIUH010000087.1_29 # 31607 # 35473 # 1 # ID=126_29;partial=00;start_type=GTG;rbs_motif=AGGAG;rbs_spacer=5-10bp;genetic_code=11;gc_cont=0.646	GENOMAD.219526.VC	0.000E+00	2057	0
JAJIUH010000088.1_45 # 46700 # 47380 # -1 # ID=127_45;partial=00;start_type=ATG;rbs_motif=None;rbs_spacer=None;genetic_code=11;gc_cont=0.689	GENOMAD.137324.CP	3.442E-07	53	0
JAJIUH010000090.1_16 # 13637 # 17449 # 1 # ID=129_16;partial=00;start_type=ATG;rbs_motif=GGA/GAG/AGG;rbs_spacer=5-10bp;genetic_code=11;gc_cont=0.687	GENOMAD.142505.CP	2.114E-51	203	0
JAJIUH010000020.1_4 # 6267 # 8765 # 1 # ID=52_4;partial=00;start_type=ATG;rbs_motif=GGAGG;rbs_spacer=3-4bp;genetic_code=11;gc_cont=0.630	GENOMAD.043924.VV	3.303E-05	50	1246
JAJIUH010000020.1_36 # 41203 # 43803 # 1 # ID=52_36;partial=00;start_type=ATG;rbs_motif=None;rbs_spacer=None;genetic_code=11;gc_cont=0.666	GENOMAD.137347.CP	1.396E-36	153	0
JAJIUH010000020.1_68 # 75124 # 75597 # -1 # ID=52_68;partial=00;start_type=ATG;rbs_motif=None;rbs_spacer=None;genetic_code=11;gc_cont=0.679	GENOMAD.123979.PP	1.970E-79	260	0
JAJIUH010000025.1_76 # 87272 # 88642 # 1 # ID=57_76;partial=00;start_type=GTG;rbs_motif=GGAG/GAGG;rbs_spacer=5-10bp;genetic_code=11;gc_cont=0.678	GENOMAD.142656.PP	2.438E-04	46	0
JAJIUH010000027.1_45 # 70206 # 71537 # -1 # ID=60_45;partial=00;start_type=GTG;rbs_motif=AGGAG;rbs_spacer=5-10bp;genetic_code=11;gc_cont=0.681	GENOMAD.170233.CP	1.074E-41	163	0
JAJIUH010000020.1_119 # 127613 # 129499 # 1 # ID=52_119;partial=00;start_type=ATG;rbs_motif=GGA/GAG/AGG;rbs_spacer=5-10bp;genetic_code=11;gc_cont=0.650	GENOMAD.092845.CP	2.712E-156	507	0
JAJIUH010000027.1_23 # 30166 # 30435 # -1 # ID=60_23;partial=00;start_type=ATG;rbs_motif=GGA/GAG/AGG;rbs_spacer=5-10bp;genetic_code=11;gc_cont=0.626	GENOMAD.159708.CP	5.546E-36	131	0
JAJIUH010000027.1_55 # 84879 # 86180 # 1 # ID=60_55;partial=00;start_type=ATG;rbs_motif=GGA/GAG/AGG;rbs_spacer=5-10bp;genetic_code=11;gc_cont=0.695	GENOMAD.176778.PC	6.499E-56	205	0
JAJIUH010000027.1_87 # 123467 # 124738 # -1 # ID=60_87;partial=00;start_type=ATG;rbs_motif=GGAG/GAGG;rbs_spacer=5-10bp;genetic_code=11;gc_cont=0.719	GENOMAD.145263.CP	1.644E-63	227	0
JAJIUH010000112.1_109 # 117883 # 119106 # 1 # ID=20_109;partial=00;start_type=ATG;rbs_motif=GGA/GAG/AGG;rbs_spacer=5-10bp;genetic_code=11;gc_cont=0.687	GENOMAD.114408.CP	1.428E-06	53	0
JAJIUH010000113.1_49 # 62163 # 62357 # -1 # ID=21_49;partial=00;start_type=ATG;rbs_motif=GGAG/GAGG;rbs_spacer=5-10bp;genetic_code=11;gc_cont=0.646	GENOMAD.118796.CP	8.408E-28	106	0
JAJIUH010000114.1_30 # 51963 # 52967 # 1 # ID=22_30;partial=00;start_type=ATG;rbs_motif=AGGA;rbs_spacer=5-10bp;genetic_code=11;gc_cont=0.661	GENOMAD.097849.CV	3.746E-36	143	1246
JAJIUH010000115.1_9 # 6022 # 6543 # -1 # ID=23_9;partial=00;start_type=ATG;rbs_motif=None;rbs_spacer=None;genetic_code=11;gc_cont=0.489	GENOMAD.086806.PP	5.009E-34	130	0
JAJIUH010000116.1_26 # 29149 # 29712 # 1 # ID=24_26;partial=00;start_type=ATG;rbs_motif=GGAG/GAGG;rbs_spacer=5-10bp;genetic_code=11;gc_cont=0.676	GENOMAD.170300.PC	1.154E-39	147	0
JAJIUH010000130.1_72 # 81047 # 83554 # -1 # ID=39_72;partial=00;start_type=ATG;rbs_motif=GGAG/GAGG;rbs_spacer=5-10bp;genetic_code=11;gc_cont=0.668	GENOMAD.115168.CP	1.649E-05	51	0
JAJIUH010000131.1_28 # 31993 # 33942 # -1 # ID=40_28;partial=00;start_type=ATG;rbs_motif=GGA/GAG/AGG;rbs_spacer=5-10bp;genetic_code=11;gc_cont=0.599	GENOMAD.070464.CC	9.999E-28	123	0
JAJIUH010000131.1_60 # 64980 # 65825 # 1 # ID=40_60;partial=00;start_type=ATG;rbs_motif=None;rbs_spacer=None;genetic_code=11;gc_cont=0.661	GENOMAD.001272.CC	9.669E-33	131	0
JAJIUH010000013.1_12 # 13017 # 15386 # -1 # ID=44_12;partial=00;start_type=ATG;rbs_motif=AGGA;rbs_spacer=5-10bp;genetic_code=11;gc_cont=0.644	GENOMAD.129297.CP	3.086E-19	96	0
JAJIUH010000059.1_6 # 2866 # 4353 # -1 # ID=95_6;partial=00;start_type=ATG;rbs_motif=GGAGG;rbs_spacer=5-10bp;genetic_code=11;gc_cont=0.554	GENOMAD.091850.PC	1.450E-28	124	0
JAJIUH010000066.1_10 # 7130 # 7621 # 1 # ID=103_10;partial=00;start_type=ATG;rbs_motif=AGGAG;rbs_spacer=5-10bp;genetic_code=11;gc_cont=0.726	GENOMAD.191334.CP	4.659E-08	54	0
JAJIUH010000069.1_63 # 82043 # 83236 # -1 # ID=106_63;partial=00;start_type=ATG;rbs_motif=GGA/GAG/AGG;rbs_spacer=5-10bp;genetic_code=11;gc_cont=0.658	GENOMAD.137855.CP	3.504E-12	71	0
JAJIUH010000025.1_68 # 73729 # 74793 # 1 # ID=57_68;partial=00;start_type=ATG;rbs_motif=None;rbs_spacer=None;genetic_code=11;gc_cont=0.690	GENOMAD.116589.CP	5.054E-59	211	0
JAJIUH010000027.1_5 # 11181 # 12953 # -1 # ID=60_5;partial=00;start_type=ATG;rbs_motif=GGAG/GAGG;rbs_spacer=5-10bp;genetic_code=11;gc_cont=0.646	GENOMAD.151073.CP	1.536E-07	57	0
JAJIUH010000027.1_37 # 56518 # 60213 # -1 # ID=60_37;partial=00;start_type=ATG;rbs_motif=AGGAG;rbs_spacer=5-10bp;genetic_code=11;gc_cont=0.708	GENOMAD.215794.CP	1.059E-04	49	0
JAJIUH010000027.1_69 # 102611 # 103120 # -1 # ID=60_69;partial=00;start_type=ATG;rbs_motif=GGAG/GAGG;rbs_spacer=5-10bp;genetic_code=11;gc_cont=0.645	GENOMAD.166375.PC	4.405E-13	69	0
JAJIUH010000027.1_133 # 184303 # 185211 # -1 # ID=60_133;partial=00;start_type=ATG;rbs_motif=None;rbs_spacer=None;genetic_code=11;gc_cont=0.647	GENOMAD.000187.CC	2.397E-157	493	0
JAJIUH010000027.1_165 # 228007 # 229215 # -1 # ID=60_165;partial=00;start_type=ATG;rbs_motif=GGAG/GAGG;rbs_spacer=5-10bp;genetic_code=11;gc_cont=0.715	GENOMAD.207198.PC	1.676E-47	179	0
JAJIUH010000066.1_7 # 5090 # 5569 # 1 # ID=103_7;partial=00;start_type=ATG;rbs_motif=None;rbs_spacer=None;genetic_code=11;gc_cont=0.637	GENOMAD.140723.CP	1.946E-20	90	0
JAJIUH010000066.1_39 # 32617 # 34935 # -1 # ID=103_39;partial=00;start_type=ATG;rbs_motif=GGA/GAG/AGG;rbs_spacer=5-10bp;genetic_code=11;gc_cont=0.643	GENOMAD.141017.CP	3.839E-103	357	0
JAJIUH010000066.1_71 # 63979 # 65385 # 1 # ID=103_71;partial=00;start_type=GTG;rbs_motif=GGAG/GAGG;rbs_spacer=5-10bp;genetic_code=11;gc_cont=0.682	GENOMAD.083685.CV	3.858E-26	116	1246
JAJIUH010000067.1_16 # 16896 # 17060 # -1 # ID=104_16;partial=01;start_type=Edge;rbs_motif=None;rbs_spacer=None;genetic_code=11;gc_cont=0.594	GENOMAD.218087.PC	7.672E-04	37	0
JAJIUH010000069.1_28 # 38272 # 39174 # 1 # ID=106_28;partial=00;start_type=ATG;rbs_motif=GGA/GAG/AGG;rbs_spacer=5-10bp;genetic_code=11;gc_cont=0.663	GENOMAD.170952.PC	3.491E-70	241	0
JAJIUH010000075.1_21 # 26517 # 27059 # -1 # ID=113_21;partial=00;start_type=ATG;rbs_motif=AGGA;rbs_spacer=5-10bp;genetic_code=11;gc_cont=0.657	GENOMAD.140339.CP	1.175E-26	109	0
JAJIUH010000075.1_53 # 66216 # 67679 # -1 # ID=113_53;partial=00;start_type=ATG;rbs_motif=None;rbs_spacer=None;genetic_code=11;gc_cont=0.714	GENOMAD.132304.CP	3.522E-31	132	0
JAJIUH010000112.1_26 # 26220 # 26762 # -1 # ID=20_26;partial=00;start_type=ATG;rbs_motif=AGGA;rbs_spacer=5-10bp;genetic_code=11;gc_cont=0.665	GENOMAD.019134.CC	1.457E-85	279	0
JAJIUH010000112.1_58 # 63347 # 64672 # 1 # ID=20_58;partial=00;start_type=ATG;rbs_motif=GGA/GAG/AGG;rbs_spacer=5-10bp;genetic_code=11;gc_cont=0.675	GENOMAD.158697.CP	8.322E-16	83	0
JAJIUH010000113.1_30 # 39695 # 41911 # -1 # ID=21_30;partial=00;start_type=ATG;rbs_motif=GGAG/GAGG;rbs_spacer=5-10bp;genetic_code=11;gc_cont=0.646	GENOMAD.129297.CP	7.565E-17	88	0
JAJIUH010000114.1_107 # 152066 # 152524 # -1 # ID=22_107;partial=00;start_type=ATG;rbs_motif=None;rbs_spacer=None;genetic_code=11;gc_cont=0.702	GENOMAD.123993.CP	3.765E-06	48	0
JAJIUH010000112.1_57 # 62908 # 63285 # -1 # ID=20_57;partial=00;start_type=ATG;rbs_motif=GGA/GAG/AGG;rbs_spacer=5-10bp;genetic_code=11;gc_cont=0.701	GENOMAD.016773.CC	1.695E-16	77	0
JAJIUH010000114.1_10 # 17508 # 18239 # 1 # ID=22_10;partial=00;start_type=ATG;rbs_motif=GGA/GAG/AGG;rbs_spacer=5-10bp;genetic_code=11;gc_cont=0.668	GENOMAD.154816.CP	1.594E-30	123	0
JAJIUH010000114.1_106 # 151119 # 152069 # -1 # ID=22_106;partial=00;start_type=ATG;rbs_motif=GGA/GAG/AGG;rbs_spacer=5-10bp;genetic_code=11;gc_cont=0.654	GENOMAD.000498.CC	4.381E-39	151	0
JAJIUH010000116.1_38 # 42558 # 43109 # 1 # ID=24_38;partial=00;start_type=ATG;rbs_motif=GGxGG;rbs_spacer=5-10bp;genetic_code=11;gc_cont=0.672	GENOMAD.219645.CP	1.606E-07	53	0
JAJIUH010000098.1_3 # 3131 # 3619 # -1 # ID=5_3;partial=00;start_type=ATG;rbs_motif=GGAG/GAGG;rbs_spacer=5-10bp;genetic_code=11;gc_cont=0.681	GENOMAD.058926.CV	2.259E-29	116	0
JAJIUH010000098.1_35 # 35331 # 38000 # -1 # ID=5_35;partial=00;start_type=ATG;rbs_motif=GGAG/GAGG;rbs_spacer=5-10bp;genetic_code=11;gc_cont=0.608	GENOMAD.152082.CP	6.461E-114	393	0
JAJIUH010000020.1_41 # 46930 # 49065 # 1 # ID=52_41;partial=00;start_type=ATG;rbs_motif=None;rbs_spacer=None;genetic_code=11;gc_cont=0.660	GENOMAD.153592.VC	1.342E-05	51	4186
JAJIUH010000076.1_21 # 24594 # 25715 # -1 # ID=114_21;partial=00;start_type=ATG;rbs_motif=GGAG/GAGG;rbs_spacer=5-10bp;genetic_code=11;gc_cont=0.676	GENOMAD.160484.CP	3.691E-161	508	0
JAJIUH010000077.1_23 # 21963 # 23144 # -1 # ID=115_23;partial=00;start_type=ATG;rbs_motif=GGAG/GAGG;rbs_spacer=5-10bp;genetic_code=11;gc_cont=0.692	GENOMAD.129930.CP	3.081E-28	121	0
JAJIUH010000077.1_55 # 55467 # 55712 # -1 # ID=115_55;partial=00;start_type=ATG;rbs_motif=None;rbs_spacer=None;genetic_code=11;gc_cont=0.610	GENOMAD.197521.CP	4.478E-05	42	0
JAJIUH010000084.1_33 # 36964 # 37320 # -1 # ID=123_33;partial=00;start_type=ATG;rbs_motif=None;rbs_spacer=None;genetic_code=11;gc_cont=0.616	GENOMAD.124431.CP	1.753E-21	91	0
JAJIUH010000084.1_19 # 22990 # 23154 # -1 # ID=123_19;partial=00;start_type=ATG;rbs_motif=AGGAG;rbs_spacer=5-10bp;genetic_code=11;gc_cont=0.661	GENOMAD.182880.CP	5.131E-07	46	0
JAJIUH010000084.1_51 # 54222 # 54761 # -1 # ID=123_51;partial=00;start_type=TTG;rbs_motif=GGA/GAG/AGG;rbs_spacer=5-10bp;genetic_code=11;gc_cont=0.631	GENOMAD.132183.CP	3.396E-32	125	0
JAJIUH010000087.1_69 # 84990 # 86042 # -1 # ID=126_69;partial=00;start_type=ATG;rbs_motif=None;rbs_spacer=None;genetic_code=11;gc_cont=0.684	GENOMAD.123263.CP	2.161E-11	68	0
JAJIUH010000088.1_21 # 21536 # 21901 # -1 # ID=127_21;partial=00;start_type=GTG;rbs_motif=GGA/GAG/AGG;rbs_spacer=5-10bp;genetic_code=11;gc_cont=0.639	GENOMAD.038505.CC	8.192E-31	118	0
JAJIUH010000090.1_24 # 25432 # 27690 # -1 # ID=129_24;partial=00;start_type=ATG;rbs_motif=None;rbs_spacer=None;genetic_code=11;gc_cont=0.739	GENOMAD.027336.CC	3.043E-45	180	0
JAJIUH010000091.1_22 # 20153 # 20278 # 1 # ID=130_22;partial=00;start_type=ATG;rbs_motif=GGAG/GAGG;rbs_spacer=5-10bp;genetic_code=11;gc_cont=0.603	GENOMAD.112966.CP	3.527E-11	57	0
JAJIUH010000075.1_86 # 101334 # 102752 # -1 # ID=113_86;partial=00;start_type=ATG;rbs_motif=AGGA;rbs_spacer=5-10bp;genetic_code=11;gc_cont=0.667	GENOMAD.213001.PC	6.443E-213	663	0
JAJIUH010000075.1_118 # 139954 # 140214 # -1 # ID=113_118;partial=00;start_type=ATG;rbs_motif=None;rbs_spacer=None;genetic_code=11;gc_cont=0.621	GENOMAD.111764.CV	1.255E-11	61	0
JAJIUH010000077.1_20 # 19397 # 20230 # -1 # ID=115_20;partial=00;start_type=ATG;rbs_motif=None;rbs_spacer=None;genetic_code=11;gc_cont=0.597	GENOMAD.189522.PC	5.232E-162	505	0
JAJIUH010000077.1_52 # 50910 # 51263 # 1 # ID=115_52;partial=00;start_type=ATG;rbs_motif=None;rbs_spacer=None;genetic_code=11;gc_cont=0.607	GENOMAD.141125.CP	2.289E-50	174	0
JAJIUH010000079.1_4 # 3177 # 3788 # 1 # ID=117_4;partial=00;start_type=ATG;rbs_motif=None;rbs_spacer=None;genetic_code=11;gc_cont=0.637	GENOMAD.124185.CV	9.221E-04	42	0
JAJIUH010000080.1_30 # 23967 # 24362 # 1 # ID=118_30;partial=00;start_type=ATG;rbs_motif=GGAG/GAGG;rbs_spacer=5-10bp;genetic_code=11;gc_cont=0.641	GENOMAD.095260.PP	6.618E-54	185	0
JAJIUH010000028.1_21 # 31325 # 32734 # 1 # ID=61_21;partial=00;start_type=ATG;rbs_motif=GGA/GAG/AGG;rbs_spacer=5-10bp;genetic_code=11;gc_cont=0.687	GENOMAD.170187.PC	2.448E-96	325	0
JAJIUH010000028.1_53 # 72329 # 74083 # -1 # ID=61_53;partial=00;start_type=ATG;rbs_motif=AGGAG;rbs_spacer=5-10bp;genetic_code=11;gc_cont=0.636	GENOMAD.021660.VV	1.513E-07	57	1246
JAJIUH010000034.1_8 # 8414 # 10972 # -1 # ID=67_8;partial=00;start_type=GTG;rbs_motif=GGA/GAG/AGG;rbs_spacer=5-10bp;genetic_code=11;gc_cont=0.633	GENOMAD.152082.CP	2.059E-27	123	0
JAJIUH010000003.1_5 # 4154 # 6175 # -1 # ID=69_5;partial=00;start_type=ATG;rbs_motif=GGA/GAG/AGG;rbs_spacer=11-12bp;genetic_code=11;gc_cont=0.646	GENOMAD.010722.CC	9.491E-27	120	0
JAJIUH010000040.1_4 # 6899 # 8536 # -1 # ID=74_4;partial=00;start_type=ATG;rbs_motif=None;rbs_spacer=None;genetic_code=11;gc_cont=0.650	GENOMAD.124454.CP	2.450E-196	619	0
JAJIUH010000075.1_100 # 118633 # 119277 # 1 # ID=113_100;partial=00;start_type=ATG;rbs_motif=None;rbs_spacer=None;genetic_code=11;gc_cont=0.670	GENOMAD.002511.CC	3.205E-49	176	0
JAJIUH010000080.1_44 # 38248 # 39018 # -1 # ID=118_44;partial=00;start_type=ATG;rbs_motif=GGA/GAG/AGG;rbs_spacer=5-10bp;genetic_code=11;gc_cont=0.637	GENOMAD.171213.PC	1.808E-35	138	0
JAJIUH010000066.1_75 # 68806 # 70215 # -1 # ID=103_75;partial=00;start_type=ATG;rbs_motif=None;rbs_spacer=None;genetic_code=11;gc_cont=0.661	GENOMAD.171872.PC	3.009E-13	75	0
JAJIUH010000075.1_57 # 70347 # 70748 # 1 # ID=113_57;partial=00;start_type=ATG;rbs_motif=GGAG/GAGG;rbs_spacer=5-10bp;genetic_code=11;gc_cont=0.662	GENOMAD.171460.CP	2.518E-15	74	0
JAJIUH010000075.1_89 # 104577 # 105464 # 1 # ID=113_89;partial=00;start_type=ATG;rbs_motif=GGAG/GAGG;rbs_spacer=5-10bp;genetic_code=11;gc_cont=0.669	GENOMAD.145601.CP	1.508E-31	128	0
JAJIUH010000075.1_153 # 184728 # 185378 # -1 # ID=113_153;partial=00;start_type=ATG;rbs_motif=GGA/GAG/AGG;rbs_spacer=5-10bp;genetic_code=11;gc_cont=0.665	GENOMAD.142885.CP	2.813E-06	50	0
JAJIUH010000027.1_58 # 88970 # 89629 # -1 # ID=60_58;partial=00;start_type=ATG;rbs_motif=AGGA;rbs_spacer=5-10bp;genetic_code=11;gc_cont=0.612	GENOMAD.206010.CP	7.215E-15	76	0
JAJIUH010000027.1_90 # 127754 # 128392 # -1 # ID=60_90;partial=00;start_type=ATG;rbs_motif=None;rbs_spacer=None;genetic_code=11;gc_cont=0.707	GENOMAD.089544.CV	1.843E-24	104	1246
JAJIUH010000027.1_154 # 212395 # 214359 # 1 # ID=60_154;partial=00;start_type=GTG;rbs_motif=GGA/GAG/AGG;rbs_spacer=5-10bp;genetic_code=11;gc_cont=0.683	GENOMAD.145791.CP	3.282E-101	347	0
JAJIUH010000027.1_186 # 254895 # 255113 # 1 # ID=60_186;partial=00;start_type=GTG;rbs_motif=None;rbs_spacer=None;genetic_code=11;gc_cont=0.639	GENOMAD.007320.CC	4.225E-09	53	0
JAJIUH010000028.1_43 # 61696 # 62343 # 1 # ID=61_43;partial=00;start_type=ATG;rbs_motif=AGGA;rbs_spacer=5-10bp;genetic_code=11;gc_cont=0.668	GENOMAD.181422.CP	5.502E-43	158	0
JAJIUH010000010.1_54 # 65579 # 66214 # 1 # ID=11_54;partial=00;start_type=ATG;rbs_motif=GGAG/GAGG;rbs_spacer=5-10bp;genetic_code=11;gc_cont=0.648	GENOMAD.147577.CP	2.471E-05	47	0
JAJIUH010000010.1_86 # 93890 # 94075 # -1 # ID=11_86;partial=00;start_type=ATG;rbs_motif=GGA/GAG/AGG;rbs_spacer=5-10bp;genetic_code=11;gc_cont=0.602	GENOMAD.000093.CC	1.118E-09	54	0
JAJIUH010000105.1_47 # 52769 # 53860 # -1 # ID=13_47;partial=00;start_type=ATG;rbs_motif=GGxGG;rbs_spacer=5-10bp;genetic_code=11;gc_cont=0.598	GENOMAD.116611.CP	1.108E-63	225	0
JAJIUH010000106.1_17 # 10301 # 10429 # 1 # ID=14_17;partial=00;start_type=ATG;rbs_motif=AGGAG;rbs_spacer=5-10bp;genetic_code=11;gc_cont=0.581	GENOMAD.112093.VV	2.595E-14	66	0
JAJIUH010000125.1_62 # 70496 # 70864 # 1 # ID=34_62;partial=00;start_type=GTG;rbs_motif=AGGAG;rbs_spacer=5-10bp;genetic_code=11;gc_cont=0.626	GENOMAD.044178.CC	2.285E-20	88	0
JAJIUH010000125.1_126 # 134993 # 135889 # -1 # ID=34_126;partial=00;start_type=ATG;rbs_motif=GGA/GAG/AGG;rbs_spacer=11-12bp;genetic_code=11;gc_cont=0.717	GENOMAD.006189.CC	3.681E-124	397	0
JAJIUH010000127.1_40 # 47392 # 48495 # -1 # ID=36_40;partial=00;start_type=ATG;rbs_motif=None;rbs_spacer=None;genetic_code=11;gc_cont=0.593	GENOMAD.181329.VC	3.533E-04	45	1246
JAJIUH010000127.1_72 # 87692 # 88798 # 1 # ID=36_72;partial=00;start_type=ATG;rbs_motif=GGxGG;rbs_spacer=5-10bp;genetic_code=11;gc_cont=0.650	GENOMAD.074903.CP	7.607E-60	214	0
JAJIUH010000131.1_3 # 1556 # 2170 # 1 # ID=40_3;partial=00;start_type=ATG;rbs_motif=None;rbs_spacer=None;genetic_code=11;gc_cont=0.631	GENOMAD.167534.CP	2.263E-15	77	0
JAJIUH010000131.1_35 # 40840 # 42129 # -1 # ID=40_35;partial=00;start_type=GTG;rbs_motif=AGGAG;rbs_spacer=5-10bp;genetic_code=11;gc_cont=0.608	GENOMAD.123376.CP	7.419E-68	240	0
JAJIUH010000041.1_7 # 3997 # 4677 # -1 # ID=75_7;partial=00;start_type=ATG;rbs_motif=AGGAG;rbs_spacer=5-10bp;genetic_code=11;gc_cont=0.637	GENOMAD.123925.PP	5.399E-102	329	0
JAJIUH010000045.1_7 # 6801 # 7037 # -1 # ID=79_7;partial=00;start_type=ATG;rbs_motif=AGGA/GGAG/GAGG;rbs_spacer=11-12bp;genetic_code=11;gc_cont=0.612	GENOMAD.020705.CC	1.223E-30	115	0
JAJIUH010000046.1_7 # 5005 # 6537 # 1 # ID=81_7;partial=00;start_type=ATG;rbs_motif=GGAG/GAGG;rbs_spacer=5-10bp;genetic_code=11;gc_cont=0.627	GENOMAD.221159.PV	2.032E-227	707	0
JAJIUH010000047.1_24 # 31130 # 32611 # 1 # ID=82_24;partial=00;start_type=ATG;rbs_motif=None;rbs_spacer=None;genetic_code=11;gc_cont=0.683	GENOMAD.114384.CP	6.397E-41	162	18026
JAJIUH010000047.1_56 # 70084 # 71412 # -1 # ID=82_56;partial=00;start_type=ATG;rbs_motif=None;rbs_spacer=None;genetic_code=11;gc_cont=0.663	GENOMAD.161908.VC	2.328E-04	46	1246
JAJIUH010000048.1_4 # 2491 # 2826 # -1 # ID=83_4;partial=00;start_type=ATG;rbs_motif=AGGAG;rbs_spacer=5-10bp;genetic_code=11;gc_cont=0.580	GENOMAD.207255.PC	5.197E-39	141	0
JAJIUH010000048.1_36 # 37434 # 38255 # 1 # ID=83_36;partial=00;start_type=ATG;rbs_motif=GGAG/GAGG;rbs_spacer=5-10bp;genetic_code=11;gc_cont=0.599	GENOMAD.126338.CP	1.103E-71	244	0
JAJIUH010000048.1_68 # 75006 # 76094 # 1 # ID=83_68;partial=00;start_type=ATG;rbs_motif=GGAG/GAGG;rbs_spacer=5-10bp;genetic_code=11;gc_cont=0.660	GENOMAD.126777.CP	7.470E-26	113	0
JAJIUH010000114.1_3 # 9180 # 10388 # 1 # ID=22_3;partial=00;start_type=GTG;rbs_motif=GGA/GAG/AGG;rbs_spacer=5-10bp;genetic_code=11;gc_cont=0.709	GENOMAD.177428.CP	1.715E-129	418	0
JAJIUH010000116.1_31 # 34123 # 34983 # -1 # ID=24_31;partial=00;start_type=ATG;rbs_motif=None;rbs_spacer=None;genetic_code=11;gc_cont=0.698	GENOMAD.123845.CP	2.750E-14	76	0
JAJIUH010000116.1_63 # 66005 # 67009 # -1 # ID=24_63;partial=00;start_type=TTG;rbs_motif=GGAGG;rbs_spacer=5-10bp;genetic_code=11;gc_cont=0.659	GENOMAD.197924.PC	2.327E-182	567	0
JAJIUH010000026.1_2 # 465 # 803 # -1 # ID=58_2;partial=00;start_type=ATG;rbs_motif=GGA/GAG/AGG;rbs_spacer=5-10bp;genetic_code=11;gc_cont=0.649	GENOMAD.195024.PC	6.682E-04	40	0
JAJIUH010000027.1_21 # 28642 # 29391 # -1 # ID=60_21;partial=00;start_type=ATG;rbs_motif=GGA/GAG/AGG;rbs_spacer=5-10bp;genetic_code=11;gc_cont=0.645	GENOMAD.121797.CP	8.048E-05	46	0
JAJIUH010000027.1_53 # 80349 # 81425 # 1 # ID=60_53;partial=00;start_type=ATG;rbs_motif=GGAG/GAGG;rbs_spacer=5-10bp;genetic_code=11;gc_cont=0.689	GENOMAD.141393.CP	2.077E-17	87	0
JAJIUH010000027.1_117 # 159892 # 162534 # 1 # ID=60_117;partial=00;start_type=ATG;rbs_motif=GGAG/GAGG;rbs_spacer=5-10bp;genetic_code=11;gc_cont=0.639	GENOMAD.178294.CP	2.792E-138	465	0
JAJIUH010000027.1_181 # 251197 # 252231 # 1 # ID=60_181;partial=00;start_type=ATG;rbs_motif=GGA/GAG/AGG;rbs_spacer=5-10bp;genetic_code=11;gc_cont=0.643	GENOMAD.151274.CP	2.480E-30	126	1246
JAJIUH010000028.1_6 # 5676 # 6017 # -1 # ID=61_6;partial=00;start_type=ATG;rbs_motif=AGGAG;rbs_spacer=5-10bp;genetic_code=11;gc_cont=0.661	GENOMAD.166221.CP	3.856E-19	84	0
JAJIUH010000028.1_38 # 56074 # 56664 # 1 # ID=61_38;partial=00;start_type=ATG;rbs_motif=AGGAG;rbs_spacer=5-10bp;genetic_code=11;gc_cont=0.675	GENOMAD.002853.CC	8.670E-15	75	0
JAJIUH010000009.1_21 # 27514 # 28842 # 1 # ID=133_21;partial=00;start_type=ATG;rbs_motif=AGGA;rbs_spacer=5-10bp;genetic_code=11;gc_cont=0.633	GENOMAD.189690.PC	1.423E-101	339	0
JAJIUH010000094.1_28 # 44691 # 45389 # -1 # ID=1_28;partial=00;start_type=ATG;rbs_motif=AGGAG;rbs_spacer=5-10bp;genetic_code=11;gc_cont=0.644	GENOMAD.180976.PC	9.092E-19	88	0
JAJIUH010000094.1_92 # 124403 # 125437 # 1 # ID=1_92;partial=00;start_type=TTG;rbs_motif=None;rbs_spacer=None;genetic_code=11;gc_cont=0.640	GENOMAD.119444.CP	6.466E-04	44	0
JAJIUH010000095.1_32 # 35581 # 35763 # -1 # ID=2_32;partial=00;start_type=ATG;rbs_motif=GGAG/GAGG;rbs_spacer=5-10bp;genetic_code=11;gc_cont=0.601	GENOMAD.171588.PC	6.898E-07	46	0
JAJIUH010000066.1_22 # 16647 # 17747 # 1 # ID=103_22;partial=00;start_type=ATG;rbs_motif=GGA/GAG/AGG;rbs_spacer=5-10bp;genetic_code=11;gc_cont=0.686	GENOMAD.121921.CP	8.444E-175	547	0
JAJIUH010000069.1_11 # 15265 # 15543 # 1 # ID=106_11;partial=00;start_type=ATG;rbs_motif=None;rbs_spacer=None;genetic_code=11;gc_cont=0.642	GENOMAD.169830.CP	1.905E-17	78	0
JAJIUH010000075.1_4 # 3686 # 4120 # 1 # ID=113_4;partial=00;start_type=ATG;rbs_motif=AGGAG;rbs_spacer=5-10bp;genetic_code=11;gc_cont=0.692	GENOMAD.142464.CP	2.258E-21	92	0
JAJIUH010000075.1_36 # 44027 # 45532 # 1 # ID=113_36;partial=00;start_type=ATG;rbs_motif=AGGA;rbs_spacer=5-10bp;genetic_code=11;gc_cont=0.661	GENOMAD.125808.CP	2.008E-06	53	0
JAJIUH010000088.1_18 # 19750 # 20220 # -1 # ID=127_18;partial=00;start_type=ATG;rbs_motif=GGA/GAG/AGG;rbs_spacer=5-10bp;genetic_code=11;gc_cont=0.622	GENOMAD.089560.CV	2.408E-43	156	0
JAJIUH010000090.1_21 # 21568 # 22386 # 1 # ID=129_21;partial=00;start_type=ATG;rbs_motif=GGA/GAG/AGG;rbs_spacer=5-10bp;genetic_code=11;gc_cont=0.678	GENOMAD.192568.CP	3.189E-104	338	0
JAJIUH010000009.1_24 # 31173 # 32498 # -1 # ID=133_24;partial=00;start_type=ATG;rbs_motif=GGA/GAG/AGG;rbs_spacer=5-10bp;genetic_code=11;gc_cont=0.656	GENOMAD.152654.CP	1.143E-08	60	0
JAJIUH010000094.1_63 # 85072 # 85704 # 1 # ID=1_63;partial=00;start_type=ATG;rbs_motif=None;rbs_spacer=None;genetic_code=11;gc_cont=0.664	GENOMAD.125911.CP	1.728E-24	104	0
JAJIUH010000094.1_95 # 126621 # 127286 # 1 # ID=1_95;partial=00;start_type=ATG;rbs_motif=GGA/GAG/AGG;rbs_spacer=5-10bp;genetic_code=11;gc_cont=0.617	GENOMAD.136573.CP	3.487E-31	124	0
JAJIUH010000094.1_127 # 161595 # 161966 # 1 # ID=1_127;partial=00;start_type=ATG;rbs_motif=None;rbs_spacer=None;genetic_code=11;gc_cont=0.661	GENOMAD.140513.CP	1.962E-22	94	0
JAJIUH010000027.1_83 # 117112 # 117348 # -1 # ID=60_83;partial=00;start_type=ATG;rbs_motif=GGAG/GAGG;rbs_spacer=5-10bp;genetic_code=11;gc_cont=0.595	GENOMAD.101932.CV	1.105E-09	55	0
JAJIUH010000027.1_179 # 246645 # 249578 # 1 # ID=60_179;partial=00;start_type=GTG;rbs_motif=GGA/GAG/AGG;rbs_spacer=5-10bp;genetic_code=11;gc_cont=0.642	GENOMAD.152082.CP	3.893E-56	217	0
JAJIUH010000035.1_5 # 9664 # 10278 # 1 # ID=68_5;partial=00;start_type=ATG;rbs_motif=AGGA;rbs_spacer=5-10bp;genetic_code=11;gc_cont=0.688	GENOMAD.181672.CP	3.955E-20	91	0
JAJIUH010000116.1_25 # 28410 # 29144 # 1 # ID=24_25;partial=00;start_type=ATG;rbs_motif=GGAG/GAGG;rbs_spacer=5-10bp;genetic_code=11;gc_cont=0.663	GENOMAD.170300.PC	9.215E-07	52	0
JAJIUH010000117.1_43 # 50587 # 50988 # 1 # ID=25_43;partial=00;start_type=GTG;rbs_motif=GGAG/GAGG;rbs_spacer=5-10bp;genetic_code=11;gc_cont=0.600	GENOMAD.116980.PP	3.599E-53	183	0
JAJIUH010000094.1_34 # 52584 # 52946 # -1 # ID=1_34;partial=00;start_type=ATG;rbs_motif=GGAG/GAGG;rbs_spacer=5-10bp;genetic_code=11;gc_cont=0.664	GENOMAD.145553.CP	6.350E-08	52	0
JAJIUH010000094.1_98 # 130201 # 130986 # 1 # ID=1_98;partial=00;start_type=ATG;rbs_motif=GGAG/GAGG;rbs_spacer=5-10bp;genetic_code=11;gc_cont=0.642	GENOMAD.119007.CP	3.901E-20	93	0
JAJIUH010000094.1_130 # 164701 # 165321 # 1 # ID=1_130;partial=00;start_type=ATG;rbs_motif=GGAGG;rbs_spacer=5-10bp;genetic_code=11;gc_cont=0.712	GENOMAD.140316.CP	4.349E-86	282	0
JAJIUH010000047.1_91 # 113213 # 113758 # -1 # ID=82_91;partial=00;start_type=ATG;rbs_motif=GGA/GAG/AGG;rbs_spacer=5-10bp;genetic_code=11;gc_cont=0.658	GENOMAD.123377.CP	3.373E-33	128	0
JAJIUH010000112.1_37 # 37463 # 38419 # -1 # ID=20_37;partial=00;start_type=ATG;rbs_motif=None;rbs_spacer=None;genetic_code=11;gc_cont=0.635	GENOMAD.124080.CP	1.564E-05	49	0
JAJIUH010000116.1_8 # 8380 # 9627 # 1 # ID=24_8;partial=00;start_type=ATG;rbs_motif=None;rbs_spacer=None;genetic_code=11;gc_cont=0.639	GENOMAD.145307.CP	1.477E-06	53	0
JAJIUH010000117.1_26 # 28222 # 29100 # -1 # ID=25_26;partial=00;start_type=ATG;rbs_motif=GGAG/GAGG;rbs_spacer=5-10bp;genetic_code=11;gc_cont=0.650	GENOMAD.119278.CP	7.683E-76	257	0
JAJIUH010000121.1_1 # 3 # 521 # -1 # ID=29_1;partial=11;start_type=Edge;rbs_motif=None;rbs_spacer=None;genetic_code=11;gc_cont=0.592	GENOMAD.177338.PC	1.288E-04	44	0
JAJIUH010000011.1_11 # 8706 # 9320 # 1 # ID=32_11;partial=00;start_type=ATG;rbs_motif=GGA/GAG/AGG;rbs_spacer=5-10bp;genetic_code=11;gc_cont=0.623	GENOMAD.161509.CP	1.151E-08	57	0
JAJIUH010000125.1_79 # 86930 # 87385 # -1 # ID=34_79;partial=00;start_type=ATG;rbs_motif=AGGAG;rbs_spacer=5-10bp;genetic_code=11;gc_cont=0.638	GENOMAD.160397.CP	1.469E-09	58	0
JAJIUH010000125.1_111 # 118788 # 119792 # -1 # ID=34_111;partial=00;start_type=ATG;rbs_motif=GGAG/GAGG;rbs_spacer=5-10bp;genetic_code=11;gc_cont=0.691	GENOMAD.125846.CP	1.772E-35	141	0
JAJIUH010000127.1_57 # 67216 # 68475 # 1 # ID=36_57;partial=00;start_type=ATG;rbs_motif=None;rbs_spacer=None;genetic_code=11;gc_cont=0.649	GENOMAD.148298.CP	2.830E-43	167	0
JAJIUH010000090.1_25 # 27687 # 28886 # -1 # ID=129_25;partial=00;start_type=ATG;rbs_motif=AGxAGG/AGGxGG;rbs_spacer=5-10bp;genetic_code=11;gc_cont=0.727	GENOMAD.019425.CC	9.012E-226	696	0
JAJIUH010000091.1_23 # 20520 # 20861 # 1 # ID=130_23;partial=00;start_type=ATG;rbs_motif=GGAG/GAGG;rbs_spacer=5-10bp;genetic_code=11;gc_cont=0.629	GENOMAD.008251.CC	1.551E-52	180	0
JAJIUH010000009.1_28 # 38339 # 39601 # -1 # ID=133_28;partial=00;start_type=ATG;rbs_motif=GGxGG;rbs_spacer=5-10bp;genetic_code=11;gc_cont=0.660	GENOMAD.182562.CP	9.819E-218	674	0
JAJIUH010000094.1_3 # 3203 # 4213 # -1 # ID=1_3;partial=00;start_type=ATG;rbs_motif=GGAG/GAGG;rbs_spacer=5-10bp;genetic_code=11;gc_cont=0.698	GENOMAD.167831.PC	4.600E-63	222	0
JAJIUH010000094.1_35 # 52949 # 55402 # -1 # ID=1_35;partial=00;start_type=ATG;rbs_motif=AGGAG;rbs_spacer=5-10bp;genetic_code=11;gc_cont=0.634	GENOMAD.171155.CP	2.631E-04	47	0
JAJIUH010000094.1_99 # 131025 # 131717 # 1 # ID=1_99;partial=00;start_type=ATG;rbs_motif=AGGA;rbs_spacer=5-10bp;genetic_code=11;gc_cont=0.674	GENOMAD.142369.CP	3.765E-45	165	0
JAJIUH010000087.1_19 # 17583 # 18686 # 1 # ID=126_19;partial=00;start_type=ATG;rbs_motif=None;rbs_spacer=None;genetic_code=11;gc_cont=0.682	GENOMAD.151958.CP	2.411E-06	52	0
JAJIUH010000087.1_51 # 63360 # 64943 # 1 # ID=126_51;partial=00;start_type=ATG;rbs_motif=AGGAG;rbs_spacer=5-10bp;genetic_code=11;gc_cont=0.667	GENOMAD.151274.CP	3.000E-04	46	1246
JAJIUH010000087.1_83 # 102319 # 104391 # 1 # ID=126_83;partial=00;start_type=ATG;rbs_motif=GGA/GAG/AGG;rbs_spacer=11-12bp;genetic_code=11;gc_cont=0.709	GENOMAD.121720.CP	2.858E-09	63	0
JAJIUH010000088.1_3 # 2904 # 4175 # 1 # ID=127_3;partial=00;start_type=ATG;rbs_motif=GGA/GAG/AGG;rbs_spacer=5-10bp;genetic_code=11;gc_cont=0.697	GENOMAD.141361.CP	1.566E-64	230	0
JAJIUH010000091.1_36 # 38567 # 38836 # -1 # ID=130_36;partial=00;start_type=ATG;rbs_motif=None;rbs_spacer=None;genetic_code=11;gc_cont=0.700	GENOMAD.108170.CP	1.986E-08	52	0
JAJIUH010000009.1_9 # 13403 # 16048 # 1 # ID=133_9;partial=00;start_type=ATG;rbs_motif=None;rbs_spacer=None;genetic_code=11;gc_cont=0.683	GENOMAD.166313.CP	2.976E-36	152	0
JAJIUH010000017.1_30 # 24113 # 25840 # 1 # ID=48_30;partial=00;start_type=GTG;rbs_motif=GGA/GAG/AGG;rbs_spacer=5-10bp;genetic_code=11;gc_cont=0.688	GENOMAD.133902.CP	6.238E-115	384	0
JAJIUH010000001.1_16 # 17005 # 17607 # 1 # ID=49_16;partial=00;start_type=ATG;rbs_motif=GGAG/GAGG;rbs_spacer=5-10bp;genetic_code=11;gc_cont=0.723	GENOMAD.012439.CC	6.764E-43	157	0
JAJIUH010000020.1_112 # 119878 # 120156 # -1 # ID=52_112;partial=00;start_type=ATG;rbs_motif=GGAG/GAGG;rbs_spacer=5-10bp;genetic_code=11;gc_cont=0.699	GENOMAD.097670.CP	3.087E-20	86	0
JAJIUH010000020.1_144 # 156303 # 157436 # -1 # ID=52_144;partial=00;start_type=ATG;rbs_motif=None;rbs_spacer=None;genetic_code=11;gc_cont=0.693	GENOMAD.136642.CP	1.114E-35	143	0
JAJIUH010000083.1_17 # 32539 # 33384 # 1 # ID=121_17;partial=00;start_type=ATG;rbs_motif=GGA/GAG/AGG;rbs_spacer=5-10bp;genetic_code=11;gc_cont=0.662	GENOMAD.151402.CP	1.314E-18	89	0
JAJIUH010000084.1_30 # 32599 # 33033 # -1 # ID=123_30;partial=00;start_type=ATG;rbs_motif=AGGAG;rbs_spacer=5-10bp;genetic_code=11;gc_cont=0.570	GENOMAD.018404.CC	1.205E-53	185	0
JAJIUH010000085.1_10 # 12031 # 12549 # -1 # ID=124_10;partial=00;start_type=ATG;rbs_motif=GGA/GAG/AGG;rbs_spacer=5-10bp;genetic_code=11;gc_cont=0.669	GENOMAD.103372.CV	5.897E-07	51	1246
JAJIUH010000087.1_16 # 14679 # 16193 # -1 # ID=126_16;partial=00;start_type=ATG;rbs_motif=AGGAG;rbs_spacer=5-10bp;genetic_code=11;gc_cont=0.659	GENOMAD.148022.CP	1.604E-28	124	0
JAJIUH010000087.1_80 # 100063 # 100866 # 1 # ID=126_80;partial=00;start_type=ATG;rbs_motif=None;rbs_spacer=None;genetic_code=11;gc_cont=0.675	GENOMAD.120720.CV	4.280E-23	102	0
JAJIUH010000087.1_112 # 133847 # 134806 # -1 # ID=126_112;partial=01;start_type=Edge;rbs_motif=None;rbs_spacer=None;genetic_code=11;gc_cont=0.572	GENOMAD.178470.PC	1.616E-11	68	0
JAJIUH010000094.1_151 # 190942 # 192600 # 1 # ID=1_151;partial=00;start_type=ATG;rbs_motif=None;rbs_spacer=None;genetic_code=11;gc_cont=0.683	GENOMAD.116397.CP	2.796E-87	302	0
JAJIUH010000095.1_27 # 28803 # 29972 # 1 # ID=2_27;partial=00;start_type=ATG;rbs_motif=GGA/GAG/AGG;rbs_spacer=5-10bp;genetic_code=11;gc_cont=0.668	GENOMAD.070016.VV	8.860E-21	98	1246
JAJIUH010000097.1_10 # 6662 # 7636 # -1 # ID=4_10;partial=00;start_type=ATG;rbs_motif=GGAGG;rbs_spacer=5-10bp;genetic_code=11;gc_cont=0.626	GENOMAD.118517.CP	6.863E-93	308	1246
JAJIUH010000097.1_42 # 42709 # 43503 # -1 # ID=4_42;partial=00;start_type=GTG;rbs_motif=AGGA;rbs_spacer=5-10bp;genetic_code=11;gc_cont=0.542	GENOMAD.003941.CC	1.710E-107	347	0
JAJIUH010000098.1_11 # 9505 # 10017 # -1 # ID=5_11;partial=00;start_type=ATG;rbs_motif=None;rbs_spacer=None;genetic_code=11;gc_cont=0.643	GENOMAD.055619.CC	2.638E-05	46	0
JAJIUH010000098.1_43 # 45734 # 46822 # -1 # ID=5_43;partial=00;start_type=ATG;rbs_motif=GGAG/GAGG;rbs_spacer=5-10bp;genetic_code=11;gc_cont=0.687	GENOMAD.192885.CP	3.747E-182	568	0
JAJIUH010000099.1_26 # 25783 # 27471 # 1 # ID=6_26;partial=00;start_type=ATG;rbs_motif=None;rbs_spacer=None;genetic_code=11;gc_cont=0.693	GENOMAD.120548.CP	1.016E-270	835	0
JAJIUH010000127.1_5 # 5178 # 6272 # -1 # ID=36_5;partial=00;start_type=ATG;rbs_motif=GGxGG;rbs_spacer=3-4bp;genetic_code=11;gc_cont=0.647	GENOMAD.145955.PC	1.762E-35	142	0
JAJIUH010000127.1_37 # 45086 # 45523 # -1 # ID=36_37;partial=00;start_type=ATG;rbs_motif=GGA/GAG/AGG;rbs_spacer=5-10bp;genetic_code=11;gc_cont=0.555	GENOMAD.206789.PC	6.875E-06	47	0
JAJIUH010000131.1_32 # 35936 # 36994 # -1 # ID=40_32;partial=00;start_type=GTG;rbs_motif=GGAG/GAGG;rbs_spacer=5-10bp;genetic_code=11;gc_cont=0.631	GENOMAD.000156.CC	3.670E-63	223	0
JAJIUH010000131.1_64 # 71195 # 72484 # 1 # ID=40_64;partial=00;start_type=ATG;rbs_motif=AGGA;rbs_spacer=5-10bp;genetic_code=11;gc_cont=0.674	GENOMAD.118353.CP	5.597E-28	121	0
JAJIUH010000018.1_23 # 25075 # 25527 # -1 # ID=50_23;partial=00;start_type=ATG;rbs_motif=None;rbs_spacer=None;genetic_code=11;gc_cont=0.682	GENOMAD.132398.CP	7.215E-08	53	0
JAJIUH010000020.1_11 # 13241 # 14179 # -1 # ID=52_11;partial=00;start_type=ATG;rbs_motif=GGAG/GAGG;rbs_spacer=5-10bp;genetic_code=11;gc_cont=0.683	GENOMAD.153340.CP	2.826E-10	64	0
JAJIUH010000020.1_139 # 152082 # 152759 # -1 # ID=52_139;partial=00;start_type=ATG;rbs_motif=GGA/GAG/AGG;rbs_spacer=5-10bp;genetic_code=11;gc_cont=0.678	GENOMAD.007942.CC	5.593E-57	199	0
JAJIUH010000017.1_26 # 20904 # 21161 # 1 # ID=48_26;partial=00;start_type=ATG;rbs_motif=GGAGG;rbs_spacer=5-10bp;genetic_code=11;gc_cont=0.593	GENOMAD.147428.CP	2.103E-06	46	0
JAJIUH010000017.1_58 # 66471 # 67889 # -1 # ID=48_58;partial=00;start_type=ATG;rbs_motif=GGAG/GAGG;rbs_spacer=5-10bp;genetic_code=11;gc_cont=0.695	GENOMAD.154735.PC	1.753E-58	214	0
JAJIUH010000020.1_12 # 14185 # 14976 # -1 # ID=52_12;partial=00;start_type=ATG;rbs_motif=GGAG/GAGG;rbs_spacer=5-10bp;genetic_code=11;gc_cont=0.640	GENOMAD.129876.CP	7.567E-41	154	0
JAJIUH010000020.1_76 # 84103 # 85278 # 1 # ID=52_76;partial=00;start_type=ATG;rbs_motif=GGA/GAG/AGG;rbs_spacer=5-10bp;genetic_code=11;gc_cont=0.683	GENOMAD.151958.CP	1.752E-19	94	0
JAJIUH010000020.1_108 # 115151 # 116713 # -1 # ID=52_108;partial=00;start_type=GTG;rbs_motif=AGxAGG/AGGxGG;rbs_spacer=3-4bp;genetic_code=11;gc_cont=0.673	GENOMAD.178996.PC	9.079E-23	106	0
JAJIUH010000105.1_22 # 23619 # 24137 # -1 # ID=13_22;partial=00;start_type=ATG;rbs_motif=GGAG/GAGG;rbs_spacer=5-10bp;genetic_code=11;gc_cont=0.582	GENOMAD.182432.CP	5.786E-04	42	0
JAJIUH010000105.1_54 # 60588 # 60989 # -1 # ID=13_54;partial=00;start_type=ATG;rbs_motif=None;rbs_spacer=None;genetic_code=11;gc_cont=0.590	GENOMAD.000945.CC	1.029E-06	49	0
JAJIUH010000108.1_5 # 6581 # 7456 # 1 # ID=16_5;partial=00;start_type=ATG;rbs_motif=AGGA;rbs_spacer=5-10bp;genetic_code=11;gc_cont=0.651	GENOMAD.116234.CP	2.975E-14	76	0
JAJIUH010000108.1_37 # 45903 # 46427 # 1 # ID=16_37;partial=00;start_type=ATG;rbs_motif=GGA/GAG/AGG;rbs_spacer=5-10bp;genetic_code=11;gc_cont=0.661	GENOMAD.140449.CP	1.060E-34	132	0
JAJIUH010000111.1_7 # 6082 # 7674 # 1 # ID=19_7;partial=00;start_type=ATG;rbs_motif=GGA/GAG/AGG;rbs_spacer=5-10bp;genetic_code=11;gc_cont=0.650	GENOMAD.113193.CP	2.597E-40	161	0
JAJIUH010000112.1_55 # 60600 # 62318 # 1 # ID=20_55;partial=00;start_type=ATG;rbs_motif=GGAG/GAGG;rbs_spacer=5-10bp;genetic_code=11;gc_cont=0.679	GENOMAD.159408.CP	2.164E-89	309	0
JAJIUH010000084.1_29 # 32212 # 32544 # 1 # ID=123_29;partial=00;start_type=ATG;rbs_motif=GGAG/GAGG;rbs_spacer=5-10bp;genetic_code=11;gc_cont=0.595	GENOMAD.215480.PC	9.004E-49	169	0
JAJIUH010000087.1_47 # 59494 # 60315 # 1 # ID=126_47;partial=00;start_type=TTG;rbs_motif=GGAG/GAGG;rbs_spacer=5-10bp;genetic_code=11;gc_cont=0.662	GENOMAD.182377.PC	3.470E-33	132	0
JAJIUH010000087.1_79 # 99517 # 99945 # 1 # ID=126_79;partial=00;start_type=ATG;rbs_motif=None;rbs_spacer=None;genetic_code=11;gc_cont=0.655	GENOMAD.142661.CP	2.226E-29	115	0
JAJIUH010000091.1_32 # 30955 # 32325 # -1 # ID=130_32;partial=00;start_type=GTG;rbs_motif=GGA/GAG/AGG;rbs_spacer=5-10bp;genetic_code=11;gc_cont=0.646	GENOMAD.123940.CP	2.179E-16	85	0
JAJIUH010000098.1_47 # 48771 # 49241 # -1 # ID=5_47;partial=00;start_type=ATG;rbs_motif=None;rbs_spacer=None;genetic_code=11;gc_cont=0.643	GENOMAD.179080.CP	2.843E-83	271	0
JAJIUH010000099.1_30 # 30304 # 30939 # 1 # ID=6_30;partial=00;start_type=ATG;rbs_motif=GGA/GAG/AGG;rbs_spacer=11-12bp;genetic_code=11;gc_cont=0.610	GENOMAD.059655.CP	7.149E-27	111	0
JAJIUH010000101.1_27 # 28594 # 29049 # -1 # ID=8_27;partial=00;start_type=GTG;rbs_motif=GGA/GAG/AGG;rbs_spacer=5-10bp;genetic_code=11;gc_cont=0.610	GENOMAD.154491.CP	7.730E-07	50	0
JAJIUH010000010.1_38 # 47250 # 47894 # -1 # ID=11_38;partial=00;start_type=ATG;rbs_motif=AGGA/GGAG/GAGG;rbs_spacer=11-12bp;genetic_code=11;gc_cont=0.657	GENOMAD.119230.CP	5.426E-05	46	0
JAJIUH010000010.1_70 # 84925 # 85923 # -1 # ID=11_70;partial=00;start_type=ATG;rbs_motif=AGGAG;rbs_spacer=5-10bp;genetic_code=11;gc_cont=0.620	GENOMAD.000031.CC	2.697E-79	269	0
JAJIUH010000105.1_31 # 33807 # 34076 # 1 # ID=13_31;partial=00;start_type=ATG;rbs_motif=None;rbs_spacer=None;genetic_code=11;gc_cont=0.656	GENOMAD.001157.CC	6.008E-43	151	0
JAJIUH010000094.1_33 # 49777 # 52587 # -1 # ID=1_33;partial=00;start_type=ATG;rbs_motif=GGA/GAG/AGG;rbs_spacer=5-10bp;genetic_code=11;gc_cont=0.673	GENOMAD.121843.CP	1.756E-08	61	0
JAJIUH010000130.1_71 # 80037 # 81050 # -1 # ID=39_71;partial=00;start_type=ATG;rbs_motif=GGAG/GAGG;rbs_spacer=5-10bp;genetic_code=11;gc_cont=0.651	GENOMAD.071960.CP	4.058E-21	98	0
JAJIUH010000013.1_11 # 12453 # 12899 # 1 # ID=44_11;partial=00;start_type=ATG;rbs_motif=GGAG/GAGG;rbs_spacer=5-10bp;genetic_code=11;gc_cont=0.655	GENOMAD.159874.CP	6.479E-09	56	0
JAJIUH010000114.1_38 # 61427 # 61780 # 1 # ID=22_38;partial=00;start_type=ATG;rbs_motif=GGAG/GAGG;rbs_spacer=5-10bp;genetic_code=11;gc_cont=0.636	GENOMAD.189480.CP	1.270E-07	51	0
JAJIUH010000116.1_34 # 37514 # 38224 # -1 # ID=24_34;partial=00;start_type=ATG;rbs_motif=None;rbs_spacer=None;genetic_code=11;gc_cont=0.589	GENOMAD.178382.CP	4.766E-34	133	0
JAJIUH010000120.1_14 # 17249 # 17680 # 1 # ID=28_14;partial=00;start_type=ATG;rbs_motif=GGA/GAG/AGG;rbs_spacer=5-10bp;genetic_code=11;gc_cont=0.662	GENOMAD.133547.CP	2.491E-78	256	0
JAJIUH010000048.1_65 # 71436 # 72155 # -1 # ID=83_65;partial=00;start_type=ATG;rbs_motif=GGAG/GAGG;rbs_spacer=5-10bp;genetic_code=11;gc_cont=0.674	GENOMAD.130695.CP	4.619E-36	139	0
JAJIUH010000053.1_28 # 26777 # 27502 # 1 # ID=88_28;partial=00;start_type=ATG;rbs_motif=GGA/GAG/AGG;rbs_spacer=5-10bp;genetic_code=11;gc_cont=0.676	GENOMAD.189856.CP	3.219E-04	44	0
JAJIUH010000054.1_25 # 33951 # 35888 # -1 # ID=89_25;partial=00;start_type=ATG;rbs_motif=GGAG/GAGG;rbs_spacer=5-10bp;genetic_code=11;gc_cont=0.658	GENOMAD.209487.PC	2.378E-05	50	0
JAJIUH010000059.1_26 # 21627 # 22625 # -1 # ID=95_26;partial=00;start_type=ATG;rbs_motif=AGGAGG;rbs_spacer=3-4bp;genetic_code=11;gc_cont=0.603	GENOMAD.138275.PV	1.979E-06	52	0
JAJIUH010000045.1_14 # 11634 # 12620 # 1 # ID=79_14;partial=00;start_type=ATG;rbs_motif=GGA/GAG/AGG;rbs_spacer=5-10bp;genetic_code=11;gc_cont=0.662	GENOMAD.019618.CC	1.000E-58	209	0
JAJIUH010000047.1_63 # 79520 # 80452 # 1 # ID=82_63;partial=00;start_type=ATG;rbs_motif=None;rbs_spacer=None;genetic_code=11;gc_cont=0.646	GENOMAD.182879.CP	1.151E-46	173	0
JAJIUH010000025.1_9 # 13295 # 16330 # 1 # ID=57_9;partial=00;start_type=ATG;rbs_motif=None;rbs_spacer=None;genetic_code=11;gc_cont=0.667	GENOMAD.140631.CP	1.691E-04	48	0
JAJIUH010000025.1_41 # 47954 # 50083 # -1 # ID=57_41;partial=00;start_type=ATG;rbs_motif=None;rbs_spacer=None;genetic_code=11;gc_cont=0.697	GENOMAD.151639.CP	1.367E-186	599	0
JAJIUH010000025.1_73 # 83412 # 84269 # -1 # ID=57_73;partial=00;start_type=ATG;rbs_motif=GGAG/GAGG;rbs_spacer=5-10bp;genetic_code=11;gc_cont=0.674	GENOMAD.159525.PC	2.312E-96	316	0
JAJIUH010000027.1_42 # 66289 # 67623 # -1 # ID=60_42;partial=00;start_type=ATG;rbs_motif=None;rbs_spacer=None;genetic_code=11;gc_cont=0.675	GENOMAD.166652.PC	5.107E-43	167	0
JAJIUH010000027.1_74 # 106321 # 108492 # -1 # ID=60_74;partial=00;start_type=TTG;rbs_motif=GGA/GAG/AGG;rbs_spacer=5-10bp;genetic_code=11;gc_cont=0.652	GENOMAD.009395.VV	4.550E-04	46	1246
JAJIUH010000027.1_99 # 136671 # 136988 # -1 # ID=60_99;partial=00;start_type=ATG;rbs_motif=AGGAG;rbs_spacer=5-10bp;genetic_code=11;gc_cont=0.591	GENOMAD.181410.CP	8.303E-16	74	0
JAJIUH010000027.1_163 # 225510 # 226256 # -1 # ID=60_163;partial=00;start_type=ATG;rbs_motif=AGGA/GGAG/GAGG;rbs_spacer=11-12bp;genetic_code=11;gc_cont=0.671	GENOMAD.133737.CP	4.227E-06	50	0
JAJIUH010000087.1_59 # 72616 # 73098 # 1 # ID=126_59;partial=00;start_type=ATG;rbs_motif=None;rbs_spacer=None;genetic_code=11;gc_cont=0.681	GENOMAD.140723.CP	8.410E-22	94	0
JAJIUH010000091.1_12 # 9075 # 9395 # 1 # ID=130_12;partial=00;start_type=ATG;rbs_motif=None;rbs_spacer=None;genetic_code=11;gc_cont=0.607	GENOMAD.110127.CP	9.165E-39	140	0
JAJIUH010000091.1_44 # 45983 # 47206 # -1 # ID=130_44;partial=01;start_type=Edge;rbs_motif=None;rbs_spacer=None;genetic_code=11;gc_cont=0.656	GENOMAD.126770.CP	4.797E-09	61	0
JAJIUH010000009.1_17 # 22710 # 23759 # -1 # ID=133_17;partial=00;start_type=ATG;rbs_motif=GGAGG;rbs_spacer=5-10bp;genetic_code=11;gc_cont=0.695	GENOMAD.192709.PC	6.815E-64	225	0
JAJIUH010000106.1_34 # 18991 # 20184 # 1 # ID=14_34;partial=00;start_type=ATG;rbs_motif=GGAG/GAGG;rbs_spacer=5-10bp;genetic_code=11;gc_cont=0.619	GENOMAD.080742.VV	1.038E-93	314	18256
JAJIUH010000108.1_15 # 15173 # 17041 # -1 # ID=16_15;partial=00;start_type=ATG;rbs_motif=GGA/GAG/AGG;rbs_spacer=5-10bp;genetic_code=11;gc_cont=0.665	GENOMAD.146534.CP	3.751E-04	46	0
JAJIUH010000112.1_33 # 33764 # 34396 # 1 # ID=20_33;partial=00;start_type=ATG;rbs_motif=None;rbs_spacer=None;genetic_code=11;gc_cont=0.665	GENOMAD.152184.PC	4.030E-23	100	0
JAJIUH010000112.1_65 # 70551 # 71354 # -1 # ID=20_65;partial=00;start_type=ATG;rbs_motif=GGA/GAG/AGG;rbs_spacer=5-10bp;genetic_code=11;gc_cont=0.689	GENOMAD.038780.CC	6.986E-128	406	0
JAJIUH010000133.1_8 # 7419 # 7910 # -1 # ID=43_8;partial=00;start_type=ATG;rbs_motif=AGGA;rbs_spacer=5-10bp;genetic_code=11;gc_cont=0.683	GENOMAD.127111.PP	1.465E-43	157	0
JAJIUH010000133.1_72 # 63889 # 64392 # -1 # ID=43_72;partial=00;start_type=ATG;rbs_motif=GGA/GAG/AGG;rbs_spacer=5-10bp;genetic_code=11;gc_cont=0.617	GENOMAD.206076.PC	5.288E-04	42	0
JAJIUH010000001.1_14 # 13304 # 15526 # -1 # ID=49_14;partial=00;start_type=ATG;rbs_motif=None;rbs_spacer=None;genetic_code=11;gc_cont=0.714	GENOMAD.101878.CP	2.747E-111	380	1246
JAJIUH010000077.1_32 # 32656 # 33039 # 1 # ID=115_32;partial=00;start_type=ATG;rbs_motif=None;rbs_spacer=None;genetic_code=11;gc_cont=0.648	GENOMAD.000805.CC	1.522E-18	83	0
JAJIUH010000077.1_64 # 68046 # 69413 # -1 # ID=115_64;partial=01;start_type=Edge;rbs_motif=None;rbs_spacer=None;genetic_code=11;gc_cont=0.681	GENOMAD.176778.PC	1.826E-115	380	0
JAJIUH010000083.1_29 # 47826 # 49028 # 1 # ID=121_29;partial=00;start_type=TTG;rbs_motif=AGGA;rbs_spacer=5-10bp;genetic_code=11;gc_cont=0.671	GENOMAD.138157.CP	8.255E-43	165	0
JAJIUH010000084.1_42 # 47070 # 48233 # -1 # ID=123_42;partial=00;start_type=ATG;rbs_motif=GGA/GAG/AGG;rbs_spacer=5-10bp;genetic_code=11;gc_cont=0.674	GENOMAD.123310.CP	4.587E-66	233	0
JAJIUH010000075.1_105 # 123569 # 123949 # 1 # ID=113_105;partial=00;start_type=ATG;rbs_motif=None;rbs_spacer=None;genetic_code=11;gc_cont=0.698	GENOMAD.000168.CC	7.934E-17	78	0
JAJIUH010000076.1_5 # 5159 # 5614 # -1 # ID=114_5;partial=00;start_type=ATG;rbs_motif=None;rbs_spacer=None;genetic_code=11;gc_cont=0.678	GENOMAD.205619.PC	1.398E-38	142	0
JAJIUH010000077.1_7 # 5998 # 7041 # 1 # ID=115_7;partial=00;start_type=ATG;rbs_motif=GGA/GAG/AGG;rbs_spacer=5-10bp;genetic_code=11;gc_cont=0.660	GENOMAD.114416.CP	1.171E-125	404	0
JAJIUH010000117.1_24 # 24656 # 25837 # 1 # ID=25_24;partial=00;start_type=ATG;rbs_motif=None;rbs_spacer=None;genetic_code=11;gc_cont=0.655	GENOMAD.117314.CP	1.955E-20	97	0
JAJIUH010000120.1_18 # 19888 # 21243 # -1 # ID=28_18;partial=00;start_type=ATG;rbs_motif=GGAGG;rbs_spacer=3-4bp;genetic_code=11;gc_cont=0.661	GENOMAD.196632.PC	1.444E-82	284	0
JAJIUH010000122.1_4 # 5141 # 6499 # 1 # ID=30_4;partial=00;start_type=ATG;rbs_motif=GGAG/GAGG;rbs_spacer=5-10bp;genetic_code=11;gc_cont=0.702	GENOMAD.022838.CC	9.504E-133	430	0
JAJIUH010000011.1_47 # 50125 # 50979 # 1 # ID=32_47;partial=00;start_type=TTG;rbs_motif=GGAG/GAGG;rbs_spacer=5-10bp;genetic_code=11;gc_cont=0.478	GENOMAD.191510.PC	3.456E-100	327	0
JAJIUH010000017.1_1 # 28 # 498 # -1 # ID=48_1;partial=00;start_type=ATG;rbs_motif=GGAGG;rbs_spacer=5-10bp;genetic_code=11;gc_cont=0.658	GENOMAD.151097.CP	1.429E-12	67	0
JAJIUH010000017.1_33 # 28483 # 30501 # 1 # ID=48_33;partial=00;start_type=GTG;rbs_motif=AGGA;rbs_spacer=5-10bp;genetic_code=11;gc_cont=0.639	GENOMAD.118842.CP	7.849E-90	314	0
JAJIUH010000018.1_31 # 34675 # 36837 # 1 # ID=50_31;partial=00;start_type=ATG;rbs_motif=None;rbs_spacer=None;genetic_code=11;gc_cont=0.706	GENOMAD.102032.CP	4.722E-45	179	0
JAJIUH010000091.1_38 # 39367 # 40389 # 1 # ID=130_38;partial=00;start_type=GTG;rbs_motif=GGA/GAG/AGG;rbs_spacer=5-10bp;genetic_code=11;gc_cont=0.626	GENOMAD.123012.CP	8.234E-19	91	0
JAJIUH010000094.1_50 # 70376 # 70906 # -1 # ID=1_50;partial=00;start_type=ATG;rbs_motif=AGGA/GGAG/GAGG;rbs_spacer=11-12bp;genetic_code=11;gc_cont=0.653	GENOMAD.190426.CP	2.990E-06	49	0
JAJIUH010000094.1_82 # 111207 # 111821 # 1 # ID=1_82;partial=00;start_type=ATG;rbs_motif=GGAG/GAGG;rbs_spacer=5-10bp;genetic_code=11;gc_cont=0.688	GENOMAD.003398.CC	9.561E-18	84	0
JAJIUH010000094.1_114 # 147145 # 147369 # 1 # ID=1_114;partial=00;start_type=ATG;rbs_motif=GGA/GAG/AGG;rbs_spacer=5-10bp;genetic_code=11;gc_cont=0.582	GENOMAD.206422.CP	5.925E-36	130	0
JAJIUH010000094.1_146 # 186550 # 188250 # 1 # ID=1_146;partial=00;start_type=ATG;rbs_motif=GGAGG;rbs_spacer=5-10bp;genetic_code=11;gc_cont=0.708	GENOMAD.091825.CP	3.685E-54	204	0
JAJIUH010000095.1_54 # 58217 # 58501 # 1 # ID=2_54;partial=00;start_type=ATG;rbs_motif=GGAGG;rbs_spacer=5-10bp;genetic_code=11;gc_cont=0.635	GENOMAD.170118.CP	2.462E-23	95	0
JAJIUH010000106.1_23 # 13785 # 14123 # -1 # ID=14_23;partial=00;start_type=ATG;rbs_motif=GGA/GAG/AGG;rbs_spacer=5-10bp;genetic_code=11;gc_cont=0.640	GENOMAD.212325.VP	8.980E-58	195	2773
JAJIUH010000108.1_4 # 5387 # 6556 # 1 # ID=16_4;partial=00;start_type=ATG;rbs_motif=None;rbs_spacer=None;genetic_code=11;gc_cont=0.621	GENOMAD.120770.CP	2.266E-05	49	0
JAJIUH010000108.1_36 # 44441 # 45877 # 1 # ID=16_36;partial=00;start_type=ATG;rbs_motif=GGA/GAG/AGG;rbs_spacer=5-10bp;genetic_code=11;gc_cont=0.671	GENOMAD.123417.CP	1.847E-116	384	0
JAJIUH010000111.1_6 # 5696 # 5965 # -1 # ID=19_6;partial=00;start_type=GTG;rbs_motif=AGGA;rbs_spacer=5-10bp;genetic_code=11;gc_cont=0.626	GENOMAD.000079.CC	2.303E-14	69	0
JAJIUH010000112.1_22 # 22207 # 22851 # 1 # ID=20_22;partial=00;start_type=ATG;rbs_motif=None;rbs_spacer=None;genetic_code=11;gc_cont=0.710	GENOMAD.001958.CC	8.940E-25	105	0
JAJIUH010000112.1_54 # 59805 # 60323 # 1 # ID=20_54;partial=00;start_type=GTG;rbs_motif=GGA/GAG/AGG;rbs_spacer=5-10bp;genetic_code=11;gc_cont=0.642	GENOMAD.145284.CP	2.459E-84	275	0
JAJIUH010000027.1_141 # 199261 # 199887 # -1 # ID=60_141;partial=00;start_type=GTG;rbs_motif=GGAG/GAGG;rbs_spacer=5-10bp;genetic_code=11;gc_cont=0.670	GENOMAD.134269.CP	1.287E-38	145	0
JAJIUH010000027.1_205 # 281836 # 282330 # -1 # ID=60_205;partial=00;start_type=GTG;rbs_motif=None;rbs_spacer=None;genetic_code=11;gc_cont=0.669	GENOMAD.032274.CC	2.822E-87	283	0
JAJIUH010000028.1_30 # 43632 # 44699 # 1 # ID=61_30;partial=00;start_type=ATG;rbs_motif=GGxGG;rbs_spacer=5-10bp;genetic_code=11;gc_cont=0.531	GENOMAD.051447.PP	6.292E-08	57	0
JAJIUH010000098.1_45 # 47808 # 48410 # -1 # ID=5_45;partial=00;start_type=ATG;rbs_motif=GGAG/GAGG;rbs_spacer=5-10bp;genetic_code=11;gc_cont=0.682	GENOMAD.195831.CP	4.653E-06	49	0
JAJIUH010000010.1_4 # 3481 # 5421 # 1 # ID=11_4;partial=00;start_type=GTG;rbs_motif=GGAG/GAGG;rbs_spacer=5-10bp;genetic_code=11;gc_cont=0.554	GENOMAD.002761.PP	1.892E-11	70	0
JAJIUH010000010.1_36 # 44487 # 45554 # -1 # ID=11_36;partial=00;start_type=GTG;rbs_motif=None;rbs_spacer=None;genetic_code=11;gc_cont=0.707	GENOMAD.001067.CC	1.106E-06	53	0
JAJIUH010000010.1_68 # 83402 # 83920 # -1 # ID=11_68;partial=00;start_type=ATG;rbs_motif=GGA/GAG/AGG;rbs_spacer=11-12bp;genetic_code=11;gc_cont=0.630	GENOMAD.151766.CP	5.024E-24	101	0
JAJIUH010000106.1_31 # 16831 # 17061 # 1 # ID=14_31;partial=00;start_type=ATG;rbs_motif=AGGAG;rbs_spacer=5-10bp;genetic_code=11;gc_cont=0.636	GENOMAD.220643.VP	3.063E-28	108	2773
JAJIUH010000090.1_26 # 28930 # 29829 # -1 # ID=129_26;partial=00;start_type=GTG;rbs_motif=AGGA/GGAG/GAGG;rbs_spacer=11-12bp;genetic_code=11;gc_cont=0.683	GENOMAD.132513.CP	1.783E-07	55	0
JAJIUH010000009.1_29 # 39601 # 40692 # -1 # ID=133_29;partial=00;start_type=ATG;rbs_motif=None;rbs_spacer=None;genetic_code=11;gc_cont=0.677	GENOMAD.125774.CP	2.735E-46	174	0
JAJIUH010000094.1_4 # 4177 # 6054 # -1 # ID=1_4;partial=00;start_type=ATG;rbs_motif=GGAG/GAGG;rbs_spacer=5-10bp;genetic_code=11;gc_cont=0.675	GENOMAD.166434.PC	2.526E-54	206	0
JAJIUH010000094.1_36 # 55425 # 56633 # -1 # ID=1_36;partial=00;start_type=ATG;rbs_motif=GGAG/GAGG;rbs_spacer=5-10bp;genetic_code=11;gc_cont=0.665	GENOMAD.154757.CP	6.959E-17	86	0
JAJIUH010000094.1_100 # 131728 # 132846 # 1 # ID=1_100;partial=00;start_type=ATG;rbs_motif=GGA/GAG/AGG;rbs_spacer=5-10bp;genetic_code=11;gc_cont=0.679	GENOMAD.141339.CP	5.615E-119	386	0
JAJIUH010000013.1_16 # 20249 # 21247 # -1 # ID=44_16;partial=00;start_type=ATG;rbs_motif=GGA/GAG/AGG;rbs_spacer=5-10bp;genetic_code=11;gc_cont=0.700	GENOMAD.137465.CP	2.688E-89	298	0
JAJIUH010000014.1_32 # 37208 # 37486 # -1 # ID=45_32;partial=00;start_type=ATG;rbs_motif=None;rbs_spacer=None;genetic_code=11;gc_cont=0.620	GENOMAD.010644.CC	2.020E-24	98	0
JAJIUH010000017.1_53 # 56051 # 56887 # -1 # ID=48_53;partial=00;start_type=ATG;rbs_motif=GGA/GAG/AGG;rbs_spacer=5-10bp;genetic_code=11;gc_cont=0.651	GENOMAD.215399.PC	2.492E-25	109	0
JAJIUH010000018.1_19 # 20082 # 22394 # -1 # ID=50_19;partial=00;start_type=ATG;rbs_motif=None;rbs_spacer=None;genetic_code=11;gc_cont=0.679	GENOMAD.180354.PC	9.075E-93	326	0
JAJIUH010000013.1_20 # 23509 # 25833 # -1 # ID=44_20;partial=00;start_type=ATG;rbs_motif=AGGAG;rbs_spacer=5-10bp;genetic_code=11;gc_cont=0.665	GENOMAD.194623.CP	0.000E+00	1370	0
JAJIUH010000014.1_4 # 3676 # 4494 # -1 # ID=45_4;partial=00;start_type=ATG;rbs_motif=None;rbs_spacer=None;genetic_code=11;gc_cont=0.683	GENOMAD.181762.CP	3.185E-139	439	0
JAJIUH010000017.1_57 # 63048 # 66296 # -1 # ID=48_57;partial=00;start_type=ATG;rbs_motif=GGA/GAG/AGG;rbs_spacer=5-10bp;genetic_code=11;gc_cont=0.648	GENOMAD.161283.VC	4.516E-15	83	1246
JAJIUH010000083.1_8 # 13109 # 13678 # -1 # ID=121_8;partial=00;start_type=ATG;rbs_motif=GGA/GAG/AGG;rbs_spacer=5-10bp;genetic_code=11;gc_cont=0.654	GENOMAD.127433.CP	3.057E-90	293	0
JAJIUH010000008.1_8 # 10705 # 12102 # -1 # ID=122_8;partial=00;start_type=ATG;rbs_motif=AGGA;rbs_spacer=5-10bp;genetic_code=11;gc_cont=0.689	GENOMAD.127021.CP	1.054E-07	57	0
JAJIUH010000084.1_21 # 23984 # 24181 # -1 # ID=123_21;partial=00;start_type=ATG;rbs_motif=AGGA;rbs_spacer=5-10bp;genetic_code=11;gc_cont=0.621	GENOMAD.137965.CP	9.484E-13	63	0
JAJIUH010000085.1_1 # 163 # 1062 # 1 # ID=124_1;partial=00;start_type=ATG;rbs_motif=None;rbs_spacer=None;genetic_code=11;gc_cont=0.670	GENOMAD.133355.CP	9.660E-09	59	0
JAJIUH010000087.1_7 # 5699 # 7837 # 1 # ID=126_7;partial=00;start_type=ATG;rbs_motif=GGA/GAG/AGG;rbs_spacer=5-10bp;genetic_code=11;gc_cont=0.691	GENOMAD.127342.CP	2.897E-16	86	0
JAJIUH010000087.1_39 # 44698 # 45186 # -1 # ID=126_39;partial=00;start_type=ATG;rbs_motif=GGA/GAG/AGG;rbs_spacer=5-10bp;genetic_code=11;gc_cont=0.636	GENOMAD.180345.CP	4.089E-22	95	0
JAJIUH010000087.1_71 # 87523 # 88509 # 1 # ID=126_71;partial=00;start_type=TTG;rbs_motif=AGGA;rbs_spacer=5-10bp;genetic_code=11;gc_cont=0.652	GENOMAD.146319.CP	3.280E-35	140	0
JAJIUH010000087.1_103 # 124724 # 125146 # 1 # ID=126_103;partial=00;start_type=ATG;rbs_motif=GGA/GAG/AGG;rbs_spacer=5-10bp;genetic_code=11;gc_cont=0.674	GENOMAD.030230.CC	1.981E-46	164	0
JAJIUH010000125.1_22 # 27360 # 28082 # 1 # ID=34_22;partial=00;start_type=ATG;rbs_motif=GGAG/GAGG;rbs_spacer=5-10bp;genetic_code=11;gc_cont=0.653	GENOMAD.000060.CC	8.667E-59	205	0
JAJIUH010000125.1_54 # 63051 # 63440 # 1 # ID=34_54;partial=00;start_type=ATG;rbs_motif=GGAG/GAGG;rbs_spacer=5-10bp;genetic_code=11;gc_cont=0.636	GENOMAD.169138.CP	3.863E-08	53	0
JAJIUH010000125.1_86 # 93137 # 93343 # 1 # ID=34_86;partial=00;start_type=GTG;rbs_motif=None;rbs_spacer=None;genetic_code=11;gc_cont=0.700	GENOMAD.140999.CV	8.890E-08	49	0
JAJIUH010000125.1_118 # 126780 # 127502 # -1 # ID=34_118;partial=00;start_type=ATG;rbs_motif=GGA/GAG/AGG;rbs_spacer=5-10bp;genetic_code=11;gc_cont=0.686	GENOMAD.001567.CC	1.447E-30	123	0
JAJIUH010000126.1_14 # 22024 # 23259 # 1 # ID=35_14;partial=00;start_type=ATG;rbs_motif=GGA/GAG/AGG;rbs_spacer=5-10bp;genetic_code=11;gc_cont=0.659	GENOMAD.178893.CP	5.046E-05	48	0
JAJIUH010000130.1_7 # 7894 # 8748 # 1 # ID=39_7;partial=00;start_type=ATG;rbs_motif=None;rbs_spacer=None;genetic_code=11;gc_cont=0.641	GENOMAD.111713.CP	5.257E-31	126	0
JAJIUH010000047.1_22 # 26529 # 31001 # 1 # ID=82_22;partial=00;start_type=ATG;rbs_motif=GGAG/GAGG;rbs_spacer=5-10bp;genetic_code=11;gc_cont=0.682	GENOMAD.120530.CP	5.241E-86	317	0
JAJIUH010000047.1_54 # 66557 # 67663 # -1 # ID=82_54;partial=00;start_type=ATG;rbs_motif=GGA/GAG/AGG;rbs_spacer=11-12bp;genetic_code=11;gc_cont=0.666	GENOMAD.095931.CV	3.884E-58	209	0
JAJIUH010000048.1_66 # 72152 # 73159 # -1 # ID=83_66;partial=00;start_type=ATG;rbs_motif=GGA/GAG/AGG;rbs_spacer=5-10bp;genetic_code=11;gc_cont=0.677	GENOMAD.142642.CP	9.991E-50	183	0
JAJIUH010000053.1_29 # 27544 # 28815 # 1 # ID=88_29;partial=00;start_type=ATG;rbs_motif=GGA/GAG/AGG;rbs_spacer=5-10bp;genetic_code=11;gc_cont=0.689	GENOMAD.170827.CP	1.526E-06	53	0
JAJIUH010000075.1_40 # 48062 # 49165 # -1 # ID=113_40;partial=00;start_type=ATG;rbs_motif=GGA/GAG/AGG;rbs_spacer=5-10bp;genetic_code=11;gc_cont=0.658	GENOMAD.137519.CP	1.734E-04	46	0
JAJIUH010000075.1_104 # 121822 # 123357 # -1 # ID=113_104;partial=00;start_type=ATG;rbs_motif=AGGAG;rbs_spacer=5-10bp;genetic_code=11;gc_cont=0.691	GENOMAD.154729.CP	2.070E-06	53	0
JAJIUH010000075.1_136 # 163686 # 166019 # -1 # ID=113_136;partial=00;start_type=GTG;rbs_motif=None;rbs_spacer=None;genetic_code=11;gc_cont=0.587	GENOMAD.125907.CP	2.768E-178	578	0
JAJIUH010000077.1_38 # 36644 # 37135 # -1 # ID=115_38;partial=00;start_type=ATG;rbs_motif=GGAG/GAGG;rbs_spacer=5-10bp;genetic_code=11;gc_cont=0.687	GENOMAD.158059.CP	1.016E-20	91	0
JAJIUH010000006.1_28 # 20365 # 21585 # -1 # ID=100_28;partial=00;start_type=ATG;rbs_motif=GGxGG;rbs_spacer=5-10bp;genetic_code=11;gc_cont=0.645	GENOMAD.106848.PC	5.105E-227	700	0
JAJIUH010000066.1_78 # 72662 # 73612 # 1 # ID=103_78;partial=00;start_type=ATG;rbs_motif=GGAGG;rbs_spacer=5-10bp;genetic_code=11;gc_cont=0.666	GENOMAD.138352.CP	1.223E-31	129	0
JAJIUH010000069.1_35 # 44256 # 45575 # -1 # ID=106_35;partial=00;start_type=ATG;rbs_motif=GGA/GAG/AGG;rbs_spacer=5-10bp;genetic_code=11;gc_cont=0.659	GENOMAD.000747.CC	1.004E-23	108	0
JAJIUH010000069.1_67 # 88851 # 90077 # 1 # ID=106_67;partial=00;start_type=ATG;rbs_motif=GGA/GAG/AGG;rbs_spacer=5-10bp;genetic_code=11;gc_cont=0.657	GENOMAD.140949.CP	7.710E-12	70	0
JAJIUH010000116.1_39 # 43153 # 43572 # 1 # ID=24_39;partial=00;start_type=ATG;rbs_motif=GGA/GAG/AGG;rbs_spacer=5-10bp;genetic_code=11;gc_cont=0.626	GENOMAD.160272.CP	4.747E-53	183	0
JAJIUH010000125.1_20 # 24575 # 25453 # 1 # ID=34_20;partial=00;start_type=ATG;rbs_motif=GGAG/GAGG;rbs_spacer=5-10bp;genetic_code=11;gc_cont=0.637	GENOMAD.116387.CV	1.636E-25	110	1246
JAJIUH010000075.1_39 # 47483 # 47953 # 1 # ID=113_39;partial=00;start_type=ATG;rbs_motif=AGGAG;rbs_spacer=5-10bp;genetic_code=11;gc_cont=0.671	GENOMAD.167601.PC	1.245E-24	102	0
JAJIUH010000077.1_37 # 35699 # 36589 # -1 # ID=115_37;partial=00;start_type=ATG;rbs_motif=None;rbs_spacer=None;genetic_code=11;gc_cont=0.635	GENOMAD.126817.CP	3.974E-22	100	0
JAJIUH010000078.1_5 # 4855 # 5841 # 1 # ID=116_5;partial=00;start_type=ATG;rbs_motif=AGGAG;rbs_spacer=5-10bp;genetic_code=11;gc_cont=0.615	GENOMAD.076707.PP	1.656E-174	544	0
JAJIUH010000080.1_26 # 21510 # 21866 # 1 # ID=118_26;partial=00;start_type=ATG;rbs_motif=GGAG/GAGG;rbs_spacer=5-10bp;genetic_code=11;gc_cont=0.599	GENOMAD.228033.PP	1.184E-33	126	0
JAJIUH010000081.1_10 # 9559 # 11199 # 1 # ID=119_10;partial=00;start_type=ATG;rbs_motif=GGAG/GAGG;rbs_spacer=5-10bp;genetic_code=11;gc_cont=0.644	GENOMAD.171128.VC	1.896E-21	102	1246
JAJIUH010000083.1_13 # 26447 # 27691 # -1 # ID=121_13;partial=00;start_type=ATG;rbs_motif=None;rbs_spacer=None;genetic_code=11;gc_cont=0.635	GENOMAD.167755.CP	2.622E-89	302	0
JAJIUH010000008.1_13 # 16648 # 16965 # -1 # ID=122_13;partial=00;start_type=ATG;rbs_motif=GGA/GAG/AGG;rbs_spacer=11-12bp;genetic_code=11;gc_cont=0.604	GENOMAD.113516.PC	1.428E-49	171	0
JAJIUH010000084.1_26 # 29250 # 30026 # 1 # ID=123_26;partial=00;start_type=ATG;rbs_motif=GGAG/GAGG;rbs_spacer=5-10bp;genetic_code=11;gc_cont=0.665	GENOMAD.169591.CP	2.180E-45	167	0
JAJIUH010000085.1_6 # 6125 # 7246 # -1 # ID=124_6;partial=00;start_type=ATG;rbs_motif=GGA/GAG/AGG;rbs_spacer=5-10bp;genetic_code=11;gc_cont=0.656	GENOMAD.129532.CP	9.164E-204	631	0
JAJIUH010000087.1_76 # 96167 # 96643 # 1 # ID=126_76;partial=00;start_type=ATG;rbs_motif=GGA/GAG/AGG;rbs_spacer=5-10bp;genetic_code=11;gc_cont=0.709	GENOMAD.133985.CP	2.941E-14	72	0
JAJIUH010000036.1_45 # 54729 # 55103 # 1 # ID=70_45;partial=00;start_type=ATG;rbs_motif=GGA/GAG/AGG;rbs_spacer=5-10bp;genetic_code=11;gc_cont=0.669	GENOMAD.099012.CP	1.709E-32	123	0
JAJIUH010000036.1_77 # 87881 # 88579 # -1 # ID=70_77;partial=00;start_type=GTG;rbs_motif=GGAG/GAGG;rbs_spacer=5-10bp;genetic_code=11;gc_cont=0.684	GENOMAD.140713.CV	3.227E-05	47	0
JAJIUH010000040.1_24 # 41564 # 42280 # 1 # ID=74_24;partial=00;start_type=ATG;rbs_motif=None;rbs_spacer=None;genetic_code=11;gc_cont=0.643	GENOMAD.138359.CP	7.894E-06	49	0
JAJIUH010000072.1_8 # 4690 # 8841 # 1 # ID=109_8;partial=00;start_type=ATG;rbs_motif=GGA/GAG/AGG;rbs_spacer=11-12bp;genetic_code=11;gc_cont=0.625	GENOMAD.061759.CV	1.468E-38	161	0
JAJIUH010000075.1_19 # 21839 # 22168 # -1 # ID=113_19;partial=00;start_type=ATG;rbs_motif=GGAG/GAGG;rbs_spacer=5-10bp;genetic_code=11;gc_cont=0.642	GENOMAD.007903.CC	9.594E-08	51	0
JAJIUH010000075.1_51 # 64339 # 65637 # -1 # ID=113_51;partial=00;start_type=ATG;rbs_motif=None;rbs_spacer=None;genetic_code=11;gc_cont=0.672	GENOMAD.160510.CP	7.785E-07	54	0
JAJIUH010000075.1_115 # 137072 # 137458 # 1 # ID=113_115;partial=00;start_type=ATG;rbs_motif=GGAG/GAGG;rbs_spacer=5-10bp;genetic_code=11;gc_cont=0.610	GENOMAD.111281.CP	5.370E-22	93	0
JAJIUH010000075.1_147 # 176347 # 177813 # 1 # ID=113_147;partial=00;start_type=ATG;rbs_motif=GGA/GAG/AGG;rbs_spacer=5-10bp;genetic_code=11;gc_cont=0.643	GENOMAD.137825.CP	7.912E-06	51	0
JAJIUH010000076.1_15 # 18426 # 19154 # 1 # ID=114_15;partial=00;start_type=ATG;rbs_motif=None;rbs_spacer=None;genetic_code=11;gc_cont=0.658	GENOMAD.205743.CP	3.250E-04	44	0
JAJIUH010000077.1_17 # 17056 # 17415 # -1 # ID=115_17;partial=00;start_type=ATG;rbs_motif=AGGAG;rbs_spacer=5-10bp;genetic_code=11;gc_cont=0.597	GENOMAD.195792.PC	2.821E-65	217	0
JAJIUH010000064.1_1 # 3 # 2273 # 1 # ID=101_1;partial=10;start_type=Edge;rbs_motif=None;rbs_spacer=None;genetic_code=11;gc_cont=0.633	GENOMAD.152082.CP	2.825E-39	161	0
JAJIUH010000066.1_27 # 21493 # 21765 # -1 # ID=103_27;partial=00;start_type=ATG;rbs_motif=None;rbs_spacer=None;genetic_code=11;gc_cont=0.619	GENOMAD.172052.CP	1.033E-07	50	0
JAJIUH010000066.1_59 # 52086 # 52994 # -1 # ID=103_59;partial=00;start_type=ATG;rbs_motif=None;rbs_spacer=None;genetic_code=11;gc_cont=0.640	GENOMAD.142156.CP	3.779E-07	54	0
JAJIUH010000067.1_4 # 4715 # 5701 # 1 # ID=104_4;partial=00;start_type=GTG;rbs_motif=None;rbs_spacer=None;genetic_code=11;gc_cont=0.682	GENOMAD.119108.VC	1.663E-05	49	2156
JAJIUH010000069.1_16 # 20606 # 23242 # 1 # ID=106_16;partial=00;start_type=ATG;rbs_motif=AGGAG;rbs_spacer=5-10bp;genetic_code=11;gc_cont=0.624	GENOMAD.152082.CP	2.441E-104	364	0
JAJIUH010000069.1_48 # 56992 # 58758 # -1 # ID=106_48;partial=00;start_type=ATG;rbs_motif=GGAG/GAGG;rbs_spacer=5-10bp;genetic_code=11;gc_cont=0.661	GENOMAD.103290.CV	8.254E-16	84	1246
JAJIUH010000047.1_90 # 112554 # 113216 # -1 # ID=82_90;partial=00;start_type=ATG;rbs_motif=GGA/GAG/AGG;rbs_spacer=5-10bp;genetic_code=11;gc_cont=0.662	GENOMAD.111169.CP	6.057E-21	94	0
JAJIUH010000048.1_70 # 77138 # 77308 # 1 # ID=83_70;partial=00;start_type=ATG;rbs_motif=GGA/GAG/AGG;rbs_spacer=5-10bp;genetic_code=11;gc_cont=0.573	GENOMAD.151036.CV	7.719E-11	57	0
JAJIUH010000049.1_13 # 10526 # 11500 # 1 # ID=84_13;partial=00;start_type=ATG;rbs_motif=GGAG/GAGG;rbs_spacer=5-10bp;genetic_code=11;gc_cont=0.628	GENOMAD.152155.CP	1.292E-17	87	0
JAJIUH010000005.1_1 # 108 # 452 # 1 # ID=90_1;partial=00;start_type=ATG;rbs_motif=GGAGG;rbs_spacer=5-10bp;genetic_code=11;gc_cont=0.620	GENOMAD.219228.VC	7.097E-04	40	0
JAJIUH010000027.1_166 # 229225 # 229866 # -1 # ID=60_166;partial=00;start_type=ATG;rbs_motif=None;rbs_spacer=None;genetic_code=11;gc_cont=0.721	GENOMAD.028140.CC	6.297E-94	305	0
JAJIUH010000027.1_198 # 273722 # 274222 # -1 # ID=60_198;partial=00;start_type=GTG;rbs_motif=None;rbs_spacer=None;genetic_code=11;gc_cont=0.707	GENOMAD.190009.CP	1.929E-50	177	0
JAJIUH010000003.1_7 # 7302 # 8063 # -1 # ID=69_7;partial=00;start_type=ATG;rbs_motif=None;rbs_spacer=None;genetic_code=11;gc_cont=0.626	GENOMAD.109687.CP	6.053E-60	209	0
JAJIUH010000036.1_27 # 32627 # 33619 # -1 # ID=70_27;partial=00;start_type=ATG;rbs_motif=GGA/GAG/AGG;rbs_spacer=5-10bp;genetic_code=11;gc_cont=0.665	GENOMAD.147887.CP	8.222E-84	282	0
JAJIUH010000069.1_7 # 9276 # 10706 # -1 # ID=106_7;partial=00;start_type=ATG;rbs_motif=None;rbs_spacer=None;genetic_code=11;gc_cont=0.727	GENOMAD.010877.CC	1.422E-168	535	0
JAJIUH010000069.1_39 # 48192 # 48650 # -1 # ID=106_39;partial=00;start_type=ATG;rbs_motif=None;rbs_spacer=None;genetic_code=11;gc_cont=0.632	GENOMAD.116981.CP	1.634E-19	87	0
JAJIUH010000075.1_64 # 77381 # 78142 # 1 # ID=113_64;partial=00;start_type=ATG;rbs_motif=None;rbs_spacer=None;genetic_code=11;gc_cont=0.618	GENOMAD.106866.CP	1.405E-22	100	1246
JAJIUH010000075.1_96 # 112969 # 113418 # -1 # ID=113_96;partial=00;start_type=ATG;rbs_motif=GGA/GAG/AGG;rbs_spacer=5-10bp;genetic_code=11;gc_cont=0.602	GENOMAD.003878.CC	1.467E-28	113	0
JAJIUH010000075.1_160 # 192880 # 193653 # 1 # ID=113_160;partial=00;start_type=ATG;rbs_motif=GGA/GAG/AGG;rbs_spacer=5-10bp;genetic_code=11;gc_cont=0.667	GENOMAD.147411.CP	5.687E-29	119	1246
JAJIUH010000076.1_28 # 30218 # 31945 # -1 # ID=114_28;partial=00;start_type=GTG;rbs_motif=GGAG/GAGG;rbs_spacer=5-10bp;genetic_code=11;gc_cont=0.632	GENOMAD.034940.CC	1.335E-18	93	0
JAJIUH010000036.1_30 # 35852 # 37837 # -1 # ID=70_30;partial=00;start_type=ATG;rbs_motif=GGA/GAG/AGG;rbs_spacer=5-10bp;genetic_code=11;gc_cont=0.648	GENOMAD.146534.CP	9.989E-05	48	0
JAJIUH010000036.1_62 # 71099 # 71860 # -1 # ID=70_62;partial=00;start_type=ATG;rbs_motif=GGA/GAG/AGG;rbs_spacer=11-12bp;genetic_code=11;gc_cont=0.651	GENOMAD.132426.CP	2.337E-07	54	0
JAJIUH010000036.1_94 # 103411 # 104169 # 1 # ID=70_94;partial=00;start_type=ATG;rbs_motif=None;rbs_spacer=None;genetic_code=11;gc_cont=0.643	GENOMAD.123398.CP	6.904E-19	89	0
JAJIUH010000040.1_9 # 19224 # 21581 # -1 # ID=74_9;partial=00;start_type=ATG;rbs_motif=GGAG/GAGG;rbs_spacer=5-10bp;genetic_code=11;gc_cont=0.665	GENOMAD.216233.CP	0.000E+00	1257	0
JAJIUH010000040.1_41 # 59264 # 60418 # -1 # ID=74_41;partial=00;start_type=GTG;rbs_motif=GGA/GAG/AGG;rbs_spacer=5-10bp;genetic_code=11;gc_cont=0.661	GENOMAD.168712.CP	1.152E-206	640	0
JAJIUH010000043.1_5 # 5590 # 6624 # 1 # ID=77_5;partial=00;start_type=ATG;rbs_motif=GGA/GAG/AGG;rbs_spacer=5-10bp;genetic_code=11;gc_cont=0.623	GENOMAD.190451.PC	2.472E-07	55	0
JAJIUH010000004.1_2 # 1618 # 1878 # 1 # ID=80_2;partial=00;start_type=ATG;rbs_motif=GGAGG;rbs_spacer=5-10bp;genetic_code=11;gc_cont=0.540	GENOMAD.110984.CP	1.302E-18	81	0
JAJIUH010000083.1_14 # 27983 # 28837 # -1 # ID=121_14;partial=00;start_type=ATG;rbs_motif=None;rbs_spacer=None;genetic_code=11;gc_cont=0.671	GENOMAD.216231.VP	2.866E-16	82	1246
JAJIUH010000008.1_14 # 16962 # 17213 # -1 # ID=122_14;partial=00;start_type=ATG;rbs_motif=AGGAG;rbs_spacer=5-10bp;genetic_code=11;gc_cont=0.599	GENOMAD.158028.PC	5.323E-26	102	0
JAJIUH010000084.1_27 # 30023 # 31339 # 1 # ID=123_27;partial=00;start_type=ATG;rbs_motif=GGAG/GAGG;rbs_spacer=5-10bp;genetic_code=11;gc_cont=0.658	GENOMAD.153517.CP	4.656E-04	45	0
JAJIUH010000087.1_45 # 56660 # 58282 # -1 # ID=126_45;partial=00;start_type=ATG;rbs_motif=AGGAG;rbs_spacer=5-10bp;genetic_code=11;gc_cont=0.677	GENOMAD.178810.CP	7.341E-32	135	0
JAJIUH010000047.1_59 # 72297 # 74021 # 1 # ID=82_59;partial=00;start_type=ATG;rbs_motif=GGA/GAG/AGG;rbs_spacer=5-10bp;genetic_code=11;gc_cont=0.663	GENOMAD.074816.CV	6.820E-45	176	0
JAJIUH010000019.1_9 # 10668 # 11429 # 1 # ID=51_9;partial=00;start_type=ATG;rbs_motif=AGGAG;rbs_spacer=5-10bp;genetic_code=11;gc_cont=0.615	GENOMAD.129876.CP	3.172E-37	143	0
JAJIUH010000020.1_64 # 69996 # 70205 # 1 # ID=52_64;partial=00;start_type=ATG;rbs_motif=GGAG/GAGG;rbs_spacer=5-10bp;genetic_code=11;gc_cont=0.581	GENOMAD.193185.CP	1.353E-04	40	0
JAJIUH010000025.1_31 # 36201 # 36707 # 1 # ID=57_31;partial=00;start_type=ATG;rbs_motif=None;rbs_spacer=None;genetic_code=11;gc_cont=0.694	GENOMAD.132266.CP	1.176E-05	47	0
JAJIUH010000127.1_53 # 63437 # 64081 # -1 # ID=36_53;partial=00;start_type=ATG;rbs_motif=AGGAG/GGAGG;rbs_spacer=11-12bp;genetic_code=11;gc_cont=0.671	GENOMAD.178708.PC	3.589E-27	112	0
JAJIUH010000130.1_28 # 36334 # 36810 # -1 # ID=39_28;partial=00;start_type=ATG;rbs_motif=AGGAG;rbs_spacer=5-10bp;genetic_code=11;gc_cont=0.618	GENOMAD.108036.CP	9.436E-06	47	0
JAJIUH010000130.1_60 # 69367 # 69969 # -1 # ID=39_60;partial=00;start_type=ATG;rbs_motif=GGA/GAG/AGG;rbs_spacer=5-10bp;genetic_code=11;gc_cont=0.653	GENOMAD.107271.CP	5.039E-37	140	0
JAJIUH010000131.1_16 # 12828 # 14810 # 1 # ID=40_16;partial=00;start_type=GTG;rbs_motif=None;rbs_spacer=None;genetic_code=11;gc_cont=0.628	GENOMAD.152082.CP	2.881E-13	76	0
JAJIUH010000131.1_48 # 54142 # 56565 # 1 # ID=40_48;partial=00;start_type=ATG;rbs_motif=GGA/GAG/AGG;rbs_spacer=5-10bp;genetic_code=11;gc_cont=0.684	GENOMAD.107195.CP	1.456E-138	463	0
JAJIUH010000131.1_80 # 91833 # 92429 # -1 # ID=40_80;partial=00;start_type=ATG;rbs_motif=None;rbs_spacer=None;genetic_code=11;gc_cont=0.648	GENOMAD.000566.CC	7.523E-31	122	0
JAJIUH010000133.1_49 # 43457 # 44842 # -1 # ID=43_49;partial=00;start_type=ATG;rbs_motif=GGAG/GAGG;rbs_spacer=5-10bp;genetic_code=11;gc_cont=0.577	GENOMAD.026355.VV	1.884E-20	98	1246
JAJIUH010000020.1_145 # 157816 # 159234 # -1 # ID=52_145;partial=00;start_type=ATG;rbs_motif=GGAG/GAGG;rbs_spacer=5-10bp;genetic_code=11;gc_cont=0.653	GENOMAD.141512.CP	1.361E-17	89	0
JAJIUH010000025.1_80 # 92140 # 92415 # -1 # ID=57_80;partial=00;start_type=ATG;rbs_motif=None;rbs_spacer=None;genetic_code=11;gc_cont=0.641	GENOMAD.016982.CC	1.636E-18	81	0
JAJIUH010000053.1_27 # 26263 # 26736 # 1 # ID=88_27;partial=00;start_type=ATG;rbs_motif=GGA/GAG/AGG;rbs_spacer=5-10bp;genetic_code=11;gc_cont=0.597	GENOMAD.003255.CC	8.340E-30	117	0
JAJIUH010000054.1_24 # 33403 # 33942 # -1 # ID=89_24;partial=00;start_type=ATG;rbs_motif=GGAG/GAGG;rbs_spacer=5-10bp;genetic_code=11;gc_cont=0.715	GENOMAD.218216.PC	3.149E-42	154	0
JAJIUH010000087.1_89 # 110097 # 110435 # 1 # ID=126_89;partial=00;start_type=ATG;rbs_motif=None;rbs_spacer=None;genetic_code=11;gc_cont=0.646	GENOMAD.000475.CC	6.682E-04	40	0
JAJIUH010000009.1_15 # 21254 # 21637 # 1 # ID=133_15;partial=00;start_type=ATG;rbs_motif=GGA/GAG/AGG;rbs_spacer=5-10bp;genetic_code=11;gc_cont=0.674	GENOMAD.197162.PC	1.317E-36	135	0
JAJIUH010000094.1_86 # 117425 # 119518 # 1 # ID=1_86;partial=00;start_type=ATG;rbs_motif=None;rbs_spacer=None;genetic_code=11;gc_cont=0.664	GENOMAD.136246.CP	4.303E-11	69	0
JAJIUH010000013.1_19 # 22006 # 22848 # -1 # ID=44_19;partial=00;start_type=ATG;rbs_motif=GGxGG;rbs_spacer=5-10bp;genetic_code=11;gc_cont=0.626	GENOMAD.138290.CP	1.883E-47	174	0
JAJIUH010000014.1_35 # 40682 # 42094 # -1 # ID=45_35;partial=00;start_type=ATG;rbs_motif=AGGAG/GGAGG;rbs_spacer=11-12bp;genetic_code=11;gc_cont=0.691	GENOMAD.009539.CC	1.259E-04	47	0
JAJIUH010000017.1_24 # 19310 # 20056 # 1 # ID=48_24;partial=00;start_type=GTG;rbs_motif=GGAG/GAGG;rbs_spacer=5-10bp;genetic_code=11;gc_cont=0.685	GENOMAD.140610.CP	2.856E-36	140	0
JAJIUH010000017.1_56 # 61023 # 62981 # -1 # ID=48_56;partial=00;start_type=ATG;rbs_motif=GGAG/GAGG;rbs_spacer=5-10bp;genetic_code=11;gc_cont=0.631	GENOMAD.129013.CP	1.978E-04	47	0
JAJIUH010000018.1_22 # 24768 # 24977 # -1 # ID=50_22;partial=00;start_type=ATG;rbs_motif=AGGA;rbs_spacer=5-10bp;genetic_code=11;gc_cont=0.605	GENOMAD.206002.PC	2.043E-14	68	0
JAJIUH010000020.1_10 # 12420 # 12968 # -1 # ID=52_10;partial=00;start_type=ATG;rbs_motif=None;rbs_spacer=None;genetic_code=11;gc_cont=0.632	GENOMAD.181624.CP	4.970E-73	243	0
JAJIUH010000010.1_33 # 41010 # 41855 # -1 # ID=11_33;partial=00;start_type=GTG;rbs_motif=None;rbs_spacer=None;genetic_code=11;gc_cont=0.676	GENOMAD.109682.CP	2.684E-64	223	0
JAJIUH010000106.1_28 # 15269 # 15988 # 1 # ID=14_28;partial=00;start_type=ATG;rbs_motif=3Base/5BMM;rbs_spacer=13-15bp;genetic_code=11;gc_cont=0.579	GENOMAD.225571.VP	2.583E-142	446	0
JAJIUH010000076.1_23 # 26560 # 27195 # -1 # ID=114_23;partial=00;start_type=ATG;rbs_motif=GGA/GAG/AGG;rbs_spacer=5-10bp;genetic_code=11;gc_cont=0.668	GENOMAD.190410.CP	1.286E-29	119	0
JAJIUH010000080.1_3 # 2107 # 2517 # -1 # ID=118_3;partial=00;start_type=ATG;rbs_motif=GGAG/GAGG;rbs_spacer=5-10bp;genetic_code=11;gc_cont=0.611	GENOMAD.067947.PP	1.183E-74	245	0
JAJIUH010000027.1_63 # 96128 # 97168 # -1 # ID=60_63;partial=00;start_type=ATG;rbs_motif=GGAG/GAGG;rbs_spacer=5-10bp;genetic_code=11;gc_cont=0.687	GENOMAD.167831.PC	1.142E-53	195	0
JAJIUH010000027.1_127 # 171327 # 175181 # -1 # ID=60_127;partial=00;start_type=GTG;rbs_motif=None;rbs_spacer=None;genetic_code=11;gc_cont=0.677	GENOMAD.097853.CP	1.463E-153	524	0
JAJIUH010000027.1_159 # 221738 # 222127 # -1 # ID=60_159;partial=00;start_type=ATG;rbs_motif=GGAGG;rbs_spacer=5-10bp;genetic_code=11;gc_cont=0.618	GENOMAD.167957.PC	4.127E-66	220	0
JAJIUH010000027.1_191 # 262331 # 265369 # 1 # ID=60_191;partial=00;start_type=ATG;rbs_motif=GGAGG;rbs_spacer=5-10bp;genetic_code=11;gc_cont=0.647	GENOMAD.125907.CP	1.534E-17	91	0
JAJIUH010000028.1_16 # 24274 # 26883 # 1 # ID=61_16;partial=00;start_type=ATG;rbs_motif=GGA/GAG/AGG;rbs_spacer=5-10bp;genetic_code=11;gc_cont=0.685	GENOMAD.119431.CP	8.763E-95	335	0
JAJIUH010000028.1_48 # 65426 # 65800 # -1 # ID=61_48;partial=00;start_type=ATG;rbs_motif=GGAG/GAGG;rbs_spacer=5-10bp;genetic_code=11;gc_cont=0.653	GENOMAD.134276.CP	1.684E-24	100	0
JAJIUH010000034.1_3 # 2439 # 2870 # -1 # ID=67_3;partial=00;start_type=GTG;rbs_motif=None;rbs_spacer=None;genetic_code=11;gc_cont=0.674	GENOMAD.022927.CC	2.987E-06	48	0
JAJIUH010000035.1_17 # 21597 # 23222 # -1 # ID=68_17;partial=00;start_type=TTG;rbs_motif=GGA/GAG/AGG;rbs_spacer=11-12bp;genetic_code=11;gc_cont=0.667	GENOMAD.050490.CV	4.636E-54	203	1246
JAJIUH010000098.1_46 # 48407 # 48787 # -1 # ID=5_46;partial=00;start_type=ATG;rbs_motif=None;rbs_spacer=None;genetic_code=11;gc_cont=0.672	GENOMAD.176788.CP	1.466E-09	57	0
JAJIUH010000010.1_37 # 45622 # 46920 # -1 # ID=11_37;partial=00;start_type=ATG;rbs_motif=None;rbs_spacer=None;genetic_code=11;gc_cont=0.684	GENOMAD.110250.CP	8.218E-38	151	0
JAJIUH010000010.1_69 # 84361 # 84744 # -1 # ID=11_69;partial=00;start_type=ATG;rbs_motif=AGGA;rbs_spacer=5-10bp;genetic_code=11;gc_cont=0.651	GENOMAD.000035.CC	3.616E-42	151	0
JAJIUH010000105.1_62 # 68562 # 69071 # -1 # ID=13_62;partial=01;start_type=Edge;rbs_motif=None;rbs_spacer=None;genetic_code=11;gc_cont=0.665	GENOMAD.161375.CP	5.549E-31	121	0
JAJIUH010000013.1_1 # 1 # 801 # 1 # ID=44_1;partial=10;start_type=Edge;rbs_motif=None;rbs_spacer=None;genetic_code=11;gc_cont=0.663	GENOMAD.093434.CV	4.172E-23	102	0
JAJIUH010000017.1_38 # 36418 # 37293 # -1 # ID=48_38;partial=00;start_type=ATG;rbs_motif=None;rbs_spacer=None;genetic_code=11;gc_cont=0.677	GENOMAD.061009.VV	7.593E-20	93	1246
JAJIUH010000019.1_1 # 2 # 568 # -1 # ID=51_1;partial=10;start_type=ATG;rbs_motif=AGGAG;rbs_spacer=5-10bp;genetic_code=11;gc_cont=0.672	GENOMAD.136393.CP	7.960E-05	45	0
JAJIUH010000084.1_52 # 54964 # 58164 # 1 # ID=123_52;partial=00;start_type=ATG;rbs_motif=GGA/GAG/AGG;rbs_spacer=5-10bp;genetic_code=11;gc_cont=0.650	GENOMAD.138336.CP	3.595E-14	80	0
JAJIUH010000087.1_6 # 4340 # 5542 # -1 # ID=126_6;partial=00;start_type=GTG;rbs_motif=GGA/GAG/AGG;rbs_spacer=5-10bp;genetic_code=11;gc_cont=0.665	GENOMAD.141045.CP	2.265E-09	62	0
JAJIUH010000087.1_70 # 86291 # 87526 # 1 # ID=126_70;partial=00;start_type=ATG;rbs_motif=None;rbs_spacer=None;genetic_code=11;gc_cont=0.659	GENOMAD.028111.CC	1.025E-04	47	0
JAJIUH010000087.1_102 # 124153 # 124695 # 1 # ID=126_102;partial=00;start_type=ATG;rbs_motif=None;rbs_spacer=None;genetic_code=11;gc_cont=0.657	GENOMAD.169209.CP	1.930E-39	146	0
JAJIUH010000088.1_22 # 22424 # 23236 # 1 # ID=127_22;partial=00;start_type=ATG;rbs_motif=GGAG/GAGG;rbs_spacer=5-10bp;genetic_code=11;gc_cont=0.624	GENOMAD.210099.CP	9.914E-143	449	0
JAJIUH010000089.1_3 # 2340 # 3548 # 1 # ID=128_3;partial=00;start_type=ATG;rbs_motif=AGGA;rbs_spacer=5-10bp;genetic_code=11;gc_cont=0.621	GENOMAD.100028.CP	4.007E-43	166	0
JAJIUH010000075.1_131 # 153839 # 154534 # 1 # ID=113_131;partial=00;start_type=ATG;rbs_motif=AGGA;rbs_spacer=5-10bp;genetic_code=11;gc_cont=0.636	GENOMAD.001990.CC	1.642E-06	51	0
JAJIUH010000075.1_163 # 195541 # 196758 # 1 # ID=113_163;partial=00;start_type=ATG;rbs_motif=GGAG/GAGG;rbs_spacer=5-10bp;genetic_code=11;gc_cont=0.648	GENOMAD.110049.CP	1.543E-52	194	0
JAJIUH010000077.1_1 # 9 # 239 # -1 # ID=115_1;partial=00;start_type=ATG;rbs_motif=GGA/GAG/AGG;rbs_spacer=5-10bp;genetic_code=11;gc_cont=0.658	GENOMAD.016641.CC	2.753E-29	111	0
JAJIUH010000077.1_33 # 33068 # 34024 # 1 # ID=115_33;partial=00;start_type=ATG;rbs_motif=GGAG/GAGG;rbs_spacer=5-10bp;genetic_code=11;gc_cont=0.674	GENOMAD.083577.VV	5.643E-04	44	1246
JAJIUH010000080.1_43 # 37719 # 38228 # -1 # ID=118_43;partial=00;start_type=ATG;rbs_motif=GGAG/GAGG;rbs_spacer=5-10bp;genetic_code=11;gc_cont=0.669	GENOMAD.194217.PC	3.520E-27	110	0
JAJIUH010000083.1_30 # 49025 # 50611 # 1 # ID=121_30;partial=00;start_type=ATG;rbs_motif=AGGAG;rbs_spacer=5-10bp;genetic_code=11;gc_cont=0.662	GENOMAD.162124.CP	1.488E-04	47	0
JAJIUH010000131.1_41 # 48667 # 48966 # -1 # ID=40_41;partial=00;start_type=ATG;rbs_motif=GGAG/GAGG;rbs_spacer=5-10bp;genetic_code=11;gc_cont=0.637	GENOMAD.093361.CV	3.280E-07	49	0
JAJIUH010000131.1_73 # 83304 # 83921 # 1 # ID=40_73;partial=00;start_type=ATG;rbs_motif=GGA/GAG/AGG;rbs_spacer=5-10bp;genetic_code=11;gc_cont=0.673	GENOMAD.146405.CP	2.342E-39	147	0
JAJIUH010000133.1_10 # 8361 # 8867 # -1 # ID=43_10;partial=00;start_type=ATG;rbs_motif=AGGAG;rbs_spacer=5-10bp;genetic_code=11;gc_cont=0.677	GENOMAD.160383.PP	6.507E-55	190	0
JAJIUH010000014.1_9 # 12528 # 12947 # -1 # ID=45_9;partial=00;start_type=ATG;rbs_motif=None;rbs_spacer=None;genetic_code=11;gc_cont=0.636	GENOMAD.145656.CP	1.592E-56	193	0
JAJIUH010000090.1_4 # 3275 # 3724 # -1 # ID=129_4;partial=00;start_type=ATG;rbs_motif=GGA/GAG/AGG;rbs_spacer=5-10bp;genetic_code=11;gc_cont=0.631	GENOMAD.204499.VV	1.316E-71	237	2773
JAJIUH010000091.1_2 # 219 # 668 # -1 # ID=130_2;partial=00;start_type=ATG;rbs_motif=GGAG/GAGG;rbs_spacer=5-10bp;genetic_code=11;gc_cont=0.584	GENOMAD.031536.PP	2.854E-63	213	0
JAJIUH010000091.1_34 # 34052 # 37030 # -1 # ID=130_34;partial=00;start_type=ATG;rbs_motif=GGAGG;rbs_spacer=5-10bp;genetic_code=11;gc_cont=0.630	GENOMAD.125907.CP	3.999E-15	83	0
JAJIUH010000009.1_39 # 50765 # 51034 # 1 # ID=133_39;partial=00;start_type=ATG;rbs_motif=None;rbs_spacer=None;genetic_code=11;gc_cont=0.656	GENOMAD.216367.VC	4.140E-16	74	0
JAJIUH010000094.1_78 # 109039 # 109320 # -1 # ID=1_78;partial=00;start_type=ATG;rbs_motif=None;rbs_spacer=None;genetic_code=11;gc_cont=0.610	GENOMAD.136164.CV	7.147E-05	42	0
JAJIUH010000094.1_110 # 142581 # 143984 # 1 # ID=1_110;partial=00;start_type=ATG;rbs_motif=GGA/GAG/AGG;rbs_spacer=5-10bp;genetic_code=11;gc_cont=0.670	GENOMAD.142809.CP	4.371E-07	55	0
JAJIUH010000059.1_33 # 27905 # 28846 # 1 # ID=95_33;partial=00;start_type=ATG;rbs_motif=GGAG/GAGG;rbs_spacer=5-10bp;genetic_code=11;gc_cont=0.632	GENOMAD.121028.PC	4.920E-82	276	0
JAJIUH010000036.1_64 # 73104 # 73730 # -1 # ID=70_64;partial=00;start_type=ATG;rbs_motif=AGGA/GGAG/GAGG;rbs_spacer=11-12bp;genetic_code=11;gc_cont=0.624	GENOMAD.153861.CP	3.278E-64	219	0
JAJIUH010000036.1_96 # 104369 # 104839 # 1 # ID=70_96;partial=00;start_type=ATG;rbs_motif=AGGA/GGAG/GAGG;rbs_spacer=11-12bp;genetic_code=11;gc_cont=0.624	GENOMAD.134025.CP	2.907E-41	150	0
JAJIUH010000040.1_11 # 23921 # 24217 # -1 # ID=74_11;partial=00;start_type=ATG;rbs_motif=GGAG/GAGG;rbs_spacer=5-10bp;genetic_code=11;gc_cont=0.643	GENOMAD.029425.CC	7.774E-06	45	0
JAJIUH010000040.1_43 # 61365 # 62213 # -1 # ID=74_43;partial=00;start_type=ATG;rbs_motif=None;rbs_spacer=None;genetic_code=11;gc_cont=0.663	GENOMAD.154597.PC	6.591E-07	53	0
JAJIUH010000017.1_48 # 48724 # 50481 # -1 # ID=48_48;partial=00;start_type=ATG;rbs_motif=GGA/GAG/AGG;rbs_spacer=5-10bp;genetic_code=11;gc_cont=0.615	GENOMAD.062130.PP	2.152E-227	711	0
JAJIUH010000001.1_2 # 2141 # 2482 # -1 # ID=49_2;partial=00;start_type=GTG;rbs_motif=AGGAG;rbs_spacer=5-10bp;genetic_code=11;gc_cont=0.629	GENOMAD.170721.VV	1.308E-05	45	1246
JAJIUH010000020.1_2 # 1808 # 4516 # 1 # ID=52_2;partial=00;start_type=ATG;rbs_motif=None;rbs_spacer=None;genetic_code=11;gc_cont=0.699	GENOMAD.120770.CP	1.383E-64	243	0
JAJIUH010000020.1_34 # 38910 # 39902 # 1 # ID=52_34;partial=00;start_type=ATG;rbs_motif=AGGAG;rbs_spacer=5-10bp;genetic_code=11;gc_cont=0.647	GENOMAD.121288.CP	7.717E-104	340	0
JAJIUH010000020.1_66 # 71790 # 72734 # 1 # ID=52_66;partial=00;start_type=ATG;rbs_motif=None;rbs_spacer=None;genetic_code=11;gc_cont=0.651	GENOMAD.140931.CP	1.276E-24	108	0
JAJIUH010000020.1_130 # 143422 # 143889 # 1 # ID=52_130;partial=00;start_type=ATG;rbs_motif=GGA/GAG/AGG;rbs_spacer=5-10bp;genetic_code=11;gc_cont=0.688	GENOMAD.074923.VV	1.125E-15	76	1246
JAJIUH010000045.1_6 # 6048 # 6782 # -1 # ID=79_6;partial=00;start_type=ATG;rbs_motif=None;rbs_spacer=None;genetic_code=11;gc_cont=0.657	GENOMAD.161593.CP	1.374E-33	132	0
JAJIUH010000047.1_87 # 110583 # 111068 # 1 # ID=82_87;partial=00;start_type=ATG;rbs_motif=GGA/GAG/AGG;rbs_spacer=5-10bp;genetic_code=11;gc_cont=0.580	GENOMAD.192563.CP	3.665E-12	66	0
JAJIUH010000052.1_4 # 2736 # 3641 # -1 # ID=87_4;partial=00;start_type=ATG;rbs_motif=GGA/GAG/AGG;rbs_spacer=5-10bp;genetic_code=11;gc_cont=0.660	GENOMAD.121654.CP	6.224E-63	220	1246
JAJIUH010000110.1_2 # 1497 # 2429 # -1 # ID=18_2;partial=00;start_type=ATG;rbs_motif=GGA/GAG/AGG;rbs_spacer=5-10bp;genetic_code=11;gc_cont=0.637	GENOMAD.152376.CP	3.050E-05	48	0
JAJIUH010000112.1_10 # 10056 # 11285 # 1 # ID=20_10;partial=00;start_type=ATG;rbs_motif=GGAG/GAGG;rbs_spacer=5-10bp;genetic_code=11;gc_cont=0.685	GENOMAD.194979.PC	5.955E-74	257	0
JAJIUH010000114.1_59 # 86585 # 87148 # -1 # ID=22_59;partial=00;start_type=ATG;rbs_motif=AGGA;rbs_spacer=5-10bp;genetic_code=11;gc_cont=0.647	GENOMAD.148234.CP	3.600E-35	134	0
JAJIUH010000046.1_11 # 9314 # 10327 # -1 # ID=81_11;partial=00;start_type=ATG;rbs_motif=GGAG/GAGG;rbs_spacer=5-10bp;genetic_code=11;gc_cont=0.594	GENOMAD.169926.PC	9.760E-26	112	0
JAJIUH010000047.1_60 # 74107 # 76809 # 1 # ID=82_60;partial=00;start_type=GTG;rbs_motif=AGGA;rbs_spacer=5-10bp;genetic_code=11;gc_cont=0.640	GENOMAD.158306.CP	9.357E-13	75	0
JAJIUH010000047.1_92 # 113770 # 114519 # -1 # ID=82_92;partial=00;start_type=ATG;rbs_motif=GGAG/GAGG;rbs_spacer=5-10bp;genetic_code=11;gc_cont=0.651	GENOMAD.124229.CP	2.901E-12	69	0
JAJIUH010000048.1_8 # 5325 # 7706 # -1 # ID=83_8;partial=00;start_type=ATG;rbs_motif=GGA/GAG/AGG;rbs_spacer=11-12bp;genetic_code=11;gc_cont=0.687	GENOMAD.115145.CP	1.010E-264	830	0
JAJIUH010000048.1_40 # 40762 # 41376 # 1 # ID=83_40;partial=00;start_type=ATG;rbs_motif=GGA/GAG/AGG;rbs_spacer=5-10bp;genetic_code=11;gc_cont=0.649	GENOMAD.120745.CP	4.164E-19	88	0
JAJIUH010000048.1_72 # 77757 # 78143 # 1 # ID=83_72;partial=00;start_type=ATG;rbs_motif=GGAGG;rbs_spacer=5-10bp;genetic_code=11;gc_cont=0.625	GENOMAD.154511.CP	1.644E-26	106	0
JAJIUH010000049.1_15 # 12101 # 12562 # -1 # ID=84_15;partial=00;start_type=ATG;rbs_motif=GGAG/GAGG;rbs_spacer=5-10bp;genetic_code=11;gc_cont=0.669	GENOMAD.195933.PC	1.299E-12	67	0
JAJIUH010000118.1_26 # 39138 # 39794 # 1 # ID=26_26;partial=00;start_type=ATG;rbs_motif=GGA/GAG/AGG;rbs_spacer=5-10bp;genetic_code=11;gc_cont=0.665	GENOMAD.127063.CP	9.011E-27	111	0
JAJIUH010000120.1_32 # 32933 # 33523 # -1 # ID=28_32;partial=00;start_type=ATG;rbs_motif=GGAG/GAGG;rbs_spacer=5-10bp;genetic_code=11;gc_cont=0.668	GENOMAD.134225.CP	1.665E-57	199	0
JAJIUH010000011.1_29 # 31172 # 32407 # -1 # ID=32_29;partial=00;start_type=ATG;rbs_motif=AGGA;rbs_spacer=5-10bp;genetic_code=11;gc_cont=0.635	GENOMAD.101078.CP	4.149E-08	58	0
JAJIUH010000125.1_1 # 489 # 1145 # 1 # ID=34_1;partial=00;start_type=ATG;rbs_motif=GGA/GAG/AGG;rbs_spacer=5-10bp;genetic_code=11;gc_cont=0.636	GENOMAD.137608.CP	1.320E-70	238	0
JAJIUH010000125.1_33 # 38121 # 39440 # 1 # ID=34_33;partial=00;start_type=ATG;rbs_motif=None;rbs_spacer=None;genetic_code=11;gc_cont=0.680	GENOMAD.000143.CC	1.782E-53	198	1246
JAJIUH010000098.1_17 # 15439 # 16014 # -1 # ID=5_17;partial=00;start_type=ATG;rbs_motif=GGAGG;rbs_spacer=5-10bp;genetic_code=11;gc_cont=0.592	GENOMAD.194208.PC	8.102E-106	338	0
JAJIUH010000098.1_49 # 49786 # 50805 # -1 # ID=5_49;partial=01;start_type=Edge;rbs_motif=None;rbs_spacer=None;genetic_code=11;gc_cont=0.668	GENOMAD.118344.CP	4.026E-20	95	1246
JAJIUH010000101.1_29 # 30058 # 30327 # -1 # ID=8_29;partial=00;start_type=GTG;rbs_motif=GGAG/GAGG;rbs_spacer=5-10bp;genetic_code=11;gc_cont=0.600	GENOMAD.167952.CP	8.299E-17	76	0
JAJIUH010000010.1_40 # 48419 # 49054 # -1 # ID=11_40;partial=00;start_type=ATG;rbs_motif=GGAG/GAGG;rbs_spacer=5-10bp;genetic_code=11;gc_cont=0.519	GENOMAD.076815.PP	1.550E-108	347	0
JAJIUH010000010.1_72 # 86619 # 87011 # -1 # ID=11_72;partial=00;start_type=ATG;rbs_motif=GGA/GAG/AGG;rbs_spacer=5-10bp;genetic_code=11;gc_cont=0.621	GENOMAD.000013.CC	1.888E-50	175	0
JAJIUH010000048.1_43 # 43844 # 44041 # 1 # ID=83_43;partial=00;start_type=ATG;rbs_motif=AGGAG;rbs_spacer=5-10bp;genetic_code=11;gc_cont=0.601	GENOMAD.016611.CC	2.234E-05	42	0
JAJIUH010000048.1_75 # 81091 # 81339 # 1 # ID=83_75;partial=00;start_type=ATG;rbs_motif=GGAG/GAGG;rbs_spacer=5-10bp;genetic_code=11;gc_cont=0.610	GENOMAD.002160.CC	5.261E-11	59	0
JAJIUH010000005.1_6 # 17744 # 18667 # -1 # ID=90_6;partial=00;start_type=ATG;rbs_motif=GGA/GAG/AGG;rbs_spacer=5-10bp;genetic_code=11;gc_cont=0.615	GENOMAD.158077.CP	3.931E-07	54	0
JAJIUH010000095.1_25 # 26643 # 27284 # -1 # ID=2_25;partial=00;start_type=ATG;rbs_motif=AGGAG;rbs_spacer=5-10bp;genetic_code=11;gc_cont=0.603	GENOMAD.195028.PC	7.169E-84	276	0
JAJIUH010000097.1_8 # 5283 # 6026 # 1 # ID=4_8;partial=00;start_type=GTG;rbs_motif=GGA/GAG/AGG;rbs_spacer=11-12bp;genetic_code=11;gc_cont=0.751	GENOMAD.120988.CP	3.471E-73	247	0
JAJIUH010000097.1_40 # 41232 # 41927 # 1 # ID=4_40;partial=00;start_type=ATG;rbs_motif=None;rbs_spacer=None;genetic_code=11;gc_cont=0.697	GENOMAD.106818.CV	8.843E-34	132	0
JAJIUH010000098.1_9 # 8496 # 8984 # -1 # ID=5_9;partial=00;start_type=ATG;rbs_motif=None;rbs_spacer=None;genetic_code=11;gc_cont=0.661	GENOMAD.195023.CP	2.152E-07	52	0
JAJIUH010000098.1_41 # 44545 # 45255 # -1 # ID=5_41;partial=00;start_type=ATG;rbs_motif=GGA/GAG/AGG;rbs_spacer=11-12bp;genetic_code=11;gc_cont=0.692	GENOMAD.159311.CP	5.065E-54	191	0
JAJIUH010000099.1_24 # 23356 # 24441 # -1 # ID=6_24;partial=00;start_type=ATG;rbs_motif=GGA/GAG/AGG;rbs_spacer=5-10bp;genetic_code=11;gc_cont=0.652	GENOMAD.058649.CP	1.110E-18	91	0
JAJIUH010000027.1_156 # 215630 # 217324 # 1 # ID=60_156;partial=00;start_type=ATG;rbs_motif=GGA/GAG/AGG;rbs_spacer=5-10bp;genetic_code=11;gc_cont=0.657	GENOMAD.137986.CP	1.630E-04	47	0
JAJIUH010000027.1_188 # 257063 # 259729 # -1 # ID=60_188;partial=00;start_type=ATG;rbs_motif=None;rbs_spacer=None;genetic_code=11;gc_cont=0.667	GENOMAD.112786.CP	2.414E-205	662	0
JAJIUH010000028.1_13 # 18340 # 20571 # 1 # ID=61_13;partial=00;start_type=ATG;rbs_motif=None;rbs_spacer=None;genetic_code=11;gc_cont=0.678	GENOMAD.154880.CP	6.298E-16	85	1246
JAJIUH010000028.1_45 # 63101 # 63385 # -1 # ID=61_45;partial=00;start_type=ATG;rbs_motif=GGAG/GAGG;rbs_spacer=5-10bp;genetic_code=11;gc_cont=0.614	GENOMAD.147528.CP	1.212E-07	50	0
JAJIUH010000033.1_3 # 943 # 2592 # 1 # ID=66_3;partial=00;start_type=ATG;rbs_motif=AGGAG;rbs_spacer=5-10bp;genetic_code=11;gc_cont=0.653	GENOMAD.108501.PC	2.418E-10	66	0
JAJIUH010000036.1_17 # 24755 # 25273 # -1 # ID=70_17;partial=00;start_type=ATG;rbs_motif=AGGAG;rbs_spacer=5-10bp;genetic_code=11;gc_cont=0.680	GENOMAD.034204.CC	1.559E-72	241	0
JAJIUH010000113.1_18 # 19891 # 21018 # -1 # ID=21_18;partial=00;start_type=ATG;rbs_motif=GGAG/GAGG;rbs_spacer=5-10bp;genetic_code=11;gc_cont=0.675	GENOMAD.151838.CP	2.127E-05	49	0
JAJIUH010000113.1_50 # 62455 # 62886 # -1 # ID=21_50;partial=00;start_type=ATG;rbs_motif=None;rbs_spacer=None;genetic_code=11;gc_cont=0.606	GENOMAD.105714.CP	9.507E-31	119	0
JAJIUH010000115.1_10 # 6583 # 7719 # -1 # ID=23_10;partial=00;start_type=ATG;rbs_motif=GGA/GAG/AGG;rbs_spacer=5-10bp;genetic_code=11;gc_cont=0.563	GENOMAD.022765.PP	3.855E-216	667	0
JAJIUH010000072.1_3 # 1016 # 1573 # 1 # ID=109_3;partial=00;start_type=GTG;rbs_motif=AGGAG;rbs_spacer=5-10bp;genetic_code=11;gc_cont=0.602	GENOMAD.116512.CV	6.882E-26	107	1246
JAJIUH010000075.1_14 # 14945 # 15751 # -1 # ID=113_14;partial=00;start_type=ATG;rbs_motif=None;rbs_spacer=None;genetic_code=11;gc_cont=0.636	GENOMAD.114440.CP	1.914E-25	109	0
JAJIUH010000075.1_46 # 56481 # 58862 # -1 # ID=113_46;partial=00;start_type=ATG;rbs_motif=AGGAG;rbs_spacer=5-10bp;genetic_code=11;gc_cont=0.639	GENOMAD.159936.CP	5.444E-211	674	0
JAJIUH010000075.1_110 # 128085 # 132005 # 1 # ID=113_110;partial=00;start_type=ATG;rbs_motif=None;rbs_spacer=None;genetic_code=11;gc_cont=0.705	GENOMAD.001742.CC	0.000E+00	1731	0
JAJIUH010000075.1_142 # 172560 # 172727 # -1 # ID=113_142;partial=00;start_type=ATG;rbs_motif=None;rbs_spacer=None;genetic_code=11;gc_cont=0.619	GENOMAD.015026.CC	1.027E-21	88	0
JAJIUH010000076.1_10 # 11607 # 12641 # -1 # ID=114_10;partial=00;start_type=ATG;rbs_motif=AGGA;rbs_spacer=5-10bp;genetic_code=11;gc_cont=0.647	GENOMAD.033146.CC	8.727E-190	589	0
JAJIUH010000098.1_32 # 30353 # 31825 # 1 # ID=5_32;partial=00;start_type=ATG;rbs_motif=AGGAG;rbs_spacer=5-10bp;genetic_code=11;gc_cont=0.654	GENOMAD.168696.PC	4.726E-07	55	0
JAJIUH010000099.1_15 # 15420 # 15749 # -1 # ID=6_15;partial=00;start_type=ATG;rbs_motif=GGA/GAG/AGG;rbs_spacer=5-10bp;genetic_code=11;gc_cont=0.712	GENOMAD.041684.CC	3.497E-42	150	0
JAJIUH010000101.1_12 # 12954 # 13169 # 1 # ID=8_12;partial=00;start_type=ATG;rbs_motif=GGAG/GAGG;rbs_spacer=5-10bp;genetic_code=11;gc_cont=0.653	GENOMAD.055338.CC	2.969E-26	102	0
JAJIUH010000010.1_23 # 27413 # 29119 # 1 # ID=11_23;partial=00;start_type=ATG;rbs_motif=None;rbs_spacer=None;genetic_code=11;gc_cont=0.678	GENOMAD.111480.CP	9.889E-06	51	0
JAJIUH010000010.1_87 # 94075 # 94488 # -1 # ID=11_87;partial=00;start_type=ATG;rbs_motif=GGAG/GAGG;rbs_spacer=5-10bp;genetic_code=11;gc_cont=0.616	GENOMAD.061469.CV	7.329E-64	214	0
JAJIUH010000090.1_13 # 10903 # 11967 # -1 # ID=129_13;partial=00;start_type=ATG;rbs_motif=GGAGG;rbs_spacer=5-10bp;genetic_code=11;gc_cont=0.687	GENOMAD.189937.PC	6.782E-04	44	0
JAJIUH010000091.1_43 # 45034 # 45834 # -1 # ID=130_43;partial=00;start_type=ATG;rbs_motif=GGA/GAG/AGG;rbs_spacer=5-10bp;genetic_code=11;gc_cont=0.645	GENOMAD.126969.CP	1.530E-09	61	0
JAJIUH010000094.1_55 # 76691 # 77911 # -1 # ID=1_55;partial=00;start_type=ATG;rbs_motif=None;rbs_spacer=None;genetic_code=11;gc_cont=0.675	GENOMAD.118734.CP	1.001E-36	147	0
JAJIUH010000114.1_91 # 132608 # 133990 # -1 # ID=22_91;partial=00;start_type=ATG;rbs_motif=GGA/GAG/AGG;rbs_spacer=5-10bp;genetic_code=11;gc_cont=0.647	GENOMAD.153082.CP	2.968E-05	49	0
JAJIUH010000116.1_23 # 26338 # 27126 # 1 # ID=24_23;partial=00;start_type=ATG;rbs_motif=AGxAGG/AGGxGG;rbs_spacer=3-4bp;genetic_code=11;gc_cont=0.686	GENOMAD.160445.CP	5.367E-56	198	0
JAJIUH010000117.1_41 # 47558 # 50176 # -1 # ID=25_41;partial=00;start_type=ATG;rbs_motif=GGA/GAG/AGG;rbs_spacer=5-10bp;genetic_code=11;gc_cont=0.655	GENOMAD.151253.CP	1.707E-37	156	0
JAJIUH010000040.1_6 # 9586 # 11172 # -1 # ID=74_6;partial=00;start_type=ATG;rbs_motif=GGA/GAG/AGG;rbs_spacer=5-10bp;genetic_code=11;gc_cont=0.657	GENOMAD.151274.CP	2.289E-29	127	1246
JAJIUH010000040.1_70 # 92116 # 94302 # -1 # ID=74_70;partial=00;start_type=ATG;rbs_motif=None;rbs_spacer=None;genetic_code=11;gc_cont=0.655	GENOMAD.140739.CP	8.329E-131	437	0
JAJIUH010000047.1_14 # 18825 # 19211 # -1 # ID=82_14;partial=00;start_type=ATG;rbs_motif=GGAG/GAGG;rbs_spacer=5-10bp;genetic_code=11;gc_cont=0.677	GENOMAD.141139.CP	8.851E-07	49	0
JAJIUH010000047.1_46 # 58074 # 58454 # -1 # ID=82_46;partial=00;start_type=ATG;rbs_motif=GGA/GAG/AGG;rbs_spacer=11-12bp;genetic_code=11;gc_cont=0.601	GENOMAD.124417.CP	9.953E-04	40	0
JAJIUH010000120.1_24 # 24683 # 25600 # -1 # ID=28_24;partial=00;start_type=ATG;rbs_motif=GGAG/GAGG;rbs_spacer=5-10bp;genetic_code=11;gc_cont=0.666	GENOMAD.129449.CP	3.680E-50	183	0
JAJIUH010000122.1_10 # 12791 # 13297 # -1 # ID=30_10;partial=00;start_type=GTG;rbs_motif=GGAG/GAGG;rbs_spacer=5-10bp;genetic_code=11;gc_cont=0.669	GENOMAD.161143.CP	1.176E-05	47	0
JAJIUH010000125.1_25 # 29600 # 30427 # 1 # ID=34_25;partial=00;start_type=ATG;rbs_motif=GGA/GAG/AGG;rbs_spacer=5-10bp;genetic_code=11;gc_cont=0.676	GENOMAD.118488.CP	1.162E-19	92	1246
JAJIUH010000125.1_57 # 64833 # 65282 # 1 # ID=34_57;partial=00;start_type=ATG;rbs_motif=GGAGG;rbs_spacer=5-10bp;genetic_code=11;gc_cont=0.644	GENOMAD.147800.CP	7.234E-28	111	0
JAJIUH010000125.1_89 # 95643 # 96266 # 1 # ID=34_89;partial=00;start_type=ATG;rbs_motif=None;rbs_spacer=None;genetic_code=11;gc_cont=0.615	GENOMAD.168344.CP	1.041E-04	45	0
JAJIUH010000069.1_38 # 47401 # 48180 # -1 # ID=106_38;partial=00;start_type=ATG;rbs_motif=GGAG/GAGG;rbs_spacer=5-10bp;genetic_code=11;gc_cont=0.655	GENOMAD.114974.CP	1.093E-06	52	0
JAJIUH010000007.1_4 # 4136 # 4489 # -1 # ID=111_4;partial=00;start_type=ATG;rbs_motif=AGGA;rbs_spacer=5-10bp;genetic_code=11;gc_cont=0.633	GENOMAD.092163.CP	7.752E-04	40	0
JAJIUH010000075.1_127 # 149113 # 150357 # 1 # ID=113_127;partial=00;start_type=ATG;rbs_motif=GGA/GAG/AGG;rbs_spacer=5-10bp;genetic_code=11;gc_cont=0.671	GENOMAD.152588.CP	6.874E-60	216	0
JAJIUH010000075.1_159 # 192311 # 192868 # 1 # ID=113_159;partial=00;start_type=ATG;rbs_motif=GGA/GAG/AGG;rbs_spacer=5-10bp;genetic_code=11;gc_cont=0.670	GENOMAD.167065.CP	5.900E-28	113	0
JAJIUH010000076.1_27 # 28825 # 30042 # -1 # ID=114_27;partial=00;start_type=ATG;rbs_motif=None;rbs_spacer=None;genetic_code=11;gc_cont=0.644	GENOMAD.117243.CP	2.029E-42	164	0
JAJIUH010000077.1_29 # 29331 # 30722 # 1 # ID=115_29;partial=00;start_type=ATG;rbs_motif=None;rbs_spacer=None;genetic_code=11;gc_cont=0.656	GENOMAD.000379.CC	3.639E-26	116	0
JAJIUH010000114.1_33 # 54353 # 55462 # 1 # ID=22_33;partial=00;start_type=ATG;rbs_motif=GGA/GAG/AGG;rbs_spacer=5-10bp;genetic_code=11;gc_cont=0.653	GENOMAD.127113.CP	7.151E-22	101	0
JAJIUH010000117.1_15 # 14705 # 15130 # 1 # ID=25_15;partial=00;start_type=ATG;rbs_motif=GGA/GAG/AGG;rbs_spacer=5-10bp;genetic_code=11;gc_cont=0.676	GENOMAD.178838.CP	1.181E-18	84	1246
JAJIUH010000120.1_9 # 8455 # 11142 # -1 # ID=28_9;partial=00;start_type=ATG;rbs_motif=GGAG/GAGG;rbs_spacer=5-10bp;genetic_code=11;gc_cont=0.654	GENOMAD.147788.CP	3.009E-123	421	0
JAJIUH010000075.1_1 # 270 # 494 # -1 # ID=113_1;partial=00;start_type=ATG;rbs_motif=None;rbs_spacer=None;genetic_code=11;gc_cont=0.618	GENOMAD.212472.CP	2.066E-09	54	0
JAJIUH010000075.1_33 # 38897 # 39517 # -1 # ID=113_33;partial=00;start_type=ATG;rbs_motif=GGAG/GAGG;rbs_spacer=5-10bp;genetic_code=11;gc_cont=0.631	GENOMAD.152184.PC	3.764E-22	97	0
JAJIUH010000075.1_161 # 193650 # 194318 # 1 # ID=113_161;partial=00;start_type=ATG;rbs_motif=GGAG/GAGG;rbs_spacer=5-10bp;genetic_code=11;gc_cont=0.650	GENOMAD.126973.CP	6.458E-34	132	0
JAJIUH010000047.1_39 # 51557 # 52684 # 1 # ID=82_39;partial=00;start_type=ATG;rbs_motif=None;rbs_spacer=None;genetic_code=11;gc_cont=0.658	GENOMAD.103333.CP	2.103E-59	213	0
JAJIUH010000048.1_83 # 90637 # 91674 # 1 # ID=83_83;partial=00;start_type=ATG;rbs_motif=None;rbs_spacer=None;genetic_code=11;gc_cont=0.680	GENOMAD.000204.CC	3.654E-45	170	0
JAJIUH010000112.1_51 # 56769 # 58388 # -1 # ID=20_51;partial=00;start_type=ATG;rbs_motif=GGAG/GAGG;rbs_spacer=5-10bp;genetic_code=11;gc_cont=0.656	GENOMAD.170158.CP	6.830E-161	516	0
JAJIUH010000113.1_23 # 24636 # 25016 # 1 # ID=21_23;partial=00;start_type=GTG;rbs_motif=GGA/GAG/AGG;rbs_spacer=5-10bp;genetic_code=11;gc_cont=0.633	GENOMAD.104113.VV	4.545E-04	41	1246
JAJIUH010000114.1_4 # 10422 # 10898 # 1 # ID=22_4;partial=00;start_type=ATG;rbs_motif=GGA/GAG/AGG;rbs_spacer=5-10bp;genetic_code=11;gc_cont=0.677	GENOMAD.007007.CC	1.157E-16	79	0
JAJIUH010000114.1_100 # 144575 # 145312 # -1 # ID=22_100;partial=00;start_type=ATG;rbs_motif=None;rbs_spacer=None;genetic_code=11;gc_cont=0.656	GENOMAD.130656.CP	1.229E-11	67	0
JAJIUH010000040.1_69 # 90641 # 92119 # -1 # ID=74_69;partial=00;start_type=ATG;rbs_motif=GGAGG;rbs_spacer=5-10bp;genetic_code=11;gc_cont=0.634	GENOMAD.152654.CP	1.158E-07	57	0
JAJIUH010000047.1_45 # 57420 # 57827 # -1 # ID=82_45;partial=00;start_type=ATG;rbs_motif=GGAGG;rbs_spacer=5-10bp;genetic_code=11;gc_cont=0.615	GENOMAD.124417.CP	5.252E-06	47	0
JAJIUH010000047.1_77 # 99431 # 101905 # 1 # ID=82_77;partial=00;start_type=ATG;rbs_motif=GGA/GAG/AGG;rbs_spacer=5-10bp;genetic_code=11;gc_cont=0.662	GENOMAD.146392.CP	4.182E-220	702	0
JAJIUH010000086.1_2 # 1046 # 5575 # 1 # ID=125_2;partial=00;start_type=ATG;rbs_motif=GGAG/GAGG;rbs_spacer=5-10bp;genetic_code=11;gc_cont=0.696	GENOMAD.132314.CP	6.021E-115	410	0
JAJIUH010000087.1_28 # 28462 # 31242 # 1 # ID=126_28;partial=00;start_type=ATG;rbs_motif=GGAGG;rbs_spacer=5-10bp;genetic_code=11;gc_cont=0.647	GENOMAD.152082.CP	1.638E-81	296	0
JAJIUH010000087.1_60 # 73392 # 75590 # 1 # ID=126_60;partial=00;start_type=ATG;rbs_motif=GGA/GAG/AGG;rbs_spacer=5-10bp;genetic_code=11;gc_cont=0.651	GENOMAD.136702.CP	2.292E-128	430	0
JAJIUH010000088.1_12 # 13639 # 14208 # -1 # ID=127_12;partial=00;start_type=ATG;rbs_motif=GGAG/GAGG;rbs_spacer=5-10bp;genetic_code=11;gc_cont=0.686	GENOMAD.196537.PC	1.269E-18	86	0
JAJIUH010000009.1_18 # 23759 # 25144 # -1 # ID=133_18;partial=00;start_type=ATG;rbs_motif=GGAG/GAGG;rbs_spacer=5-10bp;genetic_code=11;gc_cont=0.689	GENOMAD.169710.PC	1.014E-29	127	0
JAJIUH010000010.1_20 # 25389 # 26396 # -1 # ID=11_20;partial=00;start_type=ATG;rbs_motif=GGA/GAG/AGG;rbs_spacer=11-12bp;genetic_code=11;gc_cont=0.648	GENOMAD.152541.CP	3.544E-05	48	1246
JAJIUH010000010.1_84 # 93226 # 93594 # -1 # ID=11_84;partial=00;start_type=ATG;rbs_motif=GGAG/GAGG;rbs_spacer=5-10bp;genetic_code=11;gc_cont=0.604	GENOMAD.000007.CC	9.663E-54	184	0
JAJIUH010000105.1_45 # 51610 # 52269 # -1 # ID=13_45;partial=00;start_type=ATG;rbs_motif=GGAG/GAGG;rbs_spacer=5-10bp;genetic_code=11;gc_cont=0.620	GENOMAD.111859.CP	3.327E-15	77	0
JAJIUH010000106.1_15 # 9722 # 10018 # 1 # ID=14_15;partial=00;start_type=ATG;rbs_motif=GGA/GAG/AGG;rbs_spacer=5-10bp;genetic_code=11;gc_cont=0.566	GENOMAD.222243.VP	5.055E-49	169	2773
JAJIUH010000110.1_6 # 5605 # 7665 # 1 # ID=18_6;partial=00;start_type=ATG;rbs_motif=None;rbs_spacer=None;genetic_code=11;gc_cont=0.684	GENOMAD.108664.CP	1.153E-08	61	1246
JAJIUH010000013.1_2 # 1066 # 2115 # -1 # ID=44_2;partial=00;start_type=ATG;rbs_motif=GGA/GAG/AGG;rbs_spacer=5-10bp;genetic_code=11;gc_cont=0.668	GENOMAD.162190.CP	1.438E-08	59	0
JAJIUH010000019.1_2 # 800 # 1696 # -1 # ID=51_2;partial=00;start_type=ATG;rbs_motif=GGA/GAG/AGG;rbs_spacer=5-10bp;genetic_code=11;gc_cont=0.686	GENOMAD.190451.PC	2.670E-11	67	0
JAJIUH010000049.1_17 # 13836 # 14648 # -1 # ID=84_17;partial=00;start_type=ATG;rbs_motif=3Base/5BMM;rbs_spacer=13-15bp;genetic_code=11;gc_cont=0.632	GENOMAD.189906.CP	6.661E-130	412	0
JAJIUH010000061.1_2 # 985 # 2016 # -1 # ID=97_2;partial=00;start_type=ATG;rbs_motif=AGGA;rbs_spacer=5-10bp;genetic_code=11;gc_cont=0.532	GENOMAD.114461.PP	1.737E-90	302	0
JAJIUH010000006.1_21 # 15934 # 16152 # -1 # ID=100_21;partial=00;start_type=ATG;rbs_motif=GGAG/GAGG;rbs_spacer=5-10bp;genetic_code=11;gc_cont=0.607	GENOMAD.128941.PC	2.260E-29	111	0
JAJIUH010000112.1_91 # 100500 # 101459 # -1 # ID=20_91;partial=00;start_type=ATG;rbs_motif=GGAG/GAGG;rbs_spacer=5-10bp;genetic_code=11;gc_cont=0.683	GENOMAD.161620.PC	2.693E-09	61	0
JAJIUH010000114.1_44 # 70468 # 71358 # -1 # ID=22_44;partial=00;start_type=ATG;rbs_motif=None;rbs_spacer=None;genetic_code=11;gc_cont=0.681	GENOMAD.043656.CC	7.210E-47	173	0
JAJIUH010000114.1_108 # 152594 # 152863 # -1 # ID=22_108;partial=00;start_type=ATG;rbs_motif=GGAGG;rbs_spacer=5-10bp;genetic_code=11;gc_cont=0.641	GENOMAD.103040.CV	1.595E-10	58	0
JAJIUH010000119.1_13 # 12508 # 14463 # -1 # ID=27_13;partial=00;start_type=ATG;rbs_motif=GGAG/GAGG;rbs_spacer=5-10bp;genetic_code=11;gc_cont=0.665	GENOMAD.176626.CP	1.862E-194	619	0
JAJIUH010000120.1_15 # 17677 # 18096 # 1 # ID=28_15;partial=00;start_type=ATG;rbs_motif=GGAG/GAGG;rbs_spacer=5-10bp;genetic_code=11;gc_cont=0.648	GENOMAD.129482.CP	5.866E-06	47	1246
JAJIUH010000011.1_44 # 46730 # 47611 # -1 # ID=32_44;partial=00;start_type=ATG;rbs_motif=GGAG/GAGG;rbs_spacer=5-10bp;genetic_code=11;gc_cont=0.653	GENOMAD.154597.PC	1.098E-61	216	0
JAJIUH010000125.1_16 # 21073 # 22107 # 1 # ID=34_16;partial=00;start_type=ATG;rbs_motif=GGA/GAG/AGG;rbs_spacer=11-12bp;genetic_code=11;gc_cont=0.646	GENOMAD.180523.PC	1.422E-83	282	0
JAJIUH010000125.1_48 # 56726 # 58663 # 1 # ID=34_48;partial=00;start_type=ATG;rbs_motif=GGAG/GAGG;rbs_spacer=5-10bp;genetic_code=11;gc_cont=0.654	GENOMAD.142795.CP	1.749E-07	57	0
JAJIUH010000125.1_80 # 87605 # 87775 # -1 # ID=34_80;partial=00;start_type=ATG;rbs_motif=GGA/GAG/AGG;rbs_spacer=11-12bp;genetic_code=11;gc_cont=0.614	GENOMAD.023882.VV	3.472E-25	98	1246
JAJIUH010000126.1_8 # 13004 # 14851 # 1 # ID=35_8;partial=00;start_type=ATG;rbs_motif=GGA/GAG/AGG;rbs_spacer=5-10bp;genetic_code=11;gc_cont=0.690	GENOMAD.148123.CP	2.550E-13	76	0
JAJIUH010000117.1_35 # 38066 # 39553 # -1 # ID=25_35;partial=00;start_type=ATG;rbs_motif=None;rbs_spacer=None;genetic_code=11;gc_cont=0.694	GENOMAD.093644.CP	1.564E-17	89	0
JAJIUH010000011.1_26 # 27985 # 29328 # -1 # ID=32_26;partial=00;start_type=ATG;rbs_motif=None;rbs_spacer=None;genetic_code=11;gc_cont=0.625	GENOMAD.198386.CV	2.319E-51	192	0
JAJIUH010000124.1_11 # 12323 # 12883 # -1 # ID=33_11;partial=00;start_type=ATG;rbs_motif=GGAG/GAGG;rbs_spacer=5-10bp;genetic_code=11;gc_cont=0.588	GENOMAD.180325.PC	2.943E-46	166	0
JAJIUH010000125.1_30 # 35839 # 36852 # 1 # ID=34_30;partial=00;start_type=ATG;rbs_motif=GGAG/GAGG;rbs_spacer=5-10bp;genetic_code=11;gc_cont=0.664	GENOMAD.087505.CP	1.928E-11	68	0
JAJIUH010000099.1_21 # 19917 # 20699 # -1 # ID=6_21;partial=00;start_type=ATG;rbs_motif=GGA/GAG/AGG;rbs_spacer=5-10bp;genetic_code=11;gc_cont=0.645	GENOMAD.107364.VV	2.186E-34	135	0
JAJIUH010000101.1_18 # 16520 # 17005 # 1 # ID=8_18;partial=00;start_type=ATG;rbs_motif=None;rbs_spacer=None;genetic_code=11;gc_cont=0.646	GENOMAD.097044.CV	2.371E-28	113	0
JAJIUH010000010.1_29 # 36648 # 37190 # 1 # ID=11_29;partial=00;start_type=ATG;rbs_motif=GGxGG;rbs_spacer=3-4bp;genetic_code=11;gc_cont=0.661	GENOMAD.142094.CP	6.730E-10	60	0
JAJIUH010000010.1_93 # 97004 # 97609 # -1 # ID=11_93;partial=00;start_type=ATG;rbs_motif=AGGAG;rbs_spacer=5-10bp;genetic_code=11;gc_cont=0.611	GENOMAD.060214.CV	1.046E-27	113	0
JAJIUH010000077.1_49 # 48066 # 49112 # 1 # ID=115_49;partial=00;start_type=ATG;rbs_motif=GGAG/GAGG;rbs_spacer=5-10bp;genetic_code=11;gc_cont=0.643	GENOMAD.194675.PC	4.060E-71	246	0
JAJIUH010000079.1_1 # 261 # 689 # -1 # ID=117_1;partial=00;start_type=ATG;rbs_motif=None;rbs_spacer=None;genetic_code=11;gc_cont=0.590	GENOMAD.169725.CP	6.792E-04	41	0
JAJIUH010000054.1_23 # 32021 # 33406 # -1 # ID=89_23;partial=00;start_type=ATG;rbs_motif=GGA/GAG/AGG;rbs_spacer=5-10bp;genetic_code=11;gc_cont=0.696	GENOMAD.170233.CP	7.287E-41	161	0
JAJIUH010000056.1_12 # 7244 # 7993 # -1 # ID=92_12;partial=00;start_type=ATG;rbs_motif=None;rbs_spacer=None;genetic_code=11;gc_cont=0.676	GENOMAD.005386.CC	2.256E-40	152	0
JAJIUH010000006.1_10 # 6832 # 7539 # -1 # ID=100_10;partial=00;start_type=ATG;rbs_motif=AGGAG;rbs_spacer=5-10bp;genetic_code=11;gc_cont=0.556	GENOMAD.123110.PV	9.921E-55	193	0
JAJIUH010000120.1_26 # 26034 # 27680 # -1 # ID=28_26;partial=00;start_type=ATG;rbs_motif=GGAG/GAGG;rbs_spacer=5-10bp;genetic_code=11;gc_cont=0.650	GENOMAD.209570.CP	3.378E-312	954	0
JAJIUH010000124.1_8 # 9486 # 10019 # -1 # ID=33_8;partial=00;start_type=ATG;rbs_motif=GGA/GAG/AGG;rbs_spacer=5-10bp;genetic_code=11;gc_cont=0.614	GENOMAD.067442.PP	1.301E-33	129	0
JAJIUH010000125.1_91 # 96889 # 97143 # 1 # ID=34_91;partial=00;start_type=ATG;rbs_motif=AGGA;rbs_spacer=5-10bp;genetic_code=11;gc_cont=0.612	GENOMAD.197160.PC	4.515E-28	108	0
JAJIUH010000020.1_89 # 95619 # 97055 # -1 # ID=52_89;partial=00;start_type=ATG;rbs_motif=GGA/GAG/AGG;rbs_spacer=5-10bp;genetic_code=11;gc_cont=0.653	GENOMAD.137791.CP	7.664E-06	51	0
JAJIUH010000020.1_121 # 132624 # 134372 # 1 # ID=52_121;partial=00;start_type=ATG;rbs_motif=None;rbs_spacer=None;genetic_code=11;gc_cont=0.676	GENOMAD.177921.CP	6.147E-07	55	0
JAJIUH010000027.1_25 # 32085 # 33092 # 1 # ID=60_25;partial=00;start_type=ATG;rbs_motif=GGA/GAG/AGG;rbs_spacer=5-10bp;genetic_code=11;gc_cont=0.684	GENOMAD.190147.CP	1.657E-38	150	0
JAJIUH010000090.1_30 # 33112 # 34746 # -1 # ID=129_30;partial=00;start_type=GTG;rbs_motif=GGAG/GAGG;rbs_spacer=5-10bp;genetic_code=11;gc_cont=0.646	GENOMAD.074457.CP	2.715E-111	372	0
JAJIUH010000091.1_28 # 25121 # 26017 # -1 # ID=130_28;partial=00;start_type=ATG;rbs_motif=GGA/GAG/AGG;rbs_spacer=5-10bp;genetic_code=11;gc_cont=0.642	GENOMAD.177900.CP	6.543E-13	72	0
JAJIUH010000009.1_1 # 21 # 941 # 1 # ID=133_1;partial=00;start_type=ATG;rbs_motif=None;rbs_spacer=None;genetic_code=11;gc_cont=0.648	GENOMAD.123560.CP	1.021E-19	93	0
JAJIUH010000094.1_8 # 8017 # 9522 # -1 # ID=1_8;partial=00;start_type=ATG;rbs_motif=GGA/GAG/AGG;rbs_spacer=5-10bp;genetic_code=11;gc_cont=0.625	GENOMAD.160889.PC	1.580E-40	161	0
JAJIUH010000094.1_136 # 170180 # 170518 # 1 # ID=1_136;partial=00;start_type=ATG;rbs_motif=AGGA;rbs_spacer=5-10bp;genetic_code=11;gc_cont=0.661	GENOMAD.168664.PC	1.068E-07	51	0
JAJIUH010000080.1_32 # 25737 # 27251 # 1 # ID=118_32;partial=00;start_type=ATG;rbs_motif=AGGAG;rbs_spacer=5-10bp;genetic_code=11;gc_cont=0.658	GENOMAD.123340.CP	6.387E-70	249	0
JAJIUH010000084.1_32 # 34564 # 36735 # -1 # ID=123_32;partial=00;start_type=ATG;rbs_motif=GGA/GAG/AGG;rbs_spacer=5-10bp;genetic_code=11;gc_cont=0.662	GENOMAD.121860.CP	1.850E-10	67	0
JAJIUH010000085.1_12 # 13817 # 15481 # 1 # ID=124_12;partial=00;start_type=ATG;rbs_motif=None;rbs_spacer=None;genetic_code=11;gc_cont=0.705	GENOMAD.094517.CV	8.344E-09	61	1246
JAJIUH010000087.1_18 # 16860 # 17426 # -1 # ID=126_18;partial=00;start_type=ATG;rbs_motif=AGGAG;rbs_spacer=5-10bp;genetic_code=11;gc_cont=0.679	GENOMAD.169876.CP	8.279E-08	54	0
JAJIUH010000125.1_31 # 36849 # 37307 # 1 # ID=34_31;partial=00;start_type=ATG;rbs_motif=AGGAG;rbs_spacer=5-10bp;genetic_code=11;gc_cont=0.606	GENOMAD.118450.CP	1.665E-07	52	0
JAJIUH010000130.1_16 # 20851 # 21300 # -1 # ID=39_16;partial=00;start_type=ATG;rbs_motif=GGA/GAG/AGG;rbs_spacer=5-10bp;genetic_code=11;gc_cont=0.656	GENOMAD.049078.CC	5.926E-11	62	0
JAJIUH010000114.1_78 # 114804 # 116177 # -1 # ID=22_78;partial=00;start_type=ATG;rbs_motif=GGA/GAG/AGG;rbs_spacer=5-10bp;genetic_code=11;gc_cont=0.693	GENOMAD.180266.CP	8.960E-29	124	0
JAJIUH010000116.1_10 # 10712 # 11701 # 1 # ID=24_10;partial=00;start_type=GTG;rbs_motif=None;rbs_spacer=None;genetic_code=11;gc_cont=0.618	GENOMAD.189522.PC	1.733E-174	544	0
JAJIUH010000116.1_74 # 75692 # 76522 # 1 # ID=24_74;partial=00;start_type=ATG;rbs_motif=GGxGG;rbs_spacer=5-10bp;genetic_code=11;gc_cont=0.615	GENOMAD.171038.PC	1.095E-14	77	0
JAJIUH010000028.1_44 # 62685 # 63104 # -1 # ID=61_44;partial=00;start_type=ATG;rbs_motif=GGAG/GAGG;rbs_spacer=5-10bp;genetic_code=11;gc_cont=0.610	GENOMAD.138410.CP	1.001E-19	87	0
JAJIUH010000030.1_19 # 23276 # 24658 # -1 # ID=63_19;partial=00;start_type=ATG;rbs_motif=AGGAG;rbs_spacer=5-10bp;genetic_code=11;gc_cont=0.666	GENOMAD.190734.CP	1.253E-112	372	0
JAJIUH010000033.1_2 # 671 # 946 # 1 # ID=66_2;partial=00;start_type=ATG;rbs_motif=GGAGG;rbs_spacer=5-10bp;genetic_code=11;gc_cont=0.652	GENOMAD.029569.PP	2.422E-45	158	0
JAJIUH010000035.1_13 # 18641 # 19153 # -1 # ID=68_13;partial=00;start_type=ATG;rbs_motif=GGA/GAG/AGG;rbs_spacer=5-10bp;genetic_code=11;gc_cont=0.618	GENOMAD.062686.CP	8.107E-45	161	0
JAJIUH010000036.1_80 # 90950 # 91801 # -1 # ID=70_80;partial=00;start_type=ATG;rbs_motif=GGA/GAG/AGG;rbs_spacer=5-10bp;genetic_code=11;gc_cont=0.674	GENOMAD.019505.CC	3.310E-100	327	0
JAJIUH010000027.1_22 # 29445 # 30191 # -1 # ID=60_22;partial=00;start_type=ATG;rbs_motif=None;rbs_spacer=None;genetic_code=11;gc_cont=0.664	GENOMAD.171493.CP	1.324E-102	332	0
JAJIUH010000027.1_54 # 81887 # 84775 # 1 # ID=60_54;partial=00;start_type=ATG;rbs_motif=GGA/GAG/AGG;rbs_spacer=5-10bp;genetic_code=11;gc_cont=0.672	GENOMAD.152082.CP	2.486E-64	243	0
JAJIUH010000027.1_86 # 122013 # 123284 # -1 # ID=60_86;partial=00;start_type=ATG;rbs_motif=AGGA;rbs_spacer=5-10bp;genetic_code=11;gc_cont=0.675	GENOMAD.118636.CP	3.517E-11	68	0
JAJIUH010000036.1_95 # 104166 # 104372 # 1 # ID=70_95;partial=00;start_type=ATG;rbs_motif=GGAG/GAGG;rbs_spacer=5-10bp;genetic_code=11;gc_cont=0.676	GENOMAD.004807.CC	8.890E-08	49	0
JAJIUH010000045.1_1 # 49 # 1254 # -1 # ID=79_1;partial=00;start_type=ATG;rbs_motif=AGGA;rbs_spacer=5-10bp;genetic_code=11;gc_cont=0.605	GENOMAD.191266.CP	8.468E-43	165	0
JAJIUH010000036.1_5 # 8819 # 10735 # -1 # ID=70_5;partial=00;start_type=ATG;rbs_motif=GGAG/GAGG;rbs_spacer=5-10bp;genetic_code=11;gc_cont=0.664	GENOMAD.145791.CP	6.472E-137	451	0
JAJIUH010000040.1_16 # 31779 # 33596 # -1 # ID=74_16;partial=00;start_type=ATG;rbs_motif=GGAG/GAGG;rbs_spacer=5-10bp;genetic_code=11;gc_cont=0.640	GENOMAD.142795.CP	8.882E-05	48	0
JAJIUH010000059.1_5 # 2412 # 2852 # -1 # ID=95_5;partial=00;start_type=ATG;rbs_motif=GGAG/GAGG;rbs_spacer=5-10bp;genetic_code=11;gc_cont=0.549	GENOMAD.085683.PP	4.025E-15	74	0
JAJIUH010000066.1_41 # 35602 # 36141 # -1 # ID=103_41;partial=00;start_type=ATG;rbs_motif=None;rbs_spacer=None;genetic_code=11;gc_cont=0.643	GENOMAD.013102.CC	8.182E-31	121	0
JAJIUH010000036.1_4 # 7065 # 8801 # -1 # ID=70_4;partial=00;start_type=ATG;rbs_motif=GGAG/GAGG;rbs_spacer=5-10bp;genetic_code=11;gc_cont=0.641	GENOMAD.208849.PC	2.050E-109	368	0
JAJIUH010000036.1_68 # 76591 # 77595 # -1 # ID=70_68;partial=00;start_type=ATG;rbs_motif=GGAG/GAGG;rbs_spacer=5-10bp;genetic_code=11;gc_cont=0.678	GENOMAD.133049.CP	1.011E-61	218	0
JAJIUH010000036.1_100 # 107918 # 108625 # 1 # ID=70_100;partial=00;start_type=ATG;rbs_motif=GGAGG;rbs_spacer=3-4bp;genetic_code=11;gc_cont=0.667	GENOMAD.147903.CP	1.267E-122	389	0
JAJIUH010000040.1_15 # 29917 # 31782 # -1 # ID=74_15;partial=00;start_type=ATG;rbs_motif=GGAGG;rbs_spacer=5-10bp;genetic_code=11;gc_cont=0.648	GENOMAD.142795.CP	2.012E-08	60	0
JAJIUH010000041.1_6 # 3582 # 3905 # -1 # ID=75_6;partial=00;start_type=ATG;rbs_motif=GGAGG;rbs_spacer=3-4bp;genetic_code=11;gc_cont=0.577	GENOMAD.013765.PP	2.347E-61	205	0
JAJIUH010000097.1_39 # 40663 # 41091 # -1 # ID=4_39;partial=00;start_type=ATG;rbs_motif=GGA/GAG/AGG;rbs_spacer=5-10bp;genetic_code=11;gc_cont=0.613	GENOMAD.078681.CV	1.335E-51	179	1246
JAJIUH010000098.1_8 # 7394 # 8503 # -1 # ID=5_8;partial=00;start_type=ATG;rbs_motif=GGAG/GAGG;rbs_spacer=5-10bp;genetic_code=11;gc_cont=0.680	GENOMAD.129171.CP	7.957E-09	60	0
JAJIUH010000094.1_59 # 81548 # 82408 # -1 # ID=1_59;partial=00;start_type=GTG;rbs_motif=None;rbs_spacer=None;genetic_code=11;gc_cont=0.659	GENOMAD.092099.CV	4.231E-37	144	0
JAJIUH010000094.1_91 # 123498 # 124142 # -1 # ID=1_91;partial=00;start_type=ATG;rbs_motif=GGA/GAG/AGG;rbs_spacer=5-10bp;genetic_code=11;gc_cont=0.693	GENOMAD.148229.CP	6.469E-30	120	0
JAJIUH010000010.1_64 # 77916 # 79043 # -1 # ID=11_64;partial=00;start_type=TTG;rbs_motif=AGGAG;rbs_spacer=5-10bp;genetic_code=11;gc_cont=0.645	GENOMAD.132666.CP	2.865E-67	236	0
JAJIUH010000105.1_25 # 29607 # 30206 # -1 # ID=13_25;partial=00;start_type=ATG;rbs_motif=GGAG/GAGG;rbs_spacer=5-10bp;genetic_code=11;gc_cont=0.648	GENOMAD.124379.CP	8.752E-04	42	0
JAJIUH010000108.1_40 # 48050 # 48784 # 1 # ID=16_40;partial=00;start_type=ATG;rbs_motif=None;rbs_spacer=None;genetic_code=11;gc_cont=0.684	GENOMAD.136266.CP	5.232E-22	98	0
JAJIUH010000111.1_10 # 11830 # 12348 # 1 # ID=19_10;partial=00;start_type=ATG;rbs_motif=None;rbs_spacer=None;genetic_code=11;gc_cont=0.645	GENOMAD.128855.CP	4.640E-25	104	0
JAJIUH010000072.1_2 # 595 # 1002 # 1 # ID=109_2;partial=00;start_type=ATG;rbs_motif=GGA/GAG/AGG;rbs_spacer=3-4bp;genetic_code=11;gc_cont=0.583	GENOMAD.085104.CV	6.794E-72	237	0
JAJIUH010000075.1_13 # 13821 # 14948 # -1 # ID=113_13;partial=00;start_type=ATG;rbs_motif=None;rbs_spacer=None;genetic_code=11;gc_cont=0.668	GENOMAD.125879.CP	6.841E-20	95	0
JAJIUH010000075.1_109 # 126445 # 127944 # 1 # ID=113_109;partial=00;start_type=ATG;rbs_motif=GGAG/GAGG;rbs_spacer=5-10bp;genetic_code=11;gc_cont=0.655	GENOMAD.030551.CC	1.373E-04	47	0
JAJIUH010000075.1_141 # 171964 # 172149 # -1 # ID=113_141;partial=00;start_type=ATG;rbs_motif=GGAG/GAGG;rbs_spacer=5-10bp;genetic_code=11;gc_cont=0.608	GENOMAD.015026.CC	2.498E-23	93	0
JAJIUH010000076.1_9 # 9689 # 11596 # -1 # ID=114_9;partial=00;start_type=ATG;rbs_motif=GGAG/GAGG;rbs_spacer=5-10bp;genetic_code=11;gc_cont=0.631	GENOMAD.110066.CP	9.475E-05	48	0
JAJIUH010000077.1_11 # 10786 # 11091 # 1 # ID=115_11;partial=00;start_type=ATG;rbs_motif=None;rbs_spacer=None;genetic_code=11;gc_cont=0.647	GENOMAD.181899.CV	7.134E-08	51	0
JAJIUH010000027.1_126 # 170628 # 171056 # -1 # ID=60_126;partial=00;start_type=ATG;rbs_motif=GGA/GAG/AGG;rbs_spacer=5-10bp;genetic_code=11;gc_cont=0.650	GENOMAD.004648.CC	1.453E-16	78	0
JAJIUH010000027.1_190 # 261111 # 262163 # 1 # ID=60_190;partial=00;start_type=ATG;rbs_motif=AGGA/GGAG/GAGG;rbs_spacer=11-12bp;genetic_code=11;gc_cont=0.699	GENOMAD.137637.CP	4.501E-06	51	0
JAJIUH010000028.1_47 # 63885 # 65429 # -1 # ID=61_47;partial=00;start_type=ATG;rbs_motif=GGA/GAG/AGG;rbs_spacer=5-10bp;genetic_code=11;gc_cont=0.665	GENOMAD.109407.CP	2.992E-117	388	0
JAJIUH010000003.1_31 # 31309 # 31974 # -1 # ID=69_31;partial=00;start_type=ATG;rbs_motif=GGAG/GAGG;rbs_spacer=5-10bp;genetic_code=11;gc_cont=0.691	GENOMAD.145670.CP	1.506E-07	54	0
JAJIUH010000066.1_70 # 62643 # 63998 # 1 # ID=103_70;partial=00;start_type=ATG;rbs_motif=GGA/GAG/AGG;rbs_spacer=5-10bp;genetic_code=11;gc_cont=0.651	GENOMAD.177813.CP	3.730E-114	376	0
JAJIUH010000069.1_27 # 37544 # 38170 # -1 # ID=106_27;partial=00;start_type=ATG;rbs_motif=GGAG/GAGG;rbs_spacer=5-10bp;genetic_code=11;gc_cont=0.646	GENOMAD.161205.CP	5.824E-12	67	0
JAJIUH010000072.1_9 # 8942 # 13156 # 1 # ID=109_9;partial=00;start_type=ATG;rbs_motif=GGAG/GAGG;rbs_spacer=5-10bp;genetic_code=11;gc_cont=0.633	GENOMAD.052211.CC	1.146E-30	135	0
JAJIUH010000075.1_52 # 65674 # 66219 # -1 # ID=113_52;partial=00;start_type=ATG;rbs_motif=AGGA;rbs_spacer=5-10bp;genetic_code=11;gc_cont=0.687	GENOMAD.015629.CC	1.484E-04	44	0
JAJIUH010000075.1_84 # 99964 # 100767 # 1 # ID=113_84;partial=00;start_type=ATG;rbs_motif=GGAG/GAGG;rbs_spacer=5-10bp;genetic_code=11;gc_cont=0.692	GENOMAD.016394.CC	1.034E-114	368	0
JAJIUH010000075.1_116 # 137528 # 138616 # -1 # ID=113_116;partial=00;start_type=GTG;rbs_motif=GGAG/GAGG;rbs_spacer=5-10bp;genetic_code=11;gc_cont=0.645	GENOMAD.207450.CP	1.427E-22	103	0
JAJIUH010000075.1_148 # 177951 # 179225 # -1 # ID=113_148;partial=00;start_type=ATG;rbs_motif=GGA/GAG/AGG;rbs_spacer=5-10bp;genetic_code=11;gc_cont=0.660	GENOMAD.031297.CC	1.460E-44	171	0
JAJIUH010000014.1_10 # 12935 # 14119 # -1 # ID=45_10;partial=00;start_type=ATG;rbs_motif=None;rbs_spacer=None;genetic_code=11;gc_cont=0.663	GENOMAD.000446.CC	6.500E-64	227	0
JAJIUH010000001.1_17 # 17780 # 18946 # -1 # ID=49_17;partial=00;start_type=ATG;rbs_motif=GGA/GAG/AGG;rbs_spacer=5-10bp;genetic_code=11;gc_cont=0.654	GENOMAD.124282.CP	6.320E-96	320	0
JAJIUH010000020.1_49 # 56990 # 58579 # 1 # ID=52_49;partial=00;start_type=ATG;rbs_motif=GGAGG;rbs_spacer=5-10bp;genetic_code=11;gc_cont=0.652	GENOMAD.143156.CP	3.399E-49	188	0
JAJIUH010000061.1_8 # 7963 # 8892 # -1 # ID=97_8;partial=00;start_type=ATG;rbs_motif=None;rbs_spacer=None;genetic_code=11;gc_cont=0.598	GENOMAD.147741.CP	1.700E-38	149	0
JAJIUH010000069.1_2 # 469 # 1188 # -1 # ID=106_2;partial=00;start_type=ATG;rbs_motif=None;rbs_spacer=None;genetic_code=11;gc_cont=0.699	GENOMAD.034878.CC	2.181E-56	198	0
JAJIUH010000069.1_66 # 86473 # 88614 # 1 # ID=106_66;partial=00;start_type=ATG;rbs_motif=AGGAG;rbs_spacer=5-10bp;genetic_code=11;gc_cont=0.640	GENOMAD.135943.CP	3.833E-29	128	0
JAJIUH010000008.1_4 # 5882 # 6511 # 1 # ID=122_4;partial=00;start_type=ATG;rbs_motif=GGA/GAG/AGG;rbs_spacer=5-10bp;genetic_code=11;gc_cont=0.695	GENOMAD.153056.CP	1.337E-38	145	0
JAJIUH010000084.1_17 # 22167 # 22601 # -1 # ID=123_17;partial=00;start_type=ATG;rbs_motif=GGA/GAG/AGG;rbs_spacer=11-12bp;genetic_code=11;gc_cont=0.701	GENOMAD.147360.CP	3.763E-66	221	0
JAJIUH010000087.1_99 # 121027 # 122004 # -1 # ID=126_99;partial=00;start_type=ATG;rbs_motif=GGAG/GAGG;rbs_spacer=5-10bp;genetic_code=11;gc_cont=0.695	GENOMAD.018427.CC	7.369E-191	591	0
JAJIUH010000088.1_19 # 20335 # 20637 # -1 # ID=127_19;partial=00;start_type=ATG;rbs_motif=GGAG/GAGG;rbs_spacer=5-10bp;genetic_code=11;gc_cont=0.660	GENOMAD.001872.CC	3.759E-06	46	0
JAJIUH010000010.1_16 # 19662 # 20288 # -1 # ID=11_16;partial=00;start_type=ATG;rbs_motif=GGA/GAG/AGG;rbs_spacer=5-10bp;genetic_code=11;gc_cont=0.627	GENOMAD.092312.VV	1.055E-04	45	1246
JAJIUH010000010.1_48 # 59736 # 60833 # -1 # ID=11_48;partial=00;start_type=ATG;rbs_motif=GGAG/GAGG;rbs_spacer=5-10bp;genetic_code=11;gc_cont=0.648	GENOMAD.154793.CP	1.377E-132	425	0
JAJIUH010000010.1_80 # 91411 # 91809 # -1 # ID=11_80;partial=00;start_type=ATG;rbs_motif=GGA/GAG/AGG;rbs_spacer=5-10bp;genetic_code=11;gc_cont=0.586	GENOMAD.000019.CC	1.493E-37	138	0
JAJIUH010000105.1_9 # 7826 # 9010 # -1 # ID=13_9;partial=00;start_type=GTG;rbs_motif=AGGA;rbs_spacer=5-10bp;genetic_code=11;gc_cont=0.532	GENOMAD.106752.PC	1.304E-25	113	0
JAJIUH010000105.1_41 # 46121 # 47581 # -1 # ID=13_41;partial=00;start_type=ATG;rbs_motif=AGGA;rbs_spacer=5-10bp;genetic_code=11;gc_cont=0.628	GENOMAD.109595.CP	1.369E-102	344	0
JAJIUH010000106.1_11 # 8138 # 8353 # 1 # ID=14_11;partial=00;start_type=ATG;rbs_motif=GGAGG;rbs_spacer=5-10bp;genetic_code=11;gc_cont=0.611	GENOMAD.096365.VV	3.199E-18	79	2773
JAJIUH010000106.1_75 # 64664 # 65410 # -1 # ID=14_75;partial=00;start_type=ATG;rbs_motif=None;rbs_spacer=None;genetic_code=11;gc_cont=0.632	GENOMAD.112742.CP	1.229E-22	100	0
JAJIUH010000018.1_33 # 38485 # 39078 # 1 # ID=50_33;partial=00;start_type=ATG;rbs_motif=GGA/GAG/AGG;rbs_spacer=5-10bp;genetic_code=11;gc_cont=0.704	GENOMAD.211378.PC	1.869E-15	77	0
JAJIUH010000020.1_53 # 61341 # 62420 # 1 # ID=52_53;partial=00;start_type=ATG;rbs_motif=None;rbs_spacer=None;genetic_code=11;gc_cont=0.708	GENOMAD.104118.CP	7.476E-09	60	0
JAJIUH010000020.1_85 # 92567 # 93673 # -1 # ID=52_85;partial=00;start_type=ATG;rbs_motif=GGA/GAG/AGG;rbs_spacer=5-10bp;genetic_code=11;gc_cont=0.645	GENOMAD.118355.CP	2.430E-52	192	0
JAJIUH010000020.1_117 # 125554 # 126165 # 1 # ID=52_117;partial=00;start_type=ATG;rbs_motif=GGA/GAG/AGG;rbs_spacer=5-10bp;genetic_code=11;gc_cont=0.621	GENOMAD.215702.CP	1.557E-22	98	0
JAJIUH010000125.1_14 # 17938 # 18708 # 1 # ID=34_14;partial=00;start_type=ATG;rbs_motif=GGA/GAG/AGG;rbs_spacer=5-10bp;genetic_code=11;gc_cont=0.678	GENOMAD.181911.PC	2.342E-43	161	0
JAJIUH010000125.1_46 # 54989 # 55669 # 1 # ID=34_46;partial=00;start_type=ATG;rbs_motif=None;rbs_spacer=None;genetic_code=11;gc_cont=0.645	GENOMAD.109399.CP	3.993E-12	68	0
JAJIUH010000125.1_78 # 86056 # 86658 # -1 # ID=34_78;partial=00;start_type=ATG;rbs_motif=None;rbs_spacer=None;genetic_code=11;gc_cont=0.645	GENOMAD.014488.CC	2.921E-23	100	0
JAJIUH010000127.1_24 # 25387 # 25770 # 1 # ID=36_24;partial=00;start_type=ATG;rbs_motif=None;rbs_spacer=None;genetic_code=11;gc_cont=0.661	GENOMAD.030183.CC	2.690E-45	160	0
JAJIUH010000127.1_56 # 65935 # 67164 # -1 # ID=36_56;partial=00;start_type=ATG;rbs_motif=GGAG/GAGG;rbs_spacer=5-10bp;genetic_code=11;gc_cont=0.653	GENOMAD.124229.CP	2.310E-37	149	0
JAJIUH010000013.1_40 # 51112 # 53607 # 1 # ID=44_40;partial=00;start_type=ATG;rbs_motif=GGAG/GAGG;rbs_spacer=5-10bp;genetic_code=11;gc_cont=0.650	GENOMAD.119324.PC	5.617E-142	474	0
JAJIUH010000017.1_77 # 86753 # 89056 # 1 # ID=48_77;partial=00;start_type=ATG;rbs_motif=GGAG/GAGG;rbs_spacer=5-10bp;genetic_code=11;gc_cont=0.650	GENOMAD.140646.CP	3.252E-170	554	1246
JAJIUH010000075.1_28 # 33805 # 34470 # 1 # ID=113_28;partial=00;start_type=ATG;rbs_motif=None;rbs_spacer=None;genetic_code=11;gc_cont=0.647	GENOMAD.180885.CP	8.514E-86	282	0
JAJIUH010000075.1_60 # 71370 # 72017 # -1 # ID=113_60;partial=00;start_type=ATG;rbs_motif=GGAG/GAGG;rbs_spacer=5-10bp;genetic_code=11;gc_cont=0.685	GENOMAD.043479.CC	4.455E-24	103	0
JAJIUH010000075.1_124 # 146894 # 147358 # -1 # ID=113_124;partial=00;start_type=ATG;rbs_motif=GGA/GAG/AGG;rbs_spacer=5-10bp;genetic_code=11;gc_cont=0.667	GENOMAD.151617.VC	4.044E-05	45	1246
JAJIUH010000076.1_24 # 27192 # 27608 # -1 # ID=114_24;partial=00;start_type=ATG;rbs_motif=GGA/GAG/AGG;rbs_spacer=5-10bp;genetic_code=11;gc_cont=0.674	GENOMAD.161255.CP	2.336E-68	227	0
JAJIUH010000080.1_4 # 3366 # 3812 # 1 # ID=118_4;partial=00;start_type=ATG;rbs_motif=AGxAGG/AGGxGG;rbs_spacer=5-10bp;genetic_code=11;gc_cont=0.615	GENOMAD.228033.PP	1.082E-56	194	0
JAJIUH010000101.1_33 # 33592 # 35361 # 1 # ID=8_33;partial=00;start_type=ATG;rbs_motif=GGA/GAG/AGG;rbs_spacer=5-10bp;genetic_code=11;gc_cont=0.645	GENOMAD.145507.CP	9.856E-83	290	0
JAJIUH010000010.1_12 # 12538 # 14508 # -1 # ID=11_12;partial=00;start_type=ATG;rbs_motif=3Base/5BMM;rbs_spacer=13-15bp;genetic_code=11;gc_cont=0.648	GENOMAD.116255.CP	5.638E-61	227	0
JAJIUH010000010.1_76 # 89531 # 89722 # -1 # ID=11_76;partial=00;start_type=ATG;rbs_motif=GGAGG;rbs_spacer=5-10bp;genetic_code=11;gc_cont=0.589	GENOMAD.000237.CC	3.544E-07	47	0
JAJIUH010000105.1_5 # 5135 # 5404 # -1 # ID=13_5;partial=00;start_type=ATG;rbs_motif=None;rbs_spacer=None;genetic_code=11;gc_cont=0.489	GENOMAD.048140.PP	1.091E-44	156	0
JAJIUH010000105.1_37 # 40193 # 40585 # -1 # ID=13_37;partial=00;start_type=ATG;rbs_motif=GGA/GAG/AGG;rbs_spacer=5-10bp;genetic_code=11;gc_cont=0.651	GENOMAD.097225.CV	1.969E-25	103	1246
JAJIUH010000048.1_81 # 88410 # 88874 # 1 # ID=83_81;partial=00;start_type=ATG;rbs_motif=GGA/GAG/AGG;rbs_spacer=5-10bp;genetic_code=11;gc_cont=0.641	GENOMAD.009388.CC	4.091E-04	42	0
JAJIUH010000051.1_3 # 2398 # 3447 # -1 # ID=86_3;partial=00;start_type=ATG;rbs_motif=GGA/GAG/AGG;rbs_spacer=5-10bp;genetic_code=11;gc_cont=0.683	GENOMAD.190183.CP	5.872E-33	134	0
JAJIUH010000053.1_12 # 9674 # 10114 # -1 # ID=88_12;partial=00;start_type=ATG;rbs_motif=GGA/GAG/AGG;rbs_spacer=5-10bp;genetic_code=11;gc_cont=0.667	GENOMAD.094199.CP	9.816E-32	122	2773
JAJIUH010000131.1_26 # 29553 # 30482 # -1 # ID=40_26;partial=00;start_type=ATG;rbs_motif=None;rbs_spacer=None;genetic_code=11;gc_cont=0.698	GENOMAD.123116.CP	1.935E-07	55	0
JAJIUH010000133.1_27 # 25451 # 25900 # 1 # ID=43_27;partial=00;start_type=ATG;rbs_motif=GGAG/GAGG;rbs_spacer=5-10bp;genetic_code=11;gc_cont=0.616	GENOMAD.222853.VP	2.181E-14	72	1246
JAJIUH010000133.1_59 # 53596 # 54276 # -1 # ID=43_59;partial=00;start_type=ATG;rbs_motif=GGAGG;rbs_spacer=5-10bp;genetic_code=11;gc_cont=0.614	GENOMAD.111553.PC	3.431E-20	92	0
JAJIUH010000013.1_42 # 54004 # 54453 # 1 # ID=44_42;partial=00;start_type=ATG;rbs_motif=GGA/GAG/AGG;rbs_spacer=3-4bp;genetic_code=11;gc_cont=0.618	GENOMAD.041325.PP	1.344E-20	90	0
JAJIUH010000014.1_26 # 30141 # 31004 # 1 # ID=45_26;partial=00;start_type=ATG;rbs_motif=AGGA;rbs_spacer=5-10bp;genetic_code=11;gc_cont=0.649	GENOMAD.159160.CP	3.715E-08	57	0
JAJIUH010000044.1_25 # 27309 # 27818 # 1 # ID=78_25;partial=00;start_type=ATG;rbs_motif=GGA/GAG/AGG;rbs_spacer=5-10bp;genetic_code=11;gc_cont=0.637	GENOMAD.119444.CP	1.670E-16	79	0
JAJIUH010000045.1_25 # 24052 # 26880 # 1 # ID=79_25;partial=00;start_type=GTG;rbs_motif=None;rbs_spacer=None;genetic_code=11;gc_cont=0.649	GENOMAD.123911.CP	1.455E-162	539	0
JAJIUH010000047.1_10 # 13210 # 13995 # 1 # ID=82_10;partial=00;start_type=ATG;rbs_motif=GGAG/GAGG;rbs_spacer=5-10bp;genetic_code=11;gc_cont=0.644	GENOMAD.216450.PC	1.059E-154	483	0
JAJIUH010000047.1_106 # 136225 # 136323 # -1 # ID=82_106;partial=00;start_type=ATG;rbs_motif=GGAG/GAGG;rbs_spacer=5-10bp;genetic_code=11;gc_cont=0.515	GENOMAD.189581.CP	1.041E-04	38	0
JAJIUH010000048.1_86 # 93243 # 94661 # 1 # ID=83_86;partial=00;start_type=ATG;rbs_motif=None;rbs_spacer=None;genetic_code=11;gc_cont=0.667	GENOMAD.142989.CP	4.448E-07	55	0
JAJIUH010000027.1_138 # 196631 # 197383 # 1 # ID=60_138;partial=00;start_type=ATG;rbs_motif=GGA/GAG/AGG;rbs_spacer=5-10bp;genetic_code=11;gc_cont=0.696	GENOMAD.159640.CP	5.787E-10	62	0
JAJIUH010000030.1_2 # 1880 # 3367 # 1 # ID=63_2;partial=00;start_type=GTG;rbs_motif=AGGAG;rbs_spacer=5-10bp;genetic_code=11;gc_cont=0.677	GENOMAD.097666.CP	5.770E-08	58	0
JAJIUH010000030.1_34 # 44374 # 44946 # 1 # ID=63_34;partial=00;start_type=ATG;rbs_motif=None;rbs_spacer=None;genetic_code=11;gc_cont=0.677	GENOMAD.158817.CP	2.647E-40	149	0
JAJIUH010000047.1_2 # 1057 # 1359 # -1 # ID=82_2;partial=00;start_type=ATG;rbs_motif=None;rbs_spacer=None;genetic_code=11;gc_cont=0.591	GENOMAD.166801.CP	9.197E-05	42	0
JAJIUH010000047.1_66 # 83271 # 84059 # -1 # ID=82_66;partial=00;start_type=ATG;rbs_motif=None;rbs_spacer=None;genetic_code=11;gc_cont=0.702	GENOMAD.137825.CP	8.004E-04	43	0
JAJIUH010000048.1_14 # 13367 # 14266 # -1 # ID=83_14;partial=00;start_type=ATG;rbs_motif=GGAGG;rbs_spacer=5-10bp;genetic_code=11;gc_cont=0.662	GENOMAD.146096.PC	8.920E-20	93	0
JAJIUH010000006.1_29 # 21587 # 22369 # -1 # ID=100_29;partial=00;start_type=ATG;rbs_motif=AGGA;rbs_spacer=5-10bp;genetic_code=11;gc_cont=0.589	GENOMAD.112644.PC	1.275E-117	376	0
JAJIUH010000069.1_4 # 3613 # 4137 # -1 # ID=106_4;partial=00;start_type=ATG;rbs_motif=GGA/GAG/AGG;rbs_spacer=5-10bp;genetic_code=11;gc_cont=0.701	GENOMAD.147559.CP	2.879E-58	200	0
JAJIUH010000069.1_36 # 45764 # 46804 # -1 # ID=106_36;partial=00;start_type=ATG;rbs_motif=GGA/GAG/AGG;rbs_spacer=5-10bp;genetic_code=11;gc_cont=0.685	GENOMAD.007324.CC	2.031E-41	159	0
JAJIUH010000069.1_68 # 90074 # 90871 # 1 # ID=106_68;partial=01;start_type=ATG;rbs_motif=GGA/GAG/AGG;rbs_spacer=5-10bp;genetic_code=11;gc_cont=0.709	GENOMAD.159061.PC	3.683E-27	114	0
JAJIUH010000127.1_16 # 17792 # 18274 # -1 # ID=36_16;partial=00;start_type=ATG;rbs_motif=None;rbs_spacer=None;genetic_code=11;gc_cont=0.660	GENOMAD.138407.CP	8.152E-74	244	0
JAJIUH010000130.1_23 # 29956 # 31080 # -1 # ID=39_23;partial=00;start_type=ATG;rbs_motif=GGA/GAG/AGG;rbs_spacer=5-10bp;genetic_code=11;gc_cont=0.628	GENOMAD.110271.CV	2.260E-32	133	1246
JAJIUH010000130.1_55 # 63952 # 65028 # 1 # ID=39_55;partial=00;start_type=ATG;rbs_motif=None;rbs_spacer=None;genetic_code=11;gc_cont=0.636	GENOMAD.027063.CC	3.892E-52	191	0
JAJIUH010000131.1_43 # 49990 # 50850 # -1 # ID=40_43;partial=00;start_type=ATG;rbs_motif=GGA/GAG/AGG;rbs_spacer=5-10bp;genetic_code=11;gc_cont=0.667	GENOMAD.073106.CV	2.823E-85	284	1246
JAJIUH010000127.1_74 # 89213 # 89680 # -1 # ID=36_74;partial=00;start_type=ATG;rbs_motif=None;rbs_spacer=None;genetic_code=11;gc_cont=0.686	GENOMAD.148481.CP	1.674E-88	286	0
JAJIUH010000131.1_5 # 3216 # 4040 # 1 # ID=40_5;partial=00;start_type=ATG;rbs_motif=GGAG/GAGG;rbs_spacer=5-10bp;genetic_code=11;gc_cont=0.652	GENOMAD.124145.CP	4.253E-04	44	0
JAJIUH010000131.1_69 # 78097 # 78600 # -1 # ID=40_69;partial=00;start_type=ATG;rbs_motif=AGGA;rbs_spacer=5-10bp;genetic_code=11;gc_cont=0.619	GENOMAD.146177.CP	1.260E-55	192	0
JAJIUH010000133.1_70 # 62263 # 63399 # -1 # ID=43_70;partial=00;start_type=ATG;rbs_motif=GGAGG;rbs_spacer=5-10bp;genetic_code=11;gc_cont=0.585	GENOMAD.094291.PP	8.505E-117	380	0
JAJIUH010000090.1_31 # 35465 # 37093 # -1 # ID=129_31;partial=00;start_type=GTG;rbs_motif=GGAG/GAGG;rbs_spacer=5-10bp;genetic_code=11;gc_cont=0.647	GENOMAD.074457.CP	1.390E-108	364	0
JAJIUH010000009.1_2 # 1034 # 2365 # -1 # ID=133_2;partial=00;start_type=ATG;rbs_motif=None;rbs_spacer=None;genetic_code=11;gc_cont=0.682	GENOMAD.145379.CP	2.311E-219	680	0
JAJIUH010000009.1_34 # 44871 # 45797 # 1 # ID=133_34;partial=00;start_type=ATG;rbs_motif=None;rbs_spacer=None;genetic_code=11;gc_cont=0.669	GENOMAD.115269.CP	5.137E-26	112	0
JAJIUH010000094.1_9 # 9527 # 10033 # -1 # ID=1_9;partial=00;start_type=ATG;rbs_motif=GGAGG;rbs_spacer=3-4bp;genetic_code=11;gc_cont=0.604	GENOMAD.166375.PC	1.078E-09	59	0
JAJIUH010000094.1_73 # 102724 # 103845 # 1 # ID=1_73;partial=00;start_type=ATG;rbs_motif=GGA/GAG/AGG;rbs_spacer=5-10bp;genetic_code=11;gc_cont=0.662	GENOMAD.103023.CP	3.227E-107	352	0
JAJIUH010000094.1_105 # 138906 # 140231 # 1 # ID=1_105;partial=00;start_type=ATG;rbs_motif=GGAG/GAGG;rbs_spacer=5-10bp;genetic_code=11;gc_cont=0.649	GENOMAD.137994.CP	2.147E-23	107	0
JAJIUH010000099.1_27 # 27468 # 28121 # 1 # ID=6_27;partial=00;start_type=ATG;rbs_motif=GGA/GAG/AGG;rbs_spacer=11-12bp;genetic_code=11;gc_cont=0.713	GENOMAD.105767.CP	1.807E-38	145	0
JAJIUH010000010.1_35 # 43527 # 44273 # -1 # ID=11_35;partial=00;start_type=ATG;rbs_motif=GGAG/GAGG;rbs_spacer=5-10bp;genetic_code=11;gc_cont=0.667	GENOMAD.087219.CP	2.517E-68	233	0
JAJIUH010000010.1_67 # 80773 # 82896 # 1 # ID=11_67;partial=00;start_type=ATG;rbs_motif=None;rbs_spacer=None;genetic_code=11;gc_cont=0.635	GENOMAD.140349.CP	1.015E-210	669	0
JAJIUH010000105.1_60 # 65330 # 66202 # -1 # ID=13_60;partial=00;start_type=ATG;rbs_motif=AGGAG;rbs_spacer=5-10bp;genetic_code=11;gc_cont=0.666	GENOMAD.183758.CP	4.416E-91	301	0
JAJIUH010000106.1_30 # 16616 # 16819 # 1 # ID=14_30;partial=00;start_type=ATG;rbs_motif=GGA/GAG/AGG;rbs_spacer=11-12bp;genetic_code=11;gc_cont=0.632	GENOMAD.209539.VP	8.779E-29	109	2773
JAJIUH010000048.1_26 # 28314 # 28544 # 1 # ID=83_26;partial=00;start_type=ATG;rbs_motif=GGA/GAG/AGG;rbs_spacer=11-12bp;genetic_code=11;gc_cont=0.658	GENOMAD.218600.CV	2.033E-17	77	0
JAJIUH010000048.1_58 # 59414 # 59875 # -1 # ID=83_58;partial=00;start_type=ATG;rbs_motif=None;rbs_spacer=None;genetic_code=11;gc_cont=0.682	GENOMAD.148254.CP	1.822E-05	46	0
JAJIUH010000053.1_21 # 18839 # 20560 # -1 # ID=88_21;partial=00;start_type=ATG;rbs_motif=None;rbs_spacer=None;genetic_code=11;gc_cont=0.677	GENOMAD.133902.CP	1.438E-136	447	0
JAJIUH010000056.1_7 # 4323 # 4568 # -1 # ID=92_7;partial=00;start_type=ATG;rbs_motif=GGAG/GAGG;rbs_spacer=5-10bp;genetic_code=11;gc_cont=0.671	GENOMAD.133117.CP	2.304E-33	123	0
JAJIUH010000080.1_31 # 24436 # 25740 # 1 # ID=118_31;partial=00;start_type=ATG;rbs_motif=GGAGG;rbs_spacer=3-4bp;genetic_code=11;gc_cont=0.670	GENOMAD.153908.PC	7.876E-34	139	0
JAJIUH010000008.1_18 # 19854 # 20117 # 1 # ID=122_18;partial=00;start_type=ATG;rbs_motif=AGGAG;rbs_spacer=5-10bp;genetic_code=11;gc_cont=0.621	GENOMAD.002313.CC	4.708E-14	68	0
JAJIUH010000085.1_11 # 12648 # 13700 # -1 # ID=124_11;partial=00;start_type=ATG;rbs_motif=GGA/GAG/AGG;rbs_spacer=5-10bp;genetic_code=11;gc_cont=0.684	GENOMAD.093762.CV	7.508E-85	286	1246
JAJIUH010000087.1_17 # 16220 # 16642 # -1 # ID=126_17;partial=00;start_type=ATG;rbs_motif=GGAG/GAGG;rbs_spacer=5-10bp;genetic_code=11;gc_cont=0.636	GENOMAD.166713.CP	3.919E-22	94	0
JAJIUH010000087.1_49 # 61362 # 61883 # 1 # ID=126_49;partial=00;start_type=ATG;rbs_motif=GGAG/GAGG;rbs_spacer=5-10bp;genetic_code=11;gc_cont=0.663	GENOMAD.140917.CP	2.547E-23	99	0
JAJIUH010000087.1_81 # 100926 # 101915 # 1 # ID=126_81;partial=00;start_type=ATG;rbs_motif=None;rbs_spacer=None;genetic_code=11;gc_cont=0.674	GENOMAD.086420.CP	4.702E-59	210	0
JAJIUH010000088.1_1 # 45 # 518 # -1 # ID=127_1;partial=00;start_type=ATG;rbs_motif=AGGAGG;rbs_spacer=3-4bp;genetic_code=11;gc_cont=0.641	GENOMAD.182887.VC	5.849E-76	250	0
JAJIUH010000027.1_89 # 125634 # 127481 # -1 # ID=60_89;partial=00;start_type=ATG;rbs_motif=None;rbs_spacer=None;genetic_code=11;gc_cont=0.665	GENOMAD.142795.CP	3.696E-04	46	0
JAJIUH010000027.1_153 # 210203 # 212398 # 1 # ID=60_153;partial=00;start_type=ATG;rbs_motif=GGA/GAG/AGG;rbs_spacer=5-10bp;genetic_code=11;gc_cont=0.649	GENOMAD.181541.CP	5.415E-19	95	0
JAJIUH010000032.1_8 # 7332 # 7823 # -1 # ID=65_8;partial=01;start_type=Edge;rbs_motif=None;rbs_spacer=None;genetic_code=11;gc_cont=0.614	GENOMAD.022765.PP	1.721E-75	249	0
JAJIUH010000003.1_26 # 26016 # 26981 # -1 # ID=69_26;partial=00;start_type=ATG;rbs_motif=GGA/GAG/AGG;rbs_spacer=11-12bp;genetic_code=11;gc_cont=0.649	GENOMAD.145413.CP	1.650E-11	68	0
JAJIUH010000116.1_41 # 44829 # 45713 # -1 # ID=24_41;partial=00;start_type=ATG;rbs_motif=None;rbs_spacer=None;genetic_code=11;gc_cont=0.697	GENOMAD.114626.CP	2.719E-35	139	0
JAJIUH010000119.1_19 # 23570 # 24796 # -1 # ID=27_19;partial=00;start_type=ATG;rbs_motif=None;rbs_spacer=None;genetic_code=11;gc_cont=0.674	GENOMAD.145551.CP	2.774E-22	103	0
JAJIUH010000120.1_21 # 22478 # 23347 # -1 # ID=28_21;partial=00;start_type=ATG;rbs_motif=GGAG/GAGG;rbs_spacer=5-10bp;genetic_code=11;gc_cont=0.677	GENOMAD.181951.CP	1.332E-45	169	0
JAJIUH010000042.1_5 # 6952 # 8910 # 1 # ID=76_5;partial=00;start_type=ATG;rbs_motif=None;rbs_spacer=None;genetic_code=11;gc_cont=0.638	GENOMAD.153451.CP	3.213E-41	166	0
JAJIUH010000044.1_17 # 16703 # 17383 # 1 # ID=78_17;partial=00;start_type=ATG;rbs_motif=GGxGG;rbs_spacer=3-4bp;genetic_code=11;gc_cont=0.604	GENOMAD.095404.CP	4.515E-69	234	0
JAJIUH010000125.1_103 # 110974 # 112578 # 1 # ID=34_103;partial=00;start_type=GTG;rbs_motif=GGA/GAG/AGG;rbs_spacer=5-10bp;genetic_code=11;gc_cont=0.667	GENOMAD.038680.VV	1.512E-04	47	13293
JAJIUH010000125.1_135 # 146083 # 147468 # 1 # ID=34_135;partial=00;start_type=ATG;rbs_motif=None;rbs_spacer=None;genetic_code=11;gc_cont=0.687	GENOMAD.179217.PC	1.214E-60	220	0
JAJIUH010000130.1_24 # 31329 # 32180 # -1 # ID=39_24;partial=00;start_type=ATG;rbs_motif=GGA/GAG/AGG;rbs_spacer=5-10bp;genetic_code=11;gc_cont=0.673	GENOMAD.147170.CP	6.651E-07	53	0
JAJIUH010000130.1_56 # 65490 # 67076 # -1 # ID=39_56;partial=00;start_type=ATG;rbs_motif=GGA/GAG/AGG;rbs_spacer=5-10bp;genetic_code=11;gc_cont=0.650	GENOMAD.154807.CP	1.400E-100	340	0
JAJIUH010000131.1_44 # 50960 # 51685 # 1 # ID=40_44;partial=00;start_type=ATG;rbs_motif=GGA/GAG/AGG;rbs_spacer=5-10bp;genetic_code=11;gc_cont=0.674	GENOMAD.067591.CV	7.554E-97	315	1246
JAJIUH010000013.1_7 # 9018 # 9842 # 1 # ID=44_7;partial=00;start_type=ATG;rbs_motif=None;rbs_spacer=None;genetic_code=11;gc_cont=0.628	GENOMAD.111713.CP	4.958E-15	78	0
JAJIUH010000013.1_39 # 50782 # 51096 # 1 # ID=44_39;partial=00;start_type=ATG;rbs_motif=GGA/GAG/AGG;rbs_spacer=5-10bp;genetic_code=11;gc_cont=0.581	GENOMAD.216355.PV	3.428E-32	121	0
JAJIUH010000020.1_30 # 35314 # 35595 # 1 # ID=52_30;partial=00;start_type=ATG;rbs_motif=AGGAG;rbs_spacer=3-4bp;genetic_code=11;gc_cont=0.610	GENOMAD.034063.CC	6.130E-14	68	0
JAJIUH010000020.1_126 # 138537 # 139421 # -1 # ID=52_126;partial=00;start_type=ATG;rbs_motif=GGAG/GAGG;rbs_spacer=5-10bp;genetic_code=11;gc_cont=0.715	GENOMAD.001436.CC	6.315E-98	321	0
JAJIUH010000066.1_12 # 8584 # 9741 # 1 # ID=103_12;partial=00;start_type=ATG;rbs_motif=GGA/GAG/AGG;rbs_spacer=5-10bp;genetic_code=11;gc_cont=0.675	GENOMAD.133946.CP	5.956E-40	156	0
JAJIUH010000069.1_33 # 42855 # 43673 # -1 # ID=106_33;partial=00;start_type=ATG;rbs_motif=None;rbs_spacer=None;genetic_code=11;gc_cont=0.637	GENOMAD.083550.CP	6.223E-59	207	0
JAJIUH010000073.1_2 # 801 # 2711 # 1 # ID=110_2;partial=00;start_type=ATG;rbs_motif=GGA/GAG/AGG;rbs_spacer=5-10bp;genetic_code=11;gc_cont=0.658	GENOMAD.154050.CP	3.862E-04	46	0
JAJIUH010000075.1_26 # 32075 # 33394 # 1 # ID=113_26;partial=00;start_type=ATG;rbs_motif=GGAG/GAGG;rbs_spacer=5-10bp;genetic_code=11;gc_cont=0.658	GENOMAD.145476.CP	9.210E-70	246	0
JAJIUH010000075.1_154 # 185459 # 186385 # 1 # ID=113_154;partial=00;start_type=ATG;rbs_motif=None;rbs_spacer=None;genetic_code=11;gc_cont=0.657	GENOMAD.091839.CV	3.465E-06	51	1246
JAJIUH010000076.1_22 # 25712 # 26563 # -1 # ID=114_22;partial=00;start_type=ATG;rbs_motif=GGxGG;rbs_spacer=5-10bp;genetic_code=11;gc_cont=0.658	GENOMAD.152488.CP	2.620E-14	76	0
JAJIUH010000077.1_24 # 23141 # 24349 # -1 # ID=115_24;partial=00;start_type=ATG;rbs_motif=None;rbs_spacer=None;genetic_code=11;gc_cont=0.701	GENOMAD.129930.CP	9.866E-14	76	0
JAJIUH010000080.1_34 # 30493 # 31323 # -1 # ID=118_34;partial=00;start_type=ATG;rbs_motif=AGGAG;rbs_spacer=5-10bp;genetic_code=11;gc_cont=0.613	GENOMAD.196148.CP	9.874E-29	119	0
JAJIUH010000084.1_2 # 879 # 2618 # -1 # ID=123_2;partial=00;start_type=ATG;rbs_motif=GGA/GAG/AGG;rbs_spacer=5-10bp;genetic_code=11;gc_cont=0.630	GENOMAD.007486.CC	6.334E-117	390	0
JAJIUH010000036.1_66 # 75327 # 75995 # 1 # ID=70_66;partial=00;start_type=ATG;rbs_motif=GGAG/GAGG;rbs_spacer=5-10bp;genetic_code=11;gc_cont=0.653	GENOMAD.161213.CP	1.568E-17	84	0
JAJIUH010000036.1_98 # 106888 # 107430 # 1 # ID=70_98;partial=00;start_type=GTG;rbs_motif=AGGA;rbs_spacer=5-10bp;genetic_code=11;gc_cont=0.656	GENOMAD.142989.CP	3.195E-05	46	0
JAJIUH010000040.1_13 # 25939 # 28278 # -1 # ID=74_13;partial=00;start_type=ATG;rbs_motif=GGAGG;rbs_spacer=5-10bp;genetic_code=11;gc_cont=0.656	GENOMAD.124454.CP	2.884E-223	709	0
JAJIUH010000040.1_45 # 63412 # 64428 # -1 # ID=74_45;partial=00;start_type=ATG;rbs_motif=AGxAGG/AGGxGG;rbs_spacer=5-10bp;genetic_code=11;gc_cont=0.661	GENOMAD.208532.CP	1.478E-145	461	0
JAJIUH010000047.1_21 # 25946 # 26326 # 1 # ID=82_21;partial=00;start_type=ATG;rbs_motif=GGAG/GAGG;rbs_spacer=5-10bp;genetic_code=11;gc_cont=0.648	GENOMAD.208772.PC	1.100E-21	92	0
JAJIUH010000047.1_53 # 63998 # 66442 # -1 # ID=82_53;partial=00;start_type=ATG;rbs_motif=None;rbs_spacer=None;genetic_code=11;gc_cont=0.648	GENOMAD.138195.VC	9.547E-32	137	1246
JAJIUH010000120.1_41 # 42261 # 45170 # -1 # ID=28_41;partial=00;start_type=ATG;rbs_motif=AGxAGG/AGGxGG;rbs_spacer=3-4bp;genetic_code=11;gc_cont=0.686	GENOMAD.121418.CV	1.983E-110	385	0
JAJIUH010000011.1_6 # 3078 # 5015 # 1 # ID=32_6;partial=00;start_type=ATG;rbs_motif=None;rbs_spacer=None;genetic_code=11;gc_cont=0.678	GENOMAD.137760.CP	4.659E-62	230	0
JAJIUH010000125.1_10 # 12487 # 13683 # -1 # ID=34_10;partial=00;start_type=ATG;rbs_motif=GGAG/GAGG;rbs_spacer=5-10bp;genetic_code=11;gc_cont=0.648	GENOMAD.000476.CC	7.823E-63	224	0
JAJIUH010000125.1_42 # 49557 # 50474 # -1 # ID=34_42;partial=00;start_type=ATG;rbs_motif=GGAGG;rbs_spacer=5-10bp;genetic_code=11;gc_cont=0.644	GENOMAD.195620.CP	4.818E-22	100	0
JAJIUH010000125.1_74 # 80861 # 83425 # 1 # ID=34_74;partial=00;start_type=ATG;rbs_motif=None;rbs_spacer=None;genetic_code=11;gc_cont=0.686	GENOMAD.169137.CP	6.223E-108	374	0
JAJIUH010000126.1_2 # 2992 # 3642 # 1 # ID=35_2;partial=00;start_type=ATG;rbs_motif=AGGAG;rbs_spacer=5-10bp;genetic_code=11;gc_cont=0.607	GENOMAD.082990.PP	2.630E-79	263	0
JAJIUH010000030.1_16 # 20675 # 21622 # 1 # ID=63_16;partial=00;start_type=ATG;rbs_motif=None;rbs_spacer=None;genetic_code=11;gc_cont=0.684	GENOMAD.133558.CP	4.761E-08	57	0
JAJIUH010000035.1_10 # 15503 # 16996 # 1 # ID=68_10;partial=00;start_type=ATG;rbs_motif=None;rbs_spacer=None;genetic_code=11;gc_cont=0.652	GENOMAD.126024.CP	2.348E-15	82	1246
JAJIUH010000126.1_11 # 17523 # 19124 # -1 # ID=35_11;partial=00;start_type=ATG;rbs_motif=GGAG/GAGG;rbs_spacer=5-10bp;genetic_code=11;gc_cont=0.675	GENOMAD.154339.CP	1.450E-69	249	0
JAJIUH010000127.1_61 # 71717 # 72481 # 1 # ID=36_61;partial=00;start_type=ATG;rbs_motif=GGA/GAG/AGG;rbs_spacer=5-10bp;genetic_code=11;gc_cont=0.668	GENOMAD.118667.CP	4.940E-30	122	0
JAJIUH010000130.1_4 # 3862 # 4344 # 1 # ID=39_4;partial=00;start_type=ATG;rbs_motif=GGAG/GAGG;rbs_spacer=5-10bp;genetic_code=11;gc_cont=0.600	GENOMAD.123087.CP	5.513E-53	184	1246
JAJIUH010000066.1_65 # 56757 # 57356 # 1 # ID=103_65;partial=00;start_type=ATG;rbs_motif=None;rbs_spacer=None;genetic_code=11;gc_cont=0.648	GENOMAD.031556.CC	4.151E-04	43	0
JAJIUH010000075.1_143 # 172755 # 173189 # -1 # ID=113_143;partial=00;start_type=ATG;rbs_motif=None;rbs_spacer=None;genetic_code=11;gc_cont=0.692	GENOMAD.096167.CP	1.575E-25	104	0
JAJIUH010000097.1_33 # 32711 # 33337 # 1 # ID=4_33;partial=00;start_type=ATG;rbs_motif=GGA/GAG/AGG;rbs_spacer=5-10bp;genetic_code=11;gc_cont=0.719	GENOMAD.006203.CC	1.520E-25	107	0
JAJIUH010000098.1_2 # 2046 # 3020 # -1 # ID=5_2;partial=00;start_type=ATG;rbs_motif=None;rbs_spacer=None;genetic_code=11;gc_cont=0.684	GENOMAD.094404.CP	1.199E-08	59	0
JAJIUH010000099.1_17 # 16469 # 17746 # 1 # ID=6_17;partial=00;start_type=ATG;rbs_motif=None;rbs_spacer=None;genetic_code=11;gc_cont=0.658	GENOMAD.133044.CP	5.805E-30	127	0
JAJIUH010000056.1_10 # 5464 # 6495 # -1 # ID=92_10;partial=00;start_type=ATG;rbs_motif=None;rbs_spacer=None;genetic_code=11;gc_cont=0.667	GENOMAD.126387.CP	2.423E-30	126	0
JAJIUH010000006.1_40 # 30290 # 31033 # 1 # ID=100_40;partial=00;start_type=GTG;rbs_motif=GGA/GAG/AGG;rbs_spacer=11-12bp;genetic_code=11;gc_cont=0.692	GENOMAD.023008.PP	5.984E-137	431	0
JAJIUH010000066.1_26 # 20416 # 21435 # -1 # ID=103_26;partial=00;start_type=ATG;rbs_motif=None;rbs_spacer=None;genetic_code=11;gc_cont=0.634	GENOMAD.123224.CV	4.586E-33	134	1246
JAJIUH010000067.1_3 # 4143 # 4718 # 1 # ID=104_3;partial=00;start_type=ATG;rbs_motif=None;rbs_spacer=None;genetic_code=11;gc_cont=0.703	GENOMAD.134026.CP	1.391E-29	118	0
JAJIUH010000069.1_15 # 19577 # 20503 # 1 # ID=106_15;partial=00;start_type=ATG;rbs_motif=None;rbs_spacer=None;genetic_code=11;gc_cont=0.665	GENOMAD.142642.CP	1.306E-86	289	0
JAJIUH010000009.1_8 # 11866 # 13038 # 1 # ID=133_8;partial=00;start_type=ATG;rbs_motif=None;rbs_spacer=None;genetic_code=11;gc_cont=0.654	GENOMAD.177447.CP	2.898E-11	68	1246
JAJIUH010000094.1_15 # 15194 # 15664 # -1 # ID=1_15;partial=00;start_type=ATG;rbs_motif=None;rbs_spacer=None;genetic_code=11;gc_cont=0.618	GENOMAD.194577.PC	2.279E-77	254	0
JAJIUH010000047.1_111 # 141340 # 141912 # 1 # ID=82_111;partial=00;start_type=TTG;rbs_motif=GGA/GAG/AGG;rbs_spacer=5-10bp;genetic_code=11;gc_cont=0.686	GENOMAD.160458.PC	3.722E-26	108	0
JAJIUH010000048.1_27 # 28541 # 28699 # 1 # ID=83_27;partial=00;start_type=ATG;rbs_motif=GGA/GAG/AGG;rbs_spacer=5-10bp;genetic_code=11;gc_cont=0.660	GENOMAD.218600.CV	1.414E-10	56	0
JAJIUH010000051.1_13 # 13539 # 15950 # -1 # ID=86_13;partial=00;start_type=TTG;rbs_motif=None;rbs_spacer=None;genetic_code=11;gc_cont=0.613	GENOMAD.158496.CP	6.339E-38	157	0
JAJIUH010000053.1_22 # 20609 # 21919 # -1 # ID=88_22;partial=00;start_type=ATG;rbs_motif=None;rbs_spacer=None;genetic_code=11;gc_cont=0.693	GENOMAD.052197.CP	2.456E-63	227	1246
JAJIUH010000054.1_19 # 25257 # 25910 # -1 # ID=89_19;partial=00;start_type=ATG;rbs_motif=None;rbs_spacer=None;genetic_code=11;gc_cont=0.674	GENOMAD.192401.PC	2.534E-21	95	0
JAJIUH010000059.1_20 # 16523 # 17302 # -1 # ID=95_20;partial=00;start_type=ATG;rbs_motif=GGA/GAG/AGG;rbs_spacer=5-10bp;genetic_code=11;gc_cont=0.603	GENOMAD.121283.PC	1.287E-81	272	0
JAJIUH010000130.1_2 # 1508 # 2317 # 1 # ID=39_2;partial=00;start_type=GTG;rbs_motif=None;rbs_spacer=None;genetic_code=11;gc_cont=0.653	GENOMAD.146534.CP	9.606E-05	46	0
JAJIUH010000130.1_34 # 43970 # 45172 # -1 # ID=39_34;partial=00;start_type=ATG;rbs_motif=None;rbs_spacer=None;genetic_code=11;gc_cont=0.658	GENOMAD.099160.CP	9.818E-05	47	0
JAJIUH010000131.1_22 # 24526 # 26274 # -1 # ID=40_22;partial=00;start_type=ATG;rbs_motif=GGA/GAG/AGG;rbs_spacer=5-10bp;genetic_code=11;gc_cont=0.683	GENOMAD.097040.CP	5.788E-27	120	0
JAJIUH010000131.1_54 # 61231 # 61452 # 1 # ID=40_54;partial=00;start_type=ATG;rbs_motif=None;rbs_spacer=None;genetic_code=11;gc_cont=0.662	GENOMAD.004052.CC	1.410E-19	83	0
JAJIUH010000059.1_12 # 9123 # 10469 # -1 # ID=95_12;partial=00;start_type=ATG;rbs_motif=GGA/GAG/AGG;rbs_spacer=11-12bp;genetic_code=11;gc_cont=0.583	GENOMAD.054621.PP	4.793E-73	256	0
JAJIUH010000069.1_37 # 46794 # 47243 # -1 # ID=106_37;partial=00;start_type=ATG;rbs_motif=AGGA;rbs_spacer=5-10bp;genetic_code=11;gc_cont=0.627	GENOMAD.124417.CP	1.384E-09	58	0
JAJIUH010000020.1_82 # 89509 # 90261 # 1 # ID=52_82;partial=00;start_type=ATG;rbs_motif=GGAG/GAGG;rbs_spacer=5-10bp;genetic_code=11;gc_cont=0.704	GENOMAD.182302.PC	2.861E-58	204	0
JAJIUH010000020.1_114 # 121162 # 123147 # 1 # ID=52_114;partial=00;start_type=ATG;rbs_motif=GGAG/GAGG;rbs_spacer=5-10bp;genetic_code=11;gc_cont=0.669	GENOMAD.142438.CP	1.329E-09	64	1246
JAJIUH010000020.1_146 # 159405 # 160616 # 1 # ID=52_146;partial=00;start_type=TTG;rbs_motif=GGAG/GAGG;rbs_spacer=5-10bp;genetic_code=11;gc_cont=0.632	GENOMAD.171925.VC	1.775E-12	72	1246
JAJIUH010000025.1_81 # 92612 # 93460 # 1 # ID=57_81;partial=00;start_type=ATG;rbs_motif=None;rbs_spacer=None;genetic_code=11;gc_cont=0.686	GENOMAD.117073.CP	2.877E-18	88	0
JAJIUH010000027.1_18 # 26801 # 27421 # -1 # ID=60_18;partial=00;start_type=ATG;rbs_motif=None;rbs_spacer=None;genetic_code=11;gc_cont=0.696	GENOMAD.161696.CP	1.079E-29	119	0
JAJIUH010000027.1_50 # 76444 # 78945 # -1 # ID=60_50;partial=00;start_type=GTG;rbs_motif=GGxGG;rbs_spacer=5-10bp;genetic_code=11;gc_cont=0.695	GENOMAD.013203.CC	1.644E-05	51	0
JAJIUH010000027.1_82 # 116931 # 117098 # -1 # ID=60_82;partial=00;start_type=ATG;rbs_motif=AGGAG;rbs_spacer=5-10bp;genetic_code=11;gc_cont=0.506	GENOMAD.118800.CV	1.384E-05	42	0
JAJIUH010000027.1_114 # 153842 # 154591 # 1 # ID=60_114;partial=00;start_type=ATG;rbs_motif=GGA/GAG/AGG;rbs_spacer=11-12bp;genetic_code=11;gc_cont=0.685	GENOMAD.124271.CP	3.042E-17	84	0
JAJIUH010000094.1_132 # 166698 # 167153 # 1 # ID=1_132;partial=00;start_type=ATG;rbs_motif=GGA/GAG/AGG;rbs_spacer=5-10bp;genetic_code=11;gc_cont=0.667	GENOMAD.179230.CP	2.343E-66	222	0
JAJIUH010000095.1_40 # 40607 # 43297 # 1 # ID=2_40;partial=00;start_type=TTG;rbs_motif=GGA/GAG/AGG;rbs_spacer=5-10bp;genetic_code=11;gc_cont=0.666	GENOMAD.207668.CP	4.329E-158	524	0
JAJIUH010000096.1_5 # 5014 # 7065 # 1 # ID=3_5;partial=00;start_type=ATG;rbs_motif=GGA/GAG/AGG;rbs_spacer=11-12bp;genetic_code=11;gc_cont=0.676	GENOMAD.000854.CC	6.826E-29	127	0
JAJIUH010000097.1_55 # 58141 # 59217 # -1 # ID=4_55;partial=00;start_type=ATG;rbs_motif=GGA/GAG/AGG;rbs_spacer=5-10bp;genetic_code=11;gc_cont=0.649	GENOMAD.146710.CP	6.696E-110	359	0
JAJIUH010000098.1_24 # 22293 # 23774 # -1 # ID=5_24;partial=00;start_type=ATG;rbs_motif=None;rbs_spacer=None;genetic_code=11;gc_cont=0.650	GENOMAD.128920.CP	1.601E-136	443	0
JAJIUH010000101.1_4 # 2806 # 4236 # -1 # ID=8_4;partial=00;start_type=ATG;rbs_motif=GGA/GAG/AGG;rbs_spacer=11-12bp;genetic_code=11;gc_cont=0.631	GENOMAD.068048.VV	2.107E-15	82	1246
JAJIUH010000018.1_27 # 28711 # 32766 # 1 # ID=50_27;partial=00;start_type=ATG;rbs_motif=GGA/GAG/AGG;rbs_spacer=5-10bp;genetic_code=11;gc_cont=0.665	GENOMAD.193847.CP	1.565E-170	577	0
JAJIUH010000020.1_79 # 87206 # 87748 # -1 # ID=52_79;partial=00;start_type=ATG;rbs_motif=GGAG/GAGG;rbs_spacer=5-10bp;genetic_code=11;gc_cont=0.659	GENOMAD.151626.CP	9.142E-57	196	0
JAJIUH010000025.1_46 # 52743 # 53360 # 1 # ID=57_46;partial=00;start_type=ATG;rbs_motif=AGGAG;rbs_spacer=5-10bp;genetic_code=11;gc_cont=0.615	GENOMAD.167032.VC	2.241E-16	80	1246
JAJIUH010000025.1_78 # 89879 # 90877 # -1 # ID=57_78;partial=00;start_type=ATG;rbs_motif=None;rbs_spacer=None;genetic_code=11;gc_cont=0.695	GENOMAD.209518.PC	5.509E-189	586	0
JAJIUH010000007.1_2 # 1043 # 2011 # -1 # ID=111_2;partial=00;start_type=ATG;rbs_motif=AGGA;rbs_spacer=5-10bp;genetic_code=11;gc_cont=0.613	GENOMAD.098179.CP	3.287E-05	48	0
JAJIUH010000075.1_93 # 107223 # 109424 # -1 # ID=113_93;partial=00;start_type=ATG;rbs_motif=AGGAG;rbs_spacer=5-10bp;genetic_code=11;gc_cont=0.635	GENOMAD.086843.PP	0.000E+00	1059	0
JAJIUH010000075.1_125 # 147753 # 148295 # -1 # ID=113_125;partial=00;start_type=ATG;rbs_motif=None;rbs_spacer=None;genetic_code=11;gc_cont=0.669	GENOMAD.151298.VC	3.110E-04	43	1246
JAJIUH010000076.1_25 # 27605 # 28114 # -1 # ID=114_25;partial=00;start_type=ATG;rbs_motif=None;rbs_spacer=None;genetic_code=11;gc_cont=0.692	GENOMAD.168400.CP	5.087E-32	124	0
JAJIUH010000040.1_12 # 24308 # 25942 # -1 # ID=74_12;partial=00;start_type=ATG;rbs_motif=GGAGG;rbs_spacer=3-4bp;genetic_code=11;gc_cont=0.654	GENOMAD.208849.PC	6.613E-96	327	0
JAJIUH010000045.1_3 # 2234 # 3544 # -1 # ID=79_3;partial=00;start_type=ATG;rbs_motif=GGA/GAG/AGG;rbs_spacer=5-10bp;genetic_code=11;gc_cont=0.628	GENOMAD.153188.CP	2.277E-08	59	0
JAJIUH010000046.1_3 # 1129 # 2049 # -1 # ID=81_3;partial=00;start_type=ATG;rbs_motif=GGAG/GAGG;rbs_spacer=5-10bp;genetic_code=11;gc_cont=0.714	GENOMAD.101048.PP	4.952E-23	103	0
JAJIUH010000047.1_52 # 63093 # 63929 # -1 # ID=82_52;partial=00;start_type=ATG;rbs_motif=AGGA;rbs_spacer=5-10bp;genetic_code=11;gc_cont=0.694	GENOMAD.177178.CP	7.777E-09	59	0
JAJIUH010000011.1_33 # 36168 # 36605 # 1 # ID=32_33;partial=00;start_type=ATG;rbs_motif=GGA/GAG/AGG;rbs_spacer=5-10bp;genetic_code=11;gc_cont=0.635	GENOMAD.135911.CV	7.108E-05	44	16033
JAJIUH010000125.1_5 # 6119 # 7012 # 1 # ID=34_5;partial=00;start_type=TTG;rbs_motif=None;rbs_spacer=None;genetic_code=11;gc_cont=0.629	GENOMAD.133821.CP	3.999E-25	109	1246
JAJIUH010000125.1_37 # 45190 # 45945 # 1 # ID=34_37;partial=00;start_type=ATG;rbs_motif=AGGA/GGAG/GAGG;rbs_spacer=11-12bp;genetic_code=11;gc_cont=0.672	GENOMAD.016342.CC	5.223E-27	113	0
JAJIUH010000125.1_69 # 76959 # 77504 # 1 # ID=34_69;partial=00;start_type=ATG;rbs_motif=None;rbs_spacer=None;genetic_code=11;gc_cont=0.674	GENOMAD.011491.CC	1.398E-34	132	0
JAJIUH010000127.1_15 # 17397 # 17780 # -1 # ID=36_15;partial=00;start_type=ATG;rbs_motif=None;rbs_spacer=None;genetic_code=11;gc_cont=0.677	GENOMAD.195120.CP	1.222E-53	184	0
JAJIUH010000017.1_27 # 21230 # 21721 # 1 # ID=48_27;partial=00;start_type=GTG;rbs_motif=GGA/GAG/AGG;rbs_spacer=5-10bp;genetic_code=11;gc_cont=0.673	GENOMAD.020187.CC	1.173E-79	261	0
JAJIUH010000017.1_59 # 67899 # 68552 # -1 # ID=48_59;partial=00;start_type=ATG;rbs_motif=GGA/GAG/AGG;rbs_spacer=5-10bp;genetic_code=11;gc_cont=0.696	GENOMAD.171994.PC	1.532E-11	66	0
JAJIUH010000018.1_25 # 26280 # 27749 # 1 # ID=50_25;partial=00;start_type=ATG;rbs_motif=None;rbs_spacer=None;genetic_code=11;gc_cont=0.663	GENOMAD.197616.CP	9.529E-85	292	0
JAJIUH010000117.1_2 # 1851 # 2540 # -1 # ID=25_2;partial=00;start_type=ATG;rbs_motif=GGA/GAG/AGG;rbs_spacer=5-10bp;genetic_code=11;gc_cont=0.696	GENOMAD.028244.CC	3.152E-92	301	0
JAJIUH010000117.1_34 # 37548 # 38069 # -1 # ID=25_34;partial=00;start_type=ATG;rbs_motif=GGAG/GAGG;rbs_spacer=5-10bp;genetic_code=11;gc_cont=0.663	GENOMAD.073523.CV	1.018E-34	132	0
JAJIUH010000118.1_22 # 32440 # 33888 # -1 # ID=26_22;partial=00;start_type=ATG;rbs_motif=GGA/GAG/AGG;rbs_spacer=5-10bp;genetic_code=11;gc_cont=0.660	GENOMAD.120831.CP	8.452E-83	286	0
JAJIUH010000120.1_28 # 28714 # 29499 # 1 # ID=28_28;partial=00;start_type=ATG;rbs_motif=AGGA;rbs_spacer=5-10bp;genetic_code=11;gc_cont=0.659	GENOMAD.169894.PC	8.843E-49	177	0
JAJIUH010000124.1_10 # 11093 # 12319 # -1 # ID=33_10;partial=00;start_type=ATG;rbs_motif=GGA/GAG/AGG;rbs_spacer=5-10bp;genetic_code=11;gc_cont=0.597	GENOMAD.192798.PC	1.098E-87	297	0
JAJIUH010000125.1_61 # 69622 # 70410 # 1 # ID=34_61;partial=00;start_type=ATG;rbs_motif=GGAG/GAGG;rbs_spacer=5-10bp;genetic_code=11;gc_cont=0.695	GENOMAD.026719.CC	1.832E-38	147	0
JAJIUH010000114.1_16 # 25761 # 27596 # -1 # ID=22_16;partial=00;start_type=ATG;rbs_motif=GGA/GAG/AGG;rbs_spacer=5-10bp;genetic_code=11;gc_cont=0.657	GENOMAD.208849.PC	6.595E-07	55	0
JAJIUH010000114.1_48 # 73623 # 75608 # -1 # ID=22_48;partial=00;start_type=GTG;rbs_motif=None;rbs_spacer=None;genetic_code=11;gc_cont=0.653	GENOMAD.121392.CP	2.385E-113	383	0
JAJIUH010000114.1_80 # 116940 # 118949 # 1 # ID=22_80;partial=00;start_type=ATG;rbs_motif=AGGA;rbs_spacer=5-10bp;genetic_code=11;gc_cont=0.642	GENOMAD.000471.CC	1.533E-90	316	0
JAJIUH010000114.1_112 # 155688 # 156263 # -1 # ID=22_112;partial=00;start_type=ATG;rbs_motif=GGA/GAG/AGG;rbs_spacer=5-10bp;genetic_code=11;gc_cont=0.663	GENOMAD.002742.CC	3.498E-98	316	0
JAJIUH010000116.1_12 # 12534 # 14015 # 1 # ID=24_12;partial=00;start_type=ATG;rbs_motif=AGGAG;rbs_spacer=5-10bp;genetic_code=11;gc_cont=0.666	GENOMAD.133528.CP	1.349E-04	47	0
JAJIUH010000117.1_30 # 31840 # 32814 # -1 # ID=25_30;partial=00;start_type=GTG;rbs_motif=GGAG/GAGG;rbs_spacer=5-10bp;genetic_code=11;gc_cont=0.681	GENOMAD.130634.CP	5.318E-40	154	0
JAJIUH010000118.1_18 # 27587 # 28657 # 1 # ID=26_18;partial=00;start_type=GTG;rbs_motif=GGAG/GAGG;rbs_spacer=5-10bp;genetic_code=11;gc_cont=0.682	GENOMAD.178810.CP	4.650E-06	51	0
JAJIUH010000119.1_22 # 27094 # 28377 # -1 # ID=27_22;partial=00;start_type=ATG;rbs_motif=AGGA;rbs_spacer=5-10bp;genetic_code=11;gc_cont=0.657	GENOMAD.168138.CP	4.482E-04	45	0
JAJIUH010000030.1_26 # 33054 # 33611 # 1 # ID=63_26;partial=00;start_type=ATG;rbs_motif=None;rbs_spacer=None;genetic_code=11;gc_cont=0.640	GENOMAD.192159.VC	5.413E-65	220	1246
JAJIUH010000034.1_6 # 5920 # 7299 # -1 # ID=67_6;partial=00;start_type=ATG;rbs_motif=GGA/GAG/AGG;rbs_spacer=5-10bp;genetic_code=11;gc_cont=0.677	GENOMAD.211408.CP	4.988E-04	45	0
JAJIUH010000036.1_87 # 97780 # 99123 # 1 # ID=70_87;partial=00;start_type=ATG;rbs_motif=AGGA;rbs_spacer=5-10bp;genetic_code=11;gc_cont=0.646	GENOMAD.181612.CP	2.370E-128	417	0
JAJIUH010000040.1_2 # 1026 # 3401 # -1 # ID=74_2;partial=00;start_type=ATG;rbs_motif=GGA/GAG/AGG;rbs_spacer=5-10bp;genetic_code=11;gc_cont=0.654	GENOMAD.166603.CP	2.106E-36	152	0
JAJIUH010000090.1_20 # 20948 # 21421 # -1 # ID=129_20;partial=00;start_type=ATG;rbs_motif=None;rbs_spacer=None;genetic_code=11;gc_cont=0.639	GENOMAD.172157.CP	9.113E-88	284	0
JAJIUH010000091.1_18 # 16657 # 16962 # -1 # ID=130_18;partial=00;start_type=ATG;rbs_motif=GGAG/GAGG;rbs_spacer=5-10bp;genetic_code=11;gc_cont=0.611	GENOMAD.036873.CC	1.734E-14	70	0
JAJIUH010000094.1_126 # 157874 # 161374 # 1 # ID=1_126;partial=00;start_type=ATG;rbs_motif=None;rbs_spacer=None;genetic_code=11;gc_cont=0.680	GENOMAD.133878.VC	3.520E-10	67	1246
JAJIUH010000010.1_98 # 100589 # 100951 # -1 # ID=11_98;partial=01;start_type=Edge;rbs_motif=None;rbs_spacer=None;genetic_code=11;gc_cont=0.623	GENOMAD.006124.CC	3.843E-04	41	0
JAJIUH010000105.1_27 # 30943 # 31263 # -1 # ID=13_27;partial=00;start_type=ATG;rbs_motif=AGGAG;rbs_spacer=5-10bp;genetic_code=11;gc_cont=0.617	GENOMAD.115269.CP	7.689E-25	100	0
JAJIUH010000105.1_59 # 64902 # 65330 # -1 # ID=13_59;partial=00;start_type=ATG;rbs_motif=AGxAGG/AGGxGG;rbs_spacer=5-10bp;genetic_code=11;gc_cont=0.641	GENOMAD.166316.CP	9.413E-22	93	0
JAJIUH010000106.1_29 # 16316 # 16612 # 1 # ID=14_29;partial=00;start_type=ATG;rbs_motif=GGA/GAG/AGG;rbs_spacer=5-10bp;genetic_code=11;gc_cont=0.623	GENOMAD.156834.VV	9.202E-51	174	0
JAJIUH010000108.1_10 # 11209 # 12090 # -1 # ID=16_10;partial=00;start_type=ATG;rbs_motif=None;rbs_spacer=None;genetic_code=11;gc_cont=0.645	GENOMAD.000337.CC	4.997E-38	147	0
JAJIUH010000120.1_31 # 31958 # 32701 # -1 # ID=28_31;partial=00;start_type=ATG;rbs_motif=GGAG/GAGG;rbs_spacer=5-10bp;genetic_code=11;gc_cont=0.673	GENOMAD.138165.CP	1.336E-13	73	0
JAJIUH010000123.1_3 # 1865 # 2815 # -1 # ID=31_3;partial=00;start_type=ATG;rbs_motif=GGA/GAG/AGG;rbs_spacer=5-10bp;genetic_code=11;gc_cont=0.685	GENOMAD.129199.CP	4.188E-40	154	0
JAJIUH010000124.1_13 # 14535 # 14795 # -1 # ID=33_13;partial=00;start_type=ATG;rbs_motif=GGAGG;rbs_spacer=3-4bp;genetic_code=11;gc_cont=0.651	GENOMAD.223849.VP	3.135E-10	57	0
JAJIUH010000125.1_32 # 37333 # 38124 # 1 # ID=34_32;partial=00;start_type=ATG;rbs_motif=GGAG/GAGG;rbs_spacer=5-10bp;genetic_code=11;gc_cont=0.658	GENOMAD.000113.CC	8.914E-19	89	0
JAJIUH010000125.1_64 # 71483 # 72316 # 1 # ID=34_64;partial=00;start_type=ATG;rbs_motif=None;rbs_spacer=None;genetic_code=11;gc_cont=0.687	GENOMAD.194676.PC	5.232E-162	505	0
JAJIUH010000127.1_10 # 12176 # 12883 # 1 # ID=36_10;partial=00;start_type=ATG;rbs_motif=AGGAG;rbs_spacer=5-10bp;genetic_code=11;gc_cont=0.644	GENOMAD.194905.PC	4.779E-12	68	0
JAJIUH010000064.1_3 # 3666 # 6230 # 1 # ID=101_3;partial=00;start_type=ATG;rbs_motif=AGGA;rbs_spacer=5-10bp;genetic_code=11;gc_cont=0.659	GENOMAD.146053.CP	1.380E-04	48	0
JAJIUH010000066.1_29 # 23528 # 23860 # 1 # ID=103_29;partial=00;start_type=ATG;rbs_motif=AGGAG;rbs_spacer=5-10bp;genetic_code=11;gc_cont=0.562	GENOMAD.133137.CV	1.836E-09	56	0
JAJIUH010000067.1_6 # 6242 # 7027 # 1 # ID=104_6;partial=00;start_type=GTG;rbs_motif=GGA/GAG/AGG;rbs_spacer=11-12bp;genetic_code=11;gc_cont=0.687	GENOMAD.171214.CP	2.103E-67	231	0
JAJIUH010000069.1_50 # 60169 # 60462 # -1 # ID=106_50;partial=00;start_type=ATG;rbs_motif=None;rbs_spacer=None;genetic_code=11;gc_cont=0.667	GENOMAD.129440.VC	2.140E-18	81	1246
JAJIUH010000075.1_11 # 9627 # 11729 # 1 # ID=113_11;partial=00;start_type=ATG;rbs_motif=GGAG/GAGG;rbs_spacer=5-10bp;genetic_code=11;gc_cont=0.634	GENOMAD.053052.VV	5.178E-23	108	0
JAJIUH010000075.1_49 # 62341 # 62523 # 1 # ID=113_49;partial=00;start_type=ATG;rbs_motif=AGGAG;rbs_spacer=5-10bp;genetic_code=11;gc_cont=0.639	GENOMAD.040850.CC	6.898E-07	46	0
JAJIUH010000075.1_113 # 134574 # 135155 # -1 # ID=113_113;partial=00;start_type=ATG;rbs_motif=GGA/GAG/AGG;rbs_spacer=5-10bp;genetic_code=11;gc_cont=0.665	GENOMAD.110126.CP	4.672E-53	186	0
JAJIUH010000075.1_145 # 174029 # 175405 # 1 # ID=113_145;partial=00;start_type=ATG;rbs_motif=GGA/GAG/AGG;rbs_spacer=11-12bp;genetic_code=11;gc_cont=0.634	GENOMAD.108089.CP	7.169E-10	64	0
JAJIUH010000076.1_13 # 15402 # 17564 # 1 # ID=114_13;partial=00;start_type=ATG;rbs_motif=GGA/GAG/AGG;rbs_spacer=5-10bp;genetic_code=11;gc_cont=0.659	GENOMAD.158094.CP	3.719E-108	370	0
JAJIUH010000077.1_47 # 44376 # 46859 # 1 # ID=115_47;partial=00;start_type=ATG;rbs_motif=None;rbs_spacer=None;genetic_code=11;gc_cont=0.690	GENOMAD.142740.CP	4.212E-187	606	0
JAJIUH010000078.1_15 # 16917 # 18008 # 1 # ID=116_15;partial=00;start_type=GTG;rbs_motif=GGAG/GAGG;rbs_spacer=5-10bp;genetic_code=11;gc_cont=0.687	GENOMAD.028689.CC	1.650E-69	242	0
JAJIUH010000125.1_114 # 122678 # 123361 # -1 # ID=34_114;partial=00;start_type=ATG;rbs_motif=None;rbs_spacer=None;genetic_code=11;gc_cont=0.675	GENOMAD.153561.CP	1.556E-06	51	0
JAJIUH010000127.1_28 # 28933 # 30120 # 1 # ID=36_28;partial=00;start_type=ATG;rbs_motif=GGA/GAG/AGG;rbs_spacer=5-10bp;genetic_code=11;gc_cont=0.643	GENOMAD.143010.CP	2.493E-15	81	0
JAJIUH010000127.1_60 # 71175 # 71576 # -1 # ID=36_60;partial=00;start_type=ATG;rbs_motif=GGA/GAG/AGG;rbs_spacer=5-10bp;genetic_code=11;gc_cont=0.699	GENOMAD.130275.CV	2.260E-06	48	0
JAJIUH010000130.1_3 # 2941 # 3726 # 1 # ID=39_3;partial=00;start_type=ATG;rbs_motif=None;rbs_spacer=None;genetic_code=11;gc_cont=0.645	GENOMAD.152421.CP	5.832E-127	403	0
JAJIUH010000130.1_67 # 76490 # 77251 # 1 # ID=39_67;partial=00;start_type=ATG;rbs_motif=None;rbs_spacer=None;genetic_code=11;gc_cont=0.692	GENOMAD.132491.CP	4.640E-43	160	0
JAJIUH010000131.1_23 # 26271 # 28088 # -1 # ID=40_23;partial=00;start_type=ATG;rbs_motif=GGAGG;rbs_spacer=5-10bp;genetic_code=11;gc_cont=0.670	GENOMAD.127016.CP	3.220E-07	56	0
JAJIUH010000131.1_55 # 61449 # 61748 # 1 # ID=40_55;partial=00;start_type=GTG;rbs_motif=GGAG/GAGG;rbs_spacer=5-10bp;genetic_code=11;gc_cont=0.620	GENOMAD.001146.CC	4.378E-12	63	0
JAJIUH010000027.1_167 # 229871 # 231334 # -1 # ID=60_167;partial=00;start_type=ATG;rbs_motif=None;rbs_spacer=None;genetic_code=11;gc_cont=0.676	GENOMAD.117114.CP	4.680E-07	55	0
JAJIUH010000028.1_24 # 35119 # 35736 # 1 # ID=61_24;partial=00;start_type=ATG;rbs_motif=None;rbs_spacer=None;genetic_code=11;gc_cont=0.625	GENOMAD.126296.CP	9.394E-19	87	0
JAJIUH010000003.1_8 # 8151 # 9803 # 1 # ID=69_8;partial=00;start_type=GTG;rbs_motif=GGA/GAG/AGG;rbs_spacer=5-10bp;genetic_code=11;gc_cont=0.672	GENOMAD.162124.CP	3.114E-99	337	0
