20HP1591.fasta	20HP1591.fasta	100	1675	1679
20HP1591.fasta	20HP1597.fasta	99.9938	1665	1679
20HP1591.fasta	20HP1615.fasta	99.9923	1663	1679
20HP1591.fasta	20HP1609-2.fasta	99.9873	1666	1679
20HP1591.fasta	20HP1614.fasta	99.9861	1663	1679
20HP1591.fasta	20HP1608-1.fasta	99.9854	1666	1679
20HP1591.fasta	Xcv_DC_97_P1A.fasta	99.9834	1622	1679
20HP1591.fasta	DOA-1721.fasta	99.9828	1654	1679
20HP1591.fasta	VTM16.fasta	99.9825	1667	1679
20HP1591.fasta	X31.fasta	99.9822	1652	1679
20HP1591.fasta	Xcv_DC_96-3.fasta	99.9812	1630	1679
20HP1591.fasta	DC99P1B1.fasta	99.9811	1644	1679
20HP1591.fasta	VTM10.fasta	99.9811	1656	1679
20HP1591.fasta	X22.fasta	99.9802	1646	1679
20HP1591.fasta	Xe173.fasta	99.9794	1659	1679
20HP1591.fasta	Tu-10.fasta	99.9793	1650	1679
20HP1591.fasta	DC99P1A1.fasta	99.9792	1641	1679
20HP1591.fasta	DOA-2987.fasta	99.978	1659	1679
20HP1591.fasta	VTM15.fasta	99.9777	1658	1679
20HP1591.fasta	DOA-2983.fasta	99.9775	1655	1679
20HP1591.fasta	DOA-1726.fasta	99.9772	1667	1679
20HP1591.fasta	20HP1594.fasta	99.9769	1647	1679
20HP1591.fasta	Xcv_DC_96-5.fasta	99.9763	1638	1679
20HP1591.fasta	DOA-2989.fasta	99.9752	1663	1679
20HP1591.fasta	XCVKK-C-3.fasta	99.9748	1644	1679
20HP1591.fasta	XCVCP-C-51.fasta	99.9744	1647	1679
20HP1591.fasta	XCVKK-C-1.fasta	99.9743	1647	1679
20HP1591.fasta	90-13.fasta	99.9722	1640	1679
20HP1591.fasta	XCVKK-C-2.fasta	99.9718	1641	1679
20HP1591.fasta	DOA-2036.fasta	99.9712	1649	1679
20HP1591.fasta	62XEKK5.fasta	99.9706	1645	1679
20HP1591.fasta	20HP1608-2.fasta	99.9704	1662	1679
20HP1591.fasta	87-13.fasta	99.9695	1649	1679
20HP1591.fasta	XCVCP-C-43.fasta	99.9675	1645	1679
20HP1591.fasta	VTM12.fasta	99.9657	1664	1679
20HP1591.fasta	VTM4.fasta	99.9655	1664	1679
20HP1591.fasta	XCVKK-C-5.fasta	99.9639	1645	1679
20HP1591.fasta	X13.fasta	99.9628	1641	1679
20HP1591.fasta	XCVKK-C-4.fasta	99.959	1646	1679
20HP1591.fasta	87-7.fasta	99.9551	1629	1679
20HP1591.fasta	89-10.fasta	99.9438	1600	1679
20HP1591.fasta	Xv157.fasta	99.9386	1603	1679
20HP1591.fasta	87-21.fasta	99.9375	1605	1679
20HP1591.fasta	XVP26.fasta	99.9334	1619	1679
20HP1591.fasta	69-1.fasta	99.9234	1603	1679
20HP1591.fasta	Tu-06.fasta	99.9207	1620	1679
20HP1591.fasta	Tu-11.fasta	99.9205	1623	1679
20HP1591.fasta	Xcv_DC_98_P2A.fasta	99.9156	1634	1679
20HP1591.fasta	Xcv_DC_96-1.fasta	99.912	1636	1679
20HP1591.fasta	89-16.fasta	99.9116	1640	1679
20HP1591.fasta	Xcv_DC_93-6.fasta	99.9116	1630	1679
20HP1591.fasta	Xcv_DC_96-4.fasta	99.9113	1634	1679
20HP1591.fasta	Xcv_DC_96-2.fasta	99.9111	1636	1679
20HP1591.fasta	Tu-08.fasta	99.9086	1654	1679
20HP1591.fasta	Xcv_Sspep_92.fasta	99.898	1611	1679
20HP1591.fasta	Xcv_DC_97_P2A.fasta	99.8968	1608	1679
20HP1591.fasta	FB570.fasta	99.8952	1624	1679
20HP1591.fasta	87-47.fasta	99.893	1618	1679
20HP1591.fasta	Ps-7.fasta	99.8924	1616	1679
20HP1591.fasta	Ps-1.fasta	99.8826	1589	1679
20HP1591.fasta	66b.fasta	99.8774	1520	1679
20HP1591.fasta	VTM17.fasta	99.8605	1642	1679
20HP1591.fasta	71-21.fasta	99.859	1598	1679
20HP1591.fasta	WHRI_8301.fasta	99.8559	1622	1679
20HP1591.fasta	75-3.fasta	99.8536	1574	1679
20HP1591.fasta	80-5.fasta	99.852	1632	1679
20HP1591.fasta	Xcv_DC_97_P3A.fasta	99.8472	1617	1679
20HP1591.fasta	85-16.fasta	99.8444	1562	1679
20HP1591.fasta	85-10.fasta	99.8405	1635	1679
20HP1591.fasta	Tabasco1.fasta	99.839	1634	1679
20HP1591.fasta	72-7.fasta	99.8386	1606	1679
20HP1591.fasta	Xcv_DC_93-7.fasta	99.838	1606	1679
20HP1591.fasta	ATCC_11633.fasta	99.8354	1606	1679
20HP1591.fasta	Xcv_DC_93-9.fasta	99.8298	1609	1679
20HP1591.fasta	86-46.fasta	99.8245	1595	1679
20HP1591.fasta	86-2.fasta	99.8216	1571	1679
20HP1591.fasta	X82-8P.fasta	99.8198	1632	1679
20HP1591.fasta	Xcv_DC_93-8.fasta	99.8176	1615	1679
20HP1591.fasta	86-22.fasta	99.8133	1582	1679
20HP1591.fasta	DOA-2990.fasta	99.8045	1645	1679
20HP1591.fasta	X82-8P_C3.fasta	99.8038	1635	1679
20HP1591.fasta	65XENP2.fasta	99.8031	1648	1679
20HP1591.fasta	LMG_933.fasta	99.8006	1425	1679
20HP1591.fasta	X82-8P_C4.fasta	99.7959	1623	1679
20HP1591.fasta	X82-8P_C1.fasta	99.7949	1634	1679
20HP1591.fasta	65XENP3.fasta	99.7946	1648	1679
20HP1591.fasta	X82-8P_C5.fasta	99.7946	1635	1679
20HP1591.fasta	X82-8P_C6.fasta	99.7944	1635	1679
20HP1591.fasta	X82-8P_C2.fasta	99.7941	1620	1679
20HP1591.fasta	20HP1613.fasta	99.7897	1650	1679
20HP1591.fasta	65XENP1.fasta	99.7876	1648	1679
20HP1591.fasta	LMG_909.fasta	99.7849	1476	1679
20HP1591.fasta	LMG_667.fasta	99.7839	1501	1679
20HP1591.fasta	83M.fasta	99.7781	1497	1679
20HP1591.fasta	LMG_905.fasta	99.7751	1448	1679
20HP1591.fasta	LMG_930.fasta	99.7651	1647	1679
20HP1591.fasta	Xv_72.fasta	99.764	1621	1679
20HP1591.fasta	70-7.fasta	99.7626	1612	1679
20HP1591.fasta	69-24.fasta	99.7579	1617	1679
20HP1591.fasta	E3.fasta	99.7574	1607	1679
20HP1591.fasta	Xv_79.fasta	99.7539	1620	1679
20HP1591.fasta	LMG_27970.fasta	99.4648	1148	1679
20HP1594.fasta	20HP1594.fasta	100	1656	1661
20HP1594.fasta	DOA-1721.fasta	99.9927	1650	1661
20HP1594.fasta	X22.fasta	99.9918	1645	1661
20HP1594.fasta	DOA-1726.fasta	99.9888	1650	1661
20HP1594.fasta	Tu-10.fasta	99.9887	1643	1661
20HP1594.fasta	VTM10.fasta	99.9883	1650	1661
20HP1594.fasta	DOA-2989.fasta	99.9879	1646	1661
20HP1594.fasta	DOA-2983.fasta	99.9875	1649	1661
20HP1594.fasta	VTM15.fasta	99.9859	1649	1661
20HP1594.fasta	X31.fasta	99.9858	1651	1661
20HP1594.fasta	DOA-2987.fasta	99.9853	1648	1661
20HP1594.fasta	20HP1597.fasta	99.9849	1640	1661
20HP1594.fasta	DOA-2036.fasta	99.9843	1644	1661
20HP1594.fasta	20HP1609-2.fasta	99.9841	1645	1661
20HP1594.fasta	20HP1614.fasta	99.9836	1643	1661
20HP1594.fasta	20HP1608-1.fasta	99.9834	1647	1661
20HP1594.fasta	Xe173.fasta	99.9833	1657	1661
20HP1594.fasta	VTM16.fasta	99.9831	1650	1661
20HP1594.fasta	20HP1615.fasta	99.9831	1638	1661
20HP1594.fasta	XCVKK-C-1.fasta	99.9828	1639	1661
20HP1594.fasta	Xcv_DC_96-3.fasta	99.9818	1635	1661
20HP1594.fasta	Xcv_DC_96-5.fasta	99.9817	1638	1661
20HP1594.fasta	XCVKK-C-4.fasta	99.9808	1639	1661
20HP1594.fasta	XCVKK-C-5.fasta	99.9804	1641	1661
20HP1594.fasta	VTM12.fasta	99.9801	1646	1661
20HP1594.fasta	62XEKK5.fasta	99.98	1640	1661
20HP1594.fasta	XCVKK-C-3.fasta	99.979	1642	1661
20HP1594.fasta	XCVCP-C-51.fasta	99.979	1642	1661
20HP1594.fasta	XCVKK-C-2.fasta	99.978	1638	1661
20HP1594.fasta	VTM4.fasta	99.9759	1646	1661
20HP1594.fasta	DC99P1B1.fasta	99.9756	1633	1661
20HP1594.fasta	20HP1608-2.fasta	99.9755	1643	1661
20HP1594.fasta	XCVCP-C-43.fasta	99.9748	1637	1661
20HP1594.fasta	20HP1591.fasta	99.9742	1648	1661
20HP1594.fasta	Xcv_DC_97_P1A.fasta	99.9736	1622	1661
20HP1594.fasta	DC99P1A1.fasta	99.9709	1633	1661
20HP1594.fasta	87-13.fasta	99.9704	1632	1661
20HP1594.fasta	87-7.fasta	99.9697	1616	1661
20HP1594.fasta	X13.fasta	99.9694	1641	1661
20HP1594.fasta	90-13.fasta	99.9675	1625	1661
20HP1594.fasta	87-21.fasta	99.9557	1591	1661
20HP1594.fasta	Xv157.fasta	99.9546	1599	1661
20HP1594.fasta	89-10.fasta	99.9414	1600	1661
20HP1594.fasta	XVP26.fasta	99.9243	1616	1661
20HP1594.fasta	69-1.fasta	99.9214	1593	1661
20HP1594.fasta	Tu-06.fasta	99.9165	1617	1661
20HP1594.fasta	Tu-11.fasta	99.9157	1621	1661
20HP1594.fasta	Tu-08.fasta	99.9102	1643	1661
20HP1594.fasta	Xcv_DC_96-2.fasta	99.9075	1628	1661
20HP1594.fasta	Xcv_DC_93-6.fasta	99.9039	1619	1661
20HP1594.fasta	89-16.fasta	99.9016	1624	1661
20HP1594.fasta	71-21.fasta	99.9003	1592	1661
20HP1594.fasta	Xcv_DC_97_P2A.fasta	99.9001	1612	1661
20HP1594.fasta	Xcv_DC_96-1.fasta	99.898	1626	1661
20HP1594.fasta	FB570.fasta	99.8962	1607	1661
20HP1594.fasta	66b.fasta	99.8958	1510	1661
20HP1594.fasta	Xcv_DC_98_P2A.fasta	99.8958	1625	1661
20HP1594.fasta	Xcv_Sspep_92.fasta	99.8953	1609	1661
20HP1594.fasta	Xcv_DC_96-4.fasta	99.8945	1624	1661
20HP1594.fasta	Ps-7.fasta	99.8916	1601	1661
20HP1594.fasta	Ps-1.fasta	99.8791	1584	1661
20HP1594.fasta	87-47.fasta	99.8785	1610	1661
20HP1594.fasta	72-7.fasta	99.8598	1594	1661
20HP1594.fasta	ATCC_11633.fasta	99.8528	1585	1661
20HP1594.fasta	Xcv_DC_97_P3A.fasta	99.8525	1620	1661
20HP1594.fasta	VTM17.fasta	99.8494	1633	1661
20HP1594.fasta	Xcv_DC_93-9.fasta	99.8449	1603	1661
20HP1594.fasta	Xcv_DC_93-8.fasta	99.842	1608	1661
20HP1594.fasta	Xcv_DC_93-7.fasta	99.8409	1606	1661
20HP1594.fasta	WHRI_8301.fasta	99.8366	1611	1661
20HP1594.fasta	65XENP2.fasta	99.8346	1631	1661
20HP1594.fasta	86-46.fasta	99.8344	1570	1661
20HP1594.fasta	75-3.fasta	99.8331	1567	1661
20HP1594.fasta	85-10.fasta	99.827	1623	1661
20HP1594.fasta	LMG_667.fasta	99.8228	1483	1661
20HP1594.fasta	80-5.fasta	99.822	1623	1661
20HP1594.fasta	65XENP1.fasta	99.821	1631	1661
20HP1594.fasta	Tabasco1.fasta	99.8194	1624	1661
20HP1594.fasta	65XENP3.fasta	99.812	1633	1661
20HP1594.fasta	85-16.fasta	99.8113	1547	1661
20HP1594.fasta	DOA-2990.fasta	99.8093	1633	1661
20HP1594.fasta	X82-8P.fasta	99.8024	1623	1661
20HP1594.fasta	LMG_933.fasta	99.7993	1410	1661
20HP1594.fasta	86-2.fasta	99.7955	1565	1661
20HP1594.fasta	86-22.fasta	99.795	1569	1661
20HP1594.fasta	70-7.fasta	99.7935	1598	1661
20HP1594.fasta	LMG_909.fasta	99.7929	1467	1661
20HP1594.fasta	69-24.fasta	99.7926	1597	1661
20HP1594.fasta	20HP1613.fasta	99.7921	1639	1661
20HP1594.fasta	X82-8P_C6.fasta	99.7891	1621	1661
20HP1594.fasta	X82-8P_C5.fasta	99.7889	1624	1661
20HP1594.fasta	X82-8P_C4.fasta	99.7883	1617	1661
20HP1594.fasta	X82-8P_C1.fasta	99.7869	1624	1661
20HP1594.fasta	X82-8P_C3.fasta	99.7862	1625	1661
20HP1594.fasta	LMG_905.fasta	99.782	1447	1661
20HP1594.fasta	83M.fasta	99.7795	1501	1661
20HP1594.fasta	LMG_930.fasta	99.7792	1634	1661
20HP1594.fasta	X82-8P_C2.fasta	99.7736	1612	1661
20HP1594.fasta	Xv_72.fasta	99.7721	1602	1661
20HP1594.fasta	Xv_79.fasta	99.7712	1606	1661
20HP1594.fasta	E3.fasta	99.7538	1596	1661
20HP1594.fasta	LMG_27970.fasta	99.4241	1143	1661
20HP1597.fasta	20HP1597.fasta	100	1689	1693
20HP1597.fasta	20HP1615.fasta	99.9991	1688	1693
20HP1597.fasta	20HP1591.fasta	99.9967	1664	1693
20HP1597.fasta	20HP1614.fasta	99.9945	1680	1693
20HP1597.fasta	20HP1609-2.fasta	99.9941	1682	1693
20HP1597.fasta	20HP1608-1.fasta	99.9941	1682	1693
20HP1597.fasta	VTM16.fasta	99.9931	1680	1693
20HP1597.fasta	VTM10.fasta	99.9921	1646	1693
20HP1597.fasta	DOA-1721.fasta	99.9906	1646	1693
20HP1597.fasta	DOA-1726.fasta	99.99	1657	1693
20HP1597.fasta	DOA-2983.fasta	99.9896	1649	1693
20HP1597.fasta	20HP1594.fasta	99.9894	1638	1693
20HP1597.fasta	X22.fasta	99.9892	1644	1693
20HP1597.fasta	X31.fasta	99.9885	1648	1693
20HP1597.fasta	DOA-2989.fasta	99.9881	1656	1693
20HP1597.fasta	VTM15.fasta	99.9862	1645	1693
20HP1597.fasta	Xe173.fasta	99.9856	1651	1693
20HP1597.fasta	Xcv_DC_96-3.fasta	99.9855	1627	1693
20HP1597.fasta	DOA-2987.fasta	99.985	1654	1693
20HP1597.fasta	Xcv_DC_96-5.fasta	99.9821	1634	1693
20HP1597.fasta	Xcv_DC_97_P1A.fasta	99.9802	1623	1693
20HP1597.fasta	XCVKK-C-5.fasta	99.9797	1642	1693
20HP1597.fasta	DC99P1B1.fasta	99.9794	1637	1693
20HP1597.fasta	XCVKK-C-3.fasta	99.979	1640	1693
20HP1597.fasta	20HP1608-2.fasta	99.9783	1682	1693
20HP1597.fasta	XCVKK-C-4.fasta	99.9774	1637	1693
20HP1597.fasta	VTM4.fasta	99.9765	1651	1693
20HP1597.fasta	DC99P1A1.fasta	99.9762	1636	1693
20HP1597.fasta	XCVKK-C-2.fasta	99.9759	1637	1693
20HP1597.fasta	62XEKK5.fasta	99.9751	1640	1693
20HP1597.fasta	VTM12.fasta	99.9751	1651	1693
20HP1597.fasta	DOA-2036.fasta	99.975	1639	1693
20HP1597.fasta	Tu-10.fasta	99.975	1640	1693
20HP1597.fasta	XCVKK-C-1.fasta	99.9738	1640	1693
20HP1597.fasta	90-13.fasta	99.9717	1632	1693
20HP1597.fasta	XCVCP-C-51.fasta	99.9701	1644	1693
20HP1597.fasta	87-7.fasta	99.965	1621	1693
20HP1597.fasta	X13.fasta	99.9629	1639	1693
20HP1597.fasta	87-13.fasta	99.9604	1638	1693
20HP1597.fasta	XCVCP-C-43.fasta	99.9596	1640	1693
20HP1597.fasta	Xv157.fasta	99.9567	1597	1693
20HP1597.fasta	89-10.fasta	99.9528	1596	1693
20HP1597.fasta	87-21.fasta	99.951	1596	1693
20HP1597.fasta	69-1.fasta	99.9357	1597	1693
20HP1597.fasta	Xcv_DC_96-2.fasta	99.9227	1626	1693
20HP1597.fasta	Xcv_DC_98_P2A.fasta	99.9197	1630	1693
20HP1597.fasta	Xcv_DC_93-6.fasta	99.9181	1623	1693
20HP1597.fasta	Xcv_DC_96-4.fasta	99.918	1626	1693
20HP1597.fasta	Tu-08.fasta	99.9127	1649	1693
20HP1597.fasta	FB570.fasta	99.9108	1610	1693
20HP1597.fasta	Xcv_DC_96-1.fasta	99.9059	1628	1693
20HP1597.fasta	Ps-7.fasta	99.9032	1606	1693
20HP1597.fasta	71-21.fasta	99.9032	1584	1693
20HP1597.fasta	Xcv_Sspep_92.fasta	99.8993	1604	1693
20HP1597.fasta	89-16.fasta	99.8967	1629	1693
20HP1597.fasta	66b.fasta	99.8948	1513	1693
20HP1597.fasta	Xcv_DC_97_P2A.fasta	99.8928	1605	1693
20HP1597.fasta	Tu-11.fasta	99.8919	1622	1693
20HP1597.fasta	Ps-1.fasta	99.8914	1578	1693
20HP1597.fasta	Tu-06.fasta	99.89	1618	1693
20HP1597.fasta	75-3.fasta	99.8672	1566	1693
20HP1597.fasta	WHRI_8301.fasta	99.8666	1616	1693
20HP1597.fasta	VTM17.fasta	99.8615	1631	1693
20HP1597.fasta	87-47.fasta	99.8577	1628	1693
20HP1597.fasta	72-7.fasta	99.8545	1599	1693
20HP1597.fasta	Xcv_DC_97_P3A.fasta	99.851	1611	1693
20HP1597.fasta	ATCC_11633.fasta	99.8507	1591	1693
20HP1597.fasta	86-46.fasta	99.8444	1581	1693
20HP1597.fasta	65XENP1.fasta	99.8216	1638	1693
20HP1597.fasta	65XENP2.fasta	99.8199	1638	1693
20HP1597.fasta	Xcv_DC_93-9.fasta	99.8184	1602	1693
20HP1597.fasta	Xcv_DC_93-8.fasta	99.8179	1611	1693
20HP1597.fasta	Xcv_DC_93-7.fasta	99.8165	1603	1693
20HP1597.fasta	LMG_933.fasta	99.8158	1413	1693
20HP1597.fasta	Tabasco1.fasta	99.8132	1630	1693
20HP1597.fasta	65XENP3.fasta	99.813	1640	1693
20HP1597.fasta	80-5.fasta	99.8108	1628	1693
20HP1597.fasta	X82-8P.fasta	99.8101	1626	1693
20HP1597.fasta	LMG_667.fasta	99.8053	1487	1693
20HP1597.fasta	XVP26.fasta	99.8007	1623	1693
20HP1597.fasta	DOA-2990.fasta	99.7971	1639	1693
20HP1597.fasta	70-7.fasta	99.7965	1604	1693
20HP1597.fasta	LMG_909.fasta	99.7951	1456	1693
20HP1597.fasta	69-24.fasta	99.7735	1608	1693
20HP1597.fasta	LMG_930.fasta	99.7642	1641	1693
20HP1597.fasta	20HP1613.fasta	99.7582	1644	1693
20HP1597.fasta	LMG_905.fasta	99.7564	1443	1693
20HP1597.fasta	83M.fasta	99.7399	1502	1693
20HP1597.fasta	E3.fasta	99.7373	1600	1693
20HP1597.fasta	85-10.fasta	99.7061	1638	1693
20HP1597.fasta	85-16.fasta	99.7056	1554	1693
20HP1597.fasta	86-2.fasta	99.665	1580	1693
20HP1597.fasta	X82-8P_C3.fasta	99.6467	1640	1693
20HP1597.fasta	X82-8P_C1.fasta	99.6454	1639	1693
20HP1597.fasta	86-22.fasta	99.6444	1583	1693
20HP1597.fasta	X82-8P_C4.fasta	99.6408	1635	1693
20HP1597.fasta	Xv_79.fasta	99.6295	1622	1693
20HP1597.fasta	X82-8P_C5.fasta	99.6273	1643	1693
20HP1597.fasta	Xv_72.fasta	99.6237	1613	1693
20HP1597.fasta	X82-8P_C6.fasta	99.6181	1642	1693
20HP1597.fasta	X82-8P_C2.fasta	99.6055	1629	1693
20HP1597.fasta	LMG_27970.fasta	99.4437	1145	1693
20HP1608-1.fasta	20HP1608-1.fasta	100	1696	1697
20HP1608-1.fasta	20HP1609-2.fasta	99.9995	1695	1697
20HP1608-1.fasta	20HP1608-2.fasta	99.9969	1694	1697
20HP1608-1.fasta	20HP1614.fasta	99.9965	1694	1697
20HP1608-1.fasta	VTM16.fasta	99.9933	1691	1697
20HP1608-1.fasta	20HP1615.fasta	99.9878	1680	1697
20HP1608-1.fasta	VTM10.fasta	99.9852	1652	1697
20HP1608-1.fasta	XCVKK-C-4.fasta	99.9825	1642	1697
20HP1608-1.fasta	VTM15.fasta	99.9812	1653	1697
20HP1608-1.fasta	20HP1597.fasta	99.9811	1685	1697
20HP1608-1.fasta	20HP1594.fasta	99.9808	1646	1697
20HP1608-1.fasta	20HP1591.fasta	99.9802	1666	1697
20HP1608-1.fasta	DOA-2983.fasta	99.9799	1653	1697
20HP1608-1.fasta	DOA-2987.fasta	99.9799	1658	1697
20HP1608-1.fasta	XCVKK-C-5.fasta	99.9788	1645	1697
20HP1608-1.fasta	XCVKK-C-2.fasta	99.9787	1643	1697
20HP1608-1.fasta	62XEKK5.fasta	99.9782	1644	1697
20HP1608-1.fasta	XCVKK-C-3.fasta	99.9779	1645	1697
20HP1608-1.fasta	Xe173.fasta	99.9776	1658	1697
20HP1608-1.fasta	DC99P1A1.fasta	99.9769	1641	1697
20HP1608-1.fasta	DOA-2989.fasta	99.9766	1660	1697
20HP1608-1.fasta	Xcv_DC_97_P1A.fasta	99.9756	1627	1697
20HP1608-1.fasta	Xcv_DC_96-3.fasta	99.9754	1637	1697
20HP1608-1.fasta	XCVCP-C-51.fasta	99.9753	1644	1697
20HP1608-1.fasta	DC99P1B1.fasta	99.9752	1645	1697
20HP1608-1.fasta	X22.fasta	99.9744	1653	1697
20HP1608-1.fasta	Xcv_DC_96-5.fasta	99.9735	1640	1697
20HP1608-1.fasta	XCVKK-C-1.fasta	99.9731	1648	1697
20HP1608-1.fasta	XCVCP-C-43.fasta	99.9726	1643	1697
20HP1608-1.fasta	VTM12.fasta	99.9725	1656	1697
20HP1608-1.fasta	DOA-1721.fasta	99.9712	1653	1697
20HP1608-1.fasta	90-13.fasta	99.9711	1637	1697
20HP1608-1.fasta	X31.fasta	99.9699	1659	1697
20HP1608-1.fasta	VTM4.fasta	99.9697	1658	1697
20HP1608-1.fasta	DOA-1726.fasta	99.969	1662	1697
20HP1608-1.fasta	Tu-10.fasta	99.9687	1652	1697
20HP1608-1.fasta	87-13.fasta	99.9642	1650	1697
20HP1608-1.fasta	DOA-2036.fasta	99.9594	1648	1697
20HP1608-1.fasta	X13.fasta	99.9547	1649	1697
20HP1608-1.fasta	69-1.fasta	99.9504	1601	1697
20HP1608-1.fasta	87-21.fasta	99.9494	1604	1697
20HP1608-1.fasta	89-10.fasta	99.9472	1601	1697
20HP1608-1.fasta	Xv157.fasta	99.9456	1600	1697
20HP1608-1.fasta	87-7.fasta	99.9425	1636	1697
20HP1608-1.fasta	Xcv_DC_98_P2A.fasta	99.9113	1635	1697
20HP1608-1.fasta	Xcv_DC_96-2.fasta	99.9091	1640	1697
20HP1608-1.fasta	Tu-11.fasta	99.9076	1624	1697
20HP1608-1.fasta	Xcv_DC_96-1.fasta	99.9073	1639	1697
20HP1608-1.fasta	Xcv_DC_96-4.fasta	99.9072	1637	1697
20HP1608-1.fasta	Xcv_DC_93-6.fasta	99.9068	1630	1697
20HP1608-1.fasta	Tu-08.fasta	99.9032	1653	1697
20HP1608-1.fasta	71-21.fasta	99.9029	1595	1697
20HP1608-1.fasta	Tu-06.fasta	99.9013	1622	1697
20HP1608-1.fasta	Xcv_Sspep_92.fasta	99.9002	1613	1697
20HP1608-1.fasta	FB570.fasta	99.8996	1622	1697
20HP1608-1.fasta	Xcv_DC_97_P2A.fasta	99.8994	1612	1697
20HP1608-1.fasta	Ps-7.fasta	99.8971	1616	1697
20HP1608-1.fasta	89-16.fasta	99.8936	1644	1697
20HP1608-1.fasta	Ps-1.fasta	99.8901	1587	1697
20HP1608-1.fasta	66b.fasta	99.8723	1523	1697
20HP1608-1.fasta	72-7.fasta	99.8652	1607	1697
20HP1608-1.fasta	ATCC_11633.fasta	99.8605	1600	1697
20HP1608-1.fasta	Xcv_DC_97_P3A.fasta	99.8586	1619	1697
20HP1608-1.fasta	87-47.fasta	99.8471	1636	1697
20HP1608-1.fasta	WHRI_8301.fasta	99.8468	1623	1697
20HP1608-1.fasta	75-3.fasta	99.8465	1577	1697
20HP1608-1.fasta	VTM17.fasta	99.8449	1640	1697
20HP1608-1.fasta	86-46.fasta	99.8343	1591	1697
20HP1608-1.fasta	Tabasco1.fasta	99.8313	1635	1697
20HP1608-1.fasta	80-5.fasta	99.8237	1636	1697
20HP1608-1.fasta	Xcv_DC_93-7.fasta	99.8194	1612	1697
20HP1608-1.fasta	Xcv_DC_93-9.fasta	99.8166	1610	1697
20HP1608-1.fasta	Xcv_DC_93-8.fasta	99.8127	1615	1697
20HP1608-1.fasta	LMG_933.fasta	99.8098	1420	1697
20HP1608-1.fasta	XVP26.fasta	99.8062	1630	1697
20HP1608-1.fasta	70-7.fasta	99.7997	1607	1697
20HP1608-1.fasta	X82-8P.fasta	99.7957	1638	1697
20HP1608-1.fasta	65XENP2.fasta	99.7954	1646	1697
20HP1608-1.fasta	69-24.fasta	99.7938	1613	1697
20HP1608-1.fasta	LMG_667.fasta	99.7899	1496	1697
20HP1608-1.fasta	65XENP3.fasta	99.7842	1645	1697
20HP1608-1.fasta	65XENP1.fasta	99.784	1645	1697
20HP1608-1.fasta	LMG_930.fasta	99.7832	1643	1697
20HP1608-1.fasta	DOA-2990.fasta	99.7809	1646	1697
20HP1608-1.fasta	LMG_905.fasta	99.7778	1454	1697
20HP1608-1.fasta	E3.fasta	99.7584	1605	1697
20HP1608-1.fasta	LMG_909.fasta	99.7485	1479	1697
20HP1608-1.fasta	20HP1613.fasta	99.7378	1654	1697
20HP1608-1.fasta	83M.fasta	99.7374	1505	1697
20HP1608-1.fasta	85-10.fasta	99.7222	1642	1697
20HP1608-1.fasta	85-16.fasta	99.7099	1570	1697
20HP1608-1.fasta	86-2.fasta	99.7081	1581	1697
20HP1608-1.fasta	X82-8P_C5.fasta	99.6956	1642	1697
20HP1608-1.fasta	X82-8P_C3.fasta	99.6941	1644	1697
20HP1608-1.fasta	86-22.fasta	99.6858	1591	1697
20HP1608-1.fasta	X82-8P_C1.fasta	99.6788	1644	1697
20HP1608-1.fasta	X82-8P_C6.fasta	99.6771	1645	1697
20HP1608-1.fasta	X82-8P_C2.fasta	99.6755	1632	1697
20HP1608-1.fasta	X82-8P_C4.fasta	99.6739	1638	1697
20HP1608-1.fasta	Xv_72.fasta	99.6393	1628	1697
20HP1608-1.fasta	Xv_79.fasta	99.6271	1629	1697
20HP1608-1.fasta	LMG_27970.fasta	99.4906	1152	1697
20HP1608-2.fasta	20HP1608-2.fasta	100	1691	1695
20HP1608-2.fasta	20HP1609-2.fasta	99.9993	1692	1695
20HP1608-2.fasta	20HP1614.fasta	99.9986	1690	1695
20HP1608-2.fasta	20HP1608-1.fasta	99.9985	1693	1695
20HP1608-2.fasta	VTM16.fasta	99.9972	1686	1695
20HP1608-2.fasta	DOA-1721.fasta	99.9892	1649	1695
20HP1608-2.fasta	DOA-1726.fasta	99.989	1658	1695
20HP1608-2.fasta	20HP1615.fasta	99.9888	1677	1695
20HP1608-2.fasta	VTM10.fasta	99.9874	1651	1695
20HP1608-2.fasta	20HP1597.fasta	99.987	1681	1695
20HP1608-2.fasta	DOA-2983.fasta	99.9868	1648	1695
20HP1608-2.fasta	DOA-2987.fasta	99.9855	1651	1695
20HP1608-2.fasta	VTM15.fasta	99.9836	1650	1695
20HP1608-2.fasta	DC99P1B1.fasta	99.9833	1638	1695
20HP1608-2.fasta	20HP1594.fasta	99.9833	1643	1695
20HP1608-2.fasta	DOA-2989.fasta	99.9831	1656	1695
20HP1608-2.fasta	20HP1591.fasta	99.9821	1659	1695
20HP1608-2.fasta	Xe173.fasta	99.9819	1655	1695
20HP1608-2.fasta	DC99P1A1.fasta	99.9818	1636	1695
20HP1608-2.fasta	Xcv_DC_97_P1A.fasta	99.9815	1625	1695
20HP1608-2.fasta	XCVKK-C-5.fasta	99.9799	1640	1695
20HP1608-2.fasta	XCVKK-C-3.fasta	99.9798	1639	1695
20HP1608-2.fasta	X22.fasta	99.9789	1647	1695
20HP1608-2.fasta	XCVKK-C-4.fasta	99.9787	1638	1695
20HP1608-2.fasta	DOA-2036.fasta	99.9781	1641	1695
20HP1608-2.fasta	XCVCP-C-51.fasta	99.978	1642	1695
20HP1608-2.fasta	X31.fasta	99.9767	1652	1695
20HP1608-2.fasta	XCVKK-C-2.fasta	99.9755	1638	1695
20HP1608-2.fasta	90-13.fasta	99.9744	1633	1695
20HP1608-2.fasta	Xcv_DC_96-5.fasta	99.9737	1638	1695
20HP1608-2.fasta	Xcv_DC_96-3.fasta	99.9729	1635	1695
20HP1608-2.fasta	62XEKK5.fasta	99.9726	1640	1695
20HP1608-2.fasta	XCVKK-C-1.fasta	99.972	1643	1695
20HP1608-2.fasta	X13.fasta	99.9718	1644	1695
20HP1608-2.fasta	VTM12.fasta	99.97	1653	1695
20HP1608-2.fasta	VTM4.fasta	99.9688	1657	1695
20HP1608-2.fasta	Tu-10.fasta	99.9587	1648	1695
20HP1608-2.fasta	69-1.fasta	99.955	1594	1695
20HP1608-2.fasta	XCVCP-C-43.fasta	99.9544	1641	1695
20HP1608-2.fasta	87-13.fasta	99.9537	1647	1695
20HP1608-2.fasta	87-21.fasta	99.9535	1602	1695
20HP1608-2.fasta	89-10.fasta	99.9519	1600	1695
20HP1608-2.fasta	87-7.fasta	99.9484	1626	1695
20HP1608-2.fasta	Xv157.fasta	99.9432	1602	1695
20HP1608-2.fasta	Xcv_DC_98_P2A.fasta	99.9163	1632	1695
20HP1608-2.fasta	Xcv_DC_96-4.fasta	99.9134	1632	1695
20HP1608-2.fasta	Xcv_DC_96-2.fasta	99.9125	1637	1695
20HP1608-2.fasta	FB570.fasta	99.9108	1616	1695
20HP1608-2.fasta	Xcv_DC_93-6.fasta	99.9107	1630	1695
20HP1608-2.fasta	Tu-08.fasta	99.9036	1653	1695
20HP1608-2.fasta	Ps-7.fasta	99.9017	1615	1695
20HP1608-2.fasta	Xcv_DC_97_P2A.fasta	99.8995	1608	1695
20HP1608-2.fasta	Xcv_Sspep_92.fasta	99.8988	1610	1695
20HP1608-2.fasta	Xcv_DC_96-1.fasta	99.8971	1636	1695
20HP1608-2.fasta	Tu-11.fasta	99.8903	1623	1695
20HP1608-2.fasta	Tu-06.fasta	99.8875	1619	1695
20HP1608-2.fasta	Ps-1.fasta	99.8845	1585	1695
20HP1608-2.fasta	89-16.fasta	99.8843	1639	1695
20HP1608-2.fasta	71-21.fasta	99.8752	1594	1695
20HP1608-2.fasta	66b.fasta	99.8719	1518	1695
20HP1608-2.fasta	72-7.fasta	99.8682	1599	1695
20HP1608-2.fasta	ATCC_11633.fasta	99.8681	1594	1695
20HP1608-2.fasta	87-47.fasta	99.848	1635	1695
20HP1608-2.fasta	Xcv_DC_93-7.fasta	99.8463	1610	1695
20HP1608-2.fasta	Xcv_DC_97_P3A.fasta	99.8432	1619	1695
20HP1608-2.fasta	Xcv_DC_93-9.fasta	99.8427	1608	1695
20HP1608-2.fasta	86-46.fasta	99.8389	1586	1695
20HP1608-2.fasta	80-5.fasta	99.8355	1631	1695
20HP1608-2.fasta	Tabasco1.fasta	99.8296	1628	1695
20HP1608-2.fasta	75-3.fasta	99.8293	1575	1695
20HP1608-2.fasta	Xcv_DC_93-8.fasta	99.8276	1611	1695
20HP1608-2.fasta	WHRI_8301.fasta	99.8246	1622	1695
20HP1608-2.fasta	VTM17.fasta	99.8217	1639	1695
20HP1608-2.fasta	LMG_933.fasta	99.8216	1420	1695
20HP1608-2.fasta	XVP26.fasta	99.8096	1627	1695
20HP1608-2.fasta	DOA-2990.fasta	99.8019	1639	1695
20HP1608-2.fasta	X82-8P.fasta	99.8017	1631	1695
20HP1608-2.fasta	LMG_667.fasta	99.7894	1502	1695
20HP1608-2.fasta	LMG_909.fasta	99.7846	1474	1695
20HP1608-2.fasta	LMG_930.fasta	99.7778	1642	1695
20HP1608-2.fasta	70-7.fasta	99.7762	1605	1695
20HP1608-2.fasta	69-24.fasta	99.7758	1612	1695
20HP1608-2.fasta	E3.fasta	99.774	1603	1695
20HP1608-2.fasta	65XENP2.fasta	99.768	1643	1695
20HP1608-2.fasta	83M.fasta	99.7658	1503	1695
20HP1608-2.fasta	20HP1613.fasta	99.7616	1646	1695
20HP1608-2.fasta	65XENP1.fasta	99.7565	1644	1695
20HP1608-2.fasta	LMG_905.fasta	99.7469	1447	1695
20HP1608-2.fasta	65XENP3.fasta	99.7458	1644	1695
20HP1608-2.fasta	86-2.fasta	99.7349	1576	1695
20HP1608-2.fasta	85-16.fasta	99.7215	1565	1695
20HP1608-2.fasta	X82-8P_C5.fasta	99.7137	1635	1695
20HP1608-2.fasta	X82-8P_C3.fasta	99.7122	1636	1695
20HP1608-2.fasta	86-22.fasta	99.704	1587	1695
20HP1608-2.fasta	85-10.fasta	99.7011	1643	1695
20HP1608-2.fasta	X82-8P_C1.fasta	99.696	1637	1695
20HP1608-2.fasta	X82-8P_C4.fasta	99.6956	1630	1695
20HP1608-2.fasta	X82-8P_C6.fasta	99.6953	1637	1695
20HP1608-2.fasta	X82-8P_C2.fasta	99.6936	1623	1695
20HP1608-2.fasta	Xv_72.fasta	99.6394	1623	1695
20HP1608-2.fasta	Xv_79.fasta	99.6323	1626	1695
20HP1608-2.fasta	LMG_27970.fasta	99.455	1146	1695
20HP1609-2.fasta	20HP1609-2.fasta	100	1696	1696
20HP1609-2.fasta	20HP1608-1.fasta	99.9995	1695	1696
20HP1609-2.fasta	20HP1608-2.fasta	99.9994	1692	1696
20HP1609-2.fasta	20HP1614.fasta	99.9984	1694	1696
20HP1609-2.fasta	VTM16.fasta	99.9929	1690	1696
20HP1609-2.fasta	DOA-1721.fasta	99.9871	1653	1696
20HP1609-2.fasta	20HP1615.fasta	99.9865	1681	1696
20HP1609-2.fasta	VTM10.fasta	99.9848	1649	1696
20HP1609-2.fasta	DOA-1726.fasta	99.9846	1663	1696
20HP1609-2.fasta	20HP1597.fasta	99.9843	1684	1696
20HP1609-2.fasta	20HP1591.fasta	99.9833	1666	1696
20HP1609-2.fasta	XCVKK-C-4.fasta	99.9825	1643	1696
20HP1609-2.fasta	20HP1594.fasta	99.9818	1645	1696
20HP1609-2.fasta	VTM15.fasta	99.9809	1650	1696
20HP1609-2.fasta	DOA-2987.fasta	99.9806	1660	1696
20HP1609-2.fasta	DOA-2983.fasta	99.9796	1654	1696
20HP1609-2.fasta	DOA-2036.fasta	99.979	1645	1696
20HP1609-2.fasta	Xe173.fasta	99.9784	1657	1696
20HP1609-2.fasta	DOA-2989.fasta	99.9775	1662	1696
20HP1609-2.fasta	X22.fasta	99.9773	1650	1696
20HP1609-2.fasta	DC99P1B1.fasta	99.977	1642	1696
20HP1609-2.fasta	XCVKK-C-3.fasta	99.9768	1647	1696
20HP1609-2.fasta	XCVKK-C-2.fasta	99.9764	1645	1696
20HP1609-2.fasta	XCVKK-C-5.fasta	99.976	1647	1696
20HP1609-2.fasta	DC99P1A1.fasta	99.9758	1640	1696
20HP1609-2.fasta	62XEKK5.fasta	99.9754	1647	1696
20HP1609-2.fasta	XCVCP-C-43.fasta	99.9752	1641	1696
20HP1609-2.fasta	XCVKK-C-1.fasta	99.975	1647	1696
20HP1609-2.fasta	XCVCP-C-51.fasta	99.974	1646	1696
20HP1609-2.fasta	Xcv_DC_97_P1A.fasta	99.9728	1628	1696
20HP1609-2.fasta	X31.fasta	99.9721	1656	1696
20HP1609-2.fasta	VTM4.fasta	99.971	1655	1696
20HP1609-2.fasta	Tu-10.fasta	99.9709	1647	1696
20HP1609-2.fasta	VTM12.fasta	99.9699	1657	1696
20HP1609-2.fasta	Xcv_DC_96-3.fasta	99.9695	1638	1696
20HP1609-2.fasta	Xcv_DC_96-5.fasta	99.9684	1641	1696
20HP1609-2.fasta	90-13.fasta	99.9655	1636	1696
20HP1609-2.fasta	87-13.fasta	99.9584	1650	1696
20HP1609-2.fasta	X13.fasta	99.9535	1647	1696
20HP1609-2.fasta	87-21.fasta	99.9518	1605	1696
20HP1609-2.fasta	87-7.fasta	99.9511	1627	1696
20HP1609-2.fasta	Xv157.fasta	99.9458	1603	1696
20HP1609-2.fasta	89-10.fasta	99.945	1606	1696
20HP1609-2.fasta	69-1.fasta	99.9447	1598	1696
20HP1609-2.fasta	Xcv_DC_98_P2A.fasta	99.908	1636	1696
20HP1609-2.fasta	Xcv_DC_96-2.fasta	99.9065	1638	1696
20HP1609-2.fasta	Xcv_DC_96-1.fasta	99.906	1638	1696
20HP1609-2.fasta	Tu-11.fasta	99.9046	1622	1696
20HP1609-2.fasta	71-21.fasta	99.9022	1593	1696
20HP1609-2.fasta	Xcv_DC_93-6.fasta	99.9022	1632	1696
20HP1609-2.fasta	Tu-06.fasta	99.9019	1620	1696
20HP1609-2.fasta	Xcv_DC_96-4.fasta	99.9012	1639	1696
20HP1609-2.fasta	Xcv_DC_97_P2A.fasta	99.9009	1609	1696
20HP1609-2.fasta	Tu-08.fasta	99.9004	1653	1696
20HP1609-2.fasta	FB570.fasta	99.8973	1622	1696
20HP1609-2.fasta	89-16.fasta	99.8964	1637	1696
20HP1609-2.fasta	Xcv_Sspep_92.fasta	99.896	1611	1696
20HP1609-2.fasta	Ps-1.fasta	99.8915	1589	1696
20HP1609-2.fasta	Ps-7.fasta	99.887	1619	1696
20HP1609-2.fasta	72-7.fasta	99.8636	1601	1696
20HP1609-2.fasta	66b.fasta	99.86	1522	1696
20HP1609-2.fasta	Xcv_DC_97_P3A.fasta	99.8564	1618	1696
20HP1609-2.fasta	ATCC_11633.fasta	99.8497	1605	1696
20HP1609-2.fasta	VTM17.fasta	99.8458	1636	1696
20HP1609-2.fasta	75-3.fasta	99.8439	1575	1696
20HP1609-2.fasta	WHRI_8301.fasta	99.8406	1623	1696
20HP1609-2.fasta	86-46.fasta	99.8403	1592	1696
20HP1609-2.fasta	87-47.fasta	99.8403	1641	1696
20HP1609-2.fasta	Tabasco1.fasta	99.828	1636	1696
20HP1609-2.fasta	80-5.fasta	99.8223	1633	1696
20HP1609-2.fasta	Xcv_DC_93-8.fasta	99.8149	1614	1696
20HP1609-2.fasta	Xcv_DC_93-9.fasta	99.8097	1611	1696
20HP1609-2.fasta	LMG_667.fasta	99.809	1489	1696
20HP1609-2.fasta	Xcv_DC_93-7.fasta	99.8084	1613	1696
20HP1609-2.fasta	XVP26.fasta	99.805	1625	1696
20HP1609-2.fasta	LMG_933.fasta	99.8048	1417	1696
20HP1609-2.fasta	65XENP2.fasta	99.7997	1643	1696
20HP1609-2.fasta	70-7.fasta	99.7952	1610	1696
20HP1609-2.fasta	X82-8P.fasta	99.7909	1635	1696
20HP1609-2.fasta	69-24.fasta	99.7888	1609	1696
20HP1609-2.fasta	LMG_905.fasta	99.7884	1447	1696
20HP1609-2.fasta	65XENP1.fasta	99.7883	1642	1696
20HP1609-2.fasta	65XENP3.fasta	99.7862	1644	1696
20HP1609-2.fasta	LMG_930.fasta	99.784	1645	1696
20HP1609-2.fasta	DOA-2990.fasta	99.7816	1644	1696
20HP1609-2.fasta	LMG_909.fasta	99.7578	1474	1696
20HP1609-2.fasta	83M.fasta	99.7569	1502	1696
20HP1609-2.fasta	E3.fasta	99.7508	1612	1696
20HP1609-2.fasta	20HP1613.fasta	99.7351	1653	1696
20HP1609-2.fasta	85-10.fasta	99.7148	1643	1696
20HP1609-2.fasta	85-16.fasta	99.7116	1569	1696
20HP1609-2.fasta	86-2.fasta	99.7079	1582	1696
20HP1609-2.fasta	X82-8P_C5.fasta	99.6863	1645	1696
20HP1609-2.fasta	X82-8P_C3.fasta	99.685	1647	1696
20HP1609-2.fasta	86-22.fasta	99.6805	1588	1696
20HP1609-2.fasta	X82-8P_C6.fasta	99.6759	1644	1696
20HP1609-2.fasta	X82-8P_C1.fasta	99.674	1644	1696
20HP1609-2.fasta	X82-8P_C4.fasta	99.6673	1639	1696
20HP1609-2.fasta	X82-8P_C2.fasta	99.6646	1630	1696
20HP1609-2.fasta	Xv_72.fasta	99.6323	1625	1696
20HP1609-2.fasta	Xv_79.fasta	99.6241	1627	1696
20HP1609-2.fasta	LMG_27970.fasta	99.4552	1148	1696
20HP1613.fasta	20HP1613.fasta	100	1694	1696
20HP1613.fasta	65XENP3.fasta	99.997	1675	1696
20HP1613.fasta	65XENP1.fasta	99.9819	1676	1696
20HP1613.fasta	65XENP2.fasta	99.9818	1677	1696
20HP1613.fasta	VTM17.fasta	99.9791	1663	1696
20HP1613.fasta	DOA-2990.fasta	99.9785	1679	1696
20HP1613.fasta	Tu-11.fasta	99.9753	1645	1696
20HP1613.fasta	Tu-06.fasta	99.9751	1639	1696
20HP1613.fasta	XVP26.fasta	99.952	1626	1696
20HP1613.fasta	Xcv_DC_97_P3A.fasta	99.9499	1640	1696
20HP1613.fasta	Xcv_Sspep_92.fasta	99.9496	1628	1696
20HP1613.fasta	Ps-1.fasta	99.9357	1604	1696
20HP1613.fasta	80-5.fasta	99.912	1655	1696
20HP1613.fasta	Xcv_DC_97_P2A.fasta	99.8971	1623	1696
20HP1613.fasta	71-21.fasta	99.8863	1598	1696
20HP1613.fasta	Xcv_DC_93-7.fasta	99.8766	1625	1696
20HP1613.fasta	Xcv_DC_93-9.fasta	99.8712	1627	1696
20HP1613.fasta	Xcv_DC_93-8.fasta	99.8648	1633	1696
20HP1613.fasta	83M.fasta	99.8616	1525	1696
20HP1613.fasta	87-21.fasta	99.8531	1608	1696
20HP1613.fasta	Xv157.fasta	99.8483	1609	1696
20HP1613.fasta	Tabasco1.fasta	99.8465	1653	1696
20HP1613.fasta	89-10.fasta	99.8411	1612	1696
20HP1613.fasta	89-16.fasta	99.8298	1650	1696
20HP1613.fasta	XCVKK-C-2.fasta	99.8258	1640	1696
20HP1613.fasta	XCVCP-C-43.fasta	99.824	1639	1696
20HP1613.fasta	XCVKK-C-4.fasta	99.8228	1640	1696
20HP1613.fasta	69-1.fasta	99.8192	1608	1696
20HP1613.fasta	Tu-08.fasta	99.8184	1648	1696
20HP1613.fasta	XCVCP-C-51.fasta	99.8179	1631	1696
20HP1613.fasta	72-7.fasta	99.8172	1616	1696
20HP1613.fasta	85-16.fasta	99.8156	1562	1696
20HP1613.fasta	20HP1594.fasta	99.8139	1632	1696
20HP1613.fasta	XCVKK-C-5.fasta	99.8137	1645	1696
20HP1613.fasta	XCVKK-C-3.fasta	99.8132	1644	1696
20HP1613.fasta	62XEKK5.fasta	99.8116	1647	1696
20HP1613.fasta	75-3.fasta	99.8093	1576	1696
20HP1613.fasta	VTM15.fasta	99.809	1641	1696
20HP1613.fasta	VTM10.fasta	99.8084	1642	1696
20HP1613.fasta	Xcv_DC_98_P2A.fasta	99.8083	1643	1696
20HP1613.fasta	Xcv_DC_96-1.fasta	99.8068	1645	1696
20HP1613.fasta	Xcv_DC_96-2.fasta	99.8064	1648	1696
20HP1613.fasta	DOA-1721.fasta	99.8051	1639	1696
20HP1613.fasta	DOA-2036.fasta	99.804	1634	1696
20HP1613.fasta	XCVKK-C-1.fasta	99.803	1637	1696
20HP1613.fasta	20HP1591.fasta	99.8025	1642	1696
20HP1613.fasta	Tu-10.fasta	99.8013	1641	1696
20HP1613.fasta	DOA-2983.fasta	99.8002	1642	1696
20HP1613.fasta	Xcv_DC_96-4.fasta	99.7999	1644	1696
20HP1613.fasta	X22.fasta	99.7996	1644	1696
20HP1613.fasta	85-10.fasta	99.797	1646	1696
20HP1613.fasta	X31.fasta	99.795	1645	1696
20HP1613.fasta	WHRI_8301.fasta	99.7949	1642	1696
20HP1613.fasta	FB570.fasta	99.7942	1627	1696
20HP1613.fasta	Xe173.fasta	99.7929	1656	1696
20HP1613.fasta	Xcv_DC_96-5.fasta	99.7926	1628	1696
20HP1613.fasta	LMG_667.fasta	99.7922	1507	1696
20HP1613.fasta	LMG_905.fasta	99.7893	1460	1696
20HP1613.fasta	Xcv_DC_93-6.fasta	99.7878	1642	1696
20HP1613.fasta	20HP1597.fasta	99.7878	1641	1696
20HP1613.fasta	87-47.fasta	99.787	1625	1696
20HP1613.fasta	ATCC_11633.fasta	99.785	1613	1696
20HP1613.fasta	20HP1615.fasta	99.7847	1639	1696
20HP1613.fasta	20HP1608-1.fasta	99.7828	1643	1696
20HP1613.fasta	86-22.fasta	99.7807	1584	1696
20HP1613.fasta	86-46.fasta	99.7774	1592	1696
20HP1613.fasta	20HP1609-2.fasta	99.7763	1641	1696
20HP1613.fasta	X13.fasta	99.7761	1640	1696
20HP1613.fasta	DOA-2989.fasta	99.7747	1646	1696
20HP1613.fasta	Ps-7.fasta	99.7738	1626	1696
20HP1613.fasta	DOA-1726.fasta	99.7729	1642	1696
20HP1613.fasta	LMG_933.fasta	99.7729	1431	1696
20HP1613.fasta	20HP1608-2.fasta	99.7719	1643	1696
20HP1613.fasta	LMG_909.fasta	99.7714	1482	1696
20HP1613.fasta	Xcv_DC_96-3.fasta	99.7708	1628	1696
20HP1613.fasta	VTM12.fasta	99.7702	1648	1696
20HP1613.fasta	86-2.fasta	99.7698	1579	1696
20HP1613.fasta	Xv_79.fasta	99.7687	1618	1696
20HP1613.fasta	87-13.fasta	99.7676	1634	1696
20HP1613.fasta	Xcv_DC_97_P1A.fasta	99.7665	1618	1696
20HP1613.fasta	DOA-2987.fasta	99.7626	1644	1696
20HP1613.fasta	X82-8P.fasta	99.7608	1644	1696
20HP1613.fasta	87-7.fasta	99.7588	1617	1696
20HP1613.fasta	20HP1614.fasta	99.7577	1645	1696
20HP1613.fasta	Xv_72.fasta	99.7575	1620	1696
20HP1613.fasta	VTM16.fasta	99.7565	1649	1696
20HP1613.fasta	DC99P1B1.fasta	99.7548	1628	1696
20HP1613.fasta	VTM4.fasta	99.751	1648	1696
20HP1613.fasta	DC99P1A1.fasta	99.7494	1626	1696
20HP1613.fasta	X82-8P_C1.fasta	99.7397	1645	1696
20HP1613.fasta	X82-8P_C2.fasta	99.7346	1631	1696
20HP1613.fasta	90-13.fasta	99.7333	1634	1696
20HP1613.fasta	X82-8P_C5.fasta	99.7301	1644	1696
20HP1613.fasta	X82-8P_C6.fasta	99.7276	1647	1696
20HP1613.fasta	70-7.fasta	99.7238	1617	1696
20HP1613.fasta	X82-8P_C3.fasta	99.7232	1649	1696
20HP1613.fasta	X82-8P_C4.fasta	99.723	1642	1696
20HP1613.fasta	69-24.fasta	99.7174	1623	1696
20HP1613.fasta	E3.fasta	99.7046	1615	1696
20HP1613.fasta	66b.fasta	99.6868	1521	1696
20HP1613.fasta	LMG_930.fasta	99.6743	1666	1696
20HP1613.fasta	LMG_27970.fasta	99.4566	1152	1696
20HP1614.fasta	20HP1614.fasta	100	1693	1696
20HP1614.fasta	20HP1609-2.fasta	99.9983	1694	1696
20HP1614.fasta	20HP1608-1.fasta	99.998	1693	1696
20HP1614.fasta	20HP1608-2.fasta	99.9972	1690	1696
20HP1614.fasta	VTM16.fasta	99.9937	1689	1696
20HP1614.fasta	20HP1597.fasta	99.9917	1680	1696
20HP1614.fasta	VTM10.fasta	99.9886	1651	1696
20HP1614.fasta	20HP1615.fasta	99.9867	1680	1696
20HP1614.fasta	20HP1591.fasta	99.9856	1664	1696
20HP1614.fasta	VTM15.fasta	99.9845	1650	1696
20HP1614.fasta	DC99P1B1.fasta	99.9838	1639	1696
20HP1614.fasta	DOA-2989.fasta	99.9832	1659	1696
20HP1614.fasta	DOA-2987.fasta	99.9831	1655	1696
20HP1614.fasta	XCVCP-C-43.fasta	99.9826	1640	1696
20HP1614.fasta	DC99P1A1.fasta	99.9804	1639	1696
20HP1614.fasta	Xcv_DC_97_P1A.fasta	99.978	1626	1696
20HP1614.fasta	X22.fasta	99.9777	1649	1696
20HP1614.fasta	DOA-1721.fasta	99.9758	1651	1696
20HP1614.fasta	X31.fasta	99.9756	1654	1696
20HP1614.fasta	Xcv_DC_96-3.fasta	99.9747	1636	1696
20HP1614.fasta	90-13.fasta	99.9738	1634	1696
20HP1614.fasta	DOA-1726.fasta	99.9733	1661	1696
20HP1614.fasta	VTM4.fasta	99.9723	1657	1696
20HP1614.fasta	Xcv_DC_96-5.fasta	99.9713	1642	1696
20HP1614.fasta	20HP1594.fasta	99.9695	1644	1696
20HP1614.fasta	DOA-2983.fasta	99.9681	1651	1696
20HP1614.fasta	DOA-2036.fasta	99.9674	1646	1696
20HP1614.fasta	XCVKK-C-4.fasta	99.9673	1643	1696
20HP1614.fasta	XCVKK-C-5.fasta	99.967	1642	1696
20HP1614.fasta	XCVKK-C-2.fasta	99.9668	1641	1696
20HP1614.fasta	62XEKK5.fasta	99.9662	1642	1696
20HP1614.fasta	XCVCP-C-51.fasta	99.9657	1646	1696
20HP1614.fasta	XCVKK-C-1.fasta	99.9654	1644	1696
20HP1614.fasta	XCVKK-C-3.fasta	99.964	1643	1696
20HP1614.fasta	VTM12.fasta	99.9595	1656	1696
20HP1614.fasta	Xe173.fasta	99.9595	1658	1696
20HP1614.fasta	Tu-10.fasta	99.9595	1649	1696
20HP1614.fasta	87-21.fasta	99.9579	1601	1696
20HP1614.fasta	87-7.fasta	99.9529	1629	1696
20HP1614.fasta	X13.fasta	99.9527	1648	1696
20HP1614.fasta	89-10.fasta	99.9499	1600	1696
20HP1614.fasta	Xv157.fasta	99.9454	1601	1696
20HP1614.fasta	69-1.fasta	99.9374	1597	1696
20HP1614.fasta	87-13.fasta	99.9348	1649	1696
20HP1614.fasta	Xcv_DC_98_P2A.fasta	99.9135	1636	1696
20HP1614.fasta	Xcv_DC_97_P2A.fasta	99.913	1608	1696
20HP1614.fasta	Xcv_DC_96-2.fasta	99.9108	1640	1696
20HP1614.fasta	Xcv_DC_96-4.fasta	99.9099	1636	1696
20HP1614.fasta	FB570.fasta	99.9077	1617	1696
20HP1614.fasta	Xcv_DC_93-6.fasta	99.9066	1634	1696
20HP1614.fasta	Ps-7.fasta	99.9011	1612	1696
20HP1614.fasta	Xcv_Sspep_92.fasta	99.8982	1609	1696
20HP1614.fasta	Xcv_DC_96-1.fasta	99.8972	1640	1696
20HP1614.fasta	Tu-08.fasta	99.8942	1657	1696
20HP1614.fasta	Ps-1.fasta	99.8899	1584	1696
20HP1614.fasta	Tu-11.fasta	99.8806	1627	1696
20HP1614.fasta	Tu-06.fasta	99.8804	1621	1696
20HP1614.fasta	71-21.fasta	99.8737	1594	1696
20HP1614.fasta	66b.fasta	99.8682	1527	1696
20HP1614.fasta	75-3.fasta	99.8664	1569	1696
20HP1614.fasta	72-7.fasta	99.8619	1599	1696
20HP1614.fasta	ATCC_11633.fasta	99.8604	1599	1696
20HP1614.fasta	89-16.fasta	99.8589	1642	1696
20HP1614.fasta	87-47.fasta	99.8524	1635	1696
20HP1614.fasta	86-46.fasta	99.8494	1589	1696
20HP1614.fasta	Xcv_DC_97_P3A.fasta	99.8451	1618	1696
20HP1614.fasta	WHRI_8301.fasta	99.8422	1623	1696
20HP1614.fasta	XVP26.fasta	99.8368	1624	1696
20HP1614.fasta	Xcv_DC_93-7.fasta	99.8211	1612	1696
20HP1614.fasta	80-5.fasta	99.8188	1633	1696
20HP1614.fasta	Xcv_DC_93-9.fasta	99.8181	1612	1696
20HP1614.fasta	VTM17.fasta	99.8161	1641	1696
20HP1614.fasta	LMG_933.fasta	99.8146	1418	1696
20HP1614.fasta	Tabasco1.fasta	99.8124	1633	1696
20HP1614.fasta	Xcv_DC_93-8.fasta	99.8001	1614	1696
20HP1614.fasta	X82-8P.fasta	99.7977	1632	1696
20HP1614.fasta	DOA-2990.fasta	99.7965	1644	1696
20HP1614.fasta	LMG_909.fasta	99.7898	1470	1696
20HP1614.fasta	70-7.fasta	99.7864	1608	1696
20HP1614.fasta	65XENP2.fasta	99.7781	1645	1696
20HP1614.fasta	69-24.fasta	99.7723	1608	1696
20HP1614.fasta	83M.fasta	99.7719	1500	1696
20HP1614.fasta	65XENP1.fasta	99.7717	1645	1696
20HP1614.fasta	LMG_667.fasta	99.7695	1502	1696
20HP1614.fasta	LMG_905.fasta	99.7619	1445	1696
20HP1614.fasta	E3.fasta	99.7603	1603	1696
20HP1614.fasta	65XENP3.fasta	99.7557	1647	1696
20HP1614.fasta	LMG_930.fasta	99.7557	1645	1696
20HP1614.fasta	20HP1613.fasta	99.7213	1654	1696
20HP1614.fasta	X82-8P_C3.fasta	99.7035	1640	1696
20HP1614.fasta	X82-8P_C5.fasta	99.7031	1640	1696
20HP1614.fasta	85-16.fasta	99.6968	1567	1696
20HP1614.fasta	85-10.fasta	99.6945	1643	1696
20HP1614.fasta	X82-8P_C1.fasta	99.6921	1641	1696
20HP1614.fasta	X82-8P_C6.fasta	99.691	1642	1696
20HP1614.fasta	X82-8P_C2.fasta	99.688	1625	1696
20HP1614.fasta	X82-8P_C4.fasta	99.6879	1636	1696
20HP1614.fasta	86-2.fasta	99.6601	1579	1696
20HP1614.fasta	86-22.fasta	99.6531	1592	1696
20HP1614.fasta	Xv_72.fasta	99.6037	1629	1696
20HP1614.fasta	Xv_79.fasta	99.5995	1628	1696
20HP1614.fasta	LMG_27970.fasta	99.4544	1147	1696
20HP1615.fasta	20HP1615.fasta	100	1683	1691
20HP1615.fasta	20HP1597.fasta	99.9994	1688	1691
20HP1615.fasta	20HP1591.fasta	99.997	1660	1691
20HP1615.fasta	VTM16.fasta	99.9949	1677	1691
20HP1615.fasta	20HP1614.fasta	99.9948	1677	1691
20HP1615.fasta	20HP1609-2.fasta	99.9946	1680	1691
20HP1615.fasta	20HP1608-1.fasta	99.9943	1680	1691
20HP1615.fasta	VTM10.fasta	99.9938	1646	1691
20HP1615.fasta	DOA-2983.fasta	99.9924	1646	1691
20HP1615.fasta	VTM15.fasta	99.9922	1644	1691
20HP1615.fasta	X22.fasta	99.9917	1641	1691
20HP1615.fasta	DOA-1721.fasta	99.9916	1646	1691
20HP1615.fasta	Tu-10.fasta	99.9912	1638	1691
20HP1615.fasta	20HP1594.fasta	99.9902	1634	1691
20HP1615.fasta	X31.fasta	99.9901	1646	1691
20HP1615.fasta	DOA-1726.fasta	99.9897	1657	1691
20HP1615.fasta	Xe173.fasta	99.9881	1650	1691
20HP1615.fasta	20HP1608-2.fasta	99.9847	1677	1691
20HP1615.fasta	90-13.fasta	99.9842	1623	1691
20HP1615.fasta	XCVKK-C-2.fasta	99.9835	1634	1691
20HP1615.fasta	DOA-2989.fasta	99.9833	1655	1691
20HP1615.fasta	62XEKK5.fasta	99.9829	1636	1691
20HP1615.fasta	XCVKK-C-4.fasta	99.9822	1636	1691
20HP1615.fasta	DC99P1B1.fasta	99.9821	1635	1691
20HP1615.fasta	Xcv_DC_96-5.fasta	99.9816	1632	1691
20HP1615.fasta	XCVKK-C-5.fasta	99.9808	1639	1691
20HP1615.fasta	DOA-2987.fasta	99.9805	1652	1691
20HP1615.fasta	XCVKK-C-3.fasta	99.9799	1640	1691
20HP1615.fasta	Xcv_DC_96-3.fasta	99.9798	1631	1691
20HP1615.fasta	DOA-2036.fasta	99.9791	1639	1691
20HP1615.fasta	DC99P1A1.fasta	99.9791	1634	1691
20HP1615.fasta	Xcv_DC_97_P1A.fasta	99.9789	1624	1691
20HP1615.fasta	XCVKK-C-1.fasta	99.9787	1637	1691
20HP1615.fasta	XCVCP-C-51.fasta	99.9771	1640	1691
20HP1615.fasta	87-13.fasta	99.976	1631	1691
20HP1615.fasta	VTM4.fasta	99.9756	1650	1691
20HP1615.fasta	XCVCP-C-43.fasta	99.975	1637	1691
20HP1615.fasta	VTM12.fasta	99.9746	1647	1691
20HP1615.fasta	87-7.fasta	99.9674	1617	1691
20HP1615.fasta	87-21.fasta	99.9638	1594	1691
20HP1615.fasta	X13.fasta	99.9631	1637	1691
20HP1615.fasta	89-10.fasta	99.9594	1592	1691
20HP1615.fasta	Xv157.fasta	99.9538	1596	1691
20HP1615.fasta	69-1.fasta	99.9499	1591	1691
20HP1615.fasta	Tu-06.fasta	99.9241	1611	1691
20HP1615.fasta	Tu-11.fasta	99.9226	1615	1691
20HP1615.fasta	Xcv_DC_96-1.fasta	99.9194	1630	1691
20HP1615.fasta	Xcv_DC_96-2.fasta	99.9172	1630	1691
20HP1615.fasta	Tu-08.fasta	99.9161	1647	1691
20HP1615.fasta	Xcv_DC_98_P2A.fasta	99.9152	1631	1691
20HP1615.fasta	Xcv_DC_96-4.fasta	99.9149	1627	1691
20HP1615.fasta	71-21.fasta	99.9147	1584	1691
20HP1615.fasta	FB570.fasta	99.9142	1611	1691
20HP1615.fasta	89-16.fasta	99.9138	1625	1691
20HP1615.fasta	Xcv_DC_97_P2A.fasta	99.9082	1605	1691
20HP1615.fasta	Xcv_DC_93-6.fasta	99.9078	1624	1691
20HP1615.fasta	Ps-7.fasta	99.9066	1606	1691
20HP1615.fasta	Xcv_Sspep_92.fasta	99.9008	1603	1691
20HP1615.fasta	Ps-1.fasta	99.8922	1582	1691
20HP1615.fasta	66b.fasta	99.8918	1511	1691
20HP1615.fasta	75-3.fasta	99.8676	1564	1691
20HP1615.fasta	VTM17.fasta	99.8638	1628	1691
20HP1615.fasta	WHRI_8301.fasta	99.8637	1612	1691
20HP1615.fasta	Xcv_DC_97_P3A.fasta	99.8605	1615	1691
20HP1615.fasta	87-47.fasta	99.8579	1629	1691
20HP1615.fasta	72-7.fasta	99.8521	1598	1691
20HP1615.fasta	Tabasco1.fasta	99.8477	1621	1691
20HP1615.fasta	ATCC_11633.fasta	99.8473	1596	1691
20HP1615.fasta	80-5.fasta	99.8433	1621	1691
20HP1615.fasta	86-46.fasta	99.8413	1584	1691
20HP1615.fasta	Xcv_DC_93-7.fasta	99.8322	1605	1691
20HP1615.fasta	LMG_933.fasta	99.831	1413	1691
20HP1615.fasta	Xcv_DC_93-8.fasta	99.8287	1607	1691
20HP1615.fasta	Xcv_DC_93-9.fasta	99.8279	1603	1691
20HP1615.fasta	65XENP1.fasta	99.8192	1633	1691
20HP1615.fasta	DOA-2990.fasta	99.8169	1634	1691
20HP1615.fasta	XVP26.fasta	99.8163	1617	1691
20HP1615.fasta	X82-8P.fasta	99.8144	1625	1691
20HP1615.fasta	65XENP3.fasta	99.8109	1632	1691
20HP1615.fasta	65XENP2.fasta	99.8068	1633	1691
20HP1615.fasta	LMG_667.fasta	99.8024	1487	1691
20HP1615.fasta	70-7.fasta	99.7942	1601	1691
20HP1615.fasta	LMG_909.fasta	99.7915	1457	1691
20HP1615.fasta	LMG_905.fasta	99.7857	1431	1691
20HP1615.fasta	20HP1613.fasta	99.7778	1641	1691
20HP1615.fasta	LMG_930.fasta	99.7687	1636	1691
20HP1615.fasta	83M.fasta	99.7668	1488	1691
20HP1615.fasta	69-24.fasta	99.7664	1610	1691
20HP1615.fasta	E3.fasta	99.7393	1599	1691
20HP1615.fasta	85-10.fasta	99.7098	1637	1691
20HP1615.fasta	85-16.fasta	99.7057	1564	1691
20HP1615.fasta	86-2.fasta	99.682	1576	1691
20HP1615.fasta	X82-8P_C3.fasta	99.6447	1638	1691
20HP1615.fasta	X82-8P_C4.fasta	99.6428	1631	1691
20HP1615.fasta	X82-8P_C1.fasta	99.6412	1642	1691
20HP1615.fasta	86-22.fasta	99.6394	1591	1691
20HP1615.fasta	Xv_72.fasta	99.6319	1620	1691
20HP1615.fasta	X82-8P_C5.fasta	99.6275	1642	1691
20HP1615.fasta	X82-8P_C6.fasta	99.6189	1639	1691
20HP1615.fasta	Xv_79.fasta	99.618	1625	1691
20HP1615.fasta	X82-8P_C2.fasta	99.6107	1627	1691
20HP1615.fasta	LMG_27970.fasta	99.5195	1136	1691
62XEKK5.fasta	62XEKK5.fasta	100	1673	1677
62XEKK5.fasta	XCVKK-C-5.fasta	99.9995	1671	1677
62XEKK5.fasta	XCVKK-C-3.fasta	99.9995	1670	1677
62XEKK5.fasta	XCVKK-C-2.fasta	99.9994	1668	1677
62XEKK5.fasta	XCVKK-C-4.fasta	99.9993	1669	1677
62XEKK5.fasta	XCVCP-C-51.fasta	99.9989	1657	1677
62XEKK5.fasta	XCVKK-C-1.fasta	99.9989	1657	1677
62XEKK5.fasta	XCVCP-C-43.fasta	99.9987	1664	1677
62XEKK5.fasta	DOA-2036.fasta	99.9933	1653	1677
62XEKK5.fasta	VTM12.fasta	99.9915	1656	1677
62XEKK5.fasta	X31.fasta	99.9876	1649	1677
62XEKK5.fasta	20HP1597.fasta	99.9857	1643	1677
62XEKK5.fasta	20HP1615.fasta	99.9845	1640	1677
62XEKK5.fasta	DOA-1721.fasta	99.9841	1650	1677
62XEKK5.fasta	Tu-10.fasta	99.984	1644	1677
62XEKK5.fasta	VTM10.fasta	99.9817	1653	1677
62XEKK5.fasta	DOA-1726.fasta	99.9806	1649	1677
62XEKK5.fasta	VTM15.fasta	99.9803	1655	1677
62XEKK5.fasta	Xcv_DC_96-3.fasta	99.9781	1630	1677
62XEKK5.fasta	20HP1594.fasta	99.977	1642	1677
62XEKK5.fasta	Xcv_DC_96-5.fasta	99.9767	1635	1677
62XEKK5.fasta	VTM4.fasta	99.975	1654	1677
62XEKK5.fasta	87-13.fasta	99.9744	1627	1677
62XEKK5.fasta	Xe173.fasta	99.973	1658	1677
62XEKK5.fasta	X22.fasta	99.9716	1647	1677
62XEKK5.fasta	20HP1614.fasta	99.9678	1643	1677
62XEKK5.fasta	DOA-2987.fasta	99.9669	1643	1677
62XEKK5.fasta	DOA-2983.fasta	99.9657	1648	1677
62XEKK5.fasta	20HP1608-2.fasta	99.9655	1643	1677
62XEKK5.fasta	20HP1608-1.fasta	99.9652	1648	1677
62XEKK5.fasta	20HP1609-2.fasta	99.965	1648	1677
62XEKK5.fasta	VTM16.fasta	99.963	1653	1677
62XEKK5.fasta	DOA-2989.fasta	99.961	1648	1677
62XEKK5.fasta	DC99P1B1.fasta	99.96	1630	1677
62XEKK5.fasta	20HP1591.fasta	99.9569	1649	1677
62XEKK5.fasta	87-7.fasta	99.9563	1619	1677
62XEKK5.fasta	DC99P1A1.fasta	99.9562	1628	1677
62XEKK5.fasta	Xcv_DC_97_P1A.fasta	99.9476	1624	1677
62XEKK5.fasta	Xv157.fasta	99.9463	1605	1677
62XEKK5.fasta	89-10.fasta	99.945	1605	1677
62XEKK5.fasta	X13.fasta	99.9423	1641	1677
62XEKK5.fasta	90-13.fasta	99.9365	1627	1677
62XEKK5.fasta	87-21.fasta	99.9239	1594	1677
62XEKK5.fasta	Xcv_DC_97_P2A.fasta	99.9156	1603	1677
62XEKK5.fasta	XVP26.fasta	99.9118	1617	1677
62XEKK5.fasta	89-16.fasta	99.9089	1632	1677
62XEKK5.fasta	Tu-08.fasta	99.9069	1641	1677
62XEKK5.fasta	Ps-1.fasta	99.9039	1580	1677
62XEKK5.fasta	Tu-11.fasta	99.9031	1618	1677
62XEKK5.fasta	Tu-06.fasta	99.9029	1616	1677
62XEKK5.fasta	69-1.fasta	99.9006	1593	1677
62XEKK5.fasta	Xcv_Sspep_92.fasta	99.8966	1606	1677
62XEKK5.fasta	Xcv_DC_96-2.fasta	99.8965	1631	1677
62XEKK5.fasta	Xcv_DC_93-6.fasta	99.8876	1623	1677
62XEKK5.fasta	66b.fasta	99.8856	1508	1677
62XEKK5.fasta	FB570.fasta	99.8835	1614	1677
62XEKK5.fasta	71-21.fasta	99.8835	1590	1677
62XEKK5.fasta	Xcv_DC_96-1.fasta	99.8794	1631	1677
62XEKK5.fasta	87-47.fasta	99.8772	1614	1677
62XEKK5.fasta	Xcv_DC_98_P2A.fasta	99.8765	1631	1677
62XEKK5.fasta	Ps-7.fasta	99.8764	1611	1677
62XEKK5.fasta	Xcv_DC_96-4.fasta	99.8706	1632	1677
62XEKK5.fasta	72-7.fasta	99.863	1592	1677
62XEKK5.fasta	Xcv_DC_93-9.fasta	99.8553	1610	1677
62XEKK5.fasta	Xcv_DC_93-8.fasta	99.8496	1617	1677
62XEKK5.fasta	86-46.fasta	99.8452	1572	1677
62XEKK5.fasta	65XENP2.fasta	99.8451	1630	1677
62XEKK5.fasta	Xcv_DC_93-7.fasta	99.8437	1612	1677
62XEKK5.fasta	Xcv_DC_97_P3A.fasta	99.8371	1614	1677
62XEKK5.fasta	ATCC_11633.fasta	99.8336	1589	1677
62XEKK5.fasta	65XENP1.fasta	99.8304	1633	1677
62XEKK5.fasta	65XENP3.fasta	99.8304	1631	1677
62XEKK5.fasta	VTM17.fasta	99.8245	1633	1677
62XEKK5.fasta	DOA-2990.fasta	99.8215	1632	1677
62XEKK5.fasta	20HP1613.fasta	99.8175	1649	1677
62XEKK5.fasta	75-3.fasta	99.8161	1568	1677
62XEKK5.fasta	WHRI_8301.fasta	99.813	1616	1677
62XEKK5.fasta	85-16.fasta	99.8112	1552	1677
62XEKK5.fasta	LMG_667.fasta	99.8061	1484	1677
62XEKK5.fasta	Tabasco1.fasta	99.8056	1621	1677
62XEKK5.fasta	85-10.fasta	99.803	1627	1677
62XEKK5.fasta	86-2.fasta	99.7988	1562	1677
62XEKK5.fasta	86-22.fasta	99.7958	1569	1677
62XEKK5.fasta	80-5.fasta	99.7939	1620	1677
62XEKK5.fasta	LMG_933.fasta	99.7852	1420	1677
62XEKK5.fasta	70-7.fasta	99.7829	1596	1677
62XEKK5.fasta	69-24.fasta	99.7796	1603	1677
62XEKK5.fasta	X82-8P.fasta	99.774	1628	1677
62XEKK5.fasta	X82-8P_C4.fasta	99.7684	1619	1677
62XEKK5.fasta	LMG_909.fasta	99.7663	1469	1677
62XEKK5.fasta	X82-8P_C5.fasta	99.7653	1625	1677
62XEKK5.fasta	LMG_930.fasta	99.7651	1638	1677
62XEKK5.fasta	X82-8P_C6.fasta	99.7633	1627	1677
62XEKK5.fasta	X82-8P_C1.fasta	99.7616	1626	1677
62XEKK5.fasta	X82-8P_C3.fasta	99.7597	1629	1677
62XEKK5.fasta	E3.fasta	99.7539	1592	1677
62XEKK5.fasta	LMG_905.fasta	99.752	1444	1677
62XEKK5.fasta	X82-8P_C2.fasta	99.7467	1614	1677
62XEKK5.fasta	83M.fasta	99.7452	1500	1677
62XEKK5.fasta	Xv_72.fasta	99.7429	1605	1677
62XEKK5.fasta	Xv_79.fasta	99.7316	1612	1677
62XEKK5.fasta	LMG_27970.fasta	99.44	1144	1677
65XENP1.fasta	65XENP1.fasta	100	1677	1681
65XENP1.fasta	65XENP2.fasta	99.9996	1678	1681
65XENP1.fasta	65XENP3.fasta	99.9995	1679	1681
65XENP1.fasta	20HP1613.fasta	99.9938	1675	1681
65XENP1.fasta	DOA-2990.fasta	99.99	1675	1681
65XENP1.fasta	VTM17.fasta	99.984	1662	1681
65XENP1.fasta	Tu-06.fasta	99.9761	1641	1681
65XENP1.fasta	Tu-11.fasta	99.9741	1647	1681
65XENP1.fasta	Xcv_DC_97_P3A.fasta	99.9612	1643	1681
65XENP1.fasta	XVP26.fasta	99.9559	1625	1681
65XENP1.fasta	Xcv_Sspep_92.fasta	99.9522	1632	1681
65XENP1.fasta	80-5.fasta	99.943	1654	1681
65XENP1.fasta	Ps-1.fasta	99.9415	1611	1681
65XENP1.fasta	71-21.fasta	99.8948	1605	1681
65XENP1.fasta	Tabasco1.fasta	99.8862	1649	1681
65XENP1.fasta	Xcv_DC_93-9.fasta	99.8842	1619	1681
65XENP1.fasta	Xcv_DC_93-7.fasta	99.8781	1619	1681
65XENP1.fasta	Xcv_DC_93-8.fasta	99.8733	1624	1681
65XENP1.fasta	Xcv_DC_97_P2A.fasta	99.8582	1630	1681
65XENP1.fasta	83M.fasta	99.857	1524	1681
65XENP1.fasta	87-21.fasta	99.8411	1613	1681
65XENP1.fasta	89-16.fasta	99.8359	1636	1681
65XENP1.fasta	89-10.fasta	99.8296	1605	1681
65XENP1.fasta	Xv157.fasta	99.828	1607	1681
65XENP1.fasta	69-1.fasta	99.8239	1608	1681
65XENP1.fasta	Xcv_DC_98_P2A.fasta	99.8222	1637	1681
65XENP1.fasta	Xcv_DC_96-1.fasta	99.819	1638	1681
65XENP1.fasta	Xcv_DC_96-2.fasta	99.8188	1640	1681
65XENP1.fasta	85-10.fasta	99.8175	1645	1681
65XENP1.fasta	20HP1594.fasta	99.817	1630	1681
65XENP1.fasta	WHRI_8301.fasta	99.8161	1637	1681
65XENP1.fasta	75-3.fasta	99.8155	1577	1681
65XENP1.fasta	85-16.fasta	99.8138	1561	1681
65XENP1.fasta	72-7.fasta	99.8077	1612	1681
65XENP1.fasta	LMG_905.fasta	99.8065	1460	1681
65XENP1.fasta	FB570.fasta	99.8052	1620	1681
65XENP1.fasta	LMG_909.fasta	99.8042	1481	1681
65XENP1.fasta	XCVKK-C-1.fasta	99.8037	1626	1681
65XENP1.fasta	DOA-2036.fasta	99.8036	1626	1681
65XENP1.fasta	XCVCP-C-51.fasta	99.8025	1628	1681
65XENP1.fasta	Xcv_DC_93-6.fasta	99.8002	1635	1681
65XENP1.fasta	86-22.fasta	99.7998	1584	1681
65XENP1.fasta	XCVCP-C-43.fasta	99.7993	1627	1681
65XENP1.fasta	86-2.fasta	99.799	1577	1681
65XENP1.fasta	Xcv_DC_96-4.fasta	99.7989	1638	1681
65XENP1.fasta	DOA-1721.fasta	99.7954	1634	1681
65XENP1.fasta	87-47.fasta	99.7948	1621	1681
65XENP1.fasta	20HP1597.fasta	99.7936	1635	1681
65XENP1.fasta	X31.fasta	99.7928	1642	1681
65XENP1.fasta	20HP1615.fasta	99.7916	1633	1681
65XENP1.fasta	XCVKK-C-2.fasta	99.7901	1627	1681
65XENP1.fasta	XCVKK-C-4.fasta	99.7893	1629	1681
65XENP1.fasta	X13.fasta	99.788	1635	1681
65XENP1.fasta	62XEKK5.fasta	99.7875	1634	1681
65XENP1.fasta	Tu-08.fasta	99.7875	1652	1681
65XENP1.fasta	LMG_933.fasta	99.7874	1428	1681
65XENP1.fasta	Ps-7.fasta	99.7872	1619	1681
65XENP1.fasta	XCVKK-C-5.fasta	99.7852	1631	1681
65XENP1.fasta	XCVKK-C-3.fasta	99.785	1632	1681
65XENP1.fasta	X82-8P.fasta	99.7842	1640	1681
65XENP1.fasta	DOA-1726.fasta	99.7813	1641	1681
65XENP1.fasta	X22.fasta	99.7801	1640	1681
65XENP1.fasta	LMG_667.fasta	99.7799	1508	1681
65XENP1.fasta	Xv_79.fasta	99.7791	1619	1681
65XENP1.fasta	DOA-2983.fasta	99.7779	1637	1681
65XENP1.fasta	ATCC_11633.fasta	99.7759	1613	1681
65XENP1.fasta	Xe173.fasta	99.7756	1656	1681
65XENP1.fasta	20HP1608-1.fasta	99.7726	1642	1681
65XENP1.fasta	Tu-10.fasta	99.7723	1638	1681
65XENP1.fasta	70-7.fasta	99.7722	1617	1681
65XENP1.fasta	Xcv_DC_96-5.fasta	99.772	1632	1681
65XENP1.fasta	VTM16.fasta	99.7717	1647	1681
65XENP1.fasta	DOA-2987.fasta	99.7712	1636	1681
65XENP1.fasta	86-46.fasta	99.77	1598	1681
65XENP1.fasta	20HP1591.fasta	99.77	1642	1681
65XENP1.fasta	20HP1614.fasta	99.7694	1639	1681
65XENP1.fasta	VTM10.fasta	99.7685	1641	1681
65XENP1.fasta	20HP1609-2.fasta	99.7668	1642	1681
65XENP1.fasta	Xcv_DC_96-3.fasta	99.7645	1627	1681
65XENP1.fasta	Xcv_DC_97_P1A.fasta	99.7643	1620	1681
65XENP1.fasta	20HP1608-2.fasta	99.764	1641	1681
65XENP1.fasta	VTM15.fasta	99.7631	1638	1681
65XENP1.fasta	DOA-2989.fasta	99.7618	1640	1681
65XENP1.fasta	90-13.fasta	99.7581	1622	1681
65XENP1.fasta	X82-8P_C1.fasta	99.758	1643	1681
65XENP1.fasta	69-24.fasta	99.7571	1621	1681
65XENP1.fasta	X82-8P_C6.fasta	99.755	1644	1681
65XENP1.fasta	X82-8P_C3.fasta	99.7524	1647	1681
65XENP1.fasta	Xv_72.fasta	99.7521	1622	1681
65XENP1.fasta	X82-8P_C4.fasta	99.7516	1638	1681
65XENP1.fasta	87-13.fasta	99.7511	1630	1681
65XENP1.fasta	87-7.fasta	99.7483	1618	1681
65XENP1.fasta	X82-8P_C5.fasta	99.7464	1645	1681
65XENP1.fasta	DC99P1B1.fasta	99.7462	1627	1681
65XENP1.fasta	VTM12.fasta	99.7458	1646	1681
65XENP1.fasta	X82-8P_C2.fasta	99.7432	1629	1681
65XENP1.fasta	LMG_930.fasta	99.7325	1660	1681
65XENP1.fasta	VTM4.fasta	99.7283	1645	1681
65XENP1.fasta	DC99P1A1.fasta	99.7261	1629	1681
65XENP1.fasta	E3.fasta	99.7259	1617	1681
65XENP1.fasta	66b.fasta	99.6897	1513	1681
65XENP1.fasta	LMG_27970.fasta	99.422	1154	1681
65XENP2.fasta	65XENP2.fasta	100	1678	1681
65XENP2.fasta	65XENP1.fasta	99.9996	1678	1681
65XENP2.fasta	65XENP3.fasta	99.9995	1679	1681
65XENP2.fasta	20HP1613.fasta	99.9939	1675	1681
65XENP2.fasta	DOA-2990.fasta	99.9893	1675	1681
65XENP2.fasta	VTM17.fasta	99.9819	1663	1681
65XENP2.fasta	Tu-06.fasta	99.9753	1642	1681
65XENP2.fasta	Tu-11.fasta	99.9743	1648	1681
65XENP2.fasta	Xcv_DC_97_P3A.fasta	99.962	1640	1681
65XENP2.fasta	Xcv_Sspep_92.fasta	99.9553	1631	1681
65XENP2.fasta	XVP26.fasta	99.9539	1626	1681
65XENP2.fasta	Ps-1.fasta	99.9427	1609	1681
65XENP2.fasta	80-5.fasta	99.9379	1656	1681
65XENP2.fasta	Xcv_DC_97_P2A.fasta	99.8946	1624	1681
65XENP2.fasta	71-21.fasta	99.8894	1605	1681
65XENP2.fasta	Xcv_DC_93-9.fasta	99.8773	1618	1681
65XENP2.fasta	Xcv_DC_93-7.fasta	99.8758	1618	1681
65XENP2.fasta	Tabasco1.fasta	99.8735	1649	1681
65XENP2.fasta	83M.fasta	99.8725	1525	1681
65XENP2.fasta	Xcv_DC_93-8.fasta	99.8694	1624	1681
65XENP2.fasta	89-16.fasta	99.8438	1638	1681
65XENP2.fasta	89-10.fasta	99.8434	1605	1681
65XENP2.fasta	Xv157.fasta	99.8417	1605	1681
65XENP2.fasta	Xcv_DC_98_P2A.fasta	99.8357	1637	1681
65XENP2.fasta	87-21.fasta	99.8352	1614	1681
65XENP2.fasta	Xcv_DC_96-1.fasta	99.8303	1638	1681
65XENP2.fasta	Xcv_DC_96-2.fasta	99.8269	1640	1681
65XENP2.fasta	20HP1594.fasta	99.8221	1632	1681
65XENP2.fasta	69-1.fasta	99.8209	1611	1681
65XENP2.fasta	Xcv_DC_93-6.fasta	99.8202	1631	1681
65XENP2.fasta	FB570.fasta	99.818	1619	1681
65XENP2.fasta	87-47.fasta	99.8157	1617	1681
65XENP2.fasta	LMG_909.fasta	99.815	1473	1681
65XENP2.fasta	85-10.fasta	99.811	1644	1681
65XENP2.fasta	Xcv_DC_96-4.fasta	99.8105	1638	1681
65XENP2.fasta	DOA-1721.fasta	99.8095	1634	1681
65XENP2.fasta	XCVCP-C-51.fasta	99.8083	1633	1681
65XENP2.fasta	85-16.fasta	99.8066	1565	1681
65XENP2.fasta	Xe173.fasta	99.8062	1654	1681
65XENP2.fasta	X13.fasta	99.8059	1633	1681
65XENP2.fasta	72-7.fasta	99.8055	1615	1681
65XENP2.fasta	Tu-08.fasta	99.8028	1654	1681
65XENP2.fasta	86-22.fasta	99.8025	1584	1681
65XENP2.fasta	86-2.fasta	99.8	1575	1681
65XENP2.fasta	Ps-7.fasta	99.8	1617	1681
65XENP2.fasta	X82-8P.fasta	99.7995	1638	1681
65XENP2.fasta	WHRI_8301.fasta	99.7994	1638	1681
65XENP2.fasta	LMG_905.fasta	99.7992	1458	1681
65XENP2.fasta	XCVKK-C-5.fasta	99.799	1630	1681
65XENP2.fasta	75-3.fasta	99.7987	1578	1681
65XENP2.fasta	62XEKK5.fasta	99.7977	1633	1681
65XENP2.fasta	XCVKK-C-4.fasta	99.7971	1631	1681
65XENP2.fasta	XCVKK-C-1.fasta	99.7947	1631	1681
65XENP2.fasta	DOA-2983.fasta	99.794	1639	1681
65XENP2.fasta	DOA-2036.fasta	99.7921	1632	1681
65XENP2.fasta	LMG_667.fasta	99.7919	1505	1681
65XENP2.fasta	XCVCP-C-43.fasta	99.7917	1628	1681
65XENP2.fasta	Xv_79.fasta	99.7905	1618	1681
65XENP2.fasta	X31.fasta	99.7887	1643	1681
65XENP2.fasta	X22.fasta	99.788	1643	1681
65XENP2.fasta	20HP1597.fasta	99.7866	1636	1681
65XENP2.fasta	Tu-10.fasta	99.7843	1639	1681
65XENP2.fasta	XCVKK-C-3.fasta	99.7833	1632	1681
65XENP2.fasta	20HP1615.fasta	99.7825	1634	1681
65XENP2.fasta	Xcv_DC_96-3.fasta	99.7813	1625	1681
65XENP2.fasta	XCVKK-C-2.fasta	99.7812	1629	1681
65XENP2.fasta	Xcv_DC_96-5.fasta	99.7805	1631	1681
65XENP2.fasta	Xcv_DC_97_P1A.fasta	99.7803	1616	1681
65XENP2.fasta	VTM10.fasta	99.7797	1641	1681
65XENP2.fasta	DOA-1726.fasta	99.7776	1644	1681
65XENP2.fasta	LMG_933.fasta	99.7746	1432	1681
65XENP2.fasta	X82-8P_C1.fasta	99.774	1642	1681
65XENP2.fasta	VTM15.fasta	99.774	1640	1681
65XENP2.fasta	X82-8P_C5.fasta	99.7732	1640	1681
65XENP2.fasta	X82-8P_C6.fasta	99.7732	1641	1681
65XENP2.fasta	X82-8P_C4.fasta	99.7723	1634	1681
65XENP2.fasta	ATCC_11633.fasta	99.7722	1613	1681
65XENP2.fasta	X82-8P_C3.fasta	99.771	1642	1681
65XENP2.fasta	90-13.fasta	99.7691	1624	1681
65XENP2.fasta	20HP1608-1.fasta	99.7689	1644	1681
65XENP2.fasta	DOA-2987.fasta	99.7682	1639	1681
65XENP2.fasta	86-46.fasta	99.7664	1602	1681
65XENP2.fasta	20HP1609-2.fasta	99.7646	1645	1681
65XENP2.fasta	20HP1614.fasta	99.7646	1641	1681
65XENP2.fasta	X82-8P_C2.fasta	99.763	1625	1681
65XENP2.fasta	VTM16.fasta	99.7622	1652	1681
65XENP2.fasta	87-13.fasta	99.7615	1629	1681
65XENP2.fasta	DOA-2989.fasta	99.7589	1643	1681
65XENP2.fasta	Xv_72.fasta	99.7583	1623	1681
65XENP2.fasta	20HP1608-2.fasta	99.758	1640	1681
65XENP2.fasta	20HP1591.fasta	99.7576	1645	1681
65XENP2.fasta	70-7.fasta	99.7574	1620	1681
65XENP2.fasta	69-24.fasta	99.7565	1621	1681
65XENP2.fasta	DC99P1A1.fasta	99.7499	1625	1681
65XENP2.fasta	DC99P1B1.fasta	99.7465	1626	1681
65XENP2.fasta	87-7.fasta	99.7446	1622	1681
65XENP2.fasta	VTM12.fasta	99.7438	1650	1681
65XENP2.fasta	VTM4.fasta	99.7351	1649	1681
65XENP2.fasta	LMG_930.fasta	99.7282	1660	1681
65XENP2.fasta	E3.fasta	99.725	1613	1681
65XENP2.fasta	66b.fasta	99.7018	1510	1681
65XENP2.fasta	LMG_27970.fasta	99.4159	1148	1681
65XENP3.fasta	65XENP3.fasta	100	1678	1681
65XENP3.fasta	65XENP2.fasta	99.9995	1678	1681
65XENP3.fasta	65XENP1.fasta	99.9995	1678	1681
65XENP3.fasta	20HP1613.fasta	99.9972	1675	1681
65XENP3.fasta	DOA-2990.fasta	99.9893	1675	1681
65XENP3.fasta	VTM17.fasta	99.9769	1665	1681
65XENP3.fasta	Tu-06.fasta	99.9762	1641	1681
65XENP3.fasta	Tu-11.fasta	99.9749	1647	1681
65XENP3.fasta	Xcv_DC_97_P3A.fasta	99.9645	1639	1681
65XENP3.fasta	XVP26.fasta	99.9564	1626	1681
65XENP3.fasta	Xcv_Sspep_92.fasta	99.9533	1630	1681
65XENP3.fasta	Ps-1.fasta	99.949	1606	1681
65XENP3.fasta	80-5.fasta	99.9381	1656	1681
65XENP3.fasta	71-21.fasta	99.9013	1602	1681
65XENP3.fasta	Tabasco1.fasta	99.8938	1649	1681
65XENP3.fasta	Xcv_DC_93-7.fasta	99.8844	1616	1681
65XENP3.fasta	Xcv_DC_93-8.fasta	99.8842	1621	1681
65XENP3.fasta	Xcv_DC_93-9.fasta	99.8835	1617	1681
65XENP3.fasta	83M.fasta	99.8636	1526	1681
65XENP3.fasta	Xcv_DC_97_P2A.fasta	99.8528	1627	1681
65XENP3.fasta	89-16.fasta	99.8467	1637	1681
65XENP3.fasta	89-10.fasta	99.8377	1603	1681
65XENP3.fasta	Xv157.fasta	99.8373	1603	1681
65XENP3.fasta	87-21.fasta	99.836	1614	1681
65XENP3.fasta	Xcv_DC_96-1.fasta	99.8273	1639	1681
65XENP3.fasta	69-1.fasta	99.8257	1609	1681
65XENP3.fasta	Xcv_DC_96-2.fasta	99.8244	1641	1681
65XENP3.fasta	Xcv_DC_98_P2A.fasta	99.8241	1639	1681
65XENP3.fasta	20HP1594.fasta	99.8223	1632	1681
65XENP3.fasta	LMG_909.fasta	99.8186	1475	1681
65XENP3.fasta	Xcv_DC_93-6.fasta	99.8186	1635	1681
65XENP3.fasta	72-7.fasta	99.8147	1616	1681
65XENP3.fasta	FB570.fasta	99.8138	1622	1681
65XENP3.fasta	Xcv_DC_96-4.fasta	99.8131	1639	1681
65XENP3.fasta	85-16.fasta	99.812	1560	1681
65XENP3.fasta	85-10.fasta	99.8085	1645	1681
65XENP3.fasta	75-3.fasta	99.8063	1577	1681
65XENP3.fasta	87-47.fasta	99.8059	1621	1681
65XENP3.fasta	DOA-1721.fasta	99.8051	1639	1681
65XENP3.fasta	XCVCP-C-43.fasta	99.8032	1628	1681
65XENP3.fasta	XCVKK-C-4.fasta	99.8027	1630	1681
65XENP3.fasta	Ps-7.fasta	99.8005	1619	1681
65XENP3.fasta	XCVCP-C-51.fasta	99.8	1633	1681
65XENP3.fasta	XCVKK-C-5.fasta	99.7989	1633	1681
65XENP3.fasta	X13.fasta	99.7976	1634	1681
65XENP3.fasta	Tu-08.fasta	99.7971	1654	1681
65XENP3.fasta	LMG_667.fasta	99.797	1505	1681
65XENP3.fasta	62XEKK5.fasta	99.7946	1636	1681
65XENP3.fasta	X22.fasta	99.7919	1646	1681
65XENP3.fasta	X31.fasta	99.7908	1645	1681
65XENP3.fasta	VTM15.fasta	99.7905	1639	1681
65XENP3.fasta	XCVKK-C-2.fasta	99.7891	1631	1681
65XENP3.fasta	WHRI_8301.fasta	99.7889	1640	1681
65XENP3.fasta	VTM10.fasta	99.7887	1640	1681
65XENP3.fasta	86-2.fasta	99.7885	1576	1681
65XENP3.fasta	86-22.fasta	99.7873	1585	1681
65XENP3.fasta	Tu-10.fasta	99.7865	1639	1681
65XENP3.fasta	ATCC_11633.fasta	99.7862	1614	1681
65XENP3.fasta	LMG_905.fasta	99.7843	1459	1681
65XENP3.fasta	20HP1597.fasta	99.7843	1641	1681
65XENP3.fasta	20HP1615.fasta	99.7831	1640	1681
65XENP3.fasta	XCVKK-C-3.fasta	99.7831	1634	1681
65XENP3.fasta	X82-8P.fasta	99.7827	1640	1681
65XENP3.fasta	70-7.fasta	99.7823	1616	1681
65XENP3.fasta	DOA-2036.fasta	99.7817	1633	1681
65XENP3.fasta	DOA-2983.fasta	99.7814	1640	1681
65XENP3.fasta	86-46.fasta	99.7812	1594	1681
65XENP3.fasta	XCVKK-C-1.fasta	99.7805	1634	1681
65XENP3.fasta	DOA-1726.fasta	99.7776	1647	1681
65XENP3.fasta	Xcv_DC_96-5.fasta	99.7772	1632	1681
65XENP3.fasta	Xe173.fasta	99.7754	1655	1681
65XENP3.fasta	Xcv_DC_96-3.fasta	99.7747	1626	1681
65XENP3.fasta	VTM16.fasta	99.7716	1651	1681
65XENP3.fasta	LMG_933.fasta	99.7702	1432	1681
65XENP3.fasta	20HP1608-1.fasta	99.7683	1646	1681
65XENP3.fasta	Xcv_DC_97_P1A.fasta	99.7661	1619	1681
65XENP3.fasta	DOA-2987.fasta	99.765	1641	1681
65XENP3.fasta	20HP1609-2.fasta	99.7632	1645	1681
65XENP3.fasta	20HP1614.fasta	99.7615	1646	1681
65XENP3.fasta	DOA-2989.fasta	99.7605	1647	1681
65XENP3.fasta	Xv_79.fasta	99.7598	1622	1681
65XENP3.fasta	X82-8P_C1.fasta	99.7591	1643	1681
65XENP3.fasta	X82-8P_C5.fasta	99.7585	1640	1681
65XENP3.fasta	20HP1608-2.fasta	99.756	1645	1681
65XENP3.fasta	X82-8P_C6.fasta	99.7552	1644	1681
65XENP3.fasta	X82-8P_C3.fasta	99.7551	1645	1681
65XENP3.fasta	90-13.fasta	99.7549	1628	1681
65XENP3.fasta	20HP1591.fasta	99.7532	1647	1681
65XENP3.fasta	X82-8P_C4.fasta	99.7527	1637	1681
65XENP3.fasta	Xv_72.fasta	99.7526	1624	1681
65XENP3.fasta	87-13.fasta	99.7523	1633	1681
65XENP3.fasta	69-24.fasta	99.751	1623	1681
65XENP3.fasta	X82-8P_C2.fasta	99.7507	1628	1681
65XENP3.fasta	DC99P1B1.fasta	99.7452	1626	1681
65XENP3.fasta	87-7.fasta	99.7438	1618	1681
65XENP3.fasta	VTM12.fasta	99.7436	1648	1681
65XENP3.fasta	DC99P1A1.fasta	99.7262	1627	1681
65XENP3.fasta	E3.fasta	99.7262	1615	1681
65XENP3.fasta	VTM4.fasta	99.726	1647	1681
65XENP3.fasta	LMG_930.fasta	99.7198	1660	1681
65XENP3.fasta	66b.fasta	99.6708	1511	1681
65XENP3.fasta	LMG_27970.fasta	99.4186	1154	1681
66b.fasta	66b.fasta	100	1587	1600
66b.fasta	Xe173.fasta	99.9915	1589	1600
66b.fasta	X22.fasta	99.9837	1531	1600
66b.fasta	DOA-1726.fasta	99.9822	1520	1600
66b.fasta	XCVKK-C-4.fasta	99.9802	1515	1600
66b.fasta	DOA-1721.fasta	99.9801	1526	1600
66b.fasta	X13.fasta	99.9782	1572	1600
66b.fasta	87-13.fasta	99.9774	1577	1600
66b.fasta	X31.fasta	99.9772	1534	1600
66b.fasta	XCVKK-C-2.fasta	99.9752	1516	1600
66b.fasta	VTM10.fasta	99.9752	1535	1600
66b.fasta	62XEKK5.fasta	99.9744	1523	1600
66b.fasta	VTM16.fasta	99.9742	1543	1600
66b.fasta	20HP1615.fasta	99.9739	1515	1600
66b.fasta	Xcv_DC_97_P1A.fasta	99.9738	1555	1600
66b.fasta	DOA-2983.fasta	99.9735	1522	1600
66b.fasta	XCVKK-C-3.fasta	99.9728	1518	1600
66b.fasta	DC99P1B1.fasta	99.9725	1558	1600
66b.fasta	Xcv_DC_96-3.fasta	99.9725	1517	1600
66b.fasta	Tu-10.fasta	99.971	1536	1600
66b.fasta	DC99P1A1.fasta	99.9702	1555	1600
66b.fasta	20HP1594.fasta	99.9699	1518	1600
66b.fasta	XCVCP-C-43.fasta	99.9698	1516	1600
66b.fasta	DOA-2989.fasta	99.9694	1520	1600
66b.fasta	Xcv_DC_96-5.fasta	99.9693	1522	1600
66b.fasta	20HP1597.fasta	99.9692	1518	1600
66b.fasta	DOA-2987.fasta	99.966	1522	1600
66b.fasta	XCVCP-C-51.fasta	99.9659	1518	1600
66b.fasta	VTM15.fasta	99.9654	1537	1600
66b.fasta	XCVKK-C-5.fasta	99.964	1518	1600
66b.fasta	90-13.fasta	99.9632	1566	1600
66b.fasta	20HP1608-2.fasta	99.9631	1525	1600
66b.fasta	20HP1614.fasta	99.9629	1525	1600
66b.fasta	20HP1591.fasta	99.9612	1525	1600
66b.fasta	20HP1608-1.fasta	99.9608	1528	1600
66b.fasta	20HP1609-2.fasta	99.9599	1532	1600
66b.fasta	VTM4.fasta	99.956	1532	1600
66b.fasta	VTM12.fasta	99.9551	1535	1600
66b.fasta	DOA-2036.fasta	99.9544	1514	1600
66b.fasta	XCVKK-C-1.fasta	99.9539	1521	1600
66b.fasta	Xcv_DC_96-2.fasta	99.9178	1512	1600
66b.fasta	87-21.fasta	99.8804	1487	1600
66b.fasta	Xcv_Sspep_92.fasta	99.8782	1548	1600
66b.fasta	Ps-1.fasta	99.8769	1528	1600
66b.fasta	Tu-06.fasta	99.8691	1518	1600
66b.fasta	87-7.fasta	99.8684	1559	1600
66b.fasta	Xcv_DC_97_P2A.fasta	99.8635	1503	1600
66b.fasta	Tu-08.fasta	99.8627	1541	1600
66b.fasta	XVP26.fasta	99.8596	1520	1600
66b.fasta	71-21.fasta	99.8577	1483	1600
66b.fasta	Tu-11.fasta	99.8513	1524	1600
66b.fasta	VTM17.fasta	99.8442	1529	1600
66b.fasta	Xv157.fasta	99.8355	1525	1600
66b.fasta	89-10.fasta	99.8296	1533	1600
66b.fasta	85-16.fasta	99.8255	1492	1600
66b.fasta	89-16.fasta	99.8243	1565	1600
66b.fasta	ATCC_11633.fasta	99.8118	1489	1600
66b.fasta	WHRI_8301.fasta	99.811	1558	1600
66b.fasta	Xcv_DC_97_P3A.fasta	99.8087	1513	1600
66b.fasta	Xcv_DC_96-1.fasta	99.8084	1544	1600
66b.fasta	Xcv_DC_98_P2A.fasta	99.8068	1545	1600
66b.fasta	65XENP1.fasta	99.8042	1520	1600
66b.fasta	Xcv_DC_93-6.fasta	99.8033	1539	1600
66b.fasta	72-7.fasta	99.8009	1505	1600
66b.fasta	65XENP2.fasta	99.8004	1520	1600
66b.fasta	Xcv_DC_96-4.fasta	99.799	1546	1600
66b.fasta	DOA-2990.fasta	99.7946	1521	1600
66b.fasta	75-3.fasta	99.791	1504	1600
66b.fasta	86-46.fasta	99.791	1475	1600
66b.fasta	X82-8P.fasta	99.7906	1516	1600
66b.fasta	FB570.fasta	99.7877	1536	1600
66b.fasta	20HP1613.fasta	99.7859	1526	1600
66b.fasta	87-47.fasta	99.7856	1529	1600
66b.fasta	65XENP3.fasta	99.785	1523	1600
66b.fasta	Ps-7.fasta	99.7832	1525	1600
66b.fasta	Xv_72.fasta	99.7813	1540	1600
66b.fasta	X82-8P_C1.fasta	99.7782	1513	1600
66b.fasta	X82-8P_C6.fasta	99.7741	1518	1600
66b.fasta	86-2.fasta	99.7739	1499	1600
66b.fasta	X82-8P_C3.fasta	99.7735	1515	1600
66b.fasta	X82-8P_C5.fasta	99.7689	1511	1600
66b.fasta	X82-8P_C4.fasta	99.7681	1511	1600
66b.fasta	Tabasco1.fasta	99.767	1529	1600
66b.fasta	85-10.fasta	99.7664	1573	1600
66b.fasta	X82-8P_C2.fasta	99.7653	1503	1600
66b.fasta	Xv_79.fasta	99.765	1540	1600
66b.fasta	LMG_930.fasta	99.7648	1579	1600
66b.fasta	86-22.fasta	99.7576	1516	1600
66b.fasta	69-24.fasta	99.7564	1515	1600
66b.fasta	LMG_909.fasta	99.7509	1395	1600
66b.fasta	70-7.fasta	99.7497	1512	1600
66b.fasta	69-1.fasta	99.7443	1525	1600
66b.fasta	LMG_933.fasta	99.7442	1341	1600
66b.fasta	E3.fasta	99.7349	1488	1600
66b.fasta	LMG_667.fasta	99.7252	1451	1600
66b.fasta	83M.fasta	99.7079	1439	1600
66b.fasta	Xcv_DC_93-8.fasta	99.667	1508	1600
66b.fasta	Xcv_DC_93-9.fasta	99.6629	1505	1600
66b.fasta	Xcv_DC_93-7.fasta	99.6585	1507	1600
66b.fasta	80-5.fasta	99.6311	1558	1600
66b.fasta	LMG_905.fasta	99.5341	1389	1600
66b.fasta	LMG_27970.fasta	99.3975	1094	1600
69-1.fasta	69-1.fasta	100	1665	1669
69-1.fasta	Tu-10.fasta	99.9748	1599	1669
69-1.fasta	X22.fasta	99.9732	1588	1669
69-1.fasta	Xcv_DC_96-5.fasta	99.9611	1582	1669
69-1.fasta	Xcv_DC_96-3.fasta	99.9589	1582	1669
69-1.fasta	X31.fasta	99.958	1594	1669
69-1.fasta	20HP1608-1.fasta	99.9576	1594	1669
69-1.fasta	20HP1614.fasta	99.9562	1594	1669
69-1.fasta	20HP1609-2.fasta	99.9559	1597	1669
69-1.fasta	Xcv_DC_96-2.fasta	99.9558	1592	1669
69-1.fasta	DOA-1726.fasta	99.9545	1602	1669
69-1.fasta	20HP1608-2.fasta	99.9535	1595	1669
69-1.fasta	VTM16.fasta	99.9513	1614	1669
69-1.fasta	87-21.fasta	99.9494	1584	1669
69-1.fasta	20HP1615.fasta	99.9451	1587	1669
69-1.fasta	DOA-2987.fasta	99.944	1599	1669
69-1.fasta	20HP1597.fasta	99.9434	1596	1669
69-1.fasta	VTM12.fasta	99.9374	1608	1669
69-1.fasta	DOA-2983.fasta	99.9372	1590	1669
69-1.fasta	XCVKK-C-4.fasta	99.9349	1589	1669
69-1.fasta	XCVKK-C-5.fasta	99.934	1589	1669
69-1.fasta	XCVKK-C-3.fasta	99.9332	1588	1669
69-1.fasta	20HP1591.fasta	99.9325	1597	1669
69-1.fasta	DOA-2989.fasta	99.9322	1595	1669
69-1.fasta	XCVKK-C-1.fasta	99.9314	1591	1669
69-1.fasta	62XEKK5.fasta	99.9307	1587	1669
69-1.fasta	XCVKK-C-2.fasta	99.9276	1586	1669
69-1.fasta	XCVCP-C-43.fasta	99.9275	1585	1669
69-1.fasta	DOA-2036.fasta	99.9274	1588	1669
69-1.fasta	VTM4.fasta	99.9266	1607	1669
69-1.fasta	XCVCP-C-51.fasta	99.9257	1590	1669
69-1.fasta	Tabasco1.fasta	99.9247	1617	1669
69-1.fasta	Tu-11.fasta	99.9244	1605	1669
69-1.fasta	Tu-06.fasta	99.9235	1603	1669
69-1.fasta	DOA-1721.fasta	99.922	1593	1669
69-1.fasta	VTM10.fasta	99.9216	1604	1669
69-1.fasta	20HP1594.fasta	99.92	1594	1669
69-1.fasta	XVP26.fasta	99.9185	1603	1669
69-1.fasta	71-21.fasta	99.917	1565	1669
69-1.fasta	80-5.fasta	99.9167	1656	1669
69-1.fasta	VTM15.fasta	99.9152	1602	1669
69-1.fasta	69-24.fasta	99.9008	1585	1669
69-1.fasta	72-7.fasta	99.9003	1598	1669
69-1.fasta	Tu-08.fasta	99.9002	1602	1669
69-1.fasta	Xcv_DC_97_P3A.fasta	99.8986	1591	1669
69-1.fasta	Xcv_DC_97_P2A.fasta	99.8979	1579	1669
69-1.fasta	X82-8P_C2.fasta	99.8919	1586	1669
69-1.fasta	X82-8P.fasta	99.8903	1598	1669
69-1.fasta	VTM17.fasta	99.8899	1610	1669
69-1.fasta	70-7.fasta	99.8899	1591	1669
69-1.fasta	X82-8P_C4.fasta	99.8855	1594	1669
69-1.fasta	X82-8P_C1.fasta	99.8845	1601	1669
69-1.fasta	X82-8P_C3.fasta	99.8831	1602	1669
69-1.fasta	ATCC_11633.fasta	99.8828	1575	1669
69-1.fasta	X82-8P_C6.fasta	99.8817	1602	1669
69-1.fasta	X82-8P_C5.fasta	99.88	1604	1669
69-1.fasta	E3.fasta	99.8775	1569	1669
69-1.fasta	86-46.fasta	99.8726	1560	1669
69-1.fasta	DOA-2990.fasta	99.864	1604	1669
69-1.fasta	65XENP2.fasta	99.8575	1604	1669
69-1.fasta	65XENP3.fasta	99.8566	1604	1669
69-1.fasta	65XENP1.fasta	99.8552	1606	1669
69-1.fasta	20HP1613.fasta	99.8438	1608	1669
69-1.fasta	LMG_909.fasta	99.8322	1461	1669
69-1.fasta	83M.fasta	99.8263	1484	1669
69-1.fasta	90-13.fasta	99.8167	1626	1669
69-1.fasta	LMG_933.fasta	99.803	1407	1669
69-1.fasta	87-13.fasta	99.8005	1638	1669
69-1.fasta	87-7.fasta	99.7883	1627	1669
69-1.fasta	Xcv_DC_96-1.fasta	99.7863	1618	1669
69-1.fasta	89-16.fasta	99.7845	1639	1669
69-1.fasta	Xcv_DC_93-6.fasta	99.7825	1616	1669
69-1.fasta	Xe173.fasta	99.7816	1644	1669
69-1.fasta	X13.fasta	99.7789	1619	1669
69-1.fasta	Xcv_DC_98_P2A.fasta	99.7767	1621	1669
69-1.fasta	Xv157.fasta	99.7709	1594	1669
69-1.fasta	Xcv_DC_96-4.fasta	99.7695	1619	1669
69-1.fasta	89-10.fasta	99.7685	1592	1669
69-1.fasta	Ps-7.fasta	99.7668	1599	1669
69-1.fasta	FB570.fasta	99.7667	1614	1669
69-1.fasta	Xcv_DC_97_P1A.fasta	99.7601	1602	1669
69-1.fasta	87-47.fasta	99.7547	1607	1669
69-1.fasta	DC99P1A1.fasta	99.749	1617	1669
69-1.fasta	DC99P1B1.fasta	99.7425	1624	1669
69-1.fasta	Ps-1.fasta	99.7399	1591	1669
69-1.fasta	Xcv_Sspep_92.fasta	99.7317	1618	1669
69-1.fasta	WHRI_8301.fasta	99.7305	1629	1669
69-1.fasta	LMG_930.fasta	99.7179	1642	1669
69-1.fasta	66b.fasta	99.7014	1501	1669
69-1.fasta	Xv_79.fasta	99.6977	1605	1669
69-1.fasta	Xv_72.fasta	99.6962	1607	1669
69-1.fasta	75-3.fasta	99.6934	1577	1669
69-1.fasta	85-10.fasta	99.6882	1640	1669
69-1.fasta	LMG_667.fasta	99.6646	1500	1669
69-1.fasta	86-22.fasta	99.6646	1578	1669
69-1.fasta	86-2.fasta	99.6628	1564	1669
69-1.fasta	85-16.fasta	99.6611	1562	1669
69-1.fasta	Xcv_DC_93-7.fasta	99.5541	1601	1669
69-1.fasta	Xcv_DC_93-8.fasta	99.5539	1608	1669
69-1.fasta	Xcv_DC_93-9.fasta	99.5506	1602	1669
69-1.fasta	LMG_905.fasta	99.4813	1453	1669
69-1.fasta	LMG_27970.fasta	99.4696	1145	1669
69-24.fasta	69-24.fasta	100	1685	1691
69-24.fasta	72-7.fasta	99.9804	1624	1691
69-24.fasta	70-7.fasta	99.9758	1633	1691
69-24.fasta	X82-8P_C6.fasta	99.9754	1648	1691
69-24.fasta	X82-8P_C1.fasta	99.9752	1648	1691
69-24.fasta	X82-8P_C4.fasta	99.9751	1640	1691
69-24.fasta	X82-8P_C3.fasta	99.9743	1651	1691
69-24.fasta	X82-8P_C5.fasta	99.97	1650	1691
69-24.fasta	X82-8P_C2.fasta	99.9678	1638	1691
69-24.fasta	X82-8P.fasta	99.9641	1631	1691
69-24.fasta	E3.fasta	99.958	1635	1691
69-24.fasta	ATCC_11633.fasta	99.9538	1612	1691
69-24.fasta	LMG_930.fasta	99.9522	1681	1691
69-24.fasta	86-46.fasta	99.9452	1608	1691
69-24.fasta	WHRI_8301.fasta	99.9448	1636	1691
69-24.fasta	XVP26.fasta	99.9448	1602	1691
69-24.fasta	75-3.fasta	99.9337	1574	1691
69-24.fasta	85-16.fasta	99.9263	1550	1691
69-24.fasta	85-10.fasta	99.924	1633	1691
69-24.fasta	Tu-11.fasta	99.9089	1608	1691
69-24.fasta	Tu-06.fasta	99.9081	1604	1691
69-24.fasta	86-2.fasta	99.9073	1562	1691
69-24.fasta	87-21.fasta	99.901	1576	1691
69-24.fasta	86-22.fasta	99.8988	1567	1691
69-24.fasta	Xv_72.fasta	99.8969	1615	1691
69-24.fasta	69-1.fasta	99.8853	1583	1691
69-24.fasta	Xv_79.fasta	99.8815	1613	1691
69-24.fasta	Xcv_Sspep_92.fasta	99.879	1590	1691
69-24.fasta	Ps-1.fasta	99.8766	1564	1691
69-24.fasta	Tabasco1.fasta	99.8523	1633	1691
69-24.fasta	87-13.fasta	99.8132	1613	1691
69-24.fasta	Xcv_DC_97_P2A.fasta	99.8107	1584	1691
69-24.fasta	Xcv_DC_93-7.fasta	99.8082	1581	1691
69-24.fasta	Tu-08.fasta	99.8071	1615	1691
69-24.fasta	90-13.fasta	99.8023	1622	1691
69-24.fasta	89-16.fasta	99.7976	1628	1691
69-24.fasta	89-10.fasta	99.7928	1577	1691
69-24.fasta	VTM12.fasta	99.792	1616	1691
69-24.fasta	DOA-2983.fasta	99.7912	1598	1691
69-24.fasta	VTM16.fasta	99.7903	1621	1691
69-24.fasta	Xv157.fasta	99.7898	1578	1691
69-24.fasta	Xe173.fasta	99.7896	1628	1691
69-24.fasta	80-5.fasta	99.7894	1631	1691
69-24.fasta	DOA-1726.fasta	99.7882	1606	1691
69-24.fasta	X31.fasta	99.7879	1601	1691
69-24.fasta	DOA-2036.fasta	99.7863	1595	1691
69-24.fasta	DOA-2989.fasta	99.7862	1601	1691
69-24.fasta	Xcv_DC_93-9.fasta	99.7849	1583	1691
69-24.fasta	20HP1594.fasta	99.7847	1595	1691
69-24.fasta	VTM10.fasta	99.7845	1613	1691
69-24.fasta	X22.fasta	99.7841	1602	1691
69-24.fasta	20HP1608-1.fasta	99.7841	1607	1691
69-24.fasta	DOA-2987.fasta	99.7835	1604	1691
69-24.fasta	Xcv_DC_93-8.fasta	99.783	1591	1691
69-24.fasta	XCVCP-C-51.fasta	99.7829	1593	1691
69-24.fasta	Xcv_DC_96-2.fasta	99.7829	1604	1691
69-24.fasta	VTM4.fasta	99.7823	1618	1691
69-24.fasta	DOA-1721.fasta	99.7817	1595	1691
69-24.fasta	XCVKK-C-1.fasta	99.7806	1596	1691
69-24.fasta	Tu-10.fasta	99.7769	1614	1691
69-24.fasta	20HP1608-2.fasta	99.7767	1607	1691
69-24.fasta	Xcv_DC_96-5.fasta	99.7767	1586	1691
69-24.fasta	20HP1609-2.fasta	99.7764	1606	1691
69-24.fasta	20HP1614.fasta	99.7744	1609	1691
69-24.fasta	Xcv_DC_97_P3A.fasta	99.772	1601	1691
69-24.fasta	XCVKK-C-4.fasta	99.7712	1593	1691
69-24.fasta	DC99P1B1.fasta	99.7695	1602	1691
69-24.fasta	62XEKK5.fasta	99.7685	1596	1691
69-24.fasta	LMG_933.fasta	99.7682	1403	1691
69-24.fasta	VTM15.fasta	99.7681	1614	1691
69-24.fasta	Xcv_DC_96-3.fasta	99.768	1586	1691
69-24.fasta	Xcv_DC_97_P1A.fasta	99.7672	1582	1691
69-24.fasta	XCVKK-C-5.fasta	99.7662	1596	1691
69-24.fasta	XCVKK-C-3.fasta	99.7655	1596	1691
69-24.fasta	VTM17.fasta	99.7645	1626	1691
69-24.fasta	X13.fasta	99.7612	1602	1691
69-24.fasta	71-21.fasta	99.7608	1563	1691
69-24.fasta	XCVKK-C-2.fasta	99.7592	1594	1691
69-24.fasta	DC99P1A1.fasta	99.7582	1594	1691
69-24.fasta	87-7.fasta	99.7538	1610	1691
69-24.fasta	Xcv_DC_96-1.fasta	99.7533	1611	1691
69-24.fasta	XCVCP-C-43.fasta	99.7513	1599	1691
69-24.fasta	20HP1591.fasta	99.7498	1611	1691
69-24.fasta	65XENP3.fasta	99.7478	1621	1691
69-24.fasta	Xcv_DC_96-4.fasta	99.7467	1605	1691
69-24.fasta	LMG_905.fasta	99.7444	1439	1691
69-24.fasta	20HP1597.fasta	99.7436	1605	1691
69-24.fasta	65XENP2.fasta	99.7436	1619	1691
69-24.fasta	Xcv_DC_98_P2A.fasta	99.7426	1610	1691
69-24.fasta	Xcv_DC_93-6.fasta	99.7426	1607	1691
69-24.fasta	20HP1615.fasta	99.7419	1603	1691
69-24.fasta	FB570.fasta	99.7375	1593	1691
69-24.fasta	20HP1613.fasta	99.7279	1624	1691
69-24.fasta	Ps-7.fasta	99.7274	1594	1691
69-24.fasta	87-47.fasta	99.7246	1589	1691
69-24.fasta	65XENP1.fasta	99.7244	1623	1691
69-24.fasta	83M.fasta	99.7114	1487	1691
69-24.fasta	DOA-2990.fasta	99.7073	1621	1691
69-24.fasta	66b.fasta	99.7055	1496	1691
69-24.fasta	LMG_909.fasta	99.6801	1457	1691
69-24.fasta	LMG_667.fasta	99.6789	1492	1691
69-24.fasta	LMG_27970.fasta	99.501	1145	1691
70-7.fasta	70-7.fasta	100	1669	1674
70-7.fasta	X82-8P_C1.fasta	99.9858	1643	1674
70-7.fasta	X82-8P_C3.fasta	99.984	1644	1674
70-7.fasta	X82-8P_C4.fasta	99.9827	1635	1674
70-7.fasta	X82-8P_C6.fasta	99.9793	1647	1674
70-7.fasta	69-24.fasta	99.9785	1636	1674
70-7.fasta	X82-8P_C5.fasta	99.9756	1649	1674
70-7.fasta	X82-8P.fasta	99.9695	1627	1674
70-7.fasta	X82-8P_C2.fasta	99.9605	1631	1674
70-7.fasta	E3.fasta	99.9593	1612	1674
70-7.fasta	72-7.fasta	99.9533	1626	1674
70-7.fasta	86-46.fasta	99.945	1598	1674
70-7.fasta	ATCC_11633.fasta	99.9427	1598	1674
70-7.fasta	LMG_930.fasta	99.9361	1663	1674
70-7.fasta	75-3.fasta	99.9253	1562	1674
70-7.fasta	Xv_72.fasta	99.9229	1609	1674
70-7.fasta	Xv_79.fasta	99.9172	1603	1674
70-7.fasta	85-10.fasta	99.9166	1630	1674
70-7.fasta	WHRI_8301.fasta	99.9146	1622	1674
70-7.fasta	XVP26.fasta	99.9061	1604	1674
70-7.fasta	85-16.fasta	99.9055	1549	1674
70-7.fasta	Tu-06.fasta	99.9012	1603	1674
70-7.fasta	86-2.fasta	99.9	1555	1674
70-7.fasta	Tu-11.fasta	99.8979	1609	1674
70-7.fasta	86-22.fasta	99.8943	1563	1674
70-7.fasta	87-21.fasta	99.8918	1585	1674
70-7.fasta	69-1.fasta	99.8915	1588	1674
70-7.fasta	Tabasco1.fasta	99.8913	1631	1674
70-7.fasta	Ps-1.fasta	99.8862	1566	1674
70-7.fasta	Xcv_Sspep_92.fasta	99.8783	1596	1674
70-7.fasta	80-5.fasta	99.8563	1622	1674
70-7.fasta	89-10.fasta	99.8444	1572	1674
70-7.fasta	Xv157.fasta	99.8289	1573	1674
70-7.fasta	Xcv_DC_93-7.fasta	99.8199	1587	1674
70-7.fasta	Xcv_DC_93-8.fasta	99.8115	1595	1674
70-7.fasta	90-13.fasta	99.808	1613	1674
70-7.fasta	Xcv_DC_97_P2A.fasta	99.8031	1597	1674
70-7.fasta	62XEKK5.fasta	99.7995	1598	1674
70-7.fasta	VTM4.fasta	99.7987	1615	1674
70-7.fasta	XCVKK-C-3.fasta	99.7979	1593	1674
70-7.fasta	Xcv_DC_97_P3A.fasta	99.7977	1608	1674
70-7.fasta	X22.fasta	99.7973	1599	1674
70-7.fasta	Xcv_DC_93-9.fasta	99.795	1594	1674
70-7.fasta	VTM17.fasta	99.7943	1624	1674
70-7.fasta	XCVKK-C-2.fasta	99.7935	1593	1674
70-7.fasta	XCVCP-C-51.fasta	99.7897	1595	1674
70-7.fasta	DOA-2989.fasta	99.7896	1605	1674
70-7.fasta	XCVKK-C-4.fasta	99.7894	1598	1674
70-7.fasta	XCVCP-C-43.fasta	99.7886	1597	1674
70-7.fasta	87-13.fasta	99.7879	1616	1674
70-7.fasta	XCVKK-C-1.fasta	99.7867	1600	1674
70-7.fasta	DOA-2987.fasta	99.786	1605	1674
70-7.fasta	XCVKK-C-5.fasta	99.7859	1595	1674
70-7.fasta	Tu-08.fasta	99.785	1617	1674
70-7.fasta	DOA-1726.fasta	99.7845	1612	1674
70-7.fasta	VTM12.fasta	99.7839	1619	1674
70-7.fasta	71-21.fasta	99.7834	1575	1674
70-7.fasta	89-16.fasta	99.7807	1622	1674
70-7.fasta	X31.fasta	99.7797	1603	1674
70-7.fasta	20HP1608-1.fasta	99.7795	1611	1674
70-7.fasta	DOA-2036.fasta	99.7789	1598	1674
70-7.fasta	20HP1609-2.fasta	99.7785	1609	1674
70-7.fasta	20HP1597.fasta	99.7771	1601	1674
70-7.fasta	20HP1614.fasta	99.7759	1608	1674
70-7.fasta	VTM16.fasta	99.7744	1619	1674
70-7.fasta	87-7.fasta	99.7737	1607	1674
70-7.fasta	20HP1594.fasta	99.7736	1598	1674
70-7.fasta	20HP1608-2.fasta	99.7734	1611	1674
70-7.fasta	VTM10.fasta	99.7734	1613	1674
70-7.fasta	87-47.fasta	99.7717	1586	1674
70-7.fasta	Xcv_DC_96-2.fasta	99.7717	1613	1674
70-7.fasta	DOA-1721.fasta	99.7713	1603	1674
70-7.fasta	FB570.fasta	99.771	1588	1674
70-7.fasta	Xcv_DC_96-4.fasta	99.7707	1603	1674
70-7.fasta	LMG_905.fasta	99.7702	1435	1674
70-7.fasta	20HP1615.fasta	99.7697	1604	1674
70-7.fasta	Xcv_DC_96-1.fasta	99.7695	1611	1674
70-7.fasta	Xcv_DC_93-6.fasta	99.769	1603	1674
70-7.fasta	20HP1591.fasta	99.7656	1613	1674
70-7.fasta	DOA-2983.fasta	99.7636	1600	1674
70-7.fasta	Tu-10.fasta	99.7634	1614	1674
70-7.fasta	Ps-7.fasta	99.7624	1589	1674
70-7.fasta	Xcv_DC_96-5.fasta	99.7617	1598	1674
70-7.fasta	DC99P1B1.fasta	99.7611	1606	1674
70-7.fasta	Xcv_DC_98_P2A.fasta	99.7606	1610	1674
70-7.fasta	65XENP2.fasta	99.7577	1617	1674
70-7.fasta	DC99P1A1.fasta	99.7574	1601	1674
70-7.fasta	VTM15.fasta	99.7565	1615	1674
70-7.fasta	Xcv_DC_96-3.fasta	99.7538	1598	1674
70-7.fasta	DOA-2990.fasta	99.7452	1620	1674
70-7.fasta	65XENP3.fasta	99.7424	1622	1674
70-7.fasta	X13.fasta	99.7402	1600	1674
70-7.fasta	65XENP1.fasta	99.7401	1622	1674
70-7.fasta	Xcv_DC_97_P1A.fasta	99.7392	1589	1674
70-7.fasta	LMG_933.fasta	99.7342	1397	1674
70-7.fasta	Xe173.fasta	99.7257	1632	1674
70-7.fasta	LMG_667.fasta	99.7242	1488	1674
70-7.fasta	20HP1613.fasta	99.7104	1626	1674
70-7.fasta	83M.fasta	99.7041	1494	1674
70-7.fasta	LMG_909.fasta	99.6871	1462	1674
70-7.fasta	66b.fasta	99.6818	1495	1674
70-7.fasta	LMG_27970.fasta	99.4879	1149	1674
71-21.fasta	71-21.fasta	100	1630	1634
71-21.fasta	Xcv_DC_96-2.fasta	99.9831	1605	1634
71-21.fasta	FB570.fasta	99.9822	1595	1634
71-21.fasta	Xcv_DC_93-6.fasta	99.9763	1602	1634
71-21.fasta	Xcv_DC_98_P2A.fasta	99.9759	1601	1634
71-21.fasta	Xv157.fasta	99.9745	1583	1634
71-21.fasta	Xcv_DC_96-1.fasta	99.974	1604	1634
71-21.fasta	87-47.fasta	99.9735	1584	1634
71-21.fasta	Ps-7.fasta	99.9676	1587	1634
71-21.fasta	89-10.fasta	99.9626	1584	1634
71-21.fasta	Xcv_DC_96-4.fasta	99.9595	1602	1634
71-21.fasta	87-21.fasta	99.9592	1590	1634
71-21.fasta	89-16.fasta	99.9577	1596	1634
71-21.fasta	Xcv_DC_97_P3A.fasta	99.9425	1610	1634
71-21.fasta	Xcv_Sspep_92.fasta	99.9402	1597	1634
71-21.fasta	Ps-1.fasta	99.9396	1581	1634
71-21.fasta	XVP26.fasta	99.9382	1601	1634
71-21.fasta	Xcv_DC_96-5.fasta	99.9334	1601	1634
71-21.fasta	Tu-11.fasta	99.9302	1601	1634
71-21.fasta	Tu-06.fasta	99.9297	1600	1634
71-21.fasta	X31.fasta	99.9271	1601	1634
71-21.fasta	DOA-2983.fasta	99.927	1596	1634
71-21.fasta	DOA-1721.fasta	99.9262	1599	1634
71-21.fasta	DOA-1726.fasta	99.9255	1598	1634
71-21.fasta	20HP1594.fasta	99.9242	1597	1634
71-21.fasta	DOA-2989.fasta	99.9234	1596	1634
71-21.fasta	Xcv_DC_96-3.fasta	99.9219	1602	1634
71-21.fasta	Tu-10.fasta	99.9215	1606	1634
71-21.fasta	DOA-2987.fasta	99.9213	1596	1634
71-21.fasta	DOA-2990.fasta	99.9206	1608	1634
71-21.fasta	65XENP3.fasta	99.9204	1607	1634
71-21.fasta	XCVKK-C-1.fasta	99.9192	1593	1634
71-21.fasta	65XENP2.fasta	99.9177	1609	1634
71-21.fasta	65XENP1.fasta	99.9175	1610	1634
71-21.fasta	XCVCP-C-51.fasta	99.9168	1590	1634
71-21.fasta	VTM17.fasta	99.9166	1616	1634
71-21.fasta	Xcv_DC_93-8.fasta	99.9146	1593	1634
71-21.fasta	VTM10.fasta	99.914	1602	1634
71-21.fasta	Xcv_DC_97_P1A.fasta	99.9135	1589	1634
71-21.fasta	X22.fasta	99.9127	1607	1634
71-21.fasta	Xcv_DC_93-9.fasta	99.9122	1591	1634
71-21.fasta	XCVKK-C-4.fasta	99.9117	1587	1634
71-21.fasta	XCVKK-C-3.fasta	99.911	1591	1634
71-21.fasta	87-13.fasta	99.9106	1586	1634
71-21.fasta	62XEKK5.fasta	99.9092	1591	1634
71-21.fasta	DOA-2036.fasta	99.9092	1591	1634
71-21.fasta	20HP1597.fasta	99.9084	1591	1634
71-21.fasta	20HP1608-1.fasta	99.908	1598	1634
71-21.fasta	XCVKK-C-5.fasta	99.9078	1593	1634
71-21.fasta	69-1.fasta	99.9073	1572	1634
71-21.fasta	20HP1609-2.fasta	99.907	1597	1634
71-21.fasta	VTM15.fasta	99.9067	1605	1634
71-21.fasta	VTM12.fasta	99.9066	1595	1634
71-21.fasta	80-5.fasta	99.9063	1607	1634
71-21.fasta	20HP1615.fasta	99.9062	1589	1634
71-21.fasta	Xe173.fasta	99.9043	1616	1634
71-21.fasta	20HP1613.fasta	99.9043	1610	1634
71-21.fasta	X13.fasta	99.9032	1598	1634
71-21.fasta	75-3.fasta	99.9013	1557	1634
71-21.fasta	DC99P1B1.fasta	99.8987	1597	1634
71-21.fasta	VTM4.fasta	99.8986	1598	1634
71-21.fasta	XCVCP-C-43.fasta	99.8961	1588	1634
71-21.fasta	85-16.fasta	99.896	1535	1634
71-21.fasta	20HP1614.fasta	99.8951	1598	1634
71-21.fasta	Xcv_DC_93-7.fasta	99.8947	1596	1634
71-21.fasta	DC99P1A1.fasta	99.8935	1593	1634
71-21.fasta	86-2.fasta	99.8931	1550	1634
71-21.fasta	XCVKK-C-2.fasta	99.8921	1595	1634
71-21.fasta	86-46.fasta	99.8897	1562	1634
71-21.fasta	Xcv_DC_97_P2A.fasta	99.8893	1594	1634
71-21.fasta	20HP1608-2.fasta	99.8882	1596	1634
71-21.fasta	86-22.fasta	99.8867	1559	1634
71-21.fasta	WHRI_8301.fasta	99.8821	1588	1634
71-21.fasta	87-7.fasta	99.8817	1578	1634
71-21.fasta	90-13.fasta	99.8797	1586	1634
71-21.fasta	VTM16.fasta	99.8793	1609	1634
71-21.fasta	ATCC_11633.fasta	99.8736	1582	1634
71-21.fasta	LMG_667.fasta	99.8686	1471	1634
71-21.fasta	72-7.fasta	99.8686	1567	1634
71-21.fasta	20HP1591.fasta	99.868	1600	1634
71-21.fasta	Tu-08.fasta	99.8642	1603	1634
71-21.fasta	85-10.fasta	99.864	1601	1634
71-21.fasta	Tabasco1.fasta	99.8631	1602	1634
71-21.fasta	LMG_909.fasta	99.849	1447	1634
71-21.fasta	66b.fasta	99.8427	1479	1634
71-21.fasta	Xv_72.fasta	99.8354	1585	1634
71-21.fasta	Xv_79.fasta	99.835	1585	1634
71-21.fasta	83M.fasta	99.831	1491	1634
71-21.fasta	LMG_933.fasta	99.8266	1401	1634
71-21.fasta	LMG_930.fasta	99.8167	1609	1634
71-21.fasta	E3.fasta	99.8102	1582	1634
71-21.fasta	X82-8P_C6.fasta	99.8089	1595	1634
71-21.fasta	X82-8P_C5.fasta	99.8073	1597	1634
71-21.fasta	69-24.fasta	99.8061	1576	1634
71-21.fasta	X82-8P_C1.fasta	99.8059	1598	1634
71-21.fasta	X82-8P.fasta	99.8043	1598	1634
71-21.fasta	X82-8P_C2.fasta	99.8031	1582	1634
71-21.fasta	X82-8P_C3.fasta	99.8024	1600	1634
71-21.fasta	X82-8P_C4.fasta	99.7961	1591	1634
71-21.fasta	70-7.fasta	99.7917	1578	1634
71-21.fasta	LMG_905.fasta	99.7508	1429	1634
71-21.fasta	LMG_27970.fasta	99.4568	1140	1634
72-7.fasta	72-7.fasta	100	1650	1654
72-7.fasta	69-24.fasta	99.9894	1626	1654
72-7.fasta	X82-8P_C3.fasta	99.9787	1626	1654
72-7.fasta	X82-8P_C1.fasta	99.978	1622	1654
72-7.fasta	X82-8P.fasta	99.9777	1616	1654
72-7.fasta	X82-8P_C6.fasta	99.9772	1626	1654
72-7.fasta	X82-8P_C4.fasta	99.9767	1617	1654
72-7.fasta	70-7.fasta	99.9708	1616	1654
72-7.fasta	X82-8P_C2.fasta	99.9685	1613	1654
72-7.fasta	X82-8P_C5.fasta	99.968	1631	1654
72-7.fasta	E3.fasta	99.9605	1604	1654
72-7.fasta	75-3.fasta	99.952	1567	1654
72-7.fasta	86-46.fasta	99.9499	1594	1654
72-7.fasta	Xv_72.fasta	99.9495	1599	1654
72-7.fasta	ATCC_11633.fasta	99.9495	1592	1654
72-7.fasta	LMG_930.fasta	99.9486	1644	1654
72-7.fasta	WHRI_8301.fasta	99.9482	1622	1654
72-7.fasta	85-16.fasta	99.9452	1553	1654
72-7.fasta	Xv_79.fasta	99.9346	1598	1654
72-7.fasta	85-10.fasta	99.932	1633	1654
72-7.fasta	XVP26.fasta	99.931	1604	1654
72-7.fasta	Tu-06.fasta	99.9261	1603	1654
72-7.fasta	80-5.fasta	99.9247	1620	1654
72-7.fasta	Tu-11.fasta	99.9246	1607	1654
72-7.fasta	Tabasco1.fasta	99.9237	1620	1654
72-7.fasta	86-22.fasta	99.9216	1570	1654
72-7.fasta	86-2.fasta	99.9044	1555	1654
72-7.fasta	87-21.fasta	99.9012	1587	1654
72-7.fasta	Xcv_Sspep_92.fasta	99.8971	1594	1654
72-7.fasta	69-1.fasta	99.8962	1588	1654
72-7.fasta	89-16.fasta	99.8876	1611	1654
72-7.fasta	Ps-1.fasta	99.8854	1571	1654
72-7.fasta	Xcv_DC_97_P3A.fasta	99.8831	1599	1654
72-7.fasta	90-13.fasta	99.8812	1602	1654
72-7.fasta	Tu-08.fasta	99.8809	1606	1654
72-7.fasta	20HP1608-1.fasta	99.8778	1600	1654
72-7.fasta	Xcv_DC_96-1.fasta	99.8775	1597	1654
72-7.fasta	20HP1614.fasta	99.8768	1595	1654
72-7.fasta	20HP1608-2.fasta	99.8767	1597	1654
72-7.fasta	VTM16.fasta	99.8758	1611	1654
72-7.fasta	Xcv_DC_98_P2A.fasta	99.8753	1598	1654
72-7.fasta	DOA-1726.fasta	99.8739	1599	1654
72-7.fasta	Xcv_DC_96-2.fasta	99.8733	1599	1654
72-7.fasta	20HP1609-2.fasta	99.872	1601	1654
72-7.fasta	VTM17.fasta	99.8714	1613	1654
72-7.fasta	X22.fasta	99.8707	1597	1654
72-7.fasta	Xcv_DC_97_P2A.fasta	99.8695	1587	1654
72-7.fasta	Xcv_DC_93-6.fasta	99.8684	1594	1654
72-7.fasta	Tu-10.fasta	99.8679	1600	1654
72-7.fasta	87-13.fasta	99.8678	1609	1654
72-7.fasta	X31.fasta	99.8673	1599	1654
72-7.fasta	DOA-2989.fasta	99.8639	1596	1654
72-7.fasta	VTM10.fasta	99.8635	1602	1654
72-7.fasta	VTM12.fasta	99.8627	1605	1654
72-7.fasta	Xv157.fasta	99.8612	1578	1654
72-7.fasta	DOA-2987.fasta	99.8604	1599	1654
72-7.fasta	87-47.fasta	99.8602	1578	1654
72-7.fasta	DC99P1A1.fasta	99.8571	1590	1654
72-7.fasta	Xcv_DC_96-4.fasta	99.8553	1596	1654
72-7.fasta	VTM15.fasta	99.8552	1604	1654
72-7.fasta	Ps-7.fasta	99.8548	1579	1654
72-7.fasta	20HP1591.fasta	99.854	1598	1654
72-7.fasta	89-10.fasta	99.8537	1577	1654
72-7.fasta	87-7.fasta	99.8528	1602	1654
72-7.fasta	DOA-1721.fasta	99.8524	1590	1654
72-7.fasta	VTM4.fasta	99.8518	1610	1654
72-7.fasta	FB570.fasta	99.8502	1587	1654
72-7.fasta	71-21.fasta	99.849	1569	1654
72-7.fasta	DC99P1B1.fasta	99.8485	1597	1654
72-7.fasta	Xcv_DC_96-5.fasta	99.8483	1587	1654
72-7.fasta	20HP1597.fasta	99.8475	1596	1654
72-7.fasta	Xe173.fasta	99.8455	1619	1654
72-7.fasta	20HP1615.fasta	99.8441	1591	1654
72-7.fasta	DOA-2983.fasta	99.8432	1589	1654
72-7.fasta	Xcv_DC_96-3.fasta	99.8425	1590	1654
72-7.fasta	65XENP3.fasta	99.8413	1613	1654
72-7.fasta	65XENP2.fasta	99.8406	1610	1654
72-7.fasta	DOA-2036.fasta	99.8403	1587	1654
72-7.fasta	XCVCP-C-51.fasta	99.837	1588	1654
72-7.fasta	XCVKK-C-4.fasta	99.8348	1590	1654
72-7.fasta	X13.fasta	99.8326	1592	1654
72-7.fasta	20HP1594.fasta	99.8324	1590	1654
72-7.fasta	65XENP1.fasta	99.8323	1613	1654
72-7.fasta	Xcv_DC_97_P1A.fasta	99.8278	1581	1654
72-7.fasta	XCVKK-C-3.fasta	99.8271	1591	1654
72-7.fasta	XCVCP-C-43.fasta	99.8271	1589	1654
72-7.fasta	DOA-2990.fasta	99.8234	1612	1654
72-7.fasta	XCVKK-C-2.fasta	99.8168	1588	1654
72-7.fasta	Xcv_DC_93-7.fasta	99.8168	1588	1654
72-7.fasta	XCVKK-C-1.fasta	99.8132	1589	1654
72-7.fasta	62XEKK5.fasta	99.8122	1594	1654
72-7.fasta	XCVKK-C-5.fasta	99.8118	1591	1654
72-7.fasta	Xcv_DC_93-8.fasta	99.803	1597	1654
72-7.fasta	LMG_667.fasta	99.8029	1478	1654
72-7.fasta	83M.fasta	99.8009	1487	1654
72-7.fasta	20HP1613.fasta	99.7999	1618	1654
72-7.fasta	Xcv_DC_93-9.fasta	99.7913	1593	1654
72-7.fasta	LMG_909.fasta	99.7875	1451	1654
72-7.fasta	LMG_905.fasta	99.7674	1444	1654
72-7.fasta	LMG_933.fasta	99.7565	1400	1654
72-7.fasta	66b.fasta	99.7328	1481	1654
72-7.fasta	LMG_27970.fasta	99.5295	1147	1654
75-3.fasta	75-3.fasta	100	1686	1689
75-3.fasta	WHRI_8301.fasta	99.9982	1687	1689
75-3.fasta	85-16.fasta	99.9725	1580	1689
75-3.fasta	72-7.fasta	99.9684	1571	1689
75-3.fasta	86-46.fasta	99.9595	1590	1689
75-3.fasta	LMG_930.fasta	99.9576	1672	1689
75-3.fasta	ATCC_11633.fasta	99.9546	1604	1689
75-3.fasta	E3.fasta	99.9538	1601	1689
75-3.fasta	X82-8P_C5.fasta	99.953	1587	1689
75-3.fasta	X82-8P.fasta	99.9525	1588	1689
75-3.fasta	X82-8P_C3.fasta	99.952	1586	1689
75-3.fasta	X82-8P_C1.fasta	99.9519	1587	1689
75-3.fasta	X82-8P_C6.fasta	99.9514	1586	1689
75-3.fasta	86-22.fasta	99.9486	1604	1689
75-3.fasta	69-24.fasta	99.9485	1586	1689
75-3.fasta	X82-8P_C4.fasta	99.9485	1579	1689
75-3.fasta	86-2.fasta	99.9468	1626	1689
75-3.fasta	85-10.fasta	99.945	1647	1689
75-3.fasta	X82-8P_C2.fasta	99.945	1572	1689
75-3.fasta	70-7.fasta	99.9449	1569	1689
75-3.fasta	87-21.fasta	99.9264	1570	1689
75-3.fasta	Xcv_Sspep_92.fasta	99.9219	1622	1689
75-3.fasta	Xv_72.fasta	99.9176	1629	1689
75-3.fasta	Ps-1.fasta	99.9169	1599	1689
75-3.fasta	Xcv_DC_97_P2A.fasta	99.9115	1561	1689
75-3.fasta	Tu-06.fasta	99.9062	1574	1689
75-3.fasta	Tu-11.fasta	99.906	1578	1689
75-3.fasta	Xv_79.fasta	99.905	1637	1689
75-3.fasta	Xcv_DC_97_P3A.fasta	99.8985	1572	1689
75-3.fasta	XVP26.fasta	99.8972	1578	1689
75-3.fasta	VTM17.fasta	99.8933	1580	1689
75-3.fasta	90-13.fasta	99.8899	1637	1689
75-3.fasta	71-21.fasta	99.8893	1553	1689
75-3.fasta	87-13.fasta	99.8715	1608	1689
75-3.fasta	20HP1591.fasta	99.8667	1580	1689
75-3.fasta	Tabasco1.fasta	99.8663	1587	1689
75-3.fasta	Tu-08.fasta	99.8646	1584	1689
75-3.fasta	65XENP3.fasta	99.8611	1584	1689
75-3.fasta	65XENP1.fasta	99.8609	1584	1689
75-3.fasta	Xcv_DC_96-2.fasta	99.8605	1581	1689
75-3.fasta	65XENP2.fasta	99.8589	1587	1689
75-3.fasta	Xcv_DC_97_P1A.fasta	99.8537	1604	1689
75-3.fasta	20HP1608-1.fasta	99.8522	1580	1689
75-3.fasta	20HP1608-2.fasta	99.8512	1580	1689
75-3.fasta	20HP1614.fasta	99.8507	1578	1689
75-3.fasta	DC99P1A1.fasta	99.8505	1623	1689
75-3.fasta	VTM10.fasta	99.8503	1574	1689
75-3.fasta	DC99P1B1.fasta	99.8497	1624	1689
75-3.fasta	VTM12.fasta	99.8497	1584	1689
75-3.fasta	XCVKK-C-4.fasta	99.8474	1565	1689
75-3.fasta	20HP1597.fasta	99.8474	1576	1689
75-3.fasta	Tu-10.fasta	99.8471	1578	1689
75-3.fasta	VTM15.fasta	99.8461	1577	1689
75-3.fasta	Xcv_DC_96-5.fasta	99.8459	1571	1689
75-3.fasta	Xe173.fasta	99.8453	1636	1689
75-3.fasta	20HP1609-2.fasta	99.8449	1582	1689
75-3.fasta	XCVKK-C-5.fasta	99.8443	1571	1689
75-3.fasta	Xcv_DC_96-3.fasta	99.8442	1570	1689
75-3.fasta	XCVCP-C-43.fasta	99.844	1566	1689
75-3.fasta	20HP1594.fasta	99.8409	1572	1689
75-3.fasta	X22.fasta	99.8402	1581	1689
75-3.fasta	DOA-1721.fasta	99.839	1573	1689
75-3.fasta	X31.fasta	99.838	1578	1689
75-3.fasta	62XEKK5.fasta	99.8377	1572	1689
75-3.fasta	DOA-1726.fasta	99.8342	1581	1689
75-3.fasta	DOA-2990.fasta	99.8315	1587	1689
75-3.fasta	XCVCP-C-51.fasta	99.8312	1570	1689
75-3.fasta	20HP1615.fasta	99.8297	1575	1689
75-3.fasta	DOA-2987.fasta	99.8297	1583	1689
75-3.fasta	VTM4.fasta	99.8273	1587	1689
75-3.fasta	XCVKK-C-3.fasta	99.8271	1570	1689
75-3.fasta	DOA-2989.fasta	99.8266	1587	1689
75-3.fasta	X13.fasta	99.8264	1620	1689
75-3.fasta	XCVKK-C-2.fasta	99.8258	1568	1689
75-3.fasta	VTM16.fasta	99.825	1588	1689
75-3.fasta	DOA-2036.fasta	99.824	1568	1689
75-3.fasta	DOA-2983.fasta	99.8196	1573	1689
75-3.fasta	XCVKK-C-1.fasta	99.8182	1575	1689
75-3.fasta	20HP1613.fasta	99.8075	1591	1689
75-3.fasta	83M.fasta	99.7973	1461	1689
75-3.fasta	LMG_909.fasta	99.7907	1418	1689
75-3.fasta	66b.fasta	99.7519	1501	1689
75-3.fasta	89-16.fasta	99.7485	1617	1689
75-3.fasta	Xcv_DC_96-4.fasta	99.7479	1622	1689
75-3.fasta	Xcv_DC_96-1.fasta	99.7463	1625	1689
75-3.fasta	Xcv_DC_98_P2A.fasta	99.7458	1622	1689
75-3.fasta	89-10.fasta	99.7443	1605	1689
75-3.fasta	Xv157.fasta	99.7422	1606	1689
75-3.fasta	87-47.fasta	99.7398	1610	1689
75-3.fasta	Ps-7.fasta	99.739	1606	1689
75-3.fasta	Xcv_DC_93-6.fasta	99.7385	1624	1689
75-3.fasta	FB570.fasta	99.7356	1617	1689
75-3.fasta	LMG_933.fasta	99.7263	1382	1689
75-3.fasta	69-1.fasta	99.7188	1580	1689
75-3.fasta	87-7.fasta	99.7167	1605	1689
75-3.fasta	80-5.fasta	99.7028	1609	1689
75-3.fasta	LMG_667.fasta	99.6777	1494	1689
75-3.fasta	Xcv_DC_93-8.fasta	99.6692	1590	1689
75-3.fasta	Xcv_DC_93-9.fasta	99.6604	1589	1689
75-3.fasta	Xcv_DC_93-7.fasta	99.6563	1592	1689
75-3.fasta	LMG_905.fasta	99.5729	1427	1689
75-3.fasta	LMG_27970.fasta	99.5662	1143	1689
80-5.fasta	80-5.fasta	100	1709	1713
80-5.fasta	VTM17.fasta	99.9937	1652	1713
80-5.fasta	Tu-06.fasta	99.9807	1635	1713
80-5.fasta	Tu-11.fasta	99.9801	1640	1713
80-5.fasta	Xcv_DC_97_P3A.fasta	99.9642	1636	1713
80-5.fasta	65XENP3.fasta	99.9586	1639	1713
80-5.fasta	65XENP2.fasta	99.9555	1639	1713
80-5.fasta	65XENP1.fasta	99.9515	1646	1713
80-5.fasta	DOA-2990.fasta	99.9514	1639	1713
80-5.fasta	20HP1613.fasta	99.9457	1643	1713
80-5.fasta	XVP26.fasta	99.9397	1624	1713
80-5.fasta	Xcv_DC_97_P2A.fasta	99.9173	1616	1713
80-5.fasta	Tu-08.fasta	99.9159	1638	1713
80-5.fasta	Tabasco1.fasta	99.9153	1662	1713
80-5.fasta	87-21.fasta	99.9134	1602	1713
80-5.fasta	Xcv_DC_96-2.fasta	99.9073	1626	1713
80-5.fasta	ATCC_11633.fasta	99.9055	1596	1713
80-5.fasta	69-1.fasta	99.904	1645	1713
80-5.fasta	71-21.fasta	99.9003	1596	1713
80-5.fasta	72-7.fasta	99.8955	1615	1713
80-5.fasta	86-46.fasta	99.8909	1579	1713
80-5.fasta	83M.fasta	99.8647	1517	1713
80-5.fasta	Tu-10.fasta	99.8607	1627	1713
80-5.fasta	VTM16.fasta	99.8541	1635	1713
80-5.fasta	20HP1594.fasta	99.8529	1611	1713
80-5.fasta	DOA-1726.fasta	99.849	1626	1713
80-5.fasta	20HP1591.fasta	99.8489	1622	1713
80-5.fasta	VTM4.fasta	99.8484	1629	1713
80-5.fasta	VTM12.fasta	99.8481	1636	1713
80-5.fasta	XCVKK-C-5.fasta	99.8434	1607	1713
80-5.fasta	DOA-2989.fasta	99.8426	1622	1713
80-5.fasta	VTM10.fasta	99.8425	1628	1713
80-5.fasta	XCVKK-C-4.fasta	99.8424	1609	1713
80-5.fasta	DOA-2987.fasta	99.8414	1624	1713
80-5.fasta	DOA-1721.fasta	99.8405	1614	1713
80-5.fasta	62XEKK5.fasta	99.8394	1611	1713
80-5.fasta	DOA-2983.fasta	99.8393	1616	1713
80-5.fasta	X22.fasta	99.8378	1619	1713
80-5.fasta	20HP1608-2.fasta	99.8378	1623	1713
80-5.fasta	X31.fasta	99.8362	1622	1713
80-5.fasta	XCVCP-C-43.fasta	99.835	1605	1713
80-5.fasta	XCVKK-C-2.fasta	99.8346	1604	1713
80-5.fasta	XCVCP-C-51.fasta	99.8343	1611	1713
80-5.fasta	20HP1609-2.fasta	99.8336	1624	1713
80-5.fasta	20HP1614.fasta	99.8331	1622	1713
80-5.fasta	20HP1597.fasta	99.8325	1621	1713
80-5.fasta	VTM15.fasta	99.8316	1627	1713
80-5.fasta	20HP1608-1.fasta	99.8302	1626	1713
80-5.fasta	XCVKK-C-3.fasta	99.8287	1605	1713
80-5.fasta	20HP1615.fasta	99.8282	1619	1713
80-5.fasta	Xcv_DC_96-5.fasta	99.8252	1613	1713
80-5.fasta	X82-8P.fasta	99.8249	1633	1713
80-5.fasta	XCVKK-C-1.fasta	99.8194	1613	1713
80-5.fasta	70-7.fasta	99.8193	1612	1713
80-5.fasta	X82-8P_C3.fasta	99.8188	1636	1713
80-5.fasta	X82-8P_C6.fasta	99.8187	1634	1713
80-5.fasta	X82-8P_C2.fasta	99.8171	1620	1713
80-5.fasta	X82-8P_C1.fasta	99.8148	1632	1713
80-5.fasta	DOA-2036.fasta	99.8126	1614	1713
80-5.fasta	X82-8P_C4.fasta	99.8117	1627	1713
80-5.fasta	E3.fasta	99.8114	1599	1713
80-5.fasta	LMG_909.fasta	99.8102	1481	1713
80-5.fasta	X82-8P_C5.fasta	99.808	1638	1713
80-5.fasta	Xcv_DC_96-3.fasta	99.8074	1616	1713
80-5.fasta	Xcv_Sspep_92.fasta	99.788	1648	1713
80-5.fasta	LMG_933.fasta	99.7826	1417	1713
80-5.fasta	Ps-1.fasta	99.7771	1623	1713
80-5.fasta	69-24.fasta	99.7758	1630	1713
80-5.fasta	89-16.fasta	99.7252	1669	1713
80-5.fasta	WHRI_8301.fasta	99.7248	1657	1713
80-5.fasta	Xcv_DC_96-1.fasta	99.7184	1656	1713
80-5.fasta	Xcv_DC_98_P2A.fasta	99.7146	1655	1713
80-5.fasta	75-3.fasta	99.7132	1594	1713
80-5.fasta	Xcv_DC_93-6.fasta	99.7122	1644	1713
80-5.fasta	FB570.fasta	99.7104	1637	1713
80-5.fasta	Ps-7.fasta	99.7064	1628	1713
80-5.fasta	Xv157.fasta	99.7034	1616	1713
80-5.fasta	Xcv_DC_96-4.fasta	99.702	1650	1713
80-5.fasta	87-47.fasta	99.6987	1634	1713
80-5.fasta	89-10.fasta	99.6942	1617	1713
80-5.fasta	86-2.fasta	99.6881	1592	1713
80-5.fasta	87-13.fasta	99.6783	1660	1713
80-5.fasta	86-22.fasta	99.6738	1602	1713
80-5.fasta	85-16.fasta	99.6708	1585	1713
80-5.fasta	90-13.fasta	99.6704	1649	1713
80-5.fasta	85-10.fasta	99.664	1672	1713
80-5.fasta	Xe173.fasta	99.6631	1677	1713
80-5.fasta	87-7.fasta	99.6614	1652	1713
80-5.fasta	Xcv_DC_93-7.fasta	99.6478	1623	1713
80-5.fasta	Xcv_DC_93-8.fasta	99.6411	1629	1713
80-5.fasta	DC99P1A1.fasta	99.6409	1647	1713
80-5.fasta	LMG_667.fasta	99.6336	1530	1713
80-5.fasta	X13.fasta	99.6321	1645	1713
80-5.fasta	Xcv_DC_93-9.fasta	99.6297	1624	1713
80-5.fasta	DC99P1B1.fasta	99.6234	1653	1713
80-5.fasta	Xv_72.fasta	99.6116	1640	1713
80-5.fasta	66b.fasta	99.6116	1523	1713
80-5.fasta	LMG_930.fasta	99.6103	1684	1713
80-5.fasta	Xv_79.fasta	99.6054	1641	1713
80-5.fasta	Xcv_DC_97_P1A.fasta	99.605	1633	1713
80-5.fasta	LMG_905.fasta	99.5543	1478	1713
80-5.fasta	LMG_27970.fasta	99.53	1152	1713
83M.fasta	83M.fasta	100	1540	1556
83M.fasta	Tu-11.fasta	99.9885	1530	1556
83M.fasta	Tu-06.fasta	99.9789	1529	1556
83M.fasta	DOA-2990.fasta	99.9747	1526	1556
83M.fasta	80-5.fasta	99.9732	1546	1556
83M.fasta	Xcv_Sspep_92.fasta	99.9726	1519	1556
83M.fasta	Xcv_DC_97_P3A.fasta	99.9714	1529	1556
83M.fasta	VTM17.fasta	99.9693	1541	1556
83M.fasta	Ps-1.fasta	99.9677	1501	1556
83M.fasta	65XENP2.fasta	99.9624	1532	1556
83M.fasta	65XENP3.fasta	99.9609	1533	1556
83M.fasta	65XENP1.fasta	99.9529	1535	1556
83M.fasta	20HP1613.fasta	99.9496	1531	1556
83M.fasta	XVP26.fasta	99.9346	1514	1556
83M.fasta	Tabasco1.fasta	99.9285	1543	1556
83M.fasta	89-16.fasta	99.9206	1521	1556
83M.fasta	Xcv_DC_97_P2A.fasta	99.9198	1521	1556
83M.fasta	Xcv_DC_96-2.fasta	99.9104	1512	1556
83M.fasta	Tu-08.fasta	99.9096	1521	1556
83M.fasta	Xcv_DC_98_P2A.fasta	99.9073	1517	1556
83M.fasta	Xv157.fasta	99.904	1495	1556
83M.fasta	FB570.fasta	99.903	1499	1556
83M.fasta	Xcv_DC_93-6.fasta	99.9019	1514	1556
83M.fasta	Xcv_DC_96-1.fasta	99.901	1513	1556
83M.fasta	71-21.fasta	99.9009	1498	1556
83M.fasta	87-47.fasta	99.8998	1497	1556
83M.fasta	87-21.fasta	99.8954	1495	1556
83M.fasta	72-7.fasta	99.8947	1505	1556
83M.fasta	89-10.fasta	99.89	1488	1556
83M.fasta	Xcv_DC_96-4.fasta	99.8898	1515	1556
83M.fasta	Ps-7.fasta	99.8872	1502	1556
83M.fasta	Xcv_DC_93-7.fasta	99.8864	1495	1556
83M.fasta	75-3.fasta	99.881	1464	1556
83M.fasta	69-1.fasta	99.8786	1501	1556
83M.fasta	Xcv_DC_93-9.fasta	99.8759	1501	1556
83M.fasta	Xcv_DC_93-8.fasta	99.8728	1504	1556
83M.fasta	86-22.fasta	99.8685	1467	1556
83M.fasta	85-16.fasta	99.8657	1456	1556
83M.fasta	86-46.fasta	99.8655	1486	1556
83M.fasta	WHRI_8301.fasta	99.8653	1520	1556
83M.fasta	Tu-10.fasta	99.8634	1519	1556
83M.fasta	X22.fasta	99.8628	1514	1556
83M.fasta	ATCC_11633.fasta	99.861	1489	1556
83M.fasta	DOA-1721.fasta	99.8596	1510	1556
83M.fasta	DOA-1726.fasta	99.8559	1510	1556
83M.fasta	87-13.fasta	99.855	1513	1556
83M.fasta	X31.fasta	99.8549	1514	1556
83M.fasta	XCVKK-C-1.fasta	99.8534	1503	1556
83M.fasta	VTM12.fasta	99.8505	1514	1556
83M.fasta	62XEKK5.fasta	99.8485	1505	1556
83M.fasta	20HP1594.fasta	99.8483	1509	1556
83M.fasta	VTM4.fasta	99.8478	1515	1556
83M.fasta	Xe173.fasta	99.8472	1542	1556
83M.fasta	XCVCP-C-51.fasta	99.8467	1505	1556
83M.fasta	XCVKK-C-3.fasta	99.8455	1502	1556
83M.fasta	XCVKK-C-4.fasta	99.8453	1499	1556
83M.fasta	DOA-2987.fasta	99.8446	1508	1556
83M.fasta	XCVKK-C-5.fasta	99.8444	1504	1556
83M.fasta	DOA-2989.fasta	99.8442	1508	1556
83M.fasta	86-2.fasta	99.8423	1465	1556
83M.fasta	VTM15.fasta	99.8413	1519	1556
83M.fasta	20HP1608-1.fasta	99.8412	1516	1556
83M.fasta	87-7.fasta	99.839	1508	1556
83M.fasta	70-7.fasta	99.8378	1508	1556
83M.fasta	XCVKK-C-2.fasta	99.8373	1503	1556
83M.fasta	DOA-2036.fasta	99.8369	1508	1556
83M.fasta	XCVCP-C-43.fasta	99.8348	1502	1556
83M.fasta	VTM10.fasta	99.834	1517	1556
83M.fasta	Xcv_DC_96-5.fasta	99.8334	1511	1556
83M.fasta	20HP1609-2.fasta	99.8326	1510	1556
83M.fasta	VTM16.fasta	99.8315	1527	1556
83M.fasta	20HP1597.fasta	99.8311	1505	1556
83M.fasta	DOA-2983.fasta	99.8299	1510	1556
83M.fasta	20HP1614.fasta	99.8296	1513	1556
83M.fasta	20HP1608-2.fasta	99.8296	1513	1556
83M.fasta	X82-8P.fasta	99.8289	1516	1556
83M.fasta	85-10.fasta	99.8285	1529	1556
83M.fasta	20HP1615.fasta	99.8254	1508	1556
83M.fasta	Xcv_DC_97_P1A.fasta	99.8241	1503	1556
83M.fasta	Xcv_DC_96-3.fasta	99.8231	1512	1556
83M.fasta	X82-8P_C1.fasta	99.8231	1515	1556
83M.fasta	X82-8P_C5.fasta	99.823	1519	1556
83M.fasta	X82-8P_C3.fasta	99.823	1516	1556
83M.fasta	LMG_667.fasta	99.8224	1417	1556
83M.fasta	X13.fasta	99.8204	1513	1556
83M.fasta	DC99P1B1.fasta	99.8171	1507	1556
83M.fasta	X82-8P_C6.fasta	99.817	1517	1556
83M.fasta	X82-8P_C4.fasta	99.8167	1512	1556
83M.fasta	90-13.fasta	99.814	1513	1556
83M.fasta	20HP1591.fasta	99.8122	1514	1556
83M.fasta	E3.fasta	99.8109	1500	1556
83M.fasta	69-24.fasta	99.8102	1516	1556
83M.fasta	X82-8P_C2.fasta	99.8065	1505	1556
83M.fasta	DC99P1A1.fasta	99.8053	1507	1556
83M.fasta	LMG_909.fasta	99.8014	1401	1556
83M.fasta	LMG_930.fasta	99.7989	1533	1556
83M.fasta	Xv_79.fasta	99.7928	1508	1556
83M.fasta	Xv_72.fasta	99.792	1505	1556
83M.fasta	66b.fasta	99.7638	1426	1556
83M.fasta	LMG_905.fasta	99.7319	1398	1556
83M.fasta	LMG_933.fasta	99.7201	1349	1556
83M.fasta	LMG_27970.fasta	99.406	1107	1556
85-10.fasta	85-10.fasta	100	1802	1804
85-10.fasta	X82-8P.fasta	99.9274	1640	1804
85-10.fasta	Xv_79.fasta	99.9182	1710	1804
85-10.fasta	85-16.fasta	99.9158	1665	1804
85-10.fasta	72-7.fasta	99.9157	1629	1804
85-10.fasta	Xv_72.fasta	99.9142	1703	1804
85-10.fasta	WHRI_8301.fasta	99.9111	1726	1804
85-10.fasta	86-22.fasta	99.9083	1683	1804
85-10.fasta	70-7.fasta	99.9081	1620	1804
85-10.fasta	E3.fasta	99.8998	1616	1804
85-10.fasta	LMG_930.fasta	99.8938	1746	1804
85-10.fasta	69-24.fasta	99.89	1634	1804
85-10.fasta	75-3.fasta	99.8899	1643	1804
85-10.fasta	86-46.fasta	99.8835	1609	1804
85-10.fasta	86-2.fasta	99.8681	1663	1804
85-10.fasta	Tu-06.fasta	99.8652	1631	1804
85-10.fasta	ATCC_11633.fasta	99.8601	1618	1804
85-10.fasta	Tu-11.fasta	99.8598	1634	1804
85-10.fasta	Xcv_Sspep_92.fasta	99.8587	1670	1804
85-10.fasta	87-21.fasta	99.849	1613	1804
85-10.fasta	Ps-1.fasta	99.8438	1649	1804
85-10.fasta	DC99P1A1.fasta	99.8326	1667	1804
85-10.fasta	Xcv_DC_97_P2A.fasta	99.8301	1611	1804
85-10.fasta	DOA-1726.fasta	99.8279	1626	1804
85-10.fasta	Xcv_DC_96-2.fasta	99.8238	1626	1804
85-10.fasta	X22.fasta	99.8191	1629	1804
85-10.fasta	VTM4.fasta	99.817	1634	1804
85-10.fasta	DOA-1721.fasta	99.8164	1620	1804
85-10.fasta	Xcv_DC_97_P3A.fasta	99.8156	1625	1804
85-10.fasta	VTM17.fasta	99.8143	1639	1804
85-10.fasta	Tabasco1.fasta	99.8141	1641	1804
85-10.fasta	90-13.fasta	99.8125	1661	1804
85-10.fasta	VTM12.fasta	99.8114	1639	1804
85-10.fasta	X13.fasta	99.8112	1671	1804
85-10.fasta	DOA-2987.fasta	99.8106	1624	1804
85-10.fasta	Xe173.fasta	99.8103	1731	1804
85-10.fasta	DC99P1B1.fasta	99.8091	1676	1804
85-10.fasta	65XENP1.fasta	99.8083	1638	1804
85-10.fasta	X31.fasta	99.807	1627	1804
85-10.fasta	20HP1591.fasta	99.8058	1632	1804
85-10.fasta	Tu-08.fasta	99.8058	1640	1804
85-10.fasta	DOA-2989.fasta	99.8057	1628	1804
85-10.fasta	20HP1594.fasta	99.805	1621	1804
85-10.fasta	87-13.fasta	99.8031	1675	1804
85-10.fasta	65XENP2.fasta	99.8027	1643	1804
85-10.fasta	XCVCP-C-51.fasta	99.8025	1613	1804
85-10.fasta	X82-8P_C3.fasta	99.7987	1661	1804
85-10.fasta	DOA-2983.fasta	99.7982	1625	1804
85-10.fasta	X82-8P_C5.fasta	99.7982	1656	1804
85-10.fasta	71-21.fasta	99.7978	1602	1804
85-10.fasta	DOA-2036.fasta	99.7977	1621	1804
85-10.fasta	VTM10.fasta	99.7975	1628	1804
85-10.fasta	X82-8P_C2.fasta	99.7973	1643	1804
85-10.fasta	XCVCP-C-43.fasta	99.7969	1617	1804
85-10.fasta	X82-8P_C1.fasta	99.7961	1656	1804
85-10.fasta	X82-8P_C6.fasta	99.7916	1660	1804
85-10.fasta	X82-8P_C4.fasta	99.7899	1654	1804
85-10.fasta	Xcv_DC_97_P1A.fasta	99.7883	1654	1804
85-10.fasta	XCVKK-C-1.fasta	99.7873	1620	1804
85-10.fasta	Tu-10.fasta	99.7865	1627	1804
85-10.fasta	65XENP3.fasta	99.7823	1640	1804
85-10.fasta	XCVKK-C-4.fasta	99.7797	1613	1804
85-10.fasta	83M.fasta	99.7791	1504	1804
85-10.fasta	Xcv_DC_96-3.fasta	99.7754	1615	1804
85-10.fasta	Xcv_DC_96-5.fasta	99.7743	1618	1804
85-10.fasta	XCVKK-C-2.fasta	99.7733	1618	1804
85-10.fasta	XCVKK-C-3.fasta	99.7728	1615	1804
85-10.fasta	62XEKK5.fasta	99.7725	1622	1804
85-10.fasta	VTM15.fasta	99.7717	1631	1804
85-10.fasta	XCVKK-C-5.fasta	99.7674	1621	1804
85-10.fasta	DOA-2990.fasta	99.7539	1642	1804
85-10.fasta	LMG_909.fasta	99.7531	1475	1804
85-10.fasta	XVP26.fasta	99.7512	1645	1804
85-10.fasta	20HP1613.fasta	99.7458	1646	1804
85-10.fasta	Xcv_DC_96-1.fasta	99.7299	1664	1804
85-10.fasta	Xcv_DC_98_P2A.fasta	99.7228	1660	1804
85-10.fasta	89-16.fasta	99.721	1666	1804
85-10.fasta	Xcv_DC_93-6.fasta	99.7209	1657	1804
85-10.fasta	20HP1609-2.fasta	99.7153	1639	1804
85-10.fasta	20HP1608-1.fasta	99.7153	1634	1804
85-10.fasta	66b.fasta	99.7127	1548	1804
85-10.fasta	LMG_933.fasta	99.7092	1431	1804
85-10.fasta	FB570.fasta	99.7042	1651	1804
85-10.fasta	20HP1614.fasta	99.7023	1636	1804
85-10.fasta	20HP1608-2.fasta	99.7004	1636	1804
85-10.fasta	89-10.fasta	99.6979	1636	1804
85-10.fasta	Ps-7.fasta	99.6974	1647	1804
85-10.fasta	Xv157.fasta	99.6953	1639	1804
85-10.fasta	Xcv_DC_96-4.fasta	99.6882	1665	1804
85-10.fasta	87-7.fasta	99.6821	1657	1804
85-10.fasta	20HP1597.fasta	99.6614	1637	1804
85-10.fasta	VTM16.fasta	99.6529	1652	1804
85-10.fasta	20HP1615.fasta	99.6416	1633	1804
85-10.fasta	80-5.fasta	99.6404	1668	1804
85-10.fasta	69-1.fasta	99.634	1634	1804
85-10.fasta	LMG_667.fasta	99.6103	1536	1804
85-10.fasta	Xcv_DC_93-7.fasta	99.6062	1630	1804
85-10.fasta	Xcv_DC_93-9.fasta	99.5991	1633	1804
85-10.fasta	Xcv_DC_93-8.fasta	99.5946	1641	1804
85-10.fasta	87-47.fasta	99.587	1654	1804
85-10.fasta	LMG_905.fasta	99.5448	1469	1804
85-10.fasta	LMG_27970.fasta	99.5221	1160	1804
85-16.fasta	85-16.fasta	100	1673	1675
85-16.fasta	Xv_72.fasta	99.9845	1657	1675
85-16.fasta	85-10.fasta	99.9786	1665	1675
85-16.fasta	Xv_79.fasta	99.9767	1660	1675
85-16.fasta	86-22.fasta	99.9573	1634	1675
85-16.fasta	86-46.fasta	99.9527	1555	1675
85-16.fasta	75-3.fasta	99.9518	1590	1675
85-16.fasta	WHRI_8301.fasta	99.9482	1617	1675
85-16.fasta	ATCC_11633.fasta	99.9443	1561	1675
85-16.fasta	86-2.fasta	99.9433	1605	1675
85-16.fasta	69-24.fasta	99.9403	1551	1675
85-16.fasta	72-7.fasta	99.9391	1555	1675
85-16.fasta	70-7.fasta	99.9341	1553	1675
85-16.fasta	E3.fasta	99.9335	1556	1675
85-16.fasta	LMG_930.fasta	99.932	1635	1675
85-16.fasta	Xcv_Sspep_92.fasta	99.9235	1610	1675
85-16.fasta	X82-8P.fasta	99.9221	1574	1675
85-16.fasta	87-21.fasta	99.921	1560	1675
85-16.fasta	Ps-1.fasta	99.9047	1595	1675
85-16.fasta	Tu-06.fasta	99.8857	1559	1675
85-16.fasta	Tu-11.fasta	99.8808	1566	1675
85-16.fasta	Xcv_DC_97_P2A.fasta	99.8738	1550	1675
85-16.fasta	90-13.fasta	99.8712	1593	1675
85-16.fasta	Tu-08.fasta	99.8654	1572	1675
85-16.fasta	DC99P1A1.fasta	99.8644	1613	1675
85-16.fasta	XCVKK-C-4.fasta	99.8608	1544	1675
85-16.fasta	Xcv_DC_97_P1A.fasta	99.8569	1596	1675
85-16.fasta	Xcv_DC_97_P3A.fasta	99.8565	1563	1675
85-16.fasta	71-21.fasta	99.8562	1544	1675
85-16.fasta	20HP1591.fasta	99.856	1561	1675
85-16.fasta	DC99P1B1.fasta	99.8555	1613	1675
85-16.fasta	Xcv_DC_96-2.fasta	99.8553	1568	1675
85-16.fasta	XCVKK-C-5.fasta	99.8548	1551	1675
85-16.fasta	Xe173.fasta	99.8543	1622	1675
85-16.fasta	62XEKK5.fasta	99.8519	1552	1675
85-16.fasta	87-13.fasta	99.8513	1606	1675
85-16.fasta	65XENP1.fasta	99.8511	1568	1675
85-16.fasta	DOA-2990.fasta	99.8507	1567	1675
85-16.fasta	VTM10.fasta	99.8496	1558	1675
85-16.fasta	VTM4.fasta	99.8484	1566	1675
85-16.fasta	Tabasco1.fasta	99.8484	1569	1675
85-16.fasta	VTM17.fasta	99.8483	1570	1675
85-16.fasta	XCVCP-C-43.fasta	99.8483	1547	1675
85-16.fasta	XCVCP-C-51.fasta	99.8482	1547	1675
85-16.fasta	VTM12.fasta	99.8479	1564	1675
85-16.fasta	Tu-10.fasta	99.8431	1563	1675
85-16.fasta	DOA-2987.fasta	99.8424	1563	1675
85-16.fasta	DOA-2983.fasta	99.842	1556	1675
85-16.fasta	65XENP3.fasta	99.8415	1568	1675
85-16.fasta	VTM15.fasta	99.8408	1561	1675
85-16.fasta	65XENP2.fasta	99.8395	1569	1675
85-16.fasta	DOA-1721.fasta	99.8392	1559	1675
85-16.fasta	XCVKK-C-3.fasta	99.8391	1550	1675
85-16.fasta	DOA-2989.fasta	99.8373	1566	1675
85-16.fasta	Xcv_DC_96-5.fasta	99.8366	1557	1675
85-16.fasta	DOA-1726.fasta	99.8353	1566	1675
85-16.fasta	Xcv_DC_96-3.fasta	99.8351	1556	1675
85-16.fasta	XCVKK-C-1.fasta	99.8315	1555	1675
85-16.fasta	XCVKK-C-2.fasta	99.8299	1550	1675
85-16.fasta	20HP1594.fasta	99.8293	1559	1675
85-16.fasta	X22.fasta	99.8291	1562	1675
85-16.fasta	X31.fasta	99.8285	1559	1675
85-16.fasta	X13.fasta	99.828	1609	1675
85-16.fasta	DOA-2036.fasta	99.8253	1549	1675
85-16.fasta	X82-8P_C5.fasta	99.8222	1584	1675
85-16.fasta	X82-8P_C6.fasta	99.8212	1579	1675
85-16.fasta	X82-8P_C1.fasta	99.8162	1583	1675
85-16.fasta	X82-8P_C4.fasta	99.8152	1577	1675
85-16.fasta	X82-8P_C3.fasta	99.8151	1586	1675
85-16.fasta	X82-8P_C2.fasta	99.812	1587	1675
85-16.fasta	20HP1613.fasta	99.796	1574	1675
85-16.fasta	83M.fasta	99.784	1442	1675
85-16.fasta	XVP26.fasta	99.7808	1574	1675
85-16.fasta	20HP1608-1.fasta	99.7713	1570	1675
85-16.fasta	Xv157.fasta	99.7706	1586	1675
85-16.fasta	89-16.fasta	99.7697	1597	1675
85-16.fasta	89-10.fasta	99.7608	1589	1675
85-16.fasta	20HP1614.fasta	99.7598	1571	1675
85-16.fasta	20HP1608-2.fasta	99.7547	1568	1675
85-16.fasta	Ps-7.fasta	99.7545	1590	1675
85-16.fasta	20HP1609-2.fasta	99.7545	1572	1675
85-16.fasta	Xcv_DC_93-6.fasta	99.7521	1603	1675
85-16.fasta	VTM16.fasta	99.752	1581	1675
85-16.fasta	FB570.fasta	99.7518	1597	1675
85-16.fasta	66b.fasta	99.7503	1486	1675
85-16.fasta	Xcv_DC_96-1.fasta	99.75	1608	1675
85-16.fasta	20HP1597.fasta	99.7406	1567	1675
85-16.fasta	20HP1615.fasta	99.7378	1565	1675
85-16.fasta	Xcv_DC_98_P2A.fasta	99.7367	1605	1675
85-16.fasta	Xcv_DC_96-4.fasta	99.7345	1605	1675
85-16.fasta	87-7.fasta	99.7319	1581	1675
85-16.fasta	LMG_933.fasta	99.7295	1376	1675
85-16.fasta	LMG_909.fasta	99.713	1411	1675
85-16.fasta	69-1.fasta	99.6916	1565	1675
85-16.fasta	LMG_667.fasta	99.6725	1470	1675
85-16.fasta	Xcv_DC_93-8.fasta	99.6564	1573	1675
85-16.fasta	80-5.fasta	99.6546	1598	1675
85-16.fasta	Xcv_DC_93-9.fasta	99.6455	1570	1675
85-16.fasta	87-47.fasta	99.6396	1604	1675
85-16.fasta	Xcv_DC_93-7.fasta	99.611	1579	1675
85-16.fasta	LMG_27970.fasta	99.5564	1127	1675
85-16.fasta	LMG_905.fasta	99.5347	1416	1675
86-2.fasta	86-2.fasta	100	1695	1702
86-2.fasta	75-3.fasta	99.9665	1623	1702
86-2.fasta	85-16.fasta	99.9448	1611	1702
86-2.fasta	86-22.fasta	99.9443	1627	1702
86-2.fasta	WHRI_8301.fasta	99.943	1651	1702
86-2.fasta	ATCC_11633.fasta	99.9397	1596	1702
86-2.fasta	E3.fasta	99.9362	1589	1702
86-2.fasta	86-46.fasta	99.9313	1581	1702
86-2.fasta	85-10.fasta	99.9284	1667	1702
86-2.fasta	69-24.fasta	99.926	1576	1702
86-2.fasta	LMG_930.fasta	99.9209	1662	1702
86-2.fasta	X82-8P.fasta	99.9137	1582	1702
86-2.fasta	72-7.fasta	99.9078	1567	1702
86-2.fasta	Xv_72.fasta	99.8999	1657	1702
86-2.fasta	70-7.fasta	99.8957	1564	1702
86-2.fasta	Xcv_Sspep_92.fasta	99.8858	1617	1702
86-2.fasta	Xv_79.fasta	99.8852	1661	1702
86-2.fasta	87-21.fasta	99.8826	1571	1702
86-2.fasta	90-13.fasta	99.8825	1626	1702
86-2.fasta	Ps-1.fasta	99.88	1600	1702
86-2.fasta	Tu-06.fasta	99.8726	1573	1702
86-2.fasta	Tu-11.fasta	99.8716	1576	1702
86-2.fasta	VTM12.fasta	99.8676	1574	1702
86-2.fasta	VTM17.fasta	99.8654	1578	1702
86-2.fasta	87-13.fasta	99.8621	1607	1702
86-2.fasta	DOA-2987.fasta	99.8598	1570	1702
86-2.fasta	VTM4.fasta	99.8597	1579	1702
86-2.fasta	Tu-08.fasta	99.859	1581	1702
86-2.fasta	DOA-1726.fasta	99.858	1578	1702
86-2.fasta	DC99P1A1.fasta	99.8574	1616	1702
86-2.fasta	DC99P1B1.fasta	99.8565	1616	1702
86-2.fasta	71-21.fasta	99.8551	1560	1702
86-2.fasta	Xcv_DC_97_P2A.fasta	99.8525	1566	1702
86-2.fasta	DOA-2989.fasta	99.8522	1575	1702
86-2.fasta	Xcv_DC_96-2.fasta	99.8506	1578	1702
86-2.fasta	Xcv_DC_97_P3A.fasta	99.848	1574	1702
86-2.fasta	Xcv_DC_97_P1A.fasta	99.8467	1605	1702
86-2.fasta	X22.fasta	99.8456	1574	1702
86-2.fasta	20HP1591.fasta	99.8455	1575	1702
86-2.fasta	VTM15.fasta	99.8454	1574	1702
86-2.fasta	20HP1594.fasta	99.8443	1566	1702
86-2.fasta	XCVKK-C-3.fasta	99.8438	1563	1702
86-2.fasta	62XEKK5.fasta	99.8428	1561	1702
86-2.fasta	XCVCP-C-51.fasta	99.8426	1567	1702
86-2.fasta	XCVKK-C-5.fasta	99.842	1563	1702
86-2.fasta	DOA-2036.fasta	99.8415	1567	1702
86-2.fasta	XCVKK-C-1.fasta	99.8409	1569	1702
86-2.fasta	XCVKK-C-4.fasta	99.8391	1565	1702
86-2.fasta	Tabasco1.fasta	99.8382	1582	1702
86-2.fasta	DOA-1721.fasta	99.8362	1571	1702
86-2.fasta	VTM10.fasta	99.8361	1575	1702
86-2.fasta	DOA-2983.fasta	99.8356	1569	1702
86-2.fasta	65XENP2.fasta	99.8354	1586	1702
86-2.fasta	65XENP1.fasta	99.8338	1581	1702
86-2.fasta	Tu-10.fasta	99.8333	1576	1702
86-2.fasta	X31.fasta	99.8323	1577	1702
86-2.fasta	XCVKK-C-2.fasta	99.8318	1565	1702
86-2.fasta	XCVCP-C-43.fasta	99.8301	1563	1702
86-2.fasta	65XENP3.fasta	99.8299	1583	1702
86-2.fasta	Xcv_DC_96-5.fasta	99.8256	1574	1702
86-2.fasta	X13.fasta	99.8244	1617	1702
86-2.fasta	DOA-2990.fasta	99.8186	1585	1702
86-2.fasta	Xcv_DC_96-3.fasta	99.8128	1578	1702
86-2.fasta	20HP1613.fasta	99.8037	1587	1702
86-2.fasta	XVP26.fasta	99.7942	1586	1702
86-2.fasta	X82-8P_C2.fasta	99.7924	1582	1702
86-2.fasta	Xe173.fasta	99.792	1634	1702
86-2.fasta	X82-8P_C5.fasta	99.7824	1598	1702
86-2.fasta	X82-8P_C1.fasta	99.7822	1597	1702
86-2.fasta	X82-8P_C3.fasta	99.7783	1598	1702
86-2.fasta	X82-8P_C4.fasta	99.7679	1595	1702
86-2.fasta	X82-8P_C6.fasta	99.7668	1596	1702
86-2.fasta	89-10.fasta	99.7635	1605	1702
86-2.fasta	Xv157.fasta	99.7628	1605	1702
86-2.fasta	83M.fasta	99.7573	1454	1702
86-2.fasta	66b.fasta	99.753	1499	1702
86-2.fasta	FB570.fasta	99.7507	1615	1702
86-2.fasta	Ps-7.fasta	99.749	1605	1702
86-2.fasta	Xcv_DC_93-6.fasta	99.7471	1622	1702
86-2.fasta	Xcv_DC_98_P2A.fasta	99.7467	1621	1702
86-2.fasta	Xcv_DC_96-1.fasta	99.7392	1621	1702
86-2.fasta	20HP1608-1.fasta	99.7386	1586	1702
86-2.fasta	89-16.fasta	99.7377	1613	1702
86-2.fasta	Xcv_DC_96-4.fasta	99.7374	1619	1702
86-2.fasta	20HP1609-2.fasta	99.7371	1584	1702
86-2.fasta	20HP1615.fasta	99.7349	1581	1702
86-2.fasta	87-7.fasta	99.7347	1600	1702
86-2.fasta	LMG_933.fasta	99.7316	1393	1702
86-2.fasta	20HP1597.fasta	99.7258	1581	1702
86-2.fasta	20HP1614.fasta	99.7177	1585	1702
86-2.fasta	20HP1608-2.fasta	99.7157	1584	1702
86-2.fasta	LMG_909.fasta	99.7138	1423	1702
86-2.fasta	VTM16.fasta	99.7097	1592	1702
86-2.fasta	69-1.fasta	99.6823	1581	1702
86-2.fasta	80-5.fasta	99.6634	1604	1702
86-2.fasta	Xcv_DC_93-8.fasta	99.6571	1586	1702
86-2.fasta	Xcv_DC_93-9.fasta	99.6516	1586	1702
86-2.fasta	LMG_667.fasta	99.6403	1491	1702
86-2.fasta	Xcv_DC_93-7.fasta	99.6359	1588	1702
86-2.fasta	87-47.fasta	99.6076	1618	1702
86-2.fasta	LMG_905.fasta	99.5527	1420	1702
86-2.fasta	LMG_27970.fasta	99.4438	1137	1702
86-22.fasta	86-22.fasta	100	1690	1692
86-22.fasta	Xv_79.fasta	99.9839	1676	1692
86-22.fasta	85-10.fasta	99.9706	1689	1692
86-22.fasta	86-2.fasta	99.965	1625	1692
86-22.fasta	85-16.fasta	99.9535	1633	1692
86-22.fasta	Xv_72.fasta	99.9518	1675	1692
86-22.fasta	75-3.fasta	99.947	1613	1692
86-22.fasta	X82-8P.fasta	99.9401	1585	1692
86-22.fasta	86-46.fasta	99.936	1571	1692
86-22.fasta	ATCC_11633.fasta	99.9277	1576	1692
86-22.fasta	E3.fasta	99.9259	1579	1692
86-22.fasta	WHRI_8301.fasta	99.9245	1636	1692
86-22.fasta	Xcv_Sspep_92.fasta	99.9238	1630	1692
86-22.fasta	70-7.fasta	99.9235	1564	1692
86-22.fasta	69-24.fasta	99.9195	1569	1692
86-22.fasta	LMG_930.fasta	99.9176	1653	1692
86-22.fasta	72-7.fasta	99.9171	1569	1692
86-22.fasta	Ps-1.fasta	99.9163	1612	1692
86-22.fasta	87-21.fasta	99.9045	1575	1692
86-22.fasta	Tu-06.fasta	99.8994	1578	1692
86-22.fasta	Tu-11.fasta	99.8983	1581	1692
86-22.fasta	VTM17.fasta	99.8793	1584	1692
86-22.fasta	90-13.fasta	99.8751	1606	1692
86-22.fasta	Xcv_DC_97_P2A.fasta	99.8723	1568	1692
86-22.fasta	Xcv_DC_97_P3A.fasta	99.8632	1581	1692
86-22.fasta	87-13.fasta	99.8587	1618	1692
86-22.fasta	DC99P1B1.fasta	99.8585	1628	1692
86-22.fasta	Tabasco1.fasta	99.8582	1580	1692
86-22.fasta	71-21.fasta	99.8579	1565	1692
86-22.fasta	Xcv_DC_97_P1A.fasta	99.8503	1618	1692
86-22.fasta	DC99P1A1.fasta	99.8496	1631	1692
86-22.fasta	VTM12.fasta	99.8487	1583	1692
86-22.fasta	Xcv_DC_96-2.fasta	99.8482	1585	1692
86-22.fasta	Tu-08.fasta	99.8475	1590	1692
86-22.fasta	65XENP1.fasta	99.8474	1587	1692
86-22.fasta	Xe173.fasta	99.8464	1640	1692
86-22.fasta	VTM4.fasta	99.8456	1580	1692
86-22.fasta	65XENP3.fasta	99.8451	1587	1692
86-22.fasta	X82-8P_C3.fasta	99.8449	1598	1692
86-22.fasta	65XENP2.fasta	99.8439	1589	1692
86-22.fasta	X82-8P_C5.fasta	99.8414	1599	1692
86-22.fasta	X82-8P_C1.fasta	99.8412	1597	1692
86-22.fasta	DOA-2987.fasta	99.8378	1579	1692
86-22.fasta	X82-8P_C2.fasta	99.8371	1585	1692
86-22.fasta	DOA-2989.fasta	99.8368	1581	1692
86-22.fasta	X82-8P_C4.fasta	99.8367	1589	1692
86-22.fasta	DOA-2990.fasta	99.8363	1588	1692
86-22.fasta	DOA-1726.fasta	99.8336	1586	1692
86-22.fasta	X82-8P_C6.fasta	99.8333	1596	1692
86-22.fasta	VTM15.fasta	99.8319	1579	1692
86-22.fasta	X13.fasta	99.8295	1628	1692
86-22.fasta	20HP1591.fasta	99.8266	1580	1692
86-22.fasta	XCVCP-C-51.fasta	99.8245	1570	1692
86-22.fasta	VTM10.fasta	99.8231	1579	1692
86-22.fasta	DOA-2036.fasta	99.823	1568	1692
86-22.fasta	XCVKK-C-1.fasta	99.8224	1574	1692
86-22.fasta	XCVKK-C-4.fasta	99.8197	1567	1692
86-22.fasta	DOA-2983.fasta	99.8188	1578	1692
86-22.fasta	X22.fasta	99.8186	1581	1692
86-22.fasta	XCVKK-C-5.fasta	99.8169	1569	1692
86-22.fasta	Tu-10.fasta	99.8156	1580	1692
86-22.fasta	20HP1594.fasta	99.8147	1576	1692
86-22.fasta	62XEKK5.fasta	99.8146	1569	1692
86-22.fasta	XCVKK-C-3.fasta	99.8132	1570	1692
86-22.fasta	DOA-1721.fasta	99.8131	1581	1692
86-22.fasta	20HP1613.fasta	99.8121	1591	1692
86-22.fasta	XCVKK-C-2.fasta	99.8085	1569	1692
86-22.fasta	XCVCP-C-43.fasta	99.8083	1568	1692
86-22.fasta	Xcv_DC_96-5.fasta	99.8079	1581	1692
86-22.fasta	Xcv_DC_96-3.fasta	99.7957	1584	1692
86-22.fasta	X31.fasta	99.7938	1583	1692
86-22.fasta	XVP26.fasta	99.781	1596	1692
86-22.fasta	83M.fasta	99.7785	1465	1692
86-22.fasta	66b.fasta	99.7704	1496	1692
86-22.fasta	20HP1608-1.fasta	99.7613	1588	1692
86-22.fasta	89-16.fasta	99.7558	1607	1692
86-22.fasta	LMG_909.fasta	99.753	1418	1692
86-22.fasta	20HP1609-2.fasta	99.7525	1590	1692
86-22.fasta	Xv157.fasta	99.7515	1605	1692
86-22.fasta	87-7.fasta	99.7449	1596	1692
86-22.fasta	20HP1614.fasta	99.7432	1586	1692
86-22.fasta	20HP1615.fasta	99.7429	1580	1692
86-22.fasta	VTM16.fasta	99.7428	1596	1692
86-22.fasta	FB570.fasta	99.7394	1616	1692
86-22.fasta	89-10.fasta	99.7384	1608	1692
86-22.fasta	Xcv_DC_93-6.fasta	99.7377	1618	1692
86-22.fasta	Ps-7.fasta	99.7366	1605	1692
86-22.fasta	LMG_933.fasta	99.7317	1386	1692
86-22.fasta	Xcv_DC_98_P2A.fasta	99.7285	1621	1692
86-22.fasta	20HP1608-2.fasta	99.7276	1587	1692
86-22.fasta	Xcv_DC_96-4.fasta	99.7274	1623	1692
86-22.fasta	20HP1597.fasta	99.7258	1587	1692
86-22.fasta	Xcv_DC_96-1.fasta	99.7214	1623	1692
86-22.fasta	69-1.fasta	99.6892	1582	1692
86-22.fasta	LMG_667.fasta	99.6784	1488	1692
86-22.fasta	80-5.fasta	99.6762	1608	1692
86-22.fasta	87-47.fasta	99.6674	1619	1692
86-22.fasta	Xcv_DC_93-8.fasta	99.6612	1592	1692
86-22.fasta	Xcv_DC_93-9.fasta	99.6529	1592	1692
86-22.fasta	Xcv_DC_93-7.fasta	99.6189	1600	1692
86-22.fasta	LMG_905.fasta	99.5754	1424	1692
86-22.fasta	LMG_27970.fasta	99.4973	1131	1692
86-46.fasta	86-46.fasta	100	1661	1667
86-46.fasta	E3.fasta	99.9883	1636	1667
86-46.fasta	X82-8P.fasta	99.9838	1602	1667
86-46.fasta	X82-8P_C6.fasta	99.9828	1618	1667
86-46.fasta	X82-8P_C3.fasta	99.9824	1619	1667
86-46.fasta	X82-8P_C1.fasta	99.9817	1619	1667
86-46.fasta	X82-8P_C5.fasta	99.9816	1621	1667
86-46.fasta	X82-8P_C4.fasta	99.9809	1613	1667
86-46.fasta	72-7.fasta	99.9754	1592	1667
86-46.fasta	ATCC_11633.fasta	99.9733	1630	1667
86-46.fasta	85-16.fasta	99.9728	1552	1667
86-46.fasta	69-24.fasta	99.9712	1617	1667
86-46.fasta	LMG_930.fasta	99.9706	1659	1667
86-46.fasta	75-3.fasta	99.9679	1595	1667
86-46.fasta	X82-8P_C2.fasta	99.9672	1607	1667
86-46.fasta	70-7.fasta	99.9664	1601	1667
86-46.fasta	86-2.fasta	99.9532	1579	1667
86-46.fasta	85-10.fasta	99.9517	1606	1667
86-46.fasta	WHRI_8301.fasta	99.95	1625	1667
86-46.fasta	86-22.fasta	99.9446	1571	1667
86-46.fasta	XVP26.fasta	99.9323	1583	1667
86-46.fasta	87-21.fasta	99.9305	1587	1667
86-46.fasta	Tu-06.fasta	99.9287	1589	1667
86-46.fasta	Tu-11.fasta	99.9283	1592	1667
86-46.fasta	Xcv_Sspep_92.fasta	99.9256	1591	1667
86-46.fasta	Xcv_DC_97_P2A.fasta	99.9188	1578	1667
86-46.fasta	Xv_72.fasta	99.9112	1603	1667
86-46.fasta	Ps-1.fasta	99.9077	1579	1667
86-46.fasta	Xcv_DC_96-2.fasta	99.9067	1592	1667
86-46.fasta	Tu-08.fasta	99.9045	1593	1667
86-46.fasta	VTM16.fasta	99.9005	1595	1667
86-46.fasta	Xv_79.fasta	99.8987	1601	1667
86-46.fasta	Tabasco1.fasta	99.8975	1595	1667
86-46.fasta	Xcv_DC_96-5.fasta	99.8965	1585	1667
86-46.fasta	90-13.fasta	99.8934	1597	1667
86-46.fasta	Xcv_DC_97_P3A.fasta	99.8933	1589	1667
86-46.fasta	69-1.fasta	99.8925	1563	1667
86-46.fasta	80-5.fasta	99.8924	1594	1667
86-46.fasta	X22.fasta	99.8897	1585	1667
86-46.fasta	20HP1614.fasta	99.8895	1587	1667
86-46.fasta	DOA-2989.fasta	99.8891	1589	1667
86-46.fasta	DOA-2987.fasta	99.889	1588	1667
86-46.fasta	20HP1608-1.fasta	99.8871	1588	1667
86-46.fasta	Xcv_DC_97_P1A.fasta	99.886	1573	1667
86-46.fasta	Xcv_DC_96-3.fasta	99.8844	1582	1667
86-46.fasta	DOA-1726.fasta	99.8833	1591	1667
86-46.fasta	87-13.fasta	99.8831	1578	1667
86-46.fasta	20HP1609-2.fasta	99.883	1591	1667
86-46.fasta	DC99P1A1.fasta	99.8821	1587	1667
86-46.fasta	XCVCP-C-43.fasta	99.8817	1572	1667
86-46.fasta	DC99P1B1.fasta	99.8815	1586	1667
86-46.fasta	20HP1608-2.fasta	99.8806	1586	1667
86-46.fasta	VTM12.fasta	99.8792	1590	1667
86-46.fasta	VTM4.fasta	99.8781	1593	1667
86-46.fasta	VTM15.fasta	99.8768	1586	1667
86-46.fasta	Tu-10.fasta	99.8763	1590	1667
86-46.fasta	VTM10.fasta	99.8735	1584	1667
86-46.fasta	X31.fasta	99.8728	1588	1667
86-46.fasta	71-21.fasta	99.8689	1574	1667
86-46.fasta	Xe173.fasta	99.8677	1598	1667
86-46.fasta	VTM17.fasta	99.8647	1597	1667
86-46.fasta	XCVKK-C-3.fasta	99.8646	1575	1667
86-46.fasta	DOA-2983.fasta	99.8625	1579	1667
86-46.fasta	XCVKK-C-2.fasta	99.8623	1575	1667
86-46.fasta	DOA-1721.fasta	99.8622	1582	1667
86-46.fasta	Xcv_DC_98_P2A.fasta	99.8618	1602	1667
86-46.fasta	20HP1591.fasta	99.8616	1591	1667
86-46.fasta	62XEKK5.fasta	99.8602	1578	1667
86-46.fasta	DOA-2036.fasta	99.8583	1577	1667
86-46.fasta	Xv157.fasta	99.8575	1588	1667
86-46.fasta	XCVKK-C-1.fasta	99.857	1579	1667
86-46.fasta	89-10.fasta	99.8569	1588	1667
86-46.fasta	Xcv_DC_93-9.fasta	99.8551	1585	1667
86-46.fasta	FB570.fasta	99.8548	1595	1667
86-46.fasta	Xcv_DC_93-8.fasta	99.8545	1583	1667
86-46.fasta	Ps-7.fasta	99.8542	1590	1667
86-46.fasta	XCVCP-C-51.fasta	99.8532	1575	1667
86-46.fasta	20HP1615.fasta	99.853	1579	1667
86-46.fasta	20HP1597.fasta	99.8524	1586	1667
86-46.fasta	87-47.fasta	99.8515	1593	1667
86-46.fasta	Xcv_DC_96-1.fasta	99.8511	1603	1667
86-46.fasta	Xcv_DC_93-6.fasta	99.851	1603	1667
86-46.fasta	XCVKK-C-4.fasta	99.8506	1573	1667
86-46.fasta	Xcv_DC_96-4.fasta	99.8505	1603	1667
86-46.fasta	20HP1594.fasta	99.8477	1585	1667
86-46.fasta	XCVKK-C-5.fasta	99.8464	1578	1667
86-46.fasta	65XENP1.fasta	99.846	1601	1667
86-46.fasta	65XENP3.fasta	99.8452	1602	1667
86-46.fasta	65XENP2.fasta	99.8433	1604	1667
86-46.fasta	X13.fasta	99.8412	1587	1667
86-46.fasta	Xcv_DC_93-7.fasta	99.8409	1585	1667
86-46.fasta	89-16.fasta	99.8388	1601	1667
86-46.fasta	DOA-2990.fasta	99.8238	1601	1667
86-46.fasta	87-7.fasta	99.8186	1579	1667
86-46.fasta	20HP1613.fasta	99.8162	1602	1667
86-46.fasta	83M.fasta	99.798	1468	1667
86-46.fasta	66b.fasta	99.79	1465	1667
86-46.fasta	LMG_909.fasta	99.7869	1433	1667
86-46.fasta	LMG_905.fasta	99.7699	1425	1667
86-46.fasta	LMG_933.fasta	99.764	1391	1667
86-46.fasta	LMG_667.fasta	99.7451	1473	1667
86-46.fasta	LMG_27970.fasta	99.5816	1144	1667
87-13.fasta	87-13.fasta	100	1711	1715
87-13.fasta	Tu-10.fasta	99.99	1640	1715
87-13.fasta	VTM10.fasta	99.9849	1638	1715
87-13.fasta	VTM15.fasta	99.9833	1639	1715
87-13.fasta	Xcv_DC_96-5.fasta	99.9797	1621	1715
87-13.fasta	Xcv_DC_96-3.fasta	99.978	1623	1715
87-13.fasta	VTM12.fasta	99.9773	1642	1715
87-13.fasta	X22.fasta	99.9764	1631	1715
87-13.fasta	DOA-1721.fasta	99.9756	1620	1715
87-13.fasta	Xe173.fasta	99.9743	1701	1715
87-13.fasta	90-13.fasta	99.9735	1674	1715
87-13.fasta	XCVKK-C-4.fasta	99.9735	1613	1715
87-13.fasta	VTM16.fasta	99.9733	1653	1715
87-13.fasta	DOA-2989.fasta	99.9701	1625	1715
87-13.fasta	DOA-1726.fasta	99.9693	1628	1715
87-13.fasta	20HP1609-2.fasta	99.9692	1632	1715
87-13.fasta	Xcv_DC_97_P1A.fasta	99.9688	1657	1715
87-13.fasta	62XEKK5.fasta	99.9685	1617	1715
87-13.fasta	20HP1608-1.fasta	99.9681	1635	1715
87-13.fasta	X31.fasta	99.9681	1629	1715
87-13.fasta	X13.fasta	99.9679	1671	1715
87-13.fasta	DC99P1A1.fasta	99.9678	1674	1715
87-13.fasta	XCVKK-C-5.fasta	99.9676	1615	1715
87-13.fasta	DOA-2983.fasta	99.9672	1618	1715
87-13.fasta	20HP1594.fasta	99.9664	1623	1715
87-13.fasta	XCVKK-C-2.fasta	99.9652	1608	1715
87-13.fasta	20HP1608-2.fasta	99.9645	1626	1715
87-13.fasta	20HP1597.fasta	99.9641	1627	1715
87-13.fasta	XCVCP-C-51.fasta	99.962	1616	1715
87-13.fasta	XCVKK-C-3.fasta	99.9614	1616	1715
87-13.fasta	XCVCP-C-43.fasta	99.9613	1613	1715
87-13.fasta	DOA-2987.fasta	99.9612	1632	1715
87-13.fasta	XCVKK-C-1.fasta	99.9608	1618	1715
87-13.fasta	VTM4.fasta	99.9599	1640	1715
87-13.fasta	20HP1614.fasta	99.9597	1632	1715
87-13.fasta	DOA-2036.fasta	99.9563	1615	1715
87-13.fasta	20HP1591.fasta	99.9539	1632	1715
87-13.fasta	DC99P1B1.fasta	99.9532	1678	1715
87-13.fasta	20HP1615.fasta	99.9528	1623	1715
87-13.fasta	87-21.fasta	99.9326	1589	1715
87-13.fasta	Xcv_Sspep_92.fasta	99.9178	1645	1715
87-13.fasta	Xcv_DC_96-2.fasta	99.9147	1621	1715
87-13.fasta	Ps-1.fasta	99.9014	1621	1715
87-13.fasta	Tu-06.fasta	99.8955	1614	1715
87-13.fasta	Tu-08.fasta	99.8951	1644	1715
87-13.fasta	66b.fasta	99.8859	1548	1715
87-13.fasta	Tu-11.fasta	99.8792	1617	1715
87-13.fasta	Xcv_DC_97_P2A.fasta	99.8705	1603	1715
87-13.fasta	XVP26.fasta	99.8689	1615	1715
87-13.fasta	87-7.fasta	99.8626	1672	1715
87-13.fasta	71-21.fasta	99.8602	1580	1715
87-13.fasta	85-16.fasta	99.8473	1591	1715
87-13.fasta	89-10.fasta	99.8394	1623	1715
87-13.fasta	89-16.fasta	99.8365	1675	1715
87-13.fasta	72-7.fasta	99.8326	1600	1715
87-13.fasta	Xv157.fasta	99.832	1627	1715
87-13.fasta	ATCC_11633.fasta	99.8272	1584	1715
87-13.fasta	86-22.fasta	99.8271	1616	1715
87-13.fasta	85-10.fasta	99.8254	1673	1715
87-13.fasta	Xcv_DC_97_P3A.fasta	99.8248	1611	1715
87-13.fasta	Tabasco1.fasta	99.8242	1636	1715
87-13.fasta	86-46.fasta	99.8196	1572	1715
87-13.fasta	WHRI_8301.fasta	99.8118	1662	1715
87-13.fasta	Xcv_DC_96-1.fasta	99.8099	1660	1715
87-13.fasta	Xcv_DC_98_P2A.fasta	99.8084	1661	1715
87-13.fasta	Xcv_DC_93-6.fasta	99.8067	1652	1715
87-13.fasta	LMG_933.fasta	99.8054	1402	1715
87-13.fasta	75-3.fasta	99.8048	1605	1715
87-13.fasta	Xcv_DC_96-4.fasta	99.799	1658	1715
87-13.fasta	86-2.fasta	99.7955	1605	1715
87-13.fasta	FB570.fasta	99.7924	1644	1715
87-13.fasta	Ps-7.fasta	99.79	1637	1715
87-13.fasta	VTM17.fasta	99.7899	1631	1715
87-13.fasta	LMG_909.fasta	99.7875	1457	1715
87-13.fasta	87-47.fasta	99.7806	1642	1715
87-13.fasta	X82-8P_C6.fasta	99.7761	1618	1715
87-13.fasta	X82-8P_C5.fasta	99.776	1620	1715
87-13.fasta	X82-8P.fasta	99.767	1621	1715
87-13.fasta	X82-8P_C1.fasta	99.7628	1621	1715
87-13.fasta	Xv_79.fasta	99.7625	1650	1715
87-13.fasta	69-1.fasta	99.7617	1618	1715
87-13.fasta	70-7.fasta	99.7583	1604	1715
87-13.fasta	65XENP2.fasta	99.7561	1624	1715
87-13.fasta	Xv_72.fasta	99.7554	1650	1715
87-13.fasta	X82-8P_C2.fasta	99.7545	1607	1715
87-13.fasta	X82-8P_C3.fasta	99.7503	1623	1715
87-13.fasta	X82-8P_C4.fasta	99.7488	1617	1715
87-13.fasta	DOA-2990.fasta	99.7486	1629	1715
87-13.fasta	69-24.fasta	99.7467	1614	1715
87-13.fasta	LMG_930.fasta	99.7397	1688	1715
87-13.fasta	83M.fasta	99.736	1490	1715
87-13.fasta	20HP1613.fasta	99.7339	1631	1715
87-13.fasta	65XENP1.fasta	99.7328	1629	1715
87-13.fasta	65XENP3.fasta	99.7286	1628	1715
87-13.fasta	E3.fasta	99.7197	1594	1715
87-13.fasta	LMG_667.fasta	99.7057	1531	1715
87-13.fasta	80-5.fasta	99.6356	1664	1715
87-13.fasta	Xcv_DC_93-7.fasta	99.5773	1614	1715
87-13.fasta	Xcv_DC_93-9.fasta	99.5727	1612	1715
87-13.fasta	Xcv_DC_93-8.fasta	99.5683	1623	1715
87-13.fasta	LMG_905.fasta	99.5132	1461	1715
87-13.fasta	LMG_27970.fasta	99.4554	1151	1715
87-21.fasta	87-21.fasta	100	1622	1628
87-21.fasta	Xcv_DC_96-2.fasta	99.9833	1610	1628
87-21.fasta	Xv157.fasta	99.981	1591	1628
87-21.fasta	Xcv_DC_93-6.fasta	99.9792	1607	1628
87-21.fasta	FB570.fasta	99.9764	1604	1628
87-21.fasta	Xcv_DC_98_P2A.fasta	99.976	1611	1628
87-21.fasta	Xcv_DC_96-1.fasta	99.9753	1608	1628
87-21.fasta	87-47.fasta	99.9744	1593	1628
87-21.fasta	89-16.fasta	99.9735	1603	1628
87-21.fasta	X22.fasta	99.9689	1600	1628
87-21.fasta	89-10.fasta	99.9688	1593	1628
87-21.fasta	Ps-7.fasta	99.9681	1592	1628
87-21.fasta	Tu-10.fasta	99.9676	1606	1628
87-21.fasta	X31.fasta	99.9675	1599	1628
87-21.fasta	DOA-1726.fasta	99.9673	1607	1628
87-21.fasta	DOA-2987.fasta	99.9668	1601	1628
87-21.fasta	Xcv_DC_96-5.fasta	99.9647	1602	1628
87-21.fasta	71-21.fasta	99.9643	1588	1628
87-21.fasta	VTM12.fasta	99.9631	1603	1628
87-21.fasta	VTM10.fasta	99.963	1599	1628
87-21.fasta	DOA-2989.fasta	99.9606	1607	1628
87-21.fasta	Xcv_DC_96-4.fasta	99.9596	1610	1628
87-21.fasta	VTM15.fasta	99.9569	1602	1628
87-21.fasta	69-1.fasta	99.9558	1583	1628
87-21.fasta	20HP1608-1.fasta	99.954	1605	1628
87-21.fasta	Xe173.fasta	99.9536	1613	1628
87-21.fasta	DC99P1A1.fasta	99.9534	1603	1628
87-21.fasta	Xcv_DC_96-3.fasta	99.9528	1602	1628
87-21.fasta	87-13.fasta	99.9527	1594	1628
87-21.fasta	20HP1609-2.fasta	99.9522	1604	1628
87-21.fasta	20HP1614.fasta	99.9513	1606	1628
87-21.fasta	20HP1615.fasta	99.9507	1596	1628
87-21.fasta	VTM4.fasta	99.9507	1607	1628
87-21.fasta	87-7.fasta	99.9503	1578	1628
87-21.fasta	DC99P1B1.fasta	99.9503	1604	1628
87-21.fasta	DOA-1721.fasta	99.9492	1599	1628
87-21.fasta	20HP1597.fasta	99.9491	1601	1628
87-21.fasta	DOA-2983.fasta	99.9462	1596	1628
87-21.fasta	20HP1608-2.fasta	99.9461	1603	1628
87-21.fasta	XCVKK-C-4.fasta	99.9446	1588	1628
87-21.fasta	XCVKK-C-5.fasta	99.9434	1591	1628
87-21.fasta	Xcv_Sspep_92.fasta	99.9434	1607	1628
87-21.fasta	XCVKK-C-3.fasta	99.943	1591	1628
87-21.fasta	VTM16.fasta	99.9425	1617	1628
87-21.fasta	62XEKK5.fasta	99.9417	1590	1628
87-21.fasta	DOA-2036.fasta	99.9415	1594	1628
87-21.fasta	XCVCP-C-43.fasta	99.9415	1589	1628
87-21.fasta	20HP1594.fasta	99.9413	1599	1628
87-21.fasta	XCVKK-C-2.fasta	99.9404	1592	1628
87-21.fasta	Xcv_DC_97_P1A.fasta	99.94	1591	1628
87-21.fasta	Tu-06.fasta	99.9395	1610	1628
87-21.fasta	Ps-1.fasta	99.9391	1585	1628
87-21.fasta	20HP1591.fasta	99.9382	1605	1628
87-21.fasta	Tu-11.fasta	99.9381	1613	1628
87-21.fasta	XCVKK-C-1.fasta	99.936	1597	1628
87-21.fasta	XCVCP-C-51.fasta	99.936	1592	1628
87-21.fasta	90-13.fasta	99.9345	1590	1628
87-21.fasta	Xcv_DC_97_P2A.fasta	99.9335	1594	1628
87-21.fasta	XVP26.fasta	99.9325	1604	1628
87-21.fasta	Tabasco1.fasta	99.9277	1611	1628
87-21.fasta	ATCC_11633.fasta	99.9246	1595	1628
87-21.fasta	X13.fasta	99.9235	1598	1628
87-21.fasta	80-5.fasta	99.9227	1612	1628
87-21.fasta	Tu-08.fasta	99.9202	1607	1628
87-21.fasta	86-46.fasta	99.9199	1579	1628
87-21.fasta	Xcv_DC_97_P3A.fasta	99.9193	1608	1628
87-21.fasta	75-3.fasta	99.9188	1569	1628
87-21.fasta	E3.fasta	99.9158	1589	1628
87-21.fasta	WHRI_8301.fasta	99.9142	1600	1628
87-21.fasta	85-16.fasta	99.9097	1556	1628
87-21.fasta	Xv_72.fasta	99.9091	1598	1628
87-21.fasta	X82-8P_C5.fasta	99.9089	1604	1628
87-21.fasta	X82-8P.fasta	99.9077	1607	1628
87-21.fasta	LMG_930.fasta	99.9076	1613	1628
87-21.fasta	X82-8P_C6.fasta	99.9069	1604	1628
87-21.fasta	72-7.fasta	99.9057	1584	1628
87-21.fasta	X82-8P_C3.fasta	99.9056	1605	1628
87-21.fasta	X82-8P_C1.fasta	99.9051	1605	1628
87-21.fasta	X82-8P_C4.fasta	99.9041	1597	1628
87-21.fasta	VTM17.fasta	99.9038	1616	1628
87-21.fasta	85-10.fasta	99.9031	1611	1628
87-21.fasta	69-24.fasta	99.9006	1589	1628
87-21.fasta	86-2.fasta	99.9006	1558	1628
87-21.fasta	Xv_79.fasta	99.897	1596	1628
87-21.fasta	70-7.fasta	99.8954	1583	1628
87-21.fasta	X82-8P_C2.fasta	99.8941	1592	1628
87-21.fasta	86-22.fasta	99.8904	1578	1628
87-21.fasta	65XENP3.fasta	99.8784	1613	1628
87-21.fasta	DOA-2990.fasta	99.8779	1614	1628
87-21.fasta	65XENP1.fasta	99.8753	1618	1628
87-21.fasta	65XENP2.fasta	99.8746	1619	1628
87-21.fasta	Xcv_DC_93-7.fasta	99.8696	1601	1628
87-21.fasta	Xcv_DC_93-9.fasta	99.8656	1602	1628
87-21.fasta	Xcv_DC_93-8.fasta	99.8613	1605	1628
87-21.fasta	20HP1613.fasta	99.8593	1616	1628
87-21.fasta	66b.fasta	99.8409	1480	1628
87-21.fasta	LMG_909.fasta	99.8399	1457	1628
87-21.fasta	83M.fasta	99.837	1488	1628
87-21.fasta	LMG_933.fasta	99.8326	1415	1628
87-21.fasta	LMG_667.fasta	99.8321	1484	1628
87-21.fasta	LMG_905.fasta	99.7784	1441	1628
87-21.fasta	LMG_27970.fasta	99.4775	1152	1628
87-47.fasta	87-47.fasta	100	1724	1731
87-47.fasta	Xcv_DC_96-1.fasta	99.9967	1693	1731
87-47.fasta	89-10.fasta	99.9943	1659	1731
87-47.fasta	Ps-7.fasta	99.994	1675	1731
87-47.fasta	Xv157.fasta	99.9935	1658	1731
87-47.fasta	FB570.fasta	99.9921	1686	1731
87-47.fasta	Xcv_DC_93-6.fasta	99.9891	1690	1731
87-47.fasta	Xcv_DC_96-4.fasta	99.9859	1692	1731
87-47.fasta	Xcv_DC_96-2.fasta	99.9843	1643	1731
87-47.fasta	Xcv_DC_98_P2A.fasta	99.9842	1694	1731
87-47.fasta	87-21.fasta	99.9751	1604	1731
87-47.fasta	89-16.fasta	99.9733	1681	1731
87-47.fasta	71-21.fasta	99.9708	1588	1731
87-47.fasta	Xcv_DC_97_P3A.fasta	99.9288	1615	1731
87-47.fasta	X22.fasta	99.9204	1617	1731
87-47.fasta	Tu-06.fasta	99.9174	1603	1731
87-47.fasta	Xcv_DC_96-5.fasta	99.9166	1614	1731
87-47.fasta	20HP1591.fasta	99.9118	1620	1731
87-47.fasta	Tu-11.fasta	99.9116	1609	1731
87-47.fasta	87-7.fasta	99.9091	1646	1731
87-47.fasta	VTM10.fasta	99.9083	1611	1731
87-47.fasta	DOA-1726.fasta	99.9075	1626	1731
87-47.fasta	VTM15.fasta	99.9064	1615	1731
87-47.fasta	DOA-2987.fasta	99.9059	1618	1731
87-47.fasta	Xcv_DC_96-3.fasta	99.9054	1614	1731
87-47.fasta	Tu-10.fasta	99.9036	1620	1731
87-47.fasta	VTM17.fasta	99.9027	1618	1731
87-47.fasta	DOA-2989.fasta	99.9005	1625	1731
87-47.fasta	XCVKK-C-2.fasta	99.899	1612	1731
87-47.fasta	XCVCP-C-43.fasta	99.8968	1610	1731
87-47.fasta	VTM12.fasta	99.8962	1617	1731
87-47.fasta	DOA-1721.fasta	99.8957	1615	1731
87-47.fasta	DOA-2983.fasta	99.8943	1609	1731
87-47.fasta	X31.fasta	99.8936	1620	1731
87-47.fasta	20HP1594.fasta	99.8896	1615	1731
87-47.fasta	XCVKK-C-5.fasta	99.8887	1610	1731
87-47.fasta	XCVKK-C-3.fasta	99.8886	1609	1731
87-47.fasta	DOA-2036.fasta	99.8886	1609	1731
87-47.fasta	XCVKK-C-1.fasta	99.8873	1609	1731
87-47.fasta	VTM4.fasta	99.8864	1625	1731
87-47.fasta	XCVKK-C-4.fasta	99.8858	1609	1731
87-47.fasta	XCVCP-C-51.fasta	99.8848	1605	1731
87-47.fasta	62XEKK5.fasta	99.8835	1609	1731
87-47.fasta	20HP1608-2.fasta	99.8803	1638	1731
87-47.fasta	20HP1614.fasta	99.8752	1641	1731
87-47.fasta	72-7.fasta	99.8745	1582	1731
87-47.fasta	VTM16.fasta	99.8697	1646	1731
87-47.fasta	20HP1608-1.fasta	99.8622	1641	1731
87-47.fasta	20HP1609-2.fasta	99.8621	1640	1731
87-47.fasta	Tabasco1.fasta	99.8594	1616	1731
87-47.fasta	Tu-08.fasta	99.8591	1622	1731
87-47.fasta	20HP1597.fasta	99.859	1635	1731
87-47.fasta	Xcv_DC_97_P2A.fasta	99.8584	1597	1731
87-47.fasta	20HP1615.fasta	99.8579	1633	1731
87-47.fasta	DOA-2990.fasta	99.8549	1621	1731
87-47.fasta	Ps-1.fasta	99.8373	1618	1731
87-47.fasta	Xcv_Sspep_92.fasta	99.8347	1640	1731
87-47.fasta	DC99P1A1.fasta	99.832	1655	1731
87-47.fasta	ATCC_11633.fasta	99.8308	1608	1731
87-47.fasta	83M.fasta	99.8305	1487	1731
87-47.fasta	86-46.fasta	99.8291	1592	1731
87-47.fasta	20HP1613.fasta	99.8282	1630	1731
87-47.fasta	LMG_667.fasta	99.8268	1535	1731
87-47.fasta	LMG_909.fasta	99.8245	1455	1731
87-47.fasta	DC99P1B1.fasta	99.8209	1657	1731
87-47.fasta	65XENP3.fasta	99.8192	1623	1731
87-47.fasta	65XENP1.fasta	99.8179	1628	1731
87-47.fasta	65XENP2.fasta	99.8179	1626	1731
87-47.fasta	87-13.fasta	99.8156	1648	1731
87-47.fasta	XVP26.fasta	99.8129	1606	1731
87-47.fasta	70-7.fasta	99.8122	1587	1731
87-47.fasta	Xcv_DC_97_P1A.fasta	99.8043	1642	1731
87-47.fasta	Xe173.fasta	99.8025	1664	1731
87-47.fasta	LMG_933.fasta	99.8016	1417	1731
87-47.fasta	X82-8P.fasta	99.7981	1612	1731
87-47.fasta	X13.fasta	99.7865	1652	1731
87-47.fasta	90-13.fasta	99.7644	1654	1731
87-47.fasta	WHRI_8301.fasta	99.7626	1641	1731
87-47.fasta	69-1.fasta	99.7543	1603	1731
87-47.fasta	E3.fasta	99.7478	1607	1731
87-47.fasta	75-3.fasta	99.744	1616	1731
87-47.fasta	66b.fasta	99.7437	1526	1731
87-47.fasta	69-24.fasta	99.7396	1602	1731
87-47.fasta	X82-8P_C1.fasta	99.7096	1619	1731
87-47.fasta	X82-8P_C4.fasta	99.707	1610	1731
87-47.fasta	80-5.fasta	99.704	1647	1731
87-47.fasta	X82-8P_C6.fasta	99.703	1618	1731
87-47.fasta	X82-8P_C3.fasta	99.6953	1619	1731
87-47.fasta	X82-8P_C2.fasta	99.6938	1606	1731
87-47.fasta	X82-8P_C5.fasta	99.6879	1617	1731
87-47.fasta	Xcv_DC_93-8.fasta	99.6718	1616	1731
87-47.fasta	Xcv_DC_93-7.fasta	99.6689	1617	1731
87-47.fasta	Xcv_DC_93-9.fasta	99.664	1617	1731
87-47.fasta	LMG_930.fasta	99.6584	1670	1731
87-47.fasta	85-16.fasta	99.6422	1606	1731
87-47.fasta	85-10.fasta	99.6384	1655	1731
87-47.fasta	86-22.fasta	99.6122	1626	1731
87-47.fasta	86-2.fasta	99.6029	1615	1731
87-47.fasta	LMG_905.fasta	99.5442	1446	1731
87-47.fasta	Xv_72.fasta	99.5293	1661	1731
87-47.fasta	LMG_27970.fasta	99.4876	1155	1731
87-47.fasta	Xv_79.fasta	99.4695	1664	1731
87-7.fasta	87-7.fasta	100	1706	1712
87-7.fasta	X31.fasta	99.9838	1623	1712
87-7.fasta	X22.fasta	99.9831	1623	1712
87-7.fasta	DOA-1721.fasta	99.9806	1618	1712
87-7.fasta	DOA-1726.fasta	99.9797	1624	1712
87-7.fasta	DOA-2983.fasta	99.9777	1612	1712
87-7.fasta	VTM10.fasta	99.9774	1638	1712
87-7.fasta	Xcv_DC_96-5.fasta	99.9771	1613	1712
87-7.fasta	Xcv_DC_96-3.fasta	99.9765	1613	1712
87-7.fasta	VTM15.fasta	99.9755	1638	1712
87-7.fasta	DOA-2989.fasta	99.9746	1621	1712
87-7.fasta	20HP1591.fasta	99.9743	1623	1712
87-7.fasta	XCVKK-C-4.fasta	99.9728	1611	1712
87-7.fasta	VTM12.fasta	99.9725	1639	1712
87-7.fasta	DOA-2987.fasta	99.9721	1629	1712
87-7.fasta	XCVKK-C-2.fasta	99.9711	1604	1712
87-7.fasta	XCVKK-C-5.fasta	99.9702	1611	1712
87-7.fasta	20HP1614.fasta	99.9701	1622	1712
87-7.fasta	XCVKK-C-1.fasta	99.97	1608	1712
87-7.fasta	XCVKK-C-3.fasta	99.97	1610	1712
87-7.fasta	20HP1608-1.fasta	99.9699	1629	1712
87-7.fasta	20HP1609-2.fasta	99.9696	1626	1712
87-7.fasta	Tu-10.fasta	99.9696	1636	1712
87-7.fasta	62XEKK5.fasta	99.9693	1613	1712
87-7.fasta	20HP1594.fasta	99.9688	1613	1712
87-7.fasta	DOA-2036.fasta	99.9682	1605	1712
87-7.fasta	XCVCP-C-51.fasta	99.968	1611	1712
87-7.fasta	XCVCP-C-43.fasta	99.9666	1610	1712
87-7.fasta	VTM16.fasta	99.9659	1653	1712
87-7.fasta	VTM4.fasta	99.9628	1636	1712
87-7.fasta	20HP1608-2.fasta	99.9609	1623	1712
87-7.fasta	20HP1597.fasta	99.9591	1622	1712
87-7.fasta	87-21.fasta	99.9547	1580	1712
87-7.fasta	20HP1615.fasta	99.947	1618	1712
87-7.fasta	Xv157.fasta	99.944	1636	1712
87-7.fasta	89-10.fasta	99.9404	1635	1712
87-7.fasta	Xcv_DC_96-1.fasta	99.9153	1668	1712
87-7.fasta	Xcv_DC_98_P2A.fasta	99.915	1666	1712
87-7.fasta	89-16.fasta	99.9141	1685	1712
87-7.fasta	Xcv_DC_96-2.fasta	99.9127	1614	1712
87-7.fasta	Tu-06.fasta	99.9116	1605	1712
87-7.fasta	Xcv_DC_93-6.fasta	99.9112	1662	1712
87-7.fasta	Tu-11.fasta	99.9095	1607	1712
87-7.fasta	Xcv_DC_96-4.fasta	99.9049	1667	1712
87-7.fasta	FB570.fasta	99.9047	1655	1712
87-7.fasta	Tu-08.fasta	99.9016	1637	1712
87-7.fasta	Ps-7.fasta	99.8988	1643	1712
87-7.fasta	Xcv_DC_97_P2A.fasta	99.8959	1593	1712
87-7.fasta	87-47.fasta	99.8953	1646	1712
87-7.fasta	87-13.fasta	99.8805	1683	1712
87-7.fasta	Xcv_DC_97_P1A.fasta	99.876	1641	1712
87-7.fasta	71-21.fasta	99.8718	1574	1712
87-7.fasta	90-13.fasta	99.8692	1677	1712
87-7.fasta	XVP26.fasta	99.8689	1611	1712
87-7.fasta	Xe173.fasta	99.8669	1680	1712
87-7.fasta	DC99P1A1.fasta	99.8612	1653	1712
87-7.fasta	X13.fasta	99.8573	1651	1712
87-7.fasta	DC99P1B1.fasta	99.8553	1660	1712
87-7.fasta	72-7.fasta	99.8505	1608	1712
87-7.fasta	Tabasco1.fasta	99.847	1629	1712
87-7.fasta	VTM17.fasta	99.8328	1621	1712
87-7.fasta	Xcv_DC_97_P3A.fasta	99.8311	1605	1712
87-7.fasta	LMG_667.fasta	99.8078	1534	1712
87-7.fasta	X82-8P.fasta	99.8072	1612	1712
87-7.fasta	X82-8P_C4.fasta	99.8	1603	1712
87-7.fasta	ATCC_11633.fasta	99.7992	1591	1712
87-7.fasta	86-46.fasta	99.7986	1578	1712
87-7.fasta	Xcv_Sspep_92.fasta	99.7975	1631	1712
87-7.fasta	X82-8P_C6.fasta	99.7949	1613	1712
87-7.fasta	65XENP2.fasta	99.794	1617	1712
87-7.fasta	X82-8P_C1.fasta	99.7931	1612	1712
87-7.fasta	X82-8P_C5.fasta	99.7925	1615	1712
87-7.fasta	LMG_933.fasta	99.7921	1410	1712
87-7.fasta	X82-8P_C2.fasta	99.7816	1600	1712
87-7.fasta	LMG_909.fasta	99.7801	1446	1712
87-7.fasta	70-7.fasta	99.7791	1606	1712
87-7.fasta	X82-8P_C3.fasta	99.7787	1614	1712
87-7.fasta	Ps-1.fasta	99.7779	1612	1712
87-7.fasta	66b.fasta	99.7722	1540	1712
87-7.fasta	65XENP1.fasta	99.7695	1624	1712
87-7.fasta	DOA-2990.fasta	99.7687	1619	1712
87-7.fasta	65XENP3.fasta	99.7612	1624	1712
87-7.fasta	69-1.fasta	99.7599	1627	1712
87-7.fasta	83M.fasta	99.7555	1489	1712
87-7.fasta	20HP1613.fasta	99.7546	1621	1712
87-7.fasta	85-16.fasta	99.7262	1575	1712
87-7.fasta	85-10.fasta	99.7231	1661	1712
87-7.fasta	69-24.fasta	99.7162	1617	1712
87-7.fasta	86-22.fasta	99.6996	1599	1712
87-7.fasta	E3.fasta	99.6896	1603	1712
87-7.fasta	WHRI_8301.fasta	99.6825	1661	1712
87-7.fasta	75-3.fasta	99.6794	1603	1712
87-7.fasta	86-2.fasta	99.67	1600	1712
87-7.fasta	80-5.fasta	99.648	1658	1712
87-7.fasta	LMG_930.fasta	99.6252	1686	1712
87-7.fasta	Xv_72.fasta	99.6193	1642	1712
87-7.fasta	Xcv_DC_93-9.fasta	99.6158	1604	1712
87-7.fasta	Xcv_DC_93-7.fasta	99.6154	1603	1712
87-7.fasta	Xv_79.fasta	99.6143	1642	1712
87-7.fasta	Xcv_DC_93-8.fasta	99.6087	1614	1712
87-7.fasta	LMG_905.fasta	99.5834	1449	1712
87-7.fasta	LMG_27970.fasta	99.4979	1145	1712
89-10.fasta	89-10.fasta	100	1677	1684
89-10.fasta	Xcv_DC_96-1.fasta	99.9987	1670	1684
89-10.fasta	Xcv_DC_98_P2A.fasta	99.9986	1670	1684
89-10.fasta	Xv157.fasta	99.9982	1659	1684
89-10.fasta	Xcv_DC_96-2.fasta	99.998	1621	1684
89-10.fasta	Xcv_DC_96-4.fasta	99.9977	1668	1684
89-10.fasta	FB570.fasta	99.9962	1664	1684
89-10.fasta	Ps-7.fasta	99.9961	1651	1684
89-10.fasta	Xcv_DC_93-6.fasta	99.9951	1668	1684
89-10.fasta	87-47.fasta	99.992	1656	1684
89-10.fasta	89-16.fasta	99.983	1663	1684
89-10.fasta	87-21.fasta	99.9751	1594	1684
89-10.fasta	Xcv_DC_96-5.fasta	99.9703	1609	1684
89-10.fasta	DOA-1721.fasta	99.967	1610	1684
89-10.fasta	VTM16.fasta	99.9668	1612	1684
89-10.fasta	71-21.fasta	99.9649	1581	1684
89-10.fasta	VTM10.fasta	99.9646	1606	1684
89-10.fasta	X22.fasta	99.9643	1612	1684
89-10.fasta	X31.fasta	99.9633	1612	1684
89-10.fasta	DOA-2983.fasta	99.9631	1602	1684
89-10.fasta	DOA-2987.fasta	99.963	1602	1684
89-10.fasta	DOA-1726.fasta	99.963	1609	1684
89-10.fasta	VTM15.fasta	99.9621	1610	1684
89-10.fasta	Xcv_DC_96-3.fasta	99.962	1607	1684
89-10.fasta	Tu-10.fasta	99.9599	1614	1684
89-10.fasta	XCVKK-C-4.fasta	99.9584	1600	1684
89-10.fasta	DOA-2989.fasta	99.9581	1607	1684
89-10.fasta	DOA-2036.fasta	99.9578	1601	1684
89-10.fasta	XCVKK-C-3.fasta	99.9546	1601	1684
89-10.fasta	XCVKK-C-5.fasta	99.9546	1603	1684
89-10.fasta	20HP1594.fasta	99.954	1604	1684
89-10.fasta	XCVKK-C-1.fasta	99.9539	1601	1684
89-10.fasta	20HP1597.fasta	99.9537	1601	1684
89-10.fasta	20HP1608-2.fasta	99.9523	1604	1684
89-10.fasta	20HP1608-1.fasta	99.9522	1607	1684
89-10.fasta	20HP1615.fasta	99.9521	1599	1684
89-10.fasta	20HP1609-2.fasta	99.9507	1607	1684
89-10.fasta	XCVCP-C-51.fasta	99.9501	1597	1684
89-10.fasta	XCVKK-C-2.fasta	99.95	1603	1684
89-10.fasta	20HP1591.fasta	99.9499	1604	1684
89-10.fasta	62XEKK5.fasta	99.9495	1602	1684
89-10.fasta	20HP1614.fasta	99.9492	1606	1684
89-10.fasta	XCVCP-C-43.fasta	99.9489	1601	1684
89-10.fasta	VTM12.fasta	99.9478	1605	1684
89-10.fasta	87-7.fasta	99.9464	1633	1684
89-10.fasta	VTM4.fasta	99.9417	1607	1684
89-10.fasta	Tu-06.fasta	99.9246	1604	1684
89-10.fasta	Tu-11.fasta	99.9232	1611	1684
89-10.fasta	Xcv_DC_97_P3A.fasta	99.9215	1604	1684
89-10.fasta	XVP26.fasta	99.9161	1600	1684
89-10.fasta	Tu-08.fasta	99.916	1607	1684
89-10.fasta	Tabasco1.fasta	99.915	1596	1684
89-10.fasta	Xcv_DC_97_P2A.fasta	99.9037	1592	1684
89-10.fasta	VTM17.fasta	99.8884	1609	1684
89-10.fasta	DOA-2990.fasta	99.8871	1603	1684
89-10.fasta	X82-8P_C5.fasta	99.881	1592	1684
89-10.fasta	X82-8P.fasta	99.8798	1596	1684
89-10.fasta	X82-8P_C1.fasta	99.8795	1594	1684
89-10.fasta	X82-8P_C3.fasta	99.8794	1594	1684
89-10.fasta	X82-8P_C6.fasta	99.8757	1593	1684
89-10.fasta	X82-8P_C4.fasta	99.8756	1586	1684
89-10.fasta	Xe173.fasta	99.8735	1654	1684
89-10.fasta	70-7.fasta	99.8726	1569	1684
89-10.fasta	72-7.fasta	99.8695	1574	1684
89-10.fasta	Xcv_DC_97_P1A.fasta	99.8672	1636	1684
89-10.fasta	65XENP2.fasta	99.8666	1609	1684
89-10.fasta	X82-8P_C2.fasta	99.8649	1582	1684
89-10.fasta	DC99P1A1.fasta	99.8637	1639	1684
89-10.fasta	65XENP1.fasta	99.8628	1611	1684
89-10.fasta	20HP1613.fasta	99.8595	1618	1684
89-10.fasta	DC99P1B1.fasta	99.859	1641	1684
89-10.fasta	87-13.fasta	99.8588	1634	1684
89-10.fasta	ATCC_11633.fasta	99.8493	1598	1684
89-10.fasta	65XENP3.fasta	99.8478	1608	1684
89-10.fasta	X13.fasta	99.8468	1645	1684
89-10.fasta	LMG_909.fasta	99.8436	1453	1684
89-10.fasta	LMG_667.fasta	99.8399	1521	1684
89-10.fasta	Ps-1.fasta	99.8326	1619	1684
89-10.fasta	86-46.fasta	99.8324	1581	1684
89-10.fasta	E3.fasta	99.8282	1589	1684
89-10.fasta	90-13.fasta	99.8263	1638	1684
89-10.fasta	Xcv_Sspep_92.fasta	99.826	1645	1684
89-10.fasta	69-24.fasta	99.821	1583	1684
89-10.fasta	83M.fasta	99.8174	1478	1684
89-10.fasta	LMG_933.fasta	99.7966	1413	1684
89-10.fasta	66b.fasta	99.7902	1513	1684
89-10.fasta	85-16.fasta	99.7659	1581	1684
89-10.fasta	WHRI_8301.fasta	99.759	1632	1684
89-10.fasta	69-1.fasta	99.7585	1600	1684
89-10.fasta	75-3.fasta	99.7554	1603	1684
89-10.fasta	86-22.fasta	99.7529	1605	1684
89-10.fasta	85-10.fasta	99.7468	1638	1684
89-10.fasta	86-2.fasta	99.7422	1602	1684
89-10.fasta	Xcv_DC_93-9.fasta	99.729	1610	1684
89-10.fasta	Xcv_DC_93-8.fasta	99.729	1611	1684
89-10.fasta	LMG_930.fasta	99.7179	1655	1684
89-10.fasta	Xcv_DC_93-7.fasta	99.716	1612	1684
89-10.fasta	Xv_72.fasta	99.7094	1636	1684
89-10.fasta	80-5.fasta	99.6995	1629	1684
89-10.fasta	Xv_79.fasta	99.6904	1636	1684
89-10.fasta	LMG_905.fasta	99.5348	1449	1684
89-10.fasta	LMG_27970.fasta	99.4804	1145	1684
89-16.fasta	89-16.fasta	100	1722	1725
89-16.fasta	Xcv_DC_93-6.fasta	99.9825	1680	1725
89-16.fasta	Xcv_DC_96-2.fasta	99.9822	1641	1725
89-16.fasta	Xcv_DC_98_P2A.fasta	99.977	1688	1725
89-16.fasta	Xcv_DC_96-1.fasta	99.9753	1690	1725
89-16.fasta	Xv157.fasta	99.9732	1654	1725
89-16.fasta	Ps-7.fasta	99.9714	1662	1725
89-16.fasta	FB570.fasta	99.9704	1673	1725
89-16.fasta	Xcv_DC_96-4.fasta	99.9657	1687	1725
89-16.fasta	87-47.fasta	99.9587	1670	1725
89-16.fasta	89-10.fasta	99.9586	1655	1725
89-16.fasta	87-21.fasta	99.942	1599	1725
89-16.fasta	71-21.fasta	99.924	1589	1725
89-16.fasta	DOA-1726.fasta	99.9195	1624	1725
89-16.fasta	Tu-06.fasta	99.9181	1621	1725
89-16.fasta	Tu-11.fasta	99.9169	1625	1725
89-16.fasta	XVP26.fasta	99.9158	1618	1725
89-16.fasta	DOA-2987.fasta	99.9112	1626	1725
89-16.fasta	DOA-1721.fasta	99.9074	1616	1725
89-16.fasta	Xcv_DC_96-5.fasta	99.9074	1617	1725
89-16.fasta	87-7.fasta	99.9071	1680	1725
89-16.fasta	20HP1591.fasta	99.9062	1623	1725
89-16.fasta	20HP1597.fasta	99.9059	1619	1725
89-16.fasta	DOA-2989.fasta	99.9057	1625	1725
89-16.fasta	XCVKK-C-5.fasta	99.9013	1614	1725
89-16.fasta	20HP1608-1.fasta	99.9006	1628	1725
89-16.fasta	Xcv_DC_96-3.fasta	99.8999	1619	1725
89-16.fasta	XCVKK-C-2.fasta	99.8987	1614	1725
89-16.fasta	DOA-2983.fasta	99.8987	1614	1725
89-16.fasta	20HP1614.fasta	99.8984	1621	1725
89-16.fasta	XCVKK-C-4.fasta	99.898	1620	1725
89-16.fasta	XCVKK-C-3.fasta	99.8978	1617	1725
89-16.fasta	Tu-10.fasta	99.8977	1637	1725
89-16.fasta	62XEKK5.fasta	99.8973	1621	1725
89-16.fasta	20HP1615.fasta	99.8972	1615	1725
89-16.fasta	20HP1594.fasta	99.8972	1619	1725
89-16.fasta	20HP1609-2.fasta	99.897	1628	1725
89-16.fasta	Xcv_DC_97_P3A.fasta	99.8961	1622	1725
89-16.fasta	XCVCP-C-43.fasta	99.896	1615	1725
89-16.fasta	VTM16.fasta	99.8959	1649	1725
89-16.fasta	XCVKK-C-1.fasta	99.8948	1615	1725
89-16.fasta	20HP1608-2.fasta	99.8943	1625	1725
89-16.fasta	X22.fasta	99.894	1626	1725
89-16.fasta	XCVCP-C-51.fasta	99.8924	1612	1725
89-16.fasta	VTM12.fasta	99.8921	1643	1725
89-16.fasta	DOA-2036.fasta	99.8912	1613	1725
89-16.fasta	VTM17.fasta	99.8872	1639	1725
89-16.fasta	VTM15.fasta	99.8856	1638	1725
89-16.fasta	X31.fasta	99.8831	1627	1725
89-16.fasta	VTM10.fasta	99.8792	1637	1725
89-16.fasta	VTM4.fasta	99.8725	1645	1725
89-16.fasta	Tabasco1.fasta	99.8668	1643	1725
89-16.fasta	LMG_667.fasta	99.8558	1551	1725
89-16.fasta	87-13.fasta	99.8531	1674	1725
89-16.fasta	72-7.fasta	99.8526	1610	1725
89-16.fasta	Tu-08.fasta	99.8502	1643	1725
89-16.fasta	LMG_909.fasta	99.8491	1470	1725
89-16.fasta	65XENP2.fasta	99.8397	1624	1725
89-16.fasta	65XENP1.fasta	99.8367	1630	1725
89-16.fasta	DOA-2990.fasta	99.8362	1632	1725
89-16.fasta	Xcv_Sspep_92.fasta	99.8354	1641	1725
89-16.fasta	65XENP3.fasta	99.8307	1632	1725
89-16.fasta	Xcv_DC_97_P1A.fasta	99.8211	1639	1725
89-16.fasta	86-46.fasta	99.8195	1586	1725
89-16.fasta	Xcv_DC_97_P2A.fasta	99.8191	1606	1725
89-16.fasta	20HP1613.fasta	99.8158	1648	1725
89-16.fasta	Xe173.fasta	99.8147	1684	1725
89-16.fasta	Ps-1.fasta	99.8141	1617	1725
89-16.fasta	DC99P1A1.fasta	99.8112	1653	1725
89-16.fasta	DC99P1B1.fasta	99.8107	1659	1725
89-16.fasta	ATCC_11633.fasta	99.808	1604	1725
89-16.fasta	LMG_933.fasta	99.8061	1416	1725
89-16.fasta	83M.fasta	99.7988	1511	1725
89-16.fasta	X82-8P.fasta	99.7955	1628	1725
89-16.fasta	X82-8P_C1.fasta	99.7931	1625	1725
89-16.fasta	90-13.fasta	99.791	1672	1725
89-16.fasta	X13.fasta	99.7908	1655	1725
89-16.fasta	X82-8P_C6.fasta	99.7897	1626	1725
89-16.fasta	X82-8P_C4.fasta	99.7875	1619	1725
89-16.fasta	X82-8P_C5.fasta	99.783	1630	1725
89-16.fasta	66b.fasta	99.7778	1524	1725
89-16.fasta	X82-8P_C3.fasta	99.7761	1626	1725
89-16.fasta	69-1.fasta	99.769	1632	1725
89-16.fasta	85-16.fasta	99.7667	1587	1725
89-16.fasta	X82-8P_C2.fasta	99.7598	1617	1725
89-16.fasta	70-7.fasta	99.7578	1619	1725
89-16.fasta	85-10.fasta	99.7526	1669	1725
89-16.fasta	80-5.fasta	99.7383	1674	1725
89-16.fasta	86-22.fasta	99.7269	1608	1725
89-16.fasta	69-24.fasta	99.7228	1631	1725
89-16.fasta	WHRI_8301.fasta	99.7129	1668	1725
89-16.fasta	75-3.fasta	99.7108	1606	1725
89-16.fasta	E3.fasta	99.6959	1609	1725
89-16.fasta	86-2.fasta	99.6885	1606	1725
89-16.fasta	LMG_930.fasta	99.6539	1692	1725
89-16.fasta	Xv_72.fasta	99.6228	1654	1725
89-16.fasta	Xv_79.fasta	99.6183	1654	1725
89-16.fasta	Xcv_DC_93-7.fasta	99.5851	1624	1725
89-16.fasta	Xcv_DC_93-8.fasta	99.5832	1635	1725
89-16.fasta	Xcv_DC_93-9.fasta	99.583	1628	1725
89-16.fasta	LMG_905.fasta	99.5171	1462	1725
89-16.fasta	LMG_27970.fasta	99.4834	1149	1725
90-13.fasta	90-13.fasta	100	1732	1738
90-13.fasta	DOA-1726.fasta	99.9797	1632	1738
90-13.fasta	20HP1609-2.fasta	99.9792	1629	1738
90-13.fasta	20HP1608-1.fasta	99.9788	1634	1738
90-13.fasta	VTM16.fasta	99.978	1648	1738
90-13.fasta	20HP1614.fasta	99.9778	1626	1738
90-13.fasta	20HP1597.fasta	99.9774	1620	1738
90-13.fasta	X31.fasta	99.9769	1626	1738
90-13.fasta	20HP1591.fasta	99.976	1629	1738
90-13.fasta	DOA-1721.fasta	99.9752	1623	1738
90-13.fasta	XCVKK-C-1.fasta	99.973	1614	1738
90-13.fasta	XCVCP-C-51.fasta	99.9724	1613	1738
90-13.fasta	20HP1608-2.fasta	99.9723	1626	1738
90-13.fasta	VTM15.fasta	99.9707	1639	1738
90-13.fasta	VTM4.fasta	99.9633	1635	1738
90-13.fasta	Tu-10.fasta	99.9619	1638	1738
90-13.fasta	VTM10.fasta	99.9609	1637	1738
90-13.fasta	20HP1615.fasta	99.9605	1615	1738
90-13.fasta	X22.fasta	99.959	1629	1738
90-13.fasta	Xcv_DC_96-5.fasta	99.9588	1616	1738
90-13.fasta	20HP1594.fasta	99.9558	1617	1738
90-13.fasta	DC99P1B1.fasta	99.9544	1665	1738
90-13.fasta	VTM12.fasta	99.953	1640	1738
90-13.fasta	87-13.fasta	99.9497	1679	1738
90-13.fasta	DC99P1A1.fasta	99.9484	1659	1738
90-13.fasta	DOA-2036.fasta	99.9452	1616	1738
90-13.fasta	DOA-2987.fasta	99.9451	1629	1738
90-13.fasta	Xcv_DC_97_P1A.fasta	99.9447	1649	1738
90-13.fasta	Xcv_DC_96-3.fasta	99.9447	1615	1738
90-13.fasta	XCVKK-C-5.fasta	99.9444	1620	1738
90-13.fasta	DOA-2989.fasta	99.9444	1625	1738
90-13.fasta	DOA-2983.fasta	99.9444	1623	1738
90-13.fasta	XCVCP-C-43.fasta	99.9432	1615	1738
90-13.fasta	Xe173.fasta	99.938	1690	1738
90-13.fasta	XCVKK-C-2.fasta	99.9335	1613	1738
90-13.fasta	XCVKK-C-4.fasta	99.9324	1615	1738
90-13.fasta	XCVKK-C-3.fasta	99.9302	1623	1738
90-13.fasta	62XEKK5.fasta	99.9248	1619	1738
90-13.fasta	87-21.fasta	99.9168	1586	1738
90-13.fasta	X13.fasta	99.9106	1663	1738
90-13.fasta	Tu-08.fasta	99.9071	1638	1738
90-13.fasta	Xcv_DC_96-2.fasta	99.8876	1619	1738
90-13.fasta	Xcv_Sspep_92.fasta	99.8809	1638	1738
90-13.fasta	Xcv_DC_97_P2A.fasta	99.8738	1599	1738
90-13.fasta	Tu-06.fasta	99.8731	1610	1738
90-13.fasta	XVP26.fasta	99.8729	1609	1738
90-13.fasta	87-7.fasta	99.8679	1662	1738
90-13.fasta	72-7.fasta	99.867	1606	1738
90-13.fasta	66b.fasta	99.8667	1547	1738
90-13.fasta	Tu-11.fasta	99.8633	1611	1738
90-13.fasta	Ps-1.fasta	99.8598	1612	1738
90-13.fasta	ATCC_11633.fasta	99.8563	1609	1738
90-13.fasta	86-46.fasta	99.8392	1597	1738
90-13.fasta	Xv157.fasta	99.8361	1625	1738
90-13.fasta	WHRI_8301.fasta	99.8354	1688	1738
90-13.fasta	71-21.fasta	99.8343	1579	1738
90-13.fasta	Tabasco1.fasta	99.8316	1631	1738
90-13.fasta	89-10.fasta	99.8301	1627	1738
90-13.fasta	75-3.fasta	99.8188	1631	1738
90-13.fasta	69-1.fasta	99.8161	1615	1738
90-13.fasta	86-2.fasta	99.8147	1624	1738
90-13.fasta	89-16.fasta	99.8061	1673	1738
90-13.fasta	Xcv_DC_96-1.fasta	99.8057	1660	1738
90-13.fasta	Xcv_DC_98_P2A.fasta	99.8039	1658	1738
90-13.fasta	69-24.fasta	99.8013	1622	1738
90-13.fasta	86-22.fasta	99.8004	1607	1738
90-13.fasta	Xcv_DC_97_P3A.fasta	99.7988	1607	1738
90-13.fasta	Xcv_DC_96-4.fasta	99.7982	1658	1738
90-13.fasta	85-16.fasta	99.7982	1582	1738
90-13.fasta	Xcv_DC_93-6.fasta	99.7974	1655	1738
90-13.fasta	FB570.fasta	99.7922	1643	1738
90-13.fasta	65XENP2.fasta	99.7903	1614	1738
90-13.fasta	Ps-7.fasta	99.7902	1633	1738
90-13.fasta	LMG_933.fasta	99.7899	1411	1738
90-13.fasta	VTM17.fasta	99.782	1629	1738
90-13.fasta	65XENP1.fasta	99.781	1618	1738
90-13.fasta	70-7.fasta	99.781	1610	1738
90-13.fasta	LMG_930.fasta	99.7808	1706	1738
90-13.fasta	87-47.fasta	99.7799	1640	1738
90-13.fasta	85-10.fasta	99.7748	1672	1738
90-13.fasta	E3.fasta	99.7715	1614	1738
90-13.fasta	X82-8P.fasta	99.7701	1624	1738
90-13.fasta	65XENP3.fasta	99.7674	1618	1738
90-13.fasta	LMG_909.fasta	99.7537	1457	1738
90-13.fasta	X82-8P_C2.fasta	99.7515	1612	1738
90-13.fasta	X82-8P_C6.fasta	99.7504	1624	1738
90-13.fasta	X82-8P_C5.fasta	99.7461	1626	1738
90-13.fasta	X82-8P_C4.fasta	99.744	1613	1738
90-13.fasta	X82-8P_C1.fasta	99.7401	1626	1738
90-13.fasta	X82-8P_C3.fasta	99.7399	1626	1738
90-13.fasta	Xv_72.fasta	99.7393	1650	1738
90-13.fasta	Xv_79.fasta	99.7333	1648	1738
90-13.fasta	DOA-2990.fasta	99.7278	1621	1738
90-13.fasta	20HP1613.fasta	99.7249	1634	1738
90-13.fasta	83M.fasta	99.6875	1488	1738
90-13.fasta	LMG_667.fasta	99.6773	1530	1738
90-13.fasta	80-5.fasta	99.6593	1656	1738
90-13.fasta	Xcv_DC_93-7.fasta	99.5624	1611	1738
90-13.fasta	Xcv_DC_93-9.fasta	99.5552	1614	1738
90-13.fasta	Xcv_DC_93-8.fasta	99.5462	1618	1738
90-13.fasta	LMG_905.fasta	99.5066	1457	1738
90-13.fasta	LMG_27970.fasta	99.478	1144	1738
ATCC_11633.fasta	ATCC_11633.fasta	100	1706	1709
ATCC_11633.fasta	86-46.fasta	99.9811	1625	1709
ATCC_11633.fasta	E3.fasta	99.9783	1636	1709
ATCC_11633.fasta	75-3.fasta	99.9768	1599	1709
ATCC_11633.fasta	X82-8P.fasta	99.9731	1606	1709
ATCC_11633.fasta	X82-8P_C1.fasta	99.9714	1624	1709
ATCC_11633.fasta	70-7.fasta	99.9621	1599	1709
ATCC_11633.fasta	72-7.fasta	99.9609	1597	1709
ATCC_11633.fasta	85-16.fasta	99.9589	1563	1709
ATCC_11633.fasta	X82-8P_C6.fasta	99.9579	1620	1709
ATCC_11633.fasta	X82-8P_C5.fasta	99.9577	1623	1709
ATCC_11633.fasta	X82-8P_C3.fasta	99.957	1624	1709
ATCC_11633.fasta	X82-8P_C4.fasta	99.9521	1617	1709
ATCC_11633.fasta	69-24.fasta	99.9517	1621	1709
ATCC_11633.fasta	X82-8P_C2.fasta	99.9514	1609	1709
ATCC_11633.fasta	WHRI_8301.fasta	99.9482	1629	1709
ATCC_11633.fasta	86-22.fasta	99.939	1579	1709
ATCC_11633.fasta	86-2.fasta	99.9375	1594	1709
ATCC_11633.fasta	LMG_930.fasta	99.9317	1664	1709
ATCC_11633.fasta	85-10.fasta	99.9298	1614	1709
ATCC_11633.fasta	87-21.fasta	99.9297	1597	1709
ATCC_11633.fasta	XVP26.fasta	99.9242	1597	1709
ATCC_11633.fasta	Tu-06.fasta	99.9206	1597	1709
ATCC_11633.fasta	Tu-11.fasta	99.919	1605	1709
ATCC_11633.fasta	Xcv_Sspep_92.fasta	99.9138	1603	1709
ATCC_11633.fasta	Ps-1.fasta	99.9098	1587	1709
ATCC_11633.fasta	Xcv_DC_97_P2A.fasta	99.9095	1590	1709
ATCC_11633.fasta	Tu-08.fasta	99.9001	1601	1709
ATCC_11633.fasta	Xcv_DC_96-2.fasta	99.8975	1609	1709
ATCC_11633.fasta	80-5.fasta	99.8929	1606	1709
ATCC_11633.fasta	Tabasco1.fasta	99.8898	1607	1709
ATCC_11633.fasta	X22.fasta	99.8881	1599	1709
ATCC_11633.fasta	69-1.fasta	99.8848	1576	1709
ATCC_11633.fasta	DOA-2989.fasta	99.8842	1605	1709
ATCC_11633.fasta	DC99P1A1.fasta	99.8842	1601	1709
ATCC_11633.fasta	Xv_72.fasta	99.8841	1611	1709
ATCC_11633.fasta	90-13.fasta	99.8814	1613	1709
ATCC_11633.fasta	DOA-2987.fasta	99.8805	1603	1709
ATCC_11633.fasta	Xcv_DC_97_P3A.fasta	99.8805	1605	1709
ATCC_11633.fasta	20HP1614.fasta	99.8796	1603	1709
ATCC_11633.fasta	DC99P1B1.fasta	99.8795	1602	1709
ATCC_11633.fasta	Xv_79.fasta	99.8792	1605	1709
ATCC_11633.fasta	20HP1609-2.fasta	99.879	1603	1709
ATCC_11633.fasta	VTM16.fasta	99.8756	1609	1709
ATCC_11633.fasta	20HP1608-2.fasta	99.8743	1601	1709
ATCC_11633.fasta	87-13.fasta	99.8735	1591	1709
ATCC_11633.fasta	20HP1608-1.fasta	99.8722	1604	1709
ATCC_11633.fasta	Xcv_DC_96-5.fasta	99.871	1595	1709
ATCC_11633.fasta	Xcv_DC_97_P1A.fasta	99.8706	1587	1709
ATCC_11633.fasta	71-21.fasta	99.8705	1584	1709
ATCC_11633.fasta	Tu-10.fasta	99.8704	1600	1709
ATCC_11633.fasta	Xcv_DC_96-3.fasta	99.87	1598	1709
ATCC_11633.fasta	X31.fasta	99.8689	1598	1709
ATCC_11633.fasta	DOA-1726.fasta	99.8673	1607	1709
ATCC_11633.fasta	VTM17.fasta	99.8672	1611	1709
ATCC_11633.fasta	Xe173.fasta	99.8633	1610	1709
ATCC_11633.fasta	XCVCP-C-43.fasta	99.8628	1589	1709
ATCC_11633.fasta	20HP1591.fasta	99.8609	1604	1709
ATCC_11633.fasta	Xcv_DC_98_P2A.fasta	99.8585	1618	1709
ATCC_11633.fasta	Xcv_DC_96-1.fasta	99.8574	1620	1709
ATCC_11633.fasta	Xv157.fasta	99.8543	1602	1709
ATCC_11633.fasta	VTM12.fasta	99.8543	1602	1709
ATCC_11633.fasta	20HP1597.fasta	99.8539	1601	1709
ATCC_11633.fasta	62XEKK5.fasta	99.8525	1590	1709
ATCC_11633.fasta	89-10.fasta	99.8523	1603	1709
ATCC_11633.fasta	Ps-7.fasta	99.8522	1604	1709
ATCC_11633.fasta	XCVKK-C-3.fasta	99.852	1592	1709
ATCC_11633.fasta	Xcv_DC_93-8.fasta	99.8498	1601	1709
ATCC_11633.fasta	87-47.fasta	99.8479	1603	1709
ATCC_11633.fasta	XCVKK-C-2.fasta	99.8475	1591	1709
ATCC_11633.fasta	Xcv_DC_93-9.fasta	99.8455	1599	1709
ATCC_11633.fasta	VTM15.fasta	99.8454	1601	1709
ATCC_11633.fasta	65XENP2.fasta	99.8452	1613	1709
ATCC_11633.fasta	FB570.fasta	99.8445	1615	1709
ATCC_11633.fasta	DOA-1721.fasta	99.8428	1597	1709
ATCC_11633.fasta	Xcv_DC_93-6.fasta	99.8426	1621	1709
ATCC_11633.fasta	Xcv_DC_96-4.fasta	99.8415	1618	1709
ATCC_11633.fasta	DOA-2983.fasta	99.8404	1597	1709
ATCC_11633.fasta	XCVKK-C-4.fasta	99.839	1588	1709
ATCC_11633.fasta	65XENP3.fasta	99.8388	1613	1709
ATCC_11633.fasta	20HP1615.fasta	99.8387	1599	1709
ATCC_11633.fasta	XCVCP-C-51.fasta	99.8374	1592	1709
ATCC_11633.fasta	VTM10.fasta	99.8372	1599	1709
ATCC_11633.fasta	XCVKK-C-5.fasta	99.837	1592	1709
ATCC_11633.fasta	Xcv_DC_93-7.fasta	99.8368	1599	1709
ATCC_11633.fasta	20HP1594.fasta	99.8344	1599	1709
ATCC_11633.fasta	65XENP1.fasta	99.8331	1615	1709
ATCC_11633.fasta	XCVKK-C-1.fasta	99.8314	1598	1709
ATCC_11633.fasta	DOA-2036.fasta	99.8291	1593	1709
ATCC_11633.fasta	VTM4.fasta	99.829	1606	1709
ATCC_11633.fasta	89-16.fasta	99.8246	1616	1709
ATCC_11633.fasta	DOA-2990.fasta	99.8221	1617	1709
ATCC_11633.fasta	X13.fasta	99.8193	1601	1709
ATCC_11633.fasta	83M.fasta	99.8158	1479	1709
ATCC_11633.fasta	87-7.fasta	99.8003	1595	1709
ATCC_11633.fasta	20HP1613.fasta	99.7925	1621	1709
ATCC_11633.fasta	66b.fasta	99.7757	1489	1709
ATCC_11633.fasta	LMG_905.fasta	99.7727	1434	1709
ATCC_11633.fasta	LMG_933.fasta	99.7688	1406	1709
ATCC_11633.fasta	LMG_909.fasta	99.7648	1448	1709
ATCC_11633.fasta	LMG_667.fasta	99.722	1487	1709
ATCC_11633.fasta	LMG_27970.fasta	99.5381	1169	1709
DC99P1A1.fasta	DC99P1A1.fasta	100	1710	1712
DC99P1A1.fasta	DC99P1B1.fasta	99.9975	1701	1712
DC99P1A1.fasta	Xcv_DC_97_P1A.fasta	99.9855	1673	1712
DC99P1A1.fasta	20HP1614.fasta	99.9826	1639	1712
DC99P1A1.fasta	Xe173.fasta	99.9813	1695	1712
DC99P1A1.fasta	DOA-2983.fasta	99.9812	1634	1712
DC99P1A1.fasta	20HP1609-2.fasta	99.9806	1640	1712
DC99P1A1.fasta	20HP1608-1.fasta	99.9783	1643	1712
DC99P1A1.fasta	20HP1608-2.fasta	99.9776	1641	1712
DC99P1A1.fasta	20HP1597.fasta	99.977	1635	1712
DC99P1A1.fasta	20HP1591.fasta	99.9767	1642	1712
DC99P1A1.fasta	VTM10.fasta	99.9765	1636	1712
DC99P1A1.fasta	Xcv_DC_96-5.fasta	99.9758	1635	1712
DC99P1A1.fasta	VTM16.fasta	99.975	1648	1712
DC99P1A1.fasta	VTM15.fasta	99.9748	1637	1712
DC99P1A1.fasta	20HP1615.fasta	99.9745	1635	1712
DC99P1A1.fasta	Tu-10.fasta	99.9743	1636	1712
DC99P1A1.fasta	Xcv_DC_96-3.fasta	99.9743	1634	1712
DC99P1A1.fasta	X31.fasta	99.974	1637	1712
DC99P1A1.fasta	X13.fasta	99.973	1683	1712
DC99P1A1.fasta	DOA-1721.fasta	99.9725	1638	1712
DC99P1A1.fasta	87-13.fasta	99.9717	1679	1712
DC99P1A1.fasta	X22.fasta	99.971	1637	1712
DC99P1A1.fasta	20HP1594.fasta	99.9709	1632	1712
DC99P1A1.fasta	DOA-1726.fasta	99.9704	1646	1712
DC99P1A1.fasta	DOA-2987.fasta	99.9694	1642	1712
DC99P1A1.fasta	DOA-2989.fasta	99.9679	1645	1712
DC99P1A1.fasta	DOA-2036.fasta	99.9662	1630	1712
DC99P1A1.fasta	XCVKK-C-1.fasta	99.965	1626	1712
DC99P1A1.fasta	XCVKK-C-3.fasta	99.9649	1623	1712
DC99P1A1.fasta	VTM12.fasta	99.9631	1640	1712
DC99P1A1.fasta	62XEKK5.fasta	99.9625	1624	1712
DC99P1A1.fasta	VTM4.fasta	99.9619	1643	1712
DC99P1A1.fasta	XCVKK-C-2.fasta	99.9609	1624	1712
DC99P1A1.fasta	XCVCP-C-51.fasta	99.96	1627	1712
DC99P1A1.fasta	90-13.fasta	99.9569	1663	1712
DC99P1A1.fasta	XCVKK-C-5.fasta	99.9543	1625	1712
DC99P1A1.fasta	XCVKK-C-4.fasta	99.9494	1625	1712
DC99P1A1.fasta	XCVCP-C-43.fasta	99.9432	1623	1712
DC99P1A1.fasta	87-21.fasta	99.9398	1598	1712
DC99P1A1.fasta	Tu-08.fasta	99.914	1639	1712
DC99P1A1.fasta	Xcv_Sspep_92.fasta	99.914	1657	1712
DC99P1A1.fasta	Xcv_DC_96-2.fasta	99.9048	1636	1712
DC99P1A1.fasta	Ps-1.fasta	99.9011	1630	1712
DC99P1A1.fasta	Xcv_DC_97_P2A.fasta	99.8955	1605	1712
DC99P1A1.fasta	Tu-06.fasta	99.8793	1610	1712
DC99P1A1.fasta	Tu-11.fasta	99.8758	1615	1712
DC99P1A1.fasta	71-21.fasta	99.872	1591	1712
DC99P1A1.fasta	XVP26.fasta	99.8675	1610	1712
DC99P1A1.fasta	66b.fasta	99.8642	1547	1712
DC99P1A1.fasta	72-7.fasta	99.8623	1586	1712
DC99P1A1.fasta	ATCC_11633.fasta	99.8576	1596	1712
DC99P1A1.fasta	85-16.fasta	99.8551	1607	1712
DC99P1A1.fasta	86-46.fasta	99.8547	1581	1712
DC99P1A1.fasta	86-2.fasta	99.8538	1605	1712
DC99P1A1.fasta	85-10.fasta	99.8515	1672	1712
DC99P1A1.fasta	87-7.fasta	99.8436	1653	1712
DC99P1A1.fasta	75-3.fasta	99.8415	1618	1712
DC99P1A1.fasta	86-22.fasta	99.836	1624	1712
DC99P1A1.fasta	WHRI_8301.fasta	99.8271	1653	1712
DC99P1A1.fasta	89-10.fasta	99.8265	1639	1712
DC99P1A1.fasta	Xv157.fasta	99.8251	1642	1712
DC99P1A1.fasta	Xcv_DC_97_P3A.fasta	99.8245	1616	1712
DC99P1A1.fasta	X82-8P.fasta	99.8161	1614	1712
DC99P1A1.fasta	Tabasco1.fasta	99.8123	1623	1712
DC99P1A1.fasta	VTM17.fasta	99.8061	1624	1712
DC99P1A1.fasta	X82-8P_C1.fasta	99.8052	1617	1712
DC99P1A1.fasta	X82-8P_C3.fasta	99.805	1617	1712
DC99P1A1.fasta	X82-8P_C6.fasta	99.8028	1613	1712
DC99P1A1.fasta	X82-8P_C2.fasta	99.8019	1601	1712
DC99P1A1.fasta	Xcv_DC_96-1.fasta	99.8005	1676	1712
DC99P1A1.fasta	X82-8P_C5.fasta	99.8	1616	1712
DC99P1A1.fasta	X82-8P_C4.fasta	99.799	1609	1712
DC99P1A1.fasta	Xcv_DC_98_P2A.fasta	99.7974	1676	1712
DC99P1A1.fasta	Xcv_DC_96-4.fasta	99.7959	1672	1712
DC99P1A1.fasta	70-7.fasta	99.7944	1597	1712
DC99P1A1.fasta	Xcv_DC_93-6.fasta	99.7933	1670	1712
DC99P1A1.fasta	89-16.fasta	99.7884	1663	1712
DC99P1A1.fasta	FB570.fasta	99.7858	1659	1712
DC99P1A1.fasta	Ps-7.fasta	99.7856	1652	1712
DC99P1A1.fasta	87-47.fasta	99.7829	1651	1712
DC99P1A1.fasta	Xv_72.fasta	99.7742	1658	1712
DC99P1A1.fasta	E3.fasta	99.7725	1595	1712
DC99P1A1.fasta	LMG_933.fasta	99.766	1413	1712
DC99P1A1.fasta	69-24.fasta	99.7627	1602	1712
DC99P1A1.fasta	DOA-2990.fasta	99.7613	1628	1712
DC99P1A1.fasta	65XENP2.fasta	99.7547	1631	1712
DC99P1A1.fasta	Xv_79.fasta	99.7496	1660	1712
DC99P1A1.fasta	LMG_909.fasta	99.7423	1461	1712
DC99P1A1.fasta	LMG_930.fasta	99.7423	1681	1712
DC99P1A1.fasta	65XENP1.fasta	99.7421	1630	1712
DC99P1A1.fasta	83M.fasta	99.7346	1491	1712
DC99P1A1.fasta	65XENP3.fasta	99.7333	1630	1712
DC99P1A1.fasta	20HP1613.fasta	99.7221	1632	1712
DC99P1A1.fasta	69-1.fasta	99.6969	1625	1712
DC99P1A1.fasta	LMG_667.fasta	99.6512	1531	1712
DC99P1A1.fasta	80-5.fasta	99.6199	1653	1712
DC99P1A1.fasta	Xcv_DC_93-8.fasta	99.6096	1625	1712
DC99P1A1.fasta	Xcv_DC_93-9.fasta	99.609	1624	1712
DC99P1A1.fasta	Xcv_DC_93-7.fasta	99.6046	1625	1712
DC99P1A1.fasta	LMG_905.fasta	99.4985	1446	1712
DC99P1A1.fasta	LMG_27970.fasta	99.4779	1148	1712
DC99P1B1.fasta	DC99P1B1.fasta	100	1712	1716
DC99P1B1.fasta	DC99P1A1.fasta	99.9909	1695	1716
DC99P1B1.fasta	Xcv_DC_97_P1A.fasta	99.9904	1670	1716
DC99P1B1.fasta	Xe173.fasta	99.9877	1698	1716
DC99P1B1.fasta	DOA-2983.fasta	99.9816	1634	1716
DC99P1B1.fasta	20HP1614.fasta	99.9808	1641	1716
DC99P1B1.fasta	VTM16.fasta	99.98	1650	1716
DC99P1B1.fasta	Xcv_DC_96-5.fasta	99.9797	1632	1716
DC99P1B1.fasta	20HP1609-2.fasta	99.9797	1642	1716
DC99P1B1.fasta	20HP1608-1.fasta	99.9781	1645	1716
DC99P1B1.fasta	VTM10.fasta	99.9776	1638	1716
DC99P1B1.fasta	20HP1597.fasta	99.9772	1635	1716
DC99P1B1.fasta	20HP1615.fasta	99.9763	1634	1716
DC99P1B1.fasta	Xcv_DC_96-3.fasta	99.9762	1627	1716
DC99P1B1.fasta	20HP1608-2.fasta	99.9757	1643	1716
DC99P1B1.fasta	Tu-10.fasta	99.9756	1638	1716
DC99P1B1.fasta	X22.fasta	99.9754	1637	1716
DC99P1B1.fasta	20HP1591.fasta	99.975	1644	1716
DC99P1B1.fasta	VTM15.fasta	99.974	1638	1716
DC99P1B1.fasta	87-13.fasta	99.9721	1678	1716
DC99P1B1.fasta	DOA-1721.fasta	99.9715	1637	1716
DC99P1B1.fasta	X31.fasta	99.9707	1640	1716
DC99P1B1.fasta	X13.fasta	99.9704	1684	1716
DC99P1B1.fasta	DOA-2987.fasta	99.9674	1643	1716
DC99P1B1.fasta	DOA-1726.fasta	99.9673	1649	1716
DC99P1B1.fasta	20HP1594.fasta	99.9664	1637	1716
DC99P1B1.fasta	DOA-2989.fasta	99.9643	1646	1716
DC99P1B1.fasta	XCVKK-C-3.fasta	99.9636	1624	1716
DC99P1B1.fasta	XCVKK-C-1.fasta	99.9634	1625	1716
DC99P1B1.fasta	VTM12.fasta	99.963	1640	1716
DC99P1B1.fasta	DOA-2036.fasta	99.9627	1631	1716
DC99P1B1.fasta	62XEKK5.fasta	99.9609	1622	1716
DC99P1B1.fasta	XCVKK-C-2.fasta	99.9596	1623	1716
DC99P1B1.fasta	XCVCP-C-51.fasta	99.9582	1626	1716
DC99P1B1.fasta	VTM4.fasta	99.9575	1646	1716
DC99P1B1.fasta	90-13.fasta	99.9573	1668	1716
DC99P1B1.fasta	XCVKK-C-5.fasta	99.9533	1625	1716
DC99P1B1.fasta	XCVKK-C-4.fasta	99.9488	1625	1716
DC99P1B1.fasta	XCVCP-C-43.fasta	99.9443	1621	1716
DC99P1B1.fasta	87-21.fasta	99.9333	1598	1716
DC99P1B1.fasta	Xcv_Sspep_92.fasta	99.921	1658	1716
DC99P1B1.fasta	Tu-08.fasta	99.916	1642	1716
DC99P1B1.fasta	Xcv_DC_96-2.fasta	99.907	1636	1716
DC99P1B1.fasta	Ps-1.fasta	99.9054	1630	1716
DC99P1B1.fasta	Xcv_DC_97_P2A.fasta	99.8925	1606	1716
DC99P1B1.fasta	Tu-06.fasta	99.8807	1613	1716
DC99P1B1.fasta	Tu-11.fasta	99.8749	1621	1716
DC99P1B1.fasta	66b.fasta	99.872	1551	1716
DC99P1B1.fasta	XVP26.fasta	99.8694	1613	1716
DC99P1B1.fasta	72-7.fasta	99.8642	1587	1716
DC99P1B1.fasta	71-21.fasta	99.8627	1590	1716
DC99P1B1.fasta	85-10.fasta	99.8557	1676	1716
DC99P1B1.fasta	ATCC_11633.fasta	99.8545	1597	1716
DC99P1B1.fasta	75-3.fasta	99.8523	1620	1716
DC99P1B1.fasta	85-16.fasta	99.8506	1606	1716
DC99P1B1.fasta	86-22.fasta	99.8497	1624	1716
DC99P1B1.fasta	WHRI_8301.fasta	99.8492	1656	1716
DC99P1B1.fasta	86-46.fasta	99.8486	1584	1716
DC99P1B1.fasta	86-2.fasta	99.8464	1607	1716
DC99P1B1.fasta	87-7.fasta	99.8402	1656	1716
DC99P1B1.fasta	89-10.fasta	99.8391	1638	1716
DC99P1B1.fasta	Xv157.fasta	99.8365	1640	1716
DC99P1B1.fasta	Xcv_DC_97_P3A.fasta	99.8229	1615	1716
DC99P1B1.fasta	X82-8P.fasta	99.8174	1618	1716
DC99P1B1.fasta	VTM17.fasta	99.8153	1628	1716
DC99P1B1.fasta	X82-8P_C1.fasta	99.805	1620	1716
DC99P1B1.fasta	X82-8P_C5.fasta	99.8048	1618	1716
DC99P1B1.fasta	X82-8P_C3.fasta	99.8044	1620	1716
DC99P1B1.fasta	X82-8P_C6.fasta	99.802	1619	1716
DC99P1B1.fasta	X82-8P_C2.fasta	99.8017	1605	1716
DC99P1B1.fasta	Xcv_DC_93-6.fasta	99.8005	1669	1716
DC99P1B1.fasta	Xcv_DC_98_P2A.fasta	99.7996	1673	1716
DC99P1B1.fasta	70-7.fasta	99.7993	1599	1716
DC99P1B1.fasta	Xcv_DC_96-1.fasta	99.7991	1677	1716
DC99P1B1.fasta	Xcv_DC_96-4.fasta	99.7987	1670	1716
DC99P1B1.fasta	X82-8P_C4.fasta	99.798	1615	1716
DC99P1B1.fasta	89-16.fasta	99.7974	1665	1716
DC99P1B1.fasta	Xv_72.fasta	99.7966	1655	1716
DC99P1B1.fasta	Tabasco1.fasta	99.7963	1625	1716
DC99P1B1.fasta	FB570.fasta	99.7947	1658	1716
DC99P1B1.fasta	Ps-7.fasta	99.7913	1648	1716
DC99P1B1.fasta	87-47.fasta	99.7852	1652	1716
DC99P1B1.fasta	LMG_933.fasta	99.785	1414	1716
DC99P1B1.fasta	E3.fasta	99.7716	1594	1716
DC99P1B1.fasta	LMG_909.fasta	99.7703	1461	1716
DC99P1B1.fasta	69-24.fasta	99.7651	1605	1716
DC99P1B1.fasta	65XENP2.fasta	99.7619	1627	1716
DC99P1B1.fasta	Xv_79.fasta	99.7618	1660	1716
DC99P1B1.fasta	LMG_930.fasta	99.7586	1684	1716
DC99P1B1.fasta	DOA-2990.fasta	99.7556	1627	1716
DC99P1B1.fasta	65XENP1.fasta	99.7485	1628	1716
DC99P1B1.fasta	65XENP3.fasta	99.7401	1629	1716
DC99P1B1.fasta	83M.fasta	99.7362	1493	1716
DC99P1B1.fasta	20HP1613.fasta	99.7212	1634	1716
DC99P1B1.fasta	69-1.fasta	99.7188	1626	1716
DC99P1B1.fasta	LMG_667.fasta	99.6617	1535	1716
DC99P1B1.fasta	80-5.fasta	99.6453	1653	1716
DC99P1B1.fasta	Xcv_DC_93-7.fasta	99.6006	1625	1716
DC99P1B1.fasta	Xcv_DC_93-9.fasta	99.5991	1625	1716
DC99P1B1.fasta	Xcv_DC_93-8.fasta	99.5945	1623	1716
DC99P1B1.fasta	LMG_905.fasta	99.5188	1445	1716
DC99P1B1.fasta	LMG_27970.fasta	99.4605	1154	1716
DOA-1721.fasta	DOA-1721.fasta	100	1663	1666
DOA-1721.fasta	DOA-1726.fasta	99.9984	1662	1666
DOA-1721.fasta	DOA-2983.fasta	99.9929	1655	1666
DOA-1721.fasta	VTM10.fasta	99.9911	1652	1666
DOA-1721.fasta	DOA-2987.fasta	99.9908	1653	1666
DOA-1721.fasta	X31.fasta	99.9906	1654	1666
DOA-1721.fasta	DOA-2989.fasta	99.9901	1655	1666
DOA-1721.fasta	X22.fasta	99.9901	1651	1666
DOA-1721.fasta	Tu-10.fasta	99.9888	1646	1666
DOA-1721.fasta	20HP1594.fasta	99.9871	1650	1666
DOA-1721.fasta	20HP1591.fasta	99.9861	1654	1666
DOA-1721.fasta	XCVKK-C-2.fasta	99.9857	1645	1666
DOA-1721.fasta	62XEKK5.fasta	99.9857	1646	1666
DOA-1721.fasta	20HP1597.fasta	99.9852	1649	1666
DOA-1721.fasta	Xcv_DC_96-3.fasta	99.9849	1636	1666
DOA-1721.fasta	XCVKK-C-5.fasta	99.9848	1645	1666
DOA-1721.fasta	XCVKK-C-1.fasta	99.9847	1647	1666
DOA-1721.fasta	XCVKK-C-4.fasta	99.9845	1648	1666
DOA-1721.fasta	Xcv_DC_96-5.fasta	99.9845	1639	1666
DOA-1721.fasta	XCVKK-C-3.fasta	99.9844	1646	1666
DOA-1721.fasta	20HP1615.fasta	99.9843	1647	1666
DOA-1721.fasta	XCVCP-C-51.fasta	99.9837	1647	1666
DOA-1721.fasta	DOA-2036.fasta	99.9835	1651	1666
DOA-1721.fasta	VTM15.fasta	99.9833	1655	1666
DOA-1721.fasta	Xe173.fasta	99.9832	1662	1666
DOA-1721.fasta	VTM16.fasta	99.9824	1657	1666
DOA-1721.fasta	XCVCP-C-43.fasta	99.9816	1642	1666
DOA-1721.fasta	20HP1609-2.fasta	99.9778	1653	1666
DOA-1721.fasta	DC99P1B1.fasta	99.9776	1632	1666
DOA-1721.fasta	20HP1608-1.fasta	99.9772	1655	1666
DOA-1721.fasta	90-13.fasta	99.9746	1628	1666
DOA-1721.fasta	VTM12.fasta	99.9736	1651	1666
DOA-1721.fasta	Xcv_DC_97_P1A.fasta	99.9735	1623	1666
DOA-1721.fasta	20HP1614.fasta	99.9734	1654	1666
DOA-1721.fasta	DC99P1A1.fasta	99.9731	1634	1666
DOA-1721.fasta	VTM4.fasta	99.9729	1652	1666
DOA-1721.fasta	87-13.fasta	99.9695	1634	1666
DOA-1721.fasta	20HP1608-2.fasta	99.9663	1652	1666
DOA-1721.fasta	X13.fasta	99.9625	1645	1666
DOA-1721.fasta	87-7.fasta	99.9604	1629	1666
DOA-1721.fasta	Xv157.fasta	99.9554	1596	1666
DOA-1721.fasta	89-10.fasta	99.9534	1596	1666
DOA-1721.fasta	87-21.fasta	99.9409	1590	1666
DOA-1721.fasta	XVP26.fasta	99.9264	1621	1666
DOA-1721.fasta	Xcv_DC_97_P2A.fasta	99.9204	1610	1666
DOA-1721.fasta	Tu-11.fasta	99.9154	1626	1666
DOA-1721.fasta	Tu-06.fasta	99.9147	1621	1666
DOA-1721.fasta	Tu-08.fasta	99.9073	1646	1666
DOA-1721.fasta	69-1.fasta	99.906	1595	1666
DOA-1721.fasta	71-21.fasta	99.9051	1591	1666
DOA-1721.fasta	89-16.fasta	99.9038	1632	1666
DOA-1721.fasta	66b.fasta	99.8984	1513	1666
DOA-1721.fasta	Xcv_Sspep_92.fasta	99.895	1609	1666
DOA-1721.fasta	Xcv_DC_98_P2A.fasta	99.8944	1626	1666
DOA-1721.fasta	Xcv_DC_96-1.fasta	99.8941	1627	1666
DOA-1721.fasta	Xcv_DC_96-2.fasta	99.8934	1628	1666
DOA-1721.fasta	Ps-1.fasta	99.8931	1580	1666
DOA-1721.fasta	Xcv_DC_93-6.fasta	99.8915	1620	1666
DOA-1721.fasta	Xcv_DC_96-4.fasta	99.8891	1627	1666
DOA-1721.fasta	FB570.fasta	99.8884	1608	1666
DOA-1721.fasta	87-47.fasta	99.8793	1609	1666
DOA-1721.fasta	Ps-7.fasta	99.8788	1600	1666
DOA-1721.fasta	Xcv_DC_97_P3A.fasta	99.87	1617	1666
DOA-1721.fasta	72-7.fasta	99.8638	1592	1666
DOA-1721.fasta	Xcv_DC_93-7.fasta	99.8585	1606	1666
DOA-1721.fasta	Xcv_DC_93-8.fasta	99.8521	1608	1666
DOA-1721.fasta	Xcv_DC_93-9.fasta	99.8488	1605	1666
DOA-1721.fasta	VTM17.fasta	99.8432	1637	1666
DOA-1721.fasta	65XENP2.fasta	99.8409	1636	1666
DOA-1721.fasta	Tabasco1.fasta	99.8402	1621	1666
DOA-1721.fasta	LMG_667.fasta	99.8332	1486	1666
DOA-1721.fasta	ATCC_11633.fasta	99.8324	1585	1666
DOA-1721.fasta	86-46.fasta	99.8291	1574	1666
DOA-1721.fasta	65XENP1.fasta	99.8263	1637	1666
DOA-1721.fasta	80-5.fasta	99.8249	1626	1666
DOA-1721.fasta	WHRI_8301.fasta	99.8217	1618	1666
DOA-1721.fasta	85-10.fasta	99.821	1627	1666
DOA-1721.fasta	75-3.fasta	99.8189	1566	1666
DOA-1721.fasta	65XENP3.fasta	99.8189	1637	1666
DOA-1721.fasta	LMG_933.fasta	99.8183	1420	1666
DOA-1721.fasta	DOA-2990.fasta	99.8156	1636	1666
DOA-1721.fasta	85-16.fasta	99.8079	1545	1666
DOA-1721.fasta	20HP1613.fasta	99.7968	1644	1666
DOA-1721.fasta	86-22.fasta	99.7953	1567	1666
DOA-1721.fasta	X82-8P.fasta	99.7916	1629	1666
DOA-1721.fasta	86-2.fasta	99.7898	1561	1666
DOA-1721.fasta	LMG_905.fasta	99.7888	1448	1666
DOA-1721.fasta	X82-8P_C6.fasta	99.7833	1626	1666
DOA-1721.fasta	70-7.fasta	99.7828	1605	1666
DOA-1721.fasta	X82-8P_C5.fasta	99.782	1626	1666
DOA-1721.fasta	69-24.fasta	99.7799	1604	1666
DOA-1721.fasta	X82-8P_C3.fasta	99.7759	1629	1666
DOA-1721.fasta	X82-8P_C4.fasta	99.7758	1623	1666
DOA-1721.fasta	X82-8P_C1.fasta	99.7727	1631	1666
DOA-1721.fasta	LMG_930.fasta	99.7721	1638	1666
DOA-1721.fasta	X82-8P_C2.fasta	99.7697	1612	1666
DOA-1721.fasta	LMG_909.fasta	99.7663	1469	1666
DOA-1721.fasta	83M.fasta	99.7574	1507	1666
DOA-1721.fasta	Xv_72.fasta	99.7527	1606	1666
DOA-1721.fasta	Xv_79.fasta	99.7468	1609	1666
DOA-1721.fasta	E3.fasta	99.7411	1597	1666
DOA-1721.fasta	LMG_27970.fasta	99.4411	1143	1666
DOA-1726.fasta	DOA-1726.fasta	100	1672	1675
DOA-1726.fasta	DOA-1721.fasta	99.9989	1664	1675
DOA-1726.fasta	20HP1597.fasta	99.9937	1658	1675
DOA-1726.fasta	20HP1614.fasta	99.993	1662	1675
DOA-1726.fasta	20HP1608-2.fasta	99.9927	1661	1675
DOA-1726.fasta	20HP1615.fasta	99.9927	1657	1675
DOA-1726.fasta	20HP1609-2.fasta	99.9926	1663	1675
DOA-1726.fasta	DOA-2983.fasta	99.992	1656	1675
DOA-1726.fasta	VTM10.fasta	99.9919	1652	1675
DOA-1726.fasta	20HP1608-1.fasta	99.9918	1665	1675
DOA-1726.fasta	X22.fasta	99.9914	1651	1675
DOA-1726.fasta	DOA-2989.fasta	99.9902	1663	1675
DOA-1726.fasta	X31.fasta	99.9901	1654	1675
DOA-1726.fasta	VTM16.fasta	99.99	1666	1675
DOA-1726.fasta	VTM15.fasta	99.989	1655	1675
DOA-1726.fasta	Tu-10.fasta	99.9888	1648	1675
DOA-1726.fasta	20HP1594.fasta	99.9888	1648	1675
DOA-1726.fasta	DOA-2987.fasta	99.9886	1664	1675
DOA-1726.fasta	XCVKK-C-4.fasta	99.9864	1645	1675
DOA-1726.fasta	62XEKK5.fasta	99.9863	1646	1675
DOA-1726.fasta	Xcv_DC_96-3.fasta	99.986	1636	1675
DOA-1726.fasta	Xcv_DC_96-5.fasta	99.9858	1639	1675
DOA-1726.fasta	DOA-2036.fasta	99.9857	1647	1675
DOA-1726.fasta	XCVKK-C-2.fasta	99.985	1645	1675
DOA-1726.fasta	Xe173.fasta	99.9843	1660	1675
DOA-1726.fasta	XCVKK-C-1.fasta	99.9841	1648	1675
DOA-1726.fasta	XCVKK-C-5.fasta	99.9831	1650	1675
DOA-1726.fasta	Xcv_DC_97_P1A.fasta	99.9829	1623	1675
DOA-1726.fasta	XCVKK-C-3.fasta	99.9823	1649	1675
DOA-1726.fasta	20HP1591.fasta	99.9821	1667	1675
DOA-1726.fasta	XCVCP-C-51.fasta	99.9808	1649	1675
DOA-1726.fasta	87-13.fasta	99.9806	1643	1675
DOA-1726.fasta	DC99P1B1.fasta	99.9783	1644	1675
DOA-1726.fasta	XCVCP-C-43.fasta	99.9773	1646	1675
DOA-1726.fasta	DC99P1A1.fasta	99.9772	1643	1675
DOA-1726.fasta	VTM12.fasta	99.9769	1663	1675
DOA-1726.fasta	90-13.fasta	99.9767	1637	1675
DOA-1726.fasta	VTM4.fasta	99.9746	1663	1675
DOA-1726.fasta	X13.fasta	99.9674	1645	1675
DOA-1726.fasta	87-7.fasta	99.9635	1636	1675
DOA-1726.fasta	87-21.fasta	99.9611	1600	1675
DOA-1726.fasta	Xv157.fasta	99.954	1598	1675
DOA-1726.fasta	69-1.fasta	99.9484	1601	1675
DOA-1726.fasta	89-10.fasta	99.9469	1601	1675
DOA-1726.fasta	Tu-11.fasta	99.9298	1626	1675
DOA-1726.fasta	Tu-06.fasta	99.9284	1622	1675
DOA-1726.fasta	XVP26.fasta	99.9266	1622	1675
DOA-1726.fasta	89-16.fasta	99.9185	1640	1675
DOA-1726.fasta	71-21.fasta	99.9165	1590	1675
DOA-1726.fasta	Tu-08.fasta	99.9124	1656	1675
DOA-1726.fasta	Xcv_DC_93-6.fasta	99.9118	1630	1675
DOA-1726.fasta	Xcv_DC_98_P2A.fasta	99.9106	1636	1675
DOA-1726.fasta	Xcv_DC_96-2.fasta	99.91	1638	1675
DOA-1726.fasta	Xcv_DC_97_P2A.fasta	99.9096	1611	1675
DOA-1726.fasta	Xcv_DC_96-1.fasta	99.9083	1638	1675
DOA-1726.fasta	FB570.fasta	99.9059	1616	1675
DOA-1726.fasta	Xcv_DC_96-4.fasta	99.9045	1638	1675
DOA-1726.fasta	66b.fasta	99.9029	1517	1675
DOA-1726.fasta	Ps-7.fasta	99.8984	1612	1675
DOA-1726.fasta	Xcv_Sspep_92.fasta	99.8948	1610	1675
DOA-1726.fasta	87-47.fasta	99.8876	1622	1675
DOA-1726.fasta	Ps-1.fasta	99.8827	1583	1675
DOA-1726.fasta	Xcv_DC_97_P3A.fasta	99.8777	1618	1675
DOA-1726.fasta	72-7.fasta	99.8729	1601	1675
DOA-1726.fasta	ATCC_11633.fasta	99.8669	1595	1675
DOA-1726.fasta	86-46.fasta	99.8621	1583	1675
DOA-1726.fasta	Tabasco1.fasta	99.8579	1634	1675
DOA-1726.fasta	80-5.fasta	99.852	1635	1675
DOA-1726.fasta	Xcv_DC_93-7.fasta	99.8492	1610	1675
DOA-1726.fasta	85-10.fasta	99.8452	1632	1675
DOA-1726.fasta	VTM17.fasta	99.845	1638	1675
DOA-1726.fasta	WHRI_8301.fasta	99.842	1624	1675
DOA-1726.fasta	Xcv_DC_93-8.fasta	99.8391	1614	1675
DOA-1726.fasta	Xcv_DC_93-9.fasta	99.8367	1611	1675
DOA-1726.fasta	75-3.fasta	99.8367	1572	1675
DOA-1726.fasta	85-16.fasta	99.83	1554	1675
DOA-1726.fasta	LMG_667.fasta	99.8179	1493	1675
DOA-1726.fasta	LMG_930.fasta	99.8178	1644	1675
DOA-1726.fasta	70-7.fasta	99.8126	1608	1675
DOA-1726.fasta	X82-8P.fasta	99.8064	1636	1675
DOA-1726.fasta	X82-8P_C6.fasta	99.8048	1635	1675
DOA-1726.fasta	X82-8P_C5.fasta	99.8041	1635	1675
DOA-1726.fasta	65XENP2.fasta	99.8029	1643	1675
DOA-1726.fasta	LMG_933.fasta	99.8018	1420	1675
DOA-1726.fasta	X82-8P_C4.fasta	99.8018	1630	1675
DOA-1726.fasta	86-22.fasta	99.8016	1578	1675
DOA-1726.fasta	X82-8P_C3.fasta	99.8006	1637	1675
DOA-1726.fasta	X82-8P_C1.fasta	99.8002	1637	1675
DOA-1726.fasta	86-2.fasta	99.7986	1573	1675
DOA-1726.fasta	X82-8P_C2.fasta	99.7968	1621	1675
DOA-1726.fasta	LMG_905.fasta	99.7916	1454	1675
DOA-1726.fasta	69-24.fasta	99.7911	1610	1675
DOA-1726.fasta	DOA-2990.fasta	99.7883	1641	1675
DOA-1726.fasta	65XENP1.fasta	99.7877	1645	1675
DOA-1726.fasta	E3.fasta	99.7797	1604	1675
DOA-1726.fasta	Xv_72.fasta	99.7774	1614	1675
DOA-1726.fasta	Xv_79.fasta	99.7738	1616	1675
DOA-1726.fasta	65XENP3.fasta	99.7725	1646	1675
DOA-1726.fasta	83M.fasta	99.7714	1507	1675
DOA-1726.fasta	20HP1613.fasta	99.7667	1649	1675
DOA-1726.fasta	LMG_909.fasta	99.7656	1473	1675
DOA-1726.fasta	LMG_27970.fasta	99.4693	1154	1675
DOA-2036.fasta	DOA-2036.fasta	100	1661	1663
DOA-2036.fasta	DOA-2983.fasta	99.9893	1649	1663
DOA-2036.fasta	DOA-1726.fasta	99.9889	1650	1663
DOA-2036.fasta	VTM4.fasta	99.9883	1651	1663
DOA-2036.fasta	VTM15.fasta	99.9869	1647	1663
DOA-2036.fasta	VTM10.fasta	99.986	1648	1663
DOA-2036.fasta	VTM12.fasta	99.9855	1656	1663
DOA-2036.fasta	X31.fasta	99.9837	1645	1663
DOA-2036.fasta	Tu-10.fasta	99.9811	1639	1663
DOA-2036.fasta	DOA-1721.fasta	99.9808	1651	1663
DOA-2036.fasta	20HP1597.fasta	99.9807	1645	1663
DOA-2036.fasta	XCVKK-C-5.fasta	99.9804	1651	1663
DOA-2036.fasta	XCVCP-C-51.fasta	99.9802	1650	1663
DOA-2036.fasta	20HP1615.fasta	99.9797	1643	1663
DOA-2036.fasta	XCVKK-C-3.fasta	99.9797	1652	1663
DOA-2036.fasta	XCVKK-C-1.fasta	99.9792	1651	1663
DOA-2036.fasta	XCVKK-C-4.fasta	99.9768	1649	1663
DOA-2036.fasta	XCVKK-C-2.fasta	99.9761	1652	1663
DOA-2036.fasta	20HP1608-1.fasta	99.9744	1646	1663
DOA-2036.fasta	62XEKK5.fasta	99.9743	1652	1663
DOA-2036.fasta	87-13.fasta	99.9741	1630	1663
DOA-2036.fasta	Xcv_DC_96-3.fasta	99.974	1632	1663
DOA-2036.fasta	20HP1609-2.fasta	99.9737	1647	1663
DOA-2036.fasta	Xcv_DC_97_P1A.fasta	99.9735	1620	1663
DOA-2036.fasta	20HP1614.fasta	99.9731	1644	1663
DOA-2036.fasta	20HP1594.fasta	99.973	1647	1663
DOA-2036.fasta	XCVCP-C-43.fasta	99.9726	1649	1663
DOA-2036.fasta	Xe173.fasta	99.9721	1656	1663
DOA-2036.fasta	VTM16.fasta	99.972	1647	1663
DOA-2036.fasta	Xcv_DC_96-5.fasta	99.9706	1637	1663
DOA-2036.fasta	20HP1608-2.fasta	99.9672	1642	1663
DOA-2036.fasta	20HP1591.fasta	99.965	1647	1663
DOA-2036.fasta	X22.fasta	99.965	1647	1663
DOA-2036.fasta	87-7.fasta	99.9621	1616	1663
DOA-2036.fasta	DC99P1B1.fasta	99.9598	1628	1663
DOA-2036.fasta	DOA-2987.fasta	99.9595	1646	1663
DOA-2036.fasta	DC99P1A1.fasta	99.9575	1625	1663
DOA-2036.fasta	89-10.fasta	99.9572	1598	1663
DOA-2036.fasta	DOA-2989.fasta	99.9563	1652	1663
DOA-2036.fasta	Xv157.fasta	99.9512	1601	1663
DOA-2036.fasta	90-13.fasta	99.949	1627	1663
DOA-2036.fasta	XVP26.fasta	99.9412	1614	1663
DOA-2036.fasta	89-16.fasta	99.9254	1621	1663
DOA-2036.fasta	Tu-11.fasta	99.922	1619	1663
DOA-2036.fasta	87-21.fasta	99.9219	1592	1663
DOA-2036.fasta	Xcv_DC_96-2.fasta	99.9207	1624	1663
DOA-2036.fasta	X13.fasta	99.9196	1643	1663
DOA-2036.fasta	Tu-06.fasta	99.9177	1617	1663
DOA-2036.fasta	Xcv_DC_97_P2A.fasta	99.9171	1602	1663
DOA-2036.fasta	Xcv_DC_93-6.fasta	99.9132	1619	1663
DOA-2036.fasta	FB570.fasta	99.9102	1607	1663
DOA-2036.fasta	Xcv_DC_96-1.fasta	99.9068	1623	1663
DOA-2036.fasta	Xcv_DC_98_P2A.fasta	99.9059	1622	1663
DOA-2036.fasta	71-21.fasta	99.901	1588	1663
DOA-2036.fasta	Tu-08.fasta	99.8996	1642	1663
DOA-2036.fasta	87-47.fasta	99.899	1608	1663
DOA-2036.fasta	Xcv_DC_96-4.fasta	99.8978	1623	1663
DOA-2036.fasta	Ps-7.fasta	99.8969	1605	1663
DOA-2036.fasta	Xcv_Sspep_92.fasta	99.885	1608	1663
DOA-2036.fasta	69-1.fasta	99.8813	1596	1663
DOA-2036.fasta	Xcv_DC_97_P3A.fasta	99.8718	1613	1663
DOA-2036.fasta	66b.fasta	99.8696	1508	1663
DOA-2036.fasta	Xcv_DC_93-7.fasta	99.8671	1598	1663
DOA-2036.fasta	Ps-1.fasta	99.8627	1587	1663
DOA-2036.fasta	72-7.fasta	99.855	1592	1663
DOA-2036.fasta	Xcv_DC_93-9.fasta	99.8494	1600	1663
DOA-2036.fasta	Xcv_DC_93-8.fasta	99.8486	1609	1663
DOA-2036.fasta	Tabasco1.fasta	99.8376	1621	1663
DOA-2036.fasta	VTM17.fasta	99.833	1634	1663
DOA-2036.fasta	80-5.fasta	99.8283	1619	1663
DOA-2036.fasta	65XENP2.fasta	99.8282	1631	1663
DOA-2036.fasta	WHRI_8301.fasta	99.8234	1612	1663
DOA-2036.fasta	DOA-2990.fasta	99.8193	1633	1663
DOA-2036.fasta	65XENP1.fasta	99.8181	1633	1663
DOA-2036.fasta	LMG_933.fasta	99.8155	1422	1663
DOA-2036.fasta	ATCC_11633.fasta	99.81	1592	1663
DOA-2036.fasta	75-3.fasta	99.8076	1563	1663
DOA-2036.fasta	65XENP3.fasta	99.8033	1634	1663
DOA-2036.fasta	X82-8P_C4.fasta	99.8026	1613	1663
DOA-2036.fasta	X82-8P_C5.fasta	99.8004	1620	1663
DOA-2036.fasta	86-46.fasta	99.799	1583	1663
DOA-2036.fasta	X82-8P.fasta	99.7981	1621	1663
DOA-2036.fasta	X82-8P_C6.fasta	99.7979	1622	1663
DOA-2036.fasta	LMG_667.fasta	99.7974	1500	1663
DOA-2036.fasta	X82-8P_C3.fasta	99.7973	1620	1663
DOA-2036.fasta	20HP1613.fasta	99.7971	1637	1663
DOA-2036.fasta	85-16.fasta	99.7971	1553	1663
DOA-2036.fasta	LMG_909.fasta	99.7958	1461	1663
DOA-2036.fasta	X82-8P_C1.fasta	99.7958	1621	1663
DOA-2036.fasta	85-10.fasta	99.7954	1624	1663
DOA-2036.fasta	70-7.fasta	99.7943	1596	1663
DOA-2036.fasta	83M.fasta	99.7872	1498	1663
DOA-2036.fasta	LMG_905.fasta	99.787	1444	1663
DOA-2036.fasta	X82-8P_C2.fasta	99.7836	1605	1663
DOA-2036.fasta	86-2.fasta	99.7806	1563	1663
DOA-2036.fasta	86-22.fasta	99.7716	1571	1663
DOA-2036.fasta	LMG_930.fasta	99.7703	1637	1663
DOA-2036.fasta	69-24.fasta	99.7618	1603	1663
DOA-2036.fasta	Xv_79.fasta	99.7537	1605	1663
DOA-2036.fasta	Xv_72.fasta	99.7526	1605	1663
DOA-2036.fasta	E3.fasta	99.7461	1598	1663
DOA-2036.fasta	LMG_27970.fasta	99.4396	1131	1663
DOA-2983.fasta	DOA-2983.fasta	100	1666	1668
DOA-2983.fasta	DOA-1726.fasta	99.9944	1654	1668
DOA-2983.fasta	DOA-1721.fasta	99.994	1654	1668
DOA-2983.fasta	VTM10.fasta	99.9923	1654	1668
DOA-2983.fasta	20HP1591.fasta	99.992	1653	1668
DOA-2983.fasta	DOA-2987.fasta	99.9912	1657	1668
DOA-2983.fasta	20HP1608-2.fasta	99.9895	1646	1668
DOA-2983.fasta	DOA-2989.fasta	99.988	1657	1668
DOA-2983.fasta	VTM15.fasta	99.9877	1656	1668
DOA-2983.fasta	20HP1615.fasta	99.9877	1648	1668
DOA-2983.fasta	20HP1608-1.fasta	99.9874	1652	1668
DOA-2983.fasta	20HP1609-2.fasta	99.9872	1653	1668
DOA-2983.fasta	20HP1614.fasta	99.9872	1650	1668
DOA-2983.fasta	X22.fasta	99.9861	1651	1668
DOA-2983.fasta	20HP1597.fasta	99.9859	1651	1668
DOA-2983.fasta	DOA-2036.fasta	99.9851	1650	1668
DOA-2983.fasta	VTM16.fasta	99.9848	1653	1668
DOA-2983.fasta	Tu-10.fasta	99.9846	1647	1668
DOA-2983.fasta	Xe173.fasta	99.9845	1660	1668
DOA-2983.fasta	Xcv_DC_96-3.fasta	99.9839	1634	1668
DOA-2983.fasta	X31.fasta	99.9835	1655	1668
DOA-2983.fasta	20HP1594.fasta	99.9829	1646	1668
DOA-2983.fasta	DC99P1B1.fasta	99.9812	1633	1668
DOA-2983.fasta	Xcv_DC_96-5.fasta	99.9791	1638	1668
DOA-2983.fasta	VTM12.fasta	99.9765	1656	1668
DOA-2983.fasta	X13.fasta	99.9759	1642	1668
DOA-2983.fasta	DC99P1A1.fasta	99.9759	1633	1668
DOA-2983.fasta	62XEKK5.fasta	99.9723	1645	1668
DOA-2983.fasta	VTM4.fasta	99.9716	1653	1668
DOA-2983.fasta	XCVKK-C-4.fasta	99.9714	1646	1668
DOA-2983.fasta	XCVKK-C-5.fasta	99.9711	1647	1668
DOA-2983.fasta	XCVKK-C-3.fasta	99.9709	1648	1668
DOA-2983.fasta	XCVKK-C-2.fasta	99.9708	1647	1668
DOA-2983.fasta	XCVKK-C-1.fasta	99.9697	1650	1668
DOA-2983.fasta	XCVCP-C-51.fasta	99.9694	1647	1668
DOA-2983.fasta	XCVCP-C-43.fasta	99.9677	1646	1668
DOA-2983.fasta	Xcv_DC_97_P1A.fasta	99.9676	1623	1668
DOA-2983.fasta	87-13.fasta	99.964	1634	1668
DOA-2983.fasta	87-7.fasta	99.9608	1623	1668
DOA-2983.fasta	90-13.fasta	99.9525	1632	1668
DOA-2983.fasta	89-10.fasta	99.9452	1598	1668
DOA-2983.fasta	Xv157.fasta	99.9386	1603	1668
DOA-2983.fasta	87-21.fasta	99.9315	1595	1668
DOA-2983.fasta	XVP26.fasta	99.9263	1619	1668
DOA-2983.fasta	Xcv_DC_97_P2A.fasta	99.922	1610	1668
DOA-2983.fasta	Tu-06.fasta	99.92	1620	1668
DOA-2983.fasta	Tu-11.fasta	99.919	1624	1668
DOA-2983.fasta	69-1.fasta	99.9168	1594	1668
DOA-2983.fasta	Tu-08.fasta	99.9141	1643	1668
DOA-2983.fasta	71-21.fasta	99.9038	1595	1668
DOA-2983.fasta	89-16.fasta	99.8978	1630	1668
DOA-2983.fasta	Xcv_Sspep_92.fasta	99.8944	1611	1668
DOA-2983.fasta	Xcv_DC_96-2.fasta	99.8909	1629	1668
DOA-2983.fasta	Xcv_DC_98_P2A.fasta	99.8908	1628	1668
DOA-2983.fasta	Xcv_DC_96-1.fasta	99.8898	1630	1668
DOA-2983.fasta	Xcv_DC_93-6.fasta	99.8879	1623	1668
DOA-2983.fasta	Xcv_DC_96-4.fasta	99.8849	1628	1668
DOA-2983.fasta	Ps-1.fasta	99.8819	1590	1668
DOA-2983.fasta	FB570.fasta	99.8814	1614	1668
DOA-2983.fasta	66b.fasta	99.8779	1519	1668
DOA-2983.fasta	87-47.fasta	99.873	1611	1668
DOA-2983.fasta	Ps-7.fasta	99.8679	1612	1668
DOA-2983.fasta	Xcv_DC_93-7.fasta	99.8658	1605	1668
DOA-2983.fasta	Xcv_DC_97_P3A.fasta	99.8653	1618	1668
DOA-2983.fasta	Xcv_DC_93-8.fasta	99.8551	1611	1668
DOA-2983.fasta	Xcv_DC_93-9.fasta	99.8509	1606	1668
DOA-2983.fasta	72-7.fasta	99.8476	1599	1668
DOA-2983.fasta	65XENP2.fasta	99.8396	1634	1668
DOA-2983.fasta	VTM17.fasta	99.8387	1639	1668
DOA-2983.fasta	86-46.fasta	99.8271	1579	1668
DOA-2983.fasta	ATCC_11633.fasta	99.8259	1595	1668
DOA-2983.fasta	65XENP1.fasta	99.8258	1635	1668
DOA-2983.fasta	Tabasco1.fasta	99.8247	1628	1668
DOA-2983.fasta	80-5.fasta	99.8232	1628	1668
DOA-2983.fasta	DOA-2990.fasta	99.8197	1638	1668
DOA-2983.fasta	LMG_933.fasta	99.8179	1425	1668
DOA-2983.fasta	65XENP3.fasta	99.8175	1636	1668
DOA-2983.fasta	WHRI_8301.fasta	99.8111	1617	1668
DOA-2983.fasta	20HP1613.fasta	99.8103	1644	1668
DOA-2983.fasta	LMG_667.fasta	99.8049	1496	1668
DOA-2983.fasta	75-3.fasta	99.802	1567	1668
DOA-2983.fasta	85-16.fasta	99.8005	1552	1668
DOA-2983.fasta	85-10.fasta	99.7931	1631	1668
DOA-2983.fasta	70-7.fasta	99.7897	1599	1668
DOA-2983.fasta	X82-8P.fasta	99.7886	1628	1668
DOA-2983.fasta	69-24.fasta	99.7839	1602	1668
DOA-2983.fasta	X82-8P_C6.fasta	99.7837	1623	1668
DOA-2983.fasta	86-2.fasta	99.7834	1568	1668
DOA-2983.fasta	86-22.fasta	99.7832	1571	1668
DOA-2983.fasta	LMG_905.fasta	99.7817	1452	1668
DOA-2983.fasta	LMG_930.fasta	99.7798	1635	1668
DOA-2983.fasta	X82-8P_C3.fasta	99.7768	1627	1668
DOA-2983.fasta	X82-8P_C5.fasta	99.7763	1627	1668
DOA-2983.fasta	X82-8P_C1.fasta	99.7755	1628	1668
DOA-2983.fasta	X82-8P_C4.fasta	99.7748	1618	1668
DOA-2983.fasta	83M.fasta	99.7719	1498	1668
DOA-2983.fasta	X82-8P_C2.fasta	99.7644	1613	1668
DOA-2983.fasta	E3.fasta	99.746	1596	1668
DOA-2983.fasta	Xv_72.fasta	99.7456	1608	1668
DOA-2983.fasta	LMG_909.fasta	99.7445	1473	1668
DOA-2983.fasta	Xv_79.fasta	99.7367	1606	1668
DOA-2983.fasta	LMG_27970.fasta	99.4496	1145	1668
DOA-2987.fasta	DOA-2987.fasta	100	1668	1672
DOA-2987.fasta	DOA-2989.fasta	99.9994	1667	1672
DOA-2987.fasta	DOA-1721.fasta	99.994	1649	1672
DOA-2987.fasta	X22.fasta	99.9909	1645	1672
DOA-2987.fasta	DOA-2983.fasta	99.9904	1658	1672
DOA-2987.fasta	DOA-1726.fasta	99.989	1663	1672
DOA-2987.fasta	20HP1594.fasta	99.9878	1642	1672
DOA-2987.fasta	VTM10.fasta	99.9873	1650	1672
DOA-2987.fasta	XCVKK-C-5.fasta	99.9867	1638	1672
DOA-2987.fasta	VTM15.fasta	99.9859	1650	1672
DOA-2987.fasta	XCVKK-C-4.fasta	99.9856	1640	1672
DOA-2987.fasta	20HP1597.fasta	99.9855	1654	1672
DOA-2987.fasta	20HP1609-2.fasta	99.9854	1657	1672
DOA-2987.fasta	20HP1608-1.fasta	99.9852	1657	1672
DOA-2987.fasta	Xe173.fasta	99.985	1657	1672
DOA-2987.fasta	20HP1615.fasta	99.9846	1650	1672
DOA-2987.fasta	X31.fasta	99.9844	1651	1672
DOA-2987.fasta	Tu-10.fasta	99.9838	1645	1672
DOA-2987.fasta	XCVKK-C-3.fasta	99.9835	1642	1672
DOA-2987.fasta	XCVKK-C-2.fasta	99.9834	1639	1672
DOA-2987.fasta	DOA-2036.fasta	99.9833	1643	1672
DOA-2987.fasta	Xcv_DC_96-5.fasta	99.9831	1636	1672
DOA-2987.fasta	62XEKK5.fasta	99.9829	1641	1672
DOA-2987.fasta	20HP1614.fasta	99.9823	1656	1672
DOA-2987.fasta	XCVCP-C-51.fasta	99.9812	1640	1672
DOA-2987.fasta	DC99P1B1.fasta	99.981	1642	1672
DOA-2987.fasta	Xcv_DC_96-3.fasta	99.9805	1634	1672
DOA-2987.fasta	XCVKK-C-1.fasta	99.9793	1645	1672
DOA-2987.fasta	20HP1591.fasta	99.9791	1658	1672
DOA-2987.fasta	VTM16.fasta	99.9787	1660	1672
DOA-2987.fasta	Xcv_DC_97_P1A.fasta	99.9777	1621	1672
DOA-2987.fasta	DC99P1A1.fasta	99.9775	1641	1672
DOA-2987.fasta	20HP1608-2.fasta	99.9761	1652	1672
DOA-2987.fasta	87-13.fasta	99.9709	1642	1672
DOA-2987.fasta	X13.fasta	99.9701	1640	1672
DOA-2987.fasta	VTM12.fasta	99.9674	1659	1672
DOA-2987.fasta	XCVCP-C-43.fasta	99.9641	1641	1672
DOA-2987.fasta	87-7.fasta	99.9636	1629	1672
DOA-2987.fasta	87-21.fasta	99.9623	1600	1672
DOA-2987.fasta	VTM4.fasta	99.9584	1657	1672
DOA-2987.fasta	Xv157.fasta	99.9571	1599	1672
DOA-2987.fasta	90-13.fasta	99.9553	1636	1672
DOA-2987.fasta	89-10.fasta	99.955	1598	1672
DOA-2987.fasta	69-1.fasta	99.9339	1603	1672
DOA-2987.fasta	Tu-11.fasta	99.9307	1617	1672
DOA-2987.fasta	Tu-06.fasta	99.9268	1616	1672
DOA-2987.fasta	XVP26.fasta	99.9234	1615	1672
DOA-2987.fasta	Xcv_DC_96-2.fasta	99.9211	1634	1672
DOA-2987.fasta	Xcv_DC_98_P2A.fasta	99.9193	1632	1672
DOA-2987.fasta	Xcv_DC_96-1.fasta	99.9179	1633	1672
DOA-2987.fasta	Xcv_DC_96-4.fasta	99.9164	1633	1672
DOA-2987.fasta	89-16.fasta	99.9163	1639	1672
DOA-2987.fasta	Xcv_DC_93-6.fasta	99.9135	1627	1672
DOA-2987.fasta	FB570.fasta	99.9107	1616	1672
DOA-2987.fasta	Tu-08.fasta	99.9105	1646	1672
DOA-2987.fasta	71-21.fasta	99.9094	1590	1672
DOA-2987.fasta	Xcv_DC_97_P2A.fasta	99.9052	1607	1672
DOA-2987.fasta	66b.fasta	99.9038	1508	1672
DOA-2987.fasta	Ps-7.fasta	99.9037	1612	1672
DOA-2987.fasta	Xcv_Sspep_92.fasta	99.9036	1608	1672
DOA-2987.fasta	87-47.fasta	99.9011	1616	1672
DOA-2987.fasta	Ps-1.fasta	99.8906	1582	1672
DOA-2987.fasta	Xcv_DC_97_P3A.fasta	99.8763	1615	1672
DOA-2987.fasta	72-7.fasta	99.8717	1600	1672
DOA-2987.fasta	ATCC_11633.fasta	99.8651	1594	1672
DOA-2987.fasta	Tabasco1.fasta	99.8502	1632	1672
DOA-2987.fasta	80-5.fasta	99.8487	1630	1672
DOA-2987.fasta	VTM17.fasta	99.8485	1635	1672
DOA-2987.fasta	85-16.fasta	99.8471	1552	1672
DOA-2987.fasta	86-46.fasta	99.8464	1583	1672
DOA-2987.fasta	WHRI_8301.fasta	99.8378	1620	1672
DOA-2987.fasta	Xcv_DC_93-7.fasta	99.8369	1611	1672
DOA-2987.fasta	85-10.fasta	99.8332	1630	1672
DOA-2987.fasta	75-3.fasta	99.8309	1579	1672
DOA-2987.fasta	Xcv_DC_93-9.fasta	99.8249	1611	1672
DOA-2987.fasta	Xcv_DC_93-8.fasta	99.8233	1615	1672
DOA-2987.fasta	LMG_933.fasta	99.8223	1412	1672
DOA-2987.fasta	LMG_667.fasta	99.8177	1486	1672
DOA-2987.fasta	X82-8P_C6.fasta	99.8174	1627	1672
DOA-2987.fasta	X82-8P.fasta	99.8168	1630	1672
DOA-2987.fasta	86-2.fasta	99.8143	1570	1672
DOA-2987.fasta	X82-8P_C1.fasta	99.8123	1629	1672
DOA-2987.fasta	X82-8P_C4.fasta	99.8123	1622	1672
DOA-2987.fasta	86-22.fasta	99.8119	1574	1672
DOA-2987.fasta	X82-8P_C2.fasta	99.8107	1617	1672
DOA-2987.fasta	DOA-2990.fasta	99.808	1637	1672
DOA-2987.fasta	65XENP2.fasta	99.8071	1637	1672
DOA-2987.fasta	65XENP1.fasta	99.8054	1637	1672
DOA-2987.fasta	LMG_905.fasta	99.8038	1440	1672
DOA-2987.fasta	X82-8P_C5.fasta	99.8028	1629	1672
DOA-2987.fasta	69-24.fasta	99.8007	1608	1672
DOA-2987.fasta	70-7.fasta	99.8001	1606	1672
DOA-2987.fasta	65XENP3.fasta	99.799	1636	1672
DOA-2987.fasta	X82-8P_C3.fasta	99.7989	1631	1672
DOA-2987.fasta	Xv_72.fasta	99.7924	1610	1672
DOA-2987.fasta	E3.fasta	99.7869	1602	1672
DOA-2987.fasta	LMG_930.fasta	99.7855	1639	1672
DOA-2987.fasta	Xv_79.fasta	99.7843	1609	1672
DOA-2987.fasta	LMG_909.fasta	99.7787	1472	1672
DOA-2987.fasta	83M.fasta	99.7701	1501	1672
DOA-2987.fasta	20HP1613.fasta	99.7682	1647	1672
DOA-2987.fasta	LMG_27970.fasta	99.4829	1150	1672
DOA-2989.fasta	DOA-2989.fasta	100	1670	1674
DOA-2989.fasta	DOA-2987.fasta	99.9969	1667	1674
DOA-2989.fasta	DOA-1721.fasta	99.993	1652	1674
DOA-2989.fasta	DOA-1726.fasta	99.9929	1663	1674
DOA-2989.fasta	DOA-2983.fasta	99.9917	1657	1674
DOA-2989.fasta	Tu-10.fasta	99.9886	1643	1674
DOA-2989.fasta	20HP1594.fasta	99.9866	1641	1674
DOA-2989.fasta	X31.fasta	99.9864	1652	1674
DOA-2989.fasta	Xcv_DC_96-3.fasta	99.9863	1631	1674
DOA-2989.fasta	X22.fasta	99.9861	1648	1674
DOA-2989.fasta	XCVKK-C-1.fasta	99.9854	1639	1674
DOA-2989.fasta	XCVKK-C-4.fasta	99.9839	1639	1674
DOA-2989.fasta	VTM15.fasta	99.983	1652	1674
DOA-2989.fasta	62XEKK5.fasta	99.9826	1641	1674
DOA-2989.fasta	Xcv_DC_96-5.fasta	99.9822	1639	1674
DOA-2989.fasta	XCVKK-C-5.fasta	99.9814	1642	1674
DOA-2989.fasta	20HP1597.fasta	99.9812	1656	1674
DOA-2989.fasta	20HP1591.fasta	99.9806	1660	1674
DOA-2989.fasta	XCVKK-C-3.fasta	99.9805	1642	1674
DOA-2989.fasta	20HP1615.fasta	99.9802	1654	1674
DOA-2989.fasta	XCVKK-C-2.fasta	99.9799	1641	1674
DOA-2989.fasta	Xe173.fasta	99.9798	1658	1674
DOA-2989.fasta	DOA-2036.fasta	99.9788	1644	1674
DOA-2989.fasta	VTM16.fasta	99.9787	1662	1674
DOA-2989.fasta	XCVCP-C-51.fasta	99.9786	1647	1674
DOA-2989.fasta	20HP1609-2.fasta	99.975	1658	1674
DOA-2989.fasta	20HP1614.fasta	99.9749	1658	1674
DOA-2989.fasta	20HP1608-1.fasta	99.9739	1659	1674
DOA-2989.fasta	VTM10.fasta	99.9731	1653	1674
DOA-2989.fasta	VTM12.fasta	99.9725	1657	1674
DOA-2989.fasta	Xcv_DC_97_P1A.fasta	99.9721	1623	1674
DOA-2989.fasta	DC99P1A1.fasta	99.9718	1641	1674
DOA-2989.fasta	VTM4.fasta	99.9704	1658	1674
DOA-2989.fasta	DC99P1B1.fasta	99.9694	1644	1674
DOA-2989.fasta	20HP1608-2.fasta	99.9672	1657	1674
DOA-2989.fasta	87-13.fasta	99.9668	1643	1674
DOA-2989.fasta	87-7.fasta	99.9642	1632	1674
DOA-2989.fasta	XCVCP-C-43.fasta	99.9621	1643	1674
DOA-2989.fasta	87-21.fasta	99.9549	1601	1674
DOA-2989.fasta	Xv157.fasta	99.951	1602	1674
DOA-2989.fasta	90-13.fasta	99.9498	1643	1674
DOA-2989.fasta	X13.fasta	99.9478	1645	1674
DOA-2989.fasta	89-10.fasta	99.9477	1601	1674
DOA-2989.fasta	69-1.fasta	99.9264	1604	1674
DOA-2989.fasta	Tu-11.fasta	99.9153	1625	1674
DOA-2989.fasta	Tu-06.fasta	99.9152	1621	1674
DOA-2989.fasta	Xcv_DC_98_P2A.fasta	99.9147	1635	1674
DOA-2989.fasta	Xcv_DC_96-1.fasta	99.9135	1636	1674
DOA-2989.fasta	Xcv_DC_93-6.fasta	99.9125	1629	1674
DOA-2989.fasta	Xcv_DC_96-2.fasta	99.9113	1636	1674
DOA-2989.fasta	Xcv_DC_96-4.fasta	99.9084	1635	1674
DOA-2989.fasta	Tu-08.fasta	99.9083	1654	1674
DOA-2989.fasta	71-21.fasta	99.9081	1590	1674
DOA-2989.fasta	XVP26.fasta	99.908	1618	1674
DOA-2989.fasta	89-16.fasta	99.9077	1638	1674
DOA-2989.fasta	Xcv_Sspep_92.fasta	99.9052	1609	1674
DOA-2989.fasta	Xcv_DC_97_P2A.fasta	99.9046	1611	1674
DOA-2989.fasta	FB570.fasta	99.9026	1616	1674
DOA-2989.fasta	Ps-7.fasta	99.8945	1614	1674
DOA-2989.fasta	87-47.fasta	99.8944	1617	1674
DOA-2989.fasta	Ps-1.fasta	99.8898	1585	1674
DOA-2989.fasta	72-7.fasta	99.8784	1602	1674
DOA-2989.fasta	66b.fasta	99.8768	1517	1674
DOA-2989.fasta	ATCC_11633.fasta	99.8635	1596	1674
DOA-2989.fasta	WHRI_8301.fasta	99.8629	1622	1674
DOA-2989.fasta	Xcv_DC_97_P3A.fasta	99.8612	1616	1674
DOA-2989.fasta	75-3.fasta	99.8599	1575	1674
DOA-2989.fasta	86-46.fasta	99.8591	1584	1674
DOA-2989.fasta	VTM17.fasta	99.8507	1637	1674
DOA-2989.fasta	85-10.fasta	99.8484	1635	1674
DOA-2989.fasta	Xcv_DC_93-7.fasta	99.8458	1608	1674
DOA-2989.fasta	Xcv_DC_93-8.fasta	99.8416	1612	1674
DOA-2989.fasta	80-5.fasta	99.8366	1633	1674
DOA-2989.fasta	LMG_667.fasta	99.8359	1490	1674
DOA-2989.fasta	85-16.fasta	99.8349	1554	1674
DOA-2989.fasta	Tabasco1.fasta	99.8345	1632	1674
DOA-2989.fasta	Xcv_DC_93-9.fasta	99.8341	1610	1674
DOA-2989.fasta	86-22.fasta	99.8273	1572	1674
DOA-2989.fasta	LMG_933.fasta	99.8203	1416	1674
DOA-2989.fasta	86-2.fasta	99.8123	1570	1674
DOA-2989.fasta	LMG_909.fasta	99.8039	1463	1674
DOA-2989.fasta	65XENP2.fasta	99.8029	1639	1674
DOA-2989.fasta	69-24.fasta	99.8028	1611	1674
DOA-2989.fasta	65XENP3.fasta	99.8028	1641	1674
DOA-2989.fasta	X82-8P.fasta	99.8023	1632	1674
DOA-2989.fasta	65XENP1.fasta	99.8013	1641	1674
DOA-2989.fasta	LMG_930.fasta	99.7943	1641	1674
DOA-2989.fasta	70-7.fasta	99.7939	1610	1674
DOA-2989.fasta	DOA-2990.fasta	99.7908	1642	1674
DOA-2989.fasta	X82-8P_C2.fasta	99.7887	1620	1674
DOA-2989.fasta	X82-8P_C6.fasta	99.7873	1632	1674
DOA-2989.fasta	X82-8P_C4.fasta	99.7846	1629	1674
DOA-2989.fasta	X82-8P_C5.fasta	99.7843	1634	1674
DOA-2989.fasta	X82-8P_C1.fasta	99.7839	1634	1674
DOA-2989.fasta	X82-8P_C3.fasta	99.7821	1636	1674
DOA-2989.fasta	LMG_905.fasta	99.7614	1452	1674
DOA-2989.fasta	Xv_72.fasta	99.7607	1612	1674
DOA-2989.fasta	Xv_79.fasta	99.7591	1617	1674
DOA-2989.fasta	20HP1613.fasta	99.7569	1650	1674
DOA-2989.fasta	E3.fasta	99.7538	1604	1674
DOA-2989.fasta	83M.fasta	99.7473	1505	1674
DOA-2989.fasta	LMG_27970.fasta	99.4417	1151	1674
DOA-2990.fasta	DOA-2990.fasta	100	1680	1684
DOA-2990.fasta	65XENP3.fasta	99.9929	1672	1684
DOA-2990.fasta	65XENP1.fasta	99.9928	1671	1684
DOA-2990.fasta	65XENP2.fasta	99.9927	1671	1684
DOA-2990.fasta	20HP1613.fasta	99.9907	1677	1684
DOA-2990.fasta	VTM17.fasta	99.9707	1664	1684
DOA-2990.fasta	Tu-06.fasta	99.9691	1638	1684
DOA-2990.fasta	Tu-11.fasta	99.9656	1645	1684
DOA-2990.fasta	Xcv_DC_97_P3A.fasta	99.9645	1640	1684
DOA-2990.fasta	Xcv_Sspep_92.fasta	99.9497	1629	1684
DOA-2990.fasta	XVP26.fasta	99.9436	1626	1684
DOA-2990.fasta	Ps-1.fasta	99.9424	1606	1684
DOA-2990.fasta	80-5.fasta	99.9403	1652	1684
DOA-2990.fasta	71-21.fasta	99.8942	1603	1684
DOA-2990.fasta	Xcv_DC_97_P2A.fasta	99.8939	1621	1684
DOA-2990.fasta	83M.fasta	99.8849	1521	1684
DOA-2990.fasta	Xcv_DC_93-7.fasta	99.8822	1614	1684
DOA-2990.fasta	Xcv_DC_93-9.fasta	99.8755	1618	1684
DOA-2990.fasta	Tabasco1.fasta	99.873	1651	1684
DOA-2990.fasta	Xcv_DC_93-8.fasta	99.8714	1621	1684
DOA-2990.fasta	Xv157.fasta	99.8543	1602	1684
DOA-2990.fasta	89-10.fasta	99.8489	1602	1684
DOA-2990.fasta	87-21.fasta	99.8485	1610	1684
DOA-2990.fasta	89-16.fasta	99.8439	1638	1684
DOA-2990.fasta	Xcv_DC_98_P2A.fasta	99.8372	1631	1684
DOA-2990.fasta	69-1.fasta	99.8362	1607	1684
DOA-2990.fasta	20HP1594.fasta	99.8343	1626	1684
DOA-2990.fasta	Xcv_DC_96-2.fasta	99.8337	1637	1684
DOA-2990.fasta	Xcv_DC_96-1.fasta	99.8329	1635	1684
DOA-2990.fasta	85-10.fasta	99.8318	1639	1684
DOA-2990.fasta	Xcv_DC_96-4.fasta	99.831	1632	1684
DOA-2990.fasta	85-16.fasta	99.8279	1560	1684
DOA-2990.fasta	75-3.fasta	99.8274	1574	1684
DOA-2990.fasta	FB570.fasta	99.8235	1617	1684
DOA-2990.fasta	X31.fasta	99.8233	1635	1684
DOA-2990.fasta	86-22.fasta	99.8216	1581	1684
DOA-2990.fasta	DOA-1721.fasta	99.8213	1633	1684
DOA-2990.fasta	X22.fasta	99.8206	1637	1684
DOA-2990.fasta	Xcv_DC_93-6.fasta	99.8184	1629	1684
DOA-2990.fasta	XCVCP-C-51.fasta	99.817	1628	1684
DOA-2990.fasta	XCVCP-C-43.fasta	99.8128	1626	1684
DOA-2990.fasta	87-47.fasta	99.8118	1615	1684
DOA-2990.fasta	86-2.fasta	99.8118	1571	1684
DOA-2990.fasta	LMG_905.fasta	99.8093	1459	1684
DOA-2990.fasta	Tu-08.fasta	99.8079	1648	1684
DOA-2990.fasta	72-7.fasta	99.8076	1612	1684
DOA-2990.fasta	WHRI_8301.fasta	99.8076	1637	1684
DOA-2990.fasta	XCVKK-C-4.fasta	99.8076	1628	1684
DOA-2990.fasta	XCVKK-C-1.fasta	99.8073	1630	1684
DOA-2990.fasta	Tu-10.fasta	99.8069	1636	1684
DOA-2990.fasta	20HP1597.fasta	99.8066	1634	1684
DOA-2990.fasta	DOA-2983.fasta	99.8055	1642	1684
DOA-2990.fasta	Ps-7.fasta	99.8048	1614	1684
DOA-2990.fasta	XCVKK-C-5.fasta	99.8042	1627	1684
DOA-2990.fasta	DOA-2036.fasta	99.8036	1631	1684
DOA-2990.fasta	XCVKK-C-2.fasta	99.8035	1629	1684
DOA-2990.fasta	XCVKK-C-3.fasta	99.8034	1628	1684
DOA-2990.fasta	X13.fasta	99.8025	1633	1684
DOA-2990.fasta	20HP1615.fasta	99.8012	1634	1684
DOA-2990.fasta	VTM10.fasta	99.8006	1639	1684
DOA-2990.fasta	VTM15.fasta	99.7955	1637	1684
DOA-2990.fasta	Xcv_DC_96-5.fasta	99.7932	1626	1684
DOA-2990.fasta	86-46.fasta	99.7906	1594	1684
DOA-2990.fasta	Xe173.fasta	99.7887	1653	1684
DOA-2990.fasta	DOA-2987.fasta	99.7883	1637	1684
DOA-2990.fasta	LMG_909.fasta	99.787	1476	1684
DOA-2990.fasta	ATCC_11633.fasta	99.787	1614	1684
DOA-2990.fasta	LMG_667.fasta	99.7868	1507	1684
DOA-2990.fasta	DOA-1726.fasta	99.7866	1642	1684
DOA-2990.fasta	62XEKK5.fasta	99.7845	1632	1684
DOA-2990.fasta	87-13.fasta	99.7842	1628	1684
DOA-2990.fasta	20HP1591.fasta	99.7837	1642	1684
DOA-2990.fasta	20HP1608-1.fasta	99.7822	1641	1684
DOA-2990.fasta	20HP1608-2.fasta	99.7812	1640	1684
DOA-2990.fasta	DOA-2989.fasta	99.7788	1641	1684
DOA-2990.fasta	20HP1609-2.fasta	99.7771	1641	1684
DOA-2990.fasta	Xcv_DC_96-3.fasta	99.7717	1624	1684
DOA-2990.fasta	20HP1614.fasta	99.7714	1642	1684
DOA-2990.fasta	87-7.fasta	99.7706	1618	1684
DOA-2990.fasta	Xv_79.fasta	99.7672	1618	1684
DOA-2990.fasta	Xcv_DC_97_P1A.fasta	99.7656	1615	1684
DOA-2990.fasta	70-7.fasta	99.7654	1611	1684
DOA-2990.fasta	X82-8P.fasta	99.7641	1639	1684
DOA-2990.fasta	VTM16.fasta	99.7632	1646	1684
DOA-2990.fasta	DC99P1B1.fasta	99.7624	1625	1684
DOA-2990.fasta	LMG_933.fasta	99.7535	1429	1684
DOA-2990.fasta	VTM12.fasta	99.7509	1650	1684
DOA-2990.fasta	Xv_72.fasta	99.7502	1622	1684
DOA-2990.fasta	X82-8P_C5.fasta	99.7453	1638	1684
DOA-2990.fasta	X82-8P_C6.fasta	99.7445	1639	1684
DOA-2990.fasta	X82-8P_C4.fasta	99.7434	1631	1684
DOA-2990.fasta	X82-8P_C1.fasta	99.7431	1641	1684
DOA-2990.fasta	90-13.fasta	99.7427	1624	1684
DOA-2990.fasta	X82-8P_C3.fasta	99.7413	1640	1684
DOA-2990.fasta	X82-8P_C2.fasta	99.7411	1626	1684
DOA-2990.fasta	69-24.fasta	99.7367	1619	1684
DOA-2990.fasta	DC99P1A1.fasta	99.7308	1626	1684
DOA-2990.fasta	E3.fasta	99.7271	1613	1684
DOA-2990.fasta	VTM4.fasta	99.7229	1649	1684
DOA-2990.fasta	66b.fasta	99.7176	1511	1684
DOA-2990.fasta	LMG_930.fasta	99.7067	1661	1684
DOA-2990.fasta	LMG_27970.fasta	99.4398	1154	1684
E3.fasta	E3.fasta	100	1683	1688
E3.fasta	ATCC_11633.fasta	99.9819	1635	1688
E3.fasta	86-46.fasta	99.98	1637	1688
E3.fasta	72-7.fasta	99.9768	1603	1688
E3.fasta	69-24.fasta	99.9761	1639	1688
E3.fasta	LMG_930.fasta	99.9724	1676	1688
E3.fasta	75-3.fasta	99.9718	1596	1688
E3.fasta	85-16.fasta	99.9635	1559	1688
E3.fasta	X82-8P_C2.fasta	99.9604	1625	1688
E3.fasta	WHRI_8301.fasta	99.9601	1631	1688
E3.fasta	X82-8P_C3.fasta	99.9596	1637	1688
E3.fasta	X82-8P.fasta	99.959	1620	1688
E3.fasta	X82-8P_C1.fasta	99.9564	1638	1688
E3.fasta	X82-8P_C5.fasta	99.955	1637	1688
E3.fasta	X82-8P_C6.fasta	99.9539	1637	1688
E3.fasta	X82-8P_C4.fasta	99.9535	1630	1688
E3.fasta	70-7.fasta	99.9497	1618	1688
E3.fasta	86-22.fasta	99.9409	1579	1688
E3.fasta	86-2.fasta	99.9394	1586	1688
E3.fasta	XVP26.fasta	99.9338	1586	1688
E3.fasta	85-10.fasta	99.9323	1617	1688
E3.fasta	87-21.fasta	99.9298	1594	1688
E3.fasta	Tu-11.fasta	99.926	1598	1688
E3.fasta	Tu-06.fasta	99.9258	1596	1688
E3.fasta	Xcv_Sspep_92.fasta	99.9244	1596	1688
E3.fasta	Ps-1.fasta	99.9216	1576	1688
E3.fasta	Xv_72.fasta	99.9055	1621	1688
E3.fasta	Tabasco1.fasta	99.8956	1613	1688
E3.fasta	69-1.fasta	99.8936	1568	1688
E3.fasta	Xv_79.fasta	99.8927	1620	1688
E3.fasta	Xcv_DC_97_P2A.fasta	99.8492	1591	1688
E3.fasta	Xcv_DC_93-7.fasta	99.8424	1592	1688
E3.fasta	Xcv_DC_93-8.fasta	99.8422	1591	1688
E3.fasta	Xcv_DC_93-9.fasta	99.8399	1592	1688
E3.fasta	80-5.fasta	99.8324	1605	1688
E3.fasta	Xcv_DC_97_P3A.fasta	99.8297	1605	1688
E3.fasta	Xv157.fasta	99.8253	1589	1688
E3.fasta	VTM12.fasta	99.8202	1600	1688
E3.fasta	DC99P1B1.fasta	99.8202	1602	1688
E3.fasta	89-10.fasta	99.8166	1594	1688
E3.fasta	20HP1614.fasta	99.8153	1604	1688
E3.fasta	DOA-2987.fasta	99.8111	1600	1688
E3.fasta	DC99P1A1.fasta	99.8089	1601	1688
E3.fasta	20HP1608-2.fasta	99.8087	1602	1688
E3.fasta	71-21.fasta	99.8086	1588	1688
E3.fasta	Tu-08.fasta	99.8086	1606	1688
E3.fasta	90-13.fasta	99.8083	1610	1688
E3.fasta	Xcv_DC_97_P1A.fasta	99.806	1588	1688
E3.fasta	Tu-10.fasta	99.8049	1601	1688
E3.fasta	20HP1608-1.fasta	99.8042	1605	1688
E3.fasta	X31.fasta	99.8033	1600	1688
E3.fasta	20HP1594.fasta	99.8031	1597	1688
E3.fasta	VTM4.fasta	99.8028	1605	1688
E3.fasta	20HP1609-2.fasta	99.8018	1604	1688
E3.fasta	VTM10.fasta	99.8008	1595	1688
E3.fasta	DOA-1726.fasta	99.8005	1609	1688
E3.fasta	Xcv_DC_96-5.fasta	99.7999	1596	1688
E3.fasta	DOA-2989.fasta	99.7989	1604	1688
E3.fasta	VTM16.fasta	99.7976	1612	1688
E3.fasta	DOA-1721.fasta	99.7963	1596	1688
E3.fasta	VTM15.fasta	99.796	1598	1688
E3.fasta	Xcv_DC_96-3.fasta	99.7949	1597	1688
E3.fasta	X22.fasta	99.7948	1600	1688
E3.fasta	VTM17.fasta	99.7948	1612	1688
E3.fasta	87-13.fasta	99.7947	1595	1688
E3.fasta	Xcv_DC_96-2.fasta	99.7877	1611	1688
E3.fasta	Xe173.fasta	99.7876	1616	1688
E3.fasta	XCVKK-C-3.fasta	99.7857	1595	1688
E3.fasta	XCVCP-C-51.fasta	99.7852	1593	1688
E3.fasta	DOA-2983.fasta	99.7835	1595	1688
E3.fasta	XCVKK-C-4.fasta	99.7833	1593	1688
E3.fasta	DOA-2036.fasta	99.7822	1597	1688
E3.fasta	65XENP1.fasta	99.7814	1616	1688
E3.fasta	65XENP2.fasta	99.7786	1618	1688
E3.fasta	XCVKK-C-2.fasta	99.7785	1596	1688
E3.fasta	65XENP3.fasta	99.7768	1616	1688
E3.fasta	XCVCP-C-43.fasta	99.7765	1592	1688
E3.fasta	LMG_905.fasta	99.7742	1425	1688
E3.fasta	LMG_933.fasta	99.771	1401	1688
E3.fasta	62XEKK5.fasta	99.7709	1592	1688
E3.fasta	20HP1591.fasta	99.7705	1607	1688
E3.fasta	DOA-2990.fasta	99.7684	1616	1688
E3.fasta	XCVKK-C-1.fasta	99.7578	1597	1688
E3.fasta	X13.fasta	99.7567	1603	1688
E3.fasta	20HP1615.fasta	99.7566	1601	1688
E3.fasta	XCVKK-C-5.fasta	99.7553	1598	1688
E3.fasta	Xcv_DC_96-4.fasta	99.7551	1616	1688
E3.fasta	87-7.fasta	99.7507	1590	1688
E3.fasta	Xcv_DC_96-1.fasta	99.7492	1622	1688
E3.fasta	20HP1597.fasta	99.7491	1604	1688
E3.fasta	Ps-7.fasta	99.7471	1606	1688
E3.fasta	Xcv_DC_93-6.fasta	99.7463	1621	1688
E3.fasta	89-16.fasta	99.7457	1612	1688
E3.fasta	Xcv_DC_98_P2A.fasta	99.7455	1619	1688
E3.fasta	FB570.fasta	99.7447	1612	1688
E3.fasta	87-47.fasta	99.7423	1609	1688
E3.fasta	20HP1613.fasta	99.7386	1620	1688
E3.fasta	66b.fasta	99.7318	1485	1688
E3.fasta	83M.fasta	99.7222	1484	1688
E3.fasta	LMG_909.fasta	99.7201	1452	1688
E3.fasta	LMG_667.fasta	99.68	1480	1688
E3.fasta	LMG_27970.fasta	99.5149	1147	1688
FB570.fasta	FB570.fasta	100	1700	1703
FB570.fasta	Xcv_DC_93-6.fasta	99.9987	1689	1703
FB570.fasta	Xcv_DC_96-1.fasta	99.9977	1690	1703
FB570.fasta	Xcv_DC_96-4.fasta	99.9976	1688	1703
FB570.fasta	Xcv_DC_96-2.fasta	99.9969	1638	1703
FB570.fasta	Xcv_DC_98_P2A.fasta	99.995	1689	1703
FB570.fasta	89-10.fasta	99.9947	1656	1703
FB570.fasta	Xv157.fasta	99.9938	1660	1703
FB570.fasta	87-47.fasta	99.9935	1674	1703
FB570.fasta	Ps-7.fasta	99.9927	1675	1703
FB570.fasta	89-16.fasta	99.9833	1684	1703
FB570.fasta	87-21.fasta	99.9757	1602	1703
FB570.fasta	71-21.fasta	99.9728	1591	1703
FB570.fasta	Tu-06.fasta	99.9308	1601	1703
FB570.fasta	Xcv_DC_97_P3A.fasta	99.9304	1613	1703
FB570.fasta	Tu-11.fasta	99.9288	1606	1703
FB570.fasta	X22.fasta	99.9276	1615	1703
FB570.fasta	Xcv_DC_96-5.fasta	99.9154	1614	1703
FB570.fasta	VTM17.fasta	99.9091	1617	1703
FB570.fasta	87-7.fasta	99.9072	1649	1703
FB570.fasta	XVP26.fasta	99.9069	1598	1703
FB570.fasta	Xcv_DC_96-3.fasta	99.9069	1608	1703
FB570.fasta	VTM10.fasta	99.9063	1611	1703
FB570.fasta	20HP1608-2.fasta	99.9045	1619	1703
FB570.fasta	VTM15.fasta	99.904	1612	1703
FB570.fasta	DOA-2987.fasta	99.9036	1618	1703
FB570.fasta	20HP1614.fasta	99.9031	1620	1703
FB570.fasta	X31.fasta	99.9025	1617	1703
FB570.fasta	Tu-10.fasta	99.9019	1621	1703
FB570.fasta	DOA-1726.fasta	99.9009	1625	1703
FB570.fasta	DOA-2989.fasta	99.9005	1622	1703
FB570.fasta	20HP1615.fasta	99.8975	1612	1703
FB570.fasta	20HP1597.fasta	99.8967	1614	1703
FB570.fasta	VTM12.fasta	99.8959	1615	1703
FB570.fasta	20HP1591.fasta	99.8955	1620	1703
FB570.fasta	XCVKK-C-2.fasta	99.8945	1611	1703
FB570.fasta	XCVCP-C-43.fasta	99.893	1607	1703
FB570.fasta	DOA-1721.fasta	99.8912	1615	1703
FB570.fasta	20HP1594.fasta	99.8884	1614	1703
FB570.fasta	XCVKK-C-3.fasta	99.8872	1608	1703
FB570.fasta	DOA-2983.fasta	99.887	1610	1703
FB570.fasta	20HP1608-1.fasta	99.887	1622	1703
FB570.fasta	20HP1609-2.fasta	99.8869	1621	1703
FB570.fasta	XCVKK-C-5.fasta	99.8861	1609	1703
FB570.fasta	62XEKK5.fasta	99.8845	1609	1703
FB570.fasta	VTM4.fasta	99.8843	1619	1703
FB570.fasta	VTM16.fasta	99.8838	1627	1703
FB570.fasta	XCVKK-C-4.fasta	99.8829	1609	1703
FB570.fasta	DOA-2036.fasta	99.8808	1608	1703
FB570.fasta	XCVCP-C-51.fasta	99.8793	1604	1703
FB570.fasta	72-7.fasta	99.8791	1581	1703
FB570.fasta	XCVKK-C-1.fasta	99.8774	1609	1703
FB570.fasta	Xcv_DC_97_P2A.fasta	99.8601	1599	1703
FB570.fasta	Tu-08.fasta	99.858	1619	1703
FB570.fasta	Tabasco1.fasta	99.8577	1617	1703
FB570.fasta	ATCC_11633.fasta	99.8575	1604	1703
FB570.fasta	65XENP3.fasta	99.854	1620	1703
FB570.fasta	DOA-2990.fasta	99.8513	1622	1703
FB570.fasta	65XENP2.fasta	99.8488	1623	1703
FB570.fasta	65XENP1.fasta	99.8487	1624	1703
FB570.fasta	LMG_909.fasta	99.8477	1453	1703
FB570.fasta	Ps-1.fasta	99.8364	1615	1703
FB570.fasta	DC99P1A1.fasta	99.8313	1648	1703
FB570.fasta	Xcv_Sspep_92.fasta	99.8309	1641	1703
FB570.fasta	86-46.fasta	99.8308	1586	1703
FB570.fasta	DC99P1B1.fasta	99.829	1653	1703
FB570.fasta	87-13.fasta	99.8283	1647	1703
FB570.fasta	83M.fasta	99.8269	1486	1703
FB570.fasta	20HP1613.fasta	99.8268	1631	1703
FB570.fasta	LMG_667.fasta	99.8265	1544	1703
FB570.fasta	LMG_933.fasta	99.8188	1408	1703
FB570.fasta	70-7.fasta	99.8144	1586	1703
FB570.fasta	X82-8P_C5.fasta	99.8113	1608	1703
FB570.fasta	X82-8P.fasta	99.8097	1612	1703
FB570.fasta	X82-8P_C1.fasta	99.8095	1610	1703
FB570.fasta	X82-8P_C3.fasta	99.8092	1611	1703
FB570.fasta	X82-8P_C6.fasta	99.8064	1607	1703
FB570.fasta	Xe173.fasta	99.8061	1662	1703
FB570.fasta	X82-8P_C4.fasta	99.8048	1603	1703
FB570.fasta	Xcv_DC_97_P1A.fasta	99.7987	1640	1703
FB570.fasta	X82-8P_C2.fasta	99.7935	1598	1703
FB570.fasta	X13.fasta	99.78	1649	1703
FB570.fasta	85-10.fasta	99.7724	1644	1703
FB570.fasta	85-16.fasta	99.7717	1587	1703
FB570.fasta	69-1.fasta	99.7629	1610	1703
FB570.fasta	WHRI_8301.fasta	99.7628	1640	1703
FB570.fasta	90-13.fasta	99.7583	1656	1703
FB570.fasta	75-3.fasta	99.7549	1613	1703
FB570.fasta	66b.fasta	99.7531	1520	1703
FB570.fasta	E3.fasta	99.7477	1609	1703
FB570.fasta	86-2.fasta	99.7441	1600	1703
FB570.fasta	69-24.fasta	99.7397	1604	1703
FB570.fasta	86-22.fasta	99.7321	1609	1703
FB570.fasta	80-5.fasta	99.7116	1650	1703
FB570.fasta	Xcv_DC_93-8.fasta	99.6795	1616	1703
FB570.fasta	Xcv_DC_93-9.fasta	99.6787	1617	1703
FB570.fasta	LMG_930.fasta	99.6757	1665	1703
FB570.fasta	Xcv_DC_93-7.fasta	99.6742	1616	1703
FB570.fasta	Xv_72.fasta	99.6677	1645	1703
FB570.fasta	Xv_79.fasta	99.638	1643	1703
FB570.fasta	LMG_905.fasta	99.5655	1450	1703
FB570.fasta	LMG_27970.fasta	99.4775	1151	1703
LMG_27970.fasta	LMG_27970.fasta	100	1172	1191
LMG_27970.fasta	ATCC_11633.fasta	99.9547	1177	1191
LMG_27970.fasta	86-46.fasta	99.9477	1149	1191
LMG_27970.fasta	Xv_72.fasta	99.9473	1164	1191
LMG_27970.fasta	LMG_930.fasta	99.9459	1177	1191
LMG_27970.fasta	70-7.fasta	99.9373	1162	1191
LMG_27970.fasta	X82-8P_C4.fasta	99.9351	1169	1191
LMG_27970.fasta	E3.fasta	99.935	1164	1191
LMG_27970.fasta	X82-8P_C5.fasta	99.9348	1169	1191
LMG_27970.fasta	85-10.fasta	99.9305	1172	1191
LMG_27970.fasta	72-7.fasta	99.9302	1167	1191
LMG_27970.fasta	X82-8P_C3.fasta	99.9287	1171	1191
LMG_27970.fasta	Tu-11.fasta	99.9268	1170	1191
LMG_27970.fasta	X82-8P.fasta	99.9267	1173	1191
LMG_27970.fasta	80-5.fasta	99.9264	1173	1191
LMG_27970.fasta	X82-8P_C6.fasta	99.9232	1169	1191
LMG_27970.fasta	85-16.fasta	99.9228	1137	1191
LMG_27970.fasta	Xv_79.fasta	99.918	1169	1191
LMG_27970.fasta	WHRI_8301.fasta	99.9151	1177	1191
LMG_27970.fasta	X82-8P_C2.fasta	99.9144	1165	1191
LMG_27970.fasta	X82-8P_C1.fasta	99.9137	1172	1191
LMG_27970.fasta	XVP26.fasta	99.9122	1166	1191
LMG_27970.fasta	Tu-06.fasta	99.9092	1169	1191
LMG_27970.fasta	DOA-2987.fasta	99.9091	1169	1191
LMG_27970.fasta	Tabasco1.fasta	99.9059	1175	1191
LMG_27970.fasta	69-24.fasta	99.902	1168	1191
LMG_27970.fasta	X22.fasta	99.8996	1162	1191
LMG_27970.fasta	VTM17.fasta	99.8992	1174	1191
LMG_27970.fasta	86-2.fasta	99.899	1147	1191
LMG_27970.fasta	89-16.fasta	99.8988	1177	1191
LMG_27970.fasta	75-3.fasta	99.8985	1153	1191
LMG_27970.fasta	Xcv_DC_98_P2A.fasta	99.898	1175	1191
LMG_27970.fasta	X13.fasta	99.8976	1160	1191
LMG_27970.fasta	DOA-2989.fasta	99.8946	1167	1191
LMG_27970.fasta	87-7.fasta	99.8941	1160	1191
LMG_27970.fasta	DOA-2983.fasta	99.8928	1162	1191
LMG_27970.fasta	Xcv_DC_97_P3A.fasta	99.8925	1170	1191
LMG_27970.fasta	Tu-08.fasta	99.8899	1169	1191
LMG_27970.fasta	87-21.fasta	99.8879	1164	1191
LMG_27970.fasta	20HP1615.fasta	99.887	1162	1191
LMG_27970.fasta	Xcv_Sspep_92.fasta	99.8869	1165	1191
LMG_27970.fasta	20HP1614.fasta	99.8867	1168	1191
LMG_27970.fasta	20HP1609-2.fasta	99.8862	1169	1191
LMG_27970.fasta	Xcv_DC_96-2.fasta	99.886	1173	1191
LMG_27970.fasta	DOA-1726.fasta	99.8857	1167	1191
LMG_27970.fasta	Xcv_DC_96-1.fasta	99.8853	1174	1191
LMG_27970.fasta	20HP1597.fasta	99.8832	1165	1191
LMG_27970.fasta	Xcv_DC_96-4.fasta	99.8828	1174	1191
LMG_27970.fasta	Xcv_DC_96-3.fasta	99.8806	1166	1191
LMG_27970.fasta	Xcv_DC_93-6.fasta	99.8783	1174	1191
LMG_27970.fasta	86-22.fasta	99.8767	1149	1191
LMG_27970.fasta	XCVKK-C-4.fasta	99.8745	1158	1191
LMG_27970.fasta	Ps-7.fasta	99.8743	1161	1191
LMG_27970.fasta	FB570.fasta	99.8734	1164	1191
LMG_27970.fasta	Xv157.fasta	99.8732	1157	1191
LMG_27970.fasta	20HP1608-1.fasta	99.8726	1172	1191
LMG_27970.fasta	DOA-2036.fasta	99.8722	1159	1191
LMG_27970.fasta	XCVKK-C-1.fasta	99.8719	1157	1191
LMG_27970.fasta	Xcv_DC_97_P2A.fasta	99.8719	1167	1191
LMG_27970.fasta	VTM12.fasta	99.8704	1170	1191
LMG_27970.fasta	65XENP1.fasta	99.8696	1177	1191
LMG_27970.fasta	87-13.fasta	99.869	1175	1191
LMG_27970.fasta	Tu-10.fasta	99.8685	1169	1191
LMG_27970.fasta	20HP1613.fasta	99.8674	1177	1191
LMG_27970.fasta	Xe173.fasta	99.8669	1173	1191
LMG_27970.fasta	VTM4.fasta	99.8669	1170	1191
LMG_27970.fasta	XCVKK-C-3.fasta	99.8665	1161	1191
LMG_27970.fasta	71-21.fasta	99.8656	1157	1191
LMG_27970.fasta	20HP1608-2.fasta	99.865	1171	1191
LMG_27970.fasta	20HP1594.fasta	99.8642	1164	1191
LMG_27970.fasta	VTM16.fasta	99.8626	1177	1191
LMG_27970.fasta	20HP1591.fasta	99.8618	1169	1191
LMG_27970.fasta	DC99P1B1.fasta	99.8615	1172	1191
LMG_27970.fasta	XCVKK-C-2.fasta	99.8612	1159	1191
LMG_27970.fasta	XCVCP-C-51.fasta	99.8602	1158	1191
LMG_27970.fasta	90-13.fasta	99.8593	1164	1191
LMG_27970.fasta	DOA-2990.fasta	99.8593	1174	1191
LMG_27970.fasta	VTM10.fasta	99.8581	1165	1191
LMG_27970.fasta	62XEKK5.fasta	99.8551	1160	1191
LMG_27970.fasta	XCVKK-C-5.fasta	99.8549	1162	1191
LMG_27970.fasta	XCVCP-C-43.fasta	99.8532	1159	1191
LMG_27970.fasta	89-10.fasta	99.8527	1159	1191
LMG_27970.fasta	69-1.fasta	99.8525	1165	1191
LMG_27970.fasta	Ps-1.fasta	99.8523	1154	1191
LMG_27970.fasta	X31.fasta	99.8504	1167	1191
LMG_27970.fasta	DOA-1721.fasta	99.8501	1163	1191
LMG_27970.fasta	Xcv_DC_96-5.fasta	99.8495	1166	1191
LMG_27970.fasta	87-47.fasta	99.847	1162	1191
LMG_27970.fasta	65XENP3.fasta	99.8462	1178	1191
LMG_27970.fasta	DC99P1A1.fasta	99.8461	1171	1191
LMG_27970.fasta	65XENP2.fasta	99.8456	1178	1191
LMG_27970.fasta	Xcv_DC_97_P1A.fasta	99.8424	1160	1191
LMG_27970.fasta	VTM15.fasta	99.8345	1167	1191
LMG_27970.fasta	Xcv_DC_93-8.fasta	99.8268	1170	1191
LMG_27970.fasta	Xcv_DC_93-7.fasta	99.8068	1172	1191
LMG_27970.fasta	Xcv_DC_93-9.fasta	99.8003	1168	1191
LMG_27970.fasta	83M.fasta	99.783	1115	1191
LMG_27970.fasta	LMG_667.fasta	99.7682	1117	1191
LMG_27970.fasta	LMG_909.fasta	99.7681	1097	1191
LMG_27970.fasta	66b.fasta	99.7421	1114	1191
LMG_27970.fasta	LMG_905.fasta	99.7306	1082	1191
LMG_27970.fasta	LMG_933.fasta	99.6578	1087	1191
LMG_667.fasta	LMG_667.fasta	100	1621	1637
LMG_667.fasta	89-16.fasta	99.9773	1575	1637
LMG_667.fasta	71-21.fasta	99.9712	1488	1637
LMG_667.fasta	Xcv_DC_96-2.fasta	99.9688	1512	1637
LMG_667.fasta	Xcv_DC_96-1.fasta	99.966	1562	1637
LMG_667.fasta	Xcv_DC_93-6.fasta	99.9648	1563	1637
LMG_667.fasta	Xcv_DC_98_P2A.fasta	99.9593	1564	1637
LMG_667.fasta	FB570.fasta	99.9577	1551	1637
LMG_667.fasta	87-21.fasta	99.9575	1490	1637
LMG_667.fasta	Xcv_DC_96-4.fasta	99.953	1560	1637
LMG_667.fasta	Ps-7.fasta	99.9518	1546	1637
LMG_667.fasta	87-47.fasta	99.9471	1539	1637
LMG_667.fasta	89-10.fasta	99.9387	1533	1637
LMG_667.fasta	Xv157.fasta	99.9358	1538	1637
LMG_667.fasta	Tu-11.fasta	99.935	1521	1637
LMG_667.fasta	Tu-06.fasta	99.9337	1516	1637
LMG_667.fasta	XVP26.fasta	99.9319	1514	1637
LMG_667.fasta	VTM17.fasta	99.9307	1531	1637
LMG_667.fasta	DOA-1726.fasta	99.9221	1505	1637
LMG_667.fasta	20HP1594.fasta	99.9208	1499	1637
LMG_667.fasta	Xcv_DC_97_P3A.fasta	99.9207	1516	1637
LMG_667.fasta	DOA-2987.fasta	99.9146	1505	1637
LMG_667.fasta	XCVKK-C-4.fasta	99.9111	1498	1637
LMG_667.fasta	DOA-2983.fasta	99.9104	1503	1637
LMG_667.fasta	X22.fasta	99.9098	1513	1637
LMG_667.fasta	DOA-2990.fasta	99.9095	1522	1637
LMG_667.fasta	XCVKK-C-5.fasta	99.9078	1500	1637
LMG_667.fasta	62XEKK5.fasta	99.9077	1501	1637
LMG_667.fasta	DOA-2989.fasta	99.9065	1506	1637
LMG_667.fasta	X31.fasta	99.906	1512	1637
LMG_667.fasta	XCVKK-C-3.fasta	99.9058	1498	1637
LMG_667.fasta	20HP1591.fasta	99.9057	1507	1637
LMG_667.fasta	XCVKK-C-1.fasta	99.9049	1500	1637
LMG_667.fasta	DOA-2036.fasta	99.9031	1495	1637
LMG_667.fasta	XCVCP-C-51.fasta	99.9019	1502	1637
LMG_667.fasta	XCVKK-C-2.fasta	99.9018	1495	1637
LMG_667.fasta	DOA-1721.fasta	99.9017	1508	1637
LMG_667.fasta	20HP1613.fasta	99.9012	1523	1637
LMG_667.fasta	20HP1608-1.fasta	99.901	1507	1637
LMG_667.fasta	65XENP2.fasta	99.8994	1527	1637
LMG_667.fasta	65XENP1.fasta	99.8992	1522	1637
LMG_667.fasta	20HP1615.fasta	99.8992	1501	1637
LMG_667.fasta	65XENP3.fasta	99.8991	1526	1637
LMG_667.fasta	VTM10.fasta	99.8983	1515	1637
LMG_667.fasta	VTM16.fasta	99.8976	1525	1637
LMG_667.fasta	20HP1597.fasta	99.8952	1502	1637
LMG_667.fasta	20HP1609-2.fasta	99.894	1509	1637
LMG_667.fasta	Tu-10.fasta	99.8921	1519	1637
LMG_667.fasta	VTM12.fasta	99.8919	1514	1637
LMG_667.fasta	20HP1614.fasta	99.8917	1506	1637
LMG_667.fasta	VTM15.fasta	99.8909	1515	1637
LMG_667.fasta	XCVCP-C-43.fasta	99.8898	1501	1637
LMG_667.fasta	Xcv_DC_96-5.fasta	99.8898	1505	1637
LMG_667.fasta	20HP1608-2.fasta	99.8898	1509	1637
LMG_667.fasta	87-7.fasta	99.8874	1564	1637
LMG_667.fasta	VTM4.fasta	99.8849	1516	1637
LMG_667.fasta	72-7.fasta	99.8787	1506	1637
LMG_667.fasta	Xcv_DC_96-3.fasta	99.878	1505	1637
LMG_667.fasta	Tabasco1.fasta	99.8686	1530	1637
LMG_667.fasta	LMG_909.fasta	99.8604	1401	1637
LMG_667.fasta	Xcv_DC_97_P2A.fasta	99.8508	1509	1637
LMG_667.fasta	83M.fasta	99.8415	1436	1637
LMG_667.fasta	ATCC_11633.fasta	99.8413	1493	1637
LMG_667.fasta	Tu-08.fasta	99.834	1520	1637
LMG_667.fasta	X82-8P.fasta	99.8299	1515	1637
LMG_667.fasta	X82-8P_C6.fasta	99.8283	1515	1637
LMG_667.fasta	X82-8P_C5.fasta	99.8281	1513	1637
LMG_667.fasta	X82-8P_C2.fasta	99.8255	1503	1637
LMG_667.fasta	X82-8P_C3.fasta	99.8253	1514	1637
LMG_667.fasta	X82-8P_C4.fasta	99.8228	1508	1637
LMG_667.fasta	Xcv_Sspep_92.fasta	99.8221	1543	1637
LMG_667.fasta	70-7.fasta	99.8178	1509	1637
LMG_667.fasta	X82-8P_C1.fasta	99.8157	1517	1637
LMG_667.fasta	87-13.fasta	99.8136	1547	1637
LMG_667.fasta	86-46.fasta	99.8101	1485	1637
LMG_667.fasta	LMG_933.fasta	99.8093	1344	1637
LMG_667.fasta	Xe173.fasta	99.8072	1570	1637
LMG_667.fasta	90-13.fasta	99.7964	1551	1637
LMG_667.fasta	Ps-1.fasta	99.7937	1529	1637
LMG_667.fasta	X13.fasta	99.792	1548	1637
LMG_667.fasta	DC99P1B1.fasta	99.7682	1544	1637
LMG_667.fasta	WHRI_8301.fasta	99.7664	1558	1637
LMG_667.fasta	69-24.fasta	99.7652	1519	1637
LMG_667.fasta	Xcv_DC_97_P1A.fasta	99.7635	1534	1637
LMG_667.fasta	E3.fasta	99.7612	1500	1637
LMG_667.fasta	75-3.fasta	99.7595	1506	1637
LMG_667.fasta	85-10.fasta	99.7573	1561	1637
LMG_667.fasta	80-5.fasta	99.7524	1565	1637
LMG_667.fasta	DC99P1A1.fasta	99.7516	1544	1637
LMG_667.fasta	69-1.fasta	99.7505	1531	1637
LMG_667.fasta	86-2.fasta	99.7483	1494	1637
LMG_667.fasta	85-16.fasta	99.7372	1487	1637
LMG_667.fasta	86-22.fasta	99.7193	1503	1637
LMG_667.fasta	LMG_930.fasta	99.6821	1584	1637
LMG_667.fasta	66b.fasta	99.6746	1447	1637
LMG_667.fasta	Xv_79.fasta	99.6421	1542	1637
LMG_667.fasta	Xv_72.fasta	99.6421	1544	1637
LMG_667.fasta	Xcv_DC_93-7.fasta	99.6389	1506	1637
LMG_667.fasta	Xcv_DC_93-9.fasta	99.6313	1508	1637
LMG_667.fasta	Xcv_DC_93-8.fasta	99.6147	1512	1637
LMG_667.fasta	LMG_905.fasta	99.512	1407	1637
LMG_667.fasta	LMG_27970.fasta	99.3812	1111	1637
LMG_905.fasta	LMG_905.fasta	100	1516	1532
LMG_905.fasta	Xcv_DC_93-7.fasta	99.9619	1496	1532
LMG_905.fasta	Xcv_DC_93-8.fasta	99.9558	1503	1532
LMG_905.fasta	Xcv_DC_93-9.fasta	99.9456	1498	1532
LMG_905.fasta	XVP26.fasta	99.9338	1477	1532
LMG_905.fasta	65XENP3.fasta	99.9325	1475	1532
LMG_905.fasta	65XENP1.fasta	99.9311	1471	1532
LMG_905.fasta	65XENP2.fasta	99.9303	1476	1532
LMG_905.fasta	Tu-11.fasta	99.928	1480	1532
LMG_905.fasta	Tu-06.fasta	99.9268	1477	1532
LMG_905.fasta	DOA-2990.fasta	99.9223	1475	1532
LMG_905.fasta	VTM17.fasta	99.9214	1486	1532
LMG_905.fasta	Xcv_DC_97_P3A.fasta	99.9173	1473	1532
LMG_905.fasta	Tu-08.fasta	99.9155	1471	1532
LMG_905.fasta	Tabasco1.fasta	99.9153	1484	1532
LMG_905.fasta	X82-8P_C3.fasta	99.9124	1469	1532
LMG_905.fasta	X82-8P_C5.fasta	99.9104	1465	1532
LMG_905.fasta	XCVKK-C-4.fasta	99.9095	1456	1532
LMG_905.fasta	X82-8P_C4.fasta	99.9094	1462	1532
LMG_905.fasta	X22.fasta	99.9094	1468	1532
LMG_905.fasta	VTM15.fasta	99.9093	1473	1532
LMG_905.fasta	XCVKK-C-5.fasta	99.9089	1459	1532
LMG_905.fasta	62XEKK5.fasta	99.9087	1458	1532
LMG_905.fasta	VTM10.fasta	99.9081	1470	1532
LMG_905.fasta	XCVCP-C-51.fasta	99.908	1455	1532
LMG_905.fasta	X82-8P_C2.fasta	99.9074	1459	1532
LMG_905.fasta	X82-8P.fasta	99.906	1473	1532
LMG_905.fasta	XCVKK-C-2.fasta	99.906	1458	1532
LMG_905.fasta	X82-8P_C1.fasta	99.9047	1469	1532
LMG_905.fasta	X82-8P_C6.fasta	99.9047	1472	1532
LMG_905.fasta	XCVCP-C-43.fasta	99.904	1456	1532
LMG_905.fasta	XCVKK-C-3.fasta	99.9039	1455	1532
LMG_905.fasta	XCVKK-C-1.fasta	99.9039	1460	1532
LMG_905.fasta	Tu-10.fasta	99.9034	1474	1532
LMG_905.fasta	X31.fasta	99.9025	1466	1532
LMG_905.fasta	20HP1591.fasta	99.9025	1463	1532
LMG_905.fasta	Xcv_DC_96-3.fasta	99.9016	1462	1532
LMG_905.fasta	VTM12.fasta	99.9003	1474	1532
LMG_905.fasta	20HP1613.fasta	99.9002	1474	1532
LMG_905.fasta	VTM4.fasta	99.9002	1472	1532
LMG_905.fasta	DOA-1726.fasta	99.8992	1464	1532
LMG_905.fasta	DOA-2036.fasta	99.8989	1461	1532
LMG_905.fasta	69-24.fasta	99.8985	1462	1532
LMG_905.fasta	DOA-1721.fasta	99.8984	1469	1532
LMG_905.fasta	DOA-2987.fasta	99.8974	1458	1532
LMG_905.fasta	87-21.fasta	99.8973	1458	1532
LMG_905.fasta	VTM16.fasta	99.8972	1480	1532
LMG_905.fasta	Xcv_DC_96-2.fasta	99.8959	1468	1532
LMG_905.fasta	20HP1608-1.fasta	99.8935	1464	1532
LMG_905.fasta	20HP1614.fasta	99.8927	1466	1532
LMG_905.fasta	20HP1608-2.fasta	99.8921	1466	1532
LMG_905.fasta	72-7.fasta	99.8921	1467	1532
LMG_905.fasta	20HP1615.fasta	99.8915	1459	1532
LMG_905.fasta	20HP1597.fasta	99.891	1462	1532
LMG_905.fasta	DOA-2983.fasta	99.8909	1467	1532
LMG_905.fasta	DOA-2989.fasta	99.8909	1468	1532
LMG_905.fasta	70-7.fasta	99.8894	1462	1532
LMG_905.fasta	20HP1594.fasta	99.8891	1463	1532
LMG_905.fasta	Xcv_DC_97_P2A.fasta	99.889	1467	1532
LMG_905.fasta	20HP1609-2.fasta	99.884	1463	1532
LMG_905.fasta	71-21.fasta	99.881	1450	1532
LMG_905.fasta	ATCC_11633.fasta	99.879	1455	1532
LMG_905.fasta	Xcv_DC_96-5.fasta	99.8787	1466	1532
LMG_905.fasta	E3.fasta	99.8753	1450	1532
LMG_905.fasta	86-46.fasta	99.8737	1443	1532
LMG_905.fasta	83M.fasta	99.8339	1403	1532
LMG_905.fasta	LMG_909.fasta	99.7858	1365	1532
LMG_905.fasta	Xe173.fasta	99.7528	1497	1532
LMG_905.fasta	LMG_933.fasta	99.7508	1322	1532
LMG_905.fasta	WHRI_8301.fasta	99.7457	1480	1532
LMG_905.fasta	LMG_930.fasta	99.7376	1491	1532
LMG_905.fasta	87-13.fasta	99.7371	1479	1532
LMG_905.fasta	80-5.fasta	99.7337	1502	1532
LMG_905.fasta	Xcv_Sspep_92.fasta	99.7317	1480	1532
LMG_905.fasta	89-16.fasta	99.7305	1489	1532
LMG_905.fasta	Xv_79.fasta	99.7247	1464	1532
LMG_905.fasta	Xcv_DC_98_P2A.fasta	99.7225	1477	1532
LMG_905.fasta	90-13.fasta	99.7193	1469	1532
LMG_905.fasta	87-7.fasta	99.7146	1469	1532
LMG_905.fasta	Xcv_DC_96-1.fasta	99.7123	1479	1532
LMG_905.fasta	Ps-1.fasta	99.71	1466	1532
LMG_905.fasta	Xv_72.fasta	99.7099	1469	1532
LMG_905.fasta	85-10.fasta	99.7098	1491	1532
LMG_905.fasta	75-3.fasta	99.7079	1436	1532
LMG_905.fasta	Xcv_DC_97_P1A.fasta	99.7028	1466	1532
LMG_905.fasta	X13.fasta	99.7027	1474	1532
LMG_905.fasta	69-1.fasta	99.7005	1474	1532
LMG_905.fasta	89-10.fasta	99.6986	1460	1532
LMG_905.fasta	Xv157.fasta	99.6979	1467	1532
LMG_905.fasta	Xcv_DC_96-4.fasta	99.6946	1476	1532
LMG_905.fasta	86-22.fasta	99.694	1443	1532
LMG_905.fasta	DC99P1A1.fasta	99.6937	1470	1532
LMG_905.fasta	Ps-7.fasta	99.6921	1461	1532
LMG_905.fasta	86-2.fasta	99.6903	1430	1532
LMG_905.fasta	85-16.fasta	99.6901	1428	1532
LMG_905.fasta	Xcv_DC_93-6.fasta	99.69	1475	1532
LMG_905.fasta	87-47.fasta	99.6874	1463	1532
LMG_905.fasta	FB570.fasta	99.6805	1469	1532
LMG_905.fasta	DC99P1B1.fasta	99.6764	1471	1532
LMG_905.fasta	66b.fasta	99.6072	1386	1532
LMG_905.fasta	LMG_667.fasta	99.5848	1393	1532
LMG_905.fasta	LMG_27970.fasta	99.3981	1076	1532
LMG_909.fasta	LMG_909.fasta	100	1499	1517
LMG_909.fasta	89-16.fasta	99.978	1496	1517
LMG_909.fasta	Xcv_DC_96-1.fasta	99.9742	1483	1517
LMG_909.fasta	Xcv_DC_96-2.fasta	99.9733	1486	1517
LMG_909.fasta	Xcv_DC_98_P2A.fasta	99.9729	1483	1517
LMG_909.fasta	Xcv_DC_93-6.fasta	99.9658	1482	1517
LMG_909.fasta	87-47.fasta	99.9598	1465	1517
LMG_909.fasta	FB570.fasta	99.9548	1479	1517
LMG_909.fasta	71-21.fasta	99.9538	1473	1517
LMG_909.fasta	Xcv_DC_96-4.fasta	99.9501	1486	1517
LMG_909.fasta	Ps-7.fasta	99.949	1475	1517
LMG_909.fasta	XVP26.fasta	99.948	1486	1517
LMG_909.fasta	Xv157.fasta	99.9462	1460	1517
LMG_909.fasta	87-21.fasta	99.9425	1469	1517
LMG_909.fasta	89-10.fasta	99.9396	1464	1517
LMG_909.fasta	Tu-06.fasta	99.9341	1490	1517
LMG_909.fasta	Tu-11.fasta	99.9339	1496	1517
LMG_909.fasta	VTM17.fasta	99.9269	1502	1517
LMG_909.fasta	80-5.fasta	99.9265	1507	1517
LMG_909.fasta	DOA-1726.fasta	99.9236	1473	1517
LMG_909.fasta	DOA-1721.fasta	99.9226	1476	1517
LMG_909.fasta	69-1.fasta	99.9226	1476	1517
LMG_909.fasta	DOA-2987.fasta	99.9218	1476	1517
LMG_909.fasta	Xcv_DC_97_P3A.fasta	99.9211	1496	1517
LMG_909.fasta	20HP1615.fasta	99.921	1471	1517
LMG_909.fasta	DOA-2989.fasta	99.9204	1479	1517
LMG_909.fasta	Xcv_Sspep_92.fasta	99.9196	1480	1517
LMG_909.fasta	X31.fasta	99.9186	1487	1517
LMG_909.fasta	20HP1594.fasta	99.9155	1475	1517
LMG_909.fasta	20HP1597.fasta	99.9146	1475	1517
LMG_909.fasta	65XENP3.fasta	99.9143	1497	1517
LMG_909.fasta	XCVKK-C-4.fasta	99.9138	1467	1517
LMG_909.fasta	65XENP2.fasta	99.9128	1497	1517
LMG_909.fasta	65XENP1.fasta	99.9116	1494	1517
LMG_909.fasta	XCVKK-C-1.fasta	99.9107	1472	1517
LMG_909.fasta	DOA-2983.fasta	99.9105	1479	1517
LMG_909.fasta	XCVCP-C-51.fasta	99.9083	1476	1517
LMG_909.fasta	XCVKK-C-3.fasta	99.9063	1468	1517
LMG_909.fasta	XCVKK-C-5.fasta	99.9059	1473	1517
LMG_909.fasta	VTM16.fasta	99.9055	1495	1517
LMG_909.fasta	Ps-1.fasta	99.9052	1466	1517
LMG_909.fasta	62XEKK5.fasta	99.9044	1478	1517
LMG_909.fasta	DOA-2036.fasta	99.9002	1473	1517
LMG_909.fasta	20HP1613.fasta	99.8988	1495	1517
LMG_909.fasta	DOA-2990.fasta	99.8964	1497	1517
LMG_909.fasta	20HP1608-1.fasta	99.8941	1482	1517
LMG_909.fasta	X22.fasta	99.8929	1489	1517
LMG_909.fasta	Xe173.fasta	99.8916	1507	1517
LMG_909.fasta	20HP1609-2.fasta	99.8908	1479	1517
LMG_909.fasta	Xcv_DC_96-3.fasta	99.8904	1483	1517
LMG_909.fasta	Tu-10.fasta	99.8904	1492	1517
LMG_909.fasta	Xcv_DC_97_P1A.fasta	99.8877	1472	1517
LMG_909.fasta	Xcv_DC_96-5.fasta	99.8866	1484	1517
LMG_909.fasta	XCVKK-C-2.fasta	99.8835	1473	1517
LMG_909.fasta	20HP1591.fasta	99.882	1481	1517
LMG_909.fasta	X13.fasta	99.8797	1481	1517
LMG_909.fasta	XCVCP-C-43.fasta	99.8789	1471	1517
LMG_909.fasta	DC99P1A1.fasta	99.8787	1476	1517
LMG_909.fasta	87-13.fasta	99.8782	1489	1517
LMG_909.fasta	VTM12.fasta	99.8752	1489	1517
LMG_909.fasta	VTM10.fasta	99.8742	1488	1517
LMG_909.fasta	72-7.fasta	99.874	1478	1517
LMG_909.fasta	Tabasco1.fasta	99.8737	1501	1517
LMG_909.fasta	20HP1608-2.fasta	99.8732	1483	1517
LMG_909.fasta	VTM4.fasta	99.8731	1492	1517
LMG_909.fasta	Xcv_DC_93-7.fasta	99.8729	1471	1517
LMG_909.fasta	LMG_667.fasta	99.8704	1409	1517
LMG_909.fasta	Xcv_DC_93-8.fasta	99.8703	1473	1517
LMG_909.fasta	83M.fasta	99.8693	1408	1517
LMG_909.fasta	Xcv_DC_93-9.fasta	99.8675	1470	1517
LMG_909.fasta	DC99P1B1.fasta	99.8671	1477	1517
LMG_909.fasta	20HP1614.fasta	99.8656	1481	1517
LMG_909.fasta	VTM15.fasta	99.8614	1493	1517
LMG_909.fasta	86-46.fasta	99.8594	1453	1517
LMG_909.fasta	ATCC_11633.fasta	99.8532	1460	1517
LMG_909.fasta	87-7.fasta	99.8509	1482	1517
LMG_909.fasta	90-13.fasta	99.848	1482	1517
LMG_909.fasta	86-22.fasta	99.8449	1443	1517
LMG_909.fasta	86-2.fasta	99.8429	1434	1517
LMG_909.fasta	WHRI_8301.fasta	99.8424	1484	1517
LMG_909.fasta	85-16.fasta	99.8414	1423	1517
LMG_909.fasta	Xcv_DC_97_P2A.fasta	99.8403	1484	1517
LMG_909.fasta	Tu-08.fasta	99.838	1485	1517
LMG_909.fasta	85-10.fasta	99.8357	1490	1517
LMG_909.fasta	75-3.fasta	99.8343	1440	1517
LMG_909.fasta	Xv_72.fasta	99.8203	1468	1517
LMG_909.fasta	Xv_79.fasta	99.8196	1470	1517
LMG_909.fasta	LMG_933.fasta	99.8043	1328	1517
LMG_909.fasta	X82-8P.fasta	99.8004	1490	1517
LMG_909.fasta	X82-8P_C2.fasta	99.7995	1478	1517
LMG_909.fasta	X82-8P_C5.fasta	99.7958	1488	1517
LMG_909.fasta	70-7.fasta	99.7954	1487	1517
LMG_909.fasta	X82-8P_C6.fasta	99.7946	1491	1517
LMG_909.fasta	X82-8P_C4.fasta	99.7918	1485	1517
LMG_909.fasta	X82-8P_C1.fasta	99.7911	1490	1517
LMG_909.fasta	X82-8P_C3.fasta	99.79	1491	1517
LMG_909.fasta	69-24.fasta	99.7893	1487	1517
LMG_909.fasta	66b.fasta	99.7857	1401	1517
LMG_909.fasta	E3.fasta	99.7844	1469	1517
LMG_909.fasta	LMG_930.fasta	99.7843	1506	1517
LMG_909.fasta	LMG_905.fasta	99.7547	1365	1517
LMG_909.fasta	LMG_27970.fasta	99.402	1089	1517
LMG_930.fasta	LMG_930.fasta	100	1830	1831
LMG_930.fasta	72-7.fasta	99.9435	1636	1831
LMG_930.fasta	70-7.fasta	99.9309	1656	1831
LMG_930.fasta	69-24.fasta	99.9296	1677	1831
LMG_930.fasta	X82-8P_C3.fasta	99.9287	1677	1831
LMG_930.fasta	X82-8P_C4.fasta	99.9285	1666	1831
LMG_930.fasta	X82-8P_C1.fasta	99.9278	1671	1831
LMG_930.fasta	X82-8P.fasta	99.9265	1660	1831
LMG_930.fasta	E3.fasta	99.9236	1678	1831
LMG_930.fasta	X82-8P_C5.fasta	99.9233	1674	1831
LMG_930.fasta	X82-8P_C2.fasta	99.923	1662	1831
LMG_930.fasta	WHRI_8301.fasta	99.92	1761	1831
LMG_930.fasta	X82-8P_C6.fasta	99.9185	1676	1831
LMG_930.fasta	86-46.fasta	99.9082	1655	1831
LMG_930.fasta	ATCC_11633.fasta	99.903	1659	1831
LMG_930.fasta	85-10.fasta	99.8994	1744	1831
LMG_930.fasta	75-3.fasta	99.8908	1671	1831
LMG_930.fasta	XVP26.fasta	99.8882	1634	1831
LMG_930.fasta	85-16.fasta	99.8775	1631	1831
LMG_930.fasta	86-2.fasta	99.8764	1659	1831
LMG_930.fasta	86-22.fasta	99.8733	1646	1831
LMG_930.fasta	Tu-06.fasta	99.864	1633	1831
LMG_930.fasta	87-21.fasta	99.8556	1616	1831
LMG_930.fasta	Xcv_Sspep_92.fasta	99.8548	1679	1831
LMG_930.fasta	Xv_72.fasta	99.8503	1693	1831
LMG_930.fasta	Tu-11.fasta	99.8483	1641	1831
LMG_930.fasta	Ps-1.fasta	99.8354	1654	1831
LMG_930.fasta	Xv_79.fasta	99.8292	1705	1831
LMG_930.fasta	Tabasco1.fasta	99.8098	1654	1831
LMG_930.fasta	90-13.fasta	99.7849	1694	1831
LMG_930.fasta	20HP1591.fasta	99.7772	1639	1831
LMG_930.fasta	X22.fasta	99.7737	1642	1831
LMG_930.fasta	20HP1608-1.fasta	99.7717	1643	1831
LMG_930.fasta	Tu-08.fasta	99.7712	1648	1831
LMG_930.fasta	20HP1609-2.fasta	99.7698	1644	1831
LMG_930.fasta	DOA-2989.fasta	99.7689	1641	1831
LMG_930.fasta	20HP1608-2.fasta	99.7686	1639	1831
LMG_930.fasta	20HP1614.fasta	99.7685	1639	1831
LMG_930.fasta	XCVCP-C-51.fasta	99.7657	1628	1831
LMG_930.fasta	XCVKK-C-1.fasta	99.7637	1634	1831
LMG_930.fasta	DOA-2987.fasta	99.7622	1637	1831
LMG_930.fasta	XCVCP-C-43.fasta	99.761	1629	1831
LMG_930.fasta	XCVKK-C-2.fasta	99.7598	1629	1831
LMG_930.fasta	VTM4.fasta	99.7552	1651	1831
LMG_930.fasta	Xcv_DC_97_P2A.fasta	99.7539	1633	1831
LMG_930.fasta	87-13.fasta	99.7506	1684	1831
LMG_930.fasta	XCVKK-C-4.fasta	99.7506	1631	1831
LMG_930.fasta	DOA-1726.fasta	99.7495	1644	1831
LMG_930.fasta	20HP1594.fasta	99.7488	1635	1831
LMG_930.fasta	Xe173.fasta	99.7475	1743	1831
LMG_930.fasta	Xcv_DC_97_P3A.fasta	99.7441	1642	1831
LMG_930.fasta	DC99P1A1.fasta	99.7423	1681	1831
LMG_930.fasta	62XEKK5.fasta	99.7421	1639	1831
LMG_930.fasta	Xcv_DC_96-2.fasta	99.7416	1644	1831
LMG_930.fasta	DOA-1721.fasta	99.7404	1638	1831
LMG_930.fasta	XCVKK-C-5.fasta	99.7395	1635	1831
LMG_930.fasta	XCVKK-C-3.fasta	99.7384	1635	1831
LMG_930.fasta	DC99P1B1.fasta	99.7374	1685	1831
LMG_930.fasta	Xcv_DC_97_P1A.fasta	99.7342	1670	1831
LMG_930.fasta	VTM17.fasta	99.7341	1657	1831
LMG_930.fasta	20HP1597.fasta	99.7323	1641	1831
LMG_930.fasta	X31.fasta	99.7317	1641	1831
LMG_930.fasta	VTM12.fasta	99.73	1650	1831
LMG_930.fasta	DOA-2036.fasta	99.7287	1630	1831
LMG_930.fasta	VTM16.fasta	99.7234	1655	1831
LMG_930.fasta	71-21.fasta	99.7207	1610	1831
LMG_930.fasta	X13.fasta	99.7199	1688	1831
LMG_930.fasta	20HP1615.fasta	99.7198	1640	1831
LMG_930.fasta	83M.fasta	99.7198	1519	1831
LMG_930.fasta	66b.fasta	99.719	1545	1831
LMG_930.fasta	LMG_933.fasta	99.7185	1429	1831
LMG_930.fasta	Xcv_DC_96-5.fasta	99.7144	1632	1831
LMG_930.fasta	DOA-2983.fasta	99.7129	1636	1831
LMG_930.fasta	Tu-10.fasta	99.7116	1640	1831
LMG_930.fasta	Xcv_DC_96-3.fasta	99.7114	1630	1831
LMG_930.fasta	65XENP2.fasta	99.7081	1655	1831
LMG_930.fasta	65XENP1.fasta	99.7011	1660	1831
LMG_930.fasta	65XENP3.fasta	99.7008	1657	1831
LMG_930.fasta	VTM10.fasta	99.6999	1644	1831
LMG_930.fasta	69-1.fasta	99.6982	1628	1831
LMG_930.fasta	VTM15.fasta	99.6981	1644	1831
LMG_930.fasta	DOA-2990.fasta	99.6965	1659	1831
LMG_930.fasta	89-10.fasta	99.6817	1654	1831
LMG_930.fasta	Xv157.fasta	99.6792	1657	1831
LMG_930.fasta	20HP1613.fasta	99.6782	1664	1831
LMG_930.fasta	LMG_909.fasta	99.6505	1483	1831
LMG_930.fasta	89-16.fasta	99.6435	1688	1831
LMG_930.fasta	Xcv_DC_98_P2A.fasta	99.6309	1683	1831
LMG_930.fasta	Xcv_DC_96-1.fasta	99.63	1689	1831
LMG_930.fasta	Xcv_DC_93-6.fasta	99.6264	1686	1831
LMG_930.fasta	87-47.fasta	99.612	1674	1831
LMG_930.fasta	87-7.fasta	99.6091	1672	1831
LMG_930.fasta	Ps-7.fasta	99.6073	1667	1831
LMG_930.fasta	Xcv_DC_96-4.fasta	99.6069	1691	1831
LMG_930.fasta	Xcv_DC_93-9.fasta	99.605	1634	1831
LMG_930.fasta	FB570.fasta	99.5943	1679	1831
LMG_930.fasta	Xcv_DC_93-8.fasta	99.5935	1645	1831
LMG_930.fasta	Xcv_DC_93-7.fasta	99.5919	1639	1831
LMG_930.fasta	LMG_667.fasta	99.5861	1552	1831
LMG_930.fasta	80-5.fasta	99.5697	1686	1831
LMG_930.fasta	LMG_905.fasta	99.5266	1480	1831
LMG_930.fasta	LMG_27970.fasta	99.5224	1157	1831
LMG_933.fasta	LMG_933.fasta	100	1454	1468
LMG_933.fasta	89-16.fasta	99.9758	1448	1468
LMG_933.fasta	Xe173.fasta	99.9729	1460	1468
LMG_933.fasta	20HP1615.fasta	99.9725	1433	1468
LMG_933.fasta	VTM15.fasta	99.9709	1446	1468
LMG_933.fasta	20HP1597.fasta	99.9707	1429	1468
LMG_933.fasta	20HP1591.fasta	99.9706	1433	1468
LMG_933.fasta	62XEKK5.fasta	99.9702	1432	1468
LMG_933.fasta	Tu-10.fasta	99.9693	1447	1468
LMG_933.fasta	DOA-2987.fasta	99.969	1436	1468
LMG_933.fasta	VTM10.fasta	99.9684	1446	1468
LMG_933.fasta	DOA-1726.fasta	99.9684	1439	1468
LMG_933.fasta	DOA-2989.fasta	99.9679	1436	1468
LMG_933.fasta	DOA-1721.fasta	99.9678	1442	1468
LMG_933.fasta	87-13.fasta	99.9661	1439	1468
LMG_933.fasta	XCVKK-C-1.fasta	99.9658	1436	1468
LMG_933.fasta	X22.fasta	99.9647	1444	1468
LMG_933.fasta	XCVKK-C-2.fasta	99.9647	1432	1468
LMG_933.fasta	DOA-2036.fasta	99.9641	1437	1468
LMG_933.fasta	XCVKK-C-4.fasta	99.9637	1433	1468
LMG_933.fasta	XCVCP-C-51.fasta	99.9636	1432	1468
LMG_933.fasta	XCVKK-C-5.fasta	99.9634	1431	1468
LMG_933.fasta	87-21.fasta	99.9625	1434	1468
LMG_933.fasta	20HP1608-1.fasta	99.9616	1438	1468
LMG_933.fasta	XCVKK-C-3.fasta	99.9612	1431	1468
LMG_933.fasta	XCVCP-C-43.fasta	99.9599	1431	1468
LMG_933.fasta	VTM16.fasta	99.9593	1450	1468
LMG_933.fasta	20HP1614.fasta	99.9591	1439	1468
LMG_933.fasta	X31.fasta	99.9587	1444	1468
LMG_933.fasta	90-13.fasta	99.9584	1440	1468
LMG_933.fasta	Xcv_DC_96-1.fasta	99.9583	1441	1468
LMG_933.fasta	20HP1608-2.fasta	99.9582	1442	1468
LMG_933.fasta	87-7.fasta	99.9567	1432	1468
LMG_933.fasta	69-1.fasta	99.9562	1435	1468
LMG_933.fasta	VTM4.fasta	99.9554	1450	1468
LMG_933.fasta	20HP1609-2.fasta	99.955	1443	1468
LMG_933.fasta	20HP1594.fasta	99.9535	1436	1468
LMG_933.fasta	Xcv_DC_93-6.fasta	99.9527	1436	1468
LMG_933.fasta	XVP26.fasta	99.9505	1450	1468
LMG_933.fasta	DOA-2983.fasta	99.9502	1439	1468
LMG_933.fasta	Xcv_DC_96-5.fasta	99.9485	1440	1468
LMG_933.fasta	X13.fasta	99.9476	1440	1468
LMG_933.fasta	VTM12.fasta	99.9474	1449	1468
LMG_933.fasta	Xcv_DC_96-2.fasta	99.9464	1445	1468
LMG_933.fasta	89-10.fasta	99.9455	1427	1468
LMG_933.fasta	71-21.fasta	99.9447	1424	1468
LMG_933.fasta	Xcv_DC_96-3.fasta	99.943	1440	1468
LMG_933.fasta	Xv157.fasta	99.942	1425	1468
LMG_933.fasta	Xcv_DC_98_P2A.fasta	99.9401	1439	1468
LMG_933.fasta	FB570.fasta	99.9395	1430	1468
LMG_933.fasta	87-47.fasta	99.9388	1425	1468
LMG_933.fasta	Tu-11.fasta	99.9382	1456	1468
LMG_933.fasta	Tu-06.fasta	99.9332	1454	1468
LMG_933.fasta	Ps-7.fasta	99.9331	1427	1468
LMG_933.fasta	65XENP2.fasta	99.932	1446	1468
LMG_933.fasta	20HP1613.fasta	99.9302	1450	1468
LMG_933.fasta	65XENP3.fasta	99.9294	1450	1468
LMG_933.fasta	Xcv_DC_96-4.fasta	99.9286	1441	1468
LMG_933.fasta	VTM17.fasta	99.9282	1458	1468
LMG_933.fasta	65XENP1.fasta	99.9253	1453	1468
LMG_933.fasta	DOA-2990.fasta	99.9236	1456	1468
LMG_933.fasta	Tabasco1.fasta	99.923	1456	1468
LMG_933.fasta	80-5.fasta	99.9202	1459	1468
LMG_933.fasta	DC99P1A1.fasta	99.9144	1432	1468
LMG_933.fasta	WHRI_8301.fasta	99.9134	1443	1468
LMG_933.fasta	Xcv_DC_97_P3A.fasta	99.9124	1448	1468
LMG_933.fasta	LMG_930.fasta	99.9095	1453	1468
LMG_933.fasta	DC99P1B1.fasta	99.9094	1435	1468
LMG_933.fasta	X82-8P_C1.fasta	99.9053	1443	1468
LMG_933.fasta	Tu-08.fasta	99.905	1445	1468
LMG_933.fasta	Xcv_Sspep_92.fasta	99.9046	1445	1468
LMG_933.fasta	Xcv_DC_97_P1A.fasta	99.9041	1432	1468
LMG_933.fasta	X82-8P_C4.fasta	99.9026	1435	1468
LMG_933.fasta	X82-8P_C2.fasta	99.9012	1431	1468
LMG_933.fasta	72-7.fasta	99.9009	1435	1468
LMG_933.fasta	X82-8P_C3.fasta	99.9	1441	1468
LMG_933.fasta	X82-8P.fasta	99.8995	1442	1468
LMG_933.fasta	70-7.fasta	99.8988	1434	1468
LMG_933.fasta	X82-8P_C6.fasta	99.8955	1447	1468
LMG_933.fasta	X82-8P_C5.fasta	99.8945	1440	1468
LMG_933.fasta	Xcv_DC_97_P2A.fasta	99.8903	1437	1468
LMG_933.fasta	Xv_72.fasta	99.8897	1427	1468
LMG_933.fasta	85-10.fasta	99.889	1452	1468
LMG_933.fasta	Xv_79.fasta	99.8887	1427	1468
LMG_933.fasta	Xcv_DC_93-8.fasta	99.8884	1438	1468
LMG_933.fasta	Ps-1.fasta	99.8876	1424	1468
LMG_933.fasta	69-24.fasta	99.8857	1440	1468
LMG_933.fasta	86-46.fasta	99.8768	1411	1468
LMG_933.fasta	ATCC_11633.fasta	99.8745	1427	1468
LMG_933.fasta	Xcv_DC_93-7.fasta	99.8742	1434	1468
LMG_933.fasta	Xcv_DC_93-9.fasta	99.8732	1431	1468
LMG_933.fasta	E3.fasta	99.8732	1423	1468
LMG_933.fasta	86-2.fasta	99.8668	1399	1468
LMG_933.fasta	85-16.fasta	99.8624	1390	1468
LMG_933.fasta	LMG_667.fasta	99.858	1357	1468
LMG_933.fasta	86-22.fasta	99.8574	1402	1468
LMG_933.fasta	75-3.fasta	99.8542	1402	1468
LMG_933.fasta	83M.fasta	99.8471	1366	1468
LMG_933.fasta	66b.fasta	99.8399	1348	1468
LMG_933.fasta	LMG_909.fasta	99.8342	1338	1468
LMG_933.fasta	LMG_905.fasta	99.7692	1329	1468
LMG_933.fasta	LMG_27970.fasta	99.3235	1069	1468
Ps-1.fasta	Ps-1.fasta	100	1669	1673
Ps-1.fasta	Xcv_Sspep_92.fasta	99.9983	1666	1673
Ps-1.fasta	Tu-06.fasta	99.9971	1616	1673
Ps-1.fasta	Tu-11.fasta	99.9957	1617	1673
Ps-1.fasta	Tabasco1.fasta	99.9877	1607	1673
Ps-1.fasta	Xcv_DC_97_P3A.fasta	99.9837	1613	1673
Ps-1.fasta	Xcv_DC_97_P2A.fasta	99.9817	1605	1673
Ps-1.fasta	65XENP1.fasta	99.9777	1614	1673
Ps-1.fasta	65XENP2.fasta	99.977	1614	1673
Ps-1.fasta	VTM17.fasta	99.9758	1619	1673
Ps-1.fasta	65XENP3.fasta	99.9645	1615	1673
Ps-1.fasta	DOA-2990.fasta	99.9525	1614	1673
Ps-1.fasta	87-21.fasta	99.9442	1591	1673
Ps-1.fasta	Tu-08.fasta	99.9413	1601	1673
Ps-1.fasta	20HP1613.fasta	99.9413	1616	1673
Ps-1.fasta	71-21.fasta	99.9397	1585	1673
Ps-1.fasta	Xe173.fasta	99.9332	1657	1673
Ps-1.fasta	Xcv_DC_96-2.fasta	99.9251	1596	1673
Ps-1.fasta	75-3.fasta	99.9209	1598	1673
Ps-1.fasta	XVP26.fasta	99.9199	1600	1673
Ps-1.fasta	87-13.fasta	99.9194	1630	1673
Ps-1.fasta	Xv_72.fasta	99.9193	1631	1673
Ps-1.fasta	Xv_79.fasta	99.9177	1625	1673
Ps-1.fasta	X13.fasta	99.9159	1640	1673
Ps-1.fasta	85-16.fasta	99.9125	1592	1673
Ps-1.fasta	X82-8P.fasta	99.91	1598	1673
Ps-1.fasta	DC99P1B1.fasta	99.9097	1641	1673
Ps-1.fasta	E3.fasta	99.9089	1581	1673
Ps-1.fasta	DC99P1A1.fasta	99.9085	1639	1673
Ps-1.fasta	X31.fasta	99.908	1598	1673
Ps-1.fasta	X22.fasta	99.9074	1599	1673
Ps-1.fasta	Xcv_DC_97_P1A.fasta	99.9071	1639	1673
Ps-1.fasta	20HP1614.fasta	99.9055	1591	1673
Ps-1.fasta	X82-8P_C5.fasta	99.9054	1596	1673
Ps-1.fasta	86-46.fasta	99.9049	1575	1673
Ps-1.fasta	X82-8P_C3.fasta	99.9049	1597	1673
Ps-1.fasta	Tu-10.fasta	99.9047	1604	1673
Ps-1.fasta	VTM10.fasta	99.904	1595	1673
Ps-1.fasta	DOA-1721.fasta	99.9038	1595	1673
Ps-1.fasta	ATCC_11633.fasta	99.9033	1591	1673
Ps-1.fasta	DOA-2983.fasta	99.9023	1592	1673
Ps-1.fasta	86-22.fasta	99.9018	1614	1673
Ps-1.fasta	XCVKK-C-5.fasta	99.9012	1585	1673
Ps-1.fasta	20HP1597.fasta	99.9001	1584	1673
Ps-1.fasta	20HP1591.fasta	99.9001	1593	1673
Ps-1.fasta	Xcv_DC_96-5.fasta	99.8999	1598	1673
Ps-1.fasta	LMG_930.fasta	99.8999	1654	1673
Ps-1.fasta	XCVKK-C-4.fasta	99.8997	1583	1673
Ps-1.fasta	86-2.fasta	99.8997	1600	1673
Ps-1.fasta	DOA-1726.fasta	99.8987	1597	1673
Ps-1.fasta	XCVKK-C-2.fasta	99.8983	1584	1673
Ps-1.fasta	DOA-2987.fasta	99.8976	1591	1673
Ps-1.fasta	XCVKK-C-3.fasta	99.8971	1586	1673
Ps-1.fasta	20HP1594.fasta	99.8968	1593	1673
Ps-1.fasta	62XEKK5.fasta	99.8964	1587	1673
Ps-1.fasta	DOA-2989.fasta	99.8962	1593	1673
Ps-1.fasta	X82-8P_C2.fasta	99.8952	1583	1673
Ps-1.fasta	VTM15.fasta	99.895	1599	1673
Ps-1.fasta	XCVCP-C-43.fasta	99.8941	1583	1673
Ps-1.fasta	72-7.fasta	99.894	1576	1673
Ps-1.fasta	DOA-2036.fasta	99.893	1585	1673
Ps-1.fasta	X82-8P_C1.fasta	99.8926	1597	1673
Ps-1.fasta	70-7.fasta	99.8925	1573	1673
Ps-1.fasta	85-10.fasta	99.8924	1651	1673
Ps-1.fasta	XCVKK-C-1.fasta	99.8921	1588	1673
Ps-1.fasta	69-24.fasta	99.8918	1575	1673
Ps-1.fasta	XCVCP-C-51.fasta	99.8914	1586	1673
Ps-1.fasta	20HP1608-1.fasta	99.8912	1595	1673
Ps-1.fasta	20HP1609-2.fasta	99.8906	1594	1673
Ps-1.fasta	90-13.fasta	99.8904	1619	1673
Ps-1.fasta	X82-8P_C4.fasta	99.8897	1590	1673
Ps-1.fasta	Xcv_DC_96-3.fasta	99.8894	1599	1673
Ps-1.fasta	VTM16.fasta	99.8864	1604	1673
Ps-1.fasta	20HP1615.fasta	99.8852	1585	1673
Ps-1.fasta	X82-8P_C6.fasta	99.8841	1597	1673
Ps-1.fasta	20HP1608-2.fasta	99.8831	1591	1673
Ps-1.fasta	83M.fasta	99.8779	1491	1673
Ps-1.fasta	VTM12.fasta	99.8778	1594	1673
Ps-1.fasta	VTM4.fasta	99.8767	1597	1673
Ps-1.fasta	WHRI_8301.fasta	99.8756	1637	1673
Ps-1.fasta	89-16.fasta	99.8244	1626	1673
Ps-1.fasta	Xv157.fasta	99.824	1628	1673
Ps-1.fasta	80-5.fasta	99.8224	1633	1673
Ps-1.fasta	FB570.fasta	99.8224	1630	1673
Ps-1.fasta	Xcv_DC_93-6.fasta	99.8219	1636	1673
Ps-1.fasta	Xcv_DC_98_P2A.fasta	99.8197	1635	1673
Ps-1.fasta	Xcv_DC_96-1.fasta	99.8168	1637	1673
Ps-1.fasta	66b.fasta	99.812	1520	1673
Ps-1.fasta	87-47.fasta	99.8106	1625	1673
Ps-1.fasta	89-10.fasta	99.8101	1630	1673
Ps-1.fasta	Ps-7.fasta	99.8098	1624	1673
Ps-1.fasta	87-7.fasta	99.8049	1612	1673
Ps-1.fasta	Xcv_DC_96-4.fasta	99.8031	1638	1673
Ps-1.fasta	LMG_909.fasta	99.7911	1446	1673
Ps-1.fasta	LMG_933.fasta	99.7679	1400	1673
Ps-1.fasta	Xcv_DC_93-7.fasta	99.7394	1606	1673
Ps-1.fasta	Xcv_DC_93-9.fasta	99.7353	1605	1673
Ps-1.fasta	69-1.fasta	99.7348	1600	1673
Ps-1.fasta	Xcv_DC_93-8.fasta	99.7121	1608	1673
Ps-1.fasta	LMG_667.fasta	99.6796	1512	1673
Ps-1.fasta	LMG_905.fasta	99.5698	1449	1673
Ps-1.fasta	LMG_27970.fasta	99.5166	1149	1673
Ps-7.fasta	Ps-7.fasta	100	1697	1701
Ps-7.fasta	Xcv_DC_96-1.fasta	99.9995	1692	1701
Ps-7.fasta	Xcv_DC_96-4.fasta	99.9994	1691	1701
Ps-7.fasta	Xcv_DC_96-2.fasta	99.9992	1642	1701
Ps-7.fasta	Xcv_DC_98_P2A.fasta	99.999	1692	1701
Ps-7.fasta	Xv157.fasta	99.9974	1661	1701
Ps-7.fasta	89-10.fasta	99.9966	1661	1701
Ps-7.fasta	FB570.fasta	99.9932	1683	1701
Ps-7.fasta	Xcv_DC_93-6.fasta	99.9927	1692	1701
Ps-7.fasta	87-47.fasta	99.9925	1676	1701
Ps-7.fasta	89-16.fasta	99.9857	1681	1701
Ps-7.fasta	87-21.fasta	99.9746	1601	1701
Ps-7.fasta	71-21.fasta	99.9686	1593	1701
Ps-7.fasta	X22.fasta	99.9282	1617	1701
Ps-7.fasta	Xcv_DC_97_P3A.fasta	99.9274	1609	1701
Ps-7.fasta	Tu-06.fasta	99.9268	1599	1701
Ps-7.fasta	Tu-11.fasta	99.9253	1603	1701
Ps-7.fasta	87-7.fasta	99.9162	1642	1701
Ps-7.fasta	Xcv_DC_96-5.fasta	99.9156	1614	1701
Ps-7.fasta	20HP1591.fasta	99.911	1616	1701
Ps-7.fasta	Xcv_DC_96-3.fasta	99.9068	1614	1701
Ps-7.fasta	DOA-2987.fasta	99.9066	1615	1701
Ps-7.fasta	20HP1608-2.fasta	99.9053	1617	1701
Ps-7.fasta	VTM10.fasta	99.9052	1609	1701
Ps-7.fasta	VTM15.fasta	99.9052	1612	1701
Ps-7.fasta	DOA-1726.fasta	99.9052	1622	1701
Ps-7.fasta	X31.fasta	99.9044	1618	1701
Ps-7.fasta	Tu-10.fasta	99.9034	1621	1701
Ps-7.fasta	VTM16.fasta	99.9028	1625	1701
Ps-7.fasta	20HP1614.fasta	99.9027	1619	1701
Ps-7.fasta	XCVCP-C-43.fasta	99.9027	1607	1701
Ps-7.fasta	XCVKK-C-2.fasta	99.9019	1610	1701
Ps-7.fasta	XVP26.fasta	99.9013	1596	1701
Ps-7.fasta	DOA-2989.fasta	99.9012	1621	1701
Ps-7.fasta	VTM12.fasta	99.8984	1615	1701
Ps-7.fasta	20HP1615.fasta	99.898	1612	1701
Ps-7.fasta	20HP1597.fasta	99.8978	1614	1701
Ps-7.fasta	VTM17.fasta	99.8963	1616	1701
Ps-7.fasta	DOA-1721.fasta	99.8954	1611	1701
Ps-7.fasta	20HP1594.fasta	99.8939	1610	1701
Ps-7.fasta	XCVKK-C-5.fasta	99.8932	1608	1701
Ps-7.fasta	XCVKK-C-3.fasta	99.8922	1607	1701
Ps-7.fasta	DOA-2036.fasta	99.8901	1607	1701
Ps-7.fasta	XCVKK-C-4.fasta	99.8882	1608	1701
Ps-7.fasta	DOA-2983.fasta	99.8881	1608	1701
Ps-7.fasta	20HP1609-2.fasta	99.8879	1619	1701
Ps-7.fasta	20HP1608-1.fasta	99.8872	1621	1701
Ps-7.fasta	XCVCP-C-51.fasta	99.8864	1604	1701
Ps-7.fasta	62XEKK5.fasta	99.8847	1609	1701
Ps-7.fasta	XCVKK-C-1.fasta	99.8847	1607	1701
Ps-7.fasta	VTM4.fasta	99.8818	1619	1701
Ps-7.fasta	72-7.fasta	99.871	1583	1701
Ps-7.fasta	Tabasco1.fasta	99.8659	1612	1701
Ps-7.fasta	Xcv_DC_97_P2A.fasta	99.8607	1595	1701
Ps-7.fasta	LMG_909.fasta	99.8607	1450	1701
Ps-7.fasta	DOA-2990.fasta	99.8602	1617	1701
Ps-7.fasta	Tu-08.fasta	99.8592	1617	1701
Ps-7.fasta	LMG_667.fasta	99.8545	1525	1701
Ps-7.fasta	ATCC_11633.fasta	99.8519	1604	1701
Ps-7.fasta	86-46.fasta	99.8384	1588	1701
Ps-7.fasta	DC99P1B1.fasta	99.8317	1656	1701
Ps-7.fasta	87-13.fasta	99.8309	1646	1701
Ps-7.fasta	65XENP1.fasta	99.8294	1623	1701
Ps-7.fasta	65XENP2.fasta	99.8292	1623	1701
Ps-7.fasta	DC99P1A1.fasta	99.8287	1653	1701
Ps-7.fasta	Ps-1.fasta	99.8278	1621	1701
Ps-7.fasta	Xcv_Sspep_92.fasta	99.8267	1641	1701
Ps-7.fasta	20HP1613.fasta	99.8258	1629	1701
Ps-7.fasta	65XENP3.fasta	99.8214	1621	1701
Ps-7.fasta	70-7.fasta	99.8171	1581	1701
Ps-7.fasta	83M.fasta	99.8169	1493	1701
Ps-7.fasta	Xcv_DC_97_P1A.fasta	99.8162	1641	1701
Ps-7.fasta	X82-8P_C5.fasta	99.8124	1607	1701
Ps-7.fasta	X82-8P_C1.fasta	99.8113	1607	1701
Ps-7.fasta	X82-8P_C2.fasta	99.8107	1595	1701
Ps-7.fasta	X82-8P_C3.fasta	99.8105	1607	1701
Ps-7.fasta	X82-8P_C6.fasta	99.81	1606	1701
Ps-7.fasta	X82-8P.fasta	99.81	1610	1701
Ps-7.fasta	Xe173.fasta	99.8063	1660	1701
Ps-7.fasta	X82-8P_C4.fasta	99.8057	1601	1701
Ps-7.fasta	LMG_933.fasta	99.8053	1410	1701
Ps-7.fasta	X13.fasta	99.7839	1648	1701
Ps-7.fasta	90-13.fasta	99.7753	1648	1701
Ps-7.fasta	66b.fasta	99.7662	1514	1701
Ps-7.fasta	85-16.fasta	99.764	1595	1701
Ps-7.fasta	69-1.fasta	99.7612	1606	1701
Ps-7.fasta	75-3.fasta	99.7566	1612	1701
Ps-7.fasta	E3.fasta	99.7527	1611	1701
Ps-7.fasta	85-10.fasta	99.7501	1645	1701
Ps-7.fasta	WHRI_8301.fasta	99.7457	1640	1701
Ps-7.fasta	69-24.fasta	99.7431	1605	1701
Ps-7.fasta	86-2.fasta	99.7418	1605	1701
Ps-7.fasta	86-22.fasta	99.7374	1612	1701
Ps-7.fasta	80-5.fasta	99.7023	1646	1701
Ps-7.fasta	Xcv_DC_93-9.fasta	99.674	1616	1701
Ps-7.fasta	Xcv_DC_93-8.fasta	99.6634	1619	1701
Ps-7.fasta	Xcv_DC_93-7.fasta	99.6616	1619	1701
Ps-7.fasta	Xv_72.fasta	99.6595	1645	1701
Ps-7.fasta	LMG_930.fasta	99.6518	1668	1701
Ps-7.fasta	Xv_79.fasta	99.6278	1647	1701
Ps-7.fasta	LMG_905.fasta	99.5466	1442	1701
Ps-7.fasta	LMG_27970.fasta	99.4971	1145	1701
Tabasco1.fasta	Tabasco1.fasta	100	1672	1676
Tabasco1.fasta	Tu-06.fasta	99.988	1631	1676
Tabasco1.fasta	Tu-11.fasta	99.9865	1637	1676
Tabasco1.fasta	Xcv_Sspep_92.fasta	99.9807	1616	1676
Tabasco1.fasta	Ps-1.fasta	99.9701	1587	1676
Tabasco1.fasta	XVP26.fasta	99.9361	1621	1676
Tabasco1.fasta	87-21.fasta	99.9128	1603	1676
Tabasco1.fasta	80-5.fasta	99.9118	1661	1676
Tabasco1.fasta	69-1.fasta	99.9082	1603	1676
Tabasco1.fasta	Xcv_DC_97_P3A.fasta	99.9078	1630	1676
Tabasco1.fasta	Xcv_DC_97_P2A.fasta	99.9031	1615	1676
Tabasco1.fasta	72-7.fasta	99.8947	1618	1676
Tabasco1.fasta	VTM17.fasta	99.8921	1651	1676
Tabasco1.fasta	70-7.fasta	99.8889	1616	1676
Tabasco1.fasta	Tu-08.fasta	99.8846	1637	1676
Tabasco1.fasta	65XENP2.fasta	99.8832	1635	1676
Tabasco1.fasta	Xv157.fasta	99.8828	1586	1676
Tabasco1.fasta	65XENP3.fasta	99.8827	1637	1676
Tabasco1.fasta	ATCC_11633.fasta	99.8825	1593	1676
Tabasco1.fasta	X82-8P_C6.fasta	99.8815	1629	1676
Tabasco1.fasta	89-10.fasta	99.8814	1587	1676
Tabasco1.fasta	X82-8P.fasta	99.8813	1631	1676
Tabasco1.fasta	65XENP1.fasta	99.8796	1639	1676
Tabasco1.fasta	X82-8P_C2.fasta	99.8785	1617	1676
Tabasco1.fasta	X82-8P_C1.fasta	99.8783	1628	1676
Tabasco1.fasta	X82-8P_C4.fasta	99.8779	1623	1676
Tabasco1.fasta	DOA-2990.fasta	99.8771	1638	1676
Tabasco1.fasta	X82-8P_C3.fasta	99.8755	1630	1676
Tabasco1.fasta	75-3.fasta	99.8743	1571	1676
Tabasco1.fasta	X82-8P_C5.fasta	99.873	1633	1676
Tabasco1.fasta	89-16.fasta	99.8678	1636	1676
Tabasco1.fasta	WHRI_8301.fasta	99.8657	1631	1676
Tabasco1.fasta	86-46.fasta	99.8638	1581	1676
Tabasco1.fasta	E3.fasta	99.8625	1600	1676
Tabasco1.fasta	20HP1613.fasta	99.8601	1641	1676
Tabasco1.fasta	LMG_930.fasta	99.8559	1651	1676
Tabasco1.fasta	Xcv_DC_96-1.fasta	99.8547	1623	1676
Tabasco1.fasta	Xcv_DC_93-7.fasta	99.8542	1605	1676
Tabasco1.fasta	X31.fasta	99.8527	1616	1676
Tabasco1.fasta	VTM16.fasta	99.8498	1635	1676
Tabasco1.fasta	FB570.fasta	99.8492	1601	1676
Tabasco1.fasta	Xcv_DC_93-6.fasta	99.8454	1613	1676
Tabasco1.fasta	Xcv_DC_96-2.fasta	99.8449	1624	1676
Tabasco1.fasta	Xcv_DC_96-4.fasta	99.8448	1617	1676
Tabasco1.fasta	Xcv_DC_96-5.fasta	99.8424	1608	1676
Tabasco1.fasta	69-24.fasta	99.8417	1625	1676
Tabasco1.fasta	Ps-7.fasta	99.841	1595	1676
Tabasco1.fasta	DOA-1721.fasta	99.8407	1609	1676
Tabasco1.fasta	DOA-1726.fasta	99.8406	1620	1676
Tabasco1.fasta	20HP1594.fasta	99.84	1611	1676
Tabasco1.fasta	Tu-10.fasta	99.8394	1629	1676
Tabasco1.fasta	87-13.fasta	99.8388	1623	1676
Tabasco1.fasta	XCVKK-C-5.fasta	99.8379	1605	1676
Tabasco1.fasta	X22.fasta	99.8376	1617	1676
Tabasco1.fasta	XCVKK-C-4.fasta	99.8371	1607	1676
Tabasco1.fasta	62XEKK5.fasta	99.8363	1605	1676
Tabasco1.fasta	XCVCP-C-51.fasta	99.8347	1608	1676
Tabasco1.fasta	90-13.fasta	99.8344	1625	1676
Tabasco1.fasta	85-10.fasta	99.8344	1644	1676
Tabasco1.fasta	Xcv_DC_98_P2A.fasta	99.834	1621	1676
Tabasco1.fasta	71-21.fasta	99.8333	1589	1676
Tabasco1.fasta	DOA-2989.fasta	99.8329	1617	1676
Tabasco1.fasta	Xv_72.fasta	99.8325	1609	1676
Tabasco1.fasta	DOA-2987.fasta	99.8322	1623	1676
Tabasco1.fasta	86-2.fasta	99.8294	1562	1676
Tabasco1.fasta	Xcv_DC_96-3.fasta	99.8294	1607	1676
Tabasco1.fasta	VTM12.fasta	99.829	1635	1676
Tabasco1.fasta	20HP1609-2.fasta	99.8272	1625	1676
Tabasco1.fasta	20HP1597.fasta	99.8269	1614	1676
Tabasco1.fasta	VTM4.fasta	99.8265	1633	1676
Tabasco1.fasta	20HP1608-1.fasta	99.8243	1625	1676
Tabasco1.fasta	Xcv_DC_93-9.fasta	99.824	1606	1676
Tabasco1.fasta	87-47.fasta	99.8222	1601	1676
Tabasco1.fasta	XCVKK-C-3.fasta	99.8216	1607	1676
Tabasco1.fasta	XCVKK-C-1.fasta	99.821	1609	1676
Tabasco1.fasta	86-22.fasta	99.8204	1571	1676
Tabasco1.fasta	Xcv_DC_93-8.fasta	99.8197	1610	1676
Tabasco1.fasta	87-7.fasta	99.8189	1615	1676
Tabasco1.fasta	X13.fasta	99.8184	1613	1676
Tabasco1.fasta	DOA-2036.fasta	99.8183	1604	1676
Tabasco1.fasta	Xcv_DC_97_P1A.fasta	99.817	1603	1676
Tabasco1.fasta	20HP1615.fasta	99.8167	1613	1676
Tabasco1.fasta	83M.fasta	99.8153	1510	1676
Tabasco1.fasta	VTM10.fasta	99.8135	1628	1676
Tabasco1.fasta	Xv_79.fasta	99.8133	1613	1676
Tabasco1.fasta	DOA-2983.fasta	99.8097	1615	1676
Tabasco1.fasta	85-16.fasta	99.8093	1555	1676
Tabasco1.fasta	VTM15.fasta	99.8002	1629	1676
Tabasco1.fasta	20HP1614.fasta	99.7995	1624	1676
Tabasco1.fasta	20HP1608-2.fasta	99.7977	1623	1676
Tabasco1.fasta	XCVCP-C-43.fasta	99.793	1610	1676
Tabasco1.fasta	20HP1591.fasta	99.7925	1618	1676
Tabasco1.fasta	XCVKK-C-2.fasta	99.7921	1607	1676
Tabasco1.fasta	LMG_905.fasta	99.7902	1461	1676
Tabasco1.fasta	Xe173.fasta	99.7899	1652	1676
Tabasco1.fasta	DC99P1A1.fasta	99.7837	1615	1676
Tabasco1.fasta	LMG_933.fasta	99.774	1419	1676
Tabasco1.fasta	DC99P1B1.fasta	99.77	1620	1676
Tabasco1.fasta	LMG_667.fasta	99.76	1501	1676
Tabasco1.fasta	LMG_909.fasta	99.7405	1472	1676
Tabasco1.fasta	66b.fasta	99.7263	1499	1676
Tabasco1.fasta	LMG_27970.fasta	99.497	1145	1676
Tu-06.fasta	Tu-06.fasta	100	1649	1654
Tu-06.fasta	Tu-11.fasta	99.9928	1649	1654
Tu-06.fasta	Tabasco1.fasta	99.99	1635	1654
Tu-06.fasta	Xcv_Sspep_92.fasta	99.9891	1616	1654
Tu-06.fasta	Xcv_DC_97_P3A.fasta	99.9872	1616	1654
Tu-06.fasta	65XENP2.fasta	99.9777	1629	1654
Tu-06.fasta	VTM17.fasta	99.9776	1649	1654
Tu-06.fasta	65XENP3.fasta	99.9761	1625	1654
Tu-06.fasta	65XENP1.fasta	99.9758	1633	1654
Tu-06.fasta	DOA-2990.fasta	99.9757	1631	1654
Tu-06.fasta	Xcv_DC_97_P2A.fasta	99.9753	1609	1654
Tu-06.fasta	80-5.fasta	99.9722	1639	1654
Tu-06.fasta	Tu-08.fasta	99.9701	1631	1654
Tu-06.fasta	Ps-1.fasta	99.967	1600	1654
Tu-06.fasta	20HP1613.fasta	99.9649	1630	1654
Tu-06.fasta	XVP26.fasta	99.9553	1624	1654
Tu-06.fasta	87-21.fasta	99.9307	1593	1654
Tu-06.fasta	89-16.fasta	99.9271	1617	1654
Tu-06.fasta	Tu-10.fasta	99.9269	1625	1654
Tu-06.fasta	Xcv_DC_96-1.fasta	99.9228	1605	1654
Tu-06.fasta	Xcv_DC_96-2.fasta	99.9217	1607	1654
Tu-06.fasta	89-10.fasta	99.9202	1589	1654
Tu-06.fasta	Xcv_DC_98_P2A.fasta	99.9195	1605	1654
Tu-06.fasta	FB570.fasta	99.9164	1592	1654
Tu-06.fasta	Xcv_DC_93-6.fasta	99.9157	1599	1654
Tu-06.fasta	DOA-1726.fasta	99.9157	1608	1654
Tu-06.fasta	Xv157.fasta	99.9155	1592	1654
Tu-06.fasta	Xcv_DC_93-7.fasta	99.9148	1603	1654
Tu-06.fasta	VTM16.fasta	99.9134	1624	1654
Tu-06.fasta	Xcv_DC_96-4.fasta	99.9127	1606	1654
Tu-06.fasta	71-21.fasta	99.9126	1583	1654
Tu-06.fasta	X22.fasta	99.9123	1621	1654
Tu-06.fasta	VTM12.fasta	99.9123	1621	1654
Tu-06.fasta	87-13.fasta	99.912	1609	1654
Tu-06.fasta	VTM10.fasta	99.9119	1622	1654
Tu-06.fasta	69-1.fasta	99.9106	1598	1654
Tu-06.fasta	VTM4.fasta	99.909	1615	1654
Tu-06.fasta	Ps-7.fasta	99.9081	1586	1654
Tu-06.fasta	XCVKK-C-4.fasta	99.9073	1604	1654
Tu-06.fasta	Xcv_DC_93-9.fasta	99.9071	1604	1654
Tu-06.fasta	20HP1591.fasta	99.9071	1607	1654
Tu-06.fasta	Xcv_DC_96-5.fasta	99.9069	1605	1654
Tu-06.fasta	XCVKK-C-5.fasta	99.9066	1604	1654
Tu-06.fasta	20HP1597.fasta	99.9065	1605	1654
Tu-06.fasta	XCVKK-C-2.fasta	99.9061	1603	1654
Tu-06.fasta	Xcv_DC_93-8.fasta	99.9056	1604	1654
Tu-06.fasta	XCVKK-C-3.fasta	99.9052	1605	1654
Tu-06.fasta	62XEKK5.fasta	99.9049	1605	1654
Tu-06.fasta	DOA-2987.fasta	99.9046	1614	1654
Tu-06.fasta	DOA-2983.fasta	99.9041	1612	1654
Tu-06.fasta	X82-8P.fasta	99.9037	1616	1654
Tu-06.fasta	DOA-2036.fasta	99.9034	1604	1654
Tu-06.fasta	87-47.fasta	99.9031	1586	1654
Tu-06.fasta	X31.fasta	99.9024	1618	1654
Tu-06.fasta	XCVKK-C-1.fasta	99.9023	1608	1654
Tu-06.fasta	DOA-1721.fasta	99.9019	1612	1654
Tu-06.fasta	DOA-2989.fasta	99.9017	1612	1654
Tu-06.fasta	20HP1615.fasta	99.9004	1605	1654
Tu-06.fasta	90-13.fasta	99.9003	1599	1654
Tu-06.fasta	X13.fasta	99.8989	1611	1654
Tu-06.fasta	XCVCP-C-43.fasta	99.8988	1607	1654
Tu-06.fasta	ATCC_11633.fasta	99.8984	1592	1654
Tu-06.fasta	VTM15.fasta	99.8984	1624	1654
Tu-06.fasta	20HP1608-1.fasta	99.8983	1614	1654
Tu-06.fasta	20HP1609-2.fasta	99.8982	1609	1654
Tu-06.fasta	X82-8P_C2.fasta	99.8982	1603	1654
Tu-06.fasta	X82-8P_C3.fasta	99.898	1617	1654
Tu-06.fasta	XCVCP-C-51.fasta	99.8979	1608	1654
Tu-06.fasta	83M.fasta	99.8978	1509	1654
Tu-06.fasta	72-7.fasta	99.8974	1599	1654
Tu-06.fasta	20HP1608-2.fasta	99.8966	1605	1654
Tu-06.fasta	X82-8P_C1.fasta	99.8965	1619	1654
Tu-06.fasta	X82-8P_C4.fasta	99.8965	1609	1654
Tu-06.fasta	X82-8P_C6.fasta	99.896	1618	1654
Tu-06.fasta	Xv_72.fasta	99.8958	1591	1654
Tu-06.fasta	E3.fasta	99.8953	1591	1654
Tu-06.fasta	Xe173.fasta	99.895	1643	1654
Tu-06.fasta	X82-8P_C5.fasta	99.895	1619	1654
Tu-06.fasta	20HP1614.fasta	99.8945	1613	1654
Tu-06.fasta	20HP1594.fasta	99.8934	1614	1654
Tu-06.fasta	87-7.fasta	99.8924	1595	1654
Tu-06.fasta	Xcv_DC_96-3.fasta	99.8904	1605	1654
Tu-06.fasta	DC99P1A1.fasta	99.8868	1596	1654
Tu-06.fasta	Xv_79.fasta	99.8859	1591	1654
Tu-06.fasta	75-3.fasta	99.8853	1560	1654
Tu-06.fasta	DC99P1B1.fasta	99.8833	1601	1654
Tu-06.fasta	Xcv_DC_97_P1A.fasta	99.8832	1597	1654
Tu-06.fasta	86-46.fasta	99.8832	1580	1654
Tu-06.fasta	70-7.fasta	99.882	1600	1654
Tu-06.fasta	LMG_930.fasta	99.872	1640	1654
Tu-06.fasta	86-22.fasta	99.871	1566	1654
Tu-06.fasta	85-16.fasta	99.8636	1546	1654
Tu-06.fasta	WHRI_8301.fasta	99.8614	1627	1654
Tu-06.fasta	86-2.fasta	99.861	1558	1654
Tu-06.fasta	69-24.fasta	99.8609	1606	1654
Tu-06.fasta	85-10.fasta	99.8592	1636	1654
Tu-06.fasta	LMG_909.fasta	99.8313	1468	1654
Tu-06.fasta	LMG_667.fasta	99.8312	1497	1654
Tu-06.fasta	66b.fasta	99.7822	1493	1654
Tu-06.fasta	LMG_905.fasta	99.7822	1463	1654
Tu-06.fasta	LMG_933.fasta	99.7688	1425	1654
Tu-06.fasta	LMG_27970.fasta	99.4945	1145	1654
Tu-08.fasta	Tu-08.fasta	100	1678	1681
Tu-08.fasta	Tu-06.fasta	99.9452	1629	1681
Tu-08.fasta	Xcv_DC_97_P2A.fasta	99.9435	1609	1681
Tu-08.fasta	Tu-11.fasta	99.9429	1633	1681
Tu-08.fasta	Xcv_Sspep_92.fasta	99.9246	1606	1681
Tu-08.fasta	Xe173.fasta	99.9122	1664	1681
Tu-08.fasta	XVP26.fasta	99.9063	1625	1681
Tu-08.fasta	Xcv_DC_96-3.fasta	99.9058	1625	1681
Tu-08.fasta	VTM17.fasta	99.9037	1642	1681
Tu-08.fasta	XCVKK-C-2.fasta	99.9019	1622	1681
Tu-08.fasta	Xcv_DC_96-5.fasta	99.9017	1629	1681
Tu-08.fasta	80-5.fasta	99.9007	1640	1681
Tu-08.fasta	VTM12.fasta	99.8999	1653	1681
Tu-08.fasta	VTM10.fasta	99.8981	1645	1681
Tu-08.fasta	XCVKK-C-1.fasta	99.8981	1627	1681
Tu-08.fasta	X31.fasta	99.898	1638	1681
Tu-08.fasta	Tu-10.fasta	99.8972	1649	1681
Tu-08.fasta	20HP1614.fasta	99.897	1638	1681
Tu-08.fasta	87-13.fasta	99.8963	1640	1681
Tu-08.fasta	XCVKK-C-3.fasta	99.8946	1626	1681
Tu-08.fasta	VTM4.fasta	99.8944	1651	1681
Tu-08.fasta	20HP1608-2.fasta	99.8943	1634	1681
Tu-08.fasta	XCVCP-C-51.fasta	99.8943	1629	1681
Tu-08.fasta	20HP1591.fasta	99.8932	1633	1681
Tu-08.fasta	DOA-1726.fasta	99.8932	1642	1681
Tu-08.fasta	XCVKK-C-4.fasta	99.8928	1624	1681
Tu-08.fasta	62XEKK5.fasta	99.8924	1628	1681
Tu-08.fasta	XCVKK-C-5.fasta	99.8911	1625	1681
Tu-08.fasta	20HP1597.fasta	99.891	1636	1681
Tu-08.fasta	DOA-2036.fasta	99.8901	1621	1681
Tu-08.fasta	89-10.fasta	99.8894	1596	1681
Tu-08.fasta	DOA-1721.fasta	99.8877	1638	1681
Tu-08.fasta	20HP1615.fasta	99.8874	1636	1681
Tu-08.fasta	Xv157.fasta	99.8871	1599	1681
Tu-08.fasta	20HP1608-1.fasta	99.8869	1643	1681
Tu-08.fasta	VTM16.fasta	99.8868	1663	1681
Tu-08.fasta	XCVCP-C-43.fasta	99.8865	1625	1681
Tu-08.fasta	87-21.fasta	99.8856	1594	1681
Tu-08.fasta	90-13.fasta	99.8855	1635	1681
Tu-08.fasta	20HP1594.fasta	99.8854	1631	1681
Tu-08.fasta	87-7.fasta	99.8854	1621	1681
Tu-08.fasta	DOA-2983.fasta	99.8841	1634	1681
Tu-08.fasta	Ps-1.fasta	99.884	1590	1681
Tu-08.fasta	Xcv_DC_97_P1A.fasta	99.882	1619	1681
Tu-08.fasta	VTM15.fasta	99.8819	1648	1681
Tu-08.fasta	X22.fasta	99.8798	1647	1681
Tu-08.fasta	20HP1609-2.fasta	99.8786	1642	1681
Tu-08.fasta	DC99P1A1.fasta	99.8753	1628	1681
Tu-08.fasta	Tabasco1.fasta	99.8743	1639	1681
Tu-08.fasta	DC99P1B1.fasta	99.8742	1633	1681
Tu-08.fasta	DOA-2987.fasta	99.8726	1646	1681
Tu-08.fasta	69-1.fasta	99.8704	1595	1681
Tu-08.fasta	DOA-2989.fasta	99.8682	1642	1681
Tu-08.fasta	89-16.fasta	99.8645	1636	1681
Tu-08.fasta	Xcv_DC_97_P3A.fasta	99.8616	1619	1681
Tu-08.fasta	X13.fasta	99.8616	1631	1681
Tu-08.fasta	ATCC_11633.fasta	99.854	1592	1681
Tu-08.fasta	86-46.fasta	99.8537	1580	1681
Tu-08.fasta	Xcv_DC_96-2.fasta	99.8516	1631	1681
Tu-08.fasta	65XENP2.fasta	99.8503	1634	1681
Tu-08.fasta	Xcv_DC_93-6.fasta	99.8416	1622	1681
Tu-08.fasta	Xcv_DC_96-1.fasta	99.8415	1629	1681
Tu-08.fasta	FB570.fasta	99.8402	1614	1681
Tu-08.fasta	WHRI_8301.fasta	99.8379	1635	1681
Tu-08.fasta	Xcv_DC_98_P2A.fasta	99.8378	1624	1681
Tu-08.fasta	72-7.fasta	99.8374	1610	1681
Tu-08.fasta	Xcv_DC_96-4.fasta	99.8373	1627	1681
Tu-08.fasta	85-10.fasta	99.835	1647	1681
Tu-08.fasta	Ps-7.fasta	99.8344	1604	1681
Tu-08.fasta	20HP1613.fasta	99.8342	1638	1681
Tu-08.fasta	65XENP1.fasta	99.8338	1639	1681
Tu-08.fasta	87-47.fasta	99.8327	1608	1681
Tu-08.fasta	Xcv_DC_93-7.fasta	99.831	1608	1681
Tu-08.fasta	75-3.fasta	99.8292	1574	1681
Tu-08.fasta	85-16.fasta	99.8279	1551	1681
Tu-08.fasta	Xcv_DC_93-8.fasta	99.8246	1613	1681
Tu-08.fasta	Xcv_DC_93-9.fasta	99.8242	1609	1681
Tu-08.fasta	DOA-2990.fasta	99.8226	1641	1681
Tu-08.fasta	65XENP3.fasta	99.8212	1637	1681
Tu-08.fasta	X82-8P.fasta	99.8184	1627	1681
Tu-08.fasta	86-22.fasta	99.8183	1577	1681
Tu-08.fasta	71-21.fasta	99.8126	1594	1681
Tu-08.fasta	X82-8P_C3.fasta	99.8045	1630	1681
Tu-08.fasta	X82-8P_C4.fasta	99.8039	1622	1681
Tu-08.fasta	X82-8P_C6.fasta	99.803	1628	1681
Tu-08.fasta	X82-8P_C1.fasta	99.8017	1628	1681
Tu-08.fasta	86-2.fasta	99.7988	1569	1681
Tu-08.fasta	70-7.fasta	99.7981	1608	1681
Tu-08.fasta	X82-8P_C5.fasta	99.7973	1634	1681
Tu-08.fasta	Xv_72.fasta	99.7961	1602	1681
Tu-08.fasta	66b.fasta	99.7955	1506	1681
Tu-08.fasta	X82-8P_C2.fasta	99.7918	1616	1681
Tu-08.fasta	69-24.fasta	99.778	1615	1681
Tu-08.fasta	83M.fasta	99.773	1506	1681
Tu-08.fasta	Xv_79.fasta	99.7712	1610	1681
Tu-08.fasta	LMG_667.fasta	99.7632	1498	1681
Tu-08.fasta	E3.fasta	99.7593	1604	1681
Tu-08.fasta	LMG_930.fasta	99.756	1659	1681
Tu-08.fasta	LMG_933.fasta	99.7308	1423	1681
Tu-08.fasta	LMG_909.fasta	99.7271	1461	1681
Tu-08.fasta	LMG_905.fasta	99.7223	1448	1681
Tu-08.fasta	LMG_27970.fasta	99.4629	1151	1681
Tu-10.fasta	Tu-10.fasta	100	1665	1669
Tu-10.fasta	Xe173.fasta	99.9921	1663	1669
Tu-10.fasta	VTM10.fasta	99.9903	1656	1669
Tu-10.fasta	X22.fasta	99.9851	1642	1669
Tu-10.fasta	20HP1591.fasta	99.9841	1629	1669
Tu-10.fasta	DOA-1726.fasta	99.9827	1629	1669
Tu-10.fasta	VTM16.fasta	99.9814	1660	1669
Tu-10.fasta	VTM15.fasta	99.9794	1658	1669
Tu-10.fasta	VTM12.fasta	99.9791	1647	1669
Tu-10.fasta	X31.fasta	99.9781	1645	1669
Tu-10.fasta	87-13.fasta	99.9767	1641	1669
Tu-10.fasta	Xcv_DC_96-3.fasta	99.9767	1637	1669
Tu-10.fasta	Xcv_DC_96-5.fasta	99.9763	1638	1669
Tu-10.fasta	20HP1594.fasta	99.9725	1630	1669
Tu-10.fasta	90-13.fasta	99.9725	1638	1669
Tu-10.fasta	20HP1608-2.fasta	99.9716	1629	1669
Tu-10.fasta	20HP1614.fasta	99.9713	1632	1669
Tu-10.fasta	DOA-2989.fasta	99.9689	1632	1669
Tu-10.fasta	DOA-2983.fasta	99.9688	1630	1669
Tu-10.fasta	VTM4.fasta	99.9687	1651	1669
Tu-10.fasta	DOA-2987.fasta	99.9678	1640	1669
Tu-10.fasta	DC99P1A1.fasta	99.9677	1623	1669
Tu-10.fasta	XCVKK-C-1.fasta	99.9676	1630	1669
Tu-10.fasta	20HP1608-1.fasta	99.9673	1637	1669
Tu-10.fasta	20HP1609-2.fasta	99.9665	1634	1669
Tu-10.fasta	87-7.fasta	99.9648	1628	1669
Tu-10.fasta	20HP1615.fasta	99.9631	1626	1669
Tu-10.fasta	XCVCP-C-51.fasta	99.9626	1626	1669
Tu-10.fasta	DOA-1721.fasta	99.962	1632	1669
Tu-10.fasta	X13.fasta	99.9614	1633	1669
Tu-10.fasta	Xcv_DC_97_P1A.fasta	99.9605	1625	1669
Tu-10.fasta	XCVKK-C-2.fasta	99.9598	1617	1669
Tu-10.fasta	DC99P1B1.fasta	99.9592	1626	1669
Tu-10.fasta	20HP1597.fasta	99.9586	1630	1669
Tu-10.fasta	62XEKK5.fasta	99.9551	1629	1669
Tu-10.fasta	XCVKK-C-3.fasta	99.9546	1633	1669
Tu-10.fasta	DOA-2036.fasta	99.9531	1627	1669
Tu-10.fasta	XCVKK-C-4.fasta	99.9512	1629	1669
Tu-10.fasta	XCVKK-C-5.fasta	99.9509	1632	1669
Tu-10.fasta	Xv157.fasta	99.9491	1599	1669
Tu-10.fasta	89-10.fasta	99.9482	1598	1669
Tu-10.fasta	XCVCP-C-43.fasta	99.9434	1629	1669
Tu-10.fasta	69-1.fasta	99.938	1597	1669
Tu-10.fasta	87-21.fasta	99.9348	1591	1669
Tu-10.fasta	Tu-06.fasta	99.9211	1625	1669
Tu-10.fasta	Tu-11.fasta	99.9165	1632	1669
Tu-10.fasta	XVP26.fasta	99.9101	1628	1669
Tu-10.fasta	Tu-08.fasta	99.9085	1651	1669
Tu-10.fasta	89-16.fasta	99.9029	1636	1669
Tu-10.fasta	Xcv_DC_96-1.fasta	99.8963	1625	1669
Tu-10.fasta	Xcv_DC_96-2.fasta	99.8956	1628	1669
Tu-10.fasta	Xcv_DC_96-4.fasta	99.8899	1625	1669
Tu-10.fasta	FB570.fasta	99.8898	1607	1669
Tu-10.fasta	Xcv_DC_93-6.fasta	99.8841	1620	1669
Tu-10.fasta	71-21.fasta	99.8817	1590	1669
Tu-10.fasta	Xcv_DC_97_P2A.fasta	99.8817	1613	1669
Tu-10.fasta	87-47.fasta	99.8805	1606	1669
Tu-10.fasta	Xcv_DC_98_P2A.fasta	99.8785	1626	1669
Tu-10.fasta	Ps-7.fasta	99.8757	1601	1669
Tu-10.fasta	Xcv_Sspep_92.fasta	99.8736	1611	1669
Tu-10.fasta	66b.fasta	99.8705	1515	1669
Tu-10.fasta	Ps-1.fasta	99.8647	1584	1669
Tu-10.fasta	Xcv_DC_93-7.fasta	99.8513	1602	1669
Tu-10.fasta	Xcv_DC_93-8.fasta	99.8413	1606	1669
Tu-10.fasta	Xcv_DC_97_P3A.fasta	99.8406	1624	1669
Tu-10.fasta	ATCC_11633.fasta	99.8402	1589	1669
Tu-10.fasta	72-7.fasta	99.84	1595	1669
Tu-10.fasta	Xcv_DC_93-9.fasta	99.8353	1609	1669
Tu-10.fasta	86-46.fasta	99.8335	1575	1669
Tu-10.fasta	80-5.fasta	99.8327	1631	1669
Tu-10.fasta	Tabasco1.fasta	99.8312	1632	1669
Tu-10.fasta	VTM17.fasta	99.8308	1643	1669
Tu-10.fasta	65XENP2.fasta	99.825	1628	1669
Tu-10.fasta	LMG_667.fasta	99.812	1487	1669
Tu-10.fasta	65XENP3.fasta	99.8082	1630	1669
Tu-10.fasta	65XENP1.fasta	99.8057	1633	1669
Tu-10.fasta	LMG_933.fasta	99.8054	1419	1669
Tu-10.fasta	75-3.fasta	99.7961	1565	1669
Tu-10.fasta	X82-8P.fasta	99.7952	1628	1669
Tu-10.fasta	DOA-2990.fasta	99.787	1633	1669
Tu-10.fasta	20HP1613.fasta	99.7861	1636	1669
Tu-10.fasta	85-16.fasta	99.7837	1550	1669
Tu-10.fasta	LMG_909.fasta	99.7828	1470	1669
Tu-10.fasta	X82-8P_C1.fasta	99.7826	1628	1669
Tu-10.fasta	X82-8P_C6.fasta	99.7784	1626	1669
Tu-10.fasta	WHRI_8301.fasta	99.7763	1629	1669
Tu-10.fasta	X82-8P_C4.fasta	99.7747	1620	1669
Tu-10.fasta	86-22.fasta	99.7728	1567	1669
Tu-10.fasta	70-7.fasta	99.7727	1604	1669
Tu-10.fasta	X82-8P_C5.fasta	99.7721	1628	1669
Tu-10.fasta	X82-8P_C3.fasta	99.7667	1630	1669
Tu-10.fasta	Xv_72.fasta	99.7642	1604	1669
Tu-10.fasta	69-24.fasta	99.7604	1612	1669
Tu-10.fasta	85-10.fasta	99.7603	1639	1669
Tu-10.fasta	Xv_79.fasta	99.7594	1605	1669
Tu-10.fasta	LMG_930.fasta	99.7533	1647	1669
Tu-10.fasta	X82-8P_C2.fasta	99.7529	1617	1669
Tu-10.fasta	86-2.fasta	99.7503	1564	1669
Tu-10.fasta	83M.fasta	99.7465	1508	1669
Tu-10.fasta	E3.fasta	99.7354	1595	1669
Tu-10.fasta	LMG_905.fasta	99.7331	1458	1669
Tu-10.fasta	LMG_27970.fasta	99.4184	1147	1669
Tu-11.fasta	Tu-11.fasta	100	1653	1657
Tu-11.fasta	Tu-06.fasta	99.9973	1645	1657
Tu-11.fasta	Tabasco1.fasta	99.9918	1633	1657
Tu-11.fasta	Xcv_DC_97_P3A.fasta	99.9849	1628	1657
Tu-11.fasta	VTM17.fasta	99.9829	1649	1657
Tu-11.fasta	Xcv_Sspep_92.fasta	99.9829	1628	1657
Tu-11.fasta	65XENP3.fasta	99.9785	1627	1657
Tu-11.fasta	65XENP1.fasta	99.9778	1630	1657
Tu-11.fasta	65XENP2.fasta	99.9777	1627	1657
Tu-11.fasta	DOA-2990.fasta	99.9764	1628	1657
Tu-11.fasta	Xcv_DC_97_P2A.fasta	99.974	1618	1657
Tu-11.fasta	Tu-08.fasta	99.9732	1632	1657
Tu-11.fasta	80-5.fasta	99.9714	1639	1657
Tu-11.fasta	Ps-1.fasta	99.9692	1609	1657
Tu-11.fasta	20HP1613.fasta	99.9586	1631	1657
Tu-11.fasta	XVP26.fasta	99.9572	1627	1657
Tu-11.fasta	89-16.fasta	99.9289	1616	1657
Tu-11.fasta	87-21.fasta	99.9288	1598	1657
Tu-11.fasta	Tu-10.fasta	99.9271	1628	1657
Tu-11.fasta	Xcv_DC_96-1.fasta	99.9234	1612	1657
Tu-11.fasta	FB570.fasta	99.9187	1596	1657
Tu-11.fasta	Xcv_DC_96-2.fasta	99.9184	1616	1657
Tu-11.fasta	DOA-1726.fasta	99.9184	1609	1657
Tu-11.fasta	89-10.fasta	99.917	1596	1657
Tu-11.fasta	Xcv_DC_98_P2A.fasta	99.917	1612	1657
Tu-11.fasta	VTM12.fasta	99.9166	1622	1657
Tu-11.fasta	VTM16.fasta	99.915	1626	1657
Tu-11.fasta	Xcv_DC_93-7.fasta	99.9144	1607	1657
Tu-11.fasta	VTM10.fasta	99.9138	1624	1657
Tu-11.fasta	X22.fasta	99.9137	1619	1657
Tu-11.fasta	Xv157.fasta	99.9134	1597	1657
Tu-11.fasta	71-21.fasta	99.9133	1594	1657
Tu-11.fasta	Ps-7.fasta	99.9119	1587	1657
Tu-11.fasta	X82-8P.fasta	99.9118	1619	1657
Tu-11.fasta	69-1.fasta	99.9115	1598	1657
Tu-11.fasta	XCVKK-C-4.fasta	99.9114	1604	1657
Tu-11.fasta	Xcv_DC_93-6.fasta	99.9107	1607	1657
Tu-11.fasta	X82-8P_C2.fasta	99.9099	1605	1657
Tu-11.fasta	Xcv_DC_96-4.fasta	99.9097	1611	1657
Tu-11.fasta	87-13.fasta	99.9091	1608	1657
Tu-11.fasta	20HP1591.fasta	99.9087	1610	1657
Tu-11.fasta	ATCC_11633.fasta	99.9084	1591	1657
Tu-11.fasta	87-47.fasta	99.908	1588	1657
Tu-11.fasta	XCVKK-C-5.fasta	99.908	1608	1657
Tu-11.fasta	VTM4.fasta	99.9079	1620	1657
Tu-11.fasta	Xcv_DC_93-9.fasta	99.9077	1608	1657
Tu-11.fasta	XCVKK-C-2.fasta	99.9072	1604	1657
Tu-11.fasta	X82-8P_C6.fasta	99.9071	1617	1657
Tu-11.fasta	XCVKK-C-3.fasta	99.9067	1607	1657
Tu-11.fasta	X82-8P_C3.fasta	99.9066	1619	1657
Tu-11.fasta	62XEKK5.fasta	99.9066	1607	1657
Tu-11.fasta	Xcv_DC_93-8.fasta	99.9054	1611	1657
Tu-11.fasta	DOA-2987.fasta	99.9054	1612	1657
Tu-11.fasta	DOA-2036.fasta	99.9037	1605	1657
Tu-11.fasta	DOA-1721.fasta	99.9031	1613	1657
Tu-11.fasta	Xcv_DC_96-5.fasta	99.902	1612	1657
Tu-11.fasta	VTM15.fasta	99.9004	1625	1657
Tu-11.fasta	X82-8P_C4.fasta	99.9003	1610	1657
Tu-11.fasta	20HP1597.fasta	99.9	1607	1657
Tu-11.fasta	E3.fasta	99.8989	1592	1657
Tu-11.fasta	20HP1594.fasta	99.8988	1613	1657
Tu-11.fasta	DOA-2983.fasta	99.8986	1613	1657
Tu-11.fasta	20HP1608-1.fasta	99.8985	1615	1657
Tu-11.fasta	20HP1608-2.fasta	99.8982	1607	1657
Tu-11.fasta	20HP1609-2.fasta	99.898	1615	1657
Tu-11.fasta	90-13.fasta	99.8976	1605	1657
Tu-11.fasta	X82-8P_C1.fasta	99.8969	1620	1657
Tu-11.fasta	DOA-2989.fasta	99.8968	1611	1657
Tu-11.fasta	20HP1614.fasta	99.8968	1612	1657
Tu-11.fasta	20HP1615.fasta	99.8962	1604	1657
Tu-11.fasta	X82-8P_C5.fasta	99.8956	1622	1657
Tu-11.fasta	XCVKK-C-1.fasta	99.8953	1611	1657
Tu-11.fasta	XCVCP-C-43.fasta	99.8953	1608	1657
Tu-11.fasta	X31.fasta	99.8951	1618	1657
Tu-11.fasta	Xe173.fasta	99.8951	1643	1657
Tu-11.fasta	X13.fasta	99.8941	1609	1657
Tu-11.fasta	XCVCP-C-51.fasta	99.8938	1610	1657
Tu-11.fasta	86-46.fasta	99.8937	1581	1657
Tu-11.fasta	70-7.fasta	99.8915	1597	1657
Tu-11.fasta	72-7.fasta	99.8908	1604	1657
Tu-11.fasta	87-7.fasta	99.8901	1597	1657
Tu-11.fasta	75-3.fasta	99.8894	1564	1657
Tu-11.fasta	Xcv_DC_96-3.fasta	99.8859	1614	1657
Tu-11.fasta	Xv_72.fasta	99.8847	1598	1657
Tu-11.fasta	83M.fasta	99.8839	1510	1657
Tu-11.fasta	Xcv_DC_97_P1A.fasta	99.8809	1605	1657
Tu-11.fasta	69-24.fasta	99.8806	1603	1657
Tu-11.fasta	DC99P1A1.fasta	99.8774	1605	1657
Tu-11.fasta	DC99P1B1.fasta	99.8758	1608	1657
Tu-11.fasta	Xv_79.fasta	99.8743	1600	1657
Tu-11.fasta	LMG_930.fasta	99.8734	1640	1657
Tu-11.fasta	86-2.fasta	99.8708	1559	1657
Tu-11.fasta	WHRI_8301.fasta	99.8673	1625	1657
Tu-11.fasta	86-22.fasta	99.859	1575	1657
Tu-11.fasta	85-10.fasta	99.8554	1640	1657
Tu-11.fasta	85-16.fasta	99.8494	1555	1657
Tu-11.fasta	LMG_667.fasta	99.8406	1489	1657
Tu-11.fasta	LMG_909.fasta	99.8194	1466	1657
Tu-11.fasta	LMG_905.fasta	99.7774	1458	1657
Tu-11.fasta	66b.fasta	99.7759	1490	1657
Tu-11.fasta	LMG_933.fasta	99.7697	1430	1657
Tu-11.fasta	LMG_27970.fasta	99.492	1144	1657
VTM10.fasta	VTM10.fasta	100	1676	1680
VTM10.fasta	VTM15.fasta	99.9869	1670	1680
VTM10.fasta	20HP1591.fasta	99.9831	1631	1680
VTM10.fasta	VTM16.fasta	99.9821	1655	1680
VTM10.fasta	DOA-1726.fasta	99.981	1635	1680
VTM10.fasta	20HP1614.fasta	99.9787	1632	1680
VTM10.fasta	XCVKK-C-2.fasta	99.9758	1625	1680
VTM10.fasta	Tu-10.fasta	99.9755	1651	1680
VTM10.fasta	X31.fasta	99.9752	1642	1680
VTM10.fasta	20HP1608-2.fasta	99.9748	1627	1680
VTM10.fasta	XCVKK-C-3.fasta	99.9738	1634	1680
VTM10.fasta	DOA-2983.fasta	99.9738	1634	1680
VTM10.fasta	DOA-1721.fasta	99.9735	1634	1680
VTM10.fasta	VTM12.fasta	99.9727	1656	1680
VTM10.fasta	20HP1608-1.fasta	99.9727	1637	1680
VTM10.fasta	X22.fasta	99.9714	1639	1680
VTM10.fasta	20HP1609-2.fasta	99.9714	1639	1680
VTM10.fasta	XCVKK-C-4.fasta	99.9708	1631	1680
VTM10.fasta	XCVKK-C-1.fasta	99.9698	1634	1680
VTM10.fasta	DOA-2987.fasta	99.9697	1637	1680
VTM10.fasta	VTM4.fasta	99.9697	1650	1680
VTM10.fasta	XCVKK-C-5.fasta	99.9693	1634	1680
VTM10.fasta	87-13.fasta	99.9674	1637	1680
VTM10.fasta	20HP1597.fasta	99.9672	1637	1680
VTM10.fasta	Xcv_DC_96-3.fasta	99.9666	1630	1680
VTM10.fasta	Xe173.fasta	99.9664	1669	1680
VTM10.fasta	DOA-2036.fasta	99.9659	1629	1680
VTM10.fasta	62XEKK5.fasta	99.9657	1636	1680
VTM10.fasta	XCVCP-C-43.fasta	99.9654	1631	1680
VTM10.fasta	DOA-2989.fasta	99.9648	1632	1680
VTM10.fasta	XCVCP-C-51.fasta	99.9645	1631	1680
VTM10.fasta	Xcv_DC_96-5.fasta	99.9622	1634	1680
VTM10.fasta	20HP1594.fasta	99.9613	1639	1680
VTM10.fasta	DC99P1A1.fasta	99.9579	1629	1680
VTM10.fasta	20HP1615.fasta	99.9565	1627	1680
VTM10.fasta	90-13.fasta	99.9549	1631	1680
VTM10.fasta	X13.fasta	99.9542	1632	1680
VTM10.fasta	DC99P1B1.fasta	99.953	1629	1680
VTM10.fasta	87-7.fasta	99.951	1625	1680
VTM10.fasta	Xcv_DC_97_P1A.fasta	99.9369	1624	1680
VTM10.fasta	89-10.fasta	99.9278	1597	1680
VTM10.fasta	Xv157.fasta	99.9253	1600	1680
VTM10.fasta	87-21.fasta	99.9252	1595	1680
VTM10.fasta	69-1.fasta	99.9081	1596	1680
VTM10.fasta	Tu-06.fasta	99.9072	1620	1680
VTM10.fasta	XVP26.fasta	99.9029	1623	1680
VTM10.fasta	Tu-11.fasta	99.8956	1624	1680
VTM10.fasta	Xcv_DC_98_P2A.fasta	99.8939	1619	1680
VTM10.fasta	Xcv_DC_97_P2A.fasta	99.8922	1612	1680
VTM10.fasta	Tu-08.fasta	99.8911	1646	1680
VTM10.fasta	Xcv_DC_96-1.fasta	99.8812	1626	1680
VTM10.fasta	Xcv_Sspep_92.fasta	99.8809	1611	1680
VTM10.fasta	Xcv_DC_96-2.fasta	99.8809	1625	1680
VTM10.fasta	Xcv_DC_93-6.fasta	99.8793	1620	1680
VTM10.fasta	Xcv_DC_96-4.fasta	99.8767	1622	1680
VTM10.fasta	71-21.fasta	99.8697	1596	1680
VTM10.fasta	FB570.fasta	99.8659	1612	1680
VTM10.fasta	Ps-1.fasta	99.8627	1590	1680
VTM10.fasta	Ps-7.fasta	99.8595	1607	1680
VTM10.fasta	87-47.fasta	99.8524	1610	1680
VTM10.fasta	89-16.fasta	99.8491	1638	1680
VTM10.fasta	66b.fasta	99.8438	1520	1680
VTM10.fasta	Xcv_DC_97_P3A.fasta	99.8427	1620	1680
VTM10.fasta	Xcv_DC_93-7.fasta	99.8356	1600	1680
VTM10.fasta	Xcv_DC_93-9.fasta	99.8304	1602	1680
VTM10.fasta	72-7.fasta	99.8298	1599	1680
VTM10.fasta	Xcv_DC_93-8.fasta	99.8266	1606	1680
VTM10.fasta	ATCC_11633.fasta	99.8259	1590	1680
VTM10.fasta	65XENP2.fasta	99.8206	1623	1680
VTM10.fasta	86-46.fasta	99.8199	1581	1680
VTM10.fasta	Tabasco1.fasta	99.8193	1629	1680
VTM10.fasta	80-5.fasta	99.8079	1631	1680
VTM10.fasta	65XENP1.fasta	99.806	1627	1680
VTM10.fasta	VTM17.fasta	99.8017	1645	1680
VTM10.fasta	LMG_933.fasta	99.798	1420	1680
VTM10.fasta	65XENP3.fasta	99.7955	1629	1680
VTM10.fasta	LMG_667.fasta	99.7928	1493	1680
VTM10.fasta	LMG_909.fasta	99.7907	1468	1680
VTM10.fasta	X82-8P.fasta	99.7878	1625	1680
VTM10.fasta	20HP1613.fasta	99.7862	1632	1680
VTM10.fasta	DOA-2990.fasta	99.7801	1631	1680
VTM10.fasta	X82-8P_C1.fasta	99.7781	1623	1680
VTM10.fasta	X82-8P_C6.fasta	99.7778	1625	1680
VTM10.fasta	86-22.fasta	99.7772	1571	1680
VTM10.fasta	85-16.fasta	99.7753	1554	1680
VTM10.fasta	X82-8P_C4.fasta	99.7748	1614	1680
VTM10.fasta	X82-8P_C5.fasta	99.7747	1626	1680
VTM10.fasta	86-2.fasta	99.7714	1567	1680
VTM10.fasta	X82-8P_C3.fasta	99.7664	1622	1680
VTM10.fasta	75-3.fasta	99.7663	1569	1680
VTM10.fasta	85-10.fasta	99.7621	1638	1680
VTM10.fasta	Xv_72.fasta	99.7608	1606	1680
VTM10.fasta	70-7.fasta	99.7583	1603	1680
VTM10.fasta	X82-8P_C2.fasta	99.7523	1612	1680
VTM10.fasta	Xv_79.fasta	99.7474	1610	1680
VTM10.fasta	WHRI_8301.fasta	99.746	1630	1680
VTM10.fasta	LMG_905.fasta	99.734	1457	1680
VTM10.fasta	69-24.fasta	99.7336	1612	1680
VTM10.fasta	E3.fasta	99.7267	1600	1680
VTM10.fasta	83M.fasta	99.7193	1505	1680
VTM10.fasta	LMG_930.fasta	99.7138	1650	1680
VTM10.fasta	LMG_27970.fasta	99.4486	1141	1680
VTM12.fasta	VTM12.fasta	100	1685	1691
VTM12.fasta	VTM4.fasta	99.9883	1670	1691
VTM12.fasta	XCVKK-C-2.fasta	99.9849	1628	1691
VTM12.fasta	XCVKK-C-1.fasta	99.981	1635	1691
VTM12.fasta	X31.fasta	99.9797	1643	1691
VTM12.fasta	XCVKK-C-3.fasta	99.9797	1639	1691
VTM12.fasta	62XEKK5.fasta	99.9775	1635	1691
VTM12.fasta	XCVKK-C-5.fasta	99.9774	1633	1691
VTM12.fasta	DOA-2036.fasta	99.9771	1633	1691
VTM12.fasta	XCVCP-C-51.fasta	99.9761	1634	1691
VTM12.fasta	XCVKK-C-4.fasta	99.9756	1637	1691
VTM12.fasta	XCVCP-C-43.fasta	99.9742	1637	1691
VTM12.fasta	DOA-1726.fasta	99.974	1650	1691
VTM12.fasta	X22.fasta	99.9738	1646	1691
VTM12.fasta	DOA-1721.fasta	99.973	1639	1691
VTM12.fasta	Xcv_DC_96-3.fasta	99.9728	1636	1691
VTM12.fasta	VTM16.fasta	99.9718	1669	1691
VTM12.fasta	Tu-10.fasta	99.9707	1652	1691
VTM12.fasta	VTM15.fasta	99.9707	1657	1691
VTM12.fasta	Xcv_DC_96-5.fasta	99.9705	1637	1691
VTM12.fasta	Xe173.fasta	99.9704	1670	1691
VTM12.fasta	DC99P1B1.fasta	99.9703	1637	1691
VTM12.fasta	20HP1608-2.fasta	99.9687	1636	1691
VTM12.fasta	87-13.fasta	99.9673	1647	1691
VTM12.fasta	20HP1614.fasta	99.9672	1640	1691
VTM12.fasta	DOA-2989.fasta	99.9668	1643	1691
VTM12.fasta	20HP1608-1.fasta	99.9665	1641	1691
VTM12.fasta	DOA-2987.fasta	99.9663	1650	1691
VTM12.fasta	VTM10.fasta	99.9657	1659	1691
VTM12.fasta	20HP1609-2.fasta	99.9647	1644	1691
VTM12.fasta	DOA-2983.fasta	99.9642	1635	1691
VTM12.fasta	20HP1594.fasta	99.9619	1633	1691
VTM12.fasta	20HP1597.fasta	99.9619	1639	1691
VTM12.fasta	20HP1591.fasta	99.9618	1638	1691
VTM12.fasta	DC99P1A1.fasta	99.9613	1635	1691
VTM12.fasta	87-7.fasta	99.9594	1633	1691
VTM12.fasta	90-13.fasta	99.9592	1645	1691
VTM12.fasta	Xcv_DC_97_P1A.fasta	99.9584	1625	1691
VTM12.fasta	20HP1615.fasta	99.9503	1636	1691
VTM12.fasta	X13.fasta	99.9411	1636	1691
VTM12.fasta	Xv157.fasta	99.9342	1601	1691
VTM12.fasta	89-10.fasta	99.9312	1600	1691
VTM12.fasta	87-21.fasta	99.9312	1598	1691
VTM12.fasta	Xcv_DC_98_P2A.fasta	99.9097	1631	1691
VTM12.fasta	Xcv_DC_96-1.fasta	99.9093	1634	1691
VTM12.fasta	XVP26.fasta	99.9085	1626	1691
VTM12.fasta	Tu-08.fasta	99.9068	1659	1691
VTM12.fasta	Xcv_DC_96-2.fasta	99.9047	1636	1691
VTM12.fasta	69-1.fasta	99.9027	1607	1691
VTM12.fasta	Xcv_DC_96-4.fasta	99.9012	1630	1691
VTM12.fasta	89-16.fasta	99.8996	1642	1691
VTM12.fasta	Tu-06.fasta	99.8972	1623	1691
VTM12.fasta	FB570.fasta	99.8964	1618	1691
VTM12.fasta	Xcv_DC_93-6.fasta	99.8963	1629	1691
VTM12.fasta	Tu-11.fasta	99.8961	1632	1691
VTM12.fasta	87-47.fasta	99.8879	1616	1691
VTM12.fasta	Xcv_DC_97_P2A.fasta	99.8858	1615	1691
VTM12.fasta	Xcv_Sspep_92.fasta	99.8825	1607	1691
VTM12.fasta	Ps-7.fasta	99.8804	1611	1691
VTM12.fasta	Ps-1.fasta	99.8573	1588	1691
VTM12.fasta	Tabasco1.fasta	99.8448	1641	1691
VTM12.fasta	66b.fasta	99.844	1513	1691
VTM12.fasta	71-21.fasta	99.8426	1599	1691
VTM12.fasta	80-5.fasta	99.8407	1638	1691
VTM12.fasta	72-7.fasta	99.8395	1615	1691
VTM12.fasta	VTM17.fasta	99.8317	1642	1691
VTM12.fasta	Xcv_DC_97_P3A.fasta	99.8174	1625	1691
VTM12.fasta	86-46.fasta	99.8173	1587	1691
VTM12.fasta	85-16.fasta	99.8151	1561	1691
VTM12.fasta	Xcv_DC_93-7.fasta	99.8136	1609	1691
VTM12.fasta	X82-8P.fasta	99.8124	1641	1691
VTM12.fasta	86-22.fasta	99.81	1576	1691
VTM12.fasta	X82-8P_C6.fasta	99.8021	1636	1691
VTM12.fasta	Xcv_DC_93-8.fasta	99.8015	1614	1691
VTM12.fasta	X82-8P_C5.fasta	99.8011	1637	1691
VTM12.fasta	ATCC_11633.fasta	99.8003	1604	1691
VTM12.fasta	X82-8P_C4.fasta	99.7994	1631	1691
VTM12.fasta	WHRI_8301.fasta	99.7992	1638	1691
VTM12.fasta	Xcv_DC_93-9.fasta	99.7988	1610	1691
VTM12.fasta	75-3.fasta	99.7984	1575	1691
VTM12.fasta	X82-8P_C1.fasta	99.7933	1639	1691
VTM12.fasta	65XENP2.fasta	99.7902	1629	1691
VTM12.fasta	LMG_909.fasta	99.7895	1472	1691
VTM12.fasta	X82-8P_C2.fasta	99.7883	1625	1691
VTM12.fasta	LMG_933.fasta	99.7882	1417	1691
VTM12.fasta	70-7.fasta	99.786	1612	1691
VTM12.fasta	X82-8P_C3.fasta	99.786	1639	1691
VTM12.fasta	LMG_667.fasta	99.7815	1506	1691
VTM12.fasta	20HP1613.fasta	99.7773	1643	1691
VTM12.fasta	Xv_72.fasta	99.7733	1613	1691
VTM12.fasta	85-10.fasta	99.7709	1651	1691
VTM12.fasta	65XENP3.fasta	99.7686	1634	1691
VTM12.fasta	Xv_79.fasta	99.7681	1611	1691
VTM12.fasta	65XENP1.fasta	99.7663	1640	1691
VTM12.fasta	DOA-2990.fasta	99.7657	1639	1691
VTM12.fasta	86-2.fasta	99.7591	1572	1691
VTM12.fasta	69-24.fasta	99.7541	1622	1691
VTM12.fasta	LMG_930.fasta	99.7385	1661	1691
VTM12.fasta	LMG_905.fasta	99.7356	1454	1691
VTM12.fasta	E3.fasta	99.7242	1608	1691
VTM12.fasta	83M.fasta	99.7149	1504	1691
VTM12.fasta	LMG_27970.fasta	99.436	1152	1691
VTM15.fasta	VTM15.fasta	100	1677	1681
VTM15.fasta	VTM10.fasta	99.9983	1672	1681
VTM15.fasta	VTM16.fasta	99.9841	1661	1681
VTM15.fasta	20HP1591.fasta	99.9811	1630	1681
VTM15.fasta	DOA-1726.fasta	99.9778	1637	1681
VTM15.fasta	Tu-10.fasta	99.9778	1655	1681
VTM15.fasta	XCVKK-C-2.fasta	99.9776	1623	1681
VTM15.fasta	20HP1614.fasta	99.9767	1630	1681
VTM15.fasta	VTM12.fasta	99.9758	1659	1681
VTM15.fasta	X31.fasta	99.9758	1642	1681
VTM15.fasta	DOA-1721.fasta	99.975	1634	1681
VTM15.fasta	XCVKK-C-3.fasta	99.9749	1636	1681
VTM15.fasta	20HP1608-2.fasta	99.9743	1625	1681
VTM15.fasta	DOA-2983.fasta	99.974	1632	1681
VTM15.fasta	20HP1608-1.fasta	99.9737	1635	1681
VTM15.fasta	X22.fasta	99.9737	1640	1681
VTM15.fasta	20HP1609-2.fasta	99.9719	1636	1681
VTM15.fasta	XCVKK-C-4.fasta	99.9715	1631	1681
VTM15.fasta	XCVKK-C-5.fasta	99.9698	1635	1681
VTM15.fasta	XCVKK-C-1.fasta	99.9695	1635	1681
VTM15.fasta	DOA-2987.fasta	99.9694	1637	1681
VTM15.fasta	Xe173.fasta	99.969	1671	1681
VTM15.fasta	87-13.fasta	99.9681	1638	1681
VTM15.fasta	Xcv_DC_96-3.fasta	99.9674	1631	1681
VTM15.fasta	XCVCP-C-43.fasta	99.9669	1630	1681
VTM15.fasta	DC99P1A1.fasta	99.9667	1626	1681
VTM15.fasta	DOA-2989.fasta	99.9664	1629	1681
VTM15.fasta	XCVCP-C-51.fasta	99.9661	1630	1681
VTM15.fasta	62XEKK5.fasta	99.9658	1638	1681
VTM15.fasta	20HP1594.fasta	99.9639	1639	1681
VTM15.fasta	DOA-2036.fasta	99.9634	1633	1681
VTM15.fasta	VTM4.fasta	99.9613	1654	1681
VTM15.fasta	Xcv_DC_96-5.fasta	99.9594	1636	1681
VTM15.fasta	20HP1597.fasta	99.9591	1635	1681
VTM15.fasta	90-13.fasta	99.9589	1631	1681
VTM15.fasta	87-7.fasta	99.9567	1624	1681
VTM15.fasta	DC99P1B1.fasta	99.9525	1627	1681
VTM15.fasta	X13.fasta	99.952	1632	1681
VTM15.fasta	20HP1615.fasta	99.9498	1630	1681
VTM15.fasta	Xcv_DC_97_P1A.fasta	99.9418	1624	1681
VTM15.fasta	89-10.fasta	99.9314	1598	1681
VTM15.fasta	Xv157.fasta	99.9274	1600	1681
VTM15.fasta	87-21.fasta	99.9258	1594	1681
VTM15.fasta	XVP26.fasta	99.9093	1624	1681
VTM15.fasta	69-1.fasta	99.9083	1599	1681
VTM15.fasta	Tu-08.fasta	99.9045	1646	1681
VTM15.fasta	Tu-06.fasta	99.9041	1624	1681
VTM15.fasta	Tu-11.fasta	99.8972	1629	1681
VTM15.fasta	Xcv_DC_98_P2A.fasta	99.8945	1620	1681
VTM15.fasta	Xcv_DC_97_P2A.fasta	99.8928	1612	1681
VTM15.fasta	Xcv_DC_96-2.fasta	99.8808	1627	1681
VTM15.fasta	Xcv_DC_96-1.fasta	99.8807	1626	1681
VTM15.fasta	Xcv_DC_93-6.fasta	99.8795	1621	1681
VTM15.fasta	Xcv_DC_96-4.fasta	99.8777	1621	1681
VTM15.fasta	Xcv_Sspep_92.fasta	99.8716	1611	1681
VTM15.fasta	FB570.fasta	99.8651	1610	1681
VTM15.fasta	71-21.fasta	99.8645	1597	1681
VTM15.fasta	Ps-7.fasta	99.8578	1607	1681
VTM15.fasta	89-16.fasta	99.8558	1640	1681
VTM15.fasta	Ps-1.fasta	99.8505	1589	1681
VTM15.fasta	87-47.fasta	99.8505	1613	1681
VTM15.fasta	66b.fasta	99.8488	1527	1681
VTM15.fasta	Xcv_DC_97_P3A.fasta	99.8414	1620	1681
VTM15.fasta	Xcv_DC_93-7.fasta	99.8353	1600	1681
VTM15.fasta	72-7.fasta	99.8349	1603	1681
VTM15.fasta	Tabasco1.fasta	99.8294	1632	1681
VTM15.fasta	Xcv_DC_93-9.fasta	99.827	1605	1681
VTM15.fasta	Xcv_DC_93-8.fasta	99.825	1607	1681
VTM15.fasta	ATCC_11633.fasta	99.8205	1593	1681
VTM15.fasta	86-46.fasta	99.8198	1579	1681
VTM15.fasta	65XENP2.fasta	99.8132	1625	1681
VTM15.fasta	80-5.fasta	99.8092	1632	1681
VTM15.fasta	LMG_933.fasta	99.8046	1416	1681
VTM15.fasta	VTM17.fasta	99.8042	1646	1681
VTM15.fasta	LMG_667.fasta	99.7943	1498	1681
VTM15.fasta	65XENP3.fasta	99.7912	1631	1681
VTM15.fasta	65XENP1.fasta	99.7904	1631	1681
VTM15.fasta	X82-8P.fasta	99.786	1631	1681
VTM15.fasta	DOA-2990.fasta	99.7775	1633	1681
VTM15.fasta	X82-8P_C3.fasta	99.775	1627	1681
VTM15.fasta	X82-8P_C1.fasta	99.7741	1628	1681
VTM15.fasta	X82-8P_C4.fasta	99.7736	1618	1681
VTM15.fasta	X82-8P_C5.fasta	99.7735	1626	1681
VTM15.fasta	X82-8P_C6.fasta	99.773	1628	1681
VTM15.fasta	86-22.fasta	99.7697	1568	1681
VTM15.fasta	85-16.fasta	99.7684	1551	1681
VTM15.fasta	LMG_909.fasta	99.7675	1469	1681
VTM15.fasta	70-7.fasta	99.7639	1607	1681
VTM15.fasta	X82-8P_C2.fasta	99.7614	1616	1681
VTM15.fasta	20HP1613.fasta	99.7611	1637	1681
VTM15.fasta	85-10.fasta	99.7557	1639	1681
VTM15.fasta	86-2.fasta	99.7501	1564	1681
VTM15.fasta	Xv_72.fasta	99.75	1604	1681
VTM15.fasta	WHRI_8301.fasta	99.7434	1631	1681
VTM15.fasta	Xv_79.fasta	99.7395	1606	1681
VTM15.fasta	75-3.fasta	99.7383	1570	1681
VTM15.fasta	69-24.fasta	99.7354	1613	1681
VTM15.fasta	83M.fasta	99.7346	1499	1681
VTM15.fasta	E3.fasta	99.7277	1595	1681
VTM15.fasta	LMG_905.fasta	99.7225	1458	1681
VTM15.fasta	LMG_930.fasta	99.7104	1650	1681
VTM15.fasta	LMG_27970.fasta	99.4389	1141	1681
VTM16.fasta	VTM16.fasta	100	1706	1709
VTM16.fasta	20HP1608-1.fasta	99.9911	1675	1709
VTM16.fasta	20HP1609-2.fasta	99.9908	1674	1709
VTM16.fasta	X31.fasta	99.9884	1646	1709
VTM16.fasta	X22.fasta	99.9882	1646	1709
VTM16.fasta	20HP1614.fasta	99.986	1674	1709
VTM16.fasta	Xcv_DC_96-5.fasta	99.9822	1637	1709
VTM16.fasta	20HP1608-2.fasta	99.9807	1668	1709
VTM16.fasta	VTM10.fasta	99.9783	1659	1709
VTM16.fasta	Xcv_DC_96-3.fasta	99.9781	1636	1709
VTM16.fasta	DOA-2987.fasta	99.9775	1646	1709
VTM16.fasta	20HP1597.fasta	99.9774	1665	1709
VTM16.fasta	VTM15.fasta	99.9762	1661	1709
VTM16.fasta	Xcv_DC_97_P1A.fasta	99.9761	1624	1709
VTM16.fasta	Tu-10.fasta	99.9737	1658	1709
VTM16.fasta	DOA-2989.fasta	99.972	1645	1709
VTM16.fasta	DC99P1A1.fasta	99.9702	1635	1709
VTM16.fasta	90-13.fasta	99.969	1647	1709
VTM16.fasta	20HP1615.fasta	99.9672	1660	1709
VTM16.fasta	DOA-1721.fasta	99.9654	1637	1709
VTM16.fasta	DOA-1726.fasta	99.9615	1648	1709
VTM16.fasta	VTM4.fasta	99.959	1660	1709
VTM16.fasta	XCVCP-C-43.fasta	99.9586	1632	1709
VTM16.fasta	DC99P1B1.fasta	99.9581	1643	1709
VTM16.fasta	20HP1594.fasta	99.9568	1641	1709
VTM16.fasta	DOA-2983.fasta	99.9556	1637	1709
VTM16.fasta	XCVKK-C-5.fasta	99.9535	1634	1709
VTM16.fasta	XCVKK-C-4.fasta	99.9509	1631	1709
VTM16.fasta	XCVKK-C-3.fasta	99.9504	1635	1709
VTM16.fasta	87-13.fasta	99.9492	1657	1709
VTM16.fasta	87-7.fasta	99.9491	1645	1709
VTM16.fasta	VTM12.fasta	99.948	1665	1709
VTM16.fasta	XCVKK-C-2.fasta	99.9459	1628	1709
VTM16.fasta	XCVKK-C-1.fasta	99.945	1635	1709
VTM16.fasta	X13.fasta	99.945	1638	1709
VTM16.fasta	62XEKK5.fasta	99.9448	1637	1709
VTM16.fasta	69-1.fasta	99.9428	1605	1709
VTM16.fasta	87-21.fasta	99.9427	1602	1709
VTM16.fasta	Xe173.fasta	99.9423	1673	1709
VTM16.fasta	DOA-2036.fasta	99.9415	1633	1709
VTM16.fasta	89-10.fasta	99.9403	1603	1709
VTM16.fasta	20HP1591.fasta	99.9387	1650	1709
VTM16.fasta	XCVCP-C-51.fasta	99.938	1632	1709
VTM16.fasta	Xv157.fasta	99.9379	1599	1709
VTM16.fasta	Xcv_DC_98_P2A.fasta	99.9074	1631	1709
VTM16.fasta	Xcv_DC_96-4.fasta	99.8945	1633	1709
VTM16.fasta	Xcv_DC_96-1.fasta	99.8936	1636	1709
VTM16.fasta	Tu-11.fasta	99.8929	1632	1709
VTM16.fasta	Xcv_DC_93-6.fasta	99.8902	1626	1709
VTM16.fasta	Tu-06.fasta	99.8899	1629	1709
VTM16.fasta	Tu-08.fasta	99.8895	1665	1709
VTM16.fasta	Xcv_DC_96-2.fasta	99.8868	1638	1709
VTM16.fasta	Xcv_DC_97_P2A.fasta	99.8853	1613	1709
VTM16.fasta	89-16.fasta	99.8836	1650	1709
VTM16.fasta	FB570.fasta	99.8786	1617	1709
VTM16.fasta	71-21.fasta	99.8731	1596	1709
VTM16.fasta	Ps-7.fasta	99.8709	1611	1709
VTM16.fasta	66b.fasta	99.8626	1522	1709
VTM16.fasta	Xcv_Sspep_92.fasta	99.8583	1618	1709
VTM16.fasta	Ps-1.fasta	99.8564	1588	1709
VTM16.fasta	Xcv_DC_97_P3A.fasta	99.854	1621	1709
VTM16.fasta	72-7.fasta	99.8358	1612	1709
VTM16.fasta	86-46.fasta	99.8316	1586	1709
VTM16.fasta	VTM17.fasta	99.8311	1649	1709
VTM16.fasta	Tabasco1.fasta	99.8271	1644	1709
VTM16.fasta	ATCC_11633.fasta	99.8201	1597	1709
VTM16.fasta	XVP26.fasta	99.819	1639	1709
VTM16.fasta	87-47.fasta	99.8177	1640	1709
VTM16.fasta	Xcv_DC_93-7.fasta	99.815	1611	1709
VTM16.fasta	Xcv_DC_93-8.fasta	99.8119	1614	1709
VTM16.fasta	80-5.fasta	99.8096	1645	1709
VTM16.fasta	Xcv_DC_93-9.fasta	99.8072	1613	1709
VTM16.fasta	LMG_667.fasta	99.8059	1503	1709
VTM16.fasta	65XENP1.fasta	99.7944	1641	1709
VTM16.fasta	LMG_933.fasta	99.7944	1423	1709
VTM16.fasta	75-3.fasta	99.7876	1577	1709
VTM16.fasta	65XENP2.fasta	99.7822	1637	1709
VTM16.fasta	DOA-2990.fasta	99.78	1640	1709
VTM16.fasta	X82-8P.fasta	99.7789	1642	1709
VTM16.fasta	65XENP3.fasta	99.7712	1640	1709
VTM16.fasta	69-24.fasta	99.764	1624	1709
VTM16.fasta	WHRI_8301.fasta	99.7617	1641	1709
VTM16.fasta	E3.fasta	99.7586	1603	1709
VTM16.fasta	70-7.fasta	99.7547	1618	1709
VTM16.fasta	83M.fasta	99.7491	1516	1709
VTM16.fasta	20HP1613.fasta	99.7364	1652	1709
VTM16.fasta	LMG_930.fasta	99.7342	1659	1709
VTM16.fasta	LMG_909.fasta	99.731	1466	1709
VTM16.fasta	LMG_905.fasta	99.7306	1456	1709
VTM16.fasta	X82-8P_C5.fasta	99.6947	1645	1709
VTM16.fasta	X82-8P_C2.fasta	99.6875	1637	1709
VTM16.fasta	X82-8P_C4.fasta	99.6837	1641	1709
VTM16.fasta	X82-8P_C3.fasta	99.6836	1650	1709
VTM16.fasta	X82-8P_C1.fasta	99.6814	1648	1709
VTM16.fasta	X82-8P_C6.fasta	99.6666	1653	1709
VTM16.fasta	85-16.fasta	99.6524	1569	1709
VTM16.fasta	85-10.fasta	99.6431	1659	1709
VTM16.fasta	86-22.fasta	99.6361	1589	1709
VTM16.fasta	Xv_79.fasta	99.6299	1627	1709
VTM16.fasta	86-2.fasta	99.6238	1583	1709
VTM16.fasta	Xv_72.fasta	99.6157	1627	1709
VTM16.fasta	LMG_27970.fasta	99.4578	1150	1709
VTM17.fasta	VTM17.fasta	100	1678	1679
VTM17.fasta	65XENP2.fasta	99.9909	1646	1679
VTM17.fasta	65XENP3.fasta	99.9896	1646	1679
VTM17.fasta	65XENP1.fasta	99.9888	1649	1679
VTM17.fasta	20HP1613.fasta	99.9849	1645	1679
VTM17.fasta	80-5.fasta	99.9823	1656	1679
VTM17.fasta	Tu-06.fasta	99.9797	1646	1679
VTM17.fasta	DOA-2990.fasta	99.9786	1649	1679
VTM17.fasta	Tu-11.fasta	99.9761	1652	1679
VTM17.fasta	Xcv_Sspep_92.fasta	99.9658	1626	1679
VTM17.fasta	Xcv_DC_97_P3A.fasta	99.9599	1638	1679
VTM17.fasta	XVP26.fasta	99.9567	1630	1679
VTM17.fasta	Ps-1.fasta	99.9416	1607	1679
VTM17.fasta	Xcv_DC_97_P2A.fasta	99.9194	1622	1679
VTM17.fasta	Tabasco1.fasta	99.9144	1650	1679
VTM17.fasta	89-16.fasta	99.8956	1634	1679
VTM17.fasta	Tu-08.fasta	99.8945	1643	1679
VTM17.fasta	Xcv_DC_96-1.fasta	99.8925	1624	1679
VTM17.fasta	Xcv_DC_98_P2A.fasta	99.8883	1624	1679
VTM17.fasta	Xcv_DC_96-2.fasta	99.8875	1627	1679
VTM17.fasta	Xcv_DC_93-7.fasta	99.8858	1608	1679
VTM17.fasta	71-21.fasta	99.8852	1605	1679
VTM17.fasta	Xcv_DC_93-9.fasta	99.8797	1609	1679
VTM17.fasta	Xcv_DC_93-8.fasta	99.8795	1611	1679
VTM17.fasta	89-10.fasta	99.8742	1597	1679
VTM17.fasta	Xcv_DC_93-6.fasta	99.8727	1622	1679
VTM17.fasta	69-1.fasta	99.8706	1598	1679
VTM17.fasta	Xcv_DC_96-4.fasta	99.87	1625	1679
VTM17.fasta	FB570.fasta	99.8692	1614	1679
VTM17.fasta	87-21.fasta	99.8656	1603	1679
VTM17.fasta	87-47.fasta	99.8641	1607	1679
VTM17.fasta	Xv157.fasta	99.8633	1602	1679
VTM17.fasta	Ps-7.fasta	99.8627	1606	1679
VTM17.fasta	83M.fasta	99.8616	1525	1679
VTM17.fasta	20HP1591.fasta	99.8583	1624	1679
VTM17.fasta	20HP1608-2.fasta	99.8517	1621	1679
VTM17.fasta	86-22.fasta	99.8515	1572	1679
VTM17.fasta	20HP1614.fasta	99.8509	1625	1679
VTM17.fasta	VTM16.fasta	99.8458	1642	1679
VTM17.fasta	75-3.fasta	99.8409	1569	1679
VTM17.fasta	20HP1608-1.fasta	99.8404	1628	1679
VTM17.fasta	20HP1609-2.fasta	99.8401	1626	1679
VTM17.fasta	WHRI_8301.fasta	99.8394	1634	1679
VTM17.fasta	X22.fasta	99.8375	1634	1679
VTM17.fasta	XCVKK-C-2.fasta	99.8332	1618	1679
VTM17.fasta	X13.fasta	99.8317	1624	1679
VTM17.fasta	85-16.fasta	99.8316	1555	1679
VTM17.fasta	XCVCP-C-43.fasta	99.8302	1620	1679
VTM17.fasta	87-13.fasta	99.8296	1625	1679
VTM17.fasta	86-46.fasta	99.8287	1589	1679
VTM17.fasta	DOA-1726.fasta	99.8281	1622	1679
VTM17.fasta	VTM12.fasta	99.8272	1637	1679
VTM17.fasta	20HP1594.fasta	99.8268	1625	1679
VTM17.fasta	DOA-1721.fasta	99.8257	1628	1679
VTM17.fasta	Tu-10.fasta	99.8252	1639	1679
VTM17.fasta	ATCC_11633.fasta	99.8248	1604	1679
VTM17.fasta	VTM10.fasta	99.8237	1640	1679
VTM17.fasta	X31.fasta	99.8231	1632	1679
VTM17.fasta	Xe173.fasta	99.8231	1658	1679
VTM17.fasta	72-7.fasta	99.8227	1611	1679
VTM17.fasta	DC99P1A1.fasta	99.8226	1611	1679
VTM17.fasta	XCVKK-C-4.fasta	99.8223	1618	1679
VTM17.fasta	85-10.fasta	99.821	1646	1679
VTM17.fasta	20HP1597.fasta	99.8189	1623	1679
VTM17.fasta	VTM4.fasta	99.8186	1635	1679
VTM17.fasta	XCVKK-C-1.fasta	99.8184	1621	1679
VTM17.fasta	XCVKK-C-5.fasta	99.8156	1619	1679
VTM17.fasta	XCVCP-C-51.fasta	99.8153	1623	1679
VTM17.fasta	XCVKK-C-3.fasta	99.8148	1620	1679
VTM17.fasta	VTM15.fasta	99.8135	1638	1679
VTM17.fasta	20HP1615.fasta	99.8131	1621	1679
VTM17.fasta	86-2.fasta	99.8131	1566	1679
VTM17.fasta	62XEKK5.fasta	99.8107	1624	1679
VTM17.fasta	DOA-2983.fasta	99.8101	1627	1679
VTM17.fasta	DC99P1B1.fasta	99.8099	1616	1679
VTM17.fasta	DOA-2989.fasta	99.8095	1621	1679
VTM17.fasta	DOA-2987.fasta	99.8092	1630	1679
VTM17.fasta	DOA-2036.fasta	99.8086	1619	1679
VTM17.fasta	LMG_667.fasta	99.8077	1505	1679
VTM17.fasta	87-7.fasta	99.8061	1610	1679
VTM17.fasta	X82-8P.fasta	99.8046	1633	1679
VTM17.fasta	Xcv_DC_96-3.fasta	99.8014	1622	1679
VTM17.fasta	Xcv_DC_96-5.fasta	99.7986	1625	1679
VTM17.fasta	LMG_909.fasta	99.7923	1485	1679
VTM17.fasta	Xcv_DC_97_P1A.fasta	99.7909	1614	1679
VTM17.fasta	Xv_72.fasta	99.7902	1609	1679
VTM17.fasta	90-13.fasta	99.7894	1621	1679
VTM17.fasta	Xv_79.fasta	99.782	1610	1679
VTM17.fasta	X82-8P_C3.fasta	99.7804	1637	1679
VTM17.fasta	X82-8P_C2.fasta	99.7801	1623	1679
VTM17.fasta	70-7.fasta	99.7801	1613	1679
VTM17.fasta	X82-8P_C1.fasta	99.7798	1633	1679
VTM17.fasta	X82-8P_C6.fasta	99.7792	1631	1679
VTM17.fasta	X82-8P_C4.fasta	99.7759	1628	1679
VTM17.fasta	LMG_905.fasta	99.7745	1464	1679
VTM17.fasta	LMG_933.fasta	99.7728	1428	1679
VTM17.fasta	X82-8P_C5.fasta	99.7716	1639	1679
VTM17.fasta	E3.fasta	99.7645	1609	1679
VTM17.fasta	66b.fasta	99.7517	1502	1679
VTM17.fasta	69-24.fasta	99.7457	1623	1679
VTM17.fasta	LMG_930.fasta	99.7365	1660	1679
VTM17.fasta	LMG_27970.fasta	99.4961	1150	1679
VTM4.fasta	VTM4.fasta	100	1681	1684
VTM4.fasta	VTM12.fasta	99.9894	1666	1684
VTM4.fasta	XCVKK-C-1.fasta	99.9814	1633	1684
VTM4.fasta	XCVKK-C-2.fasta	99.9807	1627	1684
VTM4.fasta	DOA-2036.fasta	99.9796	1629	1684
VTM4.fasta	62XEKK5.fasta	99.9773	1634	1684
VTM4.fasta	XCVKK-C-3.fasta	99.9764	1639	1684
VTM4.fasta	XCVKK-C-4.fasta	99.9745	1635	1684
VTM4.fasta	XCVKK-C-5.fasta	99.9739	1638	1684
VTM4.fasta	XCVCP-C-51.fasta	99.9726	1633	1684
VTM4.fasta	DOA-1726.fasta	99.9724	1645	1684
VTM4.fasta	X31.fasta	99.9715	1641	1684
VTM4.fasta	VTM16.fasta	99.9704	1663	1684
VTM4.fasta	20HP1614.fasta	99.9703	1636	1684
VTM4.fasta	XCVCP-C-43.fasta	99.9687	1636	1684
VTM4.fasta	Xe173.fasta	99.9679	1665	1684
VTM4.fasta	VTM10.fasta	99.9665	1654	1684
VTM4.fasta	87-13.fasta	99.965	1640	1684
VTM4.fasta	20HP1608-1.fasta	99.9642	1643	1684
VTM4.fasta	DOA-2983.fasta	99.9641	1632	1684
VTM4.fasta	20HP1608-2.fasta	99.9639	1637	1684
VTM4.fasta	VTM15.fasta	99.9638	1653	1684
VTM4.fasta	20HP1609-2.fasta	99.9628	1641	1684
VTM4.fasta	DOA-1721.fasta	99.9623	1634	1684
VTM4.fasta	Tu-10.fasta	99.9608	1651	1684
VTM4.fasta	Xcv_DC_96-3.fasta	99.9604	1634	1684
VTM4.fasta	Xcv_DC_96-5.fasta	99.9603	1634	1684
VTM4.fasta	20HP1591.fasta	99.9601	1639	1684
VTM4.fasta	20HP1597.fasta	99.9588	1643	1684
VTM4.fasta	X22.fasta	99.9581	1641	1684
VTM4.fasta	DOA-2989.fasta	99.9559	1635	1684
VTM4.fasta	20HP1594.fasta	99.9553	1635	1684
VTM4.fasta	87-7.fasta	99.9547	1632	1684
VTM4.fasta	DC99P1A1.fasta	99.9542	1636	1684
VTM4.fasta	DOA-2987.fasta	99.9522	1647	1684
VTM4.fasta	DC99P1B1.fasta	99.9515	1638	1684
VTM4.fasta	20HP1615.fasta	99.9492	1632	1684
VTM4.fasta	90-13.fasta	99.948	1644	1684
VTM4.fasta	Xcv_DC_97_P1A.fasta	99.9469	1624	1684
VTM4.fasta	87-21.fasta	99.9379	1599	1684
VTM4.fasta	89-10.fasta	99.9333	1599	1684
VTM4.fasta	X13.fasta	99.9329	1636	1684
VTM4.fasta	Xv157.fasta	99.9291	1599	1684
VTM4.fasta	69-1.fasta	99.9197	1602	1684
VTM4.fasta	Xcv_DC_93-6.fasta	99.9058	1624	1684
VTM4.fasta	XVP26.fasta	99.9042	1620	1684
VTM4.fasta	Xcv_DC_96-2.fasta	99.9032	1631	1684
VTM4.fasta	89-16.fasta	99.8965	1638	1684
VTM4.fasta	Tu-06.fasta	99.8958	1623	1684
VTM4.fasta	Tu-11.fasta	99.8958	1628	1684
VTM4.fasta	Tu-08.fasta	99.8942	1657	1684
VTM4.fasta	Xcv_DC_98_P2A.fasta	99.8933	1633	1684
VTM4.fasta	Xcv_DC_96-4.fasta	99.8925	1630	1684
VTM4.fasta	FB570.fasta	99.8913	1614	1684
VTM4.fasta	Xcv_DC_96-1.fasta	99.8906	1633	1684
VTM4.fasta	Ps-7.fasta	99.889	1609	1684
VTM4.fasta	87-47.fasta	99.8863	1612	1684
VTM4.fasta	Xcv_DC_97_P2A.fasta	99.88	1614	1684
VTM4.fasta	66b.fasta	99.8758	1507	1684
VTM4.fasta	71-21.fasta	99.8643	1597	1684
VTM4.fasta	Xcv_Sspep_92.fasta	99.8577	1610	1684
VTM4.fasta	Ps-1.fasta	99.8417	1591	1684
VTM4.fasta	80-5.fasta	99.8412	1631	1684
VTM4.fasta	Xcv_DC_97_P3A.fasta	99.8227	1622	1684
VTM4.fasta	Tabasco1.fasta	99.8207	1640	1684
VTM4.fasta	LMG_667.fasta	99.8199	1494	1684
VTM4.fasta	86-46.fasta	99.8185	1584	1684
VTM4.fasta	VTM17.fasta	99.816	1639	1684
VTM4.fasta	ATCC_11633.fasta	99.8141	1602	1684
VTM4.fasta	72-7.fasta	99.8123	1610	1684
VTM4.fasta	X82-8P.fasta	99.8055	1638	1684
VTM4.fasta	Xcv_DC_93-7.fasta	99.804	1607	1684
VTM4.fasta	X82-8P_C1.fasta	99.7998	1639	1684
VTM4.fasta	70-7.fasta	99.7953	1614	1684
VTM4.fasta	X82-8P_C6.fasta	99.7942	1635	1684
VTM4.fasta	Xcv_DC_93-9.fasta	99.7941	1607	1684
VTM4.fasta	X82-8P_C4.fasta	99.7908	1631	1684
VTM4.fasta	Xcv_DC_93-8.fasta	99.7902	1614	1684
VTM4.fasta	WHRI_8301.fasta	99.7872	1636	1684
VTM4.fasta	X82-8P_C3.fasta	99.7859	1636	1684
VTM4.fasta	X82-8P_C2.fasta	99.7841	1620	1684
VTM4.fasta	75-3.fasta	99.7825	1577	1684
VTM4.fasta	85-16.fasta	99.7817	1563	1684
VTM4.fasta	X82-8P_C5.fasta	99.778	1638	1684
VTM4.fasta	65XENP2.fasta	99.7752	1631	1684
VTM4.fasta	LMG_933.fasta	99.768	1424	1684
VTM4.fasta	20HP1613.fasta	99.7675	1639	1684
VTM4.fasta	86-22.fasta	99.7664	1578	1684
VTM4.fasta	LMG_909.fasta	99.7572	1465	1684
VTM4.fasta	DOA-2990.fasta	99.7547	1636	1684
VTM4.fasta	85-10.fasta	99.7526	1645	1684
VTM4.fasta	65XENP1.fasta	99.7524	1635	1684
VTM4.fasta	65XENP3.fasta	99.7494	1638	1684
VTM4.fasta	LMG_905.fasta	99.7428	1450	1684
VTM4.fasta	Xv_72.fasta	99.7388	1613	1684
VTM4.fasta	LMG_930.fasta	99.7387	1658	1684
VTM4.fasta	86-2.fasta	99.7362	1572	1684
VTM4.fasta	83M.fasta	99.7352	1501	1684
VTM4.fasta	Xv_79.fasta	99.7301	1614	1684
VTM4.fasta	E3.fasta	99.7256	1607	1684
VTM4.fasta	69-24.fasta	99.7255	1620	1684
VTM4.fasta	LMG_27970.fasta	99.393	1155	1684
WHRI_8301.fasta	WHRI_8301.fasta	100	1779	1781
WHRI_8301.fasta	75-3.fasta	99.9488	1677	1781
WHRI_8301.fasta	LMG_930.fasta	99.9463	1757	1781
WHRI_8301.fasta	72-7.fasta	99.9269	1616	1781
WHRI_8301.fasta	X82-8P_C2.fasta	99.9182	1615	1781
WHRI_8301.fasta	85-10.fasta	99.9123	1727	1781
WHRI_8301.fasta	X82-8P_C1.fasta	99.9102	1632	1781
WHRI_8301.fasta	X82-8P_C3.fasta	99.9087	1636	1781
WHRI_8301.fasta	70-7.fasta	99.9082	1613	1781
WHRI_8301.fasta	X82-8P_C4.fasta	99.9063	1626	1781
WHRI_8301.fasta	X82-8P.fasta	99.9053	1633	1781
WHRI_8301.fasta	69-24.fasta	99.9024	1633	1781
WHRI_8301.fasta	X82-8P_C5.fasta	99.9007	1634	1781
WHRI_8301.fasta	E3.fasta	99.8984	1628	1781
WHRI_8301.fasta	85-16.fasta	99.8951	1606	1781
WHRI_8301.fasta	X82-8P_C6.fasta	99.8941	1635	1781
WHRI_8301.fasta	86-22.fasta	99.8912	1625	1781
WHRI_8301.fasta	86-46.fasta	99.8881	1612	1781
WHRI_8301.fasta	ATCC_11633.fasta	99.8812	1627	1781
WHRI_8301.fasta	86-2.fasta	99.8807	1645	1781
WHRI_8301.fasta	87-21.fasta	99.8742	1593	1781
WHRI_8301.fasta	XVP26.fasta	99.8725	1618	1781
WHRI_8301.fasta	Xcv_Sspep_92.fasta	99.8639	1652	1781
WHRI_8301.fasta	Tu-06.fasta	99.8613	1621	1781
WHRI_8301.fasta	Tu-11.fasta	99.8556	1628	1781
WHRI_8301.fasta	90-13.fasta	99.8527	1676	1781
WHRI_8301.fasta	Ps-1.fasta	99.8504	1626	1781
WHRI_8301.fasta	Xcv_DC_97_P2A.fasta	99.8455	1600	1781
WHRI_8301.fasta	20HP1591.fasta	99.8265	1615	1781
WHRI_8301.fasta	Xcv_DC_97_P3A.fasta	99.8255	1611	1781
WHRI_8301.fasta	Xv_72.fasta	99.8254	1662	1781
WHRI_8301.fasta	Xe173.fasta	99.8245	1711	1781
WHRI_8301.fasta	Xv_79.fasta	99.8242	1668	1781
WHRI_8301.fasta	VTM4.fasta	99.824	1621	1781
WHRI_8301.fasta	Tu-08.fasta	99.8235	1633	1781
WHRI_8301.fasta	VTM12.fasta	99.8218	1633	1781
WHRI_8301.fasta	VTM17.fasta	99.8216	1631	1781
WHRI_8301.fasta	20HP1608-1.fasta	99.8211	1618	1781
WHRI_8301.fasta	20HP1608-2.fasta	99.8205	1617	1781
WHRI_8301.fasta	20HP1609-2.fasta	99.8203	1615	1781
WHRI_8301.fasta	X31.fasta	99.8197	1614	1781
WHRI_8301.fasta	71-21.fasta	99.8187	1584	1781
WHRI_8301.fasta	X22.fasta	99.8187	1617	1781
WHRI_8301.fasta	Xcv_DC_96-2.fasta	99.8179	1612	1781
WHRI_8301.fasta	DOA-2989.fasta	99.8153	1611	1781
WHRI_8301.fasta	DOA-1726.fasta	99.8147	1618	1781
WHRI_8301.fasta	20HP1614.fasta	99.8142	1620	1781
WHRI_8301.fasta	VTM16.fasta	99.8142	1630	1781
WHRI_8301.fasta	20HP1594.fasta	99.8119	1607	1781
WHRI_8301.fasta	DOA-2987.fasta	99.8111	1610	1781
WHRI_8301.fasta	DOA-1721.fasta	99.8093	1609	1781
WHRI_8301.fasta	XCVCP-C-51.fasta	99.8087	1604	1781
WHRI_8301.fasta	DC99P1A1.fasta	99.8084	1651	1781
WHRI_8301.fasta	Tabasco1.fasta	99.8084	1632	1781
WHRI_8301.fasta	Tu-10.fasta	99.8051	1616	1781
WHRI_8301.fasta	VTM10.fasta	99.8047	1619	1781
WHRI_8301.fasta	87-13.fasta	99.8046	1656	1781
WHRI_8301.fasta	VTM15.fasta	99.8039	1622	1781
WHRI_8301.fasta	DC99P1B1.fasta	99.801	1656	1781
WHRI_8301.fasta	XCVKK-C-5.fasta	99.7996	1608	1781
WHRI_8301.fasta	20HP1597.fasta	99.7995	1613	1781
WHRI_8301.fasta	62XEKK5.fasta	99.7984	1610	1781
WHRI_8301.fasta	XCVKK-C-4.fasta	99.7982	1604	1781
WHRI_8301.fasta	65XENP1.fasta	99.797	1630	1781
WHRI_8301.fasta	XCVCP-C-43.fasta	99.7951	1604	1781
WHRI_8301.fasta	DOA-2983.fasta	99.7944	1614	1781
WHRI_8301.fasta	65XENP2.fasta	99.7944	1634	1781
WHRI_8301.fasta	65XENP3.fasta	99.7893	1636	1781
WHRI_8301.fasta	XCVKK-C-1.fasta	99.7879	1609	1781
WHRI_8301.fasta	20HP1615.fasta	99.7879	1615	1781
WHRI_8301.fasta	Xcv_DC_97_P1A.fasta	99.7877	1641	1781
WHRI_8301.fasta	X13.fasta	99.7864	1659	1781
WHRI_8301.fasta	Xcv_DC_96-5.fasta	99.7857	1610	1781
WHRI_8301.fasta	XCVKK-C-3.fasta	99.785	1607	1781
WHRI_8301.fasta	DOA-2990.fasta	99.7849	1631	1781
WHRI_8301.fasta	DOA-2036.fasta	99.7836	1608	1781
WHRI_8301.fasta	XCVKK-C-2.fasta	99.7804	1608	1781
WHRI_8301.fasta	Xcv_DC_96-3.fasta	99.7794	1606	1781
WHRI_8301.fasta	83M.fasta	99.7728	1500	1781
WHRI_8301.fasta	20HP1613.fasta	99.7569	1636	1781
WHRI_8301.fasta	LMG_909.fasta	99.7522	1459	1781
WHRI_8301.fasta	66b.fasta	99.7399	1538	1781
WHRI_8301.fasta	89-16.fasta	99.7214	1655	1781
WHRI_8301.fasta	Xcv_DC_96-1.fasta	99.7066	1658	1781
WHRI_8301.fasta	Xcv_DC_98_P2A.fasta	99.697	1657	1781
WHRI_8301.fasta	LMG_933.fasta	99.6968	1421	1781
WHRI_8301.fasta	Xv157.fasta	99.6954	1628	1781
WHRI_8301.fasta	89-10.fasta	99.6952	1629	1781
WHRI_8301.fasta	Xcv_DC_93-6.fasta	99.6921	1650	1781
WHRI_8301.fasta	87-7.fasta	99.6921	1645	1781
WHRI_8301.fasta	FB570.fasta	99.6884	1641	1781
WHRI_8301.fasta	87-47.fasta	99.6855	1636	1781
WHRI_8301.fasta	Ps-7.fasta	99.6821	1635	1781
WHRI_8301.fasta	Xcv_DC_93-7.fasta	99.6778	1616	1781
WHRI_8301.fasta	Xcv_DC_96-4.fasta	99.6765	1658	1781
WHRI_8301.fasta	69-1.fasta	99.6726	1622	1781
WHRI_8301.fasta	Xcv_DC_93-9.fasta	99.6672	1616	1781
WHRI_8301.fasta	Xcv_DC_93-8.fasta	99.6534	1627	1781
WHRI_8301.fasta	80-5.fasta	99.6344	1657	1781
WHRI_8301.fasta	LMG_667.fasta	99.6341	1530	1781
WHRI_8301.fasta	LMG_905.fasta	99.5768	1460	1781
WHRI_8301.fasta	LMG_27970.fasta	99.5323	1155	1781
X13.fasta	X13.fasta	100	1715	1718
X13.fasta	20HP1608-1.fasta	99.9907	1645	1718
X13.fasta	20HP1609-2.fasta	99.9907	1644	1718
X13.fasta	DOA-2983.fasta	99.98	1645	1718
X13.fasta	20HP1614.fasta	99.9786	1646	1718
X13.fasta	Xe173.fasta	99.9748	1707	1718
X13.fasta	DOA-1721.fasta	99.9743	1646	1718
X13.fasta	DC99P1B1.fasta	99.9722	1680	1718
X13.fasta	Xcv_DC_97_P1A.fasta	99.9713	1675	1718
X13.fasta	X31.fasta	99.9698	1652	1718
X13.fasta	20HP1608-2.fasta	99.9695	1646	1718
X13.fasta	Tu-10.fasta	99.9693	1647	1718
X13.fasta	X22.fasta	99.9689	1651	1718
X13.fasta	20HP1597.fasta	99.9684	1644	1718
X13.fasta	20HP1615.fasta	99.9683	1641	1718
X13.fasta	87-13.fasta	99.968	1687	1718
X13.fasta	DC99P1A1.fasta	99.9679	1680	1718
X13.fasta	20HP1591.fasta	99.9676	1646	1718
X13.fasta	VTM16.fasta	99.9656	1652	1718
X13.fasta	VTM15.fasta	99.9654	1649	1718
X13.fasta	DOA-2987.fasta	99.9652	1642	1718
X13.fasta	20HP1594.fasta	99.9628	1643	1718
X13.fasta	Xcv_DC_96-5.fasta	99.9627	1639	1718
X13.fasta	VTM10.fasta	99.9616	1650	1718
X13.fasta	Xcv_DC_96-3.fasta	99.9588	1636	1718
X13.fasta	90-13.fasta	99.9582	1669	1718
X13.fasta	DOA-2989.fasta	99.9579	1647	1718
X13.fasta	XCVCP-C-51.fasta	99.9559	1641	1718
X13.fasta	DOA-1726.fasta	99.9555	1646	1718
X13.fasta	DOA-2036.fasta	99.9511	1637	1718
X13.fasta	XCVKK-C-4.fasta	99.9469	1634	1718
X13.fasta	XCVCP-C-43.fasta	99.9467	1635	1718
X13.fasta	XCVKK-C-5.fasta	99.9453	1638	1718
X13.fasta	62XEKK5.fasta	99.9447	1637	1718
X13.fasta	VTM4.fasta	99.9433	1646	1718
X13.fasta	VTM12.fasta	99.943	1647	1718
X13.fasta	XCVKK-C-2.fasta	99.9393	1636	1718
X13.fasta	XCVKK-C-3.fasta	99.9389	1635	1718
X13.fasta	XCVKK-C-1.fasta	99.935	1641	1718
X13.fasta	Xcv_Sspep_92.fasta	99.9185	1661	1718
X13.fasta	Tu-08.fasta	99.9016	1644	1718
X13.fasta	Ps-1.fasta	99.9007	1635	1718
X13.fasta	XVP26.fasta	99.8925	1620	1718
X13.fasta	Xcv_DC_96-2.fasta	99.8868	1631	1718
X13.fasta	87-21.fasta	99.8829	1594	1718
X13.fasta	Tu-06.fasta	99.8725	1623	1718
X13.fasta	Tu-11.fasta	99.8711	1628	1718
X13.fasta	Xcv_DC_97_P2A.fasta	99.8706	1612	1718
X13.fasta	66b.fasta	99.8696	1570	1718
X13.fasta	71-21.fasta	99.8607	1593	1718
X13.fasta	72-7.fasta	99.8606	1593	1718
X13.fasta	75-3.fasta	99.8393	1606	1718
X13.fasta	85-16.fasta	99.8391	1598	1718
X13.fasta	87-7.fasta	99.8348	1657	1718
X13.fasta	85-10.fasta	99.8259	1676	1718
X13.fasta	VTM17.fasta	99.8253	1639	1718
X13.fasta	Xcv_DC_97_P3A.fasta	99.8208	1621	1718
X13.fasta	WHRI_8301.fasta	99.8172	1660	1718
X13.fasta	DOA-2990.fasta	99.8134	1637	1718
X13.fasta	86-46.fasta	99.8103	1575	1718
X13.fasta	89-10.fasta	99.8087	1643	1718
X13.fasta	ATCC_11633.fasta	99.808	1593	1718
X13.fasta	Xv157.fasta	99.8074	1644	1718
X13.fasta	65XENP2.fasta	99.8057	1634	1718
X13.fasta	65XENP1.fasta	99.8052	1636	1718
X13.fasta	20HP1613.fasta	99.8047	1640	1718
X13.fasta	86-2.fasta	99.8045	1607	1718
X13.fasta	86-22.fasta	99.801	1625	1718
X13.fasta	LMG_930.fasta	99.7987	1685	1718
X13.fasta	89-16.fasta	99.7975	1664	1718
X13.fasta	65XENP3.fasta	99.7899	1637	1718
X13.fasta	X82-8P.fasta	99.7894	1625	1718
X13.fasta	Xv_72.fasta	99.7874	1657	1718
X13.fasta	X82-8P_C1.fasta	99.7863	1622	1718
X13.fasta	X82-8P_C3.fasta	99.7851	1626	1718
X13.fasta	Tabasco1.fasta	99.7847	1629	1718
X13.fasta	X82-8P_C2.fasta	99.7846	1611	1718
X13.fasta	X82-8P_C6.fasta	99.7843	1624	1718
X13.fasta	LMG_933.fasta	99.7836	1423	1718
X13.fasta	70-7.fasta	99.7819	1605	1718
X13.fasta	69-24.fasta	99.7791	1601	1718
X13.fasta	X82-8P_C5.fasta	99.7791	1624	1718
X13.fasta	X82-8P_C4.fasta	99.7767	1621	1718
X13.fasta	Xcv_DC_98_P2A.fasta	99.7765	1670	1718
X13.fasta	Xv_79.fasta	99.7743	1660	1718
X13.fasta	Xcv_DC_96-1.fasta	99.7742	1671	1718
X13.fasta	Xcv_DC_96-4.fasta	99.772	1668	1718
X13.fasta	Xcv_DC_93-6.fasta	99.768	1668	1718
X13.fasta	FB570.fasta	99.7668	1649	1718
X13.fasta	E3.fasta	99.7649	1595	1718
X13.fasta	Ps-7.fasta	99.7614	1645	1718
X13.fasta	87-47.fasta	99.7568	1648	1718
X13.fasta	LMG_909.fasta	99.7423	1472	1718
X13.fasta	83M.fasta	99.7384	1498	1718
X13.fasta	LMG_667.fasta	99.7056	1534	1718
X13.fasta	69-1.fasta	99.6946	1622	1718
X13.fasta	Xcv_DC_93-7.fasta	99.639	1622	1718
X13.fasta	Xcv_DC_93-8.fasta	99.6352	1629	1718
X13.fasta	Xcv_DC_93-9.fasta	99.6285	1621	1718
X13.fasta	80-5.fasta	99.5818	1658	1718
X13.fasta	LMG_905.fasta	99.5029	1458	1718
X13.fasta	LMG_27970.fasta	99.4337	1143	1718
X22.fasta	X22.fasta	100	1663	1667
X22.fasta	X31.fasta	99.9944	1660	1667
X22.fasta	Tu-10.fasta	99.9917	1655	1667
X22.fasta	Xe173.fasta	99.9917	1663	1667
X22.fasta	DOA-1726.fasta	99.9907	1649	1667
X22.fasta	DOA-1721.fasta	99.9884	1652	1667
X22.fasta	DOA-2983.fasta	99.9868	1650	1667
X22.fasta	DOA-2989.fasta	99.9864	1649	1667
X22.fasta	VTM10.fasta	99.9862	1652	1667
X22.fasta	DOA-2987.fasta	99.9852	1647	1667
X22.fasta	VTM16.fasta	99.9849	1656	1667
X22.fasta	VTM15.fasta	99.9848	1652	1667
X22.fasta	XCVKK-C-1.fasta	99.9846	1639	1667
X22.fasta	Xcv_DC_96-3.fasta	99.984	1639	1667
X22.fasta	Xcv_DC_96-5.fasta	99.9833	1642	1667
X22.fasta	XCVCP-C-51.fasta	99.9832	1640	1667
X22.fasta	20HP1594.fasta	99.9805	1644	1667
X22.fasta	90-13.fasta	99.9773	1631	1667
X22.fasta	VTM12.fasta	99.9772	1647	1667
X22.fasta	Xcv_DC_97_P1A.fasta	99.9759	1629	1667
X22.fasta	20HP1591.fasta	99.9739	1647	1667
X22.fasta	VTM4.fasta	99.9727	1647	1667
X22.fasta	XCVKK-C-5.fasta	99.9715	1642	1667
X22.fasta	XCVKK-C-3.fasta	99.9713	1641	1667
X22.fasta	DC99P1B1.fasta	99.9712	1632	1667
X22.fasta	20HP1597.fasta	99.9708	1644	1667
X22.fasta	87-7.fasta	99.9706	1626	1667
X22.fasta	XCVKK-C-4.fasta	99.9689	1641	1667
X22.fasta	DOA-2036.fasta	99.9688	1643	1667
X22.fasta	62XEKK5.fasta	99.9684	1644	1667
X22.fasta	20HP1615.fasta	99.9683	1642	1667
X22.fasta	XCVKK-C-2.fasta	99.9675	1636	1667
X22.fasta	20HP1608-1.fasta	99.9674	1650	1667
X22.fasta	DC99P1A1.fasta	99.9667	1633	1667
X22.fasta	20HP1609-2.fasta	99.9652	1650	1667
X22.fasta	20HP1614.fasta	99.9632	1650	1667
X22.fasta	87-13.fasta	99.9617	1642	1667
X22.fasta	XCVCP-C-43.fasta	99.9609	1640	1667
X22.fasta	20HP1608-2.fasta	99.9598	1650	1667
X22.fasta	X13.fasta	99.9593	1648	1667
X22.fasta	Xv157.fasta	99.9583	1605	1667
X22.fasta	89-10.fasta	99.956	1604	1667
X22.fasta	69-1.fasta	99.9463	1594	1667
X22.fasta	87-21.fasta	99.9319	1594	1667
X22.fasta	Tu-08.fasta	99.9164	1645	1667
X22.fasta	XVP26.fasta	99.9157	1625	1667
X22.fasta	Xcv_DC_97_P2A.fasta	99.9145	1610	1667
X22.fasta	Xcv_Sspep_92.fasta	99.9127	1612	1667
X22.fasta	Xcv_DC_96-2.fasta	99.9123	1630	1667
X22.fasta	Xcv_DC_96-1.fasta	99.9101	1630	1667
X22.fasta	89-16.fasta	99.9082	1632	1667
X22.fasta	Xcv_DC_98_P2A.fasta	99.9074	1629	1667
X22.fasta	Tu-06.fasta	99.9049	1624	1667
X22.fasta	FB570.fasta	99.9038	1609	1667
X22.fasta	Tu-11.fasta	99.9022	1629	1667
X22.fasta	66b.fasta	99.9001	1514	1667
X22.fasta	Xcv_DC_93-6.fasta	99.8989	1624	1667
X22.fasta	Ps-1.fasta	99.8987	1589	1667
X22.fasta	Xcv_DC_96-4.fasta	99.8985	1630	1667
X22.fasta	87-47.fasta	99.8933	1610	1667
X22.fasta	Ps-7.fasta	99.8835	1609	1667
X22.fasta	71-21.fasta	99.883	1599	1667
X22.fasta	72-7.fasta	99.86	1597	1667
X22.fasta	75-3.fasta	99.8538	1567	1667
X22.fasta	Xcv_DC_93-9.fasta	99.8473	1613	1667
X22.fasta	Xcv_DC_93-7.fasta	99.8442	1613	1667
X22.fasta	Xcv_DC_93-8.fasta	99.8438	1614	1667
X22.fasta	Xcv_DC_97_P3A.fasta	99.8413	1626	1667
X22.fasta	86-46.fasta	99.8386	1578	1667
X22.fasta	VTM17.fasta	99.8352	1641	1667
X22.fasta	ATCC_11633.fasta	99.8307	1596	1667
X22.fasta	85-10.fasta	99.8244	1633	1667
X22.fasta	65XENP2.fasta	99.8215	1640	1667
X22.fasta	86-2.fasta	99.8214	1565	1667
X22.fasta	Tabasco1.fasta	99.8176	1627	1667
X22.fasta	WHRI_8301.fasta	99.8148	1626	1667
X22.fasta	80-5.fasta	99.8146	1634	1667
X22.fasta	LMG_667.fasta	99.8142	1486	1667
X22.fasta	85-16.fasta	99.8081	1552	1667
X22.fasta	DOA-2990.fasta	99.8079	1639	1667
X22.fasta	65XENP1.fasta	99.8061	1641	1667
X22.fasta	86-22.fasta	99.8036	1569	1667
X22.fasta	X82-8P.fasta	99.8026	1628	1667
X22.fasta	65XENP3.fasta	99.7999	1641	1667
X22.fasta	LMG_933.fasta	99.7996	1423	1667
X22.fasta	20HP1613.fasta	99.7943	1645	1667
X22.fasta	X82-8P_C5.fasta	99.7943	1629	1667
X22.fasta	69-24.fasta	99.7941	1605	1667
X22.fasta	X82-8P_C6.fasta	99.7941	1627	1667
X22.fasta	70-7.fasta	99.7917	1603	1667
X22.fasta	X82-8P_C1.fasta	99.7915	1626	1667
X22.fasta	X82-8P_C3.fasta	99.7912	1629	1667
X22.fasta	X82-8P_C4.fasta	99.7879	1621	1667
X22.fasta	X82-8P_C2.fasta	99.7764	1614	1667
X22.fasta	LMG_905.fasta	99.7717	1451	1667
X22.fasta	83M.fasta	99.7636	1511	1667
X22.fasta	LMG_930.fasta	99.7591	1646	1667
X22.fasta	LMG_909.fasta	99.7588	1473	1667
X22.fasta	Xv_72.fasta	99.7534	1607	1667
X22.fasta	E3.fasta	99.7461	1600	1667
X22.fasta	Xv_79.fasta	99.7351	1612	1667
X22.fasta	LMG_27970.fasta	99.4481	1145	1667
X31.fasta	X31.fasta	100	1665	1667
X31.fasta	X22.fasta	99.9983	1661	1667
X31.fasta	Tu-10.fasta	99.9954	1658	1667
X31.fasta	20HP1591.fasta	99.9912	1649	1667
X31.fasta	Xe173.fasta	99.9909	1662	1667
X31.fasta	DOA-1726.fasta	99.9894	1651	1667
X31.fasta	DOA-1721.fasta	99.9891	1653	1667
X31.fasta	VTM10.fasta	99.9882	1653	1667
X31.fasta	VTM15.fasta	99.9861	1654	1667
X31.fasta	VTM16.fasta	99.9859	1657	1667
X31.fasta	20HP1597.fasta	99.9853	1648	1667
X31.fasta	DOA-2987.fasta	99.985	1648	1667
X31.fasta	DOA-2983.fasta	99.9847	1653	1667
X31.fasta	20HP1594.fasta	99.9844	1644	1667
X31.fasta	20HP1615.fasta	99.9833	1646	1667
X31.fasta	Xcv_DC_96-3.fasta	99.9831	1640	1667
X31.fasta	Xcv_DC_96-5.fasta	99.9831	1644	1667
X31.fasta	XCVKK-C-2.fasta	99.9822	1638	1667
X31.fasta	DOA-2989.fasta	99.982	1652	1667
X31.fasta	XCVKK-C-1.fasta	99.9816	1644	1667
X31.fasta	DC99P1A1.fasta	99.9804	1633	1667
X31.fasta	XCVKK-C-5.fasta	99.98	1643	1667
X31.fasta	XCVCP-C-43.fasta	99.9795	1639	1667
X31.fasta	XCVKK-C-3.fasta	99.9794	1641	1667
X31.fasta	Xcv_DC_97_P1A.fasta	99.979	1631	1667
X31.fasta	DOA-2036.fasta	99.9789	1641	1667
X31.fasta	90-13.fasta	99.9788	1632	1667
X31.fasta	XCVKK-C-4.fasta	99.9784	1642	1667
X31.fasta	VTM12.fasta	99.9773	1654	1667
X31.fasta	DC99P1B1.fasta	99.9767	1634	1667
X31.fasta	20HP1608-1.fasta	99.9766	1651	1667
X31.fasta	XCVCP-C-51.fasta	99.9761	1644	1667
X31.fasta	20HP1608-2.fasta	99.9753	1650	1667
X31.fasta	20HP1609-2.fasta	99.9744	1651	1667
X31.fasta	20HP1614.fasta	99.9738	1651	1667
X31.fasta	VTM4.fasta	99.9731	1651	1667
X31.fasta	62XEKK5.fasta	99.9715	1646	1667
X31.fasta	87-7.fasta	99.966	1626	1667
X31.fasta	X13.fasta	99.9644	1653	1667
X31.fasta	87-13.fasta	99.9631	1641	1667
X31.fasta	89-10.fasta	99.9598	1606	1667
X31.fasta	Xv157.fasta	99.9582	1607	1667
X31.fasta	XVP26.fasta	99.9402	1625	1667
X31.fasta	87-21.fasta	99.9312	1595	1667
X31.fasta	Tu-06.fasta	99.9263	1624	1667
X31.fasta	Tu-11.fasta	99.9261	1630	1667
X31.fasta	Xcv_DC_96-1.fasta	99.9239	1630	1667
X31.fasta	71-21.fasta	99.9223	1591	1667
X31.fasta	Xcv_DC_96-2.fasta	99.9221	1631	1667
X31.fasta	69-1.fasta	99.9211	1598	1667
X31.fasta	Xcv_DC_98_P2A.fasta	99.9209	1631	1667
X31.fasta	FB570.fasta	99.9167	1610	1667
X31.fasta	Xcv_DC_97_P2A.fasta	99.9154	1612	1667
X31.fasta	89-16.fasta	99.9139	1637	1667
X31.fasta	Tu-08.fasta	99.9134	1650	1667
X31.fasta	Xcv_DC_96-4.fasta	99.9121	1630	1667
X31.fasta	87-47.fasta	99.906	1610	1667
X31.fasta	Xcv_DC_93-6.fasta	99.9052	1627	1667
X31.fasta	Ps-7.fasta	99.8953	1609	1667
X31.fasta	Xcv_DC_97_P3A.fasta	99.8894	1622	1667
X31.fasta	66b.fasta	99.8886	1526	1667
X31.fasta	Xcv_Sspep_92.fasta	99.8882	1614	1667
X31.fasta	Ps-1.fasta	99.8805	1589	1667
X31.fasta	Tabasco1.fasta	99.8558	1627	1667
X31.fasta	Xcv_DC_93-9.fasta	99.8543	1607	1667
X31.fasta	Xcv_DC_93-7.fasta	99.852	1608	1667
X31.fasta	Xcv_DC_93-8.fasta	99.8503	1615	1667
X31.fasta	80-5.fasta	99.8436	1631	1667
X31.fasta	VTM17.fasta	99.8434	1641	1667
X31.fasta	72-7.fasta	99.8355	1596	1667
X31.fasta	DOA-2990.fasta	99.8352	1638	1667
X31.fasta	LMG_667.fasta	99.8345	1490	1667
X31.fasta	65XENP2.fasta	99.8316	1640	1667
X31.fasta	65XENP1.fasta	99.817	1643	1667
X31.fasta	LMG_909.fasta	99.8117	1464	1667
X31.fasta	75-3.fasta	99.811	1566	1667
X31.fasta	WHRI_8301.fasta	99.8041	1624	1667
X31.fasta	65XENP3.fasta	99.8024	1641	1667
X31.fasta	ATCC_11633.fasta	99.8024	1596	1667
X31.fasta	86-46.fasta	99.8011	1578	1667
X31.fasta	85-16.fasta	99.8001	1551	1667
X31.fasta	LMG_933.fasta	99.7966	1427	1667
X31.fasta	70-7.fasta	99.7932	1601	1667
X31.fasta	20HP1613.fasta	99.7925	1647	1667
X31.fasta	LMG_905.fasta	99.7804	1451	1667
X31.fasta	Xv_72.fasta	99.7793	1604	1667
X31.fasta	X82-8P_C5.fasta	99.7792	1627	1667
X31.fasta	X82-8P.fasta	99.7791	1628	1667
X31.fasta	86-22.fasta	99.7791	1571	1667
X31.fasta	X82-8P_C4.fasta	99.779	1623	1667
X31.fasta	X82-8P_C1.fasta	99.7788	1626	1667
X31.fasta	X82-8P_C3.fasta	99.7775	1628	1667
X31.fasta	X82-8P_C6.fasta	99.7774	1628	1667
X31.fasta	85-10.fasta	99.7712	1636	1667
X31.fasta	86-2.fasta	99.771	1568	1667
X31.fasta	Xv_79.fasta	99.7708	1609	1667
X31.fasta	83M.fasta	99.7688	1509	1667
X31.fasta	LMG_930.fasta	99.763	1644	1667
X31.fasta	X82-8P_C2.fasta	99.7616	1613	1667
X31.fasta	69-24.fasta	99.7522	1607	1667
X31.fasta	E3.fasta	99.7437	1600	1667
X31.fasta	LMG_27970.fasta	99.4537	1144	1667
X82-8P.fasta	X82-8P.fasta	100	1671	1674
X82-8P.fasta	X82-8P_C3.fasta	99.9985	1664	1674
X82-8P.fasta	X82-8P_C1.fasta	99.9985	1663	1674
X82-8P.fasta	X82-8P_C4.fasta	99.9971	1655	1674
X82-8P.fasta	X82-8P_C2.fasta	99.9969	1650	1674
X82-8P.fasta	X82-8P_C6.fasta	99.9958	1662	1674
X82-8P.fasta	X82-8P_C5.fasta	99.9921	1663	1674
X82-8P.fasta	70-7.fasta	99.9723	1632	1674
X82-8P.fasta	69-24.fasta	99.9705	1631	1674
X82-8P.fasta	72-7.fasta	99.9685	1619	1674
X82-8P.fasta	75-3.fasta	99.9495	1578	1674
X82-8P.fasta	Xv_72.fasta	99.9494	1624	1674
X82-8P.fasta	86-46.fasta	99.9479	1601	1674
X82-8P.fasta	E3.fasta	99.9468	1616	1674
X82-8P.fasta	ATCC_11633.fasta	99.9467	1603	1674
X82-8P.fasta	Xv_79.fasta	99.946	1619	1674
X82-8P.fasta	XVP26.fasta	99.9426	1617	1674
X82-8P.fasta	WHRI_8301.fasta	99.941	1640	1674
X82-8P.fasta	LMG_930.fasta	99.9405	1664	1674
X82-8P.fasta	85-10.fasta	99.9341	1648	1674
X82-8P.fasta	85-16.fasta	99.9264	1571	1674
X82-8P.fasta	86-22.fasta	99.9174	1585	1674
X82-8P.fasta	Tu-11.fasta	99.9162	1628	1674
X82-8P.fasta	Tu-06.fasta	99.9092	1619	1674
X82-8P.fasta	87-21.fasta	99.9047	1602	1674
X82-8P.fasta	86-2.fasta	99.904	1574	1674
X82-8P.fasta	Xcv_Sspep_92.fasta	99.8926	1610	1674
X82-8P.fasta	69-1.fasta	99.8909	1588	1674
X82-8P.fasta	Ps-1.fasta	99.8876	1593	1674
X82-8P.fasta	Tabasco1.fasta	99.8855	1639	1674
X82-8P.fasta	Xv157.fasta	99.8521	1591	1674
X82-8P.fasta	89-10.fasta	99.8446	1593	1674
X82-8P.fasta	80-5.fasta	99.8424	1635	1674
X82-8P.fasta	DOA-2987.fasta	99.8383	1622	1674
X82-8P.fasta	VTM17.fasta	99.835	1637	1674
X82-8P.fasta	VTM16.fasta	99.8331	1640	1674
X82-8P.fasta	90-13.fasta	99.8304	1613	1674
X82-8P.fasta	Xcv_DC_93-7.fasta	99.8271	1606	1674
X82-8P.fasta	20HP1597.fasta	99.8267	1617	1674
X82-8P.fasta	DOA-2989.fasta	99.8262	1620	1674
X82-8P.fasta	Xcv_DC_97_P2A.fasta	99.8253	1608	1674
X82-8P.fasta	20HP1615.fasta	99.8246	1616	1674
X82-8P.fasta	20HP1591.fasta	99.8236	1623	1674
X82-8P.fasta	20HP1609-2.fasta	99.8213	1622	1674
X82-8P.fasta	87-13.fasta	99.8201	1621	1674
X82-8P.fasta	Tu-08.fasta	99.8199	1637	1674
X82-8P.fasta	X22.fasta	99.8193	1616	1674
X82-8P.fasta	Xcv_DC_93-8.fasta	99.8191	1610	1674
X82-8P.fasta	20HP1608-1.fasta	99.819	1628	1674
X82-8P.fasta	VTM12.fasta	99.8184	1636	1674
X82-8P.fasta	20HP1608-2.fasta	99.8172	1623	1674
X82-8P.fasta	20HP1614.fasta	99.8171	1626	1674
X82-8P.fasta	X31.fasta	99.8147	1615	1674
X82-8P.fasta	VTM4.fasta	99.8126	1630	1674
X82-8P.fasta	DC99P1B1.fasta	99.8124	1616	1674
X82-8P.fasta	DOA-1726.fasta	99.812	1624	1674
X82-8P.fasta	DOA-1721.fasta	99.8114	1615	1674
X82-8P.fasta	Xcv_DC_93-9.fasta	99.8106	1608	1674
X82-8P.fasta	87-7.fasta	99.8092	1606	1674
X82-8P.fasta	Xcv_DC_97_P1A.fasta	99.8085	1600	1674
X82-8P.fasta	XCVKK-C-2.fasta	99.8074	1611	1674
X82-8P.fasta	Xcv_DC_96-1.fasta	99.8068	1626	1674
X82-8P.fasta	Xcv_DC_97_P3A.fasta	99.8064	1623	1674
X82-8P.fasta	62XEKK5.fasta	99.8045	1608	1674
X82-8P.fasta	XCVCP-C-43.fasta	99.8043	1612	1674
X82-8P.fasta	X13.fasta	99.8031	1613	1674
X82-8P.fasta	Xcv_DC_96-4.fasta	99.8028	1622	1674
X82-8P.fasta	Xcv_DC_96-2.fasta	99.8022	1626	1674
X82-8P.fasta	Xcv_DC_98_P2A.fasta	99.8017	1624	1674
X82-8P.fasta	XCVKK-C-3.fasta	99.8012	1611	1674
X82-8P.fasta	XCVCP-C-51.fasta	99.7953	1615	1674
X82-8P.fasta	Xcv_DC_96-5.fasta	99.7951	1614	1674
X82-8P.fasta	Xcv_DC_93-6.fasta	99.7949	1623	1674
X82-8P.fasta	89-16.fasta	99.7947	1629	1674
X82-8P.fasta	Tu-10.fasta	99.7941	1629	1674
X82-8P.fasta	DC99P1A1.fasta	99.794	1615	1674
X82-8P.fasta	71-21.fasta	99.7938	1596	1674
X82-8P.fasta	VTM10.fasta	99.793	1631	1674
X82-8P.fasta	DOA-2983.fasta	99.7919	1615	1674
X82-8P.fasta	DOA-2036.fasta	99.7911	1614	1674
X82-8P.fasta	XCVKK-C-1.fasta	99.7879	1614	1674
X82-8P.fasta	XCVKK-C-4.fasta	99.7878	1613	1674
X82-8P.fasta	XCVKK-C-5.fasta	99.7877	1608	1674
X82-8P.fasta	87-47.fasta	99.7876	1610	1674
X82-8P.fasta	VTM15.fasta	99.7875	1632	1674
X82-8P.fasta	DOA-2990.fasta	99.7863	1633	1674
X82-8P.fasta	FB570.fasta	99.784	1614	1674
X82-8P.fasta	Xcv_DC_96-3.fasta	99.7832	1613	1674
X82-8P.fasta	65XENP2.fasta	99.7823	1635	1674
X82-8P.fasta	Ps-7.fasta	99.78	1609	1674
X82-8P.fasta	20HP1613.fasta	99.7796	1634	1674
X82-8P.fasta	65XENP1.fasta	99.7795	1636	1674
X82-8P.fasta	65XENP3.fasta	99.7794	1636	1674
X82-8P.fasta	Xe173.fasta	99.7782	1649	1674
X82-8P.fasta	20HP1594.fasta	99.7757	1617	1674
X82-8P.fasta	LMG_905.fasta	99.7663	1450	1674
X82-8P.fasta	LMG_667.fasta	99.7429	1497	1674
X82-8P.fasta	LMG_933.fasta	99.734	1429	1674
X82-8P.fasta	LMG_909.fasta	99.717	1475	1674
X82-8P.fasta	83M.fasta	99.7114	1499	1674
X82-8P.fasta	66b.fasta	99.7107	1499	1674
X82-8P.fasta	LMG_27970.fasta	99.5648	1151	1674
X82-8P_C1.fasta	X82-8P_C1.fasta	100	1724	1727
X82-8P_C1.fasta	X82-8P.fasta	99.9977	1664	1727
X82-8P_C1.fasta	X82-8P_C2.fasta	99.997	1700	1727
X82-8P_C1.fasta	X82-8P_C3.fasta	99.996	1714	1727
X82-8P_C1.fasta	X82-8P_C4.fasta	99.9944	1708	1727
X82-8P_C1.fasta	X82-8P_C6.fasta	99.994	1716	1727
X82-8P_C1.fasta	X82-8P_C5.fasta	99.9919	1715	1727
X82-8P_C1.fasta	70-7.fasta	99.9706	1650	1727
X82-8P_C1.fasta	69-24.fasta	99.968	1646	1727
X82-8P_C1.fasta	72-7.fasta	99.9574	1636	1727
X82-8P_C1.fasta	XVP26.fasta	99.9435	1653	1727
X82-8P_C1.fasta	E3.fasta	99.9431	1629	1727
X82-8P_C1.fasta	86-46.fasta	99.9385	1612	1727
X82-8P_C1.fasta	ATCC_11633.fasta	99.938	1621	1727
X82-8P_C1.fasta	LMG_930.fasta	99.9142	1686	1727
X82-8P_C1.fasta	Tu-11.fasta	99.9117	1626	1727
X82-8P_C1.fasta	75-3.fasta	99.9052	1583	1727
X82-8P_C1.fasta	Tu-06.fasta	99.8993	1623	1727
X82-8P_C1.fasta	87-21.fasta	99.8991	1601	1727
X82-8P_C1.fasta	WHRI_8301.fasta	99.8941	1644	1727
X82-8P_C1.fasta	Tabasco1.fasta	99.8821	1640	1727
X82-8P_C1.fasta	69-1.fasta	99.8819	1593	1727
X82-8P_C1.fasta	Xcv_Sspep_92.fasta	99.8591	1614	1727
X82-8P_C1.fasta	Ps-1.fasta	99.8582	1589	1727
X82-8P_C1.fasta	Xv157.fasta	99.8375	1591	1727
X82-8P_C1.fasta	80-5.fasta	99.8332	1635	1727
X82-8P_C1.fasta	89-10.fasta	99.8307	1593	1727
X82-8P_C1.fasta	Xcv_DC_93-7.fasta	99.8255	1604	1727
X82-8P_C1.fasta	DOA-2987.fasta	99.8241	1626	1727
X82-8P_C1.fasta	Xcv_DC_97_P2A.fasta	99.8158	1608	1727
X82-8P_C1.fasta	DOA-2989.fasta	99.8153	1622	1727
X82-8P_C1.fasta	Xcv_DC_93-8.fasta	99.8144	1613	1727
X82-8P_C1.fasta	Xcv_DC_93-9.fasta	99.8135	1605	1727
X82-8P_C1.fasta	Tu-08.fasta	99.8125	1635	1727
X82-8P_C1.fasta	VTM17.fasta	99.8112	1638	1727
X82-8P_C1.fasta	X22.fasta	99.8071	1621	1727
X82-8P_C1.fasta	Xcv_DC_96-2.fasta	99.8066	1624	1727
X82-8P_C1.fasta	VTM12.fasta	99.8054	1635	1727
X82-8P_C1.fasta	DOA-1726.fasta	99.8015	1627	1727
X82-8P_C1.fasta	X31.fasta	99.8003	1621	1727
X82-8P_C1.fasta	DOA-1721.fasta	99.7996	1618	1727
X82-8P_C1.fasta	VTM4.fasta	99.7994	1635	1727
X82-8P_C1.fasta	Xcv_DC_97_P3A.fasta	99.7989	1628	1727
X82-8P_C1.fasta	Xcv_DC_96-4.fasta	99.7955	1618	1727
X82-8P_C1.fasta	87-13.fasta	99.7941	1624	1727
X82-8P_C1.fasta	XCVKK-C-2.fasta	99.7937	1613	1727
X82-8P_C1.fasta	XCVCP-C-43.fasta	99.7915	1613	1727
X82-8P_C1.fasta	Xcv_DC_96-5.fasta	99.7915	1611	1727
X82-8P_C1.fasta	Xcv_DC_96-1.fasta	99.7902	1624	1727
X82-8P_C1.fasta	Xcv_DC_98_P2A.fasta	99.789	1622	1727
X82-8P_C1.fasta	90-13.fasta	99.7851	1616	1727
X82-8P_C1.fasta	Tu-10.fasta	99.7841	1633	1727
X82-8P_C1.fasta	XCVCP-C-51.fasta	99.7825	1614	1727
X82-8P_C1.fasta	20HP1591.fasta	99.7823	1629	1727
X82-8P_C1.fasta	87-7.fasta	99.7822	1608	1727
X82-8P_C1.fasta	LMG_905.fasta	99.782	1439	1727
X82-8P_C1.fasta	62XEKK5.fasta	99.7818	1612	1727
X82-8P_C1.fasta	71-21.fasta	99.7815	1590	1727
X82-8P_C1.fasta	Xcv_DC_93-6.fasta	99.7796	1622	1727
X82-8P_C1.fasta	86-22.fasta	99.7794	1602	1727
X82-8P_C1.fasta	89-16.fasta	99.7792	1631	1727
X82-8P_C1.fasta	DOA-2983.fasta	99.7787	1618	1727
X82-8P_C1.fasta	Xcv_DC_96-3.fasta	99.7782	1613	1727
X82-8P_C1.fasta	VTM10.fasta	99.778	1632	1727
X82-8P_C1.fasta	DOA-2036.fasta	99.7765	1618	1727
X82-8P_C1.fasta	FB570.fasta	99.7764	1607	1727
X82-8P_C1.fasta	VTM15.fasta	99.7754	1633	1727
X82-8P_C1.fasta	XCVKK-C-4.fasta	99.7747	1615	1727
X82-8P_C1.fasta	XCVKK-C-1.fasta	99.7735	1620	1727
X82-8P_C1.fasta	Xcv_DC_97_P1A.fasta	99.7722	1604	1727
X82-8P_C1.fasta	XCVKK-C-3.fasta	99.772	1618	1727
X82-8P_C1.fasta	Xv_72.fasta	99.7718	1640	1727
X82-8P_C1.fasta	Xv_79.fasta	99.7716	1640	1727
X82-8P_C1.fasta	Ps-7.fasta	99.7713	1604	1727
X82-8P_C1.fasta	85-16.fasta	99.7678	1585	1727
X82-8P_C1.fasta	20HP1594.fasta	99.7665	1618	1727
X82-8P_C1.fasta	X13.fasta	99.7656	1618	1727
X82-8P_C1.fasta	DC99P1B1.fasta	99.7609	1619	1727
X82-8P_C1.fasta	DOA-2990.fasta	99.7602	1639	1727
X82-8P_C1.fasta	XCVKK-C-5.fasta	99.7598	1617	1727
X82-8P_C1.fasta	65XENP1.fasta	99.7569	1643	1727
X82-8P_C1.fasta	65XENP3.fasta	99.7513	1638	1727
X82-8P_C1.fasta	65XENP2.fasta	99.7506	1639	1727
X82-8P_C1.fasta	DC99P1A1.fasta	99.7448	1615	1727
X82-8P_C1.fasta	Xe173.fasta	99.7422	1651	1727
X82-8P_C1.fasta	LMG_933.fasta	99.7421	1419	1727
X82-8P_C1.fasta	20HP1613.fasta	99.7412	1641	1727
X82-8P_C1.fasta	VTM16.fasta	99.7389	1647	1727
X82-8P_C1.fasta	83M.fasta	99.73	1502	1727
X82-8P_C1.fasta	85-10.fasta	99.7292	1671	1727
X82-8P_C1.fasta	20HP1615.fasta	99.725	1628	1727
X82-8P_C1.fasta	20HP1608-1.fasta	99.7226	1637	1727
X82-8P_C1.fasta	20HP1609-2.fasta	99.7219	1631	1727
X82-8P_C1.fasta	20HP1614.fasta	99.7179	1634	1727
X82-8P_C1.fasta	20HP1608-2.fasta	99.7169	1634	1727
X82-8P_C1.fasta	86-2.fasta	99.7148	1590	1727
X82-8P_C1.fasta	LMG_667.fasta	99.7139	1499	1727
X82-8P_C1.fasta	LMG_909.fasta	99.7082	1473	1727
X82-8P_C1.fasta	20HP1597.fasta	99.7057	1631	1727
X82-8P_C1.fasta	66b.fasta	99.6906	1505	1727
X82-8P_C1.fasta	87-47.fasta	99.6836	1615	1727
X82-8P_C1.fasta	LMG_27970.fasta	99.536	1148	1727
X82-8P_C2.fasta	X82-8P_C2.fasta	100	1707	1711
X82-8P_C2.fasta	X82-8P_C4.fasta	99.9971	1694	1711
X82-8P_C2.fasta	X82-8P_C1.fasta	99.9965	1699	1711
X82-8P_C2.fasta	X82-8P_C3.fasta	99.9963	1703	1711
X82-8P_C2.fasta	X82-8P.fasta	99.9948	1652	1711
X82-8P_C2.fasta	X82-8P_C6.fasta	99.9947	1698	1711
X82-8P_C2.fasta	X82-8P_C5.fasta	99.9916	1702	1711
X82-8P_C2.fasta	70-7.fasta	99.9704	1632	1711
X82-8P_C2.fasta	69-24.fasta	99.9585	1635	1711
X82-8P_C2.fasta	72-7.fasta	99.9505	1617	1711
X82-8P_C2.fasta	86-46.fasta	99.9484	1600	1711
X82-8P_C2.fasta	ATCC_11633.fasta	99.9464	1603	1711
X82-8P_C2.fasta	LMG_930.fasta	99.9452	1667	1711
X82-8P_C2.fasta	E3.fasta	99.9428	1615	1711
X82-8P_C2.fasta	XVP26.fasta	99.9387	1639	1711
X82-8P_C2.fasta	WHRI_8301.fasta	99.9308	1623	1711
X82-8P_C2.fasta	75-3.fasta	99.9243	1562	1711
X82-8P_C2.fasta	Tu-06.fasta	99.9125	1607	1711
X82-8P_C2.fasta	Tu-11.fasta	99.9089	1616	1711
X82-8P_C2.fasta	87-21.fasta	99.9034	1586	1711
X82-8P_C2.fasta	Tabasco1.fasta	99.8882	1627	1711
X82-8P_C2.fasta	69-1.fasta	99.8865	1576	1711
X82-8P_C2.fasta	Xcv_Sspep_92.fasta	99.8773	1597	1711
X82-8P_C2.fasta	Ps-1.fasta	99.8553	1578	1711
X82-8P_C2.fasta	80-5.fasta	99.8483	1620	1711
X82-8P_C2.fasta	Xv157.fasta	99.8325	1579	1711
X82-8P_C2.fasta	89-10.fasta	99.8317	1579	1711
X82-8P_C2.fasta	Xcv_DC_97_P2A.fasta	99.8253	1594	1711
X82-8P_C2.fasta	Xcv_DC_93-7.fasta	99.8234	1591	1711
X82-8P_C2.fasta	Xcv_DC_93-8.fasta	99.8193	1594	1711
X82-8P_C2.fasta	90-13.fasta	99.8183	1600	1711
X82-8P_C2.fasta	DOA-2987.fasta	99.8158	1607	1711
X82-8P_C2.fasta	VTM17.fasta	99.8153	1626	1711
X82-8P_C2.fasta	Xv_72.fasta	99.8132	1624	1711
X82-8P_C2.fasta	Xcv_DC_93-9.fasta	99.813	1593	1711
X82-8P_C2.fasta	Xcv_DC_97_P3A.fasta	99.8104	1606	1711
X82-8P_C2.fasta	X31.fasta	99.8087	1600	1711
X82-8P_C2.fasta	VTM12.fasta	99.8079	1622	1711
X82-8P_C2.fasta	DOA-1721.fasta	99.807	1599	1711
X82-8P_C2.fasta	DOA-2989.fasta	99.8062	1604	1711
X82-8P_C2.fasta	89-16.fasta	99.806	1612	1711
X82-8P_C2.fasta	DOA-1726.fasta	99.8023	1610	1711
X82-8P_C2.fasta	VTM4.fasta	99.8019	1618	1711
X82-8P_C2.fasta	Tu-08.fasta	99.7991	1623	1711
X82-8P_C2.fasta	X22.fasta	99.7949	1603	1711
X82-8P_C2.fasta	87-7.fasta	99.7944	1591	1711
X82-8P_C2.fasta	Xcv_DC_96-1.fasta	99.7932	1611	1711
X82-8P_C2.fasta	87-13.fasta	99.7902	1607	1711
X82-8P_C2.fasta	Xcv_DC_98_P2A.fasta	99.7902	1608	1711
X82-8P_C2.fasta	Xv_79.fasta	99.7893	1625	1711
X82-8P_C2.fasta	Xcv_DC_96-4.fasta	99.7878	1606	1711
X82-8P_C2.fasta	VTM10.fasta	99.7874	1615	1711
X82-8P_C2.fasta	Xcv_DC_93-6.fasta	99.7869	1608	1711
X82-8P_C2.fasta	Xcv_DC_97_P1A.fasta	99.7865	1585	1711
X82-8P_C2.fasta	XCVCP-C-51.fasta	99.7861	1596	1711
X82-8P_C2.fasta	XCVKK-C-2.fasta	99.7842	1593	1711
X82-8P_C2.fasta	Xcv_DC_96-2.fasta	99.7832	1614	1711
X82-8P_C2.fasta	VTM15.fasta	99.783	1615	1711
X82-8P_C2.fasta	Tu-10.fasta	99.7823	1615	1711
X82-8P_C2.fasta	62XEKK5.fasta	99.7823	1596	1711
X82-8P_C2.fasta	86-22.fasta	99.7818	1585	1711
X82-8P_C2.fasta	XCVKK-C-5.fasta	99.7815	1594	1711
X82-8P_C2.fasta	DC99P1B1.fasta	99.7813	1602	1711
X82-8P_C2.fasta	XCVKK-C-3.fasta	99.7807	1597	1711
X82-8P_C2.fasta	DOA-2983.fasta	99.7805	1598	1711
X82-8P_C2.fasta	DOA-2036.fasta	99.7804	1595	1711
X82-8P_C2.fasta	85-16.fasta	99.7796	1583	1711
X82-8P_C2.fasta	XCVKK-C-4.fasta	99.7787	1597	1711
X82-8P_C2.fasta	DC99P1A1.fasta	99.7776	1597	1711
X82-8P_C2.fasta	XCVCP-C-43.fasta	99.7772	1597	1711
X82-8P_C2.fasta	FB570.fasta	99.7769	1595	1711
X82-8P_C2.fasta	Xcv_DC_96-3.fasta	99.7756	1598	1711
X82-8P_C2.fasta	XCVKK-C-1.fasta	99.7747	1601	1711
X82-8P_C2.fasta	Xcv_DC_96-5.fasta	99.7743	1600	1711
X82-8P_C2.fasta	20HP1594.fasta	99.7741	1601	1711
X82-8P_C2.fasta	20HP1591.fasta	99.7707	1612	1711
X82-8P_C2.fasta	71-21.fasta	99.7699	1582	1711
X82-8P_C2.fasta	Ps-7.fasta	99.7675	1594	1711
X82-8P_C2.fasta	X13.fasta	99.7637	1599	1711
X82-8P_C2.fasta	65XENP3.fasta	99.756	1623	1711
X82-8P_C2.fasta	85-10.fasta	99.7555	1654	1711
X82-8P_C2.fasta	LMG_905.fasta	99.7554	1434	1711
X82-8P_C2.fasta	DOA-2990.fasta	99.7549	1623	1711
X82-8P_C2.fasta	Xe173.fasta	99.7546	1634	1711
X82-8P_C2.fasta	65XENP1.fasta	99.7535	1625	1711
X82-8P_C2.fasta	20HP1613.fasta	99.7529	1624	1711
X82-8P_C2.fasta	65XENP2.fasta	99.7517	1623	1711
X82-8P_C2.fasta	86-2.fasta	99.7373	1579	1711
X82-8P_C2.fasta	LMG_667.fasta	99.7347	1488	1711
X82-8P_C2.fasta	LMG_933.fasta	99.7321	1417	1711
X82-8P_C2.fasta	LMG_909.fasta	99.7169	1459	1711
X82-8P_C2.fasta	VTM16.fasta	99.714	1633	1711
X82-8P_C2.fasta	20HP1609-2.fasta	99.7106	1615	1711
X82-8P_C2.fasta	20HP1608-1.fasta	99.7073	1623	1711
X82-8P_C2.fasta	87-47.fasta	99.7066	1600	1711
X82-8P_C2.fasta	20HP1614.fasta	99.7038	1619	1711
X82-8P_C2.fasta	20HP1615.fasta	99.7023	1611	1711
X82-8P_C2.fasta	83M.fasta	99.699	1486	1711
X82-8P_C2.fasta	20HP1608-2.fasta	99.6939	1616	1711
X82-8P_C2.fasta	20HP1597.fasta	99.6936	1610	1711
X82-8P_C2.fasta	66b.fasta	99.6926	1489	1711
X82-8P_C2.fasta	LMG_27970.fasta	99.5266	1141	1711
X82-8P_C3.fasta	X82-8P_C3.fasta	100	1725	1728
X82-8P_C3.fasta	X82-8P.fasta	99.9972	1665	1728
X82-8P_C3.fasta	X82-8P_C1.fasta	99.9971	1713	1728
X82-8P_C3.fasta	X82-8P_C2.fasta	99.9966	1700	1728
X82-8P_C3.fasta	X82-8P_C4.fasta	99.994	1709	1728
X82-8P_C3.fasta	X82-8P_C6.fasta	99.9937	1714	1728
X82-8P_C3.fasta	X82-8P_C5.fasta	99.9918	1716	1728
X82-8P_C3.fasta	70-7.fasta	99.9749	1646	1728
X82-8P_C3.fasta	69-24.fasta	99.9652	1650	1728
X82-8P_C3.fasta	72-7.fasta	99.9607	1631	1728
X82-8P_C3.fasta	E3.fasta	99.9489	1630	1728
X82-8P_C3.fasta	XVP26.fasta	99.9433	1647	1728
X82-8P_C3.fasta	ATCC_11633.fasta	99.9395	1620	1728
X82-8P_C3.fasta	86-46.fasta	99.9385	1618	1728
X82-8P_C3.fasta	LMG_930.fasta	99.9214	1689	1728
X82-8P_C3.fasta	75-3.fasta	99.9135	1581	1728
X82-8P_C3.fasta	Tu-11.fasta	99.91	1627	1728
X82-8P_C3.fasta	WHRI_8301.fasta	99.909	1644	1728
X82-8P_C3.fasta	Tu-06.fasta	99.8996	1622	1728
X82-8P_C3.fasta	87-21.fasta	99.8986	1601	1728
X82-8P_C3.fasta	69-1.fasta	99.885	1595	1728
X82-8P_C3.fasta	Tabasco1.fasta	99.8802	1645	1728
X82-8P_C3.fasta	Xcv_Sspep_92.fasta	99.8573	1612	1728
X82-8P_C3.fasta	Ps-1.fasta	99.8539	1591	1728
X82-8P_C3.fasta	Xv157.fasta	99.8488	1590	1728
X82-8P_C3.fasta	80-5.fasta	99.8408	1634	1728
X82-8P_C3.fasta	89-10.fasta	99.8378	1591	1728
X82-8P_C3.fasta	Xcv_DC_93-7.fasta	99.8253	1605	1728
X82-8P_C3.fasta	DOA-2987.fasta	99.8247	1622	1728
X82-8P_C3.fasta	Xcv_DC_97_P2A.fasta	99.8183	1610	1728
X82-8P_C3.fasta	Xv_72.fasta	99.8139	1636	1728
X82-8P_C3.fasta	DOA-2989.fasta	99.8125	1621	1728
X82-8P_C3.fasta	Xcv_DC_93-9.fasta	99.8121	1604	1728
X82-8P_C3.fasta	Tu-08.fasta	99.8087	1634	1728
X82-8P_C3.fasta	Xcv_DC_93-8.fasta	99.8083	1611	1728
X82-8P_C3.fasta	X22.fasta	99.806	1620	1728
X82-8P_C3.fasta	VTM12.fasta	99.8059	1638	1728
X82-8P_C3.fasta	Xcv_DC_96-1.fasta	99.8043	1624	1728
X82-8P_C3.fasta	X31.fasta	99.8032	1620	1728
X82-8P_C3.fasta	Xcv_DC_96-4.fasta	99.8031	1620	1728
X82-8P_C3.fasta	XCVKK-C-2.fasta	99.803	1612	1728
X82-8P_C3.fasta	VTM17.fasta	99.8029	1641	1728
X82-8P_C3.fasta	Xcv_DC_97_P3A.fasta	99.8014	1623	1728
X82-8P_C3.fasta	DOA-1726.fasta	99.8006	1626	1728
X82-8P_C3.fasta	Xcv_DC_96-2.fasta	99.8005	1626	1728
X82-8P_C3.fasta	XCVCP-C-43.fasta	99.8001	1613	1728
X82-8P_C3.fasta	87-7.fasta	99.7999	1606	1728
X82-8P_C3.fasta	DOA-1721.fasta	99.7998	1618	1728
X82-8P_C3.fasta	VTM4.fasta	99.7989	1637	1728
X82-8P_C3.fasta	Xcv_DC_93-6.fasta	99.7966	1621	1728
X82-8P_C3.fasta	Xcv_DC_98_P2A.fasta	99.7961	1625	1728
X82-8P_C3.fasta	89-16.fasta	99.7953	1629	1728
X82-8P_C3.fasta	62XEKK5.fasta	99.7931	1611	1728
X82-8P_C3.fasta	XCVCP-C-51.fasta	99.7926	1617	1728
X82-8P_C3.fasta	Xv_79.fasta	99.7919	1639	1728
X82-8P_C3.fasta	XCVKK-C-3.fasta	99.7879	1611	1728
X82-8P_C3.fasta	XCVKK-C-4.fasta	99.7859	1613	1728
X82-8P_C3.fasta	Tu-10.fasta	99.7854	1629	1728
X82-8P_C3.fasta	Xcv_DC_97_P1A.fasta	99.7845	1605	1728
X82-8P_C3.fasta	XCVKK-C-1.fasta	99.7842	1619	1728
X82-8P_C3.fasta	Xcv_DC_96-5.fasta	99.7838	1614	1728
X82-8P_C3.fasta	86-22.fasta	99.7835	1602	1728
X82-8P_C3.fasta	20HP1591.fasta	99.7829	1627	1728
X82-8P_C3.fasta	DOA-2983.fasta	99.7816	1615	1728
X82-8P_C3.fasta	DC99P1B1.fasta	99.7811	1618	1728
X82-8P_C3.fasta	FB570.fasta	99.781	1610	1728
X82-8P_C3.fasta	VTM10.fasta	99.7807	1631	1728
X82-8P_C3.fasta	DOA-2036.fasta	99.7785	1616	1728
X82-8P_C3.fasta	VTM15.fasta	99.7772	1633	1728
X82-8P_C3.fasta	Ps-7.fasta	99.7769	1608	1728
X82-8P_C3.fasta	XCVKK-C-5.fasta	99.7764	1610	1728
X82-8P_C3.fasta	90-13.fasta	99.7756	1619	1728
X82-8P_C3.fasta	X13.fasta	99.7704	1618	1728
X82-8P_C3.fasta	Xcv_DC_96-3.fasta	99.7694	1613	1728
X82-8P_C3.fasta	71-21.fasta	99.769	1595	1728
X82-8P_C3.fasta	87-13.fasta	99.7683	1625	1728
X82-8P_C3.fasta	DC99P1A1.fasta	99.7681	1615	1728
X82-8P_C3.fasta	85-16.fasta	99.7671	1586	1728
X82-8P_C3.fasta	20HP1594.fasta	99.7647	1619	1728
X82-8P_C3.fasta	DOA-2990.fasta	99.7545	1639	1728
X82-8P_C3.fasta	Xe173.fasta	99.7513	1651	1728
X82-8P_C3.fasta	LMG_905.fasta	99.7492	1452	1728
X82-8P_C3.fasta	85-10.fasta	99.7474	1668	1728
X82-8P_C3.fasta	65XENP1.fasta	99.746	1643	1728
X82-8P_C3.fasta	65XENP2.fasta	99.7454	1642	1728
X82-8P_C3.fasta	20HP1613.fasta	99.7435	1641	1728
X82-8P_C3.fasta	65XENP3.fasta	99.7422	1642	1728
X82-8P_C3.fasta	86-2.fasta	99.7378	1588	1728
X82-8P_C3.fasta	LMG_933.fasta	99.7309	1426	1728
X82-8P_C3.fasta	LMG_667.fasta	99.7295	1500	1728
X82-8P_C3.fasta	87-47.fasta	99.7275	1610	1728
X82-8P_C3.fasta	20HP1609-2.fasta	99.7226	1631	1728
X82-8P_C3.fasta	20HP1608-1.fasta	99.7213	1636	1728
X82-8P_C3.fasta	VTM16.fasta	99.7198	1651	1728
X82-8P_C3.fasta	20HP1608-2.fasta	99.7184	1633	1728
X82-8P_C3.fasta	20HP1614.fasta	99.7161	1636	1728
X82-8P_C3.fasta	LMG_909.fasta	99.7142	1478	1728
X82-8P_C3.fasta	83M.fasta	99.711	1499	1728
X82-8P_C3.fasta	20HP1615.fasta	99.7009	1629	1728
X82-8P_C3.fasta	20HP1597.fasta	99.7002	1627	1728
X82-8P_C3.fasta	66b.fasta	99.6931	1504	1728
X82-8P_C3.fasta	LMG_27970.fasta	99.5311	1151	1728
X82-8P_C4.fasta	X82-8P_C4.fasta	100	1719	1722
X82-8P_C4.fasta	X82-8P_C6.fasta	99.9992	1712	1722
X82-8P_C4.fasta	X82-8P_C5.fasta	99.9979	1714	1722
X82-8P_C4.fasta	X82-8P.fasta	99.9977	1662	1722
X82-8P_C4.fasta	X82-8P_C1.fasta	99.9963	1713	1722
X82-8P_C4.fasta	X82-8P_C3.fasta	99.9949	1714	1722
X82-8P_C4.fasta	X82-8P_C2.fasta	99.9915	1700	1722
X82-8P_C4.fasta	70-7.fasta	99.9708	1646	1722
X82-8P_C4.fasta	69-24.fasta	99.9698	1645	1722
X82-8P_C4.fasta	72-7.fasta	99.9605	1628	1722
X82-8P_C4.fasta	XVP26.fasta	99.9466	1644	1722
X82-8P_C4.fasta	E3.fasta	99.9347	1628	1722
X82-8P_C4.fasta	ATCC_11633.fasta	99.918	1617	1722
X82-8P_C4.fasta	Tu-06.fasta	99.9126	1614	1722
X82-8P_C4.fasta	86-46.fasta	99.9125	1617	1722
X82-8P_C4.fasta	Tu-11.fasta	99.9121	1621	1722
X82-8P_C4.fasta	LMG_930.fasta	99.909	1680	1722
X82-8P_C4.fasta	75-3.fasta	99.9063	1573	1722
X82-8P_C4.fasta	87-21.fasta	99.9014	1592	1722
X82-8P_C4.fasta	WHRI_8301.fasta	99.8981	1638	1722
X82-8P_C4.fasta	Tabasco1.fasta	99.8971	1633	1722
X82-8P_C4.fasta	69-1.fasta	99.8867	1582	1722
X82-8P_C4.fasta	Xcv_Sspep_92.fasta	99.8589	1607	1722
X82-8P_C4.fasta	80-5.fasta	99.8476	1627	1722
X82-8P_C4.fasta	Ps-1.fasta	99.844	1590	1722
X82-8P_C4.fasta	Xv157.fasta	99.8292	1586	1722
X82-8P_C4.fasta	DOA-2987.fasta	99.8272	1618	1722
X82-8P_C4.fasta	Tu-08.fasta	99.8214	1630	1722
X82-8P_C4.fasta	89-10.fasta	99.8197	1587	1722
X82-8P_C4.fasta	Xcv_DC_97_P2A.fasta	99.818	1604	1722
X82-8P_C4.fasta	Xcv_DC_93-7.fasta	99.8156	1600	1722
X82-8P_C4.fasta	VTM17.fasta	99.8143	1634	1722
X82-8P_C4.fasta	DOA-2989.fasta	99.8137	1618	1722
X82-8P_C4.fasta	Xcv_DC_93-8.fasta	99.8137	1605	1722
X82-8P_C4.fasta	VTM12.fasta	99.8097	1629	1722
X82-8P_C4.fasta	DOA-1726.fasta	99.809	1618	1722
X82-8P_C4.fasta	X31.fasta	99.8086	1613	1722
X82-8P_C4.fasta	X22.fasta	99.8083	1616	1722
X82-8P_C4.fasta	Xcv_DC_93-9.fasta	99.8066	1602	1722
X82-8P_C4.fasta	XCVKK-C-2.fasta	99.8019	1605	1722
X82-8P_C4.fasta	DOA-1721.fasta	99.8015	1613	1722
X82-8P_C4.fasta	Xcv_DC_96-2.fasta	99.7994	1619	1722
X82-8P_C4.fasta	VTM10.fasta	99.7993	1623	1722
X82-8P_C4.fasta	XCVCP-C-43.fasta	99.799	1607	1722
X82-8P_C4.fasta	Xcv_DC_97_P3A.fasta	99.7981	1618	1722
X82-8P_C4.fasta	62XEKK5.fasta	99.7963	1606	1722
X82-8P_C4.fasta	VTM4.fasta	99.7921	1630	1722
X82-8P_C4.fasta	DOA-2983.fasta	99.7913	1608	1722
X82-8P_C4.fasta	XCVCP-C-51.fasta	99.791	1609	1722
X82-8P_C4.fasta	20HP1591.fasta	99.79	1622	1722
X82-8P_C4.fasta	XCVKK-C-3.fasta	99.7879	1609	1722
X82-8P_C4.fasta	89-16.fasta	99.7878	1622	1722
X82-8P_C4.fasta	Tu-10.fasta	99.7872	1621	1722
X82-8P_C4.fasta	Xcv_DC_96-5.fasta	99.7859	1607	1722
X82-8P_C4.fasta	Xcv_DC_96-1.fasta	99.7856	1620	1722
X82-8P_C4.fasta	DOA-2036.fasta	99.7845	1609	1722
X82-8P_C4.fasta	XCVKK-C-1.fasta	99.7835	1612	1722
X82-8P_C4.fasta	Xcv_DC_96-4.fasta	99.7833	1616	1722
X82-8P_C4.fasta	Xcv_DC_96-3.fasta	99.7831	1607	1722
X82-8P_C4.fasta	87-7.fasta	99.7809	1603	1722
X82-8P_C4.fasta	87-13.fasta	99.7806	1619	1722
X82-8P_C4.fasta	VTM15.fasta	99.7796	1622	1722
X82-8P_C4.fasta	Xcv_DC_98_P2A.fasta	99.7794	1619	1722
X82-8P_C4.fasta	Xcv_DC_93-6.fasta	99.7751	1619	1722
X82-8P_C4.fasta	Xcv_DC_97_P1A.fasta	99.7746	1598	1722
X82-8P_C4.fasta	X13.fasta	99.7744	1612	1722
X82-8P_C4.fasta	Xv_72.fasta	99.774	1633	1722
X82-8P_C4.fasta	Xv_79.fasta	99.7723	1634	1722
X82-8P_C4.fasta	86-22.fasta	99.7713	1599	1722
X82-8P_C4.fasta	XCVKK-C-4.fasta	99.7711	1608	1722
X82-8P_C4.fasta	DC99P1B1.fasta	99.7679	1611	1722
X82-8P_C4.fasta	FB570.fasta	99.7664	1606	1722
X82-8P_C4.fasta	71-21.fasta	99.7634	1591	1722
X82-8P_C4.fasta	XCVKK-C-5.fasta	99.7633	1609	1722
X82-8P_C4.fasta	90-13.fasta	99.7616	1611	1722
X82-8P_C4.fasta	Ps-7.fasta	99.7611	1603	1722
X82-8P_C4.fasta	LMG_905.fasta	99.7593	1448	1722
X82-8P_C4.fasta	DOA-2990.fasta	99.758	1633	1722
X82-8P_C4.fasta	Xe173.fasta	99.7557	1644	1722
X82-8P_C4.fasta	20HP1613.fasta	99.7515	1632	1722
X82-8P_C4.fasta	20HP1594.fasta	99.7514	1615	1722
X82-8P_C4.fasta	DC99P1A1.fasta	99.7513	1608	1722
X82-8P_C4.fasta	65XENP1.fasta	99.7506	1636	1722
X82-8P_C4.fasta	65XENP3.fasta	99.7448	1633	1722
X82-8P_C4.fasta	65XENP2.fasta	99.7445	1635	1722
X82-8P_C4.fasta	LMG_933.fasta	99.7399	1423	1722
X82-8P_C4.fasta	85-10.fasta	99.738	1664	1722
X82-8P_C4.fasta	85-16.fasta	99.7295	1585	1722
X82-8P_C4.fasta	20HP1608-1.fasta	99.7286	1629	1722
X82-8P_C4.fasta	20HP1609-2.fasta	99.7283	1625	1722
X82-8P_C4.fasta	20HP1608-2.fasta	99.7239	1625	1722
X82-8P_C4.fasta	VTM16.fasta	99.7238	1640	1722
X82-8P_C4.fasta	20HP1615.fasta	99.7229	1619	1722
X82-8P_C4.fasta	20HP1614.fasta	99.7217	1630	1722
X82-8P_C4.fasta	LMG_909.fasta	99.7191	1465	1722
X82-8P_C4.fasta	83M.fasta	99.7174	1500	1722
X82-8P_C4.fasta	LMG_667.fasta	99.7142	1502	1722
X82-8P_C4.fasta	20HP1597.fasta	99.7087	1623	1722
X82-8P_C4.fasta	86-2.fasta	99.7034	1590	1722
X82-8P_C4.fasta	87-47.fasta	99.6916	1605	1722
X82-8P_C4.fasta	66b.fasta	99.6713	1502	1722
X82-8P_C4.fasta	LMG_27970.fasta	99.5155	1149	1722
X82-8P_C5.fasta	X82-8P_C5.fasta	100	1727	1729
X82-8P_C5.fasta	X82-8P_C6.fasta	99.9993	1717	1729
X82-8P_C5.fasta	X82-8P_C4.fasta	99.9979	1710	1729
X82-8P_C5.fasta	X82-8P_C1.fasta	99.9969	1715	1729
X82-8P_C5.fasta	X82-8P_C3.fasta	99.9965	1716	1729
X82-8P_C5.fasta	X82-8P.fasta	99.9953	1663	1729
X82-8P_C5.fasta	X82-8P_C2.fasta	99.9821	1704	1729
X82-8P_C5.fasta	70-7.fasta	99.9705	1646	1729
X82-8P_C5.fasta	69-24.fasta	99.9588	1648	1729
X82-8P_C5.fasta	72-7.fasta	99.9545	1633	1729
X82-8P_C5.fasta	E3.fasta	99.9476	1627	1729
X82-8P_C5.fasta	XVP26.fasta	99.9363	1657	1729
X82-8P_C5.fasta	ATCC_11633.fasta	99.9307	1620	1729
X82-8P_C5.fasta	LMG_930.fasta	99.9245	1687	1729
X82-8P_C5.fasta	86-46.fasta	99.9236	1612	1729
X82-8P_C5.fasta	WHRI_8301.fasta	99.9137	1640	1729
X82-8P_C5.fasta	75-3.fasta	99.9118	1573	1729
X82-8P_C5.fasta	Tu-11.fasta	99.9115	1628	1729
X82-8P_C5.fasta	Tu-06.fasta	99.9026	1621	1729
X82-8P_C5.fasta	87-21.fasta	99.9014	1595	1729
X82-8P_C5.fasta	69-1.fasta	99.8817	1595	1729
X82-8P_C5.fasta	Tabasco1.fasta	99.877	1639	1729
X82-8P_C5.fasta	Xcv_Sspep_92.fasta	99.8518	1611	1729
X82-8P_C5.fasta	Xv157.fasta	99.8437	1592	1729
X82-8P_C5.fasta	Ps-1.fasta	99.8435	1594	1729
X82-8P_C5.fasta	80-5.fasta	99.8397	1633	1729
X82-8P_C5.fasta	89-10.fasta	99.8369	1589	1729
X82-8P_C5.fasta	DOA-2987.fasta	99.831	1620	1729
X82-8P_C5.fasta	DOA-2989.fasta	99.8201	1622	1729
X82-8P_C5.fasta	Xcv_DC_97_P2A.fasta	99.8188	1611	1729
X82-8P_C5.fasta	Tu-08.fasta	99.8145	1640	1729
X82-8P_C5.fasta	VTM12.fasta	99.8108	1636	1729
X82-8P_C5.fasta	Xcv_DC_93-7.fasta	99.8093	1601	1729
X82-8P_C5.fasta	Xcv_DC_96-4.fasta	99.808	1615	1729
X82-8P_C5.fasta	Xcv_DC_93-8.fasta	99.8066	1606	1729
X82-8P_C5.fasta	Xv_72.fasta	99.8066	1631	1729
X82-8P_C5.fasta	X22.fasta	99.8062	1620	1729
X82-8P_C5.fasta	Xcv_DC_98_P2A.fasta	99.8055	1619	1729
X82-8P_C5.fasta	Xcv_DC_96-1.fasta	99.8049	1624	1729
X82-8P_C5.fasta	XCVKK-C-2.fasta	99.8038	1608	1729
X82-8P_C5.fasta	Xcv_DC_96-2.fasta	99.8036	1626	1729
X82-8P_C5.fasta	Xcv_DC_93-9.fasta	99.8032	1605	1729
X82-8P_C5.fasta	VTM4.fasta	99.8015	1636	1729
X82-8P_C5.fasta	Xcv_DC_97_P3A.fasta	99.8014	1624	1729
X82-8P_C5.fasta	87-7.fasta	99.8001	1609	1729
X82-8P_C5.fasta	XCVCP-C-43.fasta	99.7993	1611	1729
X82-8P_C5.fasta	Xcv_DC_93-6.fasta	99.7978	1620	1729
X82-8P_C5.fasta	62XEKK5.fasta	99.7976	1612	1729
X82-8P_C5.fasta	VTM17.fasta	99.7967	1641	1729
X82-8P_C5.fasta	89-16.fasta	99.7956	1629	1729
X82-8P_C5.fasta	XCVKK-C-3.fasta	99.794	1614	1729
X82-8P_C5.fasta	XCVCP-C-51.fasta	99.7938	1614	1729
X82-8P_C5.fasta	DOA-2983.fasta	99.7912	1614	1729
X82-8P_C5.fasta	X31.fasta	99.7897	1621	1729
X82-8P_C5.fasta	DOA-1726.fasta	99.7892	1629	1729
X82-8P_C5.fasta	FB570.fasta	99.7872	1609	1729
X82-8P_C5.fasta	Xcv_DC_96-5.fasta	99.7865	1611	1729
X82-8P_C5.fasta	Tu-10.fasta	99.7862	1627	1729
X82-8P_C5.fasta	Ps-7.fasta	99.7852	1603	1729
X82-8P_C5.fasta	DOA-2036.fasta	99.7851	1613	1729
X82-8P_C5.fasta	XCVKK-C-4.fasta	99.785	1614	1729
X82-8P_C5.fasta	XCVKK-C-5.fasta	99.7835	1613	1729
X82-8P_C5.fasta	VTM10.fasta	99.7833	1632	1729
X82-8P_C5.fasta	DOA-1721.fasta	99.7831	1619	1729
X82-8P_C5.fasta	XCVKK-C-1.fasta	99.7824	1618	1729
X82-8P_C5.fasta	Xv_79.fasta	99.7821	1631	1729
X82-8P_C5.fasta	20HP1591.fasta	99.7765	1631	1729
X82-8P_C5.fasta	Xcv_DC_97_P1A.fasta	99.7763	1600	1729
X82-8P_C5.fasta	90-13.fasta	99.7753	1623	1729
X82-8P_C5.fasta	DC99P1B1.fasta	99.7741	1617	1729
X82-8P_C5.fasta	87-13.fasta	99.7724	1626	1729
X82-8P_C5.fasta	X13.fasta	99.7721	1617	1729
X82-8P_C5.fasta	Xcv_DC_96-3.fasta	99.7708	1612	1729
X82-8P_C5.fasta	85-16.fasta	99.7686	1578	1729
X82-8P_C5.fasta	20HP1594.fasta	99.7675	1616	1729
X82-8P_C5.fasta	86-22.fasta	99.7671	1599	1729
X82-8P_C5.fasta	71-21.fasta	99.7668	1590	1729
X82-8P_C5.fasta	LMG_905.fasta	99.7657	1441	1729
X82-8P_C5.fasta	VTM15.fasta	99.7613	1633	1729
X82-8P_C5.fasta	Xe173.fasta	99.7541	1651	1729
X82-8P_C5.fasta	LMG_933.fasta	99.7513	1423	1729
X82-8P_C5.fasta	DOA-2990.fasta	99.7474	1642	1729
X82-8P_C5.fasta	DC99P1A1.fasta	99.7443	1615	1729
X82-8P_C5.fasta	20HP1613.fasta	99.7381	1642	1729
X82-8P_C5.fasta	85-10.fasta	99.7375	1669	1729
X82-8P_C5.fasta	65XENP2.fasta	99.7349	1640	1729
X82-8P_C5.fasta	65XENP3.fasta	99.7348	1640	1729
X82-8P_C5.fasta	65XENP1.fasta	99.7338	1641	1729
X82-8P_C5.fasta	LMG_667.fasta	99.7305	1506	1729
X82-8P_C5.fasta	LMG_909.fasta	99.7212	1472	1729
X82-8P_C5.fasta	86-2.fasta	99.7198	1590	1729
X82-8P_C5.fasta	87-47.fasta	99.7128	1611	1729
X82-8P_C5.fasta	VTM16.fasta	99.7053	1647	1729
X82-8P_C5.fasta	83M.fasta	99.6993	1502	1729
X82-8P_C5.fasta	66b.fasta	99.699	1497	1729
X82-8P_C5.fasta	20HP1608-1.fasta	99.6973	1640	1729
X82-8P_C5.fasta	20HP1609-2.fasta	99.6956	1634	1729
X82-8P_C5.fasta	20HP1608-2.fasta	99.6941	1634	1729
X82-8P_C5.fasta	20HP1615.fasta	99.693	1626	1729
X82-8P_C5.fasta	20HP1614.fasta	99.6916	1634	1729
X82-8P_C5.fasta	20HP1597.fasta	99.69	1627	1729
X82-8P_C5.fasta	LMG_27970.fasta	99.525	1150	1729
X82-8P_C6.fasta	X82-8P_C6.fasta	100	1725	1729
X82-8P_C6.fasta	X82-8P_C5.fasta	99.9954	1721	1729
X82-8P_C6.fasta	X82-8P_C4.fasta	99.9952	1710	1729
X82-8P_C6.fasta	X82-8P_C1.fasta	99.994	1717	1729
X82-8P_C6.fasta	X82-8P_C3.fasta	99.9906	1718	1729
X82-8P_C6.fasta	X82-8P_C2.fasta	99.9902	1704	1729
X82-8P_C6.fasta	X82-8P.fasta	99.9833	1664	1729
X82-8P_C6.fasta	69-24.fasta	99.9633	1648	1729
X82-8P_C6.fasta	70-7.fasta	99.963	1648	1729
X82-8P_C6.fasta	72-7.fasta	99.9522	1633	1729
X82-8P_C6.fasta	XVP26.fasta	99.9389	1655	1729
X82-8P_C6.fasta	86-46.fasta	99.9346	1618	1729
X82-8P_C6.fasta	E3.fasta	99.9343	1632	1729
X82-8P_C6.fasta	ATCC_11633.fasta	99.9253	1621	1729
X82-8P_C6.fasta	LMG_930.fasta	99.9078	1686	1729
X82-8P_C6.fasta	Tu-11.fasta	99.906	1627	1729
X82-8P_C6.fasta	Tu-06.fasta	99.9009	1622	1729
X82-8P_C6.fasta	75-3.fasta	99.9009	1581	1729
X82-8P_C6.fasta	Tabasco1.fasta	99.897	1638	1729
X82-8P_C6.fasta	WHRI_8301.fasta	99.8843	1643	1729
X82-8P_C6.fasta	87-21.fasta	99.8803	1602	1729
X82-8P_C6.fasta	69-1.fasta	99.8764	1590	1729
X82-8P_C6.fasta	Xcv_Sspep_92.fasta	99.8427	1614	1729
X82-8P_C6.fasta	Ps-1.fasta	99.8422	1593	1729
X82-8P_C6.fasta	80-5.fasta	99.838	1635	1729
X82-8P_C6.fasta	DOA-2987.fasta	99.8331	1619	1729
X82-8P_C6.fasta	89-10.fasta	99.8275	1594	1729
X82-8P_C6.fasta	Xv157.fasta	99.826	1595	1729
X82-8P_C6.fasta	Tu-08.fasta	99.824	1637	1729
X82-8P_C6.fasta	DOA-2989.fasta	99.8211	1618	1729
X82-8P_C6.fasta	Xcv_DC_93-7.fasta	99.8191	1606	1729
X82-8P_C6.fasta	VTM17.fasta	99.8141	1640	1729
X82-8P_C6.fasta	Xcv_DC_93-9.fasta	99.8112	1606	1729
X82-8P_C6.fasta	VTM12.fasta	99.81	1637	1729
X82-8P_C6.fasta	X22.fasta	99.8092	1618	1729
X82-8P_C6.fasta	X31.fasta	99.8068	1617	1729
X82-8P_C6.fasta	Xcv_DC_93-8.fasta	99.8052	1612	1729
X82-8P_C6.fasta	Xcv_DC_97_P2A.fasta	99.8051	1611	1729
X82-8P_C6.fasta	VTM4.fasta	99.8041	1635	1729
X82-8P_C6.fasta	DOA-1721.fasta	99.8017	1616	1729
X82-8P_C6.fasta	XCVKK-C-2.fasta	99.8005	1610	1729
X82-8P_C6.fasta	DOA-1726.fasta	99.7992	1625	1729
X82-8P_C6.fasta	XCVCP-C-43.fasta	99.7981	1611	1729
X82-8P_C6.fasta	VTM10.fasta	99.7957	1630	1729
X82-8P_C6.fasta	Xcv_DC_96-2.fasta	99.7948	1627	1729
X82-8P_C6.fasta	89-16.fasta	99.793	1627	1729
X82-8P_C6.fasta	VTM15.fasta	99.792	1631	1729
X82-8P_C6.fasta	20HP1591.fasta	99.7898	1626	1729
X82-8P_C6.fasta	62XEKK5.fasta	99.7883	1611	1729
X82-8P_C6.fasta	Xcv_DC_96-3.fasta	99.7882	1609	1729
X82-8P_C6.fasta	Tu-10.fasta	99.7864	1629	1729
X82-8P_C6.fasta	DOA-2036.fasta	99.7861	1611	1729
X82-8P_C6.fasta	Xcv_DC_96-5.fasta	99.7844	1613	1729
X82-8P_C6.fasta	XCVKK-C-1.fasta	99.7843	1614	1729
X82-8P_C6.fasta	71-21.fasta	99.7841	1591	1729
X82-8P_C6.fasta	XCVCP-C-51.fasta	99.7832	1612	1729
X82-8P_C6.fasta	XCVKK-C-4.fasta	99.783	1614	1729
X82-8P_C6.fasta	Xcv_DC_97_P1A.fasta	99.7819	1601	1729
X82-8P_C6.fasta	Xcv_DC_93-6.fasta	99.7817	1621	1729
X82-8P_C6.fasta	Xcv_DC_98_P2A.fasta	99.7807	1620	1729
X82-8P_C6.fasta	DOA-2983.fasta	99.78	1614	1729
X82-8P_C6.fasta	Xcv_DC_96-1.fasta	99.7773	1629	1729
X82-8P_C6.fasta	Xcv_DC_96-4.fasta	99.7773	1623	1729
X82-8P_C6.fasta	87-7.fasta	99.7753	1609	1729
X82-8P_C6.fasta	X13.fasta	99.7749	1614	1729
X82-8P_C6.fasta	87-13.fasta	99.7745	1624	1729
X82-8P_C6.fasta	Xcv_DC_97_P3A.fasta	99.7738	1626	1729
X82-8P_C6.fasta	DC99P1B1.fasta	99.7736	1619	1729
X82-8P_C6.fasta	XCVKK-C-3.fasta	99.7735	1613	1729
X82-8P_C6.fasta	20HP1594.fasta	99.7709	1616	1729
X82-8P_C6.fasta	Ps-7.fasta	99.7685	1605	1729
X82-8P_C6.fasta	86-22.fasta	99.7654	1599	1729
X82-8P_C6.fasta	XCVKK-C-5.fasta	99.7625	1612	1729
X82-8P_C6.fasta	DC99P1A1.fasta	99.759	1614	1729
X82-8P_C6.fasta	Xv_72.fasta	99.7581	1644	1729
X82-8P_C6.fasta	DOA-2990.fasta	99.7572	1639	1729
X82-8P_C6.fasta	LMG_905.fasta	99.7564	1450	1729
X82-8P_C6.fasta	Xv_79.fasta	99.7547	1641	1729
X82-8P_C6.fasta	FB570.fasta	99.7546	1615	1729
X82-8P_C6.fasta	Xe173.fasta	99.7522	1651	1729
X82-8P_C6.fasta	90-13.fasta	99.7511	1617	1729
X82-8P_C6.fasta	65XENP1.fasta	99.7464	1642	1729
X82-8P_C6.fasta	LMG_933.fasta	99.7459	1419	1729
X82-8P_C6.fasta	VTM16.fasta	99.7427	1644	1729
X82-8P_C6.fasta	20HP1608-1.fasta	99.7406	1632	1729
X82-8P_C6.fasta	20HP1609-2.fasta	99.7384	1631	1729
X82-8P_C6.fasta	20HP1608-2.fasta	99.7378	1628	1729
X82-8P_C6.fasta	20HP1614.fasta	99.7362	1631	1729
X82-8P_C6.fasta	65XENP2.fasta	99.7358	1641	1729
X82-8P_C6.fasta	20HP1613.fasta	99.735	1639	1729
X82-8P_C6.fasta	65XENP3.fasta	99.7339	1641	1729
X82-8P_C6.fasta	85-10.fasta	99.731	1672	1729
X82-8P_C6.fasta	85-16.fasta	99.7307	1590	1729
X82-8P_C6.fasta	LMG_909.fasta	99.7242	1467	1729
X82-8P_C6.fasta	20HP1615.fasta	99.7228	1624	1729
X82-8P_C6.fasta	20HP1597.fasta	99.7221	1628	1729
X82-8P_C6.fasta	86-2.fasta	99.7141	1590	1729
X82-8P_C6.fasta	LMG_667.fasta	99.7124	1502	1729
X82-8P_C6.fasta	83M.fasta	99.6966	1502	1729
X82-8P_C6.fasta	66b.fasta	99.6891	1506	1729
X82-8P_C6.fasta	87-47.fasta	99.6864	1614	1729
X82-8P_C6.fasta	LMG_27970.fasta	99.5637	1148	1729
XCVCP-C-43.fasta	XCVCP-C-43.fasta	100	1665	1670
XCVCP-C-43.fasta	XCVKK-C-5.fasta	99.9994	1666	1670
XCVCP-C-43.fasta	XCVKK-C-2.fasta	99.9994	1664	1670
XCVCP-C-43.fasta	XCVKK-C-3.fasta	99.9994	1665	1670
XCVCP-C-43.fasta	XCVCP-C-51.fasta	99.9994	1657	1670
XCVCP-C-43.fasta	62XEKK5.fasta	99.9994	1667	1670
XCVCP-C-43.fasta	XCVKK-C-4.fasta	99.9993	1666	1670
XCVCP-C-43.fasta	XCVKK-C-1.fasta	99.9993	1653	1670
XCVCP-C-43.fasta	DOA-2036.fasta	99.9924	1650	1670
XCVCP-C-43.fasta	X31.fasta	99.9901	1641	1670
XCVCP-C-43.fasta	DOA-1721.fasta	99.9894	1640	1670
XCVCP-C-43.fasta	X22.fasta	99.9889	1638	1670
XCVCP-C-43.fasta	DOA-2987.fasta	99.9851	1638	1670
XCVCP-C-43.fasta	DOA-1726.fasta	99.9828	1644	1670
XCVCP-C-43.fasta	DOA-2983.fasta	99.9823	1644	1670
XCVCP-C-43.fasta	Xcv_DC_96-5.fasta	99.9821	1631	1670
XCVCP-C-43.fasta	DOA-2989.fasta	99.9806	1645	1670
XCVCP-C-43.fasta	Tu-10.fasta	99.9804	1635	1670
XCVCP-C-43.fasta	20HP1594.fasta	99.9778	1640	1670
XCVCP-C-43.fasta	20HP1597.fasta	99.9771	1641	1670
XCVCP-C-43.fasta	VTM12.fasta	99.9771	1651	1670
XCVCP-C-43.fasta	20HP1615.fasta	99.9769	1638	1670
XCVCP-C-43.fasta	20HP1591.fasta	99.9761	1642	1670
XCVCP-C-43.fasta	Xe173.fasta	99.9744	1651	1670
XCVCP-C-43.fasta	20HP1609-2.fasta	99.9734	1641	1670
XCVCP-C-43.fasta	20HP1614.fasta	99.9732	1640	1670
XCVCP-C-43.fasta	20HP1608-1.fasta	99.9731	1642	1670
XCVCP-C-43.fasta	VTM4.fasta	99.9728	1650	1670
XCVCP-C-43.fasta	VTM15.fasta	99.9724	1646	1670
XCVCP-C-43.fasta	VTM16.fasta	99.9719	1643	1670
XCVCP-C-43.fasta	Xcv_DC_97_P1A.fasta	99.9719	1618	1670
XCVCP-C-43.fasta	87-13.fasta	99.9717	1625	1670
XCVCP-C-43.fasta	VTM10.fasta	99.9716	1647	1670
XCVCP-C-43.fasta	Xcv_DC_96-3.fasta	99.9701	1626	1670
XCVCP-C-43.fasta	20HP1608-2.fasta	99.9677	1640	1670
XCVCP-C-43.fasta	87-7.fasta	99.9608	1612	1670
XCVCP-C-43.fasta	DC99P1A1.fasta	99.954	1625	1670
XCVCP-C-43.fasta	DC99P1B1.fasta	99.9536	1626	1670
XCVCP-C-43.fasta	Xv157.fasta	99.9534	1602	1670
XCVCP-C-43.fasta	90-13.fasta	99.9459	1621	1670
XCVCP-C-43.fasta	89-10.fasta	99.9399	1602	1670
XCVCP-C-43.fasta	X13.fasta	99.9339	1639	1670
XCVCP-C-43.fasta	87-21.fasta	99.932	1591	1670
XCVCP-C-43.fasta	XVP26.fasta	99.9258	1609	1670
XCVCP-C-43.fasta	Tu-11.fasta	99.9197	1615	1670
XCVCP-C-43.fasta	Tu-06.fasta	99.9193	1614	1670
XCVCP-C-43.fasta	Xcv_DC_97_P2A.fasta	99.919	1602	1670
XCVCP-C-43.fasta	Xcv_Sspep_92.fasta	99.9125	1605	1670
XCVCP-C-43.fasta	69-1.fasta	99.9063	1585	1670
XCVCP-C-43.fasta	Xcv_DC_96-2.fasta	99.9049	1626	1670
XCVCP-C-43.fasta	Ps-1.fasta	99.9013	1580	1670
XCVCP-C-43.fasta	Xcv_DC_93-6.fasta	99.8973	1623	1670
XCVCP-C-43.fasta	Tu-08.fasta	99.897	1639	1670
XCVCP-C-43.fasta	Xcv_DC_96-1.fasta	99.8923	1625	1670
XCVCP-C-43.fasta	Xcv_DC_98_P2A.fasta	99.8906	1625	1670
XCVCP-C-43.fasta	FB570.fasta	99.8889	1611	1670
XCVCP-C-43.fasta	Xcv_DC_96-4.fasta	99.8886	1625	1670
XCVCP-C-43.fasta	Ps-7.fasta	99.8847	1607	1670
XCVCP-C-43.fasta	72-7.fasta	99.8819	1583	1670
XCVCP-C-43.fasta	89-16.fasta	99.8801	1629	1670
XCVCP-C-43.fasta	66b.fasta	99.8737	1515	1670
XCVCP-C-43.fasta	87-47.fasta	99.8722	1611	1670
XCVCP-C-43.fasta	71-21.fasta	99.8703	1591	1670
XCVCP-C-43.fasta	Xcv_DC_93-7.fasta	99.8569	1607	1670
XCVCP-C-43.fasta	Xcv_DC_93-8.fasta	99.855	1616	1670
XCVCP-C-43.fasta	Xcv_DC_93-9.fasta	99.852	1610	1670
XCVCP-C-43.fasta	VTM17.fasta	99.8493	1628	1670
XCVCP-C-43.fasta	86-46.fasta	99.8459	1574	1670
XCVCP-C-43.fasta	20HP1613.fasta	99.8421	1644	1670
XCVCP-C-43.fasta	85-16.fasta	99.8414	1544	1670
XCVCP-C-43.fasta	ATCC_11633.fasta	99.8403	1584	1670
XCVCP-C-43.fasta	Xcv_DC_97_P3A.fasta	99.8349	1612	1670
XCVCP-C-43.fasta	80-5.fasta	99.8336	1614	1670
XCVCP-C-43.fasta	75-3.fasta	99.8318	1561	1670
XCVCP-C-43.fasta	Tabasco1.fasta	99.8267	1615	1670
XCVCP-C-43.fasta	65XENP2.fasta	99.8253	1629	1670
XCVCP-C-43.fasta	65XENP3.fasta	99.8235	1630	1670
XCVCP-C-43.fasta	65XENP1.fasta	99.8232	1630	1670
XCVCP-C-43.fasta	85-10.fasta	99.8195	1617	1670
XCVCP-C-43.fasta	86-22.fasta	99.8194	1564	1670
XCVCP-C-43.fasta	DOA-2990.fasta	99.8172	1630	1670
XCVCP-C-43.fasta	86-2.fasta	99.8139	1560	1670
XCVCP-C-43.fasta	WHRI_8301.fasta	99.8074	1612	1670
XCVCP-C-43.fasta	LMG_667.fasta	99.8064	1489	1670
XCVCP-C-43.fasta	LMG_933.fasta	99.8058	1414	1670
XCVCP-C-43.fasta	LMG_905.fasta	99.7898	1445	1670
XCVCP-C-43.fasta	LMG_909.fasta	99.785	1470	1670
XCVCP-C-43.fasta	E3.fasta	99.7829	1587	1670
XCVCP-C-43.fasta	X82-8P.fasta	99.7798	1616	1670
XCVCP-C-43.fasta	X82-8P_C4.fasta	99.7747	1611	1670
XCVCP-C-43.fasta	X82-8P_C5.fasta	99.7712	1616	1670
XCVCP-C-43.fasta	Xv_72.fasta	99.7703	1601	1670
XCVCP-C-43.fasta	X82-8P_C3.fasta	99.7701	1618	1670
XCVCP-C-43.fasta	X82-8P_C6.fasta	99.7686	1615	1670
XCVCP-C-43.fasta	70-7.fasta	99.7682	1594	1670
XCVCP-C-43.fasta	69-24.fasta	99.7676	1597	1670
XCVCP-C-43.fasta	83M.fasta	99.7659	1498	1670
XCVCP-C-43.fasta	X82-8P_C1.fasta	99.7657	1615	1670
XCVCP-C-43.fasta	Xv_79.fasta	99.7601	1605	1670
XCVCP-C-43.fasta	X82-8P_C2.fasta	99.7561	1601	1670
XCVCP-C-43.fasta	LMG_930.fasta	99.7404	1632	1670
XCVCP-C-43.fasta	LMG_27970.fasta	99.4452	1136	1670
XCVCP-C-51.fasta	XCVCP-C-51.fasta	100	1657	1660
XCVCP-C-51.fasta	XCVKK-C-2.fasta	99.9993	1655	1660
XCVCP-C-51.fasta	XCVKK-C-4.fasta	99.9993	1654	1660
XCVCP-C-51.fasta	XCVKK-C-1.fasta	99.9992	1657	1660
XCVCP-C-51.fasta	XCVCP-C-43.fasta	99.9987	1655	1660
XCVCP-C-51.fasta	XCVKK-C-3.fasta	99.9986	1655	1660
XCVCP-C-51.fasta	XCVKK-C-5.fasta	99.9986	1658	1660
XCVCP-C-51.fasta	62XEKK5.fasta	99.9986	1657	1660
XCVCP-C-51.fasta	DOA-2036.fasta	99.9919	1653	1660
XCVCP-C-51.fasta	X31.fasta	99.9895	1647	1660
XCVCP-C-51.fasta	Tu-10.fasta	99.989	1637	1660
XCVCP-C-51.fasta	Xcv_DC_96-3.fasta	99.9886	1624	1660
XCVCP-C-51.fasta	DOA-2987.fasta	99.9885	1637	1660
XCVCP-C-51.fasta	DOA-1726.fasta	99.9884	1647	1660
XCVCP-C-51.fasta	DOA-1721.fasta	99.988	1646	1660
XCVCP-C-51.fasta	VTM12.fasta	99.988	1653	1660
XCVCP-C-51.fasta	DOA-2983.fasta	99.9879	1644	1660
XCVCP-C-51.fasta	X22.fasta	99.9878	1644	1660
XCVCP-C-51.fasta	VTM10.fasta	99.9857	1644	1660
XCVCP-C-51.fasta	VTM15.fasta	99.9846	1645	1660
XCVCP-C-51.fasta	Xcv_DC_96-5.fasta	99.9835	1632	1660
XCVCP-C-51.fasta	DOA-2989.fasta	99.9825	1647	1660
XCVCP-C-51.fasta	20HP1591.fasta	99.9818	1645	1660
XCVCP-C-51.fasta	20HP1597.fasta	99.9809	1643	1660
XCVCP-C-51.fasta	20HP1615.fasta	99.9809	1639	1660
XCVCP-C-51.fasta	Xe173.fasta	99.9806	1653	1660
XCVCP-C-51.fasta	20HP1594.fasta	99.9798	1643	1660
XCVCP-C-51.fasta	VTM4.fasta	99.9762	1648	1660
XCVCP-C-51.fasta	VTM16.fasta	99.9752	1645	1660
XCVCP-C-51.fasta	87-13.fasta	99.9741	1625	1660
XCVCP-C-51.fasta	DC99P1B1.fasta	99.9725	1626	1660
XCVCP-C-51.fasta	DC99P1A1.fasta	99.972	1624	1660
XCVCP-C-51.fasta	20HP1608-1.fasta	99.9703	1643	1660
XCVCP-C-51.fasta	Xcv_DC_97_P1A.fasta	99.9696	1616	1660
XCVCP-C-51.fasta	20HP1609-2.fasta	99.9692	1644	1660
XCVCP-C-51.fasta	20HP1614.fasta	99.9691	1643	1660
XCVCP-C-51.fasta	87-7.fasta	99.9647	1617	1660
XCVCP-C-51.fasta	20HP1608-2.fasta	99.9644	1643	1660
XCVCP-C-51.fasta	90-13.fasta	99.9574	1626	1660
XCVCP-C-51.fasta	89-10.fasta	99.9535	1588	1660
XCVCP-C-51.fasta	Xv157.fasta	99.9501	1592	1660
XCVCP-C-51.fasta	X13.fasta	99.9467	1641	1660
XCVCP-C-51.fasta	87-21.fasta	99.9399	1583	1660
XCVCP-C-51.fasta	XVP26.fasta	99.9253	1611	1660
XCVCP-C-51.fasta	Xcv_DC_97_P2A.fasta	99.9224	1599	1660
XCVCP-C-51.fasta	Tu-06.fasta	99.9171	1614	1660
XCVCP-C-51.fasta	Tu-11.fasta	99.9169	1619	1660
XCVCP-C-51.fasta	69-1.fasta	99.913	1589	1660
XCVCP-C-51.fasta	71-21.fasta	99.911	1580	1660
XCVCP-C-51.fasta	Tu-08.fasta	99.9089	1640	1660
XCVCP-C-51.fasta	Xcv_DC_96-1.fasta	99.9056	1617	1660
XCVCP-C-51.fasta	Xcv_DC_96-2.fasta	99.9028	1621	1660
XCVCP-C-51.fasta	Xcv_DC_98_P2A.fasta	99.9023	1619	1660
XCVCP-C-51.fasta	89-16.fasta	99.9008	1621	1660
XCVCP-C-51.fasta	Xcv_DC_93-6.fasta	99.8997	1614	1660
XCVCP-C-51.fasta	Xcv_DC_96-4.fasta	99.8955	1619	1660
XCVCP-C-51.fasta	Xcv_Sspep_92.fasta	99.8952	1601	1660
XCVCP-C-51.fasta	FB570.fasta	99.8899	1600	1660
XCVCP-C-51.fasta	Ps-1.fasta	99.8834	1573	1660
XCVCP-C-51.fasta	Ps-7.fasta	99.8829	1598	1660
XCVCP-C-51.fasta	87-47.fasta	99.8823	1601	1660
XCVCP-C-51.fasta	66b.fasta	99.8745	1515	1660
XCVCP-C-51.fasta	Xcv_DC_97_P3A.fasta	99.8683	1606	1660
XCVCP-C-51.fasta	Xcv_DC_93-7.fasta	99.8681	1594	1660
XCVCP-C-51.fasta	72-7.fasta	99.8585	1590	1660
XCVCP-C-51.fasta	Xcv_DC_93-9.fasta	99.8582	1595	1660
XCVCP-C-51.fasta	Xcv_DC_93-8.fasta	99.8536	1605	1660
XCVCP-C-51.fasta	VTM17.fasta	99.8431	1629	1660
XCVCP-C-51.fasta	65XENP2.fasta	99.8365	1629	1660
XCVCP-C-51.fasta	Tabasco1.fasta	99.8364	1619	1660
XCVCP-C-51.fasta	LMG_667.fasta	99.8328	1488	1660
XCVCP-C-51.fasta	86-46.fasta	99.8314	1569	1660
XCVCP-C-51.fasta	ATCC_11633.fasta	99.8308	1578	1660
XCVCP-C-51.fasta	80-5.fasta	99.823	1617	1660
XCVCP-C-51.fasta	WHRI_8301.fasta	99.8214	1612	1660
XCVCP-C-51.fasta	65XENP1.fasta	99.82	1631	1660
XCVCP-C-51.fasta	65XENP3.fasta	99.812	1631	1660
XCVCP-C-51.fasta	LMG_933.fasta	99.8115	1422	1660
XCVCP-C-51.fasta	LMG_905.fasta	99.8064	1446	1660
XCVCP-C-51.fasta	75-3.fasta	99.8064	1561	1660
XCVCP-C-51.fasta	85-10.fasta	99.8005	1622	1660
XCVCP-C-51.fasta	85-16.fasta	99.7962	1539	1660
XCVCP-C-51.fasta	70-7.fasta	99.7935	1593	1660
XCVCP-C-51.fasta	DOA-2990.fasta	99.7927	1630	1660
XCVCP-C-51.fasta	86-22.fasta	99.792	1559	1660
XCVCP-C-51.fasta	X82-8P.fasta	99.7896	1623	1660
XCVCP-C-51.fasta	20HP1613.fasta	99.7893	1635	1660
XCVCP-C-51.fasta	X82-8P_C4.fasta	99.7871	1616	1660
XCVCP-C-51.fasta	86-2.fasta	99.7844	1559	1660
XCVCP-C-51.fasta	69-24.fasta	99.7829	1599	1660
XCVCP-C-51.fasta	X82-8P_C6.fasta	99.7784	1622	1660
XCVCP-C-51.fasta	X82-8P_C1.fasta	99.7773	1620	1660
XCVCP-C-51.fasta	83M.fasta	99.7739	1497	1660
XCVCP-C-51.fasta	X82-8P_C5.fasta	99.769	1621	1660
XCVCP-C-51.fasta	X82-8P_C3.fasta	99.7685	1623	1660
XCVCP-C-51.fasta	LMG_909.fasta	99.7636	1464	1660
XCVCP-C-51.fasta	X82-8P_C2.fasta	99.7599	1608	1660
XCVCP-C-51.fasta	Xv_72.fasta	99.7523	1597	1660
XCVCP-C-51.fasta	LMG_930.fasta	99.7485	1636	1660
XCVCP-C-51.fasta	E3.fasta	99.7472	1588	1660
XCVCP-C-51.fasta	Xv_79.fasta	99.7427	1600	1660
XCVCP-C-51.fasta	LMG_27970.fasta	99.4551	1139	1660
XCVKK-C-1.fasta	XCVKK-C-1.fasta	100	1657	1661
XCVKK-C-1.fasta	XCVKK-C-4.fasta	99.9995	1658	1661
XCVKK-C-1.fasta	XCVKK-C-2.fasta	99.9993	1654	1661
XCVKK-C-1.fasta	XCVKK-C-5.fasta	99.9988	1657	1661
XCVKK-C-1.fasta	XCVKK-C-3.fasta	99.9986	1658	1661
XCVKK-C-1.fasta	XCVCP-C-43.fasta	99.9986	1652	1661
XCVKK-C-1.fasta	62XEKK5.fasta	99.9985	1657	1661
XCVKK-C-1.fasta	XCVCP-C-51.fasta	99.9985	1657	1661
XCVKK-C-1.fasta	DOA-2036.fasta	99.9933	1651	1661
XCVKK-C-1.fasta	X22.fasta	99.9906	1640	1661
XCVKK-C-1.fasta	X31.fasta	99.9903	1643	1661
XCVKK-C-1.fasta	Tu-10.fasta	99.9901	1637	1661
XCVKK-C-1.fasta	DOA-1721.fasta	99.9896	1646	1661
XCVKK-C-1.fasta	VTM4.fasta	99.9872	1649	1661
XCVKK-C-1.fasta	20HP1591.fasta	99.9862	1644	1661
XCVKK-C-1.fasta	Xcv_DC_96-3.fasta	99.9859	1626	1661
XCVKK-C-1.fasta	DOA-2987.fasta	99.9857	1641	1661
XCVKK-C-1.fasta	DOA-2983.fasta	99.9849	1646	1661
XCVKK-C-1.fasta	VTM12.fasta	99.9843	1654	1661
XCVKK-C-1.fasta	DOA-2989.fasta	99.9841	1643	1661
XCVKK-C-1.fasta	20HP1594.fasta	99.984	1643	1661
XCVKK-C-1.fasta	VTM15.fasta	99.9837	1648	1661
XCVKK-C-1.fasta	DOA-1726.fasta	99.9837	1648	1661
XCVKK-C-1.fasta	Xe173.fasta	99.9828	1654	1661
XCVKK-C-1.fasta	Xcv_DC_96-5.fasta	99.9824	1632	1661
XCVKK-C-1.fasta	Xcv_DC_97_P1A.fasta	99.9745	1615	1661
XCVKK-C-1.fasta	VTM10.fasta	99.9741	1646	1661
XCVKK-C-1.fasta	VTM16.fasta	99.9738	1649	1661
XCVKK-C-1.fasta	20HP1614.fasta	99.9733	1644	1661
XCVKK-C-1.fasta	87-13.fasta	99.9732	1629	1661
XCVKK-C-1.fasta	DC99P1B1.fasta	99.9728	1624	1661
XCVKK-C-1.fasta	20HP1609-2.fasta	99.9725	1647	1661
XCVKK-C-1.fasta	20HP1608-1.fasta	99.9724	1648	1661
XCVKK-C-1.fasta	DC99P1A1.fasta	99.9709	1625	1661
XCVKK-C-1.fasta	20HP1597.fasta	99.968	1641	1661
XCVKK-C-1.fasta	20HP1615.fasta	99.9676	1639	1661
XCVKK-C-1.fasta	20HP1608-2.fasta	99.9665	1642	1661
XCVKK-C-1.fasta	87-7.fasta	99.9604	1619	1661
XCVKK-C-1.fasta	Xv157.fasta	99.9575	1590	1661
XCVKK-C-1.fasta	90-13.fasta	99.9573	1627	1661
XCVKK-C-1.fasta	89-10.fasta	99.9557	1591	1661
XCVKK-C-1.fasta	X13.fasta	99.9476	1639	1661
XCVKK-C-1.fasta	XVP26.fasta	99.9416	1612	1661
XCVKK-C-1.fasta	87-21.fasta	99.9284	1584	1661
XCVKK-C-1.fasta	Tu-11.fasta	99.9277	1618	1661
XCVKK-C-1.fasta	Tu-06.fasta	99.9263	1614	1661
XCVKK-C-1.fasta	Xcv_DC_96-1.fasta	99.9248	1618	1661
XCVKK-C-1.fasta	Xcv_DC_96-2.fasta	99.9227	1620	1661
XCVKK-C-1.fasta	Xcv_DC_98_P2A.fasta	99.9211	1617	1661
XCVKK-C-1.fasta	89-16.fasta	99.9202	1623	1661
XCVKK-C-1.fasta	Xcv_DC_97_P2A.fasta	99.9153	1601	1661
XCVKK-C-1.fasta	Xcv_DC_93-6.fasta	99.915	1613	1661
XCVKK-C-1.fasta	Xcv_DC_96-4.fasta	99.9146	1617	1661
XCVKK-C-1.fasta	71-21.fasta	99.913	1578	1661
XCVKK-C-1.fasta	Tu-08.fasta	99.9104	1640	1661
XCVKK-C-1.fasta	FB570.fasta	99.9091	1599	1661
XCVKK-C-1.fasta	69-1.fasta	99.9035	1588	1661
XCVKK-C-1.fasta	Ps-7.fasta	99.9011	1596	1661
XCVKK-C-1.fasta	87-47.fasta	99.9009	1602	1661
XCVKK-C-1.fasta	Xcv_Sspep_92.fasta	99.8903	1600	1661
XCVKK-C-1.fasta	66b.fasta	99.8862	1516	1661
XCVKK-C-1.fasta	Xcv_DC_97_P3A.fasta	99.8797	1608	1661
XCVKK-C-1.fasta	Ps-1.fasta	99.8765	1575	1661
XCVKK-C-1.fasta	Xcv_DC_93-7.fasta	99.8624	1593	1661
XCVKK-C-1.fasta	Xcv_DC_93-9.fasta	99.8537	1595	1661
XCVKK-C-1.fasta	Xcv_DC_93-8.fasta	99.8522	1601	1661
XCVKK-C-1.fasta	72-7.fasta	99.8511	1588	1661
XCVKK-C-1.fasta	VTM17.fasta	99.8472	1629	1661
XCVKK-C-1.fasta	Tabasco1.fasta	99.8367	1620	1661
XCVKK-C-1.fasta	65XENP2.fasta	99.8365	1628	1661
XCVKK-C-1.fasta	80-5.fasta	99.8341	1619	1661
XCVKK-C-1.fasta	WHRI_8301.fasta	99.8264	1613	1661
XCVKK-C-1.fasta	75-3.fasta	99.8232	1558	1661
XCVKK-C-1.fasta	85-10.fasta	99.8218	1619	1661
XCVKK-C-1.fasta	65XENP1.fasta	99.8201	1630	1661
XCVKK-C-1.fasta	ATCC_11633.fasta	99.8177	1581	1661
XCVKK-C-1.fasta	65XENP3.fasta	99.8109	1633	1661
XCVKK-C-1.fasta	LMG_667.fasta	99.8106	1489	1661
XCVKK-C-1.fasta	DOA-2990.fasta	99.8086	1632	1661
XCVKK-C-1.fasta	85-16.fasta	99.8082	1538	1661
XCVKK-C-1.fasta	86-46.fasta	99.8067	1570	1661
XCVKK-C-1.fasta	LMG_933.fasta	99.8031	1415	1661
XCVKK-C-1.fasta	X82-8P_C4.fasta	99.794	1614	1661
XCVKK-C-1.fasta	LMG_905.fasta	99.7922	1448	1661
XCVKK-C-1.fasta	X82-8P.fasta	99.7888	1622	1661
XCVKK-C-1.fasta	20HP1613.fasta	99.7888	1638	1661
XCVKK-C-1.fasta	X82-8P_C6.fasta	99.7879	1623	1661
XCVKK-C-1.fasta	86-22.fasta	99.7879	1560	1661
XCVKK-C-1.fasta	69-24.fasta	99.7878	1595	1661
XCVKK-C-1.fasta	70-7.fasta	99.7876	1596	1661
XCVKK-C-1.fasta	X82-8P_C1.fasta	99.7858	1622	1661
XCVKK-C-1.fasta	86-2.fasta	99.7794	1560	1661
XCVKK-C-1.fasta	X82-8P_C3.fasta	99.7775	1625	1661
XCVKK-C-1.fasta	X82-8P_C5.fasta	99.7767	1622	1661
XCVKK-C-1.fasta	83M.fasta	99.7748	1493	1661
XCVKK-C-1.fasta	LMG_930.fasta	99.7708	1633	1661
XCVKK-C-1.fasta	X82-8P_C2.fasta	99.7648	1608	1661
XCVKK-C-1.fasta	Xv_79.fasta	99.7638	1598	1661
XCVKK-C-1.fasta	E3.fasta	99.7633	1589	1661
XCVKK-C-1.fasta	Xv_72.fasta	99.7623	1597	1661
XCVKK-C-1.fasta	LMG_909.fasta	99.7615	1470	1661
XCVKK-C-1.fasta	LMG_27970.fasta	99.4851	1135	1661
XCVKK-C-2.fasta	XCVKK-C-2.fasta	100	1668	1673
XCVKK-C-2.fasta	XCVKK-C-5.fasta	99.9995	1668	1673
XCVKK-C-2.fasta	XCVKK-C-3.fasta	99.9995	1669	1673
XCVKK-C-2.fasta	XCVKK-C-4.fasta	99.9994	1668	1673
XCVKK-C-2.fasta	62XEKK5.fasta	99.9993	1668	1673
XCVKK-C-2.fasta	XCVCP-C-51.fasta	99.9992	1657	1673
XCVKK-C-2.fasta	XCVKK-C-1.fasta	99.9991	1656	1673
XCVKK-C-2.fasta	XCVCP-C-43.fasta	99.9987	1664	1673
XCVKK-C-2.fasta	Tu-10.fasta	99.992	1634	1673
XCVKK-C-2.fasta	DOA-2036.fasta	99.9914	1654	1673
XCVKK-C-2.fasta	X31.fasta	99.9906	1644	1673
XCVKK-C-2.fasta	VTM12.fasta	99.9904	1652	1673
XCVKK-C-2.fasta	DOA-1721.fasta	99.9892	1645	1673
XCVKK-C-2.fasta	DOA-1726.fasta	99.9889	1646	1673
XCVKK-C-2.fasta	20HP1597.fasta	99.9885	1642	1673
XCVKK-C-2.fasta	20HP1615.fasta	99.9882	1638	1673
XCVKK-C-2.fasta	VTM15.fasta	99.9878	1646	1673
XCVKK-C-2.fasta	VTM10.fasta	99.9872	1647	1673
XCVKK-C-2.fasta	Xcv_DC_96-5.fasta	99.982	1631	1673
XCVKK-C-2.fasta	Xcv_DC_96-3.fasta	99.9792	1630	1673
XCVKK-C-2.fasta	Xe173.fasta	99.9788	1652	1673
XCVKK-C-2.fasta	20HP1594.fasta	99.9786	1643	1673
XCVKK-C-2.fasta	VTM4.fasta	99.9765	1647	1673
XCVKK-C-2.fasta	20HP1608-2.fasta	99.9745	1639	1673
XCVKK-C-2.fasta	20HP1608-1.fasta	99.9743	1643	1673
XCVKK-C-2.fasta	X22.fasta	99.9738	1640	1673
XCVKK-C-2.fasta	20HP1609-2.fasta	99.9737	1644	1673
XCVKK-C-2.fasta	DOA-2983.fasta	99.9726	1647	1673
XCVKK-C-2.fasta	87-13.fasta	99.9725	1624	1673
XCVKK-C-2.fasta	87-7.fasta	99.9718	1609	1673
XCVKK-C-2.fasta	20HP1614.fasta	99.9717	1642	1673
XCVKK-C-2.fasta	VTM16.fasta	99.9712	1645	1673
XCVKK-C-2.fasta	DOA-2987.fasta	99.9673	1642	1673
XCVKK-C-2.fasta	DOA-2989.fasta	99.9633	1647	1673
XCVKK-C-2.fasta	DC99P1B1.fasta	99.9615	1626	1673
XCVKK-C-2.fasta	DC99P1A1.fasta	99.9604	1624	1673
XCVKK-C-2.fasta	20HP1591.fasta	99.9603	1646	1673
XCVKK-C-2.fasta	89-10.fasta	99.9559	1603	1673
XCVKK-C-2.fasta	Xcv_DC_97_P1A.fasta	99.9548	1620	1673
XCVKK-C-2.fasta	Xv157.fasta	99.9493	1608	1673
XCVKK-C-2.fasta	X13.fasta	99.9482	1639	1673
XCVKK-C-2.fasta	XVP26.fasta	99.9396	1610	1673
XCVKK-C-2.fasta	Tu-06.fasta	99.9335	1612	1673
XCVKK-C-2.fasta	90-13.fasta	99.933	1625	1673
XCVKK-C-2.fasta	Tu-11.fasta	99.9316	1614	1673
XCVKK-C-2.fasta	Xcv_DC_96-2.fasta	99.9232	1627	1673
XCVKK-C-2.fasta	Xcv_DC_97_P2A.fasta	99.922	1601	1673
XCVKK-C-2.fasta	87-21.fasta	99.9174	1593	1673
XCVKK-C-2.fasta	Xcv_DC_93-6.fasta	99.9157	1622	1673
XCVKK-C-2.fasta	89-16.fasta	99.9155	1625	1673
XCVKK-C-2.fasta	Tu-08.fasta	99.912	1639	1673
XCVKK-C-2.fasta	FB570.fasta	99.9094	1614	1673
XCVKK-C-2.fasta	Xcv_DC_96-1.fasta	99.9079	1627	1673
XCVKK-C-2.fasta	Xcv_DC_98_P2A.fasta	99.9038	1628	1673
XCVKK-C-2.fasta	87-47.fasta	99.903	1611	1673
XCVKK-C-2.fasta	Ps-1.fasta	99.8947	1583	1673
XCVKK-C-2.fasta	Xcv_Sspep_92.fasta	99.8902	1605	1673
XCVKK-C-2.fasta	Ps-7.fasta	99.8886	1610	1673
XCVKK-C-2.fasta	Xcv_DC_96-4.fasta	99.8846	1627	1673
XCVKK-C-2.fasta	69-1.fasta	99.8843	1588	1673
XCVKK-C-2.fasta	66b.fasta	99.8803	1508	1673
XCVKK-C-2.fasta	71-21.fasta	99.87	1591	1673
XCVKK-C-2.fasta	Xcv_DC_93-8.fasta	99.8668	1614	1673
XCVKK-C-2.fasta	Xcv_DC_93-9.fasta	99.8661	1608	1673
XCVKK-C-2.fasta	Xcv_DC_93-7.fasta	99.8617	1609	1673
XCVKK-C-2.fasta	72-7.fasta	99.861	1587	1673
XCVKK-C-2.fasta	Xcv_DC_97_P3A.fasta	99.8391	1614	1673
XCVKK-C-2.fasta	80-5.fasta	99.835	1611	1673
XCVKK-C-2.fasta	Tabasco1.fasta	99.828	1617	1673
XCVKK-C-2.fasta	20HP1613.fasta	99.8273	1645	1673
XCVKK-C-2.fasta	65XENP2.fasta	99.8253	1626	1673
XCVKK-C-2.fasta	VTM17.fasta	99.8186	1630	1673
XCVKK-C-2.fasta	86-46.fasta	99.8186	1576	1673
XCVKK-C-2.fasta	LMG_933.fasta	99.8144	1421	1673
XCVKK-C-2.fasta	ATCC_11633.fasta	99.814	1590	1673
XCVKK-C-2.fasta	LMG_667.fasta	99.8125	1492	1673
XCVKK-C-2.fasta	75-3.fasta	99.8111	1563	1673
XCVKK-C-2.fasta	DOA-2990.fasta	99.811	1631	1673
XCVKK-C-2.fasta	85-16.fasta	99.8104	1547	1673
XCVKK-C-2.fasta	65XENP1.fasta	99.8082	1630	1673
XCVKK-C-2.fasta	65XENP3.fasta	99.8081	1628	1673
XCVKK-C-2.fasta	86-22.fasta	99.8068	1566	1673
XCVKK-C-2.fasta	85-10.fasta	99.8008	1620	1673
XCVKK-C-2.fasta	86-2.fasta	99.7928	1560	1673
XCVKK-C-2.fasta	WHRI_8301.fasta	99.7911	1614	1673
XCVKK-C-2.fasta	LMG_905.fasta	99.7883	1436	1673
XCVKK-C-2.fasta	LMG_909.fasta	99.78	1464	1673
XCVKK-C-2.fasta	X82-8P_C4.fasta	99.7775	1610	1673
XCVKK-C-2.fasta	83M.fasta	99.7759	1494	1673
XCVKK-C-2.fasta	70-7.fasta	99.7756	1590	1673
XCVKK-C-2.fasta	X82-8P.fasta	99.7715	1618	1673
XCVKK-C-2.fasta	X82-8P_C3.fasta	99.7701	1618	1673
XCVKK-C-2.fasta	X82-8P_C6.fasta	99.7692	1616	1673
XCVKK-C-2.fasta	X82-8P_C5.fasta	99.768	1618	1673
XCVKK-C-2.fasta	X82-8P_C1.fasta	99.7657	1619	1673
XCVKK-C-2.fasta	69-24.fasta	99.7634	1599	1673
XCVKK-C-2.fasta	X82-8P_C2.fasta	99.7493	1603	1673
XCVKK-C-2.fasta	E3.fasta	99.7481	1593	1673
XCVKK-C-2.fasta	Xv_79.fasta	99.7468	1602	1673
XCVKK-C-2.fasta	Xv_72.fasta	99.7462	1601	1673
XCVKK-C-2.fasta	LMG_930.fasta	99.7332	1637	1673
XCVKK-C-2.fasta	LMG_27970.fasta	99.4493	1134	1673
XCVKK-C-3.fasta	XCVKK-C-3.fasta	100	1669	1674
XCVKK-C-3.fasta	XCVKK-C-5.fasta	99.9997	1669	1674
XCVKK-C-3.fasta	62XEKK5.fasta	99.9995	1671	1674
XCVKK-C-3.fasta	XCVKK-C-2.fasta	99.9995	1668	1674
XCVKK-C-3.fasta	XCVCP-C-43.fasta	99.9994	1663	1674
XCVKK-C-3.fasta	XCVKK-C-4.fasta	99.9994	1668	1674
XCVKK-C-3.fasta	XCVCP-C-51.fasta	99.9989	1656	1674
XCVKK-C-3.fasta	XCVKK-C-1.fasta	99.9988	1658	1674
XCVKK-C-3.fasta	DOA-2036.fasta	99.9934	1650	1674
XCVKK-C-3.fasta	X22.fasta	99.9898	1643	1674
XCVKK-C-3.fasta	X31.fasta	99.9877	1645	1674
XCVKK-C-3.fasta	DOA-1721.fasta	99.987	1647	1674
XCVKK-C-3.fasta	VTM12.fasta	99.9867	1654	1674
XCVKK-C-3.fasta	Tu-10.fasta	99.986	1639	1674
XCVKK-C-3.fasta	VTM15.fasta	99.9834	1650	1674
XCVKK-C-3.fasta	VTM10.fasta	99.9824	1650	1674
XCVKK-C-3.fasta	DOA-2987.fasta	99.9823	1644	1674
XCVKK-C-3.fasta	DOA-2983.fasta	99.982	1648	1674
XCVKK-C-3.fasta	20HP1594.fasta	99.9815	1641	1674
XCVKK-C-3.fasta	DOA-1726.fasta	99.981	1648	1674
XCVKK-C-3.fasta	DOA-2989.fasta	99.9802	1646	1674
XCVKK-C-3.fasta	Xcv_DC_96-5.fasta	99.9789	1634	1674
XCVKK-C-3.fasta	Xcv_DC_96-3.fasta	99.978	1630	1674
XCVKK-C-3.fasta	20HP1597.fasta	99.9771	1642	1674
XCVKK-C-3.fasta	VTM4.fasta	99.9768	1649	1674
XCVKK-C-3.fasta	20HP1591.fasta	99.9768	1646	1674
XCVKK-C-3.fasta	20HP1615.fasta	99.9761	1640	1674
XCVKK-C-3.fasta	87-13.fasta	99.9759	1626	1674
XCVKK-C-3.fasta	Xe173.fasta	99.9756	1655	1674
XCVKK-C-3.fasta	20HP1608-2.fasta	99.9742	1640	1674
XCVKK-C-3.fasta	20HP1609-2.fasta	99.9739	1646	1674
XCVKK-C-3.fasta	20HP1608-1.fasta	99.9737	1646	1674
XCVKK-C-3.fasta	20HP1614.fasta	99.9714	1643	1674
XCVKK-C-3.fasta	VTM16.fasta	99.9668	1649	1674
XCVKK-C-3.fasta	87-7.fasta	99.9666	1612	1674
XCVKK-C-3.fasta	DC99P1B1.fasta	99.9657	1630	1674
XCVKK-C-3.fasta	DC99P1A1.fasta	99.9643	1627	1674
XCVKK-C-3.fasta	Xcv_DC_97_P1A.fasta	99.9581	1622	1674
XCVKK-C-3.fasta	Xv157.fasta	99.954	1604	1674
XCVKK-C-3.fasta	90-13.fasta	99.9518	1626	1674
XCVKK-C-3.fasta	X13.fasta	99.937	1640	1674
XCVKK-C-3.fasta	89-10.fasta	99.9342	1609	1674
XCVKK-C-3.fasta	87-21.fasta	99.9242	1594	1674
XCVKK-C-3.fasta	XVP26.fasta	99.9239	1614	1674
XCVKK-C-3.fasta	Xcv_DC_97_P2A.fasta	99.9193	1601	1674
XCVKK-C-3.fasta	Xcv_DC_96-2.fasta	99.9181	1630	1674
XCVKK-C-3.fasta	Tu-11.fasta	99.9153	1615	1674
XCVKK-C-3.fasta	89-16.fasta	99.9131	1629	1674
XCVKK-C-3.fasta	Tu-06.fasta	99.9112	1613	1674
XCVKK-C-3.fasta	Xcv_DC_96-4.fasta	99.9101	1628	1674
XCVKK-C-3.fasta	Xcv_DC_93-6.fasta	99.9072	1623	1674
XCVKK-C-3.fasta	FB570.fasta	99.907	1612	1674
XCVKK-C-3.fasta	Tu-08.fasta	99.9067	1639	1674
XCVKK-C-3.fasta	Xcv_DC_96-1.fasta	99.9018	1629	1674
XCVKK-C-3.fasta	71-21.fasta	99.9016	1586	1674
XCVKK-C-3.fasta	Ps-7.fasta	99.8989	1611	1674
XCVKK-C-3.fasta	Xcv_DC_98_P2A.fasta	99.8982	1629	1674
XCVKK-C-3.fasta	Ps-1.fasta	99.8979	1579	1674
XCVKK-C-3.fasta	Xcv_Sspep_92.fasta	99.892	1606	1674
XCVKK-C-3.fasta	69-1.fasta	99.8873	1593	1674
XCVKK-C-3.fasta	87-47.fasta	99.8862	1613	1674
XCVKK-C-3.fasta	66b.fasta	99.8855	1510	1674
XCVKK-C-3.fasta	Xcv_DC_97_P3A.fasta	99.8665	1611	1674
XCVKK-C-3.fasta	Xcv_DC_93-7.fasta	99.8541	1611	1674
XCVKK-C-3.fasta	72-7.fasta	99.8497	1588	1674
XCVKK-C-3.fasta	VTM17.fasta	99.8419	1632	1674
XCVKK-C-3.fasta	Xcv_DC_93-9.fasta	99.8418	1610	1674
XCVKK-C-3.fasta	65XENP2.fasta	99.8416	1630	1674
XCVKK-C-3.fasta	Xcv_DC_93-8.fasta	99.8409	1618	1674
XCVKK-C-3.fasta	Tabasco1.fasta	99.8298	1620	1674
XCVKK-C-3.fasta	65XENP1.fasta	99.8271	1631	1674
XCVKK-C-3.fasta	65XENP3.fasta	99.8268	1631	1674
XCVKK-C-3.fasta	DOA-2990.fasta	99.8199	1632	1674
XCVKK-C-3.fasta	86-46.fasta	99.8168	1576	1674
XCVKK-C-3.fasta	20HP1613.fasta	99.8165	1649	1674
XCVKK-C-3.fasta	ATCC_11633.fasta	99.8145	1592	1674
XCVKK-C-3.fasta	75-3.fasta	99.8141	1567	1674
XCVKK-C-3.fasta	85-16.fasta	99.8127	1550	1674
XCVKK-C-3.fasta	80-5.fasta	99.8063	1617	1674
XCVKK-C-3.fasta	WHRI_8301.fasta	99.7952	1614	1674
XCVKK-C-3.fasta	LMG_667.fasta	99.7916	1486	1674
XCVKK-C-3.fasta	86-22.fasta	99.791	1570	1674
XCVKK-C-3.fasta	85-10.fasta	99.7904	1623	1674
XCVKK-C-3.fasta	LMG_933.fasta	99.7878	1416	1674
XCVKK-C-3.fasta	LMG_905.fasta	99.7874	1436	1674
XCVKK-C-3.fasta	86-2.fasta	99.7836	1566	1674
XCVKK-C-3.fasta	69-24.fasta	99.777	1597	1674
XCVKK-C-3.fasta	Xv_72.fasta	99.7764	1600	1674
XCVKK-C-3.fasta	X82-8P_C4.fasta	99.7761	1615	1674
XCVKK-C-3.fasta	70-7.fasta	99.7737	1592	1674
XCVKK-C-3.fasta	Xv_79.fasta	99.7734	1604	1674
XCVKK-C-3.fasta	E3.fasta	99.7699	1594	1674
XCVKK-C-3.fasta	X82-8P_C5.fasta	99.7685	1622	1674
XCVKK-C-3.fasta	X82-8P.fasta	99.7685	1621	1674
XCVKK-C-3.fasta	X82-8P_C6.fasta	99.7673	1623	1674
XCVKK-C-3.fasta	X82-8P_C1.fasta	99.7663	1620	1674
XCVKK-C-3.fasta	X82-8P_C3.fasta	99.7653	1623	1674
XCVKK-C-3.fasta	LMG_930.fasta	99.7628	1635	1674
XCVKK-C-3.fasta	83M.fasta	99.7616	1502	1674
XCVKK-C-3.fasta	X82-8P_C2.fasta	99.7524	1607	1674
XCVKK-C-3.fasta	LMG_909.fasta	99.7367	1470	1674
XCVKK-C-3.fasta	LMG_27970.fasta	99.4556	1142	1674
XCVKK-C-4.fasta	XCVKK-C-4.fasta	100	1668	1672
XCVKK-C-4.fasta	XCVKK-C-5.fasta	99.9995	1668	1672
XCVKK-C-4.fasta	XCVKK-C-1.fasta	99.9994	1658	1672
XCVKK-C-4.fasta	XCVKK-C-3.fasta	99.9994	1668	1672
XCVKK-C-4.fasta	62XEKK5.fasta	99.9994	1669	1672
XCVKK-C-4.fasta	XCVKK-C-2.fasta	99.9993	1667	1672
XCVKK-C-4.fasta	XCVCP-C-51.fasta	99.9993	1654	1672
XCVKK-C-4.fasta	XCVCP-C-43.fasta	99.9986	1665	1672
XCVKK-C-4.fasta	DOA-2036.fasta	99.9917	1650	1672
XCVKK-C-4.fasta	VTM12.fasta	99.9888	1651	1672
XCVKK-C-4.fasta	X22.fasta	99.9878	1643	1672
XCVKK-C-4.fasta	Tu-10.fasta	99.9864	1639	1672
XCVKK-C-4.fasta	X31.fasta	99.9861	1646	1672
XCVKK-C-4.fasta	DOA-1721.fasta	99.9857	1647	1672
XCVKK-C-4.fasta	20HP1594.fasta	99.9853	1641	1672
XCVKK-C-4.fasta	DOA-2987.fasta	99.9847	1642	1672
XCVKK-C-4.fasta	Xcv_DC_96-3.fasta	99.9837	1626	1672
XCVKK-C-4.fasta	VTM15.fasta	99.983	1648	1672
XCVKK-C-4.fasta	VTM10.fasta	99.9829	1645	1672
XCVKK-C-4.fasta	Xcv_DC_96-5.fasta	99.9815	1630	1672
XCVKK-C-4.fasta	DOA-2989.fasta	99.98	1645	1672
XCVKK-C-4.fasta	DOA-2983.fasta	99.9799	1648	1672
XCVKK-C-4.fasta	DOA-1726.fasta	99.9789	1648	1672
XCVKK-C-4.fasta	Xe173.fasta	99.9766	1653	1672
XCVKK-C-4.fasta	87-13.fasta	99.9762	1620	1672
XCVKK-C-4.fasta	20HP1597.fasta	99.9746	1642	1672
XCVKK-C-4.fasta	20HP1591.fasta	99.9744	1647	1672
XCVKK-C-4.fasta	20HP1615.fasta	99.9738	1639	1672
XCVKK-C-4.fasta	VTM4.fasta	99.9725	1648	1672
XCVKK-C-4.fasta	20HP1608-1.fasta	99.9721	1646	1672
XCVKK-C-4.fasta	20HP1609-2.fasta	99.972	1647	1672
XCVKK-C-4.fasta	DC99P1B1.fasta	99.9718	1625	1672
XCVKK-C-4.fasta	DC99P1A1.fasta	99.9715	1623	1672
XCVKK-C-4.fasta	20HP1614.fasta	99.9707	1644	1672
XCVKK-C-4.fasta	VTM16.fasta	99.9661	1649	1672
XCVKK-C-4.fasta	87-7.fasta	99.9642	1614	1672
XCVKK-C-4.fasta	Xcv_DC_97_P1A.fasta	99.962	1619	1672
XCVKK-C-4.fasta	20HP1608-2.fasta	99.9616	1643	1672
XCVKK-C-4.fasta	Xv157.fasta	99.9522	1596	1672
XCVKK-C-4.fasta	90-13.fasta	99.948	1624	1672
XCVKK-C-4.fasta	X13.fasta	99.9401	1639	1672
XCVKK-C-4.fasta	87-21.fasta	99.9392	1586	1672
XCVKK-C-4.fasta	89-10.fasta	99.9334	1598	1672
XCVKK-C-4.fasta	Xcv_DC_97_P2A.fasta	99.9092	1600	1672
XCVKK-C-4.fasta	XVP26.fasta	99.907	1614	1672
XCVKK-C-4.fasta	69-1.fasta	99.9064	1589	1672
XCVKK-C-4.fasta	71-21.fasta	99.9047	1580	1672
XCVKK-C-4.fasta	Tu-08.fasta	99.9042	1640	1672
XCVKK-C-4.fasta	Xcv_DC_96-2.fasta	99.9037	1626	1672
XCVKK-C-4.fasta	Tu-06.fasta	99.902	1614	1672
XCVKK-C-4.fasta	Tu-11.fasta	99.9015	1617	1672
XCVKK-C-4.fasta	Xcv_Sspep_92.fasta	99.8969	1602	1672
XCVKK-C-4.fasta	Xcv_DC_93-6.fasta	99.8969	1616	1672
XCVKK-C-4.fasta	66b.fasta	99.8967	1512	1672
XCVKK-C-4.fasta	89-16.fasta	99.8938	1627	1672
XCVKK-C-4.fasta	Xcv_DC_96-4.fasta	99.8933	1623	1672
XCVKK-C-4.fasta	Ps-1.fasta	99.8923	1573	1672
XCVKK-C-4.fasta	FB570.fasta	99.8906	1606	1672
XCVKK-C-4.fasta	Xcv_DC_96-1.fasta	99.8867	1624	1672
XCVKK-C-4.fasta	Ps-7.fasta	99.8846	1603	1672
XCVKK-C-4.fasta	Xcv_DC_98_P2A.fasta	99.8811	1625	1672
XCVKK-C-4.fasta	87-47.fasta	99.8704	1609	1672
XCVKK-C-4.fasta	Xcv_DC_97_P3A.fasta	99.8576	1608	1672
XCVKK-C-4.fasta	Xcv_DC_93-7.fasta	99.8562	1606	1672
XCVKK-C-4.fasta	72-7.fasta	99.8452	1588	1672
XCVKK-C-4.fasta	VTM17.fasta	99.8428	1628	1672
XCVKK-C-4.fasta	Xcv_DC_93-9.fasta	99.8414	1607	1672
XCVKK-C-4.fasta	Xcv_DC_93-8.fasta	99.8401	1616	1672
XCVKK-C-4.fasta	65XENP2.fasta	99.8364	1629	1672
XCVKK-C-4.fasta	ATCC_11633.fasta	99.8316	1579	1672
XCVKK-C-4.fasta	86-46.fasta	99.8286	1566	1672
XCVKK-C-4.fasta	65XENP1.fasta	99.8202	1630	1672
XCVKK-C-4.fasta	65XENP3.fasta	99.8194	1631	1672
XCVKK-C-4.fasta	75-3.fasta	99.8169	1561	1672
XCVKK-C-4.fasta	85-16.fasta	99.8143	1541	1672
XCVKK-C-4.fasta	DOA-2990.fasta	99.8129	1630	1672
XCVKK-C-4.fasta	20HP1613.fasta	99.8072	1646	1672
XCVKK-C-4.fasta	Tabasco1.fasta	99.8071	1621	1672
XCVKK-C-4.fasta	86-22.fasta	99.8026	1562	1672
XCVKK-C-4.fasta	LMG_667.fasta	99.8013	1483	1672
XCVKK-C-4.fasta	WHRI_8301.fasta	99.7981	1613	1672
XCVKK-C-4.fasta	LMG_933.fasta	99.7959	1418	1672
XCVKK-C-4.fasta	80-5.fasta	99.7931	1617	1672
XCVKK-C-4.fasta	85-10.fasta	99.7882	1622	1672
XCVKK-C-4.fasta	86-2.fasta	99.7853	1558	1672
XCVKK-C-4.fasta	LMG_905.fasta	99.778	1439	1672
XCVKK-C-4.fasta	X82-8P.fasta	99.773	1624	1672
XCVKK-C-4.fasta	70-7.fasta	99.7651	1592	1672
XCVKK-C-4.fasta	69-24.fasta	99.763	1597	1672
XCVKK-C-4.fasta	X82-8P_C6.fasta	99.7619	1624	1672
XCVKK-C-4.fasta	X82-8P_C4.fasta	99.7609	1617	1672
XCVKK-C-4.fasta	X82-8P_C1.fasta	99.7606	1622	1672
XCVKK-C-4.fasta	83M.fasta	99.7601	1498	1672
XCVKK-C-4.fasta	X82-8P_C5.fasta	99.7522	1623	1672
XCVKK-C-4.fasta	X82-8P_C3.fasta	99.7507	1627	1672
XCVKK-C-4.fasta	X82-8P_C2.fasta	99.7448	1611	1672
XCVKK-C-4.fasta	Xv_72.fasta	99.7406	1600	1672
XCVKK-C-4.fasta	Xv_79.fasta	99.7309	1602	1672
XCVKK-C-4.fasta	LMG_930.fasta	99.7258	1638	1672
XCVKK-C-4.fasta	LMG_909.fasta	99.7253	1467	1672
XCVKK-C-4.fasta	E3.fasta	99.7245	1589	1672
XCVKK-C-4.fasta	LMG_27970.fasta	99.4813	1143	1672
XCVKK-C-5.fasta	XCVKK-C-5.fasta	100	1670	1676
XCVKK-C-5.fasta	XCVKK-C-3.fasta	99.9997	1667	1676
XCVKK-C-5.fasta	62XEKK5.fasta	99.9995	1670	1676
XCVKK-C-5.fasta	XCVKK-C-2.fasta	99.9994	1666	1676
XCVKK-C-5.fasta	XCVKK-C-4.fasta	99.9992	1667	1676
XCVKK-C-5.fasta	XCVKK-C-1.fasta	99.9986	1657	1676
XCVKK-C-5.fasta	XCVCP-C-51.fasta	99.9985	1656	1676
XCVKK-C-5.fasta	XCVCP-C-43.fasta	99.9984	1664	1676
XCVKK-C-5.fasta	DOA-2036.fasta	99.9912	1653	1676
XCVKK-C-5.fasta	VTM12.fasta	99.9884	1655	1676
XCVKK-C-5.fasta	Tu-10.fasta	99.9871	1640	1676
XCVKK-C-5.fasta	X31.fasta	99.9871	1647	1676
XCVKK-C-5.fasta	DOA-1721.fasta	99.9867	1647	1676
XCVKK-C-5.fasta	VTM15.fasta	99.984	1651	1676
XCVKK-C-5.fasta	20HP1594.fasta	99.9837	1642	1676
XCVKK-C-5.fasta	VTM10.fasta	99.9832	1651	1676
XCVKK-C-5.fasta	DOA-1726.fasta	99.9813	1650	1676
XCVKK-C-5.fasta	Xcv_DC_96-5.fasta	99.981	1633	1676
XCVKK-C-5.fasta	Xcv_DC_96-3.fasta	99.9802	1627	1676
XCVKK-C-5.fasta	Xe173.fasta	99.9777	1657	1676
XCVKK-C-5.fasta	20HP1597.fasta	99.9771	1645	1676
XCVKK-C-5.fasta	VTM4.fasta	99.977	1648	1676
XCVKK-C-5.fasta	20HP1615.fasta	99.976	1641	1676
XCVKK-C-5.fasta	X22.fasta	99.9751	1644	1676
XCVKK-C-5.fasta	87-13.fasta	99.9749	1626	1676
XCVKK-C-5.fasta	20HP1608-2.fasta	99.9732	1641	1676
XCVKK-C-5.fasta	20HP1609-2.fasta	99.9728	1644	1676
XCVKK-C-5.fasta	20HP1608-1.fasta	99.9726	1646	1676
XCVKK-C-5.fasta	20HP1614.fasta	99.9703	1641	1676
XCVKK-C-5.fasta	Xcv_DC_97_P1A.fasta	99.97	1621	1676
XCVKK-C-5.fasta	20HP1591.fasta	99.9684	1648	1676
XCVKK-C-5.fasta	VTM16.fasta	99.9665	1651	1676
XCVKK-C-5.fasta	DOA-2987.fasta	99.9664	1644	1676
XCVKK-C-5.fasta	87-7.fasta	99.9663	1615	1676
XCVKK-C-5.fasta	DOA-2983.fasta	99.9646	1650	1676
XCVKK-C-5.fasta	DOA-2989.fasta	99.9631	1650	1676
XCVKK-C-5.fasta	DC99P1B1.fasta	99.9599	1630	1676
XCVKK-C-5.fasta	DC99P1A1.fasta	99.9561	1628	1676
XCVKK-C-5.fasta	Xv157.fasta	99.9549	1603	1676
XCVKK-C-5.fasta	89-10.fasta	99.9517	1600	1676
XCVKK-C-5.fasta	90-13.fasta	99.9409	1627	1676
XCVKK-C-5.fasta	87-21.fasta	99.9241	1587	1676
XCVKK-C-5.fasta	Xcv_DC_97_P2A.fasta	99.9205	1601	1676
XCVKK-C-5.fasta	X13.fasta	99.9181	1644	1676
XCVKK-C-5.fasta	Tu-08.fasta	99.9095	1640	1676
XCVKK-C-5.fasta	XVP26.fasta	99.9073	1617	1676
XCVKK-C-5.fasta	Xcv_DC_96-2.fasta	99.9062	1627	1676
XCVKK-C-5.fasta	69-1.fasta	99.9034	1592	1676
XCVKK-C-5.fasta	Tu-11.fasta	99.9032	1618	1676
XCVKK-C-5.fasta	Tu-06.fasta	99.9025	1615	1676
XCVKK-C-5.fasta	89-16.fasta	99.8974	1631	1676
XCVKK-C-5.fasta	Xcv_DC_93-6.fasta	99.8964	1622	1676
XCVKK-C-5.fasta	Xcv_Sspep_92.fasta	99.894	1603	1676
XCVKK-C-5.fasta	Xcv_DC_96-1.fasta	99.8894	1628	1676
XCVKK-C-5.fasta	FB570.fasta	99.8894	1611	1676
XCVKK-C-5.fasta	Xcv_DC_98_P2A.fasta	99.8864	1628	1676
XCVKK-C-5.fasta	66b.fasta	99.8859	1510	1676
XCVKK-C-5.fasta	71-21.fasta	99.8857	1579	1676
XCVKK-C-5.fasta	87-47.fasta	99.8832	1611	1676
XCVKK-C-5.fasta	Ps-7.fasta	99.8826	1608	1676
XCVKK-C-5.fasta	Xcv_DC_96-4.fasta	99.8825	1628	1676
XCVKK-C-5.fasta	Ps-1.fasta	99.8818	1581	1676
XCVKK-C-5.fasta	Xcv_DC_93-7.fasta	99.8578	1608	1676
XCVKK-C-5.fasta	72-7.fasta	99.8522	1592	1676
XCVKK-C-5.fasta	Xcv_DC_93-9.fasta	99.844	1612	1676
XCVKK-C-5.fasta	VTM17.fasta	99.8437	1632	1676
XCVKK-C-5.fasta	Xcv_DC_93-8.fasta	99.8419	1615	1676
XCVKK-C-5.fasta	Xcv_DC_97_P3A.fasta	99.8386	1611	1676
XCVKK-C-5.fasta	65XENP2.fasta	99.8354	1631	1676
XCVKK-C-5.fasta	86-46.fasta	99.821	1570	1676
XCVKK-C-5.fasta	65XENP3.fasta	99.8207	1630	1676
XCVKK-C-5.fasta	65XENP1.fasta	99.8207	1633	1676
XCVKK-C-5.fasta	20HP1613.fasta	99.8186	1649	1676
XCVKK-C-5.fasta	ATCC_11633.fasta	99.8185	1588	1676
XCVKK-C-5.fasta	Tabasco1.fasta	99.8169	1622	1676
XCVKK-C-5.fasta	85-16.fasta	99.8114	1546	1676
XCVKK-C-5.fasta	DOA-2990.fasta	99.8108	1630	1676
XCVKK-C-5.fasta	75-3.fasta	99.8103	1566	1676
XCVKK-C-5.fasta	86-22.fasta	99.8086	1562	1676
XCVKK-C-5.fasta	LMG_667.fasta	99.8062	1483	1676
XCVKK-C-5.fasta	86-2.fasta	99.799	1558	1676
XCVKK-C-5.fasta	WHRI_8301.fasta	99.7982	1617	1676
XCVKK-C-5.fasta	LMG_933.fasta	99.7954	1417	1676
XCVKK-C-5.fasta	85-10.fasta	99.7944	1626	1676
XCVKK-C-5.fasta	80-5.fasta	99.7926	1620	1676
XCVKK-C-5.fasta	LMG_905.fasta	99.7777	1440	1676
XCVKK-C-5.fasta	X82-8P.fasta	99.7688	1624	1676
XCVKK-C-5.fasta	70-7.fasta	99.7666	1594	1676
XCVKK-C-5.fasta	69-24.fasta	99.7617	1601	1676
XCVKK-C-5.fasta	X82-8P_C6.fasta	99.757	1624	1676
XCVKK-C-5.fasta	X82-8P_C1.fasta	99.7564	1624	1676
XCVKK-C-5.fasta	X82-8P_C5.fasta	99.7561	1625	1676
XCVKK-C-5.fasta	X82-8P_C3.fasta	99.7539	1627	1676
XCVKK-C-5.fasta	X82-8P_C4.fasta	99.7536	1617	1676
XCVKK-C-5.fasta	Xv_72.fasta	99.7519	1601	1676
XCVKK-C-5.fasta	LMG_930.fasta	99.751	1639	1676
XCVKK-C-5.fasta	83M.fasta	99.7451	1503	1676
XCVKK-C-5.fasta	X82-8P_C2.fasta	99.7408	1610	1676
XCVKK-C-5.fasta	Xv_79.fasta	99.7331	1607	1676
XCVKK-C-5.fasta	E3.fasta	99.7291	1590	1676
XCVKK-C-5.fasta	LMG_909.fasta	99.7259	1472	1676
XCVKK-C-5.fasta	LMG_27970.fasta	99.4724	1142	1676
XVP26.fasta	XVP26.fasta	100	1675	1678
XVP26.fasta	65XENP1.fasta	99.9515	1618	1678
XVP26.fasta	DOA-2990.fasta	99.9509	1616	1678
XVP26.fasta	Tabasco1.fasta	99.9475	1622	1678
XVP26.fasta	VTM17.fasta	99.946	1632	1678
XVP26.fasta	Tu-11.fasta	99.9458	1630	1678
XVP26.fasta	Tu-06.fasta	99.9457	1626	1678
XVP26.fasta	65XENP2.fasta	99.9437	1616	1678
XVP26.fasta	65XENP3.fasta	99.9434	1619	1678
XVP26.fasta	Xcv_DC_97_P3A.fasta	99.9391	1608	1678
XVP26.fasta	X22.fasta	99.9366	1618	1678
XVP26.fasta	80-5.fasta	99.9364	1624	1678
XVP26.fasta	VTM15.fasta	99.9361	1620	1678
XVP26.fasta	VTM10.fasta	99.9357	1619	1678
XVP26.fasta	20HP1613.fasta	99.9325	1618	1678
XVP26.fasta	Xcv_DC_96-2.fasta	99.9318	1603	1678
XVP26.fasta	X82-8P_C6.fasta	99.9318	1643	1678
XVP26.fasta	X82-8P_C2.fasta	99.9311	1633	1678
XVP26.fasta	Tu-10.fasta	99.9311	1624	1678
XVP26.fasta	X82-8P_C1.fasta	99.931	1646	1678
XVP26.fasta	VTM12.fasta	99.9309	1619	1678
XVP26.fasta	Tu-08.fasta	99.9301	1626	1678
XVP26.fasta	X82-8P_C4.fasta	99.9295	1638	1678
XVP26.fasta	DOA-1721.fasta	99.9293	1608	1678
XVP26.fasta	X82-8P_C3.fasta	99.9291	1648	1678
XVP26.fasta	XCVKK-C-4.fasta	99.929	1602	1678
XVP26.fasta	62XEKK5.fasta	99.9287	1603	1678
XVP26.fasta	X31.fasta	99.9287	1615	1678
XVP26.fasta	X82-8P_C5.fasta	99.9286	1647	1678
XVP26.fasta	XCVCP-C-51.fasta	99.9279	1603	1678
XVP26.fasta	XCVKK-C-1.fasta	99.9278	1605	1678
XVP26.fasta	VTM4.fasta	99.9272	1612	1678
XVP26.fasta	Xcv_DC_97_P2A.fasta	99.9268	1602	1678
XVP26.fasta	Xcv_DC_96-3.fasta	99.9262	1602	1678
XVP26.fasta	72-7.fasta	99.925	1597	1678
XVP26.fasta	87-21.fasta	99.9249	1592	1678
XVP26.fasta	DOA-2983.fasta	99.9245	1604	1678
XVP26.fasta	20HP1594.fasta	99.9236	1611	1678
XVP26.fasta	Xe173.fasta	99.9234	1639	1678
XVP26.fasta	Xcv_DC_96-5.fasta	99.9228	1606	1678
XVP26.fasta	DOA-2036.fasta	99.9227	1600	1678
XVP26.fasta	Xcv_Sspep_92.fasta	99.9221	1610	1678
XVP26.fasta	XCVKK-C-2.fasta	99.921	1597	1678
XVP26.fasta	69-24.fasta	99.9209	1598	1678
XVP26.fasta	XCVKK-C-5.fasta	99.9201	1604	1678
XVP26.fasta	XCVKK-C-3.fasta	99.9195	1605	1678
XVP26.fasta	Xcv_DC_98_P2A.fasta	99.9189	1599	1678
XVP26.fasta	89-16.fasta	99.9176	1616	1678
XVP26.fasta	XCVCP-C-43.fasta	99.9169	1601	1678
XVP26.fasta	Xcv_DC_96-1.fasta	99.9163	1605	1678
XVP26.fasta	69-1.fasta	99.9156	1593	1678
XVP26.fasta	X82-8P.fasta	99.915	1613	1678
XVP26.fasta	Xcv_DC_93-7.fasta	99.9149	1602	1678
XVP26.fasta	DOA-1726.fasta	99.9119	1606	1678
XVP26.fasta	DOA-2989.fasta	99.9119	1604	1678
XVP26.fasta	DOA-2987.fasta	99.9117	1612	1678
XVP26.fasta	70-7.fasta	99.9116	1592	1678
XVP26.fasta	87-13.fasta	99.9112	1610	1678
XVP26.fasta	71-21.fasta	99.9101	1590	1678
XVP26.fasta	Xcv_DC_93-8.fasta	99.9095	1605	1678
XVP26.fasta	89-10.fasta	99.9052	1588	1678
XVP26.fasta	Xcv_DC_93-6.fasta	99.9046	1601	1678
XVP26.fasta	Xcv_DC_93-9.fasta	99.9023	1602	1678
XVP26.fasta	Ps-1.fasta	99.902	1590	1678
XVP26.fasta	Xcv_DC_96-4.fasta	99.9015	1604	1678
XVP26.fasta	87-7.fasta	99.9004	1595	1678
XVP26.fasta	20HP1591.fasta	99.9001	1603	1678
XVP26.fasta	X13.fasta	99.9	1608	1678
XVP26.fasta	Xv157.fasta	99.8955	1592	1678
XVP26.fasta	E3.fasta	99.8948	1587	1678
XVP26.fasta	86-46.fasta	99.8944	1572	1678
XVP26.fasta	FB570.fasta	99.8909	1591	1678
XVP26.fasta	90-13.fasta	99.8867	1603	1678
XVP26.fasta	Ps-7.fasta	99.8867	1585	1678
XVP26.fasta	Xcv_DC_97_P1A.fasta	99.8825	1596	1678
XVP26.fasta	ATCC_11633.fasta	99.8815	1591	1678
XVP26.fasta	75-3.fasta	99.881	1564	1678
XVP26.fasta	DC99P1A1.fasta	99.8807	1600	1678
XVP26.fasta	DC99P1B1.fasta	99.8769	1605	1678
XVP26.fasta	WHRI_8301.fasta	99.8743	1624	1678
XVP26.fasta	LMG_930.fasta	99.8669	1637	1678
XVP26.fasta	20HP1615.fasta	99.8482	1607	1678
XVP26.fasta	83M.fasta	99.8478	1492	1678
XVP26.fasta	LMG_909.fasta	99.8427	1460	1678
XVP26.fasta	VTM16.fasta	99.8363	1634	1678
XVP26.fasta	20HP1609-2.fasta	99.8315	1613	1678
XVP26.fasta	20HP1608-1.fasta	99.8298	1619	1678
XVP26.fasta	20HP1597.fasta	99.8289	1610	1678
XVP26.fasta	LMG_667.fasta	99.8222	1485	1678
XVP26.fasta	20HP1608-2.fasta	99.8219	1612	1678
XVP26.fasta	20HP1614.fasta	99.8189	1613	1678
XVP26.fasta	87-47.fasta	99.816	1592	1678
XVP26.fasta	66b.fasta	99.811	1493	1678
XVP26.fasta	LMG_905.fasta	99.7667	1457	1678
XVP26.fasta	LMG_933.fasta	99.7612	1425	1678
XVP26.fasta	Xv_72.fasta	99.7433	1611	1678
XVP26.fasta	85-10.fasta	99.7411	1651	1678
XVP26.fasta	Xv_79.fasta	99.7297	1614	1678
XVP26.fasta	86-22.fasta	99.7294	1585	1678
XVP26.fasta	85-16.fasta	99.7192	1566	1678
XVP26.fasta	86-2.fasta	99.7105	1579	1678
XVP26.fasta	LMG_27970.fasta	99.4915	1146	1678
Xcv_DC_93-6.fasta	Xcv_DC_93-6.fasta	100	1714	1718
Xcv_DC_93-6.fasta	Xcv_DC_96-1.fasta	99.9952	1704	1718
Xcv_DC_93-6.fasta	Xcv_DC_98_P2A.fasta	99.9947	1707	1718
Xcv_DC_93-6.fasta	Xcv_DC_96-2.fasta	99.9946	1655	1718
Xcv_DC_93-6.fasta	Xcv_DC_96-4.fasta	99.9946	1701	1718
Xcv_DC_93-6.fasta	FB570.fasta	99.9937	1690	1718
Xcv_DC_93-6.fasta	Ps-7.fasta	99.9893	1682	1718
Xcv_DC_93-6.fasta	Xv157.fasta	99.989	1662	1718
Xcv_DC_93-6.fasta	89-10.fasta	99.9879	1663	1718
Xcv_DC_93-6.fasta	89-16.fasta	99.9871	1697	1718
Xcv_DC_93-6.fasta	87-47.fasta	99.9851	1681	1718
Xcv_DC_93-6.fasta	87-21.fasta	99.9698	1611	1718
Xcv_DC_93-6.fasta	71-21.fasta	99.9663	1601	1718
Xcv_DC_93-6.fasta	Tu-11.fasta	99.9316	1619	1718
Xcv_DC_93-6.fasta	Xcv_DC_97_P3A.fasta	99.931	1625	1718
Xcv_DC_93-6.fasta	Tu-06.fasta	99.9292	1616	1718
Xcv_DC_93-6.fasta	X22.fasta	99.927	1630	1718
Xcv_DC_93-6.fasta	Xcv_DC_96-5.fasta	99.9143	1626	1718
Xcv_DC_93-6.fasta	87-7.fasta	99.9123	1661	1718
Xcv_DC_93-6.fasta	Xcv_DC_96-3.fasta	99.9109	1626	1718
Xcv_DC_93-6.fasta	VTM17.fasta	99.9093	1630	1718
Xcv_DC_93-6.fasta	XVP26.fasta	99.9084	1610	1718
Xcv_DC_93-6.fasta	DOA-1726.fasta	99.9062	1637	1718
Xcv_DC_93-6.fasta	20HP1608-2.fasta	99.9054	1631	1718
Xcv_DC_93-6.fasta	X31.fasta	99.9046	1633	1718
Xcv_DC_93-6.fasta	20HP1614.fasta	99.9041	1633	1718
Xcv_DC_93-6.fasta	DOA-2987.fasta	99.9038	1631	1718
Xcv_DC_93-6.fasta	VTM15.fasta	99.9038	1627	1718
Xcv_DC_93-6.fasta	XCVKK-C-2.fasta	99.9031	1624	1718
Xcv_DC_93-6.fasta	DOA-2989.fasta	99.9024	1637	1718
Xcv_DC_93-6.fasta	VTM10.fasta	99.9017	1627	1718
Xcv_DC_93-6.fasta	XCVCP-C-43.fasta	99.9015	1621	1718
Xcv_DC_93-6.fasta	Tu-10.fasta	99.9009	1636	1718
Xcv_DC_93-6.fasta	20HP1591.fasta	99.8988	1628	1718
Xcv_DC_93-6.fasta	20HP1597.fasta	99.8981	1628	1718
Xcv_DC_93-6.fasta	VTM12.fasta	99.8968	1632	1718
Xcv_DC_93-6.fasta	20HP1615.fasta	99.8951	1628	1718
Xcv_DC_93-6.fasta	DOA-1721.fasta	99.8922	1628	1718
Xcv_DC_93-6.fasta	XCVKK-C-5.fasta	99.8921	1623	1718
Xcv_DC_93-6.fasta	XCVKK-C-3.fasta	99.8914	1621	1718
Xcv_DC_93-6.fasta	20HP1594.fasta	99.8912	1623	1718
Xcv_DC_93-6.fasta	DOA-2036.fasta	99.8902	1623	1718
Xcv_DC_93-6.fasta	XCVKK-C-4.fasta	99.8883	1621	1718
Xcv_DC_93-6.fasta	20HP1609-2.fasta	99.8873	1635	1718
Xcv_DC_93-6.fasta	20HP1608-1.fasta	99.8871	1635	1718
Xcv_DC_93-6.fasta	VTM16.fasta	99.8868	1639	1718
Xcv_DC_93-6.fasta	XCVCP-C-51.fasta	99.8867	1618	1718
Xcv_DC_93-6.fasta	XCVKK-C-1.fasta	99.8846	1623	1718
Xcv_DC_93-6.fasta	62XEKK5.fasta	99.8831	1625	1718
Xcv_DC_93-6.fasta	VTM4.fasta	99.8827	1637	1718
Xcv_DC_93-6.fasta	72-7.fasta	99.8802	1594	1718
Xcv_DC_93-6.fasta	DOA-2990.fasta	99.8748	1632	1718
Xcv_DC_93-6.fasta	DOA-2983.fasta	99.8729	1624	1718
Xcv_DC_93-6.fasta	Xcv_DC_97_P2A.fasta	99.8607	1611	1718
Xcv_DC_93-6.fasta	Tu-08.fasta	99.8603	1633	1718
Xcv_DC_93-6.fasta	65XENP3.fasta	99.858	1635	1718
Xcv_DC_93-6.fasta	65XENP1.fasta	99.8574	1636	1718
Xcv_DC_93-6.fasta	65XENP2.fasta	99.857	1638	1718
Xcv_DC_93-6.fasta	LMG_909.fasta	99.8515	1470	1718
Xcv_DC_93-6.fasta	LMG_667.fasta	99.8483	1547	1718
Xcv_DC_93-6.fasta	ATCC_11633.fasta	99.8468	1610	1718
Xcv_DC_93-6.fasta	Tabasco1.fasta	99.8459	1633	1718
Xcv_DC_93-6.fasta	Xcv_Sspep_92.fasta	99.8328	1654	1718
Xcv_DC_93-6.fasta	83M.fasta	99.8315	1498	1718
Xcv_DC_93-6.fasta	20HP1613.fasta	99.8288	1644	1718
Xcv_DC_93-6.fasta	Ps-1.fasta	99.8276	1626	1718
Xcv_DC_93-6.fasta	DC99P1A1.fasta	99.8276	1667	1718
Xcv_DC_93-6.fasta	DC99P1B1.fasta	99.8263	1666	1718
Xcv_DC_93-6.fasta	87-13.fasta	99.8235	1661	1718
Xcv_DC_93-6.fasta	70-7.fasta	99.8158	1602	1718
Xcv_DC_93-6.fasta	86-46.fasta	99.8145	1603	1718
Xcv_DC_93-6.fasta	X82-8P_C1.fasta	99.812	1622	1718
Xcv_DC_93-6.fasta	LMG_933.fasta	99.8102	1419	1718
Xcv_DC_93-6.fasta	X82-8P_C5.fasta	99.81	1623	1718
Xcv_DC_93-6.fasta	X82-8P.fasta	99.8095	1624	1718
Xcv_DC_93-6.fasta	Xe173.fasta	99.8094	1677	1718
Xcv_DC_93-6.fasta	X82-8P_C3.fasta	99.8083	1625	1718
Xcv_DC_93-6.fasta	X82-8P_C6.fasta	99.8076	1622	1718
Xcv_DC_93-6.fasta	X82-8P_C2.fasta	99.8065	1610	1718
Xcv_DC_93-6.fasta	X82-8P_C4.fasta	99.8008	1618	1718
Xcv_DC_93-6.fasta	Xcv_DC_97_P1A.fasta	99.7989	1654	1718
Xcv_DC_93-6.fasta	X13.fasta	99.7849	1666	1718
Xcv_DC_93-6.fasta	85-10.fasta	99.7757	1660	1718
Xcv_DC_93-6.fasta	69-1.fasta	99.7687	1625	1718
Xcv_DC_93-6.fasta	66b.fasta	99.7606	1531	1718
Xcv_DC_93-6.fasta	85-16.fasta	99.7589	1598	1718
Xcv_DC_93-6.fasta	90-13.fasta	99.7588	1670	1718
Xcv_DC_93-6.fasta	WHRI_8301.fasta	99.7553	1654	1718
Xcv_DC_93-6.fasta	75-3.fasta	99.7505	1617	1718
Xcv_DC_93-6.fasta	69-24.fasta	99.7448	1615	1718
Xcv_DC_93-6.fasta	E3.fasta	99.7446	1614	1718
Xcv_DC_93-6.fasta	86-2.fasta	99.7369	1608	1718
Xcv_DC_93-6.fasta	86-22.fasta	99.7227	1617	1718
Xcv_DC_93-6.fasta	80-5.fasta	99.7071	1662	1718
Xcv_DC_93-6.fasta	LMG_930.fasta	99.6763	1682	1718
Xcv_DC_93-6.fasta	Xcv_DC_93-7.fasta	99.6659	1629	1718
Xcv_DC_93-6.fasta	Xv_72.fasta	99.6658	1662	1718
Xcv_DC_93-6.fasta	Xcv_DC_93-8.fasta	99.6611	1632	1718
Xcv_DC_93-6.fasta	Xv_79.fasta	99.6509	1658	1718
Xcv_DC_93-6.fasta	Xcv_DC_93-9.fasta	99.6507	1630	1718
Xcv_DC_93-6.fasta	LMG_905.fasta	99.5479	1458	1718
Xcv_DC_93-6.fasta	LMG_27970.fasta	99.482	1160	1718
Xcv_DC_93-7.fasta	Xcv_DC_93-7.fasta	100	1687	1688
Xcv_DC_93-7.fasta	Xcv_DC_93-9.fasta	99.9946	1676	1688
Xcv_DC_93-7.fasta	Xcv_DC_93-8.fasta	99.9858	1679	1688
Xcv_DC_93-7.fasta	XVP26.fasta	99.9232	1612	1688
Xcv_DC_93-7.fasta	Tu-11.fasta	99.9168	1618	1688
Xcv_DC_93-7.fasta	Tu-06.fasta	99.9156	1613	1688
Xcv_DC_93-7.fasta	Xcv_DC_97_P3A.fasta	99.8954	1615	1688
Xcv_DC_93-7.fasta	Xcv_DC_97_P2A.fasta	99.8952	1598	1688
Xcv_DC_93-7.fasta	65XENP3.fasta	99.8914	1621	1688
Xcv_DC_93-7.fasta	65XENP2.fasta	99.8907	1620	1688
Xcv_DC_93-7.fasta	65XENP1.fasta	99.8906	1620	1688
Xcv_DC_93-7.fasta	VTM17.fasta	99.8843	1621	1688
Xcv_DC_93-7.fasta	DOA-2983.fasta	99.8778	1604	1688
Xcv_DC_93-7.fasta	Tu-10.fasta	99.8766	1613	1688
Xcv_DC_93-7.fasta	71-21.fasta	99.8759	1591	1688
Xcv_DC_93-7.fasta	Xcv_DC_96-5.fasta	99.8722	1611	1688
Xcv_DC_93-7.fasta	XCVKK-C-1.fasta	99.8722	1604	1688
Xcv_DC_93-7.fasta	20HP1613.fasta	99.872	1632	1688
Xcv_DC_93-7.fasta	VTM10.fasta	99.8709	1608	1688
Xcv_DC_93-7.fasta	20HP1594.fasta	99.8708	1606	1688
Xcv_DC_93-7.fasta	DOA-1721.fasta	99.8696	1608	1688
Xcv_DC_93-7.fasta	X31.fasta	99.8688	1613	1688
Xcv_DC_93-7.fasta	X22.fasta	99.867	1615	1688
Xcv_DC_93-7.fasta	XCVKK-C-3.fasta	99.8665	1609	1688
Xcv_DC_93-7.fasta	DOA-2990.fasta	99.8665	1620	1688
Xcv_DC_93-7.fasta	87-21.fasta	99.8651	1600	1688
Xcv_DC_93-7.fasta	VTM15.fasta	99.8651	1610	1688
Xcv_DC_93-7.fasta	XCVKK-C-5.fasta	99.8649	1610	1688
Xcv_DC_93-7.fasta	XCVCP-C-43.fasta	99.8649	1606	1688
Xcv_DC_93-7.fasta	XCVKK-C-2.fasta	99.8635	1610	1688
Xcv_DC_93-7.fasta	XCVCP-C-51.fasta	99.8634	1602	1688
Xcv_DC_93-7.fasta	XCVKK-C-4.fasta	99.8632	1608	1688
Xcv_DC_93-7.fasta	Xcv_DC_96-3.fasta	99.8631	1610	1688
Xcv_DC_93-7.fasta	62XEKK5.fasta	99.8617	1610	1688
Xcv_DC_93-7.fasta	Tu-08.fasta	99.8531	1617	1688
Xcv_DC_93-7.fasta	Xcv_DC_96-2.fasta	99.8498	1623	1688
Xcv_DC_93-7.fasta	Tabasco1.fasta	99.847	1617	1688
Xcv_DC_93-7.fasta	DOA-2036.fasta	99.846	1604	1688
Xcv_DC_93-7.fasta	DOA-1726.fasta	99.8439	1611	1688
Xcv_DC_93-7.fasta	72-7.fasta	99.8429	1586	1688
Xcv_DC_93-7.fasta	DOA-2989.fasta	99.8371	1615	1688
Xcv_DC_93-7.fasta	VTM12.fasta	99.8351	1615	1688
Xcv_DC_93-7.fasta	20HP1614.fasta	99.8318	1609	1688
Xcv_DC_93-7.fasta	DOA-2987.fasta	99.8313	1613	1688
Xcv_DC_93-7.fasta	VTM4.fasta	99.8312	1616	1688
Xcv_DC_93-7.fasta	LMG_905.fasta	99.8301	1478	1688
Xcv_DC_93-7.fasta	ATCC_11633.fasta	99.8292	1598	1688
Xcv_DC_93-7.fasta	20HP1608-1.fasta	99.829	1612	1688
Xcv_DC_93-7.fasta	20HP1615.fasta	99.8284	1604	1688
Xcv_DC_93-7.fasta	20HP1597.fasta	99.8283	1606	1688
Xcv_DC_93-7.fasta	20HP1591.fasta	99.8278	1608	1688
Xcv_DC_93-7.fasta	20HP1608-2.fasta	99.827	1609	1688
Xcv_DC_93-7.fasta	86-46.fasta	99.8204	1580	1688
Xcv_DC_93-7.fasta	20HP1609-2.fasta	99.8187	1612	1688
Xcv_DC_93-7.fasta	X82-8P_C6.fasta	99.8135	1606	1688
Xcv_DC_93-7.fasta	X82-8P_C5.fasta	99.8129	1608	1688
Xcv_DC_93-7.fasta	X82-8P_C3.fasta	99.8125	1607	1688
Xcv_DC_93-7.fasta	X82-8P_C1.fasta	99.8119	1606	1688
Xcv_DC_93-7.fasta	X82-8P.fasta	99.8119	1609	1688
Xcv_DC_93-7.fasta	X82-8P_C4.fasta	99.8105	1603	1688
Xcv_DC_93-7.fasta	VTM16.fasta	99.8083	1624	1688
Xcv_DC_93-7.fasta	X82-8P_C2.fasta	99.8062	1597	1688
Xcv_DC_93-7.fasta	69-24.fasta	99.8014	1590	1688
Xcv_DC_93-7.fasta	E3.fasta	99.7983	1592	1688
Xcv_DC_93-7.fasta	70-7.fasta	99.793	1590	1688
Xcv_DC_93-7.fasta	83M.fasta	99.7874	1491	1688
Xcv_DC_93-7.fasta	LMG_909.fasta	99.7598	1453	1688
Xcv_DC_93-7.fasta	LMG_933.fasta	99.7551	1412	1688
Xcv_DC_93-7.fasta	Xcv_Sspep_92.fasta	99.7375	1626	1688
Xcv_DC_93-7.fasta	Xcv_DC_97_P1A.fasta	99.7119	1610	1688
Xcv_DC_93-7.fasta	Ps-1.fasta	99.7018	1598	1688
Xcv_DC_93-7.fasta	Xe173.fasta	99.6893	1639	1688
Xcv_DC_93-7.fasta	85-10.fasta	99.6844	1631	1688
Xcv_DC_93-7.fasta	Xv157.fasta	99.6667	1614	1688
Xcv_DC_93-7.fasta	89-10.fasta	99.6661	1617	1688
Xcv_DC_93-7.fasta	X13.fasta	99.6623	1622	1688
Xcv_DC_93-7.fasta	Xcv_DC_93-6.fasta	99.6571	1630	1688
Xcv_DC_93-7.fasta	WHRI_8301.fasta	99.6569	1624	1688
Xcv_DC_93-7.fasta	Xcv_DC_96-1.fasta	99.6537	1635	1688
Xcv_DC_93-7.fasta	87-13.fasta	99.6533	1613	1688
Xcv_DC_93-7.fasta	DC99P1B1.fasta	99.6516	1621	1688
Xcv_DC_93-7.fasta	Xcv_DC_96-4.fasta	99.6484	1630	1688
Xcv_DC_93-7.fasta	75-3.fasta	99.6467	1588	1688
Xcv_DC_93-7.fasta	Xcv_DC_98_P2A.fasta	99.6451	1633	1688
Xcv_DC_93-7.fasta	DC99P1A1.fasta	99.6415	1619	1688
Xcv_DC_93-7.fasta	FB570.fasta	99.6393	1618	1688
Xcv_DC_93-7.fasta	87-47.fasta	99.6393	1611	1688
Xcv_DC_93-7.fasta	87-7.fasta	99.6374	1597	1688
Xcv_DC_93-7.fasta	85-16.fasta	99.6368	1572	1688
Xcv_DC_93-7.fasta	Ps-7.fasta	99.6335	1611	1688
Xcv_DC_93-7.fasta	86-2.fasta	99.6324	1578	1688
Xcv_DC_93-7.fasta	89-16.fasta	99.6296	1627	1688
Xcv_DC_93-7.fasta	86-22.fasta	99.6261	1593	1688
Xcv_DC_93-7.fasta	Xv_79.fasta	99.6208	1622	1688
Xcv_DC_93-7.fasta	Xv_72.fasta	99.6192	1616	1688
Xcv_DC_93-7.fasta	80-5.fasta	99.6169	1633	1688
Xcv_DC_93-7.fasta	90-13.fasta	99.6009	1612	1688
Xcv_DC_93-7.fasta	LMG_930.fasta	99.5982	1640	1688
Xcv_DC_93-7.fasta	69-1.fasta	99.591	1607	1688
Xcv_DC_93-7.fasta	66b.fasta	99.5807	1499	1688
Xcv_DC_93-7.fasta	LMG_667.fasta	99.5325	1501	1688
Xcv_DC_93-7.fasta	LMG_27970.fasta	99.4048	1158	1688
Xcv_DC_93-8.fasta	Xcv_DC_93-8.fasta	100	1686	1692
Xcv_DC_93-8.fasta	Xcv_DC_93-9.fasta	99.9977	1669	1692
Xcv_DC_93-8.fasta	Xcv_DC_93-7.fasta	99.9949	1671	1692
Xcv_DC_93-8.fasta	XVP26.fasta	99.9346	1614	1692
Xcv_DC_93-8.fasta	Tu-11.fasta	99.92	1620	1692
Xcv_DC_93-8.fasta	Tu-06.fasta	99.92	1614	1692
Xcv_DC_93-8.fasta	Xcv_DC_97_P3A.fasta	99.8969	1615	1692
Xcv_DC_93-8.fasta	Xcv_DC_97_P2A.fasta	99.8943	1601	1692
Xcv_DC_93-8.fasta	71-21.fasta	99.8937	1584	1692
Xcv_DC_93-8.fasta	65XENP3.fasta	99.8872	1622	1692
Xcv_DC_93-8.fasta	65XENP2.fasta	99.887	1620	1692
Xcv_DC_93-8.fasta	65XENP1.fasta	99.8869	1620	1692
Xcv_DC_93-8.fasta	X22.fasta	99.8849	1614	1692
Xcv_DC_93-8.fasta	VTM17.fasta	99.8839	1622	1692
Xcv_DC_93-8.fasta	DOA-1721.fasta	99.8825	1607	1692
Xcv_DC_93-8.fasta	Tu-10.fasta	99.88	1616	1692
Xcv_DC_93-8.fasta	Xcv_DC_96-5.fasta	99.8787	1606	1692
Xcv_DC_93-8.fasta	DOA-2983.fasta	99.8758	1610	1692
Xcv_DC_93-8.fasta	20HP1594.fasta	99.8743	1605	1692
Xcv_DC_93-8.fasta	DOA-2990.fasta	99.8742	1620	1692
Xcv_DC_93-8.fasta	X31.fasta	99.8742	1613	1692
Xcv_DC_93-8.fasta	XCVCP-C-51.fasta	99.871	1604	1692
Xcv_DC_93-8.fasta	20HP1613.fasta	99.8708	1637	1692
Xcv_DC_93-8.fasta	VTM10.fasta	99.8708	1612	1692
Xcv_DC_93-8.fasta	Xcv_DC_96-3.fasta	99.8705	1608	1692
Xcv_DC_93-8.fasta	87-21.fasta	99.8668	1596	1692
Xcv_DC_93-8.fasta	XCVKK-C-5.fasta	99.8647	1612	1692
Xcv_DC_93-8.fasta	VTM15.fasta	99.8644	1614	1692
Xcv_DC_93-8.fasta	XCVKK-C-3.fasta	99.864	1612	1692
Xcv_DC_93-8.fasta	DOA-2036.fasta	99.8611	1604	1692
Xcv_DC_93-8.fasta	XCVKK-C-4.fasta	99.8593	1612	1692
Xcv_DC_93-8.fasta	XCVCP-C-43.fasta	99.859	1609	1692
Xcv_DC_93-8.fasta	Tu-08.fasta	99.8588	1618	1692
Xcv_DC_93-8.fasta	XCVKK-C-1.fasta	99.8576	1605	1692
Xcv_DC_93-8.fasta	Xcv_DC_96-2.fasta	99.8555	1616	1692
Xcv_DC_93-8.fasta	XCVKK-C-2.fasta	99.8533	1611	1692
Xcv_DC_93-8.fasta	62XEKK5.fasta	99.849	1612	1692
Xcv_DC_93-8.fasta	DOA-1726.fasta	99.8471	1616	1692
Xcv_DC_93-8.fasta	VTM12.fasta	99.8454	1613	1692
Xcv_DC_93-8.fasta	LMG_905.fasta	99.8423	1472	1692
Xcv_DC_93-8.fasta	ATCC_11633.fasta	99.8412	1588	1692
Xcv_DC_93-8.fasta	72-7.fasta	99.8406	1587	1692
Xcv_DC_93-8.fasta	DOA-2989.fasta	99.8402	1616	1692
Xcv_DC_93-8.fasta	DOA-2987.fasta	99.84	1614	1692
Xcv_DC_93-8.fasta	Tabasco1.fasta	99.8321	1621	1692
Xcv_DC_93-8.fasta	20HP1608-1.fasta	99.8309	1616	1692
Xcv_DC_93-8.fasta	20HP1609-2.fasta	99.8297	1613	1692
Xcv_DC_93-8.fasta	20HP1597.fasta	99.8276	1611	1692
Xcv_DC_93-8.fasta	86-46.fasta	99.8269	1571	1692
Xcv_DC_93-8.fasta	20HP1614.fasta	99.8247	1614	1692
Xcv_DC_93-8.fasta	20HP1591.fasta	99.8247	1612	1692
Xcv_DC_93-8.fasta	20HP1615.fasta	99.8242	1609	1692
Xcv_DC_93-8.fasta	20HP1608-2.fasta	99.8233	1612	1692
Xcv_DC_93-8.fasta	VTM4.fasta	99.82	1618	1692
Xcv_DC_93-8.fasta	83M.fasta	99.8109	1483	1692
Xcv_DC_93-8.fasta	VTM16.fasta	99.8108	1626	1692
Xcv_DC_93-8.fasta	X82-8P_C1.fasta	99.8035	1607	1692
Xcv_DC_93-8.fasta	X82-8P.fasta	99.8034	1611	1692
Xcv_DC_93-8.fasta	X82-8P_C3.fasta	99.8022	1611	1692
Xcv_DC_93-8.fasta	X82-8P_C4.fasta	99.7974	1604	1692
Xcv_DC_93-8.fasta	E3.fasta	99.794	1590	1692
Xcv_DC_93-8.fasta	X82-8P_C2.fasta	99.7937	1598	1692
Xcv_DC_93-8.fasta	X82-8P_C6.fasta	99.7913	1610	1692
Xcv_DC_93-8.fasta	X82-8P_C5.fasta	99.7884	1613	1692
Xcv_DC_93-8.fasta	69-24.fasta	99.7862	1593	1692
Xcv_DC_93-8.fasta	70-7.fasta	99.7824	1592	1692
Xcv_DC_93-8.fasta	LMG_909.fasta	99.7682	1453	1692
Xcv_DC_93-8.fasta	LMG_933.fasta	99.7545	1411	1692
Xcv_DC_93-8.fasta	Xcv_Sspep_92.fasta	99.7285	1626	1692
Xcv_DC_93-8.fasta	Ps-1.fasta	99.7061	1597	1692
Xcv_DC_93-8.fasta	Xcv_DC_97_P1A.fasta	99.6991	1611	1692
Xcv_DC_93-8.fasta	89-10.fasta	99.6861	1608	1692
Xcv_DC_93-8.fasta	Xv157.fasta	99.6824	1614	1692
Xcv_DC_93-8.fasta	Xe173.fasta	99.6817	1643	1692
Xcv_DC_93-8.fasta	85-10.fasta	99.674	1635	1692
Xcv_DC_93-8.fasta	X13.fasta	99.6694	1622	1692
Xcv_DC_93-8.fasta	WHRI_8301.fasta	99.664	1625	1692
Xcv_DC_93-8.fasta	Xcv_DC_96-1.fasta	99.6609	1632	1692
Xcv_DC_93-8.fasta	Xcv_DC_98_P2A.fasta	99.66	1628	1692
Xcv_DC_93-8.fasta	Xcv_DC_96-4.fasta	99.6583	1626	1692
Xcv_DC_93-8.fasta	Xcv_DC_93-6.fasta	99.6541	1627	1692
Xcv_DC_93-8.fasta	FB570.fasta	99.6521	1617	1692
Xcv_DC_93-8.fasta	87-13.fasta	99.6438	1621	1692
Xcv_DC_93-8.fasta	87-47.fasta	99.6437	1607	1692
Xcv_DC_93-8.fasta	Ps-7.fasta	99.6365	1609	1692
Xcv_DC_93-8.fasta	75-3.fasta	99.6357	1582	1692
Xcv_DC_93-8.fasta	DC99P1A1.fasta	99.6351	1619	1692
Xcv_DC_93-8.fasta	89-16.fasta	99.6345	1633	1692
Xcv_DC_93-8.fasta	87-7.fasta	99.6342	1606	1692
Xcv_DC_93-8.fasta	DC99P1B1.fasta	99.6337	1623	1692
Xcv_DC_93-8.fasta	85-16.fasta	99.6291	1565	1692
Xcv_DC_93-8.fasta	86-2.fasta	99.6233	1574	1692
Xcv_DC_93-8.fasta	80-5.fasta	99.6217	1636	1692
Xcv_DC_93-8.fasta	86-22.fasta	99.6127	1585	1692
Xcv_DC_93-8.fasta	LMG_930.fasta	99.6038	1641	1692
Xcv_DC_93-8.fasta	Xv_72.fasta	99.6018	1611	1692
Xcv_DC_93-8.fasta	69-1.fasta	99.5989	1611	1692
Xcv_DC_93-8.fasta	Xv_79.fasta	99.5988	1618	1692
Xcv_DC_93-8.fasta	90-13.fasta	99.5928	1618	1692
Xcv_DC_93-8.fasta	66b.fasta	99.5618	1501	1692
Xcv_DC_93-8.fasta	LMG_667.fasta	99.54	1499	1692
Xcv_DC_93-8.fasta	LMG_27970.fasta	99.3785	1155	1692
Xcv_DC_93-9.fasta	Xcv_DC_93-9.fasta	100	1685	1687
Xcv_DC_93-9.fasta	Xcv_DC_93-8.fasta	99.9962	1677	1687
Xcv_DC_93-9.fasta	Xcv_DC_93-7.fasta	99.9948	1674	1687
Xcv_DC_93-9.fasta	XVP26.fasta	99.9284	1611	1687
Xcv_DC_93-9.fasta	Tu-06.fasta	99.9202	1611	1687
Xcv_DC_93-9.fasta	Tu-11.fasta	99.92	1617	1687
Xcv_DC_93-9.fasta	Xcv_DC_97_P2A.fasta	99.9022	1598	1687
Xcv_DC_93-9.fasta	Xcv_DC_97_P3A.fasta	99.9013	1609	1687
Xcv_DC_93-9.fasta	71-21.fasta	99.8843	1587	1687
Xcv_DC_93-9.fasta	65XENP3.fasta	99.8817	1620	1687
Xcv_DC_93-9.fasta	65XENP2.fasta	99.8815	1618	1687
Xcv_DC_93-9.fasta	65XENP1.fasta	99.881	1619	1687
Xcv_DC_93-9.fasta	Xcv_DC_96-5.fasta	99.8805	1608	1687
Xcv_DC_93-9.fasta	X31.fasta	99.8788	1610	1687
Xcv_DC_93-9.fasta	VTM17.fasta	99.878	1619	1687
Xcv_DC_93-9.fasta	X22.fasta	99.8774	1613	1687
Xcv_DC_93-9.fasta	Xcv_DC_96-3.fasta	99.876	1605	1687
Xcv_DC_93-9.fasta	Tu-10.fasta	99.8756	1611	1687
Xcv_DC_93-9.fasta	DOA-1721.fasta	99.8751	1604	1687
Xcv_DC_93-9.fasta	VTM10.fasta	99.8742	1604	1687
Xcv_DC_93-9.fasta	XCVKK-C-3.fasta	99.874	1603	1687
Xcv_DC_93-9.fasta	XCVKK-C-5.fasta	99.8734	1605	1687
Xcv_DC_93-9.fasta	62XEKK5.fasta	99.8727	1605	1687
Xcv_DC_93-9.fasta	XCVCP-C-43.fasta	99.872	1602	1687
Xcv_DC_93-9.fasta	XCVKK-C-2.fasta	99.8703	1604	1687
Xcv_DC_93-9.fasta	DOA-2036.fasta	99.8696	1598	1687
Xcv_DC_93-9.fasta	XCVKK-C-1.fasta	99.8686	1599	1687
Xcv_DC_93-9.fasta	XCVKK-C-4.fasta	99.8686	1604	1687
Xcv_DC_93-9.fasta	DOA-2983.fasta	99.8682	1603	1687
Xcv_DC_93-9.fasta	XCVCP-C-51.fasta	99.8659	1600	1687
Xcv_DC_93-9.fasta	VTM15.fasta	99.8654	1604	1687
Xcv_DC_93-9.fasta	20HP1613.fasta	99.8653	1634	1687
Xcv_DC_93-9.fasta	DOA-2990.fasta	99.8652	1617	1687
Xcv_DC_93-9.fasta	20HP1594.fasta	99.865	1603	1687
Xcv_DC_93-9.fasta	87-21.fasta	99.8623	1599	1687
Xcv_DC_93-9.fasta	Tu-08.fasta	99.85	1617	1687
Xcv_DC_93-9.fasta	Xcv_DC_96-2.fasta	99.8489	1621	1687
Xcv_DC_93-9.fasta	VTM12.fasta	99.8431	1608	1687
Xcv_DC_93-9.fasta	DOA-1726.fasta	99.8405	1611	1687
Xcv_DC_93-9.fasta	ATCC_11633.fasta	99.8369	1590	1687
Xcv_DC_93-9.fasta	86-46.fasta	99.8344	1580	1687
Xcv_DC_93-9.fasta	DOA-2987.fasta	99.8342	1609	1687
Xcv_DC_93-9.fasta	72-7.fasta	99.8314	1587	1687
Xcv_DC_93-9.fasta	DOA-2989.fasta	99.8309	1612	1687
Xcv_DC_93-9.fasta	Tabasco1.fasta	99.8308	1617	1687
Xcv_DC_93-9.fasta	VTM4.fasta	99.8298	1611	1687
Xcv_DC_93-9.fasta	LMG_905.fasta	99.8289	1476	1687
Xcv_DC_93-9.fasta	20HP1608-1.fasta	99.8282	1608	1687
Xcv_DC_93-9.fasta	20HP1614.fasta	99.8259	1605	1687
Xcv_DC_93-9.fasta	20HP1597.fasta	99.8225	1602	1687
Xcv_DC_93-9.fasta	20HP1591.fasta	99.8218	1606	1687
Xcv_DC_93-9.fasta	20HP1615.fasta	99.8209	1602	1687
Xcv_DC_93-9.fasta	20HP1608-2.fasta	99.8209	1607	1687
Xcv_DC_93-9.fasta	20HP1609-2.fasta	99.8182	1607	1687
Xcv_DC_93-9.fasta	X82-8P_C3.fasta	99.8115	1605	1687
Xcv_DC_93-9.fasta	X82-8P.fasta	99.8104	1606	1687
Xcv_DC_93-9.fasta	X82-8P_C2.fasta	99.8085	1593	1687
Xcv_DC_93-9.fasta	VTM16.fasta	99.808	1620	1687
Xcv_DC_93-9.fasta	X82-8P_C1.fasta	99.8071	1606	1687
Xcv_DC_93-9.fasta	X82-8P_C6.fasta	99.8067	1604	1687
Xcv_DC_93-9.fasta	X82-8P_C5.fasta	99.8056	1606	1687
Xcv_DC_93-9.fasta	83M.fasta	99.8055	1488	1687
Xcv_DC_93-9.fasta	X82-8P_C4.fasta	99.8041	1602	1687
Xcv_DC_93-9.fasta	E3.fasta	99.7865	1591	1687
Xcv_DC_93-9.fasta	69-24.fasta	99.7848	1592	1687
Xcv_DC_93-9.fasta	70-7.fasta	99.7769	1592	1687
Xcv_DC_93-9.fasta	LMG_909.fasta	99.7577	1456	1687
Xcv_DC_93-9.fasta	LMG_933.fasta	99.7455	1413	1687
Xcv_DC_93-9.fasta	Xcv_Sspep_92.fasta	99.7401	1624	1687
Xcv_DC_93-9.fasta	Ps-1.fasta	99.7094	1595	1687
Xcv_DC_93-9.fasta	Xcv_DC_97_P1A.fasta	99.7079	1607	1687
Xcv_DC_93-9.fasta	Xe173.fasta	99.6848	1637	1687
Xcv_DC_93-9.fasta	85-10.fasta	99.6791	1629	1687
Xcv_DC_93-9.fasta	Xv157.fasta	99.6763	1615	1687
Xcv_DC_93-9.fasta	89-10.fasta	99.6757	1612	1687
Xcv_DC_93-9.fasta	X13.fasta	99.6752	1618	1687
Xcv_DC_93-9.fasta	Xcv_DC_98_P2A.fasta	99.6563	1630	1687
Xcv_DC_93-9.fasta	Xcv_DC_96-1.fasta	99.655	1635	1687
Xcv_DC_93-9.fasta	Xcv_DC_96-4.fasta	99.6549	1627	1687
Xcv_DC_93-9.fasta	Xcv_DC_93-6.fasta	99.6529	1629	1687
Xcv_DC_93-9.fasta	FB570.fasta	99.6481	1614	1687
Xcv_DC_93-9.fasta	75-3.fasta	99.6432	1584	1687
Xcv_DC_93-9.fasta	DC99P1B1.fasta	99.6426	1618	1687
Xcv_DC_93-9.fasta	85-16.fasta	99.6421	1566	1687
Xcv_DC_93-9.fasta	DC99P1A1.fasta	99.642	1617	1687
Xcv_DC_93-9.fasta	WHRI_8301.fasta	99.6419	1622	1687
Xcv_DC_93-9.fasta	87-13.fasta	99.6414	1614	1687
Xcv_DC_93-9.fasta	86-2.fasta	99.6398	1568	1687
Xcv_DC_93-9.fasta	87-47.fasta	99.6395	1607	1687
Xcv_DC_93-9.fasta	Ps-7.fasta	99.636	1610	1687
Xcv_DC_93-9.fasta	87-7.fasta	99.6309	1597	1687
Xcv_DC_93-9.fasta	86-22.fasta	99.6299	1584	1687
Xcv_DC_93-9.fasta	89-16.fasta	99.6282	1629	1687
Xcv_DC_93-9.fasta	80-5.fasta	99.6235	1633	1687
Xcv_DC_93-9.fasta	Xv_79.fasta	99.6164	1615	1687
Xcv_DC_93-9.fasta	Xv_72.fasta	99.6111	1610	1687
Xcv_DC_93-9.fasta	LMG_930.fasta	99.6014	1638	1687
Xcv_DC_93-9.fasta	69-1.fasta	99.5947	1606	1687
Xcv_DC_93-9.fasta	90-13.fasta	99.5938	1610	1687
Xcv_DC_93-9.fasta	66b.fasta	99.5633	1492	1687
Xcv_DC_93-9.fasta	LMG_667.fasta	99.5456	1496	1687
Xcv_DC_93-9.fasta	LMG_27970.fasta	99.3664	1157	1687
Xcv_DC_96-1.fasta	Xcv_DC_96-1.fasta	100	1719	1722
Xcv_DC_96-1.fasta	Xcv_DC_96-4.fasta	99.9996	1700	1722
Xcv_DC_96-1.fasta	Xcv_DC_96-2.fasta	99.9993	1656	1722
Xcv_DC_96-1.fasta	Xcv_DC_98_P2A.fasta	99.9977	1704	1722
Xcv_DC_96-1.fasta	Xcv_DC_93-6.fasta	99.9938	1698	1722
Xcv_DC_96-1.fasta	Xv157.fasta	99.9909	1666	1722
Xcv_DC_96-1.fasta	Ps-7.fasta	99.9891	1683	1722
Xcv_DC_96-1.fasta	89-16.fasta	99.9875	1697	1722
Xcv_DC_96-1.fasta	87-47.fasta	99.9859	1681	1722
Xcv_DC_96-1.fasta	89-10.fasta	99.9849	1666	1722
Xcv_DC_96-1.fasta	FB570.fasta	99.9843	1690	1722
Xcv_DC_96-1.fasta	87-21.fasta	99.9669	1608	1722
Xcv_DC_96-1.fasta	71-21.fasta	99.9604	1601	1722
Xcv_DC_96-1.fasta	X22.fasta	99.9288	1632	1722
Xcv_DC_96-1.fasta	Xcv_DC_97_P3A.fasta	99.9197	1627	1722
Xcv_DC_96-1.fasta	Xcv_DC_96-5.fasta	99.918	1625	1722
Xcv_DC_96-1.fasta	20HP1608-2.fasta	99.9152	1632	1722
Xcv_DC_96-1.fasta	Xcv_DC_96-3.fasta	99.9141	1624	1722
Xcv_DC_96-1.fasta	20HP1614.fasta	99.9125	1635	1722
Xcv_DC_96-1.fasta	20HP1591.fasta	99.9108	1634	1722
Xcv_DC_96-1.fasta	Tu-11.fasta	99.91	1622	1722
Xcv_DC_96-1.fasta	Tu-06.fasta	99.9095	1619	1722
Xcv_DC_96-1.fasta	DOA-2987.fasta	99.9061	1633	1722
Xcv_DC_96-1.fasta	VTM16.fasta	99.9053	1643	1722
Xcv_DC_96-1.fasta	DOA-1726.fasta	99.9048	1640	1722
Xcv_DC_96-1.fasta	X31.fasta	99.904	1633	1722
Xcv_DC_96-1.fasta	DOA-2989.fasta	99.9038	1636	1722
Xcv_DC_96-1.fasta	XCVKK-C-2.fasta	99.903	1624	1722
Xcv_DC_96-1.fasta	87-7.fasta	99.9014	1665	1722
Xcv_DC_96-1.fasta	Tu-10.fasta	99.8999	1635	1722
Xcv_DC_96-1.fasta	XCVCP-C-43.fasta	99.8998	1622	1722
Xcv_DC_96-1.fasta	VTM15.fasta	99.8995	1630	1722
Xcv_DC_96-1.fasta	VTM10.fasta	99.8967	1630	1722
Xcv_DC_96-1.fasta	DOA-1721.fasta	99.8964	1628	1722
Xcv_DC_96-1.fasta	20HP1615.fasta	99.895	1628	1722
Xcv_DC_96-1.fasta	20HP1609-2.fasta	99.8949	1636	1722
Xcv_DC_96-1.fasta	20HP1608-1.fasta	99.8947	1637	1722
Xcv_DC_96-1.fasta	20HP1597.fasta	99.8947	1632	1722
Xcv_DC_96-1.fasta	20HP1594.fasta	99.8938	1628	1722
Xcv_DC_96-1.fasta	VTM12.fasta	99.8932	1635	1722
Xcv_DC_96-1.fasta	VTM17.fasta	99.8932	1635	1722
Xcv_DC_96-1.fasta	XCVKK-C-3.fasta	99.8909	1622	1722
Xcv_DC_96-1.fasta	DOA-2036.fasta	99.8892	1623	1722
Xcv_DC_96-1.fasta	XCVKK-C-5.fasta	99.8889	1625	1722
Xcv_DC_96-1.fasta	DOA-2983.fasta	99.8865	1629	1722
Xcv_DC_96-1.fasta	XCVCP-C-51.fasta	99.8857	1618	1722
Xcv_DC_96-1.fasta	62XEKK5.fasta	99.8853	1626	1722
Xcv_DC_96-1.fasta	XCVKK-C-1.fasta	99.8845	1624	1722
Xcv_DC_96-1.fasta	VTM4.fasta	99.8835	1640	1722
Xcv_DC_96-1.fasta	XVP26.fasta	99.8834	1616	1722
Xcv_DC_96-1.fasta	XCVKK-C-4.fasta	99.8827	1624	1722
Xcv_DC_96-1.fasta	72-7.fasta	99.8786	1598	1722
Xcv_DC_96-1.fasta	Tabasco1.fasta	99.8605	1634	1722
Xcv_DC_96-1.fasta	DOA-2990.fasta	99.8598	1634	1722
Xcv_DC_96-1.fasta	Tu-08.fasta	99.8592	1637	1722
Xcv_DC_96-1.fasta	Xcv_DC_97_P2A.fasta	99.8582	1608	1722
Xcv_DC_96-1.fasta	ATCC_11633.fasta	99.8499	1612	1722
Xcv_DC_96-1.fasta	DC99P1A1.fasta	99.8383	1665	1722
Xcv_DC_96-1.fasta	LMG_667.fasta	99.8376	1548	1722
Xcv_DC_96-1.fasta	83M.fasta	99.8294	1498	1722
Xcv_DC_96-1.fasta	20HP1613.fasta	99.8283	1648	1722
Xcv_DC_96-1.fasta	Xcv_Sspep_92.fasta	99.8275	1654	1722
Xcv_DC_96-1.fasta	86-46.fasta	99.8273	1595	1722
Xcv_DC_96-1.fasta	DC99P1B1.fasta	99.827	1670	1722
Xcv_DC_96-1.fasta	65XENP2.fasta	99.8239	1637	1722
Xcv_DC_96-1.fasta	65XENP1.fasta	99.8231	1639	1722
Xcv_DC_96-1.fasta	70-7.fasta	99.8228	1600	1722
Xcv_DC_96-1.fasta	Ps-1.fasta	99.8224	1625	1722
Xcv_DC_96-1.fasta	65XENP3.fasta	99.8186	1637	1722
Xcv_DC_96-1.fasta	87-13.fasta	99.8177	1662	1722
Xcv_DC_96-1.fasta	Xcv_DC_97_P1A.fasta	99.8167	1650	1722
Xcv_DC_96-1.fasta	LMG_909.fasta	99.815	1473	1722
Xcv_DC_96-1.fasta	X82-8P_C3.fasta	99.8117	1624	1722
Xcv_DC_96-1.fasta	X82-8P.fasta	99.8117	1626	1722
Xcv_DC_96-1.fasta	X82-8P_C1.fasta	99.8116	1624	1722
Xcv_DC_96-1.fasta	X82-8P_C5.fasta	99.8103	1625	1722
Xcv_DC_96-1.fasta	LMG_933.fasta	99.809	1420	1722
Xcv_DC_96-1.fasta	X82-8P_C6.fasta	99.807	1624	1722
Xcv_DC_96-1.fasta	X82-8P_C4.fasta	99.8068	1617	1722
Xcv_DC_96-1.fasta	Xe173.fasta	99.805	1681	1722
Xcv_DC_96-1.fasta	X82-8P_C2.fasta	99.7922	1612	1722
Xcv_DC_96-1.fasta	X13.fasta	99.789	1666	1722
Xcv_DC_96-1.fasta	90-13.fasta	99.7688	1665	1722
Xcv_DC_96-1.fasta	85-10.fasta	99.7655	1662	1722
Xcv_DC_96-1.fasta	WHRI_8301.fasta	99.7645	1656	1722
Xcv_DC_96-1.fasta	69-1.fasta	99.7587	1621	1722
Xcv_DC_96-1.fasta	85-16.fasta	99.7547	1600	1722
Xcv_DC_96-1.fasta	66b.fasta	99.754	1536	1722
Xcv_DC_96-1.fasta	75-3.fasta	99.7495	1618	1722
Xcv_DC_96-1.fasta	69-24.fasta	99.7464	1619	1722
Xcv_DC_96-1.fasta	E3.fasta	99.7454	1616	1722
Xcv_DC_96-1.fasta	86-22.fasta	99.7402	1615	1722
Xcv_DC_96-1.fasta	86-2.fasta	99.7345	1605	1722
Xcv_DC_96-1.fasta	80-5.fasta	99.7084	1662	1722
Xcv_DC_96-1.fasta	Xcv_DC_93-9.fasta	99.681	1630	1722
Xcv_DC_96-1.fasta	Xcv_DC_93-7.fasta	99.6737	1628	1722
Xcv_DC_96-1.fasta	Xcv_DC_93-8.fasta	99.6731	1636	1722
Xcv_DC_96-1.fasta	Xv_72.fasta	99.665	1656	1722
Xcv_DC_96-1.fasta	LMG_930.fasta	99.6586	1687	1722
Xcv_DC_96-1.fasta	Xv_79.fasta	99.632	1659	1722
Xcv_DC_96-1.fasta	LMG_905.fasta	99.5672	1461	1722
Xcv_DC_96-1.fasta	LMG_27970.fasta	99.4591	1157	1722
Xcv_DC_96-2.fasta	Xcv_DC_96-2.fasta	100	1665	1667
Xcv_DC_96-2.fasta	Xcv_DC_98_P2A.fasta	99.9981	1652	1667
Xcv_DC_96-2.fasta	Xcv_DC_96-4.fasta	99.998	1648	1667
Xcv_DC_96-2.fasta	Xcv_DC_96-1.fasta	99.998	1656	1667
Xcv_DC_96-2.fasta	Xcv_DC_93-6.fasta	99.9894	1648	1667
Xcv_DC_96-2.fasta	89-16.fasta	99.9879	1648	1667
Xcv_DC_96-2.fasta	Ps-7.fasta	99.9879	1628	1667
Xcv_DC_96-2.fasta	FB570.fasta	99.9848	1635	1667
Xcv_DC_96-2.fasta	Xv157.fasta	99.9847	1614	1667
Xcv_DC_96-2.fasta	87-47.fasta	99.9838	1626	1667
Xcv_DC_96-2.fasta	89-10.fasta	99.9818	1613	1667
Xcv_DC_96-2.fasta	87-21.fasta	99.9698	1607	1667
Xcv_DC_96-2.fasta	71-21.fasta	99.9631	1599	1667
Xcv_DC_96-2.fasta	69-1.fasta	99.9346	1596	1667
Xcv_DC_96-2.fasta	Xcv_DC_97_P3A.fasta	99.9294	1624	1667
Xcv_DC_96-2.fasta	DC99P1A1.fasta	99.9292	1624	1667
Xcv_DC_96-2.fasta	Xcv_Sspep_92.fasta	99.9284	1614	1667
Xcv_DC_96-2.fasta	X22.fasta	99.926	1634	1667
Xcv_DC_96-2.fasta	DC99P1B1.fasta	99.9246	1627	1667
Xcv_DC_96-2.fasta	Ps-1.fasta	99.9175	1585	1667
Xcv_DC_96-2.fasta	87-13.fasta	99.9162	1621	1667
Xcv_DC_96-2.fasta	Xcv_DC_96-5.fasta	99.9157	1628	1667
Xcv_DC_96-2.fasta	Xcv_DC_97_P1A.fasta	99.9146	1608	1667
Xcv_DC_96-2.fasta	Tu-11.fasta	99.914	1622	1667
Xcv_DC_96-2.fasta	Tu-06.fasta	99.9129	1620	1667
Xcv_DC_96-2.fasta	Xcv_DC_96-3.fasta	99.9084	1622	1667
Xcv_DC_96-2.fasta	DOA-2987.fasta	99.9082	1630	1667
Xcv_DC_96-2.fasta	DOA-1726.fasta	99.9076	1636	1667
Xcv_DC_96-2.fasta	XVP26.fasta	99.9067	1615	1667
Xcv_DC_96-2.fasta	20HP1591.fasta	99.9054	1634	1667
Xcv_DC_96-2.fasta	87-7.fasta	99.9054	1611	1667
Xcv_DC_96-2.fasta	80-5.fasta	99.9052	1635	1667
Xcv_DC_96-2.fasta	20HP1608-2.fasta	99.9052	1633	1667
Xcv_DC_96-2.fasta	20HP1614.fasta	99.9047	1635	1667
Xcv_DC_96-2.fasta	X31.fasta	99.9036	1632	1667
Xcv_DC_96-2.fasta	VTM16.fasta	99.9028	1642	1667
Xcv_DC_96-2.fasta	VTM10.fasta	99.9022	1625	1667
Xcv_DC_96-2.fasta	DOA-2989.fasta	99.9022	1635	1667
Xcv_DC_96-2.fasta	VTM15.fasta	99.8996	1627	1667
Xcv_DC_96-2.fasta	VTM17.fasta	99.8992	1633	1667
Xcv_DC_96-2.fasta	20HP1615.fasta	99.8986	1626	1667
Xcv_DC_96-2.fasta	XCVKK-C-2.fasta	99.8986	1626	1667
Xcv_DC_96-2.fasta	Tu-10.fasta	99.8984	1636	1667
Xcv_DC_96-2.fasta	Xe173.fasta	99.8975	1640	1667
Xcv_DC_96-2.fasta	XCVCP-C-43.fasta	99.8971	1622	1667
Xcv_DC_96-2.fasta	20HP1597.fasta	99.8968	1629	1667
Xcv_DC_96-2.fasta	DOA-1721.fasta	99.8963	1627	1667
Xcv_DC_96-2.fasta	VTM12.fasta	99.8935	1632	1667
Xcv_DC_96-2.fasta	20HP1594.fasta	99.893	1627	1667
Xcv_DC_96-2.fasta	VTM4.fasta	99.8877	1634	1667
Xcv_DC_96-2.fasta	XCVKK-C-3.fasta	99.8876	1624	1667
Xcv_DC_96-2.fasta	DOA-2036.fasta	99.8869	1625	1667
Xcv_DC_96-2.fasta	XCVKK-C-5.fasta	99.8862	1626	1667
Xcv_DC_96-2.fasta	20HP1608-1.fasta	99.8861	1636	1667
Xcv_DC_96-2.fasta	90-13.fasta	99.8856	1617	1667
Xcv_DC_96-2.fasta	20HP1609-2.fasta	99.8843	1637	1667
Xcv_DC_96-2.fasta	DOA-2983.fasta	99.8837	1628	1667
Xcv_DC_96-2.fasta	XCVKK-C-1.fasta	99.8828	1623	1667
Xcv_DC_96-2.fasta	62XEKK5.fasta	99.8827	1626	1667
Xcv_DC_96-2.fasta	XCVKK-C-4.fasta	99.8818	1625	1667
Xcv_DC_96-2.fasta	XCVCP-C-51.fasta	99.8815	1619	1667
Xcv_DC_96-2.fasta	X13.fasta	99.8789	1628	1667
Xcv_DC_96-2.fasta	85-10.fasta	99.8736	1622	1667
Xcv_DC_96-2.fasta	ATCC_11633.fasta	99.871	1603	1667
Xcv_DC_96-2.fasta	72-7.fasta	99.8696	1599	1667
Xcv_DC_96-2.fasta	WHRI_8301.fasta	99.8691	1611	1667
Xcv_DC_96-2.fasta	85-16.fasta	99.8663	1559	1667
Xcv_DC_96-2.fasta	86-46.fasta	99.8631	1587	1667
Xcv_DC_96-2.fasta	Tu-08.fasta	99.8602	1636	1667
Xcv_DC_96-2.fasta	Xcv_DC_97_P2A.fasta	99.8596	1607	1667
Xcv_DC_96-2.fasta	Tabasco1.fasta	99.8595	1632	1667
Xcv_DC_96-2.fasta	75-3.fasta	99.858	1572	1667
Xcv_DC_96-2.fasta	DOA-2990.fasta	99.8545	1638	1667
Xcv_DC_96-2.fasta	86-2.fasta	99.8443	1561	1667
Xcv_DC_96-2.fasta	Xcv_DC_93-9.fasta	99.8381	1618	1667
Xcv_DC_96-2.fasta	LMG_667.fasta	99.838	1500	1667
Xcv_DC_96-2.fasta	Xcv_DC_93-8.fasta	99.8347	1622	1667
Xcv_DC_96-2.fasta	86-22.fasta	99.8326	1577	1667
Xcv_DC_96-2.fasta	Xcv_DC_93-7.fasta	99.8313	1619	1667
Xcv_DC_96-2.fasta	66b.fasta	99.8311	1497	1667
Xcv_DC_96-2.fasta	LMG_909.fasta	99.8283	1474	1667
Xcv_DC_96-2.fasta	65XENP3.fasta	99.8282	1638	1667
Xcv_DC_96-2.fasta	83M.fasta	99.8276	1500	1667
Xcv_DC_96-2.fasta	65XENP1.fasta	99.8256	1640	1667
Xcv_DC_96-2.fasta	65XENP2.fasta	99.8245	1641	1667
Xcv_DC_96-2.fasta	20HP1613.fasta	99.8237	1647	1667
Xcv_DC_96-2.fasta	LMG_933.fasta	99.8206	1424	1667
Xcv_DC_96-2.fasta	X82-8P_C1.fasta	99.8128	1625	1667
Xcv_DC_96-2.fasta	X82-8P_C3.fasta	99.8094	1624	1667
Xcv_DC_96-2.fasta	70-7.fasta	99.8093	1604	1667
Xcv_DC_96-2.fasta	X82-8P.fasta	99.8075	1624	1667
Xcv_DC_96-2.fasta	X82-8P_C5.fasta	99.807	1624	1667
Xcv_DC_96-2.fasta	X82-8P_C6.fasta	99.8049	1621	1667
Xcv_DC_96-2.fasta	X82-8P_C4.fasta	99.8039	1615	1667
Xcv_DC_96-2.fasta	X82-8P_C2.fasta	99.8004	1611	1667
Xcv_DC_96-2.fasta	Xv_72.fasta	99.7977	1612	1667
Xcv_DC_96-2.fasta	69-24.fasta	99.7837	1610	1667
Xcv_DC_96-2.fasta	E3.fasta	99.7819	1604	1667
Xcv_DC_96-2.fasta	LMG_930.fasta	99.7693	1638	1667
Xcv_DC_96-2.fasta	LMG_905.fasta	99.7662	1443	1667
Xcv_DC_96-2.fasta	Xv_79.fasta	99.7647	1613	1667
Xcv_DC_96-2.fasta	LMG_27970.fasta	99.4519	1156	1667
Xcv_DC_96-3.fasta	Xcv_DC_96-3.fasta	100	1651	1654
Xcv_DC_96-3.fasta	Xcv_DC_96-5.fasta	99.9959	1645	1654
Xcv_DC_96-3.fasta	Tu-10.fasta	99.9908	1645	1654
Xcv_DC_96-3.fasta	Xe173.fasta	99.9893	1651	1654
Xcv_DC_96-3.fasta	Xcv_DC_97_P1A.fasta	99.989	1624	1654
Xcv_DC_96-3.fasta	X22.fasta	99.9884	1643	1654
Xcv_DC_96-3.fasta	VTM10.fasta	99.9882	1637	1654
Xcv_DC_96-3.fasta	DC99P1B1.fasta	99.9866	1628	1654
Xcv_DC_96-3.fasta	VTM15.fasta	99.9862	1639	1654
Xcv_DC_96-3.fasta	X31.fasta	99.9849	1642	1654
Xcv_DC_96-3.fasta	DC99P1A1.fasta	99.9848	1628	1654
Xcv_DC_96-3.fasta	DOA-1721.fasta	99.9829	1638	1654
Xcv_DC_96-3.fasta	DOA-1726.fasta	99.9827	1635	1654
Xcv_DC_96-3.fasta	VTM12.fasta	99.9824	1635	1654
Xcv_DC_96-3.fasta	VTM4.fasta	99.9823	1634	1654
Xcv_DC_96-3.fasta	20HP1594.fasta	99.9801	1632	1654
Xcv_DC_96-3.fasta	VTM16.fasta	99.9796	1644	1654
Xcv_DC_96-3.fasta	DOA-2987.fasta	99.9789	1634	1654
Xcv_DC_96-3.fasta	87-13.fasta	99.9752	1624	1654
Xcv_DC_96-3.fasta	DOA-2989.fasta	99.9744	1634	1654
Xcv_DC_96-3.fasta	XCVKK-C-3.fasta	99.974	1629	1654
Xcv_DC_96-3.fasta	XCVKK-C-2.fasta	99.974	1629	1654
Xcv_DC_96-3.fasta	DOA-2983.fasta	99.9739	1637	1654
Xcv_DC_96-3.fasta	XCVKK-C-4.fasta	99.9732	1628	1654
Xcv_DC_96-3.fasta	XCVKK-C-5.fasta	99.973	1629	1654
Xcv_DC_96-3.fasta	20HP1597.fasta	99.9717	1628	1654
Xcv_DC_96-3.fasta	20HP1591.fasta	99.9694	1633	1654
Xcv_DC_96-3.fasta	XCVCP-C-43.fasta	99.9693	1624	1654
Xcv_DC_96-3.fasta	20HP1615.fasta	99.9668	1630	1654
Xcv_DC_96-3.fasta	X13.fasta	99.9668	1634	1654
Xcv_DC_96-3.fasta	20HP1608-1.fasta	99.9661	1637	1654
Xcv_DC_96-3.fasta	20HP1614.fasta	99.966	1637	1654
Xcv_DC_96-3.fasta	20HP1609-2.fasta	99.9655	1637	1654
Xcv_DC_96-3.fasta	DOA-2036.fasta	99.9635	1631	1654
Xcv_DC_96-3.fasta	87-7.fasta	99.9634	1608	1654
Xcv_DC_96-3.fasta	XCVKK-C-1.fasta	99.9631	1631	1654
Xcv_DC_96-3.fasta	90-13.fasta	99.9612	1618	1654
Xcv_DC_96-3.fasta	62XEKK5.fasta	99.9608	1629	1654
Xcv_DC_96-3.fasta	20HP1608-2.fasta	99.9607	1634	1654
Xcv_DC_96-3.fasta	Xv157.fasta	99.9602	1604	1654
Xcv_DC_96-3.fasta	XCVCP-C-51.fasta	99.9594	1629	1654
Xcv_DC_96-3.fasta	89-10.fasta	99.9516	1599	1654
Xcv_DC_96-3.fasta	87-21.fasta	99.946	1594	1654
Xcv_DC_96-3.fasta	69-1.fasta	99.9387	1587	1654
Xcv_DC_96-3.fasta	Xcv_DC_97_P2A.fasta	99.9228	1610	1654
Xcv_DC_96-3.fasta	Xcv_Sspep_92.fasta	99.9212	1610	1654
Xcv_DC_96-3.fasta	Tu-06.fasta	99.9175	1614	1654
Xcv_DC_96-3.fasta	Tu-08.fasta	99.916	1639	1654
Xcv_DC_96-3.fasta	Tu-11.fasta	99.9146	1618	1654
Xcv_DC_96-3.fasta	71-21.fasta	99.9126	1593	1654
Xcv_DC_96-3.fasta	XVP26.fasta	99.91	1613	1654
Xcv_DC_96-3.fasta	Xcv_DC_96-2.fasta	99.9086	1632	1654
Xcv_DC_96-3.fasta	Ps-1.fasta	99.9082	1584	1654
Xcv_DC_96-3.fasta	Xcv_DC_96-1.fasta	99.9021	1628	1654
Xcv_DC_96-3.fasta	Xcv_DC_93-6.fasta	99.9005	1625	1654
Xcv_DC_96-3.fasta	Xcv_DC_96-4.fasta	99.9	1624	1654
Xcv_DC_96-3.fasta	Xcv_DC_98_P2A.fasta	99.898	1632	1654
Xcv_DC_96-3.fasta	FB570.fasta	99.8962	1613	1654
Xcv_DC_96-3.fasta	89-16.fasta	99.896	1623	1654
Xcv_DC_96-3.fasta	Ps-7.fasta	99.8957	1604	1654
Xcv_DC_96-3.fasta	87-47.fasta	99.8804	1604	1654
Xcv_DC_96-3.fasta	66b.fasta	99.8803	1506	1654
Xcv_DC_96-3.fasta	Xcv_DC_97_P3A.fasta	99.864	1619	1654
Xcv_DC_96-3.fasta	72-7.fasta	99.8599	1583	1654
Xcv_DC_96-3.fasta	Xcv_DC_93-9.fasta	99.8556	1605	1654
Xcv_DC_96-3.fasta	Xcv_DC_93-8.fasta	99.853	1609	1654
Xcv_DC_96-3.fasta	Xcv_DC_93-7.fasta	99.8487	1607	1654
Xcv_DC_96-3.fasta	VTM17.fasta	99.8389	1628	1654
Xcv_DC_96-3.fasta	85-16.fasta	99.8373	1547	1654
Xcv_DC_96-3.fasta	86-22.fasta	99.8368	1567	1654
Xcv_DC_96-3.fasta	65XENP2.fasta	99.836	1624	1654
Xcv_DC_96-3.fasta	Tabasco1.fasta	99.833	1615	1654
Xcv_DC_96-3.fasta	75-3.fasta	99.8325	1565	1654
Xcv_DC_96-3.fasta	86-2.fasta	99.8316	1557	1654
Xcv_DC_96-3.fasta	WHRI_8301.fasta	99.8256	1607	1654
Xcv_DC_96-3.fasta	65XENP3.fasta	99.825	1623	1654
Xcv_DC_96-3.fasta	ATCC_11633.fasta	99.8243	1591	1654
Xcv_DC_96-3.fasta	86-46.fasta	99.8241	1576	1654
Xcv_DC_96-3.fasta	65XENP1.fasta	99.8228	1625	1654
Xcv_DC_96-3.fasta	85-10.fasta	99.8161	1617	1654
Xcv_DC_96-3.fasta	80-5.fasta	99.8134	1621	1654
Xcv_DC_96-3.fasta	LMG_933.fasta	99.8061	1419	1654
Xcv_DC_96-3.fasta	DOA-2990.fasta	99.8004	1626	1654
Xcv_DC_96-3.fasta	LMG_667.fasta	99.7977	1495	1654
Xcv_DC_96-3.fasta	X82-8P.fasta	99.7969	1610	1654
Xcv_DC_96-3.fasta	69-24.fasta	99.7881	1592	1654
Xcv_DC_96-3.fasta	X82-8P_C1.fasta	99.786	1612	1654
Xcv_DC_96-3.fasta	X82-8P_C6.fasta	99.7855	1607	1654
Xcv_DC_96-3.fasta	X82-8P_C2.fasta	99.7839	1597	1654
Xcv_DC_96-3.fasta	X82-8P_C4.fasta	99.7761	1605	1654
Xcv_DC_96-3.fasta	70-7.fasta	99.7731	1593	1654
Xcv_DC_96-3.fasta	X82-8P_C3.fasta	99.7709	1615	1654
Xcv_DC_96-3.fasta	LMG_930.fasta	99.7694	1626	1654
Xcv_DC_96-3.fasta	X82-8P_C5.fasta	99.7693	1614	1654
Xcv_DC_96-3.fasta	Xv_72.fasta	99.7659	1605	1654
Xcv_DC_96-3.fasta	20HP1613.fasta	99.7645	1631	1654
Xcv_DC_96-3.fasta	LMG_909.fasta	99.7611	1468	1654
Xcv_DC_96-3.fasta	E3.fasta	99.7567	1594	1654
Xcv_DC_96-3.fasta	LMG_905.fasta	99.7524	1444	1654
Xcv_DC_96-3.fasta	Xv_79.fasta	99.7498	1608	1654
Xcv_DC_96-3.fasta	83M.fasta	99.7376	1498	1654
Xcv_DC_96-3.fasta	LMG_27970.fasta	99.4596	1144	1654
Xcv_DC_96-4.fasta	Xcv_DC_96-4.fasta	100	1710	1716
Xcv_DC_96-4.fasta	Xcv_DC_96-1.fasta	99.9969	1703	1716
Xcv_DC_96-4.fasta	Xcv_DC_96-2.fasta	99.9965	1653	1716
Xcv_DC_96-4.fasta	Xcv_DC_98_P2A.fasta	99.9944	1703	1716
Xcv_DC_96-4.fasta	Xv157.fasta	99.9924	1663	1716
Xcv_DC_96-4.fasta	89-10.fasta	99.9916	1663	1716
Xcv_DC_96-4.fasta	Xcv_DC_93-6.fasta	99.9907	1697	1716
Xcv_DC_96-4.fasta	87-47.fasta	99.9907	1678	1716
Xcv_DC_96-4.fasta	Ps-7.fasta	99.9874	1680	1716
Xcv_DC_96-4.fasta	89-16.fasta	99.9864	1692	1716
Xcv_DC_96-4.fasta	FB570.fasta	99.9862	1687	1716
Xcv_DC_96-4.fasta	87-21.fasta	99.9668	1601	1716
Xcv_DC_96-4.fasta	71-21.fasta	99.9643	1593	1716
Xcv_DC_96-4.fasta	X22.fasta	99.9252	1631	1716
Xcv_DC_96-4.fasta	Xcv_DC_97_P3A.fasta	99.9233	1620	1716
Xcv_DC_96-4.fasta	20HP1608-2.fasta	99.9143	1631	1716
Xcv_DC_96-4.fasta	Xcv_DC_96-5.fasta	99.9127	1627	1716
Xcv_DC_96-4.fasta	20HP1614.fasta	99.9124	1632	1716
Xcv_DC_96-4.fasta	87-7.fasta	99.9099	1654	1716
Xcv_DC_96-4.fasta	DOA-1726.fasta	99.9078	1635	1716
Xcv_DC_96-4.fasta	Tu-06.fasta	99.9077	1616	1716
Xcv_DC_96-4.fasta	Tu-11.fasta	99.9075	1620	1716
Xcv_DC_96-4.fasta	20HP1591.fasta	99.9075	1631	1716
Xcv_DC_96-4.fasta	Xcv_DC_96-3.fasta	99.9069	1620	1716
Xcv_DC_96-4.fasta	VTM16.fasta	99.9067	1637	1716
Xcv_DC_96-4.fasta	DOA-2987.fasta	99.9056	1631	1716
Xcv_DC_96-4.fasta	VTM10.fasta	99.9037	1622	1716
Xcv_DC_96-4.fasta	VTM15.fasta	99.8987	1624	1716
Xcv_DC_96-4.fasta	XCVKK-C-2.fasta	99.8977	1623	1716
Xcv_DC_96-4.fasta	DOA-1721.fasta	99.8976	1623	1716
Xcv_DC_96-4.fasta	X31.fasta	99.8971	1630	1716
Xcv_DC_96-4.fasta	Tu-10.fasta	99.8964	1633	1716
Xcv_DC_96-4.fasta	20HP1609-2.fasta	99.8959	1631	1716
Xcv_DC_96-4.fasta	VTM17.fasta	99.8957	1630	1716
Xcv_DC_96-4.fasta	20HP1608-1.fasta	99.8951	1634	1716
Xcv_DC_96-4.fasta	XCVCP-C-43.fasta	99.8944	1620	1716
Xcv_DC_96-4.fasta	VTM12.fasta	99.8935	1626	1716
Xcv_DC_96-4.fasta	DOA-2989.fasta	99.8935	1636	1716
Xcv_DC_96-4.fasta	20HP1594.fasta	99.8935	1624	1716
Xcv_DC_96-4.fasta	20HP1597.fasta	99.891	1628	1716
Xcv_DC_96-4.fasta	20HP1615.fasta	99.8903	1627	1716
Xcv_DC_96-4.fasta	VTM4.fasta	99.8897	1629	1716
Xcv_DC_96-4.fasta	XVP26.fasta	99.8883	1609	1716
Xcv_DC_96-4.fasta	XCVKK-C-3.fasta	99.8855	1621	1716
Xcv_DC_96-4.fasta	XCVKK-C-5.fasta	99.884	1624	1716
Xcv_DC_96-4.fasta	62XEKK5.fasta	99.8823	1624	1716
Xcv_DC_96-4.fasta	DOA-2036.fasta	99.8823	1620	1716
Xcv_DC_96-4.fasta	XCVCP-C-51.fasta	99.8812	1616	1716
Xcv_DC_96-4.fasta	XCVKK-C-4.fasta	99.8811	1621	1716
Xcv_DC_96-4.fasta	XCVKK-C-1.fasta	99.8796	1620	1716
Xcv_DC_96-4.fasta	DOA-2983.fasta	99.8793	1624	1716
Xcv_DC_96-4.fasta	72-7.fasta	99.8777	1591	1716
Xcv_DC_96-4.fasta	Tabasco1.fasta	99.8636	1626	1716
Xcv_DC_96-4.fasta	DOA-2990.fasta	99.8588	1631	1716
Xcv_DC_96-4.fasta	Tu-08.fasta	99.857	1634	1716
Xcv_DC_96-4.fasta	Xcv_DC_97_P2A.fasta	99.8501	1605	1716
Xcv_DC_96-4.fasta	LMG_667.fasta	99.8469	1545	1716
Xcv_DC_96-4.fasta	ATCC_11633.fasta	99.843	1608	1716
Xcv_DC_96-4.fasta	LMG_909.fasta	99.8358	1466	1716
Xcv_DC_96-4.fasta	86-46.fasta	99.8329	1593	1716
Xcv_DC_96-4.fasta	DC99P1A1.fasta	99.8275	1662	1716
Xcv_DC_96-4.fasta	20HP1613.fasta	99.825	1643	1716
Xcv_DC_96-4.fasta	87-13.fasta	99.8241	1656	1716
Xcv_DC_96-4.fasta	Ps-1.fasta	99.8241	1621	1716
Xcv_DC_96-4.fasta	Xcv_Sspep_92.fasta	99.8238	1651	1716
Xcv_DC_96-4.fasta	65XENP2.fasta	99.8226	1636	1716
Xcv_DC_96-4.fasta	DC99P1B1.fasta	99.8224	1667	1716
Xcv_DC_96-4.fasta	65XENP1.fasta	99.8214	1640	1716
Xcv_DC_96-4.fasta	65XENP3.fasta	99.8158	1635	1716
Xcv_DC_96-4.fasta	Xcv_DC_97_P1A.fasta	99.814	1651	1716
Xcv_DC_96-4.fasta	X82-8P_C1.fasta	99.8121	1620	1716
Xcv_DC_96-4.fasta	83M.fasta	99.8116	1498	1716
Xcv_DC_96-4.fasta	70-7.fasta	99.8101	1598	1716
Xcv_DC_96-4.fasta	X82-8P.fasta	99.8093	1621	1716
Xcv_DC_96-4.fasta	LMG_933.fasta	99.8089	1420	1716
Xcv_DC_96-4.fasta	X82-8P_C5.fasta	99.8081	1621	1716
Xcv_DC_96-4.fasta	X82-8P_C3.fasta	99.8077	1623	1716
Xcv_DC_96-4.fasta	X82-8P_C6.fasta	99.8071	1617	1716
Xcv_DC_96-4.fasta	Xe173.fasta	99.8069	1675	1716
Xcv_DC_96-4.fasta	X82-8P_C2.fasta	99.8016	1609	1716
Xcv_DC_96-4.fasta	X82-8P_C4.fasta	99.8	1614	1716
Xcv_DC_96-4.fasta	X13.fasta	99.7858	1663	1716
Xcv_DC_96-4.fasta	90-13.fasta	99.7724	1661	1716
Xcv_DC_96-4.fasta	WHRI_8301.fasta	99.7692	1651	1716
Xcv_DC_96-4.fasta	85-10.fasta	99.7664	1660	1716
Xcv_DC_96-4.fasta	85-16.fasta	99.7656	1593	1716
Xcv_DC_96-4.fasta	69-1.fasta	99.7556	1621	1716
Xcv_DC_96-4.fasta	66b.fasta	99.7532	1528	1716
Xcv_DC_96-4.fasta	75-3.fasta	99.7532	1612	1716
Xcv_DC_96-4.fasta	E3.fasta	99.7517	1613	1716
Xcv_DC_96-4.fasta	69-24.fasta	99.7456	1614	1716
Xcv_DC_96-4.fasta	86-22.fasta	99.7428	1610	1716
Xcv_DC_96-4.fasta	86-2.fasta	99.7366	1605	1716
Xcv_DC_96-4.fasta	80-5.fasta	99.7114	1657	1716
Xcv_DC_96-4.fasta	Xcv_DC_93-9.fasta	99.6812	1624	1716
Xcv_DC_96-4.fasta	Xcv_DC_93-7.fasta	99.679	1626	1716
Xcv_DC_96-4.fasta	Xcv_DC_93-8.fasta	99.6786	1628	1716
Xcv_DC_96-4.fasta	Xv_72.fasta	99.6597	1652	1716
Xcv_DC_96-4.fasta	LMG_930.fasta	99.6425	1684	1716
Xcv_DC_96-4.fasta	Xv_79.fasta	99.628	1655	1716
Xcv_DC_96-4.fasta	LMG_905.fasta	99.5361	1454	1716
Xcv_DC_96-4.fasta	LMG_27970.fasta	99.494	1155	1716
Xcv_DC_96-5.fasta	Xcv_DC_96-5.fasta	100	1655	1657
Xcv_DC_96-5.fasta	Xcv_DC_96-3.fasta	99.998	1635	1657
Xcv_DC_96-5.fasta	DC99P1B1.fasta	99.9924	1629	1657
Xcv_DC_96-5.fasta	Xcv_DC_97_P1A.fasta	99.9915	1623	1657
Xcv_DC_96-5.fasta	X22.fasta	99.99	1643	1657
Xcv_DC_96-5.fasta	DC99P1A1.fasta	99.9899	1625	1657
Xcv_DC_96-5.fasta	X31.fasta	99.9893	1645	1657
Xcv_DC_96-5.fasta	Xe173.fasta	99.9881	1654	1657
Xcv_DC_96-5.fasta	VTM10.fasta	99.9867	1640	1657
Xcv_DC_96-5.fasta	Tu-10.fasta	99.9866	1648	1657
Xcv_DC_96-5.fasta	VTM15.fasta	99.985	1642	1657
Xcv_DC_96-5.fasta	DOA-1721.fasta	99.9831	1640	1657
Xcv_DC_96-5.fasta	DOA-2983.fasta	99.9822	1635	1657
Xcv_DC_96-5.fasta	DOA-1726.fasta	99.9814	1641	1657
Xcv_DC_96-5.fasta	DOA-2987.fasta	99.981	1634	1657
Xcv_DC_96-5.fasta	VTM16.fasta	99.9801	1647	1657
Xcv_DC_96-5.fasta	20HP1594.fasta	99.98	1635	1657
Xcv_DC_96-5.fasta	DOA-2989.fasta	99.979	1637	1657
Xcv_DC_96-5.fasta	XCVKK-C-2.fasta	99.977	1625	1657
Xcv_DC_96-5.fasta	20HP1597.fasta	99.9768	1628	1657
Xcv_DC_96-5.fasta	XCVKK-C-5.fasta	99.9767	1628	1657
Xcv_DC_96-5.fasta	XCVKK-C-3.fasta	99.9764	1626	1657
Xcv_DC_96-5.fasta	XCVKK-C-4.fasta	99.9752	1625	1657
Xcv_DC_96-5.fasta	VTM4.fasta	99.9739	1638	1657
Xcv_DC_96-5.fasta	VTM12.fasta	99.9718	1637	1657
Xcv_DC_96-5.fasta	DOA-2036.fasta	99.9713	1629	1657
Xcv_DC_96-5.fasta	20HP1615.fasta	99.9709	1630	1657
Xcv_DC_96-5.fasta	XCVCP-C-43.fasta	99.9699	1625	1657
Xcv_DC_96-5.fasta	20HP1591.fasta	99.9675	1636	1657
Xcv_DC_96-5.fasta	87-13.fasta	99.9672	1629	1657
Xcv_DC_96-5.fasta	X13.fasta	99.9659	1636	1657
Xcv_DC_96-5.fasta	20HP1609-2.fasta	99.9657	1636	1657
Xcv_DC_96-5.fasta	XCVKK-C-1.fasta	99.9654	1630	1657
Xcv_DC_96-5.fasta	20HP1614.fasta	99.9653	1637	1657
Xcv_DC_96-5.fasta	20HP1608-1.fasta	99.965	1641	1657
Xcv_DC_96-5.fasta	90-13.fasta	99.9645	1622	1657
Xcv_DC_96-5.fasta	87-7.fasta	99.9616	1612	1657
Xcv_DC_96-5.fasta	XCVCP-C-51.fasta	99.9609	1627	1657
Xcv_DC_96-5.fasta	62XEKK5.fasta	99.9606	1630	1657
Xcv_DC_96-5.fasta	Xv157.fasta	99.9594	1604	1657
Xcv_DC_96-5.fasta	20HP1608-2.fasta	99.958	1639	1657
Xcv_DC_96-5.fasta	87-21.fasta	99.9534	1593	1657
Xcv_DC_96-5.fasta	89-10.fasta	99.9507	1602	1657
Xcv_DC_96-5.fasta	69-1.fasta	99.9393	1588	1657
Xcv_DC_96-5.fasta	Xcv_Sspep_92.fasta	99.9258	1610	1657
Xcv_DC_96-5.fasta	Xcv_DC_97_P2A.fasta	99.9196	1608	1657
Xcv_DC_96-5.fasta	Tu-06.fasta	99.9185	1614	1657
Xcv_DC_96-5.fasta	71-21.fasta	99.9175	1589	1657
Xcv_DC_96-5.fasta	XVP26.fasta	99.9165	1616	1657
Xcv_DC_96-5.fasta	Tu-11.fasta	99.9157	1622	1657
Xcv_DC_96-5.fasta	Tu-08.fasta	99.914	1640	1657
Xcv_DC_96-5.fasta	Ps-1.fasta	99.9132	1585	1657
Xcv_DC_96-5.fasta	Xcv_DC_96-2.fasta	99.9125	1628	1657
Xcv_DC_96-5.fasta	Xcv_DC_96-1.fasta	99.9055	1625	1657
Xcv_DC_96-5.fasta	Xcv_DC_93-6.fasta	99.9038	1621	1657
Xcv_DC_96-5.fasta	Xcv_DC_96-4.fasta	99.9011	1622	1657
Xcv_DC_96-5.fasta	Xcv_DC_98_P2A.fasta	99.9009	1625	1657
Xcv_DC_96-5.fasta	FB570.fasta	99.8994	1608	1657
Xcv_DC_96-5.fasta	Ps-7.fasta	99.8971	1601	1657
Xcv_DC_96-5.fasta	89-16.fasta	99.897	1627	1657
Xcv_DC_96-5.fasta	87-47.fasta	99.8864	1606	1657
Xcv_DC_96-5.fasta	66b.fasta	99.8692	1516	1657
Xcv_DC_96-5.fasta	Xcv_DC_97_P3A.fasta	99.8657	1617	1657
Xcv_DC_96-5.fasta	65XENP3.fasta	99.8632	1621	1657
Xcv_DC_96-5.fasta	Xcv_DC_93-9.fasta	99.8623	1605	1657
Xcv_DC_96-5.fasta	Xcv_DC_93-8.fasta	99.8614	1606	1657
Xcv_DC_96-5.fasta	Xcv_DC_93-7.fasta	99.8587	1602	1657
Xcv_DC_96-5.fasta	65XENP2.fasta	99.8542	1623	1657
Xcv_DC_96-5.fasta	65XENP1.fasta	99.8487	1624	1657
Xcv_DC_96-5.fasta	72-7.fasta	99.8475	1589	1657
Xcv_DC_96-5.fasta	86-22.fasta	99.8357	1567	1657
Xcv_DC_96-5.fasta	85-16.fasta	99.8343	1550	1657
Xcv_DC_96-5.fasta	86-2.fasta	99.8329	1558	1657
Xcv_DC_96-5.fasta	ATCC_11633.fasta	99.8315	1594	1657
Xcv_DC_96-5.fasta	Tabasco1.fasta	99.8308	1621	1657
Xcv_DC_96-5.fasta	86-46.fasta	99.8299	1581	1657
Xcv_DC_96-5.fasta	VTM17.fasta	99.8295	1635	1657
Xcv_DC_96-5.fasta	75-3.fasta	99.829	1566	1657
Xcv_DC_96-5.fasta	LMG_933.fasta	99.8236	1413	1657
Xcv_DC_96-5.fasta	80-5.fasta	99.8167	1623	1657
Xcv_DC_96-5.fasta	X82-8P.fasta	99.8156	1614	1657
Xcv_DC_96-5.fasta	DOA-2990.fasta	99.8091	1624	1657
Xcv_DC_96-5.fasta	85-10.fasta	99.8057	1622	1657
Xcv_DC_96-5.fasta	WHRI_8301.fasta	99.8034	1614	1657
Xcv_DC_96-5.fasta	X82-8P_C6.fasta	99.8011	1614	1657
Xcv_DC_96-5.fasta	LMG_667.fasta	99.7992	1493	1657
Xcv_DC_96-5.fasta	X82-8P_C1.fasta	99.7983	1615	1657
Xcv_DC_96-5.fasta	X82-8P_C4.fasta	99.7958	1609	1657
Xcv_DC_96-5.fasta	LMG_930.fasta	99.7945	1627	1657
Xcv_DC_96-5.fasta	70-7.fasta	99.7935	1594	1657
Xcv_DC_96-5.fasta	X82-8P_C5.fasta	99.788	1616	1657
Xcv_DC_96-5.fasta	20HP1613.fasta	99.7865	1631	1657
Xcv_DC_96-5.fasta	Xv_72.fasta	99.7849	1603	1657
Xcv_DC_96-5.fasta	X82-8P_C3.fasta	99.7829	1619	1657
Xcv_DC_96-5.fasta	69-24.fasta	99.7787	1598	1657
Xcv_DC_96-5.fasta	X82-8P_C2.fasta	99.7723	1604	1657
Xcv_DC_96-5.fasta	Xv_79.fasta	99.7648	1606	1657
Xcv_DC_96-5.fasta	E3.fasta	99.7596	1595	1657
Xcv_DC_96-5.fasta	LMG_909.fasta	99.7574	1466	1657
Xcv_DC_96-5.fasta	83M.fasta	99.7376	1495	1657
Xcv_DC_96-5.fasta	LMG_905.fasta	99.7247	1447	1657
Xcv_DC_96-5.fasta	LMG_27970.fasta	99.477	1148	1657
Xcv_DC_97_P1A.fasta	Xcv_DC_97_P1A.fasta	100	1690	1695
Xcv_DC_97_P1A.fasta	X22.fasta	99.9927	1634	1695
Xcv_DC_97_P1A.fasta	Tu-10.fasta	99.9927	1636	1695
Xcv_DC_97_P1A.fasta	X31.fasta	99.9925	1636	1695
Xcv_DC_97_P1A.fasta	Xcv_DC_96-5.fasta	99.9904	1634	1695
Xcv_DC_97_P1A.fasta	DC99P1B1.fasta	99.9894	1677	1695
Xcv_DC_97_P1A.fasta	VTM16.fasta	99.9887	1635	1695
Xcv_DC_97_P1A.fasta	Xe173.fasta	99.9883	1690	1695
Xcv_DC_97_P1A.fasta	Xcv_DC_96-3.fasta	99.9872	1630	1695
Xcv_DC_97_P1A.fasta	20HP1608-1.fasta	99.9858	1629	1695
Xcv_DC_97_P1A.fasta	VTM12.fasta	99.9856	1624	1695
Xcv_DC_97_P1A.fasta	20HP1614.fasta	99.9855	1627	1695
Xcv_DC_97_P1A.fasta	20HP1609-2.fasta	99.9846	1629	1695
Xcv_DC_97_P1A.fasta	DOA-1721.fasta	99.9836	1630	1695
Xcv_DC_97_P1A.fasta	DOA-1726.fasta	99.983	1629	1695
Xcv_DC_97_P1A.fasta	DOA-2989.fasta	99.9827	1625	1695
Xcv_DC_97_P1A.fasta	20HP1594.fasta	99.9827	1622	1695
Xcv_DC_97_P1A.fasta	VTM15.fasta	99.9824	1630	1695
Xcv_DC_97_P1A.fasta	DOA-2987.fasta	99.9821	1622	1695
Xcv_DC_97_P1A.fasta	DC99P1A1.fasta	99.9817	1674	1695
Xcv_DC_97_P1A.fasta	87-13.fasta	99.9801	1668	1695
Xcv_DC_97_P1A.fasta	DOA-2983.fasta	99.9783	1626	1695
Xcv_DC_97_P1A.fasta	20HP1597.fasta	99.9776	1626	1695
Xcv_DC_97_P1A.fasta	20HP1608-2.fasta	99.9772	1629	1695
Xcv_DC_97_P1A.fasta	20HP1591.fasta	99.9771	1628	1695
Xcv_DC_97_P1A.fasta	X13.fasta	99.977	1680	1695
Xcv_DC_97_P1A.fasta	20HP1615.fasta	99.9765	1623	1695
Xcv_DC_97_P1A.fasta	XCVCP-C-51.fasta	99.9763	1619	1695
Xcv_DC_97_P1A.fasta	VTM4.fasta	99.9752	1626	1695
Xcv_DC_97_P1A.fasta	VTM10.fasta	99.9746	1630	1695
Xcv_DC_97_P1A.fasta	90-13.fasta	99.972	1655	1695
Xcv_DC_97_P1A.fasta	XCVKK-C-4.fasta	99.9718	1617	1695
Xcv_DC_97_P1A.fasta	XCVKK-C-1.fasta	99.9712	1624	1695
Xcv_DC_97_P1A.fasta	XCVKK-C-2.fasta	99.9687	1620	1695
Xcv_DC_97_P1A.fasta	DOA-2036.fasta	99.967	1622	1695
Xcv_DC_97_P1A.fasta	XCVCP-C-43.fasta	99.9654	1618	1695
Xcv_DC_97_P1A.fasta	XCVKK-C-3.fasta	99.9635	1620	1695
Xcv_DC_97_P1A.fasta	62XEKK5.fasta	99.963	1623	1695
Xcv_DC_97_P1A.fasta	XCVKK-C-5.fasta	99.9606	1622	1695
Xcv_DC_97_P1A.fasta	Xcv_Sspep_92.fasta	99.934	1654	1695
Xcv_DC_97_P1A.fasta	87-21.fasta	99.9194	1593	1695
Xcv_DC_97_P1A.fasta	Tu-08.fasta	99.9182	1631	1695
Xcv_DC_97_P1A.fasta	Xcv_DC_96-2.fasta	99.9098	1622	1695
Xcv_DC_97_P1A.fasta	Ps-1.fasta	99.9051	1634	1695
Xcv_DC_97_P1A.fasta	Xcv_DC_97_P2A.fasta	99.903	1603	1695
Xcv_DC_97_P1A.fasta	Tu-06.fasta	99.8965	1607	1695
Xcv_DC_97_P1A.fasta	Tu-11.fasta	99.8944	1612	1695
Xcv_DC_97_P1A.fasta	66b.fasta	99.8906	1546	1695
Xcv_DC_97_P1A.fasta	71-21.fasta	99.8857	1590	1695
Xcv_DC_97_P1A.fasta	XVP26.fasta	99.8832	1607	1695
Xcv_DC_97_P1A.fasta	Xv157.fasta	99.8641	1632	1695
Xcv_DC_97_P1A.fasta	72-7.fasta	99.8636	1582	1695
Xcv_DC_97_P1A.fasta	87-7.fasta	99.8581	1644	1695
Xcv_DC_97_P1A.fasta	89-10.fasta	99.8581	1634	1695
Xcv_DC_97_P1A.fasta	85-16.fasta	99.8567	1596	1695
Xcv_DC_97_P1A.fasta	86-2.fasta	99.8461	1595	1695
Xcv_DC_97_P1A.fasta	Xcv_DC_97_P3A.fasta	99.8405	1612	1695
Xcv_DC_97_P1A.fasta	86-22.fasta	99.8365	1619	1695
Xcv_DC_97_P1A.fasta	ATCC_11633.fasta	99.8343	1586	1695
Xcv_DC_97_P1A.fasta	VTM17.fasta	99.829	1625	1695
Xcv_DC_97_P1A.fasta	86-46.fasta	99.8274	1572	1695
Xcv_DC_97_P1A.fasta	75-3.fasta	99.827	1605	1695
Xcv_DC_97_P1A.fasta	WHRI_8301.fasta	99.8252	1642	1695
Xcv_DC_97_P1A.fasta	89-16.fasta	99.8238	1648	1695
Xcv_DC_97_P1A.fasta	65XENP2.fasta	99.8216	1618	1695
Xcv_DC_97_P1A.fasta	85-10.fasta	99.8206	1659	1695
Xcv_DC_97_P1A.fasta	Xcv_DC_98_P2A.fasta	99.8121	1658	1695
Xcv_DC_97_P1A.fasta	Tabasco1.fasta	99.8093	1610	1695
Xcv_DC_97_P1A.fasta	Xcv_DC_93-6.fasta	99.8076	1655	1695
Xcv_DC_97_P1A.fasta	65XENP1.fasta	99.8071	1621	1695
Xcv_DC_97_P1A.fasta	Xcv_DC_96-4.fasta	99.8049	1658	1695
Xcv_DC_97_P1A.fasta	Xcv_DC_96-1.fasta	99.8039	1659	1695
Xcv_DC_97_P1A.fasta	DOA-2990.fasta	99.7967	1619	1695
Xcv_DC_97_P1A.fasta	X82-8P.fasta	99.7958	1609	1695
Xcv_DC_97_P1A.fasta	FB570.fasta	99.7945	1647	1695
Xcv_DC_97_P1A.fasta	20HP1613.fasta	99.7942	1621	1695
Xcv_DC_97_P1A.fasta	65XENP3.fasta	99.7914	1621	1695
Xcv_DC_97_P1A.fasta	Ps-7.fasta	99.7908	1638	1695
Xcv_DC_97_P1A.fasta	70-7.fasta	99.7895	1587	1695
Xcv_DC_97_P1A.fasta	87-47.fasta	99.7877	1641	1695
Xcv_DC_97_P1A.fasta	X82-8P_C6.fasta	99.7828	1608	1695
Xcv_DC_97_P1A.fasta	LMG_933.fasta	99.7808	1410	1695
Xcv_DC_97_P1A.fasta	X82-8P_C3.fasta	99.7804	1612	1695
Xcv_DC_97_P1A.fasta	X82-8P_C4.fasta	99.7788	1601	1695
Xcv_DC_97_P1A.fasta	X82-8P_C1.fasta	99.7769	1610	1695
Xcv_DC_97_P1A.fasta	X82-8P_C5.fasta	99.7767	1611	1695
Xcv_DC_97_P1A.fasta	LMG_930.fasta	99.7756	1668	1695
Xcv_DC_97_P1A.fasta	Xv_72.fasta	99.7727	1651	1695
Xcv_DC_97_P1A.fasta	69-24.fasta	99.771	1590	1695
Xcv_DC_97_P1A.fasta	Xv_79.fasta	99.769	1657	1695
Xcv_DC_97_P1A.fasta	E3.fasta	99.7485	1592	1695
Xcv_DC_97_P1A.fasta	X82-8P_C2.fasta	99.7471	1598	1695
Xcv_DC_97_P1A.fasta	LMG_909.fasta	99.7459	1454	1695
Xcv_DC_97_P1A.fasta	69-1.fasta	99.7355	1609	1695
Xcv_DC_97_P1A.fasta	83M.fasta	99.7234	1497	1695
Xcv_DC_97_P1A.fasta	LMG_667.fasta	99.7071	1524	1695
Xcv_DC_97_P1A.fasta	Xcv_DC_93-9.fasta	99.6532	1611	1695
Xcv_DC_97_P1A.fasta	Xcv_DC_93-7.fasta	99.6442	1616	1695
Xcv_DC_97_P1A.fasta	Xcv_DC_93-8.fasta	99.6356	1618	1695
Xcv_DC_97_P1A.fasta	80-5.fasta	99.6126	1641	1695
Xcv_DC_97_P1A.fasta	LMG_905.fasta	99.4928	1448	1695
Xcv_DC_97_P1A.fasta	LMG_27970.fasta	99.4766	1143	1695
Xcv_DC_97_P2A.fasta	Xcv_DC_97_P2A.fasta	100	1643	1645
Xcv_DC_97_P2A.fasta	Tu-11.fasta	99.9847	1627	1645
Xcv_DC_97_P2A.fasta	Tu-06.fasta	99.9845	1622	1645
Xcv_DC_97_P2A.fasta	Tu-08.fasta	99.9725	1617	1645
Xcv_DC_97_P2A.fasta	Xcv_Sspep_92.fasta	99.9699	1625	1645
Xcv_DC_97_P2A.fasta	Ps-1.fasta	99.9631	1600	1645
Xcv_DC_97_P2A.fasta	XVP26.fasta	99.9449	1608	1645
Xcv_DC_97_P2A.fasta	Xcv_DC_97_P3A.fasta	99.9398	1633	1645
Xcv_DC_97_P2A.fasta	X31.fasta	99.9363	1617	1645
Xcv_DC_97_P2A.fasta	DOA-1721.fasta	99.932	1614	1645
Xcv_DC_97_P2A.fasta	X22.fasta	99.9297	1618	1645
Xcv_DC_97_P2A.fasta	Xe173.fasta	99.9286	1632	1645
Xcv_DC_97_P2A.fasta	Tu-10.fasta	99.9267	1621	1645
Xcv_DC_97_P2A.fasta	DOA-1726.fasta	99.9251	1616	1645
Xcv_DC_97_P2A.fasta	20HP1594.fasta	99.9247	1608	1645
Xcv_DC_97_P2A.fasta	Xcv_DC_96-5.fasta	99.9246	1617	1645
Xcv_DC_97_P2A.fasta	XCVKK-C-5.fasta	99.9241	1604	1645
Xcv_DC_97_P2A.fasta	VTM10.fasta	99.9234	1616	1645
Xcv_DC_97_P2A.fasta	DOA-2987.fasta	99.923	1610	1645
Xcv_DC_97_P2A.fasta	XCVKK-C-4.fasta	99.9226	1601	1645
Xcv_DC_97_P2A.fasta	VTM15.fasta	99.9223	1617	1645
Xcv_DC_97_P2A.fasta	DOA-2989.fasta	99.9223	1610	1645
Xcv_DC_97_P2A.fasta	62XEKK5.fasta	99.9211	1603	1645
Xcv_DC_97_P2A.fasta	XCVKK-C-3.fasta	99.9205	1604	1645
Xcv_DC_97_P2A.fasta	20HP1597.fasta	99.9203	1604	1645
Xcv_DC_97_P2A.fasta	DOA-2036.fasta	99.9198	1604	1645
Xcv_DC_97_P2A.fasta	DOA-2983.fasta	99.9187	1615	1645
Xcv_DC_97_P2A.fasta	X13.fasta	99.9177	1612	1645
Xcv_DC_97_P2A.fasta	20HP1615.fasta	99.9162	1605	1645
Xcv_DC_97_P2A.fasta	XCVKK-C-2.fasta	99.9157	1603	1645
Xcv_DC_97_P2A.fasta	VTM17.fasta	99.9143	1635	1645
Xcv_DC_97_P2A.fasta	87-21.fasta	99.9143	1597	1645
Xcv_DC_97_P2A.fasta	Xcv_DC_96-3.fasta	99.9138	1616	1645
Xcv_DC_97_P2A.fasta	XCVCP-C-43.fasta	99.9131	1602	1645
Xcv_DC_97_P2A.fasta	XCVCP-C-51.fasta	99.9131	1604	1645
Xcv_DC_97_P2A.fasta	VTM12.fasta	99.9127	1617	1645
Xcv_DC_97_P2A.fasta	20HP1609-2.fasta	99.9125	1612	1645
Xcv_DC_97_P2A.fasta	87-13.fasta	99.9118	1603	1645
Xcv_DC_97_P2A.fasta	XCVKK-C-1.fasta	99.9107	1609	1645
Xcv_DC_97_P2A.fasta	DC99P1A1.fasta	99.9104	1607	1645
Xcv_DC_97_P2A.fasta	20HP1608-1.fasta	99.9101	1616	1645
Xcv_DC_97_P2A.fasta	VTM16.fasta	99.908	1622	1645
Xcv_DC_97_P2A.fasta	Xcv_DC_97_P1A.fasta	99.9067	1608	1645
Xcv_DC_97_P2A.fasta	20HP1614.fasta	99.9059	1613	1645
Xcv_DC_97_P2A.fasta	DC99P1B1.fasta	99.9058	1609	1645
Xcv_DC_97_P2A.fasta	87-7.fasta	99.9043	1591	1645
Xcv_DC_97_P2A.fasta	80-5.fasta	99.9036	1629	1645
Xcv_DC_97_P2A.fasta	Xv157.fasta	99.9021	1591	1645
Xcv_DC_97_P2A.fasta	20HP1608-2.fasta	99.9013	1611	1645
Xcv_DC_97_P2A.fasta	VTM4.fasta	99.901	1617	1645
Xcv_DC_97_P2A.fasta	20HP1591.fasta	99.8972	1611	1645
Xcv_DC_97_P2A.fasta	65XENP3.fasta	99.8951	1633	1645
Xcv_DC_97_P2A.fasta	Tabasco1.fasta	99.8944	1631	1645
Xcv_DC_97_P2A.fasta	65XENP1.fasta	99.8915	1634	1645
Xcv_DC_97_P2A.fasta	65XENP2.fasta	99.8914	1634	1645
Xcv_DC_97_P2A.fasta	89-10.fasta	99.8914	1594	1645
Xcv_DC_97_P2A.fasta	69-1.fasta	99.8902	1581	1645
Xcv_DC_97_P2A.fasta	Xcv_DC_93-7.fasta	99.8897	1602	1645
Xcv_DC_97_P2A.fasta	90-13.fasta	99.8873	1598	1645
Xcv_DC_97_P2A.fasta	20HP1613.fasta	99.8821	1636	1645
Xcv_DC_97_P2A.fasta	DOA-2990.fasta	99.8812	1635	1645
Xcv_DC_97_P2A.fasta	72-7.fasta	99.8806	1588	1645
Xcv_DC_97_P2A.fasta	Xcv_DC_93-9.fasta	99.8792	1602	1645
Xcv_DC_97_P2A.fasta	Xcv_DC_93-8.fasta	99.8775	1607	1645
Xcv_DC_97_P2A.fasta	ATCC_11633.fasta	99.8768	1593	1645
Xcv_DC_97_P2A.fasta	WHRI_8301.fasta	99.8725	1604	1645
Xcv_DC_97_P2A.fasta	86-46.fasta	99.8705	1576	1645
Xcv_DC_97_P2A.fasta	71-21.fasta	99.8663	1596	1645
Xcv_DC_97_P2A.fasta	86-2.fasta	99.8656	1554	1645
Xcv_DC_97_P2A.fasta	85-16.fasta	99.8656	1548	1645
Xcv_DC_97_P2A.fasta	75-3.fasta	99.865	1566	1645
Xcv_DC_97_P2A.fasta	89-16.fasta	99.8642	1607	1645
Xcv_DC_97_P2A.fasta	Xcv_DC_96-2.fasta	99.8531	1618	1645
Xcv_DC_97_P2A.fasta	Xcv_DC_93-6.fasta	99.8529	1615	1645
Xcv_DC_97_P2A.fasta	85-10.fasta	99.8499	1615	1645
Xcv_DC_97_P2A.fasta	86-22.fasta	99.8493	1568	1645
Xcv_DC_97_P2A.fasta	Xcv_DC_98_P2A.fasta	99.8483	1614	1645
Xcv_DC_97_P2A.fasta	83M.fasta	99.8481	1497	1645
Xcv_DC_97_P2A.fasta	FB570.fasta	99.8471	1604	1645
Xcv_DC_97_P2A.fasta	Xcv_DC_96-1.fasta	99.8379	1622	1645
Xcv_DC_97_P2A.fasta	87-47.fasta	99.8324	1596	1645
Xcv_DC_97_P2A.fasta	X82-8P_C5.fasta	99.8324	1608	1645
Xcv_DC_97_P2A.fasta	Xcv_DC_96-4.fasta	99.8292	1615	1645
Xcv_DC_97_P2A.fasta	Ps-7.fasta	99.8284	1599	1645
Xcv_DC_97_P2A.fasta	X82-8P_C3.fasta	99.8281	1612	1645
Xcv_DC_97_P2A.fasta	X82-8P.fasta	99.827	1612	1645
Xcv_DC_97_P2A.fasta	LMG_930.fasta	99.8177	1625	1645
Xcv_DC_97_P2A.fasta	70-7.fasta	99.8176	1594	1645
Xcv_DC_97_P2A.fasta	E3.fasta	99.8143	1594	1645
Xcv_DC_97_P2A.fasta	Xv_79.fasta	99.8122	1600	1645
Xcv_DC_97_P2A.fasta	Xv_72.fasta	99.8105	1602	1645
Xcv_DC_97_P2A.fasta	X82-8P_C1.fasta	99.8099	1612	1645
Xcv_DC_97_P2A.fasta	X82-8P_C2.fasta	99.8075	1600	1645
Xcv_DC_97_P2A.fasta	69-24.fasta	99.8067	1597	1645
Xcv_DC_97_P2A.fasta	X82-8P_C6.fasta	99.8062	1612	1645
Xcv_DC_97_P2A.fasta	X82-8P_C4.fasta	99.8043	1609	1645
Xcv_DC_97_P2A.fasta	66b.fasta	99.7942	1490	1645
Xcv_DC_97_P2A.fasta	LMG_933.fasta	99.7656	1417	1645
Xcv_DC_97_P2A.fasta	LMG_905.fasta	99.7537	1447	1645
Xcv_DC_97_P2A.fasta	LMG_667.fasta	99.7528	1495	1645
Xcv_DC_97_P2A.fasta	LMG_909.fasta	99.7443	1471	1645
Xcv_DC_97_P2A.fasta	LMG_27970.fasta	99.4421	1155	1645
Xcv_DC_97_P3A.fasta	Xcv_DC_97_P3A.fasta	100	1651	1655
Xcv_DC_97_P3A.fasta	Xcv_Sspep_92.fasta	99.9945	1630	1655
Xcv_DC_97_P3A.fasta	Ps-1.fasta	99.9816	1604	1655
Xcv_DC_97_P3A.fasta	Tu-11.fasta	99.9804	1636	1655
Xcv_DC_97_P3A.fasta	65XENP3.fasta	99.9793	1641	1655
Xcv_DC_97_P3A.fasta	Tu-06.fasta	99.9778	1631	1655
Xcv_DC_97_P3A.fasta	65XENP1.fasta	99.9771	1640	1655
Xcv_DC_97_P3A.fasta	65XENP2.fasta	99.9762	1641	1655
Xcv_DC_97_P3A.fasta	DOA-2990.fasta	99.9758	1643	1655
Xcv_DC_97_P3A.fasta	VTM17.fasta	99.9732	1648	1655
Xcv_DC_97_P3A.fasta	80-5.fasta	99.9676	1641	1655
Xcv_DC_97_P3A.fasta	20HP1613.fasta	99.9576	1646	1655
Xcv_DC_97_P3A.fasta	Xcv_DC_97_P2A.fasta	99.9395	1630	1655
Xcv_DC_97_P3A.fasta	Xcv_DC_96-2.fasta	99.937	1626	1655
Xcv_DC_97_P3A.fasta	XVP26.fasta	99.9366	1617	1655
Xcv_DC_97_P3A.fasta	71-21.fasta	99.9325	1604	1655
Xcv_DC_97_P3A.fasta	Xcv_DC_98_P2A.fasta	99.9321	1623	1655
Xcv_DC_97_P3A.fasta	Xcv_DC_93-6.fasta	99.9308	1622	1655
Xcv_DC_97_P3A.fasta	FB570.fasta	99.9303	1611	1655
Xcv_DC_97_P3A.fasta	89-16.fasta	99.9286	1619	1655
Xcv_DC_97_P3A.fasta	Tabasco1.fasta	99.9265	1642	1655
Xcv_DC_97_P3A.fasta	Xcv_DC_96-1.fasta	99.9241	1628	1655
Xcv_DC_97_P3A.fasta	Xv157.fasta	99.9219	1599	1655
Xcv_DC_97_P3A.fasta	Tu-08.fasta	99.9193	1624	1655
Xcv_DC_97_P3A.fasta	87-47.fasta	99.9186	1605	1655
Xcv_DC_97_P3A.fasta	Xcv_DC_93-8.fasta	99.9157	1608	1655
Xcv_DC_97_P3A.fasta	Xcv_DC_96-4.fasta	99.9144	1623	1655
Xcv_DC_97_P3A.fasta	Xcv_DC_93-9.fasta	99.913	1606	1655
Xcv_DC_97_P3A.fasta	Ps-7.fasta	99.9128	1603	1655
Xcv_DC_97_P3A.fasta	89-10.fasta	99.9122	1601	1655
Xcv_DC_97_P3A.fasta	Xcv_DC_93-7.fasta	99.9111	1612	1655
Xcv_DC_97_P3A.fasta	87-21.fasta	99.9039	1603	1655
Xcv_DC_97_P3A.fasta	20HP1594.fasta	99.8958	1612	1655
Xcv_DC_97_P3A.fasta	83M.fasta	99.895	1510	1655
Xcv_DC_97_P3A.fasta	X31.fasta	99.8939	1621	1655
Xcv_DC_97_P3A.fasta	DOA-1721.fasta	99.8937	1617	1655
Xcv_DC_97_P3A.fasta	75-3.fasta	99.8919	1566	1655
Xcv_DC_97_P3A.fasta	DOA-1726.fasta	99.8907	1617	1655
Xcv_DC_97_P3A.fasta	DOA-2987.fasta	99.8882	1613	1655
Xcv_DC_97_P3A.fasta	WHRI_8301.fasta	99.8881	1612	1655
Xcv_DC_97_P3A.fasta	Xcv_DC_96-5.fasta	99.8868	1619	1655
Xcv_DC_97_P3A.fasta	DOA-2989.fasta	99.8867	1614	1655
Xcv_DC_97_P3A.fasta	85-16.fasta	99.8865	1549	1655
Xcv_DC_97_P3A.fasta	XCVCP-C-51.fasta	99.8859	1604	1655
Xcv_DC_97_P3A.fasta	86-22.fasta	99.8851	1571	1655
Xcv_DC_97_P3A.fasta	86-2.fasta	99.8848	1561	1655
Xcv_DC_97_P3A.fasta	XCVKK-C-1.fasta	99.8843	1611	1655
Xcv_DC_97_P3A.fasta	DOA-2983.fasta	99.8824	1620	1655
Xcv_DC_97_P3A.fasta	X22.fasta	99.8823	1624	1655
Xcv_DC_97_P3A.fasta	Xcv_DC_96-3.fasta	99.8816	1620	1655
Xcv_DC_97_P3A.fasta	85-10.fasta	99.8795	1623	1655
Xcv_DC_97_P3A.fasta	VTM10.fasta	99.8778	1619	1655
Xcv_DC_97_P3A.fasta	DOA-2036.fasta	99.8777	1609	1655
Xcv_DC_97_P3A.fasta	72-7.fasta	99.8772	1593	1655
Xcv_DC_97_P3A.fasta	XCVKK-C-4.fasta	99.8765	1605	1655
Xcv_DC_97_P3A.fasta	20HP1608-1.fasta	99.8762	1619	1655
Xcv_DC_97_P3A.fasta	20HP1609-2.fasta	99.8756	1617	1655
Xcv_DC_97_P3A.fasta	XCVKK-C-3.fasta	99.8742	1611	1655
Xcv_DC_97_P3A.fasta	XCVKK-C-5.fasta	99.8732	1611	1655
Xcv_DC_97_P3A.fasta	VTM12.fasta	99.8726	1619	1655
Xcv_DC_97_P3A.fasta	20HP1597.fasta	99.8723	1610	1655
Xcv_DC_97_P3A.fasta	VTM15.fasta	99.8717	1621	1655
Xcv_DC_97_P3A.fasta	69-1.fasta	99.871	1596	1655
Xcv_DC_97_P3A.fasta	62XEKK5.fasta	99.8704	1611	1655
Xcv_DC_97_P3A.fasta	20HP1615.fasta	99.8704	1609	1655
Xcv_DC_97_P3A.fasta	Xe173.fasta	99.8703	1640	1655
Xcv_DC_97_P3A.fasta	86-46.fasta	99.8676	1580	1655
Xcv_DC_97_P3A.fasta	Tu-10.fasta	99.8669	1628	1655
Xcv_DC_97_P3A.fasta	X13.fasta	99.8656	1616	1655
Xcv_DC_97_P3A.fasta	XCVKK-C-2.fasta	99.8634	1609	1655
Xcv_DC_97_P3A.fasta	XCVCP-C-43.fasta	99.8618	1606	1655
Xcv_DC_97_P3A.fasta	20HP1614.fasta	99.8614	1619	1655
Xcv_DC_97_P3A.fasta	ATCC_11633.fasta	99.8601	1601	1655
Xcv_DC_97_P3A.fasta	Xcv_DC_97_P1A.fasta	99.859	1611	1655
Xcv_DC_97_P3A.fasta	DC99P1B1.fasta	99.8574	1615	1655
Xcv_DC_97_P3A.fasta	20HP1608-2.fasta	99.8571	1615	1655
Xcv_DC_97_P3A.fasta	87-13.fasta	99.8564	1612	1655
Xcv_DC_97_P3A.fasta	DC99P1A1.fasta	99.8561	1616	1655
Xcv_DC_97_P3A.fasta	87-7.fasta	99.8475	1597	1655
Xcv_DC_97_P3A.fasta	VTM4.fasta	99.8472	1624	1655
Xcv_DC_97_P3A.fasta	90-13.fasta	99.8444	1607	1655
Xcv_DC_97_P3A.fasta	20HP1591.fasta	99.8392	1616	1655
Xcv_DC_97_P3A.fasta	LMG_930.fasta	99.8354	1631	1655
Xcv_DC_97_P3A.fasta	VTM16.fasta	99.8353	1630	1655
Xcv_DC_97_P3A.fasta	Xv_79.fasta	99.8305	1605	1655
Xcv_DC_97_P3A.fasta	Xv_72.fasta	99.83	1609	1655
Xcv_DC_97_P3A.fasta	70-7.fasta	99.8159	1599	1655
Xcv_DC_97_P3A.fasta	X82-8P.fasta	99.8116	1622	1655
Xcv_DC_97_P3A.fasta	69-24.fasta	99.8104	1604	1655
Xcv_DC_97_P3A.fasta	X82-8P_C3.fasta	99.8061	1627	1655
Xcv_DC_97_P3A.fasta	LMG_667.fasta	99.8046	1499	1655
Xcv_DC_97_P3A.fasta	X82-8P_C6.fasta	99.8042	1620	1655
Xcv_DC_97_P3A.fasta	X82-8P_C2.fasta	99.8022	1609	1655
Xcv_DC_97_P3A.fasta	X82-8P_C5.fasta	99.8017	1622	1655
Xcv_DC_97_P3A.fasta	X82-8P_C1.fasta	99.8015	1623	1655
Xcv_DC_97_P3A.fasta	E3.fasta	99.7973	1603	1655
Xcv_DC_97_P3A.fasta	LMG_909.fasta	99.7968	1480	1655
Xcv_DC_97_P3A.fasta	X82-8P_C4.fasta	99.7947	1616	1655
Xcv_DC_97_P3A.fasta	LMG_933.fasta	99.7834	1418	1655
Xcv_DC_97_P3A.fasta	66b.fasta	99.7796	1498	1655
Xcv_DC_97_P3A.fasta	LMG_905.fasta	99.7469	1458	1655
Xcv_DC_97_P3A.fasta	LMG_27970.fasta	99.4461	1152	1655
Xcv_DC_98_P2A.fasta	Xcv_DC_98_P2A.fasta	100	1717	1719
Xcv_DC_98_P2A.fasta	Xcv_DC_96-1.fasta	99.9989	1707	1719
Xcv_DC_98_P2A.fasta	Xcv_DC_96-2.fasta	99.9989	1650	1719
Xcv_DC_98_P2A.fasta	Xcv_DC_96-4.fasta	99.9984	1702	1719
Xcv_DC_98_P2A.fasta	Xcv_DC_93-6.fasta	99.9919	1699	1719
Xcv_DC_98_P2A.fasta	Xv157.fasta	99.9914	1666	1719
Xcv_DC_98_P2A.fasta	87-47.fasta	99.9907	1678	1719
Xcv_DC_98_P2A.fasta	89-10.fasta	99.9886	1665	1719
Xcv_DC_98_P2A.fasta	Ps-7.fasta	99.988	1683	1719
Xcv_DC_98_P2A.fasta	FB570.fasta	99.987	1687	1719
Xcv_DC_98_P2A.fasta	89-16.fasta	99.987	1699	1719
Xcv_DC_98_P2A.fasta	87-21.fasta	99.9639	1605	1719
Xcv_DC_98_P2A.fasta	71-21.fasta	99.9561	1594	1719
Xcv_DC_98_P2A.fasta	Xcv_DC_97_P3A.fasta	99.9334	1618	1719
Xcv_DC_98_P2A.fasta	X22.fasta	99.9251	1633	1719
Xcv_DC_98_P2A.fasta	Tu-06.fasta	99.9215	1616	1719
Xcv_DC_98_P2A.fasta	Tu-11.fasta	99.9189	1621	1719
Xcv_DC_98_P2A.fasta	Xcv_DC_96-5.fasta	99.9165	1624	1719
Xcv_DC_98_P2A.fasta	20HP1608-2.fasta	99.9145	1633	1719
Xcv_DC_98_P2A.fasta	20HP1614.fasta	99.9141	1632	1719
Xcv_DC_98_P2A.fasta	VTM16.fasta	99.9094	1639	1719
Xcv_DC_98_P2A.fasta	20HP1591.fasta	99.909	1632	1719
Xcv_DC_98_P2A.fasta	DOA-1726.fasta	99.9084	1636	1719
Xcv_DC_98_P2A.fasta	Xcv_DC_96-3.fasta	99.9082	1622	1719
Xcv_DC_98_P2A.fasta	87-7.fasta	99.9076	1660	1719
Xcv_DC_98_P2A.fasta	DOA-2987.fasta	99.9062	1632	1719
Xcv_DC_98_P2A.fasta	VTM17.fasta	99.9048	1633	1719
Xcv_DC_98_P2A.fasta	X31.fasta	99.903	1634	1719
Xcv_DC_98_P2A.fasta	VTM10.fasta	99.9022	1626	1719
Xcv_DC_98_P2A.fasta	DOA-2989.fasta	99.9015	1636	1719
Xcv_DC_98_P2A.fasta	Tu-10.fasta	99.9015	1636	1719
Xcv_DC_98_P2A.fasta	VTM15.fasta	99.901	1629	1719
Xcv_DC_98_P2A.fasta	XCVKK-C-2.fasta	99.8986	1626	1719
Xcv_DC_98_P2A.fasta	VTM12.fasta	99.8983	1636	1719
Xcv_DC_98_P2A.fasta	XCVCP-C-43.fasta	99.8981	1623	1719
Xcv_DC_98_P2A.fasta	20HP1597.fasta	99.8974	1629	1719
Xcv_DC_98_P2A.fasta	DOA-1721.fasta	99.8964	1627	1719
Xcv_DC_98_P2A.fasta	20HP1615.fasta	99.8963	1630	1719
Xcv_DC_98_P2A.fasta	20HP1594.fasta	99.896	1623	1719
Xcv_DC_98_P2A.fasta	XVP26.fasta	99.8958	1614	1719
Xcv_DC_98_P2A.fasta	20HP1609-2.fasta	99.8951	1634	1719
Xcv_DC_98_P2A.fasta	20HP1608-1.fasta	99.8929	1638	1719
Xcv_DC_98_P2A.fasta	VTM4.fasta	99.889	1636	1719
Xcv_DC_98_P2A.fasta	DOA-2036.fasta	99.8876	1622	1719
Xcv_DC_98_P2A.fasta	XCVKK-C-3.fasta	99.8866	1624	1719
Xcv_DC_98_P2A.fasta	XCVKK-C-5.fasta	99.8848	1627	1719
Xcv_DC_98_P2A.fasta	DOA-2983.fasta	99.8845	1627	1719
Xcv_DC_98_P2A.fasta	XCVKK-C-1.fasta	99.8823	1624	1719
Xcv_DC_98_P2A.fasta	XCVCP-C-51.fasta	99.8818	1622	1719
Xcv_DC_98_P2A.fasta	62XEKK5.fasta	99.8811	1628	1719
Xcv_DC_98_P2A.fasta	XCVKK-C-4.fasta	99.8809	1626	1719
Xcv_DC_98_P2A.fasta	72-7.fasta	99.873	1596	1719
Xcv_DC_98_P2A.fasta	DOA-2990.fasta	99.8685	1632	1719
Xcv_DC_98_P2A.fasta	Tu-08.fasta	99.8578	1637	1719
Xcv_DC_98_P2A.fasta	LMG_909.fasta	99.851	1468	1719
Xcv_DC_98_P2A.fasta	65XENP3.fasta	99.8505	1636	1719
Xcv_DC_98_P2A.fasta	65XENP1.fasta	99.8492	1638	1719
Xcv_DC_98_P2A.fasta	65XENP2.fasta	99.8488	1639	1719
Xcv_DC_98_P2A.fasta	Tabasco1.fasta	99.8477	1633	1719
Xcv_DC_98_P2A.fasta	Xcv_DC_97_P2A.fasta	99.847	1609	1719
Xcv_DC_98_P2A.fasta	ATCC_11633.fasta	99.8415	1607	1719
Xcv_DC_98_P2A.fasta	LMG_667.fasta	99.8386	1551	1719
Xcv_DC_98_P2A.fasta	Xcv_Sspep_92.fasta	99.8339	1652	1719
Xcv_DC_98_P2A.fasta	86-46.fasta	99.8313	1597	1719
Xcv_DC_98_P2A.fasta	Ps-1.fasta	99.8309	1622	1719
Xcv_DC_98_P2A.fasta	DC99P1A1.fasta	99.8294	1666	1719
Xcv_DC_98_P2A.fasta	DC99P1B1.fasta	99.8259	1670	1719
Xcv_DC_98_P2A.fasta	20HP1613.fasta	99.823	1646	1719
Xcv_DC_98_P2A.fasta	83M.fasta	99.821	1499	1719
Xcv_DC_98_P2A.fasta	Xcv_DC_97_P1A.fasta	99.815	1654	1719
Xcv_DC_98_P2A.fasta	87-13.fasta	99.8095	1663	1719
Xcv_DC_98_P2A.fasta	Xe173.fasta	99.809	1678	1719
Xcv_DC_98_P2A.fasta	70-7.fasta	99.8072	1602	1719
Xcv_DC_98_P2A.fasta	X82-8P_C5.fasta	99.8066	1625	1719
Xcv_DC_98_P2A.fasta	X82-8P.fasta	99.806	1627	1719
Xcv_DC_98_P2A.fasta	X82-8P_C6.fasta	99.8055	1623	1719
Xcv_DC_98_P2A.fasta	X82-8P_C3.fasta	99.8047	1626	1719
Xcv_DC_98_P2A.fasta	X82-8P_C1.fasta	99.8032	1625	1719
Xcv_DC_98_P2A.fasta	LMG_933.fasta	99.801	1421	1719
Xcv_DC_98_P2A.fasta	X82-8P_C2.fasta	99.7975	1613	1719
Xcv_DC_98_P2A.fasta	X82-8P_C4.fasta	99.7959	1619	1719
Xcv_DC_98_P2A.fasta	X13.fasta	99.7947	1665	1719
Xcv_DC_98_P2A.fasta	85-16.fasta	99.7743	1595	1719
Xcv_DC_98_P2A.fasta	85-10.fasta	99.7733	1662	1719
Xcv_DC_98_P2A.fasta	90-13.fasta	99.7706	1666	1719
Xcv_DC_98_P2A.fasta	WHRI_8301.fasta	99.7675	1655	1719
Xcv_DC_98_P2A.fasta	69-1.fasta	99.758	1627	1719
Xcv_DC_98_P2A.fasta	66b.fasta	99.7537	1531	1719
Xcv_DC_98_P2A.fasta	75-3.fasta	99.7462	1615	1719
Xcv_DC_98_P2A.fasta	E3.fasta	99.7431	1616	1719
Xcv_DC_98_P2A.fasta	86-22.fasta	99.7412	1614	1719
Xcv_DC_98_P2A.fasta	69-24.fasta	99.74	1619	1719
Xcv_DC_98_P2A.fasta	86-2.fasta	99.7289	1606	1719
Xcv_DC_98_P2A.fasta	80-5.fasta	99.7079	1663	1719
Xcv_DC_98_P2A.fasta	Xv_72.fasta	99.6713	1655	1719
Xcv_DC_98_P2A.fasta	Xcv_DC_93-9.fasta	99.6682	1624	1719
Xcv_DC_98_P2A.fasta	Xcv_DC_93-8.fasta	99.6666	1631	1719
Xcv_DC_98_P2A.fasta	Xcv_DC_93-7.fasta	99.658	1629	1719
Xcv_DC_98_P2A.fasta	LMG_930.fasta	99.6523	1688	1719
Xcv_DC_98_P2A.fasta	Xv_79.fasta	99.6409	1658	1719
Xcv_DC_98_P2A.fasta	LMG_905.fasta	99.5362	1457	1719
Xcv_DC_98_P2A.fasta	LMG_27970.fasta	99.4788	1154	1719
Xcv_Sspep_92.fasta	Xcv_Sspep_92.fasta	100	1694	1697
Xcv_Sspep_92.fasta	Xcv_DC_97_P3A.fasta	99.9967	1635	1697
Xcv_Sspep_92.fasta	Tu-11.fasta	99.9952	1637	1697
Xcv_Sspep_92.fasta	Tu-06.fasta	99.9948	1633	1697
Xcv_Sspep_92.fasta	Ps-1.fasta	99.9841	1658	1697
Xcv_Sspep_92.fasta	Tabasco1.fasta	99.9837	1628	1697
Xcv_Sspep_92.fasta	65XENP1.fasta	99.9802	1632	1697
Xcv_Sspep_92.fasta	65XENP2.fasta	99.9797	1632	1697
Xcv_Sspep_92.fasta	65XENP3.fasta	99.9797	1632	1697
Xcv_Sspep_92.fasta	Xcv_DC_97_P2A.fasta	99.9787	1621	1697
Xcv_Sspep_92.fasta	DOA-2990.fasta	99.9709	1631	1697
Xcv_Sspep_92.fasta	VTM17.fasta	99.9706	1639	1697
Xcv_Sspep_92.fasta	20HP1613.fasta	99.9569	1635	1697
Xcv_Sspep_92.fasta	Tu-08.fasta	99.9453	1618	1697
Xcv_Sspep_92.fasta	XVP26.fasta	99.9377	1617	1697
Xcv_Sspep_92.fasta	87-21.fasta	99.9362	1606	1697
Xcv_Sspep_92.fasta	71-21.fasta	99.9317	1591	1697
Xcv_Sspep_92.fasta	Xe173.fasta	99.9303	1684	1697
Xcv_Sspep_92.fasta	Xcv_DC_96-2.fasta	99.9216	1617	1697
Xcv_Sspep_92.fasta	X13.fasta	99.9191	1661	1697
Xcv_Sspep_92.fasta	DC99P1B1.fasta	99.917	1660	1697
Xcv_Sspep_92.fasta	DC99P1A1.fasta	99.9163	1658	1697
Xcv_Sspep_92.fasta	Xv_72.fasta	99.9156	1651	1697
Xcv_Sspep_92.fasta	87-13.fasta	99.9136	1652	1697
Xcv_Sspep_92.fasta	Xv_79.fasta	99.9135	1650	1697
Xcv_Sspep_92.fasta	75-3.fasta	99.9118	1612	1697
Xcv_Sspep_92.fasta	Xcv_DC_97_P1A.fasta	99.9113	1658	1697
Xcv_Sspep_92.fasta	20HP1609-2.fasta	99.9087	1609	1697
Xcv_Sspep_92.fasta	20HP1608-1.fasta	99.908	1614	1697
Xcv_Sspep_92.fasta	86-22.fasta	99.9072	1622	1697
Xcv_Sspep_92.fasta	X31.fasta	99.9071	1616	1697
Xcv_Sspep_92.fasta	85-16.fasta	99.9062	1600	1697
Xcv_Sspep_92.fasta	20HP1614.fasta	99.906	1611	1697
Xcv_Sspep_92.fasta	X22.fasta	99.9053	1619	1697
Xcv_Sspep_92.fasta	Tu-10.fasta	99.9033	1622	1697
Xcv_Sspep_92.fasta	LMG_930.fasta	99.9032	1676	1697
Xcv_Sspep_92.fasta	85-10.fasta	99.9007	1674	1697
Xcv_Sspep_92.fasta	DOA-1721.fasta	99.9003	1614	1697
Xcv_Sspep_92.fasta	20HP1608-2.fasta	99.8998	1610	1697
Xcv_Sspep_92.fasta	Xcv_DC_96-5.fasta	99.8996	1618	1697
Xcv_Sspep_92.fasta	XCVKK-C-2.fasta	99.8992	1600	1697
Xcv_Sspep_92.fasta	20HP1597.fasta	99.8991	1603	1697
Xcv_Sspep_92.fasta	86-46.fasta	99.8987	1581	1697
Xcv_Sspep_92.fasta	20HP1591.fasta	99.8986	1611	1697
Xcv_Sspep_92.fasta	VTM10.fasta	99.8978	1614	1697
Xcv_Sspep_92.fasta	XCVKK-C-4.fasta	99.8965	1601	1697
Xcv_Sspep_92.fasta	20HP1594.fasta	99.8962	1610	1697
Xcv_Sspep_92.fasta	XCVCP-C-43.fasta	99.8961	1600	1697
Xcv_Sspep_92.fasta	DOA-1726.fasta	99.8961	1617	1697
Xcv_Sspep_92.fasta	XCVKK-C-3.fasta	99.896	1605	1697
Xcv_Sspep_92.fasta	DOA-2036.fasta	99.8957	1605	1697
Xcv_Sspep_92.fasta	X82-8P.fasta	99.8957	1617	1697
Xcv_Sspep_92.fasta	XCVKK-C-5.fasta	99.8956	1605	1697
Xcv_Sspep_92.fasta	WHRI_8301.fasta	99.8956	1658	1697
Xcv_Sspep_92.fasta	70-7.fasta	99.8955	1591	1697
Xcv_Sspep_92.fasta	E3.fasta	99.8955	1593	1697
Xcv_Sspep_92.fasta	DOA-2987.fasta	99.8949	1610	1697
Xcv_Sspep_92.fasta	DOA-2983.fasta	99.8939	1614	1697
Xcv_Sspep_92.fasta	72-7.fasta	99.8931	1594	1697
Xcv_Sspep_92.fasta	XCVKK-C-1.fasta	99.8929	1605	1697
Xcv_Sspep_92.fasta	DOA-2989.fasta	99.8925	1613	1697
Xcv_Sspep_92.fasta	ATCC_11633.fasta	99.8923	1599	1697
Xcv_Sspep_92.fasta	XCVCP-C-51.fasta	99.8921	1601	1697
Xcv_Sspep_92.fasta	62XEKK5.fasta	99.8914	1607	1697
Xcv_Sspep_92.fasta	86-2.fasta	99.8912	1604	1697
Xcv_Sspep_92.fasta	83M.fasta	99.891	1503	1697
Xcv_Sspep_92.fasta	X82-8P_C3.fasta	99.8896	1617	1697
Xcv_Sspep_92.fasta	VTM15.fasta	99.8893	1616	1697
Xcv_Sspep_92.fasta	Xcv_DC_96-3.fasta	99.8893	1614	1697
Xcv_Sspep_92.fasta	X82-8P_C2.fasta	99.8882	1603	1697
Xcv_Sspep_92.fasta	X82-8P_C6.fasta	99.8881	1614	1697
Xcv_Sspep_92.fasta	69-24.fasta	99.8881	1597	1697
Xcv_Sspep_92.fasta	VTM12.fasta	99.8876	1613	1697
Xcv_Sspep_92.fasta	X82-8P_C1.fasta	99.8867	1615	1697
Xcv_Sspep_92.fasta	VTM16.fasta	99.8854	1624	1697
Xcv_Sspep_92.fasta	X82-8P_C5.fasta	99.8852	1617	1697
Xcv_Sspep_92.fasta	20HP1615.fasta	99.8805	1606	1697
Xcv_Sspep_92.fasta	90-13.fasta	99.8805	1641	1697
Xcv_Sspep_92.fasta	VTM4.fasta	99.8684	1616	1697
Xcv_Sspep_92.fasta	X82-8P_C4.fasta	99.867	1610	1697
Xcv_Sspep_92.fasta	89-16.fasta	99.8307	1647	1697
Xcv_Sspep_92.fasta	Xv157.fasta	99.8224	1639	1697
Xcv_Sspep_92.fasta	Xcv_DC_93-6.fasta	99.8206	1654	1697
Xcv_Sspep_92.fasta	FB570.fasta	99.8188	1638	1697
Xcv_Sspep_92.fasta	66b.fasta	99.8177	1537	1697
Xcv_Sspep_92.fasta	Xcv_DC_98_P2A.fasta	99.8139	1657	1697
Xcv_Sspep_92.fasta	Xcv_DC_96-1.fasta	99.8101	1658	1697
Xcv_Sspep_92.fasta	LMG_909.fasta	99.8099	1463	1697
Xcv_Sspep_92.fasta	87-47.fasta	99.8086	1633	1697
Xcv_Sspep_92.fasta	89-10.fasta	99.8062	1641	1697
Xcv_Sspep_92.fasta	Ps-7.fasta	99.8025	1631	1697
Xcv_Sspep_92.fasta	Xcv_DC_96-4.fasta	99.7991	1654	1697
Xcv_Sspep_92.fasta	87-7.fasta	99.7858	1630	1697
Xcv_Sspep_92.fasta	80-5.fasta	99.784	1658	1697
Xcv_Sspep_92.fasta	LMG_933.fasta	99.7784	1419	1697
Xcv_Sspep_92.fasta	Xcv_DC_93-9.fasta	99.7118	1625	1697
Xcv_Sspep_92.fasta	69-1.fasta	99.7106	1623	1697
Xcv_Sspep_92.fasta	Xcv_DC_93-7.fasta	99.705	1627	1697
Xcv_Sspep_92.fasta	Xcv_DC_93-8.fasta	99.7018	1627	1697
Xcv_Sspep_92.fasta	LMG_667.fasta	99.6996	1532	1697
Xcv_Sspep_92.fasta	LMG_905.fasta	99.5206	1465	1697
Xcv_Sspep_92.fasta	LMG_27970.fasta	99.494	1153	1697
Xe173.fasta	Xe173.fasta	100	1780	1782
Xe173.fasta	VTM15.fasta	99.9657	1660	1782
Xe173.fasta	VTM10.fasta	99.9628	1660	1782
Xe173.fasta	DOA-2989.fasta	99.9569	1654	1782
Xe173.fasta	X22.fasta	99.9552	1660	1782
Xe173.fasta	XCVCP-C-51.fasta	99.9549	1643	1782
Xe173.fasta	VTM4.fasta	99.9547	1655	1782
Xe173.fasta	DOA-1721.fasta	99.9547	1652	1782
Xe173.fasta	VTM12.fasta	99.9533	1657	1782
Xe173.fasta	20HP1608-1.fasta	99.9524	1652	1782
Xe173.fasta	Tu-10.fasta	99.9515	1661	1782
Xe173.fasta	20HP1597.fasta	99.9505	1647	1782
Xe173.fasta	20HP1594.fasta	99.9494	1650	1782
Xe173.fasta	DC99P1A1.fasta	99.9492	1690	1782
Xe173.fasta	DOA-2983.fasta	99.9487	1655	1782
Xe173.fasta	DC99P1B1.fasta	99.9482	1693	1782
Xe173.fasta	20HP1609-2.fasta	99.9481	1651	1782
Xe173.fasta	Xcv_DC_97_P1A.fasta	99.9473	1685	1782
Xe173.fasta	XCVCP-C-43.fasta	99.9464	1645	1782
Xe173.fasta	87-13.fasta	99.946	1692	1782
Xe173.fasta	20HP1614.fasta	99.9454	1651	1782
Xe173.fasta	VTM16.fasta	99.9445	1670	1782
Xe173.fasta	DOA-2987.fasta	99.9445	1647	1782
Xe173.fasta	Xcv_DC_96-5.fasta	99.9437	1650	1782
Xe173.fasta	20HP1615.fasta	99.9436	1652	1782
Xe173.fasta	DOA-1726.fasta	99.9424	1655	1782
Xe173.fasta	XCVKK-C-4.fasta	99.9423	1645	1782
Xe173.fasta	XCVKK-C-1.fasta	99.9403	1645	1782
Xe173.fasta	20HP1608-2.fasta	99.9366	1654	1782
Xe173.fasta	X31.fasta	99.9359	1657	1782
Xe173.fasta	62XEKK5.fasta	99.9356	1653	1782
Xe173.fasta	X13.fasta	99.9346	1698	1782
Xe173.fasta	XCVKK-C-2.fasta	99.9336	1646	1782
Xe173.fasta	20HP1591.fasta	99.9335	1654	1782
Xe173.fasta	DOA-2036.fasta	99.933	1645	1782
Xe173.fasta	XCVKK-C-3.fasta	99.9322	1649	1782
Xe173.fasta	Xcv_DC_96-3.fasta	99.9318	1649	1782
Xe173.fasta	XCVKK-C-5.fasta	99.9314	1652	1782
Xe173.fasta	90-13.fasta	99.9266	1679	1782
Xe173.fasta	87-21.fasta	99.9166	1606	1782
Xe173.fasta	XVP26.fasta	99.8963	1637	1782
Xe173.fasta	Tu-06.fasta	99.8956	1637	1782
Xe173.fasta	Tu-11.fasta	99.8925	1642	1782
Xe173.fasta	Xcv_Sspep_92.fasta	99.8925	1673	1782
Xe173.fasta	Ps-1.fasta	99.8879	1642	1782
Xe173.fasta	Tu-08.fasta	99.8865	1662	1782
Xe173.fasta	Xcv_DC_97_P2A.fasta	99.8849	1629	1782
Xe173.fasta	Xcv_DC_96-2.fasta	99.8689	1640	1782
Xe173.fasta	66b.fasta	99.854	1567	1782
Xe173.fasta	71-21.fasta	99.8537	1609	1782
Xe173.fasta	72-7.fasta	99.8475	1608	1782
Xe173.fasta	87-7.fasta	99.8336	1669	1782
Xe173.fasta	Xcv_DC_97_P3A.fasta	99.8257	1638	1782
Xe173.fasta	85-16.fasta	99.8252	1609	1782
Xe173.fasta	Xv157.fasta	99.8208	1652	1782
Xe173.fasta	85-10.fasta	99.817	1727	1782
Xe173.fasta	89-10.fasta	99.8151	1647	1782
Xe173.fasta	75-3.fasta	99.8072	1621	1782
Xe173.fasta	LMG_909.fasta	99.8068	1469	1782
Xe173.fasta	WHRI_8301.fasta	99.8042	1714	1782
Xe173.fasta	65XENP2.fasta	99.8027	1644	1782
Xe173.fasta	86-22.fasta	99.8018	1628	1782
Xe173.fasta	Tabasco1.fasta	99.8008	1644	1782
Xe173.fasta	86-46.fasta	99.7994	1588	1782
Xe173.fasta	86-2.fasta	99.7899	1618	1782
Xe173.fasta	ATCC_11633.fasta	99.7893	1603	1782
Xe173.fasta	X82-8P.fasta	99.7853	1639	1782
Xe173.fasta	LMG_930.fasta	99.7839	1733	1782
Xe173.fasta	65XENP3.fasta	99.7794	1650	1782
Xe173.fasta	Xcv_DC_98_P2A.fasta	99.7782	1680	1782
Xe173.fasta	DOA-2990.fasta	99.7779	1647	1782
Xe173.fasta	65XENP1.fasta	99.7765	1650	1782
Xe173.fasta	89-16.fasta	99.7755	1682	1782
Xe173.fasta	Xv_72.fasta	99.7743	1659	1782
Xe173.fasta	70-7.fasta	99.7722	1619	1782
Xe173.fasta	VTM17.fasta	99.771	1656	1782
Xe173.fasta	X82-8P_C6.fasta	99.7693	1637	1782
Xe173.fasta	20HP1613.fasta	99.7685	1652	1782
Xe173.fasta	X82-8P_C5.fasta	99.7685	1640	1782
Xe173.fasta	FB570.fasta	99.7681	1655	1782
Xe173.fasta	Xcv_DC_96-1.fasta	99.7677	1677	1782
Xe173.fasta	X82-8P_C4.fasta	99.7667	1633	1782
Xe173.fasta	Xcv_DC_93-6.fasta	99.764	1671	1782
Xe173.fasta	69-24.fasta	99.7627	1615	1782
Xe173.fasta	Xv_79.fasta	99.7618	1669	1782
Xe173.fasta	X82-8P_C3.fasta	99.7591	1641	1782
Xe173.fasta	LMG_933.fasta	99.7572	1427	1782
Xe173.fasta	X82-8P_C1.fasta	99.7567	1638	1782
Xe173.fasta	E3.fasta	99.756	1606	1782
Xe173.fasta	Xcv_DC_96-4.fasta	99.7546	1679	1782
Xe173.fasta	X82-8P_C2.fasta	99.7506	1625	1782
Xe173.fasta	87-47.fasta	99.7456	1655	1782
Xe173.fasta	Ps-7.fasta	99.7391	1653	1782
Xe173.fasta	83M.fasta	99.7331	1518	1782
Xe173.fasta	69-1.fasta	99.7153	1641	1782
Xe173.fasta	LMG_667.fasta	99.6855	1540	1782
Xe173.fasta	Xcv_DC_93-7.fasta	99.6799	1629	1782
Xe173.fasta	Xcv_DC_93-9.fasta	99.6786	1627	1782
Xe173.fasta	Xcv_DC_93-8.fasta	99.6662	1635	1782
Xe173.fasta	80-5.fasta	99.6179	1674	1782
Xe173.fasta	LMG_905.fasta	99.5566	1464	1782
Xe173.fasta	LMG_27970.fasta	99.4736	1150	1782
Xv157.fasta	Xv157.fasta	100	1685	1689
Xv157.fasta	Xcv_DC_96-2.fasta	99.9981	1624	1689
Xv157.fasta	Xcv_DC_96-1.fasta	99.998	1678	1689
Xv157.fasta	Xcv_DC_96-4.fasta	99.9969	1673	1689
Xv157.fasta	89-10.fasta	99.9958	1669	1689
Xv157.fasta	Xcv_DC_98_P2A.fasta	99.9957	1678	1689
Xv157.fasta	Xcv_DC_93-6.fasta	99.9925	1675	1689
Xv157.fasta	87-47.fasta	99.9901	1659	1689
Xv157.fasta	Ps-7.fasta	99.9897	1665	1689
Xv157.fasta	FB570.fasta	99.9894	1668	1689
Xv157.fasta	89-16.fasta	99.9857	1667	1689
Xv157.fasta	87-21.fasta	99.9714	1598	1689
Xv157.fasta	Xcv_DC_96-5.fasta	99.9689	1613	1689
Xv157.fasta	X22.fasta	99.9647	1613	1689
Xv157.fasta	Xcv_DC_96-3.fasta	99.9642	1616	1689
Xv157.fasta	DOA-1721.fasta	99.9622	1610	1689
Xv157.fasta	71-21.fasta	99.9608	1584	1689
Xv157.fasta	DOA-1726.fasta	99.9607	1611	1689
Xv157.fasta	VTM10.fasta	99.9601	1610	1689
Xv157.fasta	X31.fasta	99.96	1615	1689
Xv157.fasta	Tu-10.fasta	99.9579	1619	1689
Xv157.fasta	VTM16.fasta	99.9576	1616	1689
Xv157.fasta	VTM15.fasta	99.9564	1612	1689
Xv157.fasta	DOA-2987.fasta	99.956	1606	1689
Xv157.fasta	DOA-2983.fasta	99.9557	1606	1689
Xv157.fasta	DOA-2036.fasta	99.955	1602	1689
Xv157.fasta	VTM12.fasta	99.9532	1605	1689
Xv157.fasta	DOA-2989.fasta	99.9526	1610	1689
Xv157.fasta	20HP1594.fasta	99.9504	1608	1689
Xv157.fasta	XCVKK-C-2.fasta	99.9501	1605	1689
Xv157.fasta	20HP1615.fasta	99.9499	1600	1689
Xv157.fasta	20HP1597.fasta	99.9498	1600	1689
Xv157.fasta	XCVKK-C-5.fasta	99.9495	1606	1689
Xv157.fasta	XCVKK-C-3.fasta	99.9493	1603	1689
Xv157.fasta	XCVKK-C-1.fasta	99.9491	1601	1689
Xv157.fasta	87-7.fasta	99.9472	1632	1689
Xv157.fasta	XCVKK-C-4.fasta	99.9459	1605	1689
Xv157.fasta	VTM4.fasta	99.9453	1611	1689
Xv157.fasta	62XEKK5.fasta	99.9448	1606	1689
Xv157.fasta	20HP1591.fasta	99.9448	1608	1689
Xv157.fasta	XCVCP-C-51.fasta	99.944	1604	1689
Xv157.fasta	XCVCP-C-43.fasta	99.943	1601	1689
Xv157.fasta	20HP1608-1.fasta	99.9399	1608	1689
Xv157.fasta	20HP1608-2.fasta	99.9384	1608	1689
Xv157.fasta	20HP1609-2.fasta	99.9382	1606	1689
Xv157.fasta	20HP1614.fasta	99.936	1607	1689
Xv157.fasta	Tu-06.fasta	99.922	1611	1689
Xv157.fasta	Tu-11.fasta	99.919	1614	1689
Xv157.fasta	Xcv_DC_97_P3A.fasta	99.9176	1608	1689
Xv157.fasta	Tu-08.fasta	99.9135	1611	1689
Xv157.fasta	XVP26.fasta	99.9122	1605	1689
Xv157.fasta	Tabasco1.fasta	99.9073	1602	1689
Xv157.fasta	65XENP2.fasta	99.8942	1608	1689
Xv157.fasta	65XENP1.fasta	99.8941	1609	1689
Xv157.fasta	Xcv_DC_97_P2A.fasta	99.8929	1600	1689
Xv157.fasta	VTM17.fasta	99.8893	1613	1689
Xv157.fasta	X82-8P.fasta	99.8837	1596	1689
Xv157.fasta	X82-8P_C3.fasta	99.8823	1597	1689
Xv157.fasta	65XENP3.fasta	99.8823	1606	1689
Xv157.fasta	X82-8P_C1.fasta	99.8808	1596	1689
Xv157.fasta	X82-8P_C5.fasta	99.8806	1595	1689
Xv157.fasta	X82-8P_C6.fasta	99.8792	1595	1689
Xv157.fasta	DOA-2990.fasta	99.877	1607	1689
Xv157.fasta	X82-8P_C4.fasta	99.8747	1591	1689
Xv157.fasta	Xe173.fasta	99.8734	1660	1689
Xv157.fasta	X82-8P_C2.fasta	99.8693	1583	1689
Xv157.fasta	Xcv_DC_97_P1A.fasta	99.8663	1643	1689
Xv157.fasta	DC99P1A1.fasta	99.8649	1642	1689
Xv157.fasta	70-7.fasta	99.8632	1579	1689
Xv157.fasta	72-7.fasta	99.8587	1582	1689
Xv157.fasta	DC99P1B1.fasta	99.8572	1645	1689
Xv157.fasta	20HP1613.fasta	99.8498	1619	1689
Xv157.fasta	87-13.fasta	99.8492	1640	1689
Xv157.fasta	ATCC_11633.fasta	99.8447	1604	1689
Xv157.fasta	LMG_909.fasta	99.8445	1448	1689
Xv157.fasta	X13.fasta	99.8383	1646	1689
Xv157.fasta	86-46.fasta	99.8346	1592	1689
Xv157.fasta	90-13.fasta	99.8332	1640	1689
Xv157.fasta	Ps-1.fasta	99.8286	1630	1689
Xv157.fasta	LMG_667.fasta	99.8262	1530	1689
Xv157.fasta	Xcv_Sspep_92.fasta	99.8252	1651	1689
Xv157.fasta	E3.fasta	99.8178	1601	1689
Xv157.fasta	69-24.fasta	99.808	1590	1689
Xv157.fasta	83M.fasta	99.8042	1490	1689
Xv157.fasta	LMG_933.fasta	99.789	1411	1689
Xv157.fasta	85-16.fasta	99.766	1590	1689
Xv157.fasta	69-1.fasta	99.7651	1603	1689
Xv157.fasta	66b.fasta	99.7605	1519	1689
Xv157.fasta	86-22.fasta	99.7582	1609	1689
Xv157.fasta	75-3.fasta	99.7516	1611	1689
Xv157.fasta	WHRI_8301.fasta	99.744	1637	1689
Xv157.fasta	86-2.fasta	99.7431	1601	1689
Xv157.fasta	85-10.fasta	99.7418	1645	1689
Xv157.fasta	LMG_930.fasta	99.7297	1658	1689
Xv157.fasta	Xv_72.fasta	99.7253	1632	1689
Xv157.fasta	Xv_79.fasta	99.7099	1637	1689
Xv157.fasta	Xcv_DC_93-9.fasta	99.7081	1622	1689
Xv157.fasta	Xcv_DC_93-8.fasta	99.7072	1620	1689
Xv157.fasta	80-5.fasta	99.6967	1635	1689
Xv157.fasta	Xcv_DC_93-7.fasta	99.6887	1622	1689
Xv157.fasta	LMG_905.fasta	99.5248	1451	1689
Xv157.fasta	LMG_27970.fasta	99.4437	1152	1689
Xv_72.fasta	Xv_72.fasta	100	1756	1758
Xv_72.fasta	Xv_79.fasta	99.9906	1736	1758
Xv_72.fasta	85-16.fasta	99.9891	1651	1758
Xv_72.fasta	85-10.fasta	99.9785	1706	1758
Xv_72.fasta	86-22.fasta	99.9716	1664	1758
Xv_72.fasta	72-7.fasta	99.9404	1599	1758
Xv_72.fasta	X82-8P.fasta	99.9319	1628	1758
Xv_72.fasta	Xcv_Sspep_92.fasta	99.9312	1654	1758
Xv_72.fasta	70-7.fasta	99.9289	1611	1758
Xv_72.fasta	87-21.fasta	99.926	1594	1758
Xv_72.fasta	Ps-1.fasta	99.9242	1624	1758
Xv_72.fasta	86-2.fasta	99.9161	1644	1758
Xv_72.fasta	ATCC_11633.fasta	99.9093	1602	1758
Xv_72.fasta	Tu-11.fasta	99.8947	1611	1758
Xv_72.fasta	Tu-06.fasta	99.8932	1607	1758
Xv_72.fasta	75-3.fasta	99.8928	1627	1758
Xv_72.fasta	86-46.fasta	99.8876	1597	1758
Xv_72.fasta	WHRI_8301.fasta	99.8857	1666	1758
Xv_72.fasta	E3.fasta	99.8788	1621	1758
Xv_72.fasta	69-24.fasta	99.8779	1618	1758
Xv_72.fasta	Tabasco1.fasta	99.8543	1625	1758
Xv_72.fasta	LMG_930.fasta	99.852	1699	1758
Xv_72.fasta	71-21.fasta	99.8155	1584	1758
Xv_72.fasta	Xcv_DC_97_P2A.fasta	99.8142	1603	1758
Xv_72.fasta	Xcv_DC_97_P1A.fasta	99.8117	1639	1758
Xv_72.fasta	Xcv_DC_97_P3A.fasta	99.8095	1616	1758
Xv_72.fasta	X82-8P_C1.fasta	99.8082	1641	1758
Xv_72.fasta	X82-8P_C3.fasta	99.8078	1643	1758
Xv_72.fasta	X82-8P_C5.fasta	99.8075	1642	1758
Xv_72.fasta	X82-8P_C2.fasta	99.8064	1627	1758
Xv_72.fasta	X82-8P_C6.fasta	99.8063	1637	1758
Xv_72.fasta	X82-8P_C4.fasta	99.8017	1634	1758
Xv_72.fasta	65XENP1.fasta	99.7939	1627	1758
Xv_72.fasta	DOA-2990.fasta	99.789	1626	1758
Xv_72.fasta	X31.fasta	99.7883	1613	1758
Xv_72.fasta	DC99P1A1.fasta	99.7869	1664	1758
Xv_72.fasta	65XENP3.fasta	99.7859	1626	1758
Xv_72.fasta	DC99P1B1.fasta	99.7855	1661	1758
Xv_72.fasta	65XENP2.fasta	99.785	1630	1758
Xv_72.fasta	Tu-08.fasta	99.7844	1622	1758
Xv_72.fasta	DOA-1726.fasta	99.7841	1617	1758
Xv_72.fasta	DOA-2989.fasta	99.7833	1619	1758
Xv_72.fasta	DOA-1721.fasta	99.7826	1613	1758
Xv_72.fasta	DOA-2987.fasta	99.7815	1616	1758
Xv_72.fasta	DOA-2983.fasta	99.7811	1612	1758
Xv_72.fasta	20HP1594.fasta	99.7806	1608	1758
Xv_72.fasta	XVP26.fasta	99.7794	1621	1758
Xv_72.fasta	XCVCP-C-51.fasta	99.7776	1598	1758
Xv_72.fasta	X13.fasta	99.7766	1660	1758
Xv_72.fasta	VTM17.fasta	99.7763	1625	1758
Xv_72.fasta	XCVKK-C-4.fasta	99.7751	1597	1758
Xv_72.fasta	XCVKK-C-1.fasta	99.7741	1604	1758
Xv_72.fasta	Xe173.fasta	99.7724	1671	1758
Xv_72.fasta	Xcv_DC_96-5.fasta	99.772	1611	1758
Xv_72.fasta	DOA-2036.fasta	99.7681	1604	1758
Xv_72.fasta	XCVKK-C-3.fasta	99.7677	1603	1758
Xv_72.fasta	87-13.fasta	99.7673	1660	1758
Xv_72.fasta	XCVKK-C-5.fasta	99.7672	1604	1758
Xv_72.fasta	VTM15.fasta	99.7656	1614	1758
Xv_72.fasta	62XEKK5.fasta	99.7652	1603	1758
Xv_72.fasta	X22.fasta	99.7623	1617	1758
Xv_72.fasta	20HP1613.fasta	99.7621	1629	1758
Xv_72.fasta	VTM10.fasta	99.7619	1612	1758
Xv_72.fasta	Xcv_DC_96-2.fasta	99.7613	1625	1758
Xv_72.fasta	XCVCP-C-43.fasta	99.7551	1599	1758
Xv_72.fasta	XCVKK-C-2.fasta	99.7518	1604	1758
Xv_72.fasta	Xcv_DC_96-3.fasta	99.7475	1611	1758
Xv_72.fasta	VTM12.fasta	99.7459	1620	1758
Xv_72.fasta	90-13.fasta	99.7456	1650	1758
Xv_72.fasta	VTM4.fasta	99.7449	1624	1758
Xv_72.fasta	Tu-10.fasta	99.7447	1621	1758
Xv_72.fasta	20HP1591.fasta	99.744	1620	1758
Xv_72.fasta	Xv157.fasta	99.74	1623	1758
Xv_72.fasta	LMG_933.fasta	99.739	1411	1758
Xv_72.fasta	66b.fasta	99.7338	1529	1758
Xv_72.fasta	89-10.fasta	99.7326	1628	1758
Xv_72.fasta	69-1.fasta	99.7122	1609	1758
Xv_72.fasta	VTM16.fasta	99.6921	1634	1758
Xv_72.fasta	83M.fasta	99.6903	1491	1758
Xv_72.fasta	20HP1608-1.fasta	99.6785	1626	1758
Xv_72.fasta	20HP1609-2.fasta	99.6743	1629	1758
Xv_72.fasta	20HP1597.fasta	99.6715	1623	1758
Xv_72.fasta	20HP1614.fasta	99.6694	1627	1758
Xv_72.fasta	LMG_909.fasta	99.6627	1456	1758
Xv_72.fasta	20HP1615.fasta	99.6601	1618	1758
Xv_72.fasta	20HP1608-2.fasta	99.6568	1625	1758
Xv_72.fasta	Xcv_DC_93-9.fasta	99.6366	1610	1758
Xv_72.fasta	Xcv_DC_93-8.fasta	99.635	1618	1758
Xv_72.fasta	Xcv_DC_93-6.fasta	99.627	1661	1758
Xv_72.fasta	FB570.fasta	99.623	1649	1758
Xv_72.fasta	Xcv_DC_93-7.fasta	99.6219	1617	1758
Xv_72.fasta	Ps-7.fasta	99.6203	1638	1758
Xv_72.fasta	Xcv_DC_98_P2A.fasta	99.614	1666	1758
Xv_72.fasta	Xcv_DC_96-4.fasta	99.6133	1663	1758
Xv_72.fasta	Xcv_DC_96-1.fasta	99.6039	1668	1758
Xv_72.fasta	89-16.fasta	99.6011	1666	1758
Xv_72.fasta	87-7.fasta	99.5927	1644	1758
Xv_72.fasta	80-5.fasta	99.5851	1653	1758
Xv_72.fasta	LMG_905.fasta	99.5592	1460	1758
Xv_72.fasta	LMG_667.fasta	99.5396	1531	1758
Xv_72.fasta	LMG_27970.fasta	99.5315	1150	1758
Xv_72.fasta	87-47.fasta	99.5183	1650	1758
Xv_79.fasta	Xv_79.fasta	100	1752	1755
Xv_79.fasta	Xv_72.fasta	99.9795	1734	1755
Xv_79.fasta	85-16.fasta	99.9607	1654	1755
Xv_79.fasta	85-10.fasta	99.9571	1710	1755
Xv_79.fasta	86-22.fasta	99.9564	1668	1755
Xv_79.fasta	X82-8P.fasta	99.9176	1625	1755
Xv_79.fasta	70-7.fasta	99.9144	1609	1755
Xv_79.fasta	Xcv_Sspep_92.fasta	99.9135	1652	1755
Xv_79.fasta	86-2.fasta	99.9061	1652	1755
Xv_79.fasta	72-7.fasta	99.9047	1598	1755
Xv_79.fasta	Ps-1.fasta	99.8958	1628	1755
Xv_79.fasta	Tu-11.fasta	99.8958	1608	1755
Xv_79.fasta	Tu-06.fasta	99.8941	1604	1755
Xv_79.fasta	87-21.fasta	99.8835	1594	1755
Xv_79.fasta	69-24.fasta	99.8792	1611	1755
Xv_79.fasta	E3.fasta	99.8752	1621	1755
Xv_79.fasta	ATCC_11633.fasta	99.8672	1605	1755
Xv_79.fasta	LMG_930.fasta	99.862	1700	1755
Xv_79.fasta	75-3.fasta	99.8605	1634	1755
Xv_79.fasta	WHRI_8301.fasta	99.854	1675	1755
Xv_79.fasta	86-46.fasta	99.8349	1607	1755
Xv_79.fasta	Tabasco1.fasta	99.8273	1623	1755
Xv_79.fasta	X82-8P_C2.fasta	99.8128	1625	1755
Xv_79.fasta	Xcv_DC_97_P1A.fasta	99.8064	1643	1755
Xv_79.fasta	Xcv_DC_97_P2A.fasta	99.805	1601	1755
Xv_79.fasta	X82-8P_C3.fasta	99.8007	1638	1755
Xv_79.fasta	X82-8P_C1.fasta	99.7981	1636	1755
Xv_79.fasta	X82-8P_C5.fasta	99.798	1643	1755
Xv_79.fasta	XVP26.fasta	99.7948	1618	1755
Xv_79.fasta	71-21.fasta	99.7936	1591	1755
Xv_79.fasta	X82-8P_C4.fasta	99.7903	1632	1755
Xv_79.fasta	Xcv_DC_97_P3A.fasta	99.7859	1614	1755
Xv_79.fasta	65XENP1.fasta	99.7842	1625	1755
Xv_79.fasta	VTM17.fasta	99.7837	1621	1755
Xv_79.fasta	65XENP2.fasta	99.7829	1630	1755
Xv_79.fasta	Tu-08.fasta	99.7821	1621	1755
Xv_79.fasta	XCVCP-C-51.fasta	99.7793	1603	1755
Xv_79.fasta	DOA-2990.fasta	99.779	1626	1755
Xv_79.fasta	DOA-2989.fasta	99.7789	1618	1755
Xv_79.fasta	65XENP3.fasta	99.7783	1626	1755
Xv_79.fasta	DOA-1721.fasta	99.7759	1613	1755
Xv_79.fasta	X31.fasta	99.7758	1614	1755
Xv_79.fasta	VTM15.fasta	99.7757	1612	1755
Xv_79.fasta	VTM10.fasta	99.7735	1609	1755
Xv_79.fasta	DOA-2987.fasta	99.7725	1616	1755
Xv_79.fasta	DOA-1726.fasta	99.7725	1618	1755
Xv_79.fasta	XCVKK-C-1.fasta	99.7718	1607	1755
Xv_79.fasta	Xe173.fasta	99.7709	1677	1755
Xv_79.fasta	20HP1594.fasta	99.7694	1612	1755
Xv_79.fasta	DC99P1B1.fasta	99.768	1661	1755
Xv_79.fasta	20HP1591.fasta	99.7677	1620	1755
Xv_79.fasta	X22.fasta	99.7651	1618	1755
Xv_79.fasta	DC99P1A1.fasta	99.7649	1661	1755
Xv_79.fasta	X82-8P_C6.fasta	99.7647	1638	1755
Xv_79.fasta	XCVKK-C-4.fasta	99.7643	1601	1755
Xv_79.fasta	20HP1613.fasta	99.763	1625	1755
Xv_79.fasta	X13.fasta	99.7595	1662	1755
Xv_79.fasta	VTM12.fasta	99.758	1618	1755
Xv_79.fasta	XCVKK-C-5.fasta	99.7567	1606	1755
Xv_79.fasta	XCVKK-C-3.fasta	99.7554	1606	1755
Xv_79.fasta	62XEKK5.fasta	99.7546	1606	1755
Xv_79.fasta	VTM4.fasta	99.7521	1621	1755
Xv_79.fasta	Tu-10.fasta	99.7521	1617	1755
Xv_79.fasta	DOA-2036.fasta	99.7519	1607	1755
Xv_79.fasta	DOA-2983.fasta	99.7515	1611	1755
Xv_79.fasta	Xcv_DC_96-3.fasta	99.7499	1612	1755
Xv_79.fasta	Xcv_DC_96-5.fasta	99.7486	1614	1755
Xv_79.fasta	87-13.fasta	99.7458	1661	1755
Xv_79.fasta	90-13.fasta	99.7331	1646	1755
Xv_79.fasta	Xv157.fasta	99.7299	1627	1755
Xv_79.fasta	LMG_933.fasta	99.7286	1409	1755
Xv_79.fasta	XCVKK-C-2.fasta	99.7279	1608	1755
Xv_79.fasta	XCVCP-C-43.fasta	99.7266	1604	1755
Xv_79.fasta	Xcv_DC_96-2.fasta	99.7229	1626	1755
Xv_79.fasta	89-10.fasta	99.7208	1630	1755
Xv_79.fasta	66b.fasta	99.7192	1533	1755
Xv_79.fasta	69-1.fasta	99.6988	1608	1755
Xv_79.fasta	Xcv_DC_93-9.fasta	99.6927	1613	1755
Xv_79.fasta	Xcv_DC_93-8.fasta	99.692	1617	1755
Xv_79.fasta	20HP1609-2.fasta	99.6798	1627	1755
Xv_79.fasta	Xcv_DC_93-7.fasta	99.677	1619	1755
Xv_79.fasta	83M.fasta	99.6769	1494	1755
Xv_79.fasta	20HP1608-1.fasta	99.6739	1625	1755
Xv_79.fasta	VTM16.fasta	99.6715	1633	1755
Xv_79.fasta	LMG_909.fasta	99.668	1453	1755
Xv_79.fasta	20HP1614.fasta	99.6589	1628	1755
Xv_79.fasta	20HP1597.fasta	99.6511	1624	1755
Xv_79.fasta	20HP1608-2.fasta	99.6445	1627	1755
Xv_79.fasta	20HP1615.fasta	99.6374	1622	1755
Xv_79.fasta	80-5.fasta	99.6096	1646	1755
Xv_79.fasta	87-7.fasta	99.6062	1639	1755
Xv_79.fasta	FB570.fasta	99.6059	1649	1755
Xv_79.fasta	Xcv_DC_96-1.fasta	99.6036	1664	1755
Xv_79.fasta	LMG_905.fasta	99.6029	1447	1755
Xv_79.fasta	Xcv_DC_93-6.fasta	99.6009	1666	1755
Xv_79.fasta	89-16.fasta	99.6003	1659	1755
Xv_79.fasta	Xcv_DC_98_P2A.fasta	99.5984	1665	1755
Xv_79.fasta	Xcv_DC_96-4.fasta	99.5913	1663	1755
Xv_79.fasta	Ps-7.fasta	99.5839	1644	1755
Xv_79.fasta	LMG_667.fasta	99.5357	1522	1755
Xv_79.fasta	LMG_27970.fasta	99.5127	1153	1755
Xv_79.fasta	87-47.fasta	99.4746	1656	1755
