gene	start	end	length	strand	gc_content	genetic_code	rbs_motif	marker	evalue	bitscore	uscg	plasmid_hallmark	virus_hallmark	taxid	taxname	annotation_conjscan	annotation_amr	annotation_accessions	annotation_description
JBHJCM010000001.1_1	1	213	213	-1	0.695	11	AGGA	NA	NA	NA	0	0	0	1	NA	NA	NA	NA	NA
JBHJCM010000001.1_2	949	4788	3840	-1	0.597	11	GGxGG	NA	NA	NA	0	0	0	1	NA	NA	NA	NA	NA
JBHJCM010000001.1_3	5681	6292	612	-1	0.641	11	None	GENOMAD.124185.CV	0.0009221	42	0	0	0	1	NA	NA	NA	PF01121;K00859;TIGR00152;COG0237	dephospho-CoA kinase
JBHJCM010000001.1_4	6306	7169	864	-1	0.639	11	GGA/GAG/AGG	GENOMAD.189659.CP	0.0002268	45	0	0	0	1	NA	NA	NA	PF01478;K02278;COG4960	Flp pilus assembly protein, protease CpaA
JBHJCM010000001.1_5	7176	8453	1278	-1	0.505	11	GGA/GAG/AGG	GENOMAD.117158.CP	2.213e-26	116	0	0	0	1	NA	NA	NA	PF00482	Type II secretion system (T2SS), protein F
JBHJCM010000001.1_6	8780	9208	429	1	0.592	11	GGA/GAG/AGG	GENOMAD.169725.CP	0.0006792	41	0	0	0	1	NA	NA	NA	PF07379;TIGR01708;K02457;COG4970	type II secretion system protein H
JBHJCM010000001.1_7	9342	11075	1734	1	0.612	11	GGA/GAG/AGG	GENOMAD.005978.CC	1.799e-08	60	0	0	0	1246	Caudoviricetes	T_virB11	NA	PF00437;PF05810;K07332;TIGR03819;COG4962	helicase/secretion neighborhood ATPase
JBHJCM010000001.1_8	11344	11523	180	1	0.572	11	GGA/GAG/AGG	NA	NA	NA	0	0	0	1	NA	NA	NA	NA	NA
JBHJCM010000001.1_9	11493	12887	1395	-1	0.655	11	None	NA	NA	NA	0	0	0	1	NA	NA	NA	NA	NA
JBHJCM010000001.1_10	13215	14828	1614	-1	0.679	11	GGA/GAG/AGG	NA	NA	NA	0	0	0	1	NA	NA	NA	NA	NA
JBHJCM010000001.1_11	15060	16229	1170	1	0.621	11	None	GENOMAD.120770.CP	2.266e-05	49	0	0	0	1	NA	NA	NA	PF13549;K22224;TIGR01016;COG1042	succinyl-CoA synthetase, beta subunit
JBHJCM010000001.1_12	16254	17129	876	1	0.651	11	AGGA	GENOMAD.116234.CP	2.975e-14	76	0	0	0	1	NA	NA	NA	PF13607;PF03061;K01902;TIGR01019;COG0074	succinyl-CoA synthetase, alpha subunit
JBHJCM010000001.1_13	17300	17644	345	1	0.632	11	AGGAG	GENOMAD.138269.PC	2.953e-14	70	0	0	0	1	NA	NA	NA	PF03693;COG3609;TIGR02384	Transcriptional regulator, contains Arc/MetJ-type RHH (ribbon-helix-helix) DNA-binding domain
JBHJCM010000001.1_14	17648	17950	303	1	0.607	11	GGA/GAG/AGG	GENOMAD.142672.PC	4.661e-35	129	0	1	0	1	NA	NA	NA	PF05016;COG3668;TIGR02385	Plasmid stabilization system protein ParE
JBHJCM010000001.1_15	17950	19605	1656	1	0.661	11	None	NA	NA	NA	0	0	0	1	NA	NA	NA	NA	NA
JBHJCM010000001.1_16	19624	20601	978	-1	0.639	11	AGGA	NA	NA	NA	0	0	0	1	NA	NA	NA	NA	NA
JBHJCM010000001.1_17	20882	21763	882	-1	0.645	11	None	GENOMAD.000337.CC	4.997e-38	147	0	0	0	1	NA	NA	NA	PF13525;PF20205;K05807;TIGR03302;COG4105	outer membrane assembly lipoprotein YfiO
JBHJCM010000001.1_18	21885	22880	996	1	0.704	11	GGA/GAG/AGG	NA	NA	NA	0	0	0	1	NA	NA	NA	NA	NA
JBHJCM010000001.1_19	22888	23694	807	1	0.704	11	GGA/GAG/AGG	NA	NA	NA	0	0	0	1	NA	NA	NA	NA	NA
JBHJCM010000001.1_20	23679	24221	543	1	0.667	11	None	NA	NA	NA	0	0	0	1	NA	NA	NA	NA	NA
JBHJCM010000001.1_21	24196	24642	447	1	0.660	11	None	GENOMAD.148005.CP	4.569e-41	149	0	0	0	1	NA	NA	NA	PF04134;COG3011	Predicted thiol-disulfide oxidoreductase YuxK, DCC family
JBHJCM010000001.1_22	24846	26714	1869	-1	0.665	11	GGA/GAG/AGG	GENOMAD.146534.CP	0.0003751	46	0	0	0	1	NA	NA	NA	PF00015	Methyl-accepting chemotaxis protein (MCP) signalling domain
JBHJCM010000001.1_23	27430	29868	2439	-1	0.674	11	GGA/GAG/AGG	GENOMAD.179037.PC	1.322e-18	94	0	0	0	1	NA	NA	NA	K05358;COG4993;TIGR03074	Glucose dehydrogenase
JBHJCM010000001.1_24	30498	31865	1368	-1	0.629	11	AGGAGG	NA	NA	NA	0	0	0	1	NA	NA	NA	NA	NA
JBHJCM010000001.1_25	31862	33640	1779	-1	0.641	11	None	GENOMAD.146625.CP	6.974e-15	81	0	0	0	1	NA	NA	NA	PF09137;PF00723;COG3387;TIGR01535;K22934	Glucoamylase (glucan-1,4-alpha-glucosidase), GH15 family
JBHJCM010000001.1_26	33689	34447	759	-1	0.688	11	None	NA	NA	NA	0	0	0	1	NA	NA	NA	NA	NA
JBHJCM010000001.1_27	34561	36996	2436	-1	0.661	11	AGGAG	NA	NA	NA	0	0	0	1	NA	NA	NA	NA	NA
JBHJCM010000001.1_28	37222	37695	474	1	0.681	11	GGAG/GAGG	GENOMAD.178666.VC	3.433e-31	121	0	0	0	1246	Caudoviricetes	NA	NA	PF12098	NA
JBHJCM010000001.1_29	37854	38726	873	1	0.658	11	GGA/GAG/AGG	NA	NA	NA	0	0	0	1	NA	NA	NA	NA	NA
JBHJCM010000001.1_30	38864	40465	1602	1	0.680	11	None	GENOMAD.178594.CP	8.017e-100	338	0	0	0	1	NA	NA	NA	COG2252	Xanthine/uracil/vitamin C permease, AzgA family
JBHJCM010000001.1_31	40462	41628	1167	1	0.659	11	AGGAG	NA	NA	NA	0	0	0	1	NA	NA	NA	NA	NA
JBHJCM010000001.1_32	41923	42741	819	1	0.665	11	AGGAG	GENOMAD.011935.CC	5.314e-61	213	0	0	0	1	NA	NA	NA	NA	NA
JBHJCM010000001.1_33	42968	43675	708	-1	0.613	11	GGAG/GAGG	NA	NA	NA	0	0	0	1	NA	NA	NA	NA	NA
JBHJCM010000001.1_34	43720	44046	327	-1	0.651	11	None	NA	NA	NA	0	0	0	1	NA	NA	NA	NA	NA
JBHJCM010000001.1_35	44070	44948	879	1	0.699	11	None	NA	NA	NA	0	0	0	1	NA	NA	NA	NA	NA
JBHJCM010000001.1_36	45018	47603	2586	1	0.645	11	GGAG/GAGG	GENOMAD.046845.VV	2.373e-24	113	0	0	0	1246	Caudoviricetes	NA	NA	PF10431	NA
JBHJCM010000001.1_37	48087	49964	1878	1	0.654	11	AGGAG	GENOMAD.151024.CP	1.672e-07	57	0	0	0	1	NA	NA	NA	PF14905;PF07715;TIGR01779;K16092;COG4206	TonB-dependent vitamin B12 receptor
JBHJCM010000001.1_38	50244	50837	594	1	0.673	11	AGGAG	NA	NA	NA	0	0	0	1	NA	NA	NA	NA	NA
JBHJCM010000001.1_39	50927	51448	522	1	0.646	11	None	NA	NA	NA	0	0	0	1	NA	NA	NA	NA	NA
JBHJCM010000001.1_40	51445	52056	612	1	0.650	11	GGAG/GAGG	NA	NA	NA	0	0	0	1	NA	NA	NA	NA	NA
JBHJCM010000001.1_41	52127	53041	915	1	0.701	11	GGA/GAG/AGG	GENOMAD.134127.CP	1.611e-91	303	0	0	0	1	NA	NA	NA	PF03186;K02227;COG1270;TIGR00380	Cobalamin biosynthesis protein CobD/CbiB
JBHJCM010000001.1_42	53135	54118	984	1	0.686	11	GGAG/GAGG	NA	NA	NA	0	0	0	1	NA	NA	NA	NA	NA
JBHJCM010000001.1_43	54115	55590	1476	1	0.671	11	GGA/GAG/AGG	GENOMAD.123417.CP	9.479e-122	400	0	0	0	1	NA	NA	NA	PF07685;PF01656;K02232;TIGR00313;COG1492	cobyric acid synthase CobQ
JBHJCM010000001.1_44	55578	56102	525	1	0.657	11	GGA/GAG/AGG	GENOMAD.140449.CP	2.153e-35	134	0	0	0	1	NA	NA	NA	PF02283;COG2087;TIGR01618	Cobinamide kinase / cobinamide phosphate guanyltransferase
JBHJCM010000001.1_45	56095	57141	1047	1	0.691	11	AGGAG	GENOMAD.134221.CP	7.326e-104	341	0	0	0	1	NA	NA	NA	PF02277;TIGR03160;COG2038;K21299	nicotinate-nucleotide--dimethylbenzimidazole phosphoribosyltransferase
JBHJCM010000001.1_46	57138	57728	591	1	0.697	11	GGAG/GAGG	GENOMAD.132739.CP	8.885e-05	45	0	0	0	1	NA	NA	NA	PF00300;COG0588;K22306;TIGR03162	Phosphoglycerate mutase (BPG-dependent)
JBHJCM010000001.1_47	57725	58459	735	1	0.686	11	None	GENOMAD.136266.CP	1.14e-21	97	0	0	0	1	NA	NA	NA	COG0368	Cobalamin synthase
JBHJCM010000001.1_48	58693	59604	912	1	0.681	11	AGGAG	NA	NA	NA	0	0	0	1	NA	NA	NA	NA	NA
JBHJCM010000001.1_49	59508	60797	1290	-1	0.655	11	AGxAGG/AGGxGG	NA	NA	NA	0	0	0	1	NA	NA	NA	NA	NA
JBHJCM010000001.1_50	60794	62563	1770	-1	0.673	11	AGGAG	GENOMAD.159812.PC	1.39e-40	163	0	0	0	1	NA	NA	NA	PF04183;PF06276;K24108;COG4264	Siderophore synthetase component
JBHJCM010000001.1_51	62541	63737	1197	-1	0.677	11	None	NA	NA	NA	0	0	0	1	NA	NA	NA	NA	NA
JBHJCM010000001.1_52	63734	65536	1803	-1	0.679	11	GGA/GAG/AGG	GENOMAD.159061.PC	7.141e-99	338	0	0	0	1	NA	NA	NA	PF04183;PF06276;COG4264;K23447	Siderophore synthetase component
JBHJCM010000001.1_53	65533	66759	1227	-1	0.658	11	GGA/GAG/AGG	GENOMAD.140949.CP	7.71e-12	70	0	0	0	1	NA	NA	NA	PF02786;PF18130;PF18603;COG0439;TIGR03909;K19112	Biotin carboxylase
JBHJCM010000001.1_54	66996	69137	2142	-1	0.641	11	AGGAG	GENOMAD.135943.CP	3.833e-29	128	0	0	0	1	NA	NA	NA	PF11854;PF07715;K16091;TIGR01776;COG4772	TonB-dependent lactoferrin and transferrin receptors
JBHJCM010000001.1_55	69138	69899	762	-1	0.677	11	GGxGG	NA	NA	NA	0	0	0	1	NA	NA	NA	NA	NA
JBHJCM010000001.1_56	70237	72021	1785	-1	0.663	11	GGA/GAG/AGG	NA	NA	NA	0	0	0	1	NA	NA	NA	NA	NA
JBHJCM010000001.1_57	72374	73567	1194	1	0.659	11	GGA/GAG/AGG	GENOMAD.137855.CP	3.504e-12	71	0	0	0	1	NA	NA	NA	PF00067;TIGR04515;K24389;COG2124	P450-derived glycosyltranferase activator
JBHJCM010000001.1_58	73767	76166	2400	-1	0.644	11	GGA/GAG/AGG	NA	NA	NA	0	0	0	1	NA	NA	NA	NA	NA
JBHJCM010000001.1_59	76509	78896	2388	-1	0.626	11	GGAG/GAGG	NA	NA	NA	0	0	0	1	NA	NA	NA	NA	NA
JBHJCM010000001.1_60	79170	79595	426	-1	0.631	11	GGAG/GAGG	NA	NA	NA	0	0	0	1	NA	NA	NA	NA	NA
JBHJCM010000001.1_61	80019	82403	2385	-1	0.665	11	GGAG/GAGG	NA	NA	NA	0	0	0	1	NA	NA	NA	NA	NA
JBHJCM010000001.1_62	82583	84499	1917	1	0.661	11	GGA/GAG/AGG	NA	NA	NA	0	0	0	1	NA	NA	NA	NA	NA
JBHJCM010000001.1_63	84692	85192	501	1	0.649	11	GGA/GAG/AGG	NA	NA	NA	0	0	0	1	NA	NA	NA	NA	NA
JBHJCM010000001.1_64	85208	86083	876	-1	0.700	11	None	NA	NA	NA	0	0	0	1	NA	NA	NA	NA	NA
JBHJCM010000001.1_65	86184	87077	894	1	0.677	11	AGGAG	NA	NA	NA	0	0	0	1	NA	NA	NA	NA	NA
JBHJCM010000001.1_66	87190	88095	906	1	0.648	11	None	NA	NA	NA	0	0	0	1	NA	NA	NA	NA	NA
JBHJCM010000001.1_67	88354	90501	2148	-1	0.680	11	GGA/GAG/AGG	NA	NA	NA	0	0	0	1	NA	NA	NA	NA	NA
JBHJCM010000001.1_68	90576	92972	2397	-1	0.644	11	GGA/GAG/AGG	GENOMAD.148078.PC	0.0	1294	0	0	0	1	NA	NA	NA	PF14905;PF07715;K16091;TIGR01776;COG4772	TonB-dependent lactoferrin and transferrin receptors
JBHJCM010000001.1_69	93436	94674	1239	-1	0.660	11	GGAG/GAGG	GENOMAD.147262.CP	5.374e-89	301	0	0	0	1	NA	NA	NA	COG2223	Nitrate/nitrite transporter NarK
JBHJCM010000001.1_70	95148	95441	294	1	0.663	11	None	GENOMAD.129440.VC	2.14e-18	81	0	0	0	1246	Caudoviricetes	NA	NA	PF13397;COG2331;TIGR02605	Predicted nucleic acid-binding protein, contains Zn-ribbon domain
JBHJCM010000001.1_71	95882	96694	813	-1	0.712	11	AGGA	GENOMAD.207981.CP	2.128e-23	103	0	0	0	1	NA	NA	NA	PF11218	NA
JBHJCM010000001.1_72	96852	98618	1767	1	0.660	11	GGAG/GAGG	GENOMAD.103290.CV	8.254e-16	84	0	0	0	1246	Caudoviricetes	NA	NA	PF02938	GAD domain
JBHJCM010000001.1_73	99083	99610	528	1	0.640	11	GGAG/GAGG	NA	NA	NA	0	0	0	1	NA	NA	NA	NA	NA
JBHJCM010000001.1_74	99706	100383	678	1	0.742	11	GGA/GAG/AGG	NA	NA	NA	0	0	0	1	NA	NA	NA	NA	NA
JBHJCM010000001.1_75	100473	101201	729	1	0.660	11	GGA/GAG/AGG	NA	NA	NA	0	0	0	1	NA	NA	NA	NA	NA
JBHJCM010000001.1_76	101332	101856	525	1	0.670	11	None	NA	NA	NA	0	0	0	1	NA	NA	NA	NA	NA
JBHJCM010000001.1_77	102014	102598	585	1	0.675	11	GGxGG	NA	NA	NA	0	0	0	1	NA	NA	NA	NA	NA
JBHJCM010000001.1_78	102795	104699	1905	1	0.654	11	None	NA	NA	NA	0	0	0	1	NA	NA	NA	NA	NA
JBHJCM010000001.1_79	104702	105820	1119	1	0.673	11	GGAG/GAGG	NA	NA	NA	0	0	0	1	NA	NA	NA	NA	NA
JBHJCM010000001.1_80	105860	106900	1041	1	0.661	11	GGA/GAG/AGG	NA	NA	NA	0	0	0	1	NA	NA	NA	NA	NA
JBHJCM010000001.1_81	106953	107411	459	1	0.630	11	None	GENOMAD.116981.CP	1.634e-19	87	0	0	0	1	NA	NA	NA	PF13279;TIGR02799;K07107;COG0824	tol-pal system-associated acyl-CoA thioesterase
JBHJCM010000001.1_82	107423	108202	780	1	0.654	11	GGAG/GAGG	GENOMAD.114974.CP	1.093e-06	52	0	0	0	1	NA	NA	NA	PF01618;K03561;COG0811;TIGR02796	Biopolymer transport protein ExbB/TolQ
JBHJCM010000001.1_83	108360	108809	450	1	0.627	11	AGGA	GENOMAD.124417.CP	1.384e-09	58	0	0	0	1	NA	NA	NA	PF02472;K03560;TIGR02801;COG0848	TolR protein
JBHJCM010000001.1_84	108799	109839	1041	1	0.684	11	GGA/GAG/AGG	GENOMAD.007324.CC	2.031e-41	159	0	0	0	1	NA	NA	NA	PF06519	TolA C-terminal
JBHJCM010000001.1_85	110028	111347	1320	1	0.658	11	GGA/GAG/AGG	GENOMAD.000747.CC	1.004e-23	108	0	0	0	1	NA	NA	NA	PF04052;TIGR02800;COG0823	tol-pal system beta propeller repeat protein TolB
JBHJCM010000001.1_86	111405	111923	519	1	0.630	11	GGA/GAG/AGG	NA	NA	NA	0	0	0	1	NA	NA	NA	NA	NA
JBHJCM010000001.1_87	111930	112748	819	1	0.637	11	None	GENOMAD.083550.CP	6.223e-59	207	0	0	0	1	NA	NA	NA	PF16331;PF13525;COG1729;TIGR03302;K05807	Periplasmic TolA-binding protein (function unknown)
JBHJCM010000001.1_88	112790	113473	684	1	0.645	11	None	NA	NA	NA	0	0	0	1	NA	NA	NA	NA	NA
JBHJCM010000001.1_89	113845	114519	675	-1	0.676	11	None	NA	NA	NA	0	0	0	1	NA	NA	NA	NA	NA
JBHJCM010000001.1_90	114796	115803	1008	1	0.624	11	GGA/GAG/AGG	NA	NA	NA	0	0	0	1	NA	NA	NA	NA	NA
JBHJCM010000001.1_91	115800	116159	360	1	0.586	11	GGAG/GAGG	NA	NA	NA	0	0	0	1	NA	NA	NA	NA	NA
JBHJCM010000001.1_92	116429	117331	903	-1	0.664	11	GGA/GAG/AGG	GENOMAD.170952.PC	3.491e-70	241	0	0	0	1	NA	NA	NA	PF03466;TIGR03298;COG0583;K21698	transcriptional regulator, ArgP family
JBHJCM010000001.1_93	117433	118059	627	1	0.646	11	GGAG/GAGG	GENOMAD.161205.CP	5.824e-12	67	0	0	0	1	NA	NA	NA	PF01810;K06895;COG1280;TIGR00949	Threonine/homoserine/homoserine lactone efflux protein
JBHJCM010000001.1_94	118419	120587	2169	-1	0.624	11	GGA/GAG/AGG	NA	NA	NA	0	0	0	1	NA	NA	NA	NA	NA
JBHJCM010000001.1_95	121102	121308	207	-1	0.589	11	AGGAG	NA	NA	NA	0	0	0	1	NA	NA	NA	NA	NA
JBHJCM010000001.1_96	121541	122251	711	1	0.658	11	GGA/GAG/AGG	GENOMAD.106866.CP	7.421e-39	147	0	0	0	1246	Caudoviricetes	NA	NA	COG1187	16S rRNA U516 pseudouridylate synthase RsuA and related 23S rRNA U2605, pseudouridylate synthases
JBHJCM010000001.1_97	122342	122452	111	-1	0.486	11	AGGAG	NA	NA	NA	0	0	0	1	NA	NA	NA	NA	NA
JBHJCM010000001.1_98	123147	123917	771	-1	0.651	11	GGA/GAG/AGG	NA	NA	NA	0	0	0	1	NA	NA	NA	NA	NA
JBHJCM010000001.1_99	124076	124480	405	-1	0.620	11	GGA/GAG/AGG	NA	NA	NA	0	0	0	1	NA	NA	NA	NA	NA
JBHJCM010000001.1_100	124559	125056	498	-1	0.645	11	GGA/GAG/AGG	NA	NA	NA	0	0	0	1	NA	NA	NA	NA	NA
JBHJCM010000001.1_101	125195	126991	1797	-1	0.659	11	None	NA	NA	NA	0	0	0	1	NA	NA	NA	NA	NA
JBHJCM010000001.1_102	127373	127921	549	-1	0.630	11	AGGA	NA	NA	NA	0	0	0	1	NA	NA	NA	NA	NA
JBHJCM010000001.1_103	128024	132145	4122	1	0.669	11	None	GENOMAD.105310.CV	4.439e-152	522	0	0	0	1	NA	NA	NA	PF11898	NA
JBHJCM010000001.1_104	132361	134997	2637	-1	0.624	11	AGGAG	GENOMAD.152082.CP	2.441e-104	364	0	0	0	1	NA	NA	NA	PF00593;PF07715;PF00691;TIGR01782;COG4773;K16089	TonB-dependent receptor
JBHJCM010000001.1_105	135100	136026	927	-1	0.663	11	None	GENOMAD.142642.CP	1.306e-86	289	0	0	0	1	NA	NA	NA	PF02685;TIGR00749;K00845;COG0837	glucokinase, proteobacterial type
JBHJCM010000001.1_106	136427	137941	1515	-1	0.658	11	GGAG/GAGG	NA	NA	NA	0	0	0	1	NA	NA	NA	NA	NA
JBHJCM010000001.1_107	138370	138882	513	-1	0.634	11	GGA/GAG/AGG	GENOMAD.209634.PC	6.848e-29	115	0	0	0	1	NA	NA	NA	NA	NA
JBHJCM010000001.1_108	138945	140063	1119	-1	0.686	11	None	NA	NA	NA	0	0	0	1	NA	NA	NA	NA	NA
JBHJCM010000001.1_109	140060	140338	279	-1	0.649	11	None	GENOMAD.169830.CP	1.905e-17	78	0	0	0	1	NA	NA	NA	PF03070;PF05402;K06137;TIGR02111;COG5424	coenzyme PQQ biosynthesis protein C
JBHJCM010000001.1_110	140335	141087	753	-1	0.648	11	GGAG/GAGG	GENOMAD.169830.CP	2.934e-103	334	0	0	0	1	NA	NA	NA	PF03070;PF05402;K06137;TIGR02111;COG5424	coenzyme PQQ biosynthesis protein C
JBHJCM010000001.1_111	141084	141983	900	-1	0.653	11	GGA/GAG/AGG	GENOMAD.180288.CP	1.096e-64	225	0	0	0	1	NA	NA	NA	PF12706;K06136;TIGR02108;COG1234	coenzyme PQQ biosynthesis protein B
JBHJCM010000001.1_112	142451	144622	2172	1	0.679	11	None	NA	NA	NA	0	0	0	1	NA	NA	NA	NA	NA
JBHJCM010000001.1_113	144897	146327	1431	1	0.727	11	None	GENOMAD.010877.CC	1.422e-168	535	0	0	0	1	NA	NA	NA	K09667;COG4105	Outer membrane protein assembly factor BamD, BamD/ComL family
JBHJCM010000001.1_114	146683	148767	2085	-1	0.662	11	GGAG/GAGG	NA	NA	NA	0	0	0	1	NA	NA	NA	NA	NA
JBHJCM010000001.1_115	149005	151452	2448	1	0.681	11	None	NA	NA	NA	0	0	0	1	NA	NA	NA	NA	NA
JBHJCM010000001.1_116	151466	151990	525	1	0.699	11	GGA/GAG/AGG	GENOMAD.147559.CP	2.879e-58	200	0	0	0	1	NA	NA	NA	PF13512;PF20402;K02656;TIGR02521;COG5010	type IV pilus biogenesis/stability protein PilW
JBHJCM010000001.1_117	152261	154249	1989	1	0.688	11	None	NA	NA	NA	0	0	0	1	NA	NA	NA	NA	NA
JBHJCM010000001.1_118	154415	155134	720	1	0.699	11	None	GENOMAD.034878.CC	2.181e-56	198	0	0	0	1	NA	NA	NA	PF00814;PF07066;K14742;TIGR03725;COG1214	tRNA threonylcarbamoyl adenosine modification protein YeaZ
JBHJCM010000001.1_119	155131	155490	360	1	0.664	11	None	NA	NA	NA	0	0	0	1	NA	NA	NA	NA	NA
JBHJCM010000001.1_120	155745	156314	570	1	0.714	11	None	NA	NA	NA	0	0	0	1	NA	NA	NA	NA	NA
JBHJCM010000001.1_121	156656	157531	876	-1	0.703	11	None	GENOMAD.001998.CC	2.829e-32	130	0	0	0	1	NA	NA	NA	PF06519;TIGR01352	TolA C-terminal
JBHJCM010000001.1_122	157528	158478	951	-1	0.685	11	GGA/GAG/AGG	GENOMAD.129199.CP	4.188e-40	154	0	0	0	1	NA	NA	NA	PF02951;K01920;TIGR01380;COG0189	Prokaryotic glutathione synthetase, N-terminal domain
JBHJCM010000001.1_123	158763	159116	354	1	0.562	11	AGGA	NA	NA	NA	0	0	0	1	NA	NA	NA	NA	NA
JBHJCM010000001.1_124	159134	159496	363	1	0.595	11	GGA/GAG/AGG	NA	NA	NA	0	0	0	1	NA	NA	NA	NA	NA
JBHJCM010000001.1_125	159496	160026	531	1	0.661	11	None	GENOMAD.128882.CP	1.068e-14	74	0	0	0	1	NA	NA	NA	PF01584;K02659;COG0835	Chemotaxis signal transduction protein
JBHJCM010000001.1_126	160066	162102	2037	1	0.655	11	GGAG/GAGG	NA	NA	NA	0	0	0	1	NA	NA	NA	NA	NA
JBHJCM010000001.1_127	162216	169433	7218	1	0.674	11	GGA/GAG/AGG	GENOMAD.116397.CP	9.794e-59	229	0	0	0	1	NA	NA	NA	PF14501;PF01584;PF01627;PF02895;K03407;COG0643;TIGR01924	Chemotaxis protein histidine kinase CheA
JBHJCM010000001.1_128	169420	170628	1209	1	0.709	11	GGA/GAG/AGG	GENOMAD.177428.CP	1.715e-129	418	0	0	0	1	NA	NA	NA	PF01339;K06597	CheB methylesterase
JBHJCM010000001.1_129	170662	171138	477	1	0.677	11	GGA/GAG/AGG	GENOMAD.007007.CC	1.157e-16	79	0	0	0	1	NA	NA	NA	PF01584;K06598;COG0835	Chemotaxis signal transduction protein
JBHJCM010000001.1_130	171369	171992	624	1	0.670	11	GGAG/GAGG	NA	NA	NA	0	0	0	1	NA	NA	NA	NA	NA
JBHJCM010000001.1_131	171960	173771	1812	-1	0.673	11	GGAGG	GENOMAD.029534.CC	1.075e-05	51	0	0	0	1	NA	NA	NA	NA	NA
JBHJCM010000001.1_132	173768	174298	531	-1	0.637	11	GGAG/GAGG	NA	NA	NA	0	0	0	1	NA	NA	NA	NA	NA
JBHJCM010000001.1_133	174370	175875	1506	-1	0.651	11	GGA/GAG/AGG	GENOMAD.167282.CP	2.499e-34	142	0	0	0	1	NA	NA	NA	PF12450	von Willebrand factor
JBHJCM010000001.1_134	176687	177751	1065	1	0.650	11	GGAG/GAGG	GENOMAD.141113.CP	6.386e-55	199	0	0	0	1	NA	NA	NA	PF01112;K01444;COG1446	Isoaspartyl peptidase or L-asparaginase, Ntn-hydrolase superfamily
JBHJCM010000001.1_135	177748	178479	732	1	0.668	11	GGA/GAG/AGG	GENOMAD.154816.CP	1.594e-30	123	0	0	0	1	NA	NA	NA	PF03932;K06201;COG3142;TIGR00559	Copper homeostasis protein CutC
JBHJCM010000001.1_136	178581	180263	1683	-1	0.623	11	GGA/GAG/AGG	NA	NA	NA	0	0	0	1	NA	NA	NA	NA	NA
JBHJCM010000001.1_137	180649	181809	1161	-1	0.661	11	AGGA	NA	NA	NA	0	0	0	1	NA	NA	NA	NA	NA
JBHJCM010000001.1_138	182203	182532	330	1	0.594	11	AGGAG	GENOMAD.018095.CC	5.921e-21	89	0	0	0	1	NA	NA	NA	PF11747	Killing trait
JBHJCM010000001.1_139	182590	182790	201	-1	0.647	11	AGGAG	NA	NA	NA	0	0	0	1	NA	NA	NA	NA	NA
JBHJCM010000001.1_140	183288	185954	2667	1	0.670	11	GGAG/GAGG	NA	NA	NA	0	0	0	1	NA	NA	NA	NA	NA
JBHJCM010000001.1_141	186001	187836	1836	-1	0.657	11	GGA/GAG/AGG	GENOMAD.208849.PC	6.595e-07	55	0	0	0	1	NA	NA	NA	PF18120;PF01301;K12308;COG1874;TIGR03356	Glycosyl hydrolases family 35
JBHJCM010000001.1_142	188146	190488	2343	-1	0.666	11	GGA/GAG/AGG	GENOMAD.140646.CP	1.643e-163	535	0	0	0	1246	Caudoviricetes	NA	NA	PF07971;PF17678;TIGR01180;COG3537;K03931	alpha-1,2-mannosidase, putative
JBHJCM010000001.1_143	190595	192058	1464	-1	0.668	11	AGGAG	NA	NA	NA	0	0	0	1	NA	NA	NA	NA	NA
JBHJCM010000001.1_144	192535	195204	2670	-1	0.673	11	AGGAG	GENOMAD.123121.CP	1.23e-10	68	0	0	0	1	NA	NA	NA	K01207;COG1472	Periplasmic beta-glucosidase and related glycosidases
JBHJCM010000001.1_145	195413	198094	2682	-1	0.647	11	AGGAG	GENOMAD.176795.CP	9.254e-13	75	0	0	0	1	NA	NA	NA	PF17753	Ig-fold domain
JBHJCM010000001.1_146	198116	200566	2451	-1	0.671	11	GGA/GAG/AGG	GENOMAD.142037.CP	3.295e-12	73	0	0	0	1246	Caudoviricetes	NA	NA	PF00728;PF02838;COG3525;K12373	N-acetyl-beta-hexosaminidase
JBHJCM010000001.1_147	200824	201879	1056	-1	0.604	11	GGA/GAG/AGG	NA	NA	NA	0	0	0	1	NA	NA	NA	NA	NA
JBHJCM010000001.1_148	201894	203582	1689	-1	0.647	11	AGGAG	GENOMAD.178633.CP	1.064e-17	90	0	0	0	1	NA	NA	NA	PF16757	Alpha-L-fucosidase C-terminal domain
JBHJCM010000001.1_149	203789	206461	2673	-1	0.619	11	GGAG/GAGG	GENOMAD.152082.CP	5.714e-123	420	0	0	0	1	NA	NA	NA	PF00593;PF07715;PF00691;TIGR01782;COG4773;K16089	TonB-dependent receptor
JBHJCM010000001.1_150	207164	208180	1017	1	0.667	11	AGGAG	GENOMAD.142642.CP	1.634e-98	325	0	0	0	1	NA	NA	NA	PF02685;TIGR00749;K00845;COG0837	glucokinase, proteobacterial type
JBHJCM010000001.1_151	208482	209216	735	-1	0.693	11	GGAG/GAGG	GENOMAD.081069.CP	1.462e-32	129	1	0	0	1	NA	NA	NA	PF04452;PF20260;COG1385;TIGR00046;K09761	16S rRNA U1498 N3-methylase RsmE
JBHJCM010000001.1_152	209207	210514	1308	-1	0.674	11	None	NA	NA	NA	0	0	0	1	NA	NA	NA	NA	NA
JBHJCM010000001.1_153	210667	211215	549	1	0.639	11	None	NA	NA	NA	0	0	0	1	NA	NA	NA	NA	NA
JBHJCM010000001.1_154	211212	212012	801	1	0.679	11	GGAG/GAGG	NA	NA	NA	0	0	0	1	NA	NA	NA	NA	NA
JBHJCM010000001.1_155	212203	213207	1005	1	0.661	11	AGGA	GENOMAD.097849.CV	3.746e-36	143	0	0	0	1246	Caudoviricetes	NA	NA	PF00590;PF03819;K02499;COG3956;TIGR00444	Uncharacterized conserved protein YabN, contains tetrapyrrole methylase and MazG-like pyrophosphatase domain
JBHJCM010000001.1_156	213204	213539	336	1	0.661	11	None	NA	NA	NA	0	0	0	1	NA	NA	NA	NA	NA
JBHJCM010000001.1_157	213989	214423	435	1	0.678	11	GGAG/GAGG	GENOMAD.142316.CP	5.961e-19	85	0	0	0	1	NA	NA	NA	PF01957;K07340;COG1585	Membrane protein implicated in regulation of membrane protease activity
JBHJCM010000001.1_158	214594	215703	1110	1	0.653	11	GGA/GAG/AGG	GENOMAD.127113.CP	7.151e-22	101	0	0	0	1	NA	NA	NA	PF01571;K00282;TIGR00528;COG0404	glycine cleavage system T protein
JBHJCM010000001.1_159	215852	216247	396	1	0.629	11	GGAG/GAGG	NA	NA	NA	0	0	0	1	NA	NA	NA	NA	NA
JBHJCM010000001.1_160	217258	217791	534	1	0.562	11	AGGAG	NA	NA	NA	0	0	0	1	NA	NA	NA	NA	NA
JBHJCM010000001.1_161	218414	219793	1380	-1	0.670	11	GGA/GAG/AGG	NA	NA	NA	0	0	0	1	NA	NA	NA	NA	NA
JBHJCM010000001.1_162	220127	221488	1362	1	0.641	11	None	GENOMAD.134235.CP	1.349e-43	169	0	0	0	1	NA	NA	NA	PF03219;K03301;TIGR00769;COG3202	ADP/ATP carrier protein family
JBHJCM010000001.1_163	221668	222021	354	1	0.636	11	GGAG/GAGG	GENOMAD.189480.CP	1.27e-07	51	0	0	0	1	NA	NA	NA	PF06993;COG3759;K08987	NA
JBHJCM010000001.1_164	222324	224798	2475	-1	0.646	11	GGAG/GAGG	NA	NA	NA	0	0	0	1	NA	NA	NA	NA	NA
JBHJCM010000001.1_165	224795	225718	924	-1	0.659	11	None	NA	NA	NA	0	0	0	1	NA	NA	NA	NA	NA
JBHJCM010000001.1_166	225855	226463	609	1	0.654	11	None	GENOMAD.142335.PC	1.368e-62	214	0	0	0	1	NA	NA	NA	PF13022;PF19344;TIGR03384;COG3226;K18939	transcriptional repressor BetI
JBHJCM010000001.1_167	226578	229478	2901	-1	0.573	11	GGAG/GAGG	NA	NA	NA	0	0	0	1	NA	NA	NA	NA	NA
JBHJCM010000001.1_168	229722	230555	834	-1	0.663	11	None	NA	NA	NA	0	0	0	1	NA	NA	NA	NA	NA
JBHJCM010000001.1_169	230709	231599	891	-1	0.681	11	None	GENOMAD.043656.CC	7.21e-47	173	0	0	0	1	NA	NA	NA	PF01430;COG1281;K04083	Redox-regulated molecular chaperone, HSP33 family
JBHJCM010000001.1_170	231674	232420	747	1	0.655	11	GGA/GAG/AGG	NA	NA	NA	0	0	0	1	NA	NA	NA	NA	NA
JBHJCM010000001.1_171	232417	233463	1047	1	0.640	11	GGA/GAG/AGG	NA	NA	NA	0	0	0	1	NA	NA	NA	NA	NA
JBHJCM010000001.1_172	233423	233851	429	1	0.629	11	GGAG/GAGG	NA	NA	NA	0	0	0	1	NA	NA	NA	NA	NA
JBHJCM010000001.1_173	233864	235849	1986	-1	0.654	11	None	GENOMAD.121392.CP	2.385e-113	383	0	0	0	1	NA	NA	NA	K07290;COG2982	Uncharacterized protein involved in outer membrane biogenesis
JBHJCM010000001.1_174	235878	236522	645	-1	0.623	11	None	NA	NA	NA	0	0	0	1	NA	NA	NA	NA	NA
JBHJCM010000001.1_175	236598	238202	1605	-1	0.628	11	None	GENOMAD.123902.CP	1.369e-116	387	0	0	0	1246	Caudoviricetes	NA	NA	PF16658;PF03144	Class II release factor RF3, C-terminal domain; Elongation factor Tu domain 2
JBHJCM010000001.1_176	238341	239366	1026	-1	0.673	11	GGAG/GAGG	NA	NA	NA	0	0	0	1	NA	NA	NA	NA	NA
JBHJCM010000001.1_177	239564	240610	1047	1	0.682	11	GGA/GAG/AGG	NA	NA	NA	0	0	0	1	NA	NA	NA	NA	NA
JBHJCM010000001.1_178	240607	241824	1218	1	0.644	11	GGAG/GAGG	GENOMAD.143010.CP	5.571e-10	64	0	0	0	1	NA	NA	NA	K01758;TIGR01328	methionine gamma-lyase
JBHJCM010000001.1_179	241821	242909	1089	1	0.686	11	GGA/GAG/AGG	NA	NA	NA	0	0	0	1	NA	NA	NA	NA	NA
JBHJCM010000001.1_180	243062	244057	996	-1	0.617	11	GGAG/GAGG	GENOMAD.191409.CP	1.966e-06	52	0	0	0	1	NA	NA	NA	PF03096;TIGR03056;K05714;COG2267	putative magnesium chelatase accessory protein
JBHJCM010000001.1_181	244405	245787	1383	-1	0.654	11	None	NA	NA	NA	0	0	0	1	NA	NA	NA	NA	NA
JBHJCM010000001.1_182	245875	246114	240	1	0.675	11	GGA/GAG/AGG	GENOMAD.105945.CV	5.854e-16	73	0	0	0	1	NA	NA	NA	PF06953;COG4837;K18917;TIGR02194	Disulfide oxidoreductase YuzD
JBHJCM010000001.1_183	246261	246830	570	-1	0.647	11	AGGA	GENOMAD.137814.CP	5.396e-31	122	0	0	0	1	NA	NA	NA	PF04264;COG2353	Polyisoprenoid-binding periplasmic protein YceI
JBHJCM010000001.1_184	246840	247403	564	-1	0.647	11	AGGA	GENOMAD.148234.CP	3.6e-35	134	0	0	0	1	NA	NA	NA	PF01292;K12262;COG3038;TIGR02125	Prokaryotic cytochrome b561
JBHJCM010000001.1_185	247400	248062	663	-1	0.673	11	None	GENOMAD.137611.CP	5.209e-24	103	0	0	0	1	NA	NA	NA	PF04264;COG2353	Polyisoprenoid-binding periplasmic protein YceI
JBHJCM010000001.1_186	248159	251734	3576	1	0.655	11	AGGA	NA	NA	NA	0	0	0	1	NA	NA	NA	NA	NA
JBHJCM010000001.1_187	252036	255563	3528	1	0.664	11	GGA/GAG/AGG	NA	NA	NA	0	0	0	1	NA	NA	NA	NA	NA
JBHJCM010000001.1_188	255768	259337	3570	1	0.631	11	None	NA	NA	NA	0	0	0	1	NA	NA	NA	NA	NA
JBHJCM010000001.1_189	259729	263274	3546	1	0.655	11	None	NA	NA	NA	0	0	0	1	NA	NA	NA	NA	NA
JBHJCM010000001.1_190	263309	264757	1449	-1	0.654	11	GGAG/GAGG	NA	NA	NA	0	0	0	1	NA	NA	NA	NA	NA
JBHJCM010000001.1_191	265093	266157	1065	-1	0.676	11	AGGA/GGAG/GAGG	GENOMAD.115195.CP	1.1e-06	53	0	0	0	1	NA	NA	NA	PF01208;TIGR01463;COG0407;K01599	methyltransferase, MtaA/CmuA family
JBHJCM010000001.1_192	266172	266426	255	-1	0.651	11	None	NA	NA	NA	0	0	0	1	NA	NA	NA	NA	NA
JBHJCM010000001.1_193	266717	267829	1113	-1	0.698	11	GGA/GAG/AGG	NA	NA	NA	0	0	0	1	NA	NA	NA	NA	NA
JBHJCM010000001.1_194	267826	268368	543	-1	0.676	11	None	GENOMAD.094450.CP	1.323e-12	68	0	0	0	1	NA	NA	NA	PF13189;K00891;COG0703;TIGR00041	Shikimate kinase
JBHJCM010000001.1_195	268536	269135	600	1	0.682	11	None	NA	NA	NA	0	0	0	1	NA	NA	NA	NA	NA
JBHJCM010000001.1_196	269315	269731	417	1	0.621	11	AGGA	NA	NA	NA	0	0	0	1	NA	NA	NA	NA	NA
JBHJCM010000001.1_197	269744	270517	774	1	0.667	11	GGA/GAG/AGG	GENOMAD.194782.CP	3.627e-16	81	0	0	0	1	NA	NA	NA	PF04012;COG1842;TIGR02977;K03969	Phage shock protein A
JBHJCM010000001.1_198	270543	271625	1083	1	0.681	11	AGGA	NA	NA	NA	0	0	0	1	NA	NA	NA	NA	NA
JBHJCM010000001.1_199	271628	272299	672	1	0.628	11	GGA/GAG/AGG	NA	NA	NA	0	0	0	1	NA	NA	NA	NA	NA
JBHJCM010000001.1_200	272337	272741	405	1	0.632	11	None	NA	NA	NA	0	0	0	1	NA	NA	NA	NA	NA
JBHJCM010000001.1_201	272754	273326	573	1	0.658	11	GGAG/GAGG	NA	NA	NA	0	0	0	1	NA	NA	NA	NA	NA
JBHJCM010000001.1_202	273328	274494	1167	1	0.642	11	GGxGG	NA	NA	NA	0	0	0	1	NA	NA	NA	NA	NA
JBHJCM010000001.1_203	275059	276432	1374	-1	0.693	11	GGA/GAG/AGG	GENOMAD.180266.CP	8.96e-29	124	0	0	0	1	NA	NA	NF000095	K08166;COG2223	Nitrate/nitrite transporter NarK
JBHJCM010000001.1_204	276532	276978	447	1	0.669	11	GGAG/GAGG	NA	NA	NA	0	0	0	1	NA	NA	NA	NA	NA
JBHJCM010000001.1_205	277195	279204	2010	1	0.642	11	AGGA	GENOMAD.000471.CC	1.533e-90	316	0	0	0	1	NA	NA	NA	PF01433;COG0308;TIGR02411;K01256	Aminopeptidase N
JBHJCM010000001.1_206	280234	283392	3159	1	0.626	11	GGAG/GAGG	GENOMAD.152082.CP	4.695e-47	188	0	0	0	1	NA	NA	NA	PF00593;PF07715;PF00691;TIGR01782;COG4773;K16089	TonB-dependent receptor
JBHJCM010000001.1_207	283719	284477	759	1	0.664	11	GGAG/GAGG	GENOMAD.183080.CP	1.186e-60	211	0	0	0	1	NA	NA	NA	PF07277	SapC
JBHJCM010000001.1_208	284482	285534	1053	1	0.668	11	None	NA	NA	NA	0	0	0	1	NA	NA	NA	NA	NA
JBHJCM010000001.1_209	285575	287092	1518	1	0.649	11	AGGAG	GENOMAD.098617.VV	8.587e-10	64	0	0	0	1246	Caudoviricetes	NA	NA	NA	NA
JBHJCM010000001.1_210	287404	288411	1008	-1	0.647	11	GGA/GAG/AGG	NA	NA	NA	0	0	0	1	NA	NA	NA	NA	NA
JBHJCM010000001.1_211	288548	288946	399	-1	0.619	11	None	NA	NA	NA	0	0	0	1	NA	NA	NA	NA	NA
JBHJCM010000001.1_212	289349	290302	954	-1	0.621	11	None	NA	NA	NA	0	0	0	1	NA	NA	NA	NA	NA
JBHJCM010000001.1_213	290299	290745	447	-1	0.647	11	AGGA	NA	NA	NA	0	0	0	1	NA	NA	NA	NA	NA
JBHJCM010000001.1_214	290826	291047	222	-1	0.559	11	None	NA	NA	NA	0	0	0	1	NA	NA	NA	NA	NA
JBHJCM010000001.1_215	291435	292511	1077	1	0.613	11	GGxGG	NA	NA	NA	0	0	0	1	NA	NA	NA	NA	NA
JBHJCM010000001.1_216	292863	294245	1383	-1	0.647	11	GGA/GAG/AGG	GENOMAD.153082.CP	2.968e-05	49	0	0	0	1	NA	NA	NA	K14052;COG0833	Amino acid permease
JBHJCM010000001.1_217	294438	295202	765	1	0.642	11	AGGAG	NA	NA	NA	0	0	0	1	NA	NA	NA	NA	NA
JBHJCM010000001.1_218	295584	296525	942	1	0.666	11	GGA/GAG/AGG	NA	NA	NA	0	0	0	1	NA	NA	NA	NA	NA
JBHJCM010000001.1_219	297321	298268	948	1	0.596	11	GGAG/GAGG	NA	NA	NA	0	0	0	1	NA	NA	NA	NA	NA
JBHJCM010000001.1_220	298265	298381	117	1	0.650	11	None	NA	NA	NA	0	0	0	1	NA	NA	NA	NA	NA
JBHJCM010000001.1_221	298786	300174	1389	1	0.670	11	None	NA	NA	NA	0	0	0	1	NA	NA	NA	NA	NA
JBHJCM010000001.1_222	300771	302000	1230	1	0.637	11	None	NA	NA	NA	0	0	0	1	NA	NA	NA	NA	NA
JBHJCM010000001.1_223	302356	303756	1401	1	0.630	11	GGAGG	NA	NA	NA	0	0	0	1	NA	NA	NA	NA	NA
JBHJCM010000001.1_224	303756	304769	1014	1	0.638	11	GGAG/GAGG	NA	NA	NA	0	0	0	1	NA	NA	NA	NA	NA
JBHJCM010000001.1_225	304830	305567	738	-1	0.654	11	None	GENOMAD.130656.CP	2.621e-11	66	0	0	0	1	NA	NA	NA	PF00326;TIGR02821;COG0627;K03930	S-formylglutathione hydrolase
JBHJCM010000001.1_226	305769	307130	1362	-1	0.654	11	GGA/GAG/AGG	GENOMAD.114680.CP	2.028e-61	222	0	0	0	1246	Caudoviricetes	NA	NA	PF01769;PF03448;PF00478;K06213;TIGR00400;COG2239	Mg2+ transporter (mgtE)
JBHJCM010000001.1_227	307538	309268	1731	-1	0.666	11	GGA/GAG/AGG	NA	NA	NA	0	0	0	1	NA	NA	NA	NA	NA
JBHJCM010000001.1_228	309327	309596	270	-1	0.641	11	AGGA/GGAG/GAGG	GENOMAD.128943.CP	1.233e-05	44	0	0	0	1	NA	NA	NA	PF00381;COG1925;K11184;TIGR01003	Phosphotransferase system, HPr and related phosphotransfer proteins
JBHJCM010000001.1_229	309589	309981	393	-1	0.654	11	None	GENOMAD.147438.CP	7.59e-10	58	0	0	0	1	NA	NA	NA	PF03610;COG2893;TIGR00824;K02793	Phosphotransferase system, mannose/fructose-specific component IIA
JBHJCM010000001.1_230	310505	311377	873	-1	0.654	11	AGGA/GGAG/GAGG	NA	NA	NA	0	0	0	1	NA	NA	NA	NA	NA
JBHJCM010000001.1_231	311374	312324	951	-1	0.654	11	GGA/GAG/AGG	GENOMAD.000498.CC	4.381e-39	151	0	0	0	1	NA	NA	NA	PF07475;PF02603;K06023;TIGR00679;COG1493	Hpr(Ser) kinase/phosphatase
JBHJCM010000001.1_232	312321	312779	459	-1	0.702	11	None	GENOMAD.123993.CP	3.765e-06	48	0	0	0	1	NA	NA	NA	PF00359;PF02591;K02806;TIGR01419;COG4668	PTS IIA-like nitrogen-regulatory protein PtsN
JBHJCM010000001.1_233	312849	313118	270	-1	0.641	11	GGAGG	GENOMAD.103040.CV	1.595e-10	58	0	0	0	1	NA	NA	NA	PF02482;PF16321;K05808;TIGR00741;COG1544	ribosomal subunit interface protein
JBHJCM010000001.1_234	313206	314603	1398	-1	0.689	11	AGGA/GGAG/GAGG	GENOMAD.142809.CP	7.38e-10	64	0	0	0	1	NA	NA	NA	PF00309;TIGR02395;COG1508	Sigma-54 factor, Activator interacting domain (AID)
JBHJCM010000001.1_235	314686	315405	720	-1	0.654	11	GGA/GAG/AGG	NA	NA	NA	0	0	0	1	NA	NA	NA	NA	NA
JBHJCM010000001.1_236	315405	315965	561	-1	0.624	11	GGA/GAG/AGG	GENOMAD.151010.CP	1.097e-74	248	0	0	0	1	NA	NA	NA	K09774;COG1934	Lipopolysaccharide export system protein LptA
JBHJCM010000001.1_237	315943	316518	576	-1	0.663	11	GGA/GAG/AGG	GENOMAD.002742.CC	3.498e-98	316	0	0	0	1	NA	NA	NA	PF06835;COG3117;K11719;TIGR04409	Lipopolysaccharide export system protein LptC
JBHJCM010000001.1_238	316515	317072	558	-1	0.683	11	None	GENOMAD.153745.CV	0.0001587	44	0	0	0	11688	Kyanoviridae	NA	NA	PF00702;K21055;TIGR01459;COG3769	HAD-superfamily class IIA hydrolase, TIGR01459
JBHJCM010000001.1_239	317121	318122	1002	-1	0.709	11	GGA/GAG/AGG	NA	NA	NA	0	0	0	1	NA	NA	NA	NA	NA
JBHJCM010000001.1_240	318161	318403	243	1	0.654	11	None	GENOMAD.108170.CP	2.456e-17	77	0	0	0	1	NA	NA	NA	PF01722;COG5007;K05527	Acid stress-induced BolA-like protein IbaG/YrbA, predicted regulator of iron metabolism
JBHJCM010000001.1_241	318644	319918	1275	1	0.671	11	None	GENOMAD.108595.CP	6.868e-37	148	0	0	0	1246	Caudoviricetes	NA	NA	PF00275;TIGR01356;COG0766;K00790	3-phosphoshikimate 1-carboxyvinyltransferase
JBHJCM010000001.1_242	319915	320238	324	1	0.627	11	None	NA	NA	NA	0	0	0	1	NA	NA	NA	NA	NA
JBHJCM010000001.1_243	320362	320991	630	1	0.633	11	GGA/GAG/AGG	NA	NA	NA	0	0	0	1	NA	NA	NA	NA	NA
JBHJCM010000001.1_244	320802	321485	684	-1	0.633	11	AGGAG	GENOMAD.049669.CC	1.097e-39	149	0	0	0	1	NA	NA	NA	NA	NA
JBHJCM010000001.1_245	321489	322316	828	-1	0.659	11	None	GENOMAD.049669.CC	6.53e-150	470	0	0	0	1	NA	NA	NA	NA	NA
JBHJCM010000001.1_246	322383	323030	648	-1	0.694	11	GGAG/GAGG	NA	NA	NA	0	0	0	1	NA	NA	NA	NA	NA
JBHJCM010000001.1_247	323075	323545	471	-1	0.637	11	GGA/GAG/AGG	GENOMAD.022016.CC	1.501e-48	171	0	0	0	1	NA	NA	NA	NA	NA
JBHJCM010000001.1_248	323558	324616	1059	-1	0.668	11	GGA/GAG/AGG	GENOMAD.126472.VC	1.18e-39	154	0	0	0	11688	Kyanoviridae	NA	NA	TIGR00878;COG0150	phosphoribosylaminoimidazole synthetase
JBHJCM010000001.1_249	324727	325827	1101	1	0.686	11	GGA/GAG/AGG	GENOMAD.121921.CP	8.444e-175	547	0	0	0	1	NA	NA	NA	K09938;COG3249	NA
JBHJCM010000001.1_250	325824	326990	1167	1	0.642	11	GGA/GAG/AGG	GENOMAD.116507.CP	5.06e-10	64	0	0	0	1	NA	NA	NA	K03548;COG0628	Predicted PurR-regulated permease PerM
JBHJCM010000001.1_251	326987	327694	708	1	0.691	11	GGA/GAG/AGG	NA	NA	NA	0	0	0	1	NA	NA	NA	NA	NA
JBHJCM010000001.1_252	327786	328499	714	-1	0.650	11	GGA/GAG/AGG	NA	NA	NA	0	0	0	1	NA	NA	NA	NA	NA
JBHJCM010000001.1_253	328496	329515	1020	-1	0.634	11	None	GENOMAD.123224.CV	4.586e-33	134	0	0	0	1246	Caudoviricetes	NA	NA	PF01636;K07102;COG3178;TIGR00938	Predicted phosphotransferase, aminoglycoside/choline kinase (APH/ChoK) family
JBHJCM010000001.1_254	329573	329845	273	-1	0.619	11	None	GENOMAD.172052.CP	1.033e-07	50	0	0	0	1	NA	NA	NA	PF04226;COG2261	Uncharacterized membrane protein YeaQ/YmgE, transglycosylase-associated protein family
JBHJCM010000001.1_255	330354	331376	1023	-1	0.655	11	None	NA	NA	NA	0	0	0	1	NA	NA	NA	NA	NA
JBHJCM010000001.1_256	331608	331940	333	1	0.562	11	AGGAG	GENOMAD.133137.CV	1.836e-09	56	0	0	0	1	NA	NA	NA	PF14635;TIGR00426	competence protein ComEA helix-hairpin-helix repeat region
JBHJCM010000001.1_257	332369	333214	846	1	0.624	11	AGGA/GGAG/GAGG	NA	NA	NA	0	0	0	1	NA	NA	NA	NA	NA
JBHJCM010000001.1_258	333369	334034	666	1	0.635	11	GGA/GAG/AGG	NA	NA	NA	0	0	0	1	NA	NA	NA	NA	NA
JBHJCM010000001.1_259	334205	335989	1785	-1	0.672	11	None	NA	NA	NA	0	0	0	1	NA	NA	NA	NA	NA
JBHJCM010000001.1_260	335986	336960	975	-1	0.679	11	None	NA	NA	NA	0	0	0	1	NA	NA	NA	NA	NA
JBHJCM010000001.1_261	337028	337831	804	-1	0.632	11	AGGAG	GENOMAD.210458.CP	2.366e-96	315	0	0	0	1	NA	NA	NA	PF10670;COG5266;K10094	Uncharacterized conserved protein, contains GH25 family domain
JBHJCM010000001.1_262	338013	338528	516	-1	0.655	11	GGAG/GAGG	GENOMAD.189684.PC	2.185e-51	180	0	0	0	1	NA	NA	NA	PF10029;COG3656	Predicted periplasmic protein
JBHJCM010000001.1_263	338550	339191	642	-1	0.643	11	GGA/GAG/AGG	GENOMAD.180383.CP	3.539e-83	274	0	0	0	1	NA	NA	NA	K09939;COG3295	NA
JBHJCM010000001.1_264	339199	339957	759	-1	0.679	11	None	NA	NA	NA	0	0	0	1	NA	NA	NA	NA	NA
JBHJCM010000001.1_265	339950	340636	687	-1	0.658	11	GGAG/GAGG	GENOMAD.194245.CP	1.93e-14	75	0	0	0	1	NA	NA	NA	PF18331	PKHD-type hydroxylase C-terminal domain
JBHJCM010000001.1_266	340685	343003	2319	-1	0.643	11	GGA/GAG/AGG	GENOMAD.141017.CP	3.839e-103	357	0	0	0	1	NA	NA	NA	PF14905;PF07715;K16090;COG4774;TIGR01776	Outer membrane receptor for monomeric catechols
JBHJCM010000001.1_267	343344	343673	330	-1	0.636	11	GGxGG	GENOMAD.143067.CP	1.607e-10	59	0	0	0	1	NA	NA	NA	PF13806;K14578;COG2146;TIGR02377	Ferredoxin subunit of nitrite reductase or a ring-hydroxylating dioxygenase
JBHJCM010000001.1_268	343670	344209	540	-1	0.643	11	None	GENOMAD.013102.CC	8.182e-31	121	0	0	0	1	NA	NA	NA	PF12568;COG2153;TIGR04431;K00680	Predicted N-acyltransferase, GNAT family
JBHJCM010000001.1_269	344379	345623	1245	-1	0.654	11	GGA/GAG/AGG	NA	NA	NA	0	0	0	1	NA	NA	NA	NA	NA
JBHJCM010000001.1_270	345620	346882	1263	-1	0.675	11	GGAG/GAGG	NA	NA	NA	0	0	0	1	NA	NA	NA	NA	NA
JBHJCM010000001.1_271	346882	347646	765	-1	0.630	11	GGA/GAG/AGG	NA	NA	NA	0	0	0	1	NA	NA	NA	NA	NA
JBHJCM010000001.1_272	347802	349259	1458	-1	0.613	11	GGA/GAG/AGG	NA	NA	NA	0	0	0	1	NA	NA	NA	NA	NA
JBHJCM010000001.1_273	349275	349733	459	-1	0.662	11	None	NA	NA	NA	0	0	0	1	NA	NA	NA	NA	NA
JBHJCM010000001.1_274	349906	350373	468	1	0.600	11	GGA/GAG/AGG	NA	NA	NA	0	0	0	1	NA	NA	NA	NA	NA
JBHJCM010000001.1_275	350475	351017	543	1	0.617	11	AGGAG	NA	NA	NA	0	0	0	1	NA	NA	NA	NA	NA
JBHJCM010000001.1_276	351130	351726	597	-1	0.640	11	GGAG/GAGG	GENOMAD.047461.CC	2.036e-05	47	0	0	0	1	NA	NA	NA	PF07273	NA
JBHJCM010000001.1_277	351782	352324	543	-1	0.659	11	GGA/GAG/AGG	NA	NA	NA	0	0	0	1	NA	NA	NA	NA	NA
JBHJCM010000001.1_278	352381	352722	342	-1	0.655	11	None	NA	NA	NA	0	0	0	1	NA	NA	NA	NA	NA
JBHJCM010000001.1_279	352780	353421	642	-1	0.676	11	None	GENOMAD.205988.VC	5.694e-06	49	0	0	0	1	NA	NA	NA	PF01333;COG2190	Apocytochrome F, C-terminal
JBHJCM010000001.1_280	353528	353953	426	-1	0.631	11	GGA/GAG/AGG	NA	NA	NA	0	0	0	1	NA	NA	NA	NA	NA
JBHJCM010000001.1_281	354513	355367	855	-1	0.688	11	GGA/GAG/AGG	NA	NA	NA	0	0	0	1	NA	NA	NA	NA	NA
JBHJCM010000001.1_282	355411	356103	693	-1	0.662	11	GGA/GAG/AGG	GENOMAD.113324.CP	2.014e-32	128	0	0	0	1	NA	NA	NA	PF01168;K06997;TIGR00044;COG0325	pyridoxal phosphate enzyme, YggS family
JBHJCM010000001.1_283	356522	357559	1038	1	0.618	11	GGA/GAG/AGG	NA	NA	NA	0	0	0	1	NA	NA	NA	NA	NA
JBHJCM010000001.1_284	357672	358802	1131	1	0.616	11	AGGAG	GENOMAD.005978.CC	1.698e-08	59	0	0	0	1246	Caudoviricetes	T_virB11	NA	PF00437;PF05810;K07332;TIGR03819;COG4962	helicase/secretion neighborhood ATPase
JBHJCM010000001.1_285	359306	359980	675	1	0.647	11	GGAG/GAGG	NA	NA	NA	0	0	0	1	NA	NA	NA	NA	NA
JBHJCM010000001.1_286	360154	361062	909	-1	0.640	11	None	GENOMAD.142156.CP	3.779e-07	54	0	0	0	1	NA	NA	NA	PF01904;COG1801	Uncharacterized conserved protein YecE, DUF72 family
JBHJCM010000001.1_287	361088	361660	573	-1	0.647	11	GGA/GAG/AGG	NA	NA	NA	0	0	0	1	NA	NA	NA	NA	NA
JBHJCM010000001.1_288	361937	362503	567	1	0.658	11	None	NA	NA	NA	0	0	0	1	NA	NA	NA	NA	NA
JBHJCM010000001.1_289	362496	362963	468	1	0.705	11	GGA/GAG/AGG	GENOMAD.068739.CP	2.193e-35	133	1	0	0	1	NA	NA	NA	PF03652;TIGR00250;COG0816	Holliday junction resolvase
JBHJCM010000001.1_290	362977	363924	948	1	0.680	11	None	NA	NA	NA	0	0	0	1	NA	NA	NA	NA	NA
JBHJCM010000001.1_291	364238	364672	435	1	0.634	11	AGGAG	GENOMAD.145653.CP	4.644e-39	143	0	0	0	1	NA	NA	NA	PF02566;K04063;TIGR03562;COG1765	peroxiredoxin, OsmC subfamily
JBHJCM010000001.1_292	364825	365424	600	1	0.648	11	None	GENOMAD.031556.CC	0.0004151	43	0	0	0	1	NA	NA	NA	NA	NA
JBHJCM010000001.1_293	365688	366569	882	-1	0.690	11	GGA/GAG/AGG	NA	NA	NA	0	0	0	1	NA	NA	NA	NA	NA
JBHJCM010000001.1_294	366601	367479	879	-1	0.702	11	GGA/GAG/AGG	NA	NA	NA	0	0	0	1	NA	NA	NA	NA	NA
JBHJCM010000001.1_295	367663	370272	2610	1	0.663	11	None	NA	NA	NA	0	0	0	1	NA	NA	NA	NA	NA
JBHJCM010000001.1_296	370256	370714	459	1	0.630	11	GGAG/GAGG	NA	NA	NA	0	0	0	1	NA	NA	NA	NA	NA
JBHJCM010000001.1_297	370711	372066	1356	1	0.651	11	GGA/GAG/AGG	GENOMAD.177813.CP	3.73e-114	376	0	0	0	1	NA	NA	NA	PF06508;K23170;TIGR00364;COG0603	queuosine biosynthesis protein QueC
JBHJCM010000001.1_298	372047	373453	1407	1	0.682	11	GGAG/GAGG	GENOMAD.083685.CV	3.858e-26	116	1	0	0	1246	Caudoviricetes	NA	NA	PF08245;PF01225;K01925;TIGR01087;COG0773	UDP-N-acetylmuramoylalanine--D-glutamate ligase
JBHJCM010000001.1_299	373853	374575	723	1	0.674	11	None	GENOMAD.137948.CP	6.158e-90	295	0	0	0	1	NA	NA	NA	PF01738;K01061;COG3509;TIGR03100	Dienelactone hydrolase family
JBHJCM010000001.1_300	374781	375779	999	-1	0.684	11	None	NA	NA	NA	0	0	0	1	NA	NA	NA	NA	NA
JBHJCM010000001.1_301	376055	376588	534	1	0.663	11	GGA/GAG/AGG	NA	NA	NA	0	0	0	1	NA	NA	NA	NA	NA
JBHJCM010000001.1_302	376874	378283	1410	-1	0.661	11	None	GENOMAD.171872.PC	3.009e-13	75	0	0	0	1	NA	NA	NA	PF22588	Histidine kinase sensor domain
JBHJCM010000001.1_303	378646	379653	1008	1	0.657	11	AGGAG	NA	NA	NA	0	0	0	1	NA	NA	NA	NA	NA
JBHJCM010000001.1_304	380083	380733	651	1	0.625	11	GGAG/GAGG	NA	NA	NA	0	0	0	1	NA	NA	NA	NA	NA
JBHJCM010000001.1_305	380730	381680	951	1	0.666	11	GGAGG	GENOMAD.138352.CP	1.223e-31	129	0	0	0	1	NA	NA	NA	PF00941;PF03450;K11178;TIGR03195;COG1319	4-hydroxybenzoyl-CoA reductase, beta subunit
JBHJCM010000001.1_306	381682	383889	2208	1	0.649	11	GGAG/GAGG	NA	NA	NA	0	0	0	1	NA	NA	NA	NA	NA
JBHJCM010000001.1_307	384066	384890	825	1	0.679	11	GGA/GAG/AGG	NA	NA	NA	0	0	0	1	NA	NA	NA	NA	NA
JBHJCM010000001.1_308	385296	385904	609	1	0.683	11	None	GENOMAD.129102.CP	4.96e-13	70	0	0	0	1	NA	NA	NA	PF01983;K07141;TIGR03310;COG2068	molybdenum cofactor cytidylyltransferase
JBHJCM010000001.1_309	386112	386207	96	-1	0.500	11	GGAGG	NA	NA	NA	0	0	0	1	NA	NA	NA	NA	NA
JBHJCM010000001.1_310	386571	386786	216	1	0.671	11	GGAGG	NA	NA	NA	0	0	0	1	NA	NA	NA	NA	NA
JBHJCM010000001.1_311	386954	388204	1251	1	0.652	11	GGA/GAG/AGG	GENOMAD.002083.CC	6.224e-89	301	0	0	0	1	NA	NA	NA	COG5505	Na+/citrate or Na+/malate symporter
JBHJCM010000001.1_312	388530	389714	1185	-1	0.646	11	AGGAG	NA	NA	NA	0	0	0	1	NA	NA	NA	NA	NA
JBHJCM010000001.1_313	389751	390515	765	-1	0.646	11	AGGAG	NA	NA	NA	0	0	0	1	NA	NA	NA	NA	NA
JBHJCM010000001.1_314	390659	391489	831	1	0.661	11	None	NA	NA	NA	0	0	0	1	NA	NA	NA	NA	NA
JBHJCM010000001.1_315	392100	392324	225	-1	0.618	11	None	GENOMAD.212472.CP	2.066e-09	54	0	0	0	1	NA	NA	NA	PF04328;COG2879	Uncharacterized short protein YbdD, DUF466 family
JBHJCM010000001.1_316	392324	394396	2073	-1	0.648	11	GGAG/GAGG	GENOMAD.133882.CP	8.01e-195	622	0	0	0	1	NA	NA	NA	COG1966	Carbon starvation protein CstA
JBHJCM010000001.1_317	394627	395484	858	1	0.653	11	GGA/GAG/AGG	GENOMAD.129411.CP	2.84e-27	115	0	0	0	1	NA	NA	NA	PF05726;PF02678;COG1741;K06911	Redox-sensitive bicupin YhaK, pirin superfamily
JBHJCM010000001.1_318	395516	395950	435	1	0.692	11	AGGAG	GENOMAD.142464.CP	2.258e-21	92	0	0	0	1	NA	NA	NA	PF02566;K07397;COG1765;TIGR03563	Uncharacterized OsmC-related protein
JBHJCM010000001.1_319	396356	396817	462	-1	0.660	11	GGA/GAG/AGG	NA	NA	NA	0	0	0	1	NA	NA	NA	NA	NA
JBHJCM010000001.1_320	397065	397955	891	-1	0.686	11	GGA/GAG/AGG	GENOMAD.129411.CP	1.518e-14	77	0	0	0	1	NA	NA	NA	PF05726;PF02678;COG1741;K06911	Redox-sensitive bicupin YhaK, pirin superfamily
JBHJCM010000001.1_321	398697	399074	378	1	0.603	11	GGAG/GAGG	NA	NA	NA	0	0	0	1	NA	NA	NA	NA	NA
JBHJCM010000001.1_322	399148	399861	714	-1	0.686	11	None	NA	NA	NA	0	0	0	1	NA	NA	NA	NA	NA
JBHJCM010000001.1_323	399964	400713	750	1	0.652	11	GGAG/GAGG	NA	NA	NA	0	0	0	1	NA	NA	NA	NA	NA
JBHJCM010000001.1_324	400887	401174	288	1	0.684	11	GGAG/GAGG	NA	NA	NA	0	0	0	1	NA	NA	NA	NA	NA
JBHJCM010000001.1_325	401457	403559	2103	1	0.633	11	GGAG/GAGG	GENOMAD.053052.VV	5.178e-23	108	0	0	0	1	NA	NA	NA	PF01431;K07386;COG3590	Predicted metalloendopeptidase
JBHJCM010000001.1_326	403848	405359	1512	1	0.657	11	None	NA	NA	NA	0	0	0	1	NA	NA	NA	NA	NA
JBHJCM010000002.1_1	444	944	501	1	0.629	11	AGGA/GGAG/GAGG	NA	NA	NA	0	0	0	1	NA	NA	NA	NA	NA
JBHJCM010000002.1_2	1534	4041	2508	1	0.667	11	GGAG/GAGG	GENOMAD.115168.CP	1.649e-05	51	0	0	0	1	NA	NA	NA	PF00696;K00928;TIGR00657;COG0527	aspartate kinase
JBHJCM010000002.1_3	4038	5051	1014	1	0.651	11	GGAG/GAGG	GENOMAD.071960.CP	4.058e-21	98	0	0	0	1	NA	NA	NA	PF00288;PF08544;K00872;TIGR00191;COG0083	homoserine kinase
JBHJCM010000002.1_4	5126	5440	315	-1	0.629	11	GGAG/GAGG	GENOMAD.210365.PC	5.37e-12	63	0	0	0	1	NA	NA	NA	PF09448;TIGR02118	conserved hypothetical protein
JBHJCM010000002.1_5	5602	6906	1305	1	0.692	11	GGAG/GAGG	NA	NA	NA	0	0	0	1	NA	NA	NA	NA	NA
JBHJCM010000002.1_6	7020	7751	732	1	0.699	11	None	NA	NA	NA	0	0	0	1	NA	NA	NA	NA	NA
JBHJCM010000002.1_7	7837	8598	762	-1	0.693	11	None	GENOMAD.132491.CP	4.64e-43	160	0	0	0	1	NA	NA	NA	PF15977;PF00027;K15861;TIGR03697;COG0664	global nitrogen regulator NtcA, cyanobacterial
JBHJCM010000002.1_8	8706	10154	1449	1	0.648	11	AGGAG	NA	NA	NA	0	0	0	1	NA	NA	NA	NA	NA
JBHJCM010000002.1_9	10422	10694	273	1	0.692	11	None	GENOMAD.124267.CP	4.269e-39	140	0	0	0	1	NA	NA	NA	PF01371;TIGR01321;COG4496	trp operon repressor, proteobacterial
JBHJCM010000002.1_10	10704	11618	915	1	0.685	11	GGA/GAG/AGG	NA	NA	NA	0	0	0	1	NA	NA	NA	NA	NA
JBHJCM010000002.1_11	11615	12910	1296	1	0.671	11	AGGA/GGAG/GAGG	NA	NA	NA	0	0	0	1	NA	NA	NA	NA	NA
JBHJCM010000002.1_12	12907	13998	1092	1	0.664	11	GGAG/GAGG	NA	NA	NA	0	0	0	1	NA	NA	NA	NA	NA
JBHJCM010000002.1_13	13995	15122	1128	1	0.631	11	AGGAG	NA	NA	NA	0	0	0	1	NA	NA	NA	NA	NA
JBHJCM010000002.1_14	15119	15721	603	1	0.653	11	GGA/GAG/AGG	GENOMAD.107271.CP	5.039e-37	140	0	0	0	1	NA	NA	NA	PF01174;K02501;COG0118;TIGR01855	Imidazoleglycerol phosphate synthase glutamine amidotransferase subunit HisH
JBHJCM010000002.1_15	15718	16452	735	1	0.673	11	GGA/GAG/AGG	NA	NA	NA	0	0	0	1	NA	NA	NA	NA	NA
JBHJCM010000002.1_16	16446	17222	777	1	0.633	11	GGAG/GAGG	NA	NA	NA	0	0	0	1	NA	NA	NA	NA	NA
JBHJCM010000002.1_17	17212	17832	621	1	0.660	11	GGAG/GAGG	NA	NA	NA	0	0	0	1	NA	NA	NA	NA	NA
JBHJCM010000002.1_18	18012	19598	1587	1	0.650	11	GGA/GAG/AGG	GENOMAD.154807.CP	1.4e-100	340	0	0	0	1	NA	NA	NA	PF16370;PF00149;COG2908;K03651;TIGR03729	C terminal of Calcineurin-like phosphoesterase; Calcineurin-like phosphoesterase
JBHJCM010000002.1_19	20060	21136	1077	-1	0.637	11	None	GENOMAD.027063.CC	3.892e-52	191	0	0	0	1	NA	NA	NA	NA	NA
JBHJCM010000002.1_20	21321	22019	699	-1	0.635	11	GGA/GAG/AGG	NA	NA	NA	0	0	0	1	NA	NA	NA	NA	NA
JBHJCM010000002.1_21	22022	22588	567	-1	0.621	11	GGA/GAG/AGG	NA	NA	NA	0	0	0	1	NA	NA	NA	NA	NA
JBHJCM010000002.1_22	22624	23277	654	-1	0.627	11	None	GENOMAD.004524.CC	0.0001185	45	0	0	0	1	NA	NA	NA	PF00596;K03077;COG3347;TIGR01086	Rhamnose utilisation protein RhaD, predicted bifunctional aldolase and dehydrogenase
JBHJCM010000002.1_23	23367	24797	1431	-1	0.659	11	GGA/GAG/AGG	GENOMAD.151588.CP	3.82e-19	94	0	0	0	1	NA	NA	NA	PF13520;TIGR00906;K03294;COG1113	cationic amino acid transport permease
JBHJCM010000002.1_24	24874	26346	1473	-1	0.648	11	GGA/GAG/AGG	GENOMAD.151588.CP	9.955e-20	96	0	0	0	1	NA	NA	NA	PF13520;TIGR00906;K03294;COG1113	cationic amino acid transport permease
JBHJCM010000002.1_25	26529	27080	552	1	0.665	11	GGA/GAG/AGG	NA	NA	NA	0	0	0	1	NA	NA	NA	NA	NA
JBHJCM010000002.1_26	27229	28470	1242	-1	0.646	11	None	NA	NA	NA	0	0	0	1	NA	NA	NA	NA	NA
JBHJCM010000002.1_27	28678	30096	1419	1	0.642	11	None	NA	NA	NA	0	0	0	1	NA	NA	NA	NA	NA
JBHJCM010000002.1_28	30131	30430	300	1	0.690	11	GGA/GAG/AGG	NA	NA	NA	0	0	0	1	NA	NA	NA	NA	NA
JBHJCM010000002.1_29	30427	32286	1860	1	0.674	11	None	GENOMAD.044132.CC	1.061e-280	867	0	0	0	1	NA	NA	NA	NA	NA
JBHJCM010000002.1_30	32507	32893	387	-1	0.651	11	None	NA	NA	NA	0	0	0	1	NA	NA	NA	NA	NA
JBHJCM010000002.1_31	32893	33459	567	-1	0.616	11	None	GENOMAD.105354.CP	4.932e-21	93	1	0	0	1	NA	NA	NA	PF09285;PF01132;PF08207;K02356;TIGR02178;COG0231	elongation factor P-like protein YeiP
JBHJCM010000002.1_32	33560	34330	771	-1	0.668	11	GGA/GAG/AGG	NA	NA	NA	0	0	0	1	NA	NA	NA	NA	NA
JBHJCM010000002.1_33	34468	35364	897	-1	0.678	11	None	NA	NA	NA	0	0	0	1	NA	NA	NA	NA	NA
JBHJCM010000002.1_34	35471	35860	390	-1	0.705	11	GGAG/GAGG	NA	NA	NA	0	0	0	1	NA	NA	NA	NA	NA
JBHJCM010000002.1_35	35857	36654	798	-1	0.679	11	GGA/GAG/AGG	NA	NA	NA	0	0	0	1	NA	NA	NA	NA	NA
JBHJCM010000002.1_36	36727	37017	291	1	0.632	11	None	GENOMAD.194235.PC	6.977e-14	68	0	0	0	1	NA	NA	NA	PF18357;COG1918;K04759	Fe2+ transport system protein FeoA
JBHJCM010000002.1_37	37014	38873	1860	1	0.659	11	GGAGG	GENOMAD.123924.CP	5.76e-61	226	0	0	0	1246	Caudoviricetes	NA	NA	PF07670;PF07664;COG3366;TIGR02871	Nucleoside recognition; Ferrous iron transport protein B C terminus
JBHJCM010000002.1_38	38875	39129	255	1	0.678	11	GGxGG	NA	NA	NA	0	0	0	1	NA	NA	NA	NA	NA
JBHJCM010000002.1_39	39190	39690	501	1	0.609	11	GGA/GAG/AGG	NA	NA	NA	0	0	0	1	NA	NA	NA	NA	NA
JBHJCM010000002.1_40	39916	41118	1203	1	0.658	11	None	GENOMAD.099160.CP	9.818e-05	47	0	0	0	1	NA	NA	NA	PF12897;TIGR03542;K08969;COG1168	LL-diaminopimelate aminotransferase
JBHJCM010000002.1_41	41121	41834	714	1	0.668	11	None	GENOMAD.148482.CP	1.644e-26	111	0	0	0	1	NA	NA	NA	PF03473;COG2258;K03831	Uncharacterized conserved protein YiiM, contains MOSC domain
JBHJCM010000002.1_42	42508	43224	717	1	0.683	11	None	GENOMAD.100682.CP	5.151e-16	80	0	0	0	1	NA	NA	NA	NA	NA
JBHJCM010000002.1_43	43465	44589	1125	1	0.659	11	GGA/GAG/AGG	NA	NA	NA	0	0	0	1	NA	NA	NA	NA	NA
JBHJCM010000002.1_44	44589	45032	444	1	0.678	11	GGxGG	NA	NA	NA	0	0	0	1	NA	NA	NA	NA	NA
JBHJCM010000002.1_45	45041	48283	3243	1	0.647	11	GGAG/GAGG	NA	NA	NA	0	0	0	1	NA	NA	NA	NA	NA
JBHJCM010000002.1_46	48280	48756	477	1	0.616	11	AGGAG	GENOMAD.108036.CP	9.436e-06	47	0	0	0	1	NA	NA	NA	PF01272;TIGR01461;COG0782	transcription elongation factor GreB
JBHJCM010000002.1_47	48773	49693	921	1	0.695	11	None	GENOMAD.103400.CP	8.769e-136	431	0	0	0	1	NA	NA	NA	PF10143;COG4255;TIGR02535;K15635	proposed homoserine kinase
JBHJCM010000002.1_48	49690	51429	1740	1	0.680	11	None	NA	NA	NA	0	0	0	1	NA	NA	NA	NA	NA
JBHJCM010000002.1_49	51503	52717	1215	-1	0.658	11	None	GENOMAD.159005.CP	1.498e-52	194	0	0	0	1	NA	NA	NA	PF10129;K11941;COG3936	OpgC protein
JBHJCM010000002.1_50	52910	53824	915	1	0.679	11	GGA/GAG/AGG	GENOMAD.147170.CP	7.925e-07	53	0	0	0	1	NA	NA	NA	NA	NA
JBHJCM010000002.1_51	54255	55196	942	1	0.631	11	GGA/GAG/AGG	GENOMAD.110271.CV	5.047e-33	133	0	0	0	1246	Caudoviricetes	NA	NA	NA	NA
JBHJCM010000002.1_52	55400	56917	1518	1	0.657	11	None	NA	NA	NA	0	0	0	1	NA	NA	NA	NA	NA
JBHJCM010000002.1_53	57058	58194	1137	1	0.646	11	AGGAG	NA	NA	NA	0	0	0	1	NA	NA	NA	NA	NA
JBHJCM010000002.1_54	58280	58825	546	1	0.643	11	None	NA	NA	NA	0	0	0	1	NA	NA	NA	NA	NA
JBHJCM010000002.1_55	58833	61013	2181	1	0.639	11	GGAG/GAGG	NA	NA	NA	0	0	0	1	NA	NA	NA	NA	NA
JBHJCM010000002.1_56	61026	61895	870	-1	0.617	11	GGAG/GAGG	NA	NA	NA	0	0	0	1	NA	NA	NA	NA	NA
JBHJCM010000002.1_57	62072	63754	1683	-1	0.625	11	GGAGG	NA	NA	NA	0	0	0	1	NA	NA	NA	NA	NA
JBHJCM010000002.1_58	63852	64301	450	1	0.656	11	GGA/GAG/AGG	GENOMAD.049078.CC	5.926e-11	62	0	0	0	1	NA	NA	NA	PF12870;COG4875;TIGR02246;K22505	conserved hypothetical protein
JBHJCM010000002.1_59	64713	67481	2769	-1	0.651	11	AGGAG	NA	NA	NA	0	0	0	1	NA	NA	NA	NA	NA
JBHJCM010000002.1_60	67629	67877	249	1	0.675	11	GGAG/GAGG	NA	NA	NA	0	0	0	1	NA	NA	NA	NA	NA
JBHJCM010000002.1_61	67874	68284	411	1	0.657	11	GGA/GAG/AGG	GENOMAD.190879.PC	1.857e-53	184	0	0	0	1	NA	NA	NA	PF10130;COG1487;TIGR00028;K07062	Predicted nucleic acid-binding protein, contains PIN domain
JBHJCM010000002.1_62	68335	70926	2592	1	0.665	11	GGAG/GAGG	NA	NA	NA	0	0	0	1	NA	NA	NA	NA	NA
JBHJCM010000002.1_63	71121	71966	846	1	0.662	11	None	NA	NA	NA	0	0	0	1	NA	NA	NA	NA	NA
JBHJCM010000002.1_64	72365	74641	2277	-1	0.655	11	GGA/GAG/AGG	NA	NA	NA	0	0	0	1	NA	NA	NA	NA	NA
JBHJCM010000002.1_65	74732	75808	1077	-1	0.666	11	GGAG/GAGG	GENOMAD.125879.CP	4.713e-18	89	0	0	0	1	NA	NA	NA	PF01339;K13924	CheB methylesterase
JBHJCM010000002.1_66	75805	76401	597	-1	0.633	11	AGGAG	GENOMAD.140319.CP	2.56e-24	103	0	0	0	1	NA	NA	NA	PF03975;COG1871;K03411	Chemotaxis receptor (MCP) glutamine deamidase CheD
JBHJCM010000002.1_67	76404	77258	855	-1	0.639	11	None	GENOMAD.111713.CP	5.257e-31	126	0	0	0	1	NA	NA	NA	PF01739;PF20225;PF03705;K00575;COG1352;TIGR04345	Methylase of chemotaxis methyl-accepting proteins
JBHJCM010000002.1_68	77507	79888	2382	-1	0.632	11	GGA/GAG/AGG	GENOMAD.146534.CP	6.259e-05	49	0	0	0	1	NA	NA	NA	PF00015	Methyl-accepting chemotaxis protein (MCP) signalling domain
JBHJCM010000002.1_69	79972	80355	384	-1	0.633	11	GGAG/GAGG	GENOMAD.214702.CP	1.527e-67	224	0	0	0	1	NA	NA	NA	NA	NA
JBHJCM010000002.1_70	80808	81290	483	-1	0.600	11	GGAG/GAGG	GENOMAD.123087.CP	5.513e-53	184	0	0	0	1246	Caudoviricetes	NA	NA	PF01584;K03415;COG0835	Chemotaxis signal transduction protein
JBHJCM010000002.1_71	81426	82211	786	-1	0.646	11	None	GENOMAD.152421.CP	5.832e-127	403	0	0	0	1	NA	NA	NA	PF07317;PF16823;K21087;COG5581;TIGR02266	c-di-GMP-binding flagellar brake protein YcgR, contains PilZNR and PilZ domains
JBHJCM010000002.1_72	82835	85174	2340	-1	0.659	11	None	GENOMAD.146534.CP	0.0004993	46	0	0	0	1	NA	NA	NA	PF00015	Methyl-accepting chemotaxis protein (MCP) signalling domain
JBHJCM010000002.1_73	85171	85503	333	-1	0.652	11	GGA/GAG/AGG	NA	NA	NA	0	0	0	1	NA	NA	NA	NA	NA
JBHJCM010000002.1_74	86152	88413	2262	-1	0.638	11	GGA/GAG/AGG	GENOMAD.146534.CP	0.0009638	45	0	0	0	1	NA	NA	NA	PF00015	Methyl-accepting chemotaxis protein (MCP) signalling domain
JBHJCM010000002.1_75	88821	91082	2262	-1	0.641	11	GGA/GAG/AGG	GENOMAD.146534.CP	0.0001181	48	0	0	0	1	NA	NA	NA	PF00015	Methyl-accepting chemotaxis protein (MCP) signalling domain
JBHJCM010000002.1_76	91669	94143	2475	-1	0.654	11	GGA/GAG/AGG	GENOMAD.146534.CP	0.0005348	46	0	0	0	1	NA	NA	NA	PF00015	Methyl-accepting chemotaxis protein (MCP) signalling domain
JBHJCM010000002.1_77	94251	96500	2250	-1	0.660	11	GGA/GAG/AGG	NA	NA	NA	0	0	0	1	NA	NA	NA	NA	NA
JBHJCM010000002.1_78	97142	99373	2232	-1	0.643	11	GGA/GAG/AGG	GENOMAD.146534.CP	0.000948	45	0	0	0	1	NA	NA	NA	PF00015	Methyl-accepting chemotaxis protein (MCP) signalling domain
JBHJCM010000002.1_79	99831	102089	2259	-1	0.627	11	AGGA	GENOMAD.146534.CP	0.0004779	46	0	0	0	1	NA	NA	NA	PF00015	Methyl-accepting chemotaxis protein (MCP) signalling domain
JBHJCM010000002.1_80	102591	104849	2259	-1	0.644	11	GGAG/GAGG	GENOMAD.146534.CP	1.444e-05	51	0	0	0	1	NA	NA	NA	PF00015	Methyl-accepting chemotaxis protein (MCP) signalling domain
JBHJCM010000002.1_81	105071	106708	1638	-1	0.658	11	None	GENOMAD.146534.CP	7.696e-05	48	0	0	0	1	NA	NA	NA	PF00015	Methyl-accepting chemotaxis protein (MCP) signalling domain
JBHJCM010000002.1_82	106708	107442	735	-1	0.669	11	None	NA	NA	NA	0	0	0	1	NA	NA	NA	NA	NA
JBHJCM010000002.1_83	107456	108217	762	-1	0.656	11	GGA/GAG/AGG	GENOMAD.210497.CP	2.964e-23	102	0	0	0	1	NA	NA	NA	PF19089;COG4313	Membrane bound beta barrel domain (DUF5777)
JBHJCM010000002.1_84	108518	111307	2790	-1	0.653	11	None	GENOMAD.151917.PC	8.649e-09	62	0	0	0	1	NA	NA	NA	PF12729;K05874;COG5278	Four helix bundle sensory module for signal transduction
JBHJCM010000002.1_85	111374	111808	435	-1	0.653	11	GGA/GAG/AGG	NA	NA	NA	0	0	0	1	NA	NA	NA	NA	NA
JBHJCM010000002.1_86	111824	113551	1728	-1	0.646	11	GGA/GAG/AGG	GENOMAD.151334.CP	2.032e-05	50	0	0	0	1	NA	NA	NA	NA	NA
JBHJCM010000002.1_87	114091	114624	534	-1	0.661	11	AGGA	NA	NA	NA	0	0	0	1	NA	NA	NA	NA	NA
JBHJCM010000002.1_88	114947	117220	2274	-1	0.659	11	GGA/GAG/AGG	GENOMAD.146534.CP	0.0002393	47	0	0	0	1	NA	NA	NA	PF00015	Methyl-accepting chemotaxis protein (MCP) signalling domain
JBHJCM010000002.1_89	117538	119823	2286	-1	0.648	11	GGA/GAG/AGG	GENOMAD.151917.PC	2.688e-08	60	0	0	0	1	NA	NA	NA	PF12729;K05874;COG5278	Four helix bundle sensory module for signal transduction
JBHJCM010000002.1_90	120067	122076	2010	-1	0.663	11	GGA/GAG/AGG	GENOMAD.116397.CP	3.373e-111	377	0	0	0	1	NA	NA	NA	PF14501;PF01584;PF01627;PF02895;K03407;COG0643;TIGR01924	Chemotaxis protein histidine kinase CheA
JBHJCM010000002.1_91	122110	122475	366	-1	0.626	11	GGAG/GAGG	NA	NA	NA	0	0	0	1	NA	NA	NA	NA	NA
JBHJCM010000002.1_92	122472	122780	309	-1	0.615	11	GGAG/GAGG	GENOMAD.018319.CC	8.308e-46	160	0	0	0	1	NA	NA	NA	PF13466;K07122;COG3113;TIGR00377	ABC-type transporter Mla maintaining outer membrane lipid asymmetry, MlaB component, contains STAS domain
JBHJCM010000002.1_93	122883	124157	1275	-1	0.702	11	GGAG/GAGG	GENOMAD.129179.CP	6.701e-103	342	0	0	0	1	NA	NA	NA	PF01584;K03415;COG0835	CheW-like domain
JBHJCM010000002.1_94	124154	124936	783	-1	0.701	11	AGGAG	NA	NA	NA	0	0	0	1	NA	NA	NA	NA	NA
JBHJCM010000002.1_95	124938	125912	975	-1	0.648	11	None	GENOMAD.133946.CP	3.166e-10	64	0	0	0	1	NA	NA	NA	PF13677;COG1360;TIGR03350	Flagellar motor protein MotB
JBHJCM010000002.1_96	125919	126659	741	-1	0.641	11	None	NA	NA	NA	0	0	0	1	NA	NA	NA	NA	NA
JBHJCM010000002.1_97	127527	130628	3102	1	0.651	11	GGA/GAG/AGG	GENOMAD.154316.CP	1.083e-249	798	0	0	0	1	NA	NA	NA	K16091	NA
JBHJCM010000002.1_98	131672	132541	870	1	0.534	11	GGA/GAG/AGG	NA	NA	NA	0	0	0	1	NA	NA	NA	NA	NA
JBHJCM010000002.1_99	132583	133413	831	1	0.451	11	None	NA	NA	NA	0	0	0	1	NA	NA	NA	NA	NA
JBHJCM010000002.1_100	133816	137049	3234	1	0.490	11	AGGAG	NA	NA	NA	0	0	0	1	NA	NA	NA	NA	NA
JBHJCM010000002.1_101	138017	138286	270	1	0.633	11	AGGAG	NA	NA	NA	0	0	0	1	NA	NA	NA	NA	NA
JBHJCM010000002.1_102	138283	138699	417	1	0.712	11	GGAGG	NA	NA	NA	0	0	0	1	NA	NA	NA	NA	NA
JBHJCM010000002.1_103	138786	139403	618	1	0.574	11	GGA/GAG/AGG	NA	NA	NA	0	0	0	1	NA	NA	NA	NA	NA
JBHJCM010000002.1_104	139419	140897	1479	1	0.569	11	AGGAG	NA	NA	NA	0	0	0	1	NA	NA	NA	NA	NA
JBHJCM010000002.1_105	141146	142804	1659	-1	0.684	11	None	GENOMAD.116397.CP	2.796e-87	302	0	0	0	1	NA	NA	NA	PF14501;PF01584;PF01627;PF02895;K03407;COG0643;TIGR01924	Chemotaxis protein histidine kinase CheA
JBHJCM010000002.1_106	142807	143433	627	-1	0.657	11	GGxGG	GENOMAD.166405.CP	5.788e-101	325	0	0	0	1	NA	NA	NA	PF04344;K03414;COG3143	Chemotaxis regulator CheZ, phosphatase of CheY~P
JBHJCM010000002.1_107	143433	143825	393	-1	0.608	11	AGGAG	NA	NA	NA	0	0	0	1	NA	NA	NA	NA	NA
JBHJCM010000002.1_108	143861	144628	768	-1	0.672	11	GGAG/GAGG	NA	NA	NA	0	0	0	1	NA	NA	NA	NA	NA
JBHJCM010000002.1_109	144625	145509	885	-1	0.672	11	GGAG/GAGG	NA	NA	NA	0	0	0	1	NA	NA	NA	NA	NA
JBHJCM010000002.1_110	145496	147196	1701	-1	0.707	11	GGAGG	GENOMAD.091825.CP	3.685e-54	204	0	0	0	1	NA	NA	NA	PF00448;K02404;COG1419;TIGR03499	Flagellar biosynthesis GTPase FlhF
JBHJCM010000002.1_111	147870	149963	2094	-1	0.679	11	GGAG/GAGG	GENOMAD.136785.CP	3.154e-13	76	0	0	0	1	NA	NA	NA	NA	NA
JBHJCM010000002.1_112	149960	151090	1131	-1	0.649	11	None	NA	NA	NA	0	0	0	1	NA	NA	NA	NA	NA
JBHJCM010000002.1_113	151230	153311	2082	-1	0.681	11	GGA/GAG/AGG	NA	NA	NA	0	0	0	1	NA	NA	NA	NA	NA
JBHJCM010000002.1_114	153582	156446	2865	-1	0.679	11	None	NA	NA	NA	0	0	0	1	NA	NA	NA	NA	NA
JBHJCM010000002.1_115	156883	159834	2952	-1	0.680	11	None	NA	NA	NA	0	0	0	1	NA	NA	NA	NA	NA
JBHJCM010000002.1_116	160036	160827	792	-1	0.669	11	None	GENOMAD.138189.CP	6.983e-10	62	0	0	0	1	NA	NA	NA	PF01311;COG4791;TIGR01401;K02421	Bacterial export proteins, family 1
JBHJCM010000002.1_117	160841	161110	270	-1	0.644	11	None	NA	NA	NA	0	0	0	1	NA	NA	NA	NA	NA
JBHJCM010000002.1_118	161953	162798	846	-1	0.647	11	AGGA	NA	NA	NA	0	0	0	1	NA	NA	NA	NA	NA
JBHJCM010000002.1_119	162800	163207	408	-1	0.684	11	GGAGG	GENOMAD.166188.CP	1.223e-15	75	0	0	0	1	NA	NA	NA	PF04347;COG3190;K02418;TIGR03500	Flagellar biogenesis protein FliO
JBHJCM010000002.1_120	163204	163542	339	-1	0.655	11	AGGA	GENOMAD.168664.PC	1.068e-07	51	0	0	0	1	NA	NA	NA	PF01052;TIGR02480	flagellar motor switch protein FliN
JBHJCM010000002.1_121	163539	164552	1014	-1	0.642	11	GGA/GAG/AGG	GENOMAD.158788.CP	3.117e-09	61	0	0	0	1	NA	NA	NA	PF02154;PF01052;COG1868;TIGR01397;K02416	Flagellar motor switch protein FliM
JBHJCM010000002.1_122	164563	165090	528	-1	0.642	11	GGAG/GAGG	GENOMAD.142784.CP	1.25e-10	62	0	0	0	1	NA	NA	NA	PF03748;COG1580	Flagellar basal body-associated protein FliL
JBHJCM010000002.1_123	165280	166572	1293	-1	0.716	11	GGAG/GAGG	GENOMAD.021519.CC	2.736e-56	206	0	0	0	1	NA	NA	NA	NA	NA
JBHJCM010000002.1_124	166569	167024	456	-1	0.669	11	GGA/GAG/AGG	GENOMAD.179230.CP	2.343e-66	222	0	0	0	1	NA	NA	NA	PF16789;TIGR02473;COG2882;K02413	flagellar export protein FliJ
JBHJCM010000002.1_125	167028	168404	1377	-1	0.706	11	GGAG/GAGG	NA	NA	NA	0	0	0	1	NA	NA	NA	NA	NA
JBHJCM010000002.1_126	168401	169021	621	-1	0.712	11	GGAGG	GENOMAD.140316.CP	4.349e-86	282	0	0	0	1	NA	NA	NA	PF06635;COG1317;TIGR03825	Flagellar biosynthesis/type III secretory pathway protein FliH
JBHJCM010000002.1_127	169018	170007	990	-1	0.676	11	None	GENOMAD.133766.CP	5.15e-44	166	0	0	0	1	NA	NA	NA	PF01706;PF14841;PF14842;K02410;TIGR00207;COG1536	flagellar motor switch protein FliG
JBHJCM010000002.1_128	170018	171742	1725	-1	0.671	11	GGA/GAG/AGG	GENOMAD.136859.CP	1.729e-36	150	0	0	0	1	NA	NA	NA	PF01514;PF08345;TIGR00206;K02409;COG1766	flagellar basal-body M-ring protein/flagellar hook-basal body protein (fliF)
JBHJCM010000002.1_129	171756	172127	372	-1	0.667	11	None	GENOMAD.140513.CP	1.962e-22	94	0	0	0	1	NA	NA	NA	PF02049;COG1677;TIGR00205	Flagellar hook-basal body complex protein FliE
JBHJCM010000002.1_130	172555	176055	3501	-1	0.680	11	None	GENOMAD.133878.VC	3.52e-10	67	0	0	0	1246	Caudoviricetes	NA	NA	TIGR03087;COG4641	sugar transferase, PEP-CTERM/EpsH1 system associated
JBHJCM010000002.1_131	176626	176994	369	-1	0.550	11	GGAG/GAGG	NA	NA	NA	0	0	0	1	NA	NA	NA	NA	NA
JBHJCM010000002.1_132	177239	178006	768	-1	0.570	11	GGA/GAG/AGG	NA	NA	NA	0	0	0	1	NA	NA	NA	NA	NA
JBHJCM010000002.1_133	178003	178752	750	-1	0.608	11	AGGAG	NA	NA	NA	0	0	0	1	NA	NA	NA	NA	NA
JBHJCM010000002.1_134	178794	180068	1275	-1	0.596	11	AGGA	NA	NA	NA	0	0	0	1	NA	NA	NA	NA	NA
JBHJCM010000002.1_135	180253	181482	1230	-1	0.571	11	GGA/GAG/AGG	NA	NA	NA	0	0	0	1	NA	NA	NA	NA	NA
JBHJCM010000002.1_136	181537	182151	615	-1	0.618	11	GGAGG	NA	NA	NA	0	0	0	1	NA	NA	NA	NA	NA
JBHJCM010000002.1_137	182148	183287	1140	-1	0.583	11	AGGAG	NA	NA	NA	0	0	0	1	NA	NA	NA	NA	NA
JBHJCM010000002.1_138	183318	183977	660	-1	0.608	11	AGGAG/GGAGG	NA	NA	NA	0	0	0	1	NA	NA	NA	NA	NA
JBHJCM010000002.1_139	183974	184753	780	-1	0.622	11	None	NA	NA	NA	0	0	0	1	NA	NA	NA	NA	NA
JBHJCM010000002.1_140	184750	185517	768	-1	0.651	11	None	NA	NA	NA	0	0	0	1	NA	NA	NA	NA	NA
JBHJCM010000002.1_141	185514	186554	1041	-1	0.623	11	GGAG/GAGG	NA	NA	NA	0	0	0	1	NA	NA	NA	NA	NA
JBHJCM010000002.1_142	186560	186784	225	-1	0.582	11	GGA/GAG/AGG	GENOMAD.206422.CP	5.925e-36	130	0	0	0	1	NA	NA	NA	PF10501;K16025;TIGR01688	D-alanine--poly(phosphoribitol) ligase, subunit 2
JBHJCM010000002.1_143	186849	187958	1110	-1	0.617	11	GGAG/GAGG	GENOMAD.076874.VV	1.193e-06	53	0	0	0	1	NA	NA	NA	PF01041;K07806;TIGR03588;COG0399	UDP-4-amino-4,6-dideoxy-N-acetyl-beta-L-altrosamine transaminase
JBHJCM010000002.1_144	188076	189560	1485	-1	0.666	11	AGGAG	NA	NA	NA	0	0	0	1	NA	NA	NA	NA	NA
JBHJCM010000002.1_145	189553	189936	384	-1	0.586	11	AGGA	NA	NA	NA	0	0	0	1	NA	NA	NA	NA	NA
JBHJCM010000002.1_146	189945	191348	1404	-1	0.672	11	GGA/GAG/AGG	GENOMAD.142809.CP	8.866e-07	54	0	0	0	1	NA	NA	NA	PF00309;TIGR02395;COG1508	Sigma-54 factor, Activator interacting domain (AID)
JBHJCM010000002.1_147	191565	192197	633	-1	0.664	11	None	NA	NA	NA	0	0	0	1	NA	NA	NA	NA	NA
JBHJCM010000002.1_148	192266	192832	567	-1	0.675	11	GGA/GAG/AGG	GENOMAD.031694.CC	2.315e-84	276	0	0	0	1	NA	NA	NA	PF16823	Atypical PilZ domain, cyclic di-GMP receptor
JBHJCM010000002.1_149	192832	193125	294	-1	0.646	11	GGA/GAG/AGG	NA	NA	NA	0	0	0	1	NA	NA	NA	NA	NA
JBHJCM010000002.1_150	193134	193547	414	-1	0.640	11	AGGAG	NA	NA	NA	0	0	0	1	NA	NA	NA	NA	NA
JBHJCM010000002.1_151	193698	195023	1326	-1	0.648	11	GGAG/GAGG	GENOMAD.137994.CP	2.147e-23	107	0	0	0	1	NA	NA	NA	COG1345;K02407	Flagellar capping protein FliD
JBHJCM010000002.1_152	195295	196494	1200	-1	0.641	11	AGGAG	NA	NA	NA	0	0	0	1	NA	NA	NA	NA	NA
JBHJCM010000002.1_153	196812	198017	1206	-1	0.640	11	None	GENOMAD.130369.CP	9.562e-61	218	0	0	0	1	NA	NA	NA	PF00669;K02397;TIGR02550;COG1344	flagellar hook-associated protein 3
JBHJCM010000002.1_154	198017	199891	1875	-1	0.654	11	GGAG/GAGG	GENOMAD.133367.CP	5.798e-81	286	0	0	0	1	NA	NA	NA	PF00460;K02396;COG1256;TIGR02492	Flagellar hook-associated protein FlgK
JBHJCM010000002.1_155	199903	201081	1179	-1	0.665	11	GGAG/GAGG	GENOMAD.161970.CP	2.72e-06	52	0	0	0	1	NA	NA	NA	PF10135;TIGR02541;COG3951	flagellar rod assembly protein/muramidase FlgJ
JBHJCM010000002.1_156	201083	202201	1119	-1	0.680	11	GGA/GAG/AGG	GENOMAD.141339.CP	5.615e-119	386	0	0	0	1	NA	NA	NA	K02394;COG1706	Flagellar basal body P-ring protein FlgI
JBHJCM010000002.1_157	202212	202904	693	-1	0.675	11	AGGA	GENOMAD.142369.CP	3.765e-45	165	0	0	0	1	NA	NA	NA	PF02107;COG2063;K02393	Flagellar basal body L-ring protein FlgH
JBHJCM010000002.1_158	202943	203728	786	-1	0.642	11	GGAG/GAGG	GENOMAD.119007.CP	3.901e-20	93	0	0	0	1	NA	NA	NA	PF06429;PF00460;K02391;COG4786;TIGR02488	Flagellar basal body rod protein FlgG
JBHJCM010000002.1_159	204488	205243	756	-1	0.639	11	None	GENOMAD.119007.CP	5.875e-10	62	0	0	0	1	NA	NA	NA	PF06429;PF00460;K02391;COG4786;TIGR02488	Flagellar basal body rod protein FlgG
JBHJCM010000002.1_160	205388	206611	1224	-1	0.639	11	AGGA	GENOMAD.119423.CP	0.0008459	44	0	0	0	1	NA	NA	NA	PF06429;PF00460;K02392;COG4786;TIGR02488	Flagellar basal body rod protein FlgG
JBHJCM010000002.1_161	206643	207308	666	-1	0.616	11	GGA/GAG/AGG	GENOMAD.136573.CP	3.487e-31	124	0	0	0	1	NA	NA	NA	PF03963;PF13861;COG1843;K02390	Flagellar hook assembly protein FlgD
JBHJCM010000002.1_162	207346	207753	408	-1	0.642	11	None	NA	NA	NA	0	0	0	1	NA	NA	NA	NA	NA
JBHJCM010000002.1_163	207757	208158	402	-1	0.652	11	GGAG/GAGG	GENOMAD.145565.CP	2.11e-17	80	0	0	0	1	NA	NA	NA	PF00460;K02387;TIGR01396;COG1815	flagellar basal-body rod protein FlgB
JBHJCM010000002.1_164	208492	209526	1035	-1	0.640	11	None	GENOMAD.119444.CP	0.0006466	44	0	0	0	1	NA	NA	NA	PF01584;COG0835;K13489	Chemotaxis signal transduction protein
JBHJCM010000002.1_165	209787	210431	645	1	0.693	11	GGA/GAG/AGG	GENOMAD.148229.CP	6.469e-30	120	0	0	0	1	NA	NA	NA	PF13144;PF17656;COG1261;TIGR03170	Flagella basal body P-ring formation protein FlgA
JBHJCM010000002.1_166	210498	210809	312	1	0.628	11	AGGAG	GENOMAD.141885.CP	1.447e-40	145	0	0	0	1	NA	NA	NA	PF04316;TIGR03824;COG2747	flagellar biosynthesis anti-sigma factor FlgM
JBHJCM010000002.1_167	210825	211157	333	1	0.658	11	None	NA	NA	NA	0	0	0	1	NA	NA	NA	NA	NA
JBHJCM010000002.1_168	211324	212550	1227	1	0.611	11	None	NA	NA	NA	0	0	0	1	NA	NA	NA	NA	NA
JBHJCM010000002.1_169	212686	214407	1722	-1	0.643	11	GGA/GAG/AGG	NA	NA	NA	0	0	0	1	NA	NA	NA	NA	NA
JBHJCM010000002.1_170	214411	216504	2094	-1	0.664	11	None	GENOMAD.136246.CP	4.303e-11	69	0	0	0	1	NA	NA	NA	PF14501;COG3920;TIGR01924	Two-component sensor histidine kinase, HisKA and HATPase domains
JBHJCM010000002.1_171	216687	219449	2763	1	0.638	11	None	NA	NA	NA	0	0	0	1	NA	NA	NA	NA	NA
JBHJCM010000002.1_172	220398	220682	285	-1	0.677	11	None	NA	NA	NA	0	0	0	1	NA	NA	NA	NA	NA
JBHJCM010000002.1_173	220769	221959	1191	-1	0.647	11	GGA/GAG/AGG	NA	NA	NA	0	0	0	1	NA	NA	NA	NA	NA
JBHJCM010000002.1_174	222108	222722	615	-1	0.686	11	GGAG/GAGG	GENOMAD.003398.CC	9.561e-18	84	0	0	0	1	NA	NA	NA	PF04356;COG2915;K07153	Regulator of phage lambda lysogenization HflD, binds to CII and stimulates its degradation
JBHJCM010000002.1_175	222722	223858	1137	-1	0.670	11	None	NA	NA	NA	0	0	0	1	NA	NA	NA	NA	NA
JBHJCM010000002.1_176	223855	224313	459	-1	0.656	11	GGAG/GAGG	NA	NA	NA	0	0	0	1	NA	NA	NA	NA	NA
JBHJCM010000002.1_177	224609	224890	282	1	0.613	11	None	GENOMAD.136164.CV	7.147e-05	42	0	0	0	1	NA	NA	NA	PF02617;COG2127	ATP-dependent Clp protease adaptor protein ClpS
JBHJCM010000002.1_178	225033	227315	2283	1	0.633	11	GGAG/GAGG	GENOMAD.046845.VV	1.306e-34	146	0	0	0	1246	Caudoviricetes	NA	NA	PF10431	NA
JBHJCM010000002.1_179	227590	227808	219	-1	0.543	11	GGA/GAG/AGG	NA	NA	NA	0	0	0	1	NA	NA	NA	NA	NA
JBHJCM010000002.1_180	227889	228686	798	-1	0.665	11	None	GENOMAD.080636.CV	5.268e-86	285	0	0	0	1	NA	NA	NA	PF03588;COG2360;TIGR00667	Leu/Phe-tRNA-protein transferase
JBHJCM010000002.1_181	228772	229815	1044	-1	0.648	11	GGA/GAG/AGG	NA	NA	NA	0	0	0	1	NA	NA	NA	NA	NA
JBHJCM010000002.1_182	230084	231205	1122	-1	0.662	11	GGA/GAG/AGG	GENOMAD.103023.CP	3.227e-107	352	0	0	0	1	NA	NA	NA	PF04339;K09919;COG3146;TIGR03019	Peptidogalycan biosysnthesis/recognition
JBHJCM010000002.1_183	231263	232231	969	-1	0.658	11	GGA/GAG/AGG	NA	NA	NA	0	0	0	1	NA	NA	NA	NA	NA
JBHJCM010000002.1_184	232515	234872	2358	1	0.663	11	GGA/GAG/AGG	GENOMAD.105456.CP	8.623e-32	137	0	0	0	1	NA	NA	NA	PF13491	4TM region of DNA translocase FtsK/SpoIIIE
JBHJCM010000002.1_185	235023	236951	1929	1	0.643	11	None	GENOMAD.142957.CP	1.423e-17	90	0	0	0	1	NA	NA	NA	NA	NA
JBHJCM010000002.1_186	237016	237687	672	1	0.621	11	None	GENOMAD.088139.CV	4.622e-39	147	0	0	0	1246	Caudoviricetes	NA	NA	PF19574;K03634;TIGR00547;COG2834	periplasmic chaperone LolA
JBHJCM010000002.1_187	237803	241918	4116	-1	0.656	11	None	NA	NA	NA	0	0	0	1	NA	NA	NA	NA	NA
JBHJCM010000002.1_188	242263	243573	1311	1	0.652	11	None	NA	NA	NA	0	0	0	1	NA	NA	NA	NA	NA
JBHJCM010000002.1_189	243753	244154	402	1	0.647	11	None	NA	NA	NA	0	0	0	1	NA	NA	NA	NA	NA
JBHJCM010000002.1_190	244468	245673	1206	-1	0.654	11	GGAG/GAGG	NA	NA	NA	0	0	0	1	NA	NA	NA	NA	NA
JBHJCM010000002.1_191	245828	248200	2373	-1	0.648	11	GGAG/GAGG	NA	NA	NA	0	0	0	1	NA	NA	NA	NA	NA
JBHJCM010000002.1_192	248225	248857	633	-1	0.664	11	None	GENOMAD.125911.CP	1.728e-24	104	0	0	0	1	NA	NA	NA	PF17939;PF00440;K23777;TIGR03384;COG3226	transcriptional repressor BetI
JBHJCM010000002.1_193	249076	249501	426	1	0.627	11	GGAG/GAGG	NA	NA	NA	0	0	0	1	NA	NA	NA	NA	NA
JBHJCM010000002.1_194	249520	250725	1206	1	0.633	11	GGA/GAG/AGG	NA	NA	NA	0	0	0	1	NA	NA	NA	NA	NA
JBHJCM010000002.1_195	250712	251524	813	1	0.636	11	GGA/GAG/AGG	NA	NA	NA	0	0	0	1	NA	NA	NA	NA	NA
JBHJCM010000002.1_196	251521	252381	861	1	0.660	11	None	GENOMAD.092099.CV	4.231e-37	144	0	0	0	1	NA	NA	NA	PF13464;K15539;COG1426;TIGR02612	Cytoskeletal protein RodZ, contains Xre-like HTH and DUF4115 domains
JBHJCM010000002.1_197	252452	253090	639	1	0.648	11	GGA/GAG/AGG	NA	NA	NA	0	0	0	1	NA	NA	NA	NA	NA
JBHJCM010000002.1_198	253090	254307	1218	1	0.646	11	GGAG/GAGG	NA	NA	NA	0	0	0	1	NA	NA	NA	NA	NA
JBHJCM010000002.1_199	254318	255715	1398	1	0.648	11	AGGA	GENOMAD.108638.CP	1.786e-06	53	0	0	0	1	NA	NA	NA	PF03193;PF01176;K06949;TIGR00157;COG1162	ribosome small subunit-dependent GTPase A
JBHJCM010000002.1_200	256018	257238	1221	1	0.674	11	None	GENOMAD.118734.CP	1.001e-36	147	0	0	0	1	NA	NA	NA	PF03453;PF00994;K03750;COG0303;TIGR00177	Molybdopterin biosynthesis enzyme
JBHJCM010000002.1_201	257578	258720	1143	-1	0.660	11	None	NA	NA	NA	0	0	0	1	NA	NA	NA	NA	NA
JBHJCM010000002.1_202	258822	261632	2811	1	0.627	11	None	GENOMAD.158496.CP	1.094e-54	212	0	0	0	1	NA	NA	NA	PF14905;PF07715;TIGR01782;K16091;COG4774	TonB-dependent receptor
JBHJCM010000002.1_203	261730	261945	216	1	0.597	11	AGGAG	NA	NA	NA	0	0	0	1	NA	NA	NA	NA	NA
JBHJCM010000002.1_204	262441	263019	579	1	0.610	11	GGAG/GAGG	GENOMAD.212919.PC	1.696e-14	74	0	0	0	1	NA	NA	NA	PF13628;K08995;COG3544	Uncharacterized conserved protein, DUF305 family
JBHJCM010000002.1_205	263023	263553	531	1	0.652	11	AGGA/GGAG/GAGG	GENOMAD.190426.CP	2.99e-06	49	0	0	0	1	NA	NA	NA	PF10604;COG5637	Carbon monoxide dehydrogenase subunit G
JBHJCM010000002.1_206	263567	264736	1170	1	0.616	11	AGGAG	GENOMAD.161858.VP	0.0001908	46	0	0	0	1246	Caudoviricetes	NA	NA	PF07992;TIGR00031;COG3380;K10209	UDP-galactopyranose mutase
JBHJCM010000002.1_207	264934	265689	756	-1	0.615	11	GGA/GAG/AGG	NA	NA	NA	0	0	0	1	NA	NA	NA	NA	NA
JBHJCM010000002.1_208	265850	266845	996	1	0.628	11	None	NA	NA	NA	0	0	0	1	NA	NA	NA	NA	NA
JBHJCM010000002.1_209	266880	267155	276	-1	0.594	11	GGA/GAG/AGG	NA	NA	NA	0	0	0	1	NA	NA	NA	NA	NA
JBHJCM010000002.1_210	267360	268613	1254	1	0.683	11	None	GENOMAD.119129.CP	2.245e-51	191	0	0	0	1	NA	NA	NA	PF03453;PF00994;PF03454;COG0303;K03750;TIGR00177	Molybdopterin biosynthesis enzyme
JBHJCM010000002.1_211	268651	269220	570	1	0.661	11	None	GENOMAD.111238.CP	2.469e-20	91	0	0	0	1	NA	NA	NA	PF01983;K03752;TIGR03552;COG1920	2-phospho-L-lactate guanylyltransferase
JBHJCM010000002.1_212	269204	269566	363	1	0.639	11	AGGA/GGAG/GAGG	NA	NA	NA	0	0	0	1	NA	NA	NA	NA	NA
JBHJCM010000002.1_213	269793	270875	1083	1	0.690	11	AGGA/GGAG/GAGG	GENOMAD.141029.CP	1.604e-27	118	0	0	0	1	NA	NA	NA	PF12625	Arabinose-binding domain of AraC transcription regulator, N-term
JBHJCM010000002.1_214	270977	271909	933	-1	0.690	11	GGAG/GAGG	NA	NA	NA	0	0	0	1	NA	NA	NA	NA	NA
JBHJCM010000002.1_215	271902	273335	1434	-1	0.653	11	GGA/GAG/AGG	NA	NA	NA	0	0	0	1	NA	NA	NA	NA	NA
JBHJCM010000002.1_216	273685	274662	978	-1	0.697	11	GGAG/GAGG	GENOMAD.126251.CP	3.574e-11	67	0	0	0	1	NA	NA	NA	PF06180;PF13241;COG4822;K24866;TIGR01470	Cobalamin biosynthesis protein CbiK, Co2+ chelatase
JBHJCM010000002.1_217	274743	275315	573	1	0.651	11	None	GENOMAD.145587.CP	6.451e-48	171	0	0	0	1	NA	NA	NA	PF03861;PF20161;K07183;COG3707;TIGR02875	Two-component response regulator, AmiR/NasT family, consists of REC and RNA-binding antiterminator (ANTAR) domains
JBHJCM010000002.1_218	275320	276408	1089	1	0.666	11	GGA/GAG/AGG	NA	NA	NA	0	0	0	1	NA	NA	NA	NA	NA
JBHJCM010000002.1_219	277296	278504	1209	1	0.665	11	GGAG/GAGG	GENOMAD.154757.CP	6.959e-17	86	0	0	0	1	NA	NA	NA	K10850;COG2223	Nitrate/nitrite transporter NarK
JBHJCM010000002.1_220	278527	280980	2454	1	0.633	11	AGGAG	GENOMAD.171155.CP	0.0002631	47	0	0	0	1	NA	NA	NA	PF04324;COG2906	Bacterioferritin-associated ferredoxin
JBHJCM010000002.1_221	280983	281345	363	1	0.658	11	GGAG/GAGG	GENOMAD.145553.CP	6.35e-08	52	0	0	0	1	NA	NA	NA	PF13806;K15762;COG2146;TIGR02694	Ferredoxin subunit of nitrite reductase or a ring-hydroxylating dioxygenase
JBHJCM010000002.1_222	281342	284152	2811	1	0.672	11	GGA/GAG/AGG	GENOMAD.121843.CP	1.756e-08	61	0	0	0	1	NA	NA	NA	PF01568;COG1153;K00203	Formylmethanofuran dehydrogenase subunit D
JBHJCM010000002.1_223	284204	284980	777	1	0.692	11	GGA/GAG/AGG	NA	NA	NA	0	0	0	1	NA	NA	NA	NA	NA
JBHJCM010000002.1_224	285769	286026	258	1	0.655	11	AGGAGG	NA	NA	NA	0	0	0	1	NA	NA	NA	NA	NA
JBHJCM010000002.1_225	286676	287185	510	1	0.633	11	AGGAG	NA	NA	NA	0	0	0	1	NA	NA	NA	NA	NA
JBHJCM010000002.1_226	287287	288207	921	1	0.647	11	None	GENOMAD.206339.PC	6.101e-05	47	0	0	0	1	NA	NA	NA	PF04952;COG2988;TIGR02994	Succinylglutamate desuccinylase / Aspartoacylase family
JBHJCM010000002.1_227	288540	289238	699	1	0.642	11	AGGAG	GENOMAD.180976.PC	9.092e-19	88	0	0	0	1	NA	NA	NA	PF07081;PF10039;K09702;COG3506	Regulation of enolase protein 1 (function unknown), concanavalin A-like superfamily
JBHJCM010000002.1_228	289369	291237	1869	-1	0.633	11	None	NA	NA	NA	0	0	0	1	NA	NA	NA	NA	NA
JBHJCM010000002.1_229	291933	302126	10194	1	0.661	11	GGA/GAG/AGG	GENOMAD.179736.PC	1.146e-31	140	0	0	0	1	NA	NA	NA	PF03797;COG4625	Uncharacterized conserved protein, contains a C-terminal beta-barrel porin domain
JBHJCM010000002.1_230	302427	303038	612	-1	0.647	11	GGAG/GAGG	GENOMAD.162179.PC	9.846e-05	45	0	0	0	1	NA	NA	NA	PF00072;K14987;TIGR02875;COG4566	sporulation transcription factor Spo0A
JBHJCM010000002.1_231	303035	304111	1077	-1	0.669	11	GGA/GAG/AGG	NA	NA	NA	0	0	0	1	NA	NA	NA	NA	NA
JBHJCM010000002.1_232	304176	305660	1485	-1	0.696	11	GGAG/GAGG	NA	NA	NA	0	0	0	1	NA	NA	NA	NA	NA
JBHJCM010000002.1_233	305657	308749	3093	-1	0.643	11	GGAG/GAGG	NA	NA	NA	0	0	0	1	NA	NA	NA	NA	NA
JBHJCM010000002.1_234	308742	309857	1116	-1	0.677	11	GGA/GAG/AGG	GENOMAD.120637.CP	9.341e-10	63	0	0	0	1	NA	NA	NF000272	PF12700;K15727;TIGR01730;COG0845	RND family efflux transporter, MFP subunit
JBHJCM010000002.1_235	310345	313080	2736	-1	0.679	11	GGA/GAG/AGG	NA	NA	NA	0	0	0	1	NA	NA	NA	NA	NA
JBHJCM010000002.1_236	314218	314460	243	1	0.654	11	AGGA	NA	NA	NA	0	0	0	1	NA	NA	NA	NA	NA
JBHJCM010000002.1_237	314682	315704	1023	1	0.630	11	GGAG/GAGG	NA	NA	NA	0	0	0	1	NA	NA	NA	NA	NA
JBHJCM010000002.1_238	315701	316405	705	1	0.626	11	GGAG/GAGG	NA	NA	NA	0	0	0	1	NA	NA	NA	NA	NA
JBHJCM010000002.1_239	316550	317923	1374	-1	0.646	11	AGGAG	NA	NA	NA	0	0	0	1	NA	NA	NA	NA	NA
JBHJCM010000002.1_240	318265	318735	471	1	0.618	11	None	GENOMAD.194577.PC	2.279e-77	254	0	0	0	1	NA	NA	NA	PF09990;COG4244	NA
JBHJCM010000002.1_241	318732	320045	1314	1	0.643	11	AGGAG	NA	NA	NA	0	0	0	1	NA	NA	NA	NA	NA
JBHJCM010000002.1_242	320288	321322	1035	1	0.637	11	GGA/GAG/AGG	NA	NA	NA	0	0	0	1	NA	NA	NA	NA	NA
JBHJCM010000002.1_243	321639	321917	279	-1	0.573	11	AGGAG	NA	NA	NA	0	0	0	1	NA	NA	NA	NA	NA
JBHJCM010000002.1_244	322052	322192	141	-1	0.688	11	None	NA	NA	NA	0	0	0	1	NA	NA	NA	NA	NA
JBHJCM010000002.1_245	322247	323146	900	-1	0.621	11	None	GENOMAD.218967.CP	7.626e-89	295	0	0	0	1	NA	NA	NA	PF07737	NA
JBHJCM010000002.1_246	323893	324399	507	1	0.602	11	GGAGG	GENOMAD.166375.PC	1.078e-09	59	0	0	0	1	NA	NA	NA	NA	NA
JBHJCM010000002.1_247	324404	325909	1506	1	0.625	11	GGA/GAG/AGG	GENOMAD.160889.PC	1.58e-40	161	0	0	0	1	NA	NA	NA	PF18945	EvpB/VC_A0108, tail sheath gpW/gp25-like domain
JBHJCM010000002.1_248	326009	326512	504	1	0.597	11	GGAG/GAGG	NA	NA	NA	0	0	0	1	NA	NA	NA	NA	NA
JBHJCM010000002.1_249	326539	327378	840	1	0.663	11	GGAG/GAGG	NA	NA	NA	0	0	0	1	NA	NA	NA	NA	NA
JBHJCM010000002.1_250	327366	327869	504	1	0.659	11	GGxGG	GENOMAD.183209.PC	3.679e-15	75	0	0	0	1	NA	NA	NA	K11897;COG3518;TIGR03357	Predicted component of the type VI protein secretion system
JBHJCM010000002.1_251	327872	329749	1878	1	0.674	11	GGAG/GAGG	GENOMAD.166434.PC	2.526e-54	206	0	0	0	1	NA	NA	NA	PF05947;COG3519;K11896;TIGR03359	Type VI protein secretion system component VasA
JBHJCM010000002.1_252	329713	330723	1011	1	0.698	11	GGAG/GAGG	GENOMAD.167831.PC	9.468e-64	224	0	0	0	1	NA	NA	NA	PF06996;COG3520;TIGR03347;K11896	Predicted component of the type VI protein secretion system
JBHJCM010000002.1_253	330756	331526	771	1	0.678	11	GGAG/GAGG	NA	NA	NA	0	0	0	1	NA	NA	NA	NA	NA
JBHJCM010000003.1_1	2	1909	1908	-1	0.669	11	GGAG/GAGG	NA	NA	NA	0	0	0	1	NA	NA	NA	NA	NA
JBHJCM010000003.1_2	2556	6602	4047	-1	0.687	11	None	GENOMAD.121610.CV	1.764e-71	269	1	0	0	1246	Caudoviricetes	NA	NA	PF13507;COG0047	CobB/CobQ-like glutamine amidotransferase domain
JBHJCM010000003.1_3	6920	7717	798	-1	0.668	11	GGA/GAG/AGG	GENOMAD.146337.PC	1.671e-41	156	0	0	0	1	NA	NA	NA	PF13462;PF10411;K03981;COG1651;TIGR00385	Protein-disulfide isomerase
JBHJCM010000003.1_4	8198	9289	1092	-1	0.680	11	None	NA	NA	NA	0	0	0	1	NA	NA	NA	NA	NA
JBHJCM010000003.1_5	9525	9992	468	1	0.684	11	None	GENOMAD.148481.CP	1.674e-88	286	0	0	0	1	NA	NA	NA	PF06271;COG1714	Uncharacterized membrane protein YckC, RDD family
JBHJCM010000003.1_6	10103	10402	300	-1	0.607	11	None	NA	NA	NA	0	0	0	1	NA	NA	NA	NA	NA
JBHJCM010000003.1_7	10407	11513	1107	-1	0.650	11	GGxGG	GENOMAD.074903.CP	7.607e-60	214	0	0	0	1	NA	NA	NA	PF03739;K11720;COG0795	Lipopolysaccharide export system permease LptF/LptG
JBHJCM010000003.1_8	11510	12592	1083	-1	0.671	11	None	GENOMAD.099678.CP	4.145e-52	191	0	0	0	1	NA	NA	NA	K07091;COG0795	Lipopolysaccharide export LptBFGC system, permease protein LptF
JBHJCM010000003.1_9	12700	14172	1473	1	0.690	11	GGA/GAG/AGG	NA	NA	NA	0	0	0	1	NA	NA	NA	NA	NA
JBHJCM010000003.1_10	14172	14543	372	1	0.688	11	GGA/GAG/AGG	NA	NA	NA	0	0	0	1	NA	NA	NA	NA	NA
JBHJCM010000003.1_11	14543	14968	426	1	0.678	11	None	GENOMAD.001478.CC	7.436e-74	243	0	0	0	1	NA	NA	NA	PF04364;COG2927;K02339	DNA polymerase III chi subunit, HolC
JBHJCM010000003.1_12	15167	18109	2943	1	0.637	11	None	NA	NA	NA	0	0	0	1	NA	NA	NA	NA	NA
JBHJCM010000003.1_13	18408	21287	2880	-1	0.624	11	GGAG/GAGG	GENOMAD.183275.CP	0.0006416	46	0	0	0	1	NA	NA	NA	PF14905;PF07715;TIGR01776;K16091;COG4206	TonB-dependent lactoferrin and transferrin receptors
JBHJCM010000003.1_14	21527	23521	1995	1	0.663	11	GGA/GAG/AGG	GENOMAD.145352.CP	6.149e-91	317	0	0	0	1	NA	NA	NA	PF00760;PF14718;K08309;COG0741	Cucumovirus coat protein; Soluble lytic murein transglycosylase L domain
JBHJCM010000003.1_15	23882	24961	1080	-1	0.594	11	GGAG/GAGG	NA	NA	NA	0	0	0	1	NA	NA	NA	NA	NA
JBHJCM010000003.1_16	25767	26207	441	-1	0.646	11	None	GENOMAD.124272.CV	1.035e-12	67	0	0	0	1246	Caudoviricetes	NA	NA	PF13420;TIGR01575;COG0456;K03825	ribosomal-protein-alanine acetyltransferase
JBHJCM010000003.1_17	26246	26701	456	-1	0.724	11	GGA/GAG/AGG	NA	NA	NA	0	0	0	1	NA	NA	NA	NA	NA
JBHJCM010000003.1_18	26724	27488	765	-1	0.668	11	GGA/GAG/AGG	GENOMAD.118667.CP	4.94e-30	122	0	0	0	1	NA	NA	NA	PF01066;K17103;COG1183	Phosphatidylserine synthase
JBHJCM010000003.1_19	27629	28030	402	1	0.701	11	GGA/GAG/AGG	GENOMAD.130275.CV	2.26e-06	48	0	0	0	1	NA	NA	NA	PF19625;PF13511	NA
JBHJCM010000003.1_20	28375	30069	1695	1	0.657	11	None	NA	NA	NA	0	0	0	1	NA	NA	NA	NA	NA
JBHJCM010000003.1_21	30213	30674	462	1	0.647	11	GGAG/GAGG	NA	NA	NA	0	0	0	1	NA	NA	NA	NA	NA
JBHJCM010000003.1_22	30730	31989	1260	-1	0.651	11	None	GENOMAD.148298.CP	2.83e-43	167	0	0	0	1	NA	NA	NA	COG2966	Uncharacterized membrane protein YjjP, DUF1212 family
JBHJCM010000003.1_23	32041	33270	1230	1	0.654	11	GGAG/GAGG	GENOMAD.124229.CP	2.31e-37	149	0	0	0	1	NA	NA	NA	COG0767	ABC-type transporter Mla maintaining outer membrane lipid asymmetry, permease component MlaE
JBHJCM010000003.1_24	33356	34198	843	1	0.675	11	GGAG/GAGG	NA	NA	NA	0	0	0	1	NA	NA	NA	NA	NA
JBHJCM010000003.1_25	34201	35127	927	1	0.650	11	GGA/GAG/AGG	GENOMAD.152533.CP	1.725e-37	146	0	0	0	1	NA	NA	NA	PF02470;PF11887;COG1463;TIGR00996;K02067	ABC-type transporter Mla maintaining outer membrane lipid asymmetry, periplasmic component MlaD
JBHJCM010000003.1_26	35124	35768	645	1	0.673	11	AGGAG/GGAGG	GENOMAD.178708.PC	3.589e-27	112	0	0	0	1	NA	NA	NA	PF03886;K18480;COG3218	ABC-type uncharacterized transport system, auxiliary component
JBHJCM010000003.1_27	36322	36921	600	-1	0.665	11	None	NA	NA	NA	0	0	0	1	NA	NA	NA	NA	NA
JBHJCM010000003.1_28	37037	38686	1650	1	0.649	11	GGAG/GAGG	GENOMAD.158774.CP	1.14e-06	54	0	0	0	1	NA	NA	NA	PF12800;K03855;COG2440;TIGR00402	Ferredoxin-like protein FixX
JBHJCM010000003.1_29	38717	39349	633	-1	0.613	11	AGGA	NA	NA	NA	0	0	0	1	NA	NA	NA	NA	NA
JBHJCM010000003.1_30	39349	40080	732	-1	0.627	11	GGAG/GAGG	NA	NA	NA	0	0	0	1	NA	NA	NA	NA	NA
JBHJCM010000003.1_31	40215	41561	1347	1	0.643	11	AGGA	NA	NA	NA	0	0	0	1	NA	NA	NA	NA	NA
JBHJCM010000003.1_32	41608	43011	1404	1	0.631	11	AGGA/GGAG/GAGG	NA	NA	NA	0	0	0	1	NA	NA	NA	NA	NA
JBHJCM010000003.1_33	43301	44467	1167	-1	0.605	11	AGGA	NA	NA	NA	0	0	0	1	NA	NA	NA	NA	NA
JBHJCM010000003.1_34	44808	45710	903	-1	0.687	11	None	NA	NA	NA	0	0	0	1	NA	NA	NA	NA	NA
JBHJCM010000003.1_35	46261	47148	888	-1	0.600	11	AGGA	NA	NA	NA	0	0	0	1	NA	NA	NA	NA	NA
JBHJCM010000003.1_36	47204	48259	1056	-1	0.614	11	GGA/GAG/AGG	GENOMAD.049396.VV	3.45e-09	61	0	0	0	15663	Prasinovirus	NA	NA	PF16363;K12450;COG1088;TIGR04180	dTDP-D-glucose 4,6-dehydratase
JBHJCM010000003.1_37	48495	49241	747	1	0.659	11	AGGA/GGAG/GAGG	NA	NA	NA	0	0	0	1	NA	NA	NA	NA	NA
JBHJCM010000003.1_38	49241	50185	945	1	0.648	11	GGA/GAG/AGG	NA	NA	NA	0	0	0	1	NA	NA	NA	NA	NA
JBHJCM010000003.1_39	50710	51813	1104	1	0.592	11	None	GENOMAD.181329.VC	0.0003533	45	0	0	0	1246	Caudoviricetes	NA	NA	K13017;TIGR03588;COG0399	UDP-4-amino-4,6-dideoxy-N-acetyl-beta-L-altrosamine transaminase
JBHJCM010000003.1_40	51798	52769	972	1	0.576	11	None	NA	NA	NA	0	0	0	1	NA	NA	NA	NA	NA
JBHJCM010000003.1_41	52766	53695	930	1	0.591	11	AGGA	NA	NA	NA	0	0	0	1	NA	NA	NA	NA	NA
JBHJCM010000003.1_42	53682	54119	438	1	0.557	11	GGA/GAG/AGG	GENOMAD.206789.PC	6.875e-06	47	0	0	0	1	NA	NA	NA	PF04138;COG2246	Putative flippase GtrA (transmembrane translocase of bactoprenol-linked glucose)
JBHJCM010000003.1_43	54214	56466	2253	1	0.591	11	None	NA	NA	NA	0	0	0	1	NA	NA	NA	NA	NA
JBHJCM010000003.1_44	56651	57514	864	-1	0.596	11	None	NA	NA	NA	0	0	0	1	NA	NA	NA	NA	NA
JBHJCM010000003.1_45	57570	58610	1041	-1	0.571	11	GGA/GAG/AGG	NA	NA	NA	0	0	0	1	NA	NA	NA	NA	NA
JBHJCM010000003.1_46	58717	61233	2517	-1	0.579	11	GGAG/GAGG	GENOMAD.130456.CP	0.0001349	48	0	0	0	1	NA	NA	NA	PF07429;TIGR02472;COG0297;K19002	sucrose-phosphate synthase, putative, glycosyltransferase domain
JBHJCM010000003.1_47	61233	63380	2148	-1	0.586	11	GGA/GAG/AGG	NA	NA	NA	0	0	0	1	NA	NA	NA	NA	NA
JBHJCM010000003.1_48	63433	64719	1287	-1	0.575	11	GGA/GAG/AGG	GENOMAD.167613.CP	7.647e-40	157	0	0	0	1	NA	NA	NA	PF14524	Wzt C-terminal domain
JBHJCM010000003.1_49	64716	65510	795	-1	0.517	11	None	NA	NA	NA	0	0	0	1	NA	NA	NA	NA	NA
JBHJCM010000003.1_50	65593	68712	3120	-1	0.610	11	GGA/GAG/AGG	NA	NA	NA	0	0	0	1	NA	NA	NA	NA	NA
JBHJCM010000003.1_51	69085	70272	1188	-1	0.644	11	GGA/GAG/AGG	GENOMAD.143010.CP	2.493e-15	81	0	0	0	1	NA	NA	NA	K01758;TIGR01328	methionine gamma-lyase
JBHJCM010000003.1_52	70372	71742	1371	-1	0.629	11	None	NA	NA	NA	0	0	0	1	NA	NA	NA	NA	NA
JBHJCM010000003.1_53	71978	72196	219	-1	0.548	11	AGGAG	NA	NA	NA	0	0	0	1	NA	NA	NA	NA	NA
JBHJCM010000003.1_54	72548	73438	891	-1	0.699	11	GGAGG	NA	NA	NA	0	0	0	1	NA	NA	NA	NA	NA
JBHJCM010000003.1_55	73435	73818	384	-1	0.659	11	None	GENOMAD.030183.CC	2.69e-45	160	0	0	0	1	NA	NA	NA	PF14346	NA
JBHJCM010000003.1_56	73917	75050	1134	1	0.629	11	GGA/GAG/AGG	GENOMAD.005978.CC	6.086e-07	54	0	0	0	1246	Caudoviricetes	T_virB11	NA	PF00437;PF05810;K07332;TIGR03819;COG4962	helicase/secretion neighborhood ATPase
JBHJCM010000003.1_57	75448	76110	663	-1	0.683	11	GGA/GAG/AGG	NA	NA	NA	0	0	0	1	NA	NA	NA	NA	NA
JBHJCM010000003.1_58	76142	77131	990	-1	0.670	11	AGGA	NA	NA	NA	0	0	0	1	NA	NA	NA	NA	NA
JBHJCM010000003.1_59	77509	78897	1389	1	0.690	11	GGAG/GAGG	NA	NA	NA	0	0	0	1	NA	NA	NA	NA	NA
JBHJCM010000003.1_60	79033	79386	354	1	0.633	11	None	NA	NA	NA	0	0	0	1	NA	NA	NA	NA	NA
JBHJCM010000003.1_61	79578	79913	336	1	0.607	11	GGA/GAG/AGG	NA	NA	NA	0	0	0	1	NA	NA	NA	NA	NA
JBHJCM010000003.1_62	80026	80700	675	-1	0.699	11	AGGA	NA	NA	NA	0	0	0	1	NA	NA	NA	NA	NA
JBHJCM010000003.1_63	80931	81413	483	1	0.660	11	None	GENOMAD.138407.CP	8.152e-74	244	0	0	0	1	NA	NA	NA	K08968;TIGR01817	NA
JBHJCM010000003.1_64	81425	81808	384	1	0.672	11	None	GENOMAD.195120.CP	1.222e-53	184	0	0	0	1	NA	NA	NA	PF04994	TfoX C-terminal domain
JBHJCM010000003.1_65	82102	82752	651	-1	0.645	11	GGAG/GAGG	NA	NA	NA	0	0	0	1	NA	NA	NA	NA	NA
JBHJCM010000003.1_66	82895	83974	1080	-1	0.649	11	GGA/GAG/AGG	NA	NA	NA	0	0	0	1	NA	NA	NA	NA	NA
JBHJCM010000003.1_67	84321	84836	516	1	0.632	11	AGGA	GENOMAD.107291.CP	1.202e-91	296	0	0	0	1	NA	NA	NA	PF07977;K01716;TIGR01749;COG4706	beta-hydroxyacyl-
JBHJCM010000003.1_68	84836	86044	1209	1	0.661	11	GGAG/GAGG	NA	NA	NA	0	0	0	1	NA	NA	NA	NA	NA
JBHJCM010000003.1_69	86322	87029	708	-1	0.645	11	AGGAG	GENOMAD.194905.PC	4.779e-12	68	0	0	0	1	NA	NA	NA	COG4991	Uncharacterized conserved protein YraI
JBHJCM010000003.1_70	87168	89192	2025	-1	0.650	11	GGAG/GAGG	NA	NA	NA	0	0	0	1	NA	NA	NA	NA	NA
JBHJCM010000003.1_71	89391	90494	1104	-1	0.672	11	None	NA	NA	NA	0	0	0	1	NA	NA	NA	NA	NA
JBHJCM010000003.1_72	90586	91044	459	1	0.704	11	None	NA	NA	NA	0	0	0	1	NA	NA	NA	NA	NA
JBHJCM010000003.1_73	91152	92936	1785	1	0.668	11	AGGAG	NA	NA	NA	0	0	0	1	NA	NA	NA	NA	NA
JBHJCM010000003.1_74	92933	94027	1095	1	0.645	11	GGxGG	GENOMAD.145955.PC	1.762e-35	142	0	0	0	1	NA	NA	NA	PF05275;COG3667;K07233	Uncharacterized protein involved in copper resistance
JBHJCM010000003.1_75	94189	94713	525	1	0.611	11	AGGAG	NA	NA	NA	0	0	0	1	NA	NA	NA	NA	NA
JBHJCM010000003.1_76	95037	95795	759	1	0.605	11	AGGA	NA	NA	NA	0	0	0	1	NA	NA	NA	NA	NA
JBHJCM010000003.1_77	95875	97767	1893	1	0.619	11	AGGA	NA	NA	NA	0	0	0	1	NA	NA	NA	NA	NA
JBHJCM010000003.1_78	97898	99037	1140	-1	0.618	11	GGA/GAG/AGG	NA	NA	NA	0	0	0	1	NA	NA	NA	NA	NA
JBHJCM010000003.1_79	99271	99744	474	-1	0.641	11	AGGAGG	GENOMAD.182887.VC	5.849e-76	250	0	0	0	1	NA	NA	NA	NA	NA
JBHJCM010000003.1_80	100095	101924	1830	-1	0.644	11	GGA/GAG/AGG	NA	NA	NA	0	0	0	1	NA	NA	NA	NA	NA
JBHJCM010000003.1_81	102130	103401	1272	1	0.697	11	GGA/GAG/AGG	GENOMAD.141361.CP	1.566e-64	230	0	0	0	1	NA	NA	NA	PF12700;TIGR01730;K02005;COG0845	HlyD family secretion protein
JBHJCM010000003.1_82	103450	104169	720	1	0.647	11	AGGA	NA	NA	NA	0	0	0	1	NA	NA	NA	NA	NA
JBHJCM010000003.1_83	104181	105482	1302	1	0.626	11	AGGAG	NA	NA	NA	0	0	0	1	NA	NA	NA	NA	NA
JBHJCM010000003.1_84	105538	106764	1227	1	0.611	11	GGA/GAG/AGG	NA	NA	NA	0	0	0	1	NA	NA	NA	NA	NA
JBHJCM010000003.1_85	106861	107295	435	1	0.657	11	GGA/GAG/AGG	NA	NA	NA	0	0	0	1	NA	NA	NA	NA	NA
JBHJCM010000003.1_86	107456	108799	1344	1	0.658	11	GGA/GAG/AGG	NA	NA	NA	0	0	0	1	NA	NA	NA	NA	NA
JBHJCM010000003.1_87	108796	110154	1359	1	0.625	11	None	NA	NA	NA	0	0	0	1	NA	NA	NA	NA	NA
JBHJCM010000003.1_88	110456	111820	1365	-1	0.656	11	GGA/GAG/AGG	NA	NA	NA	0	0	0	1	NA	NA	NA	NA	NA
JBHJCM010000003.1_89	111965	112348	384	1	0.654	11	None	NA	NA	NA	0	0	0	1	NA	NA	NA	NA	NA
JBHJCM010000003.1_90	112865	113434	570	-1	0.686	11	GGAG/GAGG	GENOMAD.196537.PC	1.269e-18	86	0	0	0	1	NA	NA	NA	PF01817;TIGR01806;COG1605	chorismate mutase, putative
JBHJCM010000003.1_91	113674	114096	423	-1	0.652	11	GGA/GAG/AGG	NA	NA	NA	0	0	0	1	NA	NA	NA	NA	NA
JBHJCM010000003.1_92	114240	115646	1407	-1	0.640	11	GGAG/GAGG	NA	NA	NA	0	0	0	1	NA	NA	NA	NA	NA
JBHJCM010000003.1_93	115789	116652	864	-1	0.617	11	GGA/GAG/AGG	NA	NA	NA	0	0	0	1	NA	NA	NA	NA	NA
JBHJCM010000003.1_94	116850	118397	1548	-1	0.649	11	AGGA	NA	NA	NA	0	0	0	1	NA	NA	NA	NA	NA
JBHJCM010000003.1_95	118445	118972	528	-1	0.678	11	GGAG/GAGG	GENOMAD.066577.CV	1.691e-81	267	0	0	0	1	NA	NA	NA	PF00213;K02113;COG0712;TIGR01145	FoF1-type ATP synthase, delta subunit
JBHJCM010000003.1_96	118976	119446	471	-1	0.622	11	GGA/GAG/AGG	GENOMAD.089560.CV	2.408e-43	156	0	0	0	1	NA	NA	NA	PF00430;TIGR03321;COG0711;K02109	alternate F1F0 ATPase, F0 subunit B
JBHJCM010000003.1_97	119561	119863	303	-1	0.660	11	GGAG/GAGG	GENOMAD.001872.CC	3.759e-06	46	0	0	0	1	NA	NA	NA	PF00137;TIGR03322;COG0636	alternate F1F0 ATPase, F0 subunit C
JBHJCM010000003.1_98	119936	120736	801	-1	0.602	11	GGA/GAG/AGG	NA	NA	NA	0	0	0	1	NA	NA	NA	NA	NA
JBHJCM010000003.1_99	120762	121127	366	-1	0.639	11	GGA/GAG/AGG	GENOMAD.038505.CC	8.192e-31	118	0	0	0	1	NA	NA	NA	PF03899;COG3312	FoF1-type ATP synthase assembly protein I
JBHJCM010000003.1_100	121650	122462	813	1	0.622	11	GGAG/GAGG	GENOMAD.210099.CP	2.203e-142	448	0	0	0	1	NA	NA	NA	PF05150;TIGR04219;COG4571	outer membrane protein
JBHJCM010000003.1_101	122615	122890	276	-1	0.681	11	GGAGG	NA	NA	NA	0	0	0	1	NA	NA	NA	NA	NA
JBHJCM010000003.1_102	122964	124787	1824	-1	0.668	11	AGGAG	NA	NA	NA	0	0	0	1	NA	NA	NA	NA	NA
JBHJCM010000003.1_103	124804	125451	648	-1	0.690	11	None	NA	NA	NA	0	0	0	1	NA	NA	NA	NA	NA
JBHJCM010000003.1_104	125448	127211	1764	-1	0.672	11	GGAG/GAGG	GENOMAD.116686.CP	1.974e-46	181	0	0	0	1	NA	NA	NA	PF00198;K09699;TIGR01349;COG0508	pyruvate dehydrogenase complex dihydrolipoamide acetyltransferase, long form
JBHJCM010000003.1_105	127341	128105	765	-1	0.678	11	GGAG/GAGG	GENOMAD.038780.CC	6.63e-23	101	0	0	0	1	NA	NA	NA	NA	NA
JBHJCM010000003.1_106	128329	128889	561	-1	0.645	11	None	NA	NA	NA	0	0	0	1	NA	NA	NA	NA	NA
JBHJCM010000003.1_107	129030	129716	687	1	0.639	11	AGGAG	GENOMAD.167222.CP	3.876e-18	86	0	0	0	1	NA	NA	NA	PF05736;K07275;COG3047;TIGR04565	Outer membrane protein W
JBHJCM010000003.1_108	129879	130487	609	1	0.430	11	GGAG/GAGG	NA	NA	NA	0	0	0	1	NA	NA	NA	NA	NA
JBHJCM010000003.1_109	131102	131659	558	-1	0.658	11	None	NA	NA	NA	0	0	0	1	NA	NA	NA	NA	NA
JBHJCM010000003.1_110	132002	133852	1851	-1	0.649	11	GGAG/GAGG	NA	NA	NA	0	0	0	1	NA	NA	NA	NA	NA
JBHJCM010000003.1_111	134266	134445	180	-1	0.561	11	AGGAG	NA	NA	NA	0	0	0	1	NA	NA	NA	NA	NA
JBHJCM010000003.1_112	135829	136245	417	1	0.549	11	GGA/GAG/AGG	NA	NA	NA	0	0	0	1	NA	NA	NA	NA	NA
JBHJCM010000003.1_113	136280	137080	801	-1	0.628	11	GGA/GAG/AGG	NA	NA	NA	0	0	0	1	NA	NA	NA	NA	NA
JBHJCM010000003.1_114	137227	137922	696	-1	0.678	11	GGAGG	NA	NA	NA	0	0	0	1	NA	NA	NA	NA	NA
JBHJCM010000003.1_115	137919	138926	1008	-1	0.678	11	None	NA	NA	NA	0	0	0	1	NA	NA	NA	NA	NA
JBHJCM010000003.1_116	139159	140055	897	-1	0.700	11	None	NA	NA	NA	0	0	0	1	NA	NA	NA	NA	NA
JBHJCM010000003.1_117	140163	140648	486	1	0.601	11	AGGAG	GENOMAD.000421.CC	1.476e-42	154	0	0	0	1	NA	NA	NA	PF04461;COG1666;K09767	Uncharacterized conserved protein YajQ, UPF0234 family
JBHJCM010000003.1_118	140787	141248	462	1	0.673	11	None	GENOMAD.091290.PP	7.334e-80	261	0	0	0	1	NA	NA	NA	NA	NA
JBHJCM010000003.1_119	141241	142977	1737	1	0.646	11	GGA/GAG/AGG	NA	NA	NA	0	0	0	1	NA	NA	NA	NA	NA
JBHJCM010000003.1_120	142964	143791	828	1	0.709	11	None	NA	NA	NA	0	0	0	1	NA	NA	NA	NA	NA
JBHJCM010000003.1_121	143948	144508	561	1	0.624	11	None	NA	NA	NA	0	0	0	1	NA	NA	NA	NA	NA
JBHJCM010000003.1_122	144917	145723	807	1	0.698	11	None	NA	NA	NA	0	0	0	1	NA	NA	NA	NA	NA
JBHJCM010000003.1_123	145972	146652	681	-1	0.689	11	None	GENOMAD.137324.CP	3.442e-07	53	0	0	0	1	NA	NA	NA	PF03031;TIGR02009;K24204;COG0241	beta-phosphoglucomutase family hydrolase
JBHJCM010000003.1_124	146649	147362	714	-1	0.664	11	GGAG/GAGG	GENOMAD.106866.CP	1.057e-17	85	0	0	0	1246	Caudoviricetes	NA	NA	COG1187	16S rRNA U516 pseudouridylate synthase RsuA and related 23S rRNA U2605, pseudouridylate synthases
JBHJCM010000003.1_125	147359	148426	1068	-1	0.687	11	None	GENOMAD.092187.CP	1.973e-62	221	0	0	0	1	NA	NA	NA	PF05175;PF08468;K00564;COG2813;TIGR03704	16S rRNA G1207 methylase RsmC
JBHJCM010000003.1_126	149515	149778	264	1	0.640	11	GGAG/GAGG	NA	NA	NA	0	0	0	1	NA	NA	NA	NA	NA
JBHJCM010000003.1_127	149817	151154	1338	-1	0.659	11	AGGA	NA	NA	NA	0	0	0	1	NA	NA	NA	NA	NA
JBHJCM010000003.1_128	151243	151551	309	-1	0.621	11	GGAG/GAGG	NA	NA	NA	0	0	0	1	NA	NA	NA	NA	NA
JBHJCM010000003.1_129	151883	153829	1947	-1	0.652	11	GGA/GAG/AGG	NA	NA	NA	0	0	0	1	NA	NA	NA	NA	NA
JBHJCM010000003.1_130	154025	154315	291	-1	0.649	11	AGGAG	NA	NA	NA	0	0	0	1	NA	NA	NA	NA	NA
JBHJCM010000003.1_131	154302	154748	447	-1	0.658	11	None	NA	NA	NA	0	0	0	1	NA	NA	NA	NA	NA
JBHJCM010000003.1_132	154998	155573	576	1	0.667	11	GGAGG	GENOMAD.213575.CP	4.769e-23	99	0	0	0	1	NA	NA	NA	PF11454;COG2372	NA
JBHJCM010000003.1_133	155807	156904	1098	-1	0.687	11	GGAGG	NA	NA	NA	0	0	0	1	NA	NA	NA	NA	NA
JBHJCM010000003.1_134	156904	158193	1290	-1	0.695	11	AGGAG	NA	NA	NA	0	0	0	1	NA	NA	NA	NA	NA
JBHJCM010000003.1_135	158342	158821	480	1	0.637	11	None	GENOMAD.140723.CP	1.946e-20	90	0	0	0	1	NA	NA	NA	PF17805;PF02295;K05800;COG1522;TIGR02702	DNA-binding transcriptional regulator, Lrp family
JBHJCM010000003.1_136	158928	159356	429	-1	0.720	11	GGA/GAG/AGG	NA	NA	NA	0	0	0	1	NA	NA	NA	NA	NA
JBHJCM010000003.1_137	159596	160060	465	1	0.684	11	GGA/GAG/AGG	NA	NA	NA	0	0	0	1	NA	NA	NA	NA	NA
JBHJCM010000003.1_138	160403	160894	492	1	0.726	11	AGGAG	GENOMAD.191334.CP	4.659e-08	54	0	0	0	1	NA	NA	NA	PF09864;COG3650	Membrane-bound inhibitor of C-type lysozyme
JBHJCM010000003.1_139	160992	161846	855	1	0.640	11	None	NA	NA	NA	0	0	0	1	NA	NA	NA	NA	NA
JBHJCM010000003.1_140	161857	163014	1158	1	0.675	11	GGA/GAG/AGG	GENOMAD.133946.CP	5.956e-40	156	0	0	0	1	NA	NA	NA	PF13677;COG1360;TIGR03350	Flagellar motor protein MotB
JBHJCM010000003.1_141	163257	163841	585	1	0.663	11	GGA/GAG/AGG	NA	NA	NA	0	0	0	1	NA	NA	NA	NA	NA
JBHJCM010000003.1_142	163850	164134	285	1	0.705	11	None	NA	NA	NA	0	0	0	1	NA	NA	NA	NA	NA
JBHJCM010000003.1_143	164567	165118	552	-1	0.654	11	GGA/GAG/AGG	NA	NA	NA	0	0	0	1	NA	NA	NA	NA	NA
JBHJCM010000003.1_144	165285	165551	267	1	0.637	11	None	NA	NA	NA	0	0	0	1	NA	NA	NA	NA	NA
JBHJCM010000003.1_145	165965	166726	762	-1	0.615	11	AGGAG	GENOMAD.129876.CP	3.172e-37	143	0	0	0	1	NA	NA	NA	K09694;COG3694	ABC-type uncharacterized transport system, permease component
JBHJCM010000003.1_146	166723	167667	945	-1	0.646	11	None	NA	NA	NA	0	0	0	1	NA	NA	NA	NA	NA
JBHJCM010000003.1_147	167944	169581	1638	-1	0.654	11	None	NA	NA	NA	0	0	0	1	NA	NA	NA	NA	NA
JBHJCM010000003.1_148	170283	170840	558	1	0.634	11	AGGA	GENOMAD.136862.CP	1.257e-16	80	0	0	0	1	NA	NA	NA	PF02469;COG2335;K19897	Uncaracterized surface protein containing fasciclin (FAS1) repeats
JBHJCM010000003.1_149	171358	172794	1437	-1	0.658	11	None	GENOMAD.195628.PC	1.066e-42	167	0	0	0	1	NA	NA	NA	PF13566;TIGR03915;K14162	probable DNA metabolism protein
JBHJCM010000003.1_150	173079	174323	1245	-1	0.634	11	None	GENOMAD.154219.PC	3.601e-126	409	0	1	0	1	NA	NA	NA	PF06412;TIGR03916;COG4277	putative DNA modification/repair radical SAM protein
JBHJCM010000003.1_151	174531	175349	819	-1	0.708	11	AGGAG	GENOMAD.153335.CP	1.779e-10	64	0	0	0	1	NA	NA	NA	PF02900;K00455;TIGR02298;COG3384	3,4-dihydroxyphenylacetate 2,3-dioxygenase
JBHJCM010000003.1_152	175716	176612	897	1	0.685	11	GGA/GAG/AGG	GENOMAD.190451.PC	2.67e-11	67	0	0	0	1	NA	NA	NA	K21698;TIGR02424;COG0583	pca operon transcription factor PcaQ
JBHJCM010000003.1_153	176844	177413	570	1	0.668	11	AGGAG	GENOMAD.136393.CP	7.96e-05	45	0	0	0	1	NA	NA	NA	PF03358;K03809;COG0655;TIGR01755	Multimeric flavodoxin WrbA
JBHJCM010000003.1_154	177552	178109	558	1	0.656	11	GGAG/GAGG	NA	NA	NA	0	0	0	1	NA	NA	NA	NA	NA
JBHJCM010000003.1_155	178054	178545	492	1	0.636	11	None	NA	NA	NA	0	0	0	1	NA	NA	NA	NA	NA
JBHJCM010000003.1_156	178925	179620	696	1	0.667	11	None	NA	NA	NA	0	0	0	1	NA	NA	NA	NA	NA
JBHJCM010000003.1_157	179734	181839	2106	1	0.652	11	GGA/GAG/AGG	GENOMAD.053052.VV	4.131e-18	92	0	0	0	1	NA	NA	NA	PF01431;K07386;COG3590	Predicted metalloendopeptidase
JBHJCM010000003.1_158	182043	182969	927	-1	0.674	11	None	GENOMAD.194137.CP	1.084e-27	117	0	0	0	1	NA	NA	NA	PF09995;COG3662	Uncharacterized conserved protein, DUF2236 family
JBHJCM010000003.1_159	183534	184133	600	1	0.623	11	AGGAG	NA	NA	NA	0	0	0	1	NA	NA	NA	NA	NA
JBHJCM010000003.1_160	184311	185906	1596	-1	0.660	11	GGA/GAG/AGG	NA	NA	NA	0	0	0	1	NA	NA	NA	NA	NA
JBHJCM010000003.1_161	186228	186599	372	-1	0.653	11	AGGA	NA	NA	NA	0	0	0	1	NA	NA	NA	NA	NA
JBHJCM010000003.1_162	186766	187542	777	-1	0.683	11	GGA/GAG/AGG	NA	NA	NA	0	0	0	1	NA	NA	NA	NA	NA
JBHJCM010000003.1_163	187539	188846	1308	-1	0.668	11	GGA/GAG/AGG	NA	NA	NA	0	0	0	1	NA	NA	NA	NA	NA
JBHJCM010000003.1_164	189155	190369	1215	1	0.686	11	GGA/GAG/AGG	NA	NA	NA	0	0	0	1	NA	NA	NA	NA	NA
JBHJCM010000003.1_165	190678	190872	195	-1	0.574	11	GGA/GAG/AGG	NA	NA	NA	0	0	0	1	NA	NA	NA	NA	NA
JBHJCM010000003.1_166	191353	191859	507	1	0.607	11	AGGAG	NA	NA	NA	0	0	0	1	NA	NA	NA	NA	NA
JBHJCM010000003.1_167	191996	192895	900	1	0.633	11	GGAG/GAGG	NA	NA	NA	0	0	0	1	NA	NA	NA	NA	NA
JBHJCM010000003.1_168	192978	193316	339	1	0.655	11	AGGAG	NA	NA	NA	0	0	0	1	NA	NA	NA	NA	NA
JBHJCM010000003.1_169	193457	194029	573	-1	0.675	11	GGAG/GAGG	NA	NA	NA	0	0	0	1	NA	NA	NA	NA	NA
JBHJCM010000003.1_170	194481	198020	3540	-1	0.644	11	None	GENOMAD.111713.CP	5.692e-29	129	0	0	0	1	NA	NA	NA	PF01739;PF20225;PF03705;K00575;COG1352;TIGR04345	Methylase of chemotaxis methyl-accepting proteins
JBHJCM010000003.1_171	198229	198609	381	1	0.617	11	GGAG/GAGG	NA	NA	NA	0	0	0	1	NA	NA	NA	NA	NA
JBHJCM010000003.1_172	198603	198845	243	-1	0.671	11	GGA/GAG/AGG	NA	NA	NA	0	0	0	1	NA	NA	NA	NA	NA
JBHJCM010000003.1_173	198842	200125	1284	-1	0.654	11	GGA/GAG/AGG	NA	NA	NA	0	0	0	1	NA	NA	NA	NA	NA
JBHJCM010000003.1_174	200660	200941	282	1	0.645	11	GGAG/GAGG	NA	NA	NA	0	0	0	1	NA	NA	NA	NA	NA
JBHJCM010000003.1_175	201233	202642	1410	1	0.640	11	AGGAG	NA	NA	NA	0	0	0	1	NA	NA	NA	NA	NA
JBHJCM010000003.1_176	202633	203655	1023	1	0.633	11	AGGAG	NA	NA	NA	0	0	0	1	NA	NA	NA	NA	NA
JBHJCM010000003.1_177	203768	203953	186	-1	0.575	11	AGGAG	NA	NA	NA	0	0	0	1	NA	NA	NA	NA	NA
JBHJCM010000003.1_178	204125	204766	642	-1	0.603	11	AGGAG	GENOMAD.195028.PC	7.169e-84	276	0	0	0	1	NA	NA	NA	PF20554	NA
JBHJCM010000003.1_179	204985	205851	867	1	0.630	11	AGGAG	NA	NA	NA	0	0	0	1	NA	NA	NA	NA	NA
JBHJCM010000003.1_180	206285	207454	1170	1	0.668	11	GGA/GAG/AGG	GENOMAD.070016.VV	8.86e-21	98	0	0	0	1246	Caudoviricetes	NA	NA	NA	NA
JBHJCM010000003.1_181	207492	208676	1185	1	0.658	11	GGAG/GAGG	NA	NA	NA	0	0	0	1	NA	NA	NA	NA	NA
JBHJCM010000003.1_182	208664	209857	1194	1	0.629	11	AGGAG	GENOMAD.067680.VV	1.378e-16	85	0	0	0	1246	Caudoviricetes	NA	NA	PF06100;TIGR00031;K20678;COG0562	UDP-galactopyranose mutase
JBHJCM010000003.1_183	209947	211098	1152	1	0.664	11	AGGA	NA	NA	NA	0	0	0	1	NA	NA	NA	NA	NA
JBHJCM010000003.1_184	211095	212870	1776	1	0.655	11	None	NA	NA	NA	0	0	0	1	NA	NA	NA	NA	NA
JBHJCM010000003.1_185	213063	213245	183	-1	0.601	11	GGAG/GAGG	GENOMAD.171588.PC	6.898e-07	46	0	0	0	1	NA	NA	NA	PF12244	NA
JBHJCM010000003.1_186	213348	213962	615	-1	0.667	11	AGGAG	GENOMAD.212919.PC	6.986e-114	362	0	0	0	1	NA	NA	NA	PF13628;K08995;COG3544	Uncharacterized conserved protein, DUF305 family
JBHJCM010000003.1_187	214231	215394	1164	1	0.631	11	AGGAG	NA	NA	NA	0	0	0	1	NA	NA	NA	NA	NA
JBHJCM010000003.1_188	215480	215662	183	-1	0.645	11	AGGA	GENOMAD.213149.PC	3.975e-05	41	0	0	0	1	NA	NA	NA	NA	NA
JBHJCM010000003.1_189	216023	216373	351	1	0.635	11	GGA/GAG/AGG	GENOMAD.168258.CV	0.0001551	42	0	0	0	1	NA	NA	NA	COG0727	Fe-S-cluster containining protein
JBHJCM010000003.1_190	216383	216604	222	1	0.658	11	GGAG/GAGG	NA	NA	NA	0	0	0	1	NA	NA	NA	NA	NA
JBHJCM010000003.1_191	216823	217035	213	-1	0.629	11	GGAG/GAGG	NA	NA	NA	0	0	0	1	NA	NA	NA	NA	NA
JBHJCM010000003.1_192	217374	218111	738	1	0.680	11	None	GENOMAD.214525.PC	1.597e-53	190	0	0	0	1	NA	NA	NA	PF11828	NA
JBHJCM010000003.1_193	218089	220779	2691	1	0.666	11	GGA/GAG/AGG	GENOMAD.207668.CP	4.329e-158	524	0	0	0	1	NA	NA	NA	NA	NA
JBHJCM010000003.1_194	220776	221447	672	1	0.677	11	None	NA	NA	NA	0	0	0	1	NA	NA	NA	NA	NA
JBHJCM010000003.1_195	221444	222109	666	1	0.682	11	None	GENOMAD.214524.PC	2.449e-24	104	0	0	0	1	NA	NA	NA	PF11445	NA
JBHJCM010000003.1_196	222445	224586	2142	-1	0.651	11	AGGAG	GENOMAD.148417.CP	1.901e-44	177	0	0	0	1246	Caudoviricetes	NA	NA	PF14905;PF07715;K16090;TIGR01783;COG4774	TonB-dependent siderophore receptor
JBHJCM010000003.1_197	224670	225938	1269	-1	0.662	11	GGAG/GAGG	GENOMAD.170120.CP	1.432e-41	162	0	0	0	1	NA	NA	NA	PF12040;PF12679;TIGR03518;COG1277	ABC-2 family transporter protein
JBHJCM010000003.1_198	225938	227374	1437	-1	0.667	11	GGAG/GAGG	GENOMAD.157881.CP	1.069e-52	197	0	0	0	1	NA	NA	NA	PF12040;PF12679;TIGR03518;COG4200	ABC-2 family transporter protein
JBHJCM010000003.1_199	227385	228107	723	-1	0.685	11	None	NA	NA	NA	0	0	0	1	NA	NA	NA	NA	NA
JBHJCM010000003.1_200	228350	229864	1515	1	0.667	11	None	GENOMAD.145507.CP	4.035e-30	129	0	0	0	1	NA	NA	NA	PF17033;COG4073;K14054;TIGR02994	Carboxypeptidase controlling helical cell shape catalytic
JBHJCM010000003.1_201	230066	230992	927	-1	0.661	11	GGAG/GAGG	GENOMAD.190451.PC	2.173e-08	58	0	0	0	1	NA	NA	NA	K21698;TIGR02424;COG0583	pca operon transcription factor PcaQ
JBHJCM010000003.1_202	231118	231519	402	1	0.669	11	GGAG/GAGG	NA	NA	NA	0	0	0	1	NA	NA	NA	NA	NA
JBHJCM010000003.1_203	231982	232719	738	1	0.615	11	AGGAG	NA	NA	NA	0	0	0	1	NA	NA	NA	NA	NA
JBHJCM010000003.1_204	233012	233797	786	1	0.672	11	None	NA	NA	NA	0	0	0	1	NA	NA	NA	NA	NA
JBHJCM010000003.1_205	233986	234912	927	-1	0.667	11	GGA/GAG/AGG	NA	NA	NA	0	0	0	1	NA	NA	NA	NA	NA
JBHJCM010000003.1_206	235045	235695	651	1	0.657	11	GGA/GAG/AGG	GENOMAD.153566.CP	1.492e-10	63	0	0	0	1	NA	NA	NA	PF02525;K01118;COG1182;TIGR02690	Flavodoxin-like fold
JBHJCM010000003.1_207	235699	235983	285	1	0.635	11	GGAGG	GENOMAD.170118.CP	2.462e-23	95	0	0	0	1	NA	NA	NA	PF02426;COG4829;TIGR03221	Muconolactone delta-isomerase
JBHJCM010000003.1_208	236051	236422	372	-1	0.680	11	GGA/GAG/AGG	GENOMAD.196044.PC	4.896e-29	113	0	0	0	1	NA	NA	NA	NA	NA
JBHJCM010000003.1_209	236477	236707	231	-1	0.641	11	None	NA	NA	NA	0	0	0	1	NA	NA	NA	NA	NA
JBHJCM010000003.1_210	236990	237172	183	-1	0.596	11	GGAG/GAGG	NA	NA	NA	0	0	0	1	NA	NA	NA	NA	NA
JBHJCM010000003.1_211	237370	237615	246	1	0.667	11	GGAG/GAGG	NA	NA	NA	0	0	0	1	NA	NA	NA	NA	NA
JBHJCM010000003.1_212	237568	239046	1479	-1	0.642	11	GGAG/GAGG	NA	NA	NA	0	0	0	1	NA	NA	NA	NA	NA
JBHJCM010000003.1_213	239309	241105	1797	-1	0.664	11	None	NA	NA	NA	0	0	0	1	NA	NA	NA	NA	NA
JBHJCM010000003.1_214	241326	241871	546	1	0.625	11	GGA/GAG/AGG	NA	NA	NA	0	0	0	1	NA	NA	NA	NA	NA
JBHJCM010000003.1_215	241902	242678	777	-1	0.629	11	None	NA	NA	NA	0	0	0	1	NA	NA	NA	NA	NA
JBHJCM010000003.1_216	242675	242887	213	-1	0.610	11	AGGAG	NA	NA	NA	0	0	0	1	NA	NA	NA	NA	NA
JBHJCM010000003.1_217	243136	244059	924	-1	0.640	11	GGAG/GAGG	NA	NA	NA	0	0	0	1	NA	NA	NA	NA	NA
JBHJCM010000003.1_218	244190	244972	783	1	0.639	11	GGAG/GAGG	NA	NA	NA	0	0	0	1	NA	NA	NA	NA	NA
JBHJCM010000003.1_219	245029	245436	408	1	0.610	11	GGA/GAG/AGG	GENOMAD.197764.PC	2.997e-64	215	0	0	0	1	NA	NA	NA	PF07080;K06893;COG3631;TIGR02096	Ketosteroid isomerase-related protein
JBHJCM010000003.1_220	246186	246845	660	1	0.592	11	GGAG/GAGG	NA	NA	NA	0	0	0	1	NA	NA	NA	NA	NA
JBHJCM010000003.1_221	247292	247453	162	-1	0.568	11	GGAG/GAGG	NA	NA	NA	0	0	0	1	NA	NA	NA	NA	NA
JBHJCM010000003.1_222	247537	247734	198	-1	0.500	11	GGA/GAG/AGG	NA	NA	NA	0	0	0	1	NA	NA	NA	NA	NA
JBHJCM010000003.1_223	247731	247850	120	-1	0.500	11	AGGA	NA	NA	NA	0	0	0	1	NA	NA	NA	NA	NA
JBHJCM010000003.1_224	248245	248724	480	1	0.650	11	None	NA	NA	NA	0	0	0	1	NA	NA	NA	NA	NA
JBHJCM010000003.1_225	248724	249020	297	1	0.640	11	None	NA	NA	NA	0	0	0	1	NA	NA	NA	NA	NA
JBHJCM010000003.1_226	249427	249882	456	1	0.592	11	None	GENOMAD.134219.VP	1.879e-60	205	0	0	1	1246	Caudoviricetes	NA	NA	PF05069;TIGR01635;COG5005	phage virion morphogenesis (putative tail completion) protein
JBHJCM010000003.1_227	250054	250878	825	1	0.458	11	None	NA	NA	NA	0	0	0	1	NA	NA	NA	NA	NA
JBHJCM010000003.1_228	252319	252552	234	1	0.585	11	None	GENOMAD.221919.VP	2.132e-17	77	0	0	0	1246	Caudoviricetes	NA	NA	PF00589	Phage integrase family
JBHJCM010000003.1_229	252966	253211	246	-1	0.630	11	GGA/GAG/AGG	NA	NA	NA	0	0	0	1	NA	NA	NA	NA	NA
JBHJCM010000003.1_230	253480	255357	1878	-1	0.612	11	GGA/GAG/AGG	GENOMAD.182050.VC	1.073e-12	74	0	0	0	1246	Caudoviricetes	NA	NA	PF12645;K03087;TIGR02997;COG0568	RNA polymerase sigma factor, cyanobacterial RpoD-like family
JBHJCM010000003.1_231	255466	255906	441	-1	0.667	11	GGA/GAG/AGG	GENOMAD.094199.CP	9.816e-32	122	0	0	0	2773	Inoviridae	NA	NA	PF02580;COG1490;TIGR00256	D-Tyr-tRNAtyr deacylase
JBHJCM010000003.1_232	256007	256921	915	1	0.692	11	None	GENOMAD.130675.CP	4.208e-17	85	0	0	0	1	NA	NA	NA	PF03279;K02517;TIGR02207;COG4261	lipid A biosynthesis lauroyl (or palmitoleoyl) acyltransferase
JBHJCM010000003.1_233	256931	257452	522	-1	0.655	11	None	NA	NA	NA	0	0	0	1	NA	NA	NA	NA	NA
JBHJCM010000003.1_234	257698	258831	1134	1	0.709	11	GGAG/GAGG	NA	NA	NA	0	0	0	1	NA	NA	NA	NA	NA
JBHJCM010000003.1_235	258937	259446	510	1	0.686	11	None	GENOMAD.145294.CP	4.45e-51	179	0	0	0	1	NA	NA	NA	COG3402	Uncharacterized membrane protein YdbS, contains bPH2 (bacterial pleckstrin homology) domain
JBHJCM010000003.1_236	259443	260948	1506	1	0.672	11	None	GENOMAD.154528.CP	9.529e-259	797	0	0	0	1	NA	NA	NA	PF03703;K08981;COG3428	Uncharacterized membrane protein YdbT, contains bPH2 (bacterial pleckstrin homology) domain
JBHJCM010000003.1_237	261109	262164	1056	-1	0.667	11	GGAG/GAGG	GENOMAD.209073.VC	9.951e-92	306	0	0	0	1	NA	NA	NA	PF04464;COG3563;TIGR00215;K18429	Capsule polysaccharide export protein KpsC/LpsZ
JBHJCM010000003.1_238	262168	262992	825	1	0.672	11	None	NA	NA	NA	0	0	0	1	NA	NA	NA	NA	NA
JBHJCM010000003.1_239	263188	264465	1278	-1	0.682	11	None	GENOMAD.167722.CP	1.049e-26	117	0	0	0	1	NA	NA	NA	NA	NA
JBHJCM010000003.1_240	264631	266352	1722	-1	0.677	11	None	GENOMAD.133902.CP	1.438e-136	447	0	0	0	1	NA	NA	NA	COG1807;K07264	4-amino-4-deoxy-L-arabinose transferase or related glycosyltransferase of PMT family
JBHJCM010000003.1_241	266401	267711	1311	-1	0.693	11	None	GENOMAD.052197.CP	2.456e-63	227	0	0	0	1246	Caudoviricetes	NA	NA	PF01189;PF01029;PF17125;K03500;TIGR00563;COG0144	16S rRNA (cytosine(967)-C(5))-methyltransferase
JBHJCM010000003.1_242	267711	268634	924	-1	0.708	11	None	GENOMAD.081094.CV	4.677e-30	124	0	0	0	1246	Caudoviricetes	NA	NA	PF00551;K03500;COG0223;TIGR00460	Methionyl-tRNA formyltransferase
JBHJCM010000003.1_243	269015	269527	513	-1	0.622	11	None	GENOMAD.120807.VC	5.537e-08	54	0	0	0	1246	Caudoviricetes	NA	NA	PF01327;PF06213;TIGR01651;COG0242;K01462	cobaltochelatase, CobT subunit
JBHJCM010000003.1_244	269695	270795	1101	1	0.650	11	None	GENOMAD.001963.CC	6.533e-13	73	0	0	0	1	NA	NA	NA	PF16538	Flagellar assembly protein T, C-terminal domain
JBHJCM010000003.1_245	270867	272012	1146	1	0.695	11	None	NA	NA	NA	0	0	0	1	NA	NA	NA	NA	NA
JBHJCM010000003.1_246	272055	272528	474	1	0.597	11	GGA/GAG/AGG	GENOMAD.003255.CC	8.34e-30	117	0	0	0	1	NA	NA	NA	PF04361;K03747;COG2922	Uncharacterized conserved protein Smg, DUF494 family
JBHJCM010000003.1_247	272569	273294	726	1	0.676	11	GGA/GAG/AGG	GENOMAD.189856.CP	0.0003219	44	0	0	0	1	NA	NA	NA	PF10947;PF02213	GYF domain
JBHJCM010000003.1_248	273336	274607	1272	1	0.689	11	GGA/GAG/AGG	GENOMAD.170827.CP	1.526e-06	53	0	0	0	1	NA	NA	NA	COG1714	Uncharacterized membrane protein YckC, RDD family
JBHJCM010000003.1_249	274790	277282	2493	1	0.645	11	None	NA	NA	NA	0	0	0	1	NA	NA	NA	NA	NA
JBHJCM010000003.1_250	277293	277856	564	1	0.723	11	GGAG/GAGG	NA	NA	NA	0	0	0	1	NA	NA	NA	NA	NA
JBHJCM010000003.1_251	278086	278862	777	1	0.699	11	None	NA	NA	NA	0	0	0	1	NA	NA	NA	NA	NA
JBHJCM010000003.1_252	278859	279536	678	1	0.695	11	None	NA	NA	NA	0	0	0	1	NA	NA	NA	NA	NA
JBHJCM010000003.1_253	279705	280481	777	-1	0.653	11	GGAG/GAGG	NA	NA	NA	0	0	0	1	NA	NA	NA	NA	NA
JBHJCM010000003.1_254	280816	281031	216	1	0.671	11	GGAG/GAGG	NA	NA	NA	0	0	0	1	NA	NA	NA	NA	NA
JBHJCM010000003.1_255	281325	283226	1902	-1	0.664	11	GGAG/GAGG	NA	NA	NA	0	0	0	1	NA	NA	NA	NA	NA
JBHJCM010000003.1_256	283311	284687	1377	-1	0.683	11	None	GENOMAD.121831.CP	2.869e-36	147	0	0	0	1246	Caudoviricetes	NA	NA	COG0534	Na+-driven multidrug efflux pump
JBHJCM010000003.1_257	284956	286122	1167	1	0.653	11	GGA/GAG/AGG	GENOMAD.124282.CP	6.32e-96	320	0	0	0	1	NA	NA	NA	COG2093	NA
JBHJCM010000003.1_258	286295	286897	603	-1	0.725	11	GGAG/GAGG	GENOMAD.012439.CC	6.764e-43	157	0	0	0	1	NA	NA	NA	PF11304	NA
JBHJCM010000003.1_259	286881	287906	1026	-1	0.733	11	GGAG/GAGG	NA	NA	NA	0	0	0	1	NA	NA	NA	NA	NA
JBHJCM010000003.1_260	288376	290598	2223	1	0.713	11	None	GENOMAD.101878.CP	2.747e-111	380	0	0	0	1246	Caudoviricetes	NA	NA	PF18074;PF00271	Primosomal protein N C-terminal domain; Helicase conserved C-terminal domain
JBHJCM010000003.1_261	290998	291633	636	-1	0.648	11	GGAG/GAGG	NA	NA	NA	0	0	0	1	NA	NA	NA	NA	NA
JBHJCM010000003.1_262	291636	292457	822	-1	0.637	11	GGAG/GAGG	NA	NA	NA	0	0	0	1	NA	NA	NA	NA	NA
JBHJCM010000003.1_263	292460	292990	531	-1	0.646	11	None	NA	NA	NA	0	0	0	1	NA	NA	NA	NA	NA
JBHJCM010000003.1_264	293109	294401	1293	1	0.694	11	GGA/GAG/AGG	NA	NA	NA	0	0	0	1	NA	NA	NA	NA	NA
JBHJCM010000003.1_265	294452	295066	615	1	0.702	11	None	NA	NA	NA	0	0	0	1	NA	NA	NA	NA	NA
JBHJCM010000003.1_266	295145	296029	885	-1	0.628	11	None	GENOMAD.182050.VC	7.264e-16	81	0	0	0	1246	Caudoviricetes	NA	NA	PF12645;K03087;TIGR02997;COG0568	RNA polymerase sigma factor, cyanobacterial RpoD-like family
JBHJCM010000003.1_267	296218	296943	726	-1	0.668	11	GGA/GAG/AGG	NA	NA	NA	0	0	0	1	NA	NA	NA	NA	NA
JBHJCM010000003.1_268	296940	297782	843	-1	0.649	11	GGAG/GAGG	NA	NA	NA	0	0	0	1	NA	NA	NA	NA	NA
JBHJCM010000003.1_269	297791	298741	951	-1	0.670	11	AGGA	GENOMAD.090188.CV	5.678e-49	180	0	0	0	1	NA	NA	NA	PF18075;PF02687;K09811;TIGR00439;COG2177	putative protein insertion permease FtsX
JBHJCM010000003.1_270	298738	299424	687	-1	0.659	11	None	NA	NA	NA	0	0	0	1	NA	NA	NA	NA	NA
JBHJCM010000003.1_271	299500	301269	1770	-1	0.682	11	None	NA	NA	NA	0	0	0	1	NA	NA	NA	NA	NA
JBHJCM010000003.1_272	301420	301761	342	1	0.632	11	AGGAG	GENOMAD.170721.VV	1.308e-05	45	0	0	0	1246	Caudoviricetes	NA	NA	PF07689;TIGR02200;COG4545;K18917	Glutaredoxin-like protein
JBHJCM010000003.1_273	301977	303851	1875	1	0.652	11	GGAG/GAGG	NA	NA	NA	0	0	0	1	NA	NA	NA	NA	NA
JBHJCM010000004.1_1	2	184	183	1	0.683	11	None	NA	NA	NA	0	0	0	1	NA	NA	NA	NA	NA
JBHJCM010000004.1_2	408	2291	1884	1	0.678	11	GGAG/GAGG	GENOMAD.190262.VC	2.478e-09	63	0	0	0	1246	Caudoviricetes	NA	NA	K01342;TIGR03921;COG1404	type VII secretion-associated serine protease mycosin
JBHJCM010000004.1_3	2421	4148	1728	1	0.633	11	GGAG/GAGG	GENOMAD.034940.CC	1.335e-18	93	0	0	0	1	NA	NA	NA	TIGR02538	type IV-A pilus assembly ATPase PilB
JBHJCM010000004.1_4	4324	5541	1218	1	0.644	11	None	GENOMAD.117243.CP	2.029e-42	164	0	0	0	1	NA	NA	NA	PF00482;K02455;TIGR02120;COG1459	type II secretion system protein F
JBHJCM010000004.1_5	5811	6242	432	1	0.639	11	AGGA	NA	NA	NA	0	0	0	1	NA	NA	NA	NA	NA
JBHJCM010000004.1_6	6252	6761	510	1	0.690	11	None	GENOMAD.168400.CP	5.087e-32	124	0	0	0	1	NA	NA	NA	PF12019;PF07379;TIGR01708;K02457;COG4970	type II secretion system protein H
JBHJCM010000004.1_7	6758	7174	417	1	0.671	11	GGA/GAG/AGG	GENOMAD.161255.CP	2.336e-68	227	0	0	0	1	NA	NA	NA	PF07379;K02458;TIGR01707;COG4967	type II secretion system protein I
JBHJCM010000004.1_8	7171	7806	636	1	0.665	11	GGA/GAG/AGG	GENOMAD.190410.CP	1.286e-29	119	0	0	0	1	NA	NA	NA	PF07379;K02459;TIGR01711;COG4795	type II secretion system protein J
JBHJCM010000004.1_9	7803	8654	852	1	0.657	11	GGxGG	GENOMAD.152488.CP	2.62e-14	76	0	0	0	1	NA	NA	NA	PF03934;COG3156;K02460;TIGR02600	Type II secretory pathway, component PulK
JBHJCM010000004.1_10	8651	9772	1122	1	0.676	11	GGAG/GAGG	GENOMAD.160484.CP	3.691e-161	508	0	0	0	1	NA	NA	NA	PF12693;PF05134;K02461;TIGR01709;COG3297	type II secretion system protein L
JBHJCM010000004.1_11	9756	10409	654	1	0.683	11	AGGAG	GENOMAD.192187.CP	8.185e-28	114	0	0	0	1	NA	NA	NA	PF04350;COG3167;K02462	Tfp pilus assembly protein PilO
JBHJCM010000004.1_12	10399	11196	798	1	0.704	11	GGAGG	NA	NA	NA	0	0	0	1	NA	NA	NA	NA	NA
JBHJCM010000004.1_13	11193	13484	2292	1	0.579	11	None	NA	NA	NA	0	0	0	1	NA	NA	NA	NA	NA
JBHJCM010000004.1_14	13556	13855	300	1	0.420	11	GGAGG	NA	NA	NA	0	0	0	1	NA	NA	NA	NA	NA
JBHJCM010000004.1_15	13986	14738	753	1	0.700	11	None	NA	NA	NA	0	0	0	1	NA	NA	NA	NA	NA
JBHJCM010000004.1_16	15212	15940	729	-1	0.661	11	None	GENOMAD.205743.CP	0.000325	44	0	0	0	1	NA	NA	NA	PF00392;COG2188;K03486;TIGR02404	DNA-binding transcriptional regulator, GntR family
JBHJCM010000004.1_17	16046	16621	576	-1	0.641	11	GGA/GAG/AGG	NA	NA	NA	0	0	0	1	NA	NA	NA	NA	NA
JBHJCM010000004.1_18	16802	18964	2163	-1	0.658	11	GGA/GAG/AGG	GENOMAD.158094.CP	3.719e-108	370	0	0	0	1	NA	NA	NA	PF14905;PF07715;K16090;TIGR01776;COG4773	TonB-dependent lactoferrin and transferrin receptors
JBHJCM010000004.1_19	18996	20153	1158	-1	0.678	11	GGAG/GAGG	GENOMAD.162212.CP	1.292e-06	53	0	0	0	1	NA	NA	NA	PF03881;K02204;TIGR00938;COG2334	homoserine kinase, Neisseria type
JBHJCM010000004.1_20	21107	21595	489	1	0.677	11	GGxGG	NA	NA	NA	0	0	0	1	NA	NA	NA	NA	NA
JBHJCM010000004.1_21	21724	22758	1035	1	0.647	11	AGGA	GENOMAD.033146.CC	8.727e-190	589	0	0	0	1	NA	NA	NA	PF11383;K20326;COG4313	Putative MetA-pathway of phenol degradation
JBHJCM010000004.1_22	22769	24676	1908	1	0.631	11	GGAG/GAGG	GENOMAD.110066.CP	9.475e-05	48	0	0	0	1	NA	NA	NA	PF05157;K02652;TIGR02538;COG2804	type IV-A pilus assembly ATPase PilB
JBHJCM010000004.1_23	24624	26021	1398	1	0.690	11	GGAG/GAGG	NA	NA	NA	0	0	0	1	NA	NA	NA	NA	NA
JBHJCM010000004.1_24	26003	26971	969	1	0.666	11	GGAG/GAGG	NA	NA	NA	0	0	0	1	NA	NA	NA	NA	NA
JBHJCM010000004.1_25	27365	28543	1179	1	0.640	11	None	NA	NA	NA	0	0	0	1	NA	NA	NA	NA	NA
JBHJCM010000004.1_26	28751	29206	456	1	0.678	11	None	GENOMAD.205619.PC	1.398e-38	142	0	0	0	1	NA	NA	NA	PF03500	Cellulose synthase subunit D
JBHJCM010000004.1_27	29235	29711	477	1	0.711	11	AGGAG	NA	NA	NA	0	0	0	1	NA	NA	NA	NA	NA
JBHJCM010000004.1_28	29796	31106	1311	1	0.645	11	AGGA	NA	NA	NA	0	0	0	1	NA	NA	NA	NA	NA
JBHJCM010000004.1_29	31128	31940	813	1	0.652	11	None	NA	NA	NA	0	0	0	1	NA	NA	NA	NA	NA
JBHJCM010000004.1_30	32090	34309	2220	1	0.666	11	GGA/GAG/AGG	GENOMAD.223208.PC	2.394e-22	106	0	0	0	1	NA	NA	NA	PF03170	Bacterial cellulose synthase subunit
JBHJCM010000004.1_31	34306	35487	1182	1	0.688	11	GGxGG	NA	NA	NA	0	0	0	1	NA	NA	NA	NA	NA
JBHJCM010000004.1_32	35469	39998	4530	1	0.696	11	GGAG/GAGG	GENOMAD.132314.CP	6.021e-115	410	0	0	0	1	NA	NA	NA	PF05420;PF12569;PF13512;TIGR02917;COG5107;K11935	Cellulose synthase operon protein C C-terminus (BCSC_C); N-terminal acetyltransferase A, auxiliary subunit; Tetratricopeptide repeat
JBHJCM010000004.1_33	40230	41888	1659	-1	0.666	11	GGAG/GAGG	NA	NA	NA	0	0	0	1	NA	NA	NA	NA	NA
JBHJCM010000004.1_34	41881	42306	426	-1	0.681	11	AGGA	NA	NA	NA	0	0	0	1	NA	NA	NA	NA	NA
JBHJCM010000004.1_35	42649	43071	423	1	0.650	11	GGA/GAG/AGG	NA	NA	NA	0	0	0	1	NA	NA	NA	NA	NA
JBHJCM010000004.1_36	43349	43864	516	1	0.612	11	AGGAG	NA	NA	NA	0	0	0	1	NA	NA	NA	NA	NA
JBHJCM010000004.1_37	44072	45016	945	-1	0.637	11	GGAGG	GENOMAD.159975.CP	1.411e-88	295	0	0	0	1	NA	NA	NA	PF02645;COG1307;TIGR00762	Fatty acid-binding protein DegV (function unknown)
JBHJCM010000004.1_38	45496	46311	816	1	0.618	11	GGAG/GAGG	NA	NA	NA	0	0	0	1	NA	NA	NA	NA	NA
JBHJCM010000004.1_39	46750	48294	1545	-1	0.645	11	None	NA	NA	NA	0	0	0	1	NA	NA	NA	NA	NA
JBHJCM010000004.1_40	48660	48929	270	-1	0.656	11	None	GENOMAD.216367.VC	4.14e-16	74	0	0	0	1	NA	NA	NA	PF02893;COG4687	GRAM domain
JBHJCM010000004.1_41	49288	50568	1281	-1	0.678	11	AGGAG	GENOMAD.124521.CP	1.477e-67	239	0	0	0	1	NA	NA	NA	COG1228;TIGR03178;K01468	Imidazolonepropionase or related amidohydrolase
JBHJCM010000004.1_42	50565	51974	1410	-1	0.664	11	GGA/GAG/AGG	GENOMAD.104542.CP	8.526e-53	197	0	0	0	1	NA	NA	NA	COG0804;TIGR01792;K12960	Urease alpha subunit
JBHJCM010000004.1_43	52114	52674	561	1	0.611	11	GGA/GAG/AGG	NA	NA	NA	0	0	0	1	NA	NA	NA	NA	NA
JBHJCM010000004.1_44	52829	53698	870	-1	0.669	11	AGGA	NA	NA	NA	0	0	0	1	NA	NA	NA	NA	NA
JBHJCM010000004.1_45	53897	54823	927	-1	0.670	11	None	GENOMAD.115269.CP	5.137e-26	112	0	0	0	1	NA	NA	NA	PF01722;PF04908;COG5007;TIGR00365;K05527	Acid stress-induced BolA-like protein IbaG/YrbA, predicted regulator of iron metabolism
JBHJCM010000004.1_46	54884	55660	777	1	0.712	11	None	NA	NA	NA	0	0	0	1	NA	NA	NA	NA	NA
JBHJCM010000004.1_47	55807	56478	672	-1	0.674	11	None	NA	NA	NA	0	0	0	1	NA	NA	NA	NA	NA
JBHJCM010000004.1_48	56927	57577	651	-1	0.653	11	None	GENOMAD.190945.CP	2.646e-05	47	0	0	0	1	NA	NA	NA	PF17182;COG2755;K09795	OSK domain
JBHJCM010000004.1_49	57577	58848	1272	-1	0.671	11	None	GENOMAD.099160.CP	5.183e-09	61	0	0	0	1	NA	NA	NA	PF12897;TIGR03542;K08969;COG1168	LL-diaminopimelate aminotransferase
JBHJCM010000004.1_50	59002	60093	1092	1	0.677	11	None	GENOMAD.125774.CP	2.735e-46	174	0	0	0	1	NA	NA	NA	PF03193;PF16745;K06949;TIGR00157;COG1162	ribosome small subunit-dependent GTPase A
JBHJCM010000004.1_51	60093	61355	1263	1	0.660	11	GGxGG	GENOMAD.182562.CP	9.819e-218	674	0	0	0	1	NA	NA	NA	PF08014;COG3930;TIGR02421	conserved hypothetical protein
JBHJCM010000004.1_52	61647	62327	681	1	0.626	11	GGAG/GAGG	NA	NA	NA	0	0	0	1	NA	NA	NA	NA	NA
JBHJCM010000004.1_53	62513	64432	1920	-1	0.648	11	None	NA	NA	NA	0	0	0	1	NA	NA	NA	NA	NA
JBHJCM010000004.1_54	64467	65276	810	-1	0.633	11	None	GENOMAD.136547.CP	6.684e-76	256	0	0	0	1	NA	NA	NA	PF14905;PF07715;K16090;TIGR01776;COG4774	TonB-dependent lactoferrin and transferrin receptors
JBHJCM010000004.1_55	65273	66931	1659	-1	0.665	11	GGA/GAG/AGG	GENOMAD.136547.CP	1.926e-132	434	0	0	0	1	NA	NA	NA	PF14905;PF07715;K16090;TIGR01776;COG4774	TonB-dependent lactoferrin and transferrin receptors
JBHJCM010000004.1_56	67198	68523	1326	1	0.656	11	GGA/GAG/AGG	GENOMAD.152654.CP	1.143e-08	60	0	0	0	1	NA	NA	NF012174	PF03825;K16211;TIGR00792;COG2211	sugar (Glycoside-Pentoside-Hexuronide) transporter
JBHJCM010000004.1_57	68718	69749	1032	-1	0.670	11	None	NA	NA	NA	0	0	0	1	NA	NA	NA	NA	NA
JBHJCM010000004.1_58	69995	70735	741	-1	0.648	11	AGGAG	NA	NA	NA	0	0	0	1	NA	NA	NA	NA	NA
JBHJCM010000004.1_59	70854	72182	1329	-1	0.633	11	AGGA	GENOMAD.189690.PC	1.423e-101	339	0	0	0	1	NA	NA	NA	COG2851	Mg2+/citrate symporter
JBHJCM010000004.1_60	72409	73602	1194	-1	0.642	11	GGAGG	NA	NA	NA	0	0	0	1	NA	NA	NA	NA	NA
JBHJCM010000004.1_61	73858	74559	702	1	0.657	11	None	NA	NA	NA	0	0	0	1	NA	NA	NA	NA	NA
JBHJCM010000004.1_62	74552	75937	1386	1	0.689	11	GGAG/GAGG	GENOMAD.169710.PC	1.014e-29	127	0	0	0	1	NA	NA	NA	PF08521	Two-component sensor kinase N-terminal
JBHJCM010000004.1_63	75937	76986	1050	1	0.695	11	GGAGG	GENOMAD.192709.PC	6.815e-64	225	0	0	0	1	NA	NA	NA	PF13531;TIGR03261;K02012;COG1840	putative 2-aminoethylphosphonate ABC transporter, periplasmic 2-aminoethylphosphonate-binding protein
JBHJCM010000004.1_64	77196	77834	639	1	0.657	11	None	NA	NA	NA	0	0	0	1	NA	NA	NA	NA	NA
JBHJCM010000004.1_65	78059	78442	384	-1	0.674	11	GGA/GAG/AGG	GENOMAD.197162.PC	1.317e-36	135	0	0	0	1	NA	NA	NA	PF11512	Agrobacterium tumefaciens protein Atu4866
JBHJCM010000004.1_66	78439	78984	546	-1	0.670	11	GGAG/GAGG	GENOMAD.207447.PC	5.959e-26	107	0	0	0	1	NA	NA	NA	PF20409;K06893;COG4308;TIGR02096	SnoaL-like domain
JBHJCM010000004.1_67	79001	80071	1071	-1	0.661	11	GGAG/GAGG	NA	NA	NA	0	0	0	1	NA	NA	NA	NA	NA
JBHJCM010000004.1_68	80321	81223	903	1	0.652	11	None	NA	NA	NA	0	0	0	1	NA	NA	NA	NA	NA
JBHJCM010000004.1_69	81215	81994	780	-1	0.633	11	AGGAG	NA	NA	NA	0	0	0	1	NA	NA	NA	NA	NA
JBHJCM010000004.1_70	81991	83313	1323	-1	0.642	11	GGAGG	NA	NA	NA	0	0	0	1	NA	NA	NA	NA	NA
JBHJCM010000004.1_71	83648	86293	2646	-1	0.683	11	None	GENOMAD.166313.CP	2.976e-36	152	0	0	0	1	NA	NA	NA	PF02743;K17060	Cache domain
JBHJCM010000004.1_72	86658	87830	1173	-1	0.654	11	None	GENOMAD.177447.CP	2.898e-11	68	0	0	0	1246	Caudoviricetes	NA	NA	PF07396;PF05736;K07221;COG3746	Phosphate-selective porin O and P; OprF membrane domain
JBHJCM010000004.1_73	88114	89487	1374	1	0.647	11	GGAG/GAGG	NA	NA	NA	0	0	0	1	NA	NA	NA	NA	NA
JBHJCM010000004.1_74	89684	91993	2310	1	0.655	11	None	GENOMAD.127123.CP	0.0004914	46	0	0	0	1246	Caudoviricetes	NA	NA	NA	NA
JBHJCM010000004.1_75	92354	95716	3363	-1	0.654	11	AGGAG	GENOMAD.145622.CP	5.195e-261	835	0	0	0	1246	Caudoviricetes	NA	NA	PF07971;PF17678;TIGR01180;COG3537	alpha-1,2-mannosidase, putative
JBHJCM010000004.1_76	96030	96227	198	1	0.677	11	None	GENOMAD.009130.CC	1.367e-23	94	0	0	0	1	NA	NA	NA	PF10276;COG4391	Uncharacterized conserved protein, contains Zn-finger domain
JBHJCM010000004.1_77	96238	97350	1113	1	0.697	11	None	GENOMAD.129448.CP	1.994e-28	121	0	0	0	1	NA	NA	NA	PF20471;TIGR03088;K19002;COG0297	sugar transferase, PEP-CTERM/EpsH1 system associated
JBHJCM010000004.1_78	97331	98662	1332	1	0.683	11	None	GENOMAD.145379.CP	9.518e-221	684	0	0	0	1	NA	NA	NA	K16705	NA
JBHJCM010000004.1_79	98755	99675	921	-1	0.648	11	None	GENOMAD.123560.CP	1.021e-19	93	0	0	0	1	NA	NA	NA	PF03279;K02517;TIGR02208;COG1560	lipid A biosynthesis (KDO)2-(lauroyl)-lipid IVA acyltransferase
JBHJCM010000004.1_80	99968	101284	1317	1	0.663	11	None	GENOMAD.043073.CC	0.0002296	46	0	0	0	1	NA	NA	NA	PF04413;K02527	3-Deoxy-D-manno-octulosonic-acid transferase (kdotransferase)
JBHJCM010000004.1_81	101559	102941	1383	-1	0.654	11	AGGA	GENOMAD.126996.CP	2.248e-30	129	0	0	0	1	NA	NA	NA	PF02321;K12538;TIGR01844;COG1538	type I secretion outer membrane protein, TolC family
JBHJCM010000004.1_82	102962	103618	657	-1	0.667	11	GGA/GAG/AGG	GENOMAD.127063.CP	9.011e-27	111	0	0	0	1	NA	NA	NA	PF01135;TIGR04364;COG2518	methyltransferase, FxLD system
JBHJCM010000004.1_83	103747	104400	654	-1	0.642	11	None	GENOMAD.116548.CP	2.249e-124	393	0	0	0	1	NA	NA	NA	PF13022;PF14246;K18301;TIGR03384;COG3226	transcriptional repressor BetI
JBHJCM010000004.1_84	104669	107620	2952	1	0.684	11	None	GENOMAD.140631.CP	2.014e-05	51	0	0	0	1	NA	NA	NA	PF19193;K19693;COG3292	Periplasmic ligand-binding sensor domain
JBHJCM010000004.1_85	107863	108747	885	-1	0.676	11	AGGA	NA	NA	NA	0	0	0	1	NA	NA	NA	NA	NA
JBHJCM010000004.1_86	108868	110316	1449	1	0.660	11	GGA/GAG/AGG	GENOMAD.120831.CP	8.452e-83	286	0	0	0	1	NA	NA	NA	PF00330;K01702;TIGR00170;COG0065	3-isopropylmalate dehydratase, large subunit
JBHJCM010000004.1_87	110398	111045	648	1	0.625	11	None	GENOMAD.120765.CP	2.267e-22	98	0	0	0	1	NA	NA	NA	PF00694;K01704;COG0066;TIGR00171	3-isopropylmalate dehydratase small subunit
JBHJCM010000004.1_88	111136	112209	1074	1	0.639	11	GGAG/GAGG	NA	NA	NA	0	0	0	1	NA	NA	NA	NA	NA
JBHJCM010000004.1_89	112554	114116	1563	-1	0.642	11	AGGAG	GENOMAD.126256.CP	9.039e-10	64	0	0	0	1	NA	NA	NA	PF00682;TIGR00970;COG0119;K15742	2-isopropylmalate synthase, yeast type
JBHJCM010000004.1_90	114113	115183	1071	-1	0.681	11	GGAG/GAGG	GENOMAD.178810.CP	4.65e-06	51	0	0	0	1	NA	NA	NA	PF19465;PF00135;K01753;TIGR02035;COG3048	D-serine ammonia-lyase
JBHJCM010000004.1_91	115307	115564	258	-1	0.651	11	AGGAG	GENOMAD.177562.CP	9.933e-44	153	0	0	0	1	NA	NA	NA	PF13291;K11258;TIGR00119;COG0440	acetolactate synthase, small subunit
JBHJCM010000004.1_92	115548	117269	1722	-1	0.667	11	GGA/GAG/AGG	NA	NA	NA	0	0	0	1	NA	NA	NA	NA	NA
JBHJCM010000004.1_93	117313	118314	1002	-1	0.628	11	AGGA	NA	NA	NA	0	0	0	1	NA	NA	NA	NA	NA
JBHJCM010000004.1_94	118966	120675	1710	1	0.661	11	GGA/GAG/AGG	NA	NA	NA	0	0	0	1	NA	NA	NA	NA	NA
JBHJCM010000004.1_95	120754	122592	1839	1	0.694	11	AGGAG	NA	NA	NA	0	0	0	1	NA	NA	NA	NA	NA
JBHJCM010000004.1_96	122856	125627	2772	-1	0.609	11	None	NA	NA	NA	0	0	0	1	NA	NA	NA	NA	NA
JBHJCM010000004.1_97	126247	128124	1878	1	0.634	11	AGGA	GENOMAD.121487.CP	7.733e-15	81	0	0	0	1	NA	NA	NA	NA	NA
JBHJCM010000004.1_98	128550	130889	2340	1	0.662	11	None	NA	NA	NA	0	0	0	1	NA	NA	NA	NA	NA
JBHJCM010000004.1_99	131000	131893	894	1	0.629	11	AGxAGG/AGGxGG	NA	NA	NA	0	0	0	1	NA	NA	NA	NA	NA
JBHJCM010000004.1_100	131942	134785	2844	1	0.624	11	GGAG/GAGG	NA	NA	NA	0	0	0	1	NA	NA	NA	NA	NA
JBHJCM010000004.1_101	135202	136317	1116	-1	0.677	11	GGA/GAG/AGG	NA	NA	NA	0	0	0	1	NA	NA	NA	NA	NA
JBHJCM010000004.1_102	136464	137000	537	-1	0.618	11	GGAG/GAGG	NA	NA	NA	0	0	0	1	NA	NA	NA	NA	NA
JBHJCM010000004.1_103	137198	137680	483	1	0.660	11	AGGA	NA	NA	NA	0	0	0	1	NA	NA	NA	NA	NA
JBHJCM010000004.1_104	137968	139995	2028	-1	0.634	11	GGAGG	GENOMAD.088363.CV	5e-324	996	0	0	0	1246	Caudoviricetes	NA	NA	K15987;COG3808	Na+ or H+-translocating membrane pyrophosphatase
JBHJCM010000004.1_105	140247	140771	525	1	0.640	11	AGGAG	NA	NA	NA	0	0	0	1	NA	NA	NA	NA	NA
JBHJCM010000004.1_106	140933	142285	1353	-1	0.585	11	AGGA	NA	NA	NA	0	0	0	1	NA	NA	NA	NA	NA
JBHJCM010000004.1_107	142282	142860	579	-1	0.518	11	AGGA	NA	NA	NA	0	0	0	1	NA	NA	NA	NA	NA
JBHJCM010000004.1_108	143891	145063	1173	-1	0.598	11	None	GENOMAD.022765.PP	9.795e-203	629	0	1	0	1	NA	T_virB6	NA	K03201;COG3704	Type IV secretory pathway, VirB6 components
JBHJCM010000004.1_109	145068	146417	1350	-1	0.584	11	None	NA	NA	NA	0	0	0	1	NA	NA	NA	NA	NA
JBHJCM010000004.1_110	146414	146998	585	-1	0.491	11	AGGA	NA	NA	NA	0	0	0	1	NA	NA	NA	NA	NA
JBHJCM010000004.1_111	147938	149122	1185	-1	0.583	11	None	GENOMAD.022765.PP	2.853e-201	625	0	1	0	1	NA	T_virB6	NA	K03201;COG3704	Type IV secretory pathway, VirB6 components
JBHJCM010000004.1_112	149125	150474	1350	-1	0.602	11	GGA/GAG/AGG	NA	NA	NA	0	0	0	1	NA	NA	NA	NA	NA
JBHJCM010000004.1_113	150471	151055	585	-1	0.487	11	AGGA	NA	NA	NA	0	0	0	1	NA	NA	NA	NA	NA
JBHJCM010000004.1_114	152144	153262	1119	-1	0.612	11	GGA/GAG/AGG	GENOMAD.022765.PP	7.992e-205	634	0	1	0	1	NA	T_virB6	NA	K03201;COG3704	Type IV secretory pathway, VirB6 components
JBHJCM010000004.1_115	153310	153684	375	-1	0.517	11	None	GENOMAD.043515.PP	6.48e-59	199	0	1	0	1	NA	B_traI	NA	PF13605;TIGR02791;COG5314;K03200	P-type DNA transfer protein VirB5
JBHJCM010000004.1_116	153803	154072	270	-1	0.570	11	GGA/GAG/AGG	GENOMAD.043515.PP	1.372e-34	127	0	1	0	1	NA	B_traI	NA	PF13605;TIGR02791;COG5314;K03200	P-type DNA transfer protein VirB5
JBHJCM010000004.1_117	154644	155900	1257	-1	0.657	11	AGGAG/GGAGG	NA	NA	NA	0	0	0	1	NA	NA	NA	NA	NA
JBHJCM010000004.1_118	156060	156623	564	1	0.656	11	GGAG/GAGG	NA	NA	NA	0	0	0	1	NA	NA	NA	NA	NA
JBHJCM010000004.1_119	156976	158343	1368	1	0.669	11	None	GENOMAD.089563.CP	6.496e-47	179	1	0	0	1	NA	NA	NA	PF08245;PF02875;K01924;TIGR01082;COG0773	UDP-N-acetylmuramate--L-alanine ligase
JBHJCM010000004.1_120	158343	158939	597	1	0.648	11	None	GENOMAD.000566.CC	7.523e-31	122	0	0	0	1	NA	NA	NA	PF02190;K07157;COG0466;TIGR00763	ATP-dependent Lon protease, bacterial type
JBHJCM010000004.1_121	159219	160103	885	1	0.616	11	GGAG/GAGG	NA	NA	NA	0	0	0	1	NA	NA	NA	NA	NA
JBHJCM010000004.1_122	160515	162602	2088	-1	0.672	11	None	GENOMAD.133581.CP	9.344e-15	81	0	0	0	1	NA	NA	NA	PF09335;K03975;COG0586	Uncharacterized membrane protein DedA, SNARE-associated domain
JBHJCM010000004.1_123	162685	163413	729	1	0.686	11	GGAG/GAGG	GENOMAD.142991.CP	9.82e-112	358	0	0	0	1	NA	NA	NA	PF01633;COG2112;K13419;TIGR03724	Predicted Ser/Thr protein kinase
JBHJCM010000004.1_124	163538	164353	816	1	0.659	11	None	NA	NA	NA	0	0	0	1	NA	NA	NA	NA	NA
JBHJCM010000004.1_125	164494	165366	873	-1	0.647	11	None	NA	NA	NA	0	0	0	1	NA	NA	NA	NA	NA
JBHJCM010000004.1_126	165439	166665	1227	1	0.679	11	None	NA	NA	NA	0	0	0	1	NA	NA	NA	NA	NA
JBHJCM010000004.1_127	166851	167468	618	-1	0.672	11	GGA/GAG/AGG	GENOMAD.146405.CP	2.342e-39	147	0	0	0	1	NA	NA	NA	PF12689;K20866;TIGR01656;COG0241	histidinol-phosphate phosphatase family domain
JBHJCM010000004.1_128	167754	170000	2247	1	0.628	11	GGA/GAG/AGG	GENOMAD.179607.CP	2.446e-78	282	0	0	0	1	NA	NA	NA	K16091;COG4206	Outer membrane cobalamin receptor protein
JBHJCM010000004.1_129	170070	171677	1608	1	0.636	11	GGA/GAG/AGG	NA	NA	NA	0	0	0	1	NA	NA	NA	NA	NA
JBHJCM010000004.1_130	171674	172099	426	1	0.655	11	GGAGG	GENOMAD.132779.CP	5.256e-09	56	0	0	0	1	NA	NA	NA	PF09086;K00406;COG2010;TIGR04494	Cytochrome c, mono- and diheme variants
JBHJCM010000004.1_131	172124	172627	504	1	0.619	11	AGGA	GENOMAD.146177.CP	1.26e-55	192	0	0	0	1	NA	NA	NA	PF01042;COG0251;TIGR00004;K09021	Enamine deaminase RidA, house cleaning of reactive enamine intermediates, YjgF/YER057c/UK114 family
JBHJCM010000004.1_132	172658	173860	1203	1	0.647	11	GGAGG	NA	NA	NA	0	0	0	1	NA	NA	NA	NA	NA
JBHJCM010000004.1_133	174071	174520	450	1	0.613	11	AGGAG	GENOMAD.130165.CV	2.289e-57	196	0	0	0	1	NA	NA	NA	PF13473;COG3241;TIGR02695;K02638	Azurin
JBHJCM010000004.1_134	174454	174591	138	-1	0.623	11	GGA/GAG/AGG	NA	NA	NA	0	0	0	1	NA	NA	NA	NA	NA
JBHJCM010000004.1_135	174603	177374	2772	-1	0.669	11	None	GENOMAD.154381.CP	1.915e-33	143	0	0	0	1	NA	NA	NA	PF09820;K03556;COG2909;TIGR02928	ATP-, maltotriose- and DNA-dependent transcriptional regulator MalT
JBHJCM010000004.1_136	178240	179529	1290	-1	0.674	11	AGGA	GENOMAD.118353.CP	5.597e-28	121	0	0	0	1	NA	NA	NA	NA	NA
JBHJCM010000004.1_137	179832	183014	3183	1	0.631	11	GGAG/GAGG	GENOMAD.125907.CP	1.41e-208	679	0	0	0	1	NA	NA	NA	PF14905;PF07715;TIGR01783;COG4771;K19611	TonB-dependent siderophore receptor
JBHJCM010000004.1_138	183853	184491	639	-1	0.687	11	GGA/GAG/AGG	NA	NA	NA	0	0	0	1	NA	NA	NA	NA	NA
JBHJCM010000004.1_139	184515	184754	240	1	0.625	11	None	GENOMAD.022030.CC	4.124e-05	42	0	0	0	1	NA	NA	NA	PF00301;COG1773;K05297	Rubredoxin
JBHJCM010000004.1_140	184899	185744	846	-1	0.663	11	None	GENOMAD.001272.CC	9.669e-33	131	0	0	0	1	NA	NA	NA	PF13369;COG2912	Regulator of sirC expression, contains transglutaminase-like and TPR domains
JBHJCM010000004.1_141	185949	186362	414	-1	0.650	11	None	NA	NA	NA	0	0	0	1	NA	NA	NA	NA	NA
JBHJCM010000004.1_142	186561	187208	648	-1	0.659	11	GGA/GAG/AGG	NA	NA	NA	0	0	0	1	NA	NA	NA	NA	NA
JBHJCM010000004.1_143	187306	187782	477	-1	0.616	11	None	GENOMAD.115277.CP	8.48e-39	143	0	0	0	1	NA	NA	NA	PF01878;COG2947	Predicted RNA-binding protein, contains PUA-like domain
JBHJCM010000004.1_144	187779	188369	591	-1	0.702	11	GGA/GAG/AGG	NA	NA	NA	0	0	0	1	NA	NA	NA	NA	NA
JBHJCM010000004.1_145	188976	189275	300	-1	0.617	11	GGAG/GAGG	GENOMAD.001146.CC	4.378e-12	63	0	0	0	1	NA	NA	NA	PF05164;K09888;COG3027	Cell division protein ZapA, inhibits GTPase activity of FtsZ
JBHJCM010000004.1_146	189272	189493	222	-1	0.662	11	None	GENOMAD.004052.CC	1.41e-19	83	0	0	0	1	NA	NA	NA	PF06005;TIGR02449;COG3074	TIGR02449 family protein
JBHJCM010000004.1_147	189728	190270	543	1	0.681	11	GGA/GAG/AGG	GENOMAD.111615.CP	8.698e-40	147	0	0	0	1	NA	NA	NA	PF03695;K09895;COG3079;TIGR02292	Uncharacterized conserved protein YgfB, UPF0149 family
JBHJCM010000004.1_148	190279	191607	1329	1	0.657	11	None	GENOMAD.120563.CP	5.641e-09	61	0	0	0	1	NA	NA	NA	PF00557;K01271;COG0006;TIGR02993	Xaa-Pro aminopeptidase
JBHJCM010000004.1_149	191770	192168	399	-1	0.679	11	GGA/GAG/AGG	NA	NA	NA	0	0	0	1	NA	NA	NA	NA	NA
JBHJCM010000004.1_150	192282	193607	1326	-1	0.662	11	GGA/GAG/AGG	GENOMAD.191002.CP	1.774e-55	204	0	0	0	1	NA	NA	NA	PF05195	Putative metallopeptidase
JBHJCM010000004.1_151	193815	194162	348	-1	0.678	11	GGAG/GAGG	GENOMAD.013799.CC	3.799e-52	179	0	0	0	1	NA	NA	NA	PF16823;COG3215;TIGR02266	Tfp pilus assembly protein PilZ
JBHJCM010000004.1_152	194159	196582	2424	-1	0.684	11	GGA/GAG/AGG	GENOMAD.107195.CP	1.456e-138	463	0	0	0	1	NA	NA	NA	NA	NA
JBHJCM010000004.1_153	196881	198038	1158	-1	0.654	11	None	NA	NA	NA	0	0	0	1	NA	NA	NA	NA	NA
JBHJCM010000004.1_154	198054	198653	600	-1	0.660	11	GGAG/GAGG	NA	NA	NA	0	0	0	1	NA	NA	NA	NA	NA
JBHJCM010000004.1_155	198650	198955	306	-1	0.660	11	None	GENOMAD.178375.CP	5.833e-10	57	0	0	0	1	NA	NA	NA	PF18029;COG3324;TIGR03081;K08234	Predicted enzyme related to lactoylglutathione lyase
JBHJCM010000004.1_156	199039	199764	726	-1	0.675	11	GGA/GAG/AGG	GENOMAD.067591.CV	7.554e-97	315	0	0	0	1246	Caudoviricetes	NA	NA	PF01138;PF03725;K00989;TIGR01966;COG0689	ribonuclease PH
JBHJCM010000004.1_157	199874	200734	861	1	0.666	11	GGA/GAG/AGG	GENOMAD.073106.CV	2.823e-85	284	0	0	0	1246	Caudoviricetes	NA	NA	PF03755;PF08340;TIGR00255;COG1561	TIGR00255 family protein
JBHJCM010000004.1_158	200886	201497	612	1	0.668	11	None	NA	NA	NA	0	0	0	1	NA	NA	NA	NA	NA
JBHJCM010000004.1_159	201758	202057	300	1	0.630	11	GGAG/GAGG	GENOMAD.093361.CV	3.28e-07	49	0	0	0	1	NA	NA	NA	PF01192;COG1758;TIGR00690;K03060	DNA-directed RNA polymerase, subunit K/omega
JBHJCM010000004.1_160	202185	204356	2172	1	0.648	11	None	NA	NA	NA	0	0	0	1	NA	NA	NA	NA	NA
JBHJCM010000004.1_161	204436	204816	381	1	0.651	11	GGAG/GAGG	GENOMAD.150994.CP	4.04e-06	47	0	0	0	1	NA	NA	NA	PF01042;TIGR03610;COG0251;K09021	pyrimidine utilization protein C
JBHJCM010000004.1_162	204837	206990	2154	1	0.677	11	None	NA	NA	NA	0	0	0	1	NA	NA	NA	NA	NA
JBHJCM010000004.1_163	207113	208051	939	1	0.676	11	None	NA	NA	NA	0	0	0	1	NA	NA	NA	NA	NA
JBHJCM010000004.1_164	208123	208365	243	1	0.539	11	None	NA	NA	NA	0	0	0	1	NA	NA	NA	NA	NA
JBHJCM010000004.1_165	208595	209884	1290	1	0.609	11	AGGAG	GENOMAD.123376.CP	7.419e-68	240	0	0	0	1	NA	NA	NA	PF00285;TIGR01798;COG0372;K01659	citrate synthase I (hexameric type)
JBHJCM010000004.1_166	210132	210782	651	-1	0.668	11	GGAG/GAGG	GENOMAD.004530.CC	8.439e-27	111	0	0	0	1	NA	NA	NA	PF14091;COG2413;K07073	Predicted nucleotidyltransferase
JBHJCM010000004.1_167	211091	213517	2427	-1	0.656	11	GGA/GAG/AGG	NA	NA	NA	0	0	0	1	NA	NA	NA	NA	NA
JBHJCM010000004.1_168	213730	214788	1059	1	0.630	11	GGAG/GAGG	GENOMAD.000156.CC	3.67e-63	223	0	0	0	1	NA	NA	NA	PF11104;TIGR01175;COG4972;K02662	type IV pilus assembly protein PilM
JBHJCM010000004.1_169	214788	215570	783	1	0.641	11	AGGAG	GENOMAD.000823.CC	3.859e-49	178	0	0	0	1	NA	NA	NA	PF12693;K02663;COG3166	Tfp pilus assembly protein PilN
JBHJCM010000004.1_170	215567	216232	666	1	0.604	11	AGGAGG	GENOMAD.000893.CC	6.149e-54	190	0	0	0	1	NA	NA	NA	PF04350;K23985;COG3167	Tfp pilus assembly protein PilO
JBHJCM010000004.1_171	216229	216762	534	1	0.633	11	GGA/GAG/AGG	GENOMAD.002097.CC	1.064e-70	236	0	0	0	1	NA	NA	NA	PF04351;K02665;COG3168	Tfp pilus assembly protein PilP
JBHJCM010000004.1_172	216782	218731	1950	1	0.599	11	GGA/GAG/AGG	GENOMAD.070464.CC	9.999e-28	123	0	0	0	1	NA	NA	NA	NA	NA
JBHJCM010000004.1_173	219169	220188	1020	1	0.665	11	None	NA	NA	NA	0	0	0	1	NA	NA	NA	NA	NA
JBHJCM010000004.1_174	220242	221171	930	1	0.698	11	None	GENOMAD.123116.CP	1.935e-07	55	0	0	0	1	NA	NA	NA	PF01882;PF05753;COG1721	Uncharacterized conserved protein, DUF58 family, contains vWF domain
JBHJCM010000004.1_175	221174	221635	462	1	0.703	11	GGAG/GAGG	GENOMAD.128916.CP	7.863e-46	163	0	0	0	1	NA	NA	NA	PF14316	NA
JBHJCM010000004.1_176	221632	222648	1017	1	0.663	11	None	NA	NA	NA	0	0	0	1	NA	NA	NA	NA	NA
JBHJCM010000004.1_177	222636	224453	1818	1	0.670	11	GGAGG	GENOMAD.127016.CP	3.22e-07	56	0	0	0	1	NA	NA	NA	PF10516;TIGR03302;COG4455	outer membrane assembly lipoprotein YfiO
JBHJCM010000004.1_178	224450	226198	1749	1	0.683	11	GGA/GAG/AGG	GENOMAD.097040.CP	5.788e-27	120	0	0	0	1	NA	NA	NA	NA	NA
JBHJCM010000004.1_179	227024	228304	1281	1	0.643	11	GGA/GAG/AGG	NA	NA	NA	0	0	0	1	NA	NA	NA	NA	NA
JBHJCM010000004.1_180	228510	230510	2001	1	0.648	11	None	NA	NA	NA	0	0	0	1	NA	NA	NA	NA	NA
JBHJCM010000004.1_181	231230	233413	2184	1	0.627	11	GGAG/GAGG	GENOMAD.130354.CP	7.365e-116	393	0	0	0	1	NA	NA	NA	PF14905;PF07715;K16088;COG4773;TIGR01776	Outer membrane receptor for ferric coprogen and ferric-rhodotorulic acid
JBHJCM010000004.1_182	233883	234602	720	-1	0.650	11	AGGA	NA	NA	NA	0	0	0	1	NA	NA	NA	NA	NA
JBHJCM010000004.1_183	234605	235612	1008	-1	0.644	11	GGA/GAG/AGG	NA	NA	NA	0	0	0	1	NA	NA	NA	NA	NA
JBHJCM010000004.1_184	235914	237896	1983	-1	0.628	11	None	GENOMAD.152082.CP	2.881e-13	76	0	0	0	1	NA	NA	NA	PF00593;PF07715;PF00691;TIGR01782;COG4773;K16089	TonB-dependent receptor
JBHJCM010000004.1_185	237839	238627	789	-1	0.625	11	GGA/GAG/AGG	NA	NA	NA	0	0	0	1	NA	NA	NA	NA	NA
JBHJCM010000004.1_186	238750	239925	1176	-1	0.637	11	None	GENOMAD.208454.PC	4.076e-82	280	0	0	0	1	NA	NA	NA	PF16670	Phosphoinositide phospholipase C, Ca2+-dependent
JBHJCM010000004.1_187	240061	242058	1998	-1	0.655	11	GGA/GAG/AGG	NA	NA	NA	0	0	0	1	NA	NA	NA	NA	NA
JBHJCM010000004.1_188	242183	242548	366	1	0.639	11	GGA/GAG/AGG	NA	NA	NA	0	0	0	1	NA	NA	NA	NA	NA
JBHJCM010000004.1_189	242538	242996	459	1	0.651	11	AGGAG	NA	NA	NA	0	0	0	1	NA	NA	NA	NA	NA
JBHJCM010000004.1_190	243015	243836	822	1	0.657	11	None	GENOMAD.136404.CP	7.344e-09	59	0	0	0	1	NA	NA	NA	PF03544;TIGR01352	TonB family C-terminal domain
JBHJCM010000004.1_191	243833	244417	585	1	0.674	11	None	NA	NA	NA	0	0	0	1	NA	NA	NA	NA	NA
JBHJCM010000004.1_192	244515	245129	615	-1	0.663	11	GGAG/GAGG	NA	NA	NA	0	0	0	1	NA	NA	NA	NA	NA
JBHJCM010000004.1_193	245129	245815	687	-1	0.693	11	None	NA	NA	NA	0	0	0	1	NA	NA	NA	NA	NA
JBHJCM010000004.1_194	245832	246608	777	-1	0.659	11	AGGAG	GENOMAD.132251.CP	3.054e-26	111	0	0	0	1	NA	NA	NA	NA	NA
JBHJCM010000004.1_195	246684	247508	825	-1	0.653	11	GGAG/GAGG	GENOMAD.124145.CP	0.0004253	44	0	0	0	1	NA	NA	NF033105	PF19583;TIGR04559;K20257;COG0426	quinoprotein relay system zinc metallohydrolase 2
JBHJCM010000004.1_196	247522	248295	774	-1	0.694	11	None	NA	NA	NA	0	0	0	1	NA	NA	NA	NA	NA
JBHJCM010000004.1_197	248554	249168	615	-1	0.633	11	None	GENOMAD.167534.CP	2.263e-15	77	0	0	0	1	NA	NA	NA	PF16961;K07275;COG3047;TIGR04565	Outer membrane protein W
JBHJCM010000004.1_198	249286	249909	624	-1	0.644	11	GGA/GAG/AGG	GENOMAD.167222.CP	5.067e-30	120	0	0	0	1	NA	NA	NA	PF05736;K07275;COG3047;TIGR04565	Outer membrane protein W
JBHJCM010000004.1_199	250196	250717	522	-1	0.640	11	GGAG/GAGG	GENOMAD.208558.PC	6.029e-07	51	0	0	0	1	NA	NA	NA	PF08332;TIGR02246;COG4875;K10533	conserved hypothetical protein
JBHJCM010000004.1_200	251182	252183	1002	1	0.617	11	AGGAG	NA	NA	NA	0	0	0	1	NA	NA	NA	NA	NA
JBHJCM010000004.1_201	252393	252863	471	1	0.584	11	GGA/GAG/AGG	NA	NA	NA	0	0	0	1	NA	NA	NA	NA	NA
JBHJCM010000004.1_202	253436	255889	2454	1	0.678	11	None	GENOMAD.003280.CC	0.0	1211	0	0	0	1	NA	NA	NA	COG5373	NA
JBHJCM010000004.1_203	255886	257244	1359	1	0.702	11	GGAG/GAGG	GENOMAD.022838.CC	9.504e-133	430	0	0	0	1	NA	NA	NA	PF13163	NA
JBHJCM010000004.1_204	257561	258736	1176	1	0.667	11	GGA/GAG/AGG	NA	NA	NA	0	0	0	1	NA	NA	NA	NA	NA
JBHJCM010000004.1_205	258733	259377	645	1	0.667	11	GGA/GAG/AGG	GENOMAD.151287.CP	0.0002398	44	0	0	0	1	NA	NA	NA	PF13419;COG0637;TIGR01449;K01091	Beta-phosphoglucomutase or related phosphatase, HAD superfamily
JBHJCM010000004.1_206	259636	261102	1467	1	0.651	11	GGAGG	NA	NA	NA	0	0	0	1	NA	NA	NA	NA	NA
JBHJCM010000004.1_207	261665	262669	1005	1	0.627	11	AGGA	NA	NA	NA	0	0	0	1	NA	NA	NA	NA	NA
JBHJCM010000004.1_208	262885	263424	540	-1	0.630	11	None	NA	NA	NA	0	0	0	1	NA	NA	NA	NA	NA
JBHJCM010000004.1_209	263621	264127	507	-1	0.669	11	GGAG/GAGG	GENOMAD.161143.CP	1.176e-05	47	0	0	0	1	NA	NA	NA	PF02544;TIGR04571;COG4094	lipid A Kdo2 1-phosphate O-methyltransferase
JBHJCM010000004.1_210	264424	265383	960	-1	0.678	11	GGAG/GAGG	NA	NA	NA	0	0	0	1	NA	NA	NA	NA	NA
JBHJCM010000004.1_211	265400	266602	1203	-1	0.731	11	AGGA/GGAG/GAGG	NA	NA	NA	0	0	0	1	NA	NA	NA	NA	NA
JBHJCM010000004.1_212	266766	267749	984	1	0.685	11	GGA/GAG/AGG	NA	NA	NA	0	0	0	1	NA	NA	NA	NA	NA
JBHJCM010000004.1_213	267758	267937	180	1	0.711	11	GGA/GAG/AGG	NA	NA	NA	0	0	0	1	NA	NA	NA	NA	NA
JBHJCM010000004.1_214	268881	270116	1236	-1	0.659	11	GGA/GAG/AGG	GENOMAD.178893.CP	5.046e-05	48	0	0	0	1	NA	NA	NA	PF15714;K20962;COG1956	GAF domain-containing protein, putative methionine-R-sulfoxide reductase
JBHJCM010000004.1_215	270381	270818	438	1	0.671	11	None	GENOMAD.072167.PP	1.499e-05	46	0	0	0	1	NA	NA	NA	PF11162	NA
JBHJCM010000004.1_216	270989	273016	2028	1	0.663	11	GGA/GAG/AGG	GENOMAD.127342.CP	2.34e-23	109	0	0	0	1	NA	NA	NA	PF11854;PF07715;TIGR01776;COG4773;K16090	TonB-dependent lactoferrin and transferrin receptors
JBHJCM010000004.1_217	273016	274617	1602	1	0.675	11	GGAG/GAGG	GENOMAD.154339.CP	1.45e-69	249	0	0	0	1	NA	NA	NA	PF03929;COG3182;K03863	PepSY-associated TM region
JBHJCM010000004.1_218	274744	275469	726	-1	0.642	11	GGA/GAG/AGG	NA	NA	NA	0	0	0	1	NA	NA	NA	NA	NA
JBHJCM010000004.1_219	275466	277172	1707	-1	0.664	11	None	NA	NA	NA	0	0	0	1	NA	NA	NA	NA	NA
JBHJCM010000004.1_220	277289	279136	1848	-1	0.690	11	GGA/GAG/AGG	GENOMAD.148123.CP	2.55e-13	76	0	0	0	1	NA	NA	NA	PF08021;COG0543;TIGR02911;K11933	NAD(P)H-flavin reductase
JBHJCM010000004.1_221	279316	280224	909	1	0.664	11	None	NA	NA	NA	0	0	0	1	NA	NA	NA	NA	NA
JBHJCM010000004.1_222	280224	282200	1977	1	0.655	11	GGAG/GAGG	NA	NA	NA	0	0	0	1	NA	NA	NA	NA	NA
JBHJCM010000004.1_223	282602	283672	1071	1	0.679	11	AGGA	NA	NA	NA	0	0	0	1	NA	NA	NA	NA	NA
JBHJCM010000004.1_224	283669	286794	3126	1	0.652	11	GGA/GAG/AGG	NA	NA	NA	0	0	0	1	NA	NA	NA	NA	NA
JBHJCM010000004.1_225	286961	288043	1083	-1	0.531	11	GGA/GAG/AGG	NA	NA	NA	0	0	0	1	NA	NA	NA	NA	NA
JBHJCM010000004.1_226	288498	289280	783	-1	0.623	11	None	GENOMAD.082990.PP	7.213e-80	267	0	0	0	1	NA	NA	NA	NA	NA
JBHJCM010000005.1_1	226	1437	1212	-1	0.643	11	GGA/GAG/AGG	NA	NA	NA	0	0	0	1	NA	NA	NA	NA	NA
JBHJCM010000005.1_2	1682	2782	1101	1	0.667	11	None	GENOMAD.146476.CP	4.612e-67	235	0	0	0	1	NA	NA	NA	PF04307;K07038;COG1988	LexA-binding, inner membrane-associated putative hydrolase
JBHJCM010000005.1_3	2776	3603	828	-1	0.650	11	GGAG/GAGG	GENOMAD.158493.CP	0.0004285	44	0	0	0	1	NA	NA	NA	PF03269;K20082;COG2227;TIGR02072	Caenorhabditis protein of unknown function, DUF268
JBHJCM010000005.1_4	3632	4630	999	-1	0.665	11	None	NA	NA	NA	0	0	0	1	NA	NA	NA	NA	NA
JBHJCM010000005.1_5	4738	7080	2343	-1	0.632	11	GGA/GAG/AGG	NA	NA	NA	0	0	0	1	NA	NA	NA	NA	NA
JBHJCM010000005.1_6	7607	8557	951	-1	0.679	11	GGA/GAG/AGG	NA	NA	NA	0	0	0	1	NA	NA	NA	NA	NA
JBHJCM010000005.1_7	8648	9946	1299	-1	0.644	11	GGA/GAG/AGG	NA	NA	NA	0	0	0	1	NA	NA	NA	NA	NA
JBHJCM010000005.1_8	10858	11826	969	1	0.667	11	GGAG/GAGG	NA	NA	NA	0	0	0	1	NA	NA	NA	NA	NA
JBHJCM010000005.1_9	11983	12228	246	1	0.614	11	None	GENOMAD.197521.CP	4.478e-05	42	0	0	0	1	NA	NA	NA	PF10636;COG4256	Hemin uptake protein HemP
JBHJCM010000005.1_10	12475	14706	2232	1	0.638	11	GGA/GAG/AGG	GENOMAD.134173.CP	3.107e-64	239	0	0	0	1	NA	NA	NA	PF14905;PF07715;K16087;TIGR01776;COG4206	TonB-dependent lactoferrin and transferrin receptors
JBHJCM010000005.1_11	15382	16305	924	1	0.645	11	GGA/GAG/AGG	GENOMAD.015156.CC	4.576e-70	241	0	0	0	1	NA	NA	NA	PF20311	NA
JBHJCM010000005.1_12	16432	16785	354	-1	0.613	11	None	GENOMAD.141125.CP	2.289e-50	174	0	0	0	1	NA	NA	NA	PF04342;COG3169;K09922	Uncharacterized conserved protein, DUF486 family
JBHJCM010000005.1_13	16865	17749	885	-1	0.697	11	GGAG/GAGG	NA	NA	NA	0	0	0	1	NA	NA	NA	NA	NA
JBHJCM010000005.1_14	17746	18579	834	-1	0.658	11	GGAG/GAGG	NA	NA	NA	0	0	0	1	NA	NA	NA	NA	NA
JBHJCM010000005.1_15	18583	19629	1047	-1	0.643	11	GGAG/GAGG	GENOMAD.194675.PC	4.06e-71	246	0	0	0	1	NA	NA	NA	PF13379;TIGR03427;COG4521;K15553	ABC transporter periplasmic binding protein, urea carboxylase region
JBHJCM010000005.1_16	19670	20587	918	-1	0.647	11	GGAG/GAGG	GENOMAD.168562.CP	1.436e-05	49	0	0	0	1	NA	NA	NA	PF02668;K03119;COG2175;TIGR02409	Taurine catabolism dioxygenase TauD, TfdA family
JBHJCM010000005.1_17	20836	23319	2484	-1	0.690	11	None	GENOMAD.142740.CP	4.212e-187	606	0	0	0	1	NA	NA	NA	PF02687;PF12704;COG3127;TIGR03434;K09813	Predicted ABC-type transport system involved in lysophospholipase L1 biosynthesis, permease component
JBHJCM010000005.1_18	23316	23921	606	-1	0.705	11	None	NA	NA	NA	0	0	0	1	NA	NA	NA	NA	NA
JBHJCM010000005.1_19	24040	24693	654	1	0.677	11	GGAG/GAGG	NA	NA	NA	0	0	0	1	NA	NA	NA	NA	NA
JBHJCM010000005.1_20	24785	25498	714	1	0.646	11	GGAG/GAGG	NA	NA	NA	0	0	0	1	NA	NA	NA	NA	NA
JBHJCM010000005.1_21	25641	26912	1272	1	0.655	11	GGA/GAG/AGG	NA	NA	NA	0	0	0	1	NA	NA	NA	NA	NA
JBHJCM010000005.1_22	27330	28031	702	-1	0.654	11	GGA/GAG/AGG	NA	NA	NA	0	0	0	1	NA	NA	NA	NA	NA
JBHJCM010000005.1_23	28213	28593	381	1	0.648	11	AGGA/GGAG/GAGG	GENOMAD.136345.CP	4.697e-14	70	0	0	0	1	NA	NA	NA	PF01219;COG0818;K00887	Diacylglycerol kinase
JBHJCM010000005.1_24	28690	29328	639	1	0.615	11	GGA/GAG/AGG	NA	NA	NA	0	0	0	1	NA	NA	NA	NA	NA
JBHJCM010000005.1_25	29673	30560	888	1	0.711	11	AGGAG	NA	NA	NA	0	0	0	1	NA	NA	NA	NA	NA
JBHJCM010000005.1_26	30560	31051	492	1	0.691	11	GGAG/GAGG	GENOMAD.158059.CP	1.016e-20	91	0	0	0	1	NA	NA	NA	PF17174;COG3762	Uncharacterized membrane protein YgcG, contains a TPM-fold domain
JBHJCM010000005.1_27	31106	31996	891	1	0.634	11	None	GENOMAD.126817.CP	3.974e-22	100	0	0	0	1	NA	NA	NA	PF01790;K13292;TIGR00544;COG0682	prolipoprotein diacylglyceryl transferase
JBHJCM010000005.1_28	31993	32787	795	1	0.628	11	GGAGG	GENOMAD.030736.VV	1.762e-12	70	0	0	0	1246	Caudoviricetes	NA	NA	PF00303;COG0207;TIGR03284;K00560	Thymidylate synthase
JBHJCM010000005.1_29	32841	33128	288	1	0.566	11	None	NA	NA	NA	0	0	0	1	NA	NA	NA	NA	NA
JBHJCM010000005.1_30	33125	33619	495	1	0.663	11	None	NA	NA	NA	0	0	0	1	NA	NA	NA	NA	NA
JBHJCM010000005.1_31	33671	34627	957	-1	0.674	11	GGAG/GAGG	GENOMAD.083577.VV	0.0005643	44	0	0	0	1246	Caudoviricetes	NA	NA	K07314;TIGR00668	bis(5'-nucleosyl)-tetraphosphatase (symmetrical)
JBHJCM010000005.1_32	34656	35039	384	-1	0.651	11	None	GENOMAD.000805.CC	1.522e-18	83	0	0	0	1	NA	NA	NA	PF04379;COG2967	Uncharacterized protein affecting Mg2+/Co2+ transport
JBHJCM010000005.1_33	35076	35864	789	-1	0.662	11	None	NA	NA	NA	0	0	0	1	NA	NA	NA	NA	NA
JBHJCM010000005.1_34	35982	36950	969	-1	0.687	11	GGA/GAG/AGG	GENOMAD.132496.CP	8.115e-90	299	0	0	0	1	NA	NA	NA	PF04166;K00097;COG1995;TIGR00557	4-hydroxy-L-threonine phosphate dehydrogenase PdxA
JBHJCM010000005.1_35	36973	38364	1392	-1	0.656	11	None	GENOMAD.000379.CC	3.639e-26	116	0	0	0	1	NA	NA	NA	PF09312;K03771;TIGR04142;COG0760	putative peptidyl-prolyl cis-trans isomerase, LIC12922 family
JBHJCM010000005.1_36	38361	40730	2370	-1	0.630	11	None	GENOMAD.105365.CP	5.545e-107	369	0	0	0	1	NA	NA	NA	K04744;COG1452	LPS assembly outer membrane protein LptD (organic solvent tolerance protein OstA)
JBHJCM010000005.1_37	40919	41827	909	-1	0.685	11	GGA/GAG/AGG	NA	NA	NA	0	0	0	1	NA	NA	NA	NA	NA
JBHJCM010000005.1_38	41866	42423	558	-1	0.699	11	None	NA	NA	NA	0	0	0	1	NA	NA	NA	NA	NA
JBHJCM010000005.1_39	42427	43005	579	-1	0.667	11	None	NA	NA	NA	0	0	0	1	NA	NA	NA	NA	NA
JBHJCM010000005.1_40	43346	44554	1209	1	0.701	11	None	GENOMAD.129930.CP	9.866e-14	76	0	0	0	1	NA	NA	NA	NA	NA
JBHJCM010000005.1_41	44551	45732	1182	1	0.692	11	GGAG/GAGG	GENOMAD.129930.CP	3.081e-28	121	0	0	0	1	NA	NA	NA	NA	NA
JBHJCM010000005.1_42	45860	46582	723	1	0.675	11	None	GENOMAD.145475.CP	7.356e-05	46	0	0	0	1	NA	NA	NA	PF06342;K08680;TIGR03695;COG1647	2-succinyl-6-hydroxy-2,4-cyclohexadiene-1-carboxylate synthase
JBHJCM010000005.1_43	46685	47116	432	1	0.674	11	GGAG/GAGG	GENOMAD.195820.PC	1.258e-27	110	0	0	0	1	NA	NA	NA	PF00866;TIGR03231;COG5517;K16320	anthranilate 1,2-dioxygenase, small subunit
JBHJCM010000005.1_44	47465	48298	834	1	0.596	11	None	GENOMAD.189522.PC	5.232e-162	505	0	0	0	1	NA	NA	NA	PF13557;COG4313	Putative MetA-pathway of phenol degradation
JBHJCM010000005.1_45	48465	49130	666	-1	0.665	11	GGA/GAG/AGG	NA	NA	NA	0	0	0	1	NA	NA	NA	NA	NA
JBHJCM010000005.1_46	49373	50269	897	1	0.657	11	AGGAG	GENOMAD.172148.PC	1.622e-88	294	0	0	0	1	NA	NA	NA	PF02900;K04101;TIGR02298;COG3384	Catalytic LigB subunit of aromatic ring-opening dioxygenase
JBHJCM010000005.1_47	50280	50639	360	1	0.600	11	AGGAG	GENOMAD.195792.PC	2.821e-65	217	0	0	0	1	NA	NA	NA	PF07746;TIGR02792;K04100	protocatechuate 4,5-dioxygenase, alpha subunit
JBHJCM010000005.1_48	50706	51707	1002	1	0.671	11	GGA/GAG/AGG	NA	NA	NA	0	0	0	1	NA	NA	NA	NA	NA
JBHJCM010000005.1_49	51885	53363	1479	-1	0.656	11	None	NA	NA	NA	0	0	0	1	NA	NA	NA	NA	NA
JBHJCM010000005.1_50	53567	55036	1470	-1	0.667	11	AGGAGG	NA	NA	NA	0	0	0	1	NA	NA	NA	NA	NA
JBHJCM010000005.1_51	55120	55947	828	-1	0.638	11	AGGAG	NA	NA	NA	0	0	0	1	NA	NA	NA	NA	NA
JBHJCM010000005.1_52	55993	56466	474	-1	0.690	11	GGA/GAG/AGG	NA	NA	NA	0	0	0	1	NA	NA	NA	NA	NA
JBHJCM010000005.1_53	56604	56909	306	-1	0.647	11	None	GENOMAD.181899.CV	7.134e-08	51	0	0	0	1	NA	NA	NA	PF13405	EF-hand domain
JBHJCM010000005.1_54	57214	57936	723	-1	0.627	11	GGAGG	NA	NA	NA	0	0	0	1	NA	NA	NA	NA	NA
JBHJCM010000005.1_55	58018	58923	906	-1	0.655	11	GGAG/GAGG	NA	NA	NA	0	0	0	1	NA	NA	NA	NA	NA
JBHJCM010000005.1_56	59047	60156	1110	1	0.633	11	AGGAG	NA	NA	NA	0	0	0	1	NA	NA	NA	NA	NA
JBHJCM010000005.1_57	60654	61697	1044	-1	0.661	11	GGA/GAG/AGG	GENOMAD.114416.CP	1.171e-125	404	0	0	0	1	NA	NA	NA	PF18125;PF03269;K06968;COG2933;TIGR01177	23S rRNA C2498 (ribose-2'-O)-methylase RlmM
JBHJCM010000005.1_58	61737	62297	561	-1	0.681	11	None	NA	NA	NA	0	0	0	1	NA	NA	NA	NA	NA
JBHJCM010000005.1_59	62297	62713	417	-1	0.667	11	GGAG/GAGG	NA	NA	NA	0	0	0	1	NA	NA	NA	NA	NA
JBHJCM010000005.1_60	63344	64273	930	-1	0.674	11	GGAG/GAGG	GENOMAD.177755.PC	4.668e-32	130	0	0	0	1	NA	NA	NA	COG5006;K03298	Threonine/homoserine efflux transporter RhtA
JBHJCM010000005.1_61	64657	66396	1740	-1	0.647	11	None	NA	NA	NA	0	0	0	1	NA	NA	NA	NA	NA
JBHJCM010000005.1_62	66813	67454	642	1	0.679	11	AGGA/GGAG/GAGG	NA	NA	NA	0	0	0	1	NA	NA	NA	NA	NA
JBHJCM010000005.1_63	67456	67686	231	1	0.658	11	GGA/GAG/AGG	GENOMAD.016641.CC	2.753e-29	111	0	0	0	1	NA	NA	NA	PF09413	Putative prokaryotic signal transducing protein
JBHJCM010000005.1_64	67781	68245	465	-1	0.652	11	None	NA	NA	NA	0	0	0	1	NA	NA	NA	NA	NA
JBHJCM010000005.1_65	68242	70152	1911	-1	0.658	11	GGA/GAG/AGG	GENOMAD.154050.CP	0.0003862	46	0	0	0	1	NA	NA	NA	COG3920;K19622	Two-component sensor histidine kinase, HisKA and HATPase domains
JBHJCM010000005.1_66	70149	70856	708	-1	0.692	11	GGA/GAG/AGG	NA	NA	NA	0	0	0	1	NA	NA	NA	NA	NA
JBHJCM010000005.1_67	70981	71496	516	1	0.643	11	GGAG/GAGG	GENOMAD.208558.PC	5.766e-07	51	0	0	0	1	NA	NA	NA	PF08332;TIGR02246;COG4875;K10533	conserved hypothetical protein
JBHJCM010000005.1_68	71592	72242	651	1	0.630	11	GGAG/GAGG	NA	NA	NA	0	0	0	1	NA	NA	NA	NA	NA
JBHJCM010000005.1_69	72659	73228	570	-1	0.647	11	None	NA	NA	NA	0	0	0	1	NA	NA	NA	NA	NA
JBHJCM010000005.1_70	73584	74552	969	-1	0.654	11	GGA/GAG/AGG	NA	NA	NA	0	0	0	1	NA	NA	NA	NA	NA
JBHJCM010000005.1_71	74604	75044	441	-1	0.678	11	AGGAG	GENOMAD.158252.CP	1.559e-26	107	0	0	0	1	NA	NA	NA	PF01272;PF14760;COG0782;TIGR01461	Transcription elongation factor, GreA/GreB family
JBHJCM010000005.1_72	75542	76483	942	-1	0.631	11	GGA/GAG/AGG	NA	NA	NA	0	0	0	1	NA	NA	NA	NA	NA
JBHJCM010000005.1_73	76575	78167	1593	-1	0.650	11	AGGAG	NA	NA	NA	0	0	0	1	NA	NA	NA	NA	NA
JBHJCM010000005.1_74	78354	78917	564	-1	0.612	11	GGAG/GAGG	NA	NA	NA	0	0	0	1	NA	NA	NA	NA	NA
JBHJCM010000005.1_75	79120	79980	861	1	0.708	11	GGA/GAG/AGG	GENOMAD.000115.CC	9.319e-10	62	0	0	0	1	NA	NA	NA	PF17827;TIGR00536;COG2890	PrmC N-terminal domain
JBHJCM010000005.1_76	80215	81156	942	1	0.650	11	AGGA	NA	NA	NA	0	0	0	1	NA	NA	NA	NA	NA
JBHJCM010000005.1_77	81365	82150	786	-1	0.688	11	GGA/GAG/AGG	GENOMAD.171214.CP	2.103e-67	231	0	0	0	1	NA	NA	NA	PF05013;COG3931;TIGR02017;K01458	Predicted N-formylglutamate amidohydrolase
JBHJCM010000005.1_78	82143	82694	552	-1	0.650	11	GGA/GAG/AGG	NA	NA	NA	0	0	0	1	NA	NA	NA	NA	NA
JBHJCM010000005.1_79	82691	83677	987	-1	0.683	11	None	GENOMAD.119108.VC	1.663e-05	49	0	0	1	2156	Autographiviridae	NA	NA	PF09293;TIGR00593;K23786;COG0258	DNA polymerase I
JBHJCM010000005.1_80	83674	84249	576	-1	0.700	11	None	GENOMAD.134026.CP	1.391e-29	118	0	0	0	1	NA	NA	NA	PF14512;COG3560;TIGR03553;K19286	Fatty acid repression mutant protein (predicted oxidoreductase)
JBHJCM010000005.1_81	84830	87187	2358	1	0.668	11	GGAG/GAGG	GENOMAD.112718.CP	7.009e-192	618	0	0	0	1	NA	NA	NA	PF07793	NA
JBHJCM010000005.1_82	87334	88431	1098	1	0.690	11	GGAG/GAGG	NA	NA	NA	0	0	0	1	NA	NA	NA	NA	NA
JBHJCM010000005.1_83	88834	89169	336	-1	0.670	11	GGA/GAG/AGG	GENOMAD.145856.CV	7e-44	155	0	0	0	1	NA	NA	NA	NA	NA
JBHJCM010000005.1_84	89331	89681	351	-1	0.724	11	GGAG/GAGG	NA	NA	NA	0	0	0	1	NA	NA	NA	NA	NA
JBHJCM010000005.1_85	89678	90241	564	-1	0.661	11	GGA/GAG/AGG	NA	NA	NA	0	0	0	1	NA	NA	NA	NA	NA
JBHJCM010000005.1_86	90365	90670	306	1	0.621	11	GGAG/GAGG	NA	NA	NA	0	0	0	1	NA	NA	NA	NA	NA
JBHJCM010000005.1_87	90667	92124	1458	1	0.654	11	GGA/GAG/AGG	NA	NA	NA	0	0	0	1	NA	NA	NA	NA	NA
JBHJCM010000005.1_88	92690	93109	420	-1	0.707	11	AGGAG	NA	NA	NA	0	0	0	1	NA	NA	NA	NA	NA
JBHJCM010000005.1_89	93296	93850	555	1	0.638	11	None	NA	NA	NA	0	0	0	1	NA	NA	NA	NA	NA
JBHJCM010000005.1_90	93915	95000	1086	1	0.665	11	AGGA	NA	NA	NA	0	0	0	1	NA	NA	NA	NA	NA
JBHJCM010000005.1_91	95308	97041	1734	1	0.675	11	GGA/GAG/AGG	NA	NA	NA	0	0	0	1	NA	NA	NA	NA	NA
JBHJCM010000005.1_92	97300	98709	1410	1	0.685	11	AGGA	NA	NA	NA	0	0	0	1	NA	NA	NA	NA	NA
JBHJCM010000005.1_93	99052	100749	1698	1	0.681	11	GGAGG	NA	NA	NA	0	0	0	1	NA	NA	NA	NA	NA
JBHJCM010000005.1_94	100948	101421	474	-1	0.654	11	None	NA	NA	NA	0	0	0	1	NA	NA	NA	NA	NA
JBHJCM010000005.1_95	101426	101911	486	-1	0.593	11	AGGA	NA	NA	NA	0	0	0	1	NA	NA	NA	NA	NA
JBHJCM010000005.1_96	102420	103640	1221	1	0.635	11	GGAG/GAGG	NA	NA	NA	0	0	0	1	NA	NA	NA	NA	NA
JBHJCM010000005.1_97	103863	104192	330	-1	0.712	11	GGA/GAG/AGG	GENOMAD.041684.CC	3.497e-42	150	0	0	0	1	NA	NA	NA	PF09842;COG3308	Predicted membrane protein (DUF2069)
JBHJCM010000005.1_98	104204	104800	597	-1	0.695	11	AGxAGG/AGGxGG	NA	NA	NA	0	0	0	1	NA	NA	NA	NA	NA
JBHJCM010000005.1_99	104912	106189	1278	1	0.658	11	None	GENOMAD.133044.CP	5.805e-30	127	0	0	0	1	NA	NA	NA	PF03631;TIGR00765;COG1295;K07058	YihY family inner membrane protein
JBHJCM010000005.1_100	106186	106797	612	1	0.693	11	GGAG/GAGG	NA	NA	NA	0	0	0	1	NA	NA	NA	NA	NA
JBHJCM010000005.1_101	106797	107063	267	1	0.723	11	AGxAGG/AGGxGG	NA	NA	NA	0	0	0	1	NA	NA	NA	NA	NA
JBHJCM010000005.1_102	107149	108378	1230	1	0.691	11	GGA/GAG/AGG	NA	NA	NA	0	0	0	1	NA	NA	NA	NA	NA
JBHJCM010000005.1_103	108360	109142	783	-1	0.645	11	GGA/GAG/AGG	GENOMAD.107364.VV	2.186e-34	135	0	0	0	1	NA	NA	NA	PF03976;K22468;TIGR03709;COG2326	polyphosphate:nucleotide phosphotransferase, PPK2 family
JBHJCM010000005.1_104	109175	109693	519	-1	0.661	11	GGA/GAG/AGG	GENOMAD.116561.CP	4.813e-34	130	0	0	0	1	NA	NA	NA	PF00994;K03638;COG0521;TIGR00177	Molybdopterin biosynthesis enzyme MoaB
JBHJCM010000005.1_105	110096	111802	1707	-1	0.671	11	GGA/GAG/AGG	NA	NA	NA	0	0	0	1	NA	NA	NA	NA	NA
JBHJCM010000005.1_106	111799	112884	1086	-1	0.652	11	GGA/GAG/AGG	GENOMAD.058649.CP	1.11e-18	91	0	0	0	1	NA	NA	NA	PF03462;COG0216;TIGR00019	PCRF domain
JBHJCM010000005.1_107	112862	114160	1299	-1	0.671	11	None	GENOMAD.079440.CP	1.358e-85	292	0	0	0	1	NA	NA	NA	PF05201;PF01488;K02492;TIGR01035;COG0373	glutamyl-tRNA reductase
JBHJCM010000005.1_108	114226	115914	1689	1	0.693	11	None	GENOMAD.120548.CP	1.016e-270	835	0	0	0	1	NA	NA	NA	COG3898;K09667	Pre-mRNA 3'-end processing (cleavage and polyadenylation) factor
JBHJCM010000005.1_109	115911	116564	654	1	0.713	11	GGA/GAG/AGG	GENOMAD.105767.CP	1.807e-38	145	0	0	0	1	NA	NA	NA	PF03550;K02494;TIGR00548;COG3017	Outer membrane lipoprotein LolB
JBHJCM010000005.1_110	116546	117433	888	1	0.682	11	None	NA	NA	NA	0	0	0	1	NA	NA	NA	NA	NA
JBHJCM010000005.1_111	117679	118638	960	1	0.649	11	GGA/GAG/AGG	NA	NA	NA	0	0	0	1	NA	NA	NA	NA	NA
JBHJCM010000005.1_112	118747	119382	636	1	0.610	11	GGA/GAG/AGG	GENOMAD.059655.CP	7.149e-27	111	0	0	0	1	NA	NA	NA	PF01386;PF14693;TIGR00731;K02897;COG1825	ribosomal protein bL25, Ctc-form
JBHJCM010000005.1_113	119434	120015	582	1	0.639	11	None	GENOMAD.099157.CV	5.49e-60	206	1	0	0	1246	Caudoviricetes	NA	NA	PF01195;K01056;COG0193;TIGR00447	Peptidyl-tRNA hydrolase
JBHJCM010000005.1_114	120093	121184	1092	1	0.628	11	GGA/GAG/AGG	NA	NA	NA	0	0	0	1	NA	NA	NA	NA	NA
JBHJCM010000005.1_115	121683	122873	1191	1	0.634	11	GGA/GAG/AGG	NA	NA	NA	0	0	0	1	NA	NA	NA	NA	NA
JBHJCM010000005.1_116	123105	123512	408	1	0.583	11	None	GENOMAD.085104.CV	6.794e-72	237	0	0	0	1	NA	NA	NA	PF00584;TIGR00964;COG0690	preprotein translocase, SecE subunit, bacterial
JBHJCM010000005.1_117	123526	124083	558	1	0.602	11	AGGAG	GENOMAD.116512.CV	6.882e-26	107	0	0	0	1246	Caudoviricetes	NA	NA	PF02357;PF00467;K02601;TIGR00922;COG0250	transcription termination/antitermination factor NusG
JBHJCM010000005.1_118	124282	124710	429	1	0.615	11	GGAG/GAGG	NA	NA	NA	0	0	0	1	NA	NA	NA	NA	NA
JBHJCM010000005.1_119	124714	125412	699	1	0.649	11	GGAGG	NA	NA	NA	0	0	0	1	NA	NA	NA	NA	NA
JBHJCM010000005.1_120	125955	126488	534	1	0.639	11	GGAGG	GENOMAD.081842.CV	1.232e-24	103	1	0	0	1	NA	NA	NA	PF00466;K02864;COG0244	Ribosomal protein L10
JBHJCM010000005.1_121	126543	126908	366	1	0.598	11	GGA/GAG/AGG	GENOMAD.114551.CV	1.217e-26	106	1	0	0	1246	Caudoviricetes	NA	NA	PF16320;PF00542;COG0222;TIGR00855	Ribosomal protein L7/L12
JBHJCM010000005.1_122	127200	131351	4152	1	0.625	11	GGA/GAG/AGG	GENOMAD.061759.CV	1.468e-38	161	1	0	0	1	NA	NA	NA	PF04563;K03043;TIGR02013;COG0085	DNA-directed RNA polymerase, beta subunit
JBHJCM010000005.1_123	131452	135666	4215	1	0.633	11	GGAG/GAGG	GENOMAD.052211.CC	1.146e-30	135	0	0	0	1	NA	NA	NA	PF21668	DNA-directed RNA polymerase subunit beta', hybrid domain
JBHJCM010000005.1_124	135885	136259	375	1	0.624	11	None	NA	NA	NA	0	0	0	1	NA	NA	NA	NA	NA
JBHJCM010000005.1_125	136272	136739	468	1	0.583	11	AGGA	GENOMAD.031610.CC	1.187e-50	177	1	0	0	1	NA	NA	NA	PF00177;K02992;COG0049;TIGR01029	Ribosomal protein S7
JBHJCM010000005.1_126	136877	138994	2118	1	0.619	11	GGAG/GAGG	NA	NA	NA	0	0	0	1	NA	NA	NA	NA	NA
JBHJCM010000005.1_127	139043	140233	1191	1	0.633	11	GGAG/GAGG	NA	NA	NA	0	0	0	1	NA	NA	NA	NA	NA
JBHJCM010000005.1_128	140521	141195	675	-1	0.625	11	GGA/GAG/AGG	NA	NA	NA	0	0	0	1	NA	NA	NA	NA	NA
JBHJCM010000005.1_129	141925	142035	111	-1	0.550	11	GGA/GAG/AGG	NA	NA	NA	0	0	0	1	NA	NA	NA	NA	NA
JBHJCM010000005.1_130	142203	142538	336	1	0.583	11	AGGA	GENOMAD.059523.CP	2.496e-06	47	1	0	0	1	NA	NA	NA	PF00338;COG0051;TIGR01049	Ribosomal protein S10p/S20e
JBHJCM010000005.1_131	142550	143200	651	1	0.630	11	GGAG/GAGG	GENOMAD.057410.CP	8.978e-26	108	1	0	0	1	NA	NA	NA	TIGR03625;COG0087	50S ribosomal protein uL3, bacterial form
JBHJCM010000005.1_132	143213	143818	606	1	0.609	11	AGGAG	GENOMAD.060214.CV	1.046e-27	113	1	0	0	1	NA	NA	NA	PF00573;COG0088;K02926;TIGR03953	Ribosomal protein L4
JBHJCM010000005.1_133	143815	144114	300	1	0.567	11	AGGAG	GENOMAD.058867.CV	2.788e-24	98	1	0	0	1	NA	NA	NA	PF00276;COG0089;TIGR03636;K02892	Ribosomal protein L23
JBHJCM010000005.1_134	144125	144952	828	1	0.644	11	GGAG/GAGG	GENOMAD.058738.CV	1.958e-65	226	1	0	0	1	NA	NA	NA	PF03947;TIGR01171;COG0090	ribosomal protein L2, bacterial/organellar
JBHJCM010000005.1_135	144959	145228	270	1	0.570	11	GGA/GAG/AGG	GENOMAD.058748.CV	3.31e-41	146	1	0	0	1	NA	NA	NA	PF00203;K02965;COG0185;TIGR01050	Ribosomal protein S19
JBHJCM010000005.1_136	145241	145576	336	1	0.604	11	AGGAG	GENOMAD.058918.CV	5.748e-38	138	1	0	0	1	NA	NA	NA	PF00237;K02890;COG0091;TIGR01044	Ribosomal protein L22
JBHJCM010000005.1_137	145594	146328	735	1	0.611	11	AGGA	GENOMAD.000002.CC	2.473e-47	172	1	0	0	1	NA	NA	NA	PF05316;K02982;TIGR01009;COG0092	ribosomal protein S3, bacterial type
JBHJCM010000005.1_138	146334	146747	414	1	0.618	11	GGAG/GAGG	GENOMAD.061469.CV	7.329e-64	214	1	0	0	1	NA	NA	NA	PF00252;K02878;TIGR01164;COG0197	ribosomal protein L16, bacterial/organelle
JBHJCM010000005.1_139	146747	146932	186	1	0.602	11	GGA/GAG/AGG	GENOMAD.000093.CC	1.118e-09	54	1	0	0	1	NA	NA	NA	PF00831;COG0255;K02904;TIGR00012	Ribosomal protein L29
JBHJCM010000005.1_140	146944	147213	270	1	0.578	11	AGGA	GENOMAD.051620.CP	1.756e-24	98	1	0	0	1	NA	NA	NA	PF00366;TIGR03635;COG0186	ribosomal protein uS17, bacterial form
JBHJCM010000005.1_141	147228	147596	369	1	0.604	11	GGAG/GAGG	GENOMAD.000007.CC	9.663e-54	184	1	0	0	1	NA	NA	NA	PF00238;COG0093;TIGR01067	Ribosomal protein L14
JBHJCM010000005.1_142	147612	147929	318	1	0.613	11	GGAGG	GENOMAD.000028.CC	4.404e-30	115	1	0	0	1	NA	NA	NA	PF17136;PF00467;K02895;TIGR01079;COG0198	ribosomal protein L24, bacterial/organelle
JBHJCM010000005.1_143	147941	148483	543	1	0.575	11	GGAG/GAGG	GENOMAD.000004.CC	5.418e-88	286	1	0	0	1	NA	NA	NA	PF00673;PF00281;K02931;COG0094	Ribosomal protein L5
JBHJCM010000005.1_144	148502	148807	306	1	0.601	11	GGAG/GAGG	GENOMAD.119080.CP	5.13e-19	83	0	0	0	1	NA	NA	NA	PF00253;COG0199	Ribosomal protein S14
JBHJCM010000005.1_145	149013	149411	399	1	0.589	11	GGA/GAG/AGG	GENOMAD.000019.CC	1.493e-37	138	1	0	0	1	NA	NA	NA	PF00410;K02994;COG0096	Ribosomal protein S8
JBHJCM010000005.1_146	149427	149954	528	1	0.634	11	AGGA	GENOMAD.000001.CC	3.628e-56	194	1	0	0	1	NA	NA	NA	PF00347;K02933;TIGR03654;COG0097	ribosomal protein L6, bacterial type
JBHJCM010000005.1_147	150046	150405	360	1	0.636	11	AGGA	GENOMAD.076560.CV	3.366e-31	119	1	0	0	1	NA	NA	NA	PF00861;TIGR00060;COG0256;K02881	Ribosomal L18 of archaea, bacteria, mitoch. and chloroplast
JBHJCM010000005.1_148	150565	151107	543	1	0.624	11	AGGA	GENOMAD.000010.CC	3.001e-43	157	1	0	0	1	NA	NA	NA	PF00333;PF03719;TIGR01021;COG0098	ribosomal protein S5, bacterial/organelle type
JBHJCM010000005.1_149	151100	151291	192	1	0.583	11	GGAGG	GENOMAD.000237.CC	3.544e-07	47	0	0	0	1	NA	NA	NA	PF00327;TIGR01308;COG1841	ribosomal protein L30, bacterial/organelle
JBHJCM010000005.1_150	151296	151739	444	1	0.649	11	AGGAG	GENOMAD.000024.CC	3.604e-26	106	1	0	0	1	NA	NA	NA	PF00828;TIGR01071;K02876;COG0200	ribosomal protein L15, bacterial/organelle
JBHJCM010000005.1_151	151747	153111	1365	1	0.623	11	AGGAG	NA	NA	NA	0	0	0	1	NA	NA	NA	NA	NA
JBHJCM010000005.1_152	153444	153800	357	1	0.622	11	GGAG/GAGG	GENOMAD.000014.CC	3.938e-37	136	1	0	0	1	NA	NA	NA	PF00416;COG0099;TIGR03631;K02964	Ribosomal protein S13
JBHJCM010000005.1_153	153811	154203	393	1	0.621	11	GGA/GAG/AGG	GENOMAD.000013.CC	1.888e-50	175	1	0	0	1	NA	NA	NA	PF00411;K02948;COG0100;TIGR03628	Ribosomal protein S11
JBHJCM010000005.1_154	154219	154845	627	1	0.606	11	GGAG/GAGG	GENOMAD.079740.CV	7.36e-25	105	1	0	0	1246	Caudoviricetes	NA	NA	PF00163;K02986;TIGR01017;COG0522	Ribosomal protein S4/S9 N-terminal domain
JBHJCM010000005.1_155	154899	155897	999	1	0.620	11	AGGAG	GENOMAD.000031.CC	2.697e-79	269	1	0	0	1	NA	NA	NA	PF01193;K03040;TIGR02027;COG0202	DNA-directed RNA polymerase, alpha subunit, bacterial and chloroplast-type
JBHJCM010000005.1_156	156078	156461	384	1	0.651	11	AGGA	GENOMAD.000035.CC	3.616e-42	151	1	0	0	1	NA	NA	NA	PF01196;COG0203;TIGR00059	Ribosomal protein L17
JBHJCM010000005.1_157	156902	157420	519	1	0.628	11	GGA/GAG/AGG	GENOMAD.151766.CP	5.024e-24	101	0	0	0	1	NA	NA	NA	PF02600;K03611;COG1495	Disulfide bond formation protein DsbB
JBHJCM010000005.1_158	157926	160049	2124	-1	0.635	11	None	GENOMAD.140349.CP	1.015e-210	669	0	0	0	1	NA	NA	NA	PF14905;TIGR01783;COG4206;K16089	TonB-dependent siderophore receptor
JBHJCM010000005.1_159	160086	160271	186	-1	0.624	11	GGA/GAG/AGG	NA	NA	NA	0	0	0	1	NA	NA	NA	NA	NA
JBHJCM010000005.1_160	160296	161693	1398	1	0.642	11	AGGAG	NA	NA	NA	0	0	0	1	NA	NA	NA	NA	NA
JBHJCM010000005.1_161	161779	162906	1128	1	0.645	11	AGGAG	GENOMAD.132666.CP	2.865e-67	236	0	0	0	1	NA	NA	NA	COG0668;K03442	Small-conductance mechanosensitive channel
JBHJCM010000005.1_162	163147	164811	1665	-1	0.680	11	GGA/GAG/AGG	NA	NA	NA	0	0	0	1	NA	NA	NA	NA	NA
JBHJCM010000005.1_163	164901	165371	471	-1	0.669	11	GGA/GAG/AGG	GENOMAD.207570.CP	1.046e-26	108	0	0	0	1	NA	NA	NA	PF09900;COG4331	Uncharacterized membrane protein, DUF2068 family
JBHJCM010000005.1_164	165388	167217	1830	-1	0.633	11	GGA/GAG/AGG	NA	NA	NA	0	0	0	1	NA	NA	NA	NA	NA
JBHJCM010000005.1_165	167459	167953	495	1	0.655	11	AGGA	NA	NA	NA	0	0	0	1	NA	NA	NA	NA	NA
JBHJCM010000005.1_166	168071	169057	987	1	0.643	11	GGAG/GAGG	NA	NA	NA	0	0	0	1	NA	NA	NA	NA	NA
JBHJCM010000005.1_167	169142	169756	615	-1	0.610	11	None	NA	NA	NA	0	0	0	1	NA	NA	NA	NA	NA
JBHJCM010000005.1_168	170165	170626	462	-1	0.617	11	AGGAG	NA	NA	NA	0	0	0	1	NA	NA	NA	NA	NA
JBHJCM010000005.1_169	171978	174017	2040	-1	0.663	11	None	NA	NA	NA	0	0	0	1	NA	NA	NA	NA	NA
JBHJCM010000005.1_170	174221	174589	369	-1	0.667	11	None	NA	NA	NA	0	0	0	1	NA	NA	NA	NA	NA
JBHJCM010000005.1_171	174608	175243	636	-1	0.648	11	GGAG/GAGG	GENOMAD.147577.CP	2.471e-05	47	0	0	0	1	NA	NA	NA	PF16912;TIGR02197;K05886;COG1090	Glucose dehydrogenase C-terminus
JBHJCM010000005.1_172	175659	176756	1098	1	0.627	11	AGGAG	GENOMAD.032134.CC	1.977e-137	439	0	0	0	1	NA	NA	NA	PF05736;COG3047;TIGR04565;K16078	Outer membrane protein W
JBHJCM010000005.1_173	176949	177464	516	1	0.682	11	GGA/GAG/AGG	NA	NA	NA	0	0	0	1	NA	NA	NA	NA	NA
JBHJCM010000005.1_174	177550	178344	795	1	0.688	11	AGGA/GGAG/GAGG	GENOMAD.106866.CP	9.117e-19	89	0	0	0	1246	Caudoviricetes	NA	NA	COG1187	16S rRNA U516 pseudouridylate synthase RsuA and related 23S rRNA U2605, pseudouridylate synthases
JBHJCM010000005.1_175	178295	178687	393	-1	0.725	11	None	NA	NA	NA	0	0	0	1	NA	NA	NA	NA	NA
JBHJCM010000005.1_176	178690	179898	1209	-1	0.641	11	None	NA	NA	NA	0	0	0	1	NA	NA	NA	NA	NA
JBHJCM010000005.1_177	179989	181086	1098	1	0.648	11	GGAG/GAGG	GENOMAD.154793.CP	1.377e-132	425	0	0	0	1	NA	NA	NA	PF13531;K02048;TIGR00971;COG1613	sulfate/thiosulfate-binding protein
JBHJCM010000005.1_178	181141	181950	810	1	0.664	11	None	GENOMAD.116612.CP	3.597e-10	63	0	0	0	1	NA	NA	NA	PF00528;K02063;TIGR01253;COG1178	thiamine ABC transporter, permease protein
JBHJCM010000005.1_179	181947	182900	954	1	0.634	11	GGAGG	NA	NA	NA	0	0	0	1	NA	NA	NA	NA	NA
JBHJCM010000005.1_180	182908	183939	1032	1	0.673	11	GGAG/GAGG	NA	NA	NA	0	0	0	1	NA	NA	NA	NA	NA
JBHJCM010000005.1_181	184217	184933	717	1	0.587	11	AGGAG	NA	NA	NA	0	0	0	1	NA	NA	NA	NA	NA
JBHJCM010000005.1_182	185596	186630	1035	-1	0.633	11	GGA/GAG/AGG	NA	NA	NA	0	0	0	1	NA	NA	NA	NA	NA
JBHJCM010000005.1_183	186908	189241	2334	-1	0.632	11	AGGA	GENOMAD.178349.CP	2.219e-125	423	0	0	0	1	NA	NA	NA	COG4773;K16091	Outer membrane receptor for ferric coprogen and ferric-rhodotorulic acid
JBHJCM010000005.1_184	189438	191537	2100	1	0.668	11	GGA/GAG/AGG	NA	NA	NA	0	0	0	1	NA	NA	NA	NA	NA
JBHJCM010000005.1_185	192486	192836	351	1	0.632	11	GGA/GAG/AGG	NA	NA	NA	0	0	0	1	NA	NA	NA	NA	NA
JBHJCM010000005.1_186	192927	193571	645	1	0.656	11	AGGA/GGAG/GAGG	GENOMAD.119230.CP	5.426e-05	46	0	0	0	1	NA	NA	NA	PF00300;TIGR03848;K15634;COG0406	probable phosphomutase, MSMEG_4193 family
JBHJCM010000005.1_187	193901	195199	1299	1	0.684	11	None	GENOMAD.110250.CP	8.218e-38	151	0	0	0	1	NA	NA	NA	PF08245;PF02875;K11754;TIGR01499;COG0285	folylpolyglutamate synthase/dihydrofolate synthase
JBHJCM010000005.1_188	195267	196334	1068	1	0.707	11	None	GENOMAD.001067.CC	1.106e-06	53	0	0	0	1	NA	NA	NA	PF05036	SPOR domain
JBHJCM010000005.1_189	196548	197294	747	1	0.665	11	GGAG/GAGG	GENOMAD.087219.CP	2.517e-68	233	0	0	0	1	NA	NA	NA	K03558;COG1286	Uncharacterized membrane protein, required for colicin V production
JBHJCM010000005.1_190	197325	198791	1467	1	0.646	11	GGAG/GAGG	NA	NA	NA	0	0	0	1	NA	NA	NA	NA	NA
JBHJCM010000005.1_191	198945	199811	867	1	0.677	11	None	GENOMAD.109682.CP	3.518e-64	223	0	0	0	1	NA	NA	NA	PF04305;COG2833;TIGR04059	Uncharacterized conserved protein, contains ferritin-like DUF455 domain
JBHJCM010000005.1_192	200382	201635	1254	1	0.648	11	AGGAG	NA	NA	NA	0	0	0	1	NA	NA	NA	NA	NA
JBHJCM010000005.1_193	201770	202189	420	1	0.676	11	GGAG/GAGG	NA	NA	NA	0	0	0	1	NA	NA	NA	NA	NA
JBHJCM010000005.1_194	202372	203115	744	-1	0.664	11	None	GENOMAD.000748.CC	1.572e-44	164	0	0	0	1	NA	NA	NA	PF04042;K03269;TIGR01854;COG2908	UDP-2,3-diacylglucosamine diphosphatase
JBHJCM010000005.1_195	203638	204180	543	-1	0.659	11	GGxGG	GENOMAD.142094.CP	6.73e-10	60	0	0	0	1	NA	NA	NA	PF19279;PF00781;PF01569;TIGR03702;K07029;COG1597	lipid kinase YegS
JBHJCM010000005.1_196	204161	205297	1137	-1	0.662	11	GGAG/GAGG	NA	NA	NA	0	0	0	1	NA	NA	NA	NA	NA
JBHJCM010000005.1_197	205521	207047	1527	-1	0.655	11	None	GENOMAD.105891.CP	3.615e-99	335	0	0	0	1	NA	NA	NA	PF02541;COG0248;K01524;TIGR03706	Exopolyphosphatase/pppGpp-phosphohydrolase
JBHJCM010000005.1_198	207220	209322	2103	-1	0.645	11	None	NA	NA	NA	0	0	0	1	NA	NA	NA	NA	NA
JBHJCM010000005.1_199	209435	210763	1329	-1	0.674	11	None	GENOMAD.003036.CC	1.092e-12	73	0	0	0	1	NA	NA	NA	PF11808	Phosphate regulon sensor protein PhoR
JBHJCM010000005.1_200	210837	211526	690	-1	0.662	11	None	NA	NA	NA	0	0	0	1	NA	NA	NA	NA	NA
JBHJCM010000005.1_201	211709	213415	1707	-1	0.678	11	None	GENOMAD.111480.CP	9.889e-06	51	0	0	0	1	NA	NA	NA	PF01435;K01423;COG4784	Putative Zn-dependent protease
JBHJCM010000005.1_202	213505	213813	309	1	0.654	11	GGAG/GAGG	NA	NA	NA	0	0	0	1	NA	NA	NA	NA	NA
JBHJCM010000005.1_203	213810	214205	396	1	0.667	11	GGxGG	GENOMAD.146284.CP	2.407e-48	169	0	0	0	1	NA	NA	NA	PF02627;TIGR04169;COG0599	alkylhydroperoxidase/carboxymuconolactone decarboxylase family protein
JBHJCM010000005.1_204	214432	215439	1008	1	0.649	11	GGA/GAG/AGG	GENOMAD.152541.CP	3.544e-05	48	0	0	0	1246	Caudoviricetes	NA	NA	PF03971;TIGR00178;COG2838;K00031	Monomeric isocitrate dehydrogenase
JBHJCM010000005.1_205	215573	216334	762	-1	0.634	11	GGAG/GAGG	NA	NA	NA	0	0	0	1	NA	NA	NA	NA	NA
JBHJCM010000005.1_206	217352	218605	1254	-1	0.659	11	None	NA	NA	NA	0	0	0	1	NA	NA	NA	NA	NA
JBHJCM010000005.1_207	219140	220432	1293	1	0.656	11	AGGAG	GENOMAD.116598.CV	2.973e-30	128	0	0	0	1246	Caudoviricetes	NA	NA	PF05697;K03545;COG0544;TIGR00115	FKBP-type peptidyl-prolyl cis-trans isomerase (trigger factor)
JBHJCM010000005.1_208	220525	221151	627	1	0.627	11	GGA/GAG/AGG	GENOMAD.092312.VV	0.0001055	45	0	0	0	1246	Caudoviricetes	NA	NA	NA	NA
JBHJCM010000005.1_209	221277	222563	1287	1	0.608	11	None	GENOMAD.143062.VC	0.0004498	45	0	0	0	1	NA	NA	NA	PF06689;TIGR00382	endopeptidase Clp ATP-binding regulatory subunit (clpX)
JBHJCM010000005.1_210	222708	225179	2472	1	0.635	11	GGAG/GAGG	GENOMAD.030096.VV	1.106e-10	68	0	0	0	3505	Mimiviridae	NA	NA	PF09159	Mitochondrial resolvase Ydc2 / RNA splicing MRS1
JBHJCM010000005.1_211	225393	225665	273	1	0.571	11	GGAG/GAGG	NA	NA	NA	0	0	0	1	NA	NA	NA	NA	NA
JBHJCM010000005.1_212	226305	228275	1971	1	0.648	11	None	GENOMAD.116255.CP	5.638e-61	227	0	0	0	1	NA	NA	NA	PF13623;PF13145;K03770;TIGR04142;COG0760	putative peptidyl-prolyl cis-trans isomerase, LIC12922 family
JBHJCM010000005.1_213	228931	230109	1179	-1	0.671	11	None	NA	NA	NA	0	0	0	1	NA	NA	NA	NA	NA
JBHJCM010000005.1_214	230283	230480	198	1	0.631	11	AGGA	NA	NA	NA	0	0	0	1	NA	NA	NA	NA	NA
JBHJCM010000005.1_215	230532	231542	1011	1	0.700	11	None	GENOMAD.002432.CC	1.501e-56	203	0	0	0	1	NA	NA	NA	PF06859;COG4627	Predicted SAM-depedendent methyltransferase
JBHJCM010000005.1_216	231570	232022	453	1	0.634	11	GGA/GAG/AGG	NA	NA	NA	0	0	0	1	NA	NA	NA	NA	NA
JBHJCM010000005.1_217	232031	232765	735	1	0.641	11	GGA/GAG/AGG	NA	NA	NA	0	0	0	1	NA	NA	NA	NA	NA
JBHJCM010000005.1_218	232807	233511	705	-1	0.670	11	None	NA	NA	NA	0	0	0	1	NA	NA	NA	NA	NA
JBHJCM010000005.1_219	234068	235369	1302	1	0.502	11	None	NA	NA	NA	0	0	0	1	NA	NA	NA	NA	NA
JBHJCM010000005.1_220	236200	236484	285	-1	0.558	11	AGGAG	NA	NA	NA	0	0	0	1	NA	NA	NA	NA	NA
JBHJCM010000005.1_221	236510	236896	387	1	0.571	11	None	NA	NA	NA	0	0	0	1	NA	NA	NA	NA	NA
JBHJCM010000005.1_222	236909	237415	507	1	0.535	11	None	NA	NA	NA	0	0	0	1	NA	NA	NA	NA	NA
JBHJCM010000005.1_223	238571	239944	1374	-1	0.483	11	None	NA	NA	NA	0	0	0	1	NA	NA	NA	NA	NA
JBHJCM010000005.1_224	240807	240998	192	1	0.385	11	GGA/GAG/AGG	NA	NA	NA	0	0	0	1	NA	NA	NA	NA	NA
JBHJCM010000005.1_225	241999	242739	741	-1	0.553	11	AGGA	NA	NA	NA	0	0	0	1	NA	NA	NA	NA	NA
JBHJCM010000005.1_226	242979	243212	234	1	0.581	11	AGGA	NA	NA	NA	0	0	0	1	NA	NA	NA	NA	NA
JBHJCM010000005.1_227	243597	244001	405	1	0.605	11	GGAGG	NA	NA	NA	0	0	0	1	NA	NA	NA	NA	NA
JBHJCM010000005.1_228	244213	245262	1050	-1	0.678	11	GGA/GAG/AGG	NA	NA	NA	0	0	0	1	NA	NA	NA	NA	NA
JBHJCM010000005.1_229	245283	246032	750	1	0.676	11	None	GENOMAD.005386.CC	2.256e-40	152	0	0	0	1	NA	NA	NA	PF06293;K11211;TIGR00938;COG3231	Lipopolysaccharide kinase (Kdo/WaaP) family
JBHJCM010000005.1_230	246032	246781	750	1	0.672	11	None	NA	NA	NA	0	0	0	1	NA	NA	NA	NA	NA
JBHJCM010000005.1_231	246781	247812	1032	1	0.667	11	None	GENOMAD.126387.CP	2.423e-30	126	0	0	0	1	NA	NA	NA	PF06463	Molybdenum Cofactor Synthesis C
JBHJCM010000005.1_232	247809	248189	381	1	0.654	11	None	NA	NA	NA	0	0	0	1	NA	NA	NA	NA	NA
JBHJCM010000005.1_233	248214	248711	498	1	0.643	11	None	NA	NA	NA	0	0	0	1	NA	NA	NA	NA	NA
JBHJCM010000005.1_234	248708	248953	246	1	0.671	11	GGAG/GAGG	GENOMAD.133117.CP	2.304e-33	123	0	0	0	1	NA	NA	NA	PF14451;K21142;TIGR01682;COG1977	molybdopterin converting factor, subunit 1, non-archaeal
JBHJCM010000005.1_235	248956	249396	441	1	0.660	11	GGAGG	GENOMAD.118707.CP	1.68e-16	78	0	0	0	1	NA	NA	NA	PF02391;PF19842;COG0314;K03635;TIGR00176	Molybdopterin synthase catalytic subunit
JBHJCM010000005.1_236	250817	250939	123	-1	0.439	11	GGA/GAG/AGG	NA	NA	NA	0	0	0	1	NA	NA	NA	NA	NA
JBHJCM010000005.1_237	251270	251485	216	1	0.481	11	GGAG/GAGG	NA	NA	NA	0	0	0	1	NA	NA	NA	NA	NA
JBHJCM010000005.1_238	251474	252415	942	-1	0.517	11	None	GENOMAD.064510.VV	1.234e-22	102	0	0	0	1246	Caudoviricetes	NA	NA	PF09225;PF01555;K24451;COG0863	Restriction endonuclease PvuII; DNA methylase
JBHJCM010000005.1_239	252586	252966	381	-1	0.598	11	AGGAG/GGAGG	NA	NA	NA	0	0	0	1	NA	NA	NA	NA	NA
JBHJCM010000005.1_240	252963	253274	312	-1	0.635	11	None	NA	NA	NA	0	0	0	1	NA	NA	NA	NA	NA
JBHJCM010000006.1_1	531	1073	543	1	0.676	11	GGA/GAG/AGG	NA	NA	NA	0	0	0	1	NA	NA	NA	NA	NA
JBHJCM010000006.1_2	1604	1993	390	1	0.659	11	GGAGG	NA	NA	NA	0	0	0	1	NA	NA	NA	NA	NA
JBHJCM010000006.1_3	2045	2704	660	1	0.612	11	AGGA	GENOMAD.206010.CP	7.215e-15	76	0	0	0	1	NA	NA	NA	PF02517	Type II CAAX prenyl endopeptidase Rce1-like
JBHJCM010000006.1_4	2792	3499	708	1	0.665	11	GGA/GAG/AGG	NA	NA	NA	0	0	0	1	NA	NA	NA	NA	NA
JBHJCM010000006.1_5	4117	5421	1305	-1	0.677	11	GGAG/GAGG	NA	NA	NA	0	0	0	1	NA	NA	NA	NA	NA
JBHJCM010000006.1_6	5494	6795	1302	-1	0.696	11	GGA/GAG/AGG	GENOMAD.176778.PC	6.499e-56	205	0	0	0	1	NA	NA	NA	PF00328;K01093	Histidine phosphatase superfamily (branch 2)
JBHJCM010000006.1_7	6899	9787	2889	-1	0.672	11	GGA/GAG/AGG	GENOMAD.152082.CP	2.486e-64	243	0	0	0	1	NA	NA	NA	PF00593;PF07715;PF00691;TIGR01782;COG4773;K16089	TonB-dependent receptor
JBHJCM010000006.1_8	10249	11325	1077	-1	0.687	11	GGAG/GAGG	GENOMAD.141393.CP	2.077e-17	87	0	0	0	1	NA	NA	NA	PF04773;PF16220;COG3712;K07165	periplasmic ferric-dicitrate binding protein FecR, regulates iron transport through sigma-19
JBHJCM010000006.1_9	11316	11843	528	-1	0.667	11	GGAGG	NA	NA	NA	0	0	0	1	NA	NA	NA	NA	NA
JBHJCM010000006.1_10	12193	12732	540	1	0.689	11	GGA/GAG/AGG	GENOMAD.127449.CP	2.314e-27	111	0	0	0	1	NA	NA	NA	PF07638;TIGR02999;COG1595;K24073	RNA polymerase sigma factor, TIGR02999 family
JBHJCM010000006.1_11	12729	15230	2502	1	0.695	11	GGxGG	GENOMAD.013203.CC	1.644e-05	51	0	0	0	1	NA	NA	NA	PF09205;PF07714;K08857;COG0478;TIGR03903	RIO-like serine/threonine protein kinase fused to N-terminal HTH domain
JBHJCM010000006.1_12	15343	15588	246	1	0.724	11	None	NA	NA	NA	0	0	0	1	NA	NA	NA	NA	NA
JBHJCM010000006.1_13	15824	17155	1332	1	0.688	11	GGAG/GAGG	GENOMAD.146515.CP	4.495e-35	143	0	0	0	1	NA	NA	NA	PF01234;PF20225;COG4976;TIGR02021;K06219	Predicted methyltransferase, contains TPR repeat
JBHJCM010000006.1_14	17305	19272	1968	1	0.655	11	GGA/GAG/AGG	NA	NA	NA	0	0	0	1	NA	NA	NA	NA	NA
JBHJCM010000006.1_15	19269	19817	549	1	0.727	11	None	GENOMAD.218216.PC	2.49e-46	166	0	0	0	1	NA	NA	NA	PF22011	NA
JBHJCM010000006.1_16	20137	21468	1332	1	0.680	11	AGGAG	GENOMAD.170233.CP	1.074e-41	163	0	0	0	1	NA	NA	NA	PF20232;PF00498;K07169;TIGR03354;COG3456	type VI secretion system FHA domain protein
JBHJCM010000006.1_17	21527	22429	903	-1	0.660	11	GGA/GAG/AGG	NA	NA	NA	0	0	0	1	NA	NA	NA	NA	NA
JBHJCM010000006.1_18	22658	23548	891	1	0.631	11	AGGA	NA	NA	NA	0	0	0	1	NA	NA	NA	NA	NA
JBHJCM010000006.1_19	24051	25385	1335	1	0.676	11	None	GENOMAD.166652.PC	5.107e-43	167	0	0	0	1	NA	NA	NA	PF05936;TIGR03353;COG3522;K11893	type VI secretion protein, VC_A0114 family
JBHJCM010000006.1_20	25388	26644	1257	1	0.702	11	GGAG/GAGG	GENOMAD.167543.PC	2.708e-34	140	0	0	0	1	NA	NA	NA	PF09850;TIGR03349;COG3455	type IV / VI secretion system protein, DotU family
JBHJCM010000006.1_21	26641	30171	3531	1	0.701	11	None	GENOMAD.161502.PC	1.408e-115	406	0	0	0	1	NA	NA	NA	PF14331;PF06761;PF06744;PF19993;TIGR03348;K11891;COG3523	type VI secretion protein IcmF
JBHJCM010000006.1_22	30168	30743	576	1	0.720	11	None	GENOMAD.192401.PC	4.203e-35	134	0	0	0	1	NA	NA	NA	PF09867;COG3913;K11890;TIGR03373	TagF N-terminal domain, Type VI secretion system-associated
JBHJCM010000006.1_23	30740	31456	717	1	0.686	11	GGAG/GAGG	NA	NA	NA	0	0	0	1	NA	NA	NA	NA	NA
JBHJCM010000006.1_24	31461	35156	3696	1	0.708	11	AGGAG	GENOMAD.215794.CP	0.0001059	49	0	0	0	1	NA	NA	NA	PF07714;K08884;COG0478;TIGR03903	RIO-like serine/threonine protein kinase fused to N-terminal HTH domain
JBHJCM010000006.1_25	35605	37287	1683	1	0.687	11	GGA/GAG/AGG	NA	NA	NA	0	0	0	1	NA	NA	NA	NA	NA
JBHJCM010000006.1_26	37299	45482	8184	1	0.678	11	GGAG/GAGG	NA	NA	NA	0	0	0	1	NA	NA	NA	NA	NA
JBHJCM010000006.1_27	45532	46575	1044	1	0.712	11	GGAGG	GENOMAD.179387.PC	1.933e-43	165	0	0	0	1	NA	NA	NA	PF06812;K11902;TIGR03363;COG3515	type VI secretion-associated protein, ImpA family
JBHJCM010000006.1_28	46931	47221	291	-1	0.632	11	GGA/GAG/AGG	GENOMAD.010346.CC	6.885e-45	157	0	0	0	1	NA	NA	NA	PF11191;PF08139;COG5633;TIGR00752;K20267	Uncharacterized conserved protein YcfL
JBHJCM010000006.1_29	47298	50099	2802	1	0.675	11	None	GENOMAD.127376.VC	4.892e-13	76	0	0	0	1246	Caudoviricetes	NA	NA	PF00476;K21238;COG0749	DNA polymerase I - 3'-5' exonuclease and polymerase domains
JBHJCM010000006.1_30	50698	50874	177	1	0.684	11	None	NA	NA	NA	0	0	0	1	NA	NA	NA	NA	NA
JBHJCM010000006.1_31	50943	51842	900	-1	0.643	11	None	NA	NA	NA	0	0	0	1	NA	NA	NA	NA	NA
JBHJCM010000006.1_32	52245	52838	594	-1	0.662	11	None	NA	NA	NA	0	0	0	1	NA	NA	NA	NA	NA
JBHJCM010000006.1_33	52835	53551	717	-1	0.676	11	GGAG/GAGG	NA	NA	NA	0	0	0	1	NA	NA	NA	NA	NA
JBHJCM010000006.1_34	53982	56351	2370	-1	0.658	11	None	GENOMAD.129013.CP	1.529e-19	97	0	0	0	1	NA	NA	NA	PF00326;PF00930;K01278;COG1770;TIGR02821	Prolyl oligopeptidase family; Dipeptidyl peptidase IV (DPP IV) N-terminal region
JBHJCM010000006.1_35	56933	58276	1344	1	0.701	11	None	NA	NA	NA	0	0	0	1	NA	NA	NA	NA	NA
JBHJCM010000006.1_36	58582	59589	1008	-1	0.682	11	GGA/GAG/AGG	GENOMAD.190147.CP	1.657e-38	150	0	0	0	1	NA	NA	NA	K18240;TIGR04444	chorismatase, FkbO/Hyg5 family
JBHJCM010000006.1_37	59589	60935	1347	-1	0.659	11	None	GENOMAD.135937.CP	0.0002375	46	1	0	0	1	NA	NA	NA	PF05834;K17830;COG0644;TIGR02028	Dehydrogenase (flavoprotein)
JBHJCM010000006.1_38	61239	61508	270	1	0.622	11	GGA/GAG/AGG	GENOMAD.159708.CP	5.546e-36	131	0	0	0	1	NA	NA	NA	PF10501;K16025;TIGR04069	peptide maturation system acyl carrier-related protein
JBHJCM010000006.1_39	61483	62229	747	1	0.664	11	None	GENOMAD.171493.CP	1.324e-102	332	0	0	0	1	NA	NA	NA	PF11361;COG4648;TIGR00997	Intracellular septation protein A
JBHJCM010000006.1_40	62283	63032	750	1	0.647	11	GGA/GAG/AGG	GENOMAD.121797.CP	8.048e-05	46	0	0	0	1	NA	NA	NA	PF03982;K00655;COG2121;TIGR00530	Diacylglycerol acyltransferase
JBHJCM010000006.1_41	63044	63331	288	1	0.694	11	GGA/GAG/AGG	GENOMAD.130478.CP	2.943e-45	158	0	0	0	1	NA	NA	NA	PF07977;TIGR01750;COG0764	beta-hydroxyacyl-
JBHJCM010000006.1_42	63328	64302	975	1	0.664	11	GGAG/GAGG	GENOMAD.120950.CP	1.324e-84	284	0	0	0	1	NA	NA	NA	PF03279;COG4261;TIGR02208;K02517	Predicted acyltransferase, LPLAT superfamily
JBHJCM010000006.1_43	64253	64873	621	1	0.697	11	None	GENOMAD.161696.CP	2.216e-30	121	0	0	0	1	NA	NA	NA	PF19574;TIGR03009	Outer membrane lipoprotein carrier protein LolA-like
JBHJCM010000006.1_44	65012	65239	228	1	0.645	11	AGGA	NA	NA	NA	0	0	0	1	NA	NA	NA	NA	NA
JBHJCM010000006.1_45	65229	65456	228	1	0.645	11	AGGA	NA	NA	NA	0	0	0	1	NA	NA	NA	NA	NA
JBHJCM010000006.1_46	65446	67812	2367	1	0.674	11	AGGA	NA	NA	NA	0	0	0	1	NA	NA	NA	NA	NA
JBHJCM010000006.1_47	67799	68230	432	1	0.660	11	GGAG/GAGG	GENOMAD.190634.CP	4.917e-71	235	0	0	0	1	NA	NA	NA	COG4706;TIGR01750	Predicted 3-hydroxylacyl-ACP dehydratase, HotDog domain
JBHJCM010000006.1_48	68240	68731	492	-1	0.596	11	GGAG/GAGG	GENOMAD.212552.PC	2.153e-81	266	0	0	0	1	NA	NA	NA	PF08378	NA
JBHJCM010000006.1_49	68962	69693	732	1	0.664	11	None	NA	NA	NA	0	0	0	1	NA	NA	NA	NA	NA
JBHJCM010000006.1_50	69834	70037	204	-1	0.495	11	AGGAG	NA	NA	NA	0	0	0	1	NA	NA	NA	NA	NA
JBHJCM010000006.1_51	70320	71942	1623	-1	0.633	11	GGA/GAG/AGG	NA	NA	NA	0	0	0	1	NA	NA	NA	NA	NA
JBHJCM010000006.1_52	71939	72760	822	-1	0.672	11	GGAGG	NA	NA	NA	0	0	0	1	NA	NA	NA	NA	NA
JBHJCM010000006.1_53	72757	73530	774	-1	0.726	11	GGxGG	GENOMAD.176986.CP	1.868e-35	138	0	0	0	1	NA	NA	NA	PF13723;COG0304;K05551;TIGR03150	Beta-ketoacyl synthase, N-terminal domain
JBHJCM010000006.1_54	73530	74729	1200	-1	0.705	11	None	NA	NA	NA	0	0	0	1	NA	NA	NA	NA	NA
JBHJCM010000006.1_55	74949	75209	261	1	0.640	11	None	GENOMAD.134274.CV	8.078e-16	73	0	0	0	1	NA	NA	NA	PF05166;COG3100;K09902	Uncharacterized conserved protein YcgL, UPF0745 family
JBHJCM010000006.1_56	75202	78522	3321	1	0.727	11	GGA/GAG/AGG	NA	NA	NA	0	0	0	1	NA	NA	NA	NA	NA
JBHJCM010000006.1_57	78938	80710	1773	1	0.646	11	GGAG/GAGG	GENOMAD.151073.CP	1.536e-07	57	0	0	0	1	NA	NA	NA	PF00723;PF09137;TIGR01577;COG3387;K01178	oligosaccharide amylase
JBHJCM010000006.1_58	80707	82536	1830	1	0.637	11	AGGA	NA	NA	NA	0	0	0	1	NA	NA	NA	NA	NA
JBHJCM010000006.1_59	84112	87612	3501	1	0.588	11	GGAG/GAGG	NA	NA	NA	0	0	0	1	NA	NA	NA	NA	NA
JBHJCM010000006.1_60	88701	90518	1818	-1	0.661	11	GGAG/GAGG	NA	NA	NA	0	0	0	1	NA	NA	NA	NA	NA
JBHJCM010000006.1_61	90735	91562	828	-1	0.653	11	GGAG/GAGG	NA	NA	NA	0	0	0	1	NA	NA	NA	NA	NA
JBHJCM010000006.1_62	92189	93556	1368	1	0.667	11	GGA/GAG/AGG	GENOMAD.114680.CP	5.027e-59	215	0	0	0	1246	Caudoviricetes	NA	NA	PF01769;PF03448;PF00478;K06213;TIGR00400;COG2239	Mg2+ transporter (mgtE)
JBHJCM010000006.1_63	93672	96380	2709	1	0.699	11	None	GENOMAD.120770.CP	1.383e-64	243	0	0	0	1	NA	NA	NA	PF13549;K22224;TIGR01016;COG1042	succinyl-CoA synthetase, beta subunit
JBHJCM010000006.1_64	96486	97529	1044	1	0.635	11	GGAG/GAGG	NA	NA	NA	0	0	0	1	NA	NA	NA	NA	NA
JBHJCM010000006.1_65	98131	100629	2499	1	0.630	11	GGAGG	GENOMAD.043924.VV	3.303e-05	50	0	0	0	1246	Caudoviricetes	NA	NA	NA	NA
JBHJCM010000006.1_66	100809	101852	1044	1	0.584	11	GGA/GAG/AGG	NA	NA	NA	0	0	0	1	NA	NA	NA	NA	NA
JBHJCM010000006.1_67	102538	102876	339	1	0.566	11	GGA/GAG/AGG	NA	NA	NA	0	0	0	1	NA	NA	NA	NA	NA
JBHJCM010000006.1_68	102881	103207	327	1	0.615	11	None	NA	NA	NA	0	0	0	1	NA	NA	NA	NA	NA
JBHJCM010000006.1_69	103245	103697	453	1	0.651	11	GGAG/GAGG	NA	NA	NA	0	0	0	1	NA	NA	NA	NA	NA
JBHJCM010000006.1_70	103735	104136	402	1	0.664	11	None	NA	NA	NA	0	0	0	1	NA	NA	NA	NA	NA
JBHJCM010000006.1_71	104284	104832	549	-1	0.632	11	None	GENOMAD.181624.CP	4.97e-73	243	0	0	0	1	NA	NA	NA	COG3223	NA
JBHJCM010000006.1_72	105105	106043	939	-1	0.683	11	GGAG/GAGG	GENOMAD.153340.CP	2.826e-10	64	0	0	0	1	NA	NA	NA	PF10100;TIGR00745;K00077;COG1893	2-dehydropantoate 2-reductase
JBHJCM010000006.1_73	106049	106840	792	-1	0.640	11	GGAG/GAGG	GENOMAD.129876.CP	7.567e-41	154	0	0	0	1	NA	NA	NA	K09694;COG3694	ABC-type uncharacterized transport system, permease component
JBHJCM010000006.1_74	106858	107853	996	-1	0.656	11	AGGA	NA	NA	NA	0	0	0	1	NA	NA	NA	NA	NA
JBHJCM010000006.1_75	107995	108717	723	1	0.674	11	None	GENOMAD.137367.CP	4.94e-10	62	0	0	0	1	NA	NA	NA	PF00175;PF08021;K02641;TIGR03224;COG0543	benzoyl-CoA oxygenase/reductase, BoxA protein
JBHJCM010000006.1_76	108803	109804	1002	-1	0.661	11	GGA/GAG/AGG	NA	NA	NA	0	0	0	1	NA	NA	NA	NA	NA
JBHJCM010000006.1_77	109869	110141	273	1	0.619	11	AGxAGG/AGGxGG	NA	NA	NA	0	0	0	1	NA	NA	NA	NA	NA
JBHJCM010000006.1_78	110260	110733	474	-1	0.652	11	None	NA	NA	NA	0	0	0	1	NA	NA	NA	NA	NA
JBHJCM010000006.1_79	111145	111732	588	1	0.636	11	GGAG/GAGG	NA	NA	NA	0	0	0	1	NA	NA	NA	NA	NA
JBHJCM010000006.1_80	111729	111929	201	1	0.597	11	None	NA	NA	NA	0	0	0	1	NA	NA	NA	NA	NA
JBHJCM010000006.1_81	111984	113585	1602	1	0.671	11	AGGAG	GENOMAD.166690.CP	4.579e-18	91	0	0	0	1	NA	NA	NA	PF03096;PF08386;TIGR03343;COG2267;K16050	2-hydroxy-6-oxo-6-phenylhexa-2,4-dienoate hydrolase
JBHJCM010000006.1_82	113617	114363	747	1	0.644	11	GGAGG	NA	NA	NA	0	0	0	1	NA	NA	NA	NA	NA
JBHJCM010000006.1_83	114360	115553	1194	1	0.655	11	GGAG/GAGG	GENOMAD.105317.CP	7.484e-44	168	0	0	0	1	NA	NA	NA	PF12698;K09696;COG1668;TIGR03518	ABC-type Na+ efflux pump, permease component
JBHJCM010000006.1_84	115704	116714	1011	-1	0.702	11	AGxAGG/AGGxGG	GENOMAD.024791.CC	7.261e-10	63	0	0	0	1	NA	NA	NA	NA	NA
JBHJCM010000006.1_85	116854	118419	1566	-1	0.681	11	GGAG/GAGG	GENOMAD.098617.VV	5.364e-11	68	0	0	0	1246	Caudoviricetes	NA	NA	NA	NA
JBHJCM010000006.1_86	118430	119443	1014	-1	0.680	11	None	NA	NA	NA	0	0	0	1	NA	NA	NA	NA	NA
JBHJCM010000006.1_87	119433	120134	702	-1	0.627	11	None	GENOMAD.183080.CP	2.704e-60	209	0	0	0	1	NA	NA	NA	PF07277	SapC
JBHJCM010000006.1_88	120323	123412	3090	-1	0.640	11	GGA/GAG/AGG	GENOMAD.152082.CP	9.754e-60	229	0	0	0	1	NA	NA	NA	PF00593;PF07715;PF00691;TIGR01782;COG4773;K16089	TonB-dependent receptor
JBHJCM010000006.1_89	123721	124410	690	1	0.638	11	GGAG/GAGG	NA	NA	NA	0	0	0	1	NA	NA	NA	NA	NA
JBHJCM010000006.1_90	124743	126980	2238	1	0.648	11	AGGA	GENOMAD.129013.CP	9.982e-58	219	0	0	0	1	NA	NA	NA	PF00326;PF00930;K01278;COG1770;TIGR02821	Prolyl oligopeptidase family; Dipeptidyl peptidase IV (DPP IV) N-terminal region
JBHJCM010000006.1_91	127178	127459	282	1	0.610	11	AGGAG	GENOMAD.034063.CC	6.13e-14	68	0	0	0	1	NA	NA	NA	PF08695	Cytochrome oxidase complex assembly protein 1
JBHJCM010000006.1_92	127723	129513	1791	1	0.660	11	GGA/GAG/AGG	NA	NA	NA	0	0	0	1	NA	NA	NA	NA	NA
JBHJCM010000006.1_93	129613	130083	471	-1	0.718	11	GGA/GAG/AGG	NA	NA	NA	0	0	0	1	NA	NA	NA	NA	NA
JBHJCM010000006.1_94	130301	130549	249	1	0.643	11	GGAG/GAGG	GENOMAD.221918.CP	1.742e-21	89	0	0	0	1	NA	NA	NA	NA	NA
JBHJCM010000006.1_95	130774	131766	993	1	0.647	11	AGGAG	GENOMAD.121288.CP	7.717e-104	340	0	0	0	1	NA	NA	NA	PF00490;COG0113;K01698	Delta-aminolevulinic acid dehydratase, porphobilinogen synthase
JBHJCM010000006.1_96	132151	132903	753	-1	0.648	11	GGA/GAG/AGG	NA	NA	NA	0	0	0	1	NA	NA	NA	NA	NA
JBHJCM010000006.1_97	133067	135667	2601	1	0.666	11	None	GENOMAD.137347.CP	1.396e-36	153	0	0	0	1	NA	NA	NA	COG3182;K03863	NA
JBHJCM010000006.1_98	136132	137013	882	-1	0.700	11	AGGA	GENOMAD.104285.CP	4.825e-10	63	0	0	0	1	NA	NA	NA	PF16472	NA
JBHJCM010000006.1_99	137078	137929	852	1	0.689	11	GGA/GAG/AGG	GENOMAD.079440.CP	1.378e-06	52	0	0	0	1	NA	NA	NA	PF05201;PF01488;K02492;TIGR01035;COG0373	glutamyl-tRNA reductase
JBHJCM010000006.1_100	137919	138293	375	1	0.693	11	AGGA/GGAG/GAGG	NA	NA	NA	0	0	0	1	NA	NA	NA	NA	NA
JBHJCM010000006.1_101	138290	138526	237	1	0.692	11	None	NA	NA	NA	0	0	0	1	NA	NA	NA	NA	NA
JBHJCM010000006.1_102	138794	140929	2136	1	0.659	11	None	GENOMAD.153592.VC	1.342e-05	51	0	0	0	4186	Haloferacalesvirus	NA	NA	PF13307;PF04851;TIGR00604;COG1199;K03722	DNA repair helicase (rad3)
JBHJCM010000006.1_103	141487	142992	1506	1	0.618	11	GGA/GAG/AGG	NA	NA	NA	0	0	0	1	NA	NA	NA	NA	NA
JBHJCM010000006.1_104	143051	143668	618	1	0.644	11	GGAG/GAGG	NA	NA	NA	0	0	0	1	NA	NA	NA	NA	NA
JBHJCM010000006.1_105	144236	144460	225	1	0.613	11	GGA/GAG/AGG	NA	NA	NA	0	0	0	1	NA	NA	NA	NA	NA
JBHJCM010000006.1_106	144918	145922	1005	1	0.679	11	None	NA	NA	NA	0	0	0	1	NA	NA	NA	NA	NA
JBHJCM010000006.1_107	146261	146563	303	1	0.657	11	None	NA	NA	NA	0	0	0	1	NA	NA	NA	NA	NA
JBHJCM010000006.1_108	146635	147318	684	1	0.610	11	GGAG/GAGG	NA	NA	NA	0	0	0	1	NA	NA	NA	NA	NA
JBHJCM010000006.1_109	147348	148763	1416	1	0.636	11	AGGA	NA	NA	NA	0	0	0	1	NA	NA	NA	NA	NA
JBHJCM010000006.1_110	148882	150471	1590	1	0.652	11	GGAGG	GENOMAD.143156.CP	3.399e-49	188	0	0	0	1	NA	NA	NA	PF08811;COG5267	Uncharacterized conserved protein, DUF1800 family
JBHJCM010000006.1_111	150591	151775	1185	1	0.646	11	GGAG/GAGG	NA	NA	NA	0	0	0	1	NA	NA	NA	NA	NA
JBHJCM010000006.1_112	151913	152665	753	-1	0.647	11	None	NA	NA	NA	0	0	0	1	NA	NA	NA	NA	NA
JBHJCM010000006.1_113	152677	152952	276	-1	0.685	11	GGA/GAG/AGG	NA	NA	NA	0	0	0	1	NA	NA	NA	NA	NA
JBHJCM010000006.1_114	153233	154312	1080	1	0.708	11	None	GENOMAD.104118.CP	7.476e-09	60	1	0	0	1	NA	NA	NA	PF03099;COG0340;TIGR00121;K01947	Biotin-(acetyl-CoA carboxylase) ligase
JBHJCM010000006.1_115	154309	155037	729	1	0.719	11	GGA/GAG/AGG	GENOMAD.146670.CP	1.042e-22	100	0	0	0	1	NA	NA	NA	PF03309;COG1521;TIGR00671;K03525	Pantothenate kinase type III
JBHJCM010000006.1_116	155563	155958	396	1	0.722	11	GGAG/GAGG	NA	NA	NA	0	0	0	1	NA	NA	NA	NA	NA
JBHJCM010000006.1_117	156369	157049	681	-1	0.700	11	None	NA	NA	NA	0	0	0	1	NA	NA	NA	NA	NA
JBHJCM010000006.1_118	157520	158062	543	-1	0.624	11	GGA/GAG/AGG	NA	NA	NA	0	0	0	1	NA	NA	NA	NA	NA
JBHJCM010000006.1_119	158059	158976	918	-1	0.683	11	None	NA	NA	NA	0	0	0	1	NA	NA	NA	NA	NA
JBHJCM010000006.1_120	159073	159432	360	-1	0.628	11	AGGA	GENOMAD.197717.CP	8.77e-13	66	0	0	0	1	NA	NA	NA	PF08923;COG2018	Predicted regulator of Ras-like GTPase activity, Roadblock/LC7/MglB family
JBHJCM010000006.1_121	159496	159948	453	-1	0.660	11	GGA/GAG/AGG	GENOMAD.205530.CP	6.83e-71	235	0	0	0	1	NA	NA	NA	PF08923;K07131;COG2018	Mitogen-activated protein kinase kinase 1 interacting
JBHJCM010000006.1_122	160269	161192	924	1	0.667	11	GGAG/GAGG	NA	NA	NA	0	0	0	1	NA	NA	NA	NA	NA
JBHJCM010000006.1_123	161299	161451	153	1	0.614	11	GGAG/GAGG	NA	NA	NA	0	0	0	1	NA	NA	NA	NA	NA
JBHJCM010000006.1_124	161526	161660	135	1	0.622	11	AGGAG	NA	NA	NA	0	0	0	1	NA	NA	NA	NA	NA
JBHJCM010000006.1_125	161888	162097	210	1	0.581	11	GGAG/GAGG	GENOMAD.193185.CP	0.0001353	40	0	0	0	1	NA	NA	NA	PF05532;COG3237	Uncharacterized conserved protein YjbJ, UPF0337 family
JBHJCM010000006.1_126	162264	163553	1290	1	0.629	11	None	NA	NA	NA	0	0	0	1	NA	NA	NA	NA	NA
JBHJCM010000006.1_127	163682	164626	945	1	0.651	11	None	GENOMAD.140931.CP	1.276e-24	108	0	0	0	1	NA	NA	NF033105	PF19583;K20257;TIGR04558;COG0426	quinoprotein relay system zinc metallohydrolase 1
JBHJCM010000006.1_128	165027	166679	1653	1	0.667	11	None	GENOMAD.140543.CP	1.143e-06	54	0	0	0	1	NA	NA	NA	PF16254;K19701;COG4882	Predicted aminopeptidase, Iap family
JBHJCM010000006.1_129	167016	167489	474	-1	0.679	11	None	GENOMAD.123979.PP	1.97e-79	260	0	0	0	1	NA	NA	NA	PF18602	Rap1a immunity proteins
JBHJCM010000006.1_130	167569	168465	897	1	0.683	11	None	GENOMAD.142573.CP	1.646e-15	80	0	0	0	1	NA	NA	NA	K15269;COG5006	Threonine/homoserine efflux transporter RhtA
JBHJCM010000006.1_131	168462	169370	909	1	0.674	11	GGA/GAG/AGG	GENOMAD.142391.CP	5.171e-76	258	0	0	0	1	NA	NA	NA	PF06027;K05786;COG2962;TIGR00688	Uncharacterized membrane protein RarD, contains two EamA domains
JBHJCM010000006.1_132	169447	170562	1116	-1	0.688	11	None	GENOMAD.178547.CP	2.088e-05	49	0	0	0	1	NA	NA	NA	PF02273;TIGR01607;COG1647;K01054	Plasmodium subtelomeric family (PST-A)
JBHJCM010000006.1_133	170730	172049	1320	-1	0.668	11	AGGAG	GENOMAD.125873.CP	0.0009471	44	0	0	0	1	NA	NA	NA	PF02687;TIGR01185;COG4591;K09808	DevC protein
JBHJCM010000006.1_134	172063	173223	1161	-1	0.626	11	GGAG/GAGG	NA	NA	NA	0	0	0	1	NA	NA	NA	NA	NA
JBHJCM010000006.1_135	173236	173925	690	-1	0.625	11	AGGAG	NA	NA	NA	0	0	0	1	NA	NA	NA	NA	NA
JBHJCM010000006.1_136	174300	175544	1245	-1	0.676	11	None	NA	NA	NA	0	0	0	1	NA	NA	NA	NA	NA
JBHJCM010000006.1_137	175995	177170	1176	1	0.683	11	GGA/GAG/AGG	GENOMAD.151958.CP	1.752e-19	94	0	0	0	1	NA	NA	NA	PF07730;K11623;COG3920	Two-component sensor histidine kinase, HisKA and HATPase domains
JBHJCM010000006.1_138	177255	177857	603	1	0.673	11	GGA/GAG/AGG	NA	NA	NA	0	0	0	1	NA	NA	NA	NA	NA
JBHJCM010000006.1_139	178085	178873	789	1	0.606	11	GGA/GAG/AGG	GENOMAD.129948.CP	2.897e-43	161	0	0	0	1	NA	NA	NA	K09992;COG4813	Trehalose utilization protein
JBHJCM010000006.1_140	179098	179640	543	-1	0.659	11	GGAG/GAGG	GENOMAD.151626.CP	9.142e-57	196	0	0	0	1	NA	NA	NA	PF01292;K12262;COG3038;TIGR02125	Cytochrome b561
JBHJCM010000006.1_141	179637	180728	1092	-1	0.686	11	GGAG/GAGG	NA	NA	NA	0	0	0	1	NA	NA	NA	NA	NA
JBHJCM010000006.1_142	180889	181404	516	1	0.672	11	None	NA	NA	NA	0	0	0	1	NA	NA	NA	NA	NA
JBHJCM010000006.1_143	181401	182153	753	1	0.703	11	GGAG/GAGG	GENOMAD.182302.PC	6.336e-58	203	0	0	0	1	NA	NA	NA	PF11859;COG5662;TIGR02949	Transmembrane transcriptional regulator (anti-sigma factor RsiW)
JBHJCM010000006.1_144	182209	183579	1371	-1	0.686	11	GGAG/GAGG	GENOMAD.005842.CC	5.938e-18	90	0	0	0	1	NA	NA	NA	PF02789;COG0260	Cytosol aminopeptidase family, N-terminal domain
JBHJCM010000006.1_145	183621	184358	738	-1	0.667	11	None	GENOMAD.154445.CP	2.38e-23	102	0	0	0	1	NA	NA	NA	PF12689;K20862;TIGR01454;COG4359	3-amino-5-hydroxybenoic acid synthesis related protein
JBHJCM010000006.1_146	184459	185565	1107	-1	0.646	11	GGA/GAG/AGG	GENOMAD.118355.CP	1.109e-52	193	0	0	0	1	NA	NA	NA	COG0628	Predicted PurR-regulated permease PerM
JBHJCM010000006.1_147	186153	186536	384	-1	0.641	11	GGAG/GAGG	NA	NA	NA	0	0	0	1	NA	NA	NA	NA	NA
JBHJCM010000006.1_148	186533	187018	486	-1	0.658	11	None	NA	NA	NA	0	0	0	1	NA	NA	NA	NA	NA
JBHJCM010000006.1_149	187022	187384	363	-1	0.664	11	AGGAG	GENOMAD.055874.CC	3.948e-54	185	0	0	0	1	NA	NA	NA	PF19029	DUF883 C-terminal glycine zipper region
JBHJCM010000006.1_150	187501	188937	1437	-1	0.653	11	GGA/GAG/AGG	GENOMAD.137791.CP	7.664e-06	51	0	0	0	1	NA	NA	NA	PF19805;PF03190;PF17816;COG5233;TIGR03279;K05360	Peripheral Golgi membrane protein
JBHJCM010000006.1_151	189181	190032	852	1	0.654	11	AGGAGG	NA	NA	NA	0	0	0	1	NA	NA	NA	NA	NA
JBHJCM010000006.1_152	190311	190973	663	-1	0.646	11	GGA/GAG/AGG	GENOMAD.205595.PC	3.666e-86	283	0	0	0	1	NA	NA	NA	PF11769	NA
JBHJCM010000006.1_153	191038	191328	291	-1	0.698	11	AGGA	NA	NA	NA	0	0	0	1	NA	NA	NA	NA	NA
JBHJCM010000006.1_154	191704	192888	1185	-1	0.656	11	GGA/GAG/AGG	NA	NA	NA	0	0	0	1	NA	NA	NA	NA	NA
JBHJCM010000006.1_155	192885	193550	666	-1	0.646	11	None	NA	NA	NA	0	0	0	1	NA	NA	NA	NA	NA
JBHJCM010000006.1_156	193697	194584	888	-1	0.700	11	AGGAG	GENOMAD.105757.CP	9.41e-65	225	0	0	0	1	NA	NA	NA	PF04321;TIGR01777;COG1090;K19997	TIGR01777 family protein
JBHJCM010000006.1_157	194791	195384	594	-1	0.652	11	AGGA	NA	NA	NA	0	0	0	1	NA	NA	NA	NA	NA
JBHJCM010000006.1_158	195458	195733	276	-1	0.649	11	GGAG/GAGG	NA	NA	NA	0	0	0	1	NA	NA	NA	NA	NA
JBHJCM010000006.1_159	195777	196058	282	-1	0.585	11	GGA/GAG/AGG	NA	NA	NA	0	0	0	1	NA	NA	NA	NA	NA
JBHJCM010000006.1_160	196463	196627	165	1	0.570	11	GGA/GAG/AGG	NA	NA	NA	0	0	0	1	NA	NA	NA	NA	NA
JBHJCM010000006.1_161	196716	197810	1095	1	0.634	11	GGAG/GAGG	NA	NA	NA	0	0	0	1	NA	NA	NA	NA	NA
JBHJCM010000006.1_162	197810	198679	870	1	0.638	11	None	NA	NA	NA	0	0	0	1	NA	NA	NA	NA	NA
JBHJCM010000006.1_163	198947	199747	801	-1	0.654	11	GGAGG	GENOMAD.215480.PC	8.192e-12	68	0	0	0	1	NA	NA	NA	NA	NA
JBHJCM010000006.1_164	199953	201176	1224	-1	0.639	11	GGA/GAG/AGG	NA	NA	NA	0	0	0	1	NA	NA	NA	NA	NA
JBHJCM010000006.1_165	201231	202355	1125	-1	0.644	11	AGGAG	NA	NA	NA	0	0	0	1	NA	NA	NA	NA	NA
JBHJCM010000006.1_166	204020	204667	648	-1	0.660	11	None	GENOMAD.166505.CP	4.712e-23	100	0	0	0	1	NA	NA	NA	PF00440;K22105;TIGR03384;COG1309	transcriptional repressor BetI
JBHJCM010000006.1_167	204760	205836	1077	1	0.690	11	None	NA	NA	NA	0	0	0	1	NA	NA	NA	NA	NA
JBHJCM010000006.1_168	205846	206967	1122	1	0.646	11	AGGA	NA	NA	NA	0	0	0	1	NA	NA	NA	NA	NA
JBHJCM010000006.1_169	207032	208594	1563	-1	0.673	11	AGxAGG/AGGxGG	GENOMAD.178996.PC	9.079e-23	106	0	0	0	1	NA	NA	NA	PF12792;K21090;COG4943	CSS motif domain associated with EAL
JBHJCM010000006.1_170	208974	209150	177	1	0.621	11	GGAGG	NA	NA	NA	0	0	0	1	NA	NA	NA	NA	NA
JBHJCM010000006.1_171	209374	209883	510	-1	0.637	11	GGAG/GAGG	NA	NA	NA	0	0	0	1	NA	NA	NA	NA	NA
JBHJCM010000006.1_172	210223	211743	1521	-1	0.699	11	GGA/GAG/AGG	NA	NA	NA	0	0	0	1	NA	NA	NA	NA	NA
JBHJCM010000006.1_173	211759	212037	279	-1	0.699	11	GGAG/GAGG	GENOMAD.097670.CP	3.087e-20	86	0	0	0	1	NA	NA	NA	PF04380;COG2960	Uncharacterized conserved protein YqiC, BMFP domain
JBHJCM010000006.1_174	212227	212565	339	1	0.637	11	GGA/GAG/AGG	NA	NA	NA	0	0	0	1	NA	NA	NA	NA	NA
JBHJCM010000006.1_175	213043	215028	1986	1	0.669	11	GGAG/GAGG	GENOMAD.142438.CP	1.329e-09	64	0	0	0	1246	Caudoviricetes	NA	NA	PF02838;COG3661	Glycosyl hydrolase family 20, domain 2
JBHJCM010000006.1_176	215232	215888	657	-1	0.661	11	GGAG/GAGG	GENOMAD.142991.CP	3.245e-15	77	0	0	0	1	NA	NA	NA	PF01633;COG2112;K13419;TIGR03724	Predicted Ser/Thr protein kinase
JBHJCM010000006.1_177	217068	217250	183	1	0.530	11	GGAG/GAGG	NA	NA	NA	0	0	0	1	NA	NA	NA	NA	NA
JBHJCM010000006.1_178	217435	218046	612	1	0.621	11	GGA/GAG/AGG	GENOMAD.215702.CP	1.557e-22	98	0	0	0	1	NA	NA	NA	PF08000;PF09851	Bacterial PH domain; Short C-terminal domain
JBHJCM010000006.1_179	218415	219272	858	-1	0.634	11	AGGA	NA	NA	NA	0	0	0	1	NA	NA	NA	NA	NA
JBHJCM010000006.1_180	219494	221380	1887	1	0.650	11	GGA/GAG/AGG	GENOMAD.092845.CP	2.712e-156	507	0	0	0	1	NA	NA	NA	PF02784;PF17810;PF17944;COG1166;K01583;TIGR01273	Arginine decarboxylase (spermidine biosynthesis)
JBHJCM010000006.1_181	222253	224460	2208	1	0.644	11	AGGA	GENOMAD.171718.CP	2.823e-05	50	0	0	0	1	NA	NA	NA	PF00501;TIGR03098;K02182;COG1021	acyl-CoA ligase (AMP-forming), exosortase A-associated
JBHJCM010000006.1_182	224505	226253	1749	1	0.676	11	None	GENOMAD.177921.CP	6.147e-07	55	0	0	0	1	NA	NA	NA	PF00975;COG3208;TIGR01738;K12242	Surfactin synthase thioesterase subunit
JBHJCM010000006.1_183	226246	227574	1329	1	0.691	11	GGAG/GAGG	NA	NA	NA	0	0	0	1	NA	NA	NA	NA	NA
JBHJCM010000006.1_184	228028	228837	810	1	0.653	11	None	NA	NA	NA	0	0	0	1	NA	NA	NA	NA	NA
JBHJCM010000006.1_185	229084	229839	756	-1	0.685	11	GGAG/GAGG	NA	NA	NA	0	0	0	1	NA	NA	NA	NA	NA
JBHJCM010000006.1_186	229877	230389	513	-1	0.727	11	None	GENOMAD.214208.CP	5.686e-06	48	0	0	0	1	NA	NA	NA	NA	NA
JBHJCM010000006.1_187	230417	231301	885	-1	0.715	11	GGAG/GAGG	GENOMAD.001436.CC	6.315e-98	321	0	0	0	1	NA	NA	NA	NA	NA
JBHJCM010000006.1_188	231481	233169	1689	-1	0.661	11	None	GENOMAD.091942.CP	6.137e-11	68	0	0	0	1	NA	NA	NA	PF03485;PF05746	Arginyl tRNA synthetase N terminal domain; DALR anticodon binding domain
JBHJCM010000006.1_189	233257	233988	732	-1	0.709	11	None	NA	NA	NA	0	0	0	1	NA	NA	NA	NA	NA
JBHJCM010000006.1_190	234031	235305	1275	1	0.699	11	AGGA	NA	NA	NA	0	0	0	1	NA	NA	NA	NA	NA
JBHJCM010000006.1_191	235302	235769	468	1	0.688	11	GGA/GAG/AGG	GENOMAD.074923.VV	1.125e-15	76	0	0	0	1246	Caudoviricetes	NA	NA	PF00692;COG0756;TIGR00576;K04068	dUTPase
JBHJCM010000006.1_192	235783	238128	2346	1	0.679	11	GGA/GAG/AGG	NA	NA	NA	0	0	0	1	NA	NA	NA	NA	NA
JBHJCM010000006.1_193	238241	238813	573	-1	0.677	11	GGA/GAG/AGG	NA	NA	NA	0	0	0	1	NA	NA	NA	NA	NA
JBHJCM010000006.1_194	239186	239527	342	-1	0.599	11	AGGA	NA	NA	NA	0	0	0	1	NA	NA	NA	NA	NA
JBHJCM010000006.1_195	239527	240249	723	-1	0.669	11	None	NA	NA	NA	0	0	0	1	NA	NA	NA	NA	NA
JBHJCM010000006.1_196	240609	241574	966	-1	0.665	11	AGGA	NA	NA	NA	0	0	0	1	NA	NA	NA	NA	NA
JBHJCM010000006.1_197	241779	242087	309	-1	0.680	11	AGGA/GGAG/GAGG	GENOMAD.161585.CV	2.957e-17	78	0	0	0	1	NA	NA	NA	PF11731;K06193	Pathogenicity locus
JBHJCM010000006.1_198	242121	243050	930	-1	0.690	11	GGAG/GAGG	NA	NA	NA	0	0	0	1	NA	NA	NA	NA	NA
JBHJCM010000006.1_199	243050	243847	798	-1	0.665	11	GGAG/GAGG	NA	NA	NA	0	0	0	1	NA	NA	NA	NA	NA
JBHJCM010000006.1_200	243962	244639	678	-1	0.678	11	GGA/GAG/AGG	GENOMAD.007942.CC	5.593e-57	199	0	0	0	1	NA	NA	NA	NA	NA
JBHJCM010000006.1_201	244662	245321	660	-1	0.686	11	None	GENOMAD.134037.CV	2.935e-19	89	0	0	0	1246	Caudoviricetes	NA	NA	PF15609;K00762;TIGR00336;COG0461	orotate phosphoribosyltransferase
JBHJCM010000006.1_202	245440	246240	801	1	0.653	11	None	NA	NA	NA	0	0	0	1	NA	NA	NA	NA	NA
JBHJCM010000006.1_203	246560	247855	1296	1	0.654	11	GGAG/GAGG	NA	NA	NA	0	0	0	1	NA	NA	NA	NA	NA
JBHJCM010000006.1_204	247914	248141	228	1	0.636	11	GGAG/GAGG	NA	NA	NA	0	0	0	1	NA	NA	NA	NA	NA
JBHJCM010000006.1_205	248183	249316	1134	-1	0.693	11	None	GENOMAD.136642.CP	1.114e-35	143	0	0	0	1	NA	NA	NA	PF03702;COG2377;K09001	1,6-Anhydro-N-acetylmuramate kinase
JBHJCM010000006.1_206	249696	251114	1419	-1	0.653	11	GGAG/GAGG	GENOMAD.141512.CP	1.361e-17	89	0	0	0	1	NA	NA	NA	PF19425	Csd3 second domain
JBHJCM010000006.1_207	251285	252496	1212	1	0.632	11	GGAG/GAGG	GENOMAD.171925.VC	1.775e-12	72	0	0	0	1246	Caudoviricetes	NA	NA	PF00579;K01866;TIGR00234;COG0162	tyrosyl-tRNA synthetase
JBHJCM010000007.1_1	2	172	171	-1	0.690	11	None	NA	NA	NA	0	0	0	1	NA	NA	NA	NA	NA
JBHJCM010000007.1_2	218	802	585	1	0.605	11	None	GENOMAD.105714.CP	2.398e-43	158	0	0	0	1	NA	NA	NA	PF02620;COG1399	Uncharacterized metal-binding protein YceD, DUF177 family
JBHJCM010000007.1_3	900	1094	195	1	0.636	11	GGAG/GAGG	GENOMAD.118796.CP	8.408e-28	106	0	0	0	1	NA	NA	NA	PF01783;COG0333;TIGR01031	Ribosomal protein L32
JBHJCM010000007.1_4	1185	2162	978	1	0.627	11	GGA/GAG/AGG	NA	NA	NA	0	0	0	1	NA	NA	NA	NA	NA
JBHJCM010000007.1_5	2410	2850	441	1	0.639	11	None	GENOMAD.181229.CP	6.535e-53	183	0	0	0	1	NA	NA	NA	PF08670;TIGR02938	MEKHLA domain
JBHJCM010000007.1_6	3139	4083	945	1	0.690	11	GGA/GAG/AGG	NA	NA	NA	0	0	0	1	NA	NA	NA	NA	NA
JBHJCM010000007.1_7	4166	4909	744	1	0.655	11	GGAG/GAGG	NA	NA	NA	0	0	0	1	NA	NA	NA	NA	NA
JBHJCM010000007.1_8	5114	5353	240	1	0.575	11	AGGA/GGAG/GAGG	NA	NA	NA	0	0	0	1	NA	NA	NA	NA	NA
JBHJCM010000007.1_9	5495	6730	1236	1	0.637	11	AGGAG	NA	NA	NA	0	0	0	1	NA	NA	NA	NA	NA
JBHJCM010000007.1_10	6898	8253	1356	1	0.694	11	None	GENOMAD.114697.CP	7.655e-15	80	0	0	0	1	NA	NA	NA	PF00425;K02552;COG1169;TIGR03494	Isochorismate synthase EntC
JBHJCM010000007.1_11	8320	9387	1068	1	0.678	11	GGAG/GAGG	GENOMAD.105361.CP	1.229e-12	72	0	0	0	1	NA	NA	NA	NA	NA
JBHJCM010000007.1_12	9384	10343	960	1	0.688	11	GGAG/GAGG	NA	NA	NA	0	0	0	1	NA	NA	NA	NA	NA
JBHJCM010000007.1_13	10340	10693	354	1	0.647	11	GGA/GAG/AGG	GENOMAD.108686.CP	1.689e-37	137	0	0	0	1	NA	NA	NA	PF16823;K02676;COG3215;TIGR02266	Tfp pilus assembly protein PilZ
JBHJCM010000007.1_14	11780	12106	327	1	0.606	11	GGAG/GAGG	GENOMAD.112646.PP	4.485e-55	187	0	0	0	1	NA	B_traH	NA	PF12992;TIGR03066;COG4939	Gemmata obscuriglobus paralogous family TIGR03066
JBHJCM010000007.1_15	12335	13984	1650	-1	0.664	11	None	NA	NA	NA	0	0	0	1	NA	NA	NA	NA	NA
JBHJCM010000007.1_16	14083	14979	897	1	0.654	11	AGGA	NA	NA	NA	0	0	0	1	NA	NA	NA	NA	NA
JBHJCM010000007.1_17	15054	16208	1155	1	0.619	11	GGAG/GAGG	GENOMAD.123376.CP	4.939e-10	64	0	0	0	1	NA	NA	NA	PF00285;TIGR01798;COG0372;K01659	citrate synthase I (hexameric type)
JBHJCM010000007.1_18	16368	18962	2595	1	0.644	11	None	NA	NA	NA	0	0	0	1	NA	NA	NA	NA	NA
JBHJCM010000007.1_19	18972	19529	558	1	0.622	11	GGA/GAG/AGG	GENOMAD.154834.CP	3.605e-07	52	0	0	0	1	NA	NA	NA	PF10469;K01975;TIGR02258;COG1514	2'-5' RNA ligase
JBHJCM010000007.1_20	19643	20842	1200	1	0.659	11	AGGA	NA	NA	NA	0	0	0	1	NA	NA	NA	NA	NA
JBHJCM010000007.1_21	21358	23574	2217	1	0.645	11	GGAG/GAGG	GENOMAD.129297.CP	7.565e-17	88	0	0	0	1	NA	NA	NA	K15721;COG4773	Outer membrane receptor for ferric coprogen and ferric-rhodotorulic acid
JBHJCM010000007.1_22	23652	24656	1005	1	0.665	11	AGGAG	NA	NA	NA	0	0	0	1	NA	NA	NA	NA	NA
JBHJCM010000007.1_23	25177	30075	4899	1	0.663	11	GGA/GAG/AGG	GENOMAD.145722.CP	9.127e-116	414	0	0	0	1	NA	NA	NA	PF07678;PF17973;PF17972;PF17962;PF11974;PF01835;PF00207;PF17970;K06894;COG2373	Uncharacterized conserved protein YfaS, alpha-2-macroglobulin family
JBHJCM010000007.1_24	30710	33403	2694	1	0.625	11	None	GENOMAD.152082.CP	3.806e-26	119	0	0	0	1	NA	NA	NA	PF00593;PF07715;PF00691;TIGR01782;COG4773;K16089	TonB-dependent receptor
JBHJCM010000007.1_25	33546	34493	948	1	0.648	11	GGAG/GAGG	GENOMAD.216117.PC	1.4e-10	65	0	0	0	1	NA	NA	NA	PF16387	NA
JBHJCM010000007.1_26	34914	37304	2391	1	0.669	11	GGA/GAG/AGG	NA	NA	NA	0	0	0	1	NA	NA	NA	NA	NA
JBHJCM010000007.1_27	37653	38213	561	-1	0.599	11	AGGA/GGAG/GAGG	GENOMAD.012059.CC	7.787e-06	48	0	0	0	1	NA	NA	NA	PF12902;PF09537;K03594;TIGR00754;COG0783	bacterioferritin
JBHJCM010000007.1_28	38253	38633	381	-1	0.635	11	GGA/GAG/AGG	GENOMAD.104113.VV	0.0004545	41	0	0	0	1246	Caudoviricetes	NA	NA	K24136	NA
JBHJCM010000007.1_29	38634	38735	102	-1	0.608	11	AGGAG	NA	NA	NA	0	0	0	1	NA	NA	NA	NA	NA
JBHJCM010000007.1_30	38898	39374	477	1	0.623	11	GGAGG	NA	NA	NA	0	0	0	1	NA	NA	NA	NA	NA
JBHJCM010000007.1_31	39788	40687	900	1	0.678	11	GGAG/GAGG	GENOMAD.092059.VV	2.931e-12	70	0	0	0	1246	Caudoviricetes	NA	NA	PF00226;K05516;TIGR02349;COG0484	chaperone protein DnaJ
JBHJCM010000007.1_32	41185	41571	387	1	0.628	11	GGA/GAG/AGG	NA	NA	NA	0	0	0	1	NA	NA	NA	NA	NA
JBHJCM010000007.1_33	42251	43378	1128	1	0.673	11	GGAG/GAGG	GENOMAD.151838.CP	2.127e-05	49	0	0	0	1	NA	NA	NA	PF13421;K04088;TIGR01932;COG0330	HflC protein
JBHJCM010000007.1_34	43378	44241	864	1	0.633	11	GGAG/GAGG	NA	NA	NA	0	0	0	1	NA	NA	NA	NA	NA
JBHJCM010000007.1_35	45489	46781	1293	1	0.659	11	AGGAG	NA	NA	NA	0	0	0	1	NA	NA	NA	NA	NA
JBHJCM010000007.1_36	47157	49829	2673	1	0.645	11	AGGA	NA	NA	NA	0	0	0	1	NA	NA	NA	NA	NA
JBHJCM010000007.1_37	50086	50238	153	-1	0.621	11	None	NA	NA	NA	0	0	0	1	NA	NA	NA	NA	NA
JBHJCM010000007.1_38	50550	51263	714	-1	0.683	11	GGAG/GAGG	NA	NA	NA	0	0	0	1	NA	NA	NA	NA	NA
JBHJCM010000007.1_39	51335	51925	591	1	0.709	11	GGA/GAG/AGG	GENOMAD.141836.CP	7.565e-18	84	0	0	0	1	NA	NA	NA	PF16925;PF13022;PF00083;K19335;TIGR03384;COG3226	transcriptional repressor BetI
JBHJCM010000007.1_40	52287	53333	1047	1	0.601	11	None	NA	NA	NA	0	0	0	1	NA	NA	NA	NA	NA
JBHJCM010000007.1_41	53499	54416	918	1	0.598	11	GGAG/GAGG	NA	NA	NA	0	0	0	1	NA	NA	NA	NA	NA
JBHJCM010000007.1_42	54437	56101	1665	1	0.627	11	GGAG/GAGG	NA	NA	NA	0	0	0	1	NA	NA	NA	NA	NA
JBHJCM010000007.1_43	56228	56758	531	1	0.663	11	GGA/GAG/AGG	NA	NA	NA	0	0	0	1	NA	NA	NA	NA	NA
JBHJCM010000007.1_44	56748	57323	576	1	0.604	11	GGAG/GAGG	GENOMAD.190173.PC	2.164e-23	100	0	0	0	1	NA	NA	NA	PF10706;COG4849	Predicted nucleotidyltransferase
JBHJCM010000007.1_45	57513	57776	264	1	0.652	11	None	NA	NA	NA	0	0	0	1	NA	NA	NA	NA	NA
JBHJCM010000007.1_46	57783	58091	309	1	0.615	11	GGA/GAG/AGG	GENOMAD.151194.PC	5.121e-35	129	0	1	0	1	NA	NA	NA	PF05016;COG3668;K19093;TIGR02385	Plasmid stabilization system protein ParE
JBHJCM010000007.1_47	58132	59022	891	1	0.636	11	GGAG/GAGG	GENOMAD.167997.CP	0.0001173	46	0	0	0	1	NA	NA	NA	PF16561;COG1715	Glycogen recognition site of AMP-activated protein kinase
JBHJCM010000007.1_48	59095	61281	2187	1	0.566	11	GGA/GAG/AGG	NA	NA	NA	0	0	0	1	NA	NA	NA	NA	NA
JBHJCM010000007.1_49	61278	62372	1095	1	0.632	11	AGGA	NA	NA	NA	0	0	0	1	NA	NA	NA	NA	NA
JBHJCM010000007.1_50	62369	63688	1320	1	0.514	11	AGGAG	NA	NA	NA	0	0	0	1	NA	NA	NA	NA	NA
JBHJCM010000007.1_51	63698	66781	3084	1	0.588	11	AGGA	NA	NA	NA	0	0	0	1	NA	NA	NA	NA	NA
JBHJCM010000007.1_52	67081	67347	267	1	0.629	11	AGGAG	NA	NA	NA	0	0	0	1	NA	NA	NA	NA	NA
JBHJCM010000007.1_53	67580	69133	1554	-1	0.638	11	None	NA	NA	NA	0	0	0	1	NA	NA	NA	NA	NA
JBHJCM010000007.1_54	69824	70186	363	1	0.656	11	None	NA	NA	NA	0	0	0	1	NA	NA	NA	NA	NA
JBHJCM010000007.1_55	70250	70879	630	-1	0.640	11	None	NA	NA	NA	0	0	0	1	NA	NA	NA	NA	NA
JBHJCM010000007.1_56	71101	71874	774	1	0.668	11	AGGAG	NA	NA	NA	0	0	0	1	NA	NA	NA	NA	NA
JBHJCM010000007.1_57	71874	72743	870	1	0.706	11	GGAG/GAGG	NA	NA	NA	0	0	0	1	NA	NA	NA	NA	NA
JBHJCM010000007.1_58	73034	74545	1512	1	0.614	11	GGAGG	GENOMAD.153314.CP	8.282e-06	51	0	0	0	1	NA	NA	NA	PF17189	Glycosyl hydrolase family 30 beta sandwich domain
JBHJCM010000007.1_59	74675	76480	1806	-1	0.648	11	None	NA	NA	NA	0	0	0	1	NA	NA	NA	NA	NA
JBHJCM010000007.1_60	76477	77379	903	-1	0.620	11	AGGAG	NA	NA	NA	0	0	0	1	NA	NA	NA	NA	NA
JBHJCM010000007.1_61	77858	80161	2304	-1	0.651	11	GGAG/GAGG	GENOMAD.140646.CP	3.252e-170	554	0	0	0	1246	Caudoviricetes	NA	NA	PF07971;PF17678;TIGR01180;COG3537;K03931	alpha-1,2-mannosidase, putative
JBHJCM010000007.1_62	80579	81559	981	-1	0.655	11	GGAG/GAGG	NA	NA	NA	0	0	0	1	NA	NA	NA	NA	NA
JBHJCM010000007.1_63	81721	82350	630	1	0.683	11	None	NA	NA	NA	0	0	0	1	NA	NA	NA	NA	NA
JBHJCM010000007.1_64	82700	84409	1710	1	0.684	11	None	NA	NA	NA	0	0	0	1	NA	NA	NA	NA	NA
JBHJCM010000007.1_65	84406	84711	306	1	0.667	11	AGGAG/GGAGG	NA	NA	NA	0	0	0	1	NA	NA	NA	NA	NA
JBHJCM010000007.1_66	84915	85661	747	-1	0.648	11	None	NA	NA	NA	0	0	0	1	NA	NA	NA	NA	NA
JBHJCM010000007.1_67	85810	86448	639	1	0.654	11	GGA/GAG/AGG	NA	NA	NA	0	0	0	1	NA	NA	NA	NA	NA
JBHJCM010000007.1_68	86683	89211	2529	1	0.661	11	None	NA	NA	NA	0	0	0	1	NA	NA	NA	NA	NA
JBHJCM010000007.1_69	89631	91928	2298	-1	0.654	11	GGAGG	NA	NA	NA	0	0	0	1	NA	NA	NA	NA	NA
JBHJCM010000007.1_70	91925	92989	1065	-1	0.659	11	GGA/GAG/AGG	GENOMAD.138352.CP	6.547e-34	137	0	0	0	1	NA	NA	NA	PF00941;PF03450;K11178;TIGR03195;COG1319	4-hydroxybenzoyl-CoA reductase, beta subunit
JBHJCM010000007.1_71	92986	93564	579	-1	0.656	11	None	NA	NA	NA	0	0	0	1	NA	NA	NA	NA	NA
JBHJCM010000007.1_72	93862	95181	1320	1	0.668	11	GGAG/GAGG	GENOMAD.158964.CP	1.719e-118	388	0	0	0	1	NA	NA	NA	PF05559;K09003;COG1415	NA
JBHJCM010000007.1_73	95178	95771	594	1	0.641	11	GGA/GAG/AGG	NA	NA	NA	0	0	0	1	NA	NA	NA	NA	NA
JBHJCM010000007.1_74	95834	96178	345	1	0.626	11	GGAGG	GENOMAD.178606.CP	0.0003218	41	0	0	0	1	NA	NA	NA	PF11699;TIGR04366;COG0662;K14673	Mif2/CENP-C like
JBHJCM010000007.1_75	96341	96844	504	1	0.625	11	GGA/GAG/AGG	NA	NA	NA	0	0	0	1	NA	NA	NA	NA	NA
JBHJCM010000007.1_76	96952	97377	426	-1	0.610	11	None	NA	NA	NA	0	0	0	1	NA	NA	NA	NA	NA
JBHJCM010000007.1_77	97386	97607	222	-1	0.617	11	GGA/GAG/AGG	NA	NA	NA	0	0	0	1	NA	NA	NA	NA	NA
JBHJCM010000007.1_78	97757	98362	606	1	0.673	11	None	NA	NA	NA	0	0	0	1	NA	NA	NA	NA	NA
JBHJCM010000007.1_79	98364	99017	654	1	0.694	11	GGA/GAG/AGG	GENOMAD.171994.PC	1.532e-11	66	0	0	0	1	NA	NA	NA	PF03846;K13053;TIGR00623;COG5404	cell division inhibitor SulA
JBHJCM010000007.1_80	99027	100445	1419	1	0.695	11	GGAG/GAGG	GENOMAD.154735.PC	1.753e-58	214	0	0	0	1	NA	NA	NA	PF00817;K14161;COG0389	Nucleotidyltransferase/DNA polymerase involved in DNA repair
JBHJCM010000007.1_81	100620	103868	3249	1	0.648	11	GGA/GAG/AGG	GENOMAD.161283.VC	2.247e-15	84	0	0	0	1246	Caudoviricetes	NA	NA	PF17657;COG1387	Bacterial DNA polymerase III alpha subunit finger domain
JBHJCM010000007.1_82	103935	105893	1959	1	0.631	11	GGAG/GAGG	GENOMAD.129013.CP	0.0001978	47	0	0	0	1	NA	NA	NA	PF00326;PF00930;K01278;COG1770;TIGR02821	Prolyl oligopeptidase family; Dipeptidyl peptidase IV (DPP IV) N-terminal region
JBHJCM010000007.1_83	106103	106921	819	1	0.663	11	GGAG/GAGG	GENOMAD.090871.CV	0.0008634	43	0	0	0	1246	Caudoviricetes	NA	NA	PF12917;COG3294;TIGR00488;K06951	Metal-dependent phosphatase/phosphodiesterase, HD supefamily
JBHJCM010000007.1_84	107352	109322	1971	1	0.667	11	GGA/GAG/AGG	GENOMAD.091902.CP	7.565e-118	396	0	0	0	1246	Caudoviricetes	NA	NA	COG1297	Uncharacterized membrane protein, oligopeptide transporter (OPT) family
JBHJCM010000007.1_85	110029	110865	837	1	0.651	11	GGA/GAG/AGG	GENOMAD.215399.PC	2.492e-25	109	0	0	0	1	NA	NA	NA	PF13557;COG4313	Putative MetA-pathway of phenol degradation
JBHJCM010000007.1_86	111155	113275	2121	1	0.650	11	GGAG/GAGG	GENOMAD.124220.CP	0.0004415	46	0	0	0	1	NA	NA	NA	PF00326;PF14583;K01278;COG1770;TIGR02821	Protease II
JBHJCM010000007.1_87	113515	113922	408	-1	0.637	11	GGAG/GAGG	NA	NA	NA	0	0	0	1	NA	NA	NA	NA	NA
JBHJCM010000007.1_88	114225	114683	459	1	0.706	11	AGGA	NA	NA	NA	0	0	0	1	NA	NA	NA	NA	NA
JBHJCM010000007.1_89	114815	115540	726	1	0.607	11	None	NA	NA	NA	0	0	0	1	NA	NA	NA	NA	NA
JBHJCM010000007.1_90	116435	118192	1758	1	0.614	11	GGA/GAG/AGG	GENOMAD.062130.PP	2.152e-227	711	0	0	0	1	NA	NA	NA	NA	NA
JBHJCM010000007.1_91	118143	118361	219	1	0.644	11	None	NA	NA	NA	0	0	0	1	NA	NA	NA	NA	NA
JBHJCM010000007.1_92	118413	118688	276	-1	0.670	11	None	NA	NA	NA	0	0	0	1	NA	NA	NA	NA	NA
JBHJCM010000007.1_93	118685	119353	669	-1	0.604	11	None	NA	NA	NA	0	0	0	1	NA	NA	NA	NA	NA
JBHJCM010000007.1_94	119350	119997	648	-1	0.583	11	None	NA	NA	NA	0	0	0	1	NA	NA	NA	NA	NA
JBHJCM010000007.1_95	120720	122828	2109	-1	0.626	11	GGAG/GAGG	NA	NA	NA	0	0	0	1	NA	NA	NA	NA	NA
JBHJCM010000007.1_96	123036	123890	855	-1	0.651	11	AGGA	NA	NA	NA	0	0	0	1	NA	NA	NA	NA	NA
JBHJCM010000007.1_97	123948	125582	1635	-1	0.673	11	None	GENOMAD.178810.CP	6.903e-25	113	0	0	0	1	NA	NA	NA	PF19465;PF00135;K01753;TIGR02035;COG3048	D-serine ammonia-lyase
JBHJCM010000007.1_98	125761	128625	2865	-1	0.661	11	GGA/GAG/AGG	NA	NA	NA	0	0	0	1	NA	NA	NA	NA	NA
JBHJCM010000007.1_99	129092	129271	180	-1	0.656	11	GGAG/GAGG	NA	NA	NA	0	0	0	1	NA	NA	NA	NA	NA
JBHJCM010000007.1_100	129623	130498	876	1	0.676	11	None	GENOMAD.061009.VV	3.556e-21	97	0	0	0	1246	Caudoviricetes	NA	NA	PF19798;K13472;COG4424	Sulfotransferase domain
JBHJCM010000007.1_101	130587	131825	1239	1	0.701	11	GGxGG	GENOMAD.137385.CP	1.824e-26	116	0	0	0	1	NA	NA	NA	PF00529;K13408;TIGR01843;COG1566	type I secretion membrane fusion protein, HlyD family
JBHJCM010000007.1_102	131822	133978	2157	1	0.661	11	None	NA	NA	NA	0	0	0	1	NA	NA	NA	NA	NA
JBHJCM010000007.1_103	134287	135510	1224	1	0.675	11	None	NA	NA	NA	0	0	0	1	NA	NA	NA	NA	NA
JBHJCM010000007.1_104	135527	135931	405	1	0.691	11	AGGAG	NA	NA	NA	0	0	0	1	NA	NA	NA	NA	NA
JBHJCM010000007.1_105	136415	138433	2019	-1	0.639	11	AGGA	GENOMAD.118842.CP	7.849e-90	314	0	0	0	1	NA	NA	NA	K01283;COG2317	Zn-dependent carboxypeptidase, M32 family
JBHJCM010000007.1_106	138548	140215	1668	-1	0.629	11	GGA/GAG/AGG	NA	NA	NA	0	0	0	1	NA	NA	NA	NA	NA
JBHJCM010000007.1_107	140212	140976	765	-1	0.647	11	GGA/GAG/AGG	NA	NA	NA	0	0	0	1	NA	NA	NA	NA	NA
JBHJCM010000007.1_108	141076	142803	1728	-1	0.688	11	GGA/GAG/AGG	GENOMAD.133902.CP	6.238e-115	384	0	0	0	1	NA	NA	NA	COG1807;K07264	4-amino-4-deoxy-L-arabinose transferase or related glycosyltransferase of PMT family
JBHJCM010000007.1_109	143026	143742	717	1	0.661	11	GGA/GAG/AGG	NA	NA	NA	0	0	0	1	NA	NA	NA	NA	NA
JBHJCM010000007.1_110	143708	145024	1317	1	0.668	11	GGA/GAG/AGG	NA	NA	NA	0	0	0	1	NA	NA	NA	NA	NA
JBHJCM010000007.1_111	145195	145686	492	-1	0.671	11	GGA/GAG/AGG	GENOMAD.020187.CC	2.608e-79	260	0	0	0	1	NA	NA	NA	PF06114	NA
JBHJCM010000007.1_112	145755	146012	258	-1	0.597	11	GGAGG	GENOMAD.147428.CP	2.103e-06	46	0	0	0	1	NA	NA	NA	K03608;COG0851	Septum formation topological specificity factor MinE
JBHJCM010000007.1_113	146015	146824	810	-1	0.637	11	GGAG/GAGG	NA	NA	NA	0	0	0	1	NA	NA	NA	NA	NA
JBHJCM010000007.1_114	146860	147606	747	-1	0.685	11	GGAG/GAGG	GENOMAD.140610.CP	2.856e-36	140	0	0	0	1	NA	NA	NA	K03610;COG0850	Septum formation inhibitor MinC
JBHJCM010000007.1_115	147610	148209	600	-1	0.638	11	GGAG/GAGG	GENOMAD.183713.CV	3.199e-21	94	0	0	0	1	NA	NA	NA	PF12568;K06977;COG3818;TIGR04431	Predicted acetyltransferase, GNAT superfamily
JBHJCM010000007.1_116	148446	149642	1197	1	0.675	11	None	GENOMAD.151958.CP	2.355e-05	49	0	0	0	1	NA	NA	NA	PF07730;K11623;COG3920	Two-component sensor histidine kinase, HisKA and HATPase domains
JBHJCM010000007.1_117	149642	150283	642	1	0.643	11	AGGAG	NA	NA	NA	0	0	0	1	NA	NA	NA	NA	NA
JBHJCM010000007.1_118	150634	151815	1182	1	0.613	11	GGAG/GAGG	GENOMAD.004307.CC	4.333e-187	584	0	0	0	1	NA	NA	NA	PF20603;PF03364;COG4276	Bacterial hydrolase; Polyketide cyclase / dehydrase and lipid transport
JBHJCM010000007.1_119	151912	152283	372	1	0.694	11	GGA/GAG/AGG	GENOMAD.091113.CP	5.544e-52	179	0	0	0	1	NA	NA	NA	PF04241;COG2363	Uncharacterized membrane protein YgdD, TMEM256/DUF423 family
JBHJCM010000007.1_120	152286	152960	675	1	0.677	11	GGAG/GAGG	NA	NA	NA	0	0	0	1	NA	NA	NA	NA	NA
JBHJCM010000007.1_121	153036	153833	798	-1	0.653	11	None	NA	NA	NA	0	0	0	1	NA	NA	NA	NA	NA
JBHJCM010000007.1_122	153960	154142	183	-1	0.574	11	GGA/GAG/AGG	NA	NA	NA	0	0	0	1	NA	NA	NA	NA	NA
JBHJCM010000007.1_123	154139	154423	285	-1	0.656	11	GGA/GAG/AGG	NA	NA	NA	0	0	0	1	NA	NA	NA	NA	NA
JBHJCM010000007.1_124	154580	155449	870	-1	0.632	11	AGGA	NA	NA	NA	0	0	0	1	NA	NA	NA	NA	NA
JBHJCM010000007.1_125	155574	156776	1203	1	0.672	11	GGA/GAG/AGG	NA	NA	NA	0	0	0	1	NA	NA	NA	NA	NA
JBHJCM010000007.1_126	157570	157710	141	1	0.404	11	GGAG/GAGG	NA	NA	NA	0	0	0	1	NA	NA	NA	NA	NA
JBHJCM010000007.1_127	157988	158602	615	-1	0.502	11	GGA/GAG/AGG	NA	NA	NA	0	0	0	1	NA	NA	NA	NA	NA
JBHJCM010000007.1_128	158858	160090	1233	-1	0.677	11	GGA/GAG/AGG	GENOMAD.191812.CP	1.668e-82	282	0	0	0	1	NA	NA	NA	PF03372;K18353;TIGR03395;COG5239	sphingomyelin phosphodiesterase
JBHJCM010000007.1_129	160143	161057	915	-1	0.675	11	None	GENOMAD.001078.CC	2.712e-65	227	0	0	0	1	NA	NA	NA	PF04377;PF04376;K21420;COG2935	Arginyl-tRNA--protein-N-Asp/Glu arginylyltransferase
JBHJCM010000007.1_130	161098	161688	591	1	0.677	11	AGGAG	GENOMAD.177995.CP	2.039e-06	50	0	0	0	1	NA	NA	NA	PF08976;PF13405;COG5126;K13974	Ca2+-binding protein, EF-hand superfamily
JBHJCM010000007.1_131	161855	162340	486	-1	0.560	11	GGAG/GAGG	NA	NA	NA	0	0	0	1	NA	NA	NA	NA	NA
JBHJCM010000007.1_132	162600	163793	1194	-1	0.680	11	GGA/GAG/AGG	NA	NA	NA	0	0	0	1	NA	NA	NA	NA	NA
JBHJCM010000007.1_133	163903	164415	513	-1	0.661	11	None	NA	NA	NA	0	0	0	1	NA	NA	NA	NA	NA
JBHJCM010000007.1_134	164649	164867	219	-1	0.676	11	None	NA	NA	NA	0	0	0	1	NA	NA	NA	NA	NA
JBHJCM010000007.1_135	164883	165554	672	-1	0.638	11	GGA/GAG/AGG	NA	NA	NA	0	0	0	1	NA	NA	NA	NA	NA
JBHJCM010000007.1_136	165624	166394	771	-1	0.686	11	AGGAG	NA	NA	NA	0	0	0	1	NA	NA	NA	NA	NA
JBHJCM010000007.1_137	166418	166888	471	1	0.658	11	GGAGG	GENOMAD.151097.CP	1.429e-12	67	0	0	0	1	NA	NA	NA	PF04314;COG2847;K11081	Copper chaperone PCu(A)C
JBHJCM010000007.1_138	167002	167406	405	-1	0.620	11	GGA/GAG/AGG	GENOMAD.138033.CP	1.749e-28	112	0	0	0	1	NA	NA	NA	PF13279;K12500;TIGR02799;COG0824	tol-pal system-associated acyl-CoA thioesterase
JBHJCM010000007.1_139	167406	170369	2964	-1	0.647	11	GGA/GAG/AGG	NA	NA	NA	0	0	0	1	NA	NA	NA	NA	NA
JBHJCM010000007.1_140	170662	170982	321	1	0.607	11	AGGA	GENOMAD.080110.CV	3.114e-26	104	1	0	0	1	NA	NA	NA	PF00829;TIGR00061;K02888;COG0261	ribosomal protein L21
JBHJCM010000007.1_141	170995	171255	261	1	0.625	11	AGGAG	GENOMAD.080397.CV	2.647e-34	126	1	0	0	1246	Caudoviricetes	NA	NA	PF01016;COG0211;TIGR00062	Ribosomal protein L27
JBHJCM010000007.1_142	171502	172569	1068	1	0.650	11	None	NA	NA	NA	0	0	0	1	NA	NA	NA	NA	NA
JBHJCM010000007.1_143	172661	172930	270	-1	0.626	11	AGGA	GENOMAD.000079.CC	2.303e-14	69	1	0	0	1	NA	NA	NA	PF01649;COG0268;TIGR00029	Ribosomal protein S20
JBHJCM010000007.1_144	173047	174639	1593	1	0.650	11	GGA/GAG/AGG	GENOMAD.113193.CP	2.597e-40	161	0	0	0	1	NA	NA	NA	PF03023;K03980;TIGR01695;COG0728	murein biosynthesis integral membrane protein MurJ
JBHJCM010000007.1_145	174826	175878	1053	1	0.660	11	GGA/GAG/AGG	NA	NA	NA	0	0	0	1	NA	NA	NA	NA	NA
JBHJCM010000007.1_146	175936	178716	2781	1	0.667	11	GGA/GAG/AGG	NA	NA	NA	0	0	0	1	NA	NA	NA	NA	NA
JBHJCM010000007.1_147	178795	179313	519	1	0.645	11	None	GENOMAD.128855.CP	4.64e-25	104	0	0	0	1	NA	NA	NA	PF01252;COG0597;TIGR00077;K03101	Lipoprotein signal peptidase
JBHJCM010000007.1_148	179380	180330	951	1	0.667	11	None	NA	NA	NA	0	0	0	1	NA	NA	NA	NA	NA
JBHJCM010000007.1_149	180857	181792	936	1	0.604	11	GGA/GAG/AGG	GENOMAD.182403.PC	3.07e-05	48	0	0	0	1	NA	NA	NA	PF06481	COX Aromatic Rich Motif
JBHJCM010000007.1_150	181792	183792	2001	1	0.615	11	GGAG/GAGG	NA	NA	NA	0	0	0	1	NA	NA	NA	NA	NA
JBHJCM010000007.1_151	183789	184421	633	1	0.629	11	None	NA	NA	NA	0	0	0	1	NA	NA	NA	NA	NA
JBHJCM010000007.1_152	184421	184756	336	1	0.598	11	GGAG/GAGG	GENOMAD.170384.CP	1.944e-17	79	0	0	0	1	NA	NA	NA	PF03626;K02300;TIGR02847;COG3125	cytochrome o ubiquinol oxidase subunit IV
JBHJCM010000007.1_153	184925	186805	1881	1	0.633	11	GGAG/GAGG	GENOMAD.124001.CP	2.437e-198	629	0	0	0	1	NA	NA	NA	PF17899;PF01433;PF19805;COG3975;TIGR02411;K01254	Predicted metalloprotease, contains C-terminal PDZ domain
JBHJCM010000007.1_154	187055	188446	1392	1	0.671	11	None	NA	NA	NA	0	0	0	1	NA	NA	NA	NA	NA
JBHJCM010000007.1_155	188857	189243	387	1	0.605	11	AGGAG	NA	NA	NA	0	0	0	1	NA	NA	NA	NA	NA
JBHJCM010000007.1_156	189766	190557	792	-1	0.628	11	GGA/GAG/AGG	NA	NA	NA	0	0	0	1	NA	NA	NA	NA	NA
JBHJCM010000007.1_157	191387	192817	1431	1	0.655	11	GGA/GAG/AGG	NA	NA	NA	0	0	0	1	NA	NA	NA	NA	NA
JBHJCM010000007.1_158	193029	194897	1869	1	0.664	11	None	NA	NA	NA	0	0	0	1	NA	NA	NA	NA	NA
JBHJCM010000007.1_159	194923	197247	2325	1	0.664	11	AGGAG	GENOMAD.194623.CP	0.0	1370	0	0	0	1	NA	NA	NA	PF07079;TIGR03939;COG2956;K11935	poly-beta-1,6 N-acetyl-D-glucosamine export porin PgaA
JBHJCM010000007.1_160	197908	198750	843	1	0.626	11	GGxGG	GENOMAD.138290.CP	1.883e-47	174	0	0	0	1	NA	NA	NA	PF09385;PF01740;K17762;COG5439;TIGR02886	anti-sigma F factor antagonist
JBHJCM010000007.1_161	198752	199114	363	1	0.631	11	GGA/GAG/AGG	GENOMAD.140621.CP	4.787e-44	156	0	0	0	1	NA	NA	NA	PF01740;K17762;TIGR02886;COG1366	anti-sigma F factor antagonist
JBHJCM010000007.1_162	199111	199506	396	1	0.662	11	None	GENOMAD.137439.CP	1.151e-31	121	0	0	0	1	NA	NA	NA	PF13581;K17752;TIGR01924;COG2172	serine-protein kinase RsbW
JBHJCM010000007.1_163	199509	200507	999	1	0.698	11	GGA/GAG/AGG	GENOMAD.137465.CP	2.688e-89	298	0	0	0	1	NA	NA	NA	PF07228;PF13581;K05518;COG0631;TIGR01924	Stage II sporulation protein E (SpoIIE); Histidine kinase-like ATPase domain
JBHJCM010000007.1_164	200504	201379	876	1	0.623	11	GGAGG	NA	NA	NA	0	0	0	1	NA	NA	NA	NA	NA
JBHJCM010000007.1_165	201369	203324	1956	1	0.652	11	GGAGG	NA	NA	NA	0	0	0	1	NA	NA	NA	NA	NA
JBHJCM010000007.1_166	203417	205084	1668	-1	0.654	11	GGAG/GAGG	GENOMAD.137986.CP	2.342e-06	53	0	0	0	1	NA	NA	NA	PF03664;PF04616;COG3507;K15921	Beta-xylosidase
JBHJCM010000007.1_167	205370	207739	2370	1	0.643	11	AGGA	GENOMAD.129297.CP	3.086e-19	96	0	0	0	1	NA	NA	NA	K15721;COG4773	Outer membrane receptor for ferric coprogen and ferric-rhodotorulic acid
JBHJCM010000007.1_168	207857	208303	447	-1	0.653	11	GGAG/GAGG	GENOMAD.159874.CP	6.479e-09	56	0	0	0	1	NA	NA	NA	PF10122;K03672;TIGR01206;COG1996	lysine biosynthesis protein LysW
JBHJCM010000007.1_169	208477	208842	366	-1	0.593	11	GGAGG	NA	NA	NA	0	0	0	1	NA	NA	NA	NA	NA
JBHJCM010000007.1_170	209206	210336	1131	-1	0.637	11	GGA/GAG/AGG	NA	NA	NA	0	0	0	1	NA	NA	NA	NA	NA
JBHJCM010000007.1_171	210333	210917	585	-1	0.692	11	GGA/GAG/AGG	NA	NA	NA	0	0	0	1	NA	NA	NA	NA	NA
JBHJCM010000007.1_172	210914	211738	825	-1	0.628	11	None	GENOMAD.111713.CP	4.958e-15	78	0	0	0	1	NA	NA	NA	PF01739;PF20225;PF03705;K00575;COG1352;TIGR04345	Methylase of chemotaxis methyl-accepting proteins
JBHJCM010000007.1_173	211735	214908	3174	-1	0.653	11	None	GENOMAD.142686.CP	1.564e-34	147	0	0	0	1	NA	NA	NA	K19691;COG3159	NA
JBHJCM010000007.1_174	215067	216230	1164	1	0.637	11	AGGA/GGAG/GAGG	NA	NA	NA	0	0	0	1	NA	NA	NA	NA	NA
JBHJCM010000007.1_175	216223	216591	369	1	0.618	11	AGGAG	NA	NA	NA	0	0	0	1	NA	NA	NA	NA	NA
JBHJCM010000007.1_176	216820	218403	1584	-1	0.640	11	AGGAG	NA	NA	NA	0	0	0	1	NA	NA	NA	NA	NA
JBHJCM010000007.1_177	218641	219690	1050	1	0.668	11	GGA/GAG/AGG	GENOMAD.162190.CP	1.438e-08	59	0	0	0	1	NA	NA	NA	PF01263;COG2017;TIGR02636;K01785	Galactose mutarotase or related enzyme
JBHJCM010000007.1_178	219955	220746	792	-1	0.665	11	None	GENOMAD.093434.CV	3.862e-23	102	0	0	0	1	NA	NA	NA	PF01578;COG4137;TIGR03144;K02497	ABC-type uncharacterized transport system, permease component
JBHJCM010000007.1_179	221143	222519	1377	1	0.663	11	None	GENOMAD.050490.CV	6.138e-55	203	1	0	0	1246	Caudoviricetes	NA	NA	PF02881;PF01591;K03106;TIGR00959;COG0541	signal recognition particle protein
JBHJCM010000007.1_180	222707	223549	843	1	0.684	11	None	NA	NA	NA	0	0	0	1	NA	NA	NA	NA	NA
JBHJCM010000007.1_181	223791	224564	774	1	0.672	11	None	NA	NA	NA	0	0	0	1	NA	NA	NA	NA	NA
JBHJCM010000007.1_182	224662	224919	258	1	0.659	11	AGGA	NA	NA	NA	0	0	0	1	NA	NA	NA	NA	NA
JBHJCM010000007.1_183	224963	225475	513	1	0.618	11	GGA/GAG/AGG	GENOMAD.062686.CP	8.107e-45	161	1	0	0	1	NA	NA	NA	PF01782;PF05239;COG0806;TIGR02273;K02860	Ribosomal 30S subunit maturation factor RimM, required for 16S rRNA processing
JBHJCM010000007.1_184	225541	226299	759	1	0.657	11	None	GENOMAD.061903.CP	1.228e-25	109	0	0	0	1246	Caudoviricetes	NA	NA	PF01782;PF03448;PF05239;PF01746;COG0806;K00554;TIGR00088	Ribosomal 30S subunit maturation factor RimM, required for 16S rRNA processing
JBHJCM010000007.1_185	226445	226852	408	1	0.620	11	None	NA	NA	NA	0	0	0	1	NA	NA	NA	NA	NA
JBHJCM010000007.1_186	227120	228613	1494	-1	0.653	11	None	GENOMAD.126024.CP	2.348e-15	82	0	0	0	1246	Caudoviricetes	NA	NA	PF04506;K03327;TIGR00797;COG0534	Rft protein
JBHJCM010000007.1_187	228996	229691	696	1	0.704	11	None	GENOMAD.177097.CP	1.642e-06	51	0	0	0	1	NA	NA	NA	PF13280;TIGR03985	WYL domain
JBHJCM010000007.1_188	229750	230406	657	1	0.683	11	AGGA	NA	NA	NA	0	0	0	1	NA	NA	NA	NA	NA
JBHJCM010000007.1_189	230630	231037	408	1	0.667	11	GGA/GAG/AGG	GENOMAD.080041.CP	8.571e-20	87	0	0	0	1	NA	NA	NA	PF01479;COG1188;TIGR02988	Ribosomal 50S subunit-recycling heat shock protein, contains S4 domain
JBHJCM010000007.1_190	231161	233407	2247	-1	0.661	11	GGA/GAG/AGG	NA	NA	NA	0	0	0	1	NA	NA	NA	NA	NA
JBHJCM010000007.1_191	233838	234452	615	-1	0.688	11	AGGA	GENOMAD.181672.CP	3.955e-20	91	0	0	0	1	NA	NA	NA	PF06078;COG5403	Bacterial protein of unknown function (DUF937)
JBHJCM010000007.1_192	234740	237361	2622	-1	0.654	11	GGA/GAG/AGG	NA	NA	NA	0	0	0	1	NA	NA	NA	NA	NA
JBHJCM010000007.1_193	238369	241170	2802	1	0.591	11	GGA/GAG/AGG	NA	NA	NA	0	0	0	1	NA	NA	NA	NA	NA
JBHJCM010000007.1_194	241413	244139	2727	1	0.595	11	None	NA	NA	NA	0	0	0	1	NA	NA	NA	NA	NA
JBHJCM010000008.1_1	2	235	234	-1	0.611	11	GGA/GAG/AGG	GENOMAD.031536.PP	5.864e-38	136	0	1	0	1	NA	NA	NA	PF06504;COG5534	Replication protein C (RepC)
JBHJCM010000008.1_2	223	672	450	-1	0.584	11	GGAG/GAGG	GENOMAD.031536.PP	2.854e-63	213	0	1	0	1	NA	NA	NA	PF06504;COG5534	Replication protein C (RepC)
JBHJCM010000008.1_3	629	1504	876	-1	0.676	11	GGAG/GAGG	NA	NA	NA	0	0	0	1	NA	NA	NA	NA	NA
JBHJCM010000008.1_4	1508	1741	234	-1	0.620	11	GGxGG	NA	NA	NA	0	0	0	1	NA	NA	NA	NA	NA
JBHJCM010000008.1_5	1832	2842	1011	1	0.571	11	None	NA	NA	NA	0	0	0	1	NA	NA	NA	NA	NA
JBHJCM010000008.1_6	2946	3191	246	1	0.598	11	GGAG/GAGG	NA	NA	NA	0	0	0	1	NA	NA	NA	NA	NA
JBHJCM010000008.1_7	3281	4483	1203	-1	0.629	11	GGA/GAG/AGG	NA	NA	NA	0	0	0	1	NA	NA	NA	NA	NA
JBHJCM010000008.1_8	4792	6357	1566	-1	0.641	11	None	GENOMAD.032975.CC	7.937e-22	103	1	0	0	1246	Caudoviricetes	NA	NA	PF00958;PF13638;PF09002;TIGR03642;K07158;COG1875	GMP synthase C terminal domain; PIN domain
JBHJCM010000008.1_9	6479	7936	1458	-1	0.646	11	None	NA	NA	NA	0	0	0	1	NA	NA	NA	NA	NA
JBHJCM010000008.1_10	7970	8158	189	-1	0.656	11	GGAG/GAGG	NA	NA	NA	0	0	0	1	NA	NA	NA	NA	NA
JBHJCM010000008.1_11	8118	9029	912	-1	0.677	11	None	NA	NA	NA	0	0	0	1	NA	NA	NA	NA	NA
JBHJCM010000008.1_12	9079	9399	321	1	0.607	11	None	GENOMAD.110127.CP	9.165e-39	140	0	0	0	1	NA	NA	NA	PF06844;COG3492;K09948	NA
JBHJCM010000008.1_13	9670	11520	1851	-1	0.651	11	None	NA	NA	NA	0	0	0	1	NA	NA	NA	NA	NA
JBHJCM010000008.1_14	11694	12587	894	-1	0.621	11	None	NA	NA	NA	0	0	0	1	NA	NA	NA	NA	NA
JBHJCM010000008.1_15	12587	14494	1908	-1	0.631	11	GGA/GAG/AGG	NA	NA	NA	0	0	0	1	NA	NA	NA	NA	NA
JBHJCM010000008.1_16	14508	15476	969	-1	0.635	11	GGxGG	NA	NA	NA	0	0	0	1	NA	NA	NA	NA	NA
JBHJCM010000008.1_17	15476	16654	1179	-1	0.625	11	GGA/GAG/AGG	GENOMAD.092833.CV	1.51e-96	322	0	0	0	1	NA	NA	NA	PF04733;PF18073;K19804;COG2956;TIGR00540	Lipopolysaccharide biosynthesis regulator YciM, contains six TPR domains and a predicted metal-binding C-terminal domain
JBHJCM010000008.1_18	16661	16966	306	-1	0.611	11	GGAG/GAGG	GENOMAD.036873.CC	1.734e-14	70	0	0	0	1	NA	NA	NA	PF06305;COG5416	Uncharacterized membrane protein YciS, DUF1049 family
JBHJCM010000008.1_19	17033	17344	312	-1	0.603	11	None	NA	NA	NA	0	0	0	1	NA	NA	NA	NA	NA
JBHJCM010000008.1_20	17433	19118	1686	-1	0.619	11	GGA/GAG/AGG	NA	NA	NA	0	0	0	1	NA	NA	NA	NA	NA
JBHJCM010000008.1_21	19301	19984	684	-1	0.659	11	GGA/GAG/AGG	NA	NA	NA	0	0	0	1	NA	NA	NA	NA	NA
JBHJCM010000008.1_22	20157	20282	126	1	0.603	11	GGAG/GAGG	GENOMAD.112966.CP	3.527e-11	57	0	0	0	1	NA	NA	NA	PF00444;COG0257;TIGR01022	Ribosomal protein L36
JBHJCM010000008.1_23	20523	20864	342	1	0.637	11	GGAG/GAGG	GENOMAD.008251.CC	6.963e-53	181	0	0	0	1	NA	NA	NA	PF11006	CAP-associated N-terminal
JBHJCM010000008.1_24	21100	22134	1035	1	0.665	11	GGA/GAG/AGG	NA	NA	NA	0	0	0	1	NA	NA	NA	NA	NA
JBHJCM010000008.1_25	22260	23144	885	1	0.667	11	GGA/GAG/AGG	GENOMAD.140368.CP	5.774e-12	69	0	0	0	1	NA	NA	NA	PF00795;K01506;TIGR03381;COG0388	N-carbamoylputrescine amidase
JBHJCM010000008.1_26	23148	23687	540	1	0.628	11	None	NA	NA	NA	0	0	0	1	NA	NA	NA	NA	NA
JBHJCM010000008.1_27	23680	24900	1221	1	0.652	11	None	NA	NA	NA	0	0	0	1	NA	NA	NA	NA	NA
JBHJCM010000008.1_28	25125	26021	897	-1	0.642	11	GGA/GAG/AGG	GENOMAD.177900.CP	6.543e-13	72	0	0	0	1	NA	NA	NA	PF19580;K06896;TIGR03395;COG0708	sphingomyelin phosphodiesterase
JBHJCM010000008.1_29	26081	29248	3168	-1	0.653	11	GGAG/GAGG	NA	NA	NA	0	0	0	1	NA	NA	NA	NA	NA
JBHJCM010000008.1_30	29245	30081	837	-1	0.624	11	AGGA	NA	NA	NA	0	0	0	1	NA	NA	NA	NA	NA
JBHJCM010000008.1_31	30078	30962	885	-1	0.628	11	GGAG/GAGG	NA	NA	NA	0	0	0	1	NA	NA	NA	NA	NA
JBHJCM010000008.1_32	30959	32329	1371	-1	0.646	11	GGA/GAG/AGG	GENOMAD.123940.CP	2.179e-16	85	0	0	0	1	NA	NA	NA	PF13416;K10120;COG2182;TIGR03850	Maltose-binding periplasmic protein MalE
JBHJCM010000008.1_33	32333	33952	1620	-1	0.631	11	GGxGG	GENOMAD.162180.CP	1.872e-114	381	0	0	0	1	NA	NA	NA	PF10091;COG5368	Putative glucoamylase
JBHJCM010000008.1_34	34056	37034	2979	-1	0.630	11	GGAGG	GENOMAD.125907.CP	3.999e-15	83	0	0	0	1	NA	NA	NA	PF14905;PF07715;TIGR01783;COG4771;K19611	TonB-dependent siderophore receptor
JBHJCM010000008.1_35	37168	38190	1023	-1	0.696	11	GGAGG	NA	NA	NA	0	0	0	1	NA	NA	NA	NA	NA
JBHJCM010000008.1_36	38568	38837	270	-1	0.693	11	None	GENOMAD.108170.CP	1.986e-08	52	0	0	0	1	NA	NA	NA	PF01722;COG5007;K05527	Acid stress-induced BolA-like protein IbaG/YrbA, predicted regulator of iron metabolism
JBHJCM010000008.1_37	38834	39133	300	-1	0.700	11	GGAG/GAGG	GENOMAD.153334.CP	9.153e-28	108	0	0	0	1	NA	NA	NA	PF03795;K09780;COG2350;TIGR03221	Uncharacterized conserved protein YciI, contains a putative active-site phosphohistidine
JBHJCM010000008.1_38	39368	40390	1023	1	0.626	11	GGA/GAG/AGG	GENOMAD.123012.CP	8.234e-19	91	0	0	0	1	NA	NA	NA	PF02616;COG1354;K05896	Chromatin segregation and condensation protein Rec8/ScpA/Scc1, kleisin family
JBHJCM010000008.1_39	40404	41600	1197	1	0.674	11	None	NA	NA	NA	0	0	0	1	NA	NA	NA	NA	NA
JBHJCM010000008.1_40	41593	43236	1644	1	0.704	11	GGAG/GAGG	GENOMAD.109423.CP	1.048e-34	144	0	0	0	1246	Caudoviricetes	NA	NA	PF13275;K06183;COG1187;TIGR00005	16S rRNA U516 pseudouridylate synthase RsuA and related 23S rRNA U2605, pseudouridylate synthases
JBHJCM010000008.1_41	43577	44014	438	-1	0.626	11	None	NA	NA	NA	0	0	0	1	NA	NA	NA	NA	NA
JBHJCM010000008.1_42	44178	44948	771	1	0.637	11	GGA/GAG/AGG	NA	NA	NA	0	0	0	1	NA	NA	NA	NA	NA
JBHJCM010000008.1_43	45035	45835	801	-1	0.645	11	GGA/GAG/AGG	GENOMAD.126969.CP	1.53e-09	61	0	0	0	1	NA	NA	NA	PF00795;TIGR03381;K01506;COG0388	N-carbamoylputrescine amidase
JBHJCM010000008.1_44	45984	47132	1149	-1	0.655	11	GGA/GAG/AGG	GENOMAD.126770.CP	4.194e-09	61	0	0	0	1	NA	NA	NA	NA	NA
JBHJCM010000008.1_45	47359	48003	645	1	0.684	11	GGA/GAG/AGG	NA	NA	NA	0	0	0	1	NA	NA	NA	NA	NA
JBHJCM010000008.1_46	48000	48695	696	1	0.672	11	GGAGG	GENOMAD.137442.CP	1.366e-26	111	0	0	0	1	NA	NA	NA	PF03379;TIGR01190;COG2386	heme exporter protein CcmB
JBHJCM010000008.1_47	48790	49542	753	1	0.647	11	None	GENOMAD.123398.CP	1.207e-24	106	0	0	0	1	NA	NA	NA	K02195;TIGR01191;COG0755	heme exporter protein CcmC
JBHJCM010000008.1_48	49539	49709	171	1	0.678	11	AGGAG	NA	NA	NA	0	0	0	1	NA	NA	NA	NA	NA
JBHJCM010000008.1_49	49706	50176	471	1	0.648	11	GGAG/GAGG	GENOMAD.134025.CP	2.646e-42	153	0	0	0	1	NA	NA	NA	PF03100;K02197;COG2332;TIGR00752	Cytochrome c-type biogenesis protein CcmE
JBHJCM010000008.1_50	50348	52285	1938	1	0.678	11	None	GENOMAD.137760.CP	4.659e-62	230	0	0	0	1	NA	NA	NA	COG1138	Cytochrome c biogenesis factor
JBHJCM010000008.1_51	52278	52880	603	1	0.653	11	GGAG/GAGG	GENOMAD.130406.CP	2.101e-05	47	0	0	0	1246	Caudoviricetes	NA	NA	PF00578;PF17127;TIGR00385;K02199;COG0386	periplasmic protein thiol:disulfide oxidoreductases, DsbE subfamily
JBHJCM010000008.1_52	52877	53308	432	1	0.681	11	None	NA	NA	NA	0	0	0	1	NA	NA	NA	NA	NA
JBHJCM010000008.1_53	53308	54321	1014	1	0.701	11	AGGAG	GENOMAD.145456.CP	2.063e-24	108	0	0	0	1	NA	NA	NA	PF09976;COG4235;TIGR03142;K02656	Cytochrome c-type biogenesis protein CcmH/NrfG
JBHJCM010000008.1_54	54622	55824	1203	1	0.658	11	None	NA	NA	NA	0	0	0	1	NA	NA	NA	NA	NA
JBHJCM010000008.1_55	55976	56590	615	1	0.621	11	GGA/GAG/AGG	GENOMAD.161509.CP	1.151e-08	57	0	0	0	1	NA	NA	NA	PF06961;COG3326	Uncharacterized membrane protein YsdA, DUF1294 family
JBHJCM010000008.1_56	56663	58348	1686	-1	0.691	11	GGAGG	NA	NA	NA	0	0	0	1	NA	NA	NA	NA	NA
JBHJCM010000008.1_57	58345	60081	1737	-1	0.684	11	None	NA	NA	NA	0	0	0	1	NA	NA	NA	NA	NA
JBHJCM010000008.1_58	60233	61855	1623	1	0.610	11	GGA/GAG/AGG	NA	NA	NA	0	0	0	1	NA	NA	NA	NA	NA
JBHJCM010000008.1_59	61872	63023	1152	1	0.651	11	AGGAG	NA	NA	NA	0	0	0	1	NA	NA	NA	NA	NA
JBHJCM010000008.1_60	63112	63222	111	1	0.631	11	AGGAG	NA	NA	NA	0	0	0	1	NA	NA	NA	NA	NA
JBHJCM010000008.1_61	63442	64707	1266	1	0.702	11	GGA/GAG/AGG	NA	NA	NA	0	0	0	1	NA	NA	NA	NA	NA
JBHJCM010000008.1_62	64688	66601	1914	-1	0.649	11	GGAG/GAGG	NA	NA	NA	0	0	0	1	NA	NA	NA	NA	NA
JBHJCM010000008.1_63	66926	69337	2412	1	0.663	11	None	NA	NA	NA	0	0	0	1	NA	NA	NA	NA	NA
JBHJCM010000008.1_64	69438	70682	1245	-1	0.667	11	None	NA	NA	NA	0	0	0	1	NA	NA	NA	NA	NA
JBHJCM010000008.1_65	70843	71997	1155	-1	0.682	11	AGGA	NA	NA	NA	0	0	0	1	NA	NA	NA	NA	NA
JBHJCM010000008.1_66	72011	72271	261	-1	0.651	11	GGA/GAG/AGG	GENOMAD.183170.CP	1.805e-15	72	0	0	0	1	NA	NA	NA	PF02426;COG4829;TIGR03221	Muconolactone delta-isomerase
JBHJCM010000008.1_67	72268	73566	1299	-1	0.661	11	GGA/GAG/AGG	NA	NA	NA	0	0	0	1	NA	NA	NA	NA	NA
JBHJCM010000008.1_68	73691	74641	951	-1	0.638	11	GGA/GAG/AGG	GENOMAD.115187.CP	1.333e-25	111	0	0	0	1	NA	NA	NA	PF02774;PF01118;K05829;TIGR01850;COG0002	N-acetyl-gamma-glutamyl-phosphate reductase, common form
JBHJCM010000008.1_69	74638	75204	567	-1	0.663	11	GGA/GAG/AGG	NA	NA	NA	0	0	0	1	NA	NA	NA	NA	NA
JBHJCM010000008.1_70	75255	76598	1344	-1	0.625	11	None	GENOMAD.198386.CV	2.319e-51	192	0	0	0	1	NA	NA	NA	PF04768	NAT, N-acetyltransferase, of N-acetylglutamate synthase
JBHJCM010000008.1_71	76643	77743	1101	-1	0.670	11	None	NA	NA	NA	0	0	0	1	NA	NA	NA	NA	NA
JBHJCM010000008.1_72	77749	78201	453	-1	0.640	11	GGAG/GAGG	NA	NA	NA	0	0	0	1	NA	NA	NA	NA	NA
JBHJCM010000008.1_73	78442	79677	1236	-1	0.635	11	AGGA	GENOMAD.101078.CP	4.149e-08	58	0	0	0	1	NA	NA	NA	NA	NA
JBHJCM010000008.1_74	79732	80763	1032	-1	0.621	11	AGGA	GENOMAD.121677.CP	3.259e-09	61	0	0	0	1	NA	NA	NA	NA	NA
JBHJCM010000008.1_75	81076	81570	495	-1	0.655	11	None	GENOMAD.029544.CC	1.677e-59	203	0	0	0	1	NA	NA	NA	COG3134	Uncharacterized conserved protein YcfJ, contains glycine zipper 2TM domain
JBHJCM010000008.1_76	81748	83172	1425	1	0.658	11	GGA/GAG/AGG	NA	NA	NA	0	0	0	1	NA	NA	NA	NA	NA
JBHJCM010000008.1_77	83438	83875	438	1	0.635	11	GGA/GAG/AGG	GENOMAD.135911.CV	7.108e-05	44	0	0	0	16033	Crassvirales	NA	NA	PF02657;K02426;COG2166;TIGR03391	Sulfur transfer protein SufE, Fe-S cluster assembly
JBHJCM010000008.1_78	83872	85122	1251	1	0.687	11	None	GENOMAD.140488.CP	3.583e-07	55	0	0	0	1	NA	NA	NA	K23448;COG2223	Nitrate/nitrite transporter NarK
JBHJCM010000008.1_79	85337	86377	1041	-1	0.636	11	AGGA	GENOMAD.141801.CP	4.262e-19	92	0	0	0	1	NA	NA	NA	TIGR02420;COG1734	RNA polymerase-binding protein DksA
JBHJCM010000008.1_80	86462	86755	294	1	0.653	11	None	NA	NA	NA	0	0	0	1	NA	NA	NA	NA	NA
JBHJCM010000008.1_81	86752	88101	1350	1	0.644	11	AGGA	NA	NA	NA	0	0	0	1	NA	NA	NA	NA	NA
JBHJCM010000008.1_82	88101	88943	843	1	0.674	11	None	NA	NA	NA	0	0	0	1	NA	NA	NA	NA	NA
JBHJCM010000008.1_83	89101	89562	462	1	0.626	11	GGAG/GAGG	GENOMAD.132461.CP	1.773e-06	49	0	0	0	1	NA	NA	NA	PF13669;K05606;TIGR03081;COG2764	methylmalonyl-CoA epimerase
JBHJCM010000008.1_84	89989	90219	231	1	0.602	11	AGGAG	NA	NA	NA	0	0	0	1	NA	NA	NA	NA	NA
JBHJCM010000008.1_85	90250	91344	1095	1	0.637	11	None	NA	NA	NA	0	0	0	1	NA	NA	NA	NA	NA
JBHJCM010000008.1_86	91341	92750	1410	1	0.645	11	None	NA	NA	NA	0	0	0	1	NA	NA	NA	NA	NA
JBHJCM010000008.1_87	92827	93561	735	1	0.669	11	None	NA	NA	NA	0	0	0	1	NA	NA	NA	NA	NA
JBHJCM010000008.1_88	93616	93906	291	-1	0.567	11	AGGAG	NA	NA	NA	0	0	0	1	NA	NA	NA	NA	NA
JBHJCM010000008.1_89	94000	94881	882	-1	0.653	11	GGAG/GAGG	GENOMAD.154597.PC	1.098e-61	216	0	0	0	1	NA	NA	NF033105	PF00753;K13075;TIGR04558;COG0491	quinoprotein relay system zinc metallohydrolase 1
JBHJCM010000008.1_90	95001	95489	489	-1	0.601	11	AGGA	GENOMAD.179162.PC	6.933e-43	155	0	0	0	1	NA	NA	NA	PF16242;COG3871;TIGR04025	Pyridoxamine 5'-phosphate oxidase like
JBHJCM010000008.1_91	95922	96947	1026	1	0.588	11	GGA/GAG/AGG	GENOMAD.190703.PC	8.567e-11	66	0	0	0	1	NA	NA	NA	PF03761;K04775;COG3591;TIGR02038	V8-like Glu-specific endopeptidase
JBHJCM010000008.1_92	97395	98249	855	1	0.478	11	GGAG/GAGG	GENOMAD.191510.PC	3.456e-100	327	0	0	0	1	NA	NA	NA	PF00544;K01728;COG3866	Pectate lyase
JBHJCM010000008.1_93	98870	100540	1671	1	0.606	11	GGAG/GAGG	GENOMAD.179497.PC	4.852e-76	269	0	0	0	1	NA	NA	NA	K01184;COG5434	Polygalacturonase
JBHJCM010000008.1_94	100757	101446	690	-1	0.696	11	GGA/GAG/AGG	GENOMAD.028244.CC	3.152e-92	301	0	0	0	1	NA	NA	NA	PF00494;COG1562;TIGR03465	Phytoene/squalene synthetase
JBHJCM010000008.1_95	101475	102167	693	-1	0.664	11	GGxGG	NA	NA	NA	0	0	0	1	NA	NA	NA	NA	NA
JBHJCM010000008.1_96	102253	102972	720	-1	0.646	11	GGAG/GAGG	GENOMAD.136799.CP	0.0003157	44	0	0	0	1	NA	NA	NA	PF08123;TIGR02021;K13623;COG4106	magnesium protoporphyrin O-methyltransferase
JBHJCM010000008.1_97	103003	104340	1338	-1	0.656	11	GGA/GAG/AGG	GENOMAD.127377.CP	5.719e-05	48	0	0	0	1	NA	NA	NA	PF00962;K18456;TIGR03314;COG1816	putative selenium metabolism protein SsnA
JBHJCM010000008.1_98	104358	105338	981	-1	0.679	11	None	GENOMAD.205455.PC	1.427e-35	141	0	0	0	1	NA	NA	NA	NA	NA
JBHJCM010000008.1_99	105344	105910	567	-1	0.628	11	AGGAG	GENOMAD.105354.CP	1.006e-50	179	1	0	0	1	NA	NA	NA	PF09285;PF01132;PF08207;K02356;TIGR02178;COG0231	elongation factor P-like protein YeiP
JBHJCM010000008.1_100	106100	107041	942	1	0.710	11	AGxAG	NA	NA	NA	0	0	0	1	NA	NA	NA	NA	NA
JBHJCM010000008.1_101	107141	109258	2118	-1	0.666	11	GGA/GAG/AGG	NA	NA	NA	0	0	0	1	NA	NA	NA	NA	NA
JBHJCM010000008.1_102	109255	110115	861	-1	0.664	11	GGA/GAG/AGG	GENOMAD.145709.CP	7.932e-136	430	0	0	0	1	NA	NA	NA	PF06646;K02044;TIGR03431;COG3221	Extracytoplasmic thiamine-binding lipoprotein
JBHJCM010000008.1_103	110236	110922	687	-1	0.699	11	None	NA	NA	NA	0	0	0	1	NA	NA	NA	NA	NA
JBHJCM010000008.1_104	111118	111951	834	1	0.645	11	GGAG/GAGG	GENOMAD.123216.CP	1.214e-19	92	0	0	0	1	NA	NA	NA	PF00459;K01092;COG0483;TIGR02067	Archaeal fructose-1,6-bisphosphatase or related enzyme of inositol monophosphatase family
JBHJCM010000008.1_105	112328	112939	612	-1	0.611	11	AGGAG	NA	NA	NA	0	0	0	1	NA	NA	NA	NA	NA
JBHJCM010000008.1_106	113191	113631	441	1	0.694	11	GGA/GAG/AGG	GENOMAD.192274.CP	1.422e-27	110	0	0	0	1	NA	NA	NA	PF00545	ribonuclease
JBHJCM010000008.1_107	113628	114053	426	1	0.676	11	GGA/GAG/AGG	GENOMAD.178838.CP	1.181e-18	84	0	0	0	1246	Caudoviricetes	NA	NA	PF01337;COG2732;K03623	Barstar, RNAse (barnase) inhibitor
JBHJCM010000008.1_108	114344	116233	1890	-1	0.645	11	None	NA	NA	NA	0	0	0	1	NA	NA	NA	NA	NA
JBHJCM010000008.1_109	116344	117726	1383	1	0.669	11	None	GENOMAD.100160.CP	5.095e-08	58	0	0	0	1	NA	NA	NA	PF17774	Putative RNA-binding domain in YlmH
JBHJCM010000008.1_110	117827	118387	561	-1	0.656	11	None	NA	NA	NA	0	0	0	1	NA	NA	NA	NA	NA
JBHJCM010000008.1_111	118482	120038	1557	-1	0.672	11	GGA/GAG/AGG	NA	NA	NA	0	0	0	1	NA	NA	NA	NA	NA
JBHJCM010000008.1_112	120380	121195	816	1	0.652	11	None	NA	NA	NA	0	0	0	1	NA	NA	NA	NA	NA
JBHJCM010000008.1_113	121409	122107	699	-1	0.642	11	None	NA	NA	NA	0	0	0	1	NA	NA	NA	NA	NA
JBHJCM010000008.1_114	122278	122487	210	-1	0.619	11	AGGAG	NA	NA	NA	0	0	0	1	NA	NA	NA	NA	NA
JBHJCM010000008.1_115	123040	123588	549	1	0.670	11	None	GENOMAD.151568.CP	5.999e-71	237	0	0	0	1	NA	NA	NA	PF07152;COG4681	Uncharacterized conserved protein YaeQ, suppresses RfaH defect
JBHJCM010000008.1_116	123585	124766	1182	1	0.655	11	None	GENOMAD.117314.CP	1.955e-20	97	0	0	0	1	NA	NA	NA	NA	NA
JBHJCM010000008.1_117	124982	127051	2070	1	0.644	11	GGAG/GAGG	NA	NA	NA	0	0	0	1	NA	NA	NA	NA	NA
JBHJCM010000008.1_118	127151	128029	879	-1	0.650	11	GGAG/GAGG	GENOMAD.119278.CP	7.683e-76	257	0	0	0	1	NA	NA	NA	PF01435	Peptidase family M48
JBHJCM010000008.1_119	128127	129026	900	1	0.702	11	None	NA	NA	NA	0	0	0	1	NA	NA	NA	NA	NA
JBHJCM010000008.1_120	129109	129849	741	1	0.644	11	GGAG/GAGG	NA	NA	NA	0	0	0	1	NA	NA	NA	NA	NA
JBHJCM010000008.1_121	130009	130584	576	1	0.635	11	None	GENOMAD.123535.CP	8.741e-10	60	0	0	0	1	NA	NA	NA	PF05233	PHB accumulation regulatory domain
JBHJCM010000008.1_122	130769	131743	975	-1	0.681	11	GGAG/GAGG	GENOMAD.130634.CP	5.318e-40	154	0	0	0	1	NA	NA	NA	PF01963;K09973;COG3735;TIGR00261	Uncharacterized conserved protein YbaP, TraB family
JBHJCM010000008.1_123	131777	132712	936	-1	0.658	11	GGAG/GAGG	GENOMAD.159926.CP	4.291e-36	142	0	0	0	1	NA	NA	NA	PF07920;COG3358;K09164	Uncharacterized conserved protein, DUF1684 family
JBHJCM010000008.1_124	132712	134589	1878	-1	0.669	11	GGAG/GAGG	NA	NA	NA	0	0	0	1	NA	NA	NA	NA	NA
JBHJCM010000008.1_125	134728	136428	1701	-1	0.674	11	None	GENOMAD.082750.CP	8.634e-09	61	0	0	0	1	NA	NA	NA	PF11741	AMIN domain
JBHJCM010000008.1_126	136477	136998	522	-1	0.663	11	GGAG/GAGG	GENOMAD.073523.CV	1.018e-34	132	1	0	0	1	NA	NA	NA	PF02367;K06925;TIGR00150;COG0802	tRNA threonylcarbamoyl adenosine modification protein YjeE
JBHJCM010000008.1_127	136995	138482	1488	-1	0.694	11	None	GENOMAD.093644.CP	1.564e-17	89	1	0	0	1	NA	NA	NA	PF03853;TIGR00197;COG0062;K23997	yjeF N-terminal region
JBHJCM010000008.1_128	138507	139574	1068	1	0.661	11	None	NA	NA	NA	0	0	0	1	NA	NA	NA	NA	NA
JBHJCM010000008.1_129	139698	141035	1338	1	0.682	11	GGA/GAG/AGG	NA	NA	NA	0	0	0	1	NA	NA	NA	NA	NA
JBHJCM010000008.1_130	141328	142590	1263	-1	0.665	11	GGA/GAG/AGG	GENOMAD.196178.PC	2.583e-49	185	0	1	0	1	NA	NA	NA	PF06057;COG3946;TIGR03100;K05714	Type IV secretory pathway, VirJ component
JBHJCM010000008.1_131	143087	144832	1746	-1	0.699	11	None	GENOMAD.010877.CC	7.431e-08	58	0	0	0	1	NA	NA	NA	K09667;COG4105	Outer membrane protein assembly factor BamD, BamD/ComL family
JBHJCM010000008.1_132	145191	146282	1092	1	0.678	11	GGA/GAG/AGG	NA	NA	NA	0	0	0	1	NA	NA	NA	NA	NA
JBHJCM010000008.1_133	146487	149105	2619	-1	0.655	11	GGA/GAG/AGG	GENOMAD.151253.CP	1.707e-37	156	0	0	0	1	NA	NA	NA	PF01896;COG3285;TIGR02778	Eukaryotic-type DNA primase
JBHJCM010000008.1_134	149120	149296	177	-1	0.627	11	AGGAG	GENOMAD.224383.PV	1.238e-07	48	0	0	0	1246	Caudoviricetes	NA	NA	PF12244	NA
JBHJCM010000008.1_135	149516	149917	402	1	0.600	11	GGAG/GAGG	GENOMAD.116980.PP	3.599e-53	183	0	0	0	1	NA	NA	NA	COG2916;K11685	DNA-binding protein H-NS
JBHJCM010000008.1_136	150261	151475	1215	1	0.614	11	AGGAG	NA	NA	NA	0	0	0	1	NA	NA	NA	NA	NA
JBHJCM010000008.1_137	151487	152248	762	-1	0.546	11	AGGA/GGAG/GAGG	NA	NA	NA	0	0	0	1	NA	NA	NA	NA	NA
JBHJCM010000008.1_138	152878	153117	240	1	0.637	11	GGA/GAG/AGG	NA	NA	NA	0	0	0	1	NA	NA	NA	NA	NA
JBHJCM010000008.1_139	153142	153936	795	1	0.545	11	None	NA	NA	NA	0	0	0	1	NA	NA	NA	NA	NA
JBHJCM010000008.1_140	154430	154663	234	1	0.620	11	GGA/GAG/AGG	NA	NA	NA	0	0	0	1	NA	NA	NA	NA	NA
JBHJCM010000008.1_141	154910	155086	177	1	0.650	11	GGA/GAG/AGG	NA	NA	NA	0	0	0	1	NA	NA	NA	NA	NA
JBHJCM010000008.1_142	155390	156475	1086	1	0.666	11	GGxGG	NA	NA	NA	0	0	0	1	NA	NA	NA	NA	NA
JBHJCM010000008.1_143	156518	157027	510	-1	0.635	11	GGA/GAG/AGG	GENOMAD.119444.CP	1.67e-16	79	0	0	0	1	NA	NA	NA	PF01584;COG0835;K13489	Chemotaxis signal transduction protein
JBHJCM010000008.1_144	157039	158697	1659	-1	0.650	11	GGA/GAG/AGG	NA	NA	NA	0	0	0	1	NA	NA	NA	NA	NA
JBHJCM010000008.1_145	158995	159615	621	1	0.689	11	None	NA	NA	NA	0	0	0	1	NA	NA	NA	NA	NA
JBHJCM010000008.1_146	159555	163949	4395	-1	0.682	11	None	GENOMAD.132239.CP	1.23e-100	364	0	0	0	1	NA	NA	NA	PF08494	DEAD/H associated
JBHJCM010000008.1_147	164328	164672	345	1	0.646	11	None	GENOMAD.138361.CV	2.953e-14	70	0	0	0	1	NA	NA	NA	PF11743	NA
JBHJCM010000008.1_148	164866	165198	333	-1	0.613	11	GGAGG	NA	NA	NA	0	0	0	1	NA	NA	NA	NA	NA
JBHJCM010000008.1_149	165389	165829	441	-1	0.669	11	None	GENOMAD.159368.VC	2.899e-19	86	0	0	0	6467	Agricanvirus	NA	NA	PF04386;K03600;COG2969	Stringent starvation protein B, binds SsrA peptide
JBHJCM010000008.1_150	165908	166543	636	-1	0.612	11	GGAG/GAGG	NA	NA	NA	0	0	0	1	NA	NA	NA	NA	NA
JBHJCM010000008.1_151	166953	167633	681	-1	0.604	11	GGxGG	GENOMAD.095404.CP	4.515e-69	234	0	0	0	1	NA	NA	NA	PF02167;K02720;TIGR04484	Cytochrome C1 family
JBHJCM010000008.1_152	167704	168963	1260	-1	0.609	11	GGxGG	GENOMAD.118563.CP	2.146e-27	119	0	0	0	1	NA	NA	NA	COG1290;K00412	Cytochrome b subunit of the bc complex
JBHJCM010000008.1_153	168963	169607	645	-1	0.620	11	GGAG/GAGG	NA	NA	NA	0	0	0	1	NA	NA	NA	NA	NA
JBHJCM010000008.1_154	170114	171097	984	-1	0.666	11	GGA/GAG/AGG	NA	NA	NA	0	0	0	1	NA	NA	NA	NA	NA
JBHJCM010000008.1_155	171289	172254	966	-1	0.713	11	GGxGG	NA	NA	NA	0	0	0	1	NA	NA	NA	NA	NA
JBHJCM010000008.1_156	172359	173003	645	1	0.684	11	GGAG/GAGG	NA	NA	NA	0	0	0	1	NA	NA	NA	NA	NA
JBHJCM010000008.1_157	173042	174496	1455	1	0.644	11	GGA/GAG/AGG	NA	NA	NA	0	0	0	1	NA	NA	NA	NA	NA
JBHJCM010000008.1_158	174920	175903	984	1	0.624	11	None	GENOMAD.137621.VC	1.917e-06	52	0	0	0	1246	Caudoviricetes	NA	NA	PF13086;TIGR03158;COG0210	AAA domain
JBHJCM010000008.1_159	176008	176451	444	1	0.651	11	None	NA	NA	NA	0	0	0	1	NA	NA	NA	NA	NA
JBHJCM010000008.1_160	176551	177036	486	1	0.648	11	None	GENOMAD.106003.CV	4.665e-06	48	1	0	0	1246	Caudoviricetes	NA	NA	PF02130;TIGR00043;COG0319	rRNA maturation RNase YbeY
JBHJCM010000008.1_161	177036	177554	519	1	0.655	11	AGGAG	NA	NA	NA	0	0	0	1	NA	NA	NA	NA	NA
JBHJCM010000008.1_162	177650	178528	879	1	0.637	11	None	NA	NA	NA	0	0	0	1	NA	NA	NA	NA	NA
JBHJCM010000008.1_163	178525	179796	1272	1	0.670	11	AGGA	GENOMAD.137314.CP	1.917e-98	329	0	0	0	1	NA	NA	NA	NA	NA
JBHJCM010000008.1_164	179812	180813	1002	1	0.628	11	AGGA	NA	NA	NA	0	0	0	1	NA	NA	NA	NA	NA
JBHJCM010000008.1_165	180972	182336	1365	-1	0.668	11	AGGAG	NA	NA	NA	0	0	0	1	NA	NA	NA	NA	NA
JBHJCM010000008.1_166	182549	183397	849	-1	0.647	11	GGA/GAG/AGG	NA	NA	NA	0	0	0	1	NA	NA	NA	NA	NA
JBHJCM010000008.1_167	183394	184437	1044	-1	0.632	11	None	NA	NA	NA	0	0	0	1	NA	NA	NA	NA	NA
JBHJCM010000008.1_168	184434	185285	852	-1	0.646	11	GGA/GAG/AGG	GENOMAD.126777.CP	3.206e-07	54	0	0	0	1	NA	NA	NA	PF17912;PF03459;COG3585;TIGR00638	MalK OB fold domain; TOBE domain
JBHJCM010000008.1_169	185682	187172	1491	-1	0.698	11	None	NA	NA	NA	0	0	0	1	NA	NA	NA	NA	NA
JBHJCM010000008.1_170	187177	188763	1587	-1	0.662	11	AGGAG	GENOMAD.162124.CP	0.0001488	47	0	0	0	1	NA	NA	NA	PF06609;K03446;TIGR00711;COG2223	drug resistance transporter, EmrB/QacA subfamily
JBHJCM010000008.1_171	188760	189962	1203	-1	0.670	11	AGGA	GENOMAD.138157.CP	8.255e-43	165	0	0	0	1	NA	NA	NA	PF13437;TIGR02828	HlyD family secretion protein
JBHJCM010000008.1_172	190212	191327	1116	-1	0.616	11	GGAG/GAGG	GENOMAD.152308.CP	2.088e-05	49	0	0	0	1	NA	NA	NA	PF13416;K11069;TIGR03227;COG4134	2-aminoethylphosphonate ABC transporter, periplasmic 2-aminoethylphosphonate binding protein
JBHJCM010000008.1_173	191547	192914	1368	-1	0.664	11	GGAG/GAGG	NA	NA	NA	0	0	0	1	NA	NA	NA	NA	NA
JBHJCM010000008.1_174	193129	194514	1386	-1	0.634	11	GGA/GAG/AGG	GENOMAD.120657.CP	6.1e-09	61	0	0	0	1	NA	NA	NA	PF00120;COG3968;TIGR03105;K01915	Glutamine synthetase type III
JBHJCM010000008.1_175	194521	195276	756	-1	0.680	11	GGA/GAG/AGG	GENOMAD.194686.CP	3.087e-13	72	0	0	0	1	NA	NA	NA	PF07722;K09473	Peptidase C26
JBHJCM010000008.1_176	195420	196799	1380	1	0.670	11	GGA/GAG/AGG	GENOMAD.120657.CP	1.749e-06	53	0	0	0	1	NA	NA	NA	PF00120;COG3968;TIGR03105;K01915	Glutamine synthetase type III
JBHJCM010000008.1_177	196799	198115	1317	1	0.704	11	None	NA	NA	NA	0	0	0	1	NA	NA	NA	NA	NA
JBHJCM010000008.1_178	198200	199498	1299	1	0.636	11	None	NA	NA	NA	0	0	0	1	NA	NA	NA	NA	NA
JBHJCM010000008.1_179	199628	200089	462	1	0.604	11	GGA/GAG/AGG	NA	NA	NA	0	0	0	1	NA	NA	NA	NA	NA
JBHJCM010000008.1_180	200206	201486	1281	-1	0.660	11	GGA/GAG/AGG	NA	NA	NA	0	0	0	1	NA	NA	NA	NA	NA
JBHJCM010000008.1_181	201791	202099	309	-1	0.680	11	None	NA	NA	NA	0	0	0	1	NA	NA	NA	NA	NA
JBHJCM010000008.1_182	202059	204407	2349	-1	0.653	11	GGAG/GAGG	NA	NA	NA	0	0	0	1	NA	NA	NA	NA	NA
JBHJCM010000008.1_183	204404	205249	846	-1	0.662	11	GGA/GAG/AGG	GENOMAD.151402.CP	1.314e-18	89	0	0	0	1	NA	NA	NA	PF02634;K18360;COG1526;TIGR00129	Formate dehydrogenase assembly factor FdhD
JBHJCM010000008.1_184	205256	206935	1680	-1	0.655	11	GGA/GAG/AGG	NA	NA	NA	0	0	0	1	NA	NA	NA	NA	NA
JBHJCM010000008.1_185	207464	208816	1353	1	0.670	11	GGAG/GAGG	NA	NA	NA	0	0	0	1	NA	NA	NA	NA	NA
JBHJCM010000008.1_186	208951	209805	855	1	0.671	11	None	GENOMAD.216231.VP	6.113e-16	81	0	0	1	1246	Caudoviricetes	NA	NA	PF05521;TIGR01563;COG5614	phage head-tail adaptor, putative, SPP1 family
JBHJCM010000008.1_187	210097	211341	1245	1	0.633	11	None	GENOMAD.167755.CP	2.622e-89	302	0	0	0	1	NA	NA	NA	COG2733	Uncharacterized membrane-anchored protein YjiN, DUF445 family
JBHJCM010000008.1_188	211485	215579	4095	1	0.654	11	AGGA	NA	NA	NA	0	0	0	1	NA	NA	NA	NA	NA
JBHJCM010000008.1_189	215610	216596	987	1	0.666	11	AGGA	NA	NA	NA	0	0	0	1	NA	NA	NA	NA	NA
JBHJCM010000008.1_190	217075	218502	1428	1	0.652	11	GGA/GAG/AGG	NA	NA	NA	0	0	0	1	NA	NA	NA	NA	NA
JBHJCM010000008.1_191	218732	223741	5010	-1	0.653	11	None	GENOMAD.119435.CP	0.0	1168	0	0	0	1	NA	NA	NA	PF05088;K15371;COG2902	Bacterial NAD-glutamate dehydrogenase
JBHJCM010000008.1_192	224110	224679	570	1	0.654	11	GGA/GAG/AGG	GENOMAD.127433.CP	3.057e-90	293	0	0	0	1	NA	NA	NA	PF14246;PF13022;K18301;TIGR03613;COG3226	pyrimidine utilization regulatory protein R
JBHJCM010000008.1_193	224694	226001	1308	1	0.704	11	GGAG/GAGG	NA	NA	NA	0	0	0	1	NA	NA	NA	NA	NA
JBHJCM010000008.1_194	226014	229184	3171	1	0.641	11	GGA/GAG/AGG	NA	NA	NA	0	0	0	1	NA	NA	NA	NA	NA
JBHJCM010000008.1_195	229530	230528	999	-1	0.678	11	GGA/GAG/AGG	NA	NA	NA	0	0	0	1	NA	NA	NA	NA	NA
JBHJCM010000008.1_196	230912	231790	879	-1	0.726	11	None	NA	NA	NA	0	0	0	1	NA	NA	NA	NA	NA
JBHJCM010000008.1_197	232027	233205	1179	1	0.699	11	GGA/GAG/AGG	NA	NA	NA	0	0	0	1	NA	NA	NA	NA	NA
JBHJCM010000008.1_198	233202	234158	957	1	0.717	11	GGAG/GAGG	NA	NA	NA	0	0	0	1	NA	NA	NA	NA	NA
JBHJCM010000008.1_199	234312	236054	1743	1	0.696	11	AGGAG	NA	NA	NA	0	0	0	1	NA	NA	NA	NA	NA
JBHJCM010000008.1_200	236226	237503	1278	1	0.650	11	GGAG/GAGG	GENOMAD.189627.PC	7.239e-66	234	0	0	0	1	NA	NA	NA	PF04966;COG3659;K07267	Carbohydrate-selective porin OprB
JBHJCM010000009.1_1	381	2306	1926	1	0.665	11	GGA/GAG/AGG	GENOMAD.171982.CP	4.576e-12	72	0	0	0	1	NA	NA	NA	PF07738	NA
JBHJCM010000009.1_2	2303	2824	522	1	0.649	11	None	NA	NA	NA	0	0	0	1	NA	NA	NA	NA	NA
JBHJCM010000009.1_3	3062	5626	2565	-1	0.659	11	AGGA	GENOMAD.146053.CP	0.000138	48	0	0	0	1	NA	NA	NA	PF18368;PF02836;PF02837;PF17786;K15855;COG3250	Beta-galactosidase/beta-glucuronidase
JBHJCM010000009.1_4	5623	6834	1212	-1	0.628	11	GGAG/GAGG	NA	NA	NA	0	0	0	1	NA	NA	NA	NA	NA
JBHJCM010000009.1_5	7019	9712	2694	-1	0.643	11	GGAGG	GENOMAD.152082.CP	8.346e-55	212	0	0	0	1	NA	NA	NA	PF00593;PF07715;PF00691;TIGR01782;COG4773;K16089	TonB-dependent receptor
JBHJCM010000009.1_6	10228	11613	1386	-1	0.687	11	None	GENOMAD.179217.PC	1.214e-60	220	0	0	0	1	NA	NA	NA	PF09856	Short-chain fatty acyl coenzyme A regulators
JBHJCM010000009.1_7	11752	13257	1506	1	0.651	11	GGA/GAG/AGG	NA	NA	NA	0	0	0	1	NA	NA	NA	NA	NA
JBHJCM010000009.1_8	13268	14449	1182	1	0.651	11	None	NA	NA	NA	0	0	0	1	NA	NA	NA	NA	NA
JBHJCM010000009.1_9	14446	15243	798	1	0.672	11	AGGAG	NA	NA	NA	0	0	0	1	NA	NA	NA	NA	NA
JBHJCM010000009.1_10	15243	16424	1182	1	0.658	11	GGAG/GAGG	NA	NA	NA	0	0	0	1	NA	NA	NA	NA	NA
JBHJCM010000009.1_11	16590	17477	888	1	0.670	11	GGA/GAG/AGG	NA	NA	NA	0	0	0	1	NA	NA	NA	NA	NA
JBHJCM010000009.1_12	17691	18656	966	1	0.655	11	AGxAG	NA	NA	NA	0	0	0	1	NA	NA	NA	NA	NA
JBHJCM010000009.1_13	18872	20953	2082	-1	0.681	11	GGA/GAG/AGG	NA	NA	NA	0	0	0	1	NA	NA	NA	NA	NA
JBHJCM010000009.1_14	21190	21810	621	1	0.628	11	AGGAG/GGAGG	NA	NA	NA	0	0	0	1	NA	NA	NA	NA	NA
JBHJCM010000009.1_15	21807	22703	897	1	0.717	11	GGA/GAG/AGG	GENOMAD.006189.CC	3.681e-124	397	0	0	0	1	NA	NA	NA	K03597;COG3073	Negative regulator of sigma E activity
JBHJCM010000009.1_16	22813	24390	1578	1	0.683	11	GGAGG	NA	NA	NA	0	0	0	1	NA	NA	NA	NA	NA
JBHJCM010000009.1_17	24580	26370	1791	1	0.623	11	None	NA	NA	NA	0	0	0	1	NA	NA	NA	NA	NA
JBHJCM010000009.1_18	26476	27276	801	1	0.617	11	AGGA	NA	NA	NA	0	0	0	1	NA	NA	NA	NA	NA
JBHJCM010000009.1_19	27307	27684	378	1	0.524	11	GGA/GAG/AGG	GENOMAD.003954.CC	1.69e-65	218	0	0	0	1	NA	NA	NA	PF16137;COG4970;TIGR01708;K10924	Tfp pilus assembly protein FimT
JBHJCM010000009.1_20	27674	28354	681	1	0.656	11	None	NA	NA	NA	0	0	0	1	NA	NA	NA	NA	NA
JBHJCM010000009.1_21	28351	29253	903	1	0.670	11	GGA/GAG/AGG	NA	NA	NA	0	0	0	1	NA	NA	NA	NA	NA
JBHJCM010000009.1_22	29280	30056	777	1	0.574	11	AGGAG	NA	NA	NA	0	0	0	1	NA	NA	NA	NA	NA
JBHJCM010000009.1_23	30194	30916	723	1	0.687	11	GGA/GAG/AGG	GENOMAD.001567.CC	1.447e-30	123	1	0	0	1	NA	NA	NA	PF11967;PF02565;TIGR00613;COG1381;K03584	DNA repair protein RecO
JBHJCM010000009.1_24	31317	32039	723	-1	0.680	11	AGGAGG	NA	NA	NA	0	0	0	1	NA	NA	NA	NA	NA
JBHJCM010000009.1_25	32198	33532	1335	1	0.659	11	None	NA	NA	NA	0	0	0	1	NA	NA	NA	NA	NA
JBHJCM010000009.1_26	33612	34109	498	1	0.594	11	None	NA	NA	NA	0	0	0	1	NA	NA	NA	NA	NA
JBHJCM010000009.1_27	34335	35018	684	1	0.675	11	None	GENOMAD.153561.CP	1.556e-06	51	0	0	0	1	NA	NA	NA	PF13743;COG2761;K07396	Predicted dithiol-disulfide isomerase, DsbA family
JBHJCM010000009.1_28	35035	36030	996	1	0.680	11	None	GENOMAD.148271.CP	7.849e-11	66	0	0	0	1	NA	NA	NA	PF13454;K18208;COG3380;TIGR00031	Predicted NAD/FAD-dependent oxidoreductase
JBHJCM010000009.1_29	36154	37788	1635	1	0.651	11	GGA/GAG/AGG	NA	NA	NA	0	0	0	1	NA	NA	NA	NA	NA
JBHJCM010000009.1_30	37904	38908	1005	1	0.693	11	GGAG/GAGG	GENOMAD.125846.CP	1.772e-35	141	0	0	0	1	NA	NA	NA	PF00933;K01207;COG1472	Periplasmic beta-glucosidase and related glycosidases
JBHJCM010000009.1_31	38908	39462	555	1	0.665	11	GGA/GAG/AGG	NA	NA	NA	0	0	0	1	NA	NA	NA	NA	NA
JBHJCM010000009.1_32	39550	40302	753	1	0.651	11	GGAG/GAGG	NA	NA	NA	0	0	0	1	NA	NA	NA	NA	NA
JBHJCM010000009.1_33	40390	40596	207	1	0.609	11	GGA/GAG/AGG	NA	NA	NA	0	0	0	1	NA	NA	NA	NA	NA
JBHJCM010000009.1_34	40691	41734	1044	1	0.668	11	AGxAGG/AGGxGG	NA	NA	NA	0	0	0	1	NA	NA	NA	NA	NA
JBHJCM010000009.1_35	41797	41961	165	1	0.709	11	None	NA	NA	NA	0	0	0	1	NA	NA	NA	NA	NA
JBHJCM010000009.1_36	41980	42630	651	-1	0.677	11	GGAG/GAGG	GENOMAD.130152.CP	1.974e-25	107	0	0	0	1	NA	NA	NA	PF00149;K06953;TIGR04123;COG1407	metallophosphoesterase, DNA ligase-associated
JBHJCM010000009.1_37	42620	45121	2502	-1	0.677	11	GGA/GAG/AGG	GENOMAD.133515.CP	6.164e-51	199	0	0	0	1	NA	NA	NA	PF19306	Helicase Lhr winged helix domain
JBHJCM010000009.1_38	45118	46722	1605	-1	0.668	11	GGA/GAG/AGG	GENOMAD.038680.VV	0.0001512	47	0	0	0	13293	Aobingvirus yangshanense	NA	NA	PF04679;PF11272;TIGR02776	DNA ligase D
JBHJCM010000009.1_39	46949	47971	1023	-1	0.667	11	GGA/GAG/AGG	GENOMAD.151488.CP	1.542e-90	302	0	0	0	1	NA	NA	NA	PF12706;PF07521;K07577;TIGR04122;COG1236	putative exonuclease, DNA ligase-associated
JBHJCM010000009.1_40	48351	48716	366	-1	0.713	11	None	NA	NA	NA	0	0	0	1	NA	NA	NA	NA	NA
JBHJCM010000009.1_41	48713	49270	558	-1	0.681	11	GGAG/GAGG	NA	NA	NA	0	0	0	1	NA	NA	NA	NA	NA
JBHJCM010000009.1_42	49504	51213	1710	-1	0.664	11	None	NA	NA	NA	0	0	0	1	NA	NA	NA	NA	NA
JBHJCM010000009.1_43	51321	51647	327	-1	0.700	11	AGGA	NA	NA	NA	0	0	0	1	NA	NA	NA	NA	NA
JBHJCM010000009.1_44	52340	53515	1176	-1	0.645	11	None	NA	NA	NA	0	0	0	1	NA	NA	NA	NA	NA
JBHJCM010000009.1_45	53670	56504	2835	1	0.667	11	GGAG/GAGG	NA	NA	NA	0	0	0	1	NA	NA	NA	NA	NA
JBHJCM010000009.1_46	56603	57703	1101	-1	0.635	11	GGAG/GAGG	NA	NA	NA	0	0	0	1	NA	NA	NA	NA	NA
JBHJCM010000009.1_47	57860	59116	1257	-1	0.707	11	AGGA	NA	NA	NA	0	0	0	1	NA	NA	NA	NA	NA
JBHJCM010000009.1_48	59313	59813	501	-1	0.631	11	None	GENOMAD.127426.CP	1.324e-54	189	0	0	0	1	NA	NA	NA	K07043	NA
JBHJCM010000009.1_49	60221	60394	174	1	0.586	11	AGGAG	NA	NA	NA	0	0	0	1	NA	NA	NA	NA	NA
JBHJCM010000009.1_50	60553	60807	255	-1	0.616	11	AGGA	GENOMAD.197160.PC	4.515e-28	108	0	0	0	1	NA	NA	NA	PF10982	NA
JBHJCM010000009.1_51	60980	61246	267	1	0.659	11	GGAG/GAGG	GENOMAD.215298.VP	0.000295	40	0	0	0	1	NA	NA	NA	PF01258;COG4068	Prokaryotic dksA/traR C4-type zinc finger
JBHJCM010000009.1_52	61430	62053	624	-1	0.615	11	None	GENOMAD.168344.CP	0.0001041	45	0	0	0	1	NA	NA	NA	PF00924;COG0668	Small-conductance mechanosensitive channel
JBHJCM010000009.1_53	62449	62634	186	-1	0.651	11	AGGAGG	NA	NA	NA	0	0	0	1	NA	NA	NA	NA	NA
JBHJCM010000009.1_54	62824	64200	1377	-1	0.670	11	None	NA	NA	NA	0	0	0	1	NA	NA	NA	NA	NA
JBHJCM010000009.1_55	64353	64559	207	-1	0.696	11	None	GENOMAD.140999.CV	8.89e-08	49	0	0	0	1	NA	NA	NA	NA	NA
JBHJCM010000009.1_56	64499	64819	321	-1	0.664	11	GGAGG	NA	NA	NA	0	0	0	1	NA	NA	NA	NA	NA
JBHJCM010000009.1_57	65162	66097	936	-1	0.641	11	GGA/GAG/AGG	NA	NA	NA	0	0	0	1	NA	NA	NA	NA	NA
JBHJCM010000009.1_58	66326	66661	336	1	0.613	11	AGGA	NA	NA	NA	0	0	0	1	NA	NA	NA	NA	NA
JBHJCM010000009.1_59	67209	68303	1095	-1	0.670	11	None	NA	NA	NA	0	0	0	1	NA	NA	NA	NA	NA
JBHJCM010000009.1_60	68547	69758	1212	1	0.659	11	GGAG/GAGG	GENOMAD.151741.CP	4.888e-05	48	0	0	0	1	NA	NA	NF033135	PF00083;COG2814;TIGR00903;K18567	Predicted arabinose efflux permease, MFS family
JBHJCM010000009.1_61	69921	70091	171	1	0.608	11	GGA/GAG/AGG	GENOMAD.023882.VV	3.472e-25	98	0	0	0	1246	Caudoviricetes	NA	NA	NA	NA
JBHJCM010000009.1_62	70311	70766	456	1	0.638	11	AGGAG	GENOMAD.160397.CP	1.469e-09	58	0	0	0	1	NA	NA	NA	PF09537;TIGR02284;COG3685;K03594	conserved hypothetical protein
JBHJCM010000009.1_63	71038	71640	603	1	0.645	11	None	GENOMAD.014488.CC	2.921e-23	100	0	0	0	1	NA	NA	NA	PF10469;K01975;COG1514;TIGR02258	AKAP7 2'5' RNA ligase-like domain
JBHJCM010000009.1_64	71676	72281	606	1	0.686	11	None	NA	NA	NA	0	0	0	1	NA	NA	NA	NA	NA
JBHJCM010000009.1_65	72342	72536	195	1	0.708	11	None	GENOMAD.033386.CC	4.053e-20	84	0	0	0	1	NA	NA	NA	PF09791	Oxidoreductase-like protein, N-terminal
JBHJCM010000009.1_66	72606	73979	1374	1	0.678	11	None	GENOMAD.196178.PC	6.122e-54	200	0	1	0	1	NA	NA	NA	PF06057;COG3946;TIGR03100;K05714	Type IV secretory pathway, VirJ component
JBHJCM010000009.1_67	74271	76835	2565	-1	0.686	11	None	GENOMAD.169137.CP	6.223e-108	374	0	0	0	1	NA	NA	NA	PF09924;PF16995;COG2898;TIGR03019	Lysylphosphatidylglycerol synthetase, C-terminal domain, DUF2156 family
JBHJCM010000009.1_68	77147	77806	660	1	0.670	11	None	NA	NA	NA	0	0	0	1	NA	NA	NA	NA	NA
JBHJCM010000009.1_69	77817	78164	348	1	0.652	11	AGGA	NA	NA	NA	0	0	0	1	NA	NA	NA	NA	NA
JBHJCM010000009.1_70	78322	79395	1074	-1	0.655	11	GGAG/GAGG	NA	NA	NA	0	0	0	1	NA	NA	NA	NA	NA
JBHJCM010000009.1_71	79413	80195	783	-1	0.667	11	GGAG/GAGG	GENOMAD.154668.CP	3.879e-18	87	0	0	0	1	NA	NA	NA	PF06966;COG3752;TIGR04571	Steroid 5-alpha reductase family enzyme
JBHJCM010000009.1_72	80192	80737	546	-1	0.678	11	None	GENOMAD.011491.CC	1.398e-34	132	0	0	0	1	NA	NA	NA	PF11086	NA
JBHJCM010000009.1_73	80734	82029	1296	-1	0.660	11	GGA/GAG/AGG	NA	NA	NA	0	0	0	1	NA	NA	NA	NA	NA
JBHJCM010000009.1_74	82026	82910	885	-1	0.656	11	GGAG/GAGG	GENOMAD.158771.CP	1.678e-44	166	0	0	0	1	NA	NA	NA	PF07103;K09701;COG3496	Uncharacterized conserved protein, DUF1365 family
JBHJCM010000009.1_75	82910	84160	1251	-1	0.663	11	None	NA	NA	NA	0	0	0	1	NA	NA	NA	NA	NA
JBHJCM010000009.1_76	84157	85155	999	-1	0.662	11	GGAG/GAGG	NA	NA	NA	0	0	0	1	NA	NA	NA	NA	NA
JBHJCM010000009.1_77	85380	86213	834	-1	0.687	11	None	GENOMAD.194676.PC	5.232e-162	505	0	0	0	1	NA	NA	NA	PF11859;COG5343;TIGR02949	Anti-sigma-K factor RskA
JBHJCM010000009.1_78	86210	86773	564	-1	0.663	11	None	NA	NA	NA	0	0	0	1	NA	NA	NA	NA	NA
JBHJCM010000009.1_79	86832	87200	369	-1	0.626	11	AGGAG	GENOMAD.044178.CC	2.285e-20	88	0	0	0	1	NA	NA	NA	PF14248	Tumour protein p53-inducible protein 11
JBHJCM010000009.1_80	87286	88074	789	-1	0.695	11	GGAG/GAGG	GENOMAD.026719.CC	1.832e-38	147	0	0	0	1	NA	NA	NA	NA	NA
JBHJCM010000009.1_81	88688	89116	429	-1	0.676	11	None	GENOMAD.103286.CP	9.057e-56	191	0	0	0	1	NA	NA	NA	PF04060;PF13484;K03616;TIGR01944;COG2878	electron transport complex, RnfABCDGE type, B subunit
JBHJCM010000009.1_82	89118	89708	591	-1	0.648	11	None	NA	NA	NA	0	0	0	1	NA	NA	NA	NA	NA
JBHJCM010000009.1_83	90083	92167	2085	-1	0.650	11	None	NA	NA	NA	0	0	0	1	NA	NA	NA	NA	NA
JBHJCM010000009.1_84	92414	92863	450	-1	0.647	11	GGAGG	GENOMAD.147800.CP	7.234e-28	111	0	0	0	1	NA	NA	NA	PF09917;COG4731;TIGR03066	Uncharacterized conserved protein, DUF2147 family
JBHJCM010000009.1_85	92953	93222	270	-1	0.611	11	GGAGG	NA	NA	NA	0	0	0	1	NA	NA	NA	NA	NA
JBHJCM010000009.1_86	93506	94051	546	-1	0.586	11	GGA/GAG/AGG	NA	NA	NA	0	0	0	1	NA	NA	NA	NA	NA
JBHJCM010000009.1_87	94256	94645	390	-1	0.636	11	GGAG/GAGG	GENOMAD.169138.CP	3.863e-08	53	0	0	0	1	NA	NA	NF000496	PF00903;K08234;TIGR03081;COG3565	methylmalonyl-CoA epimerase
JBHJCM010000009.1_88	94642	95268	627	-1	0.673	11	GGA/GAG/AGG	NA	NA	NA	0	0	0	1	NA	NA	NA	NA	NA
JBHJCM010000009.1_89	95286	95966	681	1	0.639	11	GGA/GAG/AGG	NA	NA	NA	0	0	0	1	NA	NA	NA	NA	NA
JBHJCM010000009.1_90	96023	96448	426	1	0.631	11	GGAG/GAGG	NA	NA	NA	0	0	0	1	NA	NA	NA	NA	NA
JBHJCM010000009.1_91	96593	97990	1398	1	0.644	11	None	GENOMAD.168467.CP	8.805e-07	54	0	0	0	1	NA	NA	NA	K03294;COG0833	Amino acid permease
JBHJCM010000009.1_92	97987	98952	966	1	0.671	11	GGAG/GAGG	NA	NA	NA	0	0	0	1	NA	NA	NA	NA	NA
JBHJCM010000009.1_93	99033	100970	1938	-1	0.654	11	GGAG/GAGG	GENOMAD.142795.CP	1.749e-07	57	0	0	0	1	NA	NA	NA	PF05960;COG4805	Bacterial protein of unknown function (DUF885)
JBHJCM010000009.1_94	101246	102022	777	-1	0.636	11	GGA/GAG/AGG	NA	NA	NA	0	0	0	1	NA	NA	NA	NA	NA
JBHJCM010000009.1_95	102027	102707	681	-1	0.643	11	None	GENOMAD.109399.CP	3.993e-12	68	0	0	0	1	NA	NA	NA	PF04367;COG2928	NA
JBHJCM010000009.1_96	103138	104514	1377	1	0.664	11	None	GENOMAD.050158.CC	2.489e-08	59	0	0	0	1	NA	NA	NA	NA	NA
JBHJCM010000009.1_97	104937	106490	1554	-1	0.636	11	GGA/GAG/AGG	GENOMAD.194337.PC	1.2e-47	183	0	0	0	1	NA	NA	NA	NA	NA
JBHJCM010000009.1_98	106863	107225	363	1	0.658	11	GGAG/GAGG	GENOMAD.160542.CP	0.0008446	40	0	0	0	1	NA	NA	NA	PF14557;K10917;TIGR02719;COG3811	Putative AphA-like transcriptional regulator
JBHJCM010000009.1_99	107222	108139	918	1	0.645	11	GGAGG	GENOMAD.195620.CP	4.818e-22	100	0	0	0	1	NA	NA	NA	PF13796	Putative sensor
JBHJCM010000009.1_100	108268	109575	1308	-1	0.642	11	GGA/GAG/AGG	GENOMAD.179766.CP	1.323e-87	298	0	0	0	1	NA	NA	NA	PF06850;PF00975;TIGR01849;COG4553	polyhydroxyalkanoate depolymerase, intracellular
JBHJCM010000009.1_101	109885	110487	603	-1	0.678	11	None	NA	NA	NA	0	0	0	1	NA	NA	NA	NA	NA
JBHJCM010000009.1_102	110561	111007	447	1	0.640	11	GGAG/GAGG	NA	NA	NA	0	0	0	1	NA	NA	NA	NA	NA
JBHJCM010000009.1_103	111212	111661	450	-1	0.584	11	GGA/GAG/AGG	NA	NA	NA	0	0	0	1	NA	NA	NA	NA	NA
JBHJCM010000009.1_104	111751	112506	756	-1	0.672	11	AGGA/GGAG/GAGG	GENOMAD.016342.CC	5.223e-27	113	0	0	0	1	NA	NA	NA	PF04348;COG4700;TIGR03302;K12512	Flp pilus assembly protein TadD, contains TPR repeats
JBHJCM010000009.1_105	112564	113523	960	-1	0.659	11	None	NA	NA	NA	0	0	0	1	NA	NA	NA	NA	NA
JBHJCM010000009.1_106	113707	117297	3591	-1	0.667	11	None	GENOMAD.161283.VC	3.003e-36	153	0	0	0	1246	Caudoviricetes	NA	NA	PF17657;COG1387	Bacterial DNA polymerase III alpha subunit finger domain
JBHJCM010000009.1_107	117515	117904	390	-1	0.703	11	None	NA	NA	NA	0	0	0	1	NA	NA	NA	NA	NA
JBHJCM010000009.1_108	118256	119575	1320	-1	0.680	11	None	GENOMAD.000143.CC	1.782e-53	198	0	0	0	1246	Caudoviricetes	NA	NA	PF02684;K00748;TIGR00215;COG0763	lipid-A-disaccharide synthase
JBHJCM010000009.1_109	119572	120363	792	-1	0.659	11	GGAG/GAGG	GENOMAD.000113.CC	8.914e-19	89	0	0	0	1	NA	NA	NA	PF13720	Udp N-acetylglucosamine O-acyltransferase; Domain 2
JBHJCM010000009.1_110	120389	120847	459	-1	0.603	11	AGGAG	GENOMAD.118450.CP	1.665e-07	52	0	0	0	1	NA	NA	NA	PF07977;K02372;TIGR01750;COG4706	beta-hydroxyacyl-
JBHJCM010000009.1_111	120844	121857	1014	-1	0.665	11	GGAG/GAGG	GENOMAD.087505.CP	1.928e-11	68	0	0	0	1	NA	NA	NA	PF04613;TIGR01853;COG1044	UDP-3-O-
JBHJCM010000009.1_112	121985	122176	192	1	0.594	11	AGGA	NA	NA	NA	0	0	0	1	NA	NA	NA	NA	NA
JBHJCM010000009.1_113	122253	124706	2454	-1	0.626	11	None	GENOMAD.101044.CP	2.665e-41	168	0	0	0	1	NA	NA	NA	K07277;COG4775	Outer membrane protein assembly factor BamA
JBHJCM010000009.1_114	124703	126049	1347	-1	0.658	11	GGA/GAG/AGG	NA	NA	NA	0	0	0	1	NA	NA	NA	NA	NA
JBHJCM010000009.1_115	126076	127266	1191	-1	0.692	11	GGA/GAG/AGG	GENOMAD.101892.CP	2.637e-149	475	0	0	0	1	NA	NA	NA	PF08436;PF13288;PF02670;PF09976;K00099;TIGR00243;COG0743	1-deoxy-D-xylulose 5-phosphate reductoisomerase
JBHJCM010000009.1_116	127269	128096	828	-1	0.678	11	GGA/GAG/AGG	GENOMAD.118488.CP	1.162e-19	92	0	0	0	1246	Caudoviricetes	NA	NA	PF01148;COG4589	Cytidylyltransferase family
JBHJCM010000009.1_117	128093	128758	666	-1	0.673	11	GGxGG	NA	NA	NA	0	0	0	1	NA	NA	NA	NA	NA
JBHJCM010000009.1_118	128869	129426	558	-1	0.616	11	GGA/GAG/AGG	NA	NA	NA	0	0	0	1	NA	NA	NA	NA	NA
JBHJCM010000009.1_119	129614	130336	723	-1	0.653	11	GGAG/GAGG	GENOMAD.000060.CC	8.667e-59	205	1	0	0	1	NA	NA	NA	PF00696;K09903;TIGR02075;COG0528	uridylate kinase
JBHJCM010000009.1_120	130443	131966	1524	-1	0.650	11	None	NA	NA	NA	0	0	0	1	NA	NA	NA	NA	NA
JBHJCM010000009.1_121	132243	133121	879	-1	0.637	11	GGAG/GAGG	GENOMAD.116387.CV	1.636e-25	110	0	0	0	1246	Caudoviricetes	NA	NA	PF00889;TIGR00116;COG0264	translation elongation factor Ts
JBHJCM010000009.1_122	133291	134088	798	-1	0.633	11	AGGAG	NA	NA	NA	0	0	0	1	NA	NA	NA	NA	NA
JBHJCM010000009.1_123	134480	135205	726	-1	0.694	11	None	GENOMAD.183678.PC	1.09e-35	138	0	0	0	1	NA	NA	NA	PF00345;K07346;COG3121	P pilus assembly protein, chaperone PapD
JBHJCM010000009.1_124	135208	135540	333	-1	0.700	11	None	NA	NA	NA	0	0	0	1	NA	NA	NA	NA	NA
JBHJCM010000009.1_125	135589	136623	1035	-1	0.647	11	GGA/GAG/AGG	GENOMAD.180523.PC	1.422e-83	282	0	0	0	1	NA	NA	NA	PF05229;COG5430	Spore coat protein U (SCPU) domain, function unknown
JBHJCM010000009.1_126	136620	138971	2352	-1	0.680	11	None	NA	NA	NA	0	0	0	1	NA	NA	NA	NA	NA
JBHJCM010000009.1_127	138988	139758	771	-1	0.680	11	GGA/GAG/AGG	GENOMAD.181911.PC	2.342e-43	161	0	0	0	1	NA	NA	NA	PF00345;K07346;COG3121	P pilus assembly protein, chaperone PapD
JBHJCM010000009.1_128	139767	140291	525	-1	0.642	11	AGGA	GENOMAD.171641.PC	1.258e-92	299	0	0	0	1	NA	NA	NA	PF05229;COG5430;K07349	Spore coat protein U (SCPU) domain, function unknown
JBHJCM010000009.1_129	140609	141385	777	1	0.623	11	None	NA	NA	NA	0	0	0	1	NA	NA	NA	NA	NA
JBHJCM010000009.1_130	141382	143991	2610	1	0.674	11	None	GENOMAD.111010.CP	2.801e-149	497	0	0	0	1	NA	NA	NA	PF08335;PF12252;PF03445;K00990;TIGR01693;COG2844	[Protein-PII] uridylyltransferase
JBHJCM010000009.1_131	144013	145209	1197	1	0.647	11	GGAG/GAGG	GENOMAD.000476.CC	7.823e-63	224	0	0	0	1	NA	NA	NA	PF14805;K19107;TIGR00965;COG2171	2,3,4,5-tetrahydropyridine-2,6-dicarboxylate N-succinyltransferase
JBHJCM010000009.1_132	145402	145758	357	1	0.605	11	GGA/GAG/AGG	GENOMAD.136132.CP	1.165e-17	80	0	0	0	1	NA	NA	NA	PF03960;TIGR01616;K00537;COG1393	nitrogenase-associated protein
JBHJCM010000009.1_133	146004	147134	1131	1	0.675	11	None	GENOMAD.143077.CP	5.144e-06	51	0	0	0	1	NA	NA	NA	PF01546;K13049;TIGR01880;COG2195	N-acyl-L-amino-acid amidohydrolase
JBHJCM010000009.1_134	147428	149122	1695	1	0.640	11	AGGAG	GENOMAD.057851.VV	1.811e-12	73	0	0	0	14384	Megaviricetes	NA	NA	PF12481;TIGR03104;COG0367;K24327	asparagine synthase family amidotransferase
JBHJCM010000009.1_135	149190	150242	1053	-1	0.613	11	GGA/GAG/AGG	GENOMAD.183623.VC	6.946e-15	79	0	0	0	1	NA	NA	NA	PF00295;TIGR03808;K07218;COG3420	twin-arg-translocated uncharacterized repeat protein
JBHJCM010000009.1_136	150684	151577	894	-1	0.630	11	None	GENOMAD.133821.CP	3.999e-25	109	0	0	0	1246	Caudoviricetes	NA	NA	PF18480;PF14905;COG4634	Predicted nuclease, contains PIN domain, potential toxin-antitoxin system component
JBHJCM010000009.1_137	151581	152822	1242	-1	0.641	11	None	GENOMAD.141017.CP	3.28e-16	84	0	0	0	1	NA	NA	NA	PF14905;PF07715;K16090;COG4774;TIGR01776	Outer membrane receptor for monomeric catechols
JBHJCM010000009.1_138	153239	155653	2415	-1	0.679	11	AGGA	NA	NA	NA	0	0	0	1	NA	NA	NA	NA	NA
JBHJCM010000009.1_139	155800	156285	486	1	0.609	11	GGAG/GAGG	NA	NA	NA	0	0	0	1	NA	NA	NA	NA	NA
JBHJCM010000009.1_140	156551	157207	657	-1	0.636	11	GGA/GAG/AGG	GENOMAD.137608.CP	1.32e-70	238	0	0	0	1	NA	NA	NA	PF05724;K00569;TIGR03840;COG2227	thiopurine S-methyltransferase, Se/Te detoxification family
JBHJCM010000009.1_141	157985	160228	2244	-1	0.649	11	AGGA/GGAG/GAGG	GENOMAD.026404.VV	7.313e-41	166	0	0	0	1246	Caudoviricetes	NA	NA	PF00521;PF00986;K02469;TIGR01063;COG0188	DNA gyrase, A subunit
JBHJCM010000009.1_142	160290	161141	852	-1	0.711	11	None	GENOMAD.183418.PC	1.05e-11	68	0	0	0	1	NA	NA	NA	PF12833;PF02311;TIGR02297;K03490;COG2207	4-hydroxyphenylacetate catabolism regulatory protein HpaA
JBHJCM010000009.1_143	161255	161704	450	1	0.664	11	GGA/GAG/AGG	GENOMAD.158192.CP	0.0001695	43	0	0	0	1	NA	NA	NA	PF20024;K06075;TIGR04472;COG5631	mobile rSAM pair MarR family regulator
JBHJCM010000009.1_144	161834	163216	1383	1	0.696	11	None	GENOMAD.123577.CP	4.982e-12	71	0	0	0	1	NA	NA	NA	PF02321;TIGR01845;K12340;COG1538	efflux transporter, outer membrane factor (OMF) lipoprotein, NodT family
JBHJCM010000009.1_145	163227	164420	1194	1	0.657	11	GGA/GAG/AGG	GENOMAD.138157.CP	1.733e-39	155	0	0	0	1	NA	NA	NA	PF13437;TIGR02828	HlyD family secretion protein
JBHJCM010000009.1_146	164427	166007	1581	1	0.634	11	None	NA	NA	NA	0	0	0	1	NA	NA	NA	NA	NA
JBHJCM010000009.1_147	166518	166979	462	1	0.615	11	AGGA	NA	NA	NA	0	0	0	1	NA	NA	NA	NA	NA
JBHJCM010000009.1_148	167093	167554	462	1	0.673	11	AGGA/GGAG/GAGG	NA	NA	NA	0	0	0	1	NA	NA	NA	NA	NA
JBHJCM010000009.1_149	167912	170158	2247	-1	0.659	11	None	NA	NA	NA	0	0	0	1	NA	NA	NA	NA	NA
JBHJCM010000009.1_150	170280	172049	1770	-1	0.646	11	GGA/GAG/AGG	GENOMAD.145507.CP	9.856e-83	290	0	0	0	1	NA	NA	NA	PF17033;COG4073;K14054;TIGR02994	Carboxypeptidase controlling helical cell shape catalytic
JBHJCM010000009.1_151	172408	173973	1566	1	0.631	11	GGA/GAG/AGG	NA	NA	NA	0	0	0	1	NA	NA	NA	NA	NA
JBHJCM010000009.1_152	173981	174589	609	1	0.599	11	GGAG/GAGG	NA	NA	NA	0	0	0	1	NA	NA	NA	NA	NA
JBHJCM010000009.1_153	174898	175086	189	-1	0.603	11	GGAG/GAGG	NA	NA	NA	0	0	0	1	NA	NA	NA	NA	NA
JBHJCM010000009.1_154	175314	175583	270	1	0.604	11	GGAG/GAGG	GENOMAD.167952.CP	8.299e-17	76	0	0	0	1	NA	NA	NA	PF14542;COG2388	GCN5-related N-acetyl-transferase
JBHJCM010000009.1_155	175635	176480	846	1	0.628	11	GGAG/GAGG	GENOMAD.026002.CC	1.784e-97	319	0	0	0	1	NA	NA	NA	PF13739;PF11738	Deacetylase PdaC
JBHJCM010000009.1_156	176592	177047	456	1	0.607	11	GGA/GAG/AGG	GENOMAD.154491.CP	7.73e-07	50	0	0	0	1	NA	NA	NA	PF03965;K18906;COG5631;TIGR04472	Predicted transcription regulator, contains HTH domain, MarR family
JBHJCM010000009.1_157	177280	179430	2151	-1	0.621	11	GGA/GAG/AGG	NA	NA	NA	0	0	0	1	NA	NA	NA	NA	NA
JBHJCM010000009.1_158	179852	180337	486	1	0.628	11	GGA/GAG/AGG	NA	NA	NA	0	0	0	1	NA	NA	NA	NA	NA
JBHJCM010000009.1_159	180485	181264	780	-1	0.622	11	None	NA	NA	NA	0	0	0	1	NA	NA	NA	NA	NA
JBHJCM010000009.1_160	181463	183343	1881	-1	0.651	11	None	NA	NA	NA	0	0	0	1	NA	NA	NA	NA	NA
JBHJCM010000009.1_161	183642	185159	1518	1	0.640	11	GGA/GAG/AGG	NA	NA	NA	0	0	0	1	NA	NA	NA	NA	NA
JBHJCM010000009.1_162	185401	186036	636	1	0.676	11	GGAG/GAGG	NA	NA	NA	0	0	0	1	NA	NA	NA	NA	NA
JBHJCM010000009.1_163	186149	186862	714	1	0.643	11	GGA/GAG/AGG	NA	NA	NA	0	0	0	1	NA	NA	NA	NA	NA
JBHJCM010000009.1_164	187244	188377	1134	-1	0.628	11	None	NA	NA	NA	0	0	0	1	NA	NA	NA	NA	NA
JBHJCM010000009.1_165	188636	189121	486	-1	0.646	11	None	GENOMAD.097044.CV	2.371e-28	113	0	0	0	1	NA	NA	NA	COG2839;K09793	Uncharacterized conserved protein YqgC, DUF456 family
JBHJCM010000009.1_166	189349	189564	216	1	0.546	11	GGAG/GAGG	NA	NA	NA	0	0	0	1	NA	NA	NA	NA	NA
JBHJCM010000009.1_167	189703	190182	480	-1	0.669	11	GGAG/GAGG	NA	NA	NA	0	0	0	1	NA	NA	NA	NA	NA
JBHJCM010000009.1_168	190315	190743	429	-1	0.678	11	AGGAG	NA	NA	NA	0	0	0	1	NA	NA	NA	NA	NA
JBHJCM010000009.1_169	190818	191648	831	1	0.662	11	None	NA	NA	NA	0	0	0	1	NA	NA	NA	NA	NA
JBHJCM010000009.1_170	191705	192472	768	-1	0.663	11	None	NA	NA	NA	0	0	0	1	NA	NA	NA	NA	NA
JBHJCM010000009.1_171	192472	192687	216	-1	0.657	11	GGAG/GAGG	GENOMAD.055338.CC	2.969e-26	102	0	0	0	1	NA	NA	NA	PF19611	NA
JBHJCM010000009.1_172	192833	193624	792	1	0.649	11	GGAG/GAGG	NA	NA	NA	0	0	0	1	NA	NA	NA	NA	NA
JBHJCM010000009.1_173	193780	194943	1164	1	0.674	11	GGA/GAG/AGG	NA	NA	NA	0	0	0	1	NA	NA	NA	NA	NA
JBHJCM010000009.1_174	194933	196507	1575	1	0.656	11	GGA/GAG/AGG	GENOMAD.147712.CP	2e-323	985	0	0	0	1	NA	NA	NA	NA	NA
JBHJCM010000009.1_175	196510	197568	1059	1	0.690	11	None	GENOMAD.147712.CP	6.208e-189	587	0	0	0	1	NA	NA	NA	NA	NA
JBHJCM010000009.1_176	197695	198333	639	1	0.646	11	GGAG/GAGG	NA	NA	NA	0	0	0	1	NA	NA	NA	NA	NA
JBHJCM010000009.1_177	198518	200458	1941	1	0.682	11	AGGAG	GENOMAD.109459.VV	3.537e-07	56	0	0	0	3080	Megamimivirinae	NA	NA	PF13230;TIGR03104;K01957;COG0367	asparagine synthase family amidotransferase
JBHJCM010000009.1_178	200629	201183	555	1	0.650	11	GGAG/GAGG	NA	NA	NA	0	0	0	1	NA	NA	NA	NA	NA
JBHJCM010000009.1_179	201404	202834	1431	1	0.630	11	GGA/GAG/AGG	GENOMAD.068048.VV	2.107e-15	82	0	0	1	1246	Caudoviricetes	NA	NA	PF20307;TIGR03600;K02314;COG0305	phage replicative helicase, DnaB family, HK022 subfamily
JBHJCM010000009.1_180	202940	204358	1419	1	0.650	11	GGA/GAG/AGG	NA	NA	NA	0	0	0	1	NA	NA	NA	NA	NA
JBHJCM010000009.1_181	204631	205356	726	1	0.646	11	AGGAG	NA	NA	NA	0	0	0	1	NA	NA	NA	NA	NA
JBHJCM010000009.1_182	206188	207222	1035	-1	0.623	11	GGA/GAG/AGG	GENOMAD.190451.PC	2.472e-07	55	0	0	0	1	NA	NA	NA	K21698;TIGR02424;COG0583	pca operon transcription factor PcaQ
JBHJCM010000009.1_183	207350	207577	228	1	0.623	11	AGGAG	NA	NA	NA	0	0	0	1	NA	NA	NA	NA	NA
JBHJCM010000009.1_184	207574	208347	774	1	0.707	11	GGAG/GAGG	NA	NA	NA	0	0	0	1	NA	NA	NA	NA	NA
JBHJCM010000009.1_185	208344	209534	1191	1	0.678	11	GGA/GAG/AGG	NA	NA	NA	0	0	0	1	NA	NA	NA	NA	NA
JBHJCM010000009.1_186	209713	212889	3177	1	0.638	11	AGGA	NA	NA	NA	0	0	0	1	NA	NA	NA	NA	NA
JBHJCM010000009.1_187	212933	213664	732	1	0.633	11	AGGA	NA	NA	NA	0	0	0	1	NA	NA	NA	NA	NA
JBHJCM010000009.1_188	213658	215082	1425	1	0.681	11	GGAG/GAGG	NA	NA	NA	0	0	0	1	NA	NA	NA	NA	NA
JBHJCM010000009.1_189	215335	216309	975	-1	0.658	11	None	NA	NA	NA	0	0	0	1	NA	NA	NA	NA	NA
JBHJCM010000009.1_190	216476	216709	234	1	0.641	11	GGAG/GAGG	NA	NA	NA	0	0	0	1	NA	NA	NA	NA	NA
JBHJCM010000009.1_191	216892	218685	1794	-1	0.661	11	None	NA	NA	NA	0	0	0	1	NA	NA	NA	NA	NA
JBHJCM010000009.1_192	219074	219250	177	1	0.655	11	GGAG/GAGG	NA	NA	NA	0	0	0	1	NA	NA	NA	NA	NA
JBHJCM010000009.1_193	219422	221200	1779	-1	0.584	11	GGA/GAG/AGG	NA	NA	NA	0	0	0	1	NA	NA	NA	NA	NA
JBHJCM010000010.1_1	1	120	120	-1	0.633	11	GGA/GAG/AGG	NA	NA	NA	0	0	0	1	NA	NA	NA	NA	NA
JBHJCM010000010.1_2	986	4102	3117	1	0.661	11	GGAG/GAGG	NA	NA	NA	0	0	0	1	NA	NA	NA	NA	NA
JBHJCM010000010.1_3	4099	7449	3351	1	0.656	11	AGGAG	NA	NA	NA	0	0	0	1	NA	NA	NA	NA	NA
JBHJCM010000010.1_4	7449	9644	2196	1	0.660	11	AGGAG	GENOMAD.154880.CP	3.92e-21	102	0	0	0	1246	Caudoviricetes	NA	NA	PF02806	Alpha amylase, C-terminal all-beta domain
JBHJCM010000010.1_5	9780	10331	552	1	0.656	11	None	GENOMAD.106711.CP	3.646e-33	128	0	0	0	1	NA	NA	NA	PF12850;K07095;TIGR00040;COG0622	phosphoesterase, MJ0936 family
JBHJCM010000010.1_6	10469	11548	1080	1	0.653	11	None	NA	NA	NA	0	0	0	1	NA	NA	NA	NA	NA
JBHJCM010000010.1_7	11594	13216	1623	-1	0.677	11	AGGAG	GENOMAD.178810.CP	3.519e-32	136	0	0	0	1	NA	NA	NA	PF19465;PF00135;K01753;TIGR02035;COG3048	D-serine ammonia-lyase
JBHJCM010000010.1_8	13213	14289	1077	-1	0.696	11	GGAGG	NA	NA	NA	0	0	0	1	NA	NA	NA	NA	NA
JBHJCM010000010.1_9	14428	15249	822	1	0.662	11	GGAG/GAGG	GENOMAD.182377.PC	3.47e-33	132	0	0	0	1	NA	NA	NA	PF01557;K02554;TIGR03218;COG3971	4-oxalocrotonate decarboxylase
JBHJCM010000010.1_10	15287	16285	999	1	0.651	11	GGAGG	NA	NA	NA	0	0	0	1	NA	NA	NA	NA	NA
JBHJCM010000010.1_11	16296	16817	522	1	0.663	11	GGAG/GAGG	GENOMAD.140917.CP	2.547e-23	99	0	0	0	1	NA	NA	NA	PF04290;COG4665;K21394	TRAP-type mannitol/chloroaromatic compound transport system, small permease component
JBHJCM010000010.1_12	16817	18100	1284	1	0.640	11	GGAGG	NA	NA	NA	0	0	0	1	NA	NA	NA	NA	NA
JBHJCM010000010.1_13	18294	19877	1584	1	0.667	11	AGGAG	GENOMAD.151274.CP	0.0003	46	0	0	0	1246	Caudoviricetes	NA	NA	K15921;COG3940	Beta-xylosidase, GH43 family
JBHJCM010000010.1_14	20019	21077	1059	1	0.686	11	None	NA	NA	NA	0	0	0	1	NA	NA	NA	NA	NA
JBHJCM010000010.1_15	21499	22353	855	1	0.644	11	GGAG/GAGG	GENOMAD.170246.CP	4.444e-59	208	0	0	0	1	NA	NA	NA	NA	NA
JBHJCM010000010.1_16	22536	23291	756	1	0.656	11	AGGAG	NA	NA	NA	0	0	0	1	NA	NA	NA	NA	NA
JBHJCM010000010.1_17	23525	24187	663	1	0.633	11	GGAG/GAGG	NA	NA	NA	0	0	0	1	NA	NA	NA	NA	NA
JBHJCM010000010.1_18	24410	25522	1113	1	0.650	11	GGAG/GAGG	GENOMAD.161503.CP	0.0007288	44	0	0	0	1	NA	NA	NA	PF05523;K07155;TIGR04366;COG3837	cupin fold metalloprotein, WbuC family
JBHJCM010000010.1_19	25749	26393	645	-1	0.684	11	None	NA	NA	NA	0	0	0	1	NA	NA	NA	NA	NA
JBHJCM010000010.1_20	26531	27421	891	-1	0.652	11	GGA/GAG/AGG	NA	NA	NA	0	0	0	1	NA	NA	NA	NA	NA
JBHJCM010000010.1_21	27550	28032	483	1	0.681	11	None	GENOMAD.140723.CP	8.41e-22	94	0	0	0	1	NA	NA	NA	PF17805;PF02295;K05800;COG1522;TIGR02702	DNA-binding transcriptional regulator, Lrp family
JBHJCM010000010.1_22	28326	30524	2199	1	0.651	11	GGA/GAG/AGG	GENOMAD.136702.CP	2.292e-128	430	0	0	0	1	NA	NA	NA	K16088;COG4773	Outer membrane receptor for ferric coprogen and ferric-rhodotorulic acid
JBHJCM010000010.1_23	31070	32113	1044	-1	0.662	11	None	NA	NA	NA	0	0	0	1	NA	NA	NA	NA	NA
JBHJCM010000010.1_24	32288	33661	1374	1	0.663	11	None	NA	NA	NA	0	0	0	1	NA	NA	NA	NA	NA
JBHJCM010000010.1_25	33690	34697	1008	-1	0.699	11	AGGAG	NA	NA	NA	0	0	0	1	NA	NA	NA	NA	NA
JBHJCM010000010.1_26	34895	35740	846	-1	0.662	11	None	NA	NA	NA	0	0	0	1	NA	NA	NA	NA	NA
JBHJCM010000010.1_27	35888	37093	1206	1	0.648	11	GGAG/GAGG	NA	NA	NA	0	0	0	1	NA	NA	NA	NA	NA
JBHJCM010000010.1_28	37113	37478	366	1	0.661	11	GGA/GAG/AGG	NA	NA	NA	0	0	0	1	NA	NA	NA	NA	NA
JBHJCM010000010.1_29	37527	38264	738	1	0.667	11	None	NA	NA	NA	0	0	0	1	NA	NA	NA	NA	NA
JBHJCM010000010.1_30	38261	39733	1473	1	0.654	11	None	NA	NA	NA	0	0	0	1	NA	NA	NA	NA	NA
JBHJCM010000010.1_31	39924	40976	1053	-1	0.684	11	None	GENOMAD.123263.CP	2.161e-11	68	0	0	0	1	NA	NA	NA	PF19488;K11717;TIGR01814;COG3844	kynureninase
JBHJCM010000010.1_32	41225	42460	1236	1	0.659	11	None	GENOMAD.028111.CC	0.0001025	47	0	0	0	1	NA	NA	NA	PF08020;TIGR03440;COG4283;K18912	ergothioneine biosynthesis protein EgtB
JBHJCM010000010.1_33	42457	43443	987	1	0.652	11	AGGA	GENOMAD.146319.CP	3.28e-35	140	0	0	0	1	NA	NA	NA	PF10017;K18884;TIGR03439;COG4301	probable methyltransferase domain, EasF family
JBHJCM010000010.1_34	43839	47546	3708	-1	0.663	11	None	GENOMAD.137972.CP	6.945e-184	613	0	0	0	1	NA	NA	NA	PF01855;PF17147;K04090;TIGR03336;COG4231	indolepyruvate ferredoxin oxidoreductase, alpha subunit
JBHJCM010000010.1_35	47796	48377	582	1	0.691	11	GGAGG	GENOMAD.177989.CP	6.157e-93	301	0	0	0	1	NA	NA	NA	PF09976;COG3063;TIGR03302	Tetratricopeptide repeat-like domain
JBHJCM010000010.1_36	49110	50129	1020	1	0.656	11	GGAG/GAGG	GENOMAD.129517.CP	1.017e-25	112	0	0	0	1	NA	NA	NA	PF13593;K24180;TIGR00946;COG0679	he Auxin Efflux Carrier (AEC) Family
JBHJCM010000010.1_37	50453	51085	633	1	0.662	11	GGAG/GAGG	NA	NA	NA	0	0	0	1	NA	NA	NA	NA	NA
JBHJCM010000010.1_38	51101	51577	477	1	0.709	11	GGA/GAG/AGG	GENOMAD.133985.CP	2.941e-14	72	0	0	0	1	NA	NA	NA	PF00300;K08296;TIGR00249;COG2062	phosphohistidine phosphatase SixA
JBHJCM010000010.1_39	51581	52153	573	1	0.634	11	GGxGG	GENOMAD.138165.CP	8.624e-09	57	0	0	0	1	NA	NA	NA	PF04264;COG2353	Polyisoprenoid-binding periplasmic protein YceI
JBHJCM010000010.1_40	52150	54168	2019	1	0.668	11	AGGAGG	NA	NA	NA	0	0	0	1	NA	NA	NA	NA	NA
JBHJCM010000010.1_41	54458	54886	429	1	0.655	11	None	GENOMAD.142661.CP	2.226e-29	115	0	0	0	1	NA	NA	NA	PF14539;K24147;TIGR02447;COG2050	thioesterase domain, putative
JBHJCM010000010.1_42	55004	55807	804	1	0.675	11	None	GENOMAD.120720.CV	4.28e-23	102	0	0	0	1	NA	NA	NA	PF19576;K22617;TIGR00530;COG3176	Acyltransferase
JBHJCM010000010.1_43	55867	56856	990	1	0.674	11	None	GENOMAD.086420.CP	4.702e-59	210	0	0	0	1	NA	NA	NA	PF00561;K07019;COG0429;TIGR02240	Predicted hydrolase of the alpha/beta-hydrolase fold
JBHJCM010000010.1_44	56853	57110	258	1	0.640	11	None	NA	NA	NA	0	0	0	1	NA	NA	NA	NA	NA
JBHJCM010000010.1_45	57260	59332	2073	1	0.709	11	GGA/GAG/AGG	GENOMAD.121720.CP	2.858e-09	63	0	0	0	1	NA	NA	NA	PF13429;COG5010;TIGR02521;K02656	Flp pilus assembly protein TadD, contains TPR repeats
JBHJCM010000010.1_46	59523	60134	612	1	0.670	11	GGAG/GAGG	NA	NA	NA	0	0	0	1	NA	NA	NA	NA	NA
JBHJCM010000010.1_47	60214	61224	1011	1	0.673	11	GGA/GAG/AGG	NA	NA	NA	0	0	0	1	NA	NA	NA	NA	NA
JBHJCM010000010.1_48	61280	62095	816	-1	0.701	11	GGAG/GAGG	GENOMAD.179467.CP	2.01e-26	112	0	0	0	1	NA	NA	NA	PF14302;PF03724;K03668;COG3187;TIGR03066	Heat shock protein HslJ
JBHJCM010000010.1_49	62336	63133	798	-1	0.649	11	None	GENOMAD.123894.CP	9.8e-38	145	0	0	0	1	NA	NA	NA	K06153;COG1968	Undecaprenyl pyrophosphate phosphatase
JBHJCM010000010.1_50	63355	64764	1410	1	0.628	11	GGAG/GAGG	GENOMAD.120657.CP	6.666e-24	109	0	0	0	1	NA	NA	NA	PF00120;COG3968;TIGR03105;K01915	Glutamine synthetase type III
JBHJCM010000010.1_51	65038	65376	339	1	0.646	11	None	GENOMAD.000475.CC	0.0006682	40	0	0	0	1	NA	NA	NA	PF06153;COG3870;K02590	Cyclic-di-AMP receptor
JBHJCM010000010.1_52	65399	66841	1443	1	0.672	11	GGAG/GAGG	NA	NA	NA	0	0	0	1	NA	NA	NA	NA	NA
JBHJCM010000010.1_53	67124	68161	1038	1	0.697	11	None	NA	NA	NA	0	0	0	1	NA	NA	NA	NA	NA
JBHJCM010000010.1_54	68154	69581	1428	1	0.689	11	AGGAG	NA	NA	NA	0	0	0	1	NA	NA	NA	NA	NA
JBHJCM010000010.1_55	69949	70551	603	1	0.721	11	AGGAG	NA	NA	NA	0	0	0	1	NA	NA	NA	NA	NA
JBHJCM010000010.1_56	70600	71247	648	1	0.684	11	AGGAG	NA	NA	NA	0	0	0	1	NA	NA	NA	NA	NA
JBHJCM010000010.1_57	71781	72218	438	-1	0.667	11	GGA/GAG/AGG	GENOMAD.146194.CP	6.146e-28	111	0	0	0	1	NA	NA	NF000496	PF19581;COG3607;TIGR03645;K08234	Predicted lactoylglutathione lyase
JBHJCM010000010.1_58	72215	73099	885	-1	0.687	11	None	GENOMAD.037431.CC	2.704e-143	452	0	0	0	1	NA	NA	NA	NA	NA
JBHJCM010000010.1_59	73203	74483	1281	1	0.680	11	GGA/GAG/AGG	NA	NA	NA	0	0	0	1	NA	NA	NA	NA	NA
JBHJCM010000010.1_60	74706	75971	1266	-1	0.673	11	GGAG/GAGG	GENOMAD.112670.CP	8.05e-24	108	0	0	0	1	NA	NA	NA	PF07219;PF16918;K02498;TIGR00540;COG3071	heme biosynthesis-associated TPR protein
JBHJCM010000010.1_61	75968	76945	978	-1	0.695	11	GGAG/GAGG	GENOMAD.018427.CC	7.369e-191	591	0	0	0	1	NA	NA	NA	PF04375;COG2959	Uncharacterized conserved protein HemX (no evidence of involvement in heme biosynthesis)
JBHJCM010000010.1_62	77049	77828	780	-1	0.700	11	None	GENOMAD.120512.CP	6.874e-98	319	0	0	0	1	NA	NA	NA	PF02602;K13543;COG1587	Uroporphyrinogen-III synthase HemD
JBHJCM010000010.1_63	78032	78841	810	1	0.633	11	GGAG/GAGG	NA	NA	NA	0	0	0	1	NA	NA	NA	NA	NA
JBHJCM010000010.1_64	79094	79636	543	1	0.657	11	None	GENOMAD.169209.CP	1.93e-39	146	0	0	0	1	NA	NA	NA	PF09500;TIGR02447;COG2050;K02614	thioesterase domain, putative
JBHJCM010000010.1_65	79665	80087	423	1	0.674	11	GGA/GAG/AGG	GENOMAD.030230.CC	1.981e-46	164	0	0	0	1	NA	NA	NA	PF12870	NA
JBHJCM010000010.1_66	80163	80597	435	1	0.653	11	None	NA	NA	NA	0	0	0	1	NA	NA	NA	NA	NA
JBHJCM010000010.1_67	80707	81219	513	1	0.637	11	GGAG/GAGG	NA	NA	NA	0	0	0	1	NA	NA	NA	NA	NA
JBHJCM010000010.1_68	81235	82260	1026	1	0.677	11	None	NA	NA	NA	0	0	0	1	NA	NA	NA	NA	NA
JBHJCM010000010.1_69	82725	83321	597	-1	0.593	11	GGA/GAG/AGG	GENOMAD.206109.CP	1.182e-96	312	0	0	0	1	NA	NA	NA	PF06316;TIGR04273	sulfation-dependent quorum factor, Ax21 family
JBHJCM010000010.1_70	83679	85406	1728	1	0.637	11	GGAG/GAGG	NA	NA	NA	0	0	0	1	NA	NA	NA	NA	NA
JBHJCM010000010.1_71	85456	86898	1443	1	0.689	11	GGA/GAG/AGG	NA	NA	NA	0	0	0	1	NA	NA	NA	NA	NA
JBHJCM010000010.1_72	86883	88226	1344	1	0.684	11	GGAG/GAGG	NA	NA	NA	0	0	0	1	NA	NA	NA	NA	NA
JBHJCM010000010.1_73	88417	89169	753	1	0.732	11	AGGAG	GENOMAD.193021.PC	2.732e-23	102	0	0	0	1	NA	NA	NA	NA	NA
JBHJCM010000010.1_74	89272	89889	618	1	0.663	11	GGAG/GAGG	GENOMAD.193021.PC	4.29e-19	88	0	0	0	1	NA	NA	NA	NA	NA
JBHJCM010000010.1_75	89982	91211	1230	1	0.685	11	GGAG/GAGG	GENOMAD.194979.PC	5.955e-74	257	0	0	0	1	NA	NA	NA	PF03825;TIGR00892;COG2223;K05820	Nucleoside H+ symporter
JBHJCM010000010.1_76	91561	92037	477	-1	0.639	11	None	NA	NA	NA	0	0	0	1	NA	NA	NA	NA	NA
JBHJCM010000010.1_77	92064	92525	462	-1	0.714	11	GGA/GAG/AGG	NA	NA	NA	0	0	0	1	NA	NA	NA	NA	NA
JBHJCM010000010.1_78	92912	93232	321	1	0.670	11	GGA/GAG/AGG	GENOMAD.019745.CC	8.659e-16	74	0	0	0	1	NA	NA	NA	PF13698;PF08139;COG4380	Prokaryotic membrane lipoprotein lipid attachment site
JBHJCM010000010.1_79	93334	94350	1017	1	0.645	11	None	NA	NA	NA	0	0	0	1	NA	NA	NA	NA	NA
JBHJCM010000010.1_80	94434	95573	1140	1	0.568	11	AGxAGG/AGGxGG	NA	NA	NA	0	0	0	1	NA	NA	NA	NA	NA
JBHJCM010000010.1_81	95722	96624	903	1	0.635	11	GGA/GAG/AGG	NA	NA	NA	0	0	0	1	NA	NA	NA	NA	NA
JBHJCM010000010.1_82	96780	97163	384	-1	0.674	11	GGA/GAG/AGG	NA	NA	NA	0	0	0	1	NA	NA	NA	NA	NA
JBHJCM010000010.1_83	97466	99145	1680	1	0.680	11	None	NA	NA	NA	0	0	0	1	NA	NA	NA	NA	NA
JBHJCM010000010.1_84	99373	100383	1011	1	0.656	11	GGAG/GAGG	NA	NA	NA	0	0	0	1	NA	NA	NA	NA	NA
JBHJCM010000010.1_85	100448	100606	159	1	0.553	11	GGA/GAG/AGG	GENOMAD.170307.CP	2.349e-06	44	0	0	0	1	NA	NA	NA	PF07043;COG5487	Uncharacterized membrane protein YtjA, UPF0391 family
JBHJCM010000010.1_86	100795	101898	1104	-1	0.645	11	AGGAG	NA	NA	NA	0	0	0	1	NA	NA	NA	NA	NA
JBHJCM010000010.1_87	102133	102777	645	1	0.710	11	None	GENOMAD.001958.CC	8.94e-25	105	0	0	0	1	NA	NA	NA	PF14864;COG3165;K03690	Ubiquinone biosynthesis protein UbiJ, contains SCP2 domain
JBHJCM010000010.1_88	102774	104447	1674	1	0.657	11	GGAGG	NA	NA	NA	0	0	0	1	NA	NA	NA	NA	NA
JBHJCM010000010.1_89	104457	104960	504	1	0.673	11	GGA/GAG/AGG	GENOMAD.159343.CP	6.096e-29	115	0	0	0	1	NA	NA	NA	PF14499;TIGR03404;COG3257;K01569	bicupin, oxalate decarboxylase family
JBHJCM010000010.1_90	105253	105969	717	1	0.656	11	GGA/GAG/AGG	NA	NA	NA	0	0	0	1	NA	NA	NA	NA	NA
JBHJCM010000010.1_91	106146	106688	543	-1	0.665	11	AGGA	GENOMAD.019134.CC	1.457e-85	279	0	0	0	1	NA	NA	NA	PF09832;COG3184	Uncharacterized protein, contains DUF2059 domain
JBHJCM010000010.1_92	106780	107211	432	1	0.690	11	None	NA	NA	NA	0	0	0	1	NA	NA	NA	NA	NA
JBHJCM010000010.1_93	107214	107843	630	1	0.665	11	GGAG/GAGG	NA	NA	NA	0	0	0	1	NA	NA	NA	NA	NA
JBHJCM010000010.1_94	107932	108948	1017	1	0.677	11	GGAG/GAGG	GENOMAD.141113.CP	3.774e-19	92	0	0	0	1	NA	NA	NA	PF01112;K01444;COG1446	Isoaspartyl peptidase or L-asparaginase, Ntn-hydrolase superfamily
JBHJCM010000010.1_95	109057	111240	2184	1	0.630	11	AGGA	NA	NA	NA	0	0	0	1	NA	NA	NA	NA	NA
JBHJCM010000010.1_96	111637	112623	987	-1	0.678	11	None	GENOMAD.136647.CP	3.168e-85	286	0	0	0	1	NA	NA	NA	PF12706;K03476;COG2220;TIGR03307	L-ascorbate metabolism protein UlaG, beta-lactamase superfamily
JBHJCM010000010.1_97	112922	113554	633	1	0.665	11	None	GENOMAD.152184.PC	4.03e-23	100	0	0	0	1	NA	NA	NA	PF14246	AefR-like transcriptional repressor, C-terminal domain
JBHJCM010000010.1_98	113716	114063	348	-1	0.635	11	AGGAG	GENOMAD.167065.CP	2.541e-40	145	0	0	0	1	NA	NA	NA	PF14506;K06996;COG3324;TIGR00068	Predicted enzyme related to lactoylglutathione lyase
JBHJCM010000010.1_99	114132	114860	729	-1	0.676	11	GGA/GAG/AGG	GENOMAD.147380.CP	1.409e-43	161	0	0	0	1	NA	NA	NA	PF20240;PF12833;K13631;COG2207	AraC-type DNA-binding domain and AraC-containing proteins
JBHJCM010000010.1_100	115005	116267	1263	-1	0.663	11	GGA/GAG/AGG	NA	NA	NA	0	0	0	1	NA	NA	NA	NA	NA
JBHJCM010000010.1_101	116621	117577	957	-1	0.635	11	None	GENOMAD.124080.CP	1.564e-05	49	0	0	0	1	NA	NA	NA	PF03466;PF00126;TIGR02424;K17737;COG0583	pca operon transcription factor PcaQ
JBHJCM010000010.1_102	117678	119312	1635	1	0.664	11	GGA/GAG/AGG	NA	NA	NA	0	0	0	1	NA	NA	NA	NA	NA
JBHJCM010000010.1_103	119472	120767	1296	1	0.625	11	AGGAG	NA	NA	NA	0	0	0	1	NA	NA	NA	NA	NA
JBHJCM010000010.1_104	121067	122125	1059	1	0.663	11	GGA/GAG/AGG	NA	NA	NA	0	0	0	1	NA	NA	NA	NA	NA
JBHJCM010000010.1_105	122129	124642	2514	1	0.602	11	None	NA	NA	NA	0	0	0	1	NA	NA	NA	NA	NA
JBHJCM010000010.1_106	125131	126291	1161	1	0.584	11	GGAG/GAGG	GENOMAD.153667.CP	0.0001885	46	0	0	0	1	NA	NA	NA	PF18679;K05897;TIGR04511;COG3560	putative peptide maturation dehydrogenase
JBHJCM010000010.1_107	126521	128605	2085	-1	0.644	11	GGAG/GAGG	NA	NA	NA	0	0	0	1	NA	NA	NA	NA	NA
JBHJCM010000010.1_108	128705	130732	2028	-1	0.670	11	GGA/GAG/AGG	NA	NA	NA	0	0	0	1	NA	NA	NA	NA	NA
JBHJCM010000010.1_109	130973	132583	1611	-1	0.655	11	GGAG/GAGG	GENOMAD.114541.CP	1.882e-60	222	0	0	0	1	NA	NA	NA	PF01039;K01604;TIGR01117;COG4799	methylmalonyl-CoA decarboxylase alpha subunit
JBHJCM010000010.1_110	132594	133757	1164	-1	0.657	11	GGAG/GAGG	NA	NA	NA	0	0	0	1	NA	NA	NA	NA	NA
JBHJCM010000010.1_111	133886	134506	621	1	0.675	11	None	GENOMAD.140552.CP	1.196e-08	57	0	0	0	1	NA	NA	NA	PF13022;PF13305;TIGR03384;COG3226;K03577	transcriptional repressor BetI
JBHJCM010000010.1_112	134593	134967	375	1	0.672	11	GGAG/GAGG	GENOMAD.120494.PC	1.549e-33	126	0	0	0	1	NA	NA	NA	PF09722;COG5642;TIGR02293	Uncharacterized conserved protein, DUF2384 family
JBHJCM010000010.1_113	134964	135488	525	1	0.682	11	GGA/GAG/AGG	GENOMAD.124316.PC	4.005e-37	139	0	0	0	1	NA	NA	NA	PF08808;COG5654	Uncharacterized conserved protein, contains RES domain
JBHJCM010000010.1_114	135595	135930	336	-1	0.652	11	AGGA	GENOMAD.219541.CP	0.0001328	42	0	0	0	1	NA	NA	NA	PF11804	NA
JBHJCM010000010.1_115	135927	137546	1620	-1	0.656	11	GGAG/GAGG	GENOMAD.170158.CP	6.83e-161	516	0	0	0	1	NA	NA	NA	PF03929;COG3182	PepSY-associated TM region
JBHJCM010000010.1_116	137543	137854	312	-1	0.689	11	GGxGG	GENOMAD.216216.PC	1.406e-09	56	0	0	0	1	NA	NA	NA	PF12365	NA
JBHJCM010000010.1_117	138036	138680	645	-1	0.657	11	AGGAG	GENOMAD.207164.CP	1.665e-83	275	0	0	0	1	NA	NA	NA	PF10670;COG5266;K10094	Uncharacterized conserved protein, contains GH25 family domain
JBHJCM010000010.1_118	138963	139481	519	1	0.642	11	GGA/GAG/AGG	GENOMAD.145284.CP	2.459e-84	275	0	0	0	1	NA	NA	NA	PF09086;COG3245;TIGR04494;K12263	Cytochrome c5
JBHJCM010000010.1_119	139758	141476	1719	1	0.679	11	GGAG/GAGG	GENOMAD.159408.CP	2.164e-89	309	0	0	0	1	NA	NA	NA	PF19580;PF18942;K07004;COG2374;TIGR03395	Predicted extracellular nuclease
JBHJCM010000010.1_120	141532	141975	444	1	0.516	11	GGAGG	NA	NA	NA	0	0	0	1	NA	NA	NA	NA	NA
JBHJCM010000010.1_121	142066	142443	378	-1	0.701	11	GGA/GAG/AGG	GENOMAD.016773.CC	1.695e-16	77	0	0	0	1	NA	NA	NA	PF03203	MerC mercury resistance protein
JBHJCM010000010.1_122	142505	143830	1326	1	0.675	11	GGA/GAG/AGG	GENOMAD.158697.CP	8.322e-16	83	0	0	0	1	NA	NA	NA	PF07683;TIGR02475;COG0523;K02234	cobalamin biosynthesis protein CobW
JBHJCM010000010.1_123	143994	144569	576	-1	0.627	11	None	NA	NA	NA	0	0	0	1	NA	NA	NA	NA	NA
JBHJCM010000010.1_124	145305	146180	876	-1	0.647	11	None	GENOMAD.007407.CC	1.785e-64	224	0	0	0	1	NA	NA	NA	PF06800;TIGR03340;COG5070;K15270	phosphonate utilization associated putative membrane protein
JBHJCM010000010.1_125	146247	146909	663	1	0.667	11	None	GENOMAD.118620.CP	1.147e-35	137	0	0	0	1	NA	NA	NA	PF08538;K07018;COG2945;TIGR03100	Alpha/beta superfamily hydrolase
JBHJCM010000010.1_126	146991	148085	1095	1	0.647	11	GGAG/GAGG	GENOMAD.133423.CP	5.904e-47	176	0	0	0	1	NA	NA	NA	PF03969;K06916;COG1485;TIGR03420	Predicted ATPase
JBHJCM010000010.1_127	148485	148946	462	1	0.647	11	None	NA	NA	NA	0	0	0	1	NA	NA	NA	NA	NA
JBHJCM010000010.1_128	149046	149474	429	1	0.667	11	GGAG/GAGG	GENOMAD.158031.CP	4.637e-21	91	0	0	0	1	NA	NA	NA	PF02566;K04063;COG1765;TIGR03561	Uncharacterized OsmC-related protein
JBHJCM010000010.1_129	149709	150512	804	-1	0.689	11	GGA/GAG/AGG	GENOMAD.038780.CC	6.986e-128	406	0	0	0	1	NA	NA	NA	NA	NA
JBHJCM010000010.1_130	150732	151148	417	1	0.662	11	GGAG/GAGG	NA	NA	NA	0	0	0	1	NA	NA	NA	NA	NA
JBHJCM010000010.1_131	151458	152660	1203	-1	0.633	11	GGAG/GAGG	GENOMAD.047390.PP	1.848e-33	137	0	0	0	1	NA	NA	NA	NA	NA
JBHJCM010000010.1_132	152839	153867	1029	-1	0.656	11	GGA/GAG/AGG	NA	NA	NA	0	0	0	1	NA	NA	NA	NA	NA
JBHJCM010000010.1_133	154002	154973	972	-1	0.651	11	AGGAG	NA	NA	NA	0	0	0	1	NA	NA	NA	NA	NA
JBHJCM010000010.1_134	155207	156061	855	1	0.646	11	GGAG/GAGG	GENOMAD.171333.CP	6.274e-84	280	0	0	0	1	NA	NA	NA	PF05891;COG4798;TIGR00740;K23095	Predicted methyltransferase
JBHJCM010000010.1_135	156154	156726	573	1	0.688	11	AGGA	GENOMAD.106866.CP	6.661e-17	81	0	0	0	1246	Caudoviricetes	NA	NA	COG1187	16S rRNA U516 pseudouridylate synthase RsuA and related 23S rRNA U2605, pseudouridylate synthases
JBHJCM010000010.1_136	157057	157488	432	-1	0.690	11	AGGA	NA	NA	NA	0	0	0	1	NA	NA	NA	NA	NA
JBHJCM010000010.1_137	157955	160456	2502	-1	0.709	11	None	GENOMAD.094115.CP	3.961e-95	335	0	0	0	1	NA	NA	NA	PF08482	ATP-dependent helicase C-terminal
JBHJCM010000010.1_138	160688	160972	285	1	0.593	11	GGA/GAG/AGG	NA	NA	NA	0	0	0	1	NA	NA	NA	NA	NA
JBHJCM010000010.1_139	161149	161622	474	-1	0.643	11	GGA/GAG/AGG	NA	NA	NA	0	0	0	1	NA	NA	NA	NA	NA
JBHJCM010000010.1_140	161790	162122	333	-1	0.706	11	GGA/GAG/AGG	NA	NA	NA	0	0	0	1	NA	NA	NA	NA	NA
JBHJCM010000010.1_141	162119	163540	1422	-1	0.680	11	GGAGG	NA	NA	NA	0	0	0	1	NA	NA	NA	NA	NA
JBHJCM010000010.1_142	163537	164028	492	-1	0.677	11	GGA/GAG/AGG	NA	NA	NA	0	0	0	1	NA	NA	NA	NA	NA
JBHJCM010000010.1_143	164025	164420	396	-1	0.646	11	GGA/GAG/AGG	GENOMAD.205524.PC	2.325e-32	123	0	0	0	1	NA	NA	NA	PF11533;TIGR02246;COG4319;K01822	conserved hypothetical protein
JBHJCM010000010.1_144	164417	165307	891	-1	0.657	11	GGA/GAG/AGG	GENOMAD.161566.CP	4.513e-09	60	0	0	0	1	NA	NA	NA	PF01522;K16842;TIGR03212;COG3233	putative urate catabolism protein
JBHJCM010000010.1_145	165304	166560	1257	-1	0.688	11	GGAG/GAGG	NA	NA	NA	0	0	0	1	NA	NA	NA	NA	NA
JBHJCM010000010.1_146	166550	167770	1221	-1	0.700	11	GGxGG	NA	NA	NA	0	0	0	1	NA	NA	NA	NA	NA
JBHJCM010000010.1_147	168338	169333	996	-1	0.663	11	None	NA	NA	NA	0	0	0	1	NA	NA	NA	NA	NA
JBHJCM010000010.1_148	169636	170523	888	1	0.632	11	GGAGG	GENOMAD.206427.PC	6.49e-06	50	0	0	0	1	NA	NA	NA	PF03096;K10216;TIGR01250;COG2267	Ndr family
JBHJCM010000010.1_149	170845	171303	459	-1	0.601	11	AGGAG	NA	NA	NA	0	0	0	1	NA	NA	NA	NA	NA
JBHJCM010000010.1_150	171527	173107	1581	-1	0.696	11	GGAG/GAGG	NA	NA	NA	0	0	0	1	NA	NA	NA	NA	NA
JBHJCM010000010.1_151	173107	174567	1461	-1	0.721	11	GGA/GAG/AGG	NA	NA	NA	0	0	0	1	NA	NA	NA	NA	NA
JBHJCM010000010.1_152	175034	176149	1116	-1	0.663	11	None	NA	NA	NA	0	0	0	1	NA	NA	NA	NA	NA
JBHJCM010000010.1_153	176301	177851	1551	-1	0.671	11	GGA/GAG/AGG	NA	NA	NA	0	0	0	1	NA	NA	NA	NA	NA
JBHJCM010000010.1_154	177979	179292	1314	-1	0.686	11	GGA/GAG/AGG	NA	NA	NA	0	0	0	1	NA	NA	NA	NA	NA
JBHJCM010000010.1_155	179658	180617	960	-1	0.683	11	GGAG/GAGG	GENOMAD.161620.PC	2.693e-09	61	0	0	0	1	NA	NA	NA	PF08030;K21607;TIGR02160;COG1018	phenylacetate-CoA oxygenase/reductase, PaaK subunit
JBHJCM010000010.1_156	180635	181687	1053	-1	0.673	11	GGA/GAG/AGG	GENOMAD.171766.PC	2.161e-11	68	0	0	0	1	NA	NA	NA	PF19298;K21724;COG4638;TIGR03229	Phenylpropionate dioxygenase or related ring-hydroxylating dioxygenase, large terminal subunit
JBHJCM010000010.1_157	181813	182730	918	1	0.688	11	GGA/GAG/AGG	NA	NA	NA	0	0	0	1	NA	NA	NA	NA	NA
JBHJCM010000010.1_158	182941	183753	813	1	0.654	11	GGA/GAG/AGG	NA	NA	NA	0	0	0	1	NA	NA	NA	NA	NA
JBHJCM010000010.1_159	183871	184539	669	-1	0.667	11	None	GENOMAD.195322.CP	1.86e-120	382	0	0	0	1	NA	NA	NA	PF18711;PF14507;TIGR03211;COG2514;K08234	catechol 2,3 dioxygenase
JBHJCM010000010.1_160	184840	185751	912	1	0.556	11	GGAG/GAGG	NA	NA	NA	0	0	0	1	NA	NA	NA	NA	NA
JBHJCM010000010.1_161	186038	186925	888	-1	0.684	11	GGA/GAG/AGG	NA	NA	NA	0	0	0	1	NA	NA	NA	NA	NA
JBHJCM010000010.1_162	187020	188300	1281	1	0.664	11	None	GENOMAD.152417.CP	1.554e-37	150	0	0	0	1	NA	NA	NF033135	K08224;COG2223	Nitrate/nitrite transporter NarK
JBHJCM010000010.1_163	188320	188772	453	-1	0.660	11	GGAG/GAGG	NA	NA	NA	0	0	0	1	NA	NA	NA	NA	NA
JBHJCM010000010.1_164	188838	189758	921	1	0.669	11	GGAG/GAGG	NA	NA	NA	0	0	0	1	NA	NA	NA	NA	NA
JBHJCM010000010.1_165	189752	189898	147	-1	0.667	11	GGA/GAG/AGG	NA	NA	NA	0	0	0	1	NA	NA	NA	NA	NA
JBHJCM010000010.1_166	190037	190918	882	1	0.676	11	GGA/GAG/AGG	NA	NA	NA	0	0	0	1	NA	NA	NA	NA	NA
JBHJCM010000010.1_167	190999	192096	1098	1	0.656	11	GGA/GAG/AGG	NA	NA	NA	0	0	0	1	NA	NA	NA	NA	NA
JBHJCM010000010.1_168	192131	193009	879	1	0.685	11	AGGA	NA	NA	NA	0	0	0	1	NA	NA	NA	NA	NA
JBHJCM010000010.1_169	193223	193615	393	1	0.662	11	GGxGG	NA	NA	NA	0	0	0	1	NA	NA	NA	NA	NA
JBHJCM010000010.1_170	193826	194704	879	1	0.644	11	None	NA	NA	NA	0	0	0	1	NA	NA	NA	NA	NA
JBHJCM010000010.1_171	194819	195502	684	-1	0.697	11	None	NA	NA	NA	0	0	0	1	NA	NA	NA	NA	NA
JBHJCM010000010.1_172	195499	196878	1380	-1	0.699	11	None	NA	NA	NA	0	0	0	1	NA	NA	NA	NA	NA
JBHJCM010000010.1_173	197039	198262	1224	1	0.685	11	GGA/GAG/AGG	GENOMAD.114408.CP	5.91e-06	51	0	0	0	1	NA	NA	NF000272	PF12700;K15727;TIGR01730;COG0845	RND family efflux transporter, MFP subunit
JBHJCM010000010.1_174	198272	201421	3150	1	0.657	11	GGAG/GAGG	NA	NA	NA	0	0	0	1	NA	NA	NA	NA	NA
JBHJCM010000010.1_175	201421	202869	1449	1	0.656	11	GGAG/GAGG	GENOMAD.134141.CP	1.603e-09	63	0	0	0	1	NA	NA	NA	PF02321;TIGR01845;K12340;COG1538	efflux transporter, outer membrane factor (OMF) lipoprotein, NodT family
JBHJCM010000010.1_176	203106	205022	1917	-1	0.666	11	GGAG/GAGG	GENOMAD.214746.CP	0.0	1073	0	0	0	1	NA	NA	NA	PF16024;PF05728;TIGR03503;COG3150	TIGR03503 family protein
JBHJCM010000010.1_177	205439	206374	936	-1	0.642	11	None	GENOMAD.194673.PC	5.74e-46	171	0	0	0	1	NA	NA	NA	PF02219;COG0685;TIGR00676;K00297	5,10-methylenetetrahydrofolate reductase
JBHJCM010000010.1_178	206445	207005	561	-1	0.585	11	AGGA/GGAG/GAGG	NA	NA	NA	0	0	0	1	NA	NA	NA	NA	NA
JBHJCM010000010.1_179	207110	208024	915	-1	0.660	11	GGA/GAG/AGG	NA	NA	NA	0	0	0	1	NA	NA	NA	NA	NA
JBHJCM010000010.1_180	208212	208799	588	1	0.662	11	GGA/GAG/AGG	GENOMAD.161922.PC	4.154e-13	70	0	0	0	1	NA	NA	NA	PF03358;TIGR03567;K03206;COG0431	FMN reductase, SsuE family
JBHJCM010000010.1_181	208941	209924	984	1	0.595	11	GGA/GAG/AGG	GENOMAD.181514.PC	1.065e-187	582	0	0	0	1	NA	NA	NA	PF08908	Putative oxygenase MesX
JBHJCM010000010.1_182	209953	210981	1029	1	0.618	11	None	NA	NA	NA	0	0	0	1	NA	NA	NA	NA	NA
JBHJCM010000010.1_183	211335	212291	957	-1	0.690	11	GGA/GAG/AGG	GENOMAD.183688.PC	2.312e-37	146	0	0	0	1	NA	NA	NA	PF03812;TIGR00793;K02526;COG0385	2-keto-3-deoxygluconate transporter
JBHJCM010000010.1_184	212427	213884	1458	-1	0.659	11	GGA/GAG/AGG	NA	NA	NA	0	0	0	1	NA	NA	NA	NA	NA
JBHJCM010000010.1_185	214722	215600	879	-1	0.689	11	GGAG/GAGG	NA	NA	NA	0	0	0	1	NA	NA	NA	NA	NA
JBHJCM010000010.1_186	215737	216168	432	1	0.655	11	GGA/GAG/AGG	NA	NA	NA	0	0	0	1	NA	NA	NA	NA	NA
JBHJCM010000010.1_187	217129	217524	396	-1	0.593	11	AGGA/GGAG/GAGG	NA	NA	NA	0	0	0	1	NA	NA	NA	NA	NA
JBHJCM010000010.1_188	218113	218385	273	-1	0.538	11	None	NA	NA	NA	0	0	0	1	NA	NA	NA	NA	NA
JBHJCM010000011.1_1	378	1352	975	1	0.551	11	GGA/GAG/AGG	NA	NA	NA	0	0	0	1	NA	NA	NA	NA	NA
JBHJCM010000011.1_2	1860	3446	1587	1	0.635	11	None	NA	NA	NA	0	0	0	1	NA	NA	NA	NA	NA
JBHJCM010000011.1_3	3421	3840	420	1	0.662	11	AGGAG	NA	NA	NA	0	0	0	1	NA	NA	NA	NA	NA
JBHJCM010000011.1_4	3837	5597	1761	1	0.680	11	None	GENOMAD.192010.PC	9.042e-25	113	0	0	0	1	NA	NA	NA	PF00497;K16254;TIGR03871;COG0834	quinoprotein dehydrogenase-associated probable ABC transporter substrate-binding protein
JBHJCM010000011.1_5	5888	6304	417	1	0.645	11	None	GENOMAD.168413.CP	6.726e-90	289	0	0	0	1	NA	NA	NA	PF09086;COG3245;TIGR03046;K12263	Cytochrome c5
JBHJCM010000011.1_6	6331	7347	1017	1	0.679	11	None	NA	NA	NA	0	0	0	1	NA	NA	NA	NA	NA
JBHJCM010000011.1_7	7383	8489	1107	1	0.659	11	GGAGG	NA	NA	NA	0	0	0	1	NA	NA	NA	NA	NA
JBHJCM010000011.1_8	8501	10885	2385	1	0.666	11	AGGAG	GENOMAD.183275.CP	0.0	1354	0	0	0	1	NA	NA	NA	PF14905;PF07715;TIGR01776;K16091;COG4206	TonB-dependent lactoferrin and transferrin receptors
JBHJCM010000011.1_9	10963	12948	1986	-1	0.694	11	GGAG/GAGG	GENOMAD.148235.CP	3.146e-25	115	0	0	0	1	NA	NA	NA	PF18010;K21405;COG3284;TIGR03298	Transcriptional regulator of acetoin/glycerol metabolism
JBHJCM010000011.1_10	13204	14136	933	-1	0.637	11	GGA/GAG/AGG	GENOMAD.152376.CP	3.05e-05	48	0	0	0	1	NA	NA	NA	PF00294;K23147;COG2870;TIGR04382	ADP-heptose synthase, bifunctional sugar kinase/adenylyltransferase
JBHJCM010000011.1_11	14412	15458	1047	1	0.661	11	AGGA/GGAG/GAGG	GENOMAD.101053.CP	3.546e-16	83	0	0	0	1246	Caudoviricetes	NA	NA	PF06723;TIGR00904;COG1077	cell shape determining protein, MreB/Mrl family
JBHJCM010000011.1_12	15624	16826	1203	1	0.686	11	None	GENOMAD.094189.CV	2.002e-13	75	0	0	0	1	NA	NA	NA	COG1792;K03570	Cell shape-determining protein MreC
JBHJCM010000011.1_13	16823	17308	486	1	0.675	11	AGGAG	GENOMAD.001979.CC	5.735e-27	109	0	0	0	1	NA	NA	NA	PF17099;TIGR03426;K03571;COG2891	rod shape-determining protein MreD
JBHJCM010000011.1_14	17312	19372	2061	1	0.684	11	None	GENOMAD.108664.CP	1.153e-08	61	0	0	0	1246	Caudoviricetes	NA	NF000237	PF00905;PF05223;TIGR03423;K05515;COG0768	penicillin-binding protein 2
JBHJCM010000011.1_15	19369	20487	1119	1	0.655	11	AGGAG	NA	NA	NA	0	0	0	1	NA	NA	NA	NA	NA
JBHJCM010000011.1_16	20844	22241	1398	1	0.639	11	None	GENOMAD.179497.PC	8.046e-50	188	0	0	0	1	NA	NA	NA	K01184;COG5434	Polygalacturonase
JBHJCM010000011.1_17	22879	24027	1149	1	0.667	11	None	NA	NA	NA	0	0	0	1	NA	NA	NA	NA	NA
JBHJCM010000011.1_18	24024	25436	1413	1	0.690	11	AGGAG/GGAGG	GENOMAD.009539.CC	0.0001259	47	0	0	0	1	NA	NA	NA	NA	NA
JBHJCM010000011.1_19	25878	27083	1206	1	0.656	11	AGGAG	NA	NA	NA	0	0	0	1	NA	NA	NA	NA	NA
JBHJCM010000011.1_20	27301	28362	1062	-1	0.655	11	GGA/GAG/AGG	NA	NA	NA	0	0	0	1	NA	NA	NA	NA	NA
JBHJCM010000011.1_21	28632	28910	279	1	0.616	11	None	GENOMAD.010644.CC	2.02e-24	98	0	0	0	1	NA	NA	NA	PF04359;K09158;COG2921	Putative lipoic acid-binding regulatory protein
JBHJCM010000011.1_22	29000	29596	597	1	0.662	11	None	GENOMAD.000230.CC	9.752e-13	69	0	0	0	1	NA	NA	NA	TIGR00214;COG0321;K23735	lipoate-protein ligase B
JBHJCM010000011.1_23	29612	30625	1014	1	0.661	11	None	GENOMAD.121663.CP	3.416e-56	202	0	0	0	1	NA	NA	NA	PF13394;TIGR00510;COG0320	lipoate synthase
JBHJCM010000011.1_24	31020	33203	2184	1	0.638	11	GGA/GAG/AGG	NA	NA	NA	0	0	0	1	NA	NA	NA	NA	NA
JBHJCM010000011.1_25	33288	34043	756	-1	0.681	11	None	NA	NA	NA	0	0	0	1	NA	NA	NA	NA	NA
JBHJCM010000011.1_26	34119	35024	906	1	0.710	11	GGAGG	NA	NA	NA	0	0	0	1	NA	NA	NA	NA	NA
JBHJCM010000011.1_27	35114	35977	864	-1	0.649	11	AGGA	GENOMAD.159160.CP	3.715e-08	57	0	0	0	1	NA	NA	NF000373	PF19580;K18353;COG3021;TIGR03395	Uncharacterized conserved protein YafD, endonuclease/exonuclease/phosphatase (EEP) superfamily
JBHJCM010000011.1_28	36160	37215	1056	1	0.633	11	GGAG/GAGG	NA	NA	NA	0	0	0	1	NA	NA	NA	NA	NA
JBHJCM010000011.1_29	37338	38741	1404	1	0.637	11	AGGAG	NA	NA	NA	0	0	0	1	NA	NA	NA	NA	NA
JBHJCM010000011.1_30	38764	39864	1101	1	0.664	11	GGA/GAG/AGG	NA	NA	NA	0	0	0	1	NA	NA	NA	NA	NA
JBHJCM010000011.1_31	39857	40921	1065	1	0.685	11	GGAG/GAGG	NA	NA	NA	0	0	0	1	NA	NA	NA	NA	NA
JBHJCM010000011.1_32	40996	41754	759	1	0.659	11	GGA/GAG/AGG	GENOMAD.211360.PC	3.269e-36	140	0	0	0	1	NA	NA	NA	PF10001	NA
JBHJCM010000011.1_33	41879	42259	381	1	0.646	11	GGAG/GAGG	NA	NA	NA	0	0	0	1	NA	NA	NA	NA	NA
JBHJCM010000011.1_34	42423	43766	1344	1	0.660	11	None	NA	NA	NA	0	0	0	1	NA	NA	NA	NA	NA
JBHJCM010000011.1_35	43787	44728	942	1	0.654	11	AGGAG	NA	NA	NA	0	0	0	1	NA	NA	NA	NA	NA
JBHJCM010000011.1_36	44804	45859	1056	-1	0.666	11	None	NA	NA	NA	0	0	0	1	NA	NA	NA	NA	NA
JBHJCM010000011.1_37	46010	46381	372	1	0.626	11	AGGAG	GENOMAD.146485.CP	4.81e-21	90	0	0	0	1	NA	NA	NA	PF04972;COG2823	Osmotically-inducible protein OsmY, contains BON domain
JBHJCM010000011.1_38	46663	48474	1812	1	0.651	11	None	NA	NA	NA	0	0	0	1	NA	NA	NA	NA	NA
JBHJCM010000011.1_39	48471	48911	441	1	0.639	11	GGA/GAG/AGG	NA	NA	NA	0	0	0	1	NA	NA	NA	NA	NA
JBHJCM010000011.1_40	48915	50417	1503	1	0.651	11	GGA/GAG/AGG	NA	NA	NA	0	0	0	1	NA	NA	NA	NA	NA
JBHJCM010000011.1_41	50510	51025	516	1	0.669	11	None	NA	NA	NA	0	0	0	1	NA	NA	NA	NA	NA
JBHJCM010000011.1_42	51194	51931	738	-1	0.686	11	GGA/GAG/AGG	NA	NA	NA	0	0	0	1	NA	NA	NA	NA	NA
JBHJCM010000011.1_43	51999	53183	1185	1	0.662	11	None	GENOMAD.000446.CC	6.5e-64	227	0	0	0	1	NA	NA	NA	PF02636;COG1565	SAM-dependent methyltransferase, MidA family
JBHJCM010000011.1_44	53171	53590	420	1	0.638	11	None	GENOMAD.145656.CP	1.592e-56	193	0	0	0	1	NA	NA	NA	PF10043;COG5544;K20950	Uncharacterized conserved protein YfiM, DUF2279 family
JBHJCM010000011.1_45	53842	55887	2046	-1	0.640	11	None	GENOMAD.127342.CP	6.54e-17	88	0	0	0	1	NA	NA	NA	PF11854;PF07715;TIGR01776;COG4773;K16090	TonB-dependent lactoferrin and transferrin receptors
JBHJCM010000011.1_46	56220	57080	861	-1	0.661	11	None	NA	NA	NA	0	0	0	1	NA	NA	NA	NA	NA
JBHJCM010000011.1_47	57266	58738	1473	1	0.664	11	GGAG/GAGG	NA	NA	NA	0	0	0	1	NA	NA	NA	NA	NA
JBHJCM010000011.1_48	58815	61472	2658	1	0.635	11	GGA/GAG/AGG	NA	NA	NA	0	0	0	1	NA	NA	NA	NA	NA
JBHJCM010000011.1_49	61631	62449	819	1	0.680	11	None	GENOMAD.181762.CP	3.185e-139	439	0	0	0	1	NA	NA	NA	PF19805;PF16537;K02452;TIGR01713;COG3031	type II secretion system protein C
JBHJCM010000011.1_50	62446	64515	2070	1	0.667	11	None	NA	NA	NA	0	0	0	1	NA	NA	NA	NA	NA
JBHJCM010000011.1_51	64520	66007	1488	1	0.661	11	None	NA	NA	NA	0	0	0	1	NA	NA	NA	NA	NA
JBHJCM010000011.1_52	65994	67196	1203	1	0.672	11	AGGA	GENOMAD.118344.CP	9.299e-20	95	0	0	0	1246	Caudoviricetes	NA	NA	PF00482;K02653;TIGR02120;COG1459	type II secretion system protein F
JBHJCM010000011.1_53	67225	67689	465	1	0.630	11	GGAG/GAGG	GENOMAD.168639.CP	0.0008823	41	0	0	0	1	NA	NA	NA	PF07379;K02457;TIGR01708;COG4970	type II secretion system protein H
JBHJCM010000011.1_54	67741	68211	471	1	0.643	11	None	GENOMAD.179080.CP	2.843e-83	271	0	0	0	1	NA	NA	NA	PF12019;PF07379;K02457;TIGR01708;COG4970	type II secretion system protein H
JBHJCM010000011.1_55	68195	68575	381	1	0.667	11	None	GENOMAD.176788.CP	1.466e-09	57	0	0	0	1	NA	NA	NA	PF02501;K02458;TIGR01707;COG2165	type II secretion system protein I
JBHJCM010000011.1_56	68572	69174	603	1	0.683	11	GGAG/GAGG	GENOMAD.195831.CP	4.653e-06	49	0	0	0	1	NA	NA	NA	PF07379;K02459;TIGR01711;COG4795	type II secretion system protein J
JBHJCM010000011.1_57	69174	70163	990	1	0.658	11	GGA/GAG/AGG	GENOMAD.151006.CP	3.267e-19	92	0	0	0	1	NA	NA	NA	PF03934;K02460;COG3156;TIGR00426	Type II secretory pathway, component PulK
JBHJCM010000011.1_58	70160	71248	1089	1	0.687	11	GGAG/GAGG	GENOMAD.192885.CP	3.747e-182	568	0	0	0	1	NA	NA	NA	PF05134;TIGR01709;COG3297;K02461	type II secretion system protein L
JBHJCM010000011.1_59	71245	71721	477	1	0.669	11	GGAG/GAGG	GENOMAD.190425.CP	2.755e-76	251	0	0	0	1	NA	NA	NA	PF04612;TIGR04412;K02462;COG3149	type II secretion system protein M, XcpZ-type
JBHJCM010000011.1_60	71727	72437	711	1	0.692	11	GGA/GAG/AGG	GENOMAD.159311.CP	5.065e-54	191	0	0	0	1	NA	NA	NA	PF01203;K02463;TIGR04411	Type II secretion system (T2SS), protein N
JBHJCM010000011.1_61	72790	73557	768	1	0.674	11	GGAGG	NA	NA	NA	0	0	0	1	NA	NA	NA	NA	NA
JBHJCM010000011.1_62	73601	74878	1278	1	0.631	11	GGA/GAG/AGG	NA	NA	NA	0	0	0	1	NA	NA	NA	NA	NA
JBHJCM010000011.1_63	74919	75986	1068	1	0.661	11	GGA/GAG/AGG	NA	NA	NA	0	0	0	1	NA	NA	NA	NA	NA
JBHJCM010000011.1_64	75993	77021	1029	1	0.678	11	GGA/GAG/AGG	NA	NA	NA	0	0	0	1	NA	NA	NA	NA	NA
JBHJCM010000011.1_65	77024	78178	1155	1	0.670	11	GGA/GAG/AGG	GENOMAD.126037.CP	1.732e-53	196	0	0	0	1	NA	NA	NA	PF12890;K01443;TIGR00221;COG1820	N-acetylglucosamine-6-phosphate deacetylase
JBHJCM010000011.1_66	78982	81651	2670	1	0.608	11	GGAG/GAGG	GENOMAD.152082.CP	6.461e-114	393	0	0	0	1	NA	NA	NA	PF00593;PF07715;PF00691;TIGR01782;COG4773;K16089	TonB-dependent receptor
JBHJCM010000011.1_67	81970	83202	1233	-1	0.663	11	None	NA	NA	NA	0	0	0	1	NA	NA	NA	NA	NA
JBHJCM010000011.1_68	83360	85030	1671	-1	0.649	11	AGGAG	NA	NA	NA	0	0	0	1	NA	NA	NA	NA	NA
JBHJCM010000011.1_69	85157	86629	1473	-1	0.654	11	AGGAG	GENOMAD.168696.PC	4.726e-07	55	0	0	0	1	NA	NA	NA	PF07368;TIGR00407;COG0014;K18601	gamma-glutamyl phosphate reductase
JBHJCM010000011.1_70	86670	88649	1980	-1	0.636	11	GGA/GAG/AGG	NA	NA	NA	0	0	0	1	NA	NA	NA	NA	NA
JBHJCM010000011.1_71	88931	89698	768	-1	0.648	11	None	GENOMAD.152447.CP	6.235e-10	62	0	0	0	1	NA	NA	NA	COG3021;K18353	Uncharacterized conserved protein YafD, endonuclease/exonuclease/phosphatase (EEP) superfamily
JBHJCM010000011.1_72	89718	90533	816	-1	0.665	11	GGAG/GAGG	GENOMAD.152305.CP	3.924e-29	120	0	0	0	1	NA	NA	NA	PF01323;K03673;COG2761;TIGR00411	DSBA-like thioredoxin domain
JBHJCM010000011.1_73	90625	91275	651	-1	0.653	11	GGAG/GAGG	GENOMAD.152305.CP	1.633e-28	116	0	0	0	1	NA	NA	NA	PF01323;K03673;COG2761;TIGR00411	DSBA-like thioredoxin domain
JBHJCM010000011.1_74	91272	91430	159	-1	0.711	11	GGA/GAG/AGG	NA	NA	NA	0	0	0	1	NA	NA	NA	NA	NA
JBHJCM010000011.1_75	91369	92166	798	-1	0.685	11	GGAG/GAGG	NA	NA	NA	0	0	0	1	NA	NA	NA	NA	NA
JBHJCM010000011.1_76	92310	92933	624	1	0.651	11	None	GENOMAD.090247.CV	3.168e-55	193	0	0	0	1246	Caudoviricetes	NA	NA	PF05049;K03978;TIGR03598;COG0218	ribosome biogenesis GTP-binding protein YsxC/EngB
JBHJCM010000011.1_77	93208	94689	1482	1	0.651	11	None	GENOMAD.128920.CP	6.696e-138	447	0	0	0	1	NA	NA	NA	PF04107;TIGR01436;COG3572;K01919	glutamate--cysteine ligase, plant type
JBHJCM010000011.1_78	94877	96379	1503	-1	0.686	11	GGA/GAG/AGG	NA	NA	NA	0	0	0	1	NA	NA	NA	NA	NA
JBHJCM010000011.1_79	96376	97155	780	-1	0.659	11	None	NA	NA	NA	0	0	0	1	NA	NA	NA	NA	NA
JBHJCM010000011.1_80	97320	98333	1014	1	0.670	11	GGA/GAG/AGG	NA	NA	NA	0	0	0	1	NA	NA	NA	NA	NA
JBHJCM010000011.1_81	98688	99392	705	-1	0.705	11	None	NA	NA	NA	0	0	0	1	NA	NA	NA	NA	NA
JBHJCM010000011.1_82	99448	99723	276	1	0.678	11	GGAG/GAGG	NA	NA	NA	0	0	0	1	NA	NA	NA	NA	NA
JBHJCM010000011.1_83	99790	100899	1110	1	0.637	11	AGGAG	NA	NA	NA	0	0	0	1	NA	NA	NA	NA	NA
JBHJCM010000011.1_84	100968	101543	576	1	0.592	11	GGAGG	GENOMAD.194208.PC	8.102e-106	338	0	0	0	1	NA	NA	NA	PF19648;K03396;TIGR02820;COG3791	S-(hydroxymethyl)glutathione synthase
JBHJCM010000011.1_85	101602	102432	831	1	0.617	11	AGGA	GENOMAD.151688.CP	1.151e-05	49	0	0	0	1	NA	NA	NA	PF00756;K03930;TIGR02821;COG0627	S-formylglutathione hydrolase
JBHJCM010000011.1_86	102600	102938	339	-1	0.646	11	GGA/GAG/AGG	NA	NA	NA	0	0	0	1	NA	NA	NA	NA	NA
JBHJCM010000011.1_87	103117	104778	1662	-1	0.634	11	GGAG/GAGG	NA	NA	NA	0	0	0	1	NA	NA	NA	NA	NA
JBHJCM010000011.1_88	105003	105500	498	1	0.669	11	AGGA	GENOMAD.225035.PV	5.024e-07	51	0	0	0	1246	Caudoviricetes	NA	NA	PF11776	Nickel/cobalt transporter regulator
JBHJCM010000011.1_89	105698	106951	1254	1	0.638	11	GGAG/GAGG	NA	NA	NA	0	0	0	1	NA	NA	NA	NA	NA
JBHJCM010000011.1_90	106965	107477	513	1	0.645	11	None	GENOMAD.055619.CC	2.638e-05	46	0	0	0	1	NA	NA	NA	NA	NA
JBHJCM010000011.1_91	107477	108001	525	1	0.638	11	AGGA	GENOMAD.145838.VC	1.318e-07	53	0	0	0	1246	Caudoviricetes	NA	NA	PF14354;TIGR00244;COG1327;K21759	transcriptional regulator NrdR
JBHJCM010000011.1_92	107998	108486	489	1	0.661	11	None	GENOMAD.195023.CP	2.152e-07	52	0	0	0	1	NA	NA	NA	PF13527;K03826;COG3818;TIGR01575	Predicted acetyltransferase, GNAT superfamily
JBHJCM010000011.1_93	108479	109588	1110	1	0.681	11	GGAG/GAGG	GENOMAD.129171.CP	7.957e-09	60	0	0	0	1	NA	NA	NA	PF01872;TIGR01508;COG1985	2,5-diamino-6-hydroxy-4-(5-phosphoribosylamino)pyrimidine 1'-reductase, archaeal
JBHJCM010000011.1_94	109684	110307	624	-1	0.631	11	GGA/GAG/AGG	GENOMAD.206109.CP	9.488e-20	90	0	0	0	1	NA	NA	NA	PF06316;TIGR04273	sulfation-dependent quorum factor, Ax21 family
JBHJCM010000011.1_95	110874	111476	603	1	0.655	11	GGxGG	NA	NA	NA	0	0	0	1	NA	NA	NA	NA	NA
JBHJCM010000011.1_96	111473	112612	1140	1	0.679	11	GGxGG	NA	NA	NA	0	0	0	1	NA	NA	NA	NA	NA
JBHJCM010000011.1_97	112902	113366	465	1	0.671	11	GGA/GAG/AGG	NA	NA	NA	0	0	0	1	NA	NA	NA	NA	NA
JBHJCM010000011.1_98	113363	113851	489	1	0.681	11	GGAG/GAGG	GENOMAD.058926.CV	2.259e-29	116	1	0	0	1	NA	NA	NA	PF01029;K03625;TIGR01951;COG0781	transcription antitermination factor NusB
JBHJCM010000011.1_99	113962	114936	975	1	0.685	11	None	GENOMAD.094404.CP	1.199e-08	59	0	0	0	1	NA	NA	NA	NA	NA
JBHJCM010000011.1_100	115318	116898	1581	1	0.669	11	GGAG/GAGG	GENOMAD.212305.CP	4.098e-78	274	0	0	0	1	NA	NA	NA	PF08530;PF02129;TIGR00976;COG2936;K06978	putative hydrolase, CocE/NonD family
JBHJCM010000011.1_101	117123	118475	1353	1	0.651	11	AGGAG	NA	NA	NA	0	0	0	1	NA	NA	NA	NA	NA
JBHJCM010000011.1_102	119031	120824	1794	1	0.638	11	GGA/GAG/AGG	GENOMAD.151994.CP	3.663e-110	371	0	0	0	1	NA	NA	NA	K01546;COG2060	K+-transporting ATPase, A chain
JBHJCM010000011.1_103	120837	122885	2049	1	0.659	11	GGA/GAG/AGG	GENOMAD.152605.CP	1.006e-41	168	0	0	0	1	NA	NA	NA	NA	NA
JBHJCM010000011.1_104	122926	123555	630	1	0.695	11	GGA/GAG/AGG	GENOMAD.153056.CP	1.337e-38	145	0	0	0	1	NA	NA	NA	PF02669;TIGR00681;COG2156;K01548	K+-transporting ATPase, C subunit
JBHJCM010000011.1_105	123740	126400	2661	1	0.683	11	None	GENOMAD.153600.CP	6.858e-60	228	0	0	0	1	NA	NA	NA	PF02702;K07646;COG2205	K+-sensing histidine kinase KdpD
JBHJCM010000011.1_106	126390	127106	717	1	0.671	11	None	NA	NA	NA	0	0	0	1	NA	NA	NA	NA	NA
JBHJCM010000011.1_107	127087	127758	672	-1	0.603	11	None	NA	NA	NA	0	0	0	1	NA	NA	NA	NA	NA
JBHJCM010000011.1_108	127763	129160	1398	-1	0.689	11	AGGA	GENOMAD.127021.CP	1.054e-07	57	0	0	0	1	NA	NA	NA	PF18690;TIGR00387	glycolate oxidase, subunit GlcD
JBHJCM010000011.1_109	129157	129684	528	-1	0.684	11	None	GENOMAD.040030.CC	5.002e-78	257	0	0	0	1	NA	NA	NA	PF04307;COG1988;K07038	Membrane-bound metal-dependent hydrolase YbcI, DUF457 family
JBHJCM010000011.1_110	129726	130094	369	-1	0.699	11	None	GENOMAD.070647.CV	1.245e-18	83	0	0	0	1	NA	NA	NA	PF02021;K07460;COG0792;TIGR00252	Predicted endonuclease distantly related to archaeal Holliday junction resolvase
JBHJCM010000011.1_111	130098	131828	1731	-1	0.719	11	GGA/GAG/AGG	GENOMAD.101231.CP	2.69e-302	927	0	0	0	1	NA	NA	NA	PF04348;K07121;COG3107;TIGR03407	Outer membrane lipoprotein LpoA, binds and activates PBP1a
JBHJCM010000011.1_112	131910	132731	822	1	0.715	11	GGA/GAG/AGG	NA	NA	NA	0	0	0	1	NA	NA	NA	NA	NA
JBHJCM010000011.1_113	133706	134023	318	-1	0.604	11	GGA/GAG/AGG	GENOMAD.113516.PC	1.428e-49	171	0	0	0	1	NA	NA	NA	PF01845;K19163	CcdB protein
JBHJCM010000011.1_114	134020	134271	252	-1	0.599	11	AGGAG	GENOMAD.158028.PC	5.323e-26	102	0	0	0	1	NA	NA	NA	PF07362;COG5302	Post-segregation antitoxin (ccd killing mechanism protein) encoded by the F plasmid
JBHJCM010000011.1_115	134319	135101	783	-1	0.699	11	None	GENOMAD.158029.VC	4.157e-48	175	0	0	0	6593	Avipoxvirus	NA	NA	PF05742;COG3332	Uncharacterized conserved protein, contains NRDE domain
JBHJCM010000011.1_116	135411	135857	447	1	0.617	11	GGAG/GAGG	GENOMAD.070929.CV	1.409e-19	87	0	0	0	1	NA	NA	NA	PF02381;K03925;TIGR00242;COG2001	division/cell wall cluster transcriptional repressor MraZ
JBHJCM010000011.1_117	135872	136915	1044	1	0.672	11	None	NA	NA	NA	0	0	0	1	NA	NA	NA	NA	NA
JBHJCM010000011.1_118	136912	137175	264	1	0.621	11	AGGAG	GENOMAD.002313.CC	4.708e-14	68	0	0	0	1	NA	NA	NA	PF04999;K03586;TIGR02209;COG3116	cell division protein FtsL
JBHJCM010000011.1_119	137387	139255	1869	1	0.661	11	GGAGG	GENOMAD.108664.CP	8.222e-08	58	0	0	0	1246	Caudoviricetes	NA	NF000237	PF00905;PF05223;TIGR03423;K05515;COG0768	penicillin-binding protein 2
JBHJCM010000011.1_120	139252	140739	1488	1	0.677	11	AGGAG	GENOMAD.097666.CP	5.77e-08	58	1	0	0	1	NA	NA	NA	PF16292;PF02875;COG0769;TIGR01085;K01928	UDP-N-acetylmuramyl tripeptide synthase
JBHJCM010000011.1_121	140736	142247	1512	1	0.676	11	GGAG/GAGG	GENOMAD.097137.CP	2.683e-26	117	1	0	0	1	NA	NA	NA	PF08245;PF02875;K01929;TIGR01143;COG0770	UDP-N-acetylmuramoyl-tripeptide--D-alanyl-D-alanine ligase
JBHJCM010000011.1_122	142237	143322	1086	1	0.622	11	GGAGG	GENOMAD.038387.CC	7.01e-81	275	1	0	0	1	NA	NA	NA	PF00953;PF10555;K01000;TIGR00445;COG0472	phospho-N-acetylmuramoyl-pentapeptide-transferase
JBHJCM010000011.1_123	143322	144698	1377	1	0.662	11	GGA/GAG/AGG	NA	NA	NA	0	0	0	1	NA	NA	NA	NA	NA
JBHJCM010000011.1_124	144746	145990	1245	1	0.686	11	None	GENOMAD.101276.CP	4.201e-53	196	0	0	0	1246	Caudoviricetes	NA	NA	PF02684;K02563;TIGR01133;COG0707	undecaprenyldiphospho-muramoylpentapeptide beta-N-acetylglucosaminyltransferase
JBHJCM010000011.1_125	145987	147420	1434	1	0.669	11	AGGAG	GENOMAD.091903.CP	5.692e-87	298	0	0	0	1	NA	NA	NA	PF02875	Mur ligase family, glutamate ligase domain
JBHJCM010000011.1_126	147417	148373	957	1	0.658	11	GGAG/GAGG	NA	NA	NA	0	0	0	1	NA	NA	NA	NA	NA
JBHJCM010000011.1_127	148498	149325	828	1	0.659	11	GGAG/GAGG	GENOMAD.000779.CC	1.286e-133	423	0	0	0	1	NA	NA	NA	PF03799;PF08478;COG1589;K03589	Cell division septal protein FtsQ
JBHJCM010000011.1_128	149322	150557	1236	1	0.649	11	None	GENOMAD.000049.CC	9.911e-91	306	0	0	0	1	NA	NA	NA	PF08841;TIGR01174;COG0849;K02662	cell division protein FtsA
JBHJCM010000011.1_129	150871	152109	1239	1	0.667	11	GGAG/GAGG	NA	NA	NA	0	0	0	1	NA	NA	NA	NA	NA
JBHJCM010000011.1_130	152344	153255	912	1	0.627	11	None	GENOMAD.075985.CV	0.0001228	46	0	0	0	1	NA	NA	NA	PF03331;TIGR00325;COG0774;K02535	UDP-3-O-acyl N-acetylglycosamine deacetylase
JBHJCM010000011.1_131	153441	153887	447	-1	0.631	11	None	GENOMAD.013259.CC	3.392e-69	230	0	0	0	1	NA	NA	NA	PF05258;COG4701	Dna[CI] antecedent, DciA
JBHJCM010000011.1_132	153978	154829	852	1	0.671	11	GGA/GAG/AGG	GENOMAD.205988.VC	0.0004537	44	0	0	0	1	NA	NA	NA	PF01333;COG2190	Apocytochrome F, C-terminal
JBHJCM010000011.1_133	154986	157724	2739	1	0.631	11	None	NA	NA	NA	0	0	0	1	NA	NA	NA	NA	NA
JBHJCM010000011.1_134	158047	158994	948	1	0.684	11	None	GENOMAD.133558.CP	4.761e-08	57	0	0	0	1	NA	NA	NA	PF02581;K10810;TIGR00693;COG0352	thiamine-phosphate diphosphorylase
JBHJCM010000011.1_135	159106	159735	630	-1	0.686	11	None	NA	NA	NA	0	0	0	1	NA	NA	NA	NA	NA
JBHJCM010000011.1_136	159781	160608	828	-1	0.646	11	GGA/GAG/AGG	GENOMAD.112993.CP	4.987e-53	190	0	0	0	1	NA	NA	NA	PF19345;K00297;TIGR00676;COG0685	5,10-methylenetetrahydrofolate reductase, prokaryotic form
JBHJCM010000011.1_137	160648	162030	1383	-1	0.666	11	AGGAG	GENOMAD.190734.CP	1.253e-112	372	0	0	0	1	NA	NA	NA	PF03198;COG3867;K22832	Glucanosyltransferase
JBHJCM010000011.1_138	162427	163404	978	1	0.682	11	GGAG/GAGG	NA	NA	NA	0	0	0	1	NA	NA	NA	NA	NA
JBHJCM010000011.1_139	163644	165404	1761	1	0.672	11	GGxGG	NA	NA	NA	0	0	0	1	NA	NA	NA	NA	NA
JBHJCM010000011.1_140	165480	165884	405	-1	0.640	11	None	NA	NA	NA	0	0	0	1	NA	NA	NA	NA	NA
JBHJCM010000011.1_141	166259	167194	936	1	0.652	11	GGA/GAG/AGG	NA	NA	NA	0	0	0	1	NA	NA	NA	NA	NA
JBHJCM010000011.1_142	167577	168548	972	-1	0.621	11	None	NA	NA	NA	0	0	0	1	NA	NA	NA	NA	NA
JBHJCM010000011.1_143	169661	170206	546	1	0.650	11	None	GENOMAD.161593.CP	5.802e-45	162	0	0	0	1	NA	NA	NA	K09912;COG3122	Uncharacterized conserved protein YaiL, DUF2058 family
JBHJCM010000011.1_144	170426	170983	558	1	0.640	11	None	GENOMAD.192159.VC	5.413e-65	220	0	0	0	1246	Caudoviricetes	NA	NA	PF11539	NA
JBHJCM010000011.1_145	171134	171820	687	1	0.610	11	GGAG/GAGG	NA	NA	NA	0	0	0	1	NA	NA	NA	NA	NA
JBHJCM010000011.1_146	171980	172072	93	1	0.452	11	GGAG/GAGG	NA	NA	NA	0	0	0	1	NA	NA	NA	NA	NA
JBHJCM010000011.1_147	172318	173244	927	1	0.649	11	None	NA	NA	NA	0	0	0	1	NA	NA	NA	NA	NA
JBHJCM010000011.1_148	173276	174058	783	1	0.663	11	GGAG/GAGG	NA	NA	NA	0	0	0	1	NA	NA	NA	NA	NA
JBHJCM010000011.1_149	174296	175738	1443	-1	0.635	11	GGAG/GAGG	NA	NA	NA	0	0	0	1	NA	NA	NA	NA	NA
JBHJCM010000011.1_150	176008	178542	2535	1	0.674	11	GGA/GAG/AGG	GENOMAD.123353.CP	5.723e-132	445	0	0	0	1	NA	NA	NA	PF00326;PF14583;K01278;COG1506;TIGR02821	Dipeptidyl aminopeptidase/acylaminoacyl peptidase
JBHJCM010000011.1_151	178894	181608	2715	1	0.677	11	None	GENOMAD.136483.CP	9.92e-69	256	0	0	0	1	NA	NA	NA	PF00311;COG2352;TIGR02751	Phosphoenolpyruvate carboxylase
JBHJCM010000011.1_152	181745	182317	573	1	0.677	11	None	GENOMAD.158817.CP	2.647e-40	149	0	0	0	1	NA	NA	NA	PF13022;PF08360;COG1309;TIGR03968;K03577	DNA-binding transcriptional regulator, AcrR family
JBHJCM010000011.1_153	182314	183351	1038	1	0.657	11	GGA/GAG/AGG	GENOMAD.205408.PC	6.272e-50	184	0	0	0	1	NA	NA	NA	PF13387	NA
JBHJCM010000011.1_154	183360	185342	1983	1	0.665	11	GGAG/GAGG	GENOMAD.211147.PC	7.42e-250	780	0	0	0	1	NA	NA	NA	PF05057;COG1075;TIGR02427;K07000	Triacylglycerol esterase/lipase EstA, alpha/beta hydrolase fold
JBHJCM010000011.1_155	185595	186686	1092	1	0.668	11	None	NA	NA	NA	0	0	0	1	NA	NA	NA	NA	NA
JBHJCM010000011.1_156	187191	189962	2772	1	0.626	11	GGA/GAG/AGG	GENOMAD.152082.CP	1.485e-21	104	0	0	0	1	NA	NA	NA	PF00593;PF07715;PF00691;TIGR01782;COG4773;K16089	TonB-dependent receptor
JBHJCM010000011.1_157	190018	191565	1548	1	0.689	11	AGGA	GENOMAD.176778.PC	1.733e-114	380	0	0	0	1	NA	NA	NA	PF00328;K01093	Histidine phosphatase superfamily (branch 2)
JBHJCM010000012.1_1	87	1214	1128	-1	0.668	11	None	GENOMAD.125879.CP	6.841e-20	95	0	0	0	1	NA	NA	NA	PF01339;K13924	CheB methylesterase
JBHJCM010000012.1_2	1211	2017	807	-1	0.636	11	None	GENOMAD.114440.CP	1.914e-25	109	0	0	0	1	NA	NA	NA	PF01739;PF12895;PF03705;K13486;COG1352;TIGR04345	Methylase of chemotaxis methyl-accepting proteins
JBHJCM010000012.1_3	2022	3305	1284	-1	0.676	11	AGGA	NA	NA	NA	0	0	0	1	NA	NA	NA	NA	NA
JBHJCM010000012.1_4	3332	3847	516	-1	0.645	11	AGGAG	GENOMAD.119444.CP	1.668e-17	82	0	0	0	1	NA	NA	NA	PF01584;COG0835;K13489	Chemotaxis signal transduction protein
JBHJCM010000012.1_5	3858	6011	2154	-1	0.657	11	AGGA	NA	NA	NA	0	0	0	1	NA	NA	NA	NA	NA
JBHJCM010000012.1_6	6077	8086	2010	-1	0.654	11	None	GENOMAD.116397.CP	2.528e-99	342	0	0	0	1	NA	NA	NA	PF14501;PF01584;PF01627;PF02895;K03407;COG0643;TIGR01924	Chemotaxis protein histidine kinase CheA
JBHJCM010000012.1_7	8105	8434	330	-1	0.642	11	GGAG/GAGG	GENOMAD.007903.CC	9.594e-08	51	0	0	0	1	NA	NA	NA	PF13466;COG3113;K04749;TIGR00377	ABC-type transporter Mla maintaining outer membrane lipid asymmetry, MlaB component, contains STAS domain
JBHJCM010000012.1_8	8905	12369	3465	-1	0.662	11	None	NA	NA	NA	0	0	0	1	NA	NA	NA	NA	NA
JBHJCM010000012.1_9	12783	13325	543	-1	0.657	11	AGGA	GENOMAD.140339.CP	1.175e-26	109	0	0	0	1	NA	NA	NA	PF13420;TIGR02382;COG3981;K03825	TDP-D-fucosamine acetyltransferase
JBHJCM010000012.1_10	13696	14646	951	-1	0.690	11	None	GENOMAD.152486.CP	9.614e-85	284	0	0	0	1	NA	NA	NA	PF04378;K07115;COG2961;TIGR04474	23S rRNA A2030 N6-methylase RlmJ
JBHJCM010000012.1_11	14782	15486	705	1	0.699	11	None	GENOMAD.152406.CP	0.0006252	43	0	0	0	1	NA	NA	NA	PF00072;K07657;TIGR02875;COG0784	sporulation transcription factor Spo0A
JBHJCM010000012.1_12	15535	16983	1449	1	0.665	11	AGGA/GGAG/GAGG	NA	NA	NA	0	0	0	1	NA	NA	NA	NA	NA
JBHJCM010000012.1_13	17108	17920	813	-1	0.641	11	GGAG/GAGG	NA	NA	NA	0	0	0	1	NA	NA	NA	NA	NA
JBHJCM010000012.1_14	18341	19660	1320	1	0.658	11	GGAG/GAGG	GENOMAD.145476.CP	9.21e-70	246	0	0	0	1	NA	NA	NA	K06143;COG4452	Inner membrane protein involved in colicin E2 resistance
JBHJCM010000012.1_15	19668	20090	423	1	0.693	11	GGA/GAG/AGG	NA	NA	NA	0	0	0	1	NA	NA	NA	NA	NA
JBHJCM010000012.1_16	20071	20736	666	1	0.647	11	None	GENOMAD.180885.CP	8.514e-86	282	0	0	0	1	NA	NA	NA	PF13527;COG3153;K18815;TIGR04431	Predicted N-acetyltransferase YhbS
JBHJCM010000012.1_17	20861	21745	885	1	0.680	11	GGA/GAG/AGG	NA	NA	NA	0	0	0	1	NA	NA	NA	NA	NA
JBHJCM010000012.1_18	21767	22858	1092	1	0.662	11	GGA/GAG/AGG	GENOMAD.191564.CP	8.553e-119	385	0	0	0	1	NA	NA	NA	PF12275	Esterase-like activity of phytase
JBHJCM010000012.1_19	22926	24329	1404	1	0.652	11	GGA/GAG/AGG	NA	NA	NA	0	0	0	1	NA	NA	NA	NA	NA
JBHJCM010000012.1_20	24343	24849	507	1	0.667	11	GGAG/GAGG	NA	NA	NA	0	0	0	1	NA	NA	NA	NA	NA
JBHJCM010000012.1_21	25163	25783	621	-1	0.631	11	GGAG/GAGG	GENOMAD.152184.PC	3.764e-22	97	0	0	0	1	NA	NA	NA	PF14246	AefR-like transcriptional repressor, C-terminal domain
JBHJCM010000012.1_22	26067	27131	1065	1	0.686	11	None	GENOMAD.176977.PC	7.999e-05	47	0	0	0	1	NA	NA	NA	TIGR00999	Membrane Fusion Protein cluster 2 (function with RND porters)
JBHJCM010000012.1_23	27148	30291	3144	1	0.634	11	GGA/GAG/AGG	NA	NA	NA	0	0	0	1	NA	NA	NA	NA	NA
JBHJCM010000012.1_24	30293	31798	1506	1	0.661	11	AGGA	GENOMAD.125808.CP	2.008e-06	53	0	0	0	1	NA	NA	NA	PF02321;K03287;TIGR01845;COG1538	efflux transporter, outer membrane factor (OMF) lipoprotein, NodT family
JBHJCM010000012.1_25	31791	32471	681	1	0.668	11	GGAG/GAGG	GENOMAD.116548.CP	5.623e-26	109	0	0	0	1	NA	NA	NA	PF13022;PF14246;K18301;TIGR03384;COG3226	transcriptional repressor BetI
JBHJCM010000012.1_26	32647	33546	900	-1	0.657	11	None	NA	NA	NA	0	0	0	1	NA	NA	NA	NA	NA
JBHJCM010000012.1_27	33747	34217	471	1	0.675	11	AGGAG	GENOMAD.167601.PC	5.616e-25	103	0	0	0	1	NA	NA	NA	NA	NA
JBHJCM010000012.1_28	34326	35429	1104	-1	0.655	11	GGA/GAG/AGG	GENOMAD.137519.CP	0.0001734	46	0	0	0	1	NA	NA	NA	PF20240;PF12833;K17736;COG2207	AraC-type DNA-binding domain and AraC-containing proteins
JBHJCM010000012.1_29	35983	36897	915	-1	0.690	11	None	NA	NA	NA	0	0	0	1	NA	NA	NA	NA	NA
JBHJCM010000012.1_30	36997	38214	1218	1	0.699	11	None	GENOMAD.179434.CP	0.0002035	46	0	0	0	1	NA	NA	NF033135	COG2814;K03535	Predicted arabinose efflux permease, MFS family
JBHJCM010000012.1_31	38371	39402	1032	1	0.666	11	AGGA	NA	NA	NA	0	0	0	1	NA	NA	NA	NA	NA
JBHJCM010000012.1_32	39485	40081	597	-1	0.665	11	GGxGG	NA	NA	NA	0	0	0	1	NA	NA	NA	NA	NA
JBHJCM010000012.1_33	40083	41921	1839	-1	0.620	11	GGA/GAG/AGG	NA	NA	NA	0	0	0	1	NA	NA	NA	NA	NA
JBHJCM010000012.1_34	42745	45126	2382	-1	0.639	11	AGGAG	GENOMAD.159936.CP	5.444e-211	674	0	0	0	1	NA	NA	NA	K16090;COG4206	Outer membrane cobalamin receptor protein
JBHJCM010000012.1_35	45519	47582	2064	-1	0.653	11	GGA/GAG/AGG	NA	NA	NA	0	0	0	1	NA	NA	NA	NA	NA
JBHJCM010000012.1_36	47745	48161	417	1	0.652	11	None	GENOMAD.146365.CV	1.946e-37	138	0	0	0	1	NA	NA	NA	PF03203;K19058	MerC mercury resistance protein
JBHJCM010000012.1_37	48604	48786	183	1	0.645	11	AGGAG	GENOMAD.040850.CC	6.898e-07	46	0	0	0	1	NA	NA	NA	PF17070;TIGR04560	30S ribosomal protein Thx
JBHJCM010000012.1_38	49086	50426	1341	-1	0.673	11	None	NA	NA	NA	0	0	0	1	NA	NA	NA	NA	NA
JBHJCM010000012.1_39	50602	51900	1299	-1	0.672	11	None	GENOMAD.160510.CP	7.785e-07	54	0	0	0	1	NA	NA	NA	PF00884;COG1524;TIGR02335;K01133	Sulfatase
JBHJCM010000012.1_40	51937	52482	546	-1	0.689	11	AGGA	GENOMAD.015629.CC	0.0001484	44	0	0	0	1	NA	NA	NA	PF01035;COG0350;K13531;TIGR00589	O6-methylguanine-DNA--protein-cysteine methyltransferase
JBHJCM010000012.1_41	52479	53942	1464	-1	0.715	11	None	GENOMAD.132304.CP	3.522e-31	132	0	0	0	1	NA	NA	NA	PF06029;COG0122;TIGR00588	3-methyladenine DNA glycosylase/8-oxoguanine DNA glycosylase
JBHJCM010000012.1_42	54090	55316	1227	1	0.694	11	None	NA	NA	NA	0	0	0	1	NA	NA	NA	NA	NA
JBHJCM010000012.1_43	55393	55647	255	1	0.678	11	GGxGG	NA	NA	NA	0	0	0	1	NA	NA	NA	NA	NA
JBHJCM010000012.1_44	56048	56584	537	1	0.698	11	GGA/GAG/AGG	GENOMAD.189756.CP	2.357e-15	76	0	0	0	1	NA	NA	NA	PF13211	NA
JBHJCM010000012.1_45	56610	57011	402	1	0.662	11	GGAG/GAGG	GENOMAD.171460.CP	2.518e-15	74	0	0	0	1	NA	NA	NA	PF01124;COG3686	Uncharacterized conserved protein, MAPEG superfamily
JBHJCM010000012.1_46	57148	57357	210	-1	0.648	11	GGA/GAG/AGG	NA	NA	NA	0	0	0	1	NA	NA	NA	NA	NA
JBHJCM010000012.1_47	57354	57596	243	-1	0.638	11	GGA/GAG/AGG	NA	NA	NA	0	0	0	1	NA	NA	NA	NA	NA
JBHJCM010000012.1_48	57633	58280	648	-1	0.685	11	GGAG/GAGG	GENOMAD.043479.CC	4.455e-24	103	0	0	0	1	NA	NA	NA	NA	NA
JBHJCM010000012.1_49	58310	58828	519	-1	0.663	11	None	NA	NA	NA	0	0	0	1	NA	NA	NA	NA	NA
JBHJCM010000012.1_50	58977	60875	1899	1	0.677	11	GGAG/GAGG	GENOMAD.111067.CV	4.169e-08	59	0	0	0	1	NA	NA	NA	NA	NA
JBHJCM010000012.1_51	61137	63542	2406	1	0.650	11	AGGA	NA	NA	NA	0	0	0	1	NA	NA	NA	NA	NA
JBHJCM010000012.1_52	63643	64404	762	1	0.619	11	None	GENOMAD.106866.CP	1.405e-22	100	0	0	0	1246	Caudoviricetes	NA	NA	COG1187	16S rRNA U516 pseudouridylate synthase RsuA and related 23S rRNA U2605, pseudouridylate synthases
JBHJCM010000012.1_53	64602	65729	1128	1	0.657	11	GGA/GAG/AGG	NA	NA	NA	0	0	0	1	NA	NA	NA	NA	NA
JBHJCM010000012.1_54	65894	66841	948	-1	0.661	11	None	GENOMAD.101807.CP	1.683e-42	161	0	0	0	1	NA	NA	NA	PF16913;COG5006;TIGR03340;K03298	Threonine/homoserine efflux transporter RhtA
JBHJCM010000012.1_55	67218	68060	843	-1	0.656	11	GGA/GAG/AGG	NA	NA	NA	0	0	0	1	NA	NA	NA	NA	NA
JBHJCM010000012.1_56	68563	68856	294	1	0.694	11	GGA/GAG/AGG	NA	NA	NA	0	0	0	1	NA	NA	NA	NA	NA
JBHJCM010000012.1_57	68829	69086	258	1	0.694	11	None	NA	NA	NA	0	0	0	1	NA	NA	NA	NA	NA
JBHJCM010000012.1_58	69109	69342	234	1	0.645	11	GGA/GAG/AGG	NA	NA	NA	0	0	0	1	NA	NA	NA	NA	NA
JBHJCM010000012.1_59	69395	70633	1239	1	0.650	11	None	NA	NA	NA	0	0	0	1	NA	NA	NA	NA	NA
JBHJCM010000012.1_60	70779	72044	1266	1	0.639	11	None	NA	NA	NA	0	0	0	1	NA	NA	NA	NA	NA
JBHJCM010000012.1_61	72108	73301	1194	-1	0.680	11	None	NA	NA	NA	0	0	0	1	NA	NA	NA	NA	NA
JBHJCM010000012.1_62	73298	73987	690	-1	0.654	11	GGA/GAG/AGG	NA	NA	NA	0	0	0	1	NA	NA	NA	NA	NA
JBHJCM010000012.1_63	74093	75562	1470	1	0.669	11	None	NA	NA	NA	0	0	0	1	NA	NA	NA	NA	NA
JBHJCM010000012.1_64	75582	76418	837	1	0.659	11	GGAG/GAGG	GENOMAD.182485.PC	1.72e-140	443	0	0	0	1	NA	NA	NA	PF06629;COG3713;K07274	Outer membrane scaffolding protein for murein synthesis, MipA/OmpV family
JBHJCM010000012.1_65	76444	77547	1104	1	0.707	11	GGA/GAG/AGG	NA	NA	NA	0	0	0	1	NA	NA	NA	NA	NA
JBHJCM010000012.1_66	77544	80603	3060	1	0.668	11	GGAGG	NA	NA	NA	0	0	0	1	NA	NA	NA	NA	NA
JBHJCM010000012.1_67	80638	80787	150	1	0.667	11	GGxGG	NA	NA	NA	0	0	0	1	NA	NA	NA	NA	NA
JBHJCM010000012.1_68	80808	81407	600	1	0.650	11	GGA/GAG/AGG	NA	NA	NA	0	0	0	1	NA	NA	NA	NA	NA
JBHJCM010000012.1_69	81578	83410	1833	1	0.643	11	None	NA	NA	NA	0	0	0	1	NA	NA	NA	NA	NA
JBHJCM010000012.1_70	83684	85489	1806	-1	0.643	11	AGGA	GENOMAD.142795.CP	4.043e-95	327	0	0	0	1	NA	NA	NA	PF05960;COG4805	Bacterial protein of unknown function (DUF885)
JBHJCM010000012.1_71	85873	86229	357	1	0.633	11	AGGAG	NA	NA	NA	0	0	0	1	NA	NA	NA	NA	NA
JBHJCM010000012.1_72	86226	87029	804	1	0.692	11	GGAG/GAGG	GENOMAD.016394.CC	1.034e-114	368	0	0	0	1	NA	NA	NA	NA	NA
JBHJCM010000012.1_73	87226	87519	294	-1	0.629	11	AGGA	NA	NA	NA	0	0	0	1	NA	NA	NA	NA	NA
JBHJCM010000012.1_74	87596	89014	1419	-1	0.667	11	AGGA	GENOMAD.213001.PC	1.309e-213	665	0	0	0	1	NA	NA	NA	PF11066	NA
JBHJCM010000012.1_75	89048	89362	315	-1	0.635	11	None	NA	NA	NA	0	0	0	1	NA	NA	NA	NA	NA
JBHJCM010000012.1_76	89676	90668	993	-1	0.676	11	None	NA	NA	NA	0	0	0	1	NA	NA	NA	NA	NA
JBHJCM010000012.1_77	90839	91636	798	1	0.665	11	GGAG/GAGG	GENOMAD.142573.CP	1.641e-27	115	0	0	0	1	NA	NA	NA	K15269;COG5006	Threonine/homoserine efflux transporter RhtA
JBHJCM010000012.1_78	91774	92679	906	-1	0.664	11	None	NA	NA	NA	0	0	0	1	NA	NA	NA	NA	NA
JBHJCM010000012.1_79	92816	93058	243	-1	0.601	11	GGA/GAG/AGG	NA	NA	NA	0	0	0	1	NA	NA	NA	NA	NA
JBHJCM010000012.1_80	93263	93355	93	1	0.656	11	AGxAGG/AGGxGG	NA	NA	NA	0	0	0	1	NA	NA	NA	NA	NA
JBHJCM010000012.1_81	93502	95703	2202	-1	0.634	11	AGGAG	GENOMAD.086843.PP	0.0	1066	0	0	0	1	NA	NA	NA	NA	NA
JBHJCM010000012.1_82	96396	96842	447	1	0.635	11	GGA/GAG/AGG	NA	NA	NA	0	0	0	1	NA	NA	NA	NA	NA
JBHJCM010000012.1_83	96839	98842	2004	1	0.647	11	GGAGG	NA	NA	NA	0	0	0	1	NA	NA	NA	NA	NA
JBHJCM010000012.1_84	99248	99697	450	-1	0.602	11	GGA/GAG/AGG	GENOMAD.003878.CC	1.467e-28	113	0	0	0	1	NA	NA	NA	PF09500;TIGR02447;COG2050;K02614	thioesterase domain, putative
JBHJCM010000012.1_85	99964	100821	858	-1	0.672	11	GGA/GAG/AGG	NA	NA	NA	0	0	0	1	NA	NA	NA	NA	NA
JBHJCM010000012.1_86	101028	101645	618	1	0.704	11	GGAG/GAGG	NA	NA	NA	0	0	0	1	NA	NA	NA	NA	NA
JBHJCM010000012.1_87	101713	104355	2643	1	0.656	11	GGA/GAG/AGG	NA	NA	NA	0	0	0	1	NA	NA	NA	NA	NA
JBHJCM010000012.1_88	104912	105556	645	1	0.670	11	None	GENOMAD.002511.CC	3.205e-49	176	0	0	0	1	NA	NA	NA	PF04390;PF08139;K03643;COG2980	Outer membrane lipoprotein LptE/RlpB (LPS assembly)
JBHJCM010000012.1_89	105579	106607	1029	1	0.697	11	None	GENOMAD.000510.CC	7.634e-44	166	0	0	0	1	NA	NA	NA	PF06144;PF14840;TIGR01128;K02340;COG1466	DNA polymerase III, delta subunit
JBHJCM010000012.1_90	106604	107473	870	1	0.697	11	GGA/GAG/AGG	NA	NA	NA	0	0	0	1	NA	NA	NA	NA	NA
JBHJCM010000012.1_91	107530	107943	414	1	0.635	11	GGA/GAG/AGG	NA	NA	NA	0	0	0	1	NA	NA	NA	NA	NA
JBHJCM010000012.1_92	108112	109647	1536	-1	0.691	11	AGGAG	GENOMAD.154729.CP	2.07e-06	53	0	0	0	1	NA	NA	NA	PF05787;COG3211;K07093	Secreted phosphatase, PhoX family
JBHJCM010000012.1_93	109859	110239	381	1	0.698	11	None	GENOMAD.000168.CC	7.934e-17	78	0	0	0	1	NA	NA	NA	PF02590;TIGR00246;COG1576;K00783	rRNA large subunit m3Psi methyltransferase RlmH
JBHJCM010000012.1_94	110318	110989	672	-1	0.658	11	GGAGG	GENOMAD.147617.CP	7.153e-19	88	0	0	0	1	NA	NA	NA	PF03544;TIGR01352	TonB family C-terminal domain
JBHJCM010000012.1_95	111290	112024	735	-1	0.654	11	AGGAG	GENOMAD.136992.CP	1.017e-24	106	0	0	0	1	NA	NA	NA	PF04402;K09807;COG2859	Predicted secreted (periplasmic) protein
JBHJCM010000012.1_96	112163	112735	573	1	0.663	11	GGA/GAG/AGG	GENOMAD.104491.CP	1.83e-06	50	0	0	0	1	NA	NA	NA	PF02545;COG0424;TIGR00172;K06287	Predicted house-cleaning NTP pyrophosphatase, Maf/HAM1 superfamily
JBHJCM010000012.1_97	112735	114234	1500	1	0.655	11	GGAG/GAGG	GENOMAD.030551.CC	0.0001373	47	0	0	0	1	NA	NA	NA	NA	NA
JBHJCM010000012.1_98	114375	118295	3921	1	0.706	11	None	GENOMAD.001742.CC	0.0	1728	0	0	0	1	NA	NA	NA	PF13116;PF13502;PF05170;COG3164;K07290	Uncharacterized conserved protein YhdP, contains DUF3971 and AsmA2 domains
JBHJCM010000012.1_99	118311	119111	801	-1	0.669	11	None	NA	NA	NA	0	0	0	1	NA	NA	NA	NA	NA
JBHJCM010000012.1_100	119162	120607	1446	1	0.683	11	None	GENOMAD.105814.CP	3.799e-129	421	0	0	0	1	NA	NA	NA	PF19290;PF01523;PF19289;K03568;COG0312	Predicted Zn-dependent protease or its inactivated homolog
JBHJCM010000012.1_101	120864	121445	582	-1	0.665	11	GGA/GAG/AGG	GENOMAD.110126.CP	4.672e-53	186	0	0	0	1	NA	NA	NA	PF04751;K09889;COG3028	Ribosomal 50S subunit-associated protein YjgA (function unknown), DUF615 family
JBHJCM010000012.1_102	121593	122960	1368	1	0.689	11	AGGA	GENOMAD.084170.CP	6.535e-46	176	0	0	0	1	NA	NA	NA	PF19289;PF19290;PF01523;K03592;COG0312	Predicted Zn-dependent protease or its inactivated homolog
JBHJCM010000012.1_103	123362	123748	387	1	0.610	11	GGAG/GAGG	GENOMAD.111281.CP	5.37e-22	93	0	0	0	1	NA	NA	NA	PF09685;K09940;COG3296	Uncharacterized conserved protein, Tic20 family
JBHJCM010000012.1_104	123818	124906	1089	-1	0.645	11	GGAG/GAGG	GENOMAD.207450.CP	1.427e-22	103	0	0	0	1	NA	NA	NA	PF02102	Deuterolysin metalloprotease (M35) family
JBHJCM010000012.1_105	125367	126242	876	-1	0.691	11	GGA/GAG/AGG	NA	NA	NA	0	0	0	1	NA	NA	NA	NA	NA
JBHJCM010000012.1_106	126244	126504	261	-1	0.621	11	None	GENOMAD.111764.CV	1.255e-11	61	0	0	0	1	NA	NA	NA	PF02609;TIGR01280;COG1722	exodeoxyribonuclease VII, small subunit
JBHJCM010000012.1_107	126536	127840	1305	-1	0.702	11	GGA/GAG/AGG	GENOMAD.073046.CP	1.594e-06	53	0	0	0	1	NA	NA	NA	PF11734;TIGR02433	TilS substrate C-terminal domain
JBHJCM010000012.1_108	128210	129910	1701	-1	0.692	11	GGA/GAG/AGG	NA	NA	NA	0	0	0	1	NA	NA	NA	NA	NA
JBHJCM010000012.1_109	130060	131400	1341	1	0.635	11	GGA/GAG/AGG	NA	NA	NA	0	0	0	1	NA	NA	NA	NA	NA
JBHJCM010000012.1_110	131410	132246	837	1	0.654	11	GGAG/GAGG	NA	NA	NA	0	0	0	1	NA	NA	NA	NA	NA
JBHJCM010000012.1_111	132495	132986	492	1	0.644	11	GGAG/GAGG	NA	NA	NA	0	0	0	1	NA	NA	NA	NA	NA
JBHJCM010000012.1_112	133184	133648	465	-1	0.667	11	GGA/GAG/AGG	GENOMAD.151617.VC	4.044e-05	45	0	0	0	1246	Caudoviricetes	NA	NA	PF06940;K13695;COG3738;TIGR02219	Uncharacterized protein YijF, DUF1287 family
JBHJCM010000012.1_113	134043	134585	543	-1	0.669	11	None	GENOMAD.151298.VC	0.000311	43	0	0	0	1246	Caudoviricetes	NA	NA	PF06940;COG3738;K13695;TIGR02219	Uncharacterized protein YijF, DUF1287 family
JBHJCM010000012.1_114	134695	135174	480	1	0.631	11	GGA/GAG/AGG	GENOMAD.126968.VC	1.653e-22	96	0	0	0	1246	Caudoviricetes	NA	NA	PF00254;K03775;COG1047	FKBP-type peptidyl-prolyl cis-trans isomerase 2
JBHJCM010000012.1_115	135403	136647	1245	1	0.671	11	GGA/GAG/AGG	GENOMAD.152588.CP	6.874e-60	216	0	0	0	1	NA	NA	NA	COG2311	Uncharacterized membrane protein YeiB
JBHJCM010000012.1_116	136655	137905	1251	1	0.679	11	None	NA	NA	NA	0	0	0	1	NA	NA	NA	NA	NA
JBHJCM010000012.1_117	137902	139272	1371	1	0.641	11	GGAG/GAGG	NA	NA	NA	0	0	0	1	NA	NA	NA	NA	NA
JBHJCM010000012.1_118	139681	140088	408	1	0.723	11	None	GENOMAD.083954.CP	1.332e-14	72	0	0	0	1	NA	NA	NA	PF01035;K07443;COG3695;TIGR00589	Alkylated DNA nucleotide flippase Atl1, participates in nucleotide excision repair, Ada-like DNA-binding domain
JBHJCM010000012.1_119	140129	140824	696	1	0.636	11	AGGA	GENOMAD.001990.CC	1.642e-06	51	0	0	0	1	NA	NA	NA	PF04511;PF13453;COG5291;K13989;TIGR03902	Predicted membrane protein
JBHJCM010000012.1_120	141033	143048	2016	-1	0.671	11	None	NA	NA	NA	0	0	0	1	NA	NA	NA	NA	NA
JBHJCM010000012.1_121	143233	145329	2097	-1	0.623	11	None	GENOMAD.053052.VV	8.285e-18	91	0	0	0	1	NA	NA	NA	PF01431;K07386;COG3590	Predicted metalloendopeptidase
JBHJCM010000012.1_122	145715	147856	2142	-1	0.644	11	None	GENOMAD.053052.VV	3.522e-17	89	0	0	0	1	NA	NA	NA	PF01431;K07386;COG3590	Predicted metalloendopeptidase
JBHJCM010000012.1_123	148244	149863	1620	1	0.653	11	GGxGG	NA	NA	NA	0	0	0	1	NA	NA	NA	NA	NA
JBHJCM010000012.1_124	149976	152309	2334	-1	0.587	11	None	GENOMAD.125907.CP	2.768e-178	578	0	0	0	1	NA	NA	NA	PF14905;PF07715;TIGR01783;COG4771;K19611	TonB-dependent siderophore receptor
JBHJCM010000012.1_125	152408	152983	576	-1	0.644	11	None	NA	NA	NA	0	0	0	1	NA	NA	NA	NA	NA
JBHJCM010000012.1_126	153394	156384	2991	-1	0.627	11	AGGA/GGAG/GAGG	NA	NA	NA	0	0	0	1	NA	NA	NA	NA	NA
JBHJCM010000012.1_127	156720	157571	852	1	0.669	11	GGA/GAG/AGG	NA	NA	NA	0	0	0	1	NA	NA	NA	NA	NA
JBHJCM010000012.1_128	157663	158232	570	1	0.612	11	AGGA	NA	NA	NA	0	0	0	1	NA	NA	NA	NA	NA
JBHJCM010000012.1_129	158254	158439	186	-1	0.608	11	GGAG/GAGG	GENOMAD.015026.CC	2.498e-23	93	0	0	0	1	NA	NA	NA	PF18917;COG4758;K11622	Predicted membrane protein
JBHJCM010000012.1_130	158850	159017	168	-1	0.619	11	None	GENOMAD.015026.CC	1.027e-21	88	0	0	0	1	NA	NA	NA	PF18917;COG4758;K11622	Predicted membrane protein
JBHJCM010000012.1_131	159045	159479	435	-1	0.692	11	None	GENOMAD.096167.CP	1.575e-25	104	0	0	0	1	NA	NA	NA	PF01230;COG0537;K19710	Diadenosine tetraphosphate (Ap4A) hydrolase or other HIT family hydrolase
JBHJCM010000012.1_132	159476	160138	663	-1	0.682	11	AGGAG	GENOMAD.132951.CP	7.392e-15	76	0	0	0	1	NA	NA	NA	PF01738;K01061;COG0412;TIGR02821	Dienelactone hydrolase family
JBHJCM010000012.1_133	160319	161695	1377	1	0.634	11	GGA/GAG/AGG	GENOMAD.108089.CP	7.169e-10	64	0	0	0	1	NA	NA	NA	PF18693	TRAM domain
JBHJCM010000012.1_134	162019	162615	597	-1	0.655	11	None	GENOMAD.054318.CC	2.162e-11	65	0	0	0	1	NA	NA	NA	PF03449;TIGR01461;COG0782	Transcription elongation factor, N-terminal
JBHJCM010000012.1_135	162637	164103	1467	1	0.643	11	GGA/GAG/AGG	GENOMAD.137825.CP	7.912e-06	51	0	0	0	1	NA	NA	NA	PF20401;K19225;TIGR04239;COG0705	rhomboid family protease GlpG
JBHJCM010000012.1_136	164241	165515	1275	-1	0.660	11	GGA/GAG/AGG	GENOMAD.031297.CC	1.46e-44	171	0	0	0	1	NA	NA	NA	PF13197	NA
JBHJCM010000012.1_137	165870	166490	621	1	0.607	11	AGGAG	NA	NA	NA	0	0	0	1	NA	NA	NA	NA	NA
JBHJCM010000012.1_138	166541	168046	1506	-1	0.668	11	GGA/GAG/AGG	NA	NA	NA	0	0	0	1	NA	NA	NA	NA	NA
JBHJCM010000012.1_139	168339	169922	1584	1	0.660	11	None	NA	NA	NA	0	0	0	1	NA	NA	NA	NA	NA
JBHJCM010000012.1_140	170179	171021	843	-1	0.668	11	GGA/GAG/AGG	NA	NA	NA	0	0	0	1	NA	NA	NA	NA	NA
JBHJCM010000012.1_141	171018	171668	651	-1	0.665	11	GGA/GAG/AGG	GENOMAD.142885.CP	2.813e-06	50	0	0	0	1	NA	NA	NA	PF02630;K07152;COG0386;TIGR02540	SCO1/SenC
JBHJCM010000012.1_142	171749	172675	927	1	0.657	11	None	GENOMAD.091839.CV	3.465e-06	51	0	0	0	1246	Caudoviricetes	NA	NA	PF01189;K15460;COG4123;TIGR03534	tRNA1(Val) A37 N6-methylase TrmN6
JBHJCM010000012.1_143	172686	173789	1104	1	0.667	11	GGA/GAG/AGG	NA	NA	NA	0	0	0	1	NA	NA	NA	NA	NA
JBHJCM010000012.1_144	173782	174855	1074	1	0.673	11	None	NA	NA	NA	0	0	0	1	NA	NA	NA	NA	NA
JBHJCM010000012.1_145	174939	175964	1026	1	0.654	11	None	NA	NA	NA	0	0	0	1	NA	NA	NA	NA	NA
JBHJCM010000012.1_146	176649	178604	1956	1	0.708	11	GGA/GAG/AGG	GENOMAD.145363.CP	7.542e-52	199	0	0	0	1	NA	NA	NA	COG3170	Tfp pilus assembly protein FimV
JBHJCM010000012.1_147	178601	179008	408	1	0.674	11	GGA/GAG/AGG	GENOMAD.167065.CP	2.835e-40	146	0	0	0	1	NA	NA	NA	PF14506;K06996;COG3324;TIGR00068	Predicted enzyme related to lactoylglutathione lyase
JBHJCM010000012.1_148	179171	179944	774	1	0.667	11	GGA/GAG/AGG	GENOMAD.147411.CP	5.687e-29	119	0	0	0	1246	Caudoviricetes	NA	NA	PF01416;TIGR00071;COG0101;K15452	tRNA pseudouridine(38-40) synthase
JBHJCM010000012.1_149	179941	180609	669	1	0.650	11	GGAG/GAGG	GENOMAD.126973.CP	6.458e-34	132	0	0	0	1	NA	NA	NA	PF00697;K01817;COG1891;TIGR00259	N-(5'phosphoribosyl)anthranilate (PRA) isomerase
JBHJCM010000012.1_150	180801	181727	927	-1	0.699	11	GGA/GAG/AGG	NA	NA	NA	0	0	0	1	NA	NA	NA	NA	NA
JBHJCM010000012.1_151	181832	183049	1218	1	0.649	11	GGAG/GAGG	GENOMAD.110049.CP	1.543e-52	194	0	0	0	1	NA	NA	NA	PF19465;COG0133;TIGR00263	Tryptophan synthase beta chain
JBHJCM010000012.1_152	183092	183322	231	1	0.654	11	GGA/GAG/AGG	NA	NA	NA	0	0	0	1	NA	NA	NA	NA	NA
JBHJCM010000013.1_1	3	689	687	1	0.598	11	None	NA	NA	NA	0	0	0	1	NA	NA	NA	NA	NA
JBHJCM010000013.1_2	691	903	213	1	0.465	11	GGAG/GAGG	NA	NA	NA	0	0	0	1	NA	NA	NA	NA	NA
JBHJCM010000013.1_3	1225	3600	2376	-1	0.654	11	GGA/GAG/AGG	GENOMAD.166603.CP	2.106e-36	152	0	0	0	1	NA	NA	NA	K09955;COG3533	Uncharacterized conserved protein, DUF1680 family
JBHJCM010000013.1_4	3745	6639	2895	-1	0.622	11	AGGAG	NA	NA	NA	0	0	0	1	NA	NA	NA	NA	NA
JBHJCM010000013.1_5	7098	8735	1638	-1	0.650	11	3Base/5BMM	GENOMAD.124454.CP	2.45e-196	619	0	0	0	1	NA	NA	NA	K01278;COG1770	Protease II
JBHJCM010000013.1_6	8752	9441	690	1	0.668	11	GGxGG	NA	NA	NA	0	0	0	1	NA	NA	NA	NA	NA
JBHJCM010000013.1_7	9785	11371	1587	-1	0.657	11	AGxAGG/AGGxGG	GENOMAD.151274.CP	2.289e-29	127	0	0	0	1246	Caudoviricetes	NA	NA	K15921;COG3940	Beta-xylosidase, GH43 family
JBHJCM010000013.1_8	11368	15726	4359	-1	0.660	11	GGA/GAG/AGG	GENOMAD.182959.CP	1.92e-299	962	0	0	0	1	NA	NA	NA	K18206	NA
JBHJCM010000013.1_9	16125	17090	966	-1	0.627	11	None	NA	NA	NA	0	0	0	1	NA	NA	NA	NA	NA
JBHJCM010000013.1_10	17036	18940	1905	-1	0.650	11	AGGA	NA	NA	NA	0	0	0	1	NA	NA	NA	NA	NA
JBHJCM010000013.1_11	19421	21778	2358	-1	0.665	11	GGAG/GAGG	GENOMAD.216233.CP	0.0	1257	0	0	0	1	NA	NA	NA	PF12899;COG3387	Alkaline and neutral invertase
JBHJCM010000013.1_12	22250	23821	1572	1	0.658	11	AGGA/GGAG/GAGG	NA	NA	NA	0	0	0	1	NA	NA	NA	NA	NA
JBHJCM010000013.1_13	24108	24404	297	-1	0.646	11	GGAG/GAGG	GENOMAD.029425.CC	7.774e-06	45	0	0	0	1	NA	NA	NA	NA	NA
JBHJCM010000013.1_14	24495	26132	1638	-1	0.654	11	GGAGG	GENOMAD.208849.PC	6.833e-96	327	0	0	0	1	NA	NA	NA	PF18120;PF01301;K12308;COG1874;TIGR03356	Glycosyl hydrolases family 35
JBHJCM010000013.1_15	26132	28471	2340	-1	0.656	11	GGAGG	GENOMAD.124454.CP	2.884e-223	709	0	0	0	1	NA	NA	NA	K01278;COG1770	Protease II
JBHJCM010000013.1_16	28461	30047	1587	-1	0.645	11	None	NA	NA	NA	0	0	0	1	NA	NA	NA	NA	NA
JBHJCM010000013.1_17	30110	31975	1866	-1	0.650	11	GGAGG	GENOMAD.142795.CP	2.012e-08	60	0	0	0	1	NA	NA	NA	PF05960;COG4805	Bacterial protein of unknown function (DUF885)
JBHJCM010000013.1_18	31972	33789	1818	-1	0.645	11	GGAG/GAGG	GENOMAD.142795.CP	0.0003617	46	0	0	0	1	NA	NA	NA	PF05960;COG4805	Bacterial protein of unknown function (DUF885)
JBHJCM010000013.1_19	33905	35104	1200	-1	0.672	11	GGAG/GAGG	GENOMAD.128896.CP	9.403e-09	60	0	0	0	1	NA	NA	NA	PF00557;COG0006;K01271;TIGR02993	Xaa-Pro aminopeptidase
JBHJCM010000013.1_20	35101	36717	1617	-1	0.695	11	GGA/GAG/AGG	GENOMAD.168696.PC	1.327e-76	270	0	0	0	1	NA	NA	NA	PF07368;TIGR00407;COG0014;K18601	gamma-glutamyl phosphate reductase
JBHJCM010000013.1_21	36928	37836	909	-1	0.670	11	GGA/GAG/AGG	NA	NA	NA	0	0	0	1	NA	NA	NA	NA	NA
JBHJCM010000013.1_22	37833	39146	1314	-1	0.707	11	GGA/GAG/AGG	GENOMAD.133542.CP	2.022e-42	165	0	0	0	1	NA	NA	NA	PF01134;PF17806;K24954;COG1251;TIGR01372	NAD(P)H-nitrite reductase, large subunit
JBHJCM010000013.1_23	39139	39384	246	-1	0.699	11	AGGAG	GENOMAD.160289.CP	3.711e-21	88	0	0	0	1	NA	NA	NA	PF13510;K22550;COG3383;TIGR01973	Predicted molibdopterin-dependent oxidoreductase YjgC
JBHJCM010000013.1_24	39381	40658	1278	-1	0.719	11	None	NA	NA	NA	0	0	0	1	NA	NA	NA	NA	NA
JBHJCM010000013.1_25	40658	41596	939	-1	0.698	11	GGAG/GAGG	NA	NA	NA	0	0	0	1	NA	NA	NA	NA	NA
JBHJCM010000013.1_26	41757	42473	717	1	0.643	11	None	GENOMAD.138359.CP	7.894e-06	49	0	0	0	1	NA	NA	NA	PF12833;K13631;COG2207	AraC-type DNA-binding domain and AraC-containing proteins
JBHJCM010000013.1_27	42643	44298	1656	1	0.693	11	AGxAGG/AGGxGG	GENOMAD.050490.CV	1.201e-10	67	1	0	0	1246	Caudoviricetes	NA	NA	PF02881;PF01591;K03106;TIGR00959;COG0541	signal recognition particle protein
JBHJCM010000013.1_28	44646	45719	1074	1	0.674	11	None	NA	NA	NA	0	0	0	1	NA	NA	NA	NA	NA
JBHJCM010000013.1_29	45743	46018	276	1	0.612	11	AGGA	GENOMAD.000968.CC	4.603e-31	117	0	0	0	1	NA	NA	NA	PF04362;COG2924	Fe-S cluster biosynthesis and repair protein YggX
JBHJCM010000013.1_30	46390	48012	1623	-1	0.630	11	GGAG/GAGG	NA	NA	NA	0	0	0	1	NA	NA	NA	NA	NA
JBHJCM010000013.1_31	48143	48820	678	-1	0.652	11	None	NA	NA	NA	0	0	0	1	NA	NA	NA	NA	NA
JBHJCM010000013.1_32	49091	49291	201	1	0.632	11	GGA/GAG/AGG	NA	NA	NA	0	0	0	1	NA	NA	NA	NA	NA
JBHJCM010000013.1_33	49532	49846	315	1	0.625	11	GGA/GAG/AGG	NA	NA	NA	0	0	0	1	NA	NA	NA	NA	NA
JBHJCM010000013.1_34	49902	50387	486	1	0.650	11	None	NA	NA	NA	0	0	0	1	NA	NA	NA	NA	NA
JBHJCM010000013.1_35	50539	50814	276	-1	0.659	11	None	NA	NA	NA	0	0	0	1	NA	NA	NA	NA	NA
JBHJCM010000013.1_36	51319	51855	537	1	0.665	11	GGAG/GAGG	NA	NA	NA	0	0	0	1	NA	NA	NA	NA	NA
JBHJCM010000013.1_37	51970	52446	477	1	0.673	11	AGGA	NA	NA	NA	0	0	0	1	NA	NA	NA	NA	NA
JBHJCM010000013.1_38	52500	54293	1794	1	0.673	11	AGGA	NA	NA	NA	0	0	0	1	NA	NA	NA	NA	NA
JBHJCM010000013.1_39	54581	55237	657	1	0.658	11	None	NA	NA	NA	0	0	0	1	NA	NA	NA	NA	NA
JBHJCM010000013.1_40	55668	57587	1920	1	0.660	11	AGxAG	NA	NA	NA	0	0	0	1	NA	NA	NA	NA	NA
JBHJCM010000013.1_41	57622	58878	1257	-1	0.679	11	GGA/GAG/AGG	NA	NA	NA	0	0	0	1	NA	NA	NA	NA	NA
JBHJCM010000013.1_42	58868	59479	612	-1	0.655	11	None	NA	NA	NA	0	0	0	1	NA	NA	NA	NA	NA
JBHJCM010000013.1_43	59457	60611	1155	-1	0.661	11	GGA/GAG/AGG	GENOMAD.168712.CP	1.152e-206	640	0	0	0	1	NA	NA	NA	PF13641;K00720;TIGR03030;COG1215	cellulose synthase catalytic subunit (UDP-forming)
JBHJCM010000013.1_44	60602	61561	960	-1	0.651	11	GGAG/GAGG	NA	NA	NA	0	0	0	1	NA	NA	NA	NA	NA
JBHJCM010000013.1_45	61558	62406	849	-1	0.663	11	None	GENOMAD.154597.PC	6.591e-07	53	0	0	0	1	NA	NA	NF033105	PF00753;K13075;TIGR04558;COG0491	quinoprotein relay system zinc metallohydrolase 1
JBHJCM010000013.1_46	62406	63473	1068	-1	0.689	11	GGA/GAG/AGG	NA	NA	NA	0	0	0	1	NA	NA	NA	NA	NA
JBHJCM010000013.1_47	63605	64621	1017	-1	0.661	11	AGxAGG/AGGxGG	GENOMAD.208532.CP	1.478e-145	461	0	0	0	1	NA	NA	NA	PF01963;COG3735;K09973	Uncharacterized conserved protein YbaP, TraB family
JBHJCM010000013.1_48	64713	65174	462	-1	0.665	11	None	NA	NA	NA	0	0	0	1	NA	NA	NA	NA	NA
JBHJCM010000013.1_49	65209	66003	795	-1	0.643	11	None	NA	NA	NA	0	0	0	1	NA	NA	NA	NA	NA
JBHJCM010000013.1_50	66008	66802	795	-1	0.582	11	AGGAG/GGAGG	NA	NA	NA	0	0	0	1	NA	NA	NA	NA	NA
JBHJCM010000013.1_51	66840	68036	1197	-1	0.614	11	AGGA	NA	NA	NA	0	0	0	1	NA	NA	NA	NA	NA
JBHJCM010000013.1_52	68100	69611	1512	-1	0.646	11	GGAG/GAGG	GENOMAD.147640.CP	1.185e-15	83	0	0	0	1	NA	NA	NA	PF13440;K16695;TIGR01695;COG0728	murein biosynthesis integral membrane protein MurJ
JBHJCM010000013.1_53	69608	70657	1050	-1	0.649	11	AGGAG	NA	NA	NA	0	0	0	1	NA	NA	NA	NA	NA
JBHJCM010000013.1_54	70654	71796	1143	-1	0.620	11	AGGAG	NA	NA	NA	0	0	0	1	NA	NA	NA	NA	NA
JBHJCM010000013.1_55	71861	72949	1089	-1	0.635	11	GGA/GAG/AGG	GENOMAD.215903.VC	0.0003454	45	0	0	0	1	NA	NA	NA	PF10129;K13663;COG3594	OpgC protein
JBHJCM010000013.1_56	72946	74064	1119	-1	0.624	11	GGAG/GAGG	GENOMAD.215903.VC	2.473e-06	52	0	0	0	1	NA	NA	NA	PF10129;K13663;COG3594	OpgC protein
JBHJCM010000013.1_57	74061	75332	1272	-1	0.583	11	GGAG/GAGG	NA	NA	NA	0	0	0	1	NA	NA	NA	NA	NA
JBHJCM010000013.1_58	75445	76899	1455	-1	0.612	11	GGAGG	NA	NA	NA	0	0	0	1	NA	NA	NA	NA	NA
JBHJCM010000013.1_59	77143	78567	1425	-1	0.602	11	None	GENOMAD.145298.CP	1.297e-22	105	0	0	0	1	NA	NA	NA	PF10609;PF13807;PF02706;TIGR01005;K16554;COG3206	exopolysaccharide transport protein family
JBHJCM010000013.1_60	78564	79262	699	-1	0.612	11	3Base/5BMM	GENOMAD.132760.CP	4.507e-12	68	0	0	0	1	NA	NA	NA	K01991;COG1596	Periplasmic protein involved in polysaccharide export, contains SLBB domain of the beta-grasp fold
JBHJCM010000013.1_61	79871	80227	357	-1	0.613	11	GGA/GAG/AGG	GENOMAD.006371.CC	2.909e-07	50	0	0	0	1	NA	NA	NA	PF09035;TIGR02047;COG0789;K21972	Excisionase from transposon Tn916
JBHJCM010000013.1_62	80208	80507	300	-1	0.593	11	GGA/GAG/AGG	NA	NA	NA	0	0	0	1	NA	NA	NA	NA	NA
JBHJCM010000013.1_63	80529	82907	2379	-1	0.667	11	None	GENOMAD.090179.CV	1.041e-59	226	1	0	0	1246	Caudoviricetes	NA	NA	PF17759;PF03147;PF03484;PF18262;PF01588;PF03483;TIGR00472;K01890;COG0072	phenylalanyl-tRNA synthetase, beta subunit, non-spirochete bacterial
JBHJCM010000013.1_64	83034	84029	996	-1	0.646	11	GGAG/GAGG	NA	NA	NA	0	0	0	1	NA	NA	NA	NA	NA
JBHJCM010000013.1_65	84283	84642	360	-1	0.608	11	GGAG/GAGG	GENOMAD.080218.CV	1.516e-39	143	1	0	0	1	NA	NA	NA	PF00453;TIGR01032;K02887;COG0292	ribosomal protein L20
JBHJCM010000013.1_66	84653	84850	198	-1	0.606	11	AGGA	GENOMAD.099705.CV	6.83e-09	52	1	0	0	1	NA	NA	NA	PF01632;COG0291;TIGR00001	Ribosomal protein L35
JBHJCM010000013.1_67	85097	85561	465	-1	0.604	11	None	NA	NA	NA	0	0	0	1	NA	NA	NA	NA	NA
JBHJCM010000013.1_68	85688	87592	1905	-1	0.639	11	None	NA	NA	NA	0	0	0	1	NA	NA	NA	NA	NA
JBHJCM010000013.1_69	87915	89036	1122	1	0.662	11	None	NA	NA	NA	0	0	0	1	NA	NA	NA	NA	NA
JBHJCM010000013.1_70	89161	90834	1674	-1	0.624	11	GGAGG	NA	NA	NA	0	0	0	1	NA	NA	NA	NA	NA
JBHJCM010000013.1_71	90834	92312	1479	-1	0.634	11	GGAGG	GENOMAD.152654.CP	1.158e-07	57	0	0	0	1	NA	NA	NF012174	PF03825;K16211;TIGR00792;COG2211	sugar (Glycoside-Pentoside-Hexuronide) transporter
JBHJCM010000013.1_72	92309	94495	2187	-1	0.655	11	None	GENOMAD.140739.CP	8.329e-131	437	0	0	0	1	NA	NA	NA	PF07971;PF16561;COG3408	Glycogen debranching enzyme (alpha-1,6-glucosidase)
JBHJCM010000013.1_73	94739	96820	2082	1	0.651	11	GGAGG	NA	NA	NA	0	0	0	1	NA	NA	NA	NA	NA
JBHJCM010000013.1_74	97138	99912	2775	1	0.628	11	GGAGG	GENOMAD.152082.CP	1.681e-48	192	0	0	0	1	NA	NA	NA	PF00593;PF07715;PF00691;TIGR01782;COG4773;K16089	TonB-dependent receptor
JBHJCM010000013.1_75	100544	102160	1617	-1	0.618	11	GGAGG	NA	NA	NA	0	0	0	1	NA	NA	NA	NA	NA
JBHJCM010000013.1_76	102478	102819	342	-1	0.570	11	GGA/GAG/AGG	NA	NA	NA	0	0	0	1	NA	NA	NA	NA	NA
JBHJCM010000013.1_77	102826	102936	111	-1	0.586	11	GGA/GAG/AGG	NA	NA	NA	0	0	0	1	NA	NA	NA	NA	NA
JBHJCM010000013.1_78	103444	105897	2454	-1	0.469	11	None	GENOMAD.108687.PC	2.421e-108	374	0	1	0	1	NA	virb4	NA	PF19044;PF03135;PF05101;K03199;TIGR00929;COG3451	type IV secretion/conjugal transfer ATPase, VirB4 family
JBHJCM010000013.1_79	105995	106264	270	-1	0.489	11	None	GENOMAD.048140.PP	1.091e-44	156	0	1	0	1	NA	T_virB3	NA	PF05101;K03198;COG3702	Type IV secretory pathway, VirB3 components
JBHJCM010000013.1_80	106299	106706	408	-1	0.451	11	AGGAG	GENOMAD.020425.PP	6.435e-48	168	0	1	0	1	NA	T_virB2	NA	PF04956;K03197;COG3838	TrbC/VIRB2 pilin
JBHJCM010000013.1_81	106767	107594	828	-1	0.521	11	GGAGG	NA	NA	NA	0	0	0	1	NA	NA	NA	NA	NA
JBHJCM010000013.1_82	107640	108680	1041	-1	0.498	11	GGA/GAG/AGG	NA	NA	NA	0	0	0	1	NA	NA	NA	NA	NA
JBHJCM010000013.1_83	108686	109870	1185	-1	0.532	11	AGGA	GENOMAD.106752.PC	1.304e-25	113	0	0	0	1	NA	NA	NA	NA	NA
JBHJCM010000013.1_84	109867	110634	768	-1	0.445	11	AGGAG	GENOMAD.113335.PC	7.465e-130	411	0	1	0	1	NA	T_virB9	NA	K03204;COG3504	Type IV secretory pathway, VirB9 components
JBHJCM010000013.1_85	110631	111647	1017	-1	0.534	11	GGA/GAG/AGG	GENOMAD.100222.PC	1.423e-90	302	0	1	0	1	NA	T_virB8	NA	PF04335;COG3736;K12081;TIGR03781	Type IV secretory pathway, component VirB8
JBHJCM010000013.1_86	111773	112183	411	-1	0.589	11	GGA/GAG/AGG	NA	NA	NA	0	0	0	1	NA	NA	NA	NA	NA
JBHJCM010000013.1_87	112516	114189	1674	-1	0.597	11	AGGAG	NA	NA	NA	0	0	0	1	NA	NA	NA	NA	NA
JBHJCM010000013.1_88	114226	114468	243	-1	0.617	11	AGGA	NA	NA	NA	0	0	0	1	NA	NA	NA	NA	NA
JBHJCM010000013.1_89	115233	117254	2022	-1	0.611	11	GGA/GAG/AGG	NA	NA	NA	0	0	0	1	NA	NA	NA	NA	NA
JBHJCM010000013.1_90	117395	117937	543	1	0.619	11	AGGAG	NA	NA	NA	0	0	0	1	NA	NA	NA	NA	NA
JBHJCM010000013.1_91	118121	118564	444	-1	0.550	11	GGAGG	GENOMAD.153455.CP	3.273e-18	83	0	0	0	1	NA	NA	NA	PF16732;COG4968	Type IV minor pilin ComP, DNA uptake sequence receptor
JBHJCM010000013.1_92	118561	122307	3747	-1	0.555	11	None	GENOMAD.146580.CP	0.0	1997	0	0	0	1	NA	NA	NA	PF05567;K02674	Neisseria PilC beta-propeller domain
JBHJCM010000013.1_93	122318	122839	522	-1	0.513	11	None	GENOMAD.004263.CC	1.018e-34	132	0	0	0	1	NA	NA	NA	PF14341;K02673;COG4726	Tfp pilus assembly protein PilX
JBHJCM010000013.1_94	122848	124005	1158	-1	0.586	11	AGGA/GGAG/GAGG	GENOMAD.141000.CP	9.511e-192	597	0	0	0	1	NA	NA	NA	PF16074;PF07379;K02672;COG4966;TIGR01711	Tfp pilus assembly protein PilW
JBHJCM010000013.1_95	124011	124490	480	-1	0.525	11	GGAG/GAGG	GENOMAD.136455.CP	5.031e-18	83	0	0	0	1	NA	NA	NA	PF07379;K02671;TIGR02523;COG4967	type IV pilus modification protein PilV
JBHJCM010000013.1_96	124487	125005	519	-1	0.582	11	GGAG/GAGG	GENOMAD.182432.CP	0.0005786	42	0	0	0	1	NA	NA	NA	PF07379;TIGR01708;K08084;COG4970	type II secretion system protein H
JBHJCM010000013.1_97	125130	126515	1386	-1	0.644	11	AGGAG	GENOMAD.007125.CC	3.211e-38	153	0	0	0	1	NA	NA	NA	PF14793;K06966	Pyrimidine/purine nucleotide 5'-monophosphate nucleosidases
JBHJCM010000013.1_98	126622	129846	3225	-1	0.573	11	GGAG/GAGG	GENOMAD.127260.CP	1.807e-14	81	0	0	0	1	NA	NA	NA	PF14905;COG4774;K21573	Outer membrane receptor for monomeric catechols
JBHJCM010000013.1_99	130475	131074	600	-1	0.648	11	GGAG/GAGG	GENOMAD.124379.CP	0.0008752	42	0	0	0	1	NA	NA	NA	COG2095	Small neutral amino acid transporter SnatA, MarC family
JBHJCM010000013.1_100	131071	131814	744	-1	0.703	11	GGAG/GAGG	NA	NA	NA	0	0	0	1	NA	NA	NA	NA	NA
JBHJCM010000013.1_101	131811	132131	321	-1	0.617	11	AGGAG	GENOMAD.115269.CP	7.689e-25	100	0	0	0	1	NA	NA	NA	PF01722;PF04908;COG5007;TIGR00365;K05527	Acid stress-induced BolA-like protein IbaG/YrbA, predicted regulator of iron metabolism
JBHJCM010000013.1_102	132252	132830	579	1	0.639	11	None	NA	NA	NA	0	0	0	1	NA	NA	NA	NA	NA
JBHJCM010000013.1_103	132971	134116	1146	-1	0.670	11	None	NA	NA	NA	0	0	0	1	NA	NA	NA	NA	NA
JBHJCM010000013.1_104	134113	134616	504	-1	0.692	11	GGA/GAG/AGG	NA	NA	NA	0	0	0	1	NA	NA	NA	NA	NA
JBHJCM010000013.1_105	134675	134944	270	1	0.656	11	None	GENOMAD.001157.CC	6.008e-43	151	0	0	0	1	NA	NA	NA	COG2835	Uncharacterized conserved protein YbaR, Trm112 family
JBHJCM010000013.1_106	134941	135828	888	1	0.680	11	None	NA	NA	NA	0	0	0	1	NA	NA	NA	NA	NA
JBHJCM010000013.1_107	135891	136943	1053	1	0.660	11	AGGA	NA	NA	NA	0	0	0	1	NA	NA	NA	NA	NA
JBHJCM010000013.1_108	137355	139469	2115	-1	0.630	11	GGA/GAG/AGG	GENOMAD.056657.CV	1.227e-206	657	0	0	0	1246	Caudoviricetes	NA	NA	PF01138;PF03726;PF03725;K00962;TIGR02696;COG1185	guanosine pentaphosphate synthetase I/polynucleotide phosphorylase
JBHJCM010000013.1_109	139638	139898	261	-1	0.579	11	GGA/GAG/AGG	GENOMAD.056361.CP	1.233e-26	104	1	0	0	1	NA	NA	NA	PF00312;TIGR00952;COG0184	ribosomal protein S15, bacterial/organelle
JBHJCM010000013.1_110	140055	140981	927	-1	0.659	11	GGA/GAG/AGG	GENOMAD.036810.CC	2.715e-10	64	0	0	0	1	NA	NA	NA	PF16198	tRNA pseudouridylate synthase B C-terminal domain
JBHJCM010000013.1_111	141061	141453	393	-1	0.651	11	GGA/GAG/AGG	GENOMAD.097225.CV	1.969e-25	103	0	0	0	1246	Caudoviricetes	NA	NA	PF02033;TIGR00082;COG0858;K15986	ribosome-binding factor A
JBHJCM010000013.1_112	141598	144312	2715	-1	0.650	11	AGGA	GENOMAD.000022.CC	1.977e-99	350	1	0	0	1246	Caudoviricetes	NA	NA	PF11987;PF14578;COG0532	Translation initiation factor IF-2, a GTPase
JBHJCM010000013.1_113	144408	145919	1512	-1	0.642	11	GGAG/GAGG	GENOMAD.116332.CV	1.218e-11	70	0	0	0	1	NA	NA	NA	PF03118;TIGR01954	transcription termination factor NusA, C-terminal duplication
JBHJCM010000013.1_114	145924	146514	591	-1	0.618	11	GGA/GAG/AGG	GENOMAD.000102.CC	3.656e-39	146	1	0	0	1246	Caudoviricetes	NA	NA	PF02576;PF17384;K09748;COG0779	Ribosome maturation factor RimP
JBHJCM010000013.1_115	146989	148449	1461	-1	0.628	11	AGGA	GENOMAD.109595.CP	1.369e-102	344	0	0	0	1	NA	NA	NA	PF00361;PF19530;K00343;COG1007;TIGR01770	NADH:ubiquinone oxidoreductase subunit 2 (chain N)
JBHJCM010000013.1_116	148486	149988	1503	-1	0.616	11	GGA/GAG/AGG	GENOMAD.109407.CP	1.204e-11	70	0	0	0	1	NA	NA	NA	COG0651	Formate hydrogenlyase subunit 3/Multisubunit Na+/H+ antiporter, MnhD subunit
JBHJCM010000013.1_117	150009	152168	2160	-1	0.596	11	GGA/GAG/AGG	GENOMAD.120746.CP	1.95e-51	199	0	0	0	1	NA	NA	NA	PF10125;K00341;TIGR01974;COG1009	proton-translocating NADH-quinone oxidoreductase, chain L
JBHJCM010000013.1_118	152176	152481	306	-1	0.572	11	AGGAG	GENOMAD.116508.CP	1.734e-14	70	0	0	0	1	NA	NA	NA	PF00420;K05576;COG1006;TIGR00941	Multisubunit Na+/H+ antiporter, MnhC subunit
JBHJCM010000013.1_119	152478	153137	660	-1	0.620	11	GGAG/GAGG	GENOMAD.111859.CP	3.327e-15	77	0	0	0	1	NA	NA	NA	K00339;COG0839	NADH:ubiquinone oxidoreductase subunit 6 (chain J)
JBHJCM010000013.1_120	153145	153633	489	-1	0.599	11	GGA/GAG/AGG	GENOMAD.113231.CP	1.018e-29	117	0	0	0	1	NA	NA	NA	PF12798;TIGR02951;COG1146;K00395	DMSO reductase, iron-sulfur subunit
JBHJCM010000013.1_121	153637	154728	1092	-1	0.598	11	GGxGG	GENOMAD.116611.CP	1.108e-63	225	0	0	0	1	NA	NA	NA	PF00146;K05572;COG1005	NADH:ubiquinone oxidoreductase subunit 1 (chain H)
JBHJCM010000013.1_122	154725	156959	2235	-1	0.655	11	GGAG/GAGG	GENOMAD.115103.CP	1.037e-25	117	0	0	0	1	NA	NA	NA	PF13484;TIGR02512;COG1141;K12136	 hydrogenase, group A
JBHJCM010000013.1_123	156956	158290	1335	-1	0.631	11	GGAG/GAGG	NA	NA	NA	0	0	0	1	NA	NA	NA	NA	NA
JBHJCM010000013.1_124	158294	158821	528	-1	0.623	11	GGAG/GAGG	NA	NA	NA	0	0	0	1	NA	NA	NA	NA	NA
JBHJCM010000013.1_125	158818	160125	1308	-1	0.607	11	GGAG/GAGG	NA	NA	NA	0	0	0	1	NA	NA	NA	NA	NA
JBHJCM010000013.1_126	160122	160874	753	-1	0.652	11	AGxAG	NA	NA	NA	0	0	0	1	NA	NA	NA	NA	NA
JBHJCM010000013.1_127	160911	161465	555	-1	0.643	11	GGAG/GAGG	NA	NA	NA	0	0	0	1	NA	NA	NA	NA	NA
JBHJCM010000013.1_128	161456	161857	402	-1	0.590	11	None	GENOMAD.000945.CC	1.029e-06	49	0	0	0	1	NA	NA	NA	PF00507;K22158;COG0838	NADH:ubiquinone oxidoreductase subunit 3 (chain A)
JBHJCM010000013.1_129	162049	162522	474	-1	0.673	11	GGA/GAG/AGG	GENOMAD.000166.CC	1.826e-08	55	0	0	0	1	NA	NA	NA	PF03840;K03075;COG1314;TIGR00810	Preprotein translocase subunit SecG
JBHJCM010000013.1_130	162556	163311	756	-1	0.661	11	AGGA/GGAG/GAGG	NA	NA	NA	0	0	0	1	NA	NA	NA	NA	NA
JBHJCM010000013.1_131	163424	164224	801	1	0.683	11	AGGA	NA	NA	NA	0	0	0	1	NA	NA	NA	NA	NA
JBHJCM010000013.1_132	164316	165713	1398	1	0.506	11	4Base/6BMM	NA	NA	NA	0	0	0	1	NA	NA	NA	NA	NA
JBHJCM010000013.1_133	165770	166198	429	-1	0.641	11	AGxAGG/AGGxGG	GENOMAD.166316.CP	9.413e-22	93	0	0	0	1	NA	NA	NA	PF01152;K06886;COG2346	Truncated hemoglobin YjbI
JBHJCM010000013.1_134	166198	167070	873	-1	0.666	11	AGGAG	GENOMAD.183758.CP	4.416e-91	301	0	0	0	1	NA	NA	NA	PF11231	Exopolysaccharide biosynthesis protein YbjH
JBHJCM010000013.1_135	167067	169433	2367	-1	0.657	11	AGxAG	NA	NA	NA	0	0	0	1	NA	NA	NA	NA	NA
JBHJCM010000013.1_136	169430	170113	684	-1	0.678	11	GGxGG	GENOMAD.161375.CP	1.583e-34	134	0	0	0	1	NA	NA	NA	PF00127;TIGR02657;COG3794	amicyanin
JBHJCM010000013.1_137	170304	171260	957	-1	0.635	11	GGA/GAG/AGG	NA	NA	NA	0	0	0	1	NA	NA	NA	NA	NA
JBHJCM010000013.1_138	171365	172714	1350	-1	0.671	11	None	NA	NA	NA	0	0	0	1	NA	NA	NA	NA	NA
JBHJCM010000013.1_139	172711	173616	906	-1	0.660	11	GGA/GAG/AGG	GENOMAD.121654.CP	6.224e-63	220	0	0	0	1246	Caudoviricetes	NA	NA	PF01343;K01258;COG1024;TIGR03210	Peptidase family S49
JBHJCM010000013.1_140	173886	174692	807	-1	0.699	11	GGA/GAG/AGG	GENOMAD.116415.CP	4.63e-39	149	0	0	0	1	NA	NA	NA	PF00290;K01695;TIGR00262;COG0159	tryptophan synthase, alpha subunit
JBHJCM010000013.1_141	174736	174882	147	-1	0.653	11	None	NA	NA	NA	0	0	0	1	NA	NA	NA	NA	NA
JBHJCM010000014.1_1	2	613	612	1	0.523	11	None	GENOMAD.051447.PP	4.886e-06	49	0	0	0	1	NA	NA	NA	PF03421;K08598	YopJ Serine/Threonine acetyltransferase
JBHJCM010000014.1_2	1083	2591	1509	-1	0.697	11	GGA/GAG/AGG	GENOMAD.116475.CP	3.351e-109	364	0	0	0	1	NA	NA	NA	PF00198;PF00364;K09699;TIGR01348;COG0508	pyruvate dehydrogenase complex dihydrolipoamide acetyltransferase, long form
JBHJCM010000014.1_3	2588	2971	384	-1	0.703	11	None	NA	NA	NA	0	0	0	1	NA	NA	NA	NA	NA
JBHJCM010000014.1_4	2973	4043	1071	-1	0.673	11	GGAG/GAGG	NA	NA	NA	0	0	0	1	NA	NA	NA	NA	NA
JBHJCM010000014.1_5	4036	5124	1089	-1	0.676	11	GGA/GAG/AGG	NA	NA	NA	0	0	0	1	NA	NA	NA	NA	NA
JBHJCM010000014.1_6	5302	8883	3582	-1	0.691	11	GGA/GAG/AGG	GENOMAD.159408.CP	9.66e-18	92	0	0	0	1	NA	NA	NA	PF19580;PF18942;K07004;COG2374;TIGR03395	Predicted extracellular nuclease
JBHJCM010000014.1_7	9310	10206	897	1	0.669	11	None	NA	NA	NA	0	0	0	1	NA	NA	NA	NA	NA
JBHJCM010000014.1_8	10456	11976	1521	1	0.632	11	GGA/GAG/AGG	GENOMAD.159857.CP	3.422e-05	49	0	0	0	1	NA	NA	NA	PF03825;K03305;TIGR00926;COG3104	Peptide:H+ symporter (also transports b-lactam antibiotics, the antitumor agent, bestatin, and various protease inhibitors)
JBHJCM010000014.1_9	11988	12578	591	1	0.675	11	AGGAG	GENOMAD.002853.CC	8.67e-15	75	0	0	0	1	NA	NA	NA	PF03190;COG2143;TIGR02738;K06888	Thioredoxin-related protein
JBHJCM010000014.1_10	12937	13425	489	-1	0.654	11	None	GENOMAD.130467.CP	1.06e-46	166	0	0	0	1	NA	NA	NA	PF03965;K22489;TIGR04472;COG5631	mobile rSAM pair MarR family regulator
JBHJCM010000014.1_11	13548	14663	1116	1	0.619	11	GGAG/GAGG	GENOMAD.166667.PC	6.813e-13	73	0	0	0	1	NA	NA	NA	NA	NA
JBHJCM010000014.1_12	15294	16607	1314	1	0.648	11	GGA/GAG/AGG	NA	NA	NA	0	0	0	1	NA	NA	NA	NA	NA
JBHJCM010000014.1_13	16917	17468	552	-1	0.681	11	AGGA	NA	NA	NA	0	0	0	1	NA	NA	NA	NA	NA
JBHJCM010000014.1_14	17610	18257	648	1	0.668	11	AGGA	GENOMAD.181422.CP	5.502e-43	158	0	0	0	1	NA	NA	NA	PF06572;COG2913	CAP-associated N-terminal
JBHJCM010000014.1_15	18599	19018	420	-1	0.610	11	GGAG/GAGG	GENOMAD.138410.CP	1.001e-19	87	0	0	0	1	NA	NA	NA	K05564;COG1320	Multisubunit Na+/H+ antiporter, MnhG subunit
JBHJCM010000014.1_16	19015	19299	285	-1	0.614	11	GGAG/GAGG	GENOMAD.147528.CP	1.212e-07	50	0	0	0	1	NA	NA	NA	PF04066;COG2212;K05563	Multisubunit Na+/H+ antiporter, MnhF subunit
JBHJCM010000014.1_17	19296	19802	507	-1	0.623	11	GGAGG	GENOMAD.137918.CP	2.536e-48	171	0	0	0	1	NA	NA	NA	PF01899;K05562;COG1863;TIGR00942	Multisubunit Na+/H+ antiporter, MnhE subunit
JBHJCM010000014.1_18	19799	21343	1545	-1	0.665	11	GGA/GAG/AGG	GENOMAD.109407.CP	2.992e-117	388	0	0	0	1	NA	NA	NA	COG0651	Formate hydrogenlyase subunit 3/Multisubunit Na+/H+ antiporter, MnhD subunit
JBHJCM010000014.1_19	21340	21714	375	-1	0.653	11	GGAG/GAGG	GENOMAD.134276.CP	1.684e-24	100	0	0	0	1	NA	NA	NA	K05560;COG1006	Multisubunit Na+/H+ antiporter, MnhC subunit
JBHJCM010000014.1_20	21714	24542	2829	-1	0.647	11	None	GENOMAD.112737.CP	6.219e-28	125	0	0	0	1	NA	NA	NA	PF00361;PF00662;K22179;TIGR01960;COG1009	NAD(P)H dehydrogenase, subunit NdhF3 family
JBHJCM010000014.1_21	24661	25611	951	1	0.689	11	None	NA	NA	NA	0	0	0	1	NA	NA	NA	NA	NA
JBHJCM010000014.1_22	25637	26122	486	-1	0.626	11	GGAGG	GENOMAD.017267.CC	0.0004717	42	0	0	0	1	NA	NA	NA	PF06127;COG4539	Uncharacterized membrane protein YGL010W
JBHJCM010000014.1_23	26219	27817	1599	-1	0.640	11	GGAG/GAGG	NA	NA	NA	0	0	0	1	NA	NA	NA	NA	NA
JBHJCM010000014.1_24	28243	29997	1755	-1	0.636	11	AGGAG	GENOMAD.021660.VV	1.513e-07	57	0	0	0	1246	Caudoviricetes	NA	NA	COG3179;K18950	Predicted chitinase
JBHJCM010000014.1_25	30070	30606	537	-1	0.603	11	GGA/GAG/AGG	NA	NA	NA	0	0	0	1	NA	NA	NA	NA	NA
JBHJCM010000014.1_26	30843	31274	432	-1	0.664	11	GGA/GAG/AGG	NA	NA	NA	0	0	0	1	NA	NA	NA	NA	NA
JBHJCM010000014.1_27	31652	32398	747	-1	0.590	11	None	NA	NA	NA	0	0	0	1	NA	NA	NA	NA	NA
JBHJCM010000014.1_28	32530	33456	927	-1	0.633	11	AGGAG	NA	NA	NA	0	0	0	1	NA	NA	NA	NA	NA
JBHJCM010000014.1_29	33666	33995	330	1	0.682	11	None	GENOMAD.124334.CV	0.0001245	42	0	0	0	1	NA	NA	NA	PF05099;PF13446;K05801;COG1076;TIGR02349	DnaJ-domain-containing proteins 1
JBHJCM010000014.1_30	34119	34820	702	1	0.661	11	None	NA	NA	NA	0	0	0	1	NA	NA	NA	NA	NA
JBHJCM010000014.1_31	34817	35308	492	1	0.687	11	GGA/GAG/AGG	NA	NA	NA	0	0	0	1	NA	NA	NA	NA	NA
JBHJCM010000014.1_32	35544	36473	930	1	0.697	11	None	NA	NA	NA	0	0	0	1	NA	NA	NA	NA	NA
JBHJCM010000014.1_33	36731	38206	1476	1	0.657	11	AGGA	GENOMAD.114697.CP	1.699e-23	108	0	0	0	1	NA	NA	NA	PF00425;K02552;COG1169;TIGR03494	Isochorismate synthase EntC
JBHJCM010000014.1_34	38206	39282	1077	1	0.649	11	GGA/GAG/AGG	GENOMAD.146710.CP	6.696e-110	359	0	0	0	1	NA	NA	NA	PF00155;K01620;COG2008;TIGR02617	Threonine aldolase
JBHJCM010000014.1_35	39301	40083	783	1	0.596	11	AGGA	GENOMAD.140872.CP	3.473e-70	239	0	0	0	1	NA	NA	NA	PF04402;COG2968;K09807	Uncharacterized conserved protein YggE, contains kinase-interacting SIMPL domain
JBHJCM010000014.1_36	40437	43421	2985	1	0.595	11	GGAG/GAGG	NA	NA	NA	0	0	0	1	NA	NA	NA	NA	NA
JBHJCM010000014.1_37	43424	44683	1260	1	0.533	11	AGGAG	NA	NA	NA	0	0	0	1	NA	NA	NA	NA	NA
JBHJCM010000014.1_38	44685	45851	1167	1	0.548	11	GGAG/GAGG	NA	NA	NA	0	0	0	1	NA	NA	NA	NA	NA
JBHJCM010000014.1_39	45848	46858	1011	1	0.597	11	GGA/GAG/AGG	NA	NA	NA	0	0	0	1	NA	NA	NA	NA	NA
JBHJCM010000014.1_40	46855	48471	1617	1	0.557	11	None	NA	NA	NA	0	0	0	1	NA	NA	NA	NA	NA
JBHJCM010000014.1_41	48626	49195	570	1	0.619	11	None	NA	NA	NA	0	0	0	1	NA	NA	NA	NA	NA
JBHJCM010000014.1_42	49338	49970	633	1	0.649	11	GGA/GAG/AGG	NA	NA	NA	0	0	0	1	NA	NA	NA	NA	NA
JBHJCM010000014.1_43	50086	51123	1038	1	0.653	11	None	NA	NA	NA	0	0	0	1	NA	NA	NA	NA	NA
JBHJCM010000014.1_44	51264	52061	798	1	0.653	11	AGGA	NA	NA	NA	0	0	0	1	NA	NA	NA	NA	NA
JBHJCM010000014.1_45	52054	52770	717	1	0.664	11	None	GENOMAD.154355.CP	2.575e-133	420	0	0	0	1	NA	NA	NA	PF12689;K18697;TIGR01545;COG4996	haloacid dehalogenase superfamily, subfamily IF hydrolase, YfhB
JBHJCM010000014.1_46	53090	53782	693	-1	0.644	11	GGA/GAG/AGG	NA	NA	NA	0	0	0	1	NA	NA	NA	NA	NA
JBHJCM010000014.1_47	53920	54714	795	1	0.541	11	AGGA	GENOMAD.003941.CC	1.71e-107	347	0	0	0	1	NA	NA	NA	PF02675;TIGR03331;COG1586	S-adenosylmethionine decarboxylase proenzyme, Escherichia coli form
JBHJCM010000014.1_48	54879	55193	315	1	0.622	11	AGGAG	GENOMAD.182365.PC	0.0002341	41	0	0	0	1	NA	NA	NA	PF02694;K18925	Uncharacterised BCR, YnfA/UPF0060 family
JBHJCM010000014.1_49	55496	56191	696	-1	0.698	11	None	GENOMAD.106818.CV	8.843e-34	132	0	0	0	1	NA	NA	NA	PF03232;K06134;COG2941;TIGR00754	Ubiquinone biosynthesis protein COQ7
JBHJCM010000014.1_50	56332	56760	429	1	0.613	11	GGA/GAG/AGG	GENOMAD.078681.CV	1.335e-51	179	1	0	0	1246	Caudoviricetes	NA	NA	PF00572;K02871;COG0102;TIGR01066	Ribosomal protein L13
JBHJCM010000014.1_51	56763	57155	393	1	0.631	11	GGA/GAG/AGG	GENOMAD.076388.CV	3.04e-37	137	1	0	0	1246	Caudoviricetes	NA	NA	PF00380;COG0103;TIGR03627;K02960	Ribosomal protein S9
JBHJCM010000014.1_52	57702	58319	618	1	0.652	11	AGGAG	GENOMAD.205700.CP	0.0009458	42	0	0	0	1	NA	NA	NA	PF00293;K01518;COG4119;TIGR00586	Predicted NTP pyrophosphohydrolase, NUDIX family
JBHJCM010000014.1_53	58924	59394	471	1	0.580	11	GGAG/GAGG	NA	NA	NA	0	0	0	1	NA	NA	NA	NA	NA
JBHJCM010000014.1_54	59761	62025	2265	-1	0.690	11	GGAG/GAGG	GENOMAD.132867.CP	1.449e-05	51	0	0	0	1	NA	NA	NA	PF01627;K20976;COG2198	HPt (histidine-containing phosphotransfer) domain
JBHJCM010000014.1_55	62071	64047	1977	-1	0.695	11	GGAG/GAGG	NA	NA	NA	0	0	0	1	NA	NA	NA	NA	NA
JBHJCM010000014.1_56	64086	64712	627	-1	0.719	11	GGA/GAG/AGG	GENOMAD.006203.CC	1.52e-25	107	0	0	0	1	NA	NA	NA	COG3918	NA
JBHJCM010000014.1_57	64853	65590	738	1	0.672	11	GGA/GAG/AGG	GENOMAD.005661.CC	2.801e-15	78	0	0	0	1	NA	NA	NA	PF20567	NA
JBHJCM010000014.1_58	65594	66043	450	1	0.693	11	GGAG/GAGG	NA	NA	NA	0	0	0	1	NA	NA	NA	NA	NA
JBHJCM010000014.1_59	66127	66513	387	1	0.633	11	None	NA	NA	NA	0	0	0	1	NA	NA	NA	NA	NA
JBHJCM010000014.1_60	67473	68735	1263	1	0.623	11	GGA/GAG/AGG	GENOMAD.015873.CC	2.909e-36	146	0	0	0	1	NA	NA	NA	PF00561;TIGR03101;COG0412;K24084	exosortase A system-associated hydrolase 2
JBHJCM010000014.1_61	69043	69933	891	1	0.677	11	GGA/GAG/AGG	NA	NA	NA	0	0	0	1	NA	NA	NA	NA	NA
JBHJCM010000014.1_62	70007	70897	891	1	0.682	11	AGGAG	GENOMAD.108584.CP	1.037e-137	436	0	0	0	1	NA	NA	NA	PF17113;K03807;COG1270;TIGR00380	Cobalamin biosynthesis protein CobD/CbiB
JBHJCM010000014.1_63	70977	71387	411	-1	0.659	11	None	GENOMAD.016644.CC	1.822e-45	161	0	0	0	1	NA	NA	NA	PF10825	NA
JBHJCM010000014.1_64	71387	71731	345	-1	0.641	11	AGGAG	GENOMAD.170575.CP	3.623e-52	179	0	0	0	1	NA	NA	NA	PF04505	Interferon-induced transmembrane protein
JBHJCM010000014.1_65	72195	74117	1923	-1	0.659	11	AGGA	GENOMAD.145392.CP	9.288e-78	277	0	0	0	1	NA	NA	NA	PF05977;K05939;COG2223;TIGR00806	Transmembrane secretion effector
JBHJCM010000014.1_66	74186	75088	903	-1	0.698	11	GGA/GAG/AGG	NA	NA	NA	0	0	0	1	NA	NA	NA	NA	NA
JBHJCM010000014.1_67	75186	76376	1191	1	0.686	11	GGA/GAG/AGG	NA	NA	NA	0	0	0	1	NA	NA	NA	NA	NA
JBHJCM010000014.1_68	76508	78721	2214	-1	0.669	11	None	GENOMAD.008008.CC	1.966e-80	288	0	0	0	1	NA	NA	NA	COG1289	Uncharacterized membrane protein YccC
JBHJCM010000014.1_69	78930	80225	1296	-1	0.688	11	GGA/GAG/AGG	NA	NA	NA	0	0	0	1	NA	NA	NA	NA	NA
JBHJCM010000014.1_70	80258	81103	846	-1	0.694	11	GGA/GAG/AGG	NA	NA	NA	0	0	0	1	NA	NA	NA	NA	NA
JBHJCM010000014.1_71	81128	82711	1584	-1	0.665	11	None	GENOMAD.115175.CV	1.361e-44	174	0	0	0	1	NA	NA	NA	PF01808;PF02142;K00602;TIGR00355;COG0138	phosphoribosylaminoimidazolecarboxamide formyltransferase/IMP cyclohydrolase
JBHJCM010000014.1_72	82785	83402	618	1	0.710	11	None	GENOMAD.147413.CP	1.133e-13	72	0	0	0	1	NA	NA	NA	PF01066;K17884;COG0558;TIGR00560	Phosphatidylglycerophosphate synthase
JBHJCM010000014.1_73	83494	85254	1761	1	0.673	11	AGGA	NA	NA	NA	0	0	0	1	NA	NA	NA	NA	NA
JBHJCM010000014.1_74	85251	86588	1338	1	0.671	11	None	NA	NA	NA	0	0	0	1	NA	NA	NA	NA	NA
JBHJCM010000014.1_75	86585	87031	447	1	0.653	11	GGAG/GAGG	NA	NA	NA	0	0	0	1	NA	NA	NA	NA	NA
JBHJCM010000014.1_76	87028	88524	1497	1	0.681	11	AGGA	GENOMAD.042263.CC	1.803e-23	108	0	0	0	1	NA	NA	NA	TIGR04222	TIGR04222 domain
JBHJCM010000014.1_77	88524	89162	639	1	0.698	11	GGAGG	GENOMAD.147413.CP	1.074e-32	128	0	0	0	1	NA	NA	NA	PF01066;K17884;COG0558;TIGR00560	Phosphatidylglycerophosphate synthase
JBHJCM010000014.1_78	89159	89791	633	1	0.652	11	GGAG/GAGG	NA	NA	NA	0	0	0	1	NA	NA	NA	NA	NA
JBHJCM010000014.1_79	89788	90762	975	1	0.626	11	GGAGG	GENOMAD.118517.CP	6.863e-93	308	0	0	0	1246	Caudoviricetes	NA	NA	PF01148;COG4589	Cytidylyltransferase family
JBHJCM010000014.1_80	90999	91205	207	-1	0.623	11	None	GENOMAD.198115.VC	0.0001294	40	0	0	0	1	NA	NA	NA	PF18024;K03557;COG2901;TIGR03298	DNA-binding protein Fis (factor for inversion stimulation)
JBHJCM010000014.1_81	91377	92120	744	-1	0.750	11	GGA/GAG/AGG	GENOMAD.120988.CP	3.471e-73	247	0	0	0	1	NA	NA	NA	PF11906	NA
JBHJCM010000014.1_82	92773	92919	147	-1	0.694	11	GGAG/GAGG	NA	NA	NA	0	0	0	1	NA	NA	NA	NA	NA
JBHJCM010000014.1_83	93075	93452	378	-1	0.685	11	None	NA	NA	NA	0	0	0	1	NA	NA	NA	NA	NA
JBHJCM010000014.1_84	93602	94105	504	1	0.748	11	AGGAG	NA	NA	NA	0	0	0	1	NA	NA	NA	NA	NA
JBHJCM010000014.1_85	94128	95048	921	-1	0.684	11	None	GENOMAD.060882.CP	2.235e-27	116	0	0	0	1246	Caudoviricetes	NA	NA	PF06325;K02687;COG2264;TIGR00406	Ribosomal protein L11 methyltransferase (PrmA)
JBHJCM010000014.1_86	95035	95646	612	-1	0.654	11	None	NA	NA	NA	0	0	0	1	NA	NA	NA	NA	NA
JBHJCM010000014.1_87	95942	96871	930	1	0.705	11	None	NA	NA	NA	0	0	0	1	NA	NA	NA	NA	NA
JBHJCM010000014.1_88	96868	97233	366	1	0.669	11	GGAG/GAGG	NA	NA	NA	0	0	0	1	NA	NA	NA	NA	NA
JBHJCM010000014.1_89	97603	98970	1368	-1	0.640	11	None	NA	NA	NA	0	0	0	1	NA	NA	NA	NA	NA
JBHJCM010000014.1_90	98960	99394	435	-1	0.595	11	GGA/GAG/AGG	NA	NA	NA	0	0	0	1	NA	NA	NA	NA	NA
JBHJCM010000014.1_91	99415	99903	489	-1	0.652	11	GGAG/GAGG	GENOMAD.117180.CP	1.566e-24	102	0	0	0	1	NA	NA	NA	PF00364;K02160;TIGR00531;COG0511	acetyl-CoA carboxylase, biotin carboxyl carrier protein
JBHJCM010000014.1_92	100000	100599	600	-1	0.653	11	GGA/GAG/AGG	NA	NA	NA	0	0	0	1	NA	NA	NA	NA	NA
JBHJCM010000014.1_93	101196	101378	183	1	0.721	11	None	NA	NA	NA	0	0	0	1	NA	NA	NA	NA	NA
JBHJCM010000014.1_94	101291	103609	2319	-1	0.709	11	AGGA/GGAG/GAGG	GENOMAD.153218.CP	6.875e-31	134	0	0	0	1	NA	NA	NA	PF11412;K04084;COG4232	Thiol:disulfide interchange protein
JBHJCM010000014.1_95	103615	103947	333	-1	0.652	11	None	NA	NA	NA	0	0	0	1	NA	NA	NA	NA	NA
JBHJCM010000014.1_96	104414	106204	1791	-1	0.685	11	AGGAG	NA	NA	NA	0	0	0	1	NA	NA	NA	NA	NA
JBHJCM010000014.1_97	106613	106900	288	1	0.628	11	GGAG/GAGG	NA	NA	NA	0	0	0	1	NA	NA	NA	NA	NA
JBHJCM010000014.1_98	107043	108683	1641	1	0.644	11	GGAG/GAGG	GENOMAD.171128.VC	1.896e-21	102	0	0	0	1246	Caudoviricetes	NA	NA	K04077;TIGR02348	chaperonin GroL
JBHJCM010000014.1_99	108797	110896	2100	-1	0.660	11	AGGA	NA	NA	NA	0	0	0	1	NA	NA	NA	NA	NA
JBHJCM010000014.1_100	111399	114212	2814	1	0.648	11	None	NA	NA	NA	0	0	0	1	NA	NA	NA	NA	NA
JBHJCM010000014.1_101	114745	115818	1074	1	0.661	11	GGA/GAG/AGG	NA	NA	NA	0	0	0	1	NA	NA	NA	NA	NA
JBHJCM010000014.1_102	116609	118786	2178	1	0.671	11	None	NA	NA	NA	0	0	0	1	NA	NA	NA	NA	NA
JBHJCM010000014.1_103	118880	121330	2451	1	0.672	11	AGGAG	NA	NA	NA	0	0	0	1	NA	NA	NA	NA	NA
JBHJCM010000014.1_104	121752	122672	921	-1	0.710	11	None	NA	NA	NA	0	0	0	1	NA	NA	NA	NA	NA
JBHJCM010000014.1_105	122672	123190	519	-1	0.672	11	GGAG/GAGG	GENOMAD.211271.PC	2.315e-93	301	0	0	0	1	NA	NA	NA	NA	NA
JBHJCM010000014.1_106	123269	126178	2910	1	0.686	11	AGxAGG/AGGxGG	GENOMAD.121418.CV	1.983e-110	385	0	0	0	1	NA	NA	NA	PF03710;PF08335;PF03445;K00982;COG1391;TIGR01693	Glutamine synthetase adenylyltransferase
JBHJCM010000014.1_107	126282	126659	378	-1	0.685	11	GGA/GAG/AGG	GENOMAD.161288.VC	9.183e-05	43	0	0	1	1246	Caudoviricetes	NA	NA	PF02592;PF20307;K18947;TIGR00697;COG1738	Putative vitamin uptake transporter; Divergent DnaB-like ATPase
JBHJCM010000014.1_108	127359	129200	1842	1	0.555	11	GGAG/GAGG	GENOMAD.072096.PP	4.376e-279	862	0	0	0	1	NA	NA	NA	K23866	NA
JBHJCM010000014.1_109	129363	129566	204	-1	0.623	11	None	NA	NA	NA	0	0	0	1	NA	NA	NA	NA	NA
JBHJCM010000014.1_110	129593	130321	729	-1	0.702	11	AGGA	NA	NA	NA	0	0	0	1	NA	NA	NA	NA	NA
JBHJCM010000014.1_111	130433	132307	1875	1	0.673	11	GGAG/GAGG	NA	NA	NA	0	0	0	1	NA	NA	NA	NA	NA
JBHJCM010000014.1_112	132416	132925	510	-1	0.655	11	GGAG/GAGG	NA	NA	NA	0	0	0	1	NA	NA	NA	NA	NA
JBHJCM010000014.1_113	132922	133791	870	-1	0.637	11	AGGA	GENOMAD.037271.CC	6.196e-06	50	0	0	0	1	NA	NA	NA	COG4727	NA
JBHJCM010000014.1_114	133834	134781	948	-1	0.726	11	GGA/GAG/AGG	GENOMAD.001519.CC	3.325e-44	166	0	0	0	1	NA	NA	NA	PF06258;K07276;COG3660;TIGR00215	Mitochondrial fission ELM1
JBHJCM010000014.1_115	134916	135506	591	1	0.668	11	GGAG/GAGG	GENOMAD.134225.CP	1.665e-57	199	0	0	0	1	NA	NA	NA	PF00881;K09019;TIGR03553;COG3560	F420 biosynthesis protein FbiB, C-terminal domain
JBHJCM010000014.1_116	135738	136481	744	1	0.673	11	GGAG/GAGG	GENOMAD.138165.CP	1.336e-13	73	0	0	0	1	NA	NA	NA	PF04264;COG2353	Polyisoprenoid-binding periplasmic protein YceI
JBHJCM010000014.1_117	137033	138304	1272	1	0.702	11	GGAG/GAGG	GENOMAD.176778.PC	3.083e-44	170	0	0	0	1	NA	NA	NA	PF00328;K01093	Histidine phosphatase superfamily (branch 2)
JBHJCM010000014.1_118	138373	138840	468	-1	0.588	11	GGA/GAG/AGG	NA	NA	NA	0	0	0	1	NA	NA	NA	NA	NA
JBHJCM010000014.1_119	138940	139725	786	-1	0.659	11	AGGA	GENOMAD.169894.PC	8.843e-49	177	0	0	0	1	NA	NA	NA	PF04954;PF08021;K07229;COG2375;TIGR02160	NADPH-dependent ferric siderophore reductase, contains FAD-binding and SIP domains
JBHJCM010000014.1_120	140036	140572	537	-1	0.672	11	None	GENOMAD.151275.CP	1.134e-14	74	0	0	0	1	NA	NA	NA	PF14557;COG3811;TIGR02719;K10917	Uncharacterized protein YjhX, UPF0386/DUF2084 family
JBHJCM010000014.1_121	140759	142405	1647	1	0.650	11	GGAG/GAGG	GENOMAD.209570.CP	3.378e-312	954	0	0	0	1	NA	NA	NA	PF16957;K13929;TIGR01110;COG4670	Malonate decarboxylase, alpha subunit, transporter
JBHJCM010000014.1_122	142415	142732	318	1	0.648	11	GGA/GAG/AGG	GENOMAD.209355.CP	1.437e-41	148	0	0	0	1	NA	NA	NA	PF06857;K13931;TIGR03130;COG3052	malonate decarboxylase acyl carrier protein
JBHJCM010000014.1_123	142839	143756	918	1	0.667	11	GGAG/GAGG	GENOMAD.129449.CP	3.68e-50	183	0	0	0	1	NA	NA	NA	PF01039;K13932;TIGR01117;COG4799	methylmalonyl-CoA decarboxylase alpha subunit
JBHJCM010000014.1_124	143747	144451	705	1	0.678	11	GGAG/GAGG	GENOMAD.209966.CP	2.493e-52	186	0	0	0	1	NA	NA	NA	PF06833;K13933;TIGR03134;COG0777	biotin-independent malonate decarboxylase, gamma subunit
JBHJCM010000014.1_125	144454	145095	642	1	0.684	11	GGAG/GAGG	NA	NA	NA	0	0	0	1	NA	NA	NA	NA	NA
JBHJCM010000014.1_126	145092	145961	870	1	0.676	11	GGAG/GAGG	GENOMAD.181951.CP	1.332e-45	169	0	0	0	1	NA	NA	NA	PF01874;COG1767;TIGR03132;K05966	Triphosphoribosyl-dephospho-CoA synthetase
JBHJCM010000014.1_127	145958	146191	234	1	0.637	11	AGGAG	NA	NA	NA	0	0	0	1	NA	NA	NA	NA	NA
JBHJCM010000014.1_128	146188	147108	921	1	0.691	11	GGA/GAG/AGG	NA	NA	NA	0	0	0	1	NA	NA	NA	NA	NA
JBHJCM010000014.1_129	147196	148551	1356	1	0.660	11	GGAGG	GENOMAD.196632.PC	1.444e-82	284	0	0	0	1	NA	NA	NA	PF00939;TIGR00785;COG4664	anion transporter
JBHJCM010000014.1_130	148630	149349	720	1	0.665	11	None	GENOMAD.148067.PC	4.562e-22	98	0	0	0	1	NA	NA	NA	PF07840;K22293;TIGR03338;COG1802	phosphonate utilization associated transcriptional regulator
JBHJCM010000014.1_131	149499	150122	624	-1	0.663	11	None	NA	NA	NA	0	0	0	1	NA	NA	NA	NA	NA
JBHJCM010000014.1_132	150344	150763	420	-1	0.643	11	GGAG/GAGG	GENOMAD.129482.CP	5.866e-06	47	0	0	0	1246	Caudoviricetes	NA	NA	PF13466;K04749;COG3113;TIGR00377	ABC-type transporter Mla maintaining outer membrane lipid asymmetry, MlaB component, contains STAS domain
JBHJCM010000014.1_133	150760	151191	432	-1	0.676	11	GGA/GAG/AGG	GENOMAD.133547.CP	1.233e-77	254	0	0	0	1	NA	NA	NA	PF13581;TIGR01924;COG2172;K06379	serine-protein kinase RsbW
JBHJCM010000014.1_134	151188	153161	1974	-1	0.684	11	None	GENOMAD.113449.CP	9.506e-32	136	0	0	0	1	NA	NA	NA	COG2208	Serine phosphatase RsbU, regulator of sigma subunit
JBHJCM010000014.1_135	153365	154033	669	1	0.619	11	GGAGG	NA	NA	NA	0	0	0	1	NA	NA	NA	NA	NA
JBHJCM010000014.1_136	154030	155352	1323	1	0.641	11	AGGA	NA	NA	NA	0	0	0	1	NA	NA	NA	NA	NA
JBHJCM010000014.1_137	155763	156872	1110	1	0.639	11	GGAG/GAGG	NA	NA	NA	0	0	0	1	NA	NA	NA	NA	NA
JBHJCM010000014.1_138	157301	159988	2688	1	0.653	11	GGAG/GAGG	GENOMAD.147788.CP	1.387e-123	422	0	0	0	1	NA	NA	NA	PF09363;COG3958	XFP C-terminal domain
JBHJCM010000014.1_139	160414	161394	981	1	0.568	11	GGAGG	NA	NA	NA	0	0	0	1	NA	NA	NA	NA	NA
JBHJCM010000014.1_140	161405	163945	2541	1	0.598	11	GGA/GAG/AGG	NA	NA	NA	0	0	0	1	NA	NA	NA	NA	NA
JBHJCM010000014.1_141	164043	164741	699	-1	0.618	11	GGA/GAG/AGG	GENOMAD.158969.CP	1.874e-08	57	0	0	0	1	NA	NA	NA	NA	NA
JBHJCM010000014.1_142	165083	165571	489	1	0.571	11	AGGAG	NA	NA	NA	0	0	0	1	NA	NA	NA	NA	NA
JBHJCM010000014.1_143	165568	167211	1644	1	0.583	11	GGAGG	NA	NA	NA	0	0	0	1	NA	NA	NA	NA	NA
JBHJCM010000015.1_1	596	1843	1248	-1	0.502	11	GGA/GAG/AGG	NA	NA	NA	0	0	0	1	NA	NA	NA	NA	NA
JBHJCM010000015.1_2	2768	3319	552	1	0.687	11	AGGAG	NA	NA	NA	0	0	0	1	NA	NA	NA	NA	NA
JBHJCM010000015.1_3	3268	5217	1950	1	0.649	11	None	NA	NA	NA	0	0	0	1	NA	NA	NA	NA	NA
JBHJCM010000015.1_4	5368	5871	504	-1	0.635	11	None	NA	NA	NA	0	0	0	1	NA	NA	NA	NA	NA
JBHJCM010000015.1_5	5932	6363	432	1	0.660	11	None	NA	NA	NA	0	0	0	1	NA	NA	NA	NA	NA
JBHJCM010000015.1_6	6377	6673	297	1	0.680	11	GGA/GAG/AGG	GENOMAD.179363.CV	5.738e-09	54	0	0	0	1	NA	NA	NA	PF03658;COG2914;TIGR01682	Putative antitoxin component PasI (RatB) of the RatAB toxin-antitoxin module, ubiquitin-RnfH superfamily
JBHJCM010000015.1_7	6942	7337	396	-1	0.611	11	None	NA	NA	NA	0	0	0	1	NA	NA	NA	NA	NA
JBHJCM010000015.1_8	7442	7852	411	1	0.611	11	GGAG/GAGG	NA	NA	NA	0	0	0	1	NA	NA	NA	NA	NA
JBHJCM010000015.1_9	8320	9984	1665	-1	0.705	11	None	GENOMAD.094517.CV	8.344e-09	61	1	0	0	1246	Caudoviricetes	NA	NA	PF02463;PF12532;K03631;TIGR00634;COG0497	DNA repair protein RecN
JBHJCM010000015.1_10	10101	11153	1053	1	0.684	11	GGA/GAG/AGG	GENOMAD.093762.CV	7.508e-85	286	0	0	0	1246	Caudoviricetes	NA	NA	PF01628;PF03444;K03705;TIGR00331;COG1420	heat shock gene repressor HrcA
JBHJCM010000015.1_11	11252	11770	519	1	0.671	11	GGA/GAG/AGG	GENOMAD.103372.CV	5.897e-07	51	0	0	0	1246	Caudoviricetes	NA	NA	PF01025;COG0576	Molecular chaperone GrpE (heat shock protein)
JBHJCM010000015.1_12	11912	13837	1926	1	0.636	11	AGGAG	NA	NA	NA	0	0	0	1	NA	NA	NA	NA	NA
JBHJCM010000015.1_13	13998	15125	1128	1	0.665	11	None	GENOMAD.121441.VC	1.857e-14	78	0	0	0	1246	Caudoviricetes	NA	NA	PF01556;COG1107	Archaea-specific RecJ-like exonuclease, contains DnaJ-type Zn finger domain
JBHJCM010000015.1_14	15650	16558	909	1	0.681	11	None	NA	NA	NA	0	0	0	1	NA	NA	NA	NA	NA
JBHJCM010000015.1_15	16555	17676	1122	1	0.656	11	GGA/GAG/AGG	GENOMAD.129532.CP	9.164e-204	631	0	0	0	1	NA	NA	NA	PF20463;PF07991;K14187;COG0287;TIGR01327	Prephenate dehydrogenase
JBHJCM010000015.1_16	17851	18045	195	-1	0.610	11	GGAGG	NA	NA	NA	0	0	0	1	NA	NA	NA	NA	NA
JBHJCM010000015.1_17	18492	19895	1404	-1	0.667	11	None	GENOMAD.153372.CP	3.834e-100	336	0	0	0	1	NA	NA	NA	PF02321;TIGR01845;COG1538;K15725	efflux transporter, outer membrane factor (OMF) lipoprotein, NodT family
JBHJCM010000015.1_18	19892	20977	1086	-1	0.698	11	AGGAG	GENOMAD.143120.CP	2.579e-46	174	0	0	0	1	NA	NA	NA	PF00529;TIGR01843;K02022;COG1566	type I secretion membrane fusion protein, HlyD family
JBHJCM010000015.1_19	20961	22649	1689	-1	0.654	11	GGA/GAG/AGG	GENOMAD.168352.CP	1.344e-28	125	0	0	0	1	NA	NA	NA	PF00664;K02021;COG4618	ABC-type protease/lipase transport system, ATPase and permease components
JBHJCM010000015.1_20	22739	23638	900	-1	0.671	11	None	GENOMAD.133355.CP	9.66e-09	59	0	0	0	1	NA	NA	NA	PF03466;PF00126;TIGR03298;K17737;COG0583	transcriptional regulator, ArgP family
JBHJCM010000015.1_21	23880	25649	1770	-1	0.684	11	GGA/GAG/AGG	NA	NA	NA	0	0	0	1	NA	NA	NA	NA	NA
JBHJCM010000015.1_22	25646	26248	603	-1	0.662	11	None	NA	NA	NA	0	0	0	1	NA	NA	NA	NA	NA
JBHJCM010000015.1_23	26516	27109	594	-1	0.621	11	None	NA	NA	NA	0	0	0	1	NA	NA	NA	NA	NA
JBHJCM010000015.1_24	27323	28765	1443	-1	0.654	11	GGA/GAG/AGG	NA	NA	NA	0	0	0	1	NA	NA	NA	NA	NA
JBHJCM010000015.1_25	28877	30091	1215	-1	0.648	11	AGGA	GENOMAD.116686.CP	7.897e-49	183	0	0	0	1	NA	NA	NA	PF00198;K09699;TIGR01349;COG0508	pyruvate dehydrogenase complex dihydrolipoamide acetyltransferase, long form
JBHJCM010000015.1_26	30134	32962	2829	-1	0.649	11	None	GENOMAD.123911.CP	1.455e-162	539	0	0	0	1	NA	NA	NA	PF16078;K00164;TIGR00239;COG0567	2-oxoglutarate dehydrogenase, E1 component
JBHJCM010000015.1_27	33143	34072	930	-1	0.719	11	None	GENOMAD.007571.CC	2.057e-16	83	0	0	0	1	NA	NA	NA	PF17941	NA
JBHJCM010000015.1_28	34069	35556	1488	-1	0.686	11	AGGA	GENOMAD.169221.CP	4.719e-246	760	0	0	0	1	NA	NA	NA	PF08007;K18850;COG2850;TIGR03037	Ribosomal protein L16 Arg81 hydroxylase, contains JmjC domain
JBHJCM010000015.1_29	35802	36302	501	-1	0.635	11	AGGAG	NA	NA	NA	0	0	0	1	NA	NA	NA	NA	NA
JBHJCM010000015.1_30	36546	37913	1368	-1	0.665	11	None	GENOMAD.142401.VC	2.653e-99	333	0	0	0	1246	Caudoviricetes	NA	NA	PF08328	Adenylosuccinate lyase C-terminal
JBHJCM010000015.1_31	38078	39061	984	1	0.686	11	GGA/GAG/AGG	NA	NA	NA	0	0	0	1	NA	NA	NA	NA	NA
JBHJCM010000015.1_32	39072	40394	1323	-1	0.653	11	GGAGG	NA	NA	NA	0	0	0	1	NA	NA	NA	NA	NA
JBHJCM010000015.1_33	40678	42081	1404	1	0.640	11	GGAG/GAGG	NA	NA	NA	0	0	0	1	NA	NA	NA	NA	NA
JBHJCM010000015.1_34	42211	42660	450	-1	0.622	11	GGA/GAG/AGG	NA	NA	NA	0	0	0	1	NA	NA	NA	NA	NA
JBHJCM010000015.1_35	43000	43530	531	-1	0.642	11	GGA/GAG/AGG	NA	NA	NA	0	0	0	1	NA	NA	NA	NA	NA
JBHJCM010000015.1_36	43565	44383	819	-1	0.647	11	GGAG/GAGG	NA	NA	NA	0	0	0	1	NA	NA	NA	NA	NA
JBHJCM010000015.1_37	44394	45380	987	-1	0.662	11	GGA/GAG/AGG	GENOMAD.019618.CC	1e-58	209	0	0	0	1	NA	NA	NA	PF12679;TIGR03518;COG1277	ABC-2 family transporter protein
JBHJCM010000015.1_38	45377	46252	876	-1	0.634	11	GGA/GAG/AGG	NA	NA	NA	0	0	0	1	NA	NA	NA	NA	NA
JBHJCM010000015.1_39	46249	46611	363	-1	0.609	11	GGAG/GAGG	NA	NA	NA	0	0	0	1	NA	NA	NA	NA	NA
JBHJCM010000015.1_40	46614	46862	249	-1	0.643	11	GGA/GAG/AGG	NA	NA	NA	0	0	0	1	NA	NA	NA	NA	NA
JBHJCM010000015.1_41	46995	47552	558	1	0.599	11	GGA/GAG/AGG	NA	NA	NA	0	0	0	1	NA	NA	NA	NA	NA
JBHJCM010000015.1_42	47638	48609	972	1	0.634	11	GGA/GAG/AGG	GENOMAD.101229.CV	0.0001387	46	0	0	0	1	NA	NA	NA	PF18023;K09577;COG1047	BDBT FKBP like N-terminal
JBHJCM010000015.1_43	49354	49983	630	1	0.625	11	None	GENOMAD.189983.VC	0.0004733	43	0	0	0	11688	Kyanoviridae	NA	NA	PF00984;PF03720	UDP-glucose/GDP-mannose dehydrogenase family, central domain; UDP-glucose/GDP-mannose dehydrogenase family, UDP binding domain
JBHJCM010000015.1_44	49976	50212	237	1	0.612	11	AGGA/GGAG/GAGG	GENOMAD.020705.CC	1.223e-30	115	0	0	0	1	NA	NA	NA	PF04102;COG2900	Uncharacterized coiled-coil protein SlyX (sensitive to lysis X)
JBHJCM010000015.1_45	50231	50965	735	1	0.657	11	None	GENOMAD.161593.CP	1.374e-33	132	0	0	0	1	NA	NA	NA	K09912;COG3122	Uncharacterized conserved protein YaiL, DUF2058 family
JBHJCM010000015.1_46	51239	52141	903	1	0.650	11	None	GENOMAD.029943.CC	2.003e-21	98	0	0	0	1	NA	NA	NA	PF19089;COG4313;K20326	Membrane bound beta barrel domain (DUF5777)
JBHJCM010000015.1_47	52322	53455	1134	1	0.675	11	GGA/GAG/AGG	NA	NA	NA	0	0	0	1	NA	NA	NA	NA	NA
JBHJCM010000015.1_48	53469	54779	1311	1	0.628	11	GGA/GAG/AGG	GENOMAD.153188.CP	2.277e-08	59	0	0	0	1	NA	NA	NA	PF00083;K02429;TIGR00885;COG0738	L-fucose:H+ symporter permease
JBHJCM010000015.1_49	54776	55762	987	1	0.651	11	GGAGG	NA	NA	NA	0	0	0	1	NA	NA	NA	NA	NA
JBHJCM010000015.1_50	55759	56964	1206	1	0.605	11	AGGA	GENOMAD.191266.CP	8.468e-43	165	0	0	0	1	NA	NA	NA	PF07221;K18479;COG2942	N-acylglucosamine 2-epimerase (GlcNAc 2-epimerase)
JBHJCM010000015.1_51	57105	59858	2754	-1	0.625	11	GGA/GAG/AGG	NA	NA	NA	0	0	0	1	NA	NA	NA	NA	NA
JBHJCM010000015.1_52	60025	61155	1131	-1	0.640	11	GGAG/GAGG	NA	NA	NA	0	0	0	1	NA	NA	NA	NA	NA
JBHJCM010000015.1_53	61152	62147	996	-1	0.674	11	GGA/GAG/AGG	GENOMAD.109687.CP	7.089e-05	47	0	0	0	1	NA	NA	NA	PF06859;TIGR01934;COG4627;K24451	ubiquinone/menaquinone biosynthesis methyltransferases
JBHJCM010000015.1_54	62236	63417	1182	1	0.630	11	None	NA	NA	NA	0	0	0	1	NA	NA	NA	NA	NA
JBHJCM010000015.1_55	63853	65376	1524	1	0.659	11	None	NA	NA	NA	0	0	0	1	NA	NA	NA	NA	NA
JBHJCM010000015.1_56	66023	68449	2427	1	0.646	11	AGxAG	GENOMAD.154275.VC	4.466e-28	125	0	0	0	1246	Caudoviricetes	NA	NA	PF00773;K12573;TIGR02063;COG0557	ribonuclease R
JBHJCM010000015.1_57	68723	69196	474	1	0.624	11	GGAG/GAGG	NA	NA	NA	0	0	0	1	NA	NA	NA	NA	NA
JBHJCM010000015.1_58	69505	70254	750	1	0.673	11	None	NA	NA	NA	0	0	0	1	NA	NA	NA	NA	NA
JBHJCM010000015.1_59	70519	73554	3036	1	0.667	11	None	GENOMAD.140631.CP	0.0001691	48	0	0	0	1	NA	NA	NA	PF19193;K19693;COG3292	Periplasmic ligand-binding sensor domain
JBHJCM010000015.1_60	73787	74422	636	-1	0.643	11	GGA/GAG/AGG	NA	NA	NA	0	0	0	1	NA	NA	NA	NA	NA
JBHJCM010000015.1_61	74686	75093	408	-1	0.650	11	AGGAG	GENOMAD.225035.PV	5.515e-16	76	0	0	0	1246	Caudoviricetes	NA	NA	PF11776	Nickel/cobalt transporter regulator
JBHJCM010000015.1_62	75204	75914	711	-1	0.633	11	GGA/GAG/AGG	NA	NA	NA	0	0	0	1	NA	NA	NA	NA	NA
JBHJCM010000015.1_63	76043	76873	831	-1	0.614	11	GGA/GAG/AGG	NA	NA	NA	0	0	0	1	NA	NA	NA	NA	NA
JBHJCM010000015.1_64	76896	77765	870	-1	0.637	11	GGAGG	NA	NA	NA	0	0	0	1	NA	NA	NA	NA	NA
JBHJCM010000015.1_65	77765	78739	975	-1	0.632	11	GGA/GAG/AGG	NA	NA	NA	0	0	0	1	NA	NA	NA	NA	NA
JBHJCM010000015.1_66	78852	79943	1092	-1	0.656	11	GGAG/GAGG	NA	NA	NA	0	0	0	1	NA	NA	NA	NA	NA
JBHJCM010000015.1_67	80292	81311	1020	-1	0.634	11	AGGAG	NA	NA	NA	0	0	0	1	NA	NA	NA	NA	NA
JBHJCM010000015.1_68	81502	82752	1251	-1	0.630	11	GGA/GAG/AGG	GENOMAD.177447.CP	1.76e-07	56	0	0	0	1246	Caudoviricetes	NA	NA	PF07396;PF05736;K07221;COG3746	Phosphate-selective porin O and P; OprF membrane domain
JBHJCM010000015.1_69	83525	84205	681	1	0.634	11	GGAG/GAGG	NA	NA	NA	0	0	0	1	NA	NA	NA	NA	NA
JBHJCM010000015.1_70	84217	85785	1569	1	0.646	11	GGAG/GAGG	NA	NA	NA	0	0	0	1	NA	NA	NA	NA	NA
JBHJCM010000015.1_71	85985	86695	711	-1	0.627	11	GGAG/GAGG	NA	NA	NA	0	0	0	1	NA	NA	NA	NA	NA
JBHJCM010000015.1_72	86692	87072	381	-1	0.722	11	None	NA	NA	NA	0	0	0	1	NA	NA	NA	NA	NA
JBHJCM010000015.1_73	87080	87862	783	-1	0.648	11	GGA/GAG/AGG	NA	NA	NA	0	0	0	1	NA	NA	NA	NA	NA
JBHJCM010000015.1_74	88026	88724	699	1	0.647	11	GGAG/GAGG	NA	NA	NA	0	0	0	1	NA	NA	NA	NA	NA
JBHJCM010000015.1_75	88837	89640	804	1	0.667	11	AGGA	GENOMAD.119501.CP	2.079e-20	94	0	0	0	1	NA	NA	NA	PF00293;K18568;COG4119;TIGR00586	Predicted NTP pyrophosphohydrolase, NUDIX family
JBHJCM010000015.1_76	89637	90509	873	1	0.699	11	GGAG/GAGG	GENOMAD.127438.CP	3.424e-24	106	0	0	0	1	NA	NA	NA	PF00581;K01011;COG2897;TIGR03167	3-mercaptopyruvate sulfurtransferase SseA, contains two rhodanese domains
JBHJCM010000015.1_77	90598	91551	954	1	0.674	11	None	GENOMAD.157843.CP	6.232e-28	118	0	0	0	1	NA	NA	NA	PF07920;COG3358;K09164	Uncharacterized conserved protein, DUF1684 family
JBHJCM010000015.1_78	91771	92346	576	-1	0.648	11	None	NA	NA	NA	0	0	0	1	NA	NA	NA	NA	NA
JBHJCM010000015.1_79	92370	92861	492	1	0.665	11	None	NA	NA	NA	0	0	0	1	NA	NA	NA	NA	NA
JBHJCM010000015.1_80	92858	93385	528	1	0.691	11	None	NA	NA	NA	0	0	0	1	NA	NA	NA	NA	NA
JBHJCM010000015.1_81	93426	93932	507	1	0.694	11	None	GENOMAD.132266.CP	1.176e-05	47	0	0	0	1	NA	NA	NF000138	PF13527;K00619;COG3818;TIGR02382	Predicted acetyltransferase, GNAT superfamily
JBHJCM010000015.1_82	94378	94743	366	1	0.730	11	GGA/GAG/AGG	NA	NA	NA	0	0	0	1	NA	NA	NA	NA	NA
JBHJCM010000015.1_83	94910	97045	2136	1	0.673	11	None	NA	NA	NA	0	0	0	1	NA	NA	NA	NA	NA
JBHJCM010000015.1_84	97266	98042	777	1	0.664	11	GGAG/GAGG	NA	NA	NA	0	0	0	1	NA	NA	NA	NA	NA
JBHJCM010000015.1_85	98210	99175	966	1	0.664	11	None	NA	NA	NA	0	0	0	1	NA	NA	NA	NA	NA
JBHJCM010000015.1_86	99257	99823	567	-1	0.677	11	GGA/GAG/AGG	NA	NA	NA	0	0	0	1	NA	NA	NA	NA	NA
JBHJCM010000015.1_87	99948	100634	687	-1	0.606	11	None	GENOMAD.112814.CP	3.382e-55	194	0	0	0	1	NA	NA	NA	PF09365;COG5587;TIGR02453	Uncharacterized conserved protein, DUF2461 family
JBHJCM010000015.1_88	100631	102076	1446	-1	0.651	11	GGA/GAG/AGG	GENOMAD.167110.CP	1.272e-88	303	0	0	0	1246	Caudoviricetes	NA	NA	PF08411	Exonuclease C-terminal
JBHJCM010000015.1_89	102335	103702	1368	-1	0.667	11	GGA/GAG/AGG	GENOMAD.169108.CP	4.407e-30	128	0	0	0	1	NA	NA	NA	NA	NA
JBHJCM010000015.1_90	103874	105145	1272	-1	0.692	11	GGA/GAG/AGG	GENOMAD.138019.CP	2.758e-124	404	0	0	0	1	NA	NA	NA	PF00266;TIGR01814;COG3844;K11325	kynureninase
JBHJCM010000015.1_91	105179	107308	2130	-1	0.697	11	None	GENOMAD.151639.CP	1.367e-186	599	0	0	0	1	NA	NA	NA	COG1289;K15547	Uncharacterized membrane protein YccC
JBHJCM010000015.1_92	107372	107902	531	-1	0.631	11	GGAG/GAGG	NA	NA	NA	0	0	0	1	NA	NA	NA	NA	NA
JBHJCM010000015.1_93	107989	108651	663	-1	0.630	11	GGA/GAG/AGG	NA	NA	NA	0	0	0	1	NA	NA	NA	NA	NA
JBHJCM010000015.1_94	108807	109343	537	1	0.631	11	GGA/GAG/AGG	NA	NA	NA	0	0	0	1	NA	NA	NA	NA	NA
JBHJCM010000015.1_95	109386	109916	531	1	0.606	11	GGA/GAG/AGG	GENOMAD.140619.VV	2.261e-70	235	0	0	0	1	NA	NA	NA	PF11655	NA
JBHJCM010000015.1_96	109968	110585	618	1	0.615	11	AGGAG	GENOMAD.167032.VC	2.241e-16	80	0	0	0	1246	Caudoviricetes	NA	NA	PF11655	NA
JBHJCM010000015.1_97	110632	110892	261	1	0.579	11	GGA/GAG/AGG	NA	NA	NA	0	0	0	1	NA	NA	NA	NA	NA
JBHJCM010000015.1_98	110893	111366	474	1	0.637	11	GGAGG	NA	NA	NA	0	0	0	1	NA	NA	NA	NA	NA
JBHJCM010000015.1_99	111586	112329	744	1	0.659	11	GGAG/GAGG	NA	NA	NA	0	0	0	1	NA	NA	NA	NA	NA
JBHJCM010000015.1_100	112369	113367	999	1	0.659	11	AGGA	NA	NA	NA	0	0	0	1	NA	NA	NA	NA	NA
JBHJCM010000015.1_101	113743	114453	711	1	0.596	11	GGAG/GAGG	NA	NA	NA	0	0	0	1	NA	NA	NA	NA	NA
JBHJCM010000015.1_102	114790	115425	636	-1	0.642	11	None	NA	NA	NA	0	0	0	1	NA	NA	NA	NA	NA
JBHJCM010000015.1_103	115427	115753	327	-1	0.661	11	GGA/GAG/AGG	NA	NA	NA	0	0	0	1	NA	NA	NA	NA	NA
JBHJCM010000015.1_104	115750	116055	306	-1	0.647	11	GGxGG	NA	NA	NA	0	0	0	1	NA	NA	NA	NA	NA
JBHJCM010000015.1_105	116052	116309	258	-1	0.705	11	GGAG/GAGG	NA	NA	NA	0	0	0	1	NA	NA	NA	NA	NA
JBHJCM010000015.1_106	116311	117705	1395	-1	0.627	11	GGAG/GAGG	NA	NA	NA	0	0	0	1	NA	NA	NA	NA	NA
JBHJCM010000015.1_107	117910	118248	339	1	0.684	11	GGAG/GAGG	NA	NA	NA	0	0	0	1	NA	NA	NA	NA	NA
JBHJCM010000015.1_108	118655	119086	432	1	0.625	11	GGA/GAG/AGG	NA	NA	NA	0	0	0	1	NA	NA	NA	NA	NA
JBHJCM010000015.1_109	119098	119328	231	1	0.589	11	AGGAG	GENOMAD.022295.CC	7.611e-27	104	1	0	0	1	NA	NA	NA	PF01084;COG0238;TIGR00165	Ribosomal protein S18
JBHJCM010000015.1_110	119516	119965	450	1	0.631	11	GGAG/GAGG	GENOMAD.080915.CV	6.064e-21	91	1	0	0	1	NA	NA	NA	PF03948;PF01281;TIGR00158;COG0359;K02939	ribosomal protein L9
JBHJCM010000015.1_111	120175	123678	3504	1	0.658	11	None	NA	NA	NA	0	0	0	1	NA	NA	NA	NA	NA
JBHJCM010000015.1_112	123735	124466	732	1	0.648	11	GGAGG	GENOMAD.111153.CP	5.226e-102	330	0	0	0	1	NA	NA	NA	PF04354	ZipA, C-terminal FtsZ-binding domain
JBHJCM010000015.1_113	124473	124856	384	1	0.646	11	GGA/GAG/AGG	NA	NA	NA	0	0	0	1	NA	NA	NA	NA	NA
JBHJCM010000015.1_114	125034	126170	1137	-1	0.693	11	None	NA	NA	NA	0	0	0	1	NA	NA	NA	NA	NA
JBHJCM010000015.1_115	126500	129001	2502	1	0.668	11	None	NA	NA	NA	0	0	0	1	NA	NA	NA	NA	NA
JBHJCM010000015.1_116	128998	129960	963	1	0.660	11	None	NA	NA	NA	0	0	0	1	NA	NA	NA	NA	NA
JBHJCM010000015.1_117	130069	130755	687	1	0.684	11	GGAG/GAGG	GENOMAD.207981.CP	8.348e-124	392	0	0	0	1	NA	NA	NA	PF11218	NA
JBHJCM010000015.1_118	130954	132018	1065	1	0.690	11	None	GENOMAD.116589.CP	5.054e-59	211	0	0	0	1	NA	NA	NA	NA	NA
JBHJCM010000015.1_119	132228	134930	2703	1	0.636	11	GGA/GAG/AGG	GENOMAD.026404.VV	7.253e-49	193	0	0	0	1246	Caudoviricetes	NA	NA	PF00521;PF00986;K02469;TIGR01063;COG0188	DNA gyrase, A subunit
JBHJCM010000015.1_120	135155	137623	2469	1	0.655	11	GGAG/GAGG	GENOMAD.179037.PC	1.35e-18	94	0	0	0	1	NA	NA	NA	K05358;COG4993;TIGR03074	Glucose dehydrogenase
JBHJCM010000015.1_121	138005	138733	729	-1	0.653	11	GGAG/GAGG	GENOMAD.053871.PP	1.158e-135	427	0	0	0	1	NA	NA	NA	NA	NA
JBHJCM010000015.1_122	139002	140669	1668	-1	0.667	11	AGGA	NA	NA	NA	0	0	0	1	NA	NA	NA	NA	NA
JBHJCM010000015.1_123	140686	141543	858	-1	0.672	11	GGAG/GAGG	GENOMAD.159525.PC	2.312e-96	316	0	0	0	1	NA	NA	NA	PF05013;K01458;COG3741;TIGR02017	N-formylglutamate amidohydrolase
JBHJCM010000015.1_124	141725	143266	1542	-1	0.682	11	GGAG/GAGG	NA	NA	NA	0	0	0	1	NA	NA	NA	NA	NA
JBHJCM010000015.1_125	143280	144485	1206	-1	0.682	11	GGA/GAG/AGG	NA	NA	NA	0	0	0	1	NA	NA	NA	NA	NA
JBHJCM010000015.1_126	144546	145916	1371	1	0.678	11	GGAG/GAGG	GENOMAD.142656.PP	0.0002438	46	0	0	0	1	NA	NA	NA	PF22429	Formimidoylglutamate deiminase HutF, N-terminal domain
JBHJCM010000015.1_127	146233	146970	738	1	0.675	11	GGAG/GAGG	NA	NA	NA	0	0	0	1	NA	NA	NA	NA	NA
JBHJCM010000015.1_128	147153	148151	999	-1	0.695	11	None	GENOMAD.209518.PC	5.509e-189	586	0	0	0	1	NA	NA	NA	COG1787	Endonuclease, HJR/Mrr/RecB family
JBHJCM010000015.1_129	148691	149251	561	-1	0.677	11	AGGAG	GENOMAD.012092.CC	4.092e-33	128	0	0	0	1	NA	NA	NA	COG3937	Polyhydroxyalkanoate synthesis regulator phasin
JBHJCM010000015.1_130	149414	149689	276	-1	0.641	11	None	GENOMAD.016982.CC	1.636e-18	81	0	0	0	1	NA	NA	NA	PF09650;TIGR02610	putative polyhydroxyalkanoic acid system protein
JBHJCM010000015.1_131	149886	150734	849	1	0.686	11	None	GENOMAD.117073.CP	2.877e-18	88	0	0	0	1	NA	NA	NA	PF00498;PF09480;K21397;TIGR03354;COG3456	type VI secretion system FHA domain protein
JBHJCM010000015.1_132	150676	151332	657	-1	0.656	11	GGA/GAG/AGG	GENOMAD.153317.CP	4.992e-55	193	0	0	0	1	NA	NA	NA	PF01794;K17247;COG2717	Periplasmic DMSO/TMAO reductase YedYZ, heme-binding membrane subunit
JBHJCM010000015.1_133	151458	152426	969	-1	0.637	11	GGAG/GAGG	GENOMAD.145686.CP	1.79e-69	240	0	0	0	1	NA	NA	NA	NA	NA
JBHJCM010000015.1_134	152603	153688	1086	1	0.649	11	GGA/GAG/AGG	NA	NA	NA	0	0	0	1	NA	NA	NA	NA	NA
JBHJCM010000015.1_135	153773	154981	1209	1	0.621	11	AGGA	GENOMAD.100028.CP	4.007e-43	166	0	0	0	1	NA	NA	NA	PF00800;K04518;COG0077;TIGR01268	Prephenate dehydratase
JBHJCM010000015.1_136	155105	156427	1323	1	0.673	11	GGA/GAG/AGG	NA	NA	NA	0	0	0	1	NA	NA	NA	NA	NA
JBHJCM010000015.1_137	156566	157144	579	-1	0.691	11	AGGAG	GENOMAD.136404.CP	1.138e-32	127	0	0	0	1	NA	NA	NA	PF03544;TIGR01352	TonB family C-terminal domain
JBHJCM010000015.1_138	157392	158063	672	-1	0.725	11	GGA/GAG/AGG	GENOMAD.136404.CP	1.655e-16	81	0	0	0	1	NA	NA	NA	PF03544;TIGR01352	TonB family C-terminal domain
JBHJCM010000015.1_139	158175	159455	1281	1	0.633	11	None	NA	NA	NA	0	0	0	1	NA	NA	NA	NA	NA
JBHJCM010000015.1_140	159777	160361	585	-1	0.660	11	GGA/GAG/AGG	GENOMAD.153566.CP	2.02e-09	59	0	0	0	1	NA	NA	NA	PF02525;K01118;COG1182;TIGR02690	Flavodoxin-like fold
JBHJCM010000015.1_141	160477	161478	1002	1	0.665	11	GGA/GAG/AGG	NA	NA	NA	0	0	0	1	NA	NA	NA	NA	NA
JBHJCM010000015.1_142	162024	163331	1308	1	0.568	11	GGA/GAG/AGG	NA	NA	NA	0	0	0	1	NA	NA	NA	NA	NA
JBHJCM010000016.1_1	133	609	477	-1	0.600	11	GGAGG	NA	NA	NA	0	0	0	1	NA	NA	NA	NA	NA
JBHJCM010000016.1_2	673	1242	570	-1	0.621	11	None	GENOMAD.137861.CP	0.0001692	44	0	0	0	1	NA	NA	NA	PF13022;K18905;TIGR03968;COG3226	mycofactocin system transcriptional regulator
JBHJCM010000016.1_3	1359	1931	573	-1	0.686	11	GGA/GAG/AGG	GENOMAD.160458.PC	3.722e-26	108	0	0	0	1	NA	NA	NA	PF00440;PF08362;K20325;TIGR03613;COG3226	pyrimidine utilization regulatory protein R
JBHJCM010000016.1_4	2015	2755	741	1	0.668	11	AGGA	NA	NA	NA	0	0	0	1	NA	NA	NA	NA	NA
JBHJCM010000016.1_5	3121	4173	1053	-1	0.582	11	AGGA/GGAG/GAGG	NA	NA	NA	0	0	0	1	NA	NA	NA	NA	NA
JBHJCM010000016.1_6	4205	4537	333	1	0.589	11	GGAG/GAGG	GENOMAD.112646.PP	7.5e-27	106	0	0	0	1	NA	B_traH	NA	PF12992;TIGR03066;COG4939	Gemmata obscuriglobus paralogous family TIGR03066
JBHJCM010000016.1_7	4873	6798	1926	1	0.681	11	GGAG/GAGG	GENOMAD.124001.CP	9.799e-256	796	0	0	0	1	NA	NA	NA	PF17899;PF01433;PF19805;COG3975;TIGR02411;K01254	Predicted metalloprotease, contains C-terminal PDZ domain
JBHJCM010000016.1_8	6947	7045	99	1	0.525	11	GGAG/GAGG	GENOMAD.189581.CP	0.0001041	38	0	0	0	1	NA	NA	NA	NA	NA
JBHJCM010000016.1_9	7148	8542	1395	-1	0.692	11	GGAG/GAGG	NA	NA	NA	0	0	0	1	NA	NA	NA	NA	NA
JBHJCM010000016.1_10	8856	9146	291	-1	0.660	11	GGAG/GAGG	NA	NA	NA	0	0	0	1	NA	NA	NA	NA	NA
JBHJCM010000016.1_11	9164	9340	177	-1	0.616	11	None	NA	NA	NA	0	0	0	1	NA	NA	NA	NA	NA
JBHJCM010000016.1_12	9501	11981	2481	-1	0.737	11	GGA/GAG/AGG	NA	NA	NA	0	0	0	1	NA	NA	NA	NA	NA
JBHJCM010000016.1_13	12079	16131	4053	-1	0.699	11	AGGAG	NA	NA	NA	0	0	0	1	NA	NA	NA	NA	NA
JBHJCM010000016.1_14	16128	19541	3414	-1	0.697	11	None	GENOMAD.147962.CP	0.0	1725	0	0	0	1	NA	NA	NA	PF04257;PF17946;PF13361;K03583;COG1330;TIGR01450	Exonuclease V gamma subunit
JBHJCM010000016.1_15	19895	24703	4809	-1	0.678	11	GGA/GAG/AGG	GENOMAD.088220.VV	5.444e-07	57	0	0	0	1246	Caudoviricetes	NA	NA	NA	NA
JBHJCM010000016.1_16	24969	25514	546	1	0.637	11	GGAG/GAGG	NA	NA	NA	0	0	0	1	NA	NA	NA	NA	NA
JBHJCM010000016.1_17	25582	26109	528	1	0.648	11	AGGA	GENOMAD.140351.VV	6.298e-07	51	0	0	1	1246	Caudoviricetes	NA	NA	COG4675	Microcystin-dependent protein  (function unknown)
JBHJCM010000016.1_18	26170	26706	537	1	0.629	11	GGAGG	GENOMAD.152240.VV	3.079e-05	46	0	0	1	1246	Caudoviricetes	NA	NA	COG4675	Microcystin-dependent protein  (function unknown)
JBHJCM010000016.1_19	26711	27268	558	1	0.647	11	None	NA	NA	NA	0	0	0	1	NA	NA	NA	NA	NA
JBHJCM010000016.1_20	27287	27574	288	-1	0.615	11	AGGA	GENOMAD.214699.PC	2.914e-53	181	0	0	0	1	NA	NA	NA	PF21880	NA
JBHJCM010000016.1_21	27957	28751	795	1	0.698	11	GGA/GAG/AGG	NA	NA	NA	0	0	0	1	NA	NA	NA	NA	NA
JBHJCM010000016.1_22	28751	29500	750	1	0.652	11	GGAG/GAGG	GENOMAD.124229.CP	2.901e-12	69	0	0	0	1	NA	NA	NA	COG0767	ABC-type transporter Mla maintaining outer membrane lipid asymmetry, permease component MlaE
JBHJCM010000016.1_23	29512	30057	546	1	0.656	11	GGA/GAG/AGG	GENOMAD.123377.CP	3.373e-33	128	0	0	0	1	NA	NA	NA	PF02470;TIGR04430;COG1463;K02067	outer membrane lipid asymmetry maintenance protein MlaD
JBHJCM010000016.1_24	30054	30716	663	1	0.662	11	GGA/GAG/AGG	GENOMAD.111169.CP	6.057e-21	94	0	0	0	1	NA	NA	NA	PF05494;COG2854;K07323;TIGR03481	ABC-type transporter Mla maintaining outer membrane lipid asymmetry, periplasmic MlaC component
JBHJCM010000016.1_25	30706	30996	291	1	0.694	11	None	GENOMAD.016077.CC	4.399e-26	103	0	0	0	1	NA	NA	NA	PF13466;K07122;COG5439;TIGR00377	anti-anti-sigma factor
JBHJCM010000016.1_26	31007	32062	1056	1	0.692	11	GGA/GAG/AGG	NA	NA	NA	0	0	0	1	NA	NA	NA	NA	NA
JBHJCM010000016.1_27	32202	32687	486	-1	0.578	11	GGA/GAG/AGG	GENOMAD.192563.CP	3.665e-12	66	0	0	0	1	NA	NA	NA	PF12707;COG4994;TIGR02246;K18243	conserved hypothetical protein
JBHJCM010000016.1_28	32746	33297	552	-1	0.661	11	AGGA	NA	NA	NA	0	0	0	1	NA	NA	NA	NA	NA
JBHJCM010000016.1_29	33451	33828	378	-1	0.698	11	GGA/GAG/AGG	NA	NA	NA	0	0	0	1	NA	NA	NA	NA	NA
JBHJCM010000016.1_30	34044	35624	1581	-1	0.657	11	None	NA	NA	NA	0	0	0	1	NA	NA	NA	NA	NA
JBHJCM010000016.1_31	35761	36768	1008	-1	0.708	11	None	NA	NA	NA	0	0	0	1	NA	NA	NA	NA	NA
JBHJCM010000016.1_32	36864	37796	933	1	0.710	11	GGAG/GAGG	NA	NA	NA	0	0	0	1	NA	NA	NA	NA	NA
JBHJCM010000016.1_33	38133	38363	231	1	0.680	11	None	NA	NA	NA	0	0	0	1	NA	NA	NA	NA	NA
JBHJCM010000016.1_34	38524	39144	621	1	0.646	11	GGAG/GAGG	NA	NA	NA	0	0	0	1	NA	NA	NA	NA	NA
JBHJCM010000016.1_35	39264	39644	381	1	0.633	11	GGA/GAG/AGG	NA	NA	NA	0	0	0	1	NA	NA	NA	NA	NA
JBHJCM010000016.1_36	39860	41275	1416	1	0.657	11	GGAG/GAGG	NA	NA	NA	0	0	0	1	NA	NA	NA	NA	NA
JBHJCM010000016.1_37	41365	43839	2475	-1	0.662	11	GGA/GAG/AGG	GENOMAD.146392.CP	4.182e-220	702	0	0	0	1	NA	NA	NA	PF07971;PF17678;TIGR01180;COG3537	alpha-1,2-mannosidase, putative
JBHJCM010000016.1_38	44070	47003	2934	-1	0.679	11	GGA/GAG/AGG	GENOMAD.177318.PC	1.396e-10	68	0	0	0	1	NA	NA	NA	NA	NA
JBHJCM010000016.1_39	47670	48059	390	-1	0.610	11	GGA/GAG/AGG	GENOMAD.205179.PC	2.672e-46	163	0	0	0	1	NA	NA	NA	PF10947	NA
JBHJCM010000016.1_40	48171	49919	1749	-1	0.686	11	GGA/GAG/AGG	NA	NA	NA	0	0	0	1	NA	NA	NA	NA	NA
JBHJCM010000016.1_41	50032	51222	1191	-1	0.706	11	None	GENOMAD.169207.CP	1.723e-36	146	0	0	0	1	NA	NA	NA	PF05651;K02647;COG3835	Putative sugar diacid recognition
JBHJCM010000016.1_42	51455	52624	1170	-1	0.732	11	GGA/GAG/AGG	NA	NA	NA	0	0	0	1	NA	NA	NA	NA	NA
JBHJCM010000016.1_43	52650	53960	1311	-1	0.680	11	GGAG/GAGG	NA	NA	NA	0	0	0	1	NA	NA	NA	NA	NA
JBHJCM010000016.1_44	54430	55683	1254	-1	0.664	11	GGA/GAG/AGG	NA	NA	NA	0	0	0	1	NA	NA	NA	NA	NA
JBHJCM010000016.1_45	55964	56284	321	-1	0.657	11	AGGAG	NA	NA	NA	0	0	0	1	NA	NA	NA	NA	NA
JBHJCM010000016.1_46	56403	57569	1167	-1	0.644	11	GGA/GAG/AGG	GENOMAD.086164.CV	3.035e-60	216	0	0	0	1246	Caudoviricetes	NA	NA	PF10672;PF17785;K06969;COG1092;TIGR00095	23S rRNA G2069 N7-methylase RlmK or C1962 C5-methylase RlmI
JBHJCM010000016.1_47	57675	58790	1116	1	0.634	11	GGA/GAG/AGG	NA	NA	NA	0	0	0	1	NA	NA	NA	NA	NA
JBHJCM010000016.1_48	59218	60006	789	1	0.703	11	None	GENOMAD.137825.CP	0.0008004	43	0	0	0	1	NA	NA	NA	PF20401;K19225;TIGR04239;COG0705	rhomboid family protease GlpG
JBHJCM010000016.1_49	60119	61216	1098	-1	0.645	11	GGAG/GAGG	NA	NA	NA	0	0	0	1	NA	NA	NA	NA	NA
JBHJCM010000016.1_50	61457	62815	1359	-1	0.627	11	GGA/GAG/AGG	GENOMAD.182879.CP	2.467e-54	201	0	0	0	1	NA	NA	NA	COG4773;K16091	Outer membrane receptor for ferric coprogen and ferric-rhodotorulic acid
JBHJCM010000016.1_51	62825	63757	933	-1	0.646	11	None	GENOMAD.182879.CP	1.151e-46	173	0	0	0	1	NA	NA	NA	COG4773;K16091	Outer membrane receptor for ferric coprogen and ferric-rhodotorulic acid
JBHJCM010000016.1_52	63950	64807	858	1	0.683	11	GGAG/GAGG	NA	NA	NA	0	0	0	1	NA	NA	NA	NA	NA
JBHJCM010000016.1_53	64971	66311	1341	-1	0.659	11	GGA/GAG/AGG	NA	NA	NA	0	0	0	1	NA	NA	NA	NA	NA
JBHJCM010000016.1_54	66468	69170	2703	-1	0.640	11	AGGA	GENOMAD.158306.CP	9.357e-13	75	0	0	0	1	NA	NA	NA	PF01650;PF10633;COG4249	Uncharacterized protein, contains caspase domain
JBHJCM010000016.1_55	69256	70980	1725	-1	0.663	11	GGA/GAG/AGG	GENOMAD.074816.CV	6.82e-45	176	0	0	0	1	NA	NA	NA	PF14849;COG0706	YidC periplasmic domain
JBHJCM010000016.1_56	71006	71290	285	-1	0.681	11	None	GENOMAD.092643.CV	1.934e-33	124	0	0	0	1	NA	NA	NA	PF00825;TIGR00188;COG0594;K03536	ribonuclease P protein component, eubacterial
JBHJCM010000016.1_57	71482	71622	141	-1	0.660	11	GGAG/GAGG	GENOMAD.096109.CV	6.396e-15	68	0	0	0	1	NA	NA	NA	PF00468;COG0230;TIGR01030	Ribosomal protein L34
JBHJCM010000016.1_58	71865	73193	1329	1	0.663	11	None	GENOMAD.161908.VC	0.0002328	46	0	0	0	1246	Caudoviricetes	NA	NA	PF08299	Bacterial dnaA protein helix-turn-helix
JBHJCM010000016.1_59	73470	74570	1101	1	0.632	11	GGA/GAG/AGG	NA	NA	NA	0	0	0	1	NA	NA	NA	NA	NA
JBHJCM010000016.1_60	75614	76720	1107	1	0.665	11	GGA/GAG/AGG	GENOMAD.095931.CV	3.884e-58	209	0	0	0	1	NA	NA	NA	PF11398;K03629;TIGR00611;COG1195	recF protein
JBHJCM010000016.1_61	76835	79279	2445	1	0.648	11	None	GENOMAD.138195.VC	9.547e-32	137	0	0	0	1246	Caudoviricetes	NA	NA	PF00204;K02622;TIGR01059;COG0187	DNA gyrase, B subunit
JBHJCM010000016.1_62	79348	80184	837	1	0.695	11	AGGA	GENOMAD.177178.CP	7.777e-09	59	0	0	0	1	NA	NA	NA	PF02517	Type II CAAX prenyl endopeptidase Rce1-like
JBHJCM010000016.1_63	80368	81135	768	1	0.639	11	GGA/GAG/AGG	GENOMAD.125981.CP	2.185e-06	51	0	0	0	1246	Caudoviricetes	NA	NA	PF01435;K23010;COG4784	Putative Zn-dependent protease
JBHJCM010000016.1_64	81452	82645	1194	1	0.603	11	GGAG/GAGG	GENOMAD.002725.CC	3.504e-12	71	0	0	0	1	NA	NA	NA	COG2956;K21007	Lipopolysaccharide biosynthesis regulator YciM, contains six TPR domains and a predicted metal-binding C-terminal domain
JBHJCM010000016.1_65	82799	83470	672	1	0.644	11	GGA/GAG/AGG	GENOMAD.136404.CP	7.397e-18	85	0	0	0	1	NA	NA	NA	PF03544;TIGR01352	TonB family C-terminal domain
JBHJCM010000016.1_66	83556	84317	762	1	0.646	11	GGA/GAG/AGG	NA	NA	NA	0	0	0	1	NA	NA	NA	NA	NA
JBHJCM010000016.1_67	84364	84786	423	1	0.600	11	GGAG/GAGG	GENOMAD.124417.CP	5.736e-07	50	0	0	0	1	NA	NA	NA	PF02472;K03560;TIGR02801;COG0848	TolR protein
JBHJCM010000016.1_68	84823	85203	381	1	0.598	11	GGA/GAG/AGG	GENOMAD.124417.CP	0.0009953	40	0	0	0	1	NA	NA	NA	PF02472;K03560;TIGR02801;COG0848	TolR protein
JBHJCM010000016.1_69	85450	85857	408	1	0.615	11	GGAGG	GENOMAD.124417.CP	5.252e-06	47	0	0	0	1	NA	NA	NA	PF02472;K03560;TIGR02801;COG0848	TolR protein
JBHJCM010000016.1_70	85968	86087	120	-1	0.600	11	None	NA	NA	NA	0	0	0	1	NA	NA	NA	NA	NA
JBHJCM010000016.1_71	86112	86879	768	-1	0.678	11	GGA/GAG/AGG	NA	NA	NA	0	0	0	1	NA	NA	NA	NA	NA
JBHJCM010000016.1_72	86887	87156	270	-1	0.674	11	GGAG/GAGG	NA	NA	NA	0	0	0	1	NA	NA	NA	NA	NA
JBHJCM010000016.1_73	87232	88692	1461	-1	0.667	11	None	NA	NA	NA	0	0	0	1	NA	NA	NA	NA	NA
JBHJCM010000016.1_74	88868	89794	927	1	0.542	11	None	NA	NA	NA	0	0	0	1	NA	NA	NA	NA	NA
JBHJCM010000016.1_75	90593	91720	1128	-1	0.660	11	None	GENOMAD.103333.CP	2.103e-59	213	0	0	0	1	NA	NA	NA	NA	NA
JBHJCM010000016.1_76	91928	92641	714	-1	0.637	11	GGA/GAG/AGG	GENOMAD.152228.VC	5.07e-15	77	0	0	1	11688	Kyanoviridae	NA	NA	PF03336;K07336;TIGR02408	Poxvirus C4/C10 protein
JBHJCM010000016.1_77	92903	94243	1341	-1	0.670	11	GGA/GAG/AGG	NA	NA	NA	0	0	0	1	NA	NA	NA	NA	NA
JBHJCM010000016.1_78	94462	95154	693	1	0.672	11	None	GENOMAD.151242.CP	8.159e-08	55	0	0	0	1	NA	NA	NA	COG0705	Membrane associated serine protease, rhomboid family
JBHJCM010000016.1_79	95218	95583	366	1	0.596	11	GGAG/GAGG	GENOMAD.004860.CC	1.824e-30	117	0	0	0	1	NA	NA	NA	PF08850;COG4517	NA
JBHJCM010000016.1_80	95583	96575	993	1	0.700	11	None	NA	NA	NA	0	0	0	1	NA	NA	NA	NA	NA
JBHJCM010000016.1_81	96742	98271	1530	-1	0.682	11	GGAG/GAGG	GENOMAD.195889.CP	8.43e-06	51	0	0	0	1	NA	NA	NA	PF03572;PF14684	Peptidase family S41; Tricorn protease C1 domain
JBHJCM010000016.1_82	98376	99611	1236	-1	0.676	11	None	GENOMAD.105932.CP	4.893e-09	61	0	0	0	1	NA	NA	NA	PF01333;K22719;COG4942;TIGR00830	Septal ring factor EnvC, activator of murein hydrolases AmiA and AmiB
JBHJCM010000016.1_83	99772	100428	657	1	0.651	11	GGAG/GAGG	NA	NA	NA	0	0	0	1	NA	NA	NA	NA	NA
JBHJCM010000016.1_84	100590	102386	1797	1	0.677	11	AGGAG	NA	NA	NA	0	0	0	1	NA	NA	NA	NA	NA
JBHJCM010000016.1_85	102711	103154	444	-1	0.637	11	AGGAG	NA	NA	NA	0	0	0	1	NA	NA	NA	NA	NA
JBHJCM010000016.1_86	103449	104582	1134	-1	0.623	11	AGGAG	NA	NA	NA	0	0	0	1	NA	NA	NA	NA	NA
JBHJCM010000016.1_87	105212	106264	1053	-1	0.611	11	AGGAG	NA	NA	NA	0	0	0	1	NA	NA	NA	NA	NA
JBHJCM010000016.1_88	107032	108105	1074	-1	0.626	11	AGGAG	NA	NA	NA	0	0	0	1	NA	NA	NA	NA	NA
JBHJCM010000016.1_89	108416	109474	1059	1	0.648	11	GGAG/GAGG	NA	NA	NA	0	0	0	1	NA	NA	NA	NA	NA
JBHJCM010000016.1_90	110682	112163	1482	-1	0.682	11	None	GENOMAD.114384.CP	6.397e-41	162	0	0	0	18026	Monodnaviria	NA	NA	PF14691;PF06100;TIGR01317;K00266;COG0493	glutamate synthases, NADH/NADPH, small subunit
JBHJCM010000016.1_91	112182	112373	192	1	0.609	11	GGA/GAG/AGG	NA	NA	NA	0	0	0	1	NA	NA	NA	NA	NA
JBHJCM010000016.1_92	112292	116764	4473	-1	0.682	11	GGAG/GAGG	GENOMAD.120530.CP	5.241e-86	317	0	0	0	1	NA	NA	NA	PF04898;COG0069	Glutamate synthase central domain
JBHJCM010000016.1_93	116967	117347	381	-1	0.648	11	GGAG/GAGG	GENOMAD.208772.PC	1.1e-21	92	0	1	0	1	NA	NA	NA	PF11720;PF04202;COG3895;TIGR02747	Peptidase inhibitor I78 family; Foot protein 3
JBHJCM010000016.1_94	117404	118681	1278	1	0.660	11	None	NA	NA	NA	0	0	0	1	NA	NA	NA	NA	NA
JBHJCM010000016.1_95	118898	119242	345	-1	0.696	11	GGAG/GAGG	NA	NA	NA	0	0	0	1	NA	NA	NA	NA	NA
JBHJCM010000016.1_96	119464	120858	1395	1	0.640	11	GGAG/GAGG	NA	NA	NA	0	0	0	1	NA	NA	NA	NA	NA
JBHJCM010000016.1_97	120855	121889	1035	1	0.643	11	None	NA	NA	NA	0	0	0	1	NA	NA	NA	NA	NA
JBHJCM010000016.1_98	121969	122838	870	-1	0.657	11	AGGAG	NA	NA	NA	0	0	0	1	NA	NA	NA	NA	NA
JBHJCM010000016.1_99	123003	123878	876	1	0.670	11	GGA/GAG/AGG	NA	NA	NA	0	0	0	1	NA	NA	NA	NA	NA
JBHJCM010000016.1_100	124082	124468	387	1	0.672	11	GGAG/GAGG	GENOMAD.141139.CP	8.851e-07	49	0	0	0	1	NA	NA	NA	PF03965;K02171;TIGR02698;COG3682	copper transport repressor, CopY/TcrY family
JBHJCM010000016.1_101	124472	126211	1740	1	0.697	11	AGGAG	NA	NA	NA	0	0	0	1	NA	NA	NA	NA	NA
JBHJCM010000016.1_102	126892	127941	1050	1	0.683	11	GGAG/GAGG	NA	NA	NA	0	0	0	1	NA	NA	NA	NA	NA
JBHJCM010000016.1_103	128029	129159	1131	1	0.698	11	GGA/GAG/AGG	GENOMAD.178415.CP	1.488e-51	190	0	0	0	1	NA	NA	NA	PF13761;PF02571;COG3268;K19064;TIGR00036	Uncharacterized conserved protein, related to short-chain dehydrogenases
JBHJCM010000016.1_104	129298	130083	786	-1	0.645	11	GGAG/GAGG	GENOMAD.216450.PC	1.059e-154	483	0	0	0	1	NA	NA	NA	PF08975;COG5255	NA
JBHJCM010000016.1_105	130094	132751	2658	-1	0.678	11	None	GENOMAD.152082.CP	1.68e-15	84	0	0	0	1	NA	NA	NA	PF00593;PF07715;PF00691;TIGR01782;COG4773;K16089	TonB-dependent receptor
JBHJCM010000016.1_106	132854	134011	1158	1	0.681	11	None	NA	NA	NA	0	0	0	1	NA	NA	NA	NA	NA
JBHJCM010000016.1_107	134200	136344	2145	1	0.636	11	GGAG/GAGG	NA	NA	NA	0	0	0	1	NA	NA	NA	NA	NA
JBHJCM010000016.1_108	136828	138291	1464	-1	0.689	11	GGA/GAG/AGG	GENOMAD.109692.CP	7.78e-153	490	0	0	0	1	NA	NA	NA	PF13482;K07502;COG3359;TIGR01406	Uncharacterized conserved protein YprB, contains RNaseH-like and TPR domains
JBHJCM010000016.1_109	138288	140783	2496	-1	0.661	11	GGAG/GAGG	NA	NA	NA	0	0	0	1	NA	NA	NA	NA	NA
JBHJCM010000016.1_110	140961	141623	663	1	0.668	11	None	NA	NA	NA	0	0	0	1	NA	NA	NA	NA	NA
JBHJCM010000016.1_111	141689	141946	258	1	0.593	11	None	NA	NA	NA	0	0	0	1	NA	NA	NA	NA	NA
JBHJCM010000016.1_112	141934	142236	303	1	0.591	11	None	GENOMAD.166801.CP	9.197e-05	42	0	1	0	1	NA	NA	NA	PF05016;PF02030;COG3668;K11073;TIGR02385	Plasmid stabilization system protein ParE
JBHJCM010000016.1_113	142419	143318	900	-1	0.690	11	AGGAG	NA	NA	NA	0	0	0	1	NA	NA	NA	NA	NA
JBHJCM010000016.1_114	143378	144115	738	-1	0.664	11	GGA/GAG/AGG	NA	NA	NA	0	0	0	1	NA	NA	NA	NA	NA
JBHJCM010000016.1_115	144240	144602	363	1	0.625	11	AGGAG	NA	NA	NA	0	0	0	1	NA	NA	NA	NA	NA
JBHJCM010000016.1_116	145309	146874	1566	1	0.412	11	GGxGG	NA	NA	NA	0	0	0	1	NA	NA	NA	NA	NA
JBHJCM010000016.1_117	147028	147798	771	-1	0.418	11	None	NA	NA	NA	0	0	0	1	NA	NA	NA	NA	NA
JBHJCM010000016.1_118	147805	148758	954	-1	0.479	11	None	NA	NA	NA	0	0	0	1	NA	NA	NA	NA	NA
JBHJCM010000017.1_1	437	1291	855	-1	0.609	11	None	NA	NA	NA	0	0	0	1	NA	NA	NA	NA	NA
JBHJCM010000017.1_2	1780	2385	606	1	0.655	11	None	NA	NA	NA	0	0	0	1	NA	NA	NA	NA	NA
JBHJCM010000017.1_3	2458	4569	2112	-1	0.634	11	None	GENOMAD.151917.PC	1.616e-06	54	0	0	0	1	NA	NA	NA	PF12729;K05874;COG5278	Four helix bundle sensory module for signal transduction
JBHJCM010000017.1_4	4839	6029	1191	-1	0.674	11	AGGA	NA	NA	NA	0	0	0	1	NA	NA	NA	NA	NA
JBHJCM010000017.1_5	6065	6688	624	-1	0.667	11	None	NA	NA	NA	0	0	0	1	NA	NA	NA	NA	NA
JBHJCM010000017.1_6	7003	9858	2856	1	0.665	11	GGA/GAG/AGG	NA	NA	NA	0	0	0	1	NA	NA	NA	NA	NA
JBHJCM010000017.1_7	9973	10347	375	-1	0.605	11	GGAG/GAGG	NA	NA	NA	0	0	0	1	NA	NA	NA	NA	NA
JBHJCM010000017.1_8	10614	12131	1518	1	0.619	11	None	NA	NA	NA	0	0	0	1	NA	NA	NA	NA	NA
JBHJCM010000017.1_9	12118	14190	2073	1	0.650	11	GGA/GAG/AGG	NA	NA	NA	0	0	0	1	NA	NA	NA	NA	NA
JBHJCM010000017.1_10	14550	15257	708	-1	0.665	11	GGAGG	GENOMAD.147903.CP	1.267e-122	389	0	0	0	1	NA	NA	NA	PF12895;K04018;TIGR02552;COG5010	NA
JBHJCM010000017.1_11	15251	15745	495	-1	0.655	11	GGA/GAG/AGG	NA	NA	NA	0	0	0	1	NA	NA	NA	NA	NA
JBHJCM010000017.1_12	15745	16287	543	-1	0.656	11	AGGA	GENOMAD.142989.CP	3.195e-05	46	0	0	0	1	NA	NA	NA	PF08534;TIGR01626;COG0386	conserved hypothetical protein YtfJ-family, TIGR01626
JBHJCM010000017.1_13	16284	18272	1989	-1	0.661	11	None	GENOMAD.137760.CP	1.426e-62	232	0	0	0	1	NA	NA	NA	COG1138	Cytochrome c biogenesis factor
JBHJCM010000017.1_14	18336	18806	471	-1	0.626	11	AGGA/GGAG/GAGG	GENOMAD.134025.CP	2.907e-41	150	0	0	0	1	NA	NA	NA	PF03100;K02197;COG2332;TIGR00752	Cytochrome c-type biogenesis protein CcmE
JBHJCM010000017.1_15	18803	19009	207	-1	0.681	11	GGAG/GAGG	GENOMAD.004807.CC	8.89e-08	49	0	0	0	1	NA	NA	NA	PF04995;COG3114;TIGR03141	Heme exporter protein D
JBHJCM010000017.1_16	19006	19764	759	-1	0.644	11	None	GENOMAD.123398.CP	6.904e-19	89	0	0	0	1	NA	NA	NA	K02195;TIGR01191;COG0755	heme exporter protein CcmC
JBHJCM010000017.1_17	19775	21100	1326	-1	0.673	11	None	NA	NA	NA	0	0	0	1	NA	NA	NA	NA	NA
JBHJCM010000017.1_18	21097	21753	657	-1	0.700	11	GGAG/GAGG	GENOMAD.045251.CC	6.558e-96	311	0	0	0	1	NA	NA	NA	PF11859;COG5343;TIGR02949	Anti-sigma-K factor RskA
JBHJCM010000017.1_19	21750	22343	594	-1	0.662	11	None	NA	NA	NA	0	0	0	1	NA	NA	NA	NA	NA
JBHJCM010000017.1_20	22395	23084	690	-1	0.696	11	None	NA	NA	NA	0	0	0	1	NA	NA	NA	NA	NA
JBHJCM010000017.1_21	23292	23585	294	-1	0.738	11	GGAG/GAGG	NA	NA	NA	0	0	0	1	NA	NA	NA	NA	NA
JBHJCM010000017.1_22	23633	24025	393	-1	0.628	11	GGA/GAG/AGG	NA	NA	NA	0	0	0	1	NA	NA	NA	NA	NA
JBHJCM010000017.1_23	24052	25395	1344	-1	0.647	11	AGGA	GENOMAD.181612.CP	2.37e-128	417	0	0	0	1	NA	NA	NA	NA	NA
JBHJCM010000017.1_24	25479	26099	621	-1	0.697	11	GGA/GAG/AGG	GENOMAD.151027.CP	3.131e-25	106	0	0	0	1	NA	NA	NA	PF01292;K12262;COG3038;TIGR01583	Cytochrome b561
JBHJCM010000017.1_25	26404	26877	474	1	0.595	11	None	NA	NA	NA	0	0	0	1	NA	NA	NA	NA	NA
JBHJCM010000017.1_26	26879	28003	1125	1	0.633	11	None	GENOMAD.076874.VV	2.26e-10	65	0	0	0	1	NA	NA	NA	PF01041;K07806;TIGR03588;COG0399	UDP-4-amino-4,6-dideoxy-N-acetyl-beta-L-altrosamine transaminase
JBHJCM010000017.1_27	28000	29253	1254	1	0.637	11	None	GENOMAD.197607.PC	1.273e-41	162	0	0	0	1	NA	NA	NA	K16693;COG0534	Na+-driven multidrug efflux pump
JBHJCM010000017.1_28	29250	30188	939	1	0.505	11	GGAG/GAGG	NA	NA	NA	0	0	0	1	NA	NA	NA	NA	NA
JBHJCM010000017.1_29	30269	31330	1062	1	0.614	11	GGAG/GAGG	NA	NA	NA	0	0	0	1	NA	NA	NA	NA	NA
JBHJCM010000017.1_30	31374	32225	852	1	0.673	11	GGA/GAG/AGG	GENOMAD.019505.CC	3.31e-100	327	0	0	0	1	NA	NA	NA	PF02706;COG3765;TIGR03017;K05789	LPS O-antigen chain length determinant protein, WzzB/FepE family
JBHJCM010000017.1_31	32509	33351	843	1	0.668	11	GGAGG	GENOMAD.171298.CP	1.187e-42	160	0	0	0	1	NA	NA	NA	PF03492;K06219;TIGR03840;COG2227	thiopurine S-methyltransferase, Se/Te detoxification family
JBHJCM010000017.1_32	33364	34599	1236	1	0.681	11	GGAG/GAGG	GENOMAD.127439.CP	4.704e-31	130	0	0	0	1	NA	NA	NA	PF12890;K12960;COG1228;TIGR03314	Imidazolonepropionase or related amidohydrolase
JBHJCM010000017.1_33	34596	35294	699	1	0.685	11	GGAG/GAGG	GENOMAD.140713.CV	3.227e-05	47	0	0	0	1	NA	NA	NA	PF05891;K21803;COG3897;TIGR00537	Predicted nicotinamide N-methyase
JBHJCM010000017.1_34	35419	36549	1131	1	0.666	11	None	NA	NA	NA	0	0	0	1	NA	NA	NA	NA	NA
JBHJCM010000017.1_35	36546	37667	1122	1	0.671	11	GGAG/GAGG	NA	NA	NA	0	0	0	1	NA	NA	NA	NA	NA
JBHJCM010000017.1_36	37905	39119	1215	-1	0.654	11	GGA/GAG/AGG	NA	NA	NA	0	0	0	1	NA	NA	NA	NA	NA
JBHJCM010000017.1_37	39175	40665	1491	-1	0.644	11	GGA/GAG/AGG	NA	NA	NA	0	0	0	1	NA	NA	NA	NA	NA
JBHJCM010000017.1_38	40860	41918	1059	1	0.669	11	GGA/GAG/AGG	GENOMAD.190712.CP	1.718e-168	528	0	0	0	1	NA	NA	NA	PF07475;TIGR04355;COG0125;K10038	HprK-related kinase B
JBHJCM010000017.1_39	41985	43733	1749	1	0.661	11	None	NA	NA	NA	0	0	0	1	NA	NA	NA	NA	NA
JBHJCM010000017.1_40	43895	44440	546	-1	0.628	11	GGxGG	NA	NA	NA	0	0	0	1	NA	NA	NA	NA	NA
JBHJCM010000017.1_41	44389	45231	843	-1	0.648	11	None	NA	NA	NA	0	0	0	1	NA	NA	NA	NA	NA
JBHJCM010000017.1_42	45580	46584	1005	1	0.678	11	GGAG/GAGG	GENOMAD.133049.CP	1.011e-61	218	0	0	0	1	NA	NA	NA	PF00296;TIGR03558;COG2141;K00320	luciferase family oxidoreductase, group 1
JBHJCM010000017.1_43	46645	47007	363	1	0.653	11	GGA/GAG/AGG	GENOMAD.181438.CP	7.406e-06	46	0	0	0	1	NA	NA	NA	PF16242;COG3871;TIGR04026;K07226	Pyridoxamine 5'-phosphate oxidase like
JBHJCM010000017.1_44	46947	47144	198	1	0.636	11	None	NA	NA	NA	0	0	0	1	NA	NA	NA	NA	NA
JBHJCM010000017.1_45	47179	47847	669	-1	0.653	11	GGAG/GAGG	GENOMAD.161213.CP	1.568e-17	84	0	0	0	1	NA	NA	NA	COG3932	NA
JBHJCM010000017.1_46	47831	49171	1341	-1	0.653	11	GGA/GAG/AGG	NA	NA	NA	0	0	0	1	NA	NA	NA	NA	NA
JBHJCM010000017.1_47	49444	50070	627	1	0.624	11	AGGA/GGAG/GAGG	GENOMAD.153861.CP	3.278e-64	219	0	0	0	1	NA	NA	NA	PF01865;K07220;TIGR00153;COG1392	TIGR00153 family protein
JBHJCM010000017.1_48	50080	51207	1128	1	0.653	11	GGAG/GAGG	NA	NA	NA	0	0	0	1	NA	NA	NA	NA	NA
JBHJCM010000017.1_49	51314	52075	762	1	0.650	11	GGA/GAG/AGG	GENOMAD.132426.CP	2.337e-07	54	0	0	0	1	NA	NA	NA	PF02698;COG1434	Uncharacterized SAM-binding protein YcdF, DUF218 family
JBHJCM010000017.1_50	52269	53768	1500	-1	0.649	11	None	NA	NA	NA	0	0	0	1	NA	NA	NA	NA	NA
JBHJCM010000017.1_51	54138	56027	1890	-1	0.628	11	None	GENOMAD.138195.VC	1.047e-28	126	0	0	0	1246	Caudoviricetes	NA	NA	PF00204;K02622;TIGR01059;COG0187	DNA gyrase, B subunit
JBHJCM010000017.1_52	56192	56446	255	1	0.675	11	GGAG/GAGG	NA	NA	NA	0	0	0	1	NA	NA	NA	NA	NA
JBHJCM010000017.1_53	56760	58424	1665	1	0.636	11	AGGAG/GGAGG	NA	NA	NA	0	0	0	1	NA	NA	NA	NA	NA
JBHJCM010000017.1_54	58645	59475	831	1	0.632	11	GGA/GAG/AGG	NA	NA	NA	0	0	0	1	NA	NA	NA	NA	NA
JBHJCM010000017.1_55	59583	59834	252	1	0.635	11	None	NA	NA	NA	0	0	0	1	NA	NA	NA	NA	NA
JBHJCM010000017.1_56	59959	61251	1293	1	0.648	11	None	NA	NA	NA	0	0	0	1	NA	NA	NA	NA	NA
JBHJCM010000017.1_57	61255	61620	366	1	0.650	11	None	GENOMAD.000998.CC	3.679e-31	119	0	0	0	1	NA	NA	NA	PF04977;K05589;COG2919;TIGR02209	Cell division protein FtsB
JBHJCM010000017.1_58	61617	62411	795	1	0.682	11	GGA/GAG/AGG	GENOMAD.129102.CP	9.214e-05	46	0	0	0	1	NA	NA	NA	PF01983;K07141;TIGR03310;COG2068	molybdenum cofactor cytidylyltransferase
JBHJCM010000017.1_59	62415	62915	501	1	0.659	11	GGA/GAG/AGG	NA	NA	NA	0	0	0	1	NA	NA	NA	NA	NA
JBHJCM010000017.1_60	63029	64138	1110	1	0.664	11	GGA/GAG/AGG	GENOMAD.081820.CP	3.259e-95	317	1	0	0	1	NA	NA	NA	PF01142;TIGR00094;COG0585;K06176	tRNA pseudouridine synthase D (TruD)
JBHJCM010000017.1_61	64388	64996	609	-1	0.672	11	None	GENOMAD.090379.CP	4.589e-05	46	0	0	0	1	NA	NA	NA	PF01713	Smr domain
JBHJCM010000017.1_62	65030	65809	780	1	0.672	11	AGGAG	NA	NA	NA	0	0	0	1	NA	NA	NA	NA	NA
JBHJCM010000017.1_63	65806	66483	678	1	0.695	11	GGA/GAG/AGG	NA	NA	NA	0	0	0	1	NA	NA	NA	NA	NA
JBHJCM010000017.1_64	66502	67116	615	1	0.659	11	GGA/GAG/AGG	GENOMAD.136362.CP	1.705e-21	95	0	0	0	1	NA	NA	NA	PF09335;COG1238	Uncharacterized membrane protein YqaA, SNARE-associated domain
JBHJCM010000017.1_65	67113	67892	780	1	0.673	11	None	GENOMAD.085898.CP	0.0003781	44	0	0	0	1	NA	NA	NA	PF01333;K22719;COG4942	Septal ring factor EnvC, activator of murein hydrolases AmiA and AmiB
JBHJCM010000017.1_66	68083	68457	375	-1	0.667	11	GGA/GAG/AGG	GENOMAD.099012.CP	1.709e-32	123	0	0	0	1	NA	NA	NA	PF04430;COG3737;K09008	Uncharacterized conserved protein, contains Mth938-like domain
JBHJCM010000017.1_67	68473	68778	306	-1	0.621	11	None	NA	NA	NA	0	0	0	1	NA	NA	NA	NA	NA
JBHJCM010000017.1_68	68844	69476	633	1	0.638	11	GGA/GAG/AGG	GENOMAD.129277.CV	1.899e-34	133	0	0	0	16546	Riboviria	NA	NA	PF01728;K02427;TIGR00438;COG0293	cell division protein FtsJ
JBHJCM010000017.1_69	69537	71477	1941	1	0.636	11	GGAG/GAGG	NA	NA	NA	0	0	0	1	NA	NA	NA	NA	NA
JBHJCM010000017.1_70	71604	72506	903	1	0.670	11	AGGAG	NA	NA	NA	0	0	0	1	NA	NA	NA	NA	NA
JBHJCM010000017.1_71	72506	73489	984	1	0.687	11	GGA/GAG/AGG	NA	NA	NA	0	0	0	1	NA	NA	NA	NA	NA
JBHJCM010000017.1_72	73567	73845	279	1	0.584	11	GGAG/GAGG	NA	NA	NA	0	0	0	1	NA	NA	NA	NA	NA
JBHJCM010000017.1_73	73857	75176	1320	1	0.652	11	GGAG/GAGG	NA	NA	NA	0	0	0	1	NA	NA	NA	NA	NA
JBHJCM010000017.1_74	75604	76098	495	1	0.653	11	None	NA	NA	NA	0	0	0	1	NA	NA	NA	NA	NA
JBHJCM010000017.1_75	76564	78240	1677	1	0.648	11	GGA/GAG/AGG	NA	NA	NA	0	0	0	1	NA	NA	NA	NA	NA
JBHJCM010000017.1_76	78326	78967	642	1	0.642	11	None	NA	NA	NA	0	0	0	1	NA	NA	NA	NA	NA
JBHJCM010000017.1_77	79140	80174	1035	1	0.625	11	GGAG/GAGG	NA	NA	NA	0	0	0	1	NA	NA	NA	NA	NA
JBHJCM010000017.1_78	80471	80959	489	1	0.665	11	GGA/GAG/AGG	GENOMAD.130541.CP	2.93e-26	107	0	0	0	1	NA	NA	NA	PF02631;COG2137;K03565	SOS response regulatory protein OraA/RecX, interacts with RecA
JBHJCM010000017.1_79	81061	83709	2649	1	0.646	11	None	NA	NA	NA	0	0	0	1	NA	NA	NA	NA	NA
JBHJCM010000017.1_80	83849	84061	213	1	0.573	11	AGGAG	NA	NA	NA	0	0	0	1	NA	NA	NA	NA	NA
JBHJCM010000017.1_81	85349	87334	1986	1	0.648	11	GGA/GAG/AGG	GENOMAD.146534.CP	9.989e-05	48	0	0	0	1	NA	NA	NA	PF00015	Methyl-accepting chemotaxis protein (MCP) signalling domain
JBHJCM010000017.1_82	87745	88446	702	-1	0.638	11	AGGAG	GENOMAD.129411.CP	3.543e-06	50	0	0	0	1	NA	NA	NA	PF05726;PF02678;COG1741;K06911	Redox-sensitive bicupin YhaK, pirin superfamily
JBHJCM010000017.1_83	88578	89522	945	1	0.690	11	None	NA	NA	NA	0	0	0	1	NA	NA	NA	NA	NA
JBHJCM010000017.1_84	89567	90559	993	1	0.665	11	GGA/GAG/AGG	GENOMAD.147887.CP	8.222e-84	282	0	0	0	1	NA	NA	NA	PF06695;PF00581;K03975;COG0586;TIGR03865	Uncharacterized membrane protein DedA, SNARE-associated domain
JBHJCM010000017.1_85	91022	91903	882	-1	0.676	11	None	GENOMAD.162404.CP	5.743e-80	269	0	0	0	1	NA	NA	NA	PF02273;COG4757;TIGR02240;K05714	Predicted alpha/beta hydrolase
JBHJCM010000017.1_86	91900	92709	810	-1	0.680	11	None	NA	NA	NA	0	0	0	1	NA	NA	NA	NA	NA
JBHJCM010000017.1_87	92747	93418	672	-1	0.665	11	None	GENOMAD.171470.CP	1.048e-57	201	0	0	0	1	NA	NA	NA	PF06912;COG3619	Uncharacterized membrane protein YoaK, UPF0700 family
JBHJCM010000017.1_88	93425	93907	483	-1	0.652	11	GGAGG	NA	NA	NA	0	0	0	1	NA	NA	NA	NA	NA
JBHJCM010000017.1_89	93907	95304	1398	-1	0.621	11	GGA/GAG/AGG	NA	NA	NA	0	0	0	1	NA	NA	NA	NA	NA
JBHJCM010000017.1_90	95387	95869	483	-1	0.629	11	GGA/GAG/AGG	GENOMAD.115115.CP	1.714e-11	64	0	0	0	1	NA	NA	NA	PF13911;K24130;TIGR03137;COG1225	AhpC/TSA antioxidant enzyme
JBHJCM010000017.1_91	95906	96256	351	-1	0.578	11	GGAG/GAGG	NA	NA	NA	0	0	0	1	NA	NA	NA	NA	NA
JBHJCM010000017.1_92	96268	96843	576	-1	0.622	11	None	GENOMAD.123185.CP	9.814e-24	101	0	0	0	1	NA	NA	NA	COG2716;K07166	Glycine cleavage system regulatory protein
JBHJCM010000017.1_93	96925	97896	972	1	0.688	11	None	NA	NA	NA	0	0	0	1	NA	NA	NA	NA	NA
JBHJCM010000017.1_94	97913	98431	519	1	0.680	11	AGGAG	GENOMAD.034204.CC	1.559e-72	241	0	0	0	1	NA	NA	NA	COG3317	Uncharacterized lipoprotein, NlpB/DapX family
JBHJCM010000017.1_95	98338	98604	267	-1	0.693	11	AGGAG	NA	NA	NA	0	0	0	1	NA	NA	NA	NA	NA
JBHJCM010000017.1_96	98552	98875	324	-1	0.630	11	GGA/GAG/AGG	GENOMAD.132576.CP	2.374e-05	44	0	0	0	1	NA	NA	NA	PF17179;K02691;TIGR02060;COG1146	adenosine phosphosulphate reductase, beta subunit
JBHJCM010000017.1_97	98959	99837	879	-1	0.689	11	GGxGG	GENOMAD.183309.PC	4.772e-10	63	0	0	0	1	NA	NA	NA	PF05035;COG3734;TIGR02261	2-keto-3-deoxy-galactonokinase
JBHJCM010000017.1_98	99834	100745	912	-1	0.667	11	None	NA	NA	NA	0	0	0	1	NA	NA	NA	NA	NA
JBHJCM010000017.1_99	100739	101887	1149	-1	0.644	11	AGGA	NA	NA	NA	0	0	0	1	NA	NA	NA	NA	NA
JBHJCM010000017.1_100	101884	102516	633	-1	0.682	11	GGA/GAG/AGG	NA	NA	NA	0	0	0	1	NA	NA	NA	NA	NA
JBHJCM010000017.1_101	102931	103902	972	1	0.666	11	None	NA	NA	NA	0	0	0	1	NA	NA	NA	NA	NA
JBHJCM010000017.1_102	104157	105323	1167	1	0.644	11	GGAGG	GENOMAD.158496.CP	9.481e-101	334	0	0	0	1	NA	NA	NA	PF14905;PF07715;TIGR01782;K16091;COG4774	TonB-dependent receptor
JBHJCM010000017.1_103	105401	106936	1536	1	0.615	11	GGAG/GAGG	GENOMAD.158496.CP	8.005e-87	299	0	0	0	1	NA	NA	NA	PF14905;PF07715;TIGR01782;K16091;COG4774	TonB-dependent receptor
JBHJCM010000017.1_104	107275	109995	2721	1	0.623	11	GGAGG	GENOMAD.158496.CP	1.293e-137	464	0	0	0	1	NA	NA	NA	PF14905;PF07715;TIGR01782;K16091;COG4774	TonB-dependent receptor
JBHJCM010000017.1_105	110107	112362	2256	1	0.678	11	GGAG/GAGG	NA	NA	NA	0	0	0	1	NA	NA	NA	NA	NA
JBHJCM010000017.1_106	112451	114367	1917	1	0.667	11	GGAG/GAGG	GENOMAD.145791.CP	6.472e-137	451	0	0	0	1	NA	NA	NA	PF13364;K05970	Beta-galactosidase jelly roll domain
JBHJCM010000017.1_107	114385	116121	1737	1	0.640	11	GGAG/GAGG	GENOMAD.208849.PC	2.05e-109	368	0	0	0	1	NA	NA	NA	PF18120;PF01301;K12308;COG1874;TIGR03356	Glycosyl hydrolases family 35
JBHJCM010000017.1_108	116223	119126	2904	1	0.638	11	GGAG/GAGG	GENOMAD.153944.CP	6.016e-07	56	0	0	0	1	NA	NA	NA	PF16338	Alpha-glucosidase, N-terminal
JBHJCM010000017.1_109	119218	121590	2373	1	0.662	11	GGxGG	NA	NA	NA	0	0	0	1	NA	NA	NA	NA	NA
JBHJCM010000017.1_110	121587	123080	1494	1	0.667	11	None	NA	NA	NA	0	0	0	1	NA	NA	NA	NA	NA
JBHJCM010000017.1_111	123127	123186	60	1	0.550	11	AGGA/GGAG/GAGG	NA	NA	NA	0	0	0	1	NA	NA	NA	NA	NA
JBHJCM010000018.1_1	2	1285	1284	-1	0.607	11	AGGAG	NA	NA	NA	0	0	0	1	NA	NA	NA	NA	NA
JBHJCM010000018.1_2	1626	2258	633	-1	0.603	11	GGAG/GAGG	GENOMAD.112939.CP	0.0002281	44	0	0	0	1	NA	NA	NA	COG0558;K08744	Phosphatidylglycerophosphate synthase
JBHJCM010000018.1_3	2255	4114	1860	-1	0.649	11	None	NA	NA	NA	0	0	0	1	NA	NA	NA	NA	NA
JBHJCM010000018.1_4	4111	5529	1419	-1	0.669	11	None	GENOMAD.142989.CP	4.448e-07	55	0	0	0	1	NA	NA	NA	PF08534;TIGR01626;COG0386	conserved hypothetical protein YtfJ-family, TIGR01626
JBHJCM010000018.1_5	5553	6017	465	-1	0.680	11	GGxGG	NA	NA	NA	0	0	0	1	NA	NA	NA	NA	NA
JBHJCM010000018.1_6	6014	6793	780	-1	0.668	11	GGA/GAG/AGG	NA	NA	NA	0	0	0	1	NA	NA	NA	NA	NA
JBHJCM010000018.1_7	7098	8135	1038	-1	0.681	11	None	GENOMAD.000204.CC	3.654e-45	170	0	0	0	1	NA	NA	NA	PF02606;K00912;TIGR00682;COG1663	tetraacyldisaccharide 4'-kinase
JBHJCM010000018.1_8	8132	9901	1770	-1	0.643	11	GGA/GAG/AGG	NA	NA	NA	0	0	0	1	NA	NA	NA	NA	NA
JBHJCM010000018.1_9	9898	10362	465	-1	0.643	11	GGA/GAG/AGG	GENOMAD.009388.CC	0.0004091	42	0	0	0	1	NA	NA	NA	PF02472;TIGR02803;COG0848;K03559	TonB system transport protein ExbD, group 1
JBHJCM010000018.1_10	10366	10971	606	-1	0.657	11	None	GENOMAD.114974.CP	2.287e-07	53	0	0	0	1	NA	NA	NA	PF01618;K03561;COG0811;TIGR02796	Biopolymer transport protein ExbB/TolQ
JBHJCM010000018.1_11	10919	13468	2550	-1	0.688	11	GGA/GAG/AGG	GENOMAD.228084.CP	2.585e-21	103	0	0	0	1	NA	NA	NA	PF03772;COG0658;TIGR00361;K11085	Predicted membrane metal-binding protein
JBHJCM010000018.1_12	13763	14827	1065	1	0.632	11	AGGAG	NA	NA	NA	0	0	0	1	NA	NA	NA	NA	NA
JBHJCM010000018.1_13	15038	15772	735	-1	0.646	11	GGAGG	NA	NA	NA	0	0	0	1	NA	NA	NA	NA	NA
JBHJCM010000018.1_14	15765	17006	1242	-1	0.622	11	None	GENOMAD.112745.CP	1.024e-66	236	0	0	0	1	NA	NA	NA	PF12704;PF02687;K09808;TIGR02213;COG4591	lipoprotein releasing system, transmembrane protein LolE
JBHJCM010000018.1_15	17433	17681	249	-1	0.610	11	GGAG/GAGG	GENOMAD.002160.CC	5.261e-11	59	0	0	0	1	NA	NA	NA	PF03937;COG2938;K09159	Succinate dehydrogenase flavin-adding protein, antitoxin component of the CptAB toxin-antitoxin module
JBHJCM010000018.1_16	17793	18575	783	-1	0.617	11	GGA/GAG/AGG	NA	NA	NA	0	0	0	1	NA	NA	NA	NA	NA
JBHJCM010000018.1_17	18805	20595	1791	-1	0.634	11	AGGA/GGAG/GAGG	NA	NA	NA	0	0	0	1	NA	NA	NA	NA	NA
JBHJCM010000018.1_18	20629	21015	387	-1	0.623	11	GGAGG	GENOMAD.154511.CP	1.644e-26	106	0	0	0	1	NA	NA	NA	PF05328;K00242;TIGR02968;COG2142	succinate dehydrogenase, hydrophobic membrane anchor protein
JBHJCM010000018.1_19	21012	21347	336	-1	0.592	11	None	NA	NA	NA	0	0	0	1	NA	NA	NA	NA	NA
JBHJCM010000018.1_20	21464	21634	171	-1	0.579	11	GGA/GAG/AGG	GENOMAD.151036.CV	7.719e-11	57	0	0	0	1	NA	NA	NA	PF07896;COG5508	NA
JBHJCM010000018.1_21	21674	22546	873	1	0.654	11	None	GENOMAD.000396.CC	7.097e-44	164	0	0	0	1	NA	NA	NA	PF01571;K06980;COG0404;TIGR00528	Glycine cleavage system T protein (aminomethyltransferase)
JBHJCM010000018.1_22	22678	23766	1089	-1	0.661	11	GGAG/GAGG	GENOMAD.126777.CP	7.47e-26	113	0	0	0	1	NA	NA	NA	PF17912;PF03459;COG3585;TIGR00638	MalK OB fold domain; TOBE domain
JBHJCM010000018.1_23	24186	25616	1431	1	0.669	11	None	NA	NA	NA	0	0	0	1	NA	NA	NA	NA	NA
JBHJCM010000018.1_24	25613	26620	1008	1	0.676	11	GGA/GAG/AGG	GENOMAD.142642.CP	9.991e-50	183	0	0	0	1	NA	NA	NA	PF02685;TIGR00749;K00845;COG0837	glucokinase, proteobacterial type
JBHJCM010000018.1_25	26617	27336	720	1	0.672	11	GGAG/GAGG	GENOMAD.130695.CP	4.619e-36	139	0	0	0	1	NA	NA	NA	PF01182;K01057;TIGR01198;COG0363	6-phosphogluconolactonase
JBHJCM010000018.1_26	27468	29384	1917	1	0.671	11	None	NA	NA	NA	0	0	0	1	NA	NA	NA	NA	NA
JBHJCM010000018.1_27	29437	30096	660	1	0.694	11	GGAG/GAGG	NA	NA	NA	0	0	0	1	NA	NA	NA	NA	NA
JBHJCM010000018.1_28	30569	33655	3087	-1	0.631	11	GGxGG	NA	NA	NA	0	0	0	1	NA	NA	NA	NA	NA
JBHJCM010000018.1_29	33652	37161	3510	-1	0.656	11	GGA/GAG/AGG	NA	NA	NA	0	0	0	1	NA	NA	NA	NA	NA
JBHJCM010000018.1_30	37158	38291	1134	-1	0.661	11	AGGA	GENOMAD.138157.CP	2.304e-10	65	0	0	0	1	NA	NA	NA	PF13437;TIGR02828	HlyD family secretion protein
JBHJCM010000018.1_31	38496	38888	393	1	0.649	11	GGA/GAG/AGG	NA	NA	NA	0	0	0	1	NA	NA	NA	NA	NA
JBHJCM010000018.1_32	38897	39358	462	1	0.682	11	None	GENOMAD.148254.CP	1.822e-05	46	0	0	0	1	NA	NA	NA	PF09098;COG2863;TIGR04484;K20200	Cytochrome c553
JBHJCM010000018.1_33	40884	41060	177	-1	0.644	11	GGA/GAG/AGG	NA	NA	NA	0	0	0	1	NA	NA	NA	NA	NA
JBHJCM010000018.1_34	41535	42098	564	-1	0.679	11	GGAG/GAGG	GENOMAD.130534.VV	7.703e-05	45	0	0	0	1246	Caudoviricetes	NA	NA	NA	NA
JBHJCM010000018.1_35	42318	42737	420	-1	0.598	11	GGAGG	NA	NA	NA	0	0	0	1	NA	NA	NA	NA	NA
JBHJCM010000018.1_36	42805	43047	243	-1	0.671	11	GGAGG	NA	NA	NA	0	0	0	1	NA	NA	NA	NA	NA
JBHJCM010000018.1_37	43034	43336	303	-1	0.650	11	AGGAG	NA	NA	NA	0	0	0	1	NA	NA	NA	NA	NA
JBHJCM010000018.1_38	43333	43581	249	-1	0.639	11	GGA/GAG/AGG	NA	NA	NA	0	0	0	1	NA	NA	NA	NA	NA
JBHJCM010000018.1_39	43680	44285	606	-1	0.521	11	GGAG/GAGG	NA	NA	NA	0	0	0	1	NA	NA	NA	NA	NA
JBHJCM010000018.1_40	44386	45612	1227	-1	0.673	11	None	NA	NA	NA	0	0	0	1	NA	NA	NA	NA	NA
JBHJCM010000018.1_41	46022	46402	381	1	0.617	11	AGGAG	NA	NA	NA	0	0	0	1	NA	NA	NA	NA	NA
JBHJCM010000018.1_42	46605	50018	3414	1	0.652	11	GGxGG	NA	NA	NA	0	0	0	1	NA	NA	NA	NA	NA
JBHJCM010000018.1_43	50191	52554	2364	-1	0.649	11	None	GENOMAD.142574.CP	7.539e-20	98	0	0	0	1	NA	NA	NA	PF17674	HHH domain
JBHJCM010000018.1_44	52657	52884	228	-1	0.588	11	GGAG/GAGG	NA	NA	NA	0	0	0	1	NA	NA	NA	NA	NA
JBHJCM010000018.1_45	53077	54288	1212	1	0.645	11	None	NA	NA	NA	0	0	0	1	NA	NA	NA	NA	NA
JBHJCM010000018.1_46	54246	54722	477	-1	0.662	11	None	NA	NA	NA	0	0	0	1	NA	NA	NA	NA	NA
JBHJCM010000018.1_47	54731	54928	198	-1	0.611	11	AGGAG	GENOMAD.016611.CC	2.234e-05	42	0	0	0	1	NA	NA	NA	PF04024;COG1983;TIGR02978;K03973	Phage shock protein PspC (stress-responsive transcriptional regulator)
JBHJCM010000018.1_48	55042	56118	1077	-1	0.607	11	GGAG/GAGG	NA	NA	NA	0	0	0	1	NA	NA	NA	NA	NA
JBHJCM010000018.1_49	56115	57338	1224	-1	0.672	11	GGA/GAG/AGG	GENOMAD.017651.CC	1.508e-16	85	0	0	0	1	NA	NA	NA	PF09712;TIGR01834;K22881;COG3937	poly(R)-hydroxyalkanoic acid synthase, class III, PhaE subunit
JBHJCM010000018.1_50	57396	58010	615	-1	0.649	11	GGA/GAG/AGG	GENOMAD.120745.CP	4.164e-19	88	0	0	0	1	NA	NA	NA	PF01066;K17103;COG1183;TIGR04217	Phosphatidylserine synthase
JBHJCM010000018.1_51	58143	58901	759	1	0.669	11	GGAG/GAGG	NA	NA	NA	0	0	0	1	NA	NA	NA	NA	NA
JBHJCM010000018.1_52	59260	59748	489	-1	0.650	11	None	NA	NA	NA	0	0	0	1	NA	NA	NA	NA	NA
JBHJCM010000018.1_53	59819	60328	510	-1	0.655	11	AGGA	GENOMAD.006866.CC	4.173e-77	254	0	0	0	1	NA	NA	NA	PF06853;COG3151;K09920	Uncharacterized protein YqiB, DUF1249 family
JBHJCM010000018.1_54	60517	61338	822	-1	0.600	11	GGAG/GAGG	GENOMAD.126338.CP	1.103e-71	244	0	0	0	1	NA	NA	NA	PF03618;K09773;COG1806	Kinase/pyrophosphorylase
JBHJCM010000018.1_55	61481	63859	2379	1	0.628	11	GGAG/GAGG	NA	NA	NA	0	0	0	1	NA	NA	NA	NA	NA
JBHJCM010000018.1_56	63859	64851	993	1	0.628	11	GGA/GAG/AGG	NA	NA	NA	0	0	0	1	NA	NA	NA	NA	NA
JBHJCM010000018.1_57	65073	65657	585	-1	0.624	11	AGGA	NA	NA	NA	0	0	0	1	NA	NA	NA	NA	NA
JBHJCM010000018.1_58	65729	66244	516	-1	0.659	11	GGxGG	NA	NA	NA	0	0	0	1	NA	NA	NA	NA	NA
JBHJCM010000018.1_59	66241	66723	483	-1	0.692	11	None	GENOMAD.130078.CP	4.559e-06	48	0	0	0	1	NA	NA	NA	PF02742;PF12793;K11924;COG1321;TIGR02036	Mn-dependent transcriptional regulator, DtxR family
JBHJCM010000018.1_60	66850	68184	1335	1	0.650	11	None	NA	NA	NA	0	0	0	1	NA	NA	NA	NA	NA
JBHJCM010000018.1_61	68277	68906	630	-1	0.637	11	AGGAG	NA	NA	NA	0	0	0	1	NA	NA	NA	NA	NA
JBHJCM010000018.1_62	68944	69768	825	1	0.617	11	GGAG/GAGG	GENOMAD.159647.PC	1.552e-34	136	0	0	0	1	NA	NA	NA	PF08386	TAP-like protein
JBHJCM010000018.1_63	70073	70231	159	-1	0.660	11	GGA/GAG/AGG	GENOMAD.218600.CV	1.414e-10	56	0	0	0	1	NA	NA	NA	PF07235;TIGR03510;COG4317	XapX domain
JBHJCM010000018.1_64	70228	70458	231	-1	0.662	11	GGA/GAG/AGG	GENOMAD.218600.CV	2.033e-17	77	0	0	0	1	NA	NA	NA	PF07235;TIGR03510;COG4317	XapX domain
JBHJCM010000018.1_65	70463	72091	1629	-1	0.670	11	GGAG/GAGG	GENOMAD.140488.CP	1.409e-15	83	0	0	0	1	NA	NA	NA	K23448;COG2223	Nitrate/nitrite transporter NarK
JBHJCM010000018.1_66	72186	74033	1848	-1	0.647	11	GGA/GAG/AGG	NA	NA	NA	0	0	0	1	NA	NA	NA	NA	NA
JBHJCM010000018.1_67	74147	74530	384	-1	0.659	11	None	GENOMAD.159609.CP	3.097e-10	59	0	0	0	1	NA	NA	NA	COG2259;K15977	Uncharacterized membrane protein YphA, DoxX/SURF4 family
JBHJCM010000018.1_68	74578	75234	657	-1	0.613	11	GGAG/GAGG	NA	NA	NA	0	0	0	1	NA	NA	NA	NA	NA
JBHJCM010000018.1_69	75231	75653	423	-1	0.634	11	None	GENOMAD.167287.CP	2.754e-06	48	0	0	0	1	NA	NA	NA	PF20240;PF12833;COG2207;K13631	AraC-type DNA-binding domain and AraC-containing proteins
JBHJCM010000018.1_70	75964	79263	3300	1	0.692	11	None	GENOMAD.136566.CP	2.301e-05	51	0	0	0	1	NA	NA	NA	PF11849;PF14501;K07682;COG4251;TIGR01924	Bacteriophytochrome (light-regulated signal transduction histidine kinase)
JBHJCM010000018.1_71	79256	79897	642	1	0.679	11	GGAG/GAGG	NA	NA	NA	0	0	0	1	NA	NA	NA	NA	NA
JBHJCM010000018.1_72	80152	81279	1128	1	0.606	11	GGA/GAG/AGG	NA	NA	NA	0	0	0	1	NA	NA	NA	NA	NA
JBHJCM010000018.1_73	81324	81944	621	1	0.655	11	AGGA	NA	NA	NA	0	0	0	1	NA	NA	NA	NA	NA
JBHJCM010000018.1_74	82154	83077	924	-1	0.663	11	None	NA	NA	NA	0	0	0	1	NA	NA	NA	NA	NA
JBHJCM010000018.1_75	83193	84323	1131	1	0.660	11	None	NA	NA	NA	0	0	0	1	NA	NA	NA	NA	NA
JBHJCM010000018.1_76	84506	85405	900	1	0.661	11	GGAGG	GENOMAD.146096.PC	8.92e-20	93	0	0	0	1	NA	NA	NA	PF14525;PF12833;K14063;TIGR02297;COG2207	4-hydroxyphenylacetate catabolism regulatory protein HpaA
JBHJCM010000018.1_77	85538	86719	1182	1	0.644	11	GGAGG	NA	NA	NA	0	0	0	1	NA	NA	NA	NA	NA
JBHJCM010000018.1_78	86729	87037	309	1	0.670	11	AGGA	GENOMAD.141198.CP	1.494e-08	53	0	0	0	1	NA	NA	NA	PF00111;K04755;TIGR02007;COG0633	ferredoxin, 2Fe-2S type, ISC system
JBHJCM010000018.1_79	87060	88280	1221	1	0.681	11	GGA/GAG/AGG	NA	NA	NA	0	0	0	1	NA	NA	NA	NA	NA
JBHJCM010000018.1_80	88437	89327	891	-1	0.660	11	None	NA	NA	NA	0	0	0	1	NA	NA	NA	NA	NA
JBHJCM010000018.1_81	89437	91038	1602	1	0.692	11	GGA/GAG/AGG	GENOMAD.107063.CP	3.799e-51	194	0	0	0	1	NA	NA	NA	PF00361;PF00662;K05577;TIGR01974;COG1009	proton-translocating NADH-quinone oxidoreductase, chain L
JBHJCM010000018.1_82	91066	93447	2382	1	0.687	11	GGA/GAG/AGG	GENOMAD.115145.CP	1.01e-264	830	0	0	0	1	NA	NA	NA	K09822;COG3002	Uncharacterized conserved protein YbcC, UPF0753/DUF2309 family
JBHJCM010000018.1_83	94045	94248	204	1	0.632	11	GGAG/GAGG	NA	NA	NA	0	0	0	1	NA	NA	NA	NA	NA
JBHJCM010000018.1_84	94245	94781	537	1	0.648	11	GGxGG	NA	NA	NA	0	0	0	1	NA	NA	NA	NA	NA
JBHJCM010000018.1_85	94944	95849	906	-1	0.651	11	GGA/GAG/AGG	NA	NA	NA	0	0	0	1	NA	NA	NA	NA	NA
JBHJCM010000018.1_86	95946	96281	336	1	0.577	11	AGGAG	GENOMAD.207255.PC	5.197e-39	141	0	0	0	1	NA	NA	NA	PF07858;COG4538;TIGR02246	Uncharacterized conserved protein, nuclear transport factor 2 (NTF2) superfamily
JBHJCM010000018.1_87	96272	97057	786	1	0.655	11	GGAG/GAGG	NA	NA	NA	0	0	0	1	NA	NA	NA	NA	NA
JBHJCM010000018.1_88	97166	97747	582	1	0.629	11	GGAG/GAGG	NA	NA	NA	0	0	0	1	NA	NA	NA	NA	NA
JBHJCM010000018.1_89	97884	98855	972	1	0.630	11	AGGAG	NA	NA	NA	0	0	0	1	NA	NA	NA	NA	NA
JBHJCM010000018.1_90	99116	99313	198	-1	0.621	11	None	GENOMAD.009592.PP	1.533e-08	51	0	0	0	1	NA	NA	NA	NA	NA
JBHJCM010000018.1_91	99376	100551	1176	-1	0.620	11	GGAG/GAGG	NA	NA	NA	0	0	0	1	NA	NA	NA	NA	NA
JBHJCM010000018.1_92	100533	103160	2628	-1	0.585	11	GGAG/GAGG	NA	NA	NA	0	0	0	1	NA	NA	NA	NA	NA
JBHJCM010000018.1_93	103199	104410	1212	-1	0.640	11	GGAGG	NA	NA	NA	0	0	0	1	NA	NA	NA	NA	NA
JBHJCM010000018.1_94	104403	106457	2055	-1	0.614	11	GGAG/GAGG	NA	NA	NA	0	0	0	1	NA	NA	NA	NA	NA
JBHJCM010000018.1_95	106454	109234	2781	-1	0.580	11	AGGA/GGAG/GAGG	NA	NA	NA	0	0	0	1	NA	NA	NA	NA	NA
JBHJCM010000018.1_96	109293	109493	201	-1	0.562	11	GGA/GAG/AGG	NA	NA	NA	0	0	0	1	NA	NA	NA	NA	NA
JBHJCM010000018.1_97	109799	110137	339	1	0.649	11	GGA/GAG/AGG	GENOMAD.195024.PC	0.0006682	40	0	0	0	1	NA	NA	NA	PF09720;TIGR02574	putative addiction module component, TIGR02574 family
JBHJCM010000018.1_98	110356	110586	231	-1	0.632	11	GGAG/GAGG	GENOMAD.056550.PP	8.973e-33	121	0	0	0	1	NA	NA	NA	PF12703	Toxin of toxin-antitoxin type 1 system
JBHJCM010000018.1_99	110653	112302	1650	-1	0.653	11	AGGAG	GENOMAD.108501.PC	2.418e-10	66	0	1	0	1	NA	NA	NA	PF08808;COG5654;TIGR02783	Uncharacterized conserved protein, contains RES domain
JBHJCM010000018.1_100	112299	112574	276	-1	0.656	11	GGAGG	GENOMAD.029569.PP	2.422e-45	158	0	0	0	1	NA	NA	NA	PF19499;TIGR04359;COG3895	entry exclusion lipoprotein TrbK
JBHJCM010000018.1_101	112592	113245	654	-1	0.621	11	None	GENOMAD.083643.PP	8.933e-66	224	0	1	0	1	NA	T_virB5	NA	PF13605;TIGR02780;COG5314;K20266	P-type conjugative transfer protein TrbJ
JBHJCM010000019.1_1	1	804	804	-1	0.633	11	AGGA	NA	NA	NA	0	0	0	1	NA	NA	NA	NA	NA
JBHJCM010000019.1_2	861	1901	1041	-1	0.687	11	GGAG/GAGG	GENOMAD.167831.PC	1.142e-53	195	0	0	0	1	NA	NA	NA	PF06996;COG3520;TIGR03347;K11896	Predicted component of the type VI protein secretion system
JBHJCM010000019.1_3	1865	3775	1911	-1	0.665	11	GGxGG	GENOMAD.166434.PC	1.78e-61	228	0	0	0	1	NA	NA	NA	PF05947;COG3519;K11896;TIGR03359	Type VI protein secretion system component VasA
JBHJCM010000019.1_4	3753	4256	504	-1	0.653	11	GGA/GAG/AGG	GENOMAD.183209.PC	4.532e-23	98	0	0	0	1	NA	NA	NA	K11897;COG3518;TIGR03357	Predicted component of the type VI protein secretion system
JBHJCM010000019.1_5	4262	5056	795	-1	0.670	11	AGGA	NA	NA	NA	0	0	0	1	NA	NA	NA	NA	NA
JBHJCM010000019.1_6	5260	5763	504	-1	0.611	11	AGGAG	NA	NA	NA	0	0	0	1	NA	NA	NA	NA	NA
JBHJCM010000019.1_7	5846	7339	1494	-1	0.624	11	AGGAG	GENOMAD.160889.PC	6.418e-39	156	0	0	0	1	NA	NA	NA	PF18945	EvpB/VC_A0108, tail sheath gpW/gp25-like domain
JBHJCM010000019.1_8	7344	7853	510	-1	0.641	11	GGAG/GAGG	GENOMAD.166375.PC	4.405e-13	69	0	0	0	1	NA	NA	NA	NA	NA
JBHJCM010000019.1_9	8233	8838	606	1	0.657	11	GGA/GAG/AGG	GENOMAD.161005.PC	9.243e-118	373	0	0	0	1	NA	NA	NA	PF12833;K13632;COG2207	AraC-type DNA-binding domain and AraC-containing proteins
JBHJCM010000019.1_10	8935	9381	447	-1	0.640	11	GGAGG	NA	NA	NA	0	0	0	1	NA	NA	NA	NA	NA
JBHJCM010000019.1_11	9632	10213	582	-1	0.662	11	GGA/GAG/AGG	NA	NA	NA	0	0	0	1	NA	NA	NA	NA	NA
JBHJCM010000019.1_12	10525	10887	363	1	0.562	11	AGGA	NA	NA	NA	0	0	0	1	NA	NA	NA	NA	NA
JBHJCM010000019.1_13	11070	13241	2172	-1	0.652	11	GGA/GAG/AGG	GENOMAD.009395.VV	0.000455	46	0	0	0	1246	Caudoviricetes	NA	NA	PF00580;TIGR01073;K03656;COG0210	ATP-dependent DNA helicase PcrA
JBHJCM010000019.1_14	13588	14991	1404	-1	0.692	11	None	GENOMAD.170187.PC	8.902e-87	297	0	0	0	1	NA	NA	NA	PF13434;COG4529;TIGR00275;K07222	Uncharacterized NAD(P)/FAD-binding protein YdhS
JBHJCM010000019.1_15	15161	15556	396	1	0.639	11	GGA/GAG/AGG	NA	NA	NA	0	0	0	1	NA	NA	NA	NA	NA
JBHJCM010000019.1_16	15567	16985	1419	-1	0.658	11	GGA/GAG/AGG	NA	NA	NA	0	0	0	1	NA	NA	NA	NA	NA
JBHJCM010000019.1_17	17002	18306	1305	-1	0.708	11	None	NA	NA	NA	0	0	0	1	NA	NA	NA	NA	NA
JBHJCM010000019.1_18	18408	19079	672	1	0.690	11	GGAG/GAGG	NA	NA	NA	0	0	0	1	NA	NA	NA	NA	NA
JBHJCM010000019.1_19	19072	20127	1056	1	0.696	11	GGA/GAG/AGG	NA	NA	NA	0	0	0	1	NA	NA	NA	NA	NA
JBHJCM010000019.1_20	20356	21378	1023	1	0.615	11	None	NA	NA	NA	0	0	0	1	NA	NA	NA	NA	NA
JBHJCM010000019.1_21	21680	21847	168	-1	0.506	11	AGGAG	GENOMAD.118800.CV	1.384e-05	42	0	0	0	1	NA	NA	NA	PF00471;COG0267;TIGR01023	Ribosomal protein L33
JBHJCM010000019.1_22	21861	22097	237	-1	0.595	11	GGAG/GAGG	GENOMAD.101932.CV	1.105e-09	55	0	0	0	1	NA	NA	NA	PF00830;TIGR00009;COG0227	ribosomal protein L28
JBHJCM010000019.1_23	22356	23003	648	-1	0.691	11	GGAG/GAGG	NA	NA	NA	0	0	0	1	NA	NA	NA	NA	NA
JBHJCM010000019.1_24	23000	26212	3213	-1	0.669	11	GGAG/GAGG	NA	NA	NA	0	0	0	1	NA	NA	NA	NA	NA
JBHJCM010000019.1_25	26762	28033	1272	-1	0.675	11	AGGA	GENOMAD.118636.CP	3.517e-11	68	0	0	0	1	NA	NA	NF000272	PF12700;K15727;TIGR01730;COG0845	RND family efflux transporter, MFP subunit
JBHJCM010000019.1_26	28216	29487	1272	-1	0.719	11	GGAG/GAGG	GENOMAD.145263.CP	1.644e-63	227	0	0	0	1	NA	NA	NA	PF02321;K15725;TIGR01845;COG1538	efflux transporter, outer membrane factor (OMF) lipoprotein, NodT family
JBHJCM010000019.1_27	29543	29926	384	-1	0.698	11	None	NA	NA	NA	0	0	0	1	NA	NA	NA	NA	NA
JBHJCM010000019.1_28	30383	32230	1848	-1	0.665	11	None	GENOMAD.142795.CP	0.0003696	46	0	0	0	1	NA	NA	NA	PF05960;COG4805	Bacterial protein of unknown function (DUF885)
JBHJCM010000019.1_29	32503	33141	639	-1	0.707	11	None	GENOMAD.089544.CV	1.843e-24	104	1	0	0	1246	Caudoviricetes	NA	NA	PF02527;K03501;TIGR00138;COG0357	16S rRNA (guanine(527)-N(7))-methyltransferase RsmG
JBHJCM010000019.1_30	33365	34993	1629	1	0.695	11	None	GENOMAD.152489.CP	3.485e-42	167	0	0	0	1	NA	NA	NA	PF19050;K01113;COG3540	Phosphodiesterase/alkaline phosphatase D
JBHJCM010000019.1_31	35165	36736	1572	1	0.667	11	AGGA	NA	NA	NA	0	0	0	1	NA	NA	NA	NA	NA
JBHJCM010000019.1_32	36753	37382	630	-1	0.686	11	GGA/GAG/AGG	GENOMAD.158577.CP	5.958e-12	67	0	0	0	1	NA	NA	NA	PF01648;COG2091;TIGR00516	Phosphopantetheinyl transferase
JBHJCM010000019.1_33	37476	37727	252	1	0.623	11	GGAG/GAGG	NA	NA	NA	0	0	0	1	NA	NA	NA	NA	NA
JBHJCM010000019.1_34	37789	38226	438	-1	0.628	11	GGAGG	NA	NA	NA	0	0	0	1	NA	NA	NA	NA	NA
JBHJCM010000019.1_35	38223	39014	792	-1	0.655	11	GGxGG	NA	NA	NA	0	0	0	1	NA	NA	NA	NA	NA
JBHJCM010000019.1_36	39394	39702	309	1	0.709	11	GGA/GAG/AGG	NA	NA	NA	0	0	0	1	NA	NA	NA	NA	NA
JBHJCM010000019.1_37	39696	41423	1728	-1	0.646	11	GGAGG	GENOMAD.119360.CP	5.173e-258	799	0	0	0	1	NA	NA	NA	COG4147	Na+(or H+)/acetate symporter ActP
JBHJCM010000019.1_38	41420	41737	318	-1	0.591	11	AGGAG	GENOMAD.181410.CP	8.303e-16	74	0	0	0	1	NA	NA	NA	PF04341;COG3162	Uncharacterized membrane protein, DUF485 family
JBHJCM010000019.1_39	41824	43206	1383	-1	0.639	11	GGAG/GAGG	GENOMAD.178249.CP	2.806e-89	304	0	0	0	1	NA	NA	NA	COG3203;K16077	Outer membrane protein (porin)
JBHJCM010000019.1_40	43503	45446	1944	1	0.645	11	GGAG/GAGG	NA	NA	NA	0	0	0	1	NA	NA	NA	NA	NA
JBHJCM010000019.1_41	45621	46289	669	1	0.658	11	None	NA	NA	NA	0	0	0	1	NA	NA	NA	NA	NA
JBHJCM010000019.1_42	46579	47487	909	-1	0.608	11	AGGA	NA	NA	NA	0	0	0	1	NA	NA	NA	NA	NA
JBHJCM010000019.1_43	48014	48604	591	1	0.662	11	GGAG/GAGG	NA	NA	NA	0	0	0	1	NA	NA	NA	NA	NA
JBHJCM010000019.1_44	48608	48811	204	1	0.588	11	AGGAG	NA	NA	NA	0	0	0	1	NA	NA	NA	NA	NA
JBHJCM010000019.1_45	49020	50642	1623	-1	0.659	11	None	NA	NA	NA	0	0	0	1	NA	NA	NA	NA	NA
JBHJCM010000019.1_46	50949	51959	1011	1	0.706	11	GGAG/GAGG	NA	NA	NA	0	0	0	1	NA	NA	NA	NA	NA
JBHJCM010000019.1_47	51956	52828	873	1	0.698	11	GGA/GAG/AGG	GENOMAD.162496.CP	3.288e-17	85	0	0	0	1	NA	NA	NA	PF04909;K07046;COG3618;TIGR00010	Predicted metal-dependent hydrolase, TIM-barrel fold
JBHJCM010000019.1_48	52825	53595	771	1	0.664	11	GGA/GAG/AGG	NA	NA	NA	0	0	0	1	NA	NA	NA	NA	NA
JBHJCM010000019.1_49	53765	54622	858	1	0.650	11	AGGA	NA	NA	NA	0	0	0	1	NA	NA	NA	NA	NA
JBHJCM010000019.1_50	55199	56521	1323	1	0.674	11	AGGA	NA	NA	NA	0	0	0	1	NA	NA	NA	NA	NA
JBHJCM010000019.1_51	56747	57106	360	-1	0.664	11	AGGAG	GENOMAD.193983.CP	5.048e-43	153	0	0	0	1	NA	NA	NA	PF05336;COG3254;TIGR02625	L-rhamnose mutarotase
JBHJCM010000019.1_52	57109	58410	1302	-1	0.644	11	AGGAG/GGAGG	NA	NA	NA	0	0	0	1	NA	NA	NA	NA	NA
JBHJCM010000019.1_53	58591	59340	750	1	0.685	11	GGA/GAG/AGG	GENOMAD.124271.CP	3.042e-17	84	0	0	0	1	NA	NA	NA	PF01614;PF14394;K13641;COG1414;TIGR02431	DNA-binding transcriptional regulator, IclR family
JBHJCM010000019.1_54	59779	60363	585	1	0.639	11	GGA/GAG/AGG	NA	NA	NA	0	0	0	1	NA	NA	NA	NA	NA
JBHJCM010000019.1_55	60460	63912	3453	-1	0.670	11	None	GENOMAD.142301.CP	4.006e-115	404	0	0	0	1	NA	NA	NA	PF00474;PF05763;K14392;COG0591	Na+/proline symporter
JBHJCM010000019.1_56	64641	67283	2643	1	0.639	11	GGAG/GAGG	GENOMAD.178294.CP	2.792e-138	465	0	0	0	1	NA	NA	NA	PF15979;PF17829;COG3661	Glycosyl hydrolase family 115; Gylcosyl hydrolase family 115 C-terminal domain
JBHJCM010000019.1_57	67378	68802	1425	-1	0.670	11	None	NA	NA	NA	0	0	0	1	NA	NA	NA	NA	NA
JBHJCM010000019.1_58	68824	69777	954	-1	0.642	11	AGGA/GGAG/GAGG	NA	NA	NA	0	0	0	1	NA	NA	NA	NA	NA
JBHJCM010000019.1_59	69780	71162	1383	-1	0.636	11	GGA/GAG/AGG	NA	NA	NA	0	0	0	1	NA	NA	NA	NA	NA
JBHJCM010000019.1_60	71320	71904	585	1	0.667	11	None	NA	NA	NA	0	0	0	1	NA	NA	NA	NA	NA
JBHJCM010000019.1_61	72646	72798	153	1	0.608	11	AGGA	NA	NA	NA	0	0	0	1	NA	NA	NA	NA	NA
JBHJCM010000019.1_62	72871	74376	1506	1	0.641	11	GGxGG	NA	NA	NA	0	0	0	1	NA	NA	NA	NA	NA
JBHJCM010000019.1_63	74716	74943	228	-1	0.680	11	GGAG/GAGG	NA	NA	NA	0	0	0	1	NA	NA	NA	NA	NA
JBHJCM010000019.1_64	74924	75373	450	-1	0.658	11	AGGAG	GENOMAD.136442.CP	1.085e-73	243	0	0	0	1	NA	NA	NA	PF01220;COG0757;TIGR01088	3-dehydroquinate dehydratase
JBHJCM010000019.1_65	75384	75812	429	-1	0.650	11	GGA/GAG/AGG	GENOMAD.004648.CC	1.453e-16	78	0	0	0	1	NA	NA	NA	PF01220;COG0757;TIGR01088	3-dehydroquinate dehydratase
JBHJCM010000019.1_66	76083	79937	3855	-1	0.677	11	None	GENOMAD.097853.CP	1.463e-153	524	0	0	0	1	NA	NA	NA	PF04357;PF05170;PF13502;COG2911;K07289	Autotransporter translocation and assembly factor TamB
JBHJCM010000019.1_67	79934	81715	1782	-1	0.648	11	None	GENOMAD.115234.CP	1.502e-68	248	0	0	0	1	NA	NA	NA	K07278;COG0729	Outer membrane translocation and assembly module TamA
JBHJCM010000019.1_68	82516	84498	1983	1	0.611	11	None	NA	NA	NA	0	0	0	1	NA	NA	NA	NA	NA
JBHJCM010000019.1_69	84444	84641	198	1	0.576	11	GGA/GAG/AGG	NA	NA	NA	0	0	0	1	NA	NA	NA	NA	NA
JBHJCM010000019.1_70	84894	86501	1608	-1	0.662	11	None	NA	NA	NA	0	0	0	1	NA	NA	NA	NA	NA
JBHJCM010000019.1_71	86501	88741	2241	-1	0.654	11	GGA/GAG/AGG	GENOMAD.092979.CV	2.231e-75	273	0	0	0	1246	Caudoviricetes	NA	NA	PF02092;COG0751;TIGR00211	Glycyl-tRNA synthetase, beta subunit
JBHJCM010000019.1_72	89059	89967	909	-1	0.647	11	None	GENOMAD.000187.CC	2.397e-157	493	0	0	0	1	NA	NA	NA	PF02091;COG0752;K01878;TIGR00388	Glycyl-tRNA synthetase, alpha subunit
JBHJCM010000019.1_73	90057	91871	1815	1	0.687	11	GGA/GAG/AGG	GENOMAD.005978.CC	1.591e-07	57	0	0	0	1246	Caudoviricetes	T_virB11	NA	PF00437;PF05810;K07332;TIGR03819;COG4962	helicase/secretion neighborhood ATPase
JBHJCM010000019.1_74	92371	94062	1692	-1	0.660	11	GGA/GAG/AGG	NA	NA	NA	0	0	0	1	NA	NA	NA	NA	NA
JBHJCM010000019.1_75	94075	98943	4869	-1	0.682	11	None	NA	NA	NA	0	0	0	1	NA	NA	NA	NA	NA
JBHJCM010000019.1_76	98989	100290	1302	-1	0.651	11	None	NA	NA	NA	0	0	0	1	NA	NA	NA	NA	NA
JBHJCM010000019.1_77	101261	102013	753	1	0.696	11	GGA/GAG/AGG	GENOMAD.159640.CP	5.787e-10	62	0	0	0	1	NA	NA	NA	PF04204;TIGR01001;K22314;COG0518	Homoserine O-succinyltransferase
JBHJCM010000019.1_78	102073	102972	900	1	0.672	11	GGA/GAG/AGG	GENOMAD.024576.CC	7.135e-126	402	0	0	0	1	NA	NA	NA	COG5473	NA
JBHJCM010000019.1_79	103157	103894	738	-1	0.633	11	AGGAG	NA	NA	NA	0	0	0	1	NA	NA	NA	NA	NA
JBHJCM010000019.1_80	103891	104517	627	-1	0.670	11	GGAG/GAGG	GENOMAD.134269.CP	1.287e-38	145	0	0	0	1	NA	NA	NA	PF02416;K03117;COG1826	Sec-independent protein translocase protein TatA
JBHJCM010000019.1_81	104533	104760	228	-1	0.645	11	GGA/GAG/AGG	NA	NA	NA	0	0	0	1	NA	NA	NA	NA	NA
JBHJCM010000019.1_82	104833	105741	909	-1	0.689	11	GGAG/GAGG	GENOMAD.142547.CP	4.531e-24	106	0	0	0	1	NA	NA	NA	PF04366;COG2930	Lipid-binding SYLF domain
JBHJCM010000019.1_83	105895	106860	966	1	0.684	11	None	NA	NA	NA	0	0	0	1	NA	NA	NA	NA	NA
JBHJCM010000019.1_84	106857	107723	867	1	0.687	11	None	NA	NA	NA	0	0	0	1	NA	NA	NA	NA	NA
JBHJCM010000019.1_85	107731	108039	309	1	0.686	11	None	NA	NA	NA	0	0	0	1	NA	NA	NA	NA	NA
JBHJCM010000019.1_86	108175	108960	786	-1	0.669	11	None	NA	NA	NA	0	0	0	1	NA	NA	NA	NA	NA
JBHJCM010000019.1_87	109523	110428	906	-1	0.638	11	None	NA	NA	NA	0	0	0	1	NA	NA	NA	NA	NA
JBHJCM010000019.1_88	110492	111409	918	-1	0.674	11	None	NA	NA	NA	0	0	0	1	NA	NA	NA	NA	NA
JBHJCM010000019.1_89	111893	112036	144	1	0.653	11	GGA/GAG/AGG	NA	NA	NA	0	0	0	1	NA	NA	NA	NA	NA
JBHJCM010000019.1_90	112033	112092	60	1	0.533	11	AGGAG	NA	NA	NA	0	0	0	1	NA	NA	NA	NA	NA
JBHJCM010000020.1_1	2	82	81	1	0.494	11	None	NA	NA	NA	0	0	0	1	NA	NA	NA	NA	NA
JBHJCM010000020.1_2	702	1637	936	1	0.503	11	GGAG/GAGG	NA	NA	NA	0	0	0	1	NA	NA	NA	NA	NA
JBHJCM010000020.1_3	1695	2153	459	1	0.588	11	None	GENOMAD.158969.CP	5.711e-13	68	0	0	0	1	NA	NA	NA	NA	NA
JBHJCM010000020.1_4	2454	2945	492	1	0.543	11	GGA/GAG/AGG	NA	NA	NA	0	0	0	1	NA	NA	NA	NA	NA
JBHJCM010000020.1_5	2942	3085	144	1	0.583	11	GGAG/GAGG	NA	NA	NA	0	0	0	1	NA	NA	NA	NA	NA
JBHJCM010000020.1_6	3286	4020	735	-1	0.652	11	GGAG/GAGG	NA	NA	NA	0	0	0	1	NA	NA	NA	NA	NA
JBHJCM010000020.1_7	4070	5026	957	1	0.642	11	None	GENOMAD.148267.CP	4.268e-07	54	0	0	0	1	NA	NA	NA	PF12833;K12243;TIGR02297;COG2207	4-hydroxyphenylacetate catabolism regulatory protein HpaA
JBHJCM010000020.1_8	5303	6070	768	1	0.664	11	GGAG/GAGG	NA	NA	NA	0	0	0	1	NA	NA	NA	NA	NA
JBHJCM010000020.1_9	6234	6647	414	1	0.556	11	AGGAG	NA	NA	NA	0	0	0	1	NA	NA	NA	NA	NA
JBHJCM010000020.1_10	6706	8202	1497	-1	0.661	11	AGGA	NA	NA	NA	0	0	0	1	NA	NA	NA	NA	NA
JBHJCM010000020.1_11	8505	8816	312	1	0.615	11	None	NA	NA	NA	0	0	0	1	NA	NA	NA	NA	NA
JBHJCM010000020.1_12	9236	9832	597	1	0.605	11	GGAGG	NA	NA	NA	0	0	0	1	NA	NA	NA	NA	NA
JBHJCM010000020.1_13	10173	11759	1587	-1	0.645	11	GGA/GAG/AGG	NA	NA	NA	0	0	0	1	NA	NA	NA	NA	NA
JBHJCM010000020.1_14	12108	12899	792	1	0.614	11	GGA/GAG/AGG	GENOMAD.221086.VP	3.711e-51	184	0	0	0	1246	Caudoviricetes	NA	NA	PF01145;PF13238;TIGR01932;COG0330;K04087	HflC protein
JBHJCM010000020.1_15	13061	14035	975	1	0.626	11	GGAG/GAGG	GENOMAD.152155.CP	2.877e-18	89	0	0	0	1	NA	NA	NA	K07393;COG0435;TIGR01262	Glutathionyl-hydroquinone reductase
JBHJCM010000020.1_16	14108	14503	396	1	0.606	11	GGA/GAG/AGG	NA	NA	NA	0	0	0	1	NA	NA	NA	NA	NA
JBHJCM010000020.1_17	14636	15097	462	-1	0.671	11	GGAG/GAGG	GENOMAD.195933.PC	1.299e-12	67	0	0	0	1	NA	NA	NA	PF13548;COG3918	NA
JBHJCM010000020.1_18	15353	16315	963	-1	0.634	11	AGGAG	GENOMAD.153559.CP	5.828e-93	308	0	0	0	1	NA	NA	NA	PF00756;K07017;COG2819;TIGR02821	Predicted hydrolase of the alpha/beta superfamily
JBHJCM010000020.1_19	16371	16991	621	-1	0.625	11	None	GENOMAD.189906.CP	6.98e-115	365	0	0	0	1	NA	NA	NA	PF05708;COG3863	Permuted papain-like amidase enzyme, YaeF/YiiX, C92 family
JBHJCM010000020.1_20	17220	17357	138	1	0.572	11	GGAG/GAGG	NA	NA	NA	0	0	0	1	NA	NA	NA	NA	NA
JBHJCM010000020.1_21	17358	17555	198	1	0.687	11	GGA/GAG/AGG	GENOMAD.170701.CP	4.419e-06	44	0	0	0	1	NA	NA	NA	PF12823;TIGR03954	integral membrane protein
JBHJCM010000020.1_22	17958	20285	2328	-1	0.644	11	GGAG/GAGG	GENOMAD.124454.CP	2.792e-136	455	0	0	0	1	NA	NA	NA	K01278;COG1770	Protease II
JBHJCM010000020.1_23	20654	22087	1434	1	0.636	11	GGAGG	GENOMAD.141880.PP	7.152e-259	796	0	0	0	1	NA	NA	NA	PF08887;PF08906;COG5620	GAD-like domain
JBHJCM010000020.1_24	22129	23220	1092	-1	0.691	11	GGAG/GAGG	GENOMAD.028689.CC	7.487e-70	243	0	0	0	1	NA	NA	NA	PF07759	NA
JBHJCM010000020.1_25	23725	25599	1875	1	0.677	11	None	NA	NA	NA	0	0	0	1	NA	NA	NA	NA	NA
JBHJCM010000020.1_26	25707	26180	474	1	0.671	11	GGA/GAG/AGG	GENOMAD.159648.PC	3.635e-10	60	0	0	0	1	NA	NA	NA	PF02082;K19587;TIGR02010;COG1959	iron-sulfur cluster assembly transcription factor IscR
JBHJCM010000020.1_27	26283	27182	900	1	0.669	11	AGGAG	NA	NA	NA	0	0	0	1	NA	NA	NA	NA	NA
JBHJCM010000020.1_28	27966	28511	546	-1	0.667	11	GGA/GAG/AGG	NA	NA	NA	0	0	0	1	NA	NA	NA	NA	NA
JBHJCM010000020.1_29	28706	29620	915	-1	0.667	11	GGA/GAG/AGG	GENOMAD.137507.CV	3.791e-49	180	0	0	0	1	NA	NA	NA	PF10672;K06983;COG2521;TIGR00537	Predicted archaeal methyltransferase
JBHJCM010000020.1_30	29786	30661	876	1	0.626	11	GGAG/GAGG	GENOMAD.145601.CP	6.294e-06	50	0	0	0	1	NA	NA	NA	PF16913;K15269;COG2962;TIGR03340	Uncharacterized membrane protein RarD, contains two EamA domains
JBHJCM010000020.1_31	30759	31532	774	-1	0.658	11	GGA/GAG/AGG	NA	NA	NA	0	0	0	1	NA	NA	NA	NA	NA
JBHJCM010000020.1_32	31831	32046	216	1	0.676	11	GGAG/GAGG	NA	NA	NA	0	0	0	1	NA	NA	NA	NA	NA
JBHJCM010000020.1_33	32832	34208	1377	1	0.618	11	None	NA	NA	NA	0	0	0	1	NA	NA	NA	NA	NA
JBHJCM010000020.1_34	34296	35282	987	-1	0.616	11	AGGAG	GENOMAD.076707.PP	3.356e-175	546	0	0	0	1	NA	NA	NA	NA	NA
JBHJCM010000020.1_35	35520	36431	912	1	0.633	11	None	NA	NA	NA	0	0	0	1	NA	NA	NA	NA	NA
JBHJCM010000020.1_36	36770	37465	696	-1	0.642	11	AGGA	GENOMAD.189914.CP	1.642e-06	51	0	0	0	1	NA	NA	NA	PF01987;COG2013;TIGR00266	Uncharacterized conserved protein, AIM24 family
JBHJCM010000020.1_37	37891	39564	1674	-1	0.677	11	GGAG/GAGG	NA	NA	NA	0	0	0	1	NA	NA	NA	NA	NA
JBHJCM010000020.1_38	39837	40505	669	-1	0.694	11	GGAG/GAGG	GENOMAD.142156.CP	1.53e-07	54	0	0	0	1	NA	NA	NA	PF01904;COG1801	Uncharacterized conserved protein YecE, DUF72 family
JBHJCM010000020.1_39	40712	41464	753	1	0.616	11	None	NA	NA	NA	0	0	0	1	NA	NA	NA	NA	NA
JBHJCM010000020.1_40	41930	42964	1035	1	0.678	11	GGA/GAG/AGG	NA	NA	NA	0	0	0	1	NA	NA	NA	NA	NA
JBHJCM010000020.1_41	43002	43931	930	-1	0.661	11	None	NA	NA	NA	0	0	0	1	NA	NA	NA	NA	NA
JBHJCM010000020.1_42	44495	47374	2880	-1	0.667	11	GGAG/GAGG	NA	NA	NA	0	0	0	1	NA	NA	NA	NA	NA
JBHJCM010000020.1_43	47632	50208	2577	1	0.675	11	None	NA	NA	NA	0	0	0	1	NA	NA	NA	NA	NA
JBHJCM010000020.1_44	50786	52990	2205	-1	0.642	11	GGA/GAG/AGG	GENOMAD.146534.CP	0.0002302	47	0	0	0	1	NA	NA	NA	PF00015	Methyl-accepting chemotaxis protein (MCP) signalling domain
JBHJCM010000020.1_45	53239	54669	1431	-1	0.622	11	GGAG/GAGG	NA	NA	NA	0	0	0	1	NA	NA	NA	NA	NA
JBHJCM010000020.1_46	54882	56369	1488	1	0.673	11	GGAG/GAGG	NA	NA	NA	0	0	0	1	NA	NA	NA	NA	NA
JBHJCM010000020.1_47	56607	57587	981	1	0.656	11	GGAGG	NA	NA	NA	0	0	0	1	NA	NA	NA	NA	NA
JBHJCM010000020.1_48	57785	59404	1620	1	0.658	11	GGA/GAG/AGG	NA	NA	NA	0	0	0	1	NA	NA	NA	NA	NA
JBHJCM010000020.1_49	59609	60271	663	-1	0.637	11	AGGAG/GGAGG	NA	NA	NA	0	0	0	1	NA	NA	NA	NA	NA
JBHJCM010000020.1_50	60371	62269	1899	1	0.681	11	None	GENOMAD.178112.CP	1.825e-141	464	0	0	0	1	NA	NA	NA	PF03142;K03669;COG2943;TIGR03030	Membrane glycosyltransferase
JBHJCM010000020.1_51	62423	63088	666	1	0.691	11	GGAG/GAGG	GENOMAD.145670.CP	1.506e-07	54	0	0	0	1	NA	NA	NA	PF02230;COG0400;K06128;TIGR02821	Predicted esterase
JBHJCM010000020.1_52	63093	64142	1050	1	0.694	11	None	NA	NA	NA	0	0	0	1	NA	NA	NA	NA	NA
JBHJCM010000020.1_53	64173	64910	738	1	0.671	11	GGAG/GAGG	NA	NA	NA	0	0	0	1	NA	NA	NA	NA	NA
JBHJCM010000020.1_54	64941	65855	915	1	0.701	11	None	NA	NA	NA	0	0	0	1	NA	NA	NA	NA	NA
JBHJCM010000020.1_55	66045	66845	801	-1	0.648	11	GGA/GAG/AGG	GENOMAD.179248.CP	6.244e-146	458	0	0	0	1	NA	NA	NA	PF04338;K07283;COG3137	Putative salt-induced outer membrane protein YdiY
JBHJCM010000020.1_56	67414	68379	966	1	0.648	11	GGA/GAG/AGG	GENOMAD.145413.CP	1.65e-11	68	0	0	0	1	NA	NA	NA	PF13280;PF19187;K13572;COG2378;TIGR03985	Predicted DNA-binding transcriptional regulator YafY, contains an HTH and WYL domains
JBHJCM010000020.1_57	68537	68815	279	-1	0.613	11	GGA/GAG/AGG	NA	NA	NA	0	0	0	1	NA	NA	NA	NA	NA
JBHJCM010000020.1_58	68903	69244	342	-1	0.658	11	GGAGG	GENOMAD.038006.CC	5.703e-39	141	0	0	0	1	NA	NA	NA	PF19581;K06996;TIGR00068;COG3324	Glyoxalase superfamily protein
JBHJCM010000020.1_59	69277	69846	570	-1	0.637	11	None	NA	NA	NA	0	0	0	1	NA	NA	NA	NA	NA
JBHJCM010000020.1_60	70209	70520	312	1	0.734	11	GGAG/GAGG	NA	NA	NA	0	0	0	1	NA	NA	NA	NA	NA
JBHJCM010000020.1_61	70588	72681	2094	1	0.641	11	GGA/GAG/AGG	NA	NA	NA	0	0	0	1	NA	NA	NA	NA	NA
JBHJCM010000020.1_62	72925	74109	1185	-1	0.651	11	None	NA	NA	NA	0	0	0	1	NA	NA	NA	NA	NA
JBHJCM010000020.1_63	74254	76326	2073	1	0.621	11	None	NA	NA	NA	0	0	0	1	NA	NA	NA	NA	NA
JBHJCM010000020.1_64	76694	77092	399	1	0.677	11	None	NA	NA	NA	0	0	0	1	NA	NA	NA	NA	NA
JBHJCM010000020.1_65	77149	77403	255	1	0.675	11	None	NA	NA	NA	0	0	0	1	NA	NA	NA	NA	NA
JBHJCM010000020.1_66	77393	78247	855	1	0.688	11	None	NA	NA	NA	0	0	0	1	NA	NA	NA	NA	NA
JBHJCM010000020.1_67	78244	78915	672	1	0.644	11	GGAG/GAGG	GENOMAD.002323.CC	7.267e-123	389	0	0	0	1	NA	NA	NA	PF04340;K09921;COG3159	Uncharacterized conserved protein YigA, DUF484 family
JBHJCM010000020.1_68	79096	80013	918	1	0.669	11	GGAG/GAGG	NA	NA	NA	0	0	0	1	NA	NA	NA	NA	NA
JBHJCM010000020.1_69	80210	80761	552	1	0.627	11	GGAGG	GENOMAD.088456.CP	2.03e-66	224	0	0	0	1	NA	NA	NA	PF00227;K01419;TIGR03692;COG5405	ATP-dependent protease HslVU, peptidase subunit
JBHJCM010000020.1_70	80872	82239	1368	1	0.633	11	None	NA	NA	NA	0	0	0	1	NA	NA	NA	NA	NA
JBHJCM010000020.1_71	82441	82896	456	-1	0.636	11	GGAG/GAGG	NA	NA	NA	0	0	0	1	NA	NA	NA	NA	NA
JBHJCM010000020.1_72	82893	83384	492	-1	0.650	11	None	GENOMAD.151641.CP	9.387e-22	94	0	0	0	1	NA	NA	NA	PF00765;K02348;COG2153;TIGR04045	Predicted N-acyltransferase, GNAT family
JBHJCM010000020.1_73	83507	84595	1089	-1	0.669	11	None	GENOMAD.138157.CP	1.546e-39	154	0	0	0	1	NA	NA	NA	PF13437;TIGR02828	HlyD family secretion protein
JBHJCM010000020.1_74	84592	86244	1653	-1	0.672	11	GGA/GAG/AGG	GENOMAD.162124.CP	3.114e-99	337	0	0	0	1	NA	NA	NA	PF06609;K03446;TIGR00711;COG2223	drug resistance transporter, EmrB/QacA subfamily
JBHJCM010000020.1_75	86332	87093	762	1	0.625	11	None	GENOMAD.109687.CP	6.053e-60	209	0	0	0	1	NA	NA	NA	PF06859;TIGR01934;COG4627;K24451	ubiquinone/menaquinone biosynthesis methyltransferases
JBHJCM010000020.1_76	87284	88174	891	1	0.663	11	GGAG/GAGG	NA	NA	NA	0	0	0	1	NA	NA	NA	NA	NA
JBHJCM010000020.1_77	88220	90241	2022	1	0.646	11	GGA/GAG/AGG	GENOMAD.010722.CC	9.491e-27	120	0	0	0	1	NA	NA	NA	PF09127	Leukotriene A4 hydrolase, C-terminal
JBHJCM010000020.1_78	90434	91153	720	1	0.660	11	GGAG/GAGG	NA	NA	NA	0	0	0	1	NA	NA	NA	NA	NA
JBHJCM010000020.1_79	91511	92125	615	1	0.680	11	GGA/GAG/AGG	NA	NA	NA	0	0	0	1	NA	NA	NA	NA	NA
JBHJCM010000020.1_80	92622	93521	900	1	0.526	11	AGGA	NA	NA	NA	0	0	0	1	NA	NA	NA	NA	NA
JBHJCM010000020.1_81	93525	94397	873	1	0.559	11	None	NA	NA	NA	0	0	0	1	NA	NA	NA	NA	NA
JBHJCM010000021.1_1	8	133	126	-1	0.571	11	GGA/GAG/AGG	NA	NA	NA	0	0	0	1	NA	NA	NA	NA	NA
JBHJCM010000021.1_2	735	1682	948	1	0.650	11	None	NA	NA	NA	0	0	0	1	NA	NA	NA	NA	NA
JBHJCM010000021.1_3	1957	3795	1839	-1	0.650	11	None	NA	NA	NA	0	0	0	1	NA	NA	NA	NA	NA
JBHJCM010000021.1_4	4180	5541	1362	1	0.667	11	AGGAG	GENOMAD.213349.VC	1.586e-14	79	0	0	0	1	NA	NA	NA	PF00150;COG2730	Cellulase (glycosyl hydrolase family 5)
JBHJCM010000021.1_5	5668	5856	189	1	0.741	11	None	NA	NA	NA	0	0	0	1	NA	NA	NA	NA	NA
JBHJCM010000021.1_6	5913	6458	546	-1	0.645	11	GGAG/GAGG	NA	NA	NA	0	0	0	1	NA	NA	NA	NA	NA
JBHJCM010000021.1_7	6920	8230	1311	1	0.663	11	AGGA	NA	NA	NA	0	0	0	1	NA	NA	NA	NA	NA
JBHJCM010000021.1_8	8380	9627	1248	1	0.639	11	None	GENOMAD.145307.CP	1.477e-06	53	0	0	0	1	NA	NA	NA	PF01966;COG1713;TIGR03401	HD superfamily phosphohydrolase YqeK (fused to NMNAT in mycoplasms)
JBHJCM010000021.1_9	10064	10540	477	1	0.683	11	GGA/GAG/AGG	NA	NA	NA	0	0	0	1	NA	NA	NA	NA	NA
JBHJCM010000021.1_10	10712	11701	990	1	0.618	11	None	GENOMAD.189522.PC	1.733e-174	544	0	0	0	1	NA	NA	NA	PF13557;COG4313	Putative MetA-pathway of phenol degradation
JBHJCM010000021.1_11	11735	12502	768	1	0.650	11	GGAGG	NA	NA	NA	0	0	0	1	NA	NA	NA	NA	NA
JBHJCM010000021.1_12	12534	14015	1482	1	0.666	11	AGGAG	GENOMAD.133528.CP	0.0001349	47	0	0	0	1	NA	NA	NA	NA	NA
JBHJCM010000021.1_13	14286	15173	888	-1	0.663	11	GGA/GAG/AGG	NA	NA	NA	0	0	0	1	NA	NA	NA	NA	NA
JBHJCM010000021.1_14	15270	16454	1185	1	0.659	11	AGGAG	GENOMAD.178036.PC	7.647e-36	144	0	0	0	1	NA	NA	NA	NA	NA
JBHJCM010000021.1_15	16895	17407	513	1	0.604	11	AGGAG	GENOMAD.176794.PC	3.11e-38	142	0	0	0	1	NA	NA	NA	PF20409;COG4922;TIGR02096;K06893	Predicted SnoaL-like aldol condensation-catalyzing enzyme
JBHJCM010000021.1_16	17523	19022	1500	-1	0.630	11	GGAG/GAGG	NA	NA	NA	0	0	0	1	NA	NA	NA	NA	NA
JBHJCM010000021.1_17	19162	19938	777	-1	0.646	11	GGAG/GAGG	NA	NA	NA	0	0	0	1	NA	NA	NA	NA	NA
JBHJCM010000021.1_18	20425	21939	1515	-1	0.677	11	GGAGG	NA	NA	NA	0	0	0	1	NA	NA	NA	NA	NA
JBHJCM010000021.1_19	22163	22990	828	-1	0.664	11	None	NA	NA	NA	0	0	0	1	NA	NA	NA	NA	NA
JBHJCM010000021.1_20	23333	24316	984	-1	0.673	11	GGAG/GAGG	NA	NA	NA	0	0	0	1	NA	NA	NA	NA	NA
JBHJCM010000021.1_21	24417	25493	1077	-1	0.649	11	AGGAG	GENOMAD.178979.PC	5.781e-59	211	0	0	0	1	NA	NA	NA	PF19112	Vanillate O-demethylase oxygenase C-terminal domain
JBHJCM010000021.1_22	25745	26608	864	1	0.646	11	GGA/GAG/AGG	GENOMAD.159319.CP	1.204e-157	493	0	0	0	1	NA	NA	NA	PF01144;K01039;COG4670;TIGR02429	Acyl CoA:acetate/3-ketoacid CoA transferase
JBHJCM010000021.1_23	26605	27393	789	1	0.686	11	AGxAGG/AGGxGG	GENOMAD.160445.CP	5.367e-56	198	0	0	0	1	NA	NA	NA	PF13336;K01040;COG2057;TIGR02428	Acyl CoA:acetate/3-ketoacid CoA transferase, beta subunit
JBHJCM010000021.1_24	27390	28598	1209	1	0.693	11	GGAG/GAGG	NA	NA	NA	0	0	0	1	NA	NA	NA	NA	NA
JBHJCM010000021.1_25	28677	29411	735	1	0.663	11	GGAG/GAGG	GENOMAD.170300.PC	9.215e-07	52	0	0	0	1	NA	NA	NA	PF00775;K00448;TIGR02423;COG3485	protocatechuate 3,4-dioxygenase, alpha subunit
JBHJCM010000021.1_26	29416	29979	564	1	0.676	11	GGAG/GAGG	GENOMAD.170300.PC	1.154e-39	147	0	0	0	1	NA	NA	NA	PF00775;K00448;TIGR02423;COG3485	protocatechuate 3,4-dioxygenase, alpha subunit
JBHJCM010000021.1_27	30337	31689	1353	1	0.707	11	GGA/GAG/AGG	NA	NA	NA	0	0	0	1	NA	NA	NA	NA	NA
JBHJCM010000021.1_28	31700	32482	783	1	0.685	11	None	NA	NA	NA	0	0	0	1	NA	NA	NA	NA	NA
JBHJCM010000021.1_29	32509	32922	414	1	0.659	11	AGGA	NA	NA	NA	0	0	0	1	NA	NA	NA	NA	NA
JBHJCM010000021.1_30	33103	34029	927	1	0.703	11	GGAG/GAGG	GENOMAD.178547.CP	1.709e-181	563	0	0	0	1	NA	NA	NA	PF02273;TIGR01607;COG1647;K01054	Plasmodium subtelomeric family (PST-A)
JBHJCM010000021.1_31	34390	35250	861	-1	0.698	11	None	GENOMAD.123845.CP	2.75e-14	76	0	0	0	1	NA	NA	NA	PF01614;PF20024;K10973;COG1414;TIGR02431	DNA-binding transcriptional regulator, IclR family
JBHJCM010000021.1_32	35399	36259	861	1	0.646	11	None	GENOMAD.082010.CP	4.012e-38	147	1	0	0	1	NA	NA	NA	PF01163;COG1718;TIGR02172;K08799	RIO1 family
JBHJCM010000021.1_33	36514	37482	969	1	0.684	11	GGAG/GAGG	NA	NA	NA	0	0	0	1	NA	NA	NA	NA	NA
JBHJCM010000021.1_34	37781	38491	711	-1	0.589	11	None	GENOMAD.178382.CP	4.766e-34	133	0	0	0	1	NA	NA	NA	PF10677	Oligogalacturonate-specific porin protein (KdgM)
JBHJCM010000021.1_35	38700	40604	1905	-1	0.677	11	None	GENOMAD.074473.CV	8.319e-226	709	0	0	0	1246	Caudoviricetes	NA	NA	PF13932;PF01134;K03495;TIGR00136;COG0445	glucose-inhibited division protein A
JBHJCM010000021.1_36	41175	41657	483	-1	0.673	11	AGGAG	NA	NA	NA	0	0	0	1	NA	NA	NA	NA	NA
JBHJCM010000021.1_37	41815	42774	960	1	0.702	11	None	NA	NA	NA	0	0	0	1	NA	NA	NA	NA	NA
JBHJCM010000021.1_38	42825	43376	552	1	0.672	11	GGxGG	GENOMAD.219645.CP	1.606e-07	53	0	0	0	1	NA	NA	NA	PF02698;COG2949;K03748	Uncharacterized periplasmic protein SanA, affects membrane permeability for vancomycin
JBHJCM010000021.1_39	43420	43839	420	1	0.626	11	GGA/GAG/AGG	GENOMAD.160272.CP	4.747e-53	183	0	0	0	1	NA	NA	NA	PF20409;TIGR02096;COG5485;K06893	conserved hypothetical protein, steroid delta-isomerase-related
JBHJCM010000021.1_40	43941	44939	999	-1	0.638	11	None	NA	NA	NA	0	0	0	1	NA	NA	NA	NA	NA
JBHJCM010000021.1_41	45096	45980	885	-1	0.697	11	None	GENOMAD.114626.CP	2.719e-35	139	0	0	0	1	NA	NA	NA	PF03492;K18162;TIGR02072;COG4627	malonyl-acyl carrier protein O-methyltransferase BioC
JBHJCM010000021.1_42	46044	46826	783	-1	0.697	11	GGAG/GAGG	NA	NA	NA	0	0	0	1	NA	NA	NA	NA	NA
JBHJCM010000021.1_43	46872	47633	762	-1	0.686	11	None	NA	NA	NA	0	0	0	1	NA	NA	NA	NA	NA
JBHJCM010000021.1_44	47734	48108	375	-1	0.685	11	None	NA	NA	NA	0	0	0	1	NA	NA	NA	NA	NA
JBHJCM010000021.1_45	48300	49505	1206	-1	0.676	11	None	NA	NA	NA	0	0	0	1	NA	NA	NA	NA	NA
JBHJCM010000021.1_46	49597	50631	1035	-1	0.672	11	AGGA	NA	NA	NA	0	0	0	1	NA	NA	NA	NA	NA
JBHJCM010000021.1_47	50681	51406	726	1	0.694	11	None	GENOMAD.049531.CC	5.355e-12	68	0	0	0	1	NA	NA	NA	PF15610;TIGR00201;COG1040;K02242	comF family protein
JBHJCM010000021.1_48	51773	52678	906	-1	0.681	11	None	GENOMAD.111079.CP	8.171e-32	129	0	0	0	1	NA	NA	NA	PF01040;K06125;COG0382;TIGR01474	4-hydroxybenzoate polyprenyltransferase
JBHJCM010000021.1_49	53632	55275	1644	-1	0.636	11	None	NA	NA	NA	0	0	0	1	NA	NA	NA	NA	NA
JBHJCM010000021.1_50	56131	58527	2397	-1	0.601	11	GGAG/GAGG	GENOMAD.058049.PP	2.408e-167	547	0	0	0	1	NA	NA	NA	PF05819;K18376	NolX protein
JBHJCM010000021.1_51	59400	59855	456	1	0.634	11	GGAG/GAGG	NA	NA	NA	0	0	0	1	NA	NA	NA	NA	NA
JBHJCM010000021.1_52	60068	61870	1803	1	0.653	11	GGAG/GAGG	NA	NA	NA	0	0	0	1	NA	NA	NA	NA	NA
JBHJCM010000021.1_53	62490	62924	435	-1	0.584	11	None	GENOMAD.088856.PP	2.263e-63	213	0	0	0	1	NA	NA	NA	PF07824;K18380;TIGR02513	Type III secretion chaperone domain
JBHJCM010000021.1_54	63015	63296	282	-1	0.532	11	AGGAG	NA	NA	NA	0	0	0	1	NA	NA	NA	NA	NA
JBHJCM010000021.1_55	63377	63619	243	-1	0.601	11	GGA/GAG/AGG	NA	NA	NA	0	0	0	1	NA	NA	NA	NA	NA
JBHJCM010000021.1_56	63631	64569	939	-1	0.635	11	AGGAG	NA	NA	NA	0	0	0	1	NA	NA	NA	NA	NA
JBHJCM010000021.1_57	64566	65393	828	-1	0.652	11	GGA/GAG/AGG	NA	NA	NA	0	0	0	1	NA	NA	NA	NA	NA
JBHJCM010000021.1_58	65390	65650	261	-1	0.640	11	None	NA	NA	NA	0	0	0	1	NA	NA	NA	NA	NA
JBHJCM010000021.1_59	65655	66299	645	-1	0.597	11	GGAG/GAGG	NA	NA	NA	0	0	0	1	NA	NA	NA	NA	NA
JBHJCM010000021.1_60	66286	67290	1005	-1	0.658	11	GGAGG	GENOMAD.197924.PC	1.148e-181	565	0	0	0	1	NA	NA	NA	PF06622;K03225;TIGR02480	SepQ protein
JBHJCM010000021.1_61	67332	67970	639	-1	0.657	11	GGxGG	NA	NA	NA	0	0	0	1	NA	NA	NA	NA	NA
JBHJCM010000021.1_62	67970	69907	1938	-1	0.622	11	GGAG/GAGG	NA	NA	NA	0	0	0	1	NA	NA	NA	NA	NA
JBHJCM010000021.1_63	69901	70974	1074	-1	0.611	11	AGGAG	NA	NA	NA	0	0	0	1	NA	NA	NA	NA	NA
JBHJCM010000021.1_64	71189	71644	456	1	0.634	11	GGAG/GAGG	GENOMAD.216464.PC	4.912e-50	175	0	0	0	1	NA	NA	NA	PF09613;K18373;TIGR02561	type III secretion protein HrpB1/HrpK
JBHJCM010000021.1_65	71678	72070	393	1	0.616	11	AGGAG	NA	NA	NA	0	0	0	1	NA	NA	NA	NA	NA
JBHJCM010000021.1_66	72072	72833	762	1	0.635	11	None	GENOMAD.167309.PC	7.915e-35	136	0	0	0	1	NA	NA	NA	PF01514;K03222;COG4669;TIGR02544	Type III secretory pathway, lipoprotein EscJ
JBHJCM010000021.1_67	72841	73470	630	1	0.673	11	GGA/GAG/AGG	NA	NA	NA	0	0	0	1	NA	NA	NA	NA	NA
JBHJCM010000021.1_68	73455	74156	702	1	0.699	11	GGAGG	NA	NA	NA	0	0	0	1	NA	NA	NA	NA	NA
JBHJCM010000021.1_69	74146	75474	1329	1	0.668	11	AGGAG	NA	NA	NA	0	0	0	1	NA	NA	NA	NA	NA
JBHJCM010000021.1_70	75467	75976	510	1	0.659	11	None	NA	NA	NA	0	0	0	1	NA	NA	NA	NA	NA
JBHJCM010000021.1_71	75973	76803	831	1	0.615	11	GGxGG	GENOMAD.171038.PC	1.095e-14	77	0	0	0	1	NA	NA	NA	PF01311;COG1684;TIGR01400;K22509	Flagellar biosynthesis protein FliR
JBHJCM010000021.1_72	76885	78708	1824	1	0.642	11	GGAG/GAGG	GENOMAD.181251.PC	1.515e-18	93	0	0	0	1	NA	NA	NA	PF00263;PF03958;K22504;TIGR02516;COG1450	type III secretion outer membrane pore, YscC/HrcC family
JBHJCM010000021.1_73	78935	79897	963	-1	0.628	11	GGAG/GAGG	NA	NA	NA	0	0	0	1	NA	NA	NA	NA	NA
JBHJCM010000021.1_74	80201	82471	2271	1	0.528	11	None	NA	NA	NA	0	0	0	1	NA	NA	NA	NA	NA
JBHJCM010000021.1_75	82611	82877	267	1	0.569	11	GGAG/GAGG	NA	NA	NA	0	0	0	1	NA	NA	NA	NA	NA
JBHJCM010000022.1_1	2	373	372	1	0.634	11	None	GENOMAD.180345.CP	7.05e-17	78	0	0	0	1	NA	NA	NA	PF20024;K03712;TIGR04472;COG5631	mobile rSAM pair MarR family regulator
JBHJCM010000022.1_2	381	875	495	1	0.624	11	AGGAG	NA	NA	NA	0	0	0	1	NA	NA	NA	NA	NA
JBHJCM010000022.1_3	975	1238	264	1	0.591	11	GGA/GAG/AGG	NA	NA	NA	0	0	0	1	NA	NA	NA	NA	NA
JBHJCM010000022.1_4	2237	2557	321	-1	0.620	11	GGAGG	GENOMAD.003164.PP	0.0001128	42	0	0	0	1	NA	NA	NA	PF07424	TrbM
JBHJCM010000022.1_5	2968	3111	144	-1	0.562	11	None	NA	NA	NA	0	0	0	1	NA	NA	NA	NA	NA
JBHJCM010000022.1_6	3213	3569	357	-1	0.543	11	GGAG/GAGG	NA	NA	NA	0	0	0	1	NA	NA	NA	NA	NA
JBHJCM010000022.1_7	3802	4071	270	-1	0.607	11	GGA/GAG/AGG	NA	NA	NA	0	0	0	1	NA	NA	NA	NA	NA
JBHJCM010000022.1_8	4361	4750	390	-1	0.679	11	AGGAG	NA	NA	NA	0	0	0	1	NA	NA	NA	NA	NA
JBHJCM010000022.1_9	5145	7775	2631	-1	0.559	11	GGA/GAG/AGG	GENOMAD.167640.PC	4.122e-72	266	0	0	0	1	NA	NA	NA	PF13166;TIGR00606;COG4694;K02045	rad50
JBHJCM010000022.1_10	8215	9060	846	-1	0.447	11	AGGA	NA	NA	NA	0	0	0	1	NA	NA	NA	NA	NA
JBHJCM010000022.1_11	9598	13464	3867	-1	0.646	11	AGGAG	GENOMAD.219526.VC	0.0	2055	0	0	0	1	NA	NA	NA	NA	NA
JBHJCM010000022.1_12	13829	16609	2781	-1	0.647	11	GGAGG	GENOMAD.152082.CP	1.638e-81	296	0	0	0	1	NA	NA	NA	PF00593;PF07715;PF00691;TIGR01782;COG4773;K16089	TonB-dependent receptor
JBHJCM010000022.1_13	16896	17918	1023	1	0.682	11	GGAG/GAGG	NA	NA	NA	0	0	0	1	NA	NA	NA	NA	NA
JBHJCM010000022.1_14	18101	18388	288	-1	0.601	11	None	NA	NA	NA	0	0	0	1	NA	NA	NA	NA	NA
JBHJCM010000022.1_15	18555	19763	1209	-1	0.640	11	AGGAG	GENOMAD.159854.CP	2.681e-179	562	0	0	0	1	NA	NA	NA	PF12242;PF07055;PF12241;K00209;COG3007;TIGR01829	Trans-2-enoyl-CoA reductase
JBHJCM010000022.1_16	20043	23390	3348	1	0.676	11	None	GENOMAD.192015.CP	1.581e-37	157	0	0	0	1	NA	NA	NA	PF17874;PF10137;K09667;TIGR00540;COG3071	MalT-like TPR region; Predicted nucleotide-binding protein containing TIR-like domain
JBHJCM010000022.1_17	23387	23785	399	1	0.589	11	AGGA/GGAG/GAGG	NA	NA	NA	0	0	0	1	NA	NA	NA	NA	NA
JBHJCM010000022.1_18	23920	24519	600	-1	0.597	11	GGAG/GAGG	NA	NA	NA	0	0	0	1	NA	NA	NA	NA	NA
JBHJCM010000022.1_19	24758	25156	399	-1	0.669	11	GGAG/GAGG	NA	NA	NA	0	0	0	1	NA	NA	NA	NA	NA
JBHJCM010000022.1_20	25756	26388	633	-1	0.689	11	GGA/GAG/AGG	NA	NA	NA	0	0	0	1	NA	NA	NA	NA	NA
JBHJCM010000022.1_21	26385	27488	1104	-1	0.684	11	None	GENOMAD.151958.CP	2.411e-06	52	0	0	0	1	NA	NA	NA	PF07730;K11623;COG3920	Two-component sensor histidine kinase, HisKA and HATPase domains
JBHJCM010000022.1_22	27645	28211	567	1	0.679	11	AGGAG	GENOMAD.169876.CP	8.279e-08	54	0	0	0	1	NA	NA	NA	PF04140;K16168;COG1755;TIGR04571	Uncharacterized protein YpbQ, isoprenylcysteine carboxyl methyltransferase (ICMT) family
JBHJCM010000022.1_23	28429	28851	423	1	0.636	11	GGAG/GAGG	GENOMAD.166713.CP	3.919e-22	94	0	0	0	1	NA	NA	NA	PF09912;COG4704	Uncharacterized conserved protein, DUF2141 family
JBHJCM010000022.1_24	28878	30392	1515	1	0.659	11	AGGAG	GENOMAD.148022.CP	1.604e-28	124	0	0	0	1	NA	NA	NA	PF03055;K23363;COG3670	Carotenoid cleavage dioxygenase or a related enzyme
JBHJCM010000022.1_25	30532	31698	1167	1	0.677	11	None	NA	NA	NA	0	0	0	1	NA	NA	NA	NA	NA
JBHJCM010000022.1_26	31836	32795	960	-1	0.606	11	GGAG/GAGG	NA	NA	NA	0	0	0	1	NA	NA	NA	NA	NA
JBHJCM010000022.1_27	32795	33193	399	-1	0.684	11	GGAG/GAGG	NA	NA	NA	0	0	0	1	NA	NA	NA	NA	NA
JBHJCM010000022.1_28	33344	33523	180	1	0.689	11	AGGAG	NA	NA	NA	0	0	0	1	NA	NA	NA	NA	NA
JBHJCM010000022.1_29	33626	34021	396	-1	0.621	11	AGGAG	GENOMAD.179052.CP	3.279e-53	183	0	0	0	1	NA	NA	NA	PF05610;K09959;COG3564;TIGR02011	Uncharacterized conserved protein, DUF779 family
JBHJCM010000022.1_30	34198	35727	1530	-1	0.617	11	AGGAG	NA	NA	NA	0	0	0	1	NA	NA	NA	NA	NA
JBHJCM010000022.1_31	36114	36632	519	-1	0.661	11	GGAG/GAGG	NA	NA	NA	0	0	0	1	NA	NA	NA	NA	NA
JBHJCM010000022.1_32	36827	37123	297	-1	0.670	11	None	NA	NA	NA	0	0	0	1	NA	NA	NA	NA	NA
JBHJCM010000022.1_33	37234	39372	2139	-1	0.691	11	GGA/GAG/AGG	GENOMAD.127342.CP	2.897e-16	86	0	0	0	1	NA	NA	NA	PF11854;PF07715;TIGR01776;COG4773;K16090	TonB-dependent lactoferrin and transferrin receptors
JBHJCM010000022.1_34	39529	40731	1203	1	0.664	11	GGA/GAG/AGG	GENOMAD.141045.CP	2.265e-09	62	0	0	0	1	NA	NA	NA	PF12897;K00832;COG1448;TIGR03537	Aspartate/tyrosine/aromatic aminotransferase
JBHJCM010000022.1_35	40850	41692	843	1	0.458	11	AGGA	NA	NA	NA	0	0	0	1	NA	NA	NA	NA	NA
JBHJCM010000022.1_36	41916	42683	768	1	0.578	11	None	GENOMAD.214138.CP	7.276e-14	74	0	0	0	1	NA	NA	NA	NA	NA
JBHJCM010000022.1_37	42680	42916	237	1	0.498	11	AGGAG	NA	NA	NA	0	0	0	1	NA	NA	NA	NA	NA
JBHJCM010000022.1_38	43257	44267	1011	1	0.642	11	GGA/GAG/AGG	NA	NA	NA	0	0	0	1	NA	NA	NA	NA	NA
JBHJCM010000022.1_39	44566	45057	492	1	0.614	11	GGAG/GAGG	GENOMAD.054209.CC	1.4e-52	183	0	0	0	1	NA	NA	NA	TIGR03066	Gemmata obscuriglobus paralogous family TIGR03066
JBHJCM010000022.1_40	45282	45524	243	1	0.613	11	GGAG/GAGG	NA	NA	NA	0	0	0	1	NA	NA	NA	NA	NA
JBHJCM010000022.1_41	45672	45896	225	1	0.533	11	None	GENOMAD.171189.CP	2.956e-06	45	0	0	0	1	NA	NA	NA	PF09932;COG5460	Uncharacterized conserved protein, DUF2164 family
JBHJCM010000022.1_42	45962	46351	390	1	0.613	11	GGA/GAG/AGG	NA	NA	NA	0	0	0	1	NA	NA	NA	NA	NA
JBHJCM010000022.1_43	46723	48351	1629	1	0.646	11	GGAG/GAGG	GENOMAD.074457.CP	1.39e-108	364	0	0	0	1	NA	NA	NA	PF19289;PF01523;K03568;COG0312	Predicted Zn-dependent protease or its inactivated homolog
JBHJCM010000022.1_44	49070	50704	1635	1	0.647	11	GGAG/GAGG	GENOMAD.074457.CP	1.315e-110	370	0	0	0	1	NA	NA	NA	PF19289;PF01523;K03568;COG0312	Predicted Zn-dependent protease or its inactivated homolog
JBHJCM010000022.1_45	50719	52053	1335	1	0.631	11	AGGAG	GENOMAD.064056.CP	1.935e-119	391	0	0	0	1	NA	NA	NA	PF19289;PF01523;COG0312;K03592	Predicted Zn-dependent protease or its inactivated homolog
JBHJCM010000022.1_46	52158	52868	711	1	0.602	11	None	GENOMAD.124497.CP	1.514e-112	360	0	0	0	1	NA	NA	NA	PF13709	NA
JBHJCM010000022.1_47	52981	53973	993	1	0.678	11	GGA/GAG/AGG	NA	NA	NA	0	0	0	1	NA	NA	NA	NA	NA
JBHJCM010000022.1_48	53987	54886	900	1	0.682	11	AGGA/GGAG/GAGG	GENOMAD.132513.CP	1.783e-07	55	0	0	0	1	NA	NA	NA	PF01882;COG1721	Uncharacterized conserved protein, DUF58 family, contains vWF domain
JBHJCM010000022.1_49	54930	56129	1200	1	0.725	11	AGxAGG/AGGxGG	GENOMAD.019425.CC	9.872e-225	693	0	0	0	1	NA	NA	NA	NA	NA
JBHJCM010000022.1_50	56126	58384	2259	1	0.739	11	None	GENOMAD.027336.CC	3.043e-45	180	0	0	0	1	NA	NA	NA	NA	NA
JBHJCM010000022.1_51	58542	60323	1782	1	0.746	11	GGAG/GAGG	GENOMAD.056591.CC	1.703e-15	83	0	0	0	1	NA	NA	NA	PF06283;COG3828	Trehalose utilisation
JBHJCM010000022.1_52	60583	61233	651	-1	0.670	11	None	GENOMAD.154704.CP	5.469e-53	187	0	0	0	1	NA	NA	NA	PF06080;TIGR00740;K18534;COG2226	tRNA (cmo5U34)-methyltransferase
JBHJCM010000022.1_53	61430	62248	819	-1	0.678	11	GGA/GAG/AGG	GENOMAD.192568.CP	3.189e-104	338	0	0	0	1	NA	NA	NA	PF12787	EcsC protein family
JBHJCM010000022.1_54	62395	62868	474	1	0.641	11	None	GENOMAD.172157.CP	9.113e-88	284	0	0	0	1	NA	NA	NA	PF19569;COG2867	START-like superfamily domain
JBHJCM010000022.1_55	63212	64702	1491	-1	0.651	11	GGAG/GAGG	NA	NA	NA	0	0	0	1	NA	NA	NA	NA	NA
JBHJCM010000022.1_56	65235	65564	330	-1	0.636	11	GGAG/GAGG	NA	NA	NA	0	0	0	1	NA	NA	NA	NA	NA
JBHJCM010000022.1_57	65585	65983	399	-1	0.637	11	AGGAG	GENOMAD.189452.CP	2.947e-30	117	0	0	0	1	NA	NA	NA	PF18856;COG5622	Protein required for attachment to host cells
JBHJCM010000022.1_58	66367	70179	3813	-1	0.687	11	GGA/GAG/AGG	GENOMAD.142505.CP	2.114e-51	203	0	0	0	1	NA	NA	NA	PF01435;COG0501	Zn-dependent protease with chaperone function
JBHJCM010000022.1_59	70373	70825	453	-1	0.698	11	GGA/GAG/AGG	NA	NA	NA	0	0	0	1	NA	NA	NA	NA	NA
JBHJCM010000022.1_60	71083	71739	657	1	0.689	11	GGAG/GAGG	NA	NA	NA	0	0	0	1	NA	NA	NA	NA	NA
JBHJCM010000022.1_61	71849	72913	1065	1	0.688	11	GGAGG	GENOMAD.189937.PC	0.0006782	44	0	0	0	1	NA	NA	NA	NA	NA
JBHJCM010000022.1_62	72910	73221	312	1	0.689	11	None	NA	NA	NA	0	0	0	1	NA	NA	NA	NA	NA
JBHJCM010000022.1_63	73522	73962	441	-1	0.633	11	GGA/GAG/AGG	GENOMAD.167948.CP	1.099e-21	93	0	0	0	1	NA	NA	NA	PF08327;COG3832;K09386	Activator of Hsp90 ATPase homolog 1-like protein
JBHJCM010000022.1_64	74266	75435	1170	1	0.718	11	None	NA	NA	NA	0	0	0	1	NA	NA	NA	NA	NA
JBHJCM010000022.1_65	75672	75860	189	1	0.582	11	GGA/GAG/AGG	GENOMAD.180845.CP	2.981e-08	50	0	0	0	1	NA	NA	NA	PF05532;COG3237	Uncharacterized conserved protein YjbJ, UPF0337 family
JBHJCM010000022.1_66	76553	77443	891	1	0.497	11	GGA/GAG/AGG	NA	NA	NA	0	0	0	1	NA	NA	NA	NA	NA
JBHJCM010000022.1_67	78189	78326	138	-1	0.558	11	GGAG/GAGG	NA	NA	NA	0	0	0	1	NA	NA	NA	NA	NA
JBHJCM010000022.1_68	78564	79346	783	1	0.618	11	GGA/GAG/AGG	NA	NA	NA	0	0	0	1	NA	NA	NA	NA	NA
JBHJCM010000022.1_69	79746	79967	222	1	0.649	11	AGGAG	NA	NA	NA	0	0	0	1	NA	NA	NA	NA	NA
JBHJCM010000022.1_70	80092	80382	291	1	0.629	11	GGA/GAG/AGG	GENOMAD.204499.VV	3.293e-37	135	0	0	0	2773	Inoviridae	NA	NA	NA	NA
JBHJCM010000023.1_1	378	1193	816	1	0.620	11	GGA/GAG/AGG	NA	NA	NA	0	0	0	1	NA	NA	NA	NA	NA
JBHJCM010000023.1_2	1744	2316	573	1	0.639	11	GGAG/GAGG	GENOMAD.032274.CC	3.696e-80	264	0	0	0	1	NA	NA	NA	PF14315	NA
JBHJCM010000023.1_3	2368	2862	495	1	0.669	11	None	GENOMAD.032274.CC	2.822e-87	283	0	0	0	1	NA	NA	NA	PF14315	NA
JBHJCM010000023.1_4	2925	4532	1608	1	0.635	11	None	NA	NA	NA	0	0	0	1	NA	NA	NA	NA	NA
JBHJCM010000023.1_5	4708	5841	1134	-1	0.645	11	GGAGG	GENOMAD.181208.CP	9.802e-43	164	0	0	0	1	NA	NA	NA	K20962;COG3604;TIGR01817	Transcriptional regulator containing GAF, AAA-type ATPase, and DNA-binding Fis domains
JBHJCM010000023.1_6	6270	6899	630	-1	0.652	11	None	NA	NA	NA	0	0	0	1	NA	NA	NA	NA	NA
JBHJCM010000023.1_7	7105	9081	1977	1	0.634	11	GGA/GAG/AGG	NA	NA	NA	0	0	0	1	NA	NA	NA	NA	NA
JBHJCM010000023.1_8	9352	9888	537	1	0.669	11	GGAG/GAGG	NA	NA	NA	0	0	0	1	NA	NA	NA	NA	NA
JBHJCM010000023.1_9	9970	10347	378	-1	0.688	11	GGA/GAG/AGG	NA	NA	NA	0	0	0	1	NA	NA	NA	NA	NA
JBHJCM010000023.1_10	10476	10976	501	1	0.707	11	None	GENOMAD.190009.CP	1.929e-50	177	0	0	0	1	NA	NA	NA	PF14094	NA
JBHJCM010000023.1_11	11256	11924	669	-1	0.697	11	GGAG/GAGG	NA	NA	NA	0	0	0	1	NA	NA	NA	NA	NA
JBHJCM010000023.1_12	12265	13215	951	1	0.673	11	GGxGG	NA	NA	NA	0	0	0	1	NA	NA	NA	NA	NA
JBHJCM010000023.1_13	13212	13943	732	1	0.701	11	GGAGG	NA	NA	NA	0	0	0	1	NA	NA	NA	NA	NA
JBHJCM010000023.1_14	14351	15871	1521	-1	0.648	11	AGGA	GENOMAD.098617.VV	3.422e-05	49	0	0	0	1246	Caudoviricetes	NA	NA	NA	NA
JBHJCM010000023.1_15	15977	17530	1554	-1	0.621	11	None	NA	NA	NA	0	0	0	1	NA	NA	NA	NA	NA
JBHJCM010000023.1_16	17879	19012	1134	-1	0.637	11	GGAGG	GENOMAD.125907.CP	1.475e-19	94	0	0	0	1	NA	NA	NA	PF14905;PF07715;TIGR01783;COG4771;K19611	TonB-dependent siderophore receptor
JBHJCM010000023.1_17	19329	22367	3039	-1	0.646	11	GGAGG	GENOMAD.125907.CP	1.534e-17	91	0	0	0	1	NA	NA	NA	PF14905;PF07715;TIGR01783;COG4771;K19611	TonB-dependent siderophore receptor
JBHJCM010000023.1_18	22535	23587	1053	-1	0.701	11	AGGA/GGAG/GAGG	GENOMAD.137637.CP	4.501e-06	51	0	0	0	1	NA	NA	NA	PF00532;TIGR01481;COG1609;K02529	catabolite control protein A
JBHJCM010000023.1_19	23999	24970	972	1	0.703	11	GGA/GAG/AGG	NA	NA	NA	0	0	0	1	NA	NA	NA	NA	NA
JBHJCM010000023.1_20	24970	27636	2667	1	0.667	11	None	GENOMAD.112786.CP	2.414e-205	662	0	0	0	1	NA	NA	NA	PF19277;PF01553;K00631;TIGR03703;COG2937	glycerol-3-phosphate O-acyltransferase
JBHJCM010000023.1_21	27976	28956	981	1	0.682	11	AGGAG	NA	NA	NA	0	0	0	1	NA	NA	NA	NA	NA
JBHJCM010000023.1_22	29586	29804	219	-1	0.630	11	None	GENOMAD.007320.CC	4.225e-09	53	0	0	0	1	NA	NA	NA	PF04325;COG5481	Uncharacterized conserved protein YdcH, DUF465 family
JBHJCM010000023.1_23	29942	30514	573	1	0.646	11	AGGAG	NA	NA	NA	0	0	0	1	NA	NA	NA	NA	NA
JBHJCM010000023.1_24	30678	30977	300	1	0.617	11	GGAG/GAGG	NA	NA	NA	0	0	0	1	NA	NA	NA	NA	NA
JBHJCM010000023.1_25	31191	31544	354	1	0.562	11	GGA/GAG/AGG	GENOMAD.053075.CC	1.358e-15	74	0	0	0	1	NA	NA	NA	PF06877;COG3076;K09893	Regulator of RNase E activity RraB
JBHJCM010000023.1_26	31603	32136	534	-1	0.646	11	GGA/GAG/AGG	NA	NA	NA	0	0	0	1	NA	NA	NA	NA	NA
JBHJCM010000023.1_27	32475	33509	1035	-1	0.643	11	GGA/GAG/AGG	GENOMAD.151274.CP	2.48e-30	126	0	0	0	1246	Caudoviricetes	NA	NA	K15921;COG3940	Beta-xylosidase, GH43 family
JBHJCM010000023.1_28	33542	35029	1488	-1	0.613	11	None	NA	NA	NA	0	0	0	1	NA	NA	NA	NA	NA
JBHJCM010000023.1_29	35128	38061	2934	-1	0.642	11	GGA/GAG/AGG	GENOMAD.152082.CP	7.969e-56	216	0	0	0	1	NA	NA	NA	PF00593;PF07715;PF00691;TIGR01782;COG4773;K16089	TonB-dependent receptor
JBHJCM010000023.1_30	38522	39835	1314	1	0.654	11	GGA/GAG/AGG	GENOMAD.133797.CP	3.781e-11	68	0	0	0	1	NA	NA	NF012174	PF00083;TIGR00892;K08194;COG2223	monocarboxylate transporter 1
JBHJCM010000023.1_31	39845	40837	993	1	0.638	11	GGAG/GAGG	NA	NA	NA	0	0	0	1	NA	NA	NA	NA	NA
JBHJCM010000023.1_32	41315	42292	978	1	0.625	11	GGAG/GAGG	NA	NA	NA	0	0	0	1	NA	NA	NA	NA	NA
JBHJCM010000023.1_33	42333	43751	1419	1	0.656	11	None	GENOMAD.160785.CP	3.765e-114	377	0	0	0	1	NA	NA	NA	NA	NA
JBHJCM010000023.1_34	43836	46607	2772	1	0.658	11	AGGA/GGAG/GAGG	GENOMAD.146053.CP	1.589e-11	71	0	0	0	1	NA	NA	NA	PF18368;PF02836;PF02837;PF17786;K15855;COG3250	Beta-galactosidase/beta-glucuronidase
JBHJCM010000023.1_35	46655	47839	1185	1	0.623	11	GGA/GAG/AGG	NA	NA	NA	0	0	0	1	NA	NA	NA	NA	NA
JBHJCM010000023.1_36	48051	49088	1038	1	0.651	11	AGGA	NA	NA	NA	0	0	0	1	NA	NA	NA	NA	NA
JBHJCM010000023.1_37	49598	50044	447	1	0.682	11	None	GENOMAD.167547.CP	2.609e-11	63	0	0	0	1	NA	NA	NA	COG4731	Uncharacterized conserved protein, DUF2147 family
JBHJCM010000023.1_38	50127	51044	918	1	0.651	11	GGA/GAG/AGG	NA	NA	NA	0	0	0	1	NA	NA	NA	NA	NA
JBHJCM010000023.1_39	51044	52690	1647	1	0.689	11	None	NA	NA	NA	0	0	0	1	NA	NA	NA	NA	NA
JBHJCM010000023.1_40	52677	53357	681	1	0.696	11	GGAGG	NA	NA	NA	0	0	0	1	NA	NA	NA	NA	NA
JBHJCM010000023.1_41	53354	54817	1464	1	0.676	11	None	GENOMAD.117114.CP	4.68e-07	55	0	0	0	1	NA	NA	NA	PF00202;TIGR00713;K21585;COG0001	glutamate-1-semialdehyde-2,1-aminomutase
JBHJCM010000023.1_42	54822	55463	642	1	0.720	11	None	GENOMAD.028140.CC	6.297e-94	305	0	0	0	1	NA	NA	NA	PF00596;COG0235;TIGR00760;K01628	Ribulose-5-phosphate 4-epimerase/Fuculose-1-phosphate aldolase
JBHJCM010000023.1_43	55473	56681	1209	1	0.716	11	GGAG/GAGG	GENOMAD.207198.PC	3.646e-47	178	0	0	0	1	NA	NA	NA	PF05977;TIGR00902;COG2223;K18567	phenyl proprionate permease family protein
JBHJCM010000023.1_44	56784	58220	1437	1	0.705	11	GGA/GAG/AGG	NA	NA	NA	0	0	0	1	NA	NA	NA	NA	NA
JBHJCM010000023.1_45	58432	59178	747	1	0.671	11	AGGA/GGAG/GAGG	GENOMAD.133737.CP	4.227e-06	50	0	0	0	1	NA	NA	NA	PF13022;TIGR03384;COG3226;K16138	transcriptional repressor BetI
JBHJCM010000023.1_46	59311	60333	1023	-1	0.695	11	AGGA	NA	NA	NA	0	0	0	1	NA	NA	NA	NA	NA
JBHJCM010000023.1_47	60629	61546	918	1	0.631	11	AGGAG	GENOMAD.171283.VV	2.242e-22	101	0	0	0	1246	Caudoviricetes	NA	NA	NA	NA
JBHJCM010000023.1_48	62033	62452	420	1	0.579	11	AGGA	GENOMAD.213831.PC	7.534e-40	145	0	0	0	1	NA	NA	NA	NA	NA
JBHJCM010000023.1_49	62561	62950	390	1	0.621	11	GGAGG	GENOMAD.167957.PC	4.127e-66	220	0	0	0	1	NA	NA	NF000005	PF19581;COG3324;TIGR03645;K08234	Predicted enzyme related to lactoylglutathione lyase
JBHJCM010000023.1_50	63032	64504	1473	-1	0.666	11	GGA/GAG/AGG	NA	NA	NA	0	0	0	1	NA	NA	NA	NA	NA
JBHJCM010000023.1_51	64653	67361	2709	-1	0.678	11	AGGA	NA	NA	NA	0	0	0	1	NA	NA	NA	NA	NA
JBHJCM010000023.1_52	67364	69058	1695	-1	0.657	11	GGA/GAG/AGG	GENOMAD.137986.CP	0.000163	47	0	0	0	1	NA	NA	NA	PF03664;PF04616;COG3507;K15921	Beta-xylosidase
JBHJCM010000023.1_53	69058	70317	1260	-1	0.656	11	GGA/GAG/AGG	NA	NA	NA	0	0	0	1	NA	NA	NA	NA	NA
JBHJCM010000023.1_54	70329	72293	1965	-1	0.682	11	GGA/GAG/AGG	GENOMAD.145791.CP	3.282e-101	347	0	0	0	1	NA	NA	NA	PF13364;K05970	Beta-galactosidase jelly roll domain
JBHJCM010000023.1_55	72290	74485	2196	-1	0.649	11	GGA/GAG/AGG	GENOMAD.181541.CP	5.415e-19	95	0	0	0	1	NA	NA	NA	PF03648;K01235;COG3661	Alpha-glucuronidase
JBHJCM010000023.1_56	74662	75735	1074	1	0.664	11	GGAG/GAGG	NA	NA	NA	0	0	0	1	NA	NA	NA	NA	NA
JBHJCM010000024.1_1	391	3591	3201	-1	0.650	11	GGA/GAG/AGG	GENOMAD.138336.CP	3.595e-14	80	0	0	0	1	NA	NA	NA	PF00171;COG1012;TIGR02288;K06447	Acyl-CoA reductase or other NAD-dependent aldehyde dehydrogenase
JBHJCM010000024.1_2	3794	4333	540	1	0.630	11	GGA/GAG/AGG	GENOMAD.132183.CP	3.396e-32	125	0	0	0	1	NA	NA	NA	PF10003;COG5488	Integral membrane protein (DUF2244)
JBHJCM010000024.1_3	4350	5309	960	1	0.651	11	GGA/GAG/AGG	NA	NA	NA	0	0	0	1	NA	NA	NA	NA	NA
JBHJCM010000024.1_4	5348	6952	1605	1	0.617	11	GGAG/GAGG	NA	NA	NA	0	0	0	1	NA	NA	NA	NA	NA
JBHJCM010000024.1_5	6933	7106	174	1	0.655	11	GGAG/GAGG	NA	NA	NA	0	0	0	1	NA	NA	NA	NA	NA
JBHJCM010000024.1_6	7103	7699	597	1	0.650	11	GGAG/GAGG	GENOMAD.134250.CP	1.991e-47	170	0	0	0	1	NA	NA	NA	PF04442;COG3175	Cytochrome c oxidase assembly protein Cox11
JBHJCM010000024.1_7	7738	8613	876	1	0.613	11	GGA/GAG/AGG	NA	NA	NA	0	0	0	1	NA	NA	NA	NA	NA
JBHJCM010000024.1_8	8707	8925	219	-1	0.603	11	None	GENOMAD.152014.CP	3.874e-24	96	0	0	0	1	NA	NA	NA	PF11137	NA
JBHJCM010000024.1_9	8986	9708	723	1	0.675	11	None	GENOMAD.158628.CP	1.154e-16	82	0	0	0	1	NA	NA	NA	PF02104;COG3346;K14998	Cytochrome oxidase assembly protein ShyY1
JBHJCM010000024.1_10	9736	10311	576	1	0.689	11	GGA/GAG/AGG	GENOMAD.145419.CP	2.09e-95	308	0	0	0	1	NA	NA	NA	PF08534;COG1999;TIGR00385	Cytochrome oxidase Cu insertion factor, SCO1/SenC/PrrC family
JBHJCM010000024.1_11	10322	11485	1164	1	0.673	11	GGA/GAG/AGG	GENOMAD.123310.CP	4.587e-66	233	0	0	0	1	NA	NA	NA	PF02628;K02259;COG1612	Heme A synthase
JBHJCM010000024.1_12	11488	12384	897	1	0.637	11	GGAG/GAGG	GENOMAD.105978.CP	4.096e-25	109	0	0	0	1	NA	NA	NA	PF01040;K02257;COG0382;TIGR01473	4-hydroxybenzoate polyprenyltransferase
JBHJCM010000024.1_13	12620	14200	1581	-1	0.671	11	None	GENOMAD.142879.CP	7.669e-09	61	0	0	0	1	NA	NA	NA	PF03190;PF10345;COG3118;TIGR02738;K03672	Negative regulator of GroEL, contains thioredoxin-like and TPR-like domains
JBHJCM010000024.1_14	14371	15372	1002	-1	0.647	11	GGA/GAG/AGG	GENOMAD.158122.CP	2.026e-139	443	0	0	0	1	NA	NA	NA	COG0798	Arsenite efflux pump ArsB, ACR3 family
JBHJCM010000024.1_15	15527	17275	1749	-1	0.654	11	GGA/GAG/AGG	GENOMAD.129043.CV	9.666e-17	87	0	0	0	1	NA	NA	NA	PF08278	DNA primase DnaG DnaB-binding
JBHJCM010000024.1_16	17357	18319	963	-1	0.650	11	AGGA/GGAG/GAGG	GENOMAD.132982.CP	2.127e-14	77	0	0	0	1	NA	NA	NA	PF03631;COG1295;K07058;TIGR00766	Uncharacterized membrane protein, BrkB/YihY/UPF0761 family (not an RNase)
JBHJCM010000024.1_17	18885	19331	447	-1	0.649	11	AGGAG	NA	NA	NA	0	0	0	1	NA	NA	NA	NA	NA
JBHJCM010000024.1_18	19595	19810	216	-1	0.616	11	GGAG/GAGG	GENOMAD.137902.VC	1.021e-07	49	0	0	0	1	NA	NA	NA	PF01165;COG0828;TIGR00030	Ribosomal protein S21
JBHJCM010000024.1_19	20089	21150	1062	1	0.702	11	GGA/GAG/AGG	GENOMAD.089091.CV	1.094e-06	53	0	0	0	1246	Caudoviricetes	NA	NA	PF00814;TIGR03725;COG1214;K14742	tRNA threonylcarbamoyl adenosine modification protein YeaZ
JBHJCM010000024.1_20	21235	21591	357	1	0.613	11	None	GENOMAD.124431.CP	1.753e-21	91	0	0	0	1	NA	NA	NA	PF02152;COG1539;TIGR00526;K01633	Dihydroneopterin aldolase
JBHJCM010000024.1_21	21820	23991	2172	1	0.662	11	GGA/GAG/AGG	GENOMAD.121860.CP	1.85e-10	67	0	0	0	1	NA	NA	NA	PF00933;K01207;COG1472	Periplasmic beta-glucosidase and related glycosidases
JBHJCM010000024.1_22	24161	25339	1179	-1	0.649	11	AGGAG	NA	NA	NA	0	0	0	1	NA	NA	NA	NA	NA
JBHJCM010000024.1_23	25522	25956	435	1	0.568	11	AGGAG	GENOMAD.018404.CC	1.205e-53	185	0	0	0	1	NA	NA	NA	PF05360;COG4682	Uncharacterized membrane protein YiaA
JBHJCM010000024.1_24	26011	26343	333	-1	0.595	11	GGAG/GAGG	GENOMAD.215480.PC	9.004e-49	169	0	0	0	1	NA	NA	NA	NA	NA
JBHJCM010000024.1_25	26518	27015	498	-1	0.685	11	GGAG/GAGG	GENOMAD.154126.CP	1.754e-59	203	0	0	0	1	NA	NA	NA	PF11821;COG4803	Alternative complex III, ActD subunit
JBHJCM010000024.1_26	27216	28532	1317	-1	0.658	11	GGAG/GAGG	GENOMAD.153517.CP	0.0004656	45	0	0	0	1	NA	NA	NA	K14052;COG0833	Amino acid permease
JBHJCM010000024.1_27	28529	29305	777	-1	0.667	11	GGAG/GAGG	GENOMAD.169591.CP	2.18e-45	167	0	0	0	1	NA	NA	NA	COG3786	L,D-peptidoglycan transpeptidase YkuD, ErfK/YbiS/YcfS/YnhG family
JBHJCM010000024.1_28	29565	30662	1098	-1	0.646	11	None	NA	NA	NA	0	0	0	1	NA	NA	NA	NA	NA
JBHJCM010000024.1_29	30659	32071	1413	-1	0.653	11	GGA/GAG/AGG	GENOMAD.178675.CP	1.363e-116	384	0	0	0	1	NA	NA	NA	PF12913;PF12671;K20742;TIGR02219	SH3 domain (SH3b1 type); Putative amidase domain
JBHJCM010000024.1_30	32444	33250	807	1	0.669	11	AGGAG	GENOMAD.153557.VC	1.074e-05	49	0	0	0	1246	Caudoviricetes	NA	NA	PF01510;K11066;COG3023	N-acetyl-anhydromuramyl-L-alanine amidase AmpD
JBHJCM010000024.1_31	33342	34088	747	1	0.647	11	GGA/GAG/AGG	NA	NA	NA	0	0	0	1	NA	NA	NA	NA	NA
JBHJCM010000024.1_32	34374	34571	198	1	0.626	11	AGGA	GENOMAD.137965.CP	9.484e-13	63	0	0	0	1	NA	NA	NA	PF14255	Cysteine-rich CPXCG
JBHJCM010000024.1_33	34797	35174	378	1	0.646	11	GGA/GAG/AGG	NA	NA	NA	0	0	0	1	NA	NA	NA	NA	NA
JBHJCM010000024.1_34	35401	35754	354	1	0.661	11	AGGAG	GENOMAD.182880.CP	5.083e-42	150	0	0	0	1	NA	NA	NA	PF00036	EF hand
JBHJCM010000024.1_35	36101	36535	435	1	0.699	11	GGA/GAG/AGG	GENOMAD.147360.CP	3.763e-66	221	0	0	0	1	NA	NA	NA	PF13405;COG5126	EF-hand domain
JBHJCM010000024.1_36	36572	37324	753	1	0.639	11	None	NA	NA	NA	0	0	0	1	NA	NA	NA	NA	NA
JBHJCM010000024.1_37	37462	38034	573	1	0.635	11	GGAGG	NA	NA	NA	0	0	0	1	NA	NA	NA	NA	NA
JBHJCM010000024.1_38	38347	38946	600	1	0.693	11	None	NA	NA	NA	0	0	0	1	NA	NA	NA	NA	NA
JBHJCM010000024.1_39	39110	40477	1368	1	0.664	11	None	GENOMAD.206240.PC	3.558e-106	353	0	0	0	1	NA	NA	NA	PF07063;COG5383	Uncharacterized metalloenzyme YdcJ, glyoxalase superfamily
JBHJCM010000024.1_40	40662	43802	3141	-1	0.657	11	None	NA	NA	NA	0	0	0	1	NA	NA	NA	NA	NA
JBHJCM010000024.1_41	43936	47184	3249	-1	0.666	11	AGGA	NA	NA	NA	0	0	0	1	NA	NA	NA	NA	NA
JBHJCM010000024.1_42	47278	48522	1245	-1	0.659	11	AGGAG	NA	NA	NA	0	0	0	1	NA	NA	NA	NA	NA
JBHJCM010000024.1_43	48782	50089	1308	1	0.678	11	GGAG/GAGG	NA	NA	NA	0	0	0	1	NA	NA	NA	NA	NA
JBHJCM010000024.1_44	50246	51061	816	1	0.641	11	None	NA	NA	NA	0	0	0	1	NA	NA	NA	NA	NA
JBHJCM010000024.1_45	51164	51457	294	1	0.565	11	GGA/GAG/AGG	GENOMAD.142002.VC	0.000184	41	0	0	0	1246	Caudoviricetes	NA	NA	TIGR03505	FimV N-terminal domain
JBHJCM010000024.1_46	51563	52120	558	1	0.667	11	GGAG/GAGG	GENOMAD.058195.CC	1.036e-57	199	0	0	0	1	NA	NA	NA	PF16342;COG3895	NA
JBHJCM010000024.1_47	52478	54709	2232	1	0.628	11	GGA/GAG/AGG	NA	NA	NA	0	0	0	1	NA	NA	NA	NA	NA
JBHJCM010000024.1_48	54781	55041	261	-1	0.640	11	GGAGG	NA	NA	NA	0	0	0	1	NA	NA	NA	NA	NA
JBHJCM010000024.1_49	55143	56087	945	1	0.670	11	GGA/GAG/AGG	NA	NA	NA	0	0	0	1	NA	NA	NA	NA	NA
JBHJCM010000024.1_50	56084	57823	1740	1	0.630	11	GGA/GAG/AGG	GENOMAD.007486.CC	6.334e-117	390	0	0	0	1	NA	NA	NA	PF06315;PF20423;K00906;COG4579	Isocitrate dehydrogenase kinase/phosphatase
JBHJCM010000024.1_51	57884	58696	813	1	0.640	11	GGAG/GAGG	NA	NA	NA	0	0	0	1	NA	NA	NA	NA	NA
JBHJCM010000025.1_1	290	1471	1182	1	0.662	11	GGA/GAG/AGG	GENOMAD.171686.PC	8.639e-58	209	0	0	0	1	NA	NA	NA	COG3135	Predicted benzoate:H+ symporter BenE
JBHJCM010000025.1_2	1546	3450	1905	-1	0.666	11	GGAG/GAGG	NA	NA	NA	0	0	0	1	NA	NA	NA	NA	NA
JBHJCM010000025.1_3	3447	4040	594	-1	0.702	11	GGA/GAG/AGG	GENOMAD.211378.PC	1.869e-15	77	0	0	0	1	NA	NA	NA	PF01126;K07215;COG3230	Heme oxygenase
JBHJCM010000025.1_4	4140	5405	1266	-1	0.684	11	None	GENOMAD.151083.CP	0.0001065	47	0	0	0	1	NA	NA	NF012174	PF06963;K08153;TIGR00897;COG2223	polyol permease family
JBHJCM010000025.1_5	5688	7850	2163	-1	0.706	11	None	GENOMAD.102032.CP	4.722e-45	179	0	0	0	1	NA	NA	NA	PF01263;K01792;COG0676;TIGR02636	D-hexose-6-phosphate mutarotase
JBHJCM010000025.1_6	8026	8232	207	-1	0.700	11	GGA/GAG/AGG	NA	NA	NA	0	0	0	1	NA	NA	NA	NA	NA
JBHJCM010000025.1_7	8417	8803	387	-1	0.718	11	None	NA	NA	NA	0	0	0	1	NA	NA	NA	NA	NA
JBHJCM010000025.1_8	8874	9710	837	1	0.654	11	GGAG/GAGG	NA	NA	NA	0	0	0	1	NA	NA	NA	NA	NA
JBHJCM010000025.1_9	9759	13814	4056	-1	0.664	11	GGA/GAG/AGG	GENOMAD.193847.CP	1.565e-170	577	0	0	0	1	NA	NA	NA	PF13175;COG4913;TIGR00634;K19171	Uncharacterized protein, contains a C-terminal ATPase domain
JBHJCM010000025.1_10	14088	14789	702	-1	0.671	11	GGAG/GAGG	NA	NA	NA	0	0	0	1	NA	NA	NA	NA	NA
JBHJCM010000025.1_11	14776	16245	1470	-1	0.664	11	None	GENOMAD.197616.CP	9.529e-85	292	0	0	0	1	NA	NA	NA	PF11855	NA
JBHJCM010000025.1_12	16265	16867	603	-1	0.653	11	None	NA	NA	NA	0	0	0	1	NA	NA	NA	NA	NA
JBHJCM010000025.1_13	16998	17450	453	1	0.684	11	None	GENOMAD.132398.CP	7.215e-08	53	0	0	0	1	NA	NA	NA	PF03965;K15973;TIGR04472;COG5631	mobile rSAM pair MarR family regulator
JBHJCM010000025.1_14	17548	17757	210	1	0.605	11	AGGA	GENOMAD.206002.PC	2.043e-14	68	0	0	0	1	NA	NA	NA	PF07869;K21695	YtcA family
JBHJCM010000025.1_15	17754	18677	924	1	0.697	11	GGA/GAG/AGG	GENOMAD.138157.CP	9.79e-18	87	0	0	0	1	NA	NA	NA	PF13437;TIGR02828	HlyD family secretion protein
JBHJCM010000025.1_16	18674	20134	1461	1	0.707	11	AGxAGG/AGGxGG	NA	NA	NA	0	0	0	1	NA	NA	NA	NA	NA
JBHJCM010000025.1_17	20131	22443	2313	1	0.678	11	None	GENOMAD.180354.PC	9.075e-93	326	0	0	0	1	NA	NA	NA	COG1289;K03468	Uncharacterized membrane protein YccC
JBHJCM010000025.1_18	22719	24080	1362	-1	0.626	11	GGAG/GAGG	NA	NA	NA	0	0	0	1	NA	NA	NA	NA	NA
JBHJCM010000025.1_19	24194	24745	552	-1	0.688	11	None	GENOMAD.140606.CP	9.824e-40	147	0	0	0	1	NA	NA	NA	PF08922;PF13376	Bacteriocin-protection, YdeI or OmpD-Associated
JBHJCM010000025.1_20	25368	27215	1848	1	0.557	11	AGGA	NA	NA	NA	0	0	0	1	NA	NA	NA	NA	NA
JBHJCM010000025.1_21	27412	28677	1266	1	0.649	11	GGAG/GAGG	GENOMAD.196313.CP	5.135e-09	61	0	0	0	1	NA	NA	NA	PF17941;PF13091;TIGR04265;COG1502;K06132	cardiolipin synthase
JBHJCM010000025.1_22	28703	29230	528	-1	0.710	11	AGGA	NA	NA	NA	0	0	0	1	NA	NA	NA	NA	NA
JBHJCM010000025.1_23	29502	29708	207	1	0.652	11	None	NA	NA	NA	0	0	0	1	NA	NA	NA	NA	NA
JBHJCM010000025.1_24	29695	30774	1080	1	0.697	11	None	NA	NA	NA	0	0	0	1	NA	NA	NA	NA	NA
JBHJCM010000025.1_25	30979	31539	561	-1	0.610	11	AGGAG	NA	NA	NA	0	0	0	1	NA	NA	NA	NA	NA
JBHJCM010000025.1_26	32311	32604	294	1	0.476	11	AGGAG	NA	NA	NA	0	0	0	1	NA	NA	NA	NA	NA
JBHJCM010000025.1_27	32621	33553	933	1	0.553	11	AGGAG	NA	NA	NA	0	0	0	1	NA	NA	NA	NA	NA
JBHJCM010000025.1_28	34248	35867	1620	1	0.672	11	AGGA	GENOMAD.168505.CP	8.988e-64	232	0	0	0	1	NA	NA	NA	K03930	NA
JBHJCM010000025.1_29	35971	36369	399	-1	0.652	11	GGA/GAG/AGG	NA	NA	NA	0	0	0	1	NA	NA	NA	NA	NA
JBHJCM010000025.1_30	36666	37121	456	1	0.682	11	AGGAG	NA	NA	NA	0	0	0	1	NA	NA	NA	NA	NA
JBHJCM010000025.1_31	37150	37461	312	-1	0.641	11	GGAG/GAGG	NA	NA	NA	0	0	0	1	NA	NA	NA	NA	NA
JBHJCM010000025.1_32	37549	37818	270	1	0.541	11	GGA/GAG/AGG	NA	NA	NA	0	0	0	1	NA	NA	NA	NA	NA
JBHJCM010000025.1_33	37849	38739	891	-1	0.671	11	None	NA	NA	NA	0	0	0	1	NA	NA	NA	NA	NA
JBHJCM010000025.1_34	39078	40655	1578	1	0.650	11	AGGA	GENOMAD.018752.CC	2.222e-23	108	0	0	0	1	NA	NA	NA	NA	NA
JBHJCM010000025.1_35	42325	42567	243	1	0.634	11	GGxGG	NA	NA	NA	0	0	0	1	NA	NA	NA	NA	NA
JBHJCM010000025.1_36	43222	44574	1353	1	0.508	11	None	NA	NA	NA	0	0	0	1	NA	NA	NA	NA	NA
JBHJCM010000025.1_37	44592	44888	297	1	0.478	11	AGGA	NA	NA	NA	0	0	0	1	NA	NA	NA	NA	NA
JBHJCM010000025.1_38	45403	45837	435	1	0.618	11	None	NA	NA	NA	0	0	0	1	NA	NA	NA	NA	NA
JBHJCM010000026.1_1	141	800	660	-1	0.544	11	GGAGG	NA	NA	NA	0	0	0	1	NA	NA	NA	NA	NA
JBHJCM010000026.1_2	2082	3368	1287	-1	0.546	11	GGAG/GAGG	NA	NA	NA	0	0	0	1	NA	NA	NA	NA	NA
JBHJCM010000026.1_3	3365	4186	822	-1	0.584	11	AGGA/GGAG/GAGG	GENOMAD.159942.PC	1.642e-103	336	0	0	0	1	NA	NA	NA	NA	NA
JBHJCM010000026.1_4	4187	6034	1848	-1	0.546	11	GGAG/GAGG	NA	NA	NA	0	0	0	1	NA	NA	NA	NA	NA
JBHJCM010000026.1_5	7059	8591	1533	1	0.651	11	AGGAG	NA	NA	NA	0	0	0	1	NA	NA	NA	NA	NA
JBHJCM010000026.1_6	9086	9370	285	1	0.649	11	AGGAG	NA	NA	NA	0	0	0	1	NA	NA	NA	NA	NA
JBHJCM010000026.1_7	9373	10140	768	1	0.665	11	None	NA	NA	NA	0	0	0	1	NA	NA	NA	NA	NA
JBHJCM010000026.1_8	10146	11201	1056	1	0.664	11	None	NA	NA	NA	0	0	0	1	NA	NA	NA	NA	NA
JBHJCM010000026.1_9	11198	12250	1053	1	0.667	11	None	GENOMAD.104575.CP	1.269e-25	112	0	0	0	1246	Caudoviricetes	NA	NA	PF02873	UDP-N-acetylenolpyruvoylglucosamine reductase, C-terminal domain
JBHJCM010000026.1_10	12286	13155	870	1	0.638	11	GGA/GAG/AGG	NA	NA	NA	0	0	0	1	NA	NA	NA	NA	NA
JBHJCM010000026.1_11	13295	13999	705	1	0.647	11	GGAG/GAGG	NA	NA	NA	0	0	0	1	NA	NA	NA	NA	NA
JBHJCM010000026.1_12	14193	15476	1284	1	0.656	11	AGGA	GENOMAD.168138.CP	0.0004482	45	0	0	0	1	NA	NA	NF033135	PF01306;K08194;TIGR00903;COG2223	major facilitator 4 family protein
JBHJCM010000026.1_13	15473	16204	732	-1	0.663	11	None	GENOMAD.179808.CP	1.745e-05	48	0	0	0	1	NA	NA	NA	PF01569;COG3907;K19302	Membrane-associated enzyme, PAP2 (acid phosphatase) superfamily
JBHJCM010000026.1_14	16185	17450	1266	-1	0.660	11	None	NA	NA	NA	0	0	0	1	NA	NA	NA	NA	NA
JBHJCM010000026.1_15	17774	19000	1227	1	0.674	11	None	GENOMAD.145551.CP	2.774e-22	103	0	0	0	1	NA	NA	NA	PF14501;K15011;COG3920;TIGR02966	Two-component sensor histidine kinase, HisKA and HATPase domains
JBHJCM010000026.1_16	18997	19563	567	1	0.649	11	GGAG/GAGG	NA	NA	NA	0	0	0	1	NA	NA	NA	NA	NA
JBHJCM010000026.1_17	19744	20730	987	-1	0.629	11	GGA/GAG/AGG	NA	NA	NA	0	0	0	1	NA	NA	NA	NA	NA
JBHJCM010000026.1_18	21183	23039	1857	1	0.667	11	None	NA	NA	NA	0	0	0	1	NA	NA	NA	NA	NA
JBHJCM010000026.1_19	23241	24803	1563	-1	0.633	11	AGGAG	GENOMAD.116954.CP	1.05e-06	54	0	0	0	1246	Caudoviricetes	NA	NA	COG4146	Uncharacterized membrane permease YidK, sodium:solute symporter family
JBHJCM010000026.1_20	25060	27672	2613	-1	0.661	11	GGAG/GAGG	GENOMAD.211807.CP	2.612e-28	126	0	0	0	1	NA	NA	NA	PF18559	Galactose-binding domain-like
JBHJCM010000026.1_21	28107	30062	1956	1	0.665	11	GGAG/GAGG	GENOMAD.176626.CP	1.862e-194	619	0	0	0	1	NA	NA	NA	PF05787;K07093;COG3211	Bacterial protein of unknown function (DUF839)
JBHJCM010000026.1_22	30279	30902	624	-1	0.654	11	None	NA	NA	NA	0	0	0	1	NA	NA	NA	NA	NA
JBHJCM010000026.1_23	30906	31250	345	-1	0.675	11	GGA/GAG/AGG	NA	NA	NA	0	0	0	1	NA	NA	NA	NA	NA
JBHJCM010000026.1_24	31405	32919	1515	-1	0.666	11	None	GENOMAD.125882.CP	2.001e-50	191	0	0	0	1	NA	NA	NA	NA	NA
JBHJCM010000026.1_25	32916	33296	381	-1	0.614	11	None	NA	NA	NA	0	0	0	1	NA	NA	NA	NA	NA
JBHJCM010000026.1_26	33473	34315	843	-1	0.662	11	None	NA	NA	NA	0	0	0	1	NA	NA	NA	NA	NA
JBHJCM010000026.1_27	34312	35127	816	-1	0.674	11	None	NA	NA	NA	0	0	0	1	NA	NA	NA	NA	NA
JBHJCM010000026.1_28	35163	35648	486	-1	0.714	11	GGA/GAG/AGG	GENOMAD.094485.CP	1.57e-13	70	0	0	0	1	NA	NA	NA	PF01288;COG0801;TIGR01498	7,8-dihydro-6-hydroxymethylpterin-pyrophosphokinase
JBHJCM010000026.1_29	35652	37019	1368	-1	0.650	11	GGAG/GAGG	GENOMAD.001794.CC	3.03e-25	113	0	0	0	1	NA	NA	NA	PF12626	Polymerase A arginine-rich C-terminus
JBHJCM010000026.1_30	37631	38548	918	-1	0.662	11	GGA/GAG/AGG	NA	NA	NA	0	0	0	1	NA	NA	NA	NA	NA
JBHJCM010000026.1_31	38585	39661	1077	-1	0.659	11	None	GENOMAD.082750.CP	0.0001663	46	0	0	0	1	NA	NA	NA	PF11741	AMIN domain
JBHJCM010000026.1_32	40464	40898	435	1	0.584	11	GGA/GAG/AGG	NA	NA	NA	0	0	0	1	NA	NA	NA	NA	NA
JBHJCM010000026.1_33	40882	42381	1500	-1	0.555	11	GGAG/GAGG	NA	NA	NA	0	0	0	1	NA	NA	NA	NA	NA
JBHJCM010000026.1_34	42638	44065	1428	-1	0.651	11	GGA/GAG/AGG	NA	NA	NA	0	0	0	1	NA	NA	NA	NA	NA
JBHJCM010000027.1_1	119	472	354	-1	0.497	11	GGA/GAG/AGG	NA	NA	NA	0	0	0	1	NA	NA	NA	NA	NA
JBHJCM010000027.1_2	841	1404	564	1	0.582	11	GGAG/GAGG	GENOMAD.111553.PC	3.36e-13	70	0	0	0	1	NA	NA	NA	PF19489;K18377;COG4764	Transglycosylase SLT domain
JBHJCM010000027.1_3	1868	2887	1020	-1	0.631	11	GGA/GAG/AGG	NA	NA	NA	0	0	0	1	NA	NA	NA	NA	NA
JBHJCM010000027.1_4	3956	4612	657	1	0.595	11	GGA/GAG/AGG	NA	NA	NA	0	0	0	1	NA	NA	NA	NA	NA
JBHJCM010000027.1_5	4852	5193	342	-1	0.661	11	AGGAG	GENOMAD.166221.CP	3.856e-19	84	0	0	0	1	NA	NA	NA	PF02482;TIGR00741;COG1544;K05808	ribosomal subunit interface protein
JBHJCM010000027.1_6	5513	7936	2424	1	0.641	11	GGA/GAG/AGG	NA	NA	NA	0	0	0	1	NA	NA	NA	NA	NA
JBHJCM010000027.1_7	8033	10141	2109	-1	0.640	11	GGA/GAG/AGG	NA	NA	NA	0	0	0	1	NA	NA	NA	NA	NA
JBHJCM010000027.1_8	10832	12550	1719	-1	0.661	11	None	NA	NA	NA	0	0	0	1	NA	NA	NA	NA	NA
JBHJCM010000027.1_9	12793	13734	942	1	0.609	11	AGGA	NA	NA	NA	0	0	0	1	NA	NA	NA	NA	NA
JBHJCM010000027.1_10	13821	15449	1629	-1	0.684	11	GGA/GAG/AGG	NA	NA	NA	0	0	0	1	NA	NA	NA	NA	NA
JBHJCM010000027.1_11	15936	17519	1584	1	0.680	11	GGA/GAG/AGG	NA	NA	NA	0	0	0	1	NA	NA	NA	NA	NA
JBHJCM010000027.1_12	17516	19747	2232	1	0.678	11	None	GENOMAD.154880.CP	6.298e-16	85	0	0	0	1246	Caudoviricetes	NA	NA	PF02806	Alpha amylase, C-terminal all-beta domain
JBHJCM010000027.1_13	19750	21507	1758	1	0.670	11	GGAG/GAGG	NA	NA	NA	0	0	0	1	NA	NA	NA	NA	NA
JBHJCM010000027.1_14	21504	23453	1950	1	0.693	11	GGAG/GAGG	NA	NA	NA	0	0	0	1	NA	NA	NA	NA	NA
JBHJCM010000027.1_15	23450	26059	2610	1	0.685	11	GGA/GAG/AGG	GENOMAD.119431.CP	8.763e-95	335	0	0	0	1	NA	NA	NA	PF03065;PF12055;K06044;TIGR02401;COG3280	malto-oligosyltrehalose synthase
JBHJCM010000027.1_16	26081	26266	186	1	0.704	11	GGA/GAG/AGG	GENOMAD.147683.PC	6.379e-08	49	0	0	0	1	NA	NA	NA	PF11154	NA
JBHJCM010000027.1_17	26384	28546	2163	1	0.642	11	AGGAG	NA	NA	NA	0	0	0	1	NA	NA	NA	NA	NA
JBHJCM010000027.1_18	28563	29195	633	1	0.668	11	GGAG/GAGG	GENOMAD.151025.CP	3.887e-35	135	0	0	0	1	NA	NA	NA	PF04321;K17290;TIGR01214;COG4221	dTDP-4-dehydrorhamnose reductase
JBHJCM010000027.1_19	29366	30124	759	-1	0.651	11	GGA/GAG/AGG	NA	NA	NA	0	0	0	1	NA	NA	NA	NA	NA
JBHJCM010000027.1_20	30501	31910	1410	1	0.686	11	GGA/GAG/AGG	GENOMAD.170187.PC	2.448e-96	325	0	0	0	1	NA	NA	NA	PF13434;COG4529;TIGR00275;K07222	Uncharacterized NAD(P)/FAD-binding protein YdhS
JBHJCM010000027.1_21	32141	32572	432	1	0.646	11	GGAG/GAGG	GENOMAD.059044.PP	1.167e-19	87	0	0	0	1	NA	NA	NA	PF06903	VirK protein
JBHJCM010000027.1_22	32698	34206	1509	-1	0.693	11	None	NA	NA	NA	0	0	0	1	NA	NA	NA	NA	NA
JBHJCM010000027.1_23	34295	34912	618	1	0.625	11	None	GENOMAD.126296.CP	9.394e-19	87	0	0	0	1	NA	NA	NA	PF13022;PF08362;K18905;TIGR03613;COG1309	pyrimidine utilization regulatory protein R
JBHJCM010000027.1_24	34990	36138	1149	1	0.736	11	GGA/GAG/AGG	GENOMAD.133566.CP	3.058e-07	55	0	0	0	1	NA	NA	NA	PF12700;K15727;TIGR01730;COG0845	RND family efflux transporter, MFP subunit
JBHJCM010000027.1_25	36135	39233	3099	1	0.639	11	AGGAG	NA	NA	NA	0	0	0	1	NA	NA	NA	NA	NA
JBHJCM010000027.1_26	39366	40172	807	1	0.667	11	AGGA	NA	NA	NA	0	0	0	1	NA	NA	NA	NA	NA
JBHJCM010000027.1_27	40351	40686	336	1	0.634	11	None	GENOMAD.023318.CC	1.409e-52	180	0	0	0	1	NA	NA	NA	PF19669	NA
JBHJCM010000027.1_28	41123	42415	1293	-1	0.690	11	GGA/GAG/AGG	NA	NA	NA	0	0	0	1	NA	NA	NA	NA	NA
JBHJCM010000027.1_29	43000	43266	267	1	0.528	11	GGA/GAG/AGG	NA	NA	NA	0	0	0	1	NA	NA	NA	NA	NA
JBHJCM010000028.1_1	1	192	192	1	0.536	11	None	NA	NA	NA	0	0	0	1	NA	NA	NA	NA	NA
JBHJCM010000028.1_2	204	413	210	1	0.619	11	GGAG/GAGG	NA	NA	NA	0	0	0	1	NA	NA	NA	NA	NA
JBHJCM010000028.1_3	844	1392	549	1	0.601	11	GGA/GAG/AGG	NA	NA	NA	0	0	0	1	NA	NA	NA	NA	NA
JBHJCM010000028.1_4	1600	2094	495	1	0.525	11	AGGAG	NA	NA	NA	0	0	0	1	NA	NA	NA	NA	NA
JBHJCM010000028.1_5	2426	2623	198	1	0.626	11	4Base/6BMM	NA	NA	NA	0	0	0	1	NA	NA	NA	NA	NA
JBHJCM010000028.1_6	3084	3653	570	1	0.618	11	AGxAGG/AGGxGG	NA	NA	NA	0	0	0	1	NA	NA	NA	NA	NA
JBHJCM010000028.1_7	3830	5767	1938	1	0.658	11	GGAG/GAGG	GENOMAD.209487.PC	2.378e-05	50	0	0	0	1	NA	NA	NA	NA	NA
JBHJCM010000028.1_8	5776	6315	540	1	0.713	11	GGAG/GAGG	GENOMAD.218216.PC	3.149e-42	154	0	0	0	1	NA	NA	NA	PF22011	NA
JBHJCM010000028.1_9	6312	7697	1386	1	0.695	11	GGA/GAG/AGG	GENOMAD.170233.CP	7.287e-41	161	0	0	0	1	NA	NA	NA	PF20232;PF00498;K07169;TIGR03354;COG3456	type VI secretion system FHA domain protein
JBHJCM010000028.1_10	7694	9031	1338	1	0.672	11	None	GENOMAD.166652.PC	2.372e-39	156	0	0	0	1	NA	NA	NA	PF05936;TIGR03353;COG3522;K11893	type VI secretion protein, VC_A0114 family
JBHJCM010000028.1_11	9033	10349	1317	1	0.713	11	GGAG/GAGG	GENOMAD.167543.PC	1.674e-31	132	0	0	0	1	NA	NA	NA	PF09850;TIGR03349;COG3455	type IV / VI secretion system protein, DotU family
JBHJCM010000028.1_12	10353	13811	3459	1	0.699	11	GGA/GAG/AGG	GENOMAD.161502.PC	3.337e-110	389	0	0	0	1	NA	NA	NA	PF14331;PF06761;PF06744;PF19993;TIGR03348;K11891;COG3523	type VI secretion protein IcmF
JBHJCM010000028.1_13	13808	14461	654	1	0.673	11	None	GENOMAD.192401.PC	2.534e-21	95	0	0	0	1	NA	NA	NA	PF09867;COG3913;K11890;TIGR03373	TagF N-terminal domain, Type VI secretion system-associated
JBHJCM010000028.1_14	14458	15180	723	1	0.700	11	GGAG/GAGG	NA	NA	NA	0	0	0	1	NA	NA	NA	NA	NA
JBHJCM010000028.1_15	15177	18080	2904	1	0.695	11	GGA/GAG/AGG	GENOMAD.215794.CP	1.209e-06	55	0	0	0	1	NA	NA	NA	PF07714;K08884;COG0478;TIGR03903	RIO-like serine/threonine protein kinase fused to N-terminal HTH domain
JBHJCM010000028.1_16	18077	18403	327	1	0.688	11	GGA/GAG/AGG	NA	NA	NA	0	0	0	1	NA	NA	NA	NA	NA
JBHJCM010000028.1_17	18572	19600	1029	-1	0.691	11	GGA/GAG/AGG	GENOMAD.171322.PC	4.944e-33	134	0	0	0	1	NA	NA	NA	PF06812;K11902;TIGR03363;COG3515	type VI secretion-associated protein, ImpA family
JBHJCM010000028.1_18	19609	20580	972	-1	0.669	11	GGA/GAG/AGG	NA	NA	NA	0	0	0	1	NA	NA	NA	NA	NA
JBHJCM010000028.1_19	20694	23150	2457	-1	0.664	11	None	GENOMAD.190312.PC	1.985e-20	100	0	0	0	1	NA	NA	NA	PF19443	DAHL domain
JBHJCM010000028.1_20	23147	24139	993	-1	0.661	11	GGA/GAG/AGG	NA	NA	NA	0	0	0	1	NA	NA	NA	NA	NA
JBHJCM010000028.1_21	24136	24915	780	-1	0.651	11	GGA/GAG/AGG	NA	NA	NA	0	0	0	1	NA	NA	NA	NA	NA
JBHJCM010000028.1_22	25317	26144	828	-1	0.664	11	AGGAG	NA	NA	NA	0	0	0	1	NA	NA	NA	NA	NA
JBHJCM010000028.1_23	26192	27772	1581	-1	0.660	11	GGA/GAG/AGG	NA	NA	NA	0	0	0	1	NA	NA	NA	NA	NA
JBHJCM010000028.1_24	28383	29591	1209	1	0.620	11	GGA/GAG/AGG	NA	NA	NA	0	0	0	1	NA	NA	NA	NA	NA
JBHJCM010000028.1_25	29733	30266	534	1	0.654	11	GGA/GAG/AGG	GENOMAD.207688.CP	0.0006302	42	0	0	0	1	NA	NA	NA	K01994	NA
JBHJCM010000028.1_26	30263	33352	3090	1	0.613	11	None	NA	NA	NA	0	0	0	1	NA	NA	NA	NA	NA
JBHJCM010000028.1_27	33349	33993	645	1	0.631	11	AGGAG	NA	NA	NA	0	0	0	1	NA	NA	NA	NA	NA
JBHJCM010000028.1_28	34133	34519	387	1	0.638	11	AGGA	NA	NA	NA	0	0	0	1	NA	NA	NA	NA	NA
JBHJCM010000028.1_29	34533	34628	96	1	0.573	11	GGA/GAG/AGG	NA	NA	NA	0	0	0	1	NA	NA	NA	NA	NA
JBHJCM010000028.1_30	34941	37958	3018	1	0.626	11	GGA/GAG/AGG	NA	NA	NA	0	0	0	1	NA	NA	NA	NA	NA
JBHJCM010000028.1_31	38324	39445	1122	-1	0.569	11	AGGAG	GENOMAD.049926.PP	2.582e-11	68	0	0	0	1	NA	NA	NA	PF03421;K13478	YopJ Serine/Threonine acetyltransferase
JBHJCM010000029.1_1	1	933	933	-1	0.610	11	AGGAG	NA	NA	NA	0	0	0	1	NA	NA	NA	NA	NA
JBHJCM010000029.1_2	966	1625	660	-1	0.605	11	GGAG/GAGG	NA	NA	NA	0	0	0	1	NA	NA	NA	NA	NA
JBHJCM010000029.1_3	1784	2425	642	-1	0.615	11	GGA/GAG/AGG	NA	NA	NA	0	0	0	1	NA	NA	NA	NA	NA
JBHJCM010000029.1_4	2821	5496	2676	1	0.660	11	GGA/GAG/AGG	NA	NA	NA	0	0	0	1	NA	NA	NA	NA	NA
JBHJCM010000029.1_5	5821	6798	978	-1	0.601	11	None	NA	NA	NA	0	0	0	1	NA	NA	NA	NA	NA
JBHJCM010000029.1_6	7392	7961	570	1	0.651	11	GGA/GAG/AGG	NA	NA	NA	0	0	0	1	NA	NA	NA	NA	NA
JBHJCM010000029.1_7	8021	9169	1149	1	0.690	11	AGGAG	NA	NA	NA	0	0	0	1	NA	NA	NA	NA	NA
JBHJCM010000029.1_8	9169	10674	1506	1	0.685	11	GGAG/GAGG	GENOMAD.178810.CP	2.631e-26	117	0	0	0	1	NA	NA	NA	PF19465;PF00135;K01753;TIGR02035;COG3048	D-serine ammonia-lyase
JBHJCM010000029.1_9	10725	12068	1344	-1	0.614	11	None	NA	NA	NA	0	0	0	1	NA	NA	NA	NA	NA
JBHJCM010000029.1_10	12513	14477	1965	-1	0.621	11	AGGAG	NA	NA	NA	0	0	0	1	NA	NA	NA	NA	NA
JBHJCM010000029.1_11	14696	18163	3468	1	0.648	11	GGAG/GAGG	GENOMAD.146053.CP	4.971e-57	221	0	0	0	1	NA	NA	NA	PF18368;PF02836;PF02837;PF17786;K15855;COG3250	Beta-galactosidase/beta-glucuronidase
JBHJCM010000029.1_12	18304	18831	528	1	0.644	11	GGAGG	NA	NA	NA	0	0	0	1	NA	NA	NA	NA	NA
JBHJCM010000029.1_13	18828	21239	2412	1	0.612	11	None	GENOMAD.158496.CP	6.339e-38	157	0	0	0	1	NA	NA	NA	PF14905;PF07715;TIGR01782;K16091;COG4774	TonB-dependent receptor
JBHJCM010000029.1_14	21611	22663	1053	-1	0.667	11	GGA/GAG/AGG	NA	NA	NA	0	0	0	1	NA	NA	NA	NA	NA
JBHJCM010000029.1_15	23018	24436	1419	-1	0.669	11	GGAG/GAGG	GENOMAD.138367.CP	1.283e-67	241	0	0	0	1	NA	NA	NA	PF16254;K01302;COG4882;TIGR01902	Predicted aminopeptidase, Iap family
JBHJCM010000029.1_16	24560	24991	432	-1	0.604	11	GGAG/GAGG	NA	NA	NA	0	0	0	1	NA	NA	NA	NA	NA
JBHJCM010000029.1_17	25052	25765	714	-1	0.660	11	GGAG/GAGG	NA	NA	NA	0	0	0	1	NA	NA	NA	NA	NA
JBHJCM010000029.1_18	26231	26506	276	-1	0.649	11	None	GENOMAD.221228.CP	0.000148	41	0	0	0	1	NA	NA	NA	NA	NA
JBHJCM010000029.1_19	26765	27106	342	1	0.652	11	None	GENOMAD.162129.CP	3.127e-13	67	0	0	0	1	NA	NA	NA	PF13806;COG2146;TIGR02377;K05710	Ferredoxin subunit of nitrite reductase or a ring-hydroxylating dioxygenase
JBHJCM010000029.1_20	27167	29029	1863	-1	0.641	11	None	NA	NA	NA	0	0	0	1	NA	NA	NA	NA	NA
JBHJCM010000029.1_21	30131	30925	795	-1	0.655	11	None	NA	NA	NA	0	0	0	1	NA	NA	NA	NA	NA
JBHJCM010000029.1_22	30975	31175	201	-1	0.637	11	None	GENOMAD.105856.CP	9.956e-13	63	0	0	0	1	NA	NA	NA	PF14453;COG2104;TIGR01683	Sulfur carrier protein ThiS (thiamine biosynthesis)
JBHJCM010000029.1_23	31332	32381	1050	1	0.682	11	GGA/GAG/AGG	GENOMAD.190183.CP	5.872e-33	134	0	0	0	1	NA	NA	NA	K12686;COG3240	Phospholipase/lecithinase/hemolysin
JBHJCM010000029.1_24	32412	33149	738	1	0.652	11	None	NA	NA	NA	0	0	0	1	NA	NA	NA	NA	NA
JBHJCM010000029.1_25	33593	34780	1188	1	0.600	11	None	NA	NA	NA	0	0	0	1	NA	NA	NA	NA	NA
JBHJCM010000030.1_1	2	226	225	-1	0.636	11	GGAGG	NA	NA	NA	0	0	0	1	NA	NA	NA	NA	NA
JBHJCM010000030.1_2	230	427	198	-1	0.677	11	4Base/6BMM	NA	NA	NA	0	0	0	1	NA	NA	NA	NA	NA
JBHJCM010000030.1_3	499	1035	537	-1	0.616	11	AGGAG	GENOMAD.074042.PP	6.692e-06	48	0	0	0	1	NA	NA	NA	NA	NA
JBHJCM010000030.1_4	1039	1659	621	-1	0.599	11	AGGA	NA	NA	NA	0	0	0	1	NA	NA	NA	NA	NA
JBHJCM010000030.1_5	1772	2065	294	-1	0.609	11	GGAG/GAGG	NA	NA	NA	0	0	0	1	NA	NA	NA	NA	NA
JBHJCM010000030.1_6	2062	2355	294	-1	0.646	11	AGGAG	GENOMAD.067965.PP	2.227e-10	58	0	0	0	1	NA	NA	NA	PF04221;COG3077;TIGR02384;K07473	Antitoxin component of the RelBE or YafQ-DinJ toxin-antitoxin module
JBHJCM010000030.1_7	2429	2824	396	-1	0.629	11	GGA/GAG/AGG	NA	NA	NA	0	0	0	1	NA	NA	NA	NA	NA
JBHJCM010000030.1_8	3213	3668	456	1	0.568	11	GGA/GAG/AGG	NA	NA	NA	0	0	0	1	NA	NA	NA	NA	NA
JBHJCM010000030.1_9	3665	4372	708	1	0.558	11	AGGAG	GENOMAD.123110.PV	9.921e-55	193	0	0	0	1	NA	NA	NA	PF07755;COG0132;TIGR03371	Dethiobiotin synthetase
JBHJCM010000030.1_10	4382	4774	393	1	0.659	11	AGGAG	NA	NA	NA	0	0	0	1	NA	NA	NA	NA	NA
JBHJCM010000030.1_11	5181	6407	1227	-1	0.628	11	GGAG/GAGG	NA	NA	NA	0	0	0	1	NA	NA	NA	NA	NA
JBHJCM010000030.1_12	6495	6725	231	-1	0.563	11	AGGAG/GGAGG	NA	NA	NA	0	0	0	1	NA	NA	NA	NA	NA
JBHJCM010000030.1_13	6812	7774	963	-1	0.607	11	None	NA	NA	NA	0	0	0	1	NA	NA	NA	NA	NA
JBHJCM010000030.1_14	7933	8619	687	-1	0.689	11	GGAG/GAGG	GENOMAD.117306.PV	1.091e-68	233	0	1	0	1	NA	NA	NA	PF11740	Plasmid replication region DNA-binding N-term
JBHJCM010000030.1_15	9095	9721	627	1	0.635	11	AGGAG	GENOMAD.212506.VP	2.628e-39	147	0	0	0	1246	Caudoviricetes	NA	NA	NA	NA
JBHJCM010000030.1_16	9718	10044	327	1	0.654	11	AGGAG	GENOMAD.039412.PP	6.063e-60	201	0	0	0	1	NA	NA	NA	NA	NA
JBHJCM010000030.1_17	10290	10505	216	1	0.625	11	GGAG/GAGG	GENOMAD.128941.PC	6.345e-12	61	0	0	0	1	NA	NA	NA	PF11455	Antitoxin MazE-like
JBHJCM010000030.1_18	10505	10825	321	1	0.620	11	GGAG/GAGG	NA	NA	NA	0	0	0	1	NA	NA	NA	NA	NA
JBHJCM010000030.1_19	11494	12237	744	-1	0.692	11	GGA/GAG/AGG	GENOMAD.023008.PP	5.984e-137	431	0	1	0	1	NA	NA	NA	PF02387	NA
JBHJCM010000030.1_20	12813	13142	330	-1	0.558	11	None	NA	NA	NA	0	0	0	1	NA	NA	NA	NA	NA
JBHJCM010000030.1_21	13670	13927	258	1	0.547	11	GGAG/GAGG	NA	NA	NA	0	0	0	1	NA	NA	NA	NA	NA
JBHJCM010000030.1_22	13956	14333	378	1	0.582	11	GGAG/GAGG	GENOMAD.044601.PP	3.09e-67	223	0	1	0	1	NA	NA	NA	PF04956;K03197;COG3838	TrbC/VIRB2 pilin
JBHJCM010000030.1_23	14330	14629	300	1	0.553	11	None	NA	NA	NA	0	0	0	1	NA	NA	NA	NA	NA
JBHJCM010000030.1_24	14616	17285	2670	1	0.596	11	GGA/GAG/AGG	GENOMAD.108687.PC	2.172e-38	159	0	1	0	1	NA	virb4	NA	PF19044;PF03135;PF05101;K03199;TIGR00929;COG3451	type IV secretion/conjugal transfer ATPase, VirB4 family
JBHJCM010000030.1_25	17288	17947	660	1	0.591	11	AGGAG	GENOMAD.105322.PC	5.235e-116	369	0	1	0	1	NA	T_virB5	NA	PF07996;K03200;TIGR02791;COG5314	P-type DNA transfer protein VirB5
JBHJCM010000030.1_26	17998	18213	216	1	0.528	11	AGGA	NA	NA	NA	0	0	0	1	NA	NA	NA	NA	NA
JBHJCM010000030.1_27	18206	18613	408	1	0.566	11	GGAG/GAGG	NA	NA	NA	0	0	0	1	NA	NA	NA	NA	NA
JBHJCM010000030.1_28	18601	19467	867	1	0.529	11	GGA/GAG/AGG	GENOMAD.117368.PC	5.855e-149	468	0	1	0	1	NA	T_virB6	NA	PF04610;COG3704;TIGR02783;K03201	Type IV secretory pathway, VirB6 components
JBHJCM010000030.1_29	19464	20138	675	1	0.604	11	AGGAG	NA	NA	NA	0	0	0	1	NA	NA	NA	NA	NA
JBHJCM010000030.1_30	20163	20945	783	1	0.587	11	AGGA	GENOMAD.112644.PC	1.275e-117	376	0	1	0	1	NA	T_virB9	NA	PF03524;K03204;TIGR02781;COG3504	P-type conjugative transfer protein VirB9
JBHJCM010000030.1_31	20947	22167	1221	1	0.647	11	GGxGG	GENOMAD.106848.PC	5.105e-227	700	0	1	0	1	NA	T_virB10	NA	PF03743	Bacterial conjugation TrbI-like protein
JBHJCM010000030.1_32	22178	23200	1023	1	0.586	11	GGAG/GAGG	NA	NA	NA	0	0	0	1	NA	NA	NA	NA	NA
JBHJCM010000030.1_33	23187	24098	912	1	0.670	11	GGAG/GAGG	GENOMAD.113489.PC	0.0002521	45	0	1	0	1	NA	T_virB1	NA	PF06871;K03194;COG4764	TraH_2
JBHJCM010000030.1_34	24144	24731	588	1	0.633	11	AGGAG	GENOMAD.021429.PP	1.876e-37	141	0	0	0	1	NA	NA	NA	NA	NA
JBHJCM010000030.1_35	24744	25349	606	1	0.620	11	GGA/GAG/AGG	NA	NA	NA	0	0	0	1	NA	NA	NA	NA	NA
JBHJCM010000030.1_36	25360	25773	414	1	0.577	11	GGAG/GAGG	NA	NA	NA	0	0	0	1	NA	NA	NA	NA	NA
JBHJCM010000030.1_37	25857	26243	387	1	0.610	11	AGxAGG/AGGxGG	GENOMAD.113538.PP	2.373e-63	212	0	0	0	1	NA	NA	NA	NA	NA
JBHJCM010000030.1_38	26380	26598	219	1	0.603	11	GGAG/GAGG	GENOMAD.128941.PC	2.26e-29	111	0	0	0	1	NA	NA	NA	PF11455	Antitoxin MazE-like
JBHJCM010000030.1_39	26598	26921	324	1	0.586	11	GGA/GAG/AGG	NA	NA	NA	0	0	0	1	NA	NA	NA	NA	NA
JBHJCM010000030.1_40	26991	29966	2976	-1	0.657	11	GGxGG	NA	NA	NA	0	0	0	1	NA	NA	NA	NA	NA
JBHJCM010000030.1_41	29980	31326	1347	-1	0.613	11	None	GENOMAD.228061.PC	2.849e-05	49	0	1	0	1	NA	t4cp2	NA	PF10412;COG3505;TIGR02759	Type IV secretory pathway, VirD4 component, TraG/TraD family ATPase
JBHJCM010000031.1_1	102	242	141	-1	0.567	11	AGGA	NA	NA	NA	0	0	0	1	NA	NA	NA	NA	NA
JBHJCM010000031.1_2	288	533	246	-1	0.577	11	AGGAG	NA	NA	NA	0	0	0	1	NA	NA	NA	NA	NA
JBHJCM010000031.1_3	596	892	297	-1	0.569	11	GGAG/GAGG	NA	NA	NA	0	0	0	1	NA	NA	NA	NA	NA
JBHJCM010000031.1_4	1078	1323	246	-1	0.679	11	AGxAGG/AGGxGG	NA	NA	NA	0	0	0	1	NA	NA	NA	NA	NA
JBHJCM010000031.1_5	1383	2102	720	-1	0.553	11	GGAG/GAGG	NA	NA	NA	0	0	0	1	NA	NA	NA	NA	NA
JBHJCM010000031.1_6	2119	2364	246	-1	0.634	11	GGAG/GAGG	NA	NA	NA	0	0	0	1	NA	NA	NA	NA	NA
JBHJCM010000031.1_7	2367	2546	180	-1	0.583	11	AGGAG	NA	NA	NA	0	0	0	1	NA	NA	NA	NA	NA
JBHJCM010000031.1_8	2630	4801	2172	-1	0.650	11	GGAGG	NA	NA	NA	0	0	0	1	NA	NA	NA	NA	NA
JBHJCM010000031.1_9	4804	5052	249	-1	0.643	11	GGAG/GAGG	NA	NA	NA	0	0	0	1	NA	NA	NA	NA	NA
JBHJCM010000031.1_10	5125	5364	240	-1	0.579	11	AGGA	NA	NA	NA	0	0	0	1	NA	NA	NA	NA	NA
JBHJCM010000031.1_11	5375	5683	309	-1	0.579	11	GGAG/GAGG	NA	NA	NA	0	0	0	1	NA	NA	NA	NA	NA
JBHJCM010000031.1_12	5754	7106	1353	-1	0.653	11	GGAG/GAGG	GENOMAD.111807.PC	5.115e-35	143	0	1	0	1	NA	T_virB10	NA	PF03743;COG2948	Type IV secretory pathway, VirB10 components
JBHJCM010000031.1_13	7122	8114	993	-1	0.633	11	GGA/GAG/AGG	GENOMAD.109592.PC	2.951e-09	61	0	1	0	1	NA	T_virB9	NA	PF03524;K03204;TIGR02781;COG3504	P-type conjugative transfer protein VirB9
JBHJCM010000031.1_14	8141	8851	711	-1	0.612	11	GGA/GAG/AGG	GENOMAD.123484.PC	9.173e-36	138	0	1	0	1	NA	T_virB8	NA	PF04335;K20531;COG3701;TIGR03781	Type IV secretory pathway, TrbF components
JBHJCM010000031.1_15	8858	10339	1482	-1	0.627	11	AGGA	GENOMAD.116928.PC	3.816e-31	132	0	1	0	1	NA	T_virB6	NA	COG3846;K07344	Type IV secretory pathway, TrbL components
JBHJCM010000031.1_16	10557	10910	354	-1	0.579	11	GGAG/GAGG	NA	NA	NA	0	0	0	1	NA	NA	NA	NA	NA
JBHJCM010000031.1_17	11281	12066	786	-1	0.587	11	GGAG/GAGG	GENOMAD.115261.PC	3.887e-15	78	0	1	0	1	NA	T_virB5	NA	TIGR02780;COG5314;K20266	P-type conjugative transfer protein TrbJ
JBHJCM010000031.1_18	12085	14652	2568	-1	0.623	11	GGA/GAG/AGG	NA	NA	NA	0	0	0	1	NA	NA	NA	NA	NA
JBHJCM010000031.1_19	14717	14983	267	-1	0.573	11	3Base/5BMM	GENOMAD.127310.PC	6.075e-27	105	0	1	0	1	NA	T_virB3	NA	PF05101;COG5268;K03198	Type IV secretory pathway, TrbD component
JBHJCM010000031.1_20	14985	15299	315	-1	0.590	11	AGGA	GENOMAD.116477.PC	4.661e-29	112	0	1	0	1	NA	T_virB2	NA	PF04956;K20528;COG3838	Type IV secretory pathway, VirB2 components (pilins)
JBHJCM010000031.1_21	15378	16382	1005	-1	0.620	11	None	NA	NA	NA	0	0	0	1	NA	NA	NA	NA	NA
JBHJCM010000031.1_22	17033	17371	339	1	0.563	11	None	NA	NA	NA	0	0	0	1	NA	NA	NA	NA	NA
JBHJCM010000031.1_23	17368	17649	282	1	0.585	11	AGGAG	NA	NA	NA	0	0	0	1	NA	NA	NA	NA	NA
JBHJCM010000031.1_24	18334	19155	822	-1	0.698	11	None	GENOMAD.023008.PP	9.132e-154	481	0	1	0	1	NA	NA	NA	PF02387	NA
JBHJCM010000031.1_25	19671	20060	390	-1	0.610	11	AGGA/GGAG/GAGG	GENOMAD.053871.PP	0.0004924	41	0	0	0	1	NA	NA	NA	NA	NA
JBHJCM010000031.1_26	20156	20731	576	-1	0.569	11	GGAG/GAGG	GENOMAD.157964.PC	8.706e-07	51	0	0	0	1	NA	NA	NA	PF07929;PF19935	Plasmid pRiA4b ORF-3-like protein
JBHJCM010000031.1_27	20728	21219	492	-1	0.618	11	None	NA	NA	NA	0	0	0	1	NA	NA	NA	NA	NA
JBHJCM010000031.1_28	21216	23273	2058	-1	0.628	11	GGAG/GAGG	NA	NA	NA	0	0	0	1	NA	NA	NA	NA	NA
JBHJCM010000031.1_29	23278	25404	2127	-1	0.637	11	GGAG/GAGG	GENOMAD.127324.PC	5.633e-36	150	0	0	0	1	NA	NA	NA	PF11843	NA
JBHJCM010000031.1_30	25706	26296	591	-1	0.599	11	GGAG/GAGG	NA	NA	NA	0	0	0	1	NA	NA	NA	NA	NA
JBHJCM010000031.1_31	26289	26885	597	-1	0.598	11	GGAG/GAGG	GENOMAD.130054.PC	4.683e-11	64	0	1	0	1	NA	NA	NA	PF10502;COG4959;TIGR02771;K12062	Type IV secretory pathway, protease TraF
JBHJCM010000031.1_32	26890	27354	465	-1	0.600	11	GGA/GAG/AGG	GENOMAD.159474.PC	7.307e-10	59	0	0	0	1	NA	NA	NA	PF11000	NA
JBHJCM010000031.1_33	27478	27735	258	1	0.547	11	GGA/GAG/AGG	NA	NA	NA	0	0	0	1	NA	NA	NA	NA	NA
JBHJCM010000031.1_34	27627	27947	321	-1	0.651	11	AGGA	NA	NA	NA	0	0	0	1	NA	NA	NA	NA	NA
JBHJCM010000031.1_35	27944	28582	639	-1	0.656	11	AGGAG	NA	NA	NA	0	0	0	1	NA	NA	NA	NA	NA
JBHJCM010000031.1_36	28977	29177	201	1	0.587	11	GGA/GAG/AGG	NA	NA	NA	0	0	0	1	NA	NA	NA	NA	NA
JBHJCM010000031.1_37	29728	30549	822	-1	0.695	11	None	GENOMAD.023008.PP	2.145e-161	503	0	1	0	1	NA	NA	NA	PF02387	NA
JBHJCM010000031.1_38	30742	30987	246	-1	0.577	11	GGAG/GAGG	NA	NA	NA	0	0	0	1	NA	NA	NA	NA	NA
JBHJCM010000032.1_1	401	958	558	1	0.550	11	AGGA	NA	NA	NA	0	0	0	1	NA	NA	NA	NA	NA
JBHJCM010000032.1_2	1189	1407	219	-1	0.589	11	AGGAG	NA	NA	NA	0	0	0	1	NA	NA	NA	NA	NA
JBHJCM010000032.1_3	1700	2056	357	1	0.535	11	AGGAG	NA	NA	NA	0	0	0	1	NA	NA	NA	NA	NA
JBHJCM010000032.1_4	2979	3587	609	-1	0.596	11	GGA/GAG/AGG	GENOMAD.179361.CP	3.517e-21	94	0	0	0	1	NA	NA	NA	NA	NA
JBHJCM010000032.1_5	4163	4537	375	-1	0.584	11	GGA/GAG/AGG	GENOMAD.171688.CP	1.528e-25	103	0	0	0	1	NA	NA	NA	PF12681;TIGR00068;COG3565;K08234	Glyoxalase-like domain
JBHJCM010000032.1_6	4669	5592	924	1	0.614	11	GGA/GAG/AGG	GENOMAD.158077.CP	3.931e-07	54	0	0	0	1	NA	NA	NA	PF12833;TIGR02297;K02099;COG2207	4-hydroxyphenylacetate catabolism regulatory protein HpaA
JBHJCM010000032.1_7	6374	8074	1701	1	0.650	11	AGxAGG/AGGxGG	NA	NA	NA	0	0	0	1	NA	NA	NA	NA	NA
JBHJCM010000032.1_8	8145	9734	1590	1	0.649	11	GGA/GAG/AGG	NA	NA	NA	0	0	0	1	NA	NA	NA	NA	NA
JBHJCM010000032.1_9	9786	14954	5169	1	0.658	11	None	NA	NA	NA	0	0	0	1	NA	NA	NA	NA	NA
JBHJCM010000032.1_10	14923	22527	7605	1	0.608	11	GGA/GAG/AGG	NA	NA	NA	0	0	0	1	NA	NA	NA	NA	NA
JBHJCM010000032.1_11	22885	23229	345	-1	0.626	11	GGAGG	GENOMAD.219228.VC	0.0007097	40	0	0	0	1	NA	NA	NA	PF08845;TIGR02609;COG2336	Toxin SymE, type I toxin-antitoxin system
JBHJCM010000032.1_12	23452	28038	4587	1	0.606	11	AGGAG/GGAGG	NA	NA	NA	0	0	0	1	NA	NA	NA	NA	NA
JBHJCM010000032.1_13	28035	28343	309	1	0.417	11	None	NA	NA	NA	0	0	0	1	NA	NA	NA	NA	NA
JBHJCM010000032.1_14	28617	30527	1911	1	0.656	11	None	NA	NA	NA	0	0	0	1	NA	NA	NA	NA	NA
JBHJCM010000033.1_1	3	515	513	1	0.554	11	None	GENOMAD.177338.PC	1.225e-05	47	0	0	0	1	NA	NA	NA	PF13683	Integrase core domain
JBHJCM010000033.1_2	1623	2915	1293	1	0.640	11	AGGA	NA	NA	NA	0	0	0	1	NA	NA	NA	NA	NA
JBHJCM010000033.1_3	2899	4161	1263	-1	0.652	11	GGA/GAG/AGG	NA	NA	NA	0	0	0	1	NA	NA	NA	NA	NA
JBHJCM010000033.1_4	4172	4603	432	-1	0.657	11	GGA/GAG/AGG	GENOMAD.101229.CV	2.38e-10	60	0	0	0	1	NA	NA	NA	PF18023;K09577;COG1047	BDBT FKBP like N-terminal
JBHJCM010000033.1_5	4663	5028	366	1	0.653	11	None	GENOMAD.018062.CC	1.591e-15	74	0	0	0	1	NA	NA	NA	PF19661	Putative prokaryotic signal transducing protein
JBHJCM010000033.1_6	5128	5874	747	1	0.632	11	None	GENOMAD.112742.CP	1.229e-22	100	0	0	0	1	NA	NA	NA	PF17773;COG1054	UPF0176 acylphosphatase like domain
JBHJCM010000033.1_7	6114	6761	648	1	0.593	11	GGAG/GAGG	NA	NA	NA	0	0	0	1	NA	NA	NA	NA	NA
JBHJCM010000033.1_8	7286	10936	3651	-1	0.670	11	GGAG/GAGG	GENOMAD.090513.CP	5.666e-22	106	0	0	0	1	NA	NA	NA	PF20833	RNase E/G, Thioredoxin-like domain
JBHJCM010000033.1_9	11337	12323	987	1	0.661	11	GGA/GAG/AGG	NA	NA	NA	0	0	0	1	NA	NA	NA	NA	NA
JBHJCM010000033.1_10	12357	14174	1818	-1	0.666	11	GGAG/GAGG	GENOMAD.195728.CP	0.0	1002	0	0	0	1	NA	NA	NA	NA	NA
JBHJCM010000033.1_11	14472	15290	819	-1	0.620	11	AGGA/GGAG/GAGG	NA	NA	NA	0	0	0	1	NA	NA	NA	NA	NA
JBHJCM010000033.1_12	15555	15977	423	-1	0.721	11	GGA/GAG/AGG	GENOMAD.141401.CP	2.013e-11	63	0	0	0	1	NA	NA	NA	PF03544;TIGR01352	TonB family C-terminal domain
JBHJCM010000033.1_13	15974	16330	357	-1	0.653	11	GGA/GAG/AGG	GENOMAD.123541.CP	1.18e-25	103	0	0	0	1	NA	NA	NA	PF01329;COG2154;K01724	Pterin-4a-carbinolamine dehydratase
JBHJCM010000033.1_14	16383	17018	636	1	0.656	11	AGGA/GGAG/GAGG	GENOMAD.136854.CP	0.000231	44	0	0	0	1	NA	NA	NA	PF01106;COG0694	Fe-S cluster biogenesis protein NfuA, 4Fe-4S-binding domain
JBHJCM010000033.1_15	17032	18858	1827	1	0.684	11	None	NA	NA	NA	0	0	0	1	NA	NA	NA	NA	NA
JBHJCM010000033.1_16	19153	19722	570	-1	0.658	11	None	GENOMAD.147057.CP	1.051e-21	95	0	0	0	1	NA	NA	NA	PF13022;PF08359;K18294;TIGR03613;COG1309	pyrimidine utilization regulatory protein R
JBHJCM010000033.1_17	19846	20958	1113	1	0.680	11	GGA/GAG/AGG	NA	NA	NA	0	0	0	1	NA	NA	NA	NA	NA
JBHJCM010000033.1_18	21010	24135	3126	1	0.632	11	None	NA	NA	NA	0	0	0	1	NA	NA	NA	NA	NA
JBHJCM010000033.1_19	24597	25169	573	1	0.611	11	None	NA	NA	NA	0	0	0	1	NA	NA	NA	NA	NA
JBHJCM010000033.1_20	25156	27660	2505	-1	0.475	11	AGGAG	NA	NA	NA	0	0	0	1	NA	NA	NA	NA	NA
JBHJCM010000033.1_21	28050	29012	963	1	0.616	11	GGAG/GAGG	NA	NA	NA	0	0	0	1	NA	NA	NA	NA	NA
JBHJCM010000034.1_1	391	582	192	-1	0.599	11	GGA/GAG/AGG	NA	NA	NA	0	0	0	1	NA	NA	NA	NA	NA
JBHJCM010000034.1_2	1196	3100	1905	-1	0.620	11	GGAG/GAGG	NA	NA	NA	0	0	0	1	NA	NA	NA	NA	NA
JBHJCM010000034.1_3	3339	3962	624	1	0.731	11	GGA/GAG/AGG	NA	NA	NA	0	0	0	1	NA	NA	NA	NA	NA
JBHJCM010000034.1_4	3959	4465	507	1	0.657	11	None	NA	NA	NA	0	0	0	1	NA	NA	NA	NA	NA
JBHJCM010000034.1_5	4512	5009	498	1	0.645	11	GGAGG	NA	NA	NA	0	0	0	1	NA	NA	NA	NA	NA
JBHJCM010000034.1_6	5026	5250	225	1	0.702	11	AGxAGG/AGGxGG	NA	NA	NA	0	0	0	1	NA	NA	NA	NA	NA
JBHJCM010000034.1_7	5241	5525	285	1	0.607	11	None	NA	NA	NA	0	0	0	1	NA	NA	NA	NA	NA
JBHJCM010000034.1_8	5522	7300	1779	1	0.678	11	AGGAG/GGAGG	NA	NA	NA	0	0	0	1	NA	NA	NA	NA	NA
JBHJCM010000034.1_9	7589	9349	1761	1	0.652	11	None	NA	NA	NA	0	0	0	1	NA	NA	NA	NA	NA
JBHJCM010000034.1_10	9499	10221	723	-1	0.663	11	None	NA	NA	NA	0	0	0	1	NA	NA	NA	NA	NA
JBHJCM010000034.1_11	10283	12841	2559	1	0.632	11	GGA/GAG/AGG	GENOMAD.152082.CP	2.059e-27	123	0	0	0	1	NA	NA	NA	PF00593;PF07715;PF00691;TIGR01782;COG4773;K16089	TonB-dependent receptor
JBHJCM010000034.1_12	12838	13959	1122	1	0.656	11	AGxAGG/AGGxGG	GENOMAD.181891.CV	7.09e-64	226	0	0	0	1	NA	NA	NA	PF02333;COG4247	3-phytase (myo-inositol-hexaphosphate 3-phosphohydrolase)
JBHJCM010000034.1_13	13956	15335	1380	1	0.675	11	GGA/GAG/AGG	GENOMAD.211408.CP	0.0004988	45	0	0	0	1	NA	NA	NA	PF09423;TIGR03729;K14379;COG2908	PhoD-like phosphatase
JBHJCM010000034.1_14	15707	16414	708	1	0.631	11	GGA/GAG/AGG	NA	NA	NA	0	0	0	1	NA	NA	NA	NA	NA
JBHJCM010000034.1_15	16766	18262	1497	-1	0.677	11	AGGAG	NA	NA	NA	0	0	0	1	NA	NA	NA	NA	NA
JBHJCM010000034.1_16	18385	18816	432	1	0.678	11	None	GENOMAD.022927.CC	2.987e-06	48	0	0	0	1	NA	NA	NA	K03718;COG1522	DNA-binding transcriptional regulator, Lrp family
JBHJCM010000034.1_17	18970	20040	1071	1	0.685	11	None	NA	NA	NA	0	0	0	1	NA	NA	NA	NA	NA
JBHJCM010000034.1_18	20122	21267	1146	1	0.667	11	None	GENOMAD.077211.CP	1.746e-08	59	0	0	0	1246	Caudoviricetes	NA	NA	PF01702;K00773;TIGR00430;COG0343	tRNA-guanine transglycosylase
JBHJCM010000034.1_19	21400	21753	354	1	0.636	11	AGGA	GENOMAD.092163.CP	0.0007752	40	0	0	0	1	NA	NA	NA	COG1862	Preprotein translocase subunit YajC
JBHJCM010000034.1_20	21944	23788	1845	1	0.641	11	GGA/GAG/AGG	GENOMAD.001759.CC	1.051e-24	113	0	0	0	1	NA	NA	NA	PF13721;K03072	SecD export protein N-terminal TM region
JBHJCM010000034.1_21	23878	24846	969	1	0.613	11	AGGA	GENOMAD.098179.CP	3.287e-05	48	0	0	0	1	NA	NA	NA	NA	NA
JBHJCM010000034.1_22	25672	26010	339	1	0.543	11	AGGAG	NA	NA	NA	0	0	0	1	NA	NA	NA	NA	NA
JBHJCM010000034.1_23	26081	26272	192	1	0.542	11	AGGAG	NA	NA	NA	0	0	0	1	NA	NA	NA	NA	NA
JBHJCM010000035.1_1	3	539	537	1	0.611	11	None	NA	NA	NA	0	0	0	1	NA	NA	NA	NA	NA
JBHJCM010000035.1_2	913	1776	864	1	0.613	11	None	NA	NA	NA	0	0	0	1	NA	NA	NA	NA	NA
JBHJCM010000035.1_3	1925	2179	255	-1	0.580	11	AGGAG	NA	NA	NA	0	0	0	1	NA	NA	NA	NA	NA
JBHJCM010000035.1_4	2444	4045	1602	1	0.668	11	AGGA	NA	NA	NA	0	0	0	1	NA	NA	NA	NA	NA
JBHJCM010000035.1_5	4098	4439	342	-1	0.632	11	AGGAG	NA	NA	NA	0	0	0	1	NA	NA	NA	NA	NA
JBHJCM010000035.1_6	4596	5276	681	-1	0.505	11	AGxAGG/AGGxGG	NA	NA	NA	0	0	0	1	NA	NA	NA	NA	NA
JBHJCM010000035.1_7	5422	6939	1518	-1	0.638	11	3Base/5BMM	NA	NA	NA	0	0	0	1	NA	NA	NA	NA	NA
JBHJCM010000035.1_8	7254	9305	2052	1	0.676	11	GGA/GAG/AGG	GENOMAD.000854.CC	6.826e-29	127	0	0	0	1	NA	NA	NA	PF14840	Processivity clamp loader gamma complex DNA pol III C-term
JBHJCM010000035.1_9	9312	9632	321	1	0.629	11	GGA/GAG/AGG	GENOMAD.000078.CC	2.582e-20	87	0	0	0	1	NA	NA	NA	PF10921;K09747;COG0718;TIGR00103	Conserved DNA-binding protein YbaB (function unknown)
JBHJCM010000035.1_10	9730	10323	594	1	0.667	11	None	GENOMAD.000052.CC	1.716e-39	147	1	0	0	1246	Caudoviricetes	NA	NA	PF02132;PF13662;COG0353;TIGR00615;K06187	Recombinational DNA repair protein RecR
JBHJCM010000035.1_11	10424	10774	351	1	0.627	11	None	NA	NA	NA	0	0	0	1	NA	NA	NA	NA	NA
JBHJCM010000035.1_12	10892	11425	534	-1	0.661	11	GGAG/GAGG	GENOMAD.138200.CP	2.898e-42	154	0	0	0	1	NA	NA	NA	K07285;COG3065	Starvation-inducible outer membrane lipoprotein
JBHJCM010000035.1_13	11422	13374	1953	-1	0.677	11	None	GENOMAD.133722.CP	7.245e-42	168	0	0	0	1	NA	NA	NA	PF11992;PF01841;PF13559;K22452	TgpA N-terminal domain; Transglutaminase-like superfamily
JBHJCM010000035.1_14	13367	14323	957	-1	0.691	11	GGA/GAG/AGG	GENOMAD.115237.CP	1.539e-69	240	0	0	0	1	NA	NA	NA	PF01882;PF05753;COG1721	Uncharacterized conserved protein, DUF58 family, contains vWF domain
JBHJCM010000035.1_15	14328	15281	954	-1	0.672	11	GGA/GAG/AGG	NA	NA	NA	0	0	0	1	NA	NA	NA	NA	NA
JBHJCM010000035.1_16	15319	17157	1839	1	0.662	11	GGA/GAG/AGG	GENOMAD.141973.CP	3.741e-104	354	0	0	0	1	NA	NA	NA	COG1807	4-amino-4-deoxy-L-arabinose transferase or related glycosyltransferase of PMT family
JBHJCM010000035.1_17	17270	18625	1356	1	0.487	11	AGGA	GENOMAD.056843.CC	1.292e-256	788	0	0	0	1	NA	NA	NA	NA	NA
JBHJCM010000035.1_18	18739	19065	327	-1	0.688	11	None	NA	NA	NA	0	0	0	1	NA	NA	NA	NA	NA
JBHJCM010000036.1_1	1	570	570	1	0.598	11	None	GENOMAD.115261.PC	1.343e-17	83	0	1	0	1	NA	T_virB5	NA	TIGR02780;COG5314;K20266	P-type conjugative transfer protein TrbJ
JBHJCM010000036.1_2	627	902	276	1	0.634	11	GGA/GAG/AGG	GENOMAD.228056.PP	1.332e-05	44	0	0	0	1	NA	NA	NA	NA	NA
JBHJCM010000036.1_3	884	1096	213	1	0.667	11	GGA/GAG/AGG	GENOMAD.221727.VP	7.663e-10	55	0	0	0	1	NA	NA	NA	NA	NA
JBHJCM010000036.1_4	1096	1311	216	1	0.676	11	GGAG/GAGG	NA	NA	NA	0	0	0	1	NA	NA	NA	NA	NA
JBHJCM010000036.1_5	1418	1900	483	1	0.654	11	GGAG/GAGG	GENOMAD.141466.PV	2.279e-28	113	0	0	0	1	NA	NA	NA	PF20090	NA
JBHJCM010000036.1_6	1904	2179	276	1	0.591	11	None	NA	NA	NA	0	0	0	1	NA	NA	NA	NA	NA
JBHJCM010000036.1_7	2290	3198	909	1	0.602	11	AGGAG/GGAGG	NA	NA	NA	0	0	0	1	NA	NA	NA	NA	NA
JBHJCM010000036.1_8	4214	4666	453	1	0.642	11	GGA/GAG/AGG	NA	NA	NA	0	0	0	1	NA	NA	NA	NA	NA
JBHJCM010000036.1_9	4687	5268	582	-1	0.562	11	AGGA	NA	NA	NA	0	0	0	1	NA	NA	NA	NA	NA
JBHJCM010000036.1_10	5265	6062	798	-1	0.629	11	GGAGG	NA	NA	NA	0	0	0	1	NA	NA	NA	NA	NA
JBHJCM010000036.1_11	6066	7754	1689	-1	0.612	11	AGGAG	NA	NA	NA	0	0	0	1	NA	NA	NA	NA	NA
JBHJCM010000036.1_12	7838	8395	558	-1	0.584	11	GGA/GAG/AGG	NA	NA	NA	0	0	0	1	NA	NA	NA	NA	NA
JBHJCM010000036.1_13	8405	9154	750	-1	0.613	11	AGGA	GENOMAD.126298.PC	4.668e-07	53	0	0	0	1	NA	NA	NA	PF10609;K07321;TIGR03371;COG1348	NUBPL iron-transfer P-loop NTPase
JBHJCM010000036.1_14	9183	9608	426	-1	0.662	11	AGxAGG/AGGxGG	GENOMAD.136316.PV	1.156e-08	55	0	0	0	1	NA	NA	NA	PF17273	NA
JBHJCM010000036.1_15	9898	10257	360	1	0.669	11	AGGA	GENOMAD.010065.PP	3.718e-30	116	0	1	0	1	NA	NA	NA	PF07328;COG4453	T-DNA border endonuclease VirD1
JBHJCM010000036.1_16	10261	12810	2550	1	0.618	11	GGAG/GAGG	GENOMAD.090142.PC	7.349e-164	539	0	1	0	1	NA	MOBP1	NA	PF03432;PF18821	Relaxase/Mobilisation nuclease domain; Large polyvalent protein-associated domain 7
JBHJCM010000036.1_17	12829	13506	678	1	0.665	11	AGGAG	NA	NA	NA	0	0	0	1	NA	NA	NA	NA	NA
JBHJCM010000036.1_18	13648	13845	198	1	0.571	11	GGA/GAG/AGG	NA	NA	NA	0	0	0	1	NA	NA	NA	NA	NA
JBHJCM010000036.1_19	14093	14563	471	1	0.628	11	AGGAG	NA	NA	NA	0	0	0	1	NA	NA	NA	NA	NA
JBHJCM010000036.1_20	14550	16184	1635	1	0.615	11	AGGAG	NA	NA	NA	0	0	0	1	NA	NA	NA	NA	NA
JBHJCM010000037.1_1	54	314	261	1	0.655	11	GGAGG	GENOMAD.223849.VP	3.135e-10	57	0	0	0	1	NA	NA	NA	NA	NA
JBHJCM010000037.1_2	307	1950	1644	1	0.644	11	GGAG/GAGG	GENOMAD.183789.PC	1.254e-84	294	0	1	0	1	NA	NA	NA	PF02195;TIGR03764;COG1475;K03497	integrating conjugative element, PFGI_1 class, ParB family protein
JBHJCM010000037.1_3	1966	2526	561	1	0.586	11	GGAG/GAGG	GENOMAD.180325.PC	2.943e-46	166	0	0	0	1	NA	NA	NA	PF11198	NA
JBHJCM010000037.1_4	2530	3756	1227	1	0.597	11	GGA/GAG/AGG	GENOMAD.192798.PC	1.098e-87	297	0	0	0	1	NA	NA	NA	NA	NA
JBHJCM010000037.1_5	4078	4833	756	1	0.616	11	GGA/GAG/AGG	GENOMAD.171663.PC	1.409e-94	309	0	0	0	1	NA	NA	NA	PF08900;TIGR03761	integrating conjugative element protein, PFL_4669 family
JBHJCM010000037.1_6	4830	5363	534	1	0.612	11	GGA/GAG/AGG	GENOMAD.067442.PP	1.301e-33	129	0	0	0	1	NA	NA	NA	PF11358	NA
JBHJCM010000037.1_7	5437	5877	441	1	0.619	11	GGAG/GAGG	NA	NA	NA	0	0	0	1	NA	NA	NA	NA	NA
JBHJCM010000037.1_8	6157	8169	2013	1	0.641	11	GGA/GAG/AGG	NA	NA	NA	0	0	0	1	NA	NA	NA	NA	NA
JBHJCM010000037.1_9	8704	10242	1539	1	0.652	11	AGGAG	GENOMAD.208994.VP	2.183e-61	224	0	0	0	1246	Caudoviricetes	NA	NA	PF00145;K21507;TIGR00675;COG0270	DNA-methyltransferase (dcm)
JBHJCM010000037.1_10	10715	10927	213	1	0.592	11	AGGAG	NA	NA	NA	0	0	0	1	NA	NA	NA	NA	NA
JBHJCM010000037.1_11	10949	11341	393	1	0.618	11	AGGAG	NA	NA	NA	0	0	0	1	NA	NA	NA	NA	NA
JBHJCM010000037.1_12	11582	13708	2127	1	0.667	11	GGAG/GAGG	NA	NA	NA	0	0	0	1	NA	NA	NA	NA	NA
JBHJCM010000037.1_13	13708	14634	927	1	0.634	11	GGAG/GAGG	NA	NA	NA	0	0	0	1	NA	NA	NA	NA	NA
JBHJCM010000038.1_1	653	979	327	-1	0.593	11	AGGAG	NA	NA	NA	0	0	0	1	NA	NA	NA	NA	NA
JBHJCM010000038.1_2	1245	2840	1596	1	0.681	11	GGAG/GAGG	NA	NA	NA	0	0	0	1	NA	NA	NA	NA	NA
JBHJCM010000038.1_3	2913	3281	369	-1	0.585	11	GGAG/GAGG	NA	NA	NA	0	0	0	1	NA	NA	NA	NA	NA
JBHJCM010000038.1_4	3289	3570	282	-1	0.550	11	AGGA	NA	NA	NA	0	0	0	1	NA	NA	NA	NA	NA
JBHJCM010000038.1_5	3634	3978	345	-1	0.638	11	AGGAG	NA	NA	NA	0	0	0	1	NA	NA	NA	NA	NA
JBHJCM010000038.1_6	4475	4723	249	-1	0.538	11	GGAG/GAGG	NA	NA	NA	0	0	0	1	NA	NA	NA	NA	NA
JBHJCM010000038.1_7	5025	5129	105	1	0.610	11	AGGA/GGAG/GAGG	NA	NA	NA	0	0	0	1	NA	NA	NA	NA	NA
JBHJCM010000038.1_8	5177	5860	684	1	0.615	11	AGGA	NA	NA	NA	0	0	0	1	NA	NA	NA	NA	NA
JBHJCM010000038.1_9	5971	6363	393	1	0.672	11	None	NA	NA	NA	0	0	0	1	NA	NA	NA	NA	NA
JBHJCM010000038.1_10	6454	6846	393	1	0.611	11	None	GENOMAD.116980.PP	1.551e-52	181	0	0	0	1	NA	NA	NA	COG2916;K11685	DNA-binding protein H-NS
JBHJCM010000038.1_11	7471	9603	2133	-1	0.617	11	GGA/GAG/AGG	GENOMAD.145672.CV	0.0004447	46	0	0	0	1	NA	NA	NA	PF18390	Glycogen debranching enzyme C-terminal domain
JBHJCM010000038.1_12	10075	10992	918	1	0.673	11	None	NA	NA	NA	0	0	0	1	NA	NA	NA	NA	NA
JBHJCM010000038.1_13	11201	11644	444	1	0.613	11	AGGAG	NA	NA	NA	0	0	0	1	NA	NA	NA	NA	NA
JBHJCM010000038.1_14	11670	12347	678	1	0.634	11	GGAG/GAGG	NA	NA	NA	0	0	0	1	NA	NA	NA	NA	NA
JBHJCM010000038.1_15	12340	13674	1335	1	0.642	11	None	NA	NA	NA	0	0	0	1	NA	NA	NA	NA	NA
JBHJCM010000038.1_16	13777	13860	84	-1	0.607	11	None	NA	NA	NA	0	0	0	1	NA	NA	NA	NA	NA
JBHJCM010000039.1_1	2	697	696	1	0.595	11	None	GENOMAD.105811.PC	4.454e-13	71	0	1	0	1	NA	T_virB6	NA	K03201;COG3704	Type IV secretory pathway, VirB6 components
JBHJCM010000039.1_2	986	1768	783	1	0.571	11	AGxAGG/AGGxGG	GENOMAD.101886.PC	8.165e-15	77	0	1	0	1	NA	T_virB8	NA	PF04335;K12081;COG3736;TIGR03781	VirB8 protein
JBHJCM010000039.1_3	1770	2669	900	1	0.573	11	GGAGG	GENOMAD.117259.PC	8.824e-27	114	0	1	0	1	NA	T_virB9	NA	PF03524;TIGR02781;COG3504	Conjugal transfer protein
JBHJCM010000039.1_4	2666	3805	1140	1	0.597	11	GGAGG	GENOMAD.107175.PC	1.557e-52	193	0	1	0	1	NA	NA	NA	PF03743	Bacterial conjugation TrbI-like protein
JBHJCM010000039.1_5	3795	4820	1026	1	0.562	11	None	NA	NA	NA	0	0	0	1	NA	NA	NA	NA	NA
JBHJCM010000039.1_6	4846	5358	513	1	0.614	11	None	GENOMAD.162302.CP	2.635e-06	49	0	0	0	1	NA	NA	NA	PF13091;COG3886	PLD-like domain
JBHJCM010000039.1_7	5408	5725	318	1	0.610	11	GGAG/GAGG	NA	NA	NA	0	0	0	1	NA	NA	NA	NA	NA
JBHJCM010000039.1_8	6081	6239	159	1	0.560	11	GGA/GAG/AGG	NA	NA	NA	0	0	0	1	NA	NA	NA	NA	NA
JBHJCM010000039.1_9	6236	9106	2871	-1	0.643	11	None	NA	NA	NA	0	0	0	1	NA	NA	NA	NA	NA
JBHJCM010000039.1_10	9103	10650	1548	-1	0.628	11	GGAG/GAGG	GENOMAD.228061.PC	7.103e-05	48	0	1	0	1	NA	t4cp2	NA	PF10412;COG3505;TIGR02759	Type IV secretory pathway, VirD4 component, TraG/TraD family ATPase
JBHJCM010000039.1_11	10654	10992	339	-1	0.581	11	AGxAGG/AGGxGG	NA	NA	NA	0	0	0	1	NA	NA	NA	NA	NA
JBHJCM010000039.1_12	11376	11822	447	1	0.604	11	GGA/GAG/AGG	GENOMAD.136316.PV	1.616e-05	46	0	0	0	1	NA	NA	NA	PF17273	NA
JBHJCM010000039.1_13	11832	12527	696	1	0.576	11	AGGAG	GENOMAD.123110.PV	2.037e-53	189	0	0	0	1	NA	NA	NA	PF07755;COG0132;TIGR03371	Dethiobiotin synthetase
JBHJCM010000039.1_14	12542	12922	381	1	0.633	11	AGxAGG/AGGxGG	NA	NA	NA	0	0	0	1	NA	NA	NA	NA	NA
JBHJCM010000039.1_15	12967	13281	315	-1	0.613	11	GGAG/GAGG	GENOMAD.027931.PP	2.845e-26	104	0	0	0	1	NA	NA	NA	NA	NA
JBHJCM010000039.1_16	13342	13590	249	-1	0.518	11	None	NA	NA	NA	0	0	0	1	NA	NA	NA	NA	NA
JBHJCM010000040.1_1	31	612	582	1	0.631	11	GGAGG	NA	NA	NA	0	0	0	1	NA	NA	NA	NA	NA
JBHJCM010000040.1_2	690	1406	717	-1	0.519	11	AGGA	NA	NA	NA	0	0	0	1	NA	NA	NA	NA	NA
JBHJCM010000040.1_3	1399	1917	519	-1	0.482	11	GGA/GAG/AGG	GENOMAD.219690.CP	1.277e-05	47	0	0	0	1	NA	NA	NA	PF14487	ssDNA thymidine ADP-ribosyltransferase, DarT
JBHJCM010000040.1_4	2003	2629	627	-1	0.746	11	GGA/GAG/AGG	NA	NA	NA	0	0	0	1	NA	NA	NA	NA	NA
JBHJCM010000040.1_5	3081	5162	2082	1	0.622	11	AGGAG	NA	NA	NA	0	0	0	1	NA	NA	NA	NA	NA
JBHJCM010000040.1_6	5155	5478	324	1	0.633	11	AGxAG	NA	NA	NA	0	0	0	1	NA	NA	NA	NA	NA
JBHJCM010000040.1_7	5468	6298	831	1	0.646	11	GGAG/GAGG	NA	NA	NA	0	0	0	1	NA	NA	NA	NA	NA
JBHJCM010000040.1_8	6410	6622	213	-1	0.653	11	AGGA	NA	NA	NA	0	0	0	1	NA	NA	NA	NA	NA
JBHJCM010000040.1_9	6683	6919	237	-1	0.599	11	GGA/GAG/AGG	GENOMAD.078220.PP	3.036e-29	111	0	0	0	1	NA	NA	NA	NA	NA
JBHJCM010000040.1_10	6933	7841	909	-1	0.726	11	GGAG/GAGG	NA	NA	NA	0	0	0	1	NA	NA	NA	NA	NA
JBHJCM010000040.1_11	8072	8896	825	1	0.623	11	AGGAG	GENOMAD.214654.VP	5.271e-20	93	0	0	0	1246	Caudoviricetes	NA	NA	PF06067;TIGR03299	phage/plasmid-like protein TIGR03299
JBHJCM010000040.1_12	8949	9374	426	1	0.570	11	GGAG/GAGG	NA	NA	NA	0	0	0	1	NA	NA	NA	NA	NA
JBHJCM010000040.1_13	9371	9592	222	1	0.595	11	GGA/GAG/AGG	GENOMAD.220666.PV	7.048e-19	81	0	0	0	1	NA	NA	NA	PF10892;TIGR04165	NA
JBHJCM010000040.1_14	9597	9836	240	1	0.637	11	AGGAG	NA	NA	NA	0	0	0	1	NA	NA	NA	NA	NA
JBHJCM010000040.1_15	9962	10273	312	1	0.596	11	AGGA/GGAG/GAGG	GENOMAD.110060.PV	1.498e-24	99	0	0	0	1	NA	NA	NA	PF03333;COG1342;TIGR03879;K02479	Adhesin biosynthesis transcription regulatory protein
JBHJCM010000040.1_16	10266	10454	189	1	0.614	11	AGGAG	GENOMAD.069405.PP	6.56e-22	89	0	0	0	1	NA	NA	NA	PF18495	Antitoxin VbhA
JBHJCM010000040.1_17	10468	11397	930	1	0.638	11	None	NA	NA	NA	0	0	0	1	NA	NA	NA	NA	NA
JBHJCM010000040.1_18	12135	12572	438	1	0.578	11	AGGAG	NA	NA	NA	0	0	0	1	NA	NA	NA	NA	NA
JBHJCM010000041.1_1	139	534	396	1	0.530	11	GGA/GAG/AGG	GENOMAD.116980.PP	4.051e-59	200	0	0	0	1	NA	NA	NA	COG2916;K11685	DNA-binding protein H-NS
JBHJCM010000041.1_2	988	2019	1032	-1	0.532	11	AGGA	GENOMAD.114461.PP	1.737e-90	302	0	0	0	1	NA	NA	NA	NA	NA
JBHJCM010000041.1_3	2634	3926	1293	-1	0.532	11	GGA/GAG/AGG	GENOMAD.190917.PC	2.671e-05	49	0	0	0	1	NA	NA	NA	PF13583	Metallo-peptidase family M12B Reprolysin-like
JBHJCM010000041.1_4	5251	5730	480	1	0.617	11	GGAG/GAGG	NA	NA	NA	0	0	0	1	NA	NA	NA	NA	NA
JBHJCM010000041.1_5	5780	6217	438	-1	0.550	11	GGAGG	NA	NA	NA	0	0	0	1	NA	NA	NA	NA	NA
JBHJCM010000041.1_6	6217	7047	831	-1	0.574	11	AGGA	NA	NA	NA	0	0	0	1	NA	NA	NA	NA	NA
JBHJCM010000041.1_7	7080	7973	894	-1	0.614	11	GGAG/GAGG	GENOMAD.177500.PC	2.123e-54	195	0	0	0	1	NA	NA	NA	PF09836;COG3219;K09929	Putative DNA-binding domain
JBHJCM010000041.1_8	7966	8895	930	-1	0.598	11	None	GENOMAD.147741.CP	1.7e-38	149	0	0	0	1	NA	NA	NA	PF10048;K09930;COG3220	Predicted integral membrane protein (DUF2282)
JBHJCM010000041.1_9	8950	11013	2064	-1	0.594	11	GGAG/GAGG	NA	NA	NA	0	0	0	1	NA	NA	NA	NA	NA
JBHJCM010000041.1_10	11636	12163	528	1	0.568	11	GGA/GAG/AGG	NA	NA	NA	0	0	0	1	NA	NA	NA	NA	NA
JBHJCM010000042.1_1	1	627	627	1	0.603	11	None	GENOMAD.177338.PC	2.368e-05	47	0	0	0	1	NA	NA	NA	PF13683	Integrase core domain
JBHJCM010000042.1_2	742	1056	315	1	0.584	11	GGA/GAG/AGG	NA	NA	NA	0	0	0	1	NA	NA	NA	NA	NA
JBHJCM010000042.1_3	1242	1490	249	1	0.538	11	GGAG/GAGG	NA	NA	NA	0	0	0	1	NA	NA	NA	NA	NA
JBHJCM010000042.1_4	1623	3125	1503	1	0.526	11	None	NA	NA	NA	0	0	0	1	NA	NA	NA	NA	NA
JBHJCM010000042.1_5	3370	4005	636	-1	0.627	11	GGA/GAG/AGG	NA	NA	NA	0	0	0	1	NA	NA	NA	NA	NA
JBHJCM010000042.1_6	4243	4545	303	-1	0.601	11	GGA/GAG/AGG	NA	NA	NA	0	0	0	1	NA	NA	NA	NA	NA
JBHJCM010000042.1_7	4712	4819	108	-1	0.565	11	AGGAG	NA	NA	NA	0	0	0	1	NA	NA	NA	NA	NA
JBHJCM010000042.1_8	4832	5209	378	-1	0.593	11	AGGAG	NA	NA	NA	0	0	0	1	NA	NA	NA	NA	NA
JBHJCM010000042.1_9	5212	5457	246	-1	0.561	11	GGA/GAG/AGG	NA	NA	NA	0	0	0	1	NA	NA	NA	NA	NA
JBHJCM010000042.1_10	5530	6411	882	1	0.568	11	None	GENOMAD.113489.PC	2.715e-05	48	0	1	0	1	NA	T_virB1	NA	PF06871;K03194;COG4764	TraH_2
JBHJCM010000042.1_11	6589	6879	291	1	0.553	11	AGGA/GGAG/GAGG	GENOMAD.021931.PP	3.863e-12	63	0	1	0	1	NA	NA	NA	PF04956;K03197	TrbC/VIRB2 pilin
JBHJCM010000042.1_12	6901	7218	318	1	0.547	11	GGAG/GAGG	GENOMAD.068208.PP	5.797e-51	175	0	1	0	1	NA	T_virB3	NA	PF05101;COG3702;K03198	Type IV secretory pathway, VirB3 components
JBHJCM010000042.1_13	7220	9841	2622	1	0.571	11	GGAG/GAGG	GENOMAD.108687.PC	1.63e-70	261	0	1	0	1	NA	virb4	NA	PF19044;PF03135;PF05101;K03199;TIGR00929;COG3451	type IV secretion/conjugal transfer ATPase, VirB4 family
JBHJCM010000042.1_14	9930	10637	708	1	0.551	11	AGGAG	GENOMAD.069718.PP	5.97e-61	211	0	1	0	1	NA	T_virB5	NA	PF07996;K03200;TIGR02791;COG5314	P-type DNA transfer protein VirB5
JBHJCM010000042.1_15	10642	11001	360	1	0.589	11	GGA/GAG/AGG	GENOMAD.018298.PP	0.0008211	40	0	0	0	1	NA	NA	NA	NA	NA
JBHJCM010000042.1_16	11043	11411	369	1	0.547	11	GGA/GAG/AGG	NA	NA	NA	0	0	0	1	NA	NA	NA	NA	NA
JBHJCM010000043.1_1	3	1553	1551	-1	0.551	11	GGA/GAG/AGG	NA	NA	NA	0	0	0	1	NA	NA	NA	NA	NA
JBHJCM010000043.1_2	2015	2335	321	-1	0.623	11	GGAG/GAGG	NA	NA	NA	0	0	0	1	NA	NA	NA	NA	NA
JBHJCM010000043.1_3	2744	4291	1548	1	0.578	11	GGA/GAG/AGG	NA	NA	NA	0	0	0	1	NA	NA	NA	NA	NA
JBHJCM010000043.1_4	4241	4666	426	-1	0.587	11	AGGA	NA	NA	NA	0	0	0	1	NA	NA	NA	NA	NA
JBHJCM010000043.1_5	5187	5960	774	1	0.550	11	GGA/GAG/AGG	GENOMAD.043515.PP	1.754e-138	436	0	1	0	1	NA	B_traI	NA	PF13605;TIGR02791;COG5314;K03200	P-type DNA transfer protein VirB5
JBHJCM010000043.1_6	5992	7128	1137	1	0.563	11	GGA/GAG/AGG	GENOMAD.022765.PP	3.855e-216	667	0	1	0	1	NA	T_virB6	NA	K03201;COG3704	Type IV secretory pathway, VirB6 components
JBHJCM010000043.1_7	7168	7689	522	1	0.489	11	None	GENOMAD.086806.PP	5.009e-34	130	0	0	0	1	NA	NA	NA	PF13827	NA
JBHJCM010000043.1_8	8055	8585	531	1	0.507	11	AGGAG	NA	NA	NA	0	0	0	1	NA	NA	NA	NA	NA
JBHJCM010000043.1_9	8651	9241	591	1	0.504	11	AGGA	NA	NA	NA	0	0	0	1	NA	NA	NA	NA	NA
JBHJCM010000043.1_10	9238	10584	1347	1	0.602	11	GGA/GAG/AGG	NA	NA	NA	0	0	0	1	NA	NA	NA	NA	NA
JBHJCM010000043.1_11	10463	10774	312	-1	0.577	11	None	NA	NA	NA	0	0	0	1	NA	NA	NA	NA	NA
JBHJCM010000044.1_1	3	1088	1086	1	0.565	11	None	NA	NA	NA	0	0	0	1	NA	NA	NA	NA	NA
JBHJCM010000044.1_2	1239	1778	540	-1	0.441	11	AGGA	NA	NA	NA	0	0	0	1	NA	NA	NA	NA	NA
JBHJCM010000044.1_3	1805	2596	792	-1	0.518	11	GGAG/GAGG	NA	NA	NA	0	0	0	1	NA	NA	NA	NA	NA
JBHJCM010000044.1_4	2703	4919	2217	-1	0.561	11	None	NA	NA	NA	0	0	0	1	NA	NA	NA	NA	NA
JBHJCM010000044.1_5	4916	6214	1299	-1	0.566	11	None	GENOMAD.137385.CP	9.238e-24	108	0	0	0	1	NA	NA	NA	PF00529;K13408;TIGR01843;COG1566	type I secretion membrane fusion protein, HlyD family
JBHJCM010000044.1_6	6450	9284	2835	-1	0.628	11	None	NA	NA	NA	0	0	0	1	NA	NA	NA	NA	NA
JBHJCM010000044.1_7	9281	10261	981	-1	0.559	11	GGA/GAG/AGG	NA	NA	NA	0	0	0	1	NA	NA	NA	NA	NA
JBHJCM010000044.1_8	10254	10547	294	-1	0.534	11	None	NA	NA	NA	0	0	0	1	NA	NA	NA	NA	NA
JBHJCM010000045.1_1	2	184	183	1	0.694	11	None	NA	NA	NA	0	0	0	1	NA	NA	NA	NA	NA
JBHJCM010000045.1_2	287	2170	1884	1	0.668	11	AGGA	GENOMAD.190262.VC	6.073e-10	65	0	0	0	1246	Caudoviricetes	NA	NA	K01342;TIGR03921;COG1404	type VII secretion-associated serine protease mycosin
JBHJCM010000045.1_3	2709	8531	5823	1	0.688	11	AGGAG	GENOMAD.170232.VV	8.784e-05	50	0	0	0	1246	Caudoviricetes	NA	NA	NA	NA
JBHJCM010000046.1_1	1	1062	1062	1	0.633	11	None	NA	NA	NA	0	0	0	1	NA	NA	NA	NA	NA
JBHJCM010000046.1_2	1081	1779	699	1	0.531	11	GGA/GAG/AGG	GENOMAD.191442.PC	1.715e-22	99	0	0	0	1	NA	NA	NA	PF03695;K07039;COG3318;TIGR02292	Uncharacterized conserved protein YecA, UPF0149 family, contains C-terminal Zn-binding SEC-C motif
JBHJCM010000046.1_3	1878	2279	402	1	0.622	11	GGA/GAG/AGG	GENOMAD.172079.PC	0.0002501	42	0	0	0	1	NA	NA	NA	PF07929	Plasmid pRiA4b ORF-3-like protein
JBHJCM010000046.1_4	2596	2847	252	1	0.671	11	AGGA	NA	NA	NA	0	0	0	1	NA	NA	NA	NA	NA
JBHJCM010000046.1_5	3093	3428	336	-1	0.512	11	AGGA	GENOMAD.225822.VP	3.185e-12	64	0	0	0	1	NA	NA	NA	NA	NA
JBHJCM010000046.1_6	3486	3806	321	-1	0.558	11	GGAG/GAGG	NA	NA	NA	0	0	0	1	NA	NA	NA	NA	NA
JBHJCM010000046.1_7	4013	4480	468	1	0.643	11	AGGAG	NA	NA	NA	0	0	0	1	NA	NA	NA	NA	NA
JBHJCM010000046.1_8	4484	4789	306	1	0.572	11	None	GENOMAD.137354.PC	9.523e-05	42	0	1	0	1	NA	NA	NA	PF05016;COG3668;TIGR02385;K19093	ParE toxin of type II toxin-antitoxin system, parDE
JBHJCM010000046.1_9	4861	5226	366	1	0.590	11	GGA/GAG/AGG	GENOMAD.115272.PV	1.196e-18	83	0	0	0	1	NA	NA	NA	PF20090	NA
JBHJCM010000046.1_10	5405	6892	1488	1	0.614	11	GGA/GAG/AGG	NA	NA	NA	0	0	0	1	NA	NA	NA	NA	NA
JBHJCM010000046.1_11	7102	7395	294	1	0.558	11	AGGA	NA	NA	NA	0	0	0	1	NA	NA	NA	NA	NA
JBHJCM010000046.1_12	7680	8306	627	1	0.612	11	GGA/GAG/AGG	NA	NA	NA	0	0	0	1	NA	NA	NA	NA	NA
JBHJCM010000047.1_1	132	758	627	-1	0.558	11	GGAG/GAGG	GENOMAD.137753.PC	2.555e-29	118	0	1	0	1	NA	NA	NA	PF08139;TIGR02747;COG3015	NA
JBHJCM010000047.1_2	1896	2825	930	1	0.629	11	GGAG/GAGG	GENOMAD.189928.PC	9.877e-49	179	0	0	0	1	NA	NA	NA	PF12101	NA
JBHJCM010000047.1_3	2887	3567	681	1	0.639	11	AGGAG	GENOMAD.123925.PP	5.399e-102	329	0	0	0	1	NA	NA	NA	PF11679	NA
JBHJCM010000047.1_4	3659	3982	324	1	0.577	11	GGAGG	GENOMAD.013765.PP	2.347e-61	205	0	0	0	1	NA	NA	NA	NA	NA
JBHJCM010000047.1_5	4110	4760	651	1	0.644	11	GGAG/GAGG	GENOMAD.120574.PP	2.716e-113	361	0	0	0	1	NA	NA	NA	NA	NA
JBHJCM010000047.1_6	4824	5933	1110	1	0.639	11	AGGAG	NA	NA	NA	0	0	0	1	NA	NA	NA	NA	NA
JBHJCM010000047.1_7	5982	6302	321	1	0.604	11	AGGAG	NA	NA	NA	0	0	0	1	NA	NA	NA	NA	NA
JBHJCM010000047.1_8	6391	6696	306	1	0.601	11	AGGAG	NA	NA	NA	0	0	0	1	NA	NA	NA	NA	NA
JBHJCM010000047.1_9	6840	7562	723	1	0.642	11	GGAG/GAGG	NA	NA	NA	0	0	0	1	NA	NA	NA	NA	NA
JBHJCM010000048.1_1	3	353	351	1	0.593	11	None	GENOMAD.172079.PC	0.0007529	40	0	0	0	1	NA	NA	NA	PF07929	Plasmid pRiA4b ORF-3-like protein
JBHJCM010000048.1_2	929	2173	1245	1	0.568	11	None	GENOMAD.015873.CC	1.984e-27	119	0	0	0	1	NA	NA	NA	PF00561;TIGR03101;COG0412;K24084	exosortase A system-associated hydrolase 2
JBHJCM010000048.1_3	2381	2587	207	1	0.570	11	GGA/GAG/AGG	NA	NA	NA	0	0	0	1	NA	NA	NA	NA	NA
JBHJCM010000048.1_4	2658	3239	582	-1	0.670	11	GGA/GAG/AGG	NA	NA	NA	0	0	0	1	NA	NA	NA	NA	NA
JBHJCM010000048.1_5	3332	3655	324	-1	0.593	11	GGAG/GAGG	NA	NA	NA	0	0	0	1	NA	NA	NA	NA	NA
JBHJCM010000048.1_6	3991	4254	264	1	0.598	11	4Base/6BMM	NA	NA	NA	0	0	0	1	NA	NA	NA	NA	NA
JBHJCM010000048.1_7	4813	5784	972	1	0.546	11	GGAG/GAGG	NA	NA	NA	0	0	0	1	NA	NA	NA	NA	NA
JBHJCM010000048.1_8	5971	6528	558	-1	0.618	11	None	NA	NA	NA	0	0	0	1	NA	NA	NA	NA	NA
JBHJCM010000049.1_1	33	878	846	-1	0.671	11	3Base/5BMM	NA	NA	NA	0	0	0	1	NA	NA	NA	NA	NA
JBHJCM010000049.1_2	966	1991	1026	1	0.659	11	AGGA	NA	NA	NA	0	0	0	1	NA	NA	NA	NA	NA
JBHJCM010000049.1_3	2143	2772	630	1	0.619	11	GGA/GAG/AGG	NA	NA	NA	0	0	0	1	NA	NA	NA	NA	NA
JBHJCM010000049.1_4	3105	3971	867	1	0.636	11	None	NA	NA	NA	0	0	0	1	NA	NA	NA	NA	NA
JBHJCM010000049.1_5	3968	4408	441	1	0.689	11	GGA/GAG/AGG	NA	NA	NA	0	0	0	1	NA	NA	NA	NA	NA
JBHJCM010000049.1_6	4405	4836	432	1	0.671	11	GGAG/GAGG	GENOMAD.151842.CP	2.697e-08	54	0	0	0	1	NA	NA	NA	PF20398;COG2391	Sulphur transport
JBHJCM010000049.1_7	4833	5273	441	1	0.630	11	GGA/GAG/AGG	GENOMAD.179551.PC	1.548e-17	81	0	0	0	1	NA	NA	NA	PF04273;TIGR01244;COG3453	TIGR01244 family protein
JBHJCM010000049.1_8	5283	5933	651	1	0.624	11	GGA/GAG/AGG	NA	NA	NA	0	0	0	1	NA	NA	NA	NA	NA
JBHJCM010000050.1_1	146	784	639	1	0.546	11	GGA/GAG/AGG	NA	NA	NA	0	0	0	1	NA	NA	NA	NA	NA
JBHJCM010000050.1_2	820	984	165	1	0.491	11	AGGAG	NA	NA	NA	0	0	0	1	NA	NA	NA	NA	NA
JBHJCM010000050.1_3	1059	2087	1029	1	0.619	11	GGAG/GAGG	NA	NA	NA	0	0	0	1	NA	NA	NA	NA	NA
JBHJCM010000050.1_4	2307	2948	642	1	0.539	11	GGA/GAG/AGG	NA	NA	NA	0	0	0	1	NA	NA	NA	NA	NA
JBHJCM010000050.1_5	3030	6272	3243	1	0.626	11	GGA/GAG/AGG	NA	NA	NA	0	0	0	1	NA	NA	NA	NA	NA
JBHJCM010000051.1_1	22	567	546	-1	0.685	11	GGA/GAG/AGG	GENOMAD.141865.PV	1.362e-103	331	0	0	0	1	NA	NA	NA	PF20090	NA
JBHJCM010000051.1_2	713	907	195	1	0.579	11	GGA/GAG/AGG	GENOMAD.221225.PV	2.027e-19	82	0	0	0	1	NA	NA	NA	PF16777;TIGR04563;COG4877;K07722	MXAN_4361/MXAN_4362 family small protein
JBHJCM010000051.1_3	904	2697	1794	1	0.610	11	GGAG/GAGG	NA	NA	NA	0	0	0	1	NA	NA	NA	NA	NA
JBHJCM010000051.1_4	2694	3788	1095	1	0.575	11	AGxAGG/AGGxGG	NA	NA	NA	0	0	0	1	NA	NA	NA	NA	NA
JBHJCM010000051.1_5	3803	3994	192	-1	0.542	11	3Base/5BMM	NA	NA	NA	0	0	0	1	NA	NA	NA	NA	NA
JBHJCM010000051.1_6	4142	4711	570	1	0.702	11	GGA/GAG/AGG	GENOMAD.181907.CP	8.381e-07	51	0	0	0	1	NA	NA	NA	NA	NA
JBHJCM010000051.1_7	4900	5100	201	1	0.706	11	None	NA	NA	NA	0	0	0	1	NA	NA	NA	NA	NA
JBHJCM010000051.1_8	5221	6069	849	-1	0.504	11	AGGAG	GENOMAD.059519.PP	1.281e-119	383	0	0	0	1	NA	NA	NA	NA	NA
JBHJCM010000052.1_1	2	1147	1146	1	0.580	11	None	GENOMAD.047390.PP	3.043e-07	55	0	0	0	1	NA	NA	NA	NA	NA
JBHJCM010000052.1_2	1276	1563	288	-1	0.566	11	AGGAG	NA	NA	NA	0	0	0	1	NA	NA	NA	NA	NA
JBHJCM010000052.1_3	1977	3953	1977	-1	0.659	11	AGGA/GGAG/GAGG	NA	NA	NA	0	0	0	1	NA	NA	NA	NA	NA
JBHJCM010000052.1_4	3958	4377	420	-1	0.629	11	GGA/GAG/AGG	GENOMAD.168457.PC	0.0006329	41	0	0	0	1	NA	NA	NA	PF10130;K07063;TIGR00305;COG2402	putative toxin-antitoxin system toxin component, PIN family
JBHJCM010000052.1_5	4377	4616	240	-1	0.633	11	GGAGG	NA	NA	NA	0	0	0	1	NA	NA	NA	NA	NA
JBHJCM010000052.1_6	4824	5747	924	1	0.643	11	GGA/GAG/AGG	NA	NA	NA	0	0	0	1	NA	NA	NA	NA	NA
JBHJCM010000052.1_7	5804	6055	252	1	0.583	11	None	NA	NA	NA	0	0	0	1	NA	NA	NA	NA	NA
JBHJCM010000053.1_1	96	428	333	1	0.613	11	AGGA/GGAG/GAGG	NA	NA	NA	0	0	0	1	NA	NA	NA	NA	NA
JBHJCM010000053.1_2	4106	4390	285	-1	0.551	11	AGGAG	GENOMAD.110984.CP	1.873e-18	81	0	0	0	1	NA	NA	NA	NA	NA
JBHJCM010000053.1_3	4682	4834	153	-1	0.549	11	GGAGG	NA	NA	NA	0	0	0	1	NA	NA	NA	NA	NA
JBHJCM010000053.1_4	5361	5465	105	-1	0.514	11	GGA/GAG/AGG	NA	NA	NA	0	0	0	1	NA	NA	NA	NA	NA
JBHJCM010000054.1_1	1	429	429	1	0.629	11	None	GENOMAD.212325.VP	3.109e-67	224	0	0	1	2773	Inoviridae	NA	NA	PF12375;PF12472	Phage protein; Phage related protein
JBHJCM010000054.1_2	468	860	393	-1	0.585	11	GGAGG	GENOMAD.141606.VV	9.358e-50	173	0	0	0	16538	Coriovirus Cf1c	NA	NA	PF13511	NA
JBHJCM010000054.1_3	890	2212	1323	-1	0.613	11	GGA/GAG/AGG	NA	NA	NA	0	0	0	1	NA	NA	NA	NA	NA
JBHJCM010000054.1_4	2214	2534	321	-1	0.576	11	GGAG/GAGG	GENOMAD.214060.VP	4.995e-45	158	0	0	0	2773	Inoviridae	NA	NA	NA	NA
JBHJCM010000054.1_5	2557	2658	102	-1	0.451	11	GGAG/GAGG	NA	NA	NA	0	0	0	1	NA	NA	NA	NA	NA
JBHJCM010000054.1_6	2669	2950	282	-1	0.571	11	GGAG/GAGG	GENOMAD.097192.VV	1.524e-12	64	0	0	0	2773	Inoviridae	NA	NA	NA	NA
JBHJCM010000054.1_7	2902	3321	420	-1	0.619	11	None	GENOMAD.227990.VV	3.971e-30	117	0	0	0	1	NA	NA	NA	NA	NA
JBHJCM010000054.1_8	3791	3919	129	-1	0.574	11	AGGAG	GENOMAD.112093.VV	2.595e-14	66	0	0	0	1	NA	NA	NA	NA	NA
JBHJCM010000054.1_9	3947	4198	252	-1	0.635	11	GGA/GAG/AGG	GENOMAD.148914.VV	4.547e-20	85	0	0	1	1	NA	NA	NA	PF17091	Inovirus G7P protein
JBHJCM010000054.1_10	4202	4498	297	-1	0.562	11	GGA/GAG/AGG	GENOMAD.222243.VP	5.055e-49	169	0	0	1	2773	Inoviridae	NA	NA	PF02303	Helix-destabilising protein
JBHJCM010000054.1_11	4495	5280	786	-1	0.575	11	None	GENOMAD.222675.VP	1.233e-178	552	0	0	0	2773	Inoviridae	NA	NA	NA	NA
JBHJCM010000055.1_1	666	1988	1323	1	0.634	11	GGA/GAG/AGG	GENOMAD.080453.PP	9.573e-08	57	0	0	0	1	NA	NA	NA	NA	NA
JBHJCM010000055.1_2	2555	3436	882	1	0.587	11	GGAG/GAGG	GENOMAD.114461.PP	1.649e-66	230	0	0	0	1	NA	NA	NA	NA	NA
JBHJCM010000055.1_3	3424	4491	1068	-1	0.669	11	GGAG/GAGG	NA	NA	NA	0	0	0	1	NA	NA	NA	NA	NA
JBHJCM010000056.1_1	1061	1276	216	-1	0.454	11	None	NA	NA	NA	0	0	0	1	NA	NA	NA	NA	NA
JBHJCM010000056.1_2	2390	3712	1323	1	0.642	11	None	NA	NA	NA	0	0	0	1	NA	NA	NA	NA	NA
JBHJCM010000057.1_1	1	294	294	-1	0.588	11	None	GENOMAD.222675.VP	5.594e-48	166	0	0	0	2773	Inoviridae	NA	NA	NA	NA
JBHJCM010000057.1_2	248	424	177	-1	0.559	11	AGxAGG/AGGxGG	GENOMAD.185254.VV	3.756e-18	78	0	0	0	1	NA	NA	NA	NA	NA
JBHJCM010000057.1_3	417	590	174	-1	0.552	11	AGGAG	NA	NA	NA	0	0	0	1	NA	NA	NA	NA	NA
JBHJCM010000057.1_4	587	802	216	-1	0.611	11	GGAG/GAGG	GENOMAD.096365.VV	3.199e-18	79	0	0	0	2773	Inoviridae	NA	NA	NA	NA
JBHJCM010000057.1_5	930	1418	489	1	0.607	11	GGA/GAG/AGG	GENOMAD.223687.VP	1.015e-06	50	0	0	1	2773	Inoviridae	NA	NA	PF12472	Phage related protein
JBHJCM010000057.1_6	1411	1839	429	1	0.606	11	GGA/GAG/AGG	GENOMAD.101014.VV	9.116e-31	119	0	0	1	1	NA	NA	NA	PF12375	Phage protein
JBHJCM010000057.1_7	2557	3339	783	-1	0.576	11	None	NA	NA	NA	0	0	0	1	NA	NA	NA	NA	NA
JBHJCM010000058.1_1	1	1338	1338	1	0.680	11	None	NA	NA	NA	0	0	0	1	NA	NA	NA	NA	NA
JBHJCM010000058.1_2	1346	2761	1416	1	0.642	11	GGA/GAG/AGG	NA	NA	NA	0	0	0	1	NA	NA	NA	NA	NA
JBHJCM010000059.1_1	192	1649	1458	-1	0.602	11	GGAG/GAGG	NA	NA	NA	0	0	0	1	NA	NA	NA	NA	NA
JBHJCM010000060.1_1	46	378	333	1	0.562	11	None	GENOMAD.022765.PP	1.645e-42	151	0	1	0	1	NA	T_virB6	NA	K03201;COG3704	Type IV secretory pathway, VirB6 components
JBHJCM010000060.1_2	533	1051	519	1	0.501	11	GGAG/GAGG	GENOMAD.086806.PP	1.27e-31	123	0	0	0	1	NA	NA	NA	PF13827	NA
JBHJCM010000060.1_3	1038	1619	582	1	0.483	11	GGA/GAG/AGG	GENOMAD.086806.PP	3.845e-27	111	0	0	0	1	NA	NA	NA	PF13827	NA
JBHJCM010000060.1_4	1659	2198	540	1	0.459	11	None	GENOMAD.086806.PP	4.184e-19	87	0	0	0	1	NA	NA	NA	PF13827	NA
JBHJCM010000060.1_5	2204	2617	414	-1	0.534	11	None	GENOMAD.179267.PC	1.014e-18	84	0	1	0	1	NA	NA	NA	PF07515	Putative conjugal transfer nickase/helicase TraI C-term
JBHJCM010000061.1_1	1	876	876	-1	0.580	11	GGA/GAG/AGG	NA	NA	NA	0	0	0	1	NA	NA	NA	NA	NA
JBHJCM010000061.1_2	869	1450	582	-1	0.629	11	AGGAG	NA	NA	NA	0	0	0	1	NA	NA	NA	NA	NA
JBHJCM010000061.1_3	1649	2128	480	-1	0.644	11	GGAG/GAGG	NA	NA	NA	0	0	0	1	NA	NA	NA	NA	NA
JBHJCM010000062.1_1	2	2329	2328	1	0.613	11	None	NA	NA	NA	0	0	0	1	NA	NA	NA	NA	NA
JBHJCM010000063.1_1	1	147	147	-1	0.565	11	GGA/GAG/AGG	NA	NA	NA	0	0	0	1	NA	NA	NA	NA	NA
JBHJCM010000063.1_2	302	796	495	-1	0.499	11	GGAG/GAGG	NA	NA	NA	0	0	0	1	NA	NA	NA	NA	NA
JBHJCM010000063.1_3	929	1423	495	-1	0.525	11	AGGAG	NA	NA	NA	0	0	0	1	NA	NA	NA	NA	NA
JBHJCM010000063.1_4	1640	1834	195	-1	0.503	11	None	NA	NA	NA	0	0	0	1	NA	NA	NA	NA	NA
JBHJCM010000064.1_1	2	1771	1770	1	0.621	11	None	NA	NA	NA	0	0	0	1	NA	NA	NA	NA	NA
JBHJCM010000065.1_1	1	918	918	-1	0.598	11	AGGAG	NA	NA	NA	0	0	0	1	NA	NA	NA	NA	NA
JBHJCM010000065.1_2	951	1628	678	-1	0.566	11	None	NA	NA	NA	0	0	0	1	NA	NA	NA	NA	NA
JBHJCM010000066.1_1	1	465	465	-1	0.688	11	None	NA	NA	NA	0	0	0	1	NA	NA	NA	NA	NA
JBHJCM010000066.1_2	552	1052	501	-1	0.401	11	None	NA	NA	NA	0	0	0	1	NA	NA	NA	NA	NA
JBHJCM010000066.1_3	1046	1588	543	-1	0.477	11	None	NA	NA	NA	0	0	0	1	NA	NA	NA	NA	NA
JBHJCM010000067.1_1	141	1217	1077	-1	0.606	11	AGGAG	GENOMAD.047390.PP	7.187e-28	119	0	0	0	1	NA	NA	NA	NA	NA
JBHJCM010000067.1_2	1351	1572	222	-1	0.676	11	None	NA	NA	NA	0	0	0	1	NA	NA	NA	NA	NA
JBHJCM010000068.1_1	1	111	111	1	0.550	11	None	NA	NA	NA	0	0	0	1	NA	NA	NA	NA	NA
JBHJCM010000068.1_2	168	674	507	-1	0.438	11	GGA/GAG/AGG	NA	NA	NA	0	0	0	1	NA	NA	NA	NA	NA
JBHJCM010000068.1_3	671	1432	762	-1	0.529	11	None	NA	NA	NA	0	0	0	1	NA	NA	NA	NA	NA
JBHJCM010000069.1_1	9	1286	1278	-1	0.620	11	None	NA	NA	NA	0	0	0	1	NA	NA	NA	NA	NA
JBHJCM010000070.1_1	2	1324	1323	1	0.636	11	None	NA	NA	NA	0	0	0	1	NA	NA	NA	NA	NA
JBHJCM010000071.1_1	1	1278	1278	1	0.638	11	None	NA	NA	NA	0	0	0	1	NA	NA	NA	NA	NA
JBHJCM010000072.1_1	39	896	858	-1	0.624	11	GGA/GAG/AGG	NA	NA	NA	0	0	0	1	NA	NA	NA	NA	NA
JBHJCM010000072.1_2	893	1186	294	-1	0.616	11	GGAGG	GENOMAD.112987.VV	0.0009101	39	0	0	0	1246	Caudoviricetes	NA	NA	COG2963	NA
JBHJCM010000073.1_1	30	863	834	-1	0.629	11	AGGA/GGAG/GAGG	GENOMAD.194062.PC	0.0004348	44	0	0	0	1	NA	NA	NA	NA	NA
JBHJCM010000073.1_2	896	1162	267	-1	0.584	11	GGAG/GAGG	NA	NA	NA	0	0	0	1	NA	NA	NA	NA	NA
JBHJCM010000074.1_1	39	839	801	-1	0.640	11	None	GENOMAD.177338.PC	0.0001937	45	0	0	0	1	NA	NA	NA	PF13683	Integrase core domain
JBHJCM010000074.1_2	860	1126	267	-1	0.629	11	AGGAGG	NA	NA	NA	0	0	0	1	NA	NA	NA	NA	NA
JBHJCM010000075.1_1	3	569	567	1	0.526	11	None	NA	NA	NA	0	0	0	1	NA	NA	NA	NA	NA
JBHJCM010000075.1_2	804	1193	390	1	0.692	11	GGAG/GAGG	NA	NA	NA	0	0	0	1	NA	NA	NA	NA	NA
JBHJCM010000076.1_1	1	927	927	-1	0.650	11	GGAG/GAGG	GENOMAD.103404.PP	1.05e-18	90	0	0	0	1	NA	NA	NA	PF03377;PF02536	TAL effector repeat; mTERF
JBHJCM010000076.1_2	1081	1155	75	1	0.427	11	GGA/GAG/AGG	NA	NA	NA	0	0	0	1	NA	NA	NA	NA	NA
JBHJCM010000077.1_1	1	1086	1086	-1	0.627	11	None	NA	NA	NA	0	0	0	1	NA	NA	NA	NA	NA
JBHJCM010000078.1_1	2	553	552	1	0.536	11	None	GENOMAD.176216.VV	0.0006944	42	0	0	0	1246	Caudoviricetes	NA	NA	PF14220	NA
JBHJCM010000078.1_2	541	873	333	1	0.396	11	None	NA	NA	NA	0	0	0	1	NA	NA	NA	NA	NA
JBHJCM010000078.1_3	866	1066	201	1	0.622	11	None	NA	NA	NA	0	0	0	1	NA	NA	NA	NA	NA
JBHJCM010000079.1_1	3	1025	1023	-1	0.668	11	None	NA	NA	NA	0	0	0	1	NA	NA	NA	NA	NA
JBHJCM010000080.1_1	1	900	900	1	0.624	11	None	NA	NA	NA	0	0	0	1	NA	NA	NA	NA	NA
JBHJCM010000081.1_1	3	938	936	-1	0.609	11	None	NA	NA	NA	0	0	0	1	NA	NA	NA	NA	NA
JBHJCM010000082.1_1	1	741	741	-1	0.637	11	AGxAGG/AGGxGG	NA	NA	NA	0	0	0	1	NA	NA	NA	NA	NA
JBHJCM010000083.1_1	2	211	210	1	0.676	11	None	NA	NA	NA	0	0	0	1	NA	NA	NA	NA	NA
JBHJCM010000083.1_2	220	768	549	1	0.641	11	GGAG/GAGG	NA	NA	NA	0	0	0	1	NA	NA	NA	NA	NA
JBHJCM010000084.1_1	1	606	606	-1	0.604	11	AGGAG	GENOMAD.082990.PP	2.461e-73	245	0	0	0	1	NA	NA	NA	NA	NA
JBHJCM010000084.1_2	570	728	159	-1	0.673	11	None	NA	NA	NA	0	0	0	1	NA	NA	NA	NA	NA
JBHJCM010000085.1_1	3	704	702	-1	0.623	11	None	NA	NA	NA	0	0	0	1	NA	NA	NA	NA	NA
JBHJCM010000086.1_1	2	697	696	-1	0.655	11	None	NA	NA	NA	0	0	0	1	NA	NA	NA	NA	NA
JBHJCM010000087.1_1	2	277	276	1	0.605	11	None	GENOMAD.096365.VV	4.066e-17	77	0	0	0	2773	Inoviridae	NA	NA	NA	NA
JBHJCM010000087.1_2	270	446	177	1	0.571	11	GGAG/GAGG	GENOMAD.185254.VV	2.368e-15	70	0	0	0	1	NA	NA	NA	NA	NA
JBHJCM010000087.1_3	439	693	255	1	0.584	11	GGAG/GAGG	GENOMAD.222675.VP	2.179e-51	175	0	0	0	2773	Inoviridae	NA	NA	NA	NA
JBHJCM010000088.1_1	341	607	267	-1	0.562	11	AGGAG	NA	NA	NA	0	0	0	1	NA	NA	NA	NA	NA
JBHJCM010000089.1_1	3	614	612	1	0.435	11	None	NA	NA	NA	0	0	0	1	NA	NA	NA	NA	NA
JBHJCM010000090.1_1	107	637	531	1	0.663	11	GGAG/GAGG	NA	NA	NA	0	0	0	1	NA	NA	NA	NA	NA
JBHJCM010000091.1_1	2	490	489	-1	0.648	11	None	NA	NA	NA	0	0	0	1	NA	NA	NA	NA	NA
JBHJCM010000092.1_1	2	475	474	-1	0.608	11	None	NA	NA	NA	0	0	0	1	NA	NA	NA	NA	NA
JBHJCM010000093.1_1	1	459	459	-1	0.693	11	None	NA	NA	NA	0	0	0	1	NA	NA	NA	NA	NA
JBHJCM010000094.1_1	2	448	447	-1	0.667	11	None	NA	NA	NA	0	0	0	1	NA	NA	NA	NA	NA
JBHJCM010000095.1_1	2	412	411	1	0.681	11	None	NA	NA	NA	0	0	0	1	NA	NA	NA	NA	NA
JBHJCM010000096.1_1	2	409	408	-1	0.591	11	None	NA	NA	NA	0	0	0	1	NA	NA	NA	NA	NA
JBHJCM010000097.1_1	3	407	405	-1	0.598	11	None	GENOMAD.223687.VP	1.091e-06	49	0	0	1	2773	Inoviridae	NA	NA	PF12472	Phage related protein
JBHJCM010000098.1_1	3	407	405	-1	0.709	11	None	NA	NA	NA	0	0	0	1	NA	NA	NA	NA	NA
JBHJCM010000099.1_1	1	366	366	-1	0.664	11	None	NA	NA	NA	0	0	0	1	NA	NA	NA	NA	NA
JBHJCM010000100.1_1	1	366	366	-1	0.658	11	None	NA	NA	NA	0	0	0	1	NA	NA	NA	NA	NA
JBHJCM010000101.1_1	3	341	339	-1	0.599	11	None	GENOMAD.117295.PC	1.308e-05	45	0	0	0	1	NA	NA	NA	NA	NA
JBHJCM010000102.1_1	1	315	315	-1	0.676	11	None	NA	NA	NA	0	0	0	1	NA	NA	NA	NA	NA
JBHJCM010000103.1_1	6	314	309	-1	0.563	11	None	NA	NA	NA	0	0	0	1	NA	NA	NA	NA	NA
JBHJCM010000104.1_1	3	311	309	-1	0.663	11	None	NA	NA	NA	0	0	0	1	NA	NA	NA	NA	NA
JBHJCM010000105.1_1	3	302	300	1	0.697	11	None	NA	NA	NA	0	0	0	1	NA	NA	NA	NA	NA
JBHJCM010000106.1_1	3	287	285	1	0.667	11	None	NA	NA	NA	0	0	0	1	NA	NA	NA	NA	NA
JBHJCM010000107.1_1	1	285	285	-1	0.663	11	None	NA	NA	NA	0	0	0	1	NA	NA	NA	NA	NA
JBHJCM010000108.1_1	3	284	282	-1	0.599	11	None	NA	NA	NA	0	0	0	1	NA	NA	NA	NA	NA
JBHJCM010000109.1_1	2	280	279	-1	0.602	11	None	NA	NA	NA	0	0	0	1	NA	NA	NA	NA	NA
JBHJCM010000110.1_1	3	236	234	1	0.667	11	None	NA	NA	NA	0	0	0	1	NA	NA	NA	NA	NA
JBHJCM010000111.1_1	2	229	228	-1	0.610	11	None	NA	NA	NA	0	0	0	1	NA	NA	NA	NA	NA
JBHJCM010000112.1_1	2	208	207	1	0.556	11	None	GENOMAD.117295.PC	1.053e-06	46	0	0	0	1	NA	NA	NA	NA	NA
JBHJCM010000113.1_1	3	209	207	-1	0.662	11	None	NA	NA	NA	0	0	0	1	NA	NA	NA	NA	NA
