JBJGKY010000014.1_24 # 26241 # 27362 # -1 # ID=14_24;partial=00;start_type=ATG;rbs_motif=GGA/GAG/AGG;rbs_spacer=5-10bp;genetic_code=11;gc_cont=0.662	GENOMAD.103023.CP	3.227E-107	352	0
JBJGKY010000014.1_88 # 120050 # 120556 # 1 # ID=14_88;partial=00;start_type=ATG;rbs_motif=GGAGG;rbs_spacer=3-4bp;genetic_code=11;gc_cont=0.602	GENOMAD.166375.PC	1.078E-09	59	0
JBJGKY010000016.1_79 # 97517 # 98845 # -1 # ID=16_79;partial=00;start_type=ATG;rbs_motif=None;rbs_spacer=None;genetic_code=11;gc_cont=0.658	GENOMAD.120563.CP	5.641E-09	61	0
JBJGKY010000035.1_11 # 14903 # 16372 # -1 # ID=35_11;partial=00;start_type=ATG;rbs_motif=None;rbs_spacer=None;genetic_code=11;gc_cont=0.664	GENOMAD.197616.CP	9.529E-85	292	0
JBJGKY010000038.1_10 # 8858 # 10396 # 1 # ID=38_10;partial=00;start_type=ATG;rbs_motif=AGGAG;rbs_spacer=5-10bp;genetic_code=11;gc_cont=0.652	GENOMAD.208994.VP	2.183E-61	224	1246
JBJGKY010000040.1_15 # 12020 # 12607 # 1 # ID=40_15;partial=00;start_type=ATG;rbs_motif=AGGAG;rbs_spacer=5-10bp;genetic_code=11;gc_cont=0.633	GENOMAD.021429.PP	1.876E-37	141	0
JBJGKY010000041.1_7 # 5103 # 6026 # 1 # ID=41_7;partial=00;start_type=ATG;rbs_motif=GGA/GAG/AGG;rbs_spacer=5-10bp;genetic_code=11;gc_cont=0.614	GENOMAD.158077.CP	3.931E-07	54	0
JBJGKY010000002.1_229 # 243320 # 243790 # 1 # ID=2_229;partial=00;start_type=ATG;rbs_motif=GGA/GAG/AGG;rbs_spacer=5-10bp;genetic_code=11;gc_cont=0.618	GENOMAD.089560.CV	2.408E-43	156	0
JBJGKY010000002.1_261 # 280958 # 281341 # -1 # ID=2_261;partial=00;start_type=ATG;rbs_motif=None;rbs_spacer=None;genetic_code=11;gc_cont=0.677	GENOMAD.195120.CP	1.222E-53	184	0
JBJGKY010000003.1_62 # 59781 # 60539 # -1 # ID=3_62;partial=00;start_type=ATG;rbs_motif=GGAG/GAGG;rbs_spacer=5-10bp;genetic_code=11;gc_cont=0.663	GENOMAD.183080.CP	1.186E-60	211	0
JBJGKY010000003.1_94 # 106056 # 107660 # 1 # ID=3_94;partial=00;start_type=ATG;rbs_motif=None;rbs_spacer=None;genetic_code=11;gc_cont=0.627	GENOMAD.123902.CP	1.369E-116	387	1246
JBJGKY010000003.1_158 # 202233 # 203132 # 1 # ID=3_158;partial=00;start_type=ATG;rbs_motif=GGA/GAG/AGG;rbs_spacer=11-12bp;genetic_code=11;gc_cont=0.652	GENOMAD.180288.CP	1.096E-64	225	0
JBJGKY010000004.1_47 # 47848 # 48072 # -1 # ID=4_47;partial=00;start_type=ATG;rbs_motif=None;rbs_spacer=None;genetic_code=11;gc_cont=0.618	GENOMAD.212472.CP	2.066E-09	54	0
JBJGKY010000023.1_14 # 15892 # 17133 # -1 # ID=23_14;partial=00;start_type=ATG;rbs_motif=None;rbs_spacer=None;genetic_code=11;gc_cont=0.622	GENOMAD.112745.CP	1.024E-66	236	0
JBJGKY010000023.1_78 # 86856 # 87164 # 1 # ID=23_78;partial=00;start_type=ATG;rbs_motif=AGGA;rbs_spacer=5-10bp;genetic_code=11;gc_cont=0.670	GENOMAD.141198.CP	1.494E-08	53	0
JBJGKY010000024.1_21 # 17485 # 17682 # 1 # ID=24_21;partial=00;start_type=GTG;rbs_motif=GGA/GAG/AGG;rbs_spacer=11-12bp;genetic_code=11;gc_cont=0.687	GENOMAD.170701.CP	4.419E-06	44	0
JBJGKY010000026.1_10 # 22276 # 23358 # -1 # ID=26_10;partial=00;start_type=ATG;rbs_motif=None;rbs_spacer=None;genetic_code=11;gc_cont=0.671	GENOMAD.099678.CP	4.145E-52	191	0
JBJGKY010000024.1_22 # 18085 # 20412 # -1 # ID=24_22;partial=00;start_type=ATG;rbs_motif=GGAG/GAGG;rbs_spacer=5-10bp;genetic_code=11;gc_cont=0.644	GENOMAD.124454.CP	2.792E-136	455	0
JBJGKY010000026.1_43 # 61476 # 62579 # 1 # ID=26_43;partial=00;start_type=ATG;rbs_motif=GGA/GAG/AGG;rbs_spacer=3-4bp;genetic_code=11;gc_cont=0.592	GENOMAD.181329.VC	3.533E-04	45	1246
JBJGKY010000027.1_9 # 13579 # 14028 # 1 # ID=27_9;partial=00;start_type=ATG;rbs_motif=AGGAG;rbs_spacer=5-10bp;genetic_code=11;gc_cont=0.658	GENOMAD.136442.CP	1.085E-73	243	0
JBJGKY010000027.1_41 # 51563 # 52192 # 1 # ID=27_41;partial=00;start_type=ATG;rbs_motif=GGA/GAG/AGG;rbs_spacer=11-12bp;genetic_code=11;gc_cont=0.686	GENOMAD.158577.CP	5.958E-12	67	0
JBJGKY010000036.1_19 # 21902 # 24358 # -1 # ID=36_19;partial=00;start_type=GTG;rbs_motif=None;rbs_spacer=None;genetic_code=11;gc_cont=0.664	GENOMAD.190312.PC	1.985E-20	100	0
JBJGKY010000038.1_25 # 27707 # 28636 # 1 # ID=38_25;partial=00;start_type=ATG;rbs_motif=GGAG/GAGG;rbs_spacer=5-10bp;genetic_code=11;gc_cont=0.629	GENOMAD.189928.PC	9.877E-49	179	0
JBJGKY010000040.1_30 # 22869 # 23576 # 1 # ID=40_30;partial=00;start_type=ATG;rbs_motif=AGGAG;rbs_spacer=5-10bp;genetic_code=11;gc_cont=0.558	GENOMAD.123110.PV	9.921E-55	193	0
JBJGKY010000015.1_1 # 508 # 2433 # 1 # ID=15_1;partial=00;start_type=ATG;rbs_motif=GGA/GAG/AGG;rbs_spacer=5-10bp;genetic_code=11;gc_cont=0.665	GENOMAD.171982.CP	4.576E-12	72	0
JBJGKY010000015.1_65 # 72467 # 72661 # 1 # ID=15_65;partial=00;start_type=ATG;rbs_motif=None;rbs_spacer=None;genetic_code=11;gc_cont=0.713	GENOMAD.033386.CC	1.812E-20	85	0
JBJGKY010000015.1_97 # 105060 # 106613 # -1 # ID=15_97;partial=00;start_type=ATG;rbs_motif=GGA/GAG/AGG;rbs_spacer=5-10bp;genetic_code=11;gc_cont=0.636	GENOMAD.194337.PC	1.200E-47	183	0
JBJGKY010000016.1_55 # 70393 # 72342 # -1 # ID=16_55;partial=00;start_type=ATG;rbs_motif=GGA/GAG/AGG;rbs_spacer=5-10bp;genetic_code=11;gc_cont=0.599	GENOMAD.070464.CC	9.999E-28	123	0
JBJGKY010000016.1_87 # 103380 # 104225 # 1 # ID=16_87;partial=00;start_type=ATG;rbs_motif=None;rbs_spacer=None;genetic_code=11;gc_cont=0.661	GENOMAD.001272.CC	9.669E-33	131	0
JBJGKY010000017.1_23 # 27438 # 28934 # 1 # ID=17_23;partial=00;start_type=ATG;rbs_motif=AGGA;rbs_spacer=5-10bp;genetic_code=11;gc_cont=0.681	GENOMAD.042263.CC	1.803E-23	108	0
JBJGKY010000017.1_55 # 67797 # 69638 # 1 # ID=17_55;partial=00;start_type=ATG;rbs_motif=GGAG/GAGG;rbs_spacer=5-10bp;genetic_code=11;gc_cont=0.555	GENOMAD.072096.PP	4.376E-279	862	0
JBJGKY010000006.1_157 # 188626 # 189543 # -1 # ID=6_157;partial=00;start_type=ATG;rbs_motif=GGAG/GAGG;rbs_spacer=5-10bp;genetic_code=11;gc_cont=0.647	GENOMAD.168562.CP	1.436E-05	49	0
JBJGKY010000007.1_87 # 115994 # 117010 # -1 # ID=7_87;partial=00;start_type=ATG;rbs_motif=GGA/GAG/AGG;rbs_spacer=5-10bp;genetic_code=11;gc_cont=0.534	GENOMAD.100222.PC	1.423E-90	302	0
JBJGKY010000007.1_119 # 155372 # 157531 # -1 # ID=7_119;partial=00;start_type=ATG;rbs_motif=GGA/GAG/AGG;rbs_spacer=11-12bp;genetic_code=11;gc_cont=0.596	GENOMAD.120746.CP	1.950E-51	199	0
JBJGKY010000008.1_8 # 8808 # 10580 # 1 # ID=8_8;partial=00;start_type=ATG;rbs_motif=GGAG/GAGG;rbs_spacer=5-10bp;genetic_code=11;gc_cont=0.646	GENOMAD.151073.CP	1.536E-07	57	0
JBJGKY010000008.1_72 # 89357 # 89809 # -1 # ID=8_72;partial=00;start_type=ATG;rbs_motif=GGA/GAG/AGG;rbs_spacer=5-10bp;genetic_code=11;gc_cont=0.660	GENOMAD.205530.CP	6.830E-71	235	0
JBJGKY010000018.1_96 # 103130 # 104467 # -1 # ID=18_96;partial=00;start_type=ATG;rbs_motif=GGA/GAG/AGG;rbs_spacer=5-10bp;genetic_code=11;gc_cont=0.656	GENOMAD.127377.CP	5.719E-05	48	0
JBJGKY010000020.1_77 # 98886 # 99581 # -1 # ID=20_77;partial=00;start_type=ATG;rbs_motif=None;rbs_spacer=None;genetic_code=11;gc_cont=0.698	GENOMAD.106818.CV	8.843E-34	132	0
JBJGKY010000021.1_28 # 41198 # 43918 # -1 # ID=21_28;partial=00;start_type=ATG;rbs_motif=GGAGG;rbs_spacer=5-10bp;genetic_code=11;gc_cont=0.624	GENOMAD.158496.CP	1.293E-137	464	0
JBJGKY010000024.1_3 # 1822 # 2280 # 1 # ID=24_3;partial=00;start_type=ATG;rbs_motif=None;rbs_spacer=None;genetic_code=11;gc_cont=0.588	GENOMAD.158969.CP	5.711E-13	68	0
JBJGKY010000025.1_40 # 37781 # 39691 # -1 # ID=25_40;partial=00;start_type=ATG;rbs_motif=GGA/GAG/AGG;rbs_spacer=5-10bp;genetic_code=11;gc_cont=0.656	GENOMAD.154050.CP	3.862E-04	46	0
JBJGKY010000025.1_72 # 73396 # 73725 # -1 # ID=25_72;partial=00;start_type=ATG;rbs_motif=GGA/GAG/AGG;rbs_spacer=5-10bp;genetic_code=11;gc_cont=0.712	GENOMAD.041684.CC	3.497E-42	150	0
JBJGKY010000026.1_46 # 64448 # 64885 # 1 # ID=26_46;partial=00;start_type=ATG;rbs_motif=GGA/GAG/AGG;rbs_spacer=5-10bp;genetic_code=11;gc_cont=0.557	GENOMAD.206789.PC	6.875E-06	47	0
JBJGKY010000027.1_44 # 55804 # 56442 # 1 # ID=27_44;partial=00;start_type=ATG;rbs_motif=None;rbs_spacer=None;genetic_code=11;gc_cont=0.707	GENOMAD.089544.CV	1.843E-24	104	1246
JBJGKY010000028.1_36 # 38853 # 40757 # -1 # ID=28_36;partial=00;start_type=ATG;rbs_motif=None;rbs_spacer=None;genetic_code=11;gc_cont=0.677	GENOMAD.074473.CV	8.319E-226	709	1246
JBJGKY010000017.1_64 # 77471 # 78742 # 1 # ID=17_64;partial=00;start_type=ATG;rbs_motif=GGAG/GAGG;rbs_spacer=5-10bp;genetic_code=11;gc_cont=0.702	GENOMAD.176778.PC	3.083E-44	170	0
JBJGKY010000018.1_37 # 38961 # 39260 # -1 # ID=18_37;partial=00;start_type=GTG;rbs_motif=GGAG/GAGG;rbs_spacer=5-10bp;genetic_code=11;gc_cont=0.700	GENOMAD.153334.CP	9.153E-28	108	0
JBJGKY010000020.1_42 # 61000 # 61647 # 1 # ID=20_42;partial=00;start_type=ATG;rbs_motif=AGGA;rbs_spacer=5-10bp;genetic_code=11;gc_cont=0.668	GENOMAD.181422.CP	5.502E-43	158	0
JBJGKY010000028.1_75 # 76112 # 76942 # 1 # ID=28_75;partial=00;start_type=ATG;rbs_motif=GGxGG;rbs_spacer=5-10bp;genetic_code=11;gc_cont=0.615	GENOMAD.171038.PC	1.095E-14	77	0
JBJGKY010000003.1_186 # 235407 # 235856 # -1 # ID=3_186;partial=00;start_type=ATG;rbs_motif=AGGA;rbs_spacer=5-10bp;genetic_code=11;gc_cont=0.627	GENOMAD.124417.CP	1.384E-09	58	0
JBJGKY010000004.1_11 # 8528 # 9169 # -1 # ID=4_11;partial=00;start_type=ATG;rbs_motif=None;rbs_spacer=None;genetic_code=11;gc_cont=0.676	GENOMAD.205988.VC	5.694E-06	49	0
JBJGKY010000004.1_43 # 42702 # 43952 # 1 # ID=4_43;partial=00;start_type=GTG;rbs_motif=GGA/GAG/AGG;rbs_spacer=11-12bp;genetic_code=11;gc_cont=0.652	GENOMAD.002083.CC	6.224E-89	301	0
JBJGKY010000004.1_75 # 81401 # 82066 # 1 # ID=4_75;partial=00;start_type=ATG;rbs_motif=None;rbs_spacer=None;genetic_code=11;gc_cont=0.646	GENOMAD.180885.CP	8.514E-86	282	0
JBJGKY010000006.1_128 # 147622 # 148179 # 1 # ID=6_128;partial=00;start_type=ATG;rbs_motif=None;rbs_spacer=None;genetic_code=11;gc_cont=0.640	GENOMAD.192159.VC	5.413E-65	220	1246
JBJGKY010000007.1_58 # 78309 # 79427 # -1 # ID=7_58;partial=00;start_type=ATG;rbs_motif=GGAG/GAGG;rbs_spacer=5-10bp;genetic_code=11;gc_cont=0.625	GENOMAD.215903.VC	2.473E-06	52	0
JBJGKY010000007.1_122 # 158508 # 158996 # -1 # ID=7_122;partial=00;start_type=ATG;rbs_motif=GGA/GAG/AGG;rbs_spacer=11-12bp;genetic_code=11;gc_cont=0.599	GENOMAD.113231.CP	1.018E-29	117	0
JBJGKY010000056.1_8 # 8366 # 9658 # 1 # ID=56_8;partial=00;start_type=ATG;rbs_motif=GGA/GAG/AGG;rbs_spacer=5-10bp;genetic_code=11;gc_cont=0.533	GENOMAD.190917.PC	2.671E-05	49	0
JBJGKY010000059.1_5 # 2667 # 2882 # 1 # ID=59_5;partial=00;start_type=ATG;rbs_motif=GGAG/GAGG;rbs_spacer=5-10bp;genetic_code=11;gc_cont=0.611	GENOMAD.096365.VV	3.199E-18	79	2773
JBJGKY010000001.1_16 # 20252 # 21475 # -1 # ID=1_16;partial=00;start_type=ATG;rbs_motif=GGA/GAG/AGG;rbs_spacer=5-10bp;genetic_code=11;gc_cont=0.686	GENOMAD.114408.CP	5.910E-06	51	0
JBJGKY010000001.1_80 # 85928 # 87538 # 1 # ID=1_80;partial=00;start_type=ATG;rbs_motif=GGAG/GAGG;rbs_spacer=5-10bp;genetic_code=11;gc_cont=0.652	GENOMAD.114541.CP	1.882E-60	222	0
JBJGKY010000001.1_112 # 126047 # 126367 # -1 # ID=1_112;partial=00;start_type=ATG;rbs_motif=GGA/GAG/AGG;rbs_spacer=11-12bp;genetic_code=11;gc_cont=0.664	GENOMAD.019745.CC	8.659E-16	74	0
JBJGKY010000023.1_81 # 89564 # 91165 # 1 # ID=23_81;partial=00;start_type=TTG;rbs_motif=GGA/GAG/AGG;rbs_spacer=5-10bp;genetic_code=11;gc_cont=0.692	GENOMAD.107063.CP	3.799E-51	194	0
JBJGKY010000024.1_24 # 22256 # 23347 # -1 # ID=24_24;partial=00;start_type=GTG;rbs_motif=GGAG/GAGG;rbs_spacer=5-10bp;genetic_code=11;gc_cont=0.691	GENOMAD.028689.CC	7.487E-70	243	0
JBJGKY010000024.1_56 # 67541 # 68506 # 1 # ID=24_56;partial=00;start_type=ATG;rbs_motif=GGA/GAG/AGG;rbs_spacer=11-12bp;genetic_code=11;gc_cont=0.648	GENOMAD.145413.CP	1.650E-11	68	0
JBJGKY010000025.1_7 # 4134 # 4517 # -1 # ID=25_7;partial=00;start_type=ATG;rbs_motif=None;rbs_spacer=None;genetic_code=11;gc_cont=0.651	GENOMAD.000805.CC	1.522E-18	83	0
JBJGKY010000026.1_13 # 25309 # 25734 # 1 # ID=26_13;partial=00;start_type=ATG;rbs_motif=None;rbs_spacer=None;genetic_code=11;gc_cont=0.678	GENOMAD.001478.CC	7.436E-74	243	0
JBJGKY010000006.1_151 # 181431 # 183662 # 1 # ID=6_151;partial=00;start_type=ATG;rbs_motif=GGA/GAG/AGG;rbs_spacer=5-10bp;genetic_code=11;gc_cont=0.637	GENOMAD.134173.CP	2.955E-63	236	0
JBJGKY010000010.1_68 # 90759 # 92141 # -1 # ID=10_68;partial=00;start_type=ATG;rbs_motif=AGGA;rbs_spacer=5-10bp;genetic_code=11;gc_cont=0.654	GENOMAD.126996.CP	2.248E-30	129	0
JBJGKY010000006.1_144 # 171732 # 172559 # -1 # ID=6_144;partial=00;start_type=ATG;rbs_motif=GGAG/GAGG;rbs_spacer=5-10bp;genetic_code=11;gc_cont=0.650	GENOMAD.158493.CP	4.285E-04	44	0
JBJGKY010000007.1_10 # 15142 # 16728 # -1 # ID=7_10;partial=00;start_type=ATG;rbs_motif=AGxAGG/AGGxGG;rbs_spacer=5-10bp;genetic_code=11;gc_cont=0.657	GENOMAD.151274.CP	2.289E-29	127	1246
JBJGKY010000007.1_74 # 97672 # 99858 # -1 # ID=7_74;partial=00;start_type=ATG;rbs_motif=None;rbs_spacer=None;genetic_code=11;gc_cont=0.655	GENOMAD.140739.CP	8.329E-131	437	0
JBJGKY010000007.1_138 # 174793 # 175476 # -1 # ID=7_138;partial=00;start_type=ATG;rbs_motif=GGxGG;rbs_spacer=5-10bp;genetic_code=11;gc_cont=0.678	GENOMAD.161375.CP	1.583E-34	134	0
JBJGKY010000008.1_91 # 108959 # 109501 # -1 # ID=8_91;partial=00;start_type=ATG;rbs_motif=GGAG/GAGG;rbs_spacer=5-10bp;genetic_code=11;gc_cont=0.659	GENOMAD.151626.CP	9.142E-57	196	0
JBJGKY010000026.1_4 # 13322 # 17365 # -1 # ID=26_4;partial=00;start_type=ATG;rbs_motif=GGA/GAG/AGG;rbs_spacer=3-4bp;genetic_code=11;gc_cont=0.687	GENOMAD.121610.CV	1.758E-71	269	1246
JBJGKY010000027.1_2 # 205 # 2445 # 1 # ID=27_2;partial=00;start_type=ATG;rbs_motif=GGA/GAG/AGG;rbs_spacer=5-10bp;genetic_code=11;gc_cont=0.655	GENOMAD.092979.CV	2.231E-75	273	1246
JBJGKY010000027.1_34 # 45739 # 47121 # 1 # ID=27_34;partial=00;start_type=ATG;rbs_motif=GGAG/GAGG;rbs_spacer=5-10bp;genetic_code=11;gc_cont=0.638	GENOMAD.178249.CP	2.806E-89	304	0
JBJGKY010000027.1_66 # 81606 # 83099 # 1 # ID=27_66;partial=00;start_type=ATG;rbs_motif=AGGAG;rbs_spacer=5-10bp;genetic_code=11;gc_cont=0.624	GENOMAD.160889.PC	6.418E-39	156	0
JBJGKY010000028.1_26 # 28830 # 29564 # 1 # ID=28_26;partial=00;start_type=ATG;rbs_motif=GGAG/GAGG;rbs_spacer=5-10bp;genetic_code=11;gc_cont=0.663	GENOMAD.170300.PC	9.215E-07	52	0
JBJGKY010000014.1_2 # 1545 # 2768 # -1 # ID=14_2;partial=00;start_type=ATG;rbs_motif=AGGA;rbs_spacer=5-10bp;genetic_code=11;gc_cont=0.639	GENOMAD.119423.CP	8.459E-04	44	0
JBJGKY010000014.1_34 # 44382 # 45014 # -1 # ID=14_34;partial=00;start_type=ATG;rbs_motif=None;rbs_spacer=None;genetic_code=11;gc_cont=0.664	GENOMAD.125911.CP	1.728E-24	104	0
JBJGKY010000015.1_3 # 3189 # 5753 # -1 # ID=15_3;partial=00;start_type=ATG;rbs_motif=AGGA;rbs_spacer=5-10bp;genetic_code=11;gc_cont=0.660	GENOMAD.146053.CP	5.586E-04	46	0
JBJGKY010000015.1_67 # 74397 # 76961 # -1 # ID=15_67;partial=00;start_type=ATG;rbs_motif=None;rbs_spacer=None;genetic_code=11;gc_cont=0.686	GENOMAD.169137.CP	6.223E-108	374	0
JBJGKY010000015.1_99 # 107345 # 108262 # 1 # ID=15_99;partial=00;start_type=ATG;rbs_motif=GGAGG;rbs_spacer=5-10bp;genetic_code=11;gc_cont=0.645	GENOMAD.195620.CP	4.818E-22	100	0
JBJGKY010000016.1_25 # 33235 # 35688 # -1 # ID=16_25;partial=00;start_type=ATG;rbs_motif=None;rbs_spacer=None;genetic_code=11;gc_cont=0.678	GENOMAD.003280.CC	0.000E+00	1211	0
JBJGKY010000016.1_57 # 72892 # 73557 # -1 # ID=16_57;partial=00;start_type=ATG;rbs_motif=AGGAGG;rbs_spacer=5-10bp;genetic_code=11;gc_cont=0.604	GENOMAD.000893.CC	1.363E-53	189	0
JBJGKY010000027.1_43 # 53952 # 55580 # -1 # ID=27_43;partial=00;start_type=ATG;rbs_motif=None;rbs_spacer=None;genetic_code=11;gc_cont=0.695	GENOMAD.152489.CP	3.485E-42	167	0
JBJGKY010000028.1_35 # 37934 # 38644 # -1 # ID=28_35;partial=00;start_type=ATG;rbs_motif=None;rbs_spacer=None;genetic_code=11;gc_cont=0.589	GENOMAD.178382.CP	4.766E-34	133	0
JBJGKY010000030.1_24 # 33145 # 33720 # 1 # ID=30_24;partial=00;start_type=ATG;rbs_motif=None;rbs_spacer=None;genetic_code=11;gc_cont=0.720	GENOMAD.192401.PC	4.203E-35	134	0
JBJGKY010000031.1_4 # 8558 # 13366 # -1 # ID=31_4;partial=00;start_type=ATG;rbs_motif=GGA/GAG/AGG;rbs_spacer=5-10bp;genetic_code=11;gc_cont=0.678	GENOMAD.088220.VV	5.444E-07	57	1246
JBJGKY010000008.1_90 # 107946 # 108734 # 1 # ID=8_90;partial=00;start_type=ATG;rbs_motif=GGA/GAG/AGG;rbs_spacer=5-10bp;genetic_code=11;gc_cont=0.606	GENOMAD.129948.CP	2.897E-43	161	0
JBJGKY010000009.1_18 # 19039 # 19767 # 1 # ID=9_18;partial=00;start_type=ATG;rbs_motif=GGAG/GAGG;rbs_spacer=5-10bp;genetic_code=11;gc_cont=0.653	GENOMAD.053871.PP	1.158E-135	427	0
JBJGKY010000009.1_50 # 54021 # 55388 # 1 # ID=9_50;partial=00;start_type=TTG;rbs_motif=GGA/GAG/AGG;rbs_spacer=5-10bp;genetic_code=11;gc_cont=0.667	GENOMAD.169108.CP	4.407E-30	128	0
JBJGKY010000009.1_114 # 127669 # 128883 # 1 # ID=9_114;partial=00;start_type=ATG;rbs_motif=AGGA;rbs_spacer=5-10bp;genetic_code=11;gc_cont=0.648	GENOMAD.116686.CP	7.897E-49	183	0
JBJGKY010000010.1_7 # 8197 # 9354 # -1 # ID=10_7;partial=00;start_type=ATG;rbs_motif=GGAG/GAGG;rbs_spacer=5-10bp;genetic_code=11;gc_cont=0.678	GENOMAD.162212.CP	1.292E-06	53	0
JBJGKY010000010.1_39 # 49295 # 50557 # 1 # ID=10_39;partial=00;start_type=ATG;rbs_motif=GGxGG;rbs_spacer=5-10bp;genetic_code=11;gc_cont=0.660	GENOMAD.182562.CP	9.819E-218	674	0
JBJGKY010000010.1_71 # 93869 # 96820 # 1 # ID=10_71;partial=00;start_type=GTG;rbs_motif=None;rbs_spacer=None;genetic_code=11;gc_cont=0.684	GENOMAD.140631.CP	2.014E-05	51	0
JBJGKY010000045.1_9 # 11756 # 14140 # -1 # ID=45_9;partial=00;start_type=ATG;rbs_motif=AGGAG;rbs_spacer=5-10bp;genetic_code=11;gc_cont=0.667	GENOMAD.183275.CP	0.000E+00	1354	0
JBJGKY010000047.1_1 # 2 # 1321 # 1 # ID=47_1;partial=10;start_type=Edge;rbs_motif=None;rbs_spacer=None;genetic_code=11;gc_cont=0.655	GENOMAD.103404.PP	1.456E-75	263	0
JBJGKY010000048.1_7 # 7770 # 8303 # 1 # ID=48_7;partial=00;start_type=ATG;rbs_motif=GGAG/GAGG;rbs_spacer=5-10bp;genetic_code=11;gc_cont=0.663	GENOMAD.138200.CP	2.898E-42	154	0
JBJGKY010000050.1_1 # 499 # 1719 # -1 # ID=50_1;partial=00;start_type=GTG;rbs_motif=GGA/GAG/AGG;rbs_spacer=5-10bp;genetic_code=11;gc_cont=0.527	GENOMAD.088806.PP	8.260E-08	57	0
JBJGKY010000056.1_9 # 10273 # 11304 # 1 # ID=56_9;partial=00;start_type=ATG;rbs_motif=AGGA;rbs_spacer=5-10bp;genetic_code=11;gc_cont=0.531	GENOMAD.114461.PP	1.737E-90	302	0
JBJGKY010000001.1_145 # 159947 # 162019 # -1 # ID=1_145;partial=00;start_type=ATG;rbs_motif=GGA/GAG/AGG;rbs_spacer=11-12bp;genetic_code=11;gc_cont=0.710	GENOMAD.121720.CP	2.858E-09	63	0
JBJGKY010000001.1_177 # 199388 # 200971 # -1 # ID=1_177;partial=00;start_type=ATG;rbs_motif=AGGAG;rbs_spacer=5-10bp;genetic_code=11;gc_cont=0.668	GENOMAD.151274.CP	3.000E-04	46	1246
JBJGKY010000001.1_209 # 245645 # 246748 # -1 # ID=1_209;partial=00;start_type=ATG;rbs_motif=None;rbs_spacer=None;genetic_code=11;gc_cont=0.684	GENOMAD.151958.CP	2.411E-06	52	0
JBJGKY010000001.1_241 # 280690 # 281508 # -1 # ID=1_241;partial=00;start_type=ATG;rbs_motif=GGA/GAG/AGG;rbs_spacer=5-10bp;genetic_code=11;gc_cont=0.678	GENOMAD.192568.CP	3.189E-104	338	0
JBJGKY010000014.1_48 # 59724 # 60893 # 1 # ID=14_48;partial=00;start_type=GTG;rbs_motif=AGGAG;rbs_spacer=5-10bp;genetic_code=11;gc_cont=0.616	GENOMAD.161858.VP	1.908E-04	46	1246
JBJGKY010000015.1_81 # 88811 # 89239 # -1 # ID=15_81;partial=00;start_type=ATG;rbs_motif=None;rbs_spacer=None;genetic_code=11;gc_cont=0.676	GENOMAD.103286.CP	9.057E-56	191	0
JBJGKY010000016.1_7 # 10073 # 11920 # 1 # ID=16_7;partial=00;start_type=ATG;rbs_motif=GGA/GAG/AGG;rbs_spacer=5-10bp;genetic_code=11;gc_cont=0.690	GENOMAD.148123.CP	2.550E-13	76	0
JBJGKY010000016.1_71 # 89360 # 90085 # 1 # ID=16_71;partial=00;start_type=ATG;rbs_motif=GGA/GAG/AGG;rbs_spacer=5-10bp;genetic_code=11;gc_cont=0.674	GENOMAD.067591.CV	7.554E-97	315	1246
JBJGKY010000017.1_7 # 7884 # 9146 # 1 # ID=17_7;partial=00;start_type=ATG;rbs_motif=GGA/GAG/AGG;rbs_spacer=5-10bp;genetic_code=11;gc_cont=0.623	GENOMAD.015873.CC	2.909E-36	146	0
JBJGKY010000012.1_83 # 111456 # 112637 # -1 # ID=12_83;partial=00;start_type=ATG;rbs_motif=None;rbs_spacer=None;genetic_code=11;gc_cont=0.654	GENOMAD.117314.CP	1.955E-20	97	0
JBJGKY010000013.1_80 # 103605 # 105836 # -1 # ID=13_80;partial=00;start_type=ATG;rbs_motif=GGA/GAG/AGG;rbs_spacer=5-10bp;genetic_code=11;gc_cont=0.642	GENOMAD.146534.CP	9.480E-04	45	0
JBJGKY010000008.1_39 # 50193 # 53282 # -1 # ID=8_39;partial=00;start_type=ATG;rbs_motif=GGA/GAG/AGG;rbs_spacer=11-12bp;genetic_code=11;gc_cont=0.640	GENOMAD.152082.CP	9.754E-60	229	0
JBJGKY010000008.1_71 # 88934 # 89293 # -1 # ID=8_71;partial=00;start_type=GTG;rbs_motif=AGGA;rbs_spacer=5-10bp;genetic_code=11;gc_cont=0.628	GENOMAD.197717.CP	8.770E-13	66	0
JBJGKY010000008.1_103 # 120182 # 120844 # -1 # ID=8_103;partial=00;start_type=ATG;rbs_motif=GGA/GAG/AGG;rbs_spacer=5-10bp;genetic_code=11;gc_cont=0.646	GENOMAD.205595.PC	3.666E-86	283	0
JBJGKY010000009.1_63 # 67241 # 68113 # -1 # ID=9_63;partial=00;start_type=ATG;rbs_motif=GGAG/GAGG;rbs_spacer=5-10bp;genetic_code=11;gc_cont=0.699	GENOMAD.127438.CP	3.424E-24	106	0
JBJGKY010000009.1_95 # 107538 # 107774 # -1 # ID=9_95;partial=00;start_type=ATG;rbs_motif=AGGA/GGAG/GAGG;rbs_spacer=11-12bp;genetic_code=11;gc_cont=0.612	GENOMAD.020705.CC	1.223E-30	115	0
JBJGKY010000010.1_20 # 24671 # 29200 # 1 # ID=10_20;partial=00;start_type=ATG;rbs_motif=GGAG/GAGG;rbs_spacer=5-10bp;genetic_code=11;gc_cont=0.696	GENOMAD.132314.CP	6.021E-115	410	0
JBJGKY010000019.1_60 # 70793 # 71686 # 1 # ID=19_60;partial=00;start_type=TTG;rbs_motif=None;rbs_spacer=None;genetic_code=11;gc_cont=0.629	GENOMAD.133821.CP	3.999E-25	109	1246
JBJGKY010000017.1_52 # 63110 # 63628 # -1 # ID=17_52;partial=00;start_type=ATG;rbs_motif=GGAG/GAGG;rbs_spacer=5-10bp;genetic_code=11;gc_cont=0.672	GENOMAD.211271.PC	2.315E-93	301	0
JBJGKY010000004.1_182 # 207034 # 209175 # -1 # ID=4_182;partial=00;start_type=ATG;rbs_motif=None;rbs_spacer=None;genetic_code=11;gc_cont=0.644	GENOMAD.053052.VV	3.522E-17	89	0
JBJGKY010000005.1_136 # 163454 # 164029 # -1 # ID=5_136;partial=00;start_type=ATG;rbs_motif=GGAG/GAGG;rbs_spacer=5-10bp;genetic_code=11;gc_cont=0.606	GENOMAD.190173.PC	2.164E-23	100	0
JBJGKY010000005.1_168 # 210073 # 210426 # -1 # ID=5_168;partial=00;start_type=ATG;rbs_motif=GGA/GAG/AGG;rbs_spacer=5-10bp;genetic_code=11;gc_cont=0.644	GENOMAD.108686.CP	1.689E-37	137	0
JBJGKY010000006.1_83 # 91193 # 92167 # 1 # ID=6_83;partial=00;start_type=ATG;rbs_motif=None;rbs_spacer=None;genetic_code=11;gc_cont=0.685	GENOMAD.094404.CP	1.199E-08	59	0
JBJGKY010000006.1_136 # 158942 # 159514 # 1 # ID=6_136;partial=00;start_type=ATG;rbs_motif=None;rbs_spacer=None;genetic_code=11;gc_cont=0.677	GENOMAD.158817.CP	2.647E-40	149	0
JBJGKY010000007.1_98 # 129850 # 130368 # -1 # ID=7_98;partial=00;start_type=ATG;rbs_motif=GGAG/GAGG;rbs_spacer=5-10bp;genetic_code=11;gc_cont=0.582	GENOMAD.182432.CP	5.786E-04	42	0
JBJGKY010000007.1_130 # 166819 # 167220 # -1 # ID=7_130;partial=00;start_type=ATG;rbs_motif=None;rbs_spacer=None;genetic_code=11;gc_cont=0.590	GENOMAD.000945.CC	1.029E-06	49	0
JBJGKY010000008.1_83 # 99308 # 100423 # -1 # ID=8_83;partial=00;start_type=ATG;rbs_motif=None;rbs_spacer=None;genetic_code=11;gc_cont=0.688	GENOMAD.178547.CP	2.088E-05	49	0
JBJGKY010000014.1_59 # 70900 # 71472 # 1 # ID=14_59;partial=00;start_type=ATG;rbs_motif=None;rbs_spacer=None;genetic_code=11;gc_cont=0.651	GENOMAD.145587.CP	6.451E-48	171	0
JBJGKY010000017.1_67 # 80474 # 81010 # -1 # ID=17_67;partial=00;start_type=ATG;rbs_motif=None;rbs_spacer=None;genetic_code=11;gc_cont=0.672	GENOMAD.151275.CP	1.134E-14	74	0
JBJGKY010000018.1_8 # 4919 # 6484 # -1 # ID=18_8;partial=00;start_type=ATG;rbs_motif=None;rbs_spacer=None;genetic_code=11;gc_cont=0.641	GENOMAD.032975.CC	7.937E-22	103	1246
JBJGKY010000018.1_40 # 41720 # 43363 # 1 # ID=18_40;partial=00;start_type=ATG;rbs_motif=GGAG/GAGG;rbs_spacer=5-10bp;genetic_code=11;gc_cont=0.704	GENOMAD.109423.CP	1.048E-34	144	1246
JBJGKY010000021.1_64 # 81717 # 82349 # -1 # ID=21_64;partial=00;start_type=ATG;rbs_motif=GGA/GAG/AGG;rbs_spacer=11-12bp;genetic_code=11;gc_cont=0.638	GENOMAD.129277.CV	1.899E-34	133	16546
JBJGKY010000022.1_43 # 55601 # 56809 # 1 # ID=22_43;partial=00;start_type=ATG;rbs_motif=GGAG/GAGG;rbs_spacer=5-10bp;genetic_code=11;gc_cont=0.716	GENOMAD.207198.PC	3.646E-47	178	0
JBJGKY010000022.1_75 # 99605 # 100513 # 1 # ID=22_75;partial=00;start_type=ATG;rbs_motif=None;rbs_spacer=None;genetic_code=11;gc_cont=0.645	GENOMAD.000187.CC	2.397E-157	493	0
JBJGKY010000023.1_32 # 39024 # 39485 # 1 # ID=23_32;partial=00;start_type=ATG;rbs_motif=None;rbs_spacer=None;genetic_code=11;gc_cont=0.682	GENOMAD.148254.CP	1.822E-05	46	0
JBJGKY010000023.1_64 # 70355 # 70585 # -1 # ID=23_64;partial=00;start_type=ATG;rbs_motif=GGA/GAG/AGG;rbs_spacer=11-12bp;genetic_code=11;gc_cont=0.662	GENOMAD.218600.CV	2.033E-17	77	0
JBJGKY010000024.1_7 # 4197 # 5153 # 1 # ID=24_7;partial=00;start_type=ATG;rbs_motif=None;rbs_spacer=None;genetic_code=11;gc_cont=0.643	GENOMAD.148267.CP	4.268E-07	54	0
JBJGKY010000025.1_22 # 19758 # 20117 # 1 # ID=25_22;partial=00;start_type=ATG;rbs_motif=AGGAG;rbs_spacer=5-10bp;genetic_code=11;gc_cont=0.600	GENOMAD.195792.PC	2.821E-65	217	0
JBJGKY010000039.1_13 # 12468 # 13589 # -1 # ID=39_13;partial=00;start_type=GTG;rbs_motif=AGxAGG/AGGxGG;rbs_spacer=3-4bp;genetic_code=11;gc_cont=0.656	GENOMAD.181891.CV	7.090E-64	226	0
JBJGKY010000040.1_18 # 13733 # 14119 # 1 # ID=40_18;partial=00;start_type=ATG;rbs_motif=AGxAGG/AGGxGG;rbs_spacer=3-4bp;genetic_code=11;gc_cont=0.610	GENOMAD.113538.PP	2.373E-63	212	0
JBJGKY010000047.1_15 # 11366 # 12064 # 1 # ID=47_15;partial=00;start_type=ATG;rbs_motif=GGA/GAG/AGG;rbs_spacer=5-10bp;genetic_code=11;gc_cont=0.532	GENOMAD.191442.PC	3.587E-23	101	0
JBJGKY010000013.1_32 # 36953 # 38812 # 1 # ID=13_32;partial=00;start_type=GTG;rbs_motif=None;rbs_spacer=None;genetic_code=11;gc_cont=0.673	GENOMAD.044132.CC	2.352E-280	866	0
JBJGKY010000013.1_64 # 74336 # 74746 # 1 # ID=13_64;partial=00;start_type=ATG;rbs_motif=GGA/GAG/AGG;rbs_spacer=11-12bp;genetic_code=11;gc_cont=0.657	GENOMAD.190879.PC	1.857E-53	184	0
JBJGKY010000014.1_1 # 645 # 1400 # -1 # ID=14_1;partial=00;start_type=ATG;rbs_motif=None;rbs_spacer=None;genetic_code=11;gc_cont=0.639	GENOMAD.119007.CP	5.875E-10	62	0
JBJGKY010000015.1_66 # 72731 # 74104 # 1 # ID=15_66;partial=00;start_type=ATG;rbs_motif=None;rbs_spacer=None;genetic_code=11;gc_cont=0.678	GENOMAD.196178.PC	1.329E-53	199	0
JBJGKY010000015.1_98 # 106986 # 107348 # 1 # ID=15_98;partial=00;start_type=ATG;rbs_motif=GGAG/GAGG;rbs_spacer=5-10bp;genetic_code=11;gc_cont=0.658	GENOMAD.160542.CP	8.446E-04	40	0
JBJGKY010000001.1_221 # 256494 # 258632 # -1 # ID=1_221;partial=00;start_type=ATG;rbs_motif=GGA/GAG/AGG;rbs_spacer=5-10bp;genetic_code=11;gc_cont=0.691	GENOMAD.127342.CP	2.897E-16	86	0
JBJGKY010000041.1_5 # 3413 # 4021 # -1 # ID=41_5;partial=00;start_type=ATG;rbs_motif=GGA/GAG/AGG;rbs_spacer=5-10bp;genetic_code=11;gc_cont=0.596	GENOMAD.179361.CP	3.517E-21	94	0
JBJGKY010000044.1_8 # 8246 # 8923 # 1 # ID=44_8;partial=00;start_type=ATG;rbs_motif=GGA/GAG/AGG;rbs_spacer=5-10bp;genetic_code=11;gc_cont=0.678	GENOMAD.007942.CC	5.593E-57	199	0
JBJGKY010000047.1_10 # 5557 # 6378 # 1 # ID=47_10;partial=00;start_type=ATG;rbs_motif=None;rbs_spacer=None;genetic_code=11;gc_cont=0.680	GENOMAD.023008.PP	1.849E-154	483	0
JBJGKY010000015.1_74 # 82149 # 83033 # -1 # ID=15_74;partial=00;start_type=ATG;rbs_motif=GGAG/GAGG;rbs_spacer=5-10bp;genetic_code=11;gc_cont=0.678	GENOMAD.158771.CP	1.678E-44	166	0
JBJGKY010000015.1_106 # 113830 # 117420 # -1 # ID=15_106;partial=00;start_type=ATG;rbs_motif=None;rbs_spacer=None;genetic_code=11;gc_cont=0.667	GENOMAD.161283.VC	3.003E-36	153	1246
JBJGKY010000016.1_32 # 41616 # 42440 # 1 # ID=16_32;partial=00;start_type=ATG;rbs_motif=GGAG/GAGG;rbs_spacer=5-10bp;genetic_code=11;gc_cont=0.652	GENOMAD.124145.CP	4.253E-04	44	0
JBJGKY010000016.1_96 # 116497 # 117000 # -1 # ID=16_96;partial=00;start_type=ATG;rbs_motif=AGGA;rbs_spacer=5-10bp;genetic_code=11;gc_cont=0.619	GENOMAD.146177.CP	1.260E-55	192	0
JBJGKY010000019.1_22 # 25863 # 27437 # -1 # ID=19_22;partial=00;start_type=ATG;rbs_motif=GGA/GAG/AGG;rbs_spacer=5-10bp;genetic_code=11;gc_cont=0.655	GENOMAD.147712.CP	1.976E-323	985	0
JBJGKY010000023.1_49 # 56242 # 57465 # -1 # ID=23_49;partial=00;start_type=ATG;rbs_motif=GGA/GAG/AGG;rbs_spacer=5-10bp;genetic_code=11;gc_cont=0.672	GENOMAD.017651.CC	1.508E-16	85	0
JBJGKY010000010.1_77 # 103299 # 104369 # -1 # ID=10_77;partial=00;start_type=GTG;rbs_motif=GGAG/GAGG;rbs_spacer=5-10bp;genetic_code=11;gc_cont=0.681	GENOMAD.178810.CP	4.650E-06	51	0
JBJGKY010000011.1_8 # 5519 # 9670 # 1 # ID=11_8;partial=00;start_type=ATG;rbs_motif=GGA/GAG/AGG;rbs_spacer=11-12bp;genetic_code=11;gc_cont=0.625	GENOMAD.061759.CV	1.468E-38	161	0
JBJGKY010000011.1_40 # 32538 # 33164 # 1 # ID=11_40;partial=00;start_type=ATG;rbs_motif=GGAG/GAGG;rbs_spacer=5-10bp;genetic_code=11;gc_cont=0.606	GENOMAD.079740.CV	7.360E-25	105	1246
JBJGKY010000011.1_72 # 71247 # 71891 # 1 # ID=11_72;partial=00;start_type=ATG;rbs_motif=AGGA/GGAG/GAGG;rbs_spacer=11-12bp;genetic_code=11;gc_cont=0.656	GENOMAD.119230.CP	5.426E-05	46	0
JBJGKY010000012.1_74 # 99794 # 101494 # 1 # ID=12_74;partial=00;start_type=ATG;rbs_motif=None;rbs_spacer=None;genetic_code=11;gc_cont=0.674	GENOMAD.082750.CP	8.634E-09	61	0
JBJGKY010000003.1_173 # 221965 # 222675 # -1 # ID=3_173;partial=00;start_type=ATG;rbs_motif=GGA/GAG/AGG;rbs_spacer=5-10bp;genetic_code=11;gc_cont=0.660	GENOMAD.106866.CP	7.421E-39	147	1246
JBJGKY010000004.1_30 # 27795 # 29201 # 1 # ID=4_30;partial=00;start_type=GTG;rbs_motif=GGAG/GAGG;rbs_spacer=5-10bp;genetic_code=11;gc_cont=0.682	GENOMAD.083685.CV	3.858E-26	116	1246
JBJGKY010000004.1_62 # 64643 # 65158 # -1 # ID=4_62;partial=00;start_type=ATG;rbs_motif=AGGAG;rbs_spacer=5-10bp;genetic_code=11;gc_cont=0.645	GENOMAD.119444.CP	1.668E-17	82	0
JBJGKY010000004.1_158 # 175694 # 179614 # 1 # ID=4_158;partial=00;start_type=ATG;rbs_motif=None;rbs_spacer=None;genetic_code=11;gc_cont=0.705	GENOMAD.001742.CC	0.000E+00	1731	0
JBJGKY010000004.1_190 # 220169 # 220336 # -1 # ID=4_190;partial=00;start_type=ATG;rbs_motif=None;rbs_spacer=None;genetic_code=11;gc_cont=0.619	GENOMAD.015026.CC	1.027E-21	88	0
JBJGKY010000005.1_16 # 20265 # 21263 # -1 # ID=5_16;partial=00;start_type=ATG;rbs_motif=GGA/GAG/AGG;rbs_spacer=5-10bp;genetic_code=11;gc_cont=0.700	GENOMAD.137465.CP	2.688E-89	298	0
JBJGKY010000014.1_19 # 20766 # 21047 # 1 # ID=14_19;partial=00;start_type=ATG;rbs_motif=None;rbs_spacer=None;genetic_code=11;gc_cont=0.613	GENOMAD.136164.CV	7.147E-05	42	0
JBJGKY010000015.1_52 # 61555 # 62178 # -1 # ID=15_52;partial=00;start_type=ATG;rbs_motif=None;rbs_spacer=None;genetic_code=11;gc_cont=0.615	GENOMAD.168344.CP	1.041E-04	45	0
JBJGKY010000015.1_84 # 92537 # 92986 # -1 # ID=15_84;partial=00;start_type=ATG;rbs_motif=GGAGG;rbs_spacer=5-10bp;genetic_code=11;gc_cont=0.647	GENOMAD.147800.CP	7.234E-28	111	0
JBJGKY010000016.1_10 # 14592 # 16193 # -1 # ID=16_10;partial=00;start_type=ATG;rbs_motif=GGAG/GAGG;rbs_spacer=5-10bp;genetic_code=11;gc_cont=0.675	GENOMAD.154339.CP	1.450E-69	249	0
JBJGKY010000017.1_10 # 11388 # 11798 # -1 # ID=17_10;partial=00;start_type=ATG;rbs_motif=None;rbs_spacer=None;genetic_code=11;gc_cont=0.659	GENOMAD.016644.CC	1.822E-45	161	0
JBJGKY010000003.1_66 # 67826 # 69199 # 1 # ID=3_66;partial=00;start_type=ATG;rbs_motif=GGA/GAG/AGG;rbs_spacer=5-10bp;genetic_code=11;gc_cont=0.692	GENOMAD.180266.CP	8.960E-29	124	0
JBJGKY010000003.1_162 # 205334 # 205846 # 1 # ID=3_162;partial=00;start_type=ATG;rbs_motif=GGA/GAG/AGG;rbs_spacer=5-10bp;genetic_code=11;gc_cont=0.632	GENOMAD.209634.PC	6.848E-29	115	0
JBJGKY010000004.1_83 # 91623 # 93128 # 1 # ID=4_83;partial=00;start_type=ATG;rbs_motif=AGGA;rbs_spacer=5-10bp;genetic_code=11;gc_cont=0.662	GENOMAD.134141.CP	1.667E-05	50	0
JBJGKY010000017.1_77 # 89068 # 89787 # 1 # ID=17_77;partial=00;start_type=ATG;rbs_motif=None;rbs_spacer=None;genetic_code=11;gc_cont=0.665	GENOMAD.148067.PC	4.562E-22	98	0
JBJGKY010000018.1_18 # 16788 # 17093 # -1 # ID=18_18;partial=00;start_type=ATG;rbs_motif=GGAG/GAGG;rbs_spacer=5-10bp;genetic_code=11;gc_cont=0.611	GENOMAD.036873.CC	7.774E-15	71	0
JBJGKY010000018.1_50 # 50475 # 52412 # 1 # ID=18_50;partial=00;start_type=ATG;rbs_motif=None;rbs_spacer=None;genetic_code=11;gc_cont=0.678	GENOMAD.137760.CP	4.659E-62	230	0
JBJGKY010000019.1_80 # 94267 # 95094 # 1 # ID=19_80;partial=00;start_type=ATG;rbs_motif=GGA/GAG/AGG;rbs_spacer=5-10bp;genetic_code=11;gc_cont=0.676	GENOMAD.118488.CP	1.162E-19	92	1246
JBJGKY010000020.1_23 # 34423 # 35040 # 1 # ID=20_23;partial=00;start_type=ATG;rbs_motif=None;rbs_spacer=None;genetic_code=11;gc_cont=0.625	GENOMAD.126296.CP	9.394E-19	87	0
JBJGKY010000021.1_6 # 7638 # 10250 # -1 # ID=21_6;partial=00;start_type=TTG;rbs_motif=GGAG/GAGG;rbs_spacer=5-10bp;genetic_code=11;gc_cont=0.661	GENOMAD.211807.CP	2.612E-28	126	0
JBJGKY010000019.1_59 # 69548 # 70789 # 1 # ID=19_59;partial=00;start_type=ATG;rbs_motif=None;rbs_spacer=None;genetic_code=11;gc_cont=0.641	GENOMAD.141017.CP	3.280E-16	84	0
JBJGKY010000020.1_2 # 968 # 1531 # 1 # ID=20_2;partial=00;start_type=ATG;rbs_motif=GGAG/GAGG;rbs_spacer=5-10bp;genetic_code=11;gc_cont=0.582	GENOMAD.111553.PC	3.360E-13	70	0
JBJGKY010000020.1_34 # 48692 # 52273 # -1 # ID=20_34;partial=00;start_type=ATG;rbs_motif=GGA/GAG/AGG;rbs_spacer=5-10bp;genetic_code=11;gc_cont=0.691	GENOMAD.159408.CP	9.660E-18	92	0
JBJGKY010000021.1_17 # 21163 # 22239 # -1 # ID=21_17;partial=00;start_type=ATG;rbs_motif=None;rbs_spacer=None;genetic_code=11;gc_cont=0.659	GENOMAD.082750.CP	1.663E-04	46	0
JBJGKY010000021.1_81 # 95154 # 97043 # 1 # ID=21_81;partial=00;start_type=ATG;rbs_motif=None;rbs_spacer=None;genetic_code=11;gc_cont=0.627	GENOMAD.138195.VC	1.047E-28	126	1246
JBJGKY010000016.1_1 # 61 # 711 # 1 # ID=16_1;partial=00;start_type=ATG;rbs_motif=AGGAG;rbs_spacer=5-10bp;genetic_code=11;gc_cont=0.605	GENOMAD.082990.PP	2.399E-80	266	0
JBJGKY010000016.1_33 # 42516 # 43292 # 1 # ID=16_33;partial=00;start_type=ATG;rbs_motif=AGGAG;rbs_spacer=5-10bp;genetic_code=11;gc_cont=0.656	GENOMAD.132251.CP	3.054E-26	111	0
JBJGKY010000017.1_1 # 214 # 2478 # -1 # ID=17_1;partial=00;start_type=GTG;rbs_motif=GGAG/GAGG;rbs_spacer=5-10bp;genetic_code=11;gc_cont=0.690	GENOMAD.132867.CP	1.449E-05	51	0
JBJGKY010000018.1_38 # 39495 # 40517 # 1 # ID=18_38;partial=00;start_type=GTG;rbs_motif=GGA/GAG/AGG;rbs_spacer=5-10bp;genetic_code=11;gc_cont=0.626	GENOMAD.123012.CP	8.234E-19	91	0
JBJGKY010000058.1_7 # 4174 # 4683 # -1 # ID=58_7;partial=00;start_type=ATG;rbs_motif=None;rbs_spacer=None;genetic_code=11;gc_cont=0.692	GENOMAD.168400.CP	5.087E-32	124	0
JBJGKY010000001.1_6 # 6223 # 7179 # 1 # ID=1_6;partial=00;start_type=ATG;rbs_motif=GGA/GAG/AGG;rbs_spacer=5-10bp;genetic_code=11;gc_cont=0.691	GENOMAD.183688.PC	2.312E-37	146	0
JBJGKY010000001.1_70 # 77035 # 78753 # -1 # ID=1_70;partial=00;start_type=ATG;rbs_motif=GGAG/GAGG;rbs_spacer=5-10bp;genetic_code=11;gc_cont=0.679	GENOMAD.159408.CP	2.164E-89	309	0
JBJGKY010000038.1_23 # 25943 # 26569 # -1 # ID=38_23;partial=00;start_type=TTG;rbs_motif=GGAG/GAGG;rbs_spacer=5-10bp;genetic_code=11;gc_cont=0.558	GENOMAD.137753.PC	2.555E-29	118	0
JBJGKY010000045.1_1 # 394 # 1791 # -1 # ID=45_1;partial=00;start_type=ATG;rbs_motif=None;rbs_spacer=None;genetic_code=11;gc_cont=0.639	GENOMAD.179497.PC	8.046E-50	188	0
JBJGKY010000007.1_111 # 145001 # 145261 # -1 # ID=7_111;partial=00;start_type=ATG;rbs_motif=GGA/GAG/AGG;rbs_spacer=5-10bp;genetic_code=11;gc_cont=0.579	GENOMAD.056361.CP	1.233E-26	104	0
JBJGKY010000008.1_32 # 41854 # 43455 # 1 # ID=8_32;partial=00;start_type=ATG;rbs_motif=AGGAG;rbs_spacer=5-10bp;genetic_code=11;gc_cont=0.671	GENOMAD.166690.CP	4.579E-18	91	0
JBJGKY010000008.1_96 # 113482 # 114219 # -1 # ID=8_96;partial=00;start_type=ATG;rbs_motif=None;rbs_spacer=None;genetic_code=11;gc_cont=0.667	GENOMAD.154445.CP	2.380E-23	102	0
JBJGKY010000009.1_120 # 135110 # 136798 # 1 # ID=9_120;partial=00;start_type=ATG;rbs_motif=GGA/GAG/AGG;rbs_spacer=5-10bp;genetic_code=11;gc_cont=0.652	GENOMAD.168352.CP	1.344E-28	125	0
JBJGKY010000015.1_50 # 60678 # 60932 # -1 # ID=15_50;partial=00;start_type=ATG;rbs_motif=AGGA;rbs_spacer=5-10bp;genetic_code=11;gc_cont=0.616	GENOMAD.197160.PC	4.515E-28	108	0
JBJGKY010000016.1_72 # 90169 # 90474 # 1 # ID=16_72;partial=00;start_type=GTG;rbs_motif=None;rbs_spacer=None;genetic_code=11;gc_cont=0.657	GENOMAD.178375.CP	5.833E-10	57	0
JBJGKY010000005.1_163 # 204563 # 205717 # -1 # ID=5_163;partial=00;start_type=ATG;rbs_motif=GGAG/GAGG;rbs_spacer=5-10bp;genetic_code=11;gc_cont=0.622	GENOMAD.123376.CP	4.939E-10	64	0
JBJGKY010000006.1_78 # 86915 # 87538 # -1 # ID=6_78;partial=00;start_type=ATG;rbs_motif=GGA/GAG/AGG;rbs_spacer=5-10bp;genetic_code=11;gc_cont=0.631	GENOMAD.206109.CP	9.488E-20	90	0
JBJGKY010000007.1_8 # 12455 # 14092 # -1 # ID=7_8;partial=00;start_type=ATG;rbs_motif=3Base/5BMM;rbs_spacer=13-15bp;genetic_code=11;gc_cont=0.650	GENOMAD.124454.CP	2.450E-196	619	0
JBJGKY010000018.1_25 # 22386 # 23270 # 1 # ID=18_25;partial=00;start_type=ATG;rbs_motif=GGA/GAG/AGG;rbs_spacer=5-10bp;genetic_code=11;gc_cont=0.667	GENOMAD.140368.CP	5.774E-12	69	0
JBJGKY010000018.1_89 # 95128 # 95616 # -1 # ID=18_89;partial=00;start_type=ATG;rbs_motif=AGGA;rbs_spacer=5-10bp;genetic_code=11;gc_cont=0.601	GENOMAD.179162.PC	6.933E-43	155	0
JBJGKY010000019.1_55 # 62142 # 64385 # 1 # ID=19_55;partial=00;start_type=ATG;rbs_motif=AGGA/GGAG/GAGG;rbs_spacer=11-12bp;genetic_code=11;gc_cont=0.649	GENOMAD.026404.VV	7.313E-41	166	1246
JBJGKY010000019.1_87 # 102000 # 102791 # 1 # ID=19_87;partial=00;start_type=ATG;rbs_motif=GGAG/GAGG;rbs_spacer=5-10bp;genetic_code=11;gc_cont=0.658	GENOMAD.000113.CC	8.914E-19	89	0
JBJGKY010000020.1_30 # 44473 # 45981 # -1 # ID=20_30;partial=00;start_type=ATG;rbs_motif=GGA/GAG/AGG;rbs_spacer=5-10bp;genetic_code=11;gc_cont=0.697	GENOMAD.116475.CP	3.351E-109	364	0
JBJGKY010000020.1_62 # 81596 # 82672 # 1 # ID=20_62;partial=00;start_type=ATG;rbs_motif=GGA/GAG/AGG;rbs_spacer=5-10bp;genetic_code=11;gc_cont=0.649	GENOMAD.146710.CP	6.696E-110	359	0
JBJGKY010000022.1_47 # 60757 # 61674 # 1 # ID=22_47;partial=00;start_type=GTG;rbs_motif=AGGAG;rbs_spacer=5-10bp;genetic_code=11;gc_cont=0.631	GENOMAD.171283.VV	2.242E-22	101	1246
JBJGKY010000023.1_4 # 4238 # 5656 # -1 # ID=23_4;partial=00;start_type=ATG;rbs_motif=None;rbs_spacer=None;genetic_code=11;gc_cont=0.668	GENOMAD.142989.CP	1.829E-06	53	0
JBJGKY010000024.1_75 # 86459 # 87220 # 1 # ID=24_75;partial=00;start_type=ATG;rbs_motif=None;rbs_spacer=None;genetic_code=11;gc_cont=0.623	GENOMAD.109687.CP	1.234E-60	211	0
JBJGKY010000025.1_58 # 58367 # 58702 # -1 # ID=25_58;partial=00;start_type=ATG;rbs_motif=GGA/GAG/AGG;rbs_spacer=5-10bp;genetic_code=11;gc_cont=0.670	GENOMAD.145856.CV	7.000E-44	155	0
JBJGKY010000024.1_14 # 12235 # 13026 # 1 # ID=24_14;partial=00;start_type=ATG;rbs_motif=GGA/GAG/AGG;rbs_spacer=5-10bp;genetic_code=11;gc_cont=0.614	GENOMAD.221086.VP	3.711E-51	184	1246
JBJGKY010000031.1_47 # 60514 # 61842 # 1 # ID=31_47;partial=00;start_type=ATG;rbs_motif=None;rbs_spacer=None;genetic_code=11;gc_cont=0.663	GENOMAD.161908.VC	2.328E-04	46	1246
JBJGKY010000032.1_25 # 30810 # 31265 # -1 # ID=32_25;partial=00;start_type=ATG;rbs_motif=GGA/GAG/AGG;rbs_spacer=5-10bp;genetic_code=11;gc_cont=0.669	GENOMAD.179230.CP	2.343E-66	222	0
JBJGKY010000032.1_57 # 65324 # 66442 # -1 # ID=32_57;partial=00;start_type=ATG;rbs_motif=GGA/GAG/AGG;rbs_spacer=5-10bp;genetic_code=11;gc_cont=0.680	GENOMAD.141339.CP	5.615E-119	386	0
JBJGKY010000045.1_3 # 3263 # 5323 # -1 # ID=45_3;partial=00;start_type=ATG;rbs_motif=None;rbs_spacer=None;genetic_code=11;gc_cont=0.684	GENOMAD.108664.CP	1.153E-08	61	1246
JBJGKY010000028.1_70 # 72211 # 72972 # 1 # ID=28_70;partial=00;start_type=ATG;rbs_motif=None;rbs_spacer=None;genetic_code=11;gc_cont=0.635	GENOMAD.167309.PC	7.915E-35	136	0
JBJGKY010000029.1_55 # 72925 # 73353 # -1 # ID=29_55;partial=00;start_type=ATG;rbs_motif=GGA/GAG/AGG;rbs_spacer=5-10bp;genetic_code=11;gc_cont=0.590	GENOMAD.169725.CP	6.792E-04	41	0
JBJGKY010000031.1_7 # 14833 # 15369 # 1 # ID=31_7;partial=00;start_type=ATG;rbs_motif=GGAGG;rbs_spacer=5-10bp;genetic_code=11;gc_cont=0.629	GENOMAD.152240.VV	3.079E-05	46	1246
JBJGKY010000005.1_147 # 177400 # 178527 # -1 # ID=5_147;partial=00;start_type=ATG;rbs_motif=GGAG/GAGG;rbs_spacer=5-10bp;genetic_code=11;gc_cont=0.675	GENOMAD.151838.CP	2.127E-05	49	0
JBJGKY010000005.1_179 # 219964 # 220395 # -1 # ID=5_179;partial=00;start_type=ATG;rbs_motif=None;rbs_spacer=None;genetic_code=11;gc_cont=0.606	GENOMAD.105714.CP	9.507E-31	119	0
JBJGKY010000006.1_94 # 106922 # 107290 # -1 # ID=6_94;partial=00;start_type=ATG;rbs_motif=None;rbs_spacer=None;genetic_code=11;gc_cont=0.699	GENOMAD.070647.CV	1.245E-18	83	0
JBJGKY010000006.1_158 # 189792 # 192275 # -1 # ID=6_158;partial=00;start_type=ATG;rbs_motif=None;rbs_spacer=None;genetic_code=11;gc_cont=0.690	GENOMAD.142740.CP	4.212E-187	606	0
JBJGKY010000042.1_10 # 15623 # 17116 # 1 # ID=42_10;partial=00;start_type=ATG;rbs_motif=None;rbs_spacer=None;genetic_code=11;gc_cont=0.652	GENOMAD.126024.CP	2.348E-15	82	1246
JBJGKY010000043.1_25 # 18330 # 18728 # -1 # ID=43_25;partial=00;start_type=ATG;rbs_motif=None;rbs_spacer=None;genetic_code=11;gc_cont=0.556	GENOMAD.116477.PC	4.329E-26	105	0
JBJGKY010000045.1_5 # 5809 # 7017 # -1 # ID=45_5;partial=00;start_type=GTG;rbs_motif=None;rbs_spacer=None;genetic_code=11;gc_cont=0.687	GENOMAD.094189.CV	2.031E-13	75	0
JBJGKY010000048.1_3 # 2038 # 3876 # -1 # ID=48_3;partial=00;start_type=ATG;rbs_motif=GGA/GAG/AGG;rbs_spacer=11-12bp;genetic_code=11;gc_cont=0.661	GENOMAD.141973.CP	3.741E-104	354	0
JBJGKY010000049.1_15 # 14824 # 17118 # 1 # ID=49_15;partial=00;start_type=ATG;rbs_motif=GGA/GAG/AGG;rbs_spacer=5-10bp;genetic_code=11;gc_cont=0.630	GENOMAD.179607.CP	3.274E-76	276	0
JBJGKY010000051.1_13 # 14088 # 14285 # 1 # ID=51_13;partial=00;start_type=ATG;rbs_motif=None;rbs_spacer=None;genetic_code=11;gc_cont=0.616	GENOMAD.009592.PP	1.533E-08	51	0
JBJGKY010000053.1_15 # 12586 # 13125 # 1 # ID=53_15;partial=00;start_type=ATG;rbs_motif=None;rbs_spacer=None;genetic_code=11;gc_cont=0.459	GENOMAD.086806.PP	4.184E-19	87	0
JBJGKY010000004.1_130 # 145014 # 146819 # -1 # ID=4_130;partial=00;start_type=ATG;rbs_motif=AGGA;rbs_spacer=5-10bp;genetic_code=11;gc_cont=0.643	GENOMAD.142795.CP	4.043E-95	327	0
JBJGKY010000004.1_162 # 182912 # 184279 # 1 # ID=4_162;partial=00;start_type=TTG;rbs_motif=AGGA;rbs_spacer=5-10bp;genetic_code=11;gc_cont=0.689	GENOMAD.084170.CP	6.535E-46	176	0
JBJGKY010000004.1_194 # 223338 # 223934 # -1 # ID=4_194;partial=00;start_type=ATG;rbs_motif=None;rbs_spacer=None;genetic_code=11;gc_cont=0.655	GENOMAD.054318.CC	2.162E-11	65	0
JBJGKY010000005.1_20 # 23525 # 25849 # -1 # ID=5_20;partial=00;start_type=ATG;rbs_motif=AGGAG;rbs_spacer=5-10bp;genetic_code=11;gc_cont=0.665	GENOMAD.194623.CP	0.000E+00	1370	0
JBJGKY010000005.1_176 # 217916 # 218356 # -1 # ID=5_176;partial=00;start_type=ATG;rbs_motif=None;rbs_spacer=None;genetic_code=11;gc_cont=0.639	GENOMAD.181229.CP	6.535E-53	183	0
JBJGKY010000006.1_27 # 29230 # 30414 # 1 # ID=6_27;partial=00;start_type=ATG;rbs_motif=None;rbs_spacer=None;genetic_code=11;gc_cont=0.662	GENOMAD.000446.CC	6.500E-64	227	0
JBJGKY010000007.1_21 # 39268 # 40467 # -1 # ID=7_21;partial=00;start_type=ATG;rbs_motif=GGAG/GAGG;rbs_spacer=5-10bp;genetic_code=11;gc_cont=0.672	GENOMAD.128896.CP	9.403E-09	60	0
JBJGKY010000028.1_42 # 45249 # 46133 # -1 # ID=28_42;partial=00;start_type=ATG;rbs_motif=None;rbs_spacer=None;genetic_code=11;gc_cont=0.697	GENOMAD.114626.CP	2.719E-35	139	0
JBJGKY010000030.1_31 # 50275 # 53076 # 1 # ID=30_31;partial=00;start_type=ATG;rbs_motif=None;rbs_spacer=None;genetic_code=11;gc_cont=0.675	GENOMAD.127376.VC	4.892E-13	76	1246
JBJGKY010000031.1_11 # 17414 # 18163 # 1 # ID=31_11;partial=00;start_type=ATG;rbs_motif=GGAG/GAGG;rbs_spacer=5-10bp;genetic_code=11;gc_cont=0.652	GENOMAD.124229.CP	2.901E-12	69	0
JBJGKY010000031.1_43 # 55117 # 57819 # -1 # ID=31_43;partial=00;start_type=GTG;rbs_motif=AGGA;rbs_spacer=5-10bp;genetic_code=11;gc_cont=0.640	GENOMAD.158306.CP	9.357E-13	75	0
JBJGKY010000032.1_21 # 27445 # 27783 # -1 # ID=32_21;partial=00;start_type=ATG;rbs_motif=AGGA;rbs_spacer=5-10bp;genetic_code=11;gc_cont=0.655	GENOMAD.168664.PC	1.068E-07	51	0
JBJGKY010000002.1_87 # 98387 # 99664 # 1 # ID=2_87;partial=00;start_type=ATG;rbs_motif=None;rbs_spacer=None;genetic_code=11;gc_cont=0.682	GENOMAD.167722.CP	2.353E-27	119	0
JBJGKY010000047.1_16 # 13450 # 14181 # 1 # ID=47_16;partial=00;start_type=ATG;rbs_motif=AGGAG;rbs_spacer=5-10bp;genetic_code=11;gc_cont=0.701	GENOMAD.117306.PV	4.949E-67	229	0
JBJGKY010000049.1_2 # 379 # 765 # -1 # ID=49_2;partial=00;start_type=ATG;rbs_motif=None;rbs_spacer=None;genetic_code=11;gc_cont=0.519	GENOMAD.043515.PP	6.432E-61	205	0
JBJGKY010000055.1_3 # 1479 # 2453 # -1 # ID=55_3;partial=00;start_type=ATG;rbs_motif=None;rbs_spacer=None;genetic_code=11;gc_cont=0.648	GENOMAD.133946.CP	3.166E-10	64	0
JBJGKY010000001.1_74 # 80965 # 82584 # 1 # ID=1_74;partial=00;start_type=ATG;rbs_motif=GGAG/GAGG;rbs_spacer=5-10bp;genetic_code=11;gc_cont=0.655	GENOMAD.170158.CP	6.830E-161	516	0
JBJGKY010000001.1_234 # 271418 # 272128 # 1 # ID=1_234;partial=00;start_type=TTG;rbs_motif=None;rbs_spacer=None;genetic_code=11;gc_cont=0.605	GENOMAD.124497.CP	1.514E-112	360	0
JBJGKY010000005.1_2 # 1092 # 2141 # -1 # ID=5_2;partial=00;start_type=ATG;rbs_motif=GGA/GAG/AGG;rbs_spacer=5-10bp;genetic_code=11;gc_cont=0.668	GENOMAD.162190.CP	1.438E-08	59	0
JBJGKY010000018.1_28 # 25252 # 26148 # -1 # ID=18_28;partial=00;start_type=ATG;rbs_motif=GGA/GAG/AGG;rbs_spacer=5-10bp;genetic_code=11;gc_cont=0.642	GENOMAD.177900.CP	6.543E-13	72	0
JBJGKY010000018.1_92 # 98997 # 100667 # 1 # ID=18_92;partial=00;start_type=ATG;rbs_motif=GGAG/GAGG;rbs_spacer=5-10bp;genetic_code=11;gc_cont=0.606	GENOMAD.179497.PC	4.852E-76	269	0
JBJGKY010000021.1_48 # 60634 # 61626 # -1 # ID=21_48;partial=00;start_type=ATG;rbs_motif=GGA/GAG/AGG;rbs_spacer=5-10bp;genetic_code=11;gc_cont=0.665	GENOMAD.147887.CP	8.222E-84	282	0
JBJGKY010000005.1_155 # 186285 # 187232 # -1 # ID=5_155;partial=00;start_type=ATG;rbs_motif=GGAG/GAGG;rbs_spacer=5-10bp;genetic_code=11;gc_cont=0.648	GENOMAD.216117.PC	1.400E-10	65	0
JBJGKY010000006.1_6 # 6249 # 6845 # 1 # ID=6_6;partial=00;start_type=ATG;rbs_motif=None;rbs_spacer=None;genetic_code=11;gc_cont=0.662	GENOMAD.000230.CC	9.752E-13	69	0
JBJGKY010000006.1_38 # 44972 # 45442 # 1 # ID=6_38;partial=00;start_type=ATG;rbs_motif=None;rbs_spacer=None;genetic_code=11;gc_cont=0.643	GENOMAD.179080.CP	2.843E-83	271	0
JBJGKY010000006.1_102 # 114108 # 114371 # 1 # ID=6_102;partial=00;start_type=ATG;rbs_motif=AGGAG;rbs_spacer=5-10bp;genetic_code=11;gc_cont=0.621	GENOMAD.002313.CC	4.708E-14	68	0
JBJGKY010000006.1_134 # 153205 # 155739 # 1 # ID=6_134;partial=00;start_type=ATG;rbs_motif=GGA/GAG/AGG;rbs_spacer=5-10bp;genetic_code=11;gc_cont=0.674	GENOMAD.123353.CP	5.723E-132	445	0
JBJGKY010000011.1_121 # 127299 # 127739 # 1 # ID=11_121;partial=00;start_type=GTG;rbs_motif=GGAGG;rbs_spacer=5-10bp;genetic_code=11;gc_cont=0.660	GENOMAD.118707.CP	1.680E-16	78	0
JBJGKY010000006.1_106 # 119433 # 120518 # 1 # ID=6_106;partial=00;start_type=ATG;rbs_motif=GGAGG;rbs_spacer=5-10bp;genetic_code=11;gc_cont=0.625	GENOMAD.038387.CC	7.010E-81	275	0
JBJGKY010000006.1_138 # 160557 # 162539 # 1 # ID=6_138;partial=00;start_type=ATG;rbs_motif=GGAG/GAGG;rbs_spacer=5-10bp;genetic_code=11;gc_cont=0.665	GENOMAD.211147.PC	7.420E-250	780	0
JBJGKY010000007.1_68 # 90016 # 90213 # -1 # ID=7_68;partial=00;start_type=ATG;rbs_motif=AGGA;rbs_spacer=5-10bp;genetic_code=11;gc_cont=0.606	GENOMAD.099705.CV	6.830E-09	52	0
JBJGKY010000007.1_100 # 131985 # 135209 # -1 # ID=7_100;partial=00;start_type=ATG;rbs_motif=GGAG/GAGG;rbs_spacer=5-10bp;genetic_code=11;gc_cont=0.573	GENOMAD.127260.CP	1.807E-14	81	0
JBJGKY010000003.1_106 # 122237 # 122590 # -1 # ID=3_106;partial=00;start_type=ATG;rbs_motif=GGAG/GAGG;rbs_spacer=5-10bp;genetic_code=11;gc_cont=0.638	GENOMAD.189480.CP	1.270E-07	51	0
JBJGKY010000003.1_138 # 170458 # 172269 # 1 # ID=3_138;partial=00;start_type=GTG;rbs_motif=GGAGG;rbs_spacer=5-10bp;genetic_code=11;gc_cont=0.673	GENOMAD.029534.CC	1.075E-05	51	0
JBJGKY010000006.1_2 # 1272 # 2684 # 1 # ID=6_2;partial=00;start_type=ATG;rbs_motif=AGGAG/GGAGG;rbs_spacer=11-12bp;genetic_code=11;gc_cont=0.691	GENOMAD.009539.CC	1.259E-04	47	0
JBJGKY010000006.1_98 # 111216 # 111467 # -1 # ID=6_98;partial=00;start_type=ATG;rbs_motif=AGGAG;rbs_spacer=5-10bp;genetic_code=11;gc_cont=0.599	GENOMAD.158028.PC	5.323E-26	102	0
JBJGKY010000007.1_28 # 47120 # 47836 # 1 # ID=7_28;partial=00;start_type=ATG;rbs_motif=None;rbs_spacer=None;genetic_code=11;gc_cont=0.643	GENOMAD.138359.CP	7.894E-06	49	0
JBJGKY010000002.1_60 # 66823 # 67707 # 1 # ID=2_60;partial=00;start_type=ATG;rbs_motif=None;rbs_spacer=None;genetic_code=11;gc_cont=0.629	GENOMAD.182050.VC	7.264E-16	81	1246
JBJGKY010000002.1_156 # 164831 # 168370 # 1 # ID=2_156;partial=00;start_type=ATG;rbs_motif=None;rbs_spacer=None;genetic_code=11;gc_cont=0.644	GENOMAD.111713.CP	5.692E-29	129	0
JBJGKY010000002.1_220 # 234707 # 235471 # 1 # ID=2_220;partial=00;start_type=ATG;rbs_motif=GGAG/GAGG;rbs_spacer=5-10bp;genetic_code=11;gc_cont=0.678	GENOMAD.038780.CC	6.630E-23	101	0
JBJGKY010000003.1_21 # 19684 # 20709 # 1 # ID=3_21;partial=00;start_type=ATG;rbs_motif=None;rbs_spacer=None;genetic_code=11;gc_cont=0.666	GENOMAD.126472.VC	8.993E-39	151	11688
JBJGKY010000008.1_22 # 34154 # 34702 # -1 # ID=8_22;partial=00;start_type=ATG;rbs_motif=None;rbs_spacer=None;genetic_code=11;gc_cont=0.632	GENOMAD.181624.CP	4.970E-73	243	0
JBJGKY010000012.1_48 # 68589 # 69269 # 1 # ID=12_48;partial=00;start_type=ATG;rbs_motif=GGxGG;rbs_spacer=3-4bp;genetic_code=11;gc_cont=0.604	GENOMAD.095404.CP	4.515E-69	234	0
JBJGKY010000001.1_154 # 169136 # 170155 # -1 # ID=1_154;partial=00;start_type=GTG;rbs_motif=GGAG/GAGG;rbs_spacer=5-10bp;genetic_code=11;gc_cont=0.656	GENOMAD.129517.CP	1.017E-25	112	0
JBJGKY010000001.1_186 # 209621 # 211816 # -1 # ID=1_186;partial=00;start_type=ATG;rbs_motif=AGGAG;rbs_spacer=5-10bp;genetic_code=11;gc_cont=0.660	GENOMAD.154880.CP	3.920E-21	102	1246
JBJGKY010000002.1_2 # 3921 # 4460 # 1 # ID=2_2;partial=00;start_type=TTG;rbs_motif=GGA/GAG/AGG;rbs_spacer=5-10bp;genetic_code=11;gc_cont=0.630	GENOMAD.132183.CP	3.396E-32	125	0
JBJGKY010000002.1_34 # 35528 # 35881 # 1 # ID=2_34;partial=00;start_type=ATG;rbs_motif=AGGAG;rbs_spacer=5-10bp;genetic_code=11;gc_cont=0.661	GENOMAD.182880.CP	5.083E-42	150	0
JBJGKY010000002.1_66 # 72254 # 74476 # -1 # ID=2_66;partial=00;start_type=ATG;rbs_motif=None;rbs_spacer=None;genetic_code=11;gc_cont=0.714	GENOMAD.101878.CP	2.747E-111	380	1246
JBJGKY010000002.1_98 # 110299 # 110532 # -1 # ID=2_98;partial=00;start_type=ATG;rbs_motif=None;rbs_spacer=None;genetic_code=11;gc_cont=0.585	GENOMAD.221919.VP	2.132E-17	77	1246
JBJGKY010000002.1_130 # 138265 # 140406 # 1 # ID=2_130;partial=00;start_type=ATG;rbs_motif=AGGAG;rbs_spacer=5-10bp;genetic_code=11;gc_cont=0.647	GENOMAD.148417.CP	3.943E-44	176	1246
JBJGKY010000017.1_63 # 76176 # 76919 # 1 # ID=17_63;partial=00;start_type=ATG;rbs_motif=GGAG/GAGG;rbs_spacer=5-10bp;genetic_code=11;gc_cont=0.673	GENOMAD.138165.CP	1.336E-13	73	0
JBJGKY010000018.1_36 # 38695 # 38964 # -1 # ID=18_36;partial=00;start_type=ATG;rbs_motif=None;rbs_spacer=None;genetic_code=11;gc_cont=0.693	GENOMAD.108170.CP	1.986E-08	52	0
JBJGKY010000018.1_68 # 73818 # 74768 # -1 # ID=18_68;partial=00;start_type=ATG;rbs_motif=GGA/GAG/AGG;rbs_spacer=5-10bp;genetic_code=11;gc_cont=0.638	GENOMAD.115187.CP	1.333E-25	111	0
JBJGKY010000030.1_43 # 66013 # 66300 # 1 # ID=30_43;partial=00;start_type=ATG;rbs_motif=GGA/GAG/AGG;rbs_spacer=5-10bp;genetic_code=11;gc_cont=0.694	GENOMAD.130478.CP	2.943E-45	158	0
JBJGKY010000033.1_6 # 2120 # 2416 # 1 # ID=33_6;partial=00;start_type=ATG;rbs_motif=GGA/GAG/AGG;rbs_spacer=5-10bp;genetic_code=11;gc_cont=0.623	GENOMAD.156834.VV	9.202E-51	174	0
JBJGKY010000034.1_15 # 15851 # 16693 # -1 # ID=34_15;partial=00;start_type=ATG;rbs_motif=GGAGG;rbs_spacer=5-10bp;genetic_code=11;gc_cont=0.668	GENOMAD.171298.CP	1.187E-42	160	0
JBJGKY010000035.1_34 # 39205 # 40782 # 1 # ID=35_34;partial=00;start_type=ATG;rbs_motif=AGGA;rbs_spacer=5-10bp;genetic_code=11;gc_cont=0.650	GENOMAD.018752.CC	2.222E-23	108	0
JBJGKY010000002.1_51 # 56209 # 57948 # 1 # ID=2_51;partial=00;start_type=ATG;rbs_motif=GGA/GAG/AGG;rbs_spacer=5-10bp;genetic_code=11;gc_cont=0.630	GENOMAD.007486.CC	6.334E-117	390	0
JBJGKY010000002.1_83 # 93325 # 93837 # 1 # ID=2_83;partial=00;start_type=ATG;rbs_motif=None;rbs_spacer=None;genetic_code=11;gc_cont=0.620	GENOMAD.120807.VC	5.537E-08	54	1246
JBJGKY010000003.1_44 # 38691 # 39428 # 1 # ID=3_44;partial=00;start_type=ATG;rbs_motif=None;rbs_spacer=None;genetic_code=11;gc_cont=0.656	GENOMAD.130656.CP	1.229E-11	67	0
JBJGKY010000049.1_17 # 18792 # 19250 # 1 # ID=49_17;partial=00;start_type=ATG;rbs_motif=GGAGG;rbs_spacer=5-10bp;genetic_code=11;gc_cont=0.643	GENOMAD.132779.CP	3.484E-08	54	0
JBJGKY010000052.1_1 # 1 # 315 # 1 # ID=52_1;partial=10;start_type=Edge;rbs_motif=None;rbs_spacer=None;genetic_code=11;gc_cont=0.590	GENOMAD.177338.PC	1.055E-04	42	0
JBJGKY010000059.1_4 # 2051 # 2539 # -1 # ID=59_4;partial=00;start_type=ATG;rbs_motif=GGA/GAG/AGG;rbs_spacer=5-10bp;genetic_code=11;gc_cont=0.607	GENOMAD.223687.VP	1.015E-06	50	2773
JBJGKY010000063.1_3 # 2001 # 2585 # -1 # ID=63_3;partial=00;start_type=ATG;rbs_motif=GGA/GAG/AGG;rbs_spacer=5-10bp;genetic_code=11;gc_cont=0.660	GENOMAD.153566.CP	2.020E-09	59	0
JBJGKY010000005.1_51 # 60689 # 61921 # 1 # ID=5_51;partial=00;start_type=ATG;rbs_motif=GGA/GAG/AGG;rbs_spacer=5-10bp;genetic_code=11;gc_cont=0.677	GENOMAD.191812.CP	1.668E-82	282	0
JBJGKY010000012.1_24 # 40946 # 41701 # 1 # ID=12_24;partial=00;start_type=ATG;rbs_motif=GGA/GAG/AGG;rbs_spacer=5-10bp;genetic_code=11;gc_cont=0.680	GENOMAD.194686.CP	3.087E-13	72	0
JBJGKY010000012.1_56 # 79195 # 79704 # 1 # ID=12_56;partial=00;start_type=ATG;rbs_motif=GGA/GAG/AGG;rbs_spacer=5-10bp;genetic_code=11;gc_cont=0.637	GENOMAD.119444.CP	1.670E-16	79	0
JBJGKY010000013.1_21 # 24538 # 26124 # 1 # ID=13_21;partial=00;start_type=ATG;rbs_motif=GGA/GAG/AGG;rbs_spacer=5-10bp;genetic_code=11;gc_cont=0.650	GENOMAD.154807.CP	1.400E-100	340	0
JBJGKY010000013.1_53 # 59434 # 60285 # 1 # ID=13_53;partial=00;start_type=ATG;rbs_motif=GGA/GAG/AGG;rbs_spacer=5-10bp;genetic_code=11;gc_cont=0.674	GENOMAD.147170.CP	6.651E-07	53	0
JBJGKY010000013.1_85 # 113919 # 114680 # -1 # ID=13_85;partial=00;start_type=ATG;rbs_motif=GGA/GAG/AGG;rbs_spacer=5-10bp;genetic_code=11;gc_cont=0.659	GENOMAD.210497.CP	1.361E-23	103	0
JBJGKY010000014.1_22 # 24046 # 24843 # -1 # ID=14_22;partial=00;start_type=ATG;rbs_motif=None;rbs_spacer=None;genetic_code=11;gc_cont=0.665	GENOMAD.080636.CV	5.268E-86	285	0
JBJGKY010000032.1_20 # 27041 # 27448 # -1 # ID=32_20;partial=00;start_type=GTG;rbs_motif=GGAGG;rbs_spacer=5-10bp;genetic_code=11;gc_cont=0.681	GENOMAD.166188.CP	2.711E-15	74	0
JBJGKY010000032.1_52 # 57939 # 59264 # -1 # ID=32_52;partial=00;start_type=ATG;rbs_motif=GGAG/GAGG;rbs_spacer=5-10bp;genetic_code=11;gc_cont=0.648	GENOMAD.137994.CP	2.147E-23	107	0
JBJGKY010000034.1_2 # 1354 # 2022 # 1 # ID=34_2;partial=00;start_type=ATG;rbs_motif=GGAG/GAGG;rbs_spacer=5-10bp;genetic_code=11;gc_cont=0.653	GENOMAD.161213.CP	1.568E-17	84	0
JBJGKY010000034.1_34 # 32915 # 33457 # 1 # ID=34_34;partial=00;start_type=GTG;rbs_motif=AGGA;rbs_spacer=5-10bp;genetic_code=11;gc_cont=0.656	GENOMAD.142989.CP	3.195E-05	46	0
JBJGKY010000035.1_21 # 27539 # 28804 # 1 # ID=35_21;partial=00;start_type=ATG;rbs_motif=GGAG/GAGG;rbs_spacer=5-10bp;genetic_code=11;gc_cont=0.649	GENOMAD.196313.CP	5.135E-09	61	0
JBJGKY010000037.1_15 # 26066 # 27484 # -1 # ID=37_15;partial=00;start_type=ATG;rbs_motif=GGAG/GAGG;rbs_spacer=5-10bp;genetic_code=11;gc_cont=0.669	GENOMAD.138367.CP	1.283E-67	241	0
JBJGKY010000007.1_20 # 37335 # 39152 # -1 # ID=7_20;partial=00;start_type=ATG;rbs_motif=GGAG/GAGG;rbs_spacer=5-10bp;genetic_code=11;gc_cont=0.645	GENOMAD.142795.CP	3.617E-04	46	0
JBJGKY010000007.1_116 # 151287 # 151877 # -1 # ID=7_116;partial=00;start_type=GTG;rbs_motif=GGA/GAG/AGG;rbs_spacer=5-10bp;genetic_code=11;gc_cont=0.618	GENOMAD.000102.CC	3.656E-39	146	1246
JBJGKY010000008.1_101 # 117372 # 118808 # -1 # ID=8_101;partial=00;start_type=ATG;rbs_motif=GGA/GAG/AGG;rbs_spacer=5-10bp;genetic_code=11;gc_cont=0.653	GENOMAD.137791.CP	7.664E-06	51	0
JBJGKY010000003.1_1 # 40 # 579 # 1 # ID=3_1;partial=00;start_type=ATG;rbs_motif=None;rbs_spacer=None;genetic_code=11;gc_cont=0.643	GENOMAD.013102.CC	8.182E-31	121	0
JBJGKY010000003.1_33 # 28293 # 28853 # 1 # ID=3_33;partial=00;start_type=ATG;rbs_motif=GGA/GAG/AGG;rbs_spacer=11-12bp;genetic_code=11;gc_cont=0.624	GENOMAD.151010.CP	1.097E-74	248	0
JBJGKY010000004.1_18 # 15902 # 16810 # -1 # ID=4_18;partial=00;start_type=ATG;rbs_motif=None;rbs_spacer=None;genetic_code=11;gc_cont=0.640	GENOMAD.142156.CP	3.779E-07	54	0
JBJGKY010000004.1_50 # 51264 # 51698 # 1 # ID=4_50;partial=00;start_type=ATG;rbs_motif=AGGAG;rbs_spacer=5-10bp;genetic_code=11;gc_cont=0.692	GENOMAD.142464.CP	2.258E-21	92	0
JBJGKY010000022.1_20 # 25098 # 27764 # 1 # ID=22_20;partial=00;start_type=ATG;rbs_motif=None;rbs_spacer=None;genetic_code=11;gc_cont=0.667	GENOMAD.112786.CP	2.414E-205	662	0
JBJGKY010000022.1_52 # 67492 # 69186 # -1 # ID=22_52;partial=00;start_type=ATG;rbs_motif=GGA/GAG/AGG;rbs_spacer=5-10bp;genetic_code=11;gc_cont=0.657	GENOMAD.137986.CP	1.630E-04	47	0
JBJGKY010000023.1_9 # 10025 # 10489 # -1 # ID=23_9;partial=00;start_type=ATG;rbs_motif=GGA/GAG/AGG;rbs_spacer=5-10bp;genetic_code=11;gc_cont=0.643	GENOMAD.009388.CC	4.091E-04	42	0
JBJGKY010000006.1_57 # 67856 # 68506 # -1 # ID=6_57;partial=00;start_type=ATG;rbs_motif=GGAG/GAGG;rbs_spacer=5-10bp;genetic_code=11;gc_cont=0.653	GENOMAD.152305.CP	1.633E-28	116	0
JBJGKY010000006.1_89 # 100936 # 103596 # 1 # ID=6_89;partial=00;start_type=ATG;rbs_motif=None;rbs_spacer=None;genetic_code=11;gc_cont=0.683	GENOMAD.153600.CP	6.858E-60	228	0
JBJGKY010000006.1_121 # 137844 # 139226 # -1 # ID=6_121;partial=00;start_type=ATG;rbs_motif=AGGAG;rbs_spacer=5-10bp;genetic_code=11;gc_cont=0.666	GENOMAD.190734.CP	1.253E-112	372	0
JBJGKY010000006.1_153 # 185388 # 185741 # -1 # ID=6_153;partial=00;start_type=ATG;rbs_motif=None;rbs_spacer=None;genetic_code=11;gc_cont=0.613	GENOMAD.141125.CP	2.289E-50	174	0
JBJGKY010000007.1_19 # 35473 # 37338 # -1 # ID=7_19;partial=00;start_type=ATG;rbs_motif=GGAGG;rbs_spacer=5-10bp;genetic_code=11;gc_cont=0.650	GENOMAD.142795.CP	2.012E-08	60	0
JBJGKY010000007.1_115 # 149771 # 151282 # -1 # ID=7_115;partial=00;start_type=ATG;rbs_motif=GGAG/GAGG;rbs_spacer=5-10bp;genetic_code=11;gc_cont=0.642	GENOMAD.116332.CV	1.218E-11	70	0
JBJGKY010000008.1_4 # 2627 # 3400 # -1 # ID=8_4;partial=00;start_type=ATG;rbs_motif=GGxGG;rbs_spacer=5-10bp;genetic_code=11;gc_cont=0.726	GENOMAD.176986.CP	1.868E-35	138	0
JBJGKY010000008.1_36 # 46724 # 48289 # -1 # ID=8_36;partial=00;start_type=ATG;rbs_motif=GGAG/GAGG;rbs_spacer=5-10bp;genetic_code=11;gc_cont=0.681	GENOMAD.098617.VV	5.364E-11	68	1246
JBJGKY010000006.1_44 # 48958 # 49668 # 1 # ID=6_44;partial=00;start_type=ATG;rbs_motif=GGA/GAG/AGG;rbs_spacer=11-12bp;genetic_code=11;gc_cont=0.692	GENOMAD.159311.CP	5.065E-54	191	0
JBJGKY010000006.1_76 # 85229 # 85717 # 1 # ID=6_76;partial=00;start_type=ATG;rbs_motif=None;rbs_spacer=None;genetic_code=11;gc_cont=0.661	GENOMAD.195023.CP	2.152E-07	52	0
JBJGKY010000006.1_108 # 121942 # 123186 # 1 # ID=6_108;partial=00;start_type=ATG;rbs_motif=None;rbs_spacer=None;genetic_code=11;gc_cont=0.686	GENOMAD.101276.CP	4.201E-53	196	1246
JBJGKY010000006.1_140 # 164388 # 167159 # 1 # ID=6_140;partial=00;start_type=ATG;rbs_motif=GGA/GAG/AGG;rbs_spacer=5-10bp;genetic_code=11;gc_cont=0.626	GENOMAD.152082.CP	1.485E-21	104	0
JBJGKY010000007.1_6 # 6582 # 8957 # -1 # ID=7_6;partial=00;start_type=ATG;rbs_motif=GGA/GAG/AGG;rbs_spacer=5-10bp;genetic_code=11;gc_cont=0.654	GENOMAD.166603.CP	2.106E-36	152	0
JBJGKY010000003.1_134 # 165750 # 166481 # -1 # ID=3_134;partial=00;start_type=ATG;rbs_motif=GGA/GAG/AGG;rbs_spacer=5-10bp;genetic_code=11;gc_cont=0.668	GENOMAD.154816.CP	1.594E-30	123	0
JBJGKY010000003.1_166 # 212071 # 216192 # -1 # ID=3_166;partial=00;start_type=ATG;rbs_motif=None;rbs_spacer=None;genetic_code=11;gc_cont=0.670	GENOMAD.105310.CV	4.439E-152	522	0
JBJGKY010000003.1_198 # 247522 # 248334 # 1 # ID=3_198;partial=00;start_type=ATG;rbs_motif=AGGA;rbs_spacer=5-10bp;genetic_code=11;gc_cont=0.712	GENOMAD.207981.CP	2.128E-23	103	0
JBJGKY010000004.1_23 # 19986 # 20420 # 1 # ID=4_23;partial=00;start_type=ATG;rbs_motif=AGGAG;rbs_spacer=5-10bp;genetic_code=11;gc_cont=0.632	GENOMAD.145653.CP	1.136E-37	139	0
JBJGKY010000004.1_87 # 95656 # 96759 # -1 # ID=4_87;partial=00;start_type=ATG;rbs_motif=GGA/GAG/AGG;rbs_spacer=5-10bp;genetic_code=11;gc_cont=0.655	GENOMAD.137519.CP	1.734E-04	46	0
JBJGKY010000016.1_11 # 16193 # 18220 # -1 # ID=16_11;partial=00;start_type=ATG;rbs_motif=GGA/GAG/AGG;rbs_spacer=5-10bp;genetic_code=11;gc_cont=0.663	GENOMAD.127342.CP	2.340E-23	109	0
JBJGKY010000016.1_43 # 51228 # 53210 # 1 # ID=16_43;partial=00;start_type=GTG;rbs_motif=None;rbs_spacer=None;genetic_code=11;gc_cont=0.628	GENOMAD.152082.CP	2.881E-13	76	0
JBJGKY010000016.1_75 # 92542 # 94965 # 1 # ID=16_75;partial=00;start_type=ATG;rbs_motif=GGA/GAG/AGG;rbs_spacer=5-10bp;genetic_code=11;gc_cont=0.684	GENOMAD.107195.CP	1.456E-138	463	0
JBJGKY010000017.1_11 # 11798 # 12142 # -1 # ID=17_11;partial=00;start_type=ATG;rbs_motif=AGGAG;rbs_spacer=5-10bp;genetic_code=11;gc_cont=0.643	GENOMAD.170575.CP	3.623E-52	179	0
JBJGKY010000054.1_4 # 1881 # 2303 # -1 # ID=54_4;partial=00;start_type=ATG;rbs_motif=GGAG/GAGG;rbs_spacer=5-10bp;genetic_code=11;gc_cont=0.619	GENOMAD.219067.CP	6.093E-17	79	0
JBJGKY010000059.1_8 # 3175 # 4254 # 1 # ID=59_8;partial=00;start_type=ATG;rbs_motif=None;rbs_spacer=None;genetic_code=11;gc_cont=0.578	GENOMAD.222675.VP	1.814E-232	713	2773
JBJGKY010000001.1_83 # 92220 # 93380 # -1 # ID=1_83;partial=00;start_type=ATG;rbs_motif=GGAG/GAGG;rbs_spacer=5-10bp;genetic_code=11;gc_cont=0.584	GENOMAD.153667.CP	1.885E-04	46	0
JBJGKY010000001.1_115 # 128068 # 129297 # -1 # ID=1_115;partial=00;start_type=ATG;rbs_motif=GGAG/GAGG;rbs_spacer=5-10bp;genetic_code=11;gc_cont=0.686	GENOMAD.194979.PC	5.955E-74	257	0
JBJGKY010000001.1_147 # 162423 # 163412 # -1 # ID=1_147;partial=00;start_type=ATG;rbs_motif=None;rbs_spacer=None;genetic_code=11;gc_cont=0.676	GENOMAD.086420.CP	4.702E-59	210	0
JBJGKY010000006.1_99 # 111515 # 112297 # -1 # ID=6_99;partial=00;start_type=ATG;rbs_motif=None;rbs_spacer=None;genetic_code=11;gc_cont=0.699	GENOMAD.158029.VC	4.157E-48	175	6593
JBJGKY010000007.1_29 # 48006 # 49661 # 1 # ID=7_29;partial=00;start_type=ATG;rbs_motif=AGxAGG/AGGxGG;rbs_spacer=5-10bp;genetic_code=11;gc_cont=0.693	GENOMAD.050490.CV	1.201E-10	67	1246
JBJGKY010000007.1_61 # 82506 # 83930 # -1 # ID=7_61;partial=00;start_type=ATG;rbs_motif=None;rbs_spacer=None;genetic_code=11;gc_cont=0.602	GENOMAD.145298.CP	1.297E-22	105	0
JBJGKY010000007.1_93 # 123484 # 123927 # -1 # ID=7_93;partial=00;start_type=GTG;rbs_motif=GGAGG;rbs_spacer=5-10bp;genetic_code=11;gc_cont=0.550	GENOMAD.153455.CP	3.273E-18	83	0
JBJGKY010000008.1_14 # 23542 # 26250 # 1 # ID=8_14;partial=00;start_type=ATG;rbs_motif=None;rbs_spacer=None;genetic_code=11;gc_cont=0.699	GENOMAD.120770.CP	1.383E-64	243	0
JBJGKY010000008.1_46 # 60644 # 61636 # 1 # ID=8_46;partial=00;start_type=ATG;rbs_motif=AGGAG;rbs_spacer=5-10bp;genetic_code=11;gc_cont=0.647	GENOMAD.121288.CP	7.717E-104	340	0
JBJGKY010000008.1_78 # 93543 # 94487 # 1 # ID=8_78;partial=00;start_type=ATG;rbs_motif=None;rbs_spacer=None;genetic_code=11;gc_cont=0.651	GENOMAD.140931.CP	1.276E-24	108	0
JBJGKY010000001.1_75 # 82581 # 82916 # 1 # ID=1_75;partial=00;start_type=ATG;rbs_motif=AGGA;rbs_spacer=5-10bp;genetic_code=11;gc_cont=0.649	GENOMAD.219541.CP	1.328E-04	42	0
JBJGKY010000001.1_139 # 153903 # 154241 # -1 # ID=1_139;partial=00;start_type=ATG;rbs_motif=None;rbs_spacer=None;genetic_code=11;gc_cont=0.649	GENOMAD.000475.CC	6.682E-04	40	0
JBJGKY010000001.1_203 # 237815 # 239023 # -1 # ID=1_203;partial=00;start_type=TTG;rbs_motif=AGGAG;rbs_spacer=5-10bp;genetic_code=11;gc_cont=0.640	GENOMAD.159854.CP	2.681E-179	562	0
JBJGKY010000001.1_299 # 353271 # 353963 # -1 # ID=1_299;partial=00;start_type=ATG;rbs_motif=None;rbs_spacer=None;genetic_code=11;gc_cont=0.674	GENOMAD.151242.CP	8.159E-08	55	0
JBJGKY010000006.1_50 # 56213 # 58882 # 1 # ID=6_50;partial=00;start_type=ATG;rbs_motif=GGAG/GAGG;rbs_spacer=5-10bp;genetic_code=11;gc_cont=0.606	GENOMAD.152082.CP	6.461E-114	393	0
JBJGKY010000006.1_82 # 90594 # 91082 # 1 # ID=6_82;partial=00;start_type=ATG;rbs_motif=GGAG/GAGG;rbs_spacer=5-10bp;genetic_code=11;gc_cont=0.681	GENOMAD.058926.CV	2.259E-29	116	0
JBJGKY010000006.1_114 # 129540 # 130451 # 1 # ID=6_114;partial=00;start_type=ATG;rbs_motif=None;rbs_spacer=None;genetic_code=11;gc_cont=0.627	GENOMAD.075985.CV	1.228E-04	46	0
JBJGKY010000007.1_76 # 102501 # 105275 # 1 # ID=7_76;partial=00;start_type=ATG;rbs_motif=GGAGG;rbs_spacer=5-10bp;genetic_code=11;gc_cont=0.628	GENOMAD.152082.CP	1.681E-48	192	0
JBJGKY010000003.1_144 # 184203 # 184733 # -1 # ID=3_144;partial=00;start_type=ATG;rbs_motif=None;rbs_spacer=None;genetic_code=11;gc_cont=0.657	GENOMAD.128882.CP	1.068E-14	74	0
JBJGKY010000003.1_176 # 226157 # 226783 # -1 # ID=3_176;partial=00;start_type=ATG;rbs_motif=GGAG/GAGG;rbs_spacer=5-10bp;genetic_code=11;gc_cont=0.646	GENOMAD.161205.CP	5.824E-12	67	0
JBJGKY010000004.1_65 # 69416 # 69745 # -1 # ID=4_65;partial=00;start_type=ATG;rbs_motif=GGAG/GAGG;rbs_spacer=5-10bp;genetic_code=11;gc_cont=0.642	GENOMAD.007903.CC	9.594E-08	51	0
JBJGKY010000004.1_161 # 182183 # 182764 # -1 # ID=4_161;partial=00;start_type=ATG;rbs_motif=GGA/GAG/AGG;rbs_spacer=5-10bp;genetic_code=11;gc_cont=0.665	GENOMAD.110126.CP	4.672E-53	186	0
JBJGKY010000004.1_193 # 221638 # 223014 # 1 # ID=4_193;partial=00;start_type=ATG;rbs_motif=GGA/GAG/AGG;rbs_spacer=11-12bp;genetic_code=11;gc_cont=0.634	GENOMAD.108089.CP	7.169E-10	64	0
JBJGKY010000005.1_19 # 22022 # 22864 # -1 # ID=5_19;partial=00;start_type=ATG;rbs_motif=GGxGG;rbs_spacer=5-10bp;genetic_code=11;gc_cont=0.626	GENOMAD.138290.CP	1.883E-47	174	0
JBJGKY010000013.1_78 # 98132 # 100606 # -1 # ID=13_78;partial=00;start_type=ATG;rbs_motif=GGA/GAG/AGG;rbs_spacer=5-10bp;genetic_code=11;gc_cont=0.654	GENOMAD.146534.CP	5.348E-04	46	0
JBJGKY010000014.1_47 # 59180 # 59710 # 1 # ID=14_47;partial=00;start_type=ATG;rbs_motif=AGGA/GGAG/GAGG;rbs_spacer=11-12bp;genetic_code=11;gc_cont=0.652	GENOMAD.190426.CP	2.990E-06	49	0
JBJGKY010000015.1_48 # 59438 # 59938 # -1 # ID=15_48;partial=00;start_type=ATG;rbs_motif=None;rbs_spacer=None;genetic_code=11;gc_cont=0.631	GENOMAD.127426.CP	1.324E-54	189	0
JBJGKY010000015.1_80 # 87409 # 88197 # -1 # ID=15_80;partial=00;start_type=ATG;rbs_motif=GGAG/GAGG;rbs_spacer=5-10bp;genetic_code=11;gc_cont=0.695	GENOMAD.026719.CC	1.832E-38	147	0
JBJGKY010000053.1_14 # 11965 # 12546 # 1 # ID=53_14;partial=00;start_type=TTG;rbs_motif=AGxAG;rbs_spacer=3-4bp;genetic_code=11;gc_cont=0.483	GENOMAD.086806.PP	3.845E-27	111	0
JBJGKY010000056.1_4 # 4319 # 5212 # 1 # ID=56_4;partial=00;start_type=ATG;rbs_motif=GGAG/GAGG;rbs_spacer=5-10bp;genetic_code=11;gc_cont=0.615	GENOMAD.177500.PC	2.123E-54	195	0
JBJGKY010000001.1_12 # 12140 # 13075 # 1 # ID=1_12;partial=00;start_type=ATG;rbs_motif=None;rbs_spacer=None;genetic_code=11;gc_cont=0.642	GENOMAD.194673.PC	5.740E-46	171	0
JBJGKY010000001.1_76 # 83023 # 83547 # -1 # ID=1_76;partial=00;start_type=TTG;rbs_motif=GGA/GAG/AGG;rbs_spacer=5-10bp;genetic_code=11;gc_cont=0.686	GENOMAD.124316.PC	4.005E-37	139	0
JBJGKY010000008.1_129 # 147307 # 147918 # 1 # ID=8_129;partial=00;start_type=ATG;rbs_motif=GGA/GAG/AGG;rbs_spacer=5-10bp;genetic_code=11;gc_cont=0.621	GENOMAD.215702.CP	1.557E-22	98	0
JBJGKY010000009.1_89 # 100786 # 101991 # -1 # ID=9_89;partial=00;start_type=ATG;rbs_motif=AGGA;rbs_spacer=5-10bp;genetic_code=11;gc_cont=0.605	GENOMAD.191266.CP	8.468E-43	165	0
JBJGKY010000009.1_121 # 136782 # 137867 # 1 # ID=9_121;partial=00;start_type=ATG;rbs_motif=AGGAG;rbs_spacer=5-10bp;genetic_code=11;gc_cont=0.696	GENOMAD.143120.CP	2.579E-46	174	0
JBJGKY010000010.1_14 # 17953 # 18408 # 1 # ID=10_14;partial=00;start_type=ATG;rbs_motif=None;rbs_spacer=None;genetic_code=11;gc_cont=0.678	GENOMAD.205619.PC	1.398E-38	142	0
JBJGKY010000010.1_46 # 60054 # 61382 # -1 # ID=10_46;partial=00;start_type=ATG;rbs_motif=AGGA;rbs_spacer=5-10bp;genetic_code=11;gc_cont=0.633	GENOMAD.189690.PC	1.423E-101	339	0
JBJGKY010000010.1_78 # 104493 # 104750 # -1 # ID=10_78;partial=00;start_type=ATG;rbs_motif=AGGAG;rbs_spacer=5-10bp;genetic_code=11;gc_cont=0.651	GENOMAD.177562.CP	9.933E-44	153	0
JBJGKY010000011.1_9 # 9771 # 13985 # 1 # ID=11_9;partial=00;start_type=ATG;rbs_motif=GGAG/GAGG;rbs_spacer=5-10bp;genetic_code=11;gc_cont=0.633	GENOMAD.052211.CC	1.146E-30	135	0
JBJGKY010000012.1_12 # 24881 # 26125 # -1 # ID=12_12;partial=00;start_type=ATG;rbs_motif=None;rbs_spacer=None;genetic_code=11;gc_cont=0.635	GENOMAD.167755.CP	2.622E-89	302	0
JBJGKY010000001.1_13 # 13492 # 15408 # 1 # ID=1_13;partial=00;start_type=ATG;rbs_motif=GGAG/GAGG;rbs_spacer=5-10bp;genetic_code=11;gc_cont=0.666	GENOMAD.214746.CP	0.000E+00	1074	0
JBJGKY010000001.1_45 # 53207 # 54097 # 1 # ID=1_45;partial=00;start_type=ATG;rbs_motif=GGA/GAG/AGG;rbs_spacer=5-10bp;genetic_code=11;gc_cont=0.655	GENOMAD.161566.CP	4.513E-09	60	0
JBJGKY010000001.1_77 # 83544 # 83918 # -1 # ID=1_77;partial=00;start_type=ATG;rbs_motif=GGAG/GAGG;rbs_spacer=5-10bp;genetic_code=11;gc_cont=0.675	GENOMAD.120494.PC	1.549E-33	126	0
JBJGKY010000001.1_141 # 156146 # 156943 # 1 # ID=1_141;partial=00;start_type=ATG;rbs_motif=None;rbs_spacer=None;genetic_code=11;gc_cont=0.649	GENOMAD.123894.CP	9.800E-38	145	0
JBJGKY010000011.1_29 # 26260 # 26802 # 1 # ID=11_29;partial=00;start_type=ATG;rbs_motif=GGAG/GAGG;rbs_spacer=5-10bp;genetic_code=11;gc_cont=0.575	GENOMAD.000004.CC	5.418E-88	286	0
JBJGKY010000012.1_47 # 67259 # 68518 # 1 # ID=12_47;partial=00;start_type=ATG;rbs_motif=GGxGG;rbs_spacer=5-10bp;genetic_code=11;gc_cont=0.609	GENOMAD.118563.CP	2.146E-27	119	0
JBJGKY010000013.1_12 # 16948 # 17220 # 1 # ID=13_12;partial=00;start_type=ATG;rbs_motif=None;rbs_spacer=None;genetic_code=11;gc_cont=0.692	GENOMAD.124267.CP	4.269E-39	140	0
JBJGKY010000013.1_44 # 47647 # 48360 # 1 # ID=13_44;partial=00;start_type=ATG;rbs_motif=None;rbs_spacer=None;genetic_code=11;gc_cont=0.675	GENOMAD.148482.CP	1.644E-26	111	0
JBJGKY010000013.1_76 # 92615 # 94876 # -1 # ID=13_76;partial=00;start_type=ATG;rbs_motif=GGA/GAG/AGG;rbs_spacer=5-10bp;genetic_code=11;gc_cont=0.638	GENOMAD.146534.CP	9.638E-04	45	0
JBJGKY010000009.1_29 # 37758 # 38207 # -1 # ID=9_29;partial=00;start_type=ATG;rbs_motif=GGAG/GAGG;rbs_spacer=5-10bp;genetic_code=11;gc_cont=0.631	GENOMAD.080915.CV	6.064E-21	91	0
JBJGKY010000009.1_93 # 105609 # 106511 # -1 # ID=9_93;partial=00;start_type=ATG;rbs_motif=None;rbs_spacer=None;genetic_code=11;gc_cont=0.651	GENOMAD.029943.CC	2.003E-21	98	0
JBJGKY010000010.1_18 # 21292 # 23511 # 1 # ID=10_18;partial=00;start_type=ATG;rbs_motif=GGA/GAG/AGG;rbs_spacer=5-10bp;genetic_code=11;gc_cont=0.666	GENOMAD.223208.PC	2.394E-22	106	0
JBJGKY010000010.1_50 # 65137 # 66186 # 1 # ID=10_50;partial=00;start_type=ATG;rbs_motif=GGAGG;rbs_spacer=5-10bp;genetic_code=11;gc_cont=0.695	GENOMAD.192709.PC	6.815E-64	225	0
JBJGKY010000008.1_50 # 66948 # 67799 # 1 # ID=8_50;partial=00;start_type=ATG;rbs_motif=GGA/GAG/AGG;rbs_spacer=5-10bp;genetic_code=11;gc_cont=0.689	GENOMAD.079440.CP	1.378E-06	52	0
JBJGKY010000008.1_82 # 98323 # 99231 # 1 # ID=8_82;partial=00;start_type=ATG;rbs_motif=GGA/GAG/AGG;rbs_spacer=5-10bp;genetic_code=11;gc_cont=0.674	GENOMAD.142391.CP	5.171E-76	258	0
JBJGKY010000008.1_114 # 128819 # 129619 # -1 # ID=8_114;partial=00;start_type=ATG;rbs_motif=GGAGG;rbs_spacer=3-4bp;genetic_code=11;gc_cont=0.654	GENOMAD.215480.PC	8.192E-12	68	0
JBJGKY010000009.1_10 # 8521 # 9081 # 1 # ID=9_10;partial=00;start_type=ATG;rbs_motif=AGGAG;rbs_spacer=5-10bp;genetic_code=11;gc_cont=0.674	GENOMAD.012092.CC	4.092E-33	128	0
JBJGKY010000003.1_53 # 50013 # 51395 # 1 # ID=3_53;partial=00;start_type=ATG;rbs_motif=GGA/GAG/AGG;rbs_spacer=5-10bp;genetic_code=11;gc_cont=0.646	GENOMAD.153082.CP	2.968E-05	49	0
JBJGKY010000008.1_61 # 78752 # 80341 # 1 # ID=8_61;partial=00;start_type=ATG;rbs_motif=GGAGG;rbs_spacer=5-10bp;genetic_code=11;gc_cont=0.652	GENOMAD.143156.CP	3.399E-49	188	0
JBJGKY010000009.1_21 # 25705 # 26769 # -1 # ID=9_21;partial=00;start_type=ATG;rbs_motif=None;rbs_spacer=None;genetic_code=11;gc_cont=0.690	GENOMAD.116589.CP	5.054E-59	211	0
JBJGKY010000010.1_10 # 11971 # 13878 # 1 # ID=10_10;partial=00;start_type=ATG;rbs_motif=GGAG/GAGG;rbs_spacer=5-10bp;genetic_code=11;gc_cont=0.631	GENOMAD.110066.CP	9.475E-05	48	0
JBJGKY010000010.1_58 # 72848 # 75493 # -1 # ID=10_58;partial=00;start_type=ATG;rbs_motif=None;rbs_spacer=None;genetic_code=11;gc_cont=0.683	GENOMAD.166313.CP	2.976E-36	152	0
JBJGKY010000011.1_21 # 23278 # 23547 # 1 # ID=11_21;partial=00;start_type=ATG;rbs_motif=GGA/GAG/AGG;rbs_spacer=11-12bp;genetic_code=11;gc_cont=0.570	GENOMAD.058748.CV	3.310E-41	146	0
JBJGKY010000011.1_85 # 87748 # 89076 # -1 # ID=11_85;partial=00;start_type=ATG;rbs_motif=None;rbs_spacer=None;genetic_code=11;gc_cont=0.674	GENOMAD.003036.CC	1.092E-12	73	0
JBJGKY010000011.1_117 # 125124 # 126155 # 1 # ID=11_117;partial=00;start_type=ATG;rbs_motif=None;rbs_spacer=None;genetic_code=11;gc_cont=0.667	GENOMAD.126387.CP	2.423E-30	126	0
JBJGKY010000012.1_23 # 39423 # 40802 # -1 # ID=12_23;partial=00;start_type=ATG;rbs_motif=GGA/GAG/AGG;rbs_spacer=5-10bp;genetic_code=11;gc_cont=0.671	GENOMAD.120657.CP	1.749E-06	53	0
JBJGKY010000042.1_17 # 21717 # 23093 # -1 # ID=42_17;partial=00;start_type=ATG;rbs_motif=None;rbs_spacer=None;genetic_code=11;gc_cont=0.663	GENOMAD.050490.CV	6.138E-55	203	1246
JBJGKY010000040.1_5 # 2492 # 5161 # 1 # ID=40_5;partial=00;start_type=ATG;rbs_motif=GGA/GAG/AGG;rbs_spacer=5-10bp;genetic_code=11;gc_cont=0.596	GENOMAD.108687.PC	2.172E-38	159	0
JBJGKY010000040.1_37 # 28922 # 29248 # 1 # ID=40_37;partial=00;start_type=ATG;rbs_motif=AGGAG;rbs_spacer=5-10bp;genetic_code=11;gc_cont=0.654	GENOMAD.039412.PP	6.063E-60	201	0
JBJGKY010000021.1_45 # 57775 # 58446 # 1 # ID=21_45;partial=00;start_type=ATG;rbs_motif=None;rbs_spacer=None;genetic_code=11;gc_cont=0.664	GENOMAD.171470.CP	1.048E-57	201	0
JBJGKY010000014.1_61 # 73453 # 74661 # 1 # ID=14_61;partial=00;start_type=ATG;rbs_motif=GGAG/GAGG;rbs_spacer=5-10bp;genetic_code=11;gc_cont=0.665	GENOMAD.154757.CP	6.959E-17	86	0
JBJGKY010000014.1_93 # 124029 # 125906 # 1 # ID=14_93;partial=00;start_type=ATG;rbs_motif=GGAG/GAGG;rbs_spacer=5-10bp;genetic_code=11;gc_cont=0.674	GENOMAD.166434.PC	2.526E-54	206	0
JBJGKY010000015.1_30 # 38030 # 39034 # 1 # ID=15_30;partial=00;start_type=ATG;rbs_motif=GGAG/GAGG;rbs_spacer=5-10bp;genetic_code=11;gc_cont=0.693	GENOMAD.125846.CP	1.772E-35	141	0
JBJGKY010000015.1_62 # 70436 # 70891 # 1 # ID=15_62;partial=00;start_type=ATG;rbs_motif=AGGAG;rbs_spacer=5-10bp;genetic_code=11;gc_cont=0.636	GENOMAD.160397.CP	1.469E-09	58	0
JBJGKY010000016.1_52 # 67489 # 67950 # -1 # ID=16_52;partial=00;start_type=ATG;rbs_motif=GGAG/GAGG;rbs_spacer=5-10bp;genetic_code=11;gc_cont=0.706	GENOMAD.128916.CP	7.863E-46	163	0
JBJGKY010000016.1_84 # 101342 # 101818 # 1 # ID=16_84;partial=00;start_type=ATG;rbs_motif=None;rbs_spacer=None;genetic_code=11;gc_cont=0.618	GENOMAD.115277.CP	8.480E-39	143	0
JBJGKY010000016.1_24 # 31880 # 33238 # -1 # ID=16_24;partial=00;start_type=ATG;rbs_motif=GGAG/GAGG;rbs_spacer=5-10bp;genetic_code=11;gc_cont=0.702	GENOMAD.022838.CC	9.504E-133	430	0
JBJGKY010000010.1_63 # 85230 # 85427 # 1 # ID=10_63;partial=00;start_type=ATG;rbs_motif=None;rbs_spacer=None;genetic_code=11;gc_cont=0.677	GENOMAD.009130.CC	1.367E-23	94	0
JBJGKY010000010.1_95 # 133077 # 134249 # -1 # ID=10_95;partial=00;start_type=ATG;rbs_motif=None;rbs_spacer=None;genetic_code=11;gc_cont=0.598	GENOMAD.022765.PP	9.795E-203	629	0
JBJGKY010000011.1_26 # 25263 # 25532 # 1 # ID=11_26;partial=00;start_type=ATG;rbs_motif=AGGA;rbs_spacer=5-10bp;genetic_code=11;gc_cont=0.578	GENOMAD.051620.CP	1.756E-24	98	0
JBJGKY010000011.1_58 # 53978 # 55075 # 1 # ID=11_58;partial=00;start_type=ATG;rbs_motif=AGGAG;rbs_spacer=5-10bp;genetic_code=11;gc_cont=0.627	GENOMAD.032134.CC	1.977E-137	439	0
JBJGKY010000011.1_90 # 92745 # 93752 # 1 # ID=11_90;partial=00;start_type=ATG;rbs_motif=GGA/GAG/AGG;rbs_spacer=11-12bp;genetic_code=11;gc_cont=0.649	GENOMAD.152541.CP	3.544E-05	48	1246
JBJGKY010000012.1_28 # 46260 # 47462 # 1 # ID=12_28;partial=00;start_type=TTG;rbs_motif=AGGA;rbs_spacer=5-10bp;genetic_code=11;gc_cont=0.671	GENOMAD.138157.CP	8.255E-43	165	0
JBJGKY010000012.1_92 # 122163 # 122588 # -1 # ID=12_92;partial=00;start_type=ATG;rbs_motif=GGA/GAG/AGG;rbs_spacer=5-10bp;genetic_code=11;gc_cont=0.678	GENOMAD.178838.CP	1.181E-18	84	1246
JBJGKY010000036.1_10 # 8902 # 10239 # 1 # ID=36_10;partial=00;start_type=ATG;rbs_motif=None;rbs_spacer=None;genetic_code=11;gc_cont=0.673	GENOMAD.166652.PC	2.372E-39	156	0
JBJGKY010000041.1_13 # 23319 # 23663 # -1 # ID=41_13;partial=00;start_type=ATG;rbs_motif=GGAGG;rbs_spacer=5-10bp;genetic_code=11;gc_cont=0.626	GENOMAD.219228.VC	7.097E-04	40	0
JBJGKY010000002.1_138 # 147189 # 147371 # 1 # ID=2_138;partial=00;start_type=ATG;rbs_motif=AGGA;rbs_spacer=5-10bp;genetic_code=11;gc_cont=0.645	GENOMAD.213149.PC	3.975E-05	41	0
JBJGKY010000002.1_202 # 216146 # 216826 # 1 # ID=2_202;partial=00;start_type=ATG;rbs_motif=None;rbs_spacer=None;genetic_code=11;gc_cont=0.689	GENOMAD.137324.CP	3.442E-07	53	0
JBJGKY010000003.1_3 # 1246 # 3564 # 1 # ID=3_3;partial=00;start_type=ATG;rbs_motif=GGA/GAG/AGG;rbs_spacer=5-10bp;genetic_code=11;gc_cont=0.643	GENOMAD.141017.CP	3.839E-103	357	0
JBJGKY010000003.1_35 # 29655 # 31052 # 1 # ID=3_35;partial=00;start_type=ATG;rbs_motif=AGGA/GGAG/GAGG;rbs_spacer=11-12bp;genetic_code=11;gc_cont=0.690	GENOMAD.142809.CP	7.380E-10	64	0
JBJGKY010000003.1_131 # 161697 # 162026 # -1 # ID=3_131;partial=00;start_type=ATG;rbs_motif=AGGAG;rbs_spacer=5-10bp;genetic_code=11;gc_cont=0.594	GENOMAD.018095.CC	5.921E-21	89	0
JBJGKY010000024.1_38 # 39964 # 40632 # -1 # ID=24_38;partial=00;start_type=GTG;rbs_motif=GGAG/GAGG;rbs_spacer=5-10bp;genetic_code=11;gc_cont=0.694	GENOMAD.142156.CP	1.530E-07	54	0
JBJGKY010000025.1_21 # 18851 # 19747 # 1 # ID=25_21;partial=00;start_type=ATG;rbs_motif=AGGAG;rbs_spacer=5-10bp;genetic_code=11;gc_cont=0.658	GENOMAD.172148.PC	1.622E-88	294	0
JBJGKY010000026.1_27 # 44967 # 45893 # 1 # ID=26_27;partial=00;start_type=ATG;rbs_motif=GGA/GAG/AGG;rbs_spacer=11-12bp;genetic_code=11;gc_cont=0.650	GENOMAD.152533.CP	1.725E-37	146	0
JBJGKY010000026.1_59 # 84201 # 84530 # -1 # ID=26_59;partial=00;start_type=ATG;rbs_motif=None;rbs_spacer=None;genetic_code=11;gc_cont=0.679	GENOMAD.030183.CC	8.619E-41	146	0
JBJGKY010000058.1_10 # 6788 # 8515 # -1 # ID=58_10;partial=00;start_type=GTG;rbs_motif=GGAG/GAGG;rbs_spacer=5-10bp;genetic_code=11;gc_cont=0.631	GENOMAD.034940.CC	1.335E-18	93	0
JBJGKY010000001.1_9 # 9715 # 10302 # -1 # ID=1_9;partial=00;start_type=ATG;rbs_motif=GGA/GAG/AGG;rbs_spacer=5-10bp;genetic_code=11;gc_cont=0.662	GENOMAD.161922.PC	4.154E-13	70	0
JBJGKY010000001.1_41 # 47991 # 48878 # -1 # ID=1_41;partial=00;start_type=ATG;rbs_motif=GGAGG;rbs_spacer=3-4bp;genetic_code=11;gc_cont=0.634	GENOMAD.206427.PC	6.490E-06	50	0
JBJGKY010000001.1_73 # 80657 # 80968 # 1 # ID=1_73;partial=00;start_type=ATG;rbs_motif=GGxGG;rbs_spacer=3-4bp;genetic_code=11;gc_cont=0.689	GENOMAD.216216.PC	1.406E-09	56	0
JBJGKY010000001.1_105 # 118673 # 118831 # -1 # ID=1_105;partial=00;start_type=ATG;rbs_motif=GGA/GAG/AGG;rbs_spacer=5-10bp;genetic_code=11;gc_cont=0.566	GENOMAD.170307.CP	2.349E-06	44	0
JBJGKY010000002.1_68 # 75955 # 76557 # 1 # ID=2_68;partial=00;start_type=ATG;rbs_motif=GGAG/GAGG;rbs_spacer=5-10bp;genetic_code=11;gc_cont=0.723	GENOMAD.012439.CC	6.764E-43	157	0
JBJGKY010000011.1_2 # 1424 # 1831 # 1 # ID=11_2;partial=00;start_type=ATG;rbs_motif=GGA/GAG/AGG;rbs_spacer=3-4bp;genetic_code=11;gc_cont=0.583	GENOMAD.085104.CV	6.794E-72	237	0
JBJGKY010000011.1_34 # 28884 # 29426 # 1 # ID=11_34;partial=00;start_type=ATG;rbs_motif=AGGA;rbs_spacer=5-10bp;genetic_code=11;gc_cont=0.624	GENOMAD.000010.CC	3.001E-43	157	0
JBJGKY010000011.1_98 # 104634 # 106604 # 1 # ID=11_98;partial=00;start_type=ATG;rbs_motif=3Base/5BMM;rbs_spacer=13-15bp;genetic_code=11;gc_cont=0.648	GENOMAD.116255.CP	5.638E-61	227	0
JBJGKY010000012.1_36 # 56426 # 57697 # -1 # ID=12_36;partial=00;start_type=TTG;rbs_motif=AGGA;rbs_spacer=5-10bp;genetic_code=11;gc_cont=0.671	GENOMAD.137314.CP	1.917E-98	329	0
JBJGKY010000012.1_68 # 91390 # 93135 # 1 # ID=12_68;partial=00;start_type=GTG;rbs_motif=None;rbs_spacer=None;genetic_code=11;gc_cont=0.699	GENOMAD.010877.CC	7.431E-08	58	0
JBJGKY010000006.1_28 # 30402 # 30821 # 1 # ID=6_28;partial=00;start_type=ATG;rbs_motif=None;rbs_spacer=None;genetic_code=11;gc_cont=0.638	GENOMAD.145656.CP	1.592E-56	193	0
JBJGKY010000006.1_60 # 69541 # 70164 # 1 # ID=6_60;partial=00;start_type=ATG;rbs_motif=None;rbs_spacer=None;genetic_code=11;gc_cont=0.651	GENOMAD.090247.CV	3.168E-55	193	1246
JBJGKY010000006.1_92 # 104959 # 106356 # -1 # ID=6_92;partial=00;start_type=ATG;rbs_motif=AGGA;rbs_spacer=5-10bp;genetic_code=11;gc_cont=0.689	GENOMAD.127021.CP	1.054E-07	57	0
JBJGKY010000006.1_156 # 187539 # 188585 # -1 # ID=6_156;partial=00;start_type=ATG;rbs_motif=GGAG/GAGG;rbs_spacer=5-10bp;genetic_code=11;gc_cont=0.643	GENOMAD.194675.PC	4.060E-71	246	0
JBJGKY010000007.1_22 # 40464 # 42080 # -1 # ID=7_22;partial=00;start_type=ATG;rbs_motif=GGA/GAG/AGG;rbs_spacer=5-10bp;genetic_code=11;gc_cont=0.695	GENOMAD.168696.PC	1.327E-76	270	0
JBJGKY010000007.1_54 # 73463 # 74974 # -1 # ID=7_54;partial=00;start_type=GTG;rbs_motif=GGAG/GAGG;rbs_spacer=5-10bp;genetic_code=11;gc_cont=0.646	GENOMAD.147640.CP	1.185E-15	83	0
JBJGKY010000007.1_86 # 115230 # 115997 # -1 # ID=7_86;partial=00;start_type=ATG;rbs_motif=AGGAG;rbs_spacer=5-10bp;genetic_code=11;gc_cont=0.445	GENOMAD.113335.PC	7.465E-130	411	0
JBJGKY010000007.1_118 # 153849 # 155351 # -1 # ID=7_118;partial=00;start_type=GTG;rbs_motif=GGA/GAG/AGG;rbs_spacer=5-10bp;genetic_code=11;gc_cont=0.616	GENOMAD.109407.CP	1.204E-11	70	0
JBJGKY010000047.1_21 # 15974 # 16570 # 1 # ID=47_21;partial=00;start_type=ATG;rbs_motif=GGA/GAG/AGG;rbs_spacer=5-10bp;genetic_code=11;gc_cont=0.581	GENOMAD.130054.PC	4.733E-10	61	0
JBJGKY010000049.1_7 # 5413 # 6009 # 1 # ID=49_7;partial=00;start_type=ATG;rbs_motif=None;rbs_spacer=None;genetic_code=11;gc_cont=0.648	GENOMAD.000566.CC	7.523E-31	122	0
JBJGKY010000051.1_5 # 2815 # 3045 # 1 # ID=51_5;partial=00;start_type=ATG;rbs_motif=GGAG/GAGG;rbs_spacer=5-10bp;genetic_code=11;gc_cont=0.636	GENOMAD.056550.PP	8.973E-33	121	0
JBJGKY010000053.1_7 # 6145 # 7281 # 1 # ID=53_7;partial=00;start_type=ATG;rbs_motif=GGA/GAG/AGG;rbs_spacer=5-10bp;genetic_code=11;gc_cont=0.564	GENOMAD.022765.PP	8.562E-216	666	0
JBJGKY010000058.1_6 # 3761 # 4177 # -1 # ID=58_6;partial=00;start_type=ATG;rbs_motif=GGA/GAG/AGG;rbs_spacer=5-10bp;genetic_code=11;gc_cont=0.674	GENOMAD.161255.CP	2.336E-68	227	0
JBJGKY010000061.1_4 # 2501 # 3169 # 1 # ID=61_4;partial=00;start_type=ATG;rbs_motif=GGAG/GAGG;rbs_spacer=5-10bp;genetic_code=11;gc_cont=0.650	GENOMAD.126973.CP	6.458E-34	132	0
JBJGKY010000069.1_2 # 893 # 1186 # -1 # ID=69_2;partial=00;start_type=ATG;rbs_motif=GGAGG;rbs_spacer=5-10bp;genetic_code=11;gc_cont=0.616	GENOMAD.112987.VV	9.101E-04	39	1246
JBJGKY010000005.1_170 # 211379 # 212446 # -1 # ID=5_170;partial=00;start_type=GTG;rbs_motif=GGAG/GAGG;rbs_spacer=5-10bp;genetic_code=11;gc_cont=0.682	GENOMAD.105361.CP	1.229E-12	72	0
JBJGKY010000006.1_21 # 23241 # 23612 # 1 # ID=6_21;partial=00;start_type=ATG;rbs_motif=AGGAG;rbs_spacer=5-10bp;genetic_code=11;gc_cont=0.626	GENOMAD.146485.CP	4.810E-21	90	0
JBJGKY010000006.1_53 # 62388 # 63860 # -1 # ID=6_53;partial=00;start_type=ATG;rbs_motif=AGGAG;rbs_spacer=5-10bp;genetic_code=11;gc_cont=0.654	GENOMAD.168696.PC	4.726E-07	55	0
JBJGKY010000007.1_15 # 29477 # 29773 # -1 # ID=7_15;partial=00;start_type=ATG;rbs_motif=GGAG/GAGG;rbs_spacer=5-10bp;genetic_code=11;gc_cont=0.643	GENOMAD.029425.CC	7.774E-06	45	0
JBJGKY010000007.1_47 # 66921 # 67769 # -1 # ID=7_47;partial=00;start_type=ATG;rbs_motif=None;rbs_spacer=None;genetic_code=11;gc_cont=0.663	GENOMAD.154597.PC	6.591E-07	53	0
JBJGKY010000012.1_41 # 60319 # 61302 # -1 # ID=12_41;partial=00;start_type=ATG;rbs_motif=None;rbs_spacer=None;genetic_code=11;gc_cont=0.625	GENOMAD.137621.VC	1.917E-06	52	1246
JBJGKY010000012.1_73 # 99224 # 99745 # 1 # ID=12_73;partial=00;start_type=ATG;rbs_motif=GGAG/GAGG;rbs_spacer=5-10bp;genetic_code=11;gc_cont=0.659	GENOMAD.073523.CV	1.018E-34	132	0
JBJGKY010000013.1_6 # 10564 # 11577 # 1 # ID=13_6;partial=00;start_type=ATG;rbs_motif=GGAG/GAGG;rbs_spacer=5-10bp;genetic_code=11;gc_cont=0.651	GENOMAD.071960.CP	4.058E-21	98	0
JBJGKY010000013.1_70 # 82866 # 83720 # -1 # ID=13_70;partial=00;start_type=ATG;rbs_motif=None;rbs_spacer=None;genetic_code=11;gc_cont=0.639	GENOMAD.111713.CP	5.257E-31	126	0
JBJGKY010000014.1_7 # 5944 # 6588 # 1 # ID=14_7;partial=00;start_type=ATG;rbs_motif=GGA/GAG/AGG;rbs_spacer=5-10bp;genetic_code=11;gc_cont=0.693	GENOMAD.148229.CP	6.469E-30	120	0
JBJGKY010000014.1_71 # 88090 # 98283 # 1 # ID=14_71;partial=00;start_type=ATG;rbs_motif=GGA/GAG/AGG;rbs_spacer=5-10bp;genetic_code=11;gc_cont=0.661	GENOMAD.179736.PC	1.146E-31	140	0
JBJGKY010000021.1_54 # 70234 # 70722 # -1 # ID=21_54;partial=00;start_type=ATG;rbs_motif=GGA/GAG/AGG;rbs_spacer=5-10bp;genetic_code=11;gc_cont=0.667	GENOMAD.130541.CP	2.930E-26	107	0
JBJGKY010000022.1_33 # 42461 # 43879 # 1 # ID=22_33;partial=00;start_type=ATG;rbs_motif=None;rbs_spacer=None;genetic_code=11;gc_cont=0.656	GENOMAD.160785.CP	3.765E-114	377	0
JBJGKY010000022.1_65 # 83705 # 84613 # 1 # ID=22_65;partial=00;start_type=ATG;rbs_motif=GGAG/GAGG;rbs_spacer=5-10bp;genetic_code=11;gc_cont=0.690	GENOMAD.142547.CP	4.531E-24	106	0
JBJGKY010000023.1_22 # 22805 # 23893 # -1 # ID=23_22;partial=00;start_type=ATG;rbs_motif=GGAG/GAGG;rbs_spacer=5-10bp;genetic_code=11;gc_cont=0.661	GENOMAD.126777.CP	7.470E-26	113	0
JBJGKY010000023.1_54 # 60644 # 61465 # -1 # ID=23_54;partial=00;start_type=ATG;rbs_motif=GGAG/GAGG;rbs_spacer=5-10bp;genetic_code=11;gc_cont=0.600	GENOMAD.126338.CP	1.103E-71	244	0
JBJGKY010000023.1_86 # 96073 # 96408 # 1 # ID=23_86;partial=00;start_type=ATG;rbs_motif=AGGAG;rbs_spacer=5-10bp;genetic_code=11;gc_cont=0.577	GENOMAD.207255.PC	5.197E-39	141	0
JBJGKY010000024.1_29 # 28833 # 29747 # -1 # ID=24_29;partial=00;start_type=ATG;rbs_motif=GGA/GAG/AGG;rbs_spacer=5-10bp;genetic_code=11;gc_cont=0.667	GENOMAD.137507.CV	3.791E-49	180	0
JBJGKY010000049.1_14 # 13921 # 14538 # -1 # ID=49_14;partial=00;start_type=ATG;rbs_motif=GGA/GAG/AGG;rbs_spacer=5-10bp;genetic_code=11;gc_cont=0.672	GENOMAD.146405.CP	2.342E-39	147	0
JBJGKY010000002.1_54 # 61091 # 61432 # -1 # ID=2_54;partial=00;start_type=GTG;rbs_motif=AGGAG;rbs_spacer=5-10bp;genetic_code=11;gc_cont=0.629	GENOMAD.170721.VV	1.308E-05	45	1246
JBJGKY010000002.1_86 # 96500 # 98221 # 1 # ID=2_86;partial=00;start_type=ATG;rbs_motif=None;rbs_spacer=None;genetic_code=11;gc_cont=0.675	GENOMAD.133902.CP	1.438E-136	447	0
JBJGKY010000002.1_118 # 126429 # 126800 # 1 # ID=2_118;partial=00;start_type=ATG;rbs_motif=GGA/GAG/AGG;rbs_spacer=5-10bp;genetic_code=11;gc_cont=0.675	GENOMAD.196044.PC	4.896E-29	113	0
JBJGKY010000002.1_246 # 263022 # 263495 # 1 # ID=2_246;partial=00;start_type=ATG;rbs_motif=AGGAGG;rbs_spacer=3-4bp;genetic_code=11;gc_cont=0.643	GENOMAD.182887.VC	5.849E-76	250	0
JBJGKY010000003.1_15 # 14422 # 14694 # 1 # ID=3_15;partial=00;start_type=ATG;rbs_motif=None;rbs_spacer=None;genetic_code=11;gc_cont=0.619	GENOMAD.172052.CP	1.033E-07	50	0
JBJGKY010000040.1_19 # 14256 # 14474 # 1 # ID=40_19;partial=00;start_type=ATG;rbs_motif=GGAG/GAGG;rbs_spacer=5-10bp;genetic_code=11;gc_cont=0.603	GENOMAD.128941.PC	2.260E-29	111	0
JBJGKY010000018.1_95 # 102380 # 103099 # -1 # ID=18_95;partial=00;start_type=ATG;rbs_motif=GGAG/GAGG;rbs_spacer=5-10bp;genetic_code=11;gc_cont=0.646	GENOMAD.136799.CP	3.157E-04	44	0
JBJGKY010000019.1_61 # 72128 # 73180 # 1 # ID=19_61;partial=00;start_type=ATG;rbs_motif=GGA/GAG/AGG;rbs_spacer=5-10bp;genetic_code=11;gc_cont=0.612	GENOMAD.183623.VC	6.946E-15	79	0
JBJGKY010000020.1_36 # 53846 # 55366 # 1 # ID=20_36;partial=00;start_type=ATG;rbs_motif=GGA/GAG/AGG;rbs_spacer=5-10bp;genetic_code=11;gc_cont=0.632	GENOMAD.159857.CP	3.422E-05	49	0
JBJGKY010000025.1_83 # 83759 # 85447 # 1 # ID=25_83;partial=00;start_type=ATG;rbs_motif=None;rbs_spacer=None;genetic_code=11;gc_cont=0.693	GENOMAD.120548.CP	1.016E-270	835	0
JBJGKY010000026.1_25 # 42807 # 44036 # 1 # ID=26_25;partial=00;start_type=ATG;rbs_motif=GGAG/GAGG;rbs_spacer=5-10bp;genetic_code=11;gc_cont=0.654	GENOMAD.124229.CP	2.310E-37	149	0
JBJGKY010000028.1_15 # 15423 # 16607 # 1 # ID=28_15;partial=00;start_type=ATG;rbs_motif=AGGAG;rbs_spacer=5-10bp;genetic_code=11;gc_cont=0.660	GENOMAD.178036.PC	7.647E-36	144	0
JBJGKY010000029.1_32 # 41872 # 43473 # -1 # ID=29_32;partial=00;start_type=ATG;rbs_motif=None;rbs_spacer=None;genetic_code=11;gc_cont=0.680	GENOMAD.178594.CP	8.017E-100	338	0
JBJGKY010000021.1_15 # 18230 # 19597 # -1 # ID=21_15;partial=00;start_type=TTG;rbs_motif=GGAG/GAGG;rbs_spacer=5-10bp;genetic_code=11;gc_cont=0.650	GENOMAD.001794.CC	3.030E-25	113	0
JBJGKY010000021.1_47 # 59290 # 60171 # 1 # ID=21_47;partial=00;start_type=ATG;rbs_motif=None;rbs_spacer=None;genetic_code=11;gc_cont=0.673	GENOMAD.162404.CP	5.743E-80	269	0
JBJGKY010000023.1_15 # 17560 # 17808 # -1 # ID=23_15;partial=00;start_type=ATG;rbs_motif=GGAG/GAGG;rbs_spacer=5-10bp;genetic_code=11;gc_cont=0.610	GENOMAD.002160.CC	5.261E-11	59	0
JBJGKY010000023.1_47 # 54858 # 55055 # -1 # ID=23_47;partial=00;start_type=ATG;rbs_motif=AGGAG;rbs_spacer=5-10bp;genetic_code=11;gc_cont=0.611	GENOMAD.016611.CC	2.234E-05	42	0
JBJGKY010000038.1_22 # 22809 # 25805 # 1 # ID=38_22;partial=00;start_type=ATG;rbs_motif=GGA/GAG/AGG;rbs_spacer=11-12bp;genetic_code=11;gc_cont=0.603	GENOMAD.117295.PC	6.724E-04	46	0
JBJGKY010000040.1_27 # 21266 # 21559 # -1 # ID=40_27;partial=00;start_type=ATG;rbs_motif=AGGAG;rbs_spacer=5-10bp;genetic_code=11;gc_cont=0.646	GENOMAD.067965.PP	2.227E-10	58	0
JBJGKY010000042.1_5 # 9784 # 10398 # 1 # ID=42_5;partial=00;start_type=ATG;rbs_motif=AGGA;rbs_spacer=5-10bp;genetic_code=11;gc_cont=0.688	GENOMAD.181672.CP	3.955E-20	91	0
JBJGKY010000043.1_20 # 12359 # 13840 # -1 # ID=43_20;partial=00;start_type=ATG;rbs_motif=AGGAG;rbs_spacer=5-10bp;genetic_code=11;gc_cont=0.634	GENOMAD.116928.PC	3.526E-30	129	0
JBJGKY010000044.1_22 # 22496 # 23008 # 1 # ID=44_22;partial=00;start_type=GTG;rbs_motif=None;rbs_spacer=None;genetic_code=11;gc_cont=0.725	GENOMAD.214208.CP	5.686E-06	48	0
JBJGKY010000011.1_80 # 80692 # 81435 # -1 # ID=11_80;partial=00;start_type=ATG;rbs_motif=None;rbs_spacer=None;genetic_code=11;gc_cont=0.664	GENOMAD.000748.CC	1.572E-44	164	0
JBJGKY010000012.1_50 # 70393 # 70833 # 1 # ID=12_50;partial=00;start_type=ATG;rbs_motif=None;rbs_spacer=None;genetic_code=11;gc_cont=0.669	GENOMAD.159368.VC	2.899E-19	86	6467
JBJGKY010000014.1_16 # 18265 # 18879 # -1 # ID=14_16;partial=00;start_type=ATG;rbs_motif=GGAG/GAGG;rbs_spacer=5-10bp;genetic_code=11;gc_cont=0.686	GENOMAD.003398.CC	9.561E-18	84	0
JBJGKY010000017.1_71 # 84185 # 84889 # 1 # ID=17_71;partial=00;start_type=ATG;rbs_motif=GGAG/GAGG;rbs_spacer=5-10bp;genetic_code=11;gc_cont=0.678	GENOMAD.209966.CP	2.493E-52	186	0
JBJGKY010000019.1_86 # 101516 # 101974 # 1 # ID=19_86;partial=00;start_type=ATG;rbs_motif=AGGAG;rbs_spacer=5-10bp;genetic_code=11;gc_cont=0.606	GENOMAD.118450.CP	1.665E-07	52	0
JBJGKY010000020.1_29 # 42936 # 44003 # 1 # ID=20_29;partial=00;start_type=ATG;rbs_motif=GGxGG;rbs_spacer=5-10bp;genetic_code=11;gc_cont=0.531	GENOMAD.051447.PP	6.292E-08	57	0
JBJGKY010000020.1_61 # 80121 # 81596 # 1 # ID=20_61;partial=00;start_type=TTG;rbs_motif=AGGA;rbs_spacer=5-10bp;genetic_code=11;gc_cont=0.657	GENOMAD.114697.CP	1.699E-23	108	0
JBJGKY010000022.1_55 # 72418 # 74613 # -1 # ID=22_55;partial=00;start_type=ATG;rbs_motif=GGA/GAG/AGG;rbs_spacer=5-10bp;genetic_code=11;gc_cont=0.649	GENOMAD.181541.CP	5.415E-19	95	0
JBJGKY010000010.1_25 # 33274 # 34218 # -1 # ID=10_25;partial=00;start_type=ATG;rbs_motif=GGAGG;rbs_spacer=5-10bp;genetic_code=11;gc_cont=0.637	GENOMAD.159975.CP	1.411E-88	295	0
JBJGKY010000011.1_20 # 22444 # 23271 # 1 # ID=11_20;partial=00;start_type=ATG;rbs_motif=GGAG/GAGG;rbs_spacer=5-10bp;genetic_code=11;gc_cont=0.644	GENOMAD.058738.CV	1.958E-65	226	0
JBJGKY010000001.1_30 # 33975 # 34643 # 1 # ID=1_30;partial=00;start_type=ATG;rbs_motif=None;rbs_spacer=None;genetic_code=11;gc_cont=0.667	GENOMAD.195322.CP	1.860E-120	382	0
JBJGKY010000057.1_8 # 5000 # 6925 # 1 # ID=57_8;partial=00;start_type=ATG;rbs_motif=GGAG/GAGG;rbs_spacer=5-10bp;genetic_code=11;gc_cont=0.681	GENOMAD.124001.CP	9.799E-256	796	0
JBJGKY010000001.1_58 # 65854 # 67056 # 1 # ID=1_58;partial=00;start_type=ATG;rbs_motif=GGAG/GAGG;rbs_spacer=5-10bp;genetic_code=11;gc_cont=0.633	GENOMAD.047390.PP	1.848E-33	137	0
JBJGKY010000001.1_90 # 103651 # 104379 # 1 # ID=1_90;partial=00;start_type=ATG;rbs_motif=GGA/GAG/AGG;rbs_spacer=5-10bp;genetic_code=11;gc_cont=0.678	GENOMAD.147380.CP	1.409E-43	161	0
JBJGKY010000005.1_108 # 125598 # 126917 # -1 # ID=5_108;partial=00;start_type=ATG;rbs_motif=GGAG/GAGG;rbs_spacer=5-10bp;genetic_code=11;gc_cont=0.667	GENOMAD.158964.CP	9.083E-117	383	0
JBJGKY010000006.1_55 # 66162 # 66929 # -1 # ID=6_55;partial=00;start_type=GTG;rbs_motif=None;rbs_spacer=None;genetic_code=11;gc_cont=0.648	GENOMAD.152447.CP	6.235E-10	62	0
JBJGKY010000006.1_87 # 98068 # 100116 # 1 # ID=6_87;partial=00;start_type=ATG;rbs_motif=GGA/GAG/AGG;rbs_spacer=5-10bp;genetic_code=11;gc_cont=0.658	GENOMAD.152605.CP	1.006E-41	168	0
JBJGKY010000007.1_124 # 160088 # 162322 # -1 # ID=7_124;partial=00;start_type=ATG;rbs_motif=GGAG/GAGG;rbs_spacer=5-10bp;genetic_code=11;gc_cont=0.655	GENOMAD.115103.CP	1.037E-25	117	0
JBJGKY010000013.1_74 # 87888 # 88673 # -1 # ID=13_74;partial=00;start_type=ATG;rbs_motif=None;rbs_spacer=None;genetic_code=11;gc_cont=0.646	GENOMAD.152421.CP	5.832E-127	403	0
JBJGKY010000023.1_59 # 66368 # 66850 # -1 # ID=23_59;partial=00;start_type=ATG;rbs_motif=None;rbs_spacer=None;genetic_code=11;gc_cont=0.692	GENOMAD.130078.CP	4.559E-06	48	0
JBJGKY010000019.1_68 # 82079 # 82603 # 1 # ID=19_68;partial=00;start_type=ATG;rbs_motif=AGGA;rbs_spacer=5-10bp;genetic_code=11;gc_cont=0.638	GENOMAD.171641.PC	1.258E-92	299	0
JBJGKY010000020.1_43 # 61989 # 62408 # -1 # ID=20_43;partial=00;start_type=ATG;rbs_motif=GGAG/GAGG;rbs_spacer=5-10bp;genetic_code=11;gc_cont=0.610	GENOMAD.138410.CP	1.001E-19	87	0
JBJGKY010000020.1_75 # 97310 # 98104 # 1 # ID=20_75;partial=00;start_type=GTG;rbs_motif=AGGA;rbs_spacer=5-10bp;genetic_code=11;gc_cont=0.541	GENOMAD.003941.CC	1.710E-107	347	0
JBJGKY010000021.1_26 # 36826 # 38742 # -1 # ID=21_26;partial=00;start_type=ATG;rbs_motif=GGAG/GAGG;rbs_spacer=5-10bp;genetic_code=11;gc_cont=0.667	GENOMAD.145791.CP	6.472E-137	451	0
JBJGKY010000022.1_5 # 4835 # 5968 # -1 # ID=22_5;partial=00;start_type=ATG;rbs_motif=GGAGG;rbs_spacer=5-10bp;genetic_code=11;gc_cont=0.645	GENOMAD.181208.CP	9.802E-43	164	0
JBJGKY010000008.1_133 # 154377 # 156125 # 1 # ID=8_133;partial=00;start_type=ATG;rbs_motif=None;rbs_spacer=None;genetic_code=11;gc_cont=0.676	GENOMAD.177921.CP	6.147E-07	55	0
JBJGKY010000003.1_85 # 96855 # 97418 # 1 # ID=3_85;partial=00;start_type=ATG;rbs_motif=AGGA;rbs_spacer=5-10bp;genetic_code=11;gc_cont=0.647	GENOMAD.148234.CP	3.600E-35	134	0
JBJGKY010000004.1_134 # 148926 # 150344 # -1 # ID=4_134;partial=00;start_type=ATG;rbs_motif=AGGA;rbs_spacer=5-10bp;genetic_code=11;gc_cont=0.667	GENOMAD.213001.PC	6.443E-213	663	0
JBJGKY010000002.1_90 # 101903 # 103408 # -1 # ID=2_90;partial=00;start_type=ATG;rbs_motif=None;rbs_spacer=None;genetic_code=11;gc_cont=0.671	GENOMAD.154528.CP	9.529E-259	797	0
JBJGKY010000004.1_178 # 201000 # 201407 # 1 # ID=4_178;partial=00;start_type=ATG;rbs_motif=None;rbs_spacer=None;genetic_code=11;gc_cont=0.723	GENOMAD.083954.CP	1.332E-14	72	0
JBJGKY010000005.1_36 # 47849 # 48118 # 1 # ID=5_36;partial=00;start_type=GTG;rbs_motif=AGGA;rbs_spacer=5-10bp;genetic_code=11;gc_cont=0.626	GENOMAD.000079.CC	2.303E-14	69	0
JBJGKY010000005.1_68 # 75093 # 75584 # 1 # ID=5_68;partial=00;start_type=GTG;rbs_motif=GGA/GAG/AGG;rbs_spacer=5-10bp;genetic_code=11;gc_cont=0.673	GENOMAD.020187.CC	1.173E-79	261	0
JBJGKY010000005.1_100 # 120334 # 121752 # -1 # ID=5_100;partial=00;start_type=ATG;rbs_motif=GGAG/GAGG;rbs_spacer=5-10bp;genetic_code=11;gc_cont=0.695	GENOMAD.154735.PC	1.753E-58	214	0
JBJGKY010000031.1_12 # 18175 # 18720 # 1 # ID=31_12;partial=00;start_type=ATG;rbs_motif=GGA/GAG/AGG;rbs_spacer=5-10bp;genetic_code=11;gc_cont=0.656	GENOMAD.123377.CP	3.373E-33	128	0
JBJGKY010000031.1_44 # 57905 # 59629 # -1 # ID=31_44;partial=00;start_type=ATG;rbs_motif=GGA/GAG/AGG;rbs_spacer=5-10bp;genetic_code=11;gc_cont=0.663	GENOMAD.074816.CV	6.820E-45	176	0
JBJGKY010000032.1_22 # 27780 # 28793 # -1 # ID=32_22;partial=00;start_type=ATG;rbs_motif=GGA/GAG/AGG;rbs_spacer=5-10bp;genetic_code=11;gc_cont=0.643	GENOMAD.158788.CP	3.117E-09	61	0
JBJGKY010000032.1_54 # 61053 # 62258 # -1 # ID=32_54;partial=00;start_type=ATG;rbs_motif=None;rbs_spacer=None;genetic_code=11;gc_cont=0.640	GENOMAD.130369.CP	9.562E-61	218	0
JBJGKY010000034.1_4 # 2618 # 3622 # -1 # ID=34_4;partial=00;start_type=ATG;rbs_motif=GGAG/GAGG;rbs_spacer=5-10bp;genetic_code=11;gc_cont=0.678	GENOMAD.133049.CP	1.011E-61	218	0
JBJGKY010000027.1_20 # 29605 # 30354 # -1 # ID=27_20;partial=00;start_type=ATG;rbs_motif=GGA/GAG/AGG;rbs_spacer=11-12bp;genetic_code=11;gc_cont=0.687	GENOMAD.124271.CP	3.042E-17	84	0
JBJGKY010000027.1_52 # 67098 # 67265 # 1 # ID=27_52;partial=00;start_type=ATG;rbs_motif=AGGAG;rbs_spacer=5-10bp;genetic_code=11;gc_cont=0.506	GENOMAD.118800.CV	1.384E-05	42	0
JBJGKY010000028.1_76 # 77024 # 78847 # 1 # ID=28_76;partial=00;start_type=ATG;rbs_motif=GGAG/GAGG;rbs_spacer=5-10bp;genetic_code=11;gc_cont=0.641	GENOMAD.181251.PC	1.515E-18	93	0
JBJGKY010000008.1_120 # 136904 # 138466 # -1 # ID=8_120;partial=00;start_type=GTG;rbs_motif=AGxAGG/AGGxGG;rbs_spacer=3-4bp;genetic_code=11;gc_cont=0.673	GENOMAD.178996.PC	9.079E-23	106	0
JBJGKY010000003.1_87 # 98144 # 98383 # -1 # ID=3_87;partial=00;start_type=ATG;rbs_motif=GGA/GAG/AGG;rbs_spacer=5-10bp;genetic_code=11;gc_cont=0.675	GENOMAD.105945.CV	5.854E-16	73	0
JBJGKY010000003.1_119 # 136077 # 137093 # -1 # ID=3_119;partial=00;start_type=GTG;rbs_motif=AGGAG;rbs_spacer=5-10bp;genetic_code=11;gc_cont=0.667	GENOMAD.142642.CP	1.634E-98	325	0
JBJGKY010000003.1_151 # 189096 # 189815 # -1 # ID=3_151;partial=00;start_type=ATG;rbs_motif=None;rbs_spacer=None;genetic_code=11;gc_cont=0.699	GENOMAD.034878.CC	2.181E-56	198	0
JBJGKY010000004.1_8 # 6878 # 7474 # -1 # ID=4_8;partial=00;start_type=ATG;rbs_motif=GGAG/GAGG;rbs_spacer=5-10bp;genetic_code=11;gc_cont=0.640	GENOMAD.047461.CC	2.036E-05	47	0
JBJGKY010000004.1_40 # 41044 # 41652 # 1 # ID=4_40;partial=00;start_type=ATG;rbs_motif=None;rbs_spacer=None;genetic_code=11;gc_cont=0.683	GENOMAD.129102.CP	4.960E-13	70	0
JBJGKY010000004.1_163 # 184681 # 185067 # 1 # ID=4_163;partial=00;start_type=ATG;rbs_motif=GGAG/GAGG;rbs_spacer=5-10bp;genetic_code=11;gc_cont=0.610	GENOMAD.111281.CP	5.370E-22	93	0
JBJGKY010000004.1_195 # 223956 # 225422 # 1 # ID=4_195;partial=00;start_type=ATG;rbs_motif=GGA/GAG/AGG;rbs_spacer=5-10bp;genetic_code=11;gc_cont=0.643	GENOMAD.137825.CP	7.912E-06	51	0
JBJGKY010000005.1_149 # 180091 # 180990 # -1 # ID=5_149;partial=00;start_type=ATG;rbs_motif=GGAG/GAGG;rbs_spacer=5-10bp;genetic_code=11;gc_cont=0.677	GENOMAD.092059.VV	2.931E-12	70	1246
JBJGKY010000005.1_181 # 220862 # 221176 # -1 # ID=5_181;partial=01;start_type=Edge;rbs_motif=None;rbs_spacer=None;genetic_code=11;gc_cont=0.594	GENOMAD.177338.PC	2.142E-05	44	0
JBJGKY010000040.1_9 # 6477 # 7343 # 1 # ID=40_9;partial=00;start_type=ATG;rbs_motif=GGA/GAG/AGG;rbs_spacer=5-10bp;genetic_code=11;gc_cont=0.529	GENOMAD.117368.PC	5.855E-149	468	0
JBJGKY010000009.1_97 # 109142 # 110113 # -1 # ID=9_97;partial=00;start_type=ATG;rbs_motif=GGA/GAG/AGG;rbs_spacer=5-10bp;genetic_code=11;gc_cont=0.633	GENOMAD.101229.CV	1.387E-04	46	0
JBJGKY010000009.1_129 # 146606 # 147658 # -1 # ID=9_129;partial=00;start_type=ATG;rbs_motif=GGA/GAG/AGG;rbs_spacer=5-10bp;genetic_code=11;gc_cont=0.685	GENOMAD.093762.CV	7.508E-85	286	1246
JBJGKY010000011.1_17 # 20869 # 21519 # 1 # ID=11_17;partial=00;start_type=ATG;rbs_motif=GGAG/GAGG;rbs_spacer=5-10bp;genetic_code=11;gc_cont=0.630	GENOMAD.057410.CP	8.978E-26	108	0
JBJGKY010000011.1_49 # 43220 # 43690 # -1 # ID=11_49;partial=00;start_type=GTG;rbs_motif=GGA/GAG/AGG;rbs_spacer=5-10bp;genetic_code=11;gc_cont=0.669	GENOMAD.207570.CP	1.046E-26	108	0
JBJGKY010000011.1_81 # 81951 # 82493 # -1 # ID=11_81;partial=00;start_type=ATG;rbs_motif=GGxGG;rbs_spacer=3-4bp;genetic_code=11;gc_cont=0.659	GENOMAD.142094.CP	6.730E-10	60	0
JBJGKY010000026.1_5 # 17686 # 18483 # -1 # ID=26_5;partial=00;start_type=ATG;rbs_motif=GGA/GAG/AGG;rbs_spacer=5-10bp;genetic_code=11;gc_cont=0.668	GENOMAD.146337.PC	1.671E-41	156	0
JBJGKY010000037.1_23 # 34029 # 34229 # -1 # ID=37_23;partial=00;start_type=ATG;rbs_motif=None;rbs_spacer=None;genetic_code=11;gc_cont=0.637	GENOMAD.105856.CP	9.956E-13	63	0
JBJGKY010000038.1_28 # 29921 # 30571 # 1 # ID=38_28;partial=00;start_type=ATG;rbs_motif=GGAG/GAGG;rbs_spacer=5-10bp;genetic_code=11;gc_cont=0.644	GENOMAD.120574.PP	2.716E-113	361	0
JBJGKY010000016.1_80 # 98854 # 99396 # -1 # ID=16_80;partial=00;start_type=ATG;rbs_motif=GGA/GAG/AGG;rbs_spacer=5-10bp;genetic_code=11;gc_cont=0.683	GENOMAD.111615.CP	8.698E-40	147	0
JBJGKY010000017.1_80 # 91198 # 91629 # -1 # ID=17_80;partial=00;start_type=ATG;rbs_motif=GGA/GAG/AGG;rbs_spacer=5-10bp;genetic_code=11;gc_cont=0.676	GENOMAD.133547.CP	1.233E-77	254	0
JBJGKY010000010.1_67 # 89168 # 90484 # 1 # ID=10_67;partial=00;start_type=ATG;rbs_motif=None;rbs_spacer=None;genetic_code=11;gc_cont=0.663	GENOMAD.043073.CC	2.296E-04	46	0
JBJGKY010000011.1_30 # 26821 # 27126 # 1 # ID=11_30;partial=00;start_type=ATG;rbs_motif=GGAG/GAGG;rbs_spacer=5-10bp;genetic_code=11;gc_cont=0.601	GENOMAD.119080.CP	5.130E-19	83	0
JBJGKY010000011.1_94 # 98854 # 99480 # 1 # ID=11_94;partial=00;start_type=ATG;rbs_motif=GGA/GAG/AGG;rbs_spacer=5-10bp;genetic_code=11;gc_cont=0.627	GENOMAD.092312.VV	1.055E-04	45	1246
JBJGKY010000023.1_69 # 75358 # 75780 # -1 # ID=23_69;partial=00;start_type=ATG;rbs_motif=None;rbs_spacer=None;genetic_code=11;gc_cont=0.634	GENOMAD.167287.CP	2.754E-06	48	0
JBJGKY010000007.1_49 # 68968 # 69984 # -1 # ID=7_49;partial=00;start_type=ATG;rbs_motif=AGxAGG/AGGxGG;rbs_spacer=5-10bp;genetic_code=11;gc_cont=0.661	GENOMAD.208532.CP	1.478E-145	461	0
JBJGKY010000007.1_81 # 111358 # 111627 # -1 # ID=7_81;partial=00;start_type=ATG;rbs_motif=None;rbs_spacer=None;genetic_code=11;gc_cont=0.489	GENOMAD.048140.PP	1.091E-44	156	0
JBJGKY010000007.1_113 # 146424 # 146816 # -1 # ID=7_113;partial=00;start_type=ATG;rbs_motif=GGA/GAG/AGG;rbs_spacer=5-10bp;genetic_code=11;gc_cont=0.651	GENOMAD.097225.CV	1.969E-25	103	1246
JBJGKY010000008.1_34 # 44230 # 45423 # 1 # ID=8_34;partial=00;start_type=ATG;rbs_motif=GGAG/GAGG;rbs_spacer=5-10bp;genetic_code=11;gc_cont=0.655	GENOMAD.105317.CP	7.484E-44	168	0
JBJGKY010000008.1_66 # 84170 # 84898 # 1 # ID=8_66;partial=00;start_type=ATG;rbs_motif=GGA/GAG/AGG;rbs_spacer=5-10bp;genetic_code=11;gc_cont=0.719	GENOMAD.146670.CP	1.042E-22	100	0
JBJGKY010000006.1_118 # 135243 # 136190 # 1 # ID=6_118;partial=00;start_type=ATG;rbs_motif=None;rbs_spacer=None;genetic_code=11;gc_cont=0.684	GENOMAD.133558.CP	4.761E-08	57	0
JBJGKY010000006.1_150 # 180939 # 181184 # 1 # ID=6_150;partial=00;start_type=ATG;rbs_motif=None;rbs_spacer=None;genetic_code=11;gc_cont=0.614	GENOMAD.197521.CP	4.478E-05	42	0
JBJGKY010000007.1_16 # 29864 # 31495 # -1 # ID=7_16;partial=00;start_type=ATG;rbs_motif=GGAGG;rbs_spacer=5-10bp;genetic_code=11;gc_cont=0.655	GENOMAD.208849.PC	6.399E-96	327	0
JBJGKY010000007.1_80 # 108807 # 111260 # -1 # ID=7_80;partial=00;start_type=ATG;rbs_motif=None;rbs_spacer=None;genetic_code=11;gc_cont=0.469	GENOMAD.108687.PC	2.421E-108	374	0
JBJGKY010000007.1_112 # 145418 # 146344 # -1 # ID=7_112;partial=00;start_type=TTG;rbs_motif=GGA/GAG/AGG;rbs_spacer=5-10bp;genetic_code=11;gc_cont=0.659	GENOMAD.036810.CC	2.715E-10	64	0
JBJGKY010000008.1_65 # 83094 # 84173 # 1 # ID=8_65;partial=00;start_type=ATG;rbs_motif=None;rbs_spacer=None;genetic_code=11;gc_cont=0.708	GENOMAD.104118.CP	7.476E-09	60	0
JBJGKY010000009.1_58 # 63818 # 64324 # -1 # ID=9_58;partial=00;start_type=ATG;rbs_motif=None;rbs_spacer=None;genetic_code=11;gc_cont=0.696	GENOMAD.132266.CP	1.176E-05	47	0
JBJGKY010000013.1_45 # 49032 # 49748 # 1 # ID=13_45;partial=00;start_type=ATG;rbs_motif=None;rbs_spacer=None;genetic_code=11;gc_cont=0.682	GENOMAD.100682.CP	1.113E-15	79	0
JBJGKY010000013.1_77 # 95284 # 97545 # -1 # ID=13_77;partial=00;start_type=ATG;rbs_motif=GGA/GAG/AGG;rbs_spacer=5-10bp;genetic_code=11;gc_cont=0.641	GENOMAD.146534.CP	1.181E-04	48	0
JBJGKY010000014.1_46 # 58598 # 59176 # 1 # ID=14_46;partial=00;start_type=ATG;rbs_motif=GGAG/GAGG;rbs_spacer=5-10bp;genetic_code=11;gc_cont=0.610	GENOMAD.212919.PC	1.696E-14	74	0
JBJGKY010000015.1_15 # 21933 # 22829 # 1 # ID=15_15;partial=00;start_type=ATG;rbs_motif=GGA/GAG/AGG;rbs_spacer=11-12bp;genetic_code=11;gc_cont=0.717	GENOMAD.006189.CC	3.681E-124	397	0
JBJGKY010000001.1_210 # 246905 # 247471 # 1 # ID=1_210;partial=00;start_type=ATG;rbs_motif=AGGAG;rbs_spacer=5-10bp;genetic_code=11;gc_cont=0.679	GENOMAD.169876.CP	8.279E-08	54	0
JBJGKY010000001.1_242 # 281655 # 282128 # 1 # ID=1_242;partial=00;start_type=ATG;rbs_motif=None;rbs_spacer=None;genetic_code=11;gc_cont=0.641	GENOMAD.172157.CP	9.113E-88	284	0
JBJGKY010000001.1_274 # 319242 # 320372 # -1 # ID=1_274;partial=00;start_type=ATG;rbs_motif=GGA/GAG/AGG;rbs_spacer=5-10bp;genetic_code=11;gc_cont=0.698	GENOMAD.178415.CP	1.488E-51	190	0
JBJGKY010000002.1_26 # 27343 # 28659 # -1 # ID=2_26;partial=00;start_type=ATG;rbs_motif=GGAG/GAGG;rbs_spacer=5-10bp;genetic_code=11;gc_cont=0.658	GENOMAD.153517.CP	4.656E-04	45	0
JBJGKY010000002.1_119 # 126868 # 127152 # -1 # ID=2_119;partial=00;start_type=ATG;rbs_motif=GGAGG;rbs_spacer=5-10bp;genetic_code=11;gc_cont=0.639	GENOMAD.170118.CP	2.462E-23	95	0
JBJGKY010000003.1_16 # 14752 # 15771 # 1 # ID=3_16;partial=00;start_type=ATG;rbs_motif=None;rbs_spacer=None;genetic_code=11;gc_cont=0.634	GENOMAD.123224.CV	4.586E-33	134	1246
JBJGKY010000003.1_112 # 129835 # 130527 # -1 # ID=3_112;partial=00;start_type=ATG;rbs_motif=None;rbs_spacer=None;genetic_code=11;gc_cont=0.677	GENOMAD.142316.CP	8.872E-18	85	0
JBJGKY010000001.1_130 # 143308 # 144573 # 1 # ID=1_130;partial=00;start_type=ATG;rbs_motif=GGAG/GAGG;rbs_spacer=5-10bp;genetic_code=11;gc_cont=0.673	GENOMAD.112670.CP	8.050E-24	108	0
JBJGKY010000001.1_258 # 299352 # 299801 # 1 # ID=1_258;partial=00;start_type=ATG;rbs_motif=GGA/GAG/AGG;rbs_spacer=5-10bp;genetic_code=11;gc_cont=0.631	GENOMAD.204499.VV	1.316E-71	237	2773
JBJGKY010000002.1_10 # 9863 # 10438 # 1 # ID=2_10;partial=00;start_type=ATG;rbs_motif=GGA/GAG/AGG;rbs_spacer=11-12bp;genetic_code=11;gc_cont=0.689	GENOMAD.145419.CP	2.090E-95	308	0
JBJGKY010000008.1_48 # 62937 # 65537 # 1 # ID=8_48;partial=00;start_type=ATG;rbs_motif=None;rbs_spacer=None;genetic_code=11;gc_cont=0.666	GENOMAD.137347.CP	1.396E-36	153	0
JBJGKY010000008.1_80 # 96877 # 97350 # -1 # ID=8_80;partial=00;start_type=ATG;rbs_motif=None;rbs_spacer=None;genetic_code=11;gc_cont=0.679	GENOMAD.123979.PP	1.970E-79	260	0
JBJGKY010000009.1_8 # 7038 # 7886 # -1 # ID=9_8;partial=00;start_type=ATG;rbs_motif=None;rbs_spacer=None;genetic_code=11;gc_cont=0.687	GENOMAD.117073.CP	6.168E-18	87	0
JBJGKY010000010.1_29 # 38490 # 39770 # -1 # ID=10_29;partial=00;start_type=ATG;rbs_motif=AGGAG;rbs_spacer=5-10bp;genetic_code=11;gc_cont=0.678	GENOMAD.124521.CP	1.477E-67	239	0
JBJGKY010000010.1_61 # 78884 # 81193 # 1 # ID=10_61;partial=00;start_type=ATG;rbs_motif=None;rbs_spacer=None;genetic_code=11;gc_cont=0.655	GENOMAD.127123.CP	4.914E-04	46	1246
JBJGKY010000018.1_53 # 53435 # 54448 # 1 # ID=18_53;partial=00;start_type=ATG;rbs_motif=AGGAG;rbs_spacer=5-10bp;genetic_code=11;gc_cont=0.700	GENOMAD.145456.CP	2.063E-24	108	0
JBJGKY010000019.1_19 # 21912 # 23852 # -1 # ID=19_19;partial=00;start_type=ATG;rbs_motif=AGGAG;rbs_spacer=5-10bp;genetic_code=11;gc_cont=0.682	GENOMAD.109459.VV	3.537E-07	56	3080
JBJGKY010000019.1_51 # 57950 # 59143 # -1 # ID=19_51;partial=00;start_type=ATG;rbs_motif=GGA/GAG/AGG;rbs_spacer=5-10bp;genetic_code=11;gc_cont=0.659	GENOMAD.138157.CP	1.733E-39	155	0
JBJGKY010000019.1_83 # 97657 # 100110 # 1 # ID=19_83;partial=00;start_type=ATG;rbs_motif=None;rbs_spacer=None;genetic_code=11;gc_cont=0.626	GENOMAD.101044.CP	2.665E-41	168	0
JBJGKY010000030.1_39 # 62558 # 63904 # -1 # ID=30_39;partial=00;start_type=ATG;rbs_motif=None;rbs_spacer=None;genetic_code=11;gc_cont=0.659	GENOMAD.135937.CP	2.375E-04	46	0
JBJGKY010000031.1_51 # 67997 # 68833 # 1 # ID=31_51;partial=00;start_type=ATG;rbs_motif=AGGA;rbs_spacer=5-10bp;genetic_code=11;gc_cont=0.695	GENOMAD.177178.CP	7.777E-09	59	0
JBJGKY010000032.1_29 # 34259 # 35983 # -1 # ID=32_29;partial=00;start_type=ATG;rbs_motif=GGA/GAG/AGG;rbs_spacer=5-10bp;genetic_code=11;gc_cont=0.671	GENOMAD.136859.CP	1.729E-36	150	0
JBJGKY010000034.1_43 # 44633 # 46744 # 1 # ID=34_43;partial=00;start_type=ATG;rbs_motif=None;rbs_spacer=None;genetic_code=11;gc_cont=0.634	GENOMAD.151917.PC	1.616E-06	54	0
JBJGKY010000027.1_59 # 73954 # 75357 # 1 # ID=27_59;partial=00;start_type=ATG;rbs_motif=None;rbs_spacer=None;genetic_code=11;gc_cont=0.693	GENOMAD.170187.PC	8.902E-87	297	0
JBJGKY010000030.1_8 # 8471 # 9772 # -1 # ID=30_8;partial=00;start_type=ATG;rbs_motif=GGA/GAG/AGG;rbs_spacer=5-10bp;genetic_code=11;gc_cont=0.696	GENOMAD.176778.PC	6.499E-56	205	0
JBJGKY010000030.1_40 # 64208 # 64477 # 1 # ID=30_40;partial=00;start_type=ATG;rbs_motif=GGA/GAG/AGG;rbs_spacer=5-10bp;genetic_code=11;gc_cont=0.622	GENOMAD.159708.CP	5.546E-36	131	0
JBJGKY010000004.1_104 # 117378 # 117914 # 1 # ID=4_104;partial=00;start_type=ATG;rbs_motif=GGA/GAG/AGG;rbs_spacer=5-10bp;genetic_code=11;gc_cont=0.698	GENOMAD.189756.CP	2.357E-15	76	0
JBJGKY010000040.1_6 # 5164 # 5823 # 1 # ID=40_6;partial=00;start_type=ATG;rbs_motif=AGGAG;rbs_spacer=5-10bp;genetic_code=11;gc_cont=0.591	GENOMAD.105322.PC	5.235E-116	369	0
JBJGKY010000040.1_38 # 29494 # 29709 # 1 # ID=40_38;partial=00;start_type=ATG;rbs_motif=GGAG/GAGG;rbs_spacer=5-10bp;genetic_code=11;gc_cont=0.625	GENOMAD.128941.PC	6.345E-12	61	0
JBJGKY010000044.1_1 # 389 # 1600 # -1 # ID=44_1;partial=00;start_type=TTG;rbs_motif=GGAG/GAGG;rbs_spacer=5-10bp;genetic_code=11;gc_cont=0.632	GENOMAD.171925.VC	1.775E-12	72	1246
JBJGKY010000048.1_9 # 8872 # 9465 # -1 # ID=48_9;partial=00;start_type=ATG;rbs_motif=None;rbs_spacer=None;genetic_code=11;gc_cont=0.670	GENOMAD.000052.CC	1.716E-39	147	1246
JBJGKY010000001.1_179 # 202448 # 202969 # -1 # ID=1_179;partial=00;start_type=ATG;rbs_motif=GGAG/GAGG;rbs_spacer=5-10bp;genetic_code=11;gc_cont=0.663	GENOMAD.140917.CP	2.547E-23	99	0
JBJGKY010000001.1_269 # 310110 # 311573 # 1 # ID=1_269;partial=00;start_type=ATG;rbs_motif=GGA/GAG/AGG;rbs_spacer=5-10bp;genetic_code=11;gc_cont=0.689	GENOMAD.109692.CP	7.780E-153	490	0
JBJGKY010000001.1_301 # 355784 # 356497 # 1 # ID=1_301;partial=00;start_type=ATG;rbs_motif=GGA/GAG/AGG;rbs_spacer=5-10bp;genetic_code=11;gc_cont=0.636	GENOMAD.152228.VC	5.070E-15	77	11688
JBJGKY010000002.1_21 # 21947 # 24118 # 1 # ID=2_21;partial=00;start_type=ATG;rbs_motif=GGA/GAG/AGG;rbs_spacer=5-10bp;genetic_code=11;gc_cont=0.662	GENOMAD.121860.CP	1.850E-10	67	0
JBJGKY010000002.1_85 # 95141 # 96451 # 1 # ID=2_85;partial=00;start_type=ATG;rbs_motif=None;rbs_spacer=None;genetic_code=11;gc_cont=0.693	GENOMAD.052197.CP	2.456E-63	227	1246
JBJGKY010000004.1_124 # 136912 # 137748 # 1 # ID=4_124;partial=00;start_type=ATG;rbs_motif=GGAG/GAGG;rbs_spacer=5-10bp;genetic_code=11;gc_cont=0.658	GENOMAD.182485.PC	1.720E-140	443	0
JBJGKY010000025.1_15 # 12824 # 14032 # 1 # ID=25_15;partial=00;start_type=ATG;rbs_motif=None;rbs_spacer=None;genetic_code=11;gc_cont=0.701	GENOMAD.129930.CP	9.866E-14	76	0
JBJGKY010000025.1_79 # 78708 # 79226 # -1 # ID=25_79;partial=00;start_type=ATG;rbs_motif=GGA/GAG/AGG;rbs_spacer=5-10bp;genetic_code=11;gc_cont=0.661	GENOMAD.116561.CP	4.813E-34	130	0
JBJGKY010000026.1_21 # 38395 # 38796 # 1 # ID=26_21;partial=00;start_type=ATG;rbs_motif=GGA/GAG/AGG;rbs_spacer=5-10bp;genetic_code=11;gc_cont=0.701	GENOMAD.130275.CV	2.260E-06	48	0
JBJGKY010000027.1_51 # 66848 # 67084 # 1 # ID=27_51;partial=00;start_type=ATG;rbs_motif=GGAG/GAGG;rbs_spacer=5-10bp;genetic_code=11;gc_cont=0.599	GENOMAD.101932.CV	1.105E-09	55	0
JBJGKY010000028.1_11 # 10862 # 11854 # 1 # ID=28_11;partial=00;start_type=ATG;rbs_motif=None;rbs_spacer=None;genetic_code=11;gc_cont=0.618	GENOMAD.189522.PC	2.794E-178	555	0
JBJGKY010000007.1_123 # 159000 # 160091 # -1 # ID=7_123;partial=00;start_type=ATG;rbs_motif=GGxGG;rbs_spacer=5-10bp;genetic_code=11;gc_cont=0.598	GENOMAD.116611.CP	1.108E-63	225	0
JBJGKY010000008.1_76 # 91749 # 91958 # 1 # ID=8_76;partial=00;start_type=ATG;rbs_motif=GGAG/GAGG;rbs_spacer=5-10bp;genetic_code=11;gc_cont=0.581	GENOMAD.193185.CP	1.353E-04	40	0
JBJGKY010000009.1_4 # 2791 # 3999 # -1 # ID=9_4;partial=00;start_type=ATG;rbs_motif=AGGA;rbs_spacer=5-10bp;genetic_code=11;gc_cont=0.621	GENOMAD.100028.CP	4.007E-43	166	0
JBJGKY010000006.1_56 # 66949 # 67764 # -1 # ID=6_56;partial=00;start_type=ATG;rbs_motif=GGAG/GAGG;rbs_spacer=5-10bp;genetic_code=11;gc_cont=0.665	GENOMAD.152305.CP	3.924E-29	120	0
JBJGKY010000006.1_88 # 100157 # 100786 # 1 # ID=6_88;partial=00;start_type=ATG;rbs_motif=GGA/GAG/AGG;rbs_spacer=5-10bp;genetic_code=11;gc_cont=0.697	GENOMAD.153056.CP	2.731E-39	147	0
JBJGKY010000006.1_120 # 136977 # 137804 # -1 # ID=6_120;partial=00;start_type=ATG;rbs_motif=GGA/GAG/AGG;rbs_spacer=5-10bp;genetic_code=11;gc_cont=0.646	GENOMAD.112993.CP	4.987E-53	190	0
JBJGKY010000006.1_152 # 184338 # 185261 # 1 # ID=6_152;partial=00;start_type=ATG;rbs_motif=GGA/GAG/AGG;rbs_spacer=5-10bp;genetic_code=11;gc_cont=0.646	GENOMAD.015156.CC	4.945E-69	238	0
JBJGKY010000007.1_82 # 111662 # 112069 # -1 # ID=7_82;partial=00;start_type=ATG;rbs_motif=AGGAG;rbs_spacer=5-10bp;genetic_code=11;gc_cont=0.451	GENOMAD.020425.PP	6.435E-48	168	0
JBJGKY010000019.1_69 # 82612 # 83382 # 1 # ID=19_69;partial=00;start_type=ATG;rbs_motif=GGA/GAG/AGG;rbs_spacer=5-10bp;genetic_code=11;gc_cont=0.678	GENOMAD.181911.PC	2.342E-43	161	0
JBJGKY010000011.1_73 # 72221 # 73519 # 1 # ID=11_73;partial=00;start_type=ATG;rbs_motif=None;rbs_spacer=None;genetic_code=11;gc_cont=0.684	GENOMAD.110250.CP	8.218E-38	151	0
JBJGKY010000013.1_40 # 43540 # 45399 # 1 # ID=13_40;partial=00;start_type=ATG;rbs_motif=GGAGG;rbs_spacer=5-10bp;genetic_code=11;gc_cont=0.661	GENOMAD.123924.CP	5.760E-61	226	1246
JBJGKY010000013.1_72 # 86434 # 86817 # -1 # ID=13_72;partial=00;start_type=ATG;rbs_motif=GGAG/GAGG;rbs_spacer=5-10bp;genetic_code=11;gc_cont=0.633	GENOMAD.214702.CP	1.527E-67	224	0
JBJGKY010000007.1_17 # 31495 # 33834 # -1 # ID=7_17;partial=00;start_type=ATG;rbs_motif=GGAGG;rbs_spacer=5-10bp;genetic_code=11;gc_cont=0.656	GENOMAD.124454.CP	2.884E-223	709	0
JBJGKY010000043.1_22 # 14620 # 15405 # -1 # ID=43_22;partial=00;start_type=ATG;rbs_motif=GGAG/GAGG;rbs_spacer=5-10bp;genetic_code=11;gc_cont=0.584	GENOMAD.115261.PC	3.940E-16	81	0
JBJGKY010000058.1_11 # 8645 # 10528 # -1 # ID=58_11;partial=00;start_type=GTG;rbs_motif=GGAG/GAGG;rbs_spacer=5-10bp;genetic_code=11;gc_cont=0.678	GENOMAD.190262.VC	2.478E-09	63	1246
JBJGKY010000006.1_86 # 96262 # 98055 # 1 # ID=6_86;partial=00;start_type=ATG;rbs_motif=GGA/GAG/AGG;rbs_spacer=5-10bp;genetic_code=11;gc_cont=0.638	GENOMAD.151994.CP	3.663E-110	371	0
JBJGKY010000002.1_25 # 26645 # 27142 # -1 # ID=2_25;partial=00;start_type=ATG;rbs_motif=GGAG/GAGG;rbs_spacer=5-10bp;genetic_code=11;gc_cont=0.685	GENOMAD.154126.CP	1.754E-59	203	0
JBJGKY010000002.1_57 # 64111 # 65061 # 1 # ID=2_57;partial=00;start_type=ATG;rbs_motif=AGGA;rbs_spacer=5-10bp;genetic_code=11;gc_cont=0.672	GENOMAD.090188.CV	5.678E-49	180	0
JBJGKY010000002.1_89 # 100687 # 101742 # 1 # ID=2_89;partial=00;start_type=ATG;rbs_motif=GGAG/GAGG;rbs_spacer=5-10bp;genetic_code=11;gc_cont=0.668	GENOMAD.209073.VC	9.951E-92	306	0
JBJGKY010000002.1_185 # 199812 # 200969 # -1 # ID=2_185;partial=00;start_type=ATG;rbs_motif=GGA/GAG/AGG;rbs_spacer=5-10bp;genetic_code=11;gc_cont=0.674	GENOMAD.133946.CP	5.956E-40	156	0
JBJGKY010000009.1_111 # 122195 # 123688 # 1 # ID=9_111;partial=00;start_type=ATG;rbs_motif=AGGA;rbs_spacer=5-10bp;genetic_code=11;gc_cont=0.683	GENOMAD.169221.CP	4.721E-247	763	0
JBJGKY010000010.1_4 # 4413 # 5141 # -1 # ID=10_4;partial=00;start_type=ATG;rbs_motif=None;rbs_spacer=None;genetic_code=11;gc_cont=0.661	GENOMAD.205743.CP	3.250E-04	44	0
JBJGKY010000010.1_36 # 46129 # 46779 # -1 # ID=10_36;partial=00;start_type=ATG;rbs_motif=None;rbs_spacer=None;genetic_code=11;gc_cont=0.653	GENOMAD.190945.CP	2.646E-05	47	0
JBJGKY010000008.1_117 # 133892 # 134539 # -1 # ID=8_117;partial=00;start_type=ATG;rbs_motif=None;rbs_spacer=None;genetic_code=11;gc_cont=0.660	GENOMAD.166505.CP	4.712E-23	100	0
JBJGKY010000009.1_13 # 11856 # 13226 # -1 # ID=9_13;partial=00;start_type=GTG;rbs_motif=GGAG/GAGG;rbs_spacer=5-10bp;genetic_code=11;gc_cont=0.678	GENOMAD.142656.PP	2.438E-04	46	0
JBJGKY010000009.1_109 # 119838 # 121205 # 1 # ID=9_109;partial=00;start_type=ATG;rbs_motif=None;rbs_spacer=None;genetic_code=11;gc_cont=0.662	GENOMAD.142401.VC	5.849E-99	332	1246
JBJGKY010000010.1_66 # 87955 # 88875 # -1 # ID=10_66;partial=00;start_type=ATG;rbs_motif=None;rbs_spacer=None;genetic_code=11;gc_cont=0.648	GENOMAD.123560.CP	1.021E-19	93	0
JBJGKY010000010.1_98 # 137124 # 138308 # -1 # ID=10_98;partial=00;start_type=ATG;rbs_motif=None;rbs_spacer=None;genetic_code=11;gc_cont=0.583	GENOMAD.022765.PP	2.853E-201	625	0
JBJGKY010000004.1_141 # 154832 # 157033 # -1 # ID=4_141;partial=00;start_type=ATG;rbs_motif=AGGAG;rbs_spacer=5-10bp;genetic_code=11;gc_cont=0.634	GENOMAD.086843.PP	0.000E+00	1066	0
JBJGKY010000007.1_24 # 43196 # 44509 # -1 # ID=7_24;partial=00;start_type=ATG;rbs_motif=GGA/GAG/AGG;rbs_spacer=5-10bp;genetic_code=11;gc_cont=0.706	GENOMAD.133542.CP	4.357E-42	164	0
JBJGKY010000007.1_120 # 157539 # 157844 # -1 # ID=7_120;partial=00;start_type=TTG;rbs_motif=AGGAG;rbs_spacer=5-10bp;genetic_code=11;gc_cont=0.572	GENOMAD.116508.CP	1.734E-14	70	0
JBJGKY010000008.1_41 # 54613 # 56850 # 1 # ID=8_41;partial=00;start_type=ATG;rbs_motif=AGGA;rbs_spacer=5-10bp;genetic_code=11;gc_cont=0.648	GENOMAD.129013.CP	9.982E-58	219	0
JBJGKY010000009.1_1 # 3 # 380 # 1 # ID=9_1;partial=10;start_type=Edge;rbs_motif=None;rbs_spacer=None;genetic_code=11;gc_cont=0.743	GENOMAD.136404.CP	6.947E-18	81	0
JBJGKY010000010.1_6 # 6003 # 8165 # -1 # ID=10_6;partial=00;start_type=ATG;rbs_motif=GGA/GAG/AGG;rbs_spacer=5-10bp;genetic_code=11;gc_cont=0.658	GENOMAD.158094.CP	3.719E-108	370	0
JBJGKY010000010.1_38 # 48204 # 49295 # 1 # ID=10_38;partial=00;start_type=ATG;rbs_motif=None;rbs_spacer=None;genetic_code=11;gc_cont=0.677	GENOMAD.125774.CP	2.735E-46	174	0
JBJGKY010000010.1_70 # 92947 # 93600 # -1 # ID=10_70;partial=00;start_type=ATG;rbs_motif=None;rbs_spacer=None;genetic_code=11;gc_cont=0.642	GENOMAD.116548.CP	2.249E-124	393	0
JBJGKY010000011.1_33 # 28365 # 28724 # 1 # ID=11_33;partial=00;start_type=ATG;rbs_motif=AGGA;rbs_spacer=5-10bp;genetic_code=11;gc_cont=0.636	GENOMAD.076560.CV	3.366E-31	119	0
JBJGKY010000001.1_101 # 114319 # 114822 # -1 # ID=1_101;partial=00;start_type=ATG;rbs_motif=GGA/GAG/AGG;rbs_spacer=5-10bp;genetic_code=11;gc_cont=0.675	GENOMAD.159343.CP	6.096E-29	115	0
JBJGKY010000001.1_133 # 147061 # 147498 # 1 # ID=1_133;partial=00;start_type=GTG;rbs_motif=GGA/GAG/AGG;rbs_spacer=5-10bp;genetic_code=11;gc_cont=0.662	GENOMAD.146194.CP	6.146E-28	111	0
JBJGKY010000001.1_197 # 224405 # 227035 # -1 # ID=1_197;partial=00;start_type=ATG;rbs_motif=GGA/GAG/AGG;rbs_spacer=5-10bp;genetic_code=11;gc_cont=0.559	GENOMAD.167640.PC	4.122E-72	266	0
JBJGKY010000001.1_229 # 264932 # 265156 # 1 # ID=1_229;partial=00;start_type=GTG;rbs_motif=None;rbs_spacer=None;genetic_code=11;gc_cont=0.533	GENOMAD.171189.CP	2.956E-06	45	0
JBJGKY010000002.1_13 # 12747 # 14327 # -1 # ID=2_13;partial=00;start_type=ATG;rbs_motif=None;rbs_spacer=None;genetic_code=11;gc_cont=0.671	GENOMAD.142879.CP	7.669E-09	61	0
JBJGKY010000007.1_110 # 142718 # 144832 # -1 # ID=7_110;partial=00;start_type=GTG;rbs_motif=GGA/GAG/AGG;rbs_spacer=5-10bp;genetic_code=11;gc_cont=0.630	GENOMAD.056657.CV	1.227E-206	657	1246
JBJGKY010000007.1_142 # 179249 # 180055 # -1 # ID=7_142;partial=00;start_type=ATG;rbs_motif=GGA/GAG/AGG;rbs_spacer=5-10bp;genetic_code=11;gc_cont=0.699	GENOMAD.116415.CP	4.630E-39	149	0
JBJGKY010000008.1_95 # 112070 # 113440 # -1 # ID=8_95;partial=00;start_type=ATG;rbs_motif=GGAG/GAGG;rbs_spacer=5-10bp;genetic_code=11;gc_cont=0.681	GENOMAD.005842.CC	1.222E-17	89	0
JBJGKY010000008.1_127 # 145104 # 145760 # -1 # ID=8_127;partial=00;start_type=ATG;rbs_motif=GGAG/GAGG;rbs_spacer=5-10bp;genetic_code=11;gc_cont=0.661	GENOMAD.142991.CP	3.245E-15	77	0
JBJGKY010000019.1_14 # 15147 # 16181 # 1 # ID=19_14;partial=00;start_type=ATG;rbs_motif=GGA/GAG/AGG;rbs_spacer=5-10bp;genetic_code=11;gc_cont=0.623	GENOMAD.190451.PC	2.472E-07	55	0
JBJGKY010000019.1_46 # 50321 # 52090 # 1 # ID=19_46;partial=00;start_type=ATG;rbs_motif=GGA/GAG/AGG;rbs_spacer=5-10bp;genetic_code=11;gc_cont=0.645	GENOMAD.145507.CP	9.856E-83	290	0
JBJGKY010000020.1_21 # 32269 # 32700 # 1 # ID=20_21;partial=00;start_type=ATG;rbs_motif=GGAG/GAGG;rbs_spacer=5-10bp;genetic_code=11;gc_cont=0.646	GENOMAD.059044.PP	1.167E-19	87	0
JBJGKY010000021.1_36 # 52318 # 52641 # 1 # ID=21_36;partial=00;start_type=ATG;rbs_motif=GGA/GAG/AGG;rbs_spacer=5-10bp;genetic_code=11;gc_cont=0.630	GENOMAD.132576.CP	2.374E-05	44	0
JBJGKY010000021.1_68 # 84077 # 84691 # -1 # ID=21_68;partial=00;start_type=ATG;rbs_motif=GGA/GAG/AGG;rbs_spacer=5-10bp;genetic_code=11;gc_cont=0.660	GENOMAD.136362.CP	1.705E-21	95	0
JBJGKY010000019.1_40 # 45323 # 45778 # -1 # ID=19_40;partial=00;start_type=GTG;rbs_motif=GGA/GAG/AGG;rbs_spacer=5-10bp;genetic_code=11;gc_cont=0.610	GENOMAD.154491.CP	7.730E-07	50	0
JBJGKY010000020.1_15 # 23578 # 26187 # 1 # ID=20_15;partial=00;start_type=ATG;rbs_motif=GGA/GAG/AGG;rbs_spacer=5-10bp;genetic_code=11;gc_cont=0.685	GENOMAD.119431.CP	8.763E-95	335	0
JBJGKY010000020.1_47 # 64730 # 65104 # -1 # ID=20_47;partial=00;start_type=ATG;rbs_motif=GGAG/GAGG;rbs_spacer=5-10bp;genetic_code=11;gc_cont=0.653	GENOMAD.134276.CP	1.684E-24	100	0
JBJGKY010000020.1_79 # 100153 # 100545 # 1 # ID=20_79;partial=00;start_type=ATG;rbs_motif=GGA/GAG/AGG;rbs_spacer=5-10bp;genetic_code=11;gc_cont=0.631	GENOMAD.076388.CV	3.040E-37	137	1246
JBJGKY010000021.1_30 # 45870 # 47036 # -1 # ID=21_30;partial=00;start_type=ATG;rbs_motif=GGAGG;rbs_spacer=5-10bp;genetic_code=11;gc_cont=0.644	GENOMAD.158496.CP	9.481E-101	334	0
JBJGKY010000022.1_41 # 53482 # 54945 # 1 # ID=22_41;partial=00;start_type=ATG;rbs_motif=None;rbs_spacer=None;genetic_code=11;gc_cont=0.676	GENOMAD.117114.CP	4.680E-07	55	0
JBJGKY010000047.1_20 # 15505 # 15969 # 1 # ID=47_20;partial=00;start_type=ATG;rbs_motif=GGA/GAG/AGG;rbs_spacer=5-10bp;genetic_code=11;gc_cont=0.609	GENOMAD.158926.PC	6.907E-11	62	0
JBJGKY010000049.1_6 # 4046 # 5413 # 1 # ID=49_6;partial=00;start_type=ATG;rbs_motif=None;rbs_spacer=None;genetic_code=11;gc_cont=0.669	GENOMAD.089563.CP	6.496E-47	179	0
JBJGKY010000051.1_4 # 1099 # 2748 # 1 # ID=51_4;partial=00;start_type=ATG;rbs_motif=AGGAG;rbs_spacer=5-10bp;genetic_code=11;gc_cont=0.653	GENOMAD.108501.PC	2.418E-10	66	0
JBJGKY010000053.1_6 # 5340 # 6113 # 1 # ID=53_6;partial=00;start_type=ATG;rbs_motif=GGA/GAG/AGG;rbs_spacer=5-10bp;genetic_code=11;gc_cont=0.550	GENOMAD.043515.PP	1.754E-138	436	0
JBJGKY010000058.1_5 # 3129 # 3764 # -1 # ID=58_5;partial=00;start_type=ATG;rbs_motif=GGA/GAG/AGG;rbs_spacer=5-10bp;genetic_code=11;gc_cont=0.668	GENOMAD.190410.CP	1.286E-29	119	0
JBJGKY010000061.1_3 # 1731 # 2504 # 1 # ID=61_3;partial=00;start_type=ATG;rbs_motif=GGA/GAG/AGG;rbs_spacer=5-10bp;genetic_code=11;gc_cont=0.667	GENOMAD.147411.CP	5.687E-29	119	1246
JBJGKY010000050.1_15 # 17158 # 17889 # -1 # ID=50_15;partial=00;start_type=ATG;rbs_motif=None;rbs_spacer=None;genetic_code=11;gc_cont=0.663	GENOMAD.179808.CP	1.745E-05	48	0
JBJGKY010000001.1_63 # 70426 # 71520 # -1 # ID=1_63;partial=00;start_type=ATG;rbs_motif=GGAG/GAGG;rbs_spacer=5-10bp;genetic_code=11;gc_cont=0.647	GENOMAD.133423.CP	5.904E-47	176	0
JBJGKY010000006.1_104 # 116448 # 117935 # 1 # ID=6_104;partial=00;start_type=GTG;rbs_motif=AGGAG;rbs_spacer=5-10bp;genetic_code=11;gc_cont=0.677	GENOMAD.097666.CP	5.770E-08	58	0
JBJGKY010000046.1_18 # 16053 # 17351 # 1 # ID=46_18;partial=00;start_type=ATG;rbs_motif=None;rbs_spacer=None;genetic_code=11;gc_cont=0.566	GENOMAD.137385.CP	9.238E-24	108	0
JBJGKY010000053.1_13 # 11460 # 11978 # 1 # ID=53_13;partial=00;start_type=ATG;rbs_motif=GGAG/GAGG;rbs_spacer=5-10bp;genetic_code=11;gc_cont=0.501	GENOMAD.086806.PP	1.270E-31	123	0
JBJGKY010000056.1_3 # 3397 # 4326 # 1 # ID=56_3;partial=00;start_type=ATG;rbs_motif=None;rbs_spacer=None;genetic_code=11;gc_cont=0.597	GENOMAD.147741.CP	1.700E-38	149	0
JBJGKY010000002.1_19 # 20216 # 21277 # 1 # ID=2_19;partial=00;start_type=GTG;rbs_motif=GGA/GAG/AGG;rbs_spacer=5-10bp;genetic_code=11;gc_cont=0.701	GENOMAD.089091.CV	1.094E-06	53	1246
JBJGKY010000038.1_3 # 461 # 2104 # 1 # ID=38_3;partial=00;start_type=ATG;rbs_motif=GGAG/GAGG;rbs_spacer=5-10bp;genetic_code=11;gc_cont=0.644	GENOMAD.183789.PC	1.254E-84	294	0
JBJGKY010000040.1_40 # 30698 # 31426 # -1 # ID=40_40;partial=01;start_type=Edge;rbs_motif=None;rbs_spacer=None;genetic_code=11;gc_cont=0.693	GENOMAD.023008.PP	3.101E-133	420	0
JBJGKY010000043.1_1 # 1 # 936 # -1 # ID=43_1;partial=10;start_type=ATG;rbs_motif=None;rbs_spacer=None;genetic_code=11;gc_cont=0.675	GENOMAD.103404.PP	4.728E-82	276	0
JBJGKY010000044.1_3 # 3569 # 4702 # 1 # ID=44_3;partial=00;start_type=ATG;rbs_motif=None;rbs_spacer=None;genetic_code=11;gc_cont=0.693	GENOMAD.136642.CP	1.114E-35	143	0
JBJGKY010000045.1_13 # 17038 # 18798 # -1 # ID=45_13;partial=00;start_type=ATG;rbs_motif=None;rbs_spacer=None;genetic_code=11;gc_cont=0.681	GENOMAD.192010.PC	9.042E-25	113	0
JBJGKY010000025.1_35 # 32884 # 33813 # -1 # ID=25_35;partial=00;start_type=ATG;rbs_motif=GGAG/GAGG;rbs_spacer=5-10bp;genetic_code=11;gc_cont=0.676	GENOMAD.177755.PC	4.668E-32	130	0
JBJGKY010000026.1_9 # 21173 # 22279 # -1 # ID=26_9;partial=00;start_type=ATG;rbs_motif=GGxGG;rbs_spacer=5-10bp;genetic_code=11;gc_cont=0.650	GENOMAD.074903.CP	7.607E-60	214	0
JBJGKY010000027.1_7 # 9015 # 12869 # 1 # ID=27_7;partial=00;start_type=GTG;rbs_motif=None;rbs_spacer=None;genetic_code=11;gc_cont=0.677	GENOMAD.097853.CP	1.463E-153	524	0
JBJGKY010000027.1_71 # 87044 # 88084 # 1 # ID=27_71;partial=00;start_type=ATG;rbs_motif=GGAG/GAGG;rbs_spacer=5-10bp;genetic_code=11;gc_cont=0.687	GENOMAD.167831.PC	1.142E-53	195	0
JBJGKY010000028.1_31 # 33256 # 34182 # 1 # ID=28_31;partial=00;start_type=ATG;rbs_motif=GGAG/GAGG;rbs_spacer=5-10bp;genetic_code=11;gc_cont=0.703	GENOMAD.178547.CP	1.709E-181	563	0
JBJGKY010000009.1_78 # 82657 # 83064 # 1 # ID=9_78;partial=00;start_type=ATG;rbs_motif=AGGAG;rbs_spacer=5-10bp;genetic_code=11;gc_cont=0.652	GENOMAD.225035.PV	5.515E-16	76	1246
JBJGKY010000003.1_201 # 251244 # 253640 # 1 # ID=3_201;partial=00;start_type=ATG;rbs_motif=GGA/GAG/AGG;rbs_spacer=5-10bp;genetic_code=11;gc_cont=0.644	GENOMAD.148078.PC	0.000E+00	1294	0
JBJGKY010000004.1_154 # 171637 # 172308 # -1 # ID=4_154;partial=00;start_type=ATG;rbs_motif=GGAGG;rbs_spacer=5-10bp;genetic_code=11;gc_cont=0.658	GENOMAD.147617.CP	7.153E-19	88	0
JBJGKY010000056.1_10 # 11758 # 12153 # -1 # ID=56_10;partial=00;start_type=ATG;rbs_motif=GGA/GAG/AGG;rbs_spacer=5-10bp;genetic_code=11;gc_cont=0.528	GENOMAD.116980.PP	4.051E-59	200	0
JBJGKY010000059.1_7 # 3045 # 3221 # 1 # ID=59_7;partial=00;start_type=ATG;rbs_motif=AGxAGG/AGGxGG;rbs_spacer=5-10bp;genetic_code=11;gc_cont=0.565	GENOMAD.185254.VV	3.756E-18	78	0
JBJGKY010000078.1_1 # 2 # 592 # 1 # ID=78_1;partial=11;start_type=Edge;rbs_motif=None;rbs_spacer=None;genetic_code=11;gc_cont=0.711	GENOMAD.103404.PP	2.758E-95	308	0
JBJGKY010000042.1_7 # 13199 # 13606 # -1 # ID=42_7;partial=00;start_type=ATG;rbs_motif=GGA/GAG/AGG;rbs_spacer=11-12bp;genetic_code=11;gc_cont=0.667	GENOMAD.080041.CP	8.571E-20	87	0
JBJGKY010000001.1_312 # 364961 # 365395 # -1 # ID=1_312;partial=01;start_type=Edge;rbs_motif=None;rbs_spacer=None;genetic_code=11;gc_cont=0.655	GENOMAD.136404.CP	5.961E-19	85	0
JBJGKY010000002.1_32 # 34501 # 34698 # 1 # ID=2_32;partial=00;start_type=ATG;rbs_motif=AGGA;rbs_spacer=5-10bp;genetic_code=11;gc_cont=0.626	GENOMAD.137965.CP	9.484E-13	63	0
JBJGKY010000002.1_96 # 107494 # 109371 # 1 # ID=2_96;partial=00;start_type=ATG;rbs_motif=GGA/GAG/AGG;rbs_spacer=5-10bp;genetic_code=11;gc_cont=0.612	GENOMAD.182050.VC	1.073E-12	74	1246
JBJGKY010000002.1_128 # 135477 # 136913 # 1 # ID=2_128;partial=00;start_type=ATG;rbs_motif=GGAG/GAGG;rbs_spacer=5-10bp;genetic_code=11;gc_cont=0.668	GENOMAD.157881.CP	1.069E-52	197	0
JBJGKY010000001.1_240 # 279843 # 280493 # -1 # ID=1_240;partial=00;start_type=ATG;rbs_motif=None;rbs_spacer=None;genetic_code=11;gc_cont=0.670	GENOMAD.154704.CP	5.469E-53	187	0
JBJGKY010000001.1_272 # 315650 # 318307 # 1 # ID=1_272;partial=00;start_type=ATG;rbs_motif=None;rbs_spacer=None;genetic_code=11;gc_cont=0.677	GENOMAD.152082.CP	1.680E-15	84	0
JBJGKY010000002.1_24 # 26138 # 26470 # -1 # ID=2_24;partial=00;start_type=ATG;rbs_motif=GGAG/GAGG;rbs_spacer=5-10bp;genetic_code=11;gc_cont=0.595	GENOMAD.215480.PC	9.004E-49	169	0
JBJGKY010000002.1_120 # 127156 # 127806 # -1 # ID=2_120;partial=00;start_type=ATG;rbs_motif=GGA/GAG/AGG;rbs_spacer=5-10bp;genetic_code=11;gc_cont=0.657	GENOMAD.153566.CP	1.492E-10	63	0
JBJGKY010000009.1_6 # 5346 # 6314 # 1 # ID=9_6;partial=00;start_type=ATG;rbs_motif=GGAG/GAGG;rbs_spacer=5-10bp;genetic_code=11;gc_cont=0.636	GENOMAD.145686.CP	1.790E-69	240	0
JBJGKY010000009.1_102 # 112371 # 113357 # 1 # ID=9_102;partial=00;start_type=ATG;rbs_motif=GGA/GAG/AGG;rbs_spacer=5-10bp;genetic_code=11;gc_cont=0.662	GENOMAD.019618.CC	1.000E-58	209	0
JBJGKY010000010.1_59 # 75858 # 77030 # -1 # ID=10_59;partial=00;start_type=ATG;rbs_motif=None;rbs_spacer=None;genetic_code=11;gc_cont=0.654	GENOMAD.177447.CP	2.898E-11	68	1246
JBJGKY010000010.1_91 # 127154 # 129181 # -1 # ID=10_91;partial=00;start_type=ATG;rbs_motif=GGAGG;rbs_spacer=3-4bp;genetic_code=11;gc_cont=0.634	GENOMAD.088363.CV	4.941E-324	996	1246
JBJGKY010000011.1_22 # 23560 # 23895 # 1 # ID=11_22;partial=00;start_type=ATG;rbs_motif=AGGAG;rbs_spacer=5-10bp;genetic_code=11;gc_cont=0.604	GENOMAD.058918.CV	5.748E-38	138	0
JBJGKY010000016.1_37 # 45288 # 46109 # -1 # ID=16_37;partial=00;start_type=TTG;rbs_motif=None;rbs_spacer=None;genetic_code=11;gc_cont=0.659	GENOMAD.136404.CP	7.344E-09	59	0
JBJGKY010000017.1_69 # 82853 # 83170 # 1 # ID=17_69;partial=00;start_type=ATG;rbs_motif=GGA/GAG/AGG;rbs_spacer=5-10bp;genetic_code=11;gc_cont=0.648	GENOMAD.209355.CP	1.437E-41	148	0
JBJGKY010000018.1_74 # 79859 # 80890 # -1 # ID=18_74;partial=00;start_type=ATG;rbs_motif=AGGA;rbs_spacer=5-10bp;genetic_code=11;gc_cont=0.621	GENOMAD.121677.CP	3.259E-09	61	0
JBJGKY010000015.1_95 # 102150 # 102830 # -1 # ID=15_95;partial=00;start_type=ATG;rbs_motif=None;rbs_spacer=None;genetic_code=11;gc_cont=0.643	GENOMAD.109399.CP	3.993E-12	68	0
JBJGKY010000016.1_53 # 67953 # 68882 # -1 # ID=16_53;partial=00;start_type=ATG;rbs_motif=None;rbs_spacer=None;genetic_code=11;gc_cont=0.698	GENOMAD.123116.CP	1.935E-07	55	0
JBJGKY010000017.1_53 # 63707 # 66616 # 1 # ID=17_53;partial=00;start_type=ATG;rbs_motif=AGxAGG/AGGxGG;rbs_spacer=3-4bp;genetic_code=11;gc_cont=0.686	GENOMAD.121418.CV	1.983E-110	385	0
JBJGKY010000017.1_85 # 97739 # 100426 # 1 # ID=17_85;partial=00;start_type=ATG;rbs_motif=GGAG/GAGG;rbs_spacer=5-10bp;genetic_code=11;gc_cont=0.653	GENOMAD.147788.CP	1.387E-123	422	0
JBJGKY010000008.1_13 # 22059 # 23426 # 1 # ID=8_13;partial=00;start_type=ATG;rbs_motif=GGA/GAG/AGG;rbs_spacer=5-10bp;genetic_code=11;gc_cont=0.667	GENOMAD.114680.CP	5.027E-59	215	1246
JBJGKY010000008.1_45 # 60171 # 60419 # 1 # ID=8_45;partial=00;start_type=GTG;rbs_motif=GGAG/GAGG;rbs_spacer=5-10bp;genetic_code=11;gc_cont=0.643	GENOMAD.221918.CP	1.742E-21	89	0
JBJGKY010000009.1_133 # 151086 # 151382 # -1 # ID=9_133;partial=00;start_type=ATG;rbs_motif=GGA/GAG/AGG;rbs_spacer=11-12bp;genetic_code=11;gc_cont=0.680	GENOMAD.179363.CV	5.738E-09	54	0
JBJGKY010000004.1_59 # 61398 # 62525 # -1 # ID=4_59;partial=00;start_type=ATG;rbs_motif=None;rbs_spacer=None;genetic_code=11;gc_cont=0.668	GENOMAD.125879.CP	6.841E-20	95	0
JBJGKY010000004.1_155 # 172609 # 173343 # -1 # ID=4_155;partial=00;start_type=ATG;rbs_motif=AGGAG;rbs_spacer=5-10bp;genetic_code=11;gc_cont=0.654	GENOMAD.136992.CP	1.017E-24	106	0
JBJGKY010000005.1_13 # 15688 # 17355 # 1 # ID=5_13;partial=00;start_type=TTG;rbs_motif=GGAG/GAGG;rbs_spacer=5-10bp;genetic_code=11;gc_cont=0.656	GENOMAD.137986.CP	2.342E-06	53	0
JBJGKY010000007.1_114 # 146961 # 149675 # -1 # ID=7_114;partial=00;start_type=ATG;rbs_motif=AGGA;rbs_spacer=5-10bp;genetic_code=11;gc_cont=0.650	GENOMAD.000022.CC	1.977E-99	350	1246
JBJGKY010000003.1_43 # 37128 # 38489 # 1 # ID=3_43;partial=00;start_type=ATG;rbs_motif=GGA/GAG/AGG;rbs_spacer=5-10bp;genetic_code=11;gc_cont=0.656	GENOMAD.114680.CP	2.028E-61	222	1246
JBJGKY010000003.1_75 # 75890 # 76432 # 1 # ID=3_75;partial=00;start_type=ATG;rbs_motif=None;rbs_spacer=None;genetic_code=11;gc_cont=0.674	GENOMAD.094450.CP	1.323E-12	68	0
JBJGKY010000003.1_107 # 122770 # 124131 # -1 # ID=3_107;partial=00;start_type=ATG;rbs_motif=None;rbs_spacer=None;genetic_code=11;gc_cont=0.642	GENOMAD.134235.CP	1.349E-43	169	0
JBJGKY010000004.1_60 # 62522 # 63328 # -1 # ID=4_60;partial=00;start_type=ATG;rbs_motif=None;rbs_spacer=None;genetic_code=11;gc_cont=0.636	GENOMAD.114440.CP	1.914E-25	109	0
JBJGKY010000043.1_19 # 11642 # 12352 # -1 # ID=43_19;partial=00;start_type=ATG;rbs_motif=GGA/GAG/AGG;rbs_spacer=5-10bp;genetic_code=11;gc_cont=0.629	GENOMAD.123484.PC	1.120E-32	129	0
JBJGKY010000011.1_83 # 83834 # 85360 # -1 # ID=11_83;partial=00;start_type=ATG;rbs_motif=None;rbs_spacer=None;genetic_code=11;gc_cont=0.655	GENOMAD.105891.CP	3.615E-99	335	0
JBJGKY010000011.1_115 # 123626 # 124375 # 1 # ID=11_115;partial=00;start_type=ATG;rbs_motif=None;rbs_spacer=None;genetic_code=11;gc_cont=0.676	GENOMAD.005386.CC	2.256E-40	152	0
JBJGKY010000012.1_53 # 72273 # 76667 # 1 # ID=12_53;partial=00;start_type=ATG;rbs_motif=None;rbs_spacer=None;genetic_code=11;gc_cont=0.682	GENOMAD.132239.CP	1.230E-100	364	0
JBJGKY010000013.1_50 # 55297 # 56217 # 1 # ID=13_50;partial=00;start_type=ATG;rbs_motif=None;rbs_spacer=None;genetic_code=11;gc_cont=0.695	GENOMAD.103400.CP	8.769E-136	431	0
JBJGKY010000013.1_82 # 109054 # 111312 # -1 # ID=13_82;partial=00;start_type=ATG;rbs_motif=GGAG/GAGG;rbs_spacer=5-10bp;genetic_code=11;gc_cont=0.643	GENOMAD.146534.CP	1.444E-05	51	0
JBJGKY010000001.1_246 # 285627 # 289439 # -1 # ID=1_246;partial=00;start_type=ATG;rbs_motif=GGA/GAG/AGG;rbs_spacer=5-10bp;genetic_code=11;gc_cont=0.687	GENOMAD.142505.CP	2.114E-51	203	0
JBJGKY010000004.1_192 # 220795 # 221457 # -1 # ID=4_192;partial=00;start_type=ATG;rbs_motif=AGGAG;rbs_spacer=5-10bp;genetic_code=11;gc_cont=0.682	GENOMAD.132951.CP	7.392E-15	76	0
JBJGKY010000005.1_18 # 21658 # 22020 # -1 # ID=5_18;partial=00;start_type=ATG;rbs_motif=GGA/GAG/AGG;rbs_spacer=5-10bp;genetic_code=11;gc_cont=0.631	GENOMAD.140621.CP	4.787E-44	156	0
JBJGKY010000005.1_50 # 59722 # 60636 # 1 # ID=5_50;partial=00;start_type=ATG;rbs_motif=None;rbs_spacer=None;genetic_code=11;gc_cont=0.674	GENOMAD.001078.CC	2.712E-65	227	0
JBJGKY010000005.1_82 # 95197 # 96087 # 1 # ID=5_82;partial=00;start_type=ATG;rbs_motif=None;rbs_spacer=None;genetic_code=11;gc_cont=0.673	GENOMAD.178810.CP	1.775E-26	113	0
JBJGKY010000005.1_178 # 219672 # 219866 # -1 # ID=5_178;partial=00;start_type=ATG;rbs_motif=GGAG/GAGG;rbs_spacer=5-10bp;genetic_code=11;gc_cont=0.646	GENOMAD.118796.CP	8.408E-28	106	0
JBJGKY010000006.1_29 # 31073 # 33118 # -1 # ID=6_29;partial=00;start_type=ATG;rbs_motif=None;rbs_spacer=None;genetic_code=11;gc_cont=0.640	GENOMAD.127342.CP	6.540E-17	88	0
JBJGKY010000006.1_61 # 70439 # 71920 # 1 # ID=6_61;partial=00;start_type=ATG;rbs_motif=None;rbs_spacer=None;genetic_code=11;gc_cont=0.651	GENOMAD.128920.CP	6.696E-138	447	0
JBJGKY010000040.1_22 # 17856 # 19430 # -1 # ID=40_22;partial=00;start_type=ATG;rbs_motif=GGAGG;rbs_spacer=5-10bp;genetic_code=11;gc_cont=0.617	GENOMAD.228061.PC	3.600E-05	49	0
JBJGKY010000044.1_17 # 17116 # 17583 # -1 # ID=44_17;partial=00;start_type=ATG;rbs_motif=GGA/GAG/AGG;rbs_spacer=5-10bp;genetic_code=11;gc_cont=0.688	GENOMAD.074923.VV	1.125E-15	76	1246
JBJGKY010000051.1_3 # 827 # 1102 # 1 # ID=51_3;partial=00;start_type=ATG;rbs_motif=GGAGG;rbs_spacer=5-10bp;genetic_code=11;gc_cont=0.652	GENOMAD.029569.PP	2.422E-45	158	0
JBJGKY010000009.1_11 # 9621 # 10619 # 1 # ID=9_11;partial=00;start_type=ATG;rbs_motif=None;rbs_spacer=None;genetic_code=11;gc_cont=0.693	GENOMAD.209518.PC	2.719E-188	584	0
JBJGKY010000009.1_43 # 47138 # 47755 # -1 # ID=9_43;partial=00;start_type=ATG;rbs_motif=AGGAG;rbs_spacer=5-10bp;genetic_code=11;gc_cont=0.613	GENOMAD.167032.VC	2.241E-16	80	1246
JBJGKY010000010.1_64 # 85438 # 86550 # 1 # ID=10_64;partial=00;start_type=ATG;rbs_motif=None;rbs_spacer=None;genetic_code=11;gc_cont=0.697	GENOMAD.129448.CP	1.994E-28	121	0
JBJGKY010000011.1_27 # 25547 # 25915 # 1 # ID=11_27;partial=00;start_type=ATG;rbs_motif=GGAG/GAGG;rbs_spacer=5-10bp;genetic_code=11;gc_cont=0.604	GENOMAD.000007.CC	9.663E-54	184	0
JBJGKY010000016.1_81 # 99631 # 99852 # 1 # ID=16_81;partial=00;start_type=ATG;rbs_motif=None;rbs_spacer=None;genetic_code=11;gc_cont=0.662	GENOMAD.004052.CC	1.410E-19	83	0
JBJGKY010000017.1_81 # 91626 # 93599 # -1 # ID=17_81;partial=00;start_type=ATG;rbs_motif=None;rbs_spacer=None;genetic_code=11;gc_cont=0.684	GENOMAD.113449.CP	9.506E-32	136	0
JBJGKY010000018.1_22 # 20284 # 20409 # 1 # ID=18_22;partial=00;start_type=ATG;rbs_motif=GGAG/GAGG;rbs_spacer=5-10bp;genetic_code=11;gc_cont=0.603	GENOMAD.112966.CP	3.527E-11	57	0
JBJGKY010000019.1_52 # 59154 # 60536 # -1 # ID=19_52;partial=00;start_type=GTG;rbs_motif=None;rbs_spacer=None;genetic_code=11;gc_cont=0.696	GENOMAD.123577.CP	4.982E-12	71	0
JBJGKY010000011.1_44 # 36245 # 38368 # -1 # ID=11_44;partial=00;start_type=ATG;rbs_motif=None;rbs_spacer=None;genetic_code=11;gc_cont=0.635	GENOMAD.140349.CP	1.015E-210	669	0
JBJGKY010000012.1_78 # 105638 # 106213 # -1 # ID=12_78;partial=00;start_type=ATG;rbs_motif=None;rbs_spacer=None;genetic_code=11;gc_cont=0.635	GENOMAD.123535.CP	8.741E-10	60	0
JBJGKY010000013.1_43 # 46442 # 47644 # 1 # ID=13_43;partial=00;start_type=ATG;rbs_motif=None;rbs_spacer=None;genetic_code=11;gc_cont=0.658	GENOMAD.099160.CP	9.818E-05	47	0
JBJGKY010000014.1_41 # 50475 # 51872 # 1 # ID=14_41;partial=00;start_type=ATG;rbs_motif=AGGA;rbs_spacer=5-10bp;genetic_code=11;gc_cont=0.648	GENOMAD.108638.CP	1.786E-06	53	0
JBJGKY010000041.1_6 # 4597 # 4971 # -1 # ID=41_6;partial=00;start_type=ATG;rbs_motif=GGA/GAG/AGG;rbs_spacer=5-10bp;genetic_code=11;gc_cont=0.584	GENOMAD.171688.CP	1.528E-25	103	0
JBJGKY010000050.1_11 # 12883 # 13935 # 1 # ID=50_11;partial=00;start_type=ATG;rbs_motif=None;rbs_spacer=None;genetic_code=11;gc_cont=0.667	GENOMAD.104575.CP	1.269E-25	112	1246
JBJGKY010000057.1_9 # 7074 # 7172 # 1 # ID=57_9;partial=00;start_type=ATG;rbs_motif=GGAG/GAGG;rbs_spacer=5-10bp;genetic_code=11;gc_cont=0.525	GENOMAD.189581.CP	1.041E-04	38	0
JBJGKY010000001.1_298 # 352842 # 353207 # -1 # ID=1_298;partial=00;start_type=ATG;rbs_motif=GGAG/GAGG;rbs_spacer=5-10bp;genetic_code=11;gc_cont=0.596	GENOMAD.004860.CC	1.824E-30	117	0
JBJGKY010000002.1_18 # 19722 # 19937 # -1 # ID=2_18;partial=00;start_type=ATG;rbs_motif=GGAG/GAGG;rbs_spacer=5-10bp;genetic_code=11;gc_cont=0.616	GENOMAD.137902.VC	1.021E-07	49	0
JBJGKY010000002.1_82 # 92057 # 93157 # -1 # ID=2_82;partial=00;start_type=ATG;rbs_motif=None;rbs_spacer=None;genetic_code=11;gc_cont=0.651	GENOMAD.001963.CC	6.533E-13	73	0
JBJGKY010000002.1_146 # 155397 # 156566 # -1 # ID=2_146;partial=00;start_type=ATG;rbs_motif=GGA/GAG/AGG;rbs_spacer=5-10bp;genetic_code=11;gc_cont=0.667	GENOMAD.070016.VV	8.860E-21	98	1246
JBJGKY010000004.1_49 # 50375 # 51232 # 1 # ID=4_49;partial=00;start_type=ATG;rbs_motif=GGA/GAG/AGG;rbs_spacer=5-10bp;genetic_code=11;gc_cont=0.653	GENOMAD.129411.CP	2.840E-27	115	0
JBJGKY010000004.1_81 # 87367 # 88461 # 1 # ID=4_81;partial=00;start_type=ATG;rbs_motif=GGA/GAG/AGG;rbs_spacer=5-10bp;genetic_code=11;gc_cont=0.685	GENOMAD.176977.PC	8.394E-05	47	0
JBJGKY010000005.1_35 # 46140 # 47732 # -1 # ID=5_35;partial=00;start_type=ATG;rbs_motif=GGA/GAG/AGG;rbs_spacer=5-10bp;genetic_code=11;gc_cont=0.650	GENOMAD.113193.CP	2.597E-40	161	0
JBJGKY010000005.1_67 # 74767 # 75024 # 1 # ID=5_67;partial=00;start_type=ATG;rbs_motif=GGAGG;rbs_spacer=5-10bp;genetic_code=11;gc_cont=0.593	GENOMAD.147428.CP	2.103E-06	46	0
JBJGKY010000005.1_99 # 116911 # 120159 # -1 # ID=5_99;partial=00;start_type=ATG;rbs_motif=GGA/GAG/AGG;rbs_spacer=5-10bp;genetic_code=11;gc_cont=0.648	GENOMAD.161283.VC	4.516E-15	83	1246
JBJGKY010000005.1_153 # 182565 # 183125 # 1 # ID=5_153;partial=00;start_type=ATG;rbs_motif=AGGA/GGAG/GAGG;rbs_spacer=11-12bp;genetic_code=11;gc_cont=0.597	GENOMAD.012059.CC	7.787E-06	48	0
JBJGKY010000006.1_36 # 43225 # 44427 # 1 # ID=6_36;partial=00;start_type=ATG;rbs_motif=AGGA;rbs_spacer=5-10bp;genetic_code=11;gc_cont=0.672	GENOMAD.118344.CP	9.299E-20	95	1246
JBJGKY010000006.1_68 # 78199 # 78774 # 1 # ID=6_68;partial=00;start_type=ATG;rbs_motif=GGAGG;rbs_spacer=5-10bp;genetic_code=11;gc_cont=0.592	GENOMAD.194208.PC	8.102E-106	338	0
JBJGKY010000006.1_100 # 112607 # 113053 # 1 # ID=6_100;partial=00;start_type=GTG;rbs_motif=GGAG/GAGG;rbs_spacer=5-10bp;genetic_code=11;gc_cont=0.617	GENOMAD.070929.CV	1.409E-19	87	0
JBJGKY010000006.1_164 # 197169 # 197549 # 1 # ID=6_164;partial=00;start_type=ATG;rbs_motif=AGGA/GGAG/GAGG;rbs_spacer=11-12bp;genetic_code=11;gc_cont=0.648	GENOMAD.136345.CP	4.697E-14	70	0
JBJGKY010000007.1_94 # 123924 # 127670 # -1 # ID=7_94;partial=00;start_type=ATG;rbs_motif=None;rbs_spacer=None;genetic_code=11;gc_cont=0.555	GENOMAD.146580.CP	0.000E+00	1997	0
JBJGKY010000008.1_79 # 94888 # 96540 # 1 # ID=8_79;partial=00;start_type=ATG;rbs_motif=None;rbs_spacer=None;genetic_code=11;gc_cont=0.667	GENOMAD.140543.CP	1.143E-06	54	0
JBJGKY010000009.1_7 # 6440 # 7096 # 1 # ID=9_7;partial=00;start_type=ATG;rbs_motif=GGA/GAG/AGG;rbs_spacer=5-10bp;genetic_code=11;gc_cont=0.656	GENOMAD.153317.CP	4.992E-55	193	0
JBJGKY010000009.1_71 # 74998 # 76248 # 1 # ID=9_71;partial=00;start_type=ATG;rbs_motif=GGA/GAG/AGG;rbs_spacer=5-10bp;genetic_code=11;gc_cont=0.631	GENOMAD.177447.CP	1.760E-07	56	1246
JBJGKY010000014.1_68 # 83444 # 84364 # 1 # ID=14_68;partial=00;start_type=ATG;rbs_motif=None;rbs_spacer=None;genetic_code=11;gc_cont=0.647	GENOMAD.206339.PC	6.101E-05	47	0
JBJGKY010000015.1_5 # 7146 # 9839 # -1 # ID=15_5;partial=00;start_type=ATG;rbs_motif=GGAGG;rbs_spacer=5-10bp;genetic_code=11;gc_cont=0.642	GENOMAD.152082.CP	1.967E-55	214	0
JBJGKY010000015.1_37 # 42746 # 45247 # -1 # ID=15_37;partial=00;start_type=GTG;rbs_motif=GGA/GAG/AGG;rbs_spacer=5-10bp;genetic_code=11;gc_cont=0.677	GENOMAD.133515.CP	6.164E-51	199	0
JBJGKY010000021.1_83 # 99106 # 99867 # -1 # ID=21_83;partial=00;start_type=ATG;rbs_motif=GGA/GAG/AGG;rbs_spacer=11-12bp;genetic_code=11;gc_cont=0.651	GENOMAD.132426.CP	2.337E-07	54	0
JBJGKY010000022.1_30 # 38650 # 39963 # 1 # ID=22_30;partial=00;start_type=ATG;rbs_motif=GGA/GAG/AGG;rbs_spacer=5-10bp;genetic_code=11;gc_cont=0.653	GENOMAD.133797.CP	1.573E-10	66	0
JBJGKY010000024.1_26 # 25834 # 26307 # 1 # ID=24_26;partial=00;start_type=ATG;rbs_motif=GGA/GAG/AGG;rbs_spacer=5-10bp;genetic_code=11;gc_cont=0.671	GENOMAD.159648.PC	3.635E-10	60	0
JBJGKY010000024.1_58 # 69030 # 69371 # -1 # ID=24_58;partial=00;start_type=TTG;rbs_motif=GGAGG;rbs_spacer=5-10bp;genetic_code=11;gc_cont=0.658	GENOMAD.038006.CC	5.703E-39	141	0
JBJGKY010000025.1_9 # 5460 # 6428 # -1 # ID=25_9;partial=00;start_type=ATG;rbs_motif=GGA/GAG/AGG;rbs_spacer=5-10bp;genetic_code=11;gc_cont=0.687	GENOMAD.132496.CP	8.115E-90	299	0
JBJGKY010000002.1_1 # 518 # 3718 # -1 # ID=2_1;partial=00;start_type=ATG;rbs_motif=GGA/GAG/AGG;rbs_spacer=5-10bp;genetic_code=11;gc_cont=0.650	GENOMAD.138336.CP	3.595E-14	80	0
JBJGKY010000026.1_2 # 7492 # 9375 # -1 # ID=26_2;partial=00;start_type=GTG;rbs_motif=AGGA;rbs_spacer=5-10bp;genetic_code=11;gc_cont=0.668	GENOMAD.190262.VC	6.073E-10	65	1246
JBJGKY010000027.1_64 # 80107 # 80712 # -1 # ID=27_64;partial=00;start_type=ATG;rbs_motif=GGA/GAG/AGG;rbs_spacer=5-10bp;genetic_code=11;gc_cont=0.658	GENOMAD.161005.PC	9.243E-118	373	0
JBJGKY010000028.1_24 # 26758 # 27546 # 1 # ID=28_24;partial=00;start_type=ATG;rbs_motif=AGxAGG/AGGxGG;rbs_spacer=3-4bp;genetic_code=11;gc_cont=0.686	GENOMAD.160445.CP	5.367E-56	198	0
JBJGKY010000029.1_9 # 15580 # 16806 # 1 # ID=29_9;partial=00;start_type=ATG;rbs_motif=GGA/GAG/AGG;rbs_spacer=5-10bp;genetic_code=11;gc_cont=0.657	GENOMAD.140949.CP	7.710E-12	70	0
JBJGKY010000024.1_44 # 50913 # 53117 # -1 # ID=24_44;partial=00;start_type=ATG;rbs_motif=GGA/GAG/AGG;rbs_spacer=5-10bp;genetic_code=11;gc_cont=0.642	GENOMAD.146534.CP	2.302E-04	47	0
JBJGKY010000026.1_1 # 3 # 6953 # -1 # ID=26_1;partial=10;start_type=ATG;rbs_motif=AGGAG;rbs_spacer=5-10bp;genetic_code=11;gc_cont=0.688	GENOMAD.170232.VV	1.064E-04	50	1246
JBJGKY010000004.1_160 # 180481 # 181926 # 1 # ID=4_160;partial=00;start_type=ATG;rbs_motif=None;rbs_spacer=None;genetic_code=11;gc_cont=0.683	GENOMAD.105814.CP	3.799E-129	421	0
JBJGKY010000002.1_80 # 90324 # 90797 # -1 # ID=2_80;partial=00;start_type=ATG;rbs_motif=GGA/GAG/AGG;rbs_spacer=5-10bp;genetic_code=11;gc_cont=0.597	GENOMAD.003255.CC	8.340E-30	117	0
JBJGKY010000002.1_144 # 152994 # 154187 # -1 # ID=2_144;partial=00;start_type=TTG;rbs_motif=AGGAG;rbs_spacer=5-10bp;genetic_code=11;gc_cont=0.629	GENOMAD.067680.VV	1.378E-16	85	1246
JBJGKY010000002.1_176 # 190032 # 191468 # 1 # ID=2_176;partial=00;start_type=ATG;rbs_motif=None;rbs_spacer=None;genetic_code=11;gc_cont=0.658	GENOMAD.195628.PC	1.066E-42	167	0
JBJGKY010000002.1_208 # 222150 # 222635 # -1 # ID=2_208;partial=00;start_type=ATG;rbs_motif=AGGAG;rbs_spacer=5-10bp;genetic_code=11;gc_cont=0.605	GENOMAD.000421.CC	1.476E-42	154	0
JBJGKY010000003.1_41 # 34662 # 34931 # 1 # ID=3_41;partial=00;start_type=ATG;rbs_motif=AGGA/GGAG/GAGG;rbs_spacer=11-12bp;genetic_code=11;gc_cont=0.641	GENOMAD.128943.CP	1.233E-05	44	0
JBJGKY010000026.1_7 # 20291 # 20758 # 1 # ID=26_7;partial=00;start_type=ATG;rbs_motif=None;rbs_spacer=None;genetic_code=11;gc_cont=0.684	GENOMAD.148481.CP	1.674E-88	286	0
JBJGKY010000027.1_69 # 84689 # 85192 # 1 # ID=27_69;partial=00;start_type=ATG;rbs_motif=GGA/GAG/AGG;rbs_spacer=5-10bp;genetic_code=11;gc_cont=0.653	GENOMAD.183209.PC	4.532E-23	98	0
JBJGKY010000021.1_35 # 51356 # 52234 # 1 # ID=21_35;partial=00;start_type=ATG;rbs_motif=GGxGG;rbs_spacer=5-10bp;genetic_code=11;gc_cont=0.689	GENOMAD.183309.PC	4.772E-10	63	0
JBJGKY010000021.1_67 # 83301 # 84080 # -1 # ID=21_67;partial=00;start_type=ATG;rbs_motif=None;rbs_spacer=None;genetic_code=11;gc_cont=0.676	GENOMAD.085898.CP	3.781E-04	44	0
JBJGKY010000022.1_14 # 14479 # 15999 # -1 # ID=22_14;partial=00;start_type=ATG;rbs_motif=AGGA;rbs_spacer=5-10bp;genetic_code=11;gc_cont=0.648	GENOMAD.098617.VV	3.422E-05	49	1246
JBJGKY010000023.1_67 # 74274 # 74657 # -1 # ID=23_67;partial=00;start_type=ATG;rbs_motif=None;rbs_spacer=None;genetic_code=11;gc_cont=0.659	GENOMAD.159609.CP	3.097E-10	59	0
JBJGKY010000002.1_9 # 9113 # 9835 # 1 # ID=2_9;partial=00;start_type=ATG;rbs_motif=None;rbs_spacer=None;genetic_code=11;gc_cont=0.675	GENOMAD.158628.CP	1.154E-16	82	0
JBJGKY010000026.1_18 # 36533 # 36973 # -1 # ID=26_18;partial=00;start_type=ATG;rbs_motif=None;rbs_spacer=None;genetic_code=11;gc_cont=0.646	GENOMAD.124272.CV	1.035E-12	67	1246
JBJGKY010000026.1_50 # 69483 # 71999 # -1 # ID=26_50;partial=00;start_type=ATG;rbs_motif=GGAG/GAGG;rbs_spacer=5-10bp;genetic_code=11;gc_cont=0.579	GENOMAD.130456.CP	1.349E-04	48	0
JBJGKY010000027.1_48 # 60912 # 62183 # 1 # ID=27_48;partial=00;start_type=ATG;rbs_motif=AGGA;rbs_spacer=5-10bp;genetic_code=11;gc_cont=0.673	GENOMAD.118636.CP	3.517E-11	68	0
JBJGKY010000028.1_40 # 43573 # 43992 # 1 # ID=28_40;partial=00;start_type=ATG;rbs_motif=GGA/GAG/AGG;rbs_spacer=5-10bp;genetic_code=11;gc_cont=0.626	GENOMAD.160272.CP	4.747E-53	183	0
JBJGKY010000001.1_71 # 79030 # 79548 # -1 # ID=1_71;partial=00;start_type=GTG;rbs_motif=GGA/GAG/AGG;rbs_spacer=5-10bp;genetic_code=11;gc_cont=0.644	GENOMAD.145284.CP	2.459E-84	275	0
JBJGKY010000001.1_103 # 116502 # 117146 # -1 # ID=1_103;partial=00;start_type=ATG;rbs_motif=None;rbs_spacer=None;genetic_code=11;gc_cont=0.712	GENOMAD.001958.CC	8.940E-25	105	0
JBJGKY010000001.1_199 # 228858 # 232724 # -1 # ID=1_199;partial=00;start_type=GTG;rbs_motif=AGGAG;rbs_spacer=5-10bp;genetic_code=11;gc_cont=0.646	GENOMAD.219526.VC	0.000E+00	2057	0
JBJGKY010000001.1_231 # 265983 # 267611 # 1 # ID=1_231;partial=00;start_type=GTG;rbs_motif=GGAG/GAGG;rbs_spacer=5-10bp;genetic_code=11;gc_cont=0.647	GENOMAD.074457.CP	1.390E-108	364	0
JBJGKY010000003.1_28 # 24349 # 25623 # -1 # ID=3_28;partial=00;start_type=ATG;rbs_motif=None;rbs_spacer=None;genetic_code=11;gc_cont=0.671	GENOMAD.108595.CP	6.868E-37	148	1246
JBJGKY010000003.1_60 # 57166 # 58683 # -1 # ID=3_60;partial=00;start_type=GTG;rbs_motif=AGGAG;rbs_spacer=5-10bp;genetic_code=11;gc_cont=0.648	GENOMAD.098617.VV	8.587E-10	64	1246
JBJGKY010000003.1_124 # 146163 # 148844 # 1 # ID=3_124;partial=00;start_type=ATG;rbs_motif=AGGAG;rbs_spacer=5-10bp;genetic_code=11;gc_cont=0.646	GENOMAD.176795.CP	9.254E-13	75	0
JBJGKY010000003.1_156 # 197903 # 199333 # -1 # ID=3_156;partial=00;start_type=ATG;rbs_motif=None;rbs_spacer=None;genetic_code=11;gc_cont=0.727	GENOMAD.010877.CC	1.422E-168	535	0
JBJGKY010000003.1_188 # 236805 # 237263 # -1 # ID=3_188;partial=00;start_type=ATG;rbs_motif=None;rbs_spacer=None;genetic_code=11;gc_cont=0.632	GENOMAD.116981.CP	1.634E-19	87	0
JBJGKY010000004.1_77 # 83097 # 84188 # 1 # ID=4_77;partial=00;start_type=ATG;rbs_motif=GGA/GAG/AGG;rbs_spacer=5-10bp;genetic_code=11;gc_cont=0.663	GENOMAD.191564.CP	8.553E-119	385	0
JBJGKY010000033.1_14 # 7754 # 7939 # 1 # ID=33_14;partial=00;start_type=ATG;rbs_motif=AGGAG;rbs_spacer=5-10bp;genetic_code=11;gc_cont=0.575	GENOMAD.173850.VV	3.118E-21	87	0
JBJGKY010000033.1_46 # 42336 # 44153 # 1 # ID=33_46;partial=00;start_type=ATG;rbs_motif=GGAG/GAGG;rbs_spacer=5-10bp;genetic_code=11;gc_cont=0.667	GENOMAD.195728.CP	0.000E+00	1005	0
JBJGKY010000034.1_23 # 23807 # 25150 # 1 # ID=34_23;partial=00;start_type=ATG;rbs_motif=AGGA;rbs_spacer=5-10bp;genetic_code=11;gc_cont=0.646	GENOMAD.181612.CP	2.370E-128	417	0
JBJGKY010000039.1_9 # 7611 # 8042 # -1 # ID=39_9;partial=00;start_type=GTG;rbs_motif=None;rbs_spacer=None;genetic_code=11;gc_cont=0.674	GENOMAD.022927.CC	2.987E-06	48	0
JBJGKY010000040.1_14 # 11063 # 11974 # 1 # ID=40_14;partial=00;start_type=ATG;rbs_motif=GGAG/GAGG;rbs_spacer=5-10bp;genetic_code=11;gc_cont=0.670	GENOMAD.113489.PC	2.521E-04	45	0
JBJGKY010000031.1_13 # 18717 # 19379 # 1 # ID=31_13;partial=00;start_type=ATG;rbs_motif=GGA/GAG/AGG;rbs_spacer=5-10bp;genetic_code=11;gc_cont=0.662	GENOMAD.111169.CP	6.057E-21	94	0
JBJGKY010000032.1_11 # 9707 # 11407 # -1 # ID=32_11;partial=00;start_type=ATG;rbs_motif=GGAGG;rbs_spacer=5-10bp;genetic_code=11;gc_cont=0.707	GENOMAD.091825.CP	3.685E-54	204	0
JBJGKY010000032.1_43 # 50801 # 51025 # -1 # ID=32_43;partial=00;start_type=ATG;rbs_motif=GGA/GAG/AGG;rbs_spacer=5-10bp;genetic_code=11;gc_cont=0.582	GENOMAD.206422.CP	5.925E-36	130	0
JBJGKY010000033.1_16 # 8066 # 8785 # 1 # ID=33_16;partial=00;start_type=ATG;rbs_motif=3Base/5BMM;rbs_spacer=13-15bp;genetic_code=11;gc_cont=0.578	GENOMAD.225571.VP	2.583E-142	446	0
JBJGKY010000033.1_48 # 45574 # 49224 # 1 # ID=33_48;partial=00;start_type=ATG;rbs_motif=GGAG/GAGG;rbs_spacer=5-10bp;genetic_code=11;gc_cont=0.670	GENOMAD.090513.CP	5.666E-22	106	0
JBJGKY010000030.1_23 # 29618 # 33148 # 1 # ID=30_23;partial=00;start_type=ATG;rbs_motif=None;rbs_spacer=None;genetic_code=11;gc_cont=0.701	GENOMAD.161502.PC	1.408E-115	406	0
JBJGKY010000031.1_3 # 4791 # 8204 # -1 # ID=31_3;partial=00;start_type=ATG;rbs_motif=None;rbs_spacer=None;genetic_code=11;gc_cont=0.697	GENOMAD.147962.CP	0.000E+00	1725	0
JBJGKY010000031.1_35 # 45066 # 46232 # -1 # ID=31_35;partial=00;start_type=ATG;rbs_motif=GGA/GAG/AGG;rbs_spacer=11-12bp;genetic_code=11;gc_cont=0.644	GENOMAD.086164.CV	3.035E-60	216	1246
JBJGKY010000033.1_18 # 9413 # 9616 # 1 # ID=33_18;partial=00;start_type=ATG;rbs_motif=GGA/GAG/AGG;rbs_spacer=11-12bp;genetic_code=11;gc_cont=0.632	GENOMAD.209539.VP	8.779E-29	109	2773
JBJGKY010000033.1_50 # 50636 # 51382 # -1 # ID=33_50;partial=00;start_type=ATG;rbs_motif=None;rbs_spacer=None;genetic_code=11;gc_cont=0.632	GENOMAD.112742.CP	1.229E-22	100	0
JBJGKY010000035.1_14 # 17675 # 17884 # 1 # ID=35_14;partial=00;start_type=ATG;rbs_motif=AGGA;rbs_spacer=5-10bp;genetic_code=11;gc_cont=0.605	GENOMAD.206002.PC	2.043E-14	68	0
JBJGKY010000049.1_1 # 2 # 331 # -1 # ID=49_1;partial=10;start_type=ATG;rbs_motif=GGA/GAG/AGG;rbs_spacer=5-10bp;genetic_code=11;gc_cont=0.591	GENOMAD.022765.PP	6.047E-61	204	0
JBJGKY010000002.1_95 # 106945 # 107385 # 1 # ID=2_95;partial=00;start_type=ATG;rbs_motif=GGA/GAG/AGG;rbs_spacer=5-10bp;genetic_code=11;gc_cont=0.667	GENOMAD.094199.CP	9.816E-32	122	2773
JBJGKY010000003.1_24 # 21951 # 22778 # 1 # ID=3_24;partial=00;start_type=ATG;rbs_motif=None;rbs_spacer=None;genetic_code=11;gc_cont=0.659	GENOMAD.049669.CC	6.530E-150	470	0
JBJGKY010000005.1_27 # 36023 # 36358 # -1 # ID=5_27;partial=00;start_type=ATG;rbs_motif=GGAG/GAGG;rbs_spacer=5-10bp;genetic_code=11;gc_cont=0.598	GENOMAD.170384.CP	1.944E-17	79	0
JBJGKY010000028.1_16 # 17048 # 17560 # 1 # ID=28_16;partial=00;start_type=ATG;rbs_motif=AGGAG;rbs_spacer=5-10bp;genetic_code=11;gc_cont=0.604	GENOMAD.176794.PC	3.110E-38	142	0
JBJGKY010000028.1_48 # 50834 # 51559 # 1 # ID=28_48;partial=00;start_type=ATG;rbs_motif=None;rbs_spacer=None;genetic_code=11;gc_cont=0.696	GENOMAD.049531.CC	1.169E-12	70	0
JBJGKY010000030.1_5 # 5022 # 5681 # 1 # ID=30_5;partial=00;start_type=ATG;rbs_motif=AGGA;rbs_spacer=5-10bp;genetic_code=11;gc_cont=0.612	GENOMAD.206010.CP	7.215E-15	76	0
JBJGKY010000031.1_49 # 64263 # 65369 # 1 # ID=31_49;partial=00;start_type=ATG;rbs_motif=GGA/GAG/AGG;rbs_spacer=11-12bp;genetic_code=11;gc_cont=0.665	GENOMAD.095931.CV	3.884E-58	209	0
JBJGKY010000023.1_62 # 69071 # 69895 # 1 # ID=23_62;partial=00;start_type=ATG;rbs_motif=GGAG/GAGG;rbs_spacer=5-10bp;genetic_code=11;gc_cont=0.617	GENOMAD.159647.PC	1.552E-34	136	0
JBJGKY010000024.1_69 # 80337 # 80888 # 1 # ID=24_69;partial=00;start_type=ATG;rbs_motif=GGAGG;rbs_spacer=3-4bp;genetic_code=11;gc_cont=0.629	GENOMAD.088456.CP	2.030E-66	224	0
JBJGKY010000025.1_52 # 50898 # 51683 # -1 # ID=25_52;partial=00;start_type=GTG;rbs_motif=GGA/GAG/AGG;rbs_spacer=11-12bp;genetic_code=11;gc_cont=0.688	GENOMAD.171214.CP	2.103E-67	231	0
JBJGKY010000025.1_84 # 85444 # 86097 # 1 # ID=25_84;partial=00;start_type=ATG;rbs_motif=GGA/GAG/AGG;rbs_spacer=11-12bp;genetic_code=11;gc_cont=0.713	GENOMAD.105767.CP	1.807E-38	145	0
JBJGKY010000025.1_3 # 1471 # 2265 # 1 # ID=25_3;partial=00;start_type=GTG;rbs_motif=GGAGG;rbs_spacer=5-10bp;genetic_code=11;gc_cont=0.628	GENOMAD.030736.VV	1.762E-12	70	1246
JBJGKY010000017.1_54 # 66720 # 67097 # -1 # ID=17_54;partial=00;start_type=TTG;rbs_motif=GGA/GAG/AGG;rbs_spacer=5-10bp;genetic_code=11;gc_cont=0.685	GENOMAD.161288.VC	9.183E-05	43	1246
JBJGKY010000018.1_91 # 97522 # 98376 # 1 # ID=18_91;partial=00;start_type=TTG;rbs_motif=GGAG/GAGG;rbs_spacer=5-10bp;genetic_code=11;gc_cont=0.478	GENOMAD.191510.PC	3.456E-100	327	0
JBJGKY010000019.1_25 # 29683 # 29898 # 1 # ID=19_25;partial=00;start_type=ATG;rbs_motif=GGAG/GAGG;rbs_spacer=5-10bp;genetic_code=11;gc_cont=0.653	GENOMAD.055338.CC	2.969E-26	102	0
JBJGKY010000011.1_41 # 33218 # 34216 # 1 # ID=11_41;partial=00;start_type=ATG;rbs_motif=AGGAG;rbs_spacer=5-10bp;genetic_code=11;gc_cont=0.620	GENOMAD.000031.CC	2.697E-79	269	0
JBJGKY010000030.1_13 # 15706 # 18207 # 1 # ID=30_13;partial=00;start_type=GTG;rbs_motif=GGxGG;rbs_spacer=5-10bp;genetic_code=11;gc_cont=0.695	GENOMAD.013203.CC	1.644E-05	51	0
JBJGKY010000030.1_45 # 67222 # 67842 # 1 # ID=30_45;partial=00;start_type=ATG;rbs_motif=None;rbs_spacer=None;genetic_code=11;gc_cont=0.696	GENOMAD.161696.CP	1.079E-29	119	0
JBJGKY010000033.1_8 # 2635 # 2865 # 1 # ID=33_8;partial=00;start_type=ATG;rbs_motif=AGGAG;rbs_spacer=5-10bp;genetic_code=11;gc_cont=0.636	GENOMAD.220643.VP	3.063E-28	108	2773
JBJGKY010000033.1_40 # 36788 # 37357 # 1 # ID=33_40;partial=00;start_type=ATG;rbs_motif=None;rbs_spacer=None;genetic_code=11;gc_cont=0.660	GENOMAD.147057.CP	1.051E-21	95	0
JBJGKY010000035.1_4 # 4267 # 5532 # -1 # ID=35_4;partial=00;start_type=ATG;rbs_motif=None;rbs_spacer=None;genetic_code=11;gc_cont=0.684	GENOMAD.151083.CP	1.065E-04	47	0
JBJGKY010000031.1_52 # 69017 # 69784 # 1 # ID=31_52;partial=00;start_type=ATG;rbs_motif=GGA/GAG/AGG;rbs_spacer=5-10bp;genetic_code=11;gc_cont=0.639	GENOMAD.125981.CP	2.185E-06	51	1246
JBJGKY010000032.1_30 # 35997 # 36368 # -1 # ID=32_30;partial=00;start_type=ATG;rbs_motif=None;rbs_spacer=None;genetic_code=11;gc_cont=0.667	GENOMAD.140513.CP	1.962E-22	94	0
JBJGKY010000033.1_3 # 761 # 946 # 1 # ID=33_3;partial=00;start_type=ATG;rbs_motif=AGGAG;rbs_spacer=5-10bp;genetic_code=11;gc_cont=0.575	GENOMAD.173850.VV	3.118E-21	87	0
JBJGKY010000059.1_11 # 4830 # 4958 # 1 # ID=59_11;partial=00;start_type=ATG;rbs_motif=AGGAG;rbs_spacer=5-10bp;genetic_code=11;gc_cont=0.581	GENOMAD.112093.VV	2.595E-14	66	0
JBJGKY010000001.1_54 # 61788 # 62360 # -1 # ID=1_54;partial=00;start_type=ATG;rbs_motif=AGGA;rbs_spacer=5-10bp;genetic_code=11;gc_cont=0.686	GENOMAD.106866.CP	6.661E-17	81	1246
JBJGKY010000007.1_85 # 114049 # 115233 # -1 # ID=7_85;partial=00;start_type=GTG;rbs_motif=AGGA;rbs_spacer=5-10bp;genetic_code=11;gc_cont=0.532	GENOMAD.106752.PC	1.304E-25	113	0
JBJGKY010000007.1_117 # 152352 # 153812 # -1 # ID=7_117;partial=00;start_type=ATG;rbs_motif=AGGA;rbs_spacer=5-10bp;genetic_code=11;gc_cont=0.628	GENOMAD.109595.CP	1.369E-102	344	0
JBJGKY010000008.1_6 # 4819 # 5079 # 1 # ID=8_6;partial=00;start_type=ATG;rbs_motif=None;rbs_spacer=None;genetic_code=11;gc_cont=0.640	GENOMAD.134274.CV	8.078E-16	73	0
JBJGKY010000008.1_38 # 49303 # 50004 # -1 # ID=8_38;partial=00;start_type=ATG;rbs_motif=None;rbs_spacer=None;genetic_code=11;gc_cont=0.627	GENOMAD.183080.CP	2.704E-60	209	0
JBJGKY010000009.1_30 # 38395 # 38625 # -1 # ID=9_30;partial=00;start_type=ATG;rbs_motif=AGGAG;rbs_spacer=5-10bp;genetic_code=11;gc_cont=0.593	GENOMAD.022295.CC	7.611E-27	104	0
JBJGKY010000009.1_62 # 66199 # 67152 # -1 # ID=9_62;partial=00;start_type=ATG;rbs_motif=None;rbs_spacer=None;genetic_code=11;gc_cont=0.675	GENOMAD.157843.CP	6.232E-28	118	0
JBJGKY010000024.1_74 # 84719 # 86371 # -1 # ID=24_74;partial=00;start_type=GTG;rbs_motif=GGA/GAG/AGG;rbs_spacer=5-10bp;genetic_code=11;gc_cont=0.672	GENOMAD.162124.CP	3.114E-99	337	0
JBJGKY010000020.1_57 # 77056 # 77385 # 1 # ID=20_57;partial=00;start_type=ATG;rbs_motif=None;rbs_spacer=None;genetic_code=11;gc_cont=0.682	GENOMAD.124334.CV	1.245E-04	42	0
JBJGKY010000021.1_40 # 54350 # 54925 # 1 # ID=21_40;partial=00;start_type=ATG;rbs_motif=None;rbs_spacer=None;genetic_code=11;gc_cont=0.622	GENOMAD.123185.CP	9.814E-24	101	0
JBJGKY010000021.1_72 # 87055 # 88164 # -1 # ID=21_72;partial=00;start_type=ATG;rbs_motif=GGA/GAG/AGG;rbs_spacer=11-12bp;genetic_code=11;gc_cont=0.665	GENOMAD.081820.CP	3.259E-95	317	0
JBJGKY010000024.1_15 # 13188 # 14162 # 1 # ID=24_15;partial=00;start_type=ATG;rbs_motif=GGAG/GAGG;rbs_spacer=5-10bp;genetic_code=11;gc_cont=0.626	GENOMAD.152155.CP	2.877E-18	89	0
JBJGKY010000028.1_13 # 12687 # 14168 # 1 # ID=28_13;partial=00;start_type=ATG;rbs_motif=AGGAG;rbs_spacer=5-10bp;genetic_code=11;gc_cont=0.666	GENOMAD.133528.CP	1.349E-04	47	0
JBJGKY010000029.1_30 # 39596 # 40414 # -1 # ID=29_30;partial=00;start_type=ATG;rbs_motif=AGGAG;rbs_spacer=5-10bp;genetic_code=11;gc_cont=0.665	GENOMAD.011935.CC	5.314E-61	213	0
JBJGKY010000031.1_14 # 19369 # 19659 # 1 # ID=31_14;partial=00;start_type=ATG;rbs_motif=None;rbs_spacer=None;genetic_code=11;gc_cont=0.694	GENOMAD.016077.CC	4.399E-26	103	0
JBJGKY010000031.1_46 # 60131 # 60271 # -1 # ID=31_46;partial=00;start_type=ATG;rbs_motif=GGAG/GAGG;rbs_spacer=5-10bp;genetic_code=11;gc_cont=0.660	GENOMAD.096109.CV	6.396E-15	68	0
JBJGKY010000032.1_24 # 29521 # 30813 # -1 # ID=32_24;partial=00;start_type=ATG;rbs_motif=GGAG/GAGG;rbs_spacer=5-10bp;genetic_code=11;gc_cont=0.716	GENOMAD.021519.CC	2.736E-56	206	0
JBJGKY010000013.1_75 # 89297 # 91966 # -1 # ID=13_75;partial=00;start_type=ATG;rbs_motif=GGA/GAG/AGG;rbs_spacer=5-10bp;genetic_code=11;gc_cont=0.659	GENOMAD.146534.CP	5.863E-04	46	0
JBJGKY010000014.1_12 # 10568 # 12661 # -1 # ID=14_12;partial=00;start_type=ATG;rbs_motif=None;rbs_spacer=None;genetic_code=11;gc_cont=0.664	GENOMAD.136246.CP	4.303E-11	69	0
JBJGKY010000014.1_44 # 54979 # 57789 # 1 # ID=14_44;partial=00;start_type=ATG;rbs_motif=None;rbs_spacer=None;genetic_code=11;gc_cont=0.627	GENOMAD.158496.CP	1.094E-54	212	0
JBJGKY010000014.1_76 # 104899 # 106014 # -1 # ID=14_76;partial=00;start_type=ATG;rbs_motif=GGA/GAG/AGG;rbs_spacer=5-10bp;genetic_code=11;gc_cont=0.677	GENOMAD.120637.CP	9.341E-10	63	0
JBJGKY010000015.1_77 # 85503 # 86336 # -1 # ID=15_77;partial=00;start_type=ATG;rbs_motif=None;rbs_spacer=None;genetic_code=11;gc_cont=0.687	GENOMAD.194676.PC	5.232E-162	505	0
JBJGKY010000033.1_55 # 55995 # 56399 # -1 # ID=33_55;partial=00;start_type=GTG;rbs_motif=GGA/GAG/AGG;rbs_spacer=11-12bp;genetic_code=11;gc_cont=0.570	GENOMAD.177338.PC	5.106E-06	47	0
JBJGKY010000034.1_32 # 30396 # 30866 # 1 # ID=34_32;partial=00;start_type=ATG;rbs_motif=AGGA/GGAG/GAGG;rbs_spacer=11-12bp;genetic_code=11;gc_cont=0.624	GENOMAD.134025.CP	2.907E-41	150	0
JBJGKY010000035.1_19 # 24321 # 24872 # -1 # ID=35_19;partial=00;start_type=ATG;rbs_motif=None;rbs_spacer=None;genetic_code=11;gc_cont=0.688	GENOMAD.140606.CP	9.824E-40	147	0
JBJGKY010000036.1_12 # 11561 # 15019 # 1 # ID=36_12;partial=00;start_type=ATG;rbs_motif=GGA/GAG/AGG;rbs_spacer=5-10bp;genetic_code=11;gc_cont=0.699	GENOMAD.161502.PC	3.337E-110	389	0
JBJGKY010000037.1_13 # 21352 # 24288 # 1 # ID=37_13;partial=00;start_type=ATG;rbs_motif=GGAGG;rbs_spacer=5-10bp;genetic_code=11;gc_cont=0.619	GENOMAD.158496.CP	1.197E-69	260	0
JBJGKY010000038.1_18 # 19240 # 19818 # 1 # ID=38_18;partial=00;start_type=ATG;rbs_motif=AGxAG;rbs_spacer=5-10bp;genetic_code=11;gc_cont=0.572	GENOMAD.114461.PP	9.469E-25	104	0
JBJGKY010000034.1_3 # 2057 # 2557 # -1 # ID=34_3;partial=00;start_type=ATG;rbs_motif=GGA/GAG/AGG;rbs_spacer=5-10bp;genetic_code=11;gc_cont=0.651	GENOMAD.168709.CP	3.336E-16	78	0
JBJGKY010000036.1_15 # 16385 # 19288 # 1 # ID=36_15;partial=00;start_type=ATG;rbs_motif=GGA/GAG/AGG;rbs_spacer=5-10bp;genetic_code=11;gc_cont=0.695	GENOMAD.215794.CP	1.209E-06	55	0
JBJGKY010000044.1_7 # 7564 # 8223 # 1 # ID=44_7;partial=00;start_type=ATG;rbs_motif=None;rbs_spacer=None;genetic_code=11;gc_cont=0.688	GENOMAD.134037.CV	2.935E-19	89	1246
JBJGKY010000047.1_9 # 4619 # 5203 # 1 # ID=47_9;partial=00;start_type=ATG;rbs_motif=GGAG/GAGG;rbs_spacer=5-10bp;genetic_code=11;gc_cont=0.643	GENOMAD.109742.PV	3.998E-37	140	1246
JBJGKY010000054.1_10 # 5888 # 6844 # 1 # ID=54_10;partial=00;start_type=ATG;rbs_motif=GGA/GAG/AGG;rbs_spacer=5-10bp;genetic_code=11;gc_cont=0.498	GENOMAD.178342.VP	1.380E-27	117	1246
JBJGKY010000057.1_7 # 4332 # 4664 # 1 # ID=57_7;partial=00;start_type=ATG;rbs_motif=GGAG/GAGG;rbs_spacer=5-10bp;genetic_code=11;gc_cont=0.592	GENOMAD.112646.PP	7.500E-27	106	0
JBJGKY010000059.1_14 # 6149 # 6529 # 1 # ID=59_14;partial=00;start_type=ATG;rbs_motif=None;rbs_spacer=None;genetic_code=11;gc_cont=0.559	GENOMAD.214060.VP	1.274E-44	158	2773
JBJGKY010000001.1_64 # 71602 # 72264 # -1 # ID=1_64;partial=00;start_type=ATG;rbs_motif=None;rbs_spacer=None;genetic_code=11;gc_cont=0.667	GENOMAD.118620.CP	1.147E-35	137	0
JBJGKY010000001.1_96 # 110331 # 111347 # -1 # ID=1_96;partial=00;start_type=ATG;rbs_motif=GGAG/GAGG;rbs_spacer=5-10bp;genetic_code=11;gc_cont=0.677	GENOMAD.141113.CP	3.774E-19	92	0
JBJGKY010000001.1_128 # 141451 # 142230 # 1 # ID=1_128;partial=00;start_type=ATG;rbs_motif=None;rbs_spacer=None;genetic_code=11;gc_cont=0.701	GENOMAD.120512.CP	6.874E-98	319	0
JBJGKY010000001.1_192 # 221497 # 221817 # -1 # ID=1_192;partial=00;start_type=ATG;rbs_motif=GGAGG;rbs_spacer=5-10bp;genetic_code=11;gc_cont=0.620	GENOMAD.003164.PP	1.128E-04	42	0
JBJGKY010000001.1_224 # 261176 # 261943 # 1 # ID=1_224;partial=00;start_type=ATG;rbs_motif=None;rbs_spacer=None;genetic_code=11;gc_cont=0.578	GENOMAD.214138.CP	7.276E-14	74	0
JBJGKY010000018.1_47 # 48917 # 49669 # 1 # ID=18_47;partial=00;start_type=ATG;rbs_motif=None;rbs_spacer=None;genetic_code=11;gc_cont=0.647	GENOMAD.123398.CP	1.207E-24	106	0
JBJGKY010000018.1_79 # 85464 # 86504 # -1 # ID=18_79;partial=00;start_type=GTG;rbs_motif=AGGA;rbs_spacer=5-10bp;genetic_code=11;gc_cont=0.636	GENOMAD.141801.CP	4.262E-19	92	0
JBJGKY010000019.1_77 # 92027 # 92749 # 1 # ID=19_77;partial=00;start_type=ATG;rbs_motif=GGAG/GAGG;rbs_spacer=5-10bp;genetic_code=11;gc_cont=0.653	GENOMAD.000060.CC	8.667E-59	205	0
JBJGKY010000020.1_20 # 30629 # 32038 # 1 # ID=20_20;partial=00;start_type=ATG;rbs_motif=GGA/GAG/AGG;rbs_spacer=5-10bp;genetic_code=11;gc_cont=0.687	GENOMAD.170187.PC	2.448E-96	325	0
JBJGKY010000020.1_52 # 71633 # 73387 # -1 # ID=20_52;partial=00;start_type=ATG;rbs_motif=AGGAG;rbs_spacer=5-10bp;genetic_code=11;gc_cont=0.636	GENOMAD.021660.VV	1.513E-07	57	1246
JBJGKY010000011.1_93 # 97469 # 98761 # 1 # ID=11_93;partial=00;start_type=ATG;rbs_motif=AGGAG;rbs_spacer=5-10bp;genetic_code=11;gc_cont=0.656	GENOMAD.116598.CV	2.973E-30	128	1246
JBJGKY010000012.1_31 # 50937 # 51788 # 1 # ID=12_31;partial=00;start_type=ATG;rbs_motif=GGA/GAG/AGG;rbs_spacer=11-12bp;genetic_code=11;gc_cont=0.646	GENOMAD.126777.CP	3.206E-07	54	0
JBJGKY010000012.1_95 # 124248 # 125081 # -1 # ID=12_95;partial=00;start_type=ATG;rbs_motif=GGAG/GAGG;rbs_spacer=5-10bp;genetic_code=11;gc_cont=0.645	GENOMAD.123216.CP	1.214E-19	92	0
JBJGKY010000013.1_92 # 126530 # 128539 # -1 # ID=13_92;partial=00;start_type=ATG;rbs_motif=GGA/GAG/AGG;rbs_spacer=5-10bp;genetic_code=11;gc_cont=0.663	GENOMAD.116397.CP	3.373E-111	377	0
JBJGKY010000002.1_167 # 179881 # 180807 # 1 # ID=2_167;partial=00;start_type=ATG;rbs_motif=None;rbs_spacer=None;genetic_code=11;gc_cont=0.673	GENOMAD.194137.CP	1.084E-27	117	0
JBJGKY010000016.1_68 # 87067 # 87366 # -1 # ID=16_68;partial=00;start_type=ATG;rbs_motif=GGAG/GAGG;rbs_spacer=5-10bp;genetic_code=11;gc_cont=0.637	GENOMAD.093361.CV	3.280E-07	49	0
JBJGKY010000017.1_4 # 5264 # 6001 # 1 # ID=17_4;partial=00;start_type=ATG;rbs_motif=GGA/GAG/AGG;rbs_spacer=5-10bp;genetic_code=11;gc_cont=0.672	GENOMAD.005661.CC	2.801E-15	78	0
JBJGKY010000017.1_68 # 81197 # 82843 # 1 # ID=17_68;partial=00;start_type=ATG;rbs_motif=GGAG/GAGG;rbs_spacer=5-10bp;genetic_code=11;gc_cont=0.650	GENOMAD.209570.CP	3.378E-312	954	0
JBJGKY010000002.1_129 # 136913 # 138181 # 1 # ID=2_129;partial=00;start_type=ATG;rbs_motif=GGAG/GAGG;rbs_spacer=5-10bp;genetic_code=11;gc_cont=0.662	GENOMAD.170120.CP	1.432E-41	162	0
JBJGKY010000002.1_193 # 207225 # 207800 # -1 # ID=2_193;partial=00;start_type=ATG;rbs_motif=GGAGG;rbs_spacer=5-10bp;genetic_code=11;gc_cont=0.668	GENOMAD.213575.CP	4.769E-23	99	0
JBJGKY010000002.1_225 # 240304 # 241116 # -1 # ID=2_225;partial=00;start_type=ATG;rbs_motif=GGAG/GAGG;rbs_spacer=5-10bp;genetic_code=11;gc_cont=0.625	GENOMAD.210099.CP	9.914E-143	449	0
JBJGKY010000005.1_96 # 111457 # 113427 # -1 # ID=5_96;partial=00;start_type=ATG;rbs_motif=GGA/GAG/AGG;rbs_spacer=5-10bp;genetic_code=11;gc_cont=0.666	GENOMAD.091902.CP	7.565E-118	396	1246
JBJGKY010000006.1_11 # 12345 # 13208 # -1 # ID=6_11;partial=00;start_type=ATG;rbs_motif=AGGA;rbs_spacer=5-10bp;genetic_code=11;gc_cont=0.649	GENOMAD.159160.CP	3.715E-08	57	0
JBJGKY010000006.1_43 # 48476 # 48952 # 1 # ID=6_43;partial=00;start_type=ATG;rbs_motif=GGAG/GAGG;rbs_spacer=5-10bp;genetic_code=11;gc_cont=0.669	GENOMAD.190425.CP	2.755E-76	251	0
JBJGKY010000006.1_75 # 84708 # 85232 # 1 # ID=6_75;partial=00;start_type=ATG;rbs_motif=AGGA;rbs_spacer=5-10bp;genetic_code=11;gc_cont=0.638	GENOMAD.145838.VC	1.318E-07	53	1246
JBJGKY010000001.1_55 # 62453 # 63307 # -1 # ID=1_55;partial=00;start_type=ATG;rbs_motif=GGAG/GAGG;rbs_spacer=5-10bp;genetic_code=11;gc_cont=0.646	GENOMAD.171333.CP	6.274E-84	280	0
JBJGKY010000027.1_17 # 21662 # 24304 # -1 # ID=27_17;partial=00;start_type=ATG;rbs_motif=GGAG/GAGG;rbs_spacer=5-10bp;genetic_code=11;gc_cont=0.639	GENOMAD.178294.CP	2.792E-138	465	0
JBJGKY010000028.1_9 # 8534 # 9781 # 1 # ID=28_9;partial=00;start_type=ATG;rbs_motif=None;rbs_spacer=None;genetic_code=11;gc_cont=0.639	GENOMAD.145307.CP	1.477E-06	53	0
JBJGKY010000029.1_26 # 34734 # 37319 # -1 # ID=29_26;partial=00;start_type=ATG;rbs_motif=GGAG/GAGG;rbs_spacer=5-10bp;genetic_code=11;gc_cont=0.646	GENOMAD.046845.VV	2.373E-24	113	1246
JBJGKY010000029.1_58 # 75841 # 76452 # 1 # ID=29_58;partial=00;start_type=ATG;rbs_motif=None;rbs_spacer=None;genetic_code=11;gc_cont=0.637	GENOMAD.124185.CV	9.221E-04	42	0
JBJGKY010000030.1_30 # 49908 # 50198 # -1 # ID=30_30;partial=00;start_type=ATG;rbs_motif=GGA/GAG/AGG;rbs_spacer=5-10bp;genetic_code=11;gc_cont=0.632	GENOMAD.010346.CC	6.885E-45	157	0
JBJGKY010000009.1_122 # 137864 # 139267 # 1 # ID=9_122;partial=00;start_type=ATG;rbs_motif=None;rbs_spacer=None;genetic_code=11;gc_cont=0.668	GENOMAD.153372.CP	3.834E-100	336	0
JBJGKY010000011.1_42 # 34397 # 34780 # 1 # ID=11_42;partial=00;start_type=ATG;rbs_motif=AGGA;rbs_spacer=5-10bp;genetic_code=11;gc_cont=0.651	GENOMAD.000035.CC	3.616E-42	151	0
JBJGKY010000011.1_74 # 73587 # 74654 # 1 # ID=11_74;partial=00;start_type=GTG;rbs_motif=None;rbs_spacer=None;genetic_code=11;gc_cont=0.707	GENOMAD.001067.CC	1.106E-06	53	0
JBJGKY010000011.1_106 # 113728 # 115668 # -1 # ID=11_106;partial=00;start_type=GTG;rbs_motif=GGAG/GAGG;rbs_spacer=5-10bp;genetic_code=11;gc_cont=0.554	GENOMAD.002761.PP	1.892E-11	70	0
JBJGKY010000004.1_24 # 20573 # 21172 # 1 # ID=4_24;partial=00;start_type=ATG;rbs_motif=None;rbs_spacer=None;genetic_code=11;gc_cont=0.648	GENOMAD.031556.CC	4.151E-04	43	0
JBJGKY010000017.1_19 # 23195 # 23812 # 1 # ID=17_19;partial=00;start_type=ATG;rbs_motif=None;rbs_spacer=None;genetic_code=11;gc_cont=0.710	GENOMAD.147413.CP	1.133E-13	72	0
JBJGKY010000018.1_88 # 94127 # 95008 # -1 # ID=18_88;partial=00;start_type=ATG;rbs_motif=GGAG/GAGG;rbs_spacer=5-10bp;genetic_code=11;gc_cont=0.653	GENOMAD.154597.PC	1.098E-61	216	0
JBJGKY010000002.1_226 # 241639 # 242004 # 1 # ID=2_226;partial=00;start_type=GTG;rbs_motif=GGA/GAG/AGG;rbs_spacer=5-10bp;genetic_code=11;gc_cont=0.639	GENOMAD.038505.CC	1.652E-31	120	0
JBJGKY010000002.1_258 # 277930 # 278445 # -1 # ID=2_258;partial=00;start_type=ATG;rbs_motif=AGGA;rbs_spacer=5-10bp;genetic_code=11;gc_cont=0.632	GENOMAD.107291.CP	1.202E-91	296	0
JBJGKY010000003.1_91 # 102434 # 103651 # -1 # ID=3_91;partial=00;start_type=ATG;rbs_motif=GGAG/GAGG;rbs_spacer=5-10bp;genetic_code=11;gc_cont=0.644	GENOMAD.143010.CP	5.571E-10	64	0
JBJGKY010000003.1_123 # 143691 # 146141 # 1 # ID=3_123;partial=00;start_type=ATG;rbs_motif=GGA/GAG/AGG;rbs_spacer=5-10bp;genetic_code=11;gc_cont=0.671	GENOMAD.142037.CP	3.295E-12	73	1246
JBJGKY010000003.1_187 # 236014 # 236793 # -1 # ID=3_187;partial=00;start_type=ATG;rbs_motif=GGAG/GAGG;rbs_spacer=5-10bp;genetic_code=11;gc_cont=0.655	GENOMAD.114974.CP	1.093E-06	52	0
JBJGKY010000028.1_39 # 42978 # 43529 # 1 # ID=28_39;partial=00;start_type=ATG;rbs_motif=GGxGG;rbs_spacer=5-10bp;genetic_code=11;gc_cont=0.672	GENOMAD.219645.CP	1.606E-07	53	0
JBJGKY010000029.1_56 # 73680 # 74957 # 1 # ID=29_56;partial=00;start_type=ATG;rbs_motif=GGA/GAG/AGG;rbs_spacer=5-10bp;genetic_code=11;gc_cont=0.504	GENOMAD.117158.CP	2.213E-26	116	0
JBJGKY010000031.1_40 # 51474 # 52406 # -1 # ID=31_40;partial=00;start_type=ATG;rbs_motif=None;rbs_spacer=None;genetic_code=11;gc_cont=0.646	GENOMAD.182879.CP	1.151E-46	173	0
JBJGKY010000002.1_174 # 187501 # 188319 # 1 # ID=2_174;partial=00;start_type=ATG;rbs_motif=AGGAG;rbs_spacer=5-10bp;genetic_code=11;gc_cont=0.707	GENOMAD.153335.CP	1.779E-10	64	0
JBJGKY010000005.1_41 # 53373 # 53777 # 1 # ID=5_41;partial=00;start_type=ATG;rbs_motif=GGA/GAG/AGG;rbs_spacer=5-10bp;genetic_code=11;gc_cont=0.622	GENOMAD.138033.CP	1.749E-28	112	0
JBJGKY010000006.1_84 # 92549 # 94129 # 1 # ID=6_84;partial=00;start_type=ATG;rbs_motif=GGAG/GAGG;rbs_spacer=5-10bp;genetic_code=11;gc_cont=0.669	GENOMAD.212305.CP	4.098E-78	274	0
JBJGKY010000006.1_116 # 131174 # 132025 # 1 # ID=6_116;partial=00;start_type=ATG;rbs_motif=GGA/GAG/AGG;rbs_spacer=5-10bp;genetic_code=11;gc_cont=0.671	GENOMAD.205988.VC	4.537E-04	44	0
JBJGKY010000023.1_65 # 70590 # 72218 # -1 # ID=23_65;partial=00;start_type=ATG;rbs_motif=GGAG/GAGG;rbs_spacer=5-10bp;genetic_code=11;gc_cont=0.670	GENOMAD.140488.CP	1.409E-15	83	0
JBJGKY010000024.1_72 # 83020 # 83511 # -1 # ID=24_72;partial=00;start_type=ATG;rbs_motif=None;rbs_spacer=None;genetic_code=11;gc_cont=0.650	GENOMAD.151641.CP	9.387E-22	94	0
JBJGKY010000025.1_55 # 53207 # 53782 # -1 # ID=25_55;partial=00;start_type=ATG;rbs_motif=None;rbs_spacer=None;genetic_code=11;gc_cont=0.700	GENOMAD.134026.CP	1.391E-29	118	0
JBJGKY010000025.1_87 # 88280 # 88915 # 1 # ID=25_87;partial=00;start_type=ATG;rbs_motif=GGA/GAG/AGG;rbs_spacer=11-12bp;genetic_code=11;gc_cont=0.610	GENOMAD.059655.CP	7.149E-27	111	0
JBJGKY010000006.1_33 # 38862 # 39680 # 1 # ID=6_33;partial=00;start_type=ATG;rbs_motif=None;rbs_spacer=None;genetic_code=11;gc_cont=0.680	GENOMAD.181762.CP	3.185E-139	439	0
JBJGKY010000006.1_97 # 110902 # 111219 # -1 # ID=6_97;partial=00;start_type=ATG;rbs_motif=GGA/GAG/AGG;rbs_spacer=11-12bp;genetic_code=11;gc_cont=0.604	GENOMAD.113516.PC	1.428E-49	171	0
JBJGKY010000002.1_100 # 112969 # 113424 # -1 # ID=2_100;partial=00;start_type=ATG;rbs_motif=None;rbs_spacer=None;genetic_code=11;gc_cont=0.592	GENOMAD.134219.VP	1.879E-60	205	1246
JBJGKY010000002.1_228 # 242903 # 243205 # 1 # ID=2_228;partial=00;start_type=ATG;rbs_motif=GGAG/GAGG;rbs_spacer=5-10bp;genetic_code=11;gc_cont=0.660	GENOMAD.001872.CC	3.759E-06	46	0
JBJGKY010000003.1_29 # 25864 # 26106 # -1 # ID=3_29;partial=00;start_type=ATG;rbs_motif=None;rbs_spacer=None;genetic_code=11;gc_cont=0.646	GENOMAD.108170.CP	2.456E-17	77	0
JBJGKY010000003.1_125 # 149053 # 151722 # 1 # ID=3_125;partial=00;start_type=ATG;rbs_motif=AGGAG;rbs_spacer=5-10bp;genetic_code=11;gc_cont=0.673	GENOMAD.123121.CP	1.230E-10	68	0
JBJGKY010000001.1_68 # 76068 # 76445 # 1 # ID=1_68;partial=00;start_type=ATG;rbs_motif=GGA/GAG/AGG;rbs_spacer=5-10bp;genetic_code=11;gc_cont=0.704	GENOMAD.016773.CC	1.695E-16	77	0
JBJGKY010000001.1_132 # 146180 # 147064 # 1 # ID=1_132;partial=00;start_type=ATG;rbs_motif=None;rbs_spacer=None;genetic_code=11;gc_cont=0.688	GENOMAD.037431.CC	2.704E-143	452	0
JBJGKY010000029.1_19 # 26786 # 28222 # -1 # ID=29_19;partial=00;start_type=ATG;rbs_motif=GGA/GAG/AGG;rbs_spacer=5-10bp;genetic_code=11;gc_cont=0.672	GENOMAD.123417.CP	1.847E-116	384	0
JBJGKY010000029.1_51 # 66108 # 67277 # -1 # ID=29_51;partial=00;start_type=ATG;rbs_motif=None;rbs_spacer=None;genetic_code=11;gc_cont=0.621	GENOMAD.120770.CP	2.266E-05	49	0
JBJGKY010000001.1_227 # 263826 # 264317 # 1 # ID=1_227;partial=00;start_type=ATG;rbs_motif=GGAG/GAGG;rbs_spacer=5-10bp;genetic_code=11;gc_cont=0.614	GENOMAD.054209.CC	1.400E-52	183	0
JBJGKY010000002.1_11 # 10449 # 11612 # 1 # ID=2_11;partial=00;start_type=ATG;rbs_motif=GGA/GAG/AGG;rbs_spacer=5-10bp;genetic_code=11;gc_cont=0.673	GENOMAD.123310.CP	4.587E-66	233	0
JBJGKY010000002.1_107 # 117415 # 117822 # -1 # ID=2_107;partial=00;start_type=ATG;rbs_motif=GGA/GAG/AGG;rbs_spacer=5-10bp;genetic_code=11;gc_cont=0.608	GENOMAD.197764.PC	2.997E-64	215	0
JBJGKY010000017.1_3 # 4497 # 5123 # -1 # ID=17_3;partial=00;start_type=ATG;rbs_motif=GGA/GAG/AGG;rbs_spacer=5-10bp;genetic_code=11;gc_cont=0.718	GENOMAD.006203.CC	1.520E-25	107	0
JBJGKY010000004.1_152 # 169431 # 170966 # -1 # ID=4_152;partial=00;start_type=ATG;rbs_motif=AGGAG;rbs_spacer=5-10bp;genetic_code=11;gc_cont=0.690	GENOMAD.154729.CP	4.190E-06	52	0
JBJGKY010000004.1_184 # 211295 # 213628 # -1 # ID=4_184;partial=00;start_type=GTG;rbs_motif=None;rbs_spacer=None;genetic_code=11;gc_cont=0.587	GENOMAD.125907.CP	2.768E-178	578	0
JBJGKY010000005.1_42 # 53891 # 54361 # -1 # ID=5_42;partial=00;start_type=ATG;rbs_motif=GGAGG;rbs_spacer=5-10bp;genetic_code=11;gc_cont=0.658	GENOMAD.151097.CP	1.429E-12	67	0
JBJGKY010000005.1_74 # 82346 # 84364 # 1 # ID=5_74;partial=00;start_type=GTG;rbs_motif=AGGA;rbs_spacer=5-10bp;genetic_code=11;gc_cont=0.639	GENOMAD.118842.CP	7.849E-90	314	0
JBJGKY010000005.1_106 # 124601 # 124945 # -1 # ID=5_106;partial=00;start_type=ATG;rbs_motif=GGAGG;rbs_spacer=5-10bp;genetic_code=11;gc_cont=0.620	GENOMAD.178606.CP	3.218E-04	41	0
JBJGKY010000019.1_66 # 78379 # 80988 # -1 # ID=19_66;partial=00;start_type=ATG;rbs_motif=None;rbs_spacer=None;genetic_code=11;gc_cont=0.674	GENOMAD.111010.CP	2.801E-149	497	0
JBJGKY010000015.1_23 # 30320 # 31042 # 1 # ID=15_23;partial=00;start_type=ATG;rbs_motif=GGA/GAG/AGG;rbs_spacer=5-10bp;genetic_code=11;gc_cont=0.687	GENOMAD.001567.CC	1.447E-30	123	0
JBJGKY010000015.1_55 # 64478 # 64684 # -1 # ID=15_55;partial=00;start_type=GTG;rbs_motif=None;rbs_spacer=None;genetic_code=11;gc_cont=0.696	GENOMAD.140999.CV	8.890E-08	49	0
JBJGKY010000015.1_87 # 94379 # 94768 # -1 # ID=15_87;partial=00;start_type=ATG;rbs_motif=GGAG/GAGG;rbs_spacer=5-10bp;genetic_code=11;gc_cont=0.638	GENOMAD.169138.CP	3.863E-08	53	0
JBJGKY010000016.1_13 # 19093 # 20328 # 1 # ID=16_13;partial=00;start_type=ATG;rbs_motif=GGA/GAG/AGG;rbs_spacer=5-10bp;genetic_code=11;gc_cont=0.659	GENOMAD.178893.CP	5.046E-05	48	0
JBJGKY010000016.1_77 # 95517 # 96842 # 1 # ID=16_77;partial=00;start_type=ATG;rbs_motif=GGA/GAG/AGG;rbs_spacer=5-10bp;genetic_code=11;gc_cont=0.661	GENOMAD.191002.CP	1.774E-55	204	0
JBJGKY010000017.1_45 # 47481 # 49121 # 1 # ID=17_45;partial=00;start_type=ATG;rbs_motif=GGAG/GAGG;rbs_spacer=5-10bp;genetic_code=11;gc_cont=0.644	GENOMAD.171128.VC	1.896E-21	102	1246
JBJGKY010000001.1_149 # 164393 # 164821 # -1 # ID=1_149;partial=00;start_type=ATG;rbs_motif=None;rbs_spacer=None;genetic_code=11;gc_cont=0.655	GENOMAD.142661.CP	2.226E-29	115	0
JBJGKY010000001.1_181 # 204016 # 204837 # -1 # ID=1_181;partial=00;start_type=TTG;rbs_motif=GGAG/GAGG;rbs_spacer=5-10bp;genetic_code=11;gc_cont=0.663	GENOMAD.182377.PC	3.470E-33	132	0
JBJGKY010000001.1_245 # 284845 # 285243 # -1 # ID=1_245;partial=00;start_type=ATG;rbs_motif=AGGAG;rbs_spacer=5-10bp;genetic_code=11;gc_cont=0.637	GENOMAD.189452.CP	2.947E-30	117	0
JBJGKY010000001.1_277 # 323933 # 324319 # -1 # ID=1_277;partial=00;start_type=ATG;rbs_motif=GGAG/GAGG;rbs_spacer=5-10bp;genetic_code=11;gc_cont=0.677	GENOMAD.141139.CP	8.851E-07	49	0
JBJGKY010000001.1_309 # 363228 # 363608 # -1 # ID=1_309;partial=00;start_type=ATG;rbs_motif=GGA/GAG/AGG;rbs_spacer=11-12bp;genetic_code=11;gc_cont=0.601	GENOMAD.124417.CP	9.953E-04	40	0
JBJGKY010000002.1_29 # 30786 # 32198 # -1 # ID=2_29;partial=00;start_type=ATG;rbs_motif=GGA/GAG/AGG;rbs_spacer=5-10bp;genetic_code=11;gc_cont=0.653	GENOMAD.178675.CP	1.363E-116	384	0
JBJGKY010000015.1_72 # 80315 # 80860 # -1 # ID=15_72;partial=00;start_type=ATG;rbs_motif=None;rbs_spacer=None;genetic_code=11;gc_cont=0.685	GENOMAD.011491.CC	1.283E-35	135	0
JBJGKY010000016.1_70 # 88390 # 89250 # -1 # ID=16_70;partial=00;start_type=ATG;rbs_motif=GGA/GAG/AGG;rbs_spacer=5-10bp;genetic_code=11;gc_cont=0.667	GENOMAD.073106.CV	2.823E-85	284	1246
JBJGKY010000017.1_38 # 39853 # 40341 # -1 # ID=17_38;partial=00;start_type=ATG;rbs_motif=GGAG/GAGG;rbs_spacer=5-10bp;genetic_code=11;gc_cont=0.652	GENOMAD.117180.CP	1.566E-24	102	0
JBJGKY010000017.1_70 # 83277 # 84194 # 1 # ID=17_70;partial=00;start_type=ATG;rbs_motif=GGAG/GAGG;rbs_spacer=5-10bp;genetic_code=11;gc_cont=0.667	GENOMAD.129449.CP	3.680E-50	183	0
JBJGKY010000018.1_43 # 45162 # 45962 # -1 # ID=18_43;partial=00;start_type=ATG;rbs_motif=GGA/GAG/AGG;rbs_spacer=5-10bp;genetic_code=11;gc_cont=0.645	GENOMAD.126969.CP	1.530E-09	61	0
JBJGKY010000018.1_75 # 81203 # 81697 # -1 # ID=18_75;partial=00;start_type=ATG;rbs_motif=None;rbs_spacer=None;genetic_code=11;gc_cont=0.655	GENOMAD.029544.CC	1.677E-59	203	0
JBJGKY010000019.1_41 # 45890 # 46735 # -1 # ID=19_41;partial=00;start_type=ATG;rbs_motif=GGAG/GAGG;rbs_spacer=5-10bp;genetic_code=11;gc_cont=0.625	GENOMAD.026002.CC	1.784E-97	319	0
JBJGKY010000019.1_73 # 87165 # 87890 # 1 # ID=19_73;partial=00;start_type=ATG;rbs_motif=None;rbs_spacer=None;genetic_code=11;gc_cont=0.691	GENOMAD.183678.PC	1.090E-35	138	0
JBJGKY010000007.1_107 # 140038 # 140307 # 1 # ID=7_107;partial=00;start_type=ATG;rbs_motif=None;rbs_spacer=None;genetic_code=11;gc_cont=0.656	GENOMAD.001157.CC	6.008E-43	151	0
JBJGKY010000008.1_124 # 141631 # 141909 # -1 # ID=8_124;partial=00;start_type=ATG;rbs_motif=GGAG/GAGG;rbs_spacer=5-10bp;genetic_code=11;gc_cont=0.699	GENOMAD.097670.CP	3.087E-20	86	0
JBJGKY010000009.1_20 # 22793 # 25495 # -1 # ID=9_20;partial=00;start_type=ATG;rbs_motif=GGA/GAG/AGG;rbs_spacer=5-10bp;genetic_code=11;gc_cont=0.636	GENOMAD.026404.VV	7.253E-49	193	1246
JBJGKY010000009.1_52 # 57089 # 57775 # 1 # ID=9_52;partial=00;start_type=ATG;rbs_motif=None;rbs_spacer=None;genetic_code=11;gc_cont=0.604	GENOMAD.112814.CP	3.382E-55	194	0
JBJGKY010000015.1_36 # 42106 # 42756 # -1 # ID=15_36;partial=00;start_type=ATG;rbs_motif=GGAG/GAGG;rbs_spacer=5-10bp;genetic_code=11;gc_cont=0.677	GENOMAD.130152.CP	1.974E-25	107	0
JBJGKY010000015.1_100 # 108391 # 109698 # -1 # ID=15_100;partial=00;start_type=ATG;rbs_motif=GGA/GAG/AGG;rbs_spacer=5-10bp;genetic_code=11;gc_cont=0.642	GENOMAD.179766.CP	1.323E-87	298	0
JBJGKY010000016.1_58 # 73554 # 74336 # -1 # ID=16_58;partial=00;start_type=ATG;rbs_motif=AGGAG;rbs_spacer=5-10bp;genetic_code=11;gc_cont=0.641	GENOMAD.000823.CC	3.859E-49	178	0
JBJGKY010000016.1_90 # 106110 # 109292 # -1 # ID=16_90;partial=00;start_type=ATG;rbs_motif=GGAG/GAGG;rbs_spacer=5-10bp;genetic_code=11;gc_cont=0.631	GENOMAD.125907.CP	1.410E-208	679	0
JBJGKY010000017.1_26 # 30198 # 31172 # 1 # ID=17_26;partial=00;start_type=ATG;rbs_motif=GGAGG;rbs_spacer=5-10bp;genetic_code=11;gc_cont=0.626	GENOMAD.118517.CP	6.863E-93	308	1246
JBJGKY010000001.1_14 # 15645 # 17093 # -1 # ID=1_14;partial=00;start_type=ATG;rbs_motif=GGAG/GAGG;rbs_spacer=5-10bp;genetic_code=11;gc_cont=0.656	GENOMAD.134141.CP	1.603E-09	63	0
JBJGKY010000001.1_46 # 54094 # 54489 # 1 # ID=1_46;partial=00;start_type=ATG;rbs_motif=GGA/GAG/AGG;rbs_spacer=5-10bp;genetic_code=11;gc_cont=0.644	GENOMAD.205524.PC	2.325E-32	123	0
JBJGKY010000001.1_78 # 84005 # 84625 # -1 # ID=1_78;partial=00;start_type=ATG;rbs_motif=None;rbs_spacer=None;genetic_code=11;gc_cont=0.675	GENOMAD.140552.CP	1.196E-08	57	0
JBJGKY010000001.1_142 # 157184 # 157999 # 1 # ID=1_142;partial=00;start_type=ATG;rbs_motif=GGAG/GAGG;rbs_spacer=5-10bp;genetic_code=11;gc_cont=0.701	GENOMAD.179467.CP	2.010E-26	112	0
JBJGKY010000001.1_238 # 275386 # 277644 # 1 # ID=1_238;partial=00;start_type=ATG;rbs_motif=None;rbs_spacer=None;genetic_code=11;gc_cont=0.739	GENOMAD.027336.CC	3.043E-45	180	0
JBJGKY010000016.1_46 # 55711 # 57894 # -1 # ID=16_46;partial=00;start_type=ATG;rbs_motif=GGAG/GAGG;rbs_spacer=5-10bp;genetic_code=11;gc_cont=0.627	GENOMAD.130354.CP	3.372E-116	394	0
JBJGKY010000018.1_51 # 52405 # 53007 # 1 # ID=18_51;partial=00;start_type=ATG;rbs_motif=GGAG/GAGG;rbs_spacer=5-10bp;genetic_code=11;gc_cont=0.653	GENOMAD.130406.CP	2.101E-05	47	1246
JBJGKY010000018.1_83 # 89228 # 89689 # 1 # ID=18_83;partial=00;start_type=GTG;rbs_motif=GGAG/GAGG;rbs_spacer=5-10bp;genetic_code=11;gc_cont=0.626	GENOMAD.132461.CP	1.773E-06	49	0
JBJGKY010000003.1_147 # 185751 # 186701 # 1 # ID=3_147;partial=00;start_type=ATG;rbs_motif=GGA/GAG/AGG;rbs_spacer=5-10bp;genetic_code=11;gc_cont=0.682	GENOMAD.129199.CP	4.188E-40	154	0
JBJGKY010000004.1_68 # 75027 # 75977 # -1 # ID=4_68;partial=00;start_type=ATG;rbs_motif=None;rbs_spacer=None;genetic_code=11;gc_cont=0.687	GENOMAD.152486.CP	2.310E-83	280	0
JBJGKY010000004.1_100 # 113267 # 113812 # -1 # ID=4_100;partial=00;start_type=ATG;rbs_motif=AGGA;rbs_spacer=5-10bp;genetic_code=11;gc_cont=0.689	GENOMAD.015629.CC	1.484E-04	44	0
JBJGKY010000004.1_132 # 147556 # 148359 # 1 # ID=4_132;partial=00;start_type=ATG;rbs_motif=GGAG/GAGG;rbs_spacer=5-10bp;genetic_code=11;gc_cont=0.692	GENOMAD.016394.CC	1.034E-114	368	0
JBJGKY010000004.1_164 # 185137 # 186225 # -1 # ID=4_164;partial=00;start_type=GTG;rbs_motif=GGAG/GAGG;rbs_spacer=5-10bp;genetic_code=11;gc_cont=0.645	GENOMAD.207450.CP	1.427E-22	103	0
JBJGKY010000004.1_196 # 225560 # 226834 # -1 # ID=4_196;partial=00;start_type=ATG;rbs_motif=GGA/GAG/AGG;rbs_spacer=5-10bp;genetic_code=11;gc_cont=0.660	GENOMAD.031297.CC	1.460E-44	171	0
JBJGKY010000013.1_7 # 11652 # 11966 # -1 # ID=13_7;partial=00;start_type=ATG;rbs_motif=GGAG/GAGG;rbs_spacer=5-10bp;genetic_code=11;gc_cont=0.629	GENOMAD.210365.PC	5.370E-12	63	0
JBJGKY010000013.1_39 # 43253 # 43543 # 1 # ID=13_39;partial=00;start_type=ATG;rbs_motif=None;rbs_spacer=None;genetic_code=11;gc_cont=0.636	GENOMAD.194235.PC	1.401E-14	70	0
JBJGKY010000013.1_71 # 83969 # 86350 # -1 # ID=13_71;partial=00;start_type=ATG;rbs_motif=GGA/GAG/AGG;rbs_spacer=5-10bp;genetic_code=11;gc_cont=0.632	GENOMAD.146534.CP	6.259E-05	49	0
JBJGKY010000014.1_8 # 6655 # 6966 # 1 # ID=14_8;partial=00;start_type=ATG;rbs_motif=AGGAG;rbs_spacer=5-10bp;genetic_code=11;gc_cont=0.628	GENOMAD.141885.CP	1.447E-40	145	0
JBJGKY010000014.1_72 # 98584 # 99195 # -1 # ID=14_72;partial=00;start_type=ATG;rbs_motif=GGAG/GAGG;rbs_spacer=5-10bp;genetic_code=11;gc_cont=0.647	GENOMAD.162179.PC	9.846E-05	45	0
JBJGKY010000033.1_9 # 3003 # 4466 # 1 # ID=33_9;partial=00;start_type=ATG;rbs_motif=GGA/GAG/AGG;rbs_spacer=5-10bp;genetic_code=11;gc_cont=0.592	GENOMAD.083062.VV	1.652E-87	300	2773
JBJGKY010000035.1_5 # 5815 # 7977 # -1 # ID=35_5;partial=00;start_type=ATG;rbs_motif=None;rbs_spacer=None;genetic_code=11;gc_cont=0.706	GENOMAD.102032.CP	4.722E-45	179	0
JBJGKY010000038.1_4 # 2120 # 2680 # 1 # ID=38_4;partial=00;start_type=ATG;rbs_motif=GGAG/GAGG;rbs_spacer=5-10bp;genetic_code=11;gc_cont=0.586	GENOMAD.180325.PC	2.943E-46	166	0
JBJGKY010000039.1_4 # 1581 # 2549 # -1 # ID=39_4;partial=00;start_type=ATG;rbs_motif=AGGA;rbs_spacer=5-10bp;genetic_code=11;gc_cont=0.613	GENOMAD.098179.CP	3.287E-05	48	0
JBJGKY010000012.1_76 # 103510 # 104445 # 1 # ID=12_76;partial=00;start_type=ATG;rbs_motif=GGAG/GAGG;rbs_spacer=5-10bp;genetic_code=11;gc_cont=0.657	GENOMAD.159926.CP	2.044E-35	140	0
JBJGKY010000013.1_73 # 87270 # 87752 # -1 # ID=13_73;partial=00;start_type=ATG;rbs_motif=GGAG/GAGG;rbs_spacer=5-10bp;genetic_code=11;gc_cont=0.600	GENOMAD.123087.CP	5.513E-53	184	1246
JBJGKY010000014.1_42 # 52175 # 53395 # 1 # ID=14_42;partial=00;start_type=ATG;rbs_motif=None;rbs_spacer=None;genetic_code=11;gc_cont=0.674	GENOMAD.118734.CP	1.001E-36	147	0
JBJGKY010000001.1_302 # 356711 # 357838 # 1 # ID=1_302;partial=00;start_type=ATG;rbs_motif=None;rbs_spacer=None;genetic_code=11;gc_cont=0.658	GENOMAD.103333.CP	2.103E-59	213	0
JBJGKY010000002.1_14 # 14498 # 15499 # -1 # ID=2_14;partial=00;start_type=ATG;rbs_motif=GGA/GAG/AGG;rbs_spacer=5-10bp;genetic_code=11;gc_cont=0.647	GENOMAD.158122.CP	2.026E-139	443	0
JBJGKY010000002.1_46 # 51289 # 51582 # 1 # ID=2_46;partial=00;start_type=ATG;rbs_motif=GGA/GAG/AGG;rbs_spacer=5-10bp;genetic_code=11;gc_cont=0.565	GENOMAD.142002.VC	1.840E-04	41	1246
JBJGKY010000002.1_78 # 88245 # 89516 # -1 # ID=2_78;partial=00;start_type=ATG;rbs_motif=GGA/GAG/AGG;rbs_spacer=5-10bp;genetic_code=11;gc_cont=0.688	GENOMAD.170827.CP	1.526E-06	53	0
JBJGKY010000018.1_73 # 78569 # 79804 # -1 # ID=18_73;partial=00;start_type=ATG;rbs_motif=AGGA;rbs_spacer=5-10bp;genetic_code=11;gc_cont=0.635	GENOMAD.101078.CP	4.149E-08	58	0
JBJGKY010000019.1_71 # 85747 # 86781 # 1 # ID=19_71;partial=00;start_type=ATG;rbs_motif=GGA/GAG/AGG;rbs_spacer=11-12bp;genetic_code=11;gc_cont=0.646	GENOMAD.180523.PC	1.422E-83	282	0
JBJGKY010000020.1_46 # 63189 # 64733 # -1 # ID=20_46;partial=00;start_type=ATG;rbs_motif=GGA/GAG/AGG;rbs_spacer=5-10bp;genetic_code=11;gc_cont=0.665	GENOMAD.109407.CP	2.992E-117	388	0
JBJGKY010000020.1_78 # 99722 # 100150 # 1 # ID=20_78;partial=00;start_type=ATG;rbs_motif=GGA/GAG/AGG;rbs_spacer=5-10bp;genetic_code=11;gc_cont=0.613	GENOMAD.078681.CV	1.335E-51	179	1246
JBJGKY010000021.1_29 # 44257 # 45792 # -1 # ID=21_29;partial=00;start_type=ATG;rbs_motif=GGAG/GAGG;rbs_spacer=5-10bp;genetic_code=11;gc_cont=0.615	GENOMAD.158496.CP	8.005E-87	299	0
JBJGKY010000029.1_57 # 74964 # 75827 # 1 # ID=29_57;partial=00;start_type=ATG;rbs_motif=GGA/GAG/AGG;rbs_spacer=5-10bp;genetic_code=11;gc_cont=0.641	GENOMAD.189659.CP	2.268E-04	45	0
JBJGKY010000030.1_29 # 48509 # 49552 # 1 # ID=30_29;partial=00;start_type=ATG;rbs_motif=GGAGG;rbs_spacer=5-10bp;genetic_code=11;gc_cont=0.712	GENOMAD.179387.PC	1.933E-43	165	0
JBJGKY010000031.1_9 # 15950 # 16237 # -1 # ID=31_9;partial=00;start_type=ATG;rbs_motif=AGGA;rbs_spacer=5-10bp;genetic_code=11;gc_cont=0.615	GENOMAD.214699.PC	2.914E-53	181	0
JBJGKY010000034.1_33 # 30930 # 32918 # 1 # ID=34_33;partial=00;start_type=ATG;rbs_motif=None;rbs_spacer=None;genetic_code=11;gc_cont=0.661	GENOMAD.137760.CP	1.426E-62	232	0
JBJGKY010000009.1_94 # 106785 # 107519 # -1 # ID=9_94;partial=00;start_type=ATG;rbs_motif=None;rbs_spacer=None;genetic_code=11;gc_cont=0.657	GENOMAD.161593.CP	1.374E-33	132	0
JBJGKY010000004.1_14 # 11159 # 11851 # -1 # ID=4_14;partial=00;start_type=GTG;rbs_motif=GGA/GAG/AGG;rbs_spacer=5-10bp;genetic_code=11;gc_cont=0.662	GENOMAD.113324.CP	2.014E-32	128	0
JBJGKY010000004.1_110 # 120307 # 122205 # 1 # ID=4_110;partial=00;start_type=ATG;rbs_motif=GGAG/GAGG;rbs_spacer=5-10bp;genetic_code=11;gc_cont=0.677	GENOMAD.111067.CV	4.169E-08	59	0
JBJGKY010000004.1_174 # 196014 # 196493 # 1 # ID=4_174;partial=00;start_type=ATG;rbs_motif=GGA/GAG/AGG;rbs_spacer=5-10bp;genetic_code=11;gc_cont=0.631	GENOMAD.126968.VC	1.653E-22	96	1246
JBJGKY010000004.1_206 # 237968 # 238957 # 1 # ID=4_206;partial=00;start_type=ATG;rbs_motif=GGA/GAG/AGG;rbs_spacer=11-12bp;genetic_code=11;gc_cont=0.724	GENOMAD.145363.CP	1.074E-44	168	0
JBJGKY010000005.1_32 # 41466 # 41984 # -1 # ID=5_32;partial=00;start_type=ATG;rbs_motif=None;rbs_spacer=None;genetic_code=11;gc_cont=0.644	GENOMAD.128855.CP	4.640E-25	104	0
JBJGKY010000004.1_114 # 127224 # 128171 # -1 # ID=4_114;partial=00;start_type=ATG;rbs_motif=None;rbs_spacer=None;genetic_code=11;gc_cont=0.661	GENOMAD.101807.CP	1.683E-42	161	0
JBJGKY010000045.1_6 # 7183 # 8229 # -1 # ID=45_6;partial=00;start_type=ATG;rbs_motif=AGGA/GGAG/GAGG;rbs_spacer=11-12bp;genetic_code=11;gc_cont=0.662	GENOMAD.101053.CP	3.546E-16	83	1246
JBJGKY010000053.1_16 # 13131 # 14195 # -1 # ID=53_16;partial=00;start_type=ATG;rbs_motif=None;rbs_spacer=None;genetic_code=11;gc_cont=0.564	GENOMAD.123137.PC	1.001E-45	172	0
JBJGKY010000059.1_3 # 1630 # 2058 # -1 # ID=59_3;partial=00;start_type=ATG;rbs_motif=GGA/GAG/AGG;rbs_spacer=5-10bp;genetic_code=11;gc_cont=0.608	GENOMAD.101014.VV	9.116E-31	119	0
JBJGKY010000017.1_32 # 34566 # 35486 # -1 # ID=17_32;partial=00;start_type=ATG;rbs_motif=None;rbs_spacer=None;genetic_code=11;gc_cont=0.684	GENOMAD.060882.CP	2.235E-27	116	1246
JBJGKY010000004.1_202 # 233068 # 233994 # 1 # ID=4_202;partial=00;start_type=ATG;rbs_motif=None;rbs_spacer=None;genetic_code=11;gc_cont=0.657	GENOMAD.091839.CV	3.465E-06	51	1246
JBJGKY010000005.1_60 # 68496 # 68867 # -1 # ID=5_60;partial=00;start_type=ATG;rbs_motif=GGA/GAG/AGG;rbs_spacer=5-10bp;genetic_code=11;gc_cont=0.694	GENOMAD.091113.CP	5.544E-52	179	0
JBJGKY010000001.1_308 # 362574 # 362981 # -1 # ID=1_308;partial=00;start_type=ATG;rbs_motif=GGAGG;rbs_spacer=5-10bp;genetic_code=11;gc_cont=0.615	GENOMAD.124417.CP	5.252E-06	47	0
JBJGKY010000002.1_148 # 158085 # 158726 # 1 # ID=2_148;partial=00;start_type=ATG;rbs_motif=AGGAG;rbs_spacer=5-10bp;genetic_code=11;gc_cont=0.603	GENOMAD.195028.PC	7.169E-84	276	0
JBJGKY010000002.1_180 # 196100 # 196861 # 1 # ID=2_180;partial=00;start_type=ATG;rbs_motif=AGGAG;rbs_spacer=5-10bp;genetic_code=11;gc_cont=0.615	GENOMAD.129876.CP	3.172E-37	143	0
JBJGKY010000002.1_244 # 259365 # 260636 # -1 # ID=2_244;partial=00;start_type=ATG;rbs_motif=GGA/GAG/AGG;rbs_spacer=5-10bp;genetic_code=11;gc_cont=0.698	GENOMAD.141361.CP	1.566E-64	230	0
JBJGKY010000003.1_13 # 12327 # 12659 # -1 # ID=3_13;partial=00;start_type=ATG;rbs_motif=AGGAG;rbs_spacer=5-10bp;genetic_code=11;gc_cont=0.562	GENOMAD.133137.CV	1.836E-09	56	0
JBJGKY010000003.1_141 # 173601 # 174809 # -1 # ID=3_141;partial=00;start_type=GTG;rbs_motif=GGA/GAG/AGG;rbs_spacer=5-10bp;genetic_code=11;gc_cont=0.711	GENOMAD.177428.CP	1.715E-129	418	0
JBJGKY010000001.1_140 # 154515 # 155924 # -1 # ID=1_140;partial=00;start_type=ATG;rbs_motif=GGAG/GAGG;rbs_spacer=5-10bp;genetic_code=11;gc_cont=0.629	GENOMAD.120657.CP	6.666E-24	109	0
JBJGKY010000001.1_172 # 193743 # 194855 # -1 # ID=1_172;partial=00;start_type=ATG;rbs_motif=GGAG/GAGG;rbs_spacer=5-10bp;genetic_code=11;gc_cont=0.650	GENOMAD.161503.CP	7.288E-04	44	0
JBJGKY010000001.1_204 # 239303 # 242650 # 1 # ID=1_204;partial=00;start_type=ATG;rbs_motif=None;rbs_spacer=None;genetic_code=11;gc_cont=0.676	GENOMAD.192015.CP	1.581E-37	157	0
JBJGKY010000001.1_236 # 273247 # 274146 # 1 # ID=1_236;partial=00;start_type=GTG;rbs_motif=AGGA/GGAG/GAGG;rbs_spacer=11-12bp;genetic_code=11;gc_cont=0.682	GENOMAD.132513.CP	1.783E-07	55	0
JBJGKY010000002.1_20 # 21362 # 21718 # 1 # ID=2_20;partial=00;start_type=ATG;rbs_motif=None;rbs_spacer=None;genetic_code=11;gc_cont=0.613	GENOMAD.124431.CP	1.753E-21	91	0
JBJGKY010000002.1_84 # 94218 # 95141 # 1 # ID=2_84;partial=00;start_type=ATG;rbs_motif=None;rbs_spacer=None;genetic_code=11;gc_cont=0.710	GENOMAD.081094.CV	4.677E-30	124	1246
JBJGKY010000006.1_112 # 126518 # 127753 # 1 # ID=6_112;partial=00;start_type=ATG;rbs_motif=None;rbs_spacer=None;genetic_code=11;gc_cont=0.649	GENOMAD.000049.CC	9.911E-91	306	0
JBJGKY010000043.1_18 # 10623 # 11615 # -1 # ID=43_18;partial=00;start_type=ATG;rbs_motif=GGA/GAG/AGG;rbs_spacer=5-10bp;genetic_code=11;gc_cont=0.647	GENOMAD.113335.PC	1.097E-07	56	0
JBJGKY010000044.1_20 # 19716 # 21404 # 1 # ID=44_20;partial=00;start_type=GTG;rbs_motif=None;rbs_spacer=None;genetic_code=11;gc_cont=0.661	GENOMAD.091942.CP	6.137E-11	68	0
JBJGKY010000051.1_6 # 3264 # 3602 # -1 # ID=51_6;partial=00;start_type=ATG;rbs_motif=GGA/GAG/AGG;rbs_spacer=5-10bp;genetic_code=11;gc_cont=0.649	GENOMAD.195024.PC	6.682E-04	40	0
JBJGKY010000053.1_8 # 7321 # 7842 # 1 # ID=53_8;partial=00;start_type=ATG;rbs_motif=None;rbs_spacer=None;genetic_code=11;gc_cont=0.489	GENOMAD.086806.PP	5.009E-34	130	0
JBJGKY010000016.1_92 # 111750 # 114521 # 1 # ID=16_92;partial=00;start_type=ATG;rbs_motif=None;rbs_spacer=None;genetic_code=11;gc_cont=0.669	GENOMAD.154381.CP	1.915E-33	143	0
JBJGKY010000017.1_28 # 31808 # 32551 # -1 # ID=17_28;partial=00;start_type=GTG;rbs_motif=GGA/GAG/AGG;rbs_spacer=11-12bp;genetic_code=11;gc_cont=0.750	GENOMAD.120988.CP	3.471E-73	247	0
JBJGKY010000017.1_60 # 73360 # 74229 # -1 # ID=17_60;partial=00;start_type=ATG;rbs_motif=AGGA;rbs_spacer=5-10bp;genetic_code=11;gc_cont=0.637	GENOMAD.037271.CC	6.196E-06	50	0
JBJGKY010000018.1_1 # 96 # 362 # -1 # ID=18_1;partial=00;start_type=ATG;rbs_motif=GGA/GAG/AGG;rbs_spacer=5-10bp;genetic_code=11;gc_cont=0.603	GENOMAD.031536.PP	1.926E-38	138	0
JBJGKY010000018.1_33 # 32460 # 34079 # -1 # ID=18_33;partial=00;start_type=ATG;rbs_motif=GGxGG;rbs_spacer=3-4bp;genetic_code=11;gc_cont=0.631	GENOMAD.162180.CP	1.872E-114	381	0
JBJGKY010000018.1_97 # 104485 # 105465 # -1 # ID=18_97;partial=00;start_type=ATG;rbs_motif=None;rbs_spacer=None;genetic_code=11;gc_cont=0.679	GENOMAD.205455.PC	1.427E-35	141	0
JBJGKY010000019.1_31 # 33249 # 33734 # 1 # ID=19_31;partial=00;start_type=ATG;rbs_motif=None;rbs_spacer=None;genetic_code=11;gc_cont=0.646	GENOMAD.097044.CV	2.371E-28	113	0
JBJGKY010000019.1_63 # 75236 # 76366 # -1 # ID=19_63;partial=00;start_type=ATG;rbs_motif=None;rbs_spacer=None;genetic_code=11;gc_cont=0.675	GENOMAD.143077.CP	5.144E-06	51	0
JBJGKY010000002.1_251 # 268739 # 269833 # -1 # ID=2_251;partial=00;start_type=ATG;rbs_motif=GGxGG;rbs_spacer=3-4bp;genetic_code=11;gc_cont=0.647	GENOMAD.145955.PC	1.762E-35	142	0
JBJGKY010000003.1_20 # 18440 # 19540 # -1 # ID=3_20;partial=00;start_type=ATG;rbs_motif=GGA/GAG/AGG;rbs_spacer=5-10bp;genetic_code=11;gc_cont=0.688	GENOMAD.121921.CP	8.444E-175	547	0
JBJGKY010000003.1_84 # 96196 # 96858 # 1 # ID=3_84;partial=00;start_type=ATG;rbs_motif=None;rbs_spacer=None;genetic_code=11;gc_cont=0.671	GENOMAD.137611.CP	5.209E-24	103	0
JBJGKY010000003.1_148 # 186698 # 187573 # 1 # ID=3_148;partial=00;start_type=ATG;rbs_motif=None;rbs_spacer=None;genetic_code=11;gc_cont=0.707	GENOMAD.001998.CC	1.296E-32	131	0
JBJGKY010000008.1_126 # 142915 # 144900 # 1 # ID=8_126;partial=00;start_type=ATG;rbs_motif=GGAG/GAGG;rbs_spacer=5-10bp;genetic_code=11;gc_cont=0.669	GENOMAD.142438.CP	1.329E-09	64	1246
JBJGKY010000009.1_22 # 26968 # 27654 # -1 # ID=9_22;partial=00;start_type=ATG;rbs_motif=GGAG/GAGG;rbs_spacer=5-10bp;genetic_code=11;gc_cont=0.686	GENOMAD.207981.CP	8.348E-124	392	0
JBJGKY010000009.1_86 # 95603 # 96598 # 1 # ID=9_86;partial=00;start_type=ATG;rbs_motif=GGA/GAG/AGG;rbs_spacer=5-10bp;genetic_code=11;gc_cont=0.675	GENOMAD.109687.CP	7.089E-05	47	0
JBJGKY010000010.1_43 # 56398 # 57723 # 1 # ID=10_43;partial=00;start_type=ATG;rbs_motif=GGA/GAG/AGG;rbs_spacer=5-10bp;genetic_code=11;gc_cont=0.656	GENOMAD.152654.CP	1.143E-08	60	0
JBJGKY010000011.1_6 # 4274 # 4807 # 1 # ID=11_6;partial=00;start_type=ATG;rbs_motif=GGAGG;rbs_spacer=5-10bp;genetic_code=11;gc_cont=0.639	GENOMAD.081842.CV	1.232E-24	103	0
JBJGKY010000003.1_72 # 73741 # 74514 # -1 # ID=3_72;partial=00;start_type=ATG;rbs_motif=GGA/GAG/AGG;rbs_spacer=5-10bp;genetic_code=11;gc_cont=0.665	GENOMAD.194782.CP	3.627E-16	81	0
JBJGKY010000003.1_136 # 168354 # 169859 # 1 # ID=3_136;partial=00;start_type=ATG;rbs_motif=GGA/GAG/AGG;rbs_spacer=11-12bp;genetic_code=11;gc_cont=0.651	GENOMAD.167282.CP	2.499E-34	142	0
JBJGKY010000003.1_200 # 249542 # 250780 # 1 # ID=3_200;partial=00;start_type=ATG;rbs_motif=GGAG/GAGG;rbs_spacer=5-10bp;genetic_code=11;gc_cont=0.659	GENOMAD.147262.CP	5.374E-89	301	0
JBJGKY010000004.1_57 # 57205 # 59307 # 1 # ID=4_57;partial=00;start_type=ATG;rbs_motif=GGAG/GAGG;rbs_spacer=5-10bp;genetic_code=11;gc_cont=0.633	GENOMAD.053052.VV	5.178E-23	108	0
JBJGKY010000004.1_89 # 98327 # 99544 # 1 # ID=4_89;partial=00;start_type=ATG;rbs_motif=None;rbs_spacer=None;genetic_code=11;gc_cont=0.698	GENOMAD.179434.CP	2.035E-04	46	0
JBJGKY010000016.1_76 # 94962 # 95309 # 1 # ID=16_76;partial=00;start_type=ATG;rbs_motif=GGAG/GAGG;rbs_spacer=5-10bp;genetic_code=11;gc_cont=0.678	GENOMAD.013799.CC	3.799E-52	179	0
JBJGKY010000017.1_12 # 12605 # 14527 # -1 # ID=17_12;partial=00;start_type=ATG;rbs_motif=AGGA;rbs_spacer=5-10bp;genetic_code=11;gc_cont=0.658	GENOMAD.145392.CP	4.350E-77	275	0
JBJGKY010000017.1_76 # 87634 # 88989 # 1 # ID=17_76;partial=00;start_type=ATG;rbs_motif=GGAGG;rbs_spacer=3-4bp;genetic_code=11;gc_cont=0.660	GENOMAD.196632.PC	1.444E-82	284	0
JBJGKY010000018.1_17 # 15603 # 16781 # -1 # ID=18_17;partial=00;start_type=ATG;rbs_motif=GGA/GAG/AGG;rbs_spacer=11-12bp;genetic_code=11;gc_cont=0.625	GENOMAD.092833.CV	1.510E-96	322	0
JBJGKY010000018.1_49 # 49833 # 50303 # 1 # ID=18_49;partial=00;start_type=GTG;rbs_motif=GGAG/GAGG;rbs_spacer=5-10bp;genetic_code=11;gc_cont=0.648	GENOMAD.134025.CP	2.646E-42	153	0
JBJGKY010000034.1_16 # 16977 # 17828 # -1 # ID=34_16;partial=00;start_type=ATG;rbs_motif=GGA/GAG/AGG;rbs_spacer=5-10bp;genetic_code=11;gc_cont=0.674	GENOMAD.019505.CC	3.310E-100	327	0
JBJGKY010000035.1_3 # 3574 # 4167 # -1 # ID=35_3;partial=00;start_type=ATG;rbs_motif=GGA/GAG/AGG;rbs_spacer=5-10bp;genetic_code=11;gc_cont=0.702	GENOMAD.211378.PC	1.869E-15	77	0
JBJGKY010000038.1_2 # 208 # 468 # 1 # ID=38_2;partial=00;start_type=ATG;rbs_motif=GGAGG;rbs_spacer=3-4bp;genetic_code=11;gc_cont=0.655	GENOMAD.223849.VP	3.135E-10	57	0
JBJGKY010000024.1_34 # 34423 # 35409 # -1 # ID=24_34;partial=00;start_type=ATG;rbs_motif=AGGAG;rbs_spacer=5-10bp;genetic_code=11;gc_cont=0.616	GENOMAD.076707.PP	3.356E-175	546	0
JBJGKY010000025.1_17 # 15338 # 16060 # 1 # ID=25_17;partial=00;start_type=ATG;rbs_motif=None;rbs_spacer=None;genetic_code=11;gc_cont=0.675	GENOMAD.145475.CP	7.356E-05	46	0
JBJGKY010000025.1_81 # 81332 # 82417 # -1 # ID=25_81;partial=00;start_type=ATG;rbs_motif=GGA/GAG/AGG;rbs_spacer=5-10bp;genetic_code=11;gc_cont=0.652	GENOMAD.058649.CP	1.110E-18	91	0
JBJGKY010000026.1_55 # 79851 # 81038 # -1 # ID=26_55;partial=00;start_type=ATG;rbs_motif=GGA/GAG/AGG;rbs_spacer=5-10bp;genetic_code=11;gc_cont=0.644	GENOMAD.143010.CP	2.493E-15	81	0
JBJGKY010000007.1_121 # 157841 # 158500 # -1 # ID=7_121;partial=00;start_type=ATG;rbs_motif=GGAG/GAGG;rbs_spacer=5-10bp;genetic_code=11;gc_cont=0.620	GENOMAD.111859.CP	3.327E-15	77	0
JBJGKY010000013.1_49 # 54804 # 55280 # 1 # ID=13_49;partial=00;start_type=ATG;rbs_motif=AGGAG;rbs_spacer=5-10bp;genetic_code=11;gc_cont=0.616	GENOMAD.108036.CP	9.436E-06	47	0
JBJGKY010000012.1_64 # 86305 # 86706 # -1 # ID=12_64;partial=00;start_type=GTG;rbs_motif=GGAG/GAGG;rbs_spacer=5-10bp;genetic_code=11;gc_cont=0.600	GENOMAD.116980.PP	3.599E-53	183	0
JBJGKY010000013.1_61 # 70314 # 70763 # 1 # ID=13_61;partial=00;start_type=ATG;rbs_motif=GGA/GAG/AGG;rbs_spacer=5-10bp;genetic_code=11;gc_cont=0.656	GENOMAD.049078.CC	5.926E-11	62	0
JBJGKY010000014.1_62 # 74684 # 77137 # 1 # ID=14_62;partial=00;start_type=ATG;rbs_motif=AGGAG;rbs_spacer=5-10bp;genetic_code=11;gc_cont=0.634	GENOMAD.171155.CP	2.631E-04	47	0
JBJGKY010000014.1_94 # 125870 # 126880 # 1 # ID=14_94;partial=00;start_type=ATG;rbs_motif=GGAG/GAGG;rbs_spacer=5-10bp;genetic_code=11;gc_cont=0.698	GENOMAD.167831.PC	4.600E-63	222	0
JBJGKY010000029.1_25 # 32373 # 34250 # -1 # ID=29_25;partial=00;start_type=ATG;rbs_motif=AGGAG;rbs_spacer=5-10bp;genetic_code=11;gc_cont=0.654	GENOMAD.151024.CP	1.672E-07	57	0
JBJGKY010000029.1_48 # 64387 # 64689 # -1 # ID=29_48;partial=00;start_type=GTG;rbs_motif=GGA/GAG/AGG;rbs_spacer=5-10bp;genetic_code=11;gc_cont=0.611	GENOMAD.142672.PC	4.661E-35	129	0
JBJGKY010000023.1_20 # 21591 # 21761 # -1 # ID=23_20;partial=00;start_type=ATG;rbs_motif=GGA/GAG/AGG;rbs_spacer=5-10bp;genetic_code=11;gc_cont=0.579	GENOMAD.151036.CV	7.719E-11	57	0
JBJGKY010000025.1_10 # 6451 # 7842 # -1 # ID=25_10;partial=00;start_type=ATG;rbs_motif=None;rbs_spacer=None;genetic_code=11;gc_cont=0.656	GENOMAD.000379.CC	3.639E-26	116	0
JBJGKY010000025.1_42 # 40520 # 41035 # 1 # ID=25_42;partial=00;start_type=ATG;rbs_motif=GGAG/GAGG;rbs_spacer=5-10bp;genetic_code=11;gc_cont=0.645	GENOMAD.208558.PC	5.766E-07	51	0
JBJGKY010000025.1_74 # 74445 # 75722 # 1 # ID=25_74;partial=00;start_type=ATG;rbs_motif=None;rbs_spacer=None;genetic_code=11;gc_cont=0.658	GENOMAD.133044.CP	5.805E-30	127	0
JBJGKY010000026.1_16 # 32293 # 34287 # 1 # ID=26_16;partial=00;start_type=GTG;rbs_motif=GGA/GAG/AGG;rbs_spacer=5-10bp;genetic_code=11;gc_cont=0.662	GENOMAD.145352.CP	6.149E-91	317	0
JBJGKY010000018.1_12 # 9206 # 9526 # 1 # ID=18_12;partial=00;start_type=ATG;rbs_motif=None;rbs_spacer=None;genetic_code=11;gc_cont=0.607	GENOMAD.110127.CP	9.165E-39	140	0
JBJGKY010000018.1_44 # 46111 # 47259 # -1 # ID=18_44;partial=00;start_type=ATG;rbs_motif=GGA/GAG/AGG;rbs_spacer=5-10bp;genetic_code=11;gc_cont=0.655	GENOMAD.126770.CP	4.194E-09	61	0
JBJGKY010000019.1_42 # 46787 # 47056 # -1 # ID=19_42;partial=00;start_type=GTG;rbs_motif=GGAG/GAGG;rbs_spacer=5-10bp;genetic_code=11;gc_cont=0.600	GENOMAD.167952.CP	8.299E-17	76	0
JBJGKY010000009.1_16 # 16229 # 17086 # 1 # ID=9_16;partial=00;start_type=ATG;rbs_motif=GGAG/GAGG;rbs_spacer=5-10bp;genetic_code=11;gc_cont=0.671	GENOMAD.159525.PC	2.312E-96	316	0
JBJGKY010000009.1_48 # 50415 # 52544 # 1 # ID=9_48;partial=00;start_type=ATG;rbs_motif=None;rbs_spacer=None;genetic_code=11;gc_cont=0.697	GENOMAD.151639.CP	1.367E-186	599	0
JBJGKY010000009.1_80 # 84196 # 87231 # -1 # ID=9_80;partial=00;start_type=ATG;rbs_motif=None;rbs_spacer=None;genetic_code=11;gc_cont=0.667	GENOMAD.140631.CP	1.691E-04	48	0
JBJGKY010000009.1_112 # 123685 # 124617 # 1 # ID=9_112;partial=00;start_type=ATG;rbs_motif=None;rbs_spacer=None;genetic_code=11;gc_cont=0.719	GENOMAD.007571.CC	4.426E-16	82	0
JBJGKY010000010.1_37 # 46779 # 48050 # -1 # ID=10_37;partial=00;start_type=ATG;rbs_motif=None;rbs_spacer=None;genetic_code=11;gc_cont=0.671	GENOMAD.099160.CP	5.183E-09	61	0
JBJGKY010000010.1_69 # 92162 # 92818 # -1 # ID=10_69;partial=00;start_type=ATG;rbs_motif=GGA/GAG/AGG;rbs_spacer=5-10bp;genetic_code=11;gc_cont=0.667	GENOMAD.127063.CP	9.011E-27	111	0
JBJGKY010000010.1_101 # 141330 # 142244 # -1 # ID=10_101;partial=01;start_type=Edge;rbs_motif=None;rbs_spacer=None;genetic_code=11;gc_cont=0.623	GENOMAD.022765.PP	7.469E-163	509	0
JBJGKY010000011.1_32 # 27746 # 28273 # 1 # ID=11_32;partial=00;start_type=ATG;rbs_motif=AGGA;rbs_spacer=5-10bp;genetic_code=11;gc_cont=0.634	GENOMAD.000001.CC	3.628E-56	194	0
JBJGKY010000036.1_7 # 5038 # 6975 # 1 # ID=36_7;partial=00;start_type=ATG;rbs_motif=GGAG/GAGG;rbs_spacer=5-10bp;genetic_code=11;gc_cont=0.658	GENOMAD.209487.PC	2.378E-05	50	0
JBJGKY010000007.1_99 # 130493 # 131878 # -1 # ID=7_99;partial=00;start_type=ATG;rbs_motif=AGGAG;rbs_spacer=5-10bp;genetic_code=11;gc_cont=0.644	GENOMAD.007125.CC	3.211E-38	153	0
JBJGKY010000007.1_131 # 167412 # 167885 # -1 # ID=7_131;partial=00;start_type=ATG;rbs_motif=GGA/GAG/AGG;rbs_spacer=5-10bp;genetic_code=11;gc_cont=0.673	GENOMAD.000166.CC	1.826E-08	55	0
JBJGKY010000008.1_84 # 100591 # 101910 # -1 # ID=8_84;partial=00;start_type=ATG;rbs_motif=AGGAG;rbs_spacer=5-10bp;genetic_code=11;gc_cont=0.669	GENOMAD.125873.CP	9.471E-04	44	0
JBJGKY010000009.1_44 # 47807 # 48337 # -1 # ID=9_44;partial=00;start_type=ATG;rbs_motif=GGA/GAG/AGG;rbs_spacer=5-10bp;genetic_code=11;gc_cont=0.606	GENOMAD.140619.VV	2.261E-70	235	0
JBJGKY010000020.1_38 # 56327 # 56815 # -1 # ID=20_38;partial=00;start_type=ATG;rbs_motif=None;rbs_spacer=None;genetic_code=11;gc_cont=0.654	GENOMAD.130467.CP	1.060E-46	166	0
JBJGKY010000021.1_85 # 101111 # 101737 # -1 # ID=21_85;partial=00;start_type=ATG;rbs_motif=AGGA/GGAG/GAGG;rbs_spacer=11-12bp;genetic_code=11;gc_cont=0.624	GENOMAD.153861.CP	3.278E-64	219	0
JBJGKY010000023.1_21 # 21801 # 22673 # 1 # ID=23_21;partial=00;start_type=GTG;rbs_motif=None;rbs_spacer=None;genetic_code=11;gc_cont=0.654	GENOMAD.000396.CC	7.097E-44	164	0
JBJGKY010000023.1_53 # 59946 # 60455 # -1 # ID=23_53;partial=00;start_type=ATG;rbs_motif=AGGA;rbs_spacer=5-10bp;genetic_code=11;gc_cont=0.655	GENOMAD.006866.CC	4.173E-77	254	0
JBJGKY010000034.1_19 # 19949 # 21202 # -1 # ID=34_19;partial=00;start_type=ATG;rbs_motif=None;rbs_spacer=None;genetic_code=11;gc_cont=0.637	GENOMAD.197607.PC	1.273E-41	162	0
JBJGKY010000036.1_31 # 39546 # 40634 # -1 # ID=36_31;partial=00;start_type=ATG;rbs_motif=AGGAG;rbs_spacer=5-10bp;genetic_code=11;gc_cont=0.569	GENOMAD.049926.PP	1.153E-11	69	0
JBJGKY010000038.1_5 # 2684 # 3910 # 1 # ID=38_5;partial=00;start_type=ATG;rbs_motif=GGA/GAG/AGG;rbs_spacer=5-10bp;genetic_code=11;gc_cont=0.597	GENOMAD.192798.PC	1.098E-87	297	0
JBJGKY010000039.1_5 # 2639 # 4507 # -1 # ID=39_5;partial=00;start_type=ATG;rbs_motif=GGA/GAG/AGG;rbs_spacer=11-12bp;genetic_code=11;gc_cont=0.642	GENOMAD.001759.CC	1.094E-24	113	0
JBJGKY010000011.1_24 # 24653 # 25066 # 1 # ID=11_24;partial=00;start_type=ATG;rbs_motif=GGAG/GAGG;rbs_spacer=5-10bp;genetic_code=11;gc_cont=0.618	GENOMAD.061469.CV	7.329E-64	214	0
JBJGKY010000011.1_120 # 127051 # 127296 # 1 # ID=11_120;partial=00;start_type=ATG;rbs_motif=GGAG/GAGG;rbs_spacer=5-10bp;genetic_code=11;gc_cont=0.671	GENOMAD.133117.CP	2.304E-33	123	0
JBJGKY010000012.1_90 # 118496 # 119872 # -1 # ID=12_90;partial=00;start_type=ATG;rbs_motif=None;rbs_spacer=None;genetic_code=11;gc_cont=0.669	GENOMAD.100160.CP	5.056E-08	58	0
JBJGKY010000010.1_9 # 10926 # 11960 # 1 # ID=10_9;partial=00;start_type=ATG;rbs_motif=AGGA;rbs_spacer=5-10bp;genetic_code=11;gc_cont=0.647	GENOMAD.033146.CC	8.727E-190	589	0
JBJGKY010000010.1_73 # 98068 # 99516 # 1 # ID=10_73;partial=00;start_type=ATG;rbs_motif=GGA/GAG/AGG;rbs_spacer=5-10bp;genetic_code=11;gc_cont=0.660	GENOMAD.120831.CP	8.452E-83	286	0
JBJGKY010000011.1_36 # 29615 # 30058 # 1 # ID=11_36;partial=00;start_type=ATG;rbs_motif=AGGAG;rbs_spacer=5-10bp;genetic_code=11;gc_cont=0.649	GENOMAD.000024.CC	3.604E-26	106	0
JBJGKY010000014.1_38 # 47678 # 48538 # 1 # ID=14_38;partial=00;start_type=GTG;rbs_motif=None;rbs_spacer=None;genetic_code=11;gc_cont=0.660	GENOMAD.092099.CV	4.231E-37	144	0
JBJGKY010000015.1_39 # 47075 # 48097 # -1 # ID=15_39;partial=00;start_type=ATG;rbs_motif=GGA/GAG/AGG;rbs_spacer=5-10bp;genetic_code=11;gc_cont=0.667	GENOMAD.151488.CP	1.542E-90	302	0
JBJGKY010000015.1_71 # 79536 # 80318 # -1 # ID=15_71;partial=00;start_type=ATG;rbs_motif=GGAG/GAGG;rbs_spacer=5-10bp;genetic_code=11;gc_cont=0.674	GENOMAD.154668.CP	3.879E-18	87	0
JBJGKY010000016.1_29 # 39215 # 39838 # 1 # ID=16_29;partial=00;start_type=ATG;rbs_motif=GGA/GAG/AGG;rbs_spacer=5-10bp;genetic_code=11;gc_cont=0.643	GENOMAD.167222.CP	5.067E-30	120	0
JBJGKY010000016.1_61 # 78342 # 78992 # 1 # ID=16_61;partial=00;start_type=ATG;rbs_motif=GGAG/GAGG;rbs_spacer=5-10bp;genetic_code=11;gc_cont=0.670	GENOMAD.004530.CC	8.439E-27	111	0
JBJGKY010000027.1_70 # 85170 # 87080 # 1 # ID=27_70;partial=00;start_type=ATG;rbs_motif=GGxGG;rbs_spacer=3-4bp;genetic_code=11;gc_cont=0.665	GENOMAD.166434.PC	1.780E-61	228	0
JBJGKY010000029.1_15 # 23879 # 24613 # -1 # ID=29_15;partial=00;start_type=ATG;rbs_motif=None;rbs_spacer=None;genetic_code=11;gc_cont=0.684	GENOMAD.136266.CP	5.232E-22	98	0
JBJGKY010000028.1_33 # 35552 # 36412 # 1 # ID=28_33;partial=00;start_type=ATG;rbs_motif=None;rbs_spacer=None;genetic_code=11;gc_cont=0.646	GENOMAD.082010.CP	4.012E-38	147	0
JBJGKY010000029.1_18 # 26236 # 26760 # -1 # ID=29_18;partial=00;start_type=ATG;rbs_motif=GGA/GAG/AGG;rbs_spacer=5-10bp;genetic_code=11;gc_cont=0.663	GENOMAD.140449.CP	1.060E-34	132	0
JBJGKY010000029.1_50 # 65208 # 66083 # -1 # ID=29_50;partial=00;start_type=ATG;rbs_motif=AGGA;rbs_spacer=5-10bp;genetic_code=11;gc_cont=0.652	GENOMAD.116234.CP	2.975E-14	76	0
JBJGKY010000030.1_22 # 28365 # 29621 # 1 # ID=30_22;partial=00;start_type=ATG;rbs_motif=GGAG/GAGG;rbs_spacer=5-10bp;genetic_code=11;gc_cont=0.702	GENOMAD.167543.PC	2.708E-34	140	0
JBJGKY010000032.1_12 # 12081 # 14174 # -1 # ID=32_12;partial=00;start_type=ATG;rbs_motif=GGAG/GAGG;rbs_spacer=5-10bp;genetic_code=11;gc_cont=0.679	GENOMAD.136785.CP	3.154E-13	76	0
JBJGKY010000032.1_44 # 51090 # 52199 # -1 # ID=32_44;partial=00;start_type=ATG;rbs_motif=GGAG/GAGG;rbs_spacer=5-10bp;genetic_code=11;gc_cont=0.617	GENOMAD.076874.VV	1.193E-06	53	0
JBJGKY010000033.1_17 # 9113 # 9409 # 1 # ID=33_17;partial=00;start_type=ATG;rbs_motif=GGA/GAG/AGG;rbs_spacer=5-10bp;genetic_code=11;gc_cont=0.623	GENOMAD.156834.VV	9.202E-51	174	0
JBJGKY010000031.1_28 # 36333 # 36722 # -1 # ID=31_28;partial=00;start_type=ATG;rbs_motif=GGA/GAG/AGG;rbs_spacer=5-10bp;genetic_code=11;gc_cont=0.610	GENOMAD.205179.PC	2.672E-46	163	0
JBJGKY010000032.1_6 # 5357 # 7015 # -1 # ID=32_6;partial=00;start_type=ATG;rbs_motif=None;rbs_spacer=None;genetic_code=11;gc_cont=0.684	GENOMAD.116397.CP	2.796E-87	302	0
JBJGKY010000033.1_11 # 4795 # 5988 # 1 # ID=33_11;partial=00;start_type=ATG;rbs_motif=GGAG/GAGG;rbs_spacer=5-10bp;genetic_code=11;gc_cont=0.619	GENOMAD.080742.VV	1.038E-93	314	18256
JBJGKY010000033.1_43 # 40180 # 40536 # 1 # ID=33_43;partial=00;start_type=ATG;rbs_motif=GGA/GAG/AGG;rbs_spacer=5-10bp;genetic_code=11;gc_cont=0.653	GENOMAD.123541.CP	1.180E-25	103	0
JBJGKY010000034.1_20 # 21199 # 22323 # -1 # ID=34_20;partial=00;start_type=ATG;rbs_motif=None;rbs_spacer=None;genetic_code=11;gc_cont=0.632	GENOMAD.076874.VV	2.260E-10	65	0
JBJGKY010000035.1_39 # 46035 # 46121 # -1 # ID=35_39;partial=01;start_type=Edge;rbs_motif=None;rbs_spacer=None;genetic_code=11;gc_cont=0.552	GENOMAD.197771.PC	9.425E-04	35	0
JBJGKY010000012.1_69 # 93632 # 94894 # 1 # ID=12_69;partial=00;start_type=ATG;rbs_motif=GGA/GAG/AGG;rbs_spacer=5-10bp;genetic_code=11;gc_cont=0.666	GENOMAD.196178.PC	2.583E-49	185	0
JBJGKY010000013.1_34 # 39419 # 39985 # -1 # ID=13_34;partial=00;start_type=ATG;rbs_motif=None;rbs_spacer=None;genetic_code=11;gc_cont=0.617	GENOMAD.105354.CP	4.932E-21	93	0
JBJGKY010000014.1_3 # 2800 # 3465 # -1 # ID=14_3;partial=00;start_type=ATG;rbs_motif=GGA/GAG/AGG;rbs_spacer=5-10bp;genetic_code=11;gc_cont=0.616	GENOMAD.136573.CP	3.487E-31	124	0
JBJGKY010000003.1_114 # 131050 # 132054 # -1 # ID=3_114;partial=00;start_type=ATG;rbs_motif=AGGA;rbs_spacer=5-10bp;genetic_code=11;gc_cont=0.663	GENOMAD.097849.CV	3.746E-36	143	1246
JBJGKY010000004.1_67 # 74095 # 74637 # -1 # ID=4_67;partial=00;start_type=ATG;rbs_motif=AGGA;rbs_spacer=5-10bp;genetic_code=11;gc_cont=0.652	GENOMAD.140339.CP	1.175E-26	109	0
JBJGKY010000004.1_99 # 112337 # 113230 # -1 # ID=4_99;partial=00;start_type=ATG;rbs_motif=None;rbs_spacer=None;genetic_code=11;gc_cont=0.673	GENOMAD.160510.CP	3.627E-07	54	0
JBJGKY010000035.1_13 # 17125 # 17577 # 1 # ID=35_13;partial=00;start_type=ATG;rbs_motif=None;rbs_spacer=None;genetic_code=11;gc_cont=0.684	GENOMAD.132398.CP	7.215E-08	53	0
JBJGKY010000039.1_12 # 11092 # 12471 # -1 # ID=39_12;partial=00;start_type=ATG;rbs_motif=GGA/GAG/AGG;rbs_spacer=5-10bp;genetic_code=11;gc_cont=0.677	GENOMAD.211408.CP	4.988E-04	45	0
JBJGKY010000008.1_97 # 114320 # 115426 # -1 # ID=8_97;partial=00;start_type=ATG;rbs_motif=GGA/GAG/AGG;rbs_spacer=5-10bp;genetic_code=11;gc_cont=0.645	GENOMAD.118355.CP	2.430E-52	192	0
JBJGKY010000039.1_6 # 4674 # 5027 # -1 # ID=39_6;partial=00;start_type=ATG;rbs_motif=AGGA;rbs_spacer=5-10bp;genetic_code=11;gc_cont=0.633	GENOMAD.092163.CP	7.752E-04	40	0
JBJGKY010000040.1_11 # 8039 # 8821 # 1 # ID=40_11;partial=00;start_type=ATG;rbs_motif=AGGA;rbs_spacer=5-10bp;genetic_code=11;gc_cont=0.587	GENOMAD.112644.PC	1.275E-117	376	0
JBJGKY010000007.1_62 # 83927 # 84625 # -1 # ID=7_62;partial=00;start_type=ATG;rbs_motif=3Base/5BMM;rbs_spacer=13-15bp;genetic_code=11;gc_cont=0.612	GENOMAD.132760.CP	4.507E-12	68	0
JBJGKY010000031.1_45 # 59655 # 59939 # -1 # ID=31_45;partial=00;start_type=ATG;rbs_motif=None;rbs_spacer=None;genetic_code=11;gc_cont=0.681	GENOMAD.092643.CV	1.934E-33	124	0
JBJGKY010000032.1_23 # 28804 # 29331 # -1 # ID=32_23;partial=00;start_type=GTG;rbs_motif=GGAG/GAGG;rbs_spacer=5-10bp;genetic_code=11;gc_cont=0.642	GENOMAD.142784.CP	1.250E-10	62	0
JBJGKY010000032.1_55 # 62258 # 64132 # -1 # ID=32_55;partial=00;start_type=ATG;rbs_motif=GGAG/GAGG;rbs_spacer=5-10bp;genetic_code=11;gc_cont=0.654	GENOMAD.133367.CP	5.798E-81	286	0
JBJGKY010000033.1_28 # 18408 # 18839 # 1 # ID=33_28;partial=00;start_type=ATG;rbs_motif=GGAG/GAGG;rbs_spacer=5-10bp;genetic_code=11;gc_cont=0.671	GENOMAD.151842.CP	2.697E-08	54	0
JBJGKY010000036.1_17 # 19780 # 20808 # -1 # ID=36_17;partial=00;start_type=ATG;rbs_motif=GGA/GAG/AGG;rbs_spacer=5-10bp;genetic_code=11;gc_cont=0.691	GENOMAD.171322.PC	4.944E-33	134	0
JBJGKY010000037.1_18 # 29278 # 29553 # -1 # ID=37_18;partial=00;start_type=ATG;rbs_motif=None;rbs_spacer=None;genetic_code=11;gc_cont=0.656	GENOMAD.221228.CP	1.480E-04	41	0
JBJGKY010000020.1_16 # 26209 # 26394 # 1 # ID=20_16;partial=00;start_type=ATG;rbs_motif=GGA/GAG/AGG;rbs_spacer=11-12bp;genetic_code=11;gc_cont=0.704	GENOMAD.147683.PC	6.379E-08	49	0
JBJGKY010000006.1_141 # 167215 # 168762 # 1 # ID=6_141;partial=00;start_type=ATG;rbs_motif=AGGA;rbs_spacer=5-10bp;genetic_code=11;gc_cont=0.689	GENOMAD.176778.PC	1.733E-114	380	0
JBJGKY010000007.1_103 # 137174 # 137494 # -1 # ID=7_103;partial=00;start_type=ATG;rbs_motif=AGGAG;rbs_spacer=5-10bp;genetic_code=11;gc_cont=0.617	GENOMAD.115269.CP	7.689E-25	100	0
JBJGKY010000007.1_135 # 171133 # 171561 # -1 # ID=7_135;partial=00;start_type=ATG;rbs_motif=AGxAGG/AGGxGG;rbs_spacer=5-10bp;genetic_code=11;gc_cont=0.641	GENOMAD.166316.CP	9.413E-22	93	0
JBJGKY010000008.1_24 # 35919 # 36710 # -1 # ID=8_24;partial=00;start_type=ATG;rbs_motif=GGAG/GAGG;rbs_spacer=5-10bp;genetic_code=11;gc_cont=0.640	GENOMAD.129876.CP	7.567E-41	154	0
JBJGKY010000008.1_88 # 105856 # 107031 # 1 # ID=8_88;partial=00;start_type=ATG;rbs_motif=GGA/GAG/AGG;rbs_spacer=5-10bp;genetic_code=11;gc_cont=0.683	GENOMAD.151958.CP	1.752E-19	94	0
JBJGKY010000011.1_64 # 59415 # 60269 # 1 # ID=11_64;partial=00;start_type=ATG;rbs_motif=AGxAGG/AGGxGG;rbs_spacer=5-10bp;genetic_code=11;gc_cont=0.668	GENOMAD.116612.CP	4.350E-10	63	0
JBJGKY010000028.1_23 # 25898 # 26761 # 1 # ID=28_23;partial=00;start_type=ATG;rbs_motif=GGA/GAG/AGG;rbs_spacer=5-10bp;genetic_code=11;gc_cont=0.646	GENOMAD.159319.CP	1.204E-157	493	0
JBJGKY010000029.1_8 # 13202 # 15343 # 1 # ID=29_8;partial=00;start_type=ATG;rbs_motif=AGGAG;rbs_spacer=5-10bp;genetic_code=11;gc_cont=0.640	GENOMAD.135943.CP	3.833E-29	128	0
JBJGKY010000029.1_40 # 55623 # 57491 # 1 # ID=29_40;partial=00;start_type=ATG;rbs_motif=GGA/GAG/AGG;rbs_spacer=5-10bp;genetic_code=11;gc_cont=0.665	GENOMAD.146534.CP	3.751E-04	46	0
JBJGKY010000030.1_12 # 15170 # 15709 # 1 # ID=30_12;partial=00;start_type=ATG;rbs_motif=GGA/GAG/AGG;rbs_spacer=5-10bp;genetic_code=11;gc_cont=0.689	GENOMAD.127449.CP	2.314E-27	111	0
JBJGKY010000030.1_44 # 66297 # 67271 # 1 # ID=30_44;partial=00;start_type=ATG;rbs_motif=GGAG/GAGG;rbs_spacer=5-10bp;genetic_code=11;gc_cont=0.665	GENOMAD.120950.CP	5.981E-85	285	0
JBJGKY010000006.1_93 # 106353 # 106880 # -1 # ID=6_93;partial=00;start_type=ATG;rbs_motif=None;rbs_spacer=None;genetic_code=11;gc_cont=0.684	GENOMAD.040030.CC	5.002E-78	257	0
JBJGKY010000003.1_140 # 173091 # 173567 # -1 # ID=3_140;partial=00;start_type=ATG;rbs_motif=GGA/GAG/AGG;rbs_spacer=5-10bp;genetic_code=11;gc_cont=0.677	GENOMAD.007007.CC	1.157E-16	79	0
JBJGKY010000004.1_29 # 26459 # 27814 # 1 # ID=4_29;partial=00;start_type=ATG;rbs_motif=GGA/GAG/AGG;rbs_spacer=5-10bp;genetic_code=11;gc_cont=0.651	GENOMAD.177813.CP	3.730E-114	376	0
JBJGKY010000004.1_93 # 104075 # 106456 # -1 # ID=4_93;partial=00;start_type=ATG;rbs_motif=AGGAG;rbs_spacer=5-10bp;genetic_code=11;gc_cont=0.639	GENOMAD.159936.CP	5.444E-211	674	0
JBJGKY010000004.1_157 # 174054 # 175553 # 1 # ID=4_157;partial=00;start_type=ATG;rbs_motif=GGAG/GAGG;rbs_spacer=5-10bp;genetic_code=11;gc_cont=0.654	GENOMAD.030551.CC	1.373E-04	47	0
JBJGKY010000003.1_120 # 137796 # 140468 # 1 # ID=3_120;partial=00;start_type=ATG;rbs_motif=GGAG/GAGG;rbs_spacer=5-10bp;genetic_code=11;gc_cont=0.618	GENOMAD.152082.CP	5.714E-123	420	0
JBJGKY010000010.1_28 # 37862 # 38131 # -1 # ID=10_28;partial=00;start_type=ATG;rbs_motif=None;rbs_spacer=None;genetic_code=11;gc_cont=0.656	GENOMAD.216367.VC	4.140E-16	74	0
JBJGKY010000011.1_23 # 23913 # 24647 # 1 # ID=11_23;partial=00;start_type=ATG;rbs_motif=AGGA;rbs_spacer=5-10bp;genetic_code=11;gc_cont=0.611	GENOMAD.000002.CC	2.473E-47	172	0
JBJGKY010000011.1_87 # 90022 # 91728 # -1 # ID=11_87;partial=00;start_type=ATG;rbs_motif=None;rbs_spacer=None;genetic_code=11;gc_cont=0.678	GENOMAD.111480.CP	9.889E-06	51	0
JBJGKY010000012.1_25 # 41708 # 43093 # 1 # ID=12_25;partial=00;start_type=ATG;rbs_motif=GGA/GAG/AGG;rbs_spacer=5-10bp;genetic_code=11;gc_cont=0.633	GENOMAD.120657.CP	6.100E-09	61	0
JBJGKY010000004.1_108 # 118963 # 119610 # -1 # ID=4_108;partial=00;start_type=ATG;rbs_motif=GGAG/GAGG;rbs_spacer=5-10bp;genetic_code=11;gc_cont=0.685	GENOMAD.043479.CC	4.455E-24	103	0
JBJGKY010000004.1_172 # 194503 # 194967 # -1 # ID=4_172;partial=00;start_type=ATG;rbs_motif=GGA/GAG/AGG;rbs_spacer=5-10bp;genetic_code=11;gc_cont=0.667	GENOMAD.151617.VC	4.044E-05	45	1246
JBJGKY010000005.1_30 # 38987 # 39922 # -1 # ID=5_30;partial=00;start_type=ATG;rbs_motif=GGA/GAG/AGG;rbs_spacer=5-10bp;genetic_code=11;gc_cont=0.605	GENOMAD.182403.PC	3.070E-05	48	0
JBJGKY010000005.1_94 # 107504 # 109624 # -1 # ID=5_94;partial=00;start_type=ATG;rbs_motif=GGAG/GAGG;rbs_spacer=5-10bp;genetic_code=11;gc_cont=0.650	GENOMAD.124220.CP	4.415E-04	46	0
JBJGKY010000013.1_68 # 81194 # 82270 # -1 # ID=13_68;partial=00;start_type=ATG;rbs_motif=GGAG/GAGG;rbs_spacer=5-10bp;genetic_code=11;gc_cont=0.666	GENOMAD.125879.CP	4.713E-18	89	0
JBJGKY010000014.1_5 # 3914 # 4315 # -1 # ID=14_5;partial=00;start_type=GTG;rbs_motif=GGAG/GAGG;rbs_spacer=5-10bp;genetic_code=11;gc_cont=0.652	GENOMAD.145565.CP	2.110E-17	80	0
JBJGKY010000014.1_69 # 84697 # 85395 # 1 # ID=14_69;partial=00;start_type=ATG;rbs_motif=AGGAG;rbs_spacer=5-10bp;genetic_code=11;gc_cont=0.642	GENOMAD.180976.PC	9.092E-19	88	0
JBJGKY010000015.1_6 # 10355 # 11740 # -1 # ID=15_6;partial=00;start_type=ATG;rbs_motif=None;rbs_spacer=None;genetic_code=11;gc_cont=0.687	GENOMAD.179217.PC	1.214E-60	220	0
JBJGKY010000015.1_38 # 45244 # 46848 # -1 # ID=15_38;partial=00;start_type=GTG;rbs_motif=GGA/GAG/AGG;rbs_spacer=5-10bp;genetic_code=11;gc_cont=0.668	GENOMAD.038680.VV	1.512E-04	47	13293
JBJGKY010000016.1_28 # 38407 # 38928 # 1 # ID=16_28;partial=00;start_type=ATG;rbs_motif=GGAG/GAGG;rbs_spacer=5-10bp;genetic_code=11;gc_cont=0.638	GENOMAD.208558.PC	6.029E-07	51	0
JBJGKY010000029.1_54 # 71058 # 72791 # -1 # ID=29_54;partial=00;start_type=ATG;rbs_motif=GGA/GAG/AGG;rbs_spacer=5-10bp;genetic_code=11;gc_cont=0.619	GENOMAD.005978.CC	3.638E-08	59	1246
JBJGKY010000030.1_26 # 34438 # 38133 # 1 # ID=30_26;partial=00;start_type=ATG;rbs_motif=AGGAG;rbs_spacer=5-10bp;genetic_code=11;gc_cont=0.708	GENOMAD.215794.CP	1.059E-04	49	0
JBJGKY010000031.1_6 # 14245 # 14772 # 1 # ID=31_6;partial=00;start_type=ATG;rbs_motif=AGGA;rbs_spacer=5-10bp;genetic_code=11;gc_cont=0.648	GENOMAD.140351.VV	6.298E-07	51	1246
JBJGKY010000034.1_30 # 29438 # 30196 # 1 # ID=34_30;partial=00;start_type=ATG;rbs_motif=None;rbs_spacer=None;genetic_code=11;gc_cont=0.643	GENOMAD.123398.CP	6.904E-19	89	0
JBJGKY010000035.1_17 # 20258 # 22570 # 1 # ID=35_17;partial=00;start_type=ATG;rbs_motif=None;rbs_spacer=None;genetic_code=11;gc_cont=0.678	GENOMAD.180354.PC	9.075E-93	326	0
JBJGKY010000006.1_37 # 44456 # 44920 # 1 # ID=6_37;partial=00;start_type=ATG;rbs_motif=GGAG/GAGG;rbs_spacer=5-10bp;genetic_code=11;gc_cont=0.630	GENOMAD.168639.CP	8.823E-04	41	0
JBJGKY010000006.1_69 # 78833 # 79663 # 1 # ID=6_69;partial=00;start_type=ATG;rbs_motif=AGGA;rbs_spacer=5-10bp;genetic_code=11;gc_cont=0.617	GENOMAD.151688.CP	1.151E-05	49	0
JBJGKY010000007.1_31 # 51106 # 51381 # 1 # ID=7_31;partial=00;start_type=ATG;rbs_motif=AGGA;rbs_spacer=5-10bp;genetic_code=11;gc_cont=0.612	GENOMAD.000968.CC	4.603E-31	117	0
JBJGKY010000007.1_63 # 85234 # 85590 # -1 # ID=7_63;partial=00;start_type=ATG;rbs_motif=GGA/GAG/AGG;rbs_spacer=5-10bp;genetic_code=11;gc_cont=0.613	GENOMAD.006371.CC	2.909E-07	50	0
JBJGKY010000007.1_95 # 127681 # 128202 # -1 # ID=7_95;partial=00;start_type=ATG;rbs_motif=None;rbs_spacer=None;genetic_code=11;gc_cont=0.513	GENOMAD.004263.CC	1.018E-34	132	0
JBJGKY010000008.1_16 # 28001 # 30499 # 1 # ID=8_16;partial=00;start_type=ATG;rbs_motif=GGAGG;rbs_spacer=3-4bp;genetic_code=11;gc_cont=0.630	GENOMAD.043924.VV	3.303E-05	50	1246
JBJGKY010000048.1_11 # 9890 # 11941 # -1 # ID=48_11;partial=00;start_type=ATG;rbs_motif=GGA/GAG/AGG;rbs_spacer=11-12bp;genetic_code=11;gc_cont=0.676	GENOMAD.000854.CC	6.826E-29	127	0
JBJGKY010000050.1_5 # 5050 # 5871 # -1 # ID=50_5;partial=00;start_type=ATG;rbs_motif=AGGA/GGAG/GAGG;rbs_spacer=11-12bp;genetic_code=11;gc_cont=0.584	GENOMAD.159942.PC	1.642E-103	336	0
JBJGKY010000052.1_7 # 7348 # 7740 # -1 # ID=52_7;partial=00;start_type=ATG;rbs_motif=None;rbs_spacer=None;genetic_code=11;gc_cont=0.611	GENOMAD.116980.PP	1.551E-52	181	0
JBJGKY010000057.1_3 # 800 # 1369 # -1 # ID=57_3;partial=00;start_type=GTG;rbs_motif=None;rbs_spacer=None;genetic_code=11;gc_cont=0.621	GENOMAD.137861.CP	1.692E-04	44	0
JBJGKY010000059.1_10 # 4551 # 4802 # 1 # ID=59_10;partial=00;start_type=ATG;rbs_motif=GGA/GAG/AGG;rbs_spacer=11-12bp;genetic_code=11;gc_cont=0.639	GENOMAD.148914.VV	4.547E-20	85	0
JBJGKY010000001.1_175 # 196912 # 197766 # -1 # ID=1_175;partial=00;start_type=ATG;rbs_motif=GGAG/GAGG;rbs_spacer=5-10bp;genetic_code=11;gc_cont=0.647	GENOMAD.170246.CP	9.821E-59	207	0
JBJGKY010000001.1_239 # 277802 # 279583 # 1 # ID=1_239;partial=00;start_type=ATG;rbs_motif=GGAG/GAGG;rbs_spacer=5-10bp;genetic_code=11;gc_cont=0.746	GENOMAD.056591.CC	1.703E-15	83	0
JBJGKY010000002.1_23 # 25649 # 26083 # 1 # ID=2_23;partial=00;start_type=ATG;rbs_motif=AGGAG;rbs_spacer=5-10bp;genetic_code=11;gc_cont=0.568	GENOMAD.018404.CC	1.205E-53	185	0
JBJGKY010000018.1_2 # 350 # 799 # -1 # ID=18_2;partial=00;start_type=ATG;rbs_motif=GGAG/GAGG;rbs_spacer=5-10bp;genetic_code=11;gc_cont=0.584	GENOMAD.031536.PP	2.854E-63	213	0
JBJGKY010000018.1_34 # 34183 # 37161 # -1 # ID=18_34;partial=00;start_type=ATG;rbs_motif=GGAGG;rbs_spacer=5-10bp;genetic_code=11;gc_cont=0.630	GENOMAD.125907.CP	3.999E-15	83	0
JBJGKY010000018.1_66 # 72138 # 72398 # -1 # ID=18_66;partial=00;start_type=ATG;rbs_motif=GGA/GAG/AGG;rbs_spacer=5-10bp;genetic_code=11;gc_cont=0.651	GENOMAD.183170.CP	1.805E-15	72	0
JBJGKY010000018.1_98 # 105471 # 106037 # -1 # ID=18_98;partial=00;start_type=ATG;rbs_motif=AGGAG;rbs_spacer=5-10bp;genetic_code=11;gc_cont=0.628	GENOMAD.105354.CP	1.006E-50	179	0
JBJGKY010000019.1_64 # 76612 # 76968 # -1 # ID=19_64;partial=00;start_type=ATG;rbs_motif=GGA/GAG/AGG;rbs_spacer=5-10bp;genetic_code=11;gc_cont=0.605	GENOMAD.136132.CP	1.165E-17	80	0
JBJGKY010000020.1_39 # 56938 # 58053 # 1 # ID=20_39;partial=00;start_type=ATG;rbs_motif=GGAG/GAGG;rbs_spacer=5-10bp;genetic_code=11;gc_cont=0.619	GENOMAD.166667.PC	6.813E-13	73	0
JBJGKY010000002.1_187 # 201932 # 202423 # -1 # ID=2_187;partial=00;start_type=ATG;rbs_motif=AGGAG;rbs_spacer=5-10bp;genetic_code=11;gc_cont=0.726	GENOMAD.191334.CP	4.659E-08	54	0
JBJGKY010000019.1_65 # 77161 # 78357 # -1 # ID=19_65;partial=00;start_type=ATG;rbs_motif=GGAG/GAGG;rbs_spacer=5-10bp;genetic_code=11;gc_cont=0.648	GENOMAD.000476.CC	7.823E-63	224	0
JBJGKY010000022.1_2 # 1871 # 2443 # 1 # ID=22_2;partial=00;start_type=ATG;rbs_motif=GGAG/GAGG;rbs_spacer=5-10bp;genetic_code=11;gc_cont=0.639	GENOMAD.032274.CC	3.696E-80	264	0
JBJGKY010000022.1_34 # 43964 # 46735 # 1 # ID=22_34;partial=00;start_type=ATG;rbs_motif=AGGA/GGAG/GAGG;rbs_spacer=11-12bp;genetic_code=11;gc_cont=0.658	GENOMAD.146053.CP	1.589E-11	71	0
JBJGKY010000004.1_95 # 109075 # 109491 # 1 # ID=4_95;partial=00;start_type=ATG;rbs_motif=None;rbs_spacer=None;genetic_code=11;gc_cont=0.652	GENOMAD.146365.CV	1.946E-37	138	0
JBJGKY010000019.1_81 # 95097 # 96287 # 1 # ID=19_81;partial=00;start_type=ATG;rbs_motif=GGA/GAG/AGG;rbs_spacer=5-10bp;genetic_code=11;gc_cont=0.692	GENOMAD.101892.CP	2.637E-149	475	0
JBJGKY010000020.1_24 # 35118 # 36266 # 1 # ID=20_24;partial=00;start_type=ATG;rbs_motif=GGA/GAG/AGG;rbs_spacer=5-10bp;genetic_code=11;gc_cont=0.736	GENOMAD.133566.CP	3.058E-07	55	0
JBJGKY010000021.1_7 # 10685 # 12640 # 1 # ID=21_7;partial=00;start_type=ATG;rbs_motif=GGAG/GAGG;rbs_spacer=5-10bp;genetic_code=11;gc_cont=0.665	GENOMAD.176626.CP	1.862E-194	619	0
JBJGKY010000021.1_71 # 86197 # 86805 # 1 # ID=21_71;partial=00;start_type=ATG;rbs_motif=None;rbs_spacer=None;genetic_code=11;gc_cont=0.670	GENOMAD.090379.CP	4.589E-05	46	0
JBJGKY010000022.1_18 # 22663 # 23715 # -1 # ID=22_18;partial=00;start_type=ATG;rbs_motif=AGGA/GGAG/GAGG;rbs_spacer=11-12bp;genetic_code=11;gc_cont=0.702	GENOMAD.137637.CP	4.501E-06	51	0
JBJGKY010000038.1_6 # 4232 # 4987 # 1 # ID=38_6;partial=00;start_type=ATG;rbs_motif=GGA/GAG/AGG;rbs_spacer=3-4bp;genetic_code=11;gc_cont=0.616	GENOMAD.171663.PC	1.409E-94	309	0
JBJGKY010000036.1_9 # 7520 # 8905 # 1 # ID=36_9;partial=00;start_type=ATG;rbs_motif=GGA/GAG/AGG;rbs_spacer=5-10bp;genetic_code=11;gc_cont=0.695	GENOMAD.170233.CP	7.287E-41	161	0
JBJGKY010000038.1_15 # 15108 # 16061 # -1 # ID=38_15;partial=00;start_type=ATG;rbs_motif=GGAG/GAGG;rbs_spacer=5-10bp;genetic_code=11;gc_cont=0.606	GENOMAD.047390.PP	2.881E-28	119	0
JBJGKY010000062.1_2 # 4106 # 4390 # -1 # ID=62_2;partial=00;start_type=GTG;rbs_motif=AGGAG;rbs_spacer=5-10bp;genetic_code=11;gc_cont=0.551	GENOMAD.110984.CP	1.873E-18	81	0
JBJGKY010000030.1_36 # 56951 # 59320 # -1 # ID=30_36;partial=00;start_type=ATG;rbs_motif=None;rbs_spacer=None;genetic_code=11;gc_cont=0.657	GENOMAD.129013.CP	1.529E-19	97	0
JBJGKY010000031.1_16 # 20865 # 21350 # -1 # ID=31_16;partial=00;start_type=ATG;rbs_motif=GGA/GAG/AGG;rbs_spacer=5-10bp;genetic_code=11;gc_cont=0.578	GENOMAD.192563.CP	3.665E-12	66	0
JBJGKY010000032.1_58 # 66453 # 67145 # -1 # ID=32_58;partial=00;start_type=ATG;rbs_motif=AGGA;rbs_spacer=5-10bp;genetic_code=11;gc_cont=0.675	GENOMAD.142369.CP	3.765E-45	165	0
JBJGKY010000034.1_8 # 7284 # 8342 # -1 # ID=34_8;partial=00;start_type=ATG;rbs_motif=GGA/GAG/AGG;rbs_spacer=5-10bp;genetic_code=11;gc_cont=0.669	GENOMAD.190712.CP	3.815E-168	527	0
JBJGKY010000023.1_76 # 84633 # 85532 # 1 # ID=23_76;partial=00;start_type=ATG;rbs_motif=GGAGG;rbs_spacer=5-10bp;genetic_code=11;gc_cont=0.661	GENOMAD.146096.PC	8.920E-20	93	0
JBJGKY010000024.1_19 # 16498 # 17118 # -1 # ID=24_19;partial=00;start_type=ATG;rbs_motif=None;rbs_spacer=None;genetic_code=11;gc_cont=0.625	GENOMAD.189906.CP	6.980E-115	365	0
JBJGKY010000024.1_51 # 62550 # 63215 # 1 # ID=24_51;partial=00;start_type=ATG;rbs_motif=GGAG/GAGG;rbs_spacer=5-10bp;genetic_code=11;gc_cont=0.691	GENOMAD.145670.CP	1.506E-07	54	0
JBJGKY010000025.1_2 # 584 # 1474 # 1 # ID=25_2;partial=00;start_type=ATG;rbs_motif=None;rbs_spacer=None;genetic_code=11;gc_cont=0.635	GENOMAD.126817.CP	3.974E-22	100	0
JBJGKY010000026.1_40 # 57970 # 59025 # -1 # ID=26_40;partial=00;start_type=GTG;rbs_motif=GGA/GAG/AGG;rbs_spacer=5-10bp;genetic_code=11;gc_cont=0.615	GENOMAD.049396.VV	3.450E-09	61	15663
JBJGKY010000027.1_6 # 7237 # 9018 # 1 # ID=27_6;partial=00;start_type=ATG;rbs_motif=None;rbs_spacer=None;genetic_code=11;gc_cont=0.648	GENOMAD.115234.CP	1.502E-68	248	0
JBJGKY010000005.1_64 # 72570 # 73169 # 1 # ID=5_64;partial=00;start_type=ATG;rbs_motif=GGAG/GAGG;rbs_spacer=5-10bp;genetic_code=11;gc_cont=0.640	GENOMAD.183713.CV	3.199E-21	94	0
JBJGKY010000001.1_233 # 269979 # 271313 # 1 # ID=1_233;partial=00;start_type=ATG;rbs_motif=AGGAG;rbs_spacer=5-10bp;genetic_code=11;gc_cont=0.631	GENOMAD.064056.CP	1.935E-119	391	0
JBJGKY010000001.1_265 # 306165 # 306467 # -1 # ID=1_265;partial=00;start_type=ATG;rbs_motif=None;rbs_spacer=None;genetic_code=11;gc_cont=0.591	GENOMAD.166801.CP	9.197E-05	42	0
JBJGKY010000002.1_177 # 191986 # 192543 # -1 # ID=2_177;partial=00;start_type=ATG;rbs_motif=AGGA;rbs_spacer=5-10bp;genetic_code=11;gc_cont=0.633	GENOMAD.136862.CP	1.257E-16	80	0
JBJGKY010000009.1_64 # 68110 # 68913 # -1 # ID=9_64;partial=00;start_type=ATG;rbs_motif=AGGA;rbs_spacer=5-10bp;genetic_code=11;gc_cont=0.669	GENOMAD.119501.CP	2.079E-20	94	0
JBJGKY010000009.1_96 # 107767 # 109116 # -1 # ID=9_96;partial=00;start_type=ATG;rbs_motif=GGA/GAG/AGG;rbs_spacer=11-12bp;genetic_code=11;gc_cont=0.640	GENOMAD.094142.VV	2.859E-05	49	0
JBJGKY010000009.1_128 # 145989 # 146507 # -1 # ID=9_128;partial=00;start_type=ATG;rbs_motif=GGA/GAG/AGG;rbs_spacer=5-10bp;genetic_code=11;gc_cont=0.669	GENOMAD.103372.CV	5.897E-07	51	1246
JBJGKY010000010.1_53 # 67639 # 68184 # -1 # ID=10_53;partial=00;start_type=ATG;rbs_motif=GGAG/GAGG;rbs_spacer=5-10bp;genetic_code=11;gc_cont=0.670	GENOMAD.207447.PC	5.959E-26	107	0
JBJGKY010000011.1_16 # 20522 # 20857 # 1 # ID=11_16;partial=00;start_type=ATG;rbs_motif=AGGA;rbs_spacer=5-10bp;genetic_code=11;gc_cont=0.583	GENOMAD.059523.CP	2.496E-06	47	0
JBJGKY010000018.1_23 # 20651 # 20992 # 1 # ID=18_23;partial=00;start_type=ATG;rbs_motif=GGAG/GAGG;rbs_spacer=5-10bp;genetic_code=11;gc_cont=0.629	GENOMAD.008251.CC	1.551E-52	180	0
JBJGKY010000018.1_55 # 56103 # 56717 # 1 # ID=18_55;partial=00;start_type=ATG;rbs_motif=GGA/GAG/AGG;rbs_spacer=5-10bp;genetic_code=11;gc_cont=0.623	GENOMAD.161509.CP	1.151E-08	57	0
JBJGKY010000019.1_21 # 24802 # 25860 # -1 # ID=19_21;partial=00;start_type=GTG;rbs_motif=None;rbs_spacer=None;genetic_code=11;gc_cont=0.688	GENOMAD.147712.CP	6.208E-189	587	0
JBJGKY010000019.1_53 # 60666 # 61115 # -1 # ID=19_53;partial=00;start_type=ATG;rbs_motif=GGA/GAG/AGG;rbs_spacer=5-10bp;genetic_code=11;gc_cont=0.662	GENOMAD.158192.CP	1.695E-04	43	0
JBJGKY010000019.1_85 # 100506 # 101519 # 1 # ID=19_85;partial=00;start_type=ATG;rbs_motif=GGAG/GAGG;rbs_spacer=5-10bp;genetic_code=11;gc_cont=0.664	GENOMAD.087505.CP	1.928E-11	68	0
JBJGKY010000003.1_177 # 226885 # 227787 # 1 # ID=3_177;partial=00;start_type=ATG;rbs_motif=GGA/GAG/AGG;rbs_spacer=5-10bp;genetic_code=11;gc_cont=0.663	GENOMAD.170952.PC	3.491E-70	241	0
JBJGKY010000004.1_34 # 32622 # 34031 # -1 # ID=4_34;partial=00;start_type=ATG;rbs_motif=None;rbs_spacer=None;genetic_code=11;gc_cont=0.661	GENOMAD.171872.PC	3.009E-13	75	0
JBJGKY010000011.1_31 # 27332 # 27730 # 1 # ID=11_31;partial=00;start_type=ATG;rbs_motif=GGA/GAG/AGG;rbs_spacer=5-10bp;genetic_code=11;gc_cont=0.589	GENOMAD.000019.CC	1.493E-37	138	0
JBJGKY010000011.1_63 # 58308 # 59405 # 1 # ID=11_63;partial=00;start_type=ATG;rbs_motif=GGAG/GAGG;rbs_spacer=5-10bp;genetic_code=11;gc_cont=0.648	GENOMAD.154793.CP	1.377E-132	425	0
JBJGKY010000011.1_95 # 99606 # 100892 # 1 # ID=11_95;partial=00;start_type=ATG;rbs_motif=None;rbs_spacer=None;genetic_code=11;gc_cont=0.608	GENOMAD.143062.VC	4.498E-04	45	0
JBJGKY010000012.1_65 # 86926 # 87102 # 1 # ID=12_65;partial=00;start_type=ATG;rbs_motif=AGGAG;rbs_spacer=5-10bp;genetic_code=11;gc_cont=0.621	GENOMAD.224383.PV	1.238E-07	48	1246
JBJGKY010000012.1_97 # 126084 # 126944 # 1 # ID=12_97;partial=00;start_type=GTG;rbs_motif=GGA/GAG/AGG;rbs_spacer=5-10bp;genetic_code=11;gc_cont=0.662	GENOMAD.145709.CP	7.932E-136	430	0
JBJGKY010000001.1_295 # 348814 # 350049 # 1 # ID=1_295;partial=00;start_type=ATG;rbs_motif=None;rbs_spacer=None;genetic_code=11;gc_cont=0.676	GENOMAD.105932.CP	4.893E-09	61	0
JBJGKY010000002.1_15 # 15654 # 17402 # -1 # ID=2_15;partial=00;start_type=ATG;rbs_motif=GGA/GAG/AGG;rbs_spacer=11-12bp;genetic_code=11;gc_cont=0.654	GENOMAD.129043.CV	9.666E-17	87	0
JBJGKY010000002.1_47 # 51688 # 52245 # 1 # ID=2_47;partial=00;start_type=ATG;rbs_motif=GGAG/GAGG;rbs_spacer=5-10bp;genetic_code=11;gc_cont=0.667	GENOMAD.058195.CC	1.036E-57	199	0
JBJGKY010000002.1_79 # 89558 # 90283 # -1 # ID=2_79;partial=00;start_type=ATG;rbs_motif=GGA/GAG/AGG;rbs_spacer=5-10bp;genetic_code=11;gc_cont=0.676	GENOMAD.189856.CP	3.219E-04	44	0
JBJGKY010000002.1_175 # 188527 # 189771 # 1 # ID=2_175;partial=00;start_type=GTG;rbs_motif=None;rbs_spacer=None;genetic_code=11;gc_cont=0.632	GENOMAD.154219.PC	3.601E-126	409	0
JBJGKY010000002.1_207 # 221550 # 222011 # -1 # ID=2_207;partial=00;start_type=ATG;rbs_motif=None;rbs_spacer=None;genetic_code=11;gc_cont=0.673	GENOMAD.091290.PP	7.334E-80	261	0
JBJGKY010000003.1_8 # 6418 # 7221 # 1 # ID=3_8;partial=00;start_type=ATG;rbs_motif=AGGAG;rbs_spacer=5-10bp;genetic_code=11;gc_cont=0.632	GENOMAD.210458.CP	2.366E-96	315	0
JBJGKY010000037.1_24 # 34386 # 35348 # 1 # ID=37_24;partial=00;start_type=ATG;rbs_motif=AGxAGG/AGGxGG;rbs_spacer=5-10bp;genetic_code=11;gc_cont=0.686	GENOMAD.190183.CP	3.139E-25	110	0
JBJGKY010000042.1_12 # 17937 # 18695 # -1 # ID=42_12;partial=00;start_type=GTG;rbs_motif=None;rbs_spacer=None;genetic_code=11;gc_cont=0.659	GENOMAD.061903.CP	1.228E-25	109	1246
JBJGKY010000045.1_7 # 8505 # 9437 # 1 # ID=45_7;partial=00;start_type=ATG;rbs_motif=GGA/GAG/AGG;rbs_spacer=5-10bp;genetic_code=11;gc_cont=0.635	GENOMAD.152376.CP	3.050E-05	48	0
JBJGKY010000013.1_94 # 128935 # 129243 # -1 # ID=13_94;partial=00;start_type=ATG;rbs_motif=GGAG/GAGG;rbs_spacer=5-10bp;genetic_code=11;gc_cont=0.615	GENOMAD.018319.CC	8.308E-46	160	0
JBJGKY010000014.1_63 # 77140 # 77502 # 1 # ID=14_63;partial=00;start_type=ATG;rbs_motif=GGAG/GAGG;rbs_spacer=5-10bp;genetic_code=11;gc_cont=0.658	GENOMAD.145553.CP	6.350E-08	52	0
JBJGKY010000015.1_96 # 103261 # 104637 # 1 # ID=15_96;partial=00;start_type=ATG;rbs_motif=None;rbs_spacer=None;genetic_code=11;gc_cont=0.664	GENOMAD.050158.CC	2.489E-08	59	0
JBJGKY010000017.1_61 # 74272 # 75219 # -1 # ID=17_61;partial=00;start_type=ATG;rbs_motif=GGA/GAG/AGG;rbs_spacer=5-10bp;genetic_code=11;gc_cont=0.726	GENOMAD.001519.CC	3.325E-44	166	0
JBJGKY010000004.1_175 # 196722 # 197966 # 1 # ID=4_175;partial=00;start_type=ATG;rbs_motif=GGA/GAG/AGG;rbs_spacer=5-10bp;genetic_code=11;gc_cont=0.671	GENOMAD.152588.CP	6.874E-60	216	0
JBJGKY010000005.1_1 # 36 # 827 # 1 # ID=5_1;partial=00;start_type=ATG;rbs_motif=None;rbs_spacer=None;genetic_code=11;gc_cont=0.664	GENOMAD.093434.CV	3.862E-23	102	0
JBJGKY010000005.1_65 # 73173 # 73919 # 1 # ID=5_65;partial=00;start_type=GTG;rbs_motif=GGAG/GAGG;rbs_spacer=5-10bp;genetic_code=11;gc_cont=0.685	GENOMAD.140610.CP	2.856E-36	140	0
JBJGKY010000005.1_97 # 113858 # 114676 # -1 # ID=5_97;partial=00;start_type=ATG;rbs_motif=GGAG/GAGG;rbs_spacer=5-10bp;genetic_code=11;gc_cont=0.662	GENOMAD.090871.CV	4.190E-04	44	1246
JBJGKY010000005.1_161 # 201249 # 201806 # -1 # ID=5_161;partial=00;start_type=ATG;rbs_motif=GGA/GAG/AGG;rbs_spacer=5-10bp;genetic_code=11;gc_cont=0.625	GENOMAD.154834.CP	3.605E-07	52	0
JBJGKY010000002.1_8 # 8834 # 9052 # -1 # ID=2_8;partial=00;start_type=GTG;rbs_motif=None;rbs_spacer=None;genetic_code=11;gc_cont=0.607	GENOMAD.152014.CP	1.556E-25	100	0
JBJGKY010000002.1_168 # 181011 # 183116 # -1 # ID=2_168;partial=00;start_type=ATG;rbs_motif=GGA/GAG/AGG;rbs_spacer=5-10bp;genetic_code=11;gc_cont=0.652	GENOMAD.053052.VV	4.131E-18	92	0
JBJGKY010000002.1_200 # 214372 # 215439 # 1 # ID=2_200;partial=00;start_type=ATG;rbs_motif=None;rbs_spacer=None;genetic_code=11;gc_cont=0.687	GENOMAD.092187.CP	1.973E-62	221	0
JBJGKY010000013.1_83 # 111534 # 113171 # -1 # ID=13_83;partial=00;start_type=ATG;rbs_motif=None;rbs_spacer=None;genetic_code=11;gc_cont=0.658	GENOMAD.146534.CP	7.696E-05	48	0
JBJGKY010000014.1_20 # 21190 # 23472 # 1 # ID=14_20;partial=00;start_type=ATG;rbs_motif=GGAG/GAGG;rbs_spacer=5-10bp;genetic_code=11;gc_cont=0.633	GENOMAD.046845.VV	1.306E-34	146	1246
JBJGKY010000014.1_52 # 63517 # 64770 # 1 # ID=14_52;partial=00;start_type=ATG;rbs_motif=None;rbs_spacer=None;genetic_code=11;gc_cont=0.683	GENOMAD.119129.CP	2.245E-51	191	0
JBJGKY010000008.1_53 # 68664 # 70799 # 1 # ID=8_53;partial=00;start_type=ATG;rbs_motif=None;rbs_spacer=None;genetic_code=11;gc_cont=0.659	GENOMAD.153592.VC	1.342E-05	51	4186
JBJGKY010000024.1_36 # 36897 # 37592 # -1 # ID=24_36;partial=00;start_type=ATG;rbs_motif=AGGA;rbs_spacer=5-10bp;genetic_code=11;gc_cont=0.641	GENOMAD.189914.CP	7.798E-07	52	0
JBJGKY010000025.1_19 # 16943 # 17776 # 1 # ID=25_19;partial=00;start_type=ATG;rbs_motif=None;rbs_spacer=None;genetic_code=11;gc_cont=0.596	GENOMAD.189522.PC	5.232E-162	505	0
JBJGKY010000021.1_50 # 62747 # 63448 # 1 # ID=21_50;partial=00;start_type=ATG;rbs_motif=AGGAG;rbs_spacer=5-10bp;genetic_code=11;gc_cont=0.637	GENOMAD.129411.CP	3.543E-06	50	0
JBJGKY010000022.1_29 # 35256 # 38189 # -1 # ID=22_29;partial=00;start_type=GTG;rbs_motif=GGA/GAG/AGG;rbs_spacer=5-10bp;genetic_code=11;gc_cont=0.642	GENOMAD.152082.CP	7.969E-56	216	0
JBJGKY010000023.1_18 # 20756 # 21142 # -1 # ID=23_18;partial=00;start_type=ATG;rbs_motif=GGAGG;rbs_spacer=5-10bp;genetic_code=11;gc_cont=0.623	GENOMAD.154511.CP	1.644E-26	106	0
JBJGKY010000023.1_50 # 57523 # 58137 # -1 # ID=23_50;partial=00;start_type=ATG;rbs_motif=GGA/GAG/AGG;rbs_spacer=5-10bp;genetic_code=11;gc_cont=0.649	GENOMAD.120745.CP	4.164E-19	88	0
JBJGKY010000023.1_82 # 91193 # 93574 # 1 # ID=23_82;partial=00;start_type=ATG;rbs_motif=GGA/GAG/AGG;rbs_spacer=11-12bp;genetic_code=11;gc_cont=0.687	GENOMAD.115145.CP	1.010E-264	830	0
JBJGKY010000032.1_56 # 64144 # 65322 # -1 # ID=32_56;partial=00;start_type=ATG;rbs_motif=GGAG/GAGG;rbs_spacer=5-10bp;genetic_code=11;gc_cont=0.665	GENOMAD.161970.CP	2.720E-06	52	0
JBJGKY010000021.1_66 # 82736 # 83110 # 1 # ID=21_66;partial=00;start_type=ATG;rbs_motif=GGA/GAG/AGG;rbs_spacer=5-10bp;genetic_code=11;gc_cont=0.669	GENOMAD.099012.CP	1.709E-32	123	0
JBJGKY010000022.1_45 # 58560 # 59306 # 1 # ID=22_45;partial=00;start_type=ATG;rbs_motif=AGGA/GGAG/GAGG;rbs_spacer=11-12bp;genetic_code=11;gc_cont=0.671	GENOMAD.133737.CP	4.227E-06	50	0
JBJGKY010000023.1_2 # 1753 # 2385 # -1 # ID=23_2;partial=00;start_type=ATG;rbs_motif=GGAG/GAGG;rbs_spacer=5-10bp;genetic_code=11;gc_cont=0.603	GENOMAD.112939.CP	2.281E-04	44	0
JBJGKY010000023.1_34 # 41662 # 42225 # -1 # ID=23_34;partial=00;start_type=ATG;rbs_motif=GGAG/GAGG;rbs_spacer=5-10bp;genetic_code=11;gc_cont=0.679	GENOMAD.130534.VV	7.703E-05	45	1246
JBJGKY010000032.1_27 # 32642 # 33262 # -1 # ID=32_27;partial=00;start_type=ATG;rbs_motif=GGAGG;rbs_spacer=5-10bp;genetic_code=11;gc_cont=0.712	GENOMAD.140316.CP	4.349E-86	282	0
JBJGKY010000011.1_11 # 14591 # 15058 # 1 # ID=11_11;partial=00;start_type=ATG;rbs_motif=AGGA;rbs_spacer=5-10bp;genetic_code=11;gc_cont=0.583	GENOMAD.031610.CC	1.187E-50	177	0
JBJGKY010000011.1_43 # 35221 # 35739 # 1 # ID=11_43;partial=00;start_type=ATG;rbs_motif=GGA/GAG/AGG;rbs_spacer=11-12bp;genetic_code=11;gc_cont=0.628	GENOMAD.151766.CP	5.024E-24	101	0
JBJGKY010000011.1_75 # 74868 # 75614 # 1 # ID=11_75;partial=00;start_type=ATG;rbs_motif=GGAG/GAGG;rbs_spacer=5-10bp;genetic_code=11;gc_cont=0.665	GENOMAD.087219.CP	2.517E-68	233	0
JBJGKY010000012.1_13 # 26417 # 27271 # -1 # ID=12_13;partial=00;start_type=ATG;rbs_motif=None;rbs_spacer=None;genetic_code=11;gc_cont=0.670	GENOMAD.216231.VP	6.113E-16	81	1246
JBJGKY010000012.1_77 # 104479 # 105453 # 1 # ID=12_77;partial=00;start_type=GTG;rbs_motif=GGAG/GAGG;rbs_spacer=5-10bp;genetic_code=11;gc_cont=0.681	GENOMAD.130634.CP	5.318E-40	154	0
JBJGKY010000058.1_4 # 2281 # 3132 # -1 # ID=58_4;partial=00;start_type=ATG;rbs_motif=GGxGG;rbs_spacer=5-10bp;genetic_code=11;gc_cont=0.658	GENOMAD.152488.CP	2.620E-14	76	0
JBJGKY010000061.1_2 # 1161 # 1568 # 1 # ID=61_2;partial=00;start_type=ATG;rbs_motif=GGA/GAG/AGG;rbs_spacer=5-10bp;genetic_code=11;gc_cont=0.674	GENOMAD.167065.CP	2.835E-40	146	0
JBJGKY010000068.1_2 # 412 # 1632 # -1 # ID=68_2;partial=01;start_type=Edge;rbs_motif=None;rbs_spacer=None;genetic_code=11;gc_cont=0.645	GENOMAD.189627.PC	3.925E-66	234	0
JBJGKY010000001.1_67 # 74681 # 76006 # -1 # ID=1_67;partial=00;start_type=ATG;rbs_motif=GGA/GAG/AGG;rbs_spacer=5-10bp;genetic_code=11;gc_cont=0.676	GENOMAD.158697.CP	8.322E-16	83	0
JBJGKY010000001.1_99 # 112591 # 113133 # 1 # ID=1_99;partial=00;start_type=ATG;rbs_motif=AGGA;rbs_spacer=5-10bp;genetic_code=11;gc_cont=0.665	GENOMAD.019134.CC	1.457E-85	279	0
JBJGKY010000027.1_65 # 81092 # 81601 # 1 # ID=27_65;partial=00;start_type=ATG;rbs_motif=GGAG/GAGG;rbs_spacer=5-10bp;genetic_code=11;gc_cont=0.641	GENOMAD.166375.PC	4.405E-13	69	0
JBJGKY010000028.1_57 # 62628 # 63062 # -1 # ID=28_57;partial=00;start_type=ATG;rbs_motif=None;rbs_spacer=None;genetic_code=11;gc_cont=0.586	GENOMAD.088856.PP	1.017E-63	214	0
JBJGKY010000029.1_10 # 16803 # 18605 # 1 # ID=29_10;partial=00;start_type=ATG;rbs_motif=GGA/GAG/AGG;rbs_spacer=5-10bp;genetic_code=11;gc_cont=0.678	GENOMAD.159061.PC	7.141E-99	338	0
JBJGKY010000031.1_26 # 30028 # 32502 # -1 # ID=31_26;partial=00;start_type=ATG;rbs_motif=GGA/GAG/AGG;rbs_spacer=5-10bp;genetic_code=11;gc_cont=0.662	GENOMAD.146392.CP	4.182E-220	702	0
JBJGKY010000040.1_3 # 1832 # 2209 # 1 # ID=40_3;partial=00;start_type=ATG;rbs_motif=GGAG/GAGG;rbs_spacer=5-10bp;genetic_code=11;gc_cont=0.582	GENOMAD.044601.PP	3.090E-67	223	0
JBJGKY010000040.1_35 # 27137 # 27823 # -1 # ID=40_35;partial=00;start_type=ATG;rbs_motif=GGAG/GAGG;rbs_spacer=5-10bp;genetic_code=11;gc_cont=0.687	GENOMAD.117306.PV	1.091E-68	233	0
JBJGKY010000042.1_13 # 18761 # 19273 # -1 # ID=42_13;partial=00;start_type=ATG;rbs_motif=GGA/GAG/AGG;rbs_spacer=5-10bp;genetic_code=11;gc_cont=0.618	GENOMAD.062686.CP	8.107E-45	161	0
JBJGKY010000043.1_28 # 20740 # 21558 # -1 # ID=43_28;partial=00;start_type=ATG;rbs_motif=None;rbs_spacer=None;genetic_code=11;gc_cont=0.695	GENOMAD.023008.PP	3.576E-155	485	0
JBJGKY010000045.1_8 # 9693 # 11678 # 1 # ID=45_8;partial=00;start_type=GTG;rbs_motif=GGAG/GAGG;rbs_spacer=5-10bp;genetic_code=11;gc_cont=0.695	GENOMAD.148235.CP	3.146E-25	115	0
JBJGKY010000048.1_6 # 5821 # 7773 # 1 # ID=48_6;partial=00;start_type=ATG;rbs_motif=None;rbs_spacer=None;genetic_code=11;gc_cont=0.676	GENOMAD.133722.CP	7.245E-42	168	0
JBJGKY010000049.1_18 # 19247 # 19333 # -1 # ID=49_18;partial=01;start_type=Edge;rbs_motif=None;rbs_spacer=None;genetic_code=11;gc_cont=0.632	GENOMAD.142262.PC	9.425E-04	35	0
JBJGKY010000019.1_56 # 65163 # 65819 # 1 # ID=19_56;partial=00;start_type=ATG;rbs_motif=GGA/GAG/AGG;rbs_spacer=5-10bp;genetic_code=11;gc_cont=0.636	GENOMAD.137608.CP	1.320E-70	238	0
JBJGKY010000019.1_88 # 102788 # 104107 # 1 # ID=19_88;partial=00;start_type=ATG;rbs_motif=None;rbs_spacer=None;genetic_code=11;gc_cont=0.680	GENOMAD.000143.CC	1.782E-53	198	1246
JBJGKY010000020.1_63 # 82691 # 83473 # 1 # ID=20_63;partial=00;start_type=ATG;rbs_motif=AGGA;rbs_spacer=5-10bp;genetic_code=11;gc_cont=0.596	GENOMAD.140872.CP	3.473E-70	239	0
JBJGKY010000021.1_14 # 17741 # 18226 # -1 # ID=21_14;partial=00;start_type=ATG;rbs_motif=GGA/GAG/AGG;rbs_spacer=5-10bp;genetic_code=11;gc_cont=0.714	GENOMAD.094485.CP	1.570E-13	70	0
JBJGKY010000022.1_25 # 31319 # 31672 # 1 # ID=22_25;partial=00;start_type=ATG;rbs_motif=GGA/GAG/AGG;rbs_spacer=5-10bp;genetic_code=11;gc_cont=0.562	GENOMAD.053075.CC	1.358E-15	74	0
JBJGKY010000002.1_35 # 36228 # 36662 # 1 # ID=2_35;partial=00;start_type=ATG;rbs_motif=GGA/GAG/AGG;rbs_spacer=11-12bp;genetic_code=11;gc_cont=0.699	GENOMAD.147360.CP	3.763E-66	221	0
JBJGKY010000002.1_131 # 140742 # 141407 # -1 # ID=2_131;partial=00;start_type=ATG;rbs_motif=None;rbs_spacer=None;genetic_code=11;gc_cont=0.683	GENOMAD.214524.PC	2.449E-24	104	0
JBJGKY010000025.1_46 # 44144 # 44584 # -1 # ID=25_46;partial=00;start_type=ATG;rbs_motif=AGGAG;rbs_spacer=5-10bp;genetic_code=11;gc_cont=0.678	GENOMAD.158252.CP	1.559E-26	107	0
JBJGKY010000025.1_78 # 77893 # 78675 # -1 # ID=25_78;partial=00;start_type=ATG;rbs_motif=GGA/GAG/AGG;rbs_spacer=5-10bp;genetic_code=11;gc_cont=0.645	GENOMAD.107364.VV	2.186E-34	135	0
JBJGKY010000026.1_20 # 37490 # 38254 # -1 # ID=26_20;partial=00;start_type=ATG;rbs_motif=GGA/GAG/AGG;rbs_spacer=5-10bp;genetic_code=11;gc_cont=0.668	GENOMAD.118667.CP	4.940E-30	122	0
JBJGKY010000026.1_52 # 74199 # 75485 # -1 # ID=26_52;partial=00;start_type=ATG;rbs_motif=GGA/GAG/AGG;rbs_spacer=5-10bp;genetic_code=11;gc_cont=0.575	GENOMAD.167613.CP	7.647E-40	157	0
JBJGKY010000027.1_18 # 25033 # 28485 # 1 # ID=27_18;partial=00;start_type=ATG;rbs_motif=None;rbs_spacer=None;genetic_code=11;gc_cont=0.671	GENOMAD.142301.CP	4.006E-115	404	0
JBJGKY010000005.1_26 # 33974 # 35854 # -1 # ID=5_26;partial=00;start_type=ATG;rbs_motif=GGAG/GAGG;rbs_spacer=5-10bp;genetic_code=11;gc_cont=0.633	GENOMAD.124001.CP	2.437E-198	629	0
JBJGKY010000005.1_90 # 102587 # 104344 # -1 # ID=5_90;partial=00;start_type=ATG;rbs_motif=GGA/GAG/AGG;rbs_spacer=5-10bp;genetic_code=11;gc_cont=0.615	GENOMAD.062130.PP	2.152E-227	711	0
JBJGKY010000005.1_122 # 146232 # 147743 # -1 # ID=5_122;partial=00;start_type=GTG;rbs_motif=GGAGG;rbs_spacer=5-10bp;genetic_code=11;gc_cont=0.614	GENOMAD.153314.CP	8.282E-06	51	0
JBJGKY010000006.1_5 # 5881 # 6159 # 1 # ID=6_5;partial=00;start_type=ATG;rbs_motif=None;rbs_spacer=None;genetic_code=11;gc_cont=0.616	GENOMAD.010644.CC	2.020E-24	98	0
JBJGKY010000019.1_75 # 89242 # 90120 # 1 # ID=19_75;partial=00;start_type=ATG;rbs_motif=GGAG/GAGG;rbs_spacer=5-10bp;genetic_code=11;gc_cont=0.637	GENOMAD.116387.CV	1.636E-25	110	1246
JBJGKY010000020.1_18 # 28691 # 29323 # 1 # ID=20_18;partial=00;start_type=ATG;rbs_motif=GGAG/GAGG;rbs_spacer=5-10bp;genetic_code=11;gc_cont=0.668	GENOMAD.151025.CP	3.887E-35	135	0
JBJGKY010000020.1_50 # 69027 # 69512 # -1 # ID=20_50;partial=00;start_type=ATG;rbs_motif=GGAGG;rbs_spacer=3-4bp;genetic_code=11;gc_cont=0.626	GENOMAD.017267.CC	4.717E-04	42	0
JBJGKY010000021.1_1 # 352 # 1578 # 1 # ID=21_1;partial=00;start_type=ATG;rbs_motif=None;rbs_spacer=None;genetic_code=11;gc_cont=0.674	GENOMAD.145551.CP	2.774E-22	103	0
JBJGKY010000015.1_79 # 86955 # 87323 # -1 # ID=15_79;partial=00;start_type=GTG;rbs_motif=AGGAG;rbs_spacer=5-10bp;genetic_code=11;gc_cont=0.626	GENOMAD.044178.CC	2.285E-20	88	0
JBJGKY010000014.1_26 # 28672 # 31029 # 1 # ID=14_26;partial=00;start_type=GTG;rbs_motif=GGA/GAG/AGG;rbs_spacer=11-12bp;genetic_code=11;gc_cont=0.663	GENOMAD.105456.CP	8.623E-32	137	0
JBJGKY010000014.1_58 # 69842 # 70819 # -1 # ID=14_58;partial=00;start_type=ATG;rbs_motif=GGAG/GAGG;rbs_spacer=5-10bp;genetic_code=11;gc_cont=0.697	GENOMAD.126251.CP	3.574E-11	67	0
JBJGKY010000015.1_27 # 34461 # 35144 # 1 # ID=15_27;partial=00;start_type=ATG;rbs_motif=None;rbs_spacer=None;genetic_code=11;gc_cont=0.675	GENOMAD.153561.CP	1.556E-06	51	0
JBJGKY010000015.1_91 # 96716 # 98113 # 1 # ID=15_91;partial=00;start_type=ATG;rbs_motif=None;rbs_spacer=None;genetic_code=11;gc_cont=0.644	GENOMAD.168467.CP	8.805E-07	54	0
JBJGKY010000004.1_166 # 187563 # 187823 # -1 # ID=4_166;partial=00;start_type=ATG;rbs_motif=None;rbs_spacer=None;genetic_code=11;gc_cont=0.621	GENOMAD.111764.CV	1.255E-11	61	0
JBJGKY010000044.1_11 # 10798 # 11106 # 1 # ID=44_11;partial=00;start_type=ATG;rbs_motif=AGGA/GGAG/GAGG;rbs_spacer=11-12bp;genetic_code=11;gc_cont=0.680	GENOMAD.161585.CV	2.957E-17	78	0
JBJGKY010000052.1_15 # 14146 # 14688 # -1 # ID=52_15;partial=00;start_type=ATG;rbs_motif=3Base/5BMM;rbs_spacer=13-15bp;genetic_code=11;gc_cont=0.611	GENOMAD.082990.PP	4.988E-72	240	0
JBJGKY010000011.1_77 # 77286 # 78131 # 1 # ID=11_77;partial=00;start_type=GTG;rbs_motif=None;rbs_spacer=None;genetic_code=11;gc_cont=0.677	GENOMAD.109682.CP	2.684E-64	223	0
JBJGKY010000003.1_78 # 78101 # 79165 # 1 # ID=3_78;partial=00;start_type=ATG;rbs_motif=AGGA/GGAG/GAGG;rbs_spacer=11-12bp;genetic_code=11;gc_cont=0.676	GENOMAD.115195.CP	1.100E-06	53	0
JBJGKY010000003.1_142 # 174796 # 182013 # -1 # ID=3_142;partial=00;start_type=ATG;rbs_motif=GGA/GAG/AGG;rbs_spacer=5-10bp;genetic_code=11;gc_cont=0.674	GENOMAD.116397.CP	9.794E-59	229	0
JBJGKY010000004.1_31 # 29601 # 30323 # 1 # ID=4_31;partial=00;start_type=ATG;rbs_motif=None;rbs_spacer=None;genetic_code=11;gc_cont=0.674	GENOMAD.137948.CP	6.158E-90	295	0
JBJGKY010000001.1_151 # 167112 # 167684 # -1 # ID=1_151;partial=00;start_type=GTG;rbs_motif=GGxGG;rbs_spacer=5-10bp;genetic_code=11;gc_cont=0.634	GENOMAD.138165.CP	8.624E-09	57	0
JBJGKY010000001.1_183 # 206049 # 207671 # 1 # ID=1_183;partial=00;start_type=ATG;rbs_motif=AGGAG;rbs_spacer=5-10bp;genetic_code=11;gc_cont=0.675	GENOMAD.178810.CP	7.341E-32	135	0
JBJGKY010000011.1_18 # 21532 # 22137 # 1 # ID=11_18;partial=00;start_type=ATG;rbs_motif=AGGAG;rbs_spacer=5-10bp;genetic_code=11;gc_cont=0.609	GENOMAD.060214.CV	1.046E-27	113	0
JBJGKY010000012.1_52 # 71550 # 71894 # -1 # ID=12_52;partial=00;start_type=ATG;rbs_motif=None;rbs_spacer=None;genetic_code=11;gc_cont=0.649	GENOMAD.138361.CV	2.953E-14	70	0
JBJGKY010000012.1_84 # 112634 # 113182 # -1 # ID=12_84;partial=00;start_type=ATG;rbs_motif=None;rbs_spacer=None;genetic_code=11;gc_cont=0.672	GENOMAD.151568.CP	5.999E-71	237	0
JBJGKY010000013.1_17 # 21645 # 22247 # 1 # ID=13_17;partial=00;start_type=ATG;rbs_motif=GGA/GAG/AGG;rbs_spacer=5-10bp;genetic_code=11;gc_cont=0.653	GENOMAD.107271.CP	5.039E-37	140	0
JBJGKY010000017.1_9 # 10418 # 11308 # 1 # ID=17_9;partial=00;start_type=ATG;rbs_motif=AGGAG;rbs_spacer=5-10bp;genetic_code=11;gc_cont=0.685	GENOMAD.108584.CP	4.672E-138	437	0
JBJGKY010000017.1_41 # 41729 # 44047 # -1 # ID=17_41;partial=00;start_type=ATG;rbs_motif=AGGA/GGAG/GAGG;rbs_spacer=11-12bp;genetic_code=11;gc_cont=0.709	GENOMAD.153218.CP	6.875E-31	134	0
JBJGKY010000017.1_73 # 85530 # 86399 # 1 # ID=17_73;partial=00;start_type=ATG;rbs_motif=GGAG/GAGG;rbs_spacer=5-10bp;genetic_code=11;gc_cont=0.676	GENOMAD.181951.CP	1.332E-45	169	0
JBJGKY010000018.1_46 # 48127 # 48822 # 1 # ID=18_46;partial=00;start_type=ATG;rbs_motif=GGAGG;rbs_spacer=5-10bp;genetic_code=11;gc_cont=0.672	GENOMAD.137442.CP	1.366E-26	111	0
JBJGKY010000018.1_78 # 83999 # 85249 # 1 # ID=18_78;partial=00;start_type=GTG;rbs_motif=None;rbs_spacer=None;genetic_code=11;gc_cont=0.687	GENOMAD.140488.CP	3.583E-07	55	0
JBJGKY010000003.1_184 # 232869 # 234188 # -1 # ID=3_184;partial=00;start_type=ATG;rbs_motif=GGA/GAG/AGG;rbs_spacer=5-10bp;genetic_code=11;gc_cont=0.659	GENOMAD.000747.CC	1.004E-23	108	0
JBJGKY010000004.1_73 # 79671 # 80990 # 1 # ID=4_73;partial=00;start_type=ATG;rbs_motif=GGAG/GAGG;rbs_spacer=5-10bp;genetic_code=11;gc_cont=0.657	GENOMAD.145476.CP	4.424E-69	244	0
JBJGKY010000004.1_105 # 117940 # 118341 # 1 # ID=4_105;partial=00;start_type=ATG;rbs_motif=GGAG/GAGG;rbs_spacer=5-10bp;genetic_code=11;gc_cont=0.662	GENOMAD.171460.CP	2.518E-15	74	0
JBJGKY010000004.1_137 # 152169 # 152966 # 1 # ID=4_137;partial=00;start_type=ATG;rbs_motif=GGAG/GAGG;rbs_spacer=5-10bp;genetic_code=11;gc_cont=0.665	GENOMAD.142573.CP	1.641E-27	115	0
JBJGKY010000004.1_201 # 232337 # 232987 # -1 # ID=4_201;partial=00;start_type=ATG;rbs_motif=GGA/GAG/AGG;rbs_spacer=5-10bp;genetic_code=11;gc_cont=0.665	GENOMAD.142885.CP	2.813E-06	50	0
JBJGKY010000029.1_41 # 57695 # 58141 # -1 # ID=29_41;partial=00;start_type=ATG;rbs_motif=None;rbs_spacer=None;genetic_code=11;gc_cont=0.658	GENOMAD.148005.CP	4.569E-41	149	0
JBJGKY010000001.1_253 # 294932 # 295120 # 1 # ID=1_253;partial=00;start_type=ATG;rbs_motif=GGA/GAG/AGG;rbs_spacer=5-10bp;genetic_code=11;gc_cont=0.582	GENOMAD.180845.CP	2.981E-08	50	0
JBJGKY010000001.1_285 # 331637 # 336109 # 1 # ID=1_285;partial=00;start_type=ATG;rbs_motif=GGAG/GAGG;rbs_spacer=5-10bp;genetic_code=11;gc_cont=0.682	GENOMAD.120530.CP	5.241E-86	317	0
JBJGKY010000002.1_69 # 76730 # 77896 # -1 # ID=2_69;partial=00;start_type=ATG;rbs_motif=GGA/GAG/AGG;rbs_spacer=5-10bp;genetic_code=11;gc_cont=0.654	GENOMAD.124282.CP	6.320E-96	320	0
JBJGKY010000002.1_133 # 142072 # 144762 # -1 # ID=2_133;partial=00;start_type=TTG;rbs_motif=GGA/GAG/AGG;rbs_spacer=5-10bp;genetic_code=11;gc_cont=0.666	GENOMAD.207668.CP	4.329E-158	524	0
JBJGKY010000015.1_93 # 99156 # 101093 # -1 # ID=15_93;partial=00;start_type=ATG;rbs_motif=GGAG/GAGG;rbs_spacer=5-10bp;genetic_code=11;gc_cont=0.654	GENOMAD.142795.CP	1.749E-07	57	0
JBJGKY010000047.1_6 # 3126 # 3719 # 1 # ID=47_6;partial=00;start_type=ATG;rbs_motif=AGGA;rbs_spacer=5-10bp;genetic_code=11;gc_cont=0.653	GENOMAD.206178.VP	4.620E-08	55	1246
JBJGKY010000005.1_156 # 187375 # 190068 # -1 # ID=5_156;partial=00;start_type=ATG;rbs_motif=None;rbs_spacer=None;genetic_code=11;gc_cont=0.625	GENOMAD.152082.CP	3.806E-26	119	0
JBJGKY010000025.1_11 # 7839 # 10208 # -1 # ID=25_11;partial=00;start_type=ATG;rbs_motif=None;rbs_spacer=None;genetic_code=11;gc_cont=0.630	GENOMAD.105365.CP	5.545E-107	369	0
JBJGKY010000027.1_47 # 59458 # 60729 # 1 # ID=27_47;partial=00;start_type=ATG;rbs_motif=GGAG/GAGG;rbs_spacer=5-10bp;genetic_code=11;gc_cont=0.719	GENOMAD.145263.CP	7.882E-63	225	0
JBJGKY010000004.1_52 # 52813 # 53703 # -1 # ID=4_52;partial=00;start_type=ATG;rbs_motif=GGA/GAG/AGG;rbs_spacer=5-10bp;genetic_code=11;gc_cont=0.686	GENOMAD.129411.CP	1.518E-14	77	0
JBJGKY010000004.1_84 # 93121 # 93801 # 1 # ID=4_84;partial=00;start_type=GTG;rbs_motif=GGAG/GAGG;rbs_spacer=5-10bp;genetic_code=11;gc_cont=0.668	GENOMAD.116548.CP	5.623E-26	109	0
JBJGKY010000004.1_148 # 166242 # 166886 # 1 # ID=4_148;partial=00;start_type=ATG;rbs_motif=None;rbs_spacer=None;genetic_code=11;gc_cont=0.671	GENOMAD.002511.CC	1.446E-49	177	0
JBJGKY010000005.1_6 # 5874 # 9047 # 1 # ID=5_6;partial=00;start_type=ATG;rbs_motif=None;rbs_spacer=None;genetic_code=11;gc_cont=0.653	GENOMAD.142686.CP	1.564E-34	147	0
JBJGKY010000005.1_38 # 49524 # 49784 # -1 # ID=5_38;partial=00;start_type=ATG;rbs_motif=AGGAG;rbs_spacer=5-10bp;genetic_code=11;gc_cont=0.621	GENOMAD.080397.CV	2.647E-34	126	1246
JBJGKY010000005.1_134 # 162686 # 162994 # -1 # ID=5_134;partial=00;start_type=GTG;rbs_motif=GGA/GAG/AGG;rbs_spacer=11-12bp;genetic_code=11;gc_cont=0.618	GENOMAD.151194.PC	5.121E-35	129	0
JBJGKY010000005.1_166 # 208665 # 208991 # -1 # ID=5_166;partial=00;start_type=ATG;rbs_motif=GGAG/GAGG;rbs_spacer=5-10bp;genetic_code=11;gc_cont=0.606	GENOMAD.112646.PP	4.485E-55	187	0
JBJGKY010000006.1_49 # 54255 # 55409 # 1 # ID=6_49;partial=00;start_type=ATG;rbs_motif=GGA/GAG/AGG;rbs_spacer=11-12bp;genetic_code=11;gc_cont=0.670	GENOMAD.126037.CP	8.286E-53	194	0
JBJGKY010000007.1_11 # 16725 # 21083 # -1 # ID=7_11;partial=00;start_type=ATG;rbs_motif=GGA/GAG/AGG;rbs_spacer=5-10bp;genetic_code=11;gc_cont=0.661	GENOMAD.182959.CP	1.818E-300	965	0
JBJGKY010000001.1_92 # 104957 # 105589 # -1 # ID=1_92;partial=00;start_type=ATG;rbs_motif=None;rbs_spacer=None;genetic_code=11;gc_cont=0.668	GENOMAD.152184.PC	4.030E-23	100	0
JBJGKY010000001.1_156 # 171719 # 175426 # 1 # ID=1_156;partial=00;start_type=ATG;rbs_motif=None;rbs_spacer=None;genetic_code=11;gc_cont=0.663	GENOMAD.137972.CP	6.945E-184	613	0
JBJGKY010000001.1_284 # 331054 # 331434 # 1 # ID=1_284;partial=00;start_type=ATG;rbs_motif=GGAG/GAGG;rbs_spacer=5-10bp;genetic_code=11;gc_cont=0.648	GENOMAD.208772.PC	1.100E-21	92	0
JBJGKY010000033.1_19 # 9628 # 9858 # 1 # ID=33_19;partial=00;start_type=ATG;rbs_motif=AGGAG;rbs_spacer=5-10bp;genetic_code=11;gc_cont=0.636	GENOMAD.220643.VP	3.063E-28	108	2773
JBJGKY010000033.1_51 # 51482 # 51847 # -1 # ID=33_51;partial=00;start_type=ATG;rbs_motif=None;rbs_spacer=None;genetic_code=11;gc_cont=0.653	GENOMAD.018062.CC	1.591E-15	74	0
JBJGKY010000034.1_28 # 27449 # 28105 # 1 # ID=34_28;partial=00;start_type=ATG;rbs_motif=GGAG/GAGG;rbs_spacer=5-10bp;genetic_code=11;gc_cont=0.700	GENOMAD.045251.CC	6.558E-96	311	0
JBJGKY010000035.1_15 # 17881 # 18804 # 1 # ID=35_15;partial=00;start_type=GTG;rbs_motif=GGA/GAG/AGG;rbs_spacer=5-10bp;genetic_code=11;gc_cont=0.697	GENOMAD.138157.CP	9.790E-18	87	0
JBJGKY010000036.1_8 # 6984 # 7523 # 1 # ID=36_8;partial=00;start_type=ATG;rbs_motif=GGAG/GAGG;rbs_spacer=5-10bp;genetic_code=11;gc_cont=0.713	GENOMAD.218216.PC	3.149E-42	154	0
JBJGKY010000037.1_9 # 12217 # 13722 # 1 # ID=37_9;partial=00;start_type=ATG;rbs_motif=GGAG/GAGG;rbs_spacer=5-10bp;genetic_code=11;gc_cont=0.684	GENOMAD.178810.CP	2.631E-26	117	0
JBJGKY010000039.1_14 # 13586 # 16144 # -1 # ID=39_14;partial=00;start_type=GTG;rbs_motif=GGA/GAG/AGG;rbs_spacer=5-10bp;genetic_code=11;gc_cont=0.633	GENOMAD.152082.CP	2.059E-27	123	0
JBJGKY010000002.1_125 # 131859 # 132785 # 1 # ID=2_125;partial=00;start_type=GTG;rbs_motif=GGAG/GAGG;rbs_spacer=5-10bp;genetic_code=11;gc_cont=0.662	GENOMAD.190451.PC	2.173E-08	58	0
JBJGKY010000002.1_221 # 235601 # 237364 # 1 # ID=2_221;partial=00;start_type=ATG;rbs_motif=GGAG/GAGG;rbs_spacer=5-10bp;genetic_code=11;gc_cont=0.673	GENOMAD.116686.CP	1.974E-46	181	0
JBJGKY010000003.1_22 # 20722 # 21192 # 1 # ID=3_22;partial=00;start_type=ATG;rbs_motif=GGA/GAG/AGG;rbs_spacer=5-10bp;genetic_code=11;gc_cont=0.633	GENOMAD.022016.CC	1.501E-48	171	0
JBJGKY010000003.1_86 # 97428 # 97997 # 1 # ID=3_86;partial=00;start_type=ATG;rbs_motif=AGGA;rbs_spacer=5-10bp;genetic_code=11;gc_cont=0.646	GENOMAD.137814.CP	5.396E-31	122	0
JBJGKY010000003.1_118 # 135041 # 135775 # 1 # ID=3_118;partial=00;start_type=ATG;rbs_motif=GGAG/GAGG;rbs_spacer=5-10bp;genetic_code=11;gc_cont=0.691	GENOMAD.081069.CP	1.462E-32	129	0
JBJGKY010000005.1_98 # 114886 # 116844 # -1 # ID=5_98;partial=00;start_type=ATG;rbs_motif=GGAG/GAGG;rbs_spacer=5-10bp;genetic_code=11;gc_cont=0.631	GENOMAD.129013.CP	1.978E-04	47	0
JBJGKY010000006.1_77 # 85710 # 86819 # 1 # ID=6_77;partial=00;start_type=ATG;rbs_motif=GGAG/GAGG;rbs_spacer=5-10bp;genetic_code=11;gc_cont=0.681	GENOMAD.129171.CP	7.957E-09	60	0
JBJGKY010000001.1_159 # 178289 # 179341 # 1 # ID=1_159;partial=00;start_type=ATG;rbs_motif=None;rbs_spacer=None;genetic_code=11;gc_cont=0.683	GENOMAD.123263.CP	2.161E-11	68	0
JBJGKY010000022.1_27 # 32603 # 33637 # -1 # ID=22_27;partial=00;start_type=ATG;rbs_motif=GGA/GAG/AGG;rbs_spacer=5-10bp;genetic_code=11;gc_cont=0.643	GENOMAD.151274.CP	2.480E-30	126	1246
JBJGKY010000024.1_23 # 20781 # 22214 # 1 # ID=24_23;partial=00;start_type=ATG;rbs_motif=GGAGG;rbs_spacer=5-10bp;genetic_code=11;gc_cont=0.636	GENOMAD.141880.PP	7.152E-259	796	0
JBJGKY010000024.1_55 # 66172 # 66972 # -1 # ID=24_55;partial=00;start_type=ATG;rbs_motif=GGA/GAG/AGG;rbs_spacer=5-10bp;genetic_code=11;gc_cont=0.648	GENOMAD.179248.CP	6.244E-146	458	0
JBJGKY010000025.1_6 # 3149 # 4105 # -1 # ID=25_6;partial=00;start_type=ATG;rbs_motif=GGAG/GAGG;rbs_spacer=5-10bp;genetic_code=11;gc_cont=0.674	GENOMAD.083577.VV	5.643E-04	44	1246
JBJGKY010000025.1_38 # 36996 # 37226 # 1 # ID=25_38;partial=00;start_type=ATG;rbs_motif=GGA/GAG/AGG;rbs_spacer=5-10bp;genetic_code=11;gc_cont=0.654	GENOMAD.016641.CC	1.372E-28	109	0
JBJGKY010000019.1_62 # 73248 # 74942 # -1 # ID=19_62;partial=00;start_type=ATG;rbs_motif=AGGAG;rbs_spacer=5-10bp;genetic_code=11;gc_cont=0.641	GENOMAD.057851.VV	1.811E-12	73	14384
JBJGKY010000020.1_5 # 4979 # 5320 # -1 # ID=20_5;partial=00;start_type=ATG;rbs_motif=AGGAG;rbs_spacer=5-10bp;genetic_code=11;gc_cont=0.661	GENOMAD.166221.CP	3.856E-19	84	0
JBJGKY010000020.1_37 # 55378 # 55968 # 1 # ID=20_37;partial=00;start_type=ATG;rbs_motif=AGGAG;rbs_spacer=5-10bp;genetic_code=11;gc_cont=0.675	GENOMAD.002853.CC	8.670E-15	75	0
JBJGKY010000024.1_73 # 83634 # 84722 # -1 # ID=24_73;partial=00;start_type=ATG;rbs_motif=None;rbs_spacer=None;genetic_code=11;gc_cont=0.669	GENOMAD.138157.CP	1.546E-39	154	0
JBJGKY010000025.1_56 # 54363 # 56720 # 1 # ID=25_56;partial=00;start_type=ATG;rbs_motif=GGAG/GAGG;rbs_spacer=5-10bp;genetic_code=11;gc_cont=0.668	GENOMAD.112718.CP	7.009E-192	618	0
JBJGKY010000025.1_88 # 88967 # 89548 # 1 # ID=25_88;partial=00;start_type=ATG;rbs_motif=None;rbs_spacer=None;genetic_code=11;gc_cont=0.639	GENOMAD.099157.CV	5.490E-60	206	1246
JBJGKY010000026.1_30 # 47803 # 49452 # 1 # ID=26_30;partial=00;start_type=ATG;rbs_motif=GGAG/GAGG;rbs_spacer=5-10bp;genetic_code=11;gc_cont=0.648	GENOMAD.158774.CP	1.140E-06	54	0
JBJGKY010000027.1_60 # 75704 # 77875 # 1 # ID=27_60;partial=00;start_type=TTG;rbs_motif=GGA/GAG/AGG;rbs_spacer=5-10bp;genetic_code=11;gc_cont=0.653	GENOMAD.009395.VV	4.550E-04	46	1246
JBJGKY010000001.1_27 # 30214 # 31494 # -1 # ID=1_27;partial=00;start_type=GTG;rbs_motif=None;rbs_spacer=None;genetic_code=11;gc_cont=0.665	GENOMAD.152417.CP	1.554E-37	150	0
JBJGKY010000001.1_91 # 104448 # 104795 # 1 # ID=1_91;partial=00;start_type=ATG;rbs_motif=AGGAG;rbs_spacer=5-10bp;genetic_code=11;gc_cont=0.635	GENOMAD.167065.CP	1.261E-39	143	0
JBJGKY010000001.1_155 # 170888 # 171469 # -1 # ID=1_155;partial=00;start_type=TTG;rbs_motif=GGAGG;rbs_spacer=5-10bp;genetic_code=11;gc_cont=0.691	GENOMAD.177989.CP	6.157E-93	301	0
JBJGKY010000001.1_251 # 292782 # 293222 # -1 # ID=1_251;partial=00;start_type=ATG;rbs_motif=GGA/GAG/AGG;rbs_spacer=5-10bp;genetic_code=11;gc_cont=0.633	GENOMAD.167948.CP	1.099E-21	93	0
JBJGKY010000013.1_27 # 31400 # 32872 # -1 # ID=13_27;partial=00;start_type=ATG;rbs_motif=GGA/GAG/AGG;rbs_spacer=5-10bp;genetic_code=11;gc_cont=0.648	GENOMAD.151588.CP	9.955E-20	96	0
JBJGKY010000013.1_91 # 124001 # 126286 # -1 # ID=13_91;partial=00;start_type=ATG;rbs_motif=GGA/GAG/AGG;rbs_spacer=5-10bp;genetic_code=11;gc_cont=0.648	GENOMAD.151917.PC	2.688E-08	60	0
JBJGKY010000014.1_28 # 33173 # 33844 # 1 # ID=14_28;partial=00;start_type=ATG;rbs_motif=None;rbs_spacer=None;genetic_code=11;gc_cont=0.621	GENOMAD.088139.CV	4.622E-39	147	1246
JBJGKY010000014.1_92 # 123523 # 124026 # 1 # ID=14_92;partial=00;start_type=ATG;rbs_motif=GGxGG;rbs_spacer=5-10bp;genetic_code=11;gc_cont=0.659	GENOMAD.183209.PC	3.679E-15	75	0
JBJGKY010000015.1_61 # 70046 # 70216 # 1 # ID=15_61;partial=00;start_type=ATG;rbs_motif=GGA/GAG/AGG;rbs_spacer=11-12bp;genetic_code=11;gc_cont=0.608	GENOMAD.023882.VV	3.472E-25	98	1246
JBJGKY010000015.1_104 # 111874 # 112629 # -1 # ID=15_104;partial=00;start_type=ATG;rbs_motif=AGGA/GGAG/GAGG;rbs_spacer=11-12bp;genetic_code=11;gc_cont=0.672	GENOMAD.016342.CC	5.223E-27	113	0
JBJGKY010000016.1_30 # 39956 # 40570 # 1 # ID=16_30;partial=00;start_type=ATG;rbs_motif=None;rbs_spacer=None;genetic_code=11;gc_cont=0.631	GENOMAD.167534.CP	2.263E-15	77	0
JBJGKY010000016.1_62 # 79240 # 80529 # -1 # ID=16_62;partial=00;start_type=GTG;rbs_motif=AGGAG;rbs_spacer=5-10bp;genetic_code=11;gc_cont=0.608	GENOMAD.123376.CP	7.419E-68	240	0
JBJGKY010000016.1_94 # 114604 # 115053 # -1 # ID=16_94;partial=00;start_type=TTG;rbs_motif=AGGAG;rbs_spacer=5-10bp;genetic_code=11;gc_cont=0.611	GENOMAD.130165.CV	2.289E-57	196	0
JBJGKY010000017.1_62 # 75354 # 75944 # 1 # ID=17_62;partial=00;start_type=ATG;rbs_motif=GGAG/GAGG;rbs_spacer=5-10bp;genetic_code=11;gc_cont=0.668	GENOMAD.134225.CP	1.665E-57	199	0
JBJGKY010000030.1_15 # 18801 # 20132 # 1 # ID=30_15;partial=00;start_type=ATG;rbs_motif=GGAG/GAGG;rbs_spacer=5-10bp;genetic_code=11;gc_cont=0.688	GENOMAD.146515.CP	4.495E-35	143	0
JBJGKY010000031.1_27 # 32733 # 35666 # -1 # ID=31_27;partial=00;start_type=ATG;rbs_motif=GGA/GAG/AGG;rbs_spacer=5-10bp;genetic_code=11;gc_cont=0.679	GENOMAD.177318.PC	1.396E-10	68	0
JBJGKY010000033.1_42 # 39492 # 40127 # -1 # ID=33_42;partial=00;start_type=ATG;rbs_motif=AGGA/GGAG/GAGG;rbs_spacer=11-12bp;genetic_code=11;gc_cont=0.656	GENOMAD.136854.CP	2.310E-04	44	0
JBJGKY010000028.1_68 # 71328 # 71783 # 1 # ID=28_68;partial=00;start_type=GTG;rbs_motif=GGAG/GAGG;rbs_spacer=5-10bp;genetic_code=11;gc_cont=0.634	GENOMAD.216464.PC	4.912E-50	175	0
JBJGKY010000029.1_21 # 29296 # 30210 # -1 # ID=29_21;partial=00;start_type=ATG;rbs_motif=GGA/GAG/AGG;rbs_spacer=5-10bp;genetic_code=11;gc_cont=0.702	GENOMAD.134127.CP	1.611E-91	303	0
JBJGKY010000031.1_37 # 47867 # 48655 # 1 # ID=31_37;partial=00;start_type=ATG;rbs_motif=None;rbs_spacer=None;genetic_code=11;gc_cont=0.703	GENOMAD.137825.CP	8.004E-04	43	0
JBJGKY010000032.1_47 # 54186 # 55589 # -1 # ID=32_47;partial=00;start_type=ATG;rbs_motif=GGA/GAG/AGG;rbs_spacer=5-10bp;genetic_code=11;gc_cont=0.672	GENOMAD.142809.CP	8.866E-07	54	0
JBJGKY010000033.1_20 # 9996 # 11459 # 1 # ID=33_20;partial=00;start_type=ATG;rbs_motif=GGA/GAG/AGG;rbs_spacer=5-10bp;genetic_code=11;gc_cont=0.592	GENOMAD.083062.VV	1.652E-87	300	2773
JBJGKY010000033.1_52 # 51907 # 52338 # 1 # ID=33_52;partial=00;start_type=ATG;rbs_motif=GGA/GAG/AGG;rbs_spacer=5-10bp;genetic_code=11;gc_cont=0.657	GENOMAD.101229.CV	2.380E-10	60	0
JBJGKY010000031.1_39 # 50106 # 51464 # -1 # ID=31_39;partial=00;start_type=TTG;rbs_motif=GGA/GAG/AGG;rbs_spacer=5-10bp;genetic_code=11;gc_cont=0.627	GENOMAD.182879.CP	2.467E-54	201	0
JBJGKY010000032.1_17 # 24247 # 25038 # -1 # ID=32_17;partial=00;start_type=ATG;rbs_motif=None;rbs_spacer=None;genetic_code=11;gc_cont=0.669	GENOMAD.138189.CP	6.983E-10	62	0
JBJGKY010000032.1_49 # 56507 # 57073 # -1 # ID=32_49;partial=00;start_type=ATG;rbs_motif=GGA/GAG/AGG;rbs_spacer=5-10bp;genetic_code=11;gc_cont=0.675	GENOMAD.031694.CC	2.315E-84	276	0
JBJGKY010000034.1_31 # 30193 # 30399 # 1 # ID=34_31;partial=00;start_type=ATG;rbs_motif=GGAG/GAGG;rbs_spacer=5-10bp;genetic_code=11;gc_cont=0.676	GENOMAD.004807.CC	8.890E-08	49	0
JBJGKY010000036.1_11 # 10241 # 11557 # 1 # ID=36_11;partial=00;start_type=ATG;rbs_motif=GGAG/GAGG;rbs_spacer=5-10bp;genetic_code=11;gc_cont=0.713	GENOMAD.167543.PC	1.674E-31	132	0
JBJGKY010000037.1_12 # 17744 # 21211 # 1 # ID=37_12;partial=00;start_type=ATG;rbs_motif=GGAG/GAGG;rbs_spacer=5-10bp;genetic_code=11;gc_cont=0.649	GENOMAD.146053.CP	5.967E-58	224	0
JBJGKY010000038.1_17 # 17507 # 18829 # 1 # ID=38_17;partial=00;start_type=ATG;rbs_motif=GGA/GAG/AGG;rbs_spacer=5-10bp;genetic_code=11;gc_cont=0.634	GENOMAD.080453.PP	9.573E-08	57	0
JBJGKY010000002.1_12 # 11615 # 12511 # 1 # ID=2_12;partial=00;start_type=ATG;rbs_motif=GGAG/GAGG;rbs_spacer=5-10bp;genetic_code=11;gc_cont=0.637	GENOMAD.105978.CP	4.096E-25	109	0
JBJGKY010000002.1_140 # 148889 # 149503 # 1 # ID=2_140;partial=00;start_type=ATG;rbs_motif=AGGAG;rbs_spacer=5-10bp;genetic_code=11;gc_cont=0.665	GENOMAD.212919.PC	6.356E-115	365	0
JBJGKY010000002.1_172 # 185437 # 186006 # -1 # ID=2_172;partial=00;start_type=ATG;rbs_motif=AGGAG;rbs_spacer=5-10bp;genetic_code=11;gc_cont=0.668	GENOMAD.136393.CP	7.960E-05	45	0
JBJGKY010000003.1_37 # 31479 # 31937 # 1 # ID=3_37;partial=00;start_type=ATG;rbs_motif=None;rbs_spacer=None;genetic_code=11;gc_cont=0.702	GENOMAD.123993.CP	3.765E-06	48	0
JBJGKY010000021.1_75 # 89573 # 89938 # -1 # ID=21_75;partial=00;start_type=GTG;rbs_motif=None;rbs_spacer=None;genetic_code=11;gc_cont=0.653	GENOMAD.000998.CC	3.679E-31	119	0
JBJGKY010000022.1_22 # 29714 # 29932 # -1 # ID=22_22;partial=00;start_type=GTG;rbs_motif=None;rbs_spacer=None;genetic_code=11;gc_cont=0.630	GENOMAD.007320.CC	4.225E-09	53	0
JBJGKY010000022.1_54 # 70457 # 72421 # -1 # ID=22_54;partial=00;start_type=GTG;rbs_motif=GGA/GAG/AGG;rbs_spacer=5-10bp;genetic_code=11;gc_cont=0.682	GENOMAD.145791.CP	3.282E-101	347	0
JBJGKY010000023.1_11 # 11046 # 13595 # -1 # ID=23_11;partial=00;start_type=ATG;rbs_motif=GGA/GAG/AGG;rbs_spacer=5-10bp;genetic_code=11;gc_cont=0.688	GENOMAD.228084.CP	2.585E-21	103	0
JBJGKY010000023.1_43 # 50318 # 52681 # -1 # ID=23_43;partial=00;start_type=ATG;rbs_motif=None;rbs_spacer=None;genetic_code=11;gc_cont=0.649	GENOMAD.142574.CP	7.539E-20	98	0
JBJGKY010000024.1_18 # 15480 # 16442 # -1 # ID=24_18;partial=00;start_type=TTG;rbs_motif=AGGAG;rbs_spacer=5-10bp;genetic_code=11;gc_cont=0.634	GENOMAD.153559.CP	5.828E-93	308	0
JBJGKY010000024.1_50 # 60498 # 62396 # 1 # ID=24_50;partial=00;start_type=ATG;rbs_motif=None;rbs_spacer=None;genetic_code=11;gc_cont=0.681	GENOMAD.178112.CP	1.825E-141	464	0
JBJGKY010000025.1_1 # 38 # 529 # 1 # ID=25_1;partial=00;start_type=ATG;rbs_motif=GGAG/GAGG;rbs_spacer=5-10bp;genetic_code=11;gc_cont=0.691	GENOMAD.158059.CP	1.016E-20	91	0
JBJGKY010000023.1_7 # 7225 # 8262 # -1 # ID=23_7;partial=00;start_type=ATG;rbs_motif=None;rbs_spacer=None;genetic_code=11;gc_cont=0.681	GENOMAD.000204.CC	3.654E-45	170	0
JBJGKY010000034.1_13 # 13908 # 14606 # -1 # ID=34_13;partial=00;start_type=GTG;rbs_motif=GGAG/GAGG;rbs_spacer=5-10bp;genetic_code=11;gc_cont=0.684	GENOMAD.140713.CV	3.227E-05	47	0
JBJGKY010000036.1_25 # 30941 # 31474 # 1 # ID=36_25;partial=00;start_type=ATG;rbs_motif=GGA/GAG/AGG;rbs_spacer=5-10bp;genetic_code=11;gc_cont=0.654	GENOMAD.207688.CP	6.302E-04	42	0
JBJGKY010000040.1_36 # 28299 # 28925 # 1 # ID=40_36;partial=00;start_type=ATG;rbs_motif=AGGAG;rbs_spacer=5-10bp;genetic_code=11;gc_cont=0.635	GENOMAD.212506.VP	2.628E-39	147	1246
JBJGKY010000020.1_12 # 17644 # 19875 # 1 # ID=20_12;partial=00;start_type=ATG;rbs_motif=None;rbs_spacer=None;genetic_code=11;gc_cont=0.678	GENOMAD.154880.CP	6.298E-16	85	1246
JBJGKY010000020.1_44 # 62405 # 62689 # -1 # ID=20_44;partial=00;start_type=ATG;rbs_motif=GGAG/GAGG;rbs_spacer=5-10bp;genetic_code=11;gc_cont=0.614	GENOMAD.147528.CP	1.212E-07	50	0
JBJGKY010000020.1_76 # 98269 # 98583 # 1 # ID=20_76;partial=00;start_type=ATG;rbs_motif=AGGAG;rbs_spacer=5-10bp;genetic_code=11;gc_cont=0.622	GENOMAD.182365.PC	2.341E-04	41	0
JBJGKY010000022.1_70 # 87433 # 88185 # -1 # ID=22_70;partial=00;start_type=ATG;rbs_motif=GGA/GAG/AGG;rbs_spacer=5-10bp;genetic_code=11;gc_cont=0.696	GENOMAD.159640.CP	5.787E-10	62	0
JBJGKY010000008.1_42 # 57048 # 57329 # 1 # ID=8_42;partial=00;start_type=ATG;rbs_motif=AGGAG;rbs_spacer=3-4bp;genetic_code=11;gc_cont=0.610	GENOMAD.034063.CC	6.130E-14	68	0
JBJGKY010000009.1_2 # 628 # 1206 # 1 # ID=9_2;partial=00;start_type=ATG;rbs_motif=AGGAG;rbs_spacer=5-10bp;genetic_code=11;gc_cont=0.689	GENOMAD.136404.CP	1.138E-32	127	0
JBJGKY010000009.1_130 # 147775 # 149439 # 1 # ID=9_130;partial=00;start_type=ATG;rbs_motif=None;rbs_spacer=None;genetic_code=11;gc_cont=0.705	GENOMAD.094517.CV	8.344E-09	61	1246
JBJGKY010000002.1_235 # 249332 # 249901 # 1 # ID=2_235;partial=00;start_type=ATG;rbs_motif=GGAG/GAGG;rbs_spacer=5-10bp;genetic_code=11;gc_cont=0.684	GENOMAD.196537.PC	1.269E-18	86	0
JBJGKY010000003.1_4 # 3613 # 4299 # 1 # ID=3_4;partial=00;start_type=ATG;rbs_motif=GGAG/GAGG;rbs_spacer=5-10bp;genetic_code=11;gc_cont=0.656	GENOMAD.194245.CP	1.930E-14	75	0
JBJGKY010000003.1_36 # 31140 # 31409 # 1 # ID=3_36;partial=00;start_type=ATG;rbs_motif=GGAGG;rbs_spacer=5-10bp;genetic_code=11;gc_cont=0.633	GENOMAD.103040.CV	1.595E-10	58	0
JBJGKY010000003.1_100 # 112659 # 113549 # 1 # ID=3_100;partial=00;start_type=ATG;rbs_motif=None;rbs_spacer=None;genetic_code=11;gc_cont=0.679	GENOMAD.043656.CC	7.210E-47	173	0
JBJGKY010000003.1_164 # 208190 # 209116 # 1 # ID=3_164;partial=00;start_type=ATG;rbs_motif=None;rbs_spacer=None;genetic_code=11;gc_cont=0.665	GENOMAD.142642.CP	1.306E-86	289	0
JBJGKY010000004.1_21 # 18244 # 18711 # 1 # ID=4_21;partial=00;start_type=ATG;rbs_motif=GGA/GAG/AGG;rbs_spacer=11-12bp;genetic_code=11;gc_cont=0.705	GENOMAD.068739.CP	2.193E-35	133	0
JBJGKY010000020.1_45 # 62686 # 63192 # -1 # ID=20_45;partial=00;start_type=ATG;rbs_motif=GGAGG;rbs_spacer=5-10bp;genetic_code=11;gc_cont=0.623	GENOMAD.137918.CP	2.536E-48	171	0
JBJGKY010000020.1_27 # 40479 # 40814 # 1 # ID=20_27;partial=00;start_type=ATG;rbs_motif=None;rbs_spacer=None;genetic_code=11;gc_cont=0.634	GENOMAD.023318.CC	1.409E-52	180	0
JBJGKY010000021.1_10 # 13983 # 15497 # -1 # ID=21_10;partial=00;start_type=ATG;rbs_motif=None;rbs_spacer=None;genetic_code=11;gc_cont=0.666	GENOMAD.125882.CP	2.001E-50	191	0
JBJGKY010000021.1_42 # 55324 # 55806 # 1 # ID=21_42;partial=00;start_type=ATG;rbs_motif=GGA/GAG/AGG;rbs_spacer=5-10bp;genetic_code=11;gc_cont=0.625	GENOMAD.115115.CP	3.961E-10	60	0
JBJGKY010000021.1_74 # 88782 # 89576 # -1 # ID=21_74;partial=00;start_type=ATG;rbs_motif=GGA/GAG/AGG;rbs_spacer=5-10bp;genetic_code=11;gc_cont=0.683	GENOMAD.129102.CP	9.214E-05	46	0
JBJGKY010000023.1_10 # 10493 # 11098 # -1 # ID=23_10;partial=00;start_type=GTG;rbs_motif=None;rbs_spacer=None;genetic_code=11;gc_cont=0.657	GENOMAD.114974.CP	2.287E-07	53	0
JBJGKY010000003.1_127 # 153769 # 156111 # 1 # ID=3_127;partial=00;start_type=ATG;rbs_motif=GGA/GAG/AGG;rbs_spacer=5-10bp;genetic_code=11;gc_cont=0.666	GENOMAD.140646.CP	1.643E-163	535	1246
JBJGKY010000003.1_159 # 203129 # 203881 # 1 # ID=3_159;partial=00;start_type=GTG;rbs_motif=GGAG/GAGG;rbs_spacer=5-10bp;genetic_code=11;gc_cont=0.648	GENOMAD.169830.CP	2.934E-103	334	0
JBJGKY010000004.1_16 # 13420 # 14550 # 1 # ID=4_16;partial=00;start_type=ATG;rbs_motif=AGGAG;rbs_spacer=5-10bp;genetic_code=11;gc_cont=0.616	GENOMAD.005978.CC	1.698E-08	59	1246
JBJGKY010000004.1_48 # 48072 # 50144 # -1 # ID=4_48;partial=00;start_type=ATG;rbs_motif=GGAG/GAGG;rbs_spacer=5-10bp;genetic_code=11;gc_cont=0.648	GENOMAD.133882.CP	8.010E-195	622	0
JBJGKY010000004.1_80 # 86493 # 87113 # -1 # ID=4_80;partial=00;start_type=ATG;rbs_motif=GGAG/GAGG;rbs_spacer=5-10bp;genetic_code=11;gc_cont=0.631	GENOMAD.152184.PC	3.764E-22	97	0
JBJGKY010000004.1_112 # 124973 # 125734 # 1 # ID=4_112;partial=00;start_type=ATG;rbs_motif=None;rbs_spacer=None;genetic_code=11;gc_cont=0.619	GENOMAD.106866.CP	1.405E-22	100	1246
JBJGKY010000004.1_144 # 160578 # 161027 # -1 # ID=4_144;partial=00;start_type=ATG;rbs_motif=GGA/GAG/AGG;rbs_spacer=5-10bp;genetic_code=11;gc_cont=0.602	GENOMAD.003878.CC	1.467E-28	113	0
JBJGKY010000004.1_189 # 219573 # 219758 # -1 # ID=4_189;partial=00;start_type=ATG;rbs_motif=GGAG/GAGG;rbs_spacer=5-10bp;genetic_code=11;gc_cont=0.608	GENOMAD.015026.CC	2.498E-23	93	0
JBJGKY010000005.1_79 # 90281 # 91156 # -1 # ID=5_79;partial=00;start_type=ATG;rbs_motif=None;rbs_spacer=None;genetic_code=11;gc_cont=0.678	GENOMAD.061009.VV	3.556E-21	97	1246
JBJGKY010000051.1_2 # 168 # 809 # 1 # ID=51_2;partial=00;start_type=GTG;rbs_motif=None;rbs_spacer=None;genetic_code=11;gc_cont=0.623	GENOMAD.083643.PP	4.060E-64	219	0
JBJGKY010000055.1_5 # 4068 # 7169 # 1 # ID=55_5;partial=00;start_type=ATG;rbs_motif=GGA/GAG/AGG;rbs_spacer=5-10bp;genetic_code=11;gc_cont=0.651	GENOMAD.154316.CP	1.083E-249	798	0
JBJGKY010000058.1_3 # 1163 # 2284 # -1 # ID=58_3;partial=00;start_type=ATG;rbs_motif=GGAG/GAGG;rbs_spacer=5-10bp;genetic_code=11;gc_cont=0.675	GENOMAD.160484.CP	8.191E-161	507	0
JBJGKY010000061.1_1 # 211 # 1164 # 1 # ID=61_1;partial=00;start_type=ATG;rbs_motif=GGAG/GAGG;rbs_spacer=5-10bp;genetic_code=11;gc_cont=0.702	GENOMAD.002883.CC	3.188E-05	48	0
JBJGKY010000001.1_34 # 37897 # 38856 # 1 # ID=1_34;partial=00;start_type=ATG;rbs_motif=GGAG/GAGG;rbs_spacer=5-10bp;genetic_code=11;gc_cont=0.681	GENOMAD.161620.PC	2.693E-09	61	0
JBJGKY010000001.1_121 # 135958 # 136554 # 1 # ID=1_121;partial=00;start_type=ATG;rbs_motif=GGA/GAG/AGG;rbs_spacer=5-10bp;genetic_code=11;gc_cont=0.595	GENOMAD.206109.CP	5.844E-96	310	0
JBJGKY010000001.1_185 # 208934 # 209485 # -1 # ID=1_185;partial=00;start_type=ATG;rbs_motif=None;rbs_spacer=None;genetic_code=11;gc_cont=0.656	GENOMAD.106711.CP	3.646E-33	128	0
JBJGKY010000001.1_217 # 252886 # 253281 # -1 # ID=1_217;partial=00;start_type=ATG;rbs_motif=AGGAG;rbs_spacer=5-10bp;genetic_code=11;gc_cont=0.621	GENOMAD.179052.CP	3.279E-53	183	0
JBJGKY010000001.1_249 # 291109 # 292173 # 1 # ID=1_249;partial=00;start_type=ATG;rbs_motif=GGAGG;rbs_spacer=5-10bp;genetic_code=11;gc_cont=0.688	GENOMAD.189937.PC	6.782E-04	44	0
JBJGKY010000004.1_179 # 201448 # 202143 # 1 # ID=4_179;partial=00;start_type=ATG;rbs_motif=AGGA;rbs_spacer=5-10bp;genetic_code=11;gc_cont=0.636	GENOMAD.001990.CC	1.642E-06	51	0
JBJGKY010000005.1_101 # 121762 # 122415 # -1 # ID=5_101;partial=00;start_type=ATG;rbs_motif=GGA/GAG/AGG;rbs_spacer=5-10bp;genetic_code=11;gc_cont=0.696	GENOMAD.171994.PC	1.532E-11	66	0
JBJGKY010000005.1_133 # 161755 # 162645 # -1 # ID=5_133;partial=00;start_type=ATG;rbs_motif=GGAG/GAGG;rbs_spacer=5-10bp;genetic_code=11;gc_cont=0.637	GENOMAD.167997.CP	1.173E-04	46	0
JBJGKY010000006.1_16 # 18227 # 18985 # 1 # ID=6_16;partial=00;start_type=ATG;rbs_motif=GGA/GAG/AGG;rbs_spacer=5-10bp;genetic_code=11;gc_cont=0.659	GENOMAD.211360.PC	3.269E-36	140	0
JBJGKY010000010.1_30 # 39767 # 41176 # -1 # ID=10_30;partial=00;start_type=ATG;rbs_motif=GGA/GAG/AGG;rbs_spacer=5-10bp;genetic_code=11;gc_cont=0.664	GENOMAD.104542.CP	8.526E-53	197	0
JBJGKY010000010.1_62 # 81554 # 84916 # -1 # ID=10_62;partial=00;start_type=GTG;rbs_motif=AGGAG;rbs_spacer=5-10bp;genetic_code=11;gc_cont=0.654	GENOMAD.145622.CP	5.195E-261	835	1246
JBJGKY010000011.1_25 # 25066 # 25251 # 1 # ID=11_25;partial=00;start_type=ATG;rbs_motif=GGA/GAG/AGG;rbs_spacer=5-10bp;genetic_code=11;gc_cont=0.602	GENOMAD.000093.CC	1.118E-09	54	0
JBJGKY010000011.1_57 # 52927 # 53562 # -1 # ID=11_57;partial=00;start_type=ATG;rbs_motif=GGAG/GAGG;rbs_spacer=5-10bp;genetic_code=11;gc_cont=0.648	GENOMAD.147577.CP	2.471E-05	47	0
JBJGKY010000011.1_89 # 92123 # 92518 # 1 # ID=11_89;partial=00;start_type=ATG;rbs_motif=GGxGG;rbs_spacer=5-10bp;genetic_code=11;gc_cont=0.667	GENOMAD.146284.CP	2.407E-48	169	0
JBJGKY010000010.1_42 # 53669 # 56131 # -1 # ID=10_42;partial=00;start_type=ATG;rbs_motif=GGA/GAG/AGG;rbs_spacer=5-10bp;genetic_code=11;gc_cont=0.654	GENOMAD.136547.CP	2.693E-213	682	0
JBJGKY010000010.1_74 # 99584 # 100231 # 1 # ID=10_74;partial=00;start_type=ATG;rbs_motif=None;rbs_spacer=None;genetic_code=11;gc_cont=0.625	GENOMAD.120765.CP	2.267E-22	98	0
JBJGKY010000011.1_69 # 65227 # 67560 # -1 # ID=11_69;partial=00;start_type=ATG;rbs_motif=AGGA;rbs_spacer=5-10bp;genetic_code=11;gc_cont=0.632	GENOMAD.178349.CP	2.219E-125	423	0
JBJGKY010000011.1_101 # 108887 # 109885 # 1 # ID=11_101;partial=00;start_type=GTG;rbs_motif=None;rbs_spacer=None;genetic_code=11;gc_cont=0.701	GENOMAD.002432.CC	1.309E-56	203	0
JBJGKY010000012.1_7 # 11543 # 12112 # -1 # ID=12_7;partial=00;start_type=ATG;rbs_motif=GGA/GAG/AGG;rbs_spacer=5-10bp;genetic_code=11;gc_cont=0.654	GENOMAD.127433.CP	3.057E-90	293	0
JBJGKY010000012.1_39 # 59186 # 59671 # -1 # ID=12_39;partial=00;start_type=ATG;rbs_motif=None;rbs_spacer=None;genetic_code=11;gc_cont=0.650	GENOMAD.106003.CV	4.665E-06	48	1246
JBJGKY010000003.1_165 # 209219 # 211855 # 1 # ID=3_165;partial=00;start_type=ATG;rbs_motif=AGGAG;rbs_spacer=5-10bp;genetic_code=11;gc_cont=0.624	GENOMAD.152082.CP	2.441E-104	364	0
JBJGKY010000003.1_197 # 245598 # 247364 # -1 # ID=3_197;partial=00;start_type=ATG;rbs_motif=GGAG/GAGG;rbs_spacer=5-10bp;genetic_code=11;gc_cont=0.661	GENOMAD.103290.CV	8.254E-16	84	1246
JBJGKY010000004.1_86 # 95077 # 95547 # 1 # ID=4_86;partial=00;start_type=ATG;rbs_motif=AGGAG;rbs_spacer=5-10bp;genetic_code=11;gc_cont=0.675	GENOMAD.167601.PC	5.616E-25	103	0
JBJGKY010000015.1_28 # 35161 # 36156 # 1 # ID=15_28;partial=00;start_type=ATG;rbs_motif=None;rbs_spacer=None;genetic_code=11;gc_cont=0.680	GENOMAD.148271.CP	7.849E-11	66	0
JBJGKY010000015.1_60 # 68672 # 69883 # 1 # ID=15_60;partial=00;start_type=ATG;rbs_motif=GGAG/GAGG;rbs_spacer=5-10bp;genetic_code=11;gc_cont=0.659	GENOMAD.151741.CP	4.888E-05	48	0
JBJGKY010000016.1_18 # 25082 # 25588 # 1 # ID=16_18;partial=00;start_type=GTG;rbs_motif=GGAG/GAGG;rbs_spacer=5-10bp;genetic_code=11;gc_cont=0.669	GENOMAD.161143.CP	1.176E-05	47	0
JBJGKY010000016.1_50 # 64671 # 66488 # -1 # ID=16_50;partial=00;start_type=ATG;rbs_motif=GGAGG;rbs_spacer=5-10bp;genetic_code=11;gc_cont=0.670	GENOMAD.127016.CP	3.220E-07	56	0
JBJGKY010000016.1_82 # 99849 # 100148 # 1 # ID=16_82;partial=00;start_type=GTG;rbs_motif=GGAG/GAGG;rbs_spacer=5-10bp;genetic_code=11;gc_cont=0.620	GENOMAD.001146.CC	4.378E-12	63	0
JBJGKY010000017.1_18 # 21538 # 23121 # -1 # ID=17_18;partial=00;start_type=ATG;rbs_motif=None;rbs_spacer=None;genetic_code=11;gc_cont=0.665	GENOMAD.115175.CV	1.361E-44	174	0
JBJGKY010000004.1_156 # 173482 # 174054 # 1 # ID=4_156;partial=00;start_type=ATG;rbs_motif=GGA/GAG/AGG;rbs_spacer=11-12bp;genetic_code=11;gc_cont=0.663	GENOMAD.104491.CP	1.830E-06	50	0
JBJGKY010000005.1_78 # 88954 # 90192 # -1 # ID=5_78;partial=00;start_type=ATG;rbs_motif=GGxGG;rbs_spacer=5-10bp;genetic_code=11;gc_cont=0.703	GENOMAD.137385.CP	1.824E-26	116	0
JBJGKY010000005.1_110 # 127788 # 128852 # 1 # ID=5_110;partial=00;start_type=ATG;rbs_motif=GGA/GAG/AGG;rbs_spacer=5-10bp;genetic_code=11;gc_cont=0.657	GENOMAD.138352.CP	6.547E-34	137	0
JBJGKY010000003.1_40 # 34277 # 34669 # 1 # ID=3_40;partial=00;start_type=ATG;rbs_motif=None;rbs_spacer=None;genetic_code=11;gc_cont=0.654	GENOMAD.147438.CP	7.590E-10	58	0
JBJGKY010000001.1_72 # 79831 # 80475 # 1 # ID=1_72;partial=00;start_type=ATG;rbs_motif=AGGAG;rbs_spacer=5-10bp;genetic_code=11;gc_cont=0.656	GENOMAD.207164.CP	1.665E-83	275	0
JBJGKY010000001.1_168 # 188741 # 190939 # -1 # ID=1_168;partial=00;start_type=ATG;rbs_motif=GGA/GAG/AGG;rbs_spacer=5-10bp;genetic_code=11;gc_cont=0.652	GENOMAD.136702.CP	2.292E-128	430	0
JBJGKY010000001.1_200 # 233089 # 235869 # -1 # ID=1_200;partial=00;start_type=ATG;rbs_motif=GGAGG;rbs_spacer=5-10bp;genetic_code=11;gc_cont=0.647	GENOMAD.152082.CP	1.638E-81	296	0
JBJGKY010000001.1_232 # 268330 # 269964 # 1 # ID=1_232;partial=00;start_type=GTG;rbs_motif=GGAG/GAGG;rbs_spacer=5-10bp;genetic_code=11;gc_cont=0.646	GENOMAD.074457.CP	2.715E-111	372	0
JBJGKY010000001.1_296 # 350154 # 351683 # 1 # ID=1_296;partial=00;start_type=ATG;rbs_motif=GGAG/GAGG;rbs_spacer=5-10bp;genetic_code=11;gc_cont=0.682	GENOMAD.195889.CP	8.430E-06	51	0
JBJGKY010000002.1_16 # 17484 # 18446 # -1 # ID=2_16;partial=00;start_type=GTG;rbs_motif=AGGA/GGAG/GAGG;rbs_spacer=11-12bp;genetic_code=11;gc_cont=0.650	GENOMAD.132982.CP	2.127E-14	77	0
JBJGKY010000005.1_12 # 13043 # 15412 # -1 # ID=5_12;partial=00;start_type=ATG;rbs_motif=AGGA;rbs_spacer=5-10bp;genetic_code=11;gc_cont=0.642	GENOMAD.129297.CP	6.230E-19	95	0
JBJGKY010000016.1_59 # 74336 # 75394 # -1 # ID=16_59;partial=00;start_type=GTG;rbs_motif=GGAG/GAGG;rbs_spacer=5-10bp;genetic_code=11;gc_cont=0.631	GENOMAD.000156.CC	3.670E-63	223	0
JBJGKY010000016.1_91 # 109595 # 110884 # 1 # ID=16_91;partial=00;start_type=ATG;rbs_motif=AGGA;rbs_spacer=5-10bp;genetic_code=11;gc_cont=0.674	GENOMAD.118353.CP	5.597E-28	121	0
JBJGKY010000017.1_27 # 31430 # 31636 # -1 # ID=17_27;partial=00;start_type=GTG;rbs_motif=None;rbs_spacer=None;genetic_code=11;gc_cont=0.623	GENOMAD.198115.VC	1.294E-04	40	0
JBJGKY010000017.1_91 # 107735 # 107821 # -1 # ID=17_91;partial=01;start_type=Edge;rbs_motif=None;rbs_spacer=None;genetic_code=11;gc_cont=0.552	GENOMAD.197771.PC	9.425E-04	35	0
JBJGKY010000018.1_32 # 31086 # 32456 # -1 # ID=18_32;partial=00;start_type=GTG;rbs_motif=GGA/GAG/AGG;rbs_spacer=5-10bp;genetic_code=11;gc_cont=0.646	GENOMAD.123940.CP	2.179E-16	85	0
JBJGKY010000013.1_81 # 106294 # 108552 # -1 # ID=13_81;partial=00;start_type=ATG;rbs_motif=AGGA;rbs_spacer=5-10bp;genetic_code=11;gc_cont=0.627	GENOMAD.146534.CP	4.779E-04	46	0
JBJGKY010000014.1_82 # 114422 # 114892 # 1 # ID=14_82;partial=00;start_type=ATG;rbs_motif=None;rbs_spacer=None;genetic_code=11;gc_cont=0.618	GENOMAD.194577.PC	2.279E-77	254	0
JBJGKY010000015.1_19 # 27433 # 27810 # 1 # ID=15_19;partial=00;start_type=ATG;rbs_motif=GGA/GAG/AGG;rbs_spacer=5-10bp;genetic_code=11;gc_cont=0.524	GENOMAD.003954.CC	1.690E-65	218	0
JBJGKY010000015.1_51 # 61105 # 61371 # 1 # ID=15_51;partial=00;start_type=ATG;rbs_motif=GGAG/GAGG;rbs_spacer=5-10bp;genetic_code=11;gc_cont=0.659	GENOMAD.215298.VP	2.950E-04	40	0
JBJGKY010000016.1_41 # 49199 # 50374 # 1 # ID=16_41;partial=00;start_type=ATG;rbs_motif=None;rbs_spacer=None;genetic_code=11;gc_cont=0.636	GENOMAD.208454.PC	4.076E-82	280	0
JBJGKY010000033.1_29 # 18836 # 19276 # 1 # ID=33_29;partial=00;start_type=ATG;rbs_motif=GGA/GAG/AGG;rbs_spacer=11-12bp;genetic_code=11;gc_cont=0.630	GENOMAD.179551.PC	1.548E-17	81	0
JBJGKY010000037.1_19 # 29812 # 30153 # 1 # ID=37_19;partial=00;start_type=ATG;rbs_motif=None;rbs_spacer=None;genetic_code=11;gc_cont=0.652	GENOMAD.162129.CP	3.127E-13	67	0
JBJGKY010000002.1_218 # 233096 # 233782 # -1 # ID=2_218;partial=00;start_type=ATG;rbs_motif=AGGAG;rbs_spacer=5-10bp;genetic_code=11;gc_cont=0.638	GENOMAD.167222.CP	8.183E-19	88	0
JBJGKY010000003.1_19 # 17277 # 18443 # -1 # ID=3_19;partial=00;start_type=ATG;rbs_motif=GGA/GAG/AGG;rbs_spacer=11-12bp;genetic_code=11;gc_cont=0.640	GENOMAD.116507.CP	5.060E-10	64	0
JBJGKY010000013.1_52 # 58027 # 59241 # -1 # ID=13_52;partial=00;start_type=ATG;rbs_motif=None;rbs_spacer=None;genetic_code=11;gc_cont=0.658	GENOMAD.159005.CP	1.498E-52	194	0
JBJGKY010000014.1_53 # 64808 # 65377 # 1 # ID=14_53;partial=00;start_type=ATG;rbs_motif=None;rbs_spacer=None;genetic_code=11;gc_cont=0.661	GENOMAD.111238.CP	2.469E-20	91	0
JBJGKY010000016.1_12 # 18391 # 18828 # -1 # ID=16_12;partial=00;start_type=ATG;rbs_motif=None;rbs_spacer=None;genetic_code=11;gc_cont=0.674	GENOMAD.072167.PP	1.499E-05	46	0
JBJGKY010000044.1_2 # 1771 # 3189 # 1 # ID=44_2;partial=00;start_type=ATG;rbs_motif=GGAG/GAGG;rbs_spacer=5-10bp;genetic_code=11;gc_cont=0.653	GENOMAD.141512.CP	1.361E-17	89	0
JBJGKY010000045.1_12 # 16337 # 16753 # -1 # ID=45_12;partial=00;start_type=ATG;rbs_motif=None;rbs_spacer=None;genetic_code=11;gc_cont=0.650	GENOMAD.168413.CP	6.726E-90	289	0
JBJGKY010000048.1_10 # 9563 # 9883 # -1 # ID=48_10;partial=00;start_type=ATG;rbs_motif=GGA/GAG/AGG;rbs_spacer=5-10bp;genetic_code=11;gc_cont=0.632	GENOMAD.000078.CC	2.582E-20	87	0
JBJGKY010000052.1_6 # 4591 # 6723 # 1 # ID=52_6;partial=00;start_type=ATG;rbs_motif=GGA/GAG/AGG;rbs_spacer=5-10bp;genetic_code=11;gc_cont=0.617	GENOMAD.145672.CV	4.447E-04	46	0
JBJGKY010000059.1_9 # 4251 # 4547 # 1 # ID=59_9;partial=00;start_type=ATG;rbs_motif=GGA/GAG/AGG;rbs_spacer=5-10bp;genetic_code=11;gc_cont=0.566	GENOMAD.222243.VP	5.055E-49	169	2773
JBJGKY010000008.1_100 # 116893 # 117255 # -1 # ID=8_100;partial=00;start_type=ATG;rbs_motif=AGGAG;rbs_spacer=5-10bp;genetic_code=11;gc_cont=0.664	GENOMAD.055874.CC	3.948E-54	185	0
JBJGKY010000008.1_132 # 152125 # 154332 # 1 # ID=8_132;partial=00;start_type=ATG;rbs_motif=AGGA;rbs_spacer=5-10bp;genetic_code=11;gc_cont=0.644	GENOMAD.171718.CP	2.823E-05	50	0
JBJGKY010000009.1_124 # 140083 # 141204 # -1 # ID=9_124;partial=00;start_type=ATG;rbs_motif=GGA/GAG/AGG;rbs_spacer=5-10bp;genetic_code=11;gc_cont=0.657	GENOMAD.129532.CP	4.126E-204	632	0
JBJGKY010000010.1_49 # 63752 # 65137 # 1 # ID=10_49;partial=00;start_type=ATG;rbs_motif=GGAG/GAGG;rbs_spacer=5-10bp;genetic_code=11;gc_cont=0.689	GENOMAD.169710.PC	1.014E-29	127	0
JBJGKY010000019.1_54 # 61229 # 62080 # 1 # ID=19_54;partial=00;start_type=ATG;rbs_motif=None;rbs_spacer=None;genetic_code=11;gc_cont=0.711	GENOMAD.183418.PC	1.050E-11	68	0
JBJGKY010000002.1_137 # 146478 # 146828 # -1 # ID=2_137;partial=00;start_type=ATG;rbs_motif=GGA/GAG/AGG;rbs_spacer=11-12bp;genetic_code=11;gc_cont=0.638	GENOMAD.168258.CV	1.551E-04	42	0
JBJGKY010000002.1_201 # 215436 # 216149 # 1 # ID=2_201;partial=00;start_type=ATG;rbs_motif=GGAG/GAGG;rbs_spacer=5-10bp;genetic_code=11;gc_cont=0.662	GENOMAD.106866.CP	1.057E-17	85	1246
JBJGKY010000003.1_2 # 576 # 905 # 1 # ID=3_2;partial=00;start_type=GTG;rbs_motif=GGxGG;rbs_spacer=5-10bp;genetic_code=11;gc_cont=0.636	GENOMAD.143067.CP	1.607E-10	59	0
JBJGKY010000016.1_49 # 62926 # 64674 # -1 # ID=16_49;partial=00;start_type=ATG;rbs_motif=GGA/GAG/AGG;rbs_spacer=5-10bp;genetic_code=11;gc_cont=0.683	GENOMAD.097040.CP	5.788E-27	120	0
JBJGKY010000006.1_7 # 6861 # 7874 # 1 # ID=6_7;partial=00;start_type=ATG;rbs_motif=None;rbs_spacer=None;genetic_code=11;gc_cont=0.657	GENOMAD.121663.CP	3.416E-56	202	0
JBJGKY010000006.1_39 # 45426 # 45806 # 1 # ID=6_39;partial=00;start_type=ATG;rbs_motif=None;rbs_spacer=None;genetic_code=11;gc_cont=0.667	GENOMAD.176788.CP	1.466E-09	57	0
JBJGKY010000006.1_103 # 114583 # 116451 # 1 # ID=6_103;partial=00;start_type=ATG;rbs_motif=GGAGG;rbs_spacer=5-10bp;genetic_code=11;gc_cont=0.661	GENOMAD.108664.CP	8.222E-08	58	1246
JBJGKY010000006.1_135 # 156091 # 158805 # 1 # ID=6_135;partial=00;start_type=ATG;rbs_motif=None;rbs_spacer=None;genetic_code=11;gc_cont=0.677	GENOMAD.136483.CP	9.920E-69	256	0
JBJGKY010000007.1_65 # 85892 # 88270 # -1 # ID=7_65;partial=00;start_type=ATG;rbs_motif=None;rbs_spacer=None;genetic_code=11;gc_cont=0.667	GENOMAD.090179.CV	1.041E-59	226	1246
JBJGKY010000007.1_97 # 129374 # 129853 # -1 # ID=7_97;partial=00;start_type=ATG;rbs_motif=GGAG/GAGG;rbs_spacer=5-10bp;genetic_code=11;gc_cont=0.525	GENOMAD.136455.CP	5.031E-18	83	0
JBJGKY010000033.1_44 # 40533 # 40955 # 1 # ID=33_44;partial=00;start_type=ATG;rbs_motif=GGA/GAG/AGG;rbs_spacer=5-10bp;genetic_code=11;gc_cont=0.721	GENOMAD.141401.CP	2.013E-11	63	0
JBJGKY010000038.1_7 # 4984 # 5517 # 1 # ID=38_7;partial=00;start_type=ATG;rbs_motif=GGA/GAG/AGG;rbs_spacer=5-10bp;genetic_code=11;gc_cont=0.612	GENOMAD.067442.PP	1.301E-33	129	0
JBJGKY010000039.1_7 # 5160 # 6305 # -1 # ID=39_7;partial=00;start_type=ATG;rbs_motif=None;rbs_spacer=None;genetic_code=11;gc_cont=0.666	GENOMAD.077211.CP	1.746E-08	59	1246
JBJGKY010000040.1_12 # 8823 # 10043 # 1 # ID=40_12;partial=00;start_type=ATG;rbs_motif=GGxGG;rbs_spacer=5-10bp;genetic_code=11;gc_cont=0.647	GENOMAD.106848.PC	5.105E-227	700	0
JBJGKY010000003.1_182 # 231468 # 232286 # -1 # ID=3_182;partial=00;start_type=ATG;rbs_motif=None;rbs_spacer=None;genetic_code=11;gc_cont=0.637	GENOMAD.083550.CP	6.223E-59	207	0
JBJGKY010000004.1_167 # 187855 # 189159 # -1 # ID=4_167;partial=00;start_type=GTG;rbs_motif=GGA/GAG/AGG;rbs_spacer=5-10bp;genetic_code=11;gc_cont=0.702	GENOMAD.073046.CP	1.594E-06	53	0
JBJGKY010000001.1_211 # 247689 # 248111 # 1 # ID=1_211;partial=00;start_type=ATG;rbs_motif=GGAG/GAGG;rbs_spacer=5-10bp;genetic_code=11;gc_cont=0.636	GENOMAD.166713.CP	3.919E-22	94	0
JBJGKY010000002.1_27 # 28656 # 29432 # -1 # ID=2_27;partial=00;start_type=ATG;rbs_motif=GGAG/GAGG;rbs_spacer=5-10bp;genetic_code=11;gc_cont=0.667	GENOMAD.169591.CP	2.180E-45	167	0
JBJGKY010000002.1_91 # 103405 # 103914 # -1 # ID=2_91;partial=00;start_type=ATG;rbs_motif=None;rbs_spacer=None;genetic_code=11;gc_cont=0.688	GENOMAD.145294.CP	4.450E-51	179	0
JBJGKY010000018.1_77 # 83565 # 84002 # 1 # ID=18_77;partial=00;start_type=ATG;rbs_motif=GGA/GAG/AGG;rbs_spacer=5-10bp;genetic_code=11;gc_cont=0.635	GENOMAD.135911.CV	7.108E-05	44	16033
JBJGKY010000001.1_33 # 36827 # 37879 # 1 # ID=1_33;partial=00;start_type=ATG;rbs_motif=GGA/GAG/AGG;rbs_spacer=5-10bp;genetic_code=11;gc_cont=0.673	GENOMAD.171766.PC	2.161E-11	68	0
JBJGKY010000001.1_65 # 72331 # 73206 # 1 # ID=1_65;partial=00;start_type=ATG;rbs_motif=None;rbs_spacer=None;genetic_code=11;gc_cont=0.646	GENOMAD.007407.CC	1.785E-64	224	0
JBJGKY010000001.1_129 # 142334 # 143311 # 1 # ID=1_129;partial=00;start_type=ATG;rbs_motif=GGAG/GAGG;rbs_spacer=5-10bp;genetic_code=11;gc_cont=0.693	GENOMAD.018427.CC	7.369E-191	591	0
JBJGKY010000013.1_25 # 29150 # 29803 # -1 # ID=13_25;partial=00;start_type=ATG;rbs_motif=None;rbs_spacer=None;genetic_code=11;gc_cont=0.628	GENOMAD.161709.CV	5.642E-05	46	0
JBJGKY010000003.1_32 # 27740 # 28315 # 1 # ID=3_32;partial=00;start_type=ATG;rbs_motif=GGA/GAG/AGG;rbs_spacer=5-10bp;genetic_code=11;gc_cont=0.663	GENOMAD.002742.CC	3.498E-98	316	0
JBJGKY010000003.1_64 # 65054 # 67063 # -1 # ID=3_64;partial=00;start_type=ATG;rbs_motif=AGGA;rbs_spacer=5-10bp;genetic_code=11;gc_cont=0.642	GENOMAD.000471.CC	1.533E-90	316	0
JBJGKY010000003.1_96 # 108409 # 110394 # 1 # ID=3_96;partial=00;start_type=GTG;rbs_motif=None;rbs_spacer=None;genetic_code=11;gc_cont=0.653	GENOMAD.121392.CP	2.385E-113	383	0
JBJGKY010000003.1_128 # 156393 # 158228 # 1 # ID=3_128;partial=00;start_type=ATG;rbs_motif=GGA/GAG/AGG;rbs_spacer=5-10bp;genetic_code=11;gc_cont=0.656	GENOMAD.208849.PC	6.595E-07	55	0
JBJGKY010000003.1_160 # 203878 # 204156 # 1 # ID=3_160;partial=00;start_type=ATG;rbs_motif=None;rbs_spacer=None;genetic_code=11;gc_cont=0.642	GENOMAD.169830.CP	1.905E-17	78	0
JBJGKY010000037.1_21 # 32142 # 32927 # -1 # ID=37_21;partial=00;start_type=ATG;rbs_motif=None;rbs_spacer=None;genetic_code=11;gc_cont=0.669	GENOMAD.159900.CP	8.551E-18	86	0
JBJGKY010000038.1_26 # 28698 # 29378 # 1 # ID=38_26;partial=00;start_type=ATG;rbs_motif=AGGAG;rbs_spacer=5-10bp;genetic_code=11;gc_cont=0.639	GENOMAD.123925.PP	5.399E-102	329	0
JBJGKY010000042.1_9 # 14545 # 15240 # -1 # ID=42_9;partial=00;start_type=ATG;rbs_motif=None;rbs_spacer=None;genetic_code=11;gc_cont=0.704	GENOMAD.177097.CP	1.642E-06	51	0
JBJGKY010000043.1_24 # 18061 # 18237 # -1 # ID=43_24;partial=00;start_type=ATG;rbs_motif=GGA/GAG/AGG;rbs_spacer=11-12bp;genetic_code=11;gc_cont=0.548	GENOMAD.127310.PC	6.711E-13	63	0
JBJGKY010000045.1_4 # 5327 # 5812 # -1 # ID=45_4;partial=00;start_type=ATG;rbs_motif=AGGAG;rbs_spacer=5-10bp;genetic_code=11;gc_cont=0.679	GENOMAD.001979.CC	5.735E-27	109	0
JBJGKY010000048.1_2 # 570 # 1925 # -1 # ID=48_2;partial=00;start_type=GTG;rbs_motif=AGGA;rbs_spacer=5-10bp;genetic_code=11;gc_cont=0.486	GENOMAD.056843.CC	1.292E-256	788	0
JBJGKY010000006.1_109 # 123183 # 124616 # 1 # ID=6_109;partial=00;start_type=GTG;rbs_motif=AGGAG;rbs_spacer=5-10bp;genetic_code=11;gc_cont=0.669	GENOMAD.091903.CP	5.692E-87	298	0
JBJGKY010000013.1_22 # 26586 # 27662 # -1 # ID=13_22;partial=00;start_type=ATG;rbs_motif=None;rbs_spacer=None;genetic_code=11;gc_cont=0.637	GENOMAD.027063.CC	3.892E-52	191	0
JBJGKY010000013.1_54 # 60534 # 61658 # 1 # ID=13_54;partial=00;start_type=ATG;rbs_motif=GGA/GAG/AGG;rbs_spacer=5-10bp;genetic_code=11;gc_cont=0.628	GENOMAD.110271.CV	2.260E-32	133	1246
JBJGKY010000013.1_86 # 114981 # 117770 # -1 # ID=13_86;partial=00;start_type=ATG;rbs_motif=None;rbs_spacer=None;genetic_code=11;gc_cont=0.654	GENOMAD.151917.PC	8.649E-09	62	0
JBJGKY010000014.1_55 # 65950 # 67032 # 1 # ID=14_55;partial=00;start_type=ATG;rbs_motif=AGGA/GGAG/GAGG;rbs_spacer=11-12bp;genetic_code=11;gc_cont=0.690	GENOMAD.141029.CP	1.604E-27	118	0
JBJGKY010000014.1_87 # 118404 # 119303 # -1 # ID=14_87;partial=00;start_type=ATG;rbs_motif=None;rbs_spacer=None;genetic_code=11;gc_cont=0.621	GENOMAD.218967.CP	7.626E-89	295	0
JBJGKY010000004.1_149 # 166909 # 167937 # 1 # ID=4_149;partial=00;start_type=ATG;rbs_motif=None;rbs_spacer=None;genetic_code=11;gc_cont=0.697	GENOMAD.000510.CC	7.634E-44	166	0
JBJGKY010000004.1_181 # 204552 # 206648 # -1 # ID=4_181;partial=00;start_type=ATG;rbs_motif=None;rbs_spacer=None;genetic_code=11;gc_cont=0.624	GENOMAD.053052.VV	8.285E-18	91	0
JBJGKY010000005.1_7 # 9044 # 9868 # 1 # ID=5_7;partial=00;start_type=ATG;rbs_motif=None;rbs_spacer=None;genetic_code=11;gc_cont=0.627	GENOMAD.111713.CP	4.958E-15	78	0
JBJGKY010000005.1_39 # 49797 # 50117 # -1 # ID=5_39;partial=00;start_type=ATG;rbs_motif=AGGA;rbs_spacer=5-10bp;genetic_code=11;gc_cont=0.607	GENOMAD.080110.CV	3.114E-26	104	0
JBJGKY010000005.1_71 # 77976 # 79703 # 1 # ID=5_71;partial=00;start_type=GTG;rbs_motif=GGA/GAG/AGG;rbs_spacer=5-10bp;genetic_code=11;gc_cont=0.688	GENOMAD.133902.CP	6.238E-115	384	0
JBJGKY010000030.1_18 # 23114 # 24445 # 1 # ID=30_18;partial=00;start_type=GTG;rbs_motif=AGGAG;rbs_spacer=5-10bp;genetic_code=11;gc_cont=0.680	GENOMAD.170233.CP	1.074E-41	163	0
JBJGKY010000030.1_50 # 71209 # 71700 # -1 # ID=30_50;partial=00;start_type=ATG;rbs_motif=GGAG/GAGG;rbs_spacer=5-10bp;genetic_code=11;gc_cont=0.596	GENOMAD.212552.PC	2.153E-81	266	0
JBJGKY010000031.1_30 # 38695 # 39885 # -1 # ID=31_30;partial=00;start_type=ATG;rbs_motif=None;rbs_spacer=None;genetic_code=11;gc_cont=0.705	GENOMAD.169207.CP	1.723E-36	146	0
JBJGKY010000034.1_22 # 23103 # 23723 # 1 # ID=34_22;partial=00;start_type=ATG;rbs_motif=GGA/GAG/AGG;rbs_spacer=11-12bp;genetic_code=11;gc_cont=0.697	GENOMAD.151027.CP	3.131E-25	106	0
JBJGKY010000035.1_9 # 9886 # 13941 # -1 # ID=35_9;partial=00;start_type=ATG;rbs_motif=GGA/GAG/AGG;rbs_spacer=5-10bp;genetic_code=11;gc_cont=0.664	GENOMAD.193847.CP	1.565E-170	577	0
JBJGKY010000001.1_273 # 318318 # 319103 # 1 # ID=1_273;partial=00;start_type=ATG;rbs_motif=GGAG/GAGG;rbs_spacer=5-10bp;genetic_code=11;gc_cont=0.644	GENOMAD.216450.PC	1.059E-154	483	0
JBJGKY010000001.1_61 # 69040 # 69468 # -1 # ID=1_61;partial=00;start_type=ATG;rbs_motif=GGA/GAG/AGG;rbs_spacer=5-10bp;genetic_code=11;gc_cont=0.667	GENOMAD.158031.CP	4.637E-21	91	0
JBJGKY010000001.1_93 # 105888 # 106856 # 1 # ID=1_93;partial=00;start_type=ATG;rbs_motif=None;rbs_spacer=None;genetic_code=11;gc_cont=0.678	GENOMAD.136647.CP	4.691E-87	291	0
JBJGKY010000001.1_125 # 139192 # 139614 # -1 # ID=1_125;partial=00;start_type=ATG;rbs_motif=GGA/GAG/AGG;rbs_spacer=5-10bp;genetic_code=11;gc_cont=0.676	GENOMAD.030230.CC	1.981E-46	164	0
JBJGKY010000001.1_157 # 175822 # 176808 # -1 # ID=1_157;partial=00;start_type=TTG;rbs_motif=AGGA;rbs_spacer=5-10bp;genetic_code=11;gc_cont=0.653	GENOMAD.146319.CP	3.280E-35	140	0
JBJGKY010000001.1_189 # 219145 # 219633 # 1 # ID=1_189;partial=00;start_type=ATG;rbs_motif=GGA/GAG/AGG;rbs_spacer=5-10bp;genetic_code=11;gc_cont=0.636	GENOMAD.180345.CP	4.089E-22	95	0
JBJGKY010000010.1_52 # 67259 # 67642 # -1 # ID=10_52;partial=00;start_type=ATG;rbs_motif=GGA/GAG/AGG;rbs_spacer=5-10bp;genetic_code=11;gc_cont=0.674	GENOMAD.197162.PC	1.317E-36	135	0
JBJGKY010000010.1_84 # 115433 # 117310 # 1 # ID=10_84;partial=00;start_type=ATG;rbs_motif=AGGA;rbs_spacer=5-10bp;genetic_code=11;gc_cont=0.634	GENOMAD.121487.CP	7.733E-15	81	0
JBJGKY010000011.1_47 # 40098 # 41225 # 1 # ID=11_47;partial=00;start_type=TTG;rbs_motif=AGGAG;rbs_spacer=5-10bp;genetic_code=11;gc_cont=0.645	GENOMAD.132666.CP	2.865E-67	236	0
JBJGKY010000012.1_81 # 108193 # 109071 # 1 # ID=12_81;partial=00;start_type=ATG;rbs_motif=GGAG/GAGG;rbs_spacer=5-10bp;genetic_code=11;gc_cont=0.648	GENOMAD.119278.CP	7.683E-76	257	0
JBJGKY010000024.1_67 # 78371 # 79042 # 1 # ID=24_67;partial=00;start_type=ATG;rbs_motif=GGAG/GAGG;rbs_spacer=5-10bp;genetic_code=11;gc_cont=0.644	GENOMAD.002323.CC	7.267E-123	389	0
JBJGKY010000025.1_18 # 16163 # 16594 # 1 # ID=25_18;partial=00;start_type=ATG;rbs_motif=GGAG/GAGG;rbs_spacer=5-10bp;genetic_code=11;gc_cont=0.674	GENOMAD.195820.PC	1.258E-27	110	0
JBJGKY010000025.1_50 # 48653 # 49513 # 1 # ID=25_50;partial=00;start_type=ATG;rbs_motif=GGA/GAG/AGG;rbs_spacer=11-12bp;genetic_code=11;gc_cont=0.708	GENOMAD.000115.CC	9.319E-10	62	0
JBJGKY010000025.1_82 # 82395 # 83693 # -1 # ID=25_82;partial=00;start_type=ATG;rbs_motif=None;rbs_spacer=None;genetic_code=11;gc_cont=0.671	GENOMAD.079440.CP	1.358E-85	292	0
JBJGKY010000026.1_24 # 41496 # 42755 # -1 # ID=26_24;partial=00;start_type=ATG;rbs_motif=None;rbs_spacer=None;genetic_code=11;gc_cont=0.651	GENOMAD.148298.CP	2.830E-43	167	0
JBJGKY010000027.1_22 # 31839 # 32198 # 1 # ID=27_22;partial=00;start_type=ATG;rbs_motif=AGGAG;rbs_spacer=5-10bp;genetic_code=11;gc_cont=0.664	GENOMAD.193983.CP	5.048E-43	153	0
JBJGKY010000006.1_115 # 130637 # 131083 # -1 # ID=6_115;partial=00;start_type=ATG;rbs_motif=None;rbs_spacer=None;genetic_code=11;gc_cont=0.631	GENOMAD.013259.CC	3.392E-69	230	0
JBJGKY010000007.1_13 # 24780 # 27137 # -1 # ID=7_13;partial=00;start_type=ATG;rbs_motif=GGAG/GAGG;rbs_spacer=5-10bp;genetic_code=11;gc_cont=0.665	GENOMAD.216233.CP	0.000E+00	1257	0
JBJGKY010000007.1_45 # 64820 # 65974 # -1 # ID=7_45;partial=00;start_type=GTG;rbs_motif=GGA/GAG/AGG;rbs_spacer=5-10bp;genetic_code=11;gc_cont=0.661	GENOMAD.168712.CP	1.152E-206	640	0
JBJGKY010000007.1_141 # 178074 # 178979 # -1 # ID=7_141;partial=00;start_type=ATG;rbs_motif=GGA/GAG/AGG;rbs_spacer=5-10bp;genetic_code=11;gc_cont=0.660	GENOMAD.121654.CP	6.224E-63	220	1246
JBJGKY010000008.1_94 # 111262 # 112014 # 1 # ID=8_94;partial=00;start_type=ATG;rbs_motif=GGAG/GAGG;rbs_spacer=5-10bp;genetic_code=11;gc_cont=0.704	GENOMAD.182302.PC	2.861E-58	204	0
JBJGKY010000002.1_256 # 275737 # 276444 # 1 # ID=2_256;partial=00;start_type=ATG;rbs_motif=AGGAG;rbs_spacer=5-10bp;genetic_code=11;gc_cont=0.644	GENOMAD.194905.PC	4.779E-12	68	0
JBJGKY010000003.1_25 # 22782 # 23465 # 1 # ID=3_25;partial=00;start_type=ATG;rbs_motif=AGGAG;rbs_spacer=5-10bp;genetic_code=11;gc_cont=0.633	GENOMAD.049669.CC	1.097E-39	149	0
JBJGKY010000003.1_89 # 100201 # 101196 # 1 # ID=3_89;partial=00;start_type=ATG;rbs_motif=GGAG/GAGG;rbs_spacer=5-10bp;genetic_code=11;gc_cont=0.617	GENOMAD.191409.CP	1.966E-06	52	0
JBJGKY010000003.1_121 # 140675 # 142363 # 1 # ID=3_121;partial=00;start_type=ATG;rbs_motif=AGGAG;rbs_spacer=5-10bp;genetic_code=11;gc_cont=0.647	GENOMAD.178633.CP	1.064E-17	90	0
JBJGKY010000003.1_153 # 192240 # 192764 # -1 # ID=3_153;partial=00;start_type=ATG;rbs_motif=GGA/GAG/AGG;rbs_spacer=5-10bp;genetic_code=11;gc_cont=0.701	GENOMAD.147559.CP	2.879E-58	200	0
JBJGKY010000003.1_185 # 234377 # 235417 # -1 # ID=3_185;partial=00;start_type=ATG;rbs_motif=GGA/GAG/AGG;rbs_spacer=5-10bp;genetic_code=11;gc_cont=0.685	GENOMAD.007324.CC	2.031E-41	159	0
JBJGKY010000059.1_12 # 5163 # 6074 # 1 # ID=59_12;partial=00;start_type=ATG;rbs_motif=None;rbs_spacer=None;genetic_code=11;gc_cont=0.601	GENOMAD.097192.VV	1.819E-32	131	2773
JBJGKY010000012.1_27 # 44895 # 46010 # 1 # ID=12_27;partial=00;start_type=ATG;rbs_motif=GGAG/GAGG;rbs_spacer=5-10bp;genetic_code=11;gc_cont=0.616	GENOMAD.152308.CP	2.088E-05	49	0
JBJGKY010000013.1_88 # 118287 # 120014 # -1 # ID=13_88;partial=00;start_type=ATG;rbs_motif=GGA/GAG/AGG;rbs_spacer=5-10bp;genetic_code=11;gc_cont=0.646	GENOMAD.151334.CP	2.032E-05	50	0
JBJGKY010000014.1_89 # 120561 # 122066 # 1 # ID=14_89;partial=00;start_type=ATG;rbs_motif=GGA/GAG/AGG;rbs_spacer=5-10bp;genetic_code=11;gc_cont=0.625	GENOMAD.160889.PC	1.580E-40	161	0
JBJGKY010000002.1_70 # 78165 # 79541 # 1 # ID=2_70;partial=00;start_type=ATG;rbs_motif=None;rbs_spacer=None;genetic_code=11;gc_cont=0.683	GENOMAD.121831.CP	2.869E-36	147	1246
JBJGKY010000002.1_134 # 144740 # 145477 # -1 # ID=2_134;partial=00;start_type=ATG;rbs_motif=None;rbs_spacer=None;genetic_code=11;gc_cont=0.679	GENOMAD.214525.PC	1.597E-53	190	0
JBJGKY010000002.1_230 # 243794 # 244321 # 1 # ID=2_230;partial=00;start_type=ATG;rbs_motif=GGAG/GAGG;rbs_spacer=5-10bp;genetic_code=11;gc_cont=0.676	GENOMAD.066577.CV	1.691E-81	267	0
JBJGKY010000002.1_262 # 281353 # 281835 # -1 # ID=2_262;partial=00;start_type=ATG;rbs_motif=None;rbs_spacer=None;genetic_code=11;gc_cont=0.660	GENOMAD.138407.CP	8.152E-74	244	0
JBJGKY010000003.1_31 # 27195 # 27743 # 1 # ID=3_31;partial=00;start_type=ATG;rbs_motif=None;rbs_spacer=None;genetic_code=11;gc_cont=0.681	GENOMAD.153745.CV	1.509E-04	44	11688
JBJGKY010000003.1_63 # 60866 # 64024 # -1 # ID=3_63;partial=00;start_type=ATG;rbs_motif=GGAG/GAGG;rbs_spacer=5-10bp;genetic_code=11;gc_cont=0.626	GENOMAD.152082.CP	4.695E-47	188	0
JBJGKY010000006.1_74 # 84196 # 84708 # 1 # ID=6_74;partial=00;start_type=ATG;rbs_motif=None;rbs_spacer=None;genetic_code=11;gc_cont=0.645	GENOMAD.055619.CC	2.638E-05	46	0
JBJGKY010000049.1_3 # 762 # 1142 # -1 # ID=49_3;partial=00;start_type=ATG;rbs_motif=GGA/GAG/AGG;rbs_spacer=5-10bp;genetic_code=11;gc_cont=0.572	GENOMAD.043515.PP	7.603E-34	127	0
JBJGKY010000058.1_2 # 526 # 1179 # -1 # ID=58_2;partial=00;start_type=ATG;rbs_motif=AGGAG;rbs_spacer=5-10bp;genetic_code=11;gc_cont=0.685	GENOMAD.192187.CP	8.185E-28	114	0
JBJGKY010000001.1_169 # 191233 # 191715 # -1 # ID=1_169;partial=00;start_type=ATG;rbs_motif=None;rbs_spacer=None;genetic_code=11;gc_cont=0.677	GENOMAD.140723.CP	8.410E-22	94	0
JBJGKY010000025.1_54 # 52224 # 53210 # -1 # ID=25_54;partial=00;start_type=GTG;rbs_motif=None;rbs_spacer=None;genetic_code=11;gc_cont=0.683	GENOMAD.119108.VC	1.663E-05	49	2156
JBJGKY010000026.1_28 # 45890 # 46534 # 1 # ID=26_28;partial=00;start_type=ATG;rbs_motif=AGGAG/GGAGG;rbs_spacer=11-12bp;genetic_code=11;gc_cont=0.673	GENOMAD.178708.PC	3.589E-27	112	0
JBJGKY010000026.1_60 # 84683 # 85816 # 1 # ID=26_60;partial=00;start_type=ATG;rbs_motif=GGA/GAG/AGG;rbs_spacer=5-10bp;genetic_code=11;gc_cont=0.629	GENOMAD.005978.CC	6.086E-07	54	1246
JBJGKY010000027.1_26 # 36117 # 36989 # -1 # ID=27_26;partial=00;start_type=ATG;rbs_motif=GGA/GAG/AGG;rbs_spacer=11-12bp;genetic_code=11;gc_cont=0.700	GENOMAD.162496.CP	3.288E-17	85	0
JBJGKY010000012.1_29 # 47459 # 49045 # 1 # ID=12_29;partial=00;start_type=ATG;rbs_motif=AGGAG;rbs_spacer=5-10bp;genetic_code=11;gc_cont=0.662	GENOMAD.162124.CP	1.488E-04	47	0
JBJGKY010000012.1_93 # 122585 # 123025 # -1 # ID=12_93;partial=00;start_type=ATG;rbs_motif=GGA/GAG/AGG;rbs_spacer=5-10bp;genetic_code=11;gc_cont=0.692	GENOMAD.192274.CP	1.422E-27	110	0
JBJGKY010000013.1_26 # 29893 # 31323 # -1 # ID=13_26;partial=00;start_type=ATG;rbs_motif=GGA/GAG/AGG;rbs_spacer=5-10bp;genetic_code=11;gc_cont=0.659	GENOMAD.151588.CP	3.820E-19	94	0
JBJGKY010000013.1_90 # 121410 # 123683 # -1 # ID=13_90;partial=00;start_type=ATG;rbs_motif=GGA/GAG/AGG;rbs_spacer=5-10bp;genetic_code=11;gc_cont=0.659	GENOMAD.146534.CP	2.393E-04	47	0
JBJGKY010000014.1_27 # 31180 # 33108 # 1 # ID=14_27;partial=00;start_type=ATG;rbs_motif=None;rbs_spacer=None;genetic_code=11;gc_cont=0.643	GENOMAD.142957.CP	1.423E-17	90	0
JBJGKY010000016.1_56 # 72362 # 72895 # -1 # ID=16_56;partial=00;start_type=ATG;rbs_motif=GGA/GAG/AGG;rbs_spacer=5-10bp;genetic_code=11;gc_cont=0.635	GENOMAD.002097.CC	1.064E-70	236	0
JBJGKY010000016.1_88 # 104370 # 104609 # -1 # ID=16_88;partial=00;start_type=ATG;rbs_motif=None;rbs_spacer=None;genetic_code=11;gc_cont=0.629	GENOMAD.022030.CC	4.124E-05	42	0
JBJGKY010000017.1_24 # 28934 # 29572 # 1 # ID=17_24;partial=00;start_type=ATG;rbs_motif=GGAGG;rbs_spacer=5-10bp;genetic_code=11;gc_cont=0.698	GENOMAD.147413.CP	1.074E-32	128	0
JBJGKY010000017.1_88 # 104481 # 105179 # -1 # ID=17_88;partial=00;start_type=ATG;rbs_motif=GGA/GAG/AGG;rbs_spacer=5-10bp;genetic_code=11;gc_cont=0.618	GENOMAD.158969.CP	1.874E-08	57	0
JBJGKY010000018.1_93 # 100884 # 101573 # -1 # ID=18_93;partial=00;start_type=ATG;rbs_motif=GGA/GAG/AGG;rbs_spacer=5-10bp;genetic_code=11;gc_cont=0.696	GENOMAD.028244.CC	3.152E-92	301	0
JBJGKY010000008.1_23 # 34975 # 35913 # -1 # ID=8_23;partial=00;start_type=ATG;rbs_motif=GGAG/GAGG;rbs_spacer=5-10bp;genetic_code=11;gc_cont=0.683	GENOMAD.153340.CP	2.826E-10	64	0
JBJGKY010000008.1_107 # 123569 # 124456 # -1 # ID=8_107;partial=00;start_type=ATG;rbs_motif=AGGAG;rbs_spacer=5-10bp;genetic_code=11;gc_cont=0.700	GENOMAD.105757.CP	9.410E-65	225	0
JBJGKY010000057.1_4 # 1486 # 2058 # -1 # ID=57_4;partial=00;start_type=TTG;rbs_motif=GGA/GAG/AGG;rbs_spacer=5-10bp;genetic_code=11;gc_cont=0.686	GENOMAD.160458.PC	3.722E-26	108	0
JBJGKY010000027.1_35 # 47208 # 47525 # 1 # ID=27_35;partial=00;start_type=ATG;rbs_motif=AGGAG;rbs_spacer=5-10bp;genetic_code=11;gc_cont=0.585	GENOMAD.181410.CP	8.303E-16	74	0
JBJGKY010000028.1_27 # 29569 # 30132 # 1 # ID=28_27;partial=00;start_type=ATG;rbs_motif=GGAG/GAGG;rbs_spacer=5-10bp;genetic_code=11;gc_cont=0.676	GENOMAD.170300.PC	1.154E-39	147	0
JBJGKY010000029.1_12 # 19776 # 21545 # 1 # ID=29_12;partial=00;start_type=ATG;rbs_motif=AGGAG;rbs_spacer=5-10bp;genetic_code=11;gc_cont=0.673	GENOMAD.159812.PC	1.390E-40	163	0
JBJGKY010000001.1_117 # 130110 # 130862 # -1 # ID=1_117;partial=00;start_type=ATG;rbs_motif=AGGAG;rbs_spacer=5-10bp;genetic_code=11;gc_cont=0.733	GENOMAD.193021.PC	2.732E-23	102	0
JBJGKY010000005.1_152 # 182145 # 182525 # 1 # ID=5_152;partial=00;start_type=GTG;rbs_motif=GGA/GAG/AGG;rbs_spacer=5-10bp;genetic_code=11;gc_cont=0.633	GENOMAD.104113.VV	4.545E-04	41	1246
JBJGKY010000020.1_73 # 95444 # 96160 # 1 # ID=20_73;partial=00;start_type=ATG;rbs_motif=None;rbs_spacer=None;genetic_code=11;gc_cont=0.664	GENOMAD.154355.CP	2.575E-133	420	0
JBJGKY010000021.1_24 # 32067 # 34970 # -1 # ID=21_24;partial=00;start_type=ATG;rbs_motif=GGAG/GAGG;rbs_spacer=5-10bp;genetic_code=11;gc_cont=0.638	GENOMAD.153944.CP	6.016E-07	56	0
JBJGKY010000022.1_3 # 2495 # 2989 # 1 # ID=22_3;partial=00;start_type=GTG;rbs_motif=None;rbs_spacer=None;genetic_code=11;gc_cont=0.669	GENOMAD.032274.CC	2.822E-87	283	0
JBJGKY010000022.1_67 # 84929 # 85555 # 1 # ID=22_67;partial=00;start_type=GTG;rbs_motif=GGAG/GAGG;rbs_spacer=5-10bp;genetic_code=11;gc_cont=0.670	GENOMAD.134269.CP	1.287E-38	145	0
JBJGKY010000023.1_24 # 25740 # 26747 # 1 # ID=23_24;partial=00;start_type=ATG;rbs_motif=GGA/GAG/AGG;rbs_spacer=5-10bp;genetic_code=11;gc_cont=0.676	GENOMAD.142642.CP	9.991E-50	183	0
JBJGKY010000048.1_5 # 4872 # 5828 # 1 # ID=48_5;partial=00;start_type=GTG;rbs_motif=GGA/GAG/AGG;rbs_spacer=5-10bp;genetic_code=11;gc_cont=0.691	GENOMAD.115237.CP	1.539E-69	240	0
JBJGKY010000006.1_95 # 107294 # 109024 # -1 # ID=6_95;partial=00;start_type=ATG;rbs_motif=GGA/GAG/AGG;rbs_spacer=5-10bp;genetic_code=11;gc_cont=0.719	GENOMAD.101231.CP	2.690E-302	927	0
JBJGKY010000006.1_127 # 146857 # 147402 # 1 # ID=6_127;partial=00;start_type=ATG;rbs_motif=None;rbs_spacer=None;genetic_code=11;gc_cont=0.650	GENOMAD.161593.CP	5.802E-45	162	0
JBJGKY010000007.1_25 # 44502 # 44747 # -1 # ID=7_25;partial=00;start_type=ATG;rbs_motif=AGGAG;rbs_spacer=5-10bp;genetic_code=11;gc_cont=0.699	GENOMAD.160289.CP	3.711E-21	88	0
JBJGKY010000007.1_57 # 77224 # 78312 # -1 # ID=7_57;partial=00;start_type=ATG;rbs_motif=GGA/GAG/AGG;rbs_spacer=11-12bp;genetic_code=11;gc_cont=0.635	GENOMAD.215903.VC	3.454E-04	45	0
JBJGKY010000003.1_7 # 5721 # 6236 # 1 # ID=3_7;partial=00;start_type=ATG;rbs_motif=GGAG/GAGG;rbs_spacer=5-10bp;genetic_code=11;gc_cont=0.657	GENOMAD.189684.PC	2.185E-51	180	0
JBJGKY010000003.1_103 # 117795 # 118403 # -1 # ID=3_103;partial=00;start_type=ATG;rbs_motif=None;rbs_spacer=None;genetic_code=11;gc_cont=0.654	GENOMAD.142335.PC	1.368E-62	214	0
JBJGKY010000003.1_135 # 166478 # 167542 # -1 # ID=3_135;partial=00;start_type=ATG;rbs_motif=GGAG/GAGG;rbs_spacer=5-10bp;genetic_code=11;gc_cont=0.650	GENOMAD.141113.CP	6.386E-55	199	0
JBJGKY010000003.1_199 # 248775 # 249068 # -1 # ID=3_199;partial=00;start_type=ATG;rbs_motif=None;rbs_spacer=None;genetic_code=11;gc_cont=0.667	GENOMAD.129440.VC	2.140E-18	81	1246
JBJGKY010000009.1_19 # 20100 # 22568 # -1 # ID=9_19;partial=00;start_type=ATG;rbs_motif=GGAG/GAGG;rbs_spacer=5-10bp;genetic_code=11;gc_cont=0.656	GENOMAD.179037.PC	1.350E-18	94	0
JBJGKY010000009.1_51 # 55647 # 57092 # 1 # ID=9_51;partial=00;start_type=ATG;rbs_motif=GGA/GAG/AGG;rbs_spacer=11-12bp;genetic_code=11;gc_cont=0.650	GENOMAD.167110.CP	1.272E-88	303	1246
JBJGKY010000009.1_83 # 89301 # 91727 # -1 # ID=9_83;partial=00;start_type=ATG;rbs_motif=AGxAG;rbs_spacer=11-12bp;genetic_code=11;gc_cont=0.647	GENOMAD.154275.VC	4.466E-28	125	1246
JBJGKY010000011.1_3 # 1845 # 2402 # 1 # ID=11_3;partial=00;start_type=GTG;rbs_motif=AGGAG;rbs_spacer=5-10bp;genetic_code=11;gc_cont=0.602	GENOMAD.116512.CV	6.882E-26	107	1246
JBJGKY010000011.1_35 # 29419 # 29610 # 1 # ID=11_35;partial=00;start_type=ATG;rbs_motif=GGAGG;rbs_spacer=5-10bp;genetic_code=11;gc_cont=0.583	GENOMAD.000237.CC	3.544E-07	47	0
JBJGKY010000029.1_45 # 60574 # 61455 # 1 # ID=29_45;partial=00;start_type=ATG;rbs_motif=None;rbs_spacer=None;genetic_code=11;gc_cont=0.644	GENOMAD.000337.CC	4.997E-38	147	0
JBJGKY010000030.1_17 # 22246 # 22794 # 1 # ID=30_17;partial=00;start_type=ATG;rbs_motif=None;rbs_spacer=None;genetic_code=11;gc_cont=0.727	GENOMAD.218216.PC	2.490E-46	166	0
JBJGKY010000030.1_49 # 70768 # 71199 # 1 # ID=30_49;partial=00;start_type=ATG;rbs_motif=GGAG/GAGG;rbs_spacer=5-10bp;genetic_code=11;gc_cont=0.660	GENOMAD.190634.CP	4.917E-71	235	0
JBJGKY010000032.1_7 # 7018 # 7644 # -1 # ID=32_7;partial=00;start_type=ATG;rbs_motif=GGxGG;rbs_spacer=5-10bp;genetic_code=11;gc_cont=0.657	GENOMAD.166405.CP	5.788E-101	325	0
JBJGKY010000021.1_38 # 52762 # 53280 # -1 # ID=21_38;partial=00;start_type=ATG;rbs_motif=AGGAG;rbs_spacer=5-10bp;genetic_code=11;gc_cont=0.680	GENOMAD.034204.CC	1.559E-72	241	0
JBJGKY010000022.1_17 # 19457 # 22495 # -1 # ID=22_17;partial=00;start_type=ATG;rbs_motif=GGAGG;rbs_spacer=5-10bp;genetic_code=11;gc_cont=0.646	GENOMAD.125907.CP	1.534E-17	91	0
JBJGKY010000022.1_49 # 62689 # 63078 # 1 # ID=22_49;partial=00;start_type=ATG;rbs_motif=GGAGG;rbs_spacer=5-10bp;genetic_code=11;gc_cont=0.621	GENOMAD.167957.PC	4.127E-66	220	0
JBJGKY010000023.1_70 # 76091 # 79390 # 1 # ID=23_70;partial=00;start_type=ATG;rbs_motif=None;rbs_spacer=None;genetic_code=11;gc_cont=0.692	GENOMAD.136566.CP	2.301E-05	51	0
JBJGKY010000024.1_77 # 88347 # 90368 # 1 # ID=24_77;partial=00;start_type=ATG;rbs_motif=GGA/GAG/AGG;rbs_spacer=11-12bp;genetic_code=11;gc_cont=0.646	GENOMAD.010722.CC	9.491E-27	120	0
JBJGKY010000059.1_17 # 8314 # 8850 # -1 # ID=59_17;partial=01;start_type=Edge;rbs_motif=None;rbs_spacer=None;genetic_code=11;gc_cont=0.615	GENOMAD.212325.VP	1.623E-66	224	2773
JBJGKY010000001.1_60 # 68002 # 68805 # 1 # ID=1_60;partial=00;start_type=ATG;rbs_motif=GGA/GAG/AGG;rbs_spacer=5-10bp;genetic_code=11;gc_cont=0.690	GENOMAD.038780.CC	6.986E-128	406	0
JBJGKY010000022.1_37 # 49726 # 50172 # 1 # ID=22_37;partial=00;start_type=ATG;rbs_motif=None;rbs_spacer=None;genetic_code=11;gc_cont=0.682	GENOMAD.167547.CP	2.609E-11	63	0
JBJGKY010000022.1_69 # 86474 # 87373 # -1 # ID=22_69;partial=00;start_type=ATG;rbs_motif=GGA/GAG/AGG;rbs_spacer=5-10bp;genetic_code=11;gc_cont=0.672	GENOMAD.024576.CC	7.135E-126	402	0
JBJGKY010000025.1_16 # 14029 # 15210 # 1 # ID=25_16;partial=00;start_type=ATG;rbs_motif=GGAG/GAGG;rbs_spacer=5-10bp;genetic_code=11;gc_cont=0.692	GENOMAD.129930.CP	3.081E-28	121	0
JBJGKY010000010.1_33 # 43099 # 44025 # -1 # ID=10_33;partial=00;start_type=ATG;rbs_motif=None;rbs_spacer=None;genetic_code=11;gc_cont=0.670	GENOMAD.115269.CP	5.137E-26	112	0
JBJGKY010000010.1_65 # 86531 # 87862 # 1 # ID=10_65;partial=00;start_type=ATG;rbs_motif=None;rbs_spacer=None;genetic_code=11;gc_cont=0.683	GENOMAD.145379.CP	9.518E-221	684	0
JBJGKY010000011.1_28 # 25931 # 26248 # 1 # ID=11_28;partial=00;start_type=ATG;rbs_motif=GGAGG;rbs_spacer=5-10bp;genetic_code=11;gc_cont=0.613	GENOMAD.000028.CC	4.404E-30	115	0
JBJGKY010000011.1_60 # 55869 # 56663 # 1 # ID=11_60;partial=00;start_type=GTG;rbs_motif=AGGA/GGAG/GAGG;rbs_spacer=11-12bp;genetic_code=11;gc_cont=0.688	GENOMAD.106866.CP	9.117E-19	89	1246
JBJGKY010000011.1_124 # 129817 # 130599 # -1 # ID=11_124;partial=00;start_type=ATG;rbs_motif=GGA/GAG/AGG;rbs_spacer=11-12bp;genetic_code=11;gc_cont=0.513	GENOMAD.064510.VV	3.745E-21	96	1246
JBJGKY010000026.1_15 # 29174 # 32053 # -1 # ID=26_15;partial=00;start_type=ATG;rbs_motif=GGAG/GAGG;rbs_spacer=5-10bp;genetic_code=11;gc_cont=0.624	GENOMAD.183275.CP	6.416E-04	46	0
JBJGKY010000027.1_45 # 56715 # 58562 # 1 # ID=27_45;partial=00;start_type=ATG;rbs_motif=None;rbs_spacer=None;genetic_code=11;gc_cont=0.665	GENOMAD.142795.CP	3.696E-04	46	0
JBJGKY010000028.1_5 # 4334 # 5695 # 1 # ID=28_5;partial=00;start_type=ATG;rbs_motif=AGGAG;rbs_spacer=5-10bp;genetic_code=11;gc_cont=0.668	GENOMAD.213349.VC	1.586E-14	79	0
JBJGKY010000036.1_13 # 15016 # 15669 # 1 # ID=36_13;partial=00;start_type=ATG;rbs_motif=None;rbs_spacer=None;genetic_code=11;gc_cont=0.673	GENOMAD.192401.PC	2.534E-21	95	0
JBJGKY010000038.1_19 # 19876 # 20277 # 1 # ID=38_19;partial=00;start_type=GTG;rbs_motif=GGA/GAG/AGG;rbs_spacer=5-10bp;genetic_code=11;gc_cont=0.582	GENOMAD.114461.PP	7.729E-37	136	0
JBJGKY010000040.1_24 # 19703 # 20239 # -1 # ID=40_24;partial=00;start_type=ATG;rbs_motif=AGGAG;rbs_spacer=5-10bp;genetic_code=11;gc_cont=0.616	GENOMAD.074042.PP	6.692E-06	48	0
JBJGKY010000043.1_17 # 9255 # 10607 # -1 # ID=43_17;partial=00;start_type=ATG;rbs_motif=GGAG/GAGG;rbs_spacer=5-10bp;genetic_code=11;gc_cont=0.655	GENOMAD.111807.PC	2.471E-36	147	0
JBJGKY010000002.1_141 # 149606 # 149788 # 1 # ID=2_141;partial=00;start_type=ATG;rbs_motif=GGAG/GAGG;rbs_spacer=5-10bp;genetic_code=11;gc_cont=0.590	GENOMAD.171588.PC	6.898E-07	46	0
JBJGKY010000002.1_173 # 186238 # 187134 # -1 # ID=2_173;partial=00;start_type=ATG;rbs_motif=GGA/GAG/AGG;rbs_spacer=5-10bp;genetic_code=11;gc_cont=0.686	GENOMAD.190451.PC	2.670E-11	67	0
JBJGKY010000003.1_6 # 5058 # 5699 # 1 # ID=3_6;partial=00;start_type=ATG;rbs_motif=GGA/GAG/AGG;rbs_spacer=5-10bp;genetic_code=11;gc_cont=0.642	GENOMAD.180383.CP	3.539E-83	274	0
JBJGKY010000003.1_38 # 31934 # 32884 # 1 # ID=3_38;partial=00;start_type=ATG;rbs_motif=GGA/GAG/AGG;rbs_spacer=5-10bp;genetic_code=11;gc_cont=0.653	GENOMAD.000498.CC	4.381E-39	151	0
JBJGKY010000011.1_38 # 31763 # 32119 # 1 # ID=11_38;partial=00;start_type=ATG;rbs_motif=GGAG/GAGG;rbs_spacer=5-10bp;genetic_code=11;gc_cont=0.622	GENOMAD.000014.CC	3.938E-37	136	0
JBJGKY010000012.1_8 # 12481 # 17490 # 1 # ID=12_8;partial=00;start_type=ATG;rbs_motif=None;rbs_spacer=None;genetic_code=11;gc_cont=0.653	GENOMAD.119435.CP	0.000E+00	1168	0
JBJGKY010000012.1_72 # 97740 # 99227 # 1 # ID=12_72;partial=00;start_type=ATG;rbs_motif=None;rbs_spacer=None;genetic_code=11;gc_cont=0.693	GENOMAD.093644.CP	1.564E-17	89	0
JBJGKY010000013.1_5 # 8060 # 10567 # 1 # ID=13_5;partial=00;start_type=ATG;rbs_motif=GGAG/GAGG;rbs_spacer=5-10bp;genetic_code=11;gc_cont=0.667	GENOMAD.115168.CP	1.649E-05	51	0
JBJGKY010000013.1_69 # 82267 # 82863 # -1 # ID=13_69;partial=00;start_type=ATG;rbs_motif=AGGAG;rbs_spacer=5-10bp;genetic_code=11;gc_cont=0.635	GENOMAD.140319.CP	2.560E-24	103	0
JBJGKY010000014.1_6 # 4649 # 5683 # -1 # ID=14_6;partial=00;start_type=TTG;rbs_motif=None;rbs_spacer=None;genetic_code=11;gc_cont=0.640	GENOMAD.119444.CP	6.466E-04	44	0
JBJGKY010000028.1_22 # 24570 # 25646 # -1 # ID=28_22;partial=00;start_type=ATG;rbs_motif=AGGAG;rbs_spacer=5-10bp;genetic_code=11;gc_cont=0.649	GENOMAD.178979.PC	5.781E-59	211	0
JBJGKY010000029.1_39 # 52469 # 54907 # 1 # ID=29_39;partial=00;start_type=TTG;rbs_motif=GGA/GAG/AGG;rbs_spacer=5-10bp;genetic_code=11;gc_cont=0.674	GENOMAD.179037.PC	1.322E-18	94	0
JBJGKY010000004.1_37 # 36478 # 37428 # 1 # ID=4_37;partial=00;start_type=ATG;rbs_motif=GGAGG;rbs_spacer=5-10bp;genetic_code=11;gc_cont=0.666	GENOMAD.138352.CP	1.223E-31	129	0
JBJGKY010000004.1_69 # 76113 # 76817 # 1 # ID=4_69;partial=00;start_type=ATG;rbs_motif=None;rbs_spacer=None;genetic_code=11;gc_cont=0.696	GENOMAD.152406.CP	6.252E-04	43	0
JBJGKY010000004.1_101 # 113809 # 115272 # -1 # ID=4_101;partial=00;start_type=ATG;rbs_motif=None;rbs_spacer=None;genetic_code=11;gc_cont=0.715	GENOMAD.132304.CP	3.522E-31	132	0
JBJGKY010000005.1_119 # 140616 # 142919 # 1 # ID=5_119;partial=00;start_type=ATG;rbs_motif=GGAG/GAGG;rbs_spacer=5-10bp;genetic_code=11;gc_cont=0.650	GENOMAD.140646.CP	3.252E-170	554	1246
JBJGKY010000001.1_287 # 336238 # 337719 # 1 # ID=1_287;partial=00;start_type=ATG;rbs_motif=None;rbs_spacer=None;genetic_code=11;gc_cont=0.683	GENOMAD.114384.CP	6.397E-41	162	18026
JBJGKY010000002.1_39 # 39237 # 40604 # 1 # ID=2_39;partial=00;start_type=ATG;rbs_motif=None;rbs_spacer=None;genetic_code=11;gc_cont=0.664	GENOMAD.206240.PC	3.558E-106	353	0
JBJGKY010000011.1_96 # 101037 # 103508 # 1 # ID=11_96;partial=00;start_type=ATG;rbs_motif=GGAG/GAGG;rbs_spacer=5-10bp;genetic_code=11;gc_cont=0.635	GENOMAD.030096.VV	1.106E-10	68	3505
JBJGKY010000012.1_66 # 87117 # 89735 # 1 # ID=12_66;partial=00;start_type=ATG;rbs_motif=GGA/GAG/AGG;rbs_spacer=5-10bp;genetic_code=11;gc_cont=0.655	GENOMAD.151253.CP	1.707E-37	156	0
JBJGKY010000013.1_95 # 129346 # 129939 # -1 # ID=13_95;partial=01;start_type=Edge;rbs_motif=None;rbs_spacer=None;genetic_code=11;gc_cont=0.710	GENOMAD.129179.CP	9.817E-90	292	0
JBJGKY010000014.1_64 # 77499 # 80309 # 1 # ID=14_64;partial=00;start_type=ATG;rbs_motif=GGA/GAG/AGG;rbs_spacer=5-10bp;genetic_code=11;gc_cont=0.673	GENOMAD.121843.CP	1.756E-08	61	0
JBJGKY010000007.1_96 # 128211 # 129368 # -1 # ID=7_96;partial=00;start_type=ATG;rbs_motif=AGGA/GGAG/GAGG;rbs_spacer=11-12bp;genetic_code=11;gc_cont=0.586	GENOMAD.141000.CP	9.511E-192	597	0
JBJGKY010000008.1_49 # 66002 # 66883 # -1 # ID=8_49;partial=00;start_type=ATG;rbs_motif=AGGA;rbs_spacer=5-10bp;genetic_code=11;gc_cont=0.700	GENOMAD.104285.CP	4.825E-10	63	0
JBJGKY010000008.1_81 # 97430 # 98326 # 1 # ID=8_81;partial=00;start_type=ATG;rbs_motif=None;rbs_spacer=None;genetic_code=11;gc_cont=0.683	GENOMAD.142573.CP	1.646E-15	80	0
JBJGKY010000009.1_9 # 8083 # 8358 # 1 # ID=9_9;partial=00;start_type=ATG;rbs_motif=None;rbs_spacer=None;genetic_code=11;gc_cont=0.638	GENOMAD.016982.CC	1.636E-18	81	0
JBJGKY010000025.1_28 # 26082 # 26627 # -1 # ID=25_28;partial=00;start_type=ATG;rbs_motif=GGA/GAG/AGG;rbs_spacer=5-10bp;genetic_code=11;gc_cont=0.650	GENOMAD.181899.CV	3.305E-06	49	0
JBJGKY010000028.1_52 # 56244 # 58664 # -1 # ID=28_52;partial=00;start_type=ATG;rbs_motif=GGAG/GAGG;rbs_spacer=5-10bp;genetic_code=11;gc_cont=0.602	GENOMAD.058049.PP	3.174E-167	547	0
JBJGKY010000029.1_5 # 8772 # 9965 # -1 # ID=29_5;partial=00;start_type=ATG;rbs_motif=GGA/GAG/AGG;rbs_spacer=5-10bp;genetic_code=11;gc_cont=0.658	GENOMAD.137855.CP	3.504E-12	71	0
JBJGKY010000029.1_37 # 48697 # 50475 # 1 # ID=29_37;partial=00;start_type=ATG;rbs_motif=None;rbs_spacer=None;genetic_code=11;gc_cont=0.640	GENOMAD.146625.CP	6.974E-15	81	0
JBJGKY010000030.1_9 # 9876 # 12764 # -1 # ID=30_9;partial=00;start_type=ATG;rbs_motif=GGA/GAG/AGG;rbs_spacer=5-10bp;genetic_code=11;gc_cont=0.672	GENOMAD.152082.CP	2.486E-64	243	0
JBJGKY010000030.1_41 # 64452 # 65198 # 1 # ID=30_41;partial=00;start_type=ATG;rbs_motif=None;rbs_spacer=None;genetic_code=11;gc_cont=0.664	GENOMAD.171493.CP	1.324E-102	332	0
JBJGKY010000031.1_53 # 70101 # 71294 # 1 # ID=31_53;partial=00;start_type=ATG;rbs_motif=GGAG/GAGG;rbs_spacer=5-10bp;genetic_code=11;gc_cont=0.604	GENOMAD.002725.CC	3.504E-12	71	0
JBJGKY010000032.1_31 # 36796 # 40296 # -1 # ID=32_31;partial=00;start_type=ATG;rbs_motif=None;rbs_spacer=None;genetic_code=11;gc_cont=0.680	GENOMAD.133878.VC	3.520E-10	67	1246
JBJGKY010000023.1_30 # 37285 # 38418 # -1 # ID=23_30;partial=00;start_type=ATG;rbs_motif=AGGA;rbs_spacer=5-10bp;genetic_code=11;gc_cont=0.661	GENOMAD.138157.CP	2.304E-10	65	0
JBJGKY010000030.1_10 # 13226 # 14302 # -1 # ID=30_10;partial=00;start_type=ATG;rbs_motif=GGAG/GAGG;rbs_spacer=5-10bp;genetic_code=11;gc_cont=0.688	GENOMAD.141393.CP	2.077E-17	87	0
JBJGKY010000030.1_42 # 65252 # 66001 # 1 # ID=30_42;partial=00;start_type=ATG;rbs_motif=GGA/GAG/AGG;rbs_spacer=5-10bp;genetic_code=11;gc_cont=0.647	GENOMAD.121797.CP	8.048E-05	46	0
JBJGKY010000033.1_5 # 1073 # 1792 # 1 # ID=33_5;partial=00;start_type=ATG;rbs_motif=3Base/5BMM;rbs_spacer=13-15bp;genetic_code=11;gc_cont=0.578	GENOMAD.225571.VP	2.583E-142	446	0
JBJGKY010000034.1_14 # 14603 # 15838 # -1 # ID=34_14;partial=00;start_type=ATG;rbs_motif=GGAG/GAGG;rbs_spacer=5-10bp;genetic_code=11;gc_cont=0.681	GENOMAD.127439.CP	4.704E-31	130	0
JBJGKY010000035.1_1 # 417 # 1598 # 1 # ID=35_1;partial=00;start_type=ATG;rbs_motif=GGA/GAG/AGG;rbs_spacer=5-10bp;genetic_code=11;gc_cont=0.662	GENOMAD.171686.PC	8.639E-58	209	0
JBJGKY010000024.1_30 # 29913 # 30788 # 1 # ID=24_30;partial=00;start_type=ATG;rbs_motif=GGAG/GAGG;rbs_spacer=5-10bp;genetic_code=11;gc_cont=0.626	GENOMAD.145601.CP	6.294E-06	50	0
JBJGKY010000005.1_61 # 68964 # 70145 # -1 # ID=5_61;partial=00;start_type=ATG;rbs_motif=GGAG/GAGG;rbs_spacer=5-10bp;genetic_code=11;gc_cont=0.613	GENOMAD.004307.CC	4.333E-187	584	0
JBJGKY010000005.1_157 # 190703 # 195601 # -1 # ID=5_157;partial=00;start_type=ATG;rbs_motif=GGA/GAG/AGG;rbs_spacer=5-10bp;genetic_code=11;gc_cont=0.663	GENOMAD.145722.CP	9.127E-116	414	0
JBJGKY010000006.1_40 # 45803 # 46405 # 1 # ID=6_40;partial=00;start_type=ATG;rbs_motif=GGAG/GAGG;rbs_spacer=5-10bp;genetic_code=11;gc_cont=0.683	GENOMAD.195831.CP	4.653E-06	49	0
JBJGKY010000006.1_72 # 82234 # 82731 # 1 # ID=6_72;partial=00;start_type=ATG;rbs_motif=AGGA;rbs_spacer=5-10bp;genetic_code=11;gc_cont=0.669	GENOMAD.225035.PV	5.024E-07	51	1246
JBJGKY010000001.1_126 # 139643 # 140185 # -1 # ID=1_126;partial=00;start_type=ATG;rbs_motif=None;rbs_spacer=None;genetic_code=11;gc_cont=0.656	GENOMAD.169209.CP	1.930E-39	146	0
JBJGKY010000001.1_158 # 176805 # 178040 # -1 # ID=1_158;partial=00;start_type=ATG;rbs_motif=None;rbs_spacer=None;genetic_code=11;gc_cont=0.659	GENOMAD.028111.CC	1.025E-04	47	0
JBJGKY010000001.1_222 # 258789 # 259991 # 1 # ID=1_222;partial=00;start_type=GTG;rbs_motif=GGA/GAG/AGG;rbs_spacer=5-10bp;genetic_code=11;gc_cont=0.664	GENOMAD.141045.CP	2.265E-09	62	0
JBJGKY010000002.1_6 # 7230 # 7826 # 1 # ID=2_6;partial=00;start_type=GTG;rbs_motif=GGAG/GAGG;rbs_spacer=5-10bp;genetic_code=11;gc_cont=0.650	GENOMAD.134250.CP	1.991E-47	170	0
JBJGKY010000059.1_16 # 7883 # 8275 # 1 # ID=59_16;partial=00;start_type=ATG;rbs_motif=GGAGG;rbs_spacer=3-4bp;genetic_code=11;gc_cont=0.583	GENOMAD.141606.VV	9.358E-50	173	16538
JBJGKY010000006.1_41 # 46405 # 47394 # 1 # ID=6_41;partial=00;start_type=ATG;rbs_motif=GGA/GAG/AGG;rbs_spacer=5-10bp;genetic_code=11;gc_cont=0.658	GENOMAD.151006.CP	3.267E-19	92	0
JBJGKY010000006.1_105 # 117932 # 119443 # 1 # ID=6_105;partial=00;start_type=ATG;rbs_motif=GGAG/GAGG;rbs_spacer=5-10bp;genetic_code=11;gc_cont=0.676	GENOMAD.097137.CP	2.683E-26	117	0
JBJGKY010000006.1_137 # 159511 # 160548 # 1 # ID=6_137;partial=00;start_type=ATG;rbs_motif=GGA/GAG/AGG;rbs_spacer=5-10bp;genetic_code=11;gc_cont=0.657	GENOMAD.205408.PC	6.272E-50	184	0
JBJGKY010000007.1_67 # 89646 # 90005 # -1 # ID=7_67;partial=00;start_type=ATG;rbs_motif=GGAG/GAGG;rbs_spacer=5-10bp;genetic_code=11;gc_cont=0.608	GENOMAD.080218.CV	1.516E-39	143	0
JBJGKY010000004.1_173 # 195362 # 195904 # -1 # ID=4_173;partial=00;start_type=ATG;rbs_motif=None;rbs_spacer=None;genetic_code=11;gc_cont=0.669	GENOMAD.151298.VC	3.110E-04	43	1246
JBJGKY010000005.1_63 # 71137 # 72333 # -1 # ID=5_63;partial=00;start_type=ATG;rbs_motif=None;rbs_spacer=None;genetic_code=11;gc_cont=0.676	GENOMAD.151958.CP	2.355E-05	49	0
JBJGKY010000005.1_95 # 109914 # 110750 # -1 # ID=5_95;partial=00;start_type=ATG;rbs_motif=GGA/GAG/AGG;rbs_spacer=5-10bp;genetic_code=11;gc_cont=0.651	GENOMAD.215399.PC	2.492E-25	109	0
JBJGKY010000005.1_159 # 197204 # 199420 # -1 # ID=5_159;partial=00;start_type=ATG;rbs_motif=GGAG/GAGG;rbs_spacer=5-10bp;genetic_code=11;gc_cont=0.646	GENOMAD.129297.CP	7.565E-17	88	0
JBJGKY010000006.1_42 # 47391 # 48479 # 1 # ID=6_42;partial=00;start_type=ATG;rbs_motif=GGAG/GAGG;rbs_spacer=5-10bp;genetic_code=11;gc_cont=0.687	GENOMAD.192885.CP	3.747E-182	568	0
JBJGKY010000018.1_90 # 96049 # 97074 # 1 # ID=18_90;partial=00;start_type=ATG;rbs_motif=GGA/GAG/AGG;rbs_spacer=11-12bp;genetic_code=11;gc_cont=0.588	GENOMAD.190703.PC	8.567E-11	66	0
JBJGKY010000024.1_17 # 14763 # 15224 # -1 # ID=24_17;partial=00;start_type=ATG;rbs_motif=GGAG/GAGG;rbs_spacer=5-10bp;genetic_code=11;gc_cont=0.671	GENOMAD.195933.PC	1.299E-12	67	0
JBJGKY010000025.1_32 # 30194 # 31237 # -1 # ID=25_32;partial=00;start_type=ATG;rbs_motif=GGA/GAG/AGG;rbs_spacer=5-10bp;genetic_code=11;gc_cont=0.662	GENOMAD.114416.CP	5.280E-126	405	0
JBJGKY010000027.1_36 # 47522 # 49249 # 1 # ID=27_36;partial=00;start_type=ATG;rbs_motif=GGAGG;rbs_spacer=5-10bp;genetic_code=11;gc_cont=0.647	GENOMAD.119360.CP	5.173E-258	799	0
JBJGKY010000001.1_52 # 58058 # 60559 # 1 # ID=1_52;partial=00;start_type=ATG;rbs_motif=None;rbs_spacer=None;genetic_code=11;gc_cont=0.709	GENOMAD.094115.CP	3.961E-95	335	0
JBJGKY010000001.1_116 # 129390 # 130007 # -1 # ID=1_116;partial=00;start_type=ATG;rbs_motif=GGAG/GAGG;rbs_spacer=5-10bp;genetic_code=11;gc_cont=0.665	GENOMAD.193021.PC	4.290E-19	88	0
JBJGKY010000001.1_148 # 163472 # 164275 # -1 # ID=1_148;partial=00;start_type=ATG;rbs_motif=None;rbs_spacer=None;genetic_code=11;gc_cont=0.674	GENOMAD.120720.CV	4.280E-23	102	0
JBJGKY010000001.1_212 # 248138 # 249652 # 1 # ID=1_212;partial=00;start_type=ATG;rbs_motif=AGGAG;rbs_spacer=5-10bp;genetic_code=11;gc_cont=0.659	GENOMAD.148022.CP	1.604E-28	124	0
JBJGKY010000001.1_237 # 274190 # 275389 # 1 # ID=1_237;partial=00;start_type=ATG;rbs_motif=AGxAGG/AGGxGG;rbs_spacer=5-10bp;genetic_code=11;gc_cont=0.726	GENOMAD.019425.CC	9.012E-226	696	0
JBJGKY010000007.1_136 # 171561 # 172433 # -1 # ID=7_136;partial=00;start_type=ATG;rbs_motif=AGGAG;rbs_spacer=5-10bp;genetic_code=11;gc_cont=0.666	GENOMAD.183758.CP	4.416E-91	301	0
JBJGKY010000009.1_49 # 52578 # 53849 # 1 # ID=9_49;partial=00;start_type=ATG;rbs_motif=GGA/GAG/AGG;rbs_spacer=5-10bp;genetic_code=11;gc_cont=0.691	GENOMAD.138019.CP	2.758E-124	404	0
JBJGKY010000009.1_113 # 124798 # 127626 # 1 # ID=9_113;partial=00;start_type=GTG;rbs_motif=None;rbs_spacer=None;genetic_code=11;gc_cont=0.649	GENOMAD.123911.CP	1.455E-162	539	0
JBJGKY010000015.1_63 # 71163 # 71765 # 1 # ID=15_63;partial=00;start_type=ATG;rbs_motif=None;rbs_spacer=None;genetic_code=11;gc_cont=0.643	GENOMAD.014488.CC	2.921E-23	100	0
JBJGKY010000049.1_10 # 9755 # 10483 # 1 # ID=49_10;partial=00;start_type=ATG;rbs_motif=GGAG/GAGG;rbs_spacer=5-10bp;genetic_code=11;gc_cont=0.686	GENOMAD.142991.CP	9.820E-112	358	0
JBJGKY010000058.1_9 # 5395 # 6612 # -1 # ID=58_9;partial=00;start_type=ATG;rbs_motif=None;rbs_spacer=None;genetic_code=11;gc_cont=0.644	GENOMAD.117243.CP	2.029E-42	164	0
JBJGKY010000071.1_1 # 39 # 866 # -1 # ID=71_1;partial=00;start_type=ATG;rbs_motif=4Base/6BMM;rbs_spacer=13-15bp;genetic_code=11;gc_cont=0.638	GENOMAD.177338.PC	1.008E-04	46	0
JBJGKY010000001.1_8 # 8590 # 9573 # -1 # ID=1_8;partial=00;start_type=ATG;rbs_motif=GGA/GAG/AGG;rbs_spacer=11-12bp;genetic_code=11;gc_cont=0.593	GENOMAD.181514.PC	1.065E-187	582	0
JBJGKY010000021.1_5 # 5819 # 7381 # -1 # ID=21_5;partial=00;start_type=GTG;rbs_motif=AGGAG;rbs_spacer=5-10bp;genetic_code=11;gc_cont=0.636	GENOMAD.116954.CP	1.050E-06	54	1246
JBJGKY010000022.1_16 # 18007 # 19140 # -1 # ID=22_16;partial=00;start_type=ATG;rbs_motif=GGAGG;rbs_spacer=5-10bp;genetic_code=11;gc_cont=0.637	GENOMAD.125907.CP	1.475E-19	94	0
JBJGKY010000022.1_48 # 62161 # 62580 # 1 # ID=22_48;partial=00;start_type=GTG;rbs_motif=AGGA;rbs_spacer=5-10bp;genetic_code=11;gc_cont=0.579	GENOMAD.213831.PC	7.534E-40	145	0
JBJGKY010000033.1_7 # 2420 # 2623 # 1 # ID=33_7;partial=00;start_type=ATG;rbs_motif=GGA/GAG/AGG;rbs_spacer=11-12bp;genetic_code=11;gc_cont=0.632	GENOMAD.209539.VP	8.779E-29	109	2773
JBJGKY010000003.1_111 # 128555 # 129664 # -1 # ID=3_111;partial=00;start_type=ATG;rbs_motif=GGA/GAG/AGG;rbs_spacer=5-10bp;genetic_code=11;gc_cont=0.653	GENOMAD.127113.CP	7.151E-22	101	0
JBJGKY010000004.1_64 # 67388 # 69397 # -1 # ID=4_64;partial=00;start_type=ATG;rbs_motif=None;rbs_spacer=None;genetic_code=11;gc_cont=0.654	GENOMAD.116397.CP	2.528E-99	342	0
JBJGKY010000004.1_96 # 109934 # 110116 # 1 # ID=4_96;partial=00;start_type=ATG;rbs_motif=AGGAG;rbs_spacer=5-10bp;genetic_code=11;gc_cont=0.645	GENOMAD.040850.CC	6.898E-07	46	0
JBJGKY010000008.1_35 # 45574 # 46584 # -1 # ID=8_35;partial=00;start_type=ATG;rbs_motif=AGxAGG/AGGxGG;rbs_spacer=3-4bp;genetic_code=11;gc_cont=0.702	GENOMAD.024791.CC	7.261E-10	63	0
JBJGKY010000008.1_131 # 149366 # 151252 # 1 # ID=8_131;partial=00;start_type=ATG;rbs_motif=GGA/GAG/AGG;rbs_spacer=5-10bp;genetic_code=11;gc_cont=0.650	GENOMAD.092845.CP	2.712E-156	507	0
JBJGKY010000009.1_27 # 33257 # 33988 # -1 # ID=9_27;partial=00;start_type=ATG;rbs_motif=GGAGG;rbs_spacer=5-10bp;genetic_code=11;gc_cont=0.646	GENOMAD.111153.CP	5.226E-102	330	0
JBJGKY010000009.1_91 # 102971 # 104281 # -1 # ID=9_91;partial=00;start_type=ATG;rbs_motif=GGA/GAG/AGG;rbs_spacer=5-10bp;genetic_code=11;gc_cont=0.628	GENOMAD.153188.CP	2.277E-08	59	0
JBJGKY010000013.1_10 # 14363 # 15124 # -1 # ID=13_10;partial=00;start_type=ATG;rbs_motif=None;rbs_spacer=None;genetic_code=11;gc_cont=0.693	GENOMAD.132491.CP	4.640E-43	160	0
JBJGKY010000044.1_21 # 21584 # 22468 # 1 # ID=44_21;partial=00;start_type=ATG;rbs_motif=GGAG/GAGG;rbs_spacer=5-10bp;genetic_code=11;gc_cont=0.715	GENOMAD.001436.CC	6.315E-98	321	0
JBJGKY010000047.1_23 # 17454 # 19580 # 1 # ID=47_23;partial=00;start_type=ATG;rbs_motif=GGAG/GAGG;rbs_spacer=5-10bp;genetic_code=11;gc_cont=0.643	GENOMAD.127324.PC	6.518E-37	153	0
JBJGKY010000049.1_9 # 7585 # 9672 # -1 # ID=49_9;partial=00;start_type=ATG;rbs_motif=None;rbs_spacer=None;genetic_code=11;gc_cont=0.672	GENOMAD.133581.CP	9.344E-15	81	0
JBJGKY010000061.1_6 # 4392 # 5609 # 1 # ID=61_6;partial=00;start_type=ATG;rbs_motif=GGAG/GAGG;rbs_spacer=5-10bp;genetic_code=11;gc_cont=0.649	GENOMAD.110049.CP	1.543E-52	194	0
JBJGKY010000018.1_70 # 75382 # 76725 # -1 # ID=18_70;partial=00;start_type=ATG;rbs_motif=None;rbs_spacer=None;genetic_code=11;gc_cont=0.625	GENOMAD.198386.CV	2.319E-51	192	0
JBJGKY010000009.1_126 # 142634 # 143761 # -1 # ID=9_126;partial=00;start_type=ATG;rbs_motif=None;rbs_spacer=None;genetic_code=11;gc_cont=0.663	GENOMAD.121441.VC	1.857E-14	78	1246
JBJGKY010000012.1_16 # 30973 # 31818 # 1 # ID=12_16;partial=00;start_type=ATG;rbs_motif=GGA/GAG/AGG;rbs_spacer=5-10bp;genetic_code=11;gc_cont=0.662	GENOMAD.151402.CP	1.314E-18	89	0
JBJGKY010000011.1_19 # 22134 # 22433 # 1 # ID=11_19;partial=00;start_type=ATG;rbs_motif=AGGAG;rbs_spacer=5-10bp;genetic_code=11;gc_cont=0.567	GENOMAD.058867.CV	2.788E-24	98	0
JBJGKY010000021.1_25 # 35072 # 36808 # -1 # ID=21_25;partial=00;start_type=ATG;rbs_motif=GGAG/GAGG;rbs_spacer=5-10bp;genetic_code=11;gc_cont=0.641	GENOMAD.208849.PC	2.050E-109	368	0
JBJGKY010000023.1_25 # 26744 # 27463 # 1 # ID=23_25;partial=00;start_type=ATG;rbs_motif=GGAG/GAGG;rbs_spacer=5-10bp;genetic_code=11;gc_cont=0.672	GENOMAD.130695.CP	4.619E-36	139	0
JBJGKY010000034.1_36 # 33945 # 34652 # 1 # ID=34_36;partial=00;start_type=ATG;rbs_motif=GGAGG;rbs_spacer=3-4bp;genetic_code=11;gc_cont=0.667	GENOMAD.147903.CP	1.267E-122	389	0
JBJGKY010000017.1_15 # 16918 # 19131 # -1 # ID=17_15;partial=00;start_type=GTG;rbs_motif=None;rbs_spacer=None;genetic_code=11;gc_cont=0.669	GENOMAD.008008.CC	1.966E-80	288	0
JBJGKY010000017.1_79 # 90782 # 91201 # -1 # ID=17_79;partial=00;start_type=ATG;rbs_motif=GGAG/GAGG;rbs_spacer=5-10bp;genetic_code=11;gc_cont=0.643	GENOMAD.129482.CP	5.866E-06	47	1246
JBJGKY010000004.1_153 # 171178 # 171558 # 1 # ID=4_153;partial=00;start_type=ATG;rbs_motif=None;rbs_spacer=None;genetic_code=11;gc_cont=0.698	GENOMAD.000168.CC	7.934E-17	78	0
JBJGKY010000005.1_11 # 12479 # 12925 # 1 # ID=5_11;partial=00;start_type=ATG;rbs_motif=GGAG/GAGG;rbs_spacer=5-10bp;genetic_code=11;gc_cont=0.658	GENOMAD.159874.CP	6.479E-09	56	0
JBJGKY010000005.1_171 # 212513 # 213868 # -1 # ID=5_171;partial=00;start_type=ATG;rbs_motif=None;rbs_spacer=None;genetic_code=11;gc_cont=0.695	GENOMAD.114697.CP	7.655E-15	80	0
JBJGKY010000001.1_88 # 100934 # 101890 # 1 # ID=1_88;partial=00;start_type=ATG;rbs_motif=None;rbs_spacer=None;genetic_code=11;gc_cont=0.635	GENOMAD.124080.CP	1.564E-05	49	0
JBJGKY010000001.1_152 # 167688 # 168164 # -1 # ID=1_152;partial=00;start_type=ATG;rbs_motif=GGA/GAG/AGG;rbs_spacer=5-10bp;genetic_code=11;gc_cont=0.706	GENOMAD.133985.CP	2.941E-14	72	0
JBJGKY010000004.1_191 # 220364 # 220798 # -1 # ID=4_191;partial=00;start_type=ATG;rbs_motif=None;rbs_spacer=None;genetic_code=11;gc_cont=0.692	GENOMAD.096167.CP	1.575E-25	104	0
JBJGKY010000005.1_17 # 21266 # 21661 # -1 # ID=5_17;partial=00;start_type=ATG;rbs_motif=None;rbs_spacer=None;genetic_code=11;gc_cont=0.664	GENOMAD.137439.CP	1.151E-31	121	0
JBJGKY010000005.1_49 # 59091 # 59681 # -1 # ID=5_49;partial=00;start_type=ATG;rbs_motif=AGGAG;rbs_spacer=5-10bp;genetic_code=11;gc_cont=0.675	GENOMAD.177995.CP	2.039E-06	50	0
JBJGKY010000006.1_111 # 125694 # 126521 # 1 # ID=6_111;partial=00;start_type=ATG;rbs_motif=GGAG/GAGG;rbs_spacer=5-10bp;genetic_code=11;gc_cont=0.659	GENOMAD.000779.CC	1.286E-133	423	0
JBJGKY010000006.1_143 # 170638 # 171738 # 1 # ID=6_143;partial=00;start_type=ATG;rbs_motif=None;rbs_spacer=None;genetic_code=11;gc_cont=0.667	GENOMAD.146476.CP	4.612E-67	235	0
JBJGKY010000007.1_73 # 96197 # 97675 # -1 # ID=7_73;partial=00;start_type=ATG;rbs_motif=GGAGG;rbs_spacer=5-10bp;genetic_code=11;gc_cont=0.634	GENOMAD.152654.CP	1.158E-07	57	0
JBJGKY010000008.1_26 # 37865 # 38587 # 1 # ID=8_26;partial=00;start_type=ATG;rbs_motif=None;rbs_spacer=None;genetic_code=11;gc_cont=0.674	GENOMAD.137367.CP	4.940E-10	62	0
JBJGKY010000019.1_17 # 19535 # 20965 # -1 # ID=19_17;partial=00;start_type=ATG;rbs_motif=GGA/GAG/AGG;rbs_spacer=11-12bp;genetic_code=11;gc_cont=0.631	GENOMAD.068048.VV	2.107E-15	82	1246
JBJGKY010000050.1_14 # 15878 # 17161 # 1 # ID=50_14;partial=00;start_type=ATG;rbs_motif=AGGA;rbs_spacer=5-10bp;genetic_code=11;gc_cont=0.656	GENOMAD.168138.CP	4.482E-04	45	0
JBJGKY010000052.1_16 # 14736 # 14822 # -1 # ID=52_16;partial=01;start_type=Edge;rbs_motif=None;rbs_spacer=None;genetic_code=11;gc_cont=0.632	GENOMAD.142262.PC	9.425E-04	35	0
JBJGKY010000055.1_1 # 3 # 698 # -1 # ID=55_1;partial=10;start_type=ATG;rbs_motif=GGAG/GAGG;rbs_spacer=5-10bp;genetic_code=11;gc_cont=0.713	GENOMAD.129179.CP	1.776E-07	54	0
JBJGKY010000020.1_48 # 65104 # 67932 # -1 # ID=20_48;partial=00;start_type=ATG;rbs_motif=None;rbs_spacer=None;genetic_code=11;gc_cont=0.647	GENOMAD.112737.CP	6.219E-28	125	0
JBJGKY010000020.1_80 # 101092 # 101709 # 1 # ID=20_80;partial=00;start_type=GTG;rbs_motif=AGGAG;rbs_spacer=5-10bp;genetic_code=11;gc_cont=0.652	GENOMAD.205700.CP	9.458E-04	42	0
JBJGKY010000022.1_10 # 10603 # 11103 # 1 # ID=22_10;partial=00;start_type=GTG;rbs_motif=None;rbs_spacer=None;genetic_code=11;gc_cont=0.707	GENOMAD.190009.CP	1.929E-50	177	0
JBJGKY010000022.1_42 # 54950 # 55591 # 1 # ID=22_42;partial=00;start_type=ATG;rbs_motif=None;rbs_spacer=None;genetic_code=11;gc_cont=0.720	GENOMAD.028140.CC	6.297E-94	305	0
JBJGKY010000022.1_74 # 97701 # 99515 # -1 # ID=22_74;partial=00;start_type=ATG;rbs_motif=GGA/GAG/AGG;rbs_spacer=5-10bp;genetic_code=11;gc_cont=0.688	GENOMAD.005978.CC	1.591E-07	57	1246
JBJGKY010000023.1_63 # 70200 # 70358 # -1 # ID=23_63;partial=00;start_type=ATG;rbs_motif=GGA/GAG/AGG;rbs_spacer=5-10bp;genetic_code=11;gc_cont=0.660	GENOMAD.218600.CV	1.414E-10	56	0
JBJGKY010000009.1_119 # 134121 # 135020 # 1 # ID=9_119;partial=00;start_type=ATG;rbs_motif=None;rbs_spacer=None;genetic_code=11;gc_cont=0.670	GENOMAD.133355.CP	9.660E-09	59	0
JBJGKY010000010.1_76 # 101740 # 103302 # -1 # ID=10_76;partial=00;start_type=GTG;rbs_motif=AGGAG;rbs_spacer=5-10bp;genetic_code=11;gc_cont=0.641	GENOMAD.126256.CP	9.039E-10	64	0
JBJGKY010000011.1_7 # 4862 # 5227 # 1 # ID=11_7;partial=00;start_type=ATG;rbs_motif=GGA/GAG/AGG;rbs_spacer=5-10bp;genetic_code=11;gc_cont=0.598	GENOMAD.114551.CV	1.217E-26	106	1246
JBJGKY010000011.1_39 # 32130 # 32522 # 1 # ID=11_39;partial=00;start_type=ATG;rbs_motif=GGA/GAG/AGG;rbs_spacer=5-10bp;genetic_code=11;gc_cont=0.621	GENOMAD.000013.CC	1.888E-50	175	0
JBJGKY010000028.1_49 # 51891 # 52796 # -1 # ID=28_49;partial=00;start_type=ATG;rbs_motif=None;rbs_spacer=None;genetic_code=11;gc_cont=0.681	GENOMAD.111079.CP	3.750E-32	130	0
JBJGKY010000029.1_34 # 44642 # 45115 # -1 # ID=29_34;partial=00;start_type=ATG;rbs_motif=GGAG/GAGG;rbs_spacer=5-10bp;genetic_code=11;gc_cont=0.684	GENOMAD.178666.VC	3.433E-31	121	1246
JBJGKY010000030.1_38 # 61551 # 62558 # -1 # ID=30_38;partial=00;start_type=ATG;rbs_motif=GGA/GAG/AGG;rbs_spacer=5-10bp;genetic_code=11;gc_cont=0.683	GENOMAD.190147.CP	1.657E-38	150	0
JBJGKY010000031.1_50 # 65484 # 67928 # 1 # ID=31_50;partial=00;start_type=ATG;rbs_motif=None;rbs_spacer=None;genetic_code=11;gc_cont=0.648	GENOMAD.138195.VC	9.547E-32	137	1246
JBJGKY010000032.1_28 # 33259 # 34248 # -1 # ID=32_28;partial=00;start_type=ATG;rbs_motif=None;rbs_spacer=None;genetic_code=11;gc_cont=0.676	GENOMAD.133766.CP	5.150E-44	166	0
JBJGKY010000021.1_51 # 63859 # 65844 # -1 # ID=21_51;partial=00;start_type=ATG;rbs_motif=GGA/GAG/AGG;rbs_spacer=5-10bp;genetic_code=11;gc_cont=0.648	GENOMAD.146534.CP	9.989E-05	48	0
JBJGKY010000001.1_310 # 363645 # 364067 # -1 # ID=1_310;partial=00;start_type=ATG;rbs_motif=GGAG/GAGG;rbs_spacer=5-10bp;genetic_code=11;gc_cont=0.598	GENOMAD.124417.CP	5.736E-07	50	0
JBJGKY010000002.1_30 # 32571 # 33377 # 1 # ID=2_30;partial=00;start_type=GTG;rbs_motif=AGGAG;rbs_spacer=5-10bp;genetic_code=11;gc_cont=0.668	GENOMAD.153557.VC	1.074E-05	49	1246
JBJGKY010000002.1_94 # 105930 # 106844 # -1 # ID=2_94;partial=00;start_type=ATG;rbs_motif=None;rbs_spacer=None;genetic_code=11;gc_cont=0.693	GENOMAD.130675.CP	4.208E-17	85	0
JBJGKY010000002.1_126 # 132987 # 134501 # -1 # ID=2_126;partial=00;start_type=ATG;rbs_motif=None;rbs_spacer=None;genetic_code=11;gc_cont=0.667	GENOMAD.145507.CP	4.035E-30	129	0
JBJGKY010000002.1_190 # 203977 # 204456 # -1 # ID=2_190;partial=00;start_type=ATG;rbs_motif=None;rbs_spacer=None;genetic_code=11;gc_cont=0.642	GENOMAD.140723.CP	1.946E-20	90	0
JBJGKY010000032.1_59 # 67184 # 67969 # -1 # ID=32_59;partial=00;start_type=ATG;rbs_motif=GGAG/GAGG;rbs_spacer=5-10bp;genetic_code=11;gc_cont=0.642	GENOMAD.119007.CP	3.901E-20	93	0
JBJGKY010000035.1_28 # 34375 # 35994 # 1 # ID=35_28;partial=00;start_type=ATG;rbs_motif=AGGA;rbs_spacer=5-10bp;genetic_code=11;gc_cont=0.672	GENOMAD.168505.CP	8.988E-64	232	0
JBJGKY010000038.1_27 # 29470 # 29793 # 1 # ID=38_27;partial=00;start_type=ATG;rbs_motif=GGAGG;rbs_spacer=3-4bp;genetic_code=11;gc_cont=0.577	GENOMAD.013765.PP	2.347E-61	205	0
JBJGKY010000029.1_16 # 24610 # 25200 # -1 # ID=29_16;partial=00;start_type=ATG;rbs_motif=None;rbs_spacer=None;genetic_code=11;gc_cont=0.697	GENOMAD.132739.CP	8.885E-05	45	0
JBJGKY010000027.1_8 # 13140 # 13568 # 1 # ID=27_8;partial=00;start_type=ATG;rbs_motif=GGA/GAG/AGG;rbs_spacer=5-10bp;genetic_code=11;gc_cont=0.650	GENOMAD.004648.CC	1.453E-16	78	0
JBJGKY010000028.1_32 # 34543 # 35403 # -1 # ID=28_32;partial=00;start_type=ATG;rbs_motif=None;rbs_spacer=None;genetic_code=11;gc_cont=0.698	GENOMAD.123845.CP	2.750E-14	76	0
JBJGKY010000028.1_64 # 66425 # 67429 # -1 # ID=28_64;partial=00;start_type=TTG;rbs_motif=GGAGG;rbs_spacer=5-10bp;genetic_code=11;gc_cont=0.659	GENOMAD.197924.PC	2.327E-182	567	0
JBJGKY010000029.1_17 # 25197 # 26243 # -1 # ID=29_17;partial=00;start_type=GTG;rbs_motif=AGGAG;rbs_spacer=5-10bp;genetic_code=11;gc_cont=0.691	GENOMAD.134221.CP	6.740E-105	344	0
JBJGKY010000029.1_49 # 64693 # 65037 # -1 # ID=29_49;partial=00;start_type=ATG;rbs_motif=AGGAG;rbs_spacer=5-10bp;genetic_code=11;gc_cont=0.629	GENOMAD.138269.PC	2.953E-14	70	0
JBJGKY010000030.1_21 # 27028 # 28362 # 1 # ID=30_21;partial=00;start_type=ATG;rbs_motif=None;rbs_spacer=None;genetic_code=11;gc_cont=0.676	GENOMAD.166652.PC	5.107E-43	167	0
JBJGKY010000005.1_141 # 168851 # 169441 # -1 # ID=5_141;partial=00;start_type=ATG;rbs_motif=GGA/GAG/AGG;rbs_spacer=5-10bp;genetic_code=11;gc_cont=0.716	GENOMAD.141836.CP	3.451E-18	85	0
JBJGKY010000016.1_66 # 84308 # 84688 # -1 # ID=16_66;partial=00;start_type=ATG;rbs_motif=GGAG/GAGG;rbs_spacer=5-10bp;genetic_code=11;gc_cont=0.654	GENOMAD.150994.CP	4.040E-06	47	0
JBJGKY010000017.1_66 # 79378 # 80163 # -1 # ID=17_66;partial=00;start_type=ATG;rbs_motif=AGGA;rbs_spacer=5-10bp;genetic_code=11;gc_cont=0.659	GENOMAD.169894.PC	8.843E-49	177	0
