Command line: /usr/lib/spades/bin/plasmidspades.py	-1	/data/djs217/PROJECTS/42_Xanthomonas/xanthomonas-euvesicatoria-serbia/01-genome-de-novo-assembly/SRR24958751_1_val_1.fq.gz	-2	/data/djs217/PROJECTS/42_Xanthomonas/xanthomonas-euvesicatoria-serbia/01-genome-de-novo-assembly/SRR24958751_2_val_2.fq.gz	-o	/data/djs217/PROJECTS/42_Xanthomonas/xanthomonas-euvesicatoria-serbia/01-genome-de-novo-assembly/SRR24958751_plasmid_assembly	

System information:
  SPAdes version: 3.13.1
  Python version: 3.10.12
  OS: Linux-5.15.0-153-generic-x86_64-with-glibc2.35

Output dir: /data/djs217/PROJECTS/42_Xanthomonas/xanthomonas-euvesicatoria-serbia/01-genome-de-novo-assembly/SRR24958751_plasmid_assembly
Mode: read error correction and assembling
Debug mode is turned OFF

Dataset parameters:
  Multi-cell mode (you should set '--sc' flag if input data was obtained with MDA (single-cell) technology or --meta flag if processing metagenomic dataset)
  Reads:
    Library number: 1, library type: paired-end
      orientation: fr
      left reads: ['/data/djs217/PROJECTS/42_Xanthomonas/xanthomonas-euvesicatoria-serbia/01-genome-de-novo-assembly/SRR24958751_1_val_1.fq.gz']
      right reads: ['/data/djs217/PROJECTS/42_Xanthomonas/xanthomonas-euvesicatoria-serbia/01-genome-de-novo-assembly/SRR24958751_2_val_2.fq.gz']
      interlaced reads: not specified
      single reads: not specified
      merged reads: not specified
Read error correction parameters:
  Iterations: 1
  PHRED offset will be auto-detected
  Corrected reads will be compressed
Assembly parameters:
  k: automatic selection based on read length
  Plasmid mode is turned ON
  Repeat resolution is enabled
  Mismatch careful mode is turned OFF
  MismatchCorrector will be SKIPPED
  Coverage cutoff is turned OFF
Other parameters:
  Dir for temp files: /data/djs217/PROJECTS/42_Xanthomonas/xanthomonas-euvesicatoria-serbia/01-genome-de-novo-assembly/SRR24958751_plasmid_assembly/tmp
  Threads: 16
  Memory limit (in Gb): 62


======= SPAdes pipeline started. Log can be found here: /data/djs217/PROJECTS/42_Xanthomonas/xanthomonas-euvesicatoria-serbia/01-genome-de-novo-assembly/SRR24958751_plasmid_assembly/spades.log


===== Read error correction started. 


== Running read error correction tool: /usr/lib/spades/bin/spades-hammer /data/djs217/PROJECTS/42_Xanthomonas/xanthomonas-euvesicatoria-serbia/01-genome-de-novo-assembly/SRR24958751_plasmid_assembly/corrected/configs/config.info

  0:00:00.000     4M / 4M    INFO    General                 (main.cpp                  :  75)   Starting BayesHammer, built from N/A, git revision N/A
  0:00:00.000     4M / 4M    INFO    General                 (main.cpp                  :  76)   Loading config from /data/djs217/PROJECTS/42_Xanthomonas/xanthomonas-euvesicatoria-serbia/01-genome-de-novo-assembly/SRR24958751_plasmid_assembly/corrected/configs/config.info
  0:00:00.001     4M / 4M    INFO    General                 (main.cpp                  :  78)   Maximum # of threads to use (adjusted due to OMP capabilities): 16
  0:00:00.001     4M / 4M    INFO    General                 (memory_limit.cpp          :  49)   Memory limit set to 62 Gb
  0:00:00.001     4M / 4M    INFO    General                 (main.cpp                  :  86)   Trying to determine PHRED offset
  0:00:00.034     4M / 4M    INFO    General                 (main.cpp                  :  92)   Determined value is 33
  0:00:00.035     4M / 4M    INFO    General                 (hammer_tools.cpp          :  36)   Hamming graph threshold tau=1, k=21, subkmer positions = [ 0 10 ]
  0:00:00.035     4M / 4M    INFO    General                 (main.cpp                  : 113)   Size of aux. kmer data 24 bytes
     === ITERATION 0 begins ===
  0:00:00.035     4M / 4M    INFO   K-mer Index Building     (kmer_index_builder.hpp    : 301)   Building kmer index
  0:00:00.035     4M / 4M    INFO    General                 (kmer_index_builder.hpp    : 117)   Splitting kmer instances into 256 files using 16 threads. This might take a while.
  0:00:00.035     4M / 4M    INFO    General                 (file_limit.hpp            :  32)   Open file limit set to 1024
  0:00:00.035     4M / 4M    INFO    General                 (kmer_splitters.hpp        :  89)   Memory available for splitting buffers: 1.29159 Gb
  0:00:00.035     4M / 4M    INFO    General                 (kmer_splitters.hpp        :  97)   Using cell size of 262144
  0:00:00.091     8G / 8G    INFO   K-mer Splitting          (kmer_data.cpp             :  97)   Processing /data/djs217/PROJECTS/42_Xanthomonas/xanthomonas-euvesicatoria-serbia/01-genome-de-novo-assembly/SRR24958751_1_val_1.fq.gz
  0:00:14.398     8G / 9G    INFO   K-mer Splitting          (kmer_data.cpp             : 107)   Processed 3071600 reads
  0:00:14.398     8G / 9G    INFO   K-mer Splitting          (kmer_data.cpp             :  97)   Processing /data/djs217/PROJECTS/42_Xanthomonas/xanthomonas-euvesicatoria-serbia/01-genome-de-novo-assembly/SRR24958751_2_val_2.fq.gz
  0:00:29.254     8G / 9G    INFO   K-mer Splitting          (kmer_data.cpp             : 107)   Processed 6143200 reads
  0:00:29.254     8G / 9G    INFO   K-mer Splitting          (kmer_data.cpp             : 112)   Total 6143200 reads processed
  0:00:29.692    64M / 9G    INFO    General                 (kmer_index_builder.hpp    : 120)   Starting k-mer counting.
  0:00:29.986    64M / 9G    INFO    General                 (kmer_index_builder.hpp    : 127)   K-mer counting done. There are 59465672 kmers in total.
  0:00:29.986    64M / 9G    INFO    General                 (kmer_index_builder.hpp    : 133)   Merging temporary buckets.
  0:00:30.311    64M / 9G    INFO   K-mer Index Building     (kmer_index_builder.hpp    : 314)   Building perfect hash indices
  0:00:31.157    64M / 9G    INFO    General                 (kmer_index_builder.hpp    : 150)   Merging final buckets.
  0:00:32.725    64M / 9G    INFO   K-mer Index Building     (kmer_index_builder.hpp    : 336)   Index built. Total 27582520 bytes occupied (3.71071 bits per kmer).
  0:00:32.727    64M / 9G    INFO   K-mer Counting           (kmer_data.cpp             : 356)   Arranging kmers in hash map order
  0:00:33.759   976M / 9G    INFO    General                 (main.cpp                  : 148)   Clustering Hamming graph.
  0:00:59.012   976M / 9G    INFO    General                 (main.cpp                  : 155)   Extracting clusters
  0:01:09.227   976M / 9G    INFO    General                 (main.cpp                  : 167)   Clustering done. Total clusters: 21460490
  0:01:09.252   520M / 9G    INFO   K-mer Counting           (kmer_data.cpp             : 376)   Collecting K-mer information, this takes a while.
  0:01:09.744     1G / 9G    INFO   K-mer Counting           (kmer_data.cpp             : 382)   Processing /data/djs217/PROJECTS/42_Xanthomonas/xanthomonas-euvesicatoria-serbia/01-genome-de-novo-assembly/SRR24958751_1_val_1.fq.gz
  0:01:34.713     1G / 9G    INFO   K-mer Counting           (kmer_data.cpp             : 382)   Processing /data/djs217/PROJECTS/42_Xanthomonas/xanthomonas-euvesicatoria-serbia/01-genome-de-novo-assembly/SRR24958751_2_val_2.fq.gz
  0:01:59.399     1G / 9G    INFO   K-mer Counting           (kmer_data.cpp             : 389)   Collection done, postprocessing.
  0:01:59.619     1G / 9G    INFO   K-mer Counting           (kmer_data.cpp             : 402)   There are 59465672 kmers in total. Among them 44820278 (75.3717%) are singletons.
  0:01:59.619     1G / 9G    INFO    General                 (main.cpp                  : 173)   Subclustering Hamming graph
  0:02:03.871     1G / 9G    INFO   Hamming Subclustering    (kmer_cluster.cpp          : 649)   Subclustering done. Total 57 non-read kmers were generated.
  0:02:03.871     1G / 9G    INFO   Hamming Subclustering    (kmer_cluster.cpp          : 650)   Subclustering statistics:
  0:02:03.872     1G / 9G    INFO   Hamming Subclustering    (kmer_cluster.cpp          : 651)     Total singleton hamming clusters: 12049612. Among them 1424364 (11.8208%) are good
  0:02:03.872     1G / 9G    INFO   Hamming Subclustering    (kmer_cluster.cpp          : 652)     Total singleton subclusters: 16529. Among them 15475 (93.6233%) are good
  0:02:03.872     1G / 9G    INFO   Hamming Subclustering    (kmer_cluster.cpp          : 653)     Total non-singleton subcluster centers: 9820970. Among them 8870178 (90.3188%) are good
  0:02:03.872     1G / 9G    INFO   Hamming Subclustering    (kmer_cluster.cpp          : 654)     Average size of non-trivial subcluster: 4.82805 kmers
  0:02:03.872     1G / 9G    INFO   Hamming Subclustering    (kmer_cluster.cpp          : 655)     Average number of sub-clusters per non-singleton cluster: 1.04533
  0:02:03.872     1G / 9G    INFO   Hamming Subclustering    (kmer_cluster.cpp          : 656)     Total solid k-mers: 10310017
  0:02:03.872     1G / 9G    INFO   Hamming Subclustering    (kmer_cluster.cpp          : 657)     Substitution probabilities: [4,4]((0.905384,0.0398379,0.00542752,0.0493508),(0.0150969,0.973569,0.00550743,0.00582684),(0.00579801,0.00545353,0.973592,0.0151565),(0.0492699,0.00536512,0.0397301,0.905635))
  0:02:03.894     1G / 9G    INFO    General                 (main.cpp                  : 178)   Finished clustering.
  0:02:03.894     1G / 9G    INFO    General                 (main.cpp                  : 197)   Starting solid k-mers expansion in 16 threads.
  0:02:20.793     1G / 9G    INFO    General                 (main.cpp                  : 218)   Solid k-mers iteration 0 produced 414933 new k-mers.
  0:02:37.560     1G / 9G    INFO    General                 (main.cpp                  : 218)   Solid k-mers iteration 1 produced 13502 new k-mers.
  0:02:54.296     1G / 9G    INFO    General                 (main.cpp                  : 218)   Solid k-mers iteration 2 produced 48 new k-mers.
  0:03:11.057     1G / 9G    INFO    General                 (main.cpp                  : 218)   Solid k-mers iteration 3 produced 0 new k-mers.
  0:03:11.057     1G / 9G    INFO    General                 (main.cpp                  : 222)   Solid k-mers finalized
  0:03:11.057     1G / 9G    INFO    General                 (hammer_tools.cpp          : 220)   Starting read correction in 16 threads.
  0:03:11.057     1G / 9G    INFO    General                 (hammer_tools.cpp          : 233)   Correcting pair of reads: /data/djs217/PROJECTS/42_Xanthomonas/xanthomonas-euvesicatoria-serbia/01-genome-de-novo-assembly/SRR24958751_1_val_1.fq.gz and /data/djs217/PROJECTS/42_Xanthomonas/xanthomonas-euvesicatoria-serbia/01-genome-de-novo-assembly/SRR24958751_2_val_2.fq.gz
  0:03:18.133     3G / 9G    INFO    General                 (hammer_tools.cpp          : 168)   Prepared batch 0 of 1600000 reads.
  0:03:27.959     3G / 9G    INFO    General                 (hammer_tools.cpp          : 175)   Processed batch 0
  0:03:29.907     3G / 9G    INFO    General                 (hammer_tools.cpp          : 185)   Written batch 0
  0:03:35.402     4G / 9G    INFO    General                 (hammer_tools.cpp          : 168)   Prepared batch 1 of 1471600 reads.
  0:03:44.551     4G / 9G    INFO    General                 (hammer_tools.cpp          : 175)   Processed batch 1
  0:03:46.414     4G / 9G    INFO    General                 (hammer_tools.cpp          : 185)   Written batch 1
  0:03:47.089     1G / 9G    INFO    General                 (hammer_tools.cpp          : 274)   Correction done. Changed 1666945 bases in 792873 reads.
  0:03:47.089     1G / 9G    INFO    General                 (hammer_tools.cpp          : 275)   Failed to correct 62727 bases out of 918700415.
  0:03:47.169    64M / 9G    INFO    General                 (main.cpp                  : 255)   Saving corrected dataset description to /data/djs217/PROJECTS/42_Xanthomonas/xanthomonas-euvesicatoria-serbia/01-genome-de-novo-assembly/SRR24958751_plasmid_assembly/corrected/corrected.yaml
  0:03:47.169    64M / 9G    INFO    General                 (main.cpp                  : 262)   All done. Exiting.

== Compressing corrected reads (with pigz)

== Dataset description file was created: /data/djs217/PROJECTS/42_Xanthomonas/xanthomonas-euvesicatoria-serbia/01-genome-de-novo-assembly/SRR24958751_plasmid_assembly/corrected/corrected.yaml


===== Read error correction finished. 


===== Assembling started.


== Running assembler: K21

  0:00:00.000     4M / 4M    INFO    General                 (main.cpp                  :  74)   Loaded config from /data/djs217/PROJECTS/42_Xanthomonas/xanthomonas-euvesicatoria-serbia/01-genome-de-novo-assembly/SRR24958751_plasmid_assembly/K21/configs/config.info
  0:00:00.000     4M / 4M    INFO    General                 (main.cpp                  :  74)   Loaded config from /data/djs217/PROJECTS/42_Xanthomonas/xanthomonas-euvesicatoria-serbia/01-genome-de-novo-assembly/SRR24958751_plasmid_assembly/K21/configs/plasmid_mode.info
  0:00:00.000     4M / 4M    INFO    General                 (memory_limit.cpp          :  49)   Memory limit set to 62 Gb
  0:00:00.000     4M / 4M    INFO    General                 (main.cpp                  :  84)   Starting SPAdes, built from N/A, git revision N/A
  0:00:00.000     4M / 4M    INFO    General                 (main.cpp                  :  88)   Maximum k-mer length: 128
  0:00:00.000     4M / 4M    INFO    General                 (main.cpp                  :  89)   Assembling dataset (/data/djs217/PROJECTS/42_Xanthomonas/xanthomonas-euvesicatoria-serbia/01-genome-de-novo-assembly/SRR24958751_plasmid_assembly/dataset.info) with K=21
  0:00:00.000     4M / 4M    INFO    General                 (main.cpp                  :  90)   Maximum # of threads to use (adjusted due to OMP capabilities): 16
  0:00:00.000     4M / 4M    INFO    General                 (launch.hpp                :  52)   SPAdes started
  0:00:00.000     4M / 4M    INFO    General                 (launch.hpp                :  59)   Starting from stage: construction
  0:00:00.000     4M / 4M    INFO    General                 (launch.hpp                :  66)   Two-step RR enabled: 0
  0:00:00.000     4M / 4M    INFO   StageManager             (stage.cpp                 : 132)   STAGE == de Bruijn graph construction
  0:00:00.001     4M / 4M    INFO    General                 (read_converter.hpp        :  77)   Converting reads to binary format for library #0 (takes a while)
  0:00:00.001     4M / 4M    INFO    General                 (read_converter.hpp        :  78)   Converting paired reads
  0:00:00.145    80M / 80M   INFO    General                 (binary_converter.hpp      :  93)   16384 reads processed
  0:00:00.243    92M / 92M   INFO    General                 (binary_converter.hpp      :  93)   32768 reads processed
  0:00:00.438   116M / 116M  INFO    General                 (binary_converter.hpp      :  93)   65536 reads processed
  0:00:00.830   168M / 168M  INFO    General                 (binary_converter.hpp      :  93)   131072 reads processed
  0:00:01.615   268M / 268M  INFO    General                 (binary_converter.hpp      :  93)   262144 reads processed
  0:00:04.119   372M / 372M  INFO    General                 (binary_converter.hpp      :  93)   524288 reads processed
  0:00:09.094   416M / 416M  INFO    General                 (binary_converter.hpp      :  93)   1048576 reads processed
  0:00:18.033   424M / 428M  INFO    General                 (binary_converter.hpp      :  93)   2097152 reads processed
  0:00:27.393   380M / 428M  INFO    General                 (binary_converter.hpp      : 117)   3064220 reads written
  0:00:27.572     4M / 428M  INFO    General                 (read_converter.hpp        :  87)   Converting single reads
  0:00:27.678   132M / 428M  INFO    General                 (binary_converter.hpp      : 117)   6938 reads written
  0:00:27.685     4M / 428M  INFO    General                 (read_converter.hpp        :  95)   Converting merged reads
  0:00:27.759   132M / 428M  INFO    General                 (binary_converter.hpp      : 117)   0 reads written
  0:00:27.765     4M / 428M  INFO    General                 (construction.cpp          : 111)   Max read length 151
  0:00:27.766     4M / 428M  INFO    General                 (construction.cpp          : 117)   Average read length 149.574
  0:00:27.766     4M / 428M  INFO    General                 (stage.cpp                 : 101)   PROCEDURE == k+1-mer counting
  0:00:27.766     4M / 428M  INFO    General                 (kmer_index_builder.hpp    : 117)   Splitting kmer instances into 256 files using 16 threads. This might take a while.
  0:00:27.766     4M / 428M  INFO    General                 (file_limit.hpp            :  32)   Open file limit set to 1024
  0:00:27.766     4M / 428M  INFO    General                 (kmer_splitters.hpp        :  89)   Memory available for splitting buffers: 1.29159 Gb
  0:00:27.766     4M / 428M  INFO    General                 (kmer_splitters.hpp        :  97)   Using cell size of 262144
  0:00:35.719     8G / 9G    INFO    General                 (kmer_splitters.hpp        : 289)   Processed 12270756 reads
  0:00:35.720     8G / 9G    INFO    General                 (kmer_splitters.hpp        : 295)   Adding contigs from previous K
  0:00:36.193    64M / 9G    INFO    General                 (kmer_splitters.hpp        : 308)   Used 12270756 reads
  0:00:36.193    64M / 9G    INFO    General                 (kmer_index_builder.hpp    : 120)   Starting k-mer counting.
  0:00:36.310    64M / 9G    INFO    General                 (kmer_index_builder.hpp    : 127)   K-mer counting done. There are 7798131 kmers in total.
  0:00:36.311    64M / 9G    INFO    General                 (kmer_index_builder.hpp    : 133)   Merging temporary buckets.
  0:00:36.352    64M / 9G    INFO    General                 (stage.cpp                 : 101)   PROCEDURE == Extension index construction
  0:00:36.352    64M / 9G    INFO   K-mer Index Building     (kmer_index_builder.hpp    : 301)   Building kmer index
  0:00:36.352    64M / 9G    INFO    General                 (kmer_index_builder.hpp    : 117)   Splitting kmer instances into 256 files using 16 threads. This might take a while.
  0:00:36.352    64M / 9G    INFO    General                 (file_limit.hpp            :  32)   Open file limit set to 1024
  0:00:36.352    64M / 9G    INFO    General                 (kmer_splitters.hpp        :  89)   Memory available for splitting buffers: 1.29036 Gb
  0:00:36.352    64M / 9G    INFO    General                 (kmer_splitters.hpp        :  97)   Using cell size of 262144
  0:00:36.740     8G / 9G    INFO    General                 (kmer_splitters.hpp        : 380)   Processed 7798131 kmers
  0:00:36.740     8G / 9G    INFO    General                 (kmer_splitters.hpp        : 385)   Used 7798131 kmers.
  0:00:36.821    64M / 9G    INFO    General                 (kmer_index_builder.hpp    : 120)   Starting k-mer counting.
  0:00:36.918    64M / 9G    INFO    General                 (kmer_index_builder.hpp    : 127)   K-mer counting done. There are 7722371 kmers in total.
  0:00:36.918    64M / 9G    INFO    General                 (kmer_index_builder.hpp    : 133)   Merging temporary buckets.
  0:00:36.959    64M / 9G    INFO   K-mer Index Building     (kmer_index_builder.hpp    : 314)   Building perfect hash indices
  0:00:37.154    64M / 9G    INFO    General                 (kmer_index_builder.hpp    : 150)   Merging final buckets.
  0:00:37.418    64M / 9G    INFO   K-mer Index Building     (kmer_index_builder.hpp    : 336)   Index built. Total 3589232 bytes occupied (3.71827 bits per kmer).
  0:00:37.428    72M / 9G    INFO   DeBruijnExtensionIndexBu (kmer_extension_index_build:  99)   Building k-mer extensions from k+1-mers
  0:00:37.666    72M / 9G    INFO   DeBruijnExtensionIndexBu (kmer_extension_index_build: 103)   Building k-mer extensions from k+1-mers finished.
  0:00:37.666    72M / 9G    INFO    General                 (stage.cpp                 : 101)   PROCEDURE == Early tip clipping
  0:00:37.666    72M / 9G    INFO    General                 (construction.cpp          : 253)   Early tip clipper length bound set as (RL - K)
  0:00:37.666    72M / 9G    INFO   Early tip clipping       (early_simplification.hpp  : 181)   Early tip clipping
  0:00:38.065    72M / 9G    INFO   Early tip clipping       (early_simplification.hpp  : 184)   1147231 22-mers were removed by early tip clipper
  0:00:38.065    72M / 9G    INFO    General                 (stage.cpp                 : 101)   PROCEDURE == Condensing graph
  0:00:38.082    72M / 9G    INFO   UnbranchingPathExtractor (debruijn_graph_constructor: 355)   Extracting unbranching paths
  0:00:38.287    80M / 9G    INFO   UnbranchingPathExtractor (debruijn_graph_constructor: 374)   Extracting unbranching paths finished. 226698 sequences extracted
  0:00:38.395    80M / 9G    INFO   UnbranchingPathExtractor (debruijn_graph_constructor: 310)   Collecting perfect loops
  0:00:38.447    80M / 9G    INFO   UnbranchingPathExtractor (debruijn_graph_constructor: 343)   Collecting perfect loops finished. 2 loops collected
  0:00:38.515   132M / 9G    INFO    General                 (stage.cpp                 : 101)   PROCEDURE == Filling coverage indices (PHM)
  0:00:38.515   132M / 9G    INFO   K-mer Index Building     (kmer_index_builder.hpp    : 301)   Building kmer index
  0:00:38.515   132M / 9G    INFO   K-mer Index Building     (kmer_index_builder.hpp    : 314)   Building perfect hash indices
  0:00:38.699   144M / 9G    INFO   K-mer Index Building     (kmer_index_builder.hpp    : 336)   Index built. Total 3624360 bytes occupied (3.71818 bits per kmer).
  0:00:38.723   176M / 9G    INFO    General                 (construction.cpp          : 388)   Collecting k-mer coverage information from reads, this takes a while.
  0:00:47.855   176M / 9G    INFO    General                 (construction.cpp          : 508)   Filling coverage and flanking coverage from PHM
  0:00:48.002   176M / 9G    INFO    General                 (construction.cpp          : 464)   Processed 453287 edges
  0:00:48.025   112M / 9G    INFO   StageManager             (stage.cpp                 : 132)   STAGE == EC Threshold Finding
  0:00:48.026   116M / 9G    INFO    General                 (kmer_coverage_model.cpp   : 181)   Kmer coverage valley at: 6
  0:00:48.026   112M / 9G    INFO    General                 (kmer_coverage_model.cpp   : 201)   K-mer histogram maximum: 141
  0:00:48.026   112M / 9G    INFO    General                 (kmer_coverage_model.cpp   : 237)   Estimated median coverage: 147. Coverage mad: 31.1346
  0:00:48.026   112M / 9G    INFO    General                 (kmer_coverage_model.cpp   : 259)   Fitting coverage model
  0:00:48.217   116M / 9G    INFO    General                 (kmer_coverage_model.cpp   : 295)   ... iteration 2
  0:00:48.786   116M / 9G    INFO    General                 (kmer_coverage_model.cpp   : 295)   ... iteration 4
  0:00:50.858   116M / 9G    INFO    General                 (kmer_coverage_model.cpp   : 295)   ... iteration 8
  0:00:52.989   116M / 9G    INFO    General                 (kmer_coverage_model.cpp   : 309)   Fitted mean coverage: 148.412. Fitted coverage std. dev: 27.9527
  0:00:52.994   116M / 9G    INFO    General                 (kmer_coverage_model.cpp   : 334)   Probability of erroneous kmer at valley: 0.999996
  0:00:52.994   116M / 9G    INFO    General                 (kmer_coverage_model.cpp   : 358)   Preliminary threshold calculated as: 50
  0:00:52.994   116M / 9G    INFO    General                 (kmer_coverage_model.cpp   : 362)   Threshold adjusted to: 50
  0:00:52.994   116M / 9G    INFO    General                 (kmer_coverage_model.cpp   : 375)   Estimated genome size (ignoring repeats): 5086708
  0:00:52.994   112M / 9G    INFO    General                 (genomic_info_filler.cpp   : 112)   Mean coverage was calculated as 148.412
  0:00:52.994   112M / 9G    INFO    General                 (genomic_info_filler.cpp   : 127)   EC coverage threshold value was calculated as 50
  0:00:52.994   112M / 9G    INFO    General                 (genomic_info_filler.cpp   : 128)   Trusted kmer low bound: 0
  0:00:52.994   112M / 9G    INFO   StageManager             (stage.cpp                 : 132)   STAGE == Raw Simplification
  0:00:52.994   112M / 9G    INFO    General                 (simplification.cpp        : 128)   PROCEDURE == InitialCleaning
  0:00:52.995   112M / 9G    INFO    General                 (graph_simplification.hpp  : 669)   Flanking coverage based disconnection disabled
  0:00:52.995   112M / 9G    INFO   Simplification           (parallel_processing.hpp   : 165)   Running Self conjugate edge remover
  0:00:53.003   112M / 9G    INFO   Simplification           (parallel_processing.hpp   : 167)   Self conjugate edge remover triggered 0 times
  0:00:53.003   112M / 9G    INFO   Simplification           (parallel_processing.hpp   : 165)   Running Initial tip clipper
  0:00:53.026    84M / 9G    INFO   Simplification           (parallel_processing.hpp   : 167)   Initial tip clipper triggered 745 times
  0:00:53.026    84M / 9G    INFO   Simplification           (parallel_processing.hpp   : 165)   Running Initial ec remover
  0:00:54.212    92M / 9G    INFO   Simplification           (parallel_processing.hpp   : 167)   Initial ec remover triggered 67190 times
  0:00:54.213    92M / 9G    INFO   Simplification           (parallel_processing.hpp   : 165)   Running Initial isolated edge remover
  0:00:54.218    92M / 9G    INFO   Simplification           (parallel_processing.hpp   : 167)   Initial isolated edge remover triggered 588 times
  0:00:54.226    88M / 9G    INFO   StageManager             (stage.cpp                 : 132)   STAGE == Simplification
  0:00:54.226    88M / 9G    INFO    General                 (simplification.cpp        : 357)   Graph simplification started
  0:00:54.226    88M / 9G    INFO    General                 (graph_simplification.hpp  : 641)   Creating parallel br instance
  0:00:54.226    88M / 9G    INFO    General                 (simplification.cpp        : 362)   PROCEDURE == Simplification cycle, iteration 1
  0:00:54.226    88M / 9G    INFO   Simplification           (parallel_processing.hpp   : 165)   Running Tip clipper
  0:00:54.229    88M / 9G    INFO   Simplification           (parallel_processing.hpp   : 167)   Tip clipper triggered 186 times
  0:00:54.229    88M / 9G    INFO   Simplification           (parallel_processing.hpp   : 165)   Running Bulge remover
  0:00:54.453    84M / 9G    INFO   Simplification           (parallel_processing.hpp   : 167)   Bulge remover triggered 4155 times
  0:00:54.453    84M / 9G    INFO   Simplification           (parallel_processing.hpp   : 165)   Running Low coverage edge remover
  0:00:54.552    76M / 9G    INFO   Simplification           (parallel_processing.hpp   : 167)   Low coverage edge remover triggered 2995 times
  0:00:54.552    76M / 9G    INFO    General                 (simplification.cpp        : 362)   PROCEDURE == Simplification cycle, iteration 2
  0:00:54.552    76M / 9G    INFO   Simplification           (parallel_processing.hpp   : 165)   Running Tip clipper
  0:00:54.554    76M / 9G    INFO   Simplification           (parallel_processing.hpp   : 167)   Tip clipper triggered 56 times
  0:00:54.554    76M / 9G    INFO   Simplification           (parallel_processing.hpp   : 165)   Running Bulge remover
  0:00:54.562    76M / 9G    INFO   Simplification           (parallel_processing.hpp   : 167)   Bulge remover triggered 125 times
  0:00:54.563    76M / 9G    INFO   Simplification           (parallel_processing.hpp   : 165)   Running Low coverage edge remover
  0:00:54.570    76M / 9G    INFO   Simplification           (parallel_processing.hpp   : 167)   Low coverage edge remover triggered 171 times
  0:00:54.570    76M / 9G    INFO    General                 (simplification.cpp        : 362)   PROCEDURE == Simplification cycle, iteration 3
  0:00:54.570    76M / 9G    INFO   Simplification           (parallel_processing.hpp   : 165)   Running Tip clipper
  0:00:54.570    76M / 9G    INFO   Simplification           (parallel_processing.hpp   : 167)   Tip clipper triggered 1 times
  0:00:54.570    76M / 9G    INFO   Simplification           (parallel_processing.hpp   : 165)   Running Bulge remover
  0:00:54.573    76M / 9G    INFO   Simplification           (parallel_processing.hpp   : 167)   Bulge remover triggered 46 times
  0:00:54.573    76M / 9G    INFO   Simplification           (parallel_processing.hpp   : 165)   Running Low coverage edge remover
  0:00:54.574    76M / 9G    INFO   Simplification           (parallel_processing.hpp   : 167)   Low coverage edge remover triggered 31 times
  0:00:54.574    76M / 9G    INFO    General                 (simplification.cpp        : 362)   PROCEDURE == Simplification cycle, iteration 4
  0:00:54.574    76M / 9G    INFO   Simplification           (parallel_processing.hpp   : 165)   Running Tip clipper
  0:00:54.574    76M / 9G    INFO   Simplification           (parallel_processing.hpp   : 167)   Tip clipper triggered 0 times
  0:00:54.574    76M / 9G    INFO   Simplification           (parallel_processing.hpp   : 165)   Running Bulge remover
  0:00:54.574    76M / 9G    INFO   Simplification           (parallel_processing.hpp   : 167)   Bulge remover triggered 15 times
  0:00:54.574    76M / 9G    INFO   Simplification           (parallel_processing.hpp   : 165)   Running Low coverage edge remover
  0:00:54.575    76M / 9G    INFO   Simplification           (parallel_processing.hpp   : 167)   Low coverage edge remover triggered 12 times
  0:00:54.575    76M / 9G    INFO    General                 (simplification.cpp        : 362)   PROCEDURE == Simplification cycle, iteration 5
  0:00:54.575    76M / 9G    INFO   Simplification           (parallel_processing.hpp   : 165)   Running Tip clipper
  0:00:54.575    76M / 9G    INFO   Simplification           (parallel_processing.hpp   : 167)   Tip clipper triggered 0 times
  0:00:54.575    76M / 9G    INFO   Simplification           (parallel_processing.hpp   : 165)   Running Bulge remover
  0:00:54.575    76M / 9G    INFO   Simplification           (parallel_processing.hpp   : 167)   Bulge remover triggered 3 times
  0:00:54.575    76M / 9G    INFO   Simplification           (parallel_processing.hpp   : 165)   Running Low coverage edge remover
  0:00:54.575    76M / 9G    INFO   Simplification           (parallel_processing.hpp   : 167)   Low coverage edge remover triggered 8 times
  0:00:54.575    76M / 9G    INFO    General                 (simplification.cpp        : 362)   PROCEDURE == Simplification cycle, iteration 6
  0:00:54.575    76M / 9G    INFO   Simplification           (parallel_processing.hpp   : 165)   Running Tip clipper
  0:00:54.575    76M / 9G    INFO   Simplification           (parallel_processing.hpp   : 167)   Tip clipper triggered 0 times
  0:00:54.576    76M / 9G    INFO   Simplification           (parallel_processing.hpp   : 165)   Running Bulge remover
  0:00:54.576    76M / 9G    INFO   Simplification           (parallel_processing.hpp   : 167)   Bulge remover triggered 2 times
  0:00:54.576    76M / 9G    INFO   Simplification           (parallel_processing.hpp   : 165)   Running Low coverage edge remover
  0:00:54.576    76M / 9G    INFO   Simplification           (parallel_processing.hpp   : 167)   Low coverage edge remover triggered 5 times
  0:00:54.576    76M / 9G    INFO    General                 (simplification.cpp        : 362)   PROCEDURE == Simplification cycle, iteration 7
  0:00:54.576    76M / 9G    INFO   Simplification           (parallel_processing.hpp   : 165)   Running Tip clipper
  0:00:54.576    76M / 9G    INFO   Simplification           (parallel_processing.hpp   : 167)   Tip clipper triggered 0 times
  0:00:54.576    76M / 9G    INFO   Simplification           (parallel_processing.hpp   : 165)   Running Bulge remover
  0:00:54.576    76M / 9G    INFO   Simplification           (parallel_processing.hpp   : 167)   Bulge remover triggered 1 times
  0:00:54.576    76M / 9G    INFO   Simplification           (parallel_processing.hpp   : 165)   Running Low coverage edge remover
  0:00:54.576    76M / 9G    INFO   Simplification           (parallel_processing.hpp   : 167)   Low coverage edge remover triggered 4 times
  0:00:54.576    76M / 9G    INFO    General                 (simplification.cpp        : 362)   PROCEDURE == Simplification cycle, iteration 8
  0:00:54.576    76M / 9G    INFO   Simplification           (parallel_processing.hpp   : 165)   Running Tip clipper
  0:00:54.576    76M / 9G    INFO   Simplification           (parallel_processing.hpp   : 167)   Tip clipper triggered 0 times
  0:00:54.576    76M / 9G    INFO   Simplification           (parallel_processing.hpp   : 165)   Running Bulge remover
  0:00:54.576    76M / 9G    INFO   Simplification           (parallel_processing.hpp   : 167)   Bulge remover triggered 1 times
  0:00:54.577    76M / 9G    INFO   Simplification           (parallel_processing.hpp   : 165)   Running Low coverage edge remover
  0:00:54.577    76M / 9G    INFO   Simplification           (parallel_processing.hpp   : 167)   Low coverage edge remover triggered 8 times
  0:00:54.577    76M / 9G    INFO    General                 (simplification.cpp        : 362)   PROCEDURE == Simplification cycle, iteration 9
  0:00:54.577    76M / 9G    INFO   Simplification           (parallel_processing.hpp   : 165)   Running Tip clipper
  0:00:54.577    76M / 9G    INFO   Simplification           (parallel_processing.hpp   : 167)   Tip clipper triggered 0 times
  0:00:54.577    76M / 9G    INFO   Simplification           (parallel_processing.hpp   : 165)   Running Bulge remover
  0:00:54.577    76M / 9G    INFO   Simplification           (parallel_processing.hpp   : 167)   Bulge remover triggered 2 times
  0:00:54.577    76M / 9G    INFO   Simplification           (parallel_processing.hpp   : 165)   Running Low coverage edge remover
  0:00:54.577    76M / 9G    INFO   Simplification           (parallel_processing.hpp   : 167)   Low coverage edge remover triggered 5 times
  0:00:54.577    76M / 9G    INFO    General                 (simplification.cpp        : 362)   PROCEDURE == Simplification cycle, iteration 10
  0:00:54.577    76M / 9G    INFO   Simplification           (parallel_processing.hpp   : 165)   Running Tip clipper
  0:00:54.577    76M / 9G    INFO   Simplification           (parallel_processing.hpp   : 167)   Tip clipper triggered 0 times
  0:00:54.577    76M / 9G    INFO   Simplification           (parallel_processing.hpp   : 165)   Running Bulge remover
  0:00:54.577    76M / 9G    INFO   Simplification           (parallel_processing.hpp   : 167)   Bulge remover triggered 0 times
  0:00:54.577    76M / 9G    INFO   Simplification           (parallel_processing.hpp   : 165)   Running Low coverage edge remover
  0:00:54.578    76M / 9G    INFO   Simplification           (parallel_processing.hpp   : 167)   Low coverage edge remover triggered 3 times
  0:00:54.578    76M / 9G    INFO    General                 (simplification.cpp        : 362)   PROCEDURE == Simplification cycle, iteration 11
  0:00:54.578    76M / 9G    INFO   Simplification           (parallel_processing.hpp   : 165)   Running Tip clipper
  0:00:54.578    76M / 9G    INFO   Simplification           (parallel_processing.hpp   : 167)   Tip clipper triggered 0 times
  0:00:54.578    76M / 9G    INFO   Simplification           (parallel_processing.hpp   : 165)   Running Bulge remover
  0:00:54.586    76M / 9G    INFO   Simplification           (parallel_processing.hpp   : 167)   Bulge remover triggered 2 times
  0:00:54.586    76M / 9G    INFO   Simplification           (parallel_processing.hpp   : 165)   Running Low coverage edge remover
  0:00:54.588    76M / 9G    INFO   Simplification           (parallel_processing.hpp   : 167)   Low coverage edge remover triggered 0 times
  0:00:54.589    76M / 9G    INFO    General                 (simplification.cpp        : 362)   PROCEDURE == Simplification cycle, iteration 12
  0:00:54.589    76M / 9G    INFO   Simplification           (parallel_processing.hpp   : 165)   Running Tip clipper
  0:00:54.589    76M / 9G    INFO   Simplification           (parallel_processing.hpp   : 167)   Tip clipper triggered 0 times
  0:00:54.589    76M / 9G    INFO   Simplification           (parallel_processing.hpp   : 165)   Running Bulge remover
  0:00:54.589    76M / 9G    INFO   Simplification           (parallel_processing.hpp   : 167)   Bulge remover triggered 0 times
  0:00:54.589    76M / 9G    INFO   Simplification           (parallel_processing.hpp   : 165)   Running Low coverage edge remover
  0:00:54.589    76M / 9G    INFO   Simplification           (parallel_processing.hpp   : 167)   Low coverage edge remover triggered 0 times
  0:00:54.589    76M / 9G    INFO   StageManager             (stage.cpp                 : 132)   STAGE == Simplification Cleanup
  0:00:54.589    76M / 9G    INFO    General                 (simplification.cpp        : 196)   PROCEDURE == Post simplification
  0:00:54.589    76M / 9G    INFO    General                 (graph_simplification.hpp  : 458)   Disconnection of relatively low covered edges disabled
  0:00:54.589    76M / 9G    INFO    General                 (graph_simplification.hpp  : 494)   Complex tip clipping disabled
  0:00:54.589    76M / 9G    INFO    General                 (graph_simplification.hpp  : 641)   Creating parallel br instance
  0:00:54.589    76M / 9G    INFO   Simplification           (parallel_processing.hpp   : 165)   Running Tip clipper
  0:00:54.589    76M / 9G    INFO   Simplification           (parallel_processing.hpp   : 167)   Tip clipper triggered 0 times
  0:00:54.589    76M / 9G    INFO   Simplification           (parallel_processing.hpp   : 165)   Running Bulge remover
  0:00:54.594    76M / 9G    INFO   Simplification           (parallel_processing.hpp   : 167)   Bulge remover triggered 0 times
  0:00:54.594    76M / 9G    INFO   Simplification           (parallel_processing.hpp   : 165)   Running Tip clipper
  0:00:54.595    76M / 9G    INFO   Simplification           (parallel_processing.hpp   : 167)   Tip clipper triggered 0 times
  0:00:54.595    76M / 9G    INFO   Simplification           (parallel_processing.hpp   : 165)   Running Bulge remover
  0:00:54.600    76M / 9G    INFO   Simplification           (parallel_processing.hpp   : 167)   Bulge remover triggered 0 times
  0:00:54.600    76M / 9G    INFO    General                 (simplification.cpp        : 330)   Disrupting self-conjugate edges
  0:00:54.602    76M / 9G    INFO   Simplification           (parallel_processing.hpp   : 165)   Running Removing isolated edges
  0:00:54.602    76M / 9G    INFO   Simplification           (parallel_processing.hpp   : 167)   Removing isolated edges triggered 2 times
  0:00:54.602    76M / 9G    INFO    General                 (simplification.cpp        : 470)   Counting average coverage
  0:00:54.602    76M / 9G    INFO    General                 (simplification.cpp        : 476)   Average coverage = 154.651
  0:00:54.602    76M / 9G    INFO   StageManager             (stage.cpp                 : 132)   STAGE == Contig Output
  0:00:54.603    76M / 9G    INFO    General                 (contig_output.hpp         :  22)   Outputting contigs to /data/djs217/PROJECTS/42_Xanthomonas/xanthomonas-euvesicatoria-serbia/01-genome-de-novo-assembly/SRR24958751_plasmid_assembly//K21/simplified_contigs.fasta
  0:00:54.650    76M / 9G    INFO    General                 (launch.hpp                : 151)   SPAdes finished
  0:00:54.676    68M / 9G    INFO    General                 (main.cpp                  : 109)   Assembling time: 0 hours 0 minutes 54 seconds
Max read length detected as 151
Default k-mer sizes were set to [21, 33, 55, 77] because estimated read length (151) is equal to or greater than 150

== Running assembler: K33

  0:00:00.000     4M / 4M    INFO    General                 (main.cpp                  :  74)   Loaded config from /data/djs217/PROJECTS/42_Xanthomonas/xanthomonas-euvesicatoria-serbia/01-genome-de-novo-assembly/SRR24958751_plasmid_assembly/K33/configs/config.info
  0:00:00.000     4M / 4M    INFO    General                 (main.cpp                  :  74)   Loaded config from /data/djs217/PROJECTS/42_Xanthomonas/xanthomonas-euvesicatoria-serbia/01-genome-de-novo-assembly/SRR24958751_plasmid_assembly/K33/configs/plasmid_mode.info
  0:00:00.000     4M / 4M    INFO    General                 (memory_limit.cpp          :  49)   Memory limit set to 62 Gb
  0:00:00.000     4M / 4M    INFO    General                 (main.cpp                  :  84)   Starting SPAdes, built from N/A, git revision N/A
  0:00:00.000     4M / 4M    INFO    General                 (main.cpp                  :  88)   Maximum k-mer length: 128
  0:00:00.000     4M / 4M    INFO    General                 (main.cpp                  :  89)   Assembling dataset (/data/djs217/PROJECTS/42_Xanthomonas/xanthomonas-euvesicatoria-serbia/01-genome-de-novo-assembly/SRR24958751_plasmid_assembly/dataset.info) with K=33
  0:00:00.000     4M / 4M    INFO    General                 (main.cpp                  :  90)   Maximum # of threads to use (adjusted due to OMP capabilities): 16
  0:00:00.000     4M / 4M    INFO    General                 (launch.hpp                :  52)   SPAdes started
  0:00:00.000     4M / 4M    INFO    General                 (launch.hpp                :  59)   Starting from stage: construction
  0:00:00.000     4M / 4M    INFO    General                 (launch.hpp                :  66)   Two-step RR enabled: 0
  0:00:00.000     4M / 4M    INFO   StageManager             (stage.cpp                 : 132)   STAGE == de Bruijn graph construction
  0:00:00.001     4M / 4M    INFO    General                 (read_converter.hpp        :  59)   Binary reads detected
  0:00:00.002     4M / 4M    INFO    General                 (construction.cpp          : 111)   Max read length 151
  0:00:00.002     4M / 4M    INFO    General                 (construction.cpp          : 117)   Average read length 149.574
  0:00:00.002     4M / 4M    INFO    General                 (stage.cpp                 : 101)   PROCEDURE == k+1-mer counting
  0:00:00.002     4M / 4M    INFO    General                 (kmer_index_builder.hpp    : 117)   Splitting kmer instances into 256 files using 16 threads. This might take a while.
  0:00:00.002     4M / 4M    INFO    General                 (file_limit.hpp            :  32)   Open file limit set to 1024
  0:00:00.002     4M / 4M    INFO    General                 (kmer_splitters.hpp        :  89)   Memory available for splitting buffers: 1.29159 Gb
  0:00:00.002     4M / 4M    INFO    General                 (kmer_splitters.hpp        :  97)   Using cell size of 131072
  0:00:06.673     8G / 9G    INFO    General                 (kmer_splitters.hpp        : 289)   Processed 9020267 reads
  0:00:08.961     8G / 9G    INFO    General                 (kmer_splitters.hpp        : 289)   Processed 12270756 reads
  0:00:08.961     8G / 9G    INFO    General                 (kmer_splitters.hpp        : 295)   Adding contigs from previous K
  0:00:10.058    64M / 9G    INFO    General                 (kmer_splitters.hpp        : 308)   Used 12270756 reads
  0:00:10.058    64M / 9G    INFO    General                 (kmer_index_builder.hpp    : 120)   Starting k-mer counting.
  0:00:10.193    64M / 9G    INFO    General                 (kmer_index_builder.hpp    : 127)   K-mer counting done. There are 8513417 kmers in total.
  0:00:10.193    64M / 9G    INFO    General                 (kmer_index_builder.hpp    : 133)   Merging temporary buckets.
  0:00:10.291    64M / 9G    INFO    General                 (stage.cpp                 : 101)   PROCEDURE == Extension index construction
  0:00:10.291    64M / 9G    INFO   K-mer Index Building     (kmer_index_builder.hpp    : 301)   Building kmer index
  0:00:10.291    64M / 9G    INFO    General                 (kmer_index_builder.hpp    : 117)   Splitting kmer instances into 256 files using 16 threads. This might take a while.
  0:00:10.291    64M / 9G    INFO    General                 (file_limit.hpp            :  32)   Open file limit set to 1024
  0:00:10.291    64M / 9G    INFO    General                 (kmer_splitters.hpp        :  89)   Memory available for splitting buffers: 1.29036 Gb
  0:00:10.291    64M / 9G    INFO    General                 (kmer_splitters.hpp        :  97)   Using cell size of 131072
  0:00:10.723     8G / 9G    INFO    General                 (kmer_splitters.hpp        : 380)   Processed 8513417 kmers
  0:00:10.723     8G / 9G    INFO    General                 (kmer_splitters.hpp        : 385)   Used 8513417 kmers.
  0:00:10.823    64M / 9G    INFO    General                 (kmer_index_builder.hpp    : 120)   Starting k-mer counting.
  0:00:10.949    64M / 9G    INFO    General                 (kmer_index_builder.hpp    : 127)   K-mer counting done. There are 8464562 kmers in total.
  0:00:10.949    64M / 9G    INFO    General                 (kmer_index_builder.hpp    : 133)   Merging temporary buckets.
  0:00:11.049    64M / 9G    INFO   K-mer Index Building     (kmer_index_builder.hpp    : 314)   Building perfect hash indices
  0:00:11.259    64M / 9G    INFO    General                 (kmer_index_builder.hpp    : 150)   Merging final buckets.
  0:00:11.769    64M / 9G    INFO   K-mer Index Building     (kmer_index_builder.hpp    : 336)   Index built. Total 3933288 bytes occupied (3.71742 bits per kmer).
  0:00:11.777    76M / 9G    INFO   DeBruijnExtensionIndexBu (kmer_extension_index_build:  99)   Building k-mer extensions from k+1-mers
  0:00:12.068    76M / 9G    INFO   DeBruijnExtensionIndexBu (kmer_extension_index_build: 103)   Building k-mer extensions from k+1-mers finished.
  0:00:12.069    76M / 9G    INFO    General                 (stage.cpp                 : 101)   PROCEDURE == Early tip clipping
  0:00:12.069    76M / 9G    INFO    General                 (construction.cpp          : 253)   Early tip clipper length bound set as (RL - K)
  0:00:12.069    76M / 9G    INFO   Early tip clipping       (early_simplification.hpp  : 181)   Early tip clipping
  0:00:12.491    76M / 9G    INFO   Early tip clipping       (early_simplification.hpp  : 184)   1652921 34-mers were removed by early tip clipper
  0:00:12.491    76M / 9G    INFO    General                 (stage.cpp                 : 101)   PROCEDURE == Condensing graph
  0:00:12.506    76M / 9G    INFO   UnbranchingPathExtractor (debruijn_graph_constructor: 355)   Extracting unbranching paths
  0:00:12.725    84M / 9G    INFO   UnbranchingPathExtractor (debruijn_graph_constructor: 374)   Extracting unbranching paths finished. 154626 sequences extracted
  0:00:12.839    84M / 9G    INFO   UnbranchingPathExtractor (debruijn_graph_constructor: 310)   Collecting perfect loops
  0:00:12.898    84M / 9G    INFO   UnbranchingPathExtractor (debruijn_graph_constructor: 343)   Collecting perfect loops finished. 1 loops collected
  0:00:12.950    84M / 9G    INFO    General                 (stage.cpp                 : 101)   PROCEDURE == Filling coverage indices (PHM)
  0:00:12.950    84M / 9G    INFO   K-mer Index Building     (kmer_index_builder.hpp    : 301)   Building kmer index
  0:00:12.950    84M / 9G    INFO   K-mer Index Building     (kmer_index_builder.hpp    : 314)   Building perfect hash indices
  0:00:13.124    96M / 9G    INFO   K-mer Index Building     (kmer_index_builder.hpp    : 336)   Index built. Total 3955832 bytes occupied (3.71727 bits per kmer).
  0:00:13.157   132M / 9G    INFO    General                 (construction.cpp          : 388)   Collecting k-mer coverage information from reads, this takes a while.
  0:00:21.547   128M / 9G    INFO    General                 (construction.cpp          : 508)   Filling coverage and flanking coverage from PHM
  0:00:21.698   128M / 9G    INFO    General                 (construction.cpp          : 464)   Processed 309241 edges
  0:00:21.731    72M / 9G    INFO   StageManager             (stage.cpp                 : 132)   STAGE == EC Threshold Finding
  0:00:21.732    72M / 9G    INFO    General                 (kmer_coverage_model.cpp   : 181)   Kmer coverage valley at: 7
  0:00:21.732    72M / 9G    INFO    General                 (kmer_coverage_model.cpp   : 201)   K-mer histogram maximum: 126
  0:00:21.732    72M / 9G    INFO    General                 (kmer_coverage_model.cpp   : 237)   Estimated median coverage: 133. Coverage mad: 28.1694
  0:00:21.732    72M / 9G    INFO    General                 (kmer_coverage_model.cpp   : 259)   Fitting coverage model
  0:00:21.913    72M / 9G    INFO    General                 (kmer_coverage_model.cpp   : 295)   ... iteration 2
  0:00:22.420    72M / 9G    INFO    General                 (kmer_coverage_model.cpp   : 295)   ... iteration 4
  0:00:24.376    72M / 9G    INFO    General                 (kmer_coverage_model.cpp   : 295)   ... iteration 8
  0:00:27.073    72M / 9G    INFO    General                 (kmer_coverage_model.cpp   : 309)   Fitted mean coverage: 134.284. Fitted coverage std. dev: 25.7029
  0:00:27.078    72M / 9G    INFO    General                 (kmer_coverage_model.cpp   : 334)   Probability of erroneous kmer at valley: 0.999985
  0:00:27.078    72M / 9G    INFO    General                 (kmer_coverage_model.cpp   : 358)   Preliminary threshold calculated as: 45
  0:00:27.078    72M / 9G    INFO    General                 (kmer_coverage_model.cpp   : 362)   Threshold adjusted to: 45
  0:00:27.078    72M / 9G    INFO    General                 (kmer_coverage_model.cpp   : 375)   Estimated genome size (ignoring repeats): 5098053
  0:00:27.078    72M / 9G    INFO    General                 (genomic_info_filler.cpp   : 112)   Mean coverage was calculated as 134.284
  0:00:27.078    72M / 9G    INFO    General                 (genomic_info_filler.cpp   : 127)   EC coverage threshold value was calculated as 45
  0:00:27.078    72M / 9G    INFO    General                 (genomic_info_filler.cpp   : 128)   Trusted kmer low bound: 0
  0:00:27.078    72M / 9G    INFO   StageManager             (stage.cpp                 : 132)   STAGE == Raw Simplification
  0:00:27.078    72M / 9G    INFO    General                 (simplification.cpp        : 128)   PROCEDURE == InitialCleaning
  0:00:27.079    72M / 9G    INFO    General                 (graph_simplification.hpp  : 669)   Flanking coverage based disconnection disabled
  0:00:27.079    72M / 9G    INFO   Simplification           (parallel_processing.hpp   : 165)   Running Self conjugate edge remover
  0:00:27.085    72M / 9G    INFO   Simplification           (parallel_processing.hpp   : 167)   Self conjugate edge remover triggered 0 times
  0:00:27.085    72M / 9G    INFO   Simplification           (parallel_processing.hpp   : 165)   Running Initial tip clipper
  0:00:27.109    68M / 9G    INFO   Simplification           (parallel_processing.hpp   : 167)   Initial tip clipper triggered 1339 times
  0:00:27.109    68M / 9G    INFO   Simplification           (parallel_processing.hpp   : 165)   Running Initial ec remover
  0:00:27.923    76M / 9G    INFO   Simplification           (parallel_processing.hpp   : 167)   Initial ec remover triggered 46031 times
  0:00:27.924    76M / 9G    INFO   Simplification           (parallel_processing.hpp   : 165)   Running Initial isolated edge remover
  0:00:27.933    76M / 9G    INFO   Simplification           (parallel_processing.hpp   : 167)   Initial isolated edge remover triggered 1608 times
  0:00:27.944    72M / 9G    INFO   StageManager             (stage.cpp                 : 132)   STAGE == Simplification
  0:00:27.944    72M / 9G    INFO    General                 (simplification.cpp        : 357)   Graph simplification started
  0:00:27.944    72M / 9G    INFO    General                 (graph_simplification.hpp  : 641)   Creating parallel br instance
  0:00:27.944    72M / 9G    INFO    General                 (simplification.cpp        : 362)   PROCEDURE == Simplification cycle, iteration 1
  0:00:27.944    72M / 9G    INFO   Simplification           (parallel_processing.hpp   : 165)   Running Tip clipper
  0:00:27.946    72M / 9G    INFO   Simplification           (parallel_processing.hpp   : 167)   Tip clipper triggered 91 times
  0:00:27.946    72M / 9G    INFO   Simplification           (parallel_processing.hpp   : 165)   Running Bulge remover
  0:00:28.028    72M / 9G    INFO   Simplification           (parallel_processing.hpp   : 167)   Bulge remover triggered 2149 times
  0:00:28.028    72M / 9G    INFO   Simplification           (parallel_processing.hpp   : 165)   Running Low coverage edge remover
  0:00:28.132    72M / 9G    INFO   Simplification           (parallel_processing.hpp   : 167)   Low coverage edge remover triggered 1668 times
  0:00:28.132    72M / 9G    INFO    General                 (simplification.cpp        : 362)   PROCEDURE == Simplification cycle, iteration 2
  0:00:28.132    72M / 9G    INFO   Simplification           (parallel_processing.hpp   : 165)   Running Tip clipper
  0:00:28.133    72M / 9G    INFO   Simplification           (parallel_processing.hpp   : 167)   Tip clipper triggered 13 times
  0:00:28.133    72M / 9G    INFO   Simplification           (parallel_processing.hpp   : 165)   Running Bulge remover
  0:00:28.139    72M / 9G    INFO   Simplification           (parallel_processing.hpp   : 167)   Bulge remover triggered 76 times
  0:00:28.139    72M / 9G    INFO   Simplification           (parallel_processing.hpp   : 165)   Running Low coverage edge remover
  0:00:28.153    72M / 9G    INFO   Simplification           (parallel_processing.hpp   : 167)   Low coverage edge remover triggered 167 times
  0:00:28.154    72M / 9G    INFO    General                 (simplification.cpp        : 362)   PROCEDURE == Simplification cycle, iteration 3
  0:00:28.154    72M / 9G    INFO   Simplification           (parallel_processing.hpp   : 165)   Running Tip clipper
  0:00:28.154    72M / 9G    INFO   Simplification           (parallel_processing.hpp   : 167)   Tip clipper triggered 1 times
  0:00:28.154    72M / 9G    INFO   Simplification           (parallel_processing.hpp   : 165)   Running Bulge remover
  0:00:28.158    72M / 9G    INFO   Simplification           (parallel_processing.hpp   : 167)   Bulge remover triggered 58 times
  0:00:28.158    72M / 9G    INFO   Simplification           (parallel_processing.hpp   : 165)   Running Low coverage edge remover
  0:00:28.159    72M / 9G    INFO   Simplification           (parallel_processing.hpp   : 167)   Low coverage edge remover triggered 21 times
  0:00:28.159    72M / 9G    INFO    General                 (simplification.cpp        : 362)   PROCEDURE == Simplification cycle, iteration 4
  0:00:28.159    72M / 9G    INFO   Simplification           (parallel_processing.hpp   : 165)   Running Tip clipper
  0:00:28.159    72M / 9G    INFO   Simplification           (parallel_processing.hpp   : 167)   Tip clipper triggered 0 times
  0:00:28.159    72M / 9G    INFO   Simplification           (parallel_processing.hpp   : 165)   Running Bulge remover
  0:00:28.160    72M / 9G    INFO   Simplification           (parallel_processing.hpp   : 167)   Bulge remover triggered 12 times
  0:00:28.160    72M / 9G    INFO   Simplification           (parallel_processing.hpp   : 165)   Running Low coverage edge remover
  0:00:28.160    72M / 9G    INFO   Simplification           (parallel_processing.hpp   : 167)   Low coverage edge remover triggered 7 times
  0:00:28.161    72M / 9G    INFO    General                 (simplification.cpp        : 362)   PROCEDURE == Simplification cycle, iteration 5
  0:00:28.161    72M / 9G    INFO   Simplification           (parallel_processing.hpp   : 165)   Running Tip clipper
  0:00:28.161    72M / 9G    INFO   Simplification           (parallel_processing.hpp   : 167)   Tip clipper triggered 0 times
  0:00:28.161    72M / 9G    INFO   Simplification           (parallel_processing.hpp   : 165)   Running Bulge remover
  0:00:28.161    72M / 9G    INFO   Simplification           (parallel_processing.hpp   : 167)   Bulge remover triggered 3 times
  0:00:28.161    72M / 9G    INFO   Simplification           (parallel_processing.hpp   : 165)   Running Low coverage edge remover
  0:00:28.161    72M / 9G    INFO   Simplification           (parallel_processing.hpp   : 167)   Low coverage edge remover triggered 5 times
  0:00:28.161    72M / 9G    INFO    General                 (simplification.cpp        : 362)   PROCEDURE == Simplification cycle, iteration 6
  0:00:28.161    72M / 9G    INFO   Simplification           (parallel_processing.hpp   : 165)   Running Tip clipper
  0:00:28.161    72M / 9G    INFO   Simplification           (parallel_processing.hpp   : 167)   Tip clipper triggered 0 times
  0:00:28.161    72M / 9G    INFO   Simplification           (parallel_processing.hpp   : 165)   Running Bulge remover
  0:00:28.161    72M / 9G    INFO   Simplification           (parallel_processing.hpp   : 167)   Bulge remover triggered 0 times
  0:00:28.161    72M / 9G    INFO   Simplification           (parallel_processing.hpp   : 165)   Running Low coverage edge remover
  0:00:28.161    72M / 9G    INFO   Simplification           (parallel_processing.hpp   : 167)   Low coverage edge remover triggered 1 times
  0:00:28.161    72M / 9G    INFO    General                 (simplification.cpp        : 362)   PROCEDURE == Simplification cycle, iteration 7
  0:00:28.161    72M / 9G    INFO   Simplification           (parallel_processing.hpp   : 165)   Running Tip clipper
  0:00:28.162    72M / 9G    INFO   Simplification           (parallel_processing.hpp   : 167)   Tip clipper triggered 0 times
  0:00:28.162    72M / 9G    INFO   Simplification           (parallel_processing.hpp   : 165)   Running Bulge remover
  0:00:28.162    72M / 9G    INFO   Simplification           (parallel_processing.hpp   : 167)   Bulge remover triggered 0 times
  0:00:28.162    72M / 9G    INFO   Simplification           (parallel_processing.hpp   : 165)   Running Low coverage edge remover
  0:00:28.162    72M / 9G    INFO   Simplification           (parallel_processing.hpp   : 167)   Low coverage edge remover triggered 1 times
  0:00:28.162    72M / 9G    INFO    General                 (simplification.cpp        : 362)   PROCEDURE == Simplification cycle, iteration 8
  0:00:28.162    72M / 9G    INFO   Simplification           (parallel_processing.hpp   : 165)   Running Tip clipper
  0:00:28.162    72M / 9G    INFO   Simplification           (parallel_processing.hpp   : 167)   Tip clipper triggered 0 times
  0:00:28.162    72M / 9G    INFO   Simplification           (parallel_processing.hpp   : 165)   Running Bulge remover
  0:00:28.162    72M / 9G    INFO   Simplification           (parallel_processing.hpp   : 167)   Bulge remover triggered 0 times
  0:00:28.162    72M / 9G    INFO   Simplification           (parallel_processing.hpp   : 165)   Running Low coverage edge remover
  0:00:28.163    72M / 9G    INFO   Simplification           (parallel_processing.hpp   : 167)   Low coverage edge remover triggered 7 times
  0:00:28.163    72M / 9G    INFO    General                 (simplification.cpp        : 362)   PROCEDURE == Simplification cycle, iteration 9
  0:00:28.163    72M / 9G    INFO   Simplification           (parallel_processing.hpp   : 165)   Running Tip clipper
  0:00:28.163    72M / 9G    INFO   Simplification           (parallel_processing.hpp   : 167)   Tip clipper triggered 0 times
  0:00:28.163    72M / 9G    INFO   Simplification           (parallel_processing.hpp   : 165)   Running Bulge remover
  0:00:28.163    72M / 9G    INFO   Simplification           (parallel_processing.hpp   : 167)   Bulge remover triggered 0 times
  0:00:28.163    72M / 9G    INFO   Simplification           (parallel_processing.hpp   : 165)   Running Low coverage edge remover
  0:00:28.163    72M / 9G    INFO   Simplification           (parallel_processing.hpp   : 167)   Low coverage edge remover triggered 3 times
  0:00:28.163    72M / 9G    INFO    General                 (simplification.cpp        : 362)   PROCEDURE == Simplification cycle, iteration 10
  0:00:28.164    72M / 9G    INFO   Simplification           (parallel_processing.hpp   : 165)   Running Tip clipper
  0:00:28.164    72M / 9G    INFO   Simplification           (parallel_processing.hpp   : 167)   Tip clipper triggered 0 times
  0:00:28.164    72M / 9G    INFO   Simplification           (parallel_processing.hpp   : 165)   Running Bulge remover
  0:00:28.164    72M / 9G    INFO   Simplification           (parallel_processing.hpp   : 167)   Bulge remover triggered 0 times
  0:00:28.164    72M / 9G    INFO   Simplification           (parallel_processing.hpp   : 165)   Running Low coverage edge remover
  0:00:28.164    72M / 9G    INFO   Simplification           (parallel_processing.hpp   : 167)   Low coverage edge remover triggered 1 times
  0:00:28.164    72M / 9G    INFO    General                 (simplification.cpp        : 362)   PROCEDURE == Simplification cycle, iteration 11
  0:00:28.164    72M / 9G    INFO   Simplification           (parallel_processing.hpp   : 165)   Running Tip clipper
  0:00:28.164    72M / 9G    INFO   Simplification           (parallel_processing.hpp   : 167)   Tip clipper triggered 0 times
  0:00:28.164    72M / 9G    INFO   Simplification           (parallel_processing.hpp   : 165)   Running Bulge remover
  0:00:28.168    72M / 9G    INFO   Simplification           (parallel_processing.hpp   : 167)   Bulge remover triggered 1 times
  0:00:28.168    72M / 9G    INFO   Simplification           (parallel_processing.hpp   : 165)   Running Low coverage edge remover
  0:00:28.168    72M / 9G    INFO   Simplification           (parallel_processing.hpp   : 167)   Low coverage edge remover triggered 0 times
  0:00:28.169    72M / 9G    INFO    General                 (simplification.cpp        : 362)   PROCEDURE == Simplification cycle, iteration 12
  0:00:28.169    72M / 9G    INFO   Simplification           (parallel_processing.hpp   : 165)   Running Tip clipper
  0:00:28.169    72M / 9G    INFO   Simplification           (parallel_processing.hpp   : 167)   Tip clipper triggered 0 times
  0:00:28.169    72M / 9G    INFO   Simplification           (parallel_processing.hpp   : 165)   Running Bulge remover
  0:00:28.169    72M / 9G    INFO   Simplification           (parallel_processing.hpp   : 167)   Bulge remover triggered 0 times
  0:00:28.169    72M / 9G    INFO   Simplification           (parallel_processing.hpp   : 165)   Running Low coverage edge remover
  0:00:28.169    72M / 9G    INFO   Simplification           (parallel_processing.hpp   : 167)   Low coverage edge remover triggered 0 times
  0:00:28.169    72M / 9G    INFO   StageManager             (stage.cpp                 : 132)   STAGE == Simplification Cleanup
  0:00:28.169    72M / 9G    INFO    General                 (simplification.cpp        : 196)   PROCEDURE == Post simplification
  0:00:28.169    72M / 9G    INFO    General                 (graph_simplification.hpp  : 458)   Disconnection of relatively low covered edges disabled
  0:00:28.169    72M / 9G    INFO    General                 (graph_simplification.hpp  : 494)   Complex tip clipping disabled
  0:00:28.169    72M / 9G    INFO    General                 (graph_simplification.hpp  : 641)   Creating parallel br instance
  0:00:28.169    72M / 9G    INFO   Simplification           (parallel_processing.hpp   : 165)   Running Tip clipper
  0:00:28.169    72M / 9G    INFO   Simplification           (parallel_processing.hpp   : 167)   Tip clipper triggered 0 times
  0:00:28.169    72M / 9G    INFO   Simplification           (parallel_processing.hpp   : 165)   Running Bulge remover
  0:00:28.171    68M / 9G    INFO   Simplification           (parallel_processing.hpp   : 167)   Bulge remover triggered 0 times
  0:00:28.171    68M / 9G    INFO   Simplification           (parallel_processing.hpp   : 165)   Running Tip clipper
  0:00:28.171    68M / 9G    INFO   Simplification           (parallel_processing.hpp   : 167)   Tip clipper triggered 0 times
  0:00:28.171    68M / 9G    INFO   Simplification           (parallel_processing.hpp   : 165)   Running Bulge remover
  0:00:28.173    68M / 9G    INFO   Simplification           (parallel_processing.hpp   : 167)   Bulge remover triggered 0 times
  0:00:28.173    68M / 9G    INFO    General                 (simplification.cpp        : 330)   Disrupting self-conjugate edges
  0:00:28.174    68M / 9G    INFO   Simplification           (parallel_processing.hpp   : 165)   Running Removing isolated edges
  0:00:28.174    68M / 9G    INFO   Simplification           (parallel_processing.hpp   : 167)   Removing isolated edges triggered 0 times
  0:00:28.174    68M / 9G    INFO    General                 (simplification.cpp        : 470)   Counting average coverage
  0:00:28.174    68M / 9G    INFO    General                 (simplification.cpp        : 476)   Average coverage = 139.266
  0:00:28.174    68M / 9G    INFO   StageManager             (stage.cpp                 : 132)   STAGE == Contig Output
  0:00:28.174    68M / 9G    INFO    General                 (contig_output.hpp         :  22)   Outputting contigs to /data/djs217/PROJECTS/42_Xanthomonas/xanthomonas-euvesicatoria-serbia/01-genome-de-novo-assembly/SRR24958751_plasmid_assembly//K33/simplified_contigs.fasta
  0:00:28.220    68M / 9G    INFO    General                 (launch.hpp                : 151)   SPAdes finished
  0:00:28.227    68M / 9G    INFO    General                 (main.cpp                  : 109)   Assembling time: 0 hours 0 minutes 28 seconds

== Running assembler: K55

  0:00:00.000     4M / 4M    INFO    General                 (main.cpp                  :  74)   Loaded config from /data/djs217/PROJECTS/42_Xanthomonas/xanthomonas-euvesicatoria-serbia/01-genome-de-novo-assembly/SRR24958751_plasmid_assembly/K55/configs/config.info
  0:00:00.000     4M / 4M    INFO    General                 (main.cpp                  :  74)   Loaded config from /data/djs217/PROJECTS/42_Xanthomonas/xanthomonas-euvesicatoria-serbia/01-genome-de-novo-assembly/SRR24958751_plasmid_assembly/K55/configs/plasmid_mode.info
  0:00:00.000     4M / 4M    INFO    General                 (memory_limit.cpp          :  49)   Memory limit set to 62 Gb
  0:00:00.000     4M / 4M    INFO    General                 (main.cpp                  :  84)   Starting SPAdes, built from N/A, git revision N/A
  0:00:00.000     4M / 4M    INFO    General                 (main.cpp                  :  88)   Maximum k-mer length: 128
  0:00:00.000     4M / 4M    INFO    General                 (main.cpp                  :  89)   Assembling dataset (/data/djs217/PROJECTS/42_Xanthomonas/xanthomonas-euvesicatoria-serbia/01-genome-de-novo-assembly/SRR24958751_plasmid_assembly/dataset.info) with K=55
  0:00:00.000     4M / 4M    INFO    General                 (main.cpp                  :  90)   Maximum # of threads to use (adjusted due to OMP capabilities): 16
  0:00:00.000     4M / 4M    INFO    General                 (launch.hpp                :  52)   SPAdes started
  0:00:00.000     4M / 4M    INFO    General                 (launch.hpp                :  59)   Starting from stage: construction
  0:00:00.000     4M / 4M    INFO    General                 (launch.hpp                :  66)   Two-step RR enabled: 0
  0:00:00.000     4M / 4M    INFO    General                 (launch.hpp                :  77)   Will need read mapping, kmer mapper will be attached
  0:00:00.000     4M / 4M    INFO   StageManager             (stage.cpp                 : 132)   STAGE == de Bruijn graph construction
  0:00:00.001     4M / 4M    INFO    General                 (read_converter.hpp        :  59)   Binary reads detected
  0:00:00.002     4M / 4M    INFO    General                 (construction.cpp          : 111)   Max read length 151
  0:00:00.002     4M / 4M    INFO    General                 (construction.cpp          : 117)   Average read length 149.574
  0:00:00.002     4M / 4M    INFO    General                 (stage.cpp                 : 101)   PROCEDURE == k+1-mer counting
  0:00:00.002     4M / 4M    INFO    General                 (kmer_index_builder.hpp    : 117)   Splitting kmer instances into 256 files using 16 threads. This might take a while.
  0:00:00.002     4M / 4M    INFO    General                 (file_limit.hpp            :  32)   Open file limit set to 1024
  0:00:00.002     4M / 4M    INFO    General                 (kmer_splitters.hpp        :  89)   Memory available for splitting buffers: 1.29159 Gb
  0:00:00.002     4M / 4M    INFO    General                 (kmer_splitters.hpp        :  97)   Using cell size of 131072
  0:00:07.597     8G / 9G    INFO    General                 (kmer_splitters.hpp        : 289)   Processed 11067836 reads
  0:00:08.426     8G / 9G    INFO    General                 (kmer_splitters.hpp        : 289)   Processed 12270756 reads
  0:00:08.426     8G / 9G    INFO    General                 (kmer_splitters.hpp        : 295)   Adding contigs from previous K
  0:00:09.607    64M / 9G    INFO    General                 (kmer_splitters.hpp        : 308)   Used 12270756 reads
  0:00:09.607    64M / 9G    INFO    General                 (kmer_index_builder.hpp    : 120)   Starting k-mer counting.
  0:00:09.760    64M / 9G    INFO    General                 (kmer_index_builder.hpp    : 127)   K-mer counting done. There are 9235734 kmers in total.
  0:00:09.760    64M / 9G    INFO    General                 (kmer_index_builder.hpp    : 133)   Merging temporary buckets.
  0:00:09.865    64M / 9G    INFO    General                 (stage.cpp                 : 101)   PROCEDURE == Extension index construction
  0:00:09.865    64M / 9G    INFO   K-mer Index Building     (kmer_index_builder.hpp    : 301)   Building kmer index
  0:00:09.865    64M / 9G    INFO    General                 (kmer_index_builder.hpp    : 117)   Splitting kmer instances into 256 files using 16 threads. This might take a while.
  0:00:09.865    64M / 9G    INFO    General                 (file_limit.hpp            :  32)   Open file limit set to 1024
  0:00:09.865    64M / 9G    INFO    General                 (kmer_splitters.hpp        :  89)   Memory available for splitting buffers: 1.29036 Gb
  0:00:09.865    64M / 9G    INFO    General                 (kmer_splitters.hpp        :  97)   Using cell size of 131072
  0:00:10.359     8G / 9G    INFO    General                 (kmer_splitters.hpp        : 380)   Processed 9235734 kmers
  0:00:10.359     8G / 9G    INFO    General                 (kmer_splitters.hpp        : 385)   Used 9235734 kmers.
  0:00:10.482    64M / 9G    INFO    General                 (kmer_index_builder.hpp    : 120)   Starting k-mer counting.
  0:00:10.616    64M / 9G    INFO    General                 (kmer_index_builder.hpp    : 127)   K-mer counting done. There are 9215796 kmers in total.
  0:00:10.616    64M / 9G    INFO    General                 (kmer_index_builder.hpp    : 133)   Merging temporary buckets.
  0:00:10.720    64M / 9G    INFO   K-mer Index Building     (kmer_index_builder.hpp    : 314)   Building perfect hash indices
  0:00:10.930    64M / 9G    INFO    General                 (kmer_index_builder.hpp    : 150)   Merging final buckets.
  0:00:11.460    64M / 9G    INFO   K-mer Index Building     (kmer_index_builder.hpp    : 336)   Index built. Total 4281696 bytes occupied (3.71683 bits per kmer).
  0:00:11.469    76M / 9G    INFO   DeBruijnExtensionIndexBu (kmer_extension_index_build:  99)   Building k-mer extensions from k+1-mers
  0:00:11.801    76M / 9G    INFO   DeBruijnExtensionIndexBu (kmer_extension_index_build: 103)   Building k-mer extensions from k+1-mers finished.
  0:00:11.801    76M / 9G    INFO    General                 (stage.cpp                 : 101)   PROCEDURE == Condensing graph
  0:00:11.846    76M / 9G    INFO   UnbranchingPathExtractor (debruijn_graph_constructor: 355)   Extracting unbranching paths
  0:00:12.192    88M / 9G    INFO   UnbranchingPathExtractor (debruijn_graph_constructor: 374)   Extracting unbranching paths finished. 279837 sequences extracted
  0:00:12.382    88M / 9G    INFO   UnbranchingPathExtractor (debruijn_graph_constructor: 310)   Collecting perfect loops
  0:00:12.458    88M / 9G    INFO   UnbranchingPathExtractor (debruijn_graph_constructor: 343)   Collecting perfect loops finished. 0 loops collected
  0:00:12.574   152M / 9G    INFO    General                 (stage.cpp                 : 101)   PROCEDURE == Filling coverage indices (PHM)
  0:00:12.574   152M / 9G    INFO   K-mer Index Building     (kmer_index_builder.hpp    : 301)   Building kmer index
  0:00:12.574   152M / 9G    INFO   K-mer Index Building     (kmer_index_builder.hpp    : 314)   Building perfect hash indices
  0:00:12.788   152M / 9G    INFO   K-mer Index Building     (kmer_index_builder.hpp    : 336)   Index built. Total 4290960 bytes occupied (3.71683 bits per kmer).
  0:00:12.821   188M / 9G    INFO    General                 (construction.cpp          : 388)   Collecting k-mer coverage information from reads, this takes a while.
  0:00:20.311   188M / 9G    INFO    General                 (construction.cpp          : 508)   Filling coverage and flanking coverage from PHM
  0:00:20.532   188M / 9G    INFO    General                 (construction.cpp          : 464)   Processed 559674 edges
  0:00:20.568   140M / 9G    INFO   StageManager             (stage.cpp                 : 132)   STAGE == EC Threshold Finding
  0:00:20.569   140M / 9G    INFO    General                 (kmer_coverage_model.cpp   : 181)   Kmer coverage valley at: 19
  0:00:20.569   140M / 9G    INFO    General                 (kmer_coverage_model.cpp   : 201)   K-mer histogram maximum: 101
  0:00:20.569   140M / 9G    INFO    General                 (kmer_coverage_model.cpp   : 237)   Estimated median coverage: 108. Coverage mad: 23.7216
  0:00:20.569   140M / 9G    INFO    General                 (kmer_coverage_model.cpp   : 259)   Fitting coverage model
  0:00:20.720   140M / 9G    INFO    General                 (kmer_coverage_model.cpp   : 295)   ... iteration 2
  0:00:21.152   140M / 9G    INFO    General                 (kmer_coverage_model.cpp   : 295)   ... iteration 4
  0:00:22.747   140M / 9G    INFO    General                 (kmer_coverage_model.cpp   : 295)   ... iteration 8
  0:00:25.064   140M / 9G    INFO    General                 (kmer_coverage_model.cpp   : 309)   Fitted mean coverage: 108.635. Fitted coverage std. dev: 21.5573
  0:00:25.068   140M / 9G    INFO    General                 (kmer_coverage_model.cpp   : 334)   Probability of erroneous kmer at valley: 0.943824
  0:00:25.068   140M / 9G    INFO    General                 (kmer_coverage_model.cpp   : 358)   Preliminary threshold calculated as: 37
  0:00:25.068   140M / 9G    INFO    General                 (kmer_coverage_model.cpp   : 362)   Threshold adjusted to: 37
  0:00:25.068   140M / 9G    INFO    General                 (kmer_coverage_model.cpp   : 375)   Estimated genome size (ignoring repeats): 5103363
  0:00:25.068   140M / 9G    INFO    General                 (genomic_info_filler.cpp   : 112)   Mean coverage was calculated as 108.635
  0:00:25.068   140M / 9G    INFO    General                 (genomic_info_filler.cpp   : 127)   EC coverage threshold value was calculated as 37
  0:00:25.068   140M / 9G    INFO    General                 (genomic_info_filler.cpp   : 128)   Trusted kmer low bound: 0
  0:00:25.068   140M / 9G    INFO   StageManager             (stage.cpp                 : 132)   STAGE == Gap Closer
  0:00:25.068   140M / 9G    INFO    General                 (graph_pack.hpp            : 101)   Index refill
  0:00:25.068   140M / 9G    INFO   K-mer Index Building     (kmer_index_builder.hpp    : 301)   Building kmer index
  0:00:25.068   140M / 9G    INFO    General                 (kmer_index_builder.hpp    : 117)   Splitting kmer instances into 256 files using 16 threads. This might take a while.
  0:00:25.068   140M / 9G    INFO    General                 (file_limit.hpp            :  32)   Open file limit set to 1024
  0:00:25.068   140M / 9G    INFO    General                 (kmer_splitters.hpp        :  89)   Memory available for splitting buffers: 1.28882 Gb
  0:00:25.068   140M / 9G    INFO    General                 (kmer_splitters.hpp        :  97)   Using cell size of 131072
  0:00:25.280     8G / 9G    INFO    General                 (edge_index_builders.hpp   :  77)   Processed 559674 edges
  0:00:25.280     8G / 9G    INFO    General                 (edge_index_builders.hpp   :  82)   Used 559674 sequences.
  0:00:25.367   140M / 9G    INFO    General                 (kmer_index_builder.hpp    : 120)   Starting k-mer counting.
  0:00:25.489   140M / 9G    INFO    General                 (kmer_index_builder.hpp    : 127)   K-mer counting done. There are 9235734 kmers in total.
  0:00:25.489   140M / 9G    INFO    General                 (kmer_index_builder.hpp    : 133)   Merging temporary buckets.
  0:00:25.592   140M / 9G    INFO   K-mer Index Building     (kmer_index_builder.hpp    : 314)   Building perfect hash indices
  0:00:25.789   140M / 9G    INFO    General                 (kmer_index_builder.hpp    : 150)   Merging final buckets.
  0:00:26.299   140M / 9G    INFO   K-mer Index Building     (kmer_index_builder.hpp    : 336)   Index built. Total 4290960 bytes occupied (3.71683 bits per kmer).
  0:00:26.472   352M / 9G    INFO    General                 (edge_index_builders.hpp   : 107)   Collecting edge information from graph, this takes a while.
  0:00:26.706   352M / 9G    INFO    General                 (edge_index.hpp            :  92)   Index refilled
  0:00:26.706   352M / 9G    INFO    General                 (gap_closer.cpp            : 159)   Preparing shift maps
  0:00:26.931   368M / 9G    INFO    General                 (gap_closer.cpp            : 119)   Processing paired reads (takes a while)
  0:00:28.998   368M / 9G    INFO    General                 (gap_closer.cpp            : 138)   Used 3064220 paired reads
  0:00:28.999   368M / 9G    INFO    General                 (gap_closer.cpp            : 140)   Merging paired indices
  0:00:29.058   352M / 9G    INFO   GapCloser                (gap_closer.cpp            : 346)   Closing short gaps
  0:00:29.355   352M / 9G    INFO   GapCloser                (gap_closer.cpp            : 378)   Closing short gaps complete: filled 81 gaps after checking 202 candidates
  0:00:29.381   352M / 9G    INFO   StageManager             (stage.cpp                 : 132)   STAGE == Raw Simplification
  0:00:29.392   140M / 9G    INFO    General                 (simplification.cpp        : 128)   PROCEDURE == InitialCleaning
  0:00:29.393   140M / 9G    INFO    General                 (graph_simplification.hpp  : 669)   Flanking coverage based disconnection disabled
  0:00:29.393   140M / 9G    INFO   Simplification           (parallel_processing.hpp   : 165)   Running Self conjugate edge remover
  0:00:29.404   140M / 9G    INFO   Simplification           (parallel_processing.hpp   : 167)   Self conjugate edge remover triggered 0 times
  0:00:29.404   140M / 9G    INFO   Simplification           (parallel_processing.hpp   : 165)   Running Initial tip clipper
  0:00:30.852   144M / 9G    INFO   Simplification           (parallel_processing.hpp   : 167)   Initial tip clipper triggered 103539 times
  0:00:30.852   144M / 9G    INFO   Simplification           (parallel_processing.hpp   : 165)   Running Initial ec remover
  0:00:31.595   136M / 9G    INFO   Simplification           (parallel_processing.hpp   : 167)   Initial ec remover triggered 21668 times
  0:00:31.595   136M / 9G    INFO   Simplification           (parallel_processing.hpp   : 165)   Running Initial isolated edge remover
  0:00:31.632    84M / 9G    INFO   Simplification           (parallel_processing.hpp   : 167)   Initial isolated edge remover triggered 3731 times
  0:00:31.635    80M / 9G    INFO   StageManager             (stage.cpp                 : 132)   STAGE == Simplification
  0:00:31.635    80M / 9G    INFO    General                 (simplification.cpp        : 357)   Graph simplification started
  0:00:31.635    80M / 9G    INFO    General                 (graph_simplification.hpp  : 641)   Creating parallel br instance
  0:00:31.635    80M / 9G    INFO    General                 (simplification.cpp        : 362)   PROCEDURE == Simplification cycle, iteration 1
  0:00:31.635    80M / 9G    INFO   Simplification           (parallel_processing.hpp   : 165)   Running Tip clipper
  0:00:31.642    80M / 9G    INFO   Simplification           (parallel_processing.hpp   : 167)   Tip clipper triggered 49 times
  0:00:31.642    80M / 9G    INFO   Simplification           (parallel_processing.hpp   : 165)   Running Bulge remover
  0:00:31.840    80M / 9G    INFO   Simplification           (parallel_processing.hpp   : 167)   Bulge remover triggered 1028 times
  0:00:31.840    80M / 9G    INFO   Simplification           (parallel_processing.hpp   : 165)   Running Low coverage edge remover
  0:00:31.928    80M / 9G    INFO   Simplification           (parallel_processing.hpp   : 167)   Low coverage edge remover triggered 685 times
  0:00:31.928    80M / 9G    INFO    General                 (simplification.cpp        : 362)   PROCEDURE == Simplification cycle, iteration 2
  0:00:31.928    80M / 9G    INFO   Simplification           (parallel_processing.hpp   : 165)   Running Tip clipper
  0:00:31.928    80M / 9G    INFO   Simplification           (parallel_processing.hpp   : 167)   Tip clipper triggered 3 times
  0:00:31.928    80M / 9G    INFO   Simplification           (parallel_processing.hpp   : 165)   Running Bulge remover
  0:00:31.938    80M / 9G    INFO   Simplification           (parallel_processing.hpp   : 167)   Bulge remover triggered 44 times
  0:00:31.938    80M / 9G    INFO   Simplification           (parallel_processing.hpp   : 165)   Running Low coverage edge remover
  0:00:31.968    76M / 9G    INFO   Simplification           (parallel_processing.hpp   : 167)   Low coverage edge remover triggered 173 times
  0:00:31.968    76M / 9G    INFO    General                 (simplification.cpp        : 362)   PROCEDURE == Simplification cycle, iteration 3
  0:00:31.968    76M / 9G    INFO   Simplification           (parallel_processing.hpp   : 165)   Running Tip clipper
  0:00:31.968    76M / 9G    INFO   Simplification           (parallel_processing.hpp   : 167)   Tip clipper triggered 2 times
  0:00:31.968    76M / 9G    INFO   Simplification           (parallel_processing.hpp   : 165)   Running Bulge remover
  0:00:31.982    76M / 9G    INFO   Simplification           (parallel_processing.hpp   : 167)   Bulge remover triggered 47 times
  0:00:31.982    76M / 9G    INFO   Simplification           (parallel_processing.hpp   : 165)   Running Low coverage edge remover
  0:00:31.985    76M / 9G    INFO   Simplification           (parallel_processing.hpp   : 167)   Low coverage edge remover triggered 23 times
  0:00:31.985    76M / 9G    INFO    General                 (simplification.cpp        : 362)   PROCEDURE == Simplification cycle, iteration 4
  0:00:31.985    76M / 9G    INFO   Simplification           (parallel_processing.hpp   : 165)   Running Tip clipper
  0:00:31.985    76M / 9G    INFO   Simplification           (parallel_processing.hpp   : 167)   Tip clipper triggered 0 times
  0:00:31.985    76M / 9G    INFO   Simplification           (parallel_processing.hpp   : 165)   Running Bulge remover
  0:00:31.996    76M / 9G    INFO   Simplification           (parallel_processing.hpp   : 167)   Bulge remover triggered 14 times
  0:00:31.996    76M / 9G    INFO   Simplification           (parallel_processing.hpp   : 165)   Running Low coverage edge remover
  0:00:31.996    76M / 9G    INFO   Simplification           (parallel_processing.hpp   : 167)   Low coverage edge remover triggered 5 times
  0:00:31.996    76M / 9G    INFO    General                 (simplification.cpp        : 362)   PROCEDURE == Simplification cycle, iteration 5
  0:00:31.996    76M / 9G    INFO   Simplification           (parallel_processing.hpp   : 165)   Running Tip clipper
  0:00:31.996    76M / 9G    INFO   Simplification           (parallel_processing.hpp   : 167)   Tip clipper triggered 0 times
  0:00:31.996    76M / 9G    INFO   Simplification           (parallel_processing.hpp   : 165)   Running Bulge remover
  0:00:31.996    76M / 9G    INFO   Simplification           (parallel_processing.hpp   : 167)   Bulge remover triggered 3 times
  0:00:31.996    76M / 9G    INFO   Simplification           (parallel_processing.hpp   : 165)   Running Low coverage edge remover
  0:00:31.997    76M / 9G    INFO   Simplification           (parallel_processing.hpp   : 167)   Low coverage edge remover triggered 2 times
  0:00:31.997    76M / 9G    INFO    General                 (simplification.cpp        : 362)   PROCEDURE == Simplification cycle, iteration 6
  0:00:31.997    76M / 9G    INFO   Simplification           (parallel_processing.hpp   : 165)   Running Tip clipper
  0:00:31.997    76M / 9G    INFO   Simplification           (parallel_processing.hpp   : 167)   Tip clipper triggered 0 times
  0:00:31.997    76M / 9G    INFO   Simplification           (parallel_processing.hpp   : 165)   Running Bulge remover
  0:00:31.997    76M / 9G    INFO   Simplification           (parallel_processing.hpp   : 167)   Bulge remover triggered 0 times
  0:00:31.997    76M / 9G    INFO   Simplification           (parallel_processing.hpp   : 165)   Running Low coverage edge remover
  0:00:31.999    76M / 9G    INFO   Simplification           (parallel_processing.hpp   : 167)   Low coverage edge remover triggered 3 times
  0:00:31.999    76M / 9G    INFO    General                 (simplification.cpp        : 362)   PROCEDURE == Simplification cycle, iteration 7
  0:00:31.999    76M / 9G    INFO   Simplification           (parallel_processing.hpp   : 165)   Running Tip clipper
  0:00:31.999    76M / 9G    INFO   Simplification           (parallel_processing.hpp   : 167)   Tip clipper triggered 0 times
  0:00:31.999    76M / 9G    INFO   Simplification           (parallel_processing.hpp   : 165)   Running Bulge remover
  0:00:31.999    76M / 9G    INFO   Simplification           (parallel_processing.hpp   : 167)   Bulge remover triggered 0 times
  0:00:31.999    76M / 9G    INFO   Simplification           (parallel_processing.hpp   : 165)   Running Low coverage edge remover
  0:00:31.999    76M / 9G    INFO   Simplification           (parallel_processing.hpp   : 167)   Low coverage edge remover triggered 0 times
  0:00:31.999    76M / 9G    INFO    General                 (simplification.cpp        : 362)   PROCEDURE == Simplification cycle, iteration 8
  0:00:31.999    76M / 9G    INFO   Simplification           (parallel_processing.hpp   : 165)   Running Tip clipper
  0:00:31.999    76M / 9G    INFO   Simplification           (parallel_processing.hpp   : 167)   Tip clipper triggered 0 times
  0:00:31.999    76M / 9G    INFO   Simplification           (parallel_processing.hpp   : 165)   Running Bulge remover
  0:00:31.999    76M / 9G    INFO   Simplification           (parallel_processing.hpp   : 167)   Bulge remover triggered 0 times
  0:00:31.999    76M / 9G    INFO   Simplification           (parallel_processing.hpp   : 165)   Running Low coverage edge remover
  0:00:31.999    76M / 9G    INFO   Simplification           (parallel_processing.hpp   : 167)   Low coverage edge remover triggered 2 times
  0:00:31.999    76M / 9G    INFO    General                 (simplification.cpp        : 362)   PROCEDURE == Simplification cycle, iteration 9
  0:00:31.999    76M / 9G    INFO   Simplification           (parallel_processing.hpp   : 165)   Running Tip clipper
  0:00:31.999    76M / 9G    INFO   Simplification           (parallel_processing.hpp   : 167)   Tip clipper triggered 0 times
  0:00:31.999    76M / 9G    INFO   Simplification           (parallel_processing.hpp   : 165)   Running Bulge remover
  0:00:31.999    76M / 9G    INFO   Simplification           (parallel_processing.hpp   : 167)   Bulge remover triggered 0 times
  0:00:31.999    76M / 9G    INFO   Simplification           (parallel_processing.hpp   : 165)   Running Low coverage edge remover
  0:00:31.999    76M / 9G    INFO   Simplification           (parallel_processing.hpp   : 167)   Low coverage edge remover triggered 1 times
  0:00:31.999    76M / 9G    INFO    General                 (simplification.cpp        : 362)   PROCEDURE == Simplification cycle, iteration 10
  0:00:31.999    76M / 9G    INFO   Simplification           (parallel_processing.hpp   : 165)   Running Tip clipper
  0:00:31.999    76M / 9G    INFO   Simplification           (parallel_processing.hpp   : 167)   Tip clipper triggered 0 times
  0:00:31.999    76M / 9G    INFO   Simplification           (parallel_processing.hpp   : 165)   Running Bulge remover
  0:00:31.999    76M / 9G    INFO   Simplification           (parallel_processing.hpp   : 167)   Bulge remover triggered 0 times
  0:00:31.999    76M / 9G    INFO   Simplification           (parallel_processing.hpp   : 165)   Running Low coverage edge remover
  0:00:31.999    76M / 9G    INFO   Simplification           (parallel_processing.hpp   : 167)   Low coverage edge remover triggered 1 times
  0:00:31.999    76M / 9G    INFO    General                 (simplification.cpp        : 362)   PROCEDURE == Simplification cycle, iteration 11
  0:00:31.999    76M / 9G    INFO   Simplification           (parallel_processing.hpp   : 165)   Running Tip clipper
  0:00:32.000    76M / 9G    INFO   Simplification           (parallel_processing.hpp   : 167)   Tip clipper triggered 0 times
  0:00:32.000    76M / 9G    INFO   Simplification           (parallel_processing.hpp   : 165)   Running Bulge remover
  0:00:32.000    76M / 9G    INFO   Simplification           (parallel_processing.hpp   : 167)   Bulge remover triggered 0 times
  0:00:32.000    76M / 9G    INFO   Simplification           (parallel_processing.hpp   : 165)   Running Low coverage edge remover
  0:00:32.001    76M / 9G    INFO   Simplification           (parallel_processing.hpp   : 167)   Low coverage edge remover triggered 0 times
  0:00:32.001    76M / 9G    INFO   StageManager             (stage.cpp                 : 132)   STAGE == Gap Closer
  0:00:32.001    76M / 9G    INFO    General                 (graph_pack.hpp            : 101)   Index refill
  0:00:32.002    76M / 9G    INFO   K-mer Index Building     (kmer_index_builder.hpp    : 301)   Building kmer index
  0:00:32.002    76M / 9G    INFO    General                 (kmer_index_builder.hpp    : 117)   Splitting kmer instances into 256 files using 16 threads. This might take a while.
  0:00:32.006    76M / 9G    INFO    General                 (file_limit.hpp            :  32)   Open file limit set to 1024
  0:00:32.006    76M / 9G    INFO    General                 (kmer_splitters.hpp        :  89)   Memory available for splitting buffers: 1.29012 Gb
  0:00:32.006    76M / 9G    INFO    General                 (kmer_splitters.hpp        :  97)   Using cell size of 131072
  0:00:32.195     8G / 9G    INFO    General                 (edge_index_builders.hpp   :  82)   Used 874 sequences.
  0:00:32.285    76M / 9G    INFO    General                 (kmer_index_builder.hpp    : 120)   Starting k-mer counting.
  0:00:32.484    76M / 9G    INFO    General                 (kmer_index_builder.hpp    : 127)   K-mer counting done. There are 5119144 kmers in total.
  0:00:32.484    76M / 9G    INFO    General                 (kmer_index_builder.hpp    : 133)   Merging temporary buckets.
  0:00:32.552    76M / 9G    INFO   K-mer Index Building     (kmer_index_builder.hpp    : 314)   Building perfect hash indices
  0:00:32.703    76M / 9G    INFO    General                 (kmer_index_builder.hpp    : 150)   Merging final buckets.
  0:00:33.008    76M / 9G    INFO   K-mer Index Building     (kmer_index_builder.hpp    : 336)   Index built. Total 2381896 bytes occupied (3.72233 bits per kmer).
  0:00:33.103   196M / 9G    INFO    General                 (edge_index_builders.hpp   : 107)   Collecting edge information from graph, this takes a while.
  0:00:33.278   196M / 9G    INFO    General                 (edge_index.hpp            :  92)   Index refilled
  0:00:33.279   196M / 9G    INFO    General                 (gap_closer.cpp            : 159)   Preparing shift maps
  0:00:33.280   196M / 9G    INFO    General                 (gap_closer.cpp            : 119)   Processing paired reads (takes a while)
  0:00:35.232   196M / 9G    INFO    General                 (gap_closer.cpp            : 138)   Used 3064220 paired reads
  0:00:35.233   196M / 9G    INFO    General                 (gap_closer.cpp            : 140)   Merging paired indices
  0:00:35.233   196M / 9G    INFO   GapCloser                (gap_closer.cpp            : 346)   Closing short gaps
  0:00:35.234   196M / 9G    INFO   GapCloser                (gap_closer.cpp            : 378)   Closing short gaps complete: filled 0 gaps after checking 2 candidates
  0:00:35.234   196M / 9G    INFO   StageManager             (stage.cpp                 : 132)   STAGE == Simplification Cleanup
  0:00:35.234   196M / 9G    INFO    General                 (simplification.cpp        : 196)   PROCEDURE == Post simplification
  0:00:35.234   196M / 9G    INFO    General                 (graph_simplification.hpp  : 458)   Disconnection of relatively low covered edges disabled
  0:00:35.235   196M / 9G    INFO    General                 (graph_simplification.hpp  : 494)   Complex tip clipping disabled
  0:00:35.235   196M / 9G    INFO    General                 (graph_simplification.hpp  : 641)   Creating parallel br instance
  0:00:35.235   196M / 9G    INFO   Simplification           (parallel_processing.hpp   : 165)   Running Tip clipper
  0:00:35.235   196M / 9G    INFO   Simplification           (parallel_processing.hpp   : 167)   Tip clipper triggered 0 times
  0:00:35.235   196M / 9G    INFO   Simplification           (parallel_processing.hpp   : 165)   Running Bulge remover
  0:00:35.236   196M / 9G    INFO   Simplification           (parallel_processing.hpp   : 167)   Bulge remover triggered 0 times
  0:00:35.236   196M / 9G    INFO   Simplification           (parallel_processing.hpp   : 165)   Running Tip clipper
  0:00:35.236   196M / 9G    INFO   Simplification           (parallel_processing.hpp   : 167)   Tip clipper triggered 0 times
  0:00:35.236   196M / 9G    INFO   Simplification           (parallel_processing.hpp   : 165)   Running Bulge remover
  0:00:35.236   196M / 9G    INFO   Simplification           (parallel_processing.hpp   : 167)   Bulge remover triggered 0 times
  0:00:35.236   196M / 9G    INFO    General                 (simplification.cpp        : 330)   Disrupting self-conjugate edges
  0:00:35.237   196M / 9G    INFO   Simplification           (parallel_processing.hpp   : 165)   Running Removing isolated edges
  0:00:35.237   196M / 9G    INFO   Simplification           (parallel_processing.hpp   : 167)   Removing isolated edges triggered 0 times
  0:00:35.237   196M / 9G    INFO    General                 (simplification.cpp        : 470)   Counting average coverage
  0:00:35.237   196M / 9G    INFO    General                 (simplification.cpp        : 476)   Average coverage = 112.545
  0:00:35.237   196M / 9G    INFO   StageManager             (stage.cpp                 : 132)   STAGE == Contig Output
  0:00:35.237   196M / 9G    INFO    General                 (contig_output.hpp         :  22)   Outputting contigs to /data/djs217/PROJECTS/42_Xanthomonas/xanthomonas-euvesicatoria-serbia/01-genome-de-novo-assembly/SRR24958751_plasmid_assembly//K55/simplified_contigs.fasta
  0:00:35.307   196M / 9G    INFO    General                 (launch.hpp                : 151)   SPAdes finished
  0:00:35.373    68M / 9G    INFO    General                 (main.cpp                  : 109)   Assembling time: 0 hours 0 minutes 35 seconds

== Running assembler: K77

  0:00:00.000     4M / 4M    INFO    General                 (main.cpp                  :  74)   Loaded config from /data/djs217/PROJECTS/42_Xanthomonas/xanthomonas-euvesicatoria-serbia/01-genome-de-novo-assembly/SRR24958751_plasmid_assembly/K77/configs/config.info
  0:00:00.000     4M / 4M    INFO    General                 (main.cpp                  :  74)   Loaded config from /data/djs217/PROJECTS/42_Xanthomonas/xanthomonas-euvesicatoria-serbia/01-genome-de-novo-assembly/SRR24958751_plasmid_assembly/K77/configs/plasmid_mode.info
  0:00:00.000     4M / 4M    INFO    General                 (memory_limit.cpp          :  49)   Memory limit set to 62 Gb
  0:00:00.000     4M / 4M    INFO    General                 (main.cpp                  :  84)   Starting SPAdes, built from N/A, git revision N/A
  0:00:00.000     4M / 4M    INFO    General                 (main.cpp                  :  88)   Maximum k-mer length: 128
  0:00:00.000     4M / 4M    INFO    General                 (main.cpp                  :  89)   Assembling dataset (/data/djs217/PROJECTS/42_Xanthomonas/xanthomonas-euvesicatoria-serbia/01-genome-de-novo-assembly/SRR24958751_plasmid_assembly/dataset.info) with K=77
  0:00:00.000     4M / 4M    INFO    General                 (main.cpp                  :  90)   Maximum # of threads to use (adjusted due to OMP capabilities): 16
  0:00:00.000     4M / 4M    INFO    General                 (launch.hpp                :  52)   SPAdes started
  0:00:00.000     4M / 4M    INFO    General                 (launch.hpp                :  59)   Starting from stage: construction
  0:00:00.000     4M / 4M    INFO    General                 (launch.hpp                :  66)   Two-step RR enabled: 0
  0:00:00.000     4M / 4M    INFO    General                 (launch.hpp                :  77)   Will need read mapping, kmer mapper will be attached
  0:00:00.000     4M / 4M    INFO   StageManager             (stage.cpp                 : 132)   STAGE == de Bruijn graph construction
  0:00:00.001     4M / 4M    INFO    General                 (read_converter.hpp        :  59)   Binary reads detected
  0:00:00.003     4M / 4M    INFO    General                 (construction.cpp          : 111)   Max read length 151
  0:00:00.003     4M / 4M    INFO    General                 (construction.cpp          : 117)   Average read length 149.574
  0:00:00.003     4M / 4M    INFO    General                 (stage.cpp                 : 101)   PROCEDURE == k+1-mer counting
  0:00:00.003     4M / 4M    INFO    General                 (kmer_index_builder.hpp    : 117)   Splitting kmer instances into 256 files using 16 threads. This might take a while.
  0:00:00.004     4M / 4M    INFO    General                 (file_limit.hpp            :  32)   Open file limit set to 1024
  0:00:00.004     4M / 4M    INFO    General                 (kmer_splitters.hpp        :  89)   Memory available for splitting buffers: 1.29159 Gb
  0:00:00.004     4M / 4M    INFO    General                 (kmer_splitters.hpp        :  97)   Using cell size of 87381
  0:00:05.920     8G / 9G    INFO    General                 (kmer_splitters.hpp        : 289)   Processed 9586105 reads
  0:00:07.480     8G / 9G    INFO    General                 (kmer_splitters.hpp        : 289)   Processed 12270756 reads
  0:00:07.480     8G / 9G    INFO    General                 (kmer_splitters.hpp        : 295)   Adding contigs from previous K
  0:00:08.681    64M / 9G    INFO    General                 (kmer_splitters.hpp        : 308)   Used 12270756 reads
  0:00:08.681    64M / 9G    INFO    General                 (kmer_index_builder.hpp    : 120)   Starting k-mer counting.
  0:00:08.857    64M / 9G    INFO    General                 (kmer_index_builder.hpp    : 127)   K-mer counting done. There are 9383459 kmers in total.
  0:00:08.857    64M / 9G    INFO    General                 (kmer_index_builder.hpp    : 133)   Merging temporary buckets.
  0:00:09.056    64M / 9G    INFO    General                 (stage.cpp                 : 101)   PROCEDURE == Extension index construction
  0:00:09.056    64M / 9G    INFO   K-mer Index Building     (kmer_index_builder.hpp    : 301)   Building kmer index
  0:00:09.057    64M / 9G    INFO    General                 (kmer_index_builder.hpp    : 117)   Splitting kmer instances into 256 files using 16 threads. This might take a while.
  0:00:09.057    64M / 9G    INFO    General                 (file_limit.hpp            :  32)   Open file limit set to 1024
  0:00:09.057    64M / 9G    INFO    General                 (kmer_splitters.hpp        :  89)   Memory available for splitting buffers: 1.29036 Gb
  0:00:09.057    64M / 9G    INFO    General                 (kmer_splitters.hpp        :  97)   Using cell size of 87381
  0:00:09.637     8G / 9G    INFO    General                 (kmer_splitters.hpp        : 380)   Processed 9383459 kmers
  0:00:09.637     8G / 9G    INFO    General                 (kmer_splitters.hpp        : 385)   Used 9383459 kmers.
  0:00:09.790    64M / 9G    INFO    General                 (kmer_index_builder.hpp    : 120)   Starting k-mer counting.
  0:00:09.931    64M / 9G    INFO    General                 (kmer_index_builder.hpp    : 127)   K-mer counting done. There are 9388768 kmers in total.
  0:00:09.931    64M / 9G    INFO    General                 (kmer_index_builder.hpp    : 133)   Merging temporary buckets.
  0:00:10.167    64M / 9G    INFO   K-mer Index Building     (kmer_index_builder.hpp    : 314)   Building perfect hash indices
  0:00:10.387    68M / 9G    INFO    General                 (kmer_index_builder.hpp    : 150)   Merging final buckets.
  0:00:11.329    68M / 9G    INFO   K-mer Index Building     (kmer_index_builder.hpp    : 336)   Index built. Total 4361760 bytes occupied (3.71658 bits per kmer).
  0:00:11.341    80M / 9G    INFO   DeBruijnExtensionIndexBu (kmer_extension_index_build:  99)   Building k-mer extensions from k+1-mers
  0:00:11.688    80M / 9G    INFO   DeBruijnExtensionIndexBu (kmer_extension_index_build: 103)   Building k-mer extensions from k+1-mers finished.
  0:00:11.689    80M / 9G    INFO    General                 (stage.cpp                 : 101)   PROCEDURE == Condensing graph
  0:00:11.739    80M / 9G    INFO   UnbranchingPathExtractor (debruijn_graph_constructor: 355)   Extracting unbranching paths
  0:00:12.099    88M / 9G    INFO   UnbranchingPathExtractor (debruijn_graph_constructor: 374)   Extracting unbranching paths finished. 253326 sequences extracted
  0:00:12.309    88M / 9G    INFO   UnbranchingPathExtractor (debruijn_graph_constructor: 310)   Collecting perfect loops
  0:00:12.390    88M / 9G    INFO   UnbranchingPathExtractor (debruijn_graph_constructor: 343)   Collecting perfect loops finished. 0 loops collected
  0:00:12.511   152M / 9G    INFO    General                 (stage.cpp                 : 101)   PROCEDURE == Filling coverage indices (PHM)
  0:00:12.512   152M / 9G    INFO   K-mer Index Building     (kmer_index_builder.hpp    : 301)   Building kmer index
  0:00:12.512   152M / 9G    INFO   K-mer Index Building     (kmer_index_builder.hpp    : 314)   Building perfect hash indices
  0:00:12.728   152M / 9G    INFO   K-mer Index Building     (kmer_index_builder.hpp    : 336)   Index built. Total 4359248 bytes occupied (3.71654 bits per kmer).
  0:00:12.758   188M / 9G    INFO    General                 (construction.cpp          : 388)   Collecting k-mer coverage information from reads, this takes a while.
  0:00:18.847   188M / 9G    INFO    General                 (construction.cpp          : 508)   Filling coverage and flanking coverage from PHM
  0:00:19.081   188M / 9G    INFO    General                 (construction.cpp          : 464)   Processed 506652 edges
  0:00:19.124   140M / 9G    INFO   StageManager             (stage.cpp                 : 132)   STAGE == EC Threshold Finding
  0:00:19.125   140M / 9G    INFO    General                 (kmer_coverage_model.cpp   : 181)   Kmer coverage valley at: 17
  0:00:19.125   140M / 9G    INFO    General                 (kmer_coverage_model.cpp   : 201)   K-mer histogram maximum: 81
  0:00:19.125   140M / 9G    INFO    General                 (kmer_coverage_model.cpp   : 237)   Estimated median coverage: 83. Coverage mad: 19.2738
  0:00:19.125   140M / 9G    INFO    General                 (kmer_coverage_model.cpp   : 259)   Fitting coverage model
  0:00:19.238   140M / 9G    INFO    General                 (kmer_coverage_model.cpp   : 295)   ... iteration 2
  0:00:19.571   140M / 9G    INFO    General                 (kmer_coverage_model.cpp   : 295)   ... iteration 4
  0:00:20.766   140M / 9G    INFO    General                 (kmer_coverage_model.cpp   : 295)   ... iteration 8
  0:00:22.536   140M / 9G    INFO    General                 (kmer_coverage_model.cpp   : 309)   Fitted mean coverage: 83.1951. Fitted coverage std. dev: 17.3633
  0:00:22.539   140M / 9G    INFO    General                 (kmer_coverage_model.cpp   : 334)   Probability of erroneous kmer at valley: 0.723515
  0:00:22.539   140M / 9G    INFO    General                 (kmer_coverage_model.cpp   : 358)   Preliminary threshold calculated as: 28
  0:00:22.539   140M / 9G    INFO    General                 (kmer_coverage_model.cpp   : 362)   Threshold adjusted to: 28
  0:00:22.539   140M / 9G    INFO    General                 (kmer_coverage_model.cpp   : 375)   Estimated genome size (ignoring repeats): 5105778
  0:00:22.539   140M / 9G    INFO    General                 (genomic_info_filler.cpp   : 112)   Mean coverage was calculated as 83.1951
  0:00:22.539   140M / 9G    INFO    General                 (genomic_info_filler.cpp   : 127)   EC coverage threshold value was calculated as 28
  0:00:22.539   140M / 9G    INFO    General                 (genomic_info_filler.cpp   : 128)   Trusted kmer low bound: 0
  0:00:22.539   140M / 9G    INFO   StageManager             (stage.cpp                 : 132)   STAGE == Gap Closer
  0:00:22.539   140M / 9G    INFO    General                 (graph_pack.hpp            : 101)   Index refill
  0:00:22.539   140M / 9G    INFO   K-mer Index Building     (kmer_index_builder.hpp    : 301)   Building kmer index
  0:00:22.539   140M / 9G    INFO    General                 (kmer_index_builder.hpp    : 117)   Splitting kmer instances into 256 files using 16 threads. This might take a while.
  0:00:22.540   140M / 9G    INFO    General                 (file_limit.hpp            :  32)   Open file limit set to 1024
  0:00:22.540   140M / 9G    INFO    General                 (kmer_splitters.hpp        :  89)   Memory available for splitting buffers: 1.28882 Gb
  0:00:22.540   140M / 9G    INFO    General                 (kmer_splitters.hpp        :  97)   Using cell size of 87381
  0:00:22.806     8G / 9G    INFO    General                 (edge_index_builders.hpp   :  77)   Processed 506652 edges
  0:00:22.806     8G / 9G    INFO    General                 (edge_index_builders.hpp   :  82)   Used 506652 sequences.
  0:00:22.932   136M / 9G    INFO    General                 (kmer_index_builder.hpp    : 120)   Starting k-mer counting.
  0:00:23.075   136M / 9G    INFO    General                 (kmer_index_builder.hpp    : 127)   K-mer counting done. There are 9383459 kmers in total.
  0:00:23.076   136M / 9G    INFO    General                 (kmer_index_builder.hpp    : 133)   Merging temporary buckets.
  0:00:23.270   136M / 9G    INFO   K-mer Index Building     (kmer_index_builder.hpp    : 314)   Building perfect hash indices
  0:00:23.463   140M / 9G    INFO    General                 (kmer_index_builder.hpp    : 150)   Merging final buckets.
  0:00:24.326   140M / 9G    INFO   K-mer Index Building     (kmer_index_builder.hpp    : 336)   Index built. Total 4359248 bytes occupied (3.71654 bits per kmer).
  0:00:24.468   356M / 9G    INFO    General                 (edge_index_builders.hpp   : 107)   Collecting edge information from graph, this takes a while.
  0:00:24.713   356M / 9G    INFO    General                 (edge_index.hpp            :  92)   Index refilled
  0:00:24.713   356M / 9G    INFO    General                 (gap_closer.cpp            : 159)   Preparing shift maps
  0:00:24.951   376M / 9G    INFO    General                 (gap_closer.cpp            : 119)   Processing paired reads (takes a while)
  0:00:26.674   376M / 9G    INFO    General                 (gap_closer.cpp            : 138)   Used 3064220 paired reads
  0:00:26.674   376M / 9G    INFO    General                 (gap_closer.cpp            : 140)   Merging paired indices
  0:00:26.742   356M / 9G    INFO   GapCloser                (gap_closer.cpp            : 346)   Closing short gaps
  0:00:27.205   356M / 9G    INFO   GapCloser                (gap_closer.cpp            : 378)   Closing short gaps complete: filled 148 gaps after checking 284 candidates
  0:00:27.237   356M / 9G    INFO   StageManager             (stage.cpp                 : 132)   STAGE == Raw Simplification
  0:00:27.255   140M / 9G    INFO    General                 (simplification.cpp        : 128)   PROCEDURE == InitialCleaning
  0:00:27.255   140M / 9G    INFO    General                 (graph_simplification.hpp  : 669)   Flanking coverage based disconnection disabled
  0:00:27.255   140M / 9G    INFO   Simplification           (parallel_processing.hpp   : 165)   Running Self conjugate edge remover
  0:00:27.270   140M / 9G    INFO   Simplification           (parallel_processing.hpp   : 167)   Self conjugate edge remover triggered 0 times
  0:00:27.270   140M / 9G    INFO   Simplification           (parallel_processing.hpp   : 165)   Running Initial tip clipper
  0:00:29.058   140M / 9G    INFO   Simplification           (parallel_processing.hpp   : 167)   Initial tip clipper triggered 119163 times
  0:00:29.058   140M / 9G    INFO   Simplification           (parallel_processing.hpp   : 165)   Running Initial ec remover
  0:00:29.170   120M / 9G    INFO   Simplification           (parallel_processing.hpp   : 167)   Initial ec remover triggered 1978 times
  0:00:29.170   120M / 9G    INFO   Simplification           (parallel_processing.hpp   : 165)   Running Initial isolated edge remover
  0:00:29.227    80M / 9G    INFO   Simplification           (parallel_processing.hpp   : 167)   Initial isolated edge remover triggered 7931 times
  0:00:29.230    76M / 9G    INFO   StageManager             (stage.cpp                 : 132)   STAGE == Simplification
  0:00:29.230    76M / 9G    INFO    General                 (simplification.cpp        : 357)   Graph simplification started
  0:00:29.231    76M / 9G    INFO    General                 (graph_simplification.hpp  : 641)   Creating parallel br instance
  0:00:29.231    76M / 9G    INFO    General                 (simplification.cpp        : 362)   PROCEDURE == Simplification cycle, iteration 1
  0:00:29.231    76M / 9G    INFO   Simplification           (parallel_processing.hpp   : 165)   Running Tip clipper
  0:00:29.233    76M / 9G    INFO   Simplification           (parallel_processing.hpp   : 167)   Tip clipper triggered 28 times
  0:00:29.233    76M / 9G    INFO   Simplification           (parallel_processing.hpp   : 165)   Running Bulge remover
  0:00:29.382    76M / 9G    INFO   Simplification           (parallel_processing.hpp   : 167)   Bulge remover triggered 445 times
  0:00:29.382    76M / 9G    INFO   Simplification           (parallel_processing.hpp   : 165)   Running Low coverage edge remover
  0:00:29.409    76M / 9G    INFO   Simplification           (parallel_processing.hpp   : 167)   Low coverage edge remover triggered 116 times
  0:00:29.409    76M / 9G    INFO    General                 (simplification.cpp        : 362)   PROCEDURE == Simplification cycle, iteration 2
  0:00:29.409    76M / 9G    INFO   Simplification           (parallel_processing.hpp   : 165)   Running Tip clipper
  0:00:29.409    76M / 9G    INFO   Simplification           (parallel_processing.hpp   : 167)   Tip clipper triggered 5 times
  0:00:29.409    76M / 9G    INFO   Simplification           (parallel_processing.hpp   : 165)   Running Bulge remover
  0:00:29.415    76M / 9G    INFO   Simplification           (parallel_processing.hpp   : 167)   Bulge remover triggered 24 times
  0:00:29.415    76M / 9G    INFO   Simplification           (parallel_processing.hpp   : 165)   Running Low coverage edge remover
  0:00:29.444    76M / 9G    INFO   Simplification           (parallel_processing.hpp   : 167)   Low coverage edge remover triggered 129 times
  0:00:29.444    76M / 9G    INFO    General                 (simplification.cpp        : 362)   PROCEDURE == Simplification cycle, iteration 3
  0:00:29.444    76M / 9G    INFO   Simplification           (parallel_processing.hpp   : 165)   Running Tip clipper
  0:00:29.444    76M / 9G    INFO   Simplification           (parallel_processing.hpp   : 167)   Tip clipper triggered 9 times
  0:00:29.444    76M / 9G    INFO   Simplification           (parallel_processing.hpp   : 165)   Running Bulge remover
  0:00:29.454    76M / 9G    INFO   Simplification           (parallel_processing.hpp   : 167)   Bulge remover triggered 24 times
  0:00:29.454    76M / 9G    INFO   Simplification           (parallel_processing.hpp   : 165)   Running Low coverage edge remover
  0:00:29.459    76M / 9G    INFO   Simplification           (parallel_processing.hpp   : 167)   Low coverage edge remover triggered 16 times
  0:00:29.459    76M / 9G    INFO    General                 (simplification.cpp        : 362)   PROCEDURE == Simplification cycle, iteration 4
  0:00:29.459    76M / 9G    INFO   Simplification           (parallel_processing.hpp   : 165)   Running Tip clipper
  0:00:29.459    76M / 9G    INFO   Simplification           (parallel_processing.hpp   : 167)   Tip clipper triggered 3 times
  0:00:29.459    76M / 9G    INFO   Simplification           (parallel_processing.hpp   : 165)   Running Bulge remover
  0:00:29.460    76M / 9G    INFO   Simplification           (parallel_processing.hpp   : 167)   Bulge remover triggered 4 times
  0:00:29.460    76M / 9G    INFO   Simplification           (parallel_processing.hpp   : 165)   Running Low coverage edge remover
  0:00:29.463    76M / 9G    INFO   Simplification           (parallel_processing.hpp   : 167)   Low coverage edge remover triggered 6 times
  0:00:29.463    76M / 9G    INFO    General                 (simplification.cpp        : 362)   PROCEDURE == Simplification cycle, iteration 5
  0:00:29.463    76M / 9G    INFO   Simplification           (parallel_processing.hpp   : 165)   Running Tip clipper
  0:00:29.463    76M / 9G    INFO   Simplification           (parallel_processing.hpp   : 167)   Tip clipper triggered 1 times
  0:00:29.463    76M / 9G    INFO   Simplification           (parallel_processing.hpp   : 165)   Running Bulge remover
  0:00:29.464    76M / 9G    INFO   Simplification           (parallel_processing.hpp   : 167)   Bulge remover triggered 1 times
  0:00:29.464    76M / 9G    INFO   Simplification           (parallel_processing.hpp   : 165)   Running Low coverage edge remover
  0:00:29.464    76M / 9G    INFO   Simplification           (parallel_processing.hpp   : 167)   Low coverage edge remover triggered 2 times
  0:00:29.464    76M / 9G    INFO    General                 (simplification.cpp        : 362)   PROCEDURE == Simplification cycle, iteration 6
  0:00:29.464    76M / 9G    INFO   Simplification           (parallel_processing.hpp   : 165)   Running Tip clipper
  0:00:29.464    76M / 9G    INFO   Simplification           (parallel_processing.hpp   : 167)   Tip clipper triggered 0 times
  0:00:29.464    76M / 9G    INFO   Simplification           (parallel_processing.hpp   : 165)   Running Bulge remover
  0:00:29.464    76M / 9G    INFO   Simplification           (parallel_processing.hpp   : 167)   Bulge remover triggered 1 times
  0:00:29.464    76M / 9G    INFO   Simplification           (parallel_processing.hpp   : 165)   Running Low coverage edge remover
  0:00:29.464    76M / 9G    INFO   Simplification           (parallel_processing.hpp   : 167)   Low coverage edge remover triggered 0 times
  0:00:29.464    76M / 9G    INFO    General                 (simplification.cpp        : 362)   PROCEDURE == Simplification cycle, iteration 7
  0:00:29.464    76M / 9G    INFO   Simplification           (parallel_processing.hpp   : 165)   Running Tip clipper
  0:00:29.464    76M / 9G    INFO   Simplification           (parallel_processing.hpp   : 167)   Tip clipper triggered 0 times
  0:00:29.464    76M / 9G    INFO   Simplification           (parallel_processing.hpp   : 165)   Running Bulge remover
  0:00:29.464    76M / 9G    INFO   Simplification           (parallel_processing.hpp   : 167)   Bulge remover triggered 0 times
  0:00:29.464    76M / 9G    INFO   Simplification           (parallel_processing.hpp   : 165)   Running Low coverage edge remover
  0:00:29.466    76M / 9G    INFO   Simplification           (parallel_processing.hpp   : 167)   Low coverage edge remover triggered 2 times
  0:00:29.466    76M / 9G    INFO    General                 (simplification.cpp        : 362)   PROCEDURE == Simplification cycle, iteration 8
  0:00:29.466    76M / 9G    INFO   Simplification           (parallel_processing.hpp   : 165)   Running Tip clipper
  0:00:29.466    76M / 9G    INFO   Simplification           (parallel_processing.hpp   : 167)   Tip clipper triggered 0 times
  0:00:29.466    76M / 9G    INFO   Simplification           (parallel_processing.hpp   : 165)   Running Bulge remover
  0:00:29.467    76M / 9G    INFO   Simplification           (parallel_processing.hpp   : 167)   Bulge remover triggered 1 times
  0:00:29.467    76M / 9G    INFO   Simplification           (parallel_processing.hpp   : 165)   Running Low coverage edge remover
  0:00:29.467    76M / 9G    INFO   Simplification           (parallel_processing.hpp   : 167)   Low coverage edge remover triggered 0 times
  0:00:29.467    76M / 9G    INFO    General                 (simplification.cpp        : 362)   PROCEDURE == Simplification cycle, iteration 9
  0:00:29.467    76M / 9G    INFO   Simplification           (parallel_processing.hpp   : 165)   Running Tip clipper
  0:00:29.467    76M / 9G    INFO   Simplification           (parallel_processing.hpp   : 167)   Tip clipper triggered 0 times
  0:00:29.467    76M / 9G    INFO   Simplification           (parallel_processing.hpp   : 165)   Running Bulge remover
  0:00:29.467    76M / 9G    INFO   Simplification           (parallel_processing.hpp   : 167)   Bulge remover triggered 0 times
  0:00:29.467    76M / 9G    INFO   Simplification           (parallel_processing.hpp   : 165)   Running Low coverage edge remover
  0:00:29.467    76M / 9G    INFO   Simplification           (parallel_processing.hpp   : 167)   Low coverage edge remover triggered 3 times
  0:00:29.467    76M / 9G    INFO    General                 (simplification.cpp        : 362)   PROCEDURE == Simplification cycle, iteration 10
  0:00:29.467    76M / 9G    INFO   Simplification           (parallel_processing.hpp   : 165)   Running Tip clipper
  0:00:29.467    76M / 9G    INFO   Simplification           (parallel_processing.hpp   : 167)   Tip clipper triggered 0 times
  0:00:29.467    76M / 9G    INFO   Simplification           (parallel_processing.hpp   : 165)   Running Bulge remover
  0:00:29.467    76M / 9G    INFO   Simplification           (parallel_processing.hpp   : 167)   Bulge remover triggered 0 times
  0:00:29.467    76M / 9G    INFO   Simplification           (parallel_processing.hpp   : 165)   Running Low coverage edge remover
  0:00:29.467    76M / 9G    INFO   Simplification           (parallel_processing.hpp   : 167)   Low coverage edge remover triggered 0 times
  0:00:29.467    76M / 9G    INFO    General                 (simplification.cpp        : 362)   PROCEDURE == Simplification cycle, iteration 11
  0:00:29.467    76M / 9G    INFO   Simplification           (parallel_processing.hpp   : 165)   Running Tip clipper
  0:00:29.467    76M / 9G    INFO   Simplification           (parallel_processing.hpp   : 167)   Tip clipper triggered 0 times
  0:00:29.467    76M / 9G    INFO   Simplification           (parallel_processing.hpp   : 165)   Running Bulge remover
  0:00:29.467    76M / 9G    INFO   Simplification           (parallel_processing.hpp   : 167)   Bulge remover triggered 0 times
  0:00:29.467    76M / 9G    INFO   Simplification           (parallel_processing.hpp   : 165)   Running Low coverage edge remover
  0:00:29.467    76M / 9G    INFO   Simplification           (parallel_processing.hpp   : 167)   Low coverage edge remover triggered 0 times
  0:00:29.467    76M / 9G    INFO   StageManager             (stage.cpp                 : 132)   STAGE == Gap Closer
  0:00:29.468    76M / 9G    INFO    General                 (graph_pack.hpp            : 101)   Index refill
  0:00:29.468    76M / 9G    INFO   K-mer Index Building     (kmer_index_builder.hpp    : 301)   Building kmer index
  0:00:29.468    76M / 9G    INFO    General                 (kmer_index_builder.hpp    : 117)   Splitting kmer instances into 256 files using 16 threads. This might take a while.
  0:00:29.468    76M / 9G    INFO    General                 (file_limit.hpp            :  32)   Open file limit set to 1024
  0:00:29.468    76M / 9G    INFO    General                 (kmer_splitters.hpp        :  89)   Memory available for splitting buffers: 1.29012 Gb
  0:00:29.468    76M / 9G    INFO    General                 (kmer_splitters.hpp        :  97)   Using cell size of 87381
  0:00:29.677     8G / 9G    INFO    General                 (edge_index_builders.hpp   :  82)   Used 584 sequences.
  0:00:29.759    76M / 9G    INFO    General                 (kmer_index_builder.hpp    : 120)   Starting k-mer counting.
  0:00:29.963    76M / 9G    INFO    General                 (kmer_index_builder.hpp    : 127)   K-mer counting done. There are 5118757 kmers in total.
  0:00:29.963    76M / 9G    INFO    General                 (kmer_index_builder.hpp    : 133)   Merging temporary buckets.
  0:00:30.070    76M / 9G    INFO   K-mer Index Building     (kmer_index_builder.hpp    : 314)   Building perfect hash indices
  0:00:30.220    76M / 9G    INFO    General                 (kmer_index_builder.hpp    : 150)   Merging final buckets.
  0:00:30.764    76M / 9G    INFO   K-mer Index Building     (kmer_index_builder.hpp    : 336)   Index built. Total 2381808 bytes occupied (3.72248 bits per kmer).
  0:00:30.909   196M / 9G    INFO    General                 (edge_index_builders.hpp   : 107)   Collecting edge information from graph, this takes a while.
  0:00:31.464   196M / 9G    INFO    General                 (edge_index.hpp            :  92)   Index refilled
  0:00:31.464   196M / 9G    INFO    General                 (gap_closer.cpp            : 159)   Preparing shift maps
  0:00:31.464   196M / 9G    INFO    General                 (gap_closer.cpp            : 119)   Processing paired reads (takes a while)
  0:00:33.189   196M / 9G    INFO    General                 (gap_closer.cpp            : 138)   Used 3064220 paired reads
  0:00:33.189   196M / 9G    INFO    General                 (gap_closer.cpp            : 140)   Merging paired indices
  0:00:33.189   196M / 9G    INFO   GapCloser                (gap_closer.cpp            : 346)   Closing short gaps
  0:00:33.190   196M / 9G    INFO   GapCloser                (gap_closer.cpp            : 378)   Closing short gaps complete: filled 0 gaps after checking 2 candidates
  0:00:33.191   196M / 9G    INFO   StageManager             (stage.cpp                 : 132)   STAGE == Simplification Cleanup
  0:00:33.191   196M / 9G    INFO    General                 (simplification.cpp        : 196)   PROCEDURE == Post simplification
  0:00:33.191   196M / 9G    INFO    General                 (graph_simplification.hpp  : 458)   Disconnection of relatively low covered edges disabled
  0:00:33.191   196M / 9G    INFO    General                 (graph_simplification.hpp  : 494)   Complex tip clipping disabled
  0:00:33.191   196M / 9G    INFO    General                 (graph_simplification.hpp  : 641)   Creating parallel br instance
  0:00:33.191   196M / 9G    INFO   Simplification           (parallel_processing.hpp   : 165)   Running Tip clipper
  0:00:33.191   196M / 9G    INFO   Simplification           (parallel_processing.hpp   : 167)   Tip clipper triggered 0 times
  0:00:33.191   196M / 9G    INFO   Simplification           (parallel_processing.hpp   : 165)   Running Bulge remover
  0:00:33.191   196M / 9G    INFO   Simplification           (parallel_processing.hpp   : 167)   Bulge remover triggered 0 times
  0:00:33.191   196M / 9G    INFO   Simplification           (parallel_processing.hpp   : 165)   Running Tip clipper
  0:00:33.192   196M / 9G    INFO   Simplification           (parallel_processing.hpp   : 167)   Tip clipper triggered 0 times
  0:00:33.192   196M / 9G    INFO   Simplification           (parallel_processing.hpp   : 165)   Running Bulge remover
  0:00:33.192   196M / 9G    INFO   Simplification           (parallel_processing.hpp   : 167)   Bulge remover triggered 0 times
  0:00:33.192   196M / 9G    INFO    General                 (simplification.cpp        : 330)   Disrupting self-conjugate edges
  0:00:33.192   196M / 9G    INFO   Simplification           (parallel_processing.hpp   : 165)   Running Removing isolated edges
  0:00:33.192   196M / 9G    INFO   Simplification           (parallel_processing.hpp   : 167)   Removing isolated edges triggered 0 times
  0:00:33.192   196M / 9G    INFO    General                 (simplification.cpp        : 470)   Counting average coverage
  0:00:33.193   196M / 9G    INFO    General                 (simplification.cpp        : 476)   Average coverage = 86.2651
  0:00:33.193   196M / 9G    INFO   StageManager             (stage.cpp                 : 132)   STAGE == Mismatch Correction
  0:00:33.193   196M / 9G    INFO    General                 (graph_pack.hpp            : 109)   Normalizing k-mer map. Total 80672 kmers to process
  0:00:33.282   196M / 9G    INFO    General                 (graph_pack.hpp            : 111)   Normalizing done
  0:00:37.586   200M / 9G    INFO    General                 (mismatch_shall_not_pass.hp: 189)   Finished collecting potential mismatches positions
  0:00:37.649   196M / 9G    INFO    General                 (mismatch_shall_not_pass.hp: 290)   All edges processed
  0:00:37.649   196M / 9G    INFO    General                 (mismatch_correction.cpp   :  27)   Corrected 0 nucleotides
  0:00:37.649   196M / 9G    INFO   StageManager             (stage.cpp                 : 132)   STAGE == Chromosome Removal
  0:00:37.649   196M / 9G    INFO    General                 (contig_output.hpp         :  22)   Outputting contigs to /data/djs217/PROJECTS/42_Xanthomonas/xanthomonas-euvesicatoria-serbia/01-genome-de-novo-assembly/SRR24958751_plasmid_assembly//K77/before_chromosome_removal.fasta
  0:00:37.691   196M / 9G    INFO    General                 (chromosome_removal.cpp    : 141)   Before iteration 0, 548 vertices in graph
  0:00:37.691   196M / 9G    INFO    General                 (chromosome_removal.cpp    :  73)   Removing of long chromosomal edges started
  0:00:37.691   196M / 9G    INFO    General                 (coverage_uniformity_analyz:  31)   genomic coverage is 83.0006 calculated of length 5083359
  0:00:37.691   196M / 9G    INFO    General                 (chromosome_removal.cpp    :  95)   2% of bases from long edges have coverage significantly different from median
  0:00:37.691   196M / 9G    INFO    General                 (chromosome_removal.cpp    : 102)   Connected components calculated
  0:00:40.662   196M / 9G    INFO    General                 (chromosome_removal.cpp    : 121)   Deleted 75 long edges
  0:00:40.726   196M / 9G    INFO    General                 (chromosome_removal.cpp    : 149)   Before iteration 1 412 vertices in graph
  0:00:40.726   196M / 9G    INFO    General                 (chromosome_removal.cpp    :  73)   Removing of long chromosomal edges started
  0:00:40.727   196M / 9G    INFO    General                 (chromosome_removal.cpp    : 121)   Deleted 1 long edges
  0:00:40.727   196M / 9G    INFO    General                 (chromosome_removal.cpp    : 151)   Before dead_end simplification 0 410 vertices in graph
  0:00:40.728   192M / 9G    INFO    General                 (chromosome_removal.cpp    : 149)   Before iteration 2 410 vertices in graph
  0:00:40.728   192M / 9G    INFO    General                 (chromosome_removal.cpp    :  73)   Removing of long chromosomal edges started
  0:00:40.728   192M / 9G    INFO    General                 (chromosome_removal.cpp    : 121)   Deleted 0 long edges
  0:00:40.728   192M / 9G    INFO    General                 (chromosome_removal.cpp    : 151)   Before dead_end simplification 1 410 vertices in graph
  0:00:40.729   192M / 9G    INFO    General                 (chromosome_removal.cpp    : 156)   Iteration 1 graph was not changed
  0:00:40.729   192M / 9G    INFO    General                 (chromosome_removal.cpp    : 157)   410 vertices left
  0:00:40.755   192M / 9G    INFO    General                 (chromosome_removal.cpp    : 205)   Iteration 1 of small components additional filtering graph was not changed
  0:00:40.755   192M / 9G    INFO    General                 (chromosome_removal.cpp    : 209)   After plasmidSPAdes subroutine 70 vertices left
  0:00:40.755   192M / 9G    INFO    General                 (chromosome_removal.cpp    : 214)   Counting average coverage after genomic edge removal
  0:00:40.755   192M / 9G    INFO    General                 (chromosome_removal.cpp    : 217)   Average coverage = 220.275
  0:00:40.755   192M / 9G    INFO   StageManager             (stage.cpp                 : 132)   STAGE == Contig Output
  0:00:40.755   192M / 9G    INFO    General                 (contig_output_stage.cpp   :  45)   Writing GFA to /data/djs217/PROJECTS/42_Xanthomonas/xanthomonas-euvesicatoria-serbia/01-genome-de-novo-assembly/SRR24958751_plasmid_assembly//K77/assembly_graph_with_scaffolds.gfa
  0:00:40.757   192M / 9G    INFO    General                 (contig_output.hpp         :  22)   Outputting contigs to /data/djs217/PROJECTS/42_Xanthomonas/xanthomonas-euvesicatoria-serbia/01-genome-de-novo-assembly/SRR24958751_plasmid_assembly//K77/before_rr.fasta
  0:00:40.758   192M / 9G    INFO    General                 (contig_output_stage.cpp   :  56)   Outputting FastG graph to /data/djs217/PROJECTS/42_Xanthomonas/xanthomonas-euvesicatoria-serbia/01-genome-de-novo-assembly/SRR24958751_plasmid_assembly//K77/assembly_graph.fastg
  0:00:40.760   192M / 9G    INFO    General                 (contig_output.hpp         :  22)   Outputting contigs to /data/djs217/PROJECTS/42_Xanthomonas/xanthomonas-euvesicatoria-serbia/01-genome-de-novo-assembly/SRR24958751_plasmid_assembly//K77/final_contigs.fasta
  0:00:40.762   192M / 9G    INFO   StageManager             (stage.cpp                 : 132)   STAGE == Paired Information Counting
  0:00:40.762   192M / 9G    INFO    General                 (graph_pack.hpp            : 109)   Normalizing k-mer map. Total 80672 kmers to process
  0:00:40.762   192M / 9G    INFO    General                 (graph_pack.hpp            : 111)   Normalizing done
  0:00:40.762   192M / 9G    INFO    General                 (pair_info_count.cpp       : 323)   Min edge length for estimation: 7512
  0:00:40.762   192M / 9G    INFO    General                 (pair_info_count.cpp       : 334)   Estimating insert size for library #0
  0:00:40.762   192M / 9G    INFO    General                 (pair_info_count.cpp       : 190)   Estimating insert size (takes a while)
  0:00:40.879   464M / 9G    INFO    General                 (pair_info_count.cpp       :  39)   Selecting usual mapper
  0:00:53.426   464M / 9G    INFO    General                 (sequence_mapper_notifier.h:  98)   Total 3064220 reads processed
  0:00:53.470   464M / 9G    INFO    General                 (pair_info_count.cpp       : 209)   Edge pairs: 67108864 (rough upper limit)
  0:00:53.470   464M / 9G    INFO    General                 (pair_info_count.cpp       : 211)   97384 paired reads (3.1781% of all) aligned to long edges
  0:00:53.489   192M / 9G    INFO    General                 (pair_info_count.cpp       : 353)     Insert size = 352.123, deviation = 92.428, left quantile = 240, right quantile = 470, read length = 151
  0:00:53.569   384M / 9G    INFO    General                 (pair_info_count.cpp       : 374)   Filtering data for library #0
  0:00:53.569   384M / 9G    INFO    General                 (pair_info_count.cpp       :  39)   Selecting usual mapper
  0:01:05.169   384M / 9G    INFO    General                 (sequence_mapper_notifier.h:  98)   Total 3064220 reads processed
  0:01:05.170   384M / 9G    INFO    General                 (pair_info_count.cpp       : 386)   Mapping library #0
  0:01:05.170   384M / 9G    INFO    General                 (pair_info_count.cpp       : 388)   Mapping paired reads (takes a while)
  0:01:05.170   384M / 9G    INFO    General                 (pair_info_count.cpp       : 286)   Left insert size quantile 240, right insert size quantile 470, filtering threshold 2, rounding threshold 0
  0:01:05.187   396M / 9G    INFO    General                 (pair_info_count.cpp       :  39)   Selecting usual mapper
  0:01:16.870   396M / 9G    INFO    General                 (sequence_mapper_notifier.h:  98)   Total 3064220 reads processed
  0:01:16.902   192M / 9G    INFO   StageManager             (stage.cpp                 : 132)   STAGE == Distance Estimation
  0:01:16.902   192M / 9G    INFO    General                 (distance_estimation.cpp   : 173)   Processing library #0
  0:01:16.902   192M / 9G    INFO    General                 (distance_estimation.cpp   : 149)   Weight Filter Done
  0:01:16.902   192M / 9G    INFO   DistanceEstimator        (distance_estimation.hpp   : 116)   Using SIMPLE distance estimator
  0:01:16.905   192M / 9G    INFO    General                 (distance_estimation.cpp   :  34)   Filtering info
  0:01:16.905   192M / 9G    INFO    General                 (pair_info_filters.hpp     : 242)   Start filtering; index size: 366
  0:01:16.905   192M / 9G    INFO    General                 (pair_info_filters.hpp     : 263)   Done filtering
  0:01:16.905   192M / 9G    INFO    General                 (distance_estimation.cpp   : 156)   Refining clustered pair information
  0:01:16.905   192M / 9G    INFO    General                 (distance_estimation.cpp   : 158)   The refining of clustered pair information has been finished
  0:01:16.905   192M / 9G    INFO    General                 (distance_estimation.cpp   : 160)   Improving paired information
  0:01:16.906   192M / 9G    INFO   PairInfoImprover         (pair_info_improver.hpp    : 102)   Paired info stats: missing = 2; contradictional = 0
  0:01:16.906   192M / 9G    INFO   PairInfoImprover         (pair_info_improver.hpp    : 102)   Paired info stats: missing = 0; contradictional = 0
  0:01:16.906   192M / 9G    INFO    General                 (distance_estimation.cpp   : 103)   Filling scaffolding index
  0:01:16.906   192M / 9G    INFO   DistanceEstimator        (distance_estimation.hpp   : 116)   Using SMOOTHING distance estimator
  0:01:16.909   192M / 9G    INFO    General                 (distance_estimation.cpp   :  34)   Filtering info
  0:01:16.909   192M / 9G    INFO    General                 (pair_info_filters.hpp     : 242)   Start filtering; index size: 120
  0:01:16.909   192M / 9G    INFO    General                 (pair_info_filters.hpp     : 263)   Done filtering
  0:01:16.909   192M / 9G    INFO    General                 (distance_estimation.cpp   : 182)   Clearing raw paired index
  0:01:16.909   192M / 9G    INFO   StageManager             (stage.cpp                 : 132)   STAGE == Repeat Resolving
  0:01:16.909   192M / 9G    INFO    General                 (repeat_resolving.cpp      :  69)   Using Path-Extend repeat resolving
  0:01:16.909   192M / 9G    INFO    General                 (launcher.cpp              : 481)   ExSPAnder repeat resolving tool started
  0:01:16.909   192M / 9G    INFO    General                 (launcher.cpp              : 392)   Creating main extenders, unique edge length = 2000
  0:01:16.909   192M / 9G    INFO    General                 (extenders_logic.cpp       : 278)   Estimated coverage of library #0 is 220.275
  0:01:16.910   192M / 9G    INFO    General                 (extenders_logic.cpp       : 278)   Estimated coverage of library #0 is 220.275
  0:01:16.910   192M / 9G    INFO    General                 (extenders_logic.cpp       : 475)   Using 1 paired-end library
  0:01:16.910   192M / 9G    INFO    General                 (extenders_logic.cpp       : 476)   Using 1 paired-end scaffolding library
  0:01:16.910   192M / 9G    INFO    General                 (extenders_logic.cpp       : 477)   Using 0 single read libraries
  0:01:16.910   192M / 9G    INFO    General                 (launcher.cpp              : 420)   Total number of extenders is 3
  0:01:16.910   192M / 9G    INFO    General                 (path_extender.hpp         : 885)   Processed 0 paths from 52 (0%)
  0:01:16.913   192M / 9G    INFO    General                 (path_extender.hpp         : 885)   Processed 6 paths from 52 (11%)
  0:01:16.915   192M / 9G    INFO    General                 (path_extender.hpp         : 885)   Processed 12 paths from 52 (23%)
  0:01:16.915   192M / 9G    INFO    General                 (path_extender.hpp         : 885)   Processed 18 paths from 52 (34%)
  0:01:16.916   192M / 9G    INFO    General                 (path_extender.hpp         : 885)   Processed 24 paths from 52 (46%)
  0:01:16.916   192M / 9G    INFO    General                 (path_extender.hpp         : 885)   Processed 30 paths from 52 (57%)
  0:01:16.917   192M / 9G    INFO    General                 (path_extender.hpp         : 885)   Processed 36 paths from 52 (69%)
  0:01:16.919   192M / 9G    INFO    General                 (path_extender.hpp         : 885)   Processed 42 paths from 52 (80%)
  0:01:16.920   192M / 9G    INFO    General                 (path_extender.hpp         : 885)   Processed 48 paths from 52 (92%)
  0:01:16.920   192M / 9G    INFO    General                 (launcher.cpp              : 234)   Finalizing paths
  0:01:16.920   192M / 9G    INFO    General                 (launcher.cpp              : 236)   Deduplicating paths
  0:01:16.920   192M / 9G    INFO    General                 (launcher.cpp              : 240)   Paths deduplicated
  0:01:16.920   192M / 9G    INFO   PEResolver               (pe_resolver.hpp           : 295)   Removing overlaps
  0:01:16.920   192M / 9G    INFO   PEResolver               (pe_resolver.hpp           : 298)   Sorting paths
  0:01:16.920   192M / 9G    INFO   PEResolver               (pe_resolver.hpp           : 305)   Marking overlaps
  0:01:16.920   192M / 9G    INFO   OverlapRemover           (pe_resolver.hpp           : 130)   Marking start/end overlaps
  0:01:16.920   192M / 9G    INFO   OverlapRemover           (pe_resolver.hpp           : 133)   Marking remaining overlaps
  0:01:16.921   192M / 9G    INFO   PEResolver               (pe_resolver.hpp           : 308)   Splitting paths
  0:01:16.921   192M / 9G    INFO   PEResolver               (pe_resolver.hpp           : 313)   Deduplicating paths
  0:01:16.921   192M / 9G    INFO   PEResolver               (pe_resolver.hpp           : 315)   Overlaps removed
  0:01:16.921   192M / 9G    INFO    General                 (launcher.cpp              : 257)   Paths finalized
  0:01:16.921   192M / 9G    INFO    General                 (launcher.cpp              : 427)   Closing gaps in paths
  0:01:16.921   192M / 9G    INFO    General                 (launcher.cpp              : 455)   Gap closing completed
  0:01:16.921   192M / 9G    INFO    General                 (launcher.cpp              : 286)   Traversing tandem repeats
  0:01:16.921   192M / 9G    INFO    General                 (launcher.cpp              : 296)   Traversed 0 loops
  0:01:16.921   192M / 9G    INFO    General                 (launcher.cpp              : 234)   Finalizing paths
  0:01:16.921   192M / 9G    INFO    General                 (launcher.cpp              : 236)   Deduplicating paths
  0:01:16.921   192M / 9G    INFO    General                 (launcher.cpp              : 240)   Paths deduplicated
  0:01:16.921   192M / 9G    INFO   PEResolver               (pe_resolver.hpp           : 295)   Removing overlaps
  0:01:16.921   192M / 9G    INFO   PEResolver               (pe_resolver.hpp           : 298)   Sorting paths
  0:01:16.921   192M / 9G    INFO   PEResolver               (pe_resolver.hpp           : 305)   Marking overlaps
  0:01:16.921   192M / 9G    INFO   OverlapRemover           (pe_resolver.hpp           : 130)   Marking start/end overlaps
  0:01:16.921   192M / 9G    INFO   OverlapRemover           (pe_resolver.hpp           : 133)   Marking remaining overlaps
  0:01:16.921   192M / 9G    INFO   PEResolver               (pe_resolver.hpp           : 308)   Splitting paths
  0:01:16.921   192M / 9G    INFO   PEResolver               (pe_resolver.hpp           : 313)   Deduplicating paths
  0:01:16.922   192M / 9G    INFO   PEResolver               (pe_resolver.hpp           : 315)   Overlaps removed
  0:01:16.922   192M / 9G    INFO    General                 (launcher.cpp              : 257)   Paths finalized
  0:01:16.922   192M / 9G    INFO    General                 (launcher.cpp              : 534)   ExSPAnder repeat resolving tool finished
  0:01:16.922   192M / 9G    INFO   StageManager             (stage.cpp                 : 132)   STAGE == Contig Output
  0:01:16.922   192M / 9G    INFO    General                 (contig_output_stage.cpp   :  45)   Writing GFA to /data/djs217/PROJECTS/42_Xanthomonas/xanthomonas-euvesicatoria-serbia/01-genome-de-novo-assembly/SRR24958751_plasmid_assembly//K77/assembly_graph_with_scaffolds.gfa
  0:01:16.923   192M / 9G    INFO    General                 (contig_output.hpp         :  22)   Outputting contigs to /data/djs217/PROJECTS/42_Xanthomonas/xanthomonas-euvesicatoria-serbia/01-genome-de-novo-assembly/SRR24958751_plasmid_assembly//K77/before_rr.fasta
  0:01:16.924   192M / 9G    INFO    General                 (contig_output_stage.cpp   :  56)   Outputting FastG graph to /data/djs217/PROJECTS/42_Xanthomonas/xanthomonas-euvesicatoria-serbia/01-genome-de-novo-assembly/SRR24958751_plasmid_assembly//K77/assembly_graph.fastg
  0:01:16.927   192M / 9G    INFO    General                 (contig_output_stage.cpp   :  20)   Outputting FastG paths to /data/djs217/PROJECTS/42_Xanthomonas/xanthomonas-euvesicatoria-serbia/01-genome-de-novo-assembly/SRR24958751_plasmid_assembly//K77/final_contigs.paths
  0:01:16.928   192M / 9G    INFO    General                 (contig_output_stage.cpp   :  20)   Outputting FastG paths to /data/djs217/PROJECTS/42_Xanthomonas/xanthomonas-euvesicatoria-serbia/01-genome-de-novo-assembly/SRR24958751_plasmid_assembly//K77/scaffolds.paths
  0:01:16.930   192M / 9G    INFO    General                 (launch.hpp                : 151)   SPAdes finished
  0:01:16.969    64M / 9G    INFO    General                 (main.cpp                  : 109)   Assembling time: 0 hours 1 minutes 16 seconds

===== Assembling finished. Used k-mer sizes: 21, 33, 55, 77 

 * Corrected reads are in /data/djs217/PROJECTS/42_Xanthomonas/xanthomonas-euvesicatoria-serbia/01-genome-de-novo-assembly/SRR24958751_plasmid_assembly/corrected/
 * Assembled contigs are in /data/djs217/PROJECTS/42_Xanthomonas/xanthomonas-euvesicatoria-serbia/01-genome-de-novo-assembly/SRR24958751_plasmid_assembly/contigs.fasta
 * Assembled scaffolds are in /data/djs217/PROJECTS/42_Xanthomonas/xanthomonas-euvesicatoria-serbia/01-genome-de-novo-assembly/SRR24958751_plasmid_assembly/scaffolds.fasta
 * Paths in the assembly graph corresponding to the contigs are in /data/djs217/PROJECTS/42_Xanthomonas/xanthomonas-euvesicatoria-serbia/01-genome-de-novo-assembly/SRR24958751_plasmid_assembly/contigs.paths
 * Paths in the assembly graph corresponding to the scaffolds are in /data/djs217/PROJECTS/42_Xanthomonas/xanthomonas-euvesicatoria-serbia/01-genome-de-novo-assembly/SRR24958751_plasmid_assembly/scaffolds.paths
 * Assembly graph is in /data/djs217/PROJECTS/42_Xanthomonas/xanthomonas-euvesicatoria-serbia/01-genome-de-novo-assembly/SRR24958751_plasmid_assembly/assembly_graph.fastg
 * Assembly graph in GFA format is in /data/djs217/PROJECTS/42_Xanthomonas/xanthomonas-euvesicatoria-serbia/01-genome-de-novo-assembly/SRR24958751_plasmid_assembly/assembly_graph_with_scaffolds.gfa

======= SPAdes pipeline finished.

SPAdes log can be found here: /data/djs217/PROJECTS/42_Xanthomonas/xanthomonas-euvesicatoria-serbia/01-genome-de-novo-assembly/SRR24958751_plasmid_assembly/spades.log

Thank you for using SPAdes!
