Command line: /usr/lib/spades/bin/plasmidspades.py	-1	/data/djs217/PROJECTS/41_Xanthomonas/xanthomonas-euvesicatoria-serbia/10_plasmidspades/SRR24958751_1_val_1.fq.gz	-2	/data/djs217/PROJECTS/41_Xanthomonas/xanthomonas-euvesicatoria-serbia/10_plasmidspades/SRR24958751_2_val_2.fq.gz	-o	/data/djs217/PROJECTS/41_Xanthomonas/xanthomonas-euvesicatoria-serbia/10_plasmidspades/SRR24958751_trimmed__plasmid_assembly	

System information:
  SPAdes version: 3.13.1
  Python version: 3.10.12
  OS: Linux-5.15.0-143-generic-x86_64-with-glibc2.35

Output dir: /data/djs217/PROJECTS/41_Xanthomonas/xanthomonas-euvesicatoria-serbia/10_plasmidspades/SRR24958751_trimmed__plasmid_assembly
Mode: read error correction and assembling
Debug mode is turned OFF

Dataset parameters:
  Multi-cell mode (you should set '--sc' flag if input data was obtained with MDA (single-cell) technology or --meta flag if processing metagenomic dataset)
  Reads:
    Library number: 1, library type: paired-end
      orientation: fr
      left reads: ['/data/djs217/PROJECTS/41_Xanthomonas/xanthomonas-euvesicatoria-serbia/10_plasmidspades/SRR24958751_1_val_1.fq.gz']
      right reads: ['/data/djs217/PROJECTS/41_Xanthomonas/xanthomonas-euvesicatoria-serbia/10_plasmidspades/SRR24958751_2_val_2.fq.gz']
      interlaced reads: not specified
      single reads: not specified
      merged reads: not specified
Read error correction parameters:
  Iterations: 1
  PHRED offset will be auto-detected
  Corrected reads will be compressed
Assembly parameters:
  k: automatic selection based on read length
  Plasmid mode is turned ON
  Repeat resolution is enabled
  Mismatch careful mode is turned OFF
  MismatchCorrector will be SKIPPED
  Coverage cutoff is turned OFF
Other parameters:
  Dir for temp files: /data/djs217/PROJECTS/41_Xanthomonas/xanthomonas-euvesicatoria-serbia/10_plasmidspades/SRR24958751_trimmed__plasmid_assembly/tmp
  Threads: 16
  Memory limit (in Gb): 62


======= SPAdes pipeline started. Log can be found here: /data/djs217/PROJECTS/41_Xanthomonas/xanthomonas-euvesicatoria-serbia/10_plasmidspades/SRR24958751_trimmed__plasmid_assembly/spades.log


===== Read error correction started. 


== Running read error correction tool: /usr/lib/spades/bin/spades-hammer /data/djs217/PROJECTS/41_Xanthomonas/xanthomonas-euvesicatoria-serbia/10_plasmidspades/SRR24958751_trimmed__plasmid_assembly/corrected/configs/config.info

  0:00:00.000     4M / 4M    INFO    General                 (main.cpp                  :  75)   Starting BayesHammer, built from N/A, git revision N/A
  0:00:00.000     4M / 4M    INFO    General                 (main.cpp                  :  76)   Loading config from /data/djs217/PROJECTS/41_Xanthomonas/xanthomonas-euvesicatoria-serbia/10_plasmidspades/SRR24958751_trimmed__plasmid_assembly/corrected/configs/config.info
  0:00:00.001     4M / 4M    INFO    General                 (main.cpp                  :  78)   Maximum # of threads to use (adjusted due to OMP capabilities): 16
  0:00:00.001     4M / 4M    INFO    General                 (memory_limit.cpp          :  49)   Memory limit set to 62 Gb
  0:00:00.001     4M / 4M    INFO    General                 (main.cpp                  :  86)   Trying to determine PHRED offset
  0:00:00.001     4M / 4M    INFO    General                 (main.cpp                  :  92)   Determined value is 33
  0:00:00.001     4M / 4M    INFO    General                 (hammer_tools.cpp          :  36)   Hamming graph threshold tau=1, k=21, subkmer positions = [ 0 10 ]
  0:00:00.001     4M / 4M    INFO    General                 (main.cpp                  : 113)   Size of aux. kmer data 24 bytes
     === ITERATION 0 begins ===
  0:00:00.002     4M / 4M    INFO   K-mer Index Building     (kmer_index_builder.hpp    : 301)   Building kmer index
  0:00:00.002     4M / 4M    INFO    General                 (kmer_index_builder.hpp    : 117)   Splitting kmer instances into 256 files using 16 threads. This might take a while.
  0:00:00.002     4M / 4M    INFO    General                 (file_limit.hpp            :  32)   Open file limit set to 1024
  0:00:00.002     4M / 4M    INFO    General                 (kmer_splitters.hpp        :  89)   Memory available for splitting buffers: 1.29159 Gb
  0:00:00.002     4M / 4M    INFO    General                 (kmer_splitters.hpp        :  97)   Using cell size of 262144
  0:00:00.054     8G / 8G    INFO   K-mer Splitting          (kmer_data.cpp             :  97)   Processing /data/djs217/PROJECTS/41_Xanthomonas/xanthomonas-euvesicatoria-serbia/10_plasmidspades/SRR24958751_1_val_1.fq.gz
  0:00:11.940     8G / 9G    INFO   K-mer Splitting          (kmer_data.cpp             : 107)   Processed 2701923 reads
  0:00:13.666     8G / 9G    INFO   K-mer Splitting          (kmer_data.cpp             : 107)   Processed 3071600 reads
  0:00:13.666     8G / 9G    INFO   K-mer Splitting          (kmer_data.cpp             :  97)   Processing /data/djs217/PROJECTS/41_Xanthomonas/xanthomonas-euvesicatoria-serbia/10_plasmidspades/SRR24958751_2_val_2.fq.gz
  0:00:27.395     8G / 9G    INFO   K-mer Splitting          (kmer_data.cpp             : 107)   Processed 6143200 reads
  0:00:27.395     8G / 9G    INFO   K-mer Splitting          (kmer_data.cpp             : 112)   Total 6143200 reads processed
  0:00:27.940    64M / 9G    INFO    General                 (kmer_index_builder.hpp    : 120)   Starting k-mer counting.
  0:00:28.278    64M / 9G    INFO    General                 (kmer_index_builder.hpp    : 127)   K-mer counting done. There are 59465672 kmers in total.
  0:00:28.278    64M / 9G    INFO    General                 (kmer_index_builder.hpp    : 133)   Merging temporary buckets.
  0:00:28.593    64M / 9G    INFO   K-mer Index Building     (kmer_index_builder.hpp    : 314)   Building perfect hash indices
  0:00:29.357    64M / 9G    INFO    General                 (kmer_index_builder.hpp    : 150)   Merging final buckets.
  0:00:31.163    64M / 9G    INFO   K-mer Index Building     (kmer_index_builder.hpp    : 336)   Index built. Total 27582520 bytes occupied (3.71071 bits per kmer).
  0:00:31.164    64M / 9G    INFO   K-mer Counting           (kmer_data.cpp             : 356)   Arranging kmers in hash map order
  0:00:32.639   976M / 9G    INFO    General                 (main.cpp                  : 148)   Clustering Hamming graph.
  0:01:12.658   976M / 9G    INFO    General                 (main.cpp                  : 155)   Extracting clusters
  0:01:24.381   976M / 9G    INFO    General                 (main.cpp                  : 167)   Clustering done. Total clusters: 21460490
  0:01:24.400   520M / 9G    INFO   K-mer Counting           (kmer_data.cpp             : 376)   Collecting K-mer information, this takes a while.
  0:01:24.939     1G / 9G    INFO   K-mer Counting           (kmer_data.cpp             : 382)   Processing /data/djs217/PROJECTS/41_Xanthomonas/xanthomonas-euvesicatoria-serbia/10_plasmidspades/SRR24958751_1_val_1.fq.gz
  0:01:56.606     1G / 9G    INFO   K-mer Counting           (kmer_data.cpp             : 382)   Processing /data/djs217/PROJECTS/41_Xanthomonas/xanthomonas-euvesicatoria-serbia/10_plasmidspades/SRR24958751_2_val_2.fq.gz
  0:02:26.014     1G / 9G    INFO   K-mer Counting           (kmer_data.cpp             : 389)   Collection done, postprocessing.
  0:02:26.260     1G / 9G    INFO   K-mer Counting           (kmer_data.cpp             : 402)   There are 59465672 kmers in total. Among them 44820278 (75.3717%) are singletons.
  0:02:26.260     1G / 9G    INFO    General                 (main.cpp                  : 173)   Subclustering Hamming graph
  0:02:31.318     1G / 9G    INFO   Hamming Subclustering    (kmer_cluster.cpp          : 649)   Subclustering done. Total 57 non-read kmers were generated.
  0:02:31.318     1G / 9G    INFO   Hamming Subclustering    (kmer_cluster.cpp          : 650)   Subclustering statistics:
  0:02:31.318     1G / 9G    INFO   Hamming Subclustering    (kmer_cluster.cpp          : 651)     Total singleton hamming clusters: 12049612. Among them 1424364 (11.8208%) are good
  0:02:31.318     1G / 9G    INFO   Hamming Subclustering    (kmer_cluster.cpp          : 652)     Total singleton subclusters: 16529. Among them 15475 (93.6233%) are good
  0:02:31.318     1G / 9G    INFO   Hamming Subclustering    (kmer_cluster.cpp          : 653)     Total non-singleton subcluster centers: 9820970. Among them 8870178 (90.3188%) are good
  0:02:31.318     1G / 9G    INFO   Hamming Subclustering    (kmer_cluster.cpp          : 654)     Average size of non-trivial subcluster: 4.82805 kmers
  0:02:31.318     1G / 9G    INFO   Hamming Subclustering    (kmer_cluster.cpp          : 655)     Average number of sub-clusters per non-singleton cluster: 1.04533
  0:02:31.318     1G / 9G    INFO   Hamming Subclustering    (kmer_cluster.cpp          : 656)     Total solid k-mers: 10310017
  0:02:31.318     1G / 9G    INFO   Hamming Subclustering    (kmer_cluster.cpp          : 657)     Substitution probabilities: [4,4]((0.905384,0.0398379,0.00542752,0.0493508),(0.0150969,0.973569,0.00550743,0.00582684),(0.00579801,0.00545353,0.973592,0.0151565),(0.0492699,0.00536512,0.0397301,0.905635))
  0:02:31.349     1G / 9G    INFO    General                 (main.cpp                  : 178)   Finished clustering.
  0:02:31.349     1G / 9G    INFO    General                 (main.cpp                  : 197)   Starting solid k-mers expansion in 16 threads.
  0:02:52.932     1G / 9G    INFO    General                 (main.cpp                  : 218)   Solid k-mers iteration 0 produced 414843 new k-mers.
  0:03:12.309     1G / 9G    INFO    General                 (main.cpp                  : 218)   Solid k-mers iteration 1 produced 13515 new k-mers.
  0:03:34.994     1G / 9G    INFO    General                 (main.cpp                  : 218)   Solid k-mers iteration 2 produced 48 new k-mers.
  0:04:00.078     1G / 9G    INFO    General                 (main.cpp                  : 218)   Solid k-mers iteration 3 produced 0 new k-mers.
  0:04:00.078     1G / 9G    INFO    General                 (main.cpp                  : 222)   Solid k-mers finalized
  0:04:00.078     1G / 9G    INFO    General                 (hammer_tools.cpp          : 220)   Starting read correction in 16 threads.
  0:04:00.078     1G / 9G    INFO    General                 (hammer_tools.cpp          : 233)   Correcting pair of reads: /data/djs217/PROJECTS/41_Xanthomonas/xanthomonas-euvesicatoria-serbia/10_plasmidspades/SRR24958751_1_val_1.fq.gz and /data/djs217/PROJECTS/41_Xanthomonas/xanthomonas-euvesicatoria-serbia/10_plasmidspades/SRR24958751_2_val_2.fq.gz
  0:04:06.661     3G / 9G    INFO    General                 (hammer_tools.cpp          : 168)   Prepared batch 0 of 1600000 reads.
  0:04:20.890     3G / 9G    INFO    General                 (hammer_tools.cpp          : 175)   Processed batch 0
  0:04:22.871     3G / 9G    INFO    General                 (hammer_tools.cpp          : 185)   Written batch 0
  0:04:28.445     4G / 9G    INFO    General                 (hammer_tools.cpp          : 168)   Prepared batch 1 of 1471600 reads.
  0:04:38.809     4G / 9G    INFO    General                 (hammer_tools.cpp          : 175)   Processed batch 1
  0:04:40.835     4G / 9G    INFO    General                 (hammer_tools.cpp          : 185)   Written batch 1
  0:04:41.637     1G / 9G    INFO    General                 (hammer_tools.cpp          : 274)   Correction done. Changed 1666945 bases in 792873 reads.
  0:04:41.638     1G / 9G    INFO    General                 (hammer_tools.cpp          : 275)   Failed to correct 62727 bases out of 918700415.
  0:04:41.747    64M / 9G    INFO    General                 (main.cpp                  : 255)   Saving corrected dataset description to /data/djs217/PROJECTS/41_Xanthomonas/xanthomonas-euvesicatoria-serbia/10_plasmidspades/SRR24958751_trimmed__plasmid_assembly/corrected/corrected.yaml
  0:04:41.747    64M / 9G    INFO    General                 (main.cpp                  : 262)   All done. Exiting.

== Compressing corrected reads (with pigz)

== Dataset description file was created: /data/djs217/PROJECTS/41_Xanthomonas/xanthomonas-euvesicatoria-serbia/10_plasmidspades/SRR24958751_trimmed__plasmid_assembly/corrected/corrected.yaml


===== Read error correction finished. 


===== Assembling started.


== Running assembler: K21

  0:00:00.000     4M / 4M    INFO    General                 (main.cpp                  :  74)   Loaded config from /data/djs217/PROJECTS/41_Xanthomonas/xanthomonas-euvesicatoria-serbia/10_plasmidspades/SRR24958751_trimmed__plasmid_assembly/K21/configs/config.info
  0:00:00.000     4M / 4M    INFO    General                 (main.cpp                  :  74)   Loaded config from /data/djs217/PROJECTS/41_Xanthomonas/xanthomonas-euvesicatoria-serbia/10_plasmidspades/SRR24958751_trimmed__plasmid_assembly/K21/configs/plasmid_mode.info
  0:00:00.000     4M / 4M    INFO    General                 (memory_limit.cpp          :  49)   Memory limit set to 62 Gb
  0:00:00.000     4M / 4M    INFO    General                 (main.cpp                  :  84)   Starting SPAdes, built from N/A, git revision N/A
  0:00:00.000     4M / 4M    INFO    General                 (main.cpp                  :  88)   Maximum k-mer length: 128
  0:00:00.000     4M / 4M    INFO    General                 (main.cpp                  :  89)   Assembling dataset (/data/djs217/PROJECTS/41_Xanthomonas/xanthomonas-euvesicatoria-serbia/10_plasmidspades/SRR24958751_trimmed__plasmid_assembly/dataset.info) with K=21
  0:00:00.000     4M / 4M    INFO    General                 (main.cpp                  :  90)   Maximum # of threads to use (adjusted due to OMP capabilities): 16
  0:00:00.000     4M / 4M    INFO    General                 (launch.hpp                :  52)   SPAdes started
  0:00:00.000     4M / 4M    INFO    General                 (launch.hpp                :  59)   Starting from stage: construction
  0:00:00.000     4M / 4M    INFO    General                 (launch.hpp                :  66)   Two-step RR enabled: 0
  0:00:00.000     4M / 4M    INFO   StageManager             (stage.cpp                 : 132)   STAGE == de Bruijn graph construction
  0:00:00.000     4M / 4M    INFO    General                 (read_converter.hpp        :  77)   Converting reads to binary format for library #0 (takes a while)
  0:00:00.000     4M / 4M    INFO    General                 (read_converter.hpp        :  78)   Converting paired reads
  0:00:00.143    80M / 80M   INFO    General                 (binary_converter.hpp      :  93)   16384 reads processed
  0:00:00.242    92M / 92M   INFO    General                 (binary_converter.hpp      :  93)   32768 reads processed
  0:00:00.442   116M / 116M  INFO    General                 (binary_converter.hpp      :  93)   65536 reads processed
  0:00:00.840   168M / 168M  INFO    General                 (binary_converter.hpp      :  93)   131072 reads processed
  0:00:01.642   268M / 268M  INFO    General                 (binary_converter.hpp      :  93)   262144 reads processed
  0:00:04.238   372M / 372M  INFO    General                 (binary_converter.hpp      :  93)   524288 reads processed
  0:00:09.372   416M / 416M  INFO    General                 (binary_converter.hpp      :  93)   1048576 reads processed
  0:00:18.568   424M / 428M  INFO    General                 (binary_converter.hpp      :  93)   2097152 reads processed
  0:00:28.168   380M / 428M  INFO    General                 (binary_converter.hpp      : 117)   3064220 reads written
  0:00:28.397     4M / 428M  INFO    General                 (read_converter.hpp        :  87)   Converting single reads
  0:00:28.522   132M / 428M  INFO    General                 (binary_converter.hpp      : 117)   6938 reads written
  0:00:28.532     4M / 428M  INFO    General                 (read_converter.hpp        :  95)   Converting merged reads
  0:00:28.625   132M / 428M  INFO    General                 (binary_converter.hpp      : 117)   0 reads written
  0:00:28.635     4M / 428M  INFO    General                 (construction.cpp          : 111)   Max read length 151
  0:00:28.635     4M / 428M  INFO    General                 (construction.cpp          : 117)   Average read length 149.574
  0:00:28.635     4M / 428M  INFO    General                 (stage.cpp                 : 101)   PROCEDURE == k+1-mer counting
  0:00:28.635     4M / 428M  INFO    General                 (kmer_index_builder.hpp    : 117)   Splitting kmer instances into 256 files using 16 threads. This might take a while.
  0:00:28.635     4M / 428M  INFO    General                 (file_limit.hpp            :  32)   Open file limit set to 1024
  0:00:28.635     4M / 428M  INFO    General                 (kmer_splitters.hpp        :  89)   Memory available for splitting buffers: 1.29159 Gb
  0:00:28.635     4M / 428M  INFO    General                 (kmer_splitters.hpp        :  97)   Using cell size of 262144
  0:00:37.318     8G / 9G    INFO    General                 (kmer_splitters.hpp        : 289)   Processed 12270756 reads
  0:00:37.318     8G / 9G    INFO    General                 (kmer_splitters.hpp        : 295)   Adding contigs from previous K
  0:00:37.850    64M / 9G    INFO    General                 (kmer_splitters.hpp        : 308)   Used 12270756 reads
  0:00:37.850    64M / 9G    INFO    General                 (kmer_index_builder.hpp    : 120)   Starting k-mer counting.
  0:00:37.996    64M / 9G    INFO    General                 (kmer_index_builder.hpp    : 127)   K-mer counting done. There are 7798131 kmers in total.
  0:00:37.996    64M / 9G    INFO    General                 (kmer_index_builder.hpp    : 133)   Merging temporary buckets.
  0:00:38.042    64M / 9G    INFO    General                 (stage.cpp                 : 101)   PROCEDURE == Extension index construction
  0:00:38.042    64M / 9G    INFO   K-mer Index Building     (kmer_index_builder.hpp    : 301)   Building kmer index
  0:00:38.042    64M / 9G    INFO    General                 (kmer_index_builder.hpp    : 117)   Splitting kmer instances into 256 files using 16 threads. This might take a while.
  0:00:38.042    64M / 9G    INFO    General                 (file_limit.hpp            :  32)   Open file limit set to 1024
  0:00:38.042    64M / 9G    INFO    General                 (kmer_splitters.hpp        :  89)   Memory available for splitting buffers: 1.29036 Gb
  0:00:38.042    64M / 9G    INFO    General                 (kmer_splitters.hpp        :  97)   Using cell size of 262144
  0:00:38.453     8G / 9G    INFO    General                 (kmer_splitters.hpp        : 380)   Processed 7798131 kmers
  0:00:38.453     8G / 9G    INFO    General                 (kmer_splitters.hpp        : 385)   Used 7798131 kmers.
  0:00:38.552    64M / 9G    INFO    General                 (kmer_index_builder.hpp    : 120)   Starting k-mer counting.
  0:00:38.749    64M / 9G    INFO    General                 (kmer_index_builder.hpp    : 127)   K-mer counting done. There are 7722371 kmers in total.
  0:00:38.749    64M / 9G    INFO    General                 (kmer_index_builder.hpp    : 133)   Merging temporary buckets.
  0:00:38.817    64M / 9G    INFO   K-mer Index Building     (kmer_index_builder.hpp    : 314)   Building perfect hash indices
  0:00:39.017    64M / 9G    INFO    General                 (kmer_index_builder.hpp    : 150)   Merging final buckets.
  0:00:39.300    64M / 9G    INFO   K-mer Index Building     (kmer_index_builder.hpp    : 336)   Index built. Total 3589232 bytes occupied (3.71827 bits per kmer).
  0:00:39.311    72M / 9G    INFO   DeBruijnExtensionIndexBu (kmer_extension_index_build:  99)   Building k-mer extensions from k+1-mers
  0:00:39.594    72M / 9G    INFO   DeBruijnExtensionIndexBu (kmer_extension_index_build: 103)   Building k-mer extensions from k+1-mers finished.
  0:00:39.594    72M / 9G    INFO    General                 (stage.cpp                 : 101)   PROCEDURE == Early tip clipping
  0:00:39.594    72M / 9G    INFO    General                 (construction.cpp          : 253)   Early tip clipper length bound set as (RL - K)
  0:00:39.594    72M / 9G    INFO   Early tip clipping       (early_simplification.hpp  : 181)   Early tip clipping
  0:00:40.071    72M / 9G    INFO   Early tip clipping       (early_simplification.hpp  : 184)   1147231 22-mers were removed by early tip clipper
  0:00:40.071    72M / 9G    INFO    General                 (stage.cpp                 : 101)   PROCEDURE == Condensing graph
  0:00:40.111    72M / 9G    INFO   UnbranchingPathExtractor (debruijn_graph_constructor: 355)   Extracting unbranching paths
  0:00:40.364    80M / 9G    INFO   UnbranchingPathExtractor (debruijn_graph_constructor: 374)   Extracting unbranching paths finished. 226698 sequences extracted
  0:00:40.491    80M / 9G    INFO   UnbranchingPathExtractor (debruijn_graph_constructor: 310)   Collecting perfect loops
  0:00:40.551    80M / 9G    INFO   UnbranchingPathExtractor (debruijn_graph_constructor: 343)   Collecting perfect loops finished. 2 loops collected
  0:00:40.637   136M / 9G    INFO    General                 (stage.cpp                 : 101)   PROCEDURE == Filling coverage indices (PHM)
  0:00:40.637   136M / 9G    INFO   K-mer Index Building     (kmer_index_builder.hpp    : 301)   Building kmer index
  0:00:40.637   136M / 9G    INFO   K-mer Index Building     (kmer_index_builder.hpp    : 314)   Building perfect hash indices
  0:00:40.797   140M / 9G    INFO   K-mer Index Building     (kmer_index_builder.hpp    : 336)   Index built. Total 3624360 bytes occupied (3.71818 bits per kmer).
  0:00:40.828   172M / 9G    INFO    General                 (construction.cpp          : 388)   Collecting k-mer coverage information from reads, this takes a while.
  0:00:54.553   172M / 9G    INFO    General                 (construction.cpp          : 508)   Filling coverage and flanking coverage from PHM
  0:00:54.766   172M / 9G    INFO    General                 (construction.cpp          : 464)   Processed 453287 edges
  0:00:54.792   120M / 9G    INFO   StageManager             (stage.cpp                 : 132)   STAGE == EC Threshold Finding
  0:00:54.793   120M / 9G    INFO    General                 (kmer_coverage_model.cpp   : 181)   Kmer coverage valley at: 6
  0:00:54.793   120M / 9G    INFO    General                 (kmer_coverage_model.cpp   : 201)   K-mer histogram maximum: 141
  0:00:54.793   120M / 9G    INFO    General                 (kmer_coverage_model.cpp   : 237)   Estimated median coverage: 147. Coverage mad: 31.1346
  0:00:54.793   120M / 9G    INFO    General                 (kmer_coverage_model.cpp   : 259)   Fitting coverage model
  0:00:54.983   120M / 9G    INFO    General                 (kmer_coverage_model.cpp   : 295)   ... iteration 2
  0:00:55.553   120M / 9G    INFO    General                 (kmer_coverage_model.cpp   : 295)   ... iteration 4
  0:00:57.651   120M / 9G    INFO    General                 (kmer_coverage_model.cpp   : 295)   ... iteration 8
  0:00:59.812   120M / 9G    INFO    General                 (kmer_coverage_model.cpp   : 309)   Fitted mean coverage: 148.412. Fitted coverage std. dev: 27.9527
  0:00:59.818   120M / 9G    INFO    General                 (kmer_coverage_model.cpp   : 334)   Probability of erroneous kmer at valley: 0.999996
  0:00:59.818   120M / 9G    INFO    General                 (kmer_coverage_model.cpp   : 358)   Preliminary threshold calculated as: 50
  0:00:59.818   120M / 9G    INFO    General                 (kmer_coverage_model.cpp   : 362)   Threshold adjusted to: 50
  0:00:59.818   120M / 9G    INFO    General                 (kmer_coverage_model.cpp   : 375)   Estimated genome size (ignoring repeats): 5086708
  0:00:59.818   120M / 9G    INFO    General                 (genomic_info_filler.cpp   : 112)   Mean coverage was calculated as 148.412
  0:00:59.818   120M / 9G    INFO    General                 (genomic_info_filler.cpp   : 127)   EC coverage threshold value was calculated as 50
  0:00:59.818   120M / 9G    INFO    General                 (genomic_info_filler.cpp   : 128)   Trusted kmer low bound: 0
  0:00:59.818   120M / 9G    INFO   StageManager             (stage.cpp                 : 132)   STAGE == Raw Simplification
  0:00:59.818   120M / 9G    INFO    General                 (simplification.cpp        : 128)   PROCEDURE == InitialCleaning
  0:00:59.818   120M / 9G    INFO    General                 (graph_simplification.hpp  : 669)   Flanking coverage based disconnection disabled
  0:00:59.818   120M / 9G    INFO   Simplification           (parallel_processing.hpp   : 165)   Running Self conjugate edge remover
  0:00:59.835   120M / 9G    INFO   Simplification           (parallel_processing.hpp   : 167)   Self conjugate edge remover triggered 0 times
  0:00:59.835   120M / 9G    INFO   Simplification           (parallel_processing.hpp   : 165)   Running Initial tip clipper
  0:00:59.873    76M / 9G    INFO   Simplification           (parallel_processing.hpp   : 167)   Initial tip clipper triggered 745 times
  0:00:59.873    76M / 9G    INFO   Simplification           (parallel_processing.hpp   : 165)   Running Initial ec remover
  0:01:01.320    96M / 9G    INFO   Simplification           (parallel_processing.hpp   : 167)   Initial ec remover triggered 67190 times
  0:01:01.320    96M / 9G    INFO   Simplification           (parallel_processing.hpp   : 165)   Running Initial isolated edge remover
  0:01:01.329    92M / 9G    INFO   Simplification           (parallel_processing.hpp   : 167)   Initial isolated edge remover triggered 588 times
  0:01:01.337    84M / 9G    INFO   StageManager             (stage.cpp                 : 132)   STAGE == Simplification
  0:01:01.337    84M / 9G    INFO    General                 (simplification.cpp        : 357)   Graph simplification started
  0:01:01.337    84M / 9G    INFO    General                 (graph_simplification.hpp  : 641)   Creating parallel br instance
  0:01:01.337    84M / 9G    INFO    General                 (simplification.cpp        : 362)   PROCEDURE == Simplification cycle, iteration 1
  0:01:01.337    84M / 9G    INFO   Simplification           (parallel_processing.hpp   : 165)   Running Tip clipper
  0:01:01.353    84M / 9G    INFO   Simplification           (parallel_processing.hpp   : 167)   Tip clipper triggered 186 times
  0:01:01.353    84M / 9G    INFO   Simplification           (parallel_processing.hpp   : 165)   Running Bulge remover
  0:01:01.591    80M / 9G    INFO   Simplification           (parallel_processing.hpp   : 167)   Bulge remover triggered 4155 times
  0:01:01.591    80M / 9G    INFO   Simplification           (parallel_processing.hpp   : 165)   Running Low coverage edge remover
  0:01:01.706    76M / 9G    INFO   Simplification           (parallel_processing.hpp   : 167)   Low coverage edge remover triggered 2995 times
  0:01:01.706    76M / 9G    INFO    General                 (simplification.cpp        : 362)   PROCEDURE == Simplification cycle, iteration 2
  0:01:01.706    76M / 9G    INFO   Simplification           (parallel_processing.hpp   : 165)   Running Tip clipper
  0:01:01.708    76M / 9G    INFO   Simplification           (parallel_processing.hpp   : 167)   Tip clipper triggered 56 times
  0:01:01.708    76M / 9G    INFO   Simplification           (parallel_processing.hpp   : 165)   Running Bulge remover
  0:01:01.717    76M / 9G    INFO   Simplification           (parallel_processing.hpp   : 167)   Bulge remover triggered 125 times
  0:01:01.717    76M / 9G    INFO   Simplification           (parallel_processing.hpp   : 165)   Running Low coverage edge remover
  0:01:01.722    76M / 9G    INFO   Simplification           (parallel_processing.hpp   : 167)   Low coverage edge remover triggered 171 times
  0:01:01.722    76M / 9G    INFO    General                 (simplification.cpp        : 362)   PROCEDURE == Simplification cycle, iteration 3
  0:01:01.722    76M / 9G    INFO   Simplification           (parallel_processing.hpp   : 165)   Running Tip clipper
  0:01:01.722    76M / 9G    INFO   Simplification           (parallel_processing.hpp   : 167)   Tip clipper triggered 1 times
  0:01:01.722    76M / 9G    INFO   Simplification           (parallel_processing.hpp   : 165)   Running Bulge remover
  0:01:01.725    76M / 9G    INFO   Simplification           (parallel_processing.hpp   : 167)   Bulge remover triggered 46 times
  0:01:01.725    76M / 9G    INFO   Simplification           (parallel_processing.hpp   : 165)   Running Low coverage edge remover
  0:01:01.726    76M / 9G    INFO   Simplification           (parallel_processing.hpp   : 167)   Low coverage edge remover triggered 31 times
  0:01:01.726    76M / 9G    INFO    General                 (simplification.cpp        : 362)   PROCEDURE == Simplification cycle, iteration 4
  0:01:01.726    76M / 9G    INFO   Simplification           (parallel_processing.hpp   : 165)   Running Tip clipper
  0:01:01.726    76M / 9G    INFO   Simplification           (parallel_processing.hpp   : 167)   Tip clipper triggered 0 times
  0:01:01.726    76M / 9G    INFO   Simplification           (parallel_processing.hpp   : 165)   Running Bulge remover
  0:01:01.727    76M / 9G    INFO   Simplification           (parallel_processing.hpp   : 167)   Bulge remover triggered 15 times
  0:01:01.727    76M / 9G    INFO   Simplification           (parallel_processing.hpp   : 165)   Running Low coverage edge remover
  0:01:01.727    76M / 9G    INFO   Simplification           (parallel_processing.hpp   : 167)   Low coverage edge remover triggered 12 times
  0:01:01.727    76M / 9G    INFO    General                 (simplification.cpp        : 362)   PROCEDURE == Simplification cycle, iteration 5
  0:01:01.727    76M / 9G    INFO   Simplification           (parallel_processing.hpp   : 165)   Running Tip clipper
  0:01:01.727    76M / 9G    INFO   Simplification           (parallel_processing.hpp   : 167)   Tip clipper triggered 0 times
  0:01:01.727    76M / 9G    INFO   Simplification           (parallel_processing.hpp   : 165)   Running Bulge remover
  0:01:01.727    76M / 9G    INFO   Simplification           (parallel_processing.hpp   : 167)   Bulge remover triggered 3 times
  0:01:01.727    76M / 9G    INFO   Simplification           (parallel_processing.hpp   : 165)   Running Low coverage edge remover
  0:01:01.728    76M / 9G    INFO   Simplification           (parallel_processing.hpp   : 167)   Low coverage edge remover triggered 8 times
  0:01:01.728    76M / 9G    INFO    General                 (simplification.cpp        : 362)   PROCEDURE == Simplification cycle, iteration 6
  0:01:01.728    76M / 9G    INFO   Simplification           (parallel_processing.hpp   : 165)   Running Tip clipper
  0:01:01.728    76M / 9G    INFO   Simplification           (parallel_processing.hpp   : 167)   Tip clipper triggered 0 times
  0:01:01.728    76M / 9G    INFO   Simplification           (parallel_processing.hpp   : 165)   Running Bulge remover
  0:01:01.728    76M / 9G    INFO   Simplification           (parallel_processing.hpp   : 167)   Bulge remover triggered 2 times
  0:01:01.728    76M / 9G    INFO   Simplification           (parallel_processing.hpp   : 165)   Running Low coverage edge remover
  0:01:01.728    76M / 9G    INFO   Simplification           (parallel_processing.hpp   : 167)   Low coverage edge remover triggered 5 times
  0:01:01.728    76M / 9G    INFO    General                 (simplification.cpp        : 362)   PROCEDURE == Simplification cycle, iteration 7
  0:01:01.728    76M / 9G    INFO   Simplification           (parallel_processing.hpp   : 165)   Running Tip clipper
  0:01:01.728    76M / 9G    INFO   Simplification           (parallel_processing.hpp   : 167)   Tip clipper triggered 0 times
  0:01:01.728    76M / 9G    INFO   Simplification           (parallel_processing.hpp   : 165)   Running Bulge remover
  0:01:01.728    76M / 9G    INFO   Simplification           (parallel_processing.hpp   : 167)   Bulge remover triggered 1 times
  0:01:01.728    76M / 9G    INFO   Simplification           (parallel_processing.hpp   : 165)   Running Low coverage edge remover
  0:01:01.729    76M / 9G    INFO   Simplification           (parallel_processing.hpp   : 167)   Low coverage edge remover triggered 4 times
  0:01:01.729    76M / 9G    INFO    General                 (simplification.cpp        : 362)   PROCEDURE == Simplification cycle, iteration 8
  0:01:01.729    76M / 9G    INFO   Simplification           (parallel_processing.hpp   : 165)   Running Tip clipper
  0:01:01.729    76M / 9G    INFO   Simplification           (parallel_processing.hpp   : 167)   Tip clipper triggered 0 times
  0:01:01.729    76M / 9G    INFO   Simplification           (parallel_processing.hpp   : 165)   Running Bulge remover
  0:01:01.729    76M / 9G    INFO   Simplification           (parallel_processing.hpp   : 167)   Bulge remover triggered 1 times
  0:01:01.729    76M / 9G    INFO   Simplification           (parallel_processing.hpp   : 165)   Running Low coverage edge remover
  0:01:01.729    76M / 9G    INFO   Simplification           (parallel_processing.hpp   : 167)   Low coverage edge remover triggered 8 times
  0:01:01.729    76M / 9G    INFO    General                 (simplification.cpp        : 362)   PROCEDURE == Simplification cycle, iteration 9
  0:01:01.729    76M / 9G    INFO   Simplification           (parallel_processing.hpp   : 165)   Running Tip clipper
  0:01:01.729    76M / 9G    INFO   Simplification           (parallel_processing.hpp   : 167)   Tip clipper triggered 0 times
  0:01:01.729    76M / 9G    INFO   Simplification           (parallel_processing.hpp   : 165)   Running Bulge remover
  0:01:01.729    76M / 9G    INFO   Simplification           (parallel_processing.hpp   : 167)   Bulge remover triggered 2 times
  0:01:01.729    76M / 9G    INFO   Simplification           (parallel_processing.hpp   : 165)   Running Low coverage edge remover
  0:01:01.729    76M / 9G    INFO   Simplification           (parallel_processing.hpp   : 167)   Low coverage edge remover triggered 5 times
  0:01:01.729    76M / 9G    INFO    General                 (simplification.cpp        : 362)   PROCEDURE == Simplification cycle, iteration 10
  0:01:01.729    76M / 9G    INFO   Simplification           (parallel_processing.hpp   : 165)   Running Tip clipper
  0:01:01.729    76M / 9G    INFO   Simplification           (parallel_processing.hpp   : 167)   Tip clipper triggered 0 times
  0:01:01.729    76M / 9G    INFO   Simplification           (parallel_processing.hpp   : 165)   Running Bulge remover
  0:01:01.729    76M / 9G    INFO   Simplification           (parallel_processing.hpp   : 167)   Bulge remover triggered 0 times
  0:01:01.729    76M / 9G    INFO   Simplification           (parallel_processing.hpp   : 165)   Running Low coverage edge remover
  0:01:01.729    76M / 9G    INFO   Simplification           (parallel_processing.hpp   : 167)   Low coverage edge remover triggered 3 times
  0:01:01.729    76M / 9G    INFO    General                 (simplification.cpp        : 362)   PROCEDURE == Simplification cycle, iteration 11
  0:01:01.729    76M / 9G    INFO   Simplification           (parallel_processing.hpp   : 165)   Running Tip clipper
  0:01:01.747    76M / 9G    INFO   Simplification           (parallel_processing.hpp   : 167)   Tip clipper triggered 0 times
  0:01:01.747    76M / 9G    INFO   Simplification           (parallel_processing.hpp   : 165)   Running Bulge remover
  0:01:01.777    76M / 9G    INFO   Simplification           (parallel_processing.hpp   : 167)   Bulge remover triggered 2 times
  0:01:01.777    76M / 9G    INFO   Simplification           (parallel_processing.hpp   : 165)   Running Low coverage edge remover
  0:01:01.783    72M / 9G    INFO   Simplification           (parallel_processing.hpp   : 167)   Low coverage edge remover triggered 0 times
  0:01:01.783    72M / 9G    INFO    General                 (simplification.cpp        : 362)   PROCEDURE == Simplification cycle, iteration 12
  0:01:01.783    72M / 9G    INFO   Simplification           (parallel_processing.hpp   : 165)   Running Tip clipper
  0:01:01.783    72M / 9G    INFO   Simplification           (parallel_processing.hpp   : 167)   Tip clipper triggered 0 times
  0:01:01.783    72M / 9G    INFO   Simplification           (parallel_processing.hpp   : 165)   Running Bulge remover
  0:01:01.783    72M / 9G    INFO   Simplification           (parallel_processing.hpp   : 167)   Bulge remover triggered 0 times
  0:01:01.783    72M / 9G    INFO   Simplification           (parallel_processing.hpp   : 165)   Running Low coverage edge remover
  0:01:01.783    72M / 9G    INFO   Simplification           (parallel_processing.hpp   : 167)   Low coverage edge remover triggered 0 times
  0:01:01.783    72M / 9G    INFO   StageManager             (stage.cpp                 : 132)   STAGE == Simplification Cleanup
  0:01:01.783    72M / 9G    INFO    General                 (simplification.cpp        : 196)   PROCEDURE == Post simplification
  0:01:01.783    72M / 9G    INFO    General                 (graph_simplification.hpp  : 458)   Disconnection of relatively low covered edges disabled
  0:01:01.783    72M / 9G    INFO    General                 (graph_simplification.hpp  : 494)   Complex tip clipping disabled
  0:01:01.783    72M / 9G    INFO    General                 (graph_simplification.hpp  : 641)   Creating parallel br instance
  0:01:01.783    72M / 9G    INFO   Simplification           (parallel_processing.hpp   : 165)   Running Tip clipper
  0:01:01.792    72M / 9G    INFO   Simplification           (parallel_processing.hpp   : 167)   Tip clipper triggered 0 times
  0:01:01.792    72M / 9G    INFO   Simplification           (parallel_processing.hpp   : 165)   Running Bulge remover
  0:01:01.807    72M / 9G    INFO   Simplification           (parallel_processing.hpp   : 167)   Bulge remover triggered 0 times
  0:01:01.808    72M / 9G    INFO   Simplification           (parallel_processing.hpp   : 165)   Running Tip clipper
  0:01:01.812    72M / 9G    INFO   Simplification           (parallel_processing.hpp   : 167)   Tip clipper triggered 0 times
  0:01:01.812    72M / 9G    INFO   Simplification           (parallel_processing.hpp   : 165)   Running Bulge remover
  0:01:01.826    72M / 9G    INFO   Simplification           (parallel_processing.hpp   : 167)   Bulge remover triggered 0 times
  0:01:01.826    72M / 9G    INFO    General                 (simplification.cpp        : 330)   Disrupting self-conjugate edges
  0:01:01.828    72M / 9G    INFO   Simplification           (parallel_processing.hpp   : 165)   Running Removing isolated edges
  0:01:01.832    72M / 9G    INFO   Simplification           (parallel_processing.hpp   : 167)   Removing isolated edges triggered 2 times
  0:01:01.832    72M / 9G    INFO    General                 (simplification.cpp        : 470)   Counting average coverage
  0:01:01.833    72M / 9G    INFO    General                 (simplification.cpp        : 476)   Average coverage = 154.651
  0:01:01.833    72M / 9G    INFO   StageManager             (stage.cpp                 : 132)   STAGE == Contig Output
  0:01:01.833    72M / 9G    INFO    General                 (contig_output.hpp         :  22)   Outputting contigs to /data/djs217/PROJECTS/41_Xanthomonas/xanthomonas-euvesicatoria-serbia/10_plasmidspades/SRR24958751_trimmed__plasmid_assembly//K21/simplified_contigs.fasta
  0:01:01.883    72M / 9G    INFO    General                 (launch.hpp                : 151)   SPAdes finished
  0:01:01.914    68M / 9G    INFO    General                 (main.cpp                  : 109)   Assembling time: 0 hours 1 minutes 1 seconds
Max read length detected as 151
Default k-mer sizes were set to [21, 33, 55, 77] because estimated read length (151) is equal to or greater than 150

== Running assembler: K33

  0:00:00.000     4M / 4M    INFO    General                 (main.cpp                  :  74)   Loaded config from /data/djs217/PROJECTS/41_Xanthomonas/xanthomonas-euvesicatoria-serbia/10_plasmidspades/SRR24958751_trimmed__plasmid_assembly/K33/configs/config.info
  0:00:00.000     4M / 4M    INFO    General                 (main.cpp                  :  74)   Loaded config from /data/djs217/PROJECTS/41_Xanthomonas/xanthomonas-euvesicatoria-serbia/10_plasmidspades/SRR24958751_trimmed__plasmid_assembly/K33/configs/plasmid_mode.info
  0:00:00.000     4M / 4M    INFO    General                 (memory_limit.cpp          :  49)   Memory limit set to 62 Gb
  0:00:00.000     4M / 4M    INFO    General                 (main.cpp                  :  84)   Starting SPAdes, built from N/A, git revision N/A
  0:00:00.000     4M / 4M    INFO    General                 (main.cpp                  :  88)   Maximum k-mer length: 128
  0:00:00.000     4M / 4M    INFO    General                 (main.cpp                  :  89)   Assembling dataset (/data/djs217/PROJECTS/41_Xanthomonas/xanthomonas-euvesicatoria-serbia/10_plasmidspades/SRR24958751_trimmed__plasmid_assembly/dataset.info) with K=33
  0:00:00.000     4M / 4M    INFO    General                 (main.cpp                  :  90)   Maximum # of threads to use (adjusted due to OMP capabilities): 16
  0:00:00.000     4M / 4M    INFO    General                 (launch.hpp                :  52)   SPAdes started
  0:00:00.000     4M / 4M    INFO    General                 (launch.hpp                :  59)   Starting from stage: construction
  0:00:00.000     4M / 4M    INFO    General                 (launch.hpp                :  66)   Two-step RR enabled: 0
  0:00:00.000     4M / 4M    INFO   StageManager             (stage.cpp                 : 132)   STAGE == de Bruijn graph construction
  0:00:00.001     4M / 4M    INFO    General                 (read_converter.hpp        :  59)   Binary reads detected
  0:00:00.002     4M / 4M    INFO    General                 (construction.cpp          : 111)   Max read length 151
  0:00:00.002     4M / 4M    INFO    General                 (construction.cpp          : 117)   Average read length 149.574
  0:00:00.002     4M / 4M    INFO    General                 (stage.cpp                 : 101)   PROCEDURE == k+1-mer counting
  0:00:00.002     4M / 4M    INFO    General                 (kmer_index_builder.hpp    : 117)   Splitting kmer instances into 256 files using 16 threads. This might take a while.
  0:00:00.002     4M / 4M    INFO    General                 (file_limit.hpp            :  32)   Open file limit set to 1024
  0:00:00.002     4M / 4M    INFO    General                 (kmer_splitters.hpp        :  89)   Memory available for splitting buffers: 1.29159 Gb
  0:00:00.002     4M / 4M    INFO    General                 (kmer_splitters.hpp        :  97)   Using cell size of 131072
  0:00:08.548     8G / 9G    INFO    General                 (kmer_splitters.hpp        : 289)   Processed 9020267 reads
  0:00:12.730     8G / 9G    INFO    General                 (kmer_splitters.hpp        : 289)   Processed 12270756 reads
  0:00:12.730     8G / 9G    INFO    General                 (kmer_splitters.hpp        : 295)   Adding contigs from previous K
  0:00:14.232    64M / 9G    INFO    General                 (kmer_splitters.hpp        : 308)   Used 12270756 reads
  0:00:14.232    64M / 9G    INFO    General                 (kmer_index_builder.hpp    : 120)   Starting k-mer counting.
  0:00:15.054    64M / 9G    INFO    General                 (kmer_index_builder.hpp    : 127)   K-mer counting done. There are 8513417 kmers in total.
  0:00:15.054    64M / 9G    INFO    General                 (kmer_index_builder.hpp    : 133)   Merging temporary buckets.
  0:00:15.183    64M / 9G    INFO    General                 (stage.cpp                 : 101)   PROCEDURE == Extension index construction
  0:00:15.183    64M / 9G    INFO   K-mer Index Building     (kmer_index_builder.hpp    : 301)   Building kmer index
  0:00:15.183    64M / 9G    INFO    General                 (kmer_index_builder.hpp    : 117)   Splitting kmer instances into 256 files using 16 threads. This might take a while.
  0:00:15.183    64M / 9G    INFO    General                 (file_limit.hpp            :  32)   Open file limit set to 1024
  0:00:15.183    64M / 9G    INFO    General                 (kmer_splitters.hpp        :  89)   Memory available for splitting buffers: 1.29036 Gb
  0:00:15.183    64M / 9G    INFO    General                 (kmer_splitters.hpp        :  97)   Using cell size of 131072
  0:00:16.011     8G / 9G    INFO    General                 (kmer_splitters.hpp        : 380)   Processed 8513417 kmers
  0:00:16.011     8G / 9G    INFO    General                 (kmer_splitters.hpp        : 385)   Used 8513417 kmers.
  0:00:16.148    64M / 9G    INFO    General                 (kmer_index_builder.hpp    : 120)   Starting k-mer counting.
  0:00:16.878    64M / 9G    INFO    General                 (kmer_index_builder.hpp    : 127)   K-mer counting done. There are 8464562 kmers in total.
  0:00:16.878    64M / 9G    INFO    General                 (kmer_index_builder.hpp    : 133)   Merging temporary buckets.
  0:00:17.017    64M / 9G    INFO   K-mer Index Building     (kmer_index_builder.hpp    : 314)   Building perfect hash indices
  0:00:17.225    64M / 9G    INFO    General                 (kmer_index_builder.hpp    : 150)   Merging final buckets.
  0:00:17.889    64M / 9G    INFO   K-mer Index Building     (kmer_index_builder.hpp    : 336)   Index built. Total 3933288 bytes occupied (3.71742 bits per kmer).
  0:00:17.900    76M / 9G    INFO   DeBruijnExtensionIndexBu (kmer_extension_index_build:  99)   Building k-mer extensions from k+1-mers
  0:00:18.625    76M / 9G    INFO   DeBruijnExtensionIndexBu (kmer_extension_index_build: 103)   Building k-mer extensions from k+1-mers finished.
  0:00:18.625    76M / 9G    INFO    General                 (stage.cpp                 : 101)   PROCEDURE == Early tip clipping
  0:00:18.625    76M / 9G    INFO    General                 (construction.cpp          : 253)   Early tip clipper length bound set as (RL - K)
  0:00:18.625    76M / 9G    INFO   Early tip clipping       (early_simplification.hpp  : 181)   Early tip clipping
  0:00:19.699    76M / 9G    INFO   Early tip clipping       (early_simplification.hpp  : 184)   1652921 34-mers were removed by early tip clipper
  0:00:19.699    76M / 9G    INFO    General                 (stage.cpp                 : 101)   PROCEDURE == Condensing graph
  0:00:19.761    76M / 9G    INFO   UnbranchingPathExtractor (debruijn_graph_constructor: 355)   Extracting unbranching paths
  0:00:20.212    84M / 9G    INFO   UnbranchingPathExtractor (debruijn_graph_constructor: 374)   Extracting unbranching paths finished. 154626 sequences extracted
  0:00:20.494    84M / 9G    INFO   UnbranchingPathExtractor (debruijn_graph_constructor: 310)   Collecting perfect loops
  0:00:20.635    84M / 9G    INFO   UnbranchingPathExtractor (debruijn_graph_constructor: 343)   Collecting perfect loops finished. 1 loops collected
  0:00:20.790   112M / 9G    INFO    General                 (stage.cpp                 : 101)   PROCEDURE == Filling coverage indices (PHM)
  0:00:20.790   112M / 9G    INFO   K-mer Index Building     (kmer_index_builder.hpp    : 301)   Building kmer index
  0:00:20.790   112M / 9G    INFO   K-mer Index Building     (kmer_index_builder.hpp    : 314)   Building perfect hash indices
  0:00:20.973   120M / 9G    INFO   K-mer Index Building     (kmer_index_builder.hpp    : 336)   Index built. Total 3955832 bytes occupied (3.71727 bits per kmer).
  0:00:20.998   156M / 9G    INFO    General                 (construction.cpp          : 388)   Collecting k-mer coverage information from reads, this takes a while.
  0:00:34.447   148M / 9G    INFO    General                 (construction.cpp          : 508)   Filling coverage and flanking coverage from PHM
  0:00:34.755   148M / 9G    INFO    General                 (construction.cpp          : 464)   Processed 309241 edges
  0:00:34.801    88M / 9G    INFO   StageManager             (stage.cpp                 : 132)   STAGE == EC Threshold Finding
  0:00:34.802    88M / 9G    INFO    General                 (kmer_coverage_model.cpp   : 181)   Kmer coverage valley at: 7
  0:00:34.802    88M / 9G    INFO    General                 (kmer_coverage_model.cpp   : 201)   K-mer histogram maximum: 126
  0:00:34.802    88M / 9G    INFO    General                 (kmer_coverage_model.cpp   : 237)   Estimated median coverage: 133. Coverage mad: 28.1694
  0:00:34.802    88M / 9G    INFO    General                 (kmer_coverage_model.cpp   : 259)   Fitting coverage model
  0:00:35.010    88M / 9G    INFO    General                 (kmer_coverage_model.cpp   : 295)   ... iteration 2
  0:00:35.531    88M / 9G    INFO    General                 (kmer_coverage_model.cpp   : 295)   ... iteration 4
  0:00:37.537    88M / 9G    INFO    General                 (kmer_coverage_model.cpp   : 295)   ... iteration 8
  0:00:40.296    88M / 9G    INFO    General                 (kmer_coverage_model.cpp   : 309)   Fitted mean coverage: 134.284. Fitted coverage std. dev: 25.7029
  0:00:40.301    88M / 9G    INFO    General                 (kmer_coverage_model.cpp   : 334)   Probability of erroneous kmer at valley: 0.999985
  0:00:40.301    88M / 9G    INFO    General                 (kmer_coverage_model.cpp   : 358)   Preliminary threshold calculated as: 45
  0:00:40.301    88M / 9G    INFO    General                 (kmer_coverage_model.cpp   : 362)   Threshold adjusted to: 45
  0:00:40.301    88M / 9G    INFO    General                 (kmer_coverage_model.cpp   : 375)   Estimated genome size (ignoring repeats): 5098053
  0:00:40.301    88M / 9G    INFO    General                 (genomic_info_filler.cpp   : 112)   Mean coverage was calculated as 134.284
  0:00:40.301    88M / 9G    INFO    General                 (genomic_info_filler.cpp   : 127)   EC coverage threshold value was calculated as 45
  0:00:40.301    88M / 9G    INFO    General                 (genomic_info_filler.cpp   : 128)   Trusted kmer low bound: 0
  0:00:40.301    88M / 9G    INFO   StageManager             (stage.cpp                 : 132)   STAGE == Raw Simplification
  0:00:40.301    88M / 9G    INFO    General                 (simplification.cpp        : 128)   PROCEDURE == InitialCleaning
  0:00:40.301    88M / 9G    INFO    General                 (graph_simplification.hpp  : 669)   Flanking coverage based disconnection disabled
  0:00:40.302    88M / 9G    INFO   Simplification           (parallel_processing.hpp   : 165)   Running Self conjugate edge remover
  0:00:40.320    88M / 9G    INFO   Simplification           (parallel_processing.hpp   : 167)   Self conjugate edge remover triggered 0 times
  0:00:40.324    88M / 9G    INFO   Simplification           (parallel_processing.hpp   : 165)   Running Initial tip clipper
  0:00:40.355    76M / 9G    INFO   Simplification           (parallel_processing.hpp   : 167)   Initial tip clipper triggered 1339 times
  0:00:40.355    76M / 9G    INFO   Simplification           (parallel_processing.hpp   : 165)   Running Initial ec remover
  0:00:41.427    80M / 9G    INFO   Simplification           (parallel_processing.hpp   : 167)   Initial ec remover triggered 46031 times
  0:00:41.428    80M / 9G    INFO   Simplification           (parallel_processing.hpp   : 165)   Running Initial isolated edge remover
  0:00:41.448    76M / 9G    INFO   Simplification           (parallel_processing.hpp   : 167)   Initial isolated edge remover triggered 1608 times
  0:00:41.454    72M / 9G    INFO   StageManager             (stage.cpp                 : 132)   STAGE == Simplification
  0:00:41.456    72M / 9G    INFO    General                 (simplification.cpp        : 357)   Graph simplification started
  0:00:41.456    72M / 9G    INFO    General                 (graph_simplification.hpp  : 641)   Creating parallel br instance
  0:00:41.456    72M / 9G    INFO    General                 (simplification.cpp        : 362)   PROCEDURE == Simplification cycle, iteration 1
  0:00:41.456    72M / 9G    INFO   Simplification           (parallel_processing.hpp   : 165)   Running Tip clipper
  0:00:41.473    72M / 9G    INFO   Simplification           (parallel_processing.hpp   : 167)   Tip clipper triggered 91 times
  0:00:41.473    72M / 9G    INFO   Simplification           (parallel_processing.hpp   : 165)   Running Bulge remover
  0:00:41.648    72M / 9G    INFO   Simplification           (parallel_processing.hpp   : 167)   Bulge remover triggered 2149 times
  0:00:41.648    72M / 9G    INFO   Simplification           (parallel_processing.hpp   : 165)   Running Low coverage edge remover
  0:00:41.813    72M / 9G    INFO   Simplification           (parallel_processing.hpp   : 167)   Low coverage edge remover triggered 1668 times
  0:00:41.813    72M / 9G    INFO    General                 (simplification.cpp        : 362)   PROCEDURE == Simplification cycle, iteration 2
  0:00:41.813    72M / 9G    INFO   Simplification           (parallel_processing.hpp   : 165)   Running Tip clipper
  0:00:41.814    72M / 9G    INFO   Simplification           (parallel_processing.hpp   : 167)   Tip clipper triggered 13 times
  0:00:41.814    72M / 9G    INFO   Simplification           (parallel_processing.hpp   : 165)   Running Bulge remover
  0:00:41.824    72M / 9G    INFO   Simplification           (parallel_processing.hpp   : 167)   Bulge remover triggered 76 times
  0:00:41.824    72M / 9G    INFO   Simplification           (parallel_processing.hpp   : 165)   Running Low coverage edge remover
  0:00:41.843    72M / 9G    INFO   Simplification           (parallel_processing.hpp   : 167)   Low coverage edge remover triggered 167 times
  0:00:41.843    72M / 9G    INFO    General                 (simplification.cpp        : 362)   PROCEDURE == Simplification cycle, iteration 3
  0:00:41.843    72M / 9G    INFO   Simplification           (parallel_processing.hpp   : 165)   Running Tip clipper
  0:00:41.844    72M / 9G    INFO   Simplification           (parallel_processing.hpp   : 167)   Tip clipper triggered 1 times
  0:00:41.844    72M / 9G    INFO   Simplification           (parallel_processing.hpp   : 165)   Running Bulge remover
  0:00:41.851    72M / 9G    INFO   Simplification           (parallel_processing.hpp   : 167)   Bulge remover triggered 58 times
  0:00:41.851    72M / 9G    INFO   Simplification           (parallel_processing.hpp   : 165)   Running Low coverage edge remover
  0:00:41.853    72M / 9G    INFO   Simplification           (parallel_processing.hpp   : 167)   Low coverage edge remover triggered 21 times
  0:00:41.853    72M / 9G    INFO    General                 (simplification.cpp        : 362)   PROCEDURE == Simplification cycle, iteration 4
  0:00:41.853    72M / 9G    INFO   Simplification           (parallel_processing.hpp   : 165)   Running Tip clipper
  0:00:41.853    72M / 9G    INFO   Simplification           (parallel_processing.hpp   : 167)   Tip clipper triggered 0 times
  0:00:41.853    72M / 9G    INFO   Simplification           (parallel_processing.hpp   : 165)   Running Bulge remover
  0:00:41.853    72M / 9G    INFO   Simplification           (parallel_processing.hpp   : 167)   Bulge remover triggered 12 times
  0:00:41.853    72M / 9G    INFO   Simplification           (parallel_processing.hpp   : 165)   Running Low coverage edge remover
  0:00:41.854    72M / 9G    INFO   Simplification           (parallel_processing.hpp   : 167)   Low coverage edge remover triggered 7 times
  0:00:41.854    72M / 9G    INFO    General                 (simplification.cpp        : 362)   PROCEDURE == Simplification cycle, iteration 5
  0:00:41.854    72M / 9G    INFO   Simplification           (parallel_processing.hpp   : 165)   Running Tip clipper
  0:00:41.854    72M / 9G    INFO   Simplification           (parallel_processing.hpp   : 167)   Tip clipper triggered 0 times
  0:00:41.854    72M / 9G    INFO   Simplification           (parallel_processing.hpp   : 165)   Running Bulge remover
  0:00:41.854    72M / 9G    INFO   Simplification           (parallel_processing.hpp   : 167)   Bulge remover triggered 3 times
  0:00:41.854    72M / 9G    INFO   Simplification           (parallel_processing.hpp   : 165)   Running Low coverage edge remover
  0:00:41.854    72M / 9G    INFO   Simplification           (parallel_processing.hpp   : 167)   Low coverage edge remover triggered 5 times
  0:00:41.854    72M / 9G    INFO    General                 (simplification.cpp        : 362)   PROCEDURE == Simplification cycle, iteration 6
  0:00:41.854    72M / 9G    INFO   Simplification           (parallel_processing.hpp   : 165)   Running Tip clipper
  0:00:41.854    72M / 9G    INFO   Simplification           (parallel_processing.hpp   : 167)   Tip clipper triggered 0 times
  0:00:41.854    72M / 9G    INFO   Simplification           (parallel_processing.hpp   : 165)   Running Bulge remover
  0:00:41.854    72M / 9G    INFO   Simplification           (parallel_processing.hpp   : 167)   Bulge remover triggered 0 times
  0:00:41.854    72M / 9G    INFO   Simplification           (parallel_processing.hpp   : 165)   Running Low coverage edge remover
  0:00:41.854    72M / 9G    INFO   Simplification           (parallel_processing.hpp   : 167)   Low coverage edge remover triggered 1 times
  0:00:41.854    72M / 9G    INFO    General                 (simplification.cpp        : 362)   PROCEDURE == Simplification cycle, iteration 7
  0:00:41.854    72M / 9G    INFO   Simplification           (parallel_processing.hpp   : 165)   Running Tip clipper
  0:00:41.854    72M / 9G    INFO   Simplification           (parallel_processing.hpp   : 167)   Tip clipper triggered 0 times
  0:00:41.854    72M / 9G    INFO   Simplification           (parallel_processing.hpp   : 165)   Running Bulge remover
  0:00:41.854    72M / 9G    INFO   Simplification           (parallel_processing.hpp   : 167)   Bulge remover triggered 0 times
  0:00:41.854    72M / 9G    INFO   Simplification           (parallel_processing.hpp   : 165)   Running Low coverage edge remover
  0:00:41.854    72M / 9G    INFO   Simplification           (parallel_processing.hpp   : 167)   Low coverage edge remover triggered 1 times
  0:00:41.854    72M / 9G    INFO    General                 (simplification.cpp        : 362)   PROCEDURE == Simplification cycle, iteration 8
  0:00:41.854    72M / 9G    INFO   Simplification           (parallel_processing.hpp   : 165)   Running Tip clipper
  0:00:41.854    72M / 9G    INFO   Simplification           (parallel_processing.hpp   : 167)   Tip clipper triggered 0 times
  0:00:41.854    72M / 9G    INFO   Simplification           (parallel_processing.hpp   : 165)   Running Bulge remover
  0:00:41.854    72M / 9G    INFO   Simplification           (parallel_processing.hpp   : 167)   Bulge remover triggered 0 times
  0:00:41.854    72M / 9G    INFO   Simplification           (parallel_processing.hpp   : 165)   Running Low coverage edge remover
  0:00:41.855    72M / 9G    INFO   Simplification           (parallel_processing.hpp   : 167)   Low coverage edge remover triggered 7 times
  0:00:41.855    72M / 9G    INFO    General                 (simplification.cpp        : 362)   PROCEDURE == Simplification cycle, iteration 9
  0:00:41.855    72M / 9G    INFO   Simplification           (parallel_processing.hpp   : 165)   Running Tip clipper
  0:00:41.855    72M / 9G    INFO   Simplification           (parallel_processing.hpp   : 167)   Tip clipper triggered 0 times
  0:00:41.855    72M / 9G    INFO   Simplification           (parallel_processing.hpp   : 165)   Running Bulge remover
  0:00:41.855    72M / 9G    INFO   Simplification           (parallel_processing.hpp   : 167)   Bulge remover triggered 0 times
  0:00:41.855    72M / 9G    INFO   Simplification           (parallel_processing.hpp   : 165)   Running Low coverage edge remover
  0:00:41.856    72M / 9G    INFO   Simplification           (parallel_processing.hpp   : 167)   Low coverage edge remover triggered 3 times
  0:00:41.856    72M / 9G    INFO    General                 (simplification.cpp        : 362)   PROCEDURE == Simplification cycle, iteration 10
  0:00:41.856    72M / 9G    INFO   Simplification           (parallel_processing.hpp   : 165)   Running Tip clipper
  0:00:41.856    72M / 9G    INFO   Simplification           (parallel_processing.hpp   : 167)   Tip clipper triggered 0 times
  0:00:41.856    72M / 9G    INFO   Simplification           (parallel_processing.hpp   : 165)   Running Bulge remover
  0:00:41.856    72M / 9G    INFO   Simplification           (parallel_processing.hpp   : 167)   Bulge remover triggered 0 times
  0:00:41.856    72M / 9G    INFO   Simplification           (parallel_processing.hpp   : 165)   Running Low coverage edge remover
  0:00:41.856    72M / 9G    INFO   Simplification           (parallel_processing.hpp   : 167)   Low coverage edge remover triggered 1 times
  0:00:41.856    72M / 9G    INFO    General                 (simplification.cpp        : 362)   PROCEDURE == Simplification cycle, iteration 11
  0:00:41.856    72M / 9G    INFO   Simplification           (parallel_processing.hpp   : 165)   Running Tip clipper
  0:00:41.873    72M / 9G    INFO   Simplification           (parallel_processing.hpp   : 167)   Tip clipper triggered 0 times
  0:00:41.873    72M / 9G    INFO   Simplification           (parallel_processing.hpp   : 165)   Running Bulge remover
  0:00:41.900    72M / 9G    INFO   Simplification           (parallel_processing.hpp   : 167)   Bulge remover triggered 1 times
  0:00:41.900    72M / 9G    INFO   Simplification           (parallel_processing.hpp   : 165)   Running Low coverage edge remover
  0:00:41.914    68M / 9G    INFO   Simplification           (parallel_processing.hpp   : 167)   Low coverage edge remover triggered 0 times
  0:00:41.914    68M / 9G    INFO    General                 (simplification.cpp        : 362)   PROCEDURE == Simplification cycle, iteration 12
  0:00:41.914    68M / 9G    INFO   Simplification           (parallel_processing.hpp   : 165)   Running Tip clipper
  0:00:41.914    68M / 9G    INFO   Simplification           (parallel_processing.hpp   : 167)   Tip clipper triggered 0 times
  0:00:41.914    68M / 9G    INFO   Simplification           (parallel_processing.hpp   : 165)   Running Bulge remover
  0:00:41.914    68M / 9G    INFO   Simplification           (parallel_processing.hpp   : 167)   Bulge remover triggered 0 times
  0:00:41.914    68M / 9G    INFO   Simplification           (parallel_processing.hpp   : 165)   Running Low coverage edge remover
  0:00:41.914    68M / 9G    INFO   Simplification           (parallel_processing.hpp   : 167)   Low coverage edge remover triggered 0 times
  0:00:41.914    68M / 9G    INFO   StageManager             (stage.cpp                 : 132)   STAGE == Simplification Cleanup
  0:00:41.914    68M / 9G    INFO    General                 (simplification.cpp        : 196)   PROCEDURE == Post simplification
  0:00:41.914    68M / 9G    INFO    General                 (graph_simplification.hpp  : 458)   Disconnection of relatively low covered edges disabled
  0:00:41.914    68M / 9G    INFO    General                 (graph_simplification.hpp  : 494)   Complex tip clipping disabled
  0:00:41.914    68M / 9G    INFO    General                 (graph_simplification.hpp  : 641)   Creating parallel br instance
  0:00:41.914    68M / 9G    INFO   Simplification           (parallel_processing.hpp   : 165)   Running Tip clipper
  0:00:41.920    68M / 9G    INFO   Simplification           (parallel_processing.hpp   : 167)   Tip clipper triggered 0 times
  0:00:41.920    68M / 9G    INFO   Simplification           (parallel_processing.hpp   : 165)   Running Bulge remover
  0:00:41.933    68M / 9G    INFO   Simplification           (parallel_processing.hpp   : 167)   Bulge remover triggered 0 times
  0:00:41.933    68M / 9G    INFO   Simplification           (parallel_processing.hpp   : 165)   Running Tip clipper
  0:00:41.947    68M / 9G    INFO   Simplification           (parallel_processing.hpp   : 167)   Tip clipper triggered 0 times
  0:00:41.947    68M / 9G    INFO   Simplification           (parallel_processing.hpp   : 165)   Running Bulge remover
  0:00:41.960    68M / 9G    INFO   Simplification           (parallel_processing.hpp   : 167)   Bulge remover triggered 0 times
  0:00:41.960    68M / 9G    INFO    General                 (simplification.cpp        : 330)   Disrupting self-conjugate edges
  0:00:41.961    68M / 9G    INFO   Simplification           (parallel_processing.hpp   : 165)   Running Removing isolated edges
  0:00:41.975    68M / 9G    INFO   Simplification           (parallel_processing.hpp   : 167)   Removing isolated edges triggered 0 times
  0:00:41.975    68M / 9G    INFO    General                 (simplification.cpp        : 470)   Counting average coverage
  0:00:41.976    68M / 9G    INFO    General                 (simplification.cpp        : 476)   Average coverage = 139.266
  0:00:41.976    68M / 9G    INFO   StageManager             (stage.cpp                 : 132)   STAGE == Contig Output
  0:00:41.976    68M / 9G    INFO    General                 (contig_output.hpp         :  22)   Outputting contigs to /data/djs217/PROJECTS/41_Xanthomonas/xanthomonas-euvesicatoria-serbia/10_plasmidspades/SRR24958751_trimmed__plasmid_assembly//K33/simplified_contigs.fasta
  0:00:42.035    68M / 9G    INFO    General                 (launch.hpp                : 151)   SPAdes finished
  0:00:42.046    68M / 9G    INFO    General                 (main.cpp                  : 109)   Assembling time: 0 hours 0 minutes 42 seconds

== Running assembler: K55

  0:00:00.000     4M / 4M    INFO    General                 (main.cpp                  :  74)   Loaded config from /data/djs217/PROJECTS/41_Xanthomonas/xanthomonas-euvesicatoria-serbia/10_plasmidspades/SRR24958751_trimmed__plasmid_assembly/K55/configs/config.info
  0:00:00.000     4M / 4M    INFO    General                 (main.cpp                  :  74)   Loaded config from /data/djs217/PROJECTS/41_Xanthomonas/xanthomonas-euvesicatoria-serbia/10_plasmidspades/SRR24958751_trimmed__plasmid_assembly/K55/configs/plasmid_mode.info
  0:00:00.000     4M / 4M    INFO    General                 (memory_limit.cpp          :  49)   Memory limit set to 62 Gb
  0:00:00.000     4M / 4M    INFO    General                 (main.cpp                  :  84)   Starting SPAdes, built from N/A, git revision N/A
  0:00:00.000     4M / 4M    INFO    General                 (main.cpp                  :  88)   Maximum k-mer length: 128
  0:00:00.000     4M / 4M    INFO    General                 (main.cpp                  :  89)   Assembling dataset (/data/djs217/PROJECTS/41_Xanthomonas/xanthomonas-euvesicatoria-serbia/10_plasmidspades/SRR24958751_trimmed__plasmid_assembly/dataset.info) with K=55
  0:00:00.000     4M / 4M    INFO    General                 (main.cpp                  :  90)   Maximum # of threads to use (adjusted due to OMP capabilities): 16
  0:00:00.000     4M / 4M    INFO    General                 (launch.hpp                :  52)   SPAdes started
  0:00:00.000     4M / 4M    INFO    General                 (launch.hpp                :  59)   Starting from stage: construction
  0:00:00.000     4M / 4M    INFO    General                 (launch.hpp                :  66)   Two-step RR enabled: 0
  0:00:00.000     4M / 4M    INFO    General                 (launch.hpp                :  77)   Will need read mapping, kmer mapper will be attached
  0:00:00.000     4M / 4M    INFO   StageManager             (stage.cpp                 : 132)   STAGE == de Bruijn graph construction
  0:00:00.001     4M / 4M    INFO    General                 (read_converter.hpp        :  59)   Binary reads detected
  0:00:00.002     4M / 4M    INFO    General                 (construction.cpp          : 111)   Max read length 151
  0:00:00.002     4M / 4M    INFO    General                 (construction.cpp          : 117)   Average read length 149.574
  0:00:00.002     4M / 4M    INFO    General                 (stage.cpp                 : 101)   PROCEDURE == k+1-mer counting
  0:00:00.002     4M / 4M    INFO    General                 (kmer_index_builder.hpp    : 117)   Splitting kmer instances into 256 files using 16 threads. This might take a while.
  0:00:00.002     4M / 4M    INFO    General                 (file_limit.hpp            :  32)   Open file limit set to 1024
  0:00:00.002     4M / 4M    INFO    General                 (kmer_splitters.hpp        :  89)   Memory available for splitting buffers: 1.29159 Gb
  0:00:00.002     4M / 4M    INFO    General                 (kmer_splitters.hpp        :  97)   Using cell size of 131072
  0:00:07.989     8G / 9G    INFO    General                 (kmer_splitters.hpp        : 289)   Processed 11067836 reads
  0:00:08.799     8G / 9G    INFO    General                 (kmer_splitters.hpp        : 289)   Processed 12270756 reads
  0:00:08.800     8G / 9G    INFO    General                 (kmer_splitters.hpp        : 295)   Adding contigs from previous K
  0:00:10.048    64M / 9G    INFO    General                 (kmer_splitters.hpp        : 308)   Used 12270756 reads
  0:00:10.048    64M / 9G    INFO    General                 (kmer_index_builder.hpp    : 120)   Starting k-mer counting.
  0:00:10.385    64M / 9G    INFO    General                 (kmer_index_builder.hpp    : 127)   K-mer counting done. There are 9235734 kmers in total.
  0:00:10.385    64M / 9G    INFO    General                 (kmer_index_builder.hpp    : 133)   Merging temporary buckets.
  0:00:10.564    64M / 9G    INFO    General                 (stage.cpp                 : 101)   PROCEDURE == Extension index construction
  0:00:10.564    64M / 9G    INFO   K-mer Index Building     (kmer_index_builder.hpp    : 301)   Building kmer index
  0:00:10.564    64M / 9G    INFO    General                 (kmer_index_builder.hpp    : 117)   Splitting kmer instances into 256 files using 16 threads. This might take a while.
  0:00:10.564    64M / 9G    INFO    General                 (file_limit.hpp            :  32)   Open file limit set to 1024
  0:00:10.564    64M / 9G    INFO    General                 (kmer_splitters.hpp        :  89)   Memory available for splitting buffers: 1.29036 Gb
  0:00:10.564    64M / 9G    INFO    General                 (kmer_splitters.hpp        :  97)   Using cell size of 131072
  0:00:11.133     8G / 9G    INFO    General                 (kmer_splitters.hpp        : 380)   Processed 9235734 kmers
  0:00:11.133     8G / 9G    INFO    General                 (kmer_splitters.hpp        : 385)   Used 9235734 kmers.
  0:00:11.261    64M / 9G    INFO    General                 (kmer_index_builder.hpp    : 120)   Starting k-mer counting.
  0:00:11.484    64M / 9G    INFO    General                 (kmer_index_builder.hpp    : 127)   K-mer counting done. There are 9215796 kmers in total.
  0:00:11.484    64M / 9G    INFO    General                 (kmer_index_builder.hpp    : 133)   Merging temporary buckets.
  0:00:11.602    64M / 9G    INFO   K-mer Index Building     (kmer_index_builder.hpp    : 314)   Building perfect hash indices
  0:00:11.754    64M / 9G    INFO    General                 (kmer_index_builder.hpp    : 150)   Merging final buckets.
  0:00:12.381    64M / 9G    INFO   K-mer Index Building     (kmer_index_builder.hpp    : 336)   Index built. Total 4281696 bytes occupied (3.71683 bits per kmer).
  0:00:12.391    76M / 9G    INFO   DeBruijnExtensionIndexBu (kmer_extension_index_build:  99)   Building k-mer extensions from k+1-mers
  0:00:12.829    76M / 9G    INFO   DeBruijnExtensionIndexBu (kmer_extension_index_build: 103)   Building k-mer extensions from k+1-mers finished.
  0:00:12.830    76M / 9G    INFO    General                 (stage.cpp                 : 101)   PROCEDURE == Condensing graph
  0:00:12.931    76M / 9G    INFO   UnbranchingPathExtractor (debruijn_graph_constructor: 355)   Extracting unbranching paths
  0:00:13.310    88M / 9G    INFO   UnbranchingPathExtractor (debruijn_graph_constructor: 374)   Extracting unbranching paths finished. 279837 sequences extracted
  0:00:13.564    88M / 9G    INFO   UnbranchingPathExtractor (debruijn_graph_constructor: 310)   Collecting perfect loops
  0:00:13.667    88M / 9G    INFO   UnbranchingPathExtractor (debruijn_graph_constructor: 343)   Collecting perfect loops finished. 0 loops collected
  0:00:13.811   148M / 9G    INFO    General                 (stage.cpp                 : 101)   PROCEDURE == Filling coverage indices (PHM)
  0:00:13.812   148M / 9G    INFO   K-mer Index Building     (kmer_index_builder.hpp    : 301)   Building kmer index
  0:00:13.812   148M / 9G    INFO   K-mer Index Building     (kmer_index_builder.hpp    : 314)   Building perfect hash indices
  0:00:13.959   152M / 9G    INFO   K-mer Index Building     (kmer_index_builder.hpp    : 336)   Index built. Total 4290960 bytes occupied (3.71683 bits per kmer).
  0:00:13.994   188M / 9G    INFO    General                 (construction.cpp          : 388)   Collecting k-mer coverage information from reads, this takes a while.
  0:00:22.532   188M / 9G    INFO    General                 (construction.cpp          : 508)   Filling coverage and flanking coverage from PHM
  0:00:22.780   188M / 9G    INFO    General                 (construction.cpp          : 464)   Processed 559674 edges
  0:00:22.823   136M / 9G    INFO   StageManager             (stage.cpp                 : 132)   STAGE == EC Threshold Finding
  0:00:22.823   136M / 9G    INFO    General                 (kmer_coverage_model.cpp   : 181)   Kmer coverage valley at: 19
  0:00:22.823   136M / 9G    INFO    General                 (kmer_coverage_model.cpp   : 201)   K-mer histogram maximum: 101
  0:00:22.823   136M / 9G    INFO    General                 (kmer_coverage_model.cpp   : 237)   Estimated median coverage: 108. Coverage mad: 23.7216
  0:00:22.824   136M / 9G    INFO    General                 (kmer_coverage_model.cpp   : 259)   Fitting coverage model
  0:00:22.975   136M / 9G    INFO    General                 (kmer_coverage_model.cpp   : 295)   ... iteration 2
  0:00:23.406   136M / 9G    INFO    General                 (kmer_coverage_model.cpp   : 295)   ... iteration 4
  0:00:25.003   136M / 9G    INFO    General                 (kmer_coverage_model.cpp   : 295)   ... iteration 8
  0:00:27.346   136M / 9G    INFO    General                 (kmer_coverage_model.cpp   : 309)   Fitted mean coverage: 108.635. Fitted coverage std. dev: 21.5573
  0:00:27.350   136M / 9G    INFO    General                 (kmer_coverage_model.cpp   : 334)   Probability of erroneous kmer at valley: 0.943824
  0:00:27.350   136M / 9G    INFO    General                 (kmer_coverage_model.cpp   : 358)   Preliminary threshold calculated as: 37
  0:00:27.350   136M / 9G    INFO    General                 (kmer_coverage_model.cpp   : 362)   Threshold adjusted to: 37
  0:00:27.350   136M / 9G    INFO    General                 (kmer_coverage_model.cpp   : 375)   Estimated genome size (ignoring repeats): 5103363
  0:00:27.350   136M / 9G    INFO    General                 (genomic_info_filler.cpp   : 112)   Mean coverage was calculated as 108.635
  0:00:27.350   136M / 9G    INFO    General                 (genomic_info_filler.cpp   : 127)   EC coverage threshold value was calculated as 37
  0:00:27.351   136M / 9G    INFO    General                 (genomic_info_filler.cpp   : 128)   Trusted kmer low bound: 0
  0:00:27.351   136M / 9G    INFO   StageManager             (stage.cpp                 : 132)   STAGE == Gap Closer
  0:00:27.351   136M / 9G    INFO    General                 (graph_pack.hpp            : 101)   Index refill
  0:00:27.351   136M / 9G    INFO   K-mer Index Building     (kmer_index_builder.hpp    : 301)   Building kmer index
  0:00:27.351   136M / 9G    INFO    General                 (kmer_index_builder.hpp    : 117)   Splitting kmer instances into 256 files using 16 threads. This might take a while.
  0:00:27.351   136M / 9G    INFO    General                 (file_limit.hpp            :  32)   Open file limit set to 1024
  0:00:27.351   136M / 9G    INFO    General                 (kmer_splitters.hpp        :  89)   Memory available for splitting buffers: 1.2889 Gb
  0:00:27.351   136M / 9G    INFO    General                 (kmer_splitters.hpp        :  97)   Using cell size of 131072
  0:00:27.576     8G / 9G    INFO    General                 (edge_index_builders.hpp   :  77)   Processed 559674 edges
  0:00:27.577     8G / 9G    INFO    General                 (edge_index_builders.hpp   :  82)   Used 559674 sequences.
  0:00:27.668   132M / 9G    INFO    General                 (kmer_index_builder.hpp    : 120)   Starting k-mer counting.
  0:00:27.805   132M / 9G    INFO    General                 (kmer_index_builder.hpp    : 127)   K-mer counting done. There are 9235734 kmers in total.
  0:00:27.805   132M / 9G    INFO    General                 (kmer_index_builder.hpp    : 133)   Merging temporary buckets.
  0:00:27.914   132M / 9G    INFO   K-mer Index Building     (kmer_index_builder.hpp    : 314)   Building perfect hash indices
  0:00:28.084   136M / 9G    INFO    General                 (kmer_index_builder.hpp    : 150)   Merging final buckets.
  0:00:28.695   136M / 9G    INFO   K-mer Index Building     (kmer_index_builder.hpp    : 336)   Index built. Total 4290960 bytes occupied (3.71683 bits per kmer).
  0:00:28.832   348M / 9G    INFO    General                 (edge_index_builders.hpp   : 107)   Collecting edge information from graph, this takes a while.
  0:00:29.075   348M / 9G    INFO    General                 (edge_index.hpp            :  92)   Index refilled
  0:00:29.075   348M / 9G    INFO    General                 (gap_closer.cpp            : 159)   Preparing shift maps
  0:00:29.298   364M / 9G    INFO    General                 (gap_closer.cpp            : 119)   Processing paired reads (takes a while)
  0:00:31.325   368M / 9G    INFO    General                 (gap_closer.cpp            : 138)   Used 3064220 paired reads
  0:00:31.326   368M / 9G    INFO    General                 (gap_closer.cpp            : 140)   Merging paired indices
  0:00:31.377   352M / 9G    INFO   GapCloser                (gap_closer.cpp            : 346)   Closing short gaps
  0:00:31.708   352M / 9G    INFO   GapCloser                (gap_closer.cpp            : 378)   Closing short gaps complete: filled 81 gaps after checking 202 candidates
  0:00:31.724   352M / 9G    INFO   StageManager             (stage.cpp                 : 132)   STAGE == Raw Simplification
  0:00:31.736   136M / 9G    INFO    General                 (simplification.cpp        : 128)   PROCEDURE == InitialCleaning
  0:00:31.737   136M / 9G    INFO    General                 (graph_simplification.hpp  : 669)   Flanking coverage based disconnection disabled
  0:00:31.737   136M / 9G    INFO   Simplification           (parallel_processing.hpp   : 165)   Running Self conjugate edge remover
  0:00:31.748   136M / 9G    INFO   Simplification           (parallel_processing.hpp   : 167)   Self conjugate edge remover triggered 0 times
  0:00:31.748   136M / 9G    INFO   Simplification           (parallel_processing.hpp   : 165)   Running Initial tip clipper
  0:00:32.804   140M / 9G    INFO   Simplification           (parallel_processing.hpp   : 167)   Initial tip clipper triggered 103539 times
  0:00:32.805   140M / 9G    INFO   Simplification           (parallel_processing.hpp   : 165)   Running Initial ec remover
  0:00:33.331   128M / 9G    INFO   Simplification           (parallel_processing.hpp   : 167)   Initial ec remover triggered 21668 times
  0:00:33.331   128M / 9G    INFO   Simplification           (parallel_processing.hpp   : 165)   Running Initial isolated edge remover
  0:00:33.368    88M / 9G    INFO   Simplification           (parallel_processing.hpp   : 167)   Initial isolated edge remover triggered 3731 times
  0:00:33.372    84M / 9G    INFO   StageManager             (stage.cpp                 : 132)   STAGE == Simplification
  0:00:33.372    84M / 9G    INFO    General                 (simplification.cpp        : 357)   Graph simplification started
  0:00:33.372    84M / 9G    INFO    General                 (graph_simplification.hpp  : 641)   Creating parallel br instance
  0:00:33.372    84M / 9G    INFO    General                 (simplification.cpp        : 362)   PROCEDURE == Simplification cycle, iteration 1
  0:00:33.372    84M / 9G    INFO   Simplification           (parallel_processing.hpp   : 165)   Running Tip clipper
  0:00:33.381    84M / 9G    INFO   Simplification           (parallel_processing.hpp   : 167)   Tip clipper triggered 49 times
  0:00:33.381    84M / 9G    INFO   Simplification           (parallel_processing.hpp   : 165)   Running Bulge remover
  0:00:33.587    84M / 9G    INFO   Simplification           (parallel_processing.hpp   : 167)   Bulge remover triggered 1028 times
  0:00:33.587    84M / 9G    INFO   Simplification           (parallel_processing.hpp   : 165)   Running Low coverage edge remover
  0:00:33.675    80M / 9G    INFO   Simplification           (parallel_processing.hpp   : 167)   Low coverage edge remover triggered 685 times
  0:00:33.675    80M / 9G    INFO    General                 (simplification.cpp        : 362)   PROCEDURE == Simplification cycle, iteration 2
  0:00:33.675    80M / 9G    INFO   Simplification           (parallel_processing.hpp   : 165)   Running Tip clipper
  0:00:33.677    80M / 9G    INFO   Simplification           (parallel_processing.hpp   : 167)   Tip clipper triggered 3 times
  0:00:33.677    80M / 9G    INFO   Simplification           (parallel_processing.hpp   : 165)   Running Bulge remover
  0:00:33.688    80M / 9G    INFO   Simplification           (parallel_processing.hpp   : 167)   Bulge remover triggered 44 times
  0:00:33.688    80M / 9G    INFO   Simplification           (parallel_processing.hpp   : 165)   Running Low coverage edge remover
  0:00:33.718    80M / 9G    INFO   Simplification           (parallel_processing.hpp   : 167)   Low coverage edge remover triggered 173 times
  0:00:33.718    80M / 9G    INFO    General                 (simplification.cpp        : 362)   PROCEDURE == Simplification cycle, iteration 3
  0:00:33.718    80M / 9G    INFO   Simplification           (parallel_processing.hpp   : 165)   Running Tip clipper
  0:00:33.718    80M / 9G    INFO   Simplification           (parallel_processing.hpp   : 167)   Tip clipper triggered 2 times
  0:00:33.718    80M / 9G    INFO   Simplification           (parallel_processing.hpp   : 165)   Running Bulge remover
  0:00:33.733    76M / 9G    INFO   Simplification           (parallel_processing.hpp   : 167)   Bulge remover triggered 47 times
  0:00:33.733    76M / 9G    INFO   Simplification           (parallel_processing.hpp   : 165)   Running Low coverage edge remover
  0:00:33.736    76M / 9G    INFO   Simplification           (parallel_processing.hpp   : 167)   Low coverage edge remover triggered 23 times
  0:00:33.737    76M / 9G    INFO    General                 (simplification.cpp        : 362)   PROCEDURE == Simplification cycle, iteration 4
  0:00:33.737    76M / 9G    INFO   Simplification           (parallel_processing.hpp   : 165)   Running Tip clipper
  0:00:33.737    76M / 9G    INFO   Simplification           (parallel_processing.hpp   : 167)   Tip clipper triggered 0 times
  0:00:33.737    76M / 9G    INFO   Simplification           (parallel_processing.hpp   : 165)   Running Bulge remover
  0:00:33.748    76M / 9G    INFO   Simplification           (parallel_processing.hpp   : 167)   Bulge remover triggered 14 times
  0:00:33.748    76M / 9G    INFO   Simplification           (parallel_processing.hpp   : 165)   Running Low coverage edge remover
  0:00:33.748    76M / 9G    INFO   Simplification           (parallel_processing.hpp   : 167)   Low coverage edge remover triggered 5 times
  0:00:33.748    76M / 9G    INFO    General                 (simplification.cpp        : 362)   PROCEDURE == Simplification cycle, iteration 5
  0:00:33.748    76M / 9G    INFO   Simplification           (parallel_processing.hpp   : 165)   Running Tip clipper
  0:00:33.748    76M / 9G    INFO   Simplification           (parallel_processing.hpp   : 167)   Tip clipper triggered 0 times
  0:00:33.748    76M / 9G    INFO   Simplification           (parallel_processing.hpp   : 165)   Running Bulge remover
  0:00:33.749    76M / 9G    INFO   Simplification           (parallel_processing.hpp   : 167)   Bulge remover triggered 3 times
  0:00:33.749    76M / 9G    INFO   Simplification           (parallel_processing.hpp   : 165)   Running Low coverage edge remover
  0:00:33.750    76M / 9G    INFO   Simplification           (parallel_processing.hpp   : 167)   Low coverage edge remover triggered 2 times
  0:00:33.750    76M / 9G    INFO    General                 (simplification.cpp        : 362)   PROCEDURE == Simplification cycle, iteration 6
  0:00:33.750    76M / 9G    INFO   Simplification           (parallel_processing.hpp   : 165)   Running Tip clipper
  0:00:33.750    76M / 9G    INFO   Simplification           (parallel_processing.hpp   : 167)   Tip clipper triggered 0 times
  0:00:33.750    76M / 9G    INFO   Simplification           (parallel_processing.hpp   : 165)   Running Bulge remover
  0:00:33.750    76M / 9G    INFO   Simplification           (parallel_processing.hpp   : 167)   Bulge remover triggered 0 times
  0:00:33.750    76M / 9G    INFO   Simplification           (parallel_processing.hpp   : 165)   Running Low coverage edge remover
  0:00:33.751    76M / 9G    INFO   Simplification           (parallel_processing.hpp   : 167)   Low coverage edge remover triggered 3 times
  0:00:33.751    76M / 9G    INFO    General                 (simplification.cpp        : 362)   PROCEDURE == Simplification cycle, iteration 7
  0:00:33.752    76M / 9G    INFO   Simplification           (parallel_processing.hpp   : 165)   Running Tip clipper
  0:00:33.752    76M / 9G    INFO   Simplification           (parallel_processing.hpp   : 167)   Tip clipper triggered 0 times
  0:00:33.752    76M / 9G    INFO   Simplification           (parallel_processing.hpp   : 165)   Running Bulge remover
  0:00:33.752    76M / 9G    INFO   Simplification           (parallel_processing.hpp   : 167)   Bulge remover triggered 0 times
  0:00:33.752    76M / 9G    INFO   Simplification           (parallel_processing.hpp   : 165)   Running Low coverage edge remover
  0:00:33.752    76M / 9G    INFO   Simplification           (parallel_processing.hpp   : 167)   Low coverage edge remover triggered 0 times
  0:00:33.752    76M / 9G    INFO    General                 (simplification.cpp        : 362)   PROCEDURE == Simplification cycle, iteration 8
  0:00:33.752    76M / 9G    INFO   Simplification           (parallel_processing.hpp   : 165)   Running Tip clipper
  0:00:33.752    76M / 9G    INFO   Simplification           (parallel_processing.hpp   : 167)   Tip clipper triggered 0 times
  0:00:33.752    76M / 9G    INFO   Simplification           (parallel_processing.hpp   : 165)   Running Bulge remover
  0:00:33.752    76M / 9G    INFO   Simplification           (parallel_processing.hpp   : 167)   Bulge remover triggered 0 times
  0:00:33.752    76M / 9G    INFO   Simplification           (parallel_processing.hpp   : 165)   Running Low coverage edge remover
  0:00:33.752    76M / 9G    INFO   Simplification           (parallel_processing.hpp   : 167)   Low coverage edge remover triggered 2 times
  0:00:33.752    76M / 9G    INFO    General                 (simplification.cpp        : 362)   PROCEDURE == Simplification cycle, iteration 9
  0:00:33.752    76M / 9G    INFO   Simplification           (parallel_processing.hpp   : 165)   Running Tip clipper
  0:00:33.752    76M / 9G    INFO   Simplification           (parallel_processing.hpp   : 167)   Tip clipper triggered 0 times
  0:00:33.752    76M / 9G    INFO   Simplification           (parallel_processing.hpp   : 165)   Running Bulge remover
  0:00:33.752    76M / 9G    INFO   Simplification           (parallel_processing.hpp   : 167)   Bulge remover triggered 0 times
  0:00:33.753    76M / 9G    INFO   Simplification           (parallel_processing.hpp   : 165)   Running Low coverage edge remover
  0:00:33.753    76M / 9G    INFO   Simplification           (parallel_processing.hpp   : 167)   Low coverage edge remover triggered 1 times
  0:00:33.753    76M / 9G    INFO    General                 (simplification.cpp        : 362)   PROCEDURE == Simplification cycle, iteration 10
  0:00:33.753    76M / 9G    INFO   Simplification           (parallel_processing.hpp   : 165)   Running Tip clipper
  0:00:33.753    76M / 9G    INFO   Simplification           (parallel_processing.hpp   : 167)   Tip clipper triggered 0 times
  0:00:33.753    76M / 9G    INFO   Simplification           (parallel_processing.hpp   : 165)   Running Bulge remover
  0:00:33.753    76M / 9G    INFO   Simplification           (parallel_processing.hpp   : 167)   Bulge remover triggered 0 times
  0:00:33.753    76M / 9G    INFO   Simplification           (parallel_processing.hpp   : 165)   Running Low coverage edge remover
  0:00:33.753    76M / 9G    INFO   Simplification           (parallel_processing.hpp   : 167)   Low coverage edge remover triggered 1 times
  0:00:33.753    76M / 9G    INFO    General                 (simplification.cpp        : 362)   PROCEDURE == Simplification cycle, iteration 11
  0:00:33.753    76M / 9G    INFO   Simplification           (parallel_processing.hpp   : 165)   Running Tip clipper
  0:00:33.754    76M / 9G    INFO   Simplification           (parallel_processing.hpp   : 167)   Tip clipper triggered 0 times
  0:00:33.754    76M / 9G    INFO   Simplification           (parallel_processing.hpp   : 165)   Running Bulge remover
  0:00:33.754    76M / 9G    INFO   Simplification           (parallel_processing.hpp   : 167)   Bulge remover triggered 0 times
  0:00:33.754    76M / 9G    INFO   Simplification           (parallel_processing.hpp   : 165)   Running Low coverage edge remover
  0:00:33.754    76M / 9G    INFO   Simplification           (parallel_processing.hpp   : 167)   Low coverage edge remover triggered 0 times
  0:00:33.756    76M / 9G    INFO   StageManager             (stage.cpp                 : 132)   STAGE == Gap Closer
  0:00:33.756    76M / 9G    INFO    General                 (graph_pack.hpp            : 101)   Index refill
  0:00:33.756    76M / 9G    INFO   K-mer Index Building     (kmer_index_builder.hpp    : 301)   Building kmer index
  0:00:33.756    76M / 9G    INFO    General                 (kmer_index_builder.hpp    : 117)   Splitting kmer instances into 256 files using 16 threads. This might take a while.
  0:00:33.756    76M / 9G    INFO    General                 (file_limit.hpp            :  32)   Open file limit set to 1024
  0:00:33.756    76M / 9G    INFO    General                 (kmer_splitters.hpp        :  89)   Memory available for splitting buffers: 1.29012 Gb
  0:00:33.756    76M / 9G    INFO    General                 (kmer_splitters.hpp        :  97)   Using cell size of 131072
  0:00:33.948     8G / 9G    INFO    General                 (edge_index_builders.hpp   :  82)   Used 874 sequences.
  0:00:34.026    76M / 9G    INFO    General                 (kmer_index_builder.hpp    : 120)   Starting k-mer counting.
  0:00:34.149    76M / 9G    INFO    General                 (kmer_index_builder.hpp    : 127)   K-mer counting done. There are 5119144 kmers in total.
  0:00:34.150    76M / 9G    INFO    General                 (kmer_index_builder.hpp    : 133)   Merging temporary buckets.
  0:00:34.224    76M / 9G    INFO   K-mer Index Building     (kmer_index_builder.hpp    : 314)   Building perfect hash indices
  0:00:34.374    76M / 9G    INFO    General                 (kmer_index_builder.hpp    : 150)   Merging final buckets.
  0:00:34.764    76M / 9G    INFO   K-mer Index Building     (kmer_index_builder.hpp    : 336)   Index built. Total 2381896 bytes occupied (3.72233 bits per kmer).
  0:00:34.860   196M / 9G    INFO    General                 (edge_index_builders.hpp   : 107)   Collecting edge information from graph, this takes a while.
  0:00:35.038   196M / 9G    INFO    General                 (edge_index.hpp            :  92)   Index refilled
  0:00:35.039   196M / 9G    INFO    General                 (gap_closer.cpp            : 159)   Preparing shift maps
  0:00:35.040   196M / 9G    INFO    General                 (gap_closer.cpp            : 119)   Processing paired reads (takes a while)
  0:00:36.847   196M / 9G    INFO    General                 (gap_closer.cpp            : 138)   Used 3064220 paired reads
  0:00:36.847   196M / 9G    INFO    General                 (gap_closer.cpp            : 140)   Merging paired indices
  0:00:36.848   196M / 9G    INFO   GapCloser                (gap_closer.cpp            : 346)   Closing short gaps
  0:00:36.848   196M / 9G    INFO   GapCloser                (gap_closer.cpp            : 378)   Closing short gaps complete: filled 0 gaps after checking 2 candidates
  0:00:36.848   196M / 9G    INFO   StageManager             (stage.cpp                 : 132)   STAGE == Simplification Cleanup
  0:00:36.848   196M / 9G    INFO    General                 (simplification.cpp        : 196)   PROCEDURE == Post simplification
  0:00:36.848   196M / 9G    INFO    General                 (graph_simplification.hpp  : 458)   Disconnection of relatively low covered edges disabled
  0:00:36.848   196M / 9G    INFO    General                 (graph_simplification.hpp  : 494)   Complex tip clipping disabled
  0:00:36.848   196M / 9G    INFO    General                 (graph_simplification.hpp  : 641)   Creating parallel br instance
  0:00:36.848   196M / 9G    INFO   Simplification           (parallel_processing.hpp   : 165)   Running Tip clipper
  0:00:36.848   196M / 9G    INFO   Simplification           (parallel_processing.hpp   : 167)   Tip clipper triggered 0 times
  0:00:36.848   196M / 9G    INFO   Simplification           (parallel_processing.hpp   : 165)   Running Bulge remover
  0:00:36.849   196M / 9G    INFO   Simplification           (parallel_processing.hpp   : 167)   Bulge remover triggered 0 times
  0:00:36.849   196M / 9G    INFO   Simplification           (parallel_processing.hpp   : 165)   Running Tip clipper
  0:00:36.849   196M / 9G    INFO   Simplification           (parallel_processing.hpp   : 167)   Tip clipper triggered 0 times
  0:00:36.849   196M / 9G    INFO   Simplification           (parallel_processing.hpp   : 165)   Running Bulge remover
  0:00:36.849   196M / 9G    INFO   Simplification           (parallel_processing.hpp   : 167)   Bulge remover triggered 0 times
  0:00:36.849   196M / 9G    INFO    General                 (simplification.cpp        : 330)   Disrupting self-conjugate edges
  0:00:36.849   196M / 9G    INFO   Simplification           (parallel_processing.hpp   : 165)   Running Removing isolated edges
  0:00:36.849   196M / 9G    INFO   Simplification           (parallel_processing.hpp   : 167)   Removing isolated edges triggered 0 times
  0:00:36.849   196M / 9G    INFO    General                 (simplification.cpp        : 470)   Counting average coverage
  0:00:36.849   196M / 9G    INFO    General                 (simplification.cpp        : 476)   Average coverage = 112.545
  0:00:36.849   196M / 9G    INFO   StageManager             (stage.cpp                 : 132)   STAGE == Contig Output
  0:00:36.849   196M / 9G    INFO    General                 (contig_output.hpp         :  22)   Outputting contigs to /data/djs217/PROJECTS/41_Xanthomonas/xanthomonas-euvesicatoria-serbia/10_plasmidspades/SRR24958751_trimmed__plasmid_assembly//K55/simplified_contigs.fasta
  0:00:36.895   196M / 9G    INFO    General                 (launch.hpp                : 151)   SPAdes finished
  0:00:36.943    68M / 9G    INFO    General                 (main.cpp                  : 109)   Assembling time: 0 hours 0 minutes 36 seconds

== Running assembler: K77

  0:00:00.000     4M / 4M    INFO    General                 (main.cpp                  :  74)   Loaded config from /data/djs217/PROJECTS/41_Xanthomonas/xanthomonas-euvesicatoria-serbia/10_plasmidspades/SRR24958751_trimmed__plasmid_assembly/K77/configs/config.info
  0:00:00.000     4M / 4M    INFO    General                 (main.cpp                  :  74)   Loaded config from /data/djs217/PROJECTS/41_Xanthomonas/xanthomonas-euvesicatoria-serbia/10_plasmidspades/SRR24958751_trimmed__plasmid_assembly/K77/configs/plasmid_mode.info
  0:00:00.000     4M / 4M    INFO    General                 (memory_limit.cpp          :  49)   Memory limit set to 62 Gb
  0:00:00.000     4M / 4M    INFO    General                 (main.cpp                  :  84)   Starting SPAdes, built from N/A, git revision N/A
  0:00:00.000     4M / 4M    INFO    General                 (main.cpp                  :  88)   Maximum k-mer length: 128
  0:00:00.000     4M / 4M    INFO    General                 (main.cpp                  :  89)   Assembling dataset (/data/djs217/PROJECTS/41_Xanthomonas/xanthomonas-euvesicatoria-serbia/10_plasmidspades/SRR24958751_trimmed__plasmid_assembly/dataset.info) with K=77
  0:00:00.000     4M / 4M    INFO    General                 (main.cpp                  :  90)   Maximum # of threads to use (adjusted due to OMP capabilities): 16
  0:00:00.000     4M / 4M    INFO    General                 (launch.hpp                :  52)   SPAdes started
  0:00:00.000     4M / 4M    INFO    General                 (launch.hpp                :  59)   Starting from stage: construction
  0:00:00.000     4M / 4M    INFO    General                 (launch.hpp                :  66)   Two-step RR enabled: 0
  0:00:00.000     4M / 4M    INFO    General                 (launch.hpp                :  77)   Will need read mapping, kmer mapper will be attached
  0:00:00.000     4M / 4M    INFO   StageManager             (stage.cpp                 : 132)   STAGE == de Bruijn graph construction
  0:00:00.001     4M / 4M    INFO    General                 (read_converter.hpp        :  59)   Binary reads detected
  0:00:00.002     4M / 4M    INFO    General                 (construction.cpp          : 111)   Max read length 151
  0:00:00.002     4M / 4M    INFO    General                 (construction.cpp          : 117)   Average read length 149.574
  0:00:00.002     4M / 4M    INFO    General                 (stage.cpp                 : 101)   PROCEDURE == k+1-mer counting
  0:00:00.002     4M / 4M    INFO    General                 (kmer_index_builder.hpp    : 117)   Splitting kmer instances into 256 files using 16 threads. This might take a while.
  0:00:00.003     4M / 4M    INFO    General                 (file_limit.hpp            :  32)   Open file limit set to 1024
  0:00:00.003     4M / 4M    INFO    General                 (kmer_splitters.hpp        :  89)   Memory available for splitting buffers: 1.29159 Gb
  0:00:00.003     4M / 4M    INFO    General                 (kmer_splitters.hpp        :  97)   Using cell size of 87381
  0:00:06.589     8G / 9G    INFO    General                 (kmer_splitters.hpp        : 289)   Processed 9586105 reads
  0:00:09.162     8G / 9G    INFO    General                 (kmer_splitters.hpp        : 289)   Processed 12270756 reads
  0:00:09.162     8G / 9G    INFO    General                 (kmer_splitters.hpp        : 295)   Adding contigs from previous K
  0:00:10.632    64M / 9G    INFO    General                 (kmer_splitters.hpp        : 308)   Used 12270756 reads
  0:00:10.633    64M / 9G    INFO    General                 (kmer_index_builder.hpp    : 120)   Starting k-mer counting.
  0:00:11.673    64M / 9G    INFO    General                 (kmer_index_builder.hpp    : 127)   K-mer counting done. There are 9383459 kmers in total.
  0:00:11.674    64M / 9G    INFO    General                 (kmer_index_builder.hpp    : 133)   Merging temporary buckets.
  0:00:11.863    64M / 9G    INFO    General                 (stage.cpp                 : 101)   PROCEDURE == Extension index construction
  0:00:11.864    64M / 9G    INFO   K-mer Index Building     (kmer_index_builder.hpp    : 301)   Building kmer index
  0:00:11.864    64M / 9G    INFO    General                 (kmer_index_builder.hpp    : 117)   Splitting kmer instances into 256 files using 16 threads. This might take a while.
  0:00:11.864    64M / 9G    INFO    General                 (file_limit.hpp            :  32)   Open file limit set to 1024
  0:00:11.864    64M / 9G    INFO    General                 (kmer_splitters.hpp        :  89)   Memory available for splitting buffers: 1.29036 Gb
  0:00:11.864    64M / 9G    INFO    General                 (kmer_splitters.hpp        :  97)   Using cell size of 87381
  0:00:12.808     8G / 9G    INFO    General                 (kmer_splitters.hpp        : 380)   Processed 9383459 kmers
  0:00:12.808     8G / 9G    INFO    General                 (kmer_splitters.hpp        : 385)   Used 9383459 kmers.
  0:00:12.950    64M / 9G    INFO    General                 (kmer_index_builder.hpp    : 120)   Starting k-mer counting.
  0:00:13.798    64M / 9G    INFO    General                 (kmer_index_builder.hpp    : 127)   K-mer counting done. There are 9388768 kmers in total.
  0:00:13.798    64M / 9G    INFO    General                 (kmer_index_builder.hpp    : 133)   Merging temporary buckets.
  0:00:14.021    64M / 9G    INFO   K-mer Index Building     (kmer_index_builder.hpp    : 314)   Building perfect hash indices
  0:00:14.291    68M / 9G    INFO    General                 (kmer_index_builder.hpp    : 150)   Merging final buckets.
  0:00:15.343    68M / 9G    INFO   K-mer Index Building     (kmer_index_builder.hpp    : 336)   Index built. Total 4361760 bytes occupied (3.71658 bits per kmer).
  0:00:15.356    80M / 9G    INFO   DeBruijnExtensionIndexBu (kmer_extension_index_build:  99)   Building k-mer extensions from k+1-mers
  0:00:16.140    80M / 9G    INFO   DeBruijnExtensionIndexBu (kmer_extension_index_build: 103)   Building k-mer extensions from k+1-mers finished.
  0:00:16.140    80M / 9G    INFO    General                 (stage.cpp                 : 101)   PROCEDURE == Condensing graph
  0:00:16.241    80M / 9G    INFO   UnbranchingPathExtractor (debruijn_graph_constructor: 355)   Extracting unbranching paths
  0:00:17.232    88M / 9G    INFO   UnbranchingPathExtractor (debruijn_graph_constructor: 374)   Extracting unbranching paths finished. 253326 sequences extracted
  0:00:17.617    88M / 9G    INFO   UnbranchingPathExtractor (debruijn_graph_constructor: 310)   Collecting perfect loops
  0:00:17.786    88M / 9G    INFO   UnbranchingPathExtractor (debruijn_graph_constructor: 343)   Collecting perfect loops finished. 0 loops collected
  0:00:18.009   144M / 9G    INFO    General                 (stage.cpp                 : 101)   PROCEDURE == Filling coverage indices (PHM)
  0:00:18.009   144M / 9G    INFO   K-mer Index Building     (kmer_index_builder.hpp    : 301)   Building kmer index
  0:00:18.009   144M / 9G    INFO   K-mer Index Building     (kmer_index_builder.hpp    : 314)   Building perfect hash indices
  0:00:18.241   152M / 9G    INFO   K-mer Index Building     (kmer_index_builder.hpp    : 336)   Index built. Total 4359248 bytes occupied (3.71654 bits per kmer).
  0:00:18.266   188M / 9G    INFO    General                 (construction.cpp          : 388)   Collecting k-mer coverage information from reads, this takes a while.
  0:00:28.629   188M / 9G    INFO    General                 (construction.cpp          : 508)   Filling coverage and flanking coverage from PHM
  0:00:29.165   188M / 9G    INFO    General                 (construction.cpp          : 464)   Processed 506652 edges
  0:00:29.239   128M / 9G    INFO   StageManager             (stage.cpp                 : 132)   STAGE == EC Threshold Finding
  0:00:29.239   128M / 9G    INFO    General                 (kmer_coverage_model.cpp   : 181)   Kmer coverage valley at: 17
  0:00:29.239   128M / 9G    INFO    General                 (kmer_coverage_model.cpp   : 201)   K-mer histogram maximum: 81
  0:00:29.239   128M / 9G    INFO    General                 (kmer_coverage_model.cpp   : 237)   Estimated median coverage: 83. Coverage mad: 19.2738
  0:00:29.239   128M / 9G    INFO    General                 (kmer_coverage_model.cpp   : 259)   Fitting coverage model
  0:00:29.355   128M / 9G    INFO    General                 (kmer_coverage_model.cpp   : 295)   ... iteration 2
  0:00:29.692   128M / 9G    INFO    General                 (kmer_coverage_model.cpp   : 295)   ... iteration 4
  0:00:30.915   128M / 9G    INFO    General                 (kmer_coverage_model.cpp   : 295)   ... iteration 8
  0:00:32.720   128M / 9G    INFO    General                 (kmer_coverage_model.cpp   : 309)   Fitted mean coverage: 83.1951. Fitted coverage std. dev: 17.3633
  0:00:32.723   128M / 9G    INFO    General                 (kmer_coverage_model.cpp   : 334)   Probability of erroneous kmer at valley: 0.723515
  0:00:32.723   128M / 9G    INFO    General                 (kmer_coverage_model.cpp   : 358)   Preliminary threshold calculated as: 28
  0:00:32.723   128M / 9G    INFO    General                 (kmer_coverage_model.cpp   : 362)   Threshold adjusted to: 28
  0:00:32.724   128M / 9G    INFO    General                 (kmer_coverage_model.cpp   : 375)   Estimated genome size (ignoring repeats): 5105778
  0:00:32.724   128M / 9G    INFO    General                 (genomic_info_filler.cpp   : 112)   Mean coverage was calculated as 83.1951
  0:00:32.724   128M / 9G    INFO    General                 (genomic_info_filler.cpp   : 127)   EC coverage threshold value was calculated as 28
  0:00:32.724   128M / 9G    INFO    General                 (genomic_info_filler.cpp   : 128)   Trusted kmer low bound: 0
  0:00:32.724   128M / 9G    INFO   StageManager             (stage.cpp                 : 132)   STAGE == Gap Closer
  0:00:32.724   128M / 9G    INFO    General                 (graph_pack.hpp            : 101)   Index refill
  0:00:32.724   128M / 9G    INFO   K-mer Index Building     (kmer_index_builder.hpp    : 301)   Building kmer index
  0:00:32.724   128M / 9G    INFO    General                 (kmer_index_builder.hpp    : 117)   Splitting kmer instances into 256 files using 16 threads. This might take a while.
  0:00:32.724   128M / 9G    INFO    General                 (file_limit.hpp            :  32)   Open file limit set to 1024
  0:00:32.725   128M / 9G    INFO    General                 (kmer_splitters.hpp        :  89)   Memory available for splitting buffers: 1.28906 Gb
  0:00:32.725   128M / 9G    INFO    General                 (kmer_splitters.hpp        :  97)   Using cell size of 87381
  0:00:33.174     8G / 9G    INFO    General                 (edge_index_builders.hpp   :  77)   Processed 506652 edges
  0:00:33.174     8G / 9G    INFO    General                 (edge_index_builders.hpp   :  82)   Used 506652 sequences.
  0:00:33.302   128M / 9G    INFO    General                 (kmer_index_builder.hpp    : 120)   Starting k-mer counting.
  0:00:34.225   128M / 9G    INFO    General                 (kmer_index_builder.hpp    : 127)   K-mer counting done. There are 9383459 kmers in total.
  0:00:34.241   128M / 9G    INFO    General                 (kmer_index_builder.hpp    : 133)   Merging temporary buckets.
  0:00:34.420   128M / 9G    INFO   K-mer Index Building     (kmer_index_builder.hpp    : 314)   Building perfect hash indices
  0:00:34.678   132M / 9G    INFO    General                 (kmer_index_builder.hpp    : 150)   Merging final buckets.
  0:00:35.699   132M / 9G    INFO   K-mer Index Building     (kmer_index_builder.hpp    : 336)   Index built. Total 4359248 bytes occupied (3.71654 bits per kmer).
  0:00:35.819   348M / 9G    INFO    General                 (edge_index_builders.hpp   : 107)   Collecting edge information from graph, this takes a while.
  0:00:36.389   348M / 9G    INFO    General                 (edge_index.hpp            :  92)   Index refilled
  0:00:36.390   348M / 9G    INFO    General                 (gap_closer.cpp            : 159)   Preparing shift maps
  0:00:36.695   368M / 9G    INFO    General                 (gap_closer.cpp            : 119)   Processing paired reads (takes a while)
  0:00:40.075   376M / 9G    INFO    General                 (gap_closer.cpp            : 138)   Used 3064220 paired reads
  0:00:40.075   376M / 9G    INFO    General                 (gap_closer.cpp            : 140)   Merging paired indices
  0:00:40.149   352M / 9G    INFO   GapCloser                (gap_closer.cpp            : 346)   Closing short gaps
  0:00:40.596   352M / 9G    INFO   GapCloser                (gap_closer.cpp            : 378)   Closing short gaps complete: filled 148 gaps after checking 284 candidates
  0:00:40.628   352M / 9G    INFO   StageManager             (stage.cpp                 : 132)   STAGE == Raw Simplification
  0:00:40.643   132M / 9G    INFO    General                 (simplification.cpp        : 128)   PROCEDURE == InitialCleaning
  0:00:40.644   132M / 9G    INFO    General                 (graph_simplification.hpp  : 669)   Flanking coverage based disconnection disabled
  0:00:40.644   132M / 9G    INFO   Simplification           (parallel_processing.hpp   : 165)   Running Self conjugate edge remover
  0:00:40.669   132M / 9G    INFO   Simplification           (parallel_processing.hpp   : 167)   Self conjugate edge remover triggered 0 times
  0:00:40.669   132M / 9G    INFO   Simplification           (parallel_processing.hpp   : 165)   Running Initial tip clipper
  0:00:42.372   132M / 9G    INFO   Simplification           (parallel_processing.hpp   : 167)   Initial tip clipper triggered 119163 times
  0:00:42.372   132M / 9G    INFO   Simplification           (parallel_processing.hpp   : 165)   Running Initial ec remover
  0:00:42.508   112M / 9G    INFO   Simplification           (parallel_processing.hpp   : 167)   Initial ec remover triggered 1978 times
  0:00:42.509   112M / 9G    INFO   Simplification           (parallel_processing.hpp   : 165)   Running Initial isolated edge remover
  0:00:42.589    80M / 9G    INFO   Simplification           (parallel_processing.hpp   : 167)   Initial isolated edge remover triggered 7931 times
  0:00:42.594    76M / 9G    INFO   StageManager             (stage.cpp                 : 132)   STAGE == Simplification
  0:00:42.594    76M / 9G    INFO    General                 (simplification.cpp        : 357)   Graph simplification started
  0:00:42.594    76M / 9G    INFO    General                 (graph_simplification.hpp  : 641)   Creating parallel br instance
  0:00:42.594    76M / 9G    INFO    General                 (simplification.cpp        : 362)   PROCEDURE == Simplification cycle, iteration 1
  0:00:42.594    76M / 9G    INFO   Simplification           (parallel_processing.hpp   : 165)   Running Tip clipper
  0:00:42.614    76M / 9G    INFO   Simplification           (parallel_processing.hpp   : 167)   Tip clipper triggered 28 times
  0:00:42.614    76M / 9G    INFO   Simplification           (parallel_processing.hpp   : 165)   Running Bulge remover
  0:00:42.800    76M / 9G    INFO   Simplification           (parallel_processing.hpp   : 167)   Bulge remover triggered 445 times
  0:00:42.800    76M / 9G    INFO   Simplification           (parallel_processing.hpp   : 165)   Running Low coverage edge remover
  0:00:42.849    76M / 9G    INFO   Simplification           (parallel_processing.hpp   : 167)   Low coverage edge remover triggered 116 times
  0:00:42.849    76M / 9G    INFO    General                 (simplification.cpp        : 362)   PROCEDURE == Simplification cycle, iteration 2
  0:00:42.849    76M / 9G    INFO   Simplification           (parallel_processing.hpp   : 165)   Running Tip clipper
  0:00:42.850    76M / 9G    INFO   Simplification           (parallel_processing.hpp   : 167)   Tip clipper triggered 5 times
  0:00:42.851    76M / 9G    INFO   Simplification           (parallel_processing.hpp   : 165)   Running Bulge remover
  0:00:42.859    76M / 9G    INFO   Simplification           (parallel_processing.hpp   : 167)   Bulge remover triggered 24 times
  0:00:42.859    76M / 9G    INFO   Simplification           (parallel_processing.hpp   : 165)   Running Low coverage edge remover
  0:00:42.889    76M / 9G    INFO   Simplification           (parallel_processing.hpp   : 167)   Low coverage edge remover triggered 129 times
  0:00:42.889    76M / 9G    INFO    General                 (simplification.cpp        : 362)   PROCEDURE == Simplification cycle, iteration 3
  0:00:42.889    76M / 9G    INFO   Simplification           (parallel_processing.hpp   : 165)   Running Tip clipper
  0:00:42.890    76M / 9G    INFO   Simplification           (parallel_processing.hpp   : 167)   Tip clipper triggered 9 times
  0:00:42.890    76M / 9G    INFO   Simplification           (parallel_processing.hpp   : 165)   Running Bulge remover
  0:00:42.904    76M / 9G    INFO   Simplification           (parallel_processing.hpp   : 167)   Bulge remover triggered 24 times
  0:00:42.904    76M / 9G    INFO   Simplification           (parallel_processing.hpp   : 165)   Running Low coverage edge remover
  0:00:42.909    76M / 9G    INFO   Simplification           (parallel_processing.hpp   : 167)   Low coverage edge remover triggered 16 times
  0:00:42.909    76M / 9G    INFO    General                 (simplification.cpp        : 362)   PROCEDURE == Simplification cycle, iteration 4
  0:00:42.910    76M / 9G    INFO   Simplification           (parallel_processing.hpp   : 165)   Running Tip clipper
  0:00:42.910    76M / 9G    INFO   Simplification           (parallel_processing.hpp   : 167)   Tip clipper triggered 3 times
  0:00:42.910    76M / 9G    INFO   Simplification           (parallel_processing.hpp   : 165)   Running Bulge remover
  0:00:42.912    76M / 9G    INFO   Simplification           (parallel_processing.hpp   : 167)   Bulge remover triggered 4 times
  0:00:42.912    76M / 9G    INFO   Simplification           (parallel_processing.hpp   : 165)   Running Low coverage edge remover
  0:00:42.916    76M / 9G    INFO   Simplification           (parallel_processing.hpp   : 167)   Low coverage edge remover triggered 6 times
  0:00:42.916    76M / 9G    INFO    General                 (simplification.cpp        : 362)   PROCEDURE == Simplification cycle, iteration 5
  0:00:42.916    76M / 9G    INFO   Simplification           (parallel_processing.hpp   : 165)   Running Tip clipper
  0:00:42.916    76M / 9G    INFO   Simplification           (parallel_processing.hpp   : 167)   Tip clipper triggered 1 times
  0:00:42.916    76M / 9G    INFO   Simplification           (parallel_processing.hpp   : 165)   Running Bulge remover
  0:00:42.916    76M / 9G    INFO   Simplification           (parallel_processing.hpp   : 167)   Bulge remover triggered 1 times
  0:00:42.916    76M / 9G    INFO   Simplification           (parallel_processing.hpp   : 165)   Running Low coverage edge remover
  0:00:42.916    76M / 9G    INFO   Simplification           (parallel_processing.hpp   : 167)   Low coverage edge remover triggered 2 times
  0:00:42.917    76M / 9G    INFO    General                 (simplification.cpp        : 362)   PROCEDURE == Simplification cycle, iteration 6
  0:00:42.917    76M / 9G    INFO   Simplification           (parallel_processing.hpp   : 165)   Running Tip clipper
  0:00:42.917    76M / 9G    INFO   Simplification           (parallel_processing.hpp   : 167)   Tip clipper triggered 0 times
  0:00:42.917    76M / 9G    INFO   Simplification           (parallel_processing.hpp   : 165)   Running Bulge remover
  0:00:42.917    76M / 9G    INFO   Simplification           (parallel_processing.hpp   : 167)   Bulge remover triggered 1 times
  0:00:42.917    76M / 9G    INFO   Simplification           (parallel_processing.hpp   : 165)   Running Low coverage edge remover
  0:00:42.917    76M / 9G    INFO   Simplification           (parallel_processing.hpp   : 167)   Low coverage edge remover triggered 0 times
  0:00:42.917    76M / 9G    INFO    General                 (simplification.cpp        : 362)   PROCEDURE == Simplification cycle, iteration 7
  0:00:42.917    76M / 9G    INFO   Simplification           (parallel_processing.hpp   : 165)   Running Tip clipper
  0:00:42.917    76M / 9G    INFO   Simplification           (parallel_processing.hpp   : 167)   Tip clipper triggered 0 times
  0:00:42.917    76M / 9G    INFO   Simplification           (parallel_processing.hpp   : 165)   Running Bulge remover
  0:00:42.917    76M / 9G    INFO   Simplification           (parallel_processing.hpp   : 167)   Bulge remover triggered 0 times
  0:00:42.917    76M / 9G    INFO   Simplification           (parallel_processing.hpp   : 165)   Running Low coverage edge remover
  0:00:42.919    76M / 9G    INFO   Simplification           (parallel_processing.hpp   : 167)   Low coverage edge remover triggered 2 times
  0:00:42.919    76M / 9G    INFO    General                 (simplification.cpp        : 362)   PROCEDURE == Simplification cycle, iteration 8
  0:00:42.919    76M / 9G    INFO   Simplification           (parallel_processing.hpp   : 165)   Running Tip clipper
  0:00:42.920    76M / 9G    INFO   Simplification           (parallel_processing.hpp   : 167)   Tip clipper triggered 0 times
  0:00:42.920    76M / 9G    INFO   Simplification           (parallel_processing.hpp   : 165)   Running Bulge remover
  0:00:42.920    76M / 9G    INFO   Simplification           (parallel_processing.hpp   : 167)   Bulge remover triggered 1 times
  0:00:42.920    76M / 9G    INFO   Simplification           (parallel_processing.hpp   : 165)   Running Low coverage edge remover
  0:00:42.920    76M / 9G    INFO   Simplification           (parallel_processing.hpp   : 167)   Low coverage edge remover triggered 0 times
  0:00:42.920    76M / 9G    INFO    General                 (simplification.cpp        : 362)   PROCEDURE == Simplification cycle, iteration 9
  0:00:42.920    76M / 9G    INFO   Simplification           (parallel_processing.hpp   : 165)   Running Tip clipper
  0:00:42.920    76M / 9G    INFO   Simplification           (parallel_processing.hpp   : 167)   Tip clipper triggered 0 times
  0:00:42.920    76M / 9G    INFO   Simplification           (parallel_processing.hpp   : 165)   Running Bulge remover
  0:00:42.920    76M / 9G    INFO   Simplification           (parallel_processing.hpp   : 167)   Bulge remover triggered 0 times
  0:00:42.920    76M / 9G    INFO   Simplification           (parallel_processing.hpp   : 165)   Running Low coverage edge remover
  0:00:42.921    76M / 9G    INFO   Simplification           (parallel_processing.hpp   : 167)   Low coverage edge remover triggered 3 times
  0:00:42.921    76M / 9G    INFO    General                 (simplification.cpp        : 362)   PROCEDURE == Simplification cycle, iteration 10
  0:00:42.921    76M / 9G    INFO   Simplification           (parallel_processing.hpp   : 165)   Running Tip clipper
  0:00:42.921    76M / 9G    INFO   Simplification           (parallel_processing.hpp   : 167)   Tip clipper triggered 0 times
  0:00:42.921    76M / 9G    INFO   Simplification           (parallel_processing.hpp   : 165)   Running Bulge remover
  0:00:42.921    76M / 9G    INFO   Simplification           (parallel_processing.hpp   : 167)   Bulge remover triggered 0 times
  0:00:42.921    76M / 9G    INFO   Simplification           (parallel_processing.hpp   : 165)   Running Low coverage edge remover
  0:00:42.921    76M / 9G    INFO   Simplification           (parallel_processing.hpp   : 167)   Low coverage edge remover triggered 0 times
  0:00:42.921    76M / 9G    INFO    General                 (simplification.cpp        : 362)   PROCEDURE == Simplification cycle, iteration 11
  0:00:42.921    76M / 9G    INFO   Simplification           (parallel_processing.hpp   : 165)   Running Tip clipper
  0:00:42.941    76M / 9G    INFO   Simplification           (parallel_processing.hpp   : 167)   Tip clipper triggered 0 times
  0:00:42.942    76M / 9G    INFO   Simplification           (parallel_processing.hpp   : 165)   Running Bulge remover
  0:00:42.961    76M / 9G    INFO   Simplification           (parallel_processing.hpp   : 167)   Bulge remover triggered 0 times
  0:00:42.962    76M / 9G    INFO   Simplification           (parallel_processing.hpp   : 165)   Running Low coverage edge remover
  0:00:42.973    76M / 9G    INFO   Simplification           (parallel_processing.hpp   : 167)   Low coverage edge remover triggered 0 times
  0:00:42.973    76M / 9G    INFO   StageManager             (stage.cpp                 : 132)   STAGE == Gap Closer
  0:00:42.973    76M / 9G    INFO    General                 (graph_pack.hpp            : 101)   Index refill
  0:00:42.974    76M / 9G    INFO   K-mer Index Building     (kmer_index_builder.hpp    : 301)   Building kmer index
  0:00:42.974    76M / 9G    INFO    General                 (kmer_index_builder.hpp    : 117)   Splitting kmer instances into 256 files using 16 threads. This might take a while.
  0:00:42.974    76M / 9G    INFO    General                 (file_limit.hpp            :  32)   Open file limit set to 1024
  0:00:42.974    76M / 9G    INFO    General                 (kmer_splitters.hpp        :  89)   Memory available for splitting buffers: 1.29012 Gb
  0:00:42.974    76M / 9G    INFO    General                 (kmer_splitters.hpp        :  97)   Using cell size of 87381
  0:00:43.266     8G / 9G    INFO    General                 (edge_index_builders.hpp   :  82)   Used 584 sequences.
  0:00:43.360    76M / 9G    INFO    General                 (kmer_index_builder.hpp    : 120)   Starting k-mer counting.
  0:00:43.891    76M / 9G    INFO    General                 (kmer_index_builder.hpp    : 127)   K-mer counting done. There are 5118757 kmers in total.
  0:00:43.891    76M / 9G    INFO    General                 (kmer_index_builder.hpp    : 133)   Merging temporary buckets.
  0:00:44.028    76M / 9G    INFO   K-mer Index Building     (kmer_index_builder.hpp    : 314)   Building perfect hash indices
  0:00:44.206    76M / 9G    INFO    General                 (kmer_index_builder.hpp    : 150)   Merging final buckets.
  0:00:44.764    76M / 9G    INFO   K-mer Index Building     (kmer_index_builder.hpp    : 336)   Index built. Total 2381808 bytes occupied (3.72248 bits per kmer).
  0:00:44.885   196M / 9G    INFO    General                 (edge_index_builders.hpp   : 107)   Collecting edge information from graph, this takes a while.
  0:00:45.361   196M / 9G    INFO    General                 (edge_index.hpp            :  92)   Index refilled
  0:00:45.362   196M / 9G    INFO    General                 (gap_closer.cpp            : 159)   Preparing shift maps
  0:00:45.362   196M / 9G    INFO    General                 (gap_closer.cpp            : 119)   Processing paired reads (takes a while)
  0:00:47.859   196M / 9G    INFO    General                 (gap_closer.cpp            : 138)   Used 3064220 paired reads
  0:00:47.859   196M / 9G    INFO    General                 (gap_closer.cpp            : 140)   Merging paired indices
  0:00:47.859   196M / 9G    INFO   GapCloser                (gap_closer.cpp            : 346)   Closing short gaps
  0:00:47.860   196M / 9G    INFO   GapCloser                (gap_closer.cpp            : 378)   Closing short gaps complete: filled 0 gaps after checking 2 candidates
  0:00:47.884   196M / 9G    INFO   StageManager             (stage.cpp                 : 132)   STAGE == Simplification Cleanup
  0:00:47.884   196M / 9G    INFO    General                 (simplification.cpp        : 196)   PROCEDURE == Post simplification
  0:00:47.884   196M / 9G    INFO    General                 (graph_simplification.hpp  : 458)   Disconnection of relatively low covered edges disabled
  0:00:47.884   196M / 9G    INFO    General                 (graph_simplification.hpp  : 494)   Complex tip clipping disabled
  0:00:47.885   196M / 9G    INFO    General                 (graph_simplification.hpp  : 641)   Creating parallel br instance
  0:00:47.885   196M / 9G    INFO   Simplification           (parallel_processing.hpp   : 165)   Running Tip clipper
  0:00:47.906   196M / 9G    INFO   Simplification           (parallel_processing.hpp   : 167)   Tip clipper triggered 0 times
  0:00:47.907   196M / 9G    INFO   Simplification           (parallel_processing.hpp   : 165)   Running Bulge remover
  0:00:47.918   196M / 9G    INFO   Simplification           (parallel_processing.hpp   : 167)   Bulge remover triggered 0 times
  0:00:47.918   196M / 9G    INFO   Simplification           (parallel_processing.hpp   : 165)   Running Tip clipper
  0:00:47.932   196M / 9G    INFO   Simplification           (parallel_processing.hpp   : 167)   Tip clipper triggered 0 times
  0:00:47.932   196M / 9G    INFO   Simplification           (parallel_processing.hpp   : 165)   Running Bulge remover
  0:00:47.952   196M / 9G    INFO   Simplification           (parallel_processing.hpp   : 167)   Bulge remover triggered 0 times
  0:00:47.952   196M / 9G    INFO    General                 (simplification.cpp        : 330)   Disrupting self-conjugate edges
  0:00:47.953   196M / 9G    INFO   Simplification           (parallel_processing.hpp   : 165)   Running Removing isolated edges
  0:00:47.968   196M / 9G    INFO   Simplification           (parallel_processing.hpp   : 167)   Removing isolated edges triggered 0 times
  0:00:47.968   196M / 9G    INFO    General                 (simplification.cpp        : 470)   Counting average coverage
  0:00:47.968   196M / 9G    INFO    General                 (simplification.cpp        : 476)   Average coverage = 86.2651
  0:00:47.968   196M / 9G    INFO   StageManager             (stage.cpp                 : 132)   STAGE == Mismatch Correction
  0:00:47.968   196M / 9G    INFO    General                 (graph_pack.hpp            : 109)   Normalizing k-mer map. Total 80672 kmers to process
  0:00:48.051   196M / 9G    INFO    General                 (graph_pack.hpp            : 111)   Normalizing done
  0:00:54.271   200M / 9G    INFO    General                 (mismatch_shall_not_pass.hp: 189)   Finished collecting potential mismatches positions
  0:00:54.328   196M / 9G    INFO    General                 (mismatch_shall_not_pass.hp: 290)   All edges processed
  0:00:54.328   196M / 9G    INFO    General                 (mismatch_correction.cpp   :  27)   Corrected 0 nucleotides
  0:00:54.329   196M / 9G    INFO   StageManager             (stage.cpp                 : 132)   STAGE == Chromosome Removal
  0:00:54.329   196M / 9G    INFO    General                 (contig_output.hpp         :  22)   Outputting contigs to /data/djs217/PROJECTS/41_Xanthomonas/xanthomonas-euvesicatoria-serbia/10_plasmidspades/SRR24958751_trimmed__plasmid_assembly//K77/before_chromosome_removal.fasta
  0:00:54.372   196M / 9G    INFO    General                 (chromosome_removal.cpp    : 141)   Before iteration 0, 548 vertices in graph
  0:00:54.372   196M / 9G    INFO    General                 (chromosome_removal.cpp    :  73)   Removing of long chromosomal edges started
  0:00:54.373   196M / 9G    INFO    General                 (coverage_uniformity_analyz:  31)   genomic coverage is 83.0006 calculated of length 5083359
  0:00:54.373   196M / 9G    INFO    General                 (chromosome_removal.cpp    :  95)   2% of bases from long edges have coverage significantly different from median
  0:00:54.373   196M / 9G    INFO    General                 (chromosome_removal.cpp    : 102)   Connected components calculated
  0:00:58.081   196M / 9G    INFO    General                 (chromosome_removal.cpp    : 121)   Deleted 75 long edges
  0:00:58.164   196M / 9G    INFO    General                 (chromosome_removal.cpp    : 149)   Before iteration 1 412 vertices in graph
  0:00:58.164   196M / 9G    INFO    General                 (chromosome_removal.cpp    :  73)   Removing of long chromosomal edges started
  0:00:58.165   196M / 9G    INFO    General                 (chromosome_removal.cpp    : 121)   Deleted 1 long edges
  0:00:58.165   196M / 9G    INFO    General                 (chromosome_removal.cpp    : 151)   Before dead_end simplification 0 410 vertices in graph
  0:00:58.166   196M / 9G    INFO    General                 (chromosome_removal.cpp    : 149)   Before iteration 2 410 vertices in graph
  0:00:58.166   196M / 9G    INFO    General                 (chromosome_removal.cpp    :  73)   Removing of long chromosomal edges started
  0:00:58.166   196M / 9G    INFO    General                 (chromosome_removal.cpp    : 121)   Deleted 0 long edges
  0:00:58.166   196M / 9G    INFO    General                 (chromosome_removal.cpp    : 151)   Before dead_end simplification 1 410 vertices in graph
  0:00:58.167   192M / 9G    INFO    General                 (chromosome_removal.cpp    : 156)   Iteration 1 graph was not changed
  0:00:58.167   192M / 9G    INFO    General                 (chromosome_removal.cpp    : 157)   410 vertices left
  0:00:58.199   192M / 9G    INFO    General                 (chromosome_removal.cpp    : 205)   Iteration 1 of small components additional filtering graph was not changed
  0:00:58.199   192M / 9G    INFO    General                 (chromosome_removal.cpp    : 209)   After plasmidSPAdes subroutine 70 vertices left
  0:00:58.199   192M / 9G    INFO    General                 (chromosome_removal.cpp    : 214)   Counting average coverage after genomic edge removal
  0:00:58.199   192M / 9G    INFO    General                 (chromosome_removal.cpp    : 217)   Average coverage = 220.275
  0:00:58.199   192M / 9G    INFO   StageManager             (stage.cpp                 : 132)   STAGE == Contig Output
  0:00:58.199   192M / 9G    INFO    General                 (contig_output_stage.cpp   :  45)   Writing GFA to /data/djs217/PROJECTS/41_Xanthomonas/xanthomonas-euvesicatoria-serbia/10_plasmidspades/SRR24958751_trimmed__plasmid_assembly//K77/assembly_graph_with_scaffolds.gfa
  0:00:58.201   192M / 9G    INFO    General                 (contig_output.hpp         :  22)   Outputting contigs to /data/djs217/PROJECTS/41_Xanthomonas/xanthomonas-euvesicatoria-serbia/10_plasmidspades/SRR24958751_trimmed__plasmid_assembly//K77/before_rr.fasta
  0:00:58.202   192M / 9G    INFO    General                 (contig_output_stage.cpp   :  56)   Outputting FastG graph to /data/djs217/PROJECTS/41_Xanthomonas/xanthomonas-euvesicatoria-serbia/10_plasmidspades/SRR24958751_trimmed__plasmid_assembly//K77/assembly_graph.fastg
  0:00:58.204   192M / 9G    INFO    General                 (contig_output.hpp         :  22)   Outputting contigs to /data/djs217/PROJECTS/41_Xanthomonas/xanthomonas-euvesicatoria-serbia/10_plasmidspades/SRR24958751_trimmed__plasmid_assembly//K77/final_contigs.fasta
  0:00:58.205   192M / 9G    INFO   StageManager             (stage.cpp                 : 132)   STAGE == Paired Information Counting
  0:00:58.206   192M / 9G    INFO    General                 (graph_pack.hpp            : 109)   Normalizing k-mer map. Total 80672 kmers to process
  0:00:58.206   192M / 9G    INFO    General                 (graph_pack.hpp            : 111)   Normalizing done
  0:00:58.206   192M / 9G    INFO    General                 (pair_info_count.cpp       : 323)   Min edge length for estimation: 7512
  0:00:58.206   192M / 9G    INFO    General                 (pair_info_count.cpp       : 334)   Estimating insert size for library #0
  0:00:58.206   192M / 9G    INFO    General                 (pair_info_count.cpp       : 190)   Estimating insert size (takes a while)
  0:00:58.332   464M / 9G    INFO    General                 (pair_info_count.cpp       :  39)   Selecting usual mapper
  0:01:16.204   464M / 9G    INFO    General                 (sequence_mapper_notifier.h:  98)   Total 3064220 reads processed
  0:01:16.263   464M / 9G    INFO    General                 (pair_info_count.cpp       : 209)   Edge pairs: 67108864 (rough upper limit)
  0:01:16.263   464M / 9G    INFO    General                 (pair_info_count.cpp       : 211)   97384 paired reads (3.1781% of all) aligned to long edges
  0:01:16.284   192M / 9G    INFO    General                 (pair_info_count.cpp       : 353)     Insert size = 352.123, deviation = 92.428, left quantile = 240, right quantile = 470, read length = 151
  0:01:16.390   384M / 9G    INFO    General                 (pair_info_count.cpp       : 374)   Filtering data for library #0
  0:01:16.390   384M / 9G    INFO    General                 (pair_info_count.cpp       :  39)   Selecting usual mapper
  0:01:32.760   384M / 9G    INFO    General                 (sequence_mapper_notifier.h:  98)   Total 3064220 reads processed
  0:01:32.760   384M / 9G    INFO    General                 (pair_info_count.cpp       : 386)   Mapping library #0
  0:01:32.761   384M / 9G    INFO    General                 (pair_info_count.cpp       : 388)   Mapping paired reads (takes a while)
  0:01:32.761   384M / 9G    INFO    General                 (pair_info_count.cpp       : 286)   Left insert size quantile 240, right insert size quantile 470, filtering threshold 2, rounding threshold 0
  0:01:32.778   396M / 9G    INFO    General                 (pair_info_count.cpp       :  39)   Selecting usual mapper
  0:01:49.173   396M / 9G    INFO    General                 (sequence_mapper_notifier.h:  98)   Total 3064220 reads processed
  0:01:49.192   192M / 9G    INFO   StageManager             (stage.cpp                 : 132)   STAGE == Distance Estimation
  0:01:49.192   192M / 9G    INFO    General                 (distance_estimation.cpp   : 173)   Processing library #0
  0:01:49.192   192M / 9G    INFO    General                 (distance_estimation.cpp   : 149)   Weight Filter Done
  0:01:49.192   192M / 9G    INFO   DistanceEstimator        (distance_estimation.hpp   : 116)   Using SIMPLE distance estimator
  0:01:49.204   192M / 9G    INFO    General                 (distance_estimation.cpp   :  34)   Filtering info
  0:01:49.204   192M / 9G    INFO    General                 (pair_info_filters.hpp     : 242)   Start filtering; index size: 366
  0:01:49.204   192M / 9G    INFO    General                 (pair_info_filters.hpp     : 263)   Done filtering
  0:01:49.204   192M / 9G    INFO    General                 (distance_estimation.cpp   : 156)   Refining clustered pair information
  0:01:49.204   192M / 9G    INFO    General                 (distance_estimation.cpp   : 158)   The refining of clustered pair information has been finished
  0:01:49.204   192M / 9G    INFO    General                 (distance_estimation.cpp   : 160)   Improving paired information
  0:01:49.257   192M / 9G    INFO   PairInfoImprover         (pair_info_improver.hpp    : 102)   Paired info stats: missing = 2; contradictional = 0
  0:01:49.277   192M / 9G    INFO   PairInfoImprover         (pair_info_improver.hpp    : 102)   Paired info stats: missing = 0; contradictional = 0
  0:01:49.277   192M / 9G    INFO    General                 (distance_estimation.cpp   : 103)   Filling scaffolding index
  0:01:49.277   192M / 9G    INFO   DistanceEstimator        (distance_estimation.hpp   : 116)   Using SMOOTHING distance estimator
  0:01:49.291   192M / 9G    INFO    General                 (distance_estimation.cpp   :  34)   Filtering info
  0:01:49.291   192M / 9G    INFO    General                 (pair_info_filters.hpp     : 242)   Start filtering; index size: 120
  0:01:49.291   192M / 9G    INFO    General                 (pair_info_filters.hpp     : 263)   Done filtering
  0:01:49.291   192M / 9G    INFO    General                 (distance_estimation.cpp   : 182)   Clearing raw paired index
  0:01:49.291   192M / 9G    INFO   StageManager             (stage.cpp                 : 132)   STAGE == Repeat Resolving
  0:01:49.291   192M / 9G    INFO    General                 (repeat_resolving.cpp      :  69)   Using Path-Extend repeat resolving
  0:01:49.291   192M / 9G    INFO    General                 (launcher.cpp              : 481)   ExSPAnder repeat resolving tool started
  0:01:49.291   192M / 9G    INFO    General                 (launcher.cpp              : 392)   Creating main extenders, unique edge length = 2000
  0:01:49.291   192M / 9G    INFO    General                 (extenders_logic.cpp       : 278)   Estimated coverage of library #0 is 220.275
  0:01:49.291   192M / 9G    INFO    General                 (extenders_logic.cpp       : 278)   Estimated coverage of library #0 is 220.275
  0:01:49.291   192M / 9G    INFO    General                 (extenders_logic.cpp       : 475)   Using 1 paired-end library
  0:01:49.291   192M / 9G    INFO    General                 (extenders_logic.cpp       : 476)   Using 1 paired-end scaffolding library
  0:01:49.291   192M / 9G    INFO    General                 (extenders_logic.cpp       : 477)   Using 0 single read libraries
  0:01:49.291   192M / 9G    INFO    General                 (launcher.cpp              : 420)   Total number of extenders is 3
  0:01:49.291   192M / 9G    INFO    General                 (path_extender.hpp         : 885)   Processed 0 paths from 52 (0%)
  0:01:49.294   192M / 9G    INFO    General                 (path_extender.hpp         : 885)   Processed 6 paths from 52 (11%)
  0:01:49.295   192M / 9G    INFO    General                 (path_extender.hpp         : 885)   Processed 12 paths from 52 (23%)
  0:01:49.296   192M / 9G    INFO    General                 (path_extender.hpp         : 885)   Processed 18 paths from 52 (34%)
  0:01:49.296   192M / 9G    INFO    General                 (path_extender.hpp         : 885)   Processed 24 paths from 52 (46%)
  0:01:49.297   192M / 9G    INFO    General                 (path_extender.hpp         : 885)   Processed 30 paths from 52 (57%)
  0:01:49.298   192M / 9G    INFO    General                 (path_extender.hpp         : 885)   Processed 36 paths from 52 (69%)
  0:01:49.299   192M / 9G    INFO    General                 (path_extender.hpp         : 885)   Processed 42 paths from 52 (80%)
  0:01:49.300   192M / 9G    INFO    General                 (path_extender.hpp         : 885)   Processed 48 paths from 52 (92%)
  0:01:49.300   192M / 9G    INFO    General                 (launcher.cpp              : 234)   Finalizing paths
  0:01:49.300   192M / 9G    INFO    General                 (launcher.cpp              : 236)   Deduplicating paths
  0:01:49.300   192M / 9G    INFO    General                 (launcher.cpp              : 240)   Paths deduplicated
  0:01:49.300   192M / 9G    INFO   PEResolver               (pe_resolver.hpp           : 295)   Removing overlaps
  0:01:49.300   192M / 9G    INFO   PEResolver               (pe_resolver.hpp           : 298)   Sorting paths
  0:01:49.300   192M / 9G    INFO   PEResolver               (pe_resolver.hpp           : 305)   Marking overlaps
  0:01:49.300   192M / 9G    INFO   OverlapRemover           (pe_resolver.hpp           : 130)   Marking start/end overlaps
  0:01:49.301   192M / 9G    INFO   OverlapRemover           (pe_resolver.hpp           : 133)   Marking remaining overlaps
  0:01:49.301   192M / 9G    INFO   PEResolver               (pe_resolver.hpp           : 308)   Splitting paths
  0:01:49.301   192M / 9G    INFO   PEResolver               (pe_resolver.hpp           : 313)   Deduplicating paths
  0:01:49.301   192M / 9G    INFO   PEResolver               (pe_resolver.hpp           : 315)   Overlaps removed
  0:01:49.301   192M / 9G    INFO    General                 (launcher.cpp              : 257)   Paths finalized
  0:01:49.301   192M / 9G    INFO    General                 (launcher.cpp              : 427)   Closing gaps in paths
  0:01:49.301   192M / 9G    INFO    General                 (launcher.cpp              : 455)   Gap closing completed
  0:01:49.301   192M / 9G    INFO    General                 (launcher.cpp              : 286)   Traversing tandem repeats
  0:01:49.301   192M / 9G    INFO    General                 (launcher.cpp              : 296)   Traversed 0 loops
  0:01:49.301   192M / 9G    INFO    General                 (launcher.cpp              : 234)   Finalizing paths
  0:01:49.301   192M / 9G    INFO    General                 (launcher.cpp              : 236)   Deduplicating paths
  0:01:49.301   192M / 9G    INFO    General                 (launcher.cpp              : 240)   Paths deduplicated
  0:01:49.301   192M / 9G    INFO   PEResolver               (pe_resolver.hpp           : 295)   Removing overlaps
  0:01:49.301   192M / 9G    INFO   PEResolver               (pe_resolver.hpp           : 298)   Sorting paths
  0:01:49.301   192M / 9G    INFO   PEResolver               (pe_resolver.hpp           : 305)   Marking overlaps
  0:01:49.301   192M / 9G    INFO   OverlapRemover           (pe_resolver.hpp           : 130)   Marking start/end overlaps
  0:01:49.301   192M / 9G    INFO   OverlapRemover           (pe_resolver.hpp           : 133)   Marking remaining overlaps
  0:01:49.301   192M / 9G    INFO   PEResolver               (pe_resolver.hpp           : 308)   Splitting paths
  0:01:49.301   192M / 9G    INFO   PEResolver               (pe_resolver.hpp           : 313)   Deduplicating paths
  0:01:49.301   192M / 9G    INFO   PEResolver               (pe_resolver.hpp           : 315)   Overlaps removed
  0:01:49.301   192M / 9G    INFO    General                 (launcher.cpp              : 257)   Paths finalized
  0:01:49.301   192M / 9G    INFO    General                 (launcher.cpp              : 534)   ExSPAnder repeat resolving tool finished
  0:01:49.301   192M / 9G    INFO   StageManager             (stage.cpp                 : 132)   STAGE == Contig Output
  0:01:49.301   192M / 9G    INFO    General                 (contig_output_stage.cpp   :  45)   Writing GFA to /data/djs217/PROJECTS/41_Xanthomonas/xanthomonas-euvesicatoria-serbia/10_plasmidspades/SRR24958751_trimmed__plasmid_assembly//K77/assembly_graph_with_scaffolds.gfa
  0:01:49.303   192M / 9G    INFO    General                 (contig_output.hpp         :  22)   Outputting contigs to /data/djs217/PROJECTS/41_Xanthomonas/xanthomonas-euvesicatoria-serbia/10_plasmidspades/SRR24958751_trimmed__plasmid_assembly//K77/before_rr.fasta
  0:01:49.304   192M / 9G    INFO    General                 (contig_output_stage.cpp   :  56)   Outputting FastG graph to /data/djs217/PROJECTS/41_Xanthomonas/xanthomonas-euvesicatoria-serbia/10_plasmidspades/SRR24958751_trimmed__plasmid_assembly//K77/assembly_graph.fastg
  0:01:49.306   192M / 9G    INFO    General                 (contig_output_stage.cpp   :  20)   Outputting FastG paths to /data/djs217/PROJECTS/41_Xanthomonas/xanthomonas-euvesicatoria-serbia/10_plasmidspades/SRR24958751_trimmed__plasmid_assembly//K77/final_contigs.paths
  0:01:49.308   192M / 9G    INFO    General                 (contig_output_stage.cpp   :  20)   Outputting FastG paths to /data/djs217/PROJECTS/41_Xanthomonas/xanthomonas-euvesicatoria-serbia/10_plasmidspades/SRR24958751_trimmed__plasmid_assembly//K77/scaffolds.paths
  0:01:49.309   192M / 9G    INFO    General                 (launch.hpp                : 151)   SPAdes finished
  0:01:49.356    64M / 9G    INFO    General                 (main.cpp                  : 109)   Assembling time: 0 hours 1 minutes 49 seconds

===== Assembling finished. Used k-mer sizes: 21, 33, 55, 77 

 * Corrected reads are in /data/djs217/PROJECTS/41_Xanthomonas/xanthomonas-euvesicatoria-serbia/10_plasmidspades/SRR24958751_trimmed__plasmid_assembly/corrected/
 * Assembled contigs are in /data/djs217/PROJECTS/41_Xanthomonas/xanthomonas-euvesicatoria-serbia/10_plasmidspades/SRR24958751_trimmed__plasmid_assembly/contigs.fasta
 * Assembled scaffolds are in /data/djs217/PROJECTS/41_Xanthomonas/xanthomonas-euvesicatoria-serbia/10_plasmidspades/SRR24958751_trimmed__plasmid_assembly/scaffolds.fasta
 * Paths in the assembly graph corresponding to the contigs are in /data/djs217/PROJECTS/41_Xanthomonas/xanthomonas-euvesicatoria-serbia/10_plasmidspades/SRR24958751_trimmed__plasmid_assembly/contigs.paths
 * Paths in the assembly graph corresponding to the scaffolds are in /data/djs217/PROJECTS/41_Xanthomonas/xanthomonas-euvesicatoria-serbia/10_plasmidspades/SRR24958751_trimmed__plasmid_assembly/scaffolds.paths
 * Assembly graph is in /data/djs217/PROJECTS/41_Xanthomonas/xanthomonas-euvesicatoria-serbia/10_plasmidspades/SRR24958751_trimmed__plasmid_assembly/assembly_graph.fastg
 * Assembly graph in GFA format is in /data/djs217/PROJECTS/41_Xanthomonas/xanthomonas-euvesicatoria-serbia/10_plasmidspades/SRR24958751_trimmed__plasmid_assembly/assembly_graph_with_scaffolds.gfa

======= SPAdes pipeline finished.

SPAdes log can be found here: /data/djs217/PROJECTS/41_Xanthomonas/xanthomonas-euvesicatoria-serbia/10_plasmidspades/SRR24958751_trimmed__plasmid_assembly/spades.log

Thank you for using SPAdes!
