JAJIWC010000064.1_175 # 187629 # 188996 # -1 # ID=60_175;partial=00;start_type=ATG;rbs_motif=None;rbs_spacer=None;genetic_code=11;gc_cont=0.664	GENOMAD.206240.PC	3.558E-106	353	0
JAJIWC010000066.1_30 # 36699 # 37115 # -1 # ID=62_30;partial=00;start_type=ATG;rbs_motif=GGA/GAG/AGG;rbs_spacer=5-10bp;genetic_code=11;gc_cont=0.674	GENOMAD.161255.CP	2.336E-68	227	0
JAJIWC010000070.1_18 # 19812 # 21821 # -1 # ID=67_18;partial=00;start_type=ATG;rbs_motif=None;rbs_spacer=None;genetic_code=11;gc_cont=0.654	GENOMAD.116397.CP	2.528E-99	342	0
JAJIWC010000043.1_23 # 26337 # 27125 # 1 # ID=38_23;partial=00;start_type=ATG;rbs_motif=AGxAGG/AGGxGG;rbs_spacer=3-4bp;genetic_code=11;gc_cont=0.686	GENOMAD.160445.CP	5.367E-56	198	0
JAJIWC010000047.1_32 # 31816 # 32553 # -1 # ID=42_32;partial=00;start_type=ATG;rbs_motif=GGA/GAG/AGG;rbs_spacer=5-10bp;genetic_code=11;gc_cont=0.672	GENOMAD.005661.CC	2.801E-15	78	0
JAJIWC010000004.1_30 # 41006 # 42643 # 1 # ID=44_30;partial=00;start_type=ATG;rbs_motif=None;rbs_spacer=None;genetic_code=11;gc_cont=0.658	GENOMAD.146534.CP	7.696E-05	48	0
JAJIWC010000091.1_44 # 50960 # 51685 # 1 # ID=90_44;partial=00;start_type=ATG;rbs_motif=GGA/GAG/AGG;rbs_spacer=5-10bp;genetic_code=11;gc_cont=0.674	GENOMAD.067591.CV	7.554E-97	315	1246
JAJIWC010000092.1_54 # 61987 # 64230 # 1 # ID=91_54;partial=00;start_type=ATG;rbs_motif=AGGA/GGAG/GAGG;rbs_spacer=11-12bp;genetic_code=11;gc_cont=0.649	GENOMAD.026404.VV	7.313E-41	166	1246
JAJIWC010000008.1_31 # 32671 # 33618 # 1 # ID=93_31;partial=00;start_type=ATG;rbs_motif=GGA/GAG/AGG;rbs_spacer=5-10bp;genetic_code=11;gc_cont=0.725	GENOMAD.001519.CC	3.325E-44	166	0
JAJIWC010000010.1_25 # 36890 # 39559 # -1 # ID=2_25;partial=00;start_type=ATG;rbs_motif=AGGAG;rbs_spacer=5-10bp;genetic_code=11;gc_cont=0.673	GENOMAD.123121.CP	1.230E-10	68	0
JAJIWC010000039.1_24 # 33401 # 33940 # -1 # ID=34_24;partial=00;start_type=ATG;rbs_motif=GGAG/GAGG;rbs_spacer=5-10bp;genetic_code=11;gc_cont=0.715	GENOMAD.218216.PC	3.149E-42	154	0
JAJIWC010000041.1_88 # 99073 # 99465 # -1 # ID=36_88;partial=00;start_type=ATG;rbs_motif=GGA/GAG/AGG;rbs_spacer=5-10bp;genetic_code=11;gc_cont=0.621	GENOMAD.000013.CC	1.888E-50	175	0
JAJIWC010000042.1_6 # 3227 # 3448 # -1 # ID=37_6;partial=00;start_type=ATG;rbs_motif=GGA/GAG/AGG;rbs_spacer=5-10bp;genetic_code=11;gc_cont=0.599	GENOMAD.220666.PV	7.048E-19	81	0
JAJIWC010000047.1_29 # 28671 # 29933 # -1 # ID=42_29;partial=00;start_type=ATG;rbs_motif=GGA/GAG/AGG;rbs_spacer=5-10bp;genetic_code=11;gc_cont=0.622	GENOMAD.015873.CC	2.909E-36	146	0
JAJIWC010000018.1_2 # 336 # 1136 # 1 # ID=10_2;partial=00;start_type=ATG;rbs_motif=None;rbs_spacer=None;genetic_code=11;gc_cont=0.640	GENOMAD.177338.PC	1.937E-04	45	0
JAJIWC010000019.1_63 # 76316 # 76765 # -1 # ID=12_63;partial=00;start_type=ATG;rbs_motif=AGGAG;rbs_spacer=5-10bp;genetic_code=11;gc_cont=0.658	GENOMAD.136442.CP	1.085E-73	243	0
JAJIWC010000023.1_24 # 27428 # 29866 # -1 # ID=16_24;partial=00;start_type=TTG;rbs_motif=GGA/GAG/AGG;rbs_spacer=5-10bp;genetic_code=11;gc_cont=0.674	GENOMAD.179037.PC	1.322E-18	94	0
JAJIWC010000025.1_25 # 37149 # 40100 # -1 # ID=18_25;partial=00;start_type=GTG;rbs_motif=None;rbs_spacer=None;genetic_code=11;gc_cont=0.684	GENOMAD.140631.CP	2.014E-05	51	0
JAJIWC010000002.1_7 # 7302 # 8063 # -1 # ID=22_7;partial=00;start_type=ATG;rbs_motif=None;rbs_spacer=None;genetic_code=11;gc_cont=0.626	GENOMAD.109687.CP	6.053E-60	209	0
JAJIWC010000038.1_48 # 43540 # 43974 # 1 # ID=32_48;partial=00;start_type=ATG;rbs_motif=AGGAG;rbs_spacer=5-10bp;genetic_code=11;gc_cont=0.634	GENOMAD.145653.CP	4.644E-39	143	0
JAJIWC010000003.1_9 # 13403 # 16048 # 1 # ID=33_9;partial=00;start_type=ATG;rbs_motif=None;rbs_spacer=None;genetic_code=11;gc_cont=0.683	GENOMAD.166313.CP	2.976E-36	152	0
JAJIWC010000041.1_31 # 28104 # 30575 # -1 # ID=36_31;partial=00;start_type=ATG;rbs_motif=GGAG/GAGG;rbs_spacer=5-10bp;genetic_code=11;gc_cont=0.635	GENOMAD.030096.VV	1.106E-10	68	3505
JAJIWC010000041.1_63 # 71326 # 72180 # -1 # ID=36_63;partial=00;start_type=ATG;rbs_motif=AGxAGG/AGGxGG;rbs_spacer=5-10bp;genetic_code=11;gc_cont=0.669	GENOMAD.116612.CP	9.891E-11	65	0
JAJIWC010000041.1_95 # 103322 # 103849 # -1 # ID=36_95;partial=00;start_type=ATG;rbs_motif=AGGA;rbs_spacer=5-10bp;genetic_code=11;gc_cont=0.633	GENOMAD.000001.CC	3.628E-56	194	0
JAJIWC010000047.1_4 # 2365 # 3285 # 1 # ID=42_4;partial=00;start_type=ATG;rbs_motif=None;rbs_spacer=None;genetic_code=11;gc_cont=0.684	GENOMAD.060882.CP	2.235E-27	116	1246
JAJIWC010000050.1_31 # 26286 # 26882 # -1 # ID=46_31;partial=00;start_type=ATG;rbs_motif=GGAG/GAGG;rbs_spacer=5-10bp;genetic_code=11;gc_cont=0.598	GENOMAD.130054.PC	4.683E-11	64	0
JAJIWC010000060.1_7 # 9278 # 10708 # -1 # ID=56_7;partial=00;start_type=ATG;rbs_motif=None;rbs_spacer=None;genetic_code=11;gc_cont=0.727	GENOMAD.010877.CC	1.422E-168	535	0
JAJIWC010000060.1_39 # 48194 # 48652 # -1 # ID=56_39;partial=00;start_type=ATG;rbs_motif=None;rbs_spacer=None;genetic_code=11;gc_cont=0.632	GENOMAD.116981.CP	1.634E-19	87	0
JAJIWC010000061.1_11 # 13614 # 16223 # -1 # ID=57_11;partial=00;start_type=ATG;rbs_motif=None;rbs_spacer=None;genetic_code=11;gc_cont=0.674	GENOMAD.111010.CP	2.801E-149	497	0
JAJIWC010000061.1_43 # 50380 # 50742 # -1 # ID=57_43;partial=00;start_type=ATG;rbs_motif=GGAG/GAGG;rbs_spacer=5-10bp;genetic_code=11;gc_cont=0.661	GENOMAD.160542.CP	8.446E-04	40	0
JAJIWC010000061.1_75 # 83626 # 84999 # -1 # ID=57_75;partial=00;start_type=ATG;rbs_motif=None;rbs_spacer=None;genetic_code=11;gc_cont=0.677	GENOMAD.196178.PC	6.122E-54	200	0
JAJIWC010000011.1_235 # 290404 # 291219 # -1 # ID=3_235;partial=00;start_type=ATG;rbs_motif=GGAG/GAGG;rbs_spacer=5-10bp;genetic_code=11;gc_cont=0.701	GENOMAD.179467.CP	2.010E-26	112	0
JAJIWC010000011.1_299 # 363717 # 364091 # 1 # ID=3_299;partial=00;start_type=ATG;rbs_motif=GGAG/GAGG;rbs_spacer=5-10bp;genetic_code=11;gc_cont=0.672	GENOMAD.120494.PC	1.549E-33	126	0
JAJIWC010000012.1_40 # 43879 # 44361 # 1 # ID=4_40;partial=00;start_type=ATG;rbs_motif=None;rbs_spacer=None;genetic_code=11;gc_cont=0.692	GENOMAD.130078.CP	4.559E-06	48	0
JAJIWC010000019.1_37 # 41088 # 42815 # -1 # ID=12_37;partial=00;start_type=ATG;rbs_motif=GGAGG;rbs_spacer=5-10bp;genetic_code=11;gc_cont=0.646	GENOMAD.119360.CP	5.173E-258	799	0
JAJIWC010000024.1_2 # 671 # 946 # 1 # ID=17_2;partial=00;start_type=ATG;rbs_motif=GGAGG;rbs_spacer=5-10bp;genetic_code=11;gc_cont=0.652	GENOMAD.029569.PP	2.422E-45	158	0
JAJIWC010000026.1_2 # 1743 # 2315 # 1 # ID=19_2;partial=00;start_type=ATG;rbs_motif=GGAG/GAGG;rbs_spacer=5-10bp;genetic_code=11;gc_cont=0.639	GENOMAD.032274.CC	3.696E-80	264	0
JAJIWC010000026.1_34 # 43835 # 46606 # 1 # ID=19_34;partial=00;start_type=ATG;rbs_motif=AGGA/GGAG/GAGG;rbs_spacer=11-12bp;genetic_code=11;gc_cont=0.658	GENOMAD.146053.CP	1.589E-11	71	0
JAJIWC010000027.1_10 # 13255 # 13677 # 1 # ID=20_10;partial=00;start_type=ATG;rbs_motif=GGA/GAG/AGG;rbs_spacer=5-10bp;genetic_code=11;gc_cont=0.721	GENOMAD.141401.CP	2.013E-11	63	0
JAJIWC010000002.1_13 # 13634 # 14185 # -1 # ID=22_13;partial=00;start_type=ATG;rbs_motif=GGAGG;rbs_spacer=3-4bp;genetic_code=11;gc_cont=0.630	GENOMAD.088456.CP	2.030E-66	224	0
JAJIWC010000033.1_27 # 40980 # 42047 # 1 # ID=27_27;partial=00;start_type=ATG;rbs_motif=GGxGG;rbs_spacer=5-10bp;genetic_code=11;gc_cont=0.531	GENOMAD.051447.PP	6.292E-08	57	0
JAJIWC010000036.1_31 # 49478 # 52279 # 1 # ID=30_31;partial=00;start_type=ATG;rbs_motif=None;rbs_spacer=None;genetic_code=11;gc_cont=0.675	GENOMAD.127376.VC	4.892E-13	76	1246
JAJIWC010000036.1_63 # 94152 # 95519 # 1 # ID=30_63;partial=00;start_type=ATG;rbs_motif=GGA/GAG/AGG;rbs_spacer=5-10bp;genetic_code=11;gc_cont=0.667	GENOMAD.114680.CP	5.027E-59	215	1246
JAJIWC010000036.1_95 # 132264 # 132512 # 1 # ID=30_95;partial=00;start_type=GTG;rbs_motif=GGAG/GAGG;rbs_spacer=5-10bp;genetic_code=11;gc_cont=0.643	GENOMAD.221918.CP	1.742E-21	89	0
JAJIWC010000037.1_15 # 16616 # 20083 # -1 # ID=31_15;partial=00;start_type=ATG;rbs_motif=GGAG/GAGG;rbs_spacer=5-10bp;genetic_code=11;gc_cont=0.647	GENOMAD.146053.CP	4.971E-57	221	0
JAJIWC010000051.1_63 # 81690 # 82046 # -1 # ID=47_63;partial=00;start_type=ATG;rbs_motif=GGA/GAG/AGG;rbs_spacer=5-10bp;genetic_code=11;gc_cont=0.613	GENOMAD.006371.CC	2.909E-07	50	0
JAJIWC010000051.1_95 # 124121 # 124642 # -1 # ID=47_95;partial=00;start_type=ATG;rbs_motif=None;rbs_spacer=None;genetic_code=11;gc_cont=0.513	GENOMAD.004263.CC	1.018E-34	132	0
JAJIWC010000056.1_44 # 49975 # 50211 # 1 # ID=52_44;partial=00;start_type=ATG;rbs_motif=AGGA/GGAG/GAGG;rbs_spacer=11-12bp;genetic_code=11;gc_cont=0.612	GENOMAD.020705.CC	1.223E-30	115	0
JAJIWC010000056.1_76 # 89495 # 90367 # 1 # ID=52_76;partial=00;start_type=ATG;rbs_motif=GGAG/GAGG;rbs_spacer=5-10bp;genetic_code=11;gc_cont=0.699	GENOMAD.127438.CP	3.424E-24	106	0
JAJIWC010000056.1_140 # 159614 # 160198 # -1 # ID=52_140;partial=00;start_type=ATG;rbs_motif=GGA/GAG/AGG;rbs_spacer=5-10bp;genetic_code=11;gc_cont=0.660	GENOMAD.153566.CP	2.020E-09	59	0
JAJIWC010000060.1_13 # 16723 # 17235 # 1 # ID=56_13;partial=00;start_type=ATG;rbs_motif=GGA/GAG/AGG;rbs_spacer=5-10bp;genetic_code=11;gc_cont=0.632	GENOMAD.209634.PC	6.848E-29	115	0
JAJIWC010000064.1_121 # 121430 # 122344 # 1 # ID=60_121;partial=00;start_type=ATG;rbs_motif=None;rbs_spacer=None;genetic_code=11;gc_cont=0.692	GENOMAD.130675.CP	4.208E-17	85	0
JAJIWC010000064.1_185 # 196035 # 197447 # 1 # ID=60_185;partial=00;start_type=ATG;rbs_motif=GGA/GAG/AGG;rbs_spacer=5-10bp;genetic_code=11;gc_cont=0.652	GENOMAD.178675.CP	1.363E-116	384	0
JAJIWC010000070.1_28 # 33806 # 34471 # 1 # ID=67_28;partial=00;start_type=ATG;rbs_motif=None;rbs_spacer=None;genetic_code=11;gc_cont=0.647	GENOMAD.180885.CP	8.514E-86	282	0
JAJIWC010000070.1_60 # 71368 # 72015 # -1 # ID=67_60;partial=00;start_type=ATG;rbs_motif=GGAG/GAGG;rbs_spacer=5-10bp;genetic_code=11;gc_cont=0.685	GENOMAD.043479.CC	4.455E-24	103	0
JAJIWC010000086.1_3 # 1426 # 2394 # -1 # ID=84_3;partial=00;start_type=ATG;rbs_motif=AGGA;rbs_spacer=5-10bp;genetic_code=11;gc_cont=0.613	GENOMAD.098179.CP	3.287E-05	48	0
JAJIWC010000007.1_92 # 108825 # 109133 # -1 # ID=86_92;partial=00;start_type=GTG;rbs_motif=GGA/GAG/AGG;rbs_spacer=11-12bp;genetic_code=11;gc_cont=0.618	GENOMAD.151194.PC	5.121E-35	129	0
JAJIWC010000007.1_124 # 154810 # 155136 # -1 # ID=86_124;partial=00;start_type=ATG;rbs_motif=GGAG/GAGG;rbs_spacer=5-10bp;genetic_code=11;gc_cont=0.609	GENOMAD.112646.PP	4.485E-55	187	0
JAJIWC010000089.1_3 # 7617 # 8414 # -1 # ID=88_3;partial=00;start_type=ATG;rbs_motif=GGA/GAG/AGG;rbs_spacer=5-10bp;genetic_code=11;gc_cont=0.668	GENOMAD.146337.PC	1.671E-41	156	0
JAJIWC010000089.1_67 # 85018 # 85533 # 1 # ID=88_67;partial=00;start_type=ATG;rbs_motif=AGGA;rbs_spacer=5-10bp;genetic_code=11;gc_cont=0.632	GENOMAD.107291.CP	1.202E-91	296	0
JAJIWC010000089.1_99 # 121459 # 121824 # -1 # ID=88_99;partial=00;start_type=GTG;rbs_motif=GGA/GAG/AGG;rbs_spacer=5-10bp;genetic_code=11;gc_cont=0.639	GENOMAD.038505.CC	8.192E-31	118	0
JAJIWC010000012.1_35 # 40144 # 40374 # 1 # ID=4_35;partial=00;start_type=ATG;rbs_motif=GGA/GAG/AGG;rbs_spacer=11-12bp;genetic_code=11;gc_cont=0.658	GENOMAD.218600.CV	2.033E-17	77	0
JAJIWC010000012.1_67 # 70296 # 70757 # -1 # ID=4_67;partial=00;start_type=ATG;rbs_motif=None;rbs_spacer=None;genetic_code=11;gc_cont=0.682	GENOMAD.148254.CP	1.822E-05	46	0
JAJIWC010000014.1_32 # 43712 # 44710 # -1 # ID=6_32;partial=00;start_type=ATG;rbs_motif=GGA/GAG/AGG;rbs_spacer=5-10bp;genetic_code=11;gc_cont=0.700	GENOMAD.137465.CP	2.688E-89	298	0
JAJIWC010000019.1_32 # 38145 # 38774 # -1 # ID=12_32;partial=00;start_type=ATG;rbs_motif=GGA/GAG/AGG;rbs_spacer=11-12bp;genetic_code=11;gc_cont=0.686	GENOMAD.158577.CP	5.958E-12	67	0
JAJIWC010000019.1_64 # 76776 # 77204 # -1 # ID=12_64;partial=00;start_type=ATG;rbs_motif=GGA/GAG/AGG;rbs_spacer=5-10bp;genetic_code=11;gc_cont=0.650	GENOMAD.004648.CC	1.453E-16	78	0
JAJIWC010000031.1_40 # 45818 # 46420 # 1 # ID=25_40;partial=00;start_type=ATG;rbs_motif=GGAG/GAGG;rbs_spacer=5-10bp;genetic_code=11;gc_cont=0.683	GENOMAD.195831.CP	4.653E-06	49	0
JAJIWC010000031.1_72 # 82249 # 82746 # 1 # ID=25_72;partial=00;start_type=ATG;rbs_motif=AGGA;rbs_spacer=5-10bp;genetic_code=11;gc_cont=0.669	GENOMAD.225035.PV	5.024E-07	51	1246
JAJIWC010000031.1_104 # 116556 # 118043 # 1 # ID=25_104;partial=00;start_type=GTG;rbs_motif=AGGAG;rbs_spacer=5-10bp;genetic_code=11;gc_cont=0.677	GENOMAD.097666.CP	5.770E-08	58	0
JAJIWC010000031.1_136 # 159049 # 159621 # 1 # ID=25_136;partial=00;start_type=ATG;rbs_motif=None;rbs_spacer=None;genetic_code=11;gc_cont=0.677	GENOMAD.158817.CP	2.647E-40	149	0
JAJIWC010000031.1_168 # 200326 # 201216 # 1 # ID=25_168;partial=00;start_type=ATG;rbs_motif=None;rbs_spacer=None;genetic_code=11;gc_cont=0.634	GENOMAD.126817.CP	3.974E-22	100	0
JAJIWC010000033.1_22 # 33162 # 34310 # 1 # ID=27_22;partial=00;start_type=ATG;rbs_motif=GGA/GAG/AGG;rbs_spacer=5-10bp;genetic_code=11;gc_cont=0.736	GENOMAD.133566.CP	3.058E-07	55	0
JAJIWC010000034.1_5 # 2804 # 3454 # -1 # ID=28_5;partial=00;start_type=ATG;rbs_motif=GGAG/GAGG;rbs_spacer=5-10bp;genetic_code=11;gc_cont=0.645	GENOMAD.120574.PP	2.716E-113	361	0
JAJIWC010000036.1_26 # 33641 # 37336 # 1 # ID=30_26;partial=00;start_type=ATG;rbs_motif=AGGAG;rbs_spacer=5-10bp;genetic_code=11;gc_cont=0.708	GENOMAD.215794.CP	1.059E-04	49	0
JAJIWC010000056.1_135 # 153610 # 154818 # 1 # ID=52_135;partial=00;start_type=ATG;rbs_motif=AGGA;rbs_spacer=5-10bp;genetic_code=11;gc_cont=0.621	GENOMAD.100028.CP	4.007E-43	166	0
JAJIWC010000061.1_44 # 51115 # 52668 # 1 # ID=57_44;partial=00;start_type=ATG;rbs_motif=GGA/GAG/AGG;rbs_spacer=5-10bp;genetic_code=11;gc_cont=0.636	GENOMAD.194337.PC	1.200E-47	183	0
JAJIWC010000077.1_108 # 116339 # 117721 # 1 # ID=74_108;partial=00;start_type=ATG;rbs_motif=None;rbs_spacer=None;genetic_code=11;gc_cont=0.669	GENOMAD.100160.CP	5.095E-08	58	0
JAJIWC010000077.1_172 # 190208 # 191323 # -1 # ID=74_172;partial=00;start_type=ATG;rbs_motif=GGAG/GAGG;rbs_spacer=5-10bp;genetic_code=11;gc_cont=0.616	GENOMAD.152308.CP	2.088E-05	49	0
JAJIWC010000078.1_2 # 1641 # 2651 # -1 # ID=76_2;partial=00;start_type=ATG;rbs_motif=GGAG/GAGG;rbs_spacer=5-10bp;genetic_code=11;gc_cont=0.698	GENOMAD.167831.PC	9.468E-64	224	0
JAJIWC010000078.1_34 # 51384 # 53837 # -1 # ID=76_34;partial=00;start_type=ATG;rbs_motif=AGGAG;rbs_spacer=5-10bp;genetic_code=11;gc_cont=0.634	GENOMAD.171155.CP	2.631E-04	47	0
JAJIWC010000078.1_98 # 129460 # 130152 # 1 # ID=76_98;partial=00;start_type=ATG;rbs_motif=AGGA;rbs_spacer=5-10bp;genetic_code=11;gc_cont=0.674	GENOMAD.142369.CP	3.765E-45	165	0
JAJIWC010000083.1_9 # 10956 # 12941 # -1 # ID=81_9;partial=00;start_type=GTG;rbs_motif=GGAG/GAGG;rbs_spacer=5-10bp;genetic_code=11;gc_cont=0.694	GENOMAD.148235.CP	3.146E-25	115	0
JAJIWC010000091.1_39 # 45908 # 46288 # -1 # ID=90_39;partial=00;start_type=ATG;rbs_motif=GGAG/GAGG;rbs_spacer=5-10bp;genetic_code=11;gc_cont=0.654	GENOMAD.150994.CP	4.040E-06	47	0
JAJIWC010000008.1_26 # 27727 # 28512 # 1 # ID=93_26;partial=00;start_type=ATG;rbs_motif=AGGA;rbs_spacer=5-10bp;genetic_code=11;gc_cont=0.659	GENOMAD.169894.PC	8.843E-49	177	0
JAJIWC010000010.1_84 # 119414 # 120787 # -1 # ID=2_84;partial=00;start_type=ATG;rbs_motif=GGA/GAG/AGG;rbs_spacer=5-10bp;genetic_code=11;gc_cont=0.693	GENOMAD.180266.CP	8.960E-29	124	0
JAJIWC010000026.1_16 # 17878 # 19011 # -1 # ID=19_16;partial=00;start_type=ATG;rbs_motif=GGAGG;rbs_spacer=5-10bp;genetic_code=11;gc_cont=0.637	GENOMAD.125907.CP	1.475E-19	94	0
JAJIWC010000026.1_48 # 62032 # 62451 # 1 # ID=19_48;partial=00;start_type=GTG;rbs_motif=AGGA;rbs_spacer=5-10bp;genetic_code=11;gc_cont=0.579	GENOMAD.213831.PC	7.534E-40	145	0
JAJIWC010000002.1_27 # 27550 # 28350 # 1 # ID=22_27;partial=00;start_type=ATG;rbs_motif=GGA/GAG/AGG;rbs_spacer=5-10bp;genetic_code=11;gc_cont=0.647	GENOMAD.179248.CP	6.244E-146	458	0
JAJIWC010000002.1_59 # 72308 # 73741 # -1 # ID=22_59;partial=00;start_type=ATG;rbs_motif=GGAGG;rbs_spacer=5-10bp;genetic_code=11;gc_cont=0.637	GENOMAD.141880.PP	7.152E-259	796	0
JAJIWC010000033.1_32 # 46736 # 50317 # -1 # ID=27_32;partial=00;start_type=ATG;rbs_motif=GGA/GAG/AGG;rbs_spacer=5-10bp;genetic_code=11;gc_cont=0.691	GENOMAD.159408.CP	9.660E-18	92	0
JAJIWC010000036.1_36 # 56162 # 58531 # -1 # ID=30_36;partial=00;start_type=ATG;rbs_motif=None;rbs_spacer=None;genetic_code=11;gc_cont=0.658	GENOMAD.129013.CP	1.529E-19	97	0
JAJIWC010000036.1_100 # 139041 # 139892 # 1 # ID=30_100;partial=00;start_type=ATG;rbs_motif=GGA/GAG/AGG;rbs_spacer=5-10bp;genetic_code=11;gc_cont=0.689	GENOMAD.079440.CP	1.378E-06	52	0
JAJIWC010000036.1_132 # 170425 # 171333 # 1 # ID=30_132;partial=00;start_type=ATG;rbs_motif=GGA/GAG/AGG;rbs_spacer=5-10bp;genetic_code=11;gc_cont=0.674	GENOMAD.142391.CP	5.171E-76	258	0
JAJIWC010000036.1_164 # 200910 # 201710 # -1 # ID=30_164;partial=00;start_type=ATG;rbs_motif=GGAGG;rbs_spacer=3-4bp;genetic_code=11;gc_cont=0.654	GENOMAD.215480.PC	8.192E-12	68	0
JAJIWC010000060.1_50 # 60164 # 60457 # -1 # ID=56_50;partial=00;start_type=ATG;rbs_motif=None;rbs_spacer=None;genetic_code=11;gc_cont=0.667	GENOMAD.129440.VC	2.140E-18	81	1246
JAJIWC010000061.1_22 # 27269 # 27991 # 1 # ID=57_22;partial=00;start_type=ATG;rbs_motif=GGAG/GAGG;rbs_spacer=5-10bp;genetic_code=11;gc_cont=0.653	GENOMAD.000060.CC	8.667E-59	205	0
JAJIWC010000061.1_54 # 62960 # 63349 # 1 # ID=57_54;partial=00;start_type=ATG;rbs_motif=GGAG/GAGG;rbs_spacer=5-10bp;genetic_code=11;gc_cont=0.636	GENOMAD.169138.CP	3.863E-08	53	0
JAJIWC010000061.1_86 # 93046 # 93252 # 1 # ID=57_86;partial=00;start_type=GTG;rbs_motif=None;rbs_spacer=None;genetic_code=11;gc_cont=0.700	GENOMAD.140999.CV	8.890E-08	49	0
JAJIWC010000061.1_118 # 126689 # 127411 # -1 # ID=57_118;partial=00;start_type=ATG;rbs_motif=GGA/GAG/AGG;rbs_spacer=5-10bp;genetic_code=11;gc_cont=0.686	GENOMAD.001567.CC	1.447E-30	123	0
JAJIWC010000078.1_58 # 79983 # 80843 # -1 # ID=76_58;partial=00;start_type=GTG;rbs_motif=None;rbs_spacer=None;genetic_code=11;gc_cont=0.659	GENOMAD.092099.CV	4.231E-37	144	0
JAJIWC010000078.1_90 # 121933 # 122577 # -1 # ID=76_90;partial=00;start_type=ATG;rbs_motif=GGA/GAG/AGG;rbs_spacer=5-10bp;genetic_code=11;gc_cont=0.693	GENOMAD.148229.CP	6.469E-30	120	0
JAJIWC010000092.1_41 # 46632 # 46901 # -1 # ID=91_41;partial=00;start_type=GTG;rbs_motif=GGAG/GAGG;rbs_spacer=5-10bp;genetic_code=11;gc_cont=0.600	GENOMAD.167952.CP	8.299E-17	76	0
JAJIWC010000010.1_12 # 16315 # 18126 # -1 # ID=2_12;partial=00;start_type=GTG;rbs_motif=GGAGG;rbs_spacer=5-10bp;genetic_code=11;gc_cont=0.673	GENOMAD.029534.CC	1.075E-05	51	0
JAJIWC010000010.1_44 # 66023 # 66376 # 1 # ID=2_44;partial=00;start_type=ATG;rbs_motif=GGAG/GAGG;rbs_spacer=5-10bp;genetic_code=11;gc_cont=0.636	GENOMAD.189480.CP	1.270E-07	51	0
JAJIWC010000011.1_17 # 25600 # 26127 # 1 # ID=3_17;partial=00;start_type=ATG;rbs_motif=AGGA;rbs_spacer=5-10bp;genetic_code=11;gc_cont=0.648	GENOMAD.140351.VV	6.298E-07	51	1246
JAJIWC010000011.1_81 # 96760 # 98289 # -1 # ID=3_81;partial=00;start_type=ATG;rbs_motif=GGAG/GAGG;rbs_spacer=5-10bp;genetic_code=11;gc_cont=0.682	GENOMAD.195889.CP	8.430E-06	51	0
JAJIWC010000011.1_145 # 178439 # 180073 # -1 # ID=3_145;partial=00;start_type=GTG;rbs_motif=GGAG/GAGG;rbs_spacer=5-10bp;genetic_code=11;gc_cont=0.647	GENOMAD.074457.CP	1.315E-110	370	0
JAJIWC010000011.1_177 # 212534 # 215314 # 1 # ID=3_177;partial=00;start_type=ATG;rbs_motif=GGAGG;rbs_spacer=5-10bp;genetic_code=11;gc_cont=0.647	GENOMAD.152082.CP	1.638E-81	296	0
JAJIWC010000011.1_209 # 257464 # 259662 # 1 # ID=3_209;partial=00;start_type=ATG;rbs_motif=GGA/GAG/AGG;rbs_spacer=5-10bp;genetic_code=11;gc_cont=0.651	GENOMAD.136702.CP	2.292E-128	430	0
JAJIWC010000011.1_305 # 368087 # 368605 # 1 # ID=3_305;partial=00;start_type=GTG;rbs_motif=GGA/GAG/AGG;rbs_spacer=5-10bp;genetic_code=11;gc_cont=0.642	GENOMAD.145284.CP	2.459E-84	275	0
JAJIWC010000012.1_46 # 50274 # 50783 # 1 # ID=4_46;partial=00;start_type=ATG;rbs_motif=AGGA;rbs_spacer=5-10bp;genetic_code=11;gc_cont=0.655	GENOMAD.006866.CC	4.173E-77	254	0
JAJIWC010000031.1_83 # 91208 # 92182 # 1 # ID=25_83;partial=00;start_type=ATG;rbs_motif=None;rbs_spacer=None;genetic_code=11;gc_cont=0.685	GENOMAD.094404.CP	1.199E-08	59	0
JAJIWC010000031.1_115 # 130745 # 131191 # -1 # ID=25_115;partial=00;start_type=ATG;rbs_motif=None;rbs_spacer=None;genetic_code=11;gc_cont=0.631	GENOMAD.013259.CC	3.392E-69	230	0
JAJIWC010000036.1_5 # 4225 # 4884 # 1 # ID=30_5;partial=00;start_type=ATG;rbs_motif=AGGA;rbs_spacer=5-10bp;genetic_code=11;gc_cont=0.612	GENOMAD.206010.CP	7.215E-15	76	0
JAJIWC010000036.1_133 # 171410 # 172525 # -1 # ID=30_133;partial=00;start_type=ATG;rbs_motif=None;rbs_spacer=None;genetic_code=11;gc_cont=0.688	GENOMAD.178547.CP	2.088E-05	49	0
JAJIWC010000003.1_21 # 27514 # 28842 # 1 # ID=33_21;partial=00;start_type=ATG;rbs_motif=AGGA;rbs_spacer=5-10bp;genetic_code=11;gc_cont=0.633	GENOMAD.189690.PC	1.423E-101	339	0
JAJIWC010000051.1_5 # 3044 # 5419 # -1 # ID=47_5;partial=00;start_type=ATG;rbs_motif=GGA/GAG/AGG;rbs_spacer=5-10bp;genetic_code=11;gc_cont=0.654	GENOMAD.166603.CP	2.106E-36	152	0
JAJIWC010000051.1_101 # 132278 # 132877 # -1 # ID=47_101;partial=00;start_type=ATG;rbs_motif=GGAG/GAGG;rbs_spacer=5-10bp;genetic_code=11;gc_cont=0.648	GENOMAD.124379.CP	8.752E-04	42	0
JAJIWC010000056.1_18 # 19890 # 20975 # -1 # ID=52_18;partial=00;start_type=ATG;rbs_motif=AGGAG;rbs_spacer=5-10bp;genetic_code=11;gc_cont=0.698	GENOMAD.143120.CP	2.579E-46	174	0
JAJIWC010000056.1_50 # 55758 # 56963 # 1 # ID=52_50;partial=00;start_type=ATG;rbs_motif=AGGA;rbs_spacer=5-10bp;genetic_code=11;gc_cont=0.605	GENOMAD.191266.CP	8.468E-43	165	0
JAJIWC010000064.1_95 # 100468 # 101118 # 1 # ID=60_95;partial=00;start_type=ATG;rbs_motif=GGA/GAG/AGG;rbs_spacer=5-10bp;genetic_code=11;gc_cont=0.657	GENOMAD.153566.CP	1.492E-10	63	0
JAJIWC010000064.1_191 # 202150 # 202584 # -1 # ID=60_191;partial=00;start_type=ATG;rbs_motif=AGGAG;rbs_spacer=5-10bp;genetic_code=11;gc_cont=0.570	GENOMAD.018404.CC	1.205E-53	185	0
JAJIWC010000065.1_10 # 6628 # 9249 # 1 # ID=61_10;partial=00;start_type=ATG;rbs_motif=GGAG/GAGG;rbs_spacer=5-10bp;genetic_code=11;gc_cont=0.571	GENOMAD.108687.PC	1.630E-70	261	0
JAJIWC010000067.1_10 # 9559 # 11199 # 1 # ID=63_10;partial=00;start_type=ATG;rbs_motif=GGAG/GAGG;rbs_spacer=5-10bp;genetic_code=11;gc_cont=0.644	GENOMAD.171128.VC	1.896E-21	102	1246
JAJIWC010000009.1_7 # 5408 # 6985 # -1 # ID=1_7;partial=00;start_type=ATG;rbs_motif=AGGA;rbs_spacer=5-10bp;genetic_code=11;gc_cont=0.650	GENOMAD.018752.CC	2.222E-23	108	0
JAJIWC010000010.1_30 # 48144 # 50816 # -1 # ID=2_30;partial=00;start_type=ATG;rbs_motif=GGAG/GAGG;rbs_spacer=5-10bp;genetic_code=11;gc_cont=0.619	GENOMAD.152082.CP	5.714E-123	420	0
JAJIWC010000011.1_3 # 1377 # 1949 # -1 # ID=3_3;partial=00;start_type=TTG;rbs_motif=GGA/GAG/AGG;rbs_spacer=5-10bp;genetic_code=11;gc_cont=0.686	GENOMAD.160458.PC	3.722E-26	108	0
JAJIWC010000011.1_67 # 84382 # 84804 # 1 # ID=3_67;partial=00;start_type=ATG;rbs_motif=GGAG/GAGG;rbs_spacer=5-10bp;genetic_code=11;gc_cont=0.600	GENOMAD.124417.CP	5.736E-07	50	0
JAJIWC010000011.1_131 # 158964 # 162776 # 1 # ID=3_131;partial=00;start_type=ATG;rbs_motif=GGA/GAG/AGG;rbs_spacer=5-10bp;genetic_code=11;gc_cont=0.687	GENOMAD.142505.CP	2.114E-51	203	0
JAJIWC010000012.1_32 # 36072 # 36455 # 1 # ID=4_32;partial=00;start_type=ATG;rbs_motif=None;rbs_spacer=None;genetic_code=11;gc_cont=0.659	GENOMAD.159609.CP	3.097E-10	59	0
JAJIWC010000014.1_29 # 39135 # 40802 # 1 # ID=6_29;partial=00;start_type=TTG;rbs_motif=GGAG/GAGG;rbs_spacer=5-10bp;genetic_code=11;gc_cont=0.655	GENOMAD.137986.CP	2.342E-06	53	0
JAJIWC010000033.1_19 # 30313 # 30744 # 1 # ID=27_19;partial=00;start_type=ATG;rbs_motif=GGAG/GAGG;rbs_spacer=5-10bp;genetic_code=11;gc_cont=0.646	GENOMAD.059044.PP	1.167E-19	87	0
JAJIWC010000036.1_23 # 28821 # 32351 # 1 # ID=30_23;partial=00;start_type=ATG;rbs_motif=None;rbs_spacer=None;genetic_code=11;gc_cont=0.701	GENOMAD.161502.PC	1.408E-115	406	0
JAJIWC010000036.1_151 # 189464 # 190900 # -1 # ID=30_151;partial=00;start_type=ATG;rbs_motif=GGA/GAG/AGG;rbs_spacer=5-10bp;genetic_code=11;gc_cont=0.653	GENOMAD.137791.CP	7.664E-06	51	0
JAJIWC010000036.1_183 # 226468 # 228216 # 1 # ID=30_183;partial=00;start_type=ATG;rbs_motif=None;rbs_spacer=None;genetic_code=11;gc_cont=0.676	GENOMAD.177921.CP	6.147E-07	55	0
JAJIWC010000037.1_7 # 7673 # 8014 # -1 # ID=31_7;partial=00;start_type=ATG;rbs_motif=None;rbs_spacer=None;genetic_code=11;gc_cont=0.652	GENOMAD.162129.CP	3.127E-13	67	0
JAJIWC010000038.1_46 # 41798 # 42265 # 1 # ID=32_46;partial=00;start_type=ATG;rbs_motif=GGA/GAG/AGG;rbs_spacer=11-12bp;genetic_code=11;gc_cont=0.705	GENOMAD.068739.CP	2.193E-35	133	0
JAJIWC010000003.1_39 # 50765 # 51034 # 1 # ID=33_39;partial=00;start_type=ATG;rbs_motif=None;rbs_spacer=None;genetic_code=11;gc_cont=0.656	GENOMAD.216367.VC	4.140E-16	74	0
JAJIWC010000041.1_29 # 25008 # 26978 # -1 # ID=36_29;partial=00;start_type=ATG;rbs_motif=3Base/5BMM;rbs_spacer=13-15bp;genetic_code=11;gc_cont=0.648	GENOMAD.116255.CP	5.638E-61	227	0
JAJIWC010000041.1_93 # 102169 # 102711 # -1 # ID=36_93;partial=00;start_type=ATG;rbs_motif=AGGA;rbs_spacer=5-10bp;genetic_code=11;gc_cont=0.622	GENOMAD.000010.CC	3.001E-43	157	0
JAJIWC010000060.1_37 # 46796 # 47245 # -1 # ID=56_37;partial=00;start_type=ATG;rbs_motif=AGGA;rbs_spacer=5-10bp;genetic_code=11;gc_cont=0.627	GENOMAD.124417.CP	1.384E-09	58	0
JAJIWC010000061.1_9 # 11847 # 12203 # -1 # ID=57_9;partial=00;start_type=ATG;rbs_motif=GGA/GAG/AGG;rbs_spacer=5-10bp;genetic_code=11;gc_cont=0.605	GENOMAD.136132.CP	1.165E-17	80	0
JAJIWC010000061.1_41 # 48030 # 49337 # 1 # ID=57_41;partial=00;start_type=ATG;rbs_motif=GGA/GAG/AGG;rbs_spacer=5-10bp;genetic_code=11;gc_cont=0.643	GENOMAD.179766.CP	1.323E-87	298	0
JAJIWC010000061.1_105 # 114975 # 115625 # 1 # ID=57_105;partial=00;start_type=ATG;rbs_motif=GGAG/GAGG;rbs_spacer=5-10bp;genetic_code=11;gc_cont=0.674	GENOMAD.130152.CP	1.974E-25	107	0
JAJIWC010000008.1_13 # 16689 # 17108 # 1 # ID=93_13;partial=00;start_type=ATG;rbs_motif=GGAG/GAGG;rbs_spacer=5-10bp;genetic_code=11;gc_cont=0.645	GENOMAD.129482.CP	5.866E-06	47	1246
JAJIWC010000010.1_39 # 58949 # 60058 # 1 # ID=2_39;partial=00;start_type=ATG;rbs_motif=GGA/GAG/AGG;rbs_spacer=5-10bp;genetic_code=11;gc_cont=0.653	GENOMAD.127113.CP	7.151E-22	101	0
JAJIWC010000011.1_76 # 91946 # 92659 # -1 # ID=3_76;partial=00;start_type=ATG;rbs_motif=GGA/GAG/AGG;rbs_spacer=5-10bp;genetic_code=11;gc_cont=0.637	GENOMAD.152228.VC	5.070E-15	77	11688
JAJIWC010000011.1_108 # 136830 # 138293 # -1 # ID=3_108;partial=00;start_type=ATG;rbs_motif=GGA/GAG/AGG;rbs_spacer=5-10bp;genetic_code=11;gc_cont=0.689	GENOMAD.109692.CP	7.780E-153	490	0
JAJIWC010000011.1_140 # 173014 # 174213 # -1 # ID=3_140;partial=00;start_type=ATG;rbs_motif=AGxAGG/AGGxGG;rbs_spacer=5-10bp;genetic_code=11;gc_cont=0.726	GENOMAD.019425.CC	9.872E-225	693	0
JAJIWC010000011.1_236 # 291460 # 292257 # -1 # ID=3_236;partial=00;start_type=ATG;rbs_motif=None;rbs_spacer=None;genetic_code=11;gc_cont=0.649	GENOMAD.123894.CP	9.800E-38	145	0
JAJIWC010000011.1_300 # 364088 # 364612 # 1 # ID=3_300;partial=00;start_type=TTG;rbs_motif=GGA/GAG/AGG;rbs_spacer=5-10bp;genetic_code=11;gc_cont=0.682	GENOMAD.124316.PC	4.005E-37	139	0
JAJIWC010000012.1_9 # 11289 # 11486 # 1 # ID=4_9;partial=00;start_type=ATG;rbs_motif=None;rbs_spacer=None;genetic_code=11;gc_cont=0.616	GENOMAD.009592.PP	1.533E-08	51	0
JAJIWC010000031.1_78 # 86930 # 87553 # -1 # ID=25_78;partial=00;start_type=ATG;rbs_motif=GGA/GAG/AGG;rbs_spacer=5-10bp;genetic_code=11;gc_cont=0.631	GENOMAD.206109.CP	9.488E-20	90	0
JAJIWC010000031.1_206 # 237462 # 239372 # -1 # ID=25_206;partial=00;start_type=ATG;rbs_motif=GGA/GAG/AGG;rbs_spacer=5-10bp;genetic_code=11;gc_cont=0.658	GENOMAD.154050.CP	3.862E-04	46	0
JAJIWC010000033.1_28 # 42517 # 44025 # -1 # ID=27_28;partial=00;start_type=ATG;rbs_motif=GGA/GAG/AGG;rbs_spacer=5-10bp;genetic_code=11;gc_cont=0.697	GENOMAD.116475.CP	3.351E-109	364	0
JAJIWC010000035.1_2 # 679 # 1218 # 1 # ID=29_2;partial=01;start_type=ATG;rbs_motif=AGGAG;rbs_spacer=5-10bp;genetic_code=11;gc_cont=0.596	GENOMAD.082990.PP	3.112E-60	206	0
JAJIWC010000036.1_64 # 95635 # 98343 # 1 # ID=30_64;partial=00;start_type=ATG;rbs_motif=None;rbs_spacer=None;genetic_code=11;gc_cont=0.699	GENOMAD.120770.CP	1.383E-64	243	0
JAJIWC010000036.1_96 # 132737 # 133729 # 1 # ID=30_96;partial=00;start_type=ATG;rbs_motif=AGGAG;rbs_spacer=5-10bp;genetic_code=11;gc_cont=0.647	GENOMAD.121288.CP	7.717E-104	340	0
JAJIWC010000036.1_128 # 165645 # 166589 # 1 # ID=30_128;partial=00;start_type=ATG;rbs_motif=None;rbs_spacer=None;genetic_code=11;gc_cont=0.651	GENOMAD.140931.CP	1.276E-24	108	0
JAJIWC010000036.1_192 # 237266 # 237733 # 1 # ID=30_192;partial=00;start_type=ATG;rbs_motif=GGA/GAG/AGG;rbs_spacer=5-10bp;genetic_code=11;gc_cont=0.688	GENOMAD.074923.VV	1.125E-15	76	1246
JAJIWC010000038.1_23 # 19987 # 22305 # -1 # ID=32_23;partial=00;start_type=ATG;rbs_motif=GGA/GAG/AGG;rbs_spacer=5-10bp;genetic_code=11;gc_cont=0.643	GENOMAD.141017.CP	3.839E-103	357	0
JAJIWC010000038.1_55 # 51349 # 52755 # 1 # ID=32_55;partial=00;start_type=GTG;rbs_motif=GGAG/GAGG;rbs_spacer=5-10bp;genetic_code=11;gc_cont=0.682	GENOMAD.083685.CV	3.858E-26	116	1246
JAJIWC010000041.1_6 # 3880 # 4320 # -1 # ID=36_6;partial=00;start_type=GTG;rbs_motif=GGAGG;rbs_spacer=5-10bp;genetic_code=11;gc_cont=0.660	GENOMAD.118707.CP	1.680E-16	78	0
JAJIWC010000041.1_38 # 39078 # 39473 # -1 # ID=36_38;partial=00;start_type=ATG;rbs_motif=GGxGG;rbs_spacer=5-10bp;genetic_code=11;gc_cont=0.669	GENOMAD.146284.CP	2.407E-48	169	0
JAJIWC010000010.1_117 # 159760 # 160320 # -1 # ID=2_117;partial=00;start_type=ATG;rbs_motif=GGA/GAG/AGG;rbs_spacer=11-12bp;genetic_code=11;gc_cont=0.624	GENOMAD.151010.CP	1.097E-74	248	0
JAJIWC010000011.1_58 # 71883 # 73211 # 1 # ID=3_58;partial=00;start_type=ATG;rbs_motif=None;rbs_spacer=None;genetic_code=11;gc_cont=0.663	GENOMAD.161908.VC	2.328E-04	46	1246
JAJIWC010000011.1_90 # 110684 # 112165 # -1 # ID=3_90;partial=00;start_type=ATG;rbs_motif=None;rbs_spacer=None;genetic_code=11;gc_cont=0.682	GENOMAD.114384.CP	6.397E-41	162	18026
JAJIWC010000023.1_13 # 16252 # 17127 # 1 # ID=16_13;partial=00;start_type=ATG;rbs_motif=AGGA;rbs_spacer=5-10bp;genetic_code=11;gc_cont=0.651	GENOMAD.116234.CP	2.975E-14	76	0
JAJIWC010000026.1_17 # 19328 # 22366 # -1 # ID=19_17;partial=00;start_type=ATG;rbs_motif=GGAGG;rbs_spacer=5-10bp;genetic_code=11;gc_cont=0.646	GENOMAD.125907.CP	1.534E-17	91	0
JAJIWC010000026.1_49 # 62560 # 62949 # 1 # ID=19_49;partial=00;start_type=ATG;rbs_motif=GGAGG;rbs_spacer=5-10bp;genetic_code=11;gc_cont=0.621	GENOMAD.167957.PC	4.127E-66	220	0
JAJIWC010000028.1_4 # 4333 # 5631 # 1 # ID=21_4;partial=00;start_type=ATG;rbs_motif=None;rbs_spacer=None;genetic_code=11;gc_cont=0.566	GENOMAD.137385.CP	9.238E-24	108	0
JAJIWC010000002.1_60 # 74110 # 76437 # 1 # ID=22_60;partial=00;start_type=ATG;rbs_motif=GGAG/GAGG;rbs_spacer=5-10bp;genetic_code=11;gc_cont=0.644	GENOMAD.124454.CP	2.792E-136	455	0
JAJIWC010000033.1_10 # 15688 # 17919 # 1 # ID=27_10;partial=00;start_type=ATG;rbs_motif=None;rbs_spacer=None;genetic_code=11;gc_cont=0.678	GENOMAD.154880.CP	6.298E-16	85	1246
JAJIWC010000033.1_42 # 60449 # 60733 # -1 # ID=27_42;partial=00;start_type=ATG;rbs_motif=GGAG/GAGG;rbs_spacer=5-10bp;genetic_code=11;gc_cont=0.614	GENOMAD.147528.CP	1.212E-07	50	0
JAJIWC010000036.1_174 # 213722 # 214000 # -1 # ID=30_174;partial=00;start_type=ATG;rbs_motif=GGAG/GAGG;rbs_spacer=5-10bp;genetic_code=11;gc_cont=0.699	GENOMAD.097670.CP	3.087E-20	86	0
JAJIWC010000036.1_206 # 250147 # 251280 # -1 # ID=30_206;partial=00;start_type=ATG;rbs_motif=None;rbs_spacer=None;genetic_code=11;gc_cont=0.693	GENOMAD.136642.CP	1.114E-35	143	0
JAJIWC010000038.1_5 # 2866 # 3924 # -1 # ID=32_5;partial=00;start_type=GTG;rbs_motif=GGA/GAG/AGG;rbs_spacer=11-12bp;genetic_code=11;gc_cont=0.668	GENOMAD.126472.VC	1.180E-39	154	11688
JAJIWC010000047.1_25 # 25675 # 26019 # 1 # ID=42_25;partial=00;start_type=ATG;rbs_motif=AGGAG;rbs_spacer=5-10bp;genetic_code=11;gc_cont=0.638	GENOMAD.170575.CP	3.623E-52	179	0
JAJIWC010000004.1_23 # 30494 # 32767 # 1 # ID=44_23;partial=00;start_type=ATG;rbs_motif=GGA/GAG/AGG;rbs_spacer=5-10bp;genetic_code=11;gc_cont=0.658	GENOMAD.146534.CP	2.393E-04	47	0
JAJIWC010000004.1_87 # 122918 # 124348 # 1 # ID=44_87;partial=00;start_type=ATG;rbs_motif=GGA/GAG/AGG;rbs_spacer=5-10bp;genetic_code=11;gc_cont=0.660	GENOMAD.151588.CP	3.820E-19	94	0
JAJIWC010000004.1_119 # 173701 # 174075 # 1 # ID=44_119;partial=00;start_type=ATG;rbs_motif=GGA/GAG/AGG;rbs_spacer=5-10bp;genetic_code=11;gc_cont=0.581	GENOMAD.171688.CP	1.528E-25	103	0
JAJIWC010000050.1_20 # 14982 # 15296 # -1 # ID=46_20;partial=00;start_type=ATG;rbs_motif=AGGA;rbs_spacer=5-10bp;genetic_code=11;gc_cont=0.590	GENOMAD.116477.PC	4.661E-29	112	0
JAJIWC010000060.1_92 # 117910 # 118383 # -1 # ID=56_92;partial=00;start_type=ATG;rbs_motif=GGAG/GAGG;rbs_spacer=5-10bp;genetic_code=11;gc_cont=0.684	GENOMAD.178666.VC	3.433E-31	121	1246
JAJIWC010000061.1_32 # 37242 # 38033 # 1 # ID=57_32;partial=00;start_type=ATG;rbs_motif=GGAG/GAGG;rbs_spacer=5-10bp;genetic_code=11;gc_cont=0.658	GENOMAD.000113.CC	8.914E-19	89	0
JAJIWC010000061.1_64 # 71392 # 72225 # 1 # ID=57_64;partial=00;start_type=ATG;rbs_motif=None;rbs_spacer=None;genetic_code=11;gc_cont=0.687	GENOMAD.194676.PC	5.232E-162	505	0
JAJIWC010000064.1_40 # 39954 # 40772 # -1 # ID=60_40;partial=00;start_type=ATG;rbs_motif=AGGAG;rbs_spacer=5-10bp;genetic_code=11;gc_cont=0.708	GENOMAD.153335.CP	1.779E-10	64	0
JAJIWC010000031.1_94 # 106958 # 107326 # -1 # ID=25_94;partial=00;start_type=ATG;rbs_motif=None;rbs_spacer=None;genetic_code=11;gc_cont=0.699	GENOMAD.070647.CV	1.245E-18	83	0
JAJIWC010000031.1_158 # 190056 # 192539 # -1 # ID=25_158;partial=00;start_type=ATG;rbs_motif=None;rbs_spacer=None;genetic_code=11;gc_cont=0.690	GENOMAD.142740.CP	4.212E-187	606	0
JAJIWC010000033.1_44 # 61233 # 62777 # -1 # ID=27_44;partial=00;start_type=ATG;rbs_motif=GGA/GAG/AGG;rbs_spacer=5-10bp;genetic_code=11;gc_cont=0.665	GENOMAD.109407.CP	2.992E-117	388	0
JAJIWC010000036.1_48 # 69762 # 70193 # 1 # ID=30_48;partial=00;start_type=ATG;rbs_motif=GGAG/GAGG;rbs_spacer=5-10bp;genetic_code=11;gc_cont=0.660	GENOMAD.190634.CP	4.917E-71	235	0
JAJIWC010000036.1_144 # 183364 # 184116 # 1 # ID=30_144;partial=00;start_type=ATG;rbs_motif=GGAG/GAGG;rbs_spacer=5-10bp;genetic_code=11;gc_cont=0.703	GENOMAD.182302.PC	6.336E-58	203	0
JAJIWC010000036.1_176 # 215006 # 216991 # 1 # ID=30_176;partial=00;start_type=ATG;rbs_motif=GGAG/GAGG;rbs_spacer=5-10bp;genetic_code=11;gc_cont=0.669	GENOMAD.142438.CP	1.329E-09	64	1246
JAJIWC010000036.1_208 # 253249 # 254460 # 1 # ID=30_208;partial=00;start_type=TTG;rbs_motif=GGAG/GAGG;rbs_spacer=5-10bp;genetic_code=11;gc_cont=0.632	GENOMAD.171925.VC	1.775E-12	72	1246
JAJIWC010000038.1_7 # 5132 # 6298 # 1 # ID=32_7;partial=00;start_type=ATG;rbs_motif=GGA/GAG/AGG;rbs_spacer=11-12bp;genetic_code=11;gc_cont=0.642	GENOMAD.116507.CP	5.060E-10	64	0
JAJIWC010000038.1_39 # 34713 # 35405 # -1 # ID=32_39;partial=00;start_type=GTG;rbs_motif=GGA/GAG/AGG;rbs_spacer=5-10bp;genetic_code=11;gc_cont=0.662	GENOMAD.113324.CP	2.014E-32	128	0
JAJIWC010000004.1_25 # 34163 # 35890 # 1 # ID=44_25;partial=00;start_type=ATG;rbs_motif=GGA/GAG/AGG;rbs_spacer=5-10bp;genetic_code=11;gc_cont=0.645	GENOMAD.151334.CP	2.032E-05	50	0
JAJIWC010000051.1_16 # 26314 # 27951 # -1 # ID=47_16;partial=00;start_type=ATG;rbs_motif=GGAGG;rbs_spacer=5-10bp;genetic_code=11;gc_cont=0.654	GENOMAD.208849.PC	6.833E-96	327	0
JAJIWC010000051.1_80 # 105263 # 107716 # -1 # ID=47_80;partial=00;start_type=ATG;rbs_motif=None;rbs_spacer=None;genetic_code=11;gc_cont=0.469	GENOMAD.108687.PC	2.421E-108	374	0
JAJIWC010000051.1_112 # 141858 # 142784 # -1 # ID=47_112;partial=00;start_type=TTG;rbs_motif=GGA/GAG/AGG;rbs_spacer=5-10bp;genetic_code=11;gc_cont=0.659	GENOMAD.036810.CC	2.715E-10	64	0
JAJIWC010000064.1_42 # 42267 # 42836 # 1 # ID=60_42;partial=00;start_type=ATG;rbs_motif=AGGAG;rbs_spacer=5-10bp;genetic_code=11;gc_cont=0.668	GENOMAD.136393.CP	7.960E-05	45	0
JAJIWC010000064.1_74 # 78486 # 78668 # -1 # ID=60_74;partial=00;start_type=ATG;rbs_motif=GGAG/GAGG;rbs_spacer=5-10bp;genetic_code=11;gc_cont=0.601	GENOMAD.171588.PC	6.898E-07	46	0
JAJIWC010000078.1_38 # 57702 # 58679 # 1 # ID=76_38;partial=00;start_type=ATG;rbs_motif=GGAG/GAGG;rbs_spacer=5-10bp;genetic_code=11;gc_cont=0.696	GENOMAD.126251.CP	3.574E-11	67	0
JAJIWC010000078.1_70 # 97492 # 99849 # -1 # ID=76_70;partial=00;start_type=GTG;rbs_motif=GGA/GAG/AGG;rbs_spacer=11-12bp;genetic_code=11;gc_cont=0.663	GENOMAD.105456.CP	8.623E-32	137	0
JAJIWC010000078.1_102 # 134347 # 135552 # 1 # ID=76_102;partial=00;start_type=ATG;rbs_motif=None;rbs_spacer=None;genetic_code=11;gc_cont=0.641	GENOMAD.130369.CP	9.562E-61	218	0
JAJIWC010000078.1_134 # 167812 # 168825 # 1 # ID=76_134;partial=00;start_type=ATG;rbs_motif=GGA/GAG/AGG;rbs_spacer=5-10bp;genetic_code=11;gc_cont=0.640	GENOMAD.158788.CP	3.117E-09	61	0
JAJIWC010000082.1_3 # 1897 # 2385 # -1 # ID=80_3;partial=00;start_type=ATG;rbs_motif=GGA/GAG/AGG;rbs_spacer=5-10bp;genetic_code=11;gc_cont=0.607	GENOMAD.223687.VP	1.015E-06	50	2773
JAJIWC010000083.1_13 # 16816 # 17301 # 1 # ID=81_13;partial=00;start_type=ATG;rbs_motif=AGGAG;rbs_spacer=5-10bp;genetic_code=11;gc_cont=0.675	GENOMAD.001979.CC	5.735E-27	109	0
JAJIWC010000007.1_19 # 14633 # 15004 # -1 # ID=86_19;partial=00;start_type=ATG;rbs_motif=GGA/GAG/AGG;rbs_spacer=5-10bp;genetic_code=11;gc_cont=0.694	GENOMAD.091113.CP	5.544E-52	179	0
JAJIWC010000031.1_27 # 29238 # 30422 # 1 # ID=25_27;partial=00;start_type=ATG;rbs_motif=None;rbs_spacer=None;genetic_code=11;gc_cont=0.662	GENOMAD.000446.CC	6.500E-64	227	0
JAJIWC010000031.1_187 # 218593 # 219489 # 1 # ID=25_187;partial=00;start_type=ATG;rbs_motif=AGGAG;rbs_spacer=5-10bp;genetic_code=11;gc_cont=0.658	GENOMAD.172148.PC	1.622E-88	294	0
JAJIWC010000033.1_41 # 60033 # 60452 # -1 # ID=27_41;partial=00;start_type=ATG;rbs_motif=GGAG/GAGG;rbs_spacer=5-10bp;genetic_code=11;gc_cont=0.610	GENOMAD.138410.CP	1.001E-19	87	0
JAJIWC010000036.1_13 # 14909 # 17410 # 1 # ID=30_13;partial=00;start_type=GTG;rbs_motif=GGxGG;rbs_spacer=5-10bp;genetic_code=11;gc_cont=0.695	GENOMAD.013203.CC	1.644E-05	51	0
JAJIWC010000036.1_45 # 66433 # 67053 # 1 # ID=30_45;partial=00;start_type=ATG;rbs_motif=None;rbs_spacer=None;genetic_code=11;gc_cont=0.697	GENOMAD.161696.CP	2.216E-30	121	0
JAJIWC010000041.1_83 # 93227 # 95350 # 1 # ID=36_83;partial=00;start_type=ATG;rbs_motif=None;rbs_spacer=None;genetic_code=11;gc_cont=0.635	GENOMAD.140349.CP	1.015E-210	669	0
JAJIWC010000043.1_15 # 16894 # 17406 # 1 # ID=38_15;partial=00;start_type=ATG;rbs_motif=AGGAG;rbs_spacer=5-10bp;genetic_code=11;gc_cont=0.604	GENOMAD.176794.PC	3.110E-38	142	0
JAJIWC010000043.1_47 # 50413 # 51138 # 1 # ID=38_47;partial=00;start_type=ATG;rbs_motif=None;rbs_spacer=None;genetic_code=11;gc_cont=0.694	GENOMAD.049531.CC	5.355E-12	68	0
JAJIWC010000045.1_2 # 849 # 1919 # 1 # ID=40_2;partial=00;start_type=ATG;rbs_motif=GGA/GAG/AGG;rbs_spacer=5-10bp;genetic_code=11;gc_cont=0.590	GENOMAD.047390.PP	2.657E-07	55	0
JAJIWC010000047.1_24 # 23289 # 25211 # 1 # ID=42_24;partial=00;start_type=ATG;rbs_motif=AGGA;rbs_spacer=5-10bp;genetic_code=11;gc_cont=0.659	GENOMAD.145392.CP	9.288E-78	277	0
JAJIWC010000047.1_56 # 59200 # 60675 # -1 # ID=42_56;partial=00;start_type=TTG;rbs_motif=AGGA;rbs_spacer=5-10bp;genetic_code=11;gc_cont=0.657	GENOMAD.114697.CP	1.699E-23	108	0
JAJIWC010000004.1_22 # 27891 # 30176 # 1 # ID=44_22;partial=00;start_type=ATG;rbs_motif=GGA/GAG/AGG;rbs_spacer=5-10bp;genetic_code=11;gc_cont=0.648	GENOMAD.151917.PC	2.688E-08	60	0
JAJIWC010000056.1_26 # 30132 # 32960 # -1 # ID=52_26;partial=00;start_type=GTG;rbs_motif=None;rbs_spacer=None;genetic_code=11;gc_cont=0.649	GENOMAD.123911.CP	1.455E-162	539	0
JAJIWC010000056.1_90 # 103732 # 105003 # -1 # ID=52_90;partial=00;start_type=ATG;rbs_motif=GGA/GAG/AGG;rbs_spacer=5-10bp;genetic_code=11;gc_cont=0.692	GENOMAD.138019.CP	2.758E-124	404	0
JAJIWC010000060.1_27 # 37546 # 38172 # -1 # ID=56_27;partial=00;start_type=ATG;rbs_motif=GGAG/GAGG;rbs_spacer=5-10bp;genetic_code=11;gc_cont=0.646	GENOMAD.161205.CP	5.824E-12	67	0
JAJIWC010000061.1_31 # 36758 # 37216 # 1 # ID=57_31;partial=00;start_type=ATG;rbs_motif=AGGAG;rbs_spacer=5-10bp;genetic_code=11;gc_cont=0.606	GENOMAD.118450.CP	1.665E-07	52	0
JAJIWC010000070.1_42 # 50732 # 51949 # 1 # ID=67_42;partial=00;start_type=ATG;rbs_motif=None;rbs_spacer=None;genetic_code=11;gc_cont=0.699	GENOMAD.179434.CP	2.035E-04	46	0
JAJIWC010000070.1_106 # 124053 # 124724 # -1 # ID=67_106;partial=00;start_type=ATG;rbs_motif=GGAGG;rbs_spacer=5-10bp;genetic_code=11;gc_cont=0.658	GENOMAD.147617.CP	7.153E-19	88	0
JAJIWC010000076.1_1 # 63 # 2564 # -1 # ID=73_1;partial=00;start_type=ATG;rbs_motif=None;rbs_spacer=None;genetic_code=11;gc_cont=0.709	GENOMAD.094115.CP	3.961E-95	335	0
JAJIWC010000078.1_99 # 130163 # 131281 # 1 # ID=76_99;partial=00;start_type=ATG;rbs_motif=GGA/GAG/AGG;rbs_spacer=5-10bp;genetic_code=11;gc_cont=0.679	GENOMAD.141339.CP	5.615E-119	386	0
JAJIWC010000078.1_131 # 165340 # 165795 # 1 # ID=76_131;partial=00;start_type=ATG;rbs_motif=GGA/GAG/AGG;rbs_spacer=5-10bp;genetic_code=11;gc_cont=0.667	GENOMAD.179230.CP	2.343E-66	222	0
JAJIWC010000083.1_10 # 13197 # 14129 # -1 # ID=81_10;partial=00;start_type=ATG;rbs_motif=GGA/GAG/AGG;rbs_spacer=5-10bp;genetic_code=11;gc_cont=0.637	GENOMAD.152376.CP	3.050E-05	48	0
JAJIWC010000085.1_21 # 26537 # 28384 # -1 # ID=83_21;partial=00;start_type=ATG;rbs_motif=GGA/GAG/AGG;rbs_spacer=5-10bp;genetic_code=11;gc_cont=0.690	GENOMAD.148123.CP	2.550E-13	76	0
JAJIWC010000007.1_48 # 48724 # 50481 # -1 # ID=86_48;partial=00;start_type=ATG;rbs_motif=GGA/GAG/AGG;rbs_spacer=5-10bp;genetic_code=11;gc_cont=0.615	GENOMAD.062130.PP	2.152E-227	711	0
JAJIWC010000007.1_80 # 92371 # 93882 # -1 # ID=86_80;partial=00;start_type=GTG;rbs_motif=GGAGG;rbs_spacer=5-10bp;genetic_code=11;gc_cont=0.614	GENOMAD.153314.CP	8.282E-06	51	0
JAJIWC010000089.1_23 # 32738 # 33967 # 1 # ID=88_23;partial=00;start_type=ATG;rbs_motif=GGAG/GAGG;rbs_spacer=5-10bp;genetic_code=11;gc_cont=0.654	GENOMAD.124229.CP	2.310E-37	149	0
JAJIWC010000089.1_55 # 74132 # 74515 # -1 # ID=88_55;partial=00;start_type=ATG;rbs_motif=None;rbs_spacer=None;genetic_code=11;gc_cont=0.659	GENOMAD.030183.CC	2.690E-45	160	0
JAJIWC010000091.1_72 # 80724 # 83018 # -1 # ID=90_72;partial=00;start_type=ATG;rbs_motif=GGA/GAG/AGG;rbs_spacer=5-10bp;genetic_code=11;gc_cont=0.630	GENOMAD.179607.CP	3.274E-76	276	0
JAJIWC010000092.1_18 # 21757 # 23697 # -1 # ID=91_18;partial=00;start_type=ATG;rbs_motif=AGGAG;rbs_spacer=5-10bp;genetic_code=11;gc_cont=0.682	GENOMAD.109459.VV	3.537E-07	56	3080
JAJIWC010000092.1_50 # 57795 # 58988 # -1 # ID=91_50;partial=00;start_type=ATG;rbs_motif=GGA/GAG/AGG;rbs_spacer=5-10bp;genetic_code=11;gc_cont=0.657	GENOMAD.138157.CP	1.733E-39	155	0
JAJIWC010000009.1_30 # 29818 # 31287 # 1 # ID=1_30;partial=00;start_type=ATG;rbs_motif=None;rbs_spacer=None;genetic_code=11;gc_cont=0.663	GENOMAD.197616.CP	9.529E-85	292	0
JAJIWC010000037.1_3 # 2398 # 3447 # -1 # ID=31_3;partial=00;start_type=ATG;rbs_motif=GGA/GAG/AGG;rbs_spacer=5-10bp;genetic_code=11;gc_cont=0.683	GENOMAD.190183.CP	5.872E-33	134	0
JAJIWC010000038.1_10 # 7804 # 8823 # -1 # ID=32_10;partial=00;start_type=ATG;rbs_motif=None;rbs_spacer=None;genetic_code=11;gc_cont=0.634	GENOMAD.123224.CV	4.586E-33	134	1246
JAJIWC010000003.1_3 # 2346 # 3458 # -1 # ID=33_3;partial=00;start_type=ATG;rbs_motif=None;rbs_spacer=None;genetic_code=11;gc_cont=0.697	GENOMAD.129448.CP	1.994E-28	121	0
JAJIWC010000039.1_25 # 33949 # 35886 # -1 # ID=34_25;partial=00;start_type=ATG;rbs_motif=GGAG/GAGG;rbs_spacer=5-10bp;genetic_code=11;gc_cont=0.658	GENOMAD.209487.PC	2.378E-05	50	0
JAJIWC010000041.1_89 # 99476 # 99832 # -1 # ID=36_89;partial=00;start_type=ATG;rbs_motif=GGAG/GAGG;rbs_spacer=5-10bp;genetic_code=11;gc_cont=0.622	GENOMAD.000014.CC	3.938E-37	136	0
JAJIWC010000060.1_33 # 42857 # 43675 # -1 # ID=56_33;partial=00;start_type=ATG;rbs_motif=None;rbs_spacer=None;genetic_code=11;gc_cont=0.637	GENOMAD.083550.CP	6.223E-59	207	0
JAJIWC010000061.1_5 # 6028 # 6921 # 1 # ID=57_5;partial=00;start_type=TTG;rbs_motif=None;rbs_spacer=None;genetic_code=11;gc_cont=0.629	GENOMAD.133821.CP	3.999E-25	109	1246
JAJIWC010000061.1_37 # 45099 # 45854 # 1 # ID=57_37;partial=00;start_type=ATG;rbs_motif=AGGA/GGAG/GAGG;rbs_spacer=11-12bp;genetic_code=11;gc_cont=0.672	GENOMAD.016342.CC	5.223E-27	113	0
JAJIWC010000061.1_69 # 76868 # 77413 # 1 # ID=57_69;partial=00;start_type=ATG;rbs_motif=None;rbs_spacer=None;genetic_code=11;gc_cont=0.674	GENOMAD.011491.CC	1.398E-34	132	0
JAJIWC010000064.1_13 # 12091 # 12804 # -1 # ID=60_13;partial=00;start_type=ATG;rbs_motif=GGAG/GAGG;rbs_spacer=5-10bp;genetic_code=11;gc_cont=0.664	GENOMAD.106866.CP	1.057E-17	85	1246
JAJIWC010000064.1_77 # 80903 # 81085 # -1 # ID=60_77;partial=00;start_type=ATG;rbs_motif=AGGA;rbs_spacer=5-10bp;genetic_code=11;gc_cont=0.645	GENOMAD.213149.PC	3.975E-05	41	0
JAJIWC010000064.1_205 # 218398 # 219120 # -1 # ID=60_205;partial=00;start_type=ATG;rbs_motif=None;rbs_spacer=None;genetic_code=11;gc_cont=0.675	GENOMAD.158628.CP	1.154E-16	82	0
JAJIWC010000065.1_24 # 22197 # 22637 # 1 # ID=61_24;partial=00;start_type=GTG;rbs_motif=GGAGG;rbs_spacer=5-10bp;genetic_code=11;gc_cont=0.608	GENOMAD.136316.PV	1.537E-05	46	0
JAJIWC010000066.1_28 # 35219 # 36070 # -1 # ID=62_28;partial=00;start_type=ATG;rbs_motif=GGxGG;rbs_spacer=5-10bp;genetic_code=11;gc_cont=0.658	GENOMAD.152488.CP	2.620E-14	76	0
JAJIWC010000070.1_16 # 17067 # 17582 # -1 # ID=67_16;partial=00;start_type=ATG;rbs_motif=AGGAG;rbs_spacer=5-10bp;genetic_code=11;gc_cont=0.645	GENOMAD.119444.CP	1.668E-17	82	0
JAJIWC010000070.1_48 # 61480 # 61896 # 1 # ID=67_48;partial=00;start_type=ATG;rbs_motif=None;rbs_spacer=None;genetic_code=11;gc_cont=0.652	GENOMAD.146365.CV	1.946E-37	138	0
JAJIWC010000077.1_115 # 123580 # 124761 # 1 # ID=74_115;partial=00;start_type=ATG;rbs_motif=None;rbs_spacer=None;genetic_code=11;gc_cont=0.655	GENOMAD.117314.CP	1.955E-20	97	0
JAJIWC010000078.1_9 # 9218 # 10117 # 1 # ID=76_9;partial=00;start_type=ATG;rbs_motif=None;rbs_spacer=None;genetic_code=11;gc_cont=0.622	GENOMAD.218967.CP	7.626E-89	295	0
JAJIWC010000078.1_41 # 61489 # 62571 # -1 # ID=76_41;partial=00;start_type=ATG;rbs_motif=AGGA/GGAG/GAGG;rbs_spacer=11-12bp;genetic_code=11;gc_cont=0.690	GENOMAD.141029.CP	1.604E-27	118	0
JAJIWC010000082.1_6 # 2891 # 3067 # 1 # ID=80_6;partial=00;start_type=ATG;rbs_motif=AGxAGG/AGGxGG;rbs_spacer=5-10bp;genetic_code=11;gc_cont=0.565	GENOMAD.185254.VV	3.756E-18	78	0
JAJIWC010000083.1_16 # 20837 # 22234 # 1 # ID=81_16;partial=00;start_type=ATG;rbs_motif=None;rbs_spacer=None;genetic_code=11;gc_cont=0.639	GENOMAD.179497.PC	8.046E-50	188	0
JAJIWC010000085.1_27 # 37746 # 38396 # -1 # ID=83_27;partial=00;start_type=ATG;rbs_motif=AGGAG;rbs_spacer=5-10bp;genetic_code=11;gc_cont=0.608	GENOMAD.082990.PP	2.630E-79	263	0
JAJIWC010000007.1_22 # 17274 # 18470 # -1 # ID=86_22;partial=00;start_type=ATG;rbs_motif=None;rbs_spacer=None;genetic_code=11;gc_cont=0.676	GENOMAD.151958.CP	2.355E-05	49	0
JAJIWC010000007.1_54 # 57594 # 59564 # -1 # ID=86_54;partial=00;start_type=ATG;rbs_motif=GGA/GAG/AGG;rbs_spacer=5-10bp;genetic_code=11;gc_cont=0.667	GENOMAD.091902.CP	7.565E-118	396	1246
JAJIWC010000091.1_14 # 10799 # 11974 # 1 # ID=90_14;partial=00;start_type=ATG;rbs_motif=None;rbs_spacer=None;genetic_code=11;gc_cont=0.636	GENOMAD.208454.PC	4.076E-82	280	0
JAJIWC010000004.1_39 # 65504 # 66289 # 1 # ID=44_39;partial=00;start_type=ATG;rbs_motif=None;rbs_spacer=None;genetic_code=11;gc_cont=0.645	GENOMAD.152421.CP	5.832E-127	403	0
JAJIWC010000004.1_103 # 139117 # 139878 # 1 # ID=44_103;partial=00;start_type=ATG;rbs_motif=None;rbs_spacer=None;genetic_code=11;gc_cont=0.692	GENOMAD.132491.CP	4.640E-43	160	0
JAJIWC010000051.1_62 # 80383 # 81081 # -1 # ID=47_62;partial=00;start_type=ATG;rbs_motif=3Base/5BMM;rbs_spacer=13-15bp;genetic_code=11;gc_cont=0.612	GENOMAD.132760.CP	4.507E-12	68	0
JAJIWC010000051.1_94 # 120364 # 124110 # -1 # ID=47_94;partial=00;start_type=ATG;rbs_motif=None;rbs_spacer=None;genetic_code=11;gc_cont=0.555	GENOMAD.146580.CP	0.000E+00	1997	0
JAJIWC010000061.1_80 # 87514 # 87684 # -1 # ID=57_80;partial=00;start_type=ATG;rbs_motif=GGA/GAG/AGG;rbs_spacer=11-12bp;genetic_code=11;gc_cont=0.614	GENOMAD.023882.VV	3.472E-25	98	1246
JAJIWC010000064.1_24 # 23784 # 24263 # 1 # ID=60_24;partial=00;start_type=ATG;rbs_motif=None;rbs_spacer=None;genetic_code=11;gc_cont=0.637	GENOMAD.140723.CP	1.946E-20	90	0
JAJIWC010000064.1_120 # 120889 # 121329 # -1 # ID=60_120;partial=00;start_type=ATG;rbs_motif=GGA/GAG/AGG;rbs_spacer=5-10bp;genetic_code=11;gc_cont=0.667	GENOMAD.094199.CP	9.816E-32	122	2773
JAJIWC010000064.1_184 # 194856 # 195662 # -1 # ID=60_184;partial=00;start_type=GTG;rbs_motif=AGGAG;rbs_spacer=5-10bp;genetic_code=11;gc_cont=0.670	GENOMAD.153557.VC	1.074E-05	49	1246
JAJIWC010000077.1_126 # 136990 # 138477 # -1 # ID=74_126;partial=00;start_type=ATG;rbs_motif=None;rbs_spacer=None;genetic_code=11;gc_cont=0.694	GENOMAD.093644.CP	1.564E-17	89	0
JAJIWC010000078.1_20 # 22507 # 23622 # 1 # ID=76_20;partial=00;start_type=ATG;rbs_motif=GGA/GAG/AGG;rbs_spacer=5-10bp;genetic_code=11;gc_cont=0.676	GENOMAD.120637.CP	9.341E-10	63	0
JAJIWC010000078.1_52 # 70732 # 73542 # -1 # ID=76_52;partial=00;start_type=ATG;rbs_motif=None;rbs_spacer=None;genetic_code=11;gc_cont=0.627	GENOMAD.158496.CP	1.094E-54	212	0
JAJIWC010000085.1_6 # 7988 # 8632 # 1 # ID=83_6;partial=00;start_type=GTG;rbs_motif=GGA/GAG/AGG;rbs_spacer=5-10bp;genetic_code=11;gc_cont=0.667	GENOMAD.151287.CP	2.398E-04	44	0
JAJIWC010000007.1_1 # 28 # 498 # -1 # ID=86_1;partial=00;start_type=ATG;rbs_motif=GGAGG;rbs_spacer=5-10bp;genetic_code=11;gc_cont=0.658	GENOMAD.151097.CP	1.429E-12	67	0
JAJIWC010000007.1_33 # 28483 # 30501 # 1 # ID=86_33;partial=00;start_type=GTG;rbs_motif=AGGA;rbs_spacer=5-10bp;genetic_code=11;gc_cont=0.639	GENOMAD.118842.CP	7.849E-90	314	0
JAJIWC010000089.1_8 # 12207 # 13289 # -1 # ID=88_8;partial=00;start_type=ATG;rbs_motif=None;rbs_spacer=None;genetic_code=11;gc_cont=0.671	GENOMAD.099678.CP	4.145E-52	191	0
JAJIWC010000089.1_104 # 126138 # 127901 # -1 # ID=88_104;partial=00;start_type=ATG;rbs_motif=GGAG/GAGG;rbs_spacer=5-10bp;genetic_code=11;gc_cont=0.672	GENOMAD.116686.CP	1.974E-46	181	0
JAJIWC010000091.1_25 # 29089 # 29550 # -1 # ID=90_25;partial=00;start_type=ATG;rbs_motif=GGAG/GAGG;rbs_spacer=5-10bp;genetic_code=11;gc_cont=0.706	GENOMAD.128916.CP	7.863E-46	163	0
JAJIWC010000091.1_57 # 62942 # 63418 # 1 # ID=90_57;partial=00;start_type=ATG;rbs_motif=None;rbs_spacer=None;genetic_code=11;gc_cont=0.618	GENOMAD.115277.CP	8.480E-39	143	0
JAJIWC010000008.1_12 # 16261 # 16692 # 1 # ID=93_12;partial=00;start_type=ATG;rbs_motif=GGA/GAG/AGG;rbs_spacer=5-10bp;genetic_code=11;gc_cont=0.674	GENOMAD.133547.CP	1.233E-77	254	0
JAJIWC010000011.1_20 # 27305 # 27592 # -1 # ID=3_20;partial=00;start_type=ATG;rbs_motif=AGGA;rbs_spacer=5-10bp;genetic_code=11;gc_cont=0.615	GENOMAD.214699.PC	2.914E-53	181	0
JAJIWC010000011.1_148 # 183247 # 183471 # -1 # ID=3_148;partial=00;start_type=GTG;rbs_motif=None;rbs_spacer=None;genetic_code=11;gc_cont=0.529	GENOMAD.171189.CP	2.956E-06	45	0
JAJIWC010000011.1_180 # 221368 # 223998 # 1 # ID=3_180;partial=00;start_type=ATG;rbs_motif=GGA/GAG/AGG;rbs_spacer=5-10bp;genetic_code=11;gc_cont=0.560	GENOMAD.167640.PC	4.122E-72	266	0
JAJIWC010000011.1_244 # 300905 # 301342 # -1 # ID=3_244;partial=00;start_type=GTG;rbs_motif=GGA/GAG/AGG;rbs_spacer=5-10bp;genetic_code=11;gc_cont=0.667	GENOMAD.146194.CP	6.146E-28	111	0
JAJIWC010000011.1_276 # 333581 # 334084 # 1 # ID=3_276;partial=00;start_type=ATG;rbs_motif=GGA/GAG/AGG;rbs_spacer=5-10bp;genetic_code=11;gc_cont=0.673	GENOMAD.159343.CP	6.096E-29	115	0
JAJIWC010000011.1_308 # 371190 # 371567 # -1 # ID=3_308;partial=00;start_type=ATG;rbs_motif=GGA/GAG/AGG;rbs_spacer=5-10bp;genetic_code=11;gc_cont=0.701	GENOMAD.016773.CC	1.695E-16	77	0
JAJIWC010000012.1_17 # 17155 # 19536 # -1 # ID=4_17;partial=00;start_type=ATG;rbs_motif=GGA/GAG/AGG;rbs_spacer=11-12bp;genetic_code=11;gc_cont=0.687	GENOMAD.115145.CP	1.010E-264	830	0
JAJIWC010000012.1_49 # 52592 # 53206 # 1 # ID=4_49;partial=00;start_type=ATG;rbs_motif=GGA/GAG/AGG;rbs_spacer=5-10bp;genetic_code=11;gc_cont=0.649	GENOMAD.120745.CP	4.164E-19	88	0
JAJIWC010000012.1_81 # 88639 # 89025 # 1 # ID=4_81;partial=00;start_type=ATG;rbs_motif=GGAGG;rbs_spacer=5-10bp;genetic_code=11;gc_cont=0.625	GENOMAD.154511.CP	1.644E-26	106	0
JAJIWC010000014.1_46 # 62427 # 63362 # -1 # ID=6_46;partial=00;start_type=ATG;rbs_motif=GGA/GAG/AGG;rbs_spacer=5-10bp;genetic_code=11;gc_cont=0.605	GENOMAD.182403.PC	3.070E-05	48	0
JAJIWC010000019.1_14 # 14980 # 16383 # -1 # ID=12_14;partial=00;start_type=ATG;rbs_motif=None;rbs_spacer=None;genetic_code=11;gc_cont=0.692	GENOMAD.170187.PC	8.902E-87	297	0
JAJIWC010000023.1_7 # 8778 # 9206 # 1 # ID=16_7;partial=00;start_type=ATG;rbs_motif=GGA/GAG/AGG;rbs_spacer=5-10bp;genetic_code=11;gc_cont=0.592	GENOMAD.169725.CP	6.792E-04	41	0
JAJIWC010000026.1_43 # 55472 # 56680 # 1 # ID=19_43;partial=00;start_type=ATG;rbs_motif=GGAG/GAGG;rbs_spacer=5-10bp;genetic_code=11;gc_cont=0.716	GENOMAD.207198.PC	3.646E-47	178	0
JAJIWC010000029.1_5 # 8819 # 10735 # -1 # ID=23_5;partial=00;start_type=ATG;rbs_motif=GGAG/GAGG;rbs_spacer=5-10bp;genetic_code=11;gc_cont=0.667	GENOMAD.145791.CP	6.472E-137	451	0
JAJIWC010000029.1_69 # 76602 # 77606 # -1 # ID=23_69;partial=00;start_type=ATG;rbs_motif=GGAG/GAGG;rbs_spacer=5-10bp;genetic_code=11;gc_cont=0.678	GENOMAD.133049.CP	1.011E-61	218	0
JAJIWC010000029.1_101 # 107929 # 108636 # 1 # ID=23_101;partial=00;start_type=ATG;rbs_motif=GGAGG;rbs_spacer=3-4bp;genetic_code=11;gc_cont=0.667	GENOMAD.147903.CP	1.267E-122	389	0
JAJIWC010000036.1_72 # 106247 # 106795 # -1 # ID=30_72;partial=00;start_type=ATG;rbs_motif=None;rbs_spacer=None;genetic_code=11;gc_cont=0.632	GENOMAD.181624.CP	4.970E-73	243	0
JAJIWC010000003.1_24 # 31173 # 32498 # -1 # ID=33_24;partial=00;start_type=ATG;rbs_motif=GGA/GAG/AGG;rbs_spacer=5-10bp;genetic_code=11;gc_cont=0.656	GENOMAD.152654.CP	1.143E-08	60	0
JAJIWC010000041.1_46 # 49103 # 49645 # 1 # ID=36_46;partial=00;start_type=ATG;rbs_motif=GGxGG;rbs_spacer=3-4bp;genetic_code=11;gc_cont=0.661	GENOMAD.142094.CP	6.730E-10	60	0
JAJIWC010000041.1_78 # 87905 # 88375 # 1 # ID=36_78;partial=00;start_type=GTG;rbs_motif=GGA/GAG/AGG;rbs_spacer=5-10bp;genetic_code=11;gc_cont=0.669	GENOMAD.207570.CP	1.046E-26	108	0
JAJIWC010000041.1_110 # 110076 # 110726 # -1 # ID=36_110;partial=00;start_type=ATG;rbs_motif=GGAG/GAGG;rbs_spacer=5-10bp;genetic_code=11;gc_cont=0.631	GENOMAD.057410.CP	8.978E-26	108	0
JAJIWC010000043.1_10 # 10711 # 11700 # 1 # ID=38_10;partial=00;start_type=GTG;rbs_motif=None;rbs_spacer=None;genetic_code=11;gc_cont=0.618	GENOMAD.189522.PC	1.733E-174	544	0
JAJIWC010000004.1_49 # 79431 # 79841 # -1 # ID=44_49;partial=00;start_type=ATG;rbs_motif=GGA/GAG/AGG;rbs_spacer=11-12bp;genetic_code=11;gc_cont=0.657	GENOMAD.190879.PC	1.857E-53	184	0
JAJIWC010000004.1_81 # 115429 # 117288 # -1 # ID=44_81;partial=00;start_type=GTG;rbs_motif=None;rbs_spacer=None;genetic_code=11;gc_cont=0.675	GENOMAD.044132.CC	1.061E-280	867	0
JAJIWC010000004.1_113 # 155009 # 155353 # 1 # ID=44_113;partial=00;start_type=ATG;rbs_motif=GGAGG;rbs_spacer=5-10bp;genetic_code=11;gc_cont=0.620	GENOMAD.219228.VC	7.097E-04	40	0
JAJIWC010000050.1_14 # 8138 # 8848 # -1 # ID=46_14;partial=00;start_type=ATG;rbs_motif=GGA/GAG/AGG;rbs_spacer=5-10bp;genetic_code=11;gc_cont=0.612	GENOMAD.123484.PC	9.173E-36	138	0
JAJIWC010000051.1_136 # 168001 # 168873 # -1 # ID=47_136;partial=00;start_type=ATG;rbs_motif=AGGAG;rbs_spacer=5-10bp;genetic_code=11;gc_cont=0.666	GENOMAD.183758.CP	4.416E-91	301	0
JAJIWC010000061.1_90 # 96359 # 96625 # -1 # ID=57_90;partial=00;start_type=ATG;rbs_motif=GGAG/GAGG;rbs_spacer=5-10bp;genetic_code=11;gc_cont=0.659	GENOMAD.215298.VP	2.950E-04	40	0
JAJIWC010000061.1_122 # 129921 # 130298 # -1 # ID=57_122;partial=00;start_type=ATG;rbs_motif=GGA/GAG/AGG;rbs_spacer=5-10bp;genetic_code=11;gc_cont=0.526	GENOMAD.003954.CC	1.690E-65	218	0
JAJIWC010000064.1_34 # 31400 # 32161 # -1 # ID=60_34;partial=00;start_type=ATG;rbs_motif=AGGAG;rbs_spacer=5-10bp;genetic_code=11;gc_cont=0.615	GENOMAD.129876.CP	3.172E-37	143	0
JAJIWC010000064.1_130 # 131824 # 133134 # -1 # ID=60_130;partial=00;start_type=ATG;rbs_motif=None;rbs_spacer=None;genetic_code=11;gc_cont=0.693	GENOMAD.052197.CP	2.456E-63	227	1246
JAJIWC010000064.1_194 # 206515 # 206871 # -1 # ID=60_194;partial=00;start_type=ATG;rbs_motif=None;rbs_spacer=None;genetic_code=11;gc_cont=0.616	GENOMAD.124431.CP	1.753E-21	91	0
JAJIWC010000065.1_13 # 10451 # 11512 # 1 # ID=61_13;partial=00;start_type=ATG;rbs_motif=GGA/GAG/AGG;rbs_spacer=5-10bp;genetic_code=11;gc_cont=0.580	GENOMAD.105811.PC	1.363E-34	139	0
JAJIWC010000037.1_11 # 10343 # 11761 # 1 # ID=31_11;partial=00;start_type=ATG;rbs_motif=GGAG/GAGG;rbs_spacer=5-10bp;genetic_code=11;gc_cont=0.668	GENOMAD.138367.CP	1.283E-67	241	0
JAJIWC010000038.1_18 # 16330 # 17133 # -1 # ID=32_18;partial=00;start_type=ATG;rbs_motif=AGGAG;rbs_spacer=5-10bp;genetic_code=11;gc_cont=0.632	GENOMAD.210458.CP	2.366E-96	315	0
JAJIWC010000039.1_1 # 271 # 1392 # 1 # ID=34_1;partial=00;start_type=ATG;rbs_motif=AGGAG;rbs_spacer=5-10bp;genetic_code=11;gc_cont=0.569	GENOMAD.049926.PP	2.582E-11	68	0
JAJIWC010000041.1_33 # 32132 # 32758 # -1 # ID=36_33;partial=00;start_type=ATG;rbs_motif=GGA/GAG/AGG;rbs_spacer=5-10bp;genetic_code=11;gc_cont=0.627	GENOMAD.092312.VV	1.055E-04	45	1246
JAJIWC010000041.1_97 # 104469 # 104774 # -1 # ID=36_97;partial=00;start_type=ATG;rbs_motif=GGAG/GAGG;rbs_spacer=5-10bp;genetic_code=11;gc_cont=0.595	GENOMAD.119080.CP	5.130E-19	83	0
JAJIWC010000051.1_123 # 155440 # 156531 # -1 # ID=47_123;partial=00;start_type=ATG;rbs_motif=GGxGG;rbs_spacer=5-10bp;genetic_code=11;gc_cont=0.598	GENOMAD.116611.CP	1.108E-63	225	0
JAJIWC010000060.1_9 # 13622 # 14521 # 1 # ID=56_9;partial=00;start_type=ATG;rbs_motif=GGA/GAG/AGG;rbs_spacer=11-12bp;genetic_code=11;gc_cont=0.652	GENOMAD.180288.CP	1.096E-64	225	0
JAJIWC010000060.1_73 # 97146 # 97880 # -1 # ID=56_73;partial=00;start_type=ATG;rbs_motif=None;rbs_spacer=None;genetic_code=11;gc_cont=0.686	GENOMAD.136266.CP	1.140E-21	97	0
JAJIWC010000061.1_13 # 17314 # 17838 # 1 # ID=57_13;partial=00;start_type=ATG;rbs_motif=AGGA;rbs_spacer=5-10bp;genetic_code=11;gc_cont=0.638	GENOMAD.171641.PC	1.258E-92	299	0
JAJIWC010000061.1_45 # 53091 # 54467 # -1 # ID=57_45;partial=00;start_type=ATG;rbs_motif=None;rbs_spacer=None;genetic_code=11;gc_cont=0.664	GENOMAD.050158.CC	2.489E-08	59	0
JAJIWC010000064.1_21 # 20440 # 21015 # 1 # ID=60_21;partial=00;start_type=ATG;rbs_motif=GGAGG;rbs_spacer=5-10bp;genetic_code=11;gc_cont=0.667	GENOMAD.213575.CP	4.769E-23	99	0
JAJIWC010000074.1_3 # 2446 # 2877 # -1 # ID=71_3;partial=00;start_type=GTG;rbs_motif=None;rbs_spacer=None;genetic_code=11;gc_cont=0.674	GENOMAD.022927.CC	2.987E-06	48	0
JAJIWC010000076.1_47 # 53443 # 54399 # -1 # ID=73_47;partial=00;start_type=ATG;rbs_motif=GGA/GAG/AGG;rbs_spacer=5-10bp;genetic_code=11;gc_cont=0.690	GENOMAD.183688.PC	2.312E-37	146	0
JAJIWC010000077.1_91 # 97390 # 98244 # 1 # ID=74_91;partial=00;start_type=TTG;rbs_motif=GGAG/GAGG;rbs_spacer=5-10bp;genetic_code=11;gc_cont=0.478	GENOMAD.191510.PC	3.456E-100	327	0
JAJIWC010000077.1_187 # 210093 # 211337 # 1 # ID=74_187;partial=00;start_type=ATG;rbs_motif=None;rbs_spacer=None;genetic_code=11;gc_cont=0.633	GENOMAD.167755.CP	2.622E-89	302	0
JAJIWC010000078.1_49 # 68811 # 69341 # -1 # ID=76_49;partial=00;start_type=ATG;rbs_motif=AGGA/GGAG/GAGG;rbs_spacer=11-12bp;genetic_code=11;gc_cont=0.653	GENOMAD.190426.CP	2.990E-06	49	0
JAJIWC010000078.1_81 # 109642 # 110256 # 1 # ID=76_81;partial=00;start_type=ATG;rbs_motif=GGAG/GAGG;rbs_spacer=5-10bp;genetic_code=11;gc_cont=0.688	GENOMAD.003398.CC	9.561E-18	84	0
JAJIWC010000078.1_113 # 145580 # 145804 # 1 # ID=76_113;partial=00;start_type=ATG;rbs_motif=GGA/GAG/AGG;rbs_spacer=5-10bp;genetic_code=11;gc_cont=0.582	GENOMAD.206422.CP	5.925E-36	130	0
JAJIWC010000082.1_14 # 7729 # 8121 # 1 # ID=80_14;partial=00;start_type=ATG;rbs_motif=GGAGG;rbs_spacer=3-4bp;genetic_code=11;gc_cont=0.583	GENOMAD.141606.VV	9.358E-50	173	16538
JAJIWC010000085.1_3 # 2691 # 5144 # 1 # ID=83_3;partial=00;start_type=ATG;rbs_motif=None;rbs_spacer=None;genetic_code=11;gc_cont=0.678	GENOMAD.003280.CC	0.000E+00	1211	0
JAJIWC010000091.1_54 # 61231 # 61452 # 1 # ID=90_54;partial=00;start_type=ATG;rbs_motif=None;rbs_spacer=None;genetic_code=11;gc_cont=0.662	GENOMAD.004052.CC	1.410E-19	83	0
JAJIWC010000010.1_3 # 1883 # 2833 # -1 # ID=2_3;partial=00;start_type=ATG;rbs_motif=GGA/GAG/AGG;rbs_spacer=5-10bp;genetic_code=11;gc_cont=0.685	GENOMAD.129199.CP	4.188E-40	154	0
JAJIWC010000011.1_8 # 6965 # 7063 # 1 # ID=3_8;partial=00;start_type=ATG;rbs_motif=GGAG/GAGG;rbs_spacer=5-10bp;genetic_code=11;gc_cont=0.525	GENOMAD.189581.CP	1.041E-04	38	0
JAJIWC010000011.1_104 # 129300 # 130085 # -1 # ID=3_104;partial=00;start_type=ATG;rbs_motif=GGAG/GAGG;rbs_spacer=5-10bp;genetic_code=11;gc_cont=0.645	GENOMAD.216450.PC	1.059E-154	483	0
JAJIWC010000011.1_136 # 166895 # 167713 # 1 # ID=3_136;partial=00;start_type=ATG;rbs_motif=GGA/GAG/AGG;rbs_spacer=5-10bp;genetic_code=11;gc_cont=0.678	GENOMAD.192568.CP	3.189E-104	338	0
JAJIWC010000011.1_168 # 201655 # 202758 # 1 # ID=3_168;partial=00;start_type=ATG;rbs_motif=None;rbs_spacer=None;genetic_code=11;gc_cont=0.682	GENOMAD.151958.CP	2.411E-06	52	0
JAJIWC010000011.1_200 # 247432 # 249015 # 1 # ID=3_200;partial=00;start_type=ATG;rbs_motif=AGGAG;rbs_spacer=5-10bp;genetic_code=11;gc_cont=0.667	GENOMAD.151274.CP	3.000E-04	46	1246
JAJIWC010000011.1_232 # 286384 # 288456 # 1 # ID=3_232;partial=00;start_type=ATG;rbs_motif=GGA/GAG/AGG;rbs_spacer=11-12bp;genetic_code=11;gc_cont=0.709	GENOMAD.121720.CP	2.858E-09	63	0
JAJIWC010000011.1_296 # 360097 # 361707 # -1 # ID=3_296;partial=00;start_type=ATG;rbs_motif=GGAG/GAGG;rbs_spacer=5-10bp;genetic_code=11;gc_cont=0.655	GENOMAD.114541.CP	1.882E-60	222	0
JAJIWC010000075.1_4 # 4489 # 5565 # 1 # ID=72_4;partial=00;start_type=ATG;rbs_motif=None;rbs_spacer=None;genetic_code=11;gc_cont=0.659	GENOMAD.082750.CP	1.663E-04	46	0
JAJIWC010000077.1_46 # 47996 # 48691 # 1 # ID=74_46;partial=00;start_type=ATG;rbs_motif=GGAGG;rbs_spacer=5-10bp;genetic_code=11;gc_cont=0.672	GENOMAD.137442.CP	1.366E-26	111	0
JAJIWC010000077.1_78 # 83868 # 85118 # 1 # ID=74_78;partial=00;start_type=GTG;rbs_motif=None;rbs_spacer=None;genetic_code=11;gc_cont=0.687	GENOMAD.140488.CP	3.583E-07	55	0
JAJIWC010000077.1_142 # 156513 # 157022 # -1 # ID=74_142;partial=00;start_type=ATG;rbs_motif=GGA/GAG/AGG;rbs_spacer=5-10bp;genetic_code=11;gc_cont=0.635	GENOMAD.119444.CP	1.670E-16	79	0
JAJIWC010000007.1_113 # 132423 # 133370 # -1 # ID=86_113;partial=00;start_type=ATG;rbs_motif=GGAG/GAGG;rbs_spacer=5-10bp;genetic_code=11;gc_cont=0.648	GENOMAD.216117.PC	1.400E-10	65	0
JAJIWC010000089.1_56 # 74614 # 75747 # 1 # ID=88_56;partial=00;start_type=ATG;rbs_motif=GGA/GAG/AGG;rbs_spacer=5-10bp;genetic_code=11;gc_cont=0.629	GENOMAD.005978.CC	6.086E-07	54	1246
JAJIWC010000091.1_41 # 48667 # 48966 # -1 # ID=90_41;partial=00;start_type=ATG;rbs_motif=GGAG/GAGG;rbs_spacer=5-10bp;genetic_code=11;gc_cont=0.637	GENOMAD.093361.CV	3.280E-07	49	0
JAJIWC010000091.1_73 # 83304 # 83921 # 1 # ID=90_73;partial=00;start_type=ATG;rbs_motif=GGA/GAG/AGG;rbs_spacer=5-10bp;genetic_code=11;gc_cont=0.673	GENOMAD.146405.CP	2.342E-39	147	0
JAJIWC010000092.1_51 # 58999 # 60381 # -1 # ID=91_51;partial=00;start_type=GTG;rbs_motif=None;rbs_spacer=None;genetic_code=11;gc_cont=0.696	GENOMAD.123577.CP	4.982E-12	71	0
JAJIWC010000008.1_28 # 29148 # 30419 # -1 # ID=93_28;partial=00;start_type=ATG;rbs_motif=GGAG/GAGG;rbs_spacer=5-10bp;genetic_code=11;gc_cont=0.702	GENOMAD.176778.PC	3.083E-44	170	0
JAJIWC010000010.1_22 # 30356 # 32191 # -1 # ID=2_22;partial=00;start_type=ATG;rbs_motif=GGA/GAG/AGG;rbs_spacer=5-10bp;genetic_code=11;gc_cont=0.657	GENOMAD.208849.PC	6.595E-07	55	0
JAJIWC010000010.1_54 # 78219 # 80204 # -1 # ID=2_54;partial=00;start_type=GTG;rbs_motif=None;rbs_spacer=None;genetic_code=11;gc_cont=0.654	GENOMAD.121392.CP	2.385E-113	383	0
JAJIWC010000010.1_86 # 121550 # 123559 # 1 # ID=2_86;partial=00;start_type=ATG;rbs_motif=AGGA;rbs_spacer=5-10bp;genetic_code=11;gc_cont=0.642	GENOMAD.000471.CC	1.533E-90	316	0
JAJIWC010000010.1_118 # 160298 # 160873 # -1 # ID=2_118;partial=00;start_type=ATG;rbs_motif=GGA/GAG/AGG;rbs_spacer=5-10bp;genetic_code=11;gc_cont=0.663	GENOMAD.002742.CC	3.498E-98	316	0
JAJIWC010000011.1_27 # 32220 # 32705 # -1 # ID=3_27;partial=00;start_type=ATG;rbs_motif=GGA/GAG/AGG;rbs_spacer=5-10bp;genetic_code=11;gc_cont=0.578	GENOMAD.192563.CP	3.665E-12	66	0
JAJIWC010000012.1_88 # 96186 # 98735 # 1 # ID=4_88;partial=00;start_type=ATG;rbs_motif=GGA/GAG/AGG;rbs_spacer=5-10bp;genetic_code=11;gc_cont=0.687	GENOMAD.228084.CP	2.585E-21	103	0
JAJIWC010000017.1_25 # 24425 # 25723 # -1 # ID=9_25;partial=00;start_type=ATG;rbs_motif=None;rbs_spacer=None;genetic_code=11;gc_cont=0.671	GENOMAD.079440.CP	1.358E-85	292	0
JAJIWC010000019.1_21 # 23072 # 23239 # -1 # ID=12_21;partial=00;start_type=ATG;rbs_motif=AGGAG;rbs_spacer=5-10bp;genetic_code=11;gc_cont=0.506	GENOMAD.118800.CV	1.384E-05	42	0
JAJIWC010000019.1_53 # 59983 # 60732 # 1 # ID=12_53;partial=00;start_type=ATG;rbs_motif=GGA/GAG/AGG;rbs_spacer=11-12bp;genetic_code=11;gc_cont=0.685	GENOMAD.124271.CP	3.042E-17	84	0
JAJIWC010000023.1_14 # 17298 # 17642 # 1 # ID=16_14;partial=00;start_type=ATG;rbs_motif=AGGAG;rbs_spacer=5-10bp;genetic_code=11;gc_cont=0.632	GENOMAD.138269.PC	2.953E-14	70	0
JAJIWC010000026.1_18 # 22534 # 23586 # -1 # ID=19_18;partial=00;start_type=ATG;rbs_motif=AGGA/GGAG/GAGG;rbs_spacer=11-12bp;genetic_code=11;gc_cont=0.702	GENOMAD.137637.CP	4.501E-06	51	0
JAJIWC010000002.1_61 # 76840 # 77037 # -1 # ID=22_61;partial=00;start_type=GTG;rbs_motif=GGA/GAG/AGG;rbs_spacer=11-12bp;genetic_code=11;gc_cont=0.687	GENOMAD.170701.CP	4.419E-06	44	0
JAJIWC010000029.1_108 # 118617 # 120728 # 1 # ID=23_108;partial=00;start_type=ATG;rbs_motif=None;rbs_spacer=None;genetic_code=11;gc_cont=0.634	GENOMAD.151917.PC	1.616E-06	54	0
JAJIWC010000031.1_29 # 31081 # 33126 # -1 # ID=25_29;partial=00;start_type=ATG;rbs_motif=None;rbs_spacer=None;genetic_code=11;gc_cont=0.640	GENOMAD.127342.CP	6.540E-17	88	0
JAJIWC010000031.1_61 # 70454 # 71935 # 1 # ID=25_61;partial=00;start_type=ATG;rbs_motif=None;rbs_spacer=None;genetic_code=11;gc_cont=0.651	GENOMAD.128920.CP	6.696E-138	447	0
JAJIWC010000036.1_207 # 251660 # 253078 # -1 # ID=30_207;partial=00;start_type=ATG;rbs_motif=GGAG/GAGG;rbs_spacer=5-10bp;genetic_code=11;gc_cont=0.653	GENOMAD.141512.CP	1.361E-17	89	0
JAJIWC010000038.1_6 # 4035 # 5135 # 1 # ID=32_6;partial=00;start_type=ATG;rbs_motif=GGA/GAG/AGG;rbs_spacer=5-10bp;genetic_code=11;gc_cont=0.686	GENOMAD.121921.CP	8.444E-175	547	0
JAJIWC010000003.1_31 # 42117 # 42767 # 1 # ID=33_31;partial=00;start_type=ATG;rbs_motif=None;rbs_spacer=None;genetic_code=11;gc_cont=0.653	GENOMAD.190945.CP	2.646E-05	47	0
JAJIWC010000039.1_21 # 29367 # 30683 # -1 # ID=34_21;partial=00;start_type=ATG;rbs_motif=GGAG/GAGG;rbs_spacer=5-10bp;genetic_code=11;gc_cont=0.712	GENOMAD.167543.PC	1.674E-31	132	0
JAJIWC010000041.1_21 # 15951 # 17891 # 1 # ID=36_21;partial=00;start_type=GTG;rbs_motif=GGAG/GAGG;rbs_spacer=5-10bp;genetic_code=11;gc_cont=0.554	GENOMAD.002761.PP	1.892E-11	70	0
JAJIWC010000041.1_53 # 56942 # 58009 # -1 # ID=36_53;partial=00;start_type=GTG;rbs_motif=None;rbs_spacer=None;genetic_code=11;gc_cont=0.707	GENOMAD.001067.CC	1.106E-06	53	0
JAJIWC010000041.1_94 # 102871 # 103230 # -1 # ID=36_94;partial=00;start_type=ATG;rbs_motif=AGGA;rbs_spacer=5-10bp;genetic_code=11;gc_cont=0.636	GENOMAD.076560.CV	3.366E-31	119	0
JAJIWC010000043.1_26 # 29148 # 29711 # 1 # ID=38_26;partial=00;start_type=ATG;rbs_motif=GGAG/GAGG;rbs_spacer=5-10bp;genetic_code=11;gc_cont=0.676	GENOMAD.170300.PC	1.154E-39	147	0
JAJIWC010000047.1_35 # 35381 # 37645 # 1 # ID=42_35;partial=00;start_type=GTG;rbs_motif=GGAG/GAGG;rbs_spacer=5-10bp;genetic_code=11;gc_cont=0.690	GENOMAD.132867.CP	1.449E-05	51	0
JAJIWC010000004.1_1 # 518 # 2218 # 1 # ID=44_1;partial=00;start_type=ATG;rbs_motif=GGAGG;rbs_spacer=5-10bp;genetic_code=11;gc_cont=0.708	GENOMAD.091825.CP	3.685E-54	204	0
JAJIWC010000004.1_33 # 48341 # 50572 # 1 # ID=44_33;partial=00;start_type=ATG;rbs_motif=GGA/GAG/AGG;rbs_spacer=5-10bp;genetic_code=11;gc_cont=0.642	GENOMAD.146534.CP	9.480E-04	45	0
JAJIWC010000049.1_8 # 7963 # 8892 # -1 # ID=45_8;partial=00;start_type=ATG;rbs_motif=None;rbs_spacer=None;genetic_code=11;gc_cont=0.598	GENOMAD.147741.CP	1.700E-38	149	0
JAJIWC010000051.1_24 # 39652 # 40965 # -1 # ID=47_24;partial=00;start_type=ATG;rbs_motif=GGA/GAG/AGG;rbs_spacer=5-10bp;genetic_code=11;gc_cont=0.707	GENOMAD.133542.CP	2.022E-42	165	0
JAJIWC010000051.1_120 # 153979 # 154284 # -1 # ID=47_120;partial=00;start_type=TTG;rbs_motif=AGGAG;rbs_spacer=5-10bp;genetic_code=11;gc_cont=0.572	GENOMAD.116508.CP	1.734E-14	70	0
JAJIWC010000053.1_8 # 8408 # 9268 # -1 # ID=49_8;partial=00;start_type=ATG;rbs_motif=GGA/GAG/AGG;rbs_spacer=11-12bp;genetic_code=11;gc_cont=0.707	GENOMAD.000115.CC	9.319E-10	62	0
JAJIWC010000061.1_74 # 80770 # 83334 # 1 # ID=57_74;partial=00;start_type=ATG;rbs_motif=None;rbs_spacer=None;genetic_code=11;gc_cont=0.686	GENOMAD.169137.CP	6.223E-108	374	0
JAJIWC010000061.1_138 # 151979 # 154543 # 1 # ID=57_138;partial=00;start_type=ATG;rbs_motif=AGGA;rbs_spacer=5-10bp;genetic_code=11;gc_cont=0.659	GENOMAD.146053.CP	1.380E-04	48	0
JAJIWC010000064.1_82 # 83512 # 86202 # 1 # ID=60_82;partial=00;start_type=TTG;rbs_motif=GGA/GAG/AGG;rbs_spacer=5-10bp;genetic_code=11;gc_cont=0.666	GENOMAD.207668.CP	4.329E-158	524	0
JAJIWC010000064.1_146 # 150335 # 151501 # 1 # ID=60_146;partial=00;start_type=ATG;rbs_motif=GGA/GAG/AGG;rbs_spacer=5-10bp;genetic_code=11;gc_cont=0.653	GENOMAD.124282.CP	6.320E-96	320	0
JAJIWC010000066.1_33 # 38332 # 39549 # -1 # ID=62_33;partial=00;start_type=ATG;rbs_motif=None;rbs_spacer=None;genetic_code=11;gc_cont=0.644	GENOMAD.117243.CP	2.029E-42	164	0
JAJIWC010000070.1_21 # 26518 # 27060 # -1 # ID=67_21;partial=00;start_type=ATG;rbs_motif=AGGA;rbs_spacer=5-10bp;genetic_code=11;gc_cont=0.657	GENOMAD.140339.CP	1.175E-26	109	0
JAJIWC010000070.1_53 # 66214 # 67677 # -1 # ID=67_53;partial=00;start_type=ATG;rbs_motif=None;rbs_spacer=None;genetic_code=11;gc_cont=0.715	GENOMAD.132304.CP	3.522E-31	132	0
JAJIWC010000073.1_2 # 1074 # 2123 # -1 # ID=70_2;partial=01;start_type=Edge;rbs_motif=None;rbs_spacer=None;genetic_code=11;gc_cont=0.637	GENOMAD.103404.PP	1.233E-34	139	0
JAJIWC010000075.1_14 # 14088 # 16043 # -1 # ID=72_14;partial=00;start_type=ATG;rbs_motif=GGAG/GAGG;rbs_spacer=5-10bp;genetic_code=11;gc_cont=0.665	GENOMAD.176626.CP	1.862E-194	619	0
JAJIWC010000076.1_12 # 11744 # 12631 # 1 # ID=73_12;partial=00;start_type=ATG;rbs_motif=GGAGG;rbs_spacer=3-4bp;genetic_code=11;gc_cont=0.632	GENOMAD.206427.PC	6.490E-06	50	0
JAJIWC010000076.1_44 # 50320 # 50907 # 1 # ID=73_44;partial=00;start_type=ATG;rbs_motif=GGA/GAG/AGG;rbs_spacer=5-10bp;genetic_code=11;gc_cont=0.662	GENOMAD.161922.PC	4.154E-13	70	0
JAJIWC010000077.1_88 # 93996 # 94877 # -1 # ID=74_88;partial=00;start_type=ATG;rbs_motif=GGAG/GAGG;rbs_spacer=5-10bp;genetic_code=11;gc_cont=0.653	GENOMAD.154597.PC	1.098E-61	216	0
JAJIWC010000077.1_120 # 130004 # 130579 # 1 # ID=74_120;partial=00;start_type=ATG;rbs_motif=None;rbs_spacer=None;genetic_code=11;gc_cont=0.635	GENOMAD.123535.CP	8.741E-10	60	0
JAJIWC010000078.1_14 # 13629 # 14099 # -1 # ID=76_14;partial=00;start_type=ATG;rbs_motif=None;rbs_spacer=None;genetic_code=11;gc_cont=0.618	GENOMAD.194577.PC	2.279E-77	254	0
JAJIWC010000089.1_2 # 3253 # 7299 # -1 # ID=88_2;partial=00;start_type=ATG;rbs_motif=None;rbs_spacer=None;genetic_code=11;gc_cont=0.687	GENOMAD.121610.CV	1.764E-71	269	1246
JAJIWC010000091.1_19 # 17311 # 19494 # -1 # ID=90_19;partial=00;start_type=ATG;rbs_motif=GGAG/GAGG;rbs_spacer=5-10bp;genetic_code=11;gc_cont=0.628	GENOMAD.130354.CP	7.365E-116	393	0
JAJIWC010000008.1_38 # 40793 # 41170 # 1 # ID=93_38;partial=00;start_type=TTG;rbs_motif=GGA/GAG/AGG;rbs_spacer=5-10bp;genetic_code=11;gc_cont=0.688	GENOMAD.161288.VC	9.183E-05	43	1246
JAJIWC010000011.1_165 # 198751 # 200265 # -1 # ID=3_165;partial=00;start_type=ATG;rbs_motif=AGGAG;rbs_spacer=5-10bp;genetic_code=11;gc_cont=0.659	GENOMAD.148022.CP	1.604E-28	124	0
JAJIWC010000011.1_229 # 284128 # 284931 # 1 # ID=3_229;partial=00;start_type=ATG;rbs_motif=None;rbs_spacer=None;genetic_code=11;gc_cont=0.675	GENOMAD.120720.CV	4.280E-23	102	0
JAJIWC010000011.1_261 # 318396 # 319013 # 1 # ID=3_261;partial=00;start_type=ATG;rbs_motif=GGAG/GAGG;rbs_spacer=5-10bp;genetic_code=11;gc_cont=0.663	GENOMAD.193021.PC	4.290E-19	88	0
JAJIWC010000011.1_293 # 354255 # 355415 # 1 # ID=3_293;partial=00;start_type=ATG;rbs_motif=GGAG/GAGG;rbs_spacer=5-10bp;genetic_code=11;gc_cont=0.584	GENOMAD.153667.CP	1.885E-04	46	0
JAJIWC010000012.1_2 # 465 # 803 # -1 # ID=4_2;partial=00;start_type=ATG;rbs_motif=GGA/GAG/AGG;rbs_spacer=5-10bp;genetic_code=11;gc_cont=0.649	GENOMAD.195024.PC	6.682E-04	40	0
JAJIWC010000012.1_34 # 38511 # 40139 # 1 # ID=4_34;partial=00;start_type=ATG;rbs_motif=GGAG/GAGG;rbs_spacer=5-10bp;genetic_code=11;gc_cont=0.669	GENOMAD.140488.CP	1.409E-15	83	0
JAJIWC010000036.1_129 # 166990 # 168642 # 1 # ID=30_129;partial=00;start_type=ATG;rbs_motif=None;rbs_spacer=None;genetic_code=11;gc_cont=0.667	GENOMAD.140543.CP	1.143E-06	54	0
JAJIWC010000038.1_24 # 22646 # 22975 # -1 # ID=32_24;partial=00;start_type=GTG;rbs_motif=GGxGG;rbs_spacer=5-10bp;genetic_code=11;gc_cont=0.636	GENOMAD.143067.CP	1.607E-10	59	0
JAJIWC010000038.1_56 # 53155 # 53877 # 1 # ID=32_56;partial=00;start_type=ATG;rbs_motif=None;rbs_spacer=None;genetic_code=11;gc_cont=0.674	GENOMAD.137948.CP	6.158E-90	295	0
JAJIWC010000047.1_44 # 44636 # 45352 # -1 # ID=42_44;partial=00;start_type=ATG;rbs_motif=None;rbs_spacer=None;genetic_code=11;gc_cont=0.665	GENOMAD.154355.CP	2.575E-133	420	0
JAJIWC010000004.1_42 # 67827 # 70208 # 1 # ID=44_42;partial=00;start_type=ATG;rbs_motif=GGA/GAG/AGG;rbs_spacer=5-10bp;genetic_code=11;gc_cont=0.632	GENOMAD.146534.CP	6.259E-05	49	0
JAJIWC010000004.1_74 # 110698 # 110988 # -1 # ID=44_74;partial=00;start_type=ATG;rbs_motif=None;rbs_spacer=None;genetic_code=11;gc_cont=0.636	GENOMAD.194235.PC	6.977E-14	68	0
JAJIWC010000004.1_106 # 142275 # 142589 # 1 # ID=44_106;partial=00;start_type=ATG;rbs_motif=GGAG/GAGG;rbs_spacer=5-10bp;genetic_code=11;gc_cont=0.629	GENOMAD.210365.PC	5.370E-12	63	0
JAJIWC010000051.1_65 # 82348 # 84726 # -1 # ID=47_65;partial=00;start_type=ATG;rbs_motif=None;rbs_spacer=None;genetic_code=11;gc_cont=0.667	GENOMAD.090179.CV	1.041E-59	226	1246
JAJIWC010000051.1_97 # 125814 # 126293 # -1 # ID=47_97;partial=00;start_type=ATG;rbs_motif=GGAG/GAGG;rbs_spacer=5-10bp;genetic_code=11;gc_cont=0.525	GENOMAD.136455.CP	5.031E-18	83	0
JAJIWC010000056.1_46 # 51238 # 52140 # 1 # ID=52_46;partial=00;start_type=ATG;rbs_motif=None;rbs_spacer=None;genetic_code=11;gc_cont=0.650	GENOMAD.029943.CC	2.003E-21	98	0
JAJIWC010000056.1_110 # 119374 # 119823 # 1 # ID=52_110;partial=00;start_type=ATG;rbs_motif=GGAG/GAGG;rbs_spacer=5-10bp;genetic_code=11;gc_cont=0.631	GENOMAD.080915.CV	6.064E-21	91	0
JAJIWC010000060.1_15 # 19579 # 20505 # 1 # ID=56_15;partial=00;start_type=ATG;rbs_motif=None;rbs_spacer=None;genetic_code=11;gc_cont=0.665	GENOMAD.142642.CP	1.306E-86	289	0
JAJIWC010000060.1_79 # 102564 # 103478 # -1 # ID=56_79;partial=00;start_type=ATG;rbs_motif=GGA/GAG/AGG;rbs_spacer=5-10bp;genetic_code=11;gc_cont=0.702	GENOMAD.134127.CP	1.611E-91	303	0
JAJIWC010000064.1_187 # 198801 # 199577 # 1 # ID=60_187;partial=00;start_type=ATG;rbs_motif=GGAG/GAGG;rbs_spacer=5-10bp;genetic_code=11;gc_cont=0.665	GENOMAD.169591.CP	2.180E-45	167	0
JAJIWC010000067.1_6 # 3807 # 6125 # -1 # ID=63_6;partial=00;start_type=ATG;rbs_motif=AGGA/GGAG/GAGG;rbs_spacer=11-12bp;genetic_code=11;gc_cont=0.709	GENOMAD.153218.CP	6.875E-31	134	0
JAJIWC010000070.1_30 # 35502 # 36593 # 1 # ID=67_30;partial=00;start_type=ATG;rbs_motif=GGA/GAG/AGG;rbs_spacer=5-10bp;genetic_code=11;gc_cont=0.662	GENOMAD.191564.CP	8.553E-119	385	0
JAJIWC010000070.1_62 # 72712 # 74610 # 1 # ID=67_62;partial=00;start_type=ATG;rbs_motif=GGAG/GAGG;rbs_spacer=5-10bp;genetic_code=11;gc_cont=0.677	GENOMAD.111067.CV	4.169E-08	59	0
JAJIWC010000070.1_126 # 148430 # 148909 # 1 # ID=67_126;partial=00;start_type=ATG;rbs_motif=GGA/GAG/AGG;rbs_spacer=5-10bp;genetic_code=11;gc_cont=0.631	GENOMAD.126968.VC	1.653E-22	96	1246
JAJIWC010000070.1_158 # 190384 # 192339 # 1 # ID=67_158;partial=00;start_type=ATG;rbs_motif=GGA/GAG/AGG;rbs_spacer=11-12bp;genetic_code=11;gc_cont=0.708	GENOMAD.145363.CP	7.542E-52	199	0
JAJIWC010000078.1_55 # 76649 # 78046 # -1 # ID=76_55;partial=00;start_type=ATG;rbs_motif=AGGA;rbs_spacer=5-10bp;genetic_code=11;gc_cont=0.649	GENOMAD.108638.CP	1.786E-06	53	0
JAJIWC010000079.1_7 # 3814 # 4179 # 1 # ID=77_7;partial=00;start_type=ATG;rbs_motif=GGA/GAG/AGG;rbs_spacer=5-10bp;genetic_code=11;gc_cont=0.598	GENOMAD.114551.CV	1.217E-26	106	1246
JAJIWC010000082.1_20 # 12993 # 13424 # 1 # ID=80_20;partial=00;start_type=ATG;rbs_motif=GGAG/GAGG;rbs_spacer=5-10bp;genetic_code=11;gc_cont=0.671	GENOMAD.151842.CP	2.697E-08	54	0
JAJIWC010000007.1_68 # 73927 # 74991 # 1 # ID=86_68;partial=00;start_type=ATG;rbs_motif=GGA/GAG/AGG;rbs_spacer=5-10bp;genetic_code=11;gc_cont=0.658	GENOMAD.138352.CP	6.547E-34	137	0
JAJIWC010000089.1_11 # 15240 # 15665 # 1 # ID=88_11;partial=00;start_type=ATG;rbs_motif=None;rbs_spacer=None;genetic_code=11;gc_cont=0.678	GENOMAD.001478.CC	7.436E-74	243	0
JAJIWC010000089.1_107 # 129720 # 130406 # 1 # ID=88_107;partial=00;start_type=ATG;rbs_motif=AGGAG;rbs_spacer=5-10bp;genetic_code=11;gc_cont=0.639	GENOMAD.167222.CP	3.876E-18	86	0
JAJIWC010000091.1_28 # 31993 # 33942 # -1 # ID=90_28;partial=00;start_type=ATG;rbs_motif=GGA/GAG/AGG;rbs_spacer=5-10bp;genetic_code=11;gc_cont=0.599	GENOMAD.070464.CC	9.999E-28	123	0
JAJIWC010000091.1_60 # 64980 # 65825 # 1 # ID=90_60;partial=00;start_type=ATG;rbs_motif=None;rbs_spacer=None;genetic_code=11;gc_cont=0.661	GENOMAD.001272.CC	9.669E-33	131	0
JAJIWC010000012.1_37 # 40834 # 41658 # -1 # ID=4_37;partial=00;start_type=ATG;rbs_motif=GGAG/GAGG;rbs_spacer=5-10bp;genetic_code=11;gc_cont=0.616	GENOMAD.159647.PC	1.552E-34	136	0
JAJIWC010000012.1_69 # 71363 # 72496 # 1 # ID=4_69;partial=00;start_type=ATG;rbs_motif=AGGA;rbs_spacer=5-10bp;genetic_code=11;gc_cont=0.660	GENOMAD.138157.CP	2.304E-10	65	0
JAJIWC010000014.1_34 # 45105 # 45467 # -1 # ID=6_34;partial=00;start_type=ATG;rbs_motif=GGA/GAG/AGG;rbs_spacer=5-10bp;genetic_code=11;gc_cont=0.631	GENOMAD.140621.CP	4.787E-44	156	0
JAJIWC010000019.1_2 # 2253 # 3293 # -1 # ID=12_2;partial=00;start_type=ATG;rbs_motif=GGAG/GAGG;rbs_spacer=5-10bp;genetic_code=11;gc_cont=0.687	GENOMAD.167831.PC	1.142E-53	195	0
JAJIWC010000019.1_66 # 81326 # 83107 # -1 # ID=12_66;partial=00;start_type=ATG;rbs_motif=None;rbs_spacer=None;genetic_code=11;gc_cont=0.648	GENOMAD.115234.CP	1.502E-68	248	0
JAJIWC010000025.1_28 # 41828 # 43210 # 1 # ID=18_28;partial=00;start_type=ATG;rbs_motif=AGGA;rbs_spacer=5-10bp;genetic_code=11;gc_cont=0.653	GENOMAD.126996.CP	2.248E-30	129	0
JAJIWC010000002.1_10 # 11011 # 11502 # 1 # ID=22_10;partial=00;start_type=ATG;rbs_motif=None;rbs_spacer=None;genetic_code=11;gc_cont=0.648	GENOMAD.151641.CP	9.387E-22	94	0
JAJIWC010000036.1_92 # 129141 # 129422 # 1 # ID=30_92;partial=00;start_type=ATG;rbs_motif=AGGAG;rbs_spacer=3-4bp;genetic_code=11;gc_cont=0.610	GENOMAD.034063.CC	6.130E-14	68	0
JAJIWC010000036.1_188 # 232381 # 233265 # -1 # ID=30_188;partial=00;start_type=ATG;rbs_motif=GGAG/GAGG;rbs_spacer=5-10bp;genetic_code=11;gc_cont=0.715	GENOMAD.001436.CC	6.315E-98	321	0
JAJIWC010000038.1_19 # 17315 # 17830 # -1 # ID=32_19;partial=00;start_type=ATG;rbs_motif=GGAG/GAGG;rbs_spacer=5-10bp;genetic_code=11;gc_cont=0.655	GENOMAD.189684.PC	2.185E-51	180	0
JAJIWC010000041.1_34 # 32851 # 34143 # -1 # ID=36_34;partial=00;start_type=ATG;rbs_motif=AGGAG;rbs_spacer=5-10bp;genetic_code=11;gc_cont=0.656	GENOMAD.116598.CV	2.973E-30	128	1246
JAJIWC010000041.1_98 # 104793 # 105335 # -1 # ID=36_98;partial=00;start_type=ATG;rbs_motif=GGAG/GAGG;rbs_spacer=5-10bp;genetic_code=11;gc_cont=0.575	GENOMAD.000004.CC	5.418E-88	286	0
JAJIWC010000042.1_16 # 10902 # 11420 # 1 # ID=37_16;partial=00;start_type=ATG;rbs_motif=GGA/GAG/AGG;rbs_spacer=5-10bp;genetic_code=11;gc_cont=0.484	GENOMAD.219690.CP	1.277E-05	47	0
JAJIWC010000043.1_30 # 32835 # 33761 # 1 # ID=38_30;partial=00;start_type=ATG;rbs_motif=GGAG/GAGG;rbs_spacer=5-10bp;genetic_code=11;gc_cont=0.703	GENOMAD.178547.CP	1.709E-181	563	0
JAJIWC010000047.1_39 # 40646 # 41074 # -1 # ID=42_39;partial=00;start_type=ATG;rbs_motif=GGA/GAG/AGG;rbs_spacer=5-10bp;genetic_code=11;gc_cont=0.613	GENOMAD.078681.CV	1.335E-51	179	1246
JAJIWC010000004.1_5 # 4281 # 4907 # 1 # ID=44_5;partial=00;start_type=ATG;rbs_motif=GGxGG;rbs_spacer=5-10bp;genetic_code=11;gc_cont=0.657	GENOMAD.166405.CP	5.788E-101	325	0
JAJIWC010000004.1_37 # 59301 # 61562 # 1 # ID=44_37;partial=00;start_type=ATG;rbs_motif=GGA/GAG/AGG;rbs_spacer=5-10bp;genetic_code=11;gc_cont=0.637	GENOMAD.146534.CP	9.638E-04	45	0
JAJIWC010000004.1_69 # 105881 # 106594 # -1 # ID=44_69;partial=00;start_type=ATG;rbs_motif=None;rbs_spacer=None;genetic_code=11;gc_cont=0.671	GENOMAD.148482.CP	1.644E-26	111	0
JAJIWC010000004.1_101 # 137021 # 137293 # -1 # ID=44_101;partial=00;start_type=ATG;rbs_motif=None;rbs_spacer=None;genetic_code=11;gc_cont=0.700	GENOMAD.124267.CP	4.269E-39	140	0
JAJIWC010000051.1_28 # 43576 # 44292 # 1 # ID=47_28;partial=00;start_type=ATG;rbs_motif=None;rbs_spacer=None;genetic_code=11;gc_cont=0.643	GENOMAD.138359.CP	7.894E-06	49	0
JAJIWC010000051.1_124 # 156528 # 158762 # -1 # ID=47_124;partial=00;start_type=ATG;rbs_motif=GGAG/GAGG;rbs_spacer=5-10bp;genetic_code=11;gc_cont=0.655	GENOMAD.115103.CP	1.037E-25	117	0
JAJIWC010000053.1_12 # 13344 # 13784 # 1 # ID=49_12;partial=00;start_type=ATG;rbs_motif=AGGAG;rbs_spacer=5-10bp;genetic_code=11;gc_cont=0.678	GENOMAD.158252.CP	1.559E-26	107	0
JAJIWC010000061.1_78 # 85965 # 86567 # -1 # ID=57_78;partial=00;start_type=ATG;rbs_motif=None;rbs_spacer=None;genetic_code=11;gc_cont=0.645	GENOMAD.014488.CC	2.921E-23	100	0
JAJIWC010000064.1_86 # 90093 # 91361 # -1 # ID=60_86;partial=00;start_type=ATG;rbs_motif=GGAG/GAGG;rbs_spacer=5-10bp;genetic_code=11;gc_cont=0.662	GENOMAD.170120.CP	1.432E-41	162	0
JAJIWC010000064.1_182 # 193535 # 193732 # -1 # ID=60_182;partial=00;start_type=ATG;rbs_motif=AGGA;rbs_spacer=5-10bp;genetic_code=11;gc_cont=0.616	GENOMAD.137965.CP	9.484E-13	63	0
JAJIWC010000065.1_1 # 3 # 626 # 1 # ID=61_1;partial=10;start_type=Edge;rbs_motif=None;rbs_spacer=None;genetic_code=11;gc_cont=0.603	GENOMAD.177338.PC	2.334E-05	47	0
JAJIWC010000066.1_5 # 3874 # 8403 # -1 # ID=62_5;partial=00;start_type=ATG;rbs_motif=GGAG/GAGG;rbs_spacer=5-10bp;genetic_code=11;gc_cont=0.697	GENOMAD.132314.CP	6.021E-115	410	0
JAJIWC010000068.1_11 # 7470 # 9602 # -1 # ID=65_11;partial=00;start_type=ATG;rbs_motif=GGA/GAG/AGG;rbs_spacer=5-10bp;genetic_code=11;gc_cont=0.617	GENOMAD.145672.CV	4.447E-04	46	0
JAJIWC010000070.1_57 # 70345 # 70746 # 1 # ID=67_57;partial=00;start_type=ATG;rbs_motif=GGAG/GAGG;rbs_spacer=5-10bp;genetic_code=11;gc_cont=0.662	GENOMAD.171460.CP	2.518E-15	74	0
JAJIWC010000070.1_89 # 104574 # 105371 # 1 # ID=67_89;partial=00;start_type=ATG;rbs_motif=GGAG/GAGG;rbs_spacer=5-10bp;genetic_code=11;gc_cont=0.665	GENOMAD.142573.CP	1.641E-27	115	0
JAJIWC010000070.1_153 # 184753 # 185403 # -1 # ID=67_153;partial=00;start_type=ATG;rbs_motif=GGA/GAG/AGG;rbs_spacer=5-10bp;genetic_code=11;gc_cont=0.665	GENOMAD.142885.CP	2.813E-06	50	0
JAJIWC010000065.1_25 # 22647 # 23342 # 1 # ID=61_25;partial=00;start_type=ATG;rbs_motif=AGGAG;rbs_spacer=5-10bp;genetic_code=11;gc_cont=0.576	GENOMAD.123110.PV	2.037E-53	189	0
JAJIWC010000066.1_29 # 36067 # 36702 # -1 # ID=62_29;partial=00;start_type=ATG;rbs_motif=GGA/GAG/AGG;rbs_spacer=5-10bp;genetic_code=11;gc_cont=0.668	GENOMAD.190410.CP	1.286E-29	119	0
JAJIWC010000070.1_49 # 62339 # 62521 # 1 # ID=67_49;partial=00;start_type=ATG;rbs_motif=AGGAG;rbs_spacer=5-10bp;genetic_code=11;gc_cont=0.645	GENOMAD.040850.CC	6.898E-07	46	0
JAJIWC010000070.1_113 # 134599 # 135180 # -1 # ID=67_113;partial=00;start_type=ATG;rbs_motif=GGA/GAG/AGG;rbs_spacer=5-10bp;genetic_code=11;gc_cont=0.665	GENOMAD.110126.CP	4.672E-53	186	0
JAJIWC010000070.1_145 # 174054 # 175430 # 1 # ID=67_145;partial=00;start_type=ATG;rbs_motif=GGA/GAG/AGG;rbs_spacer=11-12bp;genetic_code=11;gc_cont=0.634	GENOMAD.108089.CP	7.169E-10	64	0
JAJIWC010000071.1_13 # 14376 # 14636 # -1 # ID=68_13;partial=00;start_type=ATG;rbs_motif=GGAGG;rbs_spacer=3-4bp;genetic_code=11;gc_cont=0.651	GENOMAD.223849.VP	3.135E-10	57	0
JAJIWC010000078.1_74 # 103678 # 104475 # 1 # ID=76_74;partial=00;start_type=ATG;rbs_motif=None;rbs_spacer=None;genetic_code=11;gc_cont=0.664	GENOMAD.080636.CV	5.268E-86	285	0
JAJIWC010000082.1_7 # 3060 # 4100 # 1 # ID=80_7;partial=00;start_type=GTG;rbs_motif=GGAG/GAGG;rbs_spacer=5-10bp;genetic_code=11;gc_cont=0.579	GENOMAD.222675.VP	8.995E-234	716	2773
JAJIWC010000007.1_23 # 18707 # 19306 # 1 # ID=86_23;partial=00;start_type=ATG;rbs_motif=GGAG/GAGG;rbs_spacer=5-10bp;genetic_code=11;gc_cont=0.640	GENOMAD.183713.CV	3.199E-21	94	0
JAJIWC010000007.1_55 # 59995 # 60813 # -1 # ID=86_55;partial=00;start_type=ATG;rbs_motif=GGAG/GAGG;rbs_spacer=5-10bp;genetic_code=11;gc_cont=0.663	GENOMAD.090871.CV	8.634E-04	43	1246
JAJIWC010000007.1_119 # 147387 # 147944 # -1 # ID=86_119;partial=00;start_type=ATG;rbs_motif=GGA/GAG/AGG;rbs_spacer=5-10bp;genetic_code=11;gc_cont=0.625	GENOMAD.154834.CP	3.605E-07	52	0
JAJIWC010000009.1_37 # 40658 # 41923 # 1 # ID=1_37;partial=00;start_type=ATG;rbs_motif=None;rbs_spacer=None;genetic_code=11;gc_cont=0.684	GENOMAD.151083.CP	1.065E-04	47	0
JAJIWC010000011.1_65 # 82817 # 83488 # 1 # ID=3_65;partial=00;start_type=ATG;rbs_motif=GGA/GAG/AGG;rbs_spacer=5-10bp;genetic_code=11;gc_cont=0.644	GENOMAD.136404.CP	7.397E-18	85	0
JAJIWC010000017.1_31 # 30997 # 31578 # 1 # ID=9_31;partial=00;start_type=ATG;rbs_motif=None;rbs_spacer=None;genetic_code=11;gc_cont=0.639	GENOMAD.099157.CV	5.490E-60	206	1246
JAJIWC010000002.1_67 # 80360 # 81334 # -1 # ID=22_67;partial=00;start_type=ATG;rbs_motif=GGAG/GAGG;rbs_spacer=5-10bp;genetic_code=11;gc_cont=0.627	GENOMAD.152155.CP	2.877E-18	89	0
JAJIWC010000029.1_50 # 58190 # 58798 # 1 # ID=23_50;partial=00;start_type=ATG;rbs_motif=None;rbs_spacer=None;genetic_code=11;gc_cont=0.670	GENOMAD.090379.CP	4.589E-05	46	0
JAJIWC010000031.1_99 # 111551 # 112333 # -1 # ID=25_99;partial=00;start_type=ATG;rbs_motif=None;rbs_spacer=None;genetic_code=11;gc_cont=0.699	GENOMAD.158029.VC	4.157E-48	175	6593
JAJIWC010000003.1_5 # 3980 # 7342 # 1 # ID=33_5;partial=00;start_type=GTG;rbs_motif=AGGAG;rbs_spacer=5-10bp;genetic_code=11;gc_cont=0.654	GENOMAD.145622.CP	5.195E-261	835	1246
JAJIWC010000003.1_37 # 47720 # 49129 # 1 # ID=33_37;partial=00;start_type=ATG;rbs_motif=GGA/GAG/AGG;rbs_spacer=5-10bp;genetic_code=11;gc_cont=0.663	GENOMAD.104542.CP	8.526E-53	197	0
JAJIWC010000041.1_91 # 101537 # 101980 # -1 # ID=36_91;partial=00;start_type=ATG;rbs_motif=AGGAG;rbs_spacer=5-10bp;genetic_code=11;gc_cont=0.651	GENOMAD.000024.CC	3.604E-26	106	0
JAJIWC010000077.1_98 # 105339 # 105905 # -1 # ID=74_98;partial=00;start_type=ATG;rbs_motif=AGGAG;rbs_spacer=5-10bp;genetic_code=11;gc_cont=0.628	GENOMAD.105354.CP	1.006E-50	179	0
JAJIWC010000077.1_130 # 143082 # 144827 # -1 # ID=74_130;partial=00;start_type=GTG;rbs_motif=None;rbs_spacer=None;genetic_code=11;gc_cont=0.699	GENOMAD.010877.CC	7.431E-08	58	0
JAJIWC010000077.1_162 # 178520 # 179791 # 1 # ID=74_162;partial=00;start_type=TTG;rbs_motif=AGGA;rbs_spacer=5-10bp;genetic_code=11;gc_cont=0.670	GENOMAD.137314.CP	1.917E-98	329	0
JAJIWC010000078.1_24 # 29326 # 29937 # 1 # ID=76_24;partial=00;start_type=ATG;rbs_motif=GGAG/GAGG;rbs_spacer=5-10bp;genetic_code=11;gc_cont=0.645	GENOMAD.162179.PC	9.846E-05	45	0
JAJIWC010000079.1_8 # 4471 # 8622 # 1 # ID=77_8;partial=00;start_type=ATG;rbs_motif=GGA/GAG/AGG;rbs_spacer=11-12bp;genetic_code=11;gc_cont=0.625	GENOMAD.061759.CV	1.468E-38	161	0
JAJIWC010000082.1_21 # 13421 # 13861 # 1 # ID=80_21;partial=00;start_type=ATG;rbs_motif=GGA/GAG/AGG;rbs_spacer=11-12bp;genetic_code=11;gc_cont=0.630	GENOMAD.179551.PC	1.548E-17	81	0
JAJIWC010000091.1_29 # 33962 # 34495 # -1 # ID=90_29;partial=00;start_type=ATG;rbs_motif=GGA/GAG/AGG;rbs_spacer=5-10bp;genetic_code=11;gc_cont=0.635	GENOMAD.002097.CC	1.064E-70	236	0
JAJIWC010000091.1_61 # 65970 # 66209 # -1 # ID=90_61;partial=00;start_type=ATG;rbs_motif=None;rbs_spacer=None;genetic_code=11;gc_cont=0.629	GENOMAD.022030.CC	4.124E-05	42	0
JAJIWC010000092.1_39 # 45168 # 45623 # -1 # ID=91_39;partial=00;start_type=GTG;rbs_motif=GGA/GAG/AGG;rbs_spacer=5-10bp;genetic_code=11;gc_cont=0.610	GENOMAD.154491.CP	7.730E-07	50	0
JAJIWC010000008.1_16 # 18901 # 20256 # -1 # ID=93_16;partial=00;start_type=ATG;rbs_motif=GGAGG;rbs_spacer=3-4bp;genetic_code=11;gc_cont=0.661	GENOMAD.196632.PC	1.444E-82	284	0
JAJIWC010000010.1_10 # 15017 # 15493 # 1 # ID=2_10;partial=00;start_type=ATG;rbs_motif=GGA/GAG/AGG;rbs_spacer=5-10bp;genetic_code=11;gc_cont=0.677	GENOMAD.007007.CC	1.157E-16	79	0
JAJIWC010000010.1_106 # 149185 # 149922 # -1 # ID=2_106;partial=00;start_type=ATG;rbs_motif=None;rbs_spacer=None;genetic_code=11;gc_cont=0.654	GENOMAD.130656.CP	2.621E-11	66	0
JAJIWC010000014.1_9 # 15606 # 17099 # 1 # ID=6_9;partial=00;start_type=ATG;rbs_motif=None;rbs_spacer=None;genetic_code=11;gc_cont=0.652	GENOMAD.126024.CP	2.348E-15	82	1246
JAJIWC010000019.1_9 # 9625 # 10230 # 1 # ID=12_9;partial=00;start_type=ATG;rbs_motif=GGA/GAG/AGG;rbs_spacer=5-10bp;genetic_code=11;gc_cont=0.657	GENOMAD.161005.PC	9.243E-118	373	0
JAJIWC010000027.1_14 # 18296 # 21946 # 1 # ID=20_14;partial=00;start_type=ATG;rbs_motif=GGAG/GAGG;rbs_spacer=5-10bp;genetic_code=11;gc_cont=0.670	GENOMAD.090513.CP	5.666E-22	106	0
JAJIWC010000002.1_81 # 94458 # 94751 # 1 # ID=22_81;partial=00;start_type=ATG;rbs_motif=GGAGG;rbs_spacer=5-10bp;genetic_code=11;gc_cont=0.612	GENOMAD.112987.VV	9.101E-04	39	1246
JAJIWC010000029.1_64 # 73116 # 73742 # -1 # ID=23_64;partial=00;start_type=ATG;rbs_motif=AGGA/GGAG/GAGG;rbs_spacer=11-12bp;genetic_code=11;gc_cont=0.624	GENOMAD.153861.CP	3.278E-64	219	0
JAJIWC010000029.1_96 # 104177 # 104383 # 1 # ID=23_96;partial=00;start_type=ATG;rbs_motif=GGAG/GAGG;rbs_spacer=5-10bp;genetic_code=11;gc_cont=0.676	GENOMAD.004807.CC	8.890E-08	49	0
JAJIWC010000036.1_99 # 138095 # 138976 # -1 # ID=30_99;partial=00;start_type=ATG;rbs_motif=AGGA;rbs_spacer=5-10bp;genetic_code=11;gc_cont=0.700	GENOMAD.104285.CP	4.825E-10	63	0
JAJIWC010000036.1_131 # 169532 # 170428 # 1 # ID=30_131;partial=00;start_type=ATG;rbs_motif=None;rbs_spacer=None;genetic_code=11;gc_cont=0.683	GENOMAD.142573.CP	1.646E-15	80	0
JAJIWC010000041.1_105 # 107700 # 108035 # -1 # ID=36_105;partial=00;start_type=ATG;rbs_motif=AGGAG;rbs_spacer=5-10bp;genetic_code=11;gc_cont=0.607	GENOMAD.058918.CV	5.748E-38	138	0
JAJIWC010000008.1_30 # 31946 # 32536 # -1 # ID=93_30;partial=00;start_type=ATG;rbs_motif=GGAG/GAGG;rbs_spacer=5-10bp;genetic_code=11;gc_cont=0.668	GENOMAD.134225.CP	1.665E-57	199	0
JAJIWC010000051.1_73 # 92653 # 94131 # -1 # ID=47_73;partial=00;start_type=ATG;rbs_motif=GGAGG;rbs_spacer=5-10bp;genetic_code=11;gc_cont=0.634	GENOMAD.152654.CP	1.158E-07	57	0
JAJIWC010000055.1_8 # 7251 # 9302 # 1 # ID=51_8;partial=00;start_type=ATG;rbs_motif=GGA/GAG/AGG;rbs_spacer=11-12bp;genetic_code=11;gc_cont=0.676	GENOMAD.000854.CC	6.826E-29	127	0
JAJIWC010000056.1_118 # 130812 # 131876 # 1 # ID=52_118;partial=00;start_type=ATG;rbs_motif=None;rbs_spacer=None;genetic_code=11;gc_cont=0.690	GENOMAD.116589.CP	5.054E-59	211	0
JAJIWC010000058.1_5 # 3517 # 3822 # -1 # ID=54_5;partial=00;start_type=ATG;rbs_motif=None;rbs_spacer=None;genetic_code=11;gc_cont=0.572	GENOMAD.137354.PC	9.523E-05	42	0
JAJIWC010000061.1_91 # 96798 # 97052 # 1 # ID=57_91;partial=00;start_type=ATG;rbs_motif=AGGA;rbs_spacer=5-10bp;genetic_code=11;gc_cont=0.612	GENOMAD.197160.PC	4.515E-28	108	0
JAJIWC010000064.1_67 # 69548 # 70189 # -1 # ID=60_67;partial=00;start_type=ATG;rbs_motif=AGGAG;rbs_spacer=5-10bp;genetic_code=11;gc_cont=0.603	GENOMAD.195028.PC	7.169E-84	276	0
JAJIWC010000070.1_134 # 159450 # 161591 # -1 # ID=67_134;partial=00;start_type=ATG;rbs_motif=None;rbs_spacer=None;genetic_code=11;gc_cont=0.644	GENOMAD.053052.VV	3.522E-17	89	0
JAJIWC010000077.1_73 # 78438 # 79673 # -1 # ID=74_73;partial=00;start_type=ATG;rbs_motif=AGGA;rbs_spacer=5-10bp;genetic_code=11;gc_cont=0.635	GENOMAD.101078.CP	4.149E-08	58	0
JAJIWC010000077.1_105 # 113186 # 113626 # 1 # ID=74_105;partial=00;start_type=ATG;rbs_motif=GGA/GAG/AGG;rbs_spacer=5-10bp;genetic_code=11;gc_cont=0.694	GENOMAD.192274.CP	1.422E-27	110	0
JAJIWC010000078.1_95 # 125753 # 126976 # 1 # ID=76_95;partial=00;start_type=ATG;rbs_motif=AGGA;rbs_spacer=5-10bp;genetic_code=11;gc_cont=0.638	GENOMAD.119423.CP	8.459E-04	44	0
JAJIWC010000078.1_127 # 160622 # 162346 # 1 # ID=76_127;partial=00;start_type=ATG;rbs_motif=GGA/GAG/AGG;rbs_spacer=5-10bp;genetic_code=11;gc_cont=0.672	GENOMAD.136859.CP	1.729E-36	150	0
JAJIWC010000080.1_2 # 2554 # 2976 # 1 # ID=78_2;partial=00;start_type=ATG;rbs_motif=GGAG/GAGG;rbs_spacer=5-10bp;genetic_code=11;gc_cont=0.584	GENOMAD.114461.PP	1.932E-21	92	0
JAJIWC010000085.1_17 # 20237 # 22264 # 1 # ID=83_17;partial=00;start_type=ATG;rbs_motif=GGA/GAG/AGG;rbs_spacer=5-10bp;genetic_code=11;gc_cont=0.663	GENOMAD.127342.CP	2.340E-23	109	0
JAJIWC010000008.1_23 # 24720 # 25037 # -1 # ID=93_23;partial=00;start_type=ATG;rbs_motif=GGA/GAG/AGG;rbs_spacer=5-10bp;genetic_code=11;gc_cont=0.651	GENOMAD.209355.CP	1.437E-41	148	0
JAJIWC010000009.1_26 # 27386 # 28309 # -1 # ID=1_26;partial=00;start_type=GTG;rbs_motif=GGA/GAG/AGG;rbs_spacer=5-10bp;genetic_code=11;gc_cont=0.697	GENOMAD.138157.CP	9.790E-18	87	0
JAJIWC010000010.1_113 # 156676 # 157134 # -1 # ID=2_113;partial=00;start_type=ATG;rbs_motif=None;rbs_spacer=None;genetic_code=11;gc_cont=0.702	GENOMAD.123993.CP	3.765E-06	48	0
JAJIWC010000011.1_22 # 28769 # 29518 # 1 # ID=3_22;partial=00;start_type=ATG;rbs_motif=GGAG/GAGG;rbs_spacer=5-10bp;genetic_code=11;gc_cont=0.652	GENOMAD.124229.CP	2.901E-12	69	0
JAJIWC010000011.1_54 # 66486 # 69188 # -1 # ID=3_54;partial=00;start_type=GTG;rbs_motif=AGGA;rbs_spacer=5-10bp;genetic_code=11;gc_cont=0.640	GENOMAD.158306.CP	9.357E-13	75	0
JAJIWC010000011.1_150 # 184086 # 184577 # -1 # ID=3_150;partial=00;start_type=ATG;rbs_motif=GGAG/GAGG;rbs_spacer=5-10bp;genetic_code=11;gc_cont=0.614	GENOMAD.054209.CC	1.400E-52	183	0
JAJIWC010000011.1_278 # 335270 # 335812 # -1 # ID=3_278;partial=00;start_type=ATG;rbs_motif=AGGA;rbs_spacer=5-10bp;genetic_code=11;gc_cont=0.665	GENOMAD.019134.CC	1.457E-85	279	0
JAJIWC010000014.1_16 # 21700 # 23076 # -1 # ID=6_16;partial=00;start_type=ATG;rbs_motif=None;rbs_spacer=None;genetic_code=11;gc_cont=0.663	GENOMAD.050490.CV	6.138E-55	203	1246
JAJIWC010000014.1_48 # 64906 # 65424 # -1 # ID=6_48;partial=00;start_type=ATG;rbs_motif=None;rbs_spacer=None;genetic_code=11;gc_cont=0.644	GENOMAD.128855.CP	4.640E-25	104	0
JAJIWC010000031.1_56 # 66964 # 67779 # -1 # ID=25_56;partial=00;start_type=ATG;rbs_motif=GGAG/GAGG;rbs_spacer=5-10bp;genetic_code=11;gc_cont=0.665	GENOMAD.152305.CP	3.924E-29	120	0
JAJIWC010000079.1_2 # 376 # 783 # 1 # ID=77_2;partial=00;start_type=ATG;rbs_motif=GGA/GAG/AGG;rbs_spacer=3-4bp;genetic_code=11;gc_cont=0.583	GENOMAD.085104.CV	6.794E-72	237	0
JAJIWC010000082.1_15 # 8160 # 8498 # -1 # ID=80_15;partial=00;start_type=ATG;rbs_motif=GGA/GAG/AGG;rbs_spacer=5-10bp;genetic_code=11;gc_cont=0.640	GENOMAD.212325.VP	8.980E-58	195	2773
JAJIWC010000085.1_4 # 5141 # 6499 # 1 # ID=83_4;partial=00;start_type=ATG;rbs_motif=GGAG/GAGG;rbs_spacer=5-10bp;genetic_code=11;gc_cont=0.702	GENOMAD.022838.CC	9.504E-133	430	0
JAJIWC010000007.1_127 # 157529 # 158596 # -1 # ID=86_127;partial=00;start_type=GTG;rbs_motif=GGAG/GAGG;rbs_spacer=5-10bp;genetic_code=11;gc_cont=0.678	GENOMAD.105361.CP	1.229E-12	72	0
JAJIWC010000091.1_23 # 26271 # 28088 # -1 # ID=90_23;partial=00;start_type=ATG;rbs_motif=GGAGG;rbs_spacer=5-10bp;genetic_code=11;gc_cont=0.670	GENOMAD.127016.CP	3.220E-07	56	0
JAJIWC010000091.1_55 # 61449 # 61748 # 1 # ID=90_55;partial=00;start_type=GTG;rbs_motif=GGAG/GAGG;rbs_spacer=5-10bp;genetic_code=11;gc_cont=0.620	GENOMAD.001146.CC	4.378E-12	63	0
JAJIWC010000009.1_13 # 10196 # 11815 # -1 # ID=1_13;partial=00;start_type=ATG;rbs_motif=AGGA;rbs_spacer=5-10bp;genetic_code=11;gc_cont=0.672	GENOMAD.168505.CP	8.988E-64	232	0
JAJIWC010000010.1_36 # 56558 # 57562 # 1 # ID=2_36;partial=00;start_type=ATG;rbs_motif=AGGA;rbs_spacer=5-10bp;genetic_code=11;gc_cont=0.661	GENOMAD.097849.CV	3.746E-36	143	1246
JAJIWC010000011.1_41 # 50050 # 51240 # -1 # ID=3_41;partial=00;start_type=ATG;rbs_motif=None;rbs_spacer=None;genetic_code=11;gc_cont=0.706	GENOMAD.169207.CP	1.723E-36	146	0
JAJIWC010000011.1_105 # 130096 # 132753 # -1 # ID=3_105;partial=00;start_type=ATG;rbs_motif=None;rbs_spacer=None;genetic_code=11;gc_cont=0.678	GENOMAD.152082.CP	1.680E-15	84	0
JAJIWC010000011.1_137 # 167910 # 168560 # 1 # ID=3_137;partial=00;start_type=ATG;rbs_motif=None;rbs_spacer=None;genetic_code=11;gc_cont=0.668	GENOMAD.154704.CP	5.469E-53	187	0
JAJIWC010000011.1_265 # 322036 # 322356 # 1 # ID=3_265;partial=00;start_type=ATG;rbs_motif=GGA/GAG/AGG;rbs_spacer=11-12bp;genetic_code=11;gc_cont=0.670	GENOMAD.019745.CC	8.659E-16	74	0
JAJIWC010000014.1_35 # 45469 # 46311 # -1 # ID=6_35;partial=00;start_type=ATG;rbs_motif=GGxGG;rbs_spacer=5-10bp;genetic_code=11;gc_cont=0.626	GENOMAD.138290.CP	1.883E-47	174	0
JAJIWC010000019.1_3 # 3257 # 5167 # -1 # ID=12_3;partial=00;start_type=ATG;rbs_motif=GGxGG;rbs_spacer=3-4bp;genetic_code=11;gc_cont=0.665	GENOMAD.166434.PC	1.780E-61	228	0
JAJIWC010000022.1_4 # 2575 # 3105 # -1 # ID=15_4;partial=00;start_type=ATG;rbs_motif=GGA/GAG/AGG;rbs_spacer=5-10bp;genetic_code=11;gc_cont=0.484	GENOMAD.086806.PP	1.014E-26	109	0
JAJIWC010000025.1_29 # 43485 # 44801 # -1 # ID=18_29;partial=00;start_type=ATG;rbs_motif=None;rbs_spacer=None;genetic_code=11;gc_cont=0.664	GENOMAD.043073.CC	2.296E-04	46	0
JAJIWC010000027.1_8 # 12214 # 12849 # -1 # ID=20_8;partial=00;start_type=ATG;rbs_motif=AGGA/GGAG/GAGG;rbs_spacer=11-12bp;genetic_code=11;gc_cont=0.656	GENOMAD.136854.CP	2.310E-04	44	0
JAJIWC010000002.1_75 # 89369 # 90325 # -1 # ID=22_75;partial=00;start_type=ATG;rbs_motif=None;rbs_spacer=None;genetic_code=11;gc_cont=0.643	GENOMAD.148267.CP	4.268E-07	54	0
JAJIWC010000029.1_26 # 31283 # 32164 # 1 # ID=23_26;partial=00;start_type=ATG;rbs_motif=None;rbs_spacer=None;genetic_code=11;gc_cont=0.673	GENOMAD.162404.CP	5.743E-80	269	0
JAJIWC010000031.1_11 # 12353 # 13216 # -1 # ID=25_11;partial=00;start_type=ATG;rbs_motif=AGGA;rbs_spacer=5-10bp;genetic_code=11;gc_cont=0.649	GENOMAD.159160.CP	3.715E-08	57	0
JAJIWC010000031.1_43 # 48491 # 48967 # 1 # ID=25_43;partial=00;start_type=ATG;rbs_motif=GGAG/GAGG;rbs_spacer=5-10bp;genetic_code=11;gc_cont=0.669	GENOMAD.190425.CP	2.755E-76	251	0
JAJIWC010000031.1_75 # 84723 # 85247 # 1 # ID=25_75;partial=00;start_type=ATG;rbs_motif=AGGA;rbs_spacer=5-10bp;genetic_code=11;gc_cont=0.638	GENOMAD.145838.VC	1.318E-07	53	1246
JAJIWC010000033.1_25 # 38523 # 38858 # 1 # ID=27_25;partial=00;start_type=ATG;rbs_motif=None;rbs_spacer=None;genetic_code=11;gc_cont=0.634	GENOMAD.023318.CC	1.409E-52	180	0
JAJIWC010000034.1_8 # 4739 # 5668 # -1 # ID=28_8;partial=00;start_type=ATG;rbs_motif=GGAG/GAGG;rbs_spacer=5-10bp;genetic_code=11;gc_cont=0.630	GENOMAD.189928.PC	9.877E-49	179	0
JAJIWC010000036.1_29 # 47712 # 48755 # 1 # ID=30_29;partial=00;start_type=ATG;rbs_motif=GGAGG;rbs_spacer=5-10bp;genetic_code=11;gc_cont=0.712	GENOMAD.179387.PC	1.933E-43	165	0
JAJIWC010000036.1_157 # 195660 # 196547 # -1 # ID=30_157;partial=00;start_type=ATG;rbs_motif=AGGAG;rbs_spacer=5-10bp;genetic_code=11;gc_cont=0.700	GENOMAD.105757.CP	9.410E-65	225	0
JAJIWC010000036.1_189 # 233445 # 235133 # -1 # ID=30_189;partial=00;start_type=GTG;rbs_motif=None;rbs_spacer=None;genetic_code=11;gc_cont=0.661	GENOMAD.091942.CP	6.137E-11	68	0
JAJIWC010000037.1_13 # 13540 # 15951 # -1 # ID=31_13;partial=00;start_type=TTG;rbs_motif=None;rbs_spacer=None;genetic_code=11;gc_cont=0.613	GENOMAD.158496.CP	6.339E-38	157	0
JAJIWC010000038.1_20 # 17852 # 18493 # -1 # ID=32_20;partial=00;start_type=ATG;rbs_motif=GGA/GAG/AGG;rbs_spacer=5-10bp;genetic_code=11;gc_cont=0.643	GENOMAD.180383.CP	3.539E-83	274	0
JAJIWC010000041.1_3 # 1020 # 1802 # 1 # ID=36_3;partial=00;start_type=ATG;rbs_motif=GGA/GAG/AGG;rbs_spacer=11-12bp;genetic_code=11;gc_cont=0.512	GENOMAD.064510.VV	3.745E-21	96	1246
JAJIWC010000041.1_67 # 74932 # 75726 # -1 # ID=36_67;partial=00;start_type=GTG;rbs_motif=AGGA/GGAG/GAGG;rbs_spacer=11-12bp;genetic_code=11;gc_cont=0.687	GENOMAD.106866.CP	9.117E-19	89	1246
JAJIWC010000041.1_99 # 105347 # 105664 # -1 # ID=36_99;partial=00;start_type=ATG;rbs_motif=GGAGG;rbs_spacer=5-10bp;genetic_code=11;gc_cont=0.610	GENOMAD.000028.CC	4.404E-30	115	0
JAJIWC010000043.1_31 # 34122 # 34982 # -1 # ID=38_31;partial=00;start_type=ATG;rbs_motif=None;rbs_spacer=None;genetic_code=11;gc_cont=0.698	GENOMAD.123845.CP	2.750E-14	76	0
JAJIWC010000047.1_8 # 5293 # 6036 # 1 # ID=42_8;partial=00;start_type=GTG;rbs_motif=GGA/GAG/AGG;rbs_spacer=11-12bp;genetic_code=11;gc_cont=0.751	GENOMAD.120988.CP	3.471E-73	247	0
JAJIWC010000047.1_40 # 41215 # 41910 # 1 # ID=42_40;partial=00;start_type=ATG;rbs_motif=None;rbs_spacer=None;genetic_code=11;gc_cont=0.697	GENOMAD.106818.CV	8.843E-34	132	0
JAJIWC010000004.1_6 # 4910 # 6568 # 1 # ID=44_6;partial=00;start_type=ATG;rbs_motif=None;rbs_spacer=None;genetic_code=11;gc_cont=0.683	GENOMAD.116397.CP	2.796E-87	302	0
JAJIWC010000004.1_38 # 62211 # 64880 # 1 # ID=44_38;partial=00;start_type=ATG;rbs_motif=GGA/GAG/AGG;rbs_spacer=5-10bp;genetic_code=11;gc_cont=0.659	GENOMAD.146534.CP	5.863E-04	46	0
JAJIWC010000004.1_70 # 106597 # 107799 # -1 # ID=44_70;partial=00;start_type=ATG;rbs_motif=None;rbs_spacer=None;genetic_code=11;gc_cont=0.658	GENOMAD.099160.CP	9.818E-05	47	0
JAJIWC010000051.1_29 # 44462 # 46117 # 1 # ID=47_29;partial=00;start_type=ATG;rbs_motif=AGxAGG/AGGxGG;rbs_spacer=5-10bp;genetic_code=11;gc_cont=0.693	GENOMAD.050490.CV	1.201E-10	67	1246
JAJIWC010000051.1_61 # 78962 # 80386 # -1 # ID=47_61;partial=00;start_type=ATG;rbs_motif=None;rbs_spacer=None;genetic_code=11;gc_cont=0.602	GENOMAD.145298.CP	1.297E-22	105	0
JAJIWC010000051.1_93 # 119924 # 120367 # -1 # ID=47_93;partial=00;start_type=GTG;rbs_motif=GGAGG;rbs_spacer=5-10bp;genetic_code=11;gc_cont=0.550	GENOMAD.153455.CP	3.273E-18	83	0
JAJIWC010000056.1_10 # 10099 # 11151 # 1 # ID=52_10;partial=00;start_type=ATG;rbs_motif=GGA/GAG/AGG;rbs_spacer=5-10bp;genetic_code=11;gc_cont=0.684	GENOMAD.093762.CV	7.508E-85	286	1246
JAJIWC010000056.1_42 # 47636 # 48607 # 1 # ID=52_42;partial=00;start_type=ATG;rbs_motif=GGA/GAG/AGG;rbs_spacer=5-10bp;genetic_code=11;gc_cont=0.634	GENOMAD.101229.CV	1.387E-04	46	0
JAJIWC010000056.1_138 # 157229 # 157900 # -1 # ID=52_138;partial=00;start_type=ATG;rbs_motif=GGA/GAG/AGG;rbs_spacer=5-10bp;genetic_code=11;gc_cont=0.725	GENOMAD.136404.CP	1.655E-16	81	0
JAJIWC010000077.1_43 # 45031 # 45831 # -1 # ID=74_43;partial=00;start_type=ATG;rbs_motif=GGA/GAG/AGG;rbs_spacer=5-10bp;genetic_code=11;gc_cont=0.645	GENOMAD.126969.CP	1.530E-09	61	0
JAJIWC010000077.1_75 # 81072 # 81566 # -1 # ID=74_75;partial=00;start_type=ATG;rbs_motif=None;rbs_spacer=None;genetic_code=11;gc_cont=0.655	GENOMAD.029544.CC	1.677E-59	203	0
JAJIWC010000077.1_171 # 188756 # 189958 # -1 # ID=74_171;partial=00;start_type=TTG;rbs_motif=AGGA;rbs_spacer=5-10bp;genetic_code=11;gc_cont=0.670	GENOMAD.138157.CP	8.255E-43	165	0
JAJIWC010000078.1_33 # 51019 # 51381 # -1 # ID=76_33;partial=00;start_type=ATG;rbs_motif=GGAG/GAGG;rbs_spacer=5-10bp;genetic_code=11;gc_cont=0.664	GENOMAD.145553.CP	6.350E-08	52	0
JAJIWC010000078.1_97 # 128636 # 129421 # 1 # ID=76_97;partial=00;start_type=ATG;rbs_motif=GGAG/GAGG;rbs_spacer=5-10bp;genetic_code=11;gc_cont=0.642	GENOMAD.119007.CP	3.901E-20	93	0
JAJIWC010000078.1_129 # 163343 # 163963 # 1 # ID=76_129;partial=00;start_type=ATG;rbs_motif=GGAGG;rbs_spacer=5-10bp;genetic_code=11;gc_cont=0.712	GENOMAD.140316.CP	4.349E-86	282	0
JAJIWC010000083.1_8 # 8494 # 10878 # 1 # ID=81_8;partial=00;start_type=ATG;rbs_motif=AGGAG;rbs_spacer=5-10bp;genetic_code=11;gc_cont=0.667	GENOMAD.183275.CP	0.000E+00	1354	0
JAJIWC010000007.1_110 # 128283 # 128663 # 1 # ID=86_110;partial=00;start_type=GTG;rbs_motif=GGA/GAG/AGG;rbs_spacer=5-10bp;genetic_code=11;gc_cont=0.633	GENOMAD.104113.VV	4.545E-04	41	1246
JAJIWC010000088.1_5 # 3117 # 3635 # -1 # ID=87_5;partial=00;start_type=ATG;rbs_motif=GGAG/GAGG;rbs_spacer=5-10bp;genetic_code=11;gc_cont=0.501	GENOMAD.086806.PP	1.270E-31	123	0
JAJIWC010000091.1_6 # 4116 # 4892 # 1 # ID=90_6;partial=00;start_type=ATG;rbs_motif=AGGAG;rbs_spacer=5-10bp;genetic_code=11;gc_cont=0.656	GENOMAD.132251.CP	3.054E-26	111	0
JAJIWC010000091.1_70 # 78625 # 79050 # -1 # ID=90_70;partial=00;start_type=ATG;rbs_motif=GGAGG;rbs_spacer=5-10bp;genetic_code=11;gc_cont=0.655	GENOMAD.132779.CP	5.256E-09	56	0
JAJIWC010000092.1_16 # 19380 # 20810 # -1 # ID=91_16;partial=00;start_type=ATG;rbs_motif=GGA/GAG/AGG;rbs_spacer=11-12bp;genetic_code=11;gc_cont=0.631	GENOMAD.068048.VV	2.107E-15	82	1246
JAJIWC010000008.1_25 # 26880 # 27416 # 1 # ID=93_25;partial=00;start_type=ATG;rbs_motif=None;rbs_spacer=None;genetic_code=11;gc_cont=0.672	GENOMAD.151275.CP	1.134E-14	74	0
JAJIWC010000009.1_28 # 28613 # 29065 # -1 # ID=1_28;partial=00;start_type=ATG;rbs_motif=None;rbs_spacer=None;genetic_code=11;gc_cont=0.682	GENOMAD.132398.CP	7.215E-08	53	0
JAJIWC010000010.1_19 # 26558 # 26887 # 1 # ID=2_19;partial=00;start_type=ATG;rbs_motif=AGGAG;rbs_spacer=5-10bp;genetic_code=11;gc_cont=0.594	GENOMAD.018095.CC	5.921E-21	89	0
JAJIWC010000010.1_115 # 157561 # 158958 # -1 # ID=2_115;partial=00;start_type=ATG;rbs_motif=AGGA/GGAG/GAGG;rbs_spacer=11-12bp;genetic_code=11;gc_cont=0.689	GENOMAD.142809.CP	7.380E-10	64	0
JAJIWC010000011.1_24 # 30072 # 30734 # 1 # ID=3_24;partial=00;start_type=ATG;rbs_motif=GGA/GAG/AGG;rbs_spacer=5-10bp;genetic_code=11;gc_cont=0.662	GENOMAD.111169.CP	6.057E-21	94	0
JAJIWC010000011.1_56 # 71024 # 71308 # -1 # ID=3_56;partial=00;start_type=ATG;rbs_motif=None;rbs_spacer=None;genetic_code=11;gc_cont=0.681	GENOMAD.092643.CV	1.934E-33	124	0
JAJIWC010000011.1_248 # 305092 # 306069 # -1 # ID=3_248;partial=00;start_type=ATG;rbs_motif=GGAG/GAGG;rbs_spacer=5-10bp;genetic_code=11;gc_cont=0.695	GENOMAD.018427.CC	7.369E-191	591	0
JAJIWC010000011.1_312 # 375371 # 376033 # 1 # ID=3_312;partial=00;start_type=ATG;rbs_motif=None;rbs_spacer=None;genetic_code=11;gc_cont=0.667	GENOMAD.118620.CP	1.147E-35	137	0
JAJIWC010000012.1_21 # 23565 # 23873 # -1 # ID=4_21;partial=00;start_type=ATG;rbs_motif=AGGA;rbs_spacer=5-10bp;genetic_code=11;gc_cont=0.673	GENOMAD.141198.CP	1.494E-08	53	0
JAJIWC010000012.1_85 # 92648 # 93889 # 1 # ID=4_85;partial=00;start_type=ATG;rbs_motif=None;rbs_spacer=None;genetic_code=11;gc_cont=0.621	GENOMAD.112745.CP	1.024E-66	236	0
JAJIWC010000014.1_18 # 24529 # 25578 # -1 # ID=6_18;partial=00;start_type=ATG;rbs_motif=GGA/GAG/AGG;rbs_spacer=5-10bp;genetic_code=11;gc_cont=0.668	GENOMAD.162190.CP	1.438E-08	59	0
JAJIWC010000017.1_22 # 20738 # 21256 # -1 # ID=9_22;partial=00;start_type=ATG;rbs_motif=GGA/GAG/AGG;rbs_spacer=5-10bp;genetic_code=11;gc_cont=0.661	GENOMAD.116561.CP	4.813E-34	130	0
JAJIWC010000025.1_12 # 16645 # 18522 # -1 # ID=18_12;partial=00;start_type=ATG;rbs_motif=AGGA;rbs_spacer=5-10bp;genetic_code=11;gc_cont=0.634	GENOMAD.121487.CP	7.733E-15	81	0
JAJIWC010000026.1_47 # 60628 # 61545 # 1 # ID=19_47;partial=00;start_type=GTG;rbs_motif=AGGAG;rbs_spacer=5-10bp;genetic_code=11;gc_cont=0.631	GENOMAD.171283.VV	2.242E-22	101	1246
JAJIWC010000002.1_26 # 26016 # 26981 # -1 # ID=22_26;partial=00;start_type=ATG;rbs_motif=GGA/GAG/AGG;rbs_spacer=11-12bp;genetic_code=11;gc_cont=0.649	GENOMAD.145413.CP	1.650E-11	68	0
JAJIWC010000002.1_58 # 71175 # 72266 # 1 # ID=22_58;partial=00;start_type=GTG;rbs_motif=GGAG/GAGG;rbs_spacer=5-10bp;genetic_code=11;gc_cont=0.690	GENOMAD.028689.CC	7.487E-70	243	0
JAJIWC010000029.1_9 # 17863 # 19029 # -1 # ID=23_9;partial=00;start_type=ATG;rbs_motif=GGAGG;rbs_spacer=5-10bp;genetic_code=11;gc_cont=0.644	GENOMAD.158496.CP	9.481E-101	334	0
JAJIWC010000029.1_73 # 81268 # 82326 # -1 # ID=23_73;partial=00;start_type=ATG;rbs_motif=GGA/GAG/AGG;rbs_spacer=5-10bp;genetic_code=11;gc_cont=0.670	GENOMAD.190712.CP	1.718E-168	528	0
JAJIWC010000033.1_40 # 59044 # 59691 # 1 # ID=27_40;partial=00;start_type=ATG;rbs_motif=AGGA;rbs_spacer=5-10bp;genetic_code=11;gc_cont=0.668	GENOMAD.181422.CP	5.502E-43	158	0
JAJIWC010000036.1_12 # 14373 # 14912 # 1 # ID=30_12;partial=00;start_type=ATG;rbs_motif=GGA/GAG/AGG;rbs_spacer=5-10bp;genetic_code=11;gc_cont=0.689	GENOMAD.127449.CP	2.314E-27	111	0
JAJIWC010000036.1_44 # 65508 # 66482 # 1 # ID=30_44;partial=00;start_type=ATG;rbs_motif=GGAG/GAGG;rbs_spacer=5-10bp;genetic_code=11;gc_cont=0.664	GENOMAD.120950.CP	1.324E-84	284	0
JAJIWC010000036.1_76 # 109958 # 110680 # 1 # ID=30_76;partial=00;start_type=ATG;rbs_motif=None;rbs_spacer=None;genetic_code=11;gc_cont=0.674	GENOMAD.137367.CP	4.940E-10	62	0
JAJIWC010000036.1_140 # 180048 # 180836 # 1 # ID=30_140;partial=00;start_type=ATG;rbs_motif=GGA/GAG/AGG;rbs_spacer=5-10bp;genetic_code=11;gc_cont=0.606	GENOMAD.129948.CP	2.897E-43	161	0
JAJIWC010000003.1_28 # 38339 # 39601 # -1 # ID=33_28;partial=00;start_type=ATG;rbs_motif=GGxGG;rbs_spacer=5-10bp;genetic_code=11;gc_cont=0.660	GENOMAD.182562.CP	9.819E-218	674	0
JAJIWC010000041.1_50 # 53465 # 54310 # -1 # ID=36_50;partial=00;start_type=GTG;rbs_motif=None;rbs_spacer=None;genetic_code=11;gc_cont=0.676	GENOMAD.109682.CP	2.684E-64	223	0
JAJIWC010000043.1_14 # 15269 # 16453 # 1 # ID=38_14;partial=00;start_type=ATG;rbs_motif=AGGAG;rbs_spacer=5-10bp;genetic_code=11;gc_cont=0.659	GENOMAD.178036.PC	7.647E-36	144	0
JAJIWC010000047.1_55 # 58124 # 59200 # -1 # ID=42_55;partial=00;start_type=ATG;rbs_motif=GGA/GAG/AGG;rbs_spacer=5-10bp;genetic_code=11;gc_cont=0.649	GENOMAD.146710.CP	6.696E-110	359	0
JAJIWC010000004.1_21 # 25638 # 27647 # 1 # ID=44_21;partial=00;start_type=ATG;rbs_motif=GGA/GAG/AGG;rbs_spacer=5-10bp;genetic_code=11;gc_cont=0.663	GENOMAD.116397.CP	3.373E-111	377	0
JAJIWC010000011.1_174 # 209380 # 210588 # 1 # ID=3_174;partial=00;start_type=TTG;rbs_motif=AGGAG;rbs_spacer=5-10bp;genetic_code=11;gc_cont=0.639	GENOMAD.159854.CP	2.681E-179	562	0
JAJIWC010000011.1_238 # 294162 # 294500 # 1 # ID=3_238;partial=00;start_type=ATG;rbs_motif=None;rbs_spacer=None;genetic_code=11;gc_cont=0.646	GENOMAD.000475.CC	6.682E-04	40	0
JAJIWC010000011.1_302 # 365051 # 366670 # -1 # ID=3_302;partial=00;start_type=ATG;rbs_motif=GGAG/GAGG;rbs_spacer=5-10bp;genetic_code=11;gc_cont=0.656	GENOMAD.170158.CP	6.830E-161	516	0
JAJIWC010000012.1_75 # 83034 # 84041 # -1 # ID=4_75;partial=00;start_type=ATG;rbs_motif=GGA/GAG/AGG;rbs_spacer=5-10bp;genetic_code=11;gc_cont=0.677	GENOMAD.142642.CP	9.991E-50	183	0
JAJIWC010000014.1_8 # 14528 # 15223 # -1 # ID=6_8;partial=00;start_type=ATG;rbs_motif=None;rbs_spacer=None;genetic_code=11;gc_cont=0.704	GENOMAD.177097.CP	1.642E-06	51	0
JAJIWC010000019.1_8 # 8736 # 9245 # -1 # ID=12_8;partial=00;start_type=ATG;rbs_motif=GGAG/GAGG;rbs_spacer=5-10bp;genetic_code=11;gc_cont=0.641	GENOMAD.166375.PC	4.405E-13	69	0
JAJIWC010000019.1_72 # 91449 # 93263 # 1 # ID=12_72;partial=00;start_type=ATG;rbs_motif=GGA/GAG/AGG;rbs_spacer=5-10bp;genetic_code=11;gc_cont=0.687	GENOMAD.005978.CC	1.591E-07	57	1246
JAJIWC010000026.1_5 # 4707 # 5840 # -1 # ID=19_5;partial=00;start_type=ATG;rbs_motif=GGAGG;rbs_spacer=5-10bp;genetic_code=11;gc_cont=0.645	GENOMAD.181208.CP	9.802E-43	164	0
JAJIWC010000026.1_37 # 49597 # 50043 # 1 # ID=19_37;partial=00;start_type=ATG;rbs_motif=None;rbs_spacer=None;genetic_code=11;gc_cont=0.682	GENOMAD.167547.CP	2.609E-11	63	0
JAJIWC010000002.1_48 # 59113 # 60099 # 1 # ID=22_48;partial=00;start_type=ATG;rbs_motif=AGGAG;rbs_spacer=5-10bp;genetic_code=11;gc_cont=0.614	GENOMAD.076707.PP	3.356E-175	546	0
JAJIWC010000029.1_95 # 103422 # 104180 # 1 # ID=23_95;partial=00;start_type=ATG;rbs_motif=None;rbs_spacer=None;genetic_code=11;gc_cont=0.643	GENOMAD.123398.CP	6.904E-19	89	0
JAJIWC010000031.1_16 # 18235 # 18993 # 1 # ID=25_16;partial=00;start_type=ATG;rbs_motif=GGA/GAG/AGG;rbs_spacer=5-10bp;genetic_code=11;gc_cont=0.659	GENOMAD.211360.PC	3.269E-36	140	0
JAJIWC010000031.1_112 # 126626 # 127861 # 1 # ID=25_112;partial=00;start_type=ATG;rbs_motif=None;rbs_spacer=None;genetic_code=11;gc_cont=0.649	GENOMAD.000049.CC	9.911E-91	306	0
JAJIWC010000031.1_144 # 171996 # 172823 # -1 # ID=25_144;partial=00;start_type=ATG;rbs_motif=GGAG/GAGG;rbs_spacer=5-10bp;genetic_code=11;gc_cont=0.650	GENOMAD.158493.CP	4.285E-04	44	0
JAJIWC010000031.1_176 # 206193 # 207584 # -1 # ID=25_176;partial=00;start_type=ATG;rbs_motif=None;rbs_spacer=None;genetic_code=11;gc_cont=0.656	GENOMAD.000379.CC	3.639E-26	116	0
JAJIWC010000036.1_66 # 100094 # 102592 # 1 # ID=30_66;partial=00;start_type=ATG;rbs_motif=GGAGG;rbs_spacer=3-4bp;genetic_code=11;gc_cont=0.630	GENOMAD.043924.VV	3.303E-05	50	1246
JAJIWC010000036.1_98 # 135030 # 137630 # 1 # ID=30_98;partial=00;start_type=ATG;rbs_motif=None;rbs_spacer=None;genetic_code=11;gc_cont=0.666	GENOMAD.137347.CP	1.396E-36	153	0
JAJIWC010000036.1_130 # 168979 # 169452 # -1 # ID=30_130;partial=00;start_type=ATG;rbs_motif=None;rbs_spacer=None;genetic_code=11;gc_cont=0.679	GENOMAD.123979.PP	1.970E-79	260	0
JAJIWC010000037.1_18 # 24105 # 25610 # -1 # ID=31_18;partial=00;start_type=ATG;rbs_motif=GGAG/GAGG;rbs_spacer=5-10bp;genetic_code=11;gc_cont=0.684	GENOMAD.178810.CP	2.631E-26	117	0
JAJIWC010000038.1_25 # 22972 # 23511 # -1 # ID=32_25;partial=00;start_type=ATG;rbs_motif=None;rbs_spacer=None;genetic_code=11;gc_cont=0.643	GENOMAD.013102.CC	8.182E-31	121	0
JAJIWC010000003.1_18 # 23759 # 25144 # -1 # ID=33_18;partial=00;start_type=ATG;rbs_motif=GGAG/GAGG;rbs_spacer=5-10bp;genetic_code=11;gc_cont=0.689	GENOMAD.169710.PC	1.014E-29	127	0
JAJIWC010000041.1_40 # 39868 # 41574 # 1 # ID=36_40;partial=00;start_type=ATG;rbs_motif=None;rbs_spacer=None;genetic_code=11;gc_cont=0.678	GENOMAD.111480.CP	9.889E-06	51	0
JAJIWC010000041.1_104 # 106948 # 107682 # -1 # ID=36_104;partial=00;start_type=ATG;rbs_motif=AGGA;rbs_spacer=5-10bp;genetic_code=11;gc_cont=0.611	GENOMAD.000002.CC	2.473E-47	172	0
JAJIWC010000043.1_4 # 4179 # 5540 # 1 # ID=38_4;partial=00;start_type=ATG;rbs_motif=AGGAG;rbs_spacer=5-10bp;genetic_code=11;gc_cont=0.667	GENOMAD.213349.VC	1.586E-14	79	0
JAJIWC010000047.1_13 # 8882 # 10378 # -1 # ID=42_13;partial=00;start_type=ATG;rbs_motif=AGGA;rbs_spacer=5-10bp;genetic_code=11;gc_cont=0.681	GENOMAD.042263.CC	1.803E-23	108	0
JAJIWC010000004.1_43 # 70457 # 71311 # 1 # ID=44_43;partial=00;start_type=ATG;rbs_motif=None;rbs_spacer=None;genetic_code=11;gc_cont=0.641	GENOMAD.111713.CP	5.257E-31	126	0
JAJIWC010000004.1_107 # 142664 # 143677 # -1 # ID=44_107;partial=00;start_type=ATG;rbs_motif=GGAG/GAGG;rbs_spacer=5-10bp;genetic_code=11;gc_cont=0.651	GENOMAD.071960.CP	4.058E-21	98	0
JAJIWC010000051.1_98 # 126290 # 126808 # -1 # ID=47_98;partial=00;start_type=ATG;rbs_motif=GGAG/GAGG;rbs_spacer=5-10bp;genetic_code=11;gc_cont=0.582	GENOMAD.182432.CP	5.786E-04	42	0
JAJIWC010000051.1_130 # 163259 # 163660 # -1 # ID=47_130;partial=00;start_type=ATG;rbs_motif=None;rbs_spacer=None;genetic_code=11;gc_cont=0.590	GENOMAD.000945.CC	1.029E-06	49	0
JAJIWC010000056.1_15 # 16553 # 17674 # 1 # ID=52_15;partial=00;start_type=ATG;rbs_motif=GGA/GAG/AGG;rbs_spacer=5-10bp;genetic_code=11;gc_cont=0.656	GENOMAD.129532.CP	9.164E-204	631	0
JAJIWC010000060.1_16 # 20608 # 23244 # 1 # ID=56_16;partial=00;start_type=ATG;rbs_motif=AGGAG;rbs_spacer=5-10bp;genetic_code=11;gc_cont=0.624	GENOMAD.152082.CP	2.441E-104	364	0
JAJIWC010000060.1_48 # 56987 # 58753 # -1 # ID=56_48;partial=00;start_type=ATG;rbs_motif=GGAG/GAGG;rbs_spacer=5-10bp;genetic_code=11;gc_cont=0.661	GENOMAD.103290.CV	8.254E-16	84	1246
JAJIWC010000061.1_20 # 24484 # 25362 # 1 # ID=57_20;partial=00;start_type=ATG;rbs_motif=GGAG/GAGG;rbs_spacer=5-10bp;genetic_code=11;gc_cont=0.637	GENOMAD.116387.CV	1.636E-25	110	1246
JAJIWC010000064.1_124 # 124360 # 124869 # 1 # ID=60_124;partial=00;start_type=ATG;rbs_motif=None;rbs_spacer=None;genetic_code=11;gc_cont=0.686	GENOMAD.145294.CP	4.450E-51	179	0
JAJIWC010000064.1_188 # 199574 # 200890 # 1 # ID=60_188;partial=00;start_type=ATG;rbs_motif=GGAG/GAGG;rbs_spacer=5-10bp;genetic_code=11;gc_cont=0.658	GENOMAD.153517.CP	4.656E-04	45	0
JAJIWC010000065.1_7 # 5707 # 6000 # 1 # ID=61_7;partial=00;start_type=ATG;rbs_motif=AGGAG;rbs_spacer=5-10bp;genetic_code=11;gc_cont=0.497	GENOMAD.023159.PP	7.281E-14	68	0
JAJIWC010000066.1_11 # 14666 # 15121 # -1 # ID=62_11;partial=00;start_type=ATG;rbs_motif=None;rbs_spacer=None;genetic_code=11;gc_cont=0.678	GENOMAD.205619.PC	1.398E-38	142	0
JAJIWC010000070.1_127 # 149138 # 150382 # 1 # ID=67_127;partial=00;start_type=ATG;rbs_motif=GGA/GAG/AGG;rbs_spacer=5-10bp;genetic_code=11;gc_cont=0.671	GENOMAD.152588.CP	6.874E-60	216	0
JAJIWC010000070.1_159 # 192336 # 192743 # 1 # ID=67_159;partial=00;start_type=ATG;rbs_motif=GGA/GAG/AGG;rbs_spacer=5-10bp;genetic_code=11;gc_cont=0.674	GENOMAD.167065.CP	2.835E-40	146	0
JAJIWC010000077.1_2 # 219 # 668 # -1 # ID=74_2;partial=00;start_type=ATG;rbs_motif=GGAG/GAGG;rbs_spacer=5-10bp;genetic_code=11;gc_cont=0.584	GENOMAD.031536.PP	2.854E-63	213	0
JAJIWC010000077.1_34 # 34052 # 37030 # -1 # ID=74_34;partial=00;start_type=ATG;rbs_motif=GGAGG;rbs_spacer=5-10bp;genetic_code=11;gc_cont=0.630	GENOMAD.125907.CP	3.999E-15	83	0
JAJIWC010000077.1_66 # 72007 # 72267 # -1 # ID=74_66;partial=00;start_type=ATG;rbs_motif=GGA/GAG/AGG;rbs_spacer=5-10bp;genetic_code=11;gc_cont=0.651	GENOMAD.183170.CP	1.805E-15	72	0
JAJIWC010000025.1_22 # 33724 # 34371 # -1 # ID=18_22;partial=00;start_type=ATG;rbs_motif=None;rbs_spacer=None;genetic_code=11;gc_cont=0.625	GENOMAD.120765.CP	2.267E-22	98	0
JAJIWC010000026.1_25 # 31190 # 31543 # 1 # ID=19_25;partial=00;start_type=ATG;rbs_motif=GGA/GAG/AGG;rbs_spacer=5-10bp;genetic_code=11;gc_cont=0.562	GENOMAD.053075.CC	1.358E-15	74	0
JAJIWC010000002.1_68 # 81496 # 82287 # -1 # ID=22_68;partial=00;start_type=ATG;rbs_motif=GGA/GAG/AGG;rbs_spacer=5-10bp;genetic_code=11;gc_cont=0.615	GENOMAD.221086.VP	3.711E-51	184	1246
JAJIWC010000029.1_19 # 26343 # 26918 # 1 # ID=23_19;partial=00;start_type=ATG;rbs_motif=None;rbs_spacer=None;genetic_code=11;gc_cont=0.622	GENOMAD.123185.CP	9.814E-24	101	0
JAJIWC010000029.1_51 # 59048 # 60157 # -1 # ID=23_51;partial=00;start_type=ATG;rbs_motif=GGA/GAG/AGG;rbs_spacer=11-12bp;genetic_code=11;gc_cont=0.665	GENOMAD.081820.CP	3.259E-95	317	0
JAJIWC010000031.1_36 # 43240 # 44442 # 1 # ID=25_36;partial=00;start_type=ATG;rbs_motif=AGGA;rbs_spacer=5-10bp;genetic_code=11;gc_cont=0.672	GENOMAD.118344.CP	9.299E-20	95	1246
JAJIWC010000031.1_68 # 78214 # 78789 # 1 # ID=25_68;partial=00;start_type=ATG;rbs_motif=GGAGG;rbs_spacer=5-10bp;genetic_code=11;gc_cont=0.592	GENOMAD.194208.PC	8.102E-106	338	0
JAJIWC010000031.1_100 # 112643 # 113089 # 1 # ID=25_100;partial=00;start_type=GTG;rbs_motif=GGAG/GAGG;rbs_spacer=5-10bp;genetic_code=11;gc_cont=0.617	GENOMAD.070929.CV	1.409E-19	87	0
JAJIWC010000031.1_164 # 197433 # 197813 # 1 # ID=25_164;partial=00;start_type=ATG;rbs_motif=AGGA/GGAG/GAGG;rbs_spacer=11-12bp;genetic_code=11;gc_cont=0.648	GENOMAD.136345.CP	4.697E-14	70	0
JAJIWC010000033.1_18 # 28673 # 30082 # 1 # ID=27_18;partial=00;start_type=ATG;rbs_motif=GGA/GAG/AGG;rbs_spacer=5-10bp;genetic_code=11;gc_cont=0.687	GENOMAD.170187.PC	2.448E-96	325	0
JAJIWC010000036.1_22 # 27568 # 28824 # 1 # ID=30_22;partial=00;start_type=ATG;rbs_motif=GGAG/GAGG;rbs_spacer=5-10bp;genetic_code=11;gc_cont=0.702	GENOMAD.167543.PC	2.708E-34	140	0
JAJIWC010000036.1_54 # 74720 # 75493 # -1 # ID=30_54;partial=00;start_type=ATG;rbs_motif=GGxGG;rbs_spacer=5-10bp;genetic_code=11;gc_cont=0.726	GENOMAD.176986.CP	1.868E-35	138	0
JAJIWC010000036.1_86 # 118817 # 120382 # -1 # ID=30_86;partial=00;start_type=ATG;rbs_motif=GGAG/GAGG;rbs_spacer=5-10bp;genetic_code=11;gc_cont=0.681	GENOMAD.098617.VV	5.364E-11	68	1246
JAJIWC010000036.1_150 # 188985 # 189347 # -1 # ID=30_150;partial=00;start_type=ATG;rbs_motif=AGGAG;rbs_spacer=5-10bp;genetic_code=11;gc_cont=0.664	GENOMAD.055874.CC	3.948E-54	185	0
JAJIWC010000036.1_182 # 224216 # 226423 # 1 # ID=30_182;partial=00;start_type=ATG;rbs_motif=AGGA;rbs_spacer=5-10bp;genetic_code=11;gc_cont=0.644	GENOMAD.171718.CP	2.823E-05	50	0
JAJIWC010000038.1_13 # 10916 # 11248 # 1 # ID=32_13;partial=00;start_type=ATG;rbs_motif=AGGAG;rbs_spacer=5-10bp;genetic_code=11;gc_cont=0.562	GENOMAD.133137.CV	1.836E-09	56	0
JAJIWC010000003.1_6 # 7703 # 10012 # -1 # ID=33_6;partial=00;start_type=ATG;rbs_motif=None;rbs_spacer=None;genetic_code=11;gc_cont=0.656	GENOMAD.127123.CP	4.914E-04	46	1246
JAJIWC010000003.1_38 # 49126 # 50406 # 1 # ID=33_38;partial=00;start_type=ATG;rbs_motif=AGGAG;rbs_spacer=5-10bp;genetic_code=11;gc_cont=0.678	GENOMAD.124521.CP	1.477E-67	239	0
JAJIWC010000041.1_92 # 101985 # 102176 # -1 # ID=36_92;partial=00;start_type=ATG;rbs_motif=GGAGG;rbs_spacer=5-10bp;genetic_code=11;gc_cont=0.589	GENOMAD.000237.CC	3.544E-07	47	0
JAJIWC010000042.1_10 # 5900 # 6136 # 1 # ID=37_10;partial=00;start_type=GTG;rbs_motif=GGA/GAG/AGG;rbs_spacer=5-10bp;genetic_code=11;gc_cont=0.599	GENOMAD.078220.PP	3.036E-29	111	0
JAJIWC010000047.1_33 # 32694 # 33320 # 1 # ID=42_33;partial=00;start_type=ATG;rbs_motif=GGA/GAG/AGG;rbs_spacer=5-10bp;genetic_code=11;gc_cont=0.719	GENOMAD.006203.CC	1.520E-25	107	0
JAJIWC010000047.1_65 # 67409 # 69163 # 1 # ID=42_65;partial=00;start_type=ATG;rbs_motif=AGGAG;rbs_spacer=5-10bp;genetic_code=11;gc_cont=0.636	GENOMAD.021660.VV	1.513E-07	57	1246
JAJIWC010000004.1_31 # 42865 # 45123 # 1 # ID=44_31;partial=00;start_type=ATG;rbs_motif=GGAG/GAGG;rbs_spacer=5-10bp;genetic_code=11;gc_cont=0.644	GENOMAD.146534.CP	1.444E-05	51	0
JAJIWC010000004.1_63 # 98022 # 98942 # -1 # ID=44_63;partial=00;start_type=ATG;rbs_motif=None;rbs_spacer=None;genetic_code=11;gc_cont=0.697	GENOMAD.103400.CP	8.769E-136	431	0
JAJIWC010000051.1_22 # 36920 # 38536 # -1 # ID=47_22;partial=00;start_type=ATG;rbs_motif=GGA/GAG/AGG;rbs_spacer=5-10bp;genetic_code=11;gc_cont=0.695	GENOMAD.168696.PC	1.327E-76	270	0
JAJIWC010000051.1_54 # 69919 # 71430 # -1 # ID=47_54;partial=00;start_type=GTG;rbs_motif=GGAG/GAGG;rbs_spacer=5-10bp;genetic_code=11;gc_cont=0.646	GENOMAD.147640.CP	1.185E-15	83	0
JAJIWC010000051.1_86 # 111686 # 112453 # -1 # ID=47_86;partial=00;start_type=ATG;rbs_motif=AGGAG;rbs_spacer=5-10bp;genetic_code=11;gc_cont=0.445	GENOMAD.113335.PC	7.465E-130	411	0
JAJIWC010000051.1_118 # 150289 # 151791 # -1 # ID=47_118;partial=00;start_type=GTG;rbs_motif=GGA/GAG/AGG;rbs_spacer=5-10bp;genetic_code=11;gc_cont=0.616	GENOMAD.109407.CP	1.204E-11	70	0
JAJIWC010000053.1_6 # 6238 # 7023 # 1 # ID=49_6;partial=00;start_type=GTG;rbs_motif=GGA/GAG/AGG;rbs_spacer=11-12bp;genetic_code=11;gc_cont=0.687	GENOMAD.171214.CP	2.103E-67	231	0
JAJIWC010000056.1_131 # 149723 # 150571 # 1 # ID=52_131;partial=00;start_type=ATG;rbs_motif=None;rbs_spacer=None;genetic_code=11;gc_cont=0.686	GENOMAD.117073.CP	2.877E-18	88	0
JAJIWC010000060.1_4 # 3615 # 4139 # -1 # ID=56_4;partial=00;start_type=ATG;rbs_motif=GGA/GAG/AGG;rbs_spacer=5-10bp;genetic_code=11;gc_cont=0.701	GENOMAD.147559.CP	2.879E-58	200	0
JAJIWC010000060.1_36 # 45766 # 46806 # -1 # ID=56_36;partial=00;start_type=ATG;rbs_motif=GGA/GAG/AGG;rbs_spacer=5-10bp;genetic_code=11;gc_cont=0.685	GENOMAD.007324.CC	2.031E-41	159	0
JAJIWC010000060.1_68 # 90069 # 91871 # 1 # ID=56_68;partial=00;start_type=ATG;rbs_motif=GGA/GAG/AGG;rbs_spacer=5-10bp;genetic_code=11;gc_cont=0.678	GENOMAD.159061.PC	7.141E-99	338	0
JAJIWC010000061.1_8 # 10471 # 11601 # -1 # ID=57_8;partial=00;start_type=ATG;rbs_motif=None;rbs_spacer=None;genetic_code=11;gc_cont=0.675	GENOMAD.143077.CP	5.144E-06	51	0
JAJIWC010000061.1_104 # 112484 # 114985 # 1 # ID=57_104;partial=00;start_type=GTG;rbs_motif=GGA/GAG/AGG;rbs_spacer=5-10bp;genetic_code=11;gc_cont=0.677	GENOMAD.133515.CP	6.164E-51	199	0
JAJIWC010000061.1_136 # 147893 # 150586 # 1 # ID=57_136;partial=00;start_type=ATG;rbs_motif=GGAGG;rbs_spacer=5-10bp;genetic_code=11;gc_cont=0.642	GENOMAD.152082.CP	8.346E-55	212	0
JAJIWC010000064.1_208 # 220407 # 221003 # -1 # ID=60_208;partial=00;start_type=GTG;rbs_motif=GGAG/GAGG;rbs_spacer=5-10bp;genetic_code=11;gc_cont=0.650	GENOMAD.134250.CP	1.991E-47	170	0
JAJIWC010000065.1_27 # 23782 # 24096 # -1 # ID=61_27;partial=00;start_type=ATG;rbs_motif=GGAG/GAGG;rbs_spacer=5-10bp;genetic_code=11;gc_cont=0.613	GENOMAD.027931.PP	2.845E-26	104	0
JAJIWC010000066.1_31 # 37112 # 37621 # -1 # ID=62_31;partial=00;start_type=ATG;rbs_motif=None;rbs_spacer=None;genetic_code=11;gc_cont=0.692	GENOMAD.168400.CP	5.087E-32	124	0
JAJIWC010000070.1_19 # 21840 # 22169 # -1 # ID=67_19;partial=00;start_type=ATG;rbs_motif=GGAG/GAGG;rbs_spacer=5-10bp;genetic_code=11;gc_cont=0.642	GENOMAD.007903.CC	9.594E-08	51	0
JAJIWC010000070.1_51 # 64337 # 65635 # -1 # ID=67_51;partial=00;start_type=ATG;rbs_motif=None;rbs_spacer=None;genetic_code=11;gc_cont=0.672	GENOMAD.160510.CP	7.785E-07	54	0
JAJIWC010000070.1_115 # 137097 # 137483 # 1 # ID=67_115;partial=00;start_type=ATG;rbs_motif=GGAG/GAGG;rbs_spacer=5-10bp;genetic_code=11;gc_cont=0.610	GENOMAD.111281.CP	5.370E-22	93	0
JAJIWC010000070.1_147 # 176372 # 177838 # 1 # ID=67_147;partial=00;start_type=ATG;rbs_motif=GGA/GAG/AGG;rbs_spacer=5-10bp;genetic_code=11;gc_cont=0.643	GENOMAD.137825.CP	7.912E-06	51	0
JAJIWC010000077.1_22 # 20153 # 20278 # 1 # ID=74_22;partial=00;start_type=ATG;rbs_motif=GGAG/GAGG;rbs_spacer=5-10bp;genetic_code=11;gc_cont=0.603	GENOMAD.112966.CP	3.527E-11	57	0
JAJIWC010000077.1_150 # 166948 # 167628 # -1 # ID=74_150;partial=00;start_type=ATG;rbs_motif=GGxGG;rbs_spacer=3-4bp;genetic_code=11;gc_cont=0.604	GENOMAD.095404.CP	4.515E-69	234	0
JAJIWC010000078.1_44 # 63751 # 65004 # -1 # ID=76_44;partial=00;start_type=ATG;rbs_motif=None;rbs_spacer=None;genetic_code=11;gc_cont=0.683	GENOMAD.119129.CP	2.245E-51	191	0
JAJIWC010000078.1_76 # 105049 # 107331 # -1 # ID=76_76;partial=00;start_type=ATG;rbs_motif=GGAG/GAGG;rbs_spacer=5-10bp;genetic_code=11;gc_cont=0.634	GENOMAD.046845.VV	1.306E-34	146	1246
JAJIWC010000082.1_9 # 4397 # 4648 # 1 # ID=80_9;partial=00;start_type=ATG;rbs_motif=GGA/GAG/AGG;rbs_spacer=11-12bp;genetic_code=11;gc_cont=0.639	GENOMAD.148914.VV	4.547E-20	85	0
JAJIWC010000007.1_57 # 63048 # 66296 # -1 # ID=86_57;partial=00;start_type=ATG;rbs_motif=GGA/GAG/AGG;rbs_spacer=5-10bp;genetic_code=11;gc_cont=0.649	GENOMAD.161283.VC	2.247E-15	84	1246
JAJIWC010000007.1_121 # 150708 # 151862 # -1 # ID=86_121;partial=00;start_type=ATG;rbs_motif=GGAG/GAGG;rbs_spacer=5-10bp;genetic_code=11;gc_cont=0.619	GENOMAD.123376.CP	4.939E-10	64	0
JAJIWC010000010.1_114 # 157204 # 157473 # -1 # ID=2_114;partial=00;start_type=ATG;rbs_motif=GGAGG;rbs_spacer=5-10bp;genetic_code=11;gc_cont=0.641	GENOMAD.103040.CV	1.595E-10	58	0
JAJIWC010000011.1_23 # 29530 # 30075 # 1 # ID=3_23;partial=00;start_type=ATG;rbs_motif=GGA/GAG/AGG;rbs_spacer=5-10bp;genetic_code=11;gc_cont=0.656	GENOMAD.123377.CP	3.373E-33	128	0
JAJIWC010000011.1_55 # 69274 # 70998 # -1 # ID=3_55;partial=00;start_type=ATG;rbs_motif=GGA/GAG/AGG;rbs_spacer=5-10bp;genetic_code=11;gc_cont=0.663	GENOMAD.074816.CV	6.820E-45	176	0
JAJIWC010000011.1_119 # 148602 # 149051 # -1 # ID=3_119;partial=00;start_type=ATG;rbs_motif=GGA/GAG/AGG;rbs_spacer=5-10bp;genetic_code=11;gc_cont=0.631	GENOMAD.204499.VV	1.316E-71	237	2773
JAJIWC010000011.1_247 # 303830 # 305095 # -1 # ID=3_247;partial=00;start_type=ATG;rbs_motif=GGAG/GAGG;rbs_spacer=5-10bp;genetic_code=11;gc_cont=0.673	GENOMAD.112670.CP	8.050E-24	108	0
JAJIWC010000011.1_311 # 374429 # 375304 # -1 # ID=3_311;partial=00;start_type=ATG;rbs_motif=None;rbs_spacer=None;genetic_code=11;gc_cont=0.647	GENOMAD.007407.CC	1.785E-64	224	0
JAJIWC010000012.1_52 # 55674 # 55871 # 1 # ID=4_52;partial=00;start_type=ATG;rbs_motif=AGGAG;rbs_spacer=5-10bp;genetic_code=11;gc_cont=0.601	GENOMAD.016611.CC	2.234E-05	42	0
JAJIWC010000012.1_84 # 91973 # 92221 # 1 # ID=4_84;partial=00;start_type=ATG;rbs_motif=GGAG/GAGG;rbs_spacer=5-10bp;genetic_code=11;gc_cont=0.610	GENOMAD.002160.CC	5.261E-11	59	0
JAJIWC010000014.1_17 # 23473 # 24264 # 1 # ID=6_17;partial=00;start_type=ATG;rbs_motif=None;rbs_spacer=None;genetic_code=11;gc_cont=0.664	GENOMAD.093434.CV	3.862E-23	102	0
JAJIWC010000017.1_21 # 19923 # 20705 # -1 # ID=9_21;partial=00;start_type=ATG;rbs_motif=GGA/GAG/AGG;rbs_spacer=5-10bp;genetic_code=11;gc_cont=0.645	GENOMAD.107364.VV	2.186E-34	135	0
JAJIWC010000019.1_81 # 106351 # 107259 # -1 # ID=12_81;partial=00;start_type=ATG;rbs_motif=GGAG/GAGG;rbs_spacer=5-10bp;genetic_code=11;gc_cont=0.689	GENOMAD.142547.CP	4.531E-24	106	0
JAJIWC010000026.1_14 # 14350 # 15870 # -1 # ID=19_14;partial=00;start_type=ATG;rbs_motif=AGGA;rbs_spacer=5-10bp;genetic_code=11;gc_cont=0.648	GENOMAD.098617.VV	3.422E-05	49	1246
JAJIWC010000029.1_8 # 16250 # 17785 # -1 # ID=23_8;partial=00;start_type=ATG;rbs_motif=GGAG/GAGG;rbs_spacer=5-10bp;genetic_code=11;gc_cont=0.615	GENOMAD.158496.CP	8.005E-87	299	0
JAJIWC010000031.1_57 # 67871 # 68521 # -1 # ID=25_57;partial=00;start_type=ATG;rbs_motif=GGAG/GAGG;rbs_spacer=5-10bp;genetic_code=11;gc_cont=0.653	GENOMAD.152305.CP	1.633E-28	116	0
JAJIWC010000031.1_89 # 100972 # 103632 # 1 # ID=25_89;partial=00;start_type=ATG;rbs_motif=None;rbs_spacer=None;genetic_code=11;gc_cont=0.683	GENOMAD.153600.CP	6.858E-60	228	0
JAJIWC010000031.1_121 # 137952 # 139334 # -1 # ID=25_121;partial=00;start_type=ATG;rbs_motif=AGGAG;rbs_spacer=5-10bp;genetic_code=11;gc_cont=0.666	GENOMAD.190734.CP	1.253E-112	372	0
JAJIWC010000031.1_153 # 185652 # 186005 # -1 # ID=25_153;partial=00;start_type=ATG;rbs_motif=None;rbs_spacer=None;genetic_code=11;gc_cont=0.613	GENOMAD.141125.CP	2.289E-50	174	0
JAJIWC010000031.1_185 # 216685 # 217518 # 1 # ID=25_185;partial=00;start_type=ATG;rbs_motif=None;rbs_spacer=None;genetic_code=11;gc_cont=0.596	GENOMAD.189522.PC	5.232E-162	505	0
JAJIWC010000036.1_43 # 65224 # 65511 # 1 # ID=30_43;partial=00;start_type=ATG;rbs_motif=GGA/GAG/AGG;rbs_spacer=5-10bp;genetic_code=11;gc_cont=0.694	GENOMAD.130478.CP	2.943E-45	158	0
JAJIWC010000038.1_2 # 797 # 1624 # -1 # ID=32_2;partial=00;start_type=ATG;rbs_motif=None;rbs_spacer=None;genetic_code=11;gc_cont=0.659	GENOMAD.049669.CC	6.530E-150	470	0
JAJIWC010000039.1_17 # 21636 # 24539 # -1 # ID=34_17;partial=00;start_type=ATG;rbs_motif=GGA/GAG/AGG;rbs_spacer=5-10bp;genetic_code=11;gc_cont=0.695	GENOMAD.215794.CP	1.209E-06	55	0
JAJIWC010000047.1_54 # 57323 # 58105 # -1 # ID=42_54;partial=00;start_type=ATG;rbs_motif=AGGA;rbs_spacer=5-10bp;genetic_code=11;gc_cont=0.599	GENOMAD.140872.CP	3.473E-70	239	0
JAJIWC010000004.1_52 # 83414 # 83863 # -1 # ID=44_52;partial=00;start_type=ATG;rbs_motif=GGA/GAG/AGG;rbs_spacer=5-10bp;genetic_code=11;gc_cont=0.656	GENOMAD.049078.CC	5.926E-11	62	0
JAJIWC010000050.1_17 # 11278 # 12063 # -1 # ID=46_17;partial=00;start_type=ATG;rbs_motif=GGAG/GAGG;rbs_spacer=5-10bp;genetic_code=11;gc_cont=0.587	GENOMAD.115261.PC	3.887E-15	78	0
JAJIWC010000051.1_107 # 136478 # 136747 # 1 # ID=47_107;partial=00;start_type=ATG;rbs_motif=None;rbs_spacer=None;genetic_code=11;gc_cont=0.656	GENOMAD.001157.CC	6.008E-43	151	0
JAJIWC010000055.1_10 # 9727 # 10320 # 1 # ID=51_10;partial=00;start_type=ATG;rbs_motif=None;rbs_spacer=None;genetic_code=11;gc_cont=0.667	GENOMAD.000052.CC	1.716E-39	147	1246
JAJIWC010000056.1_56 # 65881 # 68307 # 1 # ID=52_56;partial=00;start_type=ATG;rbs_motif=AGxAG;rbs_spacer=11-12bp;genetic_code=11;gc_cont=0.646	GENOMAD.154275.VC	4.466E-28	125	1246
JAJIWC010000056.1_88 # 100489 # 101934 # -1 # ID=52_88;partial=00;start_type=ATG;rbs_motif=GGA/GAG/AGG;rbs_spacer=11-12bp;genetic_code=11;gc_cont=0.651	GENOMAD.167110.CP	1.272E-88	303	1246
JAJIWC010000056.1_120 # 135013 # 137481 # 1 # ID=52_120;partial=00;start_type=ATG;rbs_motif=GGAG/GAGG;rbs_spacer=5-10bp;genetic_code=11;gc_cont=0.655	GENOMAD.179037.PC	1.350E-18	94	0
JAJIWC010000061.1_61 # 69531 # 70319 # 1 # ID=57_61;partial=00;start_type=ATG;rbs_motif=GGAG/GAGG;rbs_spacer=5-10bp;genetic_code=11;gc_cont=0.695	GENOMAD.026719.CC	1.832E-38	147	0
JAJIWC010000061.1_93 # 97792 # 98292 # 1 # ID=57_93;partial=00;start_type=ATG;rbs_motif=None;rbs_spacer=None;genetic_code=11;gc_cont=0.631	GENOMAD.127426.CP	1.324E-54	189	0
JAJIWC010000064.1_37 # 35718 # 36275 # 1 # ID=60_37;partial=00;start_type=ATG;rbs_motif=AGGA;rbs_spacer=5-10bp;genetic_code=11;gc_cont=0.634	GENOMAD.136862.CP	1.257E-16	80	0
JAJIWC010000064.1_69 # 71708 # 72877 # 1 # ID=60_69;partial=00;start_type=ATG;rbs_motif=GGA/GAG/AGG;rbs_spacer=5-10bp;genetic_code=11;gc_cont=0.668	GENOMAD.070016.VV	8.860E-21	98	1246
JAJIWC010000064.1_133 # 135118 # 136218 # 1 # ID=60_133;partial=00;start_type=ATG;rbs_motif=None;rbs_spacer=None;genetic_code=11;gc_cont=0.649	GENOMAD.001963.CC	6.533E-13	73	0
JAJIWC010000065.1_16 # 13481 # 14620 # 1 # ID=61_16;partial=00;start_type=ATG;rbs_motif=GGAGG;rbs_spacer=5-10bp;genetic_code=11;gc_cont=0.597	GENOMAD.107175.PC	1.557E-52	193	0
JAJIWC010000070.1_40 # 48061 # 49164 # -1 # ID=67_40;partial=00;start_type=ATG;rbs_motif=GGA/GAG/AGG;rbs_spacer=5-10bp;genetic_code=11;gc_cont=0.655	GENOMAD.137519.CP	1.734E-04	46	0
JAJIWC010000070.1_104 # 121847 # 123382 # -1 # ID=67_104;partial=00;start_type=ATG;rbs_motif=AGGAG;rbs_spacer=5-10bp;genetic_code=11;gc_cont=0.691	GENOMAD.154729.CP	2.070E-06	53	0
JAJIWC010000070.1_136 # 163711 # 166044 # -1 # ID=67_136;partial=00;start_type=GTG;rbs_motif=None;rbs_spacer=None;genetic_code=11;gc_cont=0.586	GENOMAD.125907.CP	2.768E-178	578	0
JAJIWC010000056.1_77 # 90456 # 91409 # 1 # ID=52_77;partial=00;start_type=ATG;rbs_motif=None;rbs_spacer=None;genetic_code=11;gc_cont=0.674	GENOMAD.157843.CP	6.232E-28	118	0
JAJIWC010000056.1_109 # 118956 # 119186 # 1 # ID=52_109;partial=00;start_type=ATG;rbs_motif=AGGAG;rbs_spacer=5-10bp;genetic_code=11;gc_cont=0.589	GENOMAD.022295.CC	7.611E-27	104	0
JAJIWC010000061.1_18 # 22400 # 23125 # 1 # ID=57_18;partial=00;start_type=ATG;rbs_motif=None;rbs_spacer=None;genetic_code=11;gc_cont=0.691	GENOMAD.183678.PC	1.090E-35	138	0
JAJIWC010000061.1_50 # 59615 # 61012 # -1 # ID=57_50;partial=00;start_type=ATG;rbs_motif=None;rbs_spacer=None;genetic_code=11;gc_cont=0.644	GENOMAD.168467.CP	8.805E-07	54	0
JAJIWC010000061.1_114 # 122587 # 123270 # -1 # ID=57_114;partial=00;start_type=ATG;rbs_motif=None;rbs_spacer=None;genetic_code=11;gc_cont=0.675	GENOMAD.153561.CP	1.556E-06	51	0
JAJIWC010000062.1_6 # 6531 # 6767 # -1 # ID=58_6;partial=00;start_type=GTG;rbs_motif=AGxAG;rbs_spacer=5-10bp;genetic_code=11;gc_cont=0.519	GENOMAD.117295.PC	1.568E-06	46	0
JAJIWC010000064.1_90 # 95489 # 96415 # -1 # ID=60_90;partial=00;start_type=GTG;rbs_motif=GGAG/GAGG;rbs_spacer=5-10bp;genetic_code=11;gc_cont=0.661	GENOMAD.190451.PC	2.173E-08	58	0
JAJIWC010000070.1_93 # 107237 # 109438 # -1 # ID=67_93;partial=00;start_type=ATG;rbs_motif=AGGAG;rbs_spacer=5-10bp;genetic_code=11;gc_cont=0.634	GENOMAD.086843.PP	0.000E+00	1066	0
JAJIWC010000070.1_125 # 147778 # 148320 # -1 # ID=67_125;partial=00;start_type=ATG;rbs_motif=None;rbs_spacer=None;genetic_code=11;gc_cont=0.669	GENOMAD.151298.VC	3.110E-04	43	1246
JAJIWC010000074.1_8 # 8421 # 10979 # -1 # ID=71_8;partial=00;start_type=GTG;rbs_motif=GGA/GAG/AGG;rbs_spacer=5-10bp;genetic_code=11;gc_cont=0.633	GENOMAD.152082.CP	2.059E-27	123	0
JAJIWC010000075.1_22 # 27946 # 28677 # 1 # ID=72_22;partial=00;start_type=ATG;rbs_motif=None;rbs_spacer=None;genetic_code=11;gc_cont=0.661	GENOMAD.179808.CP	1.745E-05	48	0
JAJIWC010000076.1_20 # 22743 # 23795 # -1 # ID=73_20;partial=00;start_type=ATG;rbs_motif=GGA/GAG/AGG;rbs_spacer=5-10bp;genetic_code=11;gc_cont=0.673	GENOMAD.171766.PC	2.161E-11	68	0
JAJIWC010000077.1_32 # 30955 # 32325 # -1 # ID=74_32;partial=00;start_type=GTG;rbs_motif=GGA/GAG/AGG;rbs_spacer=5-10bp;genetic_code=11;gc_cont=0.646	GENOMAD.123940.CP	2.179E-16	85	0
JAJIWC010000077.1_96 # 102998 # 104335 # -1 # ID=74_96;partial=00;start_type=ATG;rbs_motif=GGA/GAG/AGG;rbs_spacer=5-10bp;genetic_code=11;gc_cont=0.656	GENOMAD.127377.CP	5.719E-05	48	0
JAJIWC010000077.1_192 # 224106 # 224675 # 1 # ID=74_192;partial=00;start_type=ATG;rbs_motif=GGA/GAG/AGG;rbs_spacer=5-10bp;genetic_code=11;gc_cont=0.654	GENOMAD.127433.CP	3.057E-90	293	0
JAJIWC010000078.1_54 # 75126 # 76346 # -1 # ID=76_54;partial=00;start_type=ATG;rbs_motif=None;rbs_spacer=None;genetic_code=11;gc_cont=0.675	GENOMAD.118734.CP	1.001E-36	147	0
JAJIWC010000079.1_6 # 3226 # 3759 # 1 # ID=77_6;partial=00;start_type=ATG;rbs_motif=GGAGG;rbs_spacer=5-10bp;genetic_code=11;gc_cont=0.639	GENOMAD.081842.CV	1.232E-24	103	0
JAJIWC010000007.1_99 # 114991 # 115581 # -1 # ID=86_99;partial=00;start_type=ATG;rbs_motif=GGA/GAG/AGG;rbs_spacer=11-12bp;genetic_code=11;gc_cont=0.707	GENOMAD.141836.CP	7.565E-18	84	0
JAJIWC010000089.1_42 # 54379 # 54816 # 1 # ID=88_42;partial=00;start_type=ATG;rbs_motif=GGA/GAG/AGG;rbs_spacer=5-10bp;genetic_code=11;gc_cont=0.557	GENOMAD.206789.PC	6.875E-06	47	0
JAJIWC010000089.1_74 # 93630 # 94724 # 1 # ID=88_74;partial=00;start_type=ATG;rbs_motif=GGxGG;rbs_spacer=3-4bp;genetic_code=11;gc_cont=0.645	GENOMAD.145955.PC	1.762E-35	142	0
JAJIWC010000010.1_8 # 6571 # 13788 # 1 # ID=2_8;partial=00;start_type=ATG;rbs_motif=GGA/GAG/AGG;rbs_spacer=5-10bp;genetic_code=11;gc_cont=0.674	GENOMAD.116397.CP	9.794E-59	229	0
JAJIWC010000010.1_72 # 109448 # 110512 # -1 # ID=2_72;partial=00;start_type=ATG;rbs_motif=AGGA/GGAG/GAGG;rbs_spacer=11-12bp;genetic_code=11;gc_cont=0.676	GENOMAD.115195.CP	1.100E-06	53	0
JAJIWC010000011.1_141 # 174257 # 175156 # -1 # ID=3_141;partial=00;start_type=GTG;rbs_motif=AGGA/GGAG/GAGG;rbs_spacer=11-12bp;genetic_code=11;gc_cont=0.683	GENOMAD.132513.CP	1.783E-07	55	0
JAJIWC010000011.1_173 # 205753 # 209100 # -1 # ID=3_173;partial=00;start_type=ATG;rbs_motif=None;rbs_spacer=None;genetic_code=11;gc_cont=0.676	GENOMAD.192015.CP	1.581E-37	157	0
JAJIWC010000011.1_205 # 253548 # 254660 # 1 # ID=3_205;partial=00;start_type=ATG;rbs_motif=GGAG/GAGG;rbs_spacer=5-10bp;genetic_code=11;gc_cont=0.650	GENOMAD.161503.CP	7.288E-04	44	0
JAJIWC010000011.1_237 # 292479 # 293888 # 1 # ID=3_237;partial=00;start_type=ATG;rbs_motif=GGAG/GAGG;rbs_spacer=5-10bp;genetic_code=11;gc_cont=0.628	GENOMAD.120657.CP	6.666E-24	109	0
JAJIWC010000011.1_301 # 364719 # 365054 # -1 # ID=3_301;partial=00;start_type=ATG;rbs_motif=AGGA;rbs_spacer=5-10bp;genetic_code=11;gc_cont=0.652	GENOMAD.219541.CP	1.328E-04	42	0
JAJIWC010000012.1_74 # 82318 # 83037 # -1 # ID=4_74;partial=00;start_type=ATG;rbs_motif=GGAG/GAGG;rbs_spacer=5-10bp;genetic_code=11;gc_cont=0.674	GENOMAD.130695.CP	4.619E-36	139	0
JAJIWC010000019.1_7 # 7238 # 8731 # -1 # ID=12_7;partial=00;start_type=ATG;rbs_motif=AGGAG;rbs_spacer=5-10bp;genetic_code=11;gc_cont=0.624	GENOMAD.160889.PC	6.418E-39	156	0
JAJIWC010000019.1_39 # 43216 # 44598 # -1 # ID=12_39;partial=00;start_type=ATG;rbs_motif=GGAG/GAGG;rbs_spacer=5-10bp;genetic_code=11;gc_cont=0.639	GENOMAD.178249.CP	2.806E-89	304	0
JAJIWC010000019.1_71 # 90451 # 91359 # -1 # ID=12_71;partial=00;start_type=ATG;rbs_motif=None;rbs_spacer=None;genetic_code=11;gc_cont=0.647	GENOMAD.000187.CC	2.397E-157	493	0
JAJIWC010000022.1_8 # 7332 # 7823 # -1 # ID=15_8;partial=01;start_type=Edge;rbs_motif=None;rbs_spacer=None;genetic_code=11;gc_cont=0.614	GENOMAD.022765.PP	1.721E-75	249	0
JAJIWC010000025.1_1 # 3 # 878 # 1 # ID=18_1;partial=10;start_type=Edge;rbs_motif=None;rbs_spacer=None;genetic_code=11;gc_cont=0.598	GENOMAD.022765.PP	2.515E-151	475	0
JAJIWC010000027.1_12 # 15058 # 16875 # 1 # ID=20_12;partial=00;start_type=ATG;rbs_motif=GGAG/GAGG;rbs_spacer=5-10bp;genetic_code=11;gc_cont=0.667	GENOMAD.195728.CP	0.000E+00	1005	0
JAJIWC010000002.1_15 # 15480 # 16151 # -1 # ID=22_15;partial=00;start_type=ATG;rbs_motif=GGAG/GAGG;rbs_spacer=5-10bp;genetic_code=11;gc_cont=0.646	GENOMAD.002323.CC	7.267E-123	389	0
JAJIWC010000002.1_79 # 92242 # 92700 # -1 # ID=22_79;partial=00;start_type=ATG;rbs_motif=None;rbs_spacer=None;genetic_code=11;gc_cont=0.586	GENOMAD.158969.CP	5.711E-13	68	0
JAJIWC010000029.1_30 # 35852 # 37837 # -1 # ID=23_30;partial=00;start_type=ATG;rbs_motif=GGA/GAG/AGG;rbs_spacer=5-10bp;genetic_code=11;gc_cont=0.648	GENOMAD.146534.CP	9.989E-05	48	0
JAJIWC010000029.1_62 # 71111 # 71872 # -1 # ID=23_62;partial=00;start_type=ATG;rbs_motif=GGA/GAG/AGG;rbs_spacer=11-12bp;genetic_code=11;gc_cont=0.651	GENOMAD.132426.CP	2.337E-07	54	0
JAJIWC010000031.1_111 # 125802 # 126629 # 1 # ID=25_111;partial=00;start_type=ATG;rbs_motif=GGAG/GAGG;rbs_spacer=5-10bp;genetic_code=11;gc_cont=0.659	GENOMAD.000779.CC	1.286E-133	423	0
JAJIWC010000031.1_143 # 170902 # 172002 # 1 # ID=25_143;partial=00;start_type=ATG;rbs_motif=None;rbs_spacer=None;genetic_code=11;gc_cont=0.667	GENOMAD.146476.CP	4.612E-67	235	0
JAJIWC010000031.1_175 # 205202 # 206170 # -1 # ID=25_175;partial=00;start_type=ATG;rbs_motif=GGA/GAG/AGG;rbs_spacer=5-10bp;genetic_code=11;gc_cont=0.687	GENOMAD.132496.CP	8.115E-90	299	0
JAJIWC010000056.1_19 # 20959 # 22647 # -1 # ID=52_19;partial=00;start_type=ATG;rbs_motif=GGA/GAG/AGG;rbs_spacer=5-10bp;genetic_code=11;gc_cont=0.654	GENOMAD.168352.CP	1.344E-28	125	0
JAJIWC010000060.1_52 # 62633 # 65029 # 1 # ID=56_52;partial=00;start_type=ATG;rbs_motif=GGA/GAG/AGG;rbs_spacer=5-10bp;genetic_code=11;gc_cont=0.644	GENOMAD.148078.PC	0.000E+00	1294	0
JAJIWC010000060.1_84 # 108002 # 110587 # -1 # ID=56_84;partial=00;start_type=ATG;rbs_motif=GGAG/GAGG;rbs_spacer=5-10bp;genetic_code=11;gc_cont=0.646	GENOMAD.046845.VV	2.373E-24	113	1246
JAJIWC010000064.1_96 # 101122 # 101406 # 1 # ID=60_96;partial=00;start_type=ATG;rbs_motif=GGAGG;rbs_spacer=5-10bp;genetic_code=11;gc_cont=0.635	GENOMAD.170118.CP	2.462E-23	95	0
JAJIWC010000064.1_128 # 128611 # 129888 # -1 # ID=60_128;partial=00;start_type=ATG;rbs_motif=None;rbs_spacer=None;genetic_code=11;gc_cont=0.682	GENOMAD.167722.CP	1.049E-26	117	0
JAJIWC010000065.1_11 # 9338 # 10045 # 1 # ID=61_11;partial=00;start_type=ATG;rbs_motif=AGGAG;rbs_spacer=5-10bp;genetic_code=11;gc_cont=0.551	GENOMAD.069718.PP	5.970E-61	211	0
JAJIWC010000066.1_15 # 19196 # 21103 # -1 # ID=62_15;partial=00;start_type=ATG;rbs_motif=GGAG/GAGG;rbs_spacer=5-10bp;genetic_code=11;gc_cont=0.631	GENOMAD.110066.CP	9.475E-05	48	0
JAJIWC010000070.1_3 # 2798 # 3655 # 1 # ID=67_3;partial=00;start_type=ATG;rbs_motif=GGA/GAG/AGG;rbs_spacer=5-10bp;genetic_code=11;gc_cont=0.653	GENOMAD.129411.CP	2.840E-27	115	0
JAJIWC010000070.1_131 # 153864 # 154559 # 1 # ID=67_131;partial=00;start_type=ATG;rbs_motif=AGGA;rbs_spacer=5-10bp;genetic_code=11;gc_cont=0.636	GENOMAD.001990.CC	1.642E-06	51	0
JAJIWC010000070.1_163 # 195567 # 196784 # 1 # ID=67_163;partial=00;start_type=ATG;rbs_motif=GGAG/GAGG;rbs_spacer=5-10bp;genetic_code=11;gc_cont=0.649	GENOMAD.110049.CP	1.543E-52	194	0
JAJIWC010000076.1_26 # 29128 # 30408 # 1 # ID=73_26;partial=00;start_type=GTG;rbs_motif=None;rbs_spacer=None;genetic_code=11;gc_cont=0.664	GENOMAD.152417.CP	1.554E-37	150	0
JAJIWC010000077.1_38 # 39364 # 40386 # 1 # ID=74_38;partial=00;start_type=GTG;rbs_motif=GGA/GAG/AGG;rbs_spacer=5-10bp;genetic_code=11;gc_cont=0.626	GENOMAD.123012.CP	8.234E-19	91	0
JAJIWC010000077.1_70 # 75251 # 76594 # -1 # ID=74_70;partial=00;start_type=ATG;rbs_motif=None;rbs_spacer=None;genetic_code=11;gc_cont=0.625	GENOMAD.198386.CV	2.319E-51	192	0
JAJIWC010000077.1_134 # 149511 # 149912 # 1 # ID=74_134;partial=00;start_type=GTG;rbs_motif=GGAG/GAGG;rbs_spacer=5-10bp;genetic_code=11;gc_cont=0.600	GENOMAD.116980.PP	3.599E-53	183	0
JAJIWC010000078.1_28 # 44157 # 45077 # -1 # ID=76_28;partial=00;start_type=ATG;rbs_motif=None;rbs_spacer=None;genetic_code=11;gc_cont=0.647	GENOMAD.206339.PC	6.101E-05	47	0
JAJIWC010000078.1_92 # 124206 # 124607 # 1 # ID=76_92;partial=00;start_type=GTG;rbs_motif=GGAG/GAGG;rbs_spacer=5-10bp;genetic_code=11;gc_cont=0.647	GENOMAD.145565.CP	2.110E-17	80	0
JAJIWC010000007.1_9 # 5859 # 6773 # 1 # ID=86_9;partial=00;start_type=ATG;rbs_motif=None;rbs_spacer=None;genetic_code=11;gc_cont=0.674	GENOMAD.001078.CC	2.712E-65	227	0
JAJIWC010000007.1_41 # 41334 # 42968 # 1 # ID=86_41;partial=00;start_type=ATG;rbs_motif=None;rbs_spacer=None;genetic_code=11;gc_cont=0.673	GENOMAD.178810.CP	6.903E-25	113	0
JAJIWC010000007.1_105 # 123538 # 124665 # -1 # ID=86_105;partial=00;start_type=ATG;rbs_motif=GGAG/GAGG;rbs_spacer=5-10bp;genetic_code=11;gc_cont=0.675	GENOMAD.151838.CP	2.127E-05	49	0
JAJIWC010000089.1_16 # 26464 # 26904 # -1 # ID=88_16;partial=00;start_type=ATG;rbs_motif=None;rbs_spacer=None;genetic_code=11;gc_cont=0.646	GENOMAD.124272.CV	1.035E-12	67	1246
JAJIWC010000089.1_48 # 64130 # 65416 # -1 # ID=88_48;partial=00;start_type=ATG;rbs_motif=GGA/GAG/AGG;rbs_spacer=5-10bp;genetic_code=11;gc_cont=0.575	GENOMAD.167613.CP	7.647E-40	157	0
JAJIWC010000091.1_1 # 1 # 528 # 1 # ID=90_1;partial=10;start_type=Edge;rbs_motif=None;rbs_spacer=None;genetic_code=11;gc_cont=0.636	GENOMAD.208558.PC	6.298E-07	51	0
JAJIWC010000091.1_65 # 73350 # 76121 # 1 # ID=90_65;partial=00;start_type=ATG;rbs_motif=None;rbs_spacer=None;genetic_code=11;gc_cont=0.669	GENOMAD.154381.CP	1.915E-33	143	0
JAJIWC010000010.1_14 # 18725 # 20230 # -1 # ID=2_14;partial=00;start_type=ATG;rbs_motif=GGA/GAG/AGG;rbs_spacer=11-12bp;genetic_code=11;gc_cont=0.651	GENOMAD.167282.CP	2.499E-34	142	0
JAJIWC010000010.1_78 # 114099 # 114872 # 1 # ID=2_78;partial=00;start_type=ATG;rbs_motif=GGA/GAG/AGG;rbs_spacer=5-10bp;genetic_code=11;gc_cont=0.667	GENOMAD.194782.CP	3.627E-16	81	0
JAJIWC010000010.1_110 # 153944 # 154336 # -1 # ID=2_110;partial=00;start_type=ATG;rbs_motif=None;rbs_spacer=None;genetic_code=11;gc_cont=0.654	GENOMAD.147438.CP	7.590E-10	58	0
JAJIWC010000011.1_51 # 62843 # 63775 # -1 # ID=3_51;partial=00;start_type=ATG;rbs_motif=None;rbs_spacer=None;genetic_code=11;gc_cont=0.646	GENOMAD.182879.CP	1.151E-46	173	0
JAJIWC010000017.1_17 # 16475 # 17752 # 1 # ID=9_17;partial=00;start_type=ATG;rbs_motif=None;rbs_spacer=None;genetic_code=11;gc_cont=0.658	GENOMAD.133044.CP	5.805E-30	127	0
JAJIWC010000019.1_13 # 12462 # 14633 # -1 # ID=12_13;partial=00;start_type=TTG;rbs_motif=GGA/GAG/AGG;rbs_spacer=5-10bp;genetic_code=11;gc_cont=0.652	GENOMAD.009395.VV	4.550E-04	46	1246
JAJIWC010000019.1_77 # 103591 # 104490 # 1 # ID=12_77;partial=00;start_type=ATG;rbs_motif=GGA/GAG/AGG;rbs_spacer=5-10bp;genetic_code=11;gc_cont=0.672	GENOMAD.024576.CC	7.135E-126	402	0
JAJIWC010000026.1_10 # 10475 # 10975 # 1 # ID=19_10;partial=00;start_type=GTG;rbs_motif=None;rbs_spacer=None;genetic_code=11;gc_cont=0.707	GENOMAD.190009.CP	1.929E-50	177	0
JAJIWC010000026.1_42 # 54821 # 55462 # 1 # ID=19_42;partial=00;start_type=ATG;rbs_motif=None;rbs_spacer=None;genetic_code=11;gc_cont=0.720	GENOMAD.028140.CC	6.297E-94	305	0
JAJIWC010000027.1_18 # 24629 # 25060 # 1 # ID=20_18;partial=00;start_type=ATG;rbs_motif=GGA/GAG/AGG;rbs_spacer=5-10bp;genetic_code=11;gc_cont=0.657	GENOMAD.101229.CV	2.380E-10	60	0
JAJIWC010000002.1_53 # 64775 # 65689 # 1 # ID=22_53;partial=00;start_type=ATG;rbs_motif=GGA/GAG/AGG;rbs_spacer=5-10bp;genetic_code=11;gc_cont=0.667	GENOMAD.137507.CV	3.791E-49	180	0
JAJIWC010000029.1_4 # 7065 # 8801 # -1 # ID=23_4;partial=00;start_type=ATG;rbs_motif=GGAG/GAGG;rbs_spacer=5-10bp;genetic_code=11;gc_cont=0.641	GENOMAD.208849.PC	2.050E-109	368	0
JAJIWC010000029.1_68 # 76179 # 76541 # -1 # ID=23_68;partial=00;start_type=ATG;rbs_motif=GGA/GAG/AGG;rbs_spacer=5-10bp;genetic_code=11;gc_cont=0.656	GENOMAD.181438.CP	7.406E-06	46	0
JAJIWC010000031.1_21 # 23249 # 23620 # 1 # ID=25_21;partial=00;start_type=ATG;rbs_motif=AGGAG;rbs_spacer=5-10bp;genetic_code=11;gc_cont=0.626	GENOMAD.146485.CP	4.810E-21	90	0
JAJIWC010000031.1_53 # 62403 # 63875 # -1 # ID=25_53;partial=00;start_type=ATG;rbs_motif=AGGAG;rbs_spacer=5-10bp;genetic_code=11;gc_cont=0.654	GENOMAD.168696.PC	4.726E-07	55	0
JAJIWC010000004.1_61 # 94998 # 96212 # 1 # ID=44_61;partial=00;start_type=ATG;rbs_motif=None;rbs_spacer=None;genetic_code=11;gc_cont=0.658	GENOMAD.159005.CP	1.498E-52	194	0
JAJIWC010000050.1_26 # 20153 # 20728 # -1 # ID=46_26;partial=00;start_type=ATG;rbs_motif=GGAG/GAGG;rbs_spacer=5-10bp;genetic_code=11;gc_cont=0.569	GENOMAD.157964.PC	8.706E-07	51	0
JAJIWC010000051.1_20 # 33791 # 35608 # -1 # ID=47_20;partial=00;start_type=ATG;rbs_motif=GGAG/GAGG;rbs_spacer=5-10bp;genetic_code=11;gc_cont=0.645	GENOMAD.142795.CP	3.617E-04	46	0
JAJIWC010000051.1_116 # 147727 # 148317 # -1 # ID=47_116;partial=00;start_type=GTG;rbs_motif=GGA/GAG/AGG;rbs_spacer=5-10bp;genetic_code=11;gc_cont=0.618	GENOMAD.000102.CC	3.656E-39	146	1246
JAJIWC010000053.1_4 # 4711 # 5697 # 1 # ID=49_4;partial=00;start_type=GTG;rbs_motif=None;rbs_spacer=None;genetic_code=11;gc_cont=0.682	GENOMAD.119108.VC	1.663E-05	49	2156
JAJIWC010000011.1_191 # 236587 # 238782 # 1 # ID=3_191;partial=00;start_type=ATG;rbs_motif=AGGAG;rbs_spacer=5-10bp;genetic_code=11;gc_cont=0.660	GENOMAD.154880.CP	3.920E-21	102	1246
JAJIWC010000011.1_223 # 278248 # 279267 # 1 # ID=3_223;partial=00;start_type=GTG;rbs_motif=GGAG/GAGG;rbs_spacer=5-10bp;genetic_code=11;gc_cont=0.656	GENOMAD.129517.CP	1.017E-25	112	0
JAJIWC010000012.1_92 # 101519 # 102556 # 1 # ID=4_92;partial=00;start_type=ATG;rbs_motif=None;rbs_spacer=None;genetic_code=11;gc_cont=0.680	GENOMAD.000204.CC	3.654E-45	170	0
JAJIWC010000077.1_37 # 38830 # 39129 # -1 # ID=74_37;partial=00;start_type=GTG;rbs_motif=GGAG/GAGG;rbs_spacer=5-10bp;genetic_code=11;gc_cont=0.700	GENOMAD.153334.CP	9.153E-28	108	0
JAJIWC010000077.1_101 # 109250 # 110110 # -1 # ID=74_101;partial=00;start_type=GTG;rbs_motif=GGA/GAG/AGG;rbs_spacer=5-10bp;genetic_code=11;gc_cont=0.664	GENOMAD.145709.CP	7.932E-136	430	0
JAJIWC010000077.1_133 # 149115 # 149291 # -1 # ID=74_133;partial=00;start_type=ATG;rbs_motif=AGGAG;rbs_spacer=5-10bp;genetic_code=11;gc_cont=0.627	GENOMAD.224383.PV	1.238E-07	48	1246
JAJIWC010000078.1_27 # 43126 # 43824 # -1 # ID=76_27;partial=00;start_type=ATG;rbs_motif=AGGAG;rbs_spacer=5-10bp;genetic_code=11;gc_cont=0.644	GENOMAD.180976.PC	9.092E-19	88	0
JAJIWC010000078.1_91 # 122838 # 123872 # 1 # ID=76_91;partial=00;start_type=TTG;rbs_motif=None;rbs_spacer=None;genetic_code=11;gc_cont=0.640	GENOMAD.119444.CP	6.466E-04	44	0
JAJIWC010000089.1_79 # 99968 # 100441 # -1 # ID=88_79;partial=00;start_type=ATG;rbs_motif=AGGAGG;rbs_spacer=3-4bp;genetic_code=11;gc_cont=0.641	GENOMAD.182887.VC	5.849E-76	250	0
JAJIWC010000091.1_32 # 35936 # 36994 # -1 # ID=90_32;partial=00;start_type=GTG;rbs_motif=GGAG/GAGG;rbs_spacer=5-10bp;genetic_code=11;gc_cont=0.631	GENOMAD.000156.CC	3.670E-63	223	0
JAJIWC010000091.1_64 # 71195 # 72484 # 1 # ID=90_64;partial=00;start_type=ATG;rbs_motif=AGGA;rbs_spacer=5-10bp;genetic_code=11;gc_cont=0.674	GENOMAD.118353.CP	5.597E-28	121	0
JAJIWC010000008.1_19 # 21491 # 22360 # -1 # ID=93_19;partial=00;start_type=ATG;rbs_motif=GGAG/GAGG;rbs_spacer=5-10bp;genetic_code=11;gc_cont=0.677	GENOMAD.181951.CP	1.332E-45	169	0
JAJIWC010000009.1_22 # 21318 # 21869 # 1 # ID=1_22;partial=00;start_type=ATG;rbs_motif=GGA/GAG/AGG;rbs_spacer=3-4bp;genetic_code=11;gc_cont=0.690	GENOMAD.140606.CP	9.824E-40	147	0
JAJIWC010000029.1_99 # 106899 # 107441 # 1 # ID=23_99;partial=00;start_type=GTG;rbs_motif=AGGA;rbs_spacer=5-10bp;genetic_code=11;gc_cont=0.656	GENOMAD.142989.CP	3.195E-05	46	0
JAJIWC010000031.1_84 # 92564 # 94144 # 1 # ID=25_84;partial=00;start_type=ATG;rbs_motif=GGAG/GAGG;rbs_spacer=5-10bp;genetic_code=11;gc_cont=0.669	GENOMAD.212305.CP	4.098E-78	274	0
JAJIWC010000031.1_116 # 131282 # 132133 # 1 # ID=25_116;partial=00;start_type=ATG;rbs_motif=GGA/GAG/AGG;rbs_spacer=5-10bp;genetic_code=11;gc_cont=0.671	GENOMAD.205988.VC	4.537E-04	44	0
JAJIWC010000033.1_34 # 51890 # 53410 # 1 # ID=27_34;partial=00;start_type=ATG;rbs_motif=GGA/GAG/AGG;rbs_spacer=5-10bp;genetic_code=11;gc_cont=0.632	GENOMAD.159857.CP	3.422E-05	49	0
JAJIWC010000036.1_38 # 60762 # 61769 # -1 # ID=30_38;partial=00;start_type=ATG;rbs_motif=GGA/GAG/AGG;rbs_spacer=5-10bp;genetic_code=11;gc_cont=0.682	GENOMAD.190147.CP	1.657E-38	150	0
JAJIWC010000036.1_134 # 172693 # 174012 # -1 # ID=30_134;partial=00;start_type=ATG;rbs_motif=AGGAG;rbs_spacer=5-10bp;genetic_code=11;gc_cont=0.668	GENOMAD.125873.CP	9.471E-04	44	0
JAJIWC010000036.1_198 # 243743 # 244051 # -1 # ID=30_198;partial=00;start_type=ATG;rbs_motif=AGGA/GGAG/GAGG;rbs_spacer=11-12bp;genetic_code=11;gc_cont=0.680	GENOMAD.161585.CV	2.957E-17	78	0
JAJIWC010000004.1_79 # 114256 # 114822 # 1 # ID=44_79;partial=00;start_type=ATG;rbs_motif=None;rbs_spacer=None;genetic_code=11;gc_cont=0.614	GENOMAD.105354.CP	4.932E-21	93	0
JAJIWC010000050.1_12 # 5751 # 7103 # -1 # ID=46_12;partial=00;start_type=ATG;rbs_motif=GGAG/GAGG;rbs_spacer=5-10bp;genetic_code=11;gc_cont=0.653	GENOMAD.111807.PC	5.115E-35	143	0
JAJIWC010000064.1_81 # 82797 # 83534 # 1 # ID=60_81;partial=00;start_type=ATG;rbs_motif=None;rbs_spacer=None;genetic_code=11;gc_cont=0.680	GENOMAD.214525.PC	1.597E-53	190	0
JAJIWC010000064.1_145 # 148690 # 150066 # -1 # ID=60_145;partial=00;start_type=ATG;rbs_motif=None;rbs_spacer=None;genetic_code=11;gc_cont=0.683	GENOMAD.121831.CP	2.869E-36	147	1246
JAJIWC010000070.1_52 # 65672 # 66217 # -1 # ID=67_52;partial=00;start_type=ATG;rbs_motif=AGGA;rbs_spacer=5-10bp;genetic_code=11;gc_cont=0.689	GENOMAD.015629.CC	1.484E-04	44	0
JAJIWC010000012.1_29 # 31339 # 34638 # -1 # ID=4_29;partial=00;start_type=ATG;rbs_motif=None;rbs_spacer=None;genetic_code=11;gc_cont=0.691	GENOMAD.136566.CP	2.301E-05	51	0
JAJIWC010000017.1_30 # 30310 # 30945 # 1 # ID=9_30;partial=00;start_type=ATG;rbs_motif=GGA/GAG/AGG;rbs_spacer=11-12bp;genetic_code=11;gc_cont=0.610	GENOMAD.059655.CP	7.149E-27	111	0
JAJIWC010000019.1_26 # 29608 # 30879 # -1 # ID=12_26;partial=00;start_type=ATG;rbs_motif=GGAG/GAGG;rbs_spacer=5-10bp;genetic_code=11;gc_cont=0.719	GENOMAD.145263.CP	1.644E-63	227	0
JAJIWC010000077.1_151 # 167699 # 168958 # -1 # ID=74_151;partial=00;start_type=ATG;rbs_motif=GGxGG;rbs_spacer=5-10bp;genetic_code=11;gc_cont=0.609	GENOMAD.118563.CP	2.146E-27	119	0
JAJIWC010000077.1_183 # 204400 # 205245 # -1 # ID=74_183;partial=00;start_type=ATG;rbs_motif=GGA/GAG/AGG;rbs_spacer=5-10bp;genetic_code=11;gc_cont=0.662	GENOMAD.151402.CP	1.314E-18	89	0
JAJIWC010000078.1_77 # 107474 # 107755 # -1 # ID=76_77;partial=00;start_type=ATG;rbs_motif=None;rbs_spacer=None;genetic_code=11;gc_cont=0.610	GENOMAD.136164.CV	7.147E-05	42	0
JAJIWC010000078.1_109 # 141016 # 142419 # 1 # ID=76_109;partial=00;start_type=ATG;rbs_motif=GGA/GAG/AGG;rbs_spacer=5-10bp;genetic_code=11;gc_cont=0.672	GENOMAD.142809.CP	8.866E-07	54	0
JAJIWC010000082.1_10 # 4676 # 4804 # 1 # ID=80_10;partial=00;start_type=ATG;rbs_motif=AGGAG;rbs_spacer=5-10bp;genetic_code=11;gc_cont=0.581	GENOMAD.112093.VV	2.595E-14	66	0
JAJIWC010000025.1_20 # 30653 # 32215 # 1 # ID=18_20;partial=00;start_type=GTG;rbs_motif=AGGAG;rbs_spacer=5-10bp;genetic_code=11;gc_cont=0.642	GENOMAD.126256.CP	9.039E-10	64	0
JAJIWC010000026.1_55 # 72289 # 74484 # -1 # ID=19_55;partial=00;start_type=ATG;rbs_motif=GGA/GAG/AGG;rbs_spacer=5-10bp;genetic_code=11;gc_cont=0.649	GENOMAD.181541.CP	5.415E-19	95	0
JAJIWC010000029.1_17 # 24755 # 25273 # -1 # ID=23_17;partial=00;start_type=ATG;rbs_motif=AGGAG;rbs_spacer=5-10bp;genetic_code=11;gc_cont=0.680	GENOMAD.034204.CC	1.559E-72	241	0
JAJIWC010000029.1_81 # 90961 # 91812 # -1 # ID=23_81;partial=00;start_type=ATG;rbs_motif=GGA/GAG/AGG;rbs_spacer=5-10bp;genetic_code=11;gc_cont=0.673	GENOMAD.019505.CC	3.310E-100	327	0
JAJIWC010000029.1_24 # 29768 # 30439 # 1 # ID=23_24;partial=00;start_type=ATG;rbs_motif=None;rbs_spacer=None;genetic_code=11;gc_cont=0.665	GENOMAD.171470.CP	1.048E-57	201	0
JAJIWC010000029.1_88 # 97791 # 99134 # 1 # ID=23_88;partial=00;start_type=ATG;rbs_motif=AGGA;rbs_spacer=5-10bp;genetic_code=11;gc_cont=0.646	GENOMAD.181612.CP	2.370E-128	417	0
JAJIWC010000031.1_41 # 46420 # 47409 # 1 # ID=25_41;partial=00;start_type=ATG;rbs_motif=GGA/GAG/AGG;rbs_spacer=5-10bp;genetic_code=11;gc_cont=0.658	GENOMAD.151006.CP	3.267E-19	92	0
JAJIWC010000031.1_105 # 118040 # 119551 # 1 # ID=25_105;partial=00;start_type=ATG;rbs_motif=GGAG/GAGG;rbs_spacer=5-10bp;genetic_code=11;gc_cont=0.676	GENOMAD.097137.CP	2.683E-26	117	0
JAJIWC010000031.1_137 # 159618 # 160655 # 1 # ID=25_137;partial=00;start_type=ATG;rbs_motif=GGA/GAG/AGG;rbs_spacer=5-10bp;genetic_code=11;gc_cont=0.657	GENOMAD.205408.PC	6.272E-50	184	0
JAJIWC010000011.1_221 # 272977 # 276684 # -1 # ID=3_221;partial=00;start_type=ATG;rbs_motif=None;rbs_spacer=None;genetic_code=11;gc_cont=0.663	GENOMAD.137972.CP	6.945E-184	613	0
JAJIWC010000011.1_285 # 342840 # 343187 # -1 # ID=3_285;partial=00;start_type=ATG;rbs_motif=AGGAG;rbs_spacer=5-10bp;genetic_code=11;gc_cont=0.635	GENOMAD.167065.CP	2.541E-40	145	0
JAJIWC010000012.1_90 # 99292 # 99756 # 1 # ID=4_90;partial=00;start_type=ATG;rbs_motif=GGA/GAG/AGG;rbs_spacer=5-10bp;genetic_code=11;gc_cont=0.641	GENOMAD.009388.CC	4.091E-04	42	0
JAJIWC010000014.1_23 # 32481 # 33305 # 1 # ID=6_23;partial=00;start_type=ATG;rbs_motif=None;rbs_spacer=None;genetic_code=11;gc_cont=0.628	GENOMAD.111713.CP	4.958E-15	78	0
JAJIWC010000014.1_55 # 73237 # 73557 # -1 # ID=6_55;partial=00;start_type=ATG;rbs_motif=AGGA;rbs_spacer=5-10bp;genetic_code=11;gc_cont=0.607	GENOMAD.080110.CV	3.114E-26	104	0
JAJIWC010000017.1_27 # 27474 # 28127 # 1 # ID=9_27;partial=00;start_type=ATG;rbs_motif=GGA/GAG/AGG;rbs_spacer=11-12bp;genetic_code=11;gc_cont=0.713	GENOMAD.105767.CP	1.807E-38	145	0
JAJIWC010000019.1_55 # 61852 # 65304 # -1 # ID=12_55;partial=00;start_type=ATG;rbs_motif=None;rbs_spacer=None;genetic_code=11;gc_cont=0.670	GENOMAD.142301.CP	4.006E-115	404	0
JAJIWC010000026.1_20 # 24969 # 27635 # 1 # ID=19_20;partial=00;start_type=ATG;rbs_motif=None;rbs_spacer=None;genetic_code=11;gc_cont=0.667	GENOMAD.112786.CP	2.414E-205	662	0
JAJIWC010000026.1_52 # 67363 # 69057 # -1 # ID=19_52;partial=00;start_type=ATG;rbs_motif=GGA/GAG/AGG;rbs_spacer=5-10bp;genetic_code=11;gc_cont=0.657	GENOMAD.137986.CP	1.630E-04	47	0
JAJIWC010000002.1_31 # 31307 # 31972 # -1 # ID=22_31;partial=00;start_type=ATG;rbs_motif=GGAG/GAGG;rbs_spacer=5-10bp;genetic_code=11;gc_cont=0.689	GENOMAD.145670.CP	1.506E-07	54	0
JAJIWC010000002.1_63 # 77404 # 78024 # 1 # ID=22_63;partial=00;start_type=ATG;rbs_motif=None;rbs_spacer=None;genetic_code=11;gc_cont=0.623	GENOMAD.189906.CP	6.980E-115	365	0
JAJIWC010000029.1_14 # 23349 # 24227 # 1 # ID=23_14;partial=00;start_type=ATG;rbs_motif=GGxGG;rbs_spacer=5-10bp;genetic_code=11;gc_cont=0.689	GENOMAD.183309.PC	4.772E-10	63	0
JAJIWC010000029.1_46 # 55294 # 56073 # -1 # ID=23_46;partial=00;start_type=ATG;rbs_motif=None;rbs_spacer=None;genetic_code=11;gc_cont=0.676	GENOMAD.085898.CP	3.781E-04	44	0
JAJIWC010000029.1_78 # 87892 # 88590 # -1 # ID=23_78;partial=00;start_type=GTG;rbs_motif=GGAG/GAGG;rbs_spacer=5-10bp;genetic_code=11;gc_cont=0.684	GENOMAD.140713.CV	3.227E-05	47	0
JAJIWC010000031.1_95 # 107330 # 109060 # -1 # ID=25_95;partial=00;start_type=ATG;rbs_motif=GGA/GAG/AGG;rbs_spacer=5-10bp;genetic_code=11;gc_cont=0.719	GENOMAD.101231.CP	2.690E-302	927	0
JAJIWC010000031.1_127 # 146965 # 147510 # 1 # ID=25_127;partial=00;start_type=ATG;rbs_motif=None;rbs_spacer=None;genetic_code=11;gc_cont=0.650	GENOMAD.161593.CP	5.802E-45	162	0
JAJIWC010000033.1_13 # 21622 # 24231 # 1 # ID=27_13;partial=00;start_type=ATG;rbs_motif=GGA/GAG/AGG;rbs_spacer=5-10bp;genetic_code=11;gc_cont=0.685	GENOMAD.119431.CP	8.763E-95	335	0
JAJIWC010000033.1_45 # 62774 # 63148 # -1 # ID=27_45;partial=00;start_type=ATG;rbs_motif=GGAG/GAGG;rbs_spacer=5-10bp;genetic_code=11;gc_cont=0.653	GENOMAD.134276.CP	1.684E-24	100	0
JAJIWC010000036.1_17 # 21449 # 21997 # 1 # ID=30_17;partial=00;start_type=ATG;rbs_motif=None;rbs_spacer=None;genetic_code=11;gc_cont=0.727	GENOMAD.218216.PC	2.490E-46	166	0
JAJIWC010000036.1_49 # 70203 # 70694 # -1 # ID=30_49;partial=00;start_type=ATG;rbs_motif=GGAG/GAGG;rbs_spacer=5-10bp;genetic_code=11;gc_cont=0.596	GENOMAD.212552.PC	2.153E-81	266	0
JAJIWC010000036.1_145 # 184172 # 185542 # -1 # ID=30_145;partial=00;start_type=ATG;rbs_motif=GGAG/GAGG;rbs_spacer=5-10bp;genetic_code=11;gc_cont=0.686	GENOMAD.005842.CC	5.938E-18	90	0
JAJIWC010000036.1_177 # 217195 # 217851 # -1 # ID=30_177;partial=00;start_type=ATG;rbs_motif=GGAG/GAGG;rbs_spacer=5-10bp;genetic_code=11;gc_cont=0.661	GENOMAD.142991.CP	3.245E-15	77	0
JAJIWC010000003.1_1 # 21 # 941 # 1 # ID=33_1;partial=00;start_type=ATG;rbs_motif=None;rbs_spacer=None;genetic_code=11;gc_cont=0.648	GENOMAD.123560.CP	1.021E-19	93	0
JAJIWC010000039.1_23 # 32019 # 33404 # -1 # ID=34_23;partial=00;start_type=ATG;rbs_motif=GGA/GAG/AGG;rbs_spacer=5-10bp;genetic_code=11;gc_cont=0.696	GENOMAD.170233.CP	7.287E-41	161	0
JAJIWC010000041.1_55 # 59705 # 60349 # -1 # ID=36_55;partial=00;start_type=ATG;rbs_motif=AGGA/GGAG/GAGG;rbs_spacer=11-12bp;genetic_code=11;gc_cont=0.657	GENOMAD.119230.CP	5.426E-05	46	0
JAJIWC010000041.1_87 # 98431 # 99057 # -1 # ID=36_87;partial=00;start_type=ATG;rbs_motif=GGAG/GAGG;rbs_spacer=5-10bp;genetic_code=11;gc_cont=0.604	GENOMAD.079740.CV	7.360E-25	105	1246
JAJIWC010000047.1_60 # 63411 # 63740 # -1 # ID=42_60;partial=00;start_type=ATG;rbs_motif=None;rbs_spacer=None;genetic_code=11;gc_cont=0.682	GENOMAD.124334.CV	1.245E-04	42	0
JAJIWC010000049.1_1 # 136 # 531 # 1 # ID=45_1;partial=00;start_type=ATG;rbs_motif=GGA/GAG/AGG;rbs_spacer=5-10bp;genetic_code=11;gc_cont=0.530	GENOMAD.116980.PP	4.051E-59	200	0
JAJIWC010000051.1_17 # 27951 # 30290 # -1 # ID=47_17;partial=00;start_type=ATG;rbs_motif=GGAGG;rbs_spacer=5-10bp;genetic_code=11;gc_cont=0.656	GENOMAD.124454.CP	2.884E-223	709	0
JAJIWC010000051.1_49 # 65424 # 66440 # -1 # ID=47_49;partial=00;start_type=ATG;rbs_motif=AGxAGG/AGGxGG;rbs_spacer=5-10bp;genetic_code=11;gc_cont=0.661	GENOMAD.208532.CP	1.478E-145	461	0
JAJIWC010000051.1_81 # 107814 # 108083 # -1 # ID=47_81;partial=00;start_type=ATG;rbs_motif=None;rbs_spacer=None;genetic_code=11;gc_cont=0.489	GENOMAD.048140.PP	1.091E-44	156	0
JAJIWC010000051.1_113 # 142864 # 143256 # -1 # ID=47_113;partial=00;start_type=ATG;rbs_motif=GGA/GAG/AGG;rbs_spacer=5-10bp;genetic_code=11;gc_cont=0.651	GENOMAD.097225.CV	1.969E-25	103	1246
JAJIWC010000055.1_16 # 15316 # 17154 # 1 # ID=51_16;partial=00;start_type=ATG;rbs_motif=GGA/GAG/AGG;rbs_spacer=11-12bp;genetic_code=11;gc_cont=0.662	GENOMAD.141973.CP	3.741E-104	354	0
JAJIWC010000056.1_30 # 36544 # 37911 # -1 # ID=52_30;partial=00;start_type=ATG;rbs_motif=None;rbs_spacer=None;genetic_code=11;gc_cont=0.665	GENOMAD.142401.VC	2.653E-99	333	1246
JAJIWC010000056.1_126 # 144383 # 145753 # 1 # ID=52_126;partial=00;start_type=GTG;rbs_motif=GGAG/GAGG;rbs_spacer=5-10bp;genetic_code=11;gc_cont=0.678	GENOMAD.142656.PP	2.438E-04	46	0
JAJIWC010000058.1_13 # 8535 # 9527 # 1 # ID=54_13;partial=01;start_type=ATG;rbs_motif=GGAG/GAGG;rbs_spacer=5-10bp;genetic_code=11;gc_cont=0.652	GENOMAD.103404.PP	3.980E-29	122	0
JAJIWC010000060.1_63 # 82038 # 83231 # -1 # ID=56_63;partial=00;start_type=ATG;rbs_motif=GGA/GAG/AGG;rbs_spacer=5-10bp;genetic_code=11;gc_cont=0.658	GENOMAD.137855.CP	3.504E-12	71	0
JAJIWC010000061.1_35 # 40308 # 43898 # 1 # ID=57_35;partial=00;start_type=ATG;rbs_motif=None;rbs_spacer=None;genetic_code=11;gc_cont=0.667	GENOMAD.161283.VC	3.003E-36	153	1246
JAJIWC010000061.1_67 # 74695 # 75579 # 1 # ID=57_67;partial=00;start_type=ATG;rbs_motif=GGAG/GAGG;rbs_spacer=5-10bp;genetic_code=11;gc_cont=0.656	GENOMAD.158771.CP	1.678E-44	166	0
JAJIWC010000064.1_75 # 78771 # 79385 # -1 # ID=60_75;partial=00;start_type=ATG;rbs_motif=AGGAG;rbs_spacer=5-10bp;genetic_code=11;gc_cont=0.667	GENOMAD.212919.PC	6.356E-115	365	0
JAJIWC010000064.1_203 # 216621 # 217784 # -1 # ID=60_203;partial=00;start_type=ATG;rbs_motif=GGA/GAG/AGG;rbs_spacer=5-10bp;genetic_code=11;gc_cont=0.674	GENOMAD.123310.CP	4.587E-66	233	0
JAJIWC010000065.1_22 # 19918 # 21465 # -1 # ID=61_22;partial=00;start_type=ATG;rbs_motif=GGAG/GAGG;rbs_spacer=5-10bp;genetic_code=11;gc_cont=0.628	GENOMAD.228061.PC	7.103E-05	48	0
JAJIWC010000066.1_26 # 33464 # 34117 # -1 # ID=62_26;partial=00;start_type=ATG;rbs_motif=AGGAG;rbs_spacer=5-10bp;genetic_code=11;gc_cont=0.685	GENOMAD.192187.CP	8.185E-28	114	0
JAJIWC010000005.1_9 # 5855 # 6400 # 1 # ID=64_9;partial=00;start_type=ATG;rbs_motif=GGA/GAG/AGG;rbs_spacer=5-10bp;genetic_code=11;gc_cont=0.685	GENOMAD.141865.PV	1.362E-103	331	0
JAJIWC010000070.1_14 # 14946 # 15752 # -1 # ID=67_14;partial=00;start_type=ATG;rbs_motif=None;rbs_spacer=None;genetic_code=11;gc_cont=0.636	GENOMAD.114440.CP	1.914E-25	109	0
JAJIWC010000070.1_46 # 56480 # 58861 # -1 # ID=67_46;partial=00;start_type=ATG;rbs_motif=AGGAG;rbs_spacer=5-10bp;genetic_code=11;gc_cont=0.639	GENOMAD.159936.CP	5.444E-211	674	0
JAJIWC010000056.1_48 # 53468 # 54778 # 1 # ID=52_48;partial=00;start_type=ATG;rbs_motif=GGA/GAG/AGG;rbs_spacer=5-10bp;genetic_code=11;gc_cont=0.628	GENOMAD.153188.CP	2.277E-08	59	0
JAJIWC010000056.1_112 # 123593 # 124324 # 1 # ID=52_112;partial=00;start_type=ATG;rbs_motif=GGAGG;rbs_spacer=5-10bp;genetic_code=11;gc_cont=0.648	GENOMAD.111153.CP	5.226E-102	330	0
JAJIWC010000060.1_17 # 23460 # 27581 # -1 # ID=56_17;partial=00;start_type=ATG;rbs_motif=None;rbs_spacer=None;genetic_code=11;gc_cont=0.670	GENOMAD.105310.CV	4.439E-152	522	0
JAJIWC010000060.1_49 # 58911 # 59723 # 1 # ID=56_49;partial=00;start_type=ATG;rbs_motif=AGGA;rbs_spacer=5-10bp;genetic_code=11;gc_cont=0.712	GENOMAD.207981.CP	2.128E-23	103	0
JAJIWC010000064.1_29 # 27292 # 28449 # 1 # ID=60_29;partial=00;start_type=ATG;rbs_motif=GGA/GAG/AGG;rbs_spacer=5-10bp;genetic_code=11;gc_cont=0.675	GENOMAD.133946.CP	5.956E-40	156	0
JAJIWC010000064.1_125 # 124866 # 126371 # 1 # ID=60_125;partial=00;start_type=ATG;rbs_motif=None;rbs_spacer=None;genetic_code=11;gc_cont=0.672	GENOMAD.154528.CP	9.529E-259	797	0
JAJIWC010000064.1_189 # 201091 # 201588 # 1 # ID=60_189;partial=00;start_type=ATG;rbs_motif=GGAG/GAGG;rbs_spacer=5-10bp;genetic_code=11;gc_cont=0.685	GENOMAD.154126.CP	1.754E-59	203	0
JAJIWC010000065.1_8 # 5997 # 6287 # 1 # ID=61_8;partial=00;start_type=ATG;rbs_motif=AGGA/GGAG/GAGG;rbs_spacer=11-12bp;genetic_code=11;gc_cont=0.553	GENOMAD.021931.PP	3.863E-12	63	0
JAJIWC010000069.1_2 # 393 # 1223 # 1 # ID=66_2;partial=01;start_type=ATG;rbs_motif=AGGAG;rbs_spacer=5-10bp;genetic_code=11;gc_cont=0.598	GENOMAD.047390.PP	5.635E-20	93	0
JAJIWC010000070.1_64 # 77378 # 78139 # 1 # ID=67_64;partial=00;start_type=ATG;rbs_motif=None;rbs_spacer=None;genetic_code=11;gc_cont=0.619	GENOMAD.106866.CP	1.405E-22	100	1246
JAJIWC010000070.1_96 # 112983 # 113432 # -1 # ID=67_96;partial=00;start_type=ATG;rbs_motif=GGA/GAG/AGG;rbs_spacer=5-10bp;genetic_code=11;gc_cont=0.602	GENOMAD.003878.CC	1.467E-28	113	0
JAJIWC010000070.1_160 # 192906 # 193679 # 1 # ID=67_160;partial=00;start_type=ATG;rbs_motif=GGA/GAG/AGG;rbs_spacer=5-10bp;genetic_code=11;gc_cont=0.667	GENOMAD.147411.CP	5.687E-29	119	1246
JAJIWC010000076.1_23 # 25979 # 26647 # -1 # ID=73_23;partial=00;start_type=ATG;rbs_motif=None;rbs_spacer=None;genetic_code=11;gc_cont=0.667	GENOMAD.195322.CP	1.860E-120	382	0
JAJIWC010000078.1_25 # 30238 # 40431 # -1 # ID=76_25;partial=00;start_type=ATG;rbs_motif=GGA/GAG/AGG;rbs_spacer=5-10bp;genetic_code=11;gc_cont=0.661	GENOMAD.179736.PC	1.146E-31	140	0
JAJIWC010000078.1_89 # 121555 # 121866 # -1 # ID=76_89;partial=00;start_type=ATG;rbs_motif=AGGAG;rbs_spacer=5-10bp;genetic_code=11;gc_cont=0.628	GENOMAD.141885.CP	1.447E-40	145	0
JAJIWC010000079.1_9 # 8723 # 12937 # 1 # ID=77_9;partial=00;start_type=ATG;rbs_motif=GGAG/GAGG;rbs_spacer=5-10bp;genetic_code=11;gc_cont=0.633	GENOMAD.052211.CC	1.146E-30	135	0
JAJIWC010000007.1_38 # 36418 # 37293 # -1 # ID=86_38;partial=00;start_type=ATG;rbs_motif=None;rbs_spacer=None;genetic_code=11;gc_cont=0.678	GENOMAD.061009.VV	3.556E-21	97	1246
JAJIWC010000089.1_13 # 19105 # 21984 # -1 # ID=88_13;partial=00;start_type=ATG;rbs_motif=GGAG/GAGG;rbs_spacer=5-10bp;genetic_code=11;gc_cont=0.624	GENOMAD.183275.CP	6.416E-04	46	0
JAJIWC010000091.1_30 # 34492 # 35157 # -1 # ID=90_30;partial=00;start_type=ATG;rbs_motif=AGGAGG;rbs_spacer=5-10bp;genetic_code=11;gc_cont=0.605	GENOMAD.000893.CC	6.149E-54	190	0
JAJIWC010000092.1_40 # 45735 # 46580 # -1 # ID=91_40;partial=00;start_type=ATG;rbs_motif=GGAG/GAGG;rbs_spacer=5-10bp;genetic_code=11;gc_cont=0.625	GENOMAD.026002.CC	1.784E-97	319	0
JAJIWC010000009.1_20 # 17386 # 18651 # -1 # ID=1_20;partial=00;start_type=ATG;rbs_motif=GGAG/GAGG;rbs_spacer=5-10bp;genetic_code=11;gc_cont=0.650	GENOMAD.196313.CP	5.135E-09	61	0
JAJIWC010000010.1_43 # 64482 # 65843 # 1 # ID=2_43;partial=00;start_type=ATG;rbs_motif=None;rbs_spacer=None;genetic_code=11;gc_cont=0.641	GENOMAD.134235.CP	1.349E-43	169	0
JAJIWC010000010.1_75 # 112181 # 112723 # -1 # ID=2_75;partial=00;start_type=ATG;rbs_motif=None;rbs_spacer=None;genetic_code=11;gc_cont=0.676	GENOMAD.094450.CP	1.323E-12	68	0
JAJIWC010000010.1_107 # 150124 # 151485 # -1 # ID=2_107;partial=00;start_type=ATG;rbs_motif=GGA/GAG/AGG;rbs_spacer=5-10bp;genetic_code=11;gc_cont=0.654	GENOMAD.114680.CP	2.028E-61	222	1246
JAJIWC010000011.1_48 # 59236 # 60024 # 1 # ID=3_48;partial=00;start_type=ATG;rbs_motif=None;rbs_spacer=None;genetic_code=11;gc_cont=0.703	GENOMAD.137825.CP	8.004E-04	43	0
JAJIWC010000011.1_112 # 141936 # 142238 # 1 # ID=3_112;partial=00;start_type=ATG;rbs_motif=None;rbs_spacer=None;genetic_code=11;gc_cont=0.591	GENOMAD.166801.CP	9.197E-05	42	0
JAJIWC010000011.1_144 # 177090 # 178424 # -1 # ID=3_144;partial=00;start_type=ATG;rbs_motif=AGGAG;rbs_spacer=5-10bp;genetic_code=11;gc_cont=0.631	GENOMAD.064056.CP	1.935E-119	391	0
JAJIWC010000011.1_208 # 256688 # 257170 # 1 # ID=3_208;partial=00;start_type=ATG;rbs_motif=None;rbs_spacer=None;genetic_code=11;gc_cont=0.681	GENOMAD.140723.CP	8.410E-22	94	0
JAJIWC010000011.1_272 # 329572 # 329730 # 1 # ID=3_272;partial=00;start_type=ATG;rbs_motif=GGA/GAG/AGG;rbs_spacer=5-10bp;genetic_code=11;gc_cont=0.553	GENOMAD.170307.CP	2.349E-06	44	0
JAJIWC010000011.1_304 # 367160 # 367804 # -1 # ID=3_304;partial=00;start_type=ATG;rbs_motif=AGGAG;rbs_spacer=5-10bp;genetic_code=11;gc_cont=0.657	GENOMAD.207164.CP	1.665E-83	275	0
JAJIWC010000012.1_13 # 14321 # 14656 # -1 # ID=4_13;partial=00;start_type=ATG;rbs_motif=AGGAG;rbs_spacer=5-10bp;genetic_code=11;gc_cont=0.580	GENOMAD.207255.PC	5.197E-39	141	0
JAJIWC010000012.1_45 # 49264 # 50085 # 1 # ID=4_45;partial=00;start_type=ATG;rbs_motif=GGAG/GAGG;rbs_spacer=5-10bp;genetic_code=11;gc_cont=0.599	GENOMAD.126338.CP	1.103E-71	244	0
JAJIWC010000012.1_77 # 85888 # 86976 # 1 # ID=4_77;partial=00;start_type=ATG;rbs_motif=GGAG/GAGG;rbs_spacer=5-10bp;genetic_code=11;gc_cont=0.660	GENOMAD.126777.CP	7.470E-26	113	0
JAJIWC010000014.1_42 # 57414 # 59294 # -1 # ID=6_42;partial=00;start_type=ATG;rbs_motif=GGAG/GAGG;rbs_spacer=5-10bp;genetic_code=11;gc_cont=0.633	GENOMAD.124001.CP	2.437E-198	629	0
JAJIWC010000061.1_70 # 77410 # 78192 # 1 # ID=57_70;partial=00;start_type=ATG;rbs_motif=GGAG/GAGG;rbs_spacer=5-10bp;genetic_code=11;gc_cont=0.668	GENOMAD.154668.CP	3.879E-18	87	0
JAJIWC010000061.1_102 # 109634 # 110656 # 1 # ID=57_102;partial=00;start_type=ATG;rbs_motif=GGA/GAG/AGG;rbs_spacer=5-10bp;genetic_code=11;gc_cont=0.665	GENOMAD.151488.CP	1.542E-90	302	0
JAJIWC010000064.1_14 # 12801 # 13868 # -1 # ID=60_14;partial=00;start_type=ATG;rbs_motif=None;rbs_spacer=None;genetic_code=11;gc_cont=0.687	GENOMAD.092187.CP	1.973E-62	221	0
JAJIWC010000064.1_46 # 45157 # 47262 # 1 # ID=60_46;partial=00;start_type=ATG;rbs_motif=GGA/GAG/AGG;rbs_spacer=5-10bp;genetic_code=11;gc_cont=0.652	GENOMAD.053052.VV	4.131E-18	92	0
JAJIWC010000064.1_78 # 81446 # 81796 # 1 # ID=60_78;partial=00;start_type=ATG;rbs_motif=GGA/GAG/AGG;rbs_spacer=11-12bp;genetic_code=11;gc_cont=0.635	GENOMAD.168258.CV	1.551E-04	42	0
JAJIWC010000064.1_206 # 219181 # 219399 # 1 # ID=60_206;partial=00;start_type=GTG;rbs_motif=None;rbs_spacer=None;genetic_code=11;gc_cont=0.612	GENOMAD.152014.CP	3.874E-24	96	0
JAJIWC010000023.1_3 # 5679 # 6290 # -1 # ID=16_3;partial=00;start_type=ATG;rbs_motif=None;rbs_spacer=None;genetic_code=11;gc_cont=0.641	GENOMAD.124185.CV	9.221E-04	42	0
JAJIWC010000029.1_33 # 42227 # 42715 # -1 # ID=23_33;partial=00;start_type=ATG;rbs_motif=GGA/GAG/AGG;rbs_spacer=5-10bp;genetic_code=11;gc_cont=0.667	GENOMAD.130541.CP	2.930E-26	107	0
JAJIWC010000029.1_97 # 104380 # 104850 # 1 # ID=23_97;partial=00;start_type=ATG;rbs_motif=AGGA/GGAG/GAGG;rbs_spacer=11-12bp;genetic_code=11;gc_cont=0.624	GENOMAD.134025.CP	2.907E-41	150	0
JAJIWC010000031.1_50 # 56228 # 58897 # 1 # ID=25_50;partial=00;start_type=ATG;rbs_motif=GGAG/GAGG;rbs_spacer=5-10bp;genetic_code=11;gc_cont=0.608	GENOMAD.152082.CP	6.461E-114	393	0
JAJIWC010000031.1_82 # 90609 # 91097 # 1 # ID=25_82;partial=00;start_type=ATG;rbs_motif=GGAG/GAGG;rbs_spacer=5-10bp;genetic_code=11;gc_cont=0.681	GENOMAD.058926.CV	2.259E-29	116	0
JAJIWC010000031.1_114 # 129648 # 130559 # 1 # ID=25_114;partial=00;start_type=ATG;rbs_motif=None;rbs_spacer=None;genetic_code=11;gc_cont=0.627	GENOMAD.075985.CV	1.228E-04	46	0
JAJIWC010000031.1_88 # 100172 # 100801 # 1 # ID=25_88;partial=00;start_type=ATG;rbs_motif=GGA/GAG/AGG;rbs_spacer=5-10bp;genetic_code=11;gc_cont=0.695	GENOMAD.153056.CP	1.337E-38	145	0
JAJIWC010000031.1_120 # 137085 # 137912 # -1 # ID=25_120;partial=00;start_type=ATG;rbs_motif=GGA/GAG/AGG;rbs_spacer=5-10bp;genetic_code=11;gc_cont=0.646	GENOMAD.112993.CP	4.987E-53	190	0
JAJIWC010000031.1_152 # 184602 # 185525 # 1 # ID=25_152;partial=00;start_type=ATG;rbs_motif=GGA/GAG/AGG;rbs_spacer=5-10bp;genetic_code=11;gc_cont=0.645	GENOMAD.015156.CC	4.576E-70	241	0
JAJIWC010000031.1_184 # 215905 # 216336 # 1 # ID=25_184;partial=00;start_type=ATG;rbs_motif=GGAG/GAGG;rbs_spacer=5-10bp;genetic_code=11;gc_cont=0.674	GENOMAD.195820.PC	1.258E-27	110	0
JAJIWC010000036.1_10 # 12429 # 13505 # -1 # ID=30_10;partial=00;start_type=ATG;rbs_motif=GGAG/GAGG;rbs_spacer=5-10bp;genetic_code=11;gc_cont=0.688	GENOMAD.141393.CP	2.077E-17	87	0
JAJIWC010000036.1_42 # 64463 # 65212 # 1 # ID=30_42;partial=00;start_type=ATG;rbs_motif=GGA/GAG/AGG;rbs_spacer=5-10bp;genetic_code=11;gc_cont=0.647	GENOMAD.121797.CP	8.048E-05	46	0
JAJIWC010000036.1_74 # 108012 # 108803 # -1 # ID=30_74;partial=00;start_type=ATG;rbs_motif=GGAG/GAGG;rbs_spacer=5-10bp;genetic_code=11;gc_cont=0.640	GENOMAD.129876.CP	7.567E-41	154	0
JAJIWC010000036.1_138 # 177958 # 179133 # 1 # ID=30_138;partial=00;start_type=ATG;rbs_motif=GGA/GAG/AGG;rbs_spacer=5-10bp;genetic_code=11;gc_cont=0.684	GENOMAD.151958.CP	1.752E-19	94	0
JAJIWC010000036.1_170 # 208995 # 210557 # -1 # ID=30_170;partial=00;start_type=GTG;rbs_motif=AGxAGG/AGGxGG;rbs_spacer=3-4bp;genetic_code=11;gc_cont=0.673	GENOMAD.178996.PC	9.079E-23	106	0
JAJIWC010000036.1_202 # 246626 # 247285 # -1 # ID=30_202;partial=00;start_type=ATG;rbs_motif=None;rbs_spacer=None;genetic_code=11;gc_cont=0.686	GENOMAD.134037.CV	2.935E-19	89	1246
JAJIWC010000038.1_1 # 110 # 793 # -1 # ID=32_1;partial=00;start_type=ATG;rbs_motif=AGGAG;rbs_spacer=5-10bp;genetic_code=11;gc_cont=0.633	GENOMAD.049669.CC	1.097E-39	149	0
JAJIWC010000038.1_33 # 30432 # 31028 # -1 # ID=32_33;partial=00;start_type=ATG;rbs_motif=GGAG/GAGG;rbs_spacer=5-10bp;genetic_code=11;gc_cont=0.640	GENOMAD.047461.CC	2.036E-05	47	0
JAJIWC010000038.1_65 # 64598 # 65206 # 1 # ID=32_65;partial=00;start_type=ATG;rbs_motif=None;rbs_spacer=None;genetic_code=11;gc_cont=0.683	GENOMAD.129102.CP	4.960E-13	70	0
JAJIWC010000041.1_80 # 90370 # 91497 # -1 # ID=36_80;partial=00;start_type=TTG;rbs_motif=AGGAG;rbs_spacer=5-10bp;genetic_code=11;gc_cont=0.645	GENOMAD.132666.CP	2.865E-67	236	0
JAJIWC010000043.1_12 # 12533 # 14014 # 1 # ID=38_12;partial=00;start_type=ATG;rbs_motif=AGGAG;rbs_spacer=5-10bp;genetic_code=11;gc_cont=0.666	GENOMAD.133528.CP	1.349E-04	47	0
JAJIWC010000047.1_21 # 18685 # 20898 # 1 # ID=42_21;partial=00;start_type=GTG;rbs_motif=None;rbs_spacer=None;genetic_code=11;gc_cont=0.670	GENOMAD.008008.CC	1.966E-80	288	0
JAJIWC010000004.1_19 # 24934 # 25242 # 1 # ID=44_19;partial=00;start_type=ATG;rbs_motif=GGAG/GAGG;rbs_spacer=5-10bp;genetic_code=11;gc_cont=0.615	GENOMAD.018319.CC	8.308E-46	160	0
JAJIWC010000051.1_10 # 13187 # 17545 # -1 # ID=47_10;partial=00;start_type=ATG;rbs_motif=GGA/GAG/AGG;rbs_spacer=5-10bp;genetic_code=11;gc_cont=0.660	GENOMAD.182959.CP	1.920E-299	962	0
JAJIWC010000051.1_74 # 94128 # 96314 # -1 # ID=47_74;partial=00;start_type=ATG;rbs_motif=None;rbs_spacer=None;genetic_code=11;gc_cont=0.655	GENOMAD.140739.CP	8.329E-131	437	0
JAJIWC010000051.1_138 # 171233 # 171916 # -1 # ID=47_138;partial=00;start_type=ATG;rbs_motif=GGxGG;rbs_spacer=5-10bp;genetic_code=11;gc_cont=0.678	GENOMAD.161375.CP	1.583E-34	134	0
JAJIWC010000055.1_9 # 9309 # 9629 # 1 # ID=51_9;partial=00;start_type=ATG;rbs_motif=GGA/GAG/AGG;rbs_spacer=5-10bp;genetic_code=11;gc_cont=0.629	GENOMAD.000078.CC	2.582E-20	87	0
JAJIWC010000056.1_87 # 99806 # 100492 # -1 # ID=52_87;partial=00;start_type=ATG;rbs_motif=None;rbs_spacer=None;genetic_code=11;gc_cont=0.606	GENOMAD.112814.CP	3.382E-55	194	0
JAJIWC010000056.1_119 # 132086 # 134788 # 1 # ID=52_119;partial=00;start_type=ATG;rbs_motif=GGA/GAG/AGG;rbs_spacer=5-10bp;genetic_code=11;gc_cont=0.636	GENOMAD.026404.VV	7.253E-49	193	1246
JAJIWC010000060.1_24 # 33354 # 34064 # -1 # ID=56_24;partial=00;start_type=ATG;rbs_motif=GGA/GAG/AGG;rbs_spacer=5-10bp;genetic_code=11;gc_cont=0.660	GENOMAD.106866.CP	7.421E-39	147	1246
JAJIWC010000060.1_88 # 112864 # 113682 # -1 # ID=56_88;partial=00;start_type=ATG;rbs_motif=AGGAG;rbs_spacer=5-10bp;genetic_code=11;gc_cont=0.665	GENOMAD.011935.CC	5.314E-61	213	0
JAJIWC010000061.1_28 # 32899 # 35352 # 1 # ID=57_28;partial=00;start_type=ATG;rbs_motif=None;rbs_spacer=None;genetic_code=11;gc_cont=0.626	GENOMAD.101044.CP	2.665E-41	168	0
JAJIWC010000061.1_60 # 68489 # 68917 # 1 # ID=57_60;partial=00;start_type=ATG;rbs_motif=None;rbs_spacer=None;genetic_code=11;gc_cont=0.681	GENOMAD.103286.CP	9.057E-56	191	0
JAJIWC010000064.1_132 # 134438 # 134950 # -1 # ID=60_132;partial=00;start_type=ATG;rbs_motif=None;rbs_spacer=None;genetic_code=11;gc_cont=0.622	GENOMAD.120807.VC	5.537E-08	54	1246
JAJIWC010000064.1_164 # 170283 # 172022 # -1 # ID=60_164;partial=00;start_type=ATG;rbs_motif=GGA/GAG/AGG;rbs_spacer=5-10bp;genetic_code=11;gc_cont=0.630	GENOMAD.007486.CC	6.334E-117	390	0
JAJIWC010000064.1_196 # 208296 # 208511 # 1 # ID=60_196;partial=00;start_type=ATG;rbs_motif=GGAG/GAGG;rbs_spacer=5-10bp;genetic_code=11;gc_cont=0.616	GENOMAD.137902.VC	1.021E-07	49	0
JAJIWC010000065.1_15 # 12585 # 13484 # 1 # ID=61_15;partial=00;start_type=ATG;rbs_motif=GGAGG;rbs_spacer=5-10bp;genetic_code=11;gc_cont=0.573	GENOMAD.117259.PC	8.824E-27	114	0
JAJIWC010000066.1_19 # 24909 # 27071 # 1 # ID=62_19;partial=00;start_type=ATG;rbs_motif=GGA/GAG/AGG;rbs_spacer=5-10bp;genetic_code=11;gc_cont=0.659	GENOMAD.158094.CP	3.719E-108	370	0
JAJIWC010000005.1_2 # 353 # 1201 # 1 # ID=64_2;partial=00;start_type=ATG;rbs_motif=AGGAG;rbs_spacer=5-10bp;genetic_code=11;gc_cont=0.505	GENOMAD.059519.PP	1.281E-119	383	0
JAJIWC010000070.1_39 # 47482 # 47952 # 1 # ID=67_39;partial=00;start_type=ATG;rbs_motif=AGGAG;rbs_spacer=5-10bp;genetic_code=11;gc_cont=0.675	GENOMAD.167601.PC	5.616E-25	103	0
JAJIWC010000075.1_32 # 39964 # 40785 # 1 # ID=72_32;partial=00;start_type=ATG;rbs_motif=AGGA/GGAG/GAGG;rbs_spacer=11-12bp;genetic_code=11;gc_cont=0.583	GENOMAD.159942.PC	1.642E-103	336	0
JAJIWC010000077.1_74 # 79728 # 80759 # -1 # ID=74_74;partial=00;start_type=ATG;rbs_motif=AGGA;rbs_spacer=5-10bp;genetic_code=11;gc_cont=0.621	GENOMAD.121677.CP	3.259E-09	61	0
JAJIWC010000077.1_106 # 113623 # 114048 # 1 # ID=74_106;partial=00;start_type=ATG;rbs_motif=GGA/GAG/AGG;rbs_spacer=5-10bp;genetic_code=11;gc_cont=0.676	GENOMAD.178838.CP	1.181E-18	84	1246
JAJIWC010000077.1_170 # 187173 # 188759 # -1 # ID=74_170;partial=00;start_type=ATG;rbs_motif=AGGAG;rbs_spacer=5-10bp;genetic_code=11;gc_cont=0.662	GENOMAD.162124.CP	1.488E-04	47	0
JAJIWC010000006.1_2 # 910 # 1473 # 1 # ID=75_2;partial=00;start_type=ATG;rbs_motif=GGAG/GAGG;rbs_spacer=5-10bp;genetic_code=11;gc_cont=0.582	GENOMAD.111553.PC	3.360E-13	70	0
JAJIWC010000078.1_32 # 48212 # 51022 # -1 # ID=76_32;partial=00;start_type=ATG;rbs_motif=GGA/GAG/AGG;rbs_spacer=5-10bp;genetic_code=11;gc_cont=0.672	GENOMAD.121843.CP	1.756E-08	61	0
JAJIWC010000078.1_96 # 127121 # 127876 # 1 # ID=76_96;partial=00;start_type=ATG;rbs_motif=None;rbs_spacer=None;genetic_code=11;gc_cont=0.639	GENOMAD.119007.CP	5.875E-10	62	0
JAJIWC010000078.1_128 # 162357 # 163346 # 1 # ID=76_128;partial=00;start_type=ATG;rbs_motif=None;rbs_spacer=None;genetic_code=11;gc_cont=0.674	GENOMAD.133766.CP	5.150E-44	166	0
JAJIWC010000080.1_3 # 3034 # 3435 # 1 # ID=78_3;partial=00;start_type=GTG;rbs_motif=GGA/GAG/AGG;rbs_spacer=5-10bp;genetic_code=11;gc_cont=0.582	GENOMAD.114461.PP	7.729E-37	136	0
JAJIWC010000085.1_18 # 22264 # 23865 # 1 # ID=83_18;partial=00;start_type=ATG;rbs_motif=GGAG/GAGG;rbs_spacer=5-10bp;genetic_code=11;gc_cont=0.675	GENOMAD.154339.CP	1.450E-69	249	0
JAJIWC010000007.1_77 # 86755 # 89058 # 1 # ID=86_77;partial=00;start_type=ATG;rbs_motif=GGAG/GAGG;rbs_spacer=5-10bp;genetic_code=11;gc_cont=0.650	GENOMAD.140646.CP	3.252E-170	554	1246
JAJIWC010000088.1_4 # 2138 # 2971 # 1 # ID=87_4;partial=00;start_type=ATG;rbs_motif=AGGA/GGAG/GAGG;rbs_spacer=11-12bp;genetic_code=11;gc_cont=0.629	GENOMAD.194062.PC	4.348E-04	44	0
JAJIWC010000091.1_5 # 3216 # 4040 # 1 # ID=90_5;partial=00;start_type=ATG;rbs_motif=GGAG/GAGG;rbs_spacer=5-10bp;genetic_code=11;gc_cont=0.652	GENOMAD.124145.CP	4.253E-04	44	0
JAJIWC010000091.1_69 # 78097 # 78600 # -1 # ID=90_69;partial=00;start_type=ATG;rbs_motif=AGGA;rbs_spacer=5-10bp;genetic_code=11;gc_cont=0.619	GENOMAD.146177.CP	1.260E-55	192	0
JAJIWC010000008.1_24 # 25047 # 26693 # -1 # ID=93_24;partial=00;start_type=ATG;rbs_motif=GGAG/GAGG;rbs_spacer=5-10bp;genetic_code=11;gc_cont=0.650	GENOMAD.209570.CP	3.378E-312	954	0
JAJIWC010000009.1_27 # 28306 # 28515 # -1 # ID=1_27;partial=00;start_type=ATG;rbs_motif=AGGA;rbs_spacer=5-10bp;genetic_code=11;gc_cont=0.605	GENOMAD.206002.PC	2.043E-14	68	0
JAJIWC010000010.1_50 # 75064 # 75954 # -1 # ID=2_50;partial=00;start_type=ATG;rbs_motif=None;rbs_spacer=None;genetic_code=11;gc_cont=0.681	GENOMAD.043656.CC	7.210E-47	173	0
JAJIWC010000091.1_78 # 88170 # 90257 # 1 # ID=90_78;partial=00;start_type=ATG;rbs_motif=None;rbs_spacer=None;genetic_code=11;gc_cont=0.672	GENOMAD.133581.CP	9.344E-15	81	0
JAJIWC010000092.1_24 # 29528 # 29743 # 1 # ID=91_24;partial=00;start_type=ATG;rbs_motif=GGAG/GAGG;rbs_spacer=5-10bp;genetic_code=11;gc_cont=0.653	GENOMAD.055338.CC	2.969E-26	102	0
JAJIWC010000009.1_36 # 38213 # 40375 # 1 # ID=1_36;partial=00;start_type=ATG;rbs_motif=None;rbs_spacer=None;genetic_code=11;gc_cont=0.706	GENOMAD.102032.CP	4.722E-45	179	0
JAJIWC010000010.1_27 # 42471 # 44921 # -1 # ID=2_27;partial=00;start_type=ATG;rbs_motif=GGA/GAG/AGG;rbs_spacer=5-10bp;genetic_code=11;gc_cont=0.671	GENOMAD.142037.CP	3.295E-12	73	1246
JAJIWC010000010.1_59 # 84962 # 86179 # 1 # ID=2_59;partial=00;start_type=ATG;rbs_motif=GGAG/GAGG;rbs_spacer=5-10bp;genetic_code=11;gc_cont=0.644	GENOMAD.143010.CP	5.571E-10	64	0
JAJIWC010000031.1_181 # 212566 # 213774 # 1 # ID=25_181;partial=00;start_type=ATG;rbs_motif=None;rbs_spacer=None;genetic_code=11;gc_cont=0.701	GENOMAD.129930.CP	9.866E-14	76	0
JAJIWC010000033.1_3 # 3024 # 3365 # -1 # ID=27_3;partial=00;start_type=ATG;rbs_motif=AGGAG;rbs_spacer=5-10bp;genetic_code=11;gc_cont=0.661	GENOMAD.166221.CP	3.856E-19	84	0
JAJIWC010000033.1_35 # 53422 # 54012 # 1 # ID=27_35;partial=00;start_type=ATG;rbs_motif=AGGAG;rbs_spacer=5-10bp;genetic_code=11;gc_cont=0.675	GENOMAD.002853.CC	8.670E-15	75	0
JAJIWC010000036.1_39 # 61769 # 63115 # -1 # ID=30_39;partial=00;start_type=ATG;rbs_motif=None;rbs_spacer=None;genetic_code=11;gc_cont=0.659	GENOMAD.135937.CP	2.375E-04	46	0
JAJIWC010000036.1_103 # 140757 # 142892 # 1 # ID=30_103;partial=00;start_type=ATG;rbs_motif=None;rbs_spacer=None;genetic_code=11;gc_cont=0.659	GENOMAD.153592.VC	1.342E-05	51	4186
JAJIWC010000036.1_167 # 205983 # 206630 # -1 # ID=30_167;partial=00;start_type=ATG;rbs_motif=None;rbs_spacer=None;genetic_code=11;gc_cont=0.660	GENOMAD.166505.CP	4.712E-23	100	0
JAJIWC010000038.1_62 # 60032 # 60982 # 1 # ID=32_62;partial=00;start_type=ATG;rbs_motif=GGAGG;rbs_spacer=5-10bp;genetic_code=11;gc_cont=0.666	GENOMAD.138352.CP	1.223E-31	129	0
JAJIWC010000039.1_13 # 16566 # 19022 # 1 # ID=34_13;partial=00;start_type=GTG;rbs_motif=None;rbs_spacer=None;genetic_code=11;gc_cont=0.663	GENOMAD.190312.PC	1.985E-20	100	0
JAJIWC010000041.1_109 # 109458 # 110063 # -1 # ID=36_109;partial=00;start_type=ATG;rbs_motif=AGGAG;rbs_spacer=5-10bp;genetic_code=11;gc_cont=0.611	GENOMAD.060214.CV	1.046E-27	113	0
JAJIWC010000043.1_41 # 44828 # 45712 # -1 # ID=38_41;partial=00;start_type=ATG;rbs_motif=None;rbs_spacer=None;genetic_code=11;gc_cont=0.697	GENOMAD.114626.CP	2.719E-35	139	0
JAJIWC010000047.1_18 # 14695 # 16278 # 1 # ID=42_18;partial=00;start_type=ATG;rbs_motif=None;rbs_spacer=None;genetic_code=11;gc_cont=0.664	GENOMAD.115175.CV	1.361E-44	174	0
JAJIWC010000004.1_16 # 21802 # 22776 # 1 # ID=44_16;partial=00;start_type=ATG;rbs_motif=None;rbs_spacer=None;genetic_code=11;gc_cont=0.649	GENOMAD.133946.CP	3.166E-10	64	0
JAJIWC010000050.1_13 # 7119 # 8111 # -1 # ID=46_13;partial=00;start_type=ATG;rbs_motif=GGA/GAG/AGG;rbs_spacer=5-10bp;genetic_code=11;gc_cont=0.633	GENOMAD.109592.PC	2.951E-09	61	0
JAJIWC010000051.1_7 # 8917 # 10554 # -1 # ID=47_7;partial=00;start_type=ATG;rbs_motif=3Base/5BMM;rbs_spacer=13-15bp;genetic_code=11;gc_cont=0.650	GENOMAD.124454.CP	2.450E-196	619	0
JAJIWC010000051.1_103 # 133614 # 133934 # -1 # ID=47_103;partial=00;start_type=ATG;rbs_motif=AGGAG;rbs_spacer=5-10bp;genetic_code=11;gc_cont=0.617	GENOMAD.115269.CP	7.689E-25	100	0
JAJIWC010000051.1_135 # 167573 # 168001 # -1 # ID=47_135;partial=00;start_type=ATG;rbs_motif=AGxAGG/AGGxGG;rbs_spacer=5-10bp;genetic_code=11;gc_cont=0.641	GENOMAD.166316.CP	9.413E-22	93	0
JAJIWC010000056.1_20 # 22737 # 23636 # -1 # ID=52_20;partial=00;start_type=ATG;rbs_motif=None;rbs_spacer=None;genetic_code=11;gc_cont=0.671	GENOMAD.133355.CP	9.660E-09	59	0
JAJIWC010000061.1_25 # 29509 # 30336 # 1 # ID=57_25;partial=00;start_type=ATG;rbs_motif=GGA/GAG/AGG;rbs_spacer=5-10bp;genetic_code=11;gc_cont=0.676	GENOMAD.118488.CP	1.162E-19	92	1246
JAJIWC010000061.1_57 # 64742 # 65191 # 1 # ID=57_57;partial=00;start_type=ATG;rbs_motif=GGAGG;rbs_spacer=5-10bp;genetic_code=11;gc_cont=0.644	GENOMAD.147800.CP	7.234E-28	111	0
JAJIWC010000061.1_89 # 95552 # 96175 # 1 # ID=57_89;partial=00;start_type=ATG;rbs_motif=None;rbs_spacer=None;genetic_code=11;gc_cont=0.615	GENOMAD.168344.CP	1.041E-04	45	0
JAJIWC010000023.1_15 # 17646 # 17948 # 1 # ID=16_15;partial=00;start_type=GTG;rbs_motif=GGA/GAG/AGG;rbs_spacer=5-10bp;genetic_code=11;gc_cont=0.607	GENOMAD.142672.PC	4.661E-35	129	0
JAJIWC010000029.1_45 # 54729 # 55103 # 1 # ID=23_45;partial=00;start_type=ATG;rbs_motif=GGA/GAG/AGG;rbs_spacer=5-10bp;genetic_code=11;gc_cont=0.669	GENOMAD.099012.CP	1.709E-32	123	0
JAJIWC010000066.1_35 # 41582 # 43465 # -1 # ID=62_35;partial=00;start_type=GTG;rbs_motif=GGAG/GAGG;rbs_spacer=5-10bp;genetic_code=11;gc_cont=0.679	GENOMAD.190262.VC	2.478E-09	63	1246
JAJIWC010000070.1_23 # 28517 # 29221 # 1 # ID=67_23;partial=00;start_type=ATG;rbs_motif=None;rbs_spacer=None;genetic_code=11;gc_cont=0.699	GENOMAD.152406.CP	6.252E-04	43	0
JAJIWC010000070.1_119 # 140271 # 141575 # -1 # ID=67_119;partial=00;start_type=GTG;rbs_motif=GGA/GAG/AGG;rbs_spacer=5-10bp;genetic_code=11;gc_cont=0.702	GENOMAD.073046.CP	1.594E-06	53	0
JAJIWC010000075.1_16 # 19347 # 20909 # 1 # ID=72_16;partial=00;start_type=GTG;rbs_motif=AGGAG;rbs_spacer=5-10bp;genetic_code=11;gc_cont=0.634	GENOMAD.116954.CP	1.050E-06	54	1246
JAJIWC010000041.1_26 # 21734 # 22732 # -1 # ID=36_26;partial=00;start_type=GTG;rbs_motif=None;rbs_spacer=None;genetic_code=11;gc_cont=0.701	GENOMAD.002432.CC	1.309E-56	203	0
JAJIWC010000041.1_58 # 64035 # 66368 # 1 # ID=36_58;partial=00;start_type=ATG;rbs_motif=AGGA;rbs_spacer=5-10bp;genetic_code=11;gc_cont=0.632	GENOMAD.178349.CP	2.219E-125	423	0
JAJIWC010000042.1_8 # 3923 # 4747 # -1 # ID=37_8;partial=00;start_type=ATG;rbs_motif=AGGAG;rbs_spacer=5-10bp;genetic_code=11;gc_cont=0.624	GENOMAD.214654.VP	5.271E-20	93	1246
JAJIWC010000043.1_22 # 25477 # 26340 # 1 # ID=38_22;partial=00;start_type=ATG;rbs_motif=GGA/GAG/AGG;rbs_spacer=5-10bp;genetic_code=11;gc_cont=0.646	GENOMAD.159319.CP	1.204E-157	493	0
JAJIWC010000011.1_64 # 81470 # 82663 # 1 # ID=3_64;partial=00;start_type=ATG;rbs_motif=GGAG/GAGG;rbs_spacer=5-10bp;genetic_code=11;gc_cont=0.604	GENOMAD.002725.CC	3.504E-12	71	0
JAJIWC010000011.1_128 # 156230 # 157294 # -1 # ID=3_128;partial=00;start_type=ATG;rbs_motif=GGAGG;rbs_spacer=5-10bp;genetic_code=11;gc_cont=0.687	GENOMAD.189937.PC	6.782E-04	44	0
JAJIWC010000011.1_160 # 195122 # 195517 # 1 # ID=3_160;partial=00;start_type=ATG;rbs_motif=AGGAG;rbs_spacer=5-10bp;genetic_code=11;gc_cont=0.621	GENOMAD.179052.CP	3.279E-53	183	0
JAJIWC010000011.1_192 # 238918 # 239469 # 1 # ID=3_192;partial=00;start_type=ATG;rbs_motif=None;rbs_spacer=None;genetic_code=11;gc_cont=0.656	GENOMAD.106711.CP	3.646E-33	128	0
JAJIWC010000011.1_256 # 311849 # 312445 # -1 # ID=3_256;partial=00;start_type=ATG;rbs_motif=GGA/GAG/AGG;rbs_spacer=5-10bp;genetic_code=11;gc_cont=0.593	GENOMAD.206109.CP	1.182E-96	312	0
JAJIWC010000011.1_288 # 345745 # 346701 # -1 # ID=3_288;partial=00;start_type=ATG;rbs_motif=None;rbs_spacer=None;genetic_code=11;gc_cont=0.635	GENOMAD.124080.CP	1.564E-05	49	0
JAJIWC010000007.1_26 # 20904 # 21161 # 1 # ID=86_26;partial=00;start_type=ATG;rbs_motif=GGAGG;rbs_spacer=5-10bp;genetic_code=11;gc_cont=0.593	GENOMAD.147428.CP	2.103E-06	46	0
JAJIWC010000007.1_58 # 66471 # 67889 # -1 # ID=86_58;partial=00;start_type=ATG;rbs_motif=GGAG/GAGG;rbs_spacer=5-10bp;genetic_code=11;gc_cont=0.695	GENOMAD.154735.PC	1.753E-58	214	0
JAJIWC010000089.1_97 # 120258 # 120560 # -1 # ID=88_97;partial=00;start_type=ATG;rbs_motif=GGAG/GAGG;rbs_spacer=5-10bp;genetic_code=11;gc_cont=0.660	GENOMAD.001872.CC	3.759E-06	46	0
JAJIWC010000091.1_50 # 57117 # 58442 # 1 # ID=90_50;partial=00;start_type=ATG;rbs_motif=GGA/GAG/AGG;rbs_spacer=5-10bp;genetic_code=11;gc_cont=0.661	GENOMAD.191002.CP	1.774E-55	204	0
JAJIWC010000008.1_37 # 38252 # 40093 # -1 # ID=93_37;partial=00;start_type=ATG;rbs_motif=GGAG/GAGG;rbs_spacer=5-10bp;genetic_code=11;gc_cont=0.555	GENOMAD.072096.PP	4.376E-279	862	0
JAJIWC010000009.1_40 # 44592 # 45773 # -1 # ID=1_40;partial=00;start_type=ATG;rbs_motif=GGA/GAG/AGG;rbs_spacer=5-10bp;genetic_code=11;gc_cont=0.662	GENOMAD.171686.PC	8.639E-58	209	0
JAJIWC010000010.1_31 # 51519 # 52535 # 1 # ID=2_31;partial=00;start_type=GTG;rbs_motif=AGGAG;rbs_spacer=5-10bp;genetic_code=11;gc_cont=0.667	GENOMAD.142642.CP	1.634E-98	325	0
JAJIWC010000010.1_63 # 90230 # 90469 # 1 # ID=2_63;partial=00;start_type=ATG;rbs_motif=GGA/GAG/AGG;rbs_spacer=5-10bp;genetic_code=11;gc_cont=0.675	GENOMAD.105945.CV	5.854E-16	73	0
JAJIWC010000011.1_68 # 84841 # 85221 # 1 # ID=3_68;partial=00;start_type=ATG;rbs_motif=GGA/GAG/AGG;rbs_spacer=11-12bp;genetic_code=11;gc_cont=0.598	GENOMAD.124417.CP	9.953E-04	40	0
JAJIWC010000011.1_100 # 124084 # 124470 # 1 # ID=3_100;partial=00;start_type=ATG;rbs_motif=GGAG/GAGG;rbs_spacer=5-10bp;genetic_code=11;gc_cont=0.672	GENOMAD.141139.CP	8.851E-07	49	0
JAJIWC010000011.1_132 # 163160 # 163558 # 1 # ID=3_132;partial=00;start_type=ATG;rbs_motif=AGGAG;rbs_spacer=5-10bp;genetic_code=11;gc_cont=0.637	GENOMAD.189452.CP	2.947E-30	117	0
JAJIWC010000011.1_196 # 243566 # 244387 # 1 # ID=3_196;partial=00;start_type=TTG;rbs_motif=GGAG/GAGG;rbs_spacer=5-10bp;genetic_code=11;gc_cont=0.662	GENOMAD.182377.PC	3.470E-33	132	0
JAJIWC010000011.1_228 # 283582 # 284010 # 1 # ID=3_228;partial=00;start_type=ATG;rbs_motif=None;rbs_spacer=None;genetic_code=11;gc_cont=0.655	GENOMAD.142661.CP	2.226E-29	115	0
JAJIWC010000011.1_260 # 317541 # 318293 # 1 # ID=3_260;partial=00;start_type=ATG;rbs_motif=AGGAG;rbs_spacer=5-10bp;genetic_code=11;gc_cont=0.732	GENOMAD.193021.PC	2.732E-23	102	0
JAJIWC010000012.1_1 # 16 # 246 # 1 # ID=4_1;partial=00;start_type=ATG;rbs_motif=GGAG/GAGG;rbs_spacer=5-10bp;genetic_code=11;gc_cont=0.636	GENOMAD.056550.PP	8.973E-33	121	0
JAJIWC010000012.1_65 # 68504 # 69067 # 1 # ID=4_65;partial=00;start_type=ATG;rbs_motif=GGAG/GAGG;rbs_spacer=5-10bp;genetic_code=11;gc_cont=0.679	GENOMAD.130534.VV	7.703E-05	45	1246
JAJIWC010000012.1_97 # 107396 # 108028 # 1 # ID=4_97;partial=00;start_type=ATG;rbs_motif=GGAG/GAGG;rbs_spacer=5-10bp;genetic_code=11;gc_cont=0.603	GENOMAD.112939.CP	2.281E-04	44	0
JAJIWC010000019.1_30 # 34757 # 36385 # 1 # ID=12_30;partial=00;start_type=ATG;rbs_motif=None;rbs_spacer=None;genetic_code=11;gc_cont=0.695	GENOMAD.152489.CP	3.485E-42	167	0
JAJIWC010000023.1_23 # 24844 # 26712 # -1 # ID=16_23;partial=00;start_type=ATG;rbs_motif=GGA/GAG/AGG;rbs_spacer=5-10bp;genetic_code=11;gc_cont=0.665	GENOMAD.146534.CP	3.751E-04	46	0
JAJIWC010000026.1_27 # 32474 # 33508 # -1 # ID=19_27;partial=00;start_type=ATG;rbs_motif=GGA/GAG/AGG;rbs_spacer=5-10bp;genetic_code=11;gc_cont=0.643	GENOMAD.151274.CP	2.480E-30	126	1246
JAJIWC010000002.1_38 # 41405 # 43609 # 1 # ID=22_38;partial=00;start_type=ATG;rbs_motif=GGA/GAG/AGG;rbs_spacer=5-10bp;genetic_code=11;gc_cont=0.642	GENOMAD.146534.CP	2.302E-04	47	0
JAJIWC010000029.1_21 # 27317 # 27799 # 1 # ID=23_21;partial=00;start_type=ATG;rbs_motif=GGA/GAG/AGG;rbs_spacer=5-10bp;genetic_code=11;gc_cont=0.627	GENOMAD.115115.CP	1.714E-11	64	0
JAJIWC010000029.1_53 # 60775 # 61569 # -1 # ID=23_53;partial=00;start_type=ATG;rbs_motif=GGA/GAG/AGG;rbs_spacer=5-10bp;genetic_code=11;gc_cont=0.683	GENOMAD.129102.CP	9.214E-05	46	0
JAJIWC010000029.1_85 # 95183 # 96307 # -1 # ID=23_85;partial=00;start_type=ATG;rbs_motif=None;rbs_spacer=None;genetic_code=11;gc_cont=0.632	GENOMAD.076874.VV	2.260E-10	65	0
JAJIWC010000031.1_6 # 6239 # 6835 # 1 # ID=25_6;partial=00;start_type=ATG;rbs_motif=None;rbs_spacer=None;genetic_code=11;gc_cont=0.662	GENOMAD.000230.CC	9.752E-13	69	0
JAJIWC010000031.1_38 # 44987 # 45457 # 1 # ID=25_38;partial=00;start_type=ATG;rbs_motif=None;rbs_spacer=None;genetic_code=11;gc_cont=0.643	GENOMAD.179080.CP	2.843E-83	271	0
JAJIWC010000031.1_102 # 114144 # 114407 # 1 # ID=25_102;partial=00;start_type=ATG;rbs_motif=AGGAG;rbs_spacer=5-10bp;genetic_code=11;gc_cont=0.621	GENOMAD.002313.CC	4.708E-14	68	0
JAJIWC010000031.1_134 # 153312 # 155846 # 1 # ID=25_134;partial=00;start_type=ATG;rbs_motif=GGA/GAG/AGG;rbs_spacer=5-10bp;genetic_code=11;gc_cont=0.674	GENOMAD.123353.CP	5.723E-132	445	0
JAJIWC010000031.1_198 # 229874 # 230917 # -1 # ID=25_198;partial=00;start_type=ATG;rbs_motif=GGA/GAG/AGG;rbs_spacer=5-10bp;genetic_code=11;gc_cont=0.661	GENOMAD.114416.CP	1.171E-125	404	0
JAJIWC010000036.1_24 # 32348 # 32923 # 1 # ID=30_24;partial=00;start_type=ATG;rbs_motif=None;rbs_spacer=None;genetic_code=11;gc_cont=0.720	GENOMAD.192401.PC	4.203E-35	134	0
JAJIWC010000036.1_56 # 76912 # 77172 # 1 # ID=30_56;partial=00;start_type=ATG;rbs_motif=None;rbs_spacer=None;genetic_code=11;gc_cont=0.640	GENOMAD.134274.CV	8.078E-16	73	0
JAJIWC010000036.1_88 # 121396 # 122097 # -1 # ID=30_88;partial=00;start_type=ATG;rbs_motif=None;rbs_spacer=None;genetic_code=11;gc_cont=0.627	GENOMAD.183080.CP	2.704E-60	209	0
JAJIWC010000037.1_8 # 8273 # 8548 # 1 # ID=31_8;partial=00;start_type=ATG;rbs_motif=None;rbs_spacer=None;genetic_code=11;gc_cont=0.645	GENOMAD.221228.CP	1.480E-04	41	0
JAJIWC010000003.1_8 # 11866 # 13038 # 1 # ID=33_8;partial=00;start_type=ATG;rbs_motif=None;rbs_spacer=None;genetic_code=11;gc_cont=0.654	GENOMAD.177447.CP	2.898E-11	68	1246
JAJIWC010000060.1_11 # 15267 # 15545 # 1 # ID=56_11;partial=00;start_type=ATG;rbs_motif=None;rbs_spacer=None;genetic_code=11;gc_cont=0.642	GENOMAD.169830.CP	1.905E-17	78	0
JAJIWC010000060.1_75 # 98464 # 99510 # -1 # ID=56_75;partial=00;start_type=GTG;rbs_motif=AGGAG;rbs_spacer=5-10bp;genetic_code=11;gc_cont=0.691	GENOMAD.134221.CP	7.326E-104	341	0
JAJIWC010000061.1_79 # 86839 # 87294 # -1 # ID=57_79;partial=00;start_type=ATG;rbs_motif=AGGAG;rbs_spacer=5-10bp;genetic_code=11;gc_cont=0.638	GENOMAD.160397.CP	1.469E-09	58	0
JAJIWC010000061.1_111 # 118697 # 119701 # -1 # ID=57_111;partial=00;start_type=ATG;rbs_motif=GGAG/GAGG;rbs_spacer=5-10bp;genetic_code=11;gc_cont=0.692	GENOMAD.125846.CP	1.772E-35	141	0
JAJIWC010000064.1_87 # 91361 # 92797 # -1 # ID=60_87;partial=00;start_type=ATG;rbs_motif=GGAG/GAGG;rbs_spacer=5-10bp;genetic_code=11;gc_cont=0.667	GENOMAD.157881.CP	1.069E-52	197	0
JAJIWC010000064.1_119 # 118903 # 120780 # -1 # ID=60_119;partial=00;start_type=ATG;rbs_motif=GGA/GAG/AGG;rbs_spacer=5-10bp;genetic_code=11;gc_cont=0.612	GENOMAD.182050.VC	1.073E-12	74	1246
JAJIWC010000070.1_26 # 32076 # 33395 # 1 # ID=67_26;partial=00;start_type=ATG;rbs_motif=GGAG/GAGG;rbs_spacer=5-10bp;genetic_code=11;gc_cont=0.658	GENOMAD.145476.CP	9.210E-70	246	0
JAJIWC010000070.1_154 # 185484 # 186410 # 1 # ID=67_154;partial=00;start_type=ATG;rbs_motif=None;rbs_spacer=None;genetic_code=11;gc_cont=0.657	GENOMAD.091839.CV	3.465E-06	51	1246
JAJIWC010000077.1_93 # 100752 # 101441 # -1 # ID=74_93;partial=00;start_type=ATG;rbs_motif=GGA/GAG/AGG;rbs_spacer=5-10bp;genetic_code=11;gc_cont=0.696	GENOMAD.028244.CC	3.152E-92	301	0
JAJIWC010000077.1_125 # 136472 # 136993 # -1 # ID=74_125;partial=00;start_type=ATG;rbs_motif=GGAG/GAGG;rbs_spacer=5-10bp;genetic_code=11;gc_cont=0.663	GENOMAD.073523.CV	1.018E-34	132	0
JAJIWC010000077.1_157 # 174915 # 175898 # 1 # ID=74_157;partial=00;start_type=ATG;rbs_motif=None;rbs_spacer=None;genetic_code=11;gc_cont=0.624	GENOMAD.137621.VC	1.917E-06	52	1246
JAJIWC010000079.1_3 # 797 # 1354 # 1 # ID=77_3;partial=00;start_type=GTG;rbs_motif=AGGAG;rbs_spacer=5-10bp;genetic_code=11;gc_cont=0.602	GENOMAD.116512.CV	6.882E-26	107	1246
JAJIWC010000007.1_64 # 70738 # 71082 # -1 # ID=86_64;partial=00;start_type=ATG;rbs_motif=GGAGG;rbs_spacer=5-10bp;genetic_code=11;gc_cont=0.620	GENOMAD.178606.CP	3.218E-04	41	0
JAJIWC010000007.1_128 # 158663 # 160018 # -1 # ID=86_128;partial=00;start_type=ATG;rbs_motif=None;rbs_spacer=None;genetic_code=11;gc_cont=0.695	GENOMAD.114697.CP	7.655E-15	80	0
JAJIWC010000089.1_7 # 11104 # 12210 # -1 # ID=88_7;partial=00;start_type=ATG;rbs_motif=GGxGG;rbs_spacer=5-10bp;genetic_code=11;gc_cont=0.650	GENOMAD.074903.CP	7.607E-60	214	0
JAJIWC010000089.1_39 # 51407 # 52510 # 1 # ID=88_39;partial=00;start_type=ATG;rbs_motif=None;rbs_spacer=None;genetic_code=11;gc_cont=0.592	GENOMAD.181329.VC	3.533E-04	45	1246
JAJIWC010000008.1_11 # 14291 # 16264 # 1 # ID=93_11;partial=00;start_type=ATG;rbs_motif=None;rbs_spacer=None;genetic_code=11;gc_cont=0.683	GENOMAD.113449.CP	9.506E-32	136	0
JAJIWC010000011.1_138 # 168820 # 170601 # -1 # ID=3_138;partial=00;start_type=ATG;rbs_motif=GGAG/GAGG;rbs_spacer=5-10bp;genetic_code=11;gc_cont=0.746	GENOMAD.056591.CC	1.703E-15	83	0
JAJIWC010000011.1_202 # 250637 # 251491 # 1 # ID=3_202;partial=00;start_type=ATG;rbs_motif=GGAG/GAGG;rbs_spacer=5-10bp;genetic_code=11;gc_cont=0.644	GENOMAD.170246.CP	4.444E-59	208	0
JAJIWC010000011.1_298 # 363010 # 363630 # 1 # ID=3_298;partial=00;start_type=ATG;rbs_motif=None;rbs_spacer=None;genetic_code=11;gc_cont=0.675	GENOMAD.140552.CP	1.196E-08	57	0
JAJIWC010000024.1_1 # 3 # 653 # 1 # ID=17_1;partial=10;start_type=Edge;rbs_motif=None;rbs_spacer=None;genetic_code=11;gc_cont=0.621	GENOMAD.083643.PP	4.218E-65	222	0
JAJIWC010000026.1_33 # 42332 # 43750 # 1 # ID=19_33;partial=00;start_type=ATG;rbs_motif=None;rbs_spacer=None;genetic_code=11;gc_cont=0.656	GENOMAD.160785.CP	3.765E-114	377	0
JAJIWC010000027.1_9 # 12902 # 13258 # 1 # ID=20_9;partial=00;start_type=ATG;rbs_motif=GGA/GAG/AGG;rbs_spacer=5-10bp;genetic_code=11;gc_cont=0.653	GENOMAD.123541.CP	1.180E-25	103	0
JAJIWC010000002.1_44 # 53890 # 54558 # 1 # ID=22_44;partial=00;start_type=GTG;rbs_motif=GGAG/GAGG;rbs_spacer=5-10bp;genetic_code=11;gc_cont=0.694	GENOMAD.142156.CP	1.530E-07	54	0
JAJIWC010000029.1_27 # 32627 # 33619 # -1 # ID=23_27;partial=00;start_type=ATG;rbs_motif=GGA/GAG/AGG;rbs_spacer=5-10bp;genetic_code=11;gc_cont=0.665	GENOMAD.147887.CP	8.222E-84	282	0
JAJIWC010000031.1_44 # 48973 # 49683 # 1 # ID=25_44;partial=00;start_type=ATG;rbs_motif=GGA/GAG/AGG;rbs_spacer=11-12bp;genetic_code=11;gc_cont=0.692	GENOMAD.159311.CP	5.065E-54	191	0
JAJIWC010000031.1_76 # 85244 # 85732 # 1 # ID=25_76;partial=00;start_type=ATG;rbs_motif=None;rbs_spacer=None;genetic_code=11;gc_cont=0.661	GENOMAD.195023.CP	2.152E-07	52	0
JAJIWC010000031.1_108 # 122050 # 123294 # 1 # ID=25_108;partial=00;start_type=ATG;rbs_motif=None;rbs_spacer=None;genetic_code=11;gc_cont=0.686	GENOMAD.101276.CP	4.201E-53	196	1246
JAJIWC010000031.1_140 # 164495 # 167266 # 1 # ID=25_140;partial=00;start_type=ATG;rbs_motif=GGA/GAG/AGG;rbs_spacer=5-10bp;genetic_code=11;gc_cont=0.626	GENOMAD.152082.CP	1.485E-21	104	0
JAJIWC010000031.1_172 # 202891 # 203847 # -1 # ID=25_172;partial=00;start_type=ATG;rbs_motif=GGAG/GAGG;rbs_spacer=5-10bp;genetic_code=11;gc_cont=0.674	GENOMAD.083577.VV	5.643E-04	44	1246
JAJIWC010000031.1_204 # 236676 # 236906 # 1 # ID=25_204;partial=00;start_type=ATG;rbs_motif=GGA/GAG/AGG;rbs_spacer=5-10bp;genetic_code=11;gc_cont=0.658	GENOMAD.016641.CC	2.753E-29	111	0
JAJIWC010000034.1_9 # 6806 # 7432 # 1 # ID=28_9;partial=00;start_type=TTG;rbs_motif=GGAG/GAGG;rbs_spacer=5-10bp;genetic_code=11;gc_cont=0.560	GENOMAD.137753.PC	2.555E-29	118	0
JAJIWC010000036.1_30 # 49111 # 49401 # -1 # ID=30_30;partial=00;start_type=ATG;rbs_motif=GGA/GAG/AGG;rbs_spacer=5-10bp;genetic_code=11;gc_cont=0.632	GENOMAD.010346.CC	6.885E-45	157	0
JAJIWC010000058.1_11 # 6527 # 7225 # -1 # ID=54_11;partial=00;start_type=ATG;rbs_motif=GGA/GAG/AGG;rbs_spacer=5-10bp;genetic_code=11;gc_cont=0.532	GENOMAD.191442.PC	1.715E-22	99	0
JAJIWC010000061.1_1 # 398 # 1054 # 1 # ID=57_1;partial=00;start_type=ATG;rbs_motif=GGA/GAG/AGG;rbs_spacer=5-10bp;genetic_code=11;gc_cont=0.636	GENOMAD.137608.CP	1.320E-70	238	0
JAJIWC010000061.1_33 # 38030 # 39349 # 1 # ID=57_33;partial=00;start_type=ATG;rbs_motif=None;rbs_spacer=None;genetic_code=11;gc_cont=0.680	GENOMAD.000143.CC	1.782E-53	198	1246
JAJIWC010000070.1_76 # 89317 # 90153 # 1 # ID=67_76;partial=00;start_type=ATG;rbs_motif=GGAG/GAGG;rbs_spacer=5-10bp;genetic_code=11;gc_cont=0.659	GENOMAD.182485.PC	1.720E-140	443	0
JAJIWC010000070.1_108 # 125898 # 126470 # 1 # ID=67_108;partial=00;start_type=ATG;rbs_motif=GGA/GAG/AGG;rbs_spacer=11-12bp;genetic_code=11;gc_cont=0.663	GENOMAD.104491.CP	1.830E-06	50	0
JAJIWC010000071.1_8 # 9327 # 9860 # -1 # ID=68_8;partial=00;start_type=ATG;rbs_motif=GGA/GAG/AGG;rbs_spacer=5-10bp;genetic_code=11;gc_cont=0.614	GENOMAD.067442.PP	1.301E-33	129	0
JAJIWC010000077.1_47 # 48786 # 49538 # 1 # ID=74_47;partial=00;start_type=ATG;rbs_motif=None;rbs_spacer=None;genetic_code=11;gc_cont=0.647	GENOMAD.123398.CP	1.207E-24	106	0
JAJIWC010000077.1_79 # 85333 # 86373 # -1 # ID=74_79;partial=00;start_type=GTG;rbs_motif=AGGA;rbs_spacer=5-10bp;genetic_code=11;gc_cont=0.636	GENOMAD.141801.CP	4.262E-19	92	0
JAJIWC010000077.1_175 # 194517 # 195272 # -1 # ID=74_175;partial=00;start_type=ATG;rbs_motif=GGA/GAG/AGG;rbs_spacer=5-10bp;genetic_code=11;gc_cont=0.680	GENOMAD.194686.CP	3.087E-13	72	0
JAJIWC010000078.1_37 # 57049 # 57621 # -1 # ID=76_37;partial=00;start_type=ATG;rbs_motif=None;rbs_spacer=None;genetic_code=11;gc_cont=0.651	GENOMAD.145587.CP	6.451E-48	171	0
JAJIWC010000078.1_69 # 95413 # 97341 # -1 # ID=76_69;partial=00;start_type=ATG;rbs_motif=None;rbs_spacer=None;genetic_code=11;gc_cont=0.643	GENOMAD.142957.CP	1.423E-17	90	0
JAJIWC010000078.1_101 # 132473 # 134347 # 1 # ID=76_101;partial=00;start_type=ATG;rbs_motif=GGAG/GAGG;rbs_spacer=5-10bp;genetic_code=11;gc_cont=0.655	GENOMAD.133367.CP	5.798E-81	286	0
JAJIWC010000078.1_133 # 167274 # 167801 # 1 # ID=76_133;partial=00;start_type=GTG;rbs_motif=GGAG/GAGG;rbs_spacer=5-10bp;genetic_code=11;gc_cont=0.642	GENOMAD.142784.CP	1.250E-10	62	0
JAJIWC010000082.1_2 # 1476 # 1904 # -1 # ID=80_2;partial=00;start_type=ATG;rbs_motif=GGA/GAG/AGG;rbs_spacer=5-10bp;genetic_code=11;gc_cont=0.608	GENOMAD.101014.VV	9.116E-31	119	0
JAJIWC010000083.1_12 # 15617 # 16819 # 1 # ID=81_12;partial=00;start_type=GTG;rbs_motif=None;rbs_spacer=None;genetic_code=11;gc_cont=0.686	GENOMAD.094189.CV	2.002E-13	75	0
JAJIWC010000007.1_114 # 133513 # 136206 # -1 # ID=86_114;partial=00;start_type=ATG;rbs_motif=None;rbs_spacer=None;genetic_code=11;gc_cont=0.625	GENOMAD.152082.CP	3.806E-26	119	0
JAJIWC010000089.1_25 # 34898 # 35824 # 1 # ID=88_25;partial=00;start_type=ATG;rbs_motif=GGA/GAG/AGG;rbs_spacer=11-12bp;genetic_code=11;gc_cont=0.650	GENOMAD.152533.CP	1.725E-37	146	0
JAJIWC010000036.1_84 # 116323 # 117516 # 1 # ID=30_84;partial=00;start_type=ATG;rbs_motif=GGAG/GAGG;rbs_spacer=5-10bp;genetic_code=11;gc_cont=0.655	GENOMAD.105317.CP	7.484E-44	168	0
JAJIWC010000036.1_116 # 156272 # 157000 # 1 # ID=30_116;partial=00;start_type=ATG;rbs_motif=GGA/GAG/AGG;rbs_spacer=5-10bp;genetic_code=11;gc_cont=0.719	GENOMAD.146670.CP	1.042E-22	100	0
JAJIWC010000037.1_4 # 3604 # 3804 # 1 # ID=31_4;partial=00;start_type=ATG;rbs_motif=None;rbs_spacer=None;genetic_code=11;gc_cont=0.642	GENOMAD.105856.CP	9.956E-13	63	0
JAJIWC010000038.1_11 # 8881 # 9153 # -1 # ID=32_11;partial=00;start_type=ATG;rbs_motif=None;rbs_spacer=None;genetic_code=11;gc_cont=0.619	GENOMAD.172052.CP	1.033E-07	50	0
JAJIWC010000038.1_43 # 39456 # 40364 # -1 # ID=32_43;partial=00;start_type=ATG;rbs_motif=None;rbs_spacer=None;genetic_code=11;gc_cont=0.640	GENOMAD.142156.CP	3.779E-07	54	0
JAJIWC010000003.1_4 # 3469 # 3666 # -1 # ID=33_4;partial=00;start_type=ATG;rbs_motif=None;rbs_spacer=None;genetic_code=11;gc_cont=0.682	GENOMAD.009130.CC	1.367E-23	94	0
JAJIWC010000004.1_27 # 36407 # 39196 # 1 # ID=44_27;partial=00;start_type=ATG;rbs_motif=None;rbs_spacer=None;genetic_code=11;gc_cont=0.653	GENOMAD.151917.PC	8.649E-09	62	0
JAJIWC010000004.1_59 # 92519 # 93460 # -1 # ID=44_59;partial=00;start_type=ATG;rbs_motif=GGA/GAG/AGG;rbs_spacer=5-10bp;genetic_code=11;gc_cont=0.631	GENOMAD.110271.CV	5.047E-33	133	1246
JAJIWC010000004.1_91 # 126579 # 127655 # 1 # ID=44_91;partial=00;start_type=ATG;rbs_motif=None;rbs_spacer=None;genetic_code=11;gc_cont=0.636	GENOMAD.027063.CC	3.892E-52	191	0
JAJIWC010000049.1_2 # 985 # 2016 # -1 # ID=45_2;partial=00;start_type=ATG;rbs_motif=AGGA;rbs_spacer=5-10bp;genetic_code=11;gc_cont=0.532	GENOMAD.114461.PP	1.737E-90	302	0
JAJIWC010000050.1_24 # 18331 # 19152 # -1 # ID=46_24;partial=00;start_type=ATG;rbs_motif=None;rbs_spacer=None;genetic_code=11;gc_cont=0.698	GENOMAD.023008.PP	9.132E-154	481	0
JAJIWC010000051.1_82 # 108118 # 108525 # -1 # ID=47_82;partial=00;start_type=ATG;rbs_motif=AGGAG;rbs_spacer=5-10bp;genetic_code=11;gc_cont=0.451	GENOMAD.020425.PP	6.435E-48	168	0
JAJIWC010000051.1_114 # 143401 # 146115 # -1 # ID=47_114;partial=00;start_type=ATG;rbs_motif=AGGA;rbs_spacer=5-10bp;genetic_code=11;gc_cont=0.650	GENOMAD.000022.CC	1.977E-99	350	1246
JAJIWC010000053.1_2 # 1201 # 3558 # -1 # ID=49_2;partial=00;start_type=ATG;rbs_motif=GGAG/GAGG;rbs_spacer=5-10bp;genetic_code=11;gc_cont=0.669	GENOMAD.112718.CP	7.009E-192	618	0
JAJIWC010000055.1_17 # 17267 # 18622 # 1 # ID=51_17;partial=00;start_type=GTG;rbs_motif=AGGA;rbs_spacer=5-10bp;genetic_code=11;gc_cont=0.487	GENOMAD.056843.CC	1.292E-256	788	0
JAJIWC010000056.1_95 # 109244 # 109774 # 1 # ID=52_95;partial=00;start_type=ATG;rbs_motif=GGA/GAG/AGG;rbs_spacer=5-10bp;genetic_code=11;gc_cont=0.606	GENOMAD.140619.VV	2.261E-70	235	0
JAJIWC010000061.1_4 # 4783 # 6024 # 1 # ID=57_4;partial=00;start_type=ATG;rbs_motif=None;rbs_spacer=None;genetic_code=11;gc_cont=0.641	GENOMAD.141017.CP	3.280E-16	84	0
JAJIWC010000064.1_12 # 11414 # 12094 # -1 # ID=60_12;partial=00;start_type=ATG;rbs_motif=None;rbs_spacer=None;genetic_code=11;gc_cont=0.689	GENOMAD.137324.CP	3.442E-07	53	0
JAJIWC010000064.1_108 # 110452 # 110859 # 1 # ID=60_108;partial=00;start_type=ATG;rbs_motif=GGA/GAG/AGG;rbs_spacer=5-10bp;genetic_code=11;gc_cont=0.610	GENOMAD.197764.PC	2.997E-64	215	0
JAJIWC010000064.1_204 # 217795 # 218370 # -1 # ID=60_204;partial=00;start_type=ATG;rbs_motif=GGA/GAG/AGG;rbs_spacer=11-12bp;genetic_code=11;gc_cont=0.689	GENOMAD.145419.CP	2.090E-95	308	0
JAJIWC010000066.1_27 # 34101 # 35222 # -1 # ID=62_27;partial=00;start_type=ATG;rbs_motif=GGAG/GAGG;rbs_spacer=5-10bp;genetic_code=11;gc_cont=0.676	GENOMAD.160484.CP	3.691E-161	508	0
JAJIWC010000070.1_143 # 172780 # 173214 # -1 # ID=67_143;partial=00;start_type=ATG;rbs_motif=None;rbs_spacer=None;genetic_code=11;gc_cont=0.692	GENOMAD.096167.CP	1.575E-25	104	0
JAJIWC010000071.1_11 # 12164 # 12724 # -1 # ID=68_11;partial=00;start_type=ATG;rbs_motif=GGAG/GAGG;rbs_spacer=5-10bp;genetic_code=11;gc_cont=0.588	GENOMAD.180325.PC	2.943E-46	166	0
JAJIWC010000077.1_18 # 16657 # 16962 # -1 # ID=74_18;partial=00;start_type=ATG;rbs_motif=GGAG/GAGG;rbs_spacer=5-10bp;genetic_code=11;gc_cont=0.611	GENOMAD.036873.CC	1.734E-14	70	0
JAJIWC010000077.1_50 # 50344 # 52281 # 1 # ID=74_50;partial=00;start_type=ATG;rbs_motif=None;rbs_spacer=None;genetic_code=11;gc_cont=0.678	GENOMAD.137760.CP	4.659E-62	230	0
JAJIWC010000077.1_114 # 123035 # 123583 # 1 # ID=74_114;partial=00;start_type=ATG;rbs_motif=None;rbs_spacer=None;genetic_code=11;gc_cont=0.670	GENOMAD.151568.CP	5.999E-71	237	0
JAJIWC010000077.1_146 # 164323 # 164667 # 1 # ID=74_146;partial=00;start_type=ATG;rbs_motif=None;rbs_spacer=None;genetic_code=11;gc_cont=0.646	GENOMAD.138361.CV	2.953E-14	70	0
JAJIWC010000078.1_8 # 7965 # 8471 # -1 # ID=76_8;partial=00;start_type=ATG;rbs_motif=GGAGG;rbs_spacer=3-4bp;genetic_code=11;gc_cont=0.604	GENOMAD.166375.PC	1.078E-09	59	0
JAJIWC010000078.1_72 # 101159 # 102280 # 1 # ID=76_72;partial=00;start_type=ATG;rbs_motif=GGA/GAG/AGG;rbs_spacer=5-10bp;genetic_code=11;gc_cont=0.662	GENOMAD.103023.CP	3.227E-107	352	0
JAJIWC010000078.1_104 # 137341 # 138666 # 1 # ID=76_104;partial=00;start_type=ATG;rbs_motif=GGAG/GAGG;rbs_spacer=5-10bp;genetic_code=11;gc_cont=0.649	GENOMAD.137994.CP	2.147E-23	107	0
JAJIWC010000078.1_136 # 169157 # 169564 # 1 # ID=76_136;partial=00;start_type=GTG;rbs_motif=GGAGG;rbs_spacer=5-10bp;genetic_code=11;gc_cont=0.684	GENOMAD.166188.CP	1.223E-15	75	0
JAJIWC010000007.1_53 # 56051 # 56887 # -1 # ID=86_53;partial=00;start_type=ATG;rbs_motif=GGA/GAG/AGG;rbs_spacer=5-10bp;genetic_code=11;gc_cont=0.651	GENOMAD.215399.PC	2.492E-25	109	0
JAJIWC010000007.1_117 # 143342 # 145558 # -1 # ID=86_117;partial=00;start_type=ATG;rbs_motif=GGAG/GAGG;rbs_spacer=5-10bp;genetic_code=11;gc_cont=0.646	GENOMAD.129297.CP	7.565E-17	88	0
JAJIWC010000088.1_12 # 8982 # 9755 # -1 # ID=87_12;partial=00;start_type=ATG;rbs_motif=GGA/GAG/AGG;rbs_spacer=5-10bp;genetic_code=11;gc_cont=0.553	GENOMAD.043515.PP	1.754E-138	436	0
JAJIWC010000089.1_28 # 37734 # 39383 # 1 # ID=88_28;partial=00;start_type=ATG;rbs_motif=GGAG/GAGG;rbs_spacer=5-10bp;genetic_code=11;gc_cont=0.649	GENOMAD.158774.CP	1.140E-06	54	0
JAJIWC010000091.1_45 # 51769 # 52074 # 1 # ID=90_45;partial=00;start_type=GTG;rbs_motif=None;rbs_spacer=None;genetic_code=11;gc_cont=0.657	GENOMAD.178375.CP	5.833E-10	57	0
JAJIWC010000091.1_77 # 87359 # 88087 # -1 # ID=90_77;partial=00;start_type=ATG;rbs_motif=GGAG/GAGG;rbs_spacer=5-10bp;genetic_code=11;gc_cont=0.686	GENOMAD.142991.CP	9.820E-112	358	0
JAJIWC010000008.1_32 # 33661 # 34530 # 1 # ID=93_32;partial=00;start_type=ATG;rbs_motif=AGGA;rbs_spacer=5-10bp;genetic_code=11;gc_cont=0.636	GENOMAD.037271.CC	6.196E-06	50	0
JAJIWC010000010.1_26 # 39768 # 42449 # -1 # ID=2_26;partial=00;start_type=ATG;rbs_motif=AGGAG;rbs_spacer=5-10bp;genetic_code=11;gc_cont=0.647	GENOMAD.176795.CP	9.254E-13	75	0
JAJIWC010000010.1_90 # 129930 # 131447 # 1 # ID=2_90;partial=00;start_type=GTG;rbs_motif=AGGAG;rbs_spacer=5-10bp;genetic_code=11;gc_cont=0.649	GENOMAD.098617.VV	8.587E-10	64	1246
JAJIWC010000010.1_122 # 162990 # 164264 # 1 # ID=2_122;partial=00;start_type=ATG;rbs_motif=None;rbs_spacer=None;genetic_code=11;gc_cont=0.671	GENOMAD.108595.CP	6.868E-37	148	1246
JAJIWC010000011.1_63 # 80386 # 81153 # 1 # ID=3_63;partial=00;start_type=ATG;rbs_motif=GGA/GAG/AGG;rbs_spacer=5-10bp;genetic_code=11;gc_cont=0.639	GENOMAD.125981.CP	2.185E-06	51	1246
JAJIWC010000014.1_57 # 76813 # 77217 # 1 # ID=6_57;partial=00;start_type=ATG;rbs_motif=GGA/GAG/AGG;rbs_spacer=5-10bp;genetic_code=11;gc_cont=0.622	GENOMAD.138033.CP	1.749E-28	112	0
JAJIWC010000019.1_25 # 28154 # 29425 # -1 # ID=12_25;partial=00;start_type=ATG;rbs_motif=AGGA;rbs_spacer=5-10bp;genetic_code=11;gc_cont=0.675	GENOMAD.118636.CP	3.517E-11	68	0
JAJIWC010000023.1_18 # 20880 # 21713 # -1 # ID=16_18;partial=00;start_type=ATG;rbs_motif=None;rbs_spacer=None;genetic_code=11;gc_cont=0.644	GENOMAD.000337.CC	6.604E-38	146	0
JAJIWC010000025.1_19 # 29586 # 30656 # 1 # ID=18_19;partial=00;start_type=GTG;rbs_motif=GGAG/GAGG;rbs_spacer=5-10bp;genetic_code=11;gc_cont=0.682	GENOMAD.178810.CP	4.650E-06	51	0
JAJIWC010000026.1_22 # 29585 # 29803 # -1 # ID=19_22;partial=00;start_type=GTG;rbs_motif=None;rbs_spacer=None;genetic_code=11;gc_cont=0.630	GENOMAD.007320.CC	4.225E-09	53	0
JAJIWC010000026.1_54 # 70328 # 72292 # -1 # ID=19_54;partial=00;start_type=GTG;rbs_motif=GGA/GAG/AGG;rbs_spacer=5-10bp;genetic_code=11;gc_cont=0.682	GENOMAD.145791.CP	3.282E-101	347	0
JAJIWC010000079.1_11 # 13543 # 14010 # 1 # ID=77_11;partial=00;start_type=ATG;rbs_motif=AGGA;rbs_spacer=5-10bp;genetic_code=11;gc_cont=0.583	GENOMAD.031610.CC	1.187E-50	177	0
JAJIWC010000007.1_8 # 5228 # 5818 # -1 # ID=86_8;partial=00;start_type=ATG;rbs_motif=AGGAG;rbs_spacer=5-10bp;genetic_code=11;gc_cont=0.675	GENOMAD.177995.CP	2.039E-06	50	0
JAJIWC010000007.1_136 # 166114 # 166545 # -1 # ID=86_136;partial=00;start_type=ATG;rbs_motif=None;rbs_spacer=None;genetic_code=11;gc_cont=0.606	GENOMAD.105714.CP	9.507E-31	119	0
JAJIWC010000010.1_109 # 153682 # 153951 # -1 # ID=2_109;partial=00;start_type=ATG;rbs_motif=AGGA/GGAG/GAGG;rbs_spacer=11-12bp;genetic_code=11;gc_cont=0.641	GENOMAD.128943.CP	1.233E-05	44	0
JAJIWC010000011.1_18 # 26188 # 26724 # 1 # ID=3_18;partial=00;start_type=ATG;rbs_motif=GGAGG;rbs_spacer=5-10bp;genetic_code=11;gc_cont=0.629	GENOMAD.152240.VV	3.079E-05	46	1246
JAJIWC010000011.1_50 # 61475 # 62833 # -1 # ID=3_50;partial=00;start_type=TTG;rbs_motif=GGA/GAG/AGG;rbs_spacer=5-10bp;genetic_code=11;gc_cont=0.627	GENOMAD.182879.CP	2.467E-54	201	0
JAJIWC010000011.1_82 # 98394 # 99629 # -1 # ID=3_82;partial=00;start_type=ATG;rbs_motif=None;rbs_spacer=None;genetic_code=11;gc_cont=0.676	GENOMAD.105932.CP	4.893E-09	61	0
JAJIWC010000011.1_146 # 180792 # 182420 # -1 # ID=3_146;partial=00;start_type=GTG;rbs_motif=GGAG/GAGG;rbs_spacer=5-10bp;genetic_code=11;gc_cont=0.646	GENOMAD.074457.CP	1.390E-108	364	0
JAJIWC010000011.1_178 # 215679 # 219545 # 1 # ID=3_178;partial=00;start_type=GTG;rbs_motif=AGGAG;rbs_spacer=5-10bp;genetic_code=11;gc_cont=0.646	GENOMAD.219526.VC	0.000E+00	2057	0
JAJIWC010000011.1_274 # 331257 # 331901 # 1 # ID=3_274;partial=00;start_type=ATG;rbs_motif=None;rbs_spacer=None;genetic_code=11;gc_cont=0.710	GENOMAD.001958.CC	8.940E-25	105	0
JAJIWC010000011.1_306 # 368882 # 370600 # 1 # ID=3_306;partial=00;start_type=ATG;rbs_motif=GGAG/GAGG;rbs_spacer=5-10bp;genetic_code=11;gc_cont=0.679	GENOMAD.159408.CP	2.164E-89	309	0
JAJIWC010000012.1_79 # 88020 # 88190 # 1 # ID=4_79;partial=00;start_type=ATG;rbs_motif=GGA/GAG/AGG;rbs_spacer=5-10bp;genetic_code=11;gc_cont=0.573	GENOMAD.151036.CV	7.719E-11	57	0
JAJIWC010000014.1_12 # 18744 # 19256 # -1 # ID=6_12;partial=00;start_type=ATG;rbs_motif=GGA/GAG/AGG;rbs_spacer=5-10bp;genetic_code=11;gc_cont=0.618	GENOMAD.062686.CP	8.107E-45	161	0
JAJIWC010000019.1_76 # 102779 # 103531 # 1 # ID=12_76;partial=00;start_type=ATG;rbs_motif=GGA/GAG/AGG;rbs_spacer=5-10bp;genetic_code=11;gc_cont=0.696	GENOMAD.159640.CP	5.787E-10	62	0
JAJIWC010000023.1_5 # 7174 # 8508 # -1 # ID=16_5;partial=00;start_type=ATG;rbs_motif=None;rbs_spacer=None;genetic_code=11;gc_cont=0.510	GENOMAD.117158.CP	2.873E-26	116	0
JAJIWC010000026.1_41 # 53353 # 54816 # 1 # ID=19_41;partial=00;start_type=ATG;rbs_motif=None;rbs_spacer=None;genetic_code=11;gc_cont=0.676	GENOMAD.117114.CP	4.680E-07	55	0
JAJIWC010000027.1_17 # 24204 # 24569 # -1 # ID=20_17;partial=00;start_type=ATG;rbs_motif=None;rbs_spacer=None;genetic_code=11;gc_cont=0.653	GENOMAD.018062.CC	1.591E-15	74	0
JAJIWC010000002.1_52 # 63734 # 64609 # -1 # ID=22_52;partial=00;start_type=ATG;rbs_motif=GGAG/GAGG;rbs_spacer=5-10bp;genetic_code=11;gc_cont=0.627	GENOMAD.145601.CP	6.294E-06	50	0
JAJIWC010000029.1_3 # 4060 # 6963 # -1 # ID=23_3;partial=00;start_type=ATG;rbs_motif=GGAG/GAGG;rbs_spacer=5-10bp;genetic_code=11;gc_cont=0.638	GENOMAD.153944.CP	6.016E-07	56	0
JAJIWC010000041.1_12 # 7244 # 7993 # -1 # ID=36_12;partial=00;start_type=ATG;rbs_motif=None;rbs_spacer=None;genetic_code=11;gc_cont=0.676	GENOMAD.005386.CC	2.256E-40	152	0
JAJIWC010000041.1_44 # 46236 # 47762 # 1 # ID=36_44;partial=00;start_type=ATG;rbs_motif=None;rbs_spacer=None;genetic_code=11;gc_cont=0.655	GENOMAD.105891.CP	3.615E-99	335	0
JAJIWC010000041.1_108 # 109162 # 109461 # -1 # ID=36_108;partial=00;start_type=ATG;rbs_motif=AGGAG;rbs_spacer=5-10bp;genetic_code=11;gc_cont=0.567	GENOMAD.058867.CV	2.788E-24	98	0
JAJIWC010000043.1_8 # 8379 # 9626 # 1 # ID=38_8;partial=00;start_type=ATG;rbs_motif=None;rbs_spacer=None;genetic_code=11;gc_cont=0.639	GENOMAD.145307.CP	1.477E-06	53	0
JAJIWC010000043.1_72 # 76652 # 78475 # 1 # ID=38_72;partial=00;start_type=ATG;rbs_motif=GGAG/GAGG;rbs_spacer=5-10bp;genetic_code=11;gc_cont=0.642	GENOMAD.181251.PC	1.515E-18	93	0
JAJIWC010000047.1_17 # 14004 # 14621 # -1 # ID=42_17;partial=00;start_type=ATG;rbs_motif=None;rbs_spacer=None;genetic_code=11;gc_cont=0.709	GENOMAD.147413.CP	1.133E-13	72	0
JAJIWC010000070.1_84 # 99961 # 100764 # 1 # ID=67_84;partial=00;start_type=ATG;rbs_motif=GGAG/GAGG;rbs_spacer=5-10bp;genetic_code=11;gc_cont=0.692	GENOMAD.016394.CC	1.034E-114	368	0
JAJIWC010000070.1_116 # 137553 # 138641 # -1 # ID=67_116;partial=00;start_type=GTG;rbs_motif=GGAG/GAGG;rbs_spacer=5-10bp;genetic_code=11;gc_cont=0.645	GENOMAD.207450.CP	1.427E-22	103	0
JAJIWC010000070.1_148 # 177976 # 179250 # -1 # ID=67_148;partial=00;start_type=ATG;rbs_motif=GGA/GAG/AGG;rbs_spacer=5-10bp;genetic_code=11;gc_cont=0.660	GENOMAD.031297.CC	1.460E-44	171	0
JAJIWC010000077.1_23 # 20519 # 20860 # 1 # ID=74_23;partial=00;start_type=ATG;rbs_motif=GGAG/GAGG;rbs_spacer=5-10bp;genetic_code=11;gc_cont=0.637	GENOMAD.008251.CC	6.963E-53	181	0
JAJIWC010000077.1_55 # 55972 # 56586 # 1 # ID=74_55;partial=00;start_type=ATG;rbs_motif=GGA/GAG/AGG;rbs_spacer=5-10bp;genetic_code=11;gc_cont=0.621	GENOMAD.161509.CP	1.151E-08	57	0
JAJIWC010000031.1_2 # 1263 # 2675 # 1 # ID=25_2;partial=00;start_type=ATG;rbs_motif=AGGAG/GGAGG;rbs_spacer=11-12bp;genetic_code=11;gc_cont=0.690	GENOMAD.009539.CC	1.259E-04	47	0
JAJIWC010000031.1_98 # 111252 # 111503 # -1 # ID=25_98;partial=00;start_type=ATG;rbs_motif=AGGAG;rbs_spacer=5-10bp;genetic_code=11;gc_cont=0.599	GENOMAD.158028.PC	5.323E-26	102	0
JAJIWC010000031.1_194 # 225824 # 226129 # -1 # ID=25_194;partial=00;start_type=ATG;rbs_motif=None;rbs_spacer=None;genetic_code=11;gc_cont=0.647	GENOMAD.181899.CV	7.134E-08	51	0
JAJIWC010000033.1_16 # 26735 # 27367 # 1 # ID=27_16;partial=00;start_type=ATG;rbs_motif=GGAG/GAGG;rbs_spacer=5-10bp;genetic_code=11;gc_cont=0.668	GENOMAD.151025.CP	3.887E-35	135	0
JAJIWC010000033.1_48 # 67071 # 67556 # -1 # ID=27_48;partial=00;start_type=ATG;rbs_motif=GGAGG;rbs_spacer=3-4bp;genetic_code=11;gc_cont=0.626	GENOMAD.017267.CC	4.717E-04	42	0
JAJIWC010000064.1_97 # 101474 # 101845 # -1 # ID=60_97;partial=00;start_type=ATG;rbs_motif=GGA/GAG/AGG;rbs_spacer=5-10bp;genetic_code=11;gc_cont=0.680	GENOMAD.196044.PC	4.896E-29	113	0
JAJIWC010000064.1_129 # 130054 # 131775 # -1 # ID=60_129;partial=00;start_type=ATG;rbs_motif=None;rbs_spacer=None;genetic_code=11;gc_cont=0.677	GENOMAD.133902.CP	1.438E-136	447	0
JAJIWC010000064.1_161 # 166799 # 167140 # 1 # ID=60_161;partial=00;start_type=GTG;rbs_motif=AGGAG;rbs_spacer=5-10bp;genetic_code=11;gc_cont=0.632	GENOMAD.170721.VV	1.308E-05	45	1246
JAJIWC010000064.1_193 # 204115 # 206286 # -1 # ID=60_193;partial=00;start_type=ATG;rbs_motif=GGA/GAG/AGG;rbs_spacer=5-10bp;genetic_code=11;gc_cont=0.662	GENOMAD.121860.CP	1.850E-10	67	0
JAJIWC010000065.1_12 # 10050 # 10409 # 1 # ID=61_12;partial=00;start_type=ATG;rbs_motif=GGA/GAG/AGG;rbs_spacer=11-12bp;genetic_code=11;gc_cont=0.589	GENOMAD.018298.PP	8.211E-04	40	0
JAJIWC010000066.1_16 # 21114 # 22148 # -1 # ID=62_16;partial=00;start_type=ATG;rbs_motif=AGGA;rbs_spacer=5-10bp;genetic_code=11;gc_cont=0.647	GENOMAD.033146.CC	8.727E-190	589	0
JAJIWC010000070.1_4 # 3687 # 4121 # 1 # ID=67_4;partial=00;start_type=ATG;rbs_motif=AGGAG;rbs_spacer=5-10bp;genetic_code=11;gc_cont=0.692	GENOMAD.142464.CP	2.258E-21	92	0
JAJIWC010000070.1_36 # 44028 # 45533 # 1 # ID=67_36;partial=00;start_type=ATG;rbs_motif=AGGA;rbs_spacer=5-10bp;genetic_code=11;gc_cont=0.661	GENOMAD.125808.CP	2.008E-06	53	0
JAJIWC010000070.1_100 # 118647 # 119291 # 1 # ID=67_100;partial=00;start_type=ATG;rbs_motif=None;rbs_spacer=None;genetic_code=11;gc_cont=0.670	GENOMAD.002511.CC	3.205E-49	176	0
JAJIWC010000077.1_103 # 111113 # 111946 # 1 # ID=74_103;partial=00;start_type=ATG;rbs_motif=GGAG/GAGG;rbs_spacer=5-10bp;genetic_code=11;gc_cont=0.645	GENOMAD.123216.CP	1.214E-19	92	0
JAJIWC010000078.1_125 # 156309 # 159809 # 1 # ID=76_125;partial=00;start_type=ATG;rbs_motif=None;rbs_spacer=None;genetic_code=11;gc_cont=0.680	GENOMAD.133878.VC	3.520E-10	67	1246
JAJIWC010000083.1_4 # 3836 # 5596 # 1 # ID=81_4;partial=00;start_type=ATG;rbs_motif=None;rbs_spacer=None;genetic_code=11;gc_cont=0.680	GENOMAD.192010.PC	9.042E-25	113	0
JAJIWC010000091.1_34 # 39942 # 40592 # 1 # ID=90_34;partial=00;start_type=ATG;rbs_motif=GGAG/GAGG;rbs_spacer=5-10bp;genetic_code=11;gc_cont=0.670	GENOMAD.004530.CC	8.439E-27	111	0
JAJIWC010000008.1_21 # 23001 # 23705 # -1 # ID=93_21;partial=00;start_type=ATG;rbs_motif=GGAG/GAGG;rbs_spacer=5-10bp;genetic_code=11;gc_cont=0.678	GENOMAD.209966.CP	2.493E-52	186	0
JAJIWC010000009.1_24 # 23620 # 25932 # -1 # ID=1_24;partial=00;start_type=ATG;rbs_motif=None;rbs_spacer=None;genetic_code=11;gc_cont=0.679	GENOMAD.180354.PC	9.075E-93	326	0
JAJIWC010000010.1_15 # 21042 # 22106 # 1 # ID=2_15;partial=00;start_type=ATG;rbs_motif=GGAG/GAGG;rbs_spacer=5-10bp;genetic_code=11;gc_cont=0.650	GENOMAD.141113.CP	6.386E-55	199	0
JAJIWC010000010.1_47 # 70210 # 70818 # 1 # ID=2_47;partial=00;start_type=ATG;rbs_motif=None;rbs_spacer=None;genetic_code=11;gc_cont=0.654	GENOMAD.142335.PC	1.368E-62	214	0
JAJIWC010000051.1_21 # 35724 # 36923 # -1 # ID=47_21;partial=00;start_type=ATG;rbs_motif=GGAG/GAGG;rbs_spacer=5-10bp;genetic_code=11;gc_cont=0.672	GENOMAD.128896.CP	9.403E-09	60	0
JAJIWC010000051.1_85 # 110505 # 111689 # -1 # ID=47_85;partial=00;start_type=GTG;rbs_motif=AGGA;rbs_spacer=5-10bp;genetic_code=11;gc_cont=0.532	GENOMAD.106752.PC	1.304E-25	113	0
JAJIWC010000051.1_117 # 148792 # 150252 # -1 # ID=47_117;partial=00;start_type=ATG;rbs_motif=AGGA;rbs_spacer=5-10bp;genetic_code=11;gc_cont=0.628	GENOMAD.109595.CP	1.369E-102	344	0
JAJIWC010000056.1_130 # 149251 # 149526 # -1 # ID=52_130;partial=00;start_type=ATG;rbs_motif=None;rbs_spacer=None;genetic_code=11;gc_cont=0.641	GENOMAD.016982.CC	1.636E-18	81	0
JAJIWC010000014.1_4 # 9767 # 10381 # 1 # ID=6_4;partial=00;start_type=ATG;rbs_motif=AGGA;rbs_spacer=5-10bp;genetic_code=11;gc_cont=0.688	GENOMAD.181672.CP	3.955E-20	91	0
JAJIWC010000014.1_36 # 46972 # 49296 # -1 # ID=6_36;partial=00;start_type=ATG;rbs_motif=AGGAG;rbs_spacer=5-10bp;genetic_code=11;gc_cont=0.665	GENOMAD.194623.CP	0.000E+00	1370	0
JAJIWC010000019.1_4 # 5145 # 5648 # -1 # ID=12_4;partial=00;start_type=ATG;rbs_motif=GGA/GAG/AGG;rbs_spacer=5-10bp;genetic_code=11;gc_cont=0.653	GENOMAD.183209.PC	4.532E-23	98	0
JAJIWC010000022.1_5 # 3126 # 4289 # -1 # ID=15_5;partial=00;start_type=ATG;rbs_motif=GGA/GAG/AGG;rbs_spacer=5-10bp;genetic_code=11;gc_cont=0.582	GENOMAD.022765.PP	4.615E-201	624	0
JAJIWC010000004.1_120 # 174651 # 175259 # 1 # ID=44_120;partial=00;start_type=ATG;rbs_motif=GGA/GAG/AGG;rbs_spacer=5-10bp;genetic_code=11;gc_cont=0.593	GENOMAD.179361.CP	3.517E-21	94	0
JAJIWC010000051.1_15 # 25927 # 26223 # -1 # ID=47_15;partial=00;start_type=ATG;rbs_motif=GGAG/GAGG;rbs_spacer=5-10bp;genetic_code=11;gc_cont=0.646	GENOMAD.029425.CC	7.774E-06	45	0
JAJIWC010000051.1_47 # 63377 # 64225 # -1 # ID=47_47;partial=00;start_type=ATG;rbs_motif=None;rbs_spacer=None;genetic_code=11;gc_cont=0.663	GENOMAD.154597.PC	6.591E-07	53	0
JAJIWC010000051.1_111 # 141441 # 141701 # -1 # ID=47_111;partial=00;start_type=ATG;rbs_motif=GGA/GAG/AGG;rbs_spacer=5-10bp;genetic_code=11;gc_cont=0.579	GENOMAD.056361.CP	1.233E-26	104	0
JAJIWC010000055.1_14 # 13364 # 14320 # -1 # ID=51_14;partial=00;start_type=GTG;rbs_motif=GGA/GAG/AGG;rbs_spacer=5-10bp;genetic_code=11;gc_cont=0.691	GENOMAD.115237.CP	1.539E-69	240	0
JAJIWC010000056.1_28 # 34067 # 35554 # -1 # ID=52_28;partial=00;start_type=ATG;rbs_motif=AGGA;rbs_spacer=5-10bp;genetic_code=11;gc_cont=0.686	GENOMAD.169221.CP	4.719E-246	760	0
JAJIWC010000064.1_41 # 41139 # 42035 # 1 # ID=60_41;partial=00;start_type=ATG;rbs_motif=GGA/GAG/AGG;rbs_spacer=5-10bp;genetic_code=11;gc_cont=0.685	GENOMAD.190451.PC	2.670E-11	67	0
JAJIWC010000064.1_137 # 138715 # 139986 # 1 # ID=60_137;partial=00;start_type=ATG;rbs_motif=GGA/GAG/AGG;rbs_spacer=5-10bp;genetic_code=11;gc_cont=0.689	GENOMAD.170827.CP	1.526E-06	53	0
JAJIWC010000064.1_169 # 176649 # 176942 # -1 # ID=60_169;partial=00;start_type=ATG;rbs_motif=GGA/GAG/AGG;rbs_spacer=5-10bp;genetic_code=11;gc_cont=0.561	GENOMAD.142002.VC	1.840E-04	41	1246
JAJIWC010000064.1_201 # 213906 # 215486 # 1 # ID=60_201;partial=00;start_type=ATG;rbs_motif=None;rbs_spacer=None;genetic_code=11;gc_cont=0.670	GENOMAD.142879.CP	7.669E-09	61	0
JAJIWC010000091.1_10 # 6888 # 7709 # -1 # ID=90_10;partial=00;start_type=TTG;rbs_motif=None;rbs_spacer=None;genetic_code=11;gc_cont=0.659	GENOMAD.136404.CP	7.344E-09	59	0
JAJIWC010000092.1_20 # 24647 # 25705 # -1 # ID=91_20;partial=00;start_type=GTG;rbs_motif=None;rbs_spacer=None;genetic_code=11;gc_cont=0.688	GENOMAD.147712.CP	6.208E-189	587	0
JAJIWC010000092.1_52 # 60511 # 60960 # -1 # ID=91_52;partial=00;start_type=ATG;rbs_motif=GGA/GAG/AGG;rbs_spacer=5-10bp;genetic_code=11;gc_cont=0.662	GENOMAD.158192.CP	1.695E-04	43	0
JAJIWC010000008.1_29 # 30971 # 31714 # -1 # ID=93_29;partial=00;start_type=ATG;rbs_motif=GGAG/GAGG;rbs_spacer=5-10bp;genetic_code=11;gc_cont=0.673	GENOMAD.138165.CP	1.336E-13	73	0
JAJIWC010000009.1_32 # 32249 # 36304 # 1 # ID=1_32;partial=00;start_type=ATG;rbs_motif=GGA/GAG/AGG;rbs_spacer=5-10bp;genetic_code=11;gc_cont=0.665	GENOMAD.193847.CP	1.565E-170	577	0
JAJIWC010000010.1_23 # 32501 # 34843 # -1 # ID=2_23;partial=00;start_type=ATG;rbs_motif=GGA/GAG/AGG;rbs_spacer=5-10bp;genetic_code=11;gc_cont=0.666	GENOMAD.140646.CP	1.643E-163	535	1246
JAJIWC010000010.1_87 # 124589 # 127747 # 1 # ID=2_87;partial=00;start_type=ATG;rbs_motif=GGAG/GAGG;rbs_spacer=5-10bp;genetic_code=11;gc_cont=0.626	GENOMAD.152082.CP	4.695E-47	188	0
JAJIWC010000010.1_119 # 160870 # 161418 # -1 # ID=2_119;partial=00;start_type=ATG;rbs_motif=None;rbs_spacer=None;genetic_code=11;gc_cont=0.681	GENOMAD.153745.CV	1.509E-04	44	11688
JAJIWC010000011.1_60 # 75632 # 76738 # 1 # ID=3_60;partial=00;start_type=ATG;rbs_motif=GGA/GAG/AGG;rbs_spacer=11-12bp;genetic_code=11;gc_cont=0.665	GENOMAD.095931.CV	3.884E-58	209	0
JAJIWC010000011.1_92 # 112294 # 116766 # -1 # ID=3_92;partial=00;start_type=ATG;rbs_motif=GGAG/GAGG;rbs_spacer=5-10bp;genetic_code=11;gc_cont=0.682	GENOMAD.120530.CP	5.241E-86	317	0
JAJIWC010000011.1_124 # 153283 # 153471 # -1 # ID=3_124;partial=00;start_type=ATG;rbs_motif=GGA/GAG/AGG;rbs_spacer=5-10bp;genetic_code=11;gc_cont=0.587	GENOMAD.180845.CP	2.981E-08	50	0
JAJIWC010000011.1_156 # 189771 # 191909 # 1 # ID=3_156;partial=00;start_type=ATG;rbs_motif=GGA/GAG/AGG;rbs_spacer=5-10bp;genetic_code=11;gc_cont=0.691	GENOMAD.127342.CP	2.897E-16	86	0
JAJIWC010000011.1_188 # 228770 # 229258 # -1 # ID=3_188;partial=00;start_type=ATG;rbs_motif=GGA/GAG/AGG;rbs_spacer=5-10bp;genetic_code=11;gc_cont=0.636	GENOMAD.180345.CP	4.089E-22	95	0
JAJIWC010000011.1_220 # 271595 # 272581 # 1 # ID=3_220;partial=00;start_type=TTG;rbs_motif=AGGA;rbs_spacer=5-10bp;genetic_code=11;gc_cont=0.652	GENOMAD.146319.CP	3.280E-35	140	0
JAJIWC010000011.1_252 # 308789 # 309211 # 1 # ID=3_252;partial=00;start_type=ATG;rbs_motif=GGA/GAG/AGG;rbs_spacer=5-10bp;genetic_code=11;gc_cont=0.674	GENOMAD.030230.CC	1.981E-46	164	0
JAJIWC010000011.1_284 # 342046 # 342678 # 1 # ID=3_284;partial=00;start_type=ATG;rbs_motif=None;rbs_spacer=None;genetic_code=11;gc_cont=0.665	GENOMAD.152184.PC	4.030E-23	100	0
JAJIWC010000011.1_316 # 378833 # 379636 # -1 # ID=3_316;partial=00;start_type=ATG;rbs_motif=GGA/GAG/AGG;rbs_spacer=5-10bp;genetic_code=11;gc_cont=0.689	GENOMAD.038780.CC	6.986E-128	406	0
JAJIWC010000012.1_89 # 98683 # 99288 # 1 # ID=4_89;partial=00;start_type=GTG;rbs_motif=None;rbs_spacer=None;genetic_code=11;gc_cont=0.655	GENOMAD.114974.CP	2.287E-07	53	0
JAJIWC010000014.1_22 # 29311 # 32484 # 1 # ID=6_22;partial=00;start_type=ATG;rbs_motif=None;rbs_spacer=None;genetic_code=11;gc_cont=0.653	GENOMAD.142686.CP	1.564E-34	147	0
JAJIWC010000014.1_54 # 72964 # 73224 # -1 # ID=6_54;partial=00;start_type=ATG;rbs_motif=AGGAG;rbs_spacer=5-10bp;genetic_code=11;gc_cont=0.621	GENOMAD.080397.CV	2.647E-34	126	1246
JAJIWC010000017.1_26 # 25789 # 27477 # 1 # ID=9_26;partial=00;start_type=ATG;rbs_motif=None;rbs_spacer=None;genetic_code=11;gc_cont=0.693	GENOMAD.120548.CP	1.016E-270	835	0
JAJIWC010000019.1_22 # 23253 # 23489 # -1 # ID=12_22;partial=00;start_type=ATG;rbs_motif=GGAG/GAGG;rbs_spacer=5-10bp;genetic_code=11;gc_cont=0.595	GENOMAD.101932.CV	1.105E-09	55	0
JAJIWC010000061.1_76 # 85069 # 85263 # -1 # ID=57_76;partial=00;start_type=ATG;rbs_motif=None;rbs_spacer=None;genetic_code=11;gc_cont=0.718	GENOMAD.033386.CC	4.053E-20	84	0
JAJIWC010000061.1_140 # 155299 # 157224 # -1 # ID=57_140;partial=00;start_type=ATG;rbs_motif=GGA/GAG/AGG;rbs_spacer=5-10bp;genetic_code=11;gc_cont=0.665	GENOMAD.171982.CP	4.576E-12	72	0
JAJIWC010000064.1_84 # 86867 # 87532 # 1 # ID=60_84;partial=00;start_type=ATG;rbs_motif=None;rbs_spacer=None;genetic_code=11;gc_cont=0.682	GENOMAD.214524.PC	2.449E-24	104	0
JAJIWC010000064.1_180 # 192352 # 192705 # -1 # ID=60_180;partial=00;start_type=ATG;rbs_motif=AGGAG;rbs_spacer=5-10bp;genetic_code=11;gc_cont=0.661	GENOMAD.182880.CP	5.083E-42	150	0
JAJIWC010000064.1_212 # 223773 # 224312 # -1 # ID=60_212;partial=00;start_type=TTG;rbs_motif=GGA/GAG/AGG;rbs_spacer=5-10bp;genetic_code=11;gc_cont=0.631	GENOMAD.132183.CP	3.396E-32	125	0
JAJIWC010000077.1_90 # 95917 # 96942 # 1 # ID=74_90;partial=00;start_type=ATG;rbs_motif=GGA/GAG/AGG;rbs_spacer=11-12bp;genetic_code=11;gc_cont=0.588	GENOMAD.190703.PC	8.567E-11	66	0
JAJIWC010000077.1_122 # 131772 # 132707 # -1 # ID=74_122;partial=00;start_type=ATG;rbs_motif=GGAG/GAGG;rbs_spacer=5-10bp;genetic_code=11;gc_cont=0.658	GENOMAD.159926.CP	4.291E-36	142	0
JAJIWC010000077.1_186 # 208947 # 209801 # 1 # ID=74_186;partial=00;start_type=ATG;rbs_motif=None;rbs_spacer=None;genetic_code=11;gc_cont=0.671	GENOMAD.216231.VP	6.113E-16	81	1246
JAJIWC010000078.1_48 # 67628 # 68797 # -1 # ID=76_48;partial=00;start_type=GTG;rbs_motif=AGGAG;rbs_spacer=5-10bp;genetic_code=11;gc_cont=0.615	GENOMAD.161858.VP	1.908E-04	46	1246
JAJIWC010000078.1_112 # 144406 # 145515 # 1 # ID=76_112;partial=00;start_type=ATG;rbs_motif=GGAG/GAGG;rbs_spacer=5-10bp;genetic_code=11;gc_cont=0.618	GENOMAD.076874.VV	1.193E-06	53	0
JAJIWC010000078.1_144 # 182431 # 184524 # 1 # ID=76_144;partial=00;start_type=ATG;rbs_motif=GGAG/GAGG;rbs_spacer=5-10bp;genetic_code=11;gc_cont=0.679	GENOMAD.136785.CP	3.154E-13	76	0
JAJIWC010000086.1_4 # 2484 # 4352 # -1 # ID=84_4;partial=00;start_type=ATG;rbs_motif=GGA/GAG/AGG;rbs_spacer=11-12bp;genetic_code=11;gc_cont=0.642	GENOMAD.001759.CC	1.094E-24	113	0
JAJIWC010000007.1_125 # 156223 # 156576 # -1 # ID=86_125;partial=00;start_type=ATG;rbs_motif=GGA/GAG/AGG;rbs_spacer=5-10bp;genetic_code=11;gc_cont=0.650	GENOMAD.108686.CP	1.689E-37	137	0
JAJIWC010000089.1_36 # 47901 # 48956 # -1 # ID=88_36;partial=00;start_type=GTG;rbs_motif=GGA/GAG/AGG;rbs_spacer=5-10bp;genetic_code=11;gc_cont=0.614	GENOMAD.049396.VV	3.450E-09	61	15663
JAJIWC010000089.1_100 # 122347 # 123159 # 1 # ID=88_100;partial=00;start_type=ATG;rbs_motif=GGAG/GAGG;rbs_spacer=5-10bp;genetic_code=11;gc_cont=0.622	GENOMAD.210099.CP	2.203E-142	448	0
JAJIWC010000091.1_53 # 60454 # 60996 # -1 # ID=90_53;partial=00;start_type=ATG;rbs_motif=GGA/GAG/AGG;rbs_spacer=5-10bp;genetic_code=11;gc_cont=0.683	GENOMAD.111615.CP	8.698E-40	147	0
JAJIWC010000091.1_85 # 97088 # 97462 # 1 # ID=90_85;partial=00;start_type=ATG;rbs_motif=None;rbs_spacer=None;genetic_code=11;gc_cont=0.517	GENOMAD.043515.PP	6.480E-59	199	0
JAJIWC010000008.1_40 # 44262 # 44780 # 1 # ID=93_40;partial=00;start_type=ATG;rbs_motif=GGAG/GAGG;rbs_spacer=5-10bp;genetic_code=11;gc_cont=0.672	GENOMAD.211271.PC	2.315E-93	301	0
JAJIWC010000010.1_2 # 1011 # 1886 # -1 # ID=2_2;partial=00;start_type=ATG;rbs_motif=None;rbs_spacer=None;genetic_code=11;gc_cont=0.703	GENOMAD.001998.CC	2.829E-32	130	0
JAJIWC010000010.1_66 # 91755 # 92417 # -1 # ID=2_66;partial=00;start_type=ATG;rbs_motif=None;rbs_spacer=None;genetic_code=11;gc_cont=0.673	GENOMAD.137611.CP	5.209E-24	103	0
JAJIWC010000011.1_7 # 4891 # 6816 # 1 # ID=3_7;partial=00;start_type=ATG;rbs_motif=GGAG/GAGG;rbs_spacer=5-10bp;genetic_code=11;gc_cont=0.681	GENOMAD.124001.CP	9.799E-256	796	0
JAJIWC010000011.1_39 # 47688 # 48077 # -1 # ID=3_39;partial=00;start_type=ATG;rbs_motif=GGA/GAG/AGG;rbs_spacer=5-10bp;genetic_code=11;gc_cont=0.610	GENOMAD.205179.PC	2.672E-46	163	0
JAJIWC010000011.1_103 # 128031 # 129161 # 1 # ID=3_103;partial=00;start_type=ATG;rbs_motif=GGA/GAG/AGG;rbs_spacer=5-10bp;genetic_code=11;gc_cont=0.698	GENOMAD.178415.CP	1.488E-51	190	0
JAJIWC010000011.1_135 # 166275 # 166748 # -1 # ID=3_135;partial=00;start_type=ATG;rbs_motif=None;rbs_spacer=None;genetic_code=11;gc_cont=0.639	GENOMAD.172157.CP	9.113E-88	284	0
JAJIWC010000011.1_167 # 200932 # 201498 # -1 # ID=3_167;partial=00;start_type=ATG;rbs_motif=AGGAG;rbs_spacer=5-10bp;genetic_code=11;gc_cont=0.679	GENOMAD.169876.CP	8.279E-08	54	0
JAJIWC010000012.1_36 # 40371 # 40529 # 1 # ID=4_36;partial=00;start_type=ATG;rbs_motif=GGA/GAG/AGG;rbs_spacer=5-10bp;genetic_code=11;gc_cont=0.660	GENOMAD.218600.CV	1.414E-10	56	0
JAJIWC010000014.1_33 # 44713 # 45108 # -1 # ID=6_33;partial=00;start_type=ATG;rbs_motif=None;rbs_spacer=None;genetic_code=11;gc_cont=0.664	GENOMAD.137439.CP	1.151E-31	121	0
JAJIWC010000019.1_65 # 77475 # 81329 # -1 # ID=12_65;partial=00;start_type=GTG;rbs_motif=None;rbs_spacer=None;genetic_code=11;gc_cont=0.677	GENOMAD.097853.CP	1.463E-153	524	0
JAJIWC010000023.1_26 # 31860 # 33638 # -1 # ID=16_26;partial=00;start_type=ATG;rbs_motif=4Base/6BMM;rbs_spacer=13-15bp;genetic_code=11;gc_cont=0.641	GENOMAD.146625.CP	6.974E-15	81	0
JAJIWC010000025.1_27 # 41151 # 41807 # 1 # ID=18_27;partial=00;start_type=ATG;rbs_motif=GGA/GAG/AGG;rbs_spacer=5-10bp;genetic_code=11;gc_cont=0.665	GENOMAD.127063.CP	9.011E-27	111	0
JAJIWC010000026.1_30 # 38521 # 39834 # 1 # ID=19_30;partial=00;start_type=ATG;rbs_motif=GGA/GAG/AGG;rbs_spacer=5-10bp;genetic_code=11;gc_cont=0.654	GENOMAD.133797.CP	3.781E-11	68	0
JAJIWC010000027.1_6 # 9510 # 10079 # 1 # ID=20_6;partial=00;start_type=ATG;rbs_motif=None;rbs_spacer=None;genetic_code=11;gc_cont=0.660	GENOMAD.147057.CP	1.051E-21	95	0
JAJIWC010000002.1_9 # 9800 # 10888 # 1 # ID=22_9;partial=00;start_type=ATG;rbs_motif=None;rbs_spacer=None;genetic_code=11;gc_cont=0.668	GENOMAD.138157.CP	1.546E-39	154	0
JAJIWC010000031.1_169 # 201213 # 202007 # 1 # ID=25_169;partial=00;start_type=GTG;rbs_motif=GGAGG;rbs_spacer=5-10bp;genetic_code=11;gc_cont=0.628	GENOMAD.030736.VV	1.762E-12	70	1246
JAJIWC010000031.1_201 # 232564 # 233493 # -1 # ID=25_201;partial=00;start_type=ATG;rbs_motif=GGAG/GAGG;rbs_spacer=5-10bp;genetic_code=11;gc_cont=0.674	GENOMAD.177755.PC	4.668E-32	130	0
JAJIWC010000034.1_6 # 3582 # 3905 # -1 # ID=28_6;partial=00;start_type=ATG;rbs_motif=GGAGG;rbs_spacer=3-4bp;genetic_code=11;gc_cont=0.577	GENOMAD.013765.PP	2.347E-61	205	0
JAJIWC010000036.1_91 # 126706 # 128943 # 1 # ID=30_91;partial=00;start_type=ATG;rbs_motif=AGGA;rbs_spacer=5-10bp;genetic_code=11;gc_cont=0.648	GENOMAD.129013.CP	9.982E-58	219	0
JAJIWC010000036.1_187 # 231841 # 232353 # -1 # ID=30_187;partial=00;start_type=GTG;rbs_motif=None;rbs_spacer=None;genetic_code=11;gc_cont=0.727	GENOMAD.214208.CP	5.686E-06	48	0
JAJIWC010000010.1_56 # 80953 # 82557 # -1 # ID=2_56;partial=00;start_type=ATG;rbs_motif=None;rbs_spacer=None;genetic_code=11;gc_cont=0.628	GENOMAD.123902.CP	1.369E-116	387	1246
JAJIWC010000010.1_88 # 128074 # 128832 # 1 # ID=2_88;partial=00;start_type=ATG;rbs_motif=GGAG/GAGG;rbs_spacer=5-10bp;genetic_code=11;gc_cont=0.664	GENOMAD.183080.CP	1.186E-60	211	0
JAJIWC010000011.1_61 # 76853 # 79297 # 1 # ID=3_61;partial=00;start_type=ATG;rbs_motif=None;rbs_spacer=None;genetic_code=11;gc_cont=0.648	GENOMAD.138195.VC	9.547E-32	137	1246
JAJIWC010000011.1_93 # 116969 # 117349 # -1 # ID=3_93;partial=00;start_type=ATG;rbs_motif=GGAG/GAGG;rbs_spacer=5-10bp;genetic_code=11;gc_cont=0.648	GENOMAD.208772.PC	1.100E-21	92	0
JAJIWC010000056.1_129 # 148528 # 149088 # -1 # ID=52_129;partial=00;start_type=ATG;rbs_motif=AGGAG;rbs_spacer=5-10bp;genetic_code=11;gc_cont=0.677	GENOMAD.012092.CC	4.092E-33	128	0
JAJIWC010000060.1_2 # 471 # 1190 # -1 # ID=56_2;partial=00;start_type=ATG;rbs_motif=None;rbs_spacer=None;genetic_code=11;gc_cont=0.699	GENOMAD.034878.CC	2.181E-56	198	0
JAJIWC010000060.1_66 # 86468 # 88609 # 1 # ID=56_66;partial=00;start_type=ATG;rbs_motif=AGGAG;rbs_spacer=5-10bp;genetic_code=11;gc_cont=0.640	GENOMAD.135943.CP	3.833E-29	128	0
JAJIWC010000061.1_6 # 7363 # 8415 # 1 # ID=57_6;partial=00;start_type=ATG;rbs_motif=GGA/GAG/AGG;rbs_spacer=5-10bp;genetic_code=11;gc_cont=0.612	GENOMAD.183623.VC	6.946E-15	79	0
JAJIWC010000077.1_117 # 127146 # 128024 # -1 # ID=74_117;partial=00;start_type=ATG;rbs_motif=GGAG/GAGG;rbs_spacer=5-10bp;genetic_code=11;gc_cont=0.650	GENOMAD.119278.CP	7.683E-76	257	0
JAJIWC010000078.1_43 # 63144 # 63713 # -1 # ID=76_43;partial=00;start_type=ATG;rbs_motif=None;rbs_spacer=None;genetic_code=11;gc_cont=0.665	GENOMAD.111238.CP	2.469E-20	91	0
JAJIWC010000078.1_107 # 139532 # 140098 # 1 # ID=76_107;partial=00;start_type=ATG;rbs_motif=GGA/GAG/AGG;rbs_spacer=5-10bp;genetic_code=11;gc_cont=0.675	GENOMAD.031694.CC	2.315E-84	276	0
JAJIWC010000078.1_139 # 171567 # 172358 # 1 # ID=76_139;partial=00;start_type=ATG;rbs_motif=None;rbs_spacer=None;genetic_code=11;gc_cont=0.669	GENOMAD.138189.CP	6.983E-10	62	0
JAJIWC010000082.1_8 # 4097 # 4393 # 1 # ID=80_8;partial=00;start_type=ATG;rbs_motif=GGA/GAG/AGG;rbs_spacer=5-10bp;genetic_code=11;gc_cont=0.566	GENOMAD.222243.VP	5.055E-49	169	2773
JAJIWC010000007.1_20 # 15101 # 16282 # -1 # ID=86_20;partial=00;start_type=ATG;rbs_motif=GGAG/GAGG;rbs_spacer=5-10bp;genetic_code=11;gc_cont=0.613	GENOMAD.004307.CC	4.333E-187	584	0
JAJIWC010000007.1_52 # 53641 # 55761 # -1 # ID=86_52;partial=00;start_type=ATG;rbs_motif=GGAG/GAGG;rbs_spacer=5-10bp;genetic_code=11;gc_cont=0.650	GENOMAD.124220.CP	4.415E-04	46	0
JAJIWC010000088.1_11 # 7814 # 8950 # -1 # ID=87_11;partial=00;start_type=ATG;rbs_motif=GGA/GAG/AGG;rbs_spacer=5-10bp;genetic_code=11;gc_cont=0.563	GENOMAD.022765.PP	3.855E-216	667	0
JAJIWC010000011.1_322 # 385278 # 385850 # 1 # ID=3_322;partial=00;start_type=ATG;rbs_motif=AGGA;rbs_spacer=5-10bp;genetic_code=11;gc_cont=0.688	GENOMAD.106866.CP	6.661E-17	81	1246
JAJIWC010000012.1_95 # 104125 # 105543 # 1 # ID=4_95;partial=00;start_type=ATG;rbs_motif=None;rbs_spacer=None;genetic_code=11;gc_cont=0.667	GENOMAD.142989.CP	4.448E-07	55	0
JAJIWC010000014.1_28 # 36480 # 38849 # -1 # ID=6_28;partial=00;start_type=ATG;rbs_motif=AGGA;rbs_spacer=5-10bp;genetic_code=11;gc_cont=0.643	GENOMAD.129297.CP	3.086E-19	96	0
JAJIWC010000019.1_28 # 31775 # 33622 # -1 # ID=12_28;partial=00;start_type=ATG;rbs_motif=None;rbs_spacer=None;genetic_code=11;gc_cont=0.665	GENOMAD.142795.CP	3.696E-04	46	0
JAJIWC010000030.1_1 # 1 # 6240 # 1 # ID=24_1;partial=11;start_type=Edge;rbs_motif=None;rbs_spacer=None;genetic_code=11;gc_cont=0.687	GENOMAD.170232.VV	9.471E-05	50	1246
JAJIWC010000031.1_128 # 147730 # 148287 # 1 # ID=25_128;partial=00;start_type=ATG;rbs_motif=None;rbs_spacer=None;genetic_code=11;gc_cont=0.640	GENOMAD.192159.VC	5.413E-65	220	1246
JAJIWC010000033.1_14 # 24253 # 24438 # 1 # ID=27_14;partial=00;start_type=ATG;rbs_motif=GGA/GAG/AGG;rbs_spacer=11-12bp;genetic_code=11;gc_cont=0.704	GENOMAD.147683.PC	6.379E-08	49	0
JAJIWC010000033.1_46 # 63148 # 65976 # -1 # ID=27_46;partial=00;start_type=ATG;rbs_motif=None;rbs_spacer=None;genetic_code=11;gc_cont=0.647	GENOMAD.112737.CP	6.219E-28	125	0
JAJIWC010000036.1_18 # 22317 # 23648 # 1 # ID=30_18;partial=00;start_type=GTG;rbs_motif=AGGAG;rbs_spacer=5-10bp;genetic_code=11;gc_cont=0.680	GENOMAD.170233.CP	1.074E-41	163	0
JAJIWC010000011.1_2 # 691 # 1260 # -1 # ID=3_2;partial=00;start_type=GTG;rbs_motif=None;rbs_spacer=None;genetic_code=11;gc_cont=0.621	GENOMAD.137861.CP	1.692E-04	44	0
JAJIWC010000011.1_194 # 240732 # 242354 # -1 # ID=3_194;partial=00;start_type=ATG;rbs_motif=AGGAG;rbs_spacer=5-10bp;genetic_code=11;gc_cont=0.677	GENOMAD.178810.CP	3.519E-32	136	0
JAJIWC010000011.1_226 # 280719 # 281291 # 1 # ID=3_226;partial=00;start_type=GTG;rbs_motif=GGxGG;rbs_spacer=5-10bp;genetic_code=11;gc_cont=0.634	GENOMAD.138165.CP	8.624E-09	57	0
JAJIWC010000036.1_82 # 113947 # 115548 # 1 # ID=30_82;partial=00;start_type=ATG;rbs_motif=AGGAG;rbs_spacer=5-10bp;genetic_code=11;gc_cont=0.671	GENOMAD.166690.CP	4.579E-18	91	0
JAJIWC010000036.1_146 # 185584 # 186321 # -1 # ID=30_146;partial=00;start_type=ATG;rbs_motif=None;rbs_spacer=None;genetic_code=11;gc_cont=0.667	GENOMAD.154445.CP	2.380E-23	102	0
JAJIWC010000038.1_41 # 36974 # 38104 # 1 # ID=32_41;partial=00;start_type=ATG;rbs_motif=AGGAG;rbs_spacer=5-10bp;genetic_code=11;gc_cont=0.616	GENOMAD.005978.CC	1.698E-08	59	1246
JAJIWC010000003.1_2 # 1034 # 2365 # -1 # ID=33_2;partial=00;start_type=ATG;rbs_motif=None;rbs_spacer=None;genetic_code=11;gc_cont=0.683	GENOMAD.145379.CP	9.518E-221	684	0
JAJIWC010000003.1_34 # 44871 # 45797 # 1 # ID=33_34;partial=00;start_type=ATG;rbs_motif=None;rbs_spacer=None;genetic_code=11;gc_cont=0.669	GENOMAD.115269.CP	5.137E-26	112	0
JAJIWC010000060.1_35 # 44258 # 45577 # -1 # ID=56_35;partial=00;start_type=ATG;rbs_motif=GGA/GAG/AGG;rbs_spacer=5-10bp;genetic_code=11;gc_cont=0.659	GENOMAD.000747.CC	1.004E-23	108	0
JAJIWC010000060.1_67 # 88846 # 90072 # 1 # ID=56_67;partial=00;start_type=ATG;rbs_motif=GGA/GAG/AGG;rbs_spacer=5-10bp;genetic_code=11;gc_cont=0.657	GENOMAD.140949.CP	7.710E-12	70	0
JAJIWC010000061.1_7 # 8483 # 10177 # -1 # ID=57_7;partial=00;start_type=ATG;rbs_motif=AGGAG;rbs_spacer=5-10bp;genetic_code=11;gc_cont=0.641	GENOMAD.057851.VV	1.811E-12	73	14384
JAJIWC010000061.1_103 # 110883 # 112487 # 1 # ID=57_103;partial=00;start_type=GTG;rbs_motif=GGA/GAG/AGG;rbs_spacer=5-10bp;genetic_code=11;gc_cont=0.668	GENOMAD.038680.VV	1.512E-04	47	13293
JAJIWC010000061.1_135 # 145992 # 147377 # 1 # ID=57_135;partial=00;start_type=ATG;rbs_motif=None;rbs_spacer=None;genetic_code=11;gc_cont=0.687	GENOMAD.179217.PC	1.214E-60	220	0
JAJIWC010000064.1_47 # 47466 # 48392 # -1 # ID=60_47;partial=00;start_type=ATG;rbs_motif=None;rbs_spacer=None;genetic_code=11;gc_cont=0.674	GENOMAD.194137.CP	1.084E-27	117	0
JAJIWC010000070.1_82 # 97419 # 99224 # -1 # ID=67_82;partial=00;start_type=ATG;rbs_motif=AGGA;rbs_spacer=5-10bp;genetic_code=11;gc_cont=0.643	GENOMAD.142795.CP	4.043E-95	327	0
JAJIWC010000070.1_114 # 135328 # 136695 # 1 # ID=67_114;partial=00;start_type=TTG;rbs_motif=AGGA;rbs_spacer=5-10bp;genetic_code=11;gc_cont=0.689	GENOMAD.084170.CP	6.535E-46	176	0
JAJIWC010000070.1_146 # 175754 # 176350 # -1 # ID=67_146;partial=00;start_type=ATG;rbs_motif=None;rbs_spacer=None;genetic_code=11;gc_cont=0.655	GENOMAD.054318.CC	2.162E-11	65	0
JAJIWC010000075.1_11 # 11231 # 12745 # 1 # ID=72_11;partial=00;start_type=ATG;rbs_motif=None;rbs_spacer=None;genetic_code=11;gc_cont=0.666	GENOMAD.125882.CP	2.001E-50	191	0
JAJIWC010000076.1_41 # 47547 # 48482 # -1 # ID=73_41;partial=00;start_type=ATG;rbs_motif=None;rbs_spacer=None;genetic_code=11;gc_cont=0.642	GENOMAD.194673.PC	5.740E-46	171	0
JAJIWC010000077.1_53 # 53304 # 54317 # 1 # ID=74_53;partial=00;start_type=ATG;rbs_motif=AGGAG;rbs_spacer=5-10bp;genetic_code=11;gc_cont=0.701	GENOMAD.145456.CP	2.063E-24	108	0
JAJIWC010000011.1_318 # 380582 # 381784 # -1 # ID=3_318;partial=00;start_type=ATG;rbs_motif=GGAG/GAGG;rbs_spacer=5-10bp;genetic_code=11;gc_cont=0.633	GENOMAD.047390.PP	1.848E-33	137	0
JAJIWC010000019.1_56 # 66033 # 68675 # 1 # ID=12_56;partial=00;start_type=ATG;rbs_motif=GGAG/GAGG;rbs_spacer=5-10bp;genetic_code=11;gc_cont=0.639	GENOMAD.178294.CP	2.792E-138	465	0
JAJIWC010000077.1_121 # 130764 # 131738 # -1 # ID=74_121;partial=00;start_type=GTG;rbs_motif=GGAG/GAGG;rbs_spacer=5-10bp;genetic_code=11;gc_cont=0.681	GENOMAD.130634.CP	5.318E-40	154	0
JAJIWC010000082.1_12 # 6055 # 6375 # 1 # ID=80_12;partial=00;start_type=ATG;rbs_motif=GGAG/GAGG;rbs_spacer=5-10bp;genetic_code=11;gc_cont=0.583	GENOMAD.214060.VP	4.995E-45	158	2773
JAJIWC010000047.1_10 # 6644 # 7618 # -1 # ID=42_10;partial=00;start_type=ATG;rbs_motif=GGAGG;rbs_spacer=5-10bp;genetic_code=11;gc_cont=0.626	GENOMAD.118517.CP	6.863E-93	308	1246
JAJIWC010000047.1_42 # 42692 # 43486 # -1 # ID=42_42;partial=00;start_type=GTG;rbs_motif=AGGA;rbs_spacer=5-10bp;genetic_code=11;gc_cont=0.542	GENOMAD.003941.CC	1.710E-107	347	0
JAJIWC010000004.1_40 # 66425 # 66907 # 1 # ID=44_40;partial=00;start_type=ATG;rbs_motif=GGAG/GAGG;rbs_spacer=5-10bp;genetic_code=11;gc_cont=0.600	GENOMAD.123087.CP	5.513E-53	184	1246
JAJIWC010000050.1_37 # 29725 # 30546 # -1 # ID=46_37;partial=00;start_type=ATG;rbs_motif=None;rbs_spacer=None;genetic_code=11;gc_cont=0.695	GENOMAD.023008.PP	2.145E-161	503	0
JAJIWC010000051.1_31 # 47562 # 47837 # 1 # ID=47_31;partial=00;start_type=ATG;rbs_motif=AGGA;rbs_spacer=5-10bp;genetic_code=11;gc_cont=0.612	GENOMAD.000968.CC	4.603E-31	117	0
JAJIWC010000070.1_124 # 146919 # 147383 # -1 # ID=67_124;partial=00;start_type=ATG;rbs_motif=GGA/GAG/AGG;rbs_spacer=5-10bp;genetic_code=11;gc_cont=0.667	GENOMAD.151617.VC	4.044E-05	45	1246
JAJIWC010000074.1_7 # 7303 # 8424 # -1 # ID=71_7;partial=00;start_type=GTG;rbs_motif=AGxAGG/AGGxGG;rbs_spacer=3-4bp;genetic_code=11;gc_cont=0.656	GENOMAD.181891.CV	7.090E-64	226	0
JAJIWC010000076.1_19 # 21766 # 22725 # -1 # ID=73_19;partial=00;start_type=ATG;rbs_motif=GGAG/GAGG;rbs_spacer=5-10bp;genetic_code=11;gc_cont=0.683	GENOMAD.161620.PC	2.693E-09	61	0
JAJIWC010000077.1_95 # 102248 # 102967 # -1 # ID=74_95;partial=00;start_type=ATG;rbs_motif=GGAG/GAGG;rbs_spacer=5-10bp;genetic_code=11;gc_cont=0.646	GENOMAD.136799.CP	3.157E-04	44	0
JAJIWC010000025.1_26 # 40369 # 41022 # 1 # ID=18_26;partial=00;start_type=ATG;rbs_motif=None;rbs_spacer=None;genetic_code=11;gc_cont=0.642	GENOMAD.116548.CP	2.249E-124	393	0
JAJIWC010000026.1_29 # 35127 # 38060 # -1 # ID=19_29;partial=00;start_type=GTG;rbs_motif=GGA/GAG/AGG;rbs_spacer=5-10bp;genetic_code=11;gc_cont=0.642	GENOMAD.152082.CP	7.969E-56	216	0
JAJIWC010000002.1_8 # 8151 # 9803 # 1 # ID=22_8;partial=00;start_type=GTG;rbs_motif=GGA/GAG/AGG;rbs_spacer=5-10bp;genetic_code=11;gc_cont=0.672	GENOMAD.162124.CP	3.114E-99	337	0
JAJIWC010000029.1_87 # 97087 # 97707 # 1 # ID=23_87;partial=00;start_type=ATG;rbs_motif=GGA/GAG/AGG;rbs_spacer=11-12bp;genetic_code=11;gc_cont=0.697	GENOMAD.151027.CP	3.131E-25	106	0
JAJIWC010000036.1_58 # 80901 # 82673 # 1 # ID=30_58;partial=00;start_type=ATG;rbs_motif=GGAG/GAGG;rbs_spacer=5-10bp;genetic_code=11;gc_cont=0.646	GENOMAD.151073.CP	1.536E-07	57	0
JAJIWC010000036.1_122 # 161459 # 161911 # -1 # ID=30_122;partial=00;start_type=ATG;rbs_motif=GGA/GAG/AGG;rbs_spacer=5-10bp;genetic_code=11;gc_cont=0.660	GENOMAD.205530.CP	6.830E-71	235	0
JAJIWC010000038.1_49 # 44127 # 44726 # 1 # ID=32_49;partial=00;start_type=ATG;rbs_motif=None;rbs_spacer=None;genetic_code=11;gc_cont=0.648	GENOMAD.031556.CC	4.151E-04	43	0
JAJIWC010000003.1_42 # 54678 # 55622 # 1 # ID=33_42;partial=00;start_type=ATG;rbs_motif=GGAGG;rbs_spacer=5-10bp;genetic_code=11;gc_cont=0.637	GENOMAD.159975.CP	1.411E-88	295	0
JAJIWC010000077.1_8 # 4788 # 6353 # -1 # ID=74_8;partial=00;start_type=ATG;rbs_motif=None;rbs_spacer=None;genetic_code=11;gc_cont=0.641	GENOMAD.032975.CC	7.937E-22	103	1246
JAJIWC010000077.1_40 # 41589 # 43232 # 1 # ID=74_40;partial=00;start_type=ATG;rbs_motif=GGAG/GAGG;rbs_spacer=5-10bp;genetic_code=11;gc_cont=0.704	GENOMAD.109423.CP	1.048E-34	144	1246
JAJIWC010000077.1_168 # 184430 # 185281 # -1 # ID=74_168;partial=00;start_type=ATG;rbs_motif=GGA/GAG/AGG;rbs_spacer=11-12bp;genetic_code=11;gc_cont=0.646	GENOMAD.126777.CP	3.206E-07	54	0
JAJIWC010000077.1_200 # 236222 # 237499 # 1 # ID=74_200;partial=00;start_type=ATG;rbs_motif=GGAG/GAGG;rbs_spacer=5-10bp;genetic_code=11;gc_cont=0.650	GENOMAD.189627.PC	7.239E-66	234	0
JAJIWC010000078.1_62 # 83507 # 84139 # 1 # ID=76_62;partial=00;start_type=ATG;rbs_motif=None;rbs_spacer=None;genetic_code=11;gc_cont=0.664	GENOMAD.125911.CP	1.728E-24	104	0
JAJIWC010000010.1_16 # 22103 # 22834 # 1 # ID=2_16;partial=00;start_type=ATG;rbs_motif=GGA/GAG/AGG;rbs_spacer=5-10bp;genetic_code=11;gc_cont=0.668	GENOMAD.154816.CP	1.594E-30	123	0
JAJIWC010000010.1_112 # 155729 # 156679 # -1 # ID=2_112;partial=00;start_type=ATG;rbs_motif=GGA/GAG/AGG;rbs_spacer=5-10bp;genetic_code=11;gc_cont=0.654	GENOMAD.000498.CC	4.381E-39	151	0
JAJIWC010000031.1_55 # 66177 # 66944 # -1 # ID=25_55;partial=00;start_type=GTG;rbs_motif=None;rbs_spacer=None;genetic_code=11;gc_cont=0.648	GENOMAD.152447.CP	6.235E-10	62	0
JAJIWC010000031.1_87 # 98083 # 100131 # 1 # ID=25_87;partial=00;start_type=ATG;rbs_motif=GGA/GAG/AGG;rbs_spacer=5-10bp;genetic_code=11;gc_cont=0.659	GENOMAD.152605.CP	1.006E-41	168	0
JAJIWC010000031.1_151 # 181695 # 183926 # 1 # ID=25_151;partial=00;start_type=ATG;rbs_motif=GGA/GAG/AGG;rbs_spacer=5-10bp;genetic_code=11;gc_cont=0.638	GENOMAD.134173.CP	3.107E-64	239	0
JAJIWC010000031.1_183 # 215080 # 215802 # 1 # ID=25_183;partial=00;start_type=ATG;rbs_motif=None;rbs_spacer=None;genetic_code=11;gc_cont=0.675	GENOMAD.145475.CP	7.356E-05	46	0
JAJIWC010000038.1_59 # 56176 # 57585 # -1 # ID=32_59;partial=00;start_type=ATG;rbs_motif=None;rbs_spacer=None;genetic_code=11;gc_cont=0.661	GENOMAD.171872.PC	3.009E-13	75	0
JAJIWC010000041.1_10 # 5464 # 6495 # -1 # ID=36_10;partial=00;start_type=ATG;rbs_motif=None;rbs_spacer=None;genetic_code=11;gc_cont=0.667	GENOMAD.126387.CP	2.423E-30	126	0
JAJIWC010000041.1_42 # 42520 # 43848 # 1 # ID=36_42;partial=00;start_type=ATG;rbs_motif=None;rbs_spacer=None;genetic_code=11;gc_cont=0.674	GENOMAD.003036.CC	1.092E-12	73	0
JAJIWC010000041.1_106 # 108048 # 108317 # -1 # ID=36_106;partial=00;start_type=ATG;rbs_motif=GGA/GAG/AGG;rbs_spacer=11-12bp;genetic_code=11;gc_cont=0.570	GENOMAD.058748.CV	3.310E-41	146	0
JAJIWC010000043.1_38 # 42557 # 43108 # 1 # ID=38_38;partial=00;start_type=ATG;rbs_motif=GGxGG;rbs_spacer=5-10bp;genetic_code=11;gc_cont=0.672	GENOMAD.219645.CP	1.606E-07	53	0
JAJIWC010000070.1_161 # 193676 # 194344 # 1 # ID=67_161;partial=00;start_type=ATG;rbs_motif=GGAG/GAGG;rbs_spacer=5-10bp;genetic_code=11;gc_cont=0.650	GENOMAD.126973.CP	6.458E-34	132	0
JAJIWC010000075.1_26 # 31900 # 32952 # -1 # ID=72_26;partial=00;start_type=ATG;rbs_motif=None;rbs_spacer=None;genetic_code=11;gc_cont=0.665	GENOMAD.104575.CP	1.269E-25	112	1246
JAJIWC010000077.1_36 # 38564 # 38833 # -1 # ID=74_36;partial=00;start_type=ATG;rbs_motif=None;rbs_spacer=None;genetic_code=11;gc_cont=0.693	GENOMAD.108170.CP	1.986E-08	52	0
JAJIWC010000077.1_68 # 73687 # 74637 # -1 # ID=74_68;partial=00;start_type=ATG;rbs_motif=GGA/GAG/AGG;rbs_spacer=5-10bp;genetic_code=11;gc_cont=0.638	GENOMAD.115187.CP	1.333E-25	111	0
JAJIWC010000077.1_132 # 146482 # 149100 # -1 # ID=74_132;partial=00;start_type=ATG;rbs_motif=GGA/GAG/AGG;rbs_spacer=5-10bp;genetic_code=11;gc_cont=0.655	GENOMAD.151253.CP	1.707E-37	156	0
JAJIWC010000012.1_78 # 87108 # 87980 # -1 # ID=4_78;partial=00;start_type=GTG;rbs_motif=None;rbs_spacer=None;genetic_code=11;gc_cont=0.655	GENOMAD.000396.CC	7.097E-44	164	0
JAJIWC010000014.1_11 # 17920 # 18678 # -1 # ID=6_11;partial=00;start_type=GTG;rbs_motif=None;rbs_spacer=None;genetic_code=11;gc_cont=0.659	GENOMAD.061903.CP	1.228E-25	109	1246
JAJIWC010000014.1_43 # 59463 # 59798 # -1 # ID=6_43;partial=00;start_type=ATG;rbs_motif=GGAG/GAGG;rbs_spacer=5-10bp;genetic_code=11;gc_cont=0.598	GENOMAD.170384.CP	1.944E-17	79	0
JAJIWC010000017.1_15 # 15426 # 15755 # -1 # ID=9_15;partial=00;start_type=ATG;rbs_motif=GGA/GAG/AGG;rbs_spacer=5-10bp;genetic_code=11;gc_cont=0.712	GENOMAD.041684.CC	3.497E-42	150	0
JAJIWC010000023.1_4 # 6304 # 7167 # -1 # ID=16_4;partial=00;start_type=ATG;rbs_motif=GGA/GAG/AGG;rbs_spacer=5-10bp;genetic_code=11;gc_cont=0.639	GENOMAD.189659.CP	2.268E-04	45	0
JAJIWC010000025.1_5 # 4774 # 6801 # 1 # ID=18_5;partial=00;start_type=ATG;rbs_motif=GGAGG;rbs_spacer=3-4bp;genetic_code=11;gc_cont=0.634	GENOMAD.088363.CV	4.941E-324	996	1246
JAJIWC010000060.1_51 # 60931 # 62169 # 1 # ID=56_51;partial=00;start_type=ATG;rbs_motif=GGAG/GAGG;rbs_spacer=5-10bp;genetic_code=11;gc_cont=0.659	GENOMAD.147262.CP	5.374E-89	301	0
JAJIWC010000060.1_83 # 105641 # 107518 # -1 # ID=56_83;partial=00;start_type=ATG;rbs_motif=AGGAG;rbs_spacer=5-10bp;genetic_code=11;gc_cont=0.654	GENOMAD.151024.CP	1.672E-07	57	0
JAJIWC010000070.1_2 # 495 # 2567 # -1 # ID=67_2;partial=00;start_type=ATG;rbs_motif=GGAG/GAGG;rbs_spacer=5-10bp;genetic_code=11;gc_cont=0.648	GENOMAD.133882.CP	8.010E-195	622	0
JAJIWC010000070.1_34 # 39802 # 40866 # 1 # ID=67_34;partial=00;start_type=GTG;rbs_motif=None;rbs_spacer=None;genetic_code=11;gc_cont=0.686	GENOMAD.176977.PC	7.999E-05	47	0
JAJIWC010000070.1_66 # 79629 # 80576 # -1 # ID=67_66;partial=00;start_type=ATG;rbs_motif=None;rbs_spacer=None;genetic_code=11;gc_cont=0.661	GENOMAD.101807.CP	1.683E-42	161	0
JAJIWC010000070.1_130 # 153416 # 153823 # 1 # ID=67_130;partial=00;start_type=ATG;rbs_motif=None;rbs_spacer=None;genetic_code=11;gc_cont=0.723	GENOMAD.083954.CP	1.332E-14	72	0
JAJIWC010000017.1_1 # 397 # 732 # -1 # ID=9_1;partial=00;start_type=ATG;rbs_motif=GGA/GAG/AGG;rbs_spacer=5-10bp;genetic_code=11;gc_cont=0.670	GENOMAD.145856.CV	7.000E-44	155	0
JAJIWC010000019.1_29 # 33895 # 34533 # -1 # ID=12_29;partial=00;start_type=ATG;rbs_motif=None;rbs_spacer=None;genetic_code=11;gc_cont=0.707	GENOMAD.089544.CV	1.843E-24	104	1246
JAJIWC010000023.1_22 # 24194 # 24640 # 1 # ID=16_22;partial=00;start_type=ATG;rbs_motif=4Base/6BMM;rbs_spacer=13-15bp;genetic_code=11;gc_cont=0.660	GENOMAD.148005.CP	4.569E-41	149	0
JAJIWC010000025.1_23 # 34453 # 35901 # -1 # ID=18_23;partial=00;start_type=ATG;rbs_motif=GGA/GAG/AGG;rbs_spacer=5-10bp;genetic_code=11;gc_cont=0.660	GENOMAD.120831.CP	8.452E-83	286	0
JAJIWC010000002.1_5 # 4154 # 6175 # -1 # ID=22_5;partial=00;start_type=ATG;rbs_motif=GGA/GAG/AGG;rbs_spacer=11-12bp;genetic_code=11;gc_cont=0.646	GENOMAD.010722.CC	9.491E-27	120	0
JAJIWC010000043.1_25 # 28409 # 29143 # 1 # ID=38_25;partial=00;start_type=ATG;rbs_motif=GGAG/GAGG;rbs_spacer=5-10bp;genetic_code=11;gc_cont=0.663	GENOMAD.170300.PC	9.215E-07	52	0
JAJIWC010000004.1_32 # 45625 # 47883 # 1 # ID=44_32;partial=00;start_type=ATG;rbs_motif=AGGA;rbs_spacer=5-10bp;genetic_code=11;gc_cont=0.627	GENOMAD.146534.CP	4.779E-04	46	0
JAJIWC010000004.1_64 # 98959 # 99435 # -1 # ID=44_64;partial=00;start_type=ATG;rbs_motif=AGGAG;rbs_spacer=5-10bp;genetic_code=11;gc_cont=0.618	GENOMAD.108036.CP	9.436E-06	47	0
JAJIWC010000004.1_96 # 131994 # 132596 # -1 # ID=44_96;partial=00;start_type=ATG;rbs_motif=GGA/GAG/AGG;rbs_spacer=5-10bp;genetic_code=11;gc_cont=0.653	GENOMAD.107271.CP	5.039E-37	140	0
JAJIWC010000049.1_7 # 7077 # 7970 # -1 # ID=45_7;partial=00;start_type=ATG;rbs_motif=GGAG/GAGG;rbs_spacer=5-10bp;genetic_code=11;gc_cont=0.614	GENOMAD.177500.PC	2.123E-54	195	0
JAJIWC010000050.1_29 # 23275 # 25401 # -1 # ID=46_29;partial=00;start_type=GTG;rbs_motif=GGAG/GAGG;rbs_spacer=5-10bp;genetic_code=11;gc_cont=0.637	GENOMAD.127324.PC	5.633E-36	150	0
JAJIWC010000077.1_159 # 176546 # 177031 # 1 # ID=74_159;partial=00;start_type=ATG;rbs_motif=None;rbs_spacer=None;genetic_code=11;gc_cont=0.648	GENOMAD.106003.CV	4.665E-06	48	1246
JAJIWC010000077.1_191 # 218728 # 223737 # -1 # ID=74_191;partial=00;start_type=ATG;rbs_motif=None;rbs_spacer=None;genetic_code=11;gc_cont=0.653	GENOMAD.119435.CP	0.000E+00	1168	0
JAJIWC010000078.1_85 # 115860 # 117953 # 1 # ID=76_85;partial=00;start_type=ATG;rbs_motif=None;rbs_spacer=None;genetic_code=11;gc_cont=0.664	GENOMAD.136246.CP	4.303E-11	69	0
JAJIWC010000002.1_46 # 56930 # 57625 # 1 # ID=22_46;partial=00;start_type=ATG;rbs_motif=AGGA;rbs_spacer=5-10bp;genetic_code=11;gc_cont=0.642	GENOMAD.189914.CP	1.642E-06	51	0
JAJIWC010000029.1_29 # 34740 # 35441 # 1 # ID=23_29;partial=00;start_type=ATG;rbs_motif=AGGAG;rbs_spacer=5-10bp;genetic_code=11;gc_cont=0.637	GENOMAD.129411.CP	3.543E-06	50	0
JAJIWC010000029.1_93 # 101433 # 102089 # 1 # ID=23_93;partial=00;start_type=ATG;rbs_motif=GGAG/GAGG;rbs_spacer=5-10bp;genetic_code=11;gc_cont=0.700	GENOMAD.045251.CC	6.558E-96	311	0
JAJIWC010000051.1_96 # 124651 # 125808 # -1 # ID=47_96;partial=00;start_type=ATG;rbs_motif=AGGA/GGAG/GAGG;rbs_spacer=11-12bp;genetic_code=11;gc_cont=0.586	GENOMAD.141000.CP	9.511E-192	597	0
JAJIWC010000053.1_16 # 16892 # 17068 # -1 # ID=49_16;partial=01;start_type=Edge;rbs_motif=None;rbs_spacer=None;genetic_code=11;gc_cont=0.610	GENOMAD.218087.PC	9.315E-04	37	0
JAJIWC010000056.1_13 # 13996 # 15123 # 1 # ID=52_13;partial=00;start_type=ATG;rbs_motif=None;rbs_spacer=None;genetic_code=11;gc_cont=0.665	GENOMAD.121441.VC	1.857E-14	78	1246
JAJIWC010000056.1_45 # 50230 # 50964 # 1 # ID=52_45;partial=00;start_type=ATG;rbs_motif=None;rbs_spacer=None;genetic_code=11;gc_cont=0.657	GENOMAD.161593.CP	1.374E-33	132	0
JAJIWC010000011.1_218 # 269062 # 270114 # -1 # ID=3_218;partial=00;start_type=ATG;rbs_motif=None;rbs_spacer=None;genetic_code=11;gc_cont=0.684	GENOMAD.123263.CP	2.161E-11	68	0
JAJIWC010000012.1_23 # 25197 # 26096 # -1 # ID=4_23;partial=00;start_type=ATG;rbs_motif=GGAGG;rbs_spacer=5-10bp;genetic_code=11;gc_cont=0.662	GENOMAD.146096.PC	8.920E-20	93	0
JAJIWC010000014.1_52 # 71289 # 71558 # 1 # ID=6_52;partial=00;start_type=GTG;rbs_motif=AGGA;rbs_spacer=5-10bp;genetic_code=11;gc_cont=0.626	GENOMAD.000079.CC	2.303E-14	69	0
JAJIWC010000017.1_24 # 23362 # 24447 # -1 # ID=9_24;partial=00;start_type=ATG;rbs_motif=GGA/GAG/AGG;rbs_spacer=5-10bp;genetic_code=11;gc_cont=0.652	GENOMAD.058649.CP	1.110E-18	91	0
JAJIWC010000003.1_30 # 40846 # 42117 # 1 # ID=33_30;partial=00;start_type=ATG;rbs_motif=None;rbs_spacer=None;genetic_code=11;gc_cont=0.671	GENOMAD.099160.CP	5.183E-09	61	0
JAJIWC010000039.1_20 # 25905 # 29363 # -1 # ID=34_20;partial=00;start_type=ATG;rbs_motif=GGA/GAG/AGG;rbs_spacer=5-10bp;genetic_code=11;gc_cont=0.699	GENOMAD.161502.PC	3.337E-110	389	0
JAJIWC010000041.1_52 # 55982 # 56728 # -1 # ID=36_52;partial=00;start_type=ATG;rbs_motif=GGAG/GAGG;rbs_spacer=5-10bp;genetic_code=11;gc_cont=0.667	GENOMAD.087219.CP	2.517E-68	233	0
JAJIWC010000041.1_84 # 95856 # 96374 # -1 # ID=36_84;partial=00;start_type=ATG;rbs_motif=GGA/GAG/AGG;rbs_spacer=11-12bp;genetic_code=11;gc_cont=0.630	GENOMAD.151766.CP	5.024E-24	101	0
JAJIWC010000043.1_48 # 51540 # 52445 # -1 # ID=38_48;partial=00;start_type=ATG;rbs_motif=None;rbs_spacer=None;genetic_code=11;gc_cont=0.681	GENOMAD.111079.CP	8.171E-32	129	0
JAJIWC010000064.1_136 # 137948 # 138673 # 1 # ID=60_136;partial=00;start_type=ATG;rbs_motif=GGA/GAG/AGG;rbs_spacer=5-10bp;genetic_code=11;gc_cont=0.676	GENOMAD.189856.CP	3.219E-04	44	0
JAJIWC010000064.1_168 # 175986 # 176543 # -1 # ID=60_168;partial=00;start_type=ATG;rbs_motif=GGAG/GAGG;rbs_spacer=5-10bp;genetic_code=11;gc_cont=0.665	GENOMAD.058195.CC	1.036E-57	199	0
JAJIWC010000064.1_200 # 212734 # 213735 # 1 # ID=60_200;partial=00;start_type=ATG;rbs_motif=GGA/GAG/AGG;rbs_spacer=5-10bp;genetic_code=11;gc_cont=0.645	GENOMAD.158122.CP	2.026E-139	443	0
JAJIWC010000070.1_11 # 9628 # 11730 # 1 # ID=67_11;partial=00;start_type=ATG;rbs_motif=GGAG/GAGG;rbs_spacer=5-10bp;genetic_code=11;gc_cont=0.633	GENOMAD.053052.VV	5.178E-23	108	0
JAJIWC010000070.1_107 # 125025 # 125759 # -1 # ID=67_107;partial=00;start_type=ATG;rbs_motif=AGGAG;rbs_spacer=5-10bp;genetic_code=11;gc_cont=0.654	GENOMAD.136992.CP	1.017E-24	106	0
JAJIWC010000039.1_22 # 30685 # 32022 # -1 # ID=34_22;partial=00;start_type=ATG;rbs_motif=None;rbs_spacer=None;genetic_code=11;gc_cont=0.673	GENOMAD.166652.PC	2.372E-39	156	0
JAJIWC010000041.1_54 # 58077 # 59375 # -1 # ID=36_54;partial=00;start_type=ATG;rbs_motif=None;rbs_spacer=None;genetic_code=11;gc_cont=0.684	GENOMAD.110250.CP	8.218E-38	151	0
JAJIWC010000041.1_86 # 97379 # 98377 # -1 # ID=36_86;partial=00;start_type=ATG;rbs_motif=AGGAG;rbs_spacer=5-10bp;genetic_code=11;gc_cont=0.620	GENOMAD.000031.CC	2.697E-79	269	0
JAJIWC010000042.1_4 # 2546 # 2857 # -1 # ID=37_4;partial=00;start_type=ATG;rbs_motif=AGGA/GGAG/GAGG;rbs_spacer=11-12bp;genetic_code=11;gc_cont=0.596	GENOMAD.110060.PV	1.498E-24	99	0
JAJIWC010000043.1_50 # 55898 # 58294 # -1 # ID=38_50;partial=00;start_type=ATG;rbs_motif=GGAG/GAGG;rbs_spacer=5-10bp;genetic_code=11;gc_cont=0.601	GENOMAD.058049.PP	2.408E-167	547	0
JAJIWC010000045.1_5 # 4730 # 5149 # -1 # ID=40_5;partial=00;start_type=ATG;rbs_motif=GGA/GAG/AGG;rbs_spacer=5-10bp;genetic_code=11;gc_cont=0.629	GENOMAD.168457.PC	6.329E-04	41	0
JAJIWC010000047.1_27 # 26509 # 27399 # -1 # ID=42_27;partial=00;start_type=ATG;rbs_motif=AGGAG;rbs_spacer=5-10bp;genetic_code=11;gc_cont=0.682	GENOMAD.108584.CP	1.037E-137	436	0
JAJIWC010000075.1_6 # 7131 # 8498 # 1 # ID=72_6;partial=00;start_type=TTG;rbs_motif=GGAG/GAGG;rbs_spacer=5-10bp;genetic_code=11;gc_cont=0.648	GENOMAD.001794.CC	3.030E-25	113	0
JAJIWC010000077.1_176 # 195416 # 196795 # 1 # ID=74_176;partial=00;start_type=ATG;rbs_motif=GGA/GAG/AGG;rbs_spacer=5-10bp;genetic_code=11;gc_cont=0.670	GENOMAD.120657.CP	1.749E-06	53	0
JAJIWC010000007.1_115 # 136841 # 141739 # -1 # ID=86_115;partial=00;start_type=ATG;rbs_motif=GGA/GAG/AGG;rbs_spacer=5-10bp;genetic_code=11;gc_cont=0.663	GENOMAD.145722.CP	9.127E-116	414	0
JAJIWC010000088.1_10 # 7253 # 7774 # -1 # ID=87_10;partial=00;start_type=ATG;rbs_motif=None;rbs_spacer=None;genetic_code=11;gc_cont=0.489	GENOMAD.086806.PP	5.009E-34	130	0
JAJIWC010000089.1_26 # 35821 # 36465 # 1 # ID=88_26;partial=00;start_type=ATG;rbs_motif=AGGAG/GGAGG;rbs_spacer=11-12bp;genetic_code=11;gc_cont=0.673	GENOMAD.178708.PC	3.589E-27	112	0
JAJIWC010000089.1_90 # 113562 # 114131 # -1 # ID=88_90;partial=00;start_type=ATG;rbs_motif=GGAG/GAGG;rbs_spacer=5-10bp;genetic_code=11;gc_cont=0.686	GENOMAD.196537.PC	1.269E-18	86	0
JAJIWC010000091.1_43 # 49990 # 50850 # -1 # ID=90_43;partial=00;start_type=ATG;rbs_motif=GGA/GAG/AGG;rbs_spacer=5-10bp;genetic_code=11;gc_cont=0.667	GENOMAD.073106.CV	2.823E-85	284	1246
JAJIWC010000092.1_21 # 25708 # 27282 # -1 # ID=91_21;partial=00;start_type=ATG;rbs_motif=GGA/GAG/AGG;rbs_spacer=5-10bp;genetic_code=11;gc_cont=0.656	GENOMAD.147712.CP	2.223E-322	982	0
JAJIWC010000092.1_53 # 61074 # 61925 # 1 # ID=91_53;partial=00;start_type=ATG;rbs_motif=None;rbs_spacer=None;genetic_code=11;gc_cont=0.711	GENOMAD.183418.PC	1.050E-11	68	0
JAJIWC010000004.1_86 # 121369 # 122841 # 1 # ID=44_86;partial=00;start_type=ATG;rbs_motif=GGA/GAG/AGG;rbs_spacer=5-10bp;genetic_code=11;gc_cont=0.649	GENOMAD.151588.CP	9.955E-20	96	0
JAJIWC010000004.1_118 # 172646 # 173569 # -1 # ID=44_118;partial=00;start_type=ATG;rbs_motif=GGA/GAG/AGG;rbs_spacer=5-10bp;genetic_code=11;gc_cont=0.615	GENOMAD.158077.CP	3.931E-07	54	0
JAJIWC010000050.1_19 # 14714 # 14980 # -1 # ID=46_19;partial=00;start_type=ATG;rbs_motif=3Base/5BMM;rbs_spacer=13-15bp;genetic_code=11;gc_cont=0.573	GENOMAD.127310.PC	6.075E-27	105	0
JAJIWC010000051.1_13 # 21240 # 23597 # -1 # ID=47_13;partial=00;start_type=ATG;rbs_motif=GGAG/GAGG;rbs_spacer=5-10bp;genetic_code=11;gc_cont=0.665	GENOMAD.216233.CP	0.000E+00	1257	0
JAJIWC010000051.1_45 # 61276 # 62430 # -1 # ID=47_45;partial=00;start_type=GTG;rbs_motif=GGA/GAG/AGG;rbs_spacer=5-10bp;genetic_code=11;gc_cont=0.661	GENOMAD.168712.CP	1.152E-206	640	0
JAJIWC010000051.1_141 # 174514 # 175419 # -1 # ID=47_141;partial=00;start_type=ATG;rbs_motif=GGA/GAG/AGG;rbs_spacer=5-10bp;genetic_code=11;gc_cont=0.660	GENOMAD.121654.CP	6.224E-63	220	1246
JAJIWC010000055.1_12 # 10889 # 11422 # -1 # ID=51_12;partial=00;start_type=ATG;rbs_motif=GGAG/GAGG;rbs_spacer=5-10bp;genetic_code=11;gc_cont=0.661	GENOMAD.138200.CP	2.898E-42	154	0
JAJIWC010000077.1_77 # 83434 # 83871 # 1 # ID=74_77;partial=00;start_type=ATG;rbs_motif=GGA/GAG/AGG;rbs_spacer=5-10bp;genetic_code=11;gc_cont=0.635	GENOMAD.135911.CV	7.108E-05	44	16033
JAJIWC010000078.1_3 # 2615 # 4492 # -1 # ID=76_3;partial=00;start_type=ATG;rbs_motif=GGAG/GAGG;rbs_spacer=5-10bp;genetic_code=11;gc_cont=0.675	GENOMAD.166434.PC	2.526E-54	206	0
JAJIWC010000078.1_35 # 53860 # 55068 # -1 # ID=76_35;partial=00;start_type=ATG;rbs_motif=GGAG/GAGG;rbs_spacer=5-10bp;genetic_code=11;gc_cont=0.665	GENOMAD.154757.CP	6.959E-17	86	0
JAJIWC010000002.1_65 # 79298 # 79759 # 1 # ID=22_65;partial=00;start_type=ATG;rbs_motif=GGAG/GAGG;rbs_spacer=5-10bp;genetic_code=11;gc_cont=0.671	GENOMAD.195933.PC	1.299E-12	67	0
JAJIWC010000029.1_80 # 89835 # 90677 # -1 # ID=23_80;partial=00;start_type=ATG;rbs_motif=GGAGG;rbs_spacer=5-10bp;genetic_code=11;gc_cont=0.668	GENOMAD.171298.CP	1.187E-42	160	0
JAJIWC010000031.1_33 # 38877 # 39695 # 1 # ID=25_33;partial=00;start_type=ATG;rbs_motif=None;rbs_spacer=None;genetic_code=11;gc_cont=0.680	GENOMAD.181762.CP	3.185E-139	439	0
JAJIWC010000031.1_97 # 110938 # 111255 # -1 # ID=25_97;partial=00;start_type=ATG;rbs_motif=GGA/GAG/AGG;rbs_spacer=11-12bp;genetic_code=11;gc_cont=0.604	GENOMAD.113516.PC	1.428E-49	171	0
JAJIWC010000051.1_19 # 31929 # 33794 # -1 # ID=47_19;partial=00;start_type=ATG;rbs_motif=GGAGG;rbs_spacer=5-10bp;genetic_code=11;gc_cont=0.650	GENOMAD.142795.CP	2.012E-08	60	0
JAJIWC010000051.1_115 # 146211 # 147722 # -1 # ID=47_115;partial=00;start_type=ATG;rbs_motif=GGAG/GAGG;rbs_spacer=5-10bp;genetic_code=11;gc_cont=0.642	GENOMAD.116332.CV	1.218E-11	70	0
JAJIWC010000053.1_3 # 4139 # 4714 # 1 # ID=49_3;partial=00;start_type=ATG;rbs_motif=None;rbs_spacer=None;genetic_code=11;gc_cont=0.703	GENOMAD.134026.CP	1.391E-29	118	0
JAJIWC010000056.1_96 # 109826 # 110443 # 1 # ID=52_96;partial=00;start_type=ATG;rbs_motif=AGGAG;rbs_spacer=5-10bp;genetic_code=11;gc_cont=0.615	GENOMAD.167032.VC	2.241E-16	80	1246
JAJIWC010000056.1_128 # 146990 # 147988 # -1 # ID=52_128;partial=00;start_type=ATG;rbs_motif=None;rbs_spacer=None;genetic_code=11;gc_cont=0.695	GENOMAD.209518.PC	5.509E-189	586	0
JAJIWC010000070.1_112 # 132897 # 134342 # 1 # ID=67_112;partial=00;start_type=ATG;rbs_motif=None;rbs_spacer=None;genetic_code=11;gc_cont=0.683	GENOMAD.105814.CP	3.799E-129	421	0
JAJIWC010000070.1_144 # 173211 # 173873 # -1 # ID=67_144;partial=00;start_type=ATG;rbs_motif=AGGAG;rbs_spacer=5-10bp;genetic_code=11;gc_cont=0.682	GENOMAD.132951.CP	7.392E-15	76	0
JAJIWC010000071.1_12 # 12740 # 14383 # -1 # ID=68_12;partial=00;start_type=ATG;rbs_motif=GGAG/GAGG;rbs_spacer=5-10bp;genetic_code=11;gc_cont=0.645	GENOMAD.183789.PC	1.254E-84	294	0
JAJIWC010000076.1_7 # 6133 # 6528 # -1 # ID=73_7;partial=00;start_type=ATG;rbs_motif=GGA/GAG/AGG;rbs_spacer=5-10bp;genetic_code=11;gc_cont=0.646	GENOMAD.205524.PC	2.325E-32	123	0
JAJIWC010000076.1_39 # 43529 # 44977 # 1 # ID=73_39;partial=00;start_type=ATG;rbs_motif=GGAG/GAGG;rbs_spacer=5-10bp;genetic_code=11;gc_cont=0.656	GENOMAD.134141.CP	1.603E-09	63	0
JAJIWC010000077.1_51 # 52274 # 52876 # 1 # ID=74_51;partial=00;start_type=ATG;rbs_motif=GGAG/GAGG;rbs_spacer=5-10bp;genetic_code=11;gc_cont=0.653	GENOMAD.130406.CP	2.101E-05	47	1246
JAJIWC010000077.1_83 # 89097 # 89558 # 1 # ID=74_83;partial=00;start_type=GTG;rbs_motif=GGAG/GAGG;rbs_spacer=5-10bp;genetic_code=11;gc_cont=0.626	GENOMAD.132461.CP	1.773E-06	49	0
JAJIWC010000036.1_126 # 163851 # 164060 # 1 # ID=30_126;partial=00;start_type=ATG;rbs_motif=GGAG/GAGG;rbs_spacer=5-10bp;genetic_code=11;gc_cont=0.581	GENOMAD.193185.CP	1.353E-04	40	0
JAJIWC010000003.1_14 # 20712 # 21257 # 1 # ID=33_14;partial=00;start_type=ATG;rbs_motif=GGAG/GAGG;rbs_spacer=5-10bp;genetic_code=11;gc_cont=0.668	GENOMAD.207447.PC	5.959E-26	107	0
JAJIWC010000056.1_11 # 11250 # 11768 # 1 # ID=52_11;partial=00;start_type=ATG;rbs_motif=GGA/GAG/AGG;rbs_spacer=5-10bp;genetic_code=11;gc_cont=0.671	GENOMAD.103372.CV	5.897E-07	51	1246
JAJIWC010000056.1_43 # 48633 # 49982 # 1 # ID=52_43;partial=00;start_type=ATG;rbs_motif=GGA/GAG/AGG;rbs_spacer=11-12bp;genetic_code=11;gc_cont=0.639	GENOMAD.094142.VV	2.859E-05	49	0
JAJIWC010000056.1_75 # 88695 # 89498 # 1 # ID=52_75;partial=00;start_type=ATG;rbs_motif=AGGA;rbs_spacer=5-10bp;genetic_code=11;gc_cont=0.668	GENOMAD.119501.CP	2.079E-20	94	0
JAJIWC010000060.1_76 # 99503 # 100027 # -1 # ID=56_76;partial=00;start_type=ATG;rbs_motif=GGA/GAG/AGG;rbs_spacer=5-10bp;genetic_code=11;gc_cont=0.659	GENOMAD.140449.CP	2.153E-35	134	0
JAJIWC010000061.1_16 # 20982 # 22016 # 1 # ID=57_16;partial=00;start_type=ATG;rbs_motif=GGA/GAG/AGG;rbs_spacer=11-12bp;genetic_code=11;gc_cont=0.646	GENOMAD.180523.PC	1.422E-83	282	0
JAJIWC010000061.1_48 # 56635 # 58572 # 1 # ID=57_48;partial=00;start_type=ATG;rbs_motif=GGAG/GAGG;rbs_spacer=5-10bp;genetic_code=11;gc_cont=0.654	GENOMAD.142795.CP	1.749E-07	57	0
JAJIWC010000010.1_6 # 3851 # 4381 # 1 # ID=2_6;partial=00;start_type=ATG;rbs_motif=None;rbs_spacer=None;genetic_code=11;gc_cont=0.661	GENOMAD.128882.CP	1.068E-14	74	0
JAJIWC010000010.1_38 # 58344 # 58778 # 1 # ID=2_38;partial=00;start_type=ATG;rbs_motif=GGAG/GAGG;rbs_spacer=5-10bp;genetic_code=11;gc_cont=0.678	GENOMAD.142316.CP	5.961E-19	85	0
JAJIWC010000011.1_75 # 90611 # 91738 # -1 # ID=3_75;partial=00;start_type=ATG;rbs_motif=None;rbs_spacer=None;genetic_code=11;gc_cont=0.660	GENOMAD.103333.CP	2.103E-59	213	0
JAJIWC010000011.1_139 # 170759 # 173017 # -1 # ID=3_139;partial=00;start_type=ATG;rbs_motif=None;rbs_spacer=None;genetic_code=11;gc_cont=0.739	GENOMAD.027336.CC	3.043E-45	180	0
JAJIWC010000031.1_86 # 96277 # 98070 # 1 # ID=25_86;partial=00;start_type=ATG;rbs_motif=GGA/GAG/AGG;rbs_spacer=5-10bp;genetic_code=11;gc_cont=0.638	GENOMAD.151994.CP	3.663E-110	371	0
JAJIWC010000031.1_118 # 135351 # 136298 # 1 # ID=25_118;partial=00;start_type=ATG;rbs_motif=None;rbs_spacer=None;genetic_code=11;gc_cont=0.684	GENOMAD.133558.CP	4.761E-08	57	0
JAJIWC010000031.1_150 # 181203 # 181448 # 1 # ID=25_150;partial=00;start_type=ATG;rbs_motif=None;rbs_spacer=None;genetic_code=11;gc_cont=0.614	GENOMAD.197521.CP	4.478E-05	42	0
JAJIWC010000031.1_182 # 213771 # 214952 # 1 # ID=25_182;partial=00;start_type=ATG;rbs_motif=GGAG/GAGG;rbs_spacer=5-10bp;genetic_code=11;gc_cont=0.692	GENOMAD.129930.CP	3.081E-28	121	0
JAJIWC010000033.1_36 # 54371 # 54859 # -1 # ID=27_36;partial=00;start_type=ATG;rbs_motif=None;rbs_spacer=None;genetic_code=11;gc_cont=0.654	GENOMAD.130467.CP	1.060E-46	166	0
JAJIWC010000036.1_8 # 7674 # 8975 # -1 # ID=30_8;partial=00;start_type=ATG;rbs_motif=GGA/GAG/AGG;rbs_spacer=5-10bp;genetic_code=11;gc_cont=0.696	GENOMAD.176778.PC	6.499E-56	205	0
JAJIWC010000036.1_40 # 63419 # 63688 # 1 # ID=30_40;partial=00;start_type=ATG;rbs_motif=GGA/GAG/AGG;rbs_spacer=5-10bp;genetic_code=11;gc_cont=0.622	GENOMAD.159708.CP	5.546E-36	131	0
JAJIWC010000056.1_53 # 61151 # 62146 # -1 # ID=52_53;partial=00;start_type=ATG;rbs_motif=GGA/GAG/AGG;rbs_spacer=5-10bp;genetic_code=11;gc_cont=0.674	GENOMAD.109687.CP	7.089E-05	47	0
JAJIWC010000056.1_117 # 129927 # 130613 # 1 # ID=52_117;partial=00;start_type=ATG;rbs_motif=GGAG/GAGG;rbs_spacer=5-10bp;genetic_code=11;gc_cont=0.684	GENOMAD.207981.CP	8.348E-124	392	0
JAJIWC010000058.1_4 # 3080 # 3445 # -1 # ID=54_4;partial=00;start_type=ATG;rbs_motif=GGA/GAG/AGG;rbs_spacer=5-10bp;genetic_code=11;gc_cont=0.593	GENOMAD.115272.PV	1.196E-18	83	0
JAJIWC010000061.1_26 # 30339 # 31529 # 1 # ID=57_26;partial=00;start_type=ATG;rbs_motif=GGA/GAG/AGG;rbs_spacer=5-10bp;genetic_code=11;gc_cont=0.692	GENOMAD.101892.CP	2.637E-149	475	0
JAJIWC010000070.1_37 # 45526 # 46206 # 1 # ID=67_37;partial=00;start_type=GTG;rbs_motif=GGAG/GAGG;rbs_spacer=5-10bp;genetic_code=11;gc_cont=0.668	GENOMAD.116548.CP	5.623E-26	109	0
JAJIWC010000070.1_101 # 119314 # 120342 # 1 # ID=67_101;partial=00;start_type=ATG;rbs_motif=None;rbs_spacer=None;genetic_code=11;gc_cont=0.697	GENOMAD.000510.CC	7.634E-44	166	0
JAJIWC010000070.1_133 # 156968 # 159064 # -1 # ID=67_133;partial=00;start_type=ATG;rbs_motif=None;rbs_spacer=None;genetic_code=11;gc_cont=0.623	GENOMAD.053052.VV	8.285E-18	91	0
JAJIWC010000047.1_38 # 40251 # 40643 # -1 # ID=42_38;partial=00;start_type=ATG;rbs_motif=GGA/GAG/AGG;rbs_spacer=5-10bp;genetic_code=11;gc_cont=0.628	GENOMAD.076388.CV	3.040E-37	137	1246
JAJIWC010000004.1_36 # 56632 # 58893 # 1 # ID=44_36;partial=00;start_type=ATG;rbs_motif=GGA/GAG/AGG;rbs_spacer=5-10bp;genetic_code=11;gc_cont=0.641	GENOMAD.146534.CP	1.181E-04	48	0
JAJIWC010000004.1_68 # 104491 # 105207 # -1 # ID=44_68;partial=00;start_type=ATG;rbs_motif=None;rbs_spacer=None;genetic_code=11;gc_cont=0.685	GENOMAD.100682.CP	5.151E-16	80	0
JAJIWC010000064.1_85 # 87868 # 90009 # -1 # ID=60_85;partial=00;start_type=ATG;rbs_motif=AGGAG;rbs_spacer=5-10bp;genetic_code=11;gc_cont=0.651	GENOMAD.148417.CP	1.901E-44	177	1246
JAJIWC010000064.1_117 # 117742 # 117975 # 1 # ID=60_117;partial=00;start_type=ATG;rbs_motif=None;rbs_spacer=None;genetic_code=11;gc_cont=0.585	GENOMAD.221919.VP	2.132E-17	77	1246
JAJIWC010000064.1_149 # 153755 # 155977 # 1 # ID=60_149;partial=00;start_type=ATG;rbs_motif=None;rbs_spacer=None;genetic_code=11;gc_cont=0.713	GENOMAD.101878.CP	2.747E-111	380	1246
JAJIWC010000064.1_213 # 224515 # 227715 # 1 # ID=60_213;partial=00;start_type=ATG;rbs_motif=GGA/GAG/AGG;rbs_spacer=5-10bp;genetic_code=11;gc_cont=0.650	GENOMAD.138336.CP	3.595E-14	80	0
JAJIWC010000068.1_10 # 6453 # 6845 # 1 # ID=65_10;partial=00;start_type=ATG;rbs_motif=None;rbs_spacer=None;genetic_code=11;gc_cont=0.611	GENOMAD.116980.PP	1.551E-52	181	0
JAJIWC010000070.1_56 # 69783 # 70319 # 1 # ID=67_56;partial=00;start_type=ATG;rbs_motif=GGA/GAG/AGG;rbs_spacer=5-10bp;genetic_code=11;gc_cont=0.698	GENOMAD.189756.CP	2.357E-15	76	0
JAJIWC010000086.1_5 # 4519 # 4872 # -1 # ID=84_5;partial=00;start_type=ATG;rbs_motif=AGGA;rbs_spacer=5-10bp;genetic_code=11;gc_cont=0.633	GENOMAD.092163.CP	7.752E-04	40	0
JAJIWC010000007.1_30 # 24113 # 25840 # 1 # ID=86_30;partial=00;start_type=GTG;rbs_motif=GGA/GAG/AGG;rbs_spacer=5-10bp;genetic_code=11;gc_cont=0.688	GENOMAD.133902.CP	6.238E-115	384	0
JAJIWC010000007.1_94 # 109593 # 110168 # -1 # ID=86_94;partial=00;start_type=ATG;rbs_motif=GGAG/GAGG;rbs_spacer=5-10bp;genetic_code=11;gc_cont=0.606	GENOMAD.190173.PC	2.164E-23	100	0
JAJIWC010000089.1_5 # 10222 # 10689 # 1 # ID=88_5;partial=00;start_type=ATG;rbs_motif=None;rbs_spacer=None;genetic_code=11;gc_cont=0.684	GENOMAD.148481.CP	1.674E-88	286	0
JAJIWC010000089.1_69 # 87019 # 87726 # -1 # ID=88_69;partial=00;start_type=ATG;rbs_motif=AGGAG;rbs_spacer=5-10bp;genetic_code=11;gc_cont=0.645	GENOMAD.194905.PC	4.779E-12	68	0
JAJIWC010000091.1_22 # 24526 # 26274 # -1 # ID=90_22;partial=00;start_type=ATG;rbs_motif=GGA/GAG/AGG;rbs_spacer=5-10bp;genetic_code=11;gc_cont=0.683	GENOMAD.097040.CP	5.788E-27	120	0
JAJIWC010000077.1_174 # 193125 # 194510 # -1 # ID=74_174;partial=00;start_type=ATG;rbs_motif=GGA/GAG/AGG;rbs_spacer=5-10bp;genetic_code=11;gc_cont=0.634	GENOMAD.120657.CP	6.100E-09	61	0
JAJIWC010000078.1_4 # 4495 # 4998 # -1 # ID=76_4;partial=00;start_type=ATG;rbs_motif=GGxGG;rbs_spacer=5-10bp;genetic_code=11;gc_cont=0.661	GENOMAD.183209.PC	3.679E-15	75	0
JAJIWC010000078.1_68 # 94677 # 95348 # -1 # ID=76_68;partial=00;start_type=ATG;rbs_motif=None;rbs_spacer=None;genetic_code=11;gc_cont=0.621	GENOMAD.088139.CV	4.622E-39	147	1246
JAJIWC010000078.1_100 # 131283 # 132461 # 1 # ID=76_100;partial=00;start_type=ATG;rbs_motif=GGAG/GAGG;rbs_spacer=5-10bp;genetic_code=11;gc_cont=0.666	GENOMAD.161970.CP	2.720E-06	52	0
JAJIWC010000078.1_132 # 165792 # 167084 # 1 # ID=76_132;partial=00;start_type=ATG;rbs_motif=GGAG/GAGG;rbs_spacer=5-10bp;genetic_code=11;gc_cont=0.716	GENOMAD.021519.CC	2.736E-56	206	0
JAJIWC010000083.1_11 # 14405 # 15451 # 1 # ID=81_11;partial=00;start_type=ATG;rbs_motif=AGGA/GGAG/GAGG;rbs_spacer=11-12bp;genetic_code=11;gc_cont=0.661	GENOMAD.101053.CP	3.546E-16	83	1246
JAJIWC010000011.1_155 # 188412 # 189614 # -1 # ID=3_155;partial=00;start_type=GTG;rbs_motif=GGA/GAG/AGG;rbs_spacer=5-10bp;genetic_code=11;gc_cont=0.665	GENOMAD.141045.CP	2.265E-09	62	0
JAJIWC010000011.1_219 # 270363 # 271598 # 1 # ID=3_219;partial=00;start_type=ATG;rbs_motif=None;rbs_spacer=None;genetic_code=11;gc_cont=0.659	GENOMAD.028111.CC	1.025E-04	47	0
JAJIWC010000011.1_251 # 308218 # 308760 # 1 # ID=3_251;partial=00;start_type=ATG;rbs_motif=None;rbs_spacer=None;genetic_code=11;gc_cont=0.657	GENOMAD.169209.CP	1.930E-39	146	0
JAJIWC010000011.1_283 # 340761 # 341747 # -1 # ID=3_283;partial=00;start_type=ATG;rbs_motif=None;rbs_spacer=None;genetic_code=11;gc_cont=0.678	GENOMAD.136647.CP	3.168E-85	286	0
JAJIWC010000011.1_315 # 378170 # 378598 # 1 # ID=3_315;partial=00;start_type=ATG;rbs_motif=GGAG/GAGG;rbs_spacer=5-10bp;genetic_code=11;gc_cont=0.667	GENOMAD.158031.CP	4.637E-21	91	0
JAJIWC010000012.1_56 # 58048 # 60411 # 1 # ID=4_56;partial=00;start_type=ATG;rbs_motif=None;rbs_spacer=None;genetic_code=11;gc_cont=0.650	GENOMAD.142574.CP	7.539E-20	98	0
JAJIWC010000031.1_93 # 106389 # 106916 # -1 # ID=25_93;partial=00;start_type=ATG;rbs_motif=None;rbs_spacer=None;genetic_code=11;gc_cont=0.684	GENOMAD.040030.CC	5.002E-78	257	0
JAJIWC010000031.1_157 # 188890 # 189807 # -1 # ID=25_157;partial=00;start_type=ATG;rbs_motif=GGAG/GAGG;rbs_spacer=5-10bp;genetic_code=11;gc_cont=0.647	GENOMAD.168562.CP	1.436E-05	49	0
JAJIWC010000033.1_43 # 60730 # 61236 # -1 # ID=27_43;partial=00;start_type=ATG;rbs_motif=GGAGG;rbs_spacer=5-10bp;genetic_code=11;gc_cont=0.623	GENOMAD.137918.CP	2.536E-48	171	0
JAJIWC010000036.1_15 # 18004 # 19335 # 1 # ID=30_15;partial=00;start_type=ATG;rbs_motif=GGAG/GAGG;rbs_spacer=5-10bp;genetic_code=11;gc_cont=0.688	GENOMAD.146515.CP	4.495E-35	143	0
JAJIWC010000036.1_111 # 150845 # 152434 # 1 # ID=30_111;partial=00;start_type=ATG;rbs_motif=GGAGG;rbs_spacer=5-10bp;genetic_code=11;gc_cont=0.652	GENOMAD.143156.CP	3.399E-49	188	0
JAJIWC010000041.1_85 # 96815 # 97198 # -1 # ID=36_85;partial=00;start_type=ATG;rbs_motif=AGGA;rbs_spacer=5-10bp;genetic_code=11;gc_cont=0.651	GENOMAD.000035.CC	3.616E-42	151	0
JAJIWC010000042.1_3 # 2365 # 2553 # -1 # ID=37_3;partial=00;start_type=ATG;rbs_motif=AGGAG;rbs_spacer=5-10bp;genetic_code=11;gc_cont=0.614	GENOMAD.069405.PP	6.560E-22	89	0
JAJIWC010000047.1_26 # 26019 # 26429 # 1 # ID=42_26;partial=00;start_type=ATG;rbs_motif=None;rbs_spacer=None;genetic_code=11;gc_cont=0.662	GENOMAD.016644.CC	1.822E-45	161	0
JAJIWC010000004.1_88 # 124438 # 125091 # 1 # ID=44_88;partial=00;start_type=ATG;rbs_motif=None;rbs_spacer=None;genetic_code=11;gc_cont=0.627	GENOMAD.004524.CC	1.185E-04	45	0
JAJIWC010000056.1_37 # 44392 # 45378 # -1 # ID=52_37;partial=00;start_type=ATG;rbs_motif=GGA/GAG/AGG;rbs_spacer=5-10bp;genetic_code=11;gc_cont=0.662	GENOMAD.019618.CC	1.000E-58	209	0
JAJIWC010000056.1_133 # 151295 # 152263 # -1 # ID=52_133;partial=00;start_type=ATG;rbs_motif=GGAG/GAGG;rbs_spacer=5-10bp;genetic_code=11;gc_cont=0.637	GENOMAD.145686.CP	1.790E-69	240	0
JAJIWC010000060.1_38 # 47403 # 48182 # -1 # ID=56_38;partial=00;start_type=ATG;rbs_motif=GGAG/GAGG;rbs_spacer=5-10bp;genetic_code=11;gc_cont=0.655	GENOMAD.114974.CP	1.093E-06	52	0
JAJIWC010000060.1_70 # 93042 # 94811 # 1 # ID=56_70;partial=00;start_type=ATG;rbs_motif=AGGAG;rbs_spacer=5-10bp;genetic_code=11;gc_cont=0.673	GENOMAD.159812.PC	1.390E-40	163	0
JAJIWC010000061.1_10 # 12396 # 13592 # -1 # ID=57_10;partial=00;start_type=ATG;rbs_motif=GGAG/GAGG;rbs_spacer=5-10bp;genetic_code=11;gc_cont=0.648	GENOMAD.000476.CC	7.823E-63	224	0
JAJIWC010000061.1_42 # 49466 # 50383 # -1 # ID=57_42;partial=00;start_type=ATG;rbs_motif=GGAGG;rbs_spacer=5-10bp;genetic_code=11;gc_cont=0.644	GENOMAD.195620.CP	4.818E-22	100	0
JAJIWC010000082.1_11 # 5066 # 5920 # 1 # ID=80_11;partial=00;start_type=ATG;rbs_motif=None;rbs_spacer=None;genetic_code=11;gc_cont=0.601	GENOMAD.097192.VV	2.310E-32	130	2773
JAJIWC010000007.1_27 # 21230 # 21721 # 1 # ID=86_27;partial=00;start_type=GTG;rbs_motif=GGA/GAG/AGG;rbs_spacer=5-10bp;genetic_code=11;gc_cont=0.673	GENOMAD.020187.CC	1.173E-79	261	0
JAJIWC010000007.1_59 # 67899 # 68552 # -1 # ID=86_59;partial=00;start_type=ATG;rbs_motif=GGA/GAG/AGG;rbs_spacer=5-10bp;genetic_code=11;gc_cont=0.696	GENOMAD.171994.PC	1.532E-11	66	0
JAJIWC010000007.1_91 # 107894 # 108784 # -1 # ID=86_91;partial=00;start_type=ATG;rbs_motif=GGAG/GAGG;rbs_spacer=5-10bp;genetic_code=11;gc_cont=0.637	GENOMAD.167997.CP	1.173E-04	46	0
JAJIWC010000010.1_32 # 52837 # 53571 # -1 # ID=2_32;partial=00;start_type=ATG;rbs_motif=GGAG/GAGG;rbs_spacer=5-10bp;genetic_code=11;gc_cont=0.693	GENOMAD.081069.CP	1.462E-32	129	0
JAJIWC010000010.1_64 # 90616 # 91185 # -1 # ID=2_64;partial=00;start_type=ATG;rbs_motif=AGGA;rbs_spacer=5-10bp;genetic_code=11;gc_cont=0.647	GENOMAD.137814.CP	5.396E-31	122	0
JAJIWC010000011.1_37 # 41383 # 43857 # -1 # ID=3_37;partial=00;start_type=ATG;rbs_motif=GGA/GAG/AGG;rbs_spacer=5-10bp;genetic_code=11;gc_cont=0.662	GENOMAD.146392.CP	4.182E-220	702	0
JAJIWC010000011.1_69 # 85468 # 85875 # 1 # ID=3_69;partial=00;start_type=ATG;rbs_motif=GGAGG;rbs_spacer=5-10bp;genetic_code=11;gc_cont=0.615	GENOMAD.124417.CP	5.252E-06	47	0
JAJIWC010000003.1_17 # 22710 # 23759 # -1 # ID=33_17;partial=00;start_type=ATG;rbs_motif=GGAGG;rbs_spacer=5-10bp;genetic_code=11;gc_cont=0.695	GENOMAD.192709.PC	6.815E-64	225	0
JAJIWC010000039.1_7 # 9450 # 9983 # -1 # ID=34_7;partial=00;start_type=ATG;rbs_motif=GGA/GAG/AGG;rbs_spacer=5-10bp;genetic_code=11;gc_cont=0.654	GENOMAD.207688.CP	6.302E-04	42	0
JAJIWC010000041.1_7 # 4323 # 4568 # -1 # ID=36_7;partial=00;start_type=ATG;rbs_motif=GGAG/GAGG;rbs_spacer=5-10bp;genetic_code=11;gc_cont=0.671	GENOMAD.133117.CP	2.304E-33	123	0
JAJIWC010000041.1_103 # 106529 # 106942 # -1 # ID=36_103;partial=00;start_type=ATG;rbs_motif=GGAG/GAGG;rbs_spacer=5-10bp;genetic_code=11;gc_cont=0.616	GENOMAD.061469.CV	7.329E-64	214	0
JAJIWC010000043.1_35 # 38432 # 40336 # -1 # ID=38_35;partial=00;start_type=ATG;rbs_motif=None;rbs_spacer=None;genetic_code=11;gc_cont=0.677	GENOMAD.074473.CV	8.319E-226	709	1246
JAJIWC010000047.1_12 # 8244 # 8882 # -1 # ID=42_12;partial=00;start_type=ATG;rbs_motif=GGAGG;rbs_spacer=5-10bp;genetic_code=11;gc_cont=0.700	GENOMAD.147413.CP	1.074E-32	128	0
JAJIWC010000064.1_27 # 25838 # 26329 # 1 # ID=60_27;partial=00;start_type=ATG;rbs_motif=AGGAG;rbs_spacer=5-10bp;genetic_code=11;gc_cont=0.726	GENOMAD.191334.CP	4.659E-08	54	0
JAJIWC010000064.1_59 # 59904 # 63443 # -1 # ID=60_59;partial=00;start_type=ATG;rbs_motif=None;rbs_spacer=None;genetic_code=11;gc_cont=0.644	GENOMAD.111713.CP	5.692E-29	129	0
JAJIWC010000064.1_155 # 160524 # 161408 # -1 # ID=60_155;partial=00;start_type=ATG;rbs_motif=None;rbs_spacer=None;genetic_code=11;gc_cont=0.628	GENOMAD.182050.VC	7.264E-16	81	1246
JAJIWC010000075.1_23 # 28674 # 29957 # -1 # ID=72_23;partial=00;start_type=ATG;rbs_motif=AGGA;rbs_spacer=5-10bp;genetic_code=11;gc_cont=0.657	GENOMAD.168138.CP	4.482E-04	45	0
JAJIWC010000077.1_1 # 1 # 231 # -1 # ID=74_1;partial=10;start_type=ATG;rbs_motif=GGA/GAG/AGG;rbs_spacer=5-10bp;genetic_code=11;gc_cont=0.610	GENOMAD.031536.PP	6.194E-37	133	0
JAJIWC010000077.1_33 # 32329 # 33948 # -1 # ID=74_33;partial=00;start_type=ATG;rbs_motif=GGxGG;rbs_spacer=3-4bp;genetic_code=11;gc_cont=0.631	GENOMAD.162180.CP	1.872E-114	381	0
JAJIWC010000077.1_97 # 104353 # 105333 # -1 # ID=74_97;partial=00;start_type=ATG;rbs_motif=None;rbs_spacer=None;genetic_code=11;gc_cont=0.679	GENOMAD.205455.PC	1.427E-35	141	0
JAJIWC010000077.1_129 # 141323 # 142585 # -1 # ID=74_129;partial=00;start_type=ATG;rbs_motif=GGA/GAG/AGG;rbs_spacer=5-10bp;genetic_code=11;gc_cont=0.665	GENOMAD.196178.PC	2.583E-49	185	0
JAJIWC010000008.1_15 # 18103 # 18822 # -1 # ID=93_15;partial=00;start_type=ATG;rbs_motif=None;rbs_spacer=None;genetic_code=11;gc_cont=0.667	GENOMAD.148067.PC	4.562E-22	98	0
JAJIWC010000010.1_9 # 13775 # 14983 # 1 # ID=2_9;partial=00;start_type=GTG;rbs_motif=GGA/GAG/AGG;rbs_spacer=5-10bp;genetic_code=11;gc_cont=0.709	GENOMAD.177428.CP	1.715E-129	418	0
JAJIWC010000011.1_14 # 16146 # 19559 # -1 # ID=3_14;partial=00;start_type=ATG;rbs_motif=None;rbs_spacer=None;genetic_code=11;gc_cont=0.697	GENOMAD.147962.CP	0.000E+00	1725	0
JAJIWC010000011.1_46 # 56421 # 57587 # -1 # ID=3_46;partial=00;start_type=ATG;rbs_motif=GGA/GAG/AGG;rbs_spacer=11-12bp;genetic_code=11;gc_cont=0.644	GENOMAD.086164.CV	3.035E-60	216	1246
JAJIWC010000011.1_78 # 94480 # 95172 # 1 # ID=3_78;partial=00;start_type=ATG;rbs_motif=None;rbs_spacer=None;genetic_code=11;gc_cont=0.672	GENOMAD.151242.CP	8.159E-08	55	0
JAJIWC010000031.1_42 # 47406 # 48494 # 1 # ID=25_42;partial=00;start_type=ATG;rbs_motif=GGAG/GAGG;rbs_spacer=5-10bp;genetic_code=11;gc_cont=0.687	GENOMAD.192885.CP	3.747E-182	568	0
JAJIWC010000031.1_74 # 84211 # 84723 # 1 # ID=25_74;partial=00;start_type=ATG;rbs_motif=None;rbs_spacer=None;genetic_code=11;gc_cont=0.645	GENOMAD.055619.CC	2.638E-05	46	0
JAJIWC010000031.1_106 # 119541 # 120626 # 1 # ID=25_106;partial=00;start_type=ATG;rbs_motif=GGAGG;rbs_spacer=5-10bp;genetic_code=11;gc_cont=0.622	GENOMAD.038387.CC	7.010E-81	275	0
JAJIWC010000031.1_138 # 160664 # 162646 # 1 # ID=25_138;partial=00;start_type=ATG;rbs_motif=GGAG/GAGG;rbs_spacer=5-10bp;genetic_code=11;gc_cont=0.665	GENOMAD.211147.PC	7.420E-250	780	0
JAJIWC010000034.1_7 # 3997 # 4677 # -1 # ID=28_7;partial=00;start_type=ATG;rbs_motif=AGGAG;rbs_spacer=5-10bp;genetic_code=11;gc_cont=0.637	GENOMAD.123925.PP	5.399E-102	329	0
JAJIWC010000056.1_9 # 8318 # 9982 # -1 # ID=52_9;partial=00;start_type=ATG;rbs_motif=None;rbs_spacer=None;genetic_code=11;gc_cont=0.705	GENOMAD.094517.CV	8.344E-09	61	1246
JAJIWC010000056.1_137 # 156403 # 156981 # -1 # ID=52_137;partial=00;start_type=ATG;rbs_motif=AGGAG;rbs_spacer=5-10bp;genetic_code=11;gc_cont=0.691	GENOMAD.136404.CP	1.138E-32	127	0
JAJIWC010000060.1_10 # 14518 # 15270 # 1 # ID=56_10;partial=00;start_type=GTG;rbs_motif=GGAG/GAGG;rbs_spacer=5-10bp;genetic_code=11;gc_cont=0.648	GENOMAD.169830.CP	2.934E-103	334	0
JAJIWC010000060.1_74 # 97877 # 98467 # -1 # ID=56_74;partial=00;start_type=ATG;rbs_motif=GGAG/GAGG;rbs_spacer=5-10bp;genetic_code=11;gc_cont=0.699	GENOMAD.132739.CP	8.885E-05	45	0
JAJIWC010000061.1_14 # 17847 # 18617 # 1 # ID=57_14;partial=00;start_type=ATG;rbs_motif=GGA/GAG/AGG;rbs_spacer=5-10bp;genetic_code=11;gc_cont=0.678	GENOMAD.181911.PC	2.342E-43	161	0
JAJIWC010000061.1_46 # 54898 # 55578 # 1 # ID=57_46;partial=00;start_type=ATG;rbs_motif=None;rbs_spacer=None;genetic_code=11;gc_cont=0.645	GENOMAD.109399.CP	3.993E-12	68	0
JAJIWC010000077.1_28 # 25121 # 26017 # -1 # ID=74_28;partial=00;start_type=ATG;rbs_motif=GGA/GAG/AGG;rbs_spacer=5-10bp;genetic_code=11;gc_cont=0.642	GENOMAD.177900.CP	6.543E-13	72	0
JAJIWC010000077.1_92 # 98865 # 100535 # 1 # ID=74_92;partial=00;start_type=ATG;rbs_motif=GGAG/GAGG;rbs_spacer=5-10bp;genetic_code=11;gc_cont=0.606	GENOMAD.179497.PC	4.852E-76	269	0
JAJIWC010000077.1_124 # 134723 # 136423 # -1 # ID=74_124;partial=00;start_type=ATG;rbs_motif=None;rbs_spacer=None;genetic_code=11;gc_cont=0.674	GENOMAD.082750.CP	8.634E-09	61	0
JAJIWC010000078.1_50 # 69345 # 69923 # -1 # ID=76_50;partial=00;start_type=ATG;rbs_motif=GGAG/GAGG;rbs_spacer=5-10bp;genetic_code=11;gc_cont=0.610	GENOMAD.212919.PC	1.696E-14	74	0
JAJIWC010000076.1_8 # 6525 # 7415 # -1 # ID=73_8;partial=00;start_type=ATG;rbs_motif=GGA/GAG/AGG;rbs_spacer=5-10bp;genetic_code=11;gc_cont=0.657	GENOMAD.161566.CP	4.513E-09	60	0
JAJIWC010000076.1_40 # 45214 # 47130 # -1 # ID=73_40;partial=00;start_type=ATG;rbs_motif=GGAG/GAGG;rbs_spacer=5-10bp;genetic_code=11;gc_cont=0.667	GENOMAD.214746.CP	0.000E+00	1074	0
JAJIWC010000077.1_148 # 165384 # 165824 # -1 # ID=74_148;partial=00;start_type=ATG;rbs_motif=None;rbs_spacer=None;genetic_code=11;gc_cont=0.669	GENOMAD.159368.VC	2.899E-19	86	6467
JAJIWC010000011.1_225 # 280239 # 280715 # 1 # ID=3_225;partial=00;start_type=ATG;rbs_motif=GGA/GAG/AGG;rbs_spacer=5-10bp;genetic_code=11;gc_cont=0.709	GENOMAD.133985.CP	2.941E-14	72	0
JAJIWC010000011.1_321 # 384331 # 385185 # 1 # ID=3_321;partial=00;start_type=ATG;rbs_motif=GGAG/GAGG;rbs_spacer=5-10bp;genetic_code=11;gc_cont=0.646	GENOMAD.171333.CP	6.274E-84	280	0
JAJIWC010000012.1_30 # 34949 # 35371 # 1 # ID=4_30;partial=00;start_type=ATG;rbs_motif=None;rbs_spacer=None;genetic_code=11;gc_cont=0.631	GENOMAD.167287.CP	2.754E-06	48	0
JAJIWC010000014.1_27 # 35916 # 36362 # 1 # ID=6_27;partial=00;start_type=ATG;rbs_motif=GGAG/GAGG;rbs_spacer=5-10bp;genetic_code=11;gc_cont=0.655	GENOMAD.159874.CP	6.479E-09	56	0
JAJIWC010000036.1_21 # 26231 # 27565 # 1 # ID=30_21;partial=00;start_type=ATG;rbs_motif=None;rbs_spacer=None;genetic_code=11;gc_cont=0.676	GENOMAD.166652.PC	5.107E-43	167	0
JAJIWC010000036.1_85 # 117667 # 118677 # -1 # ID=30_85;partial=00;start_type=ATG;rbs_motif=AGxAGG/AGGxGG;rbs_spacer=3-4bp;genetic_code=11;gc_cont=0.702	GENOMAD.024791.CC	7.261E-10	63	0
JAJIWC010000036.1_181 # 221457 # 223343 # 1 # ID=30_181;partial=00;start_type=ATG;rbs_motif=GGA/GAG/AGG;rbs_spacer=5-10bp;genetic_code=11;gc_cont=0.650	GENOMAD.092845.CP	2.712E-156	507	0
JAJIWC010000085.1_10 # 12869 # 13375 # -1 # ID=83_10;partial=00;start_type=GTG;rbs_motif=GGAG/GAGG;rbs_spacer=5-10bp;genetic_code=11;gc_cont=0.669	GENOMAD.161143.CP	1.176E-05	47	0
JAJIWC010000007.1_37 # 35091 # 36329 # -1 # ID=86_37;partial=00;start_type=ATG;rbs_motif=GGxGG;rbs_spacer=5-10bp;genetic_code=11;gc_cont=0.703	GENOMAD.137385.CP	1.824E-26	116	0
JAJIWC010000007.1_133 # 164066 # 164506 # -1 # ID=86_133;partial=00;start_type=ATG;rbs_motif=None;rbs_spacer=None;genetic_code=11;gc_cont=0.639	GENOMAD.181229.CP	6.535E-53	183	0
JAJIWC010000011.1_15 # 19913 # 24721 # -1 # ID=3_15;partial=00;start_type=ATG;rbs_motif=GGA/GAG/AGG;rbs_spacer=5-10bp;genetic_code=11;gc_cont=0.678	GENOMAD.088220.VV	5.444E-07	57	1246
JAJIWC010000011.1_79 # 95236 # 95601 # 1 # ID=3_79;partial=00;start_type=ATG;rbs_motif=GGAG/GAGG;rbs_spacer=5-10bp;genetic_code=11;gc_cont=0.596	GENOMAD.004860.CC	1.824E-30	117	0
JAJIWC010000011.1_143 # 176275 # 176985 # -1 # ID=3_143;partial=00;start_type=TTG;rbs_motif=None;rbs_spacer=None;genetic_code=11;gc_cont=0.603	GENOMAD.124497.CP	1.514E-112	360	0
JAJIWC010000011.1_303 # 366667 # 366978 # -1 # ID=3_303;partial=00;start_type=ATG;rbs_motif=GGxGG;rbs_spacer=3-4bp;genetic_code=11;gc_cont=0.689	GENOMAD.216216.PC	1.406E-09	56	0
JAJIWC010000031.1_49 # 54270 # 55424 # 1 # ID=25_49;partial=00;start_type=ATG;rbs_motif=GGA/GAG/AGG;rbs_spacer=11-12bp;genetic_code=11;gc_cont=0.670	GENOMAD.126037.CP	1.732E-53	196	0
JAJIWC010000031.1_177 # 207581 # 209950 # -1 # ID=25_177;partial=00;start_type=ATG;rbs_motif=None;rbs_spacer=None;genetic_code=11;gc_cont=0.630	GENOMAD.105365.CP	5.545E-107	369	0
JAJIWC010000032.1_2 # 747 # 2630 # -1 # ID=26_2;partial=00;start_type=GTG;rbs_motif=AGGA;rbs_spacer=5-10bp;genetic_code=11;gc_cont=0.668	GENOMAD.190262.VC	6.073E-10	65	1246
JAJIWC010000004.1_44 # 71314 # 71910 # 1 # ID=44_44;partial=00;start_type=ATG;rbs_motif=AGGAG;rbs_spacer=5-10bp;genetic_code=11;gc_cont=0.630	GENOMAD.140319.CP	2.560E-24	103	0
JAJIWC010000004.1_108 # 143674 # 146181 # -1 # ID=44_108;partial=00;start_type=ATG;rbs_motif=GGAG/GAGG;rbs_spacer=5-10bp;genetic_code=11;gc_cont=0.668	GENOMAD.115168.CP	1.649E-05	51	0
JAJIWC010000051.1_67 # 86102 # 86461 # -1 # ID=47_67;partial=00;start_type=ATG;rbs_motif=GGAG/GAGG;rbs_spacer=5-10bp;genetic_code=11;gc_cont=0.608	GENOMAD.080218.CV	1.516E-39	143	0
JAJIWC010000051.1_99 # 126933 # 128318 # -1 # ID=47_99;partial=00;start_type=ATG;rbs_motif=AGGAG;rbs_spacer=5-10bp;genetic_code=11;gc_cont=0.644	GENOMAD.007125.CC	3.211E-38	153	0
JAJIWC010000051.1_131 # 163852 # 164325 # -1 # ID=47_131;partial=00;start_type=ATG;rbs_motif=GGA/GAG/AGG;rbs_spacer=5-10bp;genetic_code=11;gc_cont=0.673	GENOMAD.000166.CC	1.826E-08	55	0
JAJIWC010000064.1_131 # 133134 # 134057 # -1 # ID=60_131;partial=00;start_type=ATG;rbs_motif=None;rbs_spacer=None;genetic_code=11;gc_cont=0.708	GENOMAD.081094.CV	4.677E-30	124	1246
JAJIWC010000064.1_195 # 206956 # 208017 # -1 # ID=60_195;partial=00;start_type=GTG;rbs_motif=GGA/GAG/AGG;rbs_spacer=5-10bp;genetic_code=11;gc_cont=0.702	GENOMAD.089091.CV	1.094E-06	53	1246
JAJIWC010000065.1_14 # 11801 # 12583 # 1 # ID=61_14;partial=00;start_type=ATG;rbs_motif=AGxAGG/AGGxGG;rbs_spacer=5-10bp;genetic_code=11;gc_cont=0.571	GENOMAD.101886.PC	8.165E-15	77	0
JAJIWC010000066.1_18 # 23720 # 24877 # 1 # ID=62_18;partial=00;start_type=ATG;rbs_motif=GGAG/GAGG;rbs_spacer=5-10bp;genetic_code=11;gc_cont=0.678	GENOMAD.162212.CP	1.292E-06	53	0
JAJIWC010000070.1_6 # 5236 # 6126 # -1 # ID=67_6;partial=00;start_type=ATG;rbs_motif=GGA/GAG/AGG;rbs_spacer=5-10bp;genetic_code=11;gc_cont=0.686	GENOMAD.129411.CP	1.518E-14	77	0
JAJIWC010000089.1_19 # 28326 # 28727 # 1 # ID=88_19;partial=00;start_type=ATG;rbs_motif=GGA/GAG/AGG;rbs_spacer=5-10bp;genetic_code=11;gc_cont=0.701	GENOMAD.130275.CV	2.260E-06	48	0
JAJIWC010000089.1_51 # 69782 # 70969 # -1 # ID=88_51;partial=00;start_type=ATG;rbs_motif=GGA/GAG/AGG;rbs_spacer=5-10bp;genetic_code=11;gc_cont=0.644	GENOMAD.143010.CP	2.493E-15	81	0
JAJIWC010000026.1_45 # 58431 # 59177 # 1 # ID=19_45;partial=00;start_type=ATG;rbs_motif=AGGA/GGAG/GAGG;rbs_spacer=11-12bp;genetic_code=11;gc_cont=0.671	GENOMAD.133737.CP	4.227E-06	50	0
JAJIWC010000027.1_21 # 28717 # 29229 # -1 # ID=20_21;partial=01;start_type=Edge;rbs_motif=None;rbs_spacer=None;genetic_code=11;gc_cont=0.552	GENOMAD.177338.PC	1.225E-05	47	0
JAJIWC010000002.1_24 # 25151 # 25492 # 1 # ID=22_24;partial=00;start_type=TTG;rbs_motif=GGAGG;rbs_spacer=5-10bp;genetic_code=11;gc_cont=0.658	GENOMAD.038006.CC	5.703E-39	141	0
JAJIWC010000002.1_56 # 68215 # 68688 # -1 # ID=22_56;partial=00;start_type=ATG;rbs_motif=GGA/GAG/AGG;rbs_spacer=5-10bp;genetic_code=11;gc_cont=0.671	GENOMAD.159648.PC	3.635E-10	60	0
JAJIWC010000029.1_7 # 13191 # 15911 # -1 # ID=23_7;partial=00;start_type=ATG;rbs_motif=GGAGG;rbs_spacer=5-10bp;genetic_code=11;gc_cont=0.624	GENOMAD.158496.CP	1.293E-137	464	0
JAJIWC010000010.1_121 # 162507 # 162749 # 1 # ID=2_121;partial=00;start_type=ATG;rbs_motif=None;rbs_spacer=None;genetic_code=11;gc_cont=0.654	GENOMAD.108170.CP	2.456E-17	77	0
JAJIWC010000011.1_62 # 79366 # 80202 # 1 # ID=3_62;partial=00;start_type=ATG;rbs_motif=AGGA;rbs_spacer=5-10bp;genetic_code=11;gc_cont=0.695	GENOMAD.177178.CP	7.777E-09	59	0
JAJIWC010000011.1_126 # 155181 # 155621 # 1 # ID=3_126;partial=00;start_type=ATG;rbs_motif=GGA/GAG/AGG;rbs_spacer=5-10bp;genetic_code=11;gc_cont=0.628	GENOMAD.167948.CP	1.099E-21	93	0
JAJIWC010000011.1_222 # 276934 # 277515 # 1 # ID=3_222;partial=00;start_type=TTG;rbs_motif=GGAGG;rbs_spacer=5-10bp;genetic_code=11;gc_cont=0.691	GENOMAD.177989.CP	6.157E-93	301	0
JAJIWC010000011.1_286 # 343256 # 343984 # -1 # ID=3_286;partial=00;start_type=ATG;rbs_motif=GGA/GAG/AGG;rbs_spacer=5-10bp;genetic_code=11;gc_cont=0.676	GENOMAD.147380.CP	1.409E-43	161	0
JAJIWC010000064.1_115 # 114850 # 115305 # 1 # ID=60_115;partial=00;start_type=ATG;rbs_motif=None;rbs_spacer=None;genetic_code=11;gc_cont=0.592	GENOMAD.134219.VP	1.879E-60	205	1246
JAJIWC010000064.1_147 # 151674 # 152276 # -1 # ID=60_147;partial=00;start_type=ATG;rbs_motif=GGAG/GAGG;rbs_spacer=5-10bp;genetic_code=11;gc_cont=0.725	GENOMAD.012439.CC	6.764E-43	157	0
JAJIWC010000064.1_179 # 191571 # 192005 # -1 # ID=60_179;partial=00;start_type=ATG;rbs_motif=GGA/GAG/AGG;rbs_spacer=11-12bp;genetic_code=11;gc_cont=0.701	GENOMAD.147360.CP	3.763E-66	221	0
JAJIWC010000066.1_34 # 39725 # 41452 # -1 # ID=62_34;partial=00;start_type=GTG;rbs_motif=GGAG/GAGG;rbs_spacer=5-10bp;genetic_code=11;gc_cont=0.632	GENOMAD.034940.CC	1.335E-18	93	0
JAJIWC010000070.1_22 # 27431 # 28381 # -1 # ID=67_22;partial=00;start_type=ATG;rbs_motif=None;rbs_spacer=None;genetic_code=11;gc_cont=0.690	GENOMAD.152486.CP	9.614E-85	284	0
JAJIWC010000029.1_60 # 67159 # 69048 # 1 # ID=23_60;partial=00;start_type=ATG;rbs_motif=None;rbs_spacer=None;genetic_code=11;gc_cont=0.627	GENOMAD.138195.VC	1.047E-28	126	1246
JAJIWC010000031.1_77 # 85725 # 86834 # 1 # ID=25_77;partial=00;start_type=ATG;rbs_motif=GGAG/GAGG;rbs_spacer=5-10bp;genetic_code=11;gc_cont=0.681	GENOMAD.129171.CP	7.957E-09	60	0
JAJIWC010000031.1_109 # 123291 # 124724 # 1 # ID=25_109;partial=00;start_type=GTG;rbs_motif=AGGAG;rbs_spacer=5-10bp;genetic_code=11;gc_cont=0.669	GENOMAD.091903.CP	5.692E-87	298	0
JAJIWC010000031.1_141 # 167322 # 168869 # 1 # ID=25_141;partial=00;start_type=ATG;rbs_motif=AGGA;rbs_spacer=5-10bp;genetic_code=11;gc_cont=0.689	GENOMAD.176778.PC	1.733E-114	380	0
JAJIWC010000031.1_173 # 203876 # 204259 # -1 # ID=25_173;partial=00;start_type=ATG;rbs_motif=None;rbs_spacer=None;genetic_code=11;gc_cont=0.651	GENOMAD.000805.CC	1.522E-18	83	0
JAJIWC010000060.1_77 # 100015 # 101490 # -1 # ID=56_77;partial=00;start_type=ATG;rbs_motif=GGA/GAG/AGG;rbs_spacer=5-10bp;genetic_code=11;gc_cont=0.671	GENOMAD.123417.CP	9.479E-122	400	0
JAJIWC010000061.1_81 # 87847 # 89058 # -1 # ID=57_81;partial=00;start_type=ATG;rbs_motif=GGAG/GAGG;rbs_spacer=5-10bp;genetic_code=11;gc_cont=0.659	GENOMAD.151741.CP	4.888E-05	48	0
JAJIWC010000061.1_113 # 121575 # 122570 # -1 # ID=57_113;partial=00;start_type=ATG;rbs_motif=None;rbs_spacer=None;genetic_code=11;gc_cont=0.681	GENOMAD.148271.CP	7.849E-11	66	0
JAJIWC010000062.1_5 # 4352 # 5596 # -1 # ID=58_5;partial=00;start_type=ATG;rbs_motif=None;rbs_spacer=None;genetic_code=11;gc_cont=0.567	GENOMAD.015873.CC	1.984E-27	119	0
JAJIWC010000064.1_89 # 93773 # 95287 # 1 # ID=60_89;partial=00;start_type=ATG;rbs_motif=None;rbs_spacer=None;genetic_code=11;gc_cont=0.667	GENOMAD.145507.CP	4.035E-30	129	0
JAJIWC010000091.1_52 # 59117 # 60445 # -1 # ID=90_52;partial=00;start_type=ATG;rbs_motif=None;rbs_spacer=None;genetic_code=11;gc_cont=0.658	GENOMAD.120563.CP	5.641E-09	61	0
JAJIWC010000091.1_84 # 96700 # 96969 # 1 # ID=90_84;partial=00;start_type=ATG;rbs_motif=GGA/GAG/AGG;rbs_spacer=5-10bp;genetic_code=11;gc_cont=0.567	GENOMAD.043515.PP	1.372E-34	127	0
JAJIWC010000092.1_30 # 33094 # 33579 # 1 # ID=91_30;partial=00;start_type=ATG;rbs_motif=None;rbs_spacer=None;genetic_code=11;gc_cont=0.646	GENOMAD.097044.CV	2.371E-28	113	0
JAJIWC010000008.1_7 # 7464 # 10151 # -1 # ID=93_7;partial=00;start_type=ATG;rbs_motif=GGAG/GAGG;rbs_spacer=5-10bp;genetic_code=11;gc_cont=0.653	GENOMAD.147788.CP	1.387E-123	422	0
JAJIWC010000008.1_39 # 41274 # 44183 # -1 # ID=93_39;partial=00;start_type=ATG;rbs_motif=AGxAGG/AGGxGG;rbs_spacer=3-4bp;genetic_code=11;gc_cont=0.686	GENOMAD.121418.CV	1.983E-110	385	0
JAJIWC010000010.1_65 # 91195 # 91758 # -1 # ID=2_65;partial=00;start_type=ATG;rbs_motif=AGGA;rbs_spacer=5-10bp;genetic_code=11;gc_cont=0.647	GENOMAD.148234.CP	3.600E-35	134	0
JAJIWC010000010.1_97 # 137218 # 138600 # -1 # ID=2_97;partial=00;start_type=ATG;rbs_motif=GGA/GAG/AGG;rbs_spacer=5-10bp;genetic_code=11;gc_cont=0.647	GENOMAD.153082.CP	2.968E-05	49	0
JAJIWC010000041.1_32 # 30720 # 32006 # -1 # ID=36_32;partial=00;start_type=ATG;rbs_motif=None;rbs_spacer=None;genetic_code=11;gc_cont=0.608	GENOMAD.143062.VC	4.498E-04	45	0
JAJIWC010000041.1_64 # 72190 # 73287 # -1 # ID=36_64;partial=00;start_type=ATG;rbs_motif=GGAG/GAGG;rbs_spacer=5-10bp;genetic_code=11;gc_cont=0.648	GENOMAD.154793.CP	1.377E-132	425	0
JAJIWC010000041.1_96 # 103865 # 104263 # -1 # ID=36_96;partial=00;start_type=ATG;rbs_motif=GGA/GAG/AGG;rbs_spacer=5-10bp;genetic_code=11;gc_cont=0.586	GENOMAD.000019.CC	1.493E-37	138	0
JAJIWC010000043.1_60 # 66053 # 67057 # -1 # ID=38_60;partial=00;start_type=TTG;rbs_motif=GGAGG;rbs_spacer=5-10bp;genetic_code=11;gc_cont=0.659	GENOMAD.197924.PC	2.327E-182	567	0
JAJIWC010000047.1_37 # 39087 # 39704 # -1 # ID=42_37;partial=00;start_type=GTG;rbs_motif=AGGAG;rbs_spacer=5-10bp;genetic_code=11;gc_cont=0.654	GENOMAD.205700.CP	9.458E-04	42	0
JAJIWC010000089.1_18 # 27421 # 28185 # -1 # ID=88_18;partial=00;start_type=ATG;rbs_motif=GGA/GAG/AGG;rbs_spacer=5-10bp;genetic_code=11;gc_cont=0.668	GENOMAD.118667.CP	4.940E-30	122	0
JAJIWC010000091.1_3 # 1556 # 2170 # 1 # ID=90_3;partial=00;start_type=ATG;rbs_motif=None;rbs_spacer=None;genetic_code=11;gc_cont=0.631	GENOMAD.167534.CP	2.263E-15	77	0
JAJIWC010000091.1_35 # 40840 # 42129 # -1 # ID=90_35;partial=00;start_type=GTG;rbs_motif=AGGAG;rbs_spacer=5-10bp;genetic_code=11;gc_cont=0.608	GENOMAD.123376.CP	7.419E-68	240	0
JAJIWC010000091.1_67 # 76204 # 76653 # -1 # ID=90_67;partial=00;start_type=TTG;rbs_motif=AGGAG;rbs_spacer=5-10bp;genetic_code=11;gc_cont=0.611	GENOMAD.130165.CV	2.289E-57	196	0
JAJIWC010000092.1_13 # 14992 # 16026 # 1 # ID=91_13;partial=00;start_type=ATG;rbs_motif=GGA/GAG/AGG;rbs_spacer=5-10bp;genetic_code=11;gc_cont=0.623	GENOMAD.190451.PC	2.472E-07	55	0
JAJIWC010000092.1_45 # 50166 # 51935 # 1 # ID=91_45;partial=00;start_type=ATG;rbs_motif=GGA/GAG/AGG;rbs_spacer=5-10bp;genetic_code=11;gc_cont=0.645	GENOMAD.145507.CP	9.856E-83	290	0
JAJIWC010000008.1_22 # 23696 # 24613 # -1 # ID=93_22;partial=00;start_type=ATG;rbs_motif=GGAG/GAGG;rbs_spacer=5-10bp;genetic_code=11;gc_cont=0.666	GENOMAD.129449.CP	3.680E-50	183	0
JAJIWC010000019.1_47 # 53348 # 54220 # 1 # ID=12_47;partial=00;start_type=ATG;rbs_motif=GGA/GAG/AGG;rbs_spacer=11-12bp;genetic_code=11;gc_cont=0.698	GENOMAD.162496.CP	3.288E-17	85	0
JAJIWC010000019.1_79 # 105409 # 106035 # -1 # ID=12_79;partial=00;start_type=GTG;rbs_motif=GGAG/GAGG;rbs_spacer=5-10bp;genetic_code=11;gc_cont=0.670	GENOMAD.134269.CP	1.287E-38	145	0
JAJIWC010000023.1_8 # 9340 # 11073 # 1 # ID=16_8;partial=00;start_type=ATG;rbs_motif=GGA/GAG/AGG;rbs_spacer=5-10bp;genetic_code=11;gc_cont=0.612	GENOMAD.005978.CC	1.799E-08	60	1246
JAJIWC010000033.1_37 # 54982 # 56097 # 1 # ID=27_37;partial=00;start_type=ATG;rbs_motif=GGAG/GAGG;rbs_spacer=5-10bp;genetic_code=11;gc_cont=0.619	GENOMAD.166667.PC	6.813E-13	73	0
JAJIWC010000036.1_9 # 9079 # 11967 # -1 # ID=30_9;partial=00;start_type=ATG;rbs_motif=GGA/GAG/AGG;rbs_spacer=5-10bp;genetic_code=11;gc_cont=0.672	GENOMAD.152082.CP	2.486E-64	243	0
JAJIWC010000036.1_41 # 63663 # 64409 # 1 # ID=30_41;partial=00;start_type=ATG;rbs_motif=None;rbs_spacer=None;genetic_code=11;gc_cont=0.664	GENOMAD.171493.CP	1.324E-102	332	0
JAJIWC010000036.1_73 # 107068 # 108006 # -1 # ID=30_73;partial=00;start_type=ATG;rbs_motif=GGAG/GAGG;rbs_spacer=5-10bp;genetic_code=11;gc_cont=0.683	GENOMAD.153340.CP	2.826E-10	64	0
JAJIWC010000036.1_201 # 245926 # 246603 # -1 # ID=30_201;partial=00;start_type=ATG;rbs_motif=GGA/GAG/AGG;rbs_spacer=5-10bp;genetic_code=11;gc_cont=0.678	GENOMAD.007942.CC	5.593E-57	199	0
JAJIWC010000051.1_76 # 98957 # 101731 # 1 # ID=47_76;partial=00;start_type=ATG;rbs_motif=GGAGG;rbs_spacer=5-10bp;genetic_code=11;gc_cont=0.628	GENOMAD.152082.CP	1.681E-48	192	0
JAJIWC010000056.1_25 # 28875 # 30089 # -1 # ID=52_25;partial=00;start_type=ATG;rbs_motif=AGGA;rbs_spacer=5-10bp;genetic_code=11;gc_cont=0.648	GENOMAD.116686.CP	7.897E-49	183	0
JAJIWC010000056.1_89 # 102193 # 103560 # -1 # ID=52_89;partial=00;start_type=TTG;rbs_motif=GGA/GAG/AGG;rbs_spacer=5-10bp;genetic_code=11;gc_cont=0.667	GENOMAD.169108.CP	4.407E-30	128	0
JAJIWC010000056.1_121 # 137842 # 138570 # -1 # ID=52_121;partial=00;start_type=ATG;rbs_motif=GGAG/GAGG;rbs_spacer=5-10bp;genetic_code=11;gc_cont=0.653	GENOMAD.053871.PP	1.158E-135	427	0
JAJIWC010000064.1_198 # 209787 # 210749 # 1 # ID=60_198;partial=00;start_type=GTG;rbs_motif=AGGA/GGAG/GAGG;rbs_spacer=11-12bp;genetic_code=11;gc_cont=0.650	GENOMAD.132982.CP	2.127E-14	77	0
JAJIWC010000066.1_21 # 27933 # 28661 # 1 # ID=62_21;partial=00;start_type=ATG;rbs_motif=None;rbs_spacer=None;genetic_code=11;gc_cont=0.658	GENOMAD.205743.CP	3.250E-04	44	0
JAJIWC010000005.1_4 # 1711 # 2280 # -1 # ID=64_4;partial=00;start_type=ATG;rbs_motif=GGA/GAG/AGG;rbs_spacer=5-10bp;genetic_code=11;gc_cont=0.702	GENOMAD.181907.CP	8.381E-07	51	0
JAJIWC010000070.1_105 # 123594 # 123974 # 1 # ID=67_105;partial=00;start_type=ATG;rbs_motif=None;rbs_spacer=None;genetic_code=11;gc_cont=0.698	GENOMAD.000168.CC	7.934E-17	78	0
JAJIWC010000071.1_5 # 4448 # 5986 # -1 # ID=68_5;partial=00;start_type=ATG;rbs_motif=AGGAG;rbs_spacer=5-10bp;genetic_code=11;gc_cont=0.652	GENOMAD.208994.VP	2.183E-61	224	1246
JAJIWC010000077.1_12 # 9075 # 9395 # 1 # ID=74_12;partial=00;start_type=ATG;rbs_motif=None;rbs_spacer=None;genetic_code=11;gc_cont=0.607	GENOMAD.110127.CP	9.165E-39	140	0
JAJIWC010000077.1_44 # 45980 # 47128 # -1 # ID=74_44;partial=00;start_type=ATG;rbs_motif=GGA/GAG/AGG;rbs_spacer=5-10bp;genetic_code=11;gc_cont=0.655	GENOMAD.126770.CP	4.194E-09	61	0
JAJIWC010000011.1_25 # 30724 # 31014 # 1 # ID=3_25;partial=00;start_type=ATG;rbs_motif=None;rbs_spacer=None;genetic_code=11;gc_cont=0.694	GENOMAD.016077.CC	4.399E-26	103	0
JAJIWC010000011.1_57 # 71500 # 71640 # -1 # ID=3_57;partial=00;start_type=ATG;rbs_motif=GGAG/GAGG;rbs_spacer=5-10bp;genetic_code=11;gc_cont=0.660	GENOMAD.096109.CV	6.396E-15	68	0
JAJIWC010000011.1_153 # 186460 # 187227 # -1 # ID=3_153;partial=00;start_type=ATG;rbs_motif=None;rbs_spacer=None;genetic_code=11;gc_cont=0.578	GENOMAD.214138.CP	7.276E-14	74	0
JAJIWC010000011.1_185 # 226586 # 226906 # 1 # ID=3_185;partial=00;start_type=ATG;rbs_motif=GGAGG;rbs_spacer=5-10bp;genetic_code=11;gc_cont=0.620	GENOMAD.003164.PP	1.128E-04	42	0
JAJIWC010000011.1_249 # 306173 # 306952 # -1 # ID=3_249;partial=00;start_type=ATG;rbs_motif=None;rbs_spacer=None;genetic_code=11;gc_cont=0.700	GENOMAD.120512.CP	6.874E-98	319	0
JAJIWC010000011.1_281 # 337056 # 338072 # 1 # ID=3_281;partial=00;start_type=ATG;rbs_motif=GGAG/GAGG;rbs_spacer=5-10bp;genetic_code=11;gc_cont=0.677	GENOMAD.141113.CP	3.774E-19	92	0
JAJIWC010000011.1_313 # 376115 # 377209 # 1 # ID=3_313;partial=00;start_type=ATG;rbs_motif=GGAG/GAGG;rbs_spacer=5-10bp;genetic_code=11;gc_cont=0.647	GENOMAD.133423.CP	5.904E-47	176	0
JAJIWC010000051.1_68 # 86472 # 86669 # -1 # ID=47_68;partial=00;start_type=ATG;rbs_motif=AGGA;rbs_spacer=5-10bp;genetic_code=11;gc_cont=0.606	GENOMAD.099705.CV	6.830E-09	52	0
JAJIWC010000051.1_100 # 128425 # 131649 # -1 # ID=47_100;partial=00;start_type=ATG;rbs_motif=GGAG/GAGG;rbs_spacer=5-10bp;genetic_code=11;gc_cont=0.573	GENOMAD.127260.CP	1.807E-14	81	0
JAJIWC010000056.1_17 # 18490 # 19893 # -1 # ID=52_17;partial=00;start_type=ATG;rbs_motif=None;rbs_spacer=None;genetic_code=11;gc_cont=0.667	GENOMAD.153372.CP	3.834E-100	336	0
JAJIWC010000056.1_81 # 93284 # 93790 # 1 # ID=52_81;partial=00;start_type=ATG;rbs_motif=None;rbs_spacer=None;genetic_code=11;gc_cont=0.694	GENOMAD.132266.CP	1.176E-05	47	0
JAJIWC010000007.1_135 # 165822 # 166016 # -1 # ID=86_135;partial=00;start_type=ATG;rbs_motif=GGAG/GAGG;rbs_spacer=5-10bp;genetic_code=11;gc_cont=0.646	GENOMAD.118796.CP	8.408E-28	106	0
JAJIWC010000089.1_14 # 22224 # 24218 # 1 # ID=88_14;partial=00;start_type=GTG;rbs_motif=GGA/GAG/AGG;rbs_spacer=5-10bp;genetic_code=11;gc_cont=0.662	GENOMAD.145352.CP	6.149E-91	317	0
JAJIWC010000089.1_46 # 59414 # 61930 # -1 # ID=88_46;partial=00;start_type=ATG;rbs_motif=GGAG/GAGG;rbs_spacer=5-10bp;genetic_code=11;gc_cont=0.579	GENOMAD.130456.CP	1.349E-04	48	0
JAJIWC010000091.1_31 # 35154 # 35936 # -1 # ID=90_31;partial=00;start_type=ATG;rbs_motif=AGGAG;rbs_spacer=5-10bp;genetic_code=11;gc_cont=0.641	GENOMAD.000823.CC	3.859E-49	178	0
JAJIWC010000091.1_63 # 67710 # 70892 # -1 # ID=90_63;partial=00;start_type=ATG;rbs_motif=GGAG/GAGG;rbs_spacer=5-10bp;genetic_code=11;gc_cont=0.631	GENOMAD.125907.CP	1.410E-208	679	0
JAJIWC010000027.1_16 # 23358 # 24104 # -1 # ID=20_16;partial=00;start_type=ATG;rbs_motif=None;rbs_spacer=None;genetic_code=11;gc_cont=0.632	GENOMAD.112742.CP	1.229E-22	100	0
JAJIWC010000029.1_66 # 75339 # 76007 # 1 # ID=23_66;partial=00;start_type=ATG;rbs_motif=GGAG/GAGG;rbs_spacer=5-10bp;genetic_code=11;gc_cont=0.653	GENOMAD.161213.CP	1.568E-17	84	0
JAJIWC010000029.1_98 # 104914 # 106902 # 1 # ID=23_98;partial=00;start_type=ATG;rbs_motif=None;rbs_spacer=None;genetic_code=11;gc_cont=0.661	GENOMAD.137760.CP	1.426E-62	232	0
JAJIWC010000041.1_107 # 108324 # 109151 # -1 # ID=36_107;partial=00;start_type=ATG;rbs_motif=GGAG/GAGG;rbs_spacer=5-10bp;genetic_code=11;gc_cont=0.644	GENOMAD.058738.CV	1.958E-65	226	0
JAJIWC010000043.1_39 # 43152 # 43571 # 1 # ID=38_39;partial=00;start_type=ATG;rbs_motif=GGA/GAG/AGG;rbs_spacer=5-10bp;genetic_code=11;gc_cont=0.626	GENOMAD.160272.CP	4.747E-53	183	0
JAJIWC010000043.1_71 # 75740 # 76570 # 1 # ID=38_71;partial=00;start_type=ATG;rbs_motif=GGxGG;rbs_spacer=5-10bp;genetic_code=11;gc_cont=0.615	GENOMAD.171038.PC	1.095E-14	77	0
JAJIWC010000004.1_14 # 17086 # 20187 # -1 # ID=44_14;partial=00;start_type=ATG;rbs_motif=GGA/GAG/AGG;rbs_spacer=5-10bp;genetic_code=11;gc_cont=0.651	GENOMAD.154316.CP	1.083E-249	798	0
JAJIWC010000089.1_64 # 82122 # 82505 # 1 # ID=88_64;partial=00;start_type=ATG;rbs_motif=None;rbs_spacer=None;genetic_code=11;gc_cont=0.672	GENOMAD.195120.CP	1.222E-53	184	0
JAJIWC010000089.1_96 # 119673 # 120143 # -1 # ID=88_96;partial=00;start_type=ATG;rbs_motif=GGA/GAG/AGG;rbs_spacer=5-10bp;genetic_code=11;gc_cont=0.622	GENOMAD.089560.CV	2.408E-43	156	0
JAJIWC010000091.1_49 # 56562 # 56909 # 1 # ID=90_49;partial=00;start_type=ATG;rbs_motif=GGAG/GAGG;rbs_spacer=5-10bp;genetic_code=11;gc_cont=0.678	GENOMAD.013799.CC	3.799E-52	179	0
JAJIWC010000091.1_81 # 92429 # 93796 # -1 # ID=90_81;partial=00;start_type=ATG;rbs_motif=None;rbs_spacer=None;genetic_code=11;gc_cont=0.668	GENOMAD.089563.CP	6.496E-47	179	0
JAJIWC010000008.1_4 # 2711 # 3409 # 1 # ID=93_4;partial=00;start_type=ATG;rbs_motif=GGA/GAG/AGG;rbs_spacer=5-10bp;genetic_code=11;gc_cont=0.617	GENOMAD.158969.CP	1.874E-08	57	0
JAJIWC010000029.1_84 # 93933 # 95186 # -1 # ID=23_84;partial=00;start_type=ATG;rbs_motif=None;rbs_spacer=None;genetic_code=11;gc_cont=0.637	GENOMAD.197607.PC	1.273E-41	162	0
JAJIWC010000031.1_5 # 5871 # 6149 # 1 # ID=25_5;partial=00;start_type=ATG;rbs_motif=None;rbs_spacer=None;genetic_code=11;gc_cont=0.616	GENOMAD.010644.CC	2.020E-24	98	0
JAJIWC010000031.1_37 # 44471 # 44935 # 1 # ID=25_37;partial=00;start_type=ATG;rbs_motif=GGAG/GAGG;rbs_spacer=5-10bp;genetic_code=11;gc_cont=0.630	GENOMAD.168639.CP	8.823E-04	41	0
JAJIWC010000031.1_69 # 78848 # 79678 # 1 # ID=25_69;partial=00;start_type=ATG;rbs_motif=AGGA;rbs_spacer=5-10bp;genetic_code=11;gc_cont=0.617	GENOMAD.151688.CP	1.151E-05	49	0
JAJIWC010000051.1_87 # 112450 # 113466 # -1 # ID=47_87;partial=00;start_type=ATG;rbs_motif=GGA/GAG/AGG;rbs_spacer=5-10bp;genetic_code=11;gc_cont=0.534	GENOMAD.100222.PC	1.423E-90	302	0
JAJIWC010000051.1_119 # 151812 # 153971 # -1 # ID=47_119;partial=00;start_type=ATG;rbs_motif=GGA/GAG/AGG;rbs_spacer=11-12bp;genetic_code=11;gc_cont=0.596	GENOMAD.120746.CP	1.950E-51	199	0
JAJIWC010000056.1_68 # 81360 # 82610 # -1 # ID=52_68;partial=00;start_type=ATG;rbs_motif=GGA/GAG/AGG;rbs_spacer=5-10bp;genetic_code=11;gc_cont=0.630	GENOMAD.177447.CP	1.760E-07	56	1246
JAJIWC010000056.1_132 # 150513 # 151169 # -1 # ID=52_132;partial=00;start_type=ATG;rbs_motif=GGA/GAG/AGG;rbs_spacer=5-10bp;genetic_code=11;gc_cont=0.656	GENOMAD.153317.CP	4.992E-55	193	0
JAJIWC010000007.1_66 # 71735 # 73054 # -1 # ID=86_66;partial=00;start_type=ATG;rbs_motif=GGAG/GAGG;rbs_spacer=5-10bp;genetic_code=11;gc_cont=0.668	GENOMAD.158964.CP	1.719E-118	388	0
JAJIWC010000089.1_105 # 128031 # 128795 # -1 # ID=88_105;partial=00;start_type=ATG;rbs_motif=GGAG/GAGG;rbs_spacer=5-10bp;genetic_code=11;gc_cont=0.678	GENOMAD.038780.CC	6.630E-23	101	0
JAJIWC010000091.1_26 # 29553 # 30482 # -1 # ID=90_26;partial=00;start_type=ATG;rbs_motif=None;rbs_spacer=None;genetic_code=11;gc_cont=0.698	GENOMAD.123116.CP	1.935E-07	55	0
JAJIWC010000014.1_6 # 13182 # 13589 # -1 # ID=6_6;partial=00;start_type=ATG;rbs_motif=GGA/GAG/AGG;rbs_spacer=11-12bp;genetic_code=11;gc_cont=0.667	GENOMAD.080041.CP	8.571E-20	87	0
JAJIWC010000019.1_38 # 42812 # 43129 # -1 # ID=12_38;partial=00;start_type=ATG;rbs_motif=AGGAG;rbs_spacer=5-10bp;genetic_code=11;gc_cont=0.591	GENOMAD.181410.CP	8.303E-16	74	0
JAJIWC010000019.1_70 # 87893 # 90133 # -1 # ID=12_70;partial=00;start_type=ATG;rbs_motif=GGA/GAG/AGG;rbs_spacer=5-10bp;genetic_code=11;gc_cont=0.654	GENOMAD.092979.CV	2.231E-75	273	1246
JAJIWC010000024.1_3 # 943 # 2592 # 1 # ID=17_3;partial=00;start_type=ATG;rbs_motif=AGGAG;rbs_spacer=5-10bp;genetic_code=11;gc_cont=0.653	GENOMAD.108501.PC	2.418E-10	66	0
JAJIWC010000026.1_3 # 2367 # 2861 # 1 # ID=19_3;partial=00;start_type=GTG;rbs_motif=None;rbs_spacer=None;genetic_code=11;gc_cont=0.669	GENOMAD.032274.CC	2.822E-87	283	0
JAJIWC010000041.1_70 # 78033 # 78668 # 1 # ID=36_70;partial=00;start_type=ATG;rbs_motif=GGAG/GAGG;rbs_spacer=5-10bp;genetic_code=11;gc_cont=0.648	GENOMAD.147577.CP	2.471E-05	47	0
JAJIWC010000041.1_102 # 106344 # 106529 # -1 # ID=36_102;partial=00;start_type=ATG;rbs_motif=GGA/GAG/AGG;rbs_spacer=5-10bp;genetic_code=11;gc_cont=0.602	GENOMAD.000093.CC	1.118E-09	54	0
JAJIWC010000043.1_34 # 37513 # 38223 # -1 # ID=38_34;partial=00;start_type=ATG;rbs_motif=None;rbs_spacer=None;genetic_code=11;gc_cont=0.589	GENOMAD.178382.CP	4.766E-34	133	0
JAJIWC010000043.1_66 # 71839 # 72600 # 1 # ID=38_66;partial=00;start_type=ATG;rbs_motif=None;rbs_spacer=None;genetic_code=11;gc_cont=0.635	GENOMAD.167309.PC	7.915E-35	136	0
JAJIWC010000004.1_41 # 67360 # 67743 # 1 # ID=44_41;partial=00;start_type=ATG;rbs_motif=GGAG/GAGG;rbs_spacer=5-10bp;genetic_code=11;gc_cont=0.633	GENOMAD.214702.CP	1.527E-67	224	0
JAJIWC010000004.1_73 # 108842 # 110701 # -1 # ID=44_73;partial=00;start_type=ATG;rbs_motif=GGAGG;rbs_spacer=5-10bp;genetic_code=11;gc_cont=0.659	GENOMAD.123924.CP	5.760E-61	226	1246
JAJIWC010000029.1_43 # 53710 # 54342 # -1 # ID=23_43;partial=00;start_type=ATG;rbs_motif=GGA/GAG/AGG;rbs_spacer=11-12bp;genetic_code=11;gc_cont=0.638	GENOMAD.129277.CV	1.899E-34	133	16546
JAJIWC010000031.1_28 # 30410 # 30829 # 1 # ID=25_28;partial=00;start_type=ATG;rbs_motif=None;rbs_spacer=None;genetic_code=11;gc_cont=0.638	GENOMAD.145656.CP	1.592E-56	193	0
JAJIWC010000031.1_60 # 69556 # 70179 # 1 # ID=25_60;partial=00;start_type=ATG;rbs_motif=None;rbs_spacer=None;genetic_code=11;gc_cont=0.651	GENOMAD.090247.CV	3.168E-55	193	1246
JAJIWC010000031.1_92 # 104995 # 106392 # -1 # ID=25_92;partial=00;start_type=ATG;rbs_motif=AGGA;rbs_spacer=5-10bp;genetic_code=11;gc_cont=0.689	GENOMAD.127021.CP	1.054E-07	57	0
JAJIWC010000031.1_156 # 187803 # 188849 # -1 # ID=25_156;partial=00;start_type=ATG;rbs_motif=GGAG/GAGG;rbs_spacer=5-10bp;genetic_code=11;gc_cont=0.643	GENOMAD.194675.PC	4.060E-71	246	0
JAJIWC010000031.1_188 # 219500 # 219859 # 1 # ID=25_188;partial=00;start_type=ATG;rbs_motif=AGGAG;rbs_spacer=5-10bp;genetic_code=11;gc_cont=0.600	GENOMAD.195792.PC	2.821E-65	217	0
JAJIWC010000051.1_110 # 139158 # 141272 # -1 # ID=47_110;partial=00;start_type=GTG;rbs_motif=GGA/GAG/AGG;rbs_spacer=5-10bp;genetic_code=11;gc_cont=0.630	GENOMAD.056657.CV	1.227E-206	657	1246
JAJIWC010000051.1_142 # 175689 # 176495 # -1 # ID=47_142;partial=00;start_type=ATG;rbs_motif=GGA/GAG/AGG;rbs_spacer=5-10bp;genetic_code=11;gc_cont=0.699	GENOMAD.116415.CP	4.630E-39	149	0
JAJIWC010000055.1_13 # 11419 # 13371 # -1 # ID=51_13;partial=00;start_type=ATG;rbs_motif=None;rbs_spacer=None;genetic_code=11;gc_cont=0.677	GENOMAD.133722.CP	7.245E-42	168	0
JAJIWC010000056.1_27 # 33141 # 34070 # -1 # ID=52_27;partial=00;start_type=ATG;rbs_motif=None;rbs_spacer=None;genetic_code=11;gc_cont=0.719	GENOMAD.007571.CC	2.057E-16	83	0
JAJIWC010000056.1_59 # 70377 # 73412 # 1 # ID=52_59;partial=00;start_type=ATG;rbs_motif=None;rbs_spacer=None;genetic_code=11;gc_cont=0.667	GENOMAD.140631.CP	1.691E-04	48	0
JAJIWC010000056.1_91 # 105037 # 107166 # -1 # ID=52_91;partial=00;start_type=ATG;rbs_motif=None;rbs_spacer=None;genetic_code=11;gc_cont=0.697	GENOMAD.151639.CP	1.367E-186	599	0
JAJIWC010000056.1_123 # 140523 # 141380 # -1 # ID=52_123;partial=00;start_type=ATG;rbs_motif=GGAG/GAGG;rbs_spacer=5-10bp;genetic_code=11;gc_cont=0.672	GENOMAD.159525.PC	2.312E-96	316	0
JAJIWC010000058.1_10 # 6027 # 6428 # -1 # ID=54_10;partial=00;start_type=ATG;rbs_motif=GGA/GAG/AGG;rbs_spacer=5-10bp;genetic_code=11;gc_cont=0.619	GENOMAD.172079.PC	2.501E-04	42	0
JAJIWC010000060.1_28 # 38274 # 39176 # 1 # ID=56_28;partial=00;start_type=ATG;rbs_motif=GGA/GAG/AGG;rbs_spacer=5-10bp;genetic_code=11;gc_cont=0.663	GENOMAD.170952.PC	3.491E-70	241	0
JAJIWC010000056.1_61 # 74544 # 74951 # -1 # ID=52_61;partial=00;start_type=ATG;rbs_motif=AGGAG;rbs_spacer=5-10bp;genetic_code=11;gc_cont=0.650	GENOMAD.225035.PV	5.515E-16	76	1246
JAJIWC010000064.1_202 # 215722 # 216618 # -1 # ID=60_202;partial=00;start_type=ATG;rbs_motif=GGAG/GAGG;rbs_spacer=5-10bp;genetic_code=11;gc_cont=0.637	GENOMAD.105978.CP	4.096E-25	109	0
JAJIWC010000005.1_8 # 5515 # 5709 # -1 # ID=64_8;partial=00;start_type=ATG;rbs_motif=GGA/GAG/AGG;rbs_spacer=5-10bp;genetic_code=11;gc_cont=0.590	GENOMAD.221225.PV	2.027E-19	82	0
JAJIWC010000070.1_13 # 13822 # 14949 # -1 # ID=67_13;partial=00;start_type=ATG;rbs_motif=None;rbs_spacer=None;genetic_code=11;gc_cont=0.668	GENOMAD.125879.CP	6.841E-20	95	0
JAJIWC010000070.1_109 # 126470 # 127969 # 1 # ID=67_109;partial=00;start_type=ATG;rbs_motif=GGAG/GAGG;rbs_spacer=5-10bp;genetic_code=11;gc_cont=0.655	GENOMAD.030551.CC	1.373E-04	47	0
JAJIWC010000070.1_141 # 171989 # 172174 # -1 # ID=67_141;partial=00;start_type=ATG;rbs_motif=GGAG/GAGG;rbs_spacer=5-10bp;genetic_code=11;gc_cont=0.608	GENOMAD.015026.CC	2.498E-23	93	0
JAJIWC010000071.1_9 # 9857 # 10612 # -1 # ID=68_9;partial=00;start_type=ATG;rbs_motif=GGA/GAG/AGG;rbs_spacer=3-4bp;genetic_code=11;gc_cont=0.618	GENOMAD.171663.PC	1.409E-94	309	0
JAJIWC010000036.1_141 # 181061 # 181603 # -1 # ID=30_141;partial=00;start_type=ATG;rbs_motif=GGAG/GAGG;rbs_spacer=5-10bp;genetic_code=11;gc_cont=0.659	GENOMAD.151626.CP	9.142E-57	196	0
JAJIWC010000038.1_4 # 2383 # 2853 # -1 # ID=32_4;partial=00;start_type=ATG;rbs_motif=GGA/GAG/AGG;rbs_spacer=5-10bp;genetic_code=11;gc_cont=0.637	GENOMAD.022016.CC	1.501E-48	171	0
JAJIWC010000038.1_36 # 32082 # 32723 # -1 # ID=32_36;partial=00;start_type=ATG;rbs_motif=None;rbs_spacer=None;genetic_code=11;gc_cont=0.676	GENOMAD.205988.VC	5.694E-06	49	0
JAJIWC010000038.1_68 # 66256 # 67506 # 1 # ID=32_68;partial=00;start_type=GTG;rbs_motif=GGA/GAG/AGG;rbs_spacer=11-12bp;genetic_code=11;gc_cont=0.652	GENOMAD.002083.CC	6.224E-89	301	0
JAJIWC010000003.1_29 # 39601 # 40692 # -1 # ID=33_29;partial=00;start_type=ATG;rbs_motif=None;rbs_spacer=None;genetic_code=11;gc_cont=0.677	GENOMAD.125774.CP	2.735E-46	174	0
JAJIWC010000039.1_19 # 25255 # 25908 # -1 # ID=34_19;partial=00;start_type=ATG;rbs_motif=None;rbs_spacer=None;genetic_code=11;gc_cont=0.674	GENOMAD.192401.PC	2.534E-21	95	0
JAJIWC010000064.1_7 # 6229 # 6690 # 1 # ID=60_7;partial=00;start_type=ATG;rbs_motif=None;rbs_spacer=None;genetic_code=11;gc_cont=0.673	GENOMAD.091290.PP	7.334E-80	261	0
JAJIWC010000064.1_39 # 38502 # 39746 # -1 # ID=60_39;partial=00;start_type=GTG;rbs_motif=None;rbs_spacer=None;genetic_code=11;gc_cont=0.634	GENOMAD.154219.PC	3.601E-126	409	0
JAJIWC010000064.1_71 # 74087 # 75280 # 1 # ID=60_71;partial=00;start_type=TTG;rbs_motif=AGGAG;rbs_spacer=5-10bp;genetic_code=11;gc_cont=0.629	GENOMAD.067680.VV	1.378E-16	85	1246
JAJIWC010000064.1_135 # 137434 # 137907 # 1 # ID=60_135;partial=00;start_type=ATG;rbs_motif=GGA/GAG/AGG;rbs_spacer=5-10bp;genetic_code=11;gc_cont=0.597	GENOMAD.003255.CC	8.340E-30	117	0
JAJIWC010000064.1_199 # 210831 # 212579 # 1 # ID=60_199;partial=00;start_type=ATG;rbs_motif=GGA/GAG/AGG;rbs_spacer=11-12bp;genetic_code=11;gc_cont=0.653	GENOMAD.129043.CV	9.666E-17	87	0
JAJIWC010000065.1_18 # 15598 # 16173 # 1 # ID=61_18;partial=00;start_type=ATG;rbs_motif=None;rbs_spacer=None;genetic_code=11;gc_cont=0.602	GENOMAD.162302.CP	3.986E-06	49	0
JAJIWC010000036.1_115 # 155196 # 156275 # 1 # ID=30_115;partial=00;start_type=ATG;rbs_motif=None;rbs_spacer=None;genetic_code=11;gc_cont=0.708	GENOMAD.104118.CP	7.476E-09	60	0
JAJIWC010000036.1_147 # 186422 # 187528 # -1 # ID=30_147;partial=00;start_type=ATG;rbs_motif=GGA/GAG/AGG;rbs_spacer=5-10bp;genetic_code=11;gc_cont=0.645	GENOMAD.118355.CP	1.109E-52	193	0
JAJIWC010000036.1_179 # 219398 # 220009 # 1 # ID=30_179;partial=00;start_type=ATG;rbs_motif=GGA/GAG/AGG;rbs_spacer=5-10bp;genetic_code=11;gc_cont=0.621	GENOMAD.215702.CP	1.557E-22	98	0
JAJIWC010000043.1_21 # 24149 # 25225 # -1 # ID=38_21;partial=00;start_type=ATG;rbs_motif=AGGAG;rbs_spacer=5-10bp;genetic_code=11;gc_cont=0.649	GENOMAD.178979.PC	5.781E-59	211	0
JAJIWC010000043.1_53 # 62257 # 62691 # -1 # ID=38_53;partial=00;start_type=ATG;rbs_motif=None;rbs_spacer=None;genetic_code=11;gc_cont=0.584	GENOMAD.088856.PP	2.263E-63	213	0
JAJIWC010000004.1_28 # 39497 # 40258 # 1 # ID=44_28;partial=00;start_type=ATG;rbs_motif=GGA/GAG/AGG;rbs_spacer=5-10bp;genetic_code=11;gc_cont=0.655	GENOMAD.210497.CP	2.964E-23	102	0
JAJIWC010000004.1_60 # 93891 # 94805 # -1 # ID=44_60;partial=00;start_type=ATG;rbs_motif=GGA/GAG/AGG;rbs_spacer=5-10bp;genetic_code=11;gc_cont=0.679	GENOMAD.147170.CP	7.925E-07	53	0
JAJIWC010000004.1_92 # 128117 # 129703 # -1 # ID=44_92;partial=00;start_type=ATG;rbs_motif=GGA/GAG/AGG;rbs_spacer=5-10bp;genetic_code=11;gc_cont=0.650	GENOMAD.154807.CP	1.400E-100	340	0
JAJIWC010000049.1_3 # 2631 # 3923 # -1 # ID=45_3;partial=00;start_type=ATG;rbs_motif=GGA/GAG/AGG;rbs_spacer=5-10bp;genetic_code=11;gc_cont=0.532	GENOMAD.190917.PC	2.671E-05	49	0
JAJIWC010000050.1_25 # 19668 # 20057 # -1 # ID=46_25;partial=00;start_type=ATG;rbs_motif=AGGA/GGAG/GAGG;rbs_spacer=11-12bp;genetic_code=11;gc_cont=0.610	GENOMAD.053871.PP	4.924E-04	41	0
JAJIWC010000041.1_100 # 105680 # 106048 # -1 # ID=36_100;partial=00;start_type=ATG;rbs_motif=GGAG/GAGG;rbs_spacer=5-10bp;genetic_code=11;gc_cont=0.604	GENOMAD.000007.CC	9.663E-54	184	0
JAJIWC010000043.1_32 # 35131 # 35991 # 1 # ID=38_32;partial=00;start_type=ATG;rbs_motif=None;rbs_spacer=None;genetic_code=11;gc_cont=0.646	GENOMAD.082010.CP	4.012E-38	147	0
JAJIWC010000043.1_64 # 70956 # 71411 # 1 # ID=38_64;partial=00;start_type=GTG;rbs_motif=GGAG/GAGG;rbs_spacer=5-10bp;genetic_code=11;gc_cont=0.634	GENOMAD.216464.PC	4.912E-50	175	0
JAJIWC010000047.1_9 # 6208 # 6414 # 1 # ID=42_9;partial=00;start_type=GTG;rbs_motif=None;rbs_spacer=None;genetic_code=11;gc_cont=0.628	GENOMAD.198115.VC	1.294E-04	40	0
JAJIWC010000047.1_41 # 42213 # 42527 # -1 # ID=42_41;partial=00;start_type=ATG;rbs_motif=AGGAG;rbs_spacer=5-10bp;genetic_code=11;gc_cont=0.619	GENOMAD.182365.PC	2.341E-04	41	0
JAJIWC010000066.1_7 # 9563 # 11782 # -1 # ID=62_7;partial=00;start_type=ATG;rbs_motif=GGA/GAG/AGG;rbs_spacer=5-10bp;genetic_code=11;gc_cont=0.666	GENOMAD.223208.PC	2.394E-22	106	0
JAJIWC010000067.1_3 # 1931 # 2419 # -1 # ID=63_3;partial=00;start_type=ATG;rbs_motif=GGAG/GAGG;rbs_spacer=5-10bp;genetic_code=11;gc_cont=0.652	GENOMAD.117180.CP	1.566E-24	102	0
JAJIWC010000074.1_6 # 5927 # 7306 # -1 # ID=71_6;partial=00;start_type=ATG;rbs_motif=GGA/GAG/AGG;rbs_spacer=5-10bp;genetic_code=11;gc_cont=0.677	GENOMAD.211408.CP	4.988E-04	45	0
JAJIWC010000075.1_20 # 25150 # 26376 # -1 # ID=72_20;partial=00;start_type=ATG;rbs_motif=None;rbs_spacer=None;genetic_code=11;gc_cont=0.674	GENOMAD.145551.CP	2.774E-22	103	0
JAJIWC010000007.1_24 # 19310 # 20056 # 1 # ID=86_24;partial=00;start_type=GTG;rbs_motif=GGAG/GAGG;rbs_spacer=5-10bp;genetic_code=11;gc_cont=0.685	GENOMAD.140610.CP	2.856E-36	140	0
JAJIWC010000007.1_56 # 61023 # 62981 # -1 # ID=86_56;partial=00;start_type=ATG;rbs_motif=GGAG/GAGG;rbs_spacer=5-10bp;genetic_code=11;gc_cont=0.631	GENOMAD.129013.CP	1.978E-04	47	0
JAJIWC010000089.1_63 # 81628 # 82110 # 1 # ID=88_63;partial=00;start_type=ATG;rbs_motif=None;rbs_spacer=None;genetic_code=11;gc_cont=0.660	GENOMAD.138407.CP	8.152E-74	244	0
JAJIWC010000089.1_95 # 119142 # 119669 # -1 # ID=88_95;partial=00;start_type=ATG;rbs_motif=GGAG/GAGG;rbs_spacer=5-10bp;genetic_code=11;gc_cont=0.678	GENOMAD.066577.CV	1.691E-81	267	0
JAJIWC010000091.1_16 # 12828 # 14810 # 1 # ID=90_16;partial=00;start_type=GTG;rbs_motif=None;rbs_spacer=None;genetic_code=11;gc_cont=0.628	GENOMAD.152082.CP	2.881E-13	76	0
JAJIWC010000077.1_145 # 159550 # 163944 # -1 # ID=74_145;partial=00;start_type=ATG;rbs_motif=None;rbs_spacer=None;genetic_code=11;gc_cont=0.682	GENOMAD.132239.CP	1.230E-100	364	0
JAJIWC010000078.1_7 # 6455 # 7960 # -1 # ID=76_7;partial=00;start_type=ATG;rbs_motif=GGA/GAG/AGG;rbs_spacer=5-10bp;genetic_code=11;gc_cont=0.625	GENOMAD.160889.PC	1.580E-40	161	0
JAJIWC010000078.1_135 # 168822 # 169160 # 1 # ID=76_135;partial=00;start_type=ATG;rbs_motif=AGGA;rbs_spacer=5-10bp;genetic_code=11;gc_cont=0.661	GENOMAD.168664.PC	1.068E-07	51	0
JAJIWC010000082.1_4 # 2513 # 2728 # 1 # ID=80_4;partial=00;start_type=ATG;rbs_motif=GGAGG;rbs_spacer=5-10bp;genetic_code=11;gc_cont=0.611	GENOMAD.096365.VV	3.199E-18	79	2773
JAJIWC010000083.1_14 # 17305 # 19365 # 1 # ID=81_14;partial=00;start_type=ATG;rbs_motif=None;rbs_spacer=None;genetic_code=11;gc_cont=0.684	GENOMAD.108664.CP	1.153E-08	61	1246
JAJIWC010000029.1_54 # 61566 # 61931 # -1 # ID=23_54;partial=00;start_type=GTG;rbs_motif=None;rbs_spacer=None;genetic_code=11;gc_cont=0.653	GENOMAD.000998.CC	3.679E-31	119	0
JAJIWC010000031.1_7 # 6851 # 7864 # 1 # ID=25_7;partial=00;start_type=ATG;rbs_motif=None;rbs_spacer=None;genetic_code=11;gc_cont=0.661	GENOMAD.121663.CP	3.416E-56	202	0
JAJIWC010000031.1_39 # 45441 # 45821 # 1 # ID=25_39;partial=00;start_type=ATG;rbs_motif=None;rbs_spacer=None;genetic_code=11;gc_cont=0.667	GENOMAD.176788.CP	1.466E-09	57	0
JAJIWC010000031.1_103 # 114691 # 116559 # 1 # ID=25_103;partial=00;start_type=ATG;rbs_motif=GGAGG;rbs_spacer=5-10bp;genetic_code=11;gc_cont=0.661	GENOMAD.108664.CP	8.222E-08	58	1246
JAJIWC010000031.1_135 # 156198 # 158912 # 1 # ID=25_135;partial=00;start_type=ATG;rbs_motif=None;rbs_spacer=None;genetic_code=11;gc_cont=0.677	GENOMAD.136483.CP	9.920E-69	256	0
JAJIWC010000051.1_25 # 40958 # 41203 # -1 # ID=47_25;partial=00;start_type=ATG;rbs_motif=AGGAG;rbs_spacer=5-10bp;genetic_code=11;gc_cont=0.699	GENOMAD.160289.CP	3.711E-21	88	0
JAJIWC010000051.1_57 # 73680 # 74768 # -1 # ID=47_57;partial=00;start_type=ATG;rbs_motif=GGA/GAG/AGG;rbs_spacer=11-12bp;genetic_code=11;gc_cont=0.635	GENOMAD.215903.VC	3.454E-04	45	0
JAJIWC010000051.1_121 # 154281 # 154940 # -1 # ID=47_121;partial=00;start_type=ATG;rbs_motif=GGAG/GAGG;rbs_spacer=5-10bp;genetic_code=11;gc_cont=0.620	GENOMAD.111859.CP	3.327E-15	77	0
JAJIWC010000056.1_6 # 6375 # 6671 # 1 # ID=52_6;partial=00;start_type=ATG;rbs_motif=GGA/GAG/AGG;rbs_spacer=11-12bp;genetic_code=11;gc_cont=0.680	GENOMAD.179363.CV	5.738E-09	54	0
JAJIWC010000070.1_86 # 101331 # 102749 # -1 # ID=67_86;partial=00;start_type=ATG;rbs_motif=AGGA;rbs_spacer=5-10bp;genetic_code=11;gc_cont=0.667	GENOMAD.213001.PC	1.309E-213	665	0
JAJIWC010000070.1_118 # 139979 # 140239 # -1 # ID=67_118;partial=00;start_type=ATG;rbs_motif=None;rbs_spacer=None;genetic_code=11;gc_cont=0.621	GENOMAD.111764.CV	1.255E-11	61	0
JAJIWC010000074.1_1 # 1 # 1140 # -1 # ID=71_1;partial=10;start_type=ATG;rbs_motif=None;rbs_spacer=None;genetic_code=11;gc_cont=0.668	GENOMAD.077211.CP	1.736E-08	59	1246
JAJIWC010000075.1_15 # 16478 # 19090 # 1 # ID=72_15;partial=00;start_type=TTG;rbs_motif=GGAG/GAGG;rbs_spacer=5-10bp;genetic_code=11;gc_cont=0.661	GENOMAD.211807.CP	2.612E-28	126	0
JAJIWC010000076.1_45 # 51049 # 52032 # 1 # ID=73_45;partial=00;start_type=ATG;rbs_motif=GGA/GAG/AGG;rbs_spacer=11-12bp;genetic_code=11;gc_cont=0.595	GENOMAD.181514.PC	1.065E-187	582	0
JAJIWC010000077.1_25 # 22256 # 23140 # 1 # ID=74_25;partial=00;start_type=ATG;rbs_motif=GGA/GAG/AGG;rbs_spacer=5-10bp;genetic_code=11;gc_cont=0.667	GENOMAD.140368.CP	5.774E-12	69	0
JAJIWC010000077.1_89 # 94997 # 95485 # -1 # ID=74_89;partial=00;start_type=ATG;rbs_motif=AGGA;rbs_spacer=5-10bp;genetic_code=11;gc_cont=0.601	GENOMAD.179162.PC	6.933E-43	155	0
JAJIWC010000038.1_22 # 19252 # 19938 # -1 # ID=32_22;partial=00;start_type=ATG;rbs_motif=GGAG/GAGG;rbs_spacer=5-10bp;genetic_code=11;gc_cont=0.658	GENOMAD.194245.CP	1.930E-14	75	0
JAJIWC010000038.1_54 # 50013 # 51368 # 1 # ID=32_54;partial=00;start_type=ATG;rbs_motif=GGA/GAG/AGG;rbs_spacer=5-10bp;genetic_code=11;gc_cont=0.652	GENOMAD.177813.CP	3.730E-114	376	0
JAJIWC010000003.1_15 # 21254 # 21637 # 1 # ID=33_15;partial=00;start_type=ATG;rbs_motif=GGA/GAG/AGG;rbs_spacer=5-10bp;genetic_code=11;gc_cont=0.674	GENOMAD.197162.PC	1.317E-36	135	0
JAJIWC010000041.1_37 # 37844 # 38851 # -1 # ID=36_37;partial=00;start_type=ATG;rbs_motif=GGA/GAG/AGG;rbs_spacer=11-12bp;genetic_code=11;gc_cont=0.648	GENOMAD.152541.CP	3.544E-05	48	1246
JAJIWC010000041.1_69 # 76520 # 77617 # -1 # ID=36_69;partial=00;start_type=ATG;rbs_motif=AGGAG;rbs_spacer=5-10bp;genetic_code=11;gc_cont=0.626	GENOMAD.032134.CC	1.977E-137	439	0
JAJIWC010000041.1_101 # 106063 # 106332 # -1 # ID=36_101;partial=00;start_type=ATG;rbs_motif=AGGA;rbs_spacer=5-10bp;genetic_code=11;gc_cont=0.585	GENOMAD.051620.CP	1.756E-24	98	0
JAJIWC010000011.1_6 # 4223 # 4555 # 1 # ID=3_6;partial=00;start_type=ATG;rbs_motif=GGAG/GAGG;rbs_spacer=5-10bp;genetic_code=11;gc_cont=0.592	GENOMAD.112646.PP	7.500E-27	106	0
JAJIWC010000011.1_38 # 44088 # 47021 # -1 # ID=3_38;partial=00;start_type=ATG;rbs_motif=GGA/GAG/AGG;rbs_spacer=5-10bp;genetic_code=11;gc_cont=0.679	GENOMAD.177318.PC	1.396E-10	68	0
JAJIWC010000011.1_166 # 200292 # 200714 # -1 # ID=3_166;partial=00;start_type=ATG;rbs_motif=GGAG/GAGG;rbs_spacer=5-10bp;genetic_code=11;gc_cont=0.636	GENOMAD.166713.CP	3.919E-22	94	0
JAJIWC010000011.1_198 # 245434 # 245955 # 1 # ID=3_198;partial=00;start_type=ATG;rbs_motif=GGAG/GAGG;rbs_spacer=5-10bp;genetic_code=11;gc_cont=0.663	GENOMAD.140917.CP	2.547E-23	99	0
JAJIWC010000011.1_230 # 284991 # 285980 # 1 # ID=3_230;partial=00;start_type=ATG;rbs_motif=None;rbs_spacer=None;genetic_code=11;gc_cont=0.674	GENOMAD.086420.CP	4.702E-59	210	0
JAJIWC010000011.1_262 # 319106 # 320335 # 1 # ID=3_262;partial=00;start_type=ATG;rbs_motif=GGAG/GAGG;rbs_spacer=5-10bp;genetic_code=11;gc_cont=0.685	GENOMAD.194979.PC	5.955E-74	257	0
JAJIWC010000004.1_35 # 53571 # 56045 # 1 # ID=44_35;partial=00;start_type=ATG;rbs_motif=GGA/GAG/AGG;rbs_spacer=5-10bp;genetic_code=11;gc_cont=0.654	GENOMAD.146534.CP	5.348E-04	46	0
JAJIWC010000050.1_32 # 26887 # 27351 # -1 # ID=46_32;partial=00;start_type=ATG;rbs_motif=GGA/GAG/AGG;rbs_spacer=5-10bp;genetic_code=11;gc_cont=0.600	GENOMAD.159474.PC	7.307E-10	59	0
JAJIWC010000051.1_58 # 74765 # 75883 # -1 # ID=47_58;partial=00;start_type=ATG;rbs_motif=GGAG/GAGG;rbs_spacer=5-10bp;genetic_code=11;gc_cont=0.624	GENOMAD.215903.VC	2.473E-06	52	0
JAJIWC010000051.1_122 # 154948 # 155436 # -1 # ID=47_122;partial=00;start_type=ATG;rbs_motif=GGA/GAG/AGG;rbs_spacer=11-12bp;genetic_code=11;gc_cont=0.599	GENOMAD.113231.CP	1.018E-29	117	0
JAJIWC010000078.1_94 # 125056 # 125721 # 1 # ID=76_94;partial=00;start_type=ATG;rbs_motif=GGA/GAG/AGG;rbs_spacer=5-10bp;genetic_code=11;gc_cont=0.617	GENOMAD.136573.CP	3.487E-31	124	0
JAJIWC010000078.1_126 # 160237 # 160608 # 1 # ID=76_126;partial=00;start_type=ATG;rbs_motif=None;rbs_spacer=None;genetic_code=11;gc_cont=0.664	GENOMAD.140513.CP	1.962E-22	94	0
JAJIWC010000080.1_1 # 665 # 1987 # 1 # ID=78_1;partial=00;start_type=ATG;rbs_motif=GGA/GAG/AGG;rbs_spacer=5-10bp;genetic_code=11;gc_cont=0.634	GENOMAD.080453.PP	9.573E-08	57	0
JAJIWC010000083.1_5 # 5881 # 6297 # 1 # ID=81_5;partial=00;start_type=ATG;rbs_motif=None;rbs_spacer=None;genetic_code=11;gc_cont=0.645	GENOMAD.168413.CP	6.726E-90	289	0
JAJIWC010000085.1_16 # 19629 # 20066 # 1 # ID=83_16;partial=00;start_type=ATG;rbs_motif=None;rbs_spacer=None;genetic_code=11;gc_cont=0.671	GENOMAD.072167.PP	1.499E-05	46	0
JAJIWC010000007.1_107 # 126229 # 127128 # -1 # ID=86_107;partial=00;start_type=ATG;rbs_motif=GGAG/GAGG;rbs_spacer=5-10bp;genetic_code=11;gc_cont=0.677	GENOMAD.092059.VV	2.931E-12	70	1246
JAJIWC010000088.1_2 # 740 # 1279 # -1 # ID=87_2;partial=00;start_type=ATG;rbs_motif=None;rbs_spacer=None;genetic_code=11;gc_cont=0.459	GENOMAD.086806.PP	4.184E-19	87	0
JAJIWC010000011.1_245 # 301339 # 302223 # -1 # ID=3_245;partial=00;start_type=ATG;rbs_motif=None;rbs_spacer=None;genetic_code=11;gc_cont=0.687	GENOMAD.037431.CC	2.704E-143	452	0
JAJIWC010000011.1_309 # 371629 # 372954 # 1 # ID=3_309;partial=00;start_type=ATG;rbs_motif=GGA/GAG/AGG;rbs_spacer=5-10bp;genetic_code=11;gc_cont=0.675	GENOMAD.158697.CP	8.322E-16	83	0
JAJIWC010000012.1_18 # 19564 # 21165 # -1 # ID=4_18;partial=00;start_type=TTG;rbs_motif=GGA/GAG/AGG;rbs_spacer=5-10bp;genetic_code=11;gc_cont=0.692	GENOMAD.107063.CP	3.799E-51	194	0
JAJIWC010000012.1_50 # 53264 # 54487 # 1 # ID=4_50;partial=00;start_type=ATG;rbs_motif=GGA/GAG/AGG;rbs_spacer=5-10bp;genetic_code=11;gc_cont=0.672	GENOMAD.017651.CC	1.508E-16	85	0
JAJIWC010000003.1_25 # 32765 # 35227 # 1 # ID=33_25;partial=00;start_type=ATG;rbs_motif=GGA/GAG/AGG;rbs_spacer=5-10bp;genetic_code=11;gc_cont=0.654	GENOMAD.136547.CP	2.693E-213	682	0
JAJIWC010000039.1_15 # 20116 # 21144 # 1 # ID=34_15;partial=00;start_type=ATG;rbs_motif=GGA/GAG/AGG;rbs_spacer=5-10bp;genetic_code=11;gc_cont=0.689	GENOMAD.171322.PC	4.944E-33	134	0
JAJIWC010000041.1_47 # 50161 # 50904 # 1 # ID=36_47;partial=00;start_type=ATG;rbs_motif=None;rbs_spacer=None;genetic_code=11;gc_cont=0.663	GENOMAD.000748.CC	1.572E-44	164	0
JAJIWC010000041.1_111 # 110738 # 111163 # -1 # ID=36_111;partial=00;start_type=ATG;rbs_motif=None;rbs_spacer=None;genetic_code=11;gc_cont=0.577	GENOMAD.059523.CP	6.190E-06	47	0
JAJIWC010000004.1_18 # 23557 # 24831 # 1 # ID=44_18;partial=00;start_type=ATG;rbs_motif=GGAG/GAGG;rbs_spacer=5-10bp;genetic_code=11;gc_cont=0.700	GENOMAD.129179.CP	6.701E-103	342	0
JAJIWC010000050.1_15 # 8855 # 10336 # -1 # ID=46_15;partial=00;start_type=ATG;rbs_motif=AGGA;rbs_spacer=5-10bp;genetic_code=11;gc_cont=0.627	GENOMAD.116928.PC	3.816E-31	132	0
JAJIWC010000051.1_9 # 11604 # 13190 # -1 # ID=47_9;partial=00;start_type=ATG;rbs_motif=AGxAGG/AGGxGG;rbs_spacer=5-10bp;genetic_code=11;gc_cont=0.657	GENOMAD.151274.CP	2.289E-29	127	1246
JAJIWC010000058.1_8 # 4878 # 5213 # 1 # ID=54_8;partial=00;start_type=ATG;rbs_motif=AGGA;rbs_spacer=5-10bp;genetic_code=11;gc_cont=0.515	GENOMAD.225822.VP	3.185E-12	64	0
JAJIWC010000060.1_90 # 115140 # 116741 # -1 # ID=56_90;partial=00;start_type=ATG;rbs_motif=None;rbs_spacer=None;genetic_code=11;gc_cont=0.680	GENOMAD.178594.CP	8.017E-100	338	0
JAJIWC010000061.1_30 # 35748 # 36761 # 1 # ID=57_30;partial=00;start_type=ATG;rbs_motif=GGAG/GAGG;rbs_spacer=5-10bp;genetic_code=11;gc_cont=0.664	GENOMAD.087505.CP	1.928E-11	68	0
JAJIWC010000061.1_62 # 70405 # 70773 # 1 # ID=57_62;partial=00;start_type=GTG;rbs_motif=AGGAG;rbs_spacer=5-10bp;genetic_code=11;gc_cont=0.626	GENOMAD.044178.CC	2.285E-20	88	0
JAJIWC010000061.1_126 # 134902 # 135798 # -1 # ID=57_126;partial=00;start_type=ATG;rbs_motif=GGA/GAG/AGG;rbs_spacer=11-12bp;genetic_code=11;gc_cont=0.717	GENOMAD.006189.CC	3.681E-124	397	0
JAJIWC010000064.1_6 # 5605 # 6090 # 1 # ID=60_6;partial=00;start_type=ATG;rbs_motif=AGGAG;rbs_spacer=5-10bp;genetic_code=11;gc_cont=0.601	GENOMAD.000421.CC	1.476E-42	154	0
JAJIWC010000064.1_38 # 36793 # 38229 # -1 # ID=60_38;partial=00;start_type=ATG;rbs_motif=None;rbs_spacer=None;genetic_code=11;gc_cont=0.658	GENOMAD.195628.PC	1.066E-42	167	0
JAJIWC010000007.1_111 # 128703 # 129263 # 1 # ID=86_111;partial=00;start_type=ATG;rbs_motif=AGGA/GGAG/GAGG;rbs_spacer=11-12bp;genetic_code=11;gc_cont=0.597	GENOMAD.012059.CC	7.787E-06	48	0
JAJIWC010000089.1_22 # 31427 # 32686 # -1 # ID=88_22;partial=00;start_type=ATG;rbs_motif=None;rbs_spacer=None;genetic_code=11;gc_cont=0.651	GENOMAD.148298.CP	2.830E-43	167	0
JAJIWC010000014.1_51 # 69580 # 71172 # -1 # ID=6_51;partial=00;start_type=ATG;rbs_motif=GGA/GAG/AGG;rbs_spacer=5-10bp;genetic_code=11;gc_cont=0.650	GENOMAD.113193.CP	2.597E-40	161	0
JAJIWC010000019.1_51 # 58139 # 58498 # -1 # ID=12_51;partial=00;start_type=ATG;rbs_motif=AGGAG;rbs_spacer=5-10bp;genetic_code=11;gc_cont=0.664	GENOMAD.193983.CP	5.048E-43	153	0
JAJIWC010000023.1_12 # 15058 # 16227 # 1 # ID=16_12;partial=00;start_type=ATG;rbs_motif=None;rbs_spacer=None;genetic_code=11;gc_cont=0.621	GENOMAD.120770.CP	2.266E-05	49	0
JAJIWC010000004.1_45 # 71907 # 72983 # 1 # ID=44_45;partial=00;start_type=ATG;rbs_motif=GGAG/GAGG;rbs_spacer=5-10bp;genetic_code=11;gc_cont=0.667	GENOMAD.125879.CP	4.713E-18	89	0
JAJIWC010000064.1_126 # 126532 # 127587 # -1 # ID=60_126;partial=00;start_type=ATG;rbs_motif=GGAG/GAGG;rbs_spacer=5-10bp;genetic_code=11;gc_cont=0.668	GENOMAD.209073.VC	9.951E-92	306	0
JAJIWC010000064.1_158 # 163170 # 164120 # -1 # ID=60_158;partial=00;start_type=ATG;rbs_motif=AGGA;rbs_spacer=5-10bp;genetic_code=11;gc_cont=0.671	GENOMAD.090188.CV	1.248E-48	179	0
JAJIWC010000064.1_190 # 201763 # 202095 # 1 # ID=60_190;partial=00;start_type=ATG;rbs_motif=GGAG/GAGG;rbs_spacer=5-10bp;genetic_code=11;gc_cont=0.595	GENOMAD.215480.PC	9.004E-49	169	0
JAJIWC010000065.1_9 # 6309 # 6626 # 1 # ID=61_9;partial=00;start_type=ATG;rbs_motif=GGAG/GAGG;rbs_spacer=5-10bp;genetic_code=11;gc_cont=0.547	GENOMAD.068208.PP	5.797E-51	175	0
JAJIWC010000070.1_1 # 271 # 495 # -1 # ID=67_1;partial=00;start_type=ATG;rbs_motif=None;rbs_spacer=None;genetic_code=11;gc_cont=0.618	GENOMAD.212472.CP	2.066E-09	54	0
JAJIWC010000070.1_33 # 38898 # 39518 # -1 # ID=67_33;partial=00;start_type=ATG;rbs_motif=GGAG/GAGG;rbs_spacer=5-10bp;genetic_code=11;gc_cont=0.631	GENOMAD.152184.PC	3.764E-22	97	0
JAJIWC010000070.1_110 # 128110 # 132030 # 1 # ID=67_110;partial=00;start_type=ATG;rbs_motif=None;rbs_spacer=None;genetic_code=11;gc_cont=0.706	GENOMAD.001742.CC	0.000E+00	1731	0
JAJIWC010000070.1_142 # 172585 # 172752 # -1 # ID=67_142;partial=00;start_type=ATG;rbs_motif=None;rbs_spacer=None;genetic_code=11;gc_cont=0.619	GENOMAD.015026.CC	1.027E-21	88	0
JAJIWC010000071.1_10 # 10934 # 12160 # -1 # ID=68_10;partial=00;start_type=ATG;rbs_motif=GGA/GAG/AGG;rbs_spacer=5-10bp;genetic_code=11;gc_cont=0.597	GENOMAD.192798.PC	1.098E-87	297	0
JAJIWC010000075.1_7 # 8502 # 8987 # 1 # ID=72_7;partial=00;start_type=ATG;rbs_motif=GGA/GAG/AGG;rbs_spacer=5-10bp;genetic_code=11;gc_cont=0.714	GENOMAD.094485.CP	1.570E-13	70	0
JAJIWC010000076.1_37 # 39147 # 40370 # 1 # ID=73_37;partial=00;start_type=ATG;rbs_motif=GGA/GAG/AGG;rbs_spacer=5-10bp;genetic_code=11;gc_cont=0.685	GENOMAD.114408.CP	5.910E-06	51	0
JAJIWC010000077.1_17 # 15472 # 16650 # -1 # ID=74_17;partial=00;start_type=ATG;rbs_motif=GGA/GAG/AGG;rbs_spacer=11-12bp;genetic_code=11;gc_cont=0.625	GENOMAD.092833.CV	1.510E-96	322	0
JAJIWC010000077.1_49 # 49702 # 50172 # 1 # ID=74_49;partial=00;start_type=GTG;rbs_motif=GGAG/GAGG;rbs_spacer=5-10bp;genetic_code=11;gc_cont=0.648	GENOMAD.134025.CP	2.646E-42	153	0
JAJIWC010000025.1_18 # 29205 # 29462 # 1 # ID=18_18;partial=00;start_type=ATG;rbs_motif=AGGAG;rbs_spacer=5-10bp;genetic_code=11;gc_cont=0.647	GENOMAD.177562.CP	9.933E-44	153	0
JAJIWC010000002.1_32 # 32126 # 34024 # -1 # ID=22_32;partial=00;start_type=ATG;rbs_motif=None;rbs_spacer=None;genetic_code=11;gc_cont=0.681	GENOMAD.178112.CP	1.825E-141	464	0
JAJIWC010000002.1_64 # 78080 # 79042 # 1 # ID=22_64;partial=00;start_type=TTG;rbs_motif=AGGAG;rbs_spacer=5-10bp;genetic_code=11;gc_cont=0.636	GENOMAD.153559.CP	5.828E-93	308	0
JAJIWC010000029.1_15 # 24311 # 24634 # 1 # ID=23_15;partial=00;start_type=ATG;rbs_motif=GGA/GAG/AGG;rbs_spacer=5-10bp;genetic_code=11;gc_cont=0.630	GENOMAD.132576.CP	2.374E-05	44	0
JAJIWC010000029.1_47 # 56070 # 56684 # -1 # ID=23_47;partial=00;start_type=ATG;rbs_motif=GGA/GAG/AGG;rbs_spacer=5-10bp;genetic_code=11;gc_cont=0.660	GENOMAD.136362.CP	1.705E-21	95	0
JAJIWC010000029.1_79 # 88587 # 89822 # -1 # ID=23_79;partial=00;start_type=ATG;rbs_motif=GGAG/GAGG;rbs_spacer=5-10bp;genetic_code=11;gc_cont=0.681	GENOMAD.127439.CP	4.704E-31	130	0
JAJIWC010000085.1_15 # 18129 # 19364 # -1 # ID=83_15;partial=00;start_type=ATG;rbs_motif=GGA/GAG/AGG;rbs_spacer=5-10bp;genetic_code=11;gc_cont=0.659	GENOMAD.178893.CP	5.046E-05	48	0
JAJIWC010000007.1_10 # 6826 # 8058 # 1 # ID=86_10;partial=00;start_type=ATG;rbs_motif=GGA/GAG/AGG;rbs_spacer=5-10bp;genetic_code=11;gc_cont=0.677	GENOMAD.191812.CP	1.668E-82	282	0
JAJIWC010000088.1_1 # 3 # 734 # 1 # ID=87_1;partial=10;start_type=Edge;rbs_motif=None;rbs_spacer=None;genetic_code=11;gc_cont=0.552	GENOMAD.123137.PC	1.145E-20	94	0
JAJIWC010000089.1_81 # 102827 # 104098 # 1 # ID=88_81;partial=00;start_type=ATG;rbs_motif=GGA/GAG/AGG;rbs_spacer=5-10bp;genetic_code=11;gc_cont=0.697	GENOMAD.141361.CP	1.566E-64	230	0
JAJIWC010000091.1_2 # 815 # 1438 # 1 # ID=90_2;partial=00;start_type=ATG;rbs_motif=GGA/GAG/AGG;rbs_spacer=5-10bp;genetic_code=11;gc_cont=0.643	GENOMAD.167222.CP	5.067E-30	120	0
JAJIWC010000091.1_48 # 54142 # 56565 # 1 # ID=90_48;partial=00;start_type=ATG;rbs_motif=GGA/GAG/AGG;rbs_spacer=5-10bp;genetic_code=11;gc_cont=0.684	GENOMAD.107195.CP	1.456E-138	463	0
JAJIWC010000091.1_80 # 91833 # 92429 # -1 # ID=90_80;partial=00;start_type=ATG;rbs_motif=None;rbs_spacer=None;genetic_code=11;gc_cont=0.648	GENOMAD.000566.CC	7.523E-31	122	0
JAJIWC010000009.1_6 # 4468 # 5055 # -1 # ID=1_6;partial=00;start_type=ATG;rbs_motif=GGA/GAG/AGG;rbs_spacer=5-10bp;genetic_code=11;gc_cont=0.578	GENOMAD.056257.PP	5.817E-22	96	0
JAJIWC010000009.1_38 # 42023 # 42616 # 1 # ID=1_38;partial=00;start_type=ATG;rbs_motif=GGA/GAG/AGG;rbs_spacer=5-10bp;genetic_code=11;gc_cont=0.704	GENOMAD.211378.PC	1.869E-15	77	0
JAJIWC010000010.1_29 # 46249 # 47937 # -1 # ID=2_29;partial=00;start_type=ATG;rbs_motif=AGGAG;rbs_spacer=5-10bp;genetic_code=11;gc_cont=0.647	GENOMAD.178633.CP	1.064E-17	90	0
JAJIWC010000010.1_61 # 87417 # 88412 # -1 # ID=2_61;partial=00;start_type=ATG;rbs_motif=GGAG/GAGG;rbs_spacer=5-10bp;genetic_code=11;gc_cont=0.617	GENOMAD.191409.CP	1.966E-06	52	0
JAJIWC010000031.1_167 # 199780 # 200271 # 1 # ID=25_167;partial=00;start_type=ATG;rbs_motif=GGAG/GAGG;rbs_spacer=5-10bp;genetic_code=11;gc_cont=0.691	GENOMAD.158059.CP	1.016E-20	91	0
JAJIWC010000033.1_21 # 32467 # 33084 # 1 # ID=27_21;partial=00;start_type=ATG;rbs_motif=None;rbs_spacer=None;genetic_code=11;gc_cont=0.625	GENOMAD.126296.CP	9.394E-19	87	0
JAJIWC010000036.1_89 # 122286 # 125375 # -1 # ID=30_89;partial=00;start_type=ATG;rbs_motif=GGA/GAG/AGG;rbs_spacer=11-12bp;genetic_code=11;gc_cont=0.640	GENOMAD.152082.CP	9.754E-60	229	0
JAJIWC010000036.1_121 # 161036 # 161395 # -1 # ID=30_121;partial=00;start_type=GTG;rbs_motif=AGGA;rbs_spacer=5-10bp;genetic_code=11;gc_cont=0.628	GENOMAD.197717.CP	8.770E-13	66	0
JAJIWC010000036.1_153 # 192274 # 192936 # -1 # ID=30_153;partial=00;start_type=ATG;rbs_motif=GGA/GAG/AGG;rbs_spacer=5-10bp;genetic_code=11;gc_cont=0.646	GENOMAD.205595.PC	3.666E-86	283	0
