gene	start	end	length	strand	gc_content	genetic_code	rbs_motif	marker	evalue	bitscore	uscg	plasmid_hallmark	virus_hallmark	taxid	taxname	annotation_conjscan	annotation_amr	annotation_accessions	annotation_description
JPYC01000001.1_1	1	297	297	-1	0.700	11	None	NA	NA	NA	0	0	0	1	NA	NA	NA	NA	NA
JPYC01000010.1_1	2	1360	1359	1	0.699	11	None	GENOMAD.101878.CP	1.626e-115	380	0	0	0	1246	Caudoviricetes	NA	NA	PF18074;PF00271	Primosomal protein N C-terminal domain; Helicase conserved C-terminal domain
JPYC01000010.1_2	1760	2395	636	-1	0.648	11	GGAG/GAGG	NA	NA	NA	0	0	0	1	NA	NA	NA	NA	NA
JPYC01000010.1_3	2398	3219	822	-1	0.637	11	GGAG/GAGG	NA	NA	NA	0	0	0	1	NA	NA	NA	NA	NA
JPYC01000010.1_4	3222	3752	531	-1	0.646	11	None	NA	NA	NA	0	0	0	1	NA	NA	NA	NA	NA
JPYC01000010.1_5	3871	5163	1293	1	0.694	11	GGA/GAG/AGG	NA	NA	NA	0	0	0	1	NA	NA	NA	NA	NA
JPYC01000010.1_6	5214	5828	615	1	0.702	11	None	NA	NA	NA	0	0	0	1	NA	NA	NA	NA	NA
JPYC01000010.1_7	5907	6791	885	-1	0.628	11	None	GENOMAD.182050.VC	7.264e-16	81	0	0	0	1246	Caudoviricetes	NA	NA	PF12645;K03087;TIGR02997;COG0568	RNA polymerase sigma factor, cyanobacterial RpoD-like family
JPYC01000010.1_8	6980	7705	726	-1	0.668	11	GGA/GAG/AGG	NA	NA	NA	0	0	0	1	NA	NA	NA	NA	NA
JPYC01000010.1_9	7702	8544	843	-1	0.649	11	GGAG/GAGG	NA	NA	NA	0	0	0	1	NA	NA	NA	NA	NA
JPYC01000010.1_10	8553	9503	951	-1	0.670	11	AGGA	GENOMAD.090188.CV	5.678e-49	180	0	0	0	1	NA	NA	NA	PF18075;PF02687;K09811;TIGR00439;COG2177	putative protein insertion permease FtsX
JPYC01000010.1_11	9500	10186	687	-1	0.659	11	None	NA	NA	NA	0	0	0	1	NA	NA	NA	NA	NA
JPYC01000010.1_12	10262	12031	1770	-1	0.681	11	None	NA	NA	NA	0	0	0	1	NA	NA	NA	NA	NA
JPYC01000010.1_13	12182	12523	342	1	0.632	11	AGGAG	GENOMAD.170721.VV	1.308e-05	45	0	0	0	1246	Caudoviricetes	NA	NA	PF07689;TIGR02200;COG4545;K18917	Glutaredoxin-like protein
JPYC01000010.1_14	12739	14613	1875	1	0.652	11	GGAG/GAGG	NA	NA	NA	0	0	0	1	NA	NA	NA	NA	NA
JPYC01000100.1_1	210	1202	993	-1	0.627	11	GGA/GAG/AGG	NA	NA	NA	0	0	0	1	NA	NA	NA	NA	NA
JPYC01000100.1_2	1202	3289	2088	-1	0.631	11	None	NA	NA	NA	0	0	0	1	NA	NA	NA	NA	NA
JPYC01000998.1_1	2	271	270	-1	0.663	11	None	NA	NA	NA	0	0	0	1	NA	NA	NA	NA	NA
JPYC01000999.1_1	1	309	309	1	0.638	11	None	NA	NA	NA	0	0	0	1	NA	NA	NA	NA	NA
JPYC01001000.1_1	314	850	537	1	0.693	11	None	NA	NA	NA	0	0	0	1	NA	NA	NA	NA	NA
JPYC01001001.1_1	3	422	420	1	0.693	11	None	NA	NA	NA	0	0	0	1	NA	NA	NA	NA	NA
JPYC01001002.1_1	2	709	708	1	0.657	11	None	NA	NA	NA	0	0	0	1	NA	NA	NA	NA	NA
JPYC01001003.1_1	1	1563	1563	1	0.650	11	None	GENOMAD.151334.CP	1.765e-05	50	0	0	0	1	NA	NA	NA	NA	NA
JPYC01001004.1_1	1	480	480	-1	0.685	11	GGAG/GAGG	NA	NA	NA	0	0	0	1	NA	NA	NA	NA	NA
JPYC01001004.1_2	821	1378	558	1	0.670	11	GGxGG	NA	NA	NA	0	0	0	1	NA	NA	NA	NA	NA
JPYC01001005.1_1	86	349	264	-1	0.621	11	AGGAG	GENOMAD.002313.CC	4.708e-14	68	0	0	0	1	NA	NA	NA	PF04999;K03586;TIGR02209;COG3116	cell division protein FtsL
JPYC01001005.1_2	346	1389	1044	-1	0.674	11	None	NA	NA	NA	0	0	0	1	NA	NA	NA	NA	NA
JPYC01001005.1_3	1404	1850	447	-1	0.620	11	GGAG/GAGG	GENOMAD.070929.CV	1.409e-19	87	0	0	0	1	NA	NA	NA	PF02381;K03925;TIGR00242;COG2001	division/cell wall cluster transcriptional repressor MraZ
JPYC01001005.1_4	2160	2942	783	1	0.699	11	None	GENOMAD.158029.VC	4.157e-48	175	0	0	0	6593	Avipoxvirus	NA	NA	PF05742;COG3332	Uncharacterized conserved protein, contains NRDE domain
JPYC01001005.1_5	2990	3067	78	1	0.551	11	AGGAG	NA	NA	NA	0	0	0	1	NA	NA	NA	NA	NA
JPYC01001006.1_1	1	573	573	1	0.539	11	None	GENOMAD.176216.VV	0.000772	42	0	0	0	1246	Caudoviricetes	NA	NA	PF14220	NA
JPYC01001006.1_2	561	893	333	1	0.399	11	None	NA	NA	NA	0	0	0	1	NA	NA	NA	NA	NA
JPYC01001006.1_3	886	1089	204	1	0.627	11	None	NA	NA	NA	0	0	0	1	NA	NA	NA	NA	NA
JPYC01001007.1_1	1	138	138	1	0.580	11	None	NA	NA	NA	0	0	0	1	NA	NA	NA	NA	NA
JPYC01000101.1_1	2	739	738	1	0.672	11	None	NA	NA	NA	0	0	0	1	NA	NA	NA	NA	NA
JPYC01000101.1_2	736	2475	1740	1	0.630	11	GGA/GAG/AGG	GENOMAD.007486.CC	6.334e-117	390	0	0	0	1	NA	NA	NA	PF06315;PF20423;K00906;COG4579	Isocitrate dehydrogenase kinase/phosphatase
JPYC01000101.1_3	2536	3369	834	1	0.640	11	GGAG/GAGG	NA	NA	NA	0	0	0	1	NA	NA	NA	NA	NA
JPYC01001008.1_1	2	589	588	-1	0.677	11	None	GENOMAD.162404.CP	1.388e-59	205	0	0	0	1	NA	NA	NA	PF02273;COG4757;TIGR02240;K05714	Predicted alpha/beta hydrolase
JPYC01001008.1_2	586	1116	531	-1	0.697	11	None	NA	NA	NA	0	0	0	1	NA	NA	NA	NA	NA
JPYC01001009.1_1	2	514	513	1	0.686	11	None	NA	NA	NA	0	0	0	1	NA	NA	NA	NA	NA
JPYC01001010.1_1	3	401	399	-1	0.622	11	None	NA	NA	NA	0	0	0	1	NA	NA	NA	NA	NA
JPYC01001011.1_1	175	294	120	-1	0.708	11	None	NA	NA	NA	0	0	0	1	NA	NA	NA	NA	NA
JPYC01001012.1_1	3	788	786	1	0.662	11	None	GENOMAD.049669.CC	1.003e-146	460	0	0	0	1	NA	NA	NA	NA	NA
JPYC01001012.1_2	792	1475	684	1	0.633	11	AGGAG	GENOMAD.049669.CC	1.097e-39	149	0	0	0	1	NA	NA	NA	NA	NA
JPYC01001013.1_1	2	274	273	-1	0.685	11	None	NA	NA	NA	0	0	0	1	NA	NA	NA	NA	NA
JPYC01001014.1_1	43	273	231	-1	0.701	11	None	NA	NA	NA	0	0	0	1	NA	NA	NA	NA	NA
JPYC01001015.1_1	61	375	315	-1	0.635	11	None	NA	NA	NA	0	0	0	1	NA	NA	NA	NA	NA
JPYC01001016.1_1	2	502	501	-1	0.715	11	None	NA	NA	NA	0	0	0	1	NA	NA	NA	NA	NA
JPYC01001017.1_1	2	256	255	1	0.647	11	None	NA	NA	NA	0	0	0	1	NA	NA	NA	NA	NA
JPYC01000102.1_1	1	1224	1224	1	0.650	11	None	NA	NA	NA	0	0	0	1	NA	NA	NA	NA	NA
JPYC01000102.1_2	1384	2679	1296	1	0.625	11	AGGAG	NA	NA	NA	0	0	0	1	NA	NA	NA	NA	NA
JPYC01000102.1_3	2979	4037	1059	1	0.662	11	GGA/GAG/AGG	NA	NA	NA	0	0	0	1	NA	NA	NA	NA	NA
JPYC01000102.1_4	4041	6554	2514	1	0.602	11	None	NA	NA	NA	0	0	0	1	NA	NA	NA	NA	NA
JPYC01000102.1_5	6881	8203	1323	1	0.580	11	4Base/6BMM	NA	NA	NA	0	0	0	1	NA	NA	NA	NA	NA
JPYC01000102.1_6	8433	10517	2085	-1	0.645	11	GGAG/GAGG	NA	NA	NA	0	0	0	1	NA	NA	NA	NA	NA
JPYC01000102.1_7	10617	10982	366	-1	0.691	11	None	GENOMAD.117180.CP	0.0001799	42	0	0	0	1	NA	NA	NA	PF00364;K02160;TIGR00531;COG0511	acetyl-CoA carboxylase, biotin carboxyl carrier protein
JPYC01001018.1_1	3	650	648	-1	0.674	11	GGA/GAG/AGG	NA	NA	NA	0	0	0	1	NA	NA	NA	NA	NA
JPYC01001018.1_2	776	1828	1053	1	0.673	11	GGA/GAG/AGG	GENOMAD.171766.PC	2.161e-11	68	0	0	0	1	NA	NA	NA	PF19298;K21724;COG4638;TIGR03229	Phenylpropionate dioxygenase or related ring-hydroxylating dioxygenase, large terminal subunit
JPYC01001018.1_3	1846	2193	348	1	0.675	11	GGAG/GAGG	NA	NA	NA	0	0	0	1	NA	NA	NA	NA	NA
JPYC01001019.1_1	2	382	381	1	0.591	11	None	NA	NA	NA	0	0	0	1	NA	NA	NA	NA	NA
JPYC01001020.1_1	1	300	300	1	0.690	11	None	NA	NA	NA	0	0	0	1	NA	NA	NA	NA	NA
JPYC01001021.1_1	47	550	504	-1	0.615	11	None	NA	NA	NA	0	0	0	1	NA	NA	NA	NA	NA
JPYC01001022.1_1	3	311	309	1	0.699	11	None	NA	NA	NA	0	0	0	1	NA	NA	NA	NA	NA
JPYC01001022.1_2	251	373	123	-1	0.699	11	None	NA	NA	NA	0	0	0	1	NA	NA	NA	NA	NA
JPYC01001023.1_1	2	814	813	-1	0.729	11	GGA/GAG/AGG	GENOMAD.101231.CP	1.548e-129	411	0	0	0	1	NA	NA	NA	PF04348;K07121;COG3107;TIGR03407	Outer membrane lipoprotein LpoA, binds and activates PBP1a
JPYC01001023.1_2	896	964	69	1	0.710	11	GGA/GAG/AGG	NA	NA	NA	0	0	0	1	NA	NA	NA	NA	NA
JPYC01001024.1_1	2	940	939	1	0.669	11	None	GENOMAD.118344.CP	1.142e-19	93	0	0	0	1246	Caudoviricetes	NA	NA	PF00482;K02653;TIGR02120;COG1459	type II secretion system protein F
JPYC01001024.1_2	969	1361	393	1	0.636	11	GGAG/GAGG	GENOMAD.168639.CP	0.0005188	41	0	0	0	1	NA	NA	NA	PF07379;K02457;TIGR01708;COG4970	type II secretion system protein H
JPYC01001025.1_1	1	111	111	1	0.640	11	None	NA	NA	NA	0	0	0	1	NA	NA	NA	NA	NA
JPYC01001025.1_2	384	2057	1674	1	0.678	11	GGAG/GAGG	NA	NA	NA	0	0	0	1	NA	NA	NA	NA	NA
JPYC01001025.1_3	2483	3178	696	1	0.642	11	AGGA	GENOMAD.189914.CP	1.642e-06	51	0	0	0	1	NA	NA	NA	PF01987;COG2013;TIGR00266	Uncharacterized conserved protein, AIM24 family
JPYC01001026.1_1	300	809	510	1	0.667	11	GGAG/GAGG	NA	NA	NA	0	0	0	1	NA	NA	NA	NA	NA
JPYC01001027.1_1	2	178	177	-1	0.684	11	GGAG/GAGG	NA	NA	NA	0	0	0	1	NA	NA	NA	NA	NA
JPYC01001027.1_2	175	333	159	-1	0.660	11	None	NA	NA	NA	0	0	0	1	NA	NA	NA	NA	NA
JPYC01000103.1_1	3	2510	2508	-1	0.655	11	GGA/GAG/AGG	GENOMAD.151253.CP	7.303e-34	144	0	0	0	1	NA	NA	NA	PF01896;COG3285;TIGR02778	Eukaryotic-type DNA primase
JPYC01000103.1_2	2525	2701	177	-1	0.627	11	AGGAG	GENOMAD.224383.PV	1.238e-07	48	0	0	0	1246	Caudoviricetes	NA	NA	PF12244	NA
JPYC01000103.1_3	2921	3322	402	1	0.600	11	GGAG/GAGG	GENOMAD.116980.PP	3.599e-53	183	0	0	0	1	NA	NA	NA	COG2916;K11685	DNA-binding protein H-NS
JPYC01000103.1_4	3666	4880	1215	1	0.614	11	AGGAG	NA	NA	NA	0	0	0	1	NA	NA	NA	NA	NA
JPYC01000103.1_5	4892	5653	762	-1	0.546	11	AGGA/GGAG/GAGG	NA	NA	NA	0	0	0	1	NA	NA	NA	NA	NA
JPYC01000103.1_6	5782	6105	324	-1	0.568	11	AGxAGG/AGGxGG	NA	NA	NA	0	0	0	1	NA	NA	NA	NA	NA
JPYC01000103.1_7	6283	6522	240	1	0.637	11	GGA/GAG/AGG	NA	NA	NA	0	0	0	1	NA	NA	NA	NA	NA
JPYC01000103.1_8	6718	7341	624	1	0.559	11	AGGAG	NA	NA	NA	0	0	0	1	NA	NA	NA	NA	NA
JPYC01000103.1_9	7835	8068	234	1	0.620	11	GGA/GAG/AGG	NA	NA	NA	0	0	0	1	NA	NA	NA	NA	NA
JPYC01000103.1_10	8315	8491	177	1	0.650	11	GGA/GAG/AGG	NA	NA	NA	0	0	0	1	NA	NA	NA	NA	NA
JPYC01000103.1_11	8681	9880	1200	1	0.662	11	GGA/GAG/AGG	NA	NA	NA	0	0	0	1	NA	NA	NA	NA	NA
JPYC01000103.1_12	9923	10432	510	-1	0.635	11	GGA/GAG/AGG	GENOMAD.119444.CP	1.67e-16	79	0	0	0	1	NA	NA	NA	PF01584;COG0835;K13489	Chemotaxis signal transduction protein
JPYC01000103.1_13	10444	11262	819	-1	0.669	11	None	NA	NA	NA	0	0	0	1	NA	NA	NA	NA	NA
JPYC01001028.1_1	1	750	750	-1	0.681	11	None	NA	NA	NA	0	0	0	1	NA	NA	NA	NA	NA
JPYC01001028.1_2	747	1127	381	-1	0.614	11	None	NA	NA	NA	0	0	0	1	NA	NA	NA	NA	NA
JPYC01001028.1_3	1304	1714	411	-1	0.657	11	None	NA	NA	NA	0	0	0	1	NA	NA	NA	NA	NA
JPYC01001029.1_1	2	262	261	1	0.621	11	None	NA	NA	NA	0	0	0	1	NA	NA	NA	NA	NA
JPYC01001029.1_2	259	522	264	1	0.674	11	GGAG/GAGG	NA	NA	NA	0	0	0	1	NA	NA	NA	NA	NA
JPYC01001030.1_1	2	319	318	-1	0.629	11	None	NA	NA	NA	0	0	0	1	NA	NA	NA	NA	NA
JPYC01001030.1_2	353	817	465	-1	0.637	11	None	NA	NA	NA	0	0	0	1	NA	NA	NA	NA	NA
JPYC01001031.1_1	1	540	540	1	0.619	11	None	GENOMAD.022765.PP	3.624e-109	347	0	1	0	1	NA	T_virB6	NA	K03201;COG3704	Type IV secretory pathway, VirB6 components
JPYC01001032.1_1	1	816	816	1	0.653	11	None	NA	NA	NA	0	0	0	1	NA	NA	NA	NA	NA
JPYC01001032.1_2	813	1637	825	1	0.628	11	None	GENOMAD.111713.CP	4.958e-15	78	0	0	0	1	NA	NA	NA	PF01739;PF20225;PF03705;K00575;COG1352;TIGR04345	Methylase of chemotaxis methyl-accepting proteins
JPYC01001032.1_3	1634	2218	585	1	0.691	11	GGA/GAG/AGG	NA	NA	NA	0	0	0	1	NA	NA	NA	NA	NA
JPYC01001032.1_4	2215	2373	159	1	0.660	11	GGA/GAG/AGG	NA	NA	NA	0	0	0	1	NA	NA	NA	NA	NA
JPYC01001033.1_1	3	164	162	1	0.642	11	None	NA	NA	NA	0	0	0	1	NA	NA	NA	NA	NA
JPYC01001033.1_2	325	1668	1344	1	0.658	11	GGA/GAG/AGG	NA	NA	NA	0	0	0	1	NA	NA	NA	NA	NA
JPYC01001033.1_3	1665	1898	234	1	0.628	11	None	NA	NA	NA	0	0	0	1	NA	NA	NA	NA	NA
JPYC01001034.1_1	1	450	450	1	0.684	11	None	NA	NA	NA	0	0	0	1	NA	NA	NA	NA	NA
JPYC01001034.1_2	472	3153	2682	1	0.646	11	AGGAG	GENOMAD.176795.CP	9.254e-13	75	0	0	0	1	NA	NA	NA	PF17753	Ig-fold domain
JPYC01001034.1_3	3362	4258	897	1	0.661	11	AGGAG	GENOMAD.123121.CP	0.0002458	45	0	0	0	1	NA	NA	NA	K01207;COG1472	Periplasmic beta-glucosidase and related glycosidases
JPYC01001035.1_1	3	113	111	1	0.649	11	None	NA	NA	NA	0	0	0	1	NA	NA	NA	NA	NA
JPYC01001036.1_1	1	324	324	1	0.679	11	None	NA	NA	NA	0	0	0	1	NA	NA	NA	NA	NA
JPYC01001037.1_1	3	515	513	1	0.702	11	None	GENOMAD.179467.CP	6.35e-20	89	0	0	0	1	NA	NA	NA	PF14302;PF03724;K03668;COG3187;TIGR03066	Heat shock protein HslJ
JPYC01001037.1_2	571	1581	1011	-1	0.674	11	GGA/GAG/AGG	NA	NA	NA	0	0	0	1	NA	NA	NA	NA	NA
JPYC01001037.1_3	1593	1685	93	1	0.710	11	GGA/GAG/AGG	NA	NA	NA	0	0	0	1	NA	NA	NA	NA	NA
JPYC01000104.1_1	3	521	519	-1	0.686	11	GGA/GAG/AGG	GENOMAD.176977.PC	0.0001288	44	0	0	0	1	NA	NA	NA	TIGR00999	Membrane Fusion Protein cluster 2 (function with RND porters)
JPYC01000104.1_2	682	2061	1380	1	0.699	11	None	NA	NA	NA	0	0	0	1	NA	NA	NA	NA	NA
JPYC01000104.1_3	2058	2741	684	1	0.696	11	None	NA	NA	NA	0	0	0	1	NA	NA	NA	NA	NA
JPYC01000104.1_4	2856	3707	852	-1	0.644	11	None	NA	NA	NA	0	0	0	1	NA	NA	NA	NA	NA
JPYC01000104.1_5	3947	4339	393	-1	0.669	11	GGxGG	NA	NA	NA	0	0	0	1	NA	NA	NA	NA	NA
JPYC01000104.1_6	4553	5431	879	-1	0.685	11	AGGA	NA	NA	NA	0	0	0	1	NA	NA	NA	NA	NA
JPYC01000104.1_7	5466	6563	1098	-1	0.658	11	GGA/GAG/AGG	NA	NA	NA	0	0	0	1	NA	NA	NA	NA	NA
JPYC01000104.1_8	6644	7525	882	-1	0.678	11	GGA/GAG/AGG	NA	NA	NA	0	0	0	1	NA	NA	NA	NA	NA
JPYC01000104.1_9	7664	7810	147	1	0.667	11	GGA/GAG/AGG	NA	NA	NA	0	0	0	1	NA	NA	NA	NA	NA
JPYC01000104.1_10	7804	8724	921	-1	0.671	11	GGAG/GAGG	NA	NA	NA	0	0	0	1	NA	NA	NA	NA	NA
JPYC01000104.1_11	8790	9242	453	1	0.660	11	GGAG/GAGG	NA	NA	NA	0	0	0	1	NA	NA	NA	NA	NA
JPYC01000104.1_12	9262	10542	1281	-1	0.665	11	None	GENOMAD.152417.CP	1.554e-37	150	0	0	0	1	NA	NA	NF033135	K08224;COG2223	Nitrate/nitrite transporter NarK
JPYC01000104.1_13	10637	11524	888	1	0.682	11	GGA/GAG/AGG	NA	NA	NA	0	0	0	1	NA	NA	NA	NA	NA
JPYC01000104.1_14	11811	12722	912	-1	0.555	11	GGAG/GAGG	NA	NA	NA	0	0	0	1	NA	NA	NA	NA	NA
JPYC01000104.1_15	13023	13664	642	1	0.668	11	None	GENOMAD.195322.CP	9.226e-116	368	0	0	0	1	NA	NA	NA	PF18711;PF14507;TIGR03211;COG2514;K08234	catechol 2,3 dioxygenase
JPYC01001038.1_1	647	1498	852	-1	0.695	11	None	NA	NA	NA	0	0	0	1	NA	NA	NA	NA	NA
JPYC01001039.1_1	71	223	153	-1	0.641	11	None	NA	NA	NA	0	0	0	1	NA	NA	NA	NA	NA
JPYC01001040.1_1	2	1030	1029	1	0.690	11	None	NA	NA	NA	0	0	0	1	NA	NA	NA	NA	NA
JPYC01001041.1_1	2	232	231	-1	0.619	11	AGGAG	NA	NA	NA	0	0	0	1	NA	NA	NA	NA	NA
JPYC01001041.1_2	414	602	189	-1	0.593	11	None	NA	NA	NA	0	0	0	1	NA	NA	NA	NA	NA
JPYC01001042.1_1	157	552	396	1	0.530	11	GGA/GAG/AGG	GENOMAD.116980.PP	4.051e-59	200	0	0	0	1	NA	NA	NA	COG2916;K11685	DNA-binding protein H-NS
JPYC01001042.1_2	1006	2037	1032	-1	0.532	11	AGGA	GENOMAD.114461.PP	1.737e-90	302	0	0	0	1	NA	NA	NA	NA	NA
JPYC01001042.1_3	2652	3944	1293	-1	0.532	11	GGA/GAG/AGG	GENOMAD.190917.PC	2.671e-05	49	0	0	0	1	NA	NA	NA	PF13583	Metallo-peptidase family M12B Reprolysin-like
JPYC01001042.1_4	4384	4977	594	1	0.603	11	None	NA	NA	NA	0	0	0	1	NA	NA	NA	NA	NA
JPYC01001042.1_5	4929	5084	156	-1	0.551	11	None	NA	NA	NA	0	0	0	1	NA	NA	NA	NA	NA
JPYC01001043.1_1	2	151	150	1	0.673	11	None	NA	NA	NA	0	0	0	1	NA	NA	NA	NA	NA
JPYC01001043.1_2	148	600	453	1	0.675	11	GGA/GAG/AGG	GENOMAD.148482.CP	7.726e-19	85	0	0	0	1	NA	NA	NA	PF03473;COG2258;K03831	Uncharacterized conserved protein YiiM, contains MOSC domain
JPYC01001044.1_1	53	337	285	-1	0.681	11	None	GENOMAD.195084.CP	7.416e-05	42	0	0	0	1	NA	NA	NA	PF03475	3-alpha domain
JPYC01001045.1_1	1	462	462	-1	0.621	11	None	NA	NA	NA	0	0	0	1	NA	NA	NA	NA	NA
JPYC01001046.1_1	2	472	471	-1	0.665	11	None	NA	NA	NA	0	0	0	1	NA	NA	NA	NA	NA
JPYC01001047.1_1	1	180	180	-1	0.622	11	GGAG/GAGG	NA	NA	NA	0	0	0	1	NA	NA	NA	NA	NA
JPYC01001047.1_2	173	409	237	-1	0.599	11	None	NA	NA	NA	0	0	0	1	NA	NA	NA	NA	NA
JPYC01000105.1_1	2	184	183	-1	0.656	11	GGAG/GAGG	NA	NA	NA	0	0	0	1	NA	NA	NA	NA	NA
JPYC01000105.1_2	323	634	312	1	0.715	11	GGAGG	NA	NA	NA	0	0	0	1	NA	NA	NA	NA	NA
JPYC01001048.1_1	3	1580	1578	1	0.650	11	None	NA	NA	NA	0	0	0	1	NA	NA	NA	NA	NA
JPYC01001049.1_1	1	3822	3822	1	0.683	11	None	NA	NA	NA	0	0	0	1	NA	NA	NA	NA	NA
JPYC01001050.1_1	3	494	492	1	0.687	11	None	NA	NA	NA	0	0	0	1	NA	NA	NA	NA	NA
JPYC01001050.1_2	485	1219	735	1	0.691	11	GGAG/GAGG	GENOMAD.081069.CP	1.462e-32	129	1	0	0	1	NA	NA	NA	PF04452;PF20260;COG1385;TIGR00046;K09761	16S rRNA U1498 N3-methylase RsmE
JPYC01001051.1_1	1	501	501	1	0.647	11	None	NA	NA	NA	0	0	0	1	NA	NA	NA	NA	NA
JPYC01001052.1_1	294	1139	846	1	0.569	11	AGGAG	GENOMAD.049926.PP	9.643e-11	65	0	0	0	1	NA	NA	NA	PF03421;K13478	YopJ Serine/Threonine acetyltransferase
JPYC01001053.1_1	36	1085	1050	1	0.641	11	GGAGG	NA	NA	NA	0	0	0	1	NA	NA	NA	NA	NA
JPYC01001054.1_1	318	1085	768	1	0.674	11	GGAGG	NA	NA	NA	0	0	0	1	NA	NA	NA	NA	NA
JPYC01001054.1_2	1129	1710	582	1	0.629	11	GGA/GAG/AGG	NA	NA	NA	0	0	0	1	NA	NA	NA	NA	NA
JPYC01001055.1_1	3	542	540	-1	0.626	11	None	NA	NA	NA	0	0	0	1	NA	NA	NA	NA	NA
JPYC01001056.1_1	2	157	156	-1	0.679	11	AGGA	NA	NA	NA	0	0	0	1	NA	NA	NA	NA	NA
JPYC01001056.1_2	144	263	120	-1	0.692	11	None	NA	NA	NA	0	0	0	1	NA	NA	NA	NA	NA
JPYC01001057.1_1	1	243	243	-1	0.642	11	None	GENOMAD.154355.CP	9.036e-43	150	0	0	0	1	NA	NA	NA	PF12689;K18697;TIGR01545;COG4996	haloacid dehalogenase superfamily, subfamily IF hydrolase, YfhB
JPYC01001057.1_2	236	505	270	-1	0.644	11	None	NA	NA	NA	0	0	0	1	NA	NA	NA	NA	NA
JPYC01000106.1_1	1	579	579	1	0.680	11	None	GENOMAD.084170.CP	4.137e-26	108	0	0	0	1	NA	NA	NA	PF19289;PF19290;PF01523;K03592;COG0312	Predicted Zn-dependent protease or its inactivated homolog
JPYC01001058.1_1	1	375	375	1	0.677	11	None	NA	NA	NA	0	0	0	1	NA	NA	NA	NA	NA
JPYC01001059.1_1	2	316	315	-1	0.641	11	None	NA	NA	NA	0	0	0	1	NA	NA	NA	NA	NA
JPYC01001059.1_2	461	913	453	-1	0.647	11	None	NA	NA	NA	0	0	0	1	NA	NA	NA	NA	NA
JPYC01001060.1_1	1	1308	1308	1	0.636	11	None	GENOMAD.197607.PC	1.933e-41	162	0	0	0	1	NA	NA	NA	K16693;COG0534	Na+-driven multidrug efflux pump
JPYC01001060.1_2	1305	2243	939	1	0.505	11	GGAG/GAGG	NA	NA	NA	0	0	0	1	NA	NA	NA	NA	NA
JPYC01001060.1_3	2324	3385	1062	1	0.615	11	GGAG/GAGG	NA	NA	NA	0	0	0	1	NA	NA	NA	NA	NA
JPYC01001060.1_4	3429	3821	393	1	0.644	11	GGA/GAG/AGG	GENOMAD.019505.CC	5.438e-56	191	0	0	0	1	NA	NA	NA	PF02706;COG3765;TIGR03017;K05789	LPS O-antigen chain length determinant protein, WzzB/FepE family
JPYC01001061.1_1	2	301	300	-1	0.693	11	GGA/GAG/AGG	NA	NA	NA	0	0	0	1	NA	NA	NA	NA	NA
JPYC01001061.1_2	362	1732	1371	1	0.678	11	GGAG/GAGG	GENOMAD.142656.PP	0.0002438	46	0	0	0	1	NA	NA	NA	PF22429	Formimidoylglutamate deiminase HutF, N-terminal domain
JPYC01001062.1_1	3	230	228	1	0.640	11	None	NA	NA	NA	0	0	0	1	NA	NA	NA	NA	NA
JPYC01001063.1_1	3	590	588	-1	0.723	11	None	NA	NA	NA	0	0	0	1	NA	NA	NA	NA	NA
JPYC01001064.1_1	2	325	324	1	0.685	11	None	GENOMAD.152486.CP	4.177e-24	98	0	0	0	1	NA	NA	NA	PF04378;K07115;COG2961;TIGR04474	23S rRNA A2030 N6-methylase RlmJ
JPYC01001065.1_1	2	1321	1320	1	0.614	11	None	NA	NA	NA	0	0	0	1	NA	NA	NA	NA	NA
JPYC01001066.1_1	1	639	639	-1	0.626	11	None	NA	NA	NA	0	0	0	1	NA	NA	NA	NA	NA
JPYC01001067.1_1	2	211	210	1	0.586	11	None	NA	NA	NA	0	0	0	1	NA	NA	NA	NA	NA
JPYC01000107.1_1	2	802	801	-1	0.652	11	GGA/GAG/AGG	GENOMAD.152533.CP	2.301e-37	144	0	0	0	1	NA	NA	NA	PF02470;PF11887;COG1463;TIGR00996;K02067	ABC-type transporter Mla maintaining outer membrane lipid asymmetry, periplasmic component MlaD
JPYC01000107.1_2	805	1647	843	-1	0.674	11	GGAG/GAGG	NA	NA	NA	0	0	0	1	NA	NA	NA	NA	NA
JPYC01000107.1_3	1733	2962	1230	-1	0.653	11	GGAG/GAGG	GENOMAD.124229.CP	2.31e-37	149	0	0	0	1	NA	NA	NA	COG0767	ABC-type transporter Mla maintaining outer membrane lipid asymmetry, permease component MlaE
JPYC01000107.1_4	3014	4273	1260	1	0.649	11	None	GENOMAD.148298.CP	2.83e-43	167	0	0	0	1	NA	NA	NA	COG2966	Uncharacterized membrane protein YjjP, DUF1212 family
JPYC01000107.1_5	4329	4790	462	-1	0.645	11	GGAG/GAGG	NA	NA	NA	0	0	0	1	NA	NA	NA	NA	NA
JPYC01000107.1_6	4934	6628	1695	-1	0.658	11	None	NA	NA	NA	0	0	0	1	NA	NA	NA	NA	NA
JPYC01000107.1_7	6973	7374	402	-1	0.699	11	GGA/GAG/AGG	GENOMAD.130275.CV	2.26e-06	48	0	0	0	1	NA	NA	NA	PF19625;PF13511	NA
JPYC01000107.1_8	7515	8279	765	1	0.668	11	GGA/GAG/AGG	GENOMAD.118667.CP	4.94e-30	122	0	0	0	1	NA	NA	NA	PF01066;K17103;COG1183	Phosphatidylserine synthase
JPYC01000107.1_9	8302	8757	456	1	0.724	11	GGA/GAG/AGG	NA	NA	NA	0	0	0	1	NA	NA	NA	NA	NA
JPYC01000107.1_10	8796	9236	441	1	0.646	11	None	GENOMAD.124272.CV	1.035e-12	67	0	0	0	1246	Caudoviricetes	NA	NA	PF13420;TIGR01575;COG0456;K03825	ribosomal-protein-alanine acetyltransferase
JPYC01000107.1_11	10042	10944	903	1	0.594	11	GGAG/GAGG	NA	NA	NA	0	0	0	1	NA	NA	NA	NA	NA
JPYC01001068.1_1	132	1352	1221	1	0.674	11	None	GENOMAD.118734.CP	1.001e-36	147	0	0	0	1	NA	NA	NA	PF03453;PF00994;K03750;COG0303;TIGR00177	Molybdopterin biosynthesis enzyme
JPYC01001068.1_2	1692	2525	834	-1	0.646	11	None	NA	NA	NA	0	0	0	1	NA	NA	NA	NA	NA
JPYC01001069.1_1	2	400	399	-1	0.634	11	None	NA	NA	NA	0	0	0	1	NA	NA	NA	NA	NA
JPYC01001070.1_1	3	215	213	1	0.681	11	None	NA	NA	NA	0	0	0	1	NA	NA	NA	NA	NA
JPYC01001070.1_2	291	1067	777	1	0.656	11	AGGAG	GENOMAD.132251.CP	3.054e-26	111	0	0	0	1	NA	NA	NA	NA	NA
JPYC01001070.1_3	1084	1770	687	1	0.693	11	None	NA	NA	NA	0	0	0	1	NA	NA	NA	NA	NA
JPYC01001070.1_4	1770	2384	615	1	0.662	11	GGAG/GAGG	NA	NA	NA	0	0	0	1	NA	NA	NA	NA	NA
JPYC01001070.1_5	2482	2904	423	-1	0.674	11	None	NA	NA	NA	0	0	0	1	NA	NA	NA	NA	NA
JPYC01001071.1_1	1	273	273	1	0.685	11	None	NA	NA	NA	0	0	0	1	NA	NA	NA	NA	NA
JPYC01001072.1_1	3	74	72	-1	0.722	11	GGA/GAG/AGG	NA	NA	NA	0	0	0	1	NA	NA	NA	NA	NA
JPYC01001073.1_1	2	307	306	1	0.556	11	None	GENOMAD.117295.PC	4.042e-06	46	0	0	0	1	NA	NA	NA	NA	NA
JPYC01001074.1_1	2	109	108	1	0.731	11	None	NA	NA	NA	0	0	0	1	NA	NA	NA	NA	NA
JPYC01001074.1_2	320	709	390	1	0.646	11	GGA/GAG/AGG	NA	NA	NA	0	0	0	1	NA	NA	NA	NA	NA
JPYC01001075.1_1	2	724	723	1	0.571	11	None	NA	NA	NA	0	0	0	1	NA	NA	NA	NA	NA
JPYC01001076.1_1	3	374	372	-1	0.554	11	None	NA	NA	NA	0	0	0	1	NA	NA	NA	NA	NA
JPYC01001077.1_1	2	223	222	1	0.617	11	None	NA	NA	NA	0	0	0	1	NA	NA	NA	NA	NA
JPYC01001077.1_2	220	342	123	1	0.650	11	AGGA	NA	NA	NA	0	0	0	1	NA	NA	NA	NA	NA
JPYC01000108.1_1	619	1800	1182	1	0.662	11	GGA/GAG/AGG	GENOMAD.171686.PC	8.639e-58	209	0	0	0	1	NA	NA	NA	COG3135	Predicted benzoate:H+ symporter BenE
JPYC01000108.1_2	1875	3779	1905	-1	0.666	11	GGAG/GAGG	NA	NA	NA	0	0	0	1	NA	NA	NA	NA	NA
JPYC01000108.1_3	3806	3901	96	1	0.729	11	GGAG/GAGG	NA	NA	NA	0	0	0	1	NA	NA	NA	NA	NA
JPYC01001078.1_1	2	373	372	1	0.664	11	None	NA	NA	NA	0	0	0	1	NA	NA	NA	NA	NA
JPYC01001079.1_1	2	253	252	-1	0.631	11	None	NA	NA	NA	0	0	0	1	NA	NA	NA	NA	NA
JPYC01001080.1_1	2	1393	1392	1	0.638	11	None	NA	NA	NA	0	0	0	1	NA	NA	NA	NA	NA
JPYC01001081.1_1	3	227	225	-1	0.618	11	None	NA	NA	NA	0	0	0	1	NA	NA	NA	NA	NA
JPYC01001082.1_1	1	225	225	1	0.644	11	None	NA	NA	NA	0	0	0	1	NA	NA	NA	NA	NA
JPYC01001083.1_1	45	1136	1092	1	0.628	11	GGA/GAG/AGG	NA	NA	NA	0	0	0	1	NA	NA	NA	NA	NA
JPYC01001084.1_1	2	259	258	-1	0.643	11	None	NA	NA	NA	0	0	0	1	NA	NA	NA	NA	NA
JPYC01001085.1_1	3	272	270	1	0.681	11	None	NA	NA	NA	0	0	0	1	NA	NA	NA	NA	NA
JPYC01001086.1_1	1	663	663	-1	0.617	11	None	NA	NA	NA	0	0	0	1	NA	NA	NA	NA	NA
JPYC01001087.1_1	2	307	306	-1	0.680	11	None	NA	NA	NA	0	0	0	1	NA	NA	NA	NA	NA
JPYC01000109.1_1	1	1131	1131	-1	0.676	11	GGA/GAG/AGG	NA	NA	NA	0	0	0	1	NA	NA	NA	NA	NA
JPYC01000109.1_2	1358	2380	1023	-1	0.667	11	GGA/GAG/AGG	GENOMAD.151488.CP	1.542e-90	302	0	0	0	1	NA	NA	NA	PF12706;PF07521;K07577;TIGR04122;COG1236	putative exonuclease, DNA ligase-associated
JPYC01001088.1_1	2	274	273	-1	0.733	11	None	NA	NA	NA	0	0	0	1	NA	NA	NA	NA	NA
JPYC01001089.1_1	2	535	534	-1	0.667	11	None	NA	NA	NA	0	0	0	1	NA	NA	NA	NA	NA
JPYC01001090.1_1	2	274	273	1	0.696	11	None	NA	NA	NA	0	0	0	1	NA	NA	NA	NA	NA
JPYC01001091.1_1	2	607	606	-1	0.695	11	GGAG/GAGG	NA	NA	NA	0	0	0	1	NA	NA	NA	NA	NA
JPYC01001091.1_2	604	1212	609	-1	0.663	11	None	NA	NA	NA	0	0	0	1	NA	NA	NA	NA	NA
JPYC01001092.1_1	3	200	198	1	0.732	11	None	NA	NA	NA	0	0	0	1	NA	NA	NA	NA	NA
JPYC01001093.1_1	2	202	201	1	0.662	11	None	NA	NA	NA	0	0	0	1	NA	NA	NA	NA	NA
JPYC01001094.1_1	277	498	222	-1	0.644	11	None	GENOMAD.221918.CP	1.762e-17	77	0	0	0	1	NA	NA	NA	NA	NA
JPYC01001095.1_1	3	248	246	-1	0.687	11	None	NA	NA	NA	0	0	0	1	NA	NA	NA	NA	NA
JPYC01001096.1_1	43	894	852	-1	0.646	11	GGA/GAG/AGG	GENOMAD.126777.CP	3.206e-07	54	0	0	0	1	NA	NA	NA	PF17912;PF03459;COG3585;TIGR00638	MalK OB fold domain; TOBE domain
JPYC01001096.1_2	1291	2781	1491	-1	0.698	11	None	NA	NA	NA	0	0	0	1	NA	NA	NA	NA	NA
JPYC01001096.1_3	2786	3166	381	-1	0.667	11	None	NA	NA	NA	0	0	0	1	NA	NA	NA	NA	NA
JPYC01001097.1_1	56	472	417	1	0.664	11	GGA/GAG/AGG	NA	NA	NA	0	0	0	1	NA	NA	NA	NA	NA
JPYC01000011.1_1	2	241	240	-1	0.679	11	GGA/GAG/AGG	NA	NA	NA	0	0	0	1	NA	NA	NA	NA	NA
JPYC01000011.1_2	475	816	342	-1	0.626	11	GGAG/GAGG	GENOMAD.008251.CC	1.551e-52	180	0	0	0	1	NA	NA	NA	PF11006	CAP-associated N-terminal
JPYC01000011.1_3	1058	1183	126	-1	0.603	11	GGAG/GAGG	GENOMAD.112966.CP	3.527e-11	57	0	0	0	1	NA	NA	NA	PF00444;COG0257;TIGR01022	Ribosomal protein L36
JPYC01000011.1_4	1356	2039	684	1	0.662	11	GGA/GAG/AGG	NA	NA	NA	0	0	0	1	NA	NA	NA	NA	NA
JPYC01000011.1_5	2222	3907	1686	1	0.619	11	GGA/GAG/AGG	NA	NA	NA	0	0	0	1	NA	NA	NA	NA	NA
JPYC01000011.1_6	3996	4307	312	1	0.599	11	None	NA	NA	NA	0	0	0	1	NA	NA	NA	NA	NA
JPYC01000011.1_7	4374	4679	306	1	0.608	11	GGAG/GAGG	GENOMAD.036873.CC	1.734e-14	70	0	0	0	1	NA	NA	NA	PF06305;COG5416	Uncharacterized membrane protein YciS, DUF1049 family
JPYC01000011.1_8	4686	5864	1179	1	0.625	11	GGA/GAG/AGG	GENOMAD.092833.CV	1.51e-96	322	0	0	0	1	NA	NA	NA	PF04733;PF18073;K19804;COG2956;TIGR00540	Lipopolysaccharide biosynthesis regulator YciM, contains six TPR domains and a predicted metal-binding C-terminal domain
JPYC01000011.1_9	5864	6832	969	1	0.636	11	GGxGG	NA	NA	NA	0	0	0	1	NA	NA	NA	NA	NA
JPYC01000011.1_10	6846	8753	1908	1	0.631	11	GGA/GAG/AGG	NA	NA	NA	0	0	0	1	NA	NA	NA	NA	NA
JPYC01000011.1_11	8753	9646	894	1	0.623	11	4Base/6BMM	NA	NA	NA	0	0	0	1	NA	NA	NA	NA	NA
JPYC01000110.1_1	3	461	459	-1	0.664	11	AGGAG	NA	NA	NA	0	0	0	1	NA	NA	NA	NA	NA
JPYC01000110.1_2	562	1437	876	1	0.700	11	None	NA	NA	NA	0	0	0	1	NA	NA	NA	NA	NA
JPYC01000110.1_3	1453	1953	501	-1	0.651	11	GGA/GAG/AGG	NA	NA	NA	0	0	0	1	NA	NA	NA	NA	NA
JPYC01000110.1_4	2146	4062	1917	-1	0.660	11	GGA/GAG/AGG	NA	NA	NA	0	0	0	1	NA	NA	NA	NA	NA
JPYC01000110.1_5	4242	6626	2385	1	0.665	11	GGAG/GAGG	NA	NA	NA	0	0	0	1	NA	NA	NA	NA	NA
JPYC01000110.1_6	7050	7475	426	1	0.629	11	GGAG/GAGG	NA	NA	NA	0	0	0	1	NA	NA	NA	NA	NA
JPYC01000110.1_7	7749	10136	2388	1	0.626	11	GGAG/GAGG	NA	NA	NA	0	0	0	1	NA	NA	NA	NA	NA
JPYC01000110.1_8	10479	12878	2400	1	0.644	11	GGA/GAG/AGG	NA	NA	NA	0	0	0	1	NA	NA	NA	NA	NA
JPYC01001098.1_1	25	273	249	-1	0.627	11	None	NA	NA	NA	0	0	0	1	NA	NA	NA	NA	NA
JPYC01001099.1_1	2	253	252	1	0.683	11	None	NA	NA	NA	0	0	0	1	NA	NA	NA	NA	NA
JPYC01001099.1_2	388	672	285	1	0.632	11	None	GENOMAD.216231.VP	1.958e-18	81	0	0	1	1246	Caudoviricetes	NA	NA	PF05521;TIGR01563;COG5614	phage head-tail adaptor, putative, SPP1 family
JPYC01001100.1_1	3	563	561	1	0.661	11	None	GENOMAD.029998.CC	1.726e-09	59	0	0	0	1	NA	NA	NA	PF13525;TIGR02795;COG5010	tol-pal system protein YbgF
JPYC01001101.1_1	1	588	588	1	0.660	11	None	NA	NA	NA	0	0	0	1	NA	NA	NA	NA	NA
JPYC01001102.1_1	3	371	369	-1	0.645	11	None	GENOMAD.147788.CP	1.677e-56	192	0	0	0	1	NA	NA	NA	PF09363;COG3958	XFP C-terminal domain
JPYC01001103.1_1	2	1684	1683	1	0.649	11	None	NA	NA	NA	0	0	0	1	NA	NA	NA	NA	NA
JPYC01001104.1_1	3	170	168	-1	0.726	11	GGA/GAG/AGG	NA	NA	NA	0	0	0	1	NA	NA	NA	NA	NA
JPYC01001104.1_2	303	578	276	1	0.685	11	GGA/GAG/AGG	NA	NA	NA	0	0	0	1	NA	NA	NA	NA	NA
JPYC01001104.1_3	590	1009	420	1	0.674	11	None	NA	NA	NA	0	0	0	1	NA	NA	NA	NA	NA
JPYC01001105.1_1	1	168	168	-1	0.714	11	GGA/GAG/AGG	NA	NA	NA	0	0	0	1	NA	NA	NA	NA	NA
JPYC01001106.1_1	3	665	663	-1	0.665	11	GGAG/GAGG	GENOMAD.119007.CP	1.669e-12	69	0	0	0	1	NA	NA	NA	PF06429;PF00460;K02391;COG4786;TIGR02488	Flagellar basal body rod protein FlgG
JPYC01001107.1_1	3	323	321	-1	0.692	11	None	NA	NA	NA	0	0	0	1	NA	NA	NA	NA	NA
JPYC01000111.1_1	82	993	912	1	0.637	11	GGxGG	NA	NA	NA	0	0	0	1	NA	NA	NA	NA	NA
JPYC01000111.1_2	987	1898	912	1	0.667	11	None	NA	NA	NA	0	0	0	1	NA	NA	NA	NA	NA
JPYC01000111.1_3	1895	2773	879	1	0.689	11	GGxGG	GENOMAD.183309.PC	4.772e-10	63	0	0	0	1	NA	NA	NA	PF05035;COG3734;TIGR02261	2-keto-3-deoxy-galactonokinase
JPYC01000111.1_4	2857	3180	324	1	0.630	11	GGA/GAG/AGG	GENOMAD.132576.CP	2.374e-05	44	0	0	0	1	NA	NA	NA	PF17179;K02691;TIGR02060;COG1146	adenosine phosphosulphate reductase, beta subunit
JPYC01000111.1_5	3128	3394	267	1	0.689	11	AGGAG	NA	NA	NA	0	0	0	1	NA	NA	NA	NA	NA
JPYC01000111.1_6	3301	3819	519	-1	0.680	11	AGGAG	GENOMAD.034204.CC	1.559e-72	241	0	0	0	1	NA	NA	NA	COG3317	Uncharacterized lipoprotein, NlpB/DapX family
JPYC01000111.1_7	3836	4807	972	-1	0.687	11	None	NA	NA	NA	0	0	0	1	NA	NA	NA	NA	NA
JPYC01000111.1_8	4889	5464	576	1	0.622	11	None	GENOMAD.123185.CP	9.814e-24	101	0	0	0	1	NA	NA	NA	COG2716;K07166	Glycine cleavage system regulatory protein
JPYC01000111.1_9	5476	5826	351	1	0.581	11	GGAG/GAGG	NA	NA	NA	0	0	0	1	NA	NA	NA	NA	NA
JPYC01000111.1_10	5863	6345	483	1	0.627	11	GGA/GAG/AGG	GENOMAD.115115.CP	1.714e-11	64	0	0	0	1	NA	NA	NA	PF13911;K24130;TIGR03137;COG1225	AhpC/TSA antioxidant enzyme
JPYC01000111.1_11	6428	7825	1398	1	0.621	11	GGA/GAG/AGG	NA	NA	NA	0	0	0	1	NA	NA	NA	NA	NA
JPYC01000111.1_12	7825	8307	483	1	0.654	11	GGAGG	NA	NA	NA	0	0	0	1	NA	NA	NA	NA	NA
JPYC01000111.1_13	8314	8679	366	1	0.658	11	None	GENOMAD.171470.CP	6.3e-26	104	0	0	0	1	NA	NA	NA	PF06912;COG3619	Uncharacterized membrane protein YoaK, UPF0700 family
JPYC01001108.1_1	2	355	354	-1	0.686	11	None	NA	NA	NA	0	0	0	1	NA	NA	NA	NA	NA
JPYC01001109.1_1	2	373	372	1	0.659	11	None	NA	NA	NA	0	0	0	1	NA	NA	NA	NA	NA
JPYC01001110.1_1	3	251	249	1	0.663	11	None	GENOMAD.162602.CP	3.307e-08	51	0	0	0	1	NA	NA	NA	PF01569;K01096;COG1963	PAP2 superfamily
JPYC01001111.1_1	2	703	702	1	0.692	11	None	GENOMAD.194676.PC	4.534e-133	419	0	0	0	1	NA	NA	NA	PF11859;COG5343;TIGR02949	Anti-sigma-K factor RskA
JPYC01001112.1_1	3	98	96	-1	0.708	11	None	NA	NA	NA	0	0	0	1	NA	NA	NA	NA	NA
JPYC01001112.1_2	518	727	210	1	0.605	11	GGAG/GAGG	NA	NA	NA	0	0	0	1	NA	NA	NA	NA	NA
JPYC01001113.1_1	3	275	273	1	0.681	11	None	NA	NA	NA	0	0	0	1	NA	NA	NA	NA	NA
JPYC01001114.1_1	2	256	255	-1	0.729	11	GGA/GAG/AGG	NA	NA	NA	0	0	0	1	NA	NA	NA	NA	NA
JPYC01001114.1_2	259	525	267	-1	0.678	11	None	GENOMAD.118517.CP	1.706e-09	55	0	0	0	1246	Caudoviricetes	NA	NA	PF01148;COG4589	Cytidylyltransferase family
JPYC01001115.1_1	401	1705	1305	1	0.644	11	GGA/GAG/AGG	NA	NA	NA	0	0	0	1	NA	NA	NA	NA	NA
JPYC01001116.1_1	1	405	405	1	0.627	11	None	NA	NA	NA	0	0	0	1	NA	NA	NA	NA	NA
JPYC01001117.1_1	3	347	345	1	0.693	11	None	NA	NA	NA	0	0	0	1	NA	NA	NA	NA	NA
JPYC01000112.1_1	1	1221	1221	1	0.648	11	None	NA	NA	NA	0	0	0	1	NA	NA	NA	NA	NA
JPYC01000112.1_2	1489	1761	273	1	0.692	11	None	GENOMAD.124267.CP	4.269e-39	140	0	0	0	1	NA	NA	NA	PF01371;TIGR01321;COG4496	trp operon repressor, proteobacterial
JPYC01000112.1_3	1771	2130	360	1	0.700	11	GGA/GAG/AGG	NA	NA	NA	0	0	0	1	NA	NA	NA	NA	NA
JPYC01001118.1_1	3	509	507	1	0.688	11	None	GENOMAD.105317.CP	1.078e-22	97	0	0	0	1	NA	NA	NA	PF12698;K09696;COG1668;TIGR03518	ABC-type Na+ efflux pump, permease component
JPYC01001119.1_1	3	371	369	-1	0.640	11	None	NA	NA	NA	0	0	0	1	NA	NA	NA	NA	NA
JPYC01001120.1_1	2	265	264	-1	0.629	11	None	NA	NA	NA	0	0	0	1	NA	NA	NA	NA	NA
JPYC01001121.1_1	210	509	300	1	0.630	11	None	NA	NA	NA	0	0	0	1	NA	NA	NA	NA	NA
JPYC01001122.1_1	1	639	639	-1	0.646	11	None	NA	NA	NA	0	0	0	1	NA	NA	NA	NA	NA
JPYC01001123.1_1	1	348	348	1	0.727	11	None	GENOMAD.171982.CP	6.021e-07	49	0	0	0	1	NA	NA	NA	PF07738	NA
JPYC01001124.1_1	2	271	270	1	0.611	11	None	NA	NA	NA	0	0	0	1	NA	NA	NA	NA	NA
JPYC01001125.1_1	2	679	678	1	0.668	11	None	NA	NA	NA	0	0	0	1	NA	NA	NA	NA	NA
JPYC01001126.1_1	1	411	411	1	0.655	11	None	GENOMAD.094115.CP	1.729e-46	164	0	0	0	1	NA	NA	NA	PF08482	ATP-dependent helicase C-terminal
JPYC01001127.1_1	1	633	633	-1	0.610	11	None	NA	NA	NA	0	0	0	1	NA	NA	NA	NA	NA
JPYC01000113.1_1	1	351	351	1	0.675	11	None	NA	NA	NA	0	0	0	1	NA	NA	NA	NA	NA
JPYC01000113.1_2	335	1597	1263	-1	0.652	11	GGA/GAG/AGG	NA	NA	NA	0	0	0	1	NA	NA	NA	NA	NA
JPYC01000113.1_3	1608	2039	432	-1	0.657	11	GGA/GAG/AGG	GENOMAD.101229.CV	2.38e-10	60	0	0	0	1	NA	NA	NA	PF18023;K09577;COG1047	BDBT FKBP like N-terminal
JPYC01000113.1_4	2099	2464	366	1	0.653	11	None	GENOMAD.018062.CC	1.591e-15	74	0	0	0	1	NA	NA	NA	PF19661	Putative prokaryotic signal transducing protein
JPYC01000113.1_5	2564	3310	747	1	0.632	11	None	GENOMAD.112742.CP	1.229e-22	100	0	0	0	1	NA	NA	NA	PF17773;COG1054	UPF0176 acylphosphatase like domain
JPYC01000113.1_6	3550	4197	648	1	0.593	11	GGAG/GAGG	NA	NA	NA	0	0	0	1	NA	NA	NA	NA	NA
JPYC01000113.1_7	4722	5018	297	-1	0.650	11	GGAG/GAGG	NA	NA	NA	0	0	0	1	NA	NA	NA	NA	NA
JPYC01001128.1_1	2	1180	1179	1	0.695	11	None	GENOMAD.151639.CP	3.25e-107	353	0	0	0	1	NA	NA	NA	COG1289;K15547	Uncharacterized membrane protein YccC
JPYC01001129.1_1	2	352	351	1	0.610	11	None	GENOMAD.101014.VV	4.393e-27	107	0	0	1	1	NA	NA	NA	PF12375	Phage protein
JPYC01001129.1_2	1070	1846	777	-1	0.574	11	None	NA	NA	NA	0	0	0	1	NA	NA	NA	NA	NA
JPYC01001130.1_1	2	472	471	1	0.626	11	None	NA	NA	NA	0	0	0	1	NA	NA	NA	NA	NA
JPYC01001131.1_1	2	229	228	1	0.724	11	None	NA	NA	NA	0	0	0	1	NA	NA	NA	NA	NA
JPYC01001131.1_2	645	2213	1569	1	0.648	11	GGAG/GAGG	GENOMAD.151073.CP	1.278e-07	57	0	0	0	1	NA	NA	NA	PF00723;PF09137;TIGR01577;COG3387;K01178	oligosaccharide amylase
JPYC01001132.1_1	3	251	249	1	0.719	11	None	NA	NA	NA	0	0	0	1	NA	NA	NA	NA	NA
JPYC01001133.1_1	3	326	324	1	0.657	11	None	NA	NA	NA	0	0	0	1	NA	NA	NA	NA	NA
JPYC01001134.1_1	78	1769	1692	1	0.644	11	GGA/GAG/AGG	NA	NA	NA	0	0	0	1	NA	NA	NA	NA	NA
JPYC01001135.1_1	1	225	225	-1	0.658	11	None	NA	NA	NA	0	0	0	1	NA	NA	NA	NA	NA
JPYC01001136.1_1	75	287	213	1	0.596	11	None	NA	NA	NA	0	0	0	1	NA	NA	NA	NA	NA
JPYC01001137.1_1	1	267	267	1	0.670	11	None	NA	NA	NA	0	0	0	1	NA	NA	NA	NA	NA
JPYC01000114.1_1	465	656	192	-1	0.599	11	GGA/GAG/AGG	NA	NA	NA	0	0	0	1	NA	NA	NA	NA	NA
JPYC01000114.1_2	1270	3174	1905	-1	0.620	11	GGAG/GAGG	NA	NA	NA	0	0	0	1	NA	NA	NA	NA	NA
JPYC01000114.1_3	3413	4036	624	1	0.731	11	GGA/GAG/AGG	NA	NA	NA	0	0	0	1	NA	NA	NA	NA	NA
JPYC01000114.1_4	4033	4539	507	1	0.657	11	None	NA	NA	NA	0	0	0	1	NA	NA	NA	NA	NA
JPYC01000114.1_5	4586	5083	498	1	0.645	11	GGAGG	NA	NA	NA	0	0	0	1	NA	NA	NA	NA	NA
JPYC01000114.1_6	5100	5324	225	1	0.702	11	AGxAGG/AGGxGG	NA	NA	NA	0	0	0	1	NA	NA	NA	NA	NA
JPYC01000114.1_7	5315	5599	285	1	0.607	11	None	NA	NA	NA	0	0	0	1	NA	NA	NA	NA	NA
JPYC01000114.1_8	5596	7374	1779	1	0.678	11	AGGAG/GGAGG	NA	NA	NA	0	0	0	1	NA	NA	NA	NA	NA
JPYC01000114.1_9	7663	9423	1761	1	0.652	11	None	NA	NA	NA	0	0	0	1	NA	NA	NA	NA	NA
JPYC01000114.1_10	9573	10295	723	-1	0.663	11	None	NA	NA	NA	0	0	0	1	NA	NA	NA	NA	NA
JPYC01000114.1_11	10357	12915	2559	1	0.632	11	GGA/GAG/AGG	GENOMAD.152082.CP	2.059e-27	123	0	0	0	1	NA	NA	NA	PF00593;PF07715;PF00691;TIGR01782;COG4773;K16089	TonB-dependent receptor
JPYC01000114.1_12	12912	14033	1122	1	0.656	11	AGxAGG/AGGxGG	GENOMAD.181891.CV	7.09e-64	226	0	0	0	1	NA	NA	NA	PF02333;COG4247	3-phytase (myo-inositol-hexaphosphate 3-phosphohydrolase)
JPYC01000114.1_13	14030	15409	1380	1	0.675	11	GGA/GAG/AGG	GENOMAD.211408.CP	0.0004988	45	0	0	0	1	NA	NA	NA	PF09423;TIGR03729;K14379;COG2908	PhoD-like phosphatase
JPYC01000114.1_14	15781	16488	708	1	0.631	11	GGA/GAG/AGG	NA	NA	NA	0	0	0	1	NA	NA	NA	NA	NA
JPYC01000114.1_15	16840	18336	1497	-1	0.677	11	AGGAG	NA	NA	NA	0	0	0	1	NA	NA	NA	NA	NA
JPYC01000114.1_16	18459	18890	432	1	0.678	11	None	GENOMAD.022927.CC	2.987e-06	48	0	0	0	1	NA	NA	NA	K03718;COG1522	DNA-binding transcriptional regulator, Lrp family
JPYC01000114.1_17	19044	20114	1071	1	0.685	11	None	NA	NA	NA	0	0	0	1	NA	NA	NA	NA	NA
JPYC01000114.1_18	20196	21341	1146	1	0.667	11	None	GENOMAD.077211.CP	1.746e-08	59	0	0	0	1246	Caudoviricetes	NA	NA	PF01702;K00773;TIGR00430;COG0343	tRNA-guanine transglycosylase
JPYC01001138.1_1	3	257	255	1	0.706	11	None	NA	NA	NA	0	0	0	1	NA	NA	NA	NA	NA
JPYC01001139.1_1	3	386	384	1	0.680	11	None	GENOMAD.154381.CP	2.491e-13	68	0	0	0	1	NA	NA	NA	PF09820;K03556;COG2909;TIGR02928	ATP-, maltotriose- and DNA-dependent transcriptional regulator MalT
JPYC01001140.1_1	1	72	72	1	0.472	11	None	NA	NA	NA	0	0	0	1	NA	NA	NA	NA	NA
JPYC01001140.1_2	69	656	588	1	0.536	11	None	NA	NA	NA	0	0	0	1	NA	NA	NA	NA	NA
JPYC01001140.1_3	649	1629	981	1	0.559	11	GGA/GAG/AGG	NA	NA	NA	0	0	0	1	NA	NA	NA	NA	NA
JPYC01001140.1_4	1626	1763	138	1	0.630	11	None	NA	NA	NA	0	0	0	1	NA	NA	NA	NA	NA
JPYC01001141.1_1	3	695	693	-1	0.681	11	None	NA	NA	NA	0	0	0	1	NA	NA	NA	NA	NA
JPYC01001142.1_1	3	365	363	1	0.705	11	None	NA	NA	NA	0	0	0	1	NA	NA	NA	NA	NA
JPYC01001142.1_2	475	579	105	1	0.733	11	GGAGG	NA	NA	NA	0	0	0	1	NA	NA	NA	NA	NA
JPYC01001143.1_1	1	306	306	1	0.739	11	None	NA	NA	NA	0	0	0	1	NA	NA	NA	NA	NA
JPYC01001144.1_1	3	278	276	-1	0.670	11	GGAG/GAGG	NA	NA	NA	0	0	0	1	NA	NA	NA	NA	NA
JPYC01001145.1_1	2	517	516	1	0.661	11	None	GENOMAD.116397.CP	3.834e-54	188	0	0	0	1	NA	NA	NA	PF14501;PF01584;PF01627;PF02895;K03407;COG0643;TIGR01924	Chemotaxis protein histidine kinase CheA
JPYC01001146.1_1	1	303	303	1	0.650	11	None	NA	NA	NA	0	0	0	1	NA	NA	NA	NA	NA
JPYC01001146.1_2	417	815	399	1	0.674	11	GGA/GAG/AGG	NA	NA	NA	0	0	0	1	NA	NA	NA	NA	NA
JPYC01001146.1_3	978	1229	252	-1	0.659	11	None	NA	NA	NA	0	0	0	1	NA	NA	NA	NA	NA
JPYC01001147.1_1	2	283	282	1	0.645	11	None	NA	NA	NA	0	0	0	1	NA	NA	NA	NA	NA
JPYC01000115.1_1	2	238	237	1	0.709	11	None	NA	NA	NA	0	0	0	1	NA	NA	NA	NA	NA
JPYC01000115.1_2	531	1793	1263	-1	0.665	11	GGA/GAG/AGG	GENOMAD.196178.PC	2.583e-49	185	0	1	0	1	NA	NA	NA	PF06057;COG3946;TIGR03100;K05714	Type IV secretory pathway, VirJ component
JPYC01000115.1_3	2290	4224	1935	-1	0.704	11	None	GENOMAD.010877.CC	8.647e-08	58	0	0	0	1	NA	NA	NA	K09667;COG4105	Outer membrane protein assembly factor BamD, BamD/ComL family
JPYC01001148.1_1	2	205	204	-1	0.632	11	None	NA	NA	NA	0	0	0	1	NA	NA	NA	NA	NA
JPYC01001149.1_1	1	231	231	1	0.645	11	None	NA	NA	NA	0	0	0	1	NA	NA	NA	NA	NA
JPYC01001150.1_1	3	131	129	-1	0.682	11	AGGA/GGAG/GAGG	NA	NA	NA	0	0	0	1	NA	NA	NA	NA	NA
JPYC01001150.1_2	542	847	306	1	0.712	11	GGA/GAG/AGG	NA	NA	NA	0	0	0	1	NA	NA	NA	NA	NA
JPYC01001151.1_1	1	942	942	1	0.627	11	None	NA	NA	NA	0	0	0	1	NA	NA	NA	NA	NA
JPYC01001151.1_2	939	1787	849	1	0.647	11	GGA/GAG/AGG	NA	NA	NA	0	0	0	1	NA	NA	NA	NA	NA
JPYC01001151.1_3	2000	2071	72	1	0.681	11	AGGAG	NA	NA	NA	0	0	0	1	NA	NA	NA	NA	NA
JPYC01001152.1_1	149	772	624	-1	0.654	11	None	NA	NA	NA	0	0	0	1	NA	NA	NA	NA	NA
JPYC01001152.1_2	776	1120	345	-1	0.675	11	GGA/GAG/AGG	NA	NA	NA	0	0	0	1	NA	NA	NA	NA	NA
JPYC01001154.1_1	46	210	165	-1	0.624	11	None	NA	NA	NA	0	0	0	1	NA	NA	NA	NA	NA
JPYC01001155.1_1	2	277	276	1	0.663	11	None	NA	NA	NA	0	0	0	1	NA	NA	NA	NA	NA
JPYC01001156.1_1	3	467	465	-1	0.645	11	None	NA	NA	NA	0	0	0	1	NA	NA	NA	NA	NA
JPYC01001157.1_1	2	448	447	-1	0.671	11	None	NA	NA	NA	0	0	0	1	NA	NA	NA	NA	NA
JPYC01000116.1_1	2	1429	1428	-1	0.683	11	None	GENOMAD.082750.CP	6.462e-09	61	0	0	0	1	NA	NA	NA	PF11741	AMIN domain
JPYC01000116.1_2	1460	1981	522	-1	0.663	11	GGAG/GAGG	GENOMAD.073523.CV	1.018e-34	132	1	0	0	1	NA	NA	NA	PF02367;K06925;TIGR00150;COG0802	tRNA threonylcarbamoyl adenosine modification protein YjeE
JPYC01000116.1_3	1978	3465	1488	-1	0.694	11	None	GENOMAD.093644.CP	1.564e-17	89	1	0	0	1	NA	NA	NA	PF03853;TIGR00197;COG0062;K23997	yjeF N-terminal region
JPYC01000116.1_4	3490	4557	1068	1	0.661	11	None	NA	NA	NA	0	0	0	1	NA	NA	NA	NA	NA
JPYC01000116.1_5	4681	5616	936	1	0.674	11	GGA/GAG/AGG	NA	NA	NA	0	0	0	1	NA	NA	NA	NA	NA
JPYC01001158.1_1	234	794	561	-1	0.599	11	AGGA/GGAG/GAGG	GENOMAD.012059.CC	7.787e-06	48	0	0	0	1	NA	NA	NA	PF12902;PF09537;K03594;TIGR00754;COG0783	bacterioferritin
JPYC01001158.1_2	834	1214	381	-1	0.635	11	GGA/GAG/AGG	GENOMAD.104113.VV	0.0004545	41	0	0	0	1246	Caudoviricetes	NA	NA	K24136	NA
JPYC01001158.1_3	1215	1316	102	-1	0.608	11	AGGAG	NA	NA	NA	0	0	0	1	NA	NA	NA	NA	NA
JPYC01001159.1_1	3	446	444	-1	0.619	11	GGAGG	NA	NA	NA	0	0	0	1	NA	NA	NA	NA	NA
JPYC01001160.1_1	3	737	735	1	0.648	11	None	GENOMAD.091902.CP	1.047e-24	106	0	0	0	1246	Caudoviricetes	NA	NA	COG1297	Uncharacterized membrane protein, oligopeptide transporter (OPT) family
JPYC01001161.1_1	2	361	360	1	0.686	11	None	NA	NA	NA	0	0	0	1	NA	NA	NA	NA	NA
JPYC01001162.1_1	3	260	258	-1	0.655	11	None	NA	NA	NA	0	0	0	1	NA	NA	NA	NA	NA
JPYC01001163.1_1	3	1469	1467	1	0.665	11	None	NA	NA	NA	0	0	0	1	NA	NA	NA	NA	NA
JPYC01001164.1_1	2	865	864	-1	0.662	11	AGGAG	GENOMAD.059743.CP	3.901e-52	188	0	0	0	1	NA	NA	NA	K01924;COG0773	UDP-N-acetylmuramate-alanine ligase
JPYC01001165.1_1	2	289	288	1	0.628	11	None	NA	NA	NA	0	0	0	1	NA	NA	NA	NA	NA
JPYC01001166.1_1	2	493	492	-1	0.687	11	None	GENOMAD.228084.CP	1.517e-15	76	0	0	0	1	NA	NA	NA	PF03772;COG0658;TIGR00361;K11085	Predicted membrane metal-binding protein
JPYC01001167.1_1	2	1414	1413	1	0.730	11	None	GENOMAD.094115.CP	4.337e-44	171	0	0	0	1	NA	NA	NA	PF08482	ATP-dependent helicase C-terminal
JPYC01000117.1_1	2	235	234	1	0.607	11	None	GENOMAD.136862.CP	8.504e-05	41	0	0	0	1	NA	NA	NA	PF02469;COG2335;K19897	Uncaracterized surface protein containing fasciclin (FAS1) repeats
JPYC01000117.1_2	753	2189	1437	-1	0.658	11	None	GENOMAD.195628.PC	1.066e-42	167	0	0	0	1	NA	NA	NA	PF13566;TIGR03915;K14162	probable DNA metabolism protein
JPYC01000117.1_3	2462	3706	1245	-1	0.634	11	None	GENOMAD.154219.PC	3.601e-126	409	0	1	0	1	NA	NA	NA	PF06412;TIGR03916;COG4277	putative DNA modification/repair radical SAM protein
JPYC01000117.1_4	3914	4732	819	-1	0.708	11	AGGAG	GENOMAD.153335.CP	1.779e-10	64	0	0	0	1	NA	NA	NA	PF02900;K00455;TIGR02298;COG3384	3,4-dihydroxyphenylacetate 2,3-dioxygenase
JPYC01000117.1_5	5099	5995	897	1	0.685	11	GGA/GAG/AGG	GENOMAD.190451.PC	2.67e-11	67	0	0	0	1	NA	NA	NA	K21698;TIGR02424;COG0583	pca operon transcription factor PcaQ
JPYC01000117.1_6	6227	6796	570	1	0.668	11	AGGAG	GENOMAD.136393.CP	7.96e-05	45	0	0	0	1	NA	NA	NA	PF03358;K03809;COG0655;TIGR01755	Multimeric flavodoxin WrbA
JPYC01000117.1_7	6935	7417	483	1	0.656	11	GGAG/GAGG	NA	NA	NA	0	0	0	1	NA	NA	NA	NA	NA
JPYC01001168.1_1	2	262	261	-1	0.651	11	GGA/GAG/AGG	NA	NA	NA	0	0	0	1	NA	NA	NA	NA	NA
JPYC01001168.1_2	533	1567	1035	-1	0.676	11	None	NA	NA	NA	0	0	0	1	NA	NA	NA	NA	NA
JPYC01001169.1_1	1	423	423	-1	0.674	11	None	GENOMAD.191812.CP	4.484e-38	140	0	0	0	1	NA	NA	NA	PF03372;K18353;TIGR03395;COG5239	sphingomyelin phosphodiesterase
JPYC01001170.1_1	52	267	216	1	0.671	11	GGAG/GAGG	NA	NA	NA	0	0	0	1	NA	NA	NA	NA	NA
JPYC01001171.1_1	1	840	840	-1	0.681	11	None	GENOMAD.101840.CV	1.685e-36	142	0	0	0	1	NA	NA	NA	PF11898;PF04408;PF07717;K03578;TIGR01967	RNA helicase HrpA
JPYC01001172.1_1	3	278	276	-1	0.627	11	None	NA	NA	NA	0	0	0	1	NA	NA	NA	NA	NA
JPYC01001173.1_1	1	180	180	-1	0.644	11	GGAG/GAGG	GENOMAD.034940.CC	2.081e-17	76	0	0	0	1	NA	NA	NA	TIGR02538	type IV-A pilus assembly ATPase PilB
JPYC01001173.1_2	310	2376	2067	-1	0.676	11	None	GENOMAD.190262.VC	2.846e-09	63	0	0	0	1246	Caudoviricetes	NA	NA	K01342;TIGR03921;COG1404	type VII secretion-associated serine protease mycosin
JPYC01001174.1_1	1	210	210	-1	0.714	11	None	NA	NA	NA	0	0	0	1	NA	NA	NA	NA	NA
JPYC01001175.1_1	3	461	459	1	0.669	11	None	NA	NA	NA	0	0	0	1	NA	NA	NA	NA	NA
JPYC01001176.1_1	55	348	294	-1	0.646	11	GGA/GAG/AGG	NA	NA	NA	0	0	0	1	NA	NA	NA	NA	NA
JPYC01001176.1_2	357	770	414	-1	0.640	11	AGGAG	NA	NA	NA	0	0	0	1	NA	NA	NA	NA	NA
JPYC01001176.1_3	921	998	78	-1	0.603	11	None	NA	NA	NA	0	0	0	1	NA	NA	NA	NA	NA
JPYC01000118.1_1	1	2634	2634	1	0.633	11	None	NA	NA	NA	0	0	0	1	NA	NA	NA	NA	NA
JPYC01001177.1_1	2	202	201	-1	0.756	11	None	NA	NA	NA	0	0	0	1	NA	NA	NA	NA	NA
JPYC01001178.1_1	1	450	450	-1	0.742	11	None	NA	NA	NA	0	0	0	1	NA	NA	NA	NA	NA
JPYC01001179.1_1	3	293	291	-1	0.732	11	None	NA	NA	NA	0	0	0	1	NA	NA	NA	NA	NA
JPYC01001180.1_1	3	383	381	-1	0.696	11	None	NA	NA	NA	0	0	0	1	NA	NA	NA	NA	NA
JPYC01001181.1_1	3	278	276	-1	0.674	11	None	NA	NA	NA	0	0	0	1	NA	NA	NA	NA	NA
JPYC01001182.1_1	3	482	480	1	0.671	11	None	NA	NA	NA	0	0	0	1	NA	NA	NA	NA	NA
JPYC01001182.1_2	452	520	69	-1	0.522	11	None	NA	NA	NA	0	0	0	1	NA	NA	NA	NA	NA
JPYC01001183.1_1	1	129	129	-1	0.721	11	GGA/GAG/AGG	NA	NA	NA	0	0	0	1	NA	NA	NA	NA	NA
JPYC01001184.1_1	2	295	294	-1	0.697	11	None	NA	NA	NA	0	0	0	1	NA	NA	NA	NA	NA
JPYC01001185.1_1	25	282	258	-1	0.636	11	None	NA	NA	NA	0	0	0	1	NA	NA	NA	NA	NA
JPYC01000119.1_1	2	316	315	-1	0.673	11	None	NA	NA	NA	0	0	0	1	NA	NA	NA	NA	NA
JPYC01001186.1_1	19	414	396	-1	0.649	11	None	GENOMAD.053871.PP	1.402e-78	256	0	0	0	1	NA	NA	NA	NA	NA
JPYC01001187.1_1	1	240	240	1	0.671	11	None	NA	NA	NA	0	0	0	1	NA	NA	NA	NA	NA
JPYC01001187.1_2	240	395	156	1	0.641	11	AGxAGG/AGGxGG	NA	NA	NA	0	0	0	1	NA	NA	NA	NA	NA
JPYC01001188.1_1	2	301	300	1	0.700	11	None	NA	NA	NA	0	0	0	1	NA	NA	NA	NA	NA
JPYC01001188.1_2	495	1673	1179	1	0.669	11	GGA/GAG/AGG	GENOMAD.142505.CP	4.757e-54	198	0	0	0	1	NA	NA	NA	PF01435;COG0501	Zn-dependent protease with chaperone function
JPYC01001189.1_1	1	402	402	1	0.692	11	None	NA	NA	NA	0	0	0	1	NA	NA	NA	NA	NA
JPYC01001190.1_1	2	457	456	1	0.706	11	None	GENOMAD.101231.CP	5.613e-74	244	0	0	0	1	NA	NA	NA	PF04348;K07121;COG3107;TIGR03407	Outer membrane lipoprotein LpoA, binds and activates PBP1a
JPYC01001191.1_1	2	622	621	1	0.692	11	None	GENOMAD.100682.CP	5.024e-16	79	0	0	0	1	NA	NA	NA	NA	NA
JPYC01001191.1_2	863	1735	873	1	0.659	11	GGA/GAG/AGG	NA	NA	NA	0	0	0	1	NA	NA	NA	NA	NA
JPYC01001192.1_1	2	508	507	1	0.609	11	None	NA	NA	NA	0	0	0	1	NA	NA	NA	NA	NA
JPYC01001193.1_1	1	408	408	-1	0.620	11	AGGAG	NA	NA	NA	0	0	0	1	NA	NA	NA	NA	NA
JPYC01001193.1_2	627	776	150	1	0.667	11	GGAG/GAGG	NA	NA	NA	0	0	0	1	NA	NA	NA	NA	NA
JPYC01001194.1_1	3	530	528	1	0.644	11	None	NA	NA	NA	0	0	0	1	NA	NA	NA	NA	NA
JPYC01001195.1_1	3	200	198	-1	0.662	11	GGA/GAG/AGG	NA	NA	NA	0	0	0	1	NA	NA	NA	NA	NA
JPYC01001195.1_2	441	1352	912	-1	0.646	11	None	GENOMAD.114541.CP	8.048e-34	135	0	0	0	1	NA	NA	NA	PF01039;K01604;TIGR01117;COG4799	methylmalonyl-CoA decarboxylase alpha subunit
JPYC01000012.1_1	2	238	237	-1	0.637	11	None	NA	NA	NA	0	0	0	1	NA	NA	NA	NA	NA
JPYC01000120.1_1	787	1722	936	1	0.503	11	GGAG/GAGG	NA	NA	NA	0	0	0	1	NA	NA	NA	NA	NA
JPYC01000120.1_2	1756	2238	483	1	0.592	11	None	GENOMAD.158969.CP	7.36e-13	68	0	0	0	1	NA	NA	NA	NA	NA
JPYC01000120.1_3	2539	3030	492	1	0.543	11	GGA/GAG/AGG	NA	NA	NA	0	0	0	1	NA	NA	NA	NA	NA
JPYC01000120.1_4	3027	3170	144	1	0.583	11	GGAG/GAGG	NA	NA	NA	0	0	0	1	NA	NA	NA	NA	NA
JPYC01000120.1_5	3371	4105	735	-1	0.652	11	GGAG/GAGG	NA	NA	NA	0	0	0	1	NA	NA	NA	NA	NA
JPYC01000120.1_6	4155	5111	957	1	0.642	11	3Base/5BMM	GENOMAD.148267.CP	4.268e-07	54	0	0	0	1	NA	NA	NA	PF12833;K12243;TIGR02297;COG2207	4-hydroxyphenylacetate catabolism regulatory protein HpaA
JPYC01000120.1_7	5388	6155	768	1	0.665	11	GGAG/GAGG	NA	NA	NA	0	0	0	1	NA	NA	NA	NA	NA
JPYC01000120.1_8	6319	6504	186	1	0.559	11	AGGAG	NA	NA	NA	0	0	0	1	NA	NA	NA	NA	NA
JPYC01000120.1_9	6538	6732	195	1	0.544	11	GGAG/GAGG	NA	NA	NA	0	0	0	1	NA	NA	NA	NA	NA
JPYC01000120.1_10	6791	8287	1497	-1	0.661	11	AGGA	NA	NA	NA	0	0	0	1	NA	NA	NA	NA	NA
JPYC01000120.1_11	8590	8901	312	1	0.615	11	None	NA	NA	NA	0	0	0	1	NA	NA	NA	NA	NA
JPYC01000120.1_12	9330	9917	588	1	0.607	11	AGGAG(G)/GGAGG	NA	NA	NA	0	0	0	1	NA	NA	NA	NA	NA
JPYC01000120.1_13	10258	11844	1587	-1	0.644	11	GGA/GAG/AGG	NA	NA	NA	0	0	0	1	NA	NA	NA	NA	NA
JPYC01000120.1_14	12193	12984	792	1	0.614	11	GGA/GAG/AGG	GENOMAD.221086.VP	3.711e-51	184	0	0	0	1246	Caudoviricetes	NA	NA	PF01145;PF13238;TIGR01932;COG0330;K04087	HflC protein
JPYC01000120.1_15	13147	14121	975	1	0.628	11	GGAG/GAGG	GENOMAD.152155.CP	1.292e-17	87	0	0	0	1	NA	NA	NA	K07393;COG0435;TIGR01262	Glutathionyl-hydroquinone reductase
JPYC01000120.1_16	14194	14586	393	1	0.606	11	GGA/GAG/AGG	NA	NA	NA	0	0	0	1	NA	NA	NA	NA	NA
JPYC01001196.1_1	1	447	447	1	0.689	11	None	NA	NA	NA	0	0	0	1	NA	NA	NA	NA	NA
JPYC01001196.1_2	514	573	60	1	0.650	11	None	NA	NA	NA	0	0	0	1	NA	NA	NA	NA	NA
JPYC01001197.1_1	3	356	354	-1	0.644	11	None	NA	NA	NA	0	0	0	1	NA	NA	NA	NA	NA
JPYC01001198.1_1	2	427	426	-1	0.702	11	None	NA	NA	NA	0	0	0	1	NA	NA	NA	NA	NA
JPYC01001199.1_1	2	367	366	1	0.694	11	None	NA	NA	NA	0	0	0	1	NA	NA	NA	NA	NA
JPYC01001199.1_2	480	1385	906	1	0.648	11	3Base/5BMM	NA	NA	NA	0	0	0	1	NA	NA	NA	NA	NA
JPYC01001199.1_3	1644	2474	831	-1	0.674	11	None	NA	NA	NA	0	0	0	1	NA	NA	NA	NA	NA
JPYC01001200.1_1	2	802	801	1	0.680	11	None	NA	NA	NA	0	0	0	1	NA	NA	NA	NA	NA
JPYC01001201.1_1	2	217	216	1	0.759	11	None	NA	NA	NA	0	0	0	1	NA	NA	NA	NA	NA
JPYC01001203.1_1	2	490	489	-1	0.646	11	None	NA	NA	NA	0	0	0	1	NA	NA	NA	NA	NA
JPYC01001204.1_1	2	478	477	1	0.700	11	None	GENOMAD.019505.CC	3.477e-40	147	0	0	0	1	NA	NA	NA	PF02706;COG3765;TIGR03017;K05789	LPS O-antigen chain length determinant protein, WzzB/FepE family
JPYC01001204.1_2	762	1229	468	1	0.677	11	GGAGG	GENOMAD.171298.CP	5.616e-25	103	0	0	0	1	NA	NA	NA	PF03492;K06219;TIGR03840;COG2227	thiopurine S-methyltransferase, Se/Te detoxification family
JPYC01001205.1_1	276	761	486	1	0.648	11	GGA/GAG/AGG	NA	NA	NA	0	0	0	1	NA	NA	NA	NA	NA
JPYC01000121.1_1	2	2503	2502	-1	0.647	11	GGxGG	NA	NA	NA	0	0	0	1	NA	NA	NA	NA	NA
JPYC01000121.1_2	2706	3086	381	-1	0.609	11	AGGAG	NA	NA	NA	0	0	0	1	NA	NA	NA	NA	NA
JPYC01000121.1_3	3496	4722	1227	1	0.673	11	None	NA	NA	NA	0	0	0	1	NA	NA	NA	NA	NA
JPYC01000121.1_4	4823	5428	606	1	0.523	11	GGAG/GAGG	NA	NA	NA	0	0	0	1	NA	NA	NA	NA	NA
JPYC01000121.1_5	5527	5775	249	1	0.635	11	GGA/GAG/AGG	NA	NA	NA	0	0	0	1	NA	NA	NA	NA	NA
JPYC01000121.1_6	5772	6074	303	1	0.650	11	AGGAG	NA	NA	NA	0	0	0	1	NA	NA	NA	NA	NA
JPYC01000121.1_7	6061	6303	243	1	0.675	11	GGAGG	NA	NA	NA	0	0	0	1	NA	NA	NA	NA	NA
JPYC01000121.1_8	6371	6790	420	1	0.595	11	GGAGG	NA	NA	NA	0	0	0	1	NA	NA	NA	NA	NA
JPYC01000121.1_9	7010	7573	564	1	0.679	11	GGAG/GAGG	GENOMAD.130534.VV	7.703e-05	45	0	0	0	1246	Caudoviricetes	NA	NA	NA	NA
JPYC01000121.1_10	8048	8224	177	1	0.644	11	GGA/GAG/AGG	NA	NA	NA	0	0	0	1	NA	NA	NA	NA	NA
JPYC01000121.1_11	9750	10211	462	-1	0.682	11	None	GENOMAD.148254.CP	1.822e-05	46	0	0	0	1	NA	NA	NA	PF09098;COG2863;TIGR04484;K20200	Cytochrome c553
JPYC01000121.1_12	10220	10612	393	-1	0.654	11	GGA/GAG/AGG	NA	NA	NA	0	0	0	1	NA	NA	NA	NA	NA
JPYC01000121.1_13	10817	11950	1134	1	0.660	11	AGGA	GENOMAD.138157.CP	2.304e-10	65	0	0	0	1	NA	NA	NA	PF13437;TIGR02828	HlyD family secretion protein
JPYC01000121.1_14	11947	15456	3510	1	0.656	11	GGA/GAG/AGG	NA	NA	NA	0	0	0	1	NA	NA	NA	NA	NA
JPYC01000121.1_15	15453	17228	1776	1	0.624	11	GGxGG	NA	NA	NA	0	0	0	1	NA	NA	NA	NA	NA
JPYC01001206.1_1	1	351	351	1	0.678	11	None	NA	NA	NA	0	0	0	1	NA	NA	NA	NA	NA
JPYC01001207.1_1	274	363	90	-1	0.544	11	None	NA	NA	NA	0	0	0	1	NA	NA	NA	NA	NA
JPYC01001208.1_1	3	602	600	-1	0.650	11	None	NA	NA	NA	0	0	0	1	NA	NA	NA	NA	NA
JPYC01001209.1_1	3	269	267	-1	0.603	11	GGA/GAG/AGG	NA	NA	NA	0	0	0	1	NA	NA	NA	NA	NA
JPYC01001210.1_1	3	212	210	1	0.533	11	None	NA	NA	NA	0	0	0	1	NA	NA	NA	NA	NA
JPYC01001210.1_2	224	673	450	1	0.576	11	GGAG/GAGG	NA	NA	NA	0	0	0	1	NA	NA	NA	NA	NA
JPYC01001211.1_1	102	203	102	1	0.667	11	None	NA	NA	NA	0	0	0	1	NA	NA	NA	NA	NA
JPYC01001212.1_1	2	367	366	1	0.683	11	None	NA	NA	NA	0	0	0	1	NA	NA	NA	NA	NA
JPYC01001213.1_1	1	309	309	-1	0.631	11	GGAG/GAGG	NA	NA	NA	0	0	0	1	NA	NA	NA	NA	NA
JPYC01001214.1_1	3	734	732	-1	0.619	11	None	NA	NA	NA	0	0	0	1	NA	NA	NA	NA	NA
JPYC01001215.1_1	2	718	717	1	0.664	11	None	GENOMAD.179037.PC	5.298e-15	77	0	0	0	1	NA	NA	NA	K05358;COG4993;TIGR03074	Glucose dehydrogenase
JPYC01000122.1_1	3	320	318	1	0.654	11	None	GENOMAD.214347.PC	0.0005361	40	0	0	0	1	NA	NA	NA	PF00196;K01994;TIGR03879;COG2771	Bacterial regulatory proteins, luxR family
JPYC01000122.1_2	537	1940	1404	1	0.670	11	GGA/GAG/AGG	GENOMAD.142809.CP	4.371e-07	55	0	0	0	1	NA	NA	NA	PF00309;TIGR02395;COG1508	Sigma-54 factor, Activator interacting domain (AID)
JPYC01000122.1_3	1949	2332	384	1	0.586	11	AGGA	NA	NA	NA	0	0	0	1	NA	NA	NA	NA	NA
JPYC01000122.1_4	2325	3809	1485	1	0.667	11	AGGAG	NA	NA	NA	0	0	0	1	NA	NA	NA	NA	NA
JPYC01000122.1_5	3927	5036	1110	1	0.619	11	GGAG/GAGG	GENOMAD.076874.VV	2.857e-07	55	0	0	0	1	NA	NA	NA	PF01041;K07806;TIGR03588;COG0399	UDP-4-amino-4,6-dideoxy-N-acetyl-beta-L-altrosamine transaminase
JPYC01000122.1_6	5101	5325	225	1	0.582	11	GGA/GAG/AGG	GENOMAD.206422.CP	5.925e-36	130	0	0	0	1	NA	NA	NA	PF10501;K16025;TIGR01688	D-alanine--poly(phosphoribitol) ligase, subunit 2
JPYC01000122.1_7	5331	6371	1041	1	0.622	11	GGAG/GAGG	NA	NA	NA	0	0	0	1	NA	NA	NA	NA	NA
JPYC01000122.1_8	6368	7135	768	1	0.650	11	None	NA	NA	NA	0	0	0	1	NA	NA	NA	NA	NA
JPYC01000122.1_9	7132	7911	780	1	0.622	11	None	NA	NA	NA	0	0	0	1	NA	NA	NA	NA	NA
JPYC01000122.1_10	7908	8567	660	1	0.608	11	AGGAG/GGAGG	NA	NA	NA	0	0	0	1	NA	NA	NA	NA	NA
JPYC01000122.1_11	8598	9737	1140	1	0.582	11	AGGAG	NA	NA	NA	0	0	0	1	NA	NA	NA	NA	NA
JPYC01000122.1_12	9734	10348	615	1	0.618	11	GGAGG	NA	NA	NA	0	0	0	1	NA	NA	NA	NA	NA
JPYC01000122.1_13	10403	11632	1230	1	0.572	11	GGA/GAG/AGG	NA	NA	NA	0	0	0	1	NA	NA	NA	NA	NA
JPYC01000122.1_14	11817	13091	1275	1	0.598	11	AGGA	NA	NA	NA	0	0	0	1	NA	NA	NA	NA	NA
JPYC01000122.1_15	13133	13882	750	1	0.605	11	AGGAG	NA	NA	NA	0	0	0	1	NA	NA	NA	NA	NA
JPYC01000122.1_16	13879	14646	768	1	0.569	11	GGA/GAG/AGG	NA	NA	NA	0	0	0	1	NA	NA	NA	NA	NA
JPYC01000122.1_17	14891	15187	297	1	0.549	11	GGAG/GAGG	NA	NA	NA	0	0	0	1	NA	NA	NA	NA	NA
JPYC01001216.1_1	3	101	99	1	0.606	11	None	NA	NA	NA	0	0	0	1	NA	NA	NA	NA	NA
JPYC01001217.1_1	2	463	462	1	0.684	11	None	NA	NA	NA	0	0	0	1	NA	NA	NA	NA	NA
JPYC01001218.1_1	1	129	129	1	0.651	11	None	NA	NA	NA	0	0	0	1	NA	NA	NA	NA	NA
JPYC01001218.1_2	126	533	408	1	0.674	11	AGGA/GGAG/GAGG	NA	NA	NA	0	0	0	1	NA	NA	NA	NA	NA
JPYC01001219.1_1	2	268	267	1	0.625	11	None	GENOMAD.166713.CP	8.299e-17	76	0	0	0	1	NA	NA	NA	PF09912;COG4704	Uncharacterized conserved protein, DUF2141 family
JPYC01001220.1_1	1	651	651	-1	0.664	11	GGAG/GAGG	NA	NA	NA	0	0	0	1	NA	NA	NA	NA	NA
JPYC01001221.1_1	109	201	93	1	0.645	11	GGAG/GAGG	NA	NA	NA	0	0	0	1	NA	NA	NA	NA	NA
JPYC01001222.1_1	3	278	276	-1	0.656	11	None	NA	NA	NA	0	0	0	1	NA	NA	NA	NA	NA
JPYC01001223.1_1	1	234	234	-1	0.744	11	None	NA	NA	NA	0	0	0	1	NA	NA	NA	NA	NA
JPYC01001224.1_1	220	594	375	-1	0.672	11	None	GENOMAD.178666.VC	8.474e-32	121	0	0	0	1246	Caudoviricetes	NA	NA	PF12098	NA
JPYC01000123.1_1	3	344	342	1	0.716	11	None	NA	NA	NA	0	0	0	1	NA	NA	NA	NA	NA
JPYC01000123.1_2	700	2784	2085	-1	0.662	11	GGAG/GAGG	NA	NA	NA	0	0	0	1	NA	NA	NA	NA	NA
JPYC01000123.1_3	3022	5469	2448	1	0.681	11	None	NA	NA	NA	0	0	0	1	NA	NA	NA	NA	NA
JPYC01000123.1_4	5483	6007	525	1	0.699	11	GGA/GAG/AGG	GENOMAD.147559.CP	2.879e-58	200	0	0	0	1	NA	NA	NA	PF13512;PF20402;K02656;TIGR02521;COG5010	type IV pilus biogenesis/stability protein PilW
JPYC01000123.1_5	6278	6439	162	1	0.679	11	None	NA	NA	NA	0	0	0	1	NA	NA	NA	NA	NA
JPYC01001225.1_1	3	950	948	1	0.698	11	None	GENOMAD.151639.CP	1.982e-75	257	0	0	0	1	NA	NA	NA	COG1289;K15547	Uncharacterized membrane protein YccC
JPYC01001226.1_1	213	899	687	-1	0.662	11	None	GENOMAD.146337.PC	4.418e-42	156	0	0	0	1	NA	NA	NA	PF13462;PF10411;K03981;COG1651;TIGR00385	Protein-disulfide isomerase
JPYC01001227.1_1	3	218	216	-1	0.634	11	None	NA	NA	NA	0	0	0	1	NA	NA	NA	NA	NA
JPYC01001228.1_1	2	229	228	1	0.711	11	None	NA	NA	NA	0	0	0	1	NA	NA	NA	NA	NA
JPYC01001229.1_1	2	400	399	-1	0.702	11	None	NA	NA	NA	0	0	0	1	NA	NA	NA	NA	NA
JPYC01001230.1_1	3	503	501	1	0.585	11	None	NA	NA	NA	0	0	0	1	NA	NA	NA	NA	NA
JPYC01001231.1_1	2	223	222	-1	0.685	11	None	NA	NA	NA	0	0	0	1	NA	NA	NA	NA	NA
JPYC01001232.1_1	73	537	465	1	0.692	11	None	NA	NA	NA	0	0	0	1	NA	NA	NA	NA	NA
JPYC01001233.1_1	3	233	231	1	0.645	11	None	NA	NA	NA	0	0	0	1	NA	NA	NA	NA	NA
JPYC01001233.1_2	230	388	159	1	0.660	11	None	NA	NA	NA	0	0	0	1	NA	NA	NA	NA	NA
JPYC01001234.1_1	201	266	66	-1	0.697	11	None	NA	NA	NA	0	0	0	1	NA	NA	NA	NA	NA
JPYC01000124.1_1	2	415	414	1	0.744	11	None	NA	NA	NA	0	0	0	1	NA	NA	NA	NA	NA
JPYC01000124.1_2	438	1358	921	-1	0.684	11	None	GENOMAD.060882.CP	2.235e-27	116	0	0	0	1246	Caudoviricetes	NA	NA	PF06325;K02687;COG2264;TIGR00406	Ribosomal protein L11 methyltransferase (PrmA)
JPYC01000124.1_3	1345	1956	612	-1	0.654	11	None	NA	NA	NA	0	0	0	1	NA	NA	NA	NA	NA
JPYC01000124.1_4	2252	3181	930	1	0.705	11	None	NA	NA	NA	0	0	0	1	NA	NA	NA	NA	NA
JPYC01000124.1_5	3178	3543	366	1	0.669	11	GGAG/GAGG	NA	NA	NA	0	0	0	1	NA	NA	NA	NA	NA
JPYC01001235.1_1	28	390	363	1	0.565	11	GGxGG	NA	NA	NA	0	0	0	1	NA	NA	NA	NA	NA
JPYC01001236.1_1	2	73	72	-1	0.625	11	GGA/GAG/AGG	NA	NA	NA	0	0	0	1	NA	NA	NA	NA	NA
JPYC01001236.1_2	81	410	330	-1	0.661	11	None	NA	NA	NA	0	0	0	1	NA	NA	NA	NA	NA
JPYC01001237.1_1	3	494	492	1	0.665	11	None	GENOMAD.001963.CC	2.139e-08	55	0	0	0	1	NA	NA	NA	PF16538	Flagellar assembly protein T, C-terminal domain
JPYC01001238.1_1	2	214	213	1	0.718	11	None	NA	NA	NA	0	0	0	1	NA	NA	NA	NA	NA
JPYC01001239.1_1	1	483	483	1	0.663	11	None	NA	NA	NA	0	0	0	1	NA	NA	NA	NA	NA
JPYC01001240.1_1	3	218	216	-1	0.690	11	None	NA	NA	NA	0	0	0	1	NA	NA	NA	NA	NA
JPYC01001241.1_1	1	468	468	1	0.637	11	None	NA	NA	NA	0	0	0	1	NA	NA	NA	NA	NA
JPYC01001242.1_1	3	329	327	-1	0.697	11	None	NA	NA	NA	0	0	0	1	NA	NA	NA	NA	NA
JPYC01001243.1_1	1	189	189	1	0.730	11	None	NA	NA	NA	0	0	0	1	NA	NA	NA	NA	NA
JPYC01001243.1_2	283	345	63	1	0.667	11	GGAG/GAGG	NA	NA	NA	0	0	0	1	NA	NA	NA	NA	NA
JPYC01001244.1_1	3	101	99	1	0.667	11	None	NA	NA	NA	0	0	0	1	NA	NA	NA	NA	NA
JPYC01001244.1_2	105	281	177	1	0.689	11	GGA/GAG/AGG	NA	NA	NA	0	0	0	1	NA	NA	NA	NA	NA
JPYC01000125.1_1	3	1868	1866	-1	0.644	11	GGA/GAG/AGG	NA	NA	NA	0	0	0	1	NA	NA	NA	NA	NA
JPYC01000125.1_2	2071	2610	540	1	0.630	11	GGA/GAG/AGG	GENOMAD.132183.CP	3.396e-32	125	0	0	0	1	NA	NA	NA	PF10003;COG5488	Integral membrane protein (DUF2244)
JPYC01000125.1_3	2627	3586	960	1	0.651	11	GGA/GAG/AGG	NA	NA	NA	0	0	0	1	NA	NA	NA	NA	NA
JPYC01000125.1_4	3625	5229	1605	1	0.617	11	GGAG/GAGG	NA	NA	NA	0	0	0	1	NA	NA	NA	NA	NA
JPYC01000125.1_5	5210	5383	174	1	0.655	11	GGAG/GAGG	NA	NA	NA	0	0	0	1	NA	NA	NA	NA	NA
JPYC01000125.1_6	5380	5976	597	1	0.650	11	GGAG/GAGG	GENOMAD.134250.CP	1.991e-47	170	0	0	0	1	NA	NA	NA	PF04442;COG3175	Cytochrome c oxidase assembly protein Cox11
JPYC01000125.1_7	6015	6890	876	1	0.613	11	GGA/GAG/AGG	NA	NA	NA	0	0	0	1	NA	NA	NA	NA	NA
JPYC01000125.1_8	6984	7202	219	-1	0.603	11	None	GENOMAD.152014.CP	3.874e-24	96	0	0	0	1	NA	NA	NA	PF11137	NA
JPYC01000125.1_9	7263	7985	723	1	0.675	11	None	GENOMAD.158628.CP	1.154e-16	82	0	0	0	1	NA	NA	NA	PF02104;COG3346;K14998	Cytochrome oxidase assembly protein ShyY1
JPYC01000125.1_10	8013	8588	576	1	0.689	11	GGA/GAG/AGG	GENOMAD.145419.CP	2.09e-95	308	0	0	0	1	NA	NA	NA	PF08534;COG1999;TIGR00385	Cytochrome oxidase Cu insertion factor, SCO1/SenC/PrrC family
JPYC01000125.1_11	8599	9762	1164	1	0.673	11	GGA/GAG/AGG	GENOMAD.123310.CP	4.587e-66	233	0	0	0	1	NA	NA	NA	PF02628;K02259;COG1612	Heme A synthase
JPYC01000125.1_12	9765	10661	897	1	0.637	11	GGAG/GAGG	GENOMAD.105978.CP	4.096e-25	109	0	0	0	1	NA	NA	NA	PF01040;K02257;COG0382;TIGR01473	4-hydroxybenzoate polyprenyltransferase
JPYC01000125.1_13	10897	12477	1581	-1	0.671	11	None	GENOMAD.142879.CP	7.669e-09	61	0	0	0	1	NA	NA	NA	PF03190;PF10345;COG3118;TIGR02738;K03672	Negative regulator of GroEL, contains thioredoxin-like and TPR-like domains
JPYC01000125.1_14	12648	13559	912	-1	0.647	11	None	GENOMAD.158122.CP	7.114e-128	408	0	0	0	1	NA	NA	NA	COG0798	Arsenite efflux pump ArsB, ACR3 family
JPYC01001245.1_1	3	350	348	-1	0.690	11	None	NA	NA	NA	0	0	0	1	NA	NA	NA	NA	NA
JPYC01001246.1_1	3	1625	1623	1	0.632	11	None	NA	NA	NA	0	0	0	1	NA	NA	NA	NA	NA
JPYC01001247.1_1	209	1666	1458	-1	0.602	11	GGAG/GAGG	NA	NA	NA	0	0	0	1	NA	NA	NA	NA	NA
JPYC01001248.1_1	2	307	306	-1	0.621	11	None	NA	NA	NA	0	0	0	1	NA	NA	NA	NA	NA
JPYC01001249.1_1	2	634	633	-1	0.645	11	None	GENOMAD.137994.CP	2.866e-09	59	0	0	0	1	NA	NA	NA	COG1345;K02407	Flagellar capping protein FliD
JPYC01001250.1_1	1	1845	1845	1	0.624	11	None	GENOMAD.152082.CP	1.864e-19	96	0	0	0	1	NA	NA	NA	PF00593;PF07715;PF00691;TIGR01782;COG4773;K16089	TonB-dependent receptor
JPYC01001251.1_1	316	858	543	-1	0.626	11	GGA/GAG/AGG	NA	NA	NA	0	0	0	1	NA	NA	NA	NA	NA
JPYC01001251.1_2	855	1772	918	-1	0.683	11	None	NA	NA	NA	0	0	0	1	NA	NA	NA	NA	NA
JPYC01001251.1_3	1869	2228	360	-1	0.628	11	AGGA	GENOMAD.197717.CP	8.77e-13	66	0	0	0	1	NA	NA	NA	PF08923;COG2018	Predicted regulator of Ras-like GTPase activity, Roadblock/LC7/MglB family
JPYC01001251.1_4	2292	2456	165	-1	0.685	11	None	GENOMAD.205530.CP	4.88e-21	86	0	0	0	1	NA	NA	NA	PF08923;K07131;COG2018	Mitogen-activated protein kinase kinase 1 interacting
JPYC01001252.1_1	3	431	429	1	0.676	11	None	NA	NA	NA	0	0	0	1	NA	NA	NA	NA	NA
JPYC01001253.1_1	236	727	492	1	0.677	11	GGA/GAG/AGG	NA	NA	NA	0	0	0	1	NA	NA	NA	NA	NA
JPYC01001254.1_1	22	630	609	-1	0.672	11	None	GENOMAD.000052.CC	2.086e-39	147	1	0	0	1246	Caudoviricetes	NA	NA	PF02132;PF13662;COG0353;TIGR00615;K06187	Recombinational DNA repair protein RecR
JPYC01000126.1_1	2	181	180	1	0.706	11	None	NA	NA	NA	0	0	0	1	NA	NA	NA	NA	NA
JPYC01000126.1_2	649	1059	411	-1	0.608	11	GGAG/GAGG	NA	NA	NA	0	0	0	1	NA	NA	NA	NA	NA
JPYC01000126.1_3	1164	1559	396	1	0.609	11	None	NA	NA	NA	0	0	0	1	NA	NA	NA	NA	NA
JPYC01000126.1_4	1828	2124	297	-1	0.680	11	GGA/GAG/AGG	GENOMAD.179363.CV	5.738e-09	54	0	0	0	1	NA	NA	NA	PF03658;COG2914;TIGR01682	Putative antitoxin component PasI (RatB) of the RatAB toxin-antitoxin module, ubiquitin-RnfH superfamily
JPYC01000126.1_5	2138	2569	432	-1	0.660	11	None	NA	NA	NA	0	0	0	1	NA	NA	NA	NA	NA
JPYC01000126.1_6	2630	3133	504	1	0.635	11	None	NA	NA	NA	0	0	0	1	NA	NA	NA	NA	NA
JPYC01000126.1_7	3284	5233	1950	-1	0.649	11	None	NA	NA	NA	0	0	0	1	NA	NA	NA	NA	NA
JPYC01000126.1_8	5182	5733	552	-1	0.687	11	AGGAG	NA	NA	NA	0	0	0	1	NA	NA	NA	NA	NA
JPYC01000126.1_9	6373	7899	1527	1	0.589	11	AGGA/GGAG/GAGG	NA	NA	NA	0	0	0	1	NA	NA	NA	NA	NA
JPYC01000126.1_10	8071	10278	2208	-1	0.484	11	GGA/GAG/AGG	NA	NA	NA	0	0	0	1	NA	NA	NA	NA	NA
JPYC01000126.1_11	10704	12242	1539	-1	0.526	11	AGGAG	GENOMAD.151042.PP	6.285e-92	314	0	0	0	1	NA	NA	NA	PF09565;COG3886	HKD family nuclease
JPYC01000126.1_12	12419	14062	1644	-1	0.602	11	AGGAG	NA	NA	NA	0	0	0	1	NA	NA	NA	NA	NA
JPYC01000126.1_13	14553	16367	1815	1	0.587	11	AGGA	NA	NA	NA	0	0	0	1	NA	NA	NA	NA	NA
JPYC01000126.1_14	16357	16788	432	1	0.560	11	None	GENOMAD.223773.PV	3.107e-05	45	0	0	0	1	NA	NA	NA	PF02794;COG2994	ACP:hemolysin acyltransferase (hemolysin-activating protein)
JPYC01000126.1_15	16851	17855	1005	1	0.573	11	GGA/GAG/AGG	NA	NA	NA	0	0	0	1	NA	NA	NA	NA	NA
JPYC01001255.1_1	1	339	339	1	0.678	11	None	NA	NA	NA	0	0	0	1	NA	NA	NA	NA	NA
JPYC01001256.1_1	2	355	354	1	0.661	11	None	NA	NA	NA	0	0	0	1	NA	NA	NA	NA	NA
JPYC01001257.1_1	62	925	864	-1	0.671	11	None	NA	NA	NA	0	0	0	1	NA	NA	NA	NA	NA
JPYC01001258.1_1	1	642	642	1	0.653	11	None	GENOMAD.125882.CP	1.378e-40	151	0	0	0	1	NA	NA	NA	NA	NA
JPYC01001259.1_1	45	398	354	1	0.644	11	AGGAG	NA	NA	NA	0	0	0	1	NA	NA	NA	NA	NA
JPYC01001260.1_1	2	424	423	-1	0.650	11	None	NA	NA	NA	0	0	0	1	NA	NA	NA	NA	NA
JPYC01001261.1_1	2	295	294	1	0.670	11	None	NA	NA	NA	0	0	0	1	NA	NA	NA	NA	NA
JPYC01001262.1_1	34	408	375	-1	0.683	11	None	NA	NA	NA	0	0	0	1	NA	NA	NA	NA	NA
JPYC01001263.1_1	1	147	147	1	0.578	11	None	NA	NA	NA	0	0	0	1	NA	NA	NA	NA	NA
JPYC01001263.1_2	140	256	117	1	0.538	11	GGA/GAG/AGG	NA	NA	NA	0	0	0	1	NA	NA	NA	NA	NA
JPYC01001264.1_1	3	206	204	1	0.652	11	None	NA	NA	NA	0	0	0	1	NA	NA	NA	NA	NA
JPYC01000127.1_1	3	269	267	1	0.670	11	None	GENOMAD.132491.CP	1.772e-16	75	0	0	0	1	NA	NA	NA	PF15977;PF00027;K15861;TIGR03697;COG0664	global nitrogen regulator NtcA, cyanobacterial
JPYC01000127.1_2	355	1086	732	-1	0.698	11	None	NA	NA	NA	0	0	0	1	NA	NA	NA	NA	NA
JPYC01000127.1_3	1200	2504	1305	-1	0.691	11	GGAG/GAGG	NA	NA	NA	0	0	0	1	NA	NA	NA	NA	NA
JPYC01000127.1_4	2666	2980	315	1	0.629	11	GGAG/GAGG	GENOMAD.210365.PC	5.37e-12	63	0	0	0	1	NA	NA	NA	PF09448;TIGR02118	conserved hypothetical protein
JPYC01001265.1_1	106	417	312	1	0.657	11	GGA/GAG/AGG	NA	NA	NA	0	0	0	1	NA	NA	NA	NA	NA
JPYC01001266.1_1	1	534	534	-1	0.667	11	GGAGG	NA	NA	NA	0	0	0	1	NA	NA	NA	NA	NA
JPYC01001266.1_2	527	799	273	-1	0.630	11	None	NA	NA	NA	0	0	0	1	NA	NA	NA	NA	NA
JPYC01001267.1_1	3	548	546	-1	0.668	11	None	GENOMAD.119129.CP	1.169e-27	112	0	0	0	1	NA	NA	NA	PF03453;PF00994;PF03454;COG0303;K03750;TIGR00177	Molybdopterin biosynthesis enzyme
JPYC01001268.1_1	3	365	363	-1	0.700	11	None	GENOMAD.119113.CP	6.567e-08	52	0	0	0	1246	Caudoviricetes	NA	NA	PF03453;PF00994;PF03454;K03750;COG0303;TIGR00177	Molybdopterin biosynthesis enzyme
JPYC01001269.1_1	185	277	93	-1	0.581	11	None	NA	NA	NA	0	0	0	1	NA	NA	NA	NA	NA
JPYC01001270.1_1	3	566	564	1	0.637	11	None	NA	NA	NA	0	0	0	1	NA	NA	NA	NA	NA
JPYC01001270.1_2	582	800	219	1	0.676	11	None	NA	NA	NA	0	0	0	1	NA	NA	NA	NA	NA
JPYC01001270.1_3	1034	1270	237	1	0.633	11	None	NA	NA	NA	0	0	0	1	NA	NA	NA	NA	NA
JPYC01001271.1_1	1	357	357	1	0.658	11	None	NA	NA	NA	0	0	0	1	NA	NA	NA	NA	NA
JPYC01001272.1_1	2	406	405	1	0.677	11	None	NA	NA	NA	0	0	0	1	NA	NA	NA	NA	NA
JPYC01001273.1_1	2	313	312	1	0.696	11	None	GENOMAD.182302.PC	2.366e-20	87	0	0	0	1	NA	NA	NA	PF11859;COG5662;TIGR02949	Transmembrane transcriptional regulator (anti-sigma factor RsiW)
JPYC01001274.1_1	2	1144	1143	1	0.715	11	None	GENOMAD.132304.CP	5.536e-32	132	0	0	0	1	NA	NA	NA	PF06029;COG0122;TIGR00588	3-methyladenine DNA glycosylase/8-oxoguanine DNA glycosylase
JPYC01001274.1_2	1141	1581	441	1	0.689	11	AGGA	GENOMAD.015629.CC	7.457e-05	44	0	0	0	1	NA	NA	NA	PF01035;COG0350;K13531;TIGR00589	O6-methylguanine-DNA--protein-cysteine methyltransferase
JPYC01000128.1_1	98	1150	1053	-1	0.611	11	AGGAG	NA	NA	NA	0	0	0	1	NA	NA	NA	NA	NA
JPYC01000128.1_2	1918	2991	1074	-1	0.626	11	AGGAG	NA	NA	NA	0	0	0	1	NA	NA	NA	NA	NA
JPYC01000128.1_3	3302	4360	1059	1	0.648	11	GGAG/GAGG	NA	NA	NA	0	0	0	1	NA	NA	NA	NA	NA
JPYC01000128.1_4	5552	7033	1482	-1	0.682	11	None	GENOMAD.114384.CP	6.397e-41	162	0	0	0	18026	Monodnaviria	NA	NA	PF14691;PF06100;TIGR01317;K00266;COG0493	glutamate synthases, NADH/NADPH, small subunit
JPYC01000128.1_5	7052	7243	192	1	0.609	11	GGA/GAG/AGG	NA	NA	NA	0	0	0	1	NA	NA	NA	NA	NA
JPYC01000128.1_6	7162	10350	3189	-1	0.682	11	None	GENOMAD.120530.CP	1.889e-87	317	0	0	0	1	NA	NA	NA	PF04898;COG0069	Glutamate synthase central domain
JPYC01001275.1_1	1	525	525	-1	0.672	11	None	GENOMAD.169122.PC	4.99e-14	72	0	0	0	1	NA	NA	NA	PF14331;TIGR03348;COG3523	type VI secretion protein IcmF
JPYC01001276.1_1	2	202	201	-1	0.672	11	None	NA	NA	NA	0	0	0	1	NA	NA	NA	NA	NA
JPYC01001277.1_1	3	362	360	-1	0.683	11	None	GENOMAD.138336.CP	0.0001747	42	0	0	0	1	NA	NA	NA	PF00171;COG1012;TIGR02288;K06447	Acyl-CoA reductase or other NAD-dependent aldehyde dehydrogenase
JPYC01001278.1_1	3	218	216	1	0.676	11	None	NA	NA	NA	0	0	0	1	NA	NA	NA	NA	NA
JPYC01001279.1_1	3	485	483	1	0.646	11	None	GENOMAD.137814.CP	5.056e-28	112	0	0	0	1	NA	NA	NA	PF04264;COG2353	Polyisoprenoid-binding periplasmic protein YceI
JPYC01001279.1_2	632	862	231	-1	0.675	11	None	GENOMAD.105945.CV	5.691e-15	70	0	0	0	1	NA	NA	NA	PF06953;COG4837;K18917;TIGR02194	Disulfide oxidoreductase YuzD
JPYC01001280.1_1	2	307	306	1	0.680	11	None	NA	NA	NA	0	0	0	1	NA	NA	NA	NA	NA
JPYC01001281.1_1	3	224	222	-1	0.626	11	None	NA	NA	NA	0	0	0	1	NA	NA	NA	NA	NA
JPYC01001282.1_1	3	215	213	1	0.676	11	None	GENOMAD.130460.CP	0.0007141	38	0	0	0	1	NA	NA	NA	PF01872;COG1985;TIGR00326;K14654	Pyrimidine reductase, riboflavin biosynthesis
JPYC01001283.1_1	2	70	69	1	0.565	11	None	NA	NA	NA	0	0	0	1	NA	NA	NA	NA	NA
JPYC01001283.1_2	63	1427	1365	1	0.628	11	GGAG/GAGG	NA	NA	NA	0	0	0	1	NA	NA	NA	NA	NA
JPYC01000129.1_1	154	1044	891	1	0.497	11	GGA/GAG/AGG	NA	NA	NA	0	0	0	1	NA	NA	NA	NA	NA
JPYC01000129.1_2	1061	2947	1887	1	0.563	11	AGGA	NA	NA	NA	0	0	0	1	NA	NA	NA	NA	NA
JPYC01000129.1_3	3347	3568	222	1	0.649	11	AGGAG	NA	NA	NA	0	0	0	1	NA	NA	NA	NA	NA
JPYC01000129.1_4	3693	4142	450	1	0.631	11	AGxAGG/AGGxGG	GENOMAD.204499.VV	1.316e-71	237	0	0	0	2773	Inoviridae	NA	NA	NA	NA
JPYC01000129.1_5	4181	4936	756	1	0.443	11	GGAG/GAGG	NA	NA	NA	0	0	0	1	NA	NA	NA	NA	NA
JPYC01000129.1_6	5048	5713	666	1	0.419	11	GGA/GAG/AGG	NA	NA	NA	0	0	0	1	NA	NA	NA	NA	NA
JPYC01000129.1_7	5867	7507	1641	-1	0.416	11	None	NA	NA	NA	0	0	0	1	NA	NA	NA	NA	NA
JPYC01000129.1_8	7504	8049	546	-1	0.533	11	4Base/6BMM	NA	NA	NA	0	0	0	1	NA	NA	NA	NA	NA
JPYC01000129.1_9	8141	8503	363	-1	0.623	11	AGGA	NA	NA	NA	0	0	0	1	NA	NA	NA	NA	NA
JPYC01000129.1_10	8628	9365	738	1	0.663	11	GGA/GAG/AGG	NA	NA	NA	0	0	0	1	NA	NA	NA	NA	NA
JPYC01000129.1_11	9425	10324	900	1	0.689	11	AGGAG	NA	NA	NA	0	0	0	1	NA	NA	NA	NA	NA
JPYC01000129.1_12	10507	10809	303	-1	0.591	11	None	GENOMAD.166801.CP	9.197e-05	42	0	1	0	1	NA	NA	NA	PF05016;PF02030;COG3668;K11073;TIGR02385	Plasmid stabilization system protein ParE
JPYC01000129.1_13	10797	11054	258	-1	0.601	11	None	NA	NA	NA	0	0	0	1	NA	NA	NA	NA	NA
JPYC01000129.1_14	11120	11776	657	-1	0.667	11	None	NA	NA	NA	0	0	0	1	NA	NA	NA	NA	NA
JPYC01000129.1_15	11960	14299	2340	1	0.662	11	GGAG/GAGG	NA	NA	NA	0	0	0	1	NA	NA	NA	NA	NA
JPYC01001284.1_1	3	479	477	1	0.627	11	None	NA	NA	NA	0	0	0	1	NA	NA	NA	NA	NA
JPYC01001285.1_1	2	235	234	1	0.718	11	None	NA	NA	NA	0	0	0	1	NA	NA	NA	NA	NA
JPYC01001286.1_1	1	240	240	1	0.717	11	None	NA	NA	NA	0	0	0	1	NA	NA	NA	NA	NA
JPYC01001287.1_1	2	238	237	1	0.662	11	None	NA	NA	NA	0	0	0	1	NA	NA	NA	NA	NA
JPYC01001288.1_1	3	452	450	-1	0.660	11	None	NA	NA	NA	0	0	0	1	NA	NA	NA	NA	NA
JPYC01001288.1_2	509	733	225	1	0.662	11	None	NA	NA	NA	0	0	0	1	NA	NA	NA	NA	NA
JPYC01001289.1_1	1	258	258	1	0.690	11	None	NA	NA	NA	0	0	0	1	NA	NA	NA	NA	NA
JPYC01001290.1_1	2	301	300	1	0.647	11	None	NA	NA	NA	0	0	0	1	NA	NA	NA	NA	NA
JPYC01001291.1_1	2	235	234	-1	0.577	11	None	NA	NA	NA	0	0	0	1	NA	NA	NA	NA	NA
JPYC01001292.1_1	1	462	462	-1	0.749	11	None	NA	NA	NA	0	0	0	1	NA	NA	NA	NA	NA
JPYC01001293.1_1	3	233	231	-1	0.654	11	None	NA	NA	NA	0	0	0	1	NA	NA	NA	NA	NA
JPYC01000013.1_1	1	870	870	1	0.653	11	None	NA	NA	NA	0	0	0	1	NA	NA	NA	NA	NA
JPYC01000013.1_2	1034	1891	858	-1	0.684	11	GGAG/GAGG	NA	NA	NA	0	0	0	1	NA	NA	NA	NA	NA
JPYC01000013.1_3	2084	3016	933	1	0.646	11	None	GENOMAD.182879.CP	1.151e-46	173	0	0	0	1	NA	NA	NA	COG4773;K16091	Outer membrane receptor for ferric coprogen and ferric-rhodotorulic acid
JPYC01000013.1_4	3026	3736	711	1	0.630	11	GGA/GAG/AGG	GENOMAD.178349.CP	2.246e-18	87	0	0	0	1	NA	NA	NA	COG4773;K16091	Outer membrane receptor for ferric coprogen and ferric-rhodotorulic acid
JPYC01000130.1_1	1	522	522	1	0.697	11	None	NA	NA	NA	0	0	0	1	NA	NA	NA	NA	NA
JPYC01000130.1_2	522	1382	861	1	0.708	11	None	GENOMAD.112786.CP	1.501e-42	160	0	0	0	1	NA	NA	NA	PF19277;PF01553;K00631;TIGR03703;COG2937	glycerol-3-phosphate O-acyltransferase
JPYC01001294.1_1	36	617	582	-1	0.624	11	None	NA	NA	NA	0	0	0	1	NA	NA	NA	NA	NA
JPYC01001295.1_1	2	862	861	-1	0.627	11	None	NA	NA	NA	0	0	0	1	NA	NA	NA	NA	NA
JPYC01001296.1_1	1	759	759	1	0.677	11	None	GENOMAD.141029.CP	6.97e-15	77	0	0	0	1	NA	NA	NA	PF12625	Arabinose-binding domain of AraC transcription regulator, N-term
JPYC01001297.1_1	2	772	771	-1	0.638	11	None	NA	NA	NA	0	0	0	1	NA	NA	NA	NA	NA
JPYC01001298.1_1	2	163	162	-1	0.685	11	GGA/GAG/AGG	NA	NA	NA	0	0	0	1	NA	NA	NA	NA	NA
JPYC01001298.1_2	319	417	99	1	0.697	11	GGA/GAG/AGG	NA	NA	NA	0	0	0	1	NA	NA	NA	NA	NA
JPYC01001299.1_1	1	867	867	1	0.666	11	None	GENOMAD.137347.CP	3.154e-27	115	0	0	0	1	NA	NA	NA	COG3182;K03863	NA
JPYC01001300.1_1	1	117	117	1	0.658	11	None	NA	NA	NA	0	0	0	1	NA	NA	NA	NA	NA
JPYC01001301.1_1	2	388	387	-1	0.682	11	None	NA	NA	NA	0	0	0	1	NA	NA	NA	NA	NA
JPYC01001302.1_1	1	612	612	-1	0.587	11	None	NA	NA	NA	0	0	0	1	NA	NA	NA	NA	NA
JPYC01001303.1_1	87	365	279	-1	0.703	11	None	NA	NA	NA	0	0	0	1	NA	NA	NA	NA	NA
JPYC01000131.1_1	1	831	831	1	0.706	11	None	NA	NA	NA	0	0	0	1	NA	NA	NA	NA	NA
JPYC01000131.1_2	821	2077	1257	1	0.687	11	GGAG/GAGG	NA	NA	NA	0	0	0	1	NA	NA	NA	NA	NA
JPYC01000131.1_3	2074	2964	891	1	0.655	11	GGA/GAG/AGG	GENOMAD.161566.CP	4.513e-09	60	0	0	0	1	NA	NA	NA	PF01522;K16842;TIGR03212;COG3233	putative urate catabolism protein
JPYC01000131.1_4	2961	3314	354	1	0.658	11	GGA/GAG/AGG	GENOMAD.205524.PC	2.379e-26	105	0	0	0	1	NA	NA	NA	PF11533;TIGR02246;COG4319;K01822	conserved hypothetical protein
JPYC01001304.1_1	3	158	156	1	0.641	11	None	GENOMAD.022016.CC	2.941e-17	75	0	0	0	1	NA	NA	NA	NA	NA
JPYC01001304.1_2	182	415	234	1	0.714	11	None	NA	NA	NA	0	0	0	1	NA	NA	NA	NA	NA
JPYC01001305.1_1	205	300	96	1	0.740	11	GGAG/GAGG	NA	NA	NA	0	0	0	1	NA	NA	NA	NA	NA
JPYC01001306.1_1	2	268	267	-1	0.689	11	None	NA	NA	NA	0	0	0	1	NA	NA	NA	NA	NA
JPYC01001307.1_1	3	893	891	-1	0.655	11	AGGA	NA	NA	NA	0	0	0	1	NA	NA	NA	NA	NA
JPYC01001307.1_2	933	1391	459	-1	0.660	11	None	NA	NA	NA	0	0	0	1	NA	NA	NA	NA	NA
JPYC01001308.1_1	2	214	213	-1	0.676	11	None	NA	NA	NA	0	0	0	1	NA	NA	NA	NA	NA
JPYC01001309.1_1	3	1265	1263	1	0.633	11	None	GENOMAD.171155.CP	0.0001061	47	0	0	0	1	NA	NA	NA	PF04324;COG2906	Bacterioferritin-associated ferredoxin
JPYC01001309.1_2	1268	1363	96	1	0.615	11	GGAG/GAGG	NA	NA	NA	0	0	0	1	NA	NA	NA	NA	NA
JPYC01001310.1_1	3	263	261	1	0.697	11	None	NA	NA	NA	0	0	0	1	NA	NA	NA	NA	NA
JPYC01001311.1_1	3	350	348	1	0.707	11	None	NA	NA	NA	0	0	0	1	NA	NA	NA	NA	NA
JPYC01001312.1_1	95	205	111	-1	0.640	11	None	NA	NA	NA	0	0	0	1	NA	NA	NA	NA	NA
JPYC01001313.1_1	2	496	495	-1	0.644	11	None	NA	NA	NA	0	0	0	1	NA	NA	NA	NA	NA
JPYC01001313.1_2	618	1232	615	-1	0.660	11	None	NA	NA	NA	0	0	0	1	NA	NA	NA	NA	NA
JPYC01000132.1_1	54	809	756	-1	0.653	11	AGGAG	NA	NA	NA	0	0	0	1	NA	NA	NA	NA	NA
JPYC01000132.1_2	992	1846	855	-1	0.646	11	GGAG/GAGG	GENOMAD.170246.CP	4.444e-59	208	0	0	0	1	NA	NA	NA	NA	NA
JPYC01001314.1_1	3	242	240	1	0.650	11	None	NA	NA	NA	0	0	0	1	NA	NA	NA	NA	NA
JPYC01001315.1_1	3	86	84	1	0.655	11	None	NA	NA	NA	0	0	0	1	NA	NA	NA	NA	NA
JPYC01001315.1_2	237	635	399	-1	0.619	11	None	NA	NA	NA	0	0	0	1	NA	NA	NA	NA	NA
JPYC01001316.1_1	2	91	90	-1	0.667	11	None	NA	NA	NA	0	0	0	1	NA	NA	NA	NA	NA
JPYC01001316.1_2	227	316	90	1	0.633	11	None	NA	NA	NA	0	0	0	1	NA	NA	NA	NA	NA
JPYC01001317.1_1	1	159	159	-1	0.623	11	AGGA/GGAG/GAGG	GENOMAD.101053.CP	1.036e-13	65	0	0	0	1246	Caudoviricetes	NA	NA	PF06723;TIGR00904;COG1077	cell shape determining protein, MreB/Mrl family
JPYC01001317.1_2	435	620	186	1	0.608	11	GGA/GAG/AGG	NA	NA	NA	0	0	0	1	NA	NA	NA	NA	NA
JPYC01001318.1_1	2	280	279	1	0.717	11	None	NA	NA	NA	0	0	0	1	NA	NA	NA	NA	NA
JPYC01001319.1_1	2	523	522	1	0.638	11	None	GENOMAD.167755.CP	8.356e-18	83	0	0	0	1	NA	NA	NA	COG2733	Uncharacterized membrane-anchored protein YjiN, DUF445 family
JPYC01001320.1_1	3	959	957	-1	0.675	11	None	NA	NA	NA	0	0	0	1	NA	NA	NA	NA	NA
JPYC01001321.1_1	1	306	306	1	0.690	11	None	NA	NA	NA	0	0	0	1	NA	NA	NA	NA	NA
JPYC01001322.1_1	3	362	360	-1	0.700	11	None	NA	NA	NA	0	0	0	1	NA	NA	NA	NA	NA
JPYC01001323.1_1	9	203	195	-1	0.703	11	None	NA	NA	NA	0	0	0	1	NA	NA	NA	NA	NA
JPYC01000133.1_1	1	1452	1452	1	0.684	11	None	NA	NA	NA	0	0	0	1	NA	NA	NA	NA	NA
JPYC01000133.1_2	1449	1754	306	1	0.667	11	AGGAG/GGAGG	NA	NA	NA	0	0	0	1	NA	NA	NA	NA	NA
JPYC01000133.1_3	1958	2704	747	-1	0.649	11	None	NA	NA	NA	0	0	0	1	NA	NA	NA	NA	NA
JPYC01000133.1_4	2853	3491	639	1	0.654	11	GGA/GAG/AGG	NA	NA	NA	0	0	0	1	NA	NA	NA	NA	NA
JPYC01000133.1_5	3726	6254	2529	1	0.661	11	None	NA	NA	NA	0	0	0	1	NA	NA	NA	NA	NA
JPYC01000133.1_6	6674	8014	1341	-1	0.654	11	None	NA	NA	NA	0	0	0	1	NA	NA	NA	NA	NA
JPYC01001324.1_1	3	209	207	1	0.681	11	None	NA	NA	NA	0	0	0	1	NA	NA	NA	NA	NA
JPYC01001325.1_1	2	667	666	1	0.634	11	None	NA	NA	NA	0	0	0	1	NA	NA	NA	NA	NA
JPYC01001326.1_1	3	410	408	-1	0.650	11	None	NA	NA	NA	0	0	0	1	NA	NA	NA	NA	NA
JPYC01001327.1_1	3	245	243	1	0.654	11	None	NA	NA	NA	0	0	0	1	NA	NA	NA	NA	NA
JPYC01001328.1_1	2	307	306	1	0.657	11	None	NA	NA	NA	0	0	0	1	NA	NA	NA	NA	NA
JPYC01001329.1_1	1	282	282	-1	0.621	11	None	NA	NA	NA	0	0	0	1	NA	NA	NA	NA	NA
JPYC01001330.1_1	3	434	432	1	0.650	11	None	NA	NA	NA	0	0	0	1	NA	NA	NA	NA	NA
JPYC01001331.1_1	1	375	375	1	0.675	11	None	NA	NA	NA	0	0	0	1	NA	NA	NA	NA	NA
JPYC01001332.1_1	1	279	279	-1	0.699	11	None	NA	NA	NA	0	0	0	1	NA	NA	NA	NA	NA
JPYC01001333.1_1	3	293	291	-1	0.601	11	None	NA	NA	NA	0	0	0	1	NA	NA	NA	NA	NA
JPYC01000134.1_1	72	1184	1113	1	0.650	11	GGAG/GAGG	GENOMAD.161503.CP	0.0007288	44	0	0	0	1	NA	NA	NA	PF05523;K07155;TIGR04366;COG3837	cupin fold metalloprotein, WbuC family
JPYC01000134.1_2	1411	2055	645	-1	0.684	11	None	NA	NA	NA	0	0	0	1	NA	NA	NA	NA	NA
JPYC01000134.1_3	2193	3083	891	-1	0.652	11	GGA/GAG/AGG	NA	NA	NA	0	0	0	1	NA	NA	NA	NA	NA
JPYC01000134.1_4	3212	3694	483	1	0.681	11	None	GENOMAD.140723.CP	8.41e-22	94	0	0	0	1	NA	NA	NA	PF17805;PF02295;K05800;COG1522;TIGR02702	DNA-binding transcriptional regulator, Lrp family
JPYC01000134.1_5	3988	6186	2199	1	0.651	11	GGA/GAG/AGG	GENOMAD.136702.CP	2.292e-128	430	0	0	0	1	NA	NA	NA	K16088;COG4773	Outer membrane receptor for ferric coprogen and ferric-rhodotorulic acid
JPYC01000134.1_6	6732	7775	1044	-1	0.662	11	None	NA	NA	NA	0	0	0	1	NA	NA	NA	NA	NA
JPYC01000134.1_7	7950	9323	1374	1	0.663	11	None	NA	NA	NA	0	0	0	1	NA	NA	NA	NA	NA
JPYC01000134.1_8	9352	10359	1008	-1	0.699	11	AGGAG	NA	NA	NA	0	0	0	1	NA	NA	NA	NA	NA
JPYC01000134.1_9	10557	11288	732	-1	0.669	11	None	NA	NA	NA	0	0	0	1	NA	NA	NA	NA	NA
JPYC01001334.1_1	1	273	273	1	0.667	11	None	GENOMAD.032274.CC	7.23e-50	171	0	0	0	1	NA	NA	NA	PF14315	NA
JPYC01001335.1_1	1	249	249	1	0.687	11	None	NA	NA	NA	0	0	0	1	NA	NA	NA	NA	NA
JPYC01001336.1_1	2	529	528	1	0.737	11	None	GENOMAD.136404.CP	1.382e-05	47	0	0	0	1	NA	NA	NA	PF03544;TIGR01352	TonB family C-terminal domain
JPYC01001337.1_1	65	232	168	1	0.506	11	AGGAG	GENOMAD.118800.CV	1.384e-05	42	0	0	0	1	NA	NA	NA	PF00471;COG0267;TIGR01023	Ribosomal protein L33
JPYC01001338.1_1	71	376	306	1	0.641	11	None	NA	NA	NA	0	0	0	1	NA	NA	NA	NA	NA
JPYC01001339.1_1	3	458	456	1	0.680	11	None	NA	NA	NA	0	0	0	1	NA	NA	NA	NA	NA
JPYC01001340.1_1	56	349	294	1	0.643	11	GGA/GAG/AGG	NA	NA	NA	0	0	0	1	NA	NA	NA	NA	NA
JPYC01001341.1_1	26	385	360	-1	0.661	11	None	NA	NA	NA	0	0	0	1	NA	NA	NA	NA	NA
JPYC01001341.1_2	382	1101	720	-1	0.699	11	None	GENOMAD.034878.CC	2.181e-56	198	0	0	0	1	NA	NA	NA	PF00814;PF07066;K14742;TIGR03725;COG1214	tRNA threonylcarbamoyl adenosine modification protein YeaZ
JPYC01001341.1_3	1267	1968	702	-1	0.692	11	None	NA	NA	NA	0	0	0	1	NA	NA	NA	NA	NA
JPYC01001342.1_1	3	251	249	-1	0.687	11	None	GENOMAD.108584.CP	3.364e-38	137	0	0	0	1	NA	NA	NA	PF17113;K03807;COG1270;TIGR00380	Cobalamin biosynthesis protein CobD/CbiB
JPYC01001343.1_1	1	156	156	1	0.699	11	None	NA	NA	NA	0	0	0	1	NA	NA	NA	NA	NA
JPYC01000135.1_1	1	243	243	1	0.642	11	None	NA	NA	NA	0	0	0	1	NA	NA	NA	NA	NA
JPYC01000135.1_2	264	1064	801	1	0.640	11	None	GENOMAD.177338.PC	0.0001937	45	0	0	0	1	NA	NA	NA	PF13683	Integrase core domain
JPYC01001344.1_1	1	432	432	1	0.648	11	None	NA	NA	NA	0	0	0	1	NA	NA	NA	NA	NA
JPYC01001345.1_1	2	256	255	-1	0.725	11	None	NA	NA	NA	0	0	0	1	NA	NA	NA	NA	NA
JPYC01001346.1_1	3	221	219	1	0.626	11	None	NA	NA	NA	0	0	0	1	NA	NA	NA	NA	NA
JPYC01001347.1_1	2	85	84	1	0.643	11	None	NA	NA	NA	0	0	0	1	NA	NA	NA	NA	NA
JPYC01001347.1_2	164	568	405	1	0.622	11	GGA/GAG/AGG	NA	NA	NA	0	0	0	1	NA	NA	NA	NA	NA
JPYC01001348.1_1	65	559	495	1	0.695	11	None	GENOMAD.178672.CP	3.012e-17	81	0	0	0	1	NA	NA	NA	K14205;COG0392	Uncharacterized membrane protein YbhN, UPF0104 family
JPYC01001349.1_1	1	522	522	-1	0.667	11	None	NA	NA	NA	0	0	0	1	NA	NA	NA	NA	NA
JPYC01001350.1_1	116	238	123	1	0.675	11	None	NA	NA	NA	0	0	0	1	NA	NA	NA	NA	NA
JPYC01001351.1_1	1	294	294	1	0.677	11	None	NA	NA	NA	0	0	0	1	NA	NA	NA	NA	NA
JPYC01001352.1_1	1	348	348	1	0.649	11	None	NA	NA	NA	0	0	0	1	NA	NA	NA	NA	NA
JPYC01001353.1_1	3	317	315	-1	0.660	11	None	NA	NA	NA	0	0	0	1	NA	NA	NA	NA	NA
JPYC01000136.1_1	3	131	129	-1	0.674	11	AGGA	NA	NA	NA	0	0	0	1	NA	NA	NA	NA	NA
JPYC01001354.1_1	68	493	426	1	0.688	11	GGAG/GAGG	GENOMAD.153340.CP	6.604e-05	44	0	0	0	1	NA	NA	NA	PF10100;TIGR00745;K00077;COG1893	2-dehydropantoate 2-reductase
JPYC01001355.1_1	19	204	186	-1	0.677	11	None	NA	NA	NA	0	0	0	1	NA	NA	NA	NA	NA
JPYC01001356.1_1	2	505	504	1	0.621	11	None	NA	NA	NA	0	0	0	1	NA	NA	NA	NA	NA
JPYC01001357.1_1	431	541	111	1	0.604	11	AGGA	NA	NA	NA	0	0	0	1	NA	NA	NA	NA	NA
JPYC01001358.1_1	2	349	348	-1	0.655	11	None	NA	NA	NA	0	0	0	1	NA	NA	NA	NA	NA
JPYC01001359.1_1	2	529	528	1	0.682	11	None	NA	NA	NA	0	0	0	1	NA	NA	NA	NA	NA
JPYC01001360.1_1	74	454	381	1	0.622	11	AGGA	NA	NA	NA	0	0	0	1	NA	NA	NA	NA	NA
JPYC01001361.1_1	2	286	285	1	0.677	11	None	NA	NA	NA	0	0	0	1	NA	NA	NA	NA	NA
JPYC01001362.1_1	150	440	291	1	0.670	11	GGA/GAG/AGG	NA	NA	NA	0	0	0	1	NA	NA	NA	NA	NA
JPYC01001363.1_1	1	438	438	1	0.655	11	None	NA	NA	NA	0	0	0	1	NA	NA	NA	NA	NA
JPYC01000137.1_1	201	1229	1029	1	0.685	11	GGAG/GAGG	NA	NA	NA	0	0	0	1	NA	NA	NA	NA	NA
JPYC01001364.1_1	1	465	465	1	0.723	11	None	NA	NA	NA	0	0	0	1	NA	NA	NA	NA	NA
JPYC01001365.1_1	3	203	201	-1	0.677	11	None	NA	NA	NA	0	0	0	1	NA	NA	NA	NA	NA
JPYC01001366.1_1	182	244	63	1	0.492	11	GGGGGT	NA	NA	NA	0	0	0	1	NA	NA	NA	NA	NA
JPYC01001367.1_1	1	555	555	-1	0.681	11	None	NA	NA	NA	0	0	0	1	NA	NA	NA	NA	NA
JPYC01001368.1_1	1	609	609	1	0.655	11	None	NA	NA	NA	0	0	0	1	NA	NA	NA	NA	NA
JPYC01001369.1_1	3	209	207	1	0.652	11	None	NA	NA	NA	0	0	0	1	NA	NA	NA	NA	NA
JPYC01001370.1_1	2	208	207	-1	0.633	11	None	NA	NA	NA	0	0	0	1	NA	NA	NA	NA	NA
JPYC01001371.1_1	2	70	69	1	0.594	11	None	NA	NA	NA	0	0	0	1	NA	NA	NA	NA	NA
JPYC01001372.1_1	106	216	111	1	0.649	11	None	NA	NA	NA	0	0	0	1	NA	NA	NA	NA	NA
JPYC01001373.1_1	1	237	237	-1	0.709	11	None	NA	NA	NA	0	0	0	1	NA	NA	NA	NA	NA
JPYC01000138.1_1	200	1483	1284	1	0.670	11	AGGA	NA	NA	NA	0	0	0	1	NA	NA	NA	NA	NA
JPYC01001374.1_1	2	508	507	-1	0.675	11	None	NA	NA	NA	0	0	0	1	NA	NA	NA	NA	NA
JPYC01001375.1_1	3	239	237	-1	0.662	11	None	NA	NA	NA	0	0	0	1	NA	NA	NA	NA	NA
JPYC01001375.1_2	256	354	99	1	0.525	11	None	NA	NA	NA	0	0	0	1	NA	NA	NA	NA	NA
JPYC01001376.1_1	3	686	684	-1	0.656	11	None	NA	NA	NA	0	0	0	1	NA	NA	NA	NA	NA
JPYC01001377.1_1	2	109	108	1	0.620	11	None	NA	NA	NA	0	0	0	1	NA	NA	NA	NA	NA
JPYC01001377.1_2	355	498	144	1	0.667	11	None	NA	NA	NA	0	0	0	1	NA	NA	NA	NA	NA
JPYC01001378.1_1	2	460	459	-1	0.638	11	None	NA	NA	NA	0	0	0	1	NA	NA	NA	NA	NA
JPYC01001379.1_1	2	541	540	1	0.672	11	None	NA	NA	NA	0	0	0	1	NA	NA	NA	NA	NA
JPYC01001380.1_1	1	252	252	-1	0.659	11	None	NA	NA	NA	0	0	0	1	NA	NA	NA	NA	NA
JPYC01001381.1_1	1	246	246	1	0.646	11	None	NA	NA	NA	0	0	0	1	NA	NA	NA	NA	NA
JPYC01001382.1_1	2	217	216	1	0.681	11	None	NA	NA	NA	0	0	0	1	NA	NA	NA	NA	NA
JPYC01000139.1_1	3	953	951	-1	0.613	11	AGGAG	NA	NA	NA	0	0	0	1	NA	NA	NA	NA	NA
JPYC01000139.1_2	986	1645	660	-1	0.605	11	GGAG/GAGG	NA	NA	NA	0	0	0	1	NA	NA	NA	NA	NA
JPYC01000139.1_3	1804	2445	642	-1	0.615	11	GGA/GAG/AGG	NA	NA	NA	0	0	0	1	NA	NA	NA	NA	NA
JPYC01000139.1_4	2841	5516	2676	1	0.660	11	GGA/GAG/AGG	NA	NA	NA	0	0	0	1	NA	NA	NA	NA	NA
JPYC01000139.1_5	5841	6398	558	-1	0.573	11	GGA/GAG/AGG	NA	NA	NA	0	0	0	1	NA	NA	NA	NA	NA
JPYC01000139.1_6	6448	6831	384	1	0.622	11	GGA/GAG/AGG	NA	NA	NA	0	0	0	1	NA	NA	NA	NA	NA
JPYC01000139.1_7	7410	7979	570	1	0.651	11	GGA/GAG/AGG	NA	NA	NA	0	0	0	1	NA	NA	NA	NA	NA
JPYC01000139.1_8	8015	9187	1173	1	0.689	11	AGGA	NA	NA	NA	0	0	0	1	NA	NA	NA	NA	NA
JPYC01000139.1_9	9187	10692	1506	1	0.684	11	GGAG/GAGG	GENOMAD.178810.CP	2.631e-26	117	0	0	0	1	NA	NA	NA	PF19465;PF00135;K01753;TIGR02035;COG3048	D-serine ammonia-lyase
JPYC01000139.1_10	10743	12230	1488	-1	0.612	11	GGA/GAG/AGG	NA	NA	NA	0	0	0	1	NA	NA	NA	NA	NA
JPYC01000139.1_11	12531	14105	1575	-1	0.622	11	None	NA	NA	NA	0	0	0	1	NA	NA	NA	NA	NA
JPYC01001383.1_1	2	286	285	-1	0.667	11	None	NA	NA	NA	0	0	0	1	NA	NA	NA	NA	NA
JPYC01001384.1_1	2	496	495	-1	0.733	11	None	GENOMAD.169609.PC	1.567e-15	76	0	0	0	1	NA	NA	NA	PF06761	Intracellular multiplication and human macrophage-killing
JPYC01001385.1_1	2	487	486	1	0.644	11	None	NA	NA	NA	0	0	0	1	NA	NA	NA	NA	NA
JPYC01001386.1_1	1	324	324	-1	0.660	11	None	NA	NA	NA	0	0	0	1	NA	NA	NA	NA	NA
JPYC01001387.1_1	3	140	138	1	0.630	11	None	NA	NA	NA	0	0	0	1	NA	NA	NA	NA	NA
JPYC01001387.1_2	137	214	78	1	0.692	11	None	NA	NA	NA	0	0	0	1	NA	NA	NA	NA	NA
JPYC01001388.1_1	1	210	210	-1	0.648	11	None	NA	NA	NA	0	0	0	1	NA	NA	NA	NA	NA
JPYC01001390.1_1	3	101	99	1	0.646	11	None	NA	NA	NA	0	0	0	1	NA	NA	NA	NA	NA
JPYC01001390.1_2	246	698	453	-1	0.638	11	None	NA	NA	NA	0	0	0	1	NA	NA	NA	NA	NA
JPYC01001391.1_1	2	556	555	1	0.645	11	None	NA	NA	NA	0	0	0	1	NA	NA	NA	NA	NA
JPYC01001392.1_1	3	209	207	1	0.633	11	None	NA	NA	NA	0	0	0	1	NA	NA	NA	NA	NA
JPYC01000014.1_1	3	2738	2736	1	0.677	11	None	GENOMAD.127376.VC	4.73e-13	76	0	0	0	1246	Caudoviricetes	NA	NA	PF00476;K21238;COG0749	DNA polymerase I - 3'-5' exonuclease and polymerase domains
JPYC01000014.1_2	3337	3513	177	1	0.684	11	None	NA	NA	NA	0	0	0	1	NA	NA	NA	NA	NA
JPYC01000014.1_3	3582	4481	900	-1	0.643	11	None	NA	NA	NA	0	0	0	1	NA	NA	NA	NA	NA
JPYC01000014.1_4	4884	5249	366	-1	0.667	11	None	NA	NA	NA	0	0	0	1	NA	NA	NA	NA	NA
JPYC01000140.1_1	109	450	342	-1	0.643	11	None	NA	NA	NA	0	0	0	1	NA	NA	NA	NA	NA
JPYC01000140.1_2	696	1007	312	1	0.561	11	GGAG/GAGG	NA	NA	NA	0	0	0	1	NA	NA	NA	NA	NA
JPYC01000140.1_3	1057	1449	393	1	0.547	11	AGGAG	NA	NA	NA	0	0	0	1	NA	NA	NA	NA	NA
JPYC01000140.1_4	1539	1748	210	1	0.557	11	GGA/GAG/AGG	NA	NA	NA	0	0	0	1	NA	NA	NA	NA	NA
JPYC01000140.1_5	1675	2565	891	-1	0.599	11	AGGA	NA	NA	NA	0	0	0	1	NA	NA	NA	NA	NA
JPYC01000140.1_6	3134	3610	477	-1	0.470	11	GGAG/GAGG	NA	NA	NA	0	0	0	1	NA	NA	NA	NA	NA
JPYC01000140.1_7	3725	4225	501	-1	0.541	11	GGAG/GAGG	NA	NA	NA	0	0	0	1	NA	NA	NA	NA	NA
JPYC01000140.1_8	4257	5381	1125	-1	0.604	11	None	NA	NA	NA	0	0	0	1	NA	NA	NA	NA	NA
JPYC01000140.1_9	5462	5908	447	-1	0.530	11	GGAG/GAGG	NA	NA	NA	0	0	0	1	NA	NA	NA	NA	NA
JPYC01000140.1_10	6420	7811	1392	1	0.575	11	GGA/GAG/AGG	NA	NA	NA	0	0	0	1	NA	NA	NA	NA	NA
JPYC01001393.1_1	118	210	93	1	0.613	11	None	NA	NA	NA	0	0	0	1	NA	NA	NA	NA	NA
JPYC01001394.1_1	3	572	570	1	0.691	11	None	NA	NA	NA	0	0	0	1	NA	NA	NA	NA	NA
JPYC01001394.1_2	572	667	96	1	0.656	11	AGGAG	NA	NA	NA	0	0	0	1	NA	NA	NA	NA	NA
JPYC01001395.1_1	2	118	117	-1	0.718	11	AGxAG	NA	NA	NA	0	0	0	1	NA	NA	NA	NA	NA
JPYC01001396.1_1	3	344	342	-1	0.670	11	None	NA	NA	NA	0	0	0	1	NA	NA	NA	NA	NA
JPYC01001397.1_1	3	320	318	1	0.651	11	None	NA	NA	NA	0	0	0	1	NA	NA	NA	NA	NA
JPYC01001397.1_2	304	420	117	1	0.667	11	AGGAG	GENOMAD.177562.CP	1.388e-18	78	0	0	0	1	NA	NA	NA	PF13291;K11258;TIGR00119;COG0440	acetolactate synthase, small subunit
JPYC01001398.1_1	2	274	273	1	0.659	11	None	NA	NA	NA	0	0	0	1	NA	NA	NA	NA	NA
JPYC01001399.1_1	3	119	117	1	0.658	11	None	NA	NA	NA	0	0	0	1	NA	NA	NA	NA	NA
JPYC01001400.1_1	1	243	243	-1	0.683	11	None	NA	NA	NA	0	0	0	1	NA	NA	NA	NA	NA
JPYC01001401.1_1	1	225	225	-1	0.649	11	None	NA	NA	NA	0	0	0	1	NA	NA	NA	NA	NA
JPYC01001402.1_1	3	278	276	-1	0.627	11	None	GENOMAD.198386.CV	8.109e-11	59	0	0	0	1	NA	NA	NA	PF04768	NAT, N-acetyltransferase, of N-acetylglutamate synthase
JPYC01000141.1_1	152	634	483	-1	0.673	11	AGGAG	NA	NA	NA	0	0	0	1	NA	NA	NA	NA	NA
JPYC01000141.1_2	792	1751	960	1	0.702	11	None	NA	NA	NA	0	0	0	1	NA	NA	NA	NA	NA
JPYC01000141.1_3	1802	2353	552	1	0.672	11	GGxGG	GENOMAD.219645.CP	1.606e-07	53	0	0	0	1	NA	NA	NA	PF02698;COG2949;K03748	Uncharacterized periplasmic protein SanA, affects membrane permeability for vancomycin
JPYC01000141.1_4	2397	2816	420	1	0.626	11	GGA/GAG/AGG	GENOMAD.160272.CP	4.747e-53	183	0	0	0	1	NA	NA	NA	PF20409;TIGR02096;COG5485;K06893	conserved hypothetical protein, steroid delta-isomerase-related
JPYC01000141.1_5	2918	3916	999	-1	0.638	11	None	NA	NA	NA	0	0	0	1	NA	NA	NA	NA	NA
JPYC01000141.1_6	4073	4957	885	-1	0.697	11	None	GENOMAD.114626.CP	2.719e-35	139	0	0	0	1	NA	NA	NA	PF03492;K18162;TIGR02072;COG4627	malonyl-acyl carrier protein O-methyltransferase BioC
JPYC01000141.1_7	5021	5803	783	-1	0.697	11	GGAG/GAGG	NA	NA	NA	0	0	0	1	NA	NA	NA	NA	NA
JPYC01000141.1_8	5849	6610	762	-1	0.686	11	None	NA	NA	NA	0	0	0	1	NA	NA	NA	NA	NA
JPYC01000141.1_9	6711	7127	417	-1	0.686	11	None	NA	NA	NA	0	0	0	1	NA	NA	NA	NA	NA
JPYC01001403.1_1	3	254	252	-1	0.631	11	AGGA/GGAG/GAGG	GENOMAD.178227.PC	5.055e-05	42	0	0	0	1	NA	NA	NA	PF05962;K09975;COG3758	HutD
JPYC01001404.1_1	1	261	261	1	0.674	11	None	NA	NA	NA	0	0	0	1	NA	NA	NA	NA	NA
JPYC01001405.1_1	3	158	156	1	0.660	11	None	NA	NA	NA	0	0	0	1	NA	NA	NA	NA	NA
JPYC01001405.1_2	327	443	117	-1	0.684	11	None	NA	NA	NA	0	0	0	1	NA	NA	NA	NA	NA
JPYC01001406.1_1	1	294	294	1	0.711	11	None	NA	NA	NA	0	0	0	1	NA	NA	NA	NA	NA
JPYC01001407.1_1	73	525	453	1	0.625	11	GGA/GAG/AGG	NA	NA	NA	0	0	0	1	NA	NA	NA	NA	NA
JPYC01001408.1_1	1	216	216	1	0.731	11	None	NA	NA	NA	0	0	0	1	NA	NA	NA	NA	NA
JPYC01001409.1_1	3	92	90	1	0.611	11	None	NA	NA	NA	0	0	0	1	NA	NA	NA	NA	NA
JPYC01001409.1_2	150	236	87	1	0.655	11	None	NA	NA	NA	0	0	0	1	NA	NA	NA	NA	NA
JPYC01001410.1_1	34	426	393	1	0.677	11	GGA/GAG/AGG	NA	NA	NA	0	0	0	1	NA	NA	NA	NA	NA
JPYC01001411.1_1	1	420	420	1	0.626	11	None	NA	NA	NA	0	0	0	1	NA	NA	NA	NA	NA
JPYC01001412.1_1	1	306	306	1	0.601	11	None	NA	NA	NA	0	0	0	1	NA	NA	NA	NA	NA
JPYC01000142.1_1	340	1515	1176	1	0.683	11	GGA/GAG/AGG	GENOMAD.151958.CP	1.752e-19	94	0	0	0	1	NA	NA	NA	PF07730;K11623;COG3920	Two-component sensor histidine kinase, HisKA and HATPase domains
JPYC01000142.1_2	1600	2202	603	1	0.673	11	GGA/GAG/AGG	NA	NA	NA	0	0	0	1	NA	NA	NA	NA	NA
JPYC01000142.1_3	2430	3218	789	1	0.606	11	GGA/GAG/AGG	GENOMAD.129948.CP	2.897e-43	161	0	0	0	1	NA	NA	NA	K09992;COG4813	Trehalose utilization protein
JPYC01000142.1_4	3443	3985	543	-1	0.659	11	GGAG/GAGG	GENOMAD.151626.CP	9.142e-57	196	0	0	0	1	NA	NA	NA	PF01292;K12262;COG3038;TIGR02125	Cytochrome b561
JPYC01000142.1_5	3982	5073	1092	-1	0.688	11	GGAG/GAGG	NA	NA	NA	0	0	0	1	NA	NA	NA	NA	NA
JPYC01000142.1_6	5234	5749	516	1	0.676	11	None	NA	NA	NA	0	0	0	1	NA	NA	NA	NA	NA
JPYC01000142.1_7	5746	6144	399	1	0.709	11	GGAG/GAGG	GENOMAD.182302.PC	2.536e-32	123	0	0	0	1	NA	NA	NA	PF11859;COG5662;TIGR02949	Transmembrane transcriptional regulator (anti-sigma factor RsiW)
JPYC01001413.1_1	2	232	231	-1	0.632	11	None	NA	NA	NA	0	0	0	1	NA	NA	NA	NA	NA
JPYC01001414.1_1	3	233	231	1	0.654	11	None	GENOMAD.181624.CP	1.231e-22	92	0	0	0	1	NA	NA	NA	COG3223	NA
JPYC01001415.1_1	3	206	204	-1	0.632	11	None	GENOMAD.076560.CV	4.209e-21	87	1	0	0	1	NA	NA	NA	PF00861;TIGR00060;COG0256;K02881	Ribosomal L18 of archaea, bacteria, mitoch. and chloroplast
JPYC01001417.1_1	3	122	120	1	0.700	11	None	NA	NA	NA	0	0	0	1	NA	NA	NA	NA	NA
JPYC01001418.1_1	80	514	435	-1	0.680	11	None	NA	NA	NA	0	0	0	1	NA	NA	NA	NA	NA
JPYC01001419.1_1	1	135	135	1	0.652	11	None	NA	NA	NA	0	0	0	1	NA	NA	NA	NA	NA
JPYC01001419.1_2	202	348	147	1	0.646	11	None	NA	NA	NA	0	0	0	1	NA	NA	NA	NA	NA
JPYC01001420.1_1	2	214	213	1	0.629	11	None	NA	NA	NA	0	0	0	1	NA	NA	NA	NA	NA
JPYC01001421.1_1	27	245	219	-1	0.493	11	None	NA	NA	NA	0	0	0	1	NA	NA	NA	NA	NA
JPYC01001422.1_1	3	284	282	1	0.674	11	None	NA	NA	NA	0	0	0	1	NA	NA	NA	NA	NA
JPYC01000143.1_1	49	414	366	-1	0.713	11	4Base/6BMM	NA	NA	NA	0	0	0	1	NA	NA	NA	NA	NA
JPYC01000143.1_2	411	968	558	-1	0.681	11	GGAG/GAGG	NA	NA	NA	0	0	0	1	NA	NA	NA	NA	NA
JPYC01000143.1_3	1202	2911	1710	-1	0.664	11	3Base/5BMM	NA	NA	NA	0	0	0	1	NA	NA	NA	NA	NA
JPYC01000143.1_4	3019	3345	327	-1	0.700	11	AGGA	NA	NA	NA	0	0	0	1	NA	NA	NA	NA	NA
JPYC01000143.1_5	3574	3915	342	-1	0.655	11	GGAG/GAGG	NA	NA	NA	0	0	0	1	NA	NA	NA	NA	NA
JPYC01000143.1_6	4038	5213	1176	-1	0.645	11	None	NA	NA	NA	0	0	0	1	NA	NA	NA	NA	NA
JPYC01000143.1_7	5368	8202	2835	1	0.667	11	GGAG/GAGG	NA	NA	NA	0	0	0	1	NA	NA	NA	NA	NA
JPYC01000143.1_8	8301	9401	1101	-1	0.635	11	GGAG/GAGG	NA	NA	NA	0	0	0	1	NA	NA	NA	NA	NA
JPYC01000143.1_9	9558	10814	1257	-1	0.707	11	AGGA	NA	NA	NA	0	0	0	1	NA	NA	NA	NA	NA
JPYC01000143.1_10	11011	11571	561	-1	0.633	11	None	GENOMAD.127426.CP	3.166e-54	189	0	0	0	1	NA	NA	NA	K07043	NA
JPYC01000143.1_11	11919	12092	174	1	0.586	11	AGGAG	NA	NA	NA	0	0	0	1	NA	NA	NA	NA	NA
JPYC01000143.1_12	12251	12505	255	-1	0.616	11	AGGA	GENOMAD.197160.PC	4.515e-28	108	0	0	0	1	NA	NA	NA	PF10982	NA
JPYC01000143.1_13	12678	12944	267	1	0.659	11	GGAG/GAGG	GENOMAD.215298.VP	0.000295	40	0	0	0	1	NA	NA	NA	PF01258;COG4068	Prokaryotic dksA/traR C4-type zinc finger
JPYC01000143.1_14	13128	13751	624	-1	0.615	11	3Base/5BMM	GENOMAD.168344.CP	0.0001041	45	0	0	0	1	NA	NA	NA	PF00924;COG0668	Small-conductance mechanosensitive channel
JPYC01000143.1_15	14147	14332	186	-1	0.651	11	AGGAG	NA	NA	NA	0	0	0	1	NA	NA	NA	NA	NA
JPYC01000143.1_16	14522	15898	1377	-1	0.670	11	None	NA	NA	NA	0	0	0	1	NA	NA	NA	NA	NA
JPYC01000143.1_17	16051	16257	207	-1	0.696	11	None	GENOMAD.140999.CV	8.89e-08	49	0	0	0	1	NA	NA	NA	NA	NA
JPYC01000143.1_18	16197	16517	321	-1	0.664	11	GGAGG	NA	NA	NA	0	0	0	1	NA	NA	NA	NA	NA
JPYC01000143.1_19	16860	17909	1050	-1	0.645	11	GGA/GAG/AGG	NA	NA	NA	0	0	0	1	NA	NA	NA	NA	NA
JPYC01000143.1_20	18024	18359	336	1	0.613	11	AGGA	NA	NA	NA	0	0	0	1	NA	NA	NA	NA	NA
JPYC01000143.1_21	18907	20025	1119	-1	0.667	11	None	NA	NA	NA	0	0	0	1	NA	NA	NA	NA	NA
JPYC01000143.1_22	20245	21456	1212	1	0.659	11	GGAG/GAGG	GENOMAD.151741.CP	4.888e-05	48	0	0	0	1	NA	NA	NF033135	PF00083;COG2814;TIGR00903;K18567	Predicted arabinose efflux permease, MFS family
JPYC01000143.1_23	21619	21789	171	1	0.608	11	GGA/GAG/AGG	GENOMAD.023882.VV	3.472e-25	98	0	0	0	1246	Caudoviricetes	NA	NA	NA	NA
JPYC01000143.1_24	22009	22464	456	1	0.638	11	AGGAG	GENOMAD.160397.CP	1.469e-09	58	0	0	0	1	NA	NA	NA	PF09537;TIGR02284;COG3685;K03594	conserved hypothetical protein
JPYC01000143.1_25	22736	23338	603	1	0.645	11	None	GENOMAD.014488.CC	2.921e-23	100	0	0	0	1	NA	NA	NA	PF10469;K01975;COG1514;TIGR02258	AKAP7 2'5' RNA ligase-like domain
JPYC01000143.1_26	23374	23979	606	1	0.686	11	None	NA	NA	NA	0	0	0	1	NA	NA	NA	NA	NA
JPYC01001423.1_1	2	370	369	-1	0.686	11	None	GENOMAD.133688.CP	5.021e-12	64	0	0	0	1	NA	NA	NA	PF01706;PF14841;PF14842;K02410;TIGR00207;COG1536	flagellar motor switch protein FliG
JPYC01001424.1_1	288	593	306	1	0.699	11	None	NA	NA	NA	0	0	0	1	NA	NA	NA	NA	NA
JPYC01001425.1_1	1	117	117	1	0.675	11	None	NA	NA	NA	0	0	0	1	NA	NA	NA	NA	NA
JPYC01001426.1_1	1	264	264	-1	0.629	11	None	GENOMAD.124145.CP	2.648e-05	43	0	0	0	1	NA	NA	NF033105	PF19583;TIGR04559;K20257;COG0426	quinoprotein relay system zinc metallohydrolase 2
JPYC01001427.1_1	166	624	459	1	0.704	11	None	GENOMAD.132491.CP	3.754e-19	86	0	0	0	1	NA	NA	NA	PF15977;PF00027;K15861;TIGR03697;COG0664	global nitrogen regulator NtcA, cyanobacterial
JPYC01001428.1_1	3	350	348	-1	0.624	11	GGAG/GAGG	NA	NA	NA	0	0	0	1	NA	NA	NA	NA	NA
JPYC01001429.1_1	1	243	243	1	0.679	11	None	NA	NA	NA	0	0	0	1	NA	NA	NA	NA	NA
JPYC01001430.1_1	1	237	237	1	0.620	11	None	NA	NA	NA	0	0	0	1	NA	NA	NA	NA	NA
JPYC01001431.1_1	80	370	291	-1	0.591	11	None	GENOMAD.198386.CV	7.177e-29	111	0	0	0	1	NA	NA	NA	PF04768	NAT, N-acetyltransferase, of N-acetylglutamate synthase
JPYC01001432.1_1	3	185	183	1	0.432	11	None	NA	NA	NA	0	0	0	1	NA	NA	NA	NA	NA
JPYC01000144.1_1	3	293	291	1	0.667	11	None	NA	NA	NA	0	0	0	1	NA	NA	NA	NA	NA
JPYC01000144.1_2	281	682	402	-1	0.585	11	GGA/GAG/AGG	GENOMAD.114461.PP	7.729e-37	136	0	0	0	1	NA	NA	NA	NA	NA
JPYC01000144.1_3	740	1162	423	-1	0.582	11	GGAG/GAGG	GENOMAD.114461.PP	1.932e-21	92	0	0	0	1	NA	NA	NA	NA	NA
JPYC01000144.1_4	1729	2904	1176	-1	0.626	11	None	NA	NA	NA	0	0	0	1	NA	NA	NA	NA	NA
JPYC01001433.1_1	1	210	210	-1	0.705	11	None	NA	NA	NA	0	0	0	1	NA	NA	NA	NA	NA
JPYC01001434.1_1	3	257	255	1	0.608	11	None	NA	NA	NA	0	0	0	1	NA	NA	NA	NA	NA
JPYC01001435.1_1	1	216	216	-1	0.708	11	None	NA	NA	NA	0	0	0	1	NA	NA	NA	NA	NA
JPYC01001436.1_1	1	471	471	1	0.688	11	None	NA	NA	NA	0	0	0	1	NA	NA	NA	NA	NA
JPYC01001437.1_1	1	423	423	-1	0.650	11	None	NA	NA	NA	0	0	0	1	NA	NA	NA	NA	NA
JPYC01001438.1_1	2	235	234	1	0.645	11	None	NA	NA	NA	0	0	0	1	NA	NA	NA	NA	NA
JPYC01001439.1_1	1	378	378	-1	0.714	11	None	NA	NA	NA	0	0	0	1	NA	NA	NA	NA	NA
JPYC01001440.1_1	1	243	243	-1	0.687	11	None	NA	NA	NA	0	0	0	1	NA	NA	NA	NA	NA
JPYC01001441.1_1	2	214	213	1	0.638	11	None	NA	NA	NA	0	0	0	1	NA	NA	NA	NA	NA
JPYC01001442.1_1	2	517	516	1	0.684	11	None	NA	NA	NA	0	0	0	1	NA	NA	NA	NA	NA
JPYC01001442.1_2	531	665	135	1	0.681	11	GGAG/GAGG	NA	NA	NA	0	0	0	1	NA	NA	NA	NA	NA
JPYC01000145.1_1	86	1129	1044	1	0.660	11	GGA/GAG/AGG	GENOMAD.114416.CP	1.171e-125	404	0	0	0	1	NA	NA	NA	PF18125;PF03269;K06968;COG2933;TIGR01177	23S rRNA C2498 (ribose-2'-O)-methylase RlmM
JPYC01000145.1_2	1627	2736	1110	-1	0.634	11	AGGAG	NA	NA	NA	0	0	0	1	NA	NA	NA	NA	NA
JPYC01000145.1_3	2860	3765	906	1	0.653	11	GGAG/GAGG	NA	NA	NA	0	0	0	1	NA	NA	NA	NA	NA
JPYC01000145.1_4	3847	4569	723	1	0.627	11	GGAGG	NA	NA	NA	0	0	0	1	NA	NA	NA	NA	NA
JPYC01000145.1_5	4874	5179	306	1	0.647	11	None	GENOMAD.181899.CV	7.134e-08	51	0	0	0	1	NA	NA	NA	PF13405	EF-hand domain
JPYC01000145.1_6	5317	5400	84	1	0.679	11	GGA/GAG/AGG	NA	NA	NA	0	0	0	1	NA	NA	NA	NA	NA
JPYC01001443.1_1	2	343	342	1	0.652	11	None	NA	NA	NA	0	0	0	1	NA	NA	NA	NA	NA
JPYC01001444.1_1	1	126	126	-1	0.635	11	GGA/GAG/AGG	NA	NA	NA	0	0	0	1	NA	NA	NA	NA	NA
JPYC01001444.1_2	196	477	282	-1	0.688	11	None	NA	NA	NA	0	0	0	1	NA	NA	NA	NA	NA
JPYC01001445.1_1	1	333	333	1	0.691	11	None	NA	NA	NA	0	0	0	1	NA	NA	NA	NA	NA
JPYC01001446.1_1	1	102	102	-1	0.725	11	GGA/GAG/AGG	NA	NA	NA	0	0	0	1	NA	NA	NA	NA	NA
JPYC01001447.1_1	2	475	474	-1	0.675	11	None	GENOMAD.167755.CP	3.167e-41	150	0	0	0	1	NA	NA	NA	COG2733	Uncharacterized membrane-anchored protein YjiN, DUF445 family
JPYC01001448.1_1	2	286	285	1	0.698	11	None	GENOMAD.183678.PC	1.873e-18	81	0	0	0	1	NA	NA	NA	PF00345;K07346;COG3121	P pilus assembly protein, chaperone PapD
JPYC01001449.1_1	2	382	381	1	0.612	11	None	NA	NA	NA	0	0	0	1	NA	NA	NA	NA	NA
JPYC01001450.1_1	1	273	273	-1	0.681	11	None	NA	NA	NA	0	0	0	1	NA	NA	NA	NA	NA
JPYC01001451.1_1	2	295	294	-1	0.704	11	None	NA	NA	NA	0	0	0	1	NA	NA	NA	NA	NA
JPYC01001452.1_1	1	750	750	-1	0.652	11	None	NA	NA	NA	0	0	0	1	NA	NA	NA	NA	NA
JPYC01000146.1_1	2	658	657	1	0.664	11	None	GENOMAD.148341.PC	1.528e-09	60	0	0	0	1	NA	NA	NA	PF01557;TIGR03218;K02554;COG3971	4-oxalocrotonate decarboxylase
JPYC01000146.1_2	696	1694	999	1	0.651	11	GGAGG	NA	NA	NA	0	0	0	1	NA	NA	NA	NA	NA
JPYC01000146.1_3	1705	2226	522	1	0.663	11	GGAG/GAGG	GENOMAD.140917.CP	2.547e-23	99	0	0	0	1	NA	NA	NA	PF04290;COG4665;K21394	TRAP-type mannitol/chloroaromatic compound transport system, small permease component
JPYC01000146.1_4	2226	3509	1284	1	0.639	11	GGAGG	NA	NA	NA	0	0	0	1	NA	NA	NA	NA	NA
JPYC01000146.1_5	3703	5286	1584	1	0.667	11	AGGAG	GENOMAD.151274.CP	0.0003	46	0	0	0	1246	Caudoviricetes	NA	NA	K15921;COG3940	Beta-xylosidase, GH43 family
JPYC01000146.1_6	5428	6486	1059	1	0.686	11	None	NA	NA	NA	0	0	0	1	NA	NA	NA	NA	NA
JPYC01001453.1_1	3	281	279	1	0.674	11	None	GENOMAD.006866.CC	2.412e-46	161	0	0	0	1	NA	NA	NA	PF06853;COG3151;K09920	Uncharacterized protein YqiB, DUF1249 family
JPYC01001454.1_1	3	233	231	-1	0.628	11	GGAG/GAGG	NA	NA	NA	0	0	0	1	NA	NA	NA	NA	NA
JPYC01001455.1_1	3	404	402	-1	0.692	11	None	NA	NA	NA	0	0	0	1	NA	NA	NA	NA	NA
JPYC01001456.1_1	3	401	399	-1	0.644	11	None	NA	NA	NA	0	0	0	1	NA	NA	NA	NA	NA
JPYC01001457.1_1	3	116	114	1	0.711	11	None	GENOMAD.033386.CC	3.207e-10	54	0	0	0	1	NA	NA	NA	PF09791	Oxidoreductase-like protein, N-terminal
JPYC01001457.1_2	186	467	282	1	0.713	11	None	NA	NA	NA	0	0	0	1	NA	NA	NA	NA	NA
JPYC01001458.1_1	2	217	216	1	0.606	11	None	GENOMAD.126333.PP	4.709e-15	70	0	0	0	1	NA	NA	NA	NA	NA
JPYC01001459.1_1	3	563	561	1	0.672	11	None	NA	NA	NA	0	0	0	1	NA	NA	NA	NA	NA
JPYC01001461.1_1	3	275	273	-1	0.641	11	None	NA	NA	NA	0	0	0	1	NA	NA	NA	NA	NA
JPYC01001462.1_1	2	289	288	-1	0.691	11	None	NA	NA	NA	0	0	0	1	NA	NA	NA	NA	NA
JPYC01000147.1_1	2	550	549	-1	0.681	11	None	NA	NA	NA	0	0	0	1	NA	NA	NA	NA	NA
JPYC01001463.1_1	2	247	246	1	0.772	11	None	NA	NA	NA	0	0	0	1	NA	NA	NA	NA	NA
JPYC01001464.1_1	2	250	249	1	0.675	11	None	NA	NA	NA	0	0	0	1	NA	NA	NA	NA	NA
JPYC01001465.1_1	2	208	207	1	0.671	11	None	NA	NA	NA	0	0	0	1	NA	NA	NA	NA	NA
JPYC01001467.1_1	2	439	438	-1	0.660	11	None	NA	NA	NA	0	0	0	1	NA	NA	NA	NA	NA
JPYC01001468.1_1	2	220	219	1	0.694	11	None	NA	NA	NA	0	0	0	1	NA	NA	NA	NA	NA
JPYC01001469.1_1	3	383	381	-1	0.646	11	None	NA	NA	NA	0	0	0	1	NA	NA	NA	NA	NA
JPYC01001470.1_1	3	242	240	1	0.646	11	None	NA	NA	NA	0	0	0	1	NA	NA	NA	NA	NA
JPYC01001471.1_1	74	301	228	-1	0.667	11	None	NA	NA	NA	0	0	0	1	NA	NA	NA	NA	NA
JPYC01001472.1_1	2	268	267	-1	0.637	11	None	NA	NA	NA	0	0	0	1	NA	NA	NA	NA	NA
JPYC01000148.1_1	3	1232	1230	-1	0.652	11	None	NA	NA	NA	0	0	0	1	NA	NA	NA	NA	NA
JPYC01000148.1_2	1509	2387	879	-1	0.637	11	GGAG/GAGG	GENOMAD.116387.CV	1.636e-25	110	0	0	0	1246	Caudoviricetes	NA	NA	PF00889;TIGR00116;COG0264	translation elongation factor Ts
JPYC01000148.1_3	2557	3354	798	-1	0.633	11	AGGAG	NA	NA	NA	0	0	0	1	NA	NA	NA	NA	NA
JPYC01001473.1_1	3	206	204	-1	0.730	11	None	NA	NA	NA	0	0	0	1	NA	NA	NA	NA	NA
JPYC01001474.1_1	3	275	273	-1	0.685	11	None	NA	NA	NA	0	0	0	1	NA	NA	NA	NA	NA
JPYC01001475.1_1	2	256	255	-1	0.698	11	None	NA	NA	NA	0	0	0	1	NA	NA	NA	NA	NA
JPYC01001476.1_1	211	285	75	1	0.573	11	None	NA	NA	NA	0	0	0	1	NA	NA	NA	NA	NA
JPYC01001477.1_1	2	169	168	-1	0.708	11	GGA/GAG/AGG	NA	NA	NA	0	0	0	1	NA	NA	NA	NA	NA
JPYC01001477.1_2	197	526	330	-1	0.706	11	None	NA	NA	NA	0	0	0	1	NA	NA	NA	NA	NA
JPYC01001478.1_1	3	272	270	1	0.681	11	None	NA	NA	NA	0	0	0	1	NA	NA	NA	NA	NA
JPYC01001479.1_1	7	330	324	-1	0.682	11	None	GENOMAD.171470.CP	6.555e-27	106	0	0	0	1	NA	NA	NA	PF06912;COG3619	Uncharacterized membrane protein YoaK, UPF0700 family
JPYC01001480.1_1	195	263	69	-1	0.725	11	None	NA	NA	NA	0	0	0	1	NA	NA	NA	NA	NA
JPYC01001481.1_1	3	203	201	1	0.711	11	None	NA	NA	NA	0	0	0	1	NA	NA	NA	NA	NA
JPYC01001482.1_1	18	302	285	-1	0.653	11	None	NA	NA	NA	0	0	0	1	NA	NA	NA	NA	NA
JPYC01000149.1_1	3	212	210	1	0.695	11	None	NA	NA	NA	0	0	0	1	NA	NA	NA	NA	NA
JPYC01000149.1_2	209	1669	1461	1	0.707	11	AGxAGG/AGGxGG	NA	NA	NA	0	0	0	1	NA	NA	NA	NA	NA
JPYC01000149.1_3	1666	3978	2313	1	0.678	11	None	GENOMAD.180354.PC	9.075e-93	326	0	0	0	1	NA	NA	NA	COG1289;K03468	Uncharacterized membrane protein YccC
JPYC01000149.1_4	4254	5615	1362	-1	0.626	11	GGAG/GAGG	NA	NA	NA	0	0	0	1	NA	NA	NA	NA	NA
JPYC01000149.1_5	5729	6280	552	-1	0.688	11	None	GENOMAD.140606.CP	9.824e-40	147	0	0	0	1	NA	NA	NA	PF08922;PF13376	Bacteriocin-protection, YdeI or OmpD-Associated
JPYC01000149.1_6	6903	8750	1848	1	0.557	11	AGGA	NA	NA	NA	0	0	0	1	NA	NA	NA	NA	NA
JPYC01000149.1_7	8947	9468	522	1	0.636	11	GGAG/GAGG	NA	NA	NA	0	0	0	1	NA	NA	NA	NA	NA
JPYC01001483.1_1	42	257	216	-1	0.662	11	None	NA	NA	NA	0	0	0	1	NA	NA	NA	NA	NA
JPYC01001484.1_1	2	199	198	1	0.712	11	None	NA	NA	NA	0	0	0	1	NA	NA	NA	NA	NA
JPYC01001485.1_1	3	209	207	1	0.681	11	None	NA	NA	NA	0	0	0	1	NA	NA	NA	NA	NA
JPYC01001486.1_1	3	218	216	-1	0.699	11	None	NA	NA	NA	0	0	0	1	NA	NA	NA	NA	NA
JPYC01001487.1_1	1	426	426	1	0.627	11	None	NA	NA	NA	0	0	0	1	NA	NA	NA	NA	NA
JPYC01001488.1_1	2	202	201	-1	0.672	11	None	NA	NA	NA	0	0	0	1	NA	NA	NA	NA	NA
JPYC01001489.1_1	3	365	363	1	0.705	11	None	NA	NA	NA	0	0	0	1	NA	NA	NA	NA	NA
JPYC01001490.1_1	1	219	219	1	0.658	11	None	GENOMAD.085166.CP	1.261e-06	46	0	0	0	1	NA	NA	NA	PF00745	Glutamyl-tRNAGlu reductase, dimerisation domain
JPYC01001491.1_1	1	270	270	-1	0.685	11	None	GENOMAD.152486.CP	2.817e-20	86	0	0	0	1	NA	NA	NA	PF04378;K07115;COG2961;TIGR04474	23S rRNA A2030 N6-methylase RlmJ
JPYC01000015.1_1	3	848	846	-1	0.668	11	AGGAG	GENOMAD.142642.CP	9.615e-78	262	0	0	0	1	NA	NA	NA	PF02685;TIGR00749;K00845;COG0837	glucokinase, proteobacterial type
JPYC01000015.1_2	1551	4223	2673	1	0.618	11	GGAG/GAGG	GENOMAD.152082.CP	5.714e-123	420	0	0	0	1	NA	NA	NA	PF00593;PF07715;PF00691;TIGR01782;COG4773;K16089	TonB-dependent receptor
JPYC01000015.1_3	4430	6118	1689	1	0.647	11	AGGAG	GENOMAD.178633.CP	1.064e-17	90	0	0	0	1	NA	NA	NA	PF16757	Alpha-L-fucosidase C-terminal domain
JPYC01000015.1_4	6133	7188	1056	1	0.605	11	GGA/GAG/AGG	NA	NA	NA	0	0	0	1	NA	NA	NA	NA	NA
JPYC01000015.1_5	7446	8258	813	1	0.683	11	GGA/GAG/AGG	NA	NA	NA	0	0	0	1	NA	NA	NA	NA	NA
JPYC01000150.1_1	1	183	183	-1	0.639	11	None	NA	NA	NA	0	0	0	1	NA	NA	NA	NA	NA
JPYC01000150.1_2	612	983	372	1	0.460	11	AGGA	GENOMAD.086806.PP	1.614e-24	100	0	0	0	1	NA	NA	NA	PF13827	NA
JPYC01000150.1_3	1482	2066	585	1	0.485	11	AGGA	NA	NA	NA	0	0	0	1	NA	NA	NA	NA	NA
JPYC01000150.1_4	2063	3412	1350	1	0.601	11	GGA/GAG/AGG	NA	NA	NA	0	0	0	1	NA	NA	NA	NA	NA
JPYC01000150.1_5	3436	4599	1164	1	0.582	11	GGA/GAG/AGG	GENOMAD.022765.PP	4.615e-201	624	0	1	0	1	NA	T_virB6	NA	K03201;COG3704	Type IV secretory pathway, VirB6 components
JPYC01000150.1_6	4620	5150	531	1	0.480	11	GGA/GAG/AGG	GENOMAD.086806.PP	1.014e-26	109	0	0	0	1	NA	NA	NA	PF13827	NA
JPYC01000150.1_7	5539	6123	585	1	0.489	11	AGGA	NA	NA	NA	0	0	0	1	NA	NA	NA	NA	NA
JPYC01000150.1_8	6120	7469	1350	1	0.584	11	None	NA	NA	NA	0	0	0	1	NA	NA	NA	NA	NA
JPYC01000150.1_9	7495	7743	249	1	0.582	11	GGA/GAG/AGG	GENOMAD.022765.PP	7.503e-38	136	0	1	0	1	NA	T_virB6	NA	K03201;COG3704	Type IV secretory pathway, VirB6 components
JPYC01000151.1_1	48	338	291	1	0.636	11	None	GENOMAD.194235.PC	1.401e-14	70	0	0	0	1	NA	NA	NA	PF18357;COG1918;K04759	Fe2+ transport system protein FeoA
JPYC01000151.1_2	335	2194	1860	1	0.661	11	GGAGG	GENOMAD.123924.CP	5.76e-61	226	0	0	0	1246	Caudoviricetes	NA	NA	PF07670;PF07664;COG3366;TIGR02871	Nucleoside recognition; Ferrous iron transport protein B C terminus
JPYC01000151.1_3	2196	2450	255	1	0.675	11	GGxGG	NA	NA	NA	0	0	0	1	NA	NA	NA	NA	NA
JPYC01000151.1_4	2511	3011	501	1	0.611	11	GGA/GAG/AGG	NA	NA	NA	0	0	0	1	NA	NA	NA	NA	NA
JPYC01000151.1_5	3237	4307	1071	1	0.657	11	None	GENOMAD.099160.CP	8.117e-05	47	0	0	0	1	NA	NA	NA	PF12897;TIGR03542;K08969;COG1168	LL-diaminopimelate aminotransferase
JPYC01000152.1_1	3	1259	1257	1	0.644	11	None	GENOMAD.158774.CP	7.353e-07	54	0	0	0	1	NA	NA	NA	PF12800;K03855;COG2440;TIGR00402	Ferredoxin-like protein FixX
JPYC01000152.1_2	1290	1922	633	-1	0.613	11	AGGA	NA	NA	NA	0	0	0	1	NA	NA	NA	NA	NA
JPYC01000152.1_3	1922	2653	732	-1	0.627	11	GGAG/GAGG	NA	NA	NA	0	0	0	1	NA	NA	NA	NA	NA
JPYC01000152.1_4	2788	4134	1347	1	0.643	11	AGGA	NA	NA	NA	0	0	0	1	NA	NA	NA	NA	NA
JPYC01000152.1_5	4181	5584	1404	1	0.631	11	AGGA/GGAG/GAGG	NA	NA	NA	0	0	0	1	NA	NA	NA	NA	NA
JPYC01000152.1_6	5684	5818	135	-1	0.644	11	AGGA	NA	NA	NA	0	0	0	1	NA	NA	NA	NA	NA
JPYC01000152.1_7	5874	7040	1167	-1	0.605	11	AGGA	NA	NA	NA	0	0	0	1	NA	NA	NA	NA	NA
JPYC01000152.1_8	7381	8283	903	-1	0.687	11	None	NA	NA	NA	0	0	0	1	NA	NA	NA	NA	NA
JPYC01000152.1_9	8280	8837	558	-1	0.561	11	GGAG/GAGG	NA	NA	NA	0	0	0	1	NA	NA	NA	NA	NA
JPYC01000152.1_10	8834	9352	519	-1	0.588	11	None	NA	NA	NA	0	0	0	1	NA	NA	NA	NA	NA
JPYC01000153.1_1	2	244	243	-1	0.687	11	None	GENOMAD.148067.PC	8.931e-06	44	0	0	0	1	NA	NA	NA	PF07840;K22293;TIGR03338;COG1802	phosphonate utilization associated transcriptional regulator
JPYC01000153.1_2	323	1678	1356	-1	0.661	11	GGAGG	GENOMAD.196632.PC	1.444e-82	284	0	0	0	1	NA	NA	NA	PF00939;TIGR00785;COG4664	anion transporter
JPYC01000153.1_3	1766	2686	921	-1	0.692	11	GGA/GAG/AGG	NA	NA	NA	0	0	0	1	NA	NA	NA	NA	NA
JPYC01000153.1_4	2683	2916	234	-1	0.641	11	AGGAG	NA	NA	NA	0	0	0	1	NA	NA	NA	NA	NA
JPYC01000153.1_5	2913	3782	870	-1	0.677	11	GGAG/GAGG	GENOMAD.181951.CP	1.332e-45	169	0	0	0	1	NA	NA	NA	PF01874;COG1767;TIGR03132;K05966	Triphosphoribosyl-dephospho-CoA synthetase
JPYC01000153.1_6	3779	4420	642	-1	0.685	11	GGAG/GAGG	NA	NA	NA	0	0	0	1	NA	NA	NA	NA	NA
JPYC01000153.1_7	4423	5127	705	-1	0.678	11	GGAG/GAGG	GENOMAD.209966.CP	2.493e-52	186	0	0	0	1	NA	NA	NA	PF06833;K13933;TIGR03134;COG0777	biotin-independent malonate decarboxylase, gamma subunit
JPYC01000153.1_8	5118	6035	918	-1	0.666	11	GGAG/GAGG	GENOMAD.129449.CP	3.68e-50	183	0	0	0	1	NA	NA	NA	PF01039;K13932;TIGR01117;COG4799	methylmalonyl-CoA decarboxylase alpha subunit
JPYC01000153.1_9	6142	6459	318	-1	0.651	11	GGA/GAG/AGG	GENOMAD.209355.CP	1.437e-41	148	0	0	0	1	NA	NA	NA	PF06857;K13931;TIGR03130;COG3052	malonate decarboxylase acyl carrier protein
JPYC01000153.1_10	6469	6873	405	-1	0.644	11	None	GENOMAD.209570.CP	7.143e-71	234	0	0	0	1	NA	NA	NA	PF16957;K13929;TIGR01110;COG4670	Malonate decarboxylase, alpha subunit, transporter
JPYC01000154.1_1	3	503	501	-1	0.659	11	None	NA	NA	NA	0	0	0	1	NA	NA	NA	NA	NA
JPYC01000154.1_2	634	1086	453	1	0.684	11	None	GENOMAD.132398.CP	7.215e-08	53	0	0	0	1	NA	NA	NA	PF03965;K15973;TIGR04472;COG5631	mobile rSAM pair MarR family regulator
JPYC01000154.1_3	1184	1393	210	1	0.605	11	AGGA	GENOMAD.206002.PC	2.043e-14	68	0	0	0	1	NA	NA	NA	PF07869;K21695	YtcA family
JPYC01000154.1_4	1390	1956	567	1	0.700	11	GGA/GAG/AGG	NA	NA	NA	0	0	0	1	NA	NA	NA	NA	NA
JPYC01000155.1_1	2	340	339	-1	0.614	11	AGGAG	NA	NA	NA	0	0	0	1	NA	NA	NA	NA	NA
JPYC01000155.1_2	819	3122	2304	-1	0.651	11	GGAG/GAGG	GENOMAD.140646.CP	3.252e-170	554	0	0	0	1246	Caudoviricetes	NA	NA	PF07971;PF17678;TIGR01180;COG3537;K03931	alpha-1,2-mannosidase, putative
JPYC01000155.1_3	3540	4520	981	-1	0.655	11	GGAG/GAGG	NA	NA	NA	0	0	0	1	NA	NA	NA	NA	NA
JPYC01000155.1_4	4682	5311	630	1	0.683	11	None	NA	NA	NA	0	0	0	1	NA	NA	NA	NA	NA
JPYC01000155.1_5	5661	5897	237	1	0.688	11	None	NA	NA	NA	0	0	0	1	NA	NA	NA	NA	NA
JPYC01000156.1_1	2	166	165	1	0.661	11	None	NA	NA	NA	0	0	0	1	NA	NA	NA	NA	NA
JPYC01000156.1_2	718	1989	1272	1	0.702	11	GGAG/GAGG	GENOMAD.176778.PC	3.083e-44	170	0	0	0	1	NA	NA	NA	PF00328;K01093	Histidine phosphatase superfamily (branch 2)
JPYC01000156.1_3	2058	2525	468	-1	0.588	11	GGA/GAG/AGG	NA	NA	NA	0	0	0	1	NA	NA	NA	NA	NA
JPYC01000156.1_4	2625	3410	786	-1	0.659	11	AGGA	GENOMAD.169894.PC	8.843e-49	177	0	0	0	1	NA	NA	NA	PF04954;PF08021;K07229;COG2375;TIGR02160	NADPH-dependent ferric siderophore reductase, contains FAD-binding and SIP domains
JPYC01000156.1_5	3721	4257	537	-1	0.672	11	None	GENOMAD.151275.CP	1.134e-14	74	0	0	0	1	NA	NA	NA	PF14557;COG3811;TIGR02719;K10917	Uncharacterized protein YjhX, UPF0386/DUF2084 family
JPYC01000156.1_6	4444	5508	1065	1	0.635	11	GGAG/GAGG	GENOMAD.209570.CP	9.769e-203	627	0	0	0	1	NA	NA	NA	PF16957;K13929;TIGR01110;COG4670	Malonate decarboxylase, alpha subunit, transporter
JPYC01000157.1_1	59	775	717	-1	0.689	11	GGAG/GAGG	NA	NA	NA	0	0	0	1	NA	NA	NA	NA	NA
JPYC01000157.1_2	772	1347	576	-1	0.722	11	None	GENOMAD.192401.PC	4.203e-35	134	0	0	0	1	NA	NA	NA	PF09867;COG3913;K11890;TIGR03373	TagF N-terminal domain, Type VI secretion system-associated
JPYC01000157.1_3	1344	2309	966	-1	0.694	11	None	GENOMAD.166552.PC	1.49e-25	111	0	0	0	1	NA	NA	NA	PF14331;PF06761;PF06744;PF02492;TIGR03348;COG3523;K11891	type VI secretion protein IcmF
JPYC01000158.1_1	3	611	609	-1	0.678	11	GGAG/GAGG	NA	NA	NA	0	0	0	1	NA	NA	NA	NA	NA
JPYC01000158.1_2	623	2305	1683	-1	0.687	11	GGA/GAG/AGG	NA	NA	NA	0	0	0	1	NA	NA	NA	NA	NA
JPYC01000158.1_3	2754	5882	3129	-1	0.706	11	None	GENOMAD.215794.CP	8.721e-05	49	0	0	0	1	NA	NA	NA	PF07714;K08884;COG0478;TIGR03903	RIO-like serine/threonine protein kinase fused to N-terminal HTH domain
JPYC01000159.1_1	2	1582	1581	1	0.682	11	None	NA	NA	NA	0	0	0	1	NA	NA	NA	NA	NA
JPYC01000159.1_2	1810	2820	1011	1	0.656	11	GGAG/GAGG	NA	NA	NA	0	0	0	1	NA	NA	NA	NA	NA
JPYC01000159.1_3	2885	3043	159	1	0.553	11	GGA/GAG/AGG	GENOMAD.170307.CP	2.349e-06	44	0	0	0	1	NA	NA	NA	PF07043;COG5487	Uncharacterized membrane protein YtjA, UPF0391 family
JPYC01000159.1_4	3232	3822	591	-1	0.619	11	None	NA	NA	NA	0	0	0	1	NA	NA	NA	NA	NA
JPYC01000016.1_1	262	660	399	1	0.637	11	AGGAG	GENOMAD.189452.CP	2.947e-30	117	0	0	0	1	NA	NA	NA	PF18856;COG5622	Protein required for attachment to host cells
JPYC01000016.1_2	681	1010	330	1	0.636	11	GGAG/GAGG	NA	NA	NA	0	0	0	1	NA	NA	NA	NA	NA
JPYC01000016.1_3	1543	3033	1491	1	0.651	11	GGAG/GAGG	NA	NA	NA	0	0	0	1	NA	NA	NA	NA	NA
JPYC01000016.1_4	3377	3850	474	-1	0.639	11	None	GENOMAD.172157.CP	9.113e-88	284	0	0	0	1	NA	NA	NA	PF19569;COG2867	START-like superfamily domain
JPYC01000016.1_5	3997	4815	819	1	0.678	11	GGA/GAG/AGG	GENOMAD.192568.CP	3.189e-104	338	0	0	0	1	NA	NA	NA	PF12787	EcsC protein family
JPYC01000016.1_6	5012	5662	651	1	0.668	11	None	GENOMAD.154704.CP	5.469e-53	187	0	0	0	1	NA	NA	NA	PF06080;TIGR00740;K18534;COG2226	tRNA (cmo5U34)-methyltransferase
JPYC01000016.1_7	5922	7703	1782	-1	0.746	11	GGAG/GAGG	GENOMAD.056591.CC	1.703e-15	83	0	0	0	1	NA	NA	NA	PF06283;COG3828	Trehalose utilisation
JPYC01000016.1_8	7861	9369	1509	-1	0.729	11	None	GENOMAD.027336.CC	1.486e-38	155	0	0	0	1	NA	NA	NA	NA	NA
JPYC01000160.1_1	2	412	411	-1	0.689	11	GGAGG	NA	NA	NA	0	0	0	1	NA	NA	NA	NA	NA
JPYC01000160.1_2	409	1053	645	-1	0.712	11	None	GENOMAD.001958.CC	8.94e-25	105	0	0	0	1	NA	NA	NA	PF14864;COG3165;K03690	Ubiquinone biosynthesis protein UbiJ, contains SCP2 domain
JPYC01000160.1_3	1288	1818	531	1	0.672	11	AGGAG	NA	NA	NA	0	0	0	1	NA	NA	NA	NA	NA
JPYC01000161.1_1	3	602	600	-1	0.683	11	GGAG/GAGG	GENOMAD.142374.CP	0.0004208	43	0	0	0	1	NA	NA	NA	PF13429;COG3063;TIGR02521;K02656	Tetratricopeptide repeat
JPYC01000161.1_2	838	1083	246	-1	0.724	11	None	NA	NA	NA	0	0	0	1	NA	NA	NA	NA	NA
JPYC01000161.1_3	1196	3697	2502	-1	0.695	11	GGxGG	GENOMAD.013203.CC	1.644e-05	51	0	0	0	1	NA	NA	NA	PF09205;PF07714;K08857;COG0478;TIGR03903	RIO-like serine/threonine protein kinase fused to N-terminal HTH domain
JPYC01000161.1_4	3694	4233	540	-1	0.691	11	GGA/GAG/AGG	GENOMAD.127449.CP	2.314e-27	111	0	0	0	1	NA	NA	NA	PF07638;TIGR02999;COG1595;K24073	RNA polymerase sigma factor, TIGR02999 family
JPYC01000161.1_5	4583	5110	528	1	0.667	11	GGAGG	NA	NA	NA	0	0	0	1	NA	NA	NA	NA	NA
JPYC01000161.1_6	5101	6177	1077	1	0.689	11	GGAG/GAGG	GENOMAD.141393.CP	2.077e-17	87	0	0	0	1	NA	NA	NA	PF04773;PF16220;COG3712;K07165	periplasmic ferric-dicitrate binding protein FecR, regulates iron transport through sigma-19
JPYC01000161.1_7	6639	9527	2889	1	0.672	11	GGA/GAG/AGG	GENOMAD.152082.CP	2.486e-64	243	0	0	0	1	NA	NA	NA	PF00593;PF07715;PF00691;TIGR01782;COG4773;K16089	TonB-dependent receptor
JPYC01000161.1_8	9631	10932	1302	1	0.695	11	GGA/GAG/AGG	GENOMAD.176778.PC	6.499e-56	205	0	0	0	1	NA	NA	NA	PF00328;K01093	Histidine phosphatase superfamily (branch 2)
JPYC01000161.1_9	11005	12309	1305	1	0.676	11	GGAG/GAGG	NA	NA	NA	0	0	0	1	NA	NA	NA	NA	NA
JPYC01000161.1_10	12927	13634	708	-1	0.667	11	GGA/GAG/AGG	NA	NA	NA	0	0	0	1	NA	NA	NA	NA	NA
JPYC01000161.1_11	13722	14381	660	-1	0.612	11	AGGA	GENOMAD.206010.CP	7.215e-15	76	0	0	0	1	NA	NA	NA	PF02517	Type II CAAX prenyl endopeptidase Rce1-like
JPYC01000161.1_12	14433	14822	390	-1	0.654	11	GGAGG	NA	NA	NA	0	0	0	1	NA	NA	NA	NA	NA
JPYC01000161.1_13	15353	15895	543	-1	0.674	11	GGA/GAG/AGG	NA	NA	NA	0	0	0	1	NA	NA	NA	NA	NA
JPYC01000161.1_14	17350	17844	495	-1	0.525	11	AGGAG	NA	NA	NA	0	0	0	1	NA	NA	NA	NA	NA
JPYC01000162.1_1	2	316	315	-1	0.727	11	None	GENOMAD.103400.CP	3.923e-39	141	0	0	0	1	NA	NA	NA	PF10143;COG4255;TIGR02535;K15635	proposed homoserine kinase
JPYC01000162.1_2	333	809	477	-1	0.618	11	AGGAG	GENOMAD.108036.CP	9.436e-06	47	0	0	0	1	NA	NA	NA	PF01272;TIGR01461;COG0782	transcription elongation factor GreB
JPYC01000162.1_3	806	4048	3243	-1	0.648	11	GGAG/GAGG	NA	NA	NA	0	0	0	1	NA	NA	NA	NA	NA
JPYC01000162.1_4	4057	4500	444	-1	0.678	11	GGxGG	NA	NA	NA	0	0	0	1	NA	NA	NA	NA	NA
JPYC01000162.1_5	4500	4766	267	-1	0.659	11	None	NA	NA	NA	0	0	0	1	NA	NA	NA	NA	NA
JPYC01000163.1_1	2	574	573	1	0.654	11	None	NA	NA	NA	0	0	0	1	NA	NA	NA	NA	NA
JPYC01000163.1_2	812	1933	1122	-1	0.672	11	GGAG/GAGG	NA	NA	NA	0	0	0	1	NA	NA	NA	NA	NA
JPYC01000163.1_3	1930	3060	1131	-1	0.666	11	None	NA	NA	NA	0	0	0	1	NA	NA	NA	NA	NA
JPYC01000163.1_4	3185	3883	699	-1	0.684	11	GGAG/GAGG	GENOMAD.140713.CV	3.227e-05	47	0	0	0	1	NA	NA	NA	PF05891;K21803;COG3897;TIGR00537	Predicted nicotinamide N-methyase
JPYC01000163.1_5	3880	4035	156	-1	0.660	11	None	NA	NA	NA	0	0	0	1	NA	NA	NA	NA	NA
JPYC01000164.1_1	1	840	840	-1	0.681	11	None	NA	NA	NA	0	0	0	1	NA	NA	NA	NA	NA
JPYC01000164.1_2	1219	1563	345	1	0.646	11	None	GENOMAD.138361.CV	2.953e-14	70	0	0	0	1	NA	NA	NA	PF11743	NA
JPYC01000164.1_3	1757	2089	333	-1	0.613	11	GGAGG	NA	NA	NA	0	0	0	1	NA	NA	NA	NA	NA
JPYC01000164.1_4	2280	2720	441	-1	0.669	11	None	GENOMAD.159368.VC	2.899e-19	86	0	0	0	6467	Agricanvirus	NA	NA	PF04386;K03600;COG2969	Stringent starvation protein B, binds SsrA peptide
JPYC01000164.1_5	2799	3434	636	-1	0.612	11	GGAG/GAGG	NA	NA	NA	0	0	0	1	NA	NA	NA	NA	NA
JPYC01000164.1_6	3844	4524	681	-1	0.604	11	GGxGG	GENOMAD.095404.CP	4.515e-69	234	0	0	0	1	NA	NA	NA	PF02167;K02720;TIGR04484	Cytochrome C1 family
JPYC01000164.1_7	4595	5854	1260	-1	0.609	11	GGxGG	GENOMAD.118563.CP	2.146e-27	119	0	0	0	1	NA	NA	NA	COG1290;K00412	Cytochrome b subunit of the bc complex
JPYC01000164.1_8	5854	6498	645	-1	0.620	11	GGAG/GAGG	NA	NA	NA	0	0	0	1	NA	NA	NA	NA	NA
JPYC01000164.1_9	7005	7988	984	-1	0.666	11	GGA/GAG/AGG	NA	NA	NA	0	0	0	1	NA	NA	NA	NA	NA
JPYC01000164.1_10	8180	9145	966	-1	0.713	11	GGxGG	NA	NA	NA	0	0	0	1	NA	NA	NA	NA	NA
JPYC01000164.1_11	9250	9894	645	1	0.684	11	GGAG/GAGG	NA	NA	NA	0	0	0	1	NA	NA	NA	NA	NA
JPYC01000164.1_12	9933	11387	1455	1	0.644	11	GGA/GAG/AGG	NA	NA	NA	0	0	0	1	NA	NA	NA	NA	NA
JPYC01000164.1_13	11811	12794	984	1	0.624	11	None	GENOMAD.137621.VC	1.917e-06	52	0	0	0	1246	Caudoviricetes	NA	NA	PF13086;TIGR03158;COG0210	AAA domain
JPYC01000164.1_14	12899	13342	444	1	0.651	11	None	NA	NA	NA	0	0	0	1	NA	NA	NA	NA	NA
JPYC01000164.1_15	13442	13927	486	1	0.648	11	None	GENOMAD.106003.CV	4.665e-06	48	1	0	0	1246	Caudoviricetes	NA	NA	PF02130;TIGR00043;COG0319	rRNA maturation RNase YbeY
JPYC01000164.1_16	13927	14445	519	1	0.655	11	AGGAG	NA	NA	NA	0	0	0	1	NA	NA	NA	NA	NA
JPYC01000164.1_17	14541	15419	879	1	0.637	11	None	NA	NA	NA	0	0	0	1	NA	NA	NA	NA	NA
JPYC01000164.1_18	15416	16687	1272	1	0.671	11	AGGA	GENOMAD.137314.CP	1.917e-98	329	0	0	0	1	NA	NA	NA	NA	NA
JPYC01000164.1_19	16703	17704	1002	1	0.628	11	AGGA	NA	NA	NA	0	0	0	1	NA	NA	NA	NA	NA
JPYC01000164.1_20	17863	18273	411	-1	0.669	11	None	NA	NA	NA	0	0	0	1	NA	NA	NA	NA	NA
JPYC01000165.1_1	2	1348	1347	-1	0.731	11	GGA/GAG/AGG	NA	NA	NA	0	0	0	1	NA	NA	NA	NA	NA
JPYC01000165.1_2	1341	1601	261	-1	0.644	11	None	GENOMAD.134274.CV	8.078e-16	73	0	0	0	1	NA	NA	NA	PF05166;COG3100;K09902	Uncharacterized conserved protein YcgL, UPF0745 family
JPYC01000165.1_3	1821	3020	1200	1	0.706	11	None	NA	NA	NA	0	0	0	1	NA	NA	NA	NA	NA
JPYC01000165.1_4	3020	3793	774	1	0.725	11	GGxGG	GENOMAD.176986.CP	1.868e-35	138	0	0	0	1	NA	NA	NA	PF13723;COG0304;K05551;TIGR03150	Beta-ketoacyl synthase, N-terminal domain
JPYC01000165.1_5	3790	4611	822	1	0.672	11	GGAGG	NA	NA	NA	0	0	0	1	NA	NA	NA	NA	NA
JPYC01000165.1_6	4608	6230	1623	1	0.634	11	GGA/GAG/AGG	NA	NA	NA	0	0	0	1	NA	NA	NA	NA	NA
JPYC01000165.1_7	6513	6716	204	1	0.495	11	AGGAG	NA	NA	NA	0	0	0	1	NA	NA	NA	NA	NA
JPYC01000166.1_1	128	1075	948	-1	0.700	11	None	NA	NA	NA	0	0	0	1	NA	NA	NA	NA	NA
JPYC01000167.1_1	3	299	297	1	0.684	11	None	NA	NA	NA	0	0	0	1	NA	NA	NA	NA	NA
JPYC01000167.1_2	296	817	522	1	0.649	11	None	NA	NA	NA	0	0	0	1	NA	NA	NA	NA	NA
JPYC01000167.1_3	1055	3619	2565	-1	0.659	11	AGGA	GENOMAD.146053.CP	0.000138	48	0	0	0	1	NA	NA	NA	PF18368;PF02836;PF02837;PF17786;K15855;COG3250	Beta-galactosidase/beta-glucuronidase
JPYC01000167.1_4	3616	4827	1212	-1	0.628	11	GGAG/GAGG	NA	NA	NA	0	0	0	1	NA	NA	NA	NA	NA
JPYC01000167.1_5	5012	7705	2694	-1	0.643	11	GGAGG	GENOMAD.152082.CP	8.346e-55	212	0	0	0	1	NA	NA	NA	PF00593;PF07715;PF00691;TIGR01782;COG4773;K16089	TonB-dependent receptor
JPYC01000167.1_6	8221	9606	1386	-1	0.687	11	None	GENOMAD.179217.PC	1.214e-60	220	0	0	0	1	NA	NA	NA	PF09856	Short-chain fatty acyl coenzyme A regulators
JPYC01000167.1_7	9745	11250	1506	1	0.651	11	GGA/GAG/AGG	NA	NA	NA	0	0	0	1	NA	NA	NA	NA	NA
JPYC01000167.1_8	11261	12442	1182	1	0.651	11	None	NA	NA	NA	0	0	0	1	NA	NA	NA	NA	NA
JPYC01000167.1_9	12439	13236	798	1	0.672	11	AGGAG	NA	NA	NA	0	0	0	1	NA	NA	NA	NA	NA
JPYC01000167.1_10	13236	14417	1182	1	0.657	11	GGAG/GAGG	NA	NA	NA	0	0	0	1	NA	NA	NA	NA	NA
JPYC01000167.1_11	14583	15470	888	1	0.670	11	GGA/GAG/AGG	NA	NA	NA	0	0	0	1	NA	NA	NA	NA	NA
JPYC01000167.1_12	15684	16649	966	1	0.655	11	AGxAG	NA	NA	NA	0	0	0	1	NA	NA	NA	NA	NA
JPYC01000167.1_13	16865	18946	2082	-1	0.681	11	GGA/GAG/AGG	NA	NA	NA	0	0	0	1	NA	NA	NA	NA	NA
JPYC01000167.1_14	19183	19803	621	1	0.628	11	AGGAG/GGAGG	NA	NA	NA	0	0	0	1	NA	NA	NA	NA	NA
JPYC01000167.1_15	19800	20696	897	1	0.717	11	GGA/GAG/AGG	GENOMAD.006189.CC	3.681e-124	397	0	0	0	1	NA	NA	NA	K03597;COG3073	Negative regulator of sigma E activity
JPYC01000167.1_16	20806	22383	1578	1	0.683	11	GGAGG	NA	NA	NA	0	0	0	1	NA	NA	NA	NA	NA
JPYC01000167.1_17	22573	24363	1791	1	0.623	11	None	NA	NA	NA	0	0	0	1	NA	NA	NA	NA	NA
JPYC01000167.1_18	24469	25269	801	1	0.617	11	AGGA	NA	NA	NA	0	0	0	1	NA	NA	NA	NA	NA
JPYC01000167.1_19	25300	25677	378	1	0.524	11	GGA/GAG/AGG	GENOMAD.003954.CC	1.69e-65	218	0	0	0	1	NA	NA	NA	PF16137;COG4970;TIGR01708;K10924	Tfp pilus assembly protein FimT
JPYC01000167.1_20	25667	26347	681	1	0.656	11	None	NA	NA	NA	0	0	0	1	NA	NA	NA	NA	NA
JPYC01000167.1_21	26344	27246	903	1	0.670	11	GGA/GAG/AGG	NA	NA	NA	0	0	0	1	NA	NA	NA	NA	NA
JPYC01000167.1_22	27273	28049	777	1	0.574	11	AGGAG	NA	NA	NA	0	0	0	1	NA	NA	NA	NA	NA
JPYC01000167.1_23	28187	28909	723	1	0.687	11	GGA/GAG/AGG	GENOMAD.001567.CC	1.447e-30	123	1	0	0	1	NA	NA	NA	PF11967;PF02565;TIGR00613;COG1381;K03584	DNA repair protein RecO
JPYC01000168.1_1	1	405	405	-1	0.649	11	None	NA	NA	NA	0	0	0	1	NA	NA	NA	NA	NA
JPYC01000168.1_2	774	1343	570	1	0.654	11	GGA/GAG/AGG	GENOMAD.127433.CP	3.057e-90	293	0	0	0	1	NA	NA	NA	PF14246;PF13022;K18301;TIGR03613;COG3226	pyrimidine utilization regulatory protein R
JPYC01000168.1_3	1358	2665	1308	1	0.704	11	GGAG/GAGG	NA	NA	NA	0	0	0	1	NA	NA	NA	NA	NA
JPYC01000168.1_4	2678	4999	2322	1	0.639	11	GGA/GAG/AGG	NA	NA	NA	0	0	0	1	NA	NA	NA	NA	NA
JPYC01000169.1_1	1	1275	1275	-1	0.648	11	None	GENOMAD.128920.CP	7.172e-123	400	0	0	0	1	NA	NA	NA	PF04107;TIGR01436;COG3572;K01919	glutamate--cysteine ligase, plant type
JPYC01000169.1_2	1550	2173	624	-1	0.654	11	None	GENOMAD.090247.CV	3.168e-55	193	0	0	0	1246	Caudoviricetes	NA	NA	PF05049;K03978;TIGR03598;COG0218	ribosome biogenesis GTP-binding protein YsxC/EngB
JPYC01000169.1_3	2317	3114	798	1	0.687	11	GGAG/GAGG	NA	NA	NA	0	0	0	1	NA	NA	NA	NA	NA
JPYC01000169.1_4	3053	3211	159	1	0.704	11	GGA/GAG/AGG	NA	NA	NA	0	0	0	1	NA	NA	NA	NA	NA
JPYC01000169.1_5	3208	3858	651	1	0.653	11	GGAG/GAGG	GENOMAD.152305.CP	1.633e-28	116	0	0	0	1	NA	NA	NA	PF01323;K03673;COG2761;TIGR00411	DSBA-like thioredoxin domain
JPYC01000169.1_6	3950	4765	816	1	0.664	11	GGAG/GAGG	GENOMAD.152305.CP	3.924e-29	120	0	0	0	1	NA	NA	NA	PF01323;K03673;COG2761;TIGR00411	DSBA-like thioredoxin domain
JPYC01000169.1_7	4785	4997	213	1	0.681	11	None	NA	NA	NA	0	0	0	1	NA	NA	NA	NA	NA
JPYC01000017.1_1	2	1282	1281	1	0.649	11	None	NA	NA	NA	0	0	0	1	NA	NA	NA	NA	NA
JPYC01000017.1_2	1292	1795	504	1	0.673	11	GGA/GAG/AGG	GENOMAD.159343.CP	6.096e-29	115	0	0	0	1	NA	NA	NA	PF14499;TIGR03404;COG3257;K01569	bicupin, oxalate decarboxylase family
JPYC01000017.1_3	2088	2804	717	1	0.656	11	GGA/GAG/AGG	NA	NA	NA	0	0	0	1	NA	NA	NA	NA	NA
JPYC01000017.1_4	2981	3523	543	-1	0.665	11	AGGA	GENOMAD.019134.CC	1.457e-85	279	0	0	0	1	NA	NA	NA	PF09832;COG3184	Uncharacterized protein, contains DUF2059 domain
JPYC01000017.1_5	3615	4046	432	1	0.690	11	None	NA	NA	NA	0	0	0	1	NA	NA	NA	NA	NA
JPYC01000017.1_6	4049	4678	630	1	0.665	11	GGAG/GAGG	NA	NA	NA	0	0	0	1	NA	NA	NA	NA	NA
JPYC01000017.1_7	4767	5783	1017	1	0.677	11	GGAG/GAGG	GENOMAD.141113.CP	3.774e-19	92	0	0	0	1	NA	NA	NA	PF01112;K01444;COG1446	Isoaspartyl peptidase or L-asparaginase, Ntn-hydrolase superfamily
JPYC01000017.1_8	5892	8075	2184	1	0.630	11	AGGA	NA	NA	NA	0	0	0	1	NA	NA	NA	NA	NA
JPYC01000017.1_9	8329	9258	930	-1	0.673	11	None	NA	NA	NA	0	0	0	1	NA	NA	NA	NA	NA
JPYC01000017.1_10	9258	10226	969	-1	0.678	11	None	GENOMAD.136647.CP	4.691e-87	291	0	0	0	1	NA	NA	NA	PF12706;K03476;COG2220;TIGR03307	L-ascorbate metabolism protein UlaG, beta-lactamase superfamily
JPYC01000017.1_11	10525	11157	633	1	0.665	11	None	GENOMAD.152184.PC	4.03e-23	100	0	0	0	1	NA	NA	NA	PF14246	AefR-like transcriptional repressor, C-terminal domain
JPYC01000017.1_12	11319	11666	348	-1	0.638	11	AGGAG	GENOMAD.167065.CP	1.261e-39	143	0	0	0	1	NA	NA	NA	PF14506;K06996;COG3324;TIGR00068	Predicted enzyme related to lactoylglutathione lyase
JPYC01000017.1_13	11735	12463	729	-1	0.676	11	GGA/GAG/AGG	GENOMAD.147380.CP	1.409e-43	161	0	0	0	1	NA	NA	NA	PF20240;PF12833;K13631;COG2207	AraC-type DNA-binding domain and AraC-containing proteins
JPYC01000017.1_14	12608	13078	471	-1	0.650	11	None	NA	NA	NA	0	0	0	1	NA	NA	NA	NA	NA
JPYC01000170.1_1	1	507	507	1	0.663	11	None	NA	NA	NA	0	0	0	1	NA	NA	NA	NA	NA
JPYC01000170.1_2	504	2252	1749	1	0.683	11	GGA/GAG/AGG	GENOMAD.097040.CP	5.788e-27	120	0	0	0	1	NA	NA	NA	NA	NA
JPYC01000171.1_1	386	664	279	1	0.616	11	None	GENOMAD.010644.CC	2.02e-24	98	0	0	0	1	NA	NA	NA	PF04359;K09158;COG2921	Putative lipoic acid-binding regulatory protein
JPYC01000171.1_2	754	1350	597	1	0.662	11	None	GENOMAD.000230.CC	9.752e-13	69	0	0	0	1	NA	NA	NA	TIGR00214;COG0321;K23735	lipoate-protein ligase B
JPYC01000171.1_3	1366	2379	1014	1	0.661	11	None	GENOMAD.121663.CP	3.416e-56	202	0	0	0	1	NA	NA	NA	PF13394;TIGR00510;COG0320	lipoate synthase
JPYC01000171.1_4	2774	4957	2184	1	0.638	11	GGA/GAG/AGG	NA	NA	NA	0	0	0	1	NA	NA	NA	NA	NA
JPYC01000171.1_5	5042	5797	756	-1	0.681	11	None	NA	NA	NA	0	0	0	1	NA	NA	NA	NA	NA
JPYC01000171.1_6	5873	6778	906	1	0.710	11	GGAGG	NA	NA	NA	0	0	0	1	NA	NA	NA	NA	NA
JPYC01000171.1_7	6868	7731	864	-1	0.649	11	AGGA	GENOMAD.159160.CP	3.715e-08	57	0	0	0	1	NA	NA	NF000373	PF19580;K18353;COG3021;TIGR03395	Uncharacterized conserved protein YafD, endonuclease/exonuclease/phosphatase (EEP) superfamily
JPYC01000171.1_8	7914	8969	1056	1	0.633	11	GGAG/GAGG	NA	NA	NA	0	0	0	1	NA	NA	NA	NA	NA
JPYC01000171.1_9	9092	10495	1404	1	0.637	11	AGGAG	NA	NA	NA	0	0	0	1	NA	NA	NA	NA	NA
JPYC01000171.1_10	10518	11618	1101	1	0.664	11	GGA/GAG/AGG	NA	NA	NA	0	0	0	1	NA	NA	NA	NA	NA
JPYC01000171.1_11	11611	12675	1065	1	0.685	11	GGAG/GAGG	NA	NA	NA	0	0	0	1	NA	NA	NA	NA	NA
JPYC01000171.1_12	12750	13133	384	1	0.638	11	GGA/GAG/AGG	GENOMAD.211360.PC	1.738e-17	80	0	0	0	1	NA	NA	NA	PF10001	NA
JPYC01000172.1_1	3	143	141	1	0.695	11	None	NA	NA	NA	0	0	0	1	NA	NA	NA	NA	NA
JPYC01000172.1_2	202	858	657	1	0.683	11	AGGA	NA	NA	NA	0	0	0	1	NA	NA	NA	NA	NA
JPYC01000172.1_3	1082	1489	408	1	0.667	11	GGA/GAG/AGG	GENOMAD.080041.CP	8.571e-20	87	0	0	0	1	NA	NA	NA	PF01479;COG1188;TIGR02988	Ribosomal 50S subunit-recycling heat shock protein, contains S4 domain
JPYC01000172.1_4	1613	3859	2247	-1	0.661	11	GGA/GAG/AGG	NA	NA	NA	0	0	0	1	NA	NA	NA	NA	NA
JPYC01000172.1_5	4290	4904	615	-1	0.688	11	AGGA	GENOMAD.181672.CP	3.955e-20	91	0	0	0	1	NA	NA	NA	PF06078;COG5403	Bacterial protein of unknown function (DUF937)
JPYC01000172.1_6	5192	6691	1500	-1	0.645	11	None	NA	NA	NA	0	0	0	1	NA	NA	NA	NA	NA
JPYC01000173.1_1	2	133	132	1	0.621	11	None	NA	NA	NA	0	0	0	1	NA	NA	NA	NA	NA
JPYC01000173.1_2	276	632	357	1	0.686	11	GGAG/GAGG	NA	NA	NA	0	0	0	1	NA	NA	NA	NA	NA
JPYC01000174.1_1	2	112	111	-1	0.604	11	GGA/GAG/AGG	NA	NA	NA	0	0	0	1	NA	NA	NA	NA	NA
JPYC01000174.1_2	117	623	507	-1	0.604	11	GGAGG	GENOMAD.166375.PC	1.078e-09	59	0	0	0	1	NA	NA	NA	NA	NA
JPYC01000174.1_3	1370	2269	900	1	0.622	11	None	GENOMAD.218967.CP	7.626e-89	295	0	0	0	1	NA	NA	NA	PF07737	NA
JPYC01000174.1_4	2324	2464	141	1	0.681	11	GGA/GAG/AGG	NA	NA	NA	0	0	0	1	NA	NA	NA	NA	NA
JPYC01000174.1_5	2599	2877	279	1	0.570	11	AGGAG	NA	NA	NA	0	0	0	1	NA	NA	NA	NA	NA
JPYC01000174.1_6	3196	4230	1035	-1	0.636	11	GGA/GAG/AGG	NA	NA	NA	0	0	0	1	NA	NA	NA	NA	NA
JPYC01000174.1_7	4474	5787	1314	-1	0.647	11	AGGAG	NA	NA	NA	0	0	0	1	NA	NA	NA	NA	NA
JPYC01000174.1_8	5784	6200	417	-1	0.621	11	GGA/GAG/AGG	GENOMAD.194577.PC	9.718e-78	254	0	0	0	1	NA	NA	NA	PF09990;COG4244	NA
JPYC01000174.1_9	6596	7534	939	1	0.651	11	AGGAG	NA	NA	NA	0	0	0	1	NA	NA	NA	NA	NA
JPYC01000175.1_1	483	824	342	-1	0.599	11	AGGA	NA	NA	NA	0	0	0	1	NA	NA	NA	NA	NA
JPYC01000175.1_2	824	1546	723	-1	0.669	11	None	NA	NA	NA	0	0	0	1	NA	NA	NA	NA	NA
JPYC01000175.1_3	1906	2871	966	-1	0.665	11	AGGA	NA	NA	NA	0	0	0	1	NA	NA	NA	NA	NA
JPYC01000175.1_4	3076	3384	309	-1	0.680	11	AGGA/GGAG/GAGG	GENOMAD.161585.CV	2.957e-17	78	0	0	0	1	NA	NA	NA	PF11731;K06193	Pathogenicity locus
JPYC01000175.1_5	3418	3651	234	-1	0.667	11	None	NA	NA	NA	0	0	0	1	NA	NA	NA	NA	NA
JPYC01000176.1_1	2	625	624	-1	0.692	11	GGAG/GAGG	NA	NA	NA	0	0	0	1	NA	NA	NA	NA	NA
JPYC01000176.1_2	625	1422	798	-1	0.665	11	GGAG/GAGG	NA	NA	NA	0	0	0	1	NA	NA	NA	NA	NA
JPYC01000176.1_3	1537	2214	678	-1	0.678	11	GGA/GAG/AGG	GENOMAD.007942.CC	5.593e-57	199	0	0	0	1	NA	NA	NA	NA	NA
JPYC01000176.1_4	2237	2896	660	-1	0.686	11	None	GENOMAD.134037.CV	2.935e-19	89	0	0	0	1246	Caudoviricetes	NA	NA	PF15609;K00762;TIGR00336;COG0461	orotate phosphoribosyltransferase
JPYC01000176.1_5	3015	3815	801	1	0.653	11	None	NA	NA	NA	0	0	0	1	NA	NA	NA	NA	NA
JPYC01000176.1_6	4135	5430	1296	1	0.654	11	GGAG/GAGG	NA	NA	NA	0	0	0	1	NA	NA	NA	NA	NA
JPYC01000176.1_7	5489	5716	228	1	0.636	11	GGAG/GAGG	NA	NA	NA	0	0	0	1	NA	NA	NA	NA	NA
JPYC01000176.1_8	5758	5943	186	-1	0.720	11	None	NA	NA	NA	0	0	0	1	NA	NA	NA	NA	NA
JPYC01000177.1_1	1	1080	1080	1	0.643	11	None	GENOMAD.159854.CP	4.822e-160	504	0	0	0	1	NA	NA	NA	PF12242;PF07055;PF12241;K00209;COG3007;TIGR01829	Trans-2-enoyl-CoA reductase
JPYC01000177.1_2	1247	1534	288	1	0.601	11	None	NA	NA	NA	0	0	0	1	NA	NA	NA	NA	NA
JPYC01000177.1_3	1717	2739	1023	-1	0.682	11	GGAG/GAGG	NA	NA	NA	0	0	0	1	NA	NA	NA	NA	NA
JPYC01000177.1_4	3026	5806	2781	1	0.647	11	GGAGG	GENOMAD.152082.CP	1.638e-81	296	0	0	0	1	NA	NA	NA	PF00593;PF07715;PF00691;TIGR01782;COG4773;K16089	TonB-dependent receptor
JPYC01000177.1_5	6171	8003	1833	1	0.665	11	AGGAG	GENOMAD.219526.VC	0.0	1015	0	0	0	1	NA	NA	NA	NA	NA
JPYC01000178.1_1	1	606	606	1	0.647	11	None	GENOMAD.000446.CC	7.774e-32	125	0	0	0	1	NA	NA	NA	PF02636;COG1565	SAM-dependent methyltransferase, MidA family
JPYC01000178.1_2	594	845	252	1	0.651	11	None	GENOMAD.145656.CP	2.962e-32	120	0	0	0	1	NA	NA	NA	PF10043;COG5544;K20950	Uncharacterized conserved protein YfiM, DUF2279 family
JPYC01000179.1_1	2	745	744	-1	0.645	11	GGAG/GAGG	NA	NA	NA	0	0	0	1	NA	NA	NA	NA	NA
JPYC01000179.1_2	889	1194	306	-1	0.605	11	AGGAG	NA	NA	NA	0	0	0	1	NA	NA	NA	NA	NA
JPYC01000179.1_3	1283	1603	321	-1	0.607	11	AGGAG	NA	NA	NA	0	0	0	1	NA	NA	NA	NA	NA
JPYC01000179.1_4	1652	2761	1110	-1	0.639	11	AGGAG	NA	NA	NA	0	0	0	1	NA	NA	NA	NA	NA
JPYC01000179.1_5	2825	3475	651	-1	0.645	11	GGAG/GAGG	GENOMAD.120574.PP	2.716e-113	361	0	0	0	1	NA	NA	NA	NA	NA
JPYC01000179.1_6	3603	3926	324	-1	0.577	11	GGAGG	GENOMAD.013765.PP	2.347e-61	205	0	0	0	1	NA	NA	NA	NA	NA
JPYC01000179.1_7	4018	4698	681	-1	0.637	11	AGGAG	GENOMAD.123925.PP	5.399e-102	329	0	0	0	1	NA	NA	NA	PF11679	NA
JPYC01000179.1_8	4760	5689	930	-1	0.630	11	GGAG/GAGG	GENOMAD.189928.PC	9.877e-49	179	0	0	0	1	NA	NA	NA	PF12101	NA
JPYC01000179.1_9	6827	7453	627	1	0.560	11	GGAG/GAGG	GENOMAD.137753.PC	2.555e-29	118	0	1	0	1	NA	NA	NA	PF08139;TIGR02747;COG3015	NA
JPYC01000018.1_1	152	1318	1167	1	0.677	11	None	NA	NA	NA	0	0	0	1	NA	NA	NA	NA	NA
JPYC01000018.1_2	1456	2415	960	-1	0.606	11	GGAG/GAGG	NA	NA	NA	0	0	0	1	NA	NA	NA	NA	NA
JPYC01000018.1_3	2415	2813	399	-1	0.684	11	GGAG/GAGG	NA	NA	NA	0	0	0	1	NA	NA	NA	NA	NA
JPYC01000018.1_4	2964	3143	180	1	0.689	11	AGGAG	NA	NA	NA	0	0	0	1	NA	NA	NA	NA	NA
JPYC01000018.1_5	3246	3641	396	-1	0.621	11	AGGAG	GENOMAD.179052.CP	3.279e-53	183	0	0	0	1	NA	NA	NA	PF05610;K09959;COG3564;TIGR02011	Uncharacterized conserved protein, DUF779 family
JPYC01000018.1_6	3818	5347	1530	-1	0.617	11	AGGAG	NA	NA	NA	0	0	0	1	NA	NA	NA	NA	NA
JPYC01000018.1_7	5734	6252	519	-1	0.661	11	GGAG/GAGG	NA	NA	NA	0	0	0	1	NA	NA	NA	NA	NA
JPYC01000018.1_8	6447	6743	297	-1	0.670	11	None	NA	NA	NA	0	0	0	1	NA	NA	NA	NA	NA
JPYC01000018.1_9	6854	8992	2139	-1	0.691	11	GGA/GAG/AGG	GENOMAD.127342.CP	2.897e-16	86	0	0	0	1	NA	NA	NA	PF11854;PF07715;TIGR01776;COG4773;K16090	TonB-dependent lactoferrin and transferrin receptors
JPYC01000018.1_10	9149	10351	1203	1	0.664	11	GGA/GAG/AGG	GENOMAD.141045.CP	2.265e-09	62	0	0	0	1	NA	NA	NA	PF12897;K00832;COG1448;TIGR03537	Aspartate/tyrosine/aromatic aminotransferase
JPYC01000018.1_11	10470	11312	843	1	0.458	11	AGGA	NA	NA	NA	0	0	0	1	NA	NA	NA	NA	NA
JPYC01000018.1_12	11536	12303	768	1	0.578	11	None	GENOMAD.214138.CP	7.276e-14	74	0	0	0	1	NA	NA	NA	NA	NA
JPYC01000018.1_13	12300	12536	237	1	0.498	11	AGGAG	NA	NA	NA	0	0	0	1	NA	NA	NA	NA	NA
JPYC01000018.1_14	12877	13887	1011	1	0.646	11	GGA/GAG/AGG	NA	NA	NA	0	0	0	1	NA	NA	NA	NA	NA
JPYC01000018.1_15	14186	14677	492	1	0.614	11	GGAG/GAGG	GENOMAD.054209.CC	1.4e-52	183	0	0	0	1	NA	NA	NA	TIGR03066	Gemmata obscuriglobus paralogous family TIGR03066
JPYC01000018.1_16	14902	15144	243	1	0.609	11	GGAG/GAGG	NA	NA	NA	0	0	0	1	NA	NA	NA	NA	NA
JPYC01000018.1_17	15292	15516	225	1	0.533	11	None	GENOMAD.171189.CP	2.956e-06	45	0	0	0	1	NA	NA	NA	PF09932;COG5460	Uncharacterized conserved protein, DUF2164 family
JPYC01000018.1_18	15582	15971	390	1	0.613	11	GGA/GAG/AGG	NA	NA	NA	0	0	0	1	NA	NA	NA	NA	NA
JPYC01000018.1_19	16343	16675	333	1	0.670	11	GGAG/GAGG	NA	NA	NA	0	0	0	1	NA	NA	NA	NA	NA
JPYC01000180.1_1	3	1595	1593	-1	0.637	11	None	NA	NA	NA	0	0	0	1	NA	NA	NA	NA	NA
JPYC01000180.1_2	1706	3082	1377	1	0.668	11	None	GENOMAD.100160.CP	5.056e-08	58	0	0	0	1	NA	NA	NA	PF17774	Putative RNA-binding domain in YlmH
JPYC01000180.1_3	3183	3743	561	-1	0.654	11	None	NA	NA	NA	0	0	0	1	NA	NA	NA	NA	NA
JPYC01000180.1_4	3838	4038	201	-1	0.672	11	None	NA	NA	NA	0	0	0	1	NA	NA	NA	NA	NA
JPYC01000181.1_1	2	385	384	-1	0.714	11	AGGAG	NA	NA	NA	0	0	0	1	NA	NA	NA	NA	NA
JPYC01000181.1_2	414	869	456	-1	0.678	11	None	GENOMAD.205619.PC	1.398e-38	142	0	0	0	1	NA	NA	NA	PF03500	Cellulose synthase subunit D
JPYC01000181.1_3	1077	2255	1179	-1	0.640	11	None	NA	NA	NA	0	0	0	1	NA	NA	NA	NA	NA
JPYC01000181.1_4	2649	3617	969	-1	0.666	11	GGAG/GAGG	NA	NA	NA	0	0	0	1	NA	NA	NA	NA	NA
JPYC01000181.1_5	3599	4996	1398	-1	0.691	11	GGAG/GAGG	NA	NA	NA	0	0	0	1	NA	NA	NA	NA	NA
JPYC01000181.1_6	4944	6851	1908	-1	0.631	11	GGAG/GAGG	GENOMAD.110066.CP	9.475e-05	48	0	0	0	1	NA	NA	NA	PF05157;K02652;TIGR02538;COG2804	type IV-A pilus assembly ATPase PilB
JPYC01000181.1_7	6862	7896	1035	-1	0.647	11	AGGA	GENOMAD.033146.CC	8.727e-190	589	0	0	0	1	NA	NA	NA	PF11383;K20326;COG4313	Putative MetA-pathway of phenol degradation
JPYC01000181.1_8	8025	8864	840	-1	0.665	11	GGA/GAG/AGG	NA	NA	NA	0	0	0	1	NA	NA	NA	NA	NA
JPYC01000181.1_9	9468	10625	1158	1	0.678	11	GGAG/GAGG	GENOMAD.162212.CP	1.292e-06	53	0	0	0	1	NA	NA	NA	PF03881;K02204;TIGR00938;COG2334	homoserine kinase, Neisseria type
JPYC01000181.1_10	10657	12819	2163	1	0.659	11	GGA/GAG/AGG	GENOMAD.158094.CP	3.719e-108	370	0	0	0	1	NA	NA	NA	PF14905;PF07715;K16090;TIGR01776;COG4773	TonB-dependent lactoferrin and transferrin receptors
JPYC01000181.1_11	13000	13575	576	1	0.641	11	GGA/GAG/AGG	NA	NA	NA	0	0	0	1	NA	NA	NA	NA	NA
JPYC01000181.1_12	13681	14409	729	1	0.658	11	None	GENOMAD.205743.CP	0.000325	44	0	0	0	1	NA	NA	NA	PF00392;COG2188;K03486;TIGR02404	DNA-binding transcriptional regulator, GntR family
JPYC01000181.1_13	14883	15635	753	-1	0.696	11	None	NA	NA	NA	0	0	0	1	NA	NA	NA	NA	NA
JPYC01000181.1_14	15766	16065	300	-1	0.423	11	GGAGG	NA	NA	NA	0	0	0	1	NA	NA	NA	NA	NA
JPYC01000181.1_15	16137	18428	2292	-1	0.579	11	None	NA	NA	NA	0	0	0	1	NA	NA	NA	NA	NA
JPYC01000181.1_16	18425	19222	798	-1	0.706	11	GGAGG	NA	NA	NA	0	0	0	1	NA	NA	NA	NA	NA
JPYC01000181.1_17	19212	19865	654	-1	0.685	11	AGGAG	GENOMAD.192187.CP	8.185e-28	114	0	0	0	1	NA	NA	NA	PF04350;COG3167;K02462	Tfp pilus assembly protein PilO
JPYC01000181.1_18	19849	20970	1122	-1	0.676	11	GGAG/GAGG	GENOMAD.160484.CP	3.691e-161	508	0	0	0	1	NA	NA	NA	PF12693;PF05134;K02461;TIGR01709;COG3297	type II secretion system protein L
JPYC01000181.1_19	20967	21818	852	-1	0.658	11	GGxGG	GENOMAD.152488.CP	2.62e-14	76	0	0	0	1	NA	NA	NA	PF03934;COG3156;K02460;TIGR02600	Type II secretory pathway, component PulK
JPYC01000181.1_20	21815	22450	636	-1	0.668	11	GGA/GAG/AGG	GENOMAD.190410.CP	1.286e-29	119	0	0	0	1	NA	NA	NA	PF07379;K02459;TIGR01711;COG4795	type II secretion system protein J
JPYC01000181.1_21	22447	22863	417	-1	0.674	11	GGA/GAG/AGG	GENOMAD.161255.CP	2.336e-68	227	0	0	0	1	NA	NA	NA	PF07379;K02458;TIGR01707;COG4967	type II secretion system protein I
JPYC01000181.1_22	22860	23369	510	-1	0.692	11	None	GENOMAD.168400.CP	5.087e-32	124	0	0	0	1	NA	NA	NA	PF12019;PF07379;TIGR01708;K02457;COG4970	type II secretion system protein H
JPYC01000181.1_23	23379	23810	432	-1	0.641	11	AGGA	NA	NA	NA	0	0	0	1	NA	NA	NA	NA	NA
JPYC01000181.1_24	24080	25297	1218	-1	0.644	11	None	GENOMAD.117243.CP	2.029e-42	164	0	0	0	1	NA	NA	NA	PF00482;K02455;TIGR02120;COG1459	type II secretion system protein F
JPYC01000181.1_25	25473	26780	1308	-1	0.633	11	None	GENOMAD.005978.CC	7.878e-07	54	0	0	0	1246	Caudoviricetes	T_virB11	NA	PF00437;PF05810;K07332;TIGR03819;COG4962	helicase/secretion neighborhood ATPase
JPYC01000182.1_1	2	817	816	-1	0.652	11	None	NA	NA	NA	0	0	0	1	NA	NA	NA	NA	NA
JPYC01000182.1_2	884	1393	510	-1	0.647	11	None	NA	NA	NA	0	0	0	1	NA	NA	NA	NA	NA
JPYC01000183.1_1	2	268	267	1	0.655	11	None	GENOMAD.183170.CP	1.975e-15	72	0	0	0	1	NA	NA	NA	PF02426;COG4829;TIGR03221	Muconolactone delta-isomerase
JPYC01000183.1_2	282	1436	1155	1	0.681	11	AGGA	NA	NA	NA	0	0	0	1	NA	NA	NA	NA	NA
JPYC01000183.1_3	1597	2841	1245	1	0.667	11	None	NA	NA	NA	0	0	0	1	NA	NA	NA	NA	NA
JPYC01000183.1_4	2942	5353	2412	-1	0.663	11	None	NA	NA	NA	0	0	0	1	NA	NA	NA	NA	NA
JPYC01000183.1_5	5678	7591	1914	1	0.649	11	GGAG/GAGG	NA	NA	NA	0	0	0	1	NA	NA	NA	NA	NA
JPYC01000183.1_6	7572	8837	1266	-1	0.703	11	GGA/GAG/AGG	NA	NA	NA	0	0	0	1	NA	NA	NA	NA	NA
JPYC01000183.1_7	9057	9167	111	-1	0.631	11	AGGAG	NA	NA	NA	0	0	0	1	NA	NA	NA	NA	NA
JPYC01000183.1_8	9256	10407	1152	-1	0.661	11	AGGAG	NA	NA	NA	0	0	0	1	NA	NA	NA	NA	NA
JPYC01000183.1_9	10424	12046	1623	-1	0.611	11	GGA/GAG/AGG	NA	NA	NA	0	0	0	1	NA	NA	NA	NA	NA
JPYC01000183.1_10	12198	13934	1737	1	0.680	11	None	NA	NA	NA	0	0	0	1	NA	NA	NA	NA	NA
JPYC01000183.1_11	13931	15616	1686	1	0.688	11	GGAGG	NA	NA	NA	0	0	0	1	NA	NA	NA	NA	NA
JPYC01000183.1_12	15689	16303	615	-1	0.624	11	GGA/GAG/AGG	GENOMAD.161509.CP	1.151e-08	57	0	0	0	1	NA	NA	NA	PF06961;COG3326	Uncharacterized membrane protein YsdA, DUF1294 family
JPYC01000183.1_13	16455	17657	1203	-1	0.659	11	None	NA	NA	NA	0	0	0	1	NA	NA	NA	NA	NA
JPYC01000183.1_14	17958	18971	1014	-1	0.700	11	AGGAG	GENOMAD.145456.CP	2.063e-24	108	0	0	0	1	NA	NA	NA	PF09976;COG4235;TIGR03142;K02656	Cytochrome c-type biogenesis protein CcmH/NrfG
JPYC01000183.1_15	18971	19402	432	-1	0.678	11	None	NA	NA	NA	0	0	0	1	NA	NA	NA	NA	NA
JPYC01000183.1_16	19399	20001	603	-1	0.655	11	GGAG/GAGG	GENOMAD.130406.CP	2.101e-05	47	0	0	0	1246	Caudoviricetes	NA	NA	PF00578;PF17127;TIGR00385;K02199;COG0386	periplasmic protein thiol:disulfide oxidoreductases, DsbE subfamily
JPYC01000183.1_17	19994	21931	1938	-1	0.678	11	None	GENOMAD.137760.CP	4.659e-62	230	0	0	0	1	NA	NA	NA	COG1138	Cytochrome c biogenesis factor
JPYC01000183.1_18	22103	22573	471	-1	0.652	11	GGAG/GAGG	GENOMAD.134025.CP	2.646e-42	153	0	0	0	1	NA	NA	NA	PF03100;K02197;COG2332;TIGR00752	Cytochrome c-type biogenesis protein CcmE
JPYC01000183.1_19	22570	22740	171	-1	0.678	11	AGGAG	NA	NA	NA	0	0	0	1	NA	NA	NA	NA	NA
JPYC01000183.1_20	22737	23489	753	-1	0.648	11	None	GENOMAD.123398.CP	1.207e-24	106	0	0	0	1	NA	NA	NA	K02195;TIGR01191;COG0755	heme exporter protein CcmC
JPYC01000183.1_21	23584	24279	696	-1	0.674	11	GGAGG	GENOMAD.137442.CP	1.366e-26	111	0	0	0	1	NA	NA	NA	PF03379;TIGR01190;COG2386	heme exporter protein CcmB
JPYC01000183.1_22	24276	24920	645	-1	0.685	11	GGA/GAG/AGG	NA	NA	NA	0	0	0	1	NA	NA	NA	NA	NA
JPYC01000183.1_23	25147	26295	1149	1	0.654	11	GGA/GAG/AGG	GENOMAD.126770.CP	4.194e-09	61	0	0	0	1	NA	NA	NA	NA	NA
JPYC01000183.1_24	26444	27244	801	1	0.643	11	GGA/GAG/AGG	GENOMAD.126969.CP	1.53e-09	61	0	0	0	1	NA	NA	NA	PF00795;TIGR03381;K01506;COG0388	N-carbamoylputrescine amidase
JPYC01000183.1_25	27331	27642	312	-1	0.625	11	None	NA	NA	NA	0	0	0	1	NA	NA	NA	NA	NA
JPYC01000184.1_1	264	734	471	1	0.715	11	GGA/GAG/AGG	NA	NA	NA	0	0	0	1	NA	NA	NA	NA	NA
JPYC01000184.1_2	834	2624	1791	-1	0.659	11	GGA/GAG/AGG	NA	NA	NA	0	0	0	1	NA	NA	NA	NA	NA
JPYC01000184.1_3	2888	3169	282	-1	0.613	11	AGGAG	GENOMAD.034063.CC	6.13e-14	68	0	0	0	1	NA	NA	NA	PF08695	Cytochrome oxidase complex assembly protein 1
JPYC01000184.1_4	3367	4464	1098	-1	0.654	11	None	GENOMAD.129013.CP	8.568e-33	134	0	0	0	1	NA	NA	NA	PF00326;PF00930;K01278;COG1770;TIGR02821	Prolyl oligopeptidase family; Dipeptidyl peptidase IV (DPP IV) N-terminal region
JPYC01000185.1_1	3	299	297	1	0.640	11	None	NA	NA	NA	0	0	0	1	NA	NA	NA	NA	NA
JPYC01000185.1_2	573	4628	4056	1	0.665	11	GGA/GAG/AGG	GENOMAD.193847.CP	1.565e-170	577	0	0	0	1	NA	NA	NA	PF13175;COG4913;TIGR00634;K19171	Uncharacterized protein, contains a C-terminal ATPase domain
JPYC01000185.1_3	4677	5513	837	-1	0.652	11	GGAG/GAGG	NA	NA	NA	0	0	0	1	NA	NA	NA	NA	NA
JPYC01000185.1_4	5584	5970	387	1	0.718	11	None	NA	NA	NA	0	0	0	1	NA	NA	NA	NA	NA
JPYC01000185.1_5	6155	6361	207	1	0.705	11	GGA/GAG/AGG	NA	NA	NA	0	0	0	1	NA	NA	NA	NA	NA
JPYC01000185.1_6	6537	7226	690	1	0.697	11	None	NA	NA	NA	0	0	0	1	NA	NA	NA	NA	NA
JPYC01000186.1_1	3	815	813	-1	0.651	11	None	NA	NA	NA	0	0	0	1	NA	NA	NA	NA	NA
JPYC01000187.1_1	219	1073	855	1	0.641	11	None	GENOMAD.111713.CP	5.257e-31	126	0	0	0	1	NA	NA	NA	PF01739;PF20225;PF03705;K00575;COG1352;TIGR04345	Methylase of chemotaxis methyl-accepting proteins
JPYC01000187.1_2	1076	1672	597	1	0.630	11	AGGAG	GENOMAD.140319.CP	2.56e-24	103	0	0	0	1	NA	NA	NA	PF03975;COG1871;K03411	Chemotaxis receptor (MCP) glutamine deamidase CheD
JPYC01000187.1_3	1669	2745	1077	1	0.665	11	GGAG/GAGG	GENOMAD.125879.CP	5.063e-19	92	0	0	0	1	NA	NA	NA	PF01339;K13924	CheB methylesterase
JPYC01000187.1_4	2836	5112	2277	1	0.655	11	GGA/GAG/AGG	NA	NA	NA	0	0	0	1	NA	NA	NA	NA	NA
JPYC01000187.1_5	5511	6356	846	-1	0.663	11	None	NA	NA	NA	0	0	0	1	NA	NA	NA	NA	NA
JPYC01000187.1_6	6551	8335	1785	-1	0.662	11	None	NA	NA	NA	0	0	0	1	NA	NA	NA	NA	NA
JPYC01000188.1_1	3	464	462	-1	0.645	11	None	GENOMAD.143014.CP	1.865e-05	46	0	0	0	1	NA	NA	NA	PF03929;COG3182;K03863	PepSY-associated TM region
JPYC01000188.1_2	628	1380	753	1	0.649	11	GGA/GAG/AGG	NA	NA	NA	0	0	0	1	NA	NA	NA	NA	NA
JPYC01000188.1_3	1765	2724	960	-1	0.643	11	None	GENOMAD.121288.CP	6.86e-100	328	0	0	0	1	NA	NA	NA	PF00490;COG0113;K01698	Delta-aminolevulinic acid dehydratase, porphobilinogen synthase
JPYC01000189.1_1	3	353	351	-1	0.692	11	None	NA	NA	NA	0	0	0	1	NA	NA	NA	NA	NA
JPYC01000189.1_2	467	916	450	1	0.664	11	GGA/GAG/AGG	GENOMAD.158192.CP	0.0001695	43	0	0	0	1	NA	NA	NA	PF20024;K06075;TIGR04472;COG5631	mobile rSAM pair MarR family regulator
JPYC01000189.1_3	1046	2428	1383	1	0.696	11	None	GENOMAD.123577.CP	4.982e-12	71	0	0	0	1	NA	NA	NA	PF02321;TIGR01845;K12340;COG1538	efflux transporter, outer membrane factor (OMF) lipoprotein, NodT family
JPYC01000189.1_4	2439	3632	1194	1	0.657	11	GGA/GAG/AGG	GENOMAD.138157.CP	1.733e-39	155	0	0	0	1	NA	NA	NA	PF13437;TIGR02828	HlyD family secretion protein
JPYC01000189.1_5	3639	5219	1581	1	0.634	11	None	NA	NA	NA	0	0	0	1	NA	NA	NA	NA	NA
JPYC01000189.1_6	5730	6191	462	1	0.615	11	AGGA	NA	NA	NA	0	0	0	1	NA	NA	NA	NA	NA
JPYC01000189.1_7	6305	6766	462	1	0.673	11	AGGA/GGAG/GAGG	NA	NA	NA	0	0	0	1	NA	NA	NA	NA	NA
JPYC01000189.1_8	7124	9370	2247	-1	0.659	11	None	NA	NA	NA	0	0	0	1	NA	NA	NA	NA	NA
JPYC01000189.1_9	9492	11207	1716	-1	0.644	11	None	GENOMAD.145507.CP	5.857e-83	290	0	0	0	1	NA	NA	NA	PF17033;COG4073;K14054;TIGR02994	Carboxypeptidase controlling helical cell shape catalytic
JPYC01000019.1_1	1	945	945	-1	0.661	11	None	NA	NA	NA	0	0	0	1	NA	NA	NA	NA	NA
JPYC01000019.1_2	987	1535	549	1	0.639	11	None	NA	NA	NA	0	0	0	1	NA	NA	NA	NA	NA
JPYC01000019.1_3	1532	2332	801	1	0.679	11	GGAG/GAGG	NA	NA	NA	0	0	0	1	NA	NA	NA	NA	NA
JPYC01000019.1_4	2523	3527	1005	1	0.661	11	AGGA	GENOMAD.097849.CV	3.746e-36	143	0	0	0	1246	Caudoviricetes	NA	NA	PF00590;PF03819;K02499;COG3956;TIGR00444	Uncharacterized conserved protein YabN, contains tetrapyrrole methylase and MazG-like pyrophosphatase domain
JPYC01000019.1_5	3524	3859	336	1	0.658	11	None	NA	NA	NA	0	0	0	1	NA	NA	NA	NA	NA
JPYC01000019.1_6	4050	4742	693	1	0.677	11	None	GENOMAD.142316.CP	8.872e-18	85	0	0	0	1	NA	NA	NA	PF01957;K07340;COG1585	Membrane protein implicated in regulation of membrane protease activity
JPYC01000019.1_7	4913	6022	1110	1	0.653	11	GGA/GAG/AGG	GENOMAD.127113.CP	7.151e-22	101	0	0	0	1	NA	NA	NA	PF01571;K00282;TIGR00528;COG0404	glycine cleavage system T protein
JPYC01000019.1_8	6171	6566	396	1	0.629	11	GGAG/GAGG	NA	NA	NA	0	0	0	1	NA	NA	NA	NA	NA
JPYC01000019.1_9	7577	7687	111	1	0.514	11	AGGAG	NA	NA	NA	0	0	0	1	NA	NA	NA	NA	NA
JPYC01000190.1_1	1	1473	1473	-1	0.644	11	GGAGG	GENOMAD.119360.CP	6.165e-223	693	0	0	0	1	NA	NA	NA	COG4147	Na+(or H+)/acetate symporter ActP
JPYC01000190.1_2	1470	1787	318	-1	0.591	11	AGGAG	GENOMAD.181410.CP	8.303e-16	74	0	0	0	1	NA	NA	NA	PF04341;COG3162	Uncharacterized membrane protein, DUF485 family
JPYC01000190.1_3	1874	3256	1383	-1	0.639	11	GGAG/GAGG	GENOMAD.178249.CP	2.806e-89	304	0	0	0	1	NA	NA	NA	COG3203;K16077	Outer membrane protein (porin)
JPYC01000190.1_4	3553	5496	1944	1	0.645	11	GGAG/GAGG	NA	NA	NA	0	0	0	1	NA	NA	NA	NA	NA
JPYC01000190.1_5	5671	6339	669	1	0.658	11	None	NA	NA	NA	0	0	0	1	NA	NA	NA	NA	NA
JPYC01000190.1_6	6629	7537	909	-1	0.608	11	AGGA	NA	NA	NA	0	0	0	1	NA	NA	NA	NA	NA
JPYC01000190.1_7	8064	8654	591	1	0.662	11	GGAG/GAGG	NA	NA	NA	0	0	0	1	NA	NA	NA	NA	NA
JPYC01000190.1_8	8658	8861	204	1	0.588	11	AGGAG	NA	NA	NA	0	0	0	1	NA	NA	NA	NA	NA
JPYC01000190.1_9	9070	10692	1623	-1	0.659	11	None	NA	NA	NA	0	0	0	1	NA	NA	NA	NA	NA
JPYC01000190.1_10	10999	12009	1011	1	0.706	11	GGAG/GAGG	NA	NA	NA	0	0	0	1	NA	NA	NA	NA	NA
JPYC01000190.1_11	12006	12878	873	1	0.698	11	GGA/GAG/AGG	GENOMAD.162496.CP	3.288e-17	85	0	0	0	1	NA	NA	NA	PF04909;K07046;COG3618;TIGR00010	Predicted metal-dependent hydrolase, TIM-barrel fold
JPYC01000190.1_12	12875	13645	771	1	0.664	11	GGA/GAG/AGG	NA	NA	NA	0	0	0	1	NA	NA	NA	NA	NA
JPYC01000190.1_13	13815	14672	858	1	0.650	11	AGGA	NA	NA	NA	0	0	0	1	NA	NA	NA	NA	NA
JPYC01000190.1_14	15249	16571	1323	1	0.674	11	AGGA	NA	NA	NA	0	0	0	1	NA	NA	NA	NA	NA
JPYC01000191.1_1	125	328	204	-1	0.667	11	None	NA	NA	NA	0	0	0	1	NA	NA	NA	NA	NA
JPYC01000192.1_1	2	259	258	-1	0.705	11	None	NA	NA	NA	0	0	0	1	NA	NA	NA	NA	NA
JPYC01000193.1_1	3	1667	1665	-1	0.686	11	GGAG/GAGG	NA	NA	NA	0	0	0	1	NA	NA	NA	NA	NA
JPYC01000193.1_2	1713	3689	1977	-1	0.695	11	GGAG/GAGG	NA	NA	NA	0	0	0	1	NA	NA	NA	NA	NA
JPYC01000193.1_3	3728	4354	627	-1	0.719	11	GGA/GAG/AGG	GENOMAD.006203.CC	1.52e-25	107	0	0	0	1	NA	NA	NA	COG3918	NA
JPYC01000193.1_4	4495	5232	738	1	0.672	11	GGA/GAG/AGG	GENOMAD.005661.CC	2.801e-15	78	0	0	0	1	NA	NA	NA	PF20567	NA
JPYC01000193.1_5	5236	5685	450	1	0.693	11	GGAG/GAGG	NA	NA	NA	0	0	0	1	NA	NA	NA	NA	NA
JPYC01000193.1_6	5769	6155	387	1	0.633	11	None	NA	NA	NA	0	0	0	1	NA	NA	NA	NA	NA
JPYC01000193.1_7	7115	8377	1263	1	0.623	11	GGA/GAG/AGG	GENOMAD.015873.CC	2.909e-36	146	0	0	0	1	NA	NA	NA	PF00561;TIGR03101;COG0412;K24084	exosortase A system-associated hydrolase 2
JPYC01000193.1_8	8685	9575	891	1	0.677	11	GGA/GAG/AGG	NA	NA	NA	0	0	0	1	NA	NA	NA	NA	NA
JPYC01000193.1_9	9649	10209	561	1	0.690	11	AGGAG	GENOMAD.108584.CP	1.924e-77	256	0	0	0	1	NA	NA	NA	PF17113;K03807;COG1270;TIGR00380	Cobalamin biosynthesis protein CobD/CbiB
JPYC01000194.1_1	3	287	285	-1	0.684	11	None	GENOMAD.016644.CC	1.882e-26	104	0	0	0	1	NA	NA	NA	PF10825	NA
JPYC01000194.1_2	287	631	345	-1	0.643	11	AGGAG	GENOMAD.170575.CP	3.623e-52	179	0	0	0	1	NA	NA	NA	PF04505	Interferon-induced transmembrane protein
JPYC01000194.1_3	1094	3016	1923	-1	0.658	11	AGGA	GENOMAD.145392.CP	4.35e-77	275	0	0	0	1	NA	NA	NA	PF05977;K05939;COG2223;TIGR00806	Transmembrane secretion effector
JPYC01000195.1_1	342	674	333	-1	0.562	11	AGGAG	GENOMAD.133137.CV	1.836e-09	56	0	0	0	1	NA	NA	NA	PF14635;TIGR00426	competence protein ComEA helix-hairpin-helix repeat region
JPYC01000195.1_2	906	1928	1023	1	0.654	11	None	NA	NA	NA	0	0	0	1	NA	NA	NA	NA	NA
JPYC01000195.1_3	2437	2709	273	1	0.619	11	None	GENOMAD.172052.CP	1.033e-07	50	0	0	0	1	NA	NA	NA	PF04226;COG2261	Uncharacterized membrane protein YeaQ/YmgE, transglycosylase-associated protein family
JPYC01000195.1_4	2767	3786	1020	1	0.634	11	None	GENOMAD.123224.CV	4.586e-33	134	0	0	0	1246	Caudoviricetes	NA	NA	PF01636;K07102;COG3178;TIGR00938	Predicted phosphotransferase, aminoglycoside/choline kinase (APH/ChoK) family
JPYC01000195.1_5	3783	4496	714	1	0.650	11	GGA/GAG/AGG	NA	NA	NA	0	0	0	1	NA	NA	NA	NA	NA
JPYC01000195.1_6	4588	5295	708	-1	0.692	11	GGA/GAG/AGG	NA	NA	NA	0	0	0	1	NA	NA	NA	NA	NA
JPYC01000195.1_7	5292	6458	1167	-1	0.640	11	GGA/GAG/AGG	GENOMAD.116507.CP	5.06e-10	64	0	0	0	1	NA	NA	NA	K03548;COG0628	Predicted PurR-regulated permease PerM
JPYC01000195.1_8	6455	7555	1101	-1	0.688	11	GGA/GAG/AGG	GENOMAD.121921.CP	8.444e-175	547	0	0	0	1	NA	NA	NA	K09938;COG3249	NA
JPYC01000195.1_9	7699	8724	1026	1	0.666	11	None	GENOMAD.126472.VC	8.993e-39	151	0	0	0	11688	Kyanoviridae	NA	NA	TIGR00878;COG0150	phosphoribosylaminoimidazole synthetase
JPYC01000195.1_10	8737	9063	327	1	0.633	11	GGA/GAG/AGG	GENOMAD.022016.CC	1.598e-26	105	0	0	0	1	NA	NA	NA	NA	NA
JPYC01000196.1_1	70	306	237	1	0.565	11	AGGAG	NA	NA	NA	0	0	0	1	NA	NA	NA	NA	NA
JPYC01000196.1_2	394	1620	1227	1	0.628	11	GGAG/GAGG	NA	NA	NA	0	0	0	1	NA	NA	NA	NA	NA
JPYC01000196.1_3	2027	2419	393	-1	0.654	11	AGGAGG	NA	NA	NA	0	0	0	1	NA	NA	NA	NA	NA
JPYC01000196.1_4	2429	3136	708	-1	0.556	11	AGGAG	GENOMAD.123110.PV	9.921e-55	193	0	0	0	1	NA	NA	NA	PF07755;COG0132;TIGR03371	Dethiobiotin synthetase
JPYC01000196.1_5	3133	3588	456	-1	0.570	11	GGA/GAG/AGG	NA	NA	NA	0	0	0	1	NA	NA	NA	NA	NA
JPYC01000196.1_6	3977	4372	396	1	0.629	11	GGA/GAG/AGG	NA	NA	NA	0	0	0	1	NA	NA	NA	NA	NA
JPYC01000196.1_7	4446	4712	267	1	0.644	11	AGGAG	GENOMAD.067965.PP	1.595e-10	58	0	0	0	1	NA	NA	NA	PF04221;COG3077;TIGR02384;K07473	Antitoxin component of the RelBE or YafQ-DinJ toxin-antitoxin module
JPYC01000197.1_1	3	575	573	-1	0.674	11	None	GENOMAD.154339.CP	1.879e-25	106	0	0	0	1	NA	NA	NA	PF03929;COG3182;K03863	PepSY-associated TM region
JPYC01000198.1_1	1	378	378	-1	0.677	11	GGAG/GAGG	NA	NA	NA	0	0	0	1	NA	NA	NA	NA	NA
JPYC01000198.1_2	675	1634	960	-1	0.678	11	GGAG/GAGG	NA	NA	NA	0	0	0	1	NA	NA	NA	NA	NA
JPYC01000198.1_3	1651	2853	1203	-1	0.732	11	AGGA/GGAG/GAGG	NA	NA	NA	0	0	0	1	NA	NA	NA	NA	NA
JPYC01000198.1_4	3017	4000	984	1	0.685	11	GGA/GAG/AGG	NA	NA	NA	0	0	0	1	NA	NA	NA	NA	NA
JPYC01000198.1_5	4009	4188	180	1	0.711	11	GGA/GAG/AGG	NA	NA	NA	0	0	0	1	NA	NA	NA	NA	NA
JPYC01000198.1_6	5132	6367	1236	-1	0.659	11	GGA/GAG/AGG	GENOMAD.178893.CP	5.046e-05	48	0	0	0	1	NA	NA	NA	PF15714;K20962;COG1956	GAF domain-containing protein, putative methionine-R-sulfoxide reductase
JPYC01000198.1_7	6632	7069	438	1	0.671	11	None	GENOMAD.072167.PP	1.499e-05	46	0	0	0	1	NA	NA	NA	PF11162	NA
JPYC01000198.1_8	7240	9267	2028	1	0.663	11	GGA/GAG/AGG	GENOMAD.127342.CP	2.34e-23	109	0	0	0	1	NA	NA	NA	PF11854;PF07715;TIGR01776;COG4773;K16090	TonB-dependent lactoferrin and transferrin receptors
JPYC01000199.1_1	1	756	756	1	0.677	11	None	NA	NA	NA	0	0	0	1	NA	NA	NA	NA	NA
JPYC01000002.1_1	3	467	465	-1	0.675	11	None	NA	NA	NA	0	0	0	1	NA	NA	NA	NA	NA
JPYC01000002.1_2	1035	2648	1614	-1	0.680	11	GGA/GAG/AGG	NA	NA	NA	0	0	0	1	NA	NA	NA	NA	NA
JPYC01000002.1_3	2880	4049	1170	1	0.621	11	None	GENOMAD.120770.CP	2.266e-05	49	0	0	0	1	NA	NA	NA	PF13549;K22224;TIGR01016;COG1042	succinyl-CoA synthetase, beta subunit
JPYC01000002.1_4	4074	4949	876	1	0.651	11	AGGA	GENOMAD.116234.CP	2.975e-14	76	0	0	0	1	NA	NA	NA	PF13607;PF03061;K01902;TIGR01019;COG0074	succinyl-CoA synthetase, alpha subunit
JPYC01000002.1_5	5120	5464	345	1	0.632	11	AGGAG	GENOMAD.138269.PC	2.953e-14	70	0	0	0	1	NA	NA	NA	PF03693;COG3609;TIGR02384	Transcriptional regulator, contains Arc/MetJ-type RHH (ribbon-helix-helix) DNA-binding domain
JPYC01000002.1_6	5468	5770	303	1	0.607	11	GGA/GAG/AGG	GENOMAD.142672.PC	4.661e-35	129	0	1	0	1	NA	NA	NA	PF05016;COG3668;TIGR02385	Plasmid stabilization system protein ParE
JPYC01000002.1_7	5770	7425	1656	1	0.661	11	None	NA	NA	NA	0	0	0	1	NA	NA	NA	NA	NA
JPYC01000002.1_8	7444	8421	978	-1	0.639	11	AGGA	NA	NA	NA	0	0	0	1	NA	NA	NA	NA	NA
JPYC01000002.1_9	8702	9583	882	-1	0.645	11	None	GENOMAD.000337.CC	4.997e-38	147	0	0	0	1	NA	NA	NA	PF13525;PF20205;K05807;TIGR03302;COG4105	outer membrane assembly lipoprotein YfiO
JPYC01000002.1_10	9705	10700	996	1	0.704	11	GGA/GAG/AGG	NA	NA	NA	0	0	0	1	NA	NA	NA	NA	NA
JPYC01000002.1_11	10708	11514	807	1	0.704	11	GGA/GAG/AGG	NA	NA	NA	0	0	0	1	NA	NA	NA	NA	NA
JPYC01000002.1_12	11499	12041	543	1	0.667	11	None	NA	NA	NA	0	0	0	1	NA	NA	NA	NA	NA
JPYC01000002.1_13	12016	12462	447	1	0.660	11	None	GENOMAD.148005.CP	4.569e-41	149	0	0	0	1	NA	NA	NA	PF04134;COG3011	Predicted thiol-disulfide oxidoreductase YuxK, DCC family
JPYC01000002.1_14	12666	14534	1869	-1	0.665	11	GGA/GAG/AGG	GENOMAD.146534.CP	0.0003751	46	0	0	0	1	NA	NA	NA	PF00015	Methyl-accepting chemotaxis protein (MCP) signalling domain
JPYC01000002.1_15	15250	17688	2439	-1	0.674	11	GGA/GAG/AGG	GENOMAD.179037.PC	1.322e-18	94	0	0	0	1	NA	NA	NA	K05358;COG4993;TIGR03074	Glucose dehydrogenase
JPYC01000002.1_16	18318	18908	591	-1	0.613	11	None	NA	NA	NA	0	0	0	1	NA	NA	NA	NA	NA
JPYC01000020.1_1	2	169	168	-1	0.583	11	GGA/GAG/AGG	GENOMAD.197764.PC	7.759e-25	97	0	0	0	1	NA	NA	NA	PF07080;K06893;COG3631;TIGR02096	Ketosteroid isomerase-related protein
JPYC01000020.1_2	226	1008	783	-1	0.640	11	GGAG/GAGG	NA	NA	NA	0	0	0	1	NA	NA	NA	NA	NA
JPYC01000020.1_3	1139	2062	924	1	0.639	11	GGAG/GAGG	NA	NA	NA	0	0	0	1	NA	NA	NA	NA	NA
JPYC01000020.1_4	2311	2523	213	1	0.610	11	GGAG/GAGG	NA	NA	NA	0	0	0	1	NA	NA	NA	NA	NA
JPYC01000020.1_5	2520	3296	777	1	0.628	11	None	NA	NA	NA	0	0	0	1	NA	NA	NA	NA	NA
JPYC01000020.1_6	3327	3872	546	-1	0.626	11	GGA/GAG/AGG	NA	NA	NA	0	0	0	1	NA	NA	NA	NA	NA
JPYC01000020.1_7	4093	5889	1797	1	0.664	11	None	NA	NA	NA	0	0	0	1	NA	NA	NA	NA	NA
JPYC01000020.1_8	6152	7630	1479	1	0.642	11	GGAG/GAGG	NA	NA	NA	0	0	0	1	NA	NA	NA	NA	NA
JPYC01000020.1_9	7583	7828	246	-1	0.667	11	GGAG/GAGG	NA	NA	NA	0	0	0	1	NA	NA	NA	NA	NA
JPYC01000020.1_10	8026	8208	183	1	0.596	11	GGAG/GAGG	NA	NA	NA	0	0	0	1	NA	NA	NA	NA	NA
JPYC01000020.1_11	8491	8721	231	1	0.636	11	None	NA	NA	NA	0	0	0	1	NA	NA	NA	NA	NA
JPYC01000020.1_12	8776	9147	372	1	0.675	11	GGA/GAG/AGG	GENOMAD.196044.PC	4.896e-29	113	0	0	0	1	NA	NA	NA	NA	NA
JPYC01000020.1_13	9215	9499	285	-1	0.639	11	GGAGG	GENOMAD.170118.CP	2.462e-23	95	0	0	0	1	NA	NA	NA	PF02426;COG4829;TIGR03221	Muconolactone delta-isomerase
JPYC01000020.1_14	9503	9763	261	-1	0.678	11	None	NA	NA	NA	0	0	0	1	NA	NA	NA	NA	NA
JPYC01000200.1_1	3	1082	1080	-1	0.689	11	GGAG/GAGG	NA	NA	NA	0	0	0	1	NA	NA	NA	NA	NA
JPYC01000200.1_2	1229	3586	2358	-1	0.669	11	GGAG/GAGG	GENOMAD.112718.CP	7.009e-192	618	0	0	0	1	NA	NA	NA	PF07793	NA
JPYC01000200.1_3	4167	4742	576	1	0.703	11	None	GENOMAD.134026.CP	1.391e-29	118	0	0	0	1	NA	NA	NA	PF14512;COG3560;TIGR03553;K19286	Fatty acid repression mutant protein (predicted oxidoreductase)
JPYC01000200.1_4	4739	5725	987	1	0.682	11	None	GENOMAD.119108.VC	1.663e-05	49	0	0	1	2156	Autographiviridae	NA	NA	PF09293;TIGR00593;K23786;COG0258	DNA polymerase I
JPYC01000200.1_5	5722	6273	552	1	0.650	11	GGA/GAG/AGG	NA	NA	NA	0	0	0	1	NA	NA	NA	NA	NA
JPYC01000200.1_6	6266	7051	786	1	0.687	11	GGA/GAG/AGG	GENOMAD.171214.CP	2.103e-67	231	0	0	0	1	NA	NA	NA	PF05013;COG3931;TIGR02017;K01458	Predicted N-formylglutamate amidohydrolase
JPYC01000200.1_7	7260	8201	942	-1	0.650	11	AGGA	NA	NA	NA	0	0	0	1	NA	NA	NA	NA	NA
JPYC01000200.1_8	8436	9296	861	-1	0.707	11	GGA/GAG/AGG	GENOMAD.000115.CC	9.319e-10	62	0	0	0	1	NA	NA	NA	PF17827;TIGR00536;COG2890	PrmC N-terminal domain
JPYC01000200.1_9	9499	10053	555	1	0.618	11	GGAG/GAGG	NA	NA	NA	0	0	0	1	NA	NA	NA	NA	NA
JPYC01000201.1_1	278	820	543	-1	0.657	11	AGGA	GENOMAD.140339.CP	1.175e-26	109	0	0	0	1	NA	NA	NA	PF13420;TIGR02382;COG3981;K03825	TDP-D-fucosamine acetyltransferase
JPYC01000201.1_2	1191	1292	102	-1	0.735	11	None	NA	NA	NA	0	0	0	1	NA	NA	NA	NA	NA
JPYC01000202.1_1	1	216	216	1	0.699	11	None	NA	NA	NA	0	0	0	1	NA	NA	NA	NA	NA
JPYC01000202.1_2	265	2043	1779	1	0.640	11	4Base/6BMM	GENOMAD.146625.CP	6.974e-15	81	0	0	0	1	NA	NA	NA	PF09137;PF00723;COG3387;TIGR01535;K22934	Glucoamylase (glucan-1,4-alpha-glucosidase), GH15 family
JPYC01000202.1_3	2040	2522	483	1	0.636	11	AGGAG	NA	NA	NA	0	0	0	1	NA	NA	NA	NA	NA
JPYC01000203.1_1	2	1237	1236	1	0.653	11	None	NA	NA	NA	0	0	0	1	NA	NA	NA	NA	NA
JPYC01000203.1_2	1430	1612	183	-1	0.601	11	GGAG/GAGG	GENOMAD.171588.PC	6.898e-07	46	0	0	0	1	NA	NA	NA	PF12244	NA
JPYC01000203.1_3	1715	2329	615	-1	0.667	11	AGGAG	GENOMAD.212919.PC	6.356e-115	365	0	0	0	1	NA	NA	NA	PF13628;K08995;COG3544	Uncharacterized conserved protein, DUF305 family
JPYC01000203.1_4	2598	3761	1164	1	0.631	11	AGGAG	NA	NA	NA	0	0	0	1	NA	NA	NA	NA	NA
JPYC01000203.1_5	3847	4029	183	-1	0.645	11	AGGA	GENOMAD.213149.PC	3.975e-05	41	0	0	0	1	NA	NA	NA	NA	NA
JPYC01000203.1_6	4390	4740	351	1	0.635	11	GGA/GAG/AGG	GENOMAD.168258.CV	0.0001551	42	0	0	0	1	NA	NA	NA	COG0727	Fe-S-cluster containining protein
JPYC01000203.1_7	4750	4971	222	1	0.658	11	GGAG/GAGG	NA	NA	NA	0	0	0	1	NA	NA	NA	NA	NA
JPYC01000203.1_8	5190	5402	213	-1	0.629	11	GGAG/GAGG	NA	NA	NA	0	0	0	1	NA	NA	NA	NA	NA
JPYC01000203.1_9	5741	6478	738	1	0.680	11	None	GENOMAD.214525.PC	1.597e-53	190	0	0	0	1	NA	NA	NA	PF11828	NA
JPYC01000203.1_10	6456	9146	2691	1	0.666	11	GGA/GAG/AGG	GENOMAD.207668.CP	4.329e-158	524	0	0	0	1	NA	NA	NA	NA	NA
JPYC01000203.1_11	9143	9814	672	1	0.677	11	None	NA	NA	NA	0	0	0	1	NA	NA	NA	NA	NA
JPYC01000203.1_12	9811	10476	666	1	0.682	11	None	GENOMAD.214524.PC	2.449e-24	104	0	0	0	1	NA	NA	NA	PF11445	NA
JPYC01000203.1_13	10812	12953	2142	-1	0.648	11	AGGAG	GENOMAD.148417.CP	3.943e-44	176	0	0	0	1246	Caudoviricetes	NA	NA	PF14905;PF07715;K16090;TIGR01783;COG4774	TonB-dependent siderophore receptor
JPYC01000203.1_14	13037	14305	1269	-1	0.662	11	GGAG/GAGG	GENOMAD.170120.CP	1.432e-41	162	0	0	0	1	NA	NA	NA	PF12040;PF12679;TIGR03518;COG1277	ABC-2 family transporter protein
JPYC01000203.1_15	14305	15741	1437	-1	0.668	11	GGAG/GAGG	GENOMAD.157881.CP	1.069e-52	197	0	0	0	1	NA	NA	NA	PF12040;PF12679;TIGR03518;COG4200	ABC-2 family transporter protein
JPYC01000203.1_16	15752	16474	723	-1	0.685	11	None	NA	NA	NA	0	0	0	1	NA	NA	NA	NA	NA
JPYC01000203.1_17	16717	17670	954	1	0.665	11	None	GENOMAD.136389.CP	1.39e-26	114	0	0	0	1	NA	NA	NA	PF17033;COG2988;TIGR02994;K01296	Carboxypeptidase controlling helical cell shape catalytic
JPYC01000204.1_1	68	1648	1581	-1	0.657	11	None	NA	NA	NA	0	0	0	1	NA	NA	NA	NA	NA
JPYC01000204.1_2	1785	2588	804	-1	0.705	11	None	NA	NA	NA	0	0	0	1	NA	NA	NA	NA	NA
JPYC01000205.1_1	2	349	348	1	0.652	11	None	NA	NA	NA	0	0	0	1	NA	NA	NA	NA	NA
JPYC01000205.1_2	778	1911	1134	1	0.646	11	GGAGG	GENOMAD.181208.CP	9.802e-43	164	0	0	0	1	NA	NA	NA	K20962;COG3604;TIGR01817	Transcriptional regulator containing GAF, AAA-type ATPase, and DNA-binding Fis domains
JPYC01000205.1_3	2087	3694	1608	-1	0.636	11	None	NA	NA	NA	0	0	0	1	NA	NA	NA	NA	NA
JPYC01000205.1_4	3757	4251	495	-1	0.665	11	None	GENOMAD.032274.CC	5.703e-88	285	0	0	0	1	NA	NA	NA	PF14315	NA
JPYC01000206.1_1	92	1054	963	1	0.616	11	GGAG/GAGG	NA	NA	NA	0	0	0	1	NA	NA	NA	NA	NA
JPYC01000207.1_1	675	893	219	-1	0.630	11	None	GENOMAD.007320.CC	4.225e-09	53	0	0	0	1	NA	NA	NA	PF04325;COG5481	Uncharacterized conserved protein YdcH, DUF465 family
JPYC01000207.1_2	1031	1603	573	1	0.647	11	AGGAG	NA	NA	NA	0	0	0	1	NA	NA	NA	NA	NA
JPYC01000207.1_3	1760	2059	300	1	0.617	11	GGAG/GAGG	NA	NA	NA	0	0	0	1	NA	NA	NA	NA	NA
JPYC01000207.1_4	2273	2626	354	1	0.562	11	GGA/GAG/AGG	GENOMAD.053075.CC	1.358e-15	74	0	0	0	1	NA	NA	NA	PF06877;COG3076;K09893	Regulator of RNase E activity RraB
JPYC01000207.1_5	2685	3218	534	-1	0.646	11	GGA/GAG/AGG	NA	NA	NA	0	0	0	1	NA	NA	NA	NA	NA
JPYC01000207.1_6	3557	4591	1035	-1	0.643	11	GGA/GAG/AGG	GENOMAD.151274.CP	2.48e-30	126	0	0	0	1246	Caudoviricetes	NA	NA	K15921;COG3940	Beta-xylosidase, GH43 family
JPYC01000207.1_7	4624	6111	1488	-1	0.612	11	None	NA	NA	NA	0	0	0	1	NA	NA	NA	NA	NA
JPYC01000207.1_8	6210	9143	2934	-1	0.642	11	GGA/GAG/AGG	GENOMAD.152082.CP	3.893e-56	217	0	0	0	1	NA	NA	NA	PF00593;PF07715;PF00691;TIGR01782;COG4773;K16089	TonB-dependent receptor
JPYC01000207.1_9	9604	10917	1314	1	0.652	11	GGA/GAG/AGG	GENOMAD.133797.CP	3.781e-11	68	0	0	0	1	NA	NA	NF012174	PF00083;TIGR00892;K08194;COG2223	monocarboxylate transporter 1
JPYC01000207.1_10	10927	11919	993	1	0.636	11	GGAG/GAGG	NA	NA	NA	0	0	0	1	NA	NA	NA	NA	NA
JPYC01000207.1_11	12415	13392	978	1	0.627	11	GGAG/GAGG	NA	NA	NA	0	0	0	1	NA	NA	NA	NA	NA
JPYC01000207.1_12	13433	14851	1419	1	0.654	11	None	GENOMAD.160785.CP	3.765e-114	377	0	0	0	1	NA	NA	NA	NA	NA
JPYC01000207.1_13	15152	15310	159	1	0.698	11	GGA/GAG/AGG	NA	NA	NA	0	0	0	1	NA	NA	NA	NA	NA
JPYC01000208.1_1	164	2608	2445	1	0.648	11	None	GENOMAD.138195.VC	9.547e-32	137	0	0	0	1246	Caudoviricetes	NA	NA	PF00204;K02622;TIGR01059;COG0187	DNA gyrase, B subunit
JPYC01000208.1_2	2677	3513	837	1	0.695	11	AGGA	GENOMAD.177178.CP	7.777e-09	59	0	0	0	1	NA	NA	NA	PF02517	Type II CAAX prenyl endopeptidase Rce1-like
JPYC01000208.1_3	3697	4464	768	1	0.639	11	GGA/GAG/AGG	GENOMAD.125981.CP	2.185e-06	51	0	0	0	1246	Caudoviricetes	NA	NA	PF01435;K23010;COG4784	Putative Zn-dependent protease
JPYC01000208.1_4	4781	5974	1194	1	0.604	11	GGAG/GAGG	GENOMAD.002725.CC	3.504e-12	71	0	0	0	1	NA	NA	NA	COG2956;K21007	Lipopolysaccharide biosynthesis regulator YciM, contains six TPR domains and a predicted metal-binding C-terminal domain
JPYC01000208.1_5	6128	6364	237	1	0.582	11	GGA/GAG/AGG	NA	NA	NA	0	0	0	1	NA	NA	NA	NA	NA
JPYC01000209.1_1	172	1806	1635	1	0.646	11	GGAG/GAGG	GENOMAD.074457.CP	2.715e-111	372	0	0	0	1	NA	NA	NA	PF19289;PF01523;K03568;COG0312	Predicted Zn-dependent protease or its inactivated homolog
JPYC01000209.1_2	1821	3155	1335	1	0.631	11	AGGAG	GENOMAD.064056.CP	1.935e-119	391	0	0	0	1	NA	NA	NA	PF19289;PF01523;COG0312;K03592	Predicted Zn-dependent protease or its inactivated homolog
JPYC01000209.1_3	3260	3970	711	1	0.605	11	None	GENOMAD.124497.CP	1.514e-112	360	0	0	0	1	NA	NA	NA	PF13709	NA
JPYC01000209.1_4	4083	5075	993	1	0.677	11	GGA/GAG/AGG	NA	NA	NA	0	0	0	1	NA	NA	NA	NA	NA
JPYC01000209.1_5	5089	5328	240	1	0.671	11	AGGA/GGAG/GAGG	NA	NA	NA	0	0	0	1	NA	NA	NA	NA	NA
JPYC01000021.1_1	2	265	264	1	0.663	11	None	NA	NA	NA	0	0	0	1	NA	NA	NA	NA	NA
JPYC01000021.1_2	454	1380	927	-1	0.667	11	GGA/GAG/AGG	NA	NA	NA	0	0	0	1	NA	NA	NA	NA	NA
JPYC01000021.1_3	1513	1920	408	1	0.642	11	GGA/GAG/AGG	GENOMAD.153566.CP	4.191e-10	59	0	0	0	1	NA	NA	NA	PF02525;K01118;COG1182;TIGR02690	Flavodoxin-like fold
JPYC01000210.1_1	2	853	852	1	0.650	11	None	NA	NA	NA	0	0	0	1	NA	NA	NA	NA	NA
JPYC01000210.1_2	945	1886	942	1	0.631	11	GGA/GAG/AGG	NA	NA	NA	0	0	0	1	NA	NA	NA	NA	NA
JPYC01000210.1_3	2384	2824	441	1	0.678	11	AGGAG	GENOMAD.158252.CP	1.559e-26	107	0	0	0	1	NA	NA	NA	PF01272;PF14760;COG0782;TIGR01461	Transcription elongation factor, GreA/GreB family
JPYC01000210.1_4	2876	3844	969	1	0.654	11	GGA/GAG/AGG	NA	NA	NA	0	0	0	1	NA	NA	NA	NA	NA
JPYC01000210.1_5	4200	4769	570	1	0.647	11	None	NA	NA	NA	0	0	0	1	NA	NA	NA	NA	NA
JPYC01000210.1_6	5186	5836	651	-1	0.630	11	GGAG/GAGG	NA	NA	NA	0	0	0	1	NA	NA	NA	NA	NA
JPYC01000211.1_1	1	132	132	-1	0.652	11	AGGA	NA	NA	NA	0	0	0	1	NA	NA	NA	NA	NA
JPYC01000211.1_2	363	845	483	1	0.660	11	None	GENOMAD.138407.CP	8.152e-74	244	0	0	0	1	NA	NA	NA	K08968;TIGR01817	NA
JPYC01000211.1_3	857	1240	384	1	0.672	11	None	GENOMAD.195120.CP	1.222e-53	184	0	0	0	1	NA	NA	NA	PF04994	TfoX C-terminal domain
JPYC01000211.1_4	1534	2184	651	-1	0.645	11	GGAG/GAGG	NA	NA	NA	0	0	0	1	NA	NA	NA	NA	NA
JPYC01000211.1_5	2327	2992	666	-1	0.644	11	None	NA	NA	NA	0	0	0	1	NA	NA	NA	NA	NA
JPYC01000212.1_1	1	282	282	1	0.663	11	None	NA	NA	NA	0	0	0	1	NA	NA	NA	NA	NA
JPYC01000212.1_2	398	3106	2709	1	0.699	11	None	GENOMAD.120770.CP	1.383e-64	243	0	0	0	1	NA	NA	NA	PF13549;K22224;TIGR01016;COG1042	succinyl-CoA synthetase, beta subunit
JPYC01000212.1_3	3212	4255	1044	1	0.635	11	GGAG/GAGG	NA	NA	NA	0	0	0	1	NA	NA	NA	NA	NA
JPYC01000212.1_4	4857	7355	2499	1	0.630	11	GGAGG	GENOMAD.043924.VV	3.303e-05	50	0	0	0	1246	Caudoviricetes	NA	NA	NA	NA
JPYC01000212.1_5	7535	8578	1044	1	0.584	11	GGA/GAG/AGG	NA	NA	NA	0	0	0	1	NA	NA	NA	NA	NA
JPYC01000212.1_6	9264	9602	339	1	0.566	11	GGA/GAG/AGG	NA	NA	NA	0	0	0	1	NA	NA	NA	NA	NA
JPYC01000212.1_7	9607	9933	327	1	0.615	11	None	NA	NA	NA	0	0	0	1	NA	NA	NA	NA	NA
JPYC01000212.1_8	9971	10423	453	1	0.651	11	GGAG/GAGG	NA	NA	NA	0	0	0	1	NA	NA	NA	NA	NA
JPYC01000212.1_9	10461	10862	402	1	0.664	11	None	NA	NA	NA	0	0	0	1	NA	NA	NA	NA	NA
JPYC01000212.1_10	11010	11558	549	-1	0.632	11	None	GENOMAD.181624.CP	4.97e-73	243	0	0	0	1	NA	NA	NA	COG3223	NA
JPYC01000212.1_11	11831	12361	531	-1	0.672	11	None	NA	NA	NA	0	0	0	1	NA	NA	NA	NA	NA
JPYC01000213.1_1	309	1400	1092	1	0.655	11	GGAG/GAGG	NA	NA	NA	0	0	0	1	NA	NA	NA	NA	NA
JPYC01000213.1_2	1513	2487	975	1	0.632	11	GGA/GAG/AGG	NA	NA	NA	0	0	0	1	NA	NA	NA	NA	NA
JPYC01000213.1_3	2487	3356	870	1	0.637	11	GGAGG	NA	NA	NA	0	0	0	1	NA	NA	NA	NA	NA
JPYC01000213.1_4	3379	4209	831	1	0.614	11	GGA/GAG/AGG	NA	NA	NA	0	0	0	1	NA	NA	NA	NA	NA
JPYC01000213.1_5	4338	5048	711	1	0.632	11	GGA/GAG/AGG	NA	NA	NA	0	0	0	1	NA	NA	NA	NA	NA
JPYC01000213.1_6	5159	5566	408	1	0.652	11	AGGAG	GENOMAD.225035.PV	5.515e-16	76	0	0	0	1246	Caudoviricetes	NA	NA	PF11776	Nickel/cobalt transporter regulator
JPYC01000213.1_7	5830	6465	636	1	0.642	11	GGA/GAG/AGG	NA	NA	NA	0	0	0	1	NA	NA	NA	NA	NA
JPYC01000213.1_8	6698	9733	3036	-1	0.667	11	None	GENOMAD.140631.CP	0.0001691	48	0	0	0	1	NA	NA	NA	PF19193;K19693;COG3292	Periplasmic ligand-binding sensor domain
JPYC01000213.1_9	9998	10747	750	-1	0.672	11	None	NA	NA	NA	0	0	0	1	NA	NA	NA	NA	NA
JPYC01000213.1_10	11056	11529	474	-1	0.624	11	GGAG/GAGG	NA	NA	NA	0	0	0	1	NA	NA	NA	NA	NA
JPYC01000213.1_11	11803	12189	387	-1	0.641	11	None	NA	NA	NA	0	0	0	1	NA	NA	NA	NA	NA
JPYC01000214.1_1	3	1478	1476	1	0.671	11	None	NA	NA	NA	0	0	0	1	NA	NA	NA	NA	NA
JPYC01000214.1_2	1592	2563	972	1	0.670	11	GGA/GAG/AGG	NA	NA	NA	0	0	0	1	NA	NA	NA	NA	NA
JPYC01000214.1_3	2572	3501	930	1	0.692	11	GGA/GAG/AGG	GENOMAD.178402.PC	2.427e-28	119	0	0	0	1	NA	NA	NA	PF06812;K11902;TIGR03363;COG3515	type VI secretion-associated protein, ImpA family
JPYC01000215.1_1	3	1949	1947	-1	0.636	11	AGGA	NA	NA	NA	0	0	0	1	NA	NA	NA	NA	NA
JPYC01000215.1_2	2128	2769	642	-1	0.674	11	None	NA	NA	NA	0	0	0	1	NA	NA	NA	NA	NA
JPYC01000216.1_1	88	615	528	1	0.640	11	GGAG/GAGG	NA	NA	NA	0	0	0	1	NA	NA	NA	NA	NA
JPYC01000216.1_2	711	1388	678	1	0.742	11	GGA/GAG/AGG	NA	NA	NA	0	0	0	1	NA	NA	NA	NA	NA
JPYC01000216.1_3	1478	2206	729	1	0.660	11	GGA/GAG/AGG	NA	NA	NA	0	0	0	1	NA	NA	NA	NA	NA
JPYC01000216.1_4	2337	2861	525	1	0.670	11	None	NA	NA	NA	0	0	0	1	NA	NA	NA	NA	NA
JPYC01000216.1_5	3019	3603	585	1	0.675	11	GGxGG	NA	NA	NA	0	0	0	1	NA	NA	NA	NA	NA
JPYC01000216.1_6	3800	5704	1905	1	0.654	11	None	NA	NA	NA	0	0	0	1	NA	NA	NA	NA	NA
JPYC01000216.1_7	5707	6825	1119	1	0.673	11	GGAG/GAGG	NA	NA	NA	0	0	0	1	NA	NA	NA	NA	NA
JPYC01000216.1_8	6865	7905	1041	1	0.661	11	GGA/GAG/AGG	NA	NA	NA	0	0	0	1	NA	NA	NA	NA	NA
JPYC01000216.1_9	7958	8416	459	1	0.630	11	None	GENOMAD.116981.CP	1.634e-19	87	0	0	0	1	NA	NA	NA	PF13279;TIGR02799;K07107;COG0824	tol-pal system-associated acyl-CoA thioesterase
JPYC01000216.1_10	8428	9207	780	1	0.654	11	GGAG/GAGG	GENOMAD.114974.CP	1.093e-06	52	0	0	0	1	NA	NA	NA	PF01618;K03561;COG0811;TIGR02796	Biopolymer transport protein ExbB/TolQ
JPYC01000216.1_11	9365	9814	450	1	0.627	11	AGGA	GENOMAD.124417.CP	1.384e-09	58	0	0	0	1	NA	NA	NA	PF02472;K03560;TIGR02801;COG0848	TolR protein
JPYC01000216.1_12	9804	10844	1041	1	0.684	11	GGA/GAG/AGG	GENOMAD.007324.CC	2.031e-41	159	0	0	0	1	NA	NA	NA	PF06519	TolA C-terminal
JPYC01000216.1_13	11033	12352	1320	1	0.658	11	GGA/GAG/AGG	GENOMAD.000747.CC	1.004e-23	108	0	0	0	1	NA	NA	NA	PF04052;TIGR02800;COG0823	tol-pal system beta propeller repeat protein TolB
JPYC01000216.1_14	12410	12928	519	1	0.630	11	GGA/GAG/AGG	NA	NA	NA	0	0	0	1	NA	NA	NA	NA	NA
JPYC01000216.1_15	12935	13753	819	1	0.637	11	None	GENOMAD.083550.CP	6.223e-59	207	0	0	0	1	NA	NA	NA	PF16331;PF13525;COG1729;TIGR03302;K05807	Periplasmic TolA-binding protein (function unknown)
JPYC01000216.1_16	13795	14478	684	1	0.645	11	None	NA	NA	NA	0	0	0	1	NA	NA	NA	NA	NA
JPYC01000216.1_17	14850	15524	675	-1	0.676	11	None	NA	NA	NA	0	0	0	1	NA	NA	NA	NA	NA
JPYC01000216.1_18	15801	16808	1008	1	0.624	11	GGA/GAG/AGG	NA	NA	NA	0	0	0	1	NA	NA	NA	NA	NA
JPYC01000216.1_19	16805	17164	360	1	0.586	11	GGAG/GAGG	NA	NA	NA	0	0	0	1	NA	NA	NA	NA	NA
JPYC01000216.1_20	17434	18336	903	-1	0.664	11	GGA/GAG/AGG	GENOMAD.170952.PC	3.491e-70	241	0	0	0	1	NA	NA	NA	PF03466;TIGR03298;COG0583;K21698	transcriptional regulator, ArgP family
JPYC01000216.1_21	18438	19064	627	1	0.646	11	GGAG/GAGG	GENOMAD.161205.CP	5.824e-12	67	0	0	0	1	NA	NA	NA	PF01810;K06895;COG1280;TIGR00949	Threonine/homoserine/homoserine lactone efflux protein
JPYC01000216.1_22	19424	19585	162	-1	0.642	11	None	NA	NA	NA	0	0	0	1	NA	NA	NA	NA	NA
JPYC01000217.1_1	2	2083	2082	-1	0.635	11	GGA/GAG/AGG	GENOMAD.134173.CP	4.617e-58	219	0	0	0	1	NA	NA	NA	PF14905;PF07715;K16087;TIGR01776;COG4206	TonB-dependent lactoferrin and transferrin receptors
JPYC01000217.1_2	2330	2575	246	-1	0.610	11	None	GENOMAD.197521.CP	4.478e-05	42	0	0	0	1	NA	NA	NA	PF10636;COG4256	Hemin uptake protein HemP
JPYC01000217.1_3	2732	3700	969	-1	0.667	11	GGAG/GAGG	NA	NA	NA	0	0	0	1	NA	NA	NA	NA	NA
JPYC01000217.1_4	4612	5910	1299	1	0.644	11	GGA/GAG/AGG	NA	NA	NA	0	0	0	1	NA	NA	NA	NA	NA
JPYC01000217.1_5	6001	6951	951	1	0.680	11	GGA/GAG/AGG	NA	NA	NA	0	0	0	1	NA	NA	NA	NA	NA
JPYC01000217.1_6	7478	9820	2343	1	0.631	11	GGA/GAG/AGG	NA	NA	NA	0	0	0	1	NA	NA	NA	NA	NA
JPYC01000217.1_7	9928	10926	999	1	0.665	11	None	NA	NA	NA	0	0	0	1	NA	NA	NA	NA	NA
JPYC01000217.1_8	10955	11782	828	1	0.647	11	GGAG/GAGG	GENOMAD.158493.CP	0.0004285	44	0	0	0	1	NA	NA	NA	PF03269;K20082;COG2227;TIGR02072	Caenorhabditis protein of unknown function, DUF268
JPYC01000217.1_9	11776	12876	1101	-1	0.668	11	None	GENOMAD.146476.CP	4.612e-67	235	0	0	0	1	NA	NA	NA	PF04307;K07038;COG1988	LexA-binding, inner membrane-associated putative hydrolase
JPYC01000217.1_10	13121	14332	1212	1	0.642	11	GGA/GAG/AGG	NA	NA	NA	0	0	0	1	NA	NA	NA	NA	NA
JPYC01000217.1_11	14751	16298	1548	-1	0.688	11	AGGA	GENOMAD.176778.PC	1.733e-114	380	0	0	0	1	NA	NA	NA	PF00328;K01093	Histidine phosphatase superfamily (branch 2)
JPYC01000217.1_12	16354	19020	2667	-1	0.625	11	None	GENOMAD.152082.CP	2.293e-20	100	0	0	0	1	NA	NA	NA	PF00593;PF07715;PF00691;TIGR01782;COG4773;K16089	TonB-dependent receptor
JPYC01000218.1_1	177	920	744	1	0.663	11	None	GENOMAD.000748.CC	1.572e-44	164	0	0	0	1	NA	NA	NA	PF04042;K03269;TIGR01854;COG2908	UDP-2,3-diacylglucosamine diphosphatase
JPYC01000218.1_2	1103	1522	420	-1	0.676	11	GGAG/GAGG	NA	NA	NA	0	0	0	1	NA	NA	NA	NA	NA
JPYC01000218.1_3	1657	2910	1254	-1	0.649	11	AGGAG	NA	NA	NA	0	0	0	1	NA	NA	NA	NA	NA
JPYC01000218.1_4	3481	4347	867	-1	0.676	11	None	GENOMAD.109682.CP	3.518e-64	223	0	0	0	1	NA	NA	NA	PF04305;COG2833;TIGR04059	Uncharacterized conserved protein, contains ferritin-like DUF455 domain
JPYC01000218.1_5	4501	5967	1467	-1	0.646	11	GGAG/GAGG	NA	NA	NA	0	0	0	1	NA	NA	NA	NA	NA
JPYC01000218.1_6	5998	6744	747	-1	0.667	11	GGAG/GAGG	GENOMAD.087219.CP	2.517e-68	233	0	0	0	1	NA	NA	NA	K03558;COG1286	Uncharacterized membrane protein, required for colicin V production
JPYC01000218.1_7	6958	8025	1068	-1	0.707	11	None	GENOMAD.001067.CC	1.106e-06	53	0	0	0	1	NA	NA	NA	PF05036	SPOR domain
JPYC01000218.1_8	8093	9391	1299	-1	0.684	11	None	GENOMAD.110250.CP	8.218e-38	151	0	0	0	1	NA	NA	NA	PF08245;PF02875;K11754;TIGR01499;COG0285	folylpolyglutamate synthase/dihydrofolate synthase
JPYC01000218.1_9	9721	10365	645	-1	0.657	11	AGGA/GGAG/GAGG	GENOMAD.119230.CP	5.426e-05	46	0	0	0	1	NA	NA	NA	PF00300;TIGR03848;K15634;COG0406	probable phosphomutase, MSMEG_4193 family
JPYC01000218.1_10	10456	10806	351	-1	0.632	11	GGA/GAG/AGG	NA	NA	NA	0	0	0	1	NA	NA	NA	NA	NA
JPYC01000218.1_11	10890	11525	636	-1	0.519	11	GGAG/GAGG	GENOMAD.076815.PP	1.55e-108	347	0	0	0	1	NA	NA	NA	K18874	NA
JPYC01000218.1_12	11756	13855	2100	-1	0.668	11	GGA/GAG/AGG	NA	NA	NA	0	0	0	1	NA	NA	NA	NA	NA
JPYC01000218.1_13	14052	14504	453	1	0.627	11	AGGA	NA	NA	NA	0	0	0	1	NA	NA	NA	NA	NA
JPYC01000219.1_1	2	202	201	-1	0.677	11	GGA/GAG/AGG	NA	NA	NA	0	0	0	1	NA	NA	NA	NA	NA
JPYC01000219.1_2	228	1538	1311	-1	0.680	11	GGAG/GAGG	NA	NA	NA	0	0	0	1	NA	NA	NA	NA	NA
JPYC01000219.1_3	2008	3261	1254	-1	0.664	11	GGA/GAG/AGG	NA	NA	NA	0	0	0	1	NA	NA	NA	NA	NA
JPYC01000219.1_4	3542	3862	321	-1	0.657	11	AGGAG	NA	NA	NA	0	0	0	1	NA	NA	NA	NA	NA
JPYC01000219.1_5	3981	5147	1167	-1	0.644	11	GGA/GAG/AGG	GENOMAD.086164.CV	3.035e-60	216	0	0	0	1246	Caudoviricetes	NA	NA	PF10672;PF17785;K06969;COG1092;TIGR00095	23S rRNA G2069 N7-methylase RlmK or C1962 C5-methylase RlmI
JPYC01000219.1_6	5253	5576	324	1	0.639	11	GGA/GAG/AGG	NA	NA	NA	0	0	0	1	NA	NA	NA	NA	NA
JPYC01000022.1_1	18	761	744	-1	0.582	11	None	GENOMAD.177338.PC	0.0003405	44	0	0	0	1	NA	NA	NA	PF13683	Integrase core domain
JPYC01000022.1_2	860	1126	267	-1	0.562	11	AGGAG	NA	NA	NA	0	0	0	1	NA	NA	NA	NA	NA
JPYC01000220.1_1	2	1183	1182	1	0.648	11	None	NA	NA	NA	0	0	0	1	NA	NA	NA	NA	NA
JPYC01000220.1_2	1263	1967	705	-1	0.657	11	None	NA	NA	NA	0	0	0	1	NA	NA	NA	NA	NA
JPYC01000220.1_3	1925	2131	207	-1	0.676	11	AGGAG	NA	NA	NA	0	0	0	1	NA	NA	NA	NA	NA
JPYC01000220.1_4	2296	3171	876	1	0.670	11	GGA/GAG/AGG	NA	NA	NA	0	0	0	1	NA	NA	NA	NA	NA
JPYC01000220.1_5	3375	3761	387	1	0.672	11	GGAG/GAGG	GENOMAD.141139.CP	8.851e-07	49	0	0	0	1	NA	NA	NA	PF03965;K02171;TIGR02698;COG3682	copper transport repressor, CopY/TcrY family
JPYC01000220.1_6	3765	5504	1740	1	0.697	11	AGGAG	NA	NA	NA	0	0	0	1	NA	NA	NA	NA	NA
JPYC01000220.1_7	6185	7234	1050	1	0.683	11	GGAG/GAGG	NA	NA	NA	0	0	0	1	NA	NA	NA	NA	NA
JPYC01000220.1_8	7322	8209	888	1	0.704	11	GGA/GAG/AGG	GENOMAD.178415.CP	8.662e-44	164	0	0	0	1	NA	NA	NA	PF13761;PF02571;COG3268;K19064;TIGR00036	Uncharacterized conserved protein, related to short-chain dehydrogenases
JPYC01000221.1_1	303	1691	1389	-1	0.670	11	None	NA	NA	NA	0	0	0	1	NA	NA	NA	NA	NA
JPYC01000221.1_2	2096	2212	117	-1	0.658	11	None	NA	NA	NA	0	0	0	1	NA	NA	NA	NA	NA
JPYC01000221.1_3	2209	3156	948	-1	0.596	11	GGAG/GAGG	NA	NA	NA	0	0	0	1	NA	NA	NA	NA	NA
JPYC01000221.1_4	3952	4893	942	-1	0.667	11	GGA/GAG/AGG	NA	NA	NA	0	0	0	1	NA	NA	NA	NA	NA
JPYC01000221.1_5	5275	6039	765	-1	0.643	11	AGGAG	NA	NA	NA	0	0	0	1	NA	NA	NA	NA	NA
JPYC01000221.1_6	6232	7614	1383	1	0.646	11	GGA/GAG/AGG	GENOMAD.153082.CP	2.968e-05	49	0	0	0	1	NA	NA	NA	K14052;COG0833	Amino acid permease
JPYC01000221.1_7	7966	9042	1077	-1	0.615	11	GGxGG	NA	NA	NA	0	0	0	1	NA	NA	NA	NA	NA
JPYC01000221.1_8	9430	9651	222	1	0.559	11	None	NA	NA	NA	0	0	0	1	NA	NA	NA	NA	NA
JPYC01000221.1_9	9732	10178	447	1	0.647	11	AGGA	NA	NA	NA	0	0	0	1	NA	NA	NA	NA	NA
JPYC01000221.1_10	10175	11128	954	1	0.621	11	None	NA	NA	NA	0	0	0	1	NA	NA	NA	NA	NA
JPYC01000221.1_11	11531	11929	399	1	0.617	11	None	NA	NA	NA	0	0	0	1	NA	NA	NA	NA	NA
JPYC01000221.1_12	12066	13073	1008	1	0.647	11	GGA/GAG/AGG	NA	NA	NA	0	0	0	1	NA	NA	NA	NA	NA
JPYC01000221.1_13	13385	14902	1518	-1	0.648	11	AGGAG	GENOMAD.098617.VV	8.587e-10	64	0	0	0	1246	Caudoviricetes	NA	NA	NA	NA
JPYC01000221.1_14	14943	15995	1053	-1	0.667	11	None	NA	NA	NA	0	0	0	1	NA	NA	NA	NA	NA
JPYC01000221.1_15	16000	16758	759	-1	0.663	11	GGAG/GAGG	GENOMAD.183080.CP	1.186e-60	211	0	0	0	1	NA	NA	NA	PF07277	SapC
JPYC01000221.1_16	17085	20243	3159	-1	0.626	11	GGAG/GAGG	GENOMAD.152082.CP	4.695e-47	188	0	0	0	1	NA	NA	NA	PF00593;PF07715;PF00691;TIGR01782;COG4773;K16089	TonB-dependent receptor
JPYC01000221.1_17	21273	23282	2010	-1	0.642	11	AGGA	GENOMAD.000471.CC	1.533e-90	316	0	0	0	1	NA	NA	NA	PF01433;COG0308;TIGR02411;K01256	Aminopeptidase N
JPYC01000221.1_18	23499	23945	447	-1	0.669	11	GGAG/GAGG	NA	NA	NA	0	0	0	1	NA	NA	NA	NA	NA
JPYC01000221.1_19	24045	25418	1374	1	0.692	11	GGA/GAG/AGG	GENOMAD.180266.CP	8.96e-29	124	0	0	0	1	NA	NA	NF000095	K08166;COG2223	Nitrate/nitrite transporter NarK
JPYC01000221.1_20	25983	27149	1167	-1	0.643	11	GGxGG	NA	NA	NA	0	0	0	1	NA	NA	NA	NA	NA
JPYC01000221.1_21	27151	27723	573	-1	0.658	11	GGAG/GAGG	NA	NA	NA	0	0	0	1	NA	NA	NA	NA	NA
JPYC01000221.1_22	27736	28140	405	-1	0.630	11	None	NA	NA	NA	0	0	0	1	NA	NA	NA	NA	NA
JPYC01000221.1_23	28178	28849	672	-1	0.628	11	GGA/GAG/AGG	NA	NA	NA	0	0	0	1	NA	NA	NA	NA	NA
JPYC01000221.1_24	28852	29934	1083	-1	0.681	11	AGGA	NA	NA	NA	0	0	0	1	NA	NA	NA	NA	NA
JPYC01000221.1_25	29960	30058	99	-1	0.717	11	None	NA	NA	NA	0	0	0	1	NA	NA	NA	NA	NA
JPYC01000222.1_1	2	856	855	-1	0.612	11	AGGA	NA	NA	NA	0	0	0	1	NA	NA	NA	NA	NA
JPYC01000222.1_2	920	2431	1512	-1	0.646	11	GGAG/GAGG	GENOMAD.147640.CP	1.185e-15	83	0	0	0	1	NA	NA	NA	PF13440;K16695;TIGR01695;COG0728	murein biosynthesis integral membrane protein MurJ
JPYC01000222.1_3	2428	3477	1050	-1	0.649	11	AGGAG	NA	NA	NA	0	0	0	1	NA	NA	NA	NA	NA
JPYC01000222.1_4	3474	4616	1143	-1	0.620	11	AGGAG	NA	NA	NA	0	0	0	1	NA	NA	NA	NA	NA
JPYC01000222.1_5	4681	5274	594	-1	0.635	11	None	NA	NA	NA	0	0	0	1	NA	NA	NA	NA	NA
JPYC01000223.1_1	3	254	252	-1	0.607	11	GGA/GAG/AGG	GENOMAD.031536.PP	1.584e-38	138	0	1	0	1	NA	NA	NA	PF06504;COG5534	Replication protein C (RepC)
JPYC01000223.1_2	242	691	450	-1	0.584	11	GGAG/GAGG	GENOMAD.031536.PP	2.854e-63	213	0	1	0	1	NA	NA	NA	PF06504;COG5534	Replication protein C (RepC)
JPYC01000223.1_3	648	1523	876	-1	0.676	11	GGAG/GAGG	NA	NA	NA	0	0	0	1	NA	NA	NA	NA	NA
JPYC01000223.1_4	1527	1760	234	-1	0.620	11	GGxGG	NA	NA	NA	0	0	0	1	NA	NA	NA	NA	NA
JPYC01000223.1_5	1851	2861	1011	1	0.571	11	None	NA	NA	NA	0	0	0	1	NA	NA	NA	NA	NA
JPYC01000223.1_6	2965	3210	246	1	0.598	11	GGAG/GAGG	NA	NA	NA	0	0	0	1	NA	NA	NA	NA	NA
JPYC01000223.1_7	3300	4502	1203	-1	0.629	11	GGA/GAG/AGG	NA	NA	NA	0	0	0	1	NA	NA	NA	NA	NA
JPYC01000223.1_8	4811	5911	1101	-1	0.639	11	None	GENOMAD.032975.CC	1.522e-22	103	1	0	0	1246	Caudoviricetes	NA	NA	PF00958;PF13638;PF09002;TIGR03642;K07158;COG1875	GMP synthase C terminal domain; PIN domain
JPYC01000224.1_1	1	675	675	1	0.658	11	None	GENOMAD.002083.CC	1.246e-46	169	0	0	0	1	NA	NA	NA	COG5505	Na+/citrate or Na+/malate symporter
JPYC01000224.1_2	1001	2185	1185	-1	0.646	11	AGGAG	NA	NA	NA	0	0	0	1	NA	NA	NA	NA	NA
JPYC01000224.1_3	2222	2986	765	-1	0.646	11	AGGAG	NA	NA	NA	0	0	0	1	NA	NA	NA	NA	NA
JPYC01000224.1_4	3130	3960	831	1	0.661	11	None	NA	NA	NA	0	0	0	1	NA	NA	NA	NA	NA
JPYC01000225.1_1	61	1572	1512	-1	0.657	11	None	NA	NA	NA	0	0	0	1	NA	NA	NA	NA	NA
JPYC01000225.1_2	1861	3963	2103	-1	0.634	11	GGAG/GAGG	GENOMAD.053052.VV	5.178e-23	108	0	0	0	1	NA	NA	NA	PF01431;K07386;COG3590	Predicted metalloendopeptidase
JPYC01000225.1_3	4246	4533	288	-1	0.684	11	GGAG/GAGG	NA	NA	NA	0	0	0	1	NA	NA	NA	NA	NA
JPYC01000225.1_4	4707	5456	750	-1	0.649	11	GGAG/GAGG	NA	NA	NA	0	0	0	1	NA	NA	NA	NA	NA
JPYC01000225.1_5	5559	6272	714	1	0.686	11	None	NA	NA	NA	0	0	0	1	NA	NA	NA	NA	NA
JPYC01000225.1_6	6346	6723	378	-1	0.601	11	GGAG/GAGG	NA	NA	NA	0	0	0	1	NA	NA	NA	NA	NA
JPYC01000225.1_7	7465	8355	891	1	0.685	11	GGA/GAG/AGG	GENOMAD.129411.CP	1.518e-14	77	0	0	0	1	NA	NA	NA	PF05726;PF02678;COG1741;K06911	Redox-sensitive bicupin YhaK, pirin superfamily
JPYC01000225.1_8	8603	9064	462	1	0.662	11	GGA/GAG/AGG	NA	NA	NA	0	0	0	1	NA	NA	NA	NA	NA
JPYC01000225.1_9	9470	9904	435	-1	0.692	11	AGGAG	GENOMAD.142464.CP	2.258e-21	92	0	0	0	1	NA	NA	NA	PF02566;K07397;COG1765;TIGR03563	Uncharacterized OsmC-related protein
JPYC01000225.1_10	9936	10793	858	-1	0.655	11	GGA/GAG/AGG	GENOMAD.129411.CP	2.84e-27	115	0	0	0	1	NA	NA	NA	PF05726;PF02678;COG1741;K06911	Redox-sensitive bicupin YhaK, pirin superfamily
JPYC01000225.1_11	11024	13096	2073	1	0.648	11	GGAG/GAGG	GENOMAD.133882.CP	8.01e-195	622	0	0	0	1	NA	NA	NA	COG1966	Carbon starvation protein CstA
JPYC01000225.1_12	13096	13320	225	1	0.622	11	None	GENOMAD.212472.CP	2.066e-09	54	0	0	0	1	NA	NA	NA	PF04328;COG2879	Uncharacterized short protein YbdD, DUF466 family
JPYC01000226.1_1	109	729	621	1	0.597	11	AGGA	NA	NA	NA	0	0	0	1	NA	NA	NA	NA	NA
JPYC01000226.1_2	733	1269	537	1	0.613	11	AGGAG	GENOMAD.074042.PP	6.692e-06	48	0	0	0	1	NA	NA	NA	NA	NA
JPYC01000226.1_3	1341	1538	198	1	0.672	11	4Base/6BMM	NA	NA	NA	0	0	0	1	NA	NA	NA	NA	NA
JPYC01000226.1_4	1542	3116	1575	1	0.616	11	GGAGG	GENOMAD.228061.PC	3.6e-05	49	0	1	0	1	NA	t4cp2	NA	PF10412;COG3505;TIGR02759	Type IV secretory pathway, VirD4 component, TraG/TraD family ATPase
JPYC01000226.1_5	3130	4071	942	1	0.646	11	GGxGG	NA	NA	NA	0	0	0	1	NA	NA	NA	NA	NA
JPYC01000227.1_1	1	1656	1656	1	0.635	11	None	GENOMAD.088363.CV	3.353e-269	830	0	0	0	1246	Caudoviricetes	NA	NA	K15987;COG3808	Na+ or H+-translocating membrane pyrophosphatase
JPYC01000227.1_2	1944	2426	483	-1	0.663	11	AGGA	NA	NA	NA	0	0	0	1	NA	NA	NA	NA	NA
JPYC01000227.1_3	2624	3160	537	1	0.618	11	GGAG/GAGG	NA	NA	NA	0	0	0	1	NA	NA	NA	NA	NA
JPYC01000227.1_4	3307	4422	1116	1	0.677	11	GGA/GAG/AGG	NA	NA	NA	0	0	0	1	NA	NA	NA	NA	NA
JPYC01000227.1_5	4839	7367	2529	-1	0.622	11	None	NA	NA	NA	0	0	0	1	NA	NA	NA	NA	NA
JPYC01000228.1_1	3	1787	1785	1	0.637	11	None	GENOMAD.121487.CP	7.02e-15	81	0	0	0	1	NA	NA	NA	NA	NA
JPYC01000228.1_2	2213	4552	2340	1	0.662	11	None	NA	NA	NA	0	0	0	1	NA	NA	NA	NA	NA
JPYC01000228.1_3	4663	5556	894	1	0.629	11	AGxAGG/AGGxGG	NA	NA	NA	0	0	0	1	NA	NA	NA	NA	NA
JPYC01000228.1_4	5605	5937	333	1	0.652	11	GGAG/GAGG	NA	NA	NA	0	0	0	1	NA	NA	NA	NA	NA
JPYC01000229.1_1	2	109	108	-1	0.704	11	AGGA	NA	NA	NA	0	0	0	1	NA	NA	NA	NA	NA
JPYC01000229.1_2	313	816	504	-1	0.609	11	AGGAG	NA	NA	NA	0	0	0	1	NA	NA	NA	NA	NA
JPYC01000229.1_3	899	2392	1494	-1	0.624	11	AGGAG	GENOMAD.160889.PC	6.418e-39	156	0	0	0	1	NA	NA	NA	PF18945	EvpB/VC_A0108, tail sheath gpW/gp25-like domain
JPYC01000229.1_4	2397	2906	510	-1	0.645	11	GGAG/GAGG	GENOMAD.166375.PC	4.405e-13	69	0	0	0	1	NA	NA	NA	NA	NA
JPYC01000229.1_5	3216	3887	672	1	0.664	11	GGAG/GAGG	GENOMAD.161005.PC	3.427e-131	413	0	0	0	1	NA	NA	NA	PF12833;K13632;COG2207	AraC-type DNA-binding domain and AraC-containing proteins
JPYC01000229.1_6	3984	4430	447	-1	0.640	11	GGAGG	NA	NA	NA	0	0	0	1	NA	NA	NA	NA	NA
JPYC01000229.1_7	4681	5262	582	-1	0.663	11	GGA/GAG/AGG	NA	NA	NA	0	0	0	1	NA	NA	NA	NA	NA
JPYC01000229.1_8	5562	5924	363	1	0.556	11	AGGA	NA	NA	NA	0	0	0	1	NA	NA	NA	NA	NA
JPYC01000229.1_9	6107	8278	2172	-1	0.652	11	GGA/GAG/AGG	GENOMAD.009395.VV	0.000455	46	0	0	0	1246	Caudoviricetes	NA	NA	PF00580;TIGR01073;K03656;COG0210	ATP-dependent DNA helicase PcrA
JPYC01000229.1_10	8625	9503	879	-1	0.697	11	None	GENOMAD.170187.PC	4.823e-51	185	0	0	0	1	NA	NA	NA	PF13434;COG4529;TIGR00275;K07222	Uncharacterized NAD(P)/FAD-binding protein YdhS
JPYC01000023.1_1	1	312	312	1	0.603	11	None	NA	NA	NA	0	0	0	1	NA	NA	NA	NA	NA
JPYC01000230.1_1	2	454	453	1	0.653	11	None	GENOMAD.142661.CP	3.096e-29	115	0	0	0	1	NA	NA	NA	PF14539;K24147;TIGR02447;COG2050	thioesterase domain, putative
JPYC01000230.1_2	572	1375	804	1	0.675	11	None	GENOMAD.120720.CV	4.28e-23	102	0	0	0	1	NA	NA	NA	PF19576;K22617;TIGR00530;COG3176	Acyltransferase
JPYC01000230.1_3	1435	2424	990	1	0.674	11	None	GENOMAD.086420.CP	4.702e-59	210	0	0	0	1	NA	NA	NA	PF00561;K07019;COG0429;TIGR02240	Predicted hydrolase of the alpha/beta-hydrolase fold
JPYC01000230.1_4	2421	2678	258	1	0.640	11	None	NA	NA	NA	0	0	0	1	NA	NA	NA	NA	NA
JPYC01000230.1_5	2828	3706	879	1	0.712	11	GGA/GAG/AGG	GENOMAD.121720.CP	4.825e-10	63	0	0	0	1	NA	NA	NA	PF13429;COG5010;TIGR02521;K02656	Flp pilus assembly protein TadD, contains TPR repeats
JPYC01000231.1_1	2	139	138	-1	0.623	11	AGGAG	NA	NA	NA	0	0	0	1	NA	NA	NA	NA	NA
JPYC01000232.1_1	2	412	411	-1	0.667	11	None	NA	NA	NA	0	0	0	1	NA	NA	NA	NA	NA
JPYC01000233.1_1	45	1544	1500	-1	0.649	11	None	NA	NA	NA	0	0	0	1	NA	NA	NA	NA	NA
JPYC01000233.1_2	1914	3803	1890	-1	0.628	11	None	GENOMAD.138195.VC	1.047e-28	126	0	0	0	1246	Caudoviricetes	NA	NA	PF00204;K02622;TIGR01059;COG0187	DNA gyrase, B subunit
JPYC01000233.1_3	3968	4210	243	1	0.675	11	GGAG/GAGG	NA	NA	NA	0	0	0	1	NA	NA	NA	NA	NA
JPYC01000233.1_4	4524	6188	1665	1	0.636	11	AGGAG/GGAGG	NA	NA	NA	0	0	0	1	NA	NA	NA	NA	NA
JPYC01000233.1_5	6409	7239	831	1	0.632	11	GGA/GAG/AGG	NA	NA	NA	0	0	0	1	NA	NA	NA	NA	NA
JPYC01000233.1_6	7347	7598	252	1	0.635	11	None	NA	NA	NA	0	0	0	1	NA	NA	NA	NA	NA
JPYC01000233.1_7	7723	9015	1293	1	0.648	11	None	NA	NA	NA	0	0	0	1	NA	NA	NA	NA	NA
JPYC01000233.1_8	9019	9384	366	1	0.650	11	None	GENOMAD.000998.CC	3.679e-31	119	0	0	0	1	NA	NA	NA	PF04977;K05589;COG2919;TIGR02209	Cell division protein FtsB
JPYC01000233.1_9	9381	10175	795	1	0.682	11	GGA/GAG/AGG	GENOMAD.129102.CP	9.214e-05	46	0	0	0	1	NA	NA	NA	PF01983;K07141;TIGR03310;COG2068	molybdenum cofactor cytidylyltransferase
JPYC01000233.1_10	10179	10679	501	1	0.659	11	GGA/GAG/AGG	NA	NA	NA	0	0	0	1	NA	NA	NA	NA	NA
JPYC01000233.1_11	10793	11902	1110	1	0.664	11	GGA/GAG/AGG	GENOMAD.081820.CP	3.259e-95	317	1	0	0	1	NA	NA	NA	PF01142;TIGR00094;COG0585;K06176	tRNA pseudouridine synthase D (TruD)
JPYC01000233.1_12	12152	12760	609	-1	0.672	11	None	GENOMAD.090379.CP	4.589e-05	46	0	0	0	1	NA	NA	NA	PF01713	Smr domain
JPYC01000233.1_13	12794	13573	780	1	0.672	11	AGGAG	NA	NA	NA	0	0	0	1	NA	NA	NA	NA	NA
JPYC01000233.1_14	13570	14247	678	1	0.695	11	GGA/GAG/AGG	NA	NA	NA	0	0	0	1	NA	NA	NA	NA	NA
JPYC01000233.1_15	14266	14880	615	1	0.659	11	GGA/GAG/AGG	GENOMAD.136362.CP	1.705e-21	95	0	0	0	1	NA	NA	NA	PF09335;COG1238	Uncharacterized membrane protein YqaA, SNARE-associated domain
JPYC01000233.1_16	14877	15656	780	1	0.673	11	None	GENOMAD.085898.CP	0.0003781	44	0	0	0	1	NA	NA	NA	PF01333;K22719;COG4942	Septal ring factor EnvC, activator of murein hydrolases AmiA and AmiB
JPYC01000233.1_17	15847	16221	375	-1	0.667	11	GGA/GAG/AGG	GENOMAD.099012.CP	1.709e-32	123	0	0	0	1	NA	NA	NA	PF04430;COG3737;K09008	Uncharacterized conserved protein, contains Mth938-like domain
JPYC01000233.1_18	16237	16542	306	-1	0.621	11	None	NA	NA	NA	0	0	0	1	NA	NA	NA	NA	NA
JPYC01000233.1_19	16608	17240	633	1	0.638	11	GGA/GAG/AGG	GENOMAD.129277.CV	1.899e-34	133	0	0	0	16546	Riboviria	NA	NA	PF01728;K02427;TIGR00438;COG0293	cell division protein FtsJ
JPYC01000233.1_20	17301	19241	1941	1	0.636	11	GGAG/GAGG	NA	NA	NA	0	0	0	1	NA	NA	NA	NA	NA
JPYC01000233.1_21	19368	20270	903	1	0.670	11	AGGAG	NA	NA	NA	0	0	0	1	NA	NA	NA	NA	NA
JPYC01000233.1_22	20270	21253	984	1	0.687	11	GGA/GAG/AGG	NA	NA	NA	0	0	0	1	NA	NA	NA	NA	NA
JPYC01000233.1_23	21331	21609	279	1	0.584	11	GGAG/GAGG	NA	NA	NA	0	0	0	1	NA	NA	NA	NA	NA
JPYC01000233.1_24	21621	22940	1320	1	0.652	11	GGAG/GAGG	NA	NA	NA	0	0	0	1	NA	NA	NA	NA	NA
JPYC01000233.1_25	23368	23862	495	1	0.653	11	None	NA	NA	NA	0	0	0	1	NA	NA	NA	NA	NA
JPYC01000233.1_26	24328	26004	1677	1	0.648	11	GGA/GAG/AGG	NA	NA	NA	0	0	0	1	NA	NA	NA	NA	NA
JPYC01000233.1_27	26090	26731	642	1	0.642	11	None	NA	NA	NA	0	0	0	1	NA	NA	NA	NA	NA
JPYC01000233.1_28	26904	27938	1035	1	0.625	11	GGAG/GAGG	NA	NA	NA	0	0	0	1	NA	NA	NA	NA	NA
JPYC01000233.1_29	28235	28723	489	1	0.665	11	GGA/GAG/AGG	GENOMAD.130541.CP	2.93e-26	107	0	0	0	1	NA	NA	NA	PF02631;COG2137;K03565	SOS response regulatory protein OraA/RecX, interacts with RecA
JPYC01000233.1_30	28825	31473	2649	1	0.646	11	None	NA	NA	NA	0	0	0	1	NA	NA	NA	NA	NA
JPYC01000233.1_31	31613	31825	213	1	0.573	11	AGGAG	NA	NA	NA	0	0	0	1	NA	NA	NA	NA	NA
JPYC01000233.1_32	33113	35098	1986	1	0.648	11	GGA/GAG/AGG	GENOMAD.146534.CP	9.989e-05	48	0	0	0	1	NA	NA	NA	PF00015	Methyl-accepting chemotaxis protein (MCP) signalling domain
JPYC01000233.1_33	35509	36210	702	-1	0.638	11	AGGAG	GENOMAD.129411.CP	3.543e-06	50	0	0	0	1	NA	NA	NA	PF05726;PF02678;COG1741;K06911	Redox-sensitive bicupin YhaK, pirin superfamily
JPYC01000233.1_34	36342	37286	945	1	0.690	11	None	NA	NA	NA	0	0	0	1	NA	NA	NA	NA	NA
JPYC01000233.1_35	37331	38260	930	1	0.663	11	GGA/GAG/AGG	GENOMAD.147887.CP	3.702e-84	282	0	0	0	1	NA	NA	NA	PF06695;PF00581;K03975;COG0586;TIGR03865	Uncharacterized membrane protein DedA, SNARE-associated domain
JPYC01000234.1_1	308	1519	1212	-1	0.632	11	GGAG/GAGG	GENOMAD.171925.VC	1.775e-12	72	0	0	0	1246	Caudoviricetes	NA	NA	PF00579;K01866;TIGR00234;COG0162	tyrosyl-tRNA synthetase
JPYC01000234.1_2	1690	3108	1419	1	0.653	11	GGAG/GAGG	GENOMAD.141512.CP	1.361e-17	89	0	0	0	1	NA	NA	NA	PF19425	Csd3 second domain
JPYC01000234.1_3	3488	3745	258	1	0.694	11	None	NA	NA	NA	0	0	0	1	NA	NA	NA	NA	NA
JPYC01000235.1_1	3	269	267	-1	0.644	11	GGA/GAG/AGG	NA	NA	NA	0	0	0	1	NA	NA	NA	NA	NA
JPYC01000235.1_2	918	1301	384	-1	0.661	11	None	NA	NA	NA	0	0	0	1	NA	NA	NA	NA	NA
JPYC01000236.1_1	3	392	390	1	0.700	11	None	NA	NA	NA	0	0	0	1	NA	NA	NA	NA	NA
JPYC01000236.1_2	402	3479	3078	1	0.656	11	GGAG/GAGG	NA	NA	NA	0	0	0	1	NA	NA	NA	NA	NA
JPYC01000236.1_3	3476	4927	1452	1	0.654	11	GGAG/GAGG	GENOMAD.134141.CP	1.346e-08	60	0	0	0	1	NA	NA	NA	PF02321;TIGR01845;K12340;COG1538	efflux transporter, outer membrane factor (OMF) lipoprotein, NodT family
JPYC01000236.1_4	5164	7125	1962	-1	0.666	11	GGAG/GAGG	GENOMAD.214746.CP	0.0	1102	0	0	0	1	NA	NA	NA	PF16024;PF05728;TIGR03503;COG3150	TIGR03503 family protein
JPYC01000236.1_5	7542	8519	978	-1	0.640	11	GGAG/GAGG	GENOMAD.194673.PC	9.003e-46	171	0	0	0	1	NA	NA	NA	PF02219;COG0685;TIGR00676;K00297	5,10-methylenetetrahydrofolate reductase
JPYC01000236.1_6	8549	9214	666	-1	0.589	11	AGGA	NA	NA	NA	0	0	0	1	NA	NA	NA	NA	NA
JPYC01000236.1_7	9214	10128	915	-1	0.659	11	GGA/GAG/AGG	NA	NA	NA	0	0	0	1	NA	NA	NA	NA	NA
JPYC01000236.1_8	10317	10904	588	1	0.653	11	GGA/GAG/AGG	GENOMAD.161922.PC	4.154e-13	70	0	0	0	1	NA	NA	NA	PF03358;TIGR03567;K03206;COG0431	FMN reductase, SsuE family
JPYC01000236.1_9	11046	12029	984	1	0.600	11	GGA/GAG/AGG	GENOMAD.181514.PC	2.159e-188	584	0	0	0	1	NA	NA	NA	PF08908	Putative oxygenase MesX
JPYC01000236.1_10	12058	13086	1029	1	0.618	11	None	NA	NA	NA	0	0	0	1	NA	NA	NA	NA	NA
JPYC01000236.1_11	13440	14396	957	-1	0.687	11	GGA/GAG/AGG	GENOMAD.183688.PC	2.312e-37	146	0	0	0	1	NA	NA	NA	PF03812;TIGR00793;K02526;COG0385	2-keto-3-deoxygluconate transporter
JPYC01000236.1_12	14549	16006	1458	-1	0.658	11	GGA/GAG/AGG	NA	NA	NA	0	0	0	1	NA	NA	NA	NA	NA
JPYC01000236.1_13	16844	17722	879	-1	0.689	11	GGAG/GAGG	NA	NA	NA	0	0	0	1	NA	NA	NA	NA	NA
JPYC01000236.1_14	17859	18290	432	1	0.655	11	GGA/GAG/AGG	NA	NA	NA	0	0	0	1	NA	NA	NA	NA	NA
JPYC01000236.1_15	19251	19646	396	-1	0.593	11	AGGA/GGAG/GAGG	NA	NA	NA	0	0	0	1	NA	NA	NA	NA	NA
JPYC01000236.1_16	20235	20426	192	-1	0.526	11	None	NA	NA	NA	0	0	0	1	NA	NA	NA	NA	NA
JPYC01000237.1_1	3	1130	1128	-1	0.628	11	None	NA	NA	NA	0	0	0	1	NA	NA	NA	NA	NA
JPYC01000237.1_2	1219	2214	996	1	0.674	11	GGA/GAG/AGG	GENOMAD.109687.CP	7.089e-05	47	0	0	0	1	NA	NA	NA	PF06859;TIGR01934;COG4627;K24451	ubiquinone/menaquinone biosynthesis methyltransferases
JPYC01000237.1_3	2211	3341	1131	1	0.641	11	GGAG/GAGG	NA	NA	NA	0	0	0	1	NA	NA	NA	NA	NA
JPYC01000237.1_4	3508	6261	2754	1	0.625	11	GGA/GAG/AGG	NA	NA	NA	0	0	0	1	NA	NA	NA	NA	NA
JPYC01000238.1_1	2	1135	1134	1	0.651	11	None	NA	NA	NA	0	0	0	1	NA	NA	NA	NA	NA
JPYC01000238.1_2	1392	2891	1500	1	0.555	11	GGAG/GAGG	NA	NA	NA	0	0	0	1	NA	NA	NA	NA	NA
JPYC01000238.1_3	2875	3309	435	-1	0.584	11	AGxAGG/AGGxGG	NA	NA	NA	0	0	0	1	NA	NA	NA	NA	NA
JPYC01000238.1_4	4013	5188	1176	1	0.657	11	GGAG/GAGG	GENOMAD.082750.CP	0.0001924	46	0	0	0	1	NA	NA	NA	PF11741	AMIN domain
JPYC01000238.1_5	5225	6142	918	1	0.661	11	GGA/GAG/AGG	NA	NA	NA	0	0	0	1	NA	NA	NA	NA	NA
JPYC01000238.1_6	6754	8121	1368	1	0.649	11	GGAG/GAGG	GENOMAD.001794.CC	3.03e-25	113	0	0	0	1	NA	NA	NA	PF12626	Polymerase A arginine-rich C-terminus
JPYC01000238.1_7	8125	8610	486	1	0.714	11	GGA/GAG/AGG	GENOMAD.094485.CP	1.57e-13	70	0	0	0	1	NA	NA	NA	PF01288;COG0801;TIGR01498	7,8-dihydro-6-hydroxymethylpterin-pyrophosphokinase
JPYC01000238.1_8	8646	9377	732	1	0.667	11	None	NA	NA	NA	0	0	0	1	NA	NA	NA	NA	NA
JPYC01000239.1_1	2	1063	1062	1	0.647	11	None	NA	NA	NA	0	0	0	1	NA	NA	NA	NA	NA
JPYC01000239.1_2	1364	1624	261	-1	0.651	11	None	NA	NA	NA	0	0	0	1	NA	NA	NA	NA	NA
JPYC01000239.1_3	1685	2173	489	-1	0.583	11	AGxAGG/AGGxGG	GENOMAD.088856.PP	3.212e-68	228	0	0	0	1	NA	NA	NA	PF07824;K18380;TIGR02513	Type III secretion chaperone domain
JPYC01000239.1_4	2210	2491	282	-1	0.532	11	AGGAG	NA	NA	NA	0	0	0	1	NA	NA	NA	NA	NA
JPYC01000239.1_5	2573	2815	243	-1	0.601	11	GGA/GAG/AGG	NA	NA	NA	0	0	0	1	NA	NA	NA	NA	NA
JPYC01000239.1_6	2827	3765	939	-1	0.635	11	AGGAG	NA	NA	NA	0	0	0	1	NA	NA	NA	NA	NA
JPYC01000239.1_7	3762	4589	828	-1	0.652	11	AGxAGG/AGGxGG	NA	NA	NA	0	0	0	1	NA	NA	NA	NA	NA
JPYC01000239.1_8	4586	4846	261	-1	0.640	11	3Base/5BMM	NA	NA	NA	0	0	0	1	NA	NA	NA	NA	NA
JPYC01000239.1_9	4851	5495	645	-1	0.597	11	GGAG/GAGG	NA	NA	NA	0	0	0	1	NA	NA	NA	NA	NA
JPYC01000239.1_10	5482	6486	1005	-1	0.659	11	GGAGG	GENOMAD.197924.PC	2.327e-182	567	0	0	0	1	NA	NA	NA	PF06622;K03225;TIGR02480	SepQ protein
JPYC01000239.1_11	6528	7166	639	-1	0.657	11	GGA/GAG/AGG	NA	NA	NA	0	0	0	1	NA	NA	NA	NA	NA
JPYC01000239.1_12	7166	9103	1938	-1	0.622	11	GGAG/GAGG	NA	NA	NA	0	0	0	1	NA	NA	NA	NA	NA
JPYC01000239.1_13	9097	10170	1074	-1	0.611	11	AGGAG	NA	NA	NA	0	0	0	1	NA	NA	NA	NA	NA
JPYC01000239.1_14	10385	10840	456	1	0.634	11	GGAG/GAGG	GENOMAD.216464.PC	4.912e-50	175	0	0	0	1	NA	NA	NA	PF09613;K18373;TIGR02561	type III secretion protein HrpB1/HrpK
JPYC01000239.1_15	10874	11266	393	1	0.616	11	AGGAG	NA	NA	NA	0	0	0	1	NA	NA	NA	NA	NA
JPYC01000239.1_16	11289	11717	429	1	0.613	11	GGA/GAG/AGG	GENOMAD.167309.PC	8.949e-23	96	0	0	0	1	NA	NA	NA	PF01514;K03222;COG4669;TIGR02544	Type III secretory pathway, lipoprotein EscJ
JPYC01000024.1_1	1	1278	1278	1	0.653	11	None	NA	NA	NA	0	0	0	1	NA	NA	NA	NA	NA
JPYC01000024.1_2	1627	2622	996	1	0.617	11	GGAG/GAGG	GENOMAD.191409.CP	1.966e-06	52	0	0	0	1	NA	NA	NA	PF03096;TIGR03056;K05714;COG2267	putative magnesium chelatase accessory protein
JPYC01000024.1_3	2775	3863	1089	-1	0.686	11	GGA/GAG/AGG	NA	NA	NA	0	0	0	1	NA	NA	NA	NA	NA
JPYC01000024.1_4	3860	5077	1218	-1	0.646	11	GGAG/GAGG	GENOMAD.143010.CP	5.571e-10	64	0	0	0	1	NA	NA	NA	K01758;TIGR01328	methionine gamma-lyase
JPYC01000024.1_5	5074	6105	1032	-1	0.683	11	GGA/GAG/AGG	NA	NA	NA	0	0	0	1	NA	NA	NA	NA	NA
JPYC01000024.1_6	6303	7328	1026	1	0.673	11	GGAG/GAGG	NA	NA	NA	0	0	0	1	NA	NA	NA	NA	NA
JPYC01000024.1_7	7467	9071	1605	1	0.625	11	None	GENOMAD.123902.CP	1.369e-116	387	0	0	0	1246	Caudoviricetes	NA	NA	PF16658;PF03144	Class II release factor RF3, C-terminal domain; Elongation factor Tu domain 2
JPYC01000024.1_8	9147	9791	645	1	0.625	11	None	NA	NA	NA	0	0	0	1	NA	NA	NA	NA	NA
JPYC01000024.1_9	9820	10371	552	1	0.647	11	None	GENOMAD.121392.CP	6.177e-15	75	0	0	0	1	NA	NA	NA	K07290;COG2982	Uncharacterized protein involved in outer membrane biogenesis
JPYC01000240.1_1	2	1135	1134	-1	0.639	11	GGAG/GAGG	NA	NA	NA	0	0	0	1	NA	NA	NA	NA	NA
JPYC01000240.1_2	1546	2868	1323	-1	0.640	11	AGGA	NA	NA	NA	0	0	0	1	NA	NA	NA	NA	NA
JPYC01000240.1_3	2865	3533	669	-1	0.620	11	GGAGG	NA	NA	NA	0	0	0	1	NA	NA	NA	NA	NA
JPYC01000240.1_4	3737	5710	1974	1	0.684	11	None	GENOMAD.113449.CP	9.506e-32	136	0	0	0	1	NA	NA	NA	COG2208	Serine phosphatase RsbU, regulator of sigma subunit
JPYC01000240.1_5	5707	6138	432	1	0.662	11	GGA/GAG/AGG	GENOMAD.133547.CP	2.491e-78	256	0	0	0	1	NA	NA	NA	PF13581;TIGR01924;COG2172;K06379	serine-protein kinase RsbW
JPYC01000240.1_6	6135	6554	420	1	0.648	11	GGAG/GAGG	GENOMAD.129482.CP	5.866e-06	47	0	0	0	1246	Caudoviricetes	NA	NA	PF13466;K04749;COG3113;TIGR00377	ABC-type transporter Mla maintaining outer membrane lipid asymmetry, MlaB component, contains STAS domain
JPYC01000240.1_7	6776	7003	228	1	0.636	11	None	NA	NA	NA	0	0	0	1	NA	NA	NA	NA	NA
JPYC01000241.1_1	3	791	789	-1	0.662	11	None	NA	NA	NA	0	0	0	1	NA	NA	NA	NA	NA
JPYC01000241.1_2	800	1342	543	-1	0.683	11	GGA/GAG/AGG	GENOMAD.111615.CP	8.698e-40	147	0	0	0	1	NA	NA	NA	PF03695;K09895;COG3079;TIGR02292	Uncharacterized conserved protein YgfB, UPF0149 family
JPYC01000241.1_3	1577	1798	222	1	0.662	11	None	GENOMAD.004052.CC	1.41e-19	83	0	0	0	1	NA	NA	NA	PF06005;TIGR02449;COG3074	TIGR02449 family protein
JPYC01000241.1_4	1795	2094	300	1	0.620	11	GGAG/GAGG	GENOMAD.001146.CC	4.378e-12	63	0	0	0	1	NA	NA	NA	PF05164;K09888;COG3027	Cell division protein ZapA, inhibits GTPase activity of FtsZ
JPYC01000241.1_5	2701	3291	591	1	0.699	11	GGA/GAG/AGG	NA	NA	NA	0	0	0	1	NA	NA	NA	NA	NA
JPYC01000241.1_6	3288	3764	477	1	0.618	11	None	GENOMAD.115277.CP	8.48e-39	143	0	0	0	1	NA	NA	NA	PF01878;COG2947	Predicted RNA-binding protein, contains PUA-like domain
JPYC01000241.1_7	3862	4509	648	1	0.657	11	GGA/GAG/AGG	NA	NA	NA	0	0	0	1	NA	NA	NA	NA	NA
JPYC01000241.1_8	4708	5121	414	1	0.647	11	None	NA	NA	NA	0	0	0	1	NA	NA	NA	NA	NA
JPYC01000241.1_9	5326	6171	846	1	0.661	11	None	GENOMAD.001272.CC	9.669e-33	131	0	0	0	1	NA	NA	NA	PF13369;COG2912	Regulator of sirC expression, contains transglutaminase-like and TPR domains
JPYC01000241.1_10	6316	6555	240	-1	0.629	11	None	GENOMAD.022030.CC	4.124e-05	42	0	0	0	1	NA	NA	NA	PF00301;COG1773;K05297	Rubredoxin
JPYC01000241.1_11	6579	7127	549	1	0.685	11	GGA/GAG/AGG	NA	NA	NA	0	0	0	1	NA	NA	NA	NA	NA
JPYC01000242.1_1	2	358	357	-1	0.630	11	None	NA	NA	NA	0	0	0	1	NA	NA	NA	NA	NA
JPYC01000242.1_2	463	1035	573	1	0.599	11	None	NA	NA	NA	0	0	0	1	NA	NA	NA	NA	NA
JPYC01000242.1_3	1366	4167	2802	1	0.591	11	None	NA	NA	NA	0	0	0	1	NA	NA	NA	NA	NA
JPYC01000242.1_4	4164	7124	2961	1	0.592	11	None	NA	NA	NA	0	0	0	1	NA	NA	NA	NA	NA
JPYC01000243.1_1	38	1378	1341	1	0.653	11	GGA/GAG/AGG	NA	NA	NA	0	0	0	1	NA	NA	NA	NA	NA
JPYC01000243.1_2	1362	2030	669	1	0.653	11	GGAG/GAGG	GENOMAD.161213.CP	1.568e-17	84	0	0	0	1	NA	NA	NA	COG3932	NA
JPYC01000243.1_3	2065	2565	501	-1	0.651	11	GGA/GAG/AGG	GENOMAD.168709.CP	3.336e-16	78	0	0	0	1	NA	NA	NA	PF16242;COG3871;TIGR03668	Pyridoxamine 5'-phosphate oxidase like
JPYC01000243.1_4	2626	3630	1005	-1	0.678	11	GGAG/GAGG	GENOMAD.133049.CP	1.011e-61	218	0	0	0	1	NA	NA	NA	PF00296;TIGR03558;COG2141;K00320	luciferase family oxidoreductase, group 1
JPYC01000243.1_5	3979	4821	843	1	0.648	11	None	NA	NA	NA	0	0	0	1	NA	NA	NA	NA	NA
JPYC01000243.1_6	4770	5315	546	1	0.630	11	GGxGG	NA	NA	NA	0	0	0	1	NA	NA	NA	NA	NA
JPYC01000243.1_7	5477	7096	1620	-1	0.664	11	None	NA	NA	NA	0	0	0	1	NA	NA	NA	NA	NA
JPYC01000244.1_1	2	274	273	1	0.659	11	None	NA	NA	NA	0	0	0	1	NA	NA	NA	NA	NA
JPYC01000245.1_1	180	1100	921	-1	0.710	11	None	NA	NA	NA	0	0	0	1	NA	NA	NA	NA	NA
JPYC01000245.1_2	1100	1618	519	-1	0.672	11	GGAG/GAGG	GENOMAD.211271.PC	2.315e-93	301	0	0	0	1	NA	NA	NA	NA	NA
JPYC01000245.1_3	1697	4606	2910	1	0.686	11	AGxAGG/AGGxGG	GENOMAD.121418.CV	1.983e-110	385	0	0	0	1	NA	NA	NA	PF03710;PF08335;PF03445;K00982;COG1391;TIGR01693	Glutamine synthetase adenylyltransferase
JPYC01000245.1_4	4710	5087	378	-1	0.685	11	GGA/GAG/AGG	GENOMAD.161288.VC	9.183e-05	43	0	0	1	1246	Caudoviricetes	NA	NA	PF02592;PF20307;K18947;TIGR00697;COG1738	Putative vitamin uptake transporter; Divergent DnaB-like ATPase
JPYC01000245.1_5	5787	7628	1842	1	0.555	11	GGAG/GAGG	GENOMAD.072096.PP	4.376e-279	862	0	0	0	1	NA	NA	NA	K23866	NA
JPYC01000246.1_1	3	2186	2184	1	0.577	11	None	NA	NA	NA	0	0	0	1	NA	NA	NA	NA	NA
JPYC01000246.1_2	2486	2752	267	1	0.629	11	AGGAG	NA	NA	NA	0	0	0	1	NA	NA	NA	NA	NA
JPYC01000246.1_3	2985	4538	1554	-1	0.638	11	None	NA	NA	NA	0	0	0	1	NA	NA	NA	NA	NA
JPYC01000246.1_4	5202	5591	390	1	0.659	11	None	NA	NA	NA	0	0	0	1	NA	NA	NA	NA	NA
JPYC01000246.1_5	5655	6284	630	-1	0.640	11	None	NA	NA	NA	0	0	0	1	NA	NA	NA	NA	NA
JPYC01000246.1_6	6330	6491	162	1	0.679	11	GGA/GAG/AGG	NA	NA	NA	0	0	0	1	NA	NA	NA	NA	NA
JPYC01000246.1_7	6506	7279	774	1	0.668	11	AGGAG	NA	NA	NA	0	0	0	1	NA	NA	NA	NA	NA
JPYC01000246.1_8	7279	8148	870	1	0.706	11	GGAG/GAGG	NA	NA	NA	0	0	0	1	NA	NA	NA	NA	NA
JPYC01000246.1_9	8439	9950	1512	1	0.614	11	GGAGG	GENOMAD.153314.CP	8.282e-06	51	0	0	0	1	NA	NA	NA	PF17189	Glycosyl hydrolase family 30 beta sandwich domain
JPYC01000246.1_10	10080	11864	1785	-1	0.647	11	None	NA	NA	NA	0	0	0	1	NA	NA	NA	NA	NA
JPYC01000247.1_1	1	519	519	-1	0.663	11	None	NA	NA	NA	0	0	0	1	NA	NA	NA	NA	NA
JPYC01000247.1_2	516	1667	1152	-1	0.664	11	AGGA	NA	NA	NA	0	0	0	1	NA	NA	NA	NA	NA
JPYC01000247.1_3	1757	2950	1194	-1	0.629	11	AGGAG	GENOMAD.067680.VV	1.378e-16	85	0	0	0	1246	Caudoviricetes	NA	NA	PF06100;TIGR00031;K20678;COG0562	UDP-galactopyranose mutase
JPYC01000247.1_4	2938	4122	1185	-1	0.660	11	GGAG/GAGG	NA	NA	NA	0	0	0	1	NA	NA	NA	NA	NA
JPYC01000247.1_5	4160	5329	1170	-1	0.668	11	GGA/GAG/AGG	GENOMAD.070016.VV	8.86e-21	98	0	0	0	1246	Caudoviricetes	NA	NA	NA	NA
JPYC01000247.1_6	5763	6629	867	-1	0.631	11	AGGAG	NA	NA	NA	0	0	0	1	NA	NA	NA	NA	NA
JPYC01000247.1_7	6848	7489	642	1	0.603	11	AGGAG	GENOMAD.195028.PC	7.169e-84	276	0	0	0	1	NA	NA	NA	PF20554	NA
JPYC01000247.1_8	7661	7846	186	1	0.575	11	AGGAG	NA	NA	NA	0	0	0	1	NA	NA	NA	NA	NA
JPYC01000247.1_9	7959	8981	1023	-1	0.634	11	AGGAG	NA	NA	NA	0	0	0	1	NA	NA	NA	NA	NA
JPYC01000247.1_10	8972	10381	1410	-1	0.640	11	AGGAG	NA	NA	NA	0	0	0	1	NA	NA	NA	NA	NA
JPYC01000247.1_11	10673	10954	282	-1	0.645	11	GGAG/GAGG	NA	NA	NA	0	0	0	1	NA	NA	NA	NA	NA
JPYC01000247.1_12	11489	12772	1284	1	0.654	11	GGA/GAG/AGG	NA	NA	NA	0	0	0	1	NA	NA	NA	NA	NA
JPYC01000247.1_13	12769	13011	243	1	0.671	11	GGA/GAG/AGG	NA	NA	NA	0	0	0	1	NA	NA	NA	NA	NA
JPYC01000247.1_14	13005	13385	381	-1	0.617	11	GGAG/GAGG	NA	NA	NA	0	0	0	1	NA	NA	NA	NA	NA
JPYC01000247.1_15	13594	15063	1470	1	0.641	11	None	GENOMAD.111713.CP	3.394e-30	129	0	0	0	1	NA	NA	NA	PF01739;PF20225;PF03705;K00575;COG1352;TIGR04345	Methylase of chemotaxis methyl-accepting proteins
JPYC01000248.1_1	23	784	762	-1	0.618	11	None	GENOMAD.106866.CP	1.405e-22	100	0	0	0	1246	Caudoviricetes	NA	NA	COG1187	16S rRNA U516 pseudouridylate synthase RsuA and related 23S rRNA U2605, pseudouridylate synthases
JPYC01000248.1_2	885	3290	2406	-1	0.650	11	AGGA	NA	NA	NA	0	0	0	1	NA	NA	NA	NA	NA
JPYC01000248.1_3	3553	5451	1899	-1	0.681	11	GGAG/GAGG	GENOMAD.111067.CV	4.169e-08	59	0	0	0	1	NA	NA	NA	NA	NA
JPYC01000248.1_4	5600	6118	519	1	0.661	11	None	NA	NA	NA	0	0	0	1	NA	NA	NA	NA	NA
JPYC01000248.1_5	6148	6795	648	1	0.685	11	GGAG/GAGG	GENOMAD.043479.CC	4.455e-24	103	0	0	0	1	NA	NA	NA	NA	NA
JPYC01000248.1_6	6832	7074	243	1	0.634	11	GGA/GAG/AGG	NA	NA	NA	0	0	0	1	NA	NA	NA	NA	NA
JPYC01000248.1_7	7071	7280	210	1	0.648	11	GGA/GAG/AGG	NA	NA	NA	0	0	0	1	NA	NA	NA	NA	NA
JPYC01000248.1_8	7417	7818	402	-1	0.664	11	GGAG/GAGG	GENOMAD.171460.CP	2.518e-15	74	0	0	0	1	NA	NA	NA	PF01124;COG3686	Uncharacterized conserved protein, MAPEG superfamily
JPYC01000248.1_9	7844	8380	537	-1	0.700	11	GGA/GAG/AGG	GENOMAD.189756.CP	2.357e-15	76	0	0	0	1	NA	NA	NA	PF13211	NA
JPYC01000248.1_10	8781	9035	255	-1	0.678	11	GGxGG	NA	NA	NA	0	0	0	1	NA	NA	NA	NA	NA
JPYC01000248.1_11	9112	10338	1227	-1	0.691	11	None	NA	NA	NA	0	0	0	1	NA	NA	NA	NA	NA
JPYC01000248.1_12	10486	10629	144	1	0.708	11	None	NA	NA	NA	0	0	0	1	NA	NA	NA	NA	NA
JPYC01000249.1_1	401	499	99	1	0.646	11	GGA/GAG/AGG	NA	NA	NA	0	0	0	1	NA	NA	NA	NA	NA
JPYC01000025.1_1	3	677	675	1	0.599	11	None	NA	NA	NA	0	0	0	1	NA	NA	NA	NA	NA
JPYC01000025.1_2	917	1258	342	-1	0.661	11	AGGAG	GENOMAD.166221.CP	3.856e-19	84	0	0	0	1	NA	NA	NA	PF02482;TIGR00741;COG1544;K05808	ribosomal subunit interface protein
JPYC01000025.1_3	1578	4001	2424	1	0.641	11	GGA/GAG/AGG	NA	NA	NA	0	0	0	1	NA	NA	NA	NA	NA
JPYC01000025.1_4	4098	6206	2109	-1	0.640	11	GGA/GAG/AGG	NA	NA	NA	0	0	0	1	NA	NA	NA	NA	NA
JPYC01000025.1_5	6897	8615	1719	-1	0.661	11	None	NA	NA	NA	0	0	0	1	NA	NA	NA	NA	NA
JPYC01000025.1_6	8858	9799	942	1	0.609	11	AGGA	NA	NA	NA	0	0	0	1	NA	NA	NA	NA	NA
JPYC01000025.1_7	9886	10104	219	-1	0.685	11	None	NA	NA	NA	0	0	0	1	NA	NA	NA	NA	NA
JPYC01000250.1_1	1	405	405	-1	0.686	11	None	NA	NA	NA	0	0	0	1	NA	NA	NA	NA	NA
JPYC01000250.1_2	405	821	417	-1	0.667	11	GGAG/GAGG	NA	NA	NA	0	0	0	1	NA	NA	NA	NA	NA
JPYC01000251.1_1	2	1180	1179	1	0.642	11	None	NA	NA	NA	0	0	0	1	NA	NA	NA	NA	NA
JPYC01000251.1_2	1564	2481	918	1	0.675	11	GGAG/GAGG	GENOMAD.177755.PC	4.303e-32	130	0	0	0	1	NA	NA	NA	COG5006;K03298	Threonine/homoserine efflux transporter RhtA
JPYC01000252.1_1	3	1529	1527	-1	0.670	11	GGAG/GAGG	NA	NA	NA	0	0	0	1	NA	NA	NA	NA	NA
JPYC01000252.1_2	2027	2227	201	1	0.647	11	AGGAG	NA	NA	NA	0	0	0	1	NA	NA	NA	NA	NA
JPYC01000252.1_3	2285	2614	330	-1	0.594	11	AGGAG	GENOMAD.018095.CC	5.921e-21	89	0	0	0	1	NA	NA	NA	PF11747	Killing trait
JPYC01000252.1_4	3008	4168	1161	1	0.660	11	AGGA	NA	NA	NA	0	0	0	1	NA	NA	NA	NA	NA
JPYC01000252.1_5	4254	6236	1983	1	0.637	11	GGAG/GAGG	NA	NA	NA	0	0	0	1	NA	NA	NA	NA	NA
JPYC01000252.1_6	6338	7069	732	-1	0.668	11	GGA/GAG/AGG	GENOMAD.154816.CP	1.594e-30	123	0	0	0	1	NA	NA	NA	PF03932;K06201;COG3142;TIGR00559	Copper homeostasis protein CutC
JPYC01000252.1_7	7066	8130	1065	-1	0.651	11	GGAG/GAGG	GENOMAD.141113.CP	6.386e-55	199	0	0	0	1	NA	NA	NA	PF01112;K01444;COG1446	Isoaspartyl peptidase or L-asparaginase, Ntn-hydrolase superfamily
JPYC01000252.1_8	8639	10447	1809	1	0.659	11	AGGA	GENOMAD.167282.CP	7.244e-33	139	0	0	0	1	NA	NA	NA	PF12450	von Willebrand factor
JPYC01000252.1_9	10519	11049	531	1	0.638	11	GGAG/GAGG	NA	NA	NA	0	0	0	1	NA	NA	NA	NA	NA
JPYC01000252.1_10	11046	12857	1812	1	0.673	11	GGAGG	GENOMAD.029534.CC	1.075e-05	51	0	0	0	1	NA	NA	NA	NA	NA
JPYC01000252.1_11	12825	13448	624	-1	0.670	11	GGAG/GAGG	NA	NA	NA	0	0	0	1	NA	NA	NA	NA	NA
JPYC01000252.1_12	13679	14155	477	-1	0.677	11	GGA/GAG/AGG	GENOMAD.007007.CC	1.157e-16	79	0	0	0	1	NA	NA	NA	PF01584;K06598;COG0835	Chemotaxis signal transduction protein
JPYC01000252.1_13	14189	15397	1209	-1	0.710	11	GGA/GAG/AGG	GENOMAD.177428.CP	1.715e-129	418	0	0	0	1	NA	NA	NA	PF01339;K06597	CheB methylesterase
JPYC01000252.1_14	15384	17627	2244	-1	0.672	11	None	GENOMAD.116397.CP	5.585e-60	226	0	0	0	1	NA	NA	NA	PF14501;PF01584;PF01627;PF02895;K03407;COG0643;TIGR01924	Chemotaxis protein histidine kinase CheA
JPYC01000253.1_1	3	305	303	1	0.683	11	None	NA	NA	NA	0	0	0	1	NA	NA	NA	NA	NA
JPYC01000253.1_2	452	1252	801	1	0.627	11	GGA/GAG/AGG	NA	NA	NA	0	0	0	1	NA	NA	NA	NA	NA
JPYC01000253.1_3	1287	1703	417	-1	0.544	11	GGA/GAG/AGG	NA	NA	NA	0	0	0	1	NA	NA	NA	NA	NA
JPYC01000253.1_4	1761	2507	747	1	0.651	11	GGA/GAG/AGG	NA	NA	NA	0	0	0	1	NA	NA	NA	NA	NA
JPYC01000253.1_5	3087	3266	180	1	0.567	11	AGGA	NA	NA	NA	0	0	0	1	NA	NA	NA	NA	NA
JPYC01000253.1_6	3464	5530	2067	1	0.650	11	AGGA	NA	NA	NA	0	0	0	1	NA	NA	NA	NA	NA
JPYC01000253.1_7	5873	6430	558	1	0.659	11	None	NA	NA	NA	0	0	0	1	NA	NA	NA	NA	NA
JPYC01000253.1_8	6486	7061	576	-1	0.434	11	GGAG/GAGG	GENOMAD.074042.PP	3.684e-89	290	0	0	0	1	NA	NA	NA	NA	NA
JPYC01000253.1_9	7045	7653	609	-1	0.432	11	GGAG/GAGG	NA	NA	NA	0	0	0	1	NA	NA	NA	NA	NA
JPYC01000253.1_10	7816	8502	687	-1	0.638	11	AGGAG	GENOMAD.167222.CP	8.183e-19	88	0	0	0	1	NA	NA	NA	PF05736;K07275;COG3047;TIGR04565	Outer membrane protein W
JPYC01000253.1_11	8643	9203	561	1	0.647	11	4Base/6BMM	NA	NA	NA	0	0	0	1	NA	NA	NA	NA	NA
JPYC01000253.1_12	9427	10191	765	1	0.678	11	GGAG/GAGG	GENOMAD.038780.CC	6.63e-23	101	0	0	0	1	NA	NA	NA	NA	NA
JPYC01000253.1_13	10321	10500	180	1	0.594	11	GGAG/GAGG	NA	NA	NA	0	0	0	1	NA	NA	NA	NA	NA
JPYC01000254.1_1	2	1369	1368	-1	0.617	11	GGA/GAG/AGG	NA	NA	NA	0	0	0	1	NA	NA	NA	NA	NA
JPYC01000254.1_2	2193	4574	2382	-1	0.639	11	AGGAG	GENOMAD.159936.CP	5.444e-211	674	0	0	0	1	NA	NA	NA	K16090;COG4206	Outer membrane cobalamin receptor protein
JPYC01000254.1_3	4967	7030	2064	-1	0.655	11	GGA/GAG/AGG	NA	NA	NA	0	0	0	1	NA	NA	NA	NA	NA
JPYC01000254.1_4	7193	7609	417	1	0.652	11	None	GENOMAD.146365.CV	1.946e-37	138	0	0	0	1	NA	NA	NA	PF03203;K19058	MerC mercury resistance protein
JPYC01000255.1_1	2	2254	2253	1	0.678	11	None	NA	NA	NA	0	0	0	1	NA	NA	NA	NA	NA
JPYC01000255.1_2	2241	2672	432	1	0.660	11	GGAG/GAGG	GENOMAD.190634.CP	4.917e-71	235	0	0	0	1	NA	NA	NA	COG4706;TIGR01750	Predicted 3-hydroxylacyl-ACP dehydratase, HotDog domain
JPYC01000255.1_3	2682	3173	492	-1	0.596	11	GGAG/GAGG	GENOMAD.212552.PC	2.153e-81	266	0	0	0	1	NA	NA	NA	PF08378	NA
JPYC01000255.1_4	3404	4042	639	1	0.671	11	None	NA	NA	NA	0	0	0	1	NA	NA	NA	NA	NA
JPYC01000256.1_1	1	966	966	1	0.666	11	None	GENOMAD.142740.CP	5.321e-75	256	0	0	0	1	NA	NA	NA	PF02687;PF12704;COG3127;TIGR03434;K09813	Predicted ABC-type transport system involved in lysophospholipase L1 biosynthesis, permease component
JPYC01000256.1_2	1215	2132	918	1	0.647	11	GGAG/GAGG	GENOMAD.168562.CP	1.436e-05	49	0	0	0	1	NA	NA	NA	PF02668;K03119;COG2175;TIGR02409	Taurine catabolism dioxygenase TauD, TfdA family
JPYC01000256.1_3	2173	3219	1047	1	0.643	11	GGAG/GAGG	GENOMAD.194675.PC	4.06e-71	246	0	0	0	1	NA	NA	NA	PF13379;TIGR03427;COG4521;K15553	ABC transporter periplasmic binding protein, urea carboxylase region
JPYC01000256.1_4	3223	4056	834	1	0.657	11	GGAG/GAGG	NA	NA	NA	0	0	0	1	NA	NA	NA	NA	NA
JPYC01000256.1_5	4053	4937	885	1	0.698	11	GGAG/GAGG	NA	NA	NA	0	0	0	1	NA	NA	NA	NA	NA
JPYC01000256.1_6	5017	5370	354	1	0.607	11	None	GENOMAD.141125.CP	2.289e-50	174	0	0	0	1	NA	NA	NA	PF04342;COG3169;K09922	Uncharacterized conserved protein, DUF486 family
JPYC01000256.1_7	5497	6420	924	-1	0.646	11	GGA/GAG/AGG	GENOMAD.015156.CC	4.576e-70	241	0	0	0	1	NA	NA	NA	PF20311	NA
JPYC01000257.1_1	1	2061	2061	1	0.643	11	None	NA	NA	NA	0	0	0	1	NA	NA	NA	NA	NA
JPYC01000257.1_2	2594	3667	1074	1	0.661	11	GGA/GAG/AGG	NA	NA	NA	0	0	0	1	NA	NA	NA	NA	NA
JPYC01000257.1_3	4458	6635	2178	1	0.671	11	None	NA	NA	NA	0	0	0	1	NA	NA	NA	NA	NA
JPYC01000257.1_4	6729	7979	1251	1	0.672	11	AGGAG	NA	NA	NA	0	0	0	1	NA	NA	NA	NA	NA
JPYC01000258.1_1	286	1278	993	-1	0.700	11	None	NA	NA	NA	0	0	0	1	NA	NA	NA	NA	NA
JPYC01000258.1_2	1278	1643	366	-1	0.596	11	GGAG/GAGG	GENOMAD.004860.CC	1.824e-30	117	0	0	0	1	NA	NA	NA	PF08850;COG4517	NA
JPYC01000258.1_3	1707	2399	693	-1	0.674	11	None	GENOMAD.151242.CP	8.159e-08	55	0	0	0	1	NA	NA	NA	COG0705	Membrane associated serine protease, rhomboid family
JPYC01000258.1_4	2618	3958	1341	1	0.671	11	GGA/GAG/AGG	NA	NA	NA	0	0	0	1	NA	NA	NA	NA	NA
JPYC01000258.1_5	4220	4933	714	1	0.636	11	GGA/GAG/AGG	GENOMAD.152228.VC	5.07e-15	77	0	0	1	11688	Kyanoviridae	NA	NA	PF03336;K07336;TIGR02408	Poxvirus C4/C10 protein
JPYC01000258.1_6	5141	6268	1128	1	0.658	11	None	GENOMAD.103333.CP	2.103e-59	213	0	0	0	1	NA	NA	NA	NA	NA
JPYC01000258.1_7	7067	7993	927	-1	0.544	11	None	NA	NA	NA	0	0	0	1	NA	NA	NA	NA	NA
JPYC01000258.1_8	8169	9629	1461	1	0.667	11	None	NA	NA	NA	0	0	0	1	NA	NA	NA	NA	NA
JPYC01000258.1_9	9705	9974	270	1	0.678	11	GGAG/GAGG	NA	NA	NA	0	0	0	1	NA	NA	NA	NA	NA
JPYC01000258.1_10	9982	10749	768	1	0.677	11	GGA/GAG/AGG	NA	NA	NA	0	0	0	1	NA	NA	NA	NA	NA
JPYC01000258.1_11	10774	10893	120	1	0.592	11	None	NA	NA	NA	0	0	0	1	NA	NA	NA	NA	NA
JPYC01000258.1_12	11004	11411	408	-1	0.615	11	GGAGG	GENOMAD.124417.CP	5.252e-06	47	0	0	0	1	NA	NA	NA	PF02472;K03560;TIGR02801;COG0848	TolR protein
JPYC01000258.1_13	11658	12038	381	-1	0.601	11	GGA/GAG/AGG	GENOMAD.124417.CP	0.0009953	40	0	0	0	1	NA	NA	NA	PF02472;K03560;TIGR02801;COG0848	TolR protein
JPYC01000258.1_14	12075	12497	423	-1	0.598	11	GGAG/GAGG	GENOMAD.124417.CP	5.736e-07	50	0	0	0	1	NA	NA	NA	PF02472;K03560;TIGR02801;COG0848	TolR protein
JPYC01000258.1_15	12544	13305	762	-1	0.644	11	GGA/GAG/AGG	NA	NA	NA	0	0	0	1	NA	NA	NA	NA	NA
JPYC01000258.1_16	13391	13849	459	-1	0.671	11	None	GENOMAD.136404.CP	8.012e-19	85	0	0	0	1	NA	NA	NA	PF03544;TIGR01352	TonB family C-terminal domain
JPYC01000259.1_1	3	422	420	1	0.671	11	None	NA	NA	NA	0	0	0	1	NA	NA	NA	NA	NA
JPYC01000026.1_1	2	2140	2139	-1	0.677	11	AGGA	NA	NA	NA	0	0	0	1	NA	NA	NA	NA	NA
JPYC01000026.1_2	2287	2772	486	1	0.609	11	GGAG/GAGG	NA	NA	NA	0	0	0	1	NA	NA	NA	NA	NA
JPYC01000026.1_3	3038	3694	657	-1	0.636	11	GGA/GAG/AGG	GENOMAD.137608.CP	1.32e-70	238	0	0	0	1	NA	NA	NA	PF05724;K00569;TIGR03840;COG2227	thiopurine S-methyltransferase, Se/Te detoxification family
JPYC01000260.1_1	2	346	345	-1	0.684	11	None	NA	NA	NA	0	0	0	1	NA	NA	NA	NA	NA
JPYC01000261.1_1	142	993	852	-1	0.673	11	GGA/GAG/AGG	GENOMAD.147170.CP	6.651e-07	53	0	0	0	1	NA	NA	NA	NA	NA
JPYC01000261.1_2	1186	2400	1215	1	0.657	11	None	GENOMAD.159005.CP	1.498e-52	194	0	0	0	1	NA	NA	NA	PF10129;K11941;COG3936	OpgC protein
JPYC01000261.1_3	2474	4213	1740	-1	0.680	11	None	NA	NA	NA	0	0	0	1	NA	NA	NA	NA	NA
JPYC01000261.1_4	4210	4818	609	-1	0.683	11	None	GENOMAD.103400.CP	1.123e-90	295	0	0	0	1	NA	NA	NA	PF10143;COG4255;TIGR02535;K15635	proposed homoserine kinase
JPYC01000262.1_1	3	956	954	-1	0.654	11	GGAGG	NA	NA	NA	0	0	0	1	NA	NA	NA	NA	NA
JPYC01000262.1_2	953	1399	447	-1	0.635	11	GGA/GAG/AGG	NA	NA	NA	0	0	0	1	NA	NA	NA	NA	NA
JPYC01000262.1_3	2092	4293	2202	1	0.634	11	AGGAG	GENOMAD.086843.PP	0.0	1059	0	0	0	1	NA	NA	NA	NA	NA
JPYC01000262.1_4	4440	4532	93	-1	0.634	11	AGxAGG/AGGxGG	NA	NA	NA	0	0	0	1	NA	NA	NA	NA	NA
JPYC01000262.1_5	4737	4979	243	1	0.597	11	GGA/GAG/AGG	NA	NA	NA	0	0	0	1	NA	NA	NA	NA	NA
JPYC01000262.1_6	5115	6020	906	1	0.672	11	None	NA	NA	NA	0	0	0	1	NA	NA	NA	NA	NA
JPYC01000262.1_7	6052	6939	888	-1	0.669	11	GGAG/GAGG	GENOMAD.145601.CP	1.508e-31	128	0	0	0	1	NA	NA	NA	PF16913;K15269;COG2962;TIGR03340	Uncharacterized membrane protein RarD, contains two EamA domains
JPYC01000262.1_8	7110	8102	993	1	0.670	11	None	NA	NA	NA	0	0	0	1	NA	NA	NA	NA	NA
JPYC01000262.1_9	8416	8730	315	1	0.632	11	None	NA	NA	NA	0	0	0	1	NA	NA	NA	NA	NA
JPYC01000262.1_10	8764	10182	1419	1	0.667	11	AGGA	GENOMAD.213001.PC	6.443e-213	663	0	0	0	1	NA	NA	NA	PF11066	NA
JPYC01000262.1_11	10259	10552	294	1	0.626	11	AGGA	NA	NA	NA	0	0	0	1	NA	NA	NA	NA	NA
JPYC01000262.1_12	10749	11552	804	-1	0.692	11	GGAG/GAGG	GENOMAD.016394.CC	1.034e-114	368	0	0	0	1	NA	NA	NA	NA	NA
JPYC01000262.1_13	11549	11905	357	-1	0.633	11	AGGAG	NA	NA	NA	0	0	0	1	NA	NA	NA	NA	NA
JPYC01000262.1_14	12289	14094	1806	1	0.642	11	AGGA	GENOMAD.142795.CP	4.043e-95	327	0	0	0	1	NA	NA	NA	PF05960;COG4805	Bacterial protein of unknown function (DUF885)
JPYC01000262.1_15	14368	14682	315	-1	0.641	11	None	NA	NA	NA	0	0	0	1	NA	NA	NA	NA	NA
JPYC01000263.1_1	1	1998	1998	1	0.673	11	None	GENOMAD.008008.CC	3.575e-81	288	0	0	0	1	NA	NA	NA	COG1289	Uncharacterized membrane protein YccC
JPYC01000263.1_2	2130	3320	1191	-1	0.687	11	GGA/GAG/AGG	NA	NA	NA	0	0	0	1	NA	NA	NA	NA	NA
JPYC01000263.1_3	3418	4122	705	1	0.694	11	GGA/GAG/AGG	NA	NA	NA	0	0	0	1	NA	NA	NA	NA	NA
JPYC01000264.1_1	1	2103	2103	-1	0.646	11	GGAG/GAGG	GENOMAD.053052.VV	1.394e-16	87	0	0	0	1	NA	NA	NA	PF01431;K07386;COG3590	Predicted metalloendopeptidase
JPYC01000264.1_2	2509	4128	1620	1	0.653	11	GGxGG	NA	NA	NA	0	0	0	1	NA	NA	NA	NA	NA
JPYC01000264.1_3	4241	6562	2322	-1	0.586	11	3Base/5BMM	GENOMAD.125907.CP	2.395e-178	578	0	0	0	1	NA	NA	NA	PF14905;PF07715;TIGR01783;COG4771;K19611	TonB-dependent siderophore receptor
JPYC01000264.1_4	6673	7248	576	-1	0.644	11	None	NA	NA	NA	0	0	0	1	NA	NA	NA	NA	NA
JPYC01000264.1_5	7659	8975	1317	-1	0.617	11	None	NA	NA	NA	0	0	0	1	NA	NA	NA	NA	NA
JPYC01000265.1_1	2	670	669	-1	0.677	11	AGGA	NA	NA	NA	0	0	0	1	NA	NA	NA	NA	NA
JPYC01000265.1_2	706	1329	624	-1	0.667	11	None	NA	NA	NA	0	0	0	1	NA	NA	NA	NA	NA
JPYC01000265.1_3	1644	4499	2856	1	0.665	11	GGA/GAG/AGG	NA	NA	NA	0	0	0	1	NA	NA	NA	NA	NA
JPYC01000265.1_4	4614	4988	375	-1	0.605	11	GGAG/GAGG	NA	NA	NA	0	0	0	1	NA	NA	NA	NA	NA
JPYC01000265.1_5	5255	6772	1518	1	0.619	11	None	NA	NA	NA	0	0	0	1	NA	NA	NA	NA	NA
JPYC01000265.1_6	6759	6860	102	1	0.618	11	GGA/GAG/AGG	NA	NA	NA	0	0	0	1	NA	NA	NA	NA	NA
JPYC01000266.1_1	2	130	129	1	0.721	11	None	NA	NA	NA	0	0	0	1	NA	NA	NA	NA	NA
JPYC01000266.1_2	176	1798	1623	-1	0.677	11	AGGAG	GENOMAD.178810.CP	7.341e-32	135	0	0	0	1	NA	NA	NA	PF19465;PF00135;K01753;TIGR02035;COG3048	D-serine ammonia-lyase
JPYC01000266.1_3	1795	2577	783	-1	0.682	11	None	NA	NA	NA	0	0	0	1	NA	NA	NA	NA	NA
JPYC01000267.1_1	1	141	141	-1	0.624	11	None	NA	NA	NA	0	0	0	1	NA	NA	NA	NA	NA
JPYC01000267.1_2	152	1504	1353	-1	0.708	11	GGA/GAG/AGG	NA	NA	NA	0	0	0	1	NA	NA	NA	NA	NA
JPYC01000267.1_3	1862	2425	564	-1	0.679	11	GGAG/GAGG	GENOMAD.170300.PC	1.154e-39	147	0	0	0	1	NA	NA	NA	PF00775;K00448;TIGR02423;COG3485	protocatechuate 3,4-dioxygenase, alpha subunit
JPYC01000267.1_4	2430	3164	735	-1	0.663	11	GGAG/GAGG	GENOMAD.170300.PC	9.215e-07	52	0	0	0	1	NA	NA	NA	PF00775;K00448;TIGR02423;COG3485	protocatechuate 3,4-dioxygenase, alpha subunit
JPYC01000267.1_5	3243	4451	1209	-1	0.694	11	GGAG/GAGG	NA	NA	NA	0	0	0	1	NA	NA	NA	NA	NA
JPYC01000267.1_6	4448	5236	789	-1	0.687	11	AGxAGG/AGGxGG	GENOMAD.160445.CP	5.367e-56	198	0	0	0	1	NA	NA	NA	PF13336;K01040;COG2057;TIGR02428	Acyl CoA:acetate/3-ketoacid CoA transferase, beta subunit
JPYC01000267.1_7	5233	6096	864	-1	0.646	11	GGA/GAG/AGG	GENOMAD.159319.CP	1.204e-157	493	0	0	0	1	NA	NA	NA	PF01144;K01039;COG4670;TIGR02429	Acyl CoA:acetate/3-ketoacid CoA transferase
JPYC01000267.1_8	6348	7424	1077	1	0.650	11	AGGAG	GENOMAD.178979.PC	5.781e-59	211	0	0	0	1	NA	NA	NA	PF19112	Vanillate O-demethylase oxygenase C-terminal domain
JPYC01000267.1_9	7525	8508	984	1	0.673	11	GGAG/GAGG	NA	NA	NA	0	0	0	1	NA	NA	NA	NA	NA
JPYC01000267.1_10	8851	9678	828	1	0.665	11	None	NA	NA	NA	0	0	0	1	NA	NA	NA	NA	NA
JPYC01000267.1_11	9902	11401	1500	1	0.678	11	GGAGG	NA	NA	NA	0	0	0	1	NA	NA	NA	NA	NA
JPYC01000268.1_1	1	831	831	-1	0.670	11	None	NA	NA	NA	0	0	0	1	NA	NA	NA	NA	NA
JPYC01000269.1_1	1	678	678	-1	0.634	11	GGAG/GAGG	GENOMAD.130354.CP	5.623e-26	109	0	0	0	1	NA	NA	NA	PF14905;PF07715;K16088;COG4773;TIGR01776	Outer membrane receptor for ferric coprogen and ferric-rhodotorulic acid
JPYC01000269.1_2	1398	3398	2001	-1	0.648	11	None	NA	NA	NA	0	0	0	1	NA	NA	NA	NA	NA
JPYC01000269.1_3	3604	4884	1281	-1	0.643	11	GGA/GAG/AGG	NA	NA	NA	0	0	0	1	NA	NA	NA	NA	NA
JPYC01000027.1_1	3	122	120	1	0.725	11	None	NA	NA	NA	0	0	0	1	NA	NA	NA	NA	NA
JPYC01000027.1_2	498	3170	2673	1	0.646	11	AGGA	NA	NA	NA	0	0	0	1	NA	NA	NA	NA	NA
JPYC01000027.1_3	3427	3579	153	-1	0.614	11	None	NA	NA	NA	0	0	0	1	NA	NA	NA	NA	NA
JPYC01000027.1_4	3893	4606	714	-1	0.676	11	GGAG/GAGG	NA	NA	NA	0	0	0	1	NA	NA	NA	NA	NA
JPYC01000027.1_5	4678	5268	591	1	0.717	11	GGA/GAG/AGG	GENOMAD.141836.CP	3.451e-18	85	0	0	0	1	NA	NA	NA	PF16925;PF13022;PF00083;K19335;TIGR03384;COG3226	transcriptional repressor BetI
JPYC01000027.1_6	5629	6675	1047	1	0.609	11	None	NA	NA	NA	0	0	0	1	NA	NA	NA	NA	NA
JPYC01000270.1_1	3	461	459	-1	0.749	11	GGA/GAG/AGG	NA	NA	NA	0	0	0	1	NA	NA	NA	NA	NA
JPYC01000270.1_2	664	4344	3681	-1	0.698	11	None	NA	NA	NA	0	0	0	1	NA	NA	NA	NA	NA
JPYC01000271.1_1	2	298	297	1	0.707	11	None	NA	NA	NA	0	0	0	1	NA	NA	NA	NA	NA
JPYC01000271.1_2	295	360	66	1	0.697	11	None	NA	NA	NA	0	0	0	1	NA	NA	NA	NA	NA
JPYC01000272.1_1	97	1149	1053	-1	0.660	11	AGGA	NA	NA	NA	0	0	0	1	NA	NA	NA	NA	NA
JPYC01000272.1_2	1212	2099	888	-1	0.678	11	None	NA	NA	NA	0	0	0	1	NA	NA	NA	NA	NA
JPYC01000272.1_3	2096	2308	213	-1	0.662	11	None	GENOMAD.001157.CC	1.838e-30	114	0	0	0	1	NA	NA	NA	COG2835	Uncharacterized conserved protein YbaR, Trm112 family
JPYC01000273.1_1	344	967	624	1	0.643	11	GGA/GAG/AGG	GENOMAD.167222.CP	5.067e-30	120	0	0	0	1	NA	NA	NA	PF05736;K07275;COG3047;TIGR04565	Outer membrane protein W
JPYC01000273.1_2	1085	1699	615	1	0.631	11	None	GENOMAD.167534.CP	2.263e-15	77	0	0	0	1	NA	NA	NA	PF16961;K07275;COG3047;TIGR04565	Outer membrane protein W
JPYC01000274.1_1	317	1882	1566	-1	0.655	11	None	NA	NA	NA	0	0	0	1	NA	NA	NA	NA	NA
JPYC01000275.1_1	1	570	570	-1	0.661	11	None	GENOMAD.193021.PC	5.958e-19	87	0	0	0	1	NA	NA	NA	NA	NA
JPYC01000275.1_2	646	1398	753	-1	0.733	11	AGGAG	GENOMAD.193021.PC	2.732e-23	102	0	0	0	1	NA	NA	NA	NA	NA
JPYC01000275.1_3	1589	2932	1344	-1	0.685	11	GGAG/GAGG	NA	NA	NA	0	0	0	1	NA	NA	NA	NA	NA
JPYC01000275.1_4	2917	4359	1443	-1	0.689	11	GGA/GAG/AGG	NA	NA	NA	0	0	0	1	NA	NA	NA	NA	NA
JPYC01000275.1_5	4409	6136	1728	-1	0.637	11	GGAG/GAGG	NA	NA	NA	0	0	0	1	NA	NA	NA	NA	NA
JPYC01000275.1_6	6494	7090	597	1	0.595	11	GGA/GAG/AGG	GENOMAD.206109.CP	1.182e-96	312	0	0	0	1	NA	NA	NA	PF06316;TIGR04273	sulfation-dependent quorum factor, Ax21 family
JPYC01000275.1_7	7555	8580	1026	-1	0.677	11	None	NA	NA	NA	0	0	0	1	NA	NA	NA	NA	NA
JPYC01000275.1_8	8596	9108	513	-1	0.635	11	GGAG/GAGG	NA	NA	NA	0	0	0	1	NA	NA	NA	NA	NA
JPYC01000275.1_9	9218	9652	435	-1	0.653	11	None	NA	NA	NA	0	0	0	1	NA	NA	NA	NA	NA
JPYC01000275.1_10	9728	10150	423	-1	0.676	11	GGA/GAG/AGG	GENOMAD.030230.CC	1.981e-46	164	0	0	0	1	NA	NA	NA	PF12870	NA
JPYC01000275.1_11	10179	10721	543	-1	0.656	11	None	GENOMAD.169209.CP	1.93e-39	146	0	0	0	1	NA	NA	NA	PF09500;TIGR02447;COG2050;K02614	thioesterase domain, putative
JPYC01000275.1_12	10974	11453	480	-1	0.625	11	None	NA	NA	NA	0	0	0	1	NA	NA	NA	NA	NA
JPYC01000276.1_1	2	1165	1164	-1	0.722	11	GGA/GAG/AGG	NA	NA	NA	0	0	0	1	NA	NA	NA	NA	NA
JPYC01000276.1_2	1632	2747	1116	-1	0.663	11	None	NA	NA	NA	0	0	0	1	NA	NA	NA	NA	NA
JPYC01000276.1_3	2899	4449	1551	-1	0.671	11	GGA/GAG/AGG	NA	NA	NA	0	0	0	1	NA	NA	NA	NA	NA
JPYC01000276.1_4	4577	5890	1314	-1	0.686	11	GGA/GAG/AGG	NA	NA	NA	0	0	0	1	NA	NA	NA	NA	NA
JPYC01000276.1_5	6256	6501	246	-1	0.695	11	None	NA	NA	NA	0	0	0	1	NA	NA	NA	NA	NA
JPYC01000277.1_1	2	484	483	-1	0.700	11	GGA/GAG/AGG	GENOMAD.192368.CP	7.591e-13	68	0	0	0	1	NA	NA	NA	PF01126;K07215;COG3230;TIGR04305	Heme oxygenase
JPYC01000277.1_2	584	1849	1266	-1	0.684	11	None	GENOMAD.151083.CP	0.0001065	47	0	0	0	1	NA	NA	NF012174	PF06963;K08153;TIGR00897;COG2223	polyol permease family
JPYC01000277.1_3	2132	3307	1176	-1	0.706	11	None	GENOMAD.102032.CP	1.236e-47	179	0	0	0	1	NA	NA	NA	PF01263;K01792;COG0676;TIGR02636	D-hexose-6-phosphate mutarotase
JPYC01000278.1_1	63	1355	1293	-1	0.716	11	GGAG/GAGG	GENOMAD.021519.CC	2.736e-56	206	0	0	0	1	NA	NA	NA	NA	NA
JPYC01000278.1_2	1352	1807	456	-1	0.669	11	GGA/GAG/AGG	GENOMAD.179230.CP	2.343e-66	222	0	0	0	1	NA	NA	NA	PF16789;TIGR02473;COG2882;K02413	flagellar export protein FliJ
JPYC01000278.1_3	1811	3187	1377	-1	0.706	11	GGAG/GAGG	NA	NA	NA	0	0	0	1	NA	NA	NA	NA	NA
JPYC01000278.1_4	3184	3804	621	-1	0.712	11	GGAGG	GENOMAD.140316.CP	4.349e-86	282	0	0	0	1	NA	NA	NA	PF06635;COG1317;TIGR03825	Flagellar biosynthesis/type III secretory pathway protein FliH
JPYC01000279.1_1	3	1181	1179	1	0.668	11	None	NA	NA	NA	0	0	0	1	NA	NA	NA	NA	NA
JPYC01000279.1_2	1174	1683	510	1	0.659	11	None	NA	NA	NA	0	0	0	1	NA	NA	NA	NA	NA
JPYC01000279.1_3	1680	2510	831	1	0.615	11	GGxGG	GENOMAD.171038.PC	1.095e-14	77	0	0	0	1	NA	NA	NA	PF01311;COG1684;TIGR01400;K22509	Flagellar biosynthesis protein FliR
JPYC01000279.1_4	2592	4415	1824	1	0.642	11	GGAG/GAGG	GENOMAD.181251.PC	1.515e-18	93	0	0	0	1	NA	NA	NA	PF00263;PF03958;K22504;TIGR02516;COG1450	type III secretion outer membrane pore, YscC/HrcC family
JPYC01000028.1_1	1	2736	2736	-1	0.632	11	None	NA	NA	NA	0	0	0	1	NA	NA	NA	NA	NA
JPYC01000028.1_2	2893	3744	852	-1	0.673	11	GGA/GAG/AGG	GENOMAD.205988.VC	0.0004537	44	0	0	0	1	NA	NA	NA	PF01333;COG2190	Apocytochrome F, C-terminal
JPYC01000028.1_3	3835	4281	447	1	0.635	11	None	GENOMAD.013259.CC	3.392e-69	230	0	0	0	1	NA	NA	NA	PF05258;COG4701	Dna[CI] antecedent, DciA
JPYC01000028.1_4	4467	5378	912	-1	0.625	11	None	GENOMAD.075985.CV	0.0001228	46	0	0	0	1	NA	NA	NA	PF03331;TIGR00325;COG0774;K02535	UDP-3-O-acyl N-acetylglycosamine deacetylase
JPYC01000028.1_5	5613	6851	1239	-1	0.667	11	GGAG/GAGG	NA	NA	NA	0	0	0	1	NA	NA	NA	NA	NA
JPYC01000028.1_6	7165	8400	1236	-1	0.650	11	None	GENOMAD.000049.CC	9.911e-91	306	0	0	0	1	NA	NA	NA	PF08841;TIGR01174;COG0849;K02662	cell division protein FtsA
JPYC01000028.1_7	8397	9224	828	-1	0.659	11	GGAG/GAGG	GENOMAD.000779.CC	1.286e-133	423	0	0	0	1	NA	NA	NA	PF03799;PF08478;COG1589;K03589	Cell division septal protein FtsQ
JPYC01000028.1_8	9349	10305	957	-1	0.659	11	GGAG/GAGG	NA	NA	NA	0	0	0	1	NA	NA	NA	NA	NA
JPYC01000028.1_9	10302	10889	588	-1	0.682	11	None	GENOMAD.091903.CP	5.09e-79	261	0	0	0	1	NA	NA	NA	PF02875	Mur ligase family, glutamate ligase domain
JPYC01000280.1_1	69	1439	1371	-1	0.681	11	GGAG/GAGG	GENOMAD.005842.CC	1.222e-17	89	0	0	0	1	NA	NA	NA	PF02789;COG0260	Cytosol aminopeptidase family, N-terminal domain
JPYC01000280.1_2	1481	2218	738	-1	0.667	11	None	GENOMAD.154445.CP	2.38e-23	102	0	0	0	1	NA	NA	NA	PF12689;K20862;TIGR01454;COG4359	3-amino-5-hydroxybenoic acid synthesis related protein
JPYC01000280.1_3	2319	3425	1107	-1	0.645	11	GGA/GAG/AGG	GENOMAD.118355.CP	2.43e-52	192	0	0	0	1	NA	NA	NA	COG0628	Predicted PurR-regulated permease PerM
JPYC01000280.1_4	4023	4406	384	-1	0.641	11	GGAG/GAGG	NA	NA	NA	0	0	0	1	NA	NA	NA	NA	NA
JPYC01000280.1_5	4403	4888	486	-1	0.658	11	None	NA	NA	NA	0	0	0	1	NA	NA	NA	NA	NA
JPYC01000280.1_6	4892	5254	363	-1	0.664	11	AGGAG	GENOMAD.055874.CC	3.948e-54	185	0	0	0	1	NA	NA	NA	PF19029	DUF883 C-terminal glycine zipper region
JPYC01000280.1_7	5371	6807	1437	-1	0.653	11	GGA/GAG/AGG	GENOMAD.137791.CP	7.664e-06	51	0	0	0	1	NA	NA	NA	PF19805;PF03190;PF17816;COG5233;TIGR03279;K05360	Peripheral Golgi membrane protein
JPYC01000280.1_8	7051	7902	852	1	0.654	11	AGGAGG	NA	NA	NA	0	0	0	1	NA	NA	NA	NA	NA
JPYC01000280.1_9	8181	8369	189	-1	0.598	11	None	GENOMAD.205595.PC	1.053e-24	97	0	0	0	1	NA	NA	NA	PF11769	NA
JPYC01000281.1_1	2	736	735	1	0.679	11	None	NA	NA	NA	0	0	0	1	NA	NA	NA	NA	NA
JPYC01000281.1_2	774	1703	930	-1	0.661	11	None	NA	NA	NA	0	0	0	1	NA	NA	NA	NA	NA
JPYC01000281.1_3	2267	5146	2880	-1	0.667	11	GGAG/GAGG	NA	NA	NA	0	0	0	1	NA	NA	NA	NA	NA
JPYC01000281.1_4	5404	7980	2577	1	0.675	11	None	NA	NA	NA	0	0	0	1	NA	NA	NA	NA	NA
JPYC01000281.1_5	8558	9280	723	-1	0.661	11	None	GENOMAD.146534.CP	3.527e-05	47	0	0	0	1	NA	NA	NA	PF00015	Methyl-accepting chemotaxis protein (MCP) signalling domain
JPYC01000282.1_1	3	458	456	-1	0.656	11	None	NA	NA	NA	0	0	0	1	NA	NA	NA	NA	NA
JPYC01000282.1_2	657	1082	426	-1	0.678	11	None	GENOMAD.001478.CC	7.436e-74	243	0	0	0	1	NA	NA	NA	PF04364;COG2927;K02339	DNA polymerase III chi subunit, HolC
JPYC01000282.1_3	1082	1453	372	-1	0.685	11	GGA/GAG/AGG	NA	NA	NA	0	0	0	1	NA	NA	NA	NA	NA
JPYC01000282.1_4	1453	2925	1473	-1	0.690	11	GGA/GAG/AGG	NA	NA	NA	0	0	0	1	NA	NA	NA	NA	NA
JPYC01000282.1_5	3033	4115	1083	1	0.670	11	None	GENOMAD.099678.CP	4.145e-52	191	0	0	0	1	NA	NA	NA	K07091;COG0795	Lipopolysaccharide export LptBFGC system, permease protein LptF
JPYC01000282.1_6	4112	5218	1107	1	0.650	11	GGxGG	GENOMAD.074903.CP	7.607e-60	214	0	0	0	1	NA	NA	NA	PF03739;K11720;COG0795	Lipopolysaccharide export system permease LptF/LptG
JPYC01000282.1_7	5223	5522	300	1	0.600	11	None	NA	NA	NA	0	0	0	1	NA	NA	NA	NA	NA
JPYC01000282.1_8	5633	6100	468	-1	0.686	11	None	GENOMAD.148481.CP	1.674e-88	286	0	0	0	1	NA	NA	NA	PF06271;COG1714	Uncharacterized membrane protein YckC, RDD family
JPYC01000282.1_9	6336	7142	807	1	0.688	11	None	NA	NA	NA	0	0	0	1	NA	NA	NA	NA	NA
JPYC01000283.1_1	281	892	612	-1	0.623	11	GGA/GAG/AGG	GENOMAD.215702.CP	1.557e-22	98	0	0	0	1	NA	NA	NA	PF08000;PF09851	Bacterial PH domain; Short C-terminal domain
JPYC01000283.1_2	1077	1877	801	-1	0.627	11	AGGA	NA	NA	NA	0	0	0	1	NA	NA	NA	NA	NA
JPYC01000283.1_3	2439	2705	267	1	0.682	11	GGAG/GAGG	GENOMAD.161349.CP	1.233e-05	44	0	0	0	1	NA	NA	NA	PF04655;COG3570;K08884;TIGR02721	Aminoglycoside/hydroxyurea antibiotic resistance kinase
JPYC01000284.1_1	355	888	534	-1	0.661	11	AGGA	NA	NA	NA	0	0	0	1	NA	NA	NA	NA	NA
JPYC01000284.1_2	1212	1526	315	-1	0.679	11	None	NA	NA	NA	0	0	0	1	NA	NA	NA	NA	NA
JPYC01000285.1_1	3	92	90	-1	0.600	11	None	NA	NA	NA	0	0	0	1	NA	NA	NA	NA	NA
JPYC01000286.1_1	3	671	669	1	0.622	11	None	NA	NA	NA	0	0	0	1	NA	NA	NA	NA	NA
JPYC01000287.1_1	2	220	219	1	0.630	11	None	NA	NA	NA	0	0	0	1	NA	NA	NA	NA	NA
JPYC01000288.1_1	1	1110	1110	-1	0.677	11	GGA/GAG/AGG	NA	NA	NA	0	0	0	1	NA	NA	NA	NA	NA
JPYC01000288.1_2	1154	2155	1002	-1	0.628	11	AGGA	NA	NA	NA	0	0	0	1	NA	NA	NA	NA	NA
JPYC01000288.1_3	2807	4516	1710	1	0.661	11	GGA/GAG/AGG	NA	NA	NA	0	0	0	1	NA	NA	NA	NA	NA
JPYC01000288.1_4	4595	6433	1839	1	0.694	11	AGGAG	NA	NA	NA	0	0	0	1	NA	NA	NA	NA	NA
JPYC01000288.1_5	6697	9186	2490	-1	0.606	11	None	NA	NA	NA	0	0	0	1	NA	NA	NA	NA	NA
JPYC01000289.1_1	1	201	201	1	0.607	11	None	NA	NA	NA	0	0	0	1	NA	NA	NA	NA	NA
JPYC01000289.1_2	419	1624	1206	-1	0.656	11	AGGAG	NA	NA	NA	0	0	0	1	NA	NA	NA	NA	NA
JPYC01000289.1_3	2066	3478	1413	-1	0.691	11	AGGAG/GGAGG	GENOMAD.009539.CC	0.0001259	47	0	0	0	1	NA	NA	NA	NA	NA
JPYC01000289.1_4	3475	4623	1149	-1	0.668	11	None	NA	NA	NA	0	0	0	1	NA	NA	NA	NA	NA
JPYC01000029.1_1	2	892	891	-1	0.635	11	None	GENOMAD.027063.CC	5.019e-53	191	0	0	0	1	NA	NA	NA	NA	NA
JPYC01000029.1_2	1077	1775	699	-1	0.635	11	GGA/GAG/AGG	NA	NA	NA	0	0	0	1	NA	NA	NA	NA	NA
JPYC01000029.1_3	1778	2344	567	-1	0.621	11	GGA/GAG/AGG	NA	NA	NA	0	0	0	1	NA	NA	NA	NA	NA
JPYC01000029.1_4	2380	3033	654	-1	0.627	11	None	GENOMAD.004524.CC	0.0001185	45	0	0	0	1	NA	NA	NA	PF00596;K03077;COG3347;TIGR01086	Rhamnose utilisation protein RhaD, predicted bifunctional aldolase and dehydrogenase
JPYC01000029.1_5	3123	4553	1431	-1	0.659	11	GGA/GAG/AGG	GENOMAD.151588.CP	3.82e-19	94	0	0	0	1	NA	NA	NA	PF13520;TIGR00906;K03294;COG1113	cationic amino acid transport permease
JPYC01000029.1_6	4630	6102	1473	-1	0.648	11	GGA/GAG/AGG	GENOMAD.151588.CP	9.955e-20	96	0	0	0	1	NA	NA	NA	PF13520;TIGR00906;K03294;COG1113	cationic amino acid transport permease
JPYC01000029.1_7	6285	6836	552	1	0.665	11	GGA/GAG/AGG	NA	NA	NA	0	0	0	1	NA	NA	NA	NA	NA
JPYC01000029.1_8	6985	8226	1242	-1	0.646	11	None	NA	NA	NA	0	0	0	1	NA	NA	NA	NA	NA
JPYC01000029.1_9	8434	9852	1419	1	0.642	11	None	NA	NA	NA	0	0	0	1	NA	NA	NA	NA	NA
JPYC01000029.1_10	9887	10186	300	1	0.690	11	GGA/GAG/AGG	NA	NA	NA	0	0	0	1	NA	NA	NA	NA	NA
JPYC01000029.1_11	10183	12042	1860	1	0.673	11	None	GENOMAD.044132.CC	4.781e-281	868	0	0	0	1	NA	NA	NA	NA	NA
JPYC01000029.1_12	12263	12649	387	-1	0.651	11	None	NA	NA	NA	0	0	0	1	NA	NA	NA	NA	NA
JPYC01000029.1_13	12649	13215	567	-1	0.617	11	None	GENOMAD.105354.CP	4.932e-21	93	1	0	0	1	NA	NA	NA	PF09285;PF01132;PF08207;K02356;TIGR02178;COG0231	elongation factor P-like protein YeiP
JPYC01000029.1_14	13316	14086	771	-1	0.672	11	GGA/GAG/AGG	NA	NA	NA	0	0	0	1	NA	NA	NA	NA	NA
JPYC01000029.1_15	14224	15120	897	-1	0.679	11	None	NA	NA	NA	0	0	0	1	NA	NA	NA	NA	NA
JPYC01000029.1_16	15227	15616	390	-1	0.705	11	GGAG/GAGG	NA	NA	NA	0	0	0	1	NA	NA	NA	NA	NA
JPYC01000029.1_17	15613	16191	579	-1	0.687	11	None	NA	NA	NA	0	0	0	1	NA	NA	NA	NA	NA
JPYC01000290.1_1	3	167	165	1	0.648	11	None	NA	NA	NA	0	0	0	1	NA	NA	NA	NA	NA
JPYC01000290.1_2	211	1017	807	1	0.698	11	GGA/GAG/AGG	GENOMAD.116415.CP	4.63e-39	149	0	0	0	1	NA	NA	NA	PF00290;K01695;TIGR00262;COG0159	tryptophan synthase, alpha subunit
JPYC01000290.1_3	1287	2192	906	1	0.659	11	GGA/GAG/AGG	GENOMAD.121654.CP	6.224e-63	220	0	0	0	1246	Caudoviricetes	NA	NA	PF01343;K01258;COG1024;TIGR03210	Peptidase family S49
JPYC01000290.1_4	2189	3538	1350	1	0.671	11	None	NA	NA	NA	0	0	0	1	NA	NA	NA	NA	NA
JPYC01000290.1_5	3661	4599	939	1	0.637	11	None	NA	NA	NA	0	0	0	1	NA	NA	NA	NA	NA
JPYC01000290.1_6	4790	5473	684	1	0.677	11	GGxGG	GENOMAD.161375.CP	1.583e-34	134	0	0	0	1	NA	NA	NA	PF00127;TIGR02657;COG3794	amicyanin
JPYC01000290.1_7	5470	7836	2367	1	0.657	11	None	NA	NA	NA	0	0	0	1	NA	NA	NA	NA	NA
JPYC01000290.1_8	7833	8705	873	1	0.663	11	AGGAG	GENOMAD.183758.CP	1.067e-89	297	0	0	0	1	NA	NA	NA	PF11231	Exopolysaccharide biosynthesis protein YbjH
JPYC01000290.1_9	8705	9133	429	1	0.641	11	GGA/GAG/AGG	GENOMAD.166316.CP	9.413e-22	93	0	0	0	1	NA	NA	NA	PF01152;K06886;COG2346	Truncated hemoglobin YjbI
JPYC01000290.1_10	9190	10128	939	-1	0.514	11	None	NA	NA	NA	0	0	0	1	NA	NA	NA	NA	NA
JPYC01000290.1_11	10679	11479	801	-1	0.683	11	AGGA	NA	NA	NA	0	0	0	1	NA	NA	NA	NA	NA
JPYC01000290.1_12	11592	12347	756	1	0.663	11	AGGA/GGAG/GAGG	NA	NA	NA	0	0	0	1	NA	NA	NA	NA	NA
JPYC01000290.1_13	12381	12854	474	1	0.677	11	GGA/GAG/AGG	GENOMAD.000166.CC	1.826e-08	55	0	0	0	1	NA	NA	NA	PF03840;K03075;COG1314;TIGR00810	Preprotein translocase subunit SecG
JPYC01000290.1_14	13046	13447	402	1	0.587	11	None	GENOMAD.000945.CC	1.029e-06	49	0	0	0	1	NA	NA	NA	PF00507;K22158;COG0838	NADH:ubiquinone oxidoreductase subunit 3 (chain A)
JPYC01000290.1_15	13438	13992	555	1	0.645	11	GGAG/GAGG	NA	NA	NA	0	0	0	1	NA	NA	NA	NA	NA
JPYC01000290.1_16	14029	14781	753	1	0.651	11	None	NA	NA	NA	0	0	0	1	NA	NA	NA	NA	NA
JPYC01000290.1_17	14778	16085	1308	1	0.608	11	GGAG/GAGG	NA	NA	NA	0	0	0	1	NA	NA	NA	NA	NA
JPYC01000290.1_18	16082	16609	528	1	0.621	11	GGAG/GAGG	NA	NA	NA	0	0	0	1	NA	NA	NA	NA	NA
JPYC01000290.1_19	16613	17947	1335	1	0.631	11	GGAG/GAGG	NA	NA	NA	0	0	0	1	NA	NA	NA	NA	NA
JPYC01000290.1_20	17944	18708	765	1	0.635	11	GGAG/GAGG	GENOMAD.115103.CP	2.566e-28	117	0	0	0	1	NA	NA	NA	PF13484;TIGR02512;COG1141;K12136	 hydrogenase, group A
JPYC01000291.1_1	387	2153	1767	-1	0.661	11	GGAG/GAGG	GENOMAD.103290.CV	8.254e-16	84	0	0	0	1246	Caudoviricetes	NA	NA	PF02938	GAD domain
JPYC01000291.1_2	2311	3123	813	1	0.712	11	AGGA	GENOMAD.207981.CP	2.128e-23	103	0	0	0	1	NA	NA	NA	PF11218	NA
JPYC01000291.1_3	3564	3857	294	-1	0.667	11	None	GENOMAD.129440.VC	2.14e-18	81	0	0	0	1246	Caudoviricetes	NA	NA	PF13397;COG2331;TIGR02605	Predicted nucleic acid-binding protein, contains Zn-ribbon domain
JPYC01000291.1_4	4331	5569	1239	1	0.659	11	GGAG/GAGG	GENOMAD.147262.CP	5.374e-89	301	0	0	0	1	NA	NA	NA	COG2223	Nitrate/nitrite transporter NarK
JPYC01000291.1_5	6033	8429	2397	1	0.644	11	GGA/GAG/AGG	GENOMAD.148078.PC	0.0	1294	0	0	0	1	NA	NA	NA	PF14905;PF07715;K16091;TIGR01776;COG4772	TonB-dependent lactoferrin and transferrin receptors
JPYC01000291.1_6	8504	9616	1113	1	0.680	11	GGA/GAG/AGG	NA	NA	NA	0	0	0	1	NA	NA	NA	NA	NA
JPYC01000292.1_1	39	3281	3243	-1	0.669	11	None	GENOMAD.142301.CP	2.453e-98	351	0	0	0	1	NA	NA	NA	PF00474;PF05763;K14392;COG0591	Na+/proline symporter
JPYC01000293.1_1	2	196	195	1	0.682	11	None	NA	NA	NA	0	0	0	1	NA	NA	NA	NA	NA
JPYC01000293.1_2	374	1852	1479	-1	0.656	11	AGxAG	NA	NA	NA	0	0	0	1	NA	NA	NA	NA	NA
JPYC01000293.1_3	2056	3525	1470	-1	0.667	11	AGGAG	NA	NA	NA	0	0	0	1	NA	NA	NA	NA	NA
JPYC01000293.1_4	3609	4436	828	-1	0.638	11	AGGAG	NA	NA	NA	0	0	0	1	NA	NA	NA	NA	NA
JPYC01000293.1_5	4482	4634	153	-1	0.712	11	None	NA	NA	NA	0	0	0	1	NA	NA	NA	NA	NA
JPYC01000294.1_1	1	654	654	1	0.628	11	None	GENOMAD.118517.CP	1.102e-72	244	0	0	0	1246	Caudoviricetes	NA	NA	PF01148;COG4589	Cytidylyltransferase family
JPYC01000295.1_1	3	593	591	-1	0.709	11	None	NA	NA	NA	0	0	0	1	NA	NA	NA	NA	NA
JPYC01000295.1_2	897	1337	441	1	0.628	11	GGA/GAG/AGG	GENOMAD.167948.CP	1.099e-21	93	0	0	0	1	NA	NA	NA	PF08327;COG3832;K09386	Activator of Hsp90 ATPase homolog 1-like protein
JPYC01000295.1_3	1638	1949	312	-1	0.692	11	None	NA	NA	NA	0	0	0	1	NA	NA	NA	NA	NA
JPYC01000295.1_4	1946	2803	858	-1	0.677	11	None	GENOMAD.189937.PC	0.00046	44	0	0	0	1	NA	NA	NA	NA	NA
JPYC01000296.1_1	3	269	267	1	0.667	11	None	NA	NA	NA	0	0	0	1	NA	NA	NA	NA	NA
JPYC01000297.1_1	1	450	450	1	0.644	11	None	NA	NA	NA	0	0	0	1	NA	NA	NA	NA	NA
JPYC01000297.1_2	447	935	489	1	0.661	11	None	GENOMAD.195023.CP	2.152e-07	52	0	0	0	1	NA	NA	NA	PF13527;K03826;COG3818;TIGR01575	Predicted acetyltransferase, GNAT superfamily
JPYC01000297.1_3	928	1842	915	1	0.683	11	GGAG/GAGG	NA	NA	NA	0	0	0	1	NA	NA	NA	NA	NA
JPYC01000298.1_1	2	1714	1713	1	0.712	11	None	NA	NA	NA	0	0	0	1	NA	NA	NA	NA	NA
JPYC01000298.1_2	1711	2667	957	1	0.717	11	GGAG/GAGG	NA	NA	NA	0	0	0	1	NA	NA	NA	NA	NA
JPYC01000298.1_3	2821	3228	408	1	0.713	11	AGGAG	NA	NA	NA	0	0	0	1	NA	NA	NA	NA	NA
JPYC01000299.1_1	2	868	867	1	0.649	11	None	NA	NA	NA	0	0	0	1	NA	NA	NA	NA	NA
JPYC01000299.1_2	1214	1780	567	-1	0.695	11	None	NA	NA	NA	0	0	0	1	NA	NA	NA	NA	NA
JPYC01000003.1_1	64	834	771	1	0.563	11	AGxAG	NA	NA	NA	0	0	0	1	NA	NA	NA	NA	NA
JPYC01000030.1_1	2	586	585	1	0.665	11	None	NA	NA	NA	0	0	0	1	NA	NA	NA	NA	NA
JPYC01000300.1_1	3	902	900	-1	0.644	11	GGA/GAG/AGG	NA	NA	NA	0	0	0	1	NA	NA	NA	NA	NA
JPYC01000300.1_2	1027	1977	951	-1	0.638	11	GGA/GAG/AGG	GENOMAD.115187.CP	1.333e-25	111	0	0	0	1	NA	NA	NA	PF02774;PF01118;K05829;TIGR01850;COG0002	N-acetyl-gamma-glutamyl-phosphate reductase, common form
JPYC01000300.1_3	1974	2531	558	-1	0.663	11	None	NA	NA	NA	0	0	0	1	NA	NA	NA	NA	NA
JPYC01000301.1_1	1	249	249	-1	0.647	11	None	NA	NA	NA	0	0	0	1	NA	NA	NA	NA	NA
JPYC01000302.1_1	1	651	651	1	0.697	11	None	GENOMAD.138019.CP	3.246e-94	306	0	0	0	1	NA	NA	NA	PF00266;TIGR01814;COG3844;K11325	kynureninase
JPYC01000302.1_2	823	2190	1368	1	0.667	11	GGA/GAG/AGG	GENOMAD.169108.CP	4.407e-30	128	0	0	0	1	NA	NA	NA	NA	NA
JPYC01000302.1_3	2449	3894	1446	1	0.650	11	GGA/GAG/AGG	GENOMAD.167110.CP	1.272e-88	303	0	0	0	1246	Caudoviricetes	NA	NA	PF08411	Exonuclease C-terminal
JPYC01000302.1_4	3891	4577	687	1	0.604	11	None	GENOMAD.112814.CP	3.382e-55	194	0	0	0	1	NA	NA	NA	PF09365;COG5587;TIGR02453	Uncharacterized conserved protein, DUF2461 family
JPYC01000302.1_5	4702	5268	567	1	0.677	11	GGA/GAG/AGG	NA	NA	NA	0	0	0	1	NA	NA	NA	NA	NA
JPYC01000302.1_6	5350	6315	966	-1	0.663	11	None	NA	NA	NA	0	0	0	1	NA	NA	NA	NA	NA
JPYC01000302.1_7	6483	7259	777	-1	0.667	11	GGAG/GAGG	NA	NA	NA	0	0	0	1	NA	NA	NA	NA	NA
JPYC01000302.1_8	7480	9615	2136	-1	0.673	11	None	NA	NA	NA	0	0	0	1	NA	NA	NA	NA	NA
JPYC01000302.1_9	9782	10147	366	-1	0.730	11	GGA/GAG/AGG	NA	NA	NA	0	0	0	1	NA	NA	NA	NA	NA
JPYC01000302.1_10	10593	11099	507	-1	0.696	11	None	GENOMAD.132266.CP	1.176e-05	47	0	0	0	1	NA	NA	NF000138	PF13527;K00619;COG3818;TIGR02382	Predicted acetyltransferase, GNAT superfamily
JPYC01000302.1_11	11140	11667	528	-1	0.691	11	None	NA	NA	NA	0	0	0	1	NA	NA	NA	NA	NA
JPYC01000302.1_12	11664	12155	492	-1	0.669	11	None	NA	NA	NA	0	0	0	1	NA	NA	NA	NA	NA
JPYC01000302.1_13	12179	12754	576	1	0.644	11	None	NA	NA	NA	0	0	0	1	NA	NA	NA	NA	NA
JPYC01000302.1_14	12973	13926	954	-1	0.673	11	None	GENOMAD.157843.CP	2.912e-27	116	0	0	0	1	NA	NA	NA	PF07920;COG3358;K09164	Uncharacterized conserved protein, DUF1684 family
JPYC01000302.1_15	14015	14587	573	-1	0.705	11	None	GENOMAD.127438.CP	1.309e-18	86	0	0	0	1	NA	NA	NA	PF00581;K01011;COG2897;TIGR03167	3-mercaptopyruvate sulfurtransferase SseA, contains two rhodanese domains
JPYC01000303.1_1	1	483	483	-1	0.638	11	GGAG/GAGG	NA	NA	NA	0	0	0	1	NA	NA	NA	NA	NA
JPYC01000303.1_2	483	1418	936	-1	0.605	11	GGA/GAG/AGG	GENOMAD.182403.PC	3.07e-05	48	0	0	0	1	NA	NA	NA	PF06481	COX Aromatic Rich Motif
JPYC01000303.1_3	1945	2895	951	-1	0.667	11	None	NA	NA	NA	0	0	0	1	NA	NA	NA	NA	NA
JPYC01000303.1_4	2962	3480	519	-1	0.644	11	None	GENOMAD.128855.CP	4.64e-25	104	0	0	0	1	NA	NA	NA	PF01252;COG0597;TIGR00077;K03101	Lipoprotein signal peptidase
JPYC01000303.1_5	3559	6339	2781	-1	0.667	11	GGA/GAG/AGG	NA	NA	NA	0	0	0	1	NA	NA	NA	NA	NA
JPYC01000303.1_6	6397	7449	1053	-1	0.659	11	GGA/GAG/AGG	NA	NA	NA	0	0	0	1	NA	NA	NA	NA	NA
JPYC01000303.1_7	7636	9228	1593	-1	0.650	11	GGA/GAG/AGG	GENOMAD.113193.CP	2.597e-40	161	0	0	0	1	NA	NA	NA	PF03023;K03980;TIGR01695;COG0728	murein biosynthesis integral membrane protein MurJ
JPYC01000303.1_8	9345	9614	270	1	0.626	11	AGGA	GENOMAD.000079.CC	2.303e-14	69	1	0	0	1	NA	NA	NA	PF01649;COG0268;TIGR00029	Ribosomal protein S20
JPYC01000303.1_9	9706	10773	1068	-1	0.650	11	None	NA	NA	NA	0	0	0	1	NA	NA	NA	NA	NA
JPYC01000303.1_10	11020	11280	261	-1	0.621	11	AGGAG	GENOMAD.080397.CV	2.647e-34	126	1	0	0	1246	Caudoviricetes	NA	NA	PF01016;COG0211;TIGR00062	Ribosomal protein L27
JPYC01000303.1_11	11293	11613	321	-1	0.607	11	AGGA	GENOMAD.080110.CV	3.114e-26	104	1	0	0	1	NA	NA	NA	PF00829;TIGR00061;K02888;COG0261	ribosomal protein L21
JPYC01000303.1_12	11906	14869	2964	1	0.647	11	GGA/GAG/AGG	NA	NA	NA	0	0	0	1	NA	NA	NA	NA	NA
JPYC01000303.1_13	14869	15273	405	1	0.622	11	GGA/GAG/AGG	GENOMAD.138033.CP	1.749e-28	112	0	0	0	1	NA	NA	NA	PF13279;K12500;TIGR02799;COG0824	tol-pal system-associated acyl-CoA thioesterase
JPYC01000303.1_14	15387	15857	471	-1	0.658	11	GGAGG	GENOMAD.151097.CP	1.429e-12	67	0	0	0	1	NA	NA	NA	PF04314;COG2847;K11081	Copper chaperone PCu(A)C
JPYC01000303.1_15	15881	16000	120	1	0.650	11	AGGAG	NA	NA	NA	0	0	0	1	NA	NA	NA	NA	NA
JPYC01000304.1_1	3	239	237	1	0.650	11	None	NA	NA	NA	0	0	0	1	NA	NA	NA	NA	NA
JPYC01000304.1_2	296	484	189	-1	0.741	11	None	NA	NA	NA	0	0	0	1	NA	NA	NA	NA	NA
JPYC01000304.1_3	611	721	111	-1	0.658	11	None	NA	NA	NA	0	0	0	1	NA	NA	NA	NA	NA
JPYC01000305.1_1	3	320	318	1	0.642	11	None	GENOMAD.213349.VC	2.295e-05	44	0	0	0	1	NA	NA	NA	PF00150;COG2730	Cellulase (glycosyl hydrolase family 5)
JPYC01000306.1_1	2	583	582	-1	0.622	11	GGAG/GAGG	GENOMAD.000156.CC	1.961e-36	138	0	0	0	1	NA	NA	NA	PF11104;TIGR01175;COG4972;K02662	type IV pilus assembly protein PilM
JPYC01000306.1_2	796	3222	2427	1	0.655	11	GGA/GAG/AGG	NA	NA	NA	0	0	0	1	NA	NA	NA	NA	NA
JPYC01000306.1_3	3531	4181	651	1	0.670	11	GGAG/GAGG	GENOMAD.004530.CC	8.439e-27	111	0	0	0	1	NA	NA	NA	PF14091;COG2413;K07073	Predicted nucleotidyltransferase
JPYC01000306.1_4	4429	5718	1290	-1	0.608	11	AGGAG	GENOMAD.123376.CP	7.419e-68	240	0	0	0	1	NA	NA	NA	PF00285;TIGR01798;COG0372;K01659	citrate synthase I (hexameric type)
JPYC01000306.1_5	5948	6190	243	-1	0.539	11	None	NA	NA	NA	0	0	0	1	NA	NA	NA	NA	NA
JPYC01000306.1_6	6262	7200	939	-1	0.677	11	None	NA	NA	NA	0	0	0	1	NA	NA	NA	NA	NA
JPYC01000306.1_7	7323	9476	2154	-1	0.678	11	None	NA	NA	NA	0	0	0	1	NA	NA	NA	NA	NA
JPYC01000306.1_8	9497	9877	381	-1	0.654	11	GGAG/GAGG	GENOMAD.150994.CP	4.04e-06	47	0	0	0	1	NA	NA	NA	PF01042;TIGR03610;COG0251;K09021	pyrimidine utilization protein C
JPYC01000306.1_9	9957	12128	2172	-1	0.649	11	None	NA	NA	NA	0	0	0	1	NA	NA	NA	NA	NA
JPYC01000306.1_10	12256	12555	300	-1	0.637	11	GGAG/GAGG	GENOMAD.093361.CV	3.28e-07	49	0	0	0	1	NA	NA	NA	PF01192;COG1758;TIGR00690;K03060	DNA-directed RNA polymerase, subunit K/omega
JPYC01000306.1_11	12816	13448	633	-1	0.664	11	None	NA	NA	NA	0	0	0	1	NA	NA	NA	NA	NA
JPYC01000307.1_1	3	410	408	-1	0.664	11	GGAGG	NA	NA	NA	0	0	0	1	NA	NA	NA	NA	NA
JPYC01000307.1_2	728	2809	2082	-1	0.650	11	GGAGG	NA	NA	NA	0	0	0	1	NA	NA	NA	NA	NA
JPYC01000307.1_3	3053	5239	2187	1	0.655	11	None	GENOMAD.140739.CP	8.329e-131	437	0	0	0	1	NA	NA	NA	PF07971;PF16561;COG3408	Glycogen debranching enzyme (alpha-1,6-glucosidase)
JPYC01000307.1_4	5236	6714	1479	1	0.633	11	GGAGG	GENOMAD.152654.CP	1.158e-07	57	0	0	0	1	NA	NA	NF012174	PF03825;K16211;TIGR00792;COG2211	sugar (Glycoside-Pentoside-Hexuronide) transporter
JPYC01000307.1_5	6714	8387	1674	1	0.624	11	GGAGG	NA	NA	NA	0	0	0	1	NA	NA	NA	NA	NA
JPYC01000307.1_6	8512	9633	1122	-1	0.662	11	None	NA	NA	NA	0	0	0	1	NA	NA	NA	NA	NA
JPYC01000307.1_7	9956	11860	1905	1	0.639	11	None	NA	NA	NA	0	0	0	1	NA	NA	NA	NA	NA
JPYC01000307.1_8	12008	12451	444	1	0.601	11	None	NA	NA	NA	0	0	0	1	NA	NA	NA	NA	NA
JPYC01000307.1_9	12698	12895	198	1	0.606	11	AGGA	GENOMAD.099705.CV	6.83e-09	52	1	0	0	1	NA	NA	NA	PF01632;COG0291;TIGR00001	Ribosomal protein L35
JPYC01000307.1_10	12906	13265	360	1	0.608	11	GGAG/GAGG	GENOMAD.080218.CV	1.516e-39	143	1	0	0	1	NA	NA	NA	PF00453;TIGR01032;K02887;COG0292	ribosomal protein L20
JPYC01000307.1_11	13519	13809	291	1	0.667	11	GGAG/GAGG	NA	NA	NA	0	0	0	1	NA	NA	NA	NA	NA
JPYC01000308.1_1	131	757	627	1	0.624	11	AGGA/GGAG/GAGG	GENOMAD.153861.CP	3.278e-64	219	0	0	0	1	NA	NA	NA	PF01865;K07220;TIGR00153;COG1392	TIGR00153 family protein
JPYC01000308.1_2	767	1894	1128	1	0.653	11	GGAG/GAGG	NA	NA	NA	0	0	0	1	NA	NA	NA	NA	NA
JPYC01000308.1_3	2001	2762	762	1	0.650	11	GGA/GAG/AGG	GENOMAD.132426.CP	2.337e-07	54	0	0	0	1	NA	NA	NA	PF02698;COG1434	Uncharacterized SAM-binding protein YcdF, DUF218 family
JPYC01000308.1_4	2812	2955	144	-1	0.639	11	None	NA	NA	NA	0	0	0	1	NA	NA	NA	NA	NA
JPYC01000309.1_1	3	308	306	1	0.650	11	None	NA	NA	NA	0	0	0	1	NA	NA	NA	NA	NA
JPYC01000031.1_1	3	380	378	1	0.677	11	None	GENOMAD.159559.CP	7.743e-08	52	0	0	0	1	NA	NA	NA	PF09976;K08010;COG4455	Tetratricopeptide repeat-like domain
JPYC01000310.1_1	160	2043	1884	1	0.667	11	AGGA	GENOMAD.190262.VC	6.073e-10	65	0	0	0	1246	Caudoviricetes	NA	NA	K01342;TIGR03921;COG1404	type VII secretion-associated serine protease mycosin
JPYC01000310.1_2	2582	5194	2613	1	0.685	11	AGGAG	NA	NA	NA	0	0	0	1	NA	NA	NA	NA	NA
JPYC01000311.1_1	1	1137	1137	1	0.675	11	None	GENOMAD.004541.CC	2.001e-09	62	0	0	0	1	NA	NA	NA	NA	NA
JPYC01000311.1_2	1134	2225	1092	1	0.597	11	GGxGG	GENOMAD.116611.CP	1.108e-63	225	0	0	0	1	NA	NA	NA	PF00146;K05572;COG1005	NADH:ubiquinone oxidoreductase subunit 1 (chain H)
JPYC01000311.1_3	2229	2717	489	1	0.599	11	GGA/GAG/AGG	GENOMAD.113231.CP	1.018e-29	117	0	0	0	1	NA	NA	NA	PF12798;TIGR02951;COG1146;K00395	DMSO reductase, iron-sulfur subunit
JPYC01000311.1_4	2725	3384	660	1	0.620	11	GGAG/GAGG	GENOMAD.111859.CP	3.327e-15	77	0	0	0	1	NA	NA	NA	K00339;COG0839	NADH:ubiquinone oxidoreductase subunit 6 (chain J)
JPYC01000311.1_5	3381	3686	306	1	0.575	11	AGGAG	GENOMAD.116508.CP	1.734e-14	70	0	0	0	1	NA	NA	NA	PF00420;K05576;COG1006;TIGR00941	Multisubunit Na+/H+ antiporter, MnhC subunit
JPYC01000311.1_6	3694	5853	2160	1	0.596	11	GGA/GAG/AGG	GENOMAD.120746.CP	1.95e-51	199	0	0	0	1	NA	NA	NA	PF10125;K00341;TIGR01974;COG1009	proton-translocating NADH-quinone oxidoreductase, chain L
JPYC01000311.1_7	5874	7376	1503	1	0.616	11	GGA/GAG/AGG	GENOMAD.109407.CP	1.204e-11	70	0	0	0	1	NA	NA	NA	COG0651	Formate hydrogenlyase subunit 3/Multisubunit Na+/H+ antiporter, MnhD subunit
JPYC01000311.1_8	7413	8873	1461	1	0.628	11	AGGA	GENOMAD.109595.CP	1.369e-102	344	0	0	0	1	NA	NA	NA	PF00361;PF19530;K00343;COG1007;TIGR01770	NADH:ubiquinone oxidoreductase subunit 2 (chain N)
JPYC01000311.1_9	9348	9938	591	1	0.618	11	GGA/GAG/AGG	GENOMAD.000102.CC	3.656e-39	146	1	0	0	1246	Caudoviricetes	NA	NA	PF02576;PF17384;K09748;COG0779	Ribosome maturation factor RimP
JPYC01000311.1_10	9943	11454	1512	1	0.642	11	GGAG/GAGG	GENOMAD.116332.CV	1.218e-11	70	0	0	0	1	NA	NA	NA	PF03118;TIGR01954	transcription termination factor NusA, C-terminal duplication
JPYC01000311.1_11	11550	12494	945	1	0.673	11	AGGA	NA	NA	NA	0	0	0	1	NA	NA	NA	NA	NA
JPYC01000312.1_1	3	1991	1989	1	0.661	11	None	NA	NA	NA	0	0	0	1	NA	NA	NA	NA	NA
JPYC01000312.1_2	2003	2140	138	1	0.616	11	GGA/GAG/AGG	NA	NA	NA	0	0	0	1	NA	NA	NA	NA	NA
JPYC01000312.1_3	2074	2523	450	-1	0.611	11	AGGAG	GENOMAD.130165.CV	2.289e-57	196	0	0	0	1	NA	NA	NA	PF13473;COG3241;TIGR02695;K02638	Azurin
JPYC01000312.1_4	2734	3936	1203	-1	0.645	11	GGAGG	NA	NA	NA	0	0	0	1	NA	NA	NA	NA	NA
JPYC01000312.1_5	3967	4470	504	-1	0.619	11	AGGA	GENOMAD.146177.CP	1.26e-55	192	0	0	0	1	NA	NA	NA	PF01042;COG0251;TIGR00004;K09021	Enamine deaminase RidA, house cleaning of reactive enamine intermediates, YjgF/YER057c/UK114 family
JPYC01000312.1_6	4495	4920	426	-1	0.655	11	GGAGG	GENOMAD.132779.CP	5.256e-09	56	0	0	0	1	NA	NA	NA	PF09086;K00406;COG2010;TIGR04494	Cytochrome c, mono- and diheme variants
JPYC01000312.1_7	4917	6524	1608	-1	0.636	11	GGA/GAG/AGG	NA	NA	NA	0	0	0	1	NA	NA	NA	NA	NA
JPYC01000312.1_8	6594	8888	2295	-1	0.630	11	GGA/GAG/AGG	GENOMAD.179607.CP	3.274e-76	276	0	0	0	1	NA	NA	NA	K16091;COG4206	Outer membrane cobalamin receptor protein
JPYC01000312.1_9	9174	9791	618	1	0.673	11	GGA/GAG/AGG	GENOMAD.146405.CP	2.342e-39	147	0	0	0	1	NA	NA	NA	PF12689;K20866;TIGR01656;COG0241	histidinol-phosphate phosphatase family domain
JPYC01000312.1_10	9977	10192	216	-1	0.690	11	None	NA	NA	NA	0	0	0	1	NA	NA	NA	NA	NA
JPYC01000313.1_1	24	218	195	-1	0.667	11	None	NA	NA	NA	0	0	0	1	NA	NA	NA	NA	NA
JPYC01000314.1_1	3	761	759	1	0.671	11	None	NA	NA	NA	0	0	0	1	NA	NA	NA	NA	NA
JPYC01000315.1_1	3	548	546	-1	0.696	11	None	GENOMAD.136642.CP	1.962e-20	91	0	0	0	1	NA	NA	NA	PF03702;COG2377;K09001	1,6-Anhydro-N-acetylmuramate kinase
JPYC01000316.1_1	3	320	318	1	0.673	11	None	NA	NA	NA	0	0	0	1	NA	NA	NA	NA	NA
JPYC01000317.1_1	1	438	438	-1	0.692	11	None	NA	NA	NA	0	0	0	1	NA	NA	NA	NA	NA
JPYC01000318.1_1	3	344	342	1	0.693	11	None	NA	NA	NA	0	0	0	1	NA	NA	NA	NA	NA
JPYC01000318.1_2	341	973	633	1	0.603	11	GGAG/GAGG	GENOMAD.112939.CP	0.0002281	44	0	0	0	1	NA	NA	NA	COG0558;K08744	Phosphatidylglycerophosphate synthase
JPYC01000318.1_3	1314	2615	1302	1	0.605	11	AGGAG	NA	NA	NA	0	0	0	1	NA	NA	NA	NA	NA
JPYC01000319.1_1	2	397	396	-1	0.611	11	GGA/GAG/AGG	NA	NA	NA	0	0	0	1	NA	NA	NA	NA	NA
JPYC01000319.1_2	537	1946	1410	1	0.663	11	GGA/GAG/AGG	GENOMAD.104542.CP	8.526e-53	197	0	0	0	1	NA	NA	NA	COG0804;TIGR01792;K12960	Urease alpha subunit
JPYC01000319.1_3	1943	3223	1281	1	0.678	11	AGGAG	GENOMAD.124521.CP	1.477e-67	239	0	0	0	1	NA	NA	NA	COG1228;TIGR03178;K01468	Imidazolonepropionase or related amidohydrolase
JPYC01000319.1_4	3582	3851	270	1	0.656	11	None	GENOMAD.216367.VC	4.14e-16	74	0	0	0	1	NA	NA	NA	PF02893;COG4687	GRAM domain
JPYC01000319.1_5	4217	5761	1545	1	0.645	11	None	NA	NA	NA	0	0	0	1	NA	NA	NA	NA	NA
JPYC01000319.1_6	6200	7015	816	-1	0.619	11	GGAG/GAGG	NA	NA	NA	0	0	0	1	NA	NA	NA	NA	NA
JPYC01000319.1_7	7495	8439	945	1	0.637	11	GGAGG	GENOMAD.159975.CP	1.411e-88	295	0	0	0	1	NA	NA	NA	PF02645;COG1307;TIGR00762	Fatty acid-binding protein DegV (function unknown)
JPYC01000319.1_8	8647	9162	516	-1	0.614	11	AGGAG	NA	NA	NA	0	0	0	1	NA	NA	NA	NA	NA
JPYC01000319.1_9	9440	9862	423	-1	0.650	11	GGA/GAG/AGG	NA	NA	NA	0	0	0	1	NA	NA	NA	NA	NA
JPYC01000319.1_10	10205	10273	69	1	0.594	11	AGGA	NA	NA	NA	0	0	0	1	NA	NA	NA	NA	NA
JPYC01000032.1_1	174	428	255	1	0.651	11	None	NA	NA	NA	0	0	0	1	NA	NA	NA	NA	NA
JPYC01000032.1_2	443	1507	1065	1	0.676	11	AGGA/GGAG/GAGG	GENOMAD.115195.CP	1.1e-06	53	0	0	0	1	NA	NA	NA	PF01208;TIGR01463;COG0407;K01599	methyltransferase, MtaA/CmuA family
JPYC01000032.1_3	1843	3291	1449	1	0.654	11	GGAG/GAGG	NA	NA	NA	0	0	0	1	NA	NA	NA	NA	NA
JPYC01000032.1_4	3326	3538	213	-1	0.662	11	None	NA	NA	NA	0	0	0	1	NA	NA	NA	NA	NA
JPYC01000320.1_1	3	2573	2571	-1	0.709	11	None	GENOMAD.132314.CP	3.311e-73	269	0	0	0	1	NA	NA	NA	PF05420;PF12569;PF13512;TIGR02917;COG5107;K11935	Cellulose synthase operon protein C C-terminus (BCSC_C); N-terminal acetyltransferase A, auxiliary subunit; Tetratricopeptide repeat
JPYC01000321.1_1	1	330	330	1	0.682	11	None	NA	NA	NA	0	0	0	1	NA	NA	NA	NA	NA
JPYC01000321.1_2	403	771	369	-1	0.585	11	GGAG/GAGG	NA	NA	NA	0	0	0	1	NA	NA	NA	NA	NA
JPYC01000321.1_3	779	1060	282	-1	0.550	11	AGGA	NA	NA	NA	0	0	0	1	NA	NA	NA	NA	NA
JPYC01000321.1_4	1124	1468	345	-1	0.638	11	AGGAG	NA	NA	NA	0	0	0	1	NA	NA	NA	NA	NA
JPYC01000321.1_5	1965	2213	249	-1	0.538	11	GGAG/GAGG	NA	NA	NA	0	0	0	1	NA	NA	NA	NA	NA
JPYC01000321.1_6	2515	2619	105	1	0.610	11	AGGA/GGAG/GAGG	NA	NA	NA	0	0	0	1	NA	NA	NA	NA	NA
JPYC01000321.1_7	2667	3350	684	1	0.615	11	AGGA	NA	NA	NA	0	0	0	1	NA	NA	NA	NA	NA
JPYC01000321.1_8	3461	3853	393	1	0.672	11	None	NA	NA	NA	0	0	0	1	NA	NA	NA	NA	NA
JPYC01000321.1_9	3944	4336	393	1	0.611	11	None	GENOMAD.116980.PP	1.551e-52	181	0	0	0	1	NA	NA	NA	COG2916;K11685	DNA-binding protein H-NS
JPYC01000321.1_10	4961	7093	2133	-1	0.617	11	GGA/GAG/AGG	GENOMAD.145672.CV	0.0004447	46	0	0	0	1	NA	NA	NA	PF18390	Glycogen debranching enzyme C-terminal domain
JPYC01000321.1_11	7565	8482	918	1	0.673	11	None	NA	NA	NA	0	0	0	1	NA	NA	NA	NA	NA
JPYC01000321.1_12	8691	9134	444	1	0.613	11	AGGAG	NA	NA	NA	0	0	0	1	NA	NA	NA	NA	NA
JPYC01000321.1_13	9160	9837	678	1	0.634	11	GGAG/GAGG	NA	NA	NA	0	0	0	1	NA	NA	NA	NA	NA
JPYC01000321.1_14	9830	11164	1335	1	0.642	11	None	NA	NA	NA	0	0	0	1	NA	NA	NA	NA	NA
JPYC01000321.1_15	11267	11368	102	-1	0.608	11	None	NA	NA	NA	0	0	0	1	NA	NA	NA	NA	NA
JPYC01000322.1_1	2	1705	1704	1	0.673	11	None	NA	NA	NA	0	0	0	1	NA	NA	NA	NA	NA
JPYC01000322.1_2	1948	2832	885	-1	0.673	11	AGGA	NA	NA	NA	0	0	0	1	NA	NA	NA	NA	NA
JPYC01000322.1_3	2953	3543	591	1	0.651	11	GGA/GAG/AGG	GENOMAD.120831.CP	3.177e-85	279	0	0	0	1	NA	NA	NA	PF00330;K01702;TIGR00170;COG0065	3-isopropylmalate dehydratase, large subunit
JPYC01000323.1_1	2	439	438	-1	0.669	11	GGAG/GAGG	NA	NA	NA	0	0	0	1	NA	NA	NA	NA	NA
JPYC01000323.1_2	450	1463	1014	-1	0.680	11	None	NA	NA	NA	0	0	0	1	NA	NA	NA	NA	NA
JPYC01000323.1_3	1453	2154	702	-1	0.627	11	None	GENOMAD.183080.CP	2.704e-60	209	0	0	0	1	NA	NA	NA	PF07277	SapC
JPYC01000323.1_4	2343	5432	3090	-1	0.640	11	GGA/GAG/AGG	GENOMAD.152082.CP	9.754e-60	229	0	0	0	1	NA	NA	NA	PF00593;PF07715;PF00691;TIGR01782;COG4773;K16089	TonB-dependent receptor
JPYC01000323.1_5	5741	6430	690	1	0.638	11	GGAG/GAGG	NA	NA	NA	0	0	0	1	NA	NA	NA	NA	NA
JPYC01000324.1_1	2	1513	1512	-1	0.682	11	None	GENOMAD.111010.CP	1.259e-101	342	0	0	0	1	NA	NA	NA	PF08335;PF12252;PF03445;K00990;TIGR01693;COG2844	[Protein-PII] uridylyltransferase
JPYC01000324.1_2	1510	2286	777	-1	0.625	11	None	NA	NA	NA	0	0	0	1	NA	NA	NA	NA	NA
JPYC01000324.1_3	2604	3128	525	1	0.638	11	AGGA	GENOMAD.171641.PC	1.258e-92	299	0	0	0	1	NA	NA	NA	PF05229;COG5430;K07349	Spore coat protein U (SCPU) domain, function unknown
JPYC01000324.1_4	3137	3907	771	1	0.678	11	GGA/GAG/AGG	GENOMAD.181911.PC	2.342e-43	161	0	0	0	1	NA	NA	NA	PF00345;K07346;COG3121	P pilus assembly protein, chaperone PapD
JPYC01000324.1_5	3924	6275	2352	1	0.679	11	None	NA	NA	NA	0	0	0	1	NA	NA	NA	NA	NA
JPYC01000324.1_6	6272	7306	1035	1	0.646	11	GGA/GAG/AGG	GENOMAD.180523.PC	1.422e-83	282	0	0	0	1	NA	NA	NA	PF05229;COG5430	Spore coat protein U (SCPU) domain, function unknown
JPYC01000324.1_7	7355	7687	333	1	0.700	11	None	NA	NA	NA	0	0	0	1	NA	NA	NA	NA	NA
JPYC01000324.1_8	7690	8148	459	1	0.688	11	None	GENOMAD.183678.PC	1.214e-13	70	0	0	0	1	NA	NA	NA	PF00345;K07346;COG3121	P pilus assembly protein, chaperone PapD
JPYC01000325.1_1	2	457	456	1	0.678	11	None	NA	NA	NA	0	0	0	1	NA	NA	NA	NA	NA
JPYC01000325.1_2	454	1086	633	1	0.687	11	GGA/GAG/AGG	NA	NA	NA	0	0	0	1	NA	NA	NA	NA	NA
JPYC01000325.1_3	1686	2084	399	1	0.669	11	GGAG/GAGG	NA	NA	NA	0	0	0	1	NA	NA	NA	NA	NA
JPYC01000325.1_4	2323	2922	600	1	0.595	11	GGAG/GAGG	NA	NA	NA	0	0	0	1	NA	NA	NA	NA	NA
JPYC01000325.1_5	3057	3455	399	-1	0.589	11	AGGA/GGAG/GAGG	NA	NA	NA	0	0	0	1	NA	NA	NA	NA	NA
JPYC01000325.1_6	3452	5683	2232	-1	0.671	11	None	GENOMAD.192015.CP	4.601e-38	157	0	0	0	1	NA	NA	NA	PF17874;PF10137;K09667;TIGR00540;COG3071	MalT-like TPR region; Predicted nucleotide-binding protein containing TIR-like domain
JPYC01000326.1_1	144	1994	1851	1	0.650	11	None	NA	NA	NA	0	0	0	1	NA	NA	NA	NA	NA
JPYC01000326.1_2	2265	2585	321	-1	0.607	11	None	GENOMAD.110127.CP	9.165e-39	140	0	0	0	1	NA	NA	NA	PF06844;COG3492;K09948	NA
JPYC01000326.1_3	2635	3546	912	1	0.677	11	None	NA	NA	NA	0	0	0	1	NA	NA	NA	NA	NA
JPYC01000326.1_4	3506	3601	96	1	0.667	11	GGAG/GAGG	NA	NA	NA	0	0	0	1	NA	NA	NA	NA	NA
JPYC01000327.1_1	92	763	672	-1	0.674	11	None	NA	NA	NA	0	0	0	1	NA	NA	NA	NA	NA
JPYC01000327.1_2	1212	1862	651	-1	0.653	11	None	GENOMAD.190945.CP	2.646e-05	47	0	0	0	1	NA	NA	NA	PF17182;COG2755;K09795	OSK domain
JPYC01000327.1_3	1862	3133	1272	-1	0.671	11	None	GENOMAD.099160.CP	5.183e-09	61	0	0	0	1	NA	NA	NA	PF12897;TIGR03542;K08969;COG1168	LL-diaminopimelate aminotransferase
JPYC01000327.1_4	3287	4378	1092	1	0.677	11	None	GENOMAD.125774.CP	2.735e-46	174	0	0	0	1	NA	NA	NA	PF03193;PF16745;K06949;TIGR00157;COG1162	ribosome small subunit-dependent GTPase A
JPYC01000327.1_5	4378	5640	1263	1	0.660	11	GGxGG	GENOMAD.182562.CP	9.819e-218	674	0	0	0	1	NA	NA	NA	PF08014;COG3930;TIGR02421	conserved hypothetical protein
JPYC01000327.1_6	5932	6612	681	1	0.626	11	GGAG/GAGG	NA	NA	NA	0	0	0	1	NA	NA	NA	NA	NA
JPYC01000327.1_7	6798	8717	1920	-1	0.648	11	None	NA	NA	NA	0	0	0	1	NA	NA	NA	NA	NA
JPYC01000327.1_8	8752	11214	2463	-1	0.654	11	GGA/GAG/AGG	GENOMAD.136547.CP	2.693e-213	682	0	0	0	1	NA	NA	NA	PF14905;PF07715;K16090;TIGR01776;COG4774	TonB-dependent lactoferrin and transferrin receptors
JPYC01000327.1_9	11481	11750	270	1	0.663	11	GGA/GAG/AGG	NA	NA	NA	0	0	0	1	NA	NA	NA	NA	NA
JPYC01000328.1_1	2	304	303	-1	0.640	11	GGAG/GAGG	GENOMAD.171333.CP	3.756e-22	92	0	0	0	1	NA	NA	NA	PF05891;COG4798;TIGR00740;K23095	Predicted methyltransferase
JPYC01000328.1_2	538	666	129	1	0.659	11	AGGAG	NA	NA	NA	0	0	0	1	NA	NA	NA	NA	NA
JPYC01000329.1_1	264	521	258	1	0.647	11	GGA/GAG/AGG	NA	NA	NA	0	0	0	1	NA	NA	NA	NA	NA
JPYC01000033.1_1	3	566	564	1	0.642	11	None	NA	NA	NA	0	0	0	1	NA	NA	NA	NA	NA
JPYC01000033.1_2	917	2098	1182	1	0.613	11	GGAG/GAGG	GENOMAD.004307.CC	4.333e-187	584	0	0	0	1	NA	NA	NA	PF20603;PF03364;COG4276	Bacterial hydrolase; Polyketide cyclase / dehydrase and lipid transport
JPYC01000033.1_3	2195	2566	372	1	0.694	11	GGA/GAG/AGG	GENOMAD.091113.CP	5.544e-52	179	0	0	0	1	NA	NA	NA	PF04241;COG2363	Uncharacterized membrane protein YgdD, TMEM256/DUF423 family
JPYC01000033.1_4	2569	3243	675	1	0.677	11	GGAG/GAGG	NA	NA	NA	0	0	0	1	NA	NA	NA	NA	NA
JPYC01000033.1_5	3319	3699	381	-1	0.643	11	None	NA	NA	NA	0	0	0	1	NA	NA	NA	NA	NA
JPYC01000330.1_1	29	529	501	-1	0.635	11	AGGAG	NA	NA	NA	0	0	0	1	NA	NA	NA	NA	NA
JPYC01000330.1_2	773	2140	1368	-1	0.665	11	None	GENOMAD.142401.VC	2.653e-99	333	0	0	0	1246	Caudoviricetes	NA	NA	PF08328	Adenylosuccinate lyase C-terminal
JPYC01000330.1_3	2305	3288	984	1	0.686	11	GGA/GAG/AGG	NA	NA	NA	0	0	0	1	NA	NA	NA	NA	NA
JPYC01000330.1_4	3299	4621	1323	-1	0.653	11	GGAGG	NA	NA	NA	0	0	0	1	NA	NA	NA	NA	NA
JPYC01000330.1_5	4905	6308	1404	1	0.640	11	GGAG/GAGG	NA	NA	NA	0	0	0	1	NA	NA	NA	NA	NA
JPYC01000330.1_6	6438	6647	210	-1	0.605	11	None	NA	NA	NA	0	0	0	1	NA	NA	NA	NA	NA
JPYC01000331.1_1	3	251	249	-1	0.655	11	GGA/GAG/AGG	NA	NA	NA	0	0	0	1	NA	NA	NA	NA	NA
JPYC01000331.1_2	294	1511	1218	-1	0.649	11	GGAG/GAGG	GENOMAD.110049.CP	1.543e-52	194	0	0	0	1	NA	NA	NA	PF19465;COG0133;TIGR00263	Tryptophan synthase beta chain
JPYC01000331.1_3	1616	2542	927	1	0.699	11	GGA/GAG/AGG	NA	NA	NA	0	0	0	1	NA	NA	NA	NA	NA
JPYC01000331.1_4	2734	3402	669	-1	0.649	11	GGAG/GAGG	GENOMAD.126973.CP	6.458e-34	132	0	0	0	1	NA	NA	NA	PF00697;K01817;COG1891;TIGR00259	N-(5'phosphoribosyl)anthranilate (PRA) isomerase
JPYC01000331.1_5	3399	4172	774	-1	0.669	11	GGA/GAG/AGG	GENOMAD.147411.CP	5.687e-29	119	0	0	0	1246	Caudoviricetes	NA	NA	PF01416;TIGR00071;COG0101;K15452	tRNA pseudouridine(38-40) synthase
JPYC01000331.1_6	4184	4741	558	-1	0.672	11	GGA/GAG/AGG	GENOMAD.167065.CP	5.9e-28	113	0	0	0	1	NA	NA	NA	PF14506;K06996;COG3324;TIGR00068	Predicted enzyme related to lactoylglutathione lyase
JPYC01000331.1_7	4738	6693	1956	-1	0.708	11	GGA/GAG/AGG	GENOMAD.145363.CP	7.542e-52	199	0	0	0	1	NA	NA	NA	COG3170	Tfp pilus assembly protein FimV
JPYC01000331.1_8	7378	8403	1026	-1	0.652	11	None	NA	NA	NA	0	0	0	1	NA	NA	NA	NA	NA
JPYC01000331.1_9	8487	9560	1074	-1	0.676	11	None	NA	NA	NA	0	0	0	1	NA	NA	NA	NA	NA
JPYC01000331.1_10	9553	10656	1104	-1	0.671	11	GGA/GAG/AGG	NA	NA	NA	0	0	0	1	NA	NA	NA	NA	NA
JPYC01000331.1_11	10667	11593	927	-1	0.658	11	None	GENOMAD.091839.CV	3.465e-06	51	0	0	0	1246	Caudoviricetes	NA	NA	PF01189;K15460;COG4123;TIGR03534	tRNA1(Val) A37 N6-methylase TrmN6
JPYC01000331.1_12	11674	12324	651	1	0.665	11	GGA/GAG/AGG	GENOMAD.142885.CP	2.813e-06	50	0	0	0	1	NA	NA	NA	PF02630;K07152;COG0386;TIGR02540	SCO1/SenC
JPYC01000331.1_13	12321	13163	843	1	0.667	11	GGA/GAG/AGG	NA	NA	NA	0	0	0	1	NA	NA	NA	NA	NA
JPYC01000331.1_14	13420	15003	1584	-1	0.660	11	None	NA	NA	NA	0	0	0	1	NA	NA	NA	NA	NA
JPYC01000331.1_15	15296	16801	1506	1	0.668	11	GGA/GAG/AGG	NA	NA	NA	0	0	0	1	NA	NA	NA	NA	NA
JPYC01000331.1_16	16852	17472	621	-1	0.607	11	AGGAG	NA	NA	NA	0	0	0	1	NA	NA	NA	NA	NA
JPYC01000331.1_17	17827	18087	261	1	0.648	11	GGA/GAG/AGG	NA	NA	NA	0	0	0	1	NA	NA	NA	NA	NA
JPYC01000332.1_1	70	1275	1206	-1	0.605	11	AGGA	GENOMAD.191266.CP	8.468e-43	165	0	0	0	1	NA	NA	NA	PF07221;K18479;COG2942	N-acylglucosamine 2-epimerase (GlcNAc 2-epimerase)
JPYC01000332.1_2	1272	2258	987	-1	0.652	11	GGAGG	NA	NA	NA	0	0	0	1	NA	NA	NA	NA	NA
JPYC01000332.1_3	2255	3565	1311	-1	0.628	11	GGA/GAG/AGG	GENOMAD.153188.CP	2.277e-08	59	0	0	0	1	NA	NA	NA	PF00083;K02429;TIGR00885;COG0738	L-fucose:H+ symporter permease
JPYC01000332.1_4	3579	4712	1134	-1	0.674	11	GGA/GAG/AGG	NA	NA	NA	0	0	0	1	NA	NA	NA	NA	NA
JPYC01000332.1_5	4893	5795	903	-1	0.651	11	None	GENOMAD.029943.CC	2.003e-21	98	0	0	0	1	NA	NA	NA	PF19089;COG4313;K20326	Membrane bound beta barrel domain (DUF5777)
JPYC01000332.1_6	6069	6803	735	-1	0.657	11	None	GENOMAD.161593.CP	1.374e-33	132	0	0	0	1	NA	NA	NA	K09912;COG3122	Uncharacterized conserved protein YaiL, DUF2058 family
JPYC01000332.1_7	6822	7058	237	-1	0.612	11	AGGA/GGAG/GAGG	GENOMAD.020705.CC	1.223e-30	115	0	0	0	1	NA	NA	NA	PF04102;COG2900	Uncharacterized coiled-coil protein SlyX (sensitive to lysis X)
JPYC01000332.1_8	7051	8400	1350	-1	0.640	11	GGA/GAG/AGG	GENOMAD.094142.VV	2.859e-05	49	0	0	0	1	NA	NA	NA	PF00984	UDP-glucose/GDP-mannose dehydrogenase family, central domain
JPYC01000332.1_9	8426	9397	972	-1	0.633	11	GGA/GAG/AGG	GENOMAD.101229.CV	0.0001387	46	0	0	0	1	NA	NA	NA	PF18023;K09577;COG1047	BDBT FKBP like N-terminal
JPYC01000332.1_10	9483	10040	558	-1	0.599	11	GGA/GAG/AGG	NA	NA	NA	0	0	0	1	NA	NA	NA	NA	NA
JPYC01000332.1_11	10173	10421	249	1	0.643	11	GGA/GAG/AGG	NA	NA	NA	0	0	0	1	NA	NA	NA	NA	NA
JPYC01000332.1_12	10424	10786	363	1	0.609	11	GGAG/GAGG	NA	NA	NA	0	0	0	1	NA	NA	NA	NA	NA
JPYC01000332.1_13	10783	11658	876	1	0.632	11	GGA/GAG/AGG	NA	NA	NA	0	0	0	1	NA	NA	NA	NA	NA
JPYC01000332.1_14	11655	12641	987	1	0.662	11	GGA/GAG/AGG	GENOMAD.019618.CC	1e-58	209	0	0	0	1	NA	NA	NA	PF12679;TIGR03518;COG1277	ABC-2 family transporter protein
JPYC01000332.1_15	12652	13470	819	1	0.645	11	GGAG/GAGG	NA	NA	NA	0	0	0	1	NA	NA	NA	NA	NA
JPYC01000332.1_16	13505	14035	531	1	0.642	11	GGA/GAG/AGG	NA	NA	NA	0	0	0	1	NA	NA	NA	NA	NA
JPYC01000333.1_1	2	754	753	-1	0.656	11	AGxAGG/AGGxGG	NA	NA	NA	0	0	0	1	NA	NA	NA	NA	NA
JPYC01000334.1_1	2	340	339	-1	0.658	11	None	NA	NA	NA	0	0	0	1	NA	NA	NA	NA	NA
JPYC01000334.1_2	340	1089	750	-1	0.671	11	None	NA	NA	NA	0	0	0	1	NA	NA	NA	NA	NA
JPYC01000334.1_3	1089	1838	750	-1	0.676	11	None	GENOMAD.005386.CC	2.256e-40	152	0	0	0	1	NA	NA	NA	PF06293;K11211;TIGR00938;COG3231	Lipopolysaccharide kinase (Kdo/WaaP) family
JPYC01000334.1_4	1859	2908	1050	1	0.678	11	GGA/GAG/AGG	NA	NA	NA	0	0	0	1	NA	NA	NA	NA	NA
JPYC01000334.1_5	3120	3524	405	-1	0.602	11	GGAGG	NA	NA	NA	0	0	0	1	NA	NA	NA	NA	NA
JPYC01000334.1_6	3909	4142	234	-1	0.581	11	AGGA	NA	NA	NA	0	0	0	1	NA	NA	NA	NA	NA
JPYC01000334.1_7	4379	5122	744	1	0.554	11	AGGA	NA	NA	NA	0	0	0	1	NA	NA	NA	NA	NA
JPYC01000334.1_8	5134	5529	396	1	0.467	11	GGA/GAG/AGG	NA	NA	NA	0	0	0	1	NA	NA	NA	NA	NA
JPYC01000334.1_9	6123	6314	192	-1	0.391	11	GGA/GAG/AGG	NA	NA	NA	0	0	0	1	NA	NA	NA	NA	NA
JPYC01000334.1_10	6577	8550	1974	1	0.479	11	GGA/GAG/AGG	NA	NA	NA	0	0	0	1	NA	NA	NA	NA	NA
JPYC01000334.1_11	8537	9046	510	1	0.451	11	GGAG/GAGG	NA	NA	NA	0	0	0	1	NA	NA	NA	NA	NA
JPYC01000334.1_12	9157	9510	354	-1	0.472	11	GGAG/GAGG	NA	NA	NA	0	0	0	1	NA	NA	NA	NA	NA
JPYC01000334.1_13	9706	10212	507	-1	0.531	11	None	NA	NA	NA	0	0	0	1	NA	NA	NA	NA	NA
JPYC01000334.1_14	10225	10611	387	-1	0.568	11	None	NA	NA	NA	0	0	0	1	NA	NA	NA	NA	NA
JPYC01000334.1_15	10637	10921	285	1	0.561	11	AGGAG	NA	NA	NA	0	0	0	1	NA	NA	NA	NA	NA
JPYC01000334.1_16	11107	11736	630	1	0.554	11	GGA/GAG/AGG	NA	NA	NA	0	0	0	1	NA	NA	NA	NA	NA
JPYC01000334.1_17	11752	13233	1482	-1	0.504	11	GGA/GAG/AGG	NA	NA	NA	0	0	0	1	NA	NA	NA	NA	NA
JPYC01000334.1_18	13610	14314	705	1	0.668	11	None	NA	NA	NA	0	0	0	1	NA	NA	NA	NA	NA
JPYC01000334.1_19	14356	15090	735	-1	0.639	11	GGA/GAG/AGG	NA	NA	NA	0	0	0	1	NA	NA	NA	NA	NA
JPYC01000334.1_20	15099	15551	453	-1	0.631	11	GGA/GAG/AGG	NA	NA	NA	0	0	0	1	NA	NA	NA	NA	NA
JPYC01000334.1_21	15579	16589	1011	-1	0.700	11	None	GENOMAD.002432.CC	1.501e-56	203	0	0	0	1	NA	NA	NA	PF06859;COG4627	Predicted SAM-depedendent methyltransferase
JPYC01000334.1_22	16641	16838	198	-1	0.631	11	AGGA	NA	NA	NA	0	0	0	1	NA	NA	NA	NA	NA
JPYC01000334.1_23	17027	18190	1164	1	0.673	11	GGAG/GAGG	NA	NA	NA	0	0	0	1	NA	NA	NA	NA	NA
JPYC01000334.1_24	18846	20816	1971	-1	0.648	11	3Base/5BMM	GENOMAD.116255.CP	5.638e-61	227	0	0	0	1	NA	NA	NA	PF13623;PF13145;K03770;TIGR04142;COG0760	putative peptidyl-prolyl cis-trans isomerase, LIC12922 family
JPYC01000335.1_1	2	217	216	1	0.731	11	None	NA	NA	NA	0	0	0	1	NA	NA	NA	NA	NA
JPYC01000335.1_2	267	1310	1044	1	0.712	11	GGAGG	GENOMAD.179387.PC	1.933e-43	165	0	0	0	1	NA	NA	NA	PF06812;K11902;TIGR03363;COG3515	type VI secretion-associated protein, ImpA family
JPYC01000335.1_3	1666	1956	291	-1	0.632	11	GGA/GAG/AGG	GENOMAD.010346.CC	6.885e-45	157	0	0	0	1	NA	NA	NA	PF11191;PF08139;COG5633;TIGR00752;K20267	Uncharacterized conserved protein YcfL
JPYC01000336.1_1	3	194	192	1	0.625	11	None	GENOMAD.158028.PC	9.648e-19	80	0	0	0	1	NA	NA	NA	PF07362;COG5302	Post-segregation antitoxin (ccd killing mechanism protein) encoded by the F plasmid
JPYC01000336.1_2	191	508	318	1	0.604	11	GGA/GAG/AGG	GENOMAD.113516.PC	1.428e-49	171	0	0	0	1	NA	NA	NA	PF01845;K19163	CcdB protein
JPYC01000337.1_1	1	372	372	1	0.659	11	None	NA	NA	NA	0	0	0	1	NA	NA	NA	NA	NA
JPYC01000337.1_2	673	1434	762	1	0.655	11	GGA/GAG/AGG	GENOMAD.210497.CP	2.964e-23	102	0	0	0	1	NA	NA	NA	PF19089;COG4313	Membrane bound beta barrel domain (DUF5777)
JPYC01000337.1_3	1448	2182	735	1	0.669	11	None	NA	NA	NA	0	0	0	1	NA	NA	NA	NA	NA
JPYC01000337.1_4	2182	3447	1266	1	0.650	11	None	GENOMAD.146534.CP	5.264e-05	48	0	0	0	1	NA	NA	NA	PF00015	Methyl-accepting chemotaxis protein (MCP) signalling domain
JPYC01000338.1_1	1	1305	1305	1	0.654	11	None	GENOMAD.146534.CP	0.0002272	46	0	0	0	1	NA	NA	NA	PF00015	Methyl-accepting chemotaxis protein (MCP) signalling domain
JPYC01000339.1_1	1	594	594	1	0.665	11	None	NA	NA	NA	0	0	0	1	NA	NA	NA	NA	NA
JPYC01000339.1_2	1052	2509	1458	1	0.624	11	GGA/GAG/AGG	NA	NA	NA	0	0	0	1	NA	NA	NA	NA	NA
JPYC01000034.1_1	3	86	84	1	0.655	11	None	NA	NA	NA	0	0	0	1	NA	NA	NA	NA	NA
JPYC01000034.1_2	488	874	387	1	0.610	11	GGAG/GAGG	GENOMAD.111281.CP	5.37e-22	93	0	0	0	1	NA	NA	NA	PF09685;K09940;COG3296	Uncharacterized conserved protein, Tic20 family
JPYC01000034.1_3	944	2032	1089	-1	0.645	11	GGAG/GAGG	GENOMAD.207450.CP	1.427e-22	103	0	0	0	1	NA	NA	NA	PF02102	Deuterolysin metalloprotease (M35) family
JPYC01000034.1_4	2493	3368	876	-1	0.691	11	GGA/GAG/AGG	NA	NA	NA	0	0	0	1	NA	NA	NA	NA	NA
JPYC01000034.1_5	3370	3630	261	-1	0.621	11	None	GENOMAD.111764.CV	1.255e-11	61	0	0	0	1	NA	NA	NA	PF02609;TIGR01280;COG1722	exodeoxyribonuclease VII, small subunit
JPYC01000034.1_6	3662	4528	867	-1	0.698	11	None	GENOMAD.073046.CP	6.952e-07	53	0	0	0	1	NA	NA	NA	PF11734;TIGR02433	TilS substrate C-terminal domain
JPYC01000340.1_1	101	421	321	-1	0.632	11	GGA/GAG/AGG	GENOMAD.000078.CC	2.582e-20	87	0	0	0	1	NA	NA	NA	PF10921;K09747;COG0718;TIGR00103	Conserved DNA-binding protein YbaB (function unknown)
JPYC01000340.1_2	428	2479	2052	-1	0.676	11	GGA/GAG/AGG	GENOMAD.000854.CC	6.826e-29	127	0	0	0	1	NA	NA	NA	PF14840	Processivity clamp loader gamma complex DNA pol III C-term
JPYC01000340.1_3	2794	4311	1518	1	0.638	11	3Base/5BMM	NA	NA	NA	0	0	0	1	NA	NA	NA	NA	NA
JPYC01000340.1_4	4457	5137	681	1	0.508	11	AGxAGG/AGGxGG	NA	NA	NA	0	0	0	1	NA	NA	NA	NA	NA
JPYC01000340.1_5	5294	5635	342	1	0.632	11	AGGAG	NA	NA	NA	0	0	0	1	NA	NA	NA	NA	NA
JPYC01000340.1_6	5688	6023	336	-1	0.652	11	None	NA	NA	NA	0	0	0	1	NA	NA	NA	NA	NA
JPYC01000341.1_1	2	97	96	-1	0.729	11	GGA/GAG/AGG	NA	NA	NA	0	0	0	1	NA	NA	NA	NA	NA
JPYC01000341.1_2	113	1714	1602	-1	0.648	11	GGA/GAG/AGG	NA	NA	NA	0	0	0	1	NA	NA	NA	NA	NA
JPYC01000341.1_3	1737	2237	501	-1	0.691	11	GGA/GAG/AGG	NA	NA	NA	0	0	0	1	NA	NA	NA	NA	NA
JPYC01000342.1_1	3	713	711	-1	0.667	11	GGAG/GAGG	GENOMAD.114541.CP	9.755e-21	94	0	0	0	1	NA	NA	NA	PF01039;K01604;TIGR01117;COG4799	methylmalonyl-CoA decarboxylase alpha subunit
JPYC01000342.1_2	724	1887	1164	-1	0.655	11	GGAG/GAGG	NA	NA	NA	0	0	0	1	NA	NA	NA	NA	NA
JPYC01000342.1_3	2016	2636	621	1	0.675	11	None	GENOMAD.140552.CP	1.196e-08	57	0	0	0	1	NA	NA	NA	PF13022;PF13305;TIGR03384;COG3226;K03577	transcriptional repressor BetI
JPYC01000342.1_4	2723	3097	375	1	0.672	11	GGAG/GAGG	GENOMAD.120494.PC	1.549e-33	126	0	0	0	1	NA	NA	NA	PF09722;COG5642;TIGR02293	Uncharacterized conserved protein, DUF2384 family
JPYC01000342.1_5	3094	3618	525	1	0.682	11	GGA/GAG/AGG	GENOMAD.124316.PC	4.005e-37	139	0	0	0	1	NA	NA	NA	PF08808;COG5654	Uncharacterized conserved protein, contains RES domain
JPYC01000342.1_6	3725	4060	336	-1	0.652	11	AGGA	GENOMAD.219541.CP	0.0001328	42	0	0	0	1	NA	NA	NA	PF11804	NA
JPYC01000342.1_7	4057	5676	1620	-1	0.656	11	GGAG/GAGG	GENOMAD.170158.CP	6.83e-161	516	0	0	0	1	NA	NA	NA	PF03929;COG3182	PepSY-associated TM region
JPYC01000342.1_8	5673	5984	312	-1	0.689	11	GGxGG	GENOMAD.216216.PC	1.406e-09	56	0	0	0	1	NA	NA	NA	PF12365	NA
JPYC01000342.1_9	6166	6810	645	-1	0.657	11	AGGAG	GENOMAD.207164.CP	1.665e-83	275	0	0	0	1	NA	NA	NA	PF10670;COG5266;K10094	Uncharacterized conserved protein, contains GH25 family domain
JPYC01000342.1_10	7093	7611	519	1	0.642	11	GGA/GAG/AGG	GENOMAD.145284.CP	2.459e-84	275	0	0	0	1	NA	NA	NA	PF09086;COG3245;TIGR04494;K12263	Cytochrome c5
JPYC01000342.1_11	7888	9606	1719	1	0.679	11	GGAG/GAGG	GENOMAD.159408.CP	2.164e-89	309	0	0	0	1	NA	NA	NA	PF19580;PF18942;K07004;COG2374;TIGR03395	Predicted extracellular nuclease
JPYC01000342.1_12	9662	10105	444	1	0.516	11	GGAGG	NA	NA	NA	0	0	0	1	NA	NA	NA	NA	NA
JPYC01000342.1_13	10196	10573	378	-1	0.701	11	GGA/GAG/AGG	GENOMAD.016773.CC	1.695e-16	77	0	0	0	1	NA	NA	NA	PF03203	MerC mercury resistance protein
JPYC01000342.1_14	10635	11960	1326	1	0.675	11	GGA/GAG/AGG	GENOMAD.158697.CP	8.322e-16	83	0	0	0	1	NA	NA	NA	PF07683;TIGR02475;COG0523;K02234	cobalamin biosynthesis protein CobW
JPYC01000342.1_15	12124	12699	576	-1	0.627	11	None	NA	NA	NA	0	0	0	1	NA	NA	NA	NA	NA
JPYC01000342.1_16	13435	14310	876	-1	0.647	11	None	GENOMAD.007407.CC	1.785e-64	224	0	0	0	1	NA	NA	NA	PF06800;TIGR03340;COG5070;K15270	phosphonate utilization associated putative membrane protein
JPYC01000342.1_17	14377	15039	663	1	0.667	11	None	GENOMAD.118620.CP	1.147e-35	137	0	0	0	1	NA	NA	NA	PF08538;K07018;COG2945;TIGR03100	Alpha/beta superfamily hydrolase
JPYC01000342.1_18	15121	16215	1095	1	0.647	11	GGAG/GAGG	GENOMAD.133423.CP	5.904e-47	176	0	0	0	1	NA	NA	NA	PF03969;K06916;COG1485;TIGR03420	Predicted ATPase
JPYC01000342.1_19	16615	17076	462	1	0.647	11	None	NA	NA	NA	0	0	0	1	NA	NA	NA	NA	NA
JPYC01000342.1_20	17176	17604	429	1	0.667	11	GGAG/GAGG	GENOMAD.158031.CP	4.637e-21	91	0	0	0	1	NA	NA	NA	PF02566;K04063;COG1765;TIGR03561	Uncharacterized OsmC-related protein
JPYC01000342.1_21	17839	18642	804	-1	0.689	11	GGA/GAG/AGG	GENOMAD.038780.CC	6.986e-128	406	0	0	0	1	NA	NA	NA	NA	NA
JPYC01000342.1_22	18862	19278	417	1	0.662	11	GGAG/GAGG	NA	NA	NA	0	0	0	1	NA	NA	NA	NA	NA
JPYC01000342.1_23	19588	20790	1203	-1	0.633	11	GGAG/GAGG	GENOMAD.047390.PP	1.848e-33	137	0	0	0	1	NA	NA	NA	NA	NA
JPYC01000343.1_1	2	1387	1386	-1	0.661	11	None	NA	NA	NA	0	0	0	1	NA	NA	NA	NA	NA
JPYC01000343.1_2	1392	3461	2070	-1	0.667	11	None	NA	NA	NA	0	0	0	1	NA	NA	NA	NA	NA
JPYC01000343.1_3	3458	4276	819	-1	0.683	11	None	GENOMAD.181762.CP	3.185e-139	439	0	0	0	1	NA	NA	NA	PF19805;PF16537;K02452;TIGR01713;COG3031	type II secretion system protein C
JPYC01000343.1_4	4435	5235	801	-1	0.617	11	None	NA	NA	NA	0	0	0	1	NA	NA	NA	NA	NA
JPYC01000344.1_1	518	1600	1083	1	0.532	11	GGA/GAG/AGG	NA	NA	NA	0	0	0	1	NA	NA	NA	NA	NA
JPYC01000344.1_2	1767	4892	3126	-1	0.651	11	AGxAGG/AGGxGG	NA	NA	NA	0	0	0	1	NA	NA	NA	NA	NA
JPYC01000344.1_3	4889	5950	1062	-1	0.681	11	None	NA	NA	NA	0	0	0	1	NA	NA	NA	NA	NA
JPYC01000345.1_1	1	918	918	1	0.666	11	None	NA	NA	NA	0	0	0	1	NA	NA	NA	NA	NA
JPYC01000345.1_2	905	1732	828	1	0.709	11	None	NA	NA	NA	0	0	0	1	NA	NA	NA	NA	NA
JPYC01000345.1_3	1889	2449	561	1	0.624	11	None	NA	NA	NA	0	0	0	1	NA	NA	NA	NA	NA
JPYC01000345.1_4	2858	3664	807	1	0.698	11	None	NA	NA	NA	0	0	0	1	NA	NA	NA	NA	NA
JPYC01000345.1_5	3913	4593	681	-1	0.689	11	None	GENOMAD.137324.CP	3.442e-07	53	0	0	0	1	NA	NA	NA	PF03031;TIGR02009;K24204;COG0241	beta-phosphoglucomutase family hydrolase
JPYC01000345.1_6	4590	5303	714	-1	0.664	11	GGAG/GAGG	GENOMAD.106866.CP	1.057e-17	85	0	0	0	1246	Caudoviricetes	NA	NA	COG1187	16S rRNA U516 pseudouridylate synthase RsuA and related 23S rRNA U2605, pseudouridylate synthases
JPYC01000345.1_7	5300	6367	1068	-1	0.687	11	None	GENOMAD.092187.CP	1.973e-62	221	0	0	0	1	NA	NA	NA	PF05175;PF08468;K00564;COG2813;TIGR03704	16S rRNA G1207 methylase RsmC
JPYC01000345.1_8	7456	7719	264	1	0.640	11	GGAG/GAGG	NA	NA	NA	0	0	0	1	NA	NA	NA	NA	NA
JPYC01000345.1_9	7758	9095	1338	-1	0.658	11	AGGA	NA	NA	NA	0	0	0	1	NA	NA	NA	NA	NA
JPYC01000345.1_10	9184	9492	309	-1	0.621	11	GGAG/GAGG	NA	NA	NA	0	0	0	1	NA	NA	NA	NA	NA
JPYC01000345.1_11	9824	11770	1947	-1	0.652	11	GGA/GAG/AGG	NA	NA	NA	0	0	0	1	NA	NA	NA	NA	NA
JPYC01000345.1_12	11966	12256	291	-1	0.649	11	AGGAG	NA	NA	NA	0	0	0	1	NA	NA	NA	NA	NA
JPYC01000345.1_13	12243	12689	447	-1	0.658	11	None	NA	NA	NA	0	0	0	1	NA	NA	NA	NA	NA
JPYC01000345.1_14	12939	13514	576	1	0.667	11	GGAGG	GENOMAD.213575.CP	4.769e-23	99	0	0	0	1	NA	NA	NA	PF11454;COG2372	NA
JPYC01000345.1_15	13748	14845	1098	-1	0.687	11	GGAGG	NA	NA	NA	0	0	0	1	NA	NA	NA	NA	NA
JPYC01000345.1_16	14845	16134	1290	-1	0.695	11	AGGAG	NA	NA	NA	0	0	0	1	NA	NA	NA	NA	NA
JPYC01000345.1_17	16283	16762	480	1	0.637	11	None	GENOMAD.140723.CP	1.946e-20	90	0	0	0	1	NA	NA	NA	PF17805;PF02295;K05800;COG1522;TIGR02702	DNA-binding transcriptional regulator, Lrp family
JPYC01000345.1_18	16848	17276	429	-1	0.720	11	GGA/GAG/AGG	NA	NA	NA	0	0	0	1	NA	NA	NA	NA	NA
JPYC01000345.1_19	17516	17980	465	1	0.684	11	GGA/GAG/AGG	NA	NA	NA	0	0	0	1	NA	NA	NA	NA	NA
JPYC01000345.1_20	18323	18814	492	1	0.726	11	AGGAG	GENOMAD.191334.CP	4.659e-08	54	0	0	0	1	NA	NA	NA	PF09864;COG3650	Membrane-bound inhibitor of C-type lysozyme
JPYC01000345.1_21	18912	19766	855	1	0.640	11	None	NA	NA	NA	0	0	0	1	NA	NA	NA	NA	NA
JPYC01000345.1_22	19777	20934	1158	1	0.675	11	GGA/GAG/AGG	GENOMAD.133946.CP	5.956e-40	156	0	0	0	1	NA	NA	NA	PF13677;COG1360;TIGR03350	Flagellar motor protein MotB
JPYC01000345.1_23	21177	21761	585	1	0.663	11	GGA/GAG/AGG	NA	NA	NA	0	0	0	1	NA	NA	NA	NA	NA
JPYC01000345.1_24	21770	22054	285	1	0.705	11	None	NA	NA	NA	0	0	0	1	NA	NA	NA	NA	NA
JPYC01000346.1_1	187	1458	1272	-1	0.675	11	AGGA	GENOMAD.118636.CP	3.517e-11	68	0	0	0	1	NA	NA	NF000272	PF12700;K15727;TIGR01730;COG0845	RND family efflux transporter, MFP subunit
JPYC01000346.1_2	1641	2912	1272	-1	0.719	11	GGAG/GAGG	GENOMAD.145263.CP	1.644e-63	227	0	0	0	1	NA	NA	NA	PF02321;K15725;TIGR01845;COG1538	efflux transporter, outer membrane factor (OMF) lipoprotein, NodT family
JPYC01000346.1_3	2968	3351	384	-1	0.698	11	None	NA	NA	NA	0	0	0	1	NA	NA	NA	NA	NA
JPYC01000347.1_1	1	1611	1611	-1	0.629	11	None	NA	NA	NA	0	0	0	1	NA	NA	NA	NA	NA
JPYC01000348.1_1	1	354	354	-1	0.678	11	GGAG/GAGG	GENOMAD.192885.CP	9.819e-60	201	0	0	0	1	NA	NA	NA	PF05134;TIGR01709;COG3297;K02461	type II secretion system protein L
JPYC01000348.1_2	351	1340	990	-1	0.659	11	GGA/GAG/AGG	GENOMAD.151006.CP	3.267e-19	92	0	0	0	1	NA	NA	NA	PF03934;K02460;COG3156;TIGR00426	Type II secretory pathway, component PulK
JPYC01000348.1_3	1340	1942	603	-1	0.682	11	GGAG/GAGG	GENOMAD.195831.CP	4.653e-06	49	0	0	0	1	NA	NA	NA	PF07379;K02459;TIGR01711;COG4795	type II secretion system protein J
JPYC01000348.1_4	1939	2319	381	-1	0.672	11	None	GENOMAD.176788.CP	1.466e-09	57	0	0	0	1	NA	NA	NA	PF02501;K02458;TIGR01707;COG2165	type II secretion system protein I
JPYC01000348.1_5	2303	2626	324	-1	0.633	11	None	GENOMAD.179080.CP	1.571e-57	194	0	0	0	1	NA	NA	NA	PF12019;PF07379;K02457;TIGR01708;COG4970	type II secretion system protein H
JPYC01000349.1_1	20	2914	2895	-1	0.665	11	None	GENOMAD.161283.VC	1.873e-36	153	0	0	0	1246	Caudoviricetes	NA	NA	PF17657;COG1387	Bacterial DNA polymerase III alpha subunit finger domain
JPYC01000035.1_1	1	624	624	-1	0.625	11	GGAG/GAGG	NA	NA	NA	0	0	0	1	NA	NA	NA	NA	NA
JPYC01000035.1_2	621	1661	1041	-1	0.632	11	AGGA	NA	NA	NA	0	0	0	1	NA	NA	NA	NA	NA
JPYC01000035.1_3	1865	2107	243	-1	0.654	11	AGGA	NA	NA	NA	0	0	0	1	NA	NA	NA	NA	NA
JPYC01000035.1_4	3245	4096	852	1	0.690	11	GGA/GAG/AGG	NA	NA	NA	0	0	0	1	NA	NA	NA	NA	NA
JPYC01000350.1_1	1	1395	1395	-1	0.670	11	None	GENOMAD.137972.CP	7.887e-189	593	0	0	0	1	NA	NA	NA	PF01855;PF17147;K04090;TIGR03336;COG4231	indolepyruvate ferredoxin oxidoreductase, alpha subunit
JPYC01000350.1_2	1645	2226	582	1	0.691	11	GGAGG	GENOMAD.177989.CP	6.157e-93	301	0	0	0	1	NA	NA	NA	PF09976;COG3063;TIGR03302	Tetratricopeptide repeat-like domain
JPYC01000350.1_3	2959	3978	1020	1	0.656	11	GGAG/GAGG	GENOMAD.129517.CP	1.017e-25	112	0	0	0	1	NA	NA	NA	PF13593;K24180;TIGR00946;COG0679	he Auxin Efflux Carrier (AEC) Family
JPYC01000350.1_4	4302	4934	633	1	0.662	11	GGAG/GAGG	NA	NA	NA	0	0	0	1	NA	NA	NA	NA	NA
JPYC01000350.1_5	4950	5426	477	1	0.709	11	GGA/GAG/AGG	GENOMAD.133985.CP	2.941e-14	72	0	0	0	1	NA	NA	NA	PF00300;K08296;TIGR00249;COG2062	phosphohistidine phosphatase SixA
JPYC01000350.1_6	5430	6002	573	1	0.634	11	GGxGG	GENOMAD.138165.CP	8.624e-09	57	0	0	0	1	NA	NA	NA	PF04264;COG2353	Polyisoprenoid-binding periplasmic protein YceI
JPYC01000350.1_7	5999	8017	2019	1	0.668	11	AGGAGG	NA	NA	NA	0	0	0	1	NA	NA	NA	NA	NA
JPYC01000351.1_1	2	1447	1446	1	0.635	11	None	GENOMAD.178349.CP	3.375e-69	246	0	0	0	1	NA	NA	NA	COG4773;K16091	Outer membrane receptor for ferric coprogen and ferric-rhodotorulic acid
JPYC01000351.1_2	1725	2759	1035	1	0.632	11	GGA/GAG/AGG	NA	NA	NA	0	0	0	1	NA	NA	NA	NA	NA
JPYC01000352.1_1	60	2405	2346	-1	0.679	11	GGA/GAG/AGG	NA	NA	NA	0	0	0	1	NA	NA	NA	NA	NA
JPYC01000352.1_2	2419	2886	468	-1	0.688	11	GGA/GAG/AGG	GENOMAD.074923.VV	1.125e-15	76	0	0	0	1246	Caudoviricetes	NA	NA	PF00692;COG0756;TIGR00576;K04068	dUTPase
JPYC01000352.1_3	2883	4157	1275	-1	0.699	11	AGGA	NA	NA	NA	0	0	0	1	NA	NA	NA	NA	NA
JPYC01000352.1_4	4200	4931	732	1	0.706	11	None	NA	NA	NA	0	0	0	1	NA	NA	NA	NA	NA
JPYC01000352.1_5	5019	6707	1689	1	0.661	11	None	GENOMAD.091942.CP	6.137e-11	68	0	0	0	1	NA	NA	NA	PF03485;PF05746	Arginyl tRNA synthetase N terminal domain; DALR anticodon binding domain
JPYC01000352.1_6	6887	7771	885	1	0.715	11	GGAG/GAGG	GENOMAD.001436.CC	6.315e-98	321	0	0	0	1	NA	NA	NA	NA	NA
JPYC01000352.1_7	7799	8311	513	1	0.725	11	None	GENOMAD.214208.CP	5.686e-06	48	0	0	0	1	NA	NA	NA	NA	NA
JPYC01000352.1_8	8350	9105	756	1	0.684	11	GGAG/GAGG	NA	NA	NA	0	0	0	1	NA	NA	NA	NA	NA
JPYC01000352.1_9	9352	10161	810	-1	0.653	11	None	NA	NA	NA	0	0	0	1	NA	NA	NA	NA	NA
JPYC01000352.1_10	10615	11943	1329	-1	0.691	11	GGAG/GAGG	NA	NA	NA	0	0	0	1	NA	NA	NA	NA	NA
JPYC01000352.1_11	11936	13684	1749	-1	0.675	11	None	GENOMAD.177921.CP	6.147e-07	55	0	0	0	1	NA	NA	NA	PF00975;COG3208;TIGR01738;K12242	Surfactin synthase thioesterase subunit
JPYC01000352.1_12	13729	15936	2208	-1	0.643	11	AGGA	GENOMAD.171718.CP	2.823e-05	50	0	0	0	1	NA	NA	NA	PF00501;TIGR03098;K02182;COG1021	acyl-CoA ligase (AMP-forming), exosortase A-associated
JPYC01000352.1_13	16809	18695	1887	-1	0.649	11	GGA/GAG/AGG	GENOMAD.092845.CP	2.712e-156	507	0	0	0	1	NA	NA	NA	PF02784;PF17810;PF17944;COG1166;K01583;TIGR01273	Arginine decarboxylase (spermidine biosynthesis)
JPYC01000352.1_14	18917	19675	759	1	0.630	11	AGGA	NA	NA	NA	0	0	0	1	NA	NA	NA	NA	NA
JPYC01000353.1_1	3	158	156	1	0.686	11	None	NA	NA	NA	0	0	0	1	NA	NA	NA	NA	NA
JPYC01000353.1_2	155	238	84	1	0.655	11	None	NA	NA	NA	0	0	0	1	NA	NA	NA	NA	NA
JPYC01000354.1_1	6	866	861	-1	0.613	11	GGAG/GAGG	NA	NA	NA	0	0	0	1	NA	NA	NA	NA	NA
JPYC01000354.1_2	875	1162	288	-1	0.660	11	AGGAG	NA	NA	NA	0	0	0	1	NA	NA	NA	NA	NA
JPYC01000355.1_1	2	661	660	1	0.653	11	None	NA	NA	NA	0	0	0	1	NA	NA	NA	NA	NA
JPYC01000355.1_2	768	920	153	1	0.614	11	GGAG/GAGG	NA	NA	NA	0	0	0	1	NA	NA	NA	NA	NA
JPYC01000355.1_3	995	1129	135	1	0.622	11	AGGAG	NA	NA	NA	0	0	0	1	NA	NA	NA	NA	NA
JPYC01000355.1_4	1357	1566	210	1	0.581	11	GGAG/GAGG	GENOMAD.193185.CP	0.0001353	40	0	0	0	1	NA	NA	NA	PF05532;COG3237	Uncharacterized conserved protein YjbJ, UPF0337 family
JPYC01000355.1_5	1733	3022	1290	1	0.629	11	None	NA	NA	NA	0	0	0	1	NA	NA	NA	NA	NA
JPYC01000355.1_6	3151	4095	945	1	0.651	11	None	GENOMAD.140931.CP	1.276e-24	108	0	0	0	1	NA	NA	NF033105	PF19583;K20257;TIGR04558;COG0426	quinoprotein relay system zinc metallohydrolase 1
JPYC01000355.1_7	4497	6149	1653	1	0.667	11	None	GENOMAD.140543.CP	1.143e-06	54	0	0	0	1	NA	NA	NA	PF16254;K19701;COG4882	Predicted aminopeptidase, Iap family
JPYC01000355.1_8	6486	6959	474	-1	0.679	11	None	GENOMAD.123979.PP	1.97e-79	260	0	0	0	1	NA	NA	NA	PF18602	Rap1a immunity proteins
JPYC01000355.1_9	7039	7935	897	1	0.683	11	None	GENOMAD.142573.CP	1.646e-15	80	0	0	0	1	NA	NA	NA	K15269;COG5006	Threonine/homoserine efflux transporter RhtA
JPYC01000355.1_10	7932	8840	909	1	0.674	11	GGA/GAG/AGG	GENOMAD.142391.CP	5.171e-76	258	0	0	0	1	NA	NA	NA	PF06027;K05786;COG2962;TIGR00688	Uncharacterized membrane protein RarD, contains two EamA domains
JPYC01000355.1_11	8917	10032	1116	-1	0.688	11	None	GENOMAD.178547.CP	2.088e-05	49	0	0	0	1	NA	NA	NA	PF02273;TIGR01607;COG1647;K01054	Plasmodium subtelomeric family (PST-A)
JPYC01000355.1_12	10200	11519	1320	-1	0.668	11	AGGAG	GENOMAD.125873.CP	0.0009471	44	0	0	0	1	NA	NA	NA	PF02687;TIGR01185;COG4591;K09808	DevC protein
JPYC01000355.1_13	11533	12693	1161	-1	0.626	11	GGAG/GAGG	NA	NA	NA	0	0	0	1	NA	NA	NA	NA	NA
JPYC01000355.1_14	12706	13395	690	-1	0.625	11	AGGAG	NA	NA	NA	0	0	0	1	NA	NA	NA	NA	NA
JPYC01000355.1_15	13770	14537	768	-1	0.663	11	None	NA	NA	NA	0	0	0	1	NA	NA	NA	NA	NA
JPYC01000356.1_1	2	499	498	1	0.707	11	None	GENOMAD.146515.CP	1.753e-24	102	0	0	0	1	NA	NA	NA	PF01234;PF20225;COG4976;TIGR02021;K06219	Predicted methyltransferase, contains TPR repeat
JPYC01000356.1_2	649	2616	1968	1	0.655	11	GGA/GAG/AGG	NA	NA	NA	0	0	0	1	NA	NA	NA	NA	NA
JPYC01000356.1_3	2613	3161	549	1	0.727	11	None	GENOMAD.218216.PC	2.49e-46	166	0	0	0	1	NA	NA	NA	PF22011	NA
JPYC01000356.1_4	3481	4044	564	1	0.693	11	AGGAG	GENOMAD.180615.PC	8.254e-09	57	0	0	0	1	NA	NA	NA	PF20232;PF00498;TIGR03354;K11894;COG3456	type VI secretion system FHA domain protein
JPYC01000357.1_1	2	3712	3711	-1	0.627	11	GGA/GAG/AGG	GENOMAD.061759.CV	1.19e-38	161	1	0	0	1	NA	NA	NA	PF04563;K03043;TIGR02013;COG0085	DNA-directed RNA polymerase, beta subunit
JPYC01000357.1_2	4004	4369	366	-1	0.598	11	GGA/GAG/AGG	GENOMAD.114551.CV	1.217e-26	106	1	0	0	1246	Caudoviricetes	NA	NA	PF16320;PF00542;COG0222;TIGR00855	Ribosomal protein L7/L12
JPYC01000357.1_3	4424	4957	534	-1	0.639	11	GGAGG	GENOMAD.081842.CV	1.232e-24	103	1	0	0	1	NA	NA	NA	PF00466;K02864;COG0244	Ribosomal protein L10
JPYC01000357.1_4	5500	6198	699	-1	0.649	11	GGAGG	NA	NA	NA	0	0	0	1	NA	NA	NA	NA	NA
JPYC01000357.1_5	6202	6630	429	-1	0.611	11	GGAG/GAGG	NA	NA	NA	0	0	0	1	NA	NA	NA	NA	NA
JPYC01000357.1_6	6829	7386	558	-1	0.600	11	AGGAG	GENOMAD.116512.CV	6.882e-26	107	0	0	0	1246	Caudoviricetes	NA	NA	PF02357;PF00467;K02601;TIGR00922;COG0250	transcription termination/antitermination factor NusG
JPYC01000357.1_7	7400	7807	408	-1	0.586	11	GGA/GAG/AGG	GENOMAD.085104.CV	6.794e-72	237	0	0	0	1	NA	NA	NA	PF00584;TIGR00964;COG0690	preprotein translocase, SecE subunit, bacterial
JPYC01000357.1_8	8039	8140	102	-1	0.608	11	None	NA	NA	NA	0	0	0	1	NA	NA	NA	NA	NA
JPYC01000358.1_1	1	747	747	1	0.624	11	None	NA	NA	NA	0	0	0	1	NA	NA	NA	NA	NA
JPYC01000358.1_2	977	1759	783	1	0.618	11	GGA/GAG/AGG	NA	NA	NA	0	0	0	1	NA	NA	NA	NA	NA
JPYC01000358.1_3	1871	2119	249	1	0.610	11	GGAG/GAGG	GENOMAD.002160.CC	5.261e-11	59	0	0	0	1	NA	NA	NA	PF03937;COG2938;K09159	Succinate dehydrogenase flavin-adding protein, antitoxin component of the CptAB toxin-antitoxin module
JPYC01000358.1_4	2546	3787	1242	1	0.621	11	None	GENOMAD.112745.CP	1.024e-66	236	0	0	0	1	NA	NA	NA	PF12704;PF02687;K09808;TIGR02213;COG4591	lipoprotein releasing system, transmembrane protein LolE
JPYC01000358.1_5	3780	4514	735	1	0.646	11	GGAGG	NA	NA	NA	0	0	0	1	NA	NA	NA	NA	NA
JPYC01000358.1_6	4725	5789	1065	-1	0.633	11	AGGAG	NA	NA	NA	0	0	0	1	NA	NA	NA	NA	NA
JPYC01000359.1_1	3	239	237	-1	0.658	11	GGA/GAG/AGG	NA	NA	NA	0	0	0	1	NA	NA	NA	NA	NA
JPYC01000359.1_2	594	2012	1419	-1	0.669	11	GGAG/GAGG	GENOMAD.138367.CP	1.283e-67	241	0	0	0	1	NA	NA	NA	PF16254;K01302;COG4882;TIGR01902	Predicted aminopeptidase, Iap family
JPYC01000359.1_3	2136	2567	432	-1	0.602	11	GGAG/GAGG	NA	NA	NA	0	0	0	1	NA	NA	NA	NA	NA
JPYC01000359.1_4	2628	3341	714	-1	0.658	11	GGAG/GAGG	NA	NA	NA	0	0	0	1	NA	NA	NA	NA	NA
JPYC01000359.1_5	3806	4081	276	-1	0.656	11	None	GENOMAD.221228.CP	0.000148	41	0	0	0	1	NA	NA	NA	NA	NA
JPYC01000359.1_6	4340	4681	342	1	0.652	11	None	GENOMAD.162129.CP	3.127e-13	67	0	0	0	1	NA	NA	NA	PF13806;COG2146;TIGR02377;K05710	Ferredoxin subunit of nitrite reductase or a ring-hydroxylating dioxygenase
JPYC01000359.1_7	4742	6604	1863	-1	0.642	11	None	NA	NA	NA	0	0	0	1	NA	NA	NA	NA	NA
JPYC01000359.1_8	7706	8500	795	-1	0.655	11	None	NA	NA	NA	0	0	0	1	NA	NA	NA	NA	NA
JPYC01000359.1_9	8550	8750	201	-1	0.637	11	None	GENOMAD.105856.CP	9.956e-13	63	0	0	0	1	NA	NA	NA	PF14453;COG2104;TIGR01683	Sulfur carrier protein ThiS (thiamine biosynthesis)
JPYC01000359.1_10	8907	9956	1050	1	0.682	11	GGA/GAG/AGG	GENOMAD.190183.CP	5.872e-33	134	0	0	0	1	NA	NA	NA	K12686;COG3240	Phospholipase/lecithinase/hemolysin
JPYC01000359.1_11	9987	10724	738	1	0.652	11	None	NA	NA	NA	0	0	0	1	NA	NA	NA	NA	NA
JPYC01000359.1_12	11168	12373	1206	1	0.600	11	None	NA	NA	NA	0	0	0	1	NA	NA	NA	NA	NA
JPYC01000036.1_1	134	1444	1311	1	0.645	11	AGGA	NA	NA	NA	0	0	0	1	NA	NA	NA	NA	NA
JPYC01000036.1_2	1466	2278	813	1	0.652	11	None	NA	NA	NA	0	0	0	1	NA	NA	NA	NA	NA
JPYC01000036.1_3	2428	4647	2220	1	0.666	11	GGA/GAG/AGG	GENOMAD.223208.PC	2.394e-22	106	0	0	0	1	NA	NA	NA	PF03170	Bacterial cellulose synthase subunit
JPYC01000036.1_4	4644	5825	1182	1	0.688	11	GGxGG	NA	NA	NA	0	0	0	1	NA	NA	NA	NA	NA
JPYC01000036.1_5	5807	6070	264	1	0.678	11	GGAG/GAGG	NA	NA	NA	0	0	0	1	NA	NA	NA	NA	NA
JPYC01000360.1_1	2	361	360	1	0.697	11	None	NA	NA	NA	0	0	0	1	NA	NA	NA	NA	NA
JPYC01000360.1_2	358	1845	1488	1	0.677	11	AGGAG	GENOMAD.097666.CP	5.77e-08	58	1	0	0	1	NA	NA	NA	PF16292;PF02875;COG0769;TIGR01085;K01928	UDP-N-acetylmuramyl tripeptide synthase
JPYC01000360.1_3	1842	3353	1512	1	0.676	11	GGAG/GAGG	GENOMAD.097137.CP	2.683e-26	117	1	0	0	1	NA	NA	NA	PF08245;PF02875;K01929;TIGR01143;COG0770	UDP-N-acetylmuramoyl-tripeptide--D-alanyl-D-alanine ligase
JPYC01000360.1_4	3343	4428	1086	1	0.625	11	GGAGG	GENOMAD.038387.CC	7.01e-81	275	1	0	0	1	NA	NA	NA	PF00953;PF10555;K01000;TIGR00445;COG0472	phospho-N-acetylmuramoyl-pentapeptide-transferase
JPYC01000360.1_5	4428	5804	1377	1	0.662	11	GGA/GAG/AGG	NA	NA	NA	0	0	0	1	NA	NA	NA	NA	NA
JPYC01000360.1_6	5852	6790	939	1	0.701	11	None	GENOMAD.101276.CP	2.952e-45	169	0	0	0	1246	Caudoviricetes	NA	NA	PF02684;K02563;TIGR01133;COG0707	undecaprenyldiphospho-muramoylpentapeptide beta-N-acetylglucosaminyltransferase
JPYC01000361.1_1	36	863	828	-1	0.664	11	AGGAG	NA	NA	NA	0	0	0	1	NA	NA	NA	NA	NA
JPYC01000361.1_2	911	2497	1587	-1	0.659	11	GGA/GAG/AGG	NA	NA	NA	0	0	0	1	NA	NA	NA	NA	NA
JPYC01000361.1_3	3102	4310	1209	1	0.620	11	GGA/GAG/AGG	NA	NA	NA	0	0	0	1	NA	NA	NA	NA	NA
JPYC01000361.1_4	4371	4985	615	1	0.649	11	GGA/GAG/AGG	GENOMAD.207688.CP	0.0009339	42	0	0	0	1	NA	NA	NA	K01994	NA
JPYC01000361.1_5	4982	8071	3090	1	0.613	11	None	NA	NA	NA	0	0	0	1	NA	NA	NA	NA	NA
JPYC01000361.1_6	8068	8712	645	1	0.631	11	AGGAG	NA	NA	NA	0	0	0	1	NA	NA	NA	NA	NA
JPYC01000361.1_7	8852	9238	387	1	0.638	11	AGGA	NA	NA	NA	0	0	0	1	NA	NA	NA	NA	NA
JPYC01000361.1_8	9660	12677	3018	1	0.626	11	GGA/GAG/AGG	NA	NA	NA	0	0	0	1	NA	NA	NA	NA	NA
JPYC01000362.1_1	2	661	660	-1	0.698	11	None	NA	NA	NA	0	0	0	1	NA	NA	NA	NA	NA
JPYC01000362.1_2	891	1454	564	-1	0.725	11	GGAG/GAGG	NA	NA	NA	0	0	0	1	NA	NA	NA	NA	NA
JPYC01000362.1_3	1465	3261	1797	-1	0.646	11	None	NA	NA	NA	0	0	0	1	NA	NA	NA	NA	NA
JPYC01000363.1_1	84	995	912	-1	0.634	11	None	NA	NA	NA	0	0	0	1	NA	NA	NA	NA	NA
JPYC01000363.1_2	1233	2219	987	1	0.615	11	AGGAG	GENOMAD.076707.PP	1.656e-174	544	0	0	0	1	NA	NA	NA	NA	NA
JPYC01000363.1_3	2306	3682	1377	-1	0.618	11	None	NA	NA	NA	0	0	0	1	NA	NA	NA	NA	NA
JPYC01000363.1_4	4468	4683	216	-1	0.676	11	GGAG/GAGG	NA	NA	NA	0	0	0	1	NA	NA	NA	NA	NA
JPYC01000363.1_5	4982	5755	774	1	0.660	11	GGA/GAG/AGG	NA	NA	NA	0	0	0	1	NA	NA	NA	NA	NA
JPYC01000363.1_6	5853	6728	876	-1	0.624	11	GGAG/GAGG	GENOMAD.145601.CP	6.294e-06	50	0	0	0	1	NA	NA	NA	PF16913;K15269;COG2962;TIGR03340	Uncharacterized membrane protein RarD, contains two EamA domains
JPYC01000363.1_7	6894	7808	915	1	0.666	11	GGA/GAG/AGG	GENOMAD.137507.CV	3.791e-49	180	0	0	0	1	NA	NA	NA	PF10672;K06983;COG2521;TIGR00537	Predicted archaeal methyltransferase
JPYC01000363.1_8	8003	8404	402	1	0.647	11	GGA/GAG/AGG	NA	NA	NA	0	0	0	1	NA	NA	NA	NA	NA
JPYC01000364.1_1	2	223	222	1	0.721	11	None	NA	NA	NA	0	0	0	1	NA	NA	NA	NA	NA
JPYC01000364.1_2	227	595	369	1	0.699	11	None	GENOMAD.070647.CV	1.245e-18	83	0	0	0	1	NA	NA	NA	PF02021;K07460;COG0792;TIGR00252	Predicted endonuclease distantly related to archaeal Holliday junction resolvase
JPYC01000364.1_3	637	1164	528	1	0.684	11	None	GENOMAD.040030.CC	5.002e-78	257	0	0	0	1	NA	NA	NA	PF04307;COG1988;K07038	Membrane-bound metal-dependent hydrolase YbcI, DUF457 family
JPYC01000364.1_4	1161	2558	1398	1	0.689	11	AGGA	GENOMAD.127021.CP	1.054e-07	57	0	0	0	1	NA	NA	NA	PF18690;TIGR00387	glycolate oxidase, subunit GlcD
JPYC01000364.1_5	2563	3234	672	1	0.601	11	None	NA	NA	NA	0	0	0	1	NA	NA	NA	NA	NA
JPYC01000364.1_6	3215	3931	717	-1	0.672	11	None	NA	NA	NA	0	0	0	1	NA	NA	NA	NA	NA
JPYC01000364.1_7	3921	6509	2589	-1	0.684	11	None	GENOMAD.153600.CP	5.392e-60	228	0	0	0	1	NA	NA	NA	PF02702;K07646;COG2205	K+-sensing histidine kinase KdpD
JPYC01000365.1_1	73	2313	2241	1	0.655	11	GGA/GAG/AGG	GENOMAD.092979.CV	2.231e-75	273	0	0	0	1246	Caudoviricetes	NA	NA	PF02092;COG0751;TIGR00211	Glycyl-tRNA synthetase, beta subunit
JPYC01000365.1_2	2313	3920	1608	1	0.662	11	None	NA	NA	NA	0	0	0	1	NA	NA	NA	NA	NA
JPYC01000365.1_3	4173	4370	198	-1	0.586	11	GGA/GAG/AGG	NA	NA	NA	0	0	0	1	NA	NA	NA	NA	NA
JPYC01000365.1_4	4316	6298	1983	-1	0.610	11	None	NA	NA	NA	0	0	0	1	NA	NA	NA	NA	NA
JPYC01000365.1_5	7099	8880	1782	1	0.648	11	None	GENOMAD.115234.CP	1.502e-68	248	0	0	0	1	NA	NA	NA	K07278;COG0729	Outer membrane translocation and assembly module TamA
JPYC01000365.1_6	8877	12731	3855	1	0.677	11	None	GENOMAD.097853.CP	1.463e-153	524	0	0	0	1	NA	NA	NA	PF04357;PF05170;PF13502;COG2911;K07289	Autotransporter translocation and assembly factor TamB
JPYC01000365.1_7	13002	13430	429	1	0.650	11	GGA/GAG/AGG	GENOMAD.004648.CC	1.453e-16	78	0	0	0	1	NA	NA	NA	PF01220;COG0757;TIGR01088	3-dehydroquinate dehydratase
JPYC01000365.1_8	13441	13890	450	1	0.658	11	AGGAG	GENOMAD.136442.CP	1.085e-73	243	0	0	0	1	NA	NA	NA	PF01220;COG0757;TIGR01088	3-dehydroquinate dehydratase
JPYC01000365.1_9	13871	14098	228	1	0.675	11	GGAG/GAGG	NA	NA	NA	0	0	0	1	NA	NA	NA	NA	NA
JPYC01000365.1_10	14438	14560	123	-1	0.667	11	None	NA	NA	NA	0	0	0	1	NA	NA	NA	NA	NA
JPYC01000366.1_1	1	729	729	-1	0.704	11	AGGAG	GENOMAD.143120.CP	2.674e-14	75	0	0	0	1	NA	NA	NA	PF00529;TIGR01843;K02022;COG1566	type I secretion membrane fusion protein, HlyD family
JPYC01000366.1_2	713	841	129	-1	0.705	11	None	NA	NA	NA	0	0	0	1	NA	NA	NA	NA	NA
JPYC01000367.1_1	246	1841	1596	1	0.661	11	GGA/GAG/AGG	NA	NA	NA	0	0	0	1	NA	NA	NA	NA	NA
JPYC01000367.1_2	2019	2618	600	-1	0.622	11	AGGAG	NA	NA	NA	0	0	0	1	NA	NA	NA	NA	NA
JPYC01000367.1_3	3183	4109	927	1	0.673	11	None	GENOMAD.194137.CP	1.084e-27	117	0	0	0	1	NA	NA	NA	PF09995;COG3662	Uncharacterized conserved protein, DUF2236 family
JPYC01000367.1_4	4313	6418	2106	-1	0.652	11	GGA/GAG/AGG	GENOMAD.053052.VV	4.131e-18	92	0	0	0	1	NA	NA	NA	PF01431;K07386;COG3590	Predicted metalloendopeptidase
JPYC01000367.1_5	6532	7227	696	-1	0.667	11	None	NA	NA	NA	0	0	0	1	NA	NA	NA	NA	NA
JPYC01000368.1_1	3	1583	1581	1	0.637	11	None	GENOMAD.000022.CC	4.948e-104	350	1	0	0	1246	Caudoviricetes	NA	NA	PF11987;PF14578;COG0532	Translation initiation factor IF-2, a GTPase
JPYC01000368.1_2	1728	2120	393	1	0.651	11	GGA/GAG/AGG	GENOMAD.097225.CV	1.969e-25	103	0	0	0	1246	Caudoviricetes	NA	NA	PF02033;TIGR00082;COG0858;K15986	ribosome-binding factor A
JPYC01000368.1_3	2200	3126	927	1	0.660	11	GGA/GAG/AGG	GENOMAD.036810.CC	2.715e-10	64	0	0	0	1	NA	NA	NA	PF16198	tRNA pseudouridylate synthase B C-terminal domain
JPYC01000368.1_4	3283	3543	261	1	0.582	11	GGA/GAG/AGG	GENOMAD.056361.CP	1.233e-26	104	1	0	0	1	NA	NA	NA	PF00312;TIGR00952;COG0184	ribosomal protein S15, bacterial/organelle
JPYC01000368.1_5	3712	5826	2115	1	0.629	11	GGA/GAG/AGG	GENOMAD.056657.CV	1.227e-206	657	0	0	0	1246	Caudoviricetes	NA	NA	PF01138;PF03726;PF03725;K00962;TIGR02696;COG1185	guanosine pentaphosphate synthetase I/polynucleotide phosphorylase
JPYC01000369.1_1	3	1511	1509	-1	0.649	11	None	GENOMAD.182995.VC	6.865e-05	48	0	0	0	1246	Caudoviricetes	NA	NA	PF07497;COG4776;TIGR02062	Exoribonuclease II
JPYC01000369.1_2	2056	3453	1398	-1	0.659	11	None	NA	NA	NA	0	0	0	1	NA	NA	NA	NA	NA
JPYC01000037.1_1	2	376	375	1	0.691	11	None	GENOMAD.143120.CP	1.139e-28	112	0	0	0	1	NA	NA	NA	PF00529;TIGR01843;K02022;COG1566	type I secretion membrane fusion protein, HlyD family
JPYC01000037.1_2	373	1776	1404	1	0.668	11	None	GENOMAD.153372.CP	3.834e-100	336	0	0	0	1	NA	NA	NA	PF02321;TIGR01845;COG1538;K15725	efflux transporter, outer membrane factor (OMF) lipoprotein, NodT family
JPYC01000037.1_3	2223	2417	195	1	0.610	11	GGAGG	NA	NA	NA	0	0	0	1	NA	NA	NA	NA	NA
JPYC01000037.1_4	2592	3713	1122	-1	0.656	11	GGA/GAG/AGG	GENOMAD.129532.CP	9.164e-204	631	0	0	0	1	NA	NA	NA	PF20463;PF07991;K14187;COG0287;TIGR01327	Prephenate dehydrogenase
JPYC01000037.1_5	3710	4618	909	-1	0.682	11	None	NA	NA	NA	0	0	0	1	NA	NA	NA	NA	NA
JPYC01000037.1_6	5143	6270	1128	-1	0.663	11	None	GENOMAD.121441.VC	1.857e-14	78	0	0	0	1246	Caudoviricetes	NA	NA	PF01556;COG1107	Archaea-specific RecJ-like exonuclease, contains DnaJ-type Zn finger domain
JPYC01000037.1_7	6431	8356	1926	-1	0.637	11	AGGAG	NA	NA	NA	0	0	0	1	NA	NA	NA	NA	NA
JPYC01000037.1_8	8498	9016	519	-1	0.669	11	GGA/GAG/AGG	GENOMAD.103372.CV	5.897e-07	51	0	0	0	1246	Caudoviricetes	NA	NA	PF01025;COG0576	Molecular chaperone GrpE (heat shock protein)
JPYC01000037.1_9	9115	10167	1053	-1	0.685	11	GGA/GAG/AGG	GENOMAD.093762.CV	7.508e-85	286	0	0	0	1246	Caudoviricetes	NA	NA	PF01628;PF03444;K03705;TIGR00331;COG1420	heat shock gene repressor HrcA
JPYC01000037.1_10	10284	11051	768	1	0.690	11	None	NA	NA	NA	0	0	0	1	NA	NA	NA	NA	NA
JPYC01000370.1_1	1	321	321	-1	0.614	11	AGGA	NA	NA	NA	0	0	0	1	NA	NA	NA	NA	NA
JPYC01000370.1_2	353	1018	666	-1	0.616	11	GGA/GAG/AGG	GENOMAD.136573.CP	3.487e-31	124	0	0	0	1	NA	NA	NA	PF03963;PF13861;COG1843;K02390	Flagellar hook assembly protein FlgD
JPYC01000370.1_3	1056	1463	408	-1	0.642	11	None	NA	NA	NA	0	0	0	1	NA	NA	NA	NA	NA
JPYC01000370.1_4	1467	1868	402	-1	0.652	11	GGAG/GAGG	GENOMAD.145565.CP	2.11e-17	80	0	0	0	1	NA	NA	NA	PF00460;K02387;TIGR01396;COG1815	flagellar basal-body rod protein FlgB
JPYC01000370.1_5	2202	3236	1035	-1	0.640	11	None	GENOMAD.119444.CP	0.0006466	44	0	0	0	1	NA	NA	NA	PF01584;COG0835;K13489	Chemotaxis signal transduction protein
JPYC01000370.1_6	3497	4141	645	1	0.693	11	GGA/GAG/AGG	GENOMAD.148229.CP	6.469e-30	120	0	0	0	1	NA	NA	NA	PF13144;PF17656;COG1261;TIGR03170	Flagella basal body P-ring formation protein FlgA
JPYC01000370.1_7	4208	4519	312	1	0.628	11	AGGAG	GENOMAD.141885.CP	1.447e-40	145	0	0	0	1	NA	NA	NA	PF04316;TIGR03824;COG2747	flagellar biosynthesis anti-sigma factor FlgM
JPYC01000370.1_8	4535	4867	333	1	0.658	11	None	NA	NA	NA	0	0	0	1	NA	NA	NA	NA	NA
JPYC01000370.1_9	5034	6260	1227	1	0.611	11	None	NA	NA	NA	0	0	0	1	NA	NA	NA	NA	NA
JPYC01000370.1_10	6396	8117	1722	-1	0.643	11	GGA/GAG/AGG	NA	NA	NA	0	0	0	1	NA	NA	NA	NA	NA
JPYC01000370.1_11	8121	8612	492	-1	0.661	11	None	GENOMAD.136246.CP	9.422e-10	59	0	0	0	1	NA	NA	NA	PF14501;COG3920;TIGR01924	Two-component sensor histidine kinase, HisKA and HATPase domains
JPYC01000371.1_1	2	1453	1452	1	0.694	11	None	GENOMAD.136566.CP	7.788e-06	51	0	0	0	1	NA	NA	NA	PF11849;PF14501;K07682;COG4251;TIGR01924	Bacteriophytochrome (light-regulated signal transduction histidine kinase)
JPYC01000371.1_2	1446	2087	642	1	0.679	11	GGAG/GAGG	NA	NA	NA	0	0	0	1	NA	NA	NA	NA	NA
JPYC01000371.1_3	2342	3469	1128	1	0.606	11	GGA/GAG/AGG	NA	NA	NA	0	0	0	1	NA	NA	NA	NA	NA
JPYC01000371.1_4	3514	4134	621	1	0.655	11	AGGA	NA	NA	NA	0	0	0	1	NA	NA	NA	NA	NA
JPYC01000371.1_5	4344	5267	924	-1	0.663	11	None	NA	NA	NA	0	0	0	1	NA	NA	NA	NA	NA
JPYC01000371.1_6	5383	6513	1131	1	0.660	11	None	NA	NA	NA	0	0	0	1	NA	NA	NA	NA	NA
JPYC01000371.1_7	6696	7595	900	1	0.661	11	GGAGG	GENOMAD.146096.PC	8.92e-20	93	0	0	0	1	NA	NA	NA	PF14525;PF12833;K14063;TIGR02297;COG2207	4-hydroxyphenylacetate catabolism regulatory protein HpaA
JPYC01000371.1_8	7728	8909	1182	1	0.644	11	GGAGG	NA	NA	NA	0	0	0	1	NA	NA	NA	NA	NA
JPYC01000371.1_9	8919	9227	309	1	0.670	11	AGGA	GENOMAD.141198.CP	1.494e-08	53	0	0	0	1	NA	NA	NA	PF00111;K04755;TIGR02007;COG0633	ferredoxin, 2Fe-2S type, ISC system
JPYC01000371.1_10	9250	10470	1221	1	0.681	11	GGA/GAG/AGG	NA	NA	NA	0	0	0	1	NA	NA	NA	NA	NA
JPYC01000371.1_11	10627	11517	891	-1	0.660	11	None	NA	NA	NA	0	0	0	1	NA	NA	NA	NA	NA
JPYC01000371.1_12	11627	12229	603	1	0.680	11	GGA/GAG/AGG	NA	NA	NA	0	0	0	1	NA	NA	NA	NA	NA
JPYC01000372.1_1	2	2323	2322	1	0.608	11	None	NA	NA	NA	0	0	0	1	NA	NA	NA	NA	NA
JPYC01000372.1_2	2406	3200	795	1	0.516	11	None	NA	NA	NA	0	0	0	1	NA	NA	NA	NA	NA
JPYC01000372.1_3	3197	4483	1287	1	0.575	11	GGA/GAG/AGG	GENOMAD.167613.CP	7.647e-40	157	0	0	0	1	NA	NA	NA	PF14524	Wzt C-terminal domain
JPYC01000372.1_4	4536	6683	2148	1	0.586	11	GGA/GAG/AGG	NA	NA	NA	0	0	0	1	NA	NA	NA	NA	NA
JPYC01000372.1_5	6683	9199	2517	1	0.579	11	GGAG/GAGG	GENOMAD.130456.CP	0.0001349	48	0	0	0	1	NA	NA	NA	PF07429;TIGR02472;COG0297;K19002	sucrose-phosphate synthase, putative, glycosyltransferase domain
JPYC01000372.1_6	9306	10346	1041	1	0.571	11	GGA/GAG/AGG	NA	NA	NA	0	0	0	1	NA	NA	NA	NA	NA
JPYC01000372.1_7	10330	11265	936	1	0.597	11	GGAG/GAGG	NA	NA	NA	0	0	0	1	NA	NA	NA	NA	NA
JPYC01000372.1_8	11450	13702	2253	-1	0.591	11	GGA/GAG/AGG	NA	NA	NA	0	0	0	1	NA	NA	NA	NA	NA
JPYC01000372.1_9	13797	14234	438	-1	0.555	11	GGA/GAG/AGG	GENOMAD.206789.PC	6.875e-06	47	0	0	0	1	NA	NA	NA	PF04138;COG2246	Putative flippase GtrA (transmembrane translocase of bactoprenol-linked glucose)
JPYC01000372.1_10	14221	15150	930	-1	0.591	11	AGGA	NA	NA	NA	0	0	0	1	NA	NA	NA	NA	NA
JPYC01000372.1_11	15147	16118	972	-1	0.577	11	None	NA	NA	NA	0	0	0	1	NA	NA	NA	NA	NA
JPYC01000372.1_12	16103	17206	1104	-1	0.593	11	GGA/GAG/AGG	GENOMAD.181329.VC	0.0003533	45	0	0	0	1246	Caudoviricetes	NA	NA	K13017;TIGR03588;COG0399	UDP-4-amino-4,6-dideoxy-N-acetyl-beta-L-altrosamine transaminase
JPYC01000372.1_13	17731	18675	945	-1	0.646	11	AGxAGG/AGGxGG	NA	NA	NA	0	0	0	1	NA	NA	NA	NA	NA
JPYC01000372.1_14	18675	19421	747	-1	0.660	11	AGGA/GGAG/GAGG	NA	NA	NA	0	0	0	1	NA	NA	NA	NA	NA
JPYC01000372.1_15	19657	20706	1050	1	0.615	11	GGA/GAG/AGG	GENOMAD.049396.VV	3.426e-09	61	0	0	0	15663	Prasinovirus	NA	NA	PF16363;K12450;COG1088;TIGR04180	dTDP-D-glucose 4,6-dehydratase
JPYC01000373.1_1	1	525	525	-1	0.585	11	GGAG/GAGG	NA	NA	NA	0	0	0	1	NA	NA	NA	NA	NA
JPYC01000373.1_2	638	1126	489	-1	0.609	11	None	NA	NA	NA	0	0	0	1	NA	NA	NA	NA	NA
JPYC01000374.1_1	2	217	216	-1	0.736	11	None	NA	NA	NA	0	0	0	1	NA	NA	NA	NA	NA
JPYC01000376.1_1	953	2710	1758	1	0.614	11	GGA/GAG/AGG	GENOMAD.062130.PP	2.152e-227	711	0	0	0	1	NA	NA	NA	NA	NA
JPYC01000376.1_2	2661	2879	219	1	0.644	11	None	NA	NA	NA	0	0	0	1	NA	NA	NA	NA	NA
JPYC01000376.1_3	2931	3206	276	-1	0.670	11	None	NA	NA	NA	0	0	0	1	NA	NA	NA	NA	NA
JPYC01000376.1_4	3203	3871	669	-1	0.604	11	None	NA	NA	NA	0	0	0	1	NA	NA	NA	NA	NA
JPYC01000376.1_5	3868	4515	648	-1	0.583	11	3Base/5BMM	NA	NA	NA	0	0	0	1	NA	NA	NA	NA	NA
JPYC01000376.1_6	5238	7346	2109	-1	0.626	11	GGAG/GAGG	NA	NA	NA	0	0	0	1	NA	NA	NA	NA	NA
JPYC01000376.1_7	7554	7700	147	-1	0.633	11	None	NA	NA	NA	0	0	0	1	NA	NA	NA	NA	NA
JPYC01000377.1_1	1	1308	1308	1	0.673	11	None	NA	NA	NA	0	0	0	1	NA	NA	NA	NA	NA
JPYC01000377.1_2	1773	2654	882	-1	0.700	11	AGGA	GENOMAD.104285.CP	4.825e-10	63	0	0	0	1	NA	NA	NA	PF16472	NA
JPYC01000377.1_3	2719	3570	852	1	0.689	11	GGA/GAG/AGG	GENOMAD.079440.CP	1.378e-06	52	0	0	0	1	NA	NA	NA	PF05201;PF01488;K02492;TIGR01035;COG0373	glutamyl-tRNA reductase
JPYC01000377.1_4	3560	3934	375	1	0.693	11	AGGA/GGAG/GAGG	NA	NA	NA	0	0	0	1	NA	NA	NA	NA	NA
JPYC01000377.1_5	3931	4167	237	1	0.692	11	None	NA	NA	NA	0	0	0	1	NA	NA	NA	NA	NA
JPYC01000377.1_6	4435	6570	2136	1	0.660	11	None	GENOMAD.153592.VC	1.342e-05	51	0	0	0	4186	Haloferacalesvirus	NA	NA	PF13307;PF04851;TIGR00604;COG1199;K03722	DNA repair helicase (rad3)
JPYC01000377.1_7	7128	8633	1506	1	0.618	11	GGA/GAG/AGG	NA	NA	NA	0	0	0	1	NA	NA	NA	NA	NA
JPYC01000377.1_8	8692	9180	489	1	0.642	11	GGAG/GAGG	NA	NA	NA	0	0	0	1	NA	NA	NA	NA	NA
JPYC01000378.1_1	35	619	585	-1	0.639	11	GGA/GAG/AGG	NA	NA	NA	0	0	0	1	NA	NA	NA	NA	NA
JPYC01000378.1_2	1058	1807	750	-1	0.687	11	GGA/GAG/AGG	GENOMAD.124271.CP	3.042e-17	84	0	0	0	1	NA	NA	NA	PF01614;PF14394;K13641;COG1414;TIGR02431	DNA-binding transcriptional regulator, IclR family
JPYC01000378.1_3	1988	3289	1302	1	0.644	11	AGGAG/GGAGG	NA	NA	NA	0	0	0	1	NA	NA	NA	NA	NA
JPYC01000378.1_4	3292	3651	360	1	0.664	11	AGGAG	GENOMAD.193983.CP	5.048e-43	153	0	0	0	1	NA	NA	NA	PF05336;COG3254;TIGR02625	L-rhamnose mutarotase
JPYC01000379.1_1	3	2870	2868	-1	0.623	11	AGGA/GGAG/GAGG	NA	NA	NA	0	0	0	1	NA	NA	NA	NA	NA
JPYC01000379.1_2	3042	5426	2385	-1	0.670	11	None	NA	NA	NA	0	0	0	1	NA	NA	NA	NA	NA
JPYC01000038.1_1	1	909	909	-1	0.666	11	GGAG/GAGG	NA	NA	NA	0	0	0	1	NA	NA	NA	NA	NA
JPYC01000038.1_2	1014	2249	1236	-1	0.676	11	None	GENOMAD.105932.CP	4.893e-09	61	0	0	0	1	NA	NA	NA	PF01333;K22719;COG4942;TIGR00830	Septal ring factor EnvC, activator of murein hydrolases AmiA and AmiB
JPYC01000038.1_3	2410	3066	657	1	0.651	11	GGAG/GAGG	NA	NA	NA	0	0	0	1	NA	NA	NA	NA	NA
JPYC01000038.1_4	3228	5024	1797	1	0.677	11	AGGAG	NA	NA	NA	0	0	0	1	NA	NA	NA	NA	NA
JPYC01000038.1_5	5349	5792	444	-1	0.637	11	AGGAG	NA	NA	NA	0	0	0	1	NA	NA	NA	NA	NA
JPYC01000038.1_6	6087	7220	1134	-1	0.623	11	AGGAG	NA	NA	NA	0	0	0	1	NA	NA	NA	NA	NA
JPYC01000380.1_1	1	135	135	1	0.659	11	None	NA	NA	NA	0	0	0	1	NA	NA	NA	NA	NA
JPYC01000380.1_2	759	1544	786	1	0.645	11	None	GENOMAD.152421.CP	5.832e-127	403	0	0	0	1	NA	NA	NA	PF07317;PF16823;K21087;COG5581;TIGR02266	c-di-GMP-binding flagellar brake protein YcgR, contains PilZNR and PilZ domains
JPYC01000380.1_3	1680	2162	483	1	0.600	11	GGAG/GAGG	GENOMAD.123087.CP	5.513e-53	184	0	0	0	1246	Caudoviricetes	NA	NA	PF01584;K03415;COG0835	Chemotaxis signal transduction protein
JPYC01000380.1_4	2615	2998	384	1	0.633	11	GGAG/GAGG	GENOMAD.214702.CP	1.527e-67	224	0	0	0	1	NA	NA	NA	NA	NA
JPYC01000380.1_5	3082	4818	1737	1	0.625	11	GGA/GAG/AGG	NA	NA	NA	0	0	0	1	NA	NA	NA	NA	NA
JPYC01000381.1_1	1	303	303	-1	0.657	11	GGAG/GAGG	NA	NA	NA	0	0	0	1	NA	NA	NA	NA	NA
JPYC01000381.1_2	523	996	474	-1	0.635	11	GGAGG	NA	NA	NA	0	0	0	1	NA	NA	NA	NA	NA
JPYC01000381.1_3	997	1257	261	-1	0.582	11	GGA/GAG/AGG	NA	NA	NA	0	0	0	1	NA	NA	NA	NA	NA
JPYC01000381.1_4	1304	1921	618	-1	0.613	11	AGGAG	GENOMAD.167032.VC	2.241e-16	80	0	0	0	1246	Caudoviricetes	NA	NA	PF11655	NA
JPYC01000381.1_5	1973	2503	531	-1	0.606	11	GGA/GAG/AGG	GENOMAD.140619.VV	2.261e-70	235	0	0	0	1	NA	NA	NA	PF11655	NA
JPYC01000381.1_6	2546	3082	537	-1	0.633	11	AGxAGG/AGGxGG	NA	NA	NA	0	0	0	1	NA	NA	NA	NA	NA
JPYC01000382.1_1	134	601	468	1	0.620	11	GGAG/GAGG	NA	NA	NA	0	0	0	1	NA	NA	NA	NA	NA
JPYC01000383.1_1	3	1163	1161	-1	0.689	11	GGA/GAG/AGG	NA	NA	NA	0	0	0	1	NA	NA	NA	NA	NA
JPYC01000383.1_2	1253	2161	909	1	0.645	11	None	GENOMAD.000187.CC	2.397e-157	493	0	0	0	1	NA	NA	NA	PF02091;COG0752;K01878;TIGR00388	Glycyl-tRNA synthetase, alpha subunit
JPYC01000384.1_1	1	969	969	1	0.658	11	None	NA	NA	NA	0	0	0	1	NA	NA	NA	NA	NA
JPYC01000384.1_2	966	2216	1251	1	0.663	11	None	NA	NA	NA	0	0	0	1	NA	NA	NA	NA	NA
JPYC01000384.1_3	2216	3100	885	1	0.656	11	GGAG/GAGG	GENOMAD.158771.CP	1.678e-44	166	0	0	0	1	NA	NA	NA	PF07103;K09701;COG3496	Uncharacterized conserved protein, DUF1365 family
JPYC01000384.1_4	3097	4392	1296	1	0.659	11	GGA/GAG/AGG	NA	NA	NA	0	0	0	1	NA	NA	NA	NA	NA
JPYC01000384.1_5	4389	4934	546	1	0.674	11	None	GENOMAD.011491.CC	1.398e-34	132	0	0	0	1	NA	NA	NA	PF11086	NA
JPYC01000384.1_6	4931	5713	783	1	0.668	11	GGAG/GAGG	GENOMAD.154668.CP	3.879e-18	87	0	0	0	1	NA	NA	NA	PF06966;COG3752;TIGR04571	Steroid 5-alpha reductase family enzyme
JPYC01000384.1_7	5731	6804	1074	1	0.654	11	GGAG/GAGG	NA	NA	NA	0	0	0	1	NA	NA	NA	NA	NA
JPYC01000384.1_8	6962	7309	348	-1	0.647	11	AGGA	NA	NA	NA	0	0	0	1	NA	NA	NA	NA	NA
JPYC01000384.1_9	7320	7979	660	-1	0.670	11	None	NA	NA	NA	0	0	0	1	NA	NA	NA	NA	NA
JPYC01000385.1_1	1	2082	2082	1	0.686	11	None	GENOMAD.169137.CP	7.364e-110	374	0	0	0	1	NA	NA	NA	PF09924;PF16995;COG2898;TIGR03019	Lysylphosphatidylglycerol synthetase, C-terminal domain, DUF2156 family
JPYC01000385.1_2	2374	3195	822	-1	0.667	11	None	GENOMAD.196178.PC	2.259e-52	188	0	1	0	1	NA	NA	NA	PF06057;COG3946;TIGR03100;K05714	Type IV secretory pathway, VirJ component
JPYC01000386.1_1	411	1382	972	-1	0.653	11	None	GENOMAD.133528.CP	1.684e-11	68	0	0	0	1	NA	NA	NA	NA	NA
JPYC01000387.1_1	1	918	918	1	0.647	11	None	GENOMAD.208454.PC	1.637e-72	248	0	0	0	1	NA	NA	NA	PF16670	Phosphoinositide phospholipase C, Ca2+-dependent
JPYC01000387.1_2	1041	1829	789	1	0.626	11	GGA/GAG/AGG	NA	NA	NA	0	0	0	1	NA	NA	NA	NA	NA
JPYC01000387.1_3	1772	3754	1983	1	0.628	11	None	GENOMAD.152082.CP	2.881e-13	76	0	0	0	1	NA	NA	NA	PF00593;PF07715;PF00691;TIGR01782;COG4773;K16089	TonB-dependent receptor
JPYC01000387.1_4	4056	5063	1008	1	0.642	11	GGA/GAG/AGG	NA	NA	NA	0	0	0	1	NA	NA	NA	NA	NA
JPYC01000387.1_5	5066	5785	720	1	0.650	11	AGGA	NA	NA	NA	0	0	0	1	NA	NA	NA	NA	NA
JPYC01000387.1_6	6255	7142	888	-1	0.624	11	None	GENOMAD.136702.CP	1.263e-49	181	0	0	0	1	NA	NA	NA	K16088;COG4773	Outer membrane receptor for ferric coprogen and ferric-rhodotorulic acid
JPYC01000388.1_1	24	479	456	-1	0.636	11	GGAG/GAGG	NA	NA	NA	0	0	0	1	NA	NA	NA	NA	NA
JPYC01000388.1_2	476	967	492	-1	0.650	11	None	GENOMAD.151641.CP	9.387e-22	94	0	0	0	1	NA	NA	NA	PF00765;K02348;COG2153;TIGR04045	Predicted N-acyltransferase, GNAT family
JPYC01000388.1_3	1090	2178	1089	-1	0.669	11	None	GENOMAD.138157.CP	1.546e-39	154	0	0	0	1	NA	NA	NA	PF13437;TIGR02828	HlyD family secretion protein
JPYC01000388.1_4	2175	3827	1653	-1	0.672	11	GGA/GAG/AGG	GENOMAD.162124.CP	3.114e-99	337	0	0	0	1	NA	NA	NA	PF06609;K03446;TIGR00711;COG2223	drug resistance transporter, EmrB/QacA subfamily
JPYC01000388.1_5	3915	4676	762	1	0.625	11	None	GENOMAD.109687.CP	6.053e-60	209	0	0	0	1	NA	NA	NA	PF06859;TIGR01934;COG4627;K24451	ubiquinone/menaquinone biosynthesis methyltransferases
JPYC01000388.1_6	4867	5757	891	1	0.663	11	GGAG/GAGG	NA	NA	NA	0	0	0	1	NA	NA	NA	NA	NA
JPYC01000388.1_7	5803	7824	2022	1	0.646	11	GGA/GAG/AGG	GENOMAD.010722.CC	9.491e-27	120	0	0	0	1	NA	NA	NA	PF09127	Leukotriene A4 hydrolase, C-terminal
JPYC01000388.1_8	8017	8736	720	1	0.660	11	GGAG/GAGG	NA	NA	NA	0	0	0	1	NA	NA	NA	NA	NA
JPYC01000388.1_9	9094	9708	615	1	0.680	11	GGA/GAG/AGG	NA	NA	NA	0	0	0	1	NA	NA	NA	NA	NA
JPYC01000388.1_10	10205	11104	900	1	0.526	11	AGGA	NA	NA	NA	0	0	0	1	NA	NA	NA	NA	NA
JPYC01000388.1_11	11108	11995	888	1	0.560	11	None	NA	NA	NA	0	0	0	1	NA	NA	NA	NA	NA
JPYC01000389.1_1	3	581	579	-1	0.679	11	GGA/GAG/AGG	NA	NA	NA	0	0	0	1	NA	NA	NA	NA	NA
JPYC01000389.1_2	578	1243	666	-1	0.673	11	GGxGG	NA	NA	NA	0	0	0	1	NA	NA	NA	NA	NA
JPYC01000389.1_3	1354	1911	558	-1	0.616	11	GGA/GAG/AGG	NA	NA	NA	0	0	0	1	NA	NA	NA	NA	NA
JPYC01000389.1_4	2099	2821	723	-1	0.653	11	GGAG/GAGG	GENOMAD.000060.CC	8.667e-59	205	1	0	0	1	NA	NA	NA	PF00696;K09903;TIGR02075;COG0528	uridylate kinase
JPYC01000039.1_1	85	2505	2421	-1	0.667	11	None	NA	NA	NA	0	0	0	1	NA	NA	NA	NA	NA
JPYC01000039.1_2	2896	3495	600	-1	0.623	11	None	GENOMAD.216117.PC	2.214e-11	65	0	0	0	1	NA	NA	NA	PF16387	NA
JPYC01000390.1_1	2	421	420	1	0.610	11	None	NA	NA	NA	0	0	0	1	NA	NA	NA	NA	NA
JPYC01000390.1_2	662	1759	1098	1	0.645	11	GGAG/GAGG	NA	NA	NA	0	0	0	1	NA	NA	NA	NA	NA
JPYC01000390.1_3	1872	2660	789	-1	0.702	11	None	GENOMAD.137825.CP	0.0008004	43	0	0	0	1	NA	NA	NA	PF20401;K19225;TIGR04239;COG0705	rhomboid family protease GlpG
JPYC01000391.1_1	3	62	60	-1	0.633	11	AGGAG	NA	NA	NA	0	0	0	1	NA	NA	NA	NA	NA
JPYC01000391.1_2	357	1523	1167	-1	0.658	11	AGGAG	NA	NA	NA	0	0	0	1	NA	NA	NA	NA	NA
JPYC01000391.1_3	1520	3121	1602	-1	0.680	11	None	GENOMAD.178594.CP	8.017e-100	338	0	0	0	1	NA	NA	NA	COG2252	Xanthine/uracil/vitamin C permease, AzgA family
JPYC01000391.1_4	3259	4089	831	-1	0.657	11	None	NA	NA	NA	0	0	0	1	NA	NA	NA	NA	NA
JPYC01000392.1_1	374	3556	3183	-1	0.631	11	GGAG/GAGG	GENOMAD.125907.CP	1.41e-208	679	0	0	0	1	NA	NA	NA	PF14905;PF07715;TIGR01783;COG4771;K19611	TonB-dependent siderophore receptor
JPYC01000392.1_2	3859	5148	1290	1	0.674	11	AGGA	GENOMAD.118353.CP	5.597e-28	121	0	0	0	1	NA	NA	NA	NA	NA
JPYC01000393.1_1	1	558	558	1	0.615	11	None	NA	NA	NA	0	0	0	1	NA	NA	NA	NA	NA
JPYC01000393.1_2	1190	2806	1617	-1	0.618	11	GGAGG	NA	NA	NA	0	0	0	1	NA	NA	NA	NA	NA
JPYC01000393.1_3	3124	3465	342	-1	0.570	11	GGA/GAG/AGG	NA	NA	NA	0	0	0	1	NA	NA	NA	NA	NA
JPYC01000393.1_4	3472	3582	111	-1	0.586	11	GGA/GAG/AGG	NA	NA	NA	0	0	0	1	NA	NA	NA	NA	NA
JPYC01000393.1_5	4090	6543	2454	-1	0.470	11	None	GENOMAD.108687.PC	2.421e-108	374	0	1	0	1	NA	virb4	NA	PF19044;PF03135;PF05101;K03199;TIGR00929;COG3451	type IV secretion/conjugal transfer ATPase, VirB4 family
JPYC01000393.1_6	6641	6910	270	-1	0.489	11	None	GENOMAD.048140.PP	1.091e-44	156	0	1	0	1	NA	T_virB3	NA	PF05101;K03198;COG3702	Type IV secretory pathway, VirB3 components
JPYC01000393.1_7	6945	7352	408	-1	0.451	11	AGGAG	GENOMAD.020425.PP	6.435e-48	168	0	1	0	1	NA	T_virB2	NA	PF04956;K03197;COG3838	TrbC/VIRB2 pilin
JPYC01000393.1_8	7413	8240	828	-1	0.521	11	GGAGG	NA	NA	NA	0	0	0	1	NA	NA	NA	NA	NA
JPYC01000393.1_9	8286	9326	1041	-1	0.498	11	GGA/GAG/AGG	NA	NA	NA	0	0	0	1	NA	NA	NA	NA	NA
JPYC01000393.1_10	9332	10516	1185	-1	0.532	11	AGGA	GENOMAD.106752.PC	1.304e-25	113	0	0	0	1	NA	NA	NA	NA	NA
JPYC01000393.1_11	10513	11280	768	-1	0.445	11	AGGAG	GENOMAD.113335.PC	7.465e-130	411	0	1	0	1	NA	T_virB9	NA	K03204;COG3504	Type IV secretory pathway, VirB9 components
JPYC01000393.1_12	11277	12293	1017	-1	0.534	11	GGA/GAG/AGG	GENOMAD.100222.PC	1.423e-90	302	0	1	0	1	NA	T_virB8	NA	PF04335;COG3736;K12081;TIGR03781	Type IV secretory pathway, component VirB8
JPYC01000393.1_13	12419	12829	411	-1	0.589	11	GGA/GAG/AGG	NA	NA	NA	0	0	0	1	NA	NA	NA	NA	NA
JPYC01000393.1_14	13162	14835	1674	-1	0.596	11	AGGAG	NA	NA	NA	0	0	0	1	NA	NA	NA	NA	NA
JPYC01000393.1_15	14872	15114	243	-1	0.617	11	AGGA	NA	NA	NA	0	0	0	1	NA	NA	NA	NA	NA
JPYC01000393.1_16	15210	15668	459	-1	0.586	11	GGAG/GAGG	NA	NA	NA	0	0	0	1	NA	NA	NA	NA	NA
JPYC01000393.1_17	15871	17892	2022	-1	0.611	11	GGA/GAG/AGG	NA	NA	NA	0	0	0	1	NA	NA	NA	NA	NA
JPYC01000393.1_18	18033	18575	543	1	0.619	11	AGGAG	NA	NA	NA	0	0	0	1	NA	NA	NA	NA	NA
JPYC01000393.1_19	18759	19202	444	-1	0.550	11	GGAGG	GENOMAD.153455.CP	3.273e-18	83	0	0	0	1	NA	NA	NA	PF16732;COG4968	Type IV minor pilin ComP, DNA uptake sequence receptor
JPYC01000393.1_20	19199	22945	3747	-1	0.555	11	None	GENOMAD.146580.CP	0.0	1997	0	0	0	1	NA	NA	NA	PF05567;K02674	Neisseria PilC beta-propeller domain
JPYC01000393.1_21	22956	23483	528	-1	0.509	11	None	GENOMAD.004263.CC	1.103e-34	132	0	0	0	1	NA	NA	NA	PF14341;K02673;COG4726	Tfp pilus assembly protein PilX
JPYC01000393.1_22	23486	24643	1158	-1	0.586	11	AGGA/GGAG/GAGG	GENOMAD.141000.CP	9.511e-192	597	0	0	0	1	NA	NA	NA	PF16074;PF07379;K02672;COG4966;TIGR01711	Tfp pilus assembly protein PilW
JPYC01000393.1_23	24649	25128	480	-1	0.525	11	GGAG/GAGG	GENOMAD.136455.CP	5.031e-18	83	0	0	0	1	NA	NA	NA	PF07379;K02671;TIGR02523;COG4967	type IV pilus modification protein PilV
JPYC01000393.1_24	25125	25643	519	-1	0.582	11	GGAG/GAGG	GENOMAD.182432.CP	0.0005786	42	0	0	0	1	NA	NA	NA	PF07379;TIGR01708;K08084;COG4970	type II secretion system protein H
JPYC01000393.1_25	25768	27153	1386	-1	0.644	11	AGGAG	GENOMAD.007125.CC	3.211e-38	153	0	0	0	1	NA	NA	NA	PF14793;K06966	Pyrimidine/purine nucleotide 5'-monophosphate nucleosidases
JPYC01000393.1_26	27260	30484	3225	-1	0.573	11	GGAG/GAGG	GENOMAD.127260.CP	1.807e-14	81	0	0	0	1	NA	NA	NA	PF14905;COG4774;K21573	Outer membrane receptor for monomeric catechols
JPYC01000393.1_27	31113	31712	600	-1	0.648	11	GGAG/GAGG	GENOMAD.124379.CP	0.0008752	42	0	0	0	1	NA	NA	NA	COG2095	Small neutral amino acid transporter SnatA, MarC family
JPYC01000393.1_28	31709	32452	744	-1	0.703	11	GGAG/GAGG	NA	NA	NA	0	0	0	1	NA	NA	NA	NA	NA
JPYC01000393.1_29	32449	32769	321	-1	0.617	11	AGGAG	GENOMAD.115269.CP	7.689e-25	100	0	0	0	1	NA	NA	NA	PF01722;PF04908;COG5007;TIGR00365;K05527	Acid stress-induced BolA-like protein IbaG/YrbA, predicted regulator of iron metabolism
JPYC01000393.1_30	32890	33468	579	1	0.639	11	None	NA	NA	NA	0	0	0	1	NA	NA	NA	NA	NA
JPYC01000393.1_31	33609	34319	711	-1	0.667	11	None	NA	NA	NA	0	0	0	1	NA	NA	NA	NA	NA
JPYC01000394.1_1	2	310	309	1	0.647	11	None	NA	NA	NA	0	0	0	1	NA	NA	NA	NA	NA
JPYC01000394.1_2	402	2774	2373	1	0.662	11	GGxGG	NA	NA	NA	0	0	0	1	NA	NA	NA	NA	NA
JPYC01000394.1_3	2771	4264	1494	1	0.667	11	None	NA	NA	NA	0	0	0	1	NA	NA	NA	NA	NA
JPYC01000395.1_1	3	404	402	-1	0.674	11	GGA/GAG/AGG	GENOMAD.159311.CP	7.862e-29	113	0	0	0	1	NA	NA	NA	PF01203;K02463;TIGR04411	Type II secretion system (T2SS), protein N
JPYC01000395.1_2	410	886	477	-1	0.669	11	GGAG/GAGG	GENOMAD.190425.CP	2.755e-76	251	0	0	0	1	NA	NA	NA	PF04612;TIGR04412;K02462;COG3149	type II secretion system protein M, XcpZ-type
JPYC01000395.1_3	883	1041	159	-1	0.692	11	None	NA	NA	NA	0	0	0	1	NA	NA	NA	NA	NA
JPYC01000396.1_1	3	614	612	1	0.698	11	None	GENOMAD.192885.CP	3.805e-95	308	0	0	0	1	NA	NA	NA	PF05134;TIGR01709;COG3297;K02461	type II secretion system protein L
JPYC01000397.1_1	3	530	528	-1	0.652	11	AGGAG	GENOMAD.183275.CP	1.464e-83	273	0	0	0	1	NA	NA	NA	PF14905;PF07715;TIGR01776;K16091;COG4206	TonB-dependent lactoferrin and transferrin receptors
JPYC01000397.1_2	542	1648	1107	-1	0.660	11	GGAGG	NA	NA	NA	0	0	0	1	NA	NA	NA	NA	NA
JPYC01000397.1_3	1684	2700	1017	-1	0.679	11	None	NA	NA	NA	0	0	0	1	NA	NA	NA	NA	NA
JPYC01000397.1_4	2727	3143	417	-1	0.650	11	None	GENOMAD.168413.CP	6.726e-90	289	0	0	0	1	NA	NA	NA	PF09086;COG3245;TIGR03046;K12263	Cytochrome c5
JPYC01000397.1_5	3428	5188	1761	-1	0.681	11	None	GENOMAD.192010.PC	9.042e-25	113	0	0	0	1	NA	NA	NA	PF00497;K16254;TIGR03871;COG0834	quinoprotein dehydrogenase-associated probable ABC transporter substrate-binding protein
JPYC01000397.1_6	5185	5604	420	-1	0.664	11	AGGAG	NA	NA	NA	0	0	0	1	NA	NA	NA	NA	NA
JPYC01000397.1_7	5579	6328	750	-1	0.628	11	None	NA	NA	NA	0	0	0	1	NA	NA	NA	NA	NA
JPYC01000398.1_1	63	1811	1749	-1	0.654	11	GGA/GAG/AGG	GENOMAD.129043.CV	9.666e-17	87	0	0	0	1	NA	NA	NA	PF08278	DNA primase DnaG DnaB-binding
JPYC01000398.1_2	1893	2855	963	-1	0.650	11	AGGA/GGAG/GAGG	GENOMAD.132982.CP	2.127e-14	77	0	0	0	1	NA	NA	NA	PF03631;COG1295;K07058;TIGR00766	Uncharacterized membrane protein, BrkB/YihY/UPF0761 family (not an RNase)
JPYC01000398.1_3	3422	3868	447	-1	0.649	11	AGGAG	NA	NA	NA	0	0	0	1	NA	NA	NA	NA	NA
JPYC01000398.1_4	4132	4347	216	-1	0.616	11	GGAG/GAGG	GENOMAD.137902.VC	1.021e-07	49	0	0	0	1	NA	NA	NA	PF01165;COG0828;TIGR00030	Ribosomal protein S21
JPYC01000398.1_5	4626	5687	1062	1	0.701	11	GGA/GAG/AGG	GENOMAD.089091.CV	1.094e-06	53	0	0	0	1246	Caudoviricetes	NA	NA	PF00814;TIGR03725;COG1214;K14742	tRNA threonylcarbamoyl adenosine modification protein YeaZ
JPYC01000398.1_6	5772	6128	357	1	0.613	11	None	GENOMAD.124431.CP	1.753e-21	91	0	0	0	1	NA	NA	NA	PF02152;COG1539;TIGR00526;K01633	Dihydroneopterin aldolase
JPYC01000398.1_7	6357	8528	2172	1	0.662	11	GGA/GAG/AGG	GENOMAD.121860.CP	1.85e-10	67	0	0	0	1	NA	NA	NA	PF00933;K01207;COG1472	Periplasmic beta-glucosidase and related glycosidases
JPYC01000399.1_1	96	1055	960	1	0.657	11	None	NA	NA	NA	0	0	0	1	NA	NA	NA	NA	NA
JPYC01000399.1_2	1113	1868	756	1	0.672	11	AGGA/GGAG/GAGG	GENOMAD.016342.CC	5.223e-27	113	0	0	0	1	NA	NA	NA	PF04348;COG4700;TIGR03302;K12512	Flp pilus assembly protein TadD, contains TPR repeats
JPYC01000399.1_3	1958	2407	450	1	0.584	11	GGA/GAG/AGG	NA	NA	NA	0	0	0	1	NA	NA	NA	NA	NA
JPYC01000399.1_4	2612	3058	447	-1	0.642	11	GGAG/GAGG	NA	NA	NA	0	0	0	1	NA	NA	NA	NA	NA
JPYC01000399.1_5	3132	3734	603	1	0.678	11	None	NA	NA	NA	0	0	0	1	NA	NA	NA	NA	NA
JPYC01000399.1_6	4044	5351	1308	1	0.643	11	GGA/GAG/AGG	GENOMAD.179766.CP	1.323e-87	298	0	0	0	1	NA	NA	NA	PF06850;PF00975;TIGR01849;COG4553	polyhydroxyalkanoate depolymerase, intracellular
JPYC01000399.1_7	5480	6397	918	-1	0.644	11	GGAGG	GENOMAD.195620.CP	4.818e-22	100	0	0	0	1	NA	NA	NA	PF13796	Putative sensor
JPYC01000399.1_8	6394	6756	363	-1	0.661	11	GGAG/GAGG	GENOMAD.160542.CP	0.0008446	40	0	0	0	1	NA	NA	NA	PF14557;K10917;TIGR02719;COG3811	Putative AphA-like transcriptional regulator
JPYC01000399.1_9	7129	8682	1554	1	0.636	11	GGA/GAG/AGG	GENOMAD.194337.PC	1.2e-47	183	0	0	0	1	NA	NA	NA	NA	NA
JPYC01000399.1_10	9105	10481	1377	-1	0.664	11	None	GENOMAD.050158.CC	2.489e-08	59	0	0	0	1	NA	NA	NA	NA	NA
JPYC01000399.1_11	10912	11592	681	1	0.645	11	None	GENOMAD.109399.CP	3.993e-12	68	0	0	0	1	NA	NA	NA	PF04367;COG2928	NA
JPYC01000399.1_12	11597	12373	777	1	0.634	11	GGA/GAG/AGG	NA	NA	NA	0	0	0	1	NA	NA	NA	NA	NA
JPYC01000399.1_13	12649	14586	1938	1	0.654	11	GGAG/GAGG	GENOMAD.142795.CP	1.749e-07	57	0	0	0	1	NA	NA	NA	PF05960;COG4805	Bacterial protein of unknown function (DUF885)
JPYC01000399.1_14	14667	15632	966	-1	0.671	11	GGAG/GAGG	NA	NA	NA	0	0	0	1	NA	NA	NA	NA	NA
JPYC01000399.1_15	15629	17026	1398	-1	0.644	11	None	GENOMAD.168467.CP	8.805e-07	54	0	0	0	1	NA	NA	NA	K03294;COG0833	Amino acid permease
JPYC01000399.1_16	17171	17596	426	-1	0.631	11	GGAG/GAGG	NA	NA	NA	0	0	0	1	NA	NA	NA	NA	NA
JPYC01000399.1_17	17653	18333	681	-1	0.640	11	GGA/GAG/AGG	NA	NA	NA	0	0	0	1	NA	NA	NA	NA	NA
JPYC01000399.1_18	18351	18977	627	1	0.671	11	GGA/GAG/AGG	NA	NA	NA	0	0	0	1	NA	NA	NA	NA	NA
JPYC01000399.1_19	18974	19363	390	1	0.636	11	GGAG/GAGG	GENOMAD.169138.CP	3.863e-08	53	0	0	0	1	NA	NA	NF000496	PF00903;K08234;TIGR03081;COG3565	methylmalonyl-CoA epimerase
JPYC01000399.1_20	19568	20113	546	1	0.584	11	GGA/GAG/AGG	NA	NA	NA	0	0	0	1	NA	NA	NA	NA	NA
JPYC01000399.1_21	20397	20666	270	1	0.611	11	GGAGG	NA	NA	NA	0	0	0	1	NA	NA	NA	NA	NA
JPYC01000399.1_22	20756	21205	450	1	0.644	11	GGAGG	GENOMAD.147800.CP	7.234e-28	111	0	0	0	1	NA	NA	NA	PF09917;COG4731;TIGR03066	Uncharacterized conserved protein, DUF2147 family
JPYC01000399.1_23	21452	23536	2085	1	0.650	11	None	NA	NA	NA	0	0	0	1	NA	NA	NA	NA	NA
JPYC01000399.1_24	23911	24501	591	1	0.648	11	None	NA	NA	NA	0	0	0	1	NA	NA	NA	NA	NA
JPYC01000399.1_25	24503	24931	429	1	0.681	11	None	GENOMAD.103286.CP	9.057e-56	191	0	0	0	1	NA	NA	NA	PF04060;PF13484;K03616;TIGR01944;COG2878	electron transport complex, RnfABCDGE type, B subunit
JPYC01000399.1_26	25545	26333	789	1	0.695	11	GGAG/GAGG	GENOMAD.026719.CC	1.832e-38	147	0	0	0	1	NA	NA	NA	NA	NA
JPYC01000399.1_27	26419	26787	369	1	0.626	11	AGGAG	GENOMAD.044178.CC	2.285e-20	88	0	0	0	1	NA	NA	NA	PF14248	Tumour protein p53-inducible protein 11
JPYC01000399.1_28	26846	27259	414	1	0.679	11	None	NA	NA	NA	0	0	0	1	NA	NA	NA	NA	NA
JPYC01000004.1_1	1	153	153	-1	0.536	11	GGAGG	NA	NA	NA	0	0	0	1	NA	NA	NA	NA	NA
JPYC01000040.1_1	28	825	798	-1	0.649	11	None	GENOMAD.123894.CP	9.8e-38	145	0	0	0	1	NA	NA	NA	K06153;COG1968	Undecaprenyl pyrophosphate phosphatase
JPYC01000040.1_2	1047	2456	1410	1	0.628	11	GGAG/GAGG	GENOMAD.120657.CP	6.666e-24	109	0	0	0	1	NA	NA	NA	PF00120;COG3968;TIGR03105;K01915	Glutamine synthetase type III
JPYC01000040.1_3	2730	3068	339	1	0.646	11	None	GENOMAD.000475.CC	0.0006682	40	0	0	0	1	NA	NA	NA	PF06153;COG3870;K02590	Cyclic-di-AMP receptor
JPYC01000040.1_4	3091	4533	1443	1	0.671	11	GGAG/GAGG	NA	NA	NA	0	0	0	1	NA	NA	NA	NA	NA
JPYC01000040.1_5	4816	5853	1038	1	0.697	11	None	NA	NA	NA	0	0	0	1	NA	NA	NA	NA	NA
JPYC01000040.1_6	5846	7273	1428	1	0.689	11	AGGAG	NA	NA	NA	0	0	0	1	NA	NA	NA	NA	NA
JPYC01000040.1_7	7641	8243	603	1	0.721	11	AGGAG	NA	NA	NA	0	0	0	1	NA	NA	NA	NA	NA
JPYC01000040.1_8	8292	8939	648	1	0.684	11	AGGAG	NA	NA	NA	0	0	0	1	NA	NA	NA	NA	NA
JPYC01000040.1_9	9473	9910	438	-1	0.667	11	GGA/GAG/AGG	GENOMAD.146194.CP	6.146e-28	111	0	0	0	1	NA	NA	NF000496	PF19581;COG3607;TIGR03645;K08234	Predicted lactoylglutathione lyase
JPYC01000040.1_10	9907	10791	885	-1	0.687	11	None	GENOMAD.037431.CC	2.704e-143	452	0	0	0	1	NA	NA	NA	NA	NA
JPYC01000040.1_11	10895	12175	1281	1	0.680	11	GGA/GAG/AGG	NA	NA	NA	0	0	0	1	NA	NA	NA	NA	NA
JPYC01000040.1_12	12398	13663	1266	-1	0.673	11	GGAG/GAGG	GENOMAD.112670.CP	8.05e-24	108	0	0	0	1	NA	NA	NA	PF07219;PF16918;K02498;TIGR00540;COG3071	heme biosynthesis-associated TPR protein
JPYC01000040.1_13	13660	14637	978	-1	0.695	11	GGAG/GAGG	GENOMAD.018427.CC	7.369e-191	591	0	0	0	1	NA	NA	NA	PF04375;COG2959	Uncharacterized conserved protein HemX (no evidence of involvement in heme biosynthesis)
JPYC01000400.1_1	3	464	462	1	0.643	11	None	GENOMAD.000156.CC	3.458e-20	89	0	0	0	1	NA	NA	NA	PF11104;TIGR01175;COG4972;K02662	type IV pilus assembly protein PilM
JPYC01000400.1_2	464	1246	783	1	0.641	11	AGGAG	GENOMAD.000823.CC	3.859e-49	178	0	0	0	1	NA	NA	NA	PF12693;K02663;COG3166	Tfp pilus assembly protein PilN
JPYC01000400.1_3	1243	1908	666	1	0.604	11	AGGAGG	GENOMAD.000893.CC	6.149e-54	190	0	0	0	1	NA	NA	NA	PF04350;K23985;COG3167	Tfp pilus assembly protein PilO
JPYC01000400.1_4	1905	2438	534	1	0.633	11	AGxAGG/AGGxGG	GENOMAD.002097.CC	1.064e-70	236	0	0	0	1	NA	NA	NA	PF04351;K02665;COG3168	Tfp pilus assembly protein PilP
JPYC01000400.1_5	2458	2703	246	1	0.699	11	GGA/GAG/AGG	NA	NA	NA	0	0	0	1	NA	NA	NA	NA	NA
JPYC01000401.1_1	1	426	426	-1	0.636	11	None	NA	NA	NA	0	0	0	1	NA	NA	NA	NA	NA
JPYC01000402.1_1	3	362	360	1	0.642	11	None	NA	NA	NA	0	0	0	1	NA	NA	NA	NA	NA
JPYC01000403.1_1	3	881	879	-1	0.717	11	GGA/GAG/AGG	NA	NA	NA	0	0	0	1	NA	NA	NA	NA	NA
JPYC01000403.1_2	984	2192	1209	-1	0.716	11	GGAG/GAGG	GENOMAD.207198.PC	3.646e-47	178	0	0	0	1	NA	NA	NA	PF05977;TIGR00902;COG2223;K18567	phenyl proprionate permease family protein
JPYC01000403.1_3	2202	2843	642	-1	0.721	11	None	GENOMAD.028140.CC	6.297e-94	305	0	0	0	1	NA	NA	NA	PF00596;COG0235;TIGR00760;K01628	Ribulose-5-phosphate 4-epimerase/Fuculose-1-phosphate aldolase
JPYC01000403.1_4	2848	4311	1464	-1	0.676	11	None	GENOMAD.117114.CP	4.68e-07	55	0	0	0	1	NA	NA	NA	PF00202;TIGR00713;K21585;COG0001	glutamate-1-semialdehyde-2,1-aminomutase
JPYC01000403.1_5	4308	4988	681	-1	0.698	11	GGAGG	NA	NA	NA	0	0	0	1	NA	NA	NA	NA	NA
JPYC01000403.1_6	4975	5112	138	-1	0.681	11	None	NA	NA	NA	0	0	0	1	NA	NA	NA	NA	NA
JPYC01000404.1_1	2	886	885	-1	0.660	11	4Base/6BMM	NA	NA	NA	0	0	0	1	NA	NA	NA	NA	NA
JPYC01000404.1_2	892	1659	768	-1	0.667	11	None	NA	NA	NA	0	0	0	1	NA	NA	NA	NA	NA
JPYC01000404.1_3	1662	1946	285	-1	0.649	11	AGGAG	NA	NA	NA	0	0	0	1	NA	NA	NA	NA	NA
JPYC01000404.1_4	2441	3973	1533	-1	0.652	11	AGGAG	NA	NA	NA	0	0	0	1	NA	NA	NA	NA	NA
JPYC01000404.1_5	4434	4814	381	1	0.633	11	GGAG/GAGG	NA	NA	NA	0	0	0	1	NA	NA	NA	NA	NA
JPYC01000404.1_6	4998	6845	1848	1	0.546	11	GGAG/GAGG	NA	NA	NA	0	0	0	1	NA	NA	NA	NA	NA
JPYC01000404.1_7	6846	7667	822	1	0.583	11	AGGA/GGAG/GAGG	GENOMAD.159942.PC	1.642e-103	336	0	0	0	1	NA	NA	NA	NA	NA
JPYC01000404.1_8	7664	8950	1287	1	0.545	11	GGAG/GAGG	NA	NA	NA	0	0	0	1	NA	NA	NA	NA	NA
JPYC01000404.1_9	9031	9675	645	1	0.538	11	GGAG/GAGG	NA	NA	NA	0	0	0	1	NA	NA	NA	NA	NA
JPYC01000404.1_10	10232	10891	660	1	0.544	11	GGAGG	NA	NA	NA	0	0	0	1	NA	NA	NA	NA	NA
JPYC01000404.1_11	10905	11048	144	1	0.493	11	None	NA	NA	NA	0	0	0	1	NA	NA	NA	NA	NA
JPYC01000405.1_1	1	1260	1260	1	0.693	11	None	GENOMAD.050490.CV	7.035e-11	67	1	0	0	1246	Caudoviricetes	NA	NA	PF02881;PF01591;K03106;TIGR00959;COG0541	signal recognition particle protein
JPYC01000405.1_2	1608	2681	1074	1	0.674	11	None	NA	NA	NA	0	0	0	1	NA	NA	NA	NA	NA
JPYC01000405.1_3	2705	2980	276	1	0.612	11	AGGA	GENOMAD.000968.CC	4.603e-31	117	0	0	0	1	NA	NA	NA	PF04362;COG2924	Fe-S cluster biosynthesis and repair protein YggX
JPYC01000405.1_4	3352	4974	1623	-1	0.630	11	GGAG/GAGG	NA	NA	NA	0	0	0	1	NA	NA	NA	NA	NA
JPYC01000405.1_5	5105	5716	612	-1	0.641	11	AGGA	NA	NA	NA	0	0	0	1	NA	NA	NA	NA	NA
JPYC01000405.1_6	6053	6253	201	1	0.632	11	GGA/GAG/AGG	NA	NA	NA	0	0	0	1	NA	NA	NA	NA	NA
JPYC01000405.1_7	6494	6808	315	1	0.625	11	GGA/GAG/AGG	NA	NA	NA	0	0	0	1	NA	NA	NA	NA	NA
JPYC01000405.1_8	6864	7349	486	1	0.650	11	None	NA	NA	NA	0	0	0	1	NA	NA	NA	NA	NA
JPYC01000405.1_9	7501	7776	276	-1	0.659	11	None	NA	NA	NA	0	0	0	1	NA	NA	NA	NA	NA
JPYC01000405.1_10	8281	8817	537	1	0.665	11	GGAG/GAGG	NA	NA	NA	0	0	0	1	NA	NA	NA	NA	NA
JPYC01000405.1_11	8932	9408	477	1	0.673	11	AGGA	NA	NA	NA	0	0	0	1	NA	NA	NA	NA	NA
JPYC01000405.1_12	9462	10967	1506	1	0.669	11	AGGA	NA	NA	NA	0	0	0	1	NA	NA	NA	NA	NA
JPYC01000406.1_1	3	752	750	-1	0.660	11	None	GENOMAD.196313.CP	2.069e-06	51	0	0	0	1	NA	NA	NA	PF17941;PF13091;TIGR04265;COG1502;K06132	cardiolipin synthase
JPYC01000407.1_1	2	907	906	-1	0.656	11	GGA/GAG/AGG	GENOMAD.147712.CP	2.054e-176	548	0	0	0	1	NA	NA	NA	NA	NA
JPYC01000407.1_2	897	2060	1164	-1	0.676	11	GGA/GAG/AGG	NA	NA	NA	0	0	0	1	NA	NA	NA	NA	NA
JPYC01000407.1_3	2216	3007	792	-1	0.648	11	GGAG/GAGG	NA	NA	NA	0	0	0	1	NA	NA	NA	NA	NA
JPYC01000407.1_4	3153	3368	216	1	0.653	11	GGAG/GAGG	GENOMAD.055338.CC	2.969e-26	102	0	0	0	1	NA	NA	NA	PF19611	NA
JPYC01000407.1_5	3368	4135	768	1	0.664	11	None	NA	NA	NA	0	0	0	1	NA	NA	NA	NA	NA
JPYC01000407.1_6	4192	5022	831	-1	0.662	11	None	NA	NA	NA	0	0	0	1	NA	NA	NA	NA	NA
JPYC01000407.1_7	5097	5525	429	1	0.681	11	AGGAG	NA	NA	NA	0	0	0	1	NA	NA	NA	NA	NA
JPYC01000407.1_8	5658	6137	480	1	0.671	11	GGAG/GAGG	NA	NA	NA	0	0	0	1	NA	NA	NA	NA	NA
JPYC01000407.1_9	6276	6491	216	-1	0.546	11	GGAG/GAGG	NA	NA	NA	0	0	0	1	NA	NA	NA	NA	NA
JPYC01000407.1_10	6719	7204	486	1	0.646	11	None	GENOMAD.097044.CV	2.371e-28	113	0	0	0	1	NA	NA	NA	COG2839;K09793	Uncharacterized conserved protein YqgC, DUF456 family
JPYC01000407.1_11	7463	8596	1134	1	0.627	11	None	NA	NA	NA	0	0	0	1	NA	NA	NA	NA	NA
JPYC01000407.1_12	8978	9691	714	-1	0.644	11	GGA/GAG/AGG	NA	NA	NA	0	0	0	1	NA	NA	NA	NA	NA
JPYC01000407.1_13	9804	10439	636	-1	0.676	11	GGAG/GAGG	NA	NA	NA	0	0	0	1	NA	NA	NA	NA	NA
JPYC01000407.1_14	10681	12198	1518	-1	0.641	11	GGA/GAG/AGG	NA	NA	NA	0	0	0	1	NA	NA	NA	NA	NA
JPYC01000407.1_15	12497	14377	1881	1	0.651	11	None	NA	NA	NA	0	0	0	1	NA	NA	NA	NA	NA
JPYC01000407.1_16	14576	15355	780	1	0.622	11	None	NA	NA	NA	0	0	0	1	NA	NA	NA	NA	NA
JPYC01000407.1_17	15503	15988	486	-1	0.628	11	GGA/GAG/AGG	NA	NA	NA	0	0	0	1	NA	NA	NA	NA	NA
JPYC01000407.1_18	16410	18560	2151	1	0.621	11	GGA/GAG/AGG	NA	NA	NA	0	0	0	1	NA	NA	NA	NA	NA
JPYC01000407.1_19	18793	19248	456	-1	0.610	11	GGA/GAG/AGG	GENOMAD.154491.CP	7.73e-07	50	0	0	0	1	NA	NA	NA	PF03965;K18906;COG5631;TIGR04472	Predicted transcription regulator, contains HTH domain, MarR family
JPYC01000407.1_20	19360	20205	846	-1	0.625	11	GGAG/GAGG	GENOMAD.026002.CC	1.784e-97	319	0	0	0	1	NA	NA	NA	PF13739;PF11738	Deacetylase PdaC
JPYC01000407.1_21	20257	20526	270	-1	0.600	11	GGAG/GAGG	GENOMAD.167952.CP	8.299e-17	76	0	0	0	1	NA	NA	NA	PF14542;COG2388	GCN5-related N-acetyl-transferase
JPYC01000407.1_22	20754	20942	189	1	0.603	11	GGAG/GAGG	NA	NA	NA	0	0	0	1	NA	NA	NA	NA	NA
JPYC01000407.1_23	21251	21859	609	-1	0.599	11	GGAG/GAGG	NA	NA	NA	0	0	0	1	NA	NA	NA	NA	NA
JPYC01000407.1_24	21867	23390	1524	-1	0.629	11	None	NA	NA	NA	0	0	0	1	NA	NA	NA	NA	NA
JPYC01000408.1_1	2	445	444	-1	0.678	11	AGGAG	NA	NA	NA	0	0	0	1	NA	NA	NA	NA	NA
JPYC01000408.1_2	457	1977	1521	-1	0.632	11	GGA/GAG/AGG	GENOMAD.159857.CP	3.422e-05	49	0	0	0	1	NA	NA	NA	PF03825;K03305;TIGR00926;COG3104	Peptide:H+ symporter (also transports b-lactam antibiotics, the antitumor agent, bestatin, and various protease inhibitors)
JPYC01000408.1_3	2227	3123	897	-1	0.669	11	None	NA	NA	NA	0	0	0	1	NA	NA	NA	NA	NA
JPYC01000408.1_4	3550	7131	3582	1	0.691	11	GGA/GAG/AGG	GENOMAD.159408.CP	9.66e-18	92	0	0	0	1	NA	NA	NA	PF19580;PF18942;K07004;COG2374;TIGR03395	Predicted extracellular nuclease
JPYC01000408.1_5	7309	8397	1089	1	0.676	11	GGA/GAG/AGG	NA	NA	NA	0	0	0	1	NA	NA	NA	NA	NA
JPYC01000408.1_6	8390	9460	1071	1	0.673	11	GGAG/GAGG	NA	NA	NA	0	0	0	1	NA	NA	NA	NA	NA
JPYC01000408.1_7	9462	9845	384	1	0.706	11	None	NA	NA	NA	0	0	0	1	NA	NA	NA	NA	NA
JPYC01000408.1_8	9842	10285	444	1	0.694	11	GGA/GAG/AGG	GENOMAD.116475.CP	1.408e-28	113	0	0	0	1	NA	NA	NA	PF00198;PF00364;K09699;TIGR01348;COG0508	pyruvate dehydrogenase complex dihydrolipoamide acetyltransferase, long form
JPYC01000409.1_1	440	835	396	-1	0.518	11	None	GENOMAD.194450.CP	2e-07	51	0	0	0	1	NA	NA	NA	NA	NA
JPYC01000409.1_2	2524	2760	237	-1	0.549	11	None	NA	NA	NA	0	0	0	1	NA	NA	NA	NA	NA
JPYC01000041.1_1	2	433	432	-1	0.692	11	GGA/GAG/AGG	GENOMAD.153056.CP	4.193e-23	97	0	0	0	1	NA	NA	NA	PF02669;TIGR00681;COG2156;K01548	K+-transporting ATPase, C subunit
JPYC01000041.1_2	474	2522	2049	-1	0.659	11	GGA/GAG/AGG	GENOMAD.152605.CP	1.006e-41	168	0	0	0	1	NA	NA	NA	NA	NA
JPYC01000041.1_3	2535	4328	1794	-1	0.638	11	GGA/GAG/AGG	GENOMAD.151994.CP	3.663e-110	371	0	0	0	1	NA	NA	NA	K01546;COG2060	K+-transporting ATPase, A chain
JPYC01000041.1_4	4884	6236	1353	-1	0.651	11	AGGAG	NA	NA	NA	0	0	0	1	NA	NA	NA	NA	NA
JPYC01000041.1_5	6461	8041	1581	-1	0.669	11	GGAG/GAGG	GENOMAD.212305.CP	4.098e-78	274	0	0	0	1	NA	NA	NA	PF08530;PF02129;TIGR00976;COG2936;K06978	putative hydrolase, CocE/NonD family
JPYC01000041.1_6	8423	9397	975	-1	0.684	11	None	GENOMAD.094404.CP	1.199e-08	59	0	0	0	1	NA	NA	NA	NA	NA
JPYC01000041.1_7	9508	9996	489	-1	0.681	11	GGAG/GAGG	GENOMAD.058926.CV	2.259e-29	116	1	0	0	1	NA	NA	NA	PF01029;K03625;TIGR01951;COG0781	transcription antitermination factor NusB
JPYC01000041.1_8	9993	10457	465	-1	0.673	11	GGA/GAG/AGG	NA	NA	NA	0	0	0	1	NA	NA	NA	NA	NA
JPYC01000041.1_9	10747	11886	1140	-1	0.679	11	GGxGG	NA	NA	NA	0	0	0	1	NA	NA	NA	NA	NA
JPYC01000041.1_10	11883	12485	603	-1	0.655	11	GGxGG	NA	NA	NA	0	0	0	1	NA	NA	NA	NA	NA
JPYC01000041.1_11	13052	13426	375	1	0.616	11	GGA/GAG/AGG	GENOMAD.206109.CP	6.938e-09	55	0	0	0	1	NA	NA	NA	PF06316;TIGR04273	sulfation-dependent quorum factor, Ax21 family
JPYC01000410.1_1	3	179	177	-1	0.689	11	GGA/GAG/AGG	NA	NA	NA	0	0	0	1	NA	NA	NA	NA	NA
JPYC01000410.1_2	526	1041	516	1	0.632	11	AGGA	GENOMAD.107291.CP	1.202e-91	296	0	0	0	1	NA	NA	NA	PF07977;K01716;TIGR01749;COG4706	beta-hydroxyacyl-
JPYC01000410.1_3	1041	2249	1209	1	0.661	11	GGAG/GAGG	NA	NA	NA	0	0	0	1	NA	NA	NA	NA	NA
JPYC01000410.1_4	2527	3234	708	-1	0.645	11	AGGAG	GENOMAD.194905.PC	4.779e-12	68	0	0	0	1	NA	NA	NA	COG4991	Uncharacterized conserved protein YraI
JPYC01000410.1_5	3373	5397	2025	-1	0.650	11	GGAG/GAGG	NA	NA	NA	0	0	0	1	NA	NA	NA	NA	NA
JPYC01000410.1_6	5596	6699	1104	-1	0.672	11	None	NA	NA	NA	0	0	0	1	NA	NA	NA	NA	NA
JPYC01000410.1_7	6791	7249	459	1	0.704	11	None	NA	NA	NA	0	0	0	1	NA	NA	NA	NA	NA
JPYC01000410.1_8	7357	9141	1785	1	0.668	11	AGGAG	NA	NA	NA	0	0	0	1	NA	NA	NA	NA	NA
JPYC01000410.1_9	9138	10232	1095	1	0.645	11	GGxGG	GENOMAD.145955.PC	1.762e-35	142	0	0	0	1	NA	NA	NA	PF05275;COG3667;K07233	Uncharacterized protein involved in copper resistance
JPYC01000410.1_10	10394	10918	525	1	0.611	11	AGGAG	NA	NA	NA	0	0	0	1	NA	NA	NA	NA	NA
JPYC01000410.1_11	11242	12000	759	1	0.605	11	AGGA	NA	NA	NA	0	0	0	1	NA	NA	NA	NA	NA
JPYC01000410.1_12	12080	13372	1293	1	0.616	11	AGGA	NA	NA	NA	0	0	0	1	NA	NA	NA	NA	NA
JPYC01000411.1_1	1	1053	1053	1	0.544	11	None	NA	NA	NA	0	0	0	1	NA	NA	NA	NA	NA
JPYC01000411.1_2	1491	2510	1020	1	0.665	11	None	NA	NA	NA	0	0	0	1	NA	NA	NA	NA	NA
JPYC01000411.1_3	2564	3493	930	1	0.698	11	None	GENOMAD.123116.CP	1.935e-07	55	0	0	0	1	NA	NA	NA	PF01882;PF05753;COG1721	Uncharacterized conserved protein, DUF58 family, contains vWF domain
JPYC01000411.1_4	3496	3957	462	1	0.703	11	GGAG/GAGG	GENOMAD.128916.CP	7.863e-46	163	0	0	0	1	NA	NA	NA	PF14316	NA
JPYC01000411.1_5	3954	4970	1017	1	0.663	11	None	NA	NA	NA	0	0	0	1	NA	NA	NA	NA	NA
JPYC01000411.1_6	4958	5332	375	1	0.669	11	GGAGG	NA	NA	NA	0	0	0	1	NA	NA	NA	NA	NA
JPYC01000412.1_1	668	1663	996	-1	0.663	11	None	NA	NA	NA	0	0	0	1	NA	NA	NA	NA	NA
JPYC01000412.1_2	1966	2853	888	1	0.632	11	GGAGG	GENOMAD.206427.PC	6.49e-06	50	0	0	0	1	NA	NA	NA	PF03096;K10216;TIGR01250;COG2267	Ndr family
JPYC01000413.1_1	183	845	663	1	0.633	11	GGAG/GAGG	NA	NA	NA	0	0	0	1	NA	NA	NA	NA	NA
JPYC01000414.1_1	2	1726	1725	1	0.637	11	None	NA	NA	NA	0	0	0	1	NA	NA	NA	NA	NA
JPYC01000414.1_2	2129	6802	4674	1	0.565	11	GGA/GAG/AGG	NA	NA	NA	0	0	0	1	NA	NA	NA	NA	NA
JPYC01000414.1_3	7891	9708	1818	-1	0.661	11	GGAG/GAGG	NA	NA	NA	0	0	0	1	NA	NA	NA	NA	NA
JPYC01000414.1_4	9735	9938	204	1	0.691	11	GGAG/GAGG	NA	NA	NA	0	0	0	1	NA	NA	NA	NA	NA
JPYC01000414.1_5	9925	10260	336	-1	0.631	11	None	NA	NA	NA	0	0	0	1	NA	NA	NA	NA	NA
JPYC01000415.1_1	3	971	969	1	0.653	11	None	GENOMAD.121392.CP	3.198e-61	216	0	0	0	1	NA	NA	NA	K07290;COG2982	Uncharacterized protein involved in outer membrane biogenesis
JPYC01000415.1_2	984	1412	429	-1	0.629	11	GGAG/GAGG	NA	NA	NA	0	0	0	1	NA	NA	NA	NA	NA
JPYC01000415.1_3	1372	2418	1047	-1	0.641	11	GGA/GAG/AGG	NA	NA	NA	0	0	0	1	NA	NA	NA	NA	NA
JPYC01000415.1_4	2415	3161	747	-1	0.651	11	GGA/GAG/AGG	NA	NA	NA	0	0	0	1	NA	NA	NA	NA	NA
JPYC01000415.1_5	3236	4126	891	1	0.679	11	None	GENOMAD.043656.CC	7.21e-47	173	0	0	0	1	NA	NA	NA	PF01430;COG1281;K04083	Redox-regulated molecular chaperone, HSP33 family
JPYC01000415.1_6	4247	5113	867	1	0.656	11	None	NA	NA	NA	0	0	0	1	NA	NA	NA	NA	NA
JPYC01000415.1_7	5357	8257	2901	1	0.573	11	GGAG/GAGG	NA	NA	NA	0	0	0	1	NA	NA	NA	NA	NA
JPYC01000415.1_8	8372	8980	609	-1	0.654	11	None	GENOMAD.142335.PC	1.368e-62	214	0	0	0	1	NA	NA	NA	PF13022;PF19344;TIGR03384;COG3226;K18939	transcriptional repressor BetI
JPYC01000415.1_9	9117	9797	681	1	0.675	11	None	NA	NA	NA	0	0	0	1	NA	NA	NA	NA	NA
JPYC01000416.1_1	33	617	585	-1	0.624	11	AGGA	NA	NA	NA	0	0	0	1	NA	NA	NA	NA	NA
JPYC01000416.1_2	689	1204	516	-1	0.659	11	GGxGG	NA	NA	NA	0	0	0	1	NA	NA	NA	NA	NA
JPYC01000416.1_3	1201	1683	483	-1	0.692	11	None	GENOMAD.130078.CP	4.559e-06	48	0	0	0	1	NA	NA	NA	PF02742;PF12793;K11924;COG1321;TIGR02036	Mn-dependent transcriptional regulator, DtxR family
JPYC01000416.1_4	1810	3144	1335	1	0.650	11	None	NA	NA	NA	0	0	0	1	NA	NA	NA	NA	NA
JPYC01000416.1_5	3182	3865	684	-1	0.632	11	AGGAG	NA	NA	NA	0	0	0	1	NA	NA	NA	NA	NA
JPYC01000416.1_6	3903	4727	825	1	0.617	11	GGAG/GAGG	GENOMAD.159647.PC	1.552e-34	136	0	0	0	1	NA	NA	NA	PF08386	TAP-like protein
JPYC01000416.1_7	5032	5190	159	-1	0.660	11	GGA/GAG/AGG	GENOMAD.218600.CV	1.414e-10	56	0	0	0	1	NA	NA	NA	PF07235;TIGR03510;COG4317	XapX domain
JPYC01000416.1_8	5187	5417	231	-1	0.662	11	GGA/GAG/AGG	GENOMAD.218600.CV	2.033e-17	77	0	0	0	1	NA	NA	NA	PF07235;TIGR03510;COG4317	XapX domain
JPYC01000416.1_9	5422	7050	1629	-1	0.670	11	GGAG/GAGG	GENOMAD.140488.CP	1.409e-15	83	0	0	0	1	NA	NA	NA	K23448;COG2223	Nitrate/nitrite transporter NarK
JPYC01000416.1_10	7145	8992	1848	-1	0.647	11	GGA/GAG/AGG	NA	NA	NA	0	0	0	1	NA	NA	NA	NA	NA
JPYC01000416.1_11	9106	9489	384	-1	0.659	11	None	GENOMAD.159609.CP	3.097e-10	59	0	0	0	1	NA	NA	NA	COG2259;K15977	Uncharacterized membrane protein YphA, DoxX/SURF4 family
JPYC01000416.1_12	9537	10193	657	-1	0.613	11	GGAG/GAGG	NA	NA	NA	0	0	0	1	NA	NA	NA	NA	NA
JPYC01000416.1_13	10190	10612	423	-1	0.634	11	None	GENOMAD.167287.CP	2.754e-06	48	0	0	0	1	NA	NA	NA	PF20240;PF12833;COG2207;K13631	AraC-type DNA-binding domain and AraC-containing proteins
JPYC01000416.1_14	10923	12551	1629	1	0.689	11	None	NA	NA	NA	0	0	0	1	NA	NA	NA	NA	NA
JPYC01000417.1_1	3	104	102	1	0.696	11	None	NA	NA	NA	0	0	0	1	NA	NA	NA	NA	NA
JPYC01000417.1_2	275	550	276	1	0.667	11	GGA/GAG/AGG	NA	NA	NA	0	0	0	1	NA	NA	NA	NA	NA
JPYC01000418.1_1	3	557	555	1	0.607	11	None	NA	NA	NA	0	0	0	1	NA	NA	NA	NA	NA
JPYC01000418.1_2	931	1794	864	1	0.613	11	None	NA	NA	NA	0	0	0	1	NA	NA	NA	NA	NA
JPYC01000418.1_3	1731	1904	174	-1	0.598	11	None	NA	NA	NA	0	0	0	1	NA	NA	NA	NA	NA
JPYC01000418.1_4	1943	2197	255	-1	0.580	11	AGGAG	NA	NA	NA	0	0	0	1	NA	NA	NA	NA	NA
JPYC01000419.1_1	2	4516	4515	-1	0.676	11	GGA/GAG/AGG	GENOMAD.004057.CC	5.303e-17	90	0	0	0	1	NA	NA	NA	K06596	NA
JPYC01000419.1_2	4630	6666	2037	-1	0.656	11	GGAG/GAGG	NA	NA	NA	0	0	0	1	NA	NA	NA	NA	NA
JPYC01000419.1_3	6706	7236	531	-1	0.657	11	None	GENOMAD.128882.CP	1.068e-14	74	0	0	0	1	NA	NA	NA	PF01584;K02659;COG0835	Chemotaxis signal transduction protein
JPYC01000419.1_4	7236	7598	363	-1	0.595	11	GGA/GAG/AGG	NA	NA	NA	0	0	0	1	NA	NA	NA	NA	NA
JPYC01000419.1_5	7616	7969	354	-1	0.562	11	AGGA	NA	NA	NA	0	0	0	1	NA	NA	NA	NA	NA
JPYC01000419.1_6	8254	9204	951	1	0.682	11	GGA/GAG/AGG	GENOMAD.129199.CP	4.188e-40	154	0	0	0	1	NA	NA	NA	PF02951;K01920;TIGR01380;COG0189	Prokaryotic glutathione synthetase, N-terminal domain
JPYC01000419.1_7	9201	10076	876	1	0.707	11	None	GENOMAD.001998.CC	1.296e-32	131	0	0	0	1	NA	NA	NA	PF06519;TIGR01352	TolA C-terminal
JPYC01000419.1_8	10418	11002	585	-1	0.704	11	None	NA	NA	NA	0	0	0	1	NA	NA	NA	NA	NA
JPYC01000042.1_1	231	2324	2094	1	0.641	11	GGA/GAG/AGG	NA	NA	NA	0	0	0	1	NA	NA	NA	NA	NA
JPYC01000042.1_2	2568	3752	1185	-1	0.651	11	None	NA	NA	NA	0	0	0	1	NA	NA	NA	NA	NA
JPYC01000042.1_3	3897	5969	2073	1	0.621	11	None	NA	NA	NA	0	0	0	1	NA	NA	NA	NA	NA
JPYC01000042.1_4	6337	6735	399	1	0.677	11	None	NA	NA	NA	0	0	0	1	NA	NA	NA	NA	NA
JPYC01000042.1_5	6792	7046	255	1	0.675	11	None	NA	NA	NA	0	0	0	1	NA	NA	NA	NA	NA
JPYC01000042.1_6	7036	7890	855	1	0.688	11	None	NA	NA	NA	0	0	0	1	NA	NA	NA	NA	NA
JPYC01000042.1_7	7887	8558	672	1	0.644	11	GGAG/GAGG	GENOMAD.002323.CC	7.267e-123	389	0	0	0	1	NA	NA	NA	PF04340;K09921;COG3159	Uncharacterized conserved protein YigA, DUF484 family
JPYC01000042.1_8	8739	9656	918	1	0.669	11	GGAG/GAGG	NA	NA	NA	0	0	0	1	NA	NA	NA	NA	NA
JPYC01000042.1_9	9853	10404	552	1	0.629	11	GGAGG	GENOMAD.088456.CP	2.03e-66	224	0	0	0	1	NA	NA	NA	PF00227;K01419;TIGR03692;COG5405	ATP-dependent protease HslVU, peptidase subunit
JPYC01000042.1_10	10515	11882	1368	1	0.633	11	None	NA	NA	NA	0	0	0	1	NA	NA	NA	NA	NA
JPYC01000420.1_1	1	1050	1050	1	0.678	11	None	GENOMAD.133878.VC	1.889e-10	65	0	0	0	1246	Caudoviricetes	NA	NA	TIGR03087;COG4641	sugar transferase, PEP-CTERM/EpsH1 system associated
JPYC01000420.1_2	1271	1642	372	1	0.661	11	None	GENOMAD.140513.CP	1.962e-22	94	0	0	0	1	NA	NA	NA	PF02049;COG1677;TIGR00205	Flagellar hook-basal body complex protein FliE
JPYC01000420.1_3	1656	3380	1725	1	0.672	11	GGA/GAG/AGG	GENOMAD.136859.CP	1.729e-36	150	0	0	0	1	NA	NA	NA	PF01514;PF08345;TIGR00206;K02409;COG1766	flagellar basal-body M-ring protein/flagellar hook-basal body protein (fliF)
JPYC01000420.1_4	3391	4011	621	1	0.668	11	None	GENOMAD.133766.CP	1.286e-27	113	0	0	0	1	NA	NA	NA	PF01706;PF14841;PF14842;K02410;TIGR00207;COG1536	flagellar motor switch protein FliG
JPYC01000421.1_1	1	2217	2217	1	0.636	11	None	GENOMAD.151917.PC	1.724e-06	54	0	0	0	1	NA	NA	NA	PF12729;K05874;COG5278	Four helix bundle sensory module for signal transduction
JPYC01000421.1_2	2290	2895	606	-1	0.657	11	None	NA	NA	NA	0	0	0	1	NA	NA	NA	NA	NA
JPYC01000421.1_3	3346	4548	1203	-1	0.553	11	AGxAGG/AGGxGG	NA	NA	NA	0	0	0	1	NA	NA	NA	NA	NA
JPYC01000421.1_4	4954	6447	1494	-1	0.487	11	None	NA	NA	NA	0	0	0	1	NA	NA	NA	NA	NA
JPYC01000421.1_5	6453	6821	369	1	0.626	11	4Base/6BMM	NA	NA	NA	0	0	0	1	NA	NA	NA	NA	NA
JPYC01000421.1_6	6988	7989	1002	-1	0.665	11	GGA/GAG/AGG	NA	NA	NA	0	0	0	1	NA	NA	NA	NA	NA
JPYC01000421.1_7	8105	8689	585	1	0.662	11	GGA/GAG/AGG	GENOMAD.153566.CP	2.02e-09	59	0	0	0	1	NA	NA	NA	PF02525;K01118;COG1182;TIGR02690	Flavodoxin-like fold
JPYC01000421.1_8	9011	10291	1281	-1	0.633	11	None	NA	NA	NA	0	0	0	1	NA	NA	NA	NA	NA
JPYC01000421.1_9	10403	11074	672	1	0.725	11	GGA/GAG/AGG	GENOMAD.136404.CP	1.655e-16	81	0	0	0	1	NA	NA	NA	PF03544;TIGR01352	TonB family C-terminal domain
JPYC01000421.1_10	11322	11900	579	1	0.689	11	AGGAG	GENOMAD.136404.CP	1.138e-32	127	0	0	0	1	NA	NA	NA	PF03544;TIGR01352	TonB family C-terminal domain
JPYC01000421.1_11	12039	13361	1323	-1	0.673	11	GGA/GAG/AGG	NA	NA	NA	0	0	0	1	NA	NA	NA	NA	NA
JPYC01000421.1_12	13485	14693	1209	-1	0.621	11	AGGA	GENOMAD.100028.CP	4.007e-43	166	0	0	0	1	NA	NA	NA	PF00800;K04518;COG0077;TIGR01268	Prephenate dehydratase
JPYC01000421.1_13	14778	15863	1086	-1	0.649	11	GGA/GAG/AGG	NA	NA	NA	0	0	0	1	NA	NA	NA	NA	NA
JPYC01000421.1_14	16040	17008	969	1	0.636	11	GGAG/GAGG	GENOMAD.145686.CP	1.79e-69	240	0	0	0	1	NA	NA	NA	NA	NA
JPYC01000422.1_1	2	1087	1086	-1	0.639	11	AGGAG	NA	NA	NA	0	0	0	1	NA	NA	NA	NA	NA
JPYC01000422.1_2	1405	2610	1206	-1	0.640	11	None	GENOMAD.130369.CP	9.562e-61	218	0	0	0	1	NA	NA	NA	PF00669;K02397;TIGR02550;COG1344	flagellar hook-associated protein 3
JPYC01000422.1_3	2610	4484	1875	-1	0.654	11	GGAG/GAGG	GENOMAD.133367.CP	5.798e-81	286	0	0	0	1	NA	NA	NA	PF00460;K02396;COG1256;TIGR02492	Flagellar hook-associated protein FlgK
JPYC01000422.1_4	4496	5674	1179	-1	0.665	11	GGAG/GAGG	GENOMAD.161970.CP	2.72e-06	52	0	0	0	1	NA	NA	NA	PF10135;TIGR02541;COG3951	flagellar rod assembly protein/muramidase FlgJ
JPYC01000422.1_5	5676	6794	1119	-1	0.680	11	GGA/GAG/AGG	GENOMAD.141339.CP	5.615e-119	386	0	0	0	1	NA	NA	NA	K02394;COG1706	Flagellar basal body P-ring protein FlgI
JPYC01000422.1_6	6805	7500	696	-1	0.674	11	None	GENOMAD.142369.CP	3.911e-45	165	0	0	0	1	NA	NA	NA	PF02107;COG2063;K02393	Flagellar basal body L-ring protein FlgH
JPYC01000423.1_1	1	1218	1218	-1	0.585	11	GGAG/GAGG	NA	NA	NA	0	0	0	1	NA	NA	NA	NA	NA
JPYC01000423.1_2	1215	1670	456	-1	0.507	11	GGA/GAG/AGG	NA	NA	NA	0	0	0	1	NA	NA	NA	NA	NA
JPYC01000423.1_3	1717	2148	432	-1	0.567	11	None	NA	NA	NA	0	0	0	1	NA	NA	NA	NA	NA
JPYC01000424.1_1	3	197	195	-1	0.785	11	None	NA	NA	NA	0	0	0	1	NA	NA	NA	NA	NA
JPYC01000424.1_2	194	1393	1200	-1	0.727	11	AGxAGG/AGGxGG	GENOMAD.019425.CC	9.012e-226	696	0	0	0	1	NA	NA	NA	NA	NA
JPYC01000424.1_3	1437	1970	534	-1	0.689	11	None	NA	NA	NA	0	0	0	1	NA	NA	NA	NA	NA
JPYC01000425.1_1	2	76	75	-1	0.667	11	None	GENOMAD.001157.CC	2.072e-08	48	0	0	0	1	NA	NA	NA	COG2835	Uncharacterized conserved protein YbaR, Trm112 family
JPYC01000425.1_2	135	359	225	1	0.684	11	GGA/GAG/AGG	NA	NA	NA	0	0	0	1	NA	NA	NA	NA	NA
JPYC01000426.1_1	2	1231	1230	1	0.667	11	None	GENOMAD.159061.PC	2.388e-76	264	0	0	0	1	NA	NA	NA	PF04183;PF06276;COG4264;K23447	Siderophore synthetase component
JPYC01000426.1_2	1228	2424	1197	1	0.676	11	None	NA	NA	NA	0	0	0	1	NA	NA	NA	NA	NA
JPYC01000426.1_3	2402	4171	1770	1	0.673	11	AGGAG	GENOMAD.159812.PC	1.39e-40	163	0	0	0	1	NA	NA	NA	PF04183;PF06276;K24108;COG4264	Siderophore synthetase component
JPYC01000426.1_4	4168	5457	1290	1	0.654	11	AGxAGG/AGGxGG	NA	NA	NA	0	0	0	1	NA	NA	NA	NA	NA
JPYC01000426.1_5	5361	6272	912	-1	0.680	11	AGGAG	NA	NA	NA	0	0	0	1	NA	NA	NA	NA	NA
JPYC01000426.1_6	6505	7239	735	-1	0.684	11	None	GENOMAD.136266.CP	5.232e-22	98	0	0	0	1	NA	NA	NA	COG0368	Cobalamin synthase
JPYC01000426.1_7	7236	7826	591	-1	0.697	11	None	GENOMAD.132739.CP	8.885e-05	45	0	0	0	1	NA	NA	NA	PF00300;COG0588;K22306;TIGR03162	Phosphoglycerate mutase (BPG-dependent)
JPYC01000426.1_8	7823	8869	1047	-1	0.691	11	AGGAG	GENOMAD.134221.CP	6.74e-105	344	0	0	0	1	NA	NA	NA	PF02277;TIGR03160;COG2038;K21299	nicotinate-nucleotide--dimethylbenzimidazole phosphoribosyltransferase
JPYC01000426.1_9	8862	9386	525	-1	0.663	11	GGA/GAG/AGG	GENOMAD.140449.CP	1.06e-34	132	0	0	0	1	NA	NA	NA	PF02283;COG2087;TIGR01618	Cobinamide kinase / cobinamide phosphate guanyltransferase
JPYC01000426.1_10	9412	10848	1437	-1	0.672	11	GGA/GAG/AGG	GENOMAD.123417.CP	1.847e-116	384	0	0	0	1	NA	NA	NA	PF07685;PF01656;K02232;TIGR00313;COG1492	cobyric acid synthase CobQ
JPYC01000426.1_11	10845	11108	264	-1	0.689	11	None	NA	NA	NA	0	0	0	1	NA	NA	NA	NA	NA
JPYC01000427.1_1	3	653	651	1	0.645	11	None	NA	NA	NA	0	0	0	1	NA	NA	NA	NA	NA
JPYC01000427.1_2	880	1653	774	1	0.638	11	AGGA	GENOMAD.189690.PC	8e-59	206	0	0	0	1	NA	NA	NA	COG2851	Mg2+/citrate symporter
JPYC01000428.1_1	2	238	237	1	0.692	11	None	NA	NA	NA	0	0	0	1	NA	NA	NA	NA	NA
JPYC01000429.1_1	1	222	222	1	0.685	11	None	NA	NA	NA	0	0	0	1	NA	NA	NA	NA	NA
JPYC01000043.1_1	3	71	69	-1	0.638	11	AGGAG	NA	NA	NA	0	0	0	1	NA	NA	NA	NA	NA
JPYC01000043.1_2	356	580	225	1	0.600	11	GGA/GAG/AGG	NA	NA	NA	0	0	0	1	NA	NA	NA	NA	NA
JPYC01000043.1_3	1041	2045	1005	1	0.684	11	None	NA	NA	NA	0	0	0	1	NA	NA	NA	NA	NA
JPYC01000043.1_4	2384	2686	303	1	0.660	11	None	NA	NA	NA	0	0	0	1	NA	NA	NA	NA	NA
JPYC01000043.1_5	2758	3441	684	1	0.611	11	GGAG/GAGG	NA	NA	NA	0	0	0	1	NA	NA	NA	NA	NA
JPYC01000043.1_6	3471	4886	1416	1	0.635	11	AGGA	NA	NA	NA	0	0	0	1	NA	NA	NA	NA	NA
JPYC01000043.1_7	5005	6594	1590	1	0.652	11	GGAGG	GENOMAD.143156.CP	3.399e-49	188	0	0	0	1	NA	NA	NA	PF08811;COG5267	Uncharacterized conserved protein, DUF1800 family
JPYC01000043.1_8	6714	7076	363	1	0.628	11	GGAG/GAGG	NA	NA	NA	0	0	0	1	NA	NA	NA	NA	NA
JPYC01000430.1_1	3	437	435	1	0.625	11	None	NA	NA	NA	0	0	0	1	NA	NA	NA	NA	NA
JPYC01000430.1_2	555	1088	534	-1	0.661	11	GGAG/GAGG	GENOMAD.138200.CP	2.898e-42	154	0	0	0	1	NA	NA	NA	K07285;COG3065	Starvation-inducible outer membrane lipoprotein
JPYC01000430.1_3	1085	3037	1953	-1	0.677	11	None	GENOMAD.133722.CP	3.145e-41	166	0	0	0	1	NA	NA	NA	PF11992;PF01841;PF13559;K22452	TgpA N-terminal domain; Transglutaminase-like superfamily
JPYC01000430.1_4	3030	3986	957	-1	0.691	11	GGA/GAG/AGG	GENOMAD.115237.CP	1.539e-69	240	0	0	0	1	NA	NA	NA	PF01882;PF05753;COG1721	Uncharacterized conserved protein, DUF58 family, contains vWF domain
JPYC01000430.1_5	3991	4944	954	-1	0.672	11	GGA/GAG/AGG	NA	NA	NA	0	0	0	1	NA	NA	NA	NA	NA
JPYC01000430.1_6	4982	6820	1839	1	0.662	11	GGA/GAG/AGG	GENOMAD.141973.CP	3.741e-104	354	0	0	0	1	NA	NA	NA	COG1807	4-amino-4-deoxy-L-arabinose transferase or related glycosyltransferase of PMT family
JPYC01000430.1_7	6969	8288	1320	1	0.491	11	GGA/GAG/AGG	GENOMAD.056843.CC	3.129e-249	766	0	0	0	1	NA	NA	NA	NA	NA
JPYC01000430.1_8	8402	8746	345	-1	0.681	11	None	NA	NA	NA	0	0	0	1	NA	NA	NA	NA	NA
JPYC01000431.1_1	1	126	126	1	0.651	11	None	NA	NA	NA	0	0	0	1	NA	NA	NA	NA	NA
JPYC01000431.1_2	502	1212	711	1	0.596	11	GGAG/GAGG	NA	NA	NA	0	0	0	1	NA	NA	NA	NA	NA
JPYC01000431.1_3	1549	2184	636	-1	0.642	11	None	NA	NA	NA	0	0	0	1	NA	NA	NA	NA	NA
JPYC01000431.1_4	2186	2512	327	-1	0.661	11	GGA/GAG/AGG	NA	NA	NA	0	0	0	1	NA	NA	NA	NA	NA
JPYC01000431.1_5	2509	2814	306	-1	0.647	11	GGxGG	NA	NA	NA	0	0	0	1	NA	NA	NA	NA	NA
JPYC01000431.1_6	2811	3068	258	-1	0.705	11	GGAG/GAGG	NA	NA	NA	0	0	0	1	NA	NA	NA	NA	NA
JPYC01000431.1_7	3070	4464	1395	-1	0.627	11	GGAG/GAGG	NA	NA	NA	0	0	0	1	NA	NA	NA	NA	NA
JPYC01000431.1_8	4669	5007	339	1	0.684	11	GGAG/GAGG	NA	NA	NA	0	0	0	1	NA	NA	NA	NA	NA
JPYC01000431.1_9	5435	5866	432	1	0.625	11	GGA/GAG/AGG	NA	NA	NA	0	0	0	1	NA	NA	NA	NA	NA
JPYC01000431.1_10	5878	6108	231	1	0.589	11	AGGAG	GENOMAD.022295.CC	7.611e-27	104	1	0	0	1	NA	NA	NA	PF01084;COG0238;TIGR00165	Ribosomal protein S18
JPYC01000431.1_11	6296	6745	450	1	0.631	11	GGAG/GAGG	GENOMAD.080915.CV	6.064e-21	91	1	0	0	1	NA	NA	NA	PF03948;PF01281;TIGR00158;COG0359;K02939	ribosomal protein L9
JPYC01000431.1_12	6955	10458	3504	1	0.658	11	None	NA	NA	NA	0	0	0	1	NA	NA	NA	NA	NA
JPYC01000431.1_13	10515	11246	732	1	0.648	11	GGAGG	GENOMAD.111153.CP	5.226e-102	330	0	0	0	1	NA	NA	NA	PF04354	ZipA, C-terminal FtsZ-binding domain
JPYC01000431.1_14	11253	11636	384	1	0.646	11	GGA/GAG/AGG	NA	NA	NA	0	0	0	1	NA	NA	NA	NA	NA
JPYC01000431.1_15	11814	12950	1137	-1	0.693	11	None	NA	NA	NA	0	0	0	1	NA	NA	NA	NA	NA
JPYC01000431.1_16	13280	14296	1017	1	0.672	11	None	NA	NA	NA	0	0	0	1	NA	NA	NA	NA	NA
JPYC01000432.1_1	1	690	690	-1	0.664	11	None	NA	NA	NA	0	0	0	1	NA	NA	NA	NA	NA
JPYC01000432.1_2	849	2012	1164	1	0.637	11	AGGA/GGAG/GAGG	NA	NA	NA	0	0	0	1	NA	NA	NA	NA	NA
JPYC01000432.1_3	2005	2373	369	1	0.618	11	AGGAG	NA	NA	NA	0	0	0	1	NA	NA	NA	NA	NA
JPYC01000432.1_4	2602	4185	1584	-1	0.640	11	AGGAG	NA	NA	NA	0	0	0	1	NA	NA	NA	NA	NA
JPYC01000432.1_5	4423	5472	1050	1	0.668	11	GGA/GAG/AGG	GENOMAD.162190.CP	1.438e-08	59	0	0	0	1	NA	NA	NA	PF01263;COG2017;TIGR02636;K01785	Galactose mutarotase or related enzyme
JPYC01000432.1_6	5737	6528	792	-1	0.665	11	None	GENOMAD.093434.CV	3.862e-23	102	0	0	0	1	NA	NA	NA	PF01578;COG4137;TIGR03144;K02497	ABC-type uncharacterized transport system, permease component
JPYC01000433.1_1	2	523	522	-1	0.646	11	AGGA	GENOMAD.148234.CP	1.373e-31	123	0	0	0	1	NA	NA	NA	PF01292;K12262;COG3038;TIGR02125	Prokaryotic cytochrome b561
JPYC01000433.1_2	520	1182	663	-1	0.673	11	None	GENOMAD.137611.CP	5.209e-24	103	0	0	0	1	NA	NA	NA	PF04264;COG2353	Polyisoprenoid-binding periplasmic protein YceI
JPYC01000433.1_3	1279	4854	3576	1	0.655	11	AGGA	NA	NA	NA	0	0	0	1	NA	NA	NA	NA	NA
JPYC01000433.1_4	5150	6103	954	1	0.653	11	GGA/GAG/AGG	NA	NA	NA	0	0	0	1	NA	NA	NA	NA	NA
JPYC01000434.1_1	1	870	870	1	0.667	11	None	NA	NA	NA	0	0	0	1	NA	NA	NA	NA	NA
JPYC01000435.1_1	3	1097	1095	1	0.677	11	None	NA	NA	NA	0	0	0	1	NA	NA	NA	NA	NA
JPYC01000435.1_2	1432	2754	1323	1	0.642	11	GGAGG	NA	NA	NA	0	0	0	1	NA	NA	NA	NA	NA
JPYC01000435.1_3	2751	3530	780	1	0.636	11	AGGAG	NA	NA	NA	0	0	0	1	NA	NA	NA	NA	NA
JPYC01000435.1_4	3522	4424	903	-1	0.652	11	None	NA	NA	NA	0	0	0	1	NA	NA	NA	NA	NA
JPYC01000435.1_5	4674	5744	1071	1	0.661	11	GGAG/GAGG	NA	NA	NA	0	0	0	1	NA	NA	NA	NA	NA
JPYC01000435.1_6	5761	6306	546	1	0.668	11	GGAG/GAGG	GENOMAD.207447.PC	5.959e-26	107	0	0	0	1	NA	NA	NA	PF20409;K06893;COG4308;TIGR02096	SnoaL-like domain
JPYC01000435.1_7	6303	6686	384	1	0.674	11	GGA/GAG/AGG	GENOMAD.197162.PC	1.317e-36	135	0	0	0	1	NA	NA	NA	PF11512	Agrobacterium tumefaciens protein Atu4866
JPYC01000436.1_1	68	1144	1077	1	0.607	11	AGGAG	GENOMAD.047390.PP	7.187e-28	119	0	0	0	1	NA	NA	NA	NA	NA
JPYC01000436.1_2	1458	2384	927	-1	0.634	11	GGAG/GAGG	NA	NA	NA	0	0	0	1	NA	NA	NA	NA	NA
JPYC01000436.1_3	2384	4510	2127	-1	0.667	11	GGAG/GAGG	NA	NA	NA	0	0	0	1	NA	NA	NA	NA	NA
JPYC01000436.1_4	4751	5143	393	-1	0.616	11	AGGAG	NA	NA	NA	0	0	0	1	NA	NA	NA	NA	NA
JPYC01000436.1_5	5165	5377	213	-1	0.592	11	AGGAG	NA	NA	NA	0	0	0	1	NA	NA	NA	NA	NA
JPYC01000436.1_6	5850	7388	1539	-1	0.652	11	AGGAG	GENOMAD.208994.VP	2.183e-61	224	0	0	0	1246	Caudoviricetes	NA	NA	PF00145;K21507;TIGR00675;COG0270	DNA-methyltransferase (dcm)
JPYC01000437.1_1	2	1984	1983	1	0.681	11	None	GENOMAD.121843.CP	1.09e-08	61	0	0	0	1	NA	NA	NA	PF01568;COG1153;K00203	Formylmethanofuran dehydrogenase subunit D
JPYC01000437.1_2	2036	2812	777	1	0.692	11	GGA/GAG/AGG	NA	NA	NA	0	0	0	1	NA	NA	NA	NA	NA
JPYC01000437.1_3	3601	3858	258	1	0.655	11	AGGAGG	NA	NA	NA	0	0	0	1	NA	NA	NA	NA	NA
JPYC01000437.1_4	4508	5017	510	1	0.633	11	AGGAG	NA	NA	NA	0	0	0	1	NA	NA	NA	NA	NA
JPYC01000437.1_5	5119	6039	921	1	0.647	11	None	GENOMAD.206339.PC	6.101e-05	47	0	0	0	1	NA	NA	NA	PF04952;COG2988;TIGR02994	Succinylglutamate desuccinylase / Aspartoacylase family
JPYC01000437.1_6	6372	7070	699	1	0.642	11	AGGAG	GENOMAD.180976.PC	9.092e-19	88	0	0	0	1	NA	NA	NA	PF07081;PF10039;K09702;COG3506	Regulation of enolase protein 1 (function unknown), concanavalin A-like superfamily
JPYC01000437.1_7	7201	9069	1869	-1	0.633	11	None	NA	NA	NA	0	0	0	1	NA	NA	NA	NA	NA
JPYC01000437.1_8	9765	10433	669	1	0.643	11	GGA/GAG/AGG	NA	NA	NA	0	0	0	1	NA	NA	NA	NA	NA
JPYC01000438.1_1	85	615	531	-1	0.631	11	GGAG/GAGG	NA	NA	NA	0	0	0	1	NA	NA	NA	NA	NA
JPYC01000438.1_2	702	1370	669	-1	0.632	11	None	NA	NA	NA	0	0	0	1	NA	NA	NA	NA	NA
JPYC01000439.1_1	1	540	540	1	0.702	11	None	NA	NA	NA	0	0	0	1	NA	NA	NA	NA	NA
JPYC01000044.1_1	1	942	942	1	0.702	11	None	NA	NA	NA	0	0	0	1	NA	NA	NA	NA	NA
JPYC01000044.1_2	1110	4148	3039	1	0.647	11	GGAGG	GENOMAD.125907.CP	1.534e-17	91	0	0	0	1	NA	NA	NA	PF14905;PF07715;TIGR01783;COG4771;K19611	TonB-dependent siderophore receptor
JPYC01000044.1_3	4465	5598	1134	1	0.638	11	GGAGG	GENOMAD.125907.CP	1.475e-19	94	0	0	0	1	NA	NA	NA	PF14905;PF07715;TIGR01783;COG4771;K19611	TonB-dependent siderophore receptor
JPYC01000044.1_4	5947	7500	1554	1	0.621	11	None	NA	NA	NA	0	0	0	1	NA	NA	NA	NA	NA
JPYC01000044.1_5	7606	9126	1521	1	0.648	11	AGGA	GENOMAD.098617.VV	3.422e-05	49	0	0	0	1246	Caudoviricetes	NA	NA	NA	NA
JPYC01000044.1_6	9534	10031	498	-1	0.725	11	None	NA	NA	NA	0	0	0	1	NA	NA	NA	NA	NA
JPYC01000440.1_1	2	73	72	1	0.625	11	None	NA	NA	NA	0	0	0	1	NA	NA	NA	NA	NA
JPYC01000440.1_2	70	561	492	1	0.675	11	GGA/GAG/AGG	NA	NA	NA	0	0	0	1	NA	NA	NA	NA	NA
JPYC01000440.1_3	558	1979	1422	1	0.679	11	GGAGG	NA	NA	NA	0	0	0	1	NA	NA	NA	NA	NA
JPYC01000440.1_4	1976	2308	333	1	0.706	11	GGA/GAG/AGG	NA	NA	NA	0	0	0	1	NA	NA	NA	NA	NA
JPYC01000440.1_5	2476	2949	474	1	0.643	11	GGA/GAG/AGG	NA	NA	NA	0	0	0	1	NA	NA	NA	NA	NA
JPYC01000440.1_6	3126	3410	285	-1	0.589	11	GGA/GAG/AGG	NA	NA	NA	0	0	0	1	NA	NA	NA	NA	NA
JPYC01000440.1_7	3642	4094	453	1	0.691	11	None	NA	NA	NA	0	0	0	1	NA	NA	NA	NA	NA
JPYC01000441.1_1	2	1366	1365	-1	0.674	11	None	NA	NA	NA	0	0	0	1	NA	NA	NA	NA	NA
JPYC01000442.1_1	28	510	483	1	0.644	11	GGAG/GAGG	GENOMAD.208558.PC	4.564e-07	51	0	0	0	1	NA	NA	NA	PF08332;TIGR02246;COG4875;K10533	conserved hypothetical protein
JPYC01000443.1_1	2	328	327	1	0.661	11	None	NA	NA	NA	0	0	0	1	NA	NA	NA	NA	NA
JPYC01000443.1_2	583	1749	1167	1	0.644	11	GGAGG	GENOMAD.158496.CP	9.481e-101	334	0	0	0	1	NA	NA	NA	PF14905;PF07715;TIGR01782;K16091;COG4774	TonB-dependent receptor
JPYC01000443.1_3	1827	3362	1536	1	0.615	11	GGAG/GAGG	GENOMAD.158496.CP	8.005e-87	299	0	0	0	1	NA	NA	NA	PF14905;PF07715;TIGR01782;K16091;COG4774	TonB-dependent receptor
JPYC01000443.1_4	3701	6085	2385	1	0.625	11	GGAGG	GENOMAD.158496.CP	4.862e-118	402	0	0	0	1	NA	NA	NA	PF14905;PF07715;TIGR01782;K16091;COG4774	TonB-dependent receptor
JPYC01000444.1_1	3	680	678	-1	0.757	11	GGA/GAG/AGG	GENOMAD.120988.CP	2.027e-60	209	0	0	0	1	NA	NA	NA	PF11906	NA
JPYC01000444.1_2	1333	1479	147	-1	0.694	11	GGAG/GAGG	NA	NA	NA	0	0	0	1	NA	NA	NA	NA	NA
JPYC01000444.1_3	1635	2012	378	-1	0.685	11	None	NA	NA	NA	0	0	0	1	NA	NA	NA	NA	NA
JPYC01000444.1_4	2162	2269	108	1	0.769	11	AGGAG	NA	NA	NA	0	0	0	1	NA	NA	NA	NA	NA
JPYC01000445.1_1	153	1520	1368	-1	0.640	11	None	NA	NA	NA	0	0	0	1	NA	NA	NA	NA	NA
JPYC01000445.1_2	1510	1944	435	-1	0.595	11	GGA/GAG/AGG	NA	NA	NA	0	0	0	1	NA	NA	NA	NA	NA
JPYC01000445.1_3	1965	2453	489	-1	0.652	11	GGAG/GAGG	GENOMAD.117180.CP	1.566e-24	102	0	0	0	1	NA	NA	NA	PF00364;K02160;TIGR00531;COG0511	acetyl-CoA carboxylase, biotin carboxyl carrier protein
JPYC01000445.1_4	2550	3212	663	-1	0.662	11	None	NA	NA	NA	0	0	0	1	NA	NA	NA	NA	NA
JPYC01000446.1_1	1	540	540	1	0.591	11	None	NA	NA	NA	0	0	0	1	NA	NA	NA	NA	NA
JPYC01000446.1_2	542	754	213	1	0.465	11	GGAG/GAGG	NA	NA	NA	0	0	0	1	NA	NA	NA	NA	NA
JPYC01000446.1_3	1076	2341	1266	-1	0.660	11	None	NA	NA	NA	0	0	0	1	NA	NA	NA	NA	NA
JPYC01000447.1_1	133	405	273	-1	0.571	11	GGAG/GAGG	NA	NA	NA	0	0	0	1	NA	NA	NA	NA	NA
JPYC01000447.1_2	619	3090	2472	-1	0.635	11	GGAG/GAGG	GENOMAD.030096.VV	1.106e-10	68	0	0	0	3505	Mimiviridae	NA	NA	PF09159	Mitochondrial resolvase Ydc2 / RNA splicing MRS1
JPYC01000447.1_3	3235	3855	621	-1	0.628	11	None	NA	NA	NA	0	0	0	1	NA	NA	NA	NA	NA
JPYC01000448.1_1	3	476	474	-1	0.662	11	None	NA	NA	NA	0	0	0	1	NA	NA	NA	NA	NA
JPYC01000449.1_1	3	611	609	1	0.685	11	None	NA	NA	NA	0	0	0	1	NA	NA	NA	NA	NA
JPYC01000045.1_1	1	336	336	-1	0.699	11	GGA/GAG/AGG	NA	NA	NA	0	0	0	1	NA	NA	NA	NA	NA
JPYC01000045.1_2	706	2406	1701	-1	0.692	11	GGA/GAG/AGG	NA	NA	NA	0	0	0	1	NA	NA	NA	NA	NA
JPYC01000045.1_3	2556	3896	1341	1	0.635	11	GGA/GAG/AGG	NA	NA	NA	0	0	0	1	NA	NA	NA	NA	NA
JPYC01000045.1_4	3906	4742	837	1	0.654	11	GGAG/GAGG	NA	NA	NA	0	0	0	1	NA	NA	NA	NA	NA
JPYC01000045.1_5	4991	5482	492	1	0.644	11	GGAG/GAGG	NA	NA	NA	0	0	0	1	NA	NA	NA	NA	NA
JPYC01000045.1_6	5680	6144	465	-1	0.667	11	GGA/GAG/AGG	GENOMAD.151617.VC	4.044e-05	45	0	0	0	1246	Caudoviricetes	NA	NA	PF06940;K13695;COG3738;TIGR02219	Uncharacterized protein YijF, DUF1287 family
JPYC01000045.1_7	6539	7081	543	-1	0.669	11	None	GENOMAD.151298.VC	0.000311	43	0	0	0	1246	Caudoviricetes	NA	NA	PF06940;COG3738;K13695;TIGR02219	Uncharacterized protein YijF, DUF1287 family
JPYC01000045.1_8	7191	7670	480	1	0.631	11	GGA/GAG/AGG	GENOMAD.126968.VC	1.653e-22	96	0	0	0	1246	Caudoviricetes	NA	NA	PF00254;K03775;COG1047	FKBP-type peptidyl-prolyl cis-trans isomerase 2
JPYC01000045.1_9	7899	9143	1245	1	0.671	11	GGA/GAG/AGG	GENOMAD.152588.CP	6.874e-60	216	0	0	0	1	NA	NA	NA	COG2311	Uncharacterized membrane protein YeiB
JPYC01000045.1_10	9151	10401	1251	1	0.679	11	None	NA	NA	NA	0	0	0	1	NA	NA	NA	NA	NA
JPYC01000045.1_11	10398	11768	1371	1	0.641	11	GGAG/GAGG	NA	NA	NA	0	0	0	1	NA	NA	NA	NA	NA
JPYC01000045.1_12	12177	12584	408	1	0.723	11	None	GENOMAD.083954.CP	1.332e-14	72	0	0	0	1	NA	NA	NA	PF01035;K07443;COG3695;TIGR00589	Alkylated DNA nucleotide flippase Atl1, participates in nucleotide excision repair, Ada-like DNA-binding domain
JPYC01000045.1_13	12625	13320	696	1	0.636	11	AGGA	GENOMAD.001990.CC	1.642e-06	51	0	0	0	1	NA	NA	NA	PF04511;PF13453;COG5291;K13989;TIGR03902	Predicted membrane protein
JPYC01000045.1_14	13529	15544	2016	-1	0.671	11	None	NA	NA	NA	0	0	0	1	NA	NA	NA	NA	NA
JPYC01000045.1_15	15729	17792	2064	-1	0.624	11	None	GENOMAD.053052.VV	8.038e-18	91	0	0	0	1	NA	NA	NA	PF01431;K07386;COG3590	Predicted metalloendopeptidase
JPYC01000450.1_1	2	202	201	-1	0.622	11	None	NA	NA	NA	0	0	0	1	NA	NA	NA	NA	NA
JPYC01000451.1_1	2	8494	8493	1	0.666	11	None	GENOMAD.179736.PC	9.194e-32	140	0	0	0	1	NA	NA	NA	PF03797;COG4625	Uncharacterized conserved protein, contains a C-terminal beta-barrel porin domain
JPYC01000451.1_2	8795	9406	612	-1	0.647	11	GGAG/GAGG	GENOMAD.162179.PC	9.846e-05	45	0	0	0	1	NA	NA	NA	PF00072;K14987;TIGR02875;COG4566	sporulation transcription factor Spo0A
JPYC01000451.1_3	9403	10479	1077	-1	0.669	11	GGA/GAG/AGG	NA	NA	NA	0	0	0	1	NA	NA	NA	NA	NA
JPYC01000451.1_4	10544	11365	822	-1	0.695	11	None	NA	NA	NA	0	0	0	1	NA	NA	NA	NA	NA
JPYC01000452.1_1	250	714	465	1	0.658	11	None	NA	NA	NA	0	0	0	1	NA	NA	NA	NA	NA
JPYC01000452.1_2	570	1496	927	-1	0.661	11	GGAG/GAGG	GENOMAD.190451.PC	2.173e-08	58	0	0	0	1	NA	NA	NA	K21698;TIGR02424;COG0583	pca operon transcription factor PcaQ
JPYC01000452.1_3	1622	2023	402	1	0.669	11	GGAG/GAGG	NA	NA	NA	0	0	0	1	NA	NA	NA	NA	NA
JPYC01000452.1_4	2486	3223	738	1	0.615	11	AGGAG	NA	NA	NA	0	0	0	1	NA	NA	NA	NA	NA
JPYC01000452.1_5	3516	4055	540	1	0.678	11	None	NA	NA	NA	0	0	0	1	NA	NA	NA	NA	NA
JPYC01000453.1_1	3	719	717	1	0.619	11	None	NA	NA	NA	0	0	0	1	NA	NA	NA	NA	NA
JPYC01000454.1_1	2	1045	1044	1	0.686	11	None	NA	NA	NA	0	0	0	1	NA	NA	NA	NA	NA
JPYC01000454.1_2	1643	1846	204	1	0.632	11	GGAG/GAGG	NA	NA	NA	0	0	0	1	NA	NA	NA	NA	NA
JPYC01000454.1_3	1843	2379	537	1	0.648	11	GGxGG	NA	NA	NA	0	0	0	1	NA	NA	NA	NA	NA
JPYC01000454.1_4	2542	3447	906	-1	0.651	11	GGA/GAG/AGG	NA	NA	NA	0	0	0	1	NA	NA	NA	NA	NA
JPYC01000454.1_5	3544	3879	336	1	0.577	11	AGGAG	GENOMAD.207255.PC	5.197e-39	141	0	0	0	1	NA	NA	NA	PF07858;COG4538;TIGR02246	Uncharacterized conserved protein, nuclear transport factor 2 (NTF2) superfamily
JPYC01000454.1_6	3870	4655	786	1	0.655	11	GGAG/GAGG	NA	NA	NA	0	0	0	1	NA	NA	NA	NA	NA
JPYC01000454.1_7	4764	5345	582	1	0.629	11	GGAG/GAGG	NA	NA	NA	0	0	0	1	NA	NA	NA	NA	NA
JPYC01000454.1_8	5482	6453	972	1	0.630	11	AGGAG	NA	NA	NA	0	0	0	1	NA	NA	NA	NA	NA
JPYC01000454.1_9	6714	6911	198	-1	0.621	11	None	GENOMAD.009592.PP	1.533e-08	51	0	0	0	1	NA	NA	NA	NA	NA
JPYC01000454.1_10	6974	8149	1176	-1	0.620	11	GGAG/GAGG	NA	NA	NA	0	0	0	1	NA	NA	NA	NA	NA
JPYC01000454.1_11	8131	10758	2628	-1	0.585	11	GGAG/GAGG	NA	NA	NA	0	0	0	1	NA	NA	NA	NA	NA
JPYC01000455.1_1	2	727	726	-1	0.631	11	None	NA	NA	NA	0	0	0	1	NA	NA	NA	NA	NA
JPYC01000455.1_2	844	2691	1848	-1	0.690	11	GGA/GAG/AGG	GENOMAD.148123.CP	2.55e-13	76	0	0	0	1	NA	NA	NA	PF08021;COG0543;TIGR02911;K11933	NAD(P)H-flavin reductase
JPYC01000455.1_3	2871	3779	909	1	0.663	11	None	NA	NA	NA	0	0	0	1	NA	NA	NA	NA	NA
JPYC01000455.1_4	3779	5635	1857	1	0.659	11	GGAG/GAGG	NA	NA	NA	0	0	0	1	NA	NA	NA	NA	NA
JPYC01000456.1_1	3	764	762	1	0.657	11	None	NA	NA	NA	0	0	0	1	NA	NA	NA	NA	NA
JPYC01000456.1_2	1141	2088	948	1	0.660	11	None	GENOMAD.101807.CP	8.079e-42	159	0	0	0	1	NA	NA	NA	PF16913;COG5006;TIGR03340;K03298	Threonine/homoserine efflux transporter RhtA
JPYC01000456.1_3	2253	3380	1128	-1	0.658	11	GGA/GAG/AGG	NA	NA	NA	0	0	0	1	NA	NA	NA	NA	NA
JPYC01000457.1_1	1	741	741	1	0.650	11	None	GENOMAD.137367.CP	0.0006999	43	0	0	0	1	NA	NA	NA	PF00175;PF08021;K02641;TIGR03224;COG0543	benzoyl-CoA oxygenase/reductase, BoxA protein
JPYC01000457.1_2	912	1577	666	-1	0.634	11	AGxAGG/AGGxGG	NA	NA	NA	0	0	0	1	NA	NA	NA	NA	NA
JPYC01000457.1_3	1732	2343	612	-1	0.623	11	None	NA	NA	NA	0	0	0	1	NA	NA	NA	NA	NA
JPYC01000458.1_1	1	225	225	-1	0.702	11	None	NA	NA	NA	0	0	0	1	NA	NA	NA	NA	NA
JPYC01000459.1_1	50	1279	1230	1	0.637	11	None	NA	NA	NA	0	0	0	1	NA	NA	NA	NA	NA
JPYC01000459.1_2	1635	3035	1401	1	0.630	11	GGAGG	NA	NA	NA	0	0	0	1	NA	NA	NA	NA	NA
JPYC01000459.1_3	3035	4048	1014	1	0.638	11	GGAG/GAGG	NA	NA	NA	0	0	0	1	NA	NA	NA	NA	NA
JPYC01000459.1_4	4109	4846	738	-1	0.656	11	None	GENOMAD.130656.CP	1.229e-11	67	0	0	0	1	NA	NA	NA	PF00326;TIGR02821;COG0627;K03930	S-formylglutathione hydrolase
JPYC01000459.1_5	5048	6409	1362	-1	0.656	11	GGA/GAG/AGG	GENOMAD.114680.CP	2.028e-61	222	0	0	0	1246	Caudoviricetes	NA	NA	PF01769;PF03448;PF00478;K06213;TIGR00400;COG2239	Mg2+ transporter (mgtE)
JPYC01000459.1_6	6817	6894	78	-1	0.615	11	None	NA	NA	NA	0	0	0	1	NA	NA	NA	NA	NA
JPYC01000046.1_1	76	378	303	-1	0.696	11	None	NA	NA	NA	0	0	0	1	NA	NA	NA	NA	NA
JPYC01000460.1_1	3	524	522	1	0.642	11	None	GENOMAD.142334.CP	1.665e-18	85	0	0	0	1	NA	NA	NA	PF03748;COG1580;TIGR02223	Flagellar basal body-associated protein FliL
JPYC01000460.1_2	535	1548	1014	1	0.640	11	GGA/GAG/AGG	GENOMAD.158788.CP	3.117e-09	61	0	0	0	1	NA	NA	NA	PF02154;PF01052;COG1868;TIGR01397;K02416	Flagellar motor switch protein FliM
JPYC01000460.1_3	1545	1883	339	1	0.661	11	AGGA	GENOMAD.168664.PC	1.068e-07	51	0	0	0	1	NA	NA	NA	PF01052;TIGR02480	flagellar motor switch protein FliN
JPYC01000460.1_4	1880	2287	408	1	0.684	11	GGAGG	GENOMAD.166188.CP	1.223e-15	75	0	0	0	1	NA	NA	NA	PF04347;COG3190;K02418;TIGR03500	Flagellar biogenesis protein FliO
JPYC01000460.1_5	2289	3134	846	1	0.647	11	AGGA	NA	NA	NA	0	0	0	1	NA	NA	NA	NA	NA
JPYC01000460.1_6	3211	3300	90	-1	0.567	11	None	NA	NA	NA	0	0	0	1	NA	NA	NA	NA	NA
JPYC01000461.1_1	2	3337	3336	1	0.647	11	None	GENOMAD.146053.CP	4.255e-57	221	0	0	0	1	NA	NA	NA	PF18368;PF02836;PF02837;PF17786;K15855;COG3250	Beta-galactosidase/beta-glucuronidase
JPYC01000461.1_2	3478	4005	528	1	0.644	11	GGAGG	NA	NA	NA	0	0	0	1	NA	NA	NA	NA	NA
JPYC01000461.1_3	4002	6413	2412	1	0.612	11	None	GENOMAD.158496.CP	6.339e-38	157	0	0	0	1	NA	NA	NA	PF14905;PF07715;TIGR01782;K16091;COG4774	TonB-dependent receptor
JPYC01000461.1_4	6785	7615	831	-1	0.664	11	None	NA	NA	NA	0	0	0	1	NA	NA	NA	NA	NA
JPYC01000462.1_1	1	525	525	1	0.730	11	None	NA	NA	NA	0	0	0	1	NA	NA	NA	NA	NA
JPYC01000463.1_1	2	100	99	1	0.737	11	None	NA	NA	NA	0	0	0	1	NA	NA	NA	NA	NA
JPYC01000463.1_2	97	546	450	1	0.671	11	None	NA	NA	NA	0	0	0	1	NA	NA	NA	NA	NA
JPYC01000464.1_1	1	330	330	1	0.648	11	None	GENOMAD.196767.PC	8.167e-42	149	0	0	0	1	NA	NA	NA	PF21142	Bacterial alpha-2 macroglobulin MG2 domain
JPYC01000465.1_1	2	1696	1695	-1	0.625	11	None	GENOMAD.158496.CP	7.122e-08	58	0	0	0	1	NA	NA	NA	PF14905;PF07715;TIGR01782;K16091;COG4774	TonB-dependent receptor
JPYC01000465.1_2	2331	6443	4113	-1	0.664	11	None	GENOMAD.145722.CP	1.036e-105	379	0	0	0	1	NA	NA	NA	PF07678;PF17973;PF17972;PF17962;PF11974;PF01835;PF00207;PF17970;K06894;COG2373	Uncharacterized conserved protein YfaS, alpha-2-macroglobulin family
JPYC01000466.1_1	2	835	834	-1	0.676	11	None	GENOMAD.108595.CP	9.789e-12	68	0	0	0	1246	Caudoviricetes	NA	NA	PF00275;TIGR01356;COG0766;K00790	3-phosphoshikimate 1-carboxyvinyltransferase
JPYC01000466.1_2	1076	1318	243	-1	0.646	11	None	GENOMAD.108170.CP	2.456e-17	77	0	0	0	1	NA	NA	NA	PF01722;COG5007;K05527	Acid stress-induced BolA-like protein IbaG/YrbA, predicted regulator of iron metabolism
JPYC01000466.1_3	1357	2358	1002	1	0.707	11	GGA/GAG/AGG	NA	NA	NA	0	0	0	1	NA	NA	NA	NA	NA
JPYC01000466.1_4	2407	2955	549	1	0.679	11	None	GENOMAD.153745.CV	0.0001509	44	0	0	0	11688	Kyanoviridae	NA	NA	PF00702;K21055;TIGR01459;COG3769	HAD-superfamily class IIA hydrolase, TIGR01459
JPYC01000466.1_5	2952	3527	576	1	0.663	11	GGA/GAG/AGG	GENOMAD.002742.CC	3.498e-98	316	0	0	0	1	NA	NA	NA	PF06835;COG3117;K11719;TIGR04409	Lipopolysaccharide export system protein LptC
JPYC01000466.1_6	3505	4065	561	1	0.624	11	GGA/GAG/AGG	GENOMAD.151010.CP	1.097e-74	248	0	0	0	1	NA	NA	NA	K09774;COG1934	Lipopolysaccharide export system protein LptA
JPYC01000466.1_7	4065	4784	720	1	0.654	11	GGA/GAG/AGG	NA	NA	NA	0	0	0	1	NA	NA	NA	NA	NA
JPYC01000466.1_8	4867	6264	1398	1	0.690	11	AGGA/GGAG/GAGG	GENOMAD.142809.CP	7.38e-10	64	0	0	0	1	NA	NA	NA	PF00309;TIGR02395;COG1508	Sigma-54 factor, Activator interacting domain (AID)
JPYC01000466.1_9	6352	6621	270	1	0.633	11	GGAGG	GENOMAD.103040.CV	1.595e-10	58	0	0	0	1	NA	NA	NA	PF02482;PF16321;K05808;TIGR00741;COG1544	ribosomal subunit interface protein
JPYC01000466.1_10	6691	7149	459	1	0.702	11	None	GENOMAD.123993.CP	3.765e-06	48	0	0	0	1	NA	NA	NA	PF00359;PF02591;K02806;TIGR01419;COG4668	PTS IIA-like nitrogen-regulatory protein PtsN
JPYC01000466.1_11	7146	8096	951	1	0.653	11	GGA/GAG/AGG	GENOMAD.000498.CC	4.381e-39	151	0	0	0	1	NA	NA	NA	PF07475;PF02603;K06023;TIGR00679;COG1493	Hpr(Ser) kinase/phosphatase
JPYC01000466.1_12	8093	8965	873	1	0.655	11	AGGA/GGAG/GAGG	NA	NA	NA	0	0	0	1	NA	NA	NA	NA	NA
JPYC01000466.1_13	9489	9881	393	1	0.654	11	None	GENOMAD.147438.CP	7.59e-10	58	0	0	0	1	NA	NA	NA	PF03610;COG2893;TIGR00824;K02793	Phosphotransferase system, mannose/fructose-specific component IIA
JPYC01000466.1_14	9874	10143	270	1	0.641	11	AGGA/GGAG/GAGG	GENOMAD.128943.CP	1.233e-05	44	0	0	0	1	NA	NA	NA	PF00381;COG1925;K11184;TIGR01003	Phosphotransferase system, HPr and related phosphotransfer proteins
JPYC01000466.1_15	10202	10792	591	1	0.670	11	GGA/GAG/AGG	NA	NA	NA	0	0	0	1	NA	NA	NA	NA	NA
JPYC01000467.1_1	3	1598	1596	1	0.629	11	None	GENOMAD.140349.CP	2.239e-161	517	0	0	0	1	NA	NA	NA	PF14905;TIGR01783;COG4206;K16089	TonB-dependent siderophore receptor
JPYC01000467.1_2	2104	2622	519	-1	0.630	11	GGA/GAG/AGG	GENOMAD.151766.CP	5.024e-24	101	0	0	0	1	NA	NA	NA	PF02600;K03611;COG1495	Disulfide bond formation protein DsbB
JPYC01000467.1_3	3063	3446	384	-1	0.651	11	AGGA	GENOMAD.000035.CC	3.616e-42	151	1	0	0	1	NA	NA	NA	PF01196;COG0203;TIGR00059	Ribosomal protein L17
JPYC01000467.1_4	3627	4625	999	-1	0.620	11	AGGAG	GENOMAD.000031.CC	2.697e-79	269	1	0	0	1	NA	NA	NA	PF01193;K03040;TIGR02027;COG0202	DNA-directed RNA polymerase, alpha subunit, bacterial and chloroplast-type
JPYC01000467.1_5	4679	5305	627	-1	0.604	11	GGAG/GAGG	GENOMAD.079740.CV	7.36e-25	105	1	0	0	1246	Caudoviricetes	NA	NA	PF00163;K02986;TIGR01017;COG0522	Ribosomal protein S4/S9 N-terminal domain
JPYC01000467.1_6	5321	5713	393	-1	0.621	11	GGA/GAG/AGG	GENOMAD.000013.CC	1.888e-50	175	1	0	0	1	NA	NA	NA	PF00411;K02948;COG0100;TIGR03628	Ribosomal protein S11
JPYC01000467.1_7	5724	6080	357	-1	0.622	11	GGAG/GAGG	GENOMAD.000014.CC	3.938e-37	136	1	0	0	1	NA	NA	NA	PF00416;COG0099;TIGR03631;K02964	Ribosomal protein S13
JPYC01000467.1_8	6413	7777	1365	-1	0.623	11	AGGAG	NA	NA	NA	0	0	0	1	NA	NA	NA	NA	NA
JPYC01000467.1_9	7785	8228	444	-1	0.651	11	AGGAG	GENOMAD.000024.CC	3.604e-26	106	1	0	0	1	NA	NA	NA	PF00828;TIGR01071;K02876;COG0200	ribosomal protein L15, bacterial/organelle
JPYC01000467.1_10	8233	8424	192	-1	0.589	11	GGAGG	GENOMAD.000237.CC	3.544e-07	47	0	0	0	1	NA	NA	NA	PF00327;TIGR01308;COG1841	ribosomal protein L30, bacterial/organelle
JPYC01000467.1_11	8417	8959	543	-1	0.622	11	AGGA	GENOMAD.000010.CC	3.001e-43	157	1	0	0	1	NA	NA	NA	PF00333;PF03719;TIGR01021;COG0098	ribosomal protein S5, bacterial/organelle type
JPYC01000467.1_12	9119	9478	360	-1	0.636	11	AGGA	GENOMAD.076560.CV	3.366e-31	119	1	0	0	1	NA	NA	NA	PF00861;TIGR00060;COG0256;K02881	Ribosomal L18 of archaea, bacteria, mitoch. and chloroplast
JPYC01000467.1_13	9570	10097	528	-1	0.633	11	AGGA	GENOMAD.000001.CC	3.628e-56	194	1	0	0	1	NA	NA	NA	PF00347;K02933;TIGR03654;COG0097	ribosomal protein L6, bacterial type
JPYC01000467.1_14	10113	10511	399	-1	0.586	11	GGA/GAG/AGG	GENOMAD.000019.CC	1.493e-37	138	1	0	0	1	NA	NA	NA	PF00410;K02994;COG0096	Ribosomal protein S8
JPYC01000467.1_15	10717	11022	306	-1	0.595	11	GGAG/GAGG	GENOMAD.119080.CP	5.13e-19	83	0	0	0	1	NA	NA	NA	PF00253;COG0199	Ribosomal protein S14
JPYC01000467.1_16	11041	11583	543	-1	0.575	11	GGAG/GAGG	GENOMAD.000004.CC	5.418e-88	286	1	0	0	1	NA	NA	NA	PF00673;PF00281;K02931;COG0094	Ribosomal protein L5
JPYC01000467.1_17	11595	11912	318	-1	0.610	11	GGAGG	GENOMAD.000028.CC	4.404e-30	115	1	0	0	1	NA	NA	NA	PF17136;PF00467;K02895;TIGR01079;COG0198	ribosomal protein L24, bacterial/organelle
JPYC01000467.1_18	11928	12296	369	-1	0.604	11	GGAG/GAGG	GENOMAD.000007.CC	9.663e-54	184	1	0	0	1	NA	NA	NA	PF00238;COG0093;TIGR01067	Ribosomal protein L14
JPYC01000467.1_19	12311	12580	270	-1	0.585	11	AGGA	GENOMAD.051620.CP	1.756e-24	98	1	0	0	1	NA	NA	NA	PF00366;TIGR03635;COG0186	ribosomal protein uS17, bacterial form
JPYC01000467.1_20	12592	12777	186	-1	0.602	11	GGA/GAG/AGG	GENOMAD.000093.CC	1.118e-09	54	1	0	0	1	NA	NA	NA	PF00831;COG0255;K02904;TIGR00012	Ribosomal protein L29
JPYC01000467.1_21	12777	13190	414	-1	0.616	11	GGAG/GAGG	GENOMAD.061469.CV	7.329e-64	214	1	0	0	1	NA	NA	NA	PF00252;K02878;TIGR01164;COG0197	ribosomal protein L16, bacterial/organelle
JPYC01000467.1_22	13196	13930	735	-1	0.611	11	AGGA	GENOMAD.000002.CC	2.473e-47	172	1	0	0	1	NA	NA	NA	PF05316;K02982;TIGR01009;COG0092	ribosomal protein S3, bacterial type
JPYC01000467.1_23	13948	14283	336	-1	0.607	11	AGGAG	GENOMAD.058918.CV	5.748e-38	138	1	0	0	1	NA	NA	NA	PF00237;K02890;COG0091;TIGR01044	Ribosomal protein L22
JPYC01000467.1_24	14296	14565	270	-1	0.570	11	GGA/GAG/AGG	GENOMAD.058748.CV	3.31e-41	146	1	0	0	1	NA	NA	NA	PF00203;K02965;COG0185;TIGR01050	Ribosomal protein S19
JPYC01000467.1_25	14572	15399	828	-1	0.644	11	GGAG/GAGG	GENOMAD.058738.CV	1.958e-65	226	1	0	0	1	NA	NA	NA	PF03947;TIGR01171;COG0090	ribosomal protein L2, bacterial/organellar
JPYC01000467.1_26	15410	15709	300	-1	0.567	11	AGGAG	GENOMAD.058867.CV	2.788e-24	98	1	0	0	1	NA	NA	NA	PF00276;COG0089;TIGR03636;K02892	Ribosomal protein L23
JPYC01000467.1_27	15706	15942	237	-1	0.612	11	None	NA	NA	NA	0	0	0	1	NA	NA	NA	NA	NA
JPYC01000468.1_1	2	2614	2613	-1	0.638	11	GGAG/GAGG	GENOMAD.153944.CP	5.274e-07	56	0	0	0	1	NA	NA	NA	PF16338	Alpha-glucosidase, N-terminal
JPYC01000468.1_2	2716	4452	1737	-1	0.641	11	GGAG/GAGG	GENOMAD.208849.PC	2.05e-109	368	0	0	0	1	NA	NA	NA	PF18120;PF01301;K12308;COG1874;TIGR03356	Glycosyl hydrolases family 35
JPYC01000468.1_3	4470	6386	1917	-1	0.664	11	GGAG/GAGG	GENOMAD.145791.CP	6.472e-137	451	0	0	0	1	NA	NA	NA	PF13364;K05970	Beta-galactosidase jelly roll domain
JPYC01000468.1_4	6475	8730	2256	-1	0.676	11	GGAG/GAGG	NA	NA	NA	0	0	0	1	NA	NA	NA	NA	NA
JPYC01000468.1_5	8842	9081	240	-1	0.604	11	None	NA	NA	NA	0	0	0	1	NA	NA	NA	NA	NA
JPYC01000469.1_1	2	565	564	-1	0.762	11	GGA/GAG/AGG	GENOMAD.001519.CC	2.239e-21	94	0	0	0	1	NA	NA	NA	PF06258;K07276;COG3660;TIGR00215	Mitochondrial fission ELM1
JPYC01000469.1_2	700	1290	591	1	0.668	11	GGAG/GAGG	GENOMAD.134225.CP	1.665e-57	199	0	0	0	1	NA	NA	NA	PF00881;K09019;TIGR03553;COG3560	F420 biosynthesis protein FbiB, C-terminal domain
JPYC01000469.1_3	1522	1998	477	1	0.688	11	GGAG/GAGG	GENOMAD.136304.CP	9.655e-06	47	0	0	0	1	NA	NA	NA	PF04264;COG2353	Polyisoprenoid-binding periplasmic protein YceI
JPYC01000047.1_1	45	1847	1803	1	0.675	11	GGAG/GAGG	GENOMAD.136785.CP	2.447e-13	76	0	0	0	1	NA	NA	NA	NA	NA
JPYC01000470.1_1	2	115	114	-1	0.684	11	GGA/GAG/AGG	NA	NA	NA	0	0	0	1	NA	NA	NA	NA	NA
JPYC01000470.1_2	115	1461	1347	-1	0.659	11	None	GENOMAD.135937.CP	0.0002375	46	1	0	0	1	NA	NA	NA	PF05834;K17830;COG0644;TIGR02028	Dehydrogenase (flavoprotein)
JPYC01000470.1_3	1765	2034	270	1	0.622	11	GGA/GAG/AGG	GENOMAD.159708.CP	5.546e-36	131	0	0	0	1	NA	NA	NA	PF10501;K16025;TIGR04069	peptide maturation system acyl carrier-related protein
JPYC01000470.1_4	2009	2755	747	1	0.664	11	None	GENOMAD.171493.CP	1.324e-102	332	0	0	0	1	NA	NA	NA	PF11361;COG4648;TIGR00997	Intracellular septation protein A
JPYC01000470.1_5	2809	3558	750	1	0.647	11	GGA/GAG/AGG	GENOMAD.121797.CP	8.048e-05	46	0	0	0	1	NA	NA	NA	PF03982;K00655;COG2121;TIGR00530	Diacylglycerol acyltransferase
JPYC01000470.1_6	3570	3857	288	1	0.694	11	GGA/GAG/AGG	GENOMAD.130478.CP	2.943e-45	158	0	0	0	1	NA	NA	NA	PF07977;TIGR01750;COG0764	beta-hydroxyacyl-
JPYC01000470.1_7	3854	4828	975	1	0.665	11	GGAG/GAGG	GENOMAD.120950.CP	5.981e-85	285	0	0	0	1	NA	NA	NA	PF03279;COG4261;TIGR02208;K02517	Predicted acyltransferase, LPLAT superfamily
JPYC01000470.1_8	4779	5399	621	1	0.696	11	None	GENOMAD.161696.CP	1.079e-29	119	0	0	0	1	NA	NA	NA	PF19574;TIGR03009	Outer membrane lipoprotein carrier protein LolA-like
JPYC01000471.1_1	3	341	339	-1	0.410	11	AGGA	NA	NA	NA	0	0	0	1	NA	NA	NA	NA	NA
JPYC01000471.1_2	368	1159	792	-1	0.518	11	GGAG/GAGG	NA	NA	NA	0	0	0	1	NA	NA	NA	NA	NA
JPYC01000471.1_3	1266	2411	1146	-1	0.549	11	None	NA	NA	NA	0	0	0	1	NA	NA	NA	NA	NA
JPYC01000472.1_1	1	612	612	1	0.572	11	None	NA	NA	NA	0	0	0	1	NA	NA	NA	NA	NA
JPYC01000473.1_1	3	287	285	-1	0.705	11	None	NA	NA	NA	0	0	0	1	NA	NA	NA	NA	NA
JPYC01000474.1_1	1	66	66	-1	0.682	11	GGA/GAG/AGG	NA	NA	NA	0	0	0	1	NA	NA	NA	NA	NA
JPYC01000474.1_2	117	2219	2103	-1	0.645	11	None	NA	NA	NA	0	0	0	1	NA	NA	NA	NA	NA
JPYC01000474.1_3	2332	3660	1329	-1	0.674	11	None	GENOMAD.003036.CC	1.092e-12	73	0	0	0	1	NA	NA	NA	PF11808	Phosphate regulon sensor protein PhoR
JPYC01000474.1_4	3734	4423	690	-1	0.662	11	None	NA	NA	NA	0	0	0	1	NA	NA	NA	NA	NA
JPYC01000474.1_5	4606	5130	525	-1	0.674	11	None	NA	NA	NA	0	0	0	1	NA	NA	NA	NA	NA
JPYC01000475.1_1	3	338	336	-1	0.676	11	AGGA	NA	NA	NA	0	0	0	1	NA	NA	NA	NA	NA
JPYC01000475.1_2	597	2330	1734	-1	0.675	11	GGA/GAG/AGG	NA	NA	NA	0	0	0	1	NA	NA	NA	NA	NA
JPYC01000475.1_3	2638	3723	1086	-1	0.665	11	AGGA	NA	NA	NA	0	0	0	1	NA	NA	NA	NA	NA
JPYC01000475.1_4	3788	4342	555	-1	0.640	11	None	NA	NA	NA	0	0	0	1	NA	NA	NA	NA	NA
JPYC01000475.1_5	4529	4948	420	1	0.707	11	AGGAG	NA	NA	NA	0	0	0	1	NA	NA	NA	NA	NA
JPYC01000475.1_6	5514	6971	1458	-1	0.655	11	GGA/GAG/AGG	NA	NA	NA	0	0	0	1	NA	NA	NA	NA	NA
JPYC01000475.1_7	6968	7273	306	-1	0.624	11	GGAG/GAGG	NA	NA	NA	0	0	0	1	NA	NA	NA	NA	NA
JPYC01000475.1_8	7397	7960	564	1	0.661	11	GGA/GAG/AGG	NA	NA	NA	0	0	0	1	NA	NA	NA	NA	NA
JPYC01000475.1_9	7957	8307	351	1	0.721	11	GGAG/GAGG	NA	NA	NA	0	0	0	1	NA	NA	NA	NA	NA
JPYC01000475.1_10	8469	8804	336	1	0.667	11	GGA/GAG/AGG	GENOMAD.145856.CV	7e-44	155	0	0	0	1	NA	NA	NA	NA	NA
JPYC01000476.1_1	2	1456	1455	-1	0.674	11	GGAG/GAGG	NA	NA	NA	0	0	0	1	NA	NA	NA	NA	NA
JPYC01000476.1_2	1568	2248	681	1	0.705	11	AGGA	NA	NA	NA	0	0	0	1	NA	NA	NA	NA	NA
JPYC01000477.1_1	1	144	144	1	0.729	11	None	NA	NA	NA	0	0	0	1	NA	NA	NA	NA	NA
JPYC01000477.1_2	303	1265	963	1	0.605	11	None	NA	NA	NA	0	0	0	1	NA	NA	NA	NA	NA
JPYC01000478.1_1	3	623	621	-1	0.678	11	None	NA	NA	NA	0	0	0	1	NA	NA	NA	NA	NA
JPYC01000479.1_1	3	380	378	1	0.698	11	None	NA	NA	NA	0	0	0	1	NA	NA	NA	NA	NA
JPYC01000048.1_1	2	2797	2796	-1	0.675	11	GGA/GAG/AGG	GENOMAD.110977.VC	0.0001535	48	0	0	0	1246	Caudoviricetes	NA	NA	TIGR02657;COG2822	NA
JPYC01000048.1_2	3063	3608	546	1	0.637	11	GGAG/GAGG	NA	NA	NA	0	0	0	1	NA	NA	NA	NA	NA
JPYC01000048.1_3	3676	4203	528	1	0.646	11	AGGA	GENOMAD.140351.VV	2.929e-06	49	0	0	1	1246	Caudoviricetes	NA	NA	COG4675	Microcystin-dependent protein  (function unknown)
JPYC01000048.1_4	4264	4800	537	1	0.629	11	GGAGG	GENOMAD.152240.VV	3.079e-05	46	0	0	1	1246	Caudoviricetes	NA	NA	COG4675	Microcystin-dependent protein  (function unknown)
JPYC01000048.1_5	4805	5362	558	1	0.647	11	None	NA	NA	NA	0	0	0	1	NA	NA	NA	NA	NA
JPYC01000048.1_6	5381	5668	288	-1	0.615	11	AGGA	GENOMAD.214699.PC	2.914e-53	181	0	0	0	1	NA	NA	NA	PF21880	NA
JPYC01000048.1_7	6051	6845	795	1	0.698	11	GGA/GAG/AGG	NA	NA	NA	0	0	0	1	NA	NA	NA	NA	NA
JPYC01000048.1_8	6845	7594	750	1	0.652	11	GGAG/GAGG	GENOMAD.124229.CP	2.901e-12	69	0	0	0	1	NA	NA	NA	COG0767	ABC-type transporter Mla maintaining outer membrane lipid asymmetry, permease component MlaE
JPYC01000048.1_9	7606	8151	546	1	0.656	11	GGA/GAG/AGG	GENOMAD.123377.CP	3.373e-33	128	0	0	0	1	NA	NA	NA	PF02470;TIGR04430;COG1463;K02067	outer membrane lipid asymmetry maintenance protein MlaD
JPYC01000048.1_10	8148	8810	663	1	0.662	11	GGA/GAG/AGG	GENOMAD.111169.CP	6.057e-21	94	0	0	0	1	NA	NA	NA	PF05494;COG2854;K07323;TIGR03481	ABC-type transporter Mla maintaining outer membrane lipid asymmetry, periplasmic MlaC component
JPYC01000048.1_11	8800	9090	291	1	0.694	11	None	GENOMAD.016077.CC	4.399e-26	103	0	0	0	1	NA	NA	NA	PF13466;K07122;COG5439;TIGR00377	anti-anti-sigma factor
JPYC01000048.1_12	9101	10156	1056	1	0.692	11	GGA/GAG/AGG	NA	NA	NA	0	0	0	1	NA	NA	NA	NA	NA
JPYC01000048.1_13	10296	10781	486	-1	0.578	11	GGA/GAG/AGG	GENOMAD.192563.CP	3.665e-12	66	0	0	0	1	NA	NA	NA	PF12707;COG4994;TIGR02246;K18243	conserved hypothetical protein
JPYC01000048.1_14	10840	11391	552	-1	0.661	11	AGGA	NA	NA	NA	0	0	0	1	NA	NA	NA	NA	NA
JPYC01000480.1_1	3	1370	1368	1	0.559	11	None	NA	NA	NA	0	0	0	1	NA	NA	NA	NA	NA
JPYC01000480.1_2	1745	1984	240	-1	0.629	11	None	NA	NA	NA	0	0	0	1	NA	NA	NA	NA	NA
JPYC01000481.1_1	1	1572	1572	-1	0.553	11	GGA/GAG/AGG	NA	NA	NA	0	0	0	1	NA	NA	NA	NA	NA
JPYC01000481.1_2	2034	2354	321	-1	0.623	11	GGAG/GAGG	NA	NA	NA	0	0	0	1	NA	NA	NA	NA	NA
JPYC01000481.1_3	2763	4310	1548	1	0.578	11	GGA/GAG/AGG	NA	NA	NA	0	0	0	1	NA	NA	NA	NA	NA
JPYC01000481.1_4	4260	4685	426	-1	0.587	11	AGGA	NA	NA	NA	0	0	0	1	NA	NA	NA	NA	NA
JPYC01000481.1_5	5206	5979	774	1	0.550	11	GGA/GAG/AGG	GENOMAD.043515.PP	1.754e-138	436	0	1	0	1	NA	B_traI	NA	PF13605;TIGR02791;COG5314;K03200	P-type DNA transfer protein VirB5
JPYC01000481.1_6	6011	7147	1137	1	0.563	11	GGA/GAG/AGG	GENOMAD.022765.PP	3.855e-216	667	0	1	0	1	NA	T_virB6	NA	K03201;COG3704	Type IV secretory pathway, VirB6 components
JPYC01000481.1_7	7187	7708	522	1	0.489	11	None	GENOMAD.086806.PP	5.009e-34	130	0	0	0	1	NA	NA	NA	PF13827	NA
JPYC01000481.1_8	8074	8604	531	1	0.507	11	AGGAG	NA	NA	NA	0	0	0	1	NA	NA	NA	NA	NA
JPYC01000481.1_9	8670	9260	591	1	0.504	11	AGGA	NA	NA	NA	0	0	0	1	NA	NA	NA	NA	NA
JPYC01000481.1_10	9257	10603	1347	1	0.602	11	GGA/GAG/AGG	NA	NA	NA	0	0	0	1	NA	NA	NA	NA	NA
JPYC01000481.1_11	10482	11141	660	-1	0.567	11	None	NA	NA	NA	0	0	0	1	NA	NA	NA	NA	NA
JPYC01000481.1_12	11326	11844	519	1	0.501	11	GGAG/GAGG	GENOMAD.086806.PP	1.27e-31	123	0	0	0	1	NA	NA	NA	PF13827	NA
JPYC01000481.1_13	11831	12412	582	1	0.483	11	AGxAG	GENOMAD.086806.PP	3.845e-27	111	0	0	0	1	NA	NA	NA	PF13827	NA
JPYC01000481.1_14	12452	12991	540	1	0.459	11	None	GENOMAD.086806.PP	4.184e-19	87	0	0	0	1	NA	NA	NA	PF13827	NA
JPYC01000481.1_15	12997	13749	753	-1	0.551	11	None	GENOMAD.123137.PC	1.372e-20	94	0	1	0	1	NA	MOBH	NA	PF07514;PF07515;TIGR03760;K12070;COG3294	Putative helicase; Putative conjugal transfer nickase/helicase TraI C-term
JPYC01000482.1_1	2	2065	2064	-1	0.688	11	GGA/GAG/AGG	GENOMAD.107195.CP	1.383e-109	373	0	0	0	1	NA	NA	NA	NA	NA
JPYC01000482.1_2	2364	3521	1158	-1	0.654	11	None	NA	NA	NA	0	0	0	1	NA	NA	NA	NA	NA
JPYC01000482.1_3	3537	4136	600	-1	0.660	11	GGAG/GAGG	NA	NA	NA	0	0	0	1	NA	NA	NA	NA	NA
JPYC01000482.1_4	4133	4438	306	-1	0.660	11	None	GENOMAD.178375.CP	5.833e-10	57	0	0	0	1	NA	NA	NA	PF18029;COG3324;TIGR03081;K08234	Predicted enzyme related to lactoylglutathione lyase
JPYC01000482.1_5	4522	5247	726	-1	0.675	11	GGA/GAG/AGG	GENOMAD.067591.CV	7.554e-97	315	0	0	0	1246	Caudoviricetes	NA	NA	PF01138;PF03725;K00989;TIGR01966;COG0689	ribonuclease PH
JPYC01000482.1_6	5357	6217	861	1	0.666	11	GGA/GAG/AGG	GENOMAD.073106.CV	2.823e-85	284	0	0	0	1246	Caudoviricetes	NA	NA	PF03755;PF08340;TIGR00255;COG1561	TIGR00255 family protein
JPYC01000483.1_1	1	1494	1494	1	0.644	11	None	NA	NA	NA	0	0	0	1	NA	NA	NA	NA	NA
JPYC01000483.1_2	1491	2528	1038	1	0.680	11	None	GENOMAD.000204.CC	3.654e-45	170	0	0	0	1	NA	NA	NA	PF02606;K00912;TIGR00682;COG1663	tetraacyldisaccharide 4'-kinase
JPYC01000483.1_3	2833	3612	780	1	0.668	11	GGA/GAG/AGG	NA	NA	NA	0	0	0	1	NA	NA	NA	NA	NA
JPYC01000483.1_4	3609	4073	465	1	0.680	11	GGxGG	NA	NA	NA	0	0	0	1	NA	NA	NA	NA	NA
JPYC01000483.1_5	4097	5515	1419	1	0.667	11	None	GENOMAD.142989.CP	4.448e-07	55	0	0	0	1	NA	NA	NA	PF08534;TIGR01626;COG0386	conserved hypothetical protein YtfJ-family, TIGR01626
JPYC01000483.1_6	5512	5880	369	1	0.610	11	None	NA	NA	NA	0	0	0	1	NA	NA	NA	NA	NA
JPYC01000484.1_1	2	2638	2637	-1	0.611	11	GGA/GAG/AGG	NA	NA	NA	0	0	0	1	NA	NA	NA	NA	NA
JPYC01000484.1_2	2647	3921	1275	-1	0.664	11	GGAG/GAGG	NA	NA	NA	0	0	0	1	NA	NA	NA	NA	NA
JPYC01000484.1_3	4115	4315	201	1	0.612	11	GGAG/GAGG	NA	NA	NA	0	0	0	1	NA	NA	NA	NA	NA
JPYC01000485.1_1	3	3365	3363	1	0.657	11	None	NA	NA	NA	0	0	0	1	NA	NA	NA	NA	NA
JPYC01000485.1_2	3481	4152	672	-1	0.621	11	None	GENOMAD.088139.CV	4.622e-39	147	0	0	0	1246	Caudoviricetes	NA	NA	PF19574;K03634;TIGR00547;COG2834	periplasmic chaperone LolA
JPYC01000485.1_3	4217	5728	1512	-1	0.649	11	None	GENOMAD.142957.CP	4.164e-14	78	0	0	0	1	NA	NA	NA	NA	NA
JPYC01000486.1_1	2	289	288	1	0.663	11	None	NA	NA	NA	0	0	0	1	NA	NA	NA	NA	NA
JPYC01000486.1_2	741	1313	573	1	0.675	11	GGAG/GAGG	NA	NA	NA	0	0	0	1	NA	NA	NA	NA	NA
JPYC01000486.1_3	1454	1792	339	-1	0.658	11	AGGAG	NA	NA	NA	0	0	0	1	NA	NA	NA	NA	NA
JPYC01000486.1_4	1875	2774	900	-1	0.634	11	GGAG/GAGG	NA	NA	NA	0	0	0	1	NA	NA	NA	NA	NA
JPYC01000486.1_5	2911	3414	504	-1	0.607	11	None	NA	NA	NA	0	0	0	1	NA	NA	NA	NA	NA
JPYC01000487.1_1	3	2162	2160	1	0.648	11	None	GENOMAD.142574.CP	6.345e-20	98	0	0	0	1	NA	NA	NA	PF17674	HHH domain
JPYC01000487.1_2	2335	2844	510	-1	0.669	11	None	NA	NA	NA	0	0	0	1	NA	NA	NA	NA	NA
JPYC01000488.1_1	2	895	894	-1	0.666	11	GGAG/GAGG	NA	NA	NA	0	0	0	1	NA	NA	NA	NA	NA
JPYC01000488.1_2	1081	1941	861	1	0.660	11	None	NA	NA	NA	0	0	0	1	NA	NA	NA	NA	NA
JPYC01000488.1_3	2260	4305	2046	1	0.640	11	None	GENOMAD.127342.CP	6.54e-17	88	0	0	0	1	NA	NA	NA	PF11854;PF07715;TIGR01776;COG4773;K16090	TonB-dependent lactoferrin and transferrin receptors
JPYC01000488.1_4	4557	4742	186	-1	0.608	11	None	GENOMAD.145656.CP	3.118e-21	87	0	0	0	1	NA	NA	NA	PF10043;COG5544;K20950	Uncharacterized conserved protein YfiM, DUF2279 family
JPYC01000489.1_1	3	734	732	1	0.616	11	None	GENOMAD.177500.PC	2.573e-46	169	0	0	0	1	NA	NA	NA	PF09836;COG3219;K09929	Putative DNA-binding domain
JPYC01000489.1_2	767	1597	831	1	0.574	11	AGGA	NA	NA	NA	0	0	0	1	NA	NA	NA	NA	NA
JPYC01000489.1_3	1597	2034	438	1	0.553	11	GGAGG	NA	NA	NA	0	0	0	1	NA	NA	NA	NA	NA
JPYC01000049.1_1	1	123	123	1	0.667	11	None	NA	NA	NA	0	0	0	1	NA	NA	NA	NA	NA
JPYC01000049.1_2	312	2456	2145	1	0.636	11	GGAG/GAGG	NA	NA	NA	0	0	0	1	NA	NA	NA	NA	NA
JPYC01000049.1_3	2940	4103	1164	-1	0.683	11	AGGA	GENOMAD.109692.CP	3.336e-151	480	0	0	0	1	NA	NA	NA	PF13482;K07502;COG3359;TIGR01406	Uncharacterized conserved protein YprB, contains RNaseH-like and TPR domains
JPYC01000049.1_4	4191	4370	180	1	0.728	11	None	NA	NA	NA	0	0	0	1	NA	NA	NA	NA	NA
JPYC01000490.1_1	2	1840	1839	-1	0.685	11	None	NA	NA	NA	0	0	0	1	NA	NA	NA	NA	NA
JPYC01000491.1_1	444	1001	558	1	0.550	11	AGGA	NA	NA	NA	0	0	0	1	NA	NA	NA	NA	NA
JPYC01000491.1_2	1232	1549	318	-1	0.579	11	None	NA	NA	NA	0	0	0	1	NA	NA	NA	NA	NA
JPYC01000491.1_3	1743	2099	357	1	0.535	11	AGGAG	NA	NA	NA	0	0	0	1	NA	NA	NA	NA	NA
JPYC01000491.1_4	2304	2447	144	-1	0.597	11	GGA/GAG/AGG	NA	NA	NA	0	0	0	1	NA	NA	NA	NA	NA
JPYC01000491.1_5	3022	3630	609	-1	0.596	11	GGA/GAG/AGG	GENOMAD.179361.CP	3.517e-21	94	0	0	0	1	NA	NA	NA	NA	NA
JPYC01000491.1_6	4206	4580	375	-1	0.584	11	GGA/GAG/AGG	GENOMAD.171688.CP	1.528e-25	103	0	0	0	1	NA	NA	NA	PF12681;TIGR00068;COG3565;K08234	Glyoxalase-like domain
JPYC01000491.1_7	4712	5635	924	1	0.614	11	GGA/GAG/AGG	GENOMAD.158077.CP	3.931e-07	54	0	0	0	1	NA	NA	NA	PF12833;TIGR02297;K02099;COG2207	4-hydroxyphenylacetate catabolism regulatory protein HpaA
JPYC01000491.1_8	5943	6092	150	-1	0.600	11	GGA/GAG/AGG	NA	NA	NA	0	0	0	1	NA	NA	NA	NA	NA
JPYC01000491.1_9	6417	8117	1701	1	0.650	11	GGA/GAG/AGG	NA	NA	NA	0	0	0	1	NA	NA	NA	NA	NA
JPYC01000491.1_10	8188	8376	189	1	0.651	11	GGA/GAG/AGG	NA	NA	NA	0	0	0	1	NA	NA	NA	NA	NA
JPYC01000492.1_1	1	441	441	-1	0.653	11	None	NA	NA	NA	0	0	0	1	NA	NA	NA	NA	NA
JPYC01000493.1_1	1	129	129	1	0.636	11	None	NA	NA	NA	0	0	0	1	NA	NA	NA	NA	NA
JPYC01000493.1_2	205	1965	1761	-1	0.672	11	GGxGG	NA	NA	NA	0	0	0	1	NA	NA	NA	NA	NA
JPYC01000493.1_3	2205	3182	978	-1	0.682	11	GGAG/GAGG	NA	NA	NA	0	0	0	1	NA	NA	NA	NA	NA
JPYC01000493.1_4	3579	4961	1383	1	0.665	11	AGGAG	GENOMAD.190734.CP	1.253e-112	372	0	0	0	1	NA	NA	NA	PF03198;COG3867;K22832	Glucanosyltransferase
JPYC01000493.1_5	5001	5828	828	1	0.646	11	GGA/GAG/AGG	GENOMAD.112993.CP	4.987e-53	190	0	0	0	1	NA	NA	NA	PF19345;K00297;TIGR00676;COG0685	5,10-methylenetetrahydrofolate reductase, prokaryotic form
JPYC01000493.1_6	5874	6503	630	1	0.684	11	None	NA	NA	NA	0	0	0	1	NA	NA	NA	NA	NA
JPYC01000493.1_7	6615	7562	948	-1	0.686	11	None	GENOMAD.133558.CP	4.761e-08	57	0	0	0	1	NA	NA	NA	PF02581;K10810;TIGR00693;COG0352	thiamine-phosphate diphosphorylase
JPYC01000494.1_1	63	293	231	1	0.710	11	None	NA	NA	NA	0	0	0	1	NA	NA	NA	NA	NA
JPYC01000495.1_1	1	696	696	1	0.645	11	None	GENOMAD.129013.CP	2.067e-16	81	0	0	0	1	NA	NA	NA	PF00326;PF00930;K01278;COG1770;TIGR02821	Prolyl oligopeptidase family; Dipeptidyl peptidase IV (DPP IV) N-terminal region
JPYC01000496.1_1	2	1036	1035	-1	0.651	11	None	NA	NA	NA	0	0	0	1	NA	NA	NA	NA	NA
JPYC01000496.1_2	1170	4418	3249	-1	0.666	11	AGGA	NA	NA	NA	0	0	0	1	NA	NA	NA	NA	NA
JPYC01000496.1_3	4512	5756	1245	-1	0.659	11	AGGAG	NA	NA	NA	0	0	0	1	NA	NA	NA	NA	NA
JPYC01000496.1_4	6016	7323	1308	1	0.679	11	GGAG/GAGG	NA	NA	NA	0	0	0	1	NA	NA	NA	NA	NA
JPYC01000496.1_5	7480	8295	816	1	0.641	11	None	NA	NA	NA	0	0	0	1	NA	NA	NA	NA	NA
JPYC01000496.1_6	8398	8691	294	1	0.565	11	GGA/GAG/AGG	GENOMAD.142002.VC	0.000184	41	0	0	0	1246	Caudoviricetes	NA	NA	TIGR03505	FimV N-terminal domain
JPYC01000496.1_7	8797	9354	558	1	0.667	11	GGAG/GAGG	GENOMAD.058195.CC	1.036e-57	199	0	0	0	1	NA	NA	NA	PF16342;COG3895	NA
JPYC01000496.1_8	9712	11943	2232	1	0.628	11	GGA/GAG/AGG	NA	NA	NA	0	0	0	1	NA	NA	NA	NA	NA
JPYC01000496.1_9	12015	12275	261	-1	0.640	11	GGAGG	NA	NA	NA	0	0	0	1	NA	NA	NA	NA	NA
JPYC01000496.1_10	12377	12601	225	1	0.667	11	GGA/GAG/AGG	NA	NA	NA	0	0	0	1	NA	NA	NA	NA	NA
JPYC01000497.1_1	1	111	111	-1	0.559	11	AGGAG	NA	NA	NA	0	0	0	1	NA	NA	NA	NA	NA
JPYC01000497.1_2	1463	3502	2040	-1	0.663	11	None	NA	NA	NA	0	0	0	1	NA	NA	NA	NA	NA
JPYC01000497.1_3	3706	4074	369	-1	0.667	11	None	NA	NA	NA	0	0	0	1	NA	NA	NA	NA	NA
JPYC01000497.1_4	4093	4728	636	-1	0.648	11	GGAG/GAGG	GENOMAD.147577.CP	2.471e-05	47	0	0	0	1	NA	NA	NA	PF16912;TIGR02197;K05886;COG1090	Glucose dehydrogenase C-terminus
JPYC01000497.1_5	5144	6241	1098	1	0.627	11	AGGAG	GENOMAD.032134.CC	1.977e-137	439	0	0	0	1	NA	NA	NA	PF05736;COG3047;TIGR04565;K16078	Outer membrane protein W
JPYC01000497.1_6	6434	6949	516	1	0.682	11	GGA/GAG/AGG	NA	NA	NA	0	0	0	1	NA	NA	NA	NA	NA
JPYC01000497.1_7	7035	7829	795	1	0.688	11	AGGA/GGAG/GAGG	GENOMAD.106866.CP	9.117e-19	89	0	0	0	1246	Caudoviricetes	NA	NA	COG1187	16S rRNA U516 pseudouridylate synthase RsuA and related 23S rRNA U2605, pseudouridylate synthases
JPYC01000497.1_8	7780	8172	393	-1	0.725	11	None	NA	NA	NA	0	0	0	1	NA	NA	NA	NA	NA
JPYC01000497.1_9	8175	9383	1209	-1	0.641	11	None	NA	NA	NA	0	0	0	1	NA	NA	NA	NA	NA
JPYC01000497.1_10	9474	10571	1098	1	0.648	11	GGAG/GAGG	GENOMAD.154793.CP	1.377e-132	425	0	0	0	1	NA	NA	NA	PF13531;K02048;TIGR00971;COG1613	sulfate/thiosulfate-binding protein
JPYC01000497.1_11	10626	11435	810	1	0.664	11	None	GENOMAD.116612.CP	3.597e-10	63	0	0	0	1	NA	NA	NA	PF00528;K02063;TIGR01253;COG1178	thiamine ABC transporter, permease protein
JPYC01000497.1_12	11432	12385	954	1	0.634	11	GGAGG	NA	NA	NA	0	0	0	1	NA	NA	NA	NA	NA
JPYC01000497.1_13	12393	13424	1032	1	0.673	11	GGAG/GAGG	NA	NA	NA	0	0	0	1	NA	NA	NA	NA	NA
JPYC01000498.1_1	41	1810	1770	-1	0.684	11	GGA/GAG/AGG	NA	NA	NA	0	0	0	1	NA	NA	NA	NA	NA
JPYC01000498.1_2	1807	2283	477	-1	0.667	11	None	NA	NA	NA	0	0	0	1	NA	NA	NA	NA	NA
JPYC01000499.1_1	1	1578	1578	-1	0.652	11	GGA/GAG/AGG	GENOMAD.168352.CP	9.696e-29	125	0	0	0	1	NA	NA	NA	PF00664;K02021;COG4618	ABC-type protease/lipase transport system, ATPase and permease components
JPYC01000499.1_2	1668	2567	900	-1	0.671	11	None	GENOMAD.133355.CP	9.66e-09	59	0	0	0	1	NA	NA	NA	PF03466;PF00126;TIGR03298;K17737;COG0583	transcriptional regulator, ArgP family
JPYC01000005.1_1	2	556	555	-1	0.686	11	None	NA	NA	NA	0	0	0	1	NA	NA	NA	NA	NA
JPYC01000005.1_2	675	3503	2829	1	0.646	11	None	GENOMAD.112737.CP	6.219e-28	125	0	0	0	1	NA	NA	NA	PF00361;PF00662;K22179;TIGR01960;COG1009	NAD(P)H dehydrogenase, subunit NdhF3 family
JPYC01000005.1_3	3503	3877	375	1	0.653	11	GGAG/GAGG	GENOMAD.134276.CP	1.684e-24	100	0	0	0	1	NA	NA	NA	K05560;COG1006	Multisubunit Na+/H+ antiporter, MnhC subunit
JPYC01000005.1_4	3874	5418	1545	1	0.664	11	GGA/GAG/AGG	GENOMAD.109407.CP	2.992e-117	388	0	0	0	1	NA	NA	NA	COG0651	Formate hydrogenlyase subunit 3/Multisubunit Na+/H+ antiporter, MnhD subunit
JPYC01000005.1_5	5415	5921	507	1	0.621	11	GGAGG	GENOMAD.137918.CP	2.536e-48	171	0	0	0	1	NA	NA	NA	PF01899;K05562;COG1863;TIGR00942	Multisubunit Na+/H+ antiporter, MnhE subunit
JPYC01000005.1_6	5918	6202	285	1	0.607	11	GGAG/GAGG	GENOMAD.147528.CP	1.212e-07	50	0	0	0	1	NA	NA	NA	PF04066;COG2212;K05563	Multisubunit Na+/H+ antiporter, MnhF subunit
JPYC01000005.1_7	6199	6618	420	1	0.612	11	GGAG/GAGG	GENOMAD.138410.CP	1.001e-19	87	0	0	0	1	NA	NA	NA	K05564;COG1320	Multisubunit Na+/H+ antiporter, MnhG subunit
JPYC01000005.1_8	6960	7607	648	-1	0.667	11	AGGA	GENOMAD.181422.CP	5.502e-43	158	0	0	0	1	NA	NA	NA	PF06572;COG2913	CAP-associated N-terminal
JPYC01000005.1_9	7749	8300	552	1	0.681	11	AGGA	NA	NA	NA	0	0	0	1	NA	NA	NA	NA	NA
JPYC01000005.1_10	8610	9923	1314	-1	0.648	11	GGA/GAG/AGG	NA	NA	NA	0	0	0	1	NA	NA	NA	NA	NA
JPYC01000050.1_1	2	1207	1206	-1	0.659	11	AGGA	GENOMAD.108638.CP	1.397e-06	53	0	0	0	1	NA	NA	NA	PF03193;PF01176;K06949;TIGR00157;COG1162	ribosome small subunit-dependent GTPase A
JPYC01000050.1_2	1218	2435	1218	-1	0.647	11	GGAG/GAGG	NA	NA	NA	0	0	0	1	NA	NA	NA	NA	NA
JPYC01000050.1_3	2435	3073	639	-1	0.651	11	GGA/GAG/AGG	NA	NA	NA	0	0	0	1	NA	NA	NA	NA	NA
JPYC01000050.1_4	3144	4004	861	-1	0.659	11	None	GENOMAD.092099.CV	4.231e-37	144	0	0	0	1	NA	NA	NA	PF13464;K15539;COG1426;TIGR02612	Cytoskeletal protein RodZ, contains Xre-like HTH and DUF4115 domains
JPYC01000050.1_5	4001	4813	813	-1	0.636	11	GGA/GAG/AGG	NA	NA	NA	0	0	0	1	NA	NA	NA	NA	NA
JPYC01000050.1_6	4800	6005	1206	-1	0.631	11	GGA/GAG/AGG	NA	NA	NA	0	0	0	1	NA	NA	NA	NA	NA
JPYC01000050.1_7	6024	6449	426	-1	0.627	11	GGAG/GAGG	NA	NA	NA	0	0	0	1	NA	NA	NA	NA	NA
JPYC01000050.1_8	6668	7300	633	1	0.664	11	3Base/5BMM	GENOMAD.125911.CP	1.728e-24	104	0	0	0	1	NA	NA	NA	PF17939;PF00440;K23777;TIGR03384;COG3226	transcriptional repressor BetI
JPYC01000050.1_9	7325	9697	2373	1	0.648	11	GGAG/GAGG	NA	NA	NA	0	0	0	1	NA	NA	NA	NA	NA
JPYC01000050.1_10	9852	11057	1206	1	0.653	11	GGAG/GAGG	NA	NA	NA	0	0	0	1	NA	NA	NA	NA	NA
JPYC01000050.1_11	11371	11772	402	-1	0.644	11	None	NA	NA	NA	0	0	0	1	NA	NA	NA	NA	NA
JPYC01000050.1_12	11952	13325	1374	-1	0.652	11	AGxAGG/AGGxGG	NA	NA	NA	0	0	0	1	NA	NA	NA	NA	NA
JPYC01000050.1_13	13322	13627	306	-1	0.618	11	AGxAGG/AGGxGG	NA	NA	NA	0	0	0	1	NA	NA	NA	NA	NA
JPYC01000500.1_1	2	271	270	-1	0.644	11	GGA/GAG/AGG	NA	NA	NA	0	0	0	1	NA	NA	NA	NA	NA
JPYC01000500.1_2	237	953	717	-1	0.661	11	GGA/GAG/AGG	NA	NA	NA	0	0	0	1	NA	NA	NA	NA	NA
JPYC01000500.1_3	1176	2903	1728	1	0.688	11	GGA/GAG/AGG	GENOMAD.133902.CP	6.238e-115	384	0	0	0	1	NA	NA	NA	COG1807;K07264	4-amino-4-deoxy-L-arabinose transferase or related glycosyltransferase of PMT family
JPYC01000500.1_4	3003	3767	765	1	0.646	11	GGA/GAG/AGG	NA	NA	NA	0	0	0	1	NA	NA	NA	NA	NA
JPYC01000500.1_5	3764	5431	1668	1	0.629	11	GGA/GAG/AGG	NA	NA	NA	0	0	0	1	NA	NA	NA	NA	NA
JPYC01000500.1_6	5546	7564	2019	1	0.639	11	AGGA	GENOMAD.118842.CP	7.849e-90	314	0	0	0	1	NA	NA	NA	K01283;COG2317	Zn-dependent carboxypeptidase, M32 family
JPYC01000500.1_7	8048	8452	405	-1	0.694	11	AGGAG	NA	NA	NA	0	0	0	1	NA	NA	NA	NA	NA
JPYC01000500.1_8	8469	9692	1224	-1	0.676	11	None	NA	NA	NA	0	0	0	1	NA	NA	NA	NA	NA
JPYC01000500.1_9	10001	12157	2157	-1	0.661	11	None	NA	NA	NA	0	0	0	1	NA	NA	NA	NA	NA
JPYC01000500.1_10	12154	13392	1239	-1	0.703	11	GGxGG	GENOMAD.137385.CP	1.824e-26	116	0	0	0	1	NA	NA	NA	PF00529;K13408;TIGR01843;COG1566	type I secretion membrane fusion protein, HlyD family
JPYC01000500.1_11	13481	14356	876	-1	0.678	11	None	GENOMAD.061009.VV	3.556e-21	97	0	0	0	1246	Caudoviricetes	NA	NA	PF19798;K13472;COG4424	Sulfotransferase domain
JPYC01000500.1_12	14708	14887	180	1	0.656	11	GGAG/GAGG	NA	NA	NA	0	0	0	1	NA	NA	NA	NA	NA
JPYC01000500.1_13	15354	18218	2865	1	0.661	11	GGA/GAG/AGG	NA	NA	NA	0	0	0	1	NA	NA	NA	NA	NA
JPYC01000500.1_14	18397	20031	1635	1	0.673	11	None	GENOMAD.178810.CP	6.903e-25	113	0	0	0	1	NA	NA	NA	PF19465;PF00135;K01753;TIGR02035;COG3048	D-serine ammonia-lyase
JPYC01000500.1_15	20089	20559	471	1	0.643	11	AGGA	NA	NA	NA	0	0	0	1	NA	NA	NA	NA	NA
JPYC01000501.1_1	3	557	555	1	0.649	11	None	GENOMAD.147712.CP	3.292e-112	356	0	0	0	1	NA	NA	NA	NA	NA
JPYC01000501.1_2	560	1618	1059	1	0.690	11	None	GENOMAD.147712.CP	6.208e-189	587	0	0	0	1	NA	NA	NA	NA	NA
JPYC01000501.1_3	1745	2383	639	1	0.646	11	GGAG/GAGG	NA	NA	NA	0	0	0	1	NA	NA	NA	NA	NA
JPYC01000501.1_4	2568	4508	1941	1	0.682	11	AGGAG	GENOMAD.109459.VV	3.537e-07	56	0	0	0	3080	Megamimivirinae	NA	NA	PF13230;TIGR03104;K01957;COG0367	asparagine synthase family amidotransferase
JPYC01000501.1_5	4679	5233	555	1	0.650	11	GGAG/GAGG	NA	NA	NA	0	0	0	1	NA	NA	NA	NA	NA
JPYC01000501.1_6	5455	6885	1431	1	0.630	11	GGA/GAG/AGG	GENOMAD.068048.VV	2.107e-15	82	0	0	1	1246	Caudoviricetes	NA	NA	PF20307;TIGR03600;K02314;COG0305	phage replicative helicase, DnaB family, HK022 subfamily
JPYC01000501.1_7	6991	8409	1419	1	0.650	11	GGA/GAG/AGG	NA	NA	NA	0	0	0	1	NA	NA	NA	NA	NA
JPYC01000501.1_8	8682	9407	726	1	0.646	11	AGGAG	NA	NA	NA	0	0	0	1	NA	NA	NA	NA	NA
JPYC01000501.1_9	10239	11273	1035	-1	0.623	11	GGA/GAG/AGG	GENOMAD.190451.PC	2.472e-07	55	0	0	0	1	NA	NA	NA	K21698;TIGR02424;COG0583	pca operon transcription factor PcaQ
JPYC01000501.1_10	11401	11628	228	1	0.623	11	AGGAG	NA	NA	NA	0	0	0	1	NA	NA	NA	NA	NA
JPYC01000501.1_11	11625	12041	417	1	0.715	11	GGAG/GAGG	NA	NA	NA	0	0	0	1	NA	NA	NA	NA	NA
JPYC01000502.1_1	1	333	333	-1	0.682	11	GGA/GAG/AGG	NA	NA	NA	0	0	0	1	NA	NA	NA	NA	NA
JPYC01000502.1_2	457	1026	570	1	0.660	11	None	GENOMAD.147057.CP	1.051e-21	95	0	0	0	1	NA	NA	NA	PF13022;PF08359;K18294;TIGR03613;COG1309	pyrimidine utilization regulatory protein R
JPYC01000502.1_3	1321	3147	1827	-1	0.684	11	None	NA	NA	NA	0	0	0	1	NA	NA	NA	NA	NA
JPYC01000502.1_4	3161	3796	636	-1	0.656	11	AGGA/GGAG/GAGG	GENOMAD.136854.CP	0.000231	44	0	0	0	1	NA	NA	NA	PF01106;COG0694	Fe-S cluster biogenesis protein NfuA, 4Fe-4S-binding domain
JPYC01000502.1_5	3849	4205	357	1	0.653	11	GGA/GAG/AGG	GENOMAD.123541.CP	1.18e-25	103	0	0	0	1	NA	NA	NA	PF01329;COG2154;K01724	Pterin-4a-carbinolamine dehydratase
JPYC01000502.1_6	4202	4624	423	1	0.721	11	GGA/GAG/AGG	GENOMAD.141401.CP	2.013e-11	63	0	0	0	1	NA	NA	NA	PF03544;TIGR01352	TonB family C-terminal domain
JPYC01000502.1_7	4889	5707	819	1	0.621	11	AGGA/GGAG/GAGG	NA	NA	NA	0	0	0	1	NA	NA	NA	NA	NA
JPYC01000502.1_8	6005	7822	1818	1	0.667	11	GGAG/GAGG	GENOMAD.195728.CP	0.0	1005	0	0	0	1	NA	NA	NA	NA	NA
JPYC01000502.1_9	7856	8842	987	-1	0.661	11	GGA/GAG/AGG	NA	NA	NA	0	0	0	1	NA	NA	NA	NA	NA
JPYC01000502.1_10	9243	12047	2805	1	0.658	11	GGAG/GAGG	GENOMAD.090513.CP	3.739e-22	106	0	0	0	1	NA	NA	NA	PF20833	RNase E/G, Thioredoxin-like domain
JPYC01000503.1_1	1	489	489	1	0.703	11	None	NA	NA	NA	0	0	0	1	NA	NA	NA	NA	NA
JPYC01000504.1_1	2	310	309	1	0.634	11	None	NA	NA	NA	0	0	0	1	NA	NA	NA	NA	NA
JPYC01000505.1_1	3	980	978	-1	0.671	11	GGA/GAG/AGG	NA	NA	NA	0	0	0	1	NA	NA	NA	NA	NA
JPYC01000505.1_2	1322	2137	816	1	0.654	11	None	NA	NA	NA	0	0	0	1	NA	NA	NA	NA	NA
JPYC01000505.1_3	2351	3049	699	-1	0.642	11	None	NA	NA	NA	0	0	0	1	NA	NA	NA	NA	NA
JPYC01000505.1_4	3220	3429	210	-1	0.624	11	AGGAG	NA	NA	NA	0	0	0	1	NA	NA	NA	NA	NA
JPYC01000505.1_5	3982	4530	549	1	0.670	11	None	GENOMAD.151568.CP	5.999e-71	237	0	0	0	1	NA	NA	NA	PF07152;COG4681	Uncharacterized conserved protein YaeQ, suppresses RfaH defect
JPYC01000505.1_6	4527	5708	1182	1	0.655	11	None	GENOMAD.117314.CP	1.955e-20	97	0	0	0	1	NA	NA	NA	NA	NA
JPYC01000505.1_7	5924	7993	2070	1	0.644	11	GGAG/GAGG	NA	NA	NA	0	0	0	1	NA	NA	NA	NA	NA
JPYC01000505.1_8	8093	8971	879	-1	0.650	11	GGAG/GAGG	GENOMAD.119278.CP	7.683e-76	257	0	0	0	1	NA	NA	NA	PF01435	Peptidase family M48
JPYC01000505.1_9	9069	9968	900	1	0.702	11	None	NA	NA	NA	0	0	0	1	NA	NA	NA	NA	NA
JPYC01000505.1_10	10051	10791	741	1	0.644	11	GGAG/GAGG	NA	NA	NA	0	0	0	1	NA	NA	NA	NA	NA
JPYC01000505.1_11	10951	11526	576	1	0.635	11	None	GENOMAD.123535.CP	8.741e-10	60	0	0	0	1	NA	NA	NA	PF05233	PHB accumulation regulatory domain
JPYC01000505.1_12	11711	12685	975	-1	0.681	11	GGAG/GAGG	GENOMAD.130634.CP	5.318e-40	154	0	0	0	1	NA	NA	NA	PF01963;K09973;COG3735;TIGR00261	Uncharacterized conserved protein YbaP, TraB family
JPYC01000505.1_13	12719	13654	936	-1	0.658	11	GGAG/GAGG	GENOMAD.159926.CP	4.291e-36	142	0	0	0	1	NA	NA	NA	PF07920;COG3358;K09164	Uncharacterized conserved protein, DUF1684 family
JPYC01000505.1_14	13654	15531	1878	-1	0.669	11	GGAG/GAGG	NA	NA	NA	0	0	0	1	NA	NA	NA	NA	NA
JPYC01000506.1_1	2	754	753	-1	0.722	11	None	NA	NA	NA	0	0	0	1	NA	NA	NA	NA	NA
JPYC01000507.1_1	3	599	597	-1	0.678	11	None	GENOMAD.000446.CC	9.749e-28	113	0	0	0	1	NA	NA	NA	PF02636;COG1565	SAM-dependent methyltransferase, MidA family
JPYC01000507.1_2	667	1404	738	1	0.686	11	GGA/GAG/AGG	NA	NA	NA	0	0	0	1	NA	NA	NA	NA	NA
JPYC01000507.1_3	1573	2088	516	-1	0.671	11	None	NA	NA	NA	0	0	0	1	NA	NA	NA	NA	NA
JPYC01000507.1_4	2181	3683	1503	-1	0.651	11	GGA/GAG/AGG	NA	NA	NA	0	0	0	1	NA	NA	NA	NA	NA
JPYC01000507.1_5	3687	4127	441	-1	0.642	11	GGA/GAG/AGG	NA	NA	NA	0	0	0	1	NA	NA	NA	NA	NA
JPYC01000507.1_6	4124	5935	1812	-1	0.651	11	None	NA	NA	NA	0	0	0	1	NA	NA	NA	NA	NA
JPYC01000507.1_7	6217	6588	372	-1	0.626	11	AGGAG	GENOMAD.146485.CP	4.81e-21	90	0	0	0	1	NA	NA	NA	PF04972;COG2823	Osmotically-inducible protein OsmY, contains BON domain
JPYC01000507.1_8	6739	7794	1056	1	0.666	11	None	NA	NA	NA	0	0	0	1	NA	NA	NA	NA	NA
JPYC01000507.1_9	7870	8811	942	-1	0.652	11	AGGAG	NA	NA	NA	0	0	0	1	NA	NA	NA	NA	NA
JPYC01000507.1_10	8832	10175	1344	-1	0.661	11	None	NA	NA	NA	0	0	0	1	NA	NA	NA	NA	NA
JPYC01000507.1_11	10339	10527	189	-1	0.693	11	None	NA	NA	NA	0	0	0	1	NA	NA	NA	NA	NA
JPYC01000508.1_1	3	827	825	-1	0.655	11	None	NA	NA	NA	0	0	0	1	NA	NA	NA	NA	NA
JPYC01000509.1_1	1	1914	1914	-1	0.660	11	GGAGG	NA	NA	NA	0	0	0	1	NA	NA	NA	NA	NA
JPYC01000509.1_2	1911	3014	1104	-1	0.707	11	GGA/GAG/AGG	NA	NA	NA	0	0	0	1	NA	NA	NA	NA	NA
JPYC01000509.1_3	3040	3876	837	-1	0.659	11	GGAG/GAGG	GENOMAD.182485.PC	1.72e-140	443	0	0	0	1	NA	NA	NA	PF06629;COG3713;K07274	Outer membrane scaffolding protein for murein synthesis, MipA/OmpV family
JPYC01000509.1_4	3896	5365	1470	-1	0.668	11	None	NA	NA	NA	0	0	0	1	NA	NA	NA	NA	NA
JPYC01000509.1_5	5471	6160	690	1	0.651	11	GGA/GAG/AGG	NA	NA	NA	0	0	0	1	NA	NA	NA	NA	NA
JPYC01000509.1_6	6157	6654	498	1	0.651	11	None	NA	NA	NA	0	0	0	1	NA	NA	NA	NA	NA
JPYC01000509.1_7	6597	7349	753	1	0.701	11	None	NA	NA	NA	0	0	0	1	NA	NA	NA	NA	NA
JPYC01000509.1_8	7413	8519	1107	-1	0.641	11	None	NA	NA	NA	0	0	0	1	NA	NA	NA	NA	NA
JPYC01000051.1_1	123	4169	4047	1	0.687	11	None	GENOMAD.121610.CV	1.764e-71	269	1	0	0	1246	Caudoviricetes	NA	NA	PF13507;COG0047	CobB/CobQ-like glutamine amidotransferase domain
JPYC01000051.1_2	4816	6579	1764	1	0.670	11	GGAG/GAGG	NA	NA	NA	0	0	0	1	NA	NA	NA	NA	NA
JPYC01000510.1_1	2	331	330	1	0.636	11	None	GENOMAD.058915.CV	1.943e-08	53	1	0	0	1	NA	NA	NA	PF00297;K02925;TIGR03626;COG0087	Ribosomal protein L3
JPYC01000510.1_2	344	730	387	1	0.607	11	AGGAG	GENOMAD.060214.CV	9.76e-16	75	1	0	0	1	NA	NA	NA	PF00573;COG0088;K02926;TIGR03953	Ribosomal protein L4
JPYC01000511.1_1	3	638	636	-1	0.701	11	None	GENOMAD.134127.CP	4.585e-71	239	0	0	0	1	NA	NA	NA	PF03186;K02227;COG1270;TIGR00380	Cobalamin biosynthesis protein CobD/CbiB
JPYC01000512.1_1	119	289	171	1	0.643	11	GGAG/GAGG	NA	NA	NA	0	0	0	1	NA	NA	NA	NA	NA
JPYC01000513.1_1	2	460	459	1	0.658	11	None	NA	NA	NA	0	0	0	1	NA	NA	NA	NA	NA
JPYC01000513.1_2	531	656	126	1	0.667	11	GGA/GAG/AGG	NA	NA	NA	0	0	0	1	NA	NA	NA	NA	NA
JPYC01000514.1_1	108	560	453	1	0.640	11	GGAG/GAGG	NA	NA	NA	0	0	0	1	NA	NA	NA	NA	NA
JPYC01000514.1_2	566	1666	1101	1	0.669	11	None	NA	NA	NA	0	0	0	1	NA	NA	NA	NA	NA
JPYC01000514.1_3	1711	2400	690	1	0.630	11	None	GENOMAD.087497.CP	4.266e-11	65	0	0	0	1	NA	NA	NA	PF00696;K00930;TIGR01890;COG0548	amino-acid N-acetyltransferase
JPYC01000515.1_1	24	1457	1434	-1	0.632	11	GGAGG	GENOMAD.141880.PP	7.826e-258	793	0	0	0	1	NA	NA	NA	PF08887;PF08906;COG5620	GAD-like domain
JPYC01000515.1_2	1873	4200	2328	1	0.641	11	GGAG/GAGG	GENOMAD.124454.CP	6.411e-135	451	0	0	0	1	NA	NA	NA	K01278;COG1770	Protease II
JPYC01000515.1_3	4799	4936	138	-1	0.572	11	GGAG/GAGG	NA	NA	NA	0	0	0	1	NA	NA	NA	NA	NA
JPYC01000515.1_4	5165	5785	621	1	0.623	11	None	GENOMAD.189906.CP	1.412e-115	367	0	0	0	1	NA	NA	NA	PF05708;COG3863	Permuted papain-like amidase enzyme, YaeF/YiiX, C92 family
JPYC01000515.1_5	5841	6803	963	1	0.634	11	AGGAG	GENOMAD.153559.CP	5.828e-93	308	0	0	0	1	NA	NA	NA	PF00756;K07017;COG2819;TIGR02821	Predicted hydrolase of the alpha/beta superfamily
JPYC01000515.1_6	7059	7427	369	1	0.675	11	GGAG/GAGG	GENOMAD.208122.CP	5.021e-12	64	0	0	0	1	NA	NA	NA	PF13548;COG3918	NA
JPYC01000516.1_1	3	494	492	1	0.679	11	None	GENOMAD.154355.CP	1.099e-88	287	0	0	0	1	NA	NA	NA	PF12689;K18697;TIGR01545;COG4996	haloacid dehalogenase superfamily, subfamily IF hydrolase, YfhB
JPYC01000516.1_2	814	1506	693	-1	0.644	11	GGA/GAG/AGG	NA	NA	NA	0	0	0	1	NA	NA	NA	NA	NA
JPYC01000516.1_3	1644	2438	795	1	0.541	11	AGGA	GENOMAD.003941.CC	1.71e-107	347	0	0	0	1	NA	NA	NA	PF02675;TIGR03331;COG1586	S-adenosylmethionine decarboxylase proenzyme, Escherichia coli form
JPYC01000516.1_4	2603	2917	315	1	0.622	11	AGGAG	GENOMAD.182365.PC	0.0002341	41	0	0	0	1	NA	NA	NA	PF02694;K18925	Uncharacterised BCR, YnfA/UPF0060 family
JPYC01000516.1_5	3220	3915	696	-1	0.698	11	None	GENOMAD.106818.CV	8.843e-34	132	0	0	0	1	NA	NA	NA	PF03232;K06134;COG2941;TIGR00754	Ubiquinone biosynthesis protein COQ7
JPYC01000516.1_6	4056	4484	429	1	0.613	11	GGA/GAG/AGG	GENOMAD.078681.CV	1.335e-51	179	1	0	0	1246	Caudoviricetes	NA	NA	PF00572;K02871;COG0102;TIGR01066	Ribosomal protein L13
JPYC01000516.1_7	4487	4879	393	1	0.631	11	GGA/GAG/AGG	GENOMAD.076388.CV	3.04e-37	137	1	0	0	1246	Caudoviricetes	NA	NA	PF00380;COG0103;TIGR03627;K02960	Ribosomal protein S9
JPYC01000516.1_8	5426	6043	618	1	0.652	11	AGGAG	GENOMAD.205700.CP	0.0009458	42	0	0	0	1	NA	NA	NA	PF00293;K01518;COG4119;TIGR00586	Predicted NTP pyrophosphohydrolase, NUDIX family
JPYC01000516.1_9	6648	7118	471	1	0.582	11	GGAG/GAGG	NA	NA	NA	0	0	0	1	NA	NA	NA	NA	NA
JPYC01000517.1_1	2	547	546	-1	0.566	11	GGA/GAG/AGG	NA	NA	NA	0	0	0	1	NA	NA	NA	NA	NA
JPYC01000517.1_2	1170	3233	2064	1	0.595	11	GGAG/GAGG	NA	NA	NA	0	0	0	1	NA	NA	NA	NA	NA
JPYC01000517.1_3	3288	3998	711	1	0.602	11	None	GENOMAD.147741.CP	1.312e-30	123	0	0	0	1	NA	NA	NA	PF10048;K09930;COG3220	Predicted integral membrane protein (DUF2282)
JPYC01000518.1_1	1	264	264	1	0.670	11	None	NA	NA	NA	0	0	0	1	NA	NA	NA	NA	NA
JPYC01000519.1_1	3	281	279	1	0.652	11	None	NA	NA	NA	0	0	0	1	NA	NA	NA	NA	NA
JPYC01000519.1_2	835	1479	645	-1	0.671	11	AGGAG/GGAGG	GENOMAD.178708.PC	3.589e-27	112	0	0	0	1	NA	NA	NA	PF03886;K18480;COG3218	ABC-type uncharacterized transport system, auxiliary component
JPYC01000519.1_3	1476	1619	144	-1	0.667	11	None	NA	NA	NA	0	0	0	1	NA	NA	NA	NA	NA
JPYC01000052.1_1	2	1486	1485	-1	0.719	11	AGGA/GGAG/GAGG	GENOMAD.153218.CP	8.878e-32	134	0	0	0	1	NA	NA	NA	PF11412;K04084;COG4232	Thiol:disulfide interchange protein
JPYC01000052.1_2	1492	1824	333	-1	0.652	11	None	NA	NA	NA	0	0	0	1	NA	NA	NA	NA	NA
JPYC01000052.1_3	2291	4081	1791	-1	0.685	11	AGGAG	NA	NA	NA	0	0	0	1	NA	NA	NA	NA	NA
JPYC01000052.1_4	4490	4777	288	1	0.628	11	GGAG/GAGG	NA	NA	NA	0	0	0	1	NA	NA	NA	NA	NA
JPYC01000052.1_5	4920	6560	1641	1	0.644	11	GGAG/GAGG	GENOMAD.171128.VC	1.896e-21	102	0	0	0	1246	Caudoviricetes	NA	NA	K04077;TIGR02348	chaperonin GroL
JPYC01000052.1_6	6674	8773	2100	-1	0.660	11	AGGA	NA	NA	NA	0	0	0	1	NA	NA	NA	NA	NA
JPYC01000052.1_7	9276	9365	90	1	0.700	11	None	NA	NA	NA	0	0	0	1	NA	NA	NA	NA	NA
JPYC01000520.1_1	1	204	204	1	0.686	11	None	NA	NA	NA	0	0	0	1	NA	NA	NA	NA	NA
JPYC01000520.1_2	559	1263	705	-1	0.705	11	None	NA	NA	NA	0	0	0	1	NA	NA	NA	NA	NA
JPYC01000520.1_3	1319	1594	276	1	0.678	11	GGAG/GAGG	NA	NA	NA	0	0	0	1	NA	NA	NA	NA	NA
JPYC01000520.1_4	1661	2770	1110	1	0.637	11	AGGAG	NA	NA	NA	0	0	0	1	NA	NA	NA	NA	NA
JPYC01000520.1_5	2839	3414	576	1	0.592	11	GGAGG	GENOMAD.194208.PC	8.102e-106	338	0	0	0	1	NA	NA	NA	PF19648;K03396;TIGR02820;COG3791	S-(hydroxymethyl)glutathione synthase
JPYC01000520.1_6	3473	4303	831	1	0.617	11	AGGA	GENOMAD.151688.CP	1.151e-05	49	0	0	0	1	NA	NA	NA	PF00756;K03930;TIGR02821;COG0627	S-formylglutathione hydrolase
JPYC01000520.1_7	4471	4809	339	-1	0.646	11	GGA/GAG/AGG	NA	NA	NA	0	0	0	1	NA	NA	NA	NA	NA
JPYC01000520.1_8	4988	6649	1662	-1	0.634	11	GGAG/GAGG	NA	NA	NA	0	0	0	1	NA	NA	NA	NA	NA
JPYC01000520.1_9	6874	7371	498	1	0.669	11	AGGA	GENOMAD.225035.PV	5.024e-07	51	0	0	0	1246	Caudoviricetes	NA	NA	PF11776	Nickel/cobalt transporter regulator
JPYC01000520.1_10	7569	7658	90	1	0.622	11	GGAG/GAGG	NA	NA	NA	0	0	0	1	NA	NA	NA	NA	NA
JPYC01000521.1_1	1	468	468	1	0.673	11	None	NA	NA	NA	0	0	0	1	NA	NA	NA	NA	NA
JPYC01000521.1_2	970	2172	1203	1	0.603	11	AGGA	NA	NA	NA	0	0	0	1	NA	NA	NA	NA	NA
JPYC01000522.1_1	117	920	804	-1	0.632	11	AGGAG	GENOMAD.210458.CP	2.366e-96	315	0	0	0	1	NA	NA	NA	PF10670;COG5266;K10094	Uncharacterized conserved protein, contains GH25 family domain
JPYC01000522.1_2	1102	1617	516	-1	0.655	11	GGAG/GAGG	GENOMAD.189684.PC	2.185e-51	180	0	0	0	1	NA	NA	NA	PF10029;COG3656	Predicted periplasmic protein
JPYC01000522.1_3	1639	2280	642	-1	0.643	11	GGA/GAG/AGG	GENOMAD.180383.CP	3.539e-83	274	0	0	0	1	NA	NA	NA	K09939;COG3295	NA
JPYC01000522.1_4	2288	3046	759	-1	0.679	11	None	NA	NA	NA	0	0	0	1	NA	NA	NA	NA	NA
JPYC01000522.1_5	3039	3725	687	-1	0.658	11	GGAG/GAGG	GENOMAD.194245.CP	1.93e-14	75	0	0	0	1	NA	NA	NA	PF18331	PKHD-type hydroxylase C-terminal domain
JPYC01000522.1_6	3774	6092	2319	-1	0.643	11	GGA/GAG/AGG	GENOMAD.141017.CP	3.839e-103	357	0	0	0	1	NA	NA	NA	PF14905;PF07715;K16090;COG4774;TIGR01776	Outer membrane receptor for monomeric catechols
JPYC01000522.1_7	6433	6762	330	-1	0.636	11	GGxGG	GENOMAD.143067.CP	1.607e-10	59	0	0	0	1	NA	NA	NA	PF13806;K14578;COG2146;TIGR02377	Ferredoxin subunit of nitrite reductase or a ring-hydroxylating dioxygenase
JPYC01000522.1_8	6759	7298	540	-1	0.643	11	None	GENOMAD.013102.CC	8.182e-31	121	0	0	0	1	NA	NA	NA	PF12568;COG2153;TIGR04431;K00680	Predicted N-acyltransferase, GNAT family
JPYC01000523.1_1	3	1436	1434	1	0.642	11	None	NA	NA	NA	0	0	0	1	NA	NA	NA	NA	NA
JPYC01000524.1_1	145	1059	915	-1	0.701	11	None	NA	NA	NA	0	0	0	1	NA	NA	NA	NA	NA
JPYC01000524.1_2	1090	1827	738	-1	0.676	11	GGAG/GAGG	NA	NA	NA	0	0	0	1	NA	NA	NA	NA	NA
JPYC01000524.1_3	1858	2907	1050	-1	0.696	11	None	NA	NA	NA	0	0	0	1	NA	NA	NA	NA	NA
JPYC01000524.1_4	2912	3577	666	-1	0.691	11	GGAG/GAGG	GENOMAD.145670.CP	1.506e-07	54	0	0	0	1	NA	NA	NA	PF02230;COG0400;K06128;TIGR02821	Predicted esterase
JPYC01000524.1_5	3731	5629	1899	-1	0.681	11	None	GENOMAD.178112.CP	1.825e-141	464	0	0	0	1	NA	NA	NA	PF03142;K03669;COG2943;TIGR03030	Membrane glycosyltransferase
JPYC01000524.1_6	5729	6391	663	1	0.637	11	AGGAG/GGAGG	NA	NA	NA	0	0	0	1	NA	NA	NA	NA	NA
JPYC01000524.1_7	6596	8215	1620	-1	0.657	11	GGA/GAG/AGG	NA	NA	NA	0	0	0	1	NA	NA	NA	NA	NA
JPYC01000524.1_8	8413	9126	714	-1	0.647	11	None	NA	NA	NA	0	0	0	1	NA	NA	NA	NA	NA
JPYC01000525.1_1	2	97	96	1	0.667	11	None	NA	NA	NA	0	0	0	1	NA	NA	NA	NA	NA
JPYC01000525.1_2	111	623	513	1	0.645	11	None	GENOMAD.055619.CC	2.638e-05	46	0	0	0	1	NA	NA	NA	NA	NA
JPYC01000525.1_3	623	715	93	1	0.645	11	AGGA	GENOMAD.145838.VC	3.341e-07	45	0	0	0	1246	Caudoviricetes	NA	NA	PF14354;TIGR00244;COG1327;K21759	transcriptional regulator NrdR
JPYC01000526.1_1	3	356	354	1	0.678	11	None	NA	NA	NA	0	0	0	1	NA	NA	NA	NA	NA
JPYC01000526.1_2	1063	1899	837	1	0.651	11	GGA/GAG/AGG	GENOMAD.215399.PC	2.492e-25	109	0	0	0	1	NA	NA	NA	PF13557;COG4313	Putative MetA-pathway of phenol degradation
JPYC01000526.1_3	2189	4309	2121	1	0.650	11	GGAG/GAGG	GENOMAD.124220.CP	0.0004415	46	0	0	0	1	NA	NA	NA	PF00326;PF14583;K01278;COG1770;TIGR02821	Protease II
JPYC01000526.1_4	4549	4956	408	-1	0.637	11	GGAG/GAGG	NA	NA	NA	0	0	0	1	NA	NA	NA	NA	NA
JPYC01000526.1_5	5259	5717	459	1	0.706	11	AGGA	NA	NA	NA	0	0	0	1	NA	NA	NA	NA	NA
JPYC01000526.1_6	5849	6490	642	1	0.612	11	None	NA	NA	NA	0	0	0	1	NA	NA	NA	NA	NA
JPYC01000527.1_1	1	276	276	1	0.558	11	None	NA	NA	NA	0	0	0	1	NA	NA	NA	NA	NA
JPYC01000528.1_1	3	332	330	-1	0.600	11	None	NA	NA	NA	0	0	0	1	NA	NA	NA	NA	NA
JPYC01000528.1_2	329	763	435	-1	0.584	11	None	GENOMAD.137385.CP	5.409e-10	59	0	0	0	1	NA	NA	NA	PF00529;K13408;TIGR01843;COG1566	type I secretion membrane fusion protein, HlyD family
JPYC01000529.1_1	2	667	666	1	0.659	11	None	NA	NA	NA	0	0	0	1	NA	NA	NA	NA	NA
JPYC01000529.1_2	1027	1734	708	-1	0.665	11	GGAGG	GENOMAD.147903.CP	1.267e-122	389	0	0	0	1	NA	NA	NA	PF12895;K04018;TIGR02552;COG5010	NA
JPYC01000529.1_3	1728	2222	495	-1	0.655	11	GGA/GAG/AGG	NA	NA	NA	0	0	0	1	NA	NA	NA	NA	NA
JPYC01000529.1_4	2222	2764	543	-1	0.656	11	AGGA	GENOMAD.142989.CP	3.195e-05	46	0	0	0	1	NA	NA	NA	PF08534;TIGR01626;COG0386	conserved hypothetical protein YtfJ-family, TIGR01626
JPYC01000529.1_5	2761	4749	1989	-1	0.661	11	None	GENOMAD.137760.CP	1.426e-62	232	0	0	0	1	NA	NA	NA	COG1138	Cytochrome c biogenesis factor
JPYC01000529.1_6	4813	5283	471	-1	0.626	11	AGGA/GGAG/GAGG	GENOMAD.134025.CP	2.907e-41	150	0	0	0	1	NA	NA	NA	PF03100;K02197;COG2332;TIGR00752	Cytochrome c-type biogenesis protein CcmE
JPYC01000529.1_7	5280	5486	207	-1	0.681	11	GGAG/GAGG	GENOMAD.004807.CC	8.89e-08	49	0	0	0	1	NA	NA	NA	PF04995;COG3114;TIGR03141	Heme exporter protein D
JPYC01000529.1_8	5483	6241	759	-1	0.644	11	None	GENOMAD.123398.CP	6.904e-19	89	0	0	0	1	NA	NA	NA	K02195;TIGR01191;COG0755	heme exporter protein CcmC
JPYC01000529.1_9	6252	7577	1326	-1	0.673	11	None	NA	NA	NA	0	0	0	1	NA	NA	NA	NA	NA
JPYC01000529.1_10	7574	8230	657	-1	0.700	11	GGAG/GAGG	GENOMAD.045251.CC	6.558e-96	311	0	0	0	1	NA	NA	NA	PF11859;COG5343;TIGR02949	Anti-sigma-K factor RskA
JPYC01000529.1_11	8227	8820	594	-1	0.662	11	None	NA	NA	NA	0	0	0	1	NA	NA	NA	NA	NA
JPYC01000529.1_12	8872	9561	690	-1	0.696	11	None	NA	NA	NA	0	0	0	1	NA	NA	NA	NA	NA
JPYC01000529.1_13	9769	10062	294	-1	0.738	11	GGAG/GAGG	NA	NA	NA	0	0	0	1	NA	NA	NA	NA	NA
JPYC01000529.1_14	10110	10502	393	-1	0.628	11	GGA/GAG/AGG	NA	NA	NA	0	0	0	1	NA	NA	NA	NA	NA
JPYC01000529.1_15	10529	11872	1344	-1	0.647	11	AGGA	GENOMAD.181612.CP	2.37e-128	417	0	0	0	1	NA	NA	NA	NA	NA
JPYC01000529.1_16	11956	12576	621	-1	0.697	11	GGA/GAG/AGG	GENOMAD.151027.CP	3.131e-25	106	0	0	0	1	NA	NA	NA	PF01292;K12262;COG3038;TIGR01583	Cytochrome b561
JPYC01000529.1_17	12881	13354	474	1	0.595	11	None	NA	NA	NA	0	0	0	1	NA	NA	NA	NA	NA
JPYC01000529.1_18	13356	14138	783	1	0.625	11	None	GENOMAD.076874.VV	7.206e-11	65	0	0	0	1	NA	NA	NA	PF01041;K07806;TIGR03588;COG0399	UDP-4-amino-4,6-dideoxy-N-acetyl-beta-L-altrosamine transaminase
JPYC01000053.1_1	166	438	273	-1	0.663	11	None	NA	NA	NA	0	0	0	1	NA	NA	NA	NA	NA
JPYC01000053.1_2	451	612	162	-1	0.593	11	GGAG/GAGG	NA	NA	NA	0	0	0	1	NA	NA	NA	NA	NA
JPYC01000053.1_3	1499	3919	2421	1	0.602	11	GGAG/GAGG	GENOMAD.058049.PP	3.174e-167	547	0	0	0	1	NA	NA	NA	PF05819;K18376	NolX protein
JPYC01000053.1_4	4777	5058	282	1	0.635	11	None	NA	NA	NA	0	0	0	1	NA	NA	NA	NA	NA
JPYC01000053.1_5	5115	6413	1299	1	0.639	11	None	NA	NA	NA	0	0	0	1	NA	NA	NA	NA	NA
JPYC01000053.1_6	7367	8272	906	1	0.680	11	None	GENOMAD.111079.CP	3.75e-32	130	0	0	0	1	NA	NA	NA	PF01040;K06125;COG0382;TIGR01474	4-hydroxybenzoate polyprenyltransferase
JPYC01000053.1_7	8604	9329	726	-1	0.696	11	None	GENOMAD.049531.CC	1.169e-12	70	0	0	0	1	NA	NA	NA	PF15610;TIGR00201;COG1040;K02242	comF family protein
JPYC01000053.1_8	9379	10413	1035	1	0.674	11	AGGA	NA	NA	NA	0	0	0	1	NA	NA	NA	NA	NA
JPYC01000053.1_9	10505	11437	933	1	0.680	11	None	NA	NA	NA	0	0	0	1	NA	NA	NA	NA	NA
JPYC01000530.1_1	3	329	327	-1	0.651	11	None	NA	NA	NA	0	0	0	1	NA	NA	NA	NA	NA
JPYC01000530.1_2	485	571	87	1	0.609	11	None	NA	NA	NA	0	0	0	1	NA	NA	NA	NA	NA
JPYC01000531.1_1	3	509	507	-1	0.675	11	AGGA	GENOMAD.106866.CP	2.324e-10	61	0	0	0	1246	Caudoviricetes	NA	NA	COG1187	16S rRNA U516 pseudouridylate synthase RsuA and related 23S rRNA U2605, pseudouridylate synthases
JPYC01000531.1_2	602	1171	570	-1	0.646	11	None	GENOMAD.171333.CP	2.737e-57	198	0	0	0	1	NA	NA	NA	PF05891;COG4798;TIGR00740;K23095	Predicted methyltransferase
JPYC01000532.1_1	1	627	627	-1	0.641	11	None	NA	NA	NA	0	0	0	1	NA	NA	NA	NA	NA
JPYC01000532.1_2	795	1307	513	1	0.620	11	None	GENOMAD.120807.VC	5.537e-08	54	0	0	0	1246	Caudoviricetes	NA	NA	PF01327;PF06213;TIGR01651;COG0242;K01462	cobaltochelatase, CobT subunit
JPYC01000532.1_3	1688	2611	924	1	0.710	11	None	GENOMAD.081094.CV	4.677e-30	124	0	0	0	1246	Caudoviricetes	NA	NA	PF00551;K03500;COG0223;TIGR00460	Methionyl-tRNA formyltransferase
JPYC01000532.1_4	2611	2676	66	1	0.758	11	None	NA	NA	NA	0	0	0	1	NA	NA	NA	NA	NA
JPYC01000533.1_1	390	1295	906	-1	0.638	11	None	NA	NA	NA	0	0	0	1	NA	NA	NA	NA	NA
JPYC01000533.1_2	1359	2276	918	-1	0.674	11	None	NA	NA	NA	0	0	0	1	NA	NA	NA	NA	NA
JPYC01000533.1_3	2760	2903	144	1	0.653	11	GGA/GAG/AGG	NA	NA	NA	0	0	0	1	NA	NA	NA	NA	NA
JPYC01000534.1_1	3	428	426	1	0.746	11	None	NA	NA	NA	0	0	0	1	NA	NA	NA	NA	NA
JPYC01000534.1_2	661	1851	1191	1	0.704	11	None	GENOMAD.169207.CP	1.723e-36	146	0	0	0	1	NA	NA	NA	PF05651;K02647;COG3835	Putative sugar diacid recognition
JPYC01000534.1_3	1964	3712	1749	1	0.686	11	GGA/GAG/AGG	NA	NA	NA	0	0	0	1	NA	NA	NA	NA	NA
JPYC01000534.1_4	3824	4213	390	1	0.613	11	GGA/GAG/AGG	GENOMAD.205179.PC	2.672e-46	163	0	0	0	1	NA	NA	NA	PF10947	NA
JPYC01000534.1_5	4880	7813	2934	1	0.679	11	GGA/GAG/AGG	GENOMAD.177318.PC	1.396e-10	68	0	0	0	1	NA	NA	NA	NA	NA
JPYC01000534.1_6	8044	10518	2475	1	0.662	11	GGA/GAG/AGG	GENOMAD.146392.CP	4.182e-220	702	0	0	0	1	NA	NA	NA	PF07971;PF17678;TIGR01180;COG3537	alpha-1,2-mannosidase, putative
JPYC01000534.1_7	10608	10841	234	-1	0.675	11	None	NA	NA	NA	0	0	0	1	NA	NA	NA	NA	NA
JPYC01000535.1_1	1	1092	1092	1	0.661	11	None	NA	NA	NA	0	0	0	1	NA	NA	NA	NA	NA
JPYC01000535.1_2	1144	6909	5766	1	0.653	11	None	NA	NA	NA	0	0	0	1	NA	NA	NA	NA	NA
JPYC01000536.1_1	280	729	450	1	0.638	11	GGA/GAG/AGG	GENOMAD.095931.CV	1.673e-27	110	0	0	0	1	NA	NA	NA	PF11398;K03629;TIGR00611;COG1195	recF protein
JPYC01000537.1_1	1	984	984	-1	0.617	11	GGAGG	NA	NA	NA	0	0	0	1	NA	NA	NA	NA	NA
JPYC01000537.1_2	1228	2652	1425	-1	0.602	11	None	GENOMAD.145298.CP	1.297e-22	105	0	0	0	1	NA	NA	NA	PF10609;PF13807;PF02706;TIGR01005;K16554;COG3206	exopolysaccharide transport protein family
JPYC01000537.1_3	2649	3347	699	-1	0.612	11	3Base/5BMM	GENOMAD.132760.CP	4.507e-12	68	0	0	0	1	NA	NA	NA	K01991;COG1596	Periplasmic protein involved in polysaccharide export, contains SLBB domain of the beta-grasp fold
JPYC01000537.1_4	3956	4312	357	-1	0.613	11	GGA/GAG/AGG	GENOMAD.006371.CC	2.909e-07	50	0	0	0	1	NA	NA	NA	PF09035;TIGR02047;COG0789;K21972	Excisionase from transposon Tn916
JPYC01000537.1_5	4293	4592	300	-1	0.593	11	GGA/GAG/AGG	NA	NA	NA	0	0	0	1	NA	NA	NA	NA	NA
JPYC01000537.1_6	4614	6992	2379	-1	0.667	11	None	GENOMAD.090179.CV	1.041e-59	226	1	0	0	1246	Caudoviricetes	NA	NA	PF17759;PF03147;PF03484;PF18262;PF01588;PF03483;TIGR00472;K01890;COG0072	phenylalanyl-tRNA synthetase, beta subunit, non-spirochete bacterial
JPYC01000537.1_7	7119	7553	435	-1	0.625	11	None	NA	NA	NA	0	0	0	1	NA	NA	NA	NA	NA
JPYC01000538.1_1	393	1835	1443	1	0.635	11	GGAG/GAGG	NA	NA	NA	0	0	0	1	NA	NA	NA	NA	NA
JPYC01000538.1_2	2073	2855	783	-1	0.663	11	GGAG/GAGG	NA	NA	NA	0	0	0	1	NA	NA	NA	NA	NA
JPYC01000538.1_3	2887	3813	927	-1	0.650	11	None	NA	NA	NA	0	0	0	1	NA	NA	NA	NA	NA
JPYC01000538.1_4	4059	4151	93	-1	0.452	11	GGAG/GAGG	NA	NA	NA	0	0	0	1	NA	NA	NA	NA	NA
JPYC01000538.1_5	4312	4998	687	-1	0.611	11	GGAG/GAGG	NA	NA	NA	0	0	0	1	NA	NA	NA	NA	NA
JPYC01000538.1_6	5149	5706	558	-1	0.638	11	None	GENOMAD.192159.VC	5.413e-65	220	0	0	0	1246	Caudoviricetes	NA	NA	PF11539	NA
JPYC01000538.1_7	5926	6471	546	-1	0.650	11	None	GENOMAD.161593.CP	5.802e-45	162	0	0	0	1	NA	NA	NA	K09912;COG3122	Uncharacterized conserved protein YaiL, DUF2058 family
JPYC01000539.1_1	2	574	573	1	0.663	11	None	NA	NA	NA	0	0	0	1	NA	NA	NA	NA	NA
JPYC01000539.1_2	709	1602	894	1	0.657	11	GGA/GAG/AGG	NA	NA	NA	0	0	0	1	NA	NA	NA	NA	NA
JPYC01000054.1_1	1	1146	1146	-1	0.700	11	None	GENOMAD.166313.CP	1.216e-38	152	0	0	0	1	NA	NA	NA	PF02743;K17060	Cache domain
JPYC01000054.1_2	1511	2683	1173	-1	0.654	11	None	GENOMAD.177447.CP	2.898e-11	68	0	0	0	1246	Caudoviricetes	NA	NA	PF07396;PF05736;K07221;COG3746	Phosphate-selective porin O and P; OprF membrane domain
JPYC01000054.1_3	2967	4340	1374	1	0.647	11	GGAG/GAGG	NA	NA	NA	0	0	0	1	NA	NA	NA	NA	NA
JPYC01000054.1_4	4537	6846	2310	1	0.655	11	None	GENOMAD.127123.CP	0.0004914	46	0	0	0	1246	Caudoviricetes	NA	NA	NA	NA
JPYC01000054.1_5	7207	9978	2772	-1	0.650	11	None	GENOMAD.145622.CP	3.184e-243	774	0	0	0	1246	Caudoviricetes	NA	NA	PF07971;PF17678;TIGR01180;COG3537	alpha-1,2-mannosidase, putative
JPYC01000540.1_1	1	189	189	-1	0.693	11	GGAG/GAGG	GENOMAD.053871.PP	1.786e-27	105	0	0	0	1	NA	NA	NA	NA	NA
JPYC01000540.1_2	458	2125	1668	-1	0.667	11	AGGA	NA	NA	NA	0	0	0	1	NA	NA	NA	NA	NA
JPYC01000540.1_3	2142	2999	858	-1	0.672	11	GGAG/GAGG	GENOMAD.159525.PC	2.312e-96	316	0	0	0	1	NA	NA	NA	PF05013;K01458;COG3741;TIGR02017	N-formylglutamate amidohydrolase
JPYC01000540.1_4	3181	3666	486	-1	0.673	11	None	NA	NA	NA	0	0	0	1	NA	NA	NA	NA	NA
JPYC01000541.1_1	1	1347	1347	-1	0.670	11	None	NA	NA	NA	0	0	0	1	NA	NA	NA	NA	NA
JPYC01000541.1_2	1530	4292	2763	1	0.638	11	None	NA	NA	NA	0	0	0	1	NA	NA	NA	NA	NA
JPYC01000541.1_3	5241	5525	285	-1	0.677	11	None	NA	NA	NA	0	0	0	1	NA	NA	NA	NA	NA
JPYC01000541.1_4	5612	6802	1191	-1	0.647	11	GGA/GAG/AGG	NA	NA	NA	0	0	0	1	NA	NA	NA	NA	NA
JPYC01000541.1_5	6951	7565	615	-1	0.686	11	GGAG/GAGG	GENOMAD.003398.CC	9.561e-18	84	0	0	0	1	NA	NA	NA	PF04356;COG2915;K07153	Regulator of phage lambda lysogenization HflD, binds to CII and stimulates its degradation
JPYC01000541.1_6	7565	8701	1137	-1	0.670	11	None	NA	NA	NA	0	0	0	1	NA	NA	NA	NA	NA
JPYC01000541.1_7	8698	9156	459	-1	0.656	11	GGAG/GAGG	NA	NA	NA	0	0	0	1	NA	NA	NA	NA	NA
JPYC01000541.1_8	9452	9733	282	1	0.613	11	None	GENOMAD.136164.CV	7.147e-05	42	0	0	0	1	NA	NA	NA	PF02617;COG2127	ATP-dependent Clp protease adaptor protein ClpS
JPYC01000541.1_9	9876	12158	2283	1	0.633	11	GGAG/GAGG	GENOMAD.046845.VV	1.306e-34	146	0	0	0	1246	Caudoviricetes	NA	NA	PF10431	NA
JPYC01000541.1_10	12433	12651	219	-1	0.543	11	GGA/GAG/AGG	NA	NA	NA	0	0	0	1	NA	NA	NA	NA	NA
JPYC01000541.1_11	12732	13529	798	-1	0.665	11	None	GENOMAD.080636.CV	5.268e-86	285	0	0	0	1	NA	NA	NA	PF03588;COG2360;TIGR00667	Leu/Phe-tRNA-protein transferase
JPYC01000541.1_12	13615	14658	1044	-1	0.648	11	GGA/GAG/AGG	NA	NA	NA	0	0	0	1	NA	NA	NA	NA	NA
JPYC01000541.1_13	14927	16048	1122	-1	0.662	11	GGA/GAG/AGG	GENOMAD.103023.CP	3.227e-107	352	0	0	0	1	NA	NA	NA	PF04339;K09919;COG3146;TIGR03019	Peptidogalycan biosysnthesis/recognition
JPYC01000541.1_14	16106	17074	969	-1	0.658	11	GGA/GAG/AGG	NA	NA	NA	0	0	0	1	NA	NA	NA	NA	NA
JPYC01000541.1_15	17358	19715	2358	1	0.663	11	GGA/GAG/AGG	GENOMAD.105456.CP	8.623e-32	137	0	0	0	1	NA	NA	NA	PF13491	4TM region of DNA translocase FtsK/SpoIIIE
JPYC01000541.1_16	19866	20048	183	1	0.650	11	None	NA	NA	NA	0	0	0	1	NA	NA	NA	NA	NA
JPYC01000542.1_1	1	231	231	-1	0.688	11	AGGA	NA	NA	NA	0	0	0	1	NA	NA	NA	NA	NA
JPYC01000542.1_2	967	1824	858	-1	0.537	11	None	NA	NA	NA	0	0	0	1	NA	NA	NA	NA	NA
JPYC01000543.1_1	3	494	492	-1	0.659	11	GGA/GAG/AGG	GENOMAD.137855.CP	0.0002328	43	0	0	0	1	NA	NA	NA	PF00067;TIGR04515;K24389;COG2124	P450-derived glycosyltranferase activator
JPYC01000543.1_2	847	2631	1785	1	0.663	11	GGA/GAG/AGG	NA	NA	NA	0	0	0	1	NA	NA	NA	NA	NA
JPYC01000543.1_3	2969	3730	762	1	0.677	11	GGxGG	NA	NA	NA	0	0	0	1	NA	NA	NA	NA	NA
JPYC01000543.1_4	3731	5872	2142	1	0.640	11	AGGAG	GENOMAD.135943.CP	3.833e-29	128	0	0	0	1	NA	NA	NA	PF11854;PF07715;K16091;TIGR01776;COG4772	TonB-dependent lactoferrin and transferrin receptors
JPYC01000543.1_5	6109	6981	873	1	0.654	11	GGA/GAG/AGG	GENOMAD.140949.CP	3.862e-08	57	0	0	0	1	NA	NA	NA	PF02786;PF18130;PF18603;COG0439;TIGR03909;K19112	Biotin carboxylase
JPYC01000544.1_1	2	1006	1005	1	0.677	11	None	GENOMAD.143077.CP	4.106e-06	51	0	0	0	1	NA	NA	NA	PF01546;K13049;TIGR01880;COG2195	N-acyl-L-amino-acid amidohydrolase
JPYC01000545.1_1	2	1246	1245	1	0.639	11	None	NA	NA	NA	0	0	0	1	NA	NA	NA	NA	NA
JPYC01000546.1_1	3	221	219	1	0.644	11	None	NA	NA	NA	0	0	0	1	NA	NA	NA	NA	NA
JPYC01000547.1_1	2	409	408	-1	0.637	11	None	NA	NA	NA	0	0	0	1	NA	NA	NA	NA	NA
JPYC01000548.1_1	415	846	432	-1	0.690	11	AGGA	NA	NA	NA	0	0	0	1	NA	NA	NA	NA	NA
JPYC01000549.1_1	1	468	468	1	0.703	11	None	NA	NA	NA	0	0	0	1	NA	NA	NA	NA	NA
JPYC01000549.1_2	968	2659	1692	-1	0.660	11	GGA/GAG/AGG	NA	NA	NA	0	0	0	1	NA	NA	NA	NA	NA
JPYC01000549.1_3	2672	5674	3003	-1	0.678	11	None	NA	NA	NA	0	0	0	1	NA	NA	NA	NA	NA
JPYC01000055.1_1	2	244	243	-1	0.691	11	AGGAG	NA	NA	NA	0	0	0	1	NA	NA	NA	NA	NA
JPYC01000055.1_2	558	755	198	1	0.677	11	None	GENOMAD.009130.CC	1.367e-23	94	0	0	0	1	NA	NA	NA	PF10276;COG4391	Uncharacterized conserved protein, contains Zn-finger domain
JPYC01000055.1_3	766	1878	1113	1	0.697	11	None	GENOMAD.129448.CP	1.994e-28	121	0	0	0	1	NA	NA	NA	PF20471;TIGR03088;K19002;COG0297	sugar transferase, PEP-CTERM/EpsH1 system associated
JPYC01000055.1_4	1859	3190	1332	1	0.683	11	None	GENOMAD.145379.CP	9.518e-221	684	0	0	0	1	NA	NA	NA	K16705	NA
JPYC01000055.1_5	3283	3990	708	-1	0.629	11	None	GENOMAD.123560.CP	4.804e-16	80	0	0	0	1	NA	NA	NA	PF03279;K02517;TIGR02208;COG1560	lipid A biosynthesis (KDO)2-(lauroyl)-lipid IVA acyltransferase
JPYC01000550.1_1	2	103	102	-1	0.647	11	GGAG/GAGG	NA	NA	NA	0	0	0	1	NA	NA	NA	NA	NA
JPYC01000550.1_2	328	3030	2703	-1	0.636	11	GGA/GAG/AGG	GENOMAD.026404.VV	7.253e-49	193	0	0	0	1246	Caudoviricetes	NA	NA	PF00521;PF00986;K02469;TIGR01063;COG0188	DNA gyrase, A subunit
JPYC01000550.1_3	3240	3515	276	-1	0.670	11	None	GENOMAD.116589.CP	6.301e-28	108	0	0	0	1	NA	NA	NA	NA	NA
JPYC01000551.1_1	1	615	615	-1	0.637	11	None	NA	NA	NA	0	0	0	1	NA	NA	NA	NA	NA
JPYC01000552.1_1	44	1822	1779	-1	0.670	11	None	NA	NA	NA	0	0	0	1	NA	NA	NA	NA	NA
JPYC01000553.1_1	3	119	117	-1	0.632	11	GGA/GAG/AGG	NA	NA	NA	0	0	0	1	NA	NA	NA	NA	NA
JPYC01000553.1_2	159	794	636	-1	0.645	11	None	NA	NA	NA	0	0	0	1	NA	NA	NA	NA	NA
JPYC01000554.1_1	3	95	93	1	0.624	11	None	NA	NA	NA	0	0	0	1	NA	NA	NA	NA	NA
JPYC01000554.1_2	188	454	267	1	0.678	11	GGAG/GAGG	NA	NA	NA	0	0	0	1	NA	NA	NA	NA	NA
JPYC01000555.1_1	1	825	825	1	0.622	11	None	NA	NA	NA	0	0	0	1	NA	NA	NA	NA	NA
JPYC01000556.1_1	2	1162	1161	1	0.635	11	None	NA	NA	NA	0	0	0	1	NA	NA	NA	NA	NA
JPYC01000556.1_2	1626	2189	564	-1	0.583	11	GGAG/GAGG	GENOMAD.111553.PC	3.36e-13	70	0	0	0	1	NA	NA	NA	PF19489;K18377;COG4764	Transglycosylase SLT domain
JPYC01000556.1_3	2558	2911	354	1	0.497	11	GGA/GAG/AGG	NA	NA	NA	0	0	0	1	NA	NA	NA	NA	NA
JPYC01000557.1_1	1	567	567	-1	0.674	11	None	NA	NA	NA	0	0	0	1	NA	NA	NA	NA	NA
JPYC01000557.1_2	581	850	270	-1	0.644	11	None	NA	NA	NA	0	0	0	1	NA	NA	NA	NA	NA
JPYC01000557.1_3	862	969	108	1	0.611	11	GGAGG	NA	NA	NA	0	0	0	1	NA	NA	NA	NA	NA
JPYC01000558.1_1	2	1429	1428	-1	0.729	11	None	NA	NA	NA	0	0	0	1	NA	NA	NA	NA	NA
JPYC01000559.1_1	1	588	588	-1	0.655	11	None	NA	NA	NA	0	0	0	1	NA	NA	NA	NA	NA
JPYC01000056.1_1	3	1289	1287	1	0.607	11	None	NA	NA	NA	0	0	0	1	NA	NA	NA	NA	NA
JPYC01000056.1_2	1286	1918	633	1	0.629	11	None	NA	NA	NA	0	0	0	1	NA	NA	NA	NA	NA
JPYC01000056.1_3	1918	2253	336	1	0.598	11	GGAG/GAGG	GENOMAD.170384.CP	1.944e-17	79	0	0	0	1	NA	NA	NA	PF03626;K02300;TIGR02847;COG3125	cytochrome o ubiquinol oxidase subunit IV
JPYC01000056.1_4	2422	4302	1881	1	0.633	11	GGAG/GAGG	GENOMAD.124001.CP	2.437e-198	629	0	0	0	1	NA	NA	NA	PF17899;PF01433;PF19805;COG3975;TIGR02411;K01254	Predicted metalloprotease, contains C-terminal PDZ domain
JPYC01000056.1_5	4552	5943	1392	1	0.671	11	None	NA	NA	NA	0	0	0	1	NA	NA	NA	NA	NA
JPYC01000056.1_6	6354	6740	387	1	0.605	11	AGGAG	NA	NA	NA	0	0	0	1	NA	NA	NA	NA	NA
JPYC01000056.1_7	7263	8054	792	-1	0.628	11	GGA/GAG/AGG	NA	NA	NA	0	0	0	1	NA	NA	NA	NA	NA
JPYC01000056.1_8	8884	10314	1431	1	0.655	11	GGA/GAG/AGG	NA	NA	NA	0	0	0	1	NA	NA	NA	NA	NA
JPYC01000056.1_9	10526	12394	1869	1	0.664	11	None	NA	NA	NA	0	0	0	1	NA	NA	NA	NA	NA
JPYC01000056.1_10	12420	14744	2325	1	0.664	11	AGGAG	GENOMAD.194623.CP	0.0	1370	0	0	0	1	NA	NA	NA	PF07079;TIGR03939;COG2956;K11935	poly-beta-1,6 N-acetyl-D-glucosamine export porin PgaA
JPYC01000056.1_11	15405	16247	843	1	0.626	11	GGxGG	GENOMAD.138290.CP	1.883e-47	174	0	0	0	1	NA	NA	NA	PF09385;PF01740;K17762;COG5439;TIGR02886	anti-sigma F factor antagonist
JPYC01000056.1_12	16249	16611	363	1	0.631	11	GGA/GAG/AGG	GENOMAD.140621.CP	4.787e-44	156	0	0	0	1	NA	NA	NA	PF01740;K17762;TIGR02886;COG1366	anti-sigma F factor antagonist
JPYC01000056.1_13	16608	17003	396	1	0.662	11	None	GENOMAD.137439.CP	1.151e-31	121	0	0	0	1	NA	NA	NA	PF13581;K17752;TIGR01924;COG2172	serine-protein kinase RsbW
JPYC01000056.1_14	17006	18004	999	1	0.698	11	GGA/GAG/AGG	GENOMAD.137465.CP	2.688e-89	298	0	0	0	1	NA	NA	NA	PF07228;PF13581;K05518;COG0631;TIGR01924	Stage II sporulation protein E (SpoIIE); Histidine kinase-like ATPase domain
JPYC01000056.1_15	18001	18876	876	1	0.623	11	GGAGG	NA	NA	NA	0	0	0	1	NA	NA	NA	NA	NA
JPYC01000056.1_16	18866	20821	1956	1	0.652	11	GGAGG	NA	NA	NA	0	0	0	1	NA	NA	NA	NA	NA
JPYC01000056.1_17	20914	22581	1668	-1	0.654	11	GGAG/GAGG	GENOMAD.137986.CP	2.342e-06	53	0	0	0	1	NA	NA	NA	PF03664;PF04616;COG3507;K15921	Beta-xylosidase
JPYC01000056.1_18	22867	25236	2370	1	0.643	11	AGGA	GENOMAD.129297.CP	3.086e-19	96	0	0	0	1	NA	NA	NA	K15721;COG4773	Outer membrane receptor for ferric coprogen and ferric-rhodotorulic acid
JPYC01000056.1_19	25354	25800	447	-1	0.653	11	GGAG/GAGG	GENOMAD.159874.CP	6.479e-09	56	0	0	0	1	NA	NA	NA	PF10122;K03672;TIGR01206;COG1996	lysine biosynthesis protein LysW
JPYC01000056.1_20	25974	26339	366	-1	0.593	11	GGAGG	NA	NA	NA	0	0	0	1	NA	NA	NA	NA	NA
JPYC01000056.1_21	26703	27182	480	-1	0.654	11	None	NA	NA	NA	0	0	0	1	NA	NA	NA	NA	NA
JPYC01000560.1_1	53	499	447	-1	0.682	11	None	GENOMAD.167547.CP	2.609e-11	63	0	0	0	1	NA	NA	NA	COG4731	Uncharacterized conserved protein, DUF2147 family
JPYC01000560.1_2	1009	2046	1038	-1	0.651	11	AGGA	NA	NA	NA	0	0	0	1	NA	NA	NA	NA	NA
JPYC01000560.1_3	2258	3352	1095	-1	0.619	11	None	NA	NA	NA	0	0	0	1	NA	NA	NA	NA	NA
JPYC01000561.1_1	2	1480	1479	1	0.652	11	None	NA	NA	NA	0	0	0	1	NA	NA	NA	NA	NA
JPYC01000562.1_1	1	393	393	1	0.690	11	None	NA	NA	NA	0	0	0	1	NA	NA	NA	NA	NA
JPYC01000562.1_2	578	1945	1368	-1	0.664	11	None	GENOMAD.206240.PC	3.558e-106	353	0	0	0	1	NA	NA	NA	PF07063;COG5383	Uncharacterized metalloenzyme YdcJ, glyoxalase superfamily
JPYC01000562.1_3	2109	2291	183	-1	0.705	11	None	NA	NA	NA	0	0	0	1	NA	NA	NA	NA	NA
JPYC01000563.1_1	708	1607	900	-1	0.667	11	AGGAG	NA	NA	NA	0	0	0	1	NA	NA	NA	NA	NA
JPYC01000563.1_2	1710	2192	483	-1	0.679	11	None	GENOMAD.159648.PC	3.961e-10	60	0	0	0	1	NA	NA	NA	PF02082;K19587;TIGR02010;COG1959	iron-sulfur cluster assembly transcription factor IscR
JPYC01000564.1_1	2	694	693	-1	0.655	11	None	GENOMAD.178675.CP	7.992e-46	167	0	0	0	1	NA	NA	NA	PF12913;PF12671;K20742;TIGR02219	SH3 domain (SH3b1 type); Putative amidase domain
JPYC01000565.1_1	94	1113	1020	-1	0.634	11	AGGAG	NA	NA	NA	0	0	0	1	NA	NA	NA	NA	NA
JPYC01000565.1_2	1304	2554	1251	-1	0.630	11	GGA/GAG/AGG	GENOMAD.177447.CP	1.76e-07	56	0	0	0	1246	Caudoviricetes	NA	NA	PF07396;PF05736;K07221;COG3746	Phosphate-selective porin O and P; OprF membrane domain
JPYC01000565.1_3	3327	4007	681	1	0.634	11	GGAG/GAGG	NA	NA	NA	0	0	0	1	NA	NA	NA	NA	NA
JPYC01000565.1_4	4019	5587	1569	1	0.646	11	GGAG/GAGG	NA	NA	NA	0	0	0	1	NA	NA	NA	NA	NA
JPYC01000565.1_5	5787	6497	711	-1	0.627	11	GGAG/GAGG	NA	NA	NA	0	0	0	1	NA	NA	NA	NA	NA
JPYC01000565.1_6	6494	6874	381	-1	0.722	11	None	NA	NA	NA	0	0	0	1	NA	NA	NA	NA	NA
JPYC01000565.1_7	6882	7664	783	-1	0.648	11	GGA/GAG/AGG	NA	NA	NA	0	0	0	1	NA	NA	NA	NA	NA
JPYC01000565.1_8	7828	8526	699	1	0.647	11	GGAG/GAGG	NA	NA	NA	0	0	0	1	NA	NA	NA	NA	NA
JPYC01000565.1_9	8639	9442	804	1	0.668	11	AGGA	GENOMAD.119501.CP	2.079e-20	94	0	0	0	1	NA	NA	NA	PF00293;K18568;COG4119;TIGR00586	Predicted NTP pyrophosphohydrolase, NUDIX family
JPYC01000565.1_10	9439	9756	318	1	0.676	11	GGAG/GAGG	GENOMAD.126417.CP	9.445e-07	48	0	0	0	1	NA	NA	NA	PF00581;K01011;COG2897;TIGR03167	3-mercaptopyruvate sulfurtransferase SseA, contains two rhodanese domains
JPYC01000566.1_1	3	380	378	-1	0.701	11	None	NA	NA	NA	0	0	0	1	NA	NA	NA	NA	NA
JPYC01000567.1_1	1	228	228	-1	0.693	11	GGA/GAG/AGG	NA	NA	NA	0	0	0	1	NA	NA	NA	NA	NA
JPYC01000567.1_2	269	742	474	-1	0.597	11	GGA/GAG/AGG	GENOMAD.003255.CC	8.34e-30	117	0	0	0	1	NA	NA	NA	PF04361;K03747;COG2922	Uncharacterized conserved protein Smg, DUF494 family
JPYC01000567.1_3	785	1231	447	-1	0.680	11	None	NA	NA	NA	0	0	0	1	NA	NA	NA	NA	NA
JPYC01000568.1_1	3	314	312	-1	0.644	11	GGAGG	GENOMAD.118517.CP	2.177e-13	67	0	0	0	1246	Caudoviricetes	NA	NA	PF01148;COG4589	Cytidylyltransferase family
JPYC01000568.1_2	311	943	633	-1	0.651	11	GGAG/GAGG	NA	NA	NA	0	0	0	1	NA	NA	NA	NA	NA
JPYC01000568.1_3	940	1578	639	-1	0.700	11	GGAGG	GENOMAD.147413.CP	1.074e-32	128	0	0	0	1	NA	NA	NA	PF01066;K17884;COG0558;TIGR00560	Phosphatidylglycerophosphate synthase
JPYC01000568.1_4	1578	3074	1497	-1	0.681	11	AGGA	GENOMAD.042263.CC	1.803e-23	108	0	0	0	1	NA	NA	NA	TIGR04222	TIGR04222 domain
JPYC01000568.1_5	3071	3517	447	-1	0.653	11	GGAG/GAGG	NA	NA	NA	0	0	0	1	NA	NA	NA	NA	NA
JPYC01000568.1_6	3514	4851	1338	-1	0.673	11	None	NA	NA	NA	0	0	0	1	NA	NA	NA	NA	NA
JPYC01000568.1_7	4848	6608	1761	-1	0.674	11	AGGA	NA	NA	NA	0	0	0	1	NA	NA	NA	NA	NA
JPYC01000568.1_8	6700	7317	618	-1	0.709	11	None	GENOMAD.147413.CP	1.133e-13	72	0	0	0	1	NA	NA	NA	PF01066;K17884;COG0558;TIGR00560	Phosphatidylglycerophosphate synthase
JPYC01000568.1_9	7391	8974	1584	1	0.664	11	None	GENOMAD.115175.CV	1.361e-44	174	0	0	0	1	NA	NA	NA	PF01808;PF02142;K00602;TIGR00355;COG0138	phosphoribosylaminoimidazolecarboxamide formyltransferase/IMP cyclohydrolase
JPYC01000568.1_10	8999	9844	846	1	0.694	11	GGA/GAG/AGG	NA	NA	NA	0	0	0	1	NA	NA	NA	NA	NA
JPYC01000568.1_11	9877	11172	1296	1	0.688	11	GGA/GAG/AGG	NA	NA	NA	0	0	0	1	NA	NA	NA	NA	NA
JPYC01000569.1_1	1	273	273	-1	0.692	11	None	GENOMAD.142642.CP	3.123e-12	63	0	0	0	1	NA	NA	NA	PF02685;TIGR00749;K00845;COG0837	glucokinase, proteobacterial type
JPYC01000057.1_1	490	1677	1188	-1	0.644	11	GGA/GAG/AGG	GENOMAD.143010.CP	2.493e-15	81	0	0	0	1	NA	NA	NA	K01758;TIGR01328	methionine gamma-lyase
JPYC01000057.1_2	1777	3147	1371	-1	0.629	11	None	NA	NA	NA	0	0	0	1	NA	NA	NA	NA	NA
JPYC01000057.1_3	3383	3601	219	-1	0.548	11	AGGAG	NA	NA	NA	0	0	0	1	NA	NA	NA	NA	NA
JPYC01000057.1_4	3953	4843	891	-1	0.699	11	GGAGG	NA	NA	NA	0	0	0	1	NA	NA	NA	NA	NA
JPYC01000057.1_5	4840	5223	384	-1	0.659	11	None	GENOMAD.030183.CC	2.69e-45	160	0	0	0	1	NA	NA	NA	PF14346	NA
JPYC01000057.1_6	5322	6455	1134	1	0.629	11	GGA/GAG/AGG	GENOMAD.005978.CC	6.086e-07	54	0	0	0	1246	Caudoviricetes	T_virB11	NA	PF00437;PF05810;K07332;TIGR03819;COG4962	helicase/secretion neighborhood ATPase
JPYC01000057.1_7	6853	7515	663	-1	0.683	11	GGA/GAG/AGG	NA	NA	NA	0	0	0	1	NA	NA	NA	NA	NA
JPYC01000057.1_8	7547	8536	990	-1	0.670	11	AGGA	NA	NA	NA	0	0	0	1	NA	NA	NA	NA	NA
JPYC01000570.1_1	1	303	303	1	0.693	11	None	NA	NA	NA	0	0	0	1	NA	NA	NA	NA	NA
JPYC01000571.1_1	480	671	192	-1	0.641	11	GGA/GAG/AGG	NA	NA	NA	0	0	0	1	NA	NA	NA	NA	NA
JPYC01000571.1_2	782	1441	660	1	0.592	11	GGAG/GAGG	NA	NA	NA	0	0	0	1	NA	NA	NA	NA	NA
JPYC01000571.1_3	1888	2049	162	-1	0.568	11	GGAG/GAGG	NA	NA	NA	0	0	0	1	NA	NA	NA	NA	NA
JPYC01000571.1_4	2082	2330	249	-1	0.498	11	GGA/GAG/AGG	NA	NA	NA	0	0	0	1	NA	NA	NA	NA	NA
JPYC01000571.1_5	2841	3320	480	1	0.650	11	None	NA	NA	NA	0	0	0	1	NA	NA	NA	NA	NA
JPYC01000571.1_6	3320	3616	297	1	0.640	11	None	NA	NA	NA	0	0	0	1	NA	NA	NA	NA	NA
JPYC01000571.1_7	4023	4478	456	1	0.592	11	None	GENOMAD.134219.VP	1.879e-60	205	0	0	1	1246	Caudoviricetes	NA	NA	PF05069;TIGR01635;COG5005	phage virion morphogenesis (putative tail completion) protein
JPYC01000571.1_8	4650	5474	825	1	0.458	11	None	NA	NA	NA	0	0	0	1	NA	NA	NA	NA	NA
JPYC01000571.1_9	6609	7148	540	1	0.569	11	3Base/5BMM	GENOMAD.194077.VP	3.443e-41	151	0	0	0	1246	Caudoviricetes	NA	NA	PF13986	NA
JPYC01000571.1_10	7562	7807	246	-1	0.630	11	GGA/GAG/AGG	NA	NA	NA	0	0	0	1	NA	NA	NA	NA	NA
JPYC01000571.1_11	8076	9953	1878	-1	0.612	11	GGA/GAG/AGG	GENOMAD.182050.VC	1.073e-12	74	0	0	0	1246	Caudoviricetes	NA	NA	PF12645;K03087;TIGR02997;COG0568	RNA polymerase sigma factor, cyanobacterial RpoD-like family
JPYC01000571.1_12	10062	10502	441	-1	0.667	11	GGA/GAG/AGG	GENOMAD.094199.CP	9.816e-32	122	0	0	0	2773	Inoviridae	NA	NA	PF02580;COG1490;TIGR00256	D-Tyr-tRNAtyr deacylase
JPYC01000571.1_13	10603	11517	915	1	0.692	11	None	GENOMAD.130675.CP	4.208e-17	85	0	0	0	1	NA	NA	NA	PF03279;K02517;TIGR02207;COG4261	lipid A biosynthesis lauroyl (or palmitoleoyl) acyltransferase
JPYC01000571.1_14	11527	12048	522	-1	0.655	11	None	NA	NA	NA	0	0	0	1	NA	NA	NA	NA	NA
JPYC01000571.1_15	12294	13427	1134	1	0.709	11	GGAG/GAGG	NA	NA	NA	0	0	0	1	NA	NA	NA	NA	NA
JPYC01000571.1_16	13533	14042	510	1	0.686	11	None	GENOMAD.145294.CP	4.45e-51	179	0	0	0	1	NA	NA	NA	COG3402	Uncharacterized membrane protein YdbS, contains bPH2 (bacterial pleckstrin homology) domain
JPYC01000571.1_17	14039	15544	1506	1	0.672	11	None	GENOMAD.154528.CP	9.529e-259	797	0	0	0	1	NA	NA	NA	PF03703;K08981;COG3428	Uncharacterized membrane protein YdbT, contains bPH2 (bacterial pleckstrin homology) domain
JPYC01000571.1_18	15705	16760	1056	-1	0.668	11	GGAG/GAGG	GENOMAD.209073.VC	9.951e-92	306	0	0	0	1	NA	NA	NA	PF04464;COG3563;TIGR00215;K18429	Capsule polysaccharide export protein KpsC/LpsZ
JPYC01000571.1_19	16764	17588	825	1	0.672	11	4Base/6BMM	NA	NA	NA	0	0	0	1	NA	NA	NA	NA	NA
JPYC01000571.1_20	17784	19061	1278	-1	0.682	11	None	GENOMAD.167722.CP	1.049e-26	117	0	0	0	1	NA	NA	NA	NA	NA
JPYC01000571.1_21	19227	20948	1722	-1	0.677	11	None	GENOMAD.133902.CP	1.438e-136	447	0	0	0	1	NA	NA	NA	COG1807;K07264	4-amino-4-deoxy-L-arabinose transferase or related glycosyltransferase of PMT family
JPYC01000571.1_22	20997	21467	471	-1	0.679	11	None	GENOMAD.048904.CP	8.761e-29	114	0	0	0	1246	Caudoviricetes	NA	NA	PF01189;PF01029;PF17125;K03500;TIGR00563;COG0144	16S rRNA (cytosine(967)-C(5))-methyltransferase
JPYC01000572.1_1	2	301	300	-1	0.680	11	None	GENOMAD.119129.CP	3.759e-06	46	0	0	0	1	NA	NA	NA	PF03453;PF00994;PF03454;COG0303;K03750;TIGR00177	Molybdopterin biosynthesis enzyme
JPYC01000572.1_2	506	781	276	1	0.594	11	GGA/GAG/AGG	NA	NA	NA	0	0	0	1	NA	NA	NA	NA	NA
JPYC01000572.1_3	816	1811	996	-1	0.629	11	None	NA	NA	NA	0	0	0	1	NA	NA	NA	NA	NA
JPYC01000572.1_4	1972	2727	756	1	0.615	11	GGA/GAG/AGG	NA	NA	NA	0	0	0	1	NA	NA	NA	NA	NA
JPYC01000572.1_5	2925	4094	1170	-1	0.615	11	AGGAG	GENOMAD.161858.VP	0.0001908	46	0	0	0	1246	Caudoviricetes	NA	NA	PF07992;TIGR00031;COG3380;K10209	UDP-galactopyranose mutase
JPYC01000572.1_6	4108	4638	531	-1	0.653	11	AGGA/GGAG/GAGG	GENOMAD.190426.CP	2.99e-06	49	0	0	0	1	NA	NA	NA	PF10604;COG5637	Carbon monoxide dehydrogenase subunit G
JPYC01000572.1_7	4642	5220	579	-1	0.610	11	GGAG/GAGG	GENOMAD.212919.PC	1.696e-14	74	0	0	0	1	NA	NA	NA	PF13628;K08995;COG3544	Uncharacterized conserved protein, DUF305 family
JPYC01000572.1_8	5716	5931	216	-1	0.597	11	AGGAG	NA	NA	NA	0	0	0	1	NA	NA	NA	NA	NA
JPYC01000572.1_9	6029	8839	2811	-1	0.627	11	None	GENOMAD.158496.CP	1.094e-54	212	0	0	0	1	NA	NA	NA	PF14905;PF07715;TIGR01782;K16091;COG4774	TonB-dependent receptor
JPYC01000573.1_1	3	446	444	-1	0.613	11	None	NA	NA	NA	0	0	0	1	NA	NA	NA	NA	NA
JPYC01000574.1_1	1	672	672	1	0.676	11	None	GENOMAD.124001.CP	7.552e-106	340	0	0	0	1	NA	NA	NA	PF17899;PF01433;PF19805;COG3975;TIGR02411;K01254	Predicted metalloprotease, contains C-terminal PDZ domain
JPYC01000575.1_1	1	282	282	-1	0.699	11	None	NA	NA	NA	0	0	0	1	NA	NA	NA	NA	NA
JPYC01000576.1_1	2	1381	1380	1	0.675	11	None	GENOMAD.183275.CP	1.184e-261	803	0	0	0	1	NA	NA	NA	PF14905;PF07715;TIGR01776;K16091;COG4206	TonB-dependent lactoferrin and transferrin receptors
JPYC01000577.1_1	133	621	489	1	0.648	11	None	NA	NA	NA	0	0	0	1	NA	NA	NA	NA	NA
JPYC01000577.1_2	980	1738	759	-1	0.672	11	GGAG/GAGG	NA	NA	NA	0	0	0	1	NA	NA	NA	NA	NA
JPYC01000577.1_3	1871	2485	615	1	0.649	11	GGA/GAG/AGG	GENOMAD.120745.CP	4.164e-19	88	0	0	0	1	NA	NA	NA	PF01066;K17103;COG1183;TIGR04217	Phosphatidylserine synthase
JPYC01000577.1_4	2543	3766	1224	1	0.672	11	GGA/GAG/AGG	GENOMAD.017651.CC	1.508e-16	85	0	0	0	1	NA	NA	NA	PF09712;TIGR01834;K22881;COG3937	poly(R)-hydroxyalkanoic acid synthase, class III, PhaE subunit
JPYC01000577.1_5	3763	4839	1077	1	0.607	11	GGAG/GAGG	NA	NA	NA	0	0	0	1	NA	NA	NA	NA	NA
JPYC01000577.1_6	4953	5150	198	1	0.601	11	AGGAG	GENOMAD.016611.CC	2.234e-05	42	0	0	0	1	NA	NA	NA	PF04024;COG1983;TIGR02978;K03973	Phage shock protein PspC (stress-responsive transcriptional regulator)
JPYC01000577.1_7	5159	5635	477	1	0.667	11	None	NA	NA	NA	0	0	0	1	NA	NA	NA	NA	NA
JPYC01000577.1_8	5593	6804	1212	-1	0.646	11	None	NA	NA	NA	0	0	0	1	NA	NA	NA	NA	NA
JPYC01000577.1_9	6997	7224	228	1	0.592	11	GGAG/GAGG	NA	NA	NA	0	0	0	1	NA	NA	NA	NA	NA
JPYC01000577.1_10	7312	7395	84	-1	0.667	11	None	NA	NA	NA	0	0	0	1	NA	NA	NA	NA	NA
JPYC01000578.1_1	1	264	264	-1	0.705	11	None	NA	NA	NA	0	0	0	1	NA	NA	NA	NA	NA
JPYC01000578.1_2	463	894	432	1	0.604	11	None	GENOMAD.105714.CP	9.507e-31	119	0	0	0	1	NA	NA	NA	PF02620;COG1399	Uncharacterized metal-binding protein YceD, DUF177 family
JPYC01000578.1_3	992	1186	195	1	0.636	11	GGAG/GAGG	GENOMAD.118796.CP	8.408e-28	106	0	0	0	1	NA	NA	NA	PF01783;COG0333;TIGR01031	Ribosomal protein L32
JPYC01000578.1_4	1277	2254	978	1	0.627	11	GGA/GAG/AGG	NA	NA	NA	0	0	0	1	NA	NA	NA	NA	NA
JPYC01000578.1_5	2502	2942	441	1	0.639	11	None	GENOMAD.181229.CP	6.535e-53	183	0	0	0	1	NA	NA	NA	PF08670;TIGR02938	MEKHLA domain
JPYC01000579.1_1	3	287	285	-1	0.653	11	None	NA	NA	NA	0	0	0	1	NA	NA	NA	NA	NA
JPYC01000058.1_1	45	398	354	-1	0.630	11	None	NA	NA	NA	0	0	0	1	NA	NA	NA	NA	NA
JPYC01000058.1_2	534	1802	1269	-1	0.692	11	None	NA	NA	NA	0	0	0	1	NA	NA	NA	NA	NA
JPYC01000580.1_1	3	1448	1446	-1	0.626	11	GGA/GAG/AGG	NA	NA	NA	0	0	0	1	NA	NA	NA	NA	NA
JPYC01000580.1_2	1856	2131	276	-1	0.703	11	None	NA	NA	NA	0	0	0	1	NA	NA	NA	NA	NA
JPYC01000581.1_1	22	960	939	1	0.699	11	GGA/GAG/AGG	GENOMAD.170233.CP	3.162e-11	67	0	0	0	1	NA	NA	NA	PF20232;PF00498;K07169;TIGR03354;COG3456	type VI secretion system FHA domain protein
JPYC01000582.1_1	2	337	336	-1	0.670	11	None	GENOMAD.166651.PC	4.811e-08	52	0	0	0	1	NA	NA	NA	PF05936;K11893;COG3522;TIGR03353	Predicted component of the type VI protein secretion system
JPYC01000582.1_2	334	798	465	-1	0.690	11	None	GENOMAD.170233.CP	1.795e-28	113	0	0	0	1	NA	NA	NA	PF20232;PF00498;K07169;TIGR03354;COG3456	type VI secretion system FHA domain protein
JPYC01000583.1_1	98	1945	1848	-1	0.665	11	None	GENOMAD.142795.CP	0.0003696	46	0	0	0	1	NA	NA	NA	PF05960;COG4805	Bacterial protein of unknown function (DUF885)
JPYC01000583.1_2	2218	2856	639	-1	0.707	11	None	GENOMAD.089544.CV	1.843e-24	104	1	0	0	1246	Caudoviricetes	NA	NA	PF02527;K03501;TIGR00138;COG0357	16S rRNA (guanine(527)-N(7))-methyltransferase RsmG
JPYC01000583.1_3	3080	4708	1629	1	0.695	11	None	GENOMAD.152489.CP	3.485e-42	167	0	0	0	1	NA	NA	NA	PF19050;K01113;COG3540	Phosphodiesterase/alkaline phosphatase D
JPYC01000583.1_4	4880	6451	1572	1	0.667	11	AGGA	NA	NA	NA	0	0	0	1	NA	NA	NA	NA	NA
JPYC01000583.1_5	6468	7097	630	-1	0.686	11	GGA/GAG/AGG	GENOMAD.158577.CP	5.958e-12	67	0	0	0	1	NA	NA	NA	PF01648;COG2091;TIGR00516	Phosphopantetheinyl transferase
JPYC01000583.1_6	7191	7442	252	1	0.623	11	GGAG/GAGG	NA	NA	NA	0	0	0	1	NA	NA	NA	NA	NA
JPYC01000583.1_7	7504	7941	438	-1	0.628	11	GGAGG	NA	NA	NA	0	0	0	1	NA	NA	NA	NA	NA
JPYC01000583.1_8	7938	8729	792	-1	0.655	11	GGxGG	NA	NA	NA	0	0	0	1	NA	NA	NA	NA	NA
JPYC01000583.1_9	9109	9417	309	1	0.709	11	GGA/GAG/AGG	NA	NA	NA	0	0	0	1	NA	NA	NA	NA	NA
JPYC01000584.1_1	1	1314	1314	1	0.641	11	None	GENOMAD.074457.CP	4.598e-93	314	0	0	0	1	NA	NA	NA	PF19289;PF01523;K03568;COG0312	Predicted Zn-dependent protease or its inactivated homolog
JPYC01000585.1_1	3	866	864	1	0.631	11	None	NA	NA	NA	0	0	0	1	NA	NA	NA	NA	NA
JPYC01000585.1_2	1047	1613	567	-1	0.649	11	GGAG/GAGG	NA	NA	NA	0	0	0	1	NA	NA	NA	NA	NA
JPYC01000585.1_3	1610	2212	603	-1	0.663	11	None	NA	NA	NA	0	0	0	1	NA	NA	NA	NA	NA
JPYC01000586.1_1	2	292	291	-1	0.670	11	None	NA	NA	NA	0	0	0	1	NA	NA	NA	NA	NA
JPYC01000586.1_2	541	681	141	1	0.631	11	GGA/GAG/AGG	NA	NA	NA	0	0	0	1	NA	NA	NA	NA	NA
JPYC01000587.1_1	3	905	903	1	0.670	11	None	NA	NA	NA	0	0	0	1	NA	NA	NA	NA	NA
JPYC01000587.1_2	902	1993	1092	1	0.664	11	GGAG/GAGG	NA	NA	NA	0	0	0	1	NA	NA	NA	NA	NA
JPYC01000587.1_3	1990	3117	1128	1	0.631	11	AGGAG	NA	NA	NA	0	0	0	1	NA	NA	NA	NA	NA
JPYC01000587.1_4	3114	3716	603	1	0.653	11	GGA/GAG/AGG	GENOMAD.107271.CP	5.039e-37	140	0	0	0	1	NA	NA	NA	PF01174;K02501;COG0118;TIGR01855	Imidazoleglycerol phosphate synthase glutamine amidotransferase subunit HisH
JPYC01000587.1_5	3713	4006	294	1	0.694	11	GGA/GAG/AGG	NA	NA	NA	0	0	0	1	NA	NA	NA	NA	NA
JPYC01000588.1_1	1	1086	1086	1	0.689	11	None	NA	NA	NA	0	0	0	1	NA	NA	NA	NA	NA
JPYC01000589.1_1	3	203	201	-1	0.622	11	GGAGG	NA	NA	NA	0	0	0	1	NA	NA	NA	NA	NA
JPYC01000589.1_2	358	570	213	1	0.700	11	GGA/GAG/AGG	NA	NA	NA	0	0	0	1	NA	NA	NA	NA	NA
JPYC01000059.1_1	5	364	360	-1	0.597	11	AGGAG	GENOMAD.195792.PC	2.821e-65	217	0	0	0	1	NA	NA	NA	PF07746;TIGR02792;K04100	protocatechuate 4,5-dioxygenase, alpha subunit
JPYC01000059.1_2	375	1271	897	-1	0.657	11	AGGAG	GENOMAD.172148.PC	1.622e-88	294	0	0	0	1	NA	NA	NA	PF02900;K04101;TIGR02298;COG3384	Catalytic LigB subunit of aromatic ring-opening dioxygenase
JPYC01000059.1_3	1514	2179	666	1	0.665	11	GGA/GAG/AGG	NA	NA	NA	0	0	0	1	NA	NA	NA	NA	NA
JPYC01000059.1_4	2346	3179	834	-1	0.597	11	None	GENOMAD.189522.PC	5.232e-162	505	0	0	0	1	NA	NA	NA	PF13557;COG4313	Putative MetA-pathway of phenol degradation
JPYC01000059.1_5	3528	3959	432	-1	0.674	11	GGAG/GAGG	GENOMAD.195820.PC	1.258e-27	110	0	0	0	1	NA	NA	NA	PF00866;TIGR03231;COG5517;K16320	anthranilate 1,2-dioxygenase, small subunit
JPYC01000059.1_6	4062	4784	723	-1	0.675	11	None	GENOMAD.145475.CP	7.356e-05	46	0	0	0	1	NA	NA	NA	PF06342;K08680;TIGR03695;COG1647	2-succinyl-6-hydroxy-2,4-cyclohexadiene-1-carboxylate synthase
JPYC01000059.1_7	4912	6093	1182	-1	0.692	11	GGAG/GAGG	GENOMAD.129930.CP	3.081e-28	121	0	0	0	1	NA	NA	NA	NA	NA
JPYC01000059.1_8	6090	7298	1209	-1	0.701	11	None	GENOMAD.129930.CP	9.866e-14	76	0	0	0	1	NA	NA	NA	NA	NA
JPYC01000059.1_9	7639	8217	579	1	0.667	11	None	NA	NA	NA	0	0	0	1	NA	NA	NA	NA	NA
JPYC01000059.1_10	8221	8778	558	1	0.697	11	None	NA	NA	NA	0	0	0	1	NA	NA	NA	NA	NA
JPYC01000059.1_11	8817	9725	909	1	0.685	11	GGA/GAG/AGG	NA	NA	NA	0	0	0	1	NA	NA	NA	NA	NA
JPYC01000059.1_12	9914	12283	2370	1	0.630	11	None	GENOMAD.105365.CP	5.545e-107	369	0	0	0	1	NA	NA	NA	K04744;COG1452	LPS assembly outer membrane protein LptD (organic solvent tolerance protein OstA)
JPYC01000059.1_13	12280	13671	1392	1	0.656	11	None	GENOMAD.000379.CC	3.639e-26	116	0	0	0	1	NA	NA	NA	PF09312;K03771;TIGR04142;COG0760	putative peptidyl-prolyl cis-trans isomerase, LIC12922 family
JPYC01000059.1_14	13694	14662	969	1	0.688	11	GGA/GAG/AGG	GENOMAD.132496.CP	8.115e-90	299	0	0	0	1	NA	NA	NA	PF04166;K00097;COG1995;TIGR00557	4-hydroxy-L-threonine phosphate dehydrogenase PdxA
JPYC01000059.1_15	14780	15568	789	1	0.660	11	None	NA	NA	NA	0	0	0	1	NA	NA	NA	NA	NA
JPYC01000059.1_16	15605	15988	384	1	0.648	11	None	GENOMAD.000805.CC	1.522e-18	83	0	0	0	1	NA	NA	NA	PF04379;COG2967	Uncharacterized protein affecting Mg2+/Co2+ transport
JPYC01000059.1_17	16017	16973	957	1	0.674	11	GGAG/GAGG	GENOMAD.083577.VV	0.0005643	44	0	0	0	1246	Caudoviricetes	NA	NA	K07314;TIGR00668	bis(5'-nucleosyl)-tetraphosphatase (symmetrical)
JPYC01000059.1_18	17025	17519	495	-1	0.663	11	None	NA	NA	NA	0	0	0	1	NA	NA	NA	NA	NA
JPYC01000059.1_19	17516	17803	288	-1	0.566	11	None	NA	NA	NA	0	0	0	1	NA	NA	NA	NA	NA
JPYC01000059.1_20	17857	18651	795	-1	0.626	11	GGAGG	GENOMAD.030736.VV	1.762e-12	70	0	0	0	1246	Caudoviricetes	NA	NA	PF00303;COG0207;TIGR03284;K00560	Thymidylate synthase
JPYC01000059.1_21	18648	19538	891	-1	0.635	11	None	GENOMAD.126817.CP	3.974e-22	100	0	0	0	1	NA	NA	NA	PF01790;K13292;TIGR00544;COG0682	prolipoprotein diacylglyceryl transferase
JPYC01000059.1_22	19593	20084	492	-1	0.687	11	GGAG/GAGG	GENOMAD.158059.CP	1.016e-20	91	0	0	0	1	NA	NA	NA	PF17174;COG3762	Uncharacterized membrane protein YgcG, contains a TPM-fold domain
JPYC01000059.1_23	20084	20971	888	-1	0.709	11	AGGAG	NA	NA	NA	0	0	0	1	NA	NA	NA	NA	NA
JPYC01000059.1_24	21316	21954	639	-1	0.617	11	GGA/GAG/AGG	NA	NA	NA	0	0	0	1	NA	NA	NA	NA	NA
JPYC01000059.1_25	22051	22431	381	-1	0.648	11	AGGA/GGAG/GAGG	GENOMAD.136345.CP	4.697e-14	70	0	0	0	1	NA	NA	NA	PF01219;COG0818;K00887	Diacylglycerol kinase
JPYC01000059.1_26	22613	23314	702	1	0.654	11	GGA/GAG/AGG	NA	NA	NA	0	0	0	1	NA	NA	NA	NA	NA
JPYC01000059.1_27	23732	25003	1272	-1	0.653	11	GGA/GAG/AGG	NA	NA	NA	0	0	0	1	NA	NA	NA	NA	NA
JPYC01000059.1_28	25146	25982	837	-1	0.634	11	GGAG/GAGG	NA	NA	NA	0	0	0	1	NA	NA	NA	NA	NA
JPYC01000059.1_29	25949	26602	654	-1	0.676	11	GGAG/GAGG	NA	NA	NA	0	0	0	1	NA	NA	NA	NA	NA
JPYC01000059.1_30	26721	27326	606	1	0.705	11	None	NA	NA	NA	0	0	0	1	NA	NA	NA	NA	NA
JPYC01000059.1_31	27323	28741	1419	1	0.705	11	None	GENOMAD.142740.CP	3.427e-93	316	0	0	0	1	NA	NA	NA	PF02687;PF12704;COG3127;TIGR03434;K09813	Predicted ABC-type transport system involved in lysophospholipase L1 biosynthesis, permease component
JPYC01000590.1_1	2	217	216	1	0.718	11	None	GENOMAD.152501.CP	5.649e-13	64	0	0	0	1	NA	NA	NA	COG2156;K01548	K+-transporting ATPase, c chain
JPYC01000591.1_1	1	354	354	-1	0.706	11	None	NA	NA	NA	0	0	0	1	NA	NA	NA	NA	NA
JPYC01000591.1_2	706	2025	1320	-1	0.680	11	None	GENOMAD.000143.CC	1.782e-53	198	0	0	0	1246	Caudoviricetes	NA	NA	PF02684;K00748;TIGR00215;COG0763	lipid-A-disaccharide synthase
JPYC01000591.1_3	2022	2813	792	-1	0.659	11	GGAG/GAGG	GENOMAD.000113.CC	8.914e-19	89	0	0	0	1	NA	NA	NA	PF13720	Udp N-acetylglucosamine O-acyltransferase; Domain 2
JPYC01000591.1_4	2839	3297	459	-1	0.603	11	AGGAG	GENOMAD.118450.CP	1.665e-07	52	0	0	0	1	NA	NA	NA	PF07977;K02372;TIGR01750;COG4706	beta-hydroxyacyl-
JPYC01000591.1_5	3294	4307	1014	-1	0.665	11	GGAG/GAGG	GENOMAD.087505.CP	1.928e-11	68	0	0	0	1	NA	NA	NA	PF04613;TIGR01853;COG1044	UDP-3-O-
JPYC01000591.1_6	4435	4626	192	1	0.594	11	AGGA	NA	NA	NA	0	0	0	1	NA	NA	NA	NA	NA
JPYC01000591.1_7	4703	7156	2454	-1	0.626	11	None	GENOMAD.101044.CP	2.665e-41	168	0	0	0	1	NA	NA	NA	K07277;COG4775	Outer membrane protein assembly factor BamA
JPYC01000591.1_8	7153	8499	1347	-1	0.657	11	GGA/GAG/AGG	NA	NA	NA	0	0	0	1	NA	NA	NA	NA	NA
JPYC01000591.1_9	8526	9002	477	-1	0.665	11	None	GENOMAD.101892.CP	4.585e-54	187	0	0	0	1	NA	NA	NA	PF08436;PF13288;PF02670;PF09976;K00099;TIGR00243;COG0743	1-deoxy-D-xylulose 5-phosphate reductoisomerase
JPYC01000592.1_1	3	140	138	-1	0.572	11	GGAG/GAGG	NA	NA	NA	0	0	0	1	NA	NA	NA	NA	NA
JPYC01000592.1_2	225	1601	1377	-1	0.683	11	None	GENOMAD.121831.CP	2.869e-36	147	0	0	0	1246	Caudoviricetes	NA	NA	COG0534	Na+-driven multidrug efflux pump
JPYC01000592.1_3	1870	3036	1167	1	0.653	11	GGA/GAG/AGG	GENOMAD.124282.CP	6.32e-96	320	0	0	0	1	NA	NA	NA	COG2093	NA
JPYC01000592.1_4	3209	3811	603	-1	0.725	11	GGAG/GAGG	GENOMAD.012439.CC	6.764e-43	157	0	0	0	1	NA	NA	NA	PF11304	NA
JPYC01000592.1_5	3795	4049	255	-1	0.690	11	None	NA	NA	NA	0	0	0	1	NA	NA	NA	NA	NA
JPYC01000593.1_1	31	642	612	-1	0.699	11	None	NA	NA	NA	0	0	0	1	NA	NA	NA	NA	NA
JPYC01000594.1_1	116	1609	1494	1	0.652	11	None	GENOMAD.126024.CP	2.348e-15	82	0	0	0	1246	Caudoviricetes	NA	NA	PF04506;K03327;TIGR00797;COG0534	Rft protein
JPYC01000594.1_2	1877	2284	408	-1	0.623	11	None	NA	NA	NA	0	0	0	1	NA	NA	NA	NA	NA
JPYC01000594.1_3	2430	3188	759	-1	0.659	11	None	GENOMAD.061903.CP	1.228e-25	109	0	0	0	1246	Caudoviricetes	NA	NA	PF01782;PF03448;PF05239;PF01746;COG0806;K00554;TIGR00088	Ribosomal 30S subunit maturation factor RimM, required for 16S rRNA processing
JPYC01000594.1_4	3254	3766	513	-1	0.618	11	GGA/GAG/AGG	GENOMAD.062686.CP	8.107e-45	161	1	0	0	1	NA	NA	NA	PF01782;PF05239;COG0806;TIGR02273;K02860	Ribosomal 30S subunit maturation factor RimM, required for 16S rRNA processing
JPYC01000594.1_5	3810	4067	258	-1	0.659	11	AGGA	NA	NA	NA	0	0	0	1	NA	NA	NA	NA	NA
JPYC01000594.1_6	4165	4938	774	-1	0.673	11	None	NA	NA	NA	0	0	0	1	NA	NA	NA	NA	NA
JPYC01000594.1_7	5180	6022	843	-1	0.683	11	None	NA	NA	NA	0	0	0	1	NA	NA	NA	NA	NA
JPYC01000594.1_8	6210	7535	1326	-1	0.664	11	None	GENOMAD.050490.CV	4.557e-48	182	1	0	0	1246	Caudoviricetes	NA	NA	PF02881;PF01591;K03106;TIGR00959;COG0541	signal recognition particle protein
JPYC01000595.1_1	108	2102	1995	-1	0.663	11	GGA/GAG/AGG	GENOMAD.145352.CP	6.149e-91	317	0	0	0	1	NA	NA	NA	PF00760;PF14718;K08309;COG0741	Cucumovirus coat protein; Soluble lytic murein transglycosylase L domain
JPYC01000595.1_2	2342	5221	2880	1	0.624	11	GGAG/GAGG	GENOMAD.183275.CP	0.0006416	46	0	0	0	1	NA	NA	NA	PF14905;PF07715;TIGR01776;K16091;COG4206	TonB-dependent lactoferrin and transferrin receptors
JPYC01000595.1_3	5522	7819	2298	-1	0.634	11	None	NA	NA	NA	0	0	0	1	NA	NA	NA	NA	NA
JPYC01000596.1_1	3	296	294	-1	0.636	11	GGA/GAG/AGG	NA	NA	NA	0	0	0	1	NA	NA	NA	NA	NA
JPYC01000596.1_2	293	757	465	-1	0.643	11	GGA/GAG/AGG	GENOMAD.009388.CC	0.0004091	42	0	0	0	1	NA	NA	NA	PF02472;TIGR02803;COG0848;K03559	TonB system transport protein ExbD, group 1
JPYC01000596.1_3	761	1423	663	-1	0.655	11	GGAGG	GENOMAD.114974.CP	7.414e-10	61	0	0	0	1	NA	NA	NA	PF01618;K03561;COG0811;TIGR02796	Biopolymer transport protein ExbB/TolQ
JPYC01000597.1_1	3	485	483	-1	0.638	11	None	NA	NA	NA	0	0	0	1	NA	NA	NA	NA	NA
JPYC01000597.1_2	485	1579	1095	-1	0.633	11	GGAG/GAGG	NA	NA	NA	0	0	0	1	NA	NA	NA	NA	NA
JPYC01000597.1_3	1668	1832	165	-1	0.576	11	GGA/GAG/AGG	NA	NA	NA	0	0	0	1	NA	NA	NA	NA	NA
JPYC01000597.1_4	2237	2518	282	1	0.585	11	GGA/GAG/AGG	NA	NA	NA	0	0	0	1	NA	NA	NA	NA	NA
JPYC01000597.1_5	2562	2837	276	1	0.652	11	GGAG/GAGG	NA	NA	NA	0	0	0	1	NA	NA	NA	NA	NA
JPYC01000597.1_6	2911	3504	594	1	0.652	11	AGGA	NA	NA	NA	0	0	0	1	NA	NA	NA	NA	NA
JPYC01000597.1_7	3711	4598	888	1	0.700	11	AGGAG	GENOMAD.105757.CP	9.41e-65	225	0	0	0	1	NA	NA	NA	PF04321;TIGR01777;COG1090;K19997	TIGR01777 family protein
JPYC01000597.1_8	4745	5410	666	1	0.644	11	None	NA	NA	NA	0	0	0	1	NA	NA	NA	NA	NA
JPYC01000597.1_9	5407	6591	1185	1	0.657	11	GGA/GAG/AGG	NA	NA	NA	0	0	0	1	NA	NA	NA	NA	NA
JPYC01000597.1_10	6968	7258	291	1	0.698	11	AGGA	NA	NA	NA	0	0	0	1	NA	NA	NA	NA	NA
JPYC01000597.1_11	7323	7532	210	1	0.662	11	GGA/GAG/AGG	GENOMAD.205595.PC	1.707e-16	74	0	0	0	1	NA	NA	NA	PF11769	NA
JPYC01000598.1_1	1	768	768	1	0.694	11	None	GENOMAD.145791.CP	4.804e-54	192	0	0	0	1	NA	NA	NA	PF13364;K05970	Beta-galactosidase jelly roll domain
JPYC01000598.1_2	780	2039	1260	1	0.656	11	GGA/GAG/AGG	NA	NA	NA	0	0	0	1	NA	NA	NA	NA	NA
JPYC01000598.1_3	2039	3733	1695	1	0.657	11	GGA/GAG/AGG	GENOMAD.137986.CP	0.000163	47	0	0	0	1	NA	NA	NA	PF03664;PF04616;COG3507;K15921	Beta-xylosidase
JPYC01000598.1_4	3736	6444	2709	1	0.678	11	AGGA	NA	NA	NA	0	0	0	1	NA	NA	NA	NA	NA
JPYC01000599.1_1	2	358	357	-1	0.669	11	None	NA	NA	NA	0	0	0	1	NA	NA	NA	NA	NA
JPYC01000006.1_1	1	375	375	1	0.693	11	None	NA	NA	NA	0	0	0	1	NA	NA	NA	NA	NA
JPYC01000006.1_2	368	1543	1176	1	0.692	11	GGAG/GAGG	GENOMAD.116475.CP	1.848e-82	281	0	0	0	1	NA	NA	NA	PF00198;PF00364;K09699;TIGR01348;COG0508	pyruvate dehydrogenase complex dihydrolipoamide acetyltransferase, long form
JPYC01000006.1_3	2013	3080	1068	-1	0.529	11	GGxGG	GENOMAD.051447.PP	6.292e-08	57	0	0	0	1	NA	NA	NA	PF03421;K08598	YopJ Serine/Threonine acetyltransferase
JPYC01000006.1_4	3473	4765	1293	1	0.690	11	GGA/GAG/AGG	NA	NA	NA	0	0	0	1	NA	NA	NA	NA	NA
JPYC01000006.1_5	5202	5537	336	-1	0.640	11	None	GENOMAD.023318.CC	1.409e-52	180	0	0	0	1	NA	NA	NA	PF19669	NA
JPYC01000006.1_6	5716	6522	807	-1	0.665	11	AGGA	NA	NA	NA	0	0	0	1	NA	NA	NA	NA	NA
JPYC01000006.1_7	6655	9753	3099	-1	0.640	11	AGGAG	NA	NA	NA	0	0	0	1	NA	NA	NA	NA	NA
JPYC01000060.1_1	191	817	627	1	0.635	11	AGGAG	GENOMAD.212506.VP	2.628e-39	147	0	0	0	1246	Caudoviricetes	NA	NA	NA	NA
JPYC01000060.1_2	814	1140	327	1	0.654	11	AGGAG	GENOMAD.039412.PP	6.063e-60	201	0	0	0	1	NA	NA	NA	NA	NA
JPYC01000060.1_3	1386	1601	216	1	0.625	11	GGAG/GAGG	GENOMAD.128941.PC	6.345e-12	61	0	0	0	1	NA	NA	NA	PF11455	Antitoxin MazE-like
JPYC01000060.1_4	1601	1921	321	1	0.620	11	GGAG/GAGG	NA	NA	NA	0	0	0	1	NA	NA	NA	NA	NA
JPYC01000060.1_5	2590	3333	744	-1	0.692	11	GGA/GAG/AGG	GENOMAD.023008.PP	5.984e-137	431	0	1	0	1	NA	NA	NA	PF02387	NA
JPYC01000060.1_6	3909	4238	330	-1	0.558	11	None	NA	NA	NA	0	0	0	1	NA	NA	NA	NA	NA
JPYC01000060.1_7	4766	5023	258	1	0.547	11	GGAG/GAGG	NA	NA	NA	0	0	0	1	NA	NA	NA	NA	NA
JPYC01000060.1_8	5052	5429	378	1	0.582	11	GGAG/GAGG	GENOMAD.044601.PP	3.09e-67	223	0	1	0	1	NA	NA	NA	PF04956;K03197;COG3838	TrbC/VIRB2 pilin
JPYC01000060.1_9	5426	5725	300	1	0.553	11	None	NA	NA	NA	0	0	0	1	NA	NA	NA	NA	NA
JPYC01000060.1_10	5712	8381	2670	1	0.596	11	GGA/GAG/AGG	GENOMAD.108687.PC	2.172e-38	159	0	1	0	1	NA	virb4	NA	PF19044;PF03135;PF05101;K03199;TIGR00929;COG3451	type IV secretion/conjugal transfer ATPase, VirB4 family
JPYC01000060.1_11	8384	9043	660	1	0.591	11	AGGAG	GENOMAD.105322.PC	5.235e-116	369	0	1	0	1	NA	T_virB5	NA	PF07996;K03200;TIGR02791;COG5314	P-type DNA transfer protein VirB5
JPYC01000060.1_12	9094	9309	216	1	0.528	11	AGGA	NA	NA	NA	0	0	0	1	NA	NA	NA	NA	NA
JPYC01000060.1_13	9302	9709	408	1	0.566	11	GGAG/GAGG	NA	NA	NA	0	0	0	1	NA	NA	NA	NA	NA
JPYC01000060.1_14	9697	10563	867	1	0.529	11	GGA/GAG/AGG	GENOMAD.117368.PC	5.855e-149	468	0	1	0	1	NA	T_virB6	NA	PF04610;COG3704;TIGR02783;K03201	Type IV secretory pathway, VirB6 components
JPYC01000060.1_15	10560	11234	675	1	0.604	11	AGGAG	NA	NA	NA	0	0	0	1	NA	NA	NA	NA	NA
JPYC01000060.1_16	11259	12041	783	1	0.587	11	AGGA	GENOMAD.112644.PC	1.275e-117	376	0	1	0	1	NA	T_virB9	NA	PF03524;K03204;TIGR02781;COG3504	P-type conjugative transfer protein VirB9
JPYC01000060.1_17	12043	13263	1221	1	0.647	11	GGxGG	GENOMAD.106848.PC	5.105e-227	700	0	1	0	1	NA	T_virB10	NA	PF03743	Bacterial conjugation TrbI-like protein
JPYC01000060.1_18	13274	14296	1023	1	0.586	11	GGAG/GAGG	NA	NA	NA	0	0	0	1	NA	NA	NA	NA	NA
JPYC01000060.1_19	14283	15194	912	1	0.670	11	GGAG/GAGG	GENOMAD.113489.PC	0.0002521	45	0	1	0	1	NA	T_virB1	NA	PF06871;K03194;COG4764	TraH_2
JPYC01000060.1_20	15240	15827	588	1	0.633	11	AGGAG	GENOMAD.021429.PP	1.876e-37	141	0	0	0	1	NA	NA	NA	NA	NA
JPYC01000060.1_21	15840	16445	606	1	0.620	11	GGA/GAG/AGG	NA	NA	NA	0	0	0	1	NA	NA	NA	NA	NA
JPYC01000060.1_22	16456	16869	414	1	0.577	11	GGAG/GAGG	NA	NA	NA	0	0	0	1	NA	NA	NA	NA	NA
JPYC01000060.1_23	16953	17339	387	1	0.610	11	AGxAGG/AGGxGG	GENOMAD.113538.PP	2.373e-63	212	0	0	0	1	NA	NA	NA	NA	NA
JPYC01000060.1_24	17476	17694	219	1	0.603	11	GGAG/GAGG	GENOMAD.128941.PC	2.26e-29	111	0	0	0	1	NA	NA	NA	PF11455	Antitoxin MazE-like
JPYC01000060.1_25	17694	18017	324	1	0.586	11	GGA/GAG/AGG	NA	NA	NA	0	0	0	1	NA	NA	NA	NA	NA
JPYC01000060.1_26	18087	19646	1560	-1	0.656	11	None	NA	NA	NA	0	0	0	1	NA	NA	NA	NA	NA
JPYC01000600.1_1	2	982	981	1	0.687	11	None	GENOMAD.194979.PC	1.288e-53	194	0	0	0	1	NA	NA	NA	PF03825;TIGR00892;COG2223;K05820	Nucleoside H+ symporter
JPYC01000600.1_2	1332	1808	477	-1	0.639	11	None	NA	NA	NA	0	0	0	1	NA	NA	NA	NA	NA
JPYC01000600.1_3	1835	2296	462	-1	0.714	11	GGA/GAG/AGG	NA	NA	NA	0	0	0	1	NA	NA	NA	NA	NA
JPYC01000600.1_4	2683	3003	321	1	0.670	11	GGA/GAG/AGG	GENOMAD.019745.CC	8.659e-16	74	0	0	0	1	NA	NA	NA	PF13698;PF08139;COG4380	Prokaryotic membrane lipoprotein lipid attachment site
JPYC01000600.1_5	3105	4121	1017	1	0.645	11	None	NA	NA	NA	0	0	0	1	NA	NA	NA	NA	NA
JPYC01000600.1_6	4205	5344	1140	1	0.568	11	AGxAGG/AGGxGG	NA	NA	NA	0	0	0	1	NA	NA	NA	NA	NA
JPYC01000600.1_7	5493	6395	903	1	0.635	11	GGA/GAG/AGG	NA	NA	NA	0	0	0	1	NA	NA	NA	NA	NA
JPYC01000600.1_8	6551	6934	384	-1	0.674	11	GGA/GAG/AGG	NA	NA	NA	0	0	0	1	NA	NA	NA	NA	NA
JPYC01000601.1_1	1	510	510	-1	0.678	11	None	GENOMAD.091902.CP	2.37e-41	151	0	0	0	1246	Caudoviricetes	NA	NA	COG1297	Uncharacterized membrane protein, oligopeptide transporter (OPT) family
JPYC01000602.1_1	1	831	831	-1	0.690	11	GGAG/GAGG	NA	NA	NA	0	0	0	1	NA	NA	NA	NA	NA
JPYC01000602.1_2	1016	1201	186	1	0.640	11	GGAG/GAGG	NA	NA	NA	0	0	0	1	NA	NA	NA	NA	NA
JPYC01000603.1_1	2	157	156	-1	0.699	11	None	NA	NA	NA	0	0	0	1	NA	NA	NA	NA	NA
JPYC01000603.1_2	230	1102	873	1	0.647	11	None	NA	NA	NA	0	0	0	1	NA	NA	NA	NA	NA
JPYC01000603.1_3	1243	2058	816	-1	0.661	11	None	NA	NA	NA	0	0	0	1	NA	NA	NA	NA	NA
JPYC01000603.1_4	2183	2911	729	-1	0.686	11	GGAG/GAGG	GENOMAD.142991.CP	9.82e-112	358	0	0	0	1	NA	NA	NA	PF01633;COG2112;K13419;TIGR03724	Predicted Ser/Thr protein kinase
JPYC01000603.1_5	2994	3533	540	1	0.650	11	None	GENOMAD.133581.CP	4.903e-17	81	0	0	0	1	NA	NA	NA	PF09335;K03975;COG0586	Uncharacterized membrane protein DedA, SNARE-associated domain
JPYC01000604.1_1	1	282	282	1	0.592	11	None	NA	NA	NA	0	0	0	1	NA	NA	NA	NA	NA
JPYC01000604.1_2	486	1121	636	1	0.564	11	GGA/GAG/AGG	NA	NA	NA	0	0	0	1	NA	NA	NA	NA	NA
JPYC01000604.1_3	1225	1875	651	1	0.555	11	GGAG/GAGG	NA	NA	NA	0	0	0	1	NA	NA	NA	NA	NA
JPYC01000604.1_4	2043	2276	234	1	0.513	11	GGAG/GAGG	NA	NA	NA	0	0	0	1	NA	NA	NA	NA	NA
JPYC01000604.1_5	2368	3435	1068	1	0.557	11	AGGAG	NA	NA	NA	0	0	0	1	NA	NA	NA	NA	NA
JPYC01000604.1_6	3489	4220	732	-1	0.527	11	None	NA	NA	NA	0	0	0	1	NA	NA	NA	NA	NA
JPYC01000604.1_7	4916	5386	471	-1	0.550	11	GGA/GAG/AGG	NA	NA	NA	0	0	0	1	NA	NA	NA	NA	NA
JPYC01000604.1_8	5699	6748	1050	1	0.452	11	AGGA	NA	NA	NA	0	0	0	1	NA	NA	NA	NA	NA
JPYC01000604.1_9	7180	7365	186	-1	0.570	11	GGA/GAG/AGG	NA	NA	NA	0	0	0	1	NA	NA	NA	NA	NA
JPYC01000604.1_10	7557	7892	336	1	0.497	11	None	NA	NA	NA	0	0	0	1	NA	NA	NA	NA	NA
JPYC01000604.1_11	8145	8864	720	1	0.499	11	GGA/GAG/AGG	NA	NA	NA	0	0	0	1	NA	NA	NA	NA	NA
JPYC01000604.1_12	9047	9262	216	-1	0.574	11	GGAG/GAGG	NA	NA	NA	0	0	0	1	NA	NA	NA	NA	NA
JPYC01000604.1_13	9289	9582	294	-1	0.541	11	None	NA	NA	NA	0	0	0	1	NA	NA	NA	NA	NA
JPYC01000605.1_1	2	238	237	-1	0.650	11	None	NA	NA	NA	0	0	0	1	NA	NA	NA	NA	NA
JPYC01000606.1_1	3	764	762	-1	0.671	11	GGA/GAG/AGG	GENOMAD.145791.CP	1.396e-38	147	0	0	0	1	NA	NA	NA	PF13364;K05970	Beta-galactosidase jelly roll domain
JPYC01000606.1_2	761	2956	2196	-1	0.649	11	GGA/GAG/AGG	GENOMAD.181541.CP	5.415e-19	95	0	0	0	1	NA	NA	NA	PF03648;K01235;COG3661	Alpha-glucuronidase
JPYC01000606.1_3	3133	3639	507	1	0.671	11	GGAG/GAGG	NA	NA	NA	0	0	0	1	NA	NA	NA	NA	NA
JPYC01000607.1_1	3	500	498	-1	0.641	11	AGGA/GGAG/GAGG	NA	NA	NA	0	0	0	1	NA	NA	NA	NA	NA
JPYC01000607.1_2	503	1885	1383	-1	0.636	11	GGA/GAG/AGG	NA	NA	NA	0	0	0	1	NA	NA	NA	NA	NA
JPYC01000607.1_3	2043	2627	585	1	0.665	11	None	NA	NA	NA	0	0	0	1	NA	NA	NA	NA	NA
JPYC01000607.1_4	2443	3072	630	-1	0.659	11	None	NA	NA	NA	0	0	0	1	NA	NA	NA	NA	NA
JPYC01000607.1_5	3362	3514	153	1	0.608	11	AGGA	NA	NA	NA	0	0	0	1	NA	NA	NA	NA	NA
JPYC01000607.1_6	3587	4423	837	1	0.624	11	GGxGG	NA	NA	NA	0	0	0	1	NA	NA	NA	NA	NA
JPYC01000608.1_1	157	855	699	1	0.615	11	GGA/GAG/AGG	GENOMAD.158969.CP	1.874e-08	57	0	0	0	1	NA	NA	NA	NA	NA
JPYC01000608.1_2	953	2281	1329	-1	0.592	11	GGAG/GAGG	NA	NA	NA	0	0	0	1	NA	NA	NA	NA	NA
JPYC01000608.1_3	2326	3492	1167	-1	0.604	11	GGA/GAG/AGG	NA	NA	NA	0	0	0	1	NA	NA	NA	NA	NA
JPYC01000608.1_4	3503	4483	981	-1	0.569	11	GGAGG	NA	NA	NA	0	0	0	1	NA	NA	NA	NA	NA
JPYC01000608.1_5	4909	5355	447	-1	0.647	11	None	GENOMAD.147788.CP	1.035e-73	243	0	0	0	1	NA	NA	NA	PF09363;COG3958	XFP C-terminal domain
JPYC01000609.1_1	92	604	513	1	0.604	11	AGGAG	GENOMAD.176794.PC	3.11e-38	142	0	0	0	1	NA	NA	NA	PF20409;COG4922;TIGR02096;K06893	Predicted SnoaL-like aldol condensation-catalyzing enzyme
JPYC01000609.1_2	720	2219	1500	-1	0.630	11	GGAG/GAGG	NA	NA	NA	0	0	0	1	NA	NA	NA	NA	NA
JPYC01000609.1_3	2359	3141	783	-1	0.645	11	None	NA	NA	NA	0	0	0	1	NA	NA	NA	NA	NA
JPYC01000061.1_1	3	107	105	-1	0.762	11	GGAG/GAGG	NA	NA	NA	0	0	0	1	NA	NA	NA	NA	NA
JPYC01000061.1_2	100	1533	1434	-1	0.653	11	GGA/GAG/AGG	NA	NA	NA	0	0	0	1	NA	NA	NA	NA	NA
JPYC01000061.1_3	1883	2860	978	-1	0.697	11	GGAG/GAGG	GENOMAD.126251.CP	3.574e-11	67	0	0	0	1	NA	NA	NA	PF06180;PF13241;COG4822;K24866;TIGR01470	Cobalamin biosynthesis protein CbiK, Co2+ chelatase
JPYC01000061.1_4	2941	3513	573	1	0.651	11	None	GENOMAD.145587.CP	6.451e-48	171	0	0	0	1	NA	NA	NA	PF03861;PF20161;K07183;COG3707;TIGR02875	Two-component response regulator, AmiR/NasT family, consists of REC and RNA-binding antiterminator (ANTAR) domains
JPYC01000061.1_5	3518	4606	1089	1	0.666	11	GGA/GAG/AGG	NA	NA	NA	0	0	0	1	NA	NA	NA	NA	NA
JPYC01000610.1_1	1	561	561	-1	0.645	11	AGGA	NA	NA	NA	0	0	0	1	NA	NA	NA	NA	NA
JPYC01000610.1_2	675	1232	558	-1	0.625	11	GGA/GAG/AGG	GENOMAD.154834.CP	3.605e-07	52	0	0	0	1	NA	NA	NA	PF10469;K01975;TIGR02258;COG1514	2'-5' RNA ligase
JPYC01000610.1_3	1242	3836	2595	-1	0.644	11	None	NA	NA	NA	0	0	0	1	NA	NA	NA	NA	NA
JPYC01000610.1_4	3989	5143	1155	-1	0.622	11	GGAG/GAGG	GENOMAD.123376.CP	4.939e-10	64	0	0	0	1	NA	NA	NA	PF00285;TIGR01798;COG0372;K01659	citrate synthase I (hexameric type)
JPYC01000610.1_5	5218	6114	897	-1	0.653	11	AGGA	NA	NA	NA	0	0	0	1	NA	NA	NA	NA	NA
JPYC01000610.1_6	6213	7862	1650	1	0.664	11	None	NA	NA	NA	0	0	0	1	NA	NA	NA	NA	NA
JPYC01000610.1_7	8091	8417	327	-1	0.606	11	GGAG/GAGG	GENOMAD.112646.PP	4.485e-55	187	0	0	0	1	NA	B_traH	NA	PF12992;TIGR03066;COG4939	Gemmata obscuriglobus paralogous family TIGR03066
JPYC01000610.1_8	9000	9182	183	-1	0.617	11	GGA/GAG/AGG	NA	NA	NA	0	0	0	1	NA	NA	NA	NA	NA
JPYC01000610.1_9	9499	9852	354	-1	0.644	11	GGA/GAG/AGG	GENOMAD.108686.CP	1.689e-37	137	0	0	0	1	NA	NA	NA	PF16823;K02676;COG3215;TIGR02266	Tfp pilus assembly protein PilZ
JPYC01000610.1_10	9849	10250	402	-1	0.701	11	None	NA	NA	NA	0	0	0	1	NA	NA	NA	NA	NA
JPYC01000611.1_1	151	1083	933	1	0.710	11	GGAG/GAGG	NA	NA	NA	0	0	0	1	NA	NA	NA	NA	NA
JPYC01000611.1_2	1420	1650	231	1	0.680	11	None	NA	NA	NA	0	0	0	1	NA	NA	NA	NA	NA
JPYC01000611.1_3	1811	2431	621	1	0.646	11	GGAG/GAGG	NA	NA	NA	0	0	0	1	NA	NA	NA	NA	NA
JPYC01000611.1_4	2551	2931	381	1	0.633	11	GGA/GAG/AGG	NA	NA	NA	0	0	0	1	NA	NA	NA	NA	NA
JPYC01000611.1_5	3147	3902	756	1	0.651	11	GGAG/GAGG	NA	NA	NA	0	0	0	1	NA	NA	NA	NA	NA
JPYC01000612.1_1	2	1054	1053	-1	0.671	11	GGA/GAG/AGG	NA	NA	NA	0	0	0	1	NA	NA	NA	NA	NA
JPYC01000612.1_2	1198	1320	123	1	0.683	11	GGA/GAG/AGG	NA	NA	NA	0	0	0	1	NA	NA	NA	NA	NA
JPYC01000613.1_1	174	767	594	-1	0.621	11	None	NA	NA	NA	0	0	0	1	NA	NA	NA	NA	NA
JPYC01000613.1_2	981	2423	1443	-1	0.654	11	GGA/GAG/AGG	NA	NA	NA	0	0	0	1	NA	NA	NA	NA	NA
JPYC01000613.1_3	2535	3749	1215	-1	0.648	11	AGGA	GENOMAD.116686.CP	7.897e-49	183	0	0	0	1	NA	NA	NA	PF00198;K09699;TIGR01349;COG0508	pyruvate dehydrogenase complex dihydrolipoamide acetyltransferase, long form
JPYC01000613.1_4	3792	6620	2829	-1	0.649	11	None	GENOMAD.123911.CP	1.455e-162	539	0	0	0	1	NA	NA	NA	PF16078;K00164;TIGR00239;COG0567	2-oxoglutarate dehydrogenase, E1 component
JPYC01000613.1_5	6801	7730	930	-1	0.719	11	None	GENOMAD.007571.CC	2.057e-16	83	0	0	0	1	NA	NA	NA	PF17941	NA
JPYC01000613.1_6	7727	9214	1488	-1	0.686	11	AGGA	GENOMAD.169221.CP	4.719e-246	760	0	0	0	1	NA	NA	NA	PF08007;K18850;COG2850;TIGR03037	Ribosomal protein L16 Arg81 hydroxylase, contains JmjC domain
JPYC01000614.1_1	3	518	516	1	0.674	11	None	NA	NA	NA	0	0	0	1	NA	NA	NA	NA	NA
JPYC01000614.1_2	560	1831	1272	1	0.689	11	GGA/GAG/AGG	GENOMAD.170827.CP	1.526e-06	53	0	0	0	1	NA	NA	NA	COG1714	Uncharacterized membrane protein YckC, RDD family
JPYC01000614.1_3	2014	2451	438	1	0.637	11	None	NA	NA	NA	0	0	0	1	NA	NA	NA	NA	NA
JPYC01000615.1_1	2	214	213	1	0.714	11	None	NA	NA	NA	0	0	0	1	NA	NA	NA	NA	NA
JPYC01000615.1_2	204	371	168	1	0.667	11	AGGAG	NA	NA	NA	0	0	0	1	NA	NA	NA	NA	NA
JPYC01000616.1_1	3	251	249	-1	0.691	11	None	NA	NA	NA	0	0	0	1	NA	NA	NA	NA	NA
JPYC01000617.1_1	2	136	135	1	0.637	11	None	NA	NA	NA	0	0	0	1	NA	NA	NA	NA	NA
JPYC01000617.1_2	156	1625	1470	1	0.663	11	None	GENOMAD.197616.CP	9.529e-85	292	0	0	0	1	NA	NA	NA	PF11855	NA
JPYC01000617.1_3	1612	1785	174	1	0.695	11	GGAG/GAGG	NA	NA	NA	0	0	0	1	NA	NA	NA	NA	NA
JPYC01000618.1_1	326	751	426	-1	0.678	11	GGA/GAG/AGG	GENOMAD.178838.CP	1.181e-18	84	0	0	0	1246	Caudoviricetes	NA	NA	PF01337;COG2732;K03623	Barstar, RNAse (barnase) inhibitor
JPYC01000618.1_2	748	1188	441	-1	0.692	11	GGA/GAG/AGG	GENOMAD.192274.CP	1.422e-27	110	0	0	0	1	NA	NA	NA	PF00545	ribonuclease
JPYC01000618.1_3	1440	2051	612	1	0.606	11	AGGAG	NA	NA	NA	0	0	0	1	NA	NA	NA	NA	NA
JPYC01000618.1_4	2411	3244	834	-1	0.645	11	GGAG/GAGG	GENOMAD.123216.CP	1.214e-19	92	0	0	0	1	NA	NA	NA	PF00459;K01092;COG0483;TIGR02067	Archaeal fructose-1,6-bisphosphatase or related enzyme of inositol monophosphatase family
JPYC01000618.1_5	3440	4126	687	1	0.697	11	None	NA	NA	NA	0	0	0	1	NA	NA	NA	NA	NA
JPYC01000618.1_6	4247	5107	861	1	0.662	11	GGA/GAG/AGG	GENOMAD.145709.CP	7.932e-136	430	0	0	0	1	NA	NA	NA	PF06646;K02044;TIGR03431;COG3221	Extracytoplasmic thiamine-binding lipoprotein
JPYC01000618.1_7	5104	6018	915	1	0.672	11	GGA/GAG/AGG	NA	NA	NA	0	0	0	1	NA	NA	NA	NA	NA
JPYC01000619.1_1	32	1594	1563	-1	0.633	11	AGGAG	GENOMAD.116954.CP	1.05e-06	54	0	0	0	1246	Caudoviricetes	NA	NA	COG4146	Uncharacterized membrane permease YidK, sodium:solute symporter family
JPYC01000619.1_2	1851	2744	894	-1	0.664	11	None	GENOMAD.211807.CP	7.565e-31	126	0	0	0	1	NA	NA	NA	PF18559	Galactose-binding domain-like
JPYC01000062.1_1	3	92	90	1	0.611	11	None	NA	NA	NA	0	0	0	1	NA	NA	NA	NA	NA
JPYC01000062.1_2	156	632	477	1	0.595	11	GGAG/GAGG	NA	NA	NA	0	0	0	1	NA	NA	NA	NA	NA
JPYC01000062.1_3	802	1068	267	-1	0.659	11	3Base/5BMM	NA	NA	NA	0	0	0	1	NA	NA	NA	NA	NA
JPYC01000062.1_4	1065	1619	555	-1	0.584	11	None	NA	NA	NA	0	0	0	1	NA	NA	NA	NA	NA
JPYC01000620.1_1	1	405	405	1	0.672	11	None	NA	NA	NA	0	0	0	1	NA	NA	NA	NA	NA
JPYC01000620.1_2	555	1802	1248	1	0.639	11	None	GENOMAD.145307.CP	1.477e-06	53	0	0	0	1	NA	NA	NA	PF01966;COG1713;TIGR03401	HD superfamily phosphohydrolase YqeK (fused to NMNAT in mycoplasms)
JPYC01000620.1_3	2239	2715	477	1	0.683	11	GGA/GAG/AGG	NA	NA	NA	0	0	0	1	NA	NA	NA	NA	NA
JPYC01000620.1_4	2887	3876	990	1	0.618	11	None	GENOMAD.189522.PC	1.733e-174	544	0	0	0	1	NA	NA	NA	PF13557;COG4313	Putative MetA-pathway of phenol degradation
JPYC01000620.1_5	3910	4677	768	1	0.650	11	GGAGG	NA	NA	NA	0	0	0	1	NA	NA	NA	NA	NA
JPYC01000620.1_6	4709	6190	1482	1	0.666	11	AGGAG	GENOMAD.133528.CP	0.0001349	47	0	0	0	1	NA	NA	NA	NA	NA
JPYC01000620.1_7	6461	6919	459	-1	0.667	11	None	NA	NA	NA	0	0	0	1	NA	NA	NA	NA	NA
JPYC01000621.1_1	2	256	255	1	0.627	11	None	NA	NA	NA	0	0	0	1	NA	NA	NA	NA	NA
JPYC01000622.1_1	1	1209	1209	1	0.737	11	None	NA	NA	NA	0	0	0	1	NA	NA	NA	NA	NA
JPYC01000622.1_2	1328	1546	219	1	0.616	11	GGA/GAG/AGG	NA	NA	NA	0	0	0	1	NA	NA	NA	NA	NA
JPYC01000622.1_3	1564	1854	291	1	0.656	11	GGAG/GAGG	NA	NA	NA	0	0	0	1	NA	NA	NA	NA	NA
JPYC01000622.1_4	2168	3562	1395	1	0.689	11	GGAG/GAGG	NA	NA	NA	0	0	0	1	NA	NA	NA	NA	NA
JPYC01000622.1_5	3665	3844	180	-1	0.589	11	None	GENOMAD.189581.CP	0.0004333	38	0	0	0	1	NA	NA	NA	NA	NA
JPYC01000622.1_6	3912	4052	141	-1	0.695	11	None	NA	NA	NA	0	0	0	1	NA	NA	NA	NA	NA
JPYC01000623.1_1	2	382	381	1	0.688	11	None	NA	NA	NA	0	0	0	1	NA	NA	NA	NA	NA
JPYC01000623.1_2	379	558	180	1	0.711	11	GGA/GAG/AGG	NA	NA	NA	0	0	0	1	NA	NA	NA	NA	NA
JPYC01000624.1_1	103	1107	1005	-1	0.666	11	AGGAG	NA	NA	NA	0	0	0	1	NA	NA	NA	NA	NA
JPYC01000624.1_2	1185	3401	2217	-1	0.646	11	GGAG/GAGG	GENOMAD.129297.CP	7.565e-17	88	0	0	0	1	NA	NA	NA	K15721;COG4773	Outer membrane receptor for ferric coprogen and ferric-rhodotorulic acid
JPYC01000625.1_1	1	393	393	-1	0.669	11	None	GENOMAD.127439.CP	1.482e-11	63	0	0	0	1	NA	NA	NA	PF12890;K12960;COG1228;TIGR03314	Imidazolonepropionase or related amidohydrolase
JPYC01000626.1_1	1	390	390	1	0.664	11	None	GENOMAD.171298.CP	5.253e-14	70	0	0	0	1	NA	NA	NA	PF03492;K06219;TIGR03840;COG2227	thiopurine S-methyltransferase, Se/Te detoxification family
JPYC01000626.1_2	403	705	303	1	0.683	11	GGAG/GAGG	NA	NA	NA	0	0	0	1	NA	NA	NA	NA	NA
JPYC01000627.1_1	1	399	399	1	0.581	11	None	GENOMAD.022765.PP	4.18e-51	177	0	1	0	1	NA	T_virB6	NA	K03201;COG3704	Type IV secretory pathway, VirB6 components
JPYC01000627.1_2	615	953	339	1	0.469	11	GGAG/GAGG	GENOMAD.086806.PP	3.312e-12	64	0	0	0	1	NA	NA	NA	PF13827	NA
JPYC01000627.1_3	1430	2008	579	1	0.516	11	AGGA	NA	NA	NA	0	0	0	1	NA	NA	NA	NA	NA
JPYC01000627.1_4	2005	3357	1353	1	0.586	11	AGGA	NA	NA	NA	0	0	0	1	NA	NA	NA	NA	NA
JPYC01000627.1_5	3519	4043	525	-1	0.644	11	AGGAG	NA	NA	NA	0	0	0	1	NA	NA	NA	NA	NA
JPYC01000627.1_6	4295	4435	141	1	0.617	11	GGAGG	NA	NA	NA	0	0	0	1	NA	NA	NA	NA	NA
JPYC01000628.1_1	2	268	267	1	0.655	11	None	NA	NA	NA	0	0	0	1	NA	NA	NA	NA	NA
JPYC01000629.1_1	1	357	357	1	0.683	11	None	NA	NA	NA	0	0	0	1	NA	NA	NA	NA	NA
JPYC01000629.1_2	769	1653	885	-1	0.615	11	GGAG/GAGG	NA	NA	NA	0	0	0	1	NA	NA	NA	NA	NA
JPYC01000629.1_3	1933	2529	597	-1	0.648	11	None	GENOMAD.000566.CC	7.523e-31	122	0	0	0	1	NA	NA	NA	PF02190;K07157;COG0466;TIGR00763	ATP-dependent Lon protease, bacterial type
JPYC01000629.1_4	2529	3896	1368	-1	0.668	11	None	GENOMAD.089563.CP	6.496e-47	179	1	0	0	1	NA	NA	NA	PF08245;PF02875;K01924;TIGR01082;COG0773	UDP-N-acetylmuramate--L-alanine ligase
JPYC01000629.1_5	4249	4812	564	-1	0.654	11	GGAG/GAGG	NA	NA	NA	0	0	0	1	NA	NA	NA	NA	NA
JPYC01000629.1_6	4972	6228	1257	1	0.658	11	AGGAG/GGAGG	NA	NA	NA	0	0	0	1	NA	NA	NA	NA	NA
JPYC01000629.1_7	6800	7069	270	1	0.567	11	GGA/GAG/AGG	GENOMAD.043515.PP	1.372e-34	127	0	1	0	1	NA	B_traI	NA	PF13605;TIGR02791;COG5314;K03200	P-type DNA transfer protein VirB5
JPYC01000629.1_8	7176	7562	387	1	0.514	11	None	GENOMAD.043515.PP	6.432e-61	205	0	1	0	1	NA	B_traI	NA	PF13605;TIGR02791;COG5314;K03200	P-type DNA transfer protein VirB5
JPYC01000629.1_9	7610	7831	222	1	0.572	11	GGA/GAG/AGG	NA	NA	NA	0	0	0	1	NA	NA	NA	NA	NA
JPYC01000063.1_1	270	1016	747	1	0.671	11	AGGA/GGAG/GAGG	GENOMAD.133737.CP	4.227e-06	50	0	0	0	1	NA	NA	NA	PF13022;TIGR03384;COG3226;K16138	transcriptional repressor BetI
JPYC01000063.1_2	1149	2171	1023	-1	0.695	11	AGGA	NA	NA	NA	0	0	0	1	NA	NA	NA	NA	NA
JPYC01000063.1_3	2467	3384	918	1	0.631	11	AGGAG	GENOMAD.171283.VV	2.242e-22	101	0	0	0	1246	Caudoviricetes	NA	NA	NA	NA
JPYC01000063.1_4	3871	4290	420	1	0.579	11	AGGA	GENOMAD.213831.PC	7.534e-40	145	0	0	0	1	NA	NA	NA	NA	NA
JPYC01000063.1_5	4399	4788	390	1	0.621	11	GGAGG	GENOMAD.167957.PC	4.127e-66	220	0	0	0	1	NA	NA	NF000005	PF19581;COG3324;TIGR03645;K08234	Predicted enzyme related to lactoylglutathione lyase
JPYC01000063.1_6	4870	5256	387	-1	0.649	11	None	NA	NA	NA	0	0	0	1	NA	NA	NA	NA	NA
JPYC01000630.1_1	67	1089	1023	-1	0.616	11	None	NA	NA	NA	0	0	0	1	NA	NA	NA	NA	NA
JPYC01000630.1_2	1318	2373	1056	-1	0.694	11	GGA/GAG/AGG	NA	NA	NA	0	0	0	1	NA	NA	NA	NA	NA
JPYC01000630.1_3	2366	3037	672	-1	0.692	11	GGAG/GAGG	NA	NA	NA	0	0	0	1	NA	NA	NA	NA	NA
JPYC01000630.1_4	3139	4443	1305	1	0.708	11	None	NA	NA	NA	0	0	0	1	NA	NA	NA	NA	NA
JPYC01000630.1_5	4460	5878	1419	1	0.658	11	GGA/GAG/AGG	NA	NA	NA	0	0	0	1	NA	NA	NA	NA	NA
JPYC01000630.1_6	5889	6284	396	-1	0.641	11	GGA/GAG/AGG	NA	NA	NA	0	0	0	1	NA	NA	NA	NA	NA
JPYC01000630.1_7	6454	6834	381	1	0.677	11	None	NA	NA	NA	0	0	0	1	NA	NA	NA	NA	NA
JPYC01000631.1_1	2	535	534	-1	0.717	11	GGAG/GAGG	GENOMAD.218216.PC	3.021e-42	154	0	0	0	1	NA	NA	NA	PF22011	NA
JPYC01000631.1_2	544	2481	1938	-1	0.658	11	GGAG/GAGG	GENOMAD.209487.PC	2.378e-05	50	0	0	0	1	NA	NA	NA	NA	NA
JPYC01000631.1_3	2658	3227	570	-1	0.619	11	AGxAGG/AGGxGG	NA	NA	NA	0	0	0	1	NA	NA	NA	NA	NA
JPYC01000631.1_4	3688	3885	198	-1	0.626	11	4Base/6BMM	NA	NA	NA	0	0	0	1	NA	NA	NA	NA	NA
JPYC01000631.1_5	4217	4759	543	-1	0.521	11	AGGAG	NA	NA	NA	0	0	0	1	NA	NA	NA	NA	NA
JPYC01000631.1_6	4967	5266	300	-1	0.603	11	None	NA	NA	NA	0	0	0	1	NA	NA	NA	NA	NA
JPYC01000632.1_1	2	145	144	1	0.653	11	None	NA	NA	NA	0	0	0	1	NA	NA	NA	NA	NA
JPYC01000632.1_2	554	1168	615	1	0.610	11	None	NA	NA	NA	0	0	0	1	NA	NA	NA	NA	NA
JPYC01000632.1_3	1253	2239	987	-1	0.643	11	GGAG/GAGG	NA	NA	NA	0	0	0	1	NA	NA	NA	NA	NA
JPYC01000632.1_4	2357	2851	495	-1	0.653	11	AGGA	NA	NA	NA	0	0	0	1	NA	NA	NA	NA	NA
JPYC01000632.1_5	3093	4922	1830	1	0.633	11	GGA/GAG/AGG	NA	NA	NA	0	0	0	1	NA	NA	NA	NA	NA
JPYC01000632.1_6	4939	5409	471	1	0.669	11	GGA/GAG/AGG	GENOMAD.207570.CP	1.046e-26	108	0	0	0	1	NA	NA	NA	PF09900;COG4331	Uncharacterized membrane protein, DUF2068 family
JPYC01000632.1_7	5499	7163	1665	1	0.679	11	GGA/GAG/AGG	NA	NA	NA	0	0	0	1	NA	NA	NA	NA	NA
JPYC01000632.1_8	7404	8531	1128	-1	0.645	11	AGGAG	GENOMAD.132666.CP	2.865e-67	236	0	0	0	1	NA	NA	NA	COG0668;K03442	Small-conductance mechanosensitive channel
JPYC01000632.1_9	8617	10014	1398	-1	0.642	11	AGGAG	NA	NA	NA	0	0	0	1	NA	NA	NA	NA	NA
JPYC01000632.1_10	10039	10224	186	1	0.613	11	GGA/GAG/AGG	NA	NA	NA	0	0	0	1	NA	NA	NA	NA	NA
JPYC01000632.1_11	10261	10818	558	1	0.654	11	None	GENOMAD.140349.CP	7.141e-45	162	0	0	0	1	NA	NA	NA	PF14905;TIGR01783;COG4206;K16089	TonB-dependent siderophore receptor
JPYC01000633.1_1	3	1109	1107	1	0.546	11	None	NA	NA	NA	0	0	0	1	NA	NA	NA	NA	NA
JPYC01000633.1_2	1217	1963	747	1	0.497	11	GGAG/GAGG	NA	NA	NA	0	0	0	1	NA	NA	NA	NA	NA
JPYC01000633.1_3	1972	2550	579	1	0.468	11	AGxAGG/AGGxGG	NA	NA	NA	0	0	0	1	NA	NA	NA	NA	NA
JPYC01000633.1_4	2699	2974	276	1	0.424	11	None	NA	NA	NA	0	0	0	1	NA	NA	NA	NA	NA
JPYC01000634.1_1	2	337	336	1	0.604	11	None	NA	NA	NA	0	0	0	1	NA	NA	NA	NA	NA
JPYC01000634.1_2	552	1919	1368	1	0.664	11	GGAG/GAGG	NA	NA	NA	0	0	0	1	NA	NA	NA	NA	NA
JPYC01000634.1_3	2139	3254	1116	1	0.616	11	GGAG/GAGG	GENOMAD.152308.CP	2.088e-05	49	0	0	0	1	NA	NA	NA	PF13416;K11069;TIGR03227;COG4134	2-aminoethylphosphonate ABC transporter, periplasmic 2-aminoethylphosphonate binding protein
JPYC01000634.1_4	3504	4706	1203	1	0.671	11	AGGA	GENOMAD.138157.CP	8.255e-43	165	0	0	0	1	NA	NA	NA	PF13437;TIGR02828	HlyD family secretion protein
JPYC01000634.1_5	4703	5512	810	1	0.672	11	AGGAG	GENOMAD.162124.CP	0.0004127	44	0	0	0	1	NA	NA	NA	PF06609;K03446;TIGR00711;COG2223	drug resistance transporter, EmrB/QacA subfamily
JPYC01000635.1_1	3	1448	1446	-1	0.652	11	GGA/GAG/AGG	NA	NA	NA	0	0	0	1	NA	NA	NA	NA	NA
JPYC01000635.1_2	2090	2326	237	-1	0.705	11	None	NA	NA	NA	0	0	0	1	NA	NA	NA	NA	NA
JPYC01000636.1_1	3	302	300	1	0.593	11	None	NA	NA	NA	0	0	0	1	NA	NA	NA	NA	NA
JPYC01000636.1_2	925	2304	1380	-1	0.670	11	GGA/GAG/AGG	NA	NA	NA	0	0	0	1	NA	NA	NA	NA	NA
JPYC01000636.1_3	2638	3999	1362	1	0.641	11	None	GENOMAD.134235.CP	1.349e-43	169	0	0	0	1	NA	NA	NA	PF03219;K03301;TIGR00769;COG3202	ADP/ATP carrier protein family
JPYC01000636.1_4	4179	4532	354	1	0.636	11	GGAG/GAGG	GENOMAD.189480.CP	1.27e-07	51	0	0	0	1	NA	NA	NA	PF06993;COG3759;K08987	NA
JPYC01000636.1_5	4835	7063	2229	-1	0.642	11	None	NA	NA	NA	0	0	0	1	NA	NA	NA	NA	NA
JPYC01000637.1_1	2	307	306	1	0.686	11	None	NA	NA	NA	0	0	0	1	NA	NA	NA	NA	NA
JPYC01000637.1_2	354	2189	1836	-1	0.657	11	GGA/GAG/AGG	GENOMAD.208849.PC	6.595e-07	55	0	0	0	1	NA	NA	NA	PF18120;PF01301;K12308;COG1874;TIGR03356	Glycosyl hydrolases family 35
JPYC01000637.1_3	2499	4841	2343	-1	0.666	11	GGA/GAG/AGG	GENOMAD.140646.CP	1.643e-163	535	0	0	0	1246	Caudoviricetes	NA	NA	PF07971;PF17678;TIGR01180;COG3537;K03931	alpha-1,2-mannosidase, putative
JPYC01000637.1_4	4948	6411	1464	-1	0.668	11	AGGAG	NA	NA	NA	0	0	0	1	NA	NA	NA	NA	NA
JPYC01000638.1_1	1	1515	1515	-1	0.661	11	GGAG/GAGG	GENOMAD.121860.CP	1.653e-17	89	0	0	0	1	NA	NA	NA	PF00933;K01207;COG1472	Periplasmic beta-glucosidase and related glycosidases
JPYC01000638.1_2	1950	3788	1839	1	0.666	11	GGAG/GAGG	GENOMAD.176626.CP	1.335e-189	603	0	0	0	1	NA	NA	NA	PF05787;K07093;COG3211	Bacterial protein of unknown function (DUF839)
JPYC01000639.1_1	1	324	324	-1	0.645	11	GGAG/GAGG	GENOMAD.137735.CP	4.994e-06	46	0	0	0	1	NA	NA	NA	COG1668	ABC-type Na+ efflux pump, permease component
JPYC01000639.1_2	321	1067	747	-1	0.645	11	GGAGG	NA	NA	NA	0	0	0	1	NA	NA	NA	NA	NA
JPYC01000639.1_3	1099	2700	1602	-1	0.672	11	AGGAG	GENOMAD.166690.CP	4.579e-18	91	0	0	0	1	NA	NA	NA	PF03096;PF08386;TIGR03343;COG2267;K16050	2-hydroxy-6-oxo-6-phenylhexa-2,4-dienoate hydrolase
JPYC01000639.1_4	2755	2955	201	-1	0.597	11	None	NA	NA	NA	0	0	0	1	NA	NA	NA	NA	NA
JPYC01000639.1_5	2952	3539	588	-1	0.639	11	GGAG/GAGG	NA	NA	NA	0	0	0	1	NA	NA	NA	NA	NA
JPYC01000639.1_6	3951	4424	474	1	0.650	11	None	NA	NA	NA	0	0	0	1	NA	NA	NA	NA	NA
JPYC01000639.1_7	4543	4815	273	-1	0.623	11	AGxAGG/AGGxGG	NA	NA	NA	0	0	0	1	NA	NA	NA	NA	NA
JPYC01000639.1_8	4880	5881	1002	1	0.661	11	GGA/GAG/AGG	NA	NA	NA	0	0	0	1	NA	NA	NA	NA	NA
JPYC01000639.1_9	5967	6689	723	-1	0.675	11	None	GENOMAD.137367.CP	4.94e-10	62	0	0	0	1	NA	NA	NA	PF00175;PF08021;K02641;TIGR03224;COG0543	benzoyl-CoA oxygenase/reductase, BoxA protein
JPYC01000639.1_10	6831	7826	996	1	0.655	11	AGGA	NA	NA	NA	0	0	0	1	NA	NA	NA	NA	NA
JPYC01000639.1_11	7844	8593	750	1	0.635	11	GGAG/GAGG	GENOMAD.129876.CP	1.216e-38	147	0	0	0	1	NA	NA	NA	K09694;COG3694	ABC-type uncharacterized transport system, permease component
JPYC01000064.1_1	2	1111	1110	-1	0.623	11	AGGA/GGAG/GAGG	NA	NA	NA	0	0	0	1	NA	NA	NA	NA	NA
JPYC01000064.1_2	1447	2298	852	1	0.669	11	GGA/GAG/AGG	NA	NA	NA	0	0	0	1	NA	NA	NA	NA	NA
JPYC01000064.1_3	2390	2959	570	1	0.612	11	AGGA	NA	NA	NA	0	0	0	1	NA	NA	NA	NA	NA
JPYC01000064.1_4	2981	3166	186	-1	0.608	11	GGAG/GAGG	GENOMAD.015026.CC	2.498e-23	93	0	0	0	1	NA	NA	NA	PF18917;COG4758;K11622	Predicted membrane protein
JPYC01000064.1_5	3577	3744	168	-1	0.619	11	None	GENOMAD.015026.CC	1.027e-21	88	0	0	0	1	NA	NA	NA	PF18917;COG4758;K11622	Predicted membrane protein
JPYC01000064.1_6	3772	4206	435	-1	0.692	11	None	GENOMAD.096167.CP	1.575e-25	104	0	0	0	1	NA	NA	NA	PF01230;COG0537;K19710	Diadenosine tetraphosphate (Ap4A) hydrolase or other HIT family hydrolase
JPYC01000064.1_7	4203	4865	663	-1	0.682	11	AGGAG	GENOMAD.132951.CP	7.392e-15	76	0	0	0	1	NA	NA	NA	PF01738;K01061;COG0412;TIGR02821	Dienelactone hydrolase family
JPYC01000064.1_8	5046	6422	1377	1	0.634	11	GGA/GAG/AGG	GENOMAD.108089.CP	7.169e-10	64	0	0	0	1	NA	NA	NA	PF18693	TRAM domain
JPYC01000064.1_9	6746	7342	597	-1	0.655	11	None	GENOMAD.054318.CC	2.162e-11	65	0	0	0	1	NA	NA	NA	PF03449;TIGR01461;COG0782	Transcription elongation factor, N-terminal
JPYC01000064.1_10	7364	8830	1467	1	0.643	11	GGA/GAG/AGG	GENOMAD.137825.CP	7.912e-06	51	0	0	0	1	NA	NA	NA	PF20401;K19225;TIGR04239;COG0705	rhomboid family protease GlpG
JPYC01000064.1_11	8968	9456	489	-1	0.665	11	None	GENOMAD.031297.CC	2.721e-17	81	0	0	0	1	NA	NA	NA	PF13197	NA
JPYC01000640.1_1	315	398	84	1	0.631	11	AGGA	NA	NA	NA	0	0	0	1	NA	NA	NA	NA	NA
JPYC01000641.1_1	458	1459	1002	1	0.617	11	AGGAG	NA	NA	NA	0	0	0	1	NA	NA	NA	NA	NA
JPYC01000641.1_2	1669	2139	471	1	0.584	11	GGA/GAG/AGG	NA	NA	NA	0	0	0	1	NA	NA	NA	NA	NA
JPYC01000641.1_3	2712	5165	2454	1	0.678	11	None	GENOMAD.003280.CC	0.0	1211	0	0	0	1	NA	NA	NA	COG5373	NA
JPYC01000641.1_4	5162	5461	300	1	0.680	11	GGAG/GAGG	GENOMAD.022838.CC	2.201e-19	84	0	0	0	1	NA	NA	NA	PF13163	NA
JPYC01000642.1_1	128	565	438	1	0.635	11	GGA/GAG/AGG	GENOMAD.135911.CV	7.108e-05	44	0	0	0	16033	Crassvirales	NA	NA	PF02657;K02426;COG2166;TIGR03391	Sulfur transfer protein SufE, Fe-S cluster assembly
JPYC01000642.1_2	562	1812	1251	1	0.687	11	None	GENOMAD.140488.CP	3.583e-07	55	0	0	0	1	NA	NA	NA	K23448;COG2223	Nitrate/nitrite transporter NarK
JPYC01000642.1_3	2027	3067	1041	-1	0.636	11	AGGA	GENOMAD.141801.CP	4.262e-19	92	0	0	0	1	NA	NA	NA	TIGR02420;COG1734	RNA polymerase-binding protein DksA
JPYC01000642.1_4	3442	4791	1350	1	0.644	11	AGGA	NA	NA	NA	0	0	0	1	NA	NA	NA	NA	NA
JPYC01000642.1_5	4791	5633	843	1	0.674	11	None	NA	NA	NA	0	0	0	1	NA	NA	NA	NA	NA
JPYC01000642.1_6	5791	6252	462	1	0.626	11	GGAG/GAGG	GENOMAD.132461.CP	1.773e-06	49	0	0	0	1	NA	NA	NA	PF13669;K05606;TIGR03081;COG2764	methylmalonyl-CoA epimerase
JPYC01000642.1_7	6679	8034	1356	1	0.633	11	AGGAG	NA	NA	NA	0	0	0	1	NA	NA	NA	NA	NA
JPYC01000642.1_8	8031	9440	1410	1	0.645	11	None	NA	NA	NA	0	0	0	1	NA	NA	NA	NA	NA
JPYC01000642.1_9	9517	10251	735	1	0.669	11	None	NA	NA	NA	0	0	0	1	NA	NA	NA	NA	NA
JPYC01000642.1_10	10306	10596	291	-1	0.567	11	AGGAG	NA	NA	NA	0	0	0	1	NA	NA	NA	NA	NA
JPYC01000642.1_11	10691	11572	882	-1	0.653	11	GGAG/GAGG	GENOMAD.154597.PC	1.098e-61	216	0	0	0	1	NA	NA	NF033105	PF00753;K13075;TIGR04558;COG0491	quinoprotein relay system zinc metallohydrolase 1
JPYC01000642.1_12	11692	12180	489	-1	0.601	11	AGGA	GENOMAD.179162.PC	6.933e-43	155	0	0	0	1	NA	NA	NA	PF16242;COG3871;TIGR04025	Pyridoxamine 5'-phosphate oxidase like
JPYC01000642.1_13	12613	13638	1026	1	0.588	11	GGA/GAG/AGG	GENOMAD.190703.PC	8.567e-11	66	0	0	0	1	NA	NA	NA	PF03761;K04775;COG3591;TIGR02038	V8-like Glu-specific endopeptidase
JPYC01000642.1_14	13924	14940	1017	1	0.479	11	None	GENOMAD.191510.PC	5.089e-122	393	0	0	0	1	NA	NA	NA	PF00544;K01728;COG3866	Pectate lyase
JPYC01000642.1_15	15561	17231	1671	1	0.606	11	GGAG/GAGG	GENOMAD.179497.PC	4.852e-76	269	0	0	0	1	NA	NA	NA	K01184;COG5434	Polygalacturonase
JPYC01000642.1_16	17448	18137	690	-1	0.696	11	GGA/GAG/AGG	GENOMAD.028244.CC	3.152e-92	301	0	0	0	1	NA	NA	NA	PF00494;COG1562;TIGR03465	Phytoene/squalene synthetase
JPYC01000642.1_17	18166	18858	693	-1	0.664	11	GGxGG	NA	NA	NA	0	0	0	1	NA	NA	NA	NA	NA
JPYC01000642.1_18	18945	19664	720	-1	0.646	11	GGAG/GAGG	GENOMAD.136799.CP	0.0003157	44	0	0	0	1	NA	NA	NA	PF08123;TIGR02021;K13623;COG4106	magnesium protoporphyrin O-methyltransferase
JPYC01000642.1_19	19695	21032	1338	-1	0.656	11	GGA/GAG/AGG	GENOMAD.127377.CP	5.719e-05	48	0	0	0	1	NA	NA	NA	PF00962;K18456;TIGR03314;COG1816	putative selenium metabolism protein SsnA
JPYC01000642.1_20	21050	21460	411	-1	0.664	11	None	GENOMAD.205455.PC	1.371e-23	98	0	0	0	1	NA	NA	NA	NA	NA
JPYC01000643.1_1	2	667	666	1	0.628	11	None	NA	NA	NA	0	0	0	1	NA	NA	NA	NA	NA
JPYC01000643.1_2	680	1084	405	-1	0.647	11	None	NA	NA	NA	0	0	0	1	NA	NA	NA	NA	NA
JPYC01000644.1_1	2	1390	1389	1	0.652	11	None	NA	NA	NA	0	0	0	1	NA	NA	NA	NA	NA
JPYC01000644.1_2	1531	2667	1137	1	0.646	11	AGGAG	NA	NA	NA	0	0	0	1	NA	NA	NA	NA	NA
JPYC01000644.1_3	2753	3298	546	1	0.643	11	None	NA	NA	NA	0	0	0	1	NA	NA	NA	NA	NA
JPYC01000644.1_4	3306	5096	1791	1	0.639	11	GGAG/GAGG	NA	NA	NA	0	0	0	1	NA	NA	NA	NA	NA
JPYC01000645.1_1	364	1143	780	1	0.650	11	GGA/GAG/AGG	NA	NA	NA	0	0	0	1	NA	NA	NA	NA	NA
JPYC01000645.1_2	1140	2132	993	1	0.661	11	GGA/GAG/AGG	NA	NA	NA	0	0	0	1	NA	NA	NA	NA	NA
JPYC01000645.1_3	2129	3091	963	1	0.653	11	None	GENOMAD.190312.PC	6.65e-22	100	0	0	0	1	NA	NA	NA	PF19443	DAHL domain
JPYC01000646.1_1	3	584	582	-1	0.732	11	GGAG/GAGG	NA	NA	NA	0	0	0	1	NA	NA	NA	NA	NA
JPYC01000646.1_2	1054	1680	627	1	0.743	11	None	GENOMAD.099184.CP	1.055e-18	87	0	0	0	1246	Caudoviricetes	NA	NA	PF17764;COG1198;K04066	Primosomal protein N' (replication factor Y) - superfamily II helicase
JPYC01000647.1_1	1	201	201	-1	0.587	11	GGAG/GAGG	GENOMAD.101932.CV	6.654e-10	55	0	0	0	1	NA	NA	NA	PF00830;TIGR00009;COG0227	ribosomal protein L28
JPYC01000647.1_2	460	1107	648	-1	0.691	11	GGAG/GAGG	NA	NA	NA	0	0	0	1	NA	NA	NA	NA	NA
JPYC01000647.1_3	1104	3986	2883	-1	0.675	11	None	NA	NA	NA	0	0	0	1	NA	NA	NA	NA	NA
JPYC01000648.1_1	1	942	942	1	0.705	11	None	GENOMAD.022838.CC	2.624e-99	326	0	0	0	1	NA	NA	NA	PF13163	NA
JPYC01000648.1_2	1259	2434	1176	1	0.667	11	GGA/GAG/AGG	NA	NA	NA	0	0	0	1	NA	NA	NA	NA	NA
JPYC01000648.1_3	2431	2997	567	1	0.663	11	GGA/GAG/AGG	NA	NA	NA	0	0	0	1	NA	NA	NA	NA	NA
JPYC01000648.1_4	3256	4722	1467	1	0.651	11	GGAGG	NA	NA	NA	0	0	0	1	NA	NA	NA	NA	NA
JPYC01000648.1_5	5278	6282	1005	1	0.627	11	AGGA	NA	NA	NA	0	0	0	1	NA	NA	NA	NA	NA
JPYC01000648.1_6	6498	7037	540	-1	0.630	11	None	NA	NA	NA	0	0	0	1	NA	NA	NA	NA	NA
JPYC01000648.1_7	7234	7380	147	-1	0.639	11	None	NA	NA	NA	0	0	0	1	NA	NA	NA	NA	NA
JPYC01000065.1_1	2	1768	1767	-1	0.657	11	GGAG/GAGG	NA	NA	NA	0	0	0	1	NA	NA	NA	NA	NA
JPYC01000065.1_2	1765	2601	837	-1	0.624	11	AGGA	NA	NA	NA	0	0	0	1	NA	NA	NA	NA	NA
JPYC01000065.1_3	2598	3482	885	-1	0.628	11	GGAG/GAGG	NA	NA	NA	0	0	0	1	NA	NA	NA	NA	NA
JPYC01000065.1_4	3479	4849	1371	-1	0.646	11	GGA/GAG/AGG	GENOMAD.123940.CP	2.179e-16	85	0	0	0	1	NA	NA	NA	PF13416;K10120;COG2182;TIGR03850	Maltose-binding periplasmic protein MalE
JPYC01000065.1_5	4853	6472	1620	-1	0.631	11	GGxGG	GENOMAD.162180.CP	1.872e-114	381	0	0	0	1	NA	NA	NA	PF10091;COG5368	Putative glucoamylase
JPYC01000065.1_6	6576	9554	2979	-1	0.630	11	GGAGG	GENOMAD.125907.CP	3.999e-15	83	0	0	0	1	NA	NA	NA	PF14905;PF07715;TIGR01783;COG4771;K19611	TonB-dependent siderophore receptor
JPYC01000065.1_7	9688	10710	1023	-1	0.697	11	GGAGG	NA	NA	NA	0	0	0	1	NA	NA	NA	NA	NA
JPYC01000065.1_8	11091	11360	270	-1	0.700	11	None	GENOMAD.108170.CP	1.986e-08	52	0	0	0	1	NA	NA	NA	PF01722;COG5007;K05527	Acid stress-induced BolA-like protein IbaG/YrbA, predicted regulator of iron metabolism
JPYC01000065.1_9	11357	11656	300	-1	0.697	11	GGAG/GAGG	GENOMAD.153334.CP	4.553e-27	106	0	0	0	1	NA	NA	NA	PF03795;K09780;COG2350;TIGR03221	Uncharacterized conserved protein YciI, contains a putative active-site phosphohistidine
JPYC01000065.1_10	11891	12913	1023	1	0.626	11	GGA/GAG/AGG	GENOMAD.123012.CP	8.234e-19	91	0	0	0	1	NA	NA	NA	PF02616;COG1354;K05896	Chromatin segregation and condensation protein Rec8/ScpA/Scc1, kleisin family
JPYC01000065.1_11	12927	14123	1197	1	0.674	11	None	NA	NA	NA	0	0	0	1	NA	NA	NA	NA	NA
JPYC01000065.1_12	14116	15759	1644	1	0.704	11	GGAG/GAGG	GENOMAD.109423.CP	1.048e-34	144	0	0	0	1246	Caudoviricetes	NA	NA	PF13275;K06183;COG1187;TIGR00005	16S rRNA U516 pseudouridylate synthase RsuA and related 23S rRNA U2605, pseudouridylate synthases
JPYC01000065.1_13	16100	16396	297	-1	0.626	11	None	NA	NA	NA	0	0	0	1	NA	NA	NA	NA	NA
JPYC01000649.1_1	100	666	567	1	0.626	11	AGGAG	GENOMAD.105354.CP	1.006e-50	179	1	0	0	1	NA	NA	NA	PF09285;PF01132;PF08207;K02356;TIGR02178;COG0231	elongation factor P-like protein YeiP
JPYC01000650.1_1	2	2482	2481	1	0.574	11	None	NA	NA	NA	0	0	0	1	NA	NA	NA	NA	NA
JPYC01000650.1_2	2479	2976	498	1	0.600	11	GGAG/GAGG	NA	NA	NA	0	0	0	1	NA	NA	NA	NA	NA
JPYC01000652.1_1	2	220	219	1	0.648	11	None	NA	NA	NA	0	0	0	1	NA	NA	NA	NA	NA
JPYC01000653.1_1	234	1475	1242	1	0.641	11	None	GENOMAD.141017.CP	3.28e-16	84	0	0	0	1	NA	NA	NA	PF14905;PF07715;K16090;COG4774;TIGR01776	Outer membrane receptor for monomeric catechols
JPYC01000653.1_2	1479	2372	894	1	0.629	11	None	GENOMAD.133821.CP	3.999e-25	109	0	0	0	1246	Caudoviricetes	NA	NA	PF18480;PF14905;COG4634	Predicted nuclease, contains PIN domain, potential toxin-antitoxin system component
JPYC01000653.1_3	2814	3866	1053	1	0.612	11	GGA/GAG/AGG	GENOMAD.183623.VC	6.946e-15	79	0	0	0	1	NA	NA	NA	PF00295;TIGR03808;K07218;COG3420	twin-arg-translocated uncharacterized repeat protein
JPYC01000653.1_4	3934	5580	1647	-1	0.643	11	None	GENOMAD.057851.VV	7.056e-12	71	0	0	0	14384	Megaviricetes	NA	NA	PF12481;TIGR03104;COG0367;K24327	asparagine synthase family amidotransferase
JPYC01000654.1_1	3	488	486	1	0.679	11	None	GENOMAD.191812.CP	2.172e-29	116	0	0	0	1	NA	NA	NA	PF03372;K18353;TIGR03395;COG5239	sphingomyelin phosphodiesterase
JPYC01000654.1_2	744	1358	615	1	0.501	11	GGA/GAG/AGG	NA	NA	NA	0	0	0	1	NA	NA	NA	NA	NA
JPYC01000654.1_3	1375	2439	1065	1	0.545	11	GGA/GAG/AGG	NA	NA	NA	0	0	0	1	NA	NA	NA	NA	NA
JPYC01000654.1_4	2570	3772	1203	-1	0.672	11	GGA/GAG/AGG	NA	NA	NA	0	0	0	1	NA	NA	NA	NA	NA
JPYC01000654.1_5	3897	4766	870	1	0.631	11	AGGA	NA	NA	NA	0	0	0	1	NA	NA	NA	NA	NA
JPYC01000654.1_6	4923	5207	285	1	0.653	11	GGA/GAG/AGG	NA	NA	NA	0	0	0	1	NA	NA	NA	NA	NA
JPYC01000654.1_7	5204	5386	183	1	0.574	11	GGA/GAG/AGG	NA	NA	NA	0	0	0	1	NA	NA	NA	NA	NA
JPYC01000654.1_8	5513	5812	300	1	0.657	11	None	NA	NA	NA	0	0	0	1	NA	NA	NA	NA	NA
JPYC01000655.1_1	529	1656	1128	1	0.673	11	GGAG/GAGG	GENOMAD.151838.CP	2.127e-05	49	0	0	0	1	NA	NA	NA	PF13421;K04088;TIGR01932;COG0330	HflC protein
JPYC01000655.1_2	1656	2519	864	1	0.633	11	GGAG/GAGG	NA	NA	NA	0	0	0	1	NA	NA	NA	NA	NA
JPYC01000655.1_3	3767	4144	378	1	0.632	11	AGGAG	NA	NA	NA	0	0	0	1	NA	NA	NA	NA	NA
JPYC01000656.1_1	2	913	912	1	0.684	11	None	GENOMAD.190147.CP	6.472e-39	150	0	0	0	1	NA	NA	NA	K18240;TIGR04444	chorismatase, FkbO/Hyg5 family
JPYC01000656.1_2	1219	1353	135	-1	0.681	11	None	NA	NA	NA	0	0	0	1	NA	NA	NA	NA	NA
JPYC01000657.1_1	2	391	390	1	0.651	11	None	GENOMAD.166405.CP	1.233e-62	210	0	0	0	1	NA	NA	NA	PF04344;K03414;COG3143	Chemotaxis regulator CheZ, phosphatase of CheY~P
JPYC01000657.1_2	394	2052	1659	1	0.683	11	3Base/5BMM	GENOMAD.116397.CP	2.796e-87	302	0	0	0	1	NA	NA	NA	PF14501;PF01584;PF01627;PF02895;K03407;COG0643;TIGR01924	Chemotaxis protein histidine kinase CheA
JPYC01000657.1_3	2301	3779	1479	-1	0.569	11	AGGAG	NA	NA	NA	0	0	0	1	NA	NA	NA	NA	NA
JPYC01000657.1_4	3795	4502	708	-1	0.583	11	None	NA	NA	NA	0	0	0	1	NA	NA	NA	NA	NA
JPYC01000657.1_5	4499	4915	417	-1	0.715	11	GGAGG	NA	NA	NA	0	0	0	1	NA	NA	NA	NA	NA
JPYC01000657.1_6	4912	5181	270	-1	0.637	11	AGGAG	NA	NA	NA	0	0	0	1	NA	NA	NA	NA	NA
JPYC01000657.1_7	6149	9382	3234	-1	0.490	11	AGGAG	NA	NA	NA	0	0	0	1	NA	NA	NA	NA	NA
JPYC01000657.1_8	9785	10231	447	-1	0.434	11	4Base/6BMM	NA	NA	NA	0	0	0	1	NA	NA	NA	NA	NA
JPYC01000657.1_9	10445	10654	210	1	0.481	11	None	NA	NA	NA	0	0	0	1	NA	NA	NA	NA	NA
JPYC01000657.1_10	10657	11694	1038	-1	0.528	11	GGA/GAG/AGG	NA	NA	NA	0	0	0	1	NA	NA	NA	NA	NA
JPYC01000657.1_11	12008	12325	318	-1	0.547	11	None	NA	NA	NA	0	0	0	1	NA	NA	NA	NA	NA
JPYC01000657.1_12	12570	15671	3102	-1	0.651	11	GGA/GAG/AGG	GENOMAD.154316.CP	1.083e-249	798	0	0	0	1	NA	NA	NA	K16091	NA
JPYC01000657.1_13	16374	17279	906	1	0.637	11	GGAG/GAGG	NA	NA	NA	0	0	0	1	NA	NA	NA	NA	NA
JPYC01000657.1_14	17286	18260	975	1	0.647	11	None	GENOMAD.133946.CP	3.166e-10	64	0	0	0	1	NA	NA	NA	PF13677;COG1360;TIGR03350	Flagellar motor protein MotB
JPYC01000657.1_15	18262	18723	462	1	0.693	11	AGGAG	NA	NA	NA	0	0	0	1	NA	NA	NA	NA	NA
JPYC01000658.1_1	3	236	234	-1	0.688	11	GGA/GAG/AGG	NA	NA	NA	0	0	0	1	NA	NA	NA	NA	NA
JPYC01000658.1_2	401	1180	780	1	0.658	11	GGA/GAG/AGG	NA	NA	NA	0	0	0	1	NA	NA	NA	NA	NA
JPYC01000658.1_3	1177	2322	1146	1	0.689	11	GGA/GAG/AGG	NA	NA	NA	0	0	0	1	NA	NA	NA	NA	NA
JPYC01000066.1_1	43	540	498	-1	0.707	11	None	NA	NA	NA	0	0	0	1	NA	NA	NA	NA	NA
JPYC01000659.1_1	2	295	294	1	0.728	11	None	NA	NA	NA	0	0	0	1	NA	NA	NA	NA	NA
JPYC01000660.1_1	2	265	264	-1	0.693	11	None	NA	NA	NA	0	0	0	1	NA	NA	NA	NA	NA
JPYC01000660.1_2	578	1150	573	-1	0.635	11	GGAGG	NA	NA	NA	0	0	0	1	NA	NA	NA	NA	NA
JPYC01000660.1_3	1288	2040	753	-1	0.639	11	None	NA	NA	NA	0	0	0	1	NA	NA	NA	NA	NA
JPYC01000660.1_4	2077	2511	435	-1	0.701	11	GGA/GAG/AGG	GENOMAD.147360.CP	3.763e-66	221	0	0	0	1	NA	NA	NA	PF13405;COG5126	EF-hand domain
JPYC01000660.1_5	2711	2887	177	-1	0.650	11	None	GENOMAD.182880.CP	4.293e-24	95	0	0	0	1	NA	NA	NA	PF00036	EF hand
JPYC01000660.1_6	2900	3064	165	-1	0.661	11	AGGAG	GENOMAD.182880.CP	5.131e-07	46	0	0	0	1	NA	NA	NA	PF00036	EF hand
JPYC01000660.1_7	3291	3668	378	-1	0.643	11	GGA/GAG/AGG	NA	NA	NA	0	0	0	1	NA	NA	NA	NA	NA
JPYC01000660.1_8	3894	4091	198	-1	0.621	11	AGGA	GENOMAD.137965.CP	9.484e-13	63	0	0	0	1	NA	NA	NA	PF14255	Cysteine-rich CPXCG
JPYC01000660.1_9	4377	5123	747	-1	0.645	11	GGA/GAG/AGG	NA	NA	NA	0	0	0	1	NA	NA	NA	NA	NA
JPYC01000660.1_10	5215	6021	807	-1	0.670	11	AGGAG	GENOMAD.153557.VC	1.074e-05	49	0	0	0	1246	Caudoviricetes	NA	NA	PF01510;K11066;COG3023	N-acetyl-anhydromuramyl-L-alanine amidase AmpD
JPYC01000661.1_1	3	662	660	1	0.648	11	None	NA	NA	NA	0	0	0	1	NA	NA	NA	NA	NA
JPYC01000661.1_2	697	1158	462	1	0.665	11	None	NA	NA	NA	0	0	0	1	NA	NA	NA	NA	NA
JPYC01000661.1_3	1250	2266	1017	1	0.660	11	AGxAGG/AGGxGG	GENOMAD.208532.CP	1.478e-145	461	0	0	0	1	NA	NA	NA	PF01963;COG3735;K09973	Uncharacterized conserved protein YbaP, TraB family
JPYC01000661.1_4	2398	3465	1068	1	0.688	11	GGA/GAG/AGG	NA	NA	NA	0	0	0	1	NA	NA	NA	NA	NA
JPYC01000661.1_5	3465	4313	849	1	0.663	11	None	GENOMAD.154597.PC	6.591e-07	53	0	0	0	1	NA	NA	NF033105	PF00753;K13075;TIGR04558;COG0491	quinoprotein relay system zinc metallohydrolase 1
JPYC01000661.1_6	4310	5269	960	1	0.650	11	GGAG/GAGG	NA	NA	NA	0	0	0	1	NA	NA	NA	NA	NA
JPYC01000661.1_7	5260	6414	1155	1	0.661	11	GGA/GAG/AGG	GENOMAD.168712.CP	1.152e-206	640	0	0	0	1	NA	NA	NA	PF13641;K00720;TIGR03030;COG1215	cellulose synthase catalytic subunit (UDP-forming)
JPYC01000661.1_8	6392	7003	612	1	0.654	11	None	NA	NA	NA	0	0	0	1	NA	NA	NA	NA	NA
JPYC01000661.1_9	6993	8249	1257	1	0.678	11	GGA/GAG/AGG	NA	NA	NA	0	0	0	1	NA	NA	NA	NA	NA
JPYC01000661.1_10	8284	10200	1917	-1	0.660	11	AGxAG	NA	NA	NA	0	0	0	1	NA	NA	NA	NA	NA
JPYC01000661.1_11	10634	11236	603	-1	0.660	11	None	NA	NA	NA	0	0	0	1	NA	NA	NA	NA	NA
JPYC01000662.1_1	2	208	207	1	0.662	11	None	NA	NA	NA	0	0	0	1	NA	NA	NA	NA	NA
JPYC01000663.1_1	2	481	480	1	0.671	11	None	GENOMAD.126387.CP	6.903e-33	126	0	0	0	1	NA	NA	NA	PF06463	Molybdenum Cofactor Synthesis C
JPYC01000663.1_2	478	858	381	1	0.654	11	None	NA	NA	NA	0	0	0	1	NA	NA	NA	NA	NA
JPYC01000663.1_3	883	1380	498	1	0.643	11	None	NA	NA	NA	0	0	0	1	NA	NA	NA	NA	NA
JPYC01000663.1_4	1377	1622	246	1	0.671	11	GGAG/GAGG	GENOMAD.133117.CP	2.304e-33	123	0	0	0	1	NA	NA	NA	PF14451;K21142;TIGR01682;COG1977	molybdopterin converting factor, subunit 1, non-archaeal
JPYC01000663.1_5	1625	2065	441	1	0.660	11	GGAGG	GENOMAD.118707.CP	1.68e-16	78	0	0	0	1	NA	NA	NA	PF02391;PF19842;COG0314;K03635;TIGR00176	Molybdopterin synthase catalytic subunit
JPYC01000663.1_6	3486	3608	123	-1	0.439	11	AGxAGG/AGGxGG	NA	NA	NA	0	0	0	1	NA	NA	NA	NA	NA
JPYC01000663.1_7	3939	4154	216	1	0.481	11	GGAG/GAGG	NA	NA	NA	0	0	0	1	NA	NA	NA	NA	NA
JPYC01000663.1_8	4143	4925	783	-1	0.513	11	GGA/GAG/AGG	GENOMAD.064510.VV	3.745e-21	96	0	0	0	1246	Caudoviricetes	NA	NA	PF09225;PF01555;K24451;COG0863	Restriction endonuclease PvuII; DNA methylase
JPYC01000663.1_9	5255	5635	381	-1	0.598	11	AGGAG/GGAGG	NA	NA	NA	0	0	0	1	NA	NA	NA	NA	NA
JPYC01000663.1_10	5632	5946	315	-1	0.632	11	GGAG/GAGG	NA	NA	NA	0	0	0	1	NA	NA	NA	NA	NA
JPYC01000664.1_1	259	1362	1104	1	0.669	11	GGA/GAG/AGG	GENOMAD.114680.CP	1.392e-47	178	0	0	0	1246	Caudoviricetes	NA	NA	PF01769;PF03448;PF00478;K06213;TIGR00400;COG2239	Mg2+ transporter (mgtE)
JPYC01000665.1_1	2	688	687	1	0.702	11	None	NA	NA	NA	0	0	0	1	NA	NA	NA	NA	NA
JPYC01000665.1_2	771	1514	744	1	0.655	11	GGAG/GAGG	NA	NA	NA	0	0	0	1	NA	NA	NA	NA	NA
JPYC01000665.1_3	1719	1958	240	1	0.575	11	AGGA/GGAG/GAGG	NA	NA	NA	0	0	0	1	NA	NA	NA	NA	NA
JPYC01000665.1_4	2100	3335	1236	1	0.637	11	AGGAG	NA	NA	NA	0	0	0	1	NA	NA	NA	NA	NA
JPYC01000665.1_5	3503	4828	1326	1	0.696	11	None	GENOMAD.114697.CP	1.277e-13	76	0	0	0	1	NA	NA	NA	PF00425;K02552;COG1169;TIGR03494	Isochorismate synthase EntC
JPYC01000666.1_1	2	223	222	-1	0.599	11	GGAG/GAGG	NA	NA	NA	0	0	0	1	NA	NA	NA	NA	NA
JPYC01000666.1_2	400	2082	1683	-1	0.626	11	GGAGG	NA	NA	NA	0	0	0	1	NA	NA	NA	NA	NA
JPYC01000666.1_3	2180	2629	450	1	0.656	11	GGA/GAG/AGG	GENOMAD.049078.CC	5.926e-11	62	0	0	0	1	NA	NA	NA	PF12870;COG4875;TIGR02246;K22505	conserved hypothetical protein
JPYC01000666.1_4	3041	5809	2769	-1	0.651	11	AGGAG	NA	NA	NA	0	0	0	1	NA	NA	NA	NA	NA
JPYC01000666.1_5	5957	6205	249	1	0.675	11	GGAG/GAGG	NA	NA	NA	0	0	0	1	NA	NA	NA	NA	NA
JPYC01000666.1_6	6202	6612	411	1	0.657	11	GGA/GAG/AGG	GENOMAD.190879.PC	1.857e-53	184	0	0	0	1	NA	NA	NA	PF10130;COG1487;TIGR00028;K07062	Predicted nucleic acid-binding protein, contains PIN domain
JPYC01000666.1_7	6663	7022	360	1	0.686	11	GGAG/GAGG	NA	NA	NA	0	0	0	1	NA	NA	NA	NA	NA
JPYC01000667.1_1	1	1377	1377	-1	0.554	11	3Base/5BMM	NA	NA	NA	0	0	0	1	NA	NA	NA	NA	NA
JPYC01000667.1_2	2270	2881	612	-1	0.641	11	None	GENOMAD.124185.CV	0.0009221	42	0	0	0	1	NA	NA	NA	PF01121;K00859;TIGR00152;COG0237	dephospho-CoA kinase
JPYC01000667.1_3	2895	3758	864	-1	0.640	11	GGA/GAG/AGG	GENOMAD.189659.CP	0.0002268	45	0	0	0	1	NA	NA	NA	PF01478;K02278;COG4960	Flp pilus assembly protein, protease CpaA
JPYC01000667.1_4	3765	5042	1278	-1	0.505	11	GGA/GAG/AGG	GENOMAD.117158.CP	2.213e-26	116	0	0	0	1	NA	NA	NA	PF00482	Type II secretion system (T2SS), protein F
JPYC01000667.1_5	5369	5797	429	1	0.592	11	GGA/GAG/AGG	GENOMAD.169725.CP	0.0006792	41	0	0	0	1	NA	NA	NA	PF07379;TIGR01708;K02457;COG4970	type II secretion system protein H
JPYC01000667.1_6	5931	7664	1734	1	0.618	11	GGA/GAG/AGG	GENOMAD.005978.CC	3.638e-08	59	0	0	0	1246	Caudoviricetes	T_virB11	NA	PF00437;PF05810;K07332;TIGR03819;COG4962	helicase/secretion neighborhood ATPase
JPYC01000668.1_1	1	171	171	1	0.567	11	None	NA	NA	NA	0	0	0	1	NA	NA	NA	NA	NA
JPYC01000668.1_2	175	663	489	1	0.573	11	AGGAG	NA	NA	NA	0	0	0	1	NA	NA	NA	NA	NA
JPYC01000668.1_3	660	2303	1644	1	0.583	11	GGAGG	NA	NA	NA	0	0	0	1	NA	NA	NA	NA	NA
JPYC01000668.1_4	2389	3246	858	-1	0.627	11	GGA/GAG/AGG	NA	NA	NA	0	0	0	1	NA	NA	NA	NA	NA
JPYC01000668.1_5	3243	3554	312	-1	0.612	11	None	NA	NA	NA	0	0	0	1	NA	NA	NA	NA	NA
JPYC01000067.1_1	322	528	207	1	0.652	11	None	NA	NA	NA	0	0	0	1	NA	NA	NA	NA	NA
JPYC01000067.1_2	515	1594	1080	1	0.697	11	None	NA	NA	NA	0	0	0	1	NA	NA	NA	NA	NA
JPYC01000067.1_3	1799	2359	561	-1	0.610	11	AGGAG	NA	NA	NA	0	0	0	1	NA	NA	NA	NA	NA
JPYC01000067.1_4	3131	3424	294	1	0.476	11	AGGAG	NA	NA	NA	0	0	0	1	NA	NA	NA	NA	NA
JPYC01000067.1_5	3441	4373	933	1	0.553	11	AGGAG	NA	NA	NA	0	0	0	1	NA	NA	NA	NA	NA
JPYC01000067.1_6	5068	6687	1620	1	0.672	11	AGGA	GENOMAD.168505.CP	8.988e-64	232	0	0	0	1	NA	NA	NA	K03930	NA
JPYC01000067.1_7	6791	7189	399	-1	0.652	11	GGA/GAG/AGG	NA	NA	NA	0	0	0	1	NA	NA	NA	NA	NA
JPYC01000067.1_8	7486	7941	456	1	0.682	11	AGGAG	NA	NA	NA	0	0	0	1	NA	NA	NA	NA	NA
JPYC01000067.1_9	7970	8281	312	-1	0.641	11	GGAG/GAGG	NA	NA	NA	0	0	0	1	NA	NA	NA	NA	NA
JPYC01000067.1_10	8369	8638	270	1	0.541	11	GGA/GAG/AGG	NA	NA	NA	0	0	0	1	NA	NA	NA	NA	NA
JPYC01000067.1_11	8669	9559	891	-1	0.671	11	None	NA	NA	NA	0	0	0	1	NA	NA	NA	NA	NA
JPYC01000067.1_12	9898	11475	1578	1	0.650	11	AGGA	GENOMAD.018752.CC	2.222e-23	108	0	0	0	1	NA	NA	NA	NA	NA
JPYC01000067.1_13	11828	12415	588	1	0.578	11	GGA/GAG/AGG	GENOMAD.056257.PP	5.817e-22	96	0	0	0	1	NA	NA	NA	PF03510;TIGR02037	periplasmic serine protease, Do/DeqQ family
JPYC01000067.1_14	13145	13387	243	1	0.634	11	GGxGG	NA	NA	NA	0	0	0	1	NA	NA	NA	NA	NA
JPYC01000067.1_15	14042	15394	1353	1	0.508	11	None	NA	NA	NA	0	0	0	1	NA	NA	NA	NA	NA
JPYC01000067.1_16	15412	15708	297	1	0.475	11	AGGA	NA	NA	NA	0	0	0	1	NA	NA	NA	NA	NA
JPYC01000669.1_1	1	501	501	-1	0.657	11	None	GENOMAD.121392.CP	1.472e-27	111	0	0	0	1	NA	NA	NA	K07290;COG2982	Uncharacterized protein involved in outer membrane biogenesis
JPYC01000670.1_1	2	232	231	1	0.680	11	None	NA	NA	NA	0	0	0	1	NA	NA	NA	NA	NA
JPYC01000671.1_1	2	1141	1140	-1	0.645	11	None	NA	NA	NA	0	0	0	1	NA	NA	NA	NA	NA
JPYC01000672.1_1	3	278	276	-1	0.601	11	None	NA	NA	NA	0	0	0	1	NA	NA	NA	NA	NA
JPYC01000672.1_2	414	2411	1998	-1	0.655	11	GGA/GAG/AGG	NA	NA	NA	0	0	0	1	NA	NA	NA	NA	NA
JPYC01000672.1_3	2536	2901	366	1	0.639	11	GGA/GAG/AGG	NA	NA	NA	0	0	0	1	NA	NA	NA	NA	NA
JPYC01000672.1_4	2891	3349	459	1	0.651	11	AGGAG	NA	NA	NA	0	0	0	1	NA	NA	NA	NA	NA
JPYC01000672.1_5	3368	4183	816	1	0.659	11	None	GENOMAD.136404.CP	7.259e-09	59	0	0	0	1	NA	NA	NA	PF03544;TIGR01352	TonB family C-terminal domain
JPYC01000673.1_1	2	538	537	-1	0.685	11	None	NA	NA	NA	0	0	0	1	NA	NA	NA	NA	NA
JPYC01000674.1_1	2	541	540	1	0.650	11	None	GENOMAD.152541.CP	6.824e-06	48	0	0	0	1246	Caudoviricetes	NA	NA	PF03971;TIGR00178;COG2838;K00031	Monomeric isocitrate dehydrogenase
JPYC01000675.1_1	3	86	84	1	0.714	11	None	NA	NA	NA	0	0	0	1	NA	NA	NA	NA	NA
JPYC01000675.1_2	83	448	366	1	0.661	11	GGxGG	GENOMAD.146284.CP	3.531e-48	168	0	0	0	1	NA	NA	NA	PF02627;TIGR04169;COG0599	alkylhydroperoxidase/carboxymuconolactone decarboxylase family protein
JPYC01000676.1_1	2	289	288	1	0.639	11	None	NA	NA	NA	0	0	0	1	NA	NA	NA	NA	NA
JPYC01000677.1_1	2	967	966	-1	0.693	11	GGAG/GAGG	GENOMAD.028689.CC	4.79e-55	198	0	0	0	1	NA	NA	NA	PF07759	NA
JPYC01000677.1_2	1472	3247	1776	1	0.682	11	None	NA	NA	NA	0	0	0	1	NA	NA	NA	NA	NA
JPYC01000678.1_1	18	2384	2367	-1	0.659	11	None	NA	NA	NA	0	0	0	1	NA	NA	NA	NA	NA
JPYC01000068.1_1	540	1256	717	-1	0.646	11	None	GENOMAD.138359.CP	7.894e-06	49	0	0	0	1	NA	NA	NA	PF12833;K13631;COG2207	AraC-type DNA-binding domain and AraC-containing proteins
JPYC01000068.1_2	1417	2355	939	1	0.699	11	GGAG/GAGG	NA	NA	NA	0	0	0	1	NA	NA	NA	NA	NA
JPYC01000068.1_3	2355	3632	1278	1	0.719	11	None	NA	NA	NA	0	0	0	1	NA	NA	NA	NA	NA
JPYC01000068.1_4	3629	3874	246	1	0.699	11	AGGAG	GENOMAD.160289.CP	3.711e-21	88	0	0	0	1	NA	NA	NA	PF13510;K22550;COG3383;TIGR01973	Predicted molibdopterin-dependent oxidoreductase YjgC
JPYC01000068.1_5	3867	5180	1314	1	0.705	11	GGA/GAG/AGG	GENOMAD.133542.CP	4.357e-42	164	0	0	0	1	NA	NA	NA	PF01134;PF17806;K24954;COG1251;TIGR01372	NAD(P)H-nitrite reductase, large subunit
JPYC01000068.1_6	5177	6085	909	1	0.671	11	GGA/GAG/AGG	NA	NA	NA	0	0	0	1	NA	NA	NA	NA	NA
JPYC01000068.1_7	6296	7912	1617	1	0.695	11	GGA/GAG/AGG	GENOMAD.168696.PC	1.327e-76	270	0	0	0	1	NA	NA	NA	PF07368;TIGR00407;COG0014;K18601	gamma-glutamyl phosphate reductase
JPYC01000068.1_8	7909	9108	1200	1	0.672	11	GGAG/GAGG	GENOMAD.128896.CP	9.403e-09	60	0	0	0	1	NA	NA	NA	PF00557;COG0006;K01271;TIGR02993	Xaa-Pro aminopeptidase
JPYC01000068.1_9	9224	11041	1818	1	0.640	11	GGAG/GAGG	GENOMAD.142795.CP	8.882e-05	48	0	0	0	1	NA	NA	NA	PF05960;COG4805	Bacterial protein of unknown function (DUF885)
JPYC01000068.1_10	11038	12903	1866	1	0.648	11	GGAGG	GENOMAD.142795.CP	2.012e-08	60	0	0	0	1	NA	NA	NA	PF05960;COG4805	Bacterial protein of unknown function (DUF885)
JPYC01000068.1_11	12966	14552	1587	1	0.645	11	None	NA	NA	NA	0	0	0	1	NA	NA	NA	NA	NA
JPYC01000068.1_12	14542	16881	2340	1	0.656	11	GGAGG	GENOMAD.124454.CP	2.884e-223	709	0	0	0	1	NA	NA	NA	K01278;COG1770	Protease II
JPYC01000068.1_13	16878	18512	1635	1	0.654	11	GGAGG	GENOMAD.208849.PC	6.613e-96	327	0	0	0	1	NA	NA	NA	PF18120;PF01301;K12308;COG1874;TIGR03356	Glycosyl hydrolases family 35
JPYC01000068.1_14	18603	18899	297	1	0.643	11	GGAG/GAGG	GENOMAD.029425.CC	7.774e-06	45	0	0	0	1	NA	NA	NA	NA	NA
JPYC01000068.1_15	19196	20767	1572	-1	0.660	11	AGGA/GGAG/GAGG	NA	NA	NA	0	0	0	1	NA	NA	NA	NA	NA
JPYC01000068.1_16	21239	23596	2358	1	0.665	11	GGAG/GAGG	GENOMAD.216233.CP	0.0	1257	0	0	0	1	NA	NA	NA	PF12899;COG3387	Alkaline and neutral invertase
JPYC01000068.1_17	24077	26893	2817	1	0.643	11	AGGA	NA	NA	NA	0	0	0	1	NA	NA	NA	NA	NA
JPYC01000068.1_18	27293	31651	4359	1	0.661	11	GGA/GAG/AGG	GENOMAD.182959.CP	1.818e-300	965	0	0	0	1	NA	NA	NA	K18206	NA
JPYC01000068.1_19	31648	33234	1587	1	0.657	11	GGA/GAG/AGG	GENOMAD.151274.CP	2.289e-29	127	0	0	0	1246	Caudoviricetes	NA	NA	K15921;COG3940	Beta-xylosidase, GH43 family
JPYC01000068.1_20	33578	34267	690	-1	0.668	11	GGxGG	NA	NA	NA	0	0	0	1	NA	NA	NA	NA	NA
JPYC01000068.1_21	34284	35921	1638	1	0.649	11	None	GENOMAD.124454.CP	2.45e-196	619	0	0	0	1	NA	NA	NA	K01278;COG1770	Protease II
JPYC01000068.1_22	36380	39274	2895	1	0.622	11	AGGAG	NA	NA	NA	0	0	0	1	NA	NA	NA	NA	NA
JPYC01000068.1_23	39419	39745	327	1	0.685	11	GGA/GAG/AGG	NA	NA	NA	0	0	0	1	NA	NA	NA	NA	NA
JPYC01000679.1_1	3	2948	2946	1	0.637	11	None	NA	NA	NA	0	0	0	1	NA	NA	NA	NA	NA
JPYC01000679.1_2	3289	3789	501	1	0.629	11	AGGA/GGAG/GAGG	NA	NA	NA	0	0	0	1	NA	NA	NA	NA	NA
JPYC01000679.1_3	4379	6886	2508	1	0.667	11	GGAG/GAGG	GENOMAD.115168.CP	1.649e-05	51	0	0	0	1	NA	NA	NA	PF00696;K00928;TIGR00657;COG0527	aspartate kinase
JPYC01000680.1_1	1	249	249	-1	0.635	11	None	NA	NA	NA	0	0	0	1	NA	NA	NA	NA	NA
JPYC01000680.1_2	624	1559	936	1	0.652	11	GGA/GAG/AGG	NA	NA	NA	0	0	0	1	NA	NA	NA	NA	NA
JPYC01000680.1_3	1942	2913	972	-1	0.621	11	None	NA	NA	NA	0	0	0	1	NA	NA	NA	NA	NA
JPYC01000681.1_1	2	823	822	1	0.668	11	None	NA	NA	NA	0	0	0	1	NA	NA	NA	NA	NA
JPYC01000681.1_2	959	1267	309	-1	0.683	11	None	NA	NA	NA	0	0	0	1	NA	NA	NA	NA	NA
JPYC01000681.1_3	1275	2141	867	-1	0.687	11	None	NA	NA	NA	0	0	0	1	NA	NA	NA	NA	NA
JPYC01000681.1_4	2138	3103	966	-1	0.683	11	None	NA	NA	NA	0	0	0	1	NA	NA	NA	NA	NA
JPYC01000681.1_5	3257	4165	909	1	0.690	11	GGAG/GAGG	GENOMAD.142547.CP	4.531e-24	106	0	0	0	1	NA	NA	NA	PF04366;COG2930	Lipid-binding SYLF domain
JPYC01000681.1_6	4238	4465	228	1	0.649	11	GGA/GAG/AGG	NA	NA	NA	0	0	0	1	NA	NA	NA	NA	NA
JPYC01000681.1_7	4481	5107	627	1	0.670	11	GGAG/GAGG	GENOMAD.134269.CP	1.287e-38	145	0	0	0	1	NA	NA	NA	PF02416;K03117;COG1826	Sec-independent protein translocase protein TatA
JPYC01000681.1_8	5104	5841	738	1	0.633	11	AGGAG	NA	NA	NA	0	0	0	1	NA	NA	NA	NA	NA
JPYC01000681.1_9	6026	6925	900	-1	0.672	11	GGA/GAG/AGG	GENOMAD.024576.CC	7.135e-126	402	0	0	0	1	NA	NA	NA	COG5473	NA
JPYC01000681.1_10	6985	7737	753	-1	0.696	11	GGA/GAG/AGG	GENOMAD.159640.CP	5.787e-10	62	0	0	0	1	NA	NA	NA	PF04204;TIGR01001;K22314;COG0518	Homoserine O-succinyltransferase
JPYC01000681.1_11	8708	10009	1302	1	0.649	11	None	NA	NA	NA	0	0	0	1	NA	NA	NA	NA	NA
JPYC01000681.1_12	10055	11308	1254	1	0.677	11	None	NA	NA	NA	0	0	0	1	NA	NA	NA	NA	NA
JPYC01000682.1_1	3	1727	1725	1	0.680	11	None	GENOMAD.194931.PC	2.931e-83	291	0	0	0	1	NA	NA	NA	PF05420	Cellulose synthase operon protein C C-terminus (BCSC_C)
JPYC01000682.1_2	1959	3239	1281	-1	0.665	11	None	NA	NA	NA	0	0	0	1	NA	NA	NA	NA	NA
JPYC01000683.1_1	3	935	933	-1	0.690	11	GGAG/GAGG	GENOMAD.169710.PC	5.064e-31	127	0	0	0	1	NA	NA	NA	PF08521	Two-component sensor kinase N-terminal
JPYC01000683.1_2	928	1647	720	-1	0.653	11	None	NA	NA	NA	0	0	0	1	NA	NA	NA	NA	NA
JPYC01000684.1_1	1	1194	1194	-1	0.609	11	GGA/GAG/AGG	NA	NA	NA	0	0	0	1	NA	NA	NA	NA	NA
JPYC01000684.1_2	1250	2551	1302	-1	0.626	11	AGGAG	NA	NA	NA	0	0	0	1	NA	NA	NA	NA	NA
JPYC01000684.1_3	2563	3282	720	-1	0.647	11	AGGA	NA	NA	NA	0	0	0	1	NA	NA	NA	NA	NA
JPYC01000684.1_4	3331	4431	1101	-1	0.690	11	None	GENOMAD.141361.CP	3.053e-61	218	0	0	0	1	NA	NA	NA	PF12700;TIGR01730;K02005;COG0845	HlyD family secretion protein
JPYC01000685.1_1	318	2393	2076	1	0.683	11	None	NA	NA	NA	0	0	0	1	NA	NA	NA	NA	NA
JPYC01000686.1_1	2	712	711	1	0.647	11	None	NA	NA	NA	0	0	0	1	NA	NA	NA	NA	NA
JPYC01000686.1_2	864	1493	630	1	0.619	11	GGA/GAG/AGG	NA	NA	NA	0	0	0	1	NA	NA	NA	NA	NA
JPYC01000686.1_3	1826	2692	867	1	0.636	11	None	NA	NA	NA	0	0	0	1	NA	NA	NA	NA	NA
JPYC01000686.1_4	2689	3129	441	1	0.689	11	GGA/GAG/AGG	NA	NA	NA	0	0	0	1	NA	NA	NA	NA	NA
JPYC01000686.1_5	3126	3557	432	1	0.671	11	GGAG/GAGG	GENOMAD.151842.CP	2.697e-08	54	0	0	0	1	NA	NA	NA	PF20398;COG2391	Sulphur transport
JPYC01000686.1_6	3554	3994	441	1	0.630	11	GGA/GAG/AGG	GENOMAD.179551.PC	1.548e-17	81	0	0	0	1	NA	NA	NA	PF04273;TIGR01244;COG3453	TIGR01244 family protein
JPYC01000686.1_7	4004	4654	651	1	0.624	11	GGA/GAG/AGG	NA	NA	NA	0	0	0	1	NA	NA	NA	NA	NA
JPYC01000686.1_8	5120	6397	1278	-1	0.620	11	None	NA	NA	NA	0	0	0	1	NA	NA	NA	NA	NA
JPYC01000687.1_1	3	1517	1515	1	0.670	11	None	NA	NA	NA	0	0	0	1	NA	NA	NA	NA	NA
JPYC01000687.1_2	1612	4008	2397	-1	0.637	11	None	GENOMAD.178294.CP	1.376e-133	448	0	0	0	1	NA	NA	NA	PF15979;PF17829;COG3661	Glycosyl hydrolase family 115; Gylcosyl hydrolase family 115 C-terminal domain
JPYC01000069.1_1	2	232	231	-1	0.645	11	GGAG/GAGG	GENOMAD.117306.PV	1.165e-30	115	0	1	0	1	NA	NA	NA	PF11740	Plasmid replication region DNA-binding N-term
JPYC01000689.1_1	872	1024	153	1	0.542	11	GGAGG	NA	NA	NA	0	0	0	1	NA	NA	NA	NA	NA
JPYC01000689.1_2	1316	1600	285	1	0.547	11	AGGAG	GENOMAD.110984.CP	1.873e-18	81	0	0	0	1	NA	NA	NA	NA	NA
JPYC01000690.1_1	2	280	279	1	0.677	11	None	NA	NA	NA	0	0	0	1	NA	NA	NA	NA	NA
JPYC01000690.1_2	662	2458	1797	1	0.659	11	None	NA	NA	NA	0	0	0	1	NA	NA	NA	NA	NA
JPYC01000690.1_3	2597	3028	432	1	0.644	11	GGA/GAG/AGG	NA	NA	NA	0	0	0	1	NA	NA	NA	NA	NA
JPYC01000691.1_1	1	768	768	1	0.703	11	None	GENOMAD.129179.CP	1.534e-95	312	0	0	0	1	NA	NA	NA	PF01584;K03415;COG0835	CheW-like domain
JPYC01000691.1_2	871	1179	309	1	0.615	11	GGAG/GAGG	GENOMAD.018319.CC	8.308e-46	160	0	0	0	1	NA	NA	NA	PF13466;K07122;COG3113;TIGR00377	ABC-type transporter Mla maintaining outer membrane lipid asymmetry, MlaB component, contains STAS domain
JPYC01000691.1_3	1176	1541	366	1	0.626	11	GGAG/GAGG	NA	NA	NA	0	0	0	1	NA	NA	NA	NA	NA
JPYC01000691.1_4	1575	2474	900	1	0.671	11	GGA/GAG/AGG	GENOMAD.119270.CP	1.612e-14	77	0	0	0	1	NA	NA	NA	PF01627;K11526;COG0643	Chemotaxis protein histidine kinase CheA
JPYC01000692.1_1	1	2409	2409	1	0.697	11	None	GENOMAD.147962.CP	0.0	1170	0	0	0	1	NA	NA	NA	PF04257;PF17946;PF13361;K03583;COG1330;TIGR01450	Exonuclease V gamma subunit
JPYC01000692.1_2	2406	2750	345	1	0.704	11	AGGAG	NA	NA	NA	0	0	0	1	NA	NA	NA	NA	NA
JPYC01000693.1_1	1	402	402	1	0.679	11	None	GENOMAD.003735.CC	3.796e-10	59	0	0	0	1	NA	NA	NA	PF06258;K07276;COG3660;TIGR00215	Mitochondrial fission ELM1
JPYC01000693.1_2	445	1314	870	1	0.636	11	AGGA	GENOMAD.037271.CC	6.196e-06	50	0	0	0	1	NA	NA	NA	COG4727	NA
JPYC01000693.1_3	1311	1820	510	1	0.655	11	GGAG/GAGG	NA	NA	NA	0	0	0	1	NA	NA	NA	NA	NA
JPYC01000693.1_4	1929	2366	438	-1	0.674	11	None	NA	NA	NA	0	0	0	1	NA	NA	NA	NA	NA
JPYC01000694.1_1	3	224	222	1	0.653	11	None	NA	NA	NA	0	0	0	1	NA	NA	NA	NA	NA
JPYC01000695.1_1	2	436	435	1	0.664	11	None	GENOMAD.119486.CP	1.089e-29	116	0	0	0	1	NA	NA	NA	NA	NA
JPYC01000695.1_2	504	1151	648	1	0.625	11	None	GENOMAD.120765.CP	2.267e-22	98	0	0	0	1	NA	NA	NA	PF00694;K01704;COG0066;TIGR00171	3-isopropylmalate dehydratase small subunit
JPYC01000695.1_3	1242	2315	1074	1	0.639	11	GGAG/GAGG	NA	NA	NA	0	0	0	1	NA	NA	NA	NA	NA
JPYC01000695.1_4	2660	4222	1563	-1	0.641	11	AGGAG	GENOMAD.126256.CP	9.039e-10	64	0	0	0	1	NA	NA	NA	PF00682;TIGR00970;COG0119;K15742	2-isopropylmalate synthase, yeast type
JPYC01000695.1_5	4219	5289	1071	-1	0.681	11	GGAG/GAGG	GENOMAD.178810.CP	4.65e-06	51	0	0	0	1	NA	NA	NA	PF19465;PF00135;K01753;TIGR02035;COG3048	D-serine ammonia-lyase
JPYC01000695.1_6	5413	5571	159	-1	0.654	11	None	GENOMAD.177562.CP	2.202e-20	84	0	0	0	1	NA	NA	NA	PF13291;K11258;TIGR00119;COG0440	acetolactate synthase, small subunit
JPYC01000696.1_1	3	305	303	1	0.660	11	None	NA	NA	NA	0	0	0	1	NA	NA	NA	NA	NA
JPYC01000697.1_1	1	369	369	1	0.680	11	None	NA	NA	NA	0	0	0	1	NA	NA	NA	NA	NA
JPYC01000698.1_1	2	1171	1170	1	0.651	11	None	NA	NA	NA	0	0	0	1	NA	NA	NA	NA	NA
JPYC01000698.1_2	1446	2423	978	-1	0.648	11	GGA/GAG/AGG	NA	NA	NA	0	0	0	1	NA	NA	NA	NA	NA
JPYC01000698.1_3	2704	3120	417	1	0.535	11	AGxAGG/AGGxGG	NA	NA	NA	0	0	0	1	NA	NA	NA	NA	NA
JPYC01000007.1_1	1	510	510	-1	0.653	11	GGA/GAG/AGG	NA	NA	NA	0	0	0	1	NA	NA	NA	NA	NA
JPYC01000007.1_2	510	1103	594	-1	0.673	11	AGGAG	NA	NA	NA	0	0	0	1	NA	NA	NA	NA	NA
JPYC01000007.1_3	1383	3260	1878	-1	0.654	11	AGGAG	GENOMAD.151024.CP	1.672e-07	57	0	0	0	1	NA	NA	NA	PF14905;PF07715;TIGR01779;K16092;COG4206	TonB-dependent vitamin B12 receptor
JPYC01000007.1_4	3744	6329	2586	-1	0.646	11	GGAG/GAGG	GENOMAD.046845.VV	2.373e-24	113	0	0	0	1246	Caudoviricetes	NA	NA	PF10431	NA
JPYC01000007.1_5	6399	7277	879	-1	0.700	11	None	NA	NA	NA	0	0	0	1	NA	NA	NA	NA	NA
JPYC01000007.1_6	7301	7627	327	1	0.648	11	None	NA	NA	NA	0	0	0	1	NA	NA	NA	NA	NA
JPYC01000007.1_7	7672	8379	708	1	0.612	11	GGAG/GAGG	NA	NA	NA	0	0	0	1	NA	NA	NA	NA	NA
JPYC01000070.1_1	2	1789	1788	1	0.667	11	None	NA	NA	NA	0	0	0	1	NA	NA	NA	NA	NA
JPYC01000699.1_1	2	250	249	1	0.627	11	None	NA	NA	NA	0	0	0	1	NA	NA	NA	NA	NA
JPYC01000699.1_2	250	732	483	1	0.710	11	None	NA	NA	NA	0	0	0	1	NA	NA	NA	NA	NA
JPYC01000700.1_1	72	1172	1101	1	0.632	11	GGA/GAG/AGG	NA	NA	NA	0	0	0	1	NA	NA	NA	NA	NA
JPYC01000701.1_1	2	316	315	1	0.714	11	None	NA	NA	NA	0	0	0	1	NA	NA	NA	NA	NA
JPYC01000701.1_2	316	534	219	1	0.703	11	GGAG/GAGG	NA	NA	NA	0	0	0	1	NA	NA	NA	NA	NA
JPYC01000702.1_1	3	839	837	-1	0.664	11	None	NA	NA	NA	0	0	0	1	NA	NA	NA	NA	NA
JPYC01000703.1_1	1	1320	1320	1	0.678	11	None	NA	NA	NA	0	0	0	1	NA	NA	NA	NA	NA
JPYC01000704.1_1	3	89	87	-1	0.644	11	AGGAGG	NA	NA	NA	0	0	0	1	NA	NA	NA	NA	NA
JPYC01000704.1_2	248	1582	1335	1	0.659	11	None	NA	NA	NA	0	0	0	1	NA	NA	NA	NA	NA
JPYC01000704.1_3	1662	2159	498	1	0.594	11	None	NA	NA	NA	0	0	0	1	NA	NA	NA	NA	NA
JPYC01000704.1_4	2385	3068	684	1	0.675	11	None	GENOMAD.153561.CP	1.556e-06	51	0	0	0	1	NA	NA	NA	PF13743;COG2761;K07396	Predicted dithiol-disulfide isomerase, DsbA family
JPYC01000704.1_5	3085	4080	996	1	0.680	11	None	GENOMAD.148271.CP	7.849e-11	66	0	0	0	1	NA	NA	NA	PF13454;K18208;COG3380;TIGR00031	Predicted NAD/FAD-dependent oxidoreductase
JPYC01000704.1_6	4204	5838	1635	1	0.651	11	GGA/GAG/AGG	NA	NA	NA	0	0	0	1	NA	NA	NA	NA	NA
JPYC01000704.1_7	5954	6958	1005	1	0.692	11	GGAG/GAGG	GENOMAD.125846.CP	1.772e-35	141	0	0	0	1	NA	NA	NA	PF00933;K01207;COG1472	Periplasmic beta-glucosidase and related glycosidases
JPYC01000704.1_8	6958	7512	555	1	0.665	11	GGA/GAG/AGG	NA	NA	NA	0	0	0	1	NA	NA	NA	NA	NA
JPYC01000704.1_9	7600	8352	753	1	0.651	11	GGAG/GAGG	NA	NA	NA	0	0	0	1	NA	NA	NA	NA	NA
JPYC01000704.1_10	8440	8646	207	1	0.609	11	GGA/GAG/AGG	NA	NA	NA	0	0	0	1	NA	NA	NA	NA	NA
JPYC01000704.1_11	8741	9784	1044	1	0.668	11	AGxAGG/AGGxGG	NA	NA	NA	0	0	0	1	NA	NA	NA	NA	NA
JPYC01000704.1_12	9847	10011	165	1	0.709	11	None	NA	NA	NA	0	0	0	1	NA	NA	NA	NA	NA
JPYC01000704.1_13	10030	10680	651	-1	0.677	11	GGAG/GAGG	GENOMAD.130152.CP	1.974e-25	107	0	0	0	1	NA	NA	NA	PF00149;K06953;TIGR04123;COG1407	metallophosphoesterase, DNA ligase-associated
JPYC01000704.1_14	10670	13171	2502	-1	0.677	11	GGA/GAG/AGG	GENOMAD.133515.CP	6.164e-51	199	0	0	0	1	NA	NA	NA	PF19306	Helicase Lhr winged helix domain
JPYC01000704.1_15	13168	13239	72	-1	0.653	11	None	NA	NA	NA	0	0	0	1	NA	NA	NA	NA	NA
JPYC01000705.1_1	2	295	294	-1	0.497	11	GGA/GAG/AGG	NA	NA	NA	0	0	0	1	NA	NA	NA	NA	NA
JPYC01000705.1_2	428	682	255	1	0.467	11	GGA/GAG/AGG	NA	NA	NA	0	0	0	1	NA	NA	NA	NA	NA
JPYC01000705.1_3	855	1106	252	1	0.520	11	GGAG/GAGG	NA	NA	NA	0	0	0	1	NA	NA	NA	NA	NA
JPYC01000705.1_4	1172	1345	174	1	0.454	11	GGA/GAG/AGG	NA	NA	NA	0	0	0	1	NA	NA	NA	NA	NA
JPYC01000705.1_5	1571	1966	396	1	0.513	11	GGA/GAG/AGG	GENOMAD.116980.PP	4.93e-57	194	0	0	0	1	NA	NA	NA	COG2916;K11685	DNA-binding protein H-NS
JPYC01000705.1_6	2139	2363	225	1	0.560	11	None	NA	NA	NA	0	0	0	1	NA	NA	NA	NA	NA
JPYC01000705.1_7	2405	2830	426	-1	0.573	11	GGAG/GAGG	GENOMAD.219067.CP	1.082e-19	87	0	0	0	1	NA	NA	NA	PF02402;COG3065;TIGR00752	Starvation-inducible outer membrane lipoprotein
JPYC01000706.1_1	1	294	294	-1	0.684	11	None	NA	NA	NA	0	0	0	1	NA	NA	NA	NA	NA
JPYC01000707.1_1	190	2169	1980	1	0.636	11	GGA/GAG/AGG	NA	NA	NA	0	0	0	1	NA	NA	NA	NA	NA
JPYC01000707.1_2	2210	2419	210	1	0.657	11	AGGAG	NA	NA	NA	0	0	0	1	NA	NA	NA	NA	NA
JPYC01000708.1_1	3	362	360	1	0.614	11	None	NA	NA	NA	0	0	0	1	NA	NA	NA	NA	NA
JPYC01000708.1_2	356	856	501	-1	0.401	11	None	NA	NA	NA	0	0	0	1	NA	NA	NA	NA	NA
JPYC01000708.1_3	850	1425	576	-1	0.483	11	None	NA	NA	NA	0	0	0	1	NA	NA	NA	NA	NA
JPYC01000071.1_1	2	385	384	1	0.628	11	None	NA	NA	NA	0	0	0	1	NA	NA	NA	NA	NA
JPYC01000071.1_2	426	1493	1068	1	0.661	11	GGA/GAG/AGG	NA	NA	NA	0	0	0	1	NA	NA	NA	NA	NA
JPYC01000071.1_3	1500	2528	1029	1	0.678	11	GGA/GAG/AGG	NA	NA	NA	0	0	0	1	NA	NA	NA	NA	NA
JPYC01000071.1_4	2531	3685	1155	1	0.670	11	GGA/GAG/AGG	GENOMAD.126037.CP	1.732e-53	196	0	0	0	1	NA	NA	NA	PF12890;K01443;TIGR00221;COG1820	N-acetylglucosamine-6-phosphate deacetylase
JPYC01000071.1_5	4489	7158	2670	1	0.608	11	GGAG/GAGG	GENOMAD.152082.CP	6.461e-114	393	0	0	0	1	NA	NA	NA	PF00593;PF07715;PF00691;TIGR01782;COG4773;K16089	TonB-dependent receptor
JPYC01000071.1_6	7478	8710	1233	-1	0.663	11	None	NA	NA	NA	0	0	0	1	NA	NA	NA	NA	NA
JPYC01000071.1_7	8868	10538	1671	-1	0.649	11	AGGAG	NA	NA	NA	0	0	0	1	NA	NA	NA	NA	NA
JPYC01000071.1_8	10665	11900	1236	-1	0.655	11	None	GENOMAD.168696.PC	3.506e-07	55	0	0	0	1	NA	NA	NA	PF07368;TIGR00407;COG0014;K18601	gamma-glutamyl phosphate reductase
JPYC01000709.1_1	1	357	357	1	0.711	11	None	NA	NA	NA	0	0	0	1	NA	NA	NA	NA	NA
JPYC01000710.1_1	2	796	795	1	0.665	11	None	GENOMAD.104575.CP	1.657e-26	112	0	0	0	1246	Caudoviricetes	NA	NA	PF02873	UDP-N-acetylenolpyruvoylglucosamine reductase, C-terminal domain
JPYC01000710.1_2	832	1131	300	1	0.620	11	GGA/GAG/AGG	NA	NA	NA	0	0	0	1	NA	NA	NA	NA	NA
JPYC01000711.1_1	3	890	888	1	0.613	11	None	NA	NA	NA	0	0	0	1	NA	NA	NA	NA	NA
JPYC01000711.1_2	1126	1749	624	1	0.548	11	None	NA	NA	NA	0	0	0	1	NA	NA	NA	NA	NA
JPYC01000712.1_1	1	774	774	1	0.709	11	None	NA	NA	NA	0	0	0	1	NA	NA	NA	NA	NA
JPYC01000713.1_1	2	1057	1056	1	0.661	11	None	NA	NA	NA	0	0	0	1	NA	NA	NA	NA	NA
JPYC01000714.1_1	3	254	252	1	0.706	11	None	NA	NA	NA	0	0	0	1	NA	NA	NA	NA	NA
JPYC01000714.1_2	306	1178	873	1	0.627	11	None	NA	NA	NA	0	0	0	1	NA	NA	NA	NA	NA
JPYC01000715.1_1	204	1043	840	-1	0.651	11	None	NA	NA	NA	0	0	0	1	NA	NA	NA	NA	NA
JPYC01000716.1_1	56	382	327	-1	0.706	11	None	GENOMAD.159311.CP	1.141e-21	91	0	0	0	1	NA	NA	NA	PF01203;K02463;TIGR04411	Type II secretion system (T2SS), protein N
JPYC01000717.1_1	1	1302	1302	-1	0.683	11	GGAG/GAGG	GENOMAD.124511.CP	1.029e-24	111	0	0	0	1	NA	NA	NA	NA	NA
JPYC01000717.1_2	1505	1885	381	-1	0.648	11	GGAG/GAGG	GENOMAD.208772.PC	1.1e-21	92	0	1	0	1	NA	NA	NA	PF11720;PF04202;COG3895;TIGR02747	Peptidase inhibitor I78 family; Foot protein 3
JPYC01000717.1_3	1942	3219	1278	1	0.660	11	None	NA	NA	NA	0	0	0	1	NA	NA	NA	NA	NA
JPYC01000718.1_1	3	290	288	-1	0.639	11	None	NA	NA	NA	0	0	0	1	NA	NA	NA	NA	NA
JPYC01000072.1_1	1	1233	1233	1	0.673	11	None	GENOMAD.116686.CP	4.405e-48	181	0	0	0	1	NA	NA	NA	PF00198;K09699;TIGR01349;COG0508	pyruvate dehydrogenase complex dihydrolipoamide acetyltransferase, long form
JPYC01000072.1_2	1230	1877	648	1	0.691	11	None	NA	NA	NA	0	0	0	1	NA	NA	NA	NA	NA
JPYC01000072.1_3	1894	3717	1824	1	0.666	11	AGGAG	NA	NA	NA	0	0	0	1	NA	NA	NA	NA	NA
JPYC01000072.1_4	3759	4034	276	1	0.681	11	GGAGG	NA	NA	NA	0	0	0	1	NA	NA	NA	NA	NA
JPYC01000072.1_5	4173	4985	813	-1	0.625	11	GGAG/GAGG	GENOMAD.210099.CP	9.914e-143	449	0	0	0	1	NA	NA	NA	PF05150;TIGR04219;COG4571	outer membrane protein
JPYC01000072.1_6	5508	5873	366	1	0.642	11	GGA/GAG/AGG	GENOMAD.038505.CC	8.192e-31	118	0	0	0	1	NA	NA	NA	PF03899;COG3312	FoF1-type ATP synthase assembly protein I
JPYC01000072.1_7	5899	6699	801	1	0.602	11	GGA/GAG/AGG	NA	NA	NA	0	0	0	1	NA	NA	NA	NA	NA
JPYC01000072.1_8	6772	7074	303	1	0.660	11	GGAG/GAGG	GENOMAD.001872.CC	3.759e-06	46	0	0	0	1	NA	NA	NA	PF00137;TIGR03322;COG0636	alternate F1F0 ATPase, F0 subunit C
JPYC01000072.1_9	7189	7659	471	1	0.618	11	GGA/GAG/AGG	GENOMAD.089560.CV	2.408e-43	156	0	0	0	1	NA	NA	NA	PF00430;TIGR03321;COG0711;K02109	alternate F1F0 ATPase, F0 subunit B
JPYC01000072.1_10	7663	8190	528	1	0.676	11	GGAG/GAGG	GENOMAD.066577.CV	1.691e-81	267	0	0	0	1	NA	NA	NA	PF00213;K02113;COG0712;TIGR01145	FoF1-type ATP synthase, delta subunit
JPYC01000072.1_11	8238	9785	1548	1	0.649	11	AGGA	NA	NA	NA	0	0	0	1	NA	NA	NA	NA	NA
JPYC01000072.1_12	9983	10846	864	1	0.616	11	GGA/GAG/AGG	NA	NA	NA	0	0	0	1	NA	NA	NA	NA	NA
JPYC01000072.1_13	10989	12395	1407	1	0.642	11	GGAG/GAGG	NA	NA	NA	0	0	0	1	NA	NA	NA	NA	NA
JPYC01000072.1_14	12539	12961	423	1	0.650	11	GGA/GAG/AGG	NA	NA	NA	0	0	0	1	NA	NA	NA	NA	NA
JPYC01000072.1_15	13201	13770	570	1	0.684	11	GGAG/GAGG	GENOMAD.196537.PC	1.269e-18	86	0	0	0	1	NA	NA	NA	PF01817;TIGR01806;COG1605	chorismate mutase, putative
JPYC01000072.1_16	14287	14670	384	-1	0.654	11	None	NA	NA	NA	0	0	0	1	NA	NA	NA	NA	NA
JPYC01000072.1_17	14815	16179	1365	1	0.654	11	GGA/GAG/AGG	NA	NA	NA	0	0	0	1	NA	NA	NA	NA	NA
JPYC01000719.1_1	2	223	222	1	0.676	11	None	NA	NA	NA	0	0	0	1	NA	NA	NA	NA	NA
JPYC01000720.1_1	3	338	336	-1	0.688	11	GGAGG	NA	NA	NA	0	0	0	1	NA	NA	NA	NA	NA
JPYC01000720.1_2	323	694	372	-1	0.677	11	None	NA	NA	NA	0	0	0	1	NA	NA	NA	NA	NA
JPYC01000721.1_1	1	276	276	1	0.554	11	None	NA	NA	NA	0	0	0	1	NA	NA	NA	NA	NA
JPYC01000722.1_1	1	270	270	1	0.652	11	None	NA	NA	NA	0	0	0	1	NA	NA	NA	NA	NA
JPYC01000723.1_1	3	329	327	1	0.679	11	None	NA	NA	NA	0	0	0	1	NA	NA	NA	NA	NA
JPYC01000724.1_1	1	1935	1935	1	0.642	11	None	NA	NA	NA	0	0	0	1	NA	NA	NA	NA	NA
JPYC01000724.1_2	2286	2759	474	1	0.643	11	AGGAGG	GENOMAD.182887.VC	5.849e-76	250	0	0	0	1	NA	NA	NA	NA	NA
JPYC01000724.1_3	2993	4132	1140	1	0.618	11	GGA/GAG/AGG	NA	NA	NA	0	0	0	1	NA	NA	NA	NA	NA
JPYC01000725.1_1	3	269	267	1	0.618	11	None	NA	NA	NA	0	0	0	1	NA	NA	NA	NA	NA
JPYC01000726.1_1	3	656	654	1	0.682	11	None	NA	NA	NA	0	0	0	1	NA	NA	NA	NA	NA
JPYC01000727.1_1	2	346	345	1	0.672	11	None	NA	NA	NA	0	0	0	1	NA	NA	NA	NA	NA
JPYC01000727.1_2	346	1662	1317	1	0.704	11	None	NA	NA	NA	0	0	0	1	NA	NA	NA	NA	NA
JPYC01000727.1_3	1747	3045	1299	1	0.636	11	None	NA	NA	NA	0	0	0	1	NA	NA	NA	NA	NA
JPYC01000727.1_4	3175	3636	462	1	0.604	11	GGA/GAG/AGG	NA	NA	NA	0	0	0	1	NA	NA	NA	NA	NA
JPYC01000727.1_5	3753	5033	1281	-1	0.660	11	GGA/GAG/AGG	NA	NA	NA	0	0	0	1	NA	NA	NA	NA	NA
JPYC01000727.1_6	5338	5646	309	-1	0.680	11	None	NA	NA	NA	0	0	0	1	NA	NA	NA	NA	NA
JPYC01000727.1_7	5606	7954	2349	-1	0.653	11	GGAG/GAGG	NA	NA	NA	0	0	0	1	NA	NA	NA	NA	NA
JPYC01000727.1_8	7951	8796	846	-1	0.662	11	GGA/GAG/AGG	GENOMAD.151402.CP	1.314e-18	89	0	0	0	1	NA	NA	NA	PF02634;K18360;COG1526;TIGR00129	Formate dehydrogenase assembly factor FdhD
JPYC01000727.1_9	8803	10482	1680	-1	0.655	11	GGA/GAG/AGG	NA	NA	NA	0	0	0	1	NA	NA	NA	NA	NA
JPYC01000727.1_10	11011	12006	996	1	0.668	11	GGAG/GAGG	NA	NA	NA	0	0	0	1	NA	NA	NA	NA	NA
JPYC01000728.1_1	3	488	486	1	0.656	11	None	NA	NA	NA	0	0	0	1	NA	NA	NA	NA	NA
JPYC01000073.1_1	2	790	789	1	0.696	11	None	NA	NA	NA	0	0	0	1	NA	NA	NA	NA	NA
JPYC01000073.1_2	857	2815	1959	1	0.631	11	GGAG/GAGG	GENOMAD.129013.CP	0.0001978	47	0	0	0	1	NA	NA	NA	PF00326;PF00930;K01278;COG1770;TIGR02821	Prolyl oligopeptidase family; Dipeptidyl peptidase IV (DPP IV) N-terminal region
JPYC01000073.1_3	3025	3807	783	1	0.664	11	GGAG/GAGG	GENOMAD.090871.CV	0.0003844	44	0	0	0	1246	Caudoviricetes	NA	NA	PF12917;COG3294;TIGR00488;K06951	Metal-dependent phosphatase/phosphodiesterase, HD supefamily
JPYC01000729.1_1	2	343	342	1	0.722	11	None	NA	NA	NA	0	0	0	1	NA	NA	NA	NA	NA
JPYC01000729.1_2	405	1865	1461	1	0.639	11	AGGA/GGAG/GAGG	GENOMAD.026404.VV	2.736e-42	166	0	0	0	1246	Caudoviricetes	NA	NA	PF00521;PF00986;K02469;TIGR01063;COG0188	DNA gyrase, A subunit
JPYC01000730.1_1	3	359	357	1	0.681	11	None	GENOMAD.116589.CP	1.844e-29	114	0	0	0	1	NA	NA	NA	NA	NA
JPYC01000731.1_1	1	108	108	1	0.667	11	None	NA	NA	NA	0	0	0	1	NA	NA	NA	NA	NA
JPYC01000732.1_1	2	184	183	1	0.634	11	None	NA	NA	NA	0	0	0	1	NA	NA	NA	NA	NA
JPYC01000732.1_2	339	1136	798	-1	0.665	11	None	NA	NA	NA	0	0	0	1	NA	NA	NA	NA	NA
JPYC01000733.1_1	1	555	555	-1	0.622	11	None	GENOMAD.137861.CP	0.0001587	44	0	0	0	1	NA	NA	NA	PF13022;K18905;TIGR03968;COG3226	mycofactocin system transcriptional regulator
JPYC01000734.1_1	87	656	570	1	0.637	11	None	NA	NA	NA	0	0	0	1	NA	NA	NA	NA	NA
JPYC01000734.1_2	689	1030	342	1	0.658	11	GGAGG	GENOMAD.038006.CC	5.703e-39	141	0	0	0	1	NA	NA	NA	PF19581;K06996;TIGR00068;COG3324	Glyoxalase superfamily protein
JPYC01000734.1_3	1118	1396	279	1	0.613	11	GGA/GAG/AGG	NA	NA	NA	0	0	0	1	NA	NA	NA	NA	NA
JPYC01000734.1_4	1554	2519	966	-1	0.649	11	GGA/GAG/AGG	GENOMAD.145413.CP	1.65e-11	68	0	0	0	1	NA	NA	NA	PF13280;PF19187;K13572;COG2378;TIGR03985	Predicted DNA-binding transcriptional regulator YafY, contains an HTH and WYL domains
JPYC01000734.1_5	3088	3888	801	1	0.647	11	GGA/GAG/AGG	GENOMAD.179248.CP	3.083e-145	456	0	0	0	1	NA	NA	NA	PF04338;K07283;COG3137	Putative salt-induced outer membrane protein YdiY
JPYC01000735.1_1	233	526	294	-1	0.667	11	None	NA	NA	NA	0	0	0	1	NA	NA	NA	NA	NA
JPYC01000736.1_1	3	134	132	-1	0.667	11	GGA/GAG/AGG	NA	NA	NA	0	0	0	1	NA	NA	NA	NA	NA
JPYC01000736.1_2	131	1249	1119	-1	0.624	11	GGAG/GAGG	GENOMAD.215903.VC	2.473e-06	52	0	0	0	1	NA	NA	NA	PF10129;K13663;COG3594	OpgC protein
JPYC01000736.1_3	1246	2010	765	-1	0.584	11	None	NA	NA	NA	0	0	0	1	NA	NA	NA	NA	NA
JPYC01000737.1_1	2	199	198	1	0.677	11	None	NA	NA	NA	0	0	0	1	NA	NA	NA	NA	NA
JPYC01000738.1_1	2	586	585	-1	0.629	11	GGA/GAG/AGG	NA	NA	NA	0	0	0	1	NA	NA	NA	NA	NA
JPYC01000738.1_2	579	1040	462	-1	0.673	11	None	GENOMAD.091290.PP	7.334e-80	261	0	0	0	1	NA	NA	NA	NA	NA
JPYC01000738.1_3	1179	1664	486	-1	0.605	11	AGGAG	GENOMAD.000421.CC	1.476e-42	154	0	0	0	1	NA	NA	NA	PF04461;COG1666;K09767	Uncharacterized conserved protein YajQ, UPF0234 family
JPYC01000738.1_4	1772	2668	897	1	0.700	11	None	NA	NA	NA	0	0	0	1	NA	NA	NA	NA	NA
JPYC01000074.1_1	2	364	363	-1	0.683	11	None	GENOMAD.136831.CP	0.0003955	41	0	0	0	1	NA	NA	NA	PF01614;PF08279;K05818;COG1414;TIGR02431	DNA-binding transcriptional regulator, IclR family
JPYC01000739.1_1	3	227	225	1	0.716	11	None	NA	NA	NA	0	0	0	1	NA	NA	NA	NA	NA
JPYC01000739.1_2	449	2269	1821	1	0.636	11	GGAG/GAGG	GENOMAD.146534.CP	5.376e-06	52	0	0	0	1	NA	NA	NA	PF00015	Methyl-accepting chemotaxis protein (MCP) signalling domain
JPYC01000740.1_1	35	502	468	-1	0.656	11	None	NA	NA	NA	0	0	0	1	NA	NA	NA	NA	NA
JPYC01000741.1_1	2	307	306	-1	0.650	11	GGA/GAG/AGG	GENOMAD.205530.CP	1.673e-46	162	0	0	0	1	NA	NA	NA	PF08923;K07131;COG2018	Mitogen-activated protein kinase kinase 1 interacting
JPYC01000741.1_2	628	909	282	1	0.709	11	GGAG/GAGG	NA	NA	NA	0	0	0	1	NA	NA	NA	NA	NA
JPYC01000742.1_1	2	244	243	-1	0.593	11	GGAG/GAGG	NA	NA	NA	0	0	0	1	NA	NA	NA	NA	NA
JPYC01000742.1_2	384	2654	2271	-1	0.528	11	None	NA	NA	NA	0	0	0	1	NA	NA	NA	NA	NA
JPYC01000742.1_3	3074	3622	549	1	0.647	11	None	NA	NA	NA	0	0	0	1	NA	NA	NA	NA	NA
JPYC01000743.1_1	2	1213	1212	1	0.658	11	None	NA	NA	NA	0	0	0	1	NA	NA	NA	NA	NA
JPYC01000743.1_2	1210	2172	963	1	0.660	11	None	NA	NA	NA	0	0	0	1	NA	NA	NA	NA	NA
JPYC01000743.1_3	2281	2967	687	1	0.684	11	GGAG/GAGG	GENOMAD.207981.CP	8.348e-124	392	0	0	0	1	NA	NA	NA	PF11218	NA
JPYC01000743.1_4	3166	3522	357	1	0.700	11	None	NA	NA	NA	0	0	0	1	NA	NA	NA	NA	NA
JPYC01000744.1_1	3	248	246	1	0.671	11	None	GENOMAD.208454.PC	8.402e-14	67	0	0	0	1	NA	NA	NA	PF16670	Phosphoinositide phospholipase C, Ca2+-dependent
JPYC01000745.1_1	3	614	612	-1	0.658	11	None	NA	NA	NA	0	0	0	1	NA	NA	NA	NA	NA
JPYC01000746.1_1	2	196	195	1	0.662	11	None	NA	NA	NA	0	0	0	1	NA	NA	NA	NA	NA
JPYC01000747.1_1	248	400	153	-1	0.667	11	None	NA	NA	NA	0	0	0	1	NA	NA	NA	NA	NA
JPYC01000748.1_1	8	1522	1515	-1	0.659	11	AGGAG	GENOMAD.148022.CP	1.604e-28	124	0	0	0	1	NA	NA	NA	PF03055;K23363;COG3670	Carotenoid cleavage dioxygenase or a related enzyme
JPYC01000748.1_2	1549	1632	84	-1	0.643	11	None	NA	NA	NA	0	0	0	1	NA	NA	NA	NA	NA
JPYC01000075.1_1	358	2262	1905	1	0.677	11	None	GENOMAD.074473.CV	8.319e-226	709	0	0	0	1246	Caudoviricetes	NA	NA	PF13932;PF01134;K03495;TIGR00136;COG0445	glucose-inhibited division protein A
JPYC01000075.1_2	2471	3181	711	1	0.588	11	None	GENOMAD.178382.CP	4.766e-34	133	0	0	0	1	NA	NA	NA	PF10677	Oligogalacturonate-specific porin protein (KdgM)
JPYC01000075.1_3	3480	4448	969	-1	0.683	11	GGAG/GAGG	NA	NA	NA	0	0	0	1	NA	NA	NA	NA	NA
JPYC01000075.1_4	4703	5563	861	-1	0.647	11	None	GENOMAD.082010.CP	4.012e-38	147	1	0	0	1	NA	NA	NA	PF01163;COG1718;TIGR02172;K08799	RIO1 family
JPYC01000075.1_5	5712	5816	105	1	0.743	11	None	NA	NA	NA	0	0	0	1	NA	NA	NA	NA	NA
JPYC01000749.1_1	1	639	639	1	0.629	11	None	NA	NA	NA	0	0	0	1	NA	NA	NA	NA	NA
JPYC01000750.1_1	2	331	330	-1	0.652	11	None	NA	NA	NA	0	0	0	1	NA	NA	NA	NA	NA
JPYC01000751.1_1	2	253	252	1	0.671	11	None	NA	NA	NA	0	0	0	1	NA	NA	NA	NA	NA
JPYC01000751.1_2	402	506	105	-1	0.638	11	None	NA	NA	NA	0	0	0	1	NA	NA	NA	NA	NA
JPYC01000752.1_1	1	291	291	-1	0.646	11	None	NA	NA	NA	0	0	0	1	NA	NA	NA	NA	NA
JPYC01000753.1_1	3	1085	1083	-1	0.685	11	GGA/GAG/AGG	NA	NA	NA	0	0	0	1	NA	NA	NA	NA	NA
JPYC01000753.1_2	1572	3155	1584	1	0.680	11	GGA/GAG/AGG	NA	NA	NA	0	0	0	1	NA	NA	NA	NA	NA
JPYC01000753.1_3	3152	5383	2232	1	0.678	11	None	GENOMAD.154880.CP	6.298e-16	85	0	0	0	1246	Caudoviricetes	NA	NA	PF02806	Alpha amylase, C-terminal all-beta domain
JPYC01000753.1_4	5386	7143	1758	1	0.670	11	GGAG/GAGG	NA	NA	NA	0	0	0	1	NA	NA	NA	NA	NA
JPYC01000753.1_5	7140	7811	672	1	0.719	11	GGAG/GAGG	NA	NA	NA	0	0	0	1	NA	NA	NA	NA	NA
JPYC01000754.1_1	89	3040	2952	1	0.680	11	GGA/GAG/AGG	NA	NA	NA	0	0	0	1	NA	NA	NA	NA	NA
JPYC01000754.1_2	3420	4967	1548	1	0.683	11	AGGA/GGAG/GAGG	NA	NA	NA	0	0	0	1	NA	NA	NA	NA	NA
JPYC01000755.1_1	3	719	717	1	0.675	11	None	NA	NA	NA	0	0	0	1	NA	NA	NA	NA	NA
JPYC01000755.1_2	785	1537	753	-1	0.616	11	None	NA	NA	NA	0	0	0	1	NA	NA	NA	NA	NA
JPYC01000755.1_3	1744	1887	144	1	0.604	11	GGAG/GAGG	NA	NA	NA	0	0	0	1	NA	NA	NA	NA	NA
JPYC01000756.1_1	2	1021	1020	1	0.675	11	None	GENOMAD.166652.PC	4.678e-25	110	0	0	0	1	NA	NA	NA	PF05936;TIGR03353;COG3522;K11893	type VI secretion protein, VC_A0114 family
JPYC01000756.1_2	1023	1589	567	1	0.711	11	GGAG/GAGG	GENOMAD.167543.PC	4.979e-32	125	0	0	0	1	NA	NA	NA	PF09850;TIGR03349;COG3455	type IV / VI secretion system protein, DotU family
JPYC01000757.1_1	1	246	246	-1	0.630	11	None	GENOMAD.197764.PC	9.767e-35	127	0	0	0	1	NA	NA	NA	PF07080;K06893;COG3631;TIGR02096	Ketosteroid isomerase-related protein
JPYC01000758.1_1	2	478	477	-1	0.644	11	GGA/GAG/AGG	NA	NA	NA	0	0	0	1	NA	NA	NA	NA	NA
JPYC01000758.1_2	642	800	159	1	0.616	11	None	NA	NA	NA	0	0	0	1	NA	NA	NA	NA	NA
JPYC01000076.1_1	1	2541	2541	-1	0.654	11	None	NA	NA	NA	0	0	0	1	NA	NA	NA	NA	NA
JPYC01000076.1_2	2933	3130	198	-1	0.657	11	None	NA	NA	NA	0	0	0	1	NA	NA	NA	NA	NA
JPYC01000759.1_1	1	1284	1284	-1	0.604	11	GGA/GAG/AGG	NA	NA	NA	0	0	0	1	NA	NA	NA	NA	NA
JPYC01000759.1_2	1315	1956	642	-1	0.542	11	GGA/GAG/AGG	NA	NA	NA	0	0	0	1	NA	NA	NA	NA	NA
JPYC01000759.1_3	1978	2175	198	-1	0.540	11	None	NA	NA	NA	0	0	0	1	NA	NA	NA	NA	NA
JPYC01000760.1_1	637	1728	1092	-1	0.668	11	None	NA	NA	NA	0	0	0	1	NA	NA	NA	NA	NA
JPYC01000760.1_2	1981	3963	1983	-1	0.665	11	GGAG/GAGG	GENOMAD.211147.PC	7.42e-250	780	0	0	0	1	NA	NA	NA	PF05057;COG1075;TIGR02427;K07000	Triacylglycerol esterase/lipase EstA, alpha/beta hydrolase fold
JPYC01000760.1_3	3972	5009	1038	-1	0.658	11	GGA/GAG/AGG	GENOMAD.205408.PC	6.272e-50	184	0	0	0	1	NA	NA	NA	PF13387	NA
JPYC01000760.1_4	5006	5578	573	-1	0.679	11	None	GENOMAD.158817.CP	2.647e-40	149	0	0	0	1	NA	NA	NA	PF13022;PF08360;COG1309;TIGR03968;K03577	DNA-binding transcriptional regulator, AcrR family
JPYC01000760.1_5	5715	6827	1113	-1	0.685	11	None	GENOMAD.136483.CP	7.313e-46	173	0	0	0	1	NA	NA	NA	PF00311;COG2352;TIGR02751	Phosphoenolpyruvate carboxylase
JPYC01000761.1_1	3	512	510	1	0.673	11	None	NA	NA	NA	0	0	0	1	NA	NA	NA	NA	NA
JPYC01000761.1_2	638	1522	885	1	0.667	11	GGA/GAG/AGG	GENOMAD.140368.CP	5.774e-12	69	0	0	0	1	NA	NA	NA	PF00795;K01506;TIGR03381;COG0388	N-carbamoylputrescine amidase
JPYC01000761.1_3	1526	2065	540	1	0.628	11	None	NA	NA	NA	0	0	0	1	NA	NA	NA	NA	NA
JPYC01000761.1_4	2058	3278	1221	1	0.653	11	None	NA	NA	NA	0	0	0	1	NA	NA	NA	NA	NA
JPYC01000761.1_5	3504	4400	897	-1	0.642	11	GGA/GAG/AGG	GENOMAD.177900.CP	6.543e-13	72	0	0	0	1	NA	NA	NA	PF19580;K06896;TIGR03395;COG0708	sphingomyelin phosphodiesterase
JPYC01000761.1_6	4460	4756	297	-1	0.657	11	None	NA	NA	NA	0	0	0	1	NA	NA	NA	NA	NA
JPYC01000762.1_1	44	640	597	-1	0.665	11	GGxGG	NA	NA	NA	0	0	0	1	NA	NA	NA	NA	NA
JPYC01000762.1_2	642	1130	489	-1	0.628	11	None	NA	NA	NA	0	0	0	1	NA	NA	NA	NA	NA
JPYC01000763.1_1	2	463	462	-1	0.600	11	None	NA	NA	NA	0	0	0	1	NA	NA	NA	NA	NA
JPYC01000764.1_1	2	490	489	1	0.650	11	None	NA	NA	NA	0	0	0	1	NA	NA	NA	NA	NA
JPYC01000765.1_1	3	293	291	-1	0.670	11	GGA/GAG/AGG	NA	NA	NA	0	0	0	1	NA	NA	NA	NA	NA
JPYC01000765.1_2	390	1574	1185	1	0.659	11	AGGAG	GENOMAD.178036.PC	7.647e-36	144	0	0	0	1	NA	NA	NA	NA	NA
JPYC01000766.1_1	358	846	489	-1	0.654	11	None	GENOMAD.130467.CP	1.06e-46	166	0	0	0	1	NA	NA	NA	PF03965;K22489;TIGR04472;COG5631	mobile rSAM pair MarR family regulator
JPYC01000766.1_2	969	2084	1116	1	0.619	11	GGAG/GAGG	GENOMAD.166667.PC	6.813e-13	73	0	0	0	1	NA	NA	NA	NA	NA
JPYC01000767.1_1	2	361	360	-1	0.672	11	GGA/GAG/AGG	NA	NA	NA	0	0	0	1	NA	NA	NA	NA	NA
JPYC01000767.1_2	414	1328	915	-1	0.675	11	None	GENOMAD.001078.CC	2.712e-65	227	0	0	0	1	NA	NA	NA	PF04377;PF04376;K21420;COG2935	Arginyl-tRNA--protein-N-Asp/Glu arginylyltransferase
JPYC01000767.1_3	1369	1959	591	1	0.677	11	AGGAG	GENOMAD.177995.CP	2.039e-06	50	0	0	0	1	NA	NA	NA	PF08976;PF13405;COG5126;K13974	Ca2+-binding protein, EF-hand superfamily
JPYC01000767.1_4	2126	2611	486	-1	0.560	11	GGAG/GAGG	NA	NA	NA	0	0	0	1	NA	NA	NA	NA	NA
JPYC01000767.1_5	2871	4064	1194	-1	0.680	11	GGA/GAG/AGG	NA	NA	NA	0	0	0	1	NA	NA	NA	NA	NA
JPYC01000767.1_6	4174	4464	291	-1	0.687	11	None	NA	NA	NA	0	0	0	1	NA	NA	NA	NA	NA
JPYC01000768.1_1	2	223	222	-1	0.721	11	None	NA	NA	NA	0	0	0	1	NA	NA	NA	NA	NA
JPYC01000768.1_2	284	1210	927	1	0.669	11	None	GENOMAD.115269.CP	5.137e-26	112	0	0	0	1	NA	NA	NA	PF01722;PF04908;COG5007;TIGR00365;K05527	Acid stress-induced BolA-like protein IbaG/YrbA, predicted regulator of iron metabolism
JPYC01000768.1_3	1409	1498	90	1	0.711	11	AGGA	NA	NA	NA	0	0	0	1	NA	NA	NA	NA	NA
JPYC01000077.1_1	1	909	909	-1	0.664	11	None	NA	NA	NA	0	0	0	1	NA	NA	NA	NA	NA
JPYC01000077.1_2	906	1712	807	-1	0.636	11	None	GENOMAD.114440.CP	1.914e-25	109	0	0	0	1	NA	NA	NA	PF01739;PF12895;PF03705;K13486;COG1352;TIGR04345	Methylase of chemotaxis methyl-accepting proteins
JPYC01000077.1_3	1717	3000	1284	-1	0.675	11	AGGA	NA	NA	NA	0	0	0	1	NA	NA	NA	NA	NA
JPYC01000077.1_4	3027	3542	516	-1	0.645	11	AGGAG	GENOMAD.119444.CP	1.668e-17	82	0	0	0	1	NA	NA	NA	PF01584;COG0835;K13489	Chemotaxis signal transduction protein
JPYC01000077.1_5	3553	5706	2154	-1	0.657	11	AGGA	NA	NA	NA	0	0	0	1	NA	NA	NA	NA	NA
JPYC01000077.1_6	5772	7781	2010	-1	0.654	11	None	GENOMAD.116397.CP	2.528e-99	342	0	0	0	1	NA	NA	NA	PF14501;PF01584;PF01627;PF02895;K03407;COG0643;TIGR01924	Chemotaxis protein histidine kinase CheA
JPYC01000077.1_7	7800	8129	330	-1	0.642	11	GGAG/GAGG	GENOMAD.007903.CC	9.594e-08	51	0	0	0	1	NA	NA	NA	PF13466;COG3113;K04749;TIGR00377	ABC-type transporter Mla maintaining outer membrane lipid asymmetry, MlaB component, contains STAS domain
JPYC01000077.1_8	8600	11932	3333	-1	0.659	11	None	NA	NA	NA	0	0	0	1	NA	NA	NA	NA	NA
JPYC01000769.1_1	3	77	75	1	0.720	11	None	NA	NA	NA	0	0	0	1	NA	NA	NA	NA	NA
JPYC01000769.1_2	49	507	459	-1	0.601	11	AGGAG	NA	NA	NA	0	0	0	1	NA	NA	NA	NA	NA
JPYC01000769.1_3	731	1975	1245	-1	0.688	11	None	NA	NA	NA	0	0	0	1	NA	NA	NA	NA	NA
JPYC01000770.1_1	3	740	738	-1	0.684	11	None	NA	NA	NA	0	0	0	1	NA	NA	NA	NA	NA
JPYC01000770.1_2	843	3500	2658	1	0.677	11	None	GENOMAD.152082.CP	1.68e-15	84	0	0	0	1	NA	NA	NA	PF00593;PF07715;PF00691;TIGR01782;COG4773;K16089	TonB-dependent receptor
JPYC01000770.1_3	3511	4296	786	1	0.644	11	GGAG/GAGG	GENOMAD.216450.PC	1.059e-154	483	0	0	0	1	NA	NA	NA	PF08975;COG5255	NA
JPYC01000770.1_4	4435	4695	261	-1	0.682	11	None	NA	NA	NA	0	0	0	1	NA	NA	NA	NA	NA
JPYC01000771.1_1	93	854	762	-1	0.615	11	AGGAG	GENOMAD.129876.CP	3.172e-37	143	0	0	0	1	NA	NA	NA	K09694;COG3694	ABC-type uncharacterized transport system, permease component
JPYC01000771.1_2	851	1795	945	-1	0.646	11	None	NA	NA	NA	0	0	0	1	NA	NA	NA	NA	NA
JPYC01000772.1_1	3	218	216	-1	0.662	11	None	NA	NA	NA	0	0	0	1	NA	NA	NA	NA	NA
JPYC01000772.1_2	603	1505	903	1	0.673	11	AGGAG	NA	NA	NA	0	0	0	1	NA	NA	NA	NA	NA
JPYC01000773.1_1	2	202	201	1	0.567	11	None	NA	NA	NA	0	0	0	1	NA	NA	NA	NA	NA
JPYC01000774.1_1	2	373	372	1	0.664	11	None	NA	NA	NA	0	0	0	1	NA	NA	NA	NA	NA
JPYC01000774.1_2	370	960	591	1	0.699	11	GGA/GAG/AGG	GENOMAD.159061.PC	1.536e-19	89	0	0	0	1	NA	NA	NA	PF04183;PF06276;COG4264;K23447	Siderophore synthetase component
JPYC01000775.1_1	1	354	354	-1	0.650	11	None	NA	NA	NA	0	0	0	1	NA	NA	NA	NA	NA
JPYC01000775.1_2	771	1412	642	1	0.679	11	AGGA/GGAG/GAGG	NA	NA	NA	0	0	0	1	NA	NA	NA	NA	NA
JPYC01000775.1_3	1414	1644	231	1	0.658	11	GGA/GAG/AGG	GENOMAD.016641.CC	2.753e-29	111	0	0	0	1	NA	NA	NA	PF09413	Putative prokaryotic signal transducing protein
JPYC01000775.1_4	1739	2203	465	-1	0.652	11	None	NA	NA	NA	0	0	0	1	NA	NA	NA	NA	NA
JPYC01000775.1_5	2200	4110	1911	-1	0.658	11	GGA/GAG/AGG	GENOMAD.154050.CP	0.0003862	46	0	0	0	1	NA	NA	NA	COG3920;K19622	Two-component sensor histidine kinase, HisKA and HATPase domains
JPYC01000775.1_6	4107	4814	708	-1	0.692	11	GGA/GAG/AGG	NA	NA	NA	0	0	0	1	NA	NA	NA	NA	NA
JPYC01000776.1_1	2	1492	1491	-1	0.669	11	4Base/6BMM	GENOMAD.136483.CP	4.112e-10	65	0	0	0	1	NA	NA	NA	PF00311;COG2352;TIGR02751	Phosphoenolpyruvate carboxylase
JPYC01000777.1_1	362	1762	1401	-1	0.642	11	None	NA	NA	NA	0	0	0	1	NA	NA	NA	NA	NA
JPYC01000778.1_1	2	412	411	-1	0.662	11	AGxAGG/AGGxGG	GENOMAD.024791.CC	4.33e-10	59	0	0	0	1	NA	NA	NA	NA	NA
JPYC01000778.1_2	552	683	132	-1	0.773	11	None	NA	NA	NA	0	0	0	1	NA	NA	NA	NA	NA
JPYC01000078.1_1	1	165	165	1	0.564	11	None	NA	NA	NA	0	0	0	1	NA	NA	NA	NA	NA
JPYC01000078.1_2	474	1688	1215	-1	0.686	11	GGA/GAG/AGG	NA	NA	NA	0	0	0	1	NA	NA	NA	NA	NA
JPYC01000078.1_3	1997	3304	1308	1	0.667	11	GGA/GAG/AGG	NA	NA	NA	0	0	0	1	NA	NA	NA	NA	NA
JPYC01000078.1_4	3301	4077	777	1	0.682	11	GGA/GAG/AGG	NA	NA	NA	0	0	0	1	NA	NA	NA	NA	NA
JPYC01000078.1_5	4244	4348	105	1	0.648	11	AGGA	NA	NA	NA	0	0	0	1	NA	NA	NA	NA	NA
JPYC01000779.1_1	2	406	405	-1	0.669	11	None	NA	NA	NA	0	0	0	1	NA	NA	NA	NA	NA
JPYC01000780.1_1	2	3109	3108	1	0.635	11	None	GENOMAD.052211.CC	6.745e-31	135	0	0	0	1	NA	NA	NA	PF21668	DNA-directed RNA polymerase subunit beta', hybrid domain
JPYC01000780.1_2	3328	3702	375	1	0.624	11	AGxAG	NA	NA	NA	0	0	0	1	NA	NA	NA	NA	NA
JPYC01000780.1_3	3715	4182	468	1	0.583	11	AGGA	GENOMAD.031610.CC	1.187e-50	177	1	0	0	1	NA	NA	NA	PF00177;K02992;COG0049;TIGR01029	Ribosomal protein S7
JPYC01000780.1_4	4320	6437	2118	1	0.619	11	GGAG/GAGG	NA	NA	NA	0	0	0	1	NA	NA	NA	NA	NA
JPYC01000781.1_1	3	1109	1107	-1	0.634	11	None	NA	NA	NA	0	0	0	1	NA	NA	NA	NA	NA
JPYC01000782.1_1	1	588	588	-1	0.663	11	None	GENOMAD.043073.CC	4.189e-05	46	0	0	0	1	NA	NA	NA	PF04413;K02527	3-Deoxy-D-manno-octulosonic-acid transferase (kdotransferase)
JPYC01000783.1_1	2	511	510	1	0.557	11	None	GENOMAD.064510.VV	2.288e-11	64	0	0	0	1246	Caudoviricetes	NA	NA	PF09225;PF01555;K24451;COG0863	Restriction endonuclease PvuII; DNA methylase
JPYC01000784.1_1	2	214	213	-1	0.704	11	None	NA	NA	NA	0	0	0	1	NA	NA	NA	NA	NA
JPYC01000785.1_1	1	240	240	1	0.717	11	None	NA	NA	NA	0	0	0	1	NA	NA	NA	NA	NA
JPYC01000785.1_2	348	2822	2475	1	0.654	11	GGA/GAG/AGG	GENOMAD.146534.CP	0.0005348	46	0	0	0	1	NA	NA	NA	PF00015	Methyl-accepting chemotaxis protein (MCP) signalling domain
JPYC01000785.1_3	3409	4611	1203	1	0.622	11	GGA/GAG/AGG	NA	NA	NA	0	0	0	1	NA	NA	NA	NA	NA
JPYC01000786.1_1	84	854	771	1	0.651	11	GGA/GAG/AGG	NA	NA	NA	0	0	0	1	NA	NA	NA	NA	NA
JPYC01000786.1_2	1549	1659	111	1	0.468	11	AGGAG	NA	NA	NA	0	0	0	1	NA	NA	NA	NA	NA
JPYC01000786.1_3	1750	2460	711	-1	0.660	11	GGA/GAG/AGG	GENOMAD.106866.CP	7.421e-39	147	0	0	0	1246	Caudoviricetes	NA	NA	COG1187	16S rRNA U516 pseudouridylate synthase RsuA and related 23S rRNA U2605, pseudouridylate synthases
JPYC01000786.1_4	2693	2899	207	1	0.594	11	AGGAG	NA	NA	NA	0	0	0	1	NA	NA	NA	NA	NA
JPYC01000786.1_5	3414	5057	1644	1	0.619	11	GGA/GAG/AGG	NA	NA	NA	0	0	0	1	NA	NA	NA	NA	NA
JPYC01000787.1_1	1	378	378	-1	0.667	11	None	NA	NA	NA	0	0	0	1	NA	NA	NA	NA	NA
JPYC01000787.1_2	468	710	243	1	0.634	11	GGAG/GAGG	NA	NA	NA	0	0	0	1	NA	NA	NA	NA	NA
JPYC01000788.1_1	3	335	333	1	0.652	11	None	NA	NA	NA	0	0	0	1	NA	NA	NA	NA	NA
JPYC01000079.1_1	3	1598	1596	-1	0.664	11	None	GENOMAD.132239.CP	3.78e-53	200	0	0	0	1	NA	NA	NA	PF08494	DEAD/H associated
JPYC01000789.1_1	315	2819	2505	1	0.475	11	AGGAG	NA	NA	NA	0	0	0	1	NA	NA	NA	NA	NA
JPYC01000790.1_1	3	272	270	1	0.615	11	None	GENOMAD.110271.CV	2.992e-27	106	0	0	0	1246	Caudoviricetes	NA	NA	NA	NA
JPYC01000791.1_1	3	2174	2172	-1	0.698	11	None	NA	NA	NA	0	0	0	1	NA	NA	NA	NA	NA
JPYC01000792.1_1	1	411	411	-1	0.669	11	GGAG/GAGG	NA	NA	NA	0	0	0	1	NA	NA	NA	NA	NA
JPYC01000792.1_2	527	619	93	1	0.688	11	None	NA	NA	NA	0	0	0	1	NA	NA	NA	NA	NA
JPYC01000793.1_1	2	535	534	1	0.635	11	None	GENOMAD.178675.CP	1.162e-52	184	0	0	0	1	NA	NA	NA	PF12913;PF12671;K20742;TIGR02219	SH3 domain (SH3b1 type); Putative amidase domain
JPYC01000793.1_2	532	1629	1098	1	0.648	11	None	NA	NA	NA	0	0	0	1	NA	NA	NA	NA	NA
JPYC01000793.1_3	1889	2665	777	1	0.665	11	GGAG/GAGG	GENOMAD.169591.CP	2.18e-45	167	0	0	0	1	NA	NA	NA	COG3786	L,D-peptidoglycan transpeptidase YkuD, ErfK/YbiS/YcfS/YnhG family
JPYC01000793.1_4	2662	3978	1317	1	0.658	11	GGAG/GAGG	GENOMAD.153517.CP	0.0004656	45	0	0	0	1	NA	NA	NA	K14052;COG0833	Amino acid permease
JPYC01000793.1_5	4179	4676	498	1	0.685	11	GGAG/GAGG	GENOMAD.154126.CP	1.754e-59	203	0	0	0	1	NA	NA	NA	PF11821;COG4803	Alternative complex III, ActD subunit
JPYC01000793.1_6	4851	5183	333	1	0.595	11	GGAG/GAGG	GENOMAD.215480.PC	9.004e-49	169	0	0	0	1	NA	NA	NA	NA	NA
JPYC01000793.1_7	5238	5672	435	-1	0.570	11	AGGAG	GENOMAD.018404.CC	1.205e-53	185	0	0	0	1	NA	NA	NA	PF05360;COG4682	Uncharacterized membrane protein YiaA
JPYC01000793.1_8	5855	7033	1179	1	0.650	11	AGGAG	NA	NA	NA	0	0	0	1	NA	NA	NA	NA	NA
JPYC01000794.1_1	3	611	609	1	0.693	11	None	GENOMAD.123263.CP	4.807e-06	49	0	0	0	1	NA	NA	NA	PF19488;K11717;TIGR01814;COG3844	kynureninase
JPYC01000794.1_2	802	2274	1473	-1	0.654	11	None	NA	NA	NA	0	0	0	1	NA	NA	NA	NA	NA
JPYC01000794.1_3	2271	3008	738	-1	0.668	11	None	NA	NA	NA	0	0	0	1	NA	NA	NA	NA	NA
JPYC01000794.1_4	3057	3422	366	-1	0.658	11	GGA/GAG/AGG	NA	NA	NA	0	0	0	1	NA	NA	NA	NA	NA
JPYC01000794.1_5	3442	4512	1071	-1	0.652	11	None	NA	NA	NA	0	0	0	1	NA	NA	NA	NA	NA
JPYC01000795.1_1	3	530	528	1	0.708	11	None	NA	NA	NA	0	0	0	1	NA	NA	NA	NA	NA
JPYC01000796.1_1	1	483	483	1	0.669	11	None	NA	NA	NA	0	0	0	1	NA	NA	NA	NA	NA
JPYC01000797.1_1	143	247	105	-1	0.695	11	None	NA	NA	NA	0	0	0	1	NA	NA	NA	NA	NA
JPYC01000008.1_1	3	962	960	1	0.688	11	None	NA	NA	NA	0	0	0	1	NA	NA	NA	NA	NA
JPYC01000008.1_2	959	3568	2610	1	0.685	11	GGA/GAG/AGG	GENOMAD.119431.CP	8.763e-95	335	0	0	0	1	NA	NA	NA	PF03065;PF12055;K06044;TIGR02401;COG3280	malto-oligosyltrehalose synthase
JPYC01000008.1_3	3590	3775	186	1	0.704	11	GGA/GAG/AGG	GENOMAD.147683.PC	6.379e-08	49	0	0	0	1	NA	NA	NA	PF11154	NA
JPYC01000008.1_4	3893	6055	2163	1	0.642	11	AGGAG	NA	NA	NA	0	0	0	1	NA	NA	NA	NA	NA
JPYC01000008.1_5	6072	6311	240	1	0.658	11	GGAG/GAGG	GENOMAD.151025.CP	9.611e-12	61	0	0	0	1	NA	NA	NA	PF04321;K17290;TIGR01214;COG4221	dTDP-4-dehydrorhamnose reductase
JPYC01000080.1_1	3	473	471	1	0.656	11	None	NA	NA	NA	0	0	0	1	NA	NA	NA	NA	NA
JPYC01000080.1_2	573	1016	444	-1	0.700	11	None	NA	NA	NA	0	0	0	1	NA	NA	NA	NA	NA
JPYC01000798.1_1	1	513	513	1	0.651	11	None	NA	NA	NA	0	0	0	1	NA	NA	NA	NA	NA
JPYC01000799.1_1	3	1076	1074	1	0.656	11	None	NA	NA	NA	0	0	0	1	NA	NA	NA	NA	NA
JPYC01000799.1_2	1271	2302	1032	-1	0.671	11	None	NA	NA	NA	0	0	0	1	NA	NA	NA	NA	NA
JPYC01000799.1_3	2548	3288	741	-1	0.648	11	AGGAG	NA	NA	NA	0	0	0	1	NA	NA	NA	NA	NA
JPYC01000799.1_4	3407	3979	573	-1	0.630	11	None	GENOMAD.189690.PC	6.963e-38	142	0	0	0	1	NA	NA	NA	COG2851	Mg2+/citrate symporter
JPYC01000800.1_1	1	561	561	1	0.651	11	None	NA	NA	NA	0	0	0	1	NA	NA	NA	NA	NA
JPYC01000801.1_1	1	225	225	1	0.609	11	None	NA	NA	NA	0	0	0	1	NA	NA	NA	NA	NA
JPYC01000802.1_1	1	345	345	1	0.620	11	None	NA	NA	NA	0	0	0	1	NA	NA	NA	NA	NA
JPYC01000803.1_1	90	578	489	-1	0.607	11	GGA/GAG/AGG	GENOMAD.223687.VP	1.015e-06	50	0	0	1	2773	Inoviridae	NA	NA	PF12472	Phage related protein
JPYC01000803.1_2	706	921	216	1	0.611	11	GGAGG	GENOMAD.096365.VV	3.199e-18	79	0	0	0	2773	Inoviridae	NA	NA	NA	NA
JPYC01000803.1_3	918	1091	174	1	0.546	11	AGGAG	NA	NA	NA	0	0	0	1	NA	NA	NA	NA	NA
JPYC01000803.1_4	1214	2293	1080	1	0.578	11	None	GENOMAD.222675.VP	1.814e-232	713	0	0	0	2773	Inoviridae	NA	NA	NA	NA
JPYC01000803.1_5	2290	2586	297	1	0.566	11	GGA/GAG/AGG	GENOMAD.222243.VP	5.055e-49	169	0	0	1	2773	Inoviridae	NA	NA	PF02303	Helix-destabilising protein
JPYC01000803.1_6	2590	2841	252	1	0.639	11	GGA/GAG/AGG	GENOMAD.148914.VV	4.547e-20	85	0	0	1	1	NA	NA	NA	PF17091	Inovirus G7P protein
JPYC01000803.1_7	2869	2997	129	1	0.581	11	AGGAG	GENOMAD.112093.VV	2.595e-14	66	0	0	0	1	NA	NA	NA	NA	NA
JPYC01000803.1_8	3467	3880	414	1	0.621	11	None	GENOMAD.227990.VV	9.812e-28	110	0	0	0	1	NA	NA	NA	NA	NA
JPYC01000803.1_9	3832	4113	282	1	0.571	11	GGAG/GAGG	GENOMAD.097192.VV	1.524e-12	64	0	0	0	2773	Inoviridae	NA	NA	NA	NA
JPYC01000803.1_10	4124	4225	102	1	0.461	11	GGAG/GAGG	NA	NA	NA	0	0	0	1	NA	NA	NA	NA	NA
JPYC01000803.1_11	4248	4568	321	1	0.583	11	GGAG/GAGG	GENOMAD.214060.VP	4.995e-45	158	0	0	0	2773	Inoviridae	NA	NA	NA	NA
JPYC01000803.1_12	4570	5892	1323	1	0.613	11	GGA/GAG/AGG	NA	NA	NA	0	0	0	1	NA	NA	NA	NA	NA
JPYC01000803.1_13	5922	6314	393	1	0.583	11	GGAGG	GENOMAD.141606.VV	9.358e-50	173	0	0	0	16538	Coriovirus Cf1c	NA	NA	PF13511	NA
JPYC01000803.1_14	6353	6691	339	-1	0.640	11	GGA/GAG/AGG	GENOMAD.212325.VP	8.98e-58	195	0	0	1	2773	Inoviridae	NA	NA	PF12375;PF12472	Phage protein; Phage related protein
JPYC01000803.1_15	6814	7581	768	-1	0.681	11	None	NA	NA	NA	0	0	0	1	NA	NA	NA	NA	NA
JPYC01000805.1_1	2	577	576	-1	0.648	11	GGAG/GAGG	NA	NA	NA	0	0	0	1	NA	NA	NA	NA	NA
JPYC01000805.1_2	717	1304	588	-1	0.646	11	None	NA	NA	NA	0	0	0	1	NA	NA	NA	NA	NA
JPYC01000806.1_1	3	242	240	-1	0.633	11	None	NA	NA	NA	0	0	0	1	NA	NA	NA	NA	NA
JPYC01000806.1_2	343	771	429	1	0.706	11	GGA/GAG/AGG	NA	NA	NA	0	0	0	1	NA	NA	NA	NA	NA
JPYC01000807.1_1	2	643	642	1	0.657	11	None	NA	NA	NA	0	0	0	1	NA	NA	NA	NA	NA
JPYC01000807.1_2	678	827	150	1	0.667	11	GGxGG	NA	NA	NA	0	0	0	1	NA	NA	NA	NA	NA
JPYC01000807.1_3	848	1447	600	1	0.652	11	GGA/GAG/AGG	NA	NA	NA	0	0	0	1	NA	NA	NA	NA	NA
JPYC01000807.1_4	1618	2487	870	1	0.636	11	None	NA	NA	NA	0	0	0	1	NA	NA	NA	NA	NA
JPYC01000081.1_1	226	1554	1329	-1	0.663	11	None	GENOMAD.161908.VC	0.0002328	46	0	0	0	1246	Caudoviricetes	NA	NA	PF08299	Bacterial dnaA protein helix-turn-helix
JPYC01000081.1_2	1797	1937	141	1	0.652	11	GGAG/GAGG	GENOMAD.096109.CV	6.396e-15	68	0	0	0	1	NA	NA	NA	PF00468;COG0230;TIGR01030	Ribosomal protein L34
JPYC01000081.1_3	2129	2413	285	1	0.677	11	None	GENOMAD.092643.CV	1.934e-33	124	0	0	0	1	NA	NA	NA	PF00825;TIGR00188;COG0594;K03536	ribonuclease P protein component, eubacterial
JPYC01000081.1_4	2439	4163	1725	1	0.663	11	GGA/GAG/AGG	GENOMAD.074816.CV	6.82e-45	176	0	0	0	1	NA	NA	NA	PF14849;COG0706	YidC periplasmic domain
JPYC01000081.1_5	4249	7068	2820	1	0.637	11	AGGA	GENOMAD.158306.CP	9.931e-13	75	0	0	0	1	NA	NA	NA	PF01650;PF10633;COG4249	Uncharacterized protein, contains caspase domain
JPYC01000808.1_1	1	360	360	-1	0.650	11	None	NA	NA	NA	0	0	0	1	NA	NA	NA	NA	NA
JPYC01000809.1_1	3	209	207	1	0.671	11	None	NA	NA	NA	0	0	0	1	NA	NA	NA	NA	NA
JPYC01000810.1_1	125	427	303	-1	0.667	11	None	NA	NA	NA	0	0	0	1	NA	NA	NA	NA	NA
JPYC01000811.1_1	2	136	135	1	0.719	11	None	NA	NA	NA	0	0	0	1	NA	NA	NA	NA	NA
JPYC01000811.1_2	133	216	84	1	0.655	11	None	NA	NA	NA	0	0	0	1	NA	NA	NA	NA	NA
JPYC01000812.1_1	1	399	399	-1	0.639	11	None	NA	NA	NA	0	0	0	1	NA	NA	NA	NA	NA
JPYC01000813.1_1	1	189	189	-1	0.704	11	GGA/GAG/AGG	NA	NA	NA	0	0	0	1	NA	NA	NA	NA	NA
JPYC01000813.1_2	186	3089	2904	-1	0.695	11	GGA/GAG/AGG	GENOMAD.215794.CP	1.209e-06	55	0	0	0	1	NA	NA	NA	PF07714;K08884;COG0478;TIGR03903	RIO-like serine/threonine protein kinase fused to N-terminal HTH domain
JPYC01000813.1_3	3086	3808	723	-1	0.698	11	GGAG/GAGG	NA	NA	NA	0	0	0	1	NA	NA	NA	NA	NA
JPYC01000813.1_4	3805	4458	654	-1	0.674	11	None	GENOMAD.192401.PC	2.534e-21	95	0	0	0	1	NA	NA	NA	PF09867;COG3913;K11890;TIGR03373	TagF N-terminal domain, Type VI secretion system-associated
JPYC01000813.1_5	4455	6860	2406	-1	0.706	11	None	GENOMAD.166552.PC	1.167e-59	226	0	0	0	1	NA	NA	NA	PF14331;PF06761;PF06744;PF02492;TIGR03348;COG3523;K11891	type VI secretion protein IcmF
JPYC01000814.1_1	3	1064	1062	-1	0.644	11	AGGA/GGAG/GAGG	NA	NA	NA	0	0	0	1	NA	NA	NA	NA	NA
JPYC01000814.1_2	1098	1484	387	-1	0.623	11	GGAGG	GENOMAD.154511.CP	1.644e-26	106	0	0	0	1	NA	NA	NA	PF05328;K00242;TIGR02968;COG2142	succinate dehydrogenase, hydrophobic membrane anchor protein
JPYC01000814.1_3	1481	1783	303	-1	0.597	11	None	NA	NA	NA	0	0	0	1	NA	NA	NA	NA	NA
JPYC01000815.1_1	1	768	768	1	0.639	11	None	NA	NA	NA	0	0	0	1	NA	NA	NA	NA	NA
JPYC01000816.1_1	80	310	231	-1	0.632	11	GGAG/GAGG	GENOMAD.056550.PP	8.973e-33	121	0	0	0	1	NA	NA	NA	PF12703	Toxin of toxin-antitoxin type 1 system
JPYC01000816.1_2	377	2026	1650	-1	0.653	11	AGGAG	GENOMAD.108501.PC	2.418e-10	66	0	1	0	1	NA	NA	NA	PF08808;COG5654;TIGR02783	Uncharacterized conserved protein, contains RES domain
JPYC01000816.1_3	2023	2298	276	-1	0.656	11	GGAGG	GENOMAD.029569.PP	2.422e-45	158	0	0	0	1	NA	NA	NA	PF19499;TIGR04359;COG3895	entry exclusion lipoprotein TrbK
JPYC01000816.1_4	2316	2957	642	-1	0.623	11	None	GENOMAD.083643.PP	4.06e-64	219	0	1	0	1	NA	T_virB5	NA	PF13605;TIGR02780;COG5314;K20266	P-type conjugative transfer protein TrbJ
JPYC01000817.1_1	1	399	399	-1	0.637	11	GGA/GAG/AGG	GENOMAD.194782.CP	3.514e-11	62	0	0	0	1	NA	NA	NA	PF04012;COG1842;TIGR02977;K03969	Phage shock protein A
JPYC01000817.1_2	412	828	417	-1	0.619	11	AGGA	NA	NA	NA	0	0	0	1	NA	NA	NA	NA	NA
JPYC01000817.1_3	1008	1607	600	-1	0.680	11	None	NA	NA	NA	0	0	0	1	NA	NA	NA	NA	NA
JPYC01000817.1_4	1775	2197	423	1	0.674	11	None	GENOMAD.094450.CP	1.013e-10	61	0	0	0	1	NA	NA	NA	PF13189;K00891;COG0703;TIGR00041	Shikimate kinase
JPYC01000082.1_1	3	908	906	1	0.671	11	None	NA	NA	NA	0	0	0	1	NA	NA	NA	NA	NA
JPYC01000082.1_2	1074	2276	1203	1	0.686	11	None	GENOMAD.094189.CV	2.002e-13	75	0	0	0	1	NA	NA	NA	COG1792;K03570	Cell shape-determining protein MreC
JPYC01000082.1_3	2273	2758	486	1	0.675	11	AGGAG	GENOMAD.001979.CC	5.735e-27	109	0	0	0	1	NA	NA	NA	PF17099;TIGR03426;K03571;COG2891	rod shape-determining protein MreD
JPYC01000082.1_4	2762	4822	2061	1	0.684	11	None	GENOMAD.108664.CP	1.153e-08	61	0	0	0	1246	Caudoviricetes	NA	NF000237	PF00905;PF05223;TIGR03423;K05515;COG0768	penicillin-binding protein 2
JPYC01000082.1_5	4819	5937	1119	1	0.655	11	AGGAG	NA	NA	NA	0	0	0	1	NA	NA	NA	NA	NA
JPYC01000082.1_6	6294	7691	1398	1	0.639	11	None	GENOMAD.179497.PC	8.046e-50	188	0	0	0	1	NA	NA	NA	K01184;COG5434	Polygalacturonase
JPYC01000818.1_1	1	651	651	1	0.688	11	None	NA	NA	NA	0	0	0	1	NA	NA	NA	NA	NA
JPYC01000818.1_2	648	1373	726	1	0.640	11	GGA/GAG/AGG	NA	NA	NA	0	0	0	1	NA	NA	NA	NA	NA
JPYC01000818.1_3	1500	2000	501	-1	0.667	11	GGA/GAG/AGG	GENOMAD.154339.CP	6.408e-37	138	0	0	0	1	NA	NA	NA	PF03929;COG3182;K03863	PepSY-associated TM region
JPYC01000818.1_4	2067	2240	174	1	0.701	11	None	NA	NA	NA	0	0	0	1	NA	NA	NA	NA	NA
JPYC01000819.1_1	1	255	255	-1	0.663	11	GGxGG	GENOMAD.180510.PC	1.343e-10	58	0	0	0	1	NA	NA	NA	PF04965;K11897;COG3518;TIGR03357	Predicted component of the type VI protein secretion system
JPYC01000819.1_2	243	1082	840	-1	0.663	11	GGAG/GAGG	NA	NA	NA	0	0	0	1	NA	NA	NA	NA	NA
JPYC01000819.1_3	1109	1612	504	-1	0.597	11	GGAG/GAGG	NA	NA	NA	0	0	0	1	NA	NA	NA	NA	NA
JPYC01000819.1_4	1712	2635	924	-1	0.637	11	None	GENOMAD.160889.PC	1.309e-42	161	0	0	0	1	NA	NA	NA	PF18945	EvpB/VC_A0108, tail sheath gpW/gp25-like domain
JPYC01000820.1_1	1	375	375	1	0.699	11	None	NA	NA	NA	0	0	0	1	NA	NA	NA	NA	NA
JPYC01000820.1_2	402	815	414	1	0.659	11	AGGA	NA	NA	NA	0	0	0	1	NA	NA	NA	NA	NA
JPYC01000820.1_3	996	1922	927	1	0.703	11	GGAG/GAGG	GENOMAD.178547.CP	1.709e-181	563	0	0	0	1	NA	NA	NA	PF02273;TIGR01607;COG1647;K01054	Plasmodium subtelomeric family (PST-A)
JPYC01000820.1_4	2283	2711	429	-1	0.697	11	None	GENOMAD.124082.CP	1.262e-07	52	0	0	0	1	NA	NA	NA	PF01614;PF08279;K19333;COG1414;TIGR02431	DNA-binding transcriptional regulator, IclR family
JPYC01000821.1_1	2	358	357	1	0.686	11	None	GENOMAD.152053.CP	1.413e-15	74	0	0	0	1	NA	NA	NA	PF08732;PF03435;K17290;TIGR03466;COG0702	hopanoid-associated sugar epimerase
JPYC01000821.1_2	529	1287	759	-1	0.651	11	GGA/GAG/AGG	NA	NA	NA	0	0	0	1	NA	NA	NA	NA	NA
JPYC01000821.1_3	1664	3073	1410	1	0.687	11	GGA/GAG/AGG	GENOMAD.170187.PC	2.448e-96	325	0	0	0	1	NA	NA	NA	PF13434;COG4529;TIGR00275;K07222	Uncharacterized NAD(P)/FAD-binding protein YdhS
JPYC01000821.1_4	3304	3735	432	1	0.646	11	GGAG/GAGG	GENOMAD.059044.PP	1.167e-19	87	0	0	0	1	NA	NA	NA	PF06903	VirK protein
JPYC01000821.1_5	3861	4529	669	-1	0.676	11	None	NA	NA	NA	0	0	0	1	NA	NA	NA	NA	NA
JPYC01000822.1_1	3	1559	1557	1	0.656	11	None	GENOMAD.105891.CP	5.103e-99	335	0	0	0	1	NA	NA	NA	PF02541;COG0248;K01524;TIGR03706	Exopolyphosphatase/pppGpp-phosphohydrolase
JPYC01000822.1_2	1783	2919	1137	1	0.661	11	GGAG/GAGG	NA	NA	NA	0	0	0	1	NA	NA	NA	NA	NA
JPYC01000822.1_3	2900	3211	312	1	0.667	11	GGxGG	NA	NA	NA	0	0	0	1	NA	NA	NA	NA	NA
JPYC01000823.1_1	50	706	657	1	0.656	11	GGA/GAG/AGG	GENOMAD.153317.CP	4.992e-55	193	0	0	0	1	NA	NA	NA	PF01794;K17247;COG2717	Periplasmic DMSO/TMAO reductase YedYZ, heme-binding membrane subunit
JPYC01000823.1_2	648	1496	849	-1	0.686	11	None	GENOMAD.117073.CP	2.877e-18	88	0	0	0	1	NA	NA	NA	PF00498;PF09480;K21397;TIGR03354;COG3456	type VI secretion system FHA domain protein
JPYC01000823.1_3	1693	1968	276	1	0.641	11	None	GENOMAD.016982.CC	1.636e-18	81	0	0	0	1	NA	NA	NA	PF09650;TIGR02610	putative polyhydroxyalkanoic acid system protein
JPYC01000823.1_4	2131	2691	561	1	0.674	11	AGGAG	GENOMAD.012092.CC	4.092e-33	128	0	0	0	1	NA	NA	NA	COG3937	Polyhydroxyalkanoate synthesis regulator phasin
JPYC01000823.1_5	3231	4196	966	1	0.697	11	None	GENOMAD.209518.PC	7.251e-181	562	0	0	0	1	NA	NA	NA	COG1787	Endonuclease, HJR/Mrr/RecB family
JPYC01000824.1_1	1	396	396	-1	0.705	11	GGA/GAG/AGG	NA	NA	NA	0	0	0	1	NA	NA	NA	NA	NA
JPYC01000824.1_2	393	530	138	-1	0.696	11	None	NA	NA	NA	0	0	0	1	NA	NA	NA	NA	NA
JPYC01000825.1_1	1	309	309	-1	0.712	11	None	NA	NA	NA	0	0	0	1	NA	NA	NA	NA	NA
JPYC01000826.1_1	2	286	285	1	0.558	11	None	GENOMAD.167755.CP	3.759e-19	83	0	0	0	1	NA	NA	NA	COG2733	Uncharacterized membrane-anchored protein YjiN, DUF445 family
JPYC01000826.1_2	430	4524	4095	1	0.654	11	AGGA	NA	NA	NA	0	0	0	1	NA	NA	NA	NA	NA
JPYC01000826.1_3	4555	5541	987	1	0.666	11	AGGA	NA	NA	NA	0	0	0	1	NA	NA	NA	NA	NA
JPYC01000826.1_4	6020	7447	1428	1	0.652	11	GGA/GAG/AGG	NA	NA	NA	0	0	0	1	NA	NA	NA	NA	NA
JPYC01000826.1_5	7677	9935	2259	-1	0.652	11	None	GENOMAD.119435.CP	5.759e-261	817	0	0	0	1	NA	NA	NA	PF05088;K15371;COG2902	Bacterial NAD-glutamate dehydrogenase
JPYC01000827.1_1	2	1069	1068	-1	0.643	11	GGA/GAG/AGG	NA	NA	NA	0	0	0	1	NA	NA	NA	NA	NA
JPYC01000827.1_2	1076	1345	270	-1	0.667	11	None	NA	NA	NA	0	0	0	1	NA	NA	NA	NA	NA
JPYC01000083.1_1	3	893	891	1	0.669	11	None	GENOMAD.105310.CV	5.156e-63	220	0	0	0	1	NA	NA	NA	PF11898	NA
JPYC01000083.1_2	1109	3745	2637	-1	0.624	11	AGGAG	GENOMAD.152082.CP	2.441e-104	364	0	0	0	1	NA	NA	NA	PF00593;PF07715;PF00691;TIGR01782;COG4773;K16089	TonB-dependent receptor
JPYC01000083.1_3	3848	4774	927	-1	0.663	11	None	GENOMAD.142642.CP	1.306e-86	289	0	0	0	1	NA	NA	NA	PF02685;TIGR00749;K00845;COG0837	glucokinase, proteobacterial type
JPYC01000083.1_4	5175	6689	1515	-1	0.658	11	GGAG/GAGG	NA	NA	NA	0	0	0	1	NA	NA	NA	NA	NA
JPYC01000083.1_5	7118	7630	513	-1	0.634	11	GGA/GAG/AGG	GENOMAD.209634.PC	6.848e-29	115	0	0	0	1	NA	NA	NA	NA	NA
JPYC01000083.1_6	7693	8811	1119	-1	0.686	11	None	NA	NA	NA	0	0	0	1	NA	NA	NA	NA	NA
JPYC01000083.1_7	8808	9086	279	-1	0.649	11	None	GENOMAD.169830.CP	1.905e-17	78	0	0	0	1	NA	NA	NA	PF03070;PF05402;K06137;TIGR02111;COG5424	coenzyme PQQ biosynthesis protein C
JPYC01000083.1_8	9083	9835	753	-1	0.648	11	GGAG/GAGG	GENOMAD.169830.CP	2.934e-103	334	0	0	0	1	NA	NA	NA	PF03070;PF05402;K06137;TIGR02111;COG5424	coenzyme PQQ biosynthesis protein C
JPYC01000083.1_9	9832	10731	900	-1	0.653	11	GGA/GAG/AGG	GENOMAD.180288.CP	1.096e-64	225	0	0	0	1	NA	NA	NA	PF12706;K06136;TIGR02108;COG1234	coenzyme PQQ biosynthesis protein B
JPYC01000083.1_10	11199	13370	2172	1	0.679	11	None	NA	NA	NA	0	0	0	1	NA	NA	NA	NA	NA
JPYC01000828.1_1	1	90	90	-1	0.611	11	None	NA	NA	NA	0	0	0	1	NA	NA	NA	NA	NA
JPYC01000829.1_1	1	1308	1308	-1	0.668	11	None	GENOMAD.130404.CV	1.843e-11	69	0	0	0	1	NA	NA	NA	PF04408	Helicase associated domain (HA2)
JPYC01000830.1_1	2	289	288	-1	0.594	11	AGGA	NA	NA	NA	0	0	0	1	NA	NA	NA	NA	NA
JPYC01000830.1_2	392	649	258	1	0.709	11	None	NA	NA	NA	0	0	0	1	NA	NA	NA	NA	NA
JPYC01000831.1_1	2	304	303	1	0.637	11	None	NA	NA	NA	0	0	0	1	NA	NA	NA	NA	NA
JPYC01000832.1_1	1	306	306	-1	0.699	11	None	NA	NA	NA	0	0	0	1	NA	NA	NA	NA	NA
JPYC01000833.1_1	1	177	177	1	0.638	11	None	NA	NA	NA	0	0	0	1	NA	NA	NA	NA	NA
JPYC01000834.1_1	1	132	132	-1	0.636	11	None	NA	NA	NA	0	0	0	1	NA	NA	NA	NA	NA
JPYC01000834.1_2	280	432	153	1	0.601	11	GGAG/GAGG	NA	NA	NA	0	0	0	1	NA	NA	NA	NA	NA
JPYC01000835.1_1	3	701	699	-1	0.660	11	None	NA	NA	NA	0	0	0	1	NA	NA	NA	NA	NA
JPYC01000836.1_1	1	2502	2502	1	0.695	11	None	NA	NA	NA	0	0	0	1	NA	NA	NA	NA	NA
JPYC01000837.1_1	1	162	162	-1	0.599	11	GGA/GAG/AGG	NA	NA	NA	0	0	0	1	NA	NA	NA	NA	NA
JPYC01000837.1_2	373	852	480	1	0.642	11	GGAG/GAGG	NA	NA	NA	0	0	0	1	NA	NA	NA	NA	NA
JPYC01000837.1_3	1051	1632	582	1	0.627	11	AGGAG	NA	NA	NA	0	0	0	1	NA	NA	NA	NA	NA
JPYC01000837.1_4	1625	2518	894	1	0.579	11	GGA/GAG/AGG	NA	NA	NA	0	0	0	1	NA	NA	NA	NA	NA
JPYC01000084.1_1	2	457	456	1	0.627	11	None	NA	NA	NA	0	0	0	1	NA	NA	NA	NA	NA
JPYC01000084.1_2	995	1840	846	1	0.448	11	AGGA	NA	NA	NA	0	0	0	1	NA	NA	NA	NA	NA
JPYC01000084.1_3	2280	4910	2631	1	0.560	11	AGxAGG/AGGxGG	GENOMAD.167640.PC	4.122e-72	266	0	0	0	1	NA	NA	NA	PF13166;TIGR00606;COG4694;K02045	rad50
JPYC01000084.1_4	5305	5694	390	1	0.679	11	AGGAG	NA	NA	NA	0	0	0	1	NA	NA	NA	NA	NA
JPYC01000084.1_5	6486	6842	357	1	0.546	11	GGAG/GAGG	NA	NA	NA	0	0	0	1	NA	NA	NA	NA	NA
JPYC01000084.1_6	7498	7818	321	1	0.620	11	GGAGG	GENOMAD.003164.PP	0.0001128	42	0	0	0	1	NA	NA	NA	PF07424	TrbM
JPYC01000084.1_7	8817	9155	339	-1	0.602	11	None	NA	NA	NA	0	0	0	1	NA	NA	NA	NA	NA
JPYC01000084.1_8	9180	9674	495	-1	0.622	11	AGGAG	NA	NA	NA	0	0	0	1	NA	NA	NA	NA	NA
JPYC01000084.1_9	9682	10170	489	-1	0.636	11	GGA/GAG/AGG	GENOMAD.180345.CP	4.089e-22	95	0	0	0	1	NA	NA	NA	PF20024;K03712;TIGR04472;COG5631	mobile rSAM pair MarR family regulator
JPYC01000084.1_10	11036	14152	3117	1	0.661	11	GGAG/GAGG	NA	NA	NA	0	0	0	1	NA	NA	NA	NA	NA
JPYC01000084.1_11	14149	17499	3351	1	0.656	11	AGGAG	NA	NA	NA	0	0	0	1	NA	NA	NA	NA	NA
JPYC01000084.1_12	17499	19694	2196	1	0.660	11	AGGAG	GENOMAD.154880.CP	3.92e-21	102	0	0	0	1246	Caudoviricetes	NA	NA	PF02806	Alpha amylase, C-terminal all-beta domain
JPYC01000084.1_13	19887	20381	495	1	0.659	11	AGxAGG/AGGxGG	GENOMAD.106711.CP	1.717e-33	128	0	0	0	1	NA	NA	NA	PF12850;K07095;TIGR00040;COG0622	phosphoesterase, MJ0936 family
JPYC01000084.1_14	20450	21172	723	1	0.642	11	GGA/GAG/AGG	NA	NA	NA	0	0	0	1	NA	NA	NA	NA	NA
JPYC01000838.1_1	2	334	333	-1	0.634	11	None	NA	NA	NA	0	0	0	1	NA	NA	NA	NA	NA
JPYC01000839.1_1	1	219	219	1	0.685	11	None	NA	NA	NA	0	0	0	1	NA	NA	NA	NA	NA
JPYC01000840.1_1	2	94	93	1	0.645	11	None	NA	NA	NA	0	0	0	1	NA	NA	NA	NA	NA
JPYC01000840.1_2	94	828	735	1	0.676	11	GGAGG	GENOMAD.192709.PC	5.677e-47	171	0	0	0	1	NA	NA	NA	PF13531;TIGR03261;K02012;COG1840	putative 2-aminoethylphosphonate ABC transporter, periplasmic 2-aminoethylphosphonate-binding protein
JPYC01000841.1_1	2	379	378	1	0.659	11	None	GENOMAD.170233.CP	1.162e-20	89	0	0	0	1	NA	NA	NA	PF20232;PF00498;K07169;TIGR03354;COG3456	type VI secretion system FHA domain protein
JPYC01000841.1_2	438	1340	903	-1	0.660	11	GGA/GAG/AGG	NA	NA	NA	0	0	0	1	NA	NA	NA	NA	NA
JPYC01000841.1_3	1569	2459	891	1	0.631	11	AGGA	NA	NA	NA	0	0	0	1	NA	NA	NA	NA	NA
JPYC01000841.1_4	2962	4296	1335	1	0.676	11	None	GENOMAD.166652.PC	5.107e-43	167	0	0	0	1	NA	NA	NA	PF05936;TIGR03353;COG3522;K11893	type VI secretion protein, VC_A0114 family
JPYC01000841.1_5	4299	5555	1257	1	0.702	11	GGAG/GAGG	GENOMAD.167543.PC	2.708e-34	140	0	0	0	1	NA	NA	NA	PF09850;TIGR03349;COG3455	type IV / VI secretion system protein, DotU family
JPYC01000841.1_6	5552	7657	2106	1	0.698	11	None	GENOMAD.161502.PC	1.836e-85	302	0	0	0	1	NA	NA	NA	PF14331;PF06761;PF06744;PF19993;TIGR03348;K11891;COG3523	type VI secretion protein IcmF
JPYC01000842.1_1	179	241	63	1	0.571	11	AGGAG	NA	NA	NA	0	0	0	1	NA	NA	NA	NA	NA
JPYC01000843.1_1	158	502	345	-1	0.696	11	GGAG/GAGG	NA	NA	NA	0	0	0	1	NA	NA	NA	NA	NA
JPYC01000843.1_2	724	1869	1146	1	0.641	11	GGAG/GAGG	NA	NA	NA	0	0	0	1	NA	NA	NA	NA	NA
JPYC01000844.1_1	2	154	153	1	0.745	11	None	NA	NA	NA	0	0	0	1	NA	NA	NA	NA	NA
JPYC01000844.1_2	434	934	501	-1	0.707	11	None	GENOMAD.190009.CP	1.929e-50	177	0	0	0	1	NA	NA	NA	PF14094	NA
JPYC01000844.1_3	1063	1440	378	1	0.690	11	GGA/GAG/AGG	NA	NA	NA	0	0	0	1	NA	NA	NA	NA	NA
JPYC01000844.1_4	1522	2058	537	-1	0.669	11	GGAG/GAGG	NA	NA	NA	0	0	0	1	NA	NA	NA	NA	NA
JPYC01000844.1_5	2329	3465	1137	-1	0.631	11	None	NA	NA	NA	0	0	0	1	NA	NA	NA	NA	NA
JPYC01000845.1_1	3	146	144	-1	0.632	11	None	NA	NA	NA	0	0	0	1	NA	NA	NA	NA	NA
JPYC01000845.1_2	352	435	84	1	0.702	11	GGA/GAG/AGG	NA	NA	NA	0	0	0	1	NA	NA	NA	NA	NA
JPYC01000846.1_1	3	404	402	-1	0.642	11	None	NA	NA	NA	0	0	0	1	NA	NA	NA	NA	NA
JPYC01000847.1_1	1	270	270	-1	0.667	11	None	NA	NA	NA	0	0	0	1	NA	NA	NA	NA	NA
JPYC01000847.1_2	387	1754	1368	1	0.656	11	GGA/GAG/AGG	GENOMAD.028111.CC	0.0001199	47	0	0	0	1	NA	NA	NA	PF08020;TIGR03440;COG4283;K18912	ergothioneine biosynthesis protein EgtB
JPYC01000847.1_3	1751	2737	987	1	0.652	11	AGGA	GENOMAD.146319.CP	3.28e-35	140	0	0	0	1	NA	NA	NA	PF10017;K18884;TIGR03439;COG4301	probable methyltransferase domain, EasF family
JPYC01000847.1_4	3133	5166	2034	-1	0.661	11	None	GENOMAD.194514.CP	0.0001031	48	0	0	0	1	NA	NA	NA	PF20169;PF01558;K00180;COG1014;TIGR03334	Pyruvate:ferredoxin oxidoreductase or related 2-oxoacid:ferredoxin oxidoreductase, gamma subunit
JPYC01000085.1_1	2	487	486	1	0.663	11	None	NA	NA	NA	0	0	0	1	NA	NA	NA	NA	NA
JPYC01000085.1_2	493	996	504	1	0.651	11	GGA/GAG/AGG	GENOMAD.183209.PC	2.048e-23	99	0	0	0	1	NA	NA	NA	K11897;COG3518;TIGR03357	Predicted component of the type VI protein secretion system
JPYC01000085.1_3	974	2884	1911	1	0.665	11	GGxGG	GENOMAD.166434.PC	1.78e-61	228	0	0	0	1	NA	NA	NA	PF05947;COG3519;K11896;TIGR03359	Type VI protein secretion system component VasA
JPYC01000085.1_4	2848	3888	1041	1	0.687	11	GGAG/GAGG	GENOMAD.167831.PC	1.142e-53	195	0	0	0	1	NA	NA	NA	PF06996;COG3520;TIGR03347;K11896	Predicted component of the type VI protein secretion system
JPYC01000085.1_5	3945	4760	816	1	0.634	11	AGGA	NA	NA	NA	0	0	0	1	NA	NA	NA	NA	NA
JPYC01000848.1_1	1	1113	1113	-1	0.698	11	None	NA	NA	NA	0	0	0	1	NA	NA	NA	NA	NA
JPYC01000848.1_2	1382	2035	654	1	0.642	11	None	GENOMAD.116548.CP	2.249e-124	393	0	0	0	1	NA	NA	NA	PF13022;PF14246;K18301;TIGR03384;COG3226	transcriptional repressor BetI
JPYC01000848.1_3	2164	2820	657	1	0.665	11	GGA/GAG/AGG	GENOMAD.127063.CP	9.011e-27	111	0	0	0	1	NA	NA	NA	PF01135;TIGR04364;COG2518	methyltransferase, FxLD system
JPYC01000848.1_4	2841	4223	1383	1	0.653	11	AGGA	GENOMAD.126996.CP	2.248e-30	129	0	0	0	1	NA	NA	NA	PF02321;K12538;TIGR01844;COG1538	type I secretion outer membrane protein, TolC family
JPYC01000848.1_5	4498	5244	747	-1	0.667	11	None	NA	NA	NA	0	0	0	1	NA	NA	NA	NA	NA
JPYC01000849.1_1	2	1198	1197	-1	0.684	11	None	GENOMAD.115145.CP	1.04e-94	317	0	0	0	1	NA	NA	NA	K09822;COG3002	Uncharacterized conserved protein YbcC, UPF0753/DUF2309 family
JPYC01000850.1_1	1	81	81	1	0.741	11	None	NA	NA	NA	0	0	0	1	NA	NA	NA	NA	NA
JPYC01000850.1_2	115	750	636	1	0.690	11	GGA/GAG/AGG	GENOMAD.138019.CP	3.812e-25	106	0	0	0	1	NA	NA	NA	PF00266;TIGR01814;COG3844;K11325	kynureninase
JPYC01000851.1_1	3	200	198	1	0.727	11	None	NA	NA	NA	0	0	0	1	NA	NA	NA	NA	NA
JPYC01000852.1_1	1	690	690	1	0.691	11	None	GENOMAD.052197.CP	1.472e-24	105	0	0	0	1246	Caudoviricetes	NA	NA	PF01189;PF01029;PF17125;K03500;TIGR00563;COG0144	16S rRNA (cytosine(967)-C(5))-methyltransferase
JPYC01000853.1_1	2	319	318	-1	0.629	11	AGGA/GGAG/GAGG	NA	NA	NA	0	0	0	1	NA	NA	NA	NA	NA
JPYC01000853.1_2	378	578	201	-1	0.562	11	GGA/GAG/AGG	NA	NA	NA	0	0	0	1	NA	NA	NA	NA	NA
JPYC01000853.1_3	884	1105	222	1	0.617	11	GGA/GAG/AGG	GENOMAD.195024.PC	0.0001681	40	0	0	0	1	NA	NA	NA	PF09720;TIGR02574	putative addiction module component, TIGR02574 family
JPYC01000854.1_1	1	444	444	-1	0.640	11	None	NA	NA	NA	0	0	0	1	NA	NA	NA	NA	NA
JPYC01000855.1_1	1	780	780	1	0.677	11	None	NA	NA	NA	0	0	0	1	NA	NA	NA	NA	NA
JPYC01000855.1_2	802	1998	1197	1	0.647	11	GGAG/GAGG	GENOMAD.000476.CC	7.823e-63	224	0	0	0	1	NA	NA	NA	PF14805;K19107;TIGR00965;COG2171	2,3,4,5-tetrahydropyridine-2,6-dicarboxylate N-succinyltransferase
JPYC01000855.1_3	2191	2457	267	1	0.607	11	GGA/GAG/AGG	GENOMAD.142137.CP	2.568e-13	66	0	0	0	1	NA	NA	NA	PF03960;TIGR00014;K00537;COG1393	arsenate reductase (glutaredoxin)
JPYC01000856.1_1	3	458	456	1	0.697	11	None	NA	NA	NA	0	0	0	1	NA	NA	NA	NA	NA
JPYC01000857.1_1	130	534	405	1	0.570	11	GGA/GAG/AGG	GENOMAD.177338.PC	5.106e-06	47	0	0	0	1	NA	NA	NA	PF13683	Integrase core domain
JPYC01000857.1_2	1642	1758	117	1	0.667	11	AGGA	NA	NA	NA	0	0	0	1	NA	NA	NA	NA	NA
JPYC01000086.1_1	1	360	360	1	0.689	11	None	NA	NA	NA	0	0	0	1	NA	NA	NA	NA	NA
JPYC01000086.1_2	386	871	486	-1	0.626	11	GGAGG	GENOMAD.017267.CC	0.0004717	42	0	0	0	1	NA	NA	NA	PF06127;COG4539	Uncharacterized membrane protein YGL010W
JPYC01000086.1_3	968	2566	1599	-1	0.640	11	GGAG/GAGG	NA	NA	NA	0	0	0	1	NA	NA	NA	NA	NA
JPYC01000086.1_4	2992	4746	1755	-1	0.636	11	AGGAG	GENOMAD.021660.VV	1.513e-07	57	0	0	0	1246	Caudoviricetes	NA	NA	COG3179;K18950	Predicted chitinase
JPYC01000086.1_5	4819	5526	708	-1	0.627	11	AGGAG	NA	NA	NA	0	0	0	1	NA	NA	NA	NA	NA
JPYC01000086.1_6	5592	6023	432	-1	0.664	11	AGxAGG/AGGxGG	NA	NA	NA	0	0	0	1	NA	NA	NA	NA	NA
JPYC01000086.1_7	6401	7063	663	-1	0.585	11	GGA/GAG/AGG	NA	NA	NA	0	0	0	1	NA	NA	NA	NA	NA
JPYC01000086.1_8	7279	8205	927	-1	0.632	11	AGGAG	NA	NA	NA	0	0	0	1	NA	NA	NA	NA	NA
JPYC01000086.1_9	8415	8744	330	1	0.682	11	None	GENOMAD.124334.CV	0.0001245	42	0	0	0	1	NA	NA	NA	PF05099;PF13446;K05801;COG1076;TIGR02349	DnaJ-domain-containing proteins 1
JPYC01000086.1_10	8868	9569	702	1	0.662	11	None	NA	NA	NA	0	0	0	1	NA	NA	NA	NA	NA
JPYC01000086.1_11	9566	10057	492	1	0.687	11	GGA/GAG/AGG	NA	NA	NA	0	0	0	1	NA	NA	NA	NA	NA
JPYC01000086.1_12	10293	11222	930	1	0.697	11	None	NA	NA	NA	0	0	0	1	NA	NA	NA	NA	NA
JPYC01000086.1_13	11480	12955	1476	1	0.657	11	AGGA	GENOMAD.114697.CP	1.699e-23	108	0	0	0	1	NA	NA	NA	PF00425;K02552;COG1169;TIGR03494	Isochorismate synthase EntC
JPYC01000086.1_14	12955	14031	1077	1	0.649	11	GGA/GAG/AGG	GENOMAD.146710.CP	6.696e-110	359	0	0	0	1	NA	NA	NA	PF00155;K01620;COG2008;TIGR02617	Threonine aldolase
JPYC01000086.1_15	14050	14832	783	1	0.596	11	AGGA	GENOMAD.140872.CP	3.473e-70	239	0	0	0	1	NA	NA	NA	PF04402;COG2968;K09807	Uncharacterized conserved protein YggE, contains kinase-interacting SIMPL domain
JPYC01000086.1_16	15186	18170	2985	1	0.595	11	GGAG/GAGG	NA	NA	NA	0	0	0	1	NA	NA	NA	NA	NA
JPYC01000086.1_17	18173	19432	1260	1	0.533	11	AGGAG	NA	NA	NA	0	0	0	1	NA	NA	NA	NA	NA
JPYC01000086.1_18	19434	20600	1167	1	0.548	11	GGAG/GAGG	NA	NA	NA	0	0	0	1	NA	NA	NA	NA	NA
JPYC01000086.1_19	20597	21607	1011	1	0.597	11	AGxAGG/AGGxGG	NA	NA	NA	0	0	0	1	NA	NA	NA	NA	NA
JPYC01000086.1_20	21604	23220	1617	1	0.557	11	None	NA	NA	NA	0	0	0	1	NA	NA	NA	NA	NA
JPYC01000086.1_21	23375	23944	570	1	0.619	11	None	NA	NA	NA	0	0	0	1	NA	NA	NA	NA	NA
JPYC01000086.1_22	24087	24719	633	1	0.649	11	GGA/GAG/AGG	NA	NA	NA	0	0	0	1	NA	NA	NA	NA	NA
JPYC01000086.1_23	24835	25872	1038	1	0.653	11	None	NA	NA	NA	0	0	0	1	NA	NA	NA	NA	NA
JPYC01000086.1_24	26013	26558	546	1	0.659	11	AGGA	NA	NA	NA	0	0	0	1	NA	NA	NA	NA	NA
JPYC01000858.1_1	3	479	477	1	0.694	11	None	GENOMAD.166434.PC	3.741e-10	60	0	0	0	1	NA	NA	NA	PF05947;COG3519;K11896;TIGR03359	Type VI protein secretion system component VasA
JPYC01000858.1_2	443	1453	1011	1	0.698	11	GGAG/GAGG	GENOMAD.167831.PC	4.6e-63	222	0	0	0	1	NA	NA	NA	PF06996;COG3520;TIGR03347;K11896	Predicted component of the type VI protein secretion system
JPYC01000858.1_3	1486	2271	786	1	0.679	11	GGAG/GAGG	NA	NA	NA	0	0	0	1	NA	NA	NA	NA	NA
JPYC01000859.1_1	2	448	447	-1	0.678	11	GGA/GAG/AGG	GENOMAD.154807.CP	5.098e-23	97	0	0	0	1	NA	NA	NA	PF16370;PF00149;COG2908;K03651;TIGR03729	C terminal of Calcineurin-like phosphoesterase; Calcineurin-like phosphoesterase
JPYC01000859.1_2	628	1248	621	-1	0.663	11	GGAG/GAGG	NA	NA	NA	0	0	0	1	NA	NA	NA	NA	NA
JPYC01000859.1_3	1238	2014	777	-1	0.634	11	GGAG/GAGG	NA	NA	NA	0	0	0	1	NA	NA	NA	NA	NA
JPYC01000859.1_4	2008	2085	78	-1	0.641	11	None	NA	NA	NA	0	0	0	1	NA	NA	NA	NA	NA
JPYC01000860.1_1	2	304	303	-1	0.627	11	GGA/GAG/AGG	GENOMAD.113507.CV	2.752e-25	101	0	0	0	1246	Caudoviricetes	NA	NA	PF03462;K02836;COG0216;TIGR00020	PCRF domain
JPYC01000861.1_1	2	97	96	1	0.719	11	None	NA	NA	NA	0	0	0	1	NA	NA	NA	NA	NA
JPYC01000861.1_2	269	349	81	1	0.654	11	None	NA	NA	NA	0	0	0	1	NA	NA	NA	NA	NA
JPYC01000862.1_1	2	301	300	1	0.667	11	None	GENOMAD.205595.PC	1.704e-37	136	0	0	0	1	NA	NA	NA	PF11769	NA
JPYC01000863.1_1	1	684	684	1	0.697	11	None	NA	NA	NA	0	0	0	1	NA	NA	NA	NA	NA
JPYC01000864.1_1	3	359	357	1	0.678	11	None	NA	NA	NA	0	0	0	1	NA	NA	NA	NA	NA
JPYC01000865.1_1	1	279	279	-1	0.735	11	GGA/GAG/AGG	NA	NA	NA	0	0	0	1	NA	NA	NA	NA	NA
JPYC01000865.1_2	348	743	396	1	0.722	11	GGAG/GAGG	NA	NA	NA	0	0	0	1	NA	NA	NA	NA	NA
JPYC01000865.1_3	1154	1375	222	-1	0.671	11	None	NA	NA	NA	0	0	0	1	NA	NA	NA	NA	NA
JPYC01000866.1_1	2	340	339	-1	0.625	11	GGAG/GAGG	GENOMAD.057410.CP	1.727e-27	108	1	0	0	1	NA	NA	NA	TIGR03625;COG0087	50S ribosomal protein uL3, bacterial form
JPYC01000866.1_2	352	777	426	-1	0.577	11	None	GENOMAD.059523.CP	6.19e-06	47	1	0	0	1	NA	NA	NA	PF00338;COG0051;TIGR01049	Ribosomal protein S10p/S20e
JPYC01000866.1_3	855	965	111	1	0.559	11	GGA/GAG/AGG	NA	NA	NA	0	0	0	1	NA	NA	NA	NA	NA
JPYC01000866.1_4	1695	2369	675	1	0.627	11	GGA/GAG/AGG	NA	NA	NA	0	0	0	1	NA	NA	NA	NA	NA
JPYC01000866.1_5	2657	2758	102	-1	0.578	11	None	NA	NA	NA	0	0	0	1	NA	NA	NA	NA	NA
JPYC01000867.1_1	160	294	135	-1	0.696	11	None	NA	NA	NA	0	0	0	1	NA	NA	NA	NA	NA
JPYC01000087.1_1	19	1254	1236	-1	0.635	11	AGGA	GENOMAD.101078.CP	4.149e-08	58	0	0	0	1	NA	NA	NA	NA	NA
JPYC01000087.1_2	1309	2340	1032	-1	0.621	11	AGGA	GENOMAD.121677.CP	3.259e-09	61	0	0	0	1	NA	NA	NA	NA	NA
JPYC01000087.1_3	2653	3147	495	-1	0.655	11	None	GENOMAD.029544.CC	1.677e-59	203	0	0	0	1	NA	NA	NA	COG3134	Uncharacterized conserved protein YcfJ, contains glycine zipper 2TM domain
JPYC01000087.1_4	3325	4749	1425	1	0.658	11	GGA/GAG/AGG	NA	NA	NA	0	0	0	1	NA	NA	NA	NA	NA
JPYC01000868.1_1	351	1508	1158	-1	0.640	11	None	GENOMAD.154807.CP	6.067e-73	253	0	0	0	1	NA	NA	NA	PF16370;PF00149;COG2908;K03651;TIGR03729	C terminal of Calcineurin-like phosphoesterase; Calcineurin-like phosphoesterase
JPYC01000869.1_1	115	687	573	1	0.646	11	GGAGG	NA	NA	NA	0	0	0	1	NA	NA	NA	NA	NA
JPYC01000870.1_1	2	103	102	-1	0.598	11	GGAG/GAGG	NA	NA	NA	0	0	0	1	NA	NA	NA	NA	NA
JPYC01000871.1_1	322	945	624	1	0.628	11	GGA/GAG/AGG	NA	NA	NA	0	0	0	1	NA	NA	NA	NA	NA
JPYC01000872.1_1	1	279	279	-1	0.656	11	None	NA	NA	NA	0	0	0	1	NA	NA	NA	NA	NA
JPYC01000873.1_1	30	218	189	-1	0.656	11	None	NA	NA	NA	0	0	0	1	NA	NA	NA	NA	NA
JPYC01000875.1_1	43	543	501	-1	0.695	11	None	NA	NA	NA	0	0	0	1	NA	NA	NA	NA	NA
JPYC01000876.1_1	2	151	150	-1	0.667	11	3Base/5BMM	GENOMAD.194301.PC	2.121e-06	44	0	0	0	1	NA	NA	NA	PF11859;COG5343	Anti-sigma-K factor RskA
JPYC01000876.1_2	148	315	168	-1	0.613	11	None	NA	NA	NA	0	0	0	1	NA	NA	NA	NA	NA
JPYC01000877.1_1	3	524	522	1	0.678	11	None	NA	NA	NA	0	0	0	1	NA	NA	NA	NA	NA
JPYC01000088.1_1	3	305	303	1	0.578	11	None	NA	NA	NA	0	0	0	1	NA	NA	NA	NA	NA
JPYC01000088.1_2	310	2316	2007	1	0.592	11	GGA/GAG/AGG	NA	NA	NA	0	0	0	1	NA	NA	NA	NA	NA
JPYC01000088.1_3	2313	4319	2007	1	0.595	11	None	NA	NA	NA	0	0	0	1	NA	NA	NA	NA	NA
JPYC01000088.1_4	5234	7120	1887	1	0.584	11	GGA/GAG/AGG	NA	NA	NA	0	0	0	1	NA	NA	NA	NA	NA
JPYC01000088.1_5	7292	7468	177	-1	0.655	11	GGAG/GAGG	NA	NA	NA	0	0	0	1	NA	NA	NA	NA	NA
JPYC01000088.1_6	7547	7795	249	-1	0.643	11	GGA/GAG/AGG	NA	NA	NA	0	0	0	1	NA	NA	NA	NA	NA
JPYC01000088.1_7	7856	9649	1794	1	0.662	11	None	NA	NA	NA	0	0	0	1	NA	NA	NA	NA	NA
JPYC01000088.1_8	9832	10065	234	-1	0.645	11	GGAG/GAGG	NA	NA	NA	0	0	0	1	NA	NA	NA	NA	NA
JPYC01000088.1_9	10232	11206	975	1	0.657	11	None	NA	NA	NA	0	0	0	1	NA	NA	NA	NA	NA
JPYC01000088.1_10	11459	12883	1425	-1	0.682	11	GGAG/GAGG	NA	NA	NA	0	0	0	1	NA	NA	NA	NA	NA
JPYC01000088.1_11	12877	13608	732	-1	0.631	11	AGGA	NA	NA	NA	0	0	0	1	NA	NA	NA	NA	NA
JPYC01000088.1_12	13652	14146	495	-1	0.648	11	None	NA	NA	NA	0	0	0	1	NA	NA	NA	NA	NA
JPYC01000878.1_1	2	88	87	1	0.724	11	None	NA	NA	NA	0	0	0	1	NA	NA	NA	NA	NA
JPYC01000878.1_2	325	513	189	1	0.582	11	GGA/GAG/AGG	GENOMAD.180845.CP	2.981e-08	50	0	0	0	1	NA	NA	NA	PF05532;COG3237	Uncharacterized conserved protein YjbJ, UPF0337 family
JPYC01000879.1_1	61	285	225	-1	0.609	11	None	NA	NA	NA	0	0	0	1	NA	NA	NA	NA	NA
JPYC01000880.1_1	2	211	210	-1	0.624	11	AGGA	NA	NA	NA	0	0	0	1	NA	NA	NA	NA	NA
JPYC01000880.1_2	673	993	321	1	0.642	11	GGAG/GAGG	NA	NA	NA	0	0	0	1	NA	NA	NA	NA	NA
JPYC01000881.1_1	471	2171	1701	1	0.708	11	GGAGG	GENOMAD.091825.CP	3.685e-54	204	0	0	0	1	NA	NA	NA	PF00448;K02404;COG1419;TIGR03499	Flagellar biosynthesis GTPase FlhF
JPYC01000881.1_2	2158	3042	885	1	0.671	11	GGAG/GAGG	NA	NA	NA	0	0	0	1	NA	NA	NA	NA	NA
JPYC01000881.1_3	3039	3806	768	1	0.671	11	GGAG/GAGG	NA	NA	NA	0	0	0	1	NA	NA	NA	NA	NA
JPYC01000881.1_4	3842	4129	288	1	0.608	11	AGGAG	NA	NA	NA	0	0	0	1	NA	NA	NA	NA	NA
JPYC01000882.1_1	2	256	255	-1	0.671	11	GGxGG	GENOMAD.166405.CP	4.116e-37	134	0	0	0	1	NA	NA	NA	PF04344;K03414;COG3143	Chemotaxis regulator CheZ, phosphatase of CheY~P
JPYC01000882.1_2	256	378	123	-1	0.610	11	None	NA	NA	NA	0	0	0	1	NA	NA	NA	NA	NA
JPYC01000883.1_1	3	551	549	-1	0.683	11	None	NA	NA	NA	0	0	0	1	NA	NA	NA	NA	NA
JPYC01000884.1_1	3	329	327	-1	0.685	11	None	NA	NA	NA	0	0	0	1	NA	NA	NA	NA	NA
JPYC01000885.1_1	405	1304	900	1	0.678	11	GGAG/GAGG	GENOMAD.092059.VV	2.931e-12	70	0	0	0	1246	Caudoviricetes	NA	NA	PF00226;K05516;TIGR02349;COG0484	chaperone protein DnaJ
JPYC01000886.1_1	238	624	387	1	0.628	11	GGA/GAG/AGG	NA	NA	NA	0	0	0	1	NA	NA	NA	NA	NA
JPYC01000887.1_1	3	308	306	1	0.693	11	None	NA	NA	NA	0	0	0	1	NA	NA	NA	NA	NA
JPYC01000089.1_1	1	1206	1206	-1	0.701	11	None	GENOMAD.179434.CP	0.0002011	46	0	0	0	1	NA	NA	NF033135	COG2814;K03535	Predicted arabinose efflux permease, MFS family
JPYC01000089.1_2	1306	2220	915	1	0.689	11	None	NA	NA	NA	0	0	0	1	NA	NA	NA	NA	NA
JPYC01000089.1_3	2774	3877	1104	1	0.658	11	GGA/GAG/AGG	GENOMAD.137519.CP	0.0001734	46	0	0	0	1	NA	NA	NA	PF20240;PF12833;K17736;COG2207	AraC-type DNA-binding domain and AraC-containing proteins
JPYC01000089.1_4	3986	4456	471	-1	0.671	11	AGGAG	GENOMAD.167601.PC	1.245e-24	102	0	0	0	1	NA	NA	NA	NA	NA
JPYC01000089.1_5	4658	5557	900	1	0.652	11	None	NA	NA	NA	0	0	0	1	NA	NA	NA	NA	NA
JPYC01000089.1_6	5734	6414	681	-1	0.665	11	GGAG/GAGG	GENOMAD.116548.CP	1.234e-25	108	0	0	0	1	NA	NA	NA	PF13022;PF14246;K18301;TIGR03384;COG3226	transcriptional repressor BetI
JPYC01000089.1_7	6407	7912	1506	-1	0.661	11	AGGA	GENOMAD.125808.CP	2.008e-06	53	0	0	0	1	NA	NA	NA	PF02321;K03287;TIGR01845;COG1538	efflux transporter, outer membrane factor (OMF) lipoprotein, NodT family
JPYC01000089.1_8	7914	11057	3144	-1	0.633	11	GGA/GAG/AGG	NA	NA	NA	0	0	0	1	NA	NA	NA	NA	NA
JPYC01000089.1_9	11074	12168	1095	-1	0.684	11	GGA/GAG/AGG	GENOMAD.176977.PC	8.394e-05	47	0	0	0	1	NA	NA	NA	TIGR00999	Membrane Fusion Protein cluster 2 (function with RND porters)
JPYC01000089.1_10	12422	13042	621	1	0.633	11	GGAG/GAGG	GENOMAD.152184.PC	3.764e-22	97	0	0	0	1	NA	NA	NA	PF14246	AefR-like transcriptional repressor, C-terminal domain
JPYC01000089.1_11	13356	13862	507	-1	0.667	11	GGAG/GAGG	NA	NA	NA	0	0	0	1	NA	NA	NA	NA	NA
JPYC01000089.1_12	13876	15279	1404	-1	0.652	11	GGA/GAG/AGG	NA	NA	NA	0	0	0	1	NA	NA	NA	NA	NA
JPYC01000089.1_13	15347	16438	1092	-1	0.661	11	GGA/GAG/AGG	GENOMAD.191564.CP	8.553e-119	385	0	0	0	1	NA	NA	NA	PF12275	Esterase-like activity of phytase
JPYC01000089.1_14	16460	17344	885	-1	0.680	11	GGA/GAG/AGG	NA	NA	NA	0	0	0	1	NA	NA	NA	NA	NA
JPYC01000089.1_15	17469	18134	666	-1	0.649	11	None	GENOMAD.180885.CP	8.514e-86	282	0	0	0	1	NA	NA	NA	PF13527;COG3153;K18815;TIGR04431	Predicted N-acetyltransferase YhbS
JPYC01000089.1_16	18115	18537	423	-1	0.695	11	GGA/GAG/AGG	NA	NA	NA	0	0	0	1	NA	NA	NA	NA	NA
JPYC01000089.1_17	18545	19864	1320	-1	0.658	11	GGAG/GAGG	GENOMAD.145476.CP	9.21e-70	246	0	0	0	1	NA	NA	NA	K06143;COG4452	Inner membrane protein involved in colicin E2 resistance
JPYC01000089.1_18	20285	21097	813	1	0.640	11	GGAG/GAGG	NA	NA	NA	0	0	0	1	NA	NA	NA	NA	NA
JPYC01000089.1_19	21222	22670	1449	-1	0.665	11	AGGA/GGAG/GAGG	NA	NA	NA	0	0	0	1	NA	NA	NA	NA	NA
JPYC01000089.1_20	22719	23039	321	-1	0.720	11	None	NA	NA	NA	0	0	0	1	NA	NA	NA	NA	NA
JPYC01000888.1_1	3	1229	1227	-1	0.703	11	None	NA	NA	NA	0	0	0	1	NA	NA	NA	NA	NA
JPYC01000888.1_2	1811	4180	2370	1	0.658	11	None	GENOMAD.129013.CP	1.529e-19	97	0	0	0	1	NA	NA	NA	PF00326;PF00930;K01278;COG1770;TIGR02821	Prolyl oligopeptidase family; Dipeptidyl peptidase IV (DPP IV) N-terminal region
JPYC01000888.1_3	4611	5048	438	1	0.678	11	GGAG/GAGG	NA	NA	NA	0	0	0	1	NA	NA	NA	NA	NA
JPYC01000889.1_1	3	431	429	1	0.716	11	None	NA	NA	NA	0	0	0	1	NA	NA	NA	NA	NA
JPYC01000890.1_1	2	646	645	-1	0.682	11	None	GENOMAD.095931.CV	3.252e-29	118	0	0	0	1	NA	NA	NA	PF11398;K03629;TIGR00611;COG1195	recF protein
JPYC01000891.1_1	3	737	735	-1	0.657	11	GGA/GAG/AGG	GENOMAD.191002.CP	2.346e-58	204	0	0	0	1	NA	NA	NA	PF05195	Putative metallopeptidase
JPYC01000891.1_2	945	1250	306	-1	0.663	11	None	GENOMAD.013799.CC	1.765e-45	159	0	0	0	1	NA	NA	NA	PF16823;COG3215;TIGR02266	Tfp pilus assembly protein PilZ
JPYC01000892.1_1	2	217	216	1	0.653	11	None	NA	NA	NA	0	0	0	1	NA	NA	NA	NA	NA
JPYC01000892.1_2	214	273	60	1	0.733	11	GGAG/GAGG	NA	NA	NA	0	0	0	1	NA	NA	NA	NA	NA
JPYC01000893.1_1	3	188	186	-1	0.677	11	AGGA	NA	NA	NA	0	0	0	1	NA	NA	NA	NA	NA
JPYC01000893.1_2	185	817	633	-1	0.682	11	GGA/GAG/AGG	NA	NA	NA	0	0	0	1	NA	NA	NA	NA	NA
JPYC01000893.1_3	1232	1486	255	1	0.643	11	None	NA	NA	NA	0	0	0	1	NA	NA	NA	NA	NA
JPYC01000894.1_1	129	356	228	1	0.680	11	None	NA	NA	NA	0	0	0	1	NA	NA	NA	NA	NA
JPYC01000895.1_1	2	460	459	1	0.667	11	None	GENOMAD.108595.CP	6.237e-22	94	0	0	0	1246	Caudoviricetes	NA	NA	PF00275;TIGR01356;COG0766;K00790	3-phosphoshikimate 1-carboxyvinyltransferase
JPYC01000895.1_2	457	780	324	1	0.627	11	None	NA	NA	NA	0	0	0	1	NA	NA	NA	NA	NA
JPYC01000896.1_1	2	238	237	-1	0.679	11	None	NA	NA	NA	0	0	0	1	NA	NA	NA	NA	NA
JPYC01000897.1_1	3	944	942	-1	0.671	11	GGA/GAG/AGG	GENOMAD.190712.CP	4.23e-148	467	0	0	0	1	NA	NA	NA	PF07475;TIGR04355;COG0125;K10038	HprK-related kinase B
JPYC01000897.1_2	1139	2629	1491	1	0.644	11	GGA/GAG/AGG	NA	NA	NA	0	0	0	1	NA	NA	NA	NA	NA
JPYC01000897.1_3	2685	3224	540	1	0.657	11	GGA/GAG/AGG	NA	NA	NA	0	0	0	1	NA	NA	NA	NA	NA
JPYC01000009.1_1	131	1375	1245	-1	0.654	11	GGA/GAG/AGG	NA	NA	NA	0	0	0	1	NA	NA	NA	NA	NA
JPYC01000009.1_2	1372	2634	1263	-1	0.675	11	GGAG/GAGG	NA	NA	NA	0	0	0	1	NA	NA	NA	NA	NA
JPYC01000009.1_3	2634	3398	765	-1	0.630	11	GGA/GAG/AGG	NA	NA	NA	0	0	0	1	NA	NA	NA	NA	NA
JPYC01000009.1_4	3554	5011	1458	-1	0.613	11	GGA/GAG/AGG	NA	NA	NA	0	0	0	1	NA	NA	NA	NA	NA
JPYC01000009.1_5	5027	5485	459	-1	0.662	11	None	NA	NA	NA	0	0	0	1	NA	NA	NA	NA	NA
JPYC01000009.1_6	5658	6125	468	1	0.600	11	GGA/GAG/AGG	NA	NA	NA	0	0	0	1	NA	NA	NA	NA	NA
JPYC01000009.1_7	6227	6769	543	1	0.617	11	AGGAG	NA	NA	NA	0	0	0	1	NA	NA	NA	NA	NA
JPYC01000009.1_8	6882	7478	597	-1	0.640	11	GGAG/GAGG	GENOMAD.047461.CC	2.036e-05	47	0	0	0	1	NA	NA	NA	PF07273	NA
JPYC01000009.1_9	7534	8076	543	-1	0.659	11	GGA/GAG/AGG	NA	NA	NA	0	0	0	1	NA	NA	NA	NA	NA
JPYC01000009.1_10	8133	8474	342	-1	0.655	11	None	NA	NA	NA	0	0	0	1	NA	NA	NA	NA	NA
JPYC01000009.1_11	8532	9173	642	-1	0.676	11	None	GENOMAD.205988.VC	5.694e-06	49	0	0	0	1	NA	NA	NA	PF01333;COG2190	Apocytochrome F, C-terminal
JPYC01000009.1_12	9280	9705	426	-1	0.631	11	GGA/GAG/AGG	NA	NA	NA	0	0	0	1	NA	NA	NA	NA	NA
JPYC01000009.1_13	10265	11119	855	-1	0.688	11	GGA/GAG/AGG	NA	NA	NA	0	0	0	1	NA	NA	NA	NA	NA
JPYC01000009.1_14	11163	11855	693	-1	0.662	11	GGA/GAG/AGG	GENOMAD.113324.CP	2.014e-32	128	0	0	0	1	NA	NA	NA	PF01168;K06997;TIGR00044;COG0325	pyridoxal phosphate enzyme, YggS family
JPYC01000009.1_15	12274	13311	1038	1	0.618	11	GGA/GAG/AGG	NA	NA	NA	0	0	0	1	NA	NA	NA	NA	NA
JPYC01000009.1_16	13424	14554	1131	1	0.616	11	AGGAG	GENOMAD.005978.CC	1.698e-08	59	0	0	0	1246	Caudoviricetes	T_virB11	NA	PF00437;PF05810;K07332;TIGR03819;COG4962	helicase/secretion neighborhood ATPase
JPYC01000009.1_17	15058	15732	675	1	0.647	11	GGAG/GAGG	NA	NA	NA	0	0	0	1	NA	NA	NA	NA	NA
JPYC01000009.1_18	15906	16814	909	-1	0.640	11	None	GENOMAD.142156.CP	3.779e-07	54	0	0	0	1	NA	NA	NA	PF01904;COG1801	Uncharacterized conserved protein YecE, DUF72 family
JPYC01000009.1_19	16840	17412	573	-1	0.647	11	GGA/GAG/AGG	NA	NA	NA	0	0	0	1	NA	NA	NA	NA	NA
JPYC01000009.1_20	17689	18255	567	1	0.658	11	None	NA	NA	NA	0	0	0	1	NA	NA	NA	NA	NA
JPYC01000009.1_21	18248	18715	468	1	0.705	11	GGA/GAG/AGG	GENOMAD.068739.CP	2.193e-35	133	1	0	0	1	NA	NA	NA	PF03652;TIGR00250;COG0816	Holliday junction resolvase
JPYC01000009.1_22	18729	19676	948	1	0.680	11	None	NA	NA	NA	0	0	0	1	NA	NA	NA	NA	NA
JPYC01000009.1_23	19990	20424	435	1	0.634	11	AGGAG	GENOMAD.145653.CP	4.644e-39	143	0	0	0	1	NA	NA	NA	PF02566;K04063;TIGR03562;COG1765	peroxiredoxin, OsmC subfamily
JPYC01000009.1_24	20577	21176	600	1	0.648	11	None	GENOMAD.031556.CC	0.0004151	43	0	0	0	1	NA	NA	NA	NA	NA
JPYC01000009.1_25	21440	22321	882	-1	0.690	11	GGA/GAG/AGG	NA	NA	NA	0	0	0	1	NA	NA	NA	NA	NA
JPYC01000009.1_26	22353	23231	879	-1	0.702	11	GGA/GAG/AGG	NA	NA	NA	0	0	0	1	NA	NA	NA	NA	NA
JPYC01000009.1_27	23415	26024	2610	1	0.663	11	None	NA	NA	NA	0	0	0	1	NA	NA	NA	NA	NA
JPYC01000009.1_28	26008	26466	459	1	0.630	11	GGAG/GAGG	NA	NA	NA	0	0	0	1	NA	NA	NA	NA	NA
JPYC01000009.1_29	26463	27818	1356	1	0.651	11	GGA/GAG/AGG	GENOMAD.177813.CP	3.73e-114	376	0	0	0	1	NA	NA	NA	PF06508;K23170;TIGR00364;COG0603	queuosine biosynthesis protein QueC
JPYC01000009.1_30	27799	29205	1407	1	0.682	11	GGAG/GAGG	GENOMAD.083685.CV	3.858e-26	116	1	0	0	1246	Caudoviricetes	NA	NA	PF08245;PF01225;K01925;TIGR01087;COG0773	UDP-N-acetylmuramoylalanine--D-glutamate ligase
JPYC01000009.1_31	29605	30327	723	1	0.674	11	None	GENOMAD.137948.CP	6.158e-90	295	0	0	0	1	NA	NA	NA	PF01738;K01061;COG3509;TIGR03100	Dienelactone hydrolase family
JPYC01000009.1_32	30533	31531	999	-1	0.684	11	None	NA	NA	NA	0	0	0	1	NA	NA	NA	NA	NA
JPYC01000009.1_33	31807	32340	534	1	0.663	11	GGA/GAG/AGG	NA	NA	NA	0	0	0	1	NA	NA	NA	NA	NA
JPYC01000009.1_34	32626	34035	1410	-1	0.661	11	None	GENOMAD.171872.PC	3.009e-13	75	0	0	0	1	NA	NA	NA	PF22588	Histidine kinase sensor domain
JPYC01000009.1_35	34398	35405	1008	1	0.657	11	AGGAG	NA	NA	NA	0	0	0	1	NA	NA	NA	NA	NA
JPYC01000009.1_36	35835	36485	651	1	0.625	11	GGAG/GAGG	NA	NA	NA	0	0	0	1	NA	NA	NA	NA	NA
JPYC01000009.1_37	36482	37432	951	1	0.666	11	GGAGG	GENOMAD.138352.CP	1.223e-31	129	0	0	0	1	NA	NA	NA	PF00941;PF03450;K11178;TIGR03195;COG1319	4-hydroxybenzoyl-CoA reductase, beta subunit
JPYC01000009.1_38	37434	39641	2208	1	0.649	11	GGAG/GAGG	NA	NA	NA	0	0	0	1	NA	NA	NA	NA	NA
JPYC01000009.1_39	39818	40642	825	1	0.678	11	GGA/GAG/AGG	NA	NA	NA	0	0	0	1	NA	NA	NA	NA	NA
JPYC01000009.1_40	41048	41656	609	1	0.683	11	None	GENOMAD.129102.CP	4.96e-13	70	0	0	0	1	NA	NA	NA	PF01983;K07141;TIGR03310;COG2068	molybdenum cofactor cytidylyltransferase
JPYC01000009.1_41	41864	41959	96	-1	0.500	11	GGAGG	NA	NA	NA	0	0	0	1	NA	NA	NA	NA	NA
JPYC01000009.1_42	42323	42538	216	1	0.671	11	GGAGG	NA	NA	NA	0	0	0	1	NA	NA	NA	NA	NA
JPYC01000009.1_43	42706	42981	276	1	0.609	11	GGA/GAG/AGG	NA	NA	NA	0	0	0	1	NA	NA	NA	NA	NA
JPYC01000090.1_1	1	771	771	-1	0.646	11	GGAGG	NA	NA	NA	0	0	0	1	NA	NA	NA	NA	NA
JPYC01000090.1_2	768	1832	1065	-1	0.658	11	GGA/GAG/AGG	GENOMAD.138352.CP	6.547e-34	137	0	0	0	1	NA	NA	NA	PF00941;PF03450;K11178;TIGR03195;COG1319	4-hydroxybenzoyl-CoA reductase, beta subunit
JPYC01000090.1_3	1829	2407	579	-1	0.660	11	None	NA	NA	NA	0	0	0	1	NA	NA	NA	NA	NA
JPYC01000090.1_4	2703	4022	1320	1	0.667	11	GGAG/GAGG	GENOMAD.158964.CP	9.083e-117	383	0	0	0	1	NA	NA	NA	PF05559;K09003;COG1415	NA
JPYC01000090.1_5	4019	4612	594	1	0.641	11	GGA/GAG/AGG	NA	NA	NA	0	0	0	1	NA	NA	NA	NA	NA
JPYC01000090.1_6	4675	5019	345	1	0.626	11	GGAGG	GENOMAD.178606.CP	0.0003218	41	0	0	0	1	NA	NA	NA	PF11699;TIGR04366;COG0662;K14673	Mif2/CENP-C like
JPYC01000090.1_7	5182	5685	504	1	0.625	11	GGA/GAG/AGG	NA	NA	NA	0	0	0	1	NA	NA	NA	NA	NA
JPYC01000090.1_8	5793	6218	426	-1	0.610	11	None	NA	NA	NA	0	0	0	1	NA	NA	NA	NA	NA
JPYC01000090.1_9	6227	6448	222	-1	0.617	11	GGA/GAG/AGG	NA	NA	NA	0	0	0	1	NA	NA	NA	NA	NA
JPYC01000090.1_10	6598	7203	606	1	0.673	11	None	NA	NA	NA	0	0	0	1	NA	NA	NA	NA	NA
JPYC01000090.1_11	7205	7858	654	1	0.694	11	GGA/GAG/AGG	GENOMAD.171994.PC	1.532e-11	66	0	0	0	1	NA	NA	NA	PF03846;K13053;TIGR00623;COG5404	cell division inhibitor SulA
JPYC01000090.1_12	7868	9286	1419	1	0.695	11	GGAG/GAGG	GENOMAD.154735.PC	1.753e-58	214	0	0	0	1	NA	NA	NA	PF00817;K14161;COG0389	Nucleotidyltransferase/DNA polymerase involved in DNA repair
JPYC01000090.1_13	9461	11938	2478	1	0.631	11	GGA/GAG/AGG	NA	NA	NA	0	0	0	1	NA	NA	NA	NA	NA
JPYC01000898.1_1	1	2169	2169	-1	0.482	11	AGGA	NA	NA	NA	0	0	0	1	NA	NA	NA	NA	NA
JPYC01000899.1_1	1	267	267	1	0.697	11	None	NA	NA	NA	0	0	0	1	NA	NA	NA	NA	NA
JPYC01000900.1_1	3	497	495	-1	0.695	11	None	NA	NA	NA	0	0	0	1	NA	NA	NA	NA	NA
JPYC01000901.1_1	3	575	573	1	0.670	11	None	GENOMAD.130695.CP	1.686e-26	109	0	0	0	1	NA	NA	NA	PF01182;K01057;TIGR01198;COG0363	6-phosphogluconolactonase
JPYC01000901.1_2	707	2623	1917	1	0.671	11	None	NA	NA	NA	0	0	0	1	NA	NA	NA	NA	NA
JPYC01000901.1_3	2676	3335	660	1	0.694	11	GGAG/GAGG	NA	NA	NA	0	0	0	1	NA	NA	NA	NA	NA
JPYC01000901.1_4	3808	4863	1056	-1	0.644	11	None	NA	NA	NA	0	0	0	1	NA	NA	NA	NA	NA
JPYC01000902.1_1	3	656	654	1	0.639	11	None	NA	NA	NA	0	0	0	1	NA	NA	NA	NA	NA
JPYC01000902.1_2	1062	1511	450	-1	0.602	11	GGA/GAG/AGG	GENOMAD.003878.CC	1.467e-28	113	0	0	0	1	NA	NA	NA	PF09500;TIGR02447;COG2050;K02614	thioesterase domain, putative
JPYC01000902.1_3	1778	2635	858	-1	0.674	11	GGA/GAG/AGG	NA	NA	NA	0	0	0	1	NA	NA	NA	NA	NA
JPYC01000903.1_1	2	718	717	-1	0.649	11	None	NA	NA	NA	0	0	0	1	NA	NA	NA	NA	NA
JPYC01000904.1_1	1	570	570	1	0.707	11	None	NA	NA	NA	0	0	0	1	NA	NA	NA	NA	NA
JPYC01000905.1_1	2	349	348	1	0.638	11	None	NA	NA	NA	0	0	0	1	NA	NA	NA	NA	NA
JPYC01000906.1_1	3	656	654	1	0.631	11	None	GENOMAD.130354.CP	6.177e-43	158	0	0	0	1	NA	NA	NA	PF14905;PF07715;K16088;COG4773;TIGR01776	Outer membrane receptor for ferric coprogen and ferric-rhodotorulic acid
JPYC01000907.1_1	274	468	195	-1	0.590	11	None	NA	NA	NA	0	0	0	1	NA	NA	NA	NA	NA
JPYC01000091.1_1	2	682	681	-1	0.615	11	AGGA	NA	NA	NA	0	0	0	1	NA	NA	NA	NA	NA
JPYC01000091.1_2	692	2011	1320	-1	0.515	11	AGGAG	NA	NA	NA	0	0	0	1	NA	NA	NA	NA	NA
JPYC01000091.1_3	2008	3102	1095	-1	0.633	11	AGGA	NA	NA	NA	0	0	0	1	NA	NA	NA	NA	NA
JPYC01000091.1_4	3099	5285	2187	-1	0.566	11	AGxAGG/AGGxGG	NA	NA	NA	0	0	0	1	NA	NA	NA	NA	NA
JPYC01000091.1_5	5358	6248	891	-1	0.637	11	GGAG/GAGG	GENOMAD.167997.CP	0.0001173	46	0	0	0	1	NA	NA	NA	PF16561;COG1715	Glycogen recognition site of AMP-activated protein kinase
JPYC01000091.1_6	6289	6597	309	-1	0.618	11	GGA/GAG/AGG	GENOMAD.151194.PC	5.121e-35	129	0	1	0	1	NA	NA	NA	PF05016;COG3668;K19093;TIGR02385	Plasmid stabilization system protein ParE
JPYC01000091.1_7	6604	6867	264	-1	0.652	11	None	NA	NA	NA	0	0	0	1	NA	NA	NA	NA	NA
JPYC01000091.1_8	7057	7632	576	-1	0.606	11	GGAG/GAGG	GENOMAD.190173.PC	2.164e-23	100	0	0	0	1	NA	NA	NA	PF10706;COG4849	Predicted nucleotidyltransferase
JPYC01000091.1_9	7622	8152	531	-1	0.665	11	AGxAGG/AGGxGG	NA	NA	NA	0	0	0	1	NA	NA	NA	NA	NA
JPYC01000091.1_10	8279	9943	1665	-1	0.626	11	GGAG/GAGG	NA	NA	NA	0	0	0	1	NA	NA	NA	NA	NA
JPYC01000091.1_11	9964	10695	732	-1	0.598	11	GGAG/GAGG	NA	NA	NA	0	0	0	1	NA	NA	NA	NA	NA
JPYC01000908.1_1	2	847	846	-1	0.654	11	GGA/GAG/AGG	GENOMAD.129561.CP	3.176e-07	54	0	0	0	1	NA	NA	NA	PF04879;PF00384;K08348;TIGR01553;COG0243	formate dehydrogenase-N alpha subunit
JPYC01000908.1_2	844	1128	285	-1	0.670	11	None	NA	NA	NA	0	0	0	1	NA	NA	NA	NA	NA
JPYC01000909.1_1	2	412	411	1	0.672	11	None	NA	NA	NA	0	0	0	1	NA	NA	NA	NA	NA
JPYC01000910.1_1	403	750	348	1	0.641	11	GGAG/GAGG	NA	NA	NA	0	0	0	1	NA	NA	NA	NA	NA
JPYC01000911.1_1	1	531	531	-1	0.702	11	None	GENOMAD.120512.CP	4.574e-63	214	0	0	0	1	NA	NA	NA	PF02602;K13543;COG1587	Uroporphyrinogen-III synthase HemD
JPYC01000912.1_1	1	681	681	-1	0.595	11	None	GENOMAD.143062.VC	0.0001334	45	0	0	0	1	NA	NA	NA	PF06689;TIGR00382	endopeptidase Clp ATP-binding regulatory subunit (clpX)
JPYC01000912.1_2	807	1433	627	-1	0.627	11	GGA/GAG/AGG	GENOMAD.092312.VV	0.0001055	45	0	0	0	1246	Caudoviricetes	NA	NA	NA	NA
JPYC01000912.1_3	1526	2818	1293	-1	0.656	11	AGGAG	GENOMAD.116598.CV	2.973e-30	128	0	0	0	1246	Caudoviricetes	NA	NA	PF05697;K03545;COG0544;TIGR00115	FKBP-type peptidyl-prolyl cis-trans isomerase (trigger factor)
JPYC01000912.1_4	3353	4621	1269	1	0.660	11	None	NA	NA	NA	0	0	0	1	NA	NA	NA	NA	NA
JPYC01000912.1_5	5639	6400	762	1	0.631	11	GGAG/GAGG	NA	NA	NA	0	0	0	1	NA	NA	NA	NA	NA
JPYC01000913.1_1	2	721	720	-1	0.653	11	None	NA	NA	NA	0	0	0	1	NA	NA	NA	NA	NA
JPYC01000913.1_2	861	2429	1569	-1	0.683	11	None	NA	NA	NA	0	0	0	1	NA	NA	NA	NA	NA
JPYC01000914.1_1	3	266	264	1	0.633	11	None	NA	NA	NA	0	0	0	1	NA	NA	NA	NA	NA
JPYC01000915.1_1	1	246	246	1	0.679	11	None	NA	NA	NA	0	0	0	1	NA	NA	NA	NA	NA
JPYC01000916.1_1	75	368	294	-1	0.673	11	None	NA	NA	NA	0	0	0	1	NA	NA	NA	NA	NA
JPYC01000917.1_1	2	613	612	-1	0.685	11	GGAG/GAGG	NA	NA	NA	0	0	0	1	NA	NA	NA	NA	NA
JPYC01000917.1_2	610	1710	1101	-1	0.682	11	None	GENOMAD.105361.CP	1.351e-12	72	0	0	0	1	NA	NA	NA	NA	NA
JPYC01000092.1_1	2	361	360	1	0.653	11	None	GENOMAD.142991.CP	6.139e-08	52	0	0	0	1	NA	NA	NA	PF01633;COG2112;K13419;TIGR03724	Predicted Ser/Thr protein kinase
JPYC01000092.1_2	565	2550	1986	-1	0.669	11	GGAG/GAGG	GENOMAD.142438.CP	1.329e-09	64	0	0	0	1246	Caudoviricetes	NA	NA	PF02838;COG3661	Glycosyl hydrolase family 20, domain 2
JPYC01000092.1_3	3028	3366	339	-1	0.640	11	GGA/GAG/AGG	NA	NA	NA	0	0	0	1	NA	NA	NA	NA	NA
JPYC01000092.1_4	3556	3834	279	1	0.699	11	GGAG/GAGG	GENOMAD.097670.CP	3.087e-20	86	0	0	0	1	NA	NA	NA	PF04380;COG2960	Uncharacterized conserved protein YqiC, BMFP domain
JPYC01000092.1_5	3850	5370	1521	1	0.699	11	GGA/GAG/AGG	NA	NA	NA	0	0	0	1	NA	NA	NA	NA	NA
JPYC01000092.1_6	5710	6219	510	1	0.639	11	GGAG/GAGG	NA	NA	NA	0	0	0	1	NA	NA	NA	NA	NA
JPYC01000092.1_7	6443	6619	177	-1	0.633	11	GGAGG	NA	NA	NA	0	0	0	1	NA	NA	NA	NA	NA
JPYC01000092.1_8	6999	8561	1563	1	0.672	11	AGxAGG/AGGxGG	GENOMAD.178996.PC	9.079e-23	106	0	0	0	1	NA	NA	NA	PF12792;K21090;COG4943	CSS motif domain associated with EAL
JPYC01000092.1_9	8626	9747	1122	-1	0.645	11	AGGA	NA	NA	NA	0	0	0	1	NA	NA	NA	NA	NA
JPYC01000092.1_10	9757	10833	1077	-1	0.691	11	None	NA	NA	NA	0	0	0	1	NA	NA	NA	NA	NA
JPYC01000092.1_11	10926	11573	648	1	0.662	11	None	GENOMAD.166505.CP	4.712e-23	100	0	0	0	1	NA	NA	NA	PF00440;K22105;TIGR03384;COG1309	transcriptional repressor BetI
JPYC01000092.1_12	13238	14362	1125	1	0.642	11	AGGAG	NA	NA	NA	0	0	0	1	NA	NA	NA	NA	NA
JPYC01000092.1_13	14417	15640	1224	1	0.639	11	GGA/GAG/AGG	NA	NA	NA	0	0	0	1	NA	NA	NA	NA	NA
JPYC01000092.1_14	15846	16469	624	1	0.652	11	GGAGG	GENOMAD.215480.PC	2.692e-12	68	0	0	0	1	NA	NA	NA	NA	NA
JPYC01000918.1_1	10	282	273	-1	0.663	11	None	NA	NA	NA	0	0	0	1	NA	NA	NA	NA	NA
JPYC01000919.1_1	139	246	108	1	0.667	11	GGAGG	NA	NA	NA	0	0	0	1	NA	NA	NA	NA	NA
JPYC01000920.1_1	44	397	354	1	0.636	11	AGGA	GENOMAD.092163.CP	0.0007752	40	0	0	0	1	NA	NA	NA	COG1862	Preprotein translocase subunit YajC
JPYC01000920.1_2	564	2432	1869	1	0.641	11	GGA/GAG/AGG	GENOMAD.001759.CC	1.094e-24	113	0	0	0	1	NA	NA	NA	PF13721;K03072	SecD export protein N-terminal TM region
JPYC01000920.1_3	2522	3490	969	1	0.613	11	AGGA	GENOMAD.098179.CP	3.287e-05	48	0	0	0	1	NA	NA	NA	NA	NA
JPYC01000920.1_4	4316	4552	237	1	0.540	11	AGGAG	NA	NA	NA	0	0	0	1	NA	NA	NA	NA	NA
JPYC01000921.1_1	2	691	690	-1	0.670	11	GGAG/GAGG	GENOMAD.124001.CP	6.955e-75	251	0	0	0	1	NA	NA	NA	PF17899;PF01433;PF19805;COG3975;TIGR02411;K01254	Predicted metalloprotease, contains C-terminal PDZ domain
JPYC01000922.1_1	3	215	213	-1	0.723	11	None	NA	NA	NA	0	0	0	1	NA	NA	NA	NA	NA
JPYC01000923.1_1	1	228	228	-1	0.658	11	None	NA	NA	NA	0	0	0	1	NA	NA	NA	NA	NA
JPYC01000924.1_1	1	825	825	-1	0.682	11	None	NA	NA	NA	0	0	0	1	NA	NA	NA	NA	NA
JPYC01000925.1_1	2	286	285	1	0.677	11	None	NA	NA	NA	0	0	0	1	NA	NA	NA	NA	NA
JPYC01000926.1_1	398	1213	816	1	0.620	11	GGA/GAG/AGG	NA	NA	NA	0	0	0	1	NA	NA	NA	NA	NA
JPYC01000927.1_1	1	1824	1824	1	0.650	11	None	GENOMAD.112786.CP	1.138e-157	510	0	0	0	1	NA	NA	NA	PF19277;PF01553;K00631;TIGR03703;COG2937	glycerol-3-phosphate O-acyltransferase
JPYC01000927.1_2	2164	3117	954	1	0.676	11	AGGAG	NA	NA	NA	0	0	0	1	NA	NA	NA	NA	NA
JPYC01000093.1_1	2	799	798	1	0.673	11	None	NA	NA	NA	0	0	0	1	NA	NA	NA	NA	NA
JPYC01000093.1_2	970	1461	492	-1	0.673	11	GGA/GAG/AGG	GENOMAD.020187.CC	1.173e-79	261	0	0	0	1	NA	NA	NA	PF06114	NA
JPYC01000093.1_3	1530	1787	258	-1	0.597	11	GGAGG	GENOMAD.147428.CP	2.103e-06	46	0	0	0	1	NA	NA	NA	K03608;COG0851	Septum formation topological specificity factor MinE
JPYC01000093.1_4	1790	2599	810	-1	0.637	11	GGAG/GAGG	NA	NA	NA	0	0	0	1	NA	NA	NA	NA	NA
JPYC01000093.1_5	2635	3381	747	-1	0.685	11	GGAG/GAGG	GENOMAD.140610.CP	2.856e-36	140	0	0	0	1	NA	NA	NA	K03610;COG0850	Septum formation inhibitor MinC
JPYC01000093.1_6	3385	3984	600	-1	0.638	11	GGAG/GAGG	GENOMAD.183713.CV	3.199e-21	94	0	0	0	1	NA	NA	NA	PF12568;K06977;COG3818;TIGR04431	Predicted acetyltransferase, GNAT superfamily
JPYC01000093.1_7	4221	4865	645	1	0.662	11	None	NA	NA	NA	0	0	0	1	NA	NA	NA	NA	NA
JPYC01000928.1_1	3	767	765	1	0.644	11	None	GENOMAD.152376.CP	1.955e-05	48	0	0	0	1	NA	NA	NA	PF00294;K23147;COG2870;TIGR04382	ADP-heptose synthase, bifunctional sugar kinase/adenylyltransferase
JPYC01000928.1_2	1023	3008	1986	1	0.695	11	GGAG/GAGG	GENOMAD.148235.CP	3.146e-25	115	0	0	0	1	NA	NA	NA	PF18010;K21405;COG3284;TIGR03298	Transcriptional regulator of acetoin/glycerol metabolism
JPYC01000929.1_1	165	803	639	1	0.546	11	GGA/GAG/AGG	NA	NA	NA	0	0	0	1	NA	NA	NA	NA	NA
JPYC01000929.1_2	839	1003	165	1	0.491	11	AGGAG	NA	NA	NA	0	0	0	1	NA	NA	NA	NA	NA
JPYC01000929.1_3	1078	1938	861	1	0.611	11	GGAG/GAGG	NA	NA	NA	0	0	0	1	NA	NA	NA	NA	NA
JPYC01000930.1_1	1	456	456	-1	0.649	11	None	NA	NA	NA	0	0	0	1	NA	NA	NA	NA	NA
JPYC01000931.1_1	2	2122	2121	1	0.676	11	None	GENOMAD.123353.CP	6.326e-123	413	0	0	0	1	NA	NA	NA	PF00326;PF14583;K01278;COG1506;TIGR02821	Dipeptidyl aminopeptidase/acylaminoacyl peptidase
JPYC01000932.1_1	103	1110	1008	1	0.676	11	None	NA	NA	NA	0	0	0	1	NA	NA	NA	NA	NA
JPYC01000932.1_2	1107	1388	282	1	0.663	11	GGAGG	NA	NA	NA	0	0	0	1	NA	NA	NA	NA	NA
JPYC01000933.1_1	30	1346	1317	1	0.639	11	None	GENOMAD.189627.PC	1.088e-65	234	0	0	0	1	NA	NA	NA	PF04966;COG3659;K07267	Carbohydrate-selective porin OprB
JPYC01000934.1_1	2	400	399	-1	0.664	11	None	NA	NA	NA	0	0	0	1	NA	NA	NA	NA	NA
JPYC01000935.1_1	1	228	228	1	0.697	11	None	NA	NA	NA	0	0	0	1	NA	NA	NA	NA	NA
JPYC01000936.1_1	2	661	660	-1	0.686	11	None	NA	NA	NA	0	0	0	1	NA	NA	NA	NA	NA
JPYC01000937.1_1	2	310	309	-1	0.602	11	GGAG/GAGG	NA	NA	NA	0	0	0	1	NA	NA	NA	NA	NA
JPYC01000937.1_2	453	1274	822	1	0.599	11	GGAG/GAGG	GENOMAD.126338.CP	1.103e-71	244	0	0	0	1	NA	NA	NA	PF03618;K09773;COG1806	Kinase/pyrophosphorylase
JPYC01000094.1_1	1	423	423	1	0.707	11	None	NA	NA	NA	0	0	0	1	NA	NA	NA	NA	NA
JPYC01000938.1_1	1	204	204	-1	0.608	11	None	GENOMAD.006866.CC	2.296e-27	105	0	0	0	1	NA	NA	NA	PF06853;COG3151;K09920	Uncharacterized protein YqiB, DUF1249 family
JPYC01000939.1_1	164	316	153	1	0.706	11	GGA/GAG/AGG	NA	NA	NA	0	0	0	1	NA	NA	NA	NA	NA
JPYC01000940.1_1	241	339	99	1	0.444	11	GGAG/GAGG	NA	NA	NA	0	0	0	1	NA	NA	NA	NA	NA
JPYC01000941.1_1	1	336	336	1	0.670	11	None	GENOMAD.002083.CC	2.473e-23	96	0	0	0	1	NA	NA	NA	COG5505	Na+/citrate or Na+/malate symporter
JPYC01000942.1_1	2	313	312	1	0.667	11	None	GENOMAD.162404.CP	1.701e-15	73	0	0	0	1	NA	NA	NA	PF02273;COG4757;TIGR02240;K05714	Predicted alpha/beta hydrolase
JPYC01000943.1_1	1	1185	1185	1	0.670	11	None	GENOMAD.160510.CP	2.744e-06	52	0	0	0	1	NA	NA	NA	PF00884;COG1524;TIGR02335;K01133	Sulfatase
JPYC01000943.1_2	1310	2701	1392	1	0.676	11	GGA/GAG/AGG	NA	NA	NA	0	0	0	1	NA	NA	NA	NA	NA
JPYC01000943.1_3	3001	3183	183	-1	0.628	11	AGGAG	GENOMAD.040850.CC	6.898e-07	46	0	0	0	1	NA	NA	NA	PF17070;TIGR04560	30S ribosomal protein Thx
JPYC01000944.1_1	190	291	102	1	0.569	11	None	NA	NA	NA	0	0	0	1	NA	NA	NA	NA	NA
JPYC01000945.1_1	23	541	519	-1	0.634	11	None	NA	NA	NA	0	0	0	1	NA	NA	NA	NA	NA
JPYC01000946.1_1	2	241	240	1	0.683	11	None	NA	NA	NA	0	0	0	1	NA	NA	NA	NA	NA
JPYC01000947.1_1	37	303	267	-1	0.670	11	None	NA	NA	NA	0	0	0	1	NA	NA	NA	NA	NA
JPYC01000095.1_1	2	1111	1110	1	0.688	11	None	NA	NA	NA	0	0	0	1	NA	NA	NA	NA	NA
JPYC01000095.1_2	1310	1783	474	-1	0.662	11	None	NA	NA	NA	0	0	0	1	NA	NA	NA	NA	NA
JPYC01000095.1_3	1788	2273	486	-1	0.593	11	AGGA	NA	NA	NA	0	0	0	1	NA	NA	NA	NA	NA
JPYC01000095.1_4	2782	4002	1221	1	0.635	11	GGAG/GAGG	NA	NA	NA	0	0	0	1	NA	NA	NA	NA	NA
JPYC01000095.1_5	4225	4554	330	-1	0.712	11	GGA/GAG/AGG	GENOMAD.041684.CC	3.497e-42	150	0	0	0	1	NA	NA	NA	PF09842;COG3308	Predicted membrane protein (DUF2069)
JPYC01000095.1_6	4566	5162	597	-1	0.695	11	AGxAGG/AGGxGG	NA	NA	NA	0	0	0	1	NA	NA	NA	NA	NA
JPYC01000095.1_7	5274	6551	1278	1	0.658	11	None	GENOMAD.133044.CP	5.805e-30	127	0	0	0	1	NA	NA	NA	PF03631;TIGR00765;COG1295;K07058	YihY family inner membrane protein
JPYC01000095.1_8	6548	7159	612	1	0.693	11	GGAG/GAGG	NA	NA	NA	0	0	0	1	NA	NA	NA	NA	NA
JPYC01000095.1_9	7159	7425	267	1	0.723	11	AGxAGG/AGGxGG	NA	NA	NA	0	0	0	1	NA	NA	NA	NA	NA
JPYC01000095.1_10	7511	8740	1230	1	0.691	11	GGA/GAG/AGG	NA	NA	NA	0	0	0	1	NA	NA	NA	NA	NA
JPYC01000095.1_11	8722	9504	783	-1	0.645	11	GGA/GAG/AGG	GENOMAD.107364.VV	2.186e-34	135	0	0	0	1	NA	NA	NA	PF03976;K22468;TIGR03709;COG2326	polyphosphate:nucleotide phosphotransferase, PPK2 family
JPYC01000095.1_12	9537	10055	519	-1	0.661	11	GGA/GAG/AGG	GENOMAD.116561.CP	4.813e-34	130	0	0	0	1	NA	NA	NA	PF00994;K03638;COG0521;TIGR00177	Molybdopterin biosynthesis enzyme MoaB
JPYC01000095.1_13	10458	12164	1707	-1	0.671	11	GGA/GAG/AGG	NA	NA	NA	0	0	0	1	NA	NA	NA	NA	NA
JPYC01000095.1_14	12161	13246	1086	-1	0.652	11	GGA/GAG/AGG	GENOMAD.058649.CP	1.11e-18	91	0	0	0	1	NA	NA	NA	PF03462;COG0216;TIGR00019	PCRF domain
JPYC01000095.1_15	13224	14522	1299	-1	0.671	11	None	GENOMAD.079440.CP	1.358e-85	292	0	0	0	1	NA	NA	NA	PF05201;PF01488;K02492;TIGR01035;COG0373	glutamyl-tRNA reductase
JPYC01000095.1_16	14588	16276	1689	1	0.693	11	None	GENOMAD.120548.CP	1.016e-270	835	0	0	0	1	NA	NA	NA	COG3898;K09667	Pre-mRNA 3'-end processing (cleavage and polyadenylation) factor
JPYC01000095.1_17	16273	16926	654	1	0.713	11	GGA/GAG/AGG	GENOMAD.105767.CP	1.807e-38	145	0	0	0	1	NA	NA	NA	PF03550;K02494;TIGR00548;COG3017	Outer membrane lipoprotein LolB
JPYC01000095.1_18	16908	17795	888	1	0.682	11	None	NA	NA	NA	0	0	0	1	NA	NA	NA	NA	NA
JPYC01000095.1_19	18041	19000	960	1	0.649	11	GGA/GAG/AGG	NA	NA	NA	0	0	0	1	NA	NA	NA	NA	NA
JPYC01000095.1_20	19109	19744	636	1	0.610	11	GGA/GAG/AGG	GENOMAD.059655.CP	7.149e-27	111	0	0	0	1	NA	NA	NA	PF01386;PF14693;TIGR00731;K02897;COG1825	ribosomal protein bL25, Ctc-form
JPYC01000095.1_21	19796	20377	582	1	0.639	11	None	GENOMAD.099157.CV	5.49e-60	206	1	0	0	1246	Caudoviricetes	NA	NA	PF01195;K01056;COG0193;TIGR00447	Peptidyl-tRNA hydrolase
JPYC01000948.1_1	1	273	273	-1	0.659	11	AGGA	GENOMAD.137787.CP	5.967e-06	45	0	0	0	1	NA	NA	NA	PF02469;PF02402;COG2335;K19897	Uncaracterized surface protein containing fasciclin (FAS1) repeats
JPYC01000948.1_2	975	2612	1638	1	0.654	11	None	NA	NA	NA	0	0	0	1	NA	NA	NA	NA	NA
JPYC01000949.1_1	2	547	546	1	0.711	11	None	NA	NA	NA	0	0	0	1	NA	NA	NA	NA	NA
JPYC01000950.1_1	43	594	552	-1	0.654	11	GGA/GAG/AGG	NA	NA	NA	0	0	0	1	NA	NA	NA	NA	NA
JPYC01000950.1_2	761	1027	267	1	0.637	11	None	NA	NA	NA	0	0	0	1	NA	NA	NA	NA	NA
JPYC01000951.1_1	2	289	288	-1	0.649	11	GGA/GAG/AGG	NA	NA	NA	0	0	0	1	NA	NA	NA	NA	NA
JPYC01000951.1_2	643	1377	735	-1	0.631	11	None	NA	NA	NA	0	0	0	1	NA	NA	NA	NA	NA
JPYC01000952.1_1	114	854	741	1	0.668	11	AGGA	NA	NA	NA	0	0	0	1	NA	NA	NA	NA	NA
JPYC01000952.1_2	1220	2044	825	-1	0.592	11	GGAG/GAGG	NA	NA	NA	0	0	0	1	NA	NA	NA	NA	NA
JPYC01000952.1_3	2305	2637	333	1	0.592	11	GGAG/GAGG	GENOMAD.112646.PP	7.5e-27	106	0	0	0	1	NA	B_traH	NA	PF12992;TIGR03066;COG4939	Gemmata obscuriglobus paralogous family TIGR03066
JPYC01000953.1_1	1	780	780	-1	0.688	11	None	GENOMAD.132239.CP	4.267e-36	140	0	0	0	1	NA	NA	NA	PF08494	DEAD/H associated
JPYC01000954.1_1	3	2150	2148	-1	0.659	11	None	GENOMAD.146053.CP	1.102e-11	71	0	0	0	1	NA	NA	NA	PF18368;PF02836;PF02837;PF17786;K15855;COG3250	Beta-galactosidase/beta-glucuronidase
JPYC01000955.1_1	160	267	108	-1	0.694	11	None	NA	NA	NA	0	0	0	1	NA	NA	NA	NA	NA
JPYC01000956.1_1	2	769	768	-1	0.671	11	None	GENOMAD.179494.CP	8.59e-05	46	0	0	0	1	NA	NA	NA	PF14378;COG3907;K19302	Membrane-associated enzyme, PAP2 (acid phosphatase) superfamily
JPYC01000957.1_1	3	314	312	1	0.692	11	None	NA	NA	NA	0	0	0	1	NA	NA	NA	NA	NA
JPYC01000096.1_1	3	1247	1245	1	0.660	11	None	NA	NA	NA	0	0	0	1	NA	NA	NA	NA	NA
JPYC01000096.1_2	1228	1959	732	1	0.661	11	None	GENOMAD.179808.CP	1.745e-05	48	0	0	0	1	NA	NA	NA	PF01569;COG3907;K19302	Membrane-associated enzyme, PAP2 (acid phosphatase) superfamily
JPYC01000096.1_3	1956	3239	1284	-1	0.657	11	AGGA	GENOMAD.168138.CP	0.0004482	45	0	0	0	1	NA	NA	NF033135	PF01306;K08194;TIGR00903;COG2223	major facilitator 4 family protein
JPYC01000096.1_4	3433	3579	147	-1	0.653	11	None	NA	NA	NA	0	0	0	1	NA	NA	NA	NA	NA
JPYC01000958.1_1	3	242	240	-1	0.700	11	None	NA	NA	NA	0	0	0	1	NA	NA	NA	NA	NA
JPYC01000959.1_1	2	196	195	1	0.662	11	None	GENOMAD.215480.PC	0.0005468	38	0	0	0	1	NA	NA	NA	NA	NA
JPYC01000959.1_2	464	868	405	-1	0.637	11	None	NA	NA	NA	0	0	0	1	NA	NA	NA	NA	NA
JPYC01000960.1_1	3	257	255	1	0.698	11	None	GENOMAD.117306.PV	7.25e-24	96	0	1	0	1	NA	NA	NA	PF11740	Plasmid replication region DNA-binding N-term
JPYC01000961.1_1	1	897	897	-1	0.740	11	GGA/GAG/AGG	NA	NA	NA	0	0	0	1	NA	NA	NA	NA	NA
JPYC01000961.1_2	975	1592	618	-1	0.625	11	None	GENOMAD.126296.CP	9.394e-19	87	0	0	0	1	NA	NA	NA	PF13022;PF08362;K18905;TIGR03613;COG1309	pyrimidine utilization regulatory protein R
JPYC01000961.1_3	1681	1920	240	1	0.692	11	None	NA	NA	NA	0	0	0	1	NA	NA	NA	NA	NA
JPYC01000962.1_1	2	238	237	-1	0.730	11	None	NA	NA	NA	0	0	0	1	NA	NA	NA	NA	NA
JPYC01000963.1_1	1	429	429	1	0.681	11	None	NA	NA	NA	0	0	0	1	NA	NA	NA	NA	NA
JPYC01000964.1_1	1	252	252	1	0.627	11	None	NA	NA	NA	0	0	0	1	NA	NA	NA	NA	NA
JPYC01000965.1_1	1	378	378	1	0.683	11	None	GENOMAD.031694.CC	3.368e-58	197	0	0	0	1	NA	NA	NA	PF16823	Atypical PilZ domain, cyclic di-GMP receptor
JPYC01000965.1_2	414	737	324	1	0.654	11	None	NA	NA	NA	0	0	0	1	NA	NA	NA	NA	NA
JPYC01000966.1_1	1	354	354	1	0.684	11	None	GENOMAD.205455.PC	2.909e-07	50	0	0	0	1	NA	NA	NA	NA	NA
JPYC01000967.1_1	48	221	174	-1	0.672	11	None	NA	NA	NA	0	0	0	1	NA	NA	NA	NA	NA
JPYC01000097.1_1	3	905	903	-1	0.629	11	GGA/GAG/AGG	NA	NA	NA	0	0	0	1	NA	NA	NA	NA	NA
JPYC01000097.1_2	1154	2584	1431	-1	0.622	11	GGAG/GAGG	NA	NA	NA	0	0	0	1	NA	NA	NA	NA	NA
JPYC01000968.1_1	3	605	603	1	0.643	11	None	NA	NA	NA	0	0	0	1	NA	NA	NA	NA	NA
JPYC01000969.1_1	3	224	222	-1	0.689	11	None	NA	NA	NA	0	0	0	1	NA	NA	NA	NA	NA
JPYC01000970.1_1	3	323	321	1	0.695	11	None	NA	NA	NA	0	0	0	1	NA	NA	NA	NA	NA
JPYC01000970.1_2	630	2507	1878	1	0.655	11	GGA/GAG/AGG	GENOMAD.146534.CP	0.0001875	47	0	0	0	1	NA	NA	NA	PF00015	Methyl-accepting chemotaxis protein (MCP) signalling domain
JPYC01000971.1_1	279	1148	870	1	0.664	11	GGAG/GAGG	NA	NA	NA	0	0	0	1	NA	NA	NA	NA	NA
JPYC01000972.1_1	2	529	528	-1	0.617	11	None	NA	NA	NA	0	0	0	1	NA	NA	NA	NA	NA
JPYC01000973.1_1	180	746	567	1	0.679	11	AGGAG	GENOMAD.169876.CP	8.279e-08	54	0	0	0	1	NA	NA	NA	PF04140;K16168;COG1755;TIGR04571	Uncharacterized protein YpbQ, isoprenylcysteine carboxyl methyltransferase (ICMT) family
JPYC01000973.1_2	964	1035	72	1	0.722	11	GGAG/GAGG	NA	NA	NA	0	0	0	1	NA	NA	NA	NA	NA
JPYC01000974.1_1	3	767	765	-1	0.638	11	AGGAG	NA	NA	NA	0	0	0	1	NA	NA	NA	NA	NA
JPYC01000974.1_2	790	1998	1209	-1	0.665	11	GGAG/GAGG	GENOMAD.154757.CP	6.959e-17	86	0	0	0	1	NA	NA	NA	K10850;COG2223	Nitrate/nitrite transporter NarK
JPYC01000975.1_1	3	1787	1785	-1	0.635	11	None	GENOMAD.151917.PC	1.886e-08	60	0	0	0	1	NA	NA	NA	PF12729;K05874;COG5278	Four helix bundle sensory module for signal transduction
JPYC01000976.1_1	3	344	342	-1	0.719	11	AGGA/GGAG/GAGG	NA	NA	NA	0	0	0	1	NA	NA	NA	NA	NA
JPYC01000976.1_2	571	933	363	-1	0.645	11	AGGA/GGAG/GAGG	NA	NA	NA	0	0	0	1	NA	NA	NA	NA	NA
JPYC01000976.1_3	917	1486	570	-1	0.665	11	None	GENOMAD.111238.CP	2.469e-20	91	0	0	0	1	NA	NA	NA	PF01983;K03752;TIGR03552;COG1920	2-phospho-L-lactate guanylyltransferase
JPYC01000976.1_4	1524	1601	78	-1	0.756	11	None	NA	NA	NA	0	0	0	1	NA	NA	NA	NA	NA
JPYC01000977.1_1	1	171	171	-1	0.690	11	3Base/5BMM	NA	NA	NA	0	0	0	1	NA	NA	NA	NA	NA
JPYC01000098.1_1	3	743	741	-1	0.699	11	AGGA	GENOMAD.083211.CP	7.785e-32	127	0	0	0	1	NA	NA	NA	PF19290	PmbA/TldA metallopeptidase central domain
JPYC01000098.1_2	891	1472	582	1	0.665	11	GGA/GAG/AGG	GENOMAD.110126.CP	4.672e-53	186	0	0	0	1	NA	NA	NA	PF04751;K09889;COG3028	Ribosomal 50S subunit-associated protein YjgA (function unknown), DUF615 family
JPYC01000098.1_3	1729	3174	1446	-1	0.683	11	None	GENOMAD.105814.CP	3.799e-129	421	0	0	0	1	NA	NA	NA	PF19290;PF01523;PF19289;K03568;COG0312	Predicted Zn-dependent protease or its inactivated homolog
JPYC01000098.1_4	3225	4025	801	1	0.669	11	None	NA	NA	NA	0	0	0	1	NA	NA	NA	NA	NA
JPYC01000098.1_5	4041	7961	3921	-1	0.705	11	None	GENOMAD.001742.CC	0.0	1728	0	0	0	1	NA	NA	NA	PF13116;PF13502;PF05170;COG3164;K07290	Uncharacterized conserved protein YhdP, contains DUF3971 and AsmA2 domains
JPYC01000098.1_6	8102	9601	1500	-1	0.655	11	GGAG/GAGG	GENOMAD.030551.CC	0.0001373	47	0	0	0	1	NA	NA	NA	NA	NA
JPYC01000098.1_7	9601	10173	573	-1	0.667	11	GGA/GAG/AGG	GENOMAD.104491.CP	1.83e-06	50	0	0	0	1	NA	NA	NA	PF02545;COG0424;TIGR00172;K06287	Predicted house-cleaning NTP pyrophosphatase, Maf/HAM1 superfamily
JPYC01000098.1_8	10312	11046	735	1	0.654	11	AGGAG	GENOMAD.136992.CP	1.017e-24	106	0	0	0	1	NA	NA	NA	PF04402;K09807;COG2859	Predicted secreted (periplasmic) protein
JPYC01000098.1_9	11347	12018	672	1	0.658	11	GGAGG	GENOMAD.147617.CP	7.153e-19	88	0	0	0	1	NA	NA	NA	PF03544;TIGR01352	TonB family C-terminal domain
JPYC01000098.1_10	12097	12477	381	-1	0.701	11	None	GENOMAD.000168.CC	7.934e-17	78	0	0	0	1	NA	NA	NA	PF02590;TIGR00246;COG1576;K00783	rRNA large subunit m3Psi methyltransferase RlmH
JPYC01000098.1_11	12689	14224	1536	1	0.690	11	AGGAG	GENOMAD.154729.CP	2.07e-06	53	0	0	0	1	NA	NA	NA	PF05787;COG3211;K07093	Secreted phosphatase, PhoX family
JPYC01000098.1_12	14382	14795	414	-1	0.633	11	GGA/GAG/AGG	NA	NA	NA	0	0	0	1	NA	NA	NA	NA	NA
JPYC01000098.1_13	14852	15721	870	-1	0.701	11	GGA/GAG/AGG	NA	NA	NA	0	0	0	1	NA	NA	NA	NA	NA
JPYC01000098.1_14	15718	16746	1029	-1	0.696	11	None	GENOMAD.000510.CC	7.634e-44	166	0	0	0	1	NA	NA	NA	PF06144;PF14840;TIGR01128;K02340;COG1466	DNA polymerase III, delta subunit
JPYC01000098.1_15	16769	17413	645	-1	0.671	11	None	GENOMAD.002511.CC	3.205e-49	176	0	0	0	1	NA	NA	NA	PF04390;PF08139;K03643;COG2980	Outer membrane lipoprotein LptE/RlpB (LPS assembly)
JPYC01000098.1_16	17970	20612	2643	-1	0.657	11	GGA/GAG/AGG	NA	NA	NA	0	0	0	1	NA	NA	NA	NA	NA
JPYC01000098.1_17	20680	21297	618	-1	0.702	11	GGAG/GAGG	NA	NA	NA	0	0	0	1	NA	NA	NA	NA	NA
JPYC01000978.1_1	1	315	315	-1	0.667	11	None	NA	NA	NA	0	0	0	1	NA	NA	NA	NA	NA
JPYC01000979.1_1	28	822	795	-1	0.582	11	AGGAG/GGAGG	NA	NA	NA	0	0	0	1	NA	NA	NA	NA	NA
JPYC01000979.1_2	860	1012	153	-1	0.614	11	None	NA	NA	NA	0	0	0	1	NA	NA	NA	NA	NA
JPYC01000980.1_1	2	226	225	-1	0.618	11	None	NA	NA	NA	0	0	0	1	NA	NA	NA	NA	NA
JPYC01000981.1_1	134	688	555	-1	0.647	11	None	GENOMAD.116397.CP	9.371e-41	150	0	0	0	1	NA	NA	NA	PF14501;PF01584;PF01627;PF02895;K03407;COG0643;TIGR01924	Chemotaxis protein histidine kinase CheA
JPYC01000982.1_1	213	566	354	-1	0.579	11	None	NA	NA	NA	0	0	0	1	NA	NA	NA	NA	NA
JPYC01000982.1_2	755	1066	312	1	0.571	11	AGGA	NA	NA	NA	0	0	0	1	NA	NA	NA	NA	NA
JPYC01000982.1_3	1115	1507	393	1	0.517	11	AGGA	NA	NA	NA	0	0	0	1	NA	NA	NA	NA	NA
JPYC01000982.1_4	1574	1801	228	1	0.531	11	None	NA	NA	NA	0	0	0	1	NA	NA	NA	NA	NA
JPYC01000982.1_5	1793	2638	846	-1	0.591	11	GGA/GAG/AGG	NA	NA	NA	0	0	0	1	NA	NA	NA	NA	NA
JPYC01000982.1_6	3122	4513	1392	1	0.534	11	AGGA	NA	NA	NA	0	0	0	1	NA	NA	NA	NA	NA
JPYC01000983.1_1	1	111	111	-1	0.577	11	GGA/GAG/AGG	NA	NA	NA	0	0	0	1	NA	NA	NA	NA	NA
JPYC01000983.1_2	168	338	171	-1	0.579	11	GGA/GAG/AGG	GENOMAD.151036.CV	7.719e-11	57	0	0	0	1	NA	NA	NA	PF07896;COG5508	NA
JPYC01000983.1_3	378	1250	873	1	0.654	11	None	GENOMAD.000396.CC	7.097e-44	164	0	0	0	1	NA	NA	NA	PF01571;K06980;COG0404;TIGR00528	Glycine cleavage system T protein (aminomethyltransferase)
JPYC01000983.1_4	1382	2470	1089	-1	0.661	11	GGAG/GAGG	GENOMAD.126777.CP	7.47e-26	113	0	0	0	1	NA	NA	NA	PF17912;PF03459;COG3585;TIGR00638	MalK OB fold domain; TOBE domain
JPYC01000983.1_5	2890	4320	1431	1	0.669	11	None	NA	NA	NA	0	0	0	1	NA	NA	NA	NA	NA
JPYC01000983.1_6	4317	4505	189	1	0.646	11	GGA/GAG/AGG	NA	NA	NA	0	0	0	1	NA	NA	NA	NA	NA
JPYC01000984.1_1	1	522	522	1	0.653	11	None	NA	NA	NA	0	0	0	1	NA	NA	NA	NA	NA
JPYC01000985.1_1	136	213	78	-1	0.654	11	None	NA	NA	NA	0	0	0	1	NA	NA	NA	NA	NA
JPYC01000986.1_1	2	652	651	-1	0.650	11	None	NA	NA	NA	0	0	0	1	NA	NA	NA	NA	NA
JPYC01000987.1_1	2	880	879	-1	0.693	11	GGA/GAG/AGG	GENOMAD.138157.CP	1.5e-06	52	0	0	0	1	NA	NA	NA	PF13437;TIGR02828	HlyD family secretion protein
JPYC01000987.1_2	1368	2774	1407	-1	0.671	11	None	NA	NA	NA	0	0	0	1	NA	NA	NA	NA	NA
JPYC01000099.1_1	234	2246	2013	-1	0.640	11	GGA/GAG/AGG	NA	NA	NA	0	0	0	1	NA	NA	NA	NA	NA
JPYC01000099.1_2	2526	2966	441	-1	0.619	11	GGAG/GAGG	NA	NA	NA	0	0	0	1	NA	NA	NA	NA	NA
JPYC01000099.1_3	3040	3573	534	-1	0.614	11	GGA/GAG/AGG	GENOMAD.067442.PP	1.301e-33	129	0	0	0	1	NA	NA	NA	PF11358	NA
JPYC01000099.1_4	3570	4325	756	-1	0.618	11	GGA/GAG/AGG	GENOMAD.171663.PC	1.409e-94	309	0	0	0	1	NA	NA	NA	PF08900;TIGR03761	integrating conjugative element protein, PFL_4669 family
JPYC01000099.1_5	4647	5873	1227	-1	0.597	11	GGA/GAG/AGG	GENOMAD.192798.PC	1.098e-87	297	0	0	0	1	NA	NA	NA	NA	NA
JPYC01000099.1_6	5877	6437	561	-1	0.588	11	GGAG/GAGG	GENOMAD.180325.PC	2.943e-46	166	0	0	0	1	NA	NA	NA	PF11198	NA
JPYC01000099.1_7	6453	8096	1644	-1	0.645	11	GGAG/GAGG	GENOMAD.183789.PC	1.254e-84	294	0	1	0	1	NA	NA	NA	PF02195;TIGR03764;COG1475;K03497	integrating conjugative element, PFGI_1 class, ParB family protein
JPYC01000099.1_8	8089	8322	234	-1	0.654	11	None	GENOMAD.223849.VP	2.106e-10	57	0	0	0	1	NA	NA	NA	NA	NA
JPYC01000988.1_1	2	169	168	-1	0.720	11	GGAG/GAGG	NA	NA	NA	0	0	0	1	NA	NA	NA	NA	NA
JPYC01000989.1_1	2	697	696	1	0.569	11	None	NA	NA	NA	0	0	0	1	NA	NA	NA	NA	NA
JPYC01000989.1_2	730	1665	936	1	0.600	11	AGGAG	NA	NA	NA	0	0	0	1	NA	NA	NA	NA	NA
JPYC01000990.1_1	1	231	231	-1	0.649	11	None	NA	NA	NA	0	0	0	1	NA	NA	NA	NA	NA
JPYC01000991.1_1	1	687	687	1	0.721	11	None	NA	NA	NA	0	0	0	1	NA	NA	NA	NA	NA
JPYC01000992.1_1	135	287	153	-1	0.647	11	None	NA	NA	NA	0	0	0	1	NA	NA	NA	NA	NA
JPYC01000993.1_1	250	822	573	-1	0.723	11	None	NA	NA	NA	0	0	0	1	NA	NA	NA	NA	NA
JPYC01000994.1_1	1	777	777	1	0.669	11	None	GENOMAD.011935.CC	3.331e-60	210	0	0	0	1	NA	NA	NA	NA	NA
JPYC01000995.1_1	3	890	888	-1	0.664	11	None	NA	NA	NA	0	0	0	1	NA	NA	NA	NA	NA
JPYC01000996.1_1	1	246	246	1	0.642	11	None	NA	NA	NA	0	0	0	1	NA	NA	NA	NA	NA
JPYC01000997.1_1	3	833	831	-1	0.640	11	None	GENOMAD.151917.PC	7.69e-09	59	0	0	0	1	NA	NA	NA	PF12729;K05874;COG5278	Four helix bundle sensory module for signal transduction
