gene	start	end	length	strand	gc_content	genetic_code	rbs_motif	marker	evalue	bitscore	uscg	plasmid_hallmark	virus_hallmark	taxid	taxname	annotation_conjscan	annotation_amr	annotation_accessions	annotation_description
JBHJCD010000001.1_1	3	1160	1158	-1	0.498	11	AGGA	NA	NA	NA	0	0	0	1	NA	NA	NA	NA	NA
JBHJCD010000001.1_2	1342	1953	612	-1	0.641	11	None	GENOMAD.124185.CV	0.0009221	42	0	0	0	1	NA	NA	NA	PF01121;K00859;TIGR00152;COG0237	dephospho-CoA kinase
JBHJCD010000001.1_3	1967	2830	864	-1	0.639	11	GGA/GAG/AGG	GENOMAD.189659.CP	0.0002268	45	0	0	0	1	NA	NA	NA	PF01478;K02278;COG4960	Flp pilus assembly protein, protease CpaA
JBHJCD010000001.1_4	2837	4114	1278	-1	0.505	11	GGA/GAG/AGG	GENOMAD.117158.CP	2.213e-26	116	0	0	0	1	NA	NA	NA	PF00482	Type II secretion system (T2SS), protein F
JBHJCD010000001.1_5	4441	4869	429	1	0.592	11	GGA/GAG/AGG	GENOMAD.169725.CP	0.0006792	41	0	0	0	1	NA	NA	NA	PF07379;TIGR01708;K02457;COG4970	type II secretion system protein H
JBHJCD010000001.1_6	5003	6736	1734	1	0.612	11	GGA/GAG/AGG	GENOMAD.005978.CC	1.799e-08	60	0	0	0	1246	Caudoviricetes	T_virB11	NA	PF00437;PF05810;K07332;TIGR03819;COG4962	helicase/secretion neighborhood ATPase
JBHJCD010000001.1_7	7005	7184	180	1	0.572	11	GGA/GAG/AGG	NA	NA	NA	0	0	0	1	NA	NA	NA	NA	NA
JBHJCD010000001.1_8	7154	8548	1395	-1	0.655	11	None	NA	NA	NA	0	0	0	1	NA	NA	NA	NA	NA
JBHJCD010000001.1_9	8876	10489	1614	-1	0.679	11	GGA/GAG/AGG	NA	NA	NA	0	0	0	1	NA	NA	NA	NA	NA
JBHJCD010000001.1_10	10721	11890	1170	1	0.621	11	None	GENOMAD.120770.CP	2.266e-05	49	0	0	0	1	NA	NA	NA	PF13549;K22224;TIGR01016;COG1042	succinyl-CoA synthetase, beta subunit
JBHJCD010000001.1_11	11915	12790	876	1	0.651	11	AGGA	GENOMAD.116234.CP	2.975e-14	76	0	0	0	1	NA	NA	NA	PF13607;PF03061;K01902;TIGR01019;COG0074	succinyl-CoA synthetase, alpha subunit
JBHJCD010000001.1_12	12961	13305	345	1	0.632	11	AGGAG	GENOMAD.138269.PC	2.953e-14	70	0	0	0	1	NA	NA	NA	PF03693;COG3609;TIGR02384	Transcriptional regulator, contains Arc/MetJ-type RHH (ribbon-helix-helix) DNA-binding domain
JBHJCD010000001.1_13	13309	13611	303	1	0.607	11	GGA/GAG/AGG	GENOMAD.142672.PC	4.661e-35	129	0	1	0	1	NA	NA	NA	PF05016;COG3668;TIGR02385	Plasmid stabilization system protein ParE
JBHJCD010000001.1_14	13611	15266	1656	1	0.661	11	None	NA	NA	NA	0	0	0	1	NA	NA	NA	NA	NA
JBHJCD010000001.1_15	15285	16262	978	-1	0.639	11	AGGA	NA	NA	NA	0	0	0	1	NA	NA	NA	NA	NA
JBHJCD010000001.1_16	16543	17424	882	-1	0.645	11	None	GENOMAD.000337.CC	4.997e-38	147	0	0	0	1	NA	NA	NA	PF13525;PF20205;K05807;TIGR03302;COG4105	outer membrane assembly lipoprotein YfiO
JBHJCD010000001.1_17	17546	18541	996	1	0.704	11	GGA/GAG/AGG	NA	NA	NA	0	0	0	1	NA	NA	NA	NA	NA
JBHJCD010000001.1_18	18549	19355	807	1	0.704	11	GGA/GAG/AGG	NA	NA	NA	0	0	0	1	NA	NA	NA	NA	NA
JBHJCD010000001.1_19	19340	19882	543	1	0.667	11	None	NA	NA	NA	0	0	0	1	NA	NA	NA	NA	NA
JBHJCD010000001.1_20	19857	20303	447	1	0.660	11	None	GENOMAD.148005.CP	4.569e-41	149	0	0	0	1	NA	NA	NA	PF04134;COG3011	Predicted thiol-disulfide oxidoreductase YuxK, DCC family
JBHJCD010000001.1_21	20507	22375	1869	-1	0.665	11	GGA/GAG/AGG	GENOMAD.146534.CP	0.0003751	46	0	0	0	1	NA	NA	NA	PF00015	Methyl-accepting chemotaxis protein (MCP) signalling domain
JBHJCD010000001.1_22	23091	25529	2439	-1	0.674	11	GGA/GAG/AGG	GENOMAD.179037.PC	1.322e-18	94	0	0	0	1	NA	NA	NA	K05358;COG4993;TIGR03074	Glucose dehydrogenase
JBHJCD010000001.1_23	26159	27526	1368	-1	0.629	11	AGGAGG	NA	NA	NA	0	0	0	1	NA	NA	NA	NA	NA
JBHJCD010000001.1_24	27523	29301	1779	-1	0.641	11	None	GENOMAD.146625.CP	6.974e-15	81	0	0	0	1	NA	NA	NA	PF09137;PF00723;COG3387;TIGR01535;K22934	Glucoamylase (glucan-1,4-alpha-glucosidase), GH15 family
JBHJCD010000001.1_25	29350	30108	759	-1	0.688	11	None	NA	NA	NA	0	0	0	1	NA	NA	NA	NA	NA
JBHJCD010000001.1_26	30222	32657	2436	-1	0.661	11	AGGAG	NA	NA	NA	0	0	0	1	NA	NA	NA	NA	NA
JBHJCD010000001.1_27	32884	33357	474	1	0.681	11	GGAG/GAGG	GENOMAD.178666.VC	3.433e-31	121	0	0	0	1246	Caudoviricetes	NA	NA	PF12098	NA
JBHJCD010000001.1_28	33516	34388	873	1	0.658	11	GGA/GAG/AGG	NA	NA	NA	0	0	0	1	NA	NA	NA	NA	NA
JBHJCD010000001.1_29	34526	36127	1602	1	0.680	11	None	GENOMAD.178594.CP	8.017e-100	338	0	0	0	1	NA	NA	NA	COG2252	Xanthine/uracil/vitamin C permease, AzgA family
JBHJCD010000001.1_30	36124	37290	1167	1	0.659	11	AGGAG	NA	NA	NA	0	0	0	1	NA	NA	NA	NA	NA
JBHJCD010000001.1_31	37585	38403	819	1	0.665	11	AGGAG	GENOMAD.011935.CC	5.314e-61	213	0	0	0	1	NA	NA	NA	NA	NA
JBHJCD010000001.1_32	38630	39337	708	-1	0.613	11	GGAG/GAGG	NA	NA	NA	0	0	0	1	NA	NA	NA	NA	NA
JBHJCD010000001.1_33	39382	39708	327	-1	0.651	11	None	NA	NA	NA	0	0	0	1	NA	NA	NA	NA	NA
JBHJCD010000001.1_34	39732	40610	879	1	0.699	11	None	NA	NA	NA	0	0	0	1	NA	NA	NA	NA	NA
JBHJCD010000001.1_35	40680	43265	2586	1	0.645	11	GGAG/GAGG	GENOMAD.046845.VV	2.373e-24	113	0	0	0	1246	Caudoviricetes	NA	NA	PF10431	NA
JBHJCD010000001.1_36	43749	45626	1878	1	0.654	11	AGGAG	GENOMAD.151024.CP	1.672e-07	57	0	0	0	1	NA	NA	NA	PF14905;PF07715;TIGR01779;K16092;COG4206	TonB-dependent vitamin B12 receptor
JBHJCD010000001.1_37	45906	46499	594	1	0.673	11	AGGAG	NA	NA	NA	0	0	0	1	NA	NA	NA	NA	NA
JBHJCD010000001.1_38	46589	47110	522	1	0.646	11	None	NA	NA	NA	0	0	0	1	NA	NA	NA	NA	NA
JBHJCD010000001.1_39	47107	47718	612	1	0.650	11	GGAG/GAGG	NA	NA	NA	0	0	0	1	NA	NA	NA	NA	NA
JBHJCD010000001.1_40	47789	48703	915	1	0.701	11	GGA/GAG/AGG	GENOMAD.134127.CP	1.611e-91	303	0	0	0	1	NA	NA	NA	PF03186;K02227;COG1270;TIGR00380	Cobalamin biosynthesis protein CobD/CbiB
JBHJCD010000001.1_41	48797	49780	984	1	0.686	11	GGAG/GAGG	NA	NA	NA	0	0	0	1	NA	NA	NA	NA	NA
JBHJCD010000001.1_42	49777	51252	1476	1	0.671	11	GGA/GAG/AGG	GENOMAD.123417.CP	9.479e-122	400	0	0	0	1	NA	NA	NA	PF07685;PF01656;K02232;TIGR00313;COG1492	cobyric acid synthase CobQ
JBHJCD010000001.1_43	51240	51764	525	1	0.657	11	GGA/GAG/AGG	GENOMAD.140449.CP	2.153e-35	134	0	0	0	1	NA	NA	NA	PF02283;COG2087;TIGR01618	Cobinamide kinase / cobinamide phosphate guanyltransferase
JBHJCD010000001.1_44	51757	52803	1047	1	0.691	11	AGGAG	GENOMAD.134221.CP	7.326e-104	341	0	0	0	1	NA	NA	NA	PF02277;TIGR03160;COG2038;K21299	nicotinate-nucleotide--dimethylbenzimidazole phosphoribosyltransferase
JBHJCD010000001.1_45	52800	53390	591	1	0.697	11	GGAG/GAGG	GENOMAD.132739.CP	8.885e-05	45	0	0	0	1	NA	NA	NA	PF00300;COG0588;K22306;TIGR03162	Phosphoglycerate mutase (BPG-dependent)
JBHJCD010000001.1_46	53387	54121	735	1	0.686	11	None	GENOMAD.136266.CP	1.14e-21	97	0	0	0	1	NA	NA	NA	COG0368	Cobalamin synthase
JBHJCD010000001.1_47	54355	55266	912	1	0.681	11	AGGAG	NA	NA	NA	0	0	0	1	NA	NA	NA	NA	NA
JBHJCD010000001.1_48	55170	56459	1290	-1	0.655	11	AGxAGG/AGGxGG	NA	NA	NA	0	0	0	1	NA	NA	NA	NA	NA
JBHJCD010000001.1_49	56456	58225	1770	-1	0.673	11	AGGAG	GENOMAD.159812.PC	1.39e-40	163	0	0	0	1	NA	NA	NA	PF04183;PF06276;K24108;COG4264	Siderophore synthetase component
JBHJCD010000001.1_50	58203	59399	1197	-1	0.677	11	None	NA	NA	NA	0	0	0	1	NA	NA	NA	NA	NA
JBHJCD010000001.1_51	59396	61198	1803	-1	0.679	11	GGA/GAG/AGG	GENOMAD.159061.PC	7.141e-99	338	0	0	0	1	NA	NA	NA	PF04183;PF06276;COG4264;K23447	Siderophore synthetase component
JBHJCD010000001.1_52	61195	62421	1227	-1	0.658	11	GGA/GAG/AGG	GENOMAD.140949.CP	7.71e-12	70	0	0	0	1	NA	NA	NA	PF02786;PF18130;PF18603;COG0439;TIGR03909;K19112	Biotin carboxylase
JBHJCD010000001.1_53	62658	64799	2142	-1	0.641	11	AGGAG	GENOMAD.135943.CP	3.833e-29	128	0	0	0	1	NA	NA	NA	PF11854;PF07715;K16091;TIGR01776;COG4772	TonB-dependent lactoferrin and transferrin receptors
JBHJCD010000001.1_54	64800	65561	762	-1	0.677	11	GGxGG	NA	NA	NA	0	0	0	1	NA	NA	NA	NA	NA
JBHJCD010000001.1_55	65899	67683	1785	-1	0.663	11	GGA/GAG/AGG	NA	NA	NA	0	0	0	1	NA	NA	NA	NA	NA
JBHJCD010000001.1_56	68036	69229	1194	1	0.659	11	GGA/GAG/AGG	GENOMAD.137855.CP	3.504e-12	71	0	0	0	1	NA	NA	NA	PF00067;TIGR04515;K24389;COG2124	P450-derived glycosyltranferase activator
JBHJCD010000001.1_57	69429	71828	2400	-1	0.644	11	GGA/GAG/AGG	NA	NA	NA	0	0	0	1	NA	NA	NA	NA	NA
JBHJCD010000001.1_58	72171	74558	2388	-1	0.626	11	GGAG/GAGG	NA	NA	NA	0	0	0	1	NA	NA	NA	NA	NA
JBHJCD010000001.1_59	74832	75257	426	-1	0.631	11	GGAG/GAGG	NA	NA	NA	0	0	0	1	NA	NA	NA	NA	NA
JBHJCD010000001.1_60	75681	78065	2385	-1	0.665	11	GGAG/GAGG	NA	NA	NA	0	0	0	1	NA	NA	NA	NA	NA
JBHJCD010000001.1_61	78245	80161	1917	1	0.661	11	GGA/GAG/AGG	NA	NA	NA	0	0	0	1	NA	NA	NA	NA	NA
JBHJCD010000001.1_62	80354	80854	501	1	0.649	11	GGA/GAG/AGG	NA	NA	NA	0	0	0	1	NA	NA	NA	NA	NA
JBHJCD010000001.1_63	80870	81745	876	-1	0.700	11	None	NA	NA	NA	0	0	0	1	NA	NA	NA	NA	NA
JBHJCD010000001.1_64	81846	82739	894	1	0.677	11	AGGAG	NA	NA	NA	0	0	0	1	NA	NA	NA	NA	NA
JBHJCD010000001.1_65	82852	83757	906	1	0.648	11	None	NA	NA	NA	0	0	0	1	NA	NA	NA	NA	NA
JBHJCD010000001.1_66	84016	86163	2148	-1	0.680	11	GGA/GAG/AGG	NA	NA	NA	0	0	0	1	NA	NA	NA	NA	NA
JBHJCD010000001.1_67	86238	88634	2397	-1	0.644	11	GGA/GAG/AGG	GENOMAD.148078.PC	0.0	1294	0	0	0	1	NA	NA	NA	PF14905;PF07715;K16091;TIGR01776;COG4772	TonB-dependent lactoferrin and transferrin receptors
JBHJCD010000001.1_68	89098	90336	1239	-1	0.660	11	GGAG/GAGG	GENOMAD.147262.CP	5.374e-89	301	0	0	0	1	NA	NA	NA	COG2223	Nitrate/nitrite transporter NarK
JBHJCD010000001.1_69	90810	91103	294	1	0.663	11	None	GENOMAD.129440.VC	2.14e-18	81	0	0	0	1246	Caudoviricetes	NA	NA	PF13397;COG2331;TIGR02605	Predicted nucleic acid-binding protein, contains Zn-ribbon domain
JBHJCD010000001.1_70	91544	92356	813	-1	0.712	11	AGGA	GENOMAD.207981.CP	2.128e-23	103	0	0	0	1	NA	NA	NA	PF11218	NA
JBHJCD010000001.1_71	92514	94280	1767	1	0.660	11	GGAG/GAGG	GENOMAD.103290.CV	8.254e-16	84	0	0	0	1246	Caudoviricetes	NA	NA	PF02938	GAD domain
JBHJCD010000001.1_72	94745	95272	528	1	0.640	11	GGAG/GAGG	NA	NA	NA	0	0	0	1	NA	NA	NA	NA	NA
JBHJCD010000001.1_73	95368	96045	678	1	0.742	11	GGA/GAG/AGG	NA	NA	NA	0	0	0	1	NA	NA	NA	NA	NA
JBHJCD010000001.1_74	96135	96863	729	1	0.660	11	GGA/GAG/AGG	NA	NA	NA	0	0	0	1	NA	NA	NA	NA	NA
JBHJCD010000001.1_75	96994	97518	525	1	0.670	11	None	NA	NA	NA	0	0	0	1	NA	NA	NA	NA	NA
JBHJCD010000001.1_76	97676	98260	585	1	0.675	11	GGxGG	NA	NA	NA	0	0	0	1	NA	NA	NA	NA	NA
JBHJCD010000001.1_77	98457	100361	1905	1	0.654	11	None	NA	NA	NA	0	0	0	1	NA	NA	NA	NA	NA
JBHJCD010000001.1_78	100364	101482	1119	1	0.673	11	GGAG/GAGG	NA	NA	NA	0	0	0	1	NA	NA	NA	NA	NA
JBHJCD010000001.1_79	101522	102562	1041	1	0.661	11	GGA/GAG/AGG	NA	NA	NA	0	0	0	1	NA	NA	NA	NA	NA
JBHJCD010000001.1_80	102615	103073	459	1	0.630	11	None	GENOMAD.116981.CP	1.634e-19	87	0	0	0	1	NA	NA	NA	PF13279;TIGR02799;K07107;COG0824	tol-pal system-associated acyl-CoA thioesterase
JBHJCD010000001.1_81	103085	103864	780	1	0.654	11	GGAG/GAGG	GENOMAD.114974.CP	1.093e-06	52	0	0	0	1	NA	NA	NA	PF01618;K03561;COG0811;TIGR02796	Biopolymer transport protein ExbB/TolQ
JBHJCD010000001.1_82	104022	104471	450	1	0.627	11	AGGA	GENOMAD.124417.CP	1.384e-09	58	0	0	0	1	NA	NA	NA	PF02472;K03560;TIGR02801;COG0848	TolR protein
JBHJCD010000001.1_83	104461	105501	1041	1	0.684	11	GGA/GAG/AGG	GENOMAD.007324.CC	2.031e-41	159	0	0	0	1	NA	NA	NA	PF06519	TolA C-terminal
JBHJCD010000001.1_84	105690	107009	1320	1	0.658	11	GGA/GAG/AGG	GENOMAD.000747.CC	1.004e-23	108	0	0	0	1	NA	NA	NA	PF04052;TIGR02800;COG0823	tol-pal system beta propeller repeat protein TolB
JBHJCD010000001.1_85	107067	107585	519	1	0.630	11	GGA/GAG/AGG	NA	NA	NA	0	0	0	1	NA	NA	NA	NA	NA
JBHJCD010000001.1_86	107592	108410	819	1	0.637	11	None	GENOMAD.083550.CP	6.223e-59	207	0	0	0	1	NA	NA	NA	PF16331;PF13525;COG1729;TIGR03302;K05807	Periplasmic TolA-binding protein (function unknown)
JBHJCD010000001.1_87	108452	109135	684	1	0.645	11	None	NA	NA	NA	0	0	0	1	NA	NA	NA	NA	NA
JBHJCD010000001.1_88	109507	110181	675	-1	0.676	11	None	NA	NA	NA	0	0	0	1	NA	NA	NA	NA	NA
JBHJCD010000001.1_89	110458	111465	1008	1	0.624	11	GGA/GAG/AGG	NA	NA	NA	0	0	0	1	NA	NA	NA	NA	NA
JBHJCD010000001.1_90	111462	111821	360	1	0.586	11	GGAG/GAGG	NA	NA	NA	0	0	0	1	NA	NA	NA	NA	NA
JBHJCD010000001.1_91	112091	112993	903	-1	0.664	11	GGA/GAG/AGG	GENOMAD.170952.PC	3.491e-70	241	0	0	0	1	NA	NA	NA	PF03466;TIGR03298;COG0583;K21698	transcriptional regulator, ArgP family
JBHJCD010000001.1_92	113095	113721	627	1	0.646	11	GGAG/GAGG	GENOMAD.161205.CP	5.824e-12	67	0	0	0	1	NA	NA	NA	PF01810;K06895;COG1280;TIGR00949	Threonine/homoserine/homoserine lactone efflux protein
JBHJCD010000001.1_93	114081	116249	2169	-1	0.624	11	GGA/GAG/AGG	NA	NA	NA	0	0	0	1	NA	NA	NA	NA	NA
JBHJCD010000001.1_94	116764	116970	207	-1	0.589	11	AGGAG	NA	NA	NA	0	0	0	1	NA	NA	NA	NA	NA
JBHJCD010000001.1_95	117203	117913	711	1	0.658	11	GGA/GAG/AGG	GENOMAD.106866.CP	7.421e-39	147	0	0	0	1246	Caudoviricetes	NA	NA	COG1187	16S rRNA U516 pseudouridylate synthase RsuA and related 23S rRNA U2605, pseudouridylate synthases
JBHJCD010000001.1_96	118004	118114	111	-1	0.486	11	AGGAG	NA	NA	NA	0	0	0	1	NA	NA	NA	NA	NA
JBHJCD010000001.1_97	118809	119579	771	-1	0.651	11	GGA/GAG/AGG	NA	NA	NA	0	0	0	1	NA	NA	NA	NA	NA
JBHJCD010000001.1_98	119738	120142	405	-1	0.620	11	GGA/GAG/AGG	NA	NA	NA	0	0	0	1	NA	NA	NA	NA	NA
JBHJCD010000001.1_99	120221	120718	498	-1	0.645	11	GGA/GAG/AGG	NA	NA	NA	0	0	0	1	NA	NA	NA	NA	NA
JBHJCD010000001.1_100	120857	122653	1797	-1	0.659	11	None	NA	NA	NA	0	0	0	1	NA	NA	NA	NA	NA
JBHJCD010000001.1_101	123035	123583	549	-1	0.630	11	AGGA	NA	NA	NA	0	0	0	1	NA	NA	NA	NA	NA
JBHJCD010000001.1_102	123686	127807	4122	1	0.670	11	None	GENOMAD.105310.CV	4.439e-152	522	0	0	0	1	NA	NA	NA	PF11898	NA
JBHJCD010000001.1_103	128023	130659	2637	-1	0.624	11	AGGAG	GENOMAD.152082.CP	2.441e-104	364	0	0	0	1	NA	NA	NA	PF00593;PF07715;PF00691;TIGR01782;COG4773;K16089	TonB-dependent receptor
JBHJCD010000001.1_104	130762	131688	927	-1	0.663	11	None	GENOMAD.142642.CP	1.306e-86	289	0	0	0	1	NA	NA	NA	PF02685;TIGR00749;K00845;COG0837	glucokinase, proteobacterial type
JBHJCD010000001.1_105	132089	133603	1515	-1	0.658	11	GGAG/GAGG	NA	NA	NA	0	0	0	1	NA	NA	NA	NA	NA
JBHJCD010000001.1_106	134032	134544	513	-1	0.634	11	GGA/GAG/AGG	GENOMAD.209634.PC	6.848e-29	115	0	0	0	1	NA	NA	NA	NA	NA
JBHJCD010000001.1_107	134607	135725	1119	-1	0.686	11	None	NA	NA	NA	0	0	0	1	NA	NA	NA	NA	NA
JBHJCD010000001.1_108	135722	136000	279	-1	0.649	11	None	GENOMAD.169830.CP	1.905e-17	78	0	0	0	1	NA	NA	NA	PF03070;PF05402;K06137;TIGR02111;COG5424	coenzyme PQQ biosynthesis protein C
JBHJCD010000001.1_109	135997	136749	753	-1	0.648	11	GGAG/GAGG	GENOMAD.169830.CP	2.934e-103	334	0	0	0	1	NA	NA	NA	PF03070;PF05402;K06137;TIGR02111;COG5424	coenzyme PQQ biosynthesis protein C
JBHJCD010000001.1_110	136746	137645	900	-1	0.653	11	GGA/GAG/AGG	GENOMAD.180288.CP	1.096e-64	225	0	0	0	1	NA	NA	NA	PF12706;K06136;TIGR02108;COG1234	coenzyme PQQ biosynthesis protein B
JBHJCD010000001.1_111	138113	140284	2172	1	0.679	11	None	NA	NA	NA	0	0	0	1	NA	NA	NA	NA	NA
JBHJCD010000001.1_112	140538	141968	1431	1	0.727	11	None	GENOMAD.010877.CC	1.422e-168	535	0	0	0	1	NA	NA	NA	K09667;COG4105	Outer membrane protein assembly factor BamD, BamD/ComL family
JBHJCD010000001.1_113	142324	144408	2085	-1	0.662	11	GGAG/GAGG	NA	NA	NA	0	0	0	1	NA	NA	NA	NA	NA
JBHJCD010000001.1_114	144646	147093	2448	1	0.681	11	None	NA	NA	NA	0	0	0	1	NA	NA	NA	NA	NA
JBHJCD010000001.1_115	147107	147631	525	1	0.699	11	GGA/GAG/AGG	GENOMAD.147559.CP	2.879e-58	200	0	0	0	1	NA	NA	NA	PF13512;PF20402;K02656;TIGR02521;COG5010	type IV pilus biogenesis/stability protein PilW
JBHJCD010000001.1_116	147902	149890	1989	1	0.688	11	None	NA	NA	NA	0	0	0	1	NA	NA	NA	NA	NA
JBHJCD010000001.1_117	150056	150775	720	1	0.699	11	None	GENOMAD.034878.CC	2.181e-56	198	0	0	0	1	NA	NA	NA	PF00814;PF07066;K14742;TIGR03725;COG1214	tRNA threonylcarbamoyl adenosine modification protein YeaZ
JBHJCD010000001.1_118	150772	151131	360	1	0.664	11	None	NA	NA	NA	0	0	0	1	NA	NA	NA	NA	NA
JBHJCD010000001.1_119	151386	151955	570	1	0.714	11	None	NA	NA	NA	0	0	0	1	NA	NA	NA	NA	NA
JBHJCD010000001.1_120	152297	153172	876	-1	0.703	11	None	GENOMAD.001998.CC	2.829e-32	130	0	0	0	1	NA	NA	NA	PF06519;TIGR01352	TolA C-terminal
JBHJCD010000001.1_121	153169	154119	951	-1	0.685	11	GGA/GAG/AGG	GENOMAD.129199.CP	4.188e-40	154	0	0	0	1	NA	NA	NA	PF02951;K01920;TIGR01380;COG0189	Prokaryotic glutathione synthetase, N-terminal domain
JBHJCD010000001.1_122	154404	154757	354	1	0.562	11	AGGA	NA	NA	NA	0	0	0	1	NA	NA	NA	NA	NA
JBHJCD010000001.1_123	154775	155137	363	1	0.595	11	GGA/GAG/AGG	NA	NA	NA	0	0	0	1	NA	NA	NA	NA	NA
JBHJCD010000001.1_124	155137	155667	531	1	0.661	11	None	GENOMAD.128882.CP	1.068e-14	74	0	0	0	1	NA	NA	NA	PF01584;K02659;COG0835	Chemotaxis signal transduction protein
JBHJCD010000001.1_125	155707	157743	2037	1	0.655	11	GGAG/GAGG	NA	NA	NA	0	0	0	1	NA	NA	NA	NA	NA
JBHJCD010000001.1_126	157857	165074	7218	1	0.674	11	GGA/GAG/AGG	GENOMAD.116397.CP	9.794e-59	229	0	0	0	1	NA	NA	NA	PF14501;PF01584;PF01627;PF02895;K03407;COG0643;TIGR01924	Chemotaxis protein histidine kinase CheA
JBHJCD010000001.1_127	165061	166269	1209	1	0.709	11	GGA/GAG/AGG	GENOMAD.177428.CP	1.715e-129	418	0	0	0	1	NA	NA	NA	PF01339;K06597	CheB methylesterase
JBHJCD010000001.1_128	166303	166779	477	1	0.677	11	GGA/GAG/AGG	GENOMAD.007007.CC	1.157e-16	79	0	0	0	1	NA	NA	NA	PF01584;K06598;COG0835	Chemotaxis signal transduction protein
JBHJCD010000001.1_129	167010	167633	624	1	0.670	11	GGAG/GAGG	NA	NA	NA	0	0	0	1	NA	NA	NA	NA	NA
JBHJCD010000001.1_130	167601	169412	1812	-1	0.673	11	GGAGG	GENOMAD.029534.CC	1.075e-05	51	0	0	0	1	NA	NA	NA	NA	NA
JBHJCD010000001.1_131	169409	169939	531	-1	0.637	11	GGAG/GAGG	NA	NA	NA	0	0	0	1	NA	NA	NA	NA	NA
JBHJCD010000001.1_132	170011	171516	1506	-1	0.651	11	GGA/GAG/AGG	GENOMAD.167282.CP	2.499e-34	142	0	0	0	1	NA	NA	NA	PF12450	von Willebrand factor
JBHJCD010000001.1_133	172328	173392	1065	1	0.650	11	GGAG/GAGG	GENOMAD.141113.CP	6.386e-55	199	0	0	0	1	NA	NA	NA	PF01112;K01444;COG1446	Isoaspartyl peptidase or L-asparaginase, Ntn-hydrolase superfamily
JBHJCD010000001.1_134	173389	174120	732	1	0.668	11	GGA/GAG/AGG	GENOMAD.154816.CP	1.594e-30	123	0	0	0	1	NA	NA	NA	PF03932;K06201;COG3142;TIGR00559	Copper homeostasis protein CutC
JBHJCD010000001.1_135	174222	175904	1683	-1	0.623	11	GGA/GAG/AGG	NA	NA	NA	0	0	0	1	NA	NA	NA	NA	NA
JBHJCD010000001.1_136	176290	177450	1161	-1	0.661	11	AGGA	NA	NA	NA	0	0	0	1	NA	NA	NA	NA	NA
JBHJCD010000001.1_137	177844	178173	330	1	0.594	11	AGGAG	GENOMAD.018095.CC	5.921e-21	89	0	0	0	1	NA	NA	NA	PF11747	Killing trait
JBHJCD010000001.1_138	178231	178431	201	-1	0.647	11	AGGAG	NA	NA	NA	0	0	0	1	NA	NA	NA	NA	NA
JBHJCD010000001.1_139	178929	181595	2667	1	0.670	11	GGAG/GAGG	NA	NA	NA	0	0	0	1	NA	NA	NA	NA	NA
JBHJCD010000001.1_140	181642	183477	1836	-1	0.657	11	GGA/GAG/AGG	GENOMAD.208849.PC	6.595e-07	55	0	0	0	1	NA	NA	NA	PF18120;PF01301;K12308;COG1874;TIGR03356	Glycosyl hydrolases family 35
JBHJCD010000001.1_141	183787	186129	2343	-1	0.666	11	GGA/GAG/AGG	GENOMAD.140646.CP	1.643e-163	535	0	0	0	1246	Caudoviricetes	NA	NA	PF07971;PF17678;TIGR01180;COG3537;K03931	alpha-1,2-mannosidase, putative
JBHJCD010000001.1_142	186236	187699	1464	-1	0.668	11	AGGAG	NA	NA	NA	0	0	0	1	NA	NA	NA	NA	NA
JBHJCD010000001.1_143	188176	190845	2670	-1	0.673	11	AGGAG	GENOMAD.123121.CP	1.23e-10	68	0	0	0	1	NA	NA	NA	K01207;COG1472	Periplasmic beta-glucosidase and related glycosidases
JBHJCD010000001.1_144	191054	193735	2682	-1	0.647	11	AGGAG	GENOMAD.176795.CP	9.254e-13	75	0	0	0	1	NA	NA	NA	PF17753	Ig-fold domain
JBHJCD010000001.1_145	193757	196207	2451	-1	0.671	11	GGA/GAG/AGG	GENOMAD.142037.CP	3.295e-12	73	0	0	0	1246	Caudoviricetes	NA	NA	PF00728;PF02838;COG3525;K12373	N-acetyl-beta-hexosaminidase
JBHJCD010000001.1_146	196465	197520	1056	-1	0.604	11	GGA/GAG/AGG	NA	NA	NA	0	0	0	1	NA	NA	NA	NA	NA
JBHJCD010000001.1_147	197535	199223	1689	-1	0.647	11	AGGAG	GENOMAD.178633.CP	1.064e-17	90	0	0	0	1	NA	NA	NA	PF16757	Alpha-L-fucosidase C-terminal domain
JBHJCD010000001.1_148	199430	202102	2673	-1	0.619	11	GGAG/GAGG	GENOMAD.152082.CP	5.714e-123	420	0	0	0	1	NA	NA	NA	PF00593;PF07715;PF00691;TIGR01782;COG4773;K16089	TonB-dependent receptor
JBHJCD010000001.1_149	202805	203821	1017	1	0.667	11	AGGAG	GENOMAD.142642.CP	1.634e-98	325	0	0	0	1	NA	NA	NA	PF02685;TIGR00749;K00845;COG0837	glucokinase, proteobacterial type
JBHJCD010000001.1_150	204123	204857	735	-1	0.693	11	GGAG/GAGG	GENOMAD.081069.CP	1.462e-32	129	1	0	0	1	NA	NA	NA	PF04452;PF20260;COG1385;TIGR00046;K09761	16S rRNA U1498 N3-methylase RsmE
JBHJCD010000001.1_151	204848	206155	1308	-1	0.674	11	None	NA	NA	NA	0	0	0	1	NA	NA	NA	NA	NA
JBHJCD010000001.1_152	206308	206856	549	1	0.639	11	None	NA	NA	NA	0	0	0	1	NA	NA	NA	NA	NA
JBHJCD010000001.1_153	206853	207653	801	1	0.679	11	GGAG/GAGG	NA	NA	NA	0	0	0	1	NA	NA	NA	NA	NA
JBHJCD010000001.1_154	207844	208848	1005	1	0.661	11	AGGA	GENOMAD.097849.CV	3.746e-36	143	0	0	0	1246	Caudoviricetes	NA	NA	PF00590;PF03819;K02499;COG3956;TIGR00444	Uncharacterized conserved protein YabN, contains tetrapyrrole methylase and MazG-like pyrophosphatase domain
JBHJCD010000001.1_155	208845	209180	336	1	0.661	11	None	NA	NA	NA	0	0	0	1	NA	NA	NA	NA	NA
JBHJCD010000001.1_156	209630	210064	435	1	0.678	11	GGAG/GAGG	GENOMAD.142316.CP	5.961e-19	85	0	0	0	1	NA	NA	NA	PF01957;K07340;COG1585	Membrane protein implicated in regulation of membrane protease activity
JBHJCD010000001.1_157	210235	211344	1110	1	0.653	11	GGA/GAG/AGG	GENOMAD.127113.CP	7.151e-22	101	0	0	0	1	NA	NA	NA	PF01571;K00282;TIGR00528;COG0404	glycine cleavage system T protein
JBHJCD010000001.1_158	211493	211888	396	1	0.629	11	GGAG/GAGG	NA	NA	NA	0	0	0	1	NA	NA	NA	NA	NA
JBHJCD010000001.1_159	212899	213432	534	1	0.562	11	AGGAG	NA	NA	NA	0	0	0	1	NA	NA	NA	NA	NA
JBHJCD010000001.1_160	214055	215434	1380	-1	0.670	11	GGA/GAG/AGG	NA	NA	NA	0	0	0	1	NA	NA	NA	NA	NA
JBHJCD010000001.1_161	215768	217129	1362	1	0.641	11	None	GENOMAD.134235.CP	1.349e-43	169	0	0	0	1	NA	NA	NA	PF03219;K03301;TIGR00769;COG3202	ADP/ATP carrier protein family
JBHJCD010000001.1_162	217309	217662	354	1	0.636	11	GGAG/GAGG	GENOMAD.189480.CP	1.27e-07	51	0	0	0	1	NA	NA	NA	PF06993;COG3759;K08987	NA
JBHJCD010000001.1_163	217965	220439	2475	-1	0.646	11	GGAG/GAGG	NA	NA	NA	0	0	0	1	NA	NA	NA	NA	NA
JBHJCD010000001.1_164	220436	221359	924	-1	0.659	11	None	NA	NA	NA	0	0	0	1	NA	NA	NA	NA	NA
JBHJCD010000001.1_165	221496	222104	609	1	0.654	11	None	GENOMAD.142335.PC	1.368e-62	214	0	0	0	1	NA	NA	NA	PF13022;PF19344;TIGR03384;COG3226;K18939	transcriptional repressor BetI
JBHJCD010000001.1_166	222219	225119	2901	-1	0.573	11	GGAG/GAGG	NA	NA	NA	0	0	0	1	NA	NA	NA	NA	NA
JBHJCD010000001.1_167	225363	226196	834	-1	0.663	11	None	NA	NA	NA	0	0	0	1	NA	NA	NA	NA	NA
JBHJCD010000001.1_168	226350	227240	891	-1	0.681	11	None	GENOMAD.043656.CC	7.21e-47	173	0	0	0	1	NA	NA	NA	PF01430;COG1281;K04083	Redox-regulated molecular chaperone, HSP33 family
JBHJCD010000001.1_169	227315	228061	747	1	0.655	11	GGA/GAG/AGG	NA	NA	NA	0	0	0	1	NA	NA	NA	NA	NA
JBHJCD010000001.1_170	228058	229104	1047	1	0.640	11	GGA/GAG/AGG	NA	NA	NA	0	0	0	1	NA	NA	NA	NA	NA
JBHJCD010000001.1_171	229064	229492	429	1	0.629	11	GGAG/GAGG	NA	NA	NA	0	0	0	1	NA	NA	NA	NA	NA
JBHJCD010000001.1_172	229505	231490	1986	-1	0.654	11	None	GENOMAD.121392.CP	2.385e-113	383	0	0	0	1	NA	NA	NA	K07290;COG2982	Uncharacterized protein involved in outer membrane biogenesis
JBHJCD010000001.1_173	231519	232163	645	-1	0.623	11	None	NA	NA	NA	0	0	0	1	NA	NA	NA	NA	NA
JBHJCD010000001.1_174	232239	233843	1605	-1	0.628	11	None	GENOMAD.123902.CP	1.369e-116	387	0	0	0	1246	Caudoviricetes	NA	NA	PF16658;PF03144	Class II release factor RF3, C-terminal domain; Elongation factor Tu domain 2
JBHJCD010000001.1_175	233982	235007	1026	-1	0.673	11	GGAG/GAGG	NA	NA	NA	0	0	0	1	NA	NA	NA	NA	NA
JBHJCD010000001.1_176	235205	236251	1047	1	0.682	11	GGA/GAG/AGG	NA	NA	NA	0	0	0	1	NA	NA	NA	NA	NA
JBHJCD010000001.1_177	236248	237465	1218	1	0.644	11	GGAG/GAGG	GENOMAD.143010.CP	5.571e-10	64	0	0	0	1	NA	NA	NA	K01758;TIGR01328	methionine gamma-lyase
JBHJCD010000001.1_178	237462	238550	1089	1	0.686	11	GGA/GAG/AGG	NA	NA	NA	0	0	0	1	NA	NA	NA	NA	NA
JBHJCD010000001.1_179	238703	239698	996	-1	0.617	11	GGAG/GAGG	GENOMAD.191409.CP	1.966e-06	52	0	0	0	1	NA	NA	NA	PF03096;TIGR03056;K05714;COG2267	putative magnesium chelatase accessory protein
JBHJCD010000001.1_180	240046	241428	1383	-1	0.654	11	None	NA	NA	NA	0	0	0	1	NA	NA	NA	NA	NA
JBHJCD010000001.1_181	241516	241755	240	1	0.675	11	GGA/GAG/AGG	GENOMAD.105945.CV	5.854e-16	73	0	0	0	1	NA	NA	NA	PF06953;COG4837;K18917;TIGR02194	Disulfide oxidoreductase YuzD
JBHJCD010000001.1_182	241902	242471	570	-1	0.647	11	AGGA	GENOMAD.137814.CP	5.396e-31	122	0	0	0	1	NA	NA	NA	PF04264;COG2353	Polyisoprenoid-binding periplasmic protein YceI
JBHJCD010000001.1_183	242481	243044	564	-1	0.647	11	AGGA	GENOMAD.148234.CP	3.6e-35	134	0	0	0	1	NA	NA	NA	PF01292;K12262;COG3038;TIGR02125	Prokaryotic cytochrome b561
JBHJCD010000001.1_184	243041	243703	663	-1	0.673	11	None	GENOMAD.137611.CP	5.209e-24	103	0	0	0	1	NA	NA	NA	PF04264;COG2353	Polyisoprenoid-binding periplasmic protein YceI
JBHJCD010000001.1_185	243800	247375	3576	1	0.655	11	AGGA	NA	NA	NA	0	0	0	1	NA	NA	NA	NA	NA
JBHJCD010000001.1_186	247677	251204	3528	1	0.664	11	GGA/GAG/AGG	NA	NA	NA	0	0	0	1	NA	NA	NA	NA	NA
JBHJCD010000001.1_187	251409	254978	3570	1	0.631	11	None	NA	NA	NA	0	0	0	1	NA	NA	NA	NA	NA
JBHJCD010000001.1_188	255370	258915	3546	1	0.655	11	None	NA	NA	NA	0	0	0	1	NA	NA	NA	NA	NA
JBHJCD010000001.1_189	258950	260398	1449	-1	0.654	11	GGAG/GAGG	NA	NA	NA	0	0	0	1	NA	NA	NA	NA	NA
JBHJCD010000001.1_190	260734	261798	1065	-1	0.676	11	AGGA/GGAG/GAGG	GENOMAD.115195.CP	1.1e-06	53	0	0	0	1	NA	NA	NA	PF01208;TIGR01463;COG0407;K01599	methyltransferase, MtaA/CmuA family
JBHJCD010000001.1_191	261813	262067	255	-1	0.651	11	None	NA	NA	NA	0	0	0	1	NA	NA	NA	NA	NA
JBHJCD010000001.1_192	262358	263470	1113	-1	0.698	11	GGA/GAG/AGG	NA	NA	NA	0	0	0	1	NA	NA	NA	NA	NA
JBHJCD010000001.1_193	263467	264009	543	-1	0.676	11	None	GENOMAD.094450.CP	1.323e-12	68	0	0	0	1	NA	NA	NA	PF13189;K00891;COG0703;TIGR00041	Shikimate kinase
JBHJCD010000001.1_194	264177	264776	600	1	0.682	11	None	NA	NA	NA	0	0	0	1	NA	NA	NA	NA	NA
JBHJCD010000001.1_195	264956	265372	417	1	0.621	11	AGGA	NA	NA	NA	0	0	0	1	NA	NA	NA	NA	NA
JBHJCD010000001.1_196	265385	266158	774	1	0.667	11	GGA/GAG/AGG	GENOMAD.194782.CP	3.627e-16	81	0	0	0	1	NA	NA	NA	PF04012;COG1842;TIGR02977;K03969	Phage shock protein A
JBHJCD010000001.1_197	266184	267266	1083	1	0.681	11	AGGA	NA	NA	NA	0	0	0	1	NA	NA	NA	NA	NA
JBHJCD010000001.1_198	267269	267940	672	1	0.628	11	GGA/GAG/AGG	NA	NA	NA	0	0	0	1	NA	NA	NA	NA	NA
JBHJCD010000001.1_199	267978	268382	405	1	0.632	11	None	NA	NA	NA	0	0	0	1	NA	NA	NA	NA	NA
JBHJCD010000001.1_200	268395	268967	573	1	0.658	11	GGAG/GAGG	NA	NA	NA	0	0	0	1	NA	NA	NA	NA	NA
JBHJCD010000001.1_201	268969	270135	1167	1	0.642	11	GGxGG	NA	NA	NA	0	0	0	1	NA	NA	NA	NA	NA
JBHJCD010000001.1_202	270700	272073	1374	-1	0.693	11	GGA/GAG/AGG	GENOMAD.180266.CP	8.96e-29	124	0	0	0	1	NA	NA	NF000095	K08166;COG2223	Nitrate/nitrite transporter NarK
JBHJCD010000001.1_203	272173	272619	447	1	0.669	11	GGAG/GAGG	NA	NA	NA	0	0	0	1	NA	NA	NA	NA	NA
JBHJCD010000001.1_204	272836	274845	2010	1	0.642	11	AGGA	GENOMAD.000471.CC	7.236e-90	314	0	0	0	1	NA	NA	NA	PF01433;COG0308;TIGR02411;K01256	Aminopeptidase N
JBHJCD010000001.1_205	275875	279033	3159	1	0.626	11	GGAG/GAGG	GENOMAD.154316.CP	2.319e-47	189	0	0	0	1	NA	NA	NA	K16091	NA
JBHJCD010000001.1_206	279360	280118	759	1	0.664	11	GGAG/GAGG	GENOMAD.183080.CP	1.186e-60	211	0	0	0	1	NA	NA	NA	PF07277	SapC
JBHJCD010000001.1_207	280123	280917	795	1	0.668	11	None	NA	NA	NA	0	0	0	1	NA	NA	NA	NA	NA
JBHJCD010000001.1_208	280872	281174	303	1	0.653	11	None	NA	NA	NA	0	0	0	1	NA	NA	NA	NA	NA
JBHJCD010000001.1_209	281215	282732	1518	1	0.649	11	AGGAG	GENOMAD.098617.VV	8.587e-10	64	0	0	0	1246	Caudoviricetes	NA	NA	NA	NA
JBHJCD010000001.1_210	283044	284051	1008	-1	0.647	11	GGA/GAG/AGG	NA	NA	NA	0	0	0	1	NA	NA	NA	NA	NA
JBHJCD010000001.1_211	284188	284586	399	-1	0.622	11	None	NA	NA	NA	0	0	0	1	NA	NA	NA	NA	NA
JBHJCD010000001.1_212	284989	285942	954	-1	0.621	11	None	NA	NA	NA	0	0	0	1	NA	NA	NA	NA	NA
JBHJCD010000001.1_213	285939	286385	447	-1	0.647	11	AGGA	NA	NA	NA	0	0	0	1	NA	NA	NA	NA	NA
JBHJCD010000001.1_214	286466	286687	222	-1	0.559	11	None	NA	NA	NA	0	0	0	1	NA	NA	NA	NA	NA
JBHJCD010000001.1_215	287075	288151	1077	1	0.613	11	GGxGG	NA	NA	NA	0	0	0	1	NA	NA	NA	NA	NA
JBHJCD010000001.1_216	288503	289885	1383	-1	0.647	11	GGA/GAG/AGG	GENOMAD.153082.CP	2.968e-05	49	0	0	0	1	NA	NA	NA	K14052;COG0833	Amino acid permease
JBHJCD010000001.1_217	290078	290842	765	1	0.642	11	AGGAG	NA	NA	NA	0	0	0	1	NA	NA	NA	NA	NA
JBHJCD010000001.1_218	291224	292165	942	1	0.666	11	GGA/GAG/AGG	NA	NA	NA	0	0	0	1	NA	NA	NA	NA	NA
JBHJCD010000001.1_219	292961	293908	948	1	0.596	11	GGAG/GAGG	NA	NA	NA	0	0	0	1	NA	NA	NA	NA	NA
JBHJCD010000001.1_220	293905	294021	117	1	0.650	11	None	NA	NA	NA	0	0	0	1	NA	NA	NA	NA	NA
JBHJCD010000001.1_221	294426	295814	1389	1	0.670	11	None	NA	NA	NA	0	0	0	1	NA	NA	NA	NA	NA
JBHJCD010000001.1_222	296411	297640	1230	1	0.637	11	None	NA	NA	NA	0	0	0	1	NA	NA	NA	NA	NA
JBHJCD010000001.1_223	297996	299396	1401	1	0.630	11	GGAGG	NA	NA	NA	0	0	0	1	NA	NA	NA	NA	NA
JBHJCD010000001.1_224	299396	300409	1014	1	0.638	11	GGAG/GAGG	NA	NA	NA	0	0	0	1	NA	NA	NA	NA	NA
JBHJCD010000001.1_225	300470	301207	738	-1	0.654	11	None	GENOMAD.130656.CP	2.621e-11	66	0	0	0	1	NA	NA	NA	PF00326;TIGR02821;COG0627;K03930	S-formylglutathione hydrolase
JBHJCD010000001.1_226	301409	302770	1362	-1	0.654	11	GGA/GAG/AGG	GENOMAD.114680.CP	2.028e-61	222	0	0	0	1246	Caudoviricetes	NA	NA	PF01769;PF03448;PF00478;K06213;TIGR00400;COG2239	Mg2+ transporter (mgtE)
JBHJCD010000001.1_227	303178	304908	1731	-1	0.666	11	GGA/GAG/AGG	NA	NA	NA	0	0	0	1	NA	NA	NA	NA	NA
JBHJCD010000001.1_228	304967	305236	270	-1	0.641	11	AGGA/GGAG/GAGG	GENOMAD.128943.CP	1.233e-05	44	0	0	0	1	NA	NA	NA	PF00381;COG1925;K11184;TIGR01003	Phosphotransferase system, HPr and related phosphotransfer proteins
JBHJCD010000001.1_229	305229	305621	393	-1	0.654	11	None	GENOMAD.147438.CP	7.59e-10	58	0	0	0	1	NA	NA	NA	PF03610;COG2893;TIGR00824;K02793	Phosphotransferase system, mannose/fructose-specific component IIA
JBHJCD010000001.1_230	306145	307017	873	-1	0.654	11	AGGA/GGAG/GAGG	NA	NA	NA	0	0	0	1	NA	NA	NA	NA	NA
JBHJCD010000001.1_231	307014	307964	951	-1	0.654	11	GGA/GAG/AGG	GENOMAD.000498.CC	4.381e-39	151	0	0	0	1	NA	NA	NA	PF07475;PF02603;K06023;TIGR00679;COG1493	Hpr(Ser) kinase/phosphatase
JBHJCD010000001.1_232	307961	308419	459	-1	0.702	11	None	GENOMAD.123993.CP	3.765e-06	48	0	0	0	1	NA	NA	NA	PF00359;PF02591;K02806;TIGR01419;COG4668	PTS IIA-like nitrogen-regulatory protein PtsN
JBHJCD010000001.1_233	308489	308758	270	-1	0.641	11	GGAGG	GENOMAD.103040.CV	1.595e-10	58	0	0	0	1	NA	NA	NA	PF02482;PF16321;K05808;TIGR00741;COG1544	ribosomal subunit interface protein
JBHJCD010000001.1_234	308846	310243	1398	-1	0.689	11	AGGA/GGAG/GAGG	GENOMAD.142809.CP	7.38e-10	64	0	0	0	1	NA	NA	NA	PF00309;TIGR02395;COG1508	Sigma-54 factor, Activator interacting domain (AID)
JBHJCD010000001.1_235	310326	311045	720	-1	0.654	11	GGA/GAG/AGG	NA	NA	NA	0	0	0	1	NA	NA	NA	NA	NA
JBHJCD010000001.1_236	311045	311605	561	-1	0.624	11	GGA/GAG/AGG	GENOMAD.151010.CP	1.097e-74	248	0	0	0	1	NA	NA	NA	K09774;COG1934	Lipopolysaccharide export system protein LptA
JBHJCD010000001.1_237	311583	312158	576	-1	0.663	11	GGA/GAG/AGG	GENOMAD.002742.CC	3.498e-98	316	0	0	0	1	NA	NA	NA	PF06835;COG3117;K11719;TIGR04409	Lipopolysaccharide export system protein LptC
JBHJCD010000001.1_238	312155	312703	549	-1	0.681	11	None	GENOMAD.153745.CV	0.0001509	44	0	0	0	11688	Kyanoviridae	NA	NA	PF00702;K21055;TIGR01459;COG3769	HAD-superfamily class IIA hydrolase, TIGR01459
JBHJCD010000001.1_239	312752	313753	1002	-1	0.709	11	GGA/GAG/AGG	NA	NA	NA	0	0	0	1	NA	NA	NA	NA	NA
JBHJCD010000001.1_240	313792	314034	243	1	0.654	11	None	GENOMAD.108170.CP	2.456e-17	77	0	0	0	1	NA	NA	NA	PF01722;COG5007;K05527	Acid stress-induced BolA-like protein IbaG/YrbA, predicted regulator of iron metabolism
JBHJCD010000001.1_241	314275	315549	1275	1	0.671	11	None	GENOMAD.108595.CP	6.868e-37	148	0	0	0	1246	Caudoviricetes	NA	NA	PF00275;TIGR01356;COG0766;K00790	3-phosphoshikimate 1-carboxyvinyltransferase
JBHJCD010000001.1_242	315546	315869	324	1	0.627	11	None	NA	NA	NA	0	0	0	1	NA	NA	NA	NA	NA
JBHJCD010000001.1_243	315993	316622	630	1	0.633	11	GGA/GAG/AGG	NA	NA	NA	0	0	0	1	NA	NA	NA	NA	NA
JBHJCD010000001.1_244	316433	317116	684	-1	0.633	11	AGGAG	GENOMAD.049669.CC	1.097e-39	149	0	0	0	1	NA	NA	NA	NA	NA
JBHJCD010000001.1_245	317120	317947	828	-1	0.659	11	None	GENOMAD.049669.CC	6.53e-150	470	0	0	0	1	NA	NA	NA	NA	NA
JBHJCD010000001.1_246	318014	318661	648	-1	0.694	11	GGAG/GAGG	NA	NA	NA	0	0	0	1	NA	NA	NA	NA	NA
JBHJCD010000001.1_247	318706	319176	471	-1	0.637	11	GGA/GAG/AGG	GENOMAD.022016.CC	1.501e-48	171	0	0	0	1	NA	NA	NA	NA	NA
JBHJCD010000001.1_248	319189	320247	1059	-1	0.668	11	GGA/GAG/AGG	GENOMAD.126472.VC	1.18e-39	154	0	0	0	11688	Kyanoviridae	NA	NA	TIGR00878;COG0150	phosphoribosylaminoimidazole synthetase
JBHJCD010000001.1_249	320358	321458	1101	1	0.686	11	GGA/GAG/AGG	GENOMAD.121921.CP	8.444e-175	547	0	0	0	1	NA	NA	NA	K09938;COG3249	NA
JBHJCD010000001.1_250	321455	322621	1167	1	0.642	11	GGA/GAG/AGG	GENOMAD.116507.CP	5.06e-10	64	0	0	0	1	NA	NA	NA	K03548;COG0628	Predicted PurR-regulated permease PerM
JBHJCD010000001.1_251	322618	323325	708	1	0.691	11	GGA/GAG/AGG	NA	NA	NA	0	0	0	1	NA	NA	NA	NA	NA
JBHJCD010000001.1_252	323417	324130	714	-1	0.650	11	GGA/GAG/AGG	NA	NA	NA	0	0	0	1	NA	NA	NA	NA	NA
JBHJCD010000001.1_253	324127	325146	1020	-1	0.634	11	None	GENOMAD.123224.CV	4.586e-33	134	0	0	0	1246	Caudoviricetes	NA	NA	PF01636;K07102;COG3178;TIGR00938	Predicted phosphotransferase, aminoglycoside/choline kinase (APH/ChoK) family
JBHJCD010000001.1_254	325204	325476	273	-1	0.619	11	None	GENOMAD.172052.CP	1.033e-07	50	0	0	0	1	NA	NA	NA	PF04226;COG2261	Uncharacterized membrane protein YeaQ/YmgE, transglycosylase-associated protein family
JBHJCD010000001.1_255	325985	327007	1023	-1	0.655	11	None	NA	NA	NA	0	0	0	1	NA	NA	NA	NA	NA
JBHJCD010000001.1_256	327239	327571	333	1	0.562	11	AGGAG	GENOMAD.133137.CV	1.836e-09	56	0	0	0	1	NA	NA	NA	PF14635;TIGR00426	competence protein ComEA helix-hairpin-helix repeat region
JBHJCD010000001.1_257	328000	328845	846	1	0.624	11	AGGA/GGAG/GAGG	NA	NA	NA	0	0	0	1	NA	NA	NA	NA	NA
JBHJCD010000001.1_258	329000	329665	666	1	0.635	11	GGA/GAG/AGG	NA	NA	NA	0	0	0	1	NA	NA	NA	NA	NA
JBHJCD010000001.1_259	329836	331620	1785	-1	0.672	11	None	NA	NA	NA	0	0	0	1	NA	NA	NA	NA	NA
JBHJCD010000001.1_260	331617	332591	975	-1	0.679	11	None	NA	NA	NA	0	0	0	1	NA	NA	NA	NA	NA
JBHJCD010000001.1_261	332659	333462	804	-1	0.632	11	AGGAG	GENOMAD.210458.CP	2.366e-96	315	0	0	0	1	NA	NA	NA	PF10670;COG5266;K10094	Uncharacterized conserved protein, contains GH25 family domain
JBHJCD010000001.1_262	333644	334159	516	-1	0.655	11	GGAG/GAGG	GENOMAD.189684.PC	2.185e-51	180	0	0	0	1	NA	NA	NA	PF10029;COG3656	Predicted periplasmic protein
JBHJCD010000001.1_263	334181	334822	642	-1	0.643	11	GGA/GAG/AGG	GENOMAD.180383.CP	3.539e-83	274	0	0	0	1	NA	NA	NA	K09939;COG3295	NA
JBHJCD010000001.1_264	334830	335588	759	-1	0.679	11	None	NA	NA	NA	0	0	0	1	NA	NA	NA	NA	NA
JBHJCD010000001.1_265	335581	336267	687	-1	0.658	11	GGAG/GAGG	GENOMAD.194245.CP	1.93e-14	75	0	0	0	1	NA	NA	NA	PF18331	PKHD-type hydroxylase C-terminal domain
JBHJCD010000001.1_266	336316	338634	2319	-1	0.643	11	GGA/GAG/AGG	GENOMAD.141017.CP	3.839e-103	357	0	0	0	1	NA	NA	NA	PF14905;PF07715;K16090;COG4774;TIGR01776	Outer membrane receptor for monomeric catechols
JBHJCD010000001.1_267	338975	339304	330	-1	0.636	11	GGxGG	GENOMAD.143067.CP	1.607e-10	59	0	0	0	1	NA	NA	NA	PF13806;K14578;COG2146;TIGR02377	Ferredoxin subunit of nitrite reductase or a ring-hydroxylating dioxygenase
JBHJCD010000001.1_268	339301	339840	540	-1	0.643	11	None	GENOMAD.013102.CC	8.182e-31	121	0	0	0	1	NA	NA	NA	PF12568;COG2153;TIGR04431;K00680	Predicted N-acyltransferase, GNAT family
JBHJCD010000001.1_269	340024	341268	1245	-1	0.654	11	GGA/GAG/AGG	NA	NA	NA	0	0	0	1	NA	NA	NA	NA	NA
JBHJCD010000001.1_270	341265	342527	1263	-1	0.675	11	GGAG/GAGG	NA	NA	NA	0	0	0	1	NA	NA	NA	NA	NA
JBHJCD010000001.1_271	342527	343291	765	-1	0.630	11	GGA/GAG/AGG	NA	NA	NA	0	0	0	1	NA	NA	NA	NA	NA
JBHJCD010000001.1_272	343447	344904	1458	-1	0.613	11	GGA/GAG/AGG	NA	NA	NA	0	0	0	1	NA	NA	NA	NA	NA
JBHJCD010000001.1_273	344920	345378	459	-1	0.662	11	None	NA	NA	NA	0	0	0	1	NA	NA	NA	NA	NA
JBHJCD010000001.1_274	345551	346018	468	1	0.600	11	GGA/GAG/AGG	NA	NA	NA	0	0	0	1	NA	NA	NA	NA	NA
JBHJCD010000001.1_275	346120	346662	543	1	0.617	11	AGGAG	NA	NA	NA	0	0	0	1	NA	NA	NA	NA	NA
JBHJCD010000001.1_276	346775	347371	597	-1	0.640	11	GGAG/GAGG	GENOMAD.047461.CC	2.036e-05	47	0	0	0	1	NA	NA	NA	PF07273	NA
JBHJCD010000001.1_277	347427	347969	543	-1	0.659	11	GGA/GAG/AGG	NA	NA	NA	0	0	0	1	NA	NA	NA	NA	NA
JBHJCD010000001.1_278	348026	348367	342	-1	0.655	11	None	NA	NA	NA	0	0	0	1	NA	NA	NA	NA	NA
JBHJCD010000001.1_279	348425	349066	642	-1	0.676	11	None	GENOMAD.205988.VC	5.694e-06	49	0	0	0	1	NA	NA	NA	PF01333;COG2190	Apocytochrome F, C-terminal
JBHJCD010000001.1_280	349173	349598	426	-1	0.631	11	GGA/GAG/AGG	NA	NA	NA	0	0	0	1	NA	NA	NA	NA	NA
JBHJCD010000001.1_281	350158	351012	855	-1	0.688	11	GGA/GAG/AGG	NA	NA	NA	0	0	0	1	NA	NA	NA	NA	NA
JBHJCD010000001.1_282	351056	351748	693	-1	0.662	11	GGA/GAG/AGG	GENOMAD.113324.CP	2.014e-32	128	0	0	0	1	NA	NA	NA	PF01168;K06997;TIGR00044;COG0325	pyridoxal phosphate enzyme, YggS family
JBHJCD010000001.1_283	352167	353204	1038	1	0.618	11	GGA/GAG/AGG	NA	NA	NA	0	0	0	1	NA	NA	NA	NA	NA
JBHJCD010000001.1_284	353317	354447	1131	1	0.616	11	AGGAG	GENOMAD.005978.CC	1.698e-08	59	0	0	0	1246	Caudoviricetes	T_virB11	NA	PF00437;PF05810;K07332;TIGR03819;COG4962	helicase/secretion neighborhood ATPase
JBHJCD010000001.1_285	354951	355625	675	1	0.647	11	GGAG/GAGG	NA	NA	NA	0	0	0	1	NA	NA	NA	NA	NA
JBHJCD010000001.1_286	355799	356707	909	-1	0.640	11	None	GENOMAD.142156.CP	3.779e-07	54	0	0	0	1	NA	NA	NA	PF01904;COG1801	Uncharacterized conserved protein YecE, DUF72 family
JBHJCD010000001.1_287	356733	357305	573	-1	0.647	11	GGA/GAG/AGG	NA	NA	NA	0	0	0	1	NA	NA	NA	NA	NA
JBHJCD010000001.1_288	357582	358148	567	1	0.658	11	None	NA	NA	NA	0	0	0	1	NA	NA	NA	NA	NA
JBHJCD010000001.1_289	358141	358608	468	1	0.705	11	GGA/GAG/AGG	GENOMAD.068739.CP	2.193e-35	133	1	0	0	1	NA	NA	NA	PF03652;TIGR00250;COG0816	Holliday junction resolvase
JBHJCD010000001.1_290	358622	359569	948	1	0.680	11	None	NA	NA	NA	0	0	0	1	NA	NA	NA	NA	NA
JBHJCD010000001.1_291	359883	360317	435	1	0.634	11	AGGAG	GENOMAD.145653.CP	4.644e-39	143	0	0	0	1	NA	NA	NA	PF02566;K04063;TIGR03562;COG1765	peroxiredoxin, OsmC subfamily
JBHJCD010000001.1_292	360470	361069	600	1	0.648	11	None	GENOMAD.031556.CC	0.0004151	43	0	0	0	1	NA	NA	NA	NA	NA
JBHJCD010000001.1_293	361333	362214	882	-1	0.690	11	GGA/GAG/AGG	NA	NA	NA	0	0	0	1	NA	NA	NA	NA	NA
JBHJCD010000001.1_294	362246	363124	879	-1	0.702	11	GGA/GAG/AGG	NA	NA	NA	0	0	0	1	NA	NA	NA	NA	NA
JBHJCD010000001.1_295	363308	365917	2610	1	0.663	11	None	NA	NA	NA	0	0	0	1	NA	NA	NA	NA	NA
JBHJCD010000001.1_296	365901	366359	459	1	0.630	11	GGAG/GAGG	NA	NA	NA	0	0	0	1	NA	NA	NA	NA	NA
JBHJCD010000001.1_297	366356	367711	1356	1	0.651	11	GGA/GAG/AGG	GENOMAD.177813.CP	3.73e-114	376	0	0	0	1	NA	NA	NA	PF06508;K23170;TIGR00364;COG0603	queuosine biosynthesis protein QueC
JBHJCD010000001.1_298	367692	369098	1407	1	0.682	11	GGAG/GAGG	GENOMAD.083685.CV	3.858e-26	116	1	0	0	1246	Caudoviricetes	NA	NA	PF08245;PF01225;K01925;TIGR01087;COG0773	UDP-N-acetylmuramoylalanine--D-glutamate ligase
JBHJCD010000001.1_299	369498	370220	723	1	0.674	11	None	GENOMAD.137948.CP	6.158e-90	295	0	0	0	1	NA	NA	NA	PF01738;K01061;COG3509;TIGR03100	Dienelactone hydrolase family
JBHJCD010000001.1_300	370426	371424	999	-1	0.684	11	None	NA	NA	NA	0	0	0	1	NA	NA	NA	NA	NA
JBHJCD010000001.1_301	371700	372233	534	1	0.663	11	GGA/GAG/AGG	NA	NA	NA	0	0	0	1	NA	NA	NA	NA	NA
JBHJCD010000001.1_302	372519	373928	1410	-1	0.661	11	None	GENOMAD.171872.PC	3.009e-13	75	0	0	0	1	NA	NA	NA	PF22588	Histidine kinase sensor domain
JBHJCD010000001.1_303	374291	375298	1008	1	0.657	11	AGGAG	NA	NA	NA	0	0	0	1	NA	NA	NA	NA	NA
JBHJCD010000001.1_304	375728	376378	651	1	0.625	11	GGAG/GAGG	NA	NA	NA	0	0	0	1	NA	NA	NA	NA	NA
JBHJCD010000001.1_305	376375	377325	951	1	0.666	11	GGAGG	GENOMAD.138352.CP	1.223e-31	129	0	0	0	1	NA	NA	NA	PF00941;PF03450;K11178;TIGR03195;COG1319	4-hydroxybenzoyl-CoA reductase, beta subunit
JBHJCD010000001.1_306	377327	379534	2208	1	0.649	11	GGAG/GAGG	NA	NA	NA	0	0	0	1	NA	NA	NA	NA	NA
JBHJCD010000001.1_307	379711	380535	825	1	0.679	11	GGA/GAG/AGG	NA	NA	NA	0	0	0	1	NA	NA	NA	NA	NA
JBHJCD010000001.1_308	380941	381549	609	1	0.683	11	None	GENOMAD.129102.CP	4.96e-13	70	0	0	0	1	NA	NA	NA	PF01983;K07141;TIGR03310;COG2068	molybdenum cofactor cytidylyltransferase
JBHJCD010000001.1_309	381757	381852	96	-1	0.500	11	GGAGG	NA	NA	NA	0	0	0	1	NA	NA	NA	NA	NA
JBHJCD010000001.1_310	382216	382431	216	1	0.671	11	GGAGG	NA	NA	NA	0	0	0	1	NA	NA	NA	NA	NA
JBHJCD010000001.1_311	382599	383849	1251	1	0.652	11	GGA/GAG/AGG	GENOMAD.002083.CC	6.224e-89	301	0	0	0	1	NA	NA	NA	COG5505	Na+/citrate or Na+/malate symporter
JBHJCD010000001.1_312	384175	385359	1185	-1	0.646	11	AGGAG	NA	NA	NA	0	0	0	1	NA	NA	NA	NA	NA
JBHJCD010000001.1_313	385396	386160	765	-1	0.646	11	AGGAG	NA	NA	NA	0	0	0	1	NA	NA	NA	NA	NA
JBHJCD010000001.1_314	386304	387134	831	1	0.661	11	None	NA	NA	NA	0	0	0	1	NA	NA	NA	NA	NA
JBHJCD010000001.1_315	387745	387969	225	-1	0.618	11	None	GENOMAD.212472.CP	2.066e-09	54	0	0	0	1	NA	NA	NA	PF04328;COG2879	Uncharacterized short protein YbdD, DUF466 family
JBHJCD010000001.1_316	387969	390041	2073	-1	0.648	11	GGAG/GAGG	GENOMAD.133882.CP	8.01e-195	622	0	0	0	1	NA	NA	NA	COG1966	Carbon starvation protein CstA
JBHJCD010000001.1_317	390272	391129	858	1	0.653	11	GGA/GAG/AGG	GENOMAD.129411.CP	2.84e-27	115	0	0	0	1	NA	NA	NA	PF05726;PF02678;COG1741;K06911	Redox-sensitive bicupin YhaK, pirin superfamily
JBHJCD010000001.1_318	391161	391595	435	1	0.692	11	AGGAG	GENOMAD.142464.CP	2.258e-21	92	0	0	0	1	NA	NA	NA	PF02566;K07397;COG1765;TIGR03563	Uncharacterized OsmC-related protein
JBHJCD010000001.1_319	392001	392462	462	-1	0.660	11	GGA/GAG/AGG	NA	NA	NA	0	0	0	1	NA	NA	NA	NA	NA
JBHJCD010000001.1_320	392710	393600	891	-1	0.685	11	GGA/GAG/AGG	GENOMAD.129411.CP	1.518e-14	77	0	0	0	1	NA	NA	NA	PF05726;PF02678;COG1741;K06911	Redox-sensitive bicupin YhaK, pirin superfamily
JBHJCD010000001.1_321	394342	394719	378	1	0.603	11	GGAG/GAGG	NA	NA	NA	0	0	0	1	NA	NA	NA	NA	NA
JBHJCD010000001.1_322	394793	395506	714	-1	0.686	11	None	NA	NA	NA	0	0	0	1	NA	NA	NA	NA	NA
JBHJCD010000001.1_323	395609	396358	750	1	0.652	11	GGAG/GAGG	NA	NA	NA	0	0	0	1	NA	NA	NA	NA	NA
JBHJCD010000001.1_324	396532	396819	288	1	0.684	11	GGAG/GAGG	NA	NA	NA	0	0	0	1	NA	NA	NA	NA	NA
JBHJCD010000001.1_325	397102	399204	2103	1	0.633	11	GGAG/GAGG	GENOMAD.053052.VV	5.178e-23	108	0	0	0	1	NA	NA	NA	PF01431;K07386;COG3590	Predicted metalloendopeptidase
JBHJCD010000001.1_326	399493	401004	1512	1	0.657	11	None	NA	NA	NA	0	0	0	1	NA	NA	NA	NA	NA
JBHJCD010000001.1_327	401296	402423	1128	-1	0.668	11	None	GENOMAD.125879.CP	6.841e-20	95	0	0	0	1	NA	NA	NA	PF01339;K13924	CheB methylesterase
JBHJCD010000001.1_328	402420	403226	807	-1	0.636	11	None	GENOMAD.114440.CP	1.914e-25	109	0	0	0	1	NA	NA	NA	PF01739;PF12895;PF03705;K13486;COG1352;TIGR04345	Methylase of chemotaxis methyl-accepting proteins
JBHJCD010000001.1_329	403231	404514	1284	-1	0.676	11	AGGA	NA	NA	NA	0	0	0	1	NA	NA	NA	NA	NA
JBHJCD010000001.1_330	404541	405056	516	-1	0.645	11	AGGAG	GENOMAD.119444.CP	1.668e-17	82	0	0	0	1	NA	NA	NA	PF01584;COG0835;K13489	Chemotaxis signal transduction protein
JBHJCD010000001.1_331	405067	407220	2154	-1	0.657	11	AGGA	NA	NA	NA	0	0	0	1	NA	NA	NA	NA	NA
JBHJCD010000001.1_332	407286	409295	2010	-1	0.654	11	None	GENOMAD.116397.CP	2.528e-99	342	0	0	0	1	NA	NA	NA	PF14501;PF01584;PF01627;PF02895;K03407;COG0643;TIGR01924	Chemotaxis protein histidine kinase CheA
JBHJCD010000001.1_333	409314	409643	330	-1	0.642	11	GGAG/GAGG	GENOMAD.007903.CC	9.594e-08	51	0	0	0	1	NA	NA	NA	PF13466;COG3113;K04749;TIGR00377	ABC-type transporter Mla maintaining outer membrane lipid asymmetry, MlaB component, contains STAS domain
JBHJCD010000001.1_334	410114	413578	3465	-1	0.662	11	None	NA	NA	NA	0	0	0	1	NA	NA	NA	NA	NA
JBHJCD010000001.1_335	413992	414534	543	-1	0.657	11	AGGA	GENOMAD.140339.CP	1.175e-26	109	0	0	0	1	NA	NA	NA	PF13420;TIGR02382;COG3981;K03825	TDP-D-fucosamine acetyltransferase
JBHJCD010000001.1_336	414905	415855	951	-1	0.690	11	None	GENOMAD.152486.CP	9.614e-85	284	0	0	0	1	NA	NA	NA	PF04378;K07115;COG2961;TIGR04474	23S rRNA A2030 N6-methylase RlmJ
JBHJCD010000001.1_337	415991	416695	705	1	0.699	11	None	GENOMAD.152406.CP	0.0006252	43	0	0	0	1	NA	NA	NA	PF00072;K07657;TIGR02875;COG0784	sporulation transcription factor Spo0A
JBHJCD010000001.1_338	416744	418192	1449	1	0.665	11	AGGA/GGAG/GAGG	NA	NA	NA	0	0	0	1	NA	NA	NA	NA	NA
JBHJCD010000001.1_339	418317	419129	813	-1	0.641	11	GGAG/GAGG	NA	NA	NA	0	0	0	1	NA	NA	NA	NA	NA
JBHJCD010000001.1_340	419550	420869	1320	1	0.658	11	GGAG/GAGG	GENOMAD.145476.CP	9.21e-70	246	0	0	0	1	NA	NA	NA	K06143;COG4452	Inner membrane protein involved in colicin E2 resistance
JBHJCD010000001.1_341	420877	421299	423	1	0.693	11	GGA/GAG/AGG	NA	NA	NA	0	0	0	1	NA	NA	NA	NA	NA
JBHJCD010000001.1_342	421280	421945	666	1	0.647	11	None	GENOMAD.180885.CP	8.514e-86	282	0	0	0	1	NA	NA	NA	PF13527;COG3153;K18815;TIGR04431	Predicted N-acetyltransferase YhbS
JBHJCD010000001.1_343	422070	422954	885	1	0.680	11	GGA/GAG/AGG	NA	NA	NA	0	0	0	1	NA	NA	NA	NA	NA
JBHJCD010000001.1_344	422976	424067	1092	1	0.662	11	GGA/GAG/AGG	GENOMAD.191564.CP	8.553e-119	385	0	0	0	1	NA	NA	NA	PF12275	Esterase-like activity of phytase
JBHJCD010000001.1_345	424135	425538	1404	1	0.652	11	GGA/GAG/AGG	NA	NA	NA	0	0	0	1	NA	NA	NA	NA	NA
JBHJCD010000001.1_346	425552	426058	507	1	0.667	11	GGAG/GAGG	NA	NA	NA	0	0	0	1	NA	NA	NA	NA	NA
JBHJCD010000001.1_347	426372	426992	621	-1	0.631	11	GGAG/GAGG	GENOMAD.152184.PC	3.764e-22	97	0	0	0	1	NA	NA	NA	PF14246	AefR-like transcriptional repressor, C-terminal domain
JBHJCD010000001.1_348	427276	428340	1065	1	0.686	11	None	GENOMAD.176977.PC	7.999e-05	47	0	0	0	1	NA	NA	NA	TIGR00999	Membrane Fusion Protein cluster 2 (function with RND porters)
JBHJCD010000001.1_349	428357	431500	3144	1	0.634	11	GGA/GAG/AGG	NA	NA	NA	0	0	0	1	NA	NA	NA	NA	NA
JBHJCD010000001.1_350	431502	433007	1506	1	0.661	11	AGGA	GENOMAD.125808.CP	2.008e-06	53	0	0	0	1	NA	NA	NA	PF02321;K03287;TIGR01845;COG1538	efflux transporter, outer membrane factor (OMF) lipoprotein, NodT family
JBHJCD010000001.1_351	433000	433680	681	1	0.668	11	GGAG/GAGG	GENOMAD.116548.CP	5.623e-26	109	0	0	0	1	NA	NA	NA	PF13022;PF14246;K18301;TIGR03384;COG3226	transcriptional repressor BetI
JBHJCD010000001.1_352	433856	434755	900	-1	0.657	11	None	NA	NA	NA	0	0	0	1	NA	NA	NA	NA	NA
JBHJCD010000001.1_353	434956	435426	471	1	0.675	11	AGGAG	GENOMAD.167601.PC	5.616e-25	103	0	0	0	1	NA	NA	NA	NA	NA
JBHJCD010000001.1_354	435535	436638	1104	-1	0.655	11	GGA/GAG/AGG	GENOMAD.137519.CP	0.0001734	46	0	0	0	1	NA	NA	NA	PF20240;PF12833;K17736;COG2207	AraC-type DNA-binding domain and AraC-containing proteins
JBHJCD010000001.1_355	437192	438106	915	-1	0.689	11	None	NA	NA	NA	0	0	0	1	NA	NA	NA	NA	NA
JBHJCD010000001.1_356	438206	439423	1218	1	0.699	11	None	GENOMAD.179434.CP	0.0002035	46	0	0	0	1	NA	NA	NF033135	COG2814;K03535	Predicted arabinose efflux permease, MFS family
JBHJCD010000001.1_357	439580	440611	1032	1	0.666	11	AGGA	NA	NA	NA	0	0	0	1	NA	NA	NA	NA	NA
JBHJCD010000001.1_358	440694	441290	597	-1	0.665	11	GGxGG	NA	NA	NA	0	0	0	1	NA	NA	NA	NA	NA
JBHJCD010000001.1_359	441292	443130	1839	-1	0.620	11	GGA/GAG/AGG	NA	NA	NA	0	0	0	1	NA	NA	NA	NA	NA
JBHJCD010000001.1_360	443954	446335	2382	-1	0.639	11	AGGAG	GENOMAD.159936.CP	5.444e-211	674	0	0	0	1	NA	NA	NA	K16090;COG4206	Outer membrane cobalamin receptor protein
JBHJCD010000001.1_361	446728	448791	2064	-1	0.653	11	GGA/GAG/AGG	NA	NA	NA	0	0	0	1	NA	NA	NA	NA	NA
JBHJCD010000001.1_362	448954	449370	417	1	0.652	11	None	GENOMAD.146365.CV	1.946e-37	138	0	0	0	1	NA	NA	NA	PF03203;K19058	MerC mercury resistance protein
JBHJCD010000001.1_363	449813	449995	183	1	0.645	11	AGGAG	GENOMAD.040850.CC	6.898e-07	46	0	0	0	1	NA	NA	NA	PF17070;TIGR04560	30S ribosomal protein Thx
JBHJCD010000001.1_364	450295	451635	1341	-1	0.674	11	None	NA	NA	NA	0	0	0	1	NA	NA	NA	NA	NA
JBHJCD010000001.1_365	451811	453109	1299	-1	0.672	11	None	GENOMAD.160510.CP	7.785e-07	54	0	0	0	1	NA	NA	NA	PF00884;COG1524;TIGR02335;K01133	Sulfatase
JBHJCD010000001.1_366	453146	453691	546	-1	0.689	11	AGGA	GENOMAD.015629.CC	0.0001484	44	0	0	0	1	NA	NA	NA	PF01035;COG0350;K13531;TIGR00589	O6-methylguanine-DNA--protein-cysteine methyltransferase
JBHJCD010000001.1_367	453688	455151	1464	-1	0.715	11	None	GENOMAD.132304.CP	3.522e-31	132	0	0	0	1	NA	NA	NA	PF06029;COG0122;TIGR00588	3-methyladenine DNA glycosylase/8-oxoguanine DNA glycosylase
JBHJCD010000001.1_368	455299	456525	1227	1	0.694	11	None	NA	NA	NA	0	0	0	1	NA	NA	NA	NA	NA
JBHJCD010000001.1_369	456602	456856	255	1	0.678	11	GGxGG	NA	NA	NA	0	0	0	1	NA	NA	NA	NA	NA
JBHJCD010000001.1_370	457257	457793	537	1	0.698	11	GGA/GAG/AGG	GENOMAD.189756.CP	2.357e-15	76	0	0	0	1	NA	NA	NA	PF13211	NA
JBHJCD010000001.1_371	457819	458220	402	1	0.662	11	GGAG/GAGG	GENOMAD.171460.CP	2.518e-15	74	0	0	0	1	NA	NA	NA	PF01124;COG3686	Uncharacterized conserved protein, MAPEG superfamily
JBHJCD010000001.1_372	458357	458566	210	-1	0.648	11	GGA/GAG/AGG	NA	NA	NA	0	0	0	1	NA	NA	NA	NA	NA
JBHJCD010000001.1_373	458563	458805	243	-1	0.638	11	GGA/GAG/AGG	NA	NA	NA	0	0	0	1	NA	NA	NA	NA	NA
JBHJCD010000001.1_374	458842	459489	648	-1	0.685	11	GGAG/GAGG	GENOMAD.043479.CC	4.455e-24	103	0	0	0	1	NA	NA	NA	NA	NA
JBHJCD010000001.1_375	459519	460037	519	-1	0.663	11	None	NA	NA	NA	0	0	0	1	NA	NA	NA	NA	NA
JBHJCD010000001.1_376	460186	462084	1899	1	0.677	11	GGAG/GAGG	GENOMAD.111067.CV	4.169e-08	59	0	0	0	1	NA	NA	NA	NA	NA
JBHJCD010000001.1_377	462346	464751	2406	1	0.650	11	AGGA	NA	NA	NA	0	0	0	1	NA	NA	NA	NA	NA
JBHJCD010000001.1_378	464852	465613	762	1	0.619	11	None	GENOMAD.106866.CP	1.405e-22	100	0	0	0	1246	Caudoviricetes	NA	NA	COG1187	16S rRNA U516 pseudouridylate synthase RsuA and related 23S rRNA U2605, pseudouridylate synthases
JBHJCD010000001.1_379	465811	466938	1128	1	0.657	11	GGA/GAG/AGG	NA	NA	NA	0	0	0	1	NA	NA	NA	NA	NA
JBHJCD010000001.1_380	467103	468050	948	-1	0.661	11	None	GENOMAD.101807.CP	1.683e-42	161	0	0	0	1	NA	NA	NA	PF16913;COG5006;TIGR03340;K03298	Threonine/homoserine efflux transporter RhtA
JBHJCD010000001.1_381	468427	469269	843	-1	0.656	11	GGA/GAG/AGG	NA	NA	NA	0	0	0	1	NA	NA	NA	NA	NA
JBHJCD010000001.1_382	469772	470065	294	1	0.694	11	GGA/GAG/AGG	NA	NA	NA	0	0	0	1	NA	NA	NA	NA	NA
JBHJCD010000001.1_383	470038	470295	258	1	0.694	11	None	NA	NA	NA	0	0	0	1	NA	NA	NA	NA	NA
JBHJCD010000001.1_384	470318	470551	234	1	0.645	11	GGA/GAG/AGG	NA	NA	NA	0	0	0	1	NA	NA	NA	NA	NA
JBHJCD010000001.1_385	470604	471842	1239	1	0.650	11	None	NA	NA	NA	0	0	0	1	NA	NA	NA	NA	NA
JBHJCD010000001.1_386	471988	473253	1266	1	0.639	11	None	NA	NA	NA	0	0	0	1	NA	NA	NA	NA	NA
JBHJCD010000001.1_387	473317	474510	1194	-1	0.680	11	None	NA	NA	NA	0	0	0	1	NA	NA	NA	NA	NA
JBHJCD010000001.1_388	474507	475196	690	-1	0.654	11	GGA/GAG/AGG	NA	NA	NA	0	0	0	1	NA	NA	NA	NA	NA
JBHJCD010000001.1_389	475302	476771	1470	1	0.669	11	None	NA	NA	NA	0	0	0	1	NA	NA	NA	NA	NA
JBHJCD010000001.1_390	476791	477627	837	1	0.659	11	GGAG/GAGG	GENOMAD.182485.PC	1.72e-140	443	0	0	0	1	NA	NA	NA	PF06629;COG3713;K07274	Outer membrane scaffolding protein for murein synthesis, MipA/OmpV family
JBHJCD010000001.1_391	477653	478756	1104	1	0.707	11	GGA/GAG/AGG	NA	NA	NA	0	0	0	1	NA	NA	NA	NA	NA
JBHJCD010000001.1_392	478753	481812	3060	1	0.668	11	GGAGG	NA	NA	NA	0	0	0	1	NA	NA	NA	NA	NA
JBHJCD010000001.1_393	481847	481996	150	1	0.667	11	GGxGG	NA	NA	NA	0	0	0	1	NA	NA	NA	NA	NA
JBHJCD010000001.1_394	482017	482616	600	1	0.650	11	GGA/GAG/AGG	NA	NA	NA	0	0	0	1	NA	NA	NA	NA	NA
JBHJCD010000001.1_395	482787	484619	1833	1	0.643	11	None	NA	NA	NA	0	0	0	1	NA	NA	NA	NA	NA
JBHJCD010000001.1_396	484893	486698	1806	-1	0.643	11	AGGA	GENOMAD.142795.CP	4.043e-95	327	0	0	0	1	NA	NA	NA	PF05960;COG4805	Bacterial protein of unknown function (DUF885)
JBHJCD010000001.1_397	487082	487438	357	1	0.633	11	AGGAG	NA	NA	NA	0	0	0	1	NA	NA	NA	NA	NA
JBHJCD010000001.1_398	487435	488238	804	1	0.692	11	GGAG/GAGG	GENOMAD.016394.CC	1.034e-114	368	0	0	0	1	NA	NA	NA	NA	NA
JBHJCD010000001.1_399	488435	488728	294	-1	0.629	11	AGGA	NA	NA	NA	0	0	0	1	NA	NA	NA	NA	NA
JBHJCD010000001.1_400	488805	490223	1419	-1	0.667	11	AGGA	GENOMAD.213001.PC	1.309e-213	665	0	0	0	1	NA	NA	NA	PF11066	NA
JBHJCD010000001.1_401	490257	490571	315	-1	0.635	11	None	NA	NA	NA	0	0	0	1	NA	NA	NA	NA	NA
JBHJCD010000001.1_402	490885	491877	993	-1	0.676	11	None	NA	NA	NA	0	0	0	1	NA	NA	NA	NA	NA
JBHJCD010000001.1_403	492048	492845	798	1	0.665	11	GGAG/GAGG	GENOMAD.142573.CP	1.641e-27	115	0	0	0	1	NA	NA	NA	K15269;COG5006	Threonine/homoserine efflux transporter RhtA
JBHJCD010000001.1_404	492983	493888	906	-1	0.664	11	None	NA	NA	NA	0	0	0	1	NA	NA	NA	NA	NA
JBHJCD010000001.1_405	494025	494267	243	-1	0.601	11	GGA/GAG/AGG	NA	NA	NA	0	0	0	1	NA	NA	NA	NA	NA
JBHJCD010000001.1_406	494472	494564	93	1	0.656	11	AGxAGG/AGGxGG	NA	NA	NA	0	0	0	1	NA	NA	NA	NA	NA
JBHJCD010000001.1_407	494711	496912	2202	-1	0.634	11	AGGAG	GENOMAD.086843.PP	0.0	1066	0	0	0	1	NA	NA	NA	NA	NA
JBHJCD010000001.1_408	497605	498051	447	1	0.635	11	GGA/GAG/AGG	NA	NA	NA	0	0	0	1	NA	NA	NA	NA	NA
JBHJCD010000001.1_409	498048	500051	2004	1	0.647	11	GGAGG	NA	NA	NA	0	0	0	1	NA	NA	NA	NA	NA
JBHJCD010000001.1_410	500457	500906	450	-1	0.602	11	GGA/GAG/AGG	GENOMAD.003878.CC	1.467e-28	113	0	0	0	1	NA	NA	NA	PF09500;TIGR02447;COG2050;K02614	thioesterase domain, putative
JBHJCD010000001.1_411	501173	502030	858	-1	0.672	11	GGA/GAG/AGG	NA	NA	NA	0	0	0	1	NA	NA	NA	NA	NA
JBHJCD010000001.1_412	502237	502854	618	1	0.704	11	GGAG/GAGG	NA	NA	NA	0	0	0	1	NA	NA	NA	NA	NA
JBHJCD010000001.1_413	502922	505564	2643	1	0.656	11	GGA/GAG/AGG	NA	NA	NA	0	0	0	1	NA	NA	NA	NA	NA
JBHJCD010000001.1_414	506121	506765	645	1	0.670	11	None	GENOMAD.002511.CC	3.205e-49	176	0	0	0	1	NA	NA	NA	PF04390;PF08139;K03643;COG2980	Outer membrane lipoprotein LptE/RlpB (LPS assembly)
JBHJCD010000001.1_415	506788	507816	1029	1	0.697	11	None	GENOMAD.000510.CC	7.634e-44	166	0	0	0	1	NA	NA	NA	PF06144;PF14840;TIGR01128;K02340;COG1466	DNA polymerase III, delta subunit
JBHJCD010000001.1_416	507813	508682	870	1	0.697	11	GGA/GAG/AGG	NA	NA	NA	0	0	0	1	NA	NA	NA	NA	NA
JBHJCD010000001.1_417	508739	509152	414	1	0.635	11	GGA/GAG/AGG	NA	NA	NA	0	0	0	1	NA	NA	NA	NA	NA
JBHJCD010000001.1_418	509321	510856	1536	-1	0.691	11	AGGAG	GENOMAD.154729.CP	2.07e-06	53	0	0	0	1	NA	NA	NA	PF05787;COG3211;K07093	Secreted phosphatase, PhoX family
JBHJCD010000001.1_419	511068	511448	381	1	0.698	11	None	GENOMAD.000168.CC	7.934e-17	78	0	0	0	1	NA	NA	NA	PF02590;TIGR00246;COG1576;K00783	rRNA large subunit m3Psi methyltransferase RlmH
JBHJCD010000001.1_420	511527	512198	672	-1	0.658	11	GGAGG	GENOMAD.147617.CP	7.153e-19	88	0	0	0	1	NA	NA	NA	PF03544;TIGR01352	TonB family C-terminal domain
JBHJCD010000001.1_421	512499	513233	735	-1	0.654	11	AGGAG	GENOMAD.136992.CP	1.017e-24	106	0	0	0	1	NA	NA	NA	PF04402;K09807;COG2859	Predicted secreted (periplasmic) protein
JBHJCD010000001.1_422	513372	513944	573	1	0.663	11	GGA/GAG/AGG	GENOMAD.104491.CP	1.83e-06	50	0	0	0	1	NA	NA	NA	PF02545;COG0424;TIGR00172;K06287	Predicted house-cleaning NTP pyrophosphatase, Maf/HAM1 superfamily
JBHJCD010000001.1_423	513944	515443	1500	1	0.655	11	GGAG/GAGG	GENOMAD.030551.CC	0.0001373	47	0	0	0	1	NA	NA	NA	NA	NA
JBHJCD010000001.1_424	515584	519504	3921	1	0.706	11	None	GENOMAD.001742.CC	0.0	1731	0	0	0	1	NA	NA	NA	PF13116;PF13502;PF05170;COG3164;K07290	Uncharacterized conserved protein YhdP, contains DUF3971 and AsmA2 domains
JBHJCD010000001.1_425	519520	520320	801	-1	0.669	11	None	NA	NA	NA	0	0	0	1	NA	NA	NA	NA	NA
JBHJCD010000001.1_426	520371	521816	1446	1	0.683	11	None	GENOMAD.105814.CP	3.799e-129	421	0	0	0	1	NA	NA	NA	PF19290;PF01523;PF19289;K03568;COG0312	Predicted Zn-dependent protease or its inactivated homolog
JBHJCD010000001.1_427	522073	522654	582	-1	0.665	11	GGA/GAG/AGG	GENOMAD.110126.CP	4.672e-53	186	0	0	0	1	NA	NA	NA	PF04751;K09889;COG3028	Ribosomal 50S subunit-associated protein YjgA (function unknown), DUF615 family
JBHJCD010000001.1_428	522802	524169	1368	1	0.689	11	AGGA	GENOMAD.084170.CP	6.535e-46	176	0	0	0	1	NA	NA	NA	PF19289;PF19290;PF01523;K03592;COG0312	Predicted Zn-dependent protease or its inactivated homolog
JBHJCD010000001.1_429	524571	524957	387	1	0.610	11	GGAG/GAGG	GENOMAD.111281.CP	5.37e-22	93	0	0	0	1	NA	NA	NA	PF09685;K09940;COG3296	Uncharacterized conserved protein, Tic20 family
JBHJCD010000001.1_430	525027	526115	1089	-1	0.645	11	GGAG/GAGG	GENOMAD.207450.CP	1.427e-22	103	0	0	0	1	NA	NA	NA	PF02102	Deuterolysin metalloprotease (M35) family
JBHJCD010000001.1_431	526576	527451	876	-1	0.691	11	GGA/GAG/AGG	NA	NA	NA	0	0	0	1	NA	NA	NA	NA	NA
JBHJCD010000001.1_432	527453	527713	261	-1	0.621	11	None	GENOMAD.111764.CV	1.255e-11	61	0	0	0	1	NA	NA	NA	PF02609;TIGR01280;COG1722	exodeoxyribonuclease VII, small subunit
JBHJCD010000001.1_433	527745	529049	1305	-1	0.702	11	GGA/GAG/AGG	GENOMAD.073046.CP	1.594e-06	53	0	0	0	1	NA	NA	NA	PF11734;TIGR02433	TilS substrate C-terminal domain
JBHJCD010000001.1_434	529419	531119	1701	-1	0.692	11	GGA/GAG/AGG	NA	NA	NA	0	0	0	1	NA	NA	NA	NA	NA
JBHJCD010000001.1_435	531269	532609	1341	1	0.635	11	GGA/GAG/AGG	NA	NA	NA	0	0	0	1	NA	NA	NA	NA	NA
JBHJCD010000001.1_436	532619	533455	837	1	0.654	11	GGAG/GAGG	NA	NA	NA	0	0	0	1	NA	NA	NA	NA	NA
JBHJCD010000001.1_437	533704	534195	492	1	0.644	11	GGAG/GAGG	NA	NA	NA	0	0	0	1	NA	NA	NA	NA	NA
JBHJCD010000001.1_438	534393	534857	465	-1	0.667	11	GGA/GAG/AGG	GENOMAD.151617.VC	4.044e-05	45	0	0	0	1246	Caudoviricetes	NA	NA	PF06940;K13695;COG3738;TIGR02219	Uncharacterized protein YijF, DUF1287 family
JBHJCD010000001.1_439	535252	535794	543	-1	0.669	11	None	GENOMAD.151298.VC	0.000311	43	0	0	0	1246	Caudoviricetes	NA	NA	PF06940;COG3738;K13695;TIGR02219	Uncharacterized protein YijF, DUF1287 family
JBHJCD010000001.1_440	535904	536383	480	1	0.631	11	GGA/GAG/AGG	GENOMAD.126968.VC	1.653e-22	96	0	0	0	1246	Caudoviricetes	NA	NA	PF00254;K03775;COG1047	FKBP-type peptidyl-prolyl cis-trans isomerase 2
JBHJCD010000001.1_441	536612	537856	1245	1	0.671	11	GGA/GAG/AGG	GENOMAD.152588.CP	6.874e-60	216	0	0	0	1	NA	NA	NA	COG2311	Uncharacterized membrane protein YeiB
JBHJCD010000001.1_442	537864	539114	1251	1	0.679	11	None	NA	NA	NA	0	0	0	1	NA	NA	NA	NA	NA
JBHJCD010000001.1_443	539111	540481	1371	1	0.641	11	GGAG/GAGG	NA	NA	NA	0	0	0	1	NA	NA	NA	NA	NA
JBHJCD010000001.1_444	540890	541297	408	1	0.723	11	None	GENOMAD.083954.CP	1.332e-14	72	0	0	0	1	NA	NA	NA	PF01035;K07443;COG3695;TIGR00589	Alkylated DNA nucleotide flippase Atl1, participates in nucleotide excision repair, Ada-like DNA-binding domain
JBHJCD010000001.1_445	541338	542033	696	1	0.636	11	AGGA	GENOMAD.001990.CC	1.642e-06	51	0	0	0	1	NA	NA	NA	PF04511;PF13453;COG5291;K13989;TIGR03902	Predicted membrane protein
JBHJCD010000001.1_446	542242	544257	2016	-1	0.671	11	None	NA	NA	NA	0	0	0	1	NA	NA	NA	NA	NA
JBHJCD010000001.1_447	544442	546538	2097	-1	0.623	11	None	GENOMAD.053052.VV	8.285e-18	91	0	0	0	1	NA	NA	NA	PF01431;K07386;COG3590	Predicted metalloendopeptidase
JBHJCD010000001.1_448	546924	549065	2142	-1	0.644	11	None	GENOMAD.053052.VV	3.522e-17	89	0	0	0	1	NA	NA	NA	PF01431;K07386;COG3590	Predicted metalloendopeptidase
JBHJCD010000001.1_449	549453	551072	1620	1	0.653	11	GGxGG	NA	NA	NA	0	0	0	1	NA	NA	NA	NA	NA
JBHJCD010000001.1_450	551185	553518	2334	-1	0.587	11	None	GENOMAD.125907.CP	2.768e-178	578	0	0	0	1	NA	NA	NA	PF14905;PF07715;TIGR01783;COG4771;K19611	TonB-dependent siderophore receptor
JBHJCD010000001.1_451	553617	554192	576	-1	0.644	11	None	NA	NA	NA	0	0	0	1	NA	NA	NA	NA	NA
JBHJCD010000001.1_452	554603	557593	2991	-1	0.627	11	AGGA/GGAG/GAGG	NA	NA	NA	0	0	0	1	NA	NA	NA	NA	NA
JBHJCD010000001.1_453	557929	558780	852	1	0.669	11	GGA/GAG/AGG	NA	NA	NA	0	0	0	1	NA	NA	NA	NA	NA
JBHJCD010000001.1_454	558872	559441	570	1	0.612	11	AGGA	NA	NA	NA	0	0	0	1	NA	NA	NA	NA	NA
JBHJCD010000001.1_455	559463	559648	186	-1	0.608	11	GGAG/GAGG	GENOMAD.015026.CC	2.498e-23	93	0	0	0	1	NA	NA	NA	PF18917;COG4758;K11622	Predicted membrane protein
JBHJCD010000001.1_456	560059	560226	168	-1	0.619	11	None	GENOMAD.015026.CC	1.027e-21	88	0	0	0	1	NA	NA	NA	PF18917;COG4758;K11622	Predicted membrane protein
JBHJCD010000001.1_457	560254	560688	435	-1	0.692	11	None	GENOMAD.096167.CP	1.575e-25	104	0	0	0	1	NA	NA	NA	PF01230;COG0537;K19710	Diadenosine tetraphosphate (Ap4A) hydrolase or other HIT family hydrolase
JBHJCD010000001.1_458	560685	561347	663	-1	0.682	11	AGGAG	GENOMAD.132951.CP	7.392e-15	76	0	0	0	1	NA	NA	NA	PF01738;K01061;COG0412;TIGR02821	Dienelactone hydrolase family
JBHJCD010000001.1_459	561528	562904	1377	1	0.634	11	GGA/GAG/AGG	GENOMAD.108089.CP	7.169e-10	64	0	0	0	1	NA	NA	NA	PF18693	TRAM domain
JBHJCD010000001.1_460	563228	563824	597	-1	0.655	11	None	GENOMAD.054318.CC	2.162e-11	65	0	0	0	1	NA	NA	NA	PF03449;TIGR01461;COG0782	Transcription elongation factor, N-terminal
JBHJCD010000001.1_461	563846	565312	1467	1	0.643	11	GGA/GAG/AGG	GENOMAD.137825.CP	7.912e-06	51	0	0	0	1	NA	NA	NA	PF20401;K19225;TIGR04239;COG0705	rhomboid family protease GlpG
JBHJCD010000001.1_462	565450	566724	1275	-1	0.660	11	GGA/GAG/AGG	GENOMAD.031297.CC	1.46e-44	171	0	0	0	1	NA	NA	NA	PF13197	NA
JBHJCD010000001.1_463	567079	567699	621	1	0.609	11	AGGAG	NA	NA	NA	0	0	0	1	NA	NA	NA	NA	NA
JBHJCD010000001.1_464	567750	569255	1506	-1	0.668	11	GGA/GAG/AGG	NA	NA	NA	0	0	0	1	NA	NA	NA	NA	NA
JBHJCD010000001.1_465	569548	571131	1584	1	0.660	11	None	NA	NA	NA	0	0	0	1	NA	NA	NA	NA	NA
JBHJCD010000001.1_466	571388	572230	843	-1	0.668	11	GGA/GAG/AGG	NA	NA	NA	0	0	0	1	NA	NA	NA	NA	NA
JBHJCD010000001.1_467	572227	572877	651	-1	0.665	11	GGA/GAG/AGG	GENOMAD.142885.CP	2.813e-06	50	0	0	0	1	NA	NA	NA	PF02630;K07152;COG0386;TIGR02540	SCO1/SenC
JBHJCD010000001.1_468	572958	573884	927	1	0.657	11	None	GENOMAD.091839.CV	3.465e-06	51	0	0	0	1246	Caudoviricetes	NA	NA	PF01189;K15460;COG4123;TIGR03534	tRNA1(Val) A37 N6-methylase TrmN6
JBHJCD010000001.1_469	573895	574998	1104	1	0.667	11	GGA/GAG/AGG	NA	NA	NA	0	0	0	1	NA	NA	NA	NA	NA
JBHJCD010000001.1_470	574991	576064	1074	1	0.673	11	None	NA	NA	NA	0	0	0	1	NA	NA	NA	NA	NA
JBHJCD010000001.1_471	576148	577173	1026	1	0.654	11	None	NA	NA	NA	0	0	0	1	NA	NA	NA	NA	NA
JBHJCD010000001.1_472	577858	579813	1956	1	0.709	11	GGA/GAG/AGG	GENOMAD.145363.CP	7.542e-52	199	0	0	0	1	NA	NA	NA	COG3170	Tfp pilus assembly protein FimV
JBHJCD010000001.1_473	579810	580217	408	1	0.674	11	GGA/GAG/AGG	GENOMAD.167065.CP	2.835e-40	146	0	0	0	1	NA	NA	NA	PF14506;K06996;COG3324;TIGR00068	Predicted enzyme related to lactoylglutathione lyase
JBHJCD010000001.1_474	580380	581153	774	1	0.667	11	GGA/GAG/AGG	GENOMAD.147411.CP	5.687e-29	119	0	0	0	1246	Caudoviricetes	NA	NA	PF01416;TIGR00071;COG0101;K15452	tRNA pseudouridine(38-40) synthase
JBHJCD010000001.1_475	581150	581818	669	1	0.650	11	GGAG/GAGG	GENOMAD.126973.CP	6.458e-34	132	0	0	0	1	NA	NA	NA	PF00697;K01817;COG1891;TIGR00259	N-(5'phosphoribosyl)anthranilate (PRA) isomerase
JBHJCD010000001.1_476	582010	582936	927	-1	0.699	11	GGA/GAG/AGG	NA	NA	NA	0	0	0	1	NA	NA	NA	NA	NA
JBHJCD010000001.1_477	583041	584258	1218	1	0.649	11	GGAG/GAGG	GENOMAD.110049.CP	1.543e-52	194	0	0	0	1	NA	NA	NA	PF19465;COG0133;TIGR00263	Tryptophan synthase beta chain
JBHJCD010000001.1_478	584301	584531	231	1	0.654	11	GGA/GAG/AGG	NA	NA	NA	0	0	0	1	NA	NA	NA	NA	NA
JBHJCD010000002.1_1	48	1922	1875	-1	0.651	11	GGAG/GAGG	NA	NA	NA	0	0	0	1	NA	NA	NA	NA	NA
JBHJCD010000002.1_2	2138	2479	342	-1	0.629	11	AGGAG	GENOMAD.170721.VV	1.308e-05	45	0	0	0	1246	Caudoviricetes	NA	NA	PF07689;TIGR02200;COG4545;K18917	Glutaredoxin-like protein
JBHJCD010000002.1_3	2630	4399	1770	1	0.681	11	None	NA	NA	NA	0	0	0	1	NA	NA	NA	NA	NA
JBHJCD010000002.1_4	4475	5161	687	1	0.658	11	None	NA	NA	NA	0	0	0	1	NA	NA	NA	NA	NA
JBHJCD010000002.1_5	5158	6108	951	1	0.671	11	AGGA	GENOMAD.090188.CV	5.678e-49	180	0	0	0	1	NA	NA	NA	PF18075;PF02687;K09811;TIGR00439;COG2177	putative protein insertion permease FtsX
JBHJCD010000002.1_6	6117	6959	843	1	0.647	11	GGAG/GAGG	NA	NA	NA	0	0	0	1	NA	NA	NA	NA	NA
JBHJCD010000002.1_7	6956	7681	726	1	0.669	11	GGA/GAG/AGG	NA	NA	NA	0	0	0	1	NA	NA	NA	NA	NA
JBHJCD010000002.1_8	7870	8754	885	1	0.629	11	None	GENOMAD.182050.VC	7.264e-16	81	0	0	0	1246	Caudoviricetes	NA	NA	PF12645;K03087;TIGR02997;COG0568	RNA polymerase sigma factor, cyanobacterial RpoD-like family
JBHJCD010000002.1_9	8833	9447	615	-1	0.702	11	None	NA	NA	NA	0	0	0	1	NA	NA	NA	NA	NA
JBHJCD010000002.1_10	9498	10790	1293	-1	0.694	11	GGA/GAG/AGG	NA	NA	NA	0	0	0	1	NA	NA	NA	NA	NA
JBHJCD010000002.1_11	10909	11439	531	1	0.642	11	None	NA	NA	NA	0	0	0	1	NA	NA	NA	NA	NA
JBHJCD010000002.1_12	11442	12263	822	1	0.637	11	GGAG/GAGG	NA	NA	NA	0	0	0	1	NA	NA	NA	NA	NA
JBHJCD010000002.1_13	12266	12901	636	1	0.648	11	GGAG/GAGG	NA	NA	NA	0	0	0	1	NA	NA	NA	NA	NA
JBHJCD010000002.1_14	13301	15523	2223	-1	0.714	11	None	GENOMAD.101878.CP	2.747e-111	380	0	0	0	1246	Caudoviricetes	NA	NA	PF18074;PF00271	Primosomal protein N C-terminal domain; Helicase conserved C-terminal domain
JBHJCD010000002.1_15	15993	17018	1026	1	0.733	11	GGAG/GAGG	NA	NA	NA	0	0	0	1	NA	NA	NA	NA	NA
JBHJCD010000002.1_16	17002	17604	603	1	0.723	11	GGAG/GAGG	GENOMAD.012439.CC	6.764e-43	157	0	0	0	1	NA	NA	NA	PF11304	NA
JBHJCD010000002.1_17	17777	18943	1167	-1	0.654	11	GGA/GAG/AGG	GENOMAD.124282.CP	6.32e-96	320	0	0	0	1	NA	NA	NA	COG2093	NA
JBHJCD010000002.1_18	19212	20588	1377	1	0.683	11	None	GENOMAD.121831.CP	2.869e-36	147	0	0	0	1246	Caudoviricetes	NA	NA	COG0534	Na+-driven multidrug efflux pump
JBHJCD010000002.1_19	20673	22574	1902	1	0.663	11	GGAG/GAGG	NA	NA	NA	0	0	0	1	NA	NA	NA	NA	NA
JBHJCD010000002.1_20	22868	23083	216	-1	0.676	11	GGAG/GAGG	NA	NA	NA	0	0	0	1	NA	NA	NA	NA	NA
JBHJCD010000002.1_21	23418	24194	777	1	0.653	11	GGAG/GAGG	NA	NA	NA	0	0	0	1	NA	NA	NA	NA	NA
JBHJCD010000002.1_22	24363	25040	678	-1	0.695	11	None	NA	NA	NA	0	0	0	1	NA	NA	NA	NA	NA
JBHJCD010000002.1_23	25037	25813	777	-1	0.700	11	None	NA	NA	NA	0	0	0	1	NA	NA	NA	NA	NA
JBHJCD010000002.1_24	26043	26606	564	-1	0.725	11	GGAG/GAGG	NA	NA	NA	0	0	0	1	NA	NA	NA	NA	NA
JBHJCD010000002.1_25	26617	29109	2493	-1	0.645	11	None	NA	NA	NA	0	0	0	1	NA	NA	NA	NA	NA
JBHJCD010000002.1_26	29292	30563	1272	-1	0.688	11	GGA/GAG/AGG	GENOMAD.170827.CP	1.526e-06	53	0	0	0	1	NA	NA	NA	COG1714	Uncharacterized membrane protein YckC, RDD family
JBHJCD010000002.1_27	30605	31330	726	-1	0.676	11	GGA/GAG/AGG	GENOMAD.189856.CP	0.0003219	44	0	0	0	1	NA	NA	NA	PF10947;PF02213	GYF domain
JBHJCD010000002.1_28	31371	31844	474	-1	0.597	11	GGA/GAG/AGG	GENOMAD.003255.CC	8.34e-30	117	0	0	0	1	NA	NA	NA	PF04361;K03747;COG2922	Uncharacterized conserved protein Smg, DUF494 family
JBHJCD010000002.1_29	31887	33032	1146	-1	0.695	11	None	NA	NA	NA	0	0	0	1	NA	NA	NA	NA	NA
JBHJCD010000002.1_30	33104	34204	1101	-1	0.651	11	None	GENOMAD.001963.CC	6.533e-13	73	0	0	0	1	NA	NA	NA	PF16538	Flagellar assembly protein T, C-terminal domain
JBHJCD010000002.1_31	34372	34884	513	1	0.620	11	None	GENOMAD.120807.VC	5.537e-08	54	0	0	0	1246	Caudoviricetes	NA	NA	PF01327;PF06213;TIGR01651;COG0242;K01462	cobaltochelatase, CobT subunit
JBHJCD010000002.1_32	35265	36188	924	1	0.710	11	None	GENOMAD.081094.CV	4.677e-30	124	0	0	0	1246	Caudoviricetes	NA	NA	PF00551;K03500;COG0223;TIGR00460	Methionyl-tRNA formyltransferase
JBHJCD010000002.1_33	36188	37498	1311	1	0.693	11	None	GENOMAD.052197.CP	2.456e-63	227	0	0	0	1246	Caudoviricetes	NA	NA	PF01189;PF01029;PF17125;K03500;TIGR00563;COG0144	16S rRNA (cytosine(967)-C(5))-methyltransferase
JBHJCD010000002.1_34	37547	39268	1722	1	0.676	11	None	GENOMAD.133902.CP	1.438e-136	447	0	0	0	1	NA	NA	NA	COG1807;K07264	4-amino-4-deoxy-L-arabinose transferase or related glycosyltransferase of PMT family
JBHJCD010000002.1_35	39434	40711	1278	1	0.682	11	None	GENOMAD.167722.CP	1.049e-26	117	0	0	0	1	NA	NA	NA	NA	NA
JBHJCD010000002.1_36	40907	41731	825	-1	0.673	11	None	NA	NA	NA	0	0	0	1	NA	NA	NA	NA	NA
JBHJCD010000002.1_37	41735	42790	1056	1	0.669	11	GGAG/GAGG	GENOMAD.209073.VC	9.951e-92	306	0	0	0	1	NA	NA	NA	PF04464;COG3563;TIGR00215;K18429	Capsule polysaccharide export protein KpsC/LpsZ
JBHJCD010000002.1_38	42951	44456	1506	-1	0.671	11	None	GENOMAD.154528.CP	9.529e-259	797	0	0	0	1	NA	NA	NA	PF03703;K08981;COG3428	Uncharacterized membrane protein YdbT, contains bPH2 (bacterial pleckstrin homology) domain
JBHJCD010000002.1_39	44453	44962	510	-1	0.688	11	None	GENOMAD.145294.CP	4.45e-51	179	0	0	0	1	NA	NA	NA	COG3402	Uncharacterized membrane protein YdbS, contains bPH2 (bacterial pleckstrin homology) domain
JBHJCD010000002.1_40	45068	46201	1134	-1	0.711	11	GGAG/GAGG	NA	NA	NA	0	0	0	1	NA	NA	NA	NA	NA
JBHJCD010000002.1_41	46447	46968	522	1	0.653	11	None	NA	NA	NA	0	0	0	1	NA	NA	NA	NA	NA
JBHJCD010000002.1_42	46978	47892	915	-1	0.693	11	None	GENOMAD.130675.CP	4.208e-17	85	0	0	0	1	NA	NA	NA	PF03279;K02517;TIGR02207;COG4261	lipid A biosynthesis lauroyl (or palmitoleoyl) acyltransferase
JBHJCD010000002.1_43	47993	48433	441	1	0.667	11	GGA/GAG/AGG	GENOMAD.094199.CP	9.816e-32	122	0	0	0	2773	Inoviridae	NA	NA	PF02580;COG1490;TIGR00256	D-Tyr-tRNAtyr deacylase
JBHJCD010000002.1_44	48542	50419	1878	1	0.612	11	GGA/GAG/AGG	GENOMAD.182050.VC	1.073e-12	74	0	0	0	1246	Caudoviricetes	NA	NA	PF12645;K03087;TIGR02997;COG0568	RNA polymerase sigma factor, cyanobacterial RpoD-like family
JBHJCD010000002.1_45	50688	50933	246	1	0.638	11	GGA/GAG/AGG	NA	NA	NA	0	0	0	1	NA	NA	NA	NA	NA
JBHJCD010000002.1_46	51347	51580	234	-1	0.585	11	None	GENOMAD.221919.VP	2.132e-17	77	0	0	0	1246	Caudoviricetes	NA	NA	PF00589	Phage integrase family
JBHJCD010000002.1_47	53021	53845	825	-1	0.459	11	None	NA	NA	NA	0	0	0	1	NA	NA	NA	NA	NA
JBHJCD010000002.1_48	54017	54472	456	-1	0.592	11	None	GENOMAD.134219.VP	1.879e-60	205	0	0	1	1246	Caudoviricetes	NA	NA	PF05069;TIGR01635;COG5005	phage virion morphogenesis (putative tail completion) protein
JBHJCD010000002.1_49	54879	55175	297	-1	0.643	11	None	NA	NA	NA	0	0	0	1	NA	NA	NA	NA	NA
JBHJCD010000002.1_50	55175	55654	480	-1	0.650	11	None	NA	NA	NA	0	0	0	1	NA	NA	NA	NA	NA
JBHJCD010000002.1_51	56049	56168	120	1	0.500	11	AGGA	NA	NA	NA	0	0	0	1	NA	NA	NA	NA	NA
JBHJCD010000002.1_52	56165	56413	249	1	0.502	11	GGA/GAG/AGG	NA	NA	NA	0	0	0	1	NA	NA	NA	NA	NA
JBHJCD010000002.1_53	56446	56607	162	1	0.568	11	GGAG/GAGG	NA	NA	NA	0	0	0	1	NA	NA	NA	NA	NA
JBHJCD010000002.1_54	57054	57713	660	-1	0.594	11	GGAG/GAGG	NA	NA	NA	0	0	0	1	NA	NA	NA	NA	NA
JBHJCD010000002.1_55	58463	58870	408	-1	0.608	11	GGA/GAG/AGG	GENOMAD.197764.PC	2.997e-64	215	0	0	0	1	NA	NA	NA	PF07080;K06893;COG3631;TIGR02096	Ketosteroid isomerase-related protein
JBHJCD010000002.1_56	58927	59709	783	-1	0.640	11	GGAG/GAGG	NA	NA	NA	0	0	0	1	NA	NA	NA	NA	NA
JBHJCD010000002.1_57	59840	60763	924	1	0.641	11	GGAG/GAGG	NA	NA	NA	0	0	0	1	NA	NA	NA	NA	NA
JBHJCD010000002.1_58	61012	61224	213	1	0.615	11	AGGAG	NA	NA	NA	0	0	0	1	NA	NA	NA	NA	NA
JBHJCD010000002.1_59	61221	61997	777	1	0.628	11	None	NA	NA	NA	0	0	0	1	NA	NA	NA	NA	NA
JBHJCD010000002.1_60	62028	62573	546	-1	0.626	11	GGA/GAG/AGG	NA	NA	NA	0	0	0	1	NA	NA	NA	NA	NA
JBHJCD010000002.1_61	62794	64590	1797	1	0.664	11	None	NA	NA	NA	0	0	0	1	NA	NA	NA	NA	NA
JBHJCD010000002.1_62	64853	66331	1479	1	0.642	11	GGAG/GAGG	NA	NA	NA	0	0	0	1	NA	NA	NA	NA	NA
JBHJCD010000002.1_63	66284	66529	246	-1	0.667	11	GGAG/GAGG	NA	NA	NA	0	0	0	1	NA	NA	NA	NA	NA
JBHJCD010000002.1_64	66727	66909	183	1	0.596	11	GGAG/GAGG	NA	NA	NA	0	0	0	1	NA	NA	NA	NA	NA
JBHJCD010000002.1_65	67192	67422	231	1	0.636	11	None	NA	NA	NA	0	0	0	1	NA	NA	NA	NA	NA
JBHJCD010000002.1_66	67477	67848	372	1	0.675	11	GGA/GAG/AGG	GENOMAD.196044.PC	4.896e-29	113	0	0	0	1	NA	NA	NA	NA	NA
JBHJCD010000002.1_67	67916	68200	285	-1	0.639	11	GGAGG	GENOMAD.170118.CP	2.462e-23	95	0	0	0	1	NA	NA	NA	PF02426;COG4829;TIGR03221	Muconolactone delta-isomerase
JBHJCD010000002.1_68	68204	68854	651	-1	0.657	11	GGA/GAG/AGG	GENOMAD.153566.CP	1.492e-10	63	0	0	0	1	NA	NA	NA	PF02525;K01118;COG1182;TIGR02690	Flavodoxin-like fold
JBHJCD010000002.1_69	68987	69913	927	1	0.668	11	GGA/GAG/AGG	NA	NA	NA	0	0	0	1	NA	NA	NA	NA	NA
JBHJCD010000002.1_70	70102	70887	786	-1	0.670	11	None	NA	NA	NA	0	0	0	1	NA	NA	NA	NA	NA
JBHJCD010000002.1_71	71180	71917	738	-1	0.617	11	AGGAG	NA	NA	NA	0	0	0	1	NA	NA	NA	NA	NA
JBHJCD010000002.1_72	72380	72781	402	-1	0.669	11	GGAG/GAGG	NA	NA	NA	0	0	0	1	NA	NA	NA	NA	NA
JBHJCD010000002.1_73	72907	73833	927	1	0.662	11	GGAG/GAGG	GENOMAD.190451.PC	2.173e-08	58	0	0	0	1	NA	NA	NA	K21698;TIGR02424;COG0583	pca operon transcription factor PcaQ
JBHJCD010000002.1_74	74035	75549	1515	-1	0.667	11	None	GENOMAD.145507.CP	4.035e-30	129	0	0	0	1	NA	NA	NA	PF17033;COG4073;K14054;TIGR02994	Carboxypeptidase controlling helical cell shape catalytic
JBHJCD010000002.1_75	75792	76514	723	1	0.686	11	None	NA	NA	NA	0	0	0	1	NA	NA	NA	NA	NA
JBHJCD010000002.1_76	76525	77961	1437	1	0.668	11	GGAG/GAGG	GENOMAD.157881.CP	1.069e-52	197	0	0	0	1	NA	NA	NA	PF12040;PF12679;TIGR03518;COG4200	ABC-2 family transporter protein
JBHJCD010000002.1_77	77961	79229	1269	1	0.662	11	GGAG/GAGG	GENOMAD.170120.CP	1.432e-41	162	0	0	0	1	NA	NA	NA	PF12040;PF12679;TIGR03518;COG1277	ABC-2 family transporter protein
JBHJCD010000002.1_78	79313	81454	2142	1	0.650	11	AGGAG	GENOMAD.148417.CP	1.901e-44	177	0	0	0	1246	Caudoviricetes	NA	NA	PF14905;PF07715;K16090;TIGR01783;COG4774	TonB-dependent siderophore receptor
JBHJCD010000002.1_79	81790	82455	666	-1	0.683	11	None	GENOMAD.214524.PC	2.449e-24	104	0	0	0	1	NA	NA	NA	PF11445	NA
JBHJCD010000002.1_80	82452	83123	672	-1	0.679	11	None	NA	NA	NA	0	0	0	1	NA	NA	NA	NA	NA
JBHJCD010000002.1_81	83120	85810	2691	-1	0.666	11	GGA/GAG/AGG	GENOMAD.207668.CP	4.329e-158	524	0	0	0	1	NA	NA	NA	NA	NA
JBHJCD010000002.1_82	85788	86525	738	-1	0.679	11	None	GENOMAD.214525.PC	1.597e-53	190	0	0	0	1	NA	NA	NA	PF11828	NA
JBHJCD010000002.1_83	86864	87076	213	1	0.629	11	GGAG/GAGG	NA	NA	NA	0	0	0	1	NA	NA	NA	NA	NA
JBHJCD010000002.1_84	87295	87516	222	-1	0.662	11	GGAG/GAGG	NA	NA	NA	0	0	0	1	NA	NA	NA	NA	NA
JBHJCD010000002.1_85	87526	87876	351	-1	0.638	11	GGA/GAG/AGG	GENOMAD.168258.CV	0.0001551	42	0	0	0	1	NA	NA	NA	COG0727	Fe-S-cluster containining protein
JBHJCD010000002.1_86	88237	88419	183	1	0.645	11	AGGA	GENOMAD.213149.PC	3.975e-05	41	0	0	0	1	NA	NA	NA	NA	NA
JBHJCD010000002.1_87	88505	89668	1164	-1	0.631	11	AGGAG	NA	NA	NA	0	0	0	1	NA	NA	NA	NA	NA
JBHJCD010000002.1_88	89937	90551	615	1	0.665	11	AGGAG	GENOMAD.212919.PC	6.356e-115	365	0	0	0	1	NA	NA	NA	PF13628;K08995;COG3544	Uncharacterized conserved protein, DUF305 family
JBHJCD010000002.1_89	90654	90836	183	1	0.590	11	GGAG/GAGG	GENOMAD.171588.PC	6.898e-07	46	0	0	0	1	NA	NA	NA	PF12244	NA
JBHJCD010000002.1_90	91029	92804	1776	-1	0.655	11	None	NA	NA	NA	0	0	0	1	NA	NA	NA	NA	NA
JBHJCD010000002.1_91	92801	93952	1152	-1	0.664	11	AGGA	NA	NA	NA	0	0	0	1	NA	NA	NA	NA	NA
JBHJCD010000002.1_92	94042	95235	1194	-1	0.629	11	AGGAG	GENOMAD.067680.VV	1.378e-16	85	0	0	0	1246	Caudoviricetes	NA	NA	PF06100;TIGR00031;K20678;COG0562	UDP-galactopyranose mutase
JBHJCD010000002.1_93	95223	96407	1185	-1	0.660	11	GGAG/GAGG	NA	NA	NA	0	0	0	1	NA	NA	NA	NA	NA
JBHJCD010000002.1_94	96445	97614	1170	-1	0.668	11	GGA/GAG/AGG	GENOMAD.070016.VV	8.86e-21	98	0	0	0	1246	Caudoviricetes	NA	NA	NA	NA
JBHJCD010000002.1_95	98048	98914	867	-1	0.631	11	AGGAG	NA	NA	NA	0	0	0	1	NA	NA	NA	NA	NA
JBHJCD010000002.1_96	99133	99774	642	1	0.603	11	AGGAG	GENOMAD.195028.PC	7.169e-84	276	0	0	0	1	NA	NA	NA	PF20554	NA
JBHJCD010000002.1_97	99946	100131	186	1	0.575	11	AGGAG	NA	NA	NA	0	0	0	1	NA	NA	NA	NA	NA
JBHJCD010000002.1_98	100244	101266	1023	-1	0.634	11	AGGAG	NA	NA	NA	0	0	0	1	NA	NA	NA	NA	NA
JBHJCD010000002.1_99	101257	102666	1410	-1	0.640	11	AGGAG	NA	NA	NA	0	0	0	1	NA	NA	NA	NA	NA
JBHJCD010000002.1_100	102958	103239	282	-1	0.645	11	GGAG/GAGG	NA	NA	NA	0	0	0	1	NA	NA	NA	NA	NA
JBHJCD010000002.1_101	103774	105057	1284	1	0.654	11	GGA/GAG/AGG	NA	NA	NA	0	0	0	1	NA	NA	NA	NA	NA
JBHJCD010000002.1_102	105054	105296	243	1	0.671	11	GGA/GAG/AGG	NA	NA	NA	0	0	0	1	NA	NA	NA	NA	NA
JBHJCD010000002.1_103	105290	105670	381	-1	0.617	11	GGAG/GAGG	NA	NA	NA	0	0	0	1	NA	NA	NA	NA	NA
JBHJCD010000002.1_104	105879	109418	3540	1	0.644	11	None	GENOMAD.111713.CP	5.692e-29	129	0	0	0	1	NA	NA	NA	PF01739;PF20225;PF03705;K00575;COG1352;TIGR04345	Methylase of chemotaxis methyl-accepting proteins
JBHJCD010000002.1_105	109870	110442	573	1	0.675	11	GGAG/GAGG	NA	NA	NA	0	0	0	1	NA	NA	NA	NA	NA
JBHJCD010000002.1_106	110583	110921	339	-1	0.658	11	AGGAG	NA	NA	NA	0	0	0	1	NA	NA	NA	NA	NA
JBHJCD010000002.1_107	111004	111903	900	-1	0.634	11	GGAG/GAGG	NA	NA	NA	0	0	0	1	NA	NA	NA	NA	NA
JBHJCD010000002.1_108	112040	112546	507	-1	0.606	11	AGGAG	NA	NA	NA	0	0	0	1	NA	NA	NA	NA	NA
JBHJCD010000002.1_109	113027	113221	195	1	0.569	11	GGA/GAG/AGG	NA	NA	NA	0	0	0	1	NA	NA	NA	NA	NA
JBHJCD010000002.1_110	113530	114744	1215	-1	0.686	11	GGA/GAG/AGG	NA	NA	NA	0	0	0	1	NA	NA	NA	NA	NA
JBHJCD010000002.1_111	115053	116360	1308	1	0.667	11	GGA/GAG/AGG	NA	NA	NA	0	0	0	1	NA	NA	NA	NA	NA
JBHJCD010000002.1_112	116357	117133	777	1	0.682	11	GGA/GAG/AGG	NA	NA	NA	0	0	0	1	NA	NA	NA	NA	NA
JBHJCD010000002.1_113	117300	117671	372	1	0.651	11	AGGA	NA	NA	NA	0	0	0	1	NA	NA	NA	NA	NA
JBHJCD010000002.1_114	117993	119588	1596	1	0.661	11	GGA/GAG/AGG	NA	NA	NA	0	0	0	1	NA	NA	NA	NA	NA
JBHJCD010000002.1_115	119766	120365	600	-1	0.622	11	AGGAG	NA	NA	NA	0	0	0	1	NA	NA	NA	NA	NA
JBHJCD010000002.1_116	120930	121856	927	1	0.673	11	None	GENOMAD.194137.CP	1.084e-27	117	0	0	0	1	NA	NA	NA	PF09995;COG3662	Uncharacterized conserved protein, DUF2236 family
JBHJCD010000002.1_117	122060	124165	2106	-1	0.652	11	GGA/GAG/AGG	GENOMAD.053052.VV	4.131e-18	92	0	0	0	1	NA	NA	NA	PF01431;K07386;COG3590	Predicted metalloendopeptidase
JBHJCD010000002.1_118	124279	124974	696	-1	0.667	11	None	NA	NA	NA	0	0	0	1	NA	NA	NA	NA	NA
JBHJCD010000002.1_119	125354	125845	492	-1	0.636	11	None	NA	NA	NA	0	0	0	1	NA	NA	NA	NA	NA
JBHJCD010000002.1_120	125790	126347	558	-1	0.656	11	GGAG/GAGG	NA	NA	NA	0	0	0	1	NA	NA	NA	NA	NA
JBHJCD010000002.1_121	126486	127055	570	-1	0.668	11	AGGAG	GENOMAD.136393.CP	7.96e-05	45	0	0	0	1	NA	NA	NA	PF03358;K03809;COG0655;TIGR01755	Multimeric flavodoxin WrbA
JBHJCD010000002.1_122	127287	128183	897	-1	0.686	11	GGA/GAG/AGG	GENOMAD.190451.PC	2.67e-11	67	0	0	0	1	NA	NA	NA	K21698;TIGR02424;COG0583	pca operon transcription factor PcaQ
JBHJCD010000002.1_123	128550	129368	819	1	0.707	11	AGGAG	GENOMAD.153335.CP	1.779e-10	64	0	0	0	1	NA	NA	NA	PF02900;K00455;TIGR02298;COG3384	3,4-dihydroxyphenylacetate 2,3-dioxygenase
JBHJCD010000002.1_124	129576	130820	1245	1	0.632	11	None	GENOMAD.154219.PC	3.601e-126	409	0	1	0	1	NA	NA	NA	PF06412;TIGR03916;COG4277	putative DNA modification/repair radical SAM protein
JBHJCD010000002.1_125	131093	132529	1437	1	0.658	11	None	GENOMAD.195628.PC	1.066e-42	167	0	0	0	1	NA	NA	NA	PF13566;TIGR03915;K14162	probable DNA metabolism protein
JBHJCD010000002.1_126	133047	133604	558	-1	0.633	11	AGGA	GENOMAD.136862.CP	1.257e-16	80	0	0	0	1	NA	NA	NA	PF02469;COG2335;K19897	Uncaracterized surface protein containing fasciclin (FAS1) repeats
JBHJCD010000002.1_127	134306	135943	1638	1	0.654	11	None	NA	NA	NA	0	0	0	1	NA	NA	NA	NA	NA
JBHJCD010000002.1_128	136220	137164	945	1	0.644	11	None	NA	NA	NA	0	0	0	1	NA	NA	NA	NA	NA
JBHJCD010000002.1_129	137161	137922	762	1	0.615	11	AGGAG	GENOMAD.129876.CP	3.172e-37	143	0	0	0	1	NA	NA	NA	K09694;COG3694	ABC-type uncharacterized transport system, permease component
JBHJCD010000002.1_130	138336	138602	267	-1	0.640	11	None	NA	NA	NA	0	0	0	1	NA	NA	NA	NA	NA
JBHJCD010000002.1_131	138769	139320	552	1	0.654	11	GGA/GAG/AGG	NA	NA	NA	0	0	0	1	NA	NA	NA	NA	NA
JBHJCD010000002.1_132	139753	140037	285	-1	0.709	11	None	NA	NA	NA	0	0	0	1	NA	NA	NA	NA	NA
JBHJCD010000002.1_133	140046	140630	585	-1	0.663	11	GGA/GAG/AGG	NA	NA	NA	0	0	0	1	NA	NA	NA	NA	NA
JBHJCD010000002.1_134	140873	142030	1158	-1	0.674	11	GGA/GAG/AGG	GENOMAD.133946.CP	5.956e-40	156	0	0	0	1	NA	NA	NA	PF13677;COG1360;TIGR03350	Flagellar motor protein MotB
JBHJCD010000002.1_135	142041	142895	855	-1	0.641	11	None	NA	NA	NA	0	0	0	1	NA	NA	NA	NA	NA
JBHJCD010000002.1_136	142993	143484	492	-1	0.726	11	AGGAG	GENOMAD.191334.CP	4.659e-08	54	0	0	0	1	NA	NA	NA	PF09864;COG3650	Membrane-bound inhibitor of C-type lysozyme
JBHJCD010000002.1_137	143827	144291	465	-1	0.684	11	GGA/GAG/AGG	NA	NA	NA	0	0	0	1	NA	NA	NA	NA	NA
JBHJCD010000002.1_138	144531	144959	429	1	0.723	11	GGA/GAG/AGG	NA	NA	NA	0	0	0	1	NA	NA	NA	NA	NA
JBHJCD010000002.1_139	145059	145538	480	-1	0.642	11	None	GENOMAD.140723.CP	1.946e-20	90	0	0	0	1	NA	NA	NA	PF17805;PF02295;K05800;COG1522;TIGR02702	DNA-binding transcriptional regulator, Lrp family
JBHJCD010000002.1_140	145687	146976	1290	1	0.696	11	AGGAG	NA	NA	NA	0	0	0	1	NA	NA	NA	NA	NA
JBHJCD010000002.1_141	146976	148073	1098	1	0.688	11	GGAGG	NA	NA	NA	0	0	0	1	NA	NA	NA	NA	NA
JBHJCD010000002.1_142	148307	148882	576	-1	0.668	11	GGAGG	GENOMAD.213575.CP	4.769e-23	99	0	0	0	1	NA	NA	NA	PF11454;COG2372	NA
JBHJCD010000002.1_143	149132	149578	447	1	0.658	11	None	NA	NA	NA	0	0	0	1	NA	NA	NA	NA	NA
JBHJCD010000002.1_144	149565	149855	291	1	0.656	11	AGGAG	NA	NA	NA	0	0	0	1	NA	NA	NA	NA	NA
JBHJCD010000002.1_145	150051	151997	1947	1	0.651	11	GGA/GAG/AGG	NA	NA	NA	0	0	0	1	NA	NA	NA	NA	NA
JBHJCD010000002.1_146	152329	152637	309	1	0.625	11	GGAG/GAGG	NA	NA	NA	0	0	0	1	NA	NA	NA	NA	NA
JBHJCD010000002.1_147	152726	154063	1338	1	0.659	11	AGGA	NA	NA	NA	0	0	0	1	NA	NA	NA	NA	NA
JBHJCD010000002.1_148	154102	154365	264	-1	0.633	11	GGAG/GAGG	NA	NA	NA	0	0	0	1	NA	NA	NA	NA	NA
JBHJCD010000002.1_149	155454	156521	1068	1	0.687	11	None	GENOMAD.092187.CP	1.973e-62	221	0	0	0	1	NA	NA	NA	PF05175;PF08468;K00564;COG2813;TIGR03704	16S rRNA G1207 methylase RsmC
JBHJCD010000002.1_150	156518	157231	714	1	0.662	11	GGAG/GAGG	GENOMAD.106866.CP	1.057e-17	85	0	0	0	1246	Caudoviricetes	NA	NA	COG1187	16S rRNA U516 pseudouridylate synthase RsuA and related 23S rRNA U2605, pseudouridylate synthases
JBHJCD010000002.1_151	157228	157908	681	1	0.689	11	None	GENOMAD.137324.CP	3.442e-07	53	0	0	0	1	NA	NA	NA	PF03031;TIGR02009;K24204;COG0241	beta-phosphoglucomutase family hydrolase
JBHJCD010000002.1_152	158157	158963	807	-1	0.698	11	None	NA	NA	NA	0	0	0	1	NA	NA	NA	NA	NA
JBHJCD010000002.1_153	159372	159932	561	-1	0.626	11	None	NA	NA	NA	0	0	0	1	NA	NA	NA	NA	NA
JBHJCD010000002.1_154	160089	160916	828	-1	0.709	11	None	NA	NA	NA	0	0	0	1	NA	NA	NA	NA	NA
JBHJCD010000002.1_155	160903	162639	1737	-1	0.645	11	GGA/GAG/AGG	NA	NA	NA	0	0	0	1	NA	NA	NA	NA	NA
JBHJCD010000002.1_156	162632	163093	462	-1	0.673	11	None	GENOMAD.091290.PP	7.334e-80	261	0	0	0	1	NA	NA	NA	NA	NA
JBHJCD010000002.1_157	163232	163717	486	-1	0.605	11	AGGAG	GENOMAD.000421.CC	1.476e-42	154	0	0	0	1	NA	NA	NA	PF04461;COG1666;K09767	Uncharacterized conserved protein YajQ, UPF0234 family
JBHJCD010000002.1_158	163825	164721	897	1	0.700	11	None	NA	NA	NA	0	0	0	1	NA	NA	NA	NA	NA
JBHJCD010000002.1_159	164954	165961	1008	1	0.676	11	None	NA	NA	NA	0	0	0	1	NA	NA	NA	NA	NA
JBHJCD010000002.1_160	165958	166653	696	1	0.680	11	GGAGG	NA	NA	NA	0	0	0	1	NA	NA	NA	NA	NA
JBHJCD010000002.1_161	166800	167600	801	1	0.627	11	GGA/GAG/AGG	NA	NA	NA	0	0	0	1	NA	NA	NA	NA	NA
JBHJCD010000002.1_162	167635	168051	417	-1	0.544	11	GGA/GAG/AGG	NA	NA	NA	0	0	0	1	NA	NA	NA	NA	NA
JBHJCD010000002.1_163	169435	169614	180	1	0.567	11	AGGAG	NA	NA	NA	0	0	0	1	NA	NA	NA	NA	NA
JBHJCD010000002.1_164	170028	171878	1851	1	0.648	11	GGAG/GAGG	NA	NA	NA	0	0	0	1	NA	NA	NA	NA	NA
JBHJCD010000002.1_165	172221	172778	558	1	0.658	11	None	NA	NA	NA	0	0	0	1	NA	NA	NA	NA	NA
JBHJCD010000002.1_166	173393	174001	609	-1	0.432	11	GGAG/GAGG	NA	NA	NA	0	0	0	1	NA	NA	NA	NA	NA
JBHJCD010000002.1_167	174164	174850	687	-1	0.636	11	AGGAG	GENOMAD.167222.CP	8.429e-18	85	0	0	0	1	NA	NA	NA	PF05736;K07275;COG3047;TIGR04565	Outer membrane protein W
JBHJCD010000002.1_168	174991	175551	561	1	0.647	11	None	NA	NA	NA	0	0	0	1	NA	NA	NA	NA	NA
JBHJCD010000002.1_169	175775	176539	765	1	0.677	11	GGAG/GAGG	GENOMAD.038780.CC	6.63e-23	101	0	0	0	1	NA	NA	NA	NA	NA
JBHJCD010000002.1_170	176669	178432	1764	1	0.672	11	GGAG/GAGG	GENOMAD.116686.CP	1.974e-46	181	0	0	0	1	NA	NA	NA	PF00198;K09699;TIGR01349;COG0508	pyruvate dehydrogenase complex dihydrolipoamide acetyltransferase, long form
JBHJCD010000002.1_171	178429	179076	648	1	0.690	11	None	NA	NA	NA	0	0	0	1	NA	NA	NA	NA	NA
JBHJCD010000002.1_172	179093	180916	1824	1	0.668	11	AGGAG	NA	NA	NA	0	0	0	1	NA	NA	NA	NA	NA
JBHJCD010000002.1_173	180990	181265	276	1	0.681	11	GGAGG	NA	NA	NA	0	0	0	1	NA	NA	NA	NA	NA
JBHJCD010000002.1_174	181411	182223	813	-1	0.624	11	GGAG/GAGG	GENOMAD.210099.CP	2.203e-142	448	0	0	0	1	NA	NA	NA	PF05150;TIGR04219;COG4571	outer membrane protein
JBHJCD010000002.1_175	182746	183111	366	1	0.642	11	GGA/GAG/AGG	GENOMAD.038505.CC	8.192e-31	118	0	0	0	1	NA	NA	NA	PF03899;COG3312	FoF1-type ATP synthase assembly protein I
JBHJCD010000002.1_176	183137	183937	801	1	0.602	11	GGA/GAG/AGG	NA	NA	NA	0	0	0	1	NA	NA	NA	NA	NA
JBHJCD010000002.1_177	184010	184312	303	1	0.660	11	GGAG/GAGG	GENOMAD.001872.CC	3.759e-06	46	0	0	0	1	NA	NA	NA	PF00137;TIGR03322;COG0636	alternate F1F0 ATPase, F0 subunit C
JBHJCD010000002.1_178	184427	184897	471	1	0.618	11	GGA/GAG/AGG	GENOMAD.089560.CV	2.408e-43	156	0	0	0	1	NA	NA	NA	PF00430;TIGR03321;COG0711;K02109	alternate F1F0 ATPase, F0 subunit B
JBHJCD010000002.1_179	184901	185428	528	1	0.676	11	GGAG/GAGG	GENOMAD.066577.CV	1.691e-81	267	0	0	0	1	NA	NA	NA	PF00213;K02113;COG0712;TIGR01145	FoF1-type ATP synthase, delta subunit
JBHJCD010000002.1_180	185476	187023	1548	1	0.649	11	AGGA	NA	NA	NA	0	0	0	1	NA	NA	NA	NA	NA
JBHJCD010000002.1_181	187221	188084	864	1	0.616	11	GGA/GAG/AGG	NA	NA	NA	0	0	0	1	NA	NA	NA	NA	NA
JBHJCD010000002.1_182	188227	189633	1407	1	0.642	11	GGAG/GAGG	NA	NA	NA	0	0	0	1	NA	NA	NA	NA	NA
JBHJCD010000002.1_183	189777	190199	423	1	0.650	11	GGA/GAG/AGG	NA	NA	NA	0	0	0	1	NA	NA	NA	NA	NA
JBHJCD010000002.1_184	190439	191008	570	1	0.684	11	GGAG/GAGG	GENOMAD.196537.PC	1.269e-18	86	0	0	0	1	NA	NA	NA	PF01817;TIGR01806;COG1605	chorismate mutase, putative
JBHJCD010000002.1_185	191525	191908	384	-1	0.654	11	None	NA	NA	NA	0	0	0	1	NA	NA	NA	NA	NA
JBHJCD010000002.1_186	192053	193417	1365	1	0.655	11	GGA/GAG/AGG	NA	NA	NA	0	0	0	1	NA	NA	NA	NA	NA
JBHJCD010000002.1_187	193719	195077	1359	-1	0.625	11	None	NA	NA	NA	0	0	0	1	NA	NA	NA	NA	NA
JBHJCD010000002.1_188	195074	196417	1344	-1	0.660	11	GGA/GAG/AGG	NA	NA	NA	0	0	0	1	NA	NA	NA	NA	NA
JBHJCD010000002.1_189	196578	197012	435	-1	0.657	11	GGA/GAG/AGG	NA	NA	NA	0	0	0	1	NA	NA	NA	NA	NA
JBHJCD010000002.1_190	197109	198335	1227	-1	0.612	11	GGA/GAG/AGG	NA	NA	NA	0	0	0	1	NA	NA	NA	NA	NA
JBHJCD010000002.1_191	198391	199692	1302	-1	0.626	11	AGGAG	NA	NA	NA	0	0	0	1	NA	NA	NA	NA	NA
JBHJCD010000002.1_192	199704	200423	720	-1	0.647	11	AGGA	NA	NA	NA	0	0	0	1	NA	NA	NA	NA	NA
JBHJCD010000002.1_193	200472	201743	1272	-1	0.698	11	GGA/GAG/AGG	GENOMAD.141361.CP	1.566e-64	230	0	0	0	1	NA	NA	NA	PF12700;TIGR01730;K02005;COG0845	HlyD family secretion protein
JBHJCD010000002.1_194	201949	203778	1830	1	0.644	11	GGA/GAG/AGG	NA	NA	NA	0	0	0	1	NA	NA	NA	NA	NA
JBHJCD010000002.1_195	204129	204602	474	1	0.643	11	AGGAGG	GENOMAD.182887.VC	5.849e-76	250	0	0	0	1	NA	NA	NA	NA	NA
JBHJCD010000002.1_196	204836	205975	1140	1	0.618	11	GGA/GAG/AGG	NA	NA	NA	0	0	0	1	NA	NA	NA	NA	NA
JBHJCD010000002.1_197	206106	207998	1893	-1	0.620	11	AGGA	NA	NA	NA	0	0	0	1	NA	NA	NA	NA	NA
JBHJCD010000002.1_198	208078	208836	759	-1	0.606	11	AGGA	NA	NA	NA	0	0	0	1	NA	NA	NA	NA	NA
JBHJCD010000002.1_199	209160	209684	525	-1	0.611	11	AGGAG	NA	NA	NA	0	0	0	1	NA	NA	NA	NA	NA
JBHJCD010000002.1_200	209846	210940	1095	-1	0.647	11	GGxGG	GENOMAD.145955.PC	1.762e-35	142	0	0	0	1	NA	NA	NA	PF05275;COG3667;K07233	Uncharacterized protein involved in copper resistance
JBHJCD010000002.1_201	210937	212721	1785	-1	0.668	11	AGGAG	NA	NA	NA	0	0	0	1	NA	NA	NA	NA	NA
JBHJCD010000002.1_202	212829	213287	459	-1	0.704	11	None	NA	NA	NA	0	0	0	1	NA	NA	NA	NA	NA
JBHJCD010000002.1_203	213379	214482	1104	1	0.670	11	None	NA	NA	NA	0	0	0	1	NA	NA	NA	NA	NA
JBHJCD010000002.1_204	214681	216705	2025	1	0.650	11	GGAG/GAGG	NA	NA	NA	0	0	0	1	NA	NA	NA	NA	NA
JBHJCD010000002.1_205	216844	217551	708	1	0.644	11	AGGAG	GENOMAD.194905.PC	4.779e-12	68	0	0	0	1	NA	NA	NA	COG4991	Uncharacterized conserved protein YraI
JBHJCD010000002.1_206	217829	219037	1209	-1	0.661	11	GGAG/GAGG	NA	NA	NA	0	0	0	1	NA	NA	NA	NA	NA
JBHJCD010000002.1_207	219037	219552	516	-1	0.632	11	AGGA	GENOMAD.107291.CP	1.202e-91	296	0	0	0	1	NA	NA	NA	PF07977;K01716;TIGR01749;COG4706	beta-hydroxyacyl-
JBHJCD010000002.1_208	219899	220978	1080	1	0.649	11	GGA/GAG/AGG	NA	NA	NA	0	0	0	1	NA	NA	NA	NA	NA
JBHJCD010000002.1_209	221121	221771	651	1	0.647	11	GGAG/GAGG	NA	NA	NA	0	0	0	1	NA	NA	NA	NA	NA
JBHJCD010000002.1_210	222065	222448	384	-1	0.677	11	None	GENOMAD.195120.CP	1.222e-53	184	0	0	0	1	NA	NA	NA	PF04994	TfoX C-terminal domain
JBHJCD010000002.1_211	222460	222942	483	-1	0.660	11	None	GENOMAD.138407.CP	8.152e-74	244	0	0	0	1	NA	NA	NA	K08968;TIGR01817	NA
JBHJCD010000002.1_212	223173	223847	675	1	0.701	11	AGGA	NA	NA	NA	0	0	0	1	NA	NA	NA	NA	NA
JBHJCD010000002.1_213	223960	224295	336	-1	0.607	11	GGA/GAG/AGG	NA	NA	NA	0	0	0	1	NA	NA	NA	NA	NA
JBHJCD010000002.1_214	224487	224840	354	-1	0.630	11	None	NA	NA	NA	0	0	0	1	NA	NA	NA	NA	NA
JBHJCD010000002.1_215	224976	226364	1389	-1	0.689	11	GGAG/GAGG	NA	NA	NA	0	0	0	1	NA	NA	NA	NA	NA
JBHJCD010000002.1_216	226742	227731	990	1	0.670	11	AGGA	NA	NA	NA	0	0	0	1	NA	NA	NA	NA	NA
JBHJCD010000002.1_217	227763	228425	663	1	0.685	11	GGA/GAG/AGG	NA	NA	NA	0	0	0	1	NA	NA	NA	NA	NA
JBHJCD010000002.1_218	228823	229956	1134	-1	0.630	11	GGA/GAG/AGG	GENOMAD.005978.CC	6.086e-07	54	0	0	0	1246	Caudoviricetes	T_virB11	NA	PF00437;PF05810;K07332;TIGR03819;COG4962	helicase/secretion neighborhood ATPase
JBHJCD010000002.1_219	230055	230438	384	1	0.661	11	None	GENOMAD.030183.CC	2.69e-45	160	0	0	0	1	NA	NA	NA	PF14346	NA
JBHJCD010000002.1_220	230435	231325	891	1	0.699	11	GGAGG	NA	NA	NA	0	0	0	1	NA	NA	NA	NA	NA
JBHJCD010000002.1_221	231677	231895	219	1	0.543	11	AGGAG	NA	NA	NA	0	0	0	1	NA	NA	NA	NA	NA
JBHJCD010000002.1_222	232131	233501	1371	1	0.628	11	None	NA	NA	NA	0	0	0	1	NA	NA	NA	NA	NA
JBHJCD010000002.1_223	233601	234788	1188	1	0.643	11	GGA/GAG/AGG	GENOMAD.143010.CP	2.493e-15	81	0	0	0	1	NA	NA	NA	K01758;TIGR01328	methionine gamma-lyase
JBHJCD010000002.1_224	235161	238280	3120	1	0.610	11	GGA/GAG/AGG	NA	NA	NA	0	0	0	1	NA	NA	NA	NA	NA
JBHJCD010000002.1_225	238363	239157	795	1	0.516	11	None	NA	NA	NA	0	0	0	1	NA	NA	NA	NA	NA
JBHJCD010000002.1_226	239154	240440	1287	1	0.575	11	GGA/GAG/AGG	GENOMAD.167613.CP	7.647e-40	157	0	0	0	1	NA	NA	NA	PF14524	Wzt C-terminal domain
JBHJCD010000002.1_227	240493	242640	2148	1	0.586	11	GGA/GAG/AGG	NA	NA	NA	0	0	0	1	NA	NA	NA	NA	NA
JBHJCD010000002.1_228	242640	245156	2517	1	0.579	11	GGAG/GAGG	GENOMAD.130456.CP	0.0001349	48	0	0	0	1	NA	NA	NA	PF07429;TIGR02472;COG0297;K19002	sucrose-phosphate synthase, putative, glycosyltransferase domain
JBHJCD010000002.1_229	245263	246303	1041	1	0.571	11	GGA/GAG/AGG	NA	NA	NA	0	0	0	1	NA	NA	NA	NA	NA
JBHJCD010000002.1_230	246359	247222	864	1	0.596	11	None	NA	NA	NA	0	0	0	1	NA	NA	NA	NA	NA
JBHJCD010000002.1_231	247407	249659	2253	-1	0.591	11	None	NA	NA	NA	0	0	0	1	NA	NA	NA	NA	NA
JBHJCD010000002.1_232	249754	250191	438	-1	0.555	11	GGA/GAG/AGG	GENOMAD.206789.PC	6.875e-06	47	0	0	0	1	NA	NA	NA	PF04138;COG2246	Putative flippase GtrA (transmembrane translocase of bactoprenol-linked glucose)
JBHJCD010000002.1_233	250178	251107	930	-1	0.591	11	AGGA	NA	NA	NA	0	0	0	1	NA	NA	NA	NA	NA
JBHJCD010000002.1_234	251104	252075	972	-1	0.577	11	None	NA	NA	NA	0	0	0	1	NA	NA	NA	NA	NA
JBHJCD010000002.1_235	252060	253163	1104	-1	0.593	11	None	GENOMAD.181329.VC	0.0003533	45	0	0	0	1246	Caudoviricetes	NA	NA	K13017;TIGR03588;COG0399	UDP-4-amino-4,6-dideoxy-N-acetyl-beta-L-altrosamine transaminase
JBHJCD010000002.1_236	253688	254632	945	-1	0.646	11	GGA/GAG/AGG	NA	NA	NA	0	0	0	1	NA	NA	NA	NA	NA
JBHJCD010000002.1_237	254632	255378	747	-1	0.660	11	AGGA/GGAG/GAGG	NA	NA	NA	0	0	0	1	NA	NA	NA	NA	NA
JBHJCD010000002.1_238	255614	256669	1056	1	0.615	11	GGA/GAG/AGG	GENOMAD.049396.VV	3.45e-09	61	0	0	0	15663	Prasinovirus	NA	NA	PF16363;K12450;COG1088;TIGR04180	dTDP-D-glucose 4,6-dehydratase
JBHJCD010000002.1_239	256725	257612	888	1	0.600	11	AGGA	NA	NA	NA	0	0	0	1	NA	NA	NA	NA	NA
JBHJCD010000002.1_240	258163	259065	903	1	0.685	11	None	NA	NA	NA	0	0	0	1	NA	NA	NA	NA	NA
JBHJCD010000002.1_241	259406	260572	1167	1	0.605	11	AGGA	NA	NA	NA	0	0	0	1	NA	NA	NA	NA	NA
JBHJCD010000002.1_242	260862	262265	1404	-1	0.632	11	AGGA/GGAG/GAGG	NA	NA	NA	0	0	0	1	NA	NA	NA	NA	NA
JBHJCD010000002.1_243	262312	263658	1347	-1	0.643	11	AGGA	NA	NA	NA	0	0	0	1	NA	NA	NA	NA	NA
JBHJCD010000002.1_244	263793	264524	732	1	0.627	11	GGAG/GAGG	NA	NA	NA	0	0	0	1	NA	NA	NA	NA	NA
JBHJCD010000002.1_245	264524	265156	633	1	0.613	11	AGGA	NA	NA	NA	0	0	0	1	NA	NA	NA	NA	NA
JBHJCD010000002.1_246	265187	266836	1650	-1	0.649	11	GGAG/GAGG	GENOMAD.158774.CP	1.14e-06	54	0	0	0	1	NA	NA	NA	PF12800;K03855;COG2440;TIGR00402	Ferredoxin-like protein FixX
JBHJCD010000002.1_247	266952	267551	600	1	0.663	11	None	NA	NA	NA	0	0	0	1	NA	NA	NA	NA	NA
JBHJCD010000002.1_248	268105	268749	645	-1	0.671	11	AGGAG/GGAGG	GENOMAD.178708.PC	3.589e-27	112	0	0	0	1	NA	NA	NA	PF03886;K18480;COG3218	ABC-type uncharacterized transport system, auxiliary component
JBHJCD010000002.1_249	268746	269672	927	-1	0.653	11	GGA/GAG/AGG	GENOMAD.152533.CP	1.725e-37	146	0	0	0	1	NA	NA	NA	PF02470;PF11887;COG1463;TIGR00996;K02067	ABC-type transporter Mla maintaining outer membrane lipid asymmetry, periplasmic component MlaD
JBHJCD010000002.1_250	269675	270517	843	-1	0.674	11	GGAG/GAGG	NA	NA	NA	0	0	0	1	NA	NA	NA	NA	NA
JBHJCD010000002.1_251	270603	271832	1230	-1	0.653	11	GGAG/GAGG	GENOMAD.124229.CP	2.31e-37	149	0	0	0	1	NA	NA	NA	COG0767	ABC-type transporter Mla maintaining outer membrane lipid asymmetry, permease component MlaE
JBHJCD010000002.1_252	271884	273143	1260	1	0.649	11	None	GENOMAD.148298.CP	2.83e-43	167	0	0	0	1	NA	NA	NA	COG2966	Uncharacterized membrane protein YjjP, DUF1212 family
JBHJCD010000002.1_253	273199	273660	462	-1	0.645	11	GGAG/GAGG	NA	NA	NA	0	0	0	1	NA	NA	NA	NA	NA
JBHJCD010000002.1_254	273804	275498	1695	-1	0.658	11	None	NA	NA	NA	0	0	0	1	NA	NA	NA	NA	NA
JBHJCD010000002.1_255	275843	276244	402	-1	0.699	11	GGA/GAG/AGG	GENOMAD.130275.CV	2.26e-06	48	0	0	0	1	NA	NA	NA	PF19625;PF13511	NA
JBHJCD010000002.1_256	276385	277149	765	1	0.668	11	GGA/GAG/AGG	GENOMAD.118667.CP	4.94e-30	122	0	0	0	1	NA	NA	NA	PF01066;K17103;COG1183	Phosphatidylserine synthase
JBHJCD010000002.1_257	277172	277627	456	1	0.724	11	GGA/GAG/AGG	NA	NA	NA	0	0	0	1	NA	NA	NA	NA	NA
JBHJCD010000002.1_258	277666	278106	441	1	0.646	11	None	GENOMAD.124272.CV	1.035e-12	67	0	0	0	1246	Caudoviricetes	NA	NA	PF13420;TIGR01575;COG0456;K03825	ribosomal-protein-alanine acetyltransferase
JBHJCD010000002.1_259	278912	279991	1080	1	0.594	11	GGAG/GAGG	NA	NA	NA	0	0	0	1	NA	NA	NA	NA	NA
JBHJCD010000002.1_260	280352	282346	1995	-1	0.663	11	GGA/GAG/AGG	GENOMAD.145352.CP	6.149e-91	317	0	0	0	1	NA	NA	NA	PF00760;PF14718;K08309;COG0741	Cucumovirus coat protein; Soluble lytic murein transglycosylase L domain
JBHJCD010000002.1_261	282586	285465	2880	1	0.624	11	GGAG/GAGG	GENOMAD.183275.CP	0.0006416	46	0	0	0	1	NA	NA	NA	PF14905;PF07715;TIGR01776;K16091;COG4206	TonB-dependent lactoferrin and transferrin receptors
JBHJCD010000002.1_262	285764	288706	2943	-1	0.637	11	None	NA	NA	NA	0	0	0	1	NA	NA	NA	NA	NA
JBHJCD010000002.1_263	288905	289330	426	-1	0.678	11	None	GENOMAD.001478.CC	7.436e-74	243	0	0	0	1	NA	NA	NA	PF04364;COG2927;K02339	DNA polymerase III chi subunit, HolC
JBHJCD010000002.1_264	289330	289701	372	-1	0.685	11	GGA/GAG/AGG	NA	NA	NA	0	0	0	1	NA	NA	NA	NA	NA
JBHJCD010000002.1_265	289701	291173	1473	-1	0.690	11	GGA/GAG/AGG	NA	NA	NA	0	0	0	1	NA	NA	NA	NA	NA
JBHJCD010000002.1_266	291281	292363	1083	1	0.670	11	None	GENOMAD.099678.CP	4.145e-52	191	0	0	0	1	NA	NA	NA	K07091;COG0795	Lipopolysaccharide export LptBFGC system, permease protein LptF
JBHJCD010000002.1_267	292360	293466	1107	1	0.650	11	GGxGG	GENOMAD.074903.CP	7.607e-60	214	0	0	0	1	NA	NA	NA	PF03739;K11720;COG0795	Lipopolysaccharide export system permease LptF/LptG
JBHJCD010000002.1_268	293471	293770	300	1	0.600	11	None	NA	NA	NA	0	0	0	1	NA	NA	NA	NA	NA
JBHJCD010000002.1_269	293881	294348	468	-1	0.686	11	None	GENOMAD.148481.CP	1.674e-88	286	0	0	0	1	NA	NA	NA	PF06271;COG1714	Uncharacterized membrane protein YckC, RDD family
JBHJCD010000002.1_270	294584	295675	1092	1	0.679	11	None	NA	NA	NA	0	0	0	1	NA	NA	NA	NA	NA
JBHJCD010000002.1_271	296156	296953	798	1	0.669	11	GGA/GAG/AGG	GENOMAD.146337.PC	1.671e-41	156	0	0	0	1	NA	NA	NA	PF13462;PF10411;K03981;COG1651;TIGR00385	Protein-disulfide isomerase
JBHJCD010000002.1_272	297271	301317	4047	1	0.687	11	None	GENOMAD.121610.CV	1.764e-71	269	1	0	0	1246	Caudoviricetes	NA	NA	PF13507;COG0047	CobB/CobQ-like glutamine amidotransferase domain
JBHJCD010000002.1_273	301964	303871	1908	1	0.670	11	GGAG/GAGG	NA	NA	NA	0	0	0	1	NA	NA	NA	NA	NA
JBHJCD010000003.1_1	207	1418	1212	-1	0.643	11	GGA/GAG/AGG	NA	NA	NA	0	0	0	1	NA	NA	NA	NA	NA
JBHJCD010000003.1_2	1663	2763	1101	1	0.667	11	None	GENOMAD.146476.CP	4.612e-67	235	0	0	0	1	NA	NA	NA	PF04307;K07038;COG1988	LexA-binding, inner membrane-associated putative hydrolase
JBHJCD010000003.1_3	2757	3584	828	-1	0.650	11	GGAG/GAGG	GENOMAD.158493.CP	0.0004285	44	0	0	0	1	NA	NA	NA	PF03269;K20082;COG2227;TIGR02072	Caenorhabditis protein of unknown function, DUF268
JBHJCD010000003.1_4	3613	4611	999	-1	0.665	11	None	NA	NA	NA	0	0	0	1	NA	NA	NA	NA	NA
JBHJCD010000003.1_5	4719	7061	2343	-1	0.632	11	GGA/GAG/AGG	NA	NA	NA	0	0	0	1	NA	NA	NA	NA	NA
JBHJCD010000003.1_6	7588	8538	951	-1	0.679	11	GGA/GAG/AGG	NA	NA	NA	0	0	0	1	NA	NA	NA	NA	NA
JBHJCD010000003.1_7	8629	9927	1299	-1	0.644	11	GGA/GAG/AGG	NA	NA	NA	0	0	0	1	NA	NA	NA	NA	NA
JBHJCD010000003.1_8	10839	11807	969	1	0.667	11	GGAG/GAGG	NA	NA	NA	0	0	0	1	NA	NA	NA	NA	NA
JBHJCD010000003.1_9	11964	12209	246	1	0.614	11	None	GENOMAD.197521.CP	4.478e-05	42	0	0	0	1	NA	NA	NA	PF10636;COG4256	Hemin uptake protein HemP
JBHJCD010000003.1_10	12456	14687	2232	1	0.638	11	GGA/GAG/AGG	GENOMAD.134173.CP	3.107e-64	239	0	0	0	1	NA	NA	NA	PF14905;PF07715;K16087;TIGR01776;COG4206	TonB-dependent lactoferrin and transferrin receptors
JBHJCD010000003.1_11	15363	16286	924	1	0.645	11	GGA/GAG/AGG	GENOMAD.015156.CC	4.576e-70	241	0	0	0	1	NA	NA	NA	PF20311	NA
JBHJCD010000003.1_12	16413	16766	354	-1	0.613	11	None	GENOMAD.141125.CP	2.289e-50	174	0	0	0	1	NA	NA	NA	PF04342;COG3169;K09922	Uncharacterized conserved protein, DUF486 family
JBHJCD010000003.1_13	16846	17730	885	-1	0.697	11	GGAG/GAGG	NA	NA	NA	0	0	0	1	NA	NA	NA	NA	NA
JBHJCD010000003.1_14	17727	18560	834	-1	0.658	11	GGAG/GAGG	NA	NA	NA	0	0	0	1	NA	NA	NA	NA	NA
JBHJCD010000003.1_15	18564	19610	1047	-1	0.643	11	GGAG/GAGG	GENOMAD.194675.PC	4.06e-71	246	0	0	0	1	NA	NA	NA	PF13379;TIGR03427;COG4521;K15553	ABC transporter periplasmic binding protein, urea carboxylase region
JBHJCD010000003.1_16	19651	20568	918	-1	0.647	11	GGAG/GAGG	GENOMAD.168562.CP	1.436e-05	49	0	0	0	1	NA	NA	NA	PF02668;K03119;COG2175;TIGR02409	Taurine catabolism dioxygenase TauD, TfdA family
JBHJCD010000003.1_17	20817	23300	2484	-1	0.690	11	None	GENOMAD.142740.CP	4.212e-187	606	0	0	0	1	NA	NA	NA	PF02687;PF12704;COG3127;TIGR03434;K09813	Predicted ABC-type transport system involved in lysophospholipase L1 biosynthesis, permease component
JBHJCD010000003.1_18	23297	23902	606	-1	0.705	11	None	NA	NA	NA	0	0	0	1	NA	NA	NA	NA	NA
JBHJCD010000003.1_19	24021	24674	654	1	0.677	11	GGAG/GAGG	NA	NA	NA	0	0	0	1	NA	NA	NA	NA	NA
JBHJCD010000003.1_20	24766	25479	714	1	0.646	11	GGAG/GAGG	NA	NA	NA	0	0	0	1	NA	NA	NA	NA	NA
JBHJCD010000003.1_21	25622	26893	1272	1	0.655	11	GGA/GAG/AGG	NA	NA	NA	0	0	0	1	NA	NA	NA	NA	NA
JBHJCD010000003.1_22	27311	28012	702	-1	0.654	11	GGA/GAG/AGG	NA	NA	NA	0	0	0	1	NA	NA	NA	NA	NA
JBHJCD010000003.1_23	28194	28574	381	1	0.648	11	AGGA/GGAG/GAGG	GENOMAD.136345.CP	4.697e-14	70	0	0	0	1	NA	NA	NA	PF01219;COG0818;K00887	Diacylglycerol kinase
JBHJCD010000003.1_24	28671	29309	639	1	0.615	11	GGA/GAG/AGG	NA	NA	NA	0	0	0	1	NA	NA	NA	NA	NA
JBHJCD010000003.1_25	29654	30541	888	1	0.711	11	AGGAG	NA	NA	NA	0	0	0	1	NA	NA	NA	NA	NA
JBHJCD010000003.1_26	30541	31032	492	1	0.691	11	GGAG/GAGG	GENOMAD.158059.CP	1.016e-20	91	0	0	0	1	NA	NA	NA	PF17174;COG3762	Uncharacterized membrane protein YgcG, contains a TPM-fold domain
JBHJCD010000003.1_27	31087	31977	891	1	0.634	11	None	GENOMAD.126817.CP	3.974e-22	100	0	0	0	1	NA	NA	NA	PF01790;K13292;TIGR00544;COG0682	prolipoprotein diacylglyceryl transferase
JBHJCD010000003.1_28	31974	32768	795	1	0.628	11	GGAGG	GENOMAD.030736.VV	1.762e-12	70	0	0	0	1246	Caudoviricetes	NA	NA	PF00303;COG0207;TIGR03284;K00560	Thymidylate synthase
JBHJCD010000003.1_29	32822	33109	288	1	0.566	11	None	NA	NA	NA	0	0	0	1	NA	NA	NA	NA	NA
JBHJCD010000003.1_30	33106	33600	495	1	0.663	11	None	NA	NA	NA	0	0	0	1	NA	NA	NA	NA	NA
JBHJCD010000003.1_31	33652	34608	957	-1	0.673	11	GGAG/GAGG	GENOMAD.083577.VV	0.0005643	44	0	0	0	1246	Caudoviricetes	NA	NA	K07314;TIGR00668	bis(5'-nucleosyl)-tetraphosphatase (symmetrical)
JBHJCD010000003.1_32	34637	35020	384	-1	0.651	11	None	GENOMAD.000805.CC	1.522e-18	83	0	0	0	1	NA	NA	NA	PF04379;COG2967	Uncharacterized protein affecting Mg2+/Co2+ transport
JBHJCD010000003.1_33	35057	35845	789	-1	0.660	11	None	NA	NA	NA	0	0	0	1	NA	NA	NA	NA	NA
JBHJCD010000003.1_34	35963	36931	969	-1	0.687	11	GGA/GAG/AGG	GENOMAD.132496.CP	8.115e-90	299	0	0	0	1	NA	NA	NA	PF04166;K00097;COG1995;TIGR00557	4-hydroxy-L-threonine phosphate dehydrogenase PdxA
JBHJCD010000003.1_35	36954	38345	1392	-1	0.656	11	None	GENOMAD.000379.CC	3.639e-26	116	0	0	0	1	NA	NA	NA	PF09312;K03771;TIGR04142;COG0760	putative peptidyl-prolyl cis-trans isomerase, LIC12922 family
JBHJCD010000003.1_36	38342	40711	2370	-1	0.630	11	None	GENOMAD.105365.CP	5.545e-107	369	0	0	0	1	NA	NA	NA	K04744;COG1452	LPS assembly outer membrane protein LptD (organic solvent tolerance protein OstA)
JBHJCD010000003.1_37	40900	41808	909	-1	0.685	11	GGA/GAG/AGG	NA	NA	NA	0	0	0	1	NA	NA	NA	NA	NA
JBHJCD010000003.1_38	41847	42404	558	-1	0.699	11	None	NA	NA	NA	0	0	0	1	NA	NA	NA	NA	NA
JBHJCD010000003.1_39	42408	42986	579	-1	0.667	11	None	NA	NA	NA	0	0	0	1	NA	NA	NA	NA	NA
JBHJCD010000003.1_40	43327	44535	1209	1	0.701	11	None	GENOMAD.129930.CP	9.866e-14	76	0	0	0	1	NA	NA	NA	NA	NA
JBHJCD010000003.1_41	44532	45713	1182	1	0.692	11	GGAG/GAGG	GENOMAD.129930.CP	3.081e-28	121	0	0	0	1	NA	NA	NA	NA	NA
JBHJCD010000003.1_42	45841	46563	723	1	0.675	11	None	GENOMAD.145475.CP	7.356e-05	46	0	0	0	1	NA	NA	NA	PF06342;K08680;TIGR03695;COG1647	2-succinyl-6-hydroxy-2,4-cyclohexadiene-1-carboxylate synthase
JBHJCD010000003.1_43	46666	47097	432	1	0.674	11	GGAG/GAGG	GENOMAD.195820.PC	1.258e-27	110	0	0	0	1	NA	NA	NA	PF00866;TIGR03231;COG5517;K16320	anthranilate 1,2-dioxygenase, small subunit
JBHJCD010000003.1_44	47446	48279	834	1	0.596	11	None	GENOMAD.189522.PC	5.232e-162	505	0	0	0	1	NA	NA	NA	PF13557;COG4313	Putative MetA-pathway of phenol degradation
JBHJCD010000003.1_45	48446	49111	666	-1	0.665	11	GGA/GAG/AGG	NA	NA	NA	0	0	0	1	NA	NA	NA	NA	NA
JBHJCD010000003.1_46	49354	50250	897	1	0.658	11	AGGAG	GENOMAD.172148.PC	1.622e-88	294	0	0	0	1	NA	NA	NA	PF02900;K04101;TIGR02298;COG3384	Catalytic LigB subunit of aromatic ring-opening dioxygenase
JBHJCD010000003.1_47	50261	50620	360	1	0.600	11	AGGAG	GENOMAD.195792.PC	2.821e-65	217	0	0	0	1	NA	NA	NA	PF07746;TIGR02792;K04100	protocatechuate 4,5-dioxygenase, alpha subunit
JBHJCD010000003.1_48	50687	51688	1002	1	0.671	11	GGA/GAG/AGG	NA	NA	NA	0	0	0	1	NA	NA	NA	NA	NA
JBHJCD010000003.1_49	51866	53344	1479	-1	0.656	11	None	NA	NA	NA	0	0	0	1	NA	NA	NA	NA	NA
JBHJCD010000003.1_50	53548	55017	1470	-1	0.667	11	AGGAGG	NA	NA	NA	0	0	0	1	NA	NA	NA	NA	NA
JBHJCD010000003.1_51	55101	55928	828	-1	0.638	11	AGGAG	NA	NA	NA	0	0	0	1	NA	NA	NA	NA	NA
JBHJCD010000003.1_52	55974	56447	474	-1	0.690	11	GGA/GAG/AGG	NA	NA	NA	0	0	0	1	NA	NA	NA	NA	NA
JBHJCD010000003.1_53	56585	56890	306	-1	0.647	11	None	GENOMAD.181899.CV	7.134e-08	51	0	0	0	1	NA	NA	NA	PF13405	EF-hand domain
JBHJCD010000003.1_54	57195	57917	723	-1	0.627	11	GGAGG	NA	NA	NA	0	0	0	1	NA	NA	NA	NA	NA
JBHJCD010000003.1_55	57999	58904	906	-1	0.655	11	GGAG/GAGG	NA	NA	NA	0	0	0	1	NA	NA	NA	NA	NA
JBHJCD010000003.1_56	59028	60137	1110	1	0.633	11	AGGAG	NA	NA	NA	0	0	0	1	NA	NA	NA	NA	NA
JBHJCD010000003.1_57	60635	61678	1044	-1	0.661	11	GGA/GAG/AGG	GENOMAD.114416.CP	1.171e-125	404	0	0	0	1	NA	NA	NA	PF18125;PF03269;K06968;COG2933;TIGR01177	23S rRNA C2498 (ribose-2'-O)-methylase RlmM
JBHJCD010000003.1_58	61718	62278	561	-1	0.681	11	None	NA	NA	NA	0	0	0	1	NA	NA	NA	NA	NA
JBHJCD010000003.1_59	62278	62694	417	-1	0.667	11	GGAG/GAGG	NA	NA	NA	0	0	0	1	NA	NA	NA	NA	NA
JBHJCD010000003.1_60	63325	64254	930	-1	0.674	11	GGAG/GAGG	GENOMAD.177755.PC	4.668e-32	130	0	0	0	1	NA	NA	NA	COG5006;K03298	Threonine/homoserine efflux transporter RhtA
JBHJCD010000003.1_61	64638	66377	1740	-1	0.647	11	None	NA	NA	NA	0	0	0	1	NA	NA	NA	NA	NA
JBHJCD010000003.1_62	66794	67435	642	1	0.679	11	AGGA/GGAG/GAGG	NA	NA	NA	0	0	0	1	NA	NA	NA	NA	NA
JBHJCD010000003.1_63	67437	67667	231	1	0.658	11	GGA/GAG/AGG	GENOMAD.016641.CC	2.753e-29	111	0	0	0	1	NA	NA	NA	PF09413	Putative prokaryotic signal transducing protein
JBHJCD010000003.1_64	67762	68226	465	-1	0.652	11	None	NA	NA	NA	0	0	0	1	NA	NA	NA	NA	NA
JBHJCD010000003.1_65	68223	70133	1911	-1	0.658	11	GGA/GAG/AGG	GENOMAD.154050.CP	0.0003862	46	0	0	0	1	NA	NA	NA	COG3920;K19622	Two-component sensor histidine kinase, HisKA and HATPase domains
JBHJCD010000003.1_66	70130	70837	708	-1	0.692	11	GGA/GAG/AGG	NA	NA	NA	0	0	0	1	NA	NA	NA	NA	NA
JBHJCD010000003.1_67	70962	71477	516	1	0.643	11	GGAG/GAGG	GENOMAD.208558.PC	5.766e-07	51	0	0	0	1	NA	NA	NA	PF08332;TIGR02246;COG4875;K10533	conserved hypothetical protein
JBHJCD010000003.1_68	71573	72223	651	1	0.630	11	GGAG/GAGG	NA	NA	NA	0	0	0	1	NA	NA	NA	NA	NA
JBHJCD010000003.1_69	72640	73209	570	-1	0.647	11	None	NA	NA	NA	0	0	0	1	NA	NA	NA	NA	NA
JBHJCD010000003.1_70	73565	74533	969	-1	0.654	11	GGA/GAG/AGG	NA	NA	NA	0	0	0	1	NA	NA	NA	NA	NA
JBHJCD010000003.1_71	74585	75025	441	-1	0.678	11	AGGAG	GENOMAD.158252.CP	1.559e-26	107	0	0	0	1	NA	NA	NA	PF01272;PF14760;COG0782;TIGR01461	Transcription elongation factor, GreA/GreB family
JBHJCD010000003.1_72	75523	76464	942	-1	0.631	11	GGA/GAG/AGG	NA	NA	NA	0	0	0	1	NA	NA	NA	NA	NA
JBHJCD010000003.1_73	76556	78148	1593	-1	0.650	11	AGGAG	NA	NA	NA	0	0	0	1	NA	NA	NA	NA	NA
JBHJCD010000003.1_74	78335	78898	564	-1	0.612	11	GGAG/GAGG	NA	NA	NA	0	0	0	1	NA	NA	NA	NA	NA
JBHJCD010000003.1_75	79101	79961	861	1	0.708	11	GGA/GAG/AGG	GENOMAD.000115.CC	9.319e-10	62	0	0	0	1	NA	NA	NA	PF17827;TIGR00536;COG2890	PrmC N-terminal domain
JBHJCD010000003.1_76	80196	81137	942	1	0.650	11	AGGA	NA	NA	NA	0	0	0	1	NA	NA	NA	NA	NA
JBHJCD010000003.1_77	81346	82131	786	-1	0.688	11	GGA/GAG/AGG	GENOMAD.171214.CP	2.103e-67	231	0	0	0	1	NA	NA	NA	PF05013;COG3931;TIGR02017;K01458	Predicted N-formylglutamate amidohydrolase
JBHJCD010000003.1_78	82124	82675	552	-1	0.650	11	GGA/GAG/AGG	NA	NA	NA	0	0	0	1	NA	NA	NA	NA	NA
JBHJCD010000003.1_79	82672	83658	987	-1	0.683	11	None	GENOMAD.119108.VC	1.663e-05	49	0	0	1	2156	Autographiviridae	NA	NA	PF09293;TIGR00593;K23786;COG0258	DNA polymerase I
JBHJCD010000003.1_80	83655	84230	576	-1	0.700	11	None	GENOMAD.134026.CP	1.391e-29	118	0	0	0	1	NA	NA	NA	PF14512;COG3560;TIGR03553;K19286	Fatty acid repression mutant protein (predicted oxidoreductase)
JBHJCD010000003.1_81	84811	87168	2358	1	0.668	11	GGAG/GAGG	GENOMAD.112718.CP	7.009e-192	618	0	0	0	1	NA	NA	NA	PF07793	NA
JBHJCD010000003.1_82	87315	88412	1098	1	0.690	11	GGAG/GAGG	NA	NA	NA	0	0	0	1	NA	NA	NA	NA	NA
JBHJCD010000003.1_83	88815	89150	336	-1	0.670	11	GGA/GAG/AGG	GENOMAD.145856.CV	7e-44	155	0	0	0	1	NA	NA	NA	NA	NA
JBHJCD010000003.1_84	89312	89662	351	-1	0.724	11	GGAG/GAGG	NA	NA	NA	0	0	0	1	NA	NA	NA	NA	NA
JBHJCD010000003.1_85	89659	90222	564	-1	0.661	11	GGA/GAG/AGG	NA	NA	NA	0	0	0	1	NA	NA	NA	NA	NA
JBHJCD010000003.1_86	90346	90651	306	1	0.621	11	GGAG/GAGG	NA	NA	NA	0	0	0	1	NA	NA	NA	NA	NA
JBHJCD010000003.1_87	90648	92105	1458	1	0.654	11	GGA/GAG/AGG	NA	NA	NA	0	0	0	1	NA	NA	NA	NA	NA
JBHJCD010000003.1_88	92671	93090	420	-1	0.707	11	AGGAG	NA	NA	NA	0	0	0	1	NA	NA	NA	NA	NA
JBHJCD010000003.1_89	93277	93831	555	1	0.638	11	None	NA	NA	NA	0	0	0	1	NA	NA	NA	NA	NA
JBHJCD010000003.1_90	93896	94981	1086	1	0.665	11	AGGA	NA	NA	NA	0	0	0	1	NA	NA	NA	NA	NA
JBHJCD010000003.1_91	95289	97022	1734	1	0.675	11	GGA/GAG/AGG	NA	NA	NA	0	0	0	1	NA	NA	NA	NA	NA
JBHJCD010000003.1_92	97281	98690	1410	1	0.685	11	AGGA	NA	NA	NA	0	0	0	1	NA	NA	NA	NA	NA
JBHJCD010000003.1_93	99033	100730	1698	1	0.681	11	GGAGG	NA	NA	NA	0	0	0	1	NA	NA	NA	NA	NA
JBHJCD010000003.1_94	100929	101402	474	-1	0.654	11	None	NA	NA	NA	0	0	0	1	NA	NA	NA	NA	NA
JBHJCD010000003.1_95	101407	101892	486	-1	0.593	11	AGGA	NA	NA	NA	0	0	0	1	NA	NA	NA	NA	NA
JBHJCD010000003.1_96	102401	103621	1221	1	0.635	11	GGAG/GAGG	NA	NA	NA	0	0	0	1	NA	NA	NA	NA	NA
JBHJCD010000003.1_97	103844	104173	330	-1	0.712	11	GGA/GAG/AGG	GENOMAD.041684.CC	3.497e-42	150	0	0	0	1	NA	NA	NA	PF09842;COG3308	Predicted membrane protein (DUF2069)
JBHJCD010000003.1_98	104185	104781	597	-1	0.695	11	AGxAGG/AGGxGG	NA	NA	NA	0	0	0	1	NA	NA	NA	NA	NA
JBHJCD010000003.1_99	104893	106170	1278	1	0.658	11	None	GENOMAD.133044.CP	5.805e-30	127	0	0	0	1	NA	NA	NA	PF03631;TIGR00765;COG1295;K07058	YihY family inner membrane protein
JBHJCD010000003.1_100	106167	106778	612	1	0.693	11	GGAG/GAGG	NA	NA	NA	0	0	0	1	NA	NA	NA	NA	NA
JBHJCD010000003.1_101	106778	107044	267	1	0.723	11	AGxAGG/AGGxGG	NA	NA	NA	0	0	0	1	NA	NA	NA	NA	NA
JBHJCD010000003.1_102	107130	108359	1230	1	0.691	11	GGA/GAG/AGG	NA	NA	NA	0	0	0	1	NA	NA	NA	NA	NA
JBHJCD010000003.1_103	108341	109123	783	-1	0.645	11	GGA/GAG/AGG	GENOMAD.107364.VV	2.186e-34	135	0	0	0	1	NA	NA	NA	PF03976;K22468;TIGR03709;COG2326	polyphosphate:nucleotide phosphotransferase, PPK2 family
JBHJCD010000003.1_104	109156	109674	519	-1	0.661	11	GGA/GAG/AGG	GENOMAD.116561.CP	4.813e-34	130	0	0	0	1	NA	NA	NA	PF00994;K03638;COG0521;TIGR00177	Molybdopterin biosynthesis enzyme MoaB
JBHJCD010000003.1_105	110077	111783	1707	-1	0.671	11	GGA/GAG/AGG	NA	NA	NA	0	0	0	1	NA	NA	NA	NA	NA
JBHJCD010000003.1_106	111780	112865	1086	-1	0.652	11	GGA/GAG/AGG	GENOMAD.058649.CP	1.11e-18	91	0	0	0	1	NA	NA	NA	PF03462;COG0216;TIGR00019	PCRF domain
JBHJCD010000003.1_107	112843	114141	1299	-1	0.671	11	None	GENOMAD.079440.CP	1.358e-85	292	0	0	0	1	NA	NA	NA	PF05201;PF01488;K02492;TIGR01035;COG0373	glutamyl-tRNA reductase
JBHJCD010000003.1_108	114207	115895	1689	1	0.693	11	None	GENOMAD.120548.CP	1.016e-270	835	0	0	0	1	NA	NA	NA	COG3898;K09667	Pre-mRNA 3'-end processing (cleavage and polyadenylation) factor
JBHJCD010000003.1_109	115892	116545	654	1	0.713	11	GGA/GAG/AGG	GENOMAD.105767.CP	1.807e-38	145	0	0	0	1	NA	NA	NA	PF03550;K02494;TIGR00548;COG3017	Outer membrane lipoprotein LolB
JBHJCD010000003.1_110	116527	117414	888	1	0.682	11	None	NA	NA	NA	0	0	0	1	NA	NA	NA	NA	NA
JBHJCD010000003.1_111	117660	118619	960	1	0.649	11	GGA/GAG/AGG	NA	NA	NA	0	0	0	1	NA	NA	NA	NA	NA
JBHJCD010000003.1_112	118728	119363	636	1	0.610	11	GGA/GAG/AGG	GENOMAD.059655.CP	7.149e-27	111	0	0	0	1	NA	NA	NA	PF01386;PF14693;TIGR00731;K02897;COG1825	ribosomal protein bL25, Ctc-form
JBHJCD010000003.1_113	119415	119996	582	1	0.639	11	None	GENOMAD.099157.CV	5.49e-60	206	1	0	0	1246	Caudoviricetes	NA	NA	PF01195;K01056;COG0193;TIGR00447	Peptidyl-tRNA hydrolase
JBHJCD010000003.1_114	120074	121165	1092	1	0.628	11	GGA/GAG/AGG	NA	NA	NA	0	0	0	1	NA	NA	NA	NA	NA
JBHJCD010000003.1_115	121664	122854	1191	1	0.634	11	GGA/GAG/AGG	NA	NA	NA	0	0	0	1	NA	NA	NA	NA	NA
JBHJCD010000003.1_116	123086	123493	408	1	0.583	11	None	GENOMAD.085104.CV	6.794e-72	237	0	0	0	1	NA	NA	NA	PF00584;TIGR00964;COG0690	preprotein translocase, SecE subunit, bacterial
JBHJCD010000003.1_117	123507	124064	558	1	0.602	11	AGGAG	GENOMAD.116512.CV	6.882e-26	107	0	0	0	1246	Caudoviricetes	NA	NA	PF02357;PF00467;K02601;TIGR00922;COG0250	transcription termination/antitermination factor NusG
JBHJCD010000003.1_118	124263	124691	429	1	0.615	11	GGAG/GAGG	NA	NA	NA	0	0	0	1	NA	NA	NA	NA	NA
JBHJCD010000003.1_119	124695	125393	699	1	0.649	11	GGAGG	NA	NA	NA	0	0	0	1	NA	NA	NA	NA	NA
JBHJCD010000003.1_120	125936	126469	534	1	0.639	11	GGAGG	GENOMAD.081842.CV	1.232e-24	103	1	0	0	1	NA	NA	NA	PF00466;K02864;COG0244	Ribosomal protein L10
JBHJCD010000003.1_121	126524	126889	366	1	0.598	11	GGA/GAG/AGG	GENOMAD.114551.CV	1.217e-26	106	1	0	0	1246	Caudoviricetes	NA	NA	PF16320;PF00542;COG0222;TIGR00855	Ribosomal protein L7/L12
JBHJCD010000003.1_122	127181	131332	4152	1	0.625	11	GGA/GAG/AGG	GENOMAD.061759.CV	1.468e-38	161	1	0	0	1	NA	NA	NA	PF04563;K03043;TIGR02013;COG0085	DNA-directed RNA polymerase, beta subunit
JBHJCD010000003.1_123	131433	135647	4215	1	0.633	11	GGAG/GAGG	GENOMAD.052211.CC	1.146e-30	135	0	0	0	1	NA	NA	NA	PF21668	DNA-directed RNA polymerase subunit beta', hybrid domain
JBHJCD010000003.1_124	135866	136240	375	1	0.624	11	None	NA	NA	NA	0	0	0	1	NA	NA	NA	NA	NA
JBHJCD010000003.1_125	136253	136720	468	1	0.583	11	AGGA	GENOMAD.031610.CC	1.187e-50	177	1	0	0	1	NA	NA	NA	PF00177;K02992;COG0049;TIGR01029	Ribosomal protein S7
JBHJCD010000003.1_126	136858	138975	2118	1	0.619	11	GGAG/GAGG	NA	NA	NA	0	0	0	1	NA	NA	NA	NA	NA
JBHJCD010000003.1_127	139024	140214	1191	1	0.633	11	GGAG/GAGG	NA	NA	NA	0	0	0	1	NA	NA	NA	NA	NA
JBHJCD010000003.1_128	140502	141176	675	-1	0.625	11	GGA/GAG/AGG	NA	NA	NA	0	0	0	1	NA	NA	NA	NA	NA
JBHJCD010000003.1_129	141906	142016	111	-1	0.550	11	GGA/GAG/AGG	NA	NA	NA	0	0	0	1	NA	NA	NA	NA	NA
JBHJCD010000003.1_130	142184	142519	336	1	0.583	11	AGGA	GENOMAD.059523.CP	2.496e-06	47	1	0	0	1	NA	NA	NA	PF00338;COG0051;TIGR01049	Ribosomal protein S10p/S20e
JBHJCD010000003.1_131	142531	143181	651	1	0.630	11	GGAG/GAGG	GENOMAD.057410.CP	8.978e-26	108	1	0	0	1	NA	NA	NA	TIGR03625;COG0087	50S ribosomal protein uL3, bacterial form
JBHJCD010000003.1_132	143194	143799	606	1	0.609	11	AGGAG	GENOMAD.060214.CV	1.046e-27	113	1	0	0	1	NA	NA	NA	PF00573;COG0088;K02926;TIGR03953	Ribosomal protein L4
JBHJCD010000003.1_133	143796	144095	300	1	0.567	11	AGGAG	GENOMAD.058867.CV	2.788e-24	98	1	0	0	1	NA	NA	NA	PF00276;COG0089;TIGR03636;K02892	Ribosomal protein L23
JBHJCD010000003.1_134	144106	144933	828	1	0.644	11	GGAG/GAGG	GENOMAD.058738.CV	1.958e-65	226	1	0	0	1	NA	NA	NA	PF03947;TIGR01171;COG0090	ribosomal protein L2, bacterial/organellar
JBHJCD010000003.1_135	144940	145209	270	1	0.570	11	GGA/GAG/AGG	GENOMAD.058748.CV	3.31e-41	146	1	0	0	1	NA	NA	NA	PF00203;K02965;COG0185;TIGR01050	Ribosomal protein S19
JBHJCD010000003.1_136	145222	145557	336	1	0.604	11	AGGAG	GENOMAD.058918.CV	5.748e-38	138	1	0	0	1	NA	NA	NA	PF00237;K02890;COG0091;TIGR01044	Ribosomal protein L22
JBHJCD010000003.1_137	145575	146309	735	1	0.611	11	AGGA	GENOMAD.000002.CC	2.473e-47	172	1	0	0	1	NA	NA	NA	PF05316;K02982;TIGR01009;COG0092	ribosomal protein S3, bacterial type
JBHJCD010000003.1_138	146315	146728	414	1	0.618	11	GGAG/GAGG	GENOMAD.061469.CV	7.329e-64	214	1	0	0	1	NA	NA	NA	PF00252;K02878;TIGR01164;COG0197	ribosomal protein L16, bacterial/organelle
JBHJCD010000003.1_139	146728	146913	186	1	0.602	11	GGA/GAG/AGG	GENOMAD.000093.CC	1.118e-09	54	1	0	0	1	NA	NA	NA	PF00831;COG0255;K02904;TIGR00012	Ribosomal protein L29
JBHJCD010000003.1_140	146925	147194	270	1	0.578	11	AGGA	GENOMAD.051620.CP	1.756e-24	98	1	0	0	1	NA	NA	NA	PF00366;TIGR03635;COG0186	ribosomal protein uS17, bacterial form
JBHJCD010000003.1_141	147209	147577	369	1	0.604	11	GGAG/GAGG	GENOMAD.000007.CC	9.663e-54	184	1	0	0	1	NA	NA	NA	PF00238;COG0093;TIGR01067	Ribosomal protein L14
JBHJCD010000003.1_142	147593	147910	318	1	0.613	11	GGAGG	GENOMAD.000028.CC	4.404e-30	115	1	0	0	1	NA	NA	NA	PF17136;PF00467;K02895;TIGR01079;COG0198	ribosomal protein L24, bacterial/organelle
JBHJCD010000003.1_143	147922	148464	543	1	0.575	11	GGAG/GAGG	GENOMAD.000004.CC	5.418e-88	286	1	0	0	1	NA	NA	NA	PF00673;PF00281;K02931;COG0094	Ribosomal protein L5
JBHJCD010000003.1_144	148483	148788	306	1	0.601	11	GGAG/GAGG	GENOMAD.119080.CP	5.13e-19	83	0	0	0	1	NA	NA	NA	PF00253;COG0199	Ribosomal protein S14
JBHJCD010000003.1_145	148994	149392	399	1	0.589	11	GGA/GAG/AGG	GENOMAD.000019.CC	1.493e-37	138	1	0	0	1	NA	NA	NA	PF00410;K02994;COG0096	Ribosomal protein S8
JBHJCD010000003.1_146	149408	149935	528	1	0.634	11	AGGA	GENOMAD.000001.CC	3.628e-56	194	1	0	0	1	NA	NA	NA	PF00347;K02933;TIGR03654;COG0097	ribosomal protein L6, bacterial type
JBHJCD010000003.1_147	150027	150386	360	1	0.636	11	AGGA	GENOMAD.076560.CV	3.366e-31	119	1	0	0	1	NA	NA	NA	PF00861;TIGR00060;COG0256;K02881	Ribosomal L18 of archaea, bacteria, mitoch. and chloroplast
JBHJCD010000003.1_148	150546	151088	543	1	0.624	11	AGGA	GENOMAD.000010.CC	3.001e-43	157	1	0	0	1	NA	NA	NA	PF00333;PF03719;TIGR01021;COG0098	ribosomal protein S5, bacterial/organelle type
JBHJCD010000003.1_149	151081	151272	192	1	0.583	11	GGAGG	GENOMAD.000237.CC	3.544e-07	47	0	0	0	1	NA	NA	NA	PF00327;TIGR01308;COG1841	ribosomal protein L30, bacterial/organelle
JBHJCD010000003.1_150	151277	151720	444	1	0.649	11	AGGAG	GENOMAD.000024.CC	3.604e-26	106	1	0	0	1	NA	NA	NA	PF00828;TIGR01071;K02876;COG0200	ribosomal protein L15, bacterial/organelle
JBHJCD010000003.1_151	151728	153092	1365	1	0.623	11	AGGAG	NA	NA	NA	0	0	0	1	NA	NA	NA	NA	NA
JBHJCD010000003.1_152	153425	153781	357	1	0.622	11	GGAG/GAGG	GENOMAD.000014.CC	3.938e-37	136	1	0	0	1	NA	NA	NA	PF00416;COG0099;TIGR03631;K02964	Ribosomal protein S13
JBHJCD010000003.1_153	153792	154184	393	1	0.621	11	GGA/GAG/AGG	GENOMAD.000013.CC	1.888e-50	175	1	0	0	1	NA	NA	NA	PF00411;K02948;COG0100;TIGR03628	Ribosomal protein S11
JBHJCD010000003.1_154	154200	154826	627	1	0.606	11	GGAG/GAGG	GENOMAD.079740.CV	7.36e-25	105	1	0	0	1246	Caudoviricetes	NA	NA	PF00163;K02986;TIGR01017;COG0522	Ribosomal protein S4/S9 N-terminal domain
JBHJCD010000003.1_155	154880	155878	999	1	0.620	11	AGGAG	GENOMAD.000031.CC	2.697e-79	269	1	0	0	1	NA	NA	NA	PF01193;K03040;TIGR02027;COG0202	DNA-directed RNA polymerase, alpha subunit, bacterial and chloroplast-type
JBHJCD010000003.1_156	156059	156442	384	1	0.651	11	AGGA	GENOMAD.000035.CC	3.616e-42	151	1	0	0	1	NA	NA	NA	PF01196;COG0203;TIGR00059	Ribosomal protein L17
JBHJCD010000003.1_157	156883	157401	519	1	0.628	11	GGA/GAG/AGG	GENOMAD.151766.CP	5.024e-24	101	0	0	0	1	NA	NA	NA	PF02600;K03611;COG1495	Disulfide bond formation protein DsbB
JBHJCD010000003.1_158	157907	160030	2124	-1	0.635	11	None	GENOMAD.140349.CP	1.015e-210	669	0	0	0	1	NA	NA	NA	PF14905;TIGR01783;COG4206;K16089	TonB-dependent siderophore receptor
JBHJCD010000003.1_159	160067	160252	186	-1	0.624	11	GGA/GAG/AGG	NA	NA	NA	0	0	0	1	NA	NA	NA	NA	NA
JBHJCD010000003.1_160	160277	161674	1398	1	0.642	11	AGGAG	NA	NA	NA	0	0	0	1	NA	NA	NA	NA	NA
JBHJCD010000003.1_161	161760	162887	1128	1	0.645	11	AGGAG	GENOMAD.132666.CP	2.865e-67	236	0	0	0	1	NA	NA	NA	COG0668;K03442	Small-conductance mechanosensitive channel
JBHJCD010000003.1_162	163128	164792	1665	-1	0.680	11	GGA/GAG/AGG	NA	NA	NA	0	0	0	1	NA	NA	NA	NA	NA
JBHJCD010000003.1_163	164882	165352	471	-1	0.669	11	GGA/GAG/AGG	GENOMAD.207570.CP	1.046e-26	108	0	0	0	1	NA	NA	NA	PF09900;COG4331	Uncharacterized membrane protein, DUF2068 family
JBHJCD010000003.1_164	165369	167198	1830	-1	0.633	11	GGA/GAG/AGG	NA	NA	NA	0	0	0	1	NA	NA	NA	NA	NA
JBHJCD010000003.1_165	167440	167934	495	1	0.655	11	AGGA	NA	NA	NA	0	0	0	1	NA	NA	NA	NA	NA
JBHJCD010000003.1_166	168052	169038	987	1	0.643	11	GGAG/GAGG	NA	NA	NA	0	0	0	1	NA	NA	NA	NA	NA
JBHJCD010000003.1_167	169123	169737	615	-1	0.610	11	None	NA	NA	NA	0	0	0	1	NA	NA	NA	NA	NA
JBHJCD010000003.1_168	170146	170607	462	-1	0.617	11	AGGAG	NA	NA	NA	0	0	0	1	NA	NA	NA	NA	NA
JBHJCD010000003.1_169	171959	173998	2040	-1	0.663	11	None	NA	NA	NA	0	0	0	1	NA	NA	NA	NA	NA
JBHJCD010000003.1_170	174202	174570	369	-1	0.667	11	None	NA	NA	NA	0	0	0	1	NA	NA	NA	NA	NA
JBHJCD010000003.1_171	174589	175224	636	-1	0.648	11	GGAG/GAGG	GENOMAD.147577.CP	2.471e-05	47	0	0	0	1	NA	NA	NA	PF16912;TIGR02197;K05886;COG1090	Glucose dehydrogenase C-terminus
JBHJCD010000003.1_172	175640	176737	1098	1	0.627	11	AGGAG	GENOMAD.032134.CC	1.977e-137	439	0	0	0	1	NA	NA	NA	PF05736;COG3047;TIGR04565;K16078	Outer membrane protein W
JBHJCD010000003.1_173	176930	177445	516	1	0.682	11	GGA/GAG/AGG	NA	NA	NA	0	0	0	1	NA	NA	NA	NA	NA
JBHJCD010000003.1_174	177531	178325	795	1	0.688	11	AGGA/GGAG/GAGG	GENOMAD.106866.CP	9.117e-19	89	0	0	0	1246	Caudoviricetes	NA	NA	COG1187	16S rRNA U516 pseudouridylate synthase RsuA and related 23S rRNA U2605, pseudouridylate synthases
JBHJCD010000003.1_175	178276	178668	393	-1	0.725	11	None	NA	NA	NA	0	0	0	1	NA	NA	NA	NA	NA
JBHJCD010000003.1_176	178671	179879	1209	-1	0.641	11	None	NA	NA	NA	0	0	0	1	NA	NA	NA	NA	NA
JBHJCD010000003.1_177	179970	181067	1098	1	0.648	11	GGAG/GAGG	GENOMAD.154793.CP	1.377e-132	425	0	0	0	1	NA	NA	NA	PF13531;K02048;TIGR00971;COG1613	sulfate/thiosulfate-binding protein
JBHJCD010000003.1_178	181122	181931	810	1	0.664	11	None	GENOMAD.116612.CP	3.597e-10	63	0	0	0	1	NA	NA	NA	PF00528;K02063;TIGR01253;COG1178	thiamine ABC transporter, permease protein
JBHJCD010000003.1_179	181928	182881	954	1	0.634	11	GGAGG	NA	NA	NA	0	0	0	1	NA	NA	NA	NA	NA
JBHJCD010000003.1_180	182889	183920	1032	1	0.673	11	GGAG/GAGG	NA	NA	NA	0	0	0	1	NA	NA	NA	NA	NA
JBHJCD010000003.1_181	184198	184914	717	1	0.587	11	AGGAG	NA	NA	NA	0	0	0	1	NA	NA	NA	NA	NA
JBHJCD010000003.1_182	185577	186611	1035	-1	0.633	11	GGA/GAG/AGG	NA	NA	NA	0	0	0	1	NA	NA	NA	NA	NA
JBHJCD010000003.1_183	186889	189222	2334	-1	0.632	11	AGGA	GENOMAD.178349.CP	2.219e-125	423	0	0	0	1	NA	NA	NA	COG4773;K16091	Outer membrane receptor for ferric coprogen and ferric-rhodotorulic acid
JBHJCD010000003.1_184	189419	191518	2100	1	0.668	11	GGA/GAG/AGG	NA	NA	NA	0	0	0	1	NA	NA	NA	NA	NA
JBHJCD010000003.1_185	192165	193145	981	1	0.623	11	GGAG/GAGG	NA	NA	NA	0	0	0	1	NA	NA	NA	NA	NA
JBHJCD010000003.1_186	193631	193981	351	1	0.632	11	GGA/GAG/AGG	NA	NA	NA	0	0	0	1	NA	NA	NA	NA	NA
JBHJCD010000003.1_187	194072	194716	645	1	0.656	11	AGGA/GGAG/GAGG	GENOMAD.119230.CP	5.426e-05	46	0	0	0	1	NA	NA	NA	PF00300;TIGR03848;K15634;COG0406	probable phosphomutase, MSMEG_4193 family
JBHJCD010000003.1_188	195046	196344	1299	1	0.684	11	None	GENOMAD.110250.CP	8.218e-38	151	0	0	0	1	NA	NA	NA	PF08245;PF02875;K11754;TIGR01499;COG0285	folylpolyglutamate synthase/dihydrofolate synthase
JBHJCD010000003.1_189	196412	197479	1068	1	0.707	11	None	GENOMAD.001067.CC	1.106e-06	53	0	0	0	1	NA	NA	NA	PF05036	SPOR domain
JBHJCD010000003.1_190	197693	198439	747	1	0.665	11	GGAG/GAGG	GENOMAD.087219.CP	2.517e-68	233	0	0	0	1	NA	NA	NA	K03558;COG1286	Uncharacterized membrane protein, required for colicin V production
JBHJCD010000003.1_191	198470	199936	1467	1	0.646	11	GGAG/GAGG	NA	NA	NA	0	0	0	1	NA	NA	NA	NA	NA
JBHJCD010000003.1_192	200090	200956	867	1	0.677	11	None	GENOMAD.109682.CP	3.518e-64	223	0	0	0	1	NA	NA	NA	PF04305;COG2833;TIGR04059	Uncharacterized conserved protein, contains ferritin-like DUF455 domain
JBHJCD010000003.1_193	201527	202780	1254	1	0.648	11	AGGAG	NA	NA	NA	0	0	0	1	NA	NA	NA	NA	NA
JBHJCD010000003.1_194	202915	203334	420	1	0.676	11	GGAG/GAGG	NA	NA	NA	0	0	0	1	NA	NA	NA	NA	NA
JBHJCD010000003.1_195	203517	204260	744	-1	0.664	11	None	GENOMAD.000748.CC	1.572e-44	164	0	0	0	1	NA	NA	NA	PF04042;K03269;TIGR01854;COG2908	UDP-2,3-diacylglucosamine diphosphatase
JBHJCD010000003.1_196	204776	205318	543	-1	0.659	11	GGxGG	GENOMAD.142094.CP	6.73e-10	60	0	0	0	1	NA	NA	NA	PF19279;PF00781;PF01569;TIGR03702;K07029;COG1597	lipid kinase YegS
JBHJCD010000003.1_197	205299	206435	1137	-1	0.662	11	GGAG/GAGG	NA	NA	NA	0	0	0	1	NA	NA	NA	NA	NA
JBHJCD010000003.1_198	206659	208185	1527	-1	0.655	11	None	GENOMAD.105891.CP	3.615e-99	335	0	0	0	1	NA	NA	NA	PF02541;COG0248;K01524;TIGR03706	Exopolyphosphatase/pppGpp-phosphohydrolase
JBHJCD010000003.1_199	208358	210460	2103	-1	0.645	11	None	NA	NA	NA	0	0	0	1	NA	NA	NA	NA	NA
JBHJCD010000003.1_200	210573	211901	1329	-1	0.674	11	None	GENOMAD.003036.CC	1.092e-12	73	0	0	0	1	NA	NA	NA	PF11808	Phosphate regulon sensor protein PhoR
JBHJCD010000003.1_201	211975	212664	690	-1	0.662	11	None	NA	NA	NA	0	0	0	1	NA	NA	NA	NA	NA
JBHJCD010000003.1_202	212847	214553	1707	-1	0.678	11	None	GENOMAD.111480.CP	9.889e-06	51	0	0	0	1	NA	NA	NA	PF01435;K01423;COG4784	Putative Zn-dependent protease
JBHJCD010000003.1_203	214643	214951	309	1	0.654	11	GGAG/GAGG	NA	NA	NA	0	0	0	1	NA	NA	NA	NA	NA
JBHJCD010000003.1_204	214948	215343	396	1	0.667	11	GGxGG	GENOMAD.146284.CP	2.407e-48	169	0	0	0	1	NA	NA	NA	PF02627;TIGR04169;COG0599	alkylhydroperoxidase/carboxymuconolactone decarboxylase family protein
JBHJCD010000003.1_205	215570	216577	1008	1	0.649	11	GGA/GAG/AGG	GENOMAD.152541.CP	3.544e-05	48	0	0	0	1246	Caudoviricetes	NA	NA	PF03971;TIGR00178;COG2838;K00031	Monomeric isocitrate dehydrogenase
JBHJCD010000003.1_206	216711	217472	762	-1	0.634	11	GGAG/GAGG	NA	NA	NA	0	0	0	1	NA	NA	NA	NA	NA
JBHJCD010000003.1_207	218490	219758	1269	-1	0.660	11	None	NA	NA	NA	0	0	0	1	NA	NA	NA	NA	NA
JBHJCD010000003.1_208	220292	221584	1293	1	0.656	11	AGGAG	GENOMAD.116598.CV	2.973e-30	128	0	0	0	1246	Caudoviricetes	NA	NA	PF05697;K03545;COG0544;TIGR00115	FKBP-type peptidyl-prolyl cis-trans isomerase (trigger factor)
JBHJCD010000003.1_209	221677	222303	627	1	0.627	11	GGA/GAG/AGG	GENOMAD.092312.VV	0.0001055	45	0	0	0	1246	Caudoviricetes	NA	NA	NA	NA
JBHJCD010000003.1_210	222429	223715	1287	1	0.608	11	None	GENOMAD.143062.VC	0.0004498	45	0	0	0	1	NA	NA	NA	PF06689;TIGR00382	endopeptidase Clp ATP-binding regulatory subunit (clpX)
JBHJCD010000003.1_211	223860	226331	2472	1	0.635	11	GGAG/GAGG	GENOMAD.030096.VV	1.106e-10	68	0	0	0	3505	Mimiviridae	NA	NA	PF09159	Mitochondrial resolvase Ydc2 / RNA splicing MRS1
JBHJCD010000003.1_212	226545	226817	273	1	0.571	11	GGAG/GAGG	NA	NA	NA	0	0	0	1	NA	NA	NA	NA	NA
JBHJCD010000003.1_213	227458	229428	1971	1	0.648	11	None	GENOMAD.116255.CP	5.638e-61	227	0	0	0	1	NA	NA	NA	PF13623;PF13145;K03770;TIGR04142;COG0760	putative peptidyl-prolyl cis-trans isomerase, LIC12922 family
JBHJCD010000003.1_214	230112	231290	1179	-1	0.671	11	None	NA	NA	NA	0	0	0	1	NA	NA	NA	NA	NA
JBHJCD010000003.1_215	231464	231661	198	1	0.631	11	AGGA	NA	NA	NA	0	0	0	1	NA	NA	NA	NA	NA
JBHJCD010000003.1_216	231713	232723	1011	1	0.701	11	None	GENOMAD.002432.CC	1.501e-56	203	0	0	0	1	NA	NA	NA	PF06859;COG4627	Predicted SAM-depedendent methyltransferase
JBHJCD010000003.1_217	232751	233203	453	1	0.634	11	GGA/GAG/AGG	NA	NA	NA	0	0	0	1	NA	NA	NA	NA	NA
JBHJCD010000003.1_218	233212	233946	735	1	0.641	11	GGA/GAG/AGG	NA	NA	NA	0	0	0	1	NA	NA	NA	NA	NA
JBHJCD010000003.1_219	233988	234692	705	-1	0.670	11	None	NA	NA	NA	0	0	0	1	NA	NA	NA	NA	NA
JBHJCD010000003.1_220	235249	236550	1302	1	0.502	11	None	NA	NA	NA	0	0	0	1	NA	NA	NA	NA	NA
JBHJCD010000003.1_221	237381	237665	285	-1	0.558	11	AGGAG	NA	NA	NA	0	0	0	1	NA	NA	NA	NA	NA
JBHJCD010000003.1_222	237691	238077	387	1	0.571	11	None	NA	NA	NA	0	0	0	1	NA	NA	NA	NA	NA
JBHJCD010000003.1_223	238090	238596	507	1	0.535	11	None	NA	NA	NA	0	0	0	1	NA	NA	NA	NA	NA
JBHJCD010000003.1_224	239752	241125	1374	-1	0.483	11	None	NA	NA	NA	0	0	0	1	NA	NA	NA	NA	NA
JBHJCD010000003.1_225	241988	242179	192	1	0.385	11	GGA/GAG/AGG	NA	NA	NA	0	0	0	1	NA	NA	NA	NA	NA
JBHJCD010000003.1_226	243180	243920	741	-1	0.553	11	AGGA	NA	NA	NA	0	0	0	1	NA	NA	NA	NA	NA
JBHJCD010000003.1_227	244160	244393	234	1	0.581	11	AGGA	NA	NA	NA	0	0	0	1	NA	NA	NA	NA	NA
JBHJCD010000003.1_228	244778	245182	405	1	0.605	11	GGAGG	NA	NA	NA	0	0	0	1	NA	NA	NA	NA	NA
JBHJCD010000003.1_229	245394	246443	1050	-1	0.678	11	GGA/GAG/AGG	NA	NA	NA	0	0	0	1	NA	NA	NA	NA	NA
JBHJCD010000003.1_230	246464	247213	750	1	0.676	11	None	GENOMAD.005386.CC	2.256e-40	152	0	0	0	1	NA	NA	NA	PF06293;K11211;TIGR00938;COG3231	Lipopolysaccharide kinase (Kdo/WaaP) family
JBHJCD010000003.1_231	247213	247962	750	1	0.672	11	None	NA	NA	NA	0	0	0	1	NA	NA	NA	NA	NA
JBHJCD010000003.1_232	247962	248993	1032	1	0.667	11	None	GENOMAD.126387.CP	2.423e-30	126	0	0	0	1	NA	NA	NA	PF06463	Molybdenum Cofactor Synthesis C
JBHJCD010000003.1_233	248990	249370	381	1	0.654	11	None	NA	NA	NA	0	0	0	1	NA	NA	NA	NA	NA
JBHJCD010000003.1_234	249395	249892	498	1	0.643	11	None	NA	NA	NA	0	0	0	1	NA	NA	NA	NA	NA
JBHJCD010000003.1_235	249889	250134	246	1	0.671	11	GGAG/GAGG	GENOMAD.133117.CP	2.304e-33	123	0	0	0	1	NA	NA	NA	PF14451;K21142;TIGR01682;COG1977	molybdopterin converting factor, subunit 1, non-archaeal
JBHJCD010000003.1_236	250137	250577	441	1	0.660	11	GGAGG	GENOMAD.118707.CP	1.68e-16	78	0	0	0	1	NA	NA	NA	PF02391;PF19842;COG0314;K03635;TIGR00176	Molybdopterin synthase catalytic subunit
JBHJCD010000003.1_237	251998	252120	123	-1	0.439	11	GGA/GAG/AGG	NA	NA	NA	0	0	0	1	NA	NA	NA	NA	NA
JBHJCD010000003.1_238	252451	252666	216	1	0.481	11	GGAG/GAGG	NA	NA	NA	0	0	0	1	NA	NA	NA	NA	NA
JBHJCD010000003.1_239	252655	253596	942	-1	0.517	11	None	GENOMAD.064510.VV	1.234e-22	102	0	0	0	1246	Caudoviricetes	NA	NA	PF09225;PF01555;K24451;COG0863	Restriction endonuclease PvuII; DNA methylase
JBHJCD010000003.1_240	253767	254147	381	-1	0.598	11	AGGAG/GGAGG	NA	NA	NA	0	0	0	1	NA	NA	NA	NA	NA
JBHJCD010000003.1_241	254144	254455	312	-1	0.635	11	None	NA	NA	NA	0	0	0	1	NA	NA	NA	NA	NA
JBHJCD010000004.1_1	3	251	249	-1	0.711	11	None	NA	NA	NA	0	0	0	1	NA	NA	NA	NA	NA
JBHJCD010000004.1_2	450	881	432	1	0.604	11	None	GENOMAD.105714.CP	9.507e-31	119	0	0	0	1	NA	NA	NA	PF02620;COG1399	Uncharacterized metal-binding protein YceD, DUF177 family
JBHJCD010000004.1_3	979	1173	195	1	0.636	11	GGAG/GAGG	GENOMAD.118796.CP	8.408e-28	106	0	0	0	1	NA	NA	NA	PF01783;COG0333;TIGR01031	Ribosomal protein L32
JBHJCD010000004.1_4	1264	2241	978	1	0.627	11	GGA/GAG/AGG	NA	NA	NA	0	0	0	1	NA	NA	NA	NA	NA
JBHJCD010000004.1_5	2489	2929	441	1	0.639	11	None	GENOMAD.181229.CP	6.535e-53	183	0	0	0	1	NA	NA	NA	PF08670;TIGR02938	MEKHLA domain
JBHJCD010000004.1_6	3218	4162	945	1	0.690	11	GGA/GAG/AGG	NA	NA	NA	0	0	0	1	NA	NA	NA	NA	NA
JBHJCD010000004.1_7	4245	4988	744	1	0.655	11	GGAG/GAGG	NA	NA	NA	0	0	0	1	NA	NA	NA	NA	NA
JBHJCD010000004.1_8	5193	5432	240	1	0.575	11	AGGA/GGAG/GAGG	NA	NA	NA	0	0	0	1	NA	NA	NA	NA	NA
JBHJCD010000004.1_9	5574	6809	1236	1	0.637	11	AGGAG	NA	NA	NA	0	0	0	1	NA	NA	NA	NA	NA
JBHJCD010000004.1_10	6977	8332	1356	1	0.694	11	None	GENOMAD.114697.CP	7.655e-15	80	0	0	0	1	NA	NA	NA	PF00425;K02552;COG1169;TIGR03494	Isochorismate synthase EntC
JBHJCD010000004.1_11	8399	9466	1068	1	0.678	11	GGAG/GAGG	GENOMAD.105361.CP	1.229e-12	72	0	0	0	1	NA	NA	NA	NA	NA
JBHJCD010000004.1_12	9463	10422	960	1	0.688	11	GGAG/GAGG	NA	NA	NA	0	0	0	1	NA	NA	NA	NA	NA
JBHJCD010000004.1_13	10419	10772	354	1	0.647	11	GGA/GAG/AGG	GENOMAD.108686.CP	1.689e-37	137	0	0	0	1	NA	NA	NA	PF16823;K02676;COG3215;TIGR02266	Tfp pilus assembly protein PilZ
JBHJCD010000004.1_14	11859	12185	327	1	0.606	11	GGAG/GAGG	GENOMAD.112646.PP	4.485e-55	187	0	0	0	1	NA	B_traH	NA	PF12992;TIGR03066;COG4939	Gemmata obscuriglobus paralogous family TIGR03066
JBHJCD010000004.1_15	12414	14063	1650	-1	0.664	11	None	NA	NA	NA	0	0	0	1	NA	NA	NA	NA	NA
JBHJCD010000004.1_16	14162	15058	897	1	0.654	11	AGGA	NA	NA	NA	0	0	0	1	NA	NA	NA	NA	NA
JBHJCD010000004.1_17	15133	16287	1155	1	0.619	11	GGAG/GAGG	GENOMAD.123376.CP	4.939e-10	64	0	0	0	1	NA	NA	NA	PF00285;TIGR01798;COG0372;K01659	citrate synthase I (hexameric type)
JBHJCD010000004.1_18	16447	19041	2595	1	0.644	11	None	NA	NA	NA	0	0	0	1	NA	NA	NA	NA	NA
JBHJCD010000004.1_19	19051	19608	558	1	0.622	11	GGA/GAG/AGG	GENOMAD.154834.CP	3.605e-07	52	0	0	0	1	NA	NA	NA	PF10469;K01975;TIGR02258;COG1514	2'-5' RNA ligase
JBHJCD010000004.1_20	19722	20921	1200	1	0.659	11	AGGA	NA	NA	NA	0	0	0	1	NA	NA	NA	NA	NA
JBHJCD010000004.1_21	21437	23653	2217	1	0.645	11	GGAG/GAGG	GENOMAD.129297.CP	7.565e-17	88	0	0	0	1	NA	NA	NA	K15721;COG4773	Outer membrane receptor for ferric coprogen and ferric-rhodotorulic acid
JBHJCD010000004.1_22	23731	24735	1005	1	0.665	11	AGGAG	NA	NA	NA	0	0	0	1	NA	NA	NA	NA	NA
JBHJCD010000004.1_23	25256	30154	4899	1	0.664	11	GGA/GAG/AGG	GENOMAD.145722.CP	4.439e-116	415	0	0	0	1	NA	NA	NA	PF07678;PF17973;PF17972;PF17962;PF11974;PF01835;PF00207;PF17970;K06894;COG2373	Uncharacterized conserved protein YfaS, alpha-2-macroglobulin family
JBHJCD010000004.1_24	30789	33482	2694	1	0.625	11	None	GENOMAD.152082.CP	3.806e-26	119	0	0	0	1	NA	NA	NA	PF00593;PF07715;PF00691;TIGR01782;COG4773;K16089	TonB-dependent receptor
JBHJCD010000004.1_25	33625	34572	948	1	0.648	11	GGAG/GAGG	GENOMAD.216117.PC	1.4e-10	65	0	0	0	1	NA	NA	NA	PF16387	NA
JBHJCD010000004.1_26	34993	37383	2391	1	0.669	11	GGA/GAG/AGG	NA	NA	NA	0	0	0	1	NA	NA	NA	NA	NA
JBHJCD010000004.1_27	37732	38292	561	-1	0.599	11	AGGA/GGAG/GAGG	GENOMAD.012059.CC	7.787e-06	48	0	0	0	1	NA	NA	NA	PF12902;PF09537;K03594;TIGR00754;COG0783	bacterioferritin
JBHJCD010000004.1_28	38332	38712	381	-1	0.635	11	GGA/GAG/AGG	GENOMAD.104113.VV	0.0004545	41	0	0	0	1246	Caudoviricetes	NA	NA	K24136	NA
JBHJCD010000004.1_29	38713	38814	102	-1	0.608	11	AGGAG	NA	NA	NA	0	0	0	1	NA	NA	NA	NA	NA
JBHJCD010000004.1_30	38977	39453	477	1	0.623	11	GGAGG	NA	NA	NA	0	0	0	1	NA	NA	NA	NA	NA
JBHJCD010000004.1_31	39867	40766	900	1	0.678	11	GGAG/GAGG	GENOMAD.092059.VV	2.931e-12	70	0	0	0	1246	Caudoviricetes	NA	NA	PF00226;K05516;TIGR02349;COG0484	chaperone protein DnaJ
JBHJCD010000004.1_32	41264	41650	387	1	0.628	11	GGA/GAG/AGG	NA	NA	NA	0	0	0	1	NA	NA	NA	NA	NA
JBHJCD010000004.1_33	42330	43457	1128	1	0.673	11	GGAG/GAGG	GENOMAD.151838.CP	2.127e-05	49	0	0	0	1	NA	NA	NA	PF13421;K04088;TIGR01932;COG0330	HflC protein
JBHJCD010000004.1_34	43457	44320	864	1	0.633	11	GGAG/GAGG	NA	NA	NA	0	0	0	1	NA	NA	NA	NA	NA
JBHJCD010000004.1_35	45568	46860	1293	1	0.659	11	AGGAG	NA	NA	NA	0	0	0	1	NA	NA	NA	NA	NA
JBHJCD010000004.1_36	47236	49908	2673	1	0.646	11	AGGA	NA	NA	NA	0	0	0	1	NA	NA	NA	NA	NA
JBHJCD010000004.1_37	50165	50317	153	-1	0.621	11	None	NA	NA	NA	0	0	0	1	NA	NA	NA	NA	NA
JBHJCD010000004.1_38	50629	51342	714	-1	0.683	11	GGAG/GAGG	NA	NA	NA	0	0	0	1	NA	NA	NA	NA	NA
JBHJCD010000004.1_39	51414	52004	591	1	0.709	11	GGA/GAG/AGG	GENOMAD.141836.CP	7.565e-18	84	0	0	0	1	NA	NA	NA	PF16925;PF13022;PF00083;K19335;TIGR03384;COG3226	transcriptional repressor BetI
JBHJCD010000004.1_40	52366	53412	1047	1	0.601	11	None	NA	NA	NA	0	0	0	1	NA	NA	NA	NA	NA
JBHJCD010000004.1_41	53578	54495	918	1	0.598	11	GGAG/GAGG	NA	NA	NA	0	0	0	1	NA	NA	NA	NA	NA
JBHJCD010000004.1_42	54516	56180	1665	1	0.627	11	GGAG/GAGG	NA	NA	NA	0	0	0	1	NA	NA	NA	NA	NA
JBHJCD010000004.1_43	56307	56837	531	1	0.663	11	GGA/GAG/AGG	NA	NA	NA	0	0	0	1	NA	NA	NA	NA	NA
JBHJCD010000004.1_44	56827	57402	576	1	0.604	11	GGAG/GAGG	GENOMAD.190173.PC	2.164e-23	100	0	0	0	1	NA	NA	NA	PF10706;COG4849	Predicted nucleotidyltransferase
JBHJCD010000004.1_45	57592	57855	264	1	0.652	11	None	NA	NA	NA	0	0	0	1	NA	NA	NA	NA	NA
JBHJCD010000004.1_46	57862	58170	309	1	0.615	11	GGA/GAG/AGG	GENOMAD.151194.PC	5.121e-35	129	0	1	0	1	NA	NA	NA	PF05016;COG3668;K19093;TIGR02385	Plasmid stabilization system protein ParE
JBHJCD010000004.1_47	58211	59101	891	1	0.636	11	GGAG/GAGG	GENOMAD.167997.CP	0.0001173	46	0	0	0	1	NA	NA	NA	PF16561;COG1715	Glycogen recognition site of AMP-activated protein kinase
JBHJCD010000004.1_48	59174	61360	2187	1	0.566	11	GGA/GAG/AGG	NA	NA	NA	0	0	0	1	NA	NA	NA	NA	NA
JBHJCD010000004.1_49	61357	62451	1095	1	0.632	11	AGGA	NA	NA	NA	0	0	0	1	NA	NA	NA	NA	NA
JBHJCD010000004.1_50	62448	63767	1320	1	0.514	11	AGGAG	NA	NA	NA	0	0	0	1	NA	NA	NA	NA	NA
JBHJCD010000004.1_51	63777	66860	3084	1	0.588	11	AGGA	NA	NA	NA	0	0	0	1	NA	NA	NA	NA	NA
JBHJCD010000004.1_52	67160	67426	267	1	0.629	11	AGGAG	NA	NA	NA	0	0	0	1	NA	NA	NA	NA	NA
JBHJCD010000004.1_53	67659	69212	1554	-1	0.638	11	None	NA	NA	NA	0	0	0	1	NA	NA	NA	NA	NA
JBHJCD010000004.1_54	69903	70265	363	1	0.656	11	None	NA	NA	NA	0	0	0	1	NA	NA	NA	NA	NA
JBHJCD010000004.1_55	70329	70958	630	-1	0.640	11	None	NA	NA	NA	0	0	0	1	NA	NA	NA	NA	NA
JBHJCD010000004.1_56	71180	71953	774	1	0.668	11	AGGAG	NA	NA	NA	0	0	0	1	NA	NA	NA	NA	NA
JBHJCD010000004.1_57	71953	72822	870	1	0.706	11	GGAG/GAGG	NA	NA	NA	0	0	0	1	NA	NA	NA	NA	NA
JBHJCD010000004.1_58	73113	74624	1512	1	0.614	11	GGAGG	GENOMAD.153314.CP	8.282e-06	51	0	0	0	1	NA	NA	NA	PF17189	Glycosyl hydrolase family 30 beta sandwich domain
JBHJCD010000004.1_59	74754	76559	1806	-1	0.648	11	None	NA	NA	NA	0	0	0	1	NA	NA	NA	NA	NA
JBHJCD010000004.1_60	76556	77458	903	-1	0.620	11	AGGAG	NA	NA	NA	0	0	0	1	NA	NA	NA	NA	NA
JBHJCD010000004.1_61	77937	80240	2304	-1	0.651	11	GGAG/GAGG	GENOMAD.140646.CP	3.252e-170	554	0	0	0	1246	Caudoviricetes	NA	NA	PF07971;PF17678;TIGR01180;COG3537;K03931	alpha-1,2-mannosidase, putative
JBHJCD010000004.1_62	80658	81638	981	-1	0.655	11	GGAG/GAGG	NA	NA	NA	0	0	0	1	NA	NA	NA	NA	NA
JBHJCD010000004.1_63	81800	82429	630	1	0.683	11	None	NA	NA	NA	0	0	0	1	NA	NA	NA	NA	NA
JBHJCD010000004.1_64	82779	84488	1710	1	0.684	11	None	NA	NA	NA	0	0	0	1	NA	NA	NA	NA	NA
JBHJCD010000004.1_65	84485	84790	306	1	0.667	11	AGGAG/GGAGG	NA	NA	NA	0	0	0	1	NA	NA	NA	NA	NA
JBHJCD010000004.1_66	84994	85740	747	-1	0.649	11	None	NA	NA	NA	0	0	0	1	NA	NA	NA	NA	NA
JBHJCD010000004.1_67	85889	86527	639	1	0.654	11	GGA/GAG/AGG	NA	NA	NA	0	0	0	1	NA	NA	NA	NA	NA
JBHJCD010000004.1_68	86762	89290	2529	1	0.661	11	None	NA	NA	NA	0	0	0	1	NA	NA	NA	NA	NA
JBHJCD010000004.1_69	89710	92007	2298	-1	0.654	11	GGAGG	NA	NA	NA	0	0	0	1	NA	NA	NA	NA	NA
JBHJCD010000004.1_70	92004	93068	1065	-1	0.659	11	GGA/GAG/AGG	GENOMAD.138352.CP	6.547e-34	137	0	0	0	1	NA	NA	NA	PF00941;PF03450;K11178;TIGR03195;COG1319	4-hydroxybenzoyl-CoA reductase, beta subunit
JBHJCD010000004.1_71	93065	93643	579	-1	0.656	11	None	NA	NA	NA	0	0	0	1	NA	NA	NA	NA	NA
JBHJCD010000004.1_72	93941	95260	1320	1	0.668	11	GGAG/GAGG	GENOMAD.158964.CP	1.719e-118	388	0	0	0	1	NA	NA	NA	PF05559;K09003;COG1415	NA
JBHJCD010000004.1_73	95257	95850	594	1	0.641	11	GGA/GAG/AGG	NA	NA	NA	0	0	0	1	NA	NA	NA	NA	NA
JBHJCD010000004.1_74	95913	96257	345	1	0.626	11	GGAGG	GENOMAD.178606.CP	0.0003218	41	0	0	0	1	NA	NA	NA	PF11699;TIGR04366;COG0662;K14673	Mif2/CENP-C like
JBHJCD010000004.1_75	96420	96923	504	1	0.625	11	GGA/GAG/AGG	NA	NA	NA	0	0	0	1	NA	NA	NA	NA	NA
JBHJCD010000004.1_76	97031	97456	426	-1	0.610	11	None	NA	NA	NA	0	0	0	1	NA	NA	NA	NA	NA
JBHJCD010000004.1_77	97465	97686	222	-1	0.617	11	GGA/GAG/AGG	NA	NA	NA	0	0	0	1	NA	NA	NA	NA	NA
JBHJCD010000004.1_78	97836	98441	606	1	0.673	11	None	NA	NA	NA	0	0	0	1	NA	NA	NA	NA	NA
JBHJCD010000004.1_79	98443	98895	453	1	0.687	11	GGA/GAG/AGG	GENOMAD.171994.PC	8e-05	44	0	0	0	1	NA	NA	NA	PF03846;K13053;TIGR00623;COG5404	cell division inhibitor SulA
JBHJCD010000004.1_80	99065	100483	1419	1	0.695	11	GGAG/GAGG	GENOMAD.154735.PC	1.753e-58	214	0	0	0	1	NA	NA	NA	PF00817;K14161;COG0389	Nucleotidyltransferase/DNA polymerase involved in DNA repair
JBHJCD010000004.1_81	100658	103906	3249	1	0.648	11	GGA/GAG/AGG	GENOMAD.161283.VC	2.247e-15	84	0	0	0	1246	Caudoviricetes	NA	NA	PF17657;COG1387	Bacterial DNA polymerase III alpha subunit finger domain
JBHJCD010000004.1_82	103973	105931	1959	1	0.631	11	GGAG/GAGG	GENOMAD.129013.CP	0.0001978	47	0	0	0	1	NA	NA	NA	PF00326;PF00930;K01278;COG1770;TIGR02821	Prolyl oligopeptidase family; Dipeptidyl peptidase IV (DPP IV) N-terminal region
JBHJCD010000004.1_83	106141	106959	819	1	0.663	11	GGAG/GAGG	GENOMAD.090871.CV	0.0008634	43	0	0	0	1246	Caudoviricetes	NA	NA	PF12917;COG3294;TIGR00488;K06951	Metal-dependent phosphatase/phosphodiesterase, HD supefamily
JBHJCD010000004.1_84	107390	109360	1971	1	0.667	11	GGA/GAG/AGG	GENOMAD.091902.CP	7.565e-118	396	0	0	0	1246	Caudoviricetes	NA	NA	COG1297	Uncharacterized membrane protein, oligopeptide transporter (OPT) family
JBHJCD010000004.1_85	110067	110903	837	1	0.651	11	GGA/GAG/AGG	GENOMAD.215399.PC	2.492e-25	109	0	0	0	1	NA	NA	NA	PF13557;COG4313	Putative MetA-pathway of phenol degradation
JBHJCD010000004.1_86	111193	113313	2121	1	0.650	11	GGAG/GAGG	GENOMAD.124220.CP	0.0004415	46	0	0	0	1	NA	NA	NA	PF00326;PF14583;K01278;COG1770;TIGR02821	Protease II
JBHJCD010000004.1_87	113553	113960	408	-1	0.637	11	GGAG/GAGG	NA	NA	NA	0	0	0	1	NA	NA	NA	NA	NA
JBHJCD010000004.1_88	114263	114721	459	1	0.706	11	AGGA	NA	NA	NA	0	0	0	1	NA	NA	NA	NA	NA
JBHJCD010000004.1_89	114853	115578	726	1	0.607	11	None	NA	NA	NA	0	0	0	1	NA	NA	NA	NA	NA
JBHJCD010000004.1_90	116473	118230	1758	1	0.614	11	GGA/GAG/AGG	GENOMAD.062130.PP	2.152e-227	711	0	0	0	1	NA	NA	NA	NA	NA
JBHJCD010000004.1_91	118181	118399	219	1	0.644	11	None	NA	NA	NA	0	0	0	1	NA	NA	NA	NA	NA
JBHJCD010000004.1_92	118451	118726	276	-1	0.670	11	None	NA	NA	NA	0	0	0	1	NA	NA	NA	NA	NA
JBHJCD010000004.1_93	118723	119391	669	-1	0.604	11	None	NA	NA	NA	0	0	0	1	NA	NA	NA	NA	NA
JBHJCD010000004.1_94	119388	120035	648	-1	0.583	11	None	NA	NA	NA	0	0	0	1	NA	NA	NA	NA	NA
JBHJCD010000004.1_95	120758	122866	2109	-1	0.626	11	GGAG/GAGG	NA	NA	NA	0	0	0	1	NA	NA	NA	NA	NA
JBHJCD010000004.1_96	123074	123928	855	-1	0.651	11	AGGA	NA	NA	NA	0	0	0	1	NA	NA	NA	NA	NA
JBHJCD010000004.1_97	123986	125620	1635	-1	0.673	11	None	GENOMAD.178810.CP	6.903e-25	113	0	0	0	1	NA	NA	NA	PF19465;PF00135;K01753;TIGR02035;COG3048	D-serine ammonia-lyase
JBHJCD010000004.1_98	125799	128663	2865	-1	0.661	11	GGA/GAG/AGG	NA	NA	NA	0	0	0	1	NA	NA	NA	NA	NA
JBHJCD010000004.1_99	129130	129309	180	-1	0.656	11	GGAG/GAGG	NA	NA	NA	0	0	0	1	NA	NA	NA	NA	NA
JBHJCD010000004.1_100	129661	130536	876	1	0.676	11	None	GENOMAD.061009.VV	3.556e-21	97	0	0	0	1246	Caudoviricetes	NA	NA	PF19798;K13472;COG4424	Sulfotransferase domain
JBHJCD010000004.1_101	130625	131863	1239	1	0.703	11	GGxGG	GENOMAD.137385.CP	3.856e-26	115	0	0	0	1	NA	NA	NA	PF00529;K13408;TIGR01843;COG1566	type I secretion membrane fusion protein, HlyD family
JBHJCD010000004.1_102	131860	134016	2157	1	0.661	11	None	NA	NA	NA	0	0	0	1	NA	NA	NA	NA	NA
JBHJCD010000004.1_103	134325	135548	1224	1	0.675	11	None	NA	NA	NA	0	0	0	1	NA	NA	NA	NA	NA
JBHJCD010000004.1_104	135565	135969	405	1	0.691	11	AGGAG	NA	NA	NA	0	0	0	1	NA	NA	NA	NA	NA
JBHJCD010000004.1_105	136453	138471	2019	-1	0.639	11	AGGA	GENOMAD.118842.CP	7.849e-90	314	0	0	0	1	NA	NA	NA	K01283;COG2317	Zn-dependent carboxypeptidase, M32 family
JBHJCD010000004.1_106	138586	140253	1668	-1	0.629	11	GGA/GAG/AGG	NA	NA	NA	0	0	0	1	NA	NA	NA	NA	NA
JBHJCD010000004.1_107	140250	141014	765	-1	0.647	11	GGA/GAG/AGG	NA	NA	NA	0	0	0	1	NA	NA	NA	NA	NA
JBHJCD010000004.1_108	141114	142841	1728	-1	0.688	11	GGA/GAG/AGG	GENOMAD.133902.CP	6.238e-115	384	0	0	0	1	NA	NA	NA	COG1807;K07264	4-amino-4-deoxy-L-arabinose transferase or related glycosyltransferase of PMT family
JBHJCD010000004.1_109	143064	143780	717	1	0.661	11	GGA/GAG/AGG	NA	NA	NA	0	0	0	1	NA	NA	NA	NA	NA
JBHJCD010000004.1_110	143746	145062	1317	1	0.668	11	GGA/GAG/AGG	NA	NA	NA	0	0	0	1	NA	NA	NA	NA	NA
JBHJCD010000004.1_111	145233	145724	492	-1	0.671	11	GGA/GAG/AGG	GENOMAD.020187.CC	1.173e-79	261	0	0	0	1	NA	NA	NA	PF06114	NA
JBHJCD010000004.1_112	145793	146050	258	-1	0.597	11	GGAGG	GENOMAD.147428.CP	2.103e-06	46	0	0	0	1	NA	NA	NA	K03608;COG0851	Septum formation topological specificity factor MinE
JBHJCD010000004.1_113	146053	146862	810	-1	0.637	11	GGAG/GAGG	NA	NA	NA	0	0	0	1	NA	NA	NA	NA	NA
JBHJCD010000004.1_114	146898	147644	747	-1	0.685	11	GGAG/GAGG	GENOMAD.140610.CP	2.856e-36	140	0	0	0	1	NA	NA	NA	K03610;COG0850	Septum formation inhibitor MinC
JBHJCD010000004.1_115	147648	148247	600	-1	0.638	11	GGAG/GAGG	GENOMAD.183713.CV	3.199e-21	94	0	0	0	1	NA	NA	NA	PF12568;K06977;COG3818;TIGR04431	Predicted acetyltransferase, GNAT superfamily
JBHJCD010000004.1_116	148484	149680	1197	1	0.675	11	None	GENOMAD.151958.CP	2.355e-05	49	0	0	0	1	NA	NA	NA	PF07730;K11623;COG3920	Two-component sensor histidine kinase, HisKA and HATPase domains
JBHJCD010000004.1_117	149680	150321	642	1	0.643	11	AGGAG	NA	NA	NA	0	0	0	1	NA	NA	NA	NA	NA
JBHJCD010000004.1_118	150672	151853	1182	1	0.613	11	GGAG/GAGG	GENOMAD.004307.CC	4.333e-187	584	0	0	0	1	NA	NA	NA	PF20603;PF03364;COG4276	Bacterial hydrolase; Polyketide cyclase / dehydrase and lipid transport
JBHJCD010000004.1_119	151950	152321	372	1	0.694	11	GGA/GAG/AGG	GENOMAD.091113.CP	5.544e-52	179	0	0	0	1	NA	NA	NA	PF04241;COG2363	Uncharacterized membrane protein YgdD, TMEM256/DUF423 family
JBHJCD010000004.1_120	152324	152998	675	1	0.677	11	GGAG/GAGG	NA	NA	NA	0	0	0	1	NA	NA	NA	NA	NA
JBHJCD010000004.1_121	153074	153871	798	-1	0.653	11	None	NA	NA	NA	0	0	0	1	NA	NA	NA	NA	NA
JBHJCD010000004.1_122	153998	154180	183	-1	0.574	11	GGA/GAG/AGG	NA	NA	NA	0	0	0	1	NA	NA	NA	NA	NA
JBHJCD010000004.1_123	154177	154461	285	-1	0.656	11	GGA/GAG/AGG	NA	NA	NA	0	0	0	1	NA	NA	NA	NA	NA
JBHJCD010000004.1_124	154618	155487	870	-1	0.632	11	AGGA	NA	NA	NA	0	0	0	1	NA	NA	NA	NA	NA
JBHJCD010000004.1_125	155612	156814	1203	1	0.672	11	GGA/GAG/AGG	NA	NA	NA	0	0	0	1	NA	NA	NA	NA	NA
JBHJCD010000004.1_126	156945	158009	1065	-1	0.544	11	GGA/GAG/AGG	NA	NA	NA	0	0	0	1	NA	NA	NA	NA	NA
JBHJCD010000004.1_127	158026	158640	615	-1	0.502	11	GGA/GAG/AGG	NA	NA	NA	0	0	0	1	NA	NA	NA	NA	NA
JBHJCD010000004.1_128	158896	160128	1233	-1	0.677	11	GGA/GAG/AGG	GENOMAD.191812.CP	1.668e-82	282	0	0	0	1	NA	NA	NA	PF03372;K18353;TIGR03395;COG5239	sphingomyelin phosphodiesterase
JBHJCD010000004.1_129	160181	161095	915	-1	0.675	11	None	GENOMAD.001078.CC	2.712e-65	227	0	0	0	1	NA	NA	NA	PF04377;PF04376;K21420;COG2935	Arginyl-tRNA--protein-N-Asp/Glu arginylyltransferase
JBHJCD010000004.1_130	161136	161726	591	1	0.677	11	AGGAG	GENOMAD.177995.CP	2.039e-06	50	0	0	0	1	NA	NA	NA	PF08976;PF13405;COG5126;K13974	Ca2+-binding protein, EF-hand superfamily
JBHJCD010000004.1_131	161893	162378	486	-1	0.560	11	GGAG/GAGG	NA	NA	NA	0	0	0	1	NA	NA	NA	NA	NA
JBHJCD010000004.1_132	162638	163831	1194	-1	0.680	11	GGA/GAG/AGG	NA	NA	NA	0	0	0	1	NA	NA	NA	NA	NA
JBHJCD010000004.1_133	163941	164453	513	-1	0.661	11	None	NA	NA	NA	0	0	0	1	NA	NA	NA	NA	NA
JBHJCD010000004.1_134	164687	164905	219	-1	0.676	11	None	NA	NA	NA	0	0	0	1	NA	NA	NA	NA	NA
JBHJCD010000004.1_135	164921	165592	672	-1	0.638	11	GGA/GAG/AGG	NA	NA	NA	0	0	0	1	NA	NA	NA	NA	NA
JBHJCD010000004.1_136	165662	166432	771	-1	0.686	11	AGGAG	NA	NA	NA	0	0	0	1	NA	NA	NA	NA	NA
JBHJCD010000004.1_137	166456	166926	471	1	0.658	11	GGAGG	GENOMAD.151097.CP	1.429e-12	67	0	0	0	1	NA	NA	NA	PF04314;COG2847;K11081	Copper chaperone PCu(A)C
JBHJCD010000004.1_138	167040	167444	405	-1	0.620	11	GGA/GAG/AGG	GENOMAD.138033.CP	1.749e-28	112	0	0	0	1	NA	NA	NA	PF13279;K12500;TIGR02799;COG0824	tol-pal system-associated acyl-CoA thioesterase
JBHJCD010000004.1_139	167444	170407	2964	-1	0.647	11	GGA/GAG/AGG	NA	NA	NA	0	0	0	1	NA	NA	NA	NA	NA
JBHJCD010000004.1_140	170700	171020	321	1	0.607	11	AGGA	GENOMAD.080110.CV	3.114e-26	104	1	0	0	1	NA	NA	NA	PF00829;TIGR00061;K02888;COG0261	ribosomal protein L21
JBHJCD010000004.1_141	171033	171293	261	1	0.625	11	AGGAG	GENOMAD.080397.CV	2.647e-34	126	1	0	0	1246	Caudoviricetes	NA	NA	PF01016;COG0211;TIGR00062	Ribosomal protein L27
JBHJCD010000004.1_142	171540	172607	1068	1	0.650	11	None	NA	NA	NA	0	0	0	1	NA	NA	NA	NA	NA
JBHJCD010000004.1_143	172699	172968	270	-1	0.626	11	AGGA	GENOMAD.000079.CC	2.303e-14	69	1	0	0	1	NA	NA	NA	PF01649;COG0268;TIGR00029	Ribosomal protein S20
JBHJCD010000004.1_144	173085	174677	1593	1	0.650	11	GGA/GAG/AGG	GENOMAD.113193.CP	2.597e-40	161	0	0	0	1	NA	NA	NA	PF03023;K03980;TIGR01695;COG0728	murein biosynthesis integral membrane protein MurJ
JBHJCD010000004.1_145	174864	175916	1053	1	0.660	11	GGA/GAG/AGG	NA	NA	NA	0	0	0	1	NA	NA	NA	NA	NA
JBHJCD010000004.1_146	175974	178754	2781	1	0.667	11	GGA/GAG/AGG	NA	NA	NA	0	0	0	1	NA	NA	NA	NA	NA
JBHJCD010000004.1_147	178833	179351	519	1	0.645	11	None	GENOMAD.128855.CP	4.64e-25	104	0	0	0	1	NA	NA	NA	PF01252;COG0597;TIGR00077;K03101	Lipoprotein signal peptidase
JBHJCD010000004.1_148	179418	180368	951	1	0.667	11	None	NA	NA	NA	0	0	0	1	NA	NA	NA	NA	NA
JBHJCD010000004.1_149	180895	181830	936	1	0.604	11	GGA/GAG/AGG	GENOMAD.182403.PC	3.07e-05	48	0	0	0	1	NA	NA	NA	PF06481	COX Aromatic Rich Motif
JBHJCD010000004.1_150	181830	183830	2001	1	0.615	11	GGAG/GAGG	NA	NA	NA	0	0	0	1	NA	NA	NA	NA	NA
JBHJCD010000004.1_151	183827	184459	633	1	0.629	11	None	NA	NA	NA	0	0	0	1	NA	NA	NA	NA	NA
JBHJCD010000004.1_152	184459	184794	336	1	0.598	11	GGAG/GAGG	GENOMAD.170384.CP	1.944e-17	79	0	0	0	1	NA	NA	NA	PF03626;K02300;TIGR02847;COG3125	cytochrome o ubiquinol oxidase subunit IV
JBHJCD010000004.1_153	184963	186843	1881	1	0.633	11	GGAG/GAGG	GENOMAD.124001.CP	2.437e-198	629	0	0	0	1	NA	NA	NA	PF17899;PF01433;PF19805;COG3975;TIGR02411;K01254	Predicted metalloprotease, contains C-terminal PDZ domain
JBHJCD010000004.1_154	187093	188484	1392	1	0.671	11	None	NA	NA	NA	0	0	0	1	NA	NA	NA	NA	NA
JBHJCD010000004.1_155	188895	189281	387	1	0.605	11	AGGAG	NA	NA	NA	0	0	0	1	NA	NA	NA	NA	NA
JBHJCD010000004.1_156	189804	190595	792	-1	0.628	11	GGA/GAG/AGG	NA	NA	NA	0	0	0	1	NA	NA	NA	NA	NA
JBHJCD010000004.1_157	191425	192855	1431	1	0.655	11	GGA/GAG/AGG	NA	NA	NA	0	0	0	1	NA	NA	NA	NA	NA
JBHJCD010000004.1_158	193067	194935	1869	1	0.664	11	None	NA	NA	NA	0	0	0	1	NA	NA	NA	NA	NA
JBHJCD010000004.1_159	194961	197285	2325	1	0.664	11	AGGAG	GENOMAD.194623.CP	0.0	1367	0	0	0	1	NA	NA	NA	PF07079;TIGR03939;COG2956;K11935	poly-beta-1,6 N-acetyl-D-glucosamine export porin PgaA
JBHJCD010000004.1_160	197946	198788	843	1	0.626	11	GGxGG	GENOMAD.138290.CP	1.883e-47	174	0	0	0	1	NA	NA	NA	PF09385;PF01740;K17762;COG5439;TIGR02886	anti-sigma F factor antagonist
JBHJCD010000004.1_161	198790	199152	363	1	0.631	11	GGA/GAG/AGG	GENOMAD.140621.CP	4.787e-44	156	0	0	0	1	NA	NA	NA	PF01740;K17762;TIGR02886;COG1366	anti-sigma F factor antagonist
JBHJCD010000004.1_162	199149	199544	396	1	0.662	11	None	GENOMAD.137439.CP	1.151e-31	121	0	0	0	1	NA	NA	NA	PF13581;K17752;TIGR01924;COG2172	serine-protein kinase RsbW
JBHJCD010000004.1_163	199547	200545	999	1	0.698	11	GGA/GAG/AGG	GENOMAD.137465.CP	2.688e-89	298	0	0	0	1	NA	NA	NA	PF07228;PF13581;K05518;COG0631;TIGR01924	Stage II sporulation protein E (SpoIIE); Histidine kinase-like ATPase domain
JBHJCD010000004.1_164	200542	201417	876	1	0.623	11	GGAGG	NA	NA	NA	0	0	0	1	NA	NA	NA	NA	NA
JBHJCD010000004.1_165	201407	203362	1956	1	0.652	11	GGAGG	NA	NA	NA	0	0	0	1	NA	NA	NA	NA	NA
JBHJCD010000004.1_166	203455	205122	1668	-1	0.654	11	GGAG/GAGG	GENOMAD.137986.CP	2.342e-06	53	0	0	0	1	NA	NA	NA	PF03664;PF04616;COG3507;K15921	Beta-xylosidase
JBHJCD010000004.1_167	205408	207777	2370	1	0.643	11	AGGA	GENOMAD.129297.CP	3.086e-19	96	0	0	0	1	NA	NA	NA	K15721;COG4773	Outer membrane receptor for ferric coprogen and ferric-rhodotorulic acid
JBHJCD010000004.1_168	207895	208341	447	-1	0.653	11	GGAG/GAGG	GENOMAD.159874.CP	6.479e-09	56	0	0	0	1	NA	NA	NA	PF10122;K03672;TIGR01206;COG1996	lysine biosynthesis protein LysW
JBHJCD010000004.1_169	208515	208880	366	-1	0.593	11	GGAGG	NA	NA	NA	0	0	0	1	NA	NA	NA	NA	NA
JBHJCD010000004.1_170	209244	210374	1131	-1	0.637	11	GGA/GAG/AGG	NA	NA	NA	0	0	0	1	NA	NA	NA	NA	NA
JBHJCD010000004.1_171	210371	210955	585	-1	0.692	11	GGA/GAG/AGG	NA	NA	NA	0	0	0	1	NA	NA	NA	NA	NA
JBHJCD010000004.1_172	210952	211776	825	-1	0.628	11	None	GENOMAD.111713.CP	4.958e-15	78	0	0	0	1	NA	NA	NA	PF01739;PF20225;PF03705;K00575;COG1352;TIGR04345	Methylase of chemotaxis methyl-accepting proteins
JBHJCD010000004.1_173	211773	214946	3174	-1	0.653	11	None	GENOMAD.142686.CP	1.564e-34	147	0	0	0	1	NA	NA	NA	K19691;COG3159	NA
JBHJCD010000004.1_174	215105	216268	1164	1	0.637	11	AGGA/GGAG/GAGG	NA	NA	NA	0	0	0	1	NA	NA	NA	NA	NA
JBHJCD010000004.1_175	216261	216629	369	1	0.618	11	AGGAG	NA	NA	NA	0	0	0	1	NA	NA	NA	NA	NA
JBHJCD010000004.1_176	216858	218441	1584	-1	0.640	11	AGGAG	NA	NA	NA	0	0	0	1	NA	NA	NA	NA	NA
JBHJCD010000004.1_177	218679	219728	1050	1	0.668	11	GGA/GAG/AGG	GENOMAD.162190.CP	1.438e-08	59	0	0	0	1	NA	NA	NA	PF01263;COG2017;TIGR02636;K01785	Galactose mutarotase or related enzyme
JBHJCD010000004.1_178	219993	220784	792	-1	0.665	11	None	GENOMAD.093434.CV	3.862e-23	102	0	0	0	1	NA	NA	NA	PF01578;COG4137;TIGR03144;K02497	ABC-type uncharacterized transport system, permease component
JBHJCD010000004.1_179	221188	222564	1377	1	0.663	11	None	GENOMAD.050490.CV	6.138e-55	203	1	0	0	1246	Caudoviricetes	NA	NA	PF02881;PF01591;K03106;TIGR00959;COG0541	signal recognition particle protein
JBHJCD010000004.1_180	222752	223594	843	1	0.684	11	None	NA	NA	NA	0	0	0	1	NA	NA	NA	NA	NA
JBHJCD010000004.1_181	223836	224609	774	1	0.672	11	None	NA	NA	NA	0	0	0	1	NA	NA	NA	NA	NA
JBHJCD010000004.1_182	224707	224964	258	1	0.659	11	AGGA	NA	NA	NA	0	0	0	1	NA	NA	NA	NA	NA
JBHJCD010000004.1_183	225008	225520	513	1	0.618	11	GGA/GAG/AGG	GENOMAD.062686.CP	8.107e-45	161	1	0	0	1	NA	NA	NA	PF01782;PF05239;COG0806;TIGR02273;K02860	Ribosomal 30S subunit maturation factor RimM, required for 16S rRNA processing
JBHJCD010000004.1_184	225586	226344	759	1	0.657	11	None	GENOMAD.061903.CP	1.228e-25	109	0	0	0	1246	Caudoviricetes	NA	NA	PF01782;PF03448;PF05239;PF01746;COG0806;K00554;TIGR00088	Ribosomal 30S subunit maturation factor RimM, required for 16S rRNA processing
JBHJCD010000004.1_185	226490	226897	408	1	0.620	11	None	NA	NA	NA	0	0	0	1	NA	NA	NA	NA	NA
JBHJCD010000004.1_186	227165	228658	1494	-1	0.653	11	None	GENOMAD.126024.CP	2.348e-15	82	0	0	0	1246	Caudoviricetes	NA	NA	PF04506;K03327;TIGR00797;COG0534	Rft protein
JBHJCD010000004.1_187	229041	229736	696	1	0.704	11	None	GENOMAD.177097.CP	1.642e-06	51	0	0	0	1	NA	NA	NA	PF13280;TIGR03985	WYL domain
JBHJCD010000004.1_188	229795	230451	657	1	0.683	11	AGGA	NA	NA	NA	0	0	0	1	NA	NA	NA	NA	NA
JBHJCD010000004.1_189	230675	231082	408	1	0.667	11	GGA/GAG/AGG	GENOMAD.080041.CP	8.571e-20	87	0	0	0	1	NA	NA	NA	PF01479;COG1188;TIGR02988	Ribosomal 50S subunit-recycling heat shock protein, contains S4 domain
JBHJCD010000004.1_190	231206	233452	2247	-1	0.661	11	GGA/GAG/AGG	NA	NA	NA	0	0	0	1	NA	NA	NA	NA	NA
JBHJCD010000004.1_191	233883	234497	615	-1	0.688	11	AGGA	GENOMAD.181672.CP	3.955e-20	91	0	0	0	1	NA	NA	NA	PF06078;COG5403	Bacterial protein of unknown function (DUF937)
JBHJCD010000004.1_192	234785	237406	2622	-1	0.654	11	GGA/GAG/AGG	NA	NA	NA	0	0	0	1	NA	NA	NA	NA	NA
JBHJCD010000004.1_193	238414	241215	2802	1	0.591	11	GGA/GAG/AGG	NA	NA	NA	0	0	0	1	NA	NA	NA	NA	NA
JBHJCD010000004.1_194	241458	244184	2727	1	0.595	11	None	NA	NA	NA	0	0	0	1	NA	NA	NA	NA	NA
JBHJCD010000005.1_1	2	235	234	-1	0.611	11	GGA/GAG/AGG	GENOMAD.031536.PP	5.864e-38	136	0	1	0	1	NA	NA	NA	PF06504;COG5534	Replication protein C (RepC)
JBHJCD010000005.1_2	223	672	450	-1	0.584	11	GGAG/GAGG	GENOMAD.031536.PP	2.854e-63	213	0	1	0	1	NA	NA	NA	PF06504;COG5534	Replication protein C (RepC)
JBHJCD010000005.1_3	629	1504	876	-1	0.676	11	GGAG/GAGG	NA	NA	NA	0	0	0	1	NA	NA	NA	NA	NA
JBHJCD010000005.1_4	1508	1741	234	-1	0.620	11	GGxGG	NA	NA	NA	0	0	0	1	NA	NA	NA	NA	NA
JBHJCD010000005.1_5	1832	2842	1011	1	0.571	11	None	NA	NA	NA	0	0	0	1	NA	NA	NA	NA	NA
JBHJCD010000005.1_6	2946	3191	246	1	0.598	11	GGAG/GAGG	NA	NA	NA	0	0	0	1	NA	NA	NA	NA	NA
JBHJCD010000005.1_7	3281	4483	1203	-1	0.629	11	GGA/GAG/AGG	NA	NA	NA	0	0	0	1	NA	NA	NA	NA	NA
JBHJCD010000005.1_8	4792	6357	1566	-1	0.641	11	None	GENOMAD.032975.CC	7.937e-22	103	1	0	0	1246	Caudoviricetes	NA	NA	PF00958;PF13638;PF09002;TIGR03642;K07158;COG1875	GMP synthase C terminal domain; PIN domain
JBHJCD010000005.1_9	6479	7936	1458	-1	0.646	11	None	NA	NA	NA	0	0	0	1	NA	NA	NA	NA	NA
JBHJCD010000005.1_10	7970	8158	189	-1	0.656	11	GGAG/GAGG	NA	NA	NA	0	0	0	1	NA	NA	NA	NA	NA
JBHJCD010000005.1_11	8118	9029	912	-1	0.677	11	None	NA	NA	NA	0	0	0	1	NA	NA	NA	NA	NA
JBHJCD010000005.1_12	9079	9399	321	1	0.607	11	None	GENOMAD.110127.CP	9.165e-39	140	0	0	0	1	NA	NA	NA	PF06844;COG3492;K09948	NA
JBHJCD010000005.1_13	9670	11520	1851	-1	0.651	11	None	NA	NA	NA	0	0	0	1	NA	NA	NA	NA	NA
JBHJCD010000005.1_14	11694	12587	894	-1	0.621	11	None	NA	NA	NA	0	0	0	1	NA	NA	NA	NA	NA
JBHJCD010000005.1_15	12587	14494	1908	-1	0.631	11	GGA/GAG/AGG	NA	NA	NA	0	0	0	1	NA	NA	NA	NA	NA
JBHJCD010000005.1_16	14508	15476	969	-1	0.635	11	GGxGG	NA	NA	NA	0	0	0	1	NA	NA	NA	NA	NA
JBHJCD010000005.1_17	15476	16654	1179	-1	0.625	11	GGA/GAG/AGG	GENOMAD.092833.CV	1.51e-96	322	0	0	0	1	NA	NA	NA	PF04733;PF18073;K19804;COG2956;TIGR00540	Lipopolysaccharide biosynthesis regulator YciM, contains six TPR domains and a predicted metal-binding C-terminal domain
JBHJCD010000005.1_18	16661	16966	306	-1	0.611	11	GGAG/GAGG	GENOMAD.036873.CC	1.734e-14	70	0	0	0	1	NA	NA	NA	PF06305;COG5416	Uncharacterized membrane protein YciS, DUF1049 family
JBHJCD010000005.1_19	17033	17344	312	-1	0.603	11	None	NA	NA	NA	0	0	0	1	NA	NA	NA	NA	NA
JBHJCD010000005.1_20	17433	19118	1686	-1	0.619	11	GGA/GAG/AGG	NA	NA	NA	0	0	0	1	NA	NA	NA	NA	NA
JBHJCD010000005.1_21	19301	19984	684	-1	0.659	11	GGA/GAG/AGG	NA	NA	NA	0	0	0	1	NA	NA	NA	NA	NA
JBHJCD010000005.1_22	20157	20282	126	1	0.603	11	GGAG/GAGG	GENOMAD.112966.CP	3.527e-11	57	0	0	0	1	NA	NA	NA	PF00444;COG0257;TIGR01022	Ribosomal protein L36
JBHJCD010000005.1_23	20523	20864	342	1	0.637	11	GGAG/GAGG	GENOMAD.008251.CC	6.963e-53	181	0	0	0	1	NA	NA	NA	PF11006	CAP-associated N-terminal
JBHJCD010000005.1_24	21100	22134	1035	1	0.665	11	GGA/GAG/AGG	NA	NA	NA	0	0	0	1	NA	NA	NA	NA	NA
JBHJCD010000005.1_25	22260	23144	885	1	0.667	11	GGA/GAG/AGG	GENOMAD.140368.CP	5.774e-12	69	0	0	0	1	NA	NA	NA	PF00795;K01506;TIGR03381;COG0388	N-carbamoylputrescine amidase
JBHJCD010000005.1_26	23148	23687	540	1	0.628	11	None	NA	NA	NA	0	0	0	1	NA	NA	NA	NA	NA
JBHJCD010000005.1_27	23680	24900	1221	1	0.651	11	None	NA	NA	NA	0	0	0	1	NA	NA	NA	NA	NA
JBHJCD010000005.1_28	25125	26021	897	-1	0.642	11	GGA/GAG/AGG	GENOMAD.177900.CP	6.543e-13	72	0	0	0	1	NA	NA	NA	PF19580;K06896;TIGR03395;COG0708	sphingomyelin phosphodiesterase
JBHJCD010000005.1_29	26081	29248	3168	-1	0.653	11	GGAG/GAGG	NA	NA	NA	0	0	0	1	NA	NA	NA	NA	NA
JBHJCD010000005.1_30	29245	30081	837	-1	0.624	11	AGGA	NA	NA	NA	0	0	0	1	NA	NA	NA	NA	NA
JBHJCD010000005.1_31	30078	30962	885	-1	0.628	11	GGAG/GAGG	NA	NA	NA	0	0	0	1	NA	NA	NA	NA	NA
JBHJCD010000005.1_32	30959	32329	1371	-1	0.646	11	GGA/GAG/AGG	GENOMAD.123940.CP	2.179e-16	85	0	0	0	1	NA	NA	NA	PF13416;K10120;COG2182;TIGR03850	Maltose-binding periplasmic protein MalE
JBHJCD010000005.1_33	32333	33952	1620	-1	0.631	11	GGxGG	GENOMAD.162180.CP	1.872e-114	381	0	0	0	1	NA	NA	NA	PF10091;COG5368	Putative glucoamylase
JBHJCD010000005.1_34	34056	37034	2979	-1	0.630	11	GGAGG	GENOMAD.125907.CP	3.999e-15	83	0	0	0	1	NA	NA	NA	PF14905;PF07715;TIGR01783;COG4771;K19611	TonB-dependent siderophore receptor
JBHJCD010000005.1_35	37168	38190	1023	-1	0.696	11	GGAGG	NA	NA	NA	0	0	0	1	NA	NA	NA	NA	NA
JBHJCD010000005.1_36	38568	38837	270	-1	0.693	11	None	GENOMAD.108170.CP	1.986e-08	52	0	0	0	1	NA	NA	NA	PF01722;COG5007;K05527	Acid stress-induced BolA-like protein IbaG/YrbA, predicted regulator of iron metabolism
JBHJCD010000005.1_37	38834	39133	300	-1	0.700	11	GGAG/GAGG	GENOMAD.153334.CP	9.153e-28	108	0	0	0	1	NA	NA	NA	PF03795;K09780;COG2350;TIGR03221	Uncharacterized conserved protein YciI, contains a putative active-site phosphohistidine
JBHJCD010000005.1_38	39368	40390	1023	1	0.626	11	GGA/GAG/AGG	GENOMAD.123012.CP	8.234e-19	91	0	0	0	1	NA	NA	NA	PF02616;COG1354;K05896	Chromatin segregation and condensation protein Rec8/ScpA/Scc1, kleisin family
JBHJCD010000005.1_39	40404	41600	1197	1	0.674	11	None	NA	NA	NA	0	0	0	1	NA	NA	NA	NA	NA
JBHJCD010000005.1_40	41593	43236	1644	1	0.704	11	GGAG/GAGG	GENOMAD.109423.CP	1.048e-34	144	0	0	0	1246	Caudoviricetes	NA	NA	PF13275;K06183;COG1187;TIGR00005	16S rRNA U516 pseudouridylate synthase RsuA and related 23S rRNA U2605, pseudouridylate synthases
JBHJCD010000005.1_41	43577	44014	438	-1	0.626	11	None	NA	NA	NA	0	0	0	1	NA	NA	NA	NA	NA
JBHJCD010000005.1_42	44178	44948	771	1	0.637	11	GGA/GAG/AGG	NA	NA	NA	0	0	0	1	NA	NA	NA	NA	NA
JBHJCD010000005.1_43	45035	45835	801	-1	0.645	11	GGA/GAG/AGG	GENOMAD.126969.CP	1.53e-09	61	0	0	0	1	NA	NA	NA	PF00795;TIGR03381;K01506;COG0388	N-carbamoylputrescine amidase
JBHJCD010000005.1_44	45984	47132	1149	-1	0.655	11	GGA/GAG/AGG	GENOMAD.126770.CP	4.194e-09	61	0	0	0	1	NA	NA	NA	NA	NA
JBHJCD010000005.1_45	47359	48003	645	1	0.684	11	GGA/GAG/AGG	NA	NA	NA	0	0	0	1	NA	NA	NA	NA	NA
JBHJCD010000005.1_46	48000	48695	696	1	0.672	11	GGAGG	GENOMAD.137442.CP	1.366e-26	111	0	0	0	1	NA	NA	NA	PF03379;TIGR01190;COG2386	heme exporter protein CcmB
JBHJCD010000005.1_47	48790	49542	753	1	0.647	11	None	GENOMAD.123398.CP	1.207e-24	106	0	0	0	1	NA	NA	NA	K02195;TIGR01191;COG0755	heme exporter protein CcmC
JBHJCD010000005.1_48	49539	49709	171	1	0.678	11	AGGAG	NA	NA	NA	0	0	0	1	NA	NA	NA	NA	NA
JBHJCD010000005.1_49	49706	50176	471	1	0.648	11	GGAG/GAGG	GENOMAD.134025.CP	2.646e-42	153	0	0	0	1	NA	NA	NA	PF03100;K02197;COG2332;TIGR00752	Cytochrome c-type biogenesis protein CcmE
JBHJCD010000005.1_50	50348	52285	1938	1	0.678	11	None	GENOMAD.137760.CP	4.659e-62	230	0	0	0	1	NA	NA	NA	COG1138	Cytochrome c biogenesis factor
JBHJCD010000005.1_51	52278	52880	603	1	0.653	11	GGAG/GAGG	GENOMAD.130406.CP	2.101e-05	47	0	0	0	1246	Caudoviricetes	NA	NA	PF00578;PF17127;TIGR00385;K02199;COG0386	periplasmic protein thiol:disulfide oxidoreductases, DsbE subfamily
JBHJCD010000005.1_52	52877	53308	432	1	0.681	11	None	NA	NA	NA	0	0	0	1	NA	NA	NA	NA	NA
JBHJCD010000005.1_53	53308	54321	1014	1	0.701	11	AGGAG	GENOMAD.145456.CP	2.063e-24	108	0	0	0	1	NA	NA	NA	PF09976;COG4235;TIGR03142;K02656	Cytochrome c-type biogenesis protein CcmH/NrfG
JBHJCD010000005.1_54	54622	55824	1203	1	0.658	11	None	NA	NA	NA	0	0	0	1	NA	NA	NA	NA	NA
JBHJCD010000005.1_55	55976	56590	615	1	0.621	11	GGA/GAG/AGG	GENOMAD.161509.CP	1.151e-08	57	0	0	0	1	NA	NA	NA	PF06961;COG3326	Uncharacterized membrane protein YsdA, DUF1294 family
JBHJCD010000005.1_56	56663	58348	1686	-1	0.691	11	GGAGG	NA	NA	NA	0	0	0	1	NA	NA	NA	NA	NA
JBHJCD010000005.1_57	58345	60081	1737	-1	0.684	11	None	NA	NA	NA	0	0	0	1	NA	NA	NA	NA	NA
JBHJCD010000005.1_58	60233	61855	1623	1	0.610	11	GGA/GAG/AGG	NA	NA	NA	0	0	0	1	NA	NA	NA	NA	NA
JBHJCD010000005.1_59	61872	63023	1152	1	0.651	11	AGGAG	NA	NA	NA	0	0	0	1	NA	NA	NA	NA	NA
JBHJCD010000005.1_60	63112	63222	111	1	0.631	11	AGGAG	NA	NA	NA	0	0	0	1	NA	NA	NA	NA	NA
JBHJCD010000005.1_61	63442	64707	1266	1	0.702	11	GGA/GAG/AGG	NA	NA	NA	0	0	0	1	NA	NA	NA	NA	NA
JBHJCD010000005.1_62	64688	66601	1914	-1	0.649	11	GGAG/GAGG	NA	NA	NA	0	0	0	1	NA	NA	NA	NA	NA
JBHJCD010000005.1_63	66926	69337	2412	1	0.663	11	None	NA	NA	NA	0	0	0	1	NA	NA	NA	NA	NA
JBHJCD010000005.1_64	69438	70682	1245	-1	0.667	11	None	NA	NA	NA	0	0	0	1	NA	NA	NA	NA	NA
JBHJCD010000005.1_65	70843	71997	1155	-1	0.682	11	AGGA	NA	NA	NA	0	0	0	1	NA	NA	NA	NA	NA
JBHJCD010000005.1_66	72011	72271	261	-1	0.651	11	GGA/GAG/AGG	GENOMAD.183170.CP	1.805e-15	72	0	0	0	1	NA	NA	NA	PF02426;COG4829;TIGR03221	Muconolactone delta-isomerase
JBHJCD010000005.1_67	72268	73566	1299	-1	0.661	11	GGA/GAG/AGG	NA	NA	NA	0	0	0	1	NA	NA	NA	NA	NA
JBHJCD010000005.1_68	73691	74641	951	-1	0.638	11	GGA/GAG/AGG	GENOMAD.115187.CP	1.333e-25	111	0	0	0	1	NA	NA	NA	PF02774;PF01118;K05829;TIGR01850;COG0002	N-acetyl-gamma-glutamyl-phosphate reductase, common form
JBHJCD010000005.1_69	74638	75204	567	-1	0.663	11	GGA/GAG/AGG	NA	NA	NA	0	0	0	1	NA	NA	NA	NA	NA
JBHJCD010000005.1_70	75255	76598	1344	-1	0.625	11	None	GENOMAD.198386.CV	2.319e-51	192	0	0	0	1	NA	NA	NA	PF04768	NAT, N-acetyltransferase, of N-acetylglutamate synthase
JBHJCD010000005.1_71	76643	77743	1101	-1	0.670	11	None	NA	NA	NA	0	0	0	1	NA	NA	NA	NA	NA
JBHJCD010000005.1_72	77749	78201	453	-1	0.640	11	GGAG/GAGG	NA	NA	NA	0	0	0	1	NA	NA	NA	NA	NA
JBHJCD010000005.1_73	78442	79677	1236	-1	0.634	11	AGGA	GENOMAD.101078.CP	4.149e-08	58	0	0	0	1	NA	NA	NA	NA	NA
JBHJCD010000005.1_74	79732	80763	1032	-1	0.621	11	AGGA	GENOMAD.121677.CP	3.259e-09	61	0	0	0	1	NA	NA	NA	NA	NA
JBHJCD010000005.1_75	81076	81570	495	-1	0.655	11	None	GENOMAD.029544.CC	1.677e-59	203	0	0	0	1	NA	NA	NA	COG3134	Uncharacterized conserved protein YcfJ, contains glycine zipper 2TM domain
JBHJCD010000005.1_76	81748	83172	1425	1	0.658	11	GGA/GAG/AGG	NA	NA	NA	0	0	0	1	NA	NA	NA	NA	NA
JBHJCD010000005.1_77	83438	83875	438	1	0.635	11	GGA/GAG/AGG	GENOMAD.135911.CV	7.108e-05	44	0	0	0	16033	Crassvirales	NA	NA	PF02657;K02426;COG2166;TIGR03391	Sulfur transfer protein SufE, Fe-S cluster assembly
JBHJCD010000005.1_78	83872	85122	1251	1	0.687	11	None	GENOMAD.140488.CP	3.583e-07	55	0	0	0	1	NA	NA	NA	K23448;COG2223	Nitrate/nitrite transporter NarK
JBHJCD010000005.1_79	85337	86377	1041	-1	0.636	11	AGGA	GENOMAD.141801.CP	4.262e-19	92	0	0	0	1	NA	NA	NA	TIGR02420;COG1734	RNA polymerase-binding protein DksA
JBHJCD010000005.1_80	86462	86755	294	1	0.653	11	None	NA	NA	NA	0	0	0	1	NA	NA	NA	NA	NA
JBHJCD010000005.1_81	86752	88101	1350	1	0.644	11	AGGA	NA	NA	NA	0	0	0	1	NA	NA	NA	NA	NA
JBHJCD010000005.1_82	88101	88943	843	1	0.674	11	None	NA	NA	NA	0	0	0	1	NA	NA	NA	NA	NA
JBHJCD010000005.1_83	89101	89562	462	1	0.626	11	GGAG/GAGG	GENOMAD.132461.CP	1.773e-06	49	0	0	0	1	NA	NA	NA	PF13669;K05606;TIGR03081;COG2764	methylmalonyl-CoA epimerase
JBHJCD010000005.1_84	89989	91344	1356	1	0.633	11	AGGAG	NA	NA	NA	0	0	0	1	NA	NA	NA	NA	NA
JBHJCD010000005.1_85	91341	92750	1410	1	0.645	11	None	NA	NA	NA	0	0	0	1	NA	NA	NA	NA	NA
JBHJCD010000005.1_86	92827	93561	735	1	0.669	11	None	NA	NA	NA	0	0	0	1	NA	NA	NA	NA	NA
JBHJCD010000005.1_87	93616	93906	291	-1	0.567	11	AGGAG	NA	NA	NA	0	0	0	1	NA	NA	NA	NA	NA
JBHJCD010000005.1_88	94000	94881	882	-1	0.653	11	GGAG/GAGG	GENOMAD.154597.PC	1.098e-61	216	0	0	0	1	NA	NA	NF033105	PF00753;K13075;TIGR04558;COG0491	quinoprotein relay system zinc metallohydrolase 1
JBHJCD010000005.1_89	95001	95489	489	-1	0.601	11	AGGA	GENOMAD.179162.PC	6.933e-43	155	0	0	0	1	NA	NA	NA	PF16242;COG3871;TIGR04025	Pyridoxamine 5'-phosphate oxidase like
JBHJCD010000005.1_90	95922	96947	1026	1	0.588	11	GGA/GAG/AGG	GENOMAD.190703.PC	8.567e-11	66	0	0	0	1	NA	NA	NA	PF03761;K04775;COG3591;TIGR02038	V8-like Glu-specific endopeptidase
JBHJCD010000005.1_91	97395	98249	855	1	0.478	11	GGAG/GAGG	GENOMAD.191510.PC	3.456e-100	327	0	0	0	1	NA	NA	NA	PF00544;K01728;COG3866	Pectate lyase
JBHJCD010000005.1_92	98870	100540	1671	1	0.606	11	GGAG/GAGG	GENOMAD.179497.PC	4.852e-76	269	0	0	0	1	NA	NA	NA	K01184;COG5434	Polygalacturonase
JBHJCD010000005.1_93	100757	101446	690	-1	0.696	11	GGA/GAG/AGG	GENOMAD.028244.CC	3.152e-92	301	0	0	0	1	NA	NA	NA	PF00494;COG1562;TIGR03465	Phytoene/squalene synthetase
JBHJCD010000005.1_94	101475	102167	693	-1	0.664	11	GGxGG	NA	NA	NA	0	0	0	1	NA	NA	NA	NA	NA
JBHJCD010000005.1_95	102253	102972	720	-1	0.646	11	GGAG/GAGG	GENOMAD.136799.CP	0.0003157	44	0	0	0	1	NA	NA	NA	PF08123;TIGR02021;K13623;COG4106	magnesium protoporphyrin O-methyltransferase
JBHJCD010000005.1_96	103003	104340	1338	-1	0.656	11	GGA/GAG/AGG	GENOMAD.127377.CP	5.719e-05	48	0	0	0	1	NA	NA	NA	PF00962;K18456;TIGR03314;COG1816	putative selenium metabolism protein SsnA
JBHJCD010000005.1_97	104358	105338	981	-1	0.679	11	None	GENOMAD.205455.PC	1.427e-35	141	0	0	0	1	NA	NA	NA	NA	NA
JBHJCD010000005.1_98	105344	105910	567	-1	0.628	11	AGGAG	GENOMAD.105354.CP	1.006e-50	179	1	0	0	1	NA	NA	NA	PF09285;PF01132;PF08207;K02356;TIGR02178;COG0231	elongation factor P-like protein YeiP
JBHJCD010000005.1_99	106100	107041	942	1	0.710	11	AGxAG	NA	NA	NA	0	0	0	1	NA	NA	NA	NA	NA
JBHJCD010000005.1_100	107141	109258	2118	-1	0.666	11	GGA/GAG/AGG	NA	NA	NA	0	0	0	1	NA	NA	NA	NA	NA
JBHJCD010000005.1_101	109255	110115	861	-1	0.664	11	GGA/GAG/AGG	GENOMAD.145709.CP	7.932e-136	430	0	0	0	1	NA	NA	NA	PF06646;K02044;TIGR03431;COG3221	Extracytoplasmic thiamine-binding lipoprotein
JBHJCD010000005.1_102	110236	110922	687	-1	0.699	11	None	NA	NA	NA	0	0	0	1	NA	NA	NA	NA	NA
JBHJCD010000005.1_103	111118	111951	834	1	0.645	11	GGAG/GAGG	GENOMAD.123216.CP	1.214e-19	92	0	0	0	1	NA	NA	NA	PF00459;K01092;COG0483;TIGR02067	Archaeal fructose-1,6-bisphosphatase or related enzyme of inositol monophosphatase family
JBHJCD010000005.1_104	112328	112939	612	-1	0.611	11	AGGAG	NA	NA	NA	0	0	0	1	NA	NA	NA	NA	NA
JBHJCD010000005.1_105	113191	113631	441	1	0.694	11	GGA/GAG/AGG	GENOMAD.192274.CP	1.422e-27	110	0	0	0	1	NA	NA	NA	PF00545	ribonuclease
JBHJCD010000005.1_106	113628	114053	426	1	0.676	11	GGA/GAG/AGG	GENOMAD.178838.CP	1.181e-18	84	0	0	0	1246	Caudoviricetes	NA	NA	PF01337;COG2732;K03623	Barstar, RNAse (barnase) inhibitor
JBHJCD010000005.1_107	114344	116233	1890	-1	0.645	11	None	NA	NA	NA	0	0	0	1	NA	NA	NA	NA	NA
JBHJCD010000005.1_108	116344	117726	1383	1	0.669	11	None	GENOMAD.100160.CP	5.095e-08	58	0	0	0	1	NA	NA	NA	PF17774	Putative RNA-binding domain in YlmH
JBHJCD010000005.1_109	117827	118387	561	-1	0.656	11	None	NA	NA	NA	0	0	0	1	NA	NA	NA	NA	NA
JBHJCD010000005.1_110	118482	120038	1557	-1	0.672	11	GGA/GAG/AGG	NA	NA	NA	0	0	0	1	NA	NA	NA	NA	NA
JBHJCD010000005.1_111	120380	121195	816	1	0.652	11	None	NA	NA	NA	0	0	0	1	NA	NA	NA	NA	NA
JBHJCD010000005.1_112	121409	122107	699	-1	0.642	11	None	NA	NA	NA	0	0	0	1	NA	NA	NA	NA	NA
JBHJCD010000005.1_113	122278	122487	210	-1	0.619	11	AGGAG	NA	NA	NA	0	0	0	1	NA	NA	NA	NA	NA
JBHJCD010000005.1_114	123040	123588	549	1	0.670	11	None	GENOMAD.151568.CP	5.999e-71	237	0	0	0	1	NA	NA	NA	PF07152;COG4681	Uncharacterized conserved protein YaeQ, suppresses RfaH defect
JBHJCD010000005.1_115	123585	124766	1182	1	0.655	11	None	GENOMAD.117314.CP	1.955e-20	97	0	0	0	1	NA	NA	NA	NA	NA
JBHJCD010000005.1_116	124982	127051	2070	1	0.644	11	GGAG/GAGG	NA	NA	NA	0	0	0	1	NA	NA	NA	NA	NA
JBHJCD010000005.1_117	127151	128029	879	-1	0.650	11	GGAG/GAGG	GENOMAD.119278.CP	7.683e-76	257	0	0	0	1	NA	NA	NA	PF01435	Peptidase family M48
JBHJCD010000005.1_118	128127	129026	900	1	0.702	11	None	NA	NA	NA	0	0	0	1	NA	NA	NA	NA	NA
JBHJCD010000005.1_119	129109	129849	741	1	0.644	11	GGAG/GAGG	NA	NA	NA	0	0	0	1	NA	NA	NA	NA	NA
JBHJCD010000005.1_120	130009	130584	576	1	0.635	11	None	GENOMAD.123535.CP	8.741e-10	60	0	0	0	1	NA	NA	NA	PF05233	PHB accumulation regulatory domain
JBHJCD010000005.1_121	130769	131743	975	-1	0.681	11	GGAG/GAGG	GENOMAD.130634.CP	5.318e-40	154	0	0	0	1	NA	NA	NA	PF01963;K09973;COG3735;TIGR00261	Uncharacterized conserved protein YbaP, TraB family
JBHJCD010000005.1_122	131777	132712	936	-1	0.658	11	GGAG/GAGG	GENOMAD.159926.CP	4.291e-36	142	0	0	0	1	NA	NA	NA	PF07920;COG3358;K09164	Uncharacterized conserved protein, DUF1684 family
JBHJCD010000005.1_123	132712	134589	1878	-1	0.669	11	GGAG/GAGG	NA	NA	NA	0	0	0	1	NA	NA	NA	NA	NA
JBHJCD010000005.1_124	134728	136428	1701	-1	0.674	11	None	GENOMAD.082750.CP	8.634e-09	61	0	0	0	1	NA	NA	NA	PF11741	AMIN domain
JBHJCD010000005.1_125	136477	136998	522	-1	0.663	11	GGAG/GAGG	GENOMAD.073523.CV	1.018e-34	132	1	0	0	1	NA	NA	NA	PF02367;K06925;TIGR00150;COG0802	tRNA threonylcarbamoyl adenosine modification protein YjeE
JBHJCD010000005.1_126	136995	138482	1488	-1	0.694	11	None	GENOMAD.093644.CP	1.564e-17	89	1	0	0	1	NA	NA	NA	PF03853;TIGR00197;COG0062;K23997	yjeF N-terminal region
JBHJCD010000005.1_127	138507	139574	1068	1	0.661	11	None	NA	NA	NA	0	0	0	1	NA	NA	NA	NA	NA
JBHJCD010000005.1_128	139698	141035	1338	1	0.682	11	GGA/GAG/AGG	NA	NA	NA	0	0	0	1	NA	NA	NA	NA	NA
JBHJCD010000005.1_129	141328	142590	1263	-1	0.665	11	GGA/GAG/AGG	GENOMAD.196178.PC	2.583e-49	185	0	1	0	1	NA	NA	NA	PF06057;COG3946;TIGR03100;K05714	Type IV secretory pathway, VirJ component
JBHJCD010000005.1_130	143087	144832	1746	-1	0.699	11	None	GENOMAD.010877.CC	7.431e-08	58	0	0	0	1	NA	NA	NA	K09667;COG4105	Outer membrane protein assembly factor BamD, BamD/ComL family
JBHJCD010000005.1_131	145191	146282	1092	1	0.678	11	GGA/GAG/AGG	NA	NA	NA	0	0	0	1	NA	NA	NA	NA	NA
JBHJCD010000005.1_132	146487	149105	2619	-1	0.655	11	GGA/GAG/AGG	GENOMAD.151253.CP	1.707e-37	156	0	0	0	1	NA	NA	NA	PF01896;COG3285;TIGR02778	Eukaryotic-type DNA primase
JBHJCD010000005.1_133	149120	149296	177	-1	0.627	11	AGGAG	GENOMAD.224383.PV	1.238e-07	48	0	0	0	1246	Caudoviricetes	NA	NA	PF12244	NA
JBHJCD010000005.1_134	149516	149917	402	1	0.600	11	GGAG/GAGG	GENOMAD.116980.PP	3.599e-53	183	0	0	0	1	NA	NA	NA	COG2916;K11685	DNA-binding protein H-NS
JBHJCD010000005.1_135	150261	151475	1215	1	0.614	11	AGGAG	NA	NA	NA	0	0	0	1	NA	NA	NA	NA	NA
JBHJCD010000005.1_136	151487	152248	762	-1	0.546	11	AGGA/GGAG/GAGG	NA	NA	NA	0	0	0	1	NA	NA	NA	NA	NA
JBHJCD010000005.1_137	152878	153117	240	1	0.637	11	GGA/GAG/AGG	NA	NA	NA	0	0	0	1	NA	NA	NA	NA	NA
JBHJCD010000005.1_138	153142	153936	795	1	0.545	11	None	NA	NA	NA	0	0	0	1	NA	NA	NA	NA	NA
JBHJCD010000005.1_139	154430	154663	234	1	0.620	11	GGA/GAG/AGG	NA	NA	NA	0	0	0	1	NA	NA	NA	NA	NA
JBHJCD010000005.1_140	154910	155086	177	1	0.650	11	GGA/GAG/AGG	NA	NA	NA	0	0	0	1	NA	NA	NA	NA	NA
JBHJCD010000005.1_141	155390	156475	1086	1	0.666	11	GGxGG	NA	NA	NA	0	0	0	1	NA	NA	NA	NA	NA
JBHJCD010000005.1_142	156518	157027	510	-1	0.635	11	GGA/GAG/AGG	GENOMAD.119444.CP	1.67e-16	79	0	0	0	1	NA	NA	NA	PF01584;COG0835;K13489	Chemotaxis signal transduction protein
JBHJCD010000005.1_143	157039	158697	1659	-1	0.650	11	GGA/GAG/AGG	NA	NA	NA	0	0	0	1	NA	NA	NA	NA	NA
JBHJCD010000005.1_144	158995	159615	621	1	0.689	11	None	NA	NA	NA	0	0	0	1	NA	NA	NA	NA	NA
JBHJCD010000005.1_145	159555	163949	4395	-1	0.682	11	None	GENOMAD.132239.CP	1.23e-100	364	0	0	0	1	NA	NA	NA	PF08494	DEAD/H associated
JBHJCD010000005.1_146	164328	164672	345	1	0.646	11	None	GENOMAD.138361.CV	2.953e-14	70	0	0	0	1	NA	NA	NA	PF11743	NA
JBHJCD010000005.1_147	164866	165198	333	-1	0.613	11	GGAGG	NA	NA	NA	0	0	0	1	NA	NA	NA	NA	NA
JBHJCD010000005.1_148	165389	165829	441	-1	0.669	11	None	GENOMAD.159368.VC	2.899e-19	86	0	0	0	6467	Agricanvirus	NA	NA	PF04386;K03600;COG2969	Stringent starvation protein B, binds SsrA peptide
JBHJCD010000005.1_149	165908	166543	636	-1	0.612	11	GGAG/GAGG	NA	NA	NA	0	0	0	1	NA	NA	NA	NA	NA
JBHJCD010000005.1_150	166953	167633	681	-1	0.604	11	GGxGG	GENOMAD.095404.CP	4.515e-69	234	0	0	0	1	NA	NA	NA	PF02167;K02720;TIGR04484	Cytochrome C1 family
JBHJCD010000005.1_151	167704	168963	1260	-1	0.609	11	GGxGG	GENOMAD.118563.CP	2.146e-27	119	0	0	0	1	NA	NA	NA	COG1290;K00412	Cytochrome b subunit of the bc complex
JBHJCD010000005.1_152	168963	169607	645	-1	0.620	11	GGAG/GAGG	NA	NA	NA	0	0	0	1	NA	NA	NA	NA	NA
JBHJCD010000005.1_153	170114	171097	984	-1	0.666	11	GGA/GAG/AGG	NA	NA	NA	0	0	0	1	NA	NA	NA	NA	NA
JBHJCD010000005.1_154	171289	172254	966	-1	0.713	11	GGxGG	NA	NA	NA	0	0	0	1	NA	NA	NA	NA	NA
JBHJCD010000005.1_155	172359	173003	645	1	0.684	11	GGAG/GAGG	NA	NA	NA	0	0	0	1	NA	NA	NA	NA	NA
JBHJCD010000005.1_156	173042	174496	1455	1	0.644	11	GGA/GAG/AGG	NA	NA	NA	0	0	0	1	NA	NA	NA	NA	NA
JBHJCD010000005.1_157	174920	175903	984	1	0.624	11	None	GENOMAD.137621.VC	1.917e-06	52	0	0	0	1246	Caudoviricetes	NA	NA	PF13086;TIGR03158;COG0210	AAA domain
JBHJCD010000005.1_158	176008	176451	444	1	0.651	11	None	NA	NA	NA	0	0	0	1	NA	NA	NA	NA	NA
JBHJCD010000005.1_159	176551	177036	486	1	0.648	11	None	GENOMAD.106003.CV	4.665e-06	48	1	0	0	1246	Caudoviricetes	NA	NA	PF02130;TIGR00043;COG0319	rRNA maturation RNase YbeY
JBHJCD010000005.1_160	177036	177554	519	1	0.655	11	AGGAG	NA	NA	NA	0	0	0	1	NA	NA	NA	NA	NA
JBHJCD010000005.1_161	177650	178528	879	1	0.637	11	None	NA	NA	NA	0	0	0	1	NA	NA	NA	NA	NA
JBHJCD010000005.1_162	178525	179796	1272	1	0.669	11	AGGA	GENOMAD.137314.CP	1.917e-98	329	0	0	0	1	NA	NA	NA	NA	NA
JBHJCD010000005.1_163	179812	180813	1002	1	0.628	11	AGGA	NA	NA	NA	0	0	0	1	NA	NA	NA	NA	NA
JBHJCD010000005.1_164	180972	182336	1365	-1	0.668	11	AGGAG	NA	NA	NA	0	0	0	1	NA	NA	NA	NA	NA
JBHJCD010000005.1_165	182549	183397	849	-1	0.647	11	GGA/GAG/AGG	NA	NA	NA	0	0	0	1	NA	NA	NA	NA	NA
JBHJCD010000005.1_166	183394	184437	1044	-1	0.632	11	None	NA	NA	NA	0	0	0	1	NA	NA	NA	NA	NA
JBHJCD010000005.1_167	184434	185285	852	-1	0.646	11	GGA/GAG/AGG	GENOMAD.126777.CP	3.206e-07	54	0	0	0	1	NA	NA	NA	PF17912;PF03459;COG3585;TIGR00638	MalK OB fold domain; TOBE domain
JBHJCD010000005.1_168	185682	187172	1491	-1	0.698	11	None	NA	NA	NA	0	0	0	1	NA	NA	NA	NA	NA
JBHJCD010000005.1_169	187177	188763	1587	-1	0.662	11	AGGAG	GENOMAD.162124.CP	0.0001488	47	0	0	0	1	NA	NA	NA	PF06609;K03446;TIGR00711;COG2223	drug resistance transporter, EmrB/QacA subfamily
JBHJCD010000005.1_170	188760	189962	1203	-1	0.670	11	AGGA	GENOMAD.138157.CP	8.255e-43	165	0	0	0	1	NA	NA	NA	PF13437;TIGR02828	HlyD family secretion protein
JBHJCD010000005.1_171	190212	191327	1116	-1	0.616	11	GGAG/GAGG	GENOMAD.152308.CP	2.088e-05	49	0	0	0	1	NA	NA	NA	PF13416;K11069;TIGR03227;COG4134	2-aminoethylphosphonate ABC transporter, periplasmic 2-aminoethylphosphonate binding protein
JBHJCD010000005.1_172	191547	192914	1368	-1	0.664	11	GGAG/GAGG	NA	NA	NA	0	0	0	1	NA	NA	NA	NA	NA
JBHJCD010000005.1_173	193129	194514	1386	-1	0.634	11	GGA/GAG/AGG	GENOMAD.120657.CP	6.1e-09	61	0	0	0	1	NA	NA	NA	PF00120;COG3968;TIGR03105;K01915	Glutamine synthetase type III
JBHJCD010000005.1_174	194521	195276	756	-1	0.680	11	GGA/GAG/AGG	GENOMAD.194686.CP	3.087e-13	72	0	0	0	1	NA	NA	NA	PF07722;K09473	Peptidase C26
JBHJCD010000005.1_175	195420	196799	1380	1	0.670	11	GGA/GAG/AGG	GENOMAD.120657.CP	1.749e-06	53	0	0	0	1	NA	NA	NA	PF00120;COG3968;TIGR03105;K01915	Glutamine synthetase type III
JBHJCD010000005.1_176	196799	198115	1317	1	0.704	11	None	NA	NA	NA	0	0	0	1	NA	NA	NA	NA	NA
JBHJCD010000005.1_177	198200	199498	1299	1	0.636	11	None	NA	NA	NA	0	0	0	1	NA	NA	NA	NA	NA
JBHJCD010000005.1_178	199628	199984	357	1	0.591	11	GGA/GAG/AGG	NA	NA	NA	0	0	0	1	NA	NA	NA	NA	NA
JBHJCD010000005.1_179	199947	200090	144	1	0.618	11	None	NA	NA	NA	0	0	0	1	NA	NA	NA	NA	NA
JBHJCD010000005.1_180	200207	201487	1281	-1	0.660	11	GGA/GAG/AGG	NA	NA	NA	0	0	0	1	NA	NA	NA	NA	NA
JBHJCD010000005.1_181	201792	202100	309	-1	0.680	11	None	NA	NA	NA	0	0	0	1	NA	NA	NA	NA	NA
JBHJCD010000005.1_182	202060	204408	2349	-1	0.653	11	GGAG/GAGG	NA	NA	NA	0	0	0	1	NA	NA	NA	NA	NA
JBHJCD010000005.1_183	204405	205250	846	-1	0.662	11	GGA/GAG/AGG	GENOMAD.151402.CP	1.314e-18	89	0	0	0	1	NA	NA	NA	PF02634;K18360;COG1526;TIGR00129	Formate dehydrogenase assembly factor FdhD
JBHJCD010000005.1_184	205257	206936	1680	-1	0.655	11	GGA/GAG/AGG	NA	NA	NA	0	0	0	1	NA	NA	NA	NA	NA
JBHJCD010000005.1_185	207465	208817	1353	1	0.670	11	GGAG/GAGG	NA	NA	NA	0	0	0	1	NA	NA	NA	NA	NA
JBHJCD010000005.1_186	208952	209806	855	1	0.671	11	None	GENOMAD.216231.VP	6.113e-16	81	0	0	1	1246	Caudoviricetes	NA	NA	PF05521;TIGR01563;COG5614	phage head-tail adaptor, putative, SPP1 family
JBHJCD010000005.1_187	210098	211342	1245	1	0.633	11	None	GENOMAD.167755.CP	2.622e-89	302	0	0	0	1	NA	NA	NA	COG2733	Uncharacterized membrane-anchored protein YjiN, DUF445 family
JBHJCD010000005.1_188	211486	215580	4095	1	0.654	11	AGGA	NA	NA	NA	0	0	0	1	NA	NA	NA	NA	NA
JBHJCD010000005.1_189	215611	216597	987	1	0.666	11	AGGA	NA	NA	NA	0	0	0	1	NA	NA	NA	NA	NA
JBHJCD010000005.1_190	217076	218503	1428	1	0.652	11	GGA/GAG/AGG	NA	NA	NA	0	0	0	1	NA	NA	NA	NA	NA
JBHJCD010000005.1_191	218733	223742	5010	-1	0.653	11	None	GENOMAD.119435.CP	0.0	1168	0	0	0	1	NA	NA	NA	PF05088;K15371;COG2902	Bacterial NAD-glutamate dehydrogenase
JBHJCD010000005.1_192	224111	224680	570	1	0.654	11	GGA/GAG/AGG	GENOMAD.127433.CP	3.057e-90	293	0	0	0	1	NA	NA	NA	PF14246;PF13022;K18301;TIGR03613;COG3226	pyrimidine utilization regulatory protein R
JBHJCD010000005.1_193	224695	226002	1308	1	0.704	11	GGAG/GAGG	NA	NA	NA	0	0	0	1	NA	NA	NA	NA	NA
JBHJCD010000005.1_194	226015	229185	3171	1	0.640	11	GGA/GAG/AGG	NA	NA	NA	0	0	0	1	NA	NA	NA	NA	NA
JBHJCD010000005.1_195	229531	230529	999	-1	0.677	11	GGA/GAG/AGG	NA	NA	NA	0	0	0	1	NA	NA	NA	NA	NA
JBHJCD010000005.1_196	230913	231791	879	-1	0.726	11	None	NA	NA	NA	0	0	0	1	NA	NA	NA	NA	NA
JBHJCD010000005.1_197	232028	233206	1179	1	0.699	11	GGA/GAG/AGG	NA	NA	NA	0	0	0	1	NA	NA	NA	NA	NA
JBHJCD010000005.1_198	233203	234159	957	1	0.717	11	GGAG/GAGG	NA	NA	NA	0	0	0	1	NA	NA	NA	NA	NA
JBHJCD010000005.1_199	234313	236055	1743	1	0.696	11	AGGAG	NA	NA	NA	0	0	0	1	NA	NA	NA	NA	NA
JBHJCD010000005.1_200	236227	237504	1278	1	0.650	11	GGAG/GAGG	GENOMAD.189627.PC	7.239e-66	234	0	0	0	1	NA	NA	NA	PF04966;COG3659;K07267	Carbohydrate-selective porin OprB
JBHJCD010000006.1_1	2	274	273	1	0.542	11	None	NA	NA	NA	0	0	0	1	NA	NA	NA	NA	NA
JBHJCD010000006.1_2	863	1258	396	1	0.593	11	AGGA/GGAG/GAGG	NA	NA	NA	0	0	0	1	NA	NA	NA	NA	NA
JBHJCD010000006.1_3	2219	2650	432	-1	0.655	11	GGA/GAG/AGG	NA	NA	NA	0	0	0	1	NA	NA	NA	NA	NA
JBHJCD010000006.1_4	2787	3665	879	1	0.691	11	GGAG/GAGG	NA	NA	NA	0	0	0	1	NA	NA	NA	NA	NA
JBHJCD010000006.1_5	4503	5960	1458	1	0.659	11	GGA/GAG/AGG	NA	NA	NA	0	0	0	1	NA	NA	NA	NA	NA
JBHJCD010000006.1_6	6096	7052	957	1	0.691	11	GGA/GAG/AGG	GENOMAD.183688.PC	2.312e-37	146	0	0	0	1	NA	NA	NA	PF03812;TIGR00793;K02526;COG0385	2-keto-3-deoxygluconate transporter
JBHJCD010000006.1_7	7406	8434	1029	-1	0.618	11	None	NA	NA	NA	0	0	0	1	NA	NA	NA	NA	NA
JBHJCD010000006.1_8	8463	9446	984	-1	0.593	11	GGA/GAG/AGG	GENOMAD.181514.PC	1.065e-187	582	0	0	0	1	NA	NA	NA	PF08908	Putative oxygenase MesX
JBHJCD010000006.1_9	9588	10175	588	-1	0.662	11	GGA/GAG/AGG	GENOMAD.161922.PC	4.154e-13	70	0	0	0	1	NA	NA	NA	PF03358;TIGR03567;K03206;COG0431	FMN reductase, SsuE family
JBHJCD010000006.1_10	10363	11277	915	1	0.660	11	GGA/GAG/AGG	NA	NA	NA	0	0	0	1	NA	NA	NA	NA	NA
JBHJCD010000006.1_11	11382	11942	561	1	0.583	11	AGGA/GGAG/GAGG	NA	NA	NA	0	0	0	1	NA	NA	NA	NA	NA
JBHJCD010000006.1_12	12013	12948	936	1	0.642	11	None	GENOMAD.194673.PC	5.74e-46	171	0	0	0	1	NA	NA	NA	PF02219;COG0685;TIGR00676;K00297	5,10-methylenetetrahydrofolate reductase
JBHJCD010000006.1_13	13365	15281	1917	1	0.667	11	GGAG/GAGG	GENOMAD.214746.CP	0.0	1072	0	0	0	1	NA	NA	NA	PF16024;PF05728;TIGR03503;COG3150	TIGR03503 family protein
JBHJCD010000006.1_14	15518	16966	1449	-1	0.656	11	GGAG/GAGG	GENOMAD.134141.CP	1.603e-09	63	0	0	0	1	NA	NA	NA	PF02321;TIGR01845;K12340;COG1538	efflux transporter, outer membrane factor (OMF) lipoprotein, NodT family
JBHJCD010000006.1_15	16966	20115	3150	-1	0.657	11	GGAG/GAGG	NA	NA	NA	0	0	0	1	NA	NA	NA	NA	NA
JBHJCD010000006.1_16	20125	21348	1224	-1	0.686	11	GGA/GAG/AGG	GENOMAD.114408.CP	5.91e-06	51	0	0	0	1	NA	NA	NF000272	PF12700;K15727;TIGR01730;COG0845	RND family efflux transporter, MFP subunit
JBHJCD010000006.1_17	21509	22888	1380	1	0.698	11	None	NA	NA	NA	0	0	0	1	NA	NA	NA	NA	NA
JBHJCD010000006.1_18	22885	23568	684	1	0.697	11	None	NA	NA	NA	0	0	0	1	NA	NA	NA	NA	NA
JBHJCD010000006.1_19	23683	24561	879	-1	0.644	11	None	NA	NA	NA	0	0	0	1	NA	NA	NA	NA	NA
JBHJCD010000006.1_20	24772	25164	393	-1	0.662	11	GGxGG	NA	NA	NA	0	0	0	1	NA	NA	NA	NA	NA
JBHJCD010000006.1_21	25378	26256	879	-1	0.685	11	AGGA	NA	NA	NA	0	0	0	1	NA	NA	NA	NA	NA
JBHJCD010000006.1_22	26291	27388	1098	-1	0.657	11	GGA/GAG/AGG	NA	NA	NA	0	0	0	1	NA	NA	NA	NA	NA
JBHJCD010000006.1_23	27469	28350	882	-1	0.676	11	GGA/GAG/AGG	NA	NA	NA	0	0	0	1	NA	NA	NA	NA	NA
JBHJCD010000006.1_24	28489	28635	147	1	0.667	11	GGA/GAG/AGG	NA	NA	NA	0	0	0	1	NA	NA	NA	NA	NA
JBHJCD010000006.1_25	28629	29549	921	-1	0.670	11	GGAG/GAGG	NA	NA	NA	0	0	0	1	NA	NA	NA	NA	NA
JBHJCD010000006.1_26	29615	30067	453	1	0.660	11	GGAG/GAGG	NA	NA	NA	0	0	0	1	NA	NA	NA	NA	NA
JBHJCD010000006.1_27	30087	31367	1281	-1	0.665	11	None	GENOMAD.152417.CP	1.554e-37	150	0	0	0	1	NA	NA	NF033135	K08224;COG2223	Nitrate/nitrite transporter NarK
JBHJCD010000006.1_28	31462	32349	888	1	0.682	11	GGA/GAG/AGG	NA	NA	NA	0	0	0	1	NA	NA	NA	NA	NA
JBHJCD010000006.1_29	32636	33547	912	-1	0.555	11	GGAG/GAGG	NA	NA	NA	0	0	0	1	NA	NA	NA	NA	NA
JBHJCD010000006.1_30	33848	34516	669	1	0.667	11	None	GENOMAD.195322.CP	1.86e-120	382	0	0	0	1	NA	NA	NA	PF18711;PF14507;TIGR03211;COG2514;K08234	catechol 2,3 dioxygenase
JBHJCD010000006.1_31	34634	35446	813	-1	0.654	11	GGA/GAG/AGG	NA	NA	NA	0	0	0	1	NA	NA	NA	NA	NA
JBHJCD010000006.1_32	35657	36574	918	-1	0.688	11	GGA/GAG/AGG	NA	NA	NA	0	0	0	1	NA	NA	NA	NA	NA
JBHJCD010000006.1_33	36700	37752	1053	1	0.673	11	GGA/GAG/AGG	GENOMAD.171766.PC	2.161e-11	68	0	0	0	1	NA	NA	NA	PF19298;K21724;COG4638;TIGR03229	Phenylpropionate dioxygenase or related ring-hydroxylating dioxygenase, large terminal subunit
JBHJCD010000006.1_34	37770	38729	960	1	0.681	11	GGAG/GAGG	GENOMAD.161620.PC	2.693e-09	61	0	0	0	1	NA	NA	NA	PF08030;K21607;TIGR02160;COG1018	phenylacetate-CoA oxygenase/reductase, PaaK subunit
JBHJCD010000006.1_35	39095	40408	1314	1	0.686	11	GGA/GAG/AGG	NA	NA	NA	0	0	0	1	NA	NA	NA	NA	NA
JBHJCD010000006.1_36	40536	42086	1551	1	0.671	11	GGA/GAG/AGG	NA	NA	NA	0	0	0	1	NA	NA	NA	NA	NA
JBHJCD010000006.1_37	42238	43353	1116	1	0.663	11	None	NA	NA	NA	0	0	0	1	NA	NA	NA	NA	NA
JBHJCD010000006.1_38	43820	45280	1461	1	0.721	11	GGA/GAG/AGG	NA	NA	NA	0	0	0	1	NA	NA	NA	NA	NA
JBHJCD010000006.1_39	45280	46860	1581	1	0.696	11	GGAG/GAGG	NA	NA	NA	0	0	0	1	NA	NA	NA	NA	NA
JBHJCD010000006.1_40	47084	47542	459	1	0.601	11	AGGAG	NA	NA	NA	0	0	0	1	NA	NA	NA	NA	NA
JBHJCD010000006.1_41	47864	48751	888	-1	0.634	11	GGAGG	GENOMAD.206427.PC	6.49e-06	50	0	0	0	1	NA	NA	NA	PF03096;K10216;TIGR01250;COG2267	Ndr family
JBHJCD010000006.1_42	49054	50049	996	1	0.662	11	None	NA	NA	NA	0	0	0	1	NA	NA	NA	NA	NA
JBHJCD010000006.1_43	50617	51837	1221	1	0.700	11	GGxGG	NA	NA	NA	0	0	0	1	NA	NA	NA	NA	NA
JBHJCD010000006.1_44	51827	53083	1257	1	0.687	11	GGAG/GAGG	NA	NA	NA	0	0	0	1	NA	NA	NA	NA	NA
JBHJCD010000006.1_45	53080	53970	891	1	0.655	11	GGA/GAG/AGG	GENOMAD.161566.CP	4.513e-09	60	0	0	0	1	NA	NA	NA	PF01522;K16842;TIGR03212;COG3233	putative urate catabolism protein
JBHJCD010000006.1_46	53967	54362	396	1	0.644	11	GGA/GAG/AGG	GENOMAD.205524.PC	2.325e-32	123	0	0	0	1	NA	NA	NA	PF11533;TIGR02246;COG4319;K01822	conserved hypothetical protein
JBHJCD010000006.1_47	54359	54850	492	1	0.675	11	GGA/GAG/AGG	NA	NA	NA	0	0	0	1	NA	NA	NA	NA	NA
JBHJCD010000006.1_48	54847	56268	1422	1	0.679	11	GGAGG	NA	NA	NA	0	0	0	1	NA	NA	NA	NA	NA
JBHJCD010000006.1_49	56265	56597	333	1	0.706	11	GGA/GAG/AGG	NA	NA	NA	0	0	0	1	NA	NA	NA	NA	NA
JBHJCD010000006.1_50	56765	57238	474	1	0.643	11	GGA/GAG/AGG	NA	NA	NA	0	0	0	1	NA	NA	NA	NA	NA
JBHJCD010000006.1_51	57415	57699	285	-1	0.589	11	GGA/GAG/AGG	NA	NA	NA	0	0	0	1	NA	NA	NA	NA	NA
JBHJCD010000006.1_52	57931	60432	2502	1	0.709	11	None	GENOMAD.094115.CP	3.961e-95	335	0	0	0	1	NA	NA	NA	PF08482	ATP-dependent helicase C-terminal
JBHJCD010000006.1_53	60899	61330	432	1	0.685	11	AGGA	NA	NA	NA	0	0	0	1	NA	NA	NA	NA	NA
JBHJCD010000006.1_54	61661	62233	573	-1	0.686	11	AGGA	GENOMAD.106866.CP	6.661e-17	81	0	0	0	1246	Caudoviricetes	NA	NA	COG1187	16S rRNA U516 pseudouridylate synthase RsuA and related 23S rRNA U2605, pseudouridylate synthases
JBHJCD010000006.1_55	62326	63180	855	-1	0.646	11	GGAG/GAGG	GENOMAD.171333.CP	6.274e-84	280	0	0	0	1	NA	NA	NA	PF05891;COG4798;TIGR00740;K23095	Predicted methyltransferase
JBHJCD010000006.1_56	63414	64385	972	1	0.651	11	AGGAG	NA	NA	NA	0	0	0	1	NA	NA	NA	NA	NA
JBHJCD010000006.1_57	64520	65548	1029	1	0.655	11	GGA/GAG/AGG	NA	NA	NA	0	0	0	1	NA	NA	NA	NA	NA
JBHJCD010000006.1_58	65727	66929	1203	1	0.633	11	GGAG/GAGG	GENOMAD.047390.PP	1.848e-33	137	0	0	0	1	NA	NA	NA	NA	NA
JBHJCD010000006.1_59	67239	67655	417	-1	0.662	11	GGAG/GAGG	NA	NA	NA	0	0	0	1	NA	NA	NA	NA	NA
JBHJCD010000006.1_60	67875	68678	804	1	0.690	11	GGA/GAG/AGG	GENOMAD.038780.CC	6.986e-128	406	0	0	0	1	NA	NA	NA	NA	NA
JBHJCD010000006.1_61	68913	69341	429	-1	0.667	11	GGAG/GAGG	GENOMAD.158031.CP	4.637e-21	91	0	0	0	1	NA	NA	NA	PF02566;K04063;COG1765;TIGR03561	Uncharacterized OsmC-related protein
JBHJCD010000006.1_62	69441	69902	462	-1	0.647	11	None	NA	NA	NA	0	0	0	1	NA	NA	NA	NA	NA
JBHJCD010000006.1_63	70302	71396	1095	-1	0.647	11	GGAG/GAGG	GENOMAD.133423.CP	5.904e-47	176	0	0	0	1	NA	NA	NA	PF03969;K06916;COG1485;TIGR03420	Predicted ATPase
JBHJCD010000006.1_64	71478	72140	663	-1	0.667	11	None	GENOMAD.118620.CP	1.147e-35	137	0	0	0	1	NA	NA	NA	PF08538;K07018;COG2945;TIGR03100	Alpha/beta superfamily hydrolase
JBHJCD010000006.1_65	72207	73082	876	1	0.646	11	None	GENOMAD.007407.CC	1.785e-64	224	0	0	0	1	NA	NA	NA	PF06800;TIGR03340;COG5070;K15270	phosphonate utilization associated putative membrane protein
JBHJCD010000006.1_66	73818	74393	576	1	0.625	11	None	NA	NA	NA	0	0	0	1	NA	NA	NA	NA	NA
JBHJCD010000006.1_67	74557	75882	1326	-1	0.676	11	GGA/GAG/AGG	GENOMAD.158697.CP	8.322e-16	83	0	0	0	1	NA	NA	NA	PF07683;TIGR02475;COG0523;K02234	cobalamin biosynthesis protein CobW
JBHJCD010000006.1_68	75944	76321	378	1	0.704	11	GGA/GAG/AGG	GENOMAD.016773.CC	1.695e-16	77	0	0	0	1	NA	NA	NA	PF03203	MerC mercury resistance protein
JBHJCD010000006.1_69	76412	76855	444	-1	0.516	11	GGAGG	NA	NA	NA	0	0	0	1	NA	NA	NA	NA	NA
JBHJCD010000006.1_70	76911	78629	1719	-1	0.679	11	GGAG/GAGG	GENOMAD.159408.CP	2.164e-89	309	0	0	0	1	NA	NA	NA	PF19580;PF18942;K07004;COG2374;TIGR03395	Predicted extracellular nuclease
JBHJCD010000006.1_71	78906	79424	519	-1	0.644	11	GGA/GAG/AGG	GENOMAD.145284.CP	2.459e-84	275	0	0	0	1	NA	NA	NA	PF09086;COG3245;TIGR04494;K12263	Cytochrome c5
JBHJCD010000006.1_72	79707	80351	645	1	0.656	11	AGGAG	GENOMAD.207164.CP	1.665e-83	275	0	0	0	1	NA	NA	NA	PF10670;COG5266;K10094	Uncharacterized conserved protein, contains GH25 family domain
JBHJCD010000006.1_73	80533	80844	312	1	0.689	11	GGxGG	GENOMAD.216216.PC	1.406e-09	56	0	0	0	1	NA	NA	NA	PF12365	NA
JBHJCD010000006.1_74	80841	82460	1620	1	0.655	11	GGAG/GAGG	GENOMAD.170158.CP	6.83e-161	516	0	0	0	1	NA	NA	NA	PF03929;COG3182	PepSY-associated TM region
JBHJCD010000006.1_75	82457	82792	336	1	0.649	11	AGGA	GENOMAD.219541.CP	0.0001328	42	0	0	0	1	NA	NA	NA	PF11804	NA
JBHJCD010000006.1_76	82899	83423	525	-1	0.686	11	GGA/GAG/AGG	GENOMAD.124316.PC	4.005e-37	139	0	0	0	1	NA	NA	NA	PF08808;COG5654	Uncharacterized conserved protein, contains RES domain
JBHJCD010000006.1_77	83420	83794	375	-1	0.675	11	GGAG/GAGG	GENOMAD.120494.PC	1.549e-33	126	0	0	0	1	NA	NA	NA	PF09722;COG5642;TIGR02293	Uncharacterized conserved protein, DUF2384 family
JBHJCD010000006.1_78	83881	84501	621	-1	0.675	11	None	GENOMAD.140552.CP	1.196e-08	57	0	0	0	1	NA	NA	NA	PF13022;PF13305;TIGR03384;COG3226;K03577	transcriptional repressor BetI
JBHJCD010000006.1_79	84630	85793	1164	1	0.657	11	GGAG/GAGG	NA	NA	NA	0	0	0	1	NA	NA	NA	NA	NA
JBHJCD010000006.1_80	85804	87414	1611	1	0.654	11	GGAG/GAGG	GENOMAD.114541.CP	1.882e-60	222	0	0	0	1	NA	NA	NA	PF01039;K01604;TIGR01117;COG4799	methylmalonyl-CoA decarboxylase alpha subunit
JBHJCD010000006.1_81	87655	89682	2028	1	0.670	11	GGA/GAG/AGG	NA	NA	NA	0	0	0	1	NA	NA	NA	NA	NA
JBHJCD010000006.1_82	89782	91866	2085	1	0.644	11	GGAG/GAGG	NA	NA	NA	0	0	0	1	NA	NA	NA	NA	NA
JBHJCD010000006.1_83	92096	93256	1161	-1	0.584	11	GGAG/GAGG	GENOMAD.153667.CP	0.0001885	46	0	0	0	1	NA	NA	NA	PF18679;K05897;TIGR04511;COG3560	putative peptide maturation dehydrogenase
JBHJCD010000006.1_84	93745	96258	2514	-1	0.602	11	None	NA	NA	NA	0	0	0	1	NA	NA	NA	NA	NA
JBHJCD010000006.1_85	96262	97320	1059	-1	0.663	11	GGA/GAG/AGG	NA	NA	NA	0	0	0	1	NA	NA	NA	NA	NA
JBHJCD010000006.1_86	97620	98915	1296	-1	0.624	11	AGGAG	NA	NA	NA	0	0	0	1	NA	NA	NA	NA	NA
JBHJCD010000006.1_87	99075	100709	1635	-1	0.665	11	GGA/GAG/AGG	NA	NA	NA	0	0	0	1	NA	NA	NA	NA	NA
JBHJCD010000006.1_88	100810	101766	957	1	0.635	11	None	GENOMAD.124080.CP	1.564e-05	49	0	0	0	1	NA	NA	NA	PF03466;PF00126;TIGR02424;K17737;COG0583	pca operon transcription factor PcaQ
JBHJCD010000006.1_89	102120	103382	1263	1	0.663	11	GGA/GAG/AGG	NA	NA	NA	0	0	0	1	NA	NA	NA	NA	NA
JBHJCD010000006.1_90	103527	104255	729	1	0.678	11	GGA/GAG/AGG	GENOMAD.147380.CP	1.409e-43	161	0	0	0	1	NA	NA	NA	PF20240;PF12833;K13631;COG2207	AraC-type DNA-binding domain and AraC-containing proteins
JBHJCD010000006.1_91	104324	104671	348	1	0.632	11	AGGAG	GENOMAD.167065.CP	2.541e-40	145	0	0	0	1	NA	NA	NA	PF14506;K06996;COG3324;TIGR00068	Predicted enzyme related to lactoylglutathione lyase
JBHJCD010000006.1_92	104833	105465	633	-1	0.668	11	None	GENOMAD.152184.PC	4.03e-23	100	0	0	0	1	NA	NA	NA	PF14246	AefR-like transcriptional repressor, C-terminal domain
JBHJCD010000006.1_93	105764	106750	987	1	0.678	11	None	GENOMAD.136647.CP	3.168e-85	286	0	0	0	1	NA	NA	NA	PF12706;K03476;COG2220;TIGR03307	L-ascorbate metabolism protein UlaG, beta-lactamase superfamily
JBHJCD010000006.1_94	107147	109330	2184	-1	0.631	11	AGGA	NA	NA	NA	0	0	0	1	NA	NA	NA	NA	NA
JBHJCD010000006.1_95	109439	110455	1017	-1	0.677	11	GGAG/GAGG	GENOMAD.141113.CP	3.774e-19	92	0	0	0	1	NA	NA	NA	PF01112;K01444;COG1446	Isoaspartyl peptidase or L-asparaginase, Ntn-hydrolase superfamily
JBHJCD010000006.1_96	110544	111173	630	-1	0.667	11	GGAG/GAGG	NA	NA	NA	0	0	0	1	NA	NA	NA	NA	NA
JBHJCD010000006.1_97	111176	111607	432	-1	0.690	11	None	NA	NA	NA	0	0	0	1	NA	NA	NA	NA	NA
JBHJCD010000006.1_98	111699	112241	543	1	0.665	11	AGGA	GENOMAD.019134.CC	1.457e-85	279	0	0	0	1	NA	NA	NA	PF09832;COG3184	Uncharacterized protein, contains DUF2059 domain
JBHJCD010000006.1_99	112418	113134	717	-1	0.657	11	GGA/GAG/AGG	NA	NA	NA	0	0	0	1	NA	NA	NA	NA	NA
JBHJCD010000006.1_100	113427	113930	504	-1	0.675	11	GGA/GAG/AGG	GENOMAD.159343.CP	6.096e-29	115	0	0	0	1	NA	NA	NA	PF14499;TIGR03404;COG3257;K01569	bicupin, oxalate decarboxylase family
JBHJCD010000006.1_101	113940	115613	1674	-1	0.658	11	GGAGG	NA	NA	NA	0	0	0	1	NA	NA	NA	NA	NA
JBHJCD010000006.1_102	115610	116254	645	-1	0.712	11	None	GENOMAD.001958.CC	8.94e-25	105	0	0	0	1	NA	NA	NA	PF14864;COG3165;K03690	Ubiquinone biosynthesis protein UbiJ, contains SCP2 domain
JBHJCD010000006.1_103	116489	117592	1104	1	0.645	11	AGGAG	NA	NA	NA	0	0	0	1	NA	NA	NA	NA	NA
JBHJCD010000006.1_104	117781	117939	159	-1	0.566	11	GGA/GAG/AGG	GENOMAD.170307.CP	2.349e-06	44	0	0	0	1	NA	NA	NA	PF07043;COG5487	Uncharacterized membrane protein YtjA, UPF0391 family
JBHJCD010000006.1_105	118004	119014	1011	-1	0.657	11	GGAG/GAGG	NA	NA	NA	0	0	0	1	NA	NA	NA	NA	NA
JBHJCD010000006.1_106	119242	120921	1680	-1	0.680	11	None	NA	NA	NA	0	0	0	1	NA	NA	NA	NA	NA
JBHJCD010000006.1_107	121224	121607	384	1	0.672	11	GGA/GAG/AGG	NA	NA	NA	0	0	0	1	NA	NA	NA	NA	NA
JBHJCD010000006.1_108	121763	122665	903	-1	0.636	11	GGA/GAG/AGG	NA	NA	NA	0	0	0	1	NA	NA	NA	NA	NA
JBHJCD010000006.1_109	122814	123953	1140	-1	0.568	11	AGxAGG/AGGxGG	NA	NA	NA	0	0	0	1	NA	NA	NA	NA	NA
JBHJCD010000006.1_110	124037	125053	1017	-1	0.645	11	None	NA	NA	NA	0	0	0	1	NA	NA	NA	NA	NA
JBHJCD010000006.1_111	125155	125475	321	-1	0.664	11	GGA/GAG/AGG	GENOMAD.019745.CC	8.659e-16	74	0	0	0	1	NA	NA	NA	PF13698;PF08139;COG4380	Prokaryotic membrane lipoprotein lipid attachment site
JBHJCD010000006.1_112	125862	126323	462	1	0.710	11	GGA/GAG/AGG	NA	NA	NA	0	0	0	1	NA	NA	NA	NA	NA
JBHJCD010000006.1_113	126350	126826	477	1	0.637	11	None	NA	NA	NA	0	0	0	1	NA	NA	NA	NA	NA
JBHJCD010000006.1_114	127176	128405	1230	-1	0.686	11	GGAG/GAGG	GENOMAD.194979.PC	5.955e-74	257	0	0	0	1	NA	NA	NA	PF03825;TIGR00892;COG2223;K05820	Nucleoside H+ symporter
JBHJCD010000006.1_115	128498	129115	618	-1	0.665	11	GGAG/GAGG	GENOMAD.193021.PC	4.29e-19	88	0	0	0	1	NA	NA	NA	NA	NA
JBHJCD010000006.1_116	129218	129970	753	-1	0.733	11	AGGAG	GENOMAD.193021.PC	2.732e-23	102	0	0	0	1	NA	NA	NA	NA	NA
JBHJCD010000006.1_117	130161	131504	1344	-1	0.685	11	GGAG/GAGG	NA	NA	NA	0	0	0	1	NA	NA	NA	NA	NA
JBHJCD010000006.1_118	131489	132931	1443	-1	0.689	11	GGA/GAG/AGG	NA	NA	NA	0	0	0	1	NA	NA	NA	NA	NA
JBHJCD010000006.1_119	132981	134708	1728	-1	0.637	11	GGAG/GAGG	NA	NA	NA	0	0	0	1	NA	NA	NA	NA	NA
JBHJCD010000006.1_120	135066	135662	597	1	0.595	11	GGA/GAG/AGG	GENOMAD.206109.CP	1.182e-96	312	0	0	0	1	NA	NA	NA	PF06316;TIGR04273	sulfation-dependent quorum factor, Ax21 family
JBHJCD010000006.1_121	136127	137152	1026	-1	0.677	11	None	NA	NA	NA	0	0	0	1	NA	NA	NA	NA	NA
JBHJCD010000006.1_122	137168	137680	513	-1	0.635	11	GGAG/GAGG	NA	NA	NA	0	0	0	1	NA	NA	NA	NA	NA
JBHJCD010000006.1_123	137790	138224	435	-1	0.653	11	None	NA	NA	NA	0	0	0	1	NA	NA	NA	NA	NA
JBHJCD010000006.1_124	138300	138722	423	-1	0.676	11	GGA/GAG/AGG	GENOMAD.030230.CC	1.981e-46	164	0	0	0	1	NA	NA	NA	PF12870	NA
JBHJCD010000006.1_125	138751	139293	543	-1	0.656	11	None	GENOMAD.169209.CP	1.93e-39	146	0	0	0	1	NA	NA	NA	PF09500;TIGR02447;COG2050;K02614	thioesterase domain, putative
JBHJCD010000006.1_126	139546	140355	810	-1	0.632	11	GGAG/GAGG	NA	NA	NA	0	0	0	1	NA	NA	NA	NA	NA
JBHJCD010000006.1_127	140559	141338	780	1	0.701	11	None	GENOMAD.120512.CP	6.874e-98	319	0	0	0	1	NA	NA	NA	PF02602;K13543;COG1587	Uroporphyrinogen-III synthase HemD
JBHJCD010000006.1_128	141442	142419	978	1	0.694	11	GGAG/GAGG	GENOMAD.018427.CC	7.369e-191	591	0	0	0	1	NA	NA	NA	PF04375;COG2959	Uncharacterized conserved protein HemX (no evidence of involvement in heme biosynthesis)
JBHJCD010000006.1_129	142416	143681	1266	1	0.673	11	GGAG/GAGG	GENOMAD.112670.CP	8.05e-24	108	0	0	0	1	NA	NA	NA	PF07219;PF16918;K02498;TIGR00540;COG3071	heme biosynthesis-associated TPR protein
JBHJCD010000006.1_130	143904	145184	1281	-1	0.680	11	GGA/GAG/AGG	NA	NA	NA	0	0	0	1	NA	NA	NA	NA	NA
JBHJCD010000006.1_131	145288	146172	885	1	0.688	11	None	GENOMAD.037431.CC	2.704e-143	452	0	0	0	1	NA	NA	NA	NA	NA
JBHJCD010000006.1_132	146169	146606	438	1	0.662	11	GGA/GAG/AGG	GENOMAD.146194.CP	6.146e-28	111	0	0	0	1	NA	NA	NF000496	PF19581;COG3607;TIGR03645;K08234	Predicted lactoylglutathione lyase
JBHJCD010000006.1_133	147140	147787	648	-1	0.685	11	AGGAG	NA	NA	NA	0	0	0	1	NA	NA	NA	NA	NA
JBHJCD010000006.1_134	147836	148438	603	-1	0.721	11	AGGAG	NA	NA	NA	0	0	0	1	NA	NA	NA	NA	NA
JBHJCD010000006.1_135	148806	150233	1428	-1	0.689	11	AGGAG	NA	NA	NA	0	0	0	1	NA	NA	NA	NA	NA
JBHJCD010000006.1_136	150226	151263	1038	-1	0.697	11	None	NA	NA	NA	0	0	0	1	NA	NA	NA	NA	NA
JBHJCD010000006.1_137	151546	152988	1443	-1	0.671	11	GGAG/GAGG	NA	NA	NA	0	0	0	1	NA	NA	NA	NA	NA
JBHJCD010000006.1_138	153011	153349	339	-1	0.649	11	None	GENOMAD.000475.CC	0.0006682	40	0	0	0	1	NA	NA	NA	PF06153;COG3870;K02590	Cyclic-di-AMP receptor
JBHJCD010000006.1_139	153623	155032	1410	-1	0.629	11	GGAG/GAGG	GENOMAD.120657.CP	6.666e-24	109	0	0	0	1	NA	NA	NA	PF00120;COG3968;TIGR03105;K01915	Glutamine synthetase type III
JBHJCD010000006.1_140	155254	156051	798	1	0.649	11	None	GENOMAD.123894.CP	9.8e-38	145	0	0	0	1	NA	NA	NA	K06153;COG1968	Undecaprenyl pyrophosphate phosphatase
JBHJCD010000006.1_141	156292	157107	816	1	0.701	11	GGAG/GAGG	GENOMAD.179467.CP	2.01e-26	112	0	0	0	1	NA	NA	NA	PF14302;PF03724;K03668;COG3187;TIGR03066	Heat shock protein HslJ
JBHJCD010000006.1_142	157163	158173	1011	-1	0.674	11	GGA/GAG/AGG	NA	NA	NA	0	0	0	1	NA	NA	NA	NA	NA
JBHJCD010000006.1_143	158253	158864	612	-1	0.670	11	GGAG/GAGG	NA	NA	NA	0	0	0	1	NA	NA	NA	NA	NA
JBHJCD010000006.1_144	159055	161127	2073	-1	0.710	11	GGA/GAG/AGG	GENOMAD.121720.CP	2.858e-09	63	0	0	0	1	NA	NA	NA	PF13429;COG5010;TIGR02521;K02656	Flp pilus assembly protein TadD, contains TPR repeats
JBHJCD010000006.1_145	161277	161534	258	-1	0.643	11	None	NA	NA	NA	0	0	0	1	NA	NA	NA	NA	NA
JBHJCD010000006.1_146	161531	162520	990	-1	0.676	11	None	GENOMAD.086420.CP	4.702e-59	210	0	0	0	1	NA	NA	NA	PF00561;K07019;COG0429;TIGR02240	Predicted hydrolase of the alpha/beta-hydrolase fold
JBHJCD010000006.1_147	162580	163383	804	-1	0.674	11	None	GENOMAD.120720.CV	4.28e-23	102	0	0	0	1	NA	NA	NA	PF19576;K22617;TIGR00530;COG3176	Acyltransferase
JBHJCD010000006.1_148	163501	163929	429	-1	0.655	11	None	GENOMAD.142661.CP	2.226e-29	115	0	0	0	1	NA	NA	NA	PF14539;K24147;TIGR02447;COG2050	thioesterase domain, putative
JBHJCD010000006.1_149	164233	166251	2019	-1	0.668	11	AGGAGG	NA	NA	NA	0	0	0	1	NA	NA	NA	NA	NA
JBHJCD010000006.1_150	166248	166820	573	-1	0.634	11	GGxGG	GENOMAD.138165.CP	8.624e-09	57	0	0	0	1	NA	NA	NA	PF04264;COG2353	Polyisoprenoid-binding periplasmic protein YceI
JBHJCD010000006.1_151	166824	167300	477	-1	0.706	11	GGA/GAG/AGG	GENOMAD.133985.CP	2.941e-14	72	0	0	0	1	NA	NA	NA	PF00300;K08296;TIGR00249;COG2062	phosphohistidine phosphatase SixA
JBHJCD010000006.1_152	167316	167948	633	-1	0.662	11	GGAG/GAGG	NA	NA	NA	0	0	0	1	NA	NA	NA	NA	NA
JBHJCD010000006.1_153	168272	169291	1020	-1	0.656	11	GGAG/GAGG	GENOMAD.129517.CP	2.182e-25	111	0	0	0	1	NA	NA	NA	PF13593;K24180;TIGR00946;COG0679	he Auxin Efflux Carrier (AEC) Family
JBHJCD010000006.1_154	170024	170605	582	-1	0.691	11	GGAGG	GENOMAD.177989.CP	6.157e-93	301	0	0	0	1	NA	NA	NA	PF09976;COG3063;TIGR03302	Tetratricopeptide repeat-like domain
JBHJCD010000006.1_155	170855	174562	3708	1	0.663	11	None	GENOMAD.137972.CP	6.945e-184	613	0	0	0	1	NA	NA	NA	PF01855;PF17147;K04090;TIGR03336;COG4231	indolepyruvate ferredoxin oxidoreductase, alpha subunit
JBHJCD010000006.1_156	174958	175944	987	-1	0.653	11	AGGA	GENOMAD.146319.CP	3.28e-35	140	0	0	0	1	NA	NA	NA	PF10017;K18884;TIGR03439;COG4301	probable methyltransferase domain, EasF family
JBHJCD010000006.1_157	175941	177176	1236	-1	0.659	11	None	GENOMAD.028111.CC	0.0001025	47	0	0	0	1	NA	NA	NA	PF08020;TIGR03440;COG4283;K18912	ergothioneine biosynthesis protein EgtB
JBHJCD010000006.1_158	177425	178477	1053	1	0.684	11	None	GENOMAD.123263.CP	2.161e-11	68	0	0	0	1	NA	NA	NA	PF19488;K11717;TIGR01814;COG3844	kynureninase
JBHJCD010000006.1_159	178668	180140	1473	-1	0.654	11	None	NA	NA	NA	0	0	0	1	NA	NA	NA	NA	NA
JBHJCD010000006.1_160	180137	180874	738	-1	0.668	11	None	NA	NA	NA	0	0	0	1	NA	NA	NA	NA	NA
JBHJCD010000006.1_161	180923	181288	366	-1	0.658	11	GGA/GAG/AGG	NA	NA	NA	0	0	0	1	NA	NA	NA	NA	NA
JBHJCD010000006.1_162	181308	182513	1206	-1	0.648	11	GGAG/GAGG	NA	NA	NA	0	0	0	1	NA	NA	NA	NA	NA
JBHJCD010000006.1_163	182661	183506	846	1	0.662	11	None	NA	NA	NA	0	0	0	1	NA	NA	NA	NA	NA
JBHJCD010000006.1_164	183704	184711	1008	1	0.698	11	AGGAG	NA	NA	NA	0	0	0	1	NA	NA	NA	NA	NA
JBHJCD010000006.1_165	184740	186113	1374	-1	0.663	11	None	NA	NA	NA	0	0	0	1	NA	NA	NA	NA	NA
JBHJCD010000006.1_166	186288	187331	1044	1	0.662	11	None	NA	NA	NA	0	0	0	1	NA	NA	NA	NA	NA
JBHJCD010000006.1_167	187877	190075	2199	-1	0.652	11	GGA/GAG/AGG	GENOMAD.136702.CP	2.292e-128	430	0	0	0	1	NA	NA	NA	K16088;COG4773	Outer membrane receptor for ferric coprogen and ferric-rhodotorulic acid
JBHJCD010000006.1_168	190369	190851	483	-1	0.677	11	None	GENOMAD.140723.CP	8.41e-22	94	0	0	0	1	NA	NA	NA	PF17805;PF02295;K05800;COG1522;TIGR02702	DNA-binding transcriptional regulator, Lrp family
JBHJCD010000006.1_169	190980	191870	891	1	0.651	11	GGA/GAG/AGG	NA	NA	NA	0	0	0	1	NA	NA	NA	NA	NA
JBHJCD010000006.1_170	192008	192652	645	1	0.685	11	None	NA	NA	NA	0	0	0	1	NA	NA	NA	NA	NA
JBHJCD010000006.1_171	192879	193991	1113	-1	0.650	11	GGAG/GAGG	GENOMAD.161503.CP	0.0007288	44	0	0	0	1	NA	NA	NA	PF05523;K07155;TIGR04366;COG3837	cupin fold metalloprotein, WbuC family
JBHJCD010000006.1_172	194214	194876	663	-1	0.633	11	GGAG/GAGG	NA	NA	NA	0	0	0	1	NA	NA	NA	NA	NA
JBHJCD010000006.1_173	195110	195865	756	-1	0.653	11	AGGAG	NA	NA	NA	0	0	0	1	NA	NA	NA	NA	NA
JBHJCD010000006.1_174	196048	196902	855	-1	0.646	11	GGAG/GAGG	GENOMAD.170246.CP	4.444e-59	208	0	0	0	1	NA	NA	NA	NA	NA
JBHJCD010000006.1_175	197324	198382	1059	-1	0.687	11	None	NA	NA	NA	0	0	0	1	NA	NA	NA	NA	NA
JBHJCD010000006.1_176	198524	200107	1584	-1	0.667	11	AGGAG	GENOMAD.151274.CP	0.0003	46	0	0	0	1246	Caudoviricetes	NA	NA	K15921;COG3940	Beta-xylosidase, GH43 family
JBHJCD010000006.1_177	200301	201584	1284	-1	0.639	11	GGAGG	NA	NA	NA	0	0	0	1	NA	NA	NA	NA	NA
JBHJCD010000006.1_178	201584	202105	522	-1	0.663	11	GGAG/GAGG	GENOMAD.140917.CP	2.547e-23	99	0	0	0	1	NA	NA	NA	PF04290;COG4665;K21394	TRAP-type mannitol/chloroaromatic compound transport system, small permease component
JBHJCD010000006.1_179	202116	203114	999	-1	0.651	11	GGAGG	NA	NA	NA	0	0	0	1	NA	NA	NA	NA	NA
JBHJCD010000006.1_180	203152	203973	822	-1	0.663	11	GGAG/GAGG	GENOMAD.182377.PC	3.47e-33	132	0	0	0	1	NA	NA	NA	PF01557;K02554;TIGR03218;COG3971	4-oxalocrotonate decarboxylase
JBHJCD010000006.1_181	204112	205188	1077	1	0.696	11	GGAGG	NA	NA	NA	0	0	0	1	NA	NA	NA	NA	NA
JBHJCD010000006.1_182	205185	206807	1623	1	0.675	11	AGGAG	GENOMAD.178810.CP	3.519e-32	136	0	0	0	1	NA	NA	NA	PF19465;PF00135;K01753;TIGR02035;COG3048	D-serine ammonia-lyase
JBHJCD010000006.1_183	206853	207932	1080	-1	0.653	11	None	NA	NA	NA	0	0	0	1	NA	NA	NA	NA	NA
JBHJCD010000006.1_184	208070	208621	552	-1	0.656	11	None	GENOMAD.106711.CP	3.646e-33	128	0	0	0	1	NA	NA	NA	PF12850;K07095;TIGR00040;COG0622	phosphoesterase, MJ0936 family
JBHJCD010000006.1_185	208757	210952	2196	-1	0.660	11	AGGAG	GENOMAD.154880.CP	3.92e-21	102	0	0	0	1246	Caudoviricetes	NA	NA	PF02806	Alpha amylase, C-terminal all-beta domain
JBHJCD010000006.1_186	210952	214302	3351	-1	0.656	11	AGGAG	NA	NA	NA	0	0	0	1	NA	NA	NA	NA	NA
JBHJCD010000006.1_187	214299	217415	3117	-1	0.661	11	GGAG/GAGG	NA	NA	NA	0	0	0	1	NA	NA	NA	NA	NA
JBHJCD010000006.1_188	218281	218769	489	1	0.636	11	GGA/GAG/AGG	GENOMAD.180345.CP	4.089e-22	95	0	0	0	1	NA	NA	NA	PF20024;K03712;TIGR04472;COG5631	mobile rSAM pair MarR family regulator
JBHJCD010000006.1_189	218777	219271	495	1	0.624	11	AGGAG	NA	NA	NA	0	0	0	1	NA	NA	NA	NA	NA
JBHJCD010000006.1_190	219371	219634	264	1	0.591	11	GGA/GAG/AGG	NA	NA	NA	0	0	0	1	NA	NA	NA	NA	NA
JBHJCD010000006.1_191	220633	220953	321	-1	0.620	11	GGAGG	GENOMAD.003164.PP	0.0001128	42	0	0	0	1	NA	NA	NA	PF07424	TrbM
JBHJCD010000006.1_192	221364	221507	144	-1	0.562	11	None	NA	NA	NA	0	0	0	1	NA	NA	NA	NA	NA
JBHJCD010000006.1_193	221609	221965	357	-1	0.543	11	GGAG/GAGG	NA	NA	NA	0	0	0	1	NA	NA	NA	NA	NA
JBHJCD010000006.1_194	222198	222467	270	-1	0.607	11	GGA/GAG/AGG	NA	NA	NA	0	0	0	1	NA	NA	NA	NA	NA
JBHJCD010000006.1_195	222757	223146	390	-1	0.679	11	AGGAG	NA	NA	NA	0	0	0	1	NA	NA	NA	NA	NA
JBHJCD010000006.1_196	223541	226171	2631	-1	0.559	11	GGA/GAG/AGG	GENOMAD.167640.PC	4.122e-72	266	0	0	0	1	NA	NA	NA	PF13166;TIGR00606;COG4694;K02045	rad50
JBHJCD010000006.1_197	226611	227456	846	-1	0.447	11	AGGA	NA	NA	NA	0	0	0	1	NA	NA	NA	NA	NA
JBHJCD010000006.1_198	227718	227798	81	1	0.543	11	GGAG/GAGG	NA	NA	NA	0	0	0	1	NA	NA	NA	NA	NA
JBHJCD010000007.1_1	1017	2795	1779	1	0.583	11	GGA/GAG/AGG	NA	NA	NA	0	0	0	1	NA	NA	NA	NA	NA
JBHJCD010000007.1_2	2967	3143	177	-1	0.655	11	GGAG/GAGG	NA	NA	NA	0	0	0	1	NA	NA	NA	NA	NA
JBHJCD010000007.1_3	3222	3470	249	-1	0.643	11	GGA/GAG/AGG	NA	NA	NA	0	0	0	1	NA	NA	NA	NA	NA
JBHJCD010000007.1_4	3531	5324	1794	1	0.662	11	None	NA	NA	NA	0	0	0	1	NA	NA	NA	NA	NA
JBHJCD010000007.1_5	5507	5740	234	-1	0.645	11	GGAG/GAGG	NA	NA	NA	0	0	0	1	NA	NA	NA	NA	NA
JBHJCD010000007.1_6	5907	6881	975	1	0.657	11	None	NA	NA	NA	0	0	0	1	NA	NA	NA	NA	NA
JBHJCD010000007.1_7	7134	8558	1425	-1	0.682	11	GGAG/GAGG	NA	NA	NA	0	0	0	1	NA	NA	NA	NA	NA
JBHJCD010000007.1_8	8552	9283	732	-1	0.631	11	AGGA	NA	NA	NA	0	0	0	1	NA	NA	NA	NA	NA
JBHJCD010000007.1_9	9327	12503	3177	-1	0.638	11	AGGA	NA	NA	NA	0	0	0	1	NA	NA	NA	NA	NA
JBHJCD010000007.1_10	12682	13872	1191	-1	0.679	11	GGA/GAG/AGG	NA	NA	NA	0	0	0	1	NA	NA	NA	NA	NA
JBHJCD010000007.1_11	13869	14642	774	-1	0.708	11	GGAG/GAGG	NA	NA	NA	0	0	0	1	NA	NA	NA	NA	NA
JBHJCD010000007.1_12	14639	14866	228	-1	0.627	11	AGGAG	NA	NA	NA	0	0	0	1	NA	NA	NA	NA	NA
JBHJCD010000007.1_13	14994	16028	1035	1	0.623	11	GGA/GAG/AGG	GENOMAD.190451.PC	2.472e-07	55	0	0	0	1	NA	NA	NA	K21698;TIGR02424;COG0583	pca operon transcription factor PcaQ
JBHJCD010000007.1_14	16860	17585	726	-1	0.647	11	AGGAG	NA	NA	NA	0	0	0	1	NA	NA	NA	NA	NA
JBHJCD010000007.1_15	17858	19276	1419	-1	0.649	11	GGA/GAG/AGG	NA	NA	NA	0	0	0	1	NA	NA	NA	NA	NA
JBHJCD010000007.1_16	19382	20812	1431	-1	0.631	11	GGA/GAG/AGG	GENOMAD.068048.VV	2.107e-15	82	0	0	1	1246	Caudoviricetes	NA	NA	PF20307;TIGR03600;K02314;COG0305	phage replicative helicase, DnaB family, HK022 subfamily
JBHJCD010000007.1_17	21034	21588	555	-1	0.650	11	GGAG/GAGG	NA	NA	NA	0	0	0	1	NA	NA	NA	NA	NA
JBHJCD010000007.1_18	21759	23699	1941	-1	0.682	11	AGGAG	GENOMAD.109459.VV	3.537e-07	56	0	0	0	3080	Megamimivirinae	NA	NA	PF13230;TIGR03104;K01957;COG0367	asparagine synthase family amidotransferase
JBHJCD010000007.1_19	23884	24522	639	-1	0.646	11	GGAG/GAGG	NA	NA	NA	0	0	0	1	NA	NA	NA	NA	NA
JBHJCD010000007.1_20	24649	25707	1059	-1	0.688	11	None	GENOMAD.147712.CP	6.208e-189	587	0	0	0	1	NA	NA	NA	NA	NA
JBHJCD010000007.1_21	25710	27284	1575	-1	0.655	11	GGA/GAG/AGG	GENOMAD.147712.CP	2e-323	985	0	0	0	1	NA	NA	NA	NA	NA
JBHJCD010000007.1_22	27274	28437	1164	-1	0.676	11	GGA/GAG/AGG	NA	NA	NA	0	0	0	1	NA	NA	NA	NA	NA
JBHJCD010000007.1_23	28593	29384	792	-1	0.648	11	GGAG/GAGG	NA	NA	NA	0	0	0	1	NA	NA	NA	NA	NA
JBHJCD010000007.1_24	29530	29745	216	1	0.653	11	GGAG/GAGG	GENOMAD.055338.CC	2.969e-26	102	0	0	0	1	NA	NA	NA	PF19611	NA
JBHJCD010000007.1_25	29745	30512	768	1	0.664	11	None	NA	NA	NA	0	0	0	1	NA	NA	NA	NA	NA
JBHJCD010000007.1_26	30569	31399	831	-1	0.662	11	None	NA	NA	NA	0	0	0	1	NA	NA	NA	NA	NA
JBHJCD010000007.1_27	31474	31902	429	1	0.681	11	AGGAG	NA	NA	NA	0	0	0	1	NA	NA	NA	NA	NA
JBHJCD010000007.1_28	32035	32514	480	1	0.671	11	GGAG/GAGG	NA	NA	NA	0	0	0	1	NA	NA	NA	NA	NA
JBHJCD010000007.1_29	32653	32868	216	-1	0.546	11	GGAG/GAGG	NA	NA	NA	0	0	0	1	NA	NA	NA	NA	NA
JBHJCD010000007.1_30	33096	33581	486	1	0.646	11	None	GENOMAD.097044.CV	2.371e-28	113	0	0	0	1	NA	NA	NA	COG2839;K09793	Uncharacterized conserved protein YqgC, DUF456 family
JBHJCD010000007.1_31	33840	34973	1134	1	0.627	11	None	NA	NA	NA	0	0	0	1	NA	NA	NA	NA	NA
JBHJCD010000007.1_32	35355	36068	714	-1	0.644	11	GGA/GAG/AGG	NA	NA	NA	0	0	0	1	NA	NA	NA	NA	NA
JBHJCD010000007.1_33	36181	36816	636	-1	0.676	11	GGAG/GAGG	NA	NA	NA	0	0	0	1	NA	NA	NA	NA	NA
JBHJCD010000007.1_34	37058	38575	1518	-1	0.641	11	GGA/GAG/AGG	NA	NA	NA	0	0	0	1	NA	NA	NA	NA	NA
JBHJCD010000007.1_35	38874	40754	1881	1	0.651	11	None	NA	NA	NA	0	0	0	1	NA	NA	NA	NA	NA
JBHJCD010000007.1_36	40953	41732	780	1	0.622	11	None	NA	NA	NA	0	0	0	1	NA	NA	NA	NA	NA
JBHJCD010000007.1_37	41880	42365	486	-1	0.628	11	GGA/GAG/AGG	NA	NA	NA	0	0	0	1	NA	NA	NA	NA	NA
JBHJCD010000007.1_38	42787	44937	2151	1	0.621	11	GGA/GAG/AGG	NA	NA	NA	0	0	0	1	NA	NA	NA	NA	NA
JBHJCD010000007.1_39	45170	45625	456	-1	0.610	11	GGA/GAG/AGG	GENOMAD.154491.CP	7.73e-07	50	0	0	0	1	NA	NA	NA	PF03965;K18906;COG5631;TIGR04472	Predicted transcription regulator, contains HTH domain, MarR family
JBHJCD010000007.1_40	45737	46582	846	-1	0.625	11	GGAG/GAGG	GENOMAD.026002.CC	1.784e-97	319	0	0	0	1	NA	NA	NA	PF13739;PF11738	Deacetylase PdaC
JBHJCD010000007.1_41	46634	46903	270	-1	0.600	11	GGAG/GAGG	GENOMAD.167952.CP	8.299e-17	76	0	0	0	1	NA	NA	NA	PF14542;COG2388	GCN5-related N-acetyl-transferase
JBHJCD010000007.1_42	47131	47319	189	1	0.603	11	GGAG/GAGG	NA	NA	NA	0	0	0	1	NA	NA	NA	NA	NA
JBHJCD010000007.1_43	47628	48236	609	-1	0.599	11	GGAG/GAGG	NA	NA	NA	0	0	0	1	NA	NA	NA	NA	NA
JBHJCD010000007.1_44	48244	49809	1566	-1	0.630	11	GGA/GAG/AGG	NA	NA	NA	0	0	0	1	NA	NA	NA	NA	NA
JBHJCD010000007.1_45	50168	51937	1770	1	0.645	11	GGA/GAG/AGG	GENOMAD.145507.CP	9.856e-83	290	0	0	0	1	NA	NA	NA	PF17033;COG4073;K14054;TIGR02994	Carboxypeptidase controlling helical cell shape catalytic
JBHJCD010000007.1_46	52059	54305	2247	1	0.660	11	None	NA	NA	NA	0	0	0	1	NA	NA	NA	NA	NA
JBHJCD010000007.1_47	54663	55124	462	-1	0.673	11	AGGA/GGAG/GAGG	NA	NA	NA	0	0	0	1	NA	NA	NA	NA	NA
JBHJCD010000007.1_48	55238	55699	462	-1	0.617	11	AGGA	NA	NA	NA	0	0	0	1	NA	NA	NA	NA	NA
JBHJCD010000007.1_49	56210	57790	1581	-1	0.635	11	None	NA	NA	NA	0	0	0	1	NA	NA	NA	NA	NA
JBHJCD010000007.1_50	57797	58990	1194	-1	0.657	11	GGA/GAG/AGG	GENOMAD.138157.CP	1.733e-39	155	0	0	0	1	NA	NA	NA	PF13437;TIGR02828	HlyD family secretion protein
JBHJCD010000007.1_51	59001	60383	1383	-1	0.696	11	None	GENOMAD.123577.CP	4.982e-12	71	0	0	0	1	NA	NA	NA	PF02321;TIGR01845;K12340;COG1538	efflux transporter, outer membrane factor (OMF) lipoprotein, NodT family
JBHJCD010000007.1_52	60513	60962	450	-1	0.662	11	GGA/GAG/AGG	GENOMAD.158192.CP	0.0001695	43	0	0	0	1	NA	NA	NA	PF20024;K06075;TIGR04472;COG5631	mobile rSAM pair MarR family regulator
JBHJCD010000007.1_53	61076	61927	852	1	0.711	11	None	GENOMAD.183418.PC	1.05e-11	68	0	0	0	1	NA	NA	NA	PF12833;PF02311;TIGR02297;K03490;COG2207	4-hydroxyphenylacetate catabolism regulatory protein HpaA
JBHJCD010000007.1_54	61989	64232	2244	1	0.649	11	AGGA/GGAG/GAGG	GENOMAD.026404.VV	7.313e-41	166	0	0	0	1246	Caudoviricetes	NA	NA	PF00521;PF00986;K02469;TIGR01063;COG0188	DNA gyrase, A subunit
JBHJCD010000007.1_55	65010	65666	657	1	0.636	11	GGA/GAG/AGG	GENOMAD.137608.CP	1.32e-70	238	0	0	0	1	NA	NA	NA	PF05724;K00569;TIGR03840;COG2227	thiopurine S-methyltransferase, Se/Te detoxification family
JBHJCD010000007.1_56	65932	66417	486	-1	0.611	11	GGAG/GAGG	NA	NA	NA	0	0	0	1	NA	NA	NA	NA	NA
JBHJCD010000007.1_57	66564	68978	2415	1	0.679	11	AGGA	NA	NA	NA	0	0	0	1	NA	NA	NA	NA	NA
JBHJCD010000007.1_58	69395	70636	1242	1	0.641	11	None	GENOMAD.141017.CP	3.28e-16	84	0	0	0	1	NA	NA	NA	PF14905;PF07715;K16090;COG4774;TIGR01776	Outer membrane receptor for monomeric catechols
JBHJCD010000007.1_59	70640	71533	894	1	0.629	11	None	GENOMAD.133821.CP	3.999e-25	109	0	0	0	1246	Caudoviricetes	NA	NA	PF18480;PF14905;COG4634	Predicted nuclease, contains PIN domain, potential toxin-antitoxin system component
JBHJCD010000007.1_60	71975	73027	1053	1	0.612	11	GGA/GAG/AGG	GENOMAD.183623.VC	6.946e-15	79	0	0	0	1	NA	NA	NA	PF00295;TIGR03808;K07218;COG3420	twin-arg-translocated uncharacterized repeat protein
JBHJCD010000007.1_61	73095	74789	1695	-1	0.641	11	AGGAG	GENOMAD.057851.VV	1.811e-12	73	0	0	0	14384	Megaviricetes	NA	NA	PF12481;TIGR03104;COG0367;K24327	asparagine synthase family amidotransferase
JBHJCD010000007.1_62	75083	76213	1131	-1	0.675	11	None	GENOMAD.143077.CP	5.144e-06	51	0	0	0	1	NA	NA	NA	PF01546;K13049;TIGR01880;COG2195	N-acyl-L-amino-acid amidohydrolase
JBHJCD010000007.1_63	76459	76815	357	-1	0.605	11	GGA/GAG/AGG	GENOMAD.136132.CP	1.165e-17	80	0	0	0	1	NA	NA	NA	PF03960;TIGR01616;K00537;COG1393	nitrogenase-associated protein
JBHJCD010000007.1_64	77008	78204	1197	-1	0.648	11	GGAG/GAGG	GENOMAD.000476.CC	7.823e-63	224	0	0	0	1	NA	NA	NA	PF14805;K19107;TIGR00965;COG2171	2,3,4,5-tetrahydropyridine-2,6-dicarboxylate N-succinyltransferase
JBHJCD010000007.1_65	78226	80835	2610	-1	0.674	11	None	GENOMAD.111010.CP	2.801e-149	497	0	0	0	1	NA	NA	NA	PF08335;PF12252;PF03445;K00990;TIGR01693;COG2844	[Protein-PII] uridylyltransferase
JBHJCD010000007.1_66	80832	81608	777	-1	0.625	11	None	NA	NA	NA	0	0	0	1	NA	NA	NA	NA	NA
JBHJCD010000007.1_67	81926	82450	525	1	0.638	11	AGGA	GENOMAD.171641.PC	1.258e-92	299	0	0	0	1	NA	NA	NA	PF05229;COG5430;K07349	Spore coat protein U (SCPU) domain, function unknown
JBHJCD010000007.1_68	82459	83229	771	1	0.678	11	GGA/GAG/AGG	GENOMAD.181911.PC	2.342e-43	161	0	0	0	1	NA	NA	NA	PF00345;K07346;COG3121	P pilus assembly protein, chaperone PapD
JBHJCD010000007.1_69	83246	85597	2352	1	0.680	11	None	NA	NA	NA	0	0	0	1	NA	NA	NA	NA	NA
JBHJCD010000007.1_70	85594	86628	1035	1	0.646	11	GGA/GAG/AGG	GENOMAD.180523.PC	1.422e-83	282	0	0	0	1	NA	NA	NA	PF05229;COG5430	Spore coat protein U (SCPU) domain, function unknown
JBHJCD010000007.1_71	86677	87009	333	1	0.700	11	None	NA	NA	NA	0	0	0	1	NA	NA	NA	NA	NA
JBHJCD010000007.1_72	87012	87737	726	1	0.691	11	None	GENOMAD.183678.PC	1.09e-35	138	0	0	0	1	NA	NA	NA	PF00345;K07346;COG3121	P pilus assembly protein, chaperone PapD
JBHJCD010000007.1_73	88136	88933	798	1	0.633	11	AGGAG	NA	NA	NA	0	0	0	1	NA	NA	NA	NA	NA
JBHJCD010000007.1_74	89103	89981	879	1	0.637	11	GGAG/GAGG	GENOMAD.116387.CV	1.636e-25	110	0	0	0	1246	Caudoviricetes	NA	NA	PF00889;TIGR00116;COG0264	translation elongation factor Ts
JBHJCD010000007.1_75	90258	91781	1524	1	0.649	11	None	NA	NA	NA	0	0	0	1	NA	NA	NA	NA	NA
JBHJCD010000007.1_76	91888	92610	723	1	0.653	11	GGAG/GAGG	GENOMAD.000060.CC	8.667e-59	205	1	0	0	1	NA	NA	NA	PF00696;K09903;TIGR02075;COG0528	uridylate kinase
JBHJCD010000007.1_77	92798	93355	558	1	0.615	11	GGA/GAG/AGG	NA	NA	NA	0	0	0	1	NA	NA	NA	NA	NA
JBHJCD010000007.1_78	93466	94131	666	1	0.671	11	GGxGG	NA	NA	NA	0	0	0	1	NA	NA	NA	NA	NA
JBHJCD010000007.1_79	94128	94955	828	1	0.676	11	GGA/GAG/AGG	GENOMAD.118488.CP	1.162e-19	92	0	0	0	1246	Caudoviricetes	NA	NA	PF01148;COG4589	Cytidylyltransferase family
JBHJCD010000007.1_80	94958	96148	1191	1	0.692	11	GGA/GAG/AGG	GENOMAD.101892.CP	2.637e-149	475	0	0	0	1	NA	NA	NA	PF08436;PF13288;PF02670;PF09976;K00099;TIGR00243;COG0743	1-deoxy-D-xylulose 5-phosphate reductoisomerase
JBHJCD010000007.1_81	96175	97521	1347	1	0.658	11	GGA/GAG/AGG	NA	NA	NA	0	0	0	1	NA	NA	NA	NA	NA
JBHJCD010000007.1_82	97518	99971	2454	1	0.626	11	None	GENOMAD.101044.CP	2.665e-41	168	0	0	0	1	NA	NA	NA	K07277;COG4775	Outer membrane protein assembly factor BamA
JBHJCD010000007.1_83	100048	100239	192	-1	0.589	11	AGGA	NA	NA	NA	0	0	0	1	NA	NA	NA	NA	NA
JBHJCD010000007.1_84	100367	101380	1014	1	0.664	11	GGAG/GAGG	GENOMAD.087505.CP	1.928e-11	68	0	0	0	1	NA	NA	NA	PF04613;TIGR01853;COG1044	UDP-3-O-
JBHJCD010000007.1_85	101377	101835	459	1	0.606	11	AGGAG	GENOMAD.118450.CP	1.665e-07	52	0	0	0	1	NA	NA	NA	PF07977;K02372;TIGR01750;COG4706	beta-hydroxyacyl-
JBHJCD010000007.1_86	101861	102652	792	1	0.658	11	GGAG/GAGG	GENOMAD.000113.CC	8.914e-19	89	0	0	0	1	NA	NA	NA	PF13720	Udp N-acetylglucosamine O-acyltransferase; Domain 2
JBHJCD010000007.1_87	102649	103968	1320	1	0.680	11	None	GENOMAD.000143.CC	1.782e-53	198	0	0	0	1246	Caudoviricetes	NA	NA	PF02684;K00748;TIGR00215;COG0763	lipid-A-disaccharide synthase
JBHJCD010000007.1_88	104320	104709	390	1	0.697	11	None	NA	NA	NA	0	0	0	1	NA	NA	NA	NA	NA
JBHJCD010000007.1_89	104927	108517	3591	1	0.667	11	None	GENOMAD.161283.VC	3.003e-36	153	0	0	0	1246	Caudoviricetes	NA	NA	PF17657;COG1387	Bacterial DNA polymerase III alpha subunit finger domain
JBHJCD010000007.1_90	108701	109660	960	1	0.657	11	None	NA	NA	NA	0	0	0	1	NA	NA	NA	NA	NA
JBHJCD010000007.1_91	109718	110473	756	1	0.672	11	AGGA/GGAG/GAGG	GENOMAD.016342.CC	5.223e-27	113	0	0	0	1	NA	NA	NA	PF04348;COG4700;TIGR03302;K12512	Flp pilus assembly protein TadD, contains TPR repeats
JBHJCD010000007.1_92	110563	111012	450	1	0.584	11	GGA/GAG/AGG	NA	NA	NA	0	0	0	1	NA	NA	NA	NA	NA
JBHJCD010000007.1_93	111217	111663	447	-1	0.642	11	GGAG/GAGG	NA	NA	NA	0	0	0	1	NA	NA	NA	NA	NA
JBHJCD010000007.1_94	111737	112339	603	1	0.678	11	None	NA	NA	NA	0	0	0	1	NA	NA	NA	NA	NA
JBHJCD010000007.1_95	112649	113956	1308	1	0.643	11	GGA/GAG/AGG	GENOMAD.179766.CP	1.323e-87	298	0	0	0	1	NA	NA	NA	PF06850;PF00975;TIGR01849;COG4553	polyhydroxyalkanoate depolymerase, intracellular
JBHJCD010000007.1_96	114085	115002	918	-1	0.644	11	GGAGG	GENOMAD.195620.CP	4.818e-22	100	0	0	0	1	NA	NA	NA	PF13796	Putative sensor
JBHJCD010000007.1_97	114999	115361	363	-1	0.661	11	GGAG/GAGG	GENOMAD.160542.CP	0.0008446	40	0	0	0	1	NA	NA	NA	PF14557;K10917;TIGR02719;COG3811	Putative AphA-like transcriptional regulator
JBHJCD010000007.1_98	115734	117287	1554	1	0.636	11	GGA/GAG/AGG	GENOMAD.194337.PC	1.2e-47	183	0	0	0	1	NA	NA	NA	NA	NA
JBHJCD010000007.1_99	117710	119086	1377	-1	0.664	11	None	GENOMAD.050158.CC	2.489e-08	59	0	0	0	1	NA	NA	NA	NA	NA
JBHJCD010000007.1_100	119517	120197	681	1	0.645	11	None	GENOMAD.109399.CP	3.993e-12	68	0	0	0	1	NA	NA	NA	PF04367;COG2928	NA
JBHJCD010000007.1_101	120202	120978	777	1	0.634	11	GGA/GAG/AGG	NA	NA	NA	0	0	0	1	NA	NA	NA	NA	NA
JBHJCD010000007.1_102	121254	123191	1938	1	0.654	11	GGAG/GAGG	GENOMAD.142795.CP	1.749e-07	57	0	0	0	1	NA	NA	NA	PF05960;COG4805	Bacterial protein of unknown function (DUF885)
JBHJCD010000007.1_103	123272	124237	966	-1	0.671	11	GGAG/GAGG	NA	NA	NA	0	0	0	1	NA	NA	NA	NA	NA
JBHJCD010000007.1_104	124234	125631	1398	-1	0.644	11	None	GENOMAD.168467.CP	8.805e-07	54	0	0	0	1	NA	NA	NA	K03294;COG0833	Amino acid permease
JBHJCD010000007.1_105	125776	126201	426	-1	0.631	11	GGAG/GAGG	NA	NA	NA	0	0	0	1	NA	NA	NA	NA	NA
JBHJCD010000007.1_106	126258	126938	681	-1	0.640	11	GGA/GAG/AGG	NA	NA	NA	0	0	0	1	NA	NA	NA	NA	NA
JBHJCD010000007.1_107	126956	127582	627	1	0.671	11	GGA/GAG/AGG	NA	NA	NA	0	0	0	1	NA	NA	NA	NA	NA
JBHJCD010000007.1_108	127579	127968	390	1	0.636	11	GGAG/GAGG	GENOMAD.169138.CP	3.863e-08	53	0	0	0	1	NA	NA	NF000496	PF00903;K08234;TIGR03081;COG3565	methylmalonyl-CoA epimerase
JBHJCD010000007.1_109	128173	128718	546	1	0.584	11	GGA/GAG/AGG	NA	NA	NA	0	0	0	1	NA	NA	NA	NA	NA
JBHJCD010000007.1_110	129002	129271	270	1	0.611	11	GGAGG	NA	NA	NA	0	0	0	1	NA	NA	NA	NA	NA
JBHJCD010000007.1_111	129361	129810	450	1	0.644	11	GGAGG	GENOMAD.147800.CP	7.234e-28	111	0	0	0	1	NA	NA	NA	PF09917;COG4731;TIGR03066	Uncharacterized conserved protein, DUF2147 family
JBHJCD010000007.1_112	130057	132141	2085	1	0.650	11	None	NA	NA	NA	0	0	0	1	NA	NA	NA	NA	NA
JBHJCD010000007.1_113	132516	133106	591	1	0.648	11	None	NA	NA	NA	0	0	0	1	NA	NA	NA	NA	NA
JBHJCD010000007.1_114	133108	133536	429	1	0.681	11	None	GENOMAD.103286.CP	9.057e-56	191	0	0	0	1	NA	NA	NA	PF04060;PF13484;K03616;TIGR01944;COG2878	electron transport complex, RnfABCDGE type, B subunit
JBHJCD010000007.1_115	134150	134938	789	1	0.695	11	GGAG/GAGG	GENOMAD.026719.CC	1.832e-38	147	0	0	0	1	NA	NA	NA	NA	NA
JBHJCD010000007.1_116	135024	135392	369	1	0.626	11	AGGAG	GENOMAD.044178.CC	2.285e-20	88	0	0	0	1	NA	NA	NA	PF14248	Tumour protein p53-inducible protein 11
JBHJCD010000007.1_117	135451	136014	564	1	0.661	11	None	NA	NA	NA	0	0	0	1	NA	NA	NA	NA	NA
JBHJCD010000007.1_118	136011	136844	834	1	0.687	11	None	GENOMAD.194676.PC	5.232e-162	505	0	0	0	1	NA	NA	NA	PF11859;COG5343;TIGR02949	Anti-sigma-K factor RskA
JBHJCD010000007.1_119	137069	138067	999	1	0.661	11	GGAG/GAGG	NA	NA	NA	0	0	0	1	NA	NA	NA	NA	NA
JBHJCD010000007.1_120	138064	139314	1251	1	0.663	11	None	NA	NA	NA	0	0	0	1	NA	NA	NA	NA	NA
JBHJCD010000007.1_121	139314	140198	885	1	0.656	11	GGAG/GAGG	GENOMAD.158771.CP	1.678e-44	166	0	0	0	1	NA	NA	NA	PF07103;K09701;COG3496	Uncharacterized conserved protein, DUF1365 family
JBHJCD010000007.1_122	140195	141490	1296	1	0.659	11	GGA/GAG/AGG	NA	NA	NA	0	0	0	1	NA	NA	NA	NA	NA
JBHJCD010000007.1_123	141487	142032	546	1	0.674	11	None	GENOMAD.011491.CC	1.398e-34	132	0	0	0	1	NA	NA	NA	PF11086	NA
JBHJCD010000007.1_124	142029	142811	783	1	0.668	11	GGAG/GAGG	GENOMAD.154668.CP	3.879e-18	87	0	0	0	1	NA	NA	NA	PF06966;COG3752;TIGR04571	Steroid 5-alpha reductase family enzyme
JBHJCD010000007.1_125	142829	143902	1074	1	0.654	11	GGAG/GAGG	NA	NA	NA	0	0	0	1	NA	NA	NA	NA	NA
JBHJCD010000007.1_126	144060	144407	348	-1	0.647	11	AGGA	NA	NA	NA	0	0	0	1	NA	NA	NA	NA	NA
JBHJCD010000007.1_127	144418	145077	660	-1	0.670	11	None	NA	NA	NA	0	0	0	1	NA	NA	NA	NA	NA
JBHJCD010000007.1_128	145389	147953	2565	1	0.686	11	None	GENOMAD.169137.CP	6.223e-108	374	0	0	0	1	NA	NA	NA	PF09924;PF16995;COG2898;TIGR03019	Lysylphosphatidylglycerol synthetase, C-terminal domain, DUF2156 family
JBHJCD010000007.1_129	148245	149618	1374	-1	0.677	11	None	GENOMAD.196178.PC	6.122e-54	200	0	1	0	1	NA	NA	NA	PF06057;COG3946;TIGR03100;K05714	Type IV secretory pathway, VirJ component
JBHJCD010000007.1_130	149688	149882	195	-1	0.718	11	None	GENOMAD.033386.CC	4.053e-20	84	0	0	0	1	NA	NA	NA	PF09791	Oxidoreductase-like protein, N-terminal
JBHJCD010000007.1_131	149943	150548	606	-1	0.685	11	None	NA	NA	NA	0	0	0	1	NA	NA	NA	NA	NA
JBHJCD010000007.1_132	150584	151186	603	-1	0.645	11	None	GENOMAD.014488.CC	2.921e-23	100	0	0	0	1	NA	NA	NA	PF10469;K01975;COG1514;TIGR02258	AKAP7 2'5' RNA ligase-like domain
JBHJCD010000007.1_133	151458	151913	456	-1	0.638	11	AGGAG	GENOMAD.160397.CP	1.469e-09	58	0	0	0	1	NA	NA	NA	PF09537;TIGR02284;COG3685;K03594	conserved hypothetical protein
JBHJCD010000007.1_134	152133	152303	171	-1	0.614	11	GGA/GAG/AGG	GENOMAD.023882.VV	3.472e-25	98	0	0	0	1246	Caudoviricetes	NA	NA	NA	NA
JBHJCD010000007.1_135	152466	153677	1212	-1	0.659	11	GGAG/GAGG	GENOMAD.151741.CP	4.888e-05	48	0	0	0	1	NA	NA	NF033135	PF00083;COG2814;TIGR00903;K18567	Predicted arabinose efflux permease, MFS family
JBHJCD010000007.1_136	153921	155015	1095	1	0.670	11	None	NA	NA	NA	0	0	0	1	NA	NA	NA	NA	NA
JBHJCD010000007.1_137	155563	155898	336	-1	0.613	11	AGGA	NA	NA	NA	0	0	0	1	NA	NA	NA	NA	NA
JBHJCD010000007.1_138	156127	157062	936	1	0.640	11	GGA/GAG/AGG	NA	NA	NA	0	0	0	1	NA	NA	NA	NA	NA
JBHJCD010000007.1_139	157405	157725	321	1	0.667	11	GGAGG	NA	NA	NA	0	0	0	1	NA	NA	NA	NA	NA
JBHJCD010000007.1_140	157665	157871	207	1	0.700	11	None	GENOMAD.140999.CV	8.89e-08	49	0	0	0	1	NA	NA	NA	NA	NA
JBHJCD010000007.1_141	158024	159400	1377	1	0.668	11	None	NA	NA	NA	0	0	0	1	NA	NA	NA	NA	NA
JBHJCD010000007.1_142	159590	159775	186	1	0.656	11	AGGAGG	NA	NA	NA	0	0	0	1	NA	NA	NA	NA	NA
JBHJCD010000007.1_143	160171	160794	624	1	0.615	11	None	GENOMAD.168344.CP	0.0001041	45	0	0	0	1	NA	NA	NA	PF00924;COG0668	Small-conductance mechanosensitive channel
JBHJCD010000007.1_144	160978	161244	267	-1	0.659	11	GGAG/GAGG	GENOMAD.215298.VP	0.000295	40	0	0	0	1	NA	NA	NA	PF01258;COG4068	Prokaryotic dksA/traR C4-type zinc finger
JBHJCD010000007.1_145	161417	161671	255	1	0.612	11	AGGA	GENOMAD.197160.PC	4.515e-28	108	0	0	0	1	NA	NA	NA	PF10982	NA
JBHJCD010000007.1_146	161830	162003	174	-1	0.580	11	AGGAG	NA	NA	NA	0	0	0	1	NA	NA	NA	NA	NA
JBHJCD010000007.1_147	162411	162911	501	1	0.631	11	None	GENOMAD.127426.CP	1.324e-54	189	0	0	0	1	NA	NA	NA	K07043	NA
JBHJCD010000007.1_148	163108	164364	1257	1	0.707	11	AGGA	NA	NA	NA	0	0	0	1	NA	NA	NA	NA	NA
JBHJCD010000007.1_149	164521	165621	1101	1	0.634	11	GGAG/GAGG	NA	NA	NA	0	0	0	1	NA	NA	NA	NA	NA
JBHJCD010000007.1_150	165720	168554	2835	-1	0.667	11	GGAG/GAGG	NA	NA	NA	0	0	0	1	NA	NA	NA	NA	NA
JBHJCD010000007.1_151	168709	169884	1176	1	0.644	11	None	NA	NA	NA	0	0	0	1	NA	NA	NA	NA	NA
JBHJCD010000007.1_152	170577	170903	327	1	0.697	11	AGGA	NA	NA	NA	0	0	0	1	NA	NA	NA	NA	NA
JBHJCD010000007.1_153	171011	172720	1710	1	0.664	11	None	NA	NA	NA	0	0	0	1	NA	NA	NA	NA	NA
JBHJCD010000007.1_154	172954	173511	558	1	0.679	11	GGAG/GAGG	NA	NA	NA	0	0	0	1	NA	NA	NA	NA	NA
JBHJCD010000007.1_155	173508	173873	366	1	0.710	11	None	NA	NA	NA	0	0	0	1	NA	NA	NA	NA	NA
JBHJCD010000007.1_156	174253	175275	1023	1	0.665	11	GGA/GAG/AGG	GENOMAD.151488.CP	1.542e-90	302	0	0	0	1	NA	NA	NA	PF12706;PF07521;K07577;TIGR04122;COG1236	putative exonuclease, DNA ligase-associated
JBHJCD010000007.1_157	175502	177106	1605	1	0.668	11	GGA/GAG/AGG	GENOMAD.038680.VV	0.0001512	47	0	0	0	13293	Aobingvirus yangshanense	NA	NA	PF04679;PF11272;TIGR02776	DNA ligase D
JBHJCD010000007.1_158	177103	179604	2502	1	0.677	11	GGA/GAG/AGG	GENOMAD.133515.CP	6.164e-51	199	0	0	0	1	NA	NA	NA	PF19306	Helicase Lhr winged helix domain
JBHJCD010000007.1_159	179594	180244	651	1	0.674	11	GGAG/GAGG	GENOMAD.130152.CP	1.974e-25	107	0	0	0	1	NA	NA	NA	PF00149;K06953;TIGR04123;COG1407	metallophosphoesterase, DNA ligase-associated
JBHJCD010000007.1_160	180263	180427	165	-1	0.709	11	None	NA	NA	NA	0	0	0	1	NA	NA	NA	NA	NA
JBHJCD010000007.1_161	180490	181533	1044	-1	0.668	11	AGxAGG/AGGxGG	NA	NA	NA	0	0	0	1	NA	NA	NA	NA	NA
JBHJCD010000007.1_162	181628	181834	207	-1	0.614	11	GGA/GAG/AGG	NA	NA	NA	0	0	0	1	NA	NA	NA	NA	NA
JBHJCD010000007.1_163	181922	182674	753	-1	0.648	11	GGAG/GAGG	NA	NA	NA	0	0	0	1	NA	NA	NA	NA	NA
JBHJCD010000007.1_164	182762	183316	555	-1	0.665	11	GGA/GAG/AGG	NA	NA	NA	0	0	0	1	NA	NA	NA	NA	NA
JBHJCD010000007.1_165	183316	184320	1005	-1	0.692	11	GGAG/GAGG	GENOMAD.125846.CP	1.772e-35	141	0	0	0	1	NA	NA	NA	PF00933;K01207;COG1472	Periplasmic beta-glucosidase and related glycosidases
JBHJCD010000007.1_166	184436	186070	1635	-1	0.652	11	GGA/GAG/AGG	NA	NA	NA	0	0	0	1	NA	NA	NA	NA	NA
JBHJCD010000007.1_167	186194	187189	996	-1	0.681	11	None	GENOMAD.148271.CP	7.849e-11	66	0	0	0	1	NA	NA	NA	PF13454;K18208;COG3380;TIGR00031	Predicted NAD/FAD-dependent oxidoreductase
JBHJCD010000007.1_168	187206	187889	684	-1	0.675	11	None	GENOMAD.153561.CP	1.556e-06	51	0	0	0	1	NA	NA	NA	PF13743;COG2761;K07396	Predicted dithiol-disulfide isomerase, DsbA family
JBHJCD010000007.1_169	188115	188612	498	-1	0.596	11	None	NA	NA	NA	0	0	0	1	NA	NA	NA	NA	NA
JBHJCD010000007.1_170	188692	190026	1335	-1	0.658	11	None	NA	NA	NA	0	0	0	1	NA	NA	NA	NA	NA
JBHJCD010000007.1_171	190185	190907	723	1	0.678	11	AGGAGG	NA	NA	NA	0	0	0	1	NA	NA	NA	NA	NA
JBHJCD010000007.1_172	191308	192030	723	-1	0.686	11	GGA/GAG/AGG	GENOMAD.001567.CC	1.447e-30	123	1	0	0	1	NA	NA	NA	PF11967;PF02565;TIGR00613;COG1381;K03584	DNA repair protein RecO
JBHJCD010000007.1_173	192168	192944	777	-1	0.573	11	AGGAG	NA	NA	NA	0	0	0	1	NA	NA	NA	NA	NA
JBHJCD010000007.1_174	192971	193873	903	-1	0.671	11	GGA/GAG/AGG	NA	NA	NA	0	0	0	1	NA	NA	NA	NA	NA
JBHJCD010000007.1_175	193870	194550	681	-1	0.656	11	None	NA	NA	NA	0	0	0	1	NA	NA	NA	NA	NA
JBHJCD010000007.1_176	194540	194917	378	-1	0.526	11	GGA/GAG/AGG	GENOMAD.003954.CC	1.69e-65	218	0	0	0	1	NA	NA	NA	PF16137;COG4970;TIGR01708;K10924	Tfp pilus assembly protein FimT
JBHJCD010000007.1_177	194948	195748	801	-1	0.617	11	AGGA	NA	NA	NA	0	0	0	1	NA	NA	NA	NA	NA
JBHJCD010000007.1_178	195854	197644	1791	-1	0.623	11	None	NA	NA	NA	0	0	0	1	NA	NA	NA	NA	NA
JBHJCD010000007.1_179	197834	199411	1578	-1	0.683	11	GGAGG	NA	NA	NA	0	0	0	1	NA	NA	NA	NA	NA
JBHJCD010000007.1_180	199521	200417	897	-1	0.717	11	GGA/GAG/AGG	GENOMAD.006189.CC	3.681e-124	397	0	0	0	1	NA	NA	NA	K03597;COG3073	Negative regulator of sigma E activity
JBHJCD010000007.1_181	200414	201034	621	-1	0.630	11	AGGAG/GGAGG	NA	NA	NA	0	0	0	1	NA	NA	NA	NA	NA
JBHJCD010000007.1_182	201271	203352	2082	1	0.681	11	GGA/GAG/AGG	NA	NA	NA	0	0	0	1	NA	NA	NA	NA	NA
JBHJCD010000007.1_183	203568	204533	966	-1	0.657	11	AGxAG	NA	NA	NA	0	0	0	1	NA	NA	NA	NA	NA
JBHJCD010000007.1_184	204747	205634	888	-1	0.672	11	GGA/GAG/AGG	NA	NA	NA	0	0	0	1	NA	NA	NA	NA	NA
JBHJCD010000007.1_185	205800	206981	1182	-1	0.658	11	GGAG/GAGG	NA	NA	NA	0	0	0	1	NA	NA	NA	NA	NA
JBHJCD010000007.1_186	206981	207778	798	-1	0.672	11	AGGAG	NA	NA	NA	0	0	0	1	NA	NA	NA	NA	NA
JBHJCD010000007.1_187	207775	208956	1182	-1	0.651	11	None	NA	NA	NA	0	0	0	1	NA	NA	NA	NA	NA
JBHJCD010000007.1_188	208967	210472	1506	-1	0.651	11	GGA/GAG/AGG	NA	NA	NA	0	0	0	1	NA	NA	NA	NA	NA
JBHJCD010000007.1_189	210611	211996	1386	1	0.687	11	None	GENOMAD.179217.PC	1.214e-60	220	0	0	0	1	NA	NA	NA	PF09856	Short-chain fatty acyl coenzyme A regulators
JBHJCD010000007.1_190	212512	215205	2694	1	0.642	11	GGAGG	GENOMAD.152082.CP	8.346e-55	212	0	0	0	1	NA	NA	NA	PF00593;PF07715;PF00691;TIGR01782;COG4773;K16089	TonB-dependent receptor
JBHJCD010000007.1_191	215390	216601	1212	1	0.627	11	GGAG/GAGG	NA	NA	NA	0	0	0	1	NA	NA	NA	NA	NA
JBHJCD010000007.1_192	216598	219162	2565	1	0.659	11	AGGA	GENOMAD.146053.CP	0.000138	48	0	0	0	1	NA	NA	NA	PF18368;PF02836;PF02837;PF17786;K15855;COG3250	Beta-galactosidase/beta-glucuronidase
JBHJCD010000007.1_193	219400	219921	522	-1	0.649	11	None	NA	NA	NA	0	0	0	1	NA	NA	NA	NA	NA
JBHJCD010000007.1_194	219918	221843	1926	-1	0.665	11	GGA/GAG/AGG	GENOMAD.171982.CP	4.576e-12	72	0	0	0	1	NA	NA	NA	PF07738	NA
JBHJCD010000008.1_1	1	771	771	-1	0.680	11	GGAG/GAGG	NA	NA	NA	0	0	0	1	NA	NA	NA	NA	NA
JBHJCD010000008.1_2	804	1814	1011	-1	0.698	11	GGAG/GAGG	GENOMAD.167831.PC	9.468e-64	224	0	0	0	1	NA	NA	NA	PF06996;COG3520;TIGR03347;K11896	Predicted component of the type VI protein secretion system
JBHJCD010000008.1_3	1778	3655	1878	-1	0.675	11	GGAG/GAGG	GENOMAD.166434.PC	2.526e-54	206	0	0	0	1	NA	NA	NA	PF05947;COG3519;K11896;TIGR03359	Type VI protein secretion system component VasA
JBHJCD010000008.1_4	3658	4161	504	-1	0.661	11	GGxGG	GENOMAD.183209.PC	3.679e-15	75	0	0	0	1	NA	NA	NA	K11897;COG3518;TIGR03357	Predicted component of the type VI protein secretion system
JBHJCD010000008.1_5	4149	4988	840	-1	0.663	11	GGAG/GAGG	NA	NA	NA	0	0	0	1	NA	NA	NA	NA	NA
JBHJCD010000008.1_6	5015	5518	504	-1	0.597	11	GGAG/GAGG	NA	NA	NA	0	0	0	1	NA	NA	NA	NA	NA
JBHJCD010000008.1_7	5618	7123	1506	-1	0.625	11	GGA/GAG/AGG	GENOMAD.160889.PC	1.58e-40	161	0	0	0	1	NA	NA	NA	PF18945	EvpB/VC_A0108, tail sheath gpW/gp25-like domain
JBHJCD010000008.1_8	7128	7634	507	-1	0.604	11	GGAGG	GENOMAD.166375.PC	1.078e-09	59	0	0	0	1	NA	NA	NA	NA	NA
JBHJCD010000008.1_9	8381	9280	900	1	0.622	11	None	GENOMAD.218967.CP	7.626e-89	295	0	0	0	1	NA	NA	NA	PF07737	NA
JBHJCD010000008.1_10	9335	9475	141	1	0.681	11	None	NA	NA	NA	0	0	0	1	NA	NA	NA	NA	NA
JBHJCD010000008.1_11	9610	9888	279	1	0.573	11	AGGAG	NA	NA	NA	0	0	0	1	NA	NA	NA	NA	NA
JBHJCD010000008.1_12	10205	11239	1035	-1	0.637	11	GGA/GAG/AGG	NA	NA	NA	0	0	0	1	NA	NA	NA	NA	NA
JBHJCD010000008.1_13	11482	12795	1314	-1	0.644	11	AGGAG	NA	NA	NA	0	0	0	1	NA	NA	NA	NA	NA
JBHJCD010000008.1_14	12792	13262	471	-1	0.618	11	None	GENOMAD.194577.PC	2.279e-77	254	0	0	0	1	NA	NA	NA	PF09990;COG4244	NA
JBHJCD010000008.1_15	13604	14977	1374	1	0.646	11	AGGAG	NA	NA	NA	0	0	0	1	NA	NA	NA	NA	NA
JBHJCD010000008.1_16	15122	15826	705	-1	0.628	11	GGAG/GAGG	NA	NA	NA	0	0	0	1	NA	NA	NA	NA	NA
JBHJCD010000008.1_17	15823	16845	1023	-1	0.630	11	GGAG/GAGG	NA	NA	NA	0	0	0	1	NA	NA	NA	NA	NA
JBHJCD010000008.1_18	17067	17309	243	-1	0.654	11	AGGA	NA	NA	NA	0	0	0	1	NA	NA	NA	NA	NA
JBHJCD010000008.1_19	18447	21182	2736	1	0.679	11	GGA/GAG/AGG	NA	NA	NA	0	0	0	1	NA	NA	NA	NA	NA
JBHJCD010000008.1_20	21670	22785	1116	1	0.676	11	GGA/GAG/AGG	GENOMAD.120637.CP	9.341e-10	63	0	0	0	1	NA	NA	NF000272	PF12700;K15727;TIGR01730;COG0845	RND family efflux transporter, MFP subunit
JBHJCD010000008.1_21	22778	25870	3093	1	0.643	11	GGAG/GAGG	NA	NA	NA	0	0	0	1	NA	NA	NA	NA	NA
JBHJCD010000008.1_22	25867	27351	1485	1	0.696	11	GGAG/GAGG	NA	NA	NA	0	0	0	1	NA	NA	NA	NA	NA
JBHJCD010000008.1_23	27416	28492	1077	1	0.669	11	GGA/GAG/AGG	NA	NA	NA	0	0	0	1	NA	NA	NA	NA	NA
JBHJCD010000008.1_24	28489	29100	612	1	0.645	11	GGAG/GAGG	GENOMAD.162179.PC	9.846e-05	45	0	0	0	1	NA	NA	NA	PF00072;K14987;TIGR02875;COG4566	sporulation transcription factor Spo0A
JBHJCD010000008.1_25	29401	39594	10194	-1	0.661	11	GGA/GAG/AGG	GENOMAD.179736.PC	1.146e-31	140	0	0	0	1	NA	NA	NA	PF03797;COG4625	Uncharacterized conserved protein, contains a C-terminal beta-barrel porin domain
JBHJCD010000008.1_26	40290	42158	1869	1	0.634	11	None	NA	NA	NA	0	0	0	1	NA	NA	NA	NA	NA
JBHJCD010000008.1_27	42289	42987	699	-1	0.644	11	AGGAG	GENOMAD.180976.PC	9.092e-19	88	0	0	0	1	NA	NA	NA	PF07081;PF10039;K09702;COG3506	Regulation of enolase protein 1 (function unknown), concanavalin A-like superfamily
JBHJCD010000008.1_28	43320	44240	921	-1	0.647	11	None	GENOMAD.206339.PC	6.101e-05	47	0	0	0	1	NA	NA	NA	PF04952;COG2988;TIGR02994	Succinylglutamate desuccinylase / Aspartoacylase family
JBHJCD010000008.1_29	44342	44851	510	-1	0.635	11	AGGAG	NA	NA	NA	0	0	0	1	NA	NA	NA	NA	NA
JBHJCD010000008.1_30	45501	45758	258	-1	0.655	11	AGGAGG	NA	NA	NA	0	0	0	1	NA	NA	NA	NA	NA
JBHJCD010000008.1_31	46547	47323	777	-1	0.692	11	GGA/GAG/AGG	NA	NA	NA	0	0	0	1	NA	NA	NA	NA	NA
JBHJCD010000008.1_32	47375	50185	2811	-1	0.672	11	GGA/GAG/AGG	GENOMAD.121843.CP	1.756e-08	61	0	0	0	1	NA	NA	NA	PF01568;COG1153;K00203	Formylmethanofuran dehydrogenase subunit D
JBHJCD010000008.1_33	50182	50544	363	-1	0.664	11	GGAG/GAGG	GENOMAD.145553.CP	6.35e-08	52	0	0	0	1	NA	NA	NA	PF13806;K15762;COG2146;TIGR02694	Ferredoxin subunit of nitrite reductase or a ring-hydroxylating dioxygenase
JBHJCD010000008.1_34	50547	53000	2454	-1	0.634	11	AGGAG	GENOMAD.171155.CP	0.0002631	47	0	0	0	1	NA	NA	NA	PF04324;COG2906	Bacterioferritin-associated ferredoxin
JBHJCD010000008.1_35	53023	54231	1209	-1	0.665	11	GGAG/GAGG	GENOMAD.154757.CP	6.959e-17	86	0	0	0	1	NA	NA	NA	K10850;COG2223	Nitrate/nitrite transporter NarK
JBHJCD010000008.1_36	55119	56207	1089	-1	0.665	11	GGA/GAG/AGG	NA	NA	NA	0	0	0	1	NA	NA	NA	NA	NA
JBHJCD010000008.1_37	56212	56784	573	-1	0.651	11	None	GENOMAD.145587.CP	6.451e-48	171	0	0	0	1	NA	NA	NA	PF03861;PF20161;K07183;COG3707;TIGR02875	Two-component response regulator, AmiR/NasT family, consists of REC and RNA-binding antiterminator (ANTAR) domains
JBHJCD010000008.1_38	56865	57842	978	1	0.697	11	GGAG/GAGG	GENOMAD.126251.CP	3.574e-11	67	0	0	0	1	NA	NA	NA	PF06180;PF13241;COG4822;K24866;TIGR01470	Cobalamin biosynthesis protein CbiK, Co2+ chelatase
JBHJCD010000008.1_39	58192	59625	1434	1	0.653	11	GGA/GAG/AGG	NA	NA	NA	0	0	0	1	NA	NA	NA	NA	NA
JBHJCD010000008.1_40	59618	60550	933	1	0.690	11	GGAG/GAGG	NA	NA	NA	0	0	0	1	NA	NA	NA	NA	NA
JBHJCD010000008.1_41	60652	61734	1083	-1	0.690	11	AGGA/GGAG/GAGG	GENOMAD.141029.CP	1.604e-27	118	0	0	0	1	NA	NA	NA	PF12625	Arabinose-binding domain of AraC transcription regulator, N-term
JBHJCD010000008.1_42	61961	62323	363	-1	0.645	11	AGGA/GGAG/GAGG	NA	NA	NA	0	0	0	1	NA	NA	NA	NA	NA
JBHJCD010000008.1_43	62307	62876	570	-1	0.665	11	None	GENOMAD.111238.CP	2.469e-20	91	0	0	0	1	NA	NA	NA	PF01983;K03752;TIGR03552;COG1920	2-phospho-L-lactate guanylyltransferase
JBHJCD010000008.1_44	62914	64167	1254	-1	0.683	11	None	GENOMAD.119129.CP	2.245e-51	191	0	0	0	1	NA	NA	NA	PF03453;PF00994;PF03454;COG0303;K03750;TIGR00177	Molybdopterin biosynthesis enzyme
JBHJCD010000008.1_45	64372	64647	276	1	0.594	11	GGA/GAG/AGG	NA	NA	NA	0	0	0	1	NA	NA	NA	NA	NA
JBHJCD010000008.1_46	64682	65677	996	-1	0.629	11	None	NA	NA	NA	0	0	0	1	NA	NA	NA	NA	NA
JBHJCD010000008.1_47	65838	66593	756	1	0.615	11	GGA/GAG/AGG	NA	NA	NA	0	0	0	1	NA	NA	NA	NA	NA
JBHJCD010000008.1_48	66791	67960	1170	-1	0.615	11	AGGAG	GENOMAD.161858.VP	0.0001908	46	0	0	0	1246	Caudoviricetes	NA	NA	PF07992;TIGR00031;COG3380;K10209	UDP-galactopyranose mutase
JBHJCD010000008.1_49	67974	68504	531	-1	0.653	11	AGGA/GGAG/GAGG	GENOMAD.190426.CP	2.99e-06	49	0	0	0	1	NA	NA	NA	PF10604;COG5637	Carbon monoxide dehydrogenase subunit G
JBHJCD010000008.1_50	68508	69086	579	-1	0.610	11	GGAG/GAGG	GENOMAD.212919.PC	1.696e-14	74	0	0	0	1	NA	NA	NA	PF13628;K08995;COG3544	Uncharacterized conserved protein, DUF305 family
JBHJCD010000008.1_51	69582	69797	216	-1	0.597	11	AGGAG	NA	NA	NA	0	0	0	1	NA	NA	NA	NA	NA
JBHJCD010000008.1_52	69895	72705	2811	-1	0.627	11	None	GENOMAD.158496.CP	1.094e-54	212	0	0	0	1	NA	NA	NA	PF14905;PF07715;TIGR01782;K16091;COG4774	TonB-dependent receptor
JBHJCD010000008.1_53	72807	73949	1143	1	0.659	11	None	NA	NA	NA	0	0	0	1	NA	NA	NA	NA	NA
JBHJCD010000008.1_54	74289	75509	1221	-1	0.675	11	None	GENOMAD.118734.CP	1.001e-36	147	0	0	0	1	NA	NA	NA	PF03453;PF00994;K03750;COG0303;TIGR00177	Molybdopterin biosynthesis enzyme
JBHJCD010000008.1_55	75812	77209	1398	-1	0.649	11	AGGA	GENOMAD.108638.CP	1.786e-06	53	0	0	0	1	NA	NA	NA	PF03193;PF01176;K06949;TIGR00157;COG1162	ribosome small subunit-dependent GTPase A
JBHJCD010000008.1_56	77220	78437	1218	-1	0.647	11	GGAG/GAGG	NA	NA	NA	0	0	0	1	NA	NA	NA	NA	NA
JBHJCD010000008.1_57	78437	79075	639	-1	0.651	11	GGA/GAG/AGG	NA	NA	NA	0	0	0	1	NA	NA	NA	NA	NA
JBHJCD010000008.1_58	79146	80006	861	-1	0.659	11	None	GENOMAD.092099.CV	4.231e-37	144	0	0	0	1	NA	NA	NA	PF13464;K15539;COG1426;TIGR02612	Cytoskeletal protein RodZ, contains Xre-like HTH and DUF4115 domains
JBHJCD010000008.1_59	80003	80815	813	-1	0.636	11	GGA/GAG/AGG	NA	NA	NA	0	0	0	1	NA	NA	NA	NA	NA
JBHJCD010000008.1_60	80802	82007	1206	-1	0.631	11	GGA/GAG/AGG	NA	NA	NA	0	0	0	1	NA	NA	NA	NA	NA
JBHJCD010000008.1_61	82026	82451	426	-1	0.627	11	GGAG/GAGG	NA	NA	NA	0	0	0	1	NA	NA	NA	NA	NA
JBHJCD010000008.1_62	82670	83302	633	1	0.664	11	None	GENOMAD.125911.CP	1.728e-24	104	0	0	0	1	NA	NA	NA	PF17939;PF00440;K23777;TIGR03384;COG3226	transcriptional repressor BetI
JBHJCD010000008.1_63	83327	85699	2373	1	0.648	11	GGAG/GAGG	NA	NA	NA	0	0	0	1	NA	NA	NA	NA	NA
JBHJCD010000008.1_64	85854	87059	1206	1	0.653	11	GGAG/GAGG	NA	NA	NA	0	0	0	1	NA	NA	NA	NA	NA
JBHJCD010000008.1_65	87373	87774	402	-1	0.644	11	None	NA	NA	NA	0	0	0	1	NA	NA	NA	NA	NA
JBHJCD010000008.1_66	87954	89264	1311	-1	0.654	11	None	NA	NA	NA	0	0	0	1	NA	NA	NA	NA	NA
JBHJCD010000008.1_67	89609	93724	4116	1	0.656	11	None	NA	NA	NA	0	0	0	1	NA	NA	NA	NA	NA
JBHJCD010000008.1_68	93840	94511	672	-1	0.621	11	None	GENOMAD.088139.CV	4.622e-39	147	0	0	0	1246	Caudoviricetes	NA	NA	PF19574;K03634;TIGR00547;COG2834	periplasmic chaperone LolA
JBHJCD010000008.1_69	94576	96504	1929	-1	0.643	11	None	GENOMAD.142957.CP	1.423e-17	90	0	0	0	1	NA	NA	NA	NA	NA
JBHJCD010000008.1_70	96655	99012	2358	-1	0.663	11	GGA/GAG/AGG	GENOMAD.105456.CP	8.623e-32	137	0	0	0	1	NA	NA	NA	PF13491	4TM region of DNA translocase FtsK/SpoIIIE
JBHJCD010000008.1_71	99296	100264	969	1	0.659	11	GGA/GAG/AGG	NA	NA	NA	0	0	0	1	NA	NA	NA	NA	NA
JBHJCD010000008.1_72	100322	101443	1122	1	0.662	11	GGA/GAG/AGG	GENOMAD.103023.CP	3.227e-107	352	0	0	0	1	NA	NA	NA	PF04339;K09919;COG3146;TIGR03019	Peptidogalycan biosysnthesis/recognition
JBHJCD010000008.1_73	101712	102755	1044	1	0.648	11	GGA/GAG/AGG	NA	NA	NA	0	0	0	1	NA	NA	NA	NA	NA
JBHJCD010000008.1_74	102841	103638	798	1	0.664	11	None	GENOMAD.080636.CV	5.268e-86	285	0	0	0	1	NA	NA	NA	PF03588;COG2360;TIGR00667	Leu/Phe-tRNA-protein transferase
JBHJCD010000008.1_75	103719	103937	219	1	0.543	11	GGA/GAG/AGG	NA	NA	NA	0	0	0	1	NA	NA	NA	NA	NA
JBHJCD010000008.1_76	104212	106494	2283	-1	0.634	11	GGAG/GAGG	GENOMAD.046845.VV	1.306e-34	146	0	0	0	1246	Caudoviricetes	NA	NA	PF10431	NA
JBHJCD010000008.1_77	106637	106918	282	-1	0.610	11	None	GENOMAD.136164.CV	7.147e-05	42	0	0	0	1	NA	NA	NA	PF02617;COG2127	ATP-dependent Clp protease adaptor protein ClpS
JBHJCD010000008.1_78	107053	107217	165	1	0.721	11	None	NA	NA	NA	0	0	0	1	NA	NA	NA	NA	NA
JBHJCD010000008.1_79	107214	107672	459	1	0.654	11	GGAG/GAGG	NA	NA	NA	0	0	0	1	NA	NA	NA	NA	NA
JBHJCD010000008.1_80	107669	108805	1137	1	0.669	11	None	NA	NA	NA	0	0	0	1	NA	NA	NA	NA	NA
JBHJCD010000008.1_81	108805	109419	615	1	0.688	11	GGAG/GAGG	GENOMAD.003398.CC	9.561e-18	84	0	0	0	1	NA	NA	NA	PF04356;COG2915;K07153	Regulator of phage lambda lysogenization HflD, binds to CII and stimulates its degradation
JBHJCD010000008.1_82	109568	110758	1191	1	0.646	11	GGA/GAG/AGG	NA	NA	NA	0	0	0	1	NA	NA	NA	NA	NA
JBHJCD010000008.1_83	110845	111129	285	1	0.677	11	None	NA	NA	NA	0	0	0	1	NA	NA	NA	NA	NA
JBHJCD010000008.1_84	112078	114840	2763	-1	0.638	11	None	NA	NA	NA	0	0	0	1	NA	NA	NA	NA	NA
JBHJCD010000008.1_85	115023	117116	2094	1	0.664	11	None	GENOMAD.136246.CP	4.303e-11	69	0	0	0	1	NA	NA	NA	PF14501;COG3920;TIGR01924	Two-component sensor histidine kinase, HisKA and HATPase domains
JBHJCD010000008.1_86	117120	118841	1722	1	0.642	11	GGA/GAG/AGG	NA	NA	NA	0	0	0	1	NA	NA	NA	NA	NA
JBHJCD010000008.1_87	118977	120203	1227	-1	0.611	11	None	NA	NA	NA	0	0	0	1	NA	NA	NA	NA	NA
JBHJCD010000008.1_88	120370	120702	333	-1	0.658	11	None	NA	NA	NA	0	0	0	1	NA	NA	NA	NA	NA
JBHJCD010000008.1_89	120718	121029	312	-1	0.628	11	AGGAG	GENOMAD.141885.CP	1.447e-40	145	0	0	0	1	NA	NA	NA	PF04316;TIGR03824;COG2747	flagellar biosynthesis anti-sigma factor FlgM
JBHJCD010000008.1_90	121096	121740	645	-1	0.693	11	GGA/GAG/AGG	GENOMAD.148229.CP	6.469e-30	120	0	0	0	1	NA	NA	NA	PF13144;PF17656;COG1261;TIGR03170	Flagella basal body P-ring formation protein FlgA
JBHJCD010000008.1_91	122001	123035	1035	1	0.640	11	None	GENOMAD.119444.CP	0.0006466	44	0	0	0	1	NA	NA	NA	PF01584;COG0835;K13489	Chemotaxis signal transduction protein
JBHJCD010000008.1_92	123369	123770	402	1	0.647	11	GGAG/GAGG	GENOMAD.145565.CP	2.11e-17	80	0	0	0	1	NA	NA	NA	PF00460;K02387;TIGR01396;COG1815	flagellar basal-body rod protein FlgB
JBHJCD010000008.1_93	123774	124181	408	1	0.645	11	None	NA	NA	NA	0	0	0	1	NA	NA	NA	NA	NA
JBHJCD010000008.1_94	124219	124884	666	1	0.617	11	GGA/GAG/AGG	GENOMAD.136573.CP	3.487e-31	124	0	0	0	1	NA	NA	NA	PF03963;PF13861;COG1843;K02390	Flagellar hook assembly protein FlgD
JBHJCD010000008.1_95	124916	126139	1224	1	0.638	11	AGGA	GENOMAD.119423.CP	0.0008459	44	0	0	0	1	NA	NA	NA	PF06429;PF00460;K02392;COG4786;TIGR02488	Flagellar basal body rod protein FlgG
JBHJCD010000008.1_96	126284	127039	756	1	0.639	11	None	GENOMAD.119007.CP	5.875e-10	62	0	0	0	1	NA	NA	NA	PF06429;PF00460;K02391;COG4786;TIGR02488	Flagellar basal body rod protein FlgG
JBHJCD010000008.1_97	127799	128584	786	1	0.642	11	GGAG/GAGG	GENOMAD.119007.CP	3.901e-20	93	0	0	0	1	NA	NA	NA	PF06429;PF00460;K02391;COG4786;TIGR02488	Flagellar basal body rod protein FlgG
JBHJCD010000008.1_98	128623	129315	693	1	0.674	11	AGGA	GENOMAD.142369.CP	3.765e-45	165	0	0	0	1	NA	NA	NA	PF02107;COG2063;K02393	Flagellar basal body L-ring protein FlgH
JBHJCD010000008.1_99	129326	130444	1119	1	0.679	11	GGA/GAG/AGG	GENOMAD.141339.CP	5.615e-119	386	0	0	0	1	NA	NA	NA	K02394;COG1706	Flagellar basal body P-ring protein FlgI
JBHJCD010000008.1_100	130446	131624	1179	1	0.666	11	GGAG/GAGG	GENOMAD.161970.CP	2.72e-06	52	0	0	0	1	NA	NA	NA	PF10135;TIGR02541;COG3951	flagellar rod assembly protein/muramidase FlgJ
JBHJCD010000008.1_101	131636	133510	1875	1	0.655	11	GGAG/GAGG	GENOMAD.133367.CP	5.798e-81	286	0	0	0	1	NA	NA	NA	PF00460;K02396;COG1256;TIGR02492	Flagellar hook-associated protein FlgK
JBHJCD010000008.1_102	133510	134715	1206	1	0.641	11	None	GENOMAD.130369.CP	9.562e-61	218	0	0	0	1	NA	NA	NA	PF00669;K02397;TIGR02550;COG1344	flagellar hook-associated protein 3
JBHJCD010000008.1_103	135033	136232	1200	1	0.642	11	AGGAG	NA	NA	NA	0	0	0	1	NA	NA	NA	NA	NA
JBHJCD010000008.1_104	136504	137829	1326	1	0.649	11	GGAG/GAGG	GENOMAD.137994.CP	2.147e-23	107	0	0	0	1	NA	NA	NA	COG1345;K02407	Flagellar capping protein FliD
JBHJCD010000008.1_105	137980	138393	414	1	0.640	11	AGGAG	NA	NA	NA	0	0	0	1	NA	NA	NA	NA	NA
JBHJCD010000008.1_106	138402	138695	294	1	0.643	11	GGA/GAG/AGG	NA	NA	NA	0	0	0	1	NA	NA	NA	NA	NA
JBHJCD010000008.1_107	138695	139261	567	1	0.675	11	GGA/GAG/AGG	GENOMAD.031694.CC	2.315e-84	276	0	0	0	1	NA	NA	NA	PF16823	Atypical PilZ domain, cyclic di-GMP receptor
JBHJCD010000008.1_108	139330	139962	633	1	0.662	11	None	NA	NA	NA	0	0	0	1	NA	NA	NA	NA	NA
JBHJCD010000008.1_109	140179	141582	1404	1	0.672	11	GGA/GAG/AGG	GENOMAD.142809.CP	8.866e-07	54	0	0	0	1	NA	NA	NA	PF00309;TIGR02395;COG1508	Sigma-54 factor, Activator interacting domain (AID)
JBHJCD010000008.1_110	141591	141974	384	1	0.586	11	AGGA	NA	NA	NA	0	0	0	1	NA	NA	NA	NA	NA
JBHJCD010000008.1_111	141967	143451	1485	1	0.666	11	AGGAG	NA	NA	NA	0	0	0	1	NA	NA	NA	NA	NA
JBHJCD010000008.1_112	143569	144678	1110	1	0.618	11	GGAG/GAGG	GENOMAD.076874.VV	1.193e-06	53	0	0	0	1	NA	NA	NA	PF01041;K07806;TIGR03588;COG0399	UDP-4-amino-4,6-dideoxy-N-acetyl-beta-L-altrosamine transaminase
JBHJCD010000008.1_113	144743	144967	225	1	0.582	11	GGA/GAG/AGG	GENOMAD.206422.CP	5.925e-36	130	0	0	0	1	NA	NA	NA	PF10501;K16025;TIGR01688	D-alanine--poly(phosphoribitol) ligase, subunit 2
JBHJCD010000008.1_114	144973	146013	1041	1	0.622	11	GGAG/GAGG	NA	NA	NA	0	0	0	1	NA	NA	NA	NA	NA
JBHJCD010000008.1_115	146010	146777	768	1	0.650	11	None	NA	NA	NA	0	0	0	1	NA	NA	NA	NA	NA
JBHJCD010000008.1_116	146774	147553	780	1	0.622	11	None	NA	NA	NA	0	0	0	1	NA	NA	NA	NA	NA
JBHJCD010000008.1_117	147550	148209	660	1	0.608	11	AGGAG/GGAGG	NA	NA	NA	0	0	0	1	NA	NA	NA	NA	NA
JBHJCD010000008.1_118	148240	149379	1140	1	0.582	11	AGGAG	NA	NA	NA	0	0	0	1	NA	NA	NA	NA	NA
JBHJCD010000008.1_119	149376	149990	615	1	0.618	11	GGAGG	NA	NA	NA	0	0	0	1	NA	NA	NA	NA	NA
JBHJCD010000008.1_120	150045	151274	1230	1	0.571	11	GGA/GAG/AGG	NA	NA	NA	0	0	0	1	NA	NA	NA	NA	NA
JBHJCD010000008.1_121	151459	152733	1275	1	0.598	11	AGGA	NA	NA	NA	0	0	0	1	NA	NA	NA	NA	NA
JBHJCD010000008.1_122	152775	153524	750	1	0.607	11	AGGAG	NA	NA	NA	0	0	0	1	NA	NA	NA	NA	NA
JBHJCD010000008.1_123	153521	154288	768	1	0.569	11	GGA/GAG/AGG	NA	NA	NA	0	0	0	1	NA	NA	NA	NA	NA
JBHJCD010000008.1_124	154533	154901	369	1	0.545	11	GGAG/GAGG	NA	NA	NA	0	0	0	1	NA	NA	NA	NA	NA
JBHJCD010000008.1_125	155472	158972	3501	1	0.680	11	None	GENOMAD.133878.VC	3.52e-10	67	0	0	0	1246	Caudoviricetes	NA	NA	TIGR03087;COG4641	sugar transferase, PEP-CTERM/EpsH1 system associated
JBHJCD010000008.1_126	159400	159771	372	1	0.664	11	None	GENOMAD.140513.CP	1.962e-22	94	0	0	0	1	NA	NA	NA	PF02049;COG1677;TIGR00205	Flagellar hook-basal body complex protein FliE
JBHJCD010000008.1_127	159785	161509	1725	1	0.672	11	GGA/GAG/AGG	GENOMAD.136859.CP	1.729e-36	150	0	0	0	1	NA	NA	NA	PF01514;PF08345;TIGR00206;K02409;COG1766	flagellar basal-body M-ring protein/flagellar hook-basal body protein (fliF)
JBHJCD010000008.1_128	161520	162509	990	1	0.674	11	None	GENOMAD.133766.CP	5.15e-44	166	0	0	0	1	NA	NA	NA	PF01706;PF14841;PF14842;K02410;TIGR00207;COG1536	flagellar motor switch protein FliG
JBHJCD010000008.1_129	162506	163126	621	1	0.712	11	GGAGG	GENOMAD.140316.CP	4.349e-86	282	0	0	0	1	NA	NA	NA	PF06635;COG1317;TIGR03825	Flagellar biosynthesis/type III secretory pathway protein FliH
JBHJCD010000008.1_130	163123	164499	1377	1	0.706	11	GGAG/GAGG	NA	NA	NA	0	0	0	1	NA	NA	NA	NA	NA
JBHJCD010000008.1_131	164503	164958	456	1	0.667	11	GGA/GAG/AGG	GENOMAD.179230.CP	2.343e-66	222	0	0	0	1	NA	NA	NA	PF16789;TIGR02473;COG2882;K02413	flagellar export protein FliJ
JBHJCD010000008.1_132	164955	166247	1293	1	0.716	11	GGAG/GAGG	GENOMAD.021519.CC	2.736e-56	206	0	0	0	1	NA	NA	NA	NA	NA
JBHJCD010000008.1_133	166437	166964	528	1	0.642	11	GGAG/GAGG	GENOMAD.142784.CP	1.25e-10	62	0	0	0	1	NA	NA	NA	PF03748;COG1580	Flagellar basal body-associated protein FliL
JBHJCD010000008.1_134	166975	167988	1014	1	0.640	11	GGA/GAG/AGG	GENOMAD.158788.CP	3.117e-09	61	0	0	0	1	NA	NA	NA	PF02154;PF01052;COG1868;TIGR01397;K02416	Flagellar motor switch protein FliM
JBHJCD010000008.1_135	167985	168323	339	1	0.661	11	AGGA	GENOMAD.168664.PC	1.068e-07	51	0	0	0	1	NA	NA	NA	PF01052;TIGR02480	flagellar motor switch protein FliN
JBHJCD010000008.1_136	168320	168727	408	1	0.684	11	GGAGG	GENOMAD.166188.CP	1.223e-15	75	0	0	0	1	NA	NA	NA	PF04347;COG3190;K02418;TIGR03500	Flagellar biogenesis protein FliO
JBHJCD010000008.1_137	168729	169574	846	1	0.648	11	AGGA	NA	NA	NA	0	0	0	1	NA	NA	NA	NA	NA
JBHJCD010000008.1_138	170447	170716	270	1	0.644	11	None	NA	NA	NA	0	0	0	1	NA	NA	NA	NA	NA
JBHJCD010000008.1_139	170730	171521	792	1	0.669	11	None	GENOMAD.138189.CP	6.983e-10	62	0	0	0	1	NA	NA	NA	PF01311;COG4791;TIGR01401;K02421	Bacterial export proteins, family 1
JBHJCD010000008.1_140	171723	174674	2952	1	0.680	11	None	NA	NA	NA	0	0	0	1	NA	NA	NA	NA	NA
JBHJCD010000008.1_141	175111	177975	2865	1	0.679	11	None	NA	NA	NA	0	0	0	1	NA	NA	NA	NA	NA
JBHJCD010000008.1_142	178246	180327	2082	1	0.681	11	GGA/GAG/AGG	NA	NA	NA	0	0	0	1	NA	NA	NA	NA	NA
JBHJCD010000008.1_143	180467	181597	1131	1	0.648	11	None	NA	NA	NA	0	0	0	1	NA	NA	NA	NA	NA
JBHJCD010000008.1_144	181594	183687	2094	1	0.679	11	GGAG/GAGG	GENOMAD.136785.CP	3.154e-13	76	0	0	0	1	NA	NA	NA	NA	NA
JBHJCD010000008.1_145	184361	186061	1701	1	0.708	11	GGAGG	GENOMAD.091825.CP	3.685e-54	204	0	0	0	1	NA	NA	NA	PF00448;K02404;COG1419;TIGR03499	Flagellar biosynthesis GTPase FlhF
JBHJCD010000008.1_146	186048	186932	885	1	0.671	11	GGAG/GAGG	NA	NA	NA	0	0	0	1	NA	NA	NA	NA	NA
JBHJCD010000008.1_147	186929	187696	768	1	0.671	11	GGAG/GAGG	NA	NA	NA	0	0	0	1	NA	NA	NA	NA	NA
JBHJCD010000008.1_148	187732	188124	393	1	0.613	11	AGGAG	NA	NA	NA	0	0	0	1	NA	NA	NA	NA	NA
JBHJCD010000008.1_149	188124	188750	627	1	0.657	11	GGxGG	GENOMAD.166405.CP	5.788e-101	325	0	0	0	1	NA	NA	NA	PF04344;K03414;COG3143	Chemotaxis regulator CheZ, phosphatase of CheY~P
JBHJCD010000008.1_150	188753	190411	1659	1	0.683	11	None	GENOMAD.116397.CP	2.796e-87	302	0	0	0	1	NA	NA	NA	PF14501;PF01584;PF01627;PF02895;K03407;COG0643;TIGR01924	Chemotaxis protein histidine kinase CheA
JBHJCD010000008.1_151	190660	192138	1479	-1	0.569	11	AGGAG	NA	NA	NA	0	0	0	1	NA	NA	NA	NA	NA
JBHJCD010000008.1_152	192154	192771	618	-1	0.574	11	GGA/GAG/AGG	NA	NA	NA	0	0	0	1	NA	NA	NA	NA	NA
JBHJCD010000008.1_153	192858	193274	417	-1	0.715	11	GGAGG	NA	NA	NA	0	0	0	1	NA	NA	NA	NA	NA
JBHJCD010000008.1_154	193271	193540	270	-1	0.637	11	AGGAG	NA	NA	NA	0	0	0	1	NA	NA	NA	NA	NA
JBHJCD010000008.1_155	194508	197741	3234	-1	0.489	11	AGGAG	NA	NA	NA	0	0	0	1	NA	NA	NA	NA	NA
JBHJCD010000008.1_156	198144	198917	774	-1	0.457	11	None	NA	NA	NA	0	0	0	1	NA	NA	NA	NA	NA
JBHJCD010000009.1_1	214	1761	1548	-1	0.688	11	AGGA	GENOMAD.176778.PC	1.733e-114	380	0	0	0	1	NA	NA	NA	PF00328;K01093	Histidine phosphatase superfamily (branch 2)
JBHJCD010000009.1_2	1817	4588	2772	-1	0.626	11	GGA/GAG/AGG	GENOMAD.152082.CP	1.485e-21	104	0	0	0	1	NA	NA	NA	PF00593;PF07715;PF00691;TIGR01782;COG4773;K16089	TonB-dependent receptor
JBHJCD010000009.1_3	5093	6184	1092	-1	0.668	11	None	NA	NA	NA	0	0	0	1	NA	NA	NA	NA	NA
JBHJCD010000009.1_4	6437	8419	1983	-1	0.665	11	GGAG/GAGG	GENOMAD.211147.PC	7.42e-250	780	0	0	0	1	NA	NA	NA	PF05057;COG1075;TIGR02427;K07000	Triacylglycerol esterase/lipase EstA, alpha/beta hydrolase fold
JBHJCD010000009.1_5	8428	9465	1038	-1	0.658	11	GGA/GAG/AGG	GENOMAD.205408.PC	6.272e-50	184	0	0	0	1	NA	NA	NA	PF13387	NA
JBHJCD010000009.1_6	9462	10034	573	-1	0.679	11	None	GENOMAD.158817.CP	2.647e-40	149	0	0	0	1	NA	NA	NA	PF13022;PF08360;COG1309;TIGR03968;K03577	DNA-binding transcriptional regulator, AcrR family
JBHJCD010000009.1_7	10171	12885	2715	-1	0.677	11	None	GENOMAD.136483.CP	9.92e-69	256	0	0	0	1	NA	NA	NA	PF00311;COG2352;TIGR02751	Phosphoenolpyruvate carboxylase
JBHJCD010000009.1_8	13237	15771	2535	-1	0.675	11	GGA/GAG/AGG	GENOMAD.123353.CP	5.723e-132	445	0	0	0	1	NA	NA	NA	PF00326;PF14583;K01278;COG1506;TIGR02821	Dipeptidyl aminopeptidase/acylaminoacyl peptidase
JBHJCD010000009.1_9	16041	17483	1443	1	0.635	11	GGAG/GAGG	NA	NA	NA	0	0	0	1	NA	NA	NA	NA	NA
JBHJCD010000009.1_10	17721	18503	783	-1	0.663	11	GGAG/GAGG	NA	NA	NA	0	0	0	1	NA	NA	NA	NA	NA
JBHJCD010000009.1_11	18535	19461	927	-1	0.650	11	None	NA	NA	NA	0	0	0	1	NA	NA	NA	NA	NA
JBHJCD010000009.1_12	19707	19799	93	-1	0.452	11	GGAG/GAGG	NA	NA	NA	0	0	0	1	NA	NA	NA	NA	NA
JBHJCD010000009.1_13	19959	20645	687	-1	0.611	11	GGAG/GAGG	NA	NA	NA	0	0	0	1	NA	NA	NA	NA	NA
JBHJCD010000009.1_14	20796	21353	558	-1	0.638	11	None	GENOMAD.192159.VC	5.413e-65	220	0	0	0	1246	Caudoviricetes	NA	NA	PF11539	NA
JBHJCD010000009.1_15	21573	22118	546	-1	0.650	11	None	GENOMAD.161593.CP	5.802e-45	162	0	0	0	1	NA	NA	NA	K09912;COG3122	Uncharacterized conserved protein YaiL, DUF2058 family
JBHJCD010000009.1_16	23231	24202	972	1	0.621	11	None	NA	NA	NA	0	0	0	1	NA	NA	NA	NA	NA
JBHJCD010000009.1_17	24585	25520	936	-1	0.652	11	GGA/GAG/AGG	NA	NA	NA	0	0	0	1	NA	NA	NA	NA	NA
JBHJCD010000009.1_18	25895	26299	405	1	0.640	11	None	NA	NA	NA	0	0	0	1	NA	NA	NA	NA	NA
JBHJCD010000009.1_19	26375	28135	1761	-1	0.672	11	GGxGG	NA	NA	NA	0	0	0	1	NA	NA	NA	NA	NA
JBHJCD010000009.1_20	28375	29352	978	-1	0.682	11	GGAG/GAGG	NA	NA	NA	0	0	0	1	NA	NA	NA	NA	NA
JBHJCD010000009.1_21	29749	31131	1383	1	0.665	11	AGGAG	GENOMAD.190734.CP	1.253e-112	372	0	0	0	1	NA	NA	NA	PF03198;COG3867;K22832	Glucanosyltransferase
JBHJCD010000009.1_22	31171	31998	828	1	0.646	11	GGA/GAG/AGG	GENOMAD.112993.CP	4.987e-53	190	0	0	0	1	NA	NA	NA	PF19345;K00297;TIGR00676;COG0685	5,10-methylenetetrahydrofolate reductase, prokaryotic form
JBHJCD010000009.1_23	32044	32673	630	1	0.684	11	None	NA	NA	NA	0	0	0	1	NA	NA	NA	NA	NA
JBHJCD010000009.1_24	32785	33732	948	-1	0.686	11	None	GENOMAD.133558.CP	4.761e-08	57	0	0	0	1	NA	NA	NA	PF02581;K10810;TIGR00693;COG0352	thiamine-phosphate diphosphorylase
JBHJCD010000009.1_25	34055	36793	2739	-1	0.631	11	None	NA	NA	NA	0	0	0	1	NA	NA	NA	NA	NA
JBHJCD010000009.1_26	36950	37801	852	-1	0.673	11	GGA/GAG/AGG	GENOMAD.205988.VC	0.0004537	44	0	0	0	1	NA	NA	NA	PF01333;COG2190	Apocytochrome F, C-terminal
JBHJCD010000009.1_27	37892	38338	447	1	0.635	11	None	GENOMAD.013259.CC	3.392e-69	230	0	0	0	1	NA	NA	NA	PF05258;COG4701	Dna[CI] antecedent, DciA
JBHJCD010000009.1_28	38524	39435	912	-1	0.625	11	None	GENOMAD.075985.CV	0.0001228	46	0	0	0	1	NA	NA	NA	PF03331;TIGR00325;COG0774;K02535	UDP-3-O-acyl N-acetylglycosamine deacetylase
JBHJCD010000009.1_29	39670	40908	1239	-1	0.667	11	GGAG/GAGG	NA	NA	NA	0	0	0	1	NA	NA	NA	NA	NA
JBHJCD010000009.1_30	41222	42457	1236	-1	0.650	11	None	GENOMAD.000049.CC	9.911e-91	306	0	0	0	1	NA	NA	NA	PF08841;TIGR01174;COG0849;K02662	cell division protein FtsA
JBHJCD010000009.1_31	42454	43281	828	-1	0.659	11	GGAG/GAGG	GENOMAD.000779.CC	1.286e-133	423	0	0	0	1	NA	NA	NA	PF03799;PF08478;COG1589;K03589	Cell division septal protein FtsQ
JBHJCD010000009.1_32	43406	44362	957	-1	0.659	11	GGAG/GAGG	NA	NA	NA	0	0	0	1	NA	NA	NA	NA	NA
JBHJCD010000009.1_33	44359	45792	1434	-1	0.670	11	AGGAG	GENOMAD.091903.CP	5.692e-87	298	0	0	0	1	NA	NA	NA	PF02875	Mur ligase family, glutamate ligase domain
JBHJCD010000009.1_34	45789	47033	1245	-1	0.686	11	None	GENOMAD.101276.CP	4.201e-53	196	0	0	0	1246	Caudoviricetes	NA	NA	PF02684;K02563;TIGR01133;COG0707	undecaprenyldiphospho-muramoylpentapeptide beta-N-acetylglucosaminyltransferase
JBHJCD010000009.1_35	47081	48457	1377	-1	0.662	11	GGA/GAG/AGG	NA	NA	NA	0	0	0	1	NA	NA	NA	NA	NA
JBHJCD010000009.1_36	48457	49542	1086	-1	0.622	11	GGAGG	GENOMAD.038387.CC	7.01e-81	275	1	0	0	1	NA	NA	NA	PF00953;PF10555;K01000;TIGR00445;COG0472	phospho-N-acetylmuramoyl-pentapeptide-transferase
JBHJCD010000009.1_37	49532	51043	1512	-1	0.677	11	GGAG/GAGG	GENOMAD.097137.CP	2.683e-26	117	1	0	0	1	NA	NA	NA	PF08245;PF02875;K01929;TIGR01143;COG0770	UDP-N-acetylmuramoyl-tripeptide--D-alanyl-D-alanine ligase
JBHJCD010000009.1_38	51040	52527	1488	-1	0.677	11	AGGAG	GENOMAD.097666.CP	5.77e-08	58	1	0	0	1	NA	NA	NA	PF16292;PF02875;COG0769;TIGR01085;K01928	UDP-N-acetylmuramyl tripeptide synthase
JBHJCD010000009.1_39	52524	54392	1869	-1	0.661	11	GGAGG	GENOMAD.108664.CP	8.222e-08	58	0	0	0	1246	Caudoviricetes	NA	NF000237	PF00905;PF05223;TIGR03423;K05515;COG0768	penicillin-binding protein 2
JBHJCD010000009.1_40	54604	54867	264	-1	0.621	11	AGGAG	GENOMAD.002313.CC	4.708e-14	68	0	0	0	1	NA	NA	NA	PF04999;K03586;TIGR02209;COG3116	cell division protein FtsL
JBHJCD010000009.1_41	54864	55907	1044	-1	0.674	11	None	NA	NA	NA	0	0	0	1	NA	NA	NA	NA	NA
JBHJCD010000009.1_42	55922	56368	447	-1	0.620	11	GGAG/GAGG	GENOMAD.070929.CV	1.409e-19	87	0	0	0	1	NA	NA	NA	PF02381;K03925;TIGR00242;COG2001	division/cell wall cluster transcriptional repressor MraZ
JBHJCD010000009.1_43	56678	57460	783	1	0.699	11	None	GENOMAD.158029.VC	4.157e-48	175	0	0	0	6593	Avipoxvirus	NA	NA	PF05742;COG3332	Uncharacterized conserved protein, contains NRDE domain
JBHJCD010000009.1_44	57508	57759	252	1	0.591	11	AGGAG	GENOMAD.158028.PC	5.323e-26	102	0	0	0	1	NA	NA	NA	PF07362;COG5302	Post-segregation antitoxin (ccd killing mechanism protein) encoded by the F plasmid
JBHJCD010000009.1_45	57756	58073	318	1	0.604	11	GGA/GAG/AGG	GENOMAD.113516.PC	1.428e-49	171	0	0	0	1	NA	NA	NA	PF01845;K19163	CcdB protein
JBHJCD010000009.1_46	59048	59869	822	-1	0.714	11	GGA/GAG/AGG	NA	NA	NA	0	0	0	1	NA	NA	NA	NA	NA
JBHJCD010000009.1_47	59951	61681	1731	1	0.720	11	GGA/GAG/AGG	GENOMAD.101231.CP	2.69e-302	927	0	0	0	1	NA	NA	NA	PF04348;K07121;COG3107;TIGR03407	Outer membrane lipoprotein LpoA, binds and activates PBP1a
JBHJCD010000009.1_48	61685	62053	369	1	0.699	11	None	GENOMAD.070647.CV	1.245e-18	83	0	0	0	1	NA	NA	NA	PF02021;K07460;COG0792;TIGR00252	Predicted endonuclease distantly related to archaeal Holliday junction resolvase
JBHJCD010000009.1_49	62095	62622	528	1	0.684	11	None	GENOMAD.040030.CC	5.002e-78	257	0	0	0	1	NA	NA	NA	PF04307;COG1988;K07038	Membrane-bound metal-dependent hydrolase YbcI, DUF457 family
JBHJCD010000009.1_50	62619	64016	1398	1	0.689	11	AGGA	GENOMAD.127021.CP	1.054e-07	57	0	0	0	1	NA	NA	NA	PF18690;TIGR00387	glycolate oxidase, subunit GlcD
JBHJCD010000009.1_51	64021	64692	672	1	0.601	11	None	NA	NA	NA	0	0	0	1	NA	NA	NA	NA	NA
JBHJCD010000009.1_52	64673	65389	717	-1	0.672	11	None	NA	NA	NA	0	0	0	1	NA	NA	NA	NA	NA
JBHJCD010000009.1_53	65379	68039	2661	-1	0.684	11	None	GENOMAD.153600.CP	6.858e-60	228	0	0	0	1	NA	NA	NA	PF02702;K07646;COG2205	K+-sensing histidine kinase KdpD
JBHJCD010000009.1_54	68203	68832	630	-1	0.697	11	GGA/GAG/AGG	GENOMAD.153056.CP	1.337e-38	145	0	0	0	1	NA	NA	NA	PF02669;TIGR00681;COG2156;K01548	K+-transporting ATPase, C subunit
JBHJCD010000009.1_55	68873	70921	2049	-1	0.659	11	GGA/GAG/AGG	GENOMAD.152605.CP	1.006e-41	168	0	0	0	1	NA	NA	NA	NA	NA
JBHJCD010000009.1_56	70934	72727	1794	-1	0.638	11	GGA/GAG/AGG	GENOMAD.151994.CP	3.663e-110	371	0	0	0	1	NA	NA	NA	K01546;COG2060	K+-transporting ATPase, A chain
JBHJCD010000009.1_57	73283	74635	1353	-1	0.651	11	AGGAG	NA	NA	NA	0	0	0	1	NA	NA	NA	NA	NA
JBHJCD010000009.1_58	74860	76440	1581	-1	0.669	11	GGAG/GAGG	GENOMAD.212305.CP	4.098e-78	274	0	0	0	1	NA	NA	NA	PF08530;PF02129;TIGR00976;COG2936;K06978	putative hydrolase, CocE/NonD family
JBHJCD010000009.1_59	76822	77796	975	-1	0.684	11	None	GENOMAD.094404.CP	1.199e-08	59	0	0	0	1	NA	NA	NA	NA	NA
JBHJCD010000009.1_60	77907	78395	489	-1	0.681	11	GGAG/GAGG	GENOMAD.058926.CV	2.259e-29	116	1	0	0	1	NA	NA	NA	PF01029;K03625;TIGR01951;COG0781	transcription antitermination factor NusB
JBHJCD010000009.1_61	78392	78856	465	-1	0.673	11	GGA/GAG/AGG	NA	NA	NA	0	0	0	1	NA	NA	NA	NA	NA
JBHJCD010000009.1_62	79146	80285	1140	-1	0.679	11	GGxGG	NA	NA	NA	0	0	0	1	NA	NA	NA	NA	NA
JBHJCD010000009.1_63	80282	80884	603	-1	0.655	11	GGxGG	NA	NA	NA	0	0	0	1	NA	NA	NA	NA	NA
JBHJCD010000009.1_64	81451	82074	624	1	0.631	11	GGA/GAG/AGG	GENOMAD.206109.CP	9.488e-20	90	0	0	0	1	NA	NA	NA	PF06316;TIGR04273	sulfation-dependent quorum factor, Ax21 family
JBHJCD010000009.1_65	82170	83279	1110	-1	0.680	11	GGAG/GAGG	GENOMAD.129171.CP	7.957e-09	60	0	0	0	1	NA	NA	NA	PF01872;TIGR01508;COG1985	2,5-diamino-6-hydroxy-4-(5-phosphoribosylamino)pyrimidine 1'-reductase, archaeal
JBHJCD010000009.1_66	83272	83760	489	-1	0.661	11	None	GENOMAD.195023.CP	2.152e-07	52	0	0	0	1	NA	NA	NA	PF13527;K03826;COG3818;TIGR01575	Predicted acetyltransferase, GNAT superfamily
JBHJCD010000009.1_67	83757	84281	525	-1	0.636	11	AGGA	GENOMAD.145838.VC	1.318e-07	53	0	0	0	1246	Caudoviricetes	NA	NA	PF14354;TIGR00244;COG1327;K21759	transcriptional regulator NrdR
JBHJCD010000009.1_68	84281	84793	513	-1	0.643	11	None	GENOMAD.055619.CC	2.638e-05	46	0	0	0	1	NA	NA	NA	NA	NA
JBHJCD010000009.1_69	84807	86060	1254	-1	0.637	11	GGAG/GAGG	NA	NA	NA	0	0	0	1	NA	NA	NA	NA	NA
JBHJCD010000009.1_70	86258	86755	498	-1	0.669	11	AGGA	GENOMAD.225035.PV	5.024e-07	51	0	0	0	1246	Caudoviricetes	NA	NA	PF11776	Nickel/cobalt transporter regulator
JBHJCD010000009.1_71	86980	88641	1662	1	0.633	11	GGAG/GAGG	NA	NA	NA	0	0	0	1	NA	NA	NA	NA	NA
JBHJCD010000009.1_72	88820	89158	339	1	0.652	11	GGA/GAG/AGG	NA	NA	NA	0	0	0	1	NA	NA	NA	NA	NA
JBHJCD010000009.1_73	89326	90156	831	-1	0.617	11	AGGA	GENOMAD.151688.CP	1.151e-05	49	0	0	0	1	NA	NA	NA	PF00756;K03930;TIGR02821;COG0627	S-formylglutathione hydrolase
JBHJCD010000009.1_74	90215	90790	576	-1	0.592	11	GGAGG	GENOMAD.194208.PC	8.102e-106	338	0	0	0	1	NA	NA	NA	PF19648;K03396;TIGR02820;COG3791	S-(hydroxymethyl)glutathione synthase
JBHJCD010000009.1_75	90859	91968	1110	-1	0.638	11	AGGAG	NA	NA	NA	0	0	0	1	NA	NA	NA	NA	NA
JBHJCD010000009.1_76	92035	92310	276	-1	0.685	11	GGAG/GAGG	NA	NA	NA	0	0	0	1	NA	NA	NA	NA	NA
JBHJCD010000009.1_77	92366	93070	705	1	0.706	11	None	NA	NA	NA	0	0	0	1	NA	NA	NA	NA	NA
JBHJCD010000009.1_78	93425	94438	1014	-1	0.670	11	GGA/GAG/AGG	NA	NA	NA	0	0	0	1	NA	NA	NA	NA	NA
JBHJCD010000009.1_79	94603	95382	780	1	0.658	11	None	NA	NA	NA	0	0	0	1	NA	NA	NA	NA	NA
JBHJCD010000009.1_80	95379	96881	1503	1	0.687	11	GGA/GAG/AGG	NA	NA	NA	0	0	0	1	NA	NA	NA	NA	NA
JBHJCD010000009.1_81	97069	98550	1482	-1	0.650	11	None	GENOMAD.128920.CP	6.696e-138	447	0	0	0	1	NA	NA	NA	PF04107;TIGR01436;COG3572;K01919	glutamate--cysteine ligase, plant type
JBHJCD010000009.1_82	98825	99448	624	-1	0.652	11	None	GENOMAD.090247.CV	3.168e-55	193	0	0	0	1246	Caudoviricetes	NA	NA	PF05049;K03978;TIGR03598;COG0218	ribosome biogenesis GTP-binding protein YsxC/EngB
JBHJCD010000009.1_83	99592	100389	798	1	0.687	11	GGAG/GAGG	NA	NA	NA	0	0	0	1	NA	NA	NA	NA	NA
JBHJCD010000009.1_84	100328	100486	159	1	0.704	11	GGA/GAG/AGG	NA	NA	NA	0	0	0	1	NA	NA	NA	NA	NA
JBHJCD010000009.1_85	100483	101133	651	1	0.653	11	GGAG/GAGG	GENOMAD.152305.CP	1.633e-28	116	0	0	0	1	NA	NA	NA	PF01323;K03673;COG2761;TIGR00411	DSBA-like thioredoxin domain
JBHJCD010000009.1_86	101225	102040	816	1	0.664	11	GGAG/GAGG	GENOMAD.152305.CP	3.924e-29	120	0	0	0	1	NA	NA	NA	PF01323;K03673;COG2761;TIGR00411	DSBA-like thioredoxin domain
JBHJCD010000009.1_87	102060	102827	768	1	0.648	11	None	GENOMAD.152447.CP	6.235e-10	62	0	0	0	1	NA	NA	NA	COG3021;K18353	Uncharacterized conserved protein YafD, endonuclease/exonuclease/phosphatase (EEP) superfamily
JBHJCD010000009.1_88	103109	105088	1980	1	0.636	11	GGA/GAG/AGG	NA	NA	NA	0	0	0	1	NA	NA	NA	NA	NA
JBHJCD010000009.1_89	105129	106601	1473	1	0.654	11	AGGAG	GENOMAD.168696.PC	4.726e-07	55	0	0	0	1	NA	NA	NA	PF07368;TIGR00407;COG0014;K18601	gamma-glutamyl phosphate reductase
JBHJCD010000009.1_90	106728	108398	1671	1	0.649	11	AGGAG	NA	NA	NA	0	0	0	1	NA	NA	NA	NA	NA
JBHJCD010000009.1_91	108556	109788	1233	1	0.663	11	None	NA	NA	NA	0	0	0	1	NA	NA	NA	NA	NA
JBHJCD010000009.1_92	110107	112776	2670	-1	0.608	11	GGAG/GAGG	GENOMAD.152082.CP	6.461e-114	393	0	0	0	1	NA	NA	NA	PF00593;PF07715;PF00691;TIGR01782;COG4773;K16089	TonB-dependent receptor
JBHJCD010000009.1_93	113580	114734	1155	-1	0.671	11	GGA/GAG/AGG	GENOMAD.126037.CP	1.732e-53	196	0	0	0	1	NA	NA	NA	PF12890;K01443;TIGR00221;COG1820	N-acetylglucosamine-6-phosphate deacetylase
JBHJCD010000009.1_94	114737	115765	1029	-1	0.679	11	GGA/GAG/AGG	NA	NA	NA	0	0	0	1	NA	NA	NA	NA	NA
JBHJCD010000009.1_95	115772	116839	1068	-1	0.661	11	GGA/GAG/AGG	NA	NA	NA	0	0	0	1	NA	NA	NA	NA	NA
JBHJCD010000009.1_96	116880	118157	1278	-1	0.631	11	GGA/GAG/AGG	NA	NA	NA	0	0	0	1	NA	NA	NA	NA	NA
JBHJCD010000009.1_97	118201	118968	768	-1	0.673	11	GGAGG	NA	NA	NA	0	0	0	1	NA	NA	NA	NA	NA
JBHJCD010000009.1_98	119321	120031	711	-1	0.692	11	GGA/GAG/AGG	GENOMAD.159311.CP	5.065e-54	191	0	0	0	1	NA	NA	NA	PF01203;K02463;TIGR04411	Type II secretion system (T2SS), protein N
JBHJCD010000009.1_99	120037	120513	477	-1	0.669	11	GGAG/GAGG	GENOMAD.190425.CP	2.755e-76	251	0	0	0	1	NA	NA	NA	PF04612;TIGR04412;K02462;COG3149	type II secretion system protein M, XcpZ-type
JBHJCD010000009.1_100	120510	121598	1089	-1	0.687	11	GGAG/GAGG	GENOMAD.192885.CP	3.747e-182	568	0	0	0	1	NA	NA	NA	PF05134;TIGR01709;COG3297;K02461	type II secretion system protein L
JBHJCD010000009.1_101	121595	122584	990	-1	0.659	11	GGA/GAG/AGG	GENOMAD.151006.CP	3.267e-19	92	0	0	0	1	NA	NA	NA	PF03934;K02460;COG3156;TIGR00426	Type II secretory pathway, component PulK
JBHJCD010000009.1_102	122584	123186	603	-1	0.682	11	GGAG/GAGG	GENOMAD.195831.CP	4.653e-06	49	0	0	0	1	NA	NA	NA	PF07379;K02459;TIGR01711;COG4795	type II secretion system protein J
JBHJCD010000009.1_103	123183	123563	381	-1	0.672	11	None	GENOMAD.176788.CP	1.466e-09	57	0	0	0	1	NA	NA	NA	PF02501;K02458;TIGR01707;COG2165	type II secretion system protein I
JBHJCD010000009.1_104	123547	124017	471	-1	0.643	11	None	GENOMAD.179080.CP	2.843e-83	271	0	0	0	1	NA	NA	NA	PF12019;PF07379;K02457;TIGR01708;COG4970	type II secretion system protein H
JBHJCD010000009.1_105	124069	124533	465	-1	0.628	11	GGAG/GAGG	GENOMAD.168639.CP	0.0008823	41	0	0	0	1	NA	NA	NA	PF07379;K02457;TIGR01708;COG4970	type II secretion system protein H
JBHJCD010000009.1_106	124562	125764	1203	-1	0.672	11	AGGA	GENOMAD.118344.CP	9.299e-20	95	0	0	0	1246	Caudoviricetes	NA	NA	PF00482;K02653;TIGR02120;COG1459	type II secretion system protein F
JBHJCD010000009.1_107	125751	127238	1488	-1	0.662	11	None	NA	NA	NA	0	0	0	1	NA	NA	NA	NA	NA
JBHJCD010000009.1_108	127243	129312	2070	-1	0.667	11	None	NA	NA	NA	0	0	0	1	NA	NA	NA	NA	NA
JBHJCD010000009.1_109	129309	130127	819	-1	0.683	11	None	GENOMAD.181762.CP	3.185e-139	439	0	0	0	1	NA	NA	NA	PF19805;PF16537;K02452;TIGR01713;COG3031	type II secretion system protein C
JBHJCD010000009.1_110	130286	132943	2658	-1	0.635	11	GGA/GAG/AGG	NA	NA	NA	0	0	0	1	NA	NA	NA	NA	NA
JBHJCD010000009.1_111	133020	134492	1473	-1	0.665	11	GGAG/GAGG	NA	NA	NA	0	0	0	1	NA	NA	NA	NA	NA
JBHJCD010000009.1_112	134678	135538	861	1	0.659	11	None	NA	NA	NA	0	0	0	1	NA	NA	NA	NA	NA
JBHJCD010000009.1_113	135864	137909	2046	1	0.640	11	None	GENOMAD.127342.CP	6.54e-17	88	0	0	0	1	NA	NA	NA	PF11854;PF07715;TIGR01776;COG4773;K16090	TonB-dependent lactoferrin and transferrin receptors
JBHJCD010000009.1_114	138161	138580	420	-1	0.636	11	None	GENOMAD.145656.CP	1.592e-56	193	0	0	0	1	NA	NA	NA	PF10043;COG5544;K20950	Uncharacterized conserved protein YfiM, DUF2279 family
JBHJCD010000009.1_115	138568	139752	1185	-1	0.663	11	None	GENOMAD.000446.CC	6.5e-64	227	0	0	0	1	NA	NA	NA	PF02636;COG1565	SAM-dependent methyltransferase, MidA family
JBHJCD010000009.1_116	139820	140557	738	1	0.686	11	GGA/GAG/AGG	NA	NA	NA	0	0	0	1	NA	NA	NA	NA	NA
JBHJCD010000009.1_117	140726	141241	516	-1	0.671	11	None	NA	NA	NA	0	0	0	1	NA	NA	NA	NA	NA
JBHJCD010000009.1_118	141334	142836	1503	-1	0.651	11	GGA/GAG/AGG	NA	NA	NA	0	0	0	1	NA	NA	NA	NA	NA
JBHJCD010000009.1_119	142840	143280	441	-1	0.642	11	GGA/GAG/AGG	NA	NA	NA	0	0	0	1	NA	NA	NA	NA	NA
JBHJCD010000009.1_120	143277	145088	1812	-1	0.651	11	None	NA	NA	NA	0	0	0	1	NA	NA	NA	NA	NA
JBHJCD010000009.1_121	145370	145741	372	-1	0.626	11	AGGAG	GENOMAD.146485.CP	4.81e-21	90	0	0	0	1	NA	NA	NA	PF04972;COG2823	Osmotically-inducible protein OsmY, contains BON domain
JBHJCD010000009.1_122	145892	146947	1056	1	0.666	11	None	NA	NA	NA	0	0	0	1	NA	NA	NA	NA	NA
JBHJCD010000009.1_123	147023	147964	942	-1	0.652	11	AGGAG	NA	NA	NA	0	0	0	1	NA	NA	NA	NA	NA
JBHJCD010000009.1_124	147985	149328	1344	-1	0.661	11	None	NA	NA	NA	0	0	0	1	NA	NA	NA	NA	NA
JBHJCD010000009.1_125	149492	149872	381	-1	0.646	11	GGAG/GAGG	NA	NA	NA	0	0	0	1	NA	NA	NA	NA	NA
JBHJCD010000009.1_126	149997	150755	759	-1	0.657	11	GGA/GAG/AGG	GENOMAD.211360.PC	3.269e-36	140	0	0	0	1	NA	NA	NA	PF10001	NA
JBHJCD010000009.1_127	150830	151894	1065	-1	0.685	11	GGAG/GAGG	NA	NA	NA	0	0	0	1	NA	NA	NA	NA	NA
JBHJCD010000009.1_128	151887	152987	1101	-1	0.665	11	GGA/GAG/AGG	NA	NA	NA	0	0	0	1	NA	NA	NA	NA	NA
JBHJCD010000009.1_129	153010	154413	1404	-1	0.636	11	AGGAG	NA	NA	NA	0	0	0	1	NA	NA	NA	NA	NA
JBHJCD010000009.1_130	154536	155591	1056	-1	0.632	11	GGAG/GAGG	NA	NA	NA	0	0	0	1	NA	NA	NA	NA	NA
JBHJCD010000009.1_131	155774	156637	864	1	0.649	11	AGGA	GENOMAD.159160.CP	3.715e-08	57	0	0	0	1	NA	NA	NF000373	PF19580;K18353;COG3021;TIGR03395	Uncharacterized conserved protein YafD, endonuclease/exonuclease/phosphatase (EEP) superfamily
JBHJCD010000009.1_132	156727	157632	906	-1	0.710	11	GGAGG	NA	NA	NA	0	0	0	1	NA	NA	NA	NA	NA
JBHJCD010000009.1_133	157708	158463	756	1	0.681	11	None	NA	NA	NA	0	0	0	1	NA	NA	NA	NA	NA
JBHJCD010000009.1_134	158548	160731	2184	-1	0.638	11	GGA/GAG/AGG	NA	NA	NA	0	0	0	1	NA	NA	NA	NA	NA
JBHJCD010000009.1_135	161126	162139	1014	-1	0.660	11	None	GENOMAD.121663.CP	3.416e-56	202	0	0	0	1	NA	NA	NA	PF13394;TIGR00510;COG0320	lipoate synthase
JBHJCD010000009.1_136	162155	162751	597	-1	0.660	11	None	GENOMAD.000230.CC	9.752e-13	69	0	0	0	1	NA	NA	NA	TIGR00214;COG0321;K23735	lipoate-protein ligase B
JBHJCD010000009.1_137	162841	163119	279	-1	0.620	11	None	GENOMAD.010644.CC	2.02e-24	98	0	0	0	1	NA	NA	NA	PF04359;K09158;COG2921	Putative lipoic acid-binding regulatory protein
JBHJCD010000009.1_138	163389	164450	1062	1	0.653	11	GGA/GAG/AGG	NA	NA	NA	0	0	0	1	NA	NA	NA	NA	NA
JBHJCD010000009.1_139	164668	165873	1206	-1	0.656	11	AGGAG	NA	NA	NA	0	0	0	1	NA	NA	NA	NA	NA
JBHJCD010000009.1_140	166315	167727	1413	-1	0.691	11	AGGAG/GGAGG	GENOMAD.009539.CC	0.0001259	47	0	0	0	1	NA	NA	NA	NA	NA
JBHJCD010000009.1_141	167724	168872	1149	-1	0.668	11	None	NA	NA	NA	0	0	0	1	NA	NA	NA	NA	NA
JBHJCD010000009.1_142	169509	170906	1398	-1	0.639	11	None	GENOMAD.179497.PC	8.046e-50	188	0	0	0	1	NA	NA	NA	K01184;COG5434	Polygalacturonase
JBHJCD010000009.1_143	171263	172381	1119	-1	0.655	11	AGGAG	NA	NA	NA	0	0	0	1	NA	NA	NA	NA	NA
JBHJCD010000009.1_144	172378	174438	2061	-1	0.685	11	None	GENOMAD.108664.CP	1.153e-08	61	0	0	0	1246	Caudoviricetes	NA	NF000237	PF00905;PF05223;TIGR03423;K05515;COG0768	penicillin-binding protein 2
JBHJCD010000009.1_145	174442	174927	486	-1	0.675	11	AGGAG	GENOMAD.001979.CC	5.735e-27	109	0	0	0	1	NA	NA	NA	PF17099;TIGR03426;K03571;COG2891	rod shape-determining protein MreD
JBHJCD010000009.1_146	174924	176126	1203	-1	0.687	11	None	GENOMAD.094189.CV	2.002e-13	75	0	0	0	1	NA	NA	NA	COG1792;K03570	Cell shape-determining protein MreC
JBHJCD010000009.1_147	176292	177338	1047	-1	0.662	11	AGGA/GGAG/GAGG	GENOMAD.101053.CP	3.546e-16	83	0	0	0	1246	Caudoviricetes	NA	NA	PF06723;TIGR00904;COG1077	cell shape determining protein, MreB/Mrl family
JBHJCD010000009.1_148	177614	178546	933	1	0.636	11	GGA/GAG/AGG	GENOMAD.152376.CP	3.05e-05	48	0	0	0	1	NA	NA	NA	PF00294;K23147;COG2870;TIGR04382	ADP-heptose synthase, bifunctional sugar kinase/adenylyltransferase
JBHJCD010000009.1_149	178802	180787	1986	1	0.695	11	GGAG/GAGG	GENOMAD.148235.CP	3.146e-25	115	0	0	0	1	NA	NA	NA	PF18010;K21405;COG3284;TIGR03298	Transcriptional regulator of acetoin/glycerol metabolism
JBHJCD010000009.1_150	180865	183249	2385	-1	0.667	11	AGGAG	GENOMAD.183275.CP	0.0	1354	0	0	0	1	NA	NA	NA	PF14905;PF07715;TIGR01776;K16091;COG4206	TonB-dependent lactoferrin and transferrin receptors
JBHJCD010000009.1_151	183261	184367	1107	-1	0.660	11	GGAGG	NA	NA	NA	0	0	0	1	NA	NA	NA	NA	NA
JBHJCD010000009.1_152	184403	185419	1017	-1	0.679	11	None	NA	NA	NA	0	0	0	1	NA	NA	NA	NA	NA
JBHJCD010000009.1_153	185446	185862	417	-1	0.650	11	None	GENOMAD.168413.CP	6.726e-90	289	0	0	0	1	NA	NA	NA	PF09086;COG3245;TIGR03046;K12263	Cytochrome c5
JBHJCD010000009.1_154	186147	187907	1761	-1	0.681	11	None	GENOMAD.192010.PC	9.042e-25	113	0	0	0	1	NA	NA	NA	PF00497;K16254;TIGR03871;COG0834	quinoprotein dehydrogenase-associated probable ABC transporter substrate-binding protein
JBHJCD010000009.1_155	187904	188323	420	-1	0.664	11	AGGAG	NA	NA	NA	0	0	0	1	NA	NA	NA	NA	NA
JBHJCD010000009.1_156	188298	189884	1587	-1	0.635	11	None	NA	NA	NA	0	0	0	1	NA	NA	NA	NA	NA
JBHJCD010000009.1_157	190392	191366	975	-1	0.552	11	GGA/GAG/AGG	NA	NA	NA	0	0	0	1	NA	NA	NA	NA	NA
JBHJCD010000010.1_1	733	4233	3501	1	0.588	11	GGAG/GAGG	NA	NA	NA	0	0	0	1	NA	NA	NA	NA	NA
JBHJCD010000010.1_2	5322	7139	1818	-1	0.661	11	GGAG/GAGG	NA	NA	NA	0	0	0	1	NA	NA	NA	NA	NA
JBHJCD010000010.1_3	7356	8183	828	-1	0.653	11	GGAG/GAGG	NA	NA	NA	0	0	0	1	NA	NA	NA	NA	NA
JBHJCD010000010.1_4	8810	10177	1368	1	0.667	11	GGA/GAG/AGG	GENOMAD.114680.CP	5.027e-59	215	0	0	0	1246	Caudoviricetes	NA	NA	PF01769;PF03448;PF00478;K06213;TIGR00400;COG2239	Mg2+ transporter (mgtE)
JBHJCD010000010.1_5	10293	13001	2709	1	0.699	11	None	GENOMAD.120770.CP	1.383e-64	243	0	0	0	1	NA	NA	NA	PF13549;K22224;TIGR01016;COG1042	succinyl-CoA synthetase, beta subunit
JBHJCD010000010.1_6	13107	14150	1044	1	0.635	11	GGAG/GAGG	NA	NA	NA	0	0	0	1	NA	NA	NA	NA	NA
JBHJCD010000010.1_7	14752	17250	2499	1	0.630	11	GGAGG	GENOMAD.043924.VV	3.303e-05	50	0	0	0	1246	Caudoviricetes	NA	NA	NA	NA
JBHJCD010000010.1_8	17430	18473	1044	1	0.584	11	GGA/GAG/AGG	NA	NA	NA	0	0	0	1	NA	NA	NA	NA	NA
JBHJCD010000010.1_9	19159	19497	339	1	0.566	11	GGA/GAG/AGG	NA	NA	NA	0	0	0	1	NA	NA	NA	NA	NA
JBHJCD010000010.1_10	19502	19828	327	1	0.615	11	None	NA	NA	NA	0	0	0	1	NA	NA	NA	NA	NA
JBHJCD010000010.1_11	19866	20318	453	1	0.651	11	GGAG/GAGG	NA	NA	NA	0	0	0	1	NA	NA	NA	NA	NA
JBHJCD010000010.1_12	20356	20757	402	1	0.664	11	None	NA	NA	NA	0	0	0	1	NA	NA	NA	NA	NA
JBHJCD010000010.1_13	20905	21453	549	-1	0.632	11	None	GENOMAD.181624.CP	4.97e-73	243	0	0	0	1	NA	NA	NA	COG3223	NA
JBHJCD010000010.1_14	21726	22664	939	-1	0.683	11	GGAG/GAGG	GENOMAD.153340.CP	2.826e-10	64	0	0	0	1	NA	NA	NA	PF10100;TIGR00745;K00077;COG1893	2-dehydropantoate 2-reductase
JBHJCD010000010.1_15	22670	23461	792	-1	0.639	11	GGAG/GAGG	GENOMAD.129876.CP	7.567e-41	154	0	0	0	1	NA	NA	NA	K09694;COG3694	ABC-type uncharacterized transport system, permease component
JBHJCD010000010.1_16	23479	24474	996	-1	0.656	11	AGGA	NA	NA	NA	0	0	0	1	NA	NA	NA	NA	NA
JBHJCD010000010.1_17	24616	25338	723	1	0.674	11	None	GENOMAD.137367.CP	4.94e-10	62	0	0	0	1	NA	NA	NA	PF00175;PF08021;K02641;TIGR03224;COG0543	benzoyl-CoA oxygenase/reductase, BoxA protein
JBHJCD010000010.1_18	25424	26425	1002	-1	0.661	11	GGA/GAG/AGG	NA	NA	NA	0	0	0	1	NA	NA	NA	NA	NA
JBHJCD010000010.1_19	26490	26762	273	1	0.619	11	AGxAGG/AGGxGG	NA	NA	NA	0	0	0	1	NA	NA	NA	NA	NA
JBHJCD010000010.1_20	26881	27354	474	-1	0.652	11	None	NA	NA	NA	0	0	0	1	NA	NA	NA	NA	NA
JBHJCD010000010.1_21	27766	28353	588	1	0.636	11	GGAG/GAGG	NA	NA	NA	0	0	0	1	NA	NA	NA	NA	NA
JBHJCD010000010.1_22	28350	28550	201	1	0.597	11	None	NA	NA	NA	0	0	0	1	NA	NA	NA	NA	NA
JBHJCD010000010.1_23	28605	30206	1602	1	0.671	11	AGGAG	GENOMAD.166690.CP	4.579e-18	91	0	0	0	1	NA	NA	NA	PF03096;PF08386;TIGR03343;COG2267;K16050	2-hydroxy-6-oxo-6-phenylhexa-2,4-dienoate hydrolase
JBHJCD010000010.1_24	30238	30984	747	1	0.644	11	GGAGG	NA	NA	NA	0	0	0	1	NA	NA	NA	NA	NA
JBHJCD010000010.1_25	30981	32174	1194	1	0.655	11	GGAG/GAGG	GENOMAD.105317.CP	7.484e-44	168	0	0	0	1	NA	NA	NA	PF12698;K09696;COG1668;TIGR03518	ABC-type Na+ efflux pump, permease component
JBHJCD010000010.1_26	32325	33335	1011	-1	0.702	11	AGxAGG/AGGxGG	GENOMAD.024791.CC	7.261e-10	63	0	0	0	1	NA	NA	NA	NA	NA
JBHJCD010000010.1_27	33475	35040	1566	-1	0.681	11	GGAG/GAGG	GENOMAD.098617.VV	5.364e-11	68	0	0	0	1246	Caudoviricetes	NA	NA	NA	NA
JBHJCD010000010.1_28	35051	36064	1014	-1	0.680	11	None	NA	NA	NA	0	0	0	1	NA	NA	NA	NA	NA
JBHJCD010000010.1_29	36054	36755	702	-1	0.627	11	None	GENOMAD.183080.CP	2.704e-60	209	0	0	0	1	NA	NA	NA	PF07277	SapC
JBHJCD010000010.1_30	36944	40033	3090	-1	0.640	11	GGA/GAG/AGG	GENOMAD.152082.CP	9.754e-60	229	0	0	0	1	NA	NA	NA	PF00593;PF07715;PF00691;TIGR01782;COG4773;K16089	TonB-dependent receptor
JBHJCD010000010.1_31	40342	41031	690	1	0.638	11	GGAG/GAGG	NA	NA	NA	0	0	0	1	NA	NA	NA	NA	NA
JBHJCD010000010.1_32	41364	43601	2238	1	0.648	11	AGGA	GENOMAD.129013.CP	9.982e-58	219	0	0	0	1	NA	NA	NA	PF00326;PF00930;K01278;COG1770;TIGR02821	Prolyl oligopeptidase family; Dipeptidyl peptidase IV (DPP IV) N-terminal region
JBHJCD010000010.1_33	43799	44080	282	1	0.610	11	AGGAG	GENOMAD.034063.CC	6.13e-14	68	0	0	0	1	NA	NA	NA	PF08695	Cytochrome oxidase complex assembly protein 1
JBHJCD010000010.1_34	44344	46134	1791	1	0.660	11	GGA/GAG/AGG	NA	NA	NA	0	0	0	1	NA	NA	NA	NA	NA
JBHJCD010000010.1_35	46234	46704	471	-1	0.718	11	GGA/GAG/AGG	NA	NA	NA	0	0	0	1	NA	NA	NA	NA	NA
JBHJCD010000010.1_36	46922	47170	249	1	0.643	11	GGAG/GAGG	GENOMAD.221918.CP	1.742e-21	89	0	0	0	1	NA	NA	NA	NA	NA
JBHJCD010000010.1_37	47395	48387	993	1	0.647	11	AGGAG	GENOMAD.121288.CP	7.717e-104	340	0	0	0	1	NA	NA	NA	PF00490;COG0113;K01698	Delta-aminolevulinic acid dehydratase, porphobilinogen synthase
JBHJCD010000010.1_38	48772	49524	753	-1	0.648	11	GGA/GAG/AGG	NA	NA	NA	0	0	0	1	NA	NA	NA	NA	NA
JBHJCD010000010.1_39	49688	52288	2601	1	0.666	11	None	GENOMAD.137347.CP	1.396e-36	153	0	0	0	1	NA	NA	NA	COG3182;K03863	NA
JBHJCD010000010.1_40	52753	53634	882	-1	0.700	11	AGGA	GENOMAD.104285.CP	4.825e-10	63	0	0	0	1	NA	NA	NA	PF16472	NA
JBHJCD010000010.1_41	53699	54550	852	1	0.689	11	GGA/GAG/AGG	GENOMAD.079440.CP	1.378e-06	52	0	0	0	1	NA	NA	NA	PF05201;PF01488;K02492;TIGR01035;COG0373	glutamyl-tRNA reductase
JBHJCD010000010.1_42	54540	54914	375	1	0.693	11	AGGA/GGAG/GAGG	NA	NA	NA	0	0	0	1	NA	NA	NA	NA	NA
JBHJCD010000010.1_43	54911	55147	237	1	0.692	11	None	NA	NA	NA	0	0	0	1	NA	NA	NA	NA	NA
JBHJCD010000010.1_44	55415	57550	2136	1	0.659	11	None	GENOMAD.153592.VC	1.342e-05	51	0	0	0	4186	Haloferacalesvirus	NA	NA	PF13307;PF04851;TIGR00604;COG1199;K03722	DNA repair helicase (rad3)
JBHJCD010000010.1_45	58108	59613	1506	1	0.618	11	GGA/GAG/AGG	NA	NA	NA	0	0	0	1	NA	NA	NA	NA	NA
JBHJCD010000010.1_46	59672	60289	618	1	0.644	11	GGAG/GAGG	NA	NA	NA	0	0	0	1	NA	NA	NA	NA	NA
JBHJCD010000010.1_47	60857	61081	225	1	0.613	11	GGA/GAG/AGG	NA	NA	NA	0	0	0	1	NA	NA	NA	NA	NA
JBHJCD010000010.1_48	61539	62543	1005	1	0.679	11	None	NA	NA	NA	0	0	0	1	NA	NA	NA	NA	NA
JBHJCD010000010.1_49	62882	63184	303	1	0.657	11	None	NA	NA	NA	0	0	0	1	NA	NA	NA	NA	NA
JBHJCD010000010.1_50	63256	63939	684	1	0.610	11	GGAG/GAGG	NA	NA	NA	0	0	0	1	NA	NA	NA	NA	NA
JBHJCD010000010.1_51	63969	65384	1416	1	0.636	11	AGGA	NA	NA	NA	0	0	0	1	NA	NA	NA	NA	NA
JBHJCD010000010.1_52	65503	67092	1590	1	0.652	11	GGAGG	GENOMAD.143156.CP	3.399e-49	188	0	0	0	1	NA	NA	NA	PF08811;COG5267	Uncharacterized conserved protein, DUF1800 family
JBHJCD010000010.1_53	67212	68396	1185	1	0.646	11	GGAG/GAGG	NA	NA	NA	0	0	0	1	NA	NA	NA	NA	NA
JBHJCD010000010.1_54	68534	69286	753	-1	0.647	11	None	NA	NA	NA	0	0	0	1	NA	NA	NA	NA	NA
JBHJCD010000010.1_55	69298	69573	276	-1	0.685	11	GGA/GAG/AGG	NA	NA	NA	0	0	0	1	NA	NA	NA	NA	NA
JBHJCD010000010.1_56	69854	70933	1080	1	0.708	11	None	GENOMAD.104118.CP	7.476e-09	60	1	0	0	1	NA	NA	NA	PF03099;COG0340;TIGR00121;K01947	Biotin-(acetyl-CoA carboxylase) ligase
JBHJCD010000010.1_57	70930	71658	729	1	0.719	11	GGA/GAG/AGG	GENOMAD.146670.CP	1.042e-22	100	0	0	0	1	NA	NA	NA	PF03309;COG1521;TIGR00671;K03525	Pantothenate kinase type III
JBHJCD010000010.1_58	72184	72579	396	1	0.722	11	GGAG/GAGG	NA	NA	NA	0	0	0	1	NA	NA	NA	NA	NA
JBHJCD010000010.1_59	72990	73670	681	-1	0.700	11	None	NA	NA	NA	0	0	0	1	NA	NA	NA	NA	NA
JBHJCD010000010.1_60	74141	74683	543	-1	0.626	11	GGA/GAG/AGG	NA	NA	NA	0	0	0	1	NA	NA	NA	NA	NA
JBHJCD010000010.1_61	74680	75597	918	-1	0.683	11	None	NA	NA	NA	0	0	0	1	NA	NA	NA	NA	NA
JBHJCD010000010.1_62	75694	76053	360	-1	0.628	11	AGGA	GENOMAD.197717.CP	8.77e-13	66	0	0	0	1	NA	NA	NA	PF08923;COG2018	Predicted regulator of Ras-like GTPase activity, Roadblock/LC7/MglB family
JBHJCD010000010.1_63	76117	76569	453	-1	0.660	11	GGA/GAG/AGG	GENOMAD.205530.CP	6.83e-71	235	0	0	0	1	NA	NA	NA	PF08923;K07131;COG2018	Mitogen-activated protein kinase kinase 1 interacting
JBHJCD010000010.1_64	76890	77813	924	1	0.667	11	GGAG/GAGG	NA	NA	NA	0	0	0	1	NA	NA	NA	NA	NA
JBHJCD010000010.1_65	77920	78072	153	1	0.614	11	GGAG/GAGG	NA	NA	NA	0	0	0	1	NA	NA	NA	NA	NA
JBHJCD010000010.1_66	78147	78281	135	1	0.622	11	AGGAG	NA	NA	NA	0	0	0	1	NA	NA	NA	NA	NA
JBHJCD010000010.1_67	78509	78718	210	1	0.581	11	GGAG/GAGG	GENOMAD.193185.CP	0.0001353	40	0	0	0	1	NA	NA	NA	PF05532;COG3237	Uncharacterized conserved protein YjbJ, UPF0337 family
JBHJCD010000010.1_68	78885	80174	1290	1	0.629	11	None	NA	NA	NA	0	0	0	1	NA	NA	NA	NA	NA
JBHJCD010000010.1_69	80303	81247	945	1	0.651	11	None	GENOMAD.140931.CP	1.276e-24	108	0	0	0	1	NA	NA	NF033105	PF19583;K20257;TIGR04558;COG0426	quinoprotein relay system zinc metallohydrolase 1
JBHJCD010000010.1_70	81648	83300	1653	1	0.667	11	None	GENOMAD.140543.CP	1.143e-06	54	0	0	0	1	NA	NA	NA	PF16254;K19701;COG4882	Predicted aminopeptidase, Iap family
JBHJCD010000010.1_71	83637	84110	474	-1	0.679	11	None	GENOMAD.123979.PP	1.97e-79	260	0	0	0	1	NA	NA	NA	PF18602	Rap1a immunity proteins
JBHJCD010000010.1_72	84190	85086	897	1	0.683	11	None	GENOMAD.142573.CP	1.646e-15	80	0	0	0	1	NA	NA	NA	K15269;COG5006	Threonine/homoserine efflux transporter RhtA
JBHJCD010000010.1_73	85083	85991	909	1	0.673	11	GGA/GAG/AGG	GENOMAD.142391.CP	5.171e-76	258	0	0	0	1	NA	NA	NA	PF06027;K05786;COG2962;TIGR00688	Uncharacterized membrane protein RarD, contains two EamA domains
JBHJCD010000010.1_74	86068	87183	1116	-1	0.688	11	None	GENOMAD.178547.CP	2.088e-05	49	0	0	0	1	NA	NA	NA	PF02273;TIGR01607;COG1647;K01054	Plasmodium subtelomeric family (PST-A)
JBHJCD010000010.1_75	87351	88670	1320	-1	0.668	11	AGGAG	GENOMAD.125873.CP	0.0009471	44	0	0	0	1	NA	NA	NA	PF02687;TIGR01185;COG4591;K09808	DevC protein
JBHJCD010000010.1_76	88684	89844	1161	-1	0.626	11	GGAG/GAGG	NA	NA	NA	0	0	0	1	NA	NA	NA	NA	NA
JBHJCD010000010.1_77	89857	90546	690	-1	0.625	11	AGGAG	NA	NA	NA	0	0	0	1	NA	NA	NA	NA	NA
JBHJCD010000010.1_78	90921	92165	1245	-1	0.675	11	None	NA	NA	NA	0	0	0	1	NA	NA	NA	NA	NA
JBHJCD010000010.1_79	92616	93791	1176	1	0.683	11	GGA/GAG/AGG	GENOMAD.151958.CP	1.752e-19	94	0	0	0	1	NA	NA	NA	PF07730;K11623;COG3920	Two-component sensor histidine kinase, HisKA and HATPase domains
JBHJCD010000010.1_80	93876	94478	603	1	0.673	11	GGA/GAG/AGG	NA	NA	NA	0	0	0	1	NA	NA	NA	NA	NA
JBHJCD010000010.1_81	94706	95494	789	1	0.606	11	GGA/GAG/AGG	GENOMAD.129948.CP	2.897e-43	161	0	0	0	1	NA	NA	NA	K09992;COG4813	Trehalose utilization protein
JBHJCD010000010.1_82	95719	96261	543	-1	0.659	11	GGAG/GAGG	GENOMAD.151626.CP	9.142e-57	196	0	0	0	1	NA	NA	NA	PF01292;K12262;COG3038;TIGR02125	Cytochrome b561
JBHJCD010000010.1_83	96258	97349	1092	-1	0.686	11	GGAG/GAGG	NA	NA	NA	0	0	0	1	NA	NA	NA	NA	NA
JBHJCD010000010.1_84	97510	98025	516	1	0.672	11	None	NA	NA	NA	0	0	0	1	NA	NA	NA	NA	NA
JBHJCD010000010.1_85	98022	98774	753	1	0.703	11	GGAG/GAGG	GENOMAD.182302.PC	6.336e-58	203	0	0	0	1	NA	NA	NA	PF11859;COG5662;TIGR02949	Transmembrane transcriptional regulator (anti-sigma factor RsiW)
JBHJCD010000010.1_86	98830	100200	1371	-1	0.686	11	GGAG/GAGG	GENOMAD.005842.CC	5.938e-18	90	0	0	0	1	NA	NA	NA	PF02789;COG0260	Cytosol aminopeptidase family, N-terminal domain
JBHJCD010000010.1_87	100242	100979	738	-1	0.667	11	None	GENOMAD.154445.CP	2.38e-23	102	0	0	0	1	NA	NA	NA	PF12689;K20862;TIGR01454;COG4359	3-amino-5-hydroxybenoic acid synthesis related protein
JBHJCD010000010.1_88	101080	102186	1107	-1	0.646	11	GGA/GAG/AGG	GENOMAD.118355.CP	1.109e-52	193	0	0	0	1	NA	NA	NA	COG0628	Predicted PurR-regulated permease PerM
JBHJCD010000010.1_89	102774	103157	384	-1	0.641	11	GGAG/GAGG	NA	NA	NA	0	0	0	1	NA	NA	NA	NA	NA
JBHJCD010000010.1_90	103154	103639	486	-1	0.658	11	None	NA	NA	NA	0	0	0	1	NA	NA	NA	NA	NA
JBHJCD010000010.1_91	103643	104005	363	-1	0.664	11	AGGAG	GENOMAD.055874.CC	3.948e-54	185	0	0	0	1	NA	NA	NA	PF19029	DUF883 C-terminal glycine zipper region
JBHJCD010000010.1_92	104122	105558	1437	-1	0.653	11	GGA/GAG/AGG	GENOMAD.137791.CP	7.664e-06	51	0	0	0	1	NA	NA	NA	PF19805;PF03190;PF17816;COG5233;TIGR03279;K05360	Peripheral Golgi membrane protein
JBHJCD010000010.1_93	105802	106653	852	1	0.654	11	AGGAGG	NA	NA	NA	0	0	0	1	NA	NA	NA	NA	NA
JBHJCD010000010.1_94	106932	107594	663	-1	0.646	11	GGA/GAG/AGG	GENOMAD.205595.PC	3.666e-86	283	0	0	0	1	NA	NA	NA	PF11769	NA
JBHJCD010000010.1_95	107659	107949	291	-1	0.698	11	AGGA	NA	NA	NA	0	0	0	1	NA	NA	NA	NA	NA
JBHJCD010000010.1_96	108325	109509	1185	-1	0.656	11	GGA/GAG/AGG	NA	NA	NA	0	0	0	1	NA	NA	NA	NA	NA
JBHJCD010000010.1_97	109506	110171	666	-1	0.646	11	None	NA	NA	NA	0	0	0	1	NA	NA	NA	NA	NA
JBHJCD010000010.1_98	110318	111205	888	-1	0.700	11	AGGAG	GENOMAD.105757.CP	9.41e-65	225	0	0	0	1	NA	NA	NA	PF04321;TIGR01777;COG1090;K19997	TIGR01777 family protein
JBHJCD010000010.1_99	111412	112005	594	-1	0.652	11	AGGA	NA	NA	NA	0	0	0	1	NA	NA	NA	NA	NA
JBHJCD010000010.1_100	112079	112354	276	-1	0.649	11	GGAG/GAGG	NA	NA	NA	0	0	0	1	NA	NA	NA	NA	NA
JBHJCD010000010.1_101	112398	112679	282	-1	0.585	11	GGA/GAG/AGG	NA	NA	NA	0	0	0	1	NA	NA	NA	NA	NA
JBHJCD010000010.1_102	113084	113248	165	1	0.570	11	GGA/GAG/AGG	NA	NA	NA	0	0	0	1	NA	NA	NA	NA	NA
JBHJCD010000010.1_103	113337	114431	1095	1	0.634	11	GGAG/GAGG	NA	NA	NA	0	0	0	1	NA	NA	NA	NA	NA
JBHJCD010000010.1_104	114431	115300	870	1	0.638	11	None	NA	NA	NA	0	0	0	1	NA	NA	NA	NA	NA
JBHJCD010000010.1_105	115568	116368	801	-1	0.654	11	GGAGG	GENOMAD.215480.PC	8.192e-12	68	0	0	0	1	NA	NA	NA	NA	NA
JBHJCD010000010.1_106	116574	117797	1224	-1	0.639	11	GGA/GAG/AGG	NA	NA	NA	0	0	0	1	NA	NA	NA	NA	NA
JBHJCD010000010.1_107	117852	118976	1125	-1	0.644	11	AGGAG	NA	NA	NA	0	0	0	1	NA	NA	NA	NA	NA
JBHJCD010000010.1_108	120641	121288	648	-1	0.660	11	None	GENOMAD.166505.CP	4.712e-23	100	0	0	0	1	NA	NA	NA	PF00440;K22105;TIGR03384;COG1309	transcriptional repressor BetI
JBHJCD010000010.1_109	121381	122457	1077	1	0.689	11	None	NA	NA	NA	0	0	0	1	NA	NA	NA	NA	NA
JBHJCD010000010.1_110	122467	123588	1122	1	0.646	11	AGGA	NA	NA	NA	0	0	0	1	NA	NA	NA	NA	NA
JBHJCD010000010.1_111	123653	125215	1563	-1	0.673	11	AGxAGG/AGGxGG	GENOMAD.178996.PC	9.079e-23	106	0	0	0	1	NA	NA	NA	PF12792;K21090;COG4943	CSS motif domain associated with EAL
JBHJCD010000010.1_112	125595	125771	177	1	0.621	11	GGAGG	NA	NA	NA	0	0	0	1	NA	NA	NA	NA	NA
JBHJCD010000010.1_113	125995	126504	510	-1	0.637	11	GGAG/GAGG	NA	NA	NA	0	0	0	1	NA	NA	NA	NA	NA
JBHJCD010000010.1_114	126844	128364	1521	-1	0.699	11	GGA/GAG/AGG	NA	NA	NA	0	0	0	1	NA	NA	NA	NA	NA
JBHJCD010000010.1_115	128380	128658	279	-1	0.699	11	GGAG/GAGG	GENOMAD.097670.CP	3.087e-20	86	0	0	0	1	NA	NA	NA	PF04380;COG2960	Uncharacterized conserved protein YqiC, BMFP domain
JBHJCD010000010.1_116	128848	129186	339	1	0.637	11	GGA/GAG/AGG	NA	NA	NA	0	0	0	1	NA	NA	NA	NA	NA
JBHJCD010000010.1_117	129664	131649	1986	1	0.669	11	GGAG/GAGG	GENOMAD.142438.CP	1.329e-09	64	0	0	0	1246	Caudoviricetes	NA	NA	PF02838;COG3661	Glycosyl hydrolase family 20, domain 2
JBHJCD010000010.1_118	131853	132509	657	-1	0.661	11	GGAG/GAGG	GENOMAD.142991.CP	3.245e-15	77	0	0	0	1	NA	NA	NA	PF01633;COG2112;K13419;TIGR03724	Predicted Ser/Thr protein kinase
JBHJCD010000010.1_119	133689	133871	183	1	0.530	11	GGAG/GAGG	NA	NA	NA	0	0	0	1	NA	NA	NA	NA	NA
JBHJCD010000010.1_120	134056	134667	612	1	0.621	11	GGA/GAG/AGG	GENOMAD.215702.CP	1.557e-22	98	0	0	0	1	NA	NA	NA	PF08000;PF09851	Bacterial PH domain; Short C-terminal domain
JBHJCD010000010.1_121	135036	135893	858	-1	0.634	11	AGGA	NA	NA	NA	0	0	0	1	NA	NA	NA	NA	NA
JBHJCD010000010.1_122	136115	138001	1887	1	0.650	11	GGA/GAG/AGG	GENOMAD.092845.CP	2.712e-156	507	0	0	0	1	NA	NA	NA	PF02784;PF17810;PF17944;COG1166;K01583;TIGR01273	Arginine decarboxylase (spermidine biosynthesis)
JBHJCD010000010.1_123	138874	141081	2208	1	0.644	11	AGGA	GENOMAD.171718.CP	2.823e-05	50	0	0	0	1	NA	NA	NA	PF00501;TIGR03098;K02182;COG1021	acyl-CoA ligase (AMP-forming), exosortase A-associated
JBHJCD010000010.1_124	141126	142874	1749	1	0.676	11	None	GENOMAD.177921.CP	6.147e-07	55	0	0	0	1	NA	NA	NA	PF00975;COG3208;TIGR01738;K12242	Surfactin synthase thioesterase subunit
JBHJCD010000010.1_125	142867	144195	1329	1	0.691	11	GGAG/GAGG	NA	NA	NA	0	0	0	1	NA	NA	NA	NA	NA
JBHJCD010000010.1_126	144649	145458	810	1	0.653	11	None	NA	NA	NA	0	0	0	1	NA	NA	NA	NA	NA
JBHJCD010000010.1_127	145705	146460	756	-1	0.685	11	GGAG/GAGG	NA	NA	NA	0	0	0	1	NA	NA	NA	NA	NA
JBHJCD010000010.1_128	146499	147011	513	-1	0.727	11	None	GENOMAD.214208.CP	5.686e-06	48	0	0	0	1	NA	NA	NA	NA	NA
JBHJCD010000010.1_129	147039	147923	885	-1	0.715	11	GGAG/GAGG	GENOMAD.001436.CC	6.315e-98	321	0	0	0	1	NA	NA	NA	NA	NA
JBHJCD010000010.1_130	148103	149791	1689	-1	0.661	11	None	GENOMAD.091942.CP	6.137e-11	68	0	0	0	1	NA	NA	NA	PF03485;PF05746	Arginyl tRNA synthetase N terminal domain; DALR anticodon binding domain
JBHJCD010000010.1_131	149879	150610	732	-1	0.709	11	None	NA	NA	NA	0	0	0	1	NA	NA	NA	NA	NA
JBHJCD010000010.1_132	150653	151927	1275	1	0.699	11	AGGA	NA	NA	NA	0	0	0	1	NA	NA	NA	NA	NA
JBHJCD010000010.1_133	151924	152391	468	1	0.688	11	GGA/GAG/AGG	GENOMAD.074923.VV	1.125e-15	76	0	0	0	1246	Caudoviricetes	NA	NA	PF00692;COG0756;TIGR00576;K04068	dUTPase
JBHJCD010000010.1_134	152405	154750	2346	1	0.679	11	GGA/GAG/AGG	NA	NA	NA	0	0	0	1	NA	NA	NA	NA	NA
JBHJCD010000010.1_135	154863	155435	573	-1	0.675	11	GGA/GAG/AGG	NA	NA	NA	0	0	0	1	NA	NA	NA	NA	NA
JBHJCD010000010.1_136	155808	156149	342	-1	0.599	11	AGGA	NA	NA	NA	0	0	0	1	NA	NA	NA	NA	NA
JBHJCD010000010.1_137	156149	156871	723	-1	0.669	11	None	NA	NA	NA	0	0	0	1	NA	NA	NA	NA	NA
JBHJCD010000010.1_138	157231	158196	966	-1	0.665	11	AGGA	NA	NA	NA	0	0	0	1	NA	NA	NA	NA	NA
JBHJCD010000010.1_139	158401	158709	309	-1	0.680	11	AGGA/GGAG/GAGG	GENOMAD.161585.CV	2.957e-17	78	0	0	0	1	NA	NA	NA	PF11731;K06193	Pathogenicity locus
JBHJCD010000010.1_140	158743	159672	930	-1	0.690	11	GGAG/GAGG	NA	NA	NA	0	0	0	1	NA	NA	NA	NA	NA
JBHJCD010000010.1_141	159672	160469	798	-1	0.665	11	GGAG/GAGG	NA	NA	NA	0	0	0	1	NA	NA	NA	NA	NA
JBHJCD010000010.1_142	160584	161261	678	-1	0.678	11	GGA/GAG/AGG	GENOMAD.007942.CC	5.593e-57	199	0	0	0	1	NA	NA	NA	NA	NA
JBHJCD010000010.1_143	161284	161943	660	-1	0.686	11	None	GENOMAD.134037.CV	2.935e-19	89	0	0	0	1246	Caudoviricetes	NA	NA	PF15609;K00762;TIGR00336;COG0461	orotate phosphoribosyltransferase
JBHJCD010000010.1_144	162062	162862	801	1	0.653	11	None	NA	NA	NA	0	0	0	1	NA	NA	NA	NA	NA
JBHJCD010000010.1_145	163182	164477	1296	1	0.654	11	GGAG/GAGG	NA	NA	NA	0	0	0	1	NA	NA	NA	NA	NA
JBHJCD010000010.1_146	164536	164763	228	1	0.636	11	GGAG/GAGG	NA	NA	NA	0	0	0	1	NA	NA	NA	NA	NA
JBHJCD010000010.1_147	164805	165938	1134	-1	0.693	11	None	GENOMAD.136642.CP	1.114e-35	143	0	0	0	1	NA	NA	NA	PF03702;COG2377;K09001	1,6-Anhydro-N-acetylmuramate kinase
JBHJCD010000010.1_148	166318	167736	1419	-1	0.653	11	GGAG/GAGG	GENOMAD.141512.CP	1.361e-17	89	0	0	0	1	NA	NA	NA	PF19425	Csd3 second domain
JBHJCD010000010.1_149	167907	169118	1212	1	0.632	11	GGAG/GAGG	GENOMAD.171925.VC	1.775e-12	72	0	0	0	1246	Caudoviricetes	NA	NA	PF00579;K01866;TIGR00234;COG0162	tyrosyl-tRNA synthetase
JBHJCD010000011.1_1	48	1691	1644	-1	0.583	11	GGAGG	NA	NA	NA	0	0	0	1	NA	NA	NA	NA	NA
JBHJCD010000011.1_2	1688	2176	489	-1	0.575	11	AGGAG	NA	NA	NA	0	0	0	1	NA	NA	NA	NA	NA
JBHJCD010000011.1_3	2518	3216	699	1	0.617	11	GGA/GAG/AGG	GENOMAD.158969.CP	1.874e-08	57	0	0	0	1	NA	NA	NA	NA	NA
JBHJCD010000011.1_4	3314	5854	2541	-1	0.598	11	GGA/GAG/AGG	NA	NA	NA	0	0	0	1	NA	NA	NA	NA	NA
JBHJCD010000011.1_5	5865	6845	981	-1	0.569	11	GGAGG	NA	NA	NA	0	0	0	1	NA	NA	NA	NA	NA
JBHJCD010000011.1_6	7271	9958	2688	-1	0.653	11	GGAG/GAGG	GENOMAD.147788.CP	1.387e-123	422	0	0	0	1	NA	NA	NA	PF09363;COG3958	XFP C-terminal domain
JBHJCD010000011.1_7	10387	11496	1110	-1	0.639	11	GGAG/GAGG	NA	NA	NA	0	0	0	1	NA	NA	NA	NA	NA
JBHJCD010000011.1_8	11907	13229	1323	-1	0.641	11	AGGA	NA	NA	NA	0	0	0	1	NA	NA	NA	NA	NA
JBHJCD010000011.1_9	13226	13894	669	-1	0.620	11	GGAGG	NA	NA	NA	0	0	0	1	NA	NA	NA	NA	NA
JBHJCD010000011.1_10	14098	16071	1974	1	0.683	11	None	GENOMAD.113449.CP	9.506e-32	136	0	0	0	1	NA	NA	NA	COG2208	Serine phosphatase RsbU, regulator of sigma subunit
JBHJCD010000011.1_11	16068	16499	432	1	0.674	11	GGA/GAG/AGG	GENOMAD.133547.CP	1.233e-77	254	0	0	0	1	NA	NA	NA	PF13581;TIGR01924;COG2172;K06379	serine-protein kinase RsbW
JBHJCD010000011.1_12	16496	16915	420	1	0.645	11	GGAG/GAGG	GENOMAD.129482.CP	5.866e-06	47	0	0	0	1246	Caudoviricetes	NA	NA	PF13466;K04749;COG3113;TIGR00377	ABC-type transporter Mla maintaining outer membrane lipid asymmetry, MlaB component, contains STAS domain
JBHJCD010000011.1_13	17137	17760	624	1	0.660	11	None	NA	NA	NA	0	0	0	1	NA	NA	NA	NA	NA
JBHJCD010000011.1_14	17910	18629	720	-1	0.667	11	None	GENOMAD.148067.PC	4.562e-22	98	0	0	0	1	NA	NA	NA	PF07840;K22293;TIGR03338;COG1802	phosphonate utilization associated transcriptional regulator
JBHJCD010000011.1_15	18708	20063	1356	-1	0.661	11	GGAGG	GENOMAD.196632.PC	1.444e-82	284	0	0	0	1	NA	NA	NA	PF00939;TIGR00785;COG4664	anion transporter
JBHJCD010000011.1_16	20151	21071	921	-1	0.692	11	GGA/GAG/AGG	NA	NA	NA	0	0	0	1	NA	NA	NA	NA	NA
JBHJCD010000011.1_17	21068	21301	234	-1	0.641	11	AGGAG	NA	NA	NA	0	0	0	1	NA	NA	NA	NA	NA
JBHJCD010000011.1_18	21298	22167	870	-1	0.677	11	GGAG/GAGG	GENOMAD.181951.CP	1.332e-45	169	0	0	0	1	NA	NA	NA	PF01874;COG1767;TIGR03132;K05966	Triphosphoribosyl-dephospho-CoA synthetase
JBHJCD010000011.1_19	22164	22805	642	-1	0.685	11	GGAG/GAGG	NA	NA	NA	0	0	0	1	NA	NA	NA	NA	NA
JBHJCD010000011.1_20	22808	23512	705	-1	0.678	11	GGAG/GAGG	GENOMAD.209966.CP	2.493e-52	186	0	0	0	1	NA	NA	NA	PF06833;K13933;TIGR03134;COG0777	biotin-independent malonate decarboxylase, gamma subunit
JBHJCD010000011.1_21	23503	24420	918	-1	0.666	11	GGAG/GAGG	GENOMAD.129449.CP	3.68e-50	183	0	0	0	1	NA	NA	NA	PF01039;K13932;TIGR01117;COG4799	methylmalonyl-CoA decarboxylase alpha subunit
JBHJCD010000011.1_22	24527	24844	318	-1	0.651	11	GGA/GAG/AGG	GENOMAD.209355.CP	1.437e-41	148	0	0	0	1	NA	NA	NA	PF06857;K13931;TIGR03130;COG3052	malonate decarboxylase acyl carrier protein
JBHJCD010000011.1_23	24854	26500	1647	-1	0.650	11	GGAG/GAGG	GENOMAD.209570.CP	3.378e-312	954	0	0	0	1	NA	NA	NA	PF16957;K13929;TIGR01110;COG4670	Malonate decarboxylase, alpha subunit, transporter
JBHJCD010000011.1_24	26687	27223	537	1	0.672	11	None	GENOMAD.151275.CP	1.134e-14	74	0	0	0	1	NA	NA	NA	PF14557;COG3811;TIGR02719;K10917	Uncharacterized protein YjhX, UPF0386/DUF2084 family
JBHJCD010000011.1_25	27534	28319	786	1	0.659	11	AGGA	GENOMAD.169894.PC	8.843e-49	177	0	0	0	1	NA	NA	NA	PF04954;PF08021;K07229;COG2375;TIGR02160	NADPH-dependent ferric siderophore reductase, contains FAD-binding and SIP domains
JBHJCD010000011.1_26	28419	28886	468	1	0.588	11	GGA/GAG/AGG	NA	NA	NA	0	0	0	1	NA	NA	NA	NA	NA
JBHJCD010000011.1_27	28955	30226	1272	-1	0.702	11	GGAG/GAGG	GENOMAD.176778.PC	3.083e-44	170	0	0	0	1	NA	NA	NA	PF00328;K01093	Histidine phosphatase superfamily (branch 2)
JBHJCD010000011.1_28	30778	31521	744	-1	0.673	11	GGAG/GAGG	GENOMAD.138165.CP	1.336e-13	73	0	0	0	1	NA	NA	NA	PF04264;COG2353	Polyisoprenoid-binding periplasmic protein YceI
JBHJCD010000011.1_29	31753	32343	591	-1	0.668	11	GGAG/GAGG	GENOMAD.134225.CP	1.665e-57	199	0	0	0	1	NA	NA	NA	PF00881;K09019;TIGR03553;COG3560	F420 biosynthesis protein FbiB, C-terminal domain
JBHJCD010000011.1_30	32478	33425	948	1	0.725	11	GGA/GAG/AGG	GENOMAD.001519.CC	3.325e-44	166	0	0	0	1	NA	NA	NA	PF06258;K07276;COG3660;TIGR00215	Mitochondrial fission ELM1
JBHJCD010000011.1_31	33468	34337	870	1	0.636	11	AGGA	GENOMAD.037271.CC	6.196e-06	50	0	0	0	1	NA	NA	NA	COG4727	NA
JBHJCD010000011.1_32	34334	34843	510	1	0.655	11	GGAG/GAGG	NA	NA	NA	0	0	0	1	NA	NA	NA	NA	NA
JBHJCD010000011.1_33	34952	36826	1875	-1	0.673	11	GGAG/GAGG	NA	NA	NA	0	0	0	1	NA	NA	NA	NA	NA
JBHJCD010000011.1_34	36938	37666	729	1	0.701	11	AGGA	NA	NA	NA	0	0	0	1	NA	NA	NA	NA	NA
JBHJCD010000011.1_35	37693	37896	204	1	0.618	11	None	NA	NA	NA	0	0	0	1	NA	NA	NA	NA	NA
JBHJCD010000011.1_36	38059	39900	1842	-1	0.555	11	GGAG/GAGG	GENOMAD.072096.PP	4.376e-279	862	0	0	0	1	NA	NA	NA	K23866	NA
JBHJCD010000011.1_37	40600	40977	378	1	0.688	11	GGA/GAG/AGG	GENOMAD.161288.VC	9.183e-05	43	0	0	1	1246	Caudoviricetes	NA	NA	PF02592;PF20307;K18947;TIGR00697;COG1738	Putative vitamin uptake transporter; Divergent DnaB-like ATPase
JBHJCD010000011.1_38	41081	43990	2910	-1	0.686	11	AGxAGG/AGGxGG	GENOMAD.121418.CV	1.983e-110	385	0	0	0	1	NA	NA	NA	PF03710;PF08335;PF03445;K00982;COG1391;TIGR01693	Glutamine synthetase adenylyltransferase
JBHJCD010000011.1_39	44069	44587	519	1	0.672	11	GGAG/GAGG	GENOMAD.211271.PC	2.315e-93	301	0	0	0	1	NA	NA	NA	NA	NA
JBHJCD010000011.1_40	44587	45507	921	1	0.709	11	None	NA	NA	NA	0	0	0	1	NA	NA	NA	NA	NA
JBHJCD010000011.1_41	45929	48379	2451	-1	0.671	11	AGGAG	NA	NA	NA	0	0	0	1	NA	NA	NA	NA	NA
JBHJCD010000011.1_42	48473	50650	2178	-1	0.671	11	None	NA	NA	NA	0	0	0	1	NA	NA	NA	NA	NA
JBHJCD010000011.1_43	51441	52514	1074	-1	0.660	11	GGA/GAG/AGG	NA	NA	NA	0	0	0	1	NA	NA	NA	NA	NA
JBHJCD010000011.1_44	53047	55860	2814	-1	0.648	11	None	NA	NA	NA	0	0	0	1	NA	NA	NA	NA	NA
JBHJCD010000011.1_45	56363	58462	2100	1	0.660	11	AGGA	NA	NA	NA	0	0	0	1	NA	NA	NA	NA	NA
JBHJCD010000011.1_46	58576	60216	1641	-1	0.644	11	GGAG/GAGG	GENOMAD.171128.VC	1.896e-21	102	0	0	0	1246	Caudoviricetes	NA	NA	K04077;TIGR02348	chaperonin GroL
JBHJCD010000011.1_47	60359	60646	288	-1	0.625	11	GGAG/GAGG	NA	NA	NA	0	0	0	1	NA	NA	NA	NA	NA
JBHJCD010000011.1_48	61055	62845	1791	1	0.685	11	AGGAG	NA	NA	NA	0	0	0	1	NA	NA	NA	NA	NA
JBHJCD010000011.1_49	63312	63644	333	1	0.652	11	None	NA	NA	NA	0	0	0	1	NA	NA	NA	NA	NA
JBHJCD010000011.1_50	63650	65968	2319	1	0.710	11	AGGA/GGAG/GAGG	GENOMAD.153218.CP	6.875e-31	134	0	0	0	1	NA	NA	NA	PF11412;K04084;COG4232	Thiol:disulfide interchange protein
JBHJCD010000011.1_51	65881	66063	183	-1	0.721	11	None	NA	NA	NA	0	0	0	1	NA	NA	NA	NA	NA
JBHJCD010000011.1_52	66660	67259	600	1	0.652	11	GGA/GAG/AGG	NA	NA	NA	0	0	0	1	NA	NA	NA	NA	NA
JBHJCD010000011.1_53	67356	67844	489	1	0.656	11	GGAG/GAGG	GENOMAD.117180.CP	1.566e-24	102	0	0	0	1	NA	NA	NA	PF00364;K02160;TIGR00531;COG0511	acetyl-CoA carboxylase, biotin carboxyl carrier protein
JBHJCD010000011.1_54	67865	68299	435	1	0.595	11	GGA/GAG/AGG	NA	NA	NA	0	0	0	1	NA	NA	NA	NA	NA
JBHJCD010000011.1_55	68289	69656	1368	1	0.640	11	None	NA	NA	NA	0	0	0	1	NA	NA	NA	NA	NA
JBHJCD010000011.1_56	70026	70391	366	-1	0.667	11	GGAG/GAGG	NA	NA	NA	0	0	0	1	NA	NA	NA	NA	NA
JBHJCD010000011.1_57	70388	71317	930	-1	0.706	11	None	NA	NA	NA	0	0	0	1	NA	NA	NA	NA	NA
JBHJCD010000011.1_58	71613	72224	612	1	0.652	11	None	NA	NA	NA	0	0	0	1	NA	NA	NA	NA	NA
JBHJCD010000011.1_59	72211	73131	921	1	0.684	11	None	GENOMAD.060882.CP	2.235e-27	116	0	0	0	1246	Caudoviricetes	NA	NA	PF06325;K02687;COG2264;TIGR00406	Ribosomal protein L11 methyltransferase (PrmA)
JBHJCD010000011.1_60	73154	73657	504	-1	0.746	11	AGGAG	NA	NA	NA	0	0	0	1	NA	NA	NA	NA	NA
JBHJCD010000011.1_61	73807	74184	378	1	0.688	11	None	NA	NA	NA	0	0	0	1	NA	NA	NA	NA	NA
JBHJCD010000011.1_62	74340	74486	147	1	0.680	11	GGAG/GAGG	NA	NA	NA	0	0	0	1	NA	NA	NA	NA	NA
JBHJCD010000011.1_63	75139	75882	744	1	0.751	11	GGA/GAG/AGG	GENOMAD.120988.CP	3.471e-73	247	0	0	0	1	NA	NA	NA	PF11906	NA
JBHJCD010000011.1_64	76054	76260	207	1	0.628	11	None	GENOMAD.198115.VC	0.0001294	40	0	0	0	1	NA	NA	NA	PF18024;K03557;COG2901;TIGR03298	DNA-binding protein Fis (factor for inversion stimulation)
JBHJCD010000011.1_65	76490	77464	975	-1	0.626	11	GGAGG	GENOMAD.118517.CP	6.863e-93	308	0	0	0	1246	Caudoviricetes	NA	NA	PF01148;COG4589	Cytidylyltransferase family
JBHJCD010000011.1_66	77461	78093	633	-1	0.651	11	GGAG/GAGG	NA	NA	NA	0	0	0	1	NA	NA	NA	NA	NA
JBHJCD010000011.1_67	78090	78728	639	-1	0.700	11	GGAGG	GENOMAD.147413.CP	1.074e-32	128	0	0	0	1	NA	NA	NA	PF01066;K17884;COG0558;TIGR00560	Phosphatidylglycerophosphate synthase
JBHJCD010000011.1_68	78728	80224	1497	-1	0.681	11	AGGA	GENOMAD.042263.CC	1.803e-23	108	0	0	0	1	NA	NA	NA	TIGR04222	TIGR04222 domain
JBHJCD010000011.1_69	80221	80667	447	-1	0.653	11	GGAG/GAGG	NA	NA	NA	0	0	0	1	NA	NA	NA	NA	NA
JBHJCD010000011.1_70	80664	82001	1338	-1	0.673	11	None	NA	NA	NA	0	0	0	1	NA	NA	NA	NA	NA
JBHJCD010000011.1_71	81998	83758	1761	-1	0.674	11	AGGA	NA	NA	NA	0	0	0	1	NA	NA	NA	NA	NA
JBHJCD010000011.1_72	83850	84467	618	-1	0.709	11	None	GENOMAD.147413.CP	1.133e-13	72	0	0	0	1	NA	NA	NA	PF01066;K17884;COG0558;TIGR00560	Phosphatidylglycerophosphate synthase
JBHJCD010000011.1_73	84541	86124	1584	1	0.664	11	None	GENOMAD.115175.CV	1.361e-44	174	0	0	0	1	NA	NA	NA	PF01808;PF02142;K00602;TIGR00355;COG0138	phosphoribosylaminoimidazolecarboxamide formyltransferase/IMP cyclohydrolase
JBHJCD010000011.1_74	86149	86994	846	1	0.694	11	GGA/GAG/AGG	NA	NA	NA	0	0	0	1	NA	NA	NA	NA	NA
JBHJCD010000011.1_75	87027	88322	1296	1	0.688	11	GGA/GAG/AGG	NA	NA	NA	0	0	0	1	NA	NA	NA	NA	NA
JBHJCD010000011.1_76	88531	90744	2214	1	0.670	11	None	GENOMAD.008008.CC	1.966e-80	288	0	0	0	1	NA	NA	NA	COG1289	Uncharacterized membrane protein YccC
JBHJCD010000011.1_77	90876	92066	1191	-1	0.687	11	GGA/GAG/AGG	NA	NA	NA	0	0	0	1	NA	NA	NA	NA	NA
JBHJCD010000011.1_78	92164	93066	903	1	0.698	11	GGA/GAG/AGG	NA	NA	NA	0	0	0	1	NA	NA	NA	NA	NA
JBHJCD010000011.1_79	93135	95057	1923	1	0.659	11	AGGA	GENOMAD.145392.CP	9.288e-78	277	0	0	0	1	NA	NA	NA	PF05977;K05939;COG2223;TIGR00806	Transmembrane secretion effector
JBHJCD010000011.1_80	95521	95865	345	1	0.638	11	AGGAG	GENOMAD.170575.CP	3.623e-52	179	0	0	0	1	NA	NA	NA	PF04505	Interferon-induced transmembrane protein
JBHJCD010000011.1_81	95865	96275	411	1	0.662	11	None	GENOMAD.016644.CC	1.822e-45	161	0	0	0	1	NA	NA	NA	PF10825	NA
JBHJCD010000011.1_82	96355	97245	891	-1	0.682	11	AGGAG	GENOMAD.108584.CP	1.037e-137	436	0	0	0	1	NA	NA	NA	PF17113;K03807;COG1270;TIGR00380	Cobalamin biosynthesis protein CobD/CbiB
JBHJCD010000011.1_83	97319	98209	891	-1	0.677	11	GGA/GAG/AGG	NA	NA	NA	0	0	0	1	NA	NA	NA	NA	NA
JBHJCD010000011.1_84	98517	99779	1263	-1	0.622	11	GGA/GAG/AGG	GENOMAD.015873.CC	2.909e-36	146	0	0	0	1	NA	NA	NA	PF00561;TIGR03101;COG0412;K24084	exosortase A system-associated hydrolase 2
JBHJCD010000011.1_85	100739	101125	387	-1	0.636	11	None	NA	NA	NA	0	0	0	1	NA	NA	NA	NA	NA
JBHJCD010000011.1_86	101209	101658	450	-1	0.691	11	GGAG/GAGG	NA	NA	NA	0	0	0	1	NA	NA	NA	NA	NA
JBHJCD010000011.1_87	101662	102399	738	-1	0.672	11	GGA/GAG/AGG	GENOMAD.005661.CC	2.801e-15	78	0	0	0	1	NA	NA	NA	PF20567	NA
JBHJCD010000011.1_88	102540	103166	627	1	0.719	11	GGA/GAG/AGG	GENOMAD.006203.CC	1.52e-25	107	0	0	0	1	NA	NA	NA	COG3918	NA
JBHJCD010000011.1_89	103205	105181	1977	1	0.694	11	GGAG/GAGG	NA	NA	NA	0	0	0	1	NA	NA	NA	NA	NA
JBHJCD010000011.1_90	105227	107491	2265	1	0.690	11	GGAG/GAGG	GENOMAD.132867.CP	1.449e-05	51	0	0	0	1	NA	NA	NA	PF01627;K20976;COG2198	HPt (histidine-containing phosphotransfer) domain
JBHJCD010000011.1_91	107858	108328	471	-1	0.584	11	GGAG/GAGG	NA	NA	NA	0	0	0	1	NA	NA	NA	NA	NA
JBHJCD010000011.1_92	108933	109550	618	-1	0.654	11	AGGAG	GENOMAD.205700.CP	0.0009458	42	0	0	0	1	NA	NA	NA	PF00293;K01518;COG4119;TIGR00586	Predicted NTP pyrophosphohydrolase, NUDIX family
JBHJCD010000011.1_93	110097	110489	393	-1	0.628	11	GGA/GAG/AGG	GENOMAD.076388.CV	3.04e-37	137	1	0	0	1246	Caudoviricetes	NA	NA	PF00380;COG0103;TIGR03627;K02960	Ribosomal protein S9
JBHJCD010000011.1_94	110492	110920	429	-1	0.613	11	GGA/GAG/AGG	GENOMAD.078681.CV	1.335e-51	179	1	0	0	1246	Caudoviricetes	NA	NA	PF00572;K02871;COG0102;TIGR01066	Ribosomal protein L13
JBHJCD010000011.1_95	111061	111756	696	1	0.697	11	None	GENOMAD.106818.CV	8.843e-34	132	0	0	0	1	NA	NA	NA	PF03232;K06134;COG2941;TIGR00754	Ubiquinone biosynthesis protein COQ7
JBHJCD010000011.1_96	112058	112372	315	-1	0.619	11	AGGAG	GENOMAD.182365.PC	0.0002341	41	0	0	0	1	NA	NA	NA	PF02694;K18925	Uncharacterised BCR, YnfA/UPF0060 family
JBHJCD010000011.1_97	112537	113331	795	-1	0.542	11	AGGA	GENOMAD.003941.CC	1.71e-107	347	0	0	0	1	NA	NA	NA	PF02675;TIGR03331;COG1586	S-adenosylmethionine decarboxylase proenzyme, Escherichia coli form
JBHJCD010000011.1_98	113469	114161	693	1	0.644	11	GGA/GAG/AGG	NA	NA	NA	0	0	0	1	NA	NA	NA	NA	NA
JBHJCD010000011.1_99	114481	115197	717	-1	0.665	11	None	GENOMAD.154355.CP	2.575e-133	420	0	0	0	1	NA	NA	NA	PF12689;K18697;TIGR01545;COG4996	haloacid dehalogenase superfamily, subfamily IF hydrolase, YfhB
JBHJCD010000011.1_100	115190	115987	798	-1	0.653	11	AGGA	NA	NA	NA	0	0	0	1	NA	NA	NA	NA	NA
JBHJCD010000011.1_101	116128	117165	1038	-1	0.653	11	None	NA	NA	NA	0	0	0	1	NA	NA	NA	NA	NA
JBHJCD010000011.1_102	117281	117913	633	-1	0.652	11	GGA/GAG/AGG	NA	NA	NA	0	0	0	1	NA	NA	NA	NA	NA
JBHJCD010000011.1_103	118056	118625	570	-1	0.619	11	None	NA	NA	NA	0	0	0	1	NA	NA	NA	NA	NA
JBHJCD010000011.1_104	118780	120396	1617	-1	0.557	11	None	NA	NA	NA	0	0	0	1	NA	NA	NA	NA	NA
JBHJCD010000011.1_105	120393	121403	1011	-1	0.598	11	GGA/GAG/AGG	NA	NA	NA	0	0	0	1	NA	NA	NA	NA	NA
JBHJCD010000011.1_106	121400	122566	1167	-1	0.547	11	GGAG/GAGG	NA	NA	NA	0	0	0	1	NA	NA	NA	NA	NA
JBHJCD010000011.1_107	122568	123827	1260	-1	0.533	11	AGGAG	NA	NA	NA	0	0	0	1	NA	NA	NA	NA	NA
JBHJCD010000011.1_108	123830	126814	2985	-1	0.595	11	GGAG/GAGG	NA	NA	NA	0	0	0	1	NA	NA	NA	NA	NA
JBHJCD010000011.1_109	127168	127950	783	-1	0.599	11	AGGA	GENOMAD.140872.CP	3.473e-70	239	0	0	0	1	NA	NA	NA	PF04402;COG2968;K09807	Uncharacterized conserved protein YggE, contains kinase-interacting SIMPL domain
JBHJCD010000011.1_110	127969	129045	1077	-1	0.649	11	GGA/GAG/AGG	GENOMAD.146710.CP	6.696e-110	359	0	0	0	1	NA	NA	NA	PF00155;K01620;COG2008;TIGR02617	Threonine aldolase
JBHJCD010000011.1_111	129045	130520	1476	-1	0.657	11	AGGA	GENOMAD.114697.CP	1.699e-23	108	0	0	0	1	NA	NA	NA	PF00425;K02552;COG1169;TIGR03494	Isochorismate synthase EntC
JBHJCD010000011.1_112	130778	131707	930	-1	0.697	11	None	NA	NA	NA	0	0	0	1	NA	NA	NA	NA	NA
JBHJCD010000011.1_113	131943	132434	492	-1	0.687	11	GGA/GAG/AGG	NA	NA	NA	0	0	0	1	NA	NA	NA	NA	NA
JBHJCD010000011.1_114	132431	133132	702	-1	0.661	11	None	NA	NA	NA	0	0	0	1	NA	NA	NA	NA	NA
JBHJCD010000011.1_115	133256	133585	330	-1	0.682	11	None	GENOMAD.124334.CV	0.0001245	42	0	0	0	1	NA	NA	NA	PF05099;PF13446;K05801;COG1076;TIGR02349	DnaJ-domain-containing proteins 1
JBHJCD010000011.1_116	133795	134721	927	1	0.632	11	AGGAG	NA	NA	NA	0	0	0	1	NA	NA	NA	NA	NA
JBHJCD010000011.1_117	134853	135599	747	1	0.590	11	None	NA	NA	NA	0	0	0	1	NA	NA	NA	NA	NA
JBHJCD010000011.1_118	135977	136408	432	1	0.664	11	GGA/GAG/AGG	NA	NA	NA	0	0	0	1	NA	NA	NA	NA	NA
JBHJCD010000011.1_119	136645	137181	537	1	0.600	11	GGA/GAG/AGG	NA	NA	NA	0	0	0	1	NA	NA	NA	NA	NA
JBHJCD010000011.1_120	137254	139008	1755	1	0.636	11	AGGAG	GENOMAD.021660.VV	1.513e-07	57	0	0	0	1246	Caudoviricetes	NA	NA	COG3179;K18950	Predicted chitinase
JBHJCD010000011.1_121	139434	141032	1599	1	0.640	11	GGAG/GAGG	NA	NA	NA	0	0	0	1	NA	NA	NA	NA	NA
JBHJCD010000011.1_122	141129	141614	486	1	0.626	11	GGAGG	GENOMAD.017267.CC	0.0004717	42	0	0	0	1	NA	NA	NA	PF06127;COG4539	Uncharacterized membrane protein YGL010W
JBHJCD010000011.1_123	141640	142590	951	-1	0.688	11	None	NA	NA	NA	0	0	0	1	NA	NA	NA	NA	NA
JBHJCD010000011.1_124	142709	145537	2829	1	0.646	11	None	GENOMAD.112737.CP	6.219e-28	125	0	0	0	1	NA	NA	NA	PF00361;PF00662;K22179;TIGR01960;COG1009	NAD(P)H dehydrogenase, subunit NdhF3 family
JBHJCD010000011.1_125	145537	145911	375	1	0.653	11	GGAG/GAGG	GENOMAD.134276.CP	1.684e-24	100	0	0	0	1	NA	NA	NA	K05560;COG1006	Multisubunit Na+/H+ antiporter, MnhC subunit
JBHJCD010000011.1_126	145908	147452	1545	1	0.664	11	GGA/GAG/AGG	GENOMAD.109407.CP	2.992e-117	388	0	0	0	1	NA	NA	NA	COG0651	Formate hydrogenlyase subunit 3/Multisubunit Na+/H+ antiporter, MnhD subunit
JBHJCD010000011.1_127	147449	147955	507	1	0.621	11	GGAGG	GENOMAD.137918.CP	2.536e-48	171	0	0	0	1	NA	NA	NA	PF01899;K05562;COG1863;TIGR00942	Multisubunit Na+/H+ antiporter, MnhE subunit
JBHJCD010000011.1_128	147952	148236	285	1	0.607	11	GGAG/GAGG	GENOMAD.147528.CP	1.212e-07	50	0	0	0	1	NA	NA	NA	PF04066;COG2212;K05563	Multisubunit Na+/H+ antiporter, MnhF subunit
JBHJCD010000011.1_129	148233	148652	420	1	0.612	11	GGAG/GAGG	GENOMAD.138410.CP	1.001e-19	87	0	0	0	1	NA	NA	NA	K05564;COG1320	Multisubunit Na+/H+ antiporter, MnhG subunit
JBHJCD010000011.1_130	148994	149641	648	-1	0.667	11	AGGA	GENOMAD.181422.CP	5.502e-43	158	0	0	0	1	NA	NA	NA	PF06572;COG2913	CAP-associated N-terminal
JBHJCD010000011.1_131	149783	150334	552	1	0.681	11	AGGA	NA	NA	NA	0	0	0	1	NA	NA	NA	NA	NA
JBHJCD010000011.1_132	150644	151957	1314	-1	0.648	11	GGA/GAG/AGG	NA	NA	NA	0	0	0	1	NA	NA	NA	NA	NA
JBHJCD010000011.1_133	152588	153703	1116	-1	0.620	11	GGAG/GAGG	GENOMAD.166667.PC	6.813e-13	73	0	0	0	1	NA	NA	NA	NA	NA
JBHJCD010000011.1_134	153826	154314	489	1	0.654	11	None	GENOMAD.130467.CP	1.06e-46	166	0	0	0	1	NA	NA	NA	PF03965;K22489;TIGR04472;COG5631	mobile rSAM pair MarR family regulator
JBHJCD010000011.1_135	154673	155263	591	-1	0.675	11	AGGAG	GENOMAD.002853.CC	8.67e-15	75	0	0	0	1	NA	NA	NA	PF03190;COG2143;TIGR02738;K06888	Thioredoxin-related protein
JBHJCD010000011.1_136	155275	156795	1521	-1	0.632	11	GGA/GAG/AGG	GENOMAD.159857.CP	3.422e-05	49	0	0	0	1	NA	NA	NA	PF03825;K03305;TIGR00926;COG3104	Peptide:H+ symporter (also transports b-lactam antibiotics, the antitumor agent, bestatin, and various protease inhibitors)
JBHJCD010000011.1_137	157045	157941	897	-1	0.669	11	None	NA	NA	NA	0	0	0	1	NA	NA	NA	NA	NA
JBHJCD010000011.1_138	158389	161970	3582	1	0.691	11	GGA/GAG/AGG	GENOMAD.159408.CP	9.66e-18	92	0	0	0	1	NA	NA	NA	PF19580;PF18942;K07004;COG2374;TIGR03395	Predicted extracellular nuclease
JBHJCD010000011.1_139	162148	163236	1089	1	0.676	11	GGA/GAG/AGG	NA	NA	NA	0	0	0	1	NA	NA	NA	NA	NA
JBHJCD010000011.1_140	163229	164299	1071	1	0.673	11	GGAG/GAGG	NA	NA	NA	0	0	0	1	NA	NA	NA	NA	NA
JBHJCD010000011.1_141	164301	164684	384	1	0.706	11	None	NA	NA	NA	0	0	0	1	NA	NA	NA	NA	NA
JBHJCD010000011.1_142	164681	166189	1509	1	0.696	11	GGA/GAG/AGG	GENOMAD.116475.CP	3.351e-109	364	0	0	0	1	NA	NA	NA	PF00198;PF00364;K09699;TIGR01348;COG0508	pyruvate dehydrogenase complex dihydrolipoamide acetyltransferase, long form
JBHJCD010000012.1_1	596	1843	1248	-1	0.502	11	GGA/GAG/AGG	NA	NA	NA	0	0	0	1	NA	NA	NA	NA	NA
JBHJCD010000012.1_2	2768	3319	552	1	0.687	11	AGGAG	NA	NA	NA	0	0	0	1	NA	NA	NA	NA	NA
JBHJCD010000012.1_3	3268	5217	1950	1	0.649	11	None	NA	NA	NA	0	0	0	1	NA	NA	NA	NA	NA
JBHJCD010000012.1_4	5368	5871	504	-1	0.635	11	None	NA	NA	NA	0	0	0	1	NA	NA	NA	NA	NA
JBHJCD010000012.1_5	5932	6363	432	1	0.660	11	None	NA	NA	NA	0	0	0	1	NA	NA	NA	NA	NA
JBHJCD010000012.1_6	6377	6673	297	1	0.680	11	GGA/GAG/AGG	GENOMAD.179363.CV	5.738e-09	54	0	0	0	1	NA	NA	NA	PF03658;COG2914;TIGR01682	Putative antitoxin component PasI (RatB) of the RatAB toxin-antitoxin module, ubiquitin-RnfH superfamily
JBHJCD010000012.1_7	6942	7337	396	-1	0.611	11	None	NA	NA	NA	0	0	0	1	NA	NA	NA	NA	NA
JBHJCD010000012.1_8	7442	7852	411	1	0.611	11	GGAG/GAGG	NA	NA	NA	0	0	0	1	NA	NA	NA	NA	NA
JBHJCD010000012.1_9	8320	9984	1665	-1	0.705	11	None	GENOMAD.094517.CV	8.344e-09	61	1	0	0	1246	Caudoviricetes	NA	NA	PF02463;PF12532;K03631;TIGR00634;COG0497	DNA repair protein RecN
JBHJCD010000012.1_10	10101	11153	1053	1	0.684	11	GGA/GAG/AGG	GENOMAD.093762.CV	7.508e-85	286	0	0	0	1246	Caudoviricetes	NA	NA	PF01628;PF03444;K03705;TIGR00331;COG1420	heat shock gene repressor HrcA
JBHJCD010000012.1_11	11252	11770	519	1	0.671	11	GGA/GAG/AGG	GENOMAD.103372.CV	5.897e-07	51	0	0	0	1246	Caudoviricetes	NA	NA	PF01025;COG0576	Molecular chaperone GrpE (heat shock protein)
JBHJCD010000012.1_12	11912	13837	1926	1	0.636	11	AGGAG	NA	NA	NA	0	0	0	1	NA	NA	NA	NA	NA
JBHJCD010000012.1_13	13998	15125	1128	1	0.665	11	None	GENOMAD.121441.VC	1.857e-14	78	0	0	0	1246	Caudoviricetes	NA	NA	PF01556;COG1107	Archaea-specific RecJ-like exonuclease, contains DnaJ-type Zn finger domain
JBHJCD010000012.1_14	15650	16558	909	1	0.681	11	GGA/GAG/AGG	NA	NA	NA	0	0	0	1	NA	NA	NA	NA	NA
JBHJCD010000012.1_15	16555	17676	1122	1	0.656	11	GGA/GAG/AGG	GENOMAD.129532.CP	9.164e-204	631	0	0	0	1	NA	NA	NA	PF20463;PF07991;K14187;COG0287;TIGR01327	Prephenate dehydrogenase
JBHJCD010000012.1_16	17851	18045	195	-1	0.610	11	GGAGG	NA	NA	NA	0	0	0	1	NA	NA	NA	NA	NA
JBHJCD010000012.1_17	18492	19895	1404	-1	0.667	11	None	GENOMAD.153372.CP	3.834e-100	336	0	0	0	1	NA	NA	NA	PF02321;TIGR01845;COG1538;K15725	efflux transporter, outer membrane factor (OMF) lipoprotein, NodT family
JBHJCD010000012.1_18	19892	20977	1086	-1	0.698	11	AGGAG	GENOMAD.143120.CP	2.579e-46	174	0	0	0	1	NA	NA	NA	PF00529;TIGR01843;K02022;COG1566	type I secretion membrane fusion protein, HlyD family
JBHJCD010000012.1_19	20961	22649	1689	-1	0.654	11	GGA/GAG/AGG	GENOMAD.168352.CP	1.344e-28	125	0	0	0	1	NA	NA	NA	PF00664;K02021;COG4618	ABC-type protease/lipase transport system, ATPase and permease components
JBHJCD010000012.1_20	22739	23638	900	-1	0.671	11	None	GENOMAD.133355.CP	9.66e-09	59	0	0	0	1	NA	NA	NA	PF03466;PF00126;TIGR03298;K17737;COG0583	transcriptional regulator, ArgP family
JBHJCD010000012.1_21	23880	25649	1770	-1	0.684	11	GGA/GAG/AGG	NA	NA	NA	0	0	0	1	NA	NA	NA	NA	NA
JBHJCD010000012.1_22	25646	26248	603	-1	0.662	11	None	NA	NA	NA	0	0	0	1	NA	NA	NA	NA	NA
JBHJCD010000012.1_23	26516	27109	594	-1	0.621	11	None	NA	NA	NA	0	0	0	1	NA	NA	NA	NA	NA
JBHJCD010000012.1_24	27323	28765	1443	-1	0.654	11	GGA/GAG/AGG	NA	NA	NA	0	0	0	1	NA	NA	NA	NA	NA
JBHJCD010000012.1_25	28877	30091	1215	-1	0.648	11	AGGA	GENOMAD.116686.CP	7.897e-49	183	0	0	0	1	NA	NA	NA	PF00198;K09699;TIGR01349;COG0508	pyruvate dehydrogenase complex dihydrolipoamide acetyltransferase, long form
JBHJCD010000012.1_26	30134	32962	2829	-1	0.649	11	None	GENOMAD.123911.CP	1.455e-162	539	0	0	0	1	NA	NA	NA	PF16078;K00164;TIGR00239;COG0567	2-oxoglutarate dehydrogenase, E1 component
JBHJCD010000012.1_27	33143	34072	930	-1	0.719	11	None	GENOMAD.007571.CC	2.057e-16	83	0	0	0	1	NA	NA	NA	PF17941	NA
JBHJCD010000012.1_28	34069	35556	1488	-1	0.686	11	AGGA	GENOMAD.169221.CP	4.719e-246	760	0	0	0	1	NA	NA	NA	PF08007;K18850;COG2850;TIGR03037	Ribosomal protein L16 Arg81 hydroxylase, contains JmjC domain
JBHJCD010000012.1_29	35802	36302	501	-1	0.635	11	AGGAG	NA	NA	NA	0	0	0	1	NA	NA	NA	NA	NA
JBHJCD010000012.1_30	36546	37913	1368	-1	0.665	11	None	GENOMAD.142401.VC	2.653e-99	333	0	0	0	1246	Caudoviricetes	NA	NA	PF08328	Adenylosuccinate lyase C-terminal
JBHJCD010000012.1_31	38078	39061	984	1	0.686	11	GGA/GAG/AGG	NA	NA	NA	0	0	0	1	NA	NA	NA	NA	NA
JBHJCD010000012.1_32	39072	40394	1323	-1	0.653	11	GGAGG	NA	NA	NA	0	0	0	1	NA	NA	NA	NA	NA
JBHJCD010000012.1_33	40678	42081	1404	1	0.640	11	GGAG/GAGG	NA	NA	NA	0	0	0	1	NA	NA	NA	NA	NA
JBHJCD010000012.1_34	42211	42660	450	-1	0.622	11	GGA/GAG/AGG	NA	NA	NA	0	0	0	1	NA	NA	NA	NA	NA
JBHJCD010000012.1_35	43000	43530	531	-1	0.642	11	GGA/GAG/AGG	NA	NA	NA	0	0	0	1	NA	NA	NA	NA	NA
JBHJCD010000012.1_36	43565	44383	819	-1	0.647	11	GGAG/GAGG	NA	NA	NA	0	0	0	1	NA	NA	NA	NA	NA
JBHJCD010000012.1_37	44394	45380	987	-1	0.662	11	GGA/GAG/AGG	GENOMAD.019618.CC	1e-58	209	0	0	0	1	NA	NA	NA	PF12679;TIGR03518;COG1277	ABC-2 family transporter protein
JBHJCD010000012.1_38	45377	46252	876	-1	0.634	11	GGA/GAG/AGG	NA	NA	NA	0	0	0	1	NA	NA	NA	NA	NA
JBHJCD010000012.1_39	46249	46611	363	-1	0.609	11	GGAG/GAGG	NA	NA	NA	0	0	0	1	NA	NA	NA	NA	NA
JBHJCD010000012.1_40	46614	46862	249	-1	0.643	11	GGA/GAG/AGG	NA	NA	NA	0	0	0	1	NA	NA	NA	NA	NA
JBHJCD010000012.1_41	46995	47552	558	1	0.599	11	GGA/GAG/AGG	NA	NA	NA	0	0	0	1	NA	NA	NA	NA	NA
JBHJCD010000012.1_42	47638	48609	972	1	0.634	11	GGA/GAG/AGG	GENOMAD.101229.CV	0.0001387	46	0	0	0	1	NA	NA	NA	PF18023;K09577;COG1047	BDBT FKBP like N-terminal
JBHJCD010000012.1_43	48635	49984	1350	1	0.639	11	GGA/GAG/AGG	GENOMAD.094142.VV	2.859e-05	49	0	0	0	1	NA	NA	NA	PF00984	UDP-glucose/GDP-mannose dehydrogenase family, central domain
JBHJCD010000012.1_44	49977	50213	237	1	0.612	11	AGGA/GGAG/GAGG	GENOMAD.020705.CC	1.223e-30	115	0	0	0	1	NA	NA	NA	PF04102;COG2900	Uncharacterized coiled-coil protein SlyX (sensitive to lysis X)
JBHJCD010000012.1_45	50232	50966	735	1	0.657	11	None	GENOMAD.161593.CP	1.374e-33	132	0	0	0	1	NA	NA	NA	K09912;COG3122	Uncharacterized conserved protein YaiL, DUF2058 family
JBHJCD010000012.1_46	51240	52142	903	1	0.650	11	None	GENOMAD.029943.CC	2.003e-21	98	0	0	0	1	NA	NA	NA	PF19089;COG4313;K20326	Membrane bound beta barrel domain (DUF5777)
JBHJCD010000012.1_47	52323	53456	1134	1	0.675	11	GGA/GAG/AGG	NA	NA	NA	0	0	0	1	NA	NA	NA	NA	NA
JBHJCD010000012.1_48	53470	54780	1311	1	0.628	11	GGA/GAG/AGG	GENOMAD.153188.CP	2.277e-08	59	0	0	0	1	NA	NA	NA	PF00083;K02429;TIGR00885;COG0738	L-fucose:H+ symporter permease
JBHJCD010000012.1_49	54777	55763	987	1	0.651	11	GGAGG	NA	NA	NA	0	0	0	1	NA	NA	NA	NA	NA
JBHJCD010000012.1_50	55760	56965	1206	1	0.605	11	AGGA	GENOMAD.191266.CP	8.468e-43	165	0	0	0	1	NA	NA	NA	PF07221;K18479;COG2942	N-acylglucosamine 2-epimerase (GlcNAc 2-epimerase)
JBHJCD010000012.1_51	57106	59859	2754	-1	0.625	11	GGA/GAG/AGG	NA	NA	NA	0	0	0	1	NA	NA	NA	NA	NA
JBHJCD010000012.1_52	60026	61156	1131	-1	0.639	11	GGAG/GAGG	NA	NA	NA	0	0	0	1	NA	NA	NA	NA	NA
JBHJCD010000012.1_53	61153	62148	996	-1	0.674	11	GGA/GAG/AGG	GENOMAD.109687.CP	7.089e-05	47	0	0	0	1	NA	NA	NA	PF06859;TIGR01934;COG4627;K24451	ubiquinone/menaquinone biosynthesis methyltransferases
JBHJCD010000012.1_54	62237	63418	1182	1	0.630	11	None	NA	NA	NA	0	0	0	1	NA	NA	NA	NA	NA
JBHJCD010000012.1_55	63854	65377	1524	1	0.659	11	None	NA	NA	NA	0	0	0	1	NA	NA	NA	NA	NA
JBHJCD010000012.1_56	66024	68450	2427	1	0.646	11	AGxAG	GENOMAD.154275.VC	4.466e-28	125	0	0	0	1246	Caudoviricetes	NA	NA	PF00773;K12573;TIGR02063;COG0557	ribonuclease R
JBHJCD010000012.1_57	68724	69197	474	1	0.624	11	GGAG/GAGG	NA	NA	NA	0	0	0	1	NA	NA	NA	NA	NA
JBHJCD010000012.1_58	69506	70255	750	1	0.673	11	None	NA	NA	NA	0	0	0	1	NA	NA	NA	NA	NA
JBHJCD010000012.1_59	70520	73555	3036	1	0.667	11	None	GENOMAD.140631.CP	0.0001691	48	0	0	0	1	NA	NA	NA	PF19193;K19693;COG3292	Periplasmic ligand-binding sensor domain
JBHJCD010000012.1_60	73788	74423	636	-1	0.643	11	GGA/GAG/AGG	NA	NA	NA	0	0	0	1	NA	NA	NA	NA	NA
JBHJCD010000012.1_61	74687	75094	408	-1	0.650	11	AGGAG	GENOMAD.225035.PV	5.515e-16	76	0	0	0	1246	Caudoviricetes	NA	NA	PF11776	Nickel/cobalt transporter regulator
JBHJCD010000012.1_62	75205	75915	711	-1	0.633	11	GGA/GAG/AGG	NA	NA	NA	0	0	0	1	NA	NA	NA	NA	NA
JBHJCD010000012.1_63	76044	76874	831	-1	0.614	11	GGA/GAG/AGG	NA	NA	NA	0	0	0	1	NA	NA	NA	NA	NA
JBHJCD010000012.1_64	76897	77766	870	-1	0.637	11	GGAGG	NA	NA	NA	0	0	0	1	NA	NA	NA	NA	NA
JBHJCD010000012.1_65	77766	78740	975	-1	0.632	11	GGA/GAG/AGG	NA	NA	NA	0	0	0	1	NA	NA	NA	NA	NA
JBHJCD010000012.1_66	78853	79944	1092	-1	0.656	11	GGAG/GAGG	NA	NA	NA	0	0	0	1	NA	NA	NA	NA	NA
JBHJCD010000012.1_67	80293	81312	1020	-1	0.634	11	AGGAG	NA	NA	NA	0	0	0	1	NA	NA	NA	NA	NA
JBHJCD010000012.1_68	81503	82753	1251	-1	0.630	11	GGA/GAG/AGG	GENOMAD.177447.CP	1.76e-07	56	0	0	0	1246	Caudoviricetes	NA	NA	PF07396;PF05736;K07221;COG3746	Phosphate-selective porin O and P; OprF membrane domain
JBHJCD010000012.1_69	83526	84206	681	1	0.634	11	GGAG/GAGG	NA	NA	NA	0	0	0	1	NA	NA	NA	NA	NA
JBHJCD010000012.1_70	84218	85786	1569	1	0.646	11	GGAG/GAGG	NA	NA	NA	0	0	0	1	NA	NA	NA	NA	NA
JBHJCD010000012.1_71	85986	86696	711	-1	0.627	11	GGAG/GAGG	NA	NA	NA	0	0	0	1	NA	NA	NA	NA	NA
JBHJCD010000012.1_72	86693	87073	381	-1	0.722	11	None	NA	NA	NA	0	0	0	1	NA	NA	NA	NA	NA
JBHJCD010000012.1_73	87081	87863	783	-1	0.648	11	GGA/GAG/AGG	NA	NA	NA	0	0	0	1	NA	NA	NA	NA	NA
JBHJCD010000012.1_74	88027	88725	699	1	0.647	11	GGAG/GAGG	NA	NA	NA	0	0	0	1	NA	NA	NA	NA	NA
JBHJCD010000012.1_75	88838	89641	804	1	0.668	11	AGGA	GENOMAD.119501.CP	2.079e-20	94	0	0	0	1	NA	NA	NA	PF00293;K18568;COG4119;TIGR00586	Predicted NTP pyrophosphohydrolase, NUDIX family
JBHJCD010000012.1_76	89638	90510	873	1	0.699	11	GGAG/GAGG	GENOMAD.127438.CP	3.424e-24	106	0	0	0	1	NA	NA	NA	PF00581;K01011;COG2897;TIGR03167	3-mercaptopyruvate sulfurtransferase SseA, contains two rhodanese domains
JBHJCD010000012.1_77	90599	91552	954	1	0.674	11	None	GENOMAD.157843.CP	6.232e-28	118	0	0	0	1	NA	NA	NA	PF07920;COG3358;K09164	Uncharacterized conserved protein, DUF1684 family
JBHJCD010000012.1_78	91772	92347	576	-1	0.648	11	None	NA	NA	NA	0	0	0	1	NA	NA	NA	NA	NA
JBHJCD010000012.1_79	92371	92862	492	1	0.665	11	None	NA	NA	NA	0	0	0	1	NA	NA	NA	NA	NA
JBHJCD010000012.1_80	92859	93386	528	1	0.691	11	None	NA	NA	NA	0	0	0	1	NA	NA	NA	NA	NA
JBHJCD010000012.1_81	93427	93933	507	1	0.694	11	None	GENOMAD.132266.CP	1.176e-05	47	0	0	0	1	NA	NA	NF000138	PF13527;K00619;COG3818;TIGR02382	Predicted acetyltransferase, GNAT superfamily
JBHJCD010000012.1_82	94379	94744	366	1	0.730	11	GGA/GAG/AGG	NA	NA	NA	0	0	0	1	NA	NA	NA	NA	NA
JBHJCD010000012.1_83	94911	97046	2136	1	0.673	11	None	NA	NA	NA	0	0	0	1	NA	NA	NA	NA	NA
JBHJCD010000012.1_84	97267	98043	777	1	0.664	11	GGAG/GAGG	NA	NA	NA	0	0	0	1	NA	NA	NA	NA	NA
JBHJCD010000012.1_85	98211	99176	966	1	0.664	11	None	NA	NA	NA	0	0	0	1	NA	NA	NA	NA	NA
JBHJCD010000012.1_86	99258	99824	567	-1	0.677	11	GGA/GAG/AGG	NA	NA	NA	0	0	0	1	NA	NA	NA	NA	NA
JBHJCD010000012.1_87	99949	100635	687	-1	0.606	11	None	GENOMAD.112814.CP	3.382e-55	194	0	0	0	1	NA	NA	NA	PF09365;COG5587;TIGR02453	Uncharacterized conserved protein, DUF2461 family
JBHJCD010000012.1_88	100632	102077	1446	-1	0.651	11	GGA/GAG/AGG	GENOMAD.167110.CP	1.272e-88	303	0	0	0	1246	Caudoviricetes	NA	NA	PF08411	Exonuclease C-terminal
JBHJCD010000012.1_89	102336	103703	1368	-1	0.667	11	GGA/GAG/AGG	GENOMAD.169108.CP	4.407e-30	128	0	0	0	1	NA	NA	NA	NA	NA
JBHJCD010000012.1_90	103875	105146	1272	-1	0.692	11	GGA/GAG/AGG	GENOMAD.138019.CP	2.758e-124	404	0	0	0	1	NA	NA	NA	PF00266;TIGR01814;COG3844;K11325	kynureninase
JBHJCD010000012.1_91	105180	107309	2130	-1	0.697	11	None	GENOMAD.151639.CP	1.367e-186	599	0	0	0	1	NA	NA	NA	COG1289;K15547	Uncharacterized membrane protein YccC
JBHJCD010000012.1_92	107373	107903	531	-1	0.631	11	GGAG/GAGG	NA	NA	NA	0	0	0	1	NA	NA	NA	NA	NA
JBHJCD010000012.1_93	107990	108652	663	-1	0.630	11	GGA/GAG/AGG	NA	NA	NA	0	0	0	1	NA	NA	NA	NA	NA
JBHJCD010000012.1_94	108808	109344	537	1	0.631	11	GGA/GAG/AGG	NA	NA	NA	0	0	0	1	NA	NA	NA	NA	NA
JBHJCD010000012.1_95	109387	109917	531	1	0.606	11	GGA/GAG/AGG	GENOMAD.140619.VV	2.261e-70	235	0	0	0	1	NA	NA	NA	PF11655	NA
JBHJCD010000012.1_96	109969	110586	618	1	0.615	11	AGGAG	GENOMAD.167032.VC	2.241e-16	80	0	0	0	1246	Caudoviricetes	NA	NA	PF11655	NA
JBHJCD010000012.1_97	110633	110893	261	1	0.579	11	GGA/GAG/AGG	NA	NA	NA	0	0	0	1	NA	NA	NA	NA	NA
JBHJCD010000012.1_98	110894	111367	474	1	0.637	11	GGAGG	NA	NA	NA	0	0	0	1	NA	NA	NA	NA	NA
JBHJCD010000012.1_99	111587	112330	744	1	0.659	11	GGAG/GAGG	NA	NA	NA	0	0	0	1	NA	NA	NA	NA	NA
JBHJCD010000012.1_100	112370	113368	999	1	0.659	11	AGGA	NA	NA	NA	0	0	0	1	NA	NA	NA	NA	NA
JBHJCD010000012.1_101	113744	114454	711	1	0.596	11	GGAG/GAGG	NA	NA	NA	0	0	0	1	NA	NA	NA	NA	NA
JBHJCD010000012.1_102	114791	115426	636	-1	0.642	11	None	NA	NA	NA	0	0	0	1	NA	NA	NA	NA	NA
JBHJCD010000012.1_103	115428	115754	327	-1	0.661	11	GGA/GAG/AGG	NA	NA	NA	0	0	0	1	NA	NA	NA	NA	NA
JBHJCD010000012.1_104	115751	116056	306	-1	0.647	11	GGxGG	NA	NA	NA	0	0	0	1	NA	NA	NA	NA	NA
JBHJCD010000012.1_105	116053	116310	258	-1	0.705	11	GGAG/GAGG	NA	NA	NA	0	0	0	1	NA	NA	NA	NA	NA
JBHJCD010000012.1_106	116312	117706	1395	-1	0.627	11	GGAG/GAGG	NA	NA	NA	0	0	0	1	NA	NA	NA	NA	NA
JBHJCD010000012.1_107	117911	118249	339	1	0.684	11	GGAG/GAGG	NA	NA	NA	0	0	0	1	NA	NA	NA	NA	NA
JBHJCD010000012.1_108	118656	119087	432	1	0.625	11	GGA/GAG/AGG	NA	NA	NA	0	0	0	1	NA	NA	NA	NA	NA
JBHJCD010000012.1_109	119099	119329	231	1	0.589	11	AGGAG	GENOMAD.022295.CC	7.611e-27	104	1	0	0	1	NA	NA	NA	PF01084;COG0238;TIGR00165	Ribosomal protein S18
JBHJCD010000012.1_110	119517	119966	450	1	0.631	11	GGAG/GAGG	GENOMAD.080915.CV	6.064e-21	91	1	0	0	1	NA	NA	NA	PF03948;PF01281;TIGR00158;COG0359;K02939	ribosomal protein L9
JBHJCD010000012.1_111	120176	123679	3504	1	0.658	11	None	NA	NA	NA	0	0	0	1	NA	NA	NA	NA	NA
JBHJCD010000012.1_112	123736	124467	732	1	0.648	11	GGAGG	GENOMAD.111153.CP	5.226e-102	330	0	0	0	1	NA	NA	NA	PF04354	ZipA, C-terminal FtsZ-binding domain
JBHJCD010000012.1_113	124474	124857	384	1	0.646	11	GGA/GAG/AGG	NA	NA	NA	0	0	0	1	NA	NA	NA	NA	NA
JBHJCD010000012.1_114	125035	126171	1137	-1	0.693	11	None	NA	NA	NA	0	0	0	1	NA	NA	NA	NA	NA
JBHJCD010000012.1_115	126501	129002	2502	1	0.668	11	None	NA	NA	NA	0	0	0	1	NA	NA	NA	NA	NA
JBHJCD010000012.1_116	128999	129961	963	1	0.660	11	None	NA	NA	NA	0	0	0	1	NA	NA	NA	NA	NA
JBHJCD010000012.1_117	130070	130756	687	1	0.684	11	GGAG/GAGG	GENOMAD.207981.CP	8.348e-124	392	0	0	0	1	NA	NA	NA	PF11218	NA
JBHJCD010000012.1_118	130955	132019	1065	1	0.690	11	None	GENOMAD.116589.CP	5.054e-59	211	0	0	0	1	NA	NA	NA	NA	NA
JBHJCD010000012.1_119	132229	134931	2703	1	0.636	11	GGA/GAG/AGG	GENOMAD.026404.VV	7.253e-49	193	0	0	0	1246	Caudoviricetes	NA	NA	PF00521;PF00986;K02469;TIGR01063;COG0188	DNA gyrase, A subunit
JBHJCD010000012.1_120	135156	137624	2469	1	0.655	11	GGAG/GAGG	GENOMAD.179037.PC	1.35e-18	94	0	0	0	1	NA	NA	NA	K05358;COG4993;TIGR03074	Glucose dehydrogenase
JBHJCD010000012.1_121	137985	138713	729	-1	0.653	11	GGAG/GAGG	GENOMAD.053871.PP	1.158e-135	427	0	0	0	1	NA	NA	NA	NA	NA
JBHJCD010000012.1_122	138982	140649	1668	-1	0.667	11	AGGA	NA	NA	NA	0	0	0	1	NA	NA	NA	NA	NA
JBHJCD010000012.1_123	140666	141523	858	-1	0.672	11	GGAG/GAGG	GENOMAD.159525.PC	2.312e-96	316	0	0	0	1	NA	NA	NA	PF05013;K01458;COG3741;TIGR02017	N-formylglutamate amidohydrolase
JBHJCD010000012.1_124	141705	143246	1542	-1	0.682	11	GGAG/GAGG	NA	NA	NA	0	0	0	1	NA	NA	NA	NA	NA
JBHJCD010000012.1_125	143260	144465	1206	-1	0.682	11	GGA/GAG/AGG	NA	NA	NA	0	0	0	1	NA	NA	NA	NA	NA
JBHJCD010000012.1_126	144526	145896	1371	1	0.678	11	GGAG/GAGG	GENOMAD.142656.PP	0.0002438	46	0	0	0	1	NA	NA	NA	PF22429	Formimidoylglutamate deiminase HutF, N-terminal domain
JBHJCD010000012.1_127	146213	146950	738	1	0.675	11	GGAG/GAGG	NA	NA	NA	0	0	0	1	NA	NA	NA	NA	NA
JBHJCD010000012.1_128	147133	148131	999	-1	0.695	11	None	GENOMAD.209518.PC	5.509e-189	586	0	0	0	1	NA	NA	NA	COG1787	Endonuclease, HJR/Mrr/RecB family
JBHJCD010000012.1_129	148671	149231	561	-1	0.677	11	AGGAG	GENOMAD.012092.CC	4.092e-33	128	0	0	0	1	NA	NA	NA	COG3937	Polyhydroxyalkanoate synthesis regulator phasin
JBHJCD010000012.1_130	149394	149669	276	-1	0.641	11	None	GENOMAD.016982.CC	1.636e-18	81	0	0	0	1	NA	NA	NA	PF09650;TIGR02610	putative polyhydroxyalkanoic acid system protein
JBHJCD010000012.1_131	149866	150714	849	1	0.686	11	None	GENOMAD.117073.CP	2.877e-18	88	0	0	0	1	NA	NA	NA	PF00498;PF09480;K21397;TIGR03354;COG3456	type VI secretion system FHA domain protein
JBHJCD010000012.1_132	150656	151312	657	-1	0.656	11	GGA/GAG/AGG	GENOMAD.153317.CP	4.992e-55	193	0	0	0	1	NA	NA	NA	PF01794;K17247;COG2717	Periplasmic DMSO/TMAO reductase YedYZ, heme-binding membrane subunit
JBHJCD010000012.1_133	151438	152406	969	-1	0.637	11	GGAG/GAGG	GENOMAD.145686.CP	1.79e-69	240	0	0	0	1	NA	NA	NA	NA	NA
JBHJCD010000012.1_134	152583	153668	1086	1	0.649	11	GGA/GAG/AGG	NA	NA	NA	0	0	0	1	NA	NA	NA	NA	NA
JBHJCD010000012.1_135	153753	154961	1209	1	0.621	11	AGGA	GENOMAD.100028.CP	4.007e-43	166	0	0	0	1	NA	NA	NA	PF00800;K04518;COG0077;TIGR01268	Prephenate dehydratase
JBHJCD010000012.1_136	155085	156407	1323	1	0.673	11	GGA/GAG/AGG	NA	NA	NA	0	0	0	1	NA	NA	NA	NA	NA
JBHJCD010000012.1_137	156546	157124	579	-1	0.691	11	AGGAG	GENOMAD.136404.CP	1.138e-32	127	0	0	0	1	NA	NA	NA	PF03544;TIGR01352	TonB family C-terminal domain
JBHJCD010000012.1_138	157372	158043	672	-1	0.725	11	GGA/GAG/AGG	GENOMAD.136404.CP	1.655e-16	81	0	0	0	1	NA	NA	NA	PF03544;TIGR01352	TonB family C-terminal domain
JBHJCD010000012.1_139	158155	159435	1281	1	0.633	11	None	NA	NA	NA	0	0	0	1	NA	NA	NA	NA	NA
JBHJCD010000012.1_140	159757	160341	585	-1	0.660	11	GGA/GAG/AGG	GENOMAD.153566.CP	2.02e-09	59	0	0	0	1	NA	NA	NA	PF02525;K01118;COG1182;TIGR02690	Flavodoxin-like fold
JBHJCD010000012.1_141	160457	161458	1002	1	0.665	11	GGA/GAG/AGG	NA	NA	NA	0	0	0	1	NA	NA	NA	NA	NA
JBHJCD010000012.1_142	162004	163311	1308	1	0.568	11	GGA/GAG/AGG	NA	NA	NA	0	0	0	1	NA	NA	NA	NA	NA
JBHJCD010000013.1_1	2	418	417	-1	0.631	11	None	NA	NA	NA	0	0	0	1	NA	NA	NA	NA	NA
JBHJCD010000013.1_2	452	910	459	-1	0.638	11	GGAG/GAGG	NA	NA	NA	0	0	0	1	NA	NA	NA	NA	NA
JBHJCD010000013.1_3	1379	1999	621	1	0.634	11	GGA/GAG/AGG	NA	NA	NA	0	0	0	1	NA	NA	NA	NA	NA
JBHJCD010000013.1_4	2040	2690	651	1	0.607	11	AGGAG	GENOMAD.082990.PP	2.63e-79	263	0	0	0	1	NA	NA	NA	NA	NA
JBHJCD010000013.1_5	3145	4227	1083	1	0.532	11	GGA/GAG/AGG	NA	NA	NA	0	0	0	1	NA	NA	NA	NA	NA
JBHJCD010000013.1_6	4394	7519	3126	-1	0.651	11	GGA/GAG/AGG	NA	NA	NA	0	0	0	1	NA	NA	NA	NA	NA
JBHJCD010000013.1_7	7516	8586	1071	-1	0.680	11	AGGA	NA	NA	NA	0	0	0	1	NA	NA	NA	NA	NA
JBHJCD010000013.1_8	8988	10964	1977	-1	0.655	11	GGAG/GAGG	NA	NA	NA	0	0	0	1	NA	NA	NA	NA	NA
JBHJCD010000013.1_9	10964	11260	297	-1	0.687	11	GGA/GAG/AGG	NA	NA	NA	0	0	0	1	NA	NA	NA	NA	NA
JBHJCD010000013.1_10	11293	11961	669	1	0.656	11	None	NA	NA	NA	0	0	0	1	NA	NA	NA	NA	NA
JBHJCD010000013.1_11	12053	13900	1848	1	0.690	11	GGA/GAG/AGG	GENOMAD.148123.CP	2.55e-13	76	0	0	0	1	NA	NA	NA	PF08021;COG0543;TIGR02911;K11933	NAD(P)H-flavin reductase
JBHJCD010000013.1_12	14017	15723	1707	1	0.665	11	None	NA	NA	NA	0	0	0	1	NA	NA	NA	NA	NA
JBHJCD010000013.1_13	15720	16445	726	1	0.640	11	GGA/GAG/AGG	NA	NA	NA	0	0	0	1	NA	NA	NA	NA	NA
JBHJCD010000013.1_14	16572	18173	1602	-1	0.675	11	GGAG/GAGG	GENOMAD.154339.CP	1.45e-69	249	0	0	0	1	NA	NA	NA	PF03929;COG3182;K03863	PepSY-associated TM region
JBHJCD010000013.1_15	18173	20200	2028	-1	0.663	11	GGA/GAG/AGG	GENOMAD.127342.CP	2.34e-23	109	0	0	0	1	NA	NA	NA	PF11854;PF07715;TIGR01776;COG4773;K16090	TonB-dependent lactoferrin and transferrin receptors
JBHJCD010000013.1_16	20371	20808	438	-1	0.674	11	None	GENOMAD.072167.PP	1.499e-05	46	0	0	0	1	NA	NA	NA	PF11162	NA
JBHJCD010000013.1_17	21073	22308	1236	1	0.659	11	GGA/GAG/AGG	GENOMAD.178893.CP	5.046e-05	48	0	0	0	1	NA	NA	NA	PF15714;K20962;COG1956	GAF domain-containing protein, putative methionine-R-sulfoxide reductase
JBHJCD010000013.1_18	23252	23431	180	-1	0.717	11	GGA/GAG/AGG	NA	NA	NA	0	0	0	1	NA	NA	NA	NA	NA
JBHJCD010000013.1_19	23440	24423	984	-1	0.686	11	GGA/GAG/AGG	NA	NA	NA	0	0	0	1	NA	NA	NA	NA	NA
JBHJCD010000013.1_20	24587	25789	1203	1	0.732	11	AGGA/GGAG/GAGG	NA	NA	NA	0	0	0	1	NA	NA	NA	NA	NA
JBHJCD010000013.1_21	25806	26765	960	1	0.678	11	GGAG/GAGG	NA	NA	NA	0	0	0	1	NA	NA	NA	NA	NA
JBHJCD010000013.1_22	27062	27568	507	1	0.669	11	GGAG/GAGG	GENOMAD.161143.CP	1.176e-05	47	0	0	0	1	NA	NA	NA	PF02544;TIGR04571;COG4094	lipid A Kdo2 1-phosphate O-methyltransferase
JBHJCD010000013.1_23	27765	28304	540	1	0.631	11	None	NA	NA	NA	0	0	0	1	NA	NA	NA	NA	NA
JBHJCD010000013.1_24	28520	29524	1005	-1	0.627	11	AGGA	NA	NA	NA	0	0	0	1	NA	NA	NA	NA	NA
JBHJCD010000013.1_25	30080	31546	1467	-1	0.651	11	GGAGG	NA	NA	NA	0	0	0	1	NA	NA	NA	NA	NA
JBHJCD010000013.1_26	31805	32449	645	-1	0.667	11	GGA/GAG/AGG	GENOMAD.151287.CP	0.0002398	44	0	0	0	1	NA	NA	NA	PF13419;COG0637;TIGR01449;K01091	Beta-phosphoglucomutase or related phosphatase, HAD superfamily
JBHJCD010000013.1_27	32446	33621	1176	-1	0.668	11	GGA/GAG/AGG	NA	NA	NA	0	0	0	1	NA	NA	NA	NA	NA
JBHJCD010000013.1_28	33938	35296	1359	-1	0.702	11	GGAG/GAGG	GENOMAD.022838.CC	9.504e-133	430	0	0	0	1	NA	NA	NA	PF13163	NA
JBHJCD010000013.1_29	35293	37746	2454	-1	0.678	11	None	GENOMAD.003280.CC	0.0	1211	0	0	0	1	NA	NA	NA	COG5373	NA
JBHJCD010000013.1_30	38319	38789	471	-1	0.586	11	GGA/GAG/AGG	NA	NA	NA	0	0	0	1	NA	NA	NA	NA	NA
JBHJCD010000013.1_31	38999	40000	1002	-1	0.617	11	AGGAG	NA	NA	NA	0	0	0	1	NA	NA	NA	NA	NA
JBHJCD010000013.1_32	40465	40986	522	1	0.638	11	GGAG/GAGG	GENOMAD.208558.PC	6.029e-07	51	0	0	0	1	NA	NA	NA	PF08332;TIGR02246;COG4875;K10533	conserved hypothetical protein
JBHJCD010000013.1_33	41273	41896	624	1	0.643	11	GGA/GAG/AGG	GENOMAD.167222.CP	5.067e-30	120	0	0	0	1	NA	NA	NA	PF05736;K07275;COG3047;TIGR04565	Outer membrane protein W
JBHJCD010000013.1_34	42014	42628	615	1	0.631	11	None	GENOMAD.167534.CP	2.263e-15	77	0	0	0	1	NA	NA	NA	PF16961;K07275;COG3047;TIGR04565	Outer membrane protein W
JBHJCD010000013.1_35	42887	43660	774	1	0.695	11	None	NA	NA	NA	0	0	0	1	NA	NA	NA	NA	NA
JBHJCD010000013.1_36	43674	44498	825	1	0.652	11	GGAG/GAGG	GENOMAD.124145.CP	0.0004253	44	0	0	0	1	NA	NA	NF033105	PF19583;TIGR04559;K20257;COG0426	quinoprotein relay system zinc metallohydrolase 2
JBHJCD010000013.1_37	44574	45350	777	1	0.656	11	AGGAG	GENOMAD.132251.CP	3.054e-26	111	0	0	0	1	NA	NA	NA	NA	NA
JBHJCD010000013.1_38	45367	46053	687	1	0.693	11	None	NA	NA	NA	0	0	0	1	NA	NA	NA	NA	NA
JBHJCD010000013.1_39	46053	46667	615	1	0.662	11	GGAG/GAGG	NA	NA	NA	0	0	0	1	NA	NA	NA	NA	NA
JBHJCD010000013.1_40	46765	47349	585	-1	0.674	11	None	NA	NA	NA	0	0	0	1	NA	NA	NA	NA	NA
JBHJCD010000013.1_41	47346	48167	822	-1	0.659	11	None	GENOMAD.136404.CP	7.344e-09	59	0	0	0	1	NA	NA	NA	PF03544;TIGR01352	TonB family C-terminal domain
JBHJCD010000013.1_42	48186	48644	459	-1	0.651	11	AGGAG	NA	NA	NA	0	0	0	1	NA	NA	NA	NA	NA
JBHJCD010000013.1_43	48634	48999	366	-1	0.642	11	GGA/GAG/AGG	NA	NA	NA	0	0	0	1	NA	NA	NA	NA	NA
JBHJCD010000013.1_44	49124	51121	1998	1	0.655	11	GGA/GAG/AGG	NA	NA	NA	0	0	0	1	NA	NA	NA	NA	NA
JBHJCD010000013.1_45	51257	52432	1176	1	0.636	11	None	GENOMAD.208454.PC	4.076e-82	280	0	0	0	1	NA	NA	NA	PF16670	Phosphoinositide phospholipase C, Ca2+-dependent
JBHJCD010000013.1_46	52555	53343	789	1	0.626	11	GGA/GAG/AGG	NA	NA	NA	0	0	0	1	NA	NA	NA	NA	NA
JBHJCD010000013.1_47	53286	55268	1983	1	0.628	11	None	GENOMAD.152082.CP	2.881e-13	76	0	0	0	1	NA	NA	NA	PF00593;PF07715;PF00691;TIGR01782;COG4773;K16089	TonB-dependent receptor
JBHJCD010000013.1_48	55570	56577	1008	1	0.642	11	GGA/GAG/AGG	NA	NA	NA	0	0	0	1	NA	NA	NA	NA	NA
JBHJCD010000013.1_49	56580	57299	720	1	0.649	11	AGGA	NA	NA	NA	0	0	0	1	NA	NA	NA	NA	NA
JBHJCD010000013.1_50	57769	59952	2184	-1	0.628	11	GGAG/GAGG	GENOMAD.130354.CP	7.365e-116	393	0	0	0	1	NA	NA	NA	PF14905;PF07715;K16088;COG4773;TIGR01776	Outer membrane receptor for ferric coprogen and ferric-rhodotorulic acid
JBHJCD010000013.1_51	60672	62672	2001	-1	0.648	11	None	NA	NA	NA	0	0	0	1	NA	NA	NA	NA	NA
JBHJCD010000013.1_52	62878	64158	1281	-1	0.643	11	GGA/GAG/AGG	NA	NA	NA	0	0	0	1	NA	NA	NA	NA	NA
JBHJCD010000013.1_53	64984	66732	1749	-1	0.683	11	GGA/GAG/AGG	GENOMAD.097040.CP	5.788e-27	120	0	0	0	1	NA	NA	NA	NA	NA
JBHJCD010000013.1_54	66729	68546	1818	-1	0.670	11	GGAGG	GENOMAD.127016.CP	3.22e-07	56	0	0	0	1	NA	NA	NA	PF10516;TIGR03302;COG4455	outer membrane assembly lipoprotein YfiO
JBHJCD010000013.1_55	68534	69550	1017	-1	0.663	11	None	NA	NA	NA	0	0	0	1	NA	NA	NA	NA	NA
JBHJCD010000013.1_56	69547	70008	462	-1	0.706	11	GGAG/GAGG	GENOMAD.128916.CP	7.863e-46	163	0	0	0	1	NA	NA	NA	PF14316	NA
JBHJCD010000013.1_57	70011	70940	930	-1	0.698	11	None	GENOMAD.123116.CP	1.935e-07	55	0	0	0	1	NA	NA	NA	PF01882;PF05753;COG1721	Uncharacterized conserved protein, DUF58 family, contains vWF domain
JBHJCD010000013.1_58	70994	72013	1020	-1	0.664	11	None	NA	NA	NA	0	0	0	1	NA	NA	NA	NA	NA
JBHJCD010000013.1_59	72451	74400	1950	-1	0.599	11	GGA/GAG/AGG	GENOMAD.070464.CC	9.999e-28	123	0	0	0	1	NA	NA	NA	NA	NA
JBHJCD010000013.1_60	74420	74953	534	-1	0.635	11	GGA/GAG/AGG	GENOMAD.002097.CC	1.064e-70	236	0	0	0	1	NA	NA	NA	PF04351;K02665;COG3168	Tfp pilus assembly protein PilP
JBHJCD010000013.1_61	74950	75615	666	-1	0.605	11	AGGAGG	GENOMAD.000893.CC	6.149e-54	190	0	0	0	1	NA	NA	NA	PF04350;K23985;COG3167	Tfp pilus assembly protein PilO
JBHJCD010000013.1_62	75612	76394	783	-1	0.641	11	AGGAG	GENOMAD.000823.CC	3.859e-49	178	0	0	0	1	NA	NA	NA	PF12693;K02663;COG3166	Tfp pilus assembly protein PilN
JBHJCD010000013.1_63	76394	77452	1059	-1	0.631	11	GGAG/GAGG	GENOMAD.000156.CC	3.67e-63	223	0	0	0	1	NA	NA	NA	PF11104;TIGR01175;COG4972;K02662	type IV pilus assembly protein PilM
JBHJCD010000013.1_64	77665	80091	2427	1	0.656	11	GGA/GAG/AGG	NA	NA	NA	0	0	0	1	NA	NA	NA	NA	NA
JBHJCD010000013.1_65	80400	81050	651	1	0.670	11	GGAG/GAGG	GENOMAD.004530.CC	8.439e-27	111	0	0	0	1	NA	NA	NA	PF14091;COG2413;K07073	Predicted nucleotidyltransferase
JBHJCD010000013.1_66	81298	82587	1290	-1	0.608	11	AGGAG	GENOMAD.123376.CP	7.419e-68	240	0	0	0	1	NA	NA	NA	PF00285;TIGR01798;COG0372;K01659	citrate synthase I (hexameric type)
JBHJCD010000013.1_67	82817	83059	243	-1	0.539	11	None	NA	NA	NA	0	0	0	1	NA	NA	NA	NA	NA
JBHJCD010000013.1_68	83131	84069	939	-1	0.677	11	None	NA	NA	NA	0	0	0	1	NA	NA	NA	NA	NA
JBHJCD010000013.1_69	84192	86345	2154	-1	0.678	11	None	NA	NA	NA	0	0	0	1	NA	NA	NA	NA	NA
JBHJCD010000013.1_70	86366	86746	381	-1	0.654	11	GGAG/GAGG	GENOMAD.150994.CP	4.04e-06	47	0	0	0	1	NA	NA	NA	PF01042;TIGR03610;COG0251;K09021	pyrimidine utilization protein C
JBHJCD010000013.1_71	86826	88997	2172	-1	0.649	11	None	NA	NA	NA	0	0	0	1	NA	NA	NA	NA	NA
JBHJCD010000013.1_72	89125	89424	300	-1	0.637	11	GGAG/GAGG	GENOMAD.093361.CV	3.28e-07	49	0	0	0	1	NA	NA	NA	PF01192;COG1758;TIGR00690;K03060	DNA-directed RNA polymerase, subunit K/omega
JBHJCD010000013.1_73	89685	90296	612	-1	0.668	11	None	NA	NA	NA	0	0	0	1	NA	NA	NA	NA	NA
JBHJCD010000013.1_74	90448	91308	861	-1	0.667	11	GGA/GAG/AGG	GENOMAD.073106.CV	2.823e-85	284	0	0	0	1246	Caudoviricetes	NA	NA	PF03755;PF08340;TIGR00255;COG1561	TIGR00255 family protein
JBHJCD010000013.1_75	91418	92143	726	1	0.674	11	GGA/GAG/AGG	GENOMAD.067591.CV	7.554e-97	315	0	0	0	1246	Caudoviricetes	NA	NA	PF01138;PF03725;K00989;TIGR01966;COG0689	ribonuclease PH
JBHJCD010000013.1_76	92227	92532	306	1	0.657	11	None	GENOMAD.178375.CP	5.833e-10	57	0	0	0	1	NA	NA	NA	PF18029;COG3324;TIGR03081;K08234	Predicted enzyme related to lactoylglutathione lyase
JBHJCD010000013.1_77	92529	93128	600	1	0.658	11	GGAG/GAGG	NA	NA	NA	0	0	0	1	NA	NA	NA	NA	NA
JBHJCD010000013.1_78	93144	94301	1158	1	0.654	11	None	NA	NA	NA	0	0	0	1	NA	NA	NA	NA	NA
JBHJCD010000013.1_79	94600	97023	2424	1	0.684	11	GGA/GAG/AGG	GENOMAD.107195.CP	1.456e-138	463	0	0	0	1	NA	NA	NA	NA	NA
JBHJCD010000013.1_80	97020	97367	348	1	0.678	11	GGAG/GAGG	GENOMAD.013799.CC	3.799e-52	179	0	0	0	1	NA	NA	NA	PF16823;COG3215;TIGR02266	Tfp pilus assembly protein PilZ
JBHJCD010000013.1_81	97575	98900	1326	1	0.661	11	GGA/GAG/AGG	GENOMAD.191002.CP	1.774e-55	204	0	0	0	1	NA	NA	NA	PF05195	Putative metallopeptidase
JBHJCD010000013.1_82	99014	99412	399	1	0.674	11	GGA/GAG/AGG	NA	NA	NA	0	0	0	1	NA	NA	NA	NA	NA
JBHJCD010000013.1_83	99575	100903	1329	-1	0.658	11	None	GENOMAD.120563.CP	5.641e-09	61	0	0	0	1	NA	NA	NA	PF00557;K01271;COG0006;TIGR02993	Xaa-Pro aminopeptidase
JBHJCD010000013.1_84	100912	101454	543	-1	0.683	11	GGA/GAG/AGG	GENOMAD.111615.CP	8.698e-40	147	0	0	0	1	NA	NA	NA	PF03695;K09895;COG3079;TIGR02292	Uncharacterized conserved protein YgfB, UPF0149 family
JBHJCD010000013.1_85	101689	101910	222	1	0.662	11	None	GENOMAD.004052.CC	1.41e-19	83	0	0	0	1	NA	NA	NA	PF06005;TIGR02449;COG3074	TIGR02449 family protein
JBHJCD010000013.1_86	101907	102206	300	1	0.620	11	GGAG/GAGG	GENOMAD.001146.CC	4.378e-12	63	0	0	0	1	NA	NA	NA	PF05164;K09888;COG3027	Cell division protein ZapA, inhibits GTPase activity of FtsZ
JBHJCD010000013.1_87	102819	103409	591	1	0.699	11	GGA/GAG/AGG	NA	NA	NA	0	0	0	1	NA	NA	NA	NA	NA
JBHJCD010000013.1_88	103406	103882	477	1	0.618	11	None	GENOMAD.115277.CP	8.48e-39	143	0	0	0	1	NA	NA	NA	PF01878;COG2947	Predicted RNA-binding protein, contains PUA-like domain
JBHJCD010000013.1_89	103980	104627	648	1	0.657	11	GGA/GAG/AGG	NA	NA	NA	0	0	0	1	NA	NA	NA	NA	NA
JBHJCD010000013.1_90	104826	105239	414	1	0.647	11	None	NA	NA	NA	0	0	0	1	NA	NA	NA	NA	NA
JBHJCD010000013.1_91	105444	106289	846	1	0.661	11	None	GENOMAD.001272.CC	9.669e-33	131	0	0	0	1	NA	NA	NA	PF13369;COG2912	Regulator of sirC expression, contains transglutaminase-like and TPR domains
JBHJCD010000013.1_92	106434	106673	240	-1	0.629	11	None	GENOMAD.022030.CC	4.124e-05	42	0	0	0	1	NA	NA	NA	PF00301;COG1773;K05297	Rubredoxin
JBHJCD010000013.1_93	106697	107335	639	1	0.684	11	GGA/GAG/AGG	NA	NA	NA	0	0	0	1	NA	NA	NA	NA	NA
JBHJCD010000013.1_94	108174	111356	3183	-1	0.631	11	GGAG/GAGG	GENOMAD.125907.CP	1.41e-208	679	0	0	0	1	NA	NA	NA	PF14905;PF07715;TIGR01783;COG4771;K19611	TonB-dependent siderophore receptor
JBHJCD010000013.1_95	111659	112948	1290	1	0.674	11	AGGA	GENOMAD.118353.CP	5.597e-28	121	0	0	0	1	NA	NA	NA	NA	NA
JBHJCD010000013.1_96	113800	116571	2772	1	0.669	11	None	GENOMAD.154381.CP	1.915e-33	143	0	0	0	1	NA	NA	NA	PF09820;K03556;COG2909;TIGR02928	ATP-, maltotriose- and DNA-dependent transcriptional regulator MalT
JBHJCD010000013.1_97	116583	116720	138	1	0.616	11	GGA/GAG/AGG	NA	NA	NA	0	0	0	1	NA	NA	NA	NA	NA
JBHJCD010000013.1_98	116654	117103	450	-1	0.611	11	AGGAG	GENOMAD.130165.CV	2.289e-57	196	0	0	0	1	NA	NA	NA	PF13473;COG3241;TIGR02695;K02638	Azurin
JBHJCD010000013.1_99	117314	118516	1203	-1	0.644	11	GGAGG	NA	NA	NA	0	0	0	1	NA	NA	NA	NA	NA
JBHJCD010000013.1_100	118547	119050	504	-1	0.619	11	AGGA	GENOMAD.146177.CP	1.26e-55	192	0	0	0	1	NA	NA	NA	PF01042;COG0251;TIGR00004;K09021	Enamine deaminase RidA, house cleaning of reactive enamine intermediates, YjgF/YER057c/UK114 family
JBHJCD010000013.1_101	119075	119500	426	-1	0.655	11	GGAGG	GENOMAD.132779.CP	5.256e-09	56	0	0	0	1	NA	NA	NA	PF09086;K00406;COG2010;TIGR04494	Cytochrome c, mono- and diheme variants
JBHJCD010000013.1_102	119497	121104	1608	-1	0.636	11	GGA/GAG/AGG	NA	NA	NA	0	0	0	1	NA	NA	NA	NA	NA
JBHJCD010000013.1_103	121174	123468	2295	-1	0.630	11	GGA/GAG/AGG	GENOMAD.179607.CP	3.274e-76	276	0	0	0	1	NA	NA	NA	K16091;COG4206	Outer membrane cobalamin receptor protein
JBHJCD010000013.1_104	123754	124371	618	1	0.673	11	GGA/GAG/AGG	GENOMAD.146405.CP	2.342e-39	147	0	0	0	1	NA	NA	NA	PF12689;K20866;TIGR01656;COG0241	histidinol-phosphate phosphatase family domain
JBHJCD010000013.1_105	124557	125783	1227	-1	0.678	11	None	NA	NA	NA	0	0	0	1	NA	NA	NA	NA	NA
JBHJCD010000013.1_106	125856	126728	873	1	0.647	11	None	NA	NA	NA	0	0	0	1	NA	NA	NA	NA	NA
JBHJCD010000013.1_107	126869	127684	816	-1	0.661	11	None	NA	NA	NA	0	0	0	1	NA	NA	NA	NA	NA
JBHJCD010000013.1_108	127809	128537	729	-1	0.686	11	GGAG/GAGG	GENOMAD.142991.CP	9.82e-112	358	0	0	0	1	NA	NA	NA	PF01633;COG2112;K13419;TIGR03724	Predicted Ser/Thr protein kinase
JBHJCD010000013.1_109	128620	130707	2088	1	0.672	11	None	GENOMAD.133581.CP	9.344e-15	81	0	0	0	1	NA	NA	NA	PF09335;K03975;COG0586	Uncharacterized membrane protein DedA, SNARE-associated domain
JBHJCD010000013.1_110	131119	132003	885	-1	0.615	11	GGAG/GAGG	NA	NA	NA	0	0	0	1	NA	NA	NA	NA	NA
JBHJCD010000013.1_111	132283	132879	597	-1	0.648	11	None	GENOMAD.000566.CC	7.523e-31	122	0	0	0	1	NA	NA	NA	PF02190;K07157;COG0466;TIGR00763	ATP-dependent Lon protease, bacterial type
JBHJCD010000013.1_112	132879	134246	1368	-1	0.668	11	None	GENOMAD.089563.CP	6.496e-47	179	1	0	0	1	NA	NA	NA	PF08245;PF02875;K01924;TIGR01082;COG0773	UDP-N-acetylmuramate--L-alanine ligase
JBHJCD010000013.1_113	134599	135162	564	-1	0.654	11	GGAG/GAGG	NA	NA	NA	0	0	0	1	NA	NA	NA	NA	NA
JBHJCD010000013.1_114	135322	136578	1257	1	0.658	11	AGGAG/GGAGG	NA	NA	NA	0	0	0	1	NA	NA	NA	NA	NA
JBHJCD010000013.1_115	137150	137530	381	1	0.570	11	GGA/GAG/AGG	GENOMAD.043515.PP	7.603e-34	127	0	1	0	1	NA	B_traI	NA	PF13605;TIGR02791;COG5314;K03200	P-type DNA transfer protein VirB5
JBHJCD010000013.1_116	137527	137913	387	1	0.514	11	None	GENOMAD.043515.PP	6.432e-61	205	0	1	0	1	NA	B_traI	NA	PF13605;TIGR02791;COG5314;K03200	P-type DNA transfer protein VirB5
JBHJCD010000013.1_117	137961	139079	1119	1	0.611	11	GGA/GAG/AGG	GENOMAD.022765.PP	7.992e-205	634	0	1	0	1	NA	T_virB6	NA	K03201;COG3704	Type IV secretory pathway, VirB6 components
JBHJCD010000013.1_118	140168	140752	585	1	0.485	11	AGGA	NA	NA	NA	0	0	0	1	NA	NA	NA	NA	NA
JBHJCD010000013.1_119	140749	142098	1350	1	0.601	11	GGA/GAG/AGG	NA	NA	NA	0	0	0	1	NA	NA	NA	NA	NA
JBHJCD010000013.1_120	142101	143285	1185	1	0.583	11	None	GENOMAD.022765.PP	2.853e-201	625	0	1	0	1	NA	T_virB6	NA	K03201;COG3704	Type IV secretory pathway, VirB6 components
JBHJCD010000013.1_121	144225	144809	585	1	0.489	11	AGGA	NA	NA	NA	0	0	0	1	NA	NA	NA	NA	NA
JBHJCD010000013.1_122	144806	146155	1350	1	0.584	11	None	NA	NA	NA	0	0	0	1	NA	NA	NA	NA	NA
JBHJCD010000013.1_123	146160	147332	1173	1	0.598	11	None	GENOMAD.022765.PP	4.829e-202	627	0	1	0	1	NA	T_virB6	NA	K03201;COG3704	Type IV secretory pathway, VirB6 components
JBHJCD010000013.1_124	147548	147766	219	1	0.489	11	GGAG/GAGG	GENOMAD.086806.PP	4.423e-09	53	0	0	0	1	NA	NA	NA	PF13827	NA
JBHJCD010000014.1_1	133	609	477	-1	0.600	11	GGAGG	NA	NA	NA	0	0	0	1	NA	NA	NA	NA	NA
JBHJCD010000014.1_2	673	1242	570	-1	0.621	11	None	GENOMAD.137861.CP	0.0001692	44	0	0	0	1	NA	NA	NA	PF13022;K18905;TIGR03968;COG3226	mycofactocin system transcriptional regulator
JBHJCD010000014.1_3	1359	1931	573	-1	0.686	11	GGA/GAG/AGG	GENOMAD.160458.PC	3.722e-26	108	0	0	0	1	NA	NA	NA	PF00440;PF08362;K20325;TIGR03613;COG3226	pyrimidine utilization regulatory protein R
JBHJCD010000014.1_4	2015	2755	741	1	0.668	11	AGGA	NA	NA	NA	0	0	0	1	NA	NA	NA	NA	NA
JBHJCD010000014.1_5	3121	4173	1053	-1	0.582	11	AGGA/GGAG/GAGG	NA	NA	NA	0	0	0	1	NA	NA	NA	NA	NA
JBHJCD010000014.1_6	4205	4537	333	1	0.592	11	GGAG/GAGG	GENOMAD.112646.PP	7.5e-27	106	0	0	0	1	NA	B_traH	NA	PF12992;TIGR03066;COG4939	Gemmata obscuriglobus paralogous family TIGR03066
JBHJCD010000014.1_7	4873	6798	1926	1	0.681	11	GGAG/GAGG	GENOMAD.124001.CP	9.799e-256	796	0	0	0	1	NA	NA	NA	PF17899;PF01433;PF19805;COG3975;TIGR02411;K01254	Predicted metalloprotease, contains C-terminal PDZ domain
JBHJCD010000014.1_8	6947	7045	99	1	0.525	11	GGAG/GAGG	GENOMAD.189581.CP	0.0001041	38	0	0	0	1	NA	NA	NA	NA	NA
JBHJCD010000014.1_9	7148	8542	1395	-1	0.692	11	GGAG/GAGG	NA	NA	NA	0	0	0	1	NA	NA	NA	NA	NA
JBHJCD010000014.1_10	8856	9146	291	-1	0.660	11	GGAG/GAGG	NA	NA	NA	0	0	0	1	NA	NA	NA	NA	NA
JBHJCD010000014.1_11	9164	9340	177	-1	0.616	11	None	NA	NA	NA	0	0	0	1	NA	NA	NA	NA	NA
JBHJCD010000014.1_12	9501	11981	2481	-1	0.737	11	GGA/GAG/AGG	NA	NA	NA	0	0	0	1	NA	NA	NA	NA	NA
JBHJCD010000014.1_13	12079	16131	4053	-1	0.699	11	AGGAG	NA	NA	NA	0	0	0	1	NA	NA	NA	NA	NA
JBHJCD010000014.1_14	16128	19541	3414	-1	0.697	11	None	GENOMAD.147962.CP	0.0	1725	0	0	0	1	NA	NA	NA	PF04257;PF17946;PF13361;K03583;COG1330;TIGR01450	Exonuclease V gamma subunit
JBHJCD010000014.1_15	19895	24703	4809	-1	0.678	11	GGA/GAG/AGG	GENOMAD.088220.VV	5.444e-07	57	0	0	0	1246	Caudoviricetes	NA	NA	NA	NA
JBHJCD010000014.1_16	24969	25514	546	1	0.637	11	GGAG/GAGG	NA	NA	NA	0	0	0	1	NA	NA	NA	NA	NA
JBHJCD010000014.1_17	25582	26109	528	1	0.648	11	AGGA	GENOMAD.140351.VV	6.298e-07	51	0	0	1	1246	Caudoviricetes	NA	NA	COG4675	Microcystin-dependent protein  (function unknown)
JBHJCD010000014.1_18	26170	26706	537	1	0.629	11	GGAGG	GENOMAD.152240.VV	3.079e-05	46	0	0	1	1246	Caudoviricetes	NA	NA	COG4675	Microcystin-dependent protein  (function unknown)
JBHJCD010000014.1_19	26711	27268	558	1	0.647	11	None	NA	NA	NA	0	0	0	1	NA	NA	NA	NA	NA
JBHJCD010000014.1_20	27287	27574	288	-1	0.615	11	AGGA	GENOMAD.214699.PC	2.914e-53	181	0	0	0	1	NA	NA	NA	PF21880	NA
JBHJCD010000014.1_21	27957	28751	795	1	0.698	11	GGA/GAG/AGG	NA	NA	NA	0	0	0	1	NA	NA	NA	NA	NA
JBHJCD010000014.1_22	28751	29500	750	1	0.652	11	GGAG/GAGG	GENOMAD.124229.CP	2.901e-12	69	0	0	0	1	NA	NA	NA	COG0767	ABC-type transporter Mla maintaining outer membrane lipid asymmetry, permease component MlaE
JBHJCD010000014.1_23	29512	30057	546	1	0.656	11	GGA/GAG/AGG	GENOMAD.123377.CP	3.373e-33	128	0	0	0	1	NA	NA	NA	PF02470;TIGR04430;COG1463;K02067	outer membrane lipid asymmetry maintenance protein MlaD
JBHJCD010000014.1_24	30054	30716	663	1	0.662	11	GGA/GAG/AGG	GENOMAD.111169.CP	6.057e-21	94	0	0	0	1	NA	NA	NA	PF05494;COG2854;K07323;TIGR03481	ABC-type transporter Mla maintaining outer membrane lipid asymmetry, periplasmic MlaC component
JBHJCD010000014.1_25	30706	30996	291	1	0.694	11	None	GENOMAD.016077.CC	4.399e-26	103	0	0	0	1	NA	NA	NA	PF13466;K07122;COG5439;TIGR00377	anti-anti-sigma factor
JBHJCD010000014.1_26	31007	32062	1056	1	0.692	11	GGA/GAG/AGG	NA	NA	NA	0	0	0	1	NA	NA	NA	NA	NA
JBHJCD010000014.1_27	32202	32687	486	-1	0.578	11	GGA/GAG/AGG	GENOMAD.192563.CP	3.665e-12	66	0	0	0	1	NA	NA	NA	PF12707;COG4994;TIGR02246;K18243	conserved hypothetical protein
JBHJCD010000014.1_28	32746	33297	552	-1	0.661	11	AGGA	NA	NA	NA	0	0	0	1	NA	NA	NA	NA	NA
JBHJCD010000014.1_29	33451	33828	378	-1	0.698	11	GGA/GAG/AGG	NA	NA	NA	0	0	0	1	NA	NA	NA	NA	NA
JBHJCD010000014.1_30	34044	35624	1581	-1	0.657	11	None	NA	NA	NA	0	0	0	1	NA	NA	NA	NA	NA
JBHJCD010000014.1_31	35761	36768	1008	-1	0.708	11	None	NA	NA	NA	0	0	0	1	NA	NA	NA	NA	NA
JBHJCD010000014.1_32	36864	37796	933	1	0.710	11	GGAG/GAGG	NA	NA	NA	0	0	0	1	NA	NA	NA	NA	NA
JBHJCD010000014.1_33	38133	38363	231	1	0.680	11	None	NA	NA	NA	0	0	0	1	NA	NA	NA	NA	NA
JBHJCD010000014.1_34	38524	39144	621	1	0.646	11	GGAG/GAGG	NA	NA	NA	0	0	0	1	NA	NA	NA	NA	NA
JBHJCD010000014.1_35	39264	39644	381	1	0.633	11	GGA/GAG/AGG	NA	NA	NA	0	0	0	1	NA	NA	NA	NA	NA
JBHJCD010000014.1_36	39860	41275	1416	1	0.657	11	GGAG/GAGG	NA	NA	NA	0	0	0	1	NA	NA	NA	NA	NA
JBHJCD010000014.1_37	41365	43839	2475	-1	0.662	11	GGA/GAG/AGG	GENOMAD.146392.CP	4.182e-220	702	0	0	0	1	NA	NA	NA	PF07971;PF17678;TIGR01180;COG3537	alpha-1,2-mannosidase, putative
JBHJCD010000014.1_38	44070	47003	2934	-1	0.679	11	GGA/GAG/AGG	GENOMAD.177318.PC	1.396e-10	68	0	0	0	1	NA	NA	NA	NA	NA
JBHJCD010000014.1_39	47670	48059	390	-1	0.610	11	GGA/GAG/AGG	GENOMAD.205179.PC	2.672e-46	163	0	0	0	1	NA	NA	NA	PF10947	NA
JBHJCD010000014.1_40	48171	49919	1749	-1	0.686	11	GGA/GAG/AGG	NA	NA	NA	0	0	0	1	NA	NA	NA	NA	NA
JBHJCD010000014.1_41	50032	51222	1191	-1	0.706	11	None	GENOMAD.169207.CP	1.723e-36	146	0	0	0	1	NA	NA	NA	PF05651;K02647;COG3835	Putative sugar diacid recognition
JBHJCD010000014.1_42	51455	52624	1170	-1	0.732	11	GGA/GAG/AGG	NA	NA	NA	0	0	0	1	NA	NA	NA	NA	NA
JBHJCD010000014.1_43	52650	53960	1311	-1	0.680	11	GGAG/GAGG	NA	NA	NA	0	0	0	1	NA	NA	NA	NA	NA
JBHJCD010000014.1_44	54430	55683	1254	-1	0.664	11	GGA/GAG/AGG	NA	NA	NA	0	0	0	1	NA	NA	NA	NA	NA
JBHJCD010000014.1_45	55964	56284	321	-1	0.657	11	AGGAG	NA	NA	NA	0	0	0	1	NA	NA	NA	NA	NA
JBHJCD010000014.1_46	56403	57569	1167	-1	0.644	11	GGA/GAG/AGG	GENOMAD.086164.CV	3.035e-60	216	0	0	0	1246	Caudoviricetes	NA	NA	PF10672;PF17785;K06969;COG1092;TIGR00095	23S rRNA G2069 N7-methylase RlmK or C1962 C5-methylase RlmI
JBHJCD010000014.1_47	57675	58790	1116	1	0.634	11	GGA/GAG/AGG	NA	NA	NA	0	0	0	1	NA	NA	NA	NA	NA
JBHJCD010000014.1_48	59225	60013	789	1	0.703	11	None	GENOMAD.137825.CP	0.0008004	43	0	0	0	1	NA	NA	NA	PF20401;K19225;TIGR04239;COG0705	rhomboid family protease GlpG
JBHJCD010000014.1_49	60126	61223	1098	-1	0.645	11	GGAG/GAGG	NA	NA	NA	0	0	0	1	NA	NA	NA	NA	NA
JBHJCD010000014.1_50	61464	62822	1359	-1	0.627	11	GGA/GAG/AGG	GENOMAD.182879.CP	2.467e-54	201	0	0	0	1	NA	NA	NA	COG4773;K16091	Outer membrane receptor for ferric coprogen and ferric-rhodotorulic acid
JBHJCD010000014.1_51	62832	63764	933	-1	0.646	11	None	GENOMAD.182879.CP	1.151e-46	173	0	0	0	1	NA	NA	NA	COG4773;K16091	Outer membrane receptor for ferric coprogen and ferric-rhodotorulic acid
JBHJCD010000014.1_52	63957	64814	858	1	0.683	11	GGAG/GAGG	NA	NA	NA	0	0	0	1	NA	NA	NA	NA	NA
JBHJCD010000014.1_53	64978	66318	1341	-1	0.659	11	GGA/GAG/AGG	NA	NA	NA	0	0	0	1	NA	NA	NA	NA	NA
JBHJCD010000014.1_54	66475	69177	2703	-1	0.640	11	AGGA	GENOMAD.158306.CP	9.357e-13	75	0	0	0	1	NA	NA	NA	PF01650;PF10633;COG4249	Uncharacterized protein, contains caspase domain
JBHJCD010000014.1_55	69263	70987	1725	-1	0.663	11	GGA/GAG/AGG	GENOMAD.074816.CV	6.82e-45	176	0	0	0	1	NA	NA	NA	PF14849;COG0706	YidC periplasmic domain
JBHJCD010000014.1_56	71013	71297	285	-1	0.681	11	None	GENOMAD.092643.CV	1.934e-33	124	0	0	0	1	NA	NA	NA	PF00825;TIGR00188;COG0594;K03536	ribonuclease P protein component, eubacterial
JBHJCD010000014.1_57	71489	71629	141	-1	0.660	11	GGAG/GAGG	GENOMAD.096109.CV	6.396e-15	68	0	0	0	1	NA	NA	NA	PF00468;COG0230;TIGR01030	Ribosomal protein L34
JBHJCD010000014.1_58	71872	73200	1329	1	0.663	11	None	GENOMAD.161908.VC	0.0002328	46	0	0	0	1246	Caudoviricetes	NA	NA	PF08299	Bacterial dnaA protein helix-turn-helix
JBHJCD010000014.1_59	73477	74577	1101	1	0.632	11	GGA/GAG/AGG	NA	NA	NA	0	0	0	1	NA	NA	NA	NA	NA
JBHJCD010000014.1_60	75621	76727	1107	1	0.665	11	GGA/GAG/AGG	GENOMAD.095931.CV	3.884e-58	209	0	0	0	1	NA	NA	NA	PF11398;K03629;TIGR00611;COG1195	recF protein
JBHJCD010000014.1_61	76842	79286	2445	1	0.648	11	None	GENOMAD.138195.VC	9.547e-32	137	0	0	0	1246	Caudoviricetes	NA	NA	PF00204;K02622;TIGR01059;COG0187	DNA gyrase, B subunit
JBHJCD010000014.1_62	79355	80191	837	1	0.695	11	AGGA	GENOMAD.177178.CP	7.777e-09	59	0	0	0	1	NA	NA	NA	PF02517	Type II CAAX prenyl endopeptidase Rce1-like
JBHJCD010000014.1_63	80375	81142	768	1	0.639	11	GGA/GAG/AGG	GENOMAD.125981.CP	2.185e-06	51	0	0	0	1246	Caudoviricetes	NA	NA	PF01435;K23010;COG4784	Putative Zn-dependent protease
JBHJCD010000014.1_64	81459	82652	1194	1	0.604	11	GGAG/GAGG	GENOMAD.002725.CC	3.504e-12	71	0	0	0	1	NA	NA	NA	COG2956;K21007	Lipopolysaccharide biosynthesis regulator YciM, contains six TPR domains and a predicted metal-binding C-terminal domain
JBHJCD010000014.1_65	82806	83477	672	1	0.644	11	GGA/GAG/AGG	GENOMAD.136404.CP	7.397e-18	85	0	0	0	1	NA	NA	NA	PF03544;TIGR01352	TonB family C-terminal domain
JBHJCD010000014.1_66	83563	84324	762	1	0.646	11	GGA/GAG/AGG	NA	NA	NA	0	0	0	1	NA	NA	NA	NA	NA
JBHJCD010000014.1_67	84371	84793	423	1	0.600	11	GGAG/GAGG	GENOMAD.124417.CP	5.736e-07	50	0	0	0	1	NA	NA	NA	PF02472;K03560;TIGR02801;COG0848	TolR protein
JBHJCD010000014.1_68	84830	85210	381	1	0.598	11	GGA/GAG/AGG	GENOMAD.124417.CP	0.0009953	40	0	0	0	1	NA	NA	NA	PF02472;K03560;TIGR02801;COG0848	TolR protein
JBHJCD010000014.1_69	85457	85864	408	1	0.615	11	GGAGG	GENOMAD.124417.CP	5.252e-06	47	0	0	0	1	NA	NA	NA	PF02472;K03560;TIGR02801;COG0848	TolR protein
JBHJCD010000014.1_70	85975	86094	120	-1	0.600	11	None	NA	NA	NA	0	0	0	1	NA	NA	NA	NA	NA
JBHJCD010000014.1_71	86119	86886	768	-1	0.678	11	GGA/GAG/AGG	NA	NA	NA	0	0	0	1	NA	NA	NA	NA	NA
JBHJCD010000014.1_72	86894	87163	270	-1	0.674	11	GGAG/GAGG	NA	NA	NA	0	0	0	1	NA	NA	NA	NA	NA
JBHJCD010000014.1_73	87239	88699	1461	-1	0.667	11	None	NA	NA	NA	0	0	0	1	NA	NA	NA	NA	NA
JBHJCD010000014.1_74	88875	89801	927	1	0.542	11	None	NA	NA	NA	0	0	0	1	NA	NA	NA	NA	NA
JBHJCD010000014.1_75	90600	91727	1128	-1	0.660	11	None	GENOMAD.103333.CP	2.103e-59	213	0	0	0	1	NA	NA	NA	NA	NA
JBHJCD010000014.1_76	91935	92648	714	-1	0.636	11	GGA/GAG/AGG	GENOMAD.152228.VC	2.349e-15	78	0	0	1	11688	Kyanoviridae	NA	NA	PF03336;K07336;TIGR02408	Poxvirus C4/C10 protein
JBHJCD010000014.1_77	92910	94250	1341	-1	0.670	11	GGA/GAG/AGG	NA	NA	NA	0	0	0	1	NA	NA	NA	NA	NA
JBHJCD010000014.1_78	94470	95162	693	1	0.672	11	None	GENOMAD.151242.CP	8.159e-08	55	0	0	0	1	NA	NA	NA	COG0705	Membrane associated serine protease, rhomboid family
JBHJCD010000014.1_79	95226	95591	366	1	0.596	11	GGAG/GAGG	GENOMAD.004860.CC	1.824e-30	117	0	0	0	1	NA	NA	NA	PF08850;COG4517	NA
JBHJCD010000014.1_80	95591	96583	993	1	0.700	11	None	NA	NA	NA	0	0	0	1	NA	NA	NA	NA	NA
JBHJCD010000014.1_81	96750	98279	1530	-1	0.682	11	GGAG/GAGG	GENOMAD.195889.CP	8.43e-06	51	0	0	0	1	NA	NA	NA	PF03572;PF14684	Peptidase family S41; Tricorn protease C1 domain
JBHJCD010000014.1_82	98384	99619	1236	-1	0.676	11	None	GENOMAD.105932.CP	4.893e-09	61	0	0	0	1	NA	NA	NA	PF01333;K22719;COG4942;TIGR00830	Septal ring factor EnvC, activator of murein hydrolases AmiA and AmiB
JBHJCD010000014.1_83	99780	100436	657	1	0.651	11	GGAG/GAGG	NA	NA	NA	0	0	0	1	NA	NA	NA	NA	NA
JBHJCD010000014.1_84	100598	102394	1797	1	0.677	11	AGGAG	NA	NA	NA	0	0	0	1	NA	NA	NA	NA	NA
JBHJCD010000014.1_85	102719	103162	444	-1	0.637	11	AGGAG	NA	NA	NA	0	0	0	1	NA	NA	NA	NA	NA
JBHJCD010000014.1_86	103457	104590	1134	-1	0.623	11	AGGAG	NA	NA	NA	0	0	0	1	NA	NA	NA	NA	NA
JBHJCD010000014.1_87	105220	106272	1053	-1	0.611	11	AGGAG	NA	NA	NA	0	0	0	1	NA	NA	NA	NA	NA
JBHJCD010000014.1_88	107040	108113	1074	-1	0.626	11	AGGAG	NA	NA	NA	0	0	0	1	NA	NA	NA	NA	NA
JBHJCD010000014.1_89	108424	109482	1059	1	0.648	11	GGAG/GAGG	NA	NA	NA	0	0	0	1	NA	NA	NA	NA	NA
JBHJCD010000014.1_90	110698	112179	1482	-1	0.682	11	None	GENOMAD.114384.CP	6.397e-41	162	0	0	0	18026	Monodnaviria	NA	NA	PF14691;PF06100;TIGR01317;K00266;COG0493	glutamate synthases, NADH/NADPH, small subunit
JBHJCD010000014.1_91	112198	112389	192	1	0.609	11	GGA/GAG/AGG	NA	NA	NA	0	0	0	1	NA	NA	NA	NA	NA
JBHJCD010000014.1_92	112308	116780	4473	-1	0.682	11	GGAG/GAGG	GENOMAD.120530.CP	5.241e-86	317	0	0	0	1	NA	NA	NA	PF04898;COG0069	Glutamate synthase central domain
JBHJCD010000014.1_93	116983	117363	381	-1	0.648	11	GGAG/GAGG	GENOMAD.208772.PC	1.1e-21	92	0	1	0	1	NA	NA	NA	PF11720;PF04202;COG3895;TIGR02747	Peptidase inhibitor I78 family; Foot protein 3
JBHJCD010000014.1_94	117420	118697	1278	1	0.660	11	None	NA	NA	NA	0	0	0	1	NA	NA	NA	NA	NA
JBHJCD010000014.1_95	118921	119265	345	-1	0.696	11	GGAG/GAGG	NA	NA	NA	0	0	0	1	NA	NA	NA	NA	NA
JBHJCD010000014.1_96	119487	120881	1395	1	0.640	11	GGAG/GAGG	NA	NA	NA	0	0	0	1	NA	NA	NA	NA	NA
JBHJCD010000014.1_97	120878	121912	1035	1	0.643	11	None	NA	NA	NA	0	0	0	1	NA	NA	NA	NA	NA
JBHJCD010000014.1_98	121992	122861	870	-1	0.657	11	AGGAG	NA	NA	NA	0	0	0	1	NA	NA	NA	NA	NA
JBHJCD010000014.1_99	123026	123901	876	1	0.670	11	GGA/GAG/AGG	NA	NA	NA	0	0	0	1	NA	NA	NA	NA	NA
JBHJCD010000014.1_100	124105	124491	387	1	0.672	11	GGAG/GAGG	GENOMAD.141139.CP	8.851e-07	49	0	0	0	1	NA	NA	NA	PF03965;K02171;TIGR02698;COG3682	copper transport repressor, CopY/TcrY family
JBHJCD010000014.1_101	124495	126234	1740	1	0.697	11	AGGAG	NA	NA	NA	0	0	0	1	NA	NA	NA	NA	NA
JBHJCD010000014.1_102	126915	127964	1050	1	0.683	11	GGAG/GAGG	NA	NA	NA	0	0	0	1	NA	NA	NA	NA	NA
JBHJCD010000014.1_103	128052	129182	1131	1	0.698	11	GGA/GAG/AGG	GENOMAD.178415.CP	1.488e-51	190	0	0	0	1	NA	NA	NA	PF13761;PF02571;COG3268;K19064;TIGR00036	Uncharacterized conserved protein, related to short-chain dehydrogenases
JBHJCD010000014.1_104	129321	130106	786	-1	0.645	11	GGAG/GAGG	GENOMAD.216450.PC	1.059e-154	483	0	0	0	1	NA	NA	NA	PF08975;COG5255	NA
JBHJCD010000014.1_105	130117	132774	2658	-1	0.677	11	None	GENOMAD.152082.CP	1.68e-15	84	0	0	0	1	NA	NA	NA	PF00593;PF07715;PF00691;TIGR01782;COG4773;K16089	TonB-dependent receptor
JBHJCD010000014.1_106	132877	134034	1158	1	0.681	11	None	NA	NA	NA	0	0	0	1	NA	NA	NA	NA	NA
JBHJCD010000014.1_107	134223	136367	2145	1	0.636	11	GGAG/GAGG	NA	NA	NA	0	0	0	1	NA	NA	NA	NA	NA
JBHJCD010000014.1_108	136851	138314	1464	-1	0.689	11	GGA/GAG/AGG	GENOMAD.109692.CP	7.78e-153	490	0	0	0	1	NA	NA	NA	PF13482;K07502;COG3359;TIGR01406	Uncharacterized conserved protein YprB, contains RNaseH-like and TPR domains
JBHJCD010000014.1_109	138311	140806	2496	-1	0.661	11	GGAG/GAGG	NA	NA	NA	0	0	0	1	NA	NA	NA	NA	NA
JBHJCD010000014.1_110	140984	141646	663	1	0.668	11	None	NA	NA	NA	0	0	0	1	NA	NA	NA	NA	NA
JBHJCD010000014.1_111	141712	141969	258	1	0.593	11	None	NA	NA	NA	0	0	0	1	NA	NA	NA	NA	NA
JBHJCD010000014.1_112	141957	142259	303	1	0.591	11	None	GENOMAD.166801.CP	9.197e-05	42	0	1	0	1	NA	NA	NA	PF05016;PF02030;COG3668;K11073;TIGR02385	Plasmid stabilization system protein ParE
JBHJCD010000014.1_113	142442	143341	900	-1	0.690	11	AGGAG	NA	NA	NA	0	0	0	1	NA	NA	NA	NA	NA
JBHJCD010000014.1_114	143401	144138	738	-1	0.664	11	GGA/GAG/AGG	NA	NA	NA	0	0	0	1	NA	NA	NA	NA	NA
JBHJCD010000014.1_115	144263	144625	363	1	0.625	11	AGGAG	NA	NA	NA	0	0	0	1	NA	NA	NA	NA	NA
JBHJCD010000015.1_1	2	184	183	1	0.683	11	None	NA	NA	NA	0	0	0	1	NA	NA	NA	NA	NA
JBHJCD010000015.1_2	408	2291	1884	1	0.678	11	GGAG/GAGG	GENOMAD.190262.VC	2.478e-09	63	0	0	0	1246	Caudoviricetes	NA	NA	K01342;TIGR03921;COG1404	type VII secretion-associated serine protease mycosin
JBHJCD010000015.1_3	2421	4148	1728	1	0.633	11	GGAG/GAGG	GENOMAD.034940.CC	1.335e-18	93	0	0	0	1	NA	NA	NA	TIGR02538	type IV-A pilus assembly ATPase PilB
JBHJCD010000015.1_4	4324	5541	1218	1	0.644	11	None	GENOMAD.117243.CP	2.029e-42	164	0	0	0	1	NA	NA	NA	PF00482;K02455;TIGR02120;COG1459	type II secretion system protein F
JBHJCD010000015.1_5	5811	6242	432	1	0.639	11	AGGA	NA	NA	NA	0	0	0	1	NA	NA	NA	NA	NA
JBHJCD010000015.1_6	6252	6761	510	1	0.690	11	None	GENOMAD.168400.CP	5.087e-32	124	0	0	0	1	NA	NA	NA	PF12019;PF07379;TIGR01708;K02457;COG4970	type II secretion system protein H
JBHJCD010000015.1_7	6758	7174	417	1	0.671	11	GGA/GAG/AGG	GENOMAD.161255.CP	2.336e-68	227	0	0	0	1	NA	NA	NA	PF07379;K02458;TIGR01707;COG4967	type II secretion system protein I
JBHJCD010000015.1_8	7171	7806	636	1	0.665	11	GGA/GAG/AGG	GENOMAD.190410.CP	1.286e-29	119	0	0	0	1	NA	NA	NA	PF07379;K02459;TIGR01711;COG4795	type II secretion system protein J
JBHJCD010000015.1_9	7803	8654	852	1	0.657	11	GGxGG	GENOMAD.152488.CP	2.62e-14	76	0	0	0	1	NA	NA	NA	PF03934;COG3156;K02460;TIGR02600	Type II secretory pathway, component PulK
JBHJCD010000015.1_10	8651	9772	1122	1	0.676	11	GGAG/GAGG	GENOMAD.160484.CP	3.691e-161	508	0	0	0	1	NA	NA	NA	PF12693;PF05134;K02461;TIGR01709;COG3297	type II secretion system protein L
JBHJCD010000015.1_11	9756	10409	654	1	0.683	11	AGGAG	GENOMAD.192187.CP	8.185e-28	114	0	0	0	1	NA	NA	NA	PF04350;COG3167;K02462	Tfp pilus assembly protein PilO
JBHJCD010000015.1_12	10399	11196	798	1	0.704	11	GGAGG	NA	NA	NA	0	0	0	1	NA	NA	NA	NA	NA
JBHJCD010000015.1_13	11193	13484	2292	1	0.579	11	None	NA	NA	NA	0	0	0	1	NA	NA	NA	NA	NA
JBHJCD010000015.1_14	13556	13855	300	1	0.420	11	GGAGG	NA	NA	NA	0	0	0	1	NA	NA	NA	NA	NA
JBHJCD010000015.1_15	13986	14738	753	1	0.700	11	None	NA	NA	NA	0	0	0	1	NA	NA	NA	NA	NA
JBHJCD010000015.1_16	15212	15940	729	-1	0.661	11	None	GENOMAD.205743.CP	0.000325	44	0	0	0	1	NA	NA	NA	PF00392;COG2188;K03486;TIGR02404	DNA-binding transcriptional regulator, GntR family
JBHJCD010000015.1_17	16046	16621	576	-1	0.641	11	GGA/GAG/AGG	NA	NA	NA	0	0	0	1	NA	NA	NA	NA	NA
JBHJCD010000015.1_18	16802	18964	2163	-1	0.658	11	GGA/GAG/AGG	GENOMAD.158094.CP	3.719e-108	370	0	0	0	1	NA	NA	NA	PF14905;PF07715;K16090;TIGR01776;COG4773	TonB-dependent lactoferrin and transferrin receptors
JBHJCD010000015.1_19	18996	20153	1158	-1	0.678	11	GGAG/GAGG	GENOMAD.162212.CP	1.292e-06	53	0	0	0	1	NA	NA	NA	PF03881;K02204;TIGR00938;COG2334	homoserine kinase, Neisseria type
JBHJCD010000015.1_20	20757	21596	840	1	0.663	11	GGA/GAG/AGG	NA	NA	NA	0	0	0	1	NA	NA	NA	NA	NA
JBHJCD010000015.1_21	21725	22759	1035	1	0.647	11	AGGA	GENOMAD.033146.CC	8.727e-190	589	0	0	0	1	NA	NA	NA	PF11383;K20326;COG4313	Putative MetA-pathway of phenol degradation
JBHJCD010000015.1_22	22770	24677	1908	1	0.631	11	GGAG/GAGG	GENOMAD.110066.CP	9.475e-05	48	0	0	0	1	NA	NA	NA	PF05157;K02652;TIGR02538;COG2804	type IV-A pilus assembly ATPase PilB
JBHJCD010000015.1_23	24625	26022	1398	1	0.690	11	GGAG/GAGG	NA	NA	NA	0	0	0	1	NA	NA	NA	NA	NA
JBHJCD010000015.1_24	26004	26972	969	1	0.666	11	GGAG/GAGG	NA	NA	NA	0	0	0	1	NA	NA	NA	NA	NA
JBHJCD010000015.1_25	27366	28544	1179	1	0.640	11	None	NA	NA	NA	0	0	0	1	NA	NA	NA	NA	NA
JBHJCD010000015.1_26	28752	29207	456	1	0.678	11	None	GENOMAD.205619.PC	1.398e-38	142	0	0	0	1	NA	NA	NA	PF03500	Cellulose synthase subunit D
JBHJCD010000015.1_27	29236	29793	558	1	0.699	11	AGGAG	NA	NA	NA	0	0	0	1	NA	NA	NA	NA	NA
JBHJCD010000015.1_28	29793	31103	1311	1	0.645	11	AGGA	NA	NA	NA	0	0	0	1	NA	NA	NA	NA	NA
JBHJCD010000015.1_29	31125	31937	813	1	0.652	11	None	NA	NA	NA	0	0	0	1	NA	NA	NA	NA	NA
JBHJCD010000015.1_30	32087	34306	2220	1	0.666	11	GGA/GAG/AGG	GENOMAD.223208.PC	2.394e-22	106	0	0	0	1	NA	NA	NA	PF03170	Bacterial cellulose synthase subunit
JBHJCD010000015.1_31	34303	35484	1182	1	0.688	11	GGxGG	NA	NA	NA	0	0	0	1	NA	NA	NA	NA	NA
JBHJCD010000015.1_32	35466	39995	4530	1	0.696	11	GGAG/GAGG	GENOMAD.132314.CP	6.021e-115	410	0	0	0	1	NA	NA	NA	PF05420;PF12569;PF13512;TIGR02917;COG5107;K11935	Cellulose synthase operon protein C C-terminus (BCSC_C); N-terminal acetyltransferase A, auxiliary subunit; Tetratricopeptide repeat
JBHJCD010000015.1_33	40227	41885	1659	-1	0.666	11	GGAG/GAGG	NA	NA	NA	0	0	0	1	NA	NA	NA	NA	NA
JBHJCD010000015.1_34	41878	42303	426	-1	0.681	11	AGGA	NA	NA	NA	0	0	0	1	NA	NA	NA	NA	NA
JBHJCD010000015.1_35	42646	43068	423	1	0.650	11	GGA/GAG/AGG	NA	NA	NA	0	0	0	1	NA	NA	NA	NA	NA
JBHJCD010000015.1_36	43346	43861	516	1	0.612	11	AGGAG	NA	NA	NA	0	0	0	1	NA	NA	NA	NA	NA
JBHJCD010000015.1_37	44069	45013	945	-1	0.637	11	GGAGG	GENOMAD.159975.CP	1.411e-88	295	0	0	0	1	NA	NA	NA	PF02645;COG1307;TIGR00762	Fatty acid-binding protein DegV (function unknown)
JBHJCD010000015.1_38	45493	46308	816	1	0.618	11	GGAG/GAGG	NA	NA	NA	0	0	0	1	NA	NA	NA	NA	NA
JBHJCD010000015.1_39	46747	48291	1545	-1	0.645	11	None	NA	NA	NA	0	0	0	1	NA	NA	NA	NA	NA
JBHJCD010000015.1_40	48657	48926	270	-1	0.656	11	None	GENOMAD.216367.VC	4.14e-16	74	0	0	0	1	NA	NA	NA	PF02893;COG4687	GRAM domain
JBHJCD010000015.1_41	49285	50565	1281	-1	0.678	11	AGGAG	GENOMAD.124521.CP	1.477e-67	239	0	0	0	1	NA	NA	NA	COG1228;TIGR03178;K01468	Imidazolonepropionase or related amidohydrolase
JBHJCD010000015.1_42	50562	51971	1410	-1	0.664	11	GGA/GAG/AGG	GENOMAD.104542.CP	8.526e-53	197	0	0	0	1	NA	NA	NA	COG0804;TIGR01792;K12960	Urease alpha subunit
JBHJCD010000015.1_43	52111	52671	561	1	0.611	11	GGA/GAG/AGG	NA	NA	NA	0	0	0	1	NA	NA	NA	NA	NA
JBHJCD010000015.1_44	52826	53695	870	-1	0.669	11	AGGA	NA	NA	NA	0	0	0	1	NA	NA	NA	NA	NA
JBHJCD010000015.1_45	53894	54820	927	-1	0.670	11	None	GENOMAD.115269.CP	5.137e-26	112	0	0	0	1	NA	NA	NA	PF01722;PF04908;COG5007;TIGR00365;K05527	Acid stress-induced BolA-like protein IbaG/YrbA, predicted regulator of iron metabolism
JBHJCD010000015.1_46	54881	55657	777	1	0.712	11	None	NA	NA	NA	0	0	0	1	NA	NA	NA	NA	NA
JBHJCD010000015.1_47	55804	56475	672	-1	0.674	11	None	NA	NA	NA	0	0	0	1	NA	NA	NA	NA	NA
JBHJCD010000015.1_48	56924	57574	651	-1	0.653	11	None	GENOMAD.190945.CP	2.646e-05	47	0	0	0	1	NA	NA	NA	PF17182;COG2755;K09795	OSK domain
JBHJCD010000015.1_49	57574	58845	1272	-1	0.671	11	None	GENOMAD.099160.CP	5.183e-09	61	0	0	0	1	NA	NA	NA	PF12897;TIGR03542;K08969;COG1168	LL-diaminopimelate aminotransferase
JBHJCD010000015.1_50	58999	60090	1092	1	0.677	11	None	GENOMAD.125774.CP	2.735e-46	174	0	0	0	1	NA	NA	NA	PF03193;PF16745;K06949;TIGR00157;COG1162	ribosome small subunit-dependent GTPase A
JBHJCD010000015.1_51	60090	61352	1263	1	0.660	11	GGxGG	GENOMAD.182562.CP	9.819e-218	674	0	0	0	1	NA	NA	NA	PF08014;COG3930;TIGR02421	conserved hypothetical protein
JBHJCD010000015.1_52	61644	62324	681	1	0.626	11	GGAG/GAGG	NA	NA	NA	0	0	0	1	NA	NA	NA	NA	NA
JBHJCD010000015.1_53	62510	64429	1920	-1	0.648	11	None	NA	NA	NA	0	0	0	1	NA	NA	NA	NA	NA
JBHJCD010000015.1_54	64464	66926	2463	-1	0.654	11	GGA/GAG/AGG	GENOMAD.136547.CP	6.38e-212	678	0	0	0	1	NA	NA	NA	PF14905;PF07715;K16090;TIGR01776;COG4774	TonB-dependent lactoferrin and transferrin receptors
JBHJCD010000015.1_55	67193	68518	1326	1	0.656	11	GGA/GAG/AGG	GENOMAD.152654.CP	1.143e-08	60	0	0	0	1	NA	NA	NF012174	PF03825;K16211;TIGR00792;COG2211	sugar (Glycoside-Pentoside-Hexuronide) transporter
JBHJCD010000015.1_56	68713	69744	1032	-1	0.671	11	None	NA	NA	NA	0	0	0	1	NA	NA	NA	NA	NA
JBHJCD010000015.1_57	69990	70730	741	-1	0.648	11	AGGAG	NA	NA	NA	0	0	0	1	NA	NA	NA	NA	NA
JBHJCD010000015.1_58	70849	72177	1329	-1	0.633	11	AGGA	GENOMAD.189690.PC	1.423e-101	339	0	0	0	1	NA	NA	NA	COG2851	Mg2+/citrate symporter
JBHJCD010000015.1_59	72404	73597	1194	-1	0.642	11	GGAGG	NA	NA	NA	0	0	0	1	NA	NA	NA	NA	NA
JBHJCD010000015.1_60	73853	74554	702	1	0.657	11	None	NA	NA	NA	0	0	0	1	NA	NA	NA	NA	NA
JBHJCD010000015.1_61	74547	75932	1386	1	0.689	11	GGAG/GAGG	GENOMAD.169710.PC	1.014e-29	127	0	0	0	1	NA	NA	NA	PF08521	Two-component sensor kinase N-terminal
JBHJCD010000015.1_62	75932	76981	1050	1	0.694	11	GGAGG	GENOMAD.192709.PC	6.815e-64	225	0	0	0	1	NA	NA	NA	PF13531;TIGR03261;K02012;COG1840	putative 2-aminoethylphosphonate ABC transporter, periplasmic 2-aminoethylphosphonate-binding protein
JBHJCD010000015.1_63	77191	77829	639	1	0.657	11	None	NA	NA	NA	0	0	0	1	NA	NA	NA	NA	NA
JBHJCD010000015.1_64	78054	78437	384	-1	0.674	11	GGA/GAG/AGG	GENOMAD.197162.PC	1.317e-36	135	0	0	0	1	NA	NA	NA	PF11512	Agrobacterium tumefaciens protein Atu4866
JBHJCD010000015.1_65	78434	78979	546	-1	0.670	11	GGAG/GAGG	GENOMAD.207447.PC	5.959e-26	107	0	0	0	1	NA	NA	NA	PF20409;K06893;COG4308;TIGR02096	SnoaL-like domain
JBHJCD010000015.1_66	78996	80066	1071	-1	0.661	11	GGAG/GAGG	NA	NA	NA	0	0	0	1	NA	NA	NA	NA	NA
JBHJCD010000015.1_67	80316	81218	903	1	0.652	11	None	NA	NA	NA	0	0	0	1	NA	NA	NA	NA	NA
JBHJCD010000015.1_68	81210	81989	780	-1	0.633	11	AGGAG	NA	NA	NA	0	0	0	1	NA	NA	NA	NA	NA
JBHJCD010000015.1_69	81986	83308	1323	-1	0.642	11	GGAGG	NA	NA	NA	0	0	0	1	NA	NA	NA	NA	NA
JBHJCD010000015.1_70	83643	86288	2646	-1	0.683	11	None	GENOMAD.166313.CP	2.976e-36	152	0	0	0	1	NA	NA	NA	PF02743;K17060	Cache domain
JBHJCD010000015.1_71	86653	87825	1173	-1	0.654	11	None	GENOMAD.177447.CP	2.898e-11	68	0	0	0	1246	Caudoviricetes	NA	NA	PF07396;PF05736;K07221;COG3746	Phosphate-selective porin O and P; OprF membrane domain
JBHJCD010000015.1_72	88109	89482	1374	1	0.647	11	GGAG/GAGG	NA	NA	NA	0	0	0	1	NA	NA	NA	NA	NA
JBHJCD010000015.1_73	89679	91988	2310	1	0.655	11	None	GENOMAD.127123.CP	0.0004914	46	0	0	0	1246	Caudoviricetes	NA	NA	NA	NA
JBHJCD010000015.1_74	92349	95711	3363	-1	0.654	11	AGGAG	GENOMAD.145622.CP	5.195e-261	835	0	0	0	1246	Caudoviricetes	NA	NA	PF07971;PF17678;TIGR01180;COG3537	alpha-1,2-mannosidase, putative
JBHJCD010000015.1_75	96025	96222	198	1	0.677	11	None	GENOMAD.009130.CC	1.367e-23	94	0	0	0	1	NA	NA	NA	PF10276;COG4391	Uncharacterized conserved protein, contains Zn-finger domain
JBHJCD010000015.1_76	96233	97345	1113	1	0.697	11	None	GENOMAD.129448.CP	1.994e-28	121	0	0	0	1	NA	NA	NA	PF20471;TIGR03088;K19002;COG0297	sugar transferase, PEP-CTERM/EpsH1 system associated
JBHJCD010000015.1_77	97326	98657	1332	1	0.683	11	None	GENOMAD.145379.CP	9.518e-221	684	0	0	0	1	NA	NA	NA	K16705	NA
JBHJCD010000015.1_78	98750	99670	921	-1	0.648	11	None	GENOMAD.123560.CP	1.021e-19	93	0	0	0	1	NA	NA	NA	PF03279;K02517;TIGR02208;COG1560	lipid A biosynthesis (KDO)2-(lauroyl)-lipid IVA acyltransferase
JBHJCD010000015.1_79	99963	101279	1317	1	0.663	11	None	GENOMAD.043073.CC	0.0002296	46	0	0	0	1	NA	NA	NA	PF04413;K02527	3-Deoxy-D-manno-octulosonic-acid transferase (kdotransferase)
JBHJCD010000015.1_80	101554	102936	1383	-1	0.654	11	AGGA	GENOMAD.126996.CP	2.248e-30	129	0	0	0	1	NA	NA	NA	PF02321;K12538;TIGR01844;COG1538	type I secretion outer membrane protein, TolC family
JBHJCD010000015.1_81	102957	103613	657	-1	0.667	11	GGA/GAG/AGG	GENOMAD.127063.CP	9.011e-27	111	0	0	0	1	NA	NA	NA	PF01135;TIGR04364;COG2518	methyltransferase, FxLD system
JBHJCD010000015.1_82	103742	104395	654	-1	0.642	11	None	GENOMAD.116548.CP	2.249e-124	393	0	0	0	1	NA	NA	NA	PF13022;PF14246;K18301;TIGR03384;COG3226	transcriptional repressor BetI
JBHJCD010000015.1_83	104664	107615	2952	1	0.684	11	None	GENOMAD.140631.CP	2.014e-05	51	0	0	0	1	NA	NA	NA	PF19193;K19693;COG3292	Periplasmic ligand-binding sensor domain
JBHJCD010000015.1_84	107858	108742	885	-1	0.676	11	AGGA	NA	NA	NA	0	0	0	1	NA	NA	NA	NA	NA
JBHJCD010000015.1_85	108863	110311	1449	1	0.660	11	GGA/GAG/AGG	GENOMAD.120831.CP	8.452e-83	286	0	0	0	1	NA	NA	NA	PF00330;K01702;TIGR00170;COG0065	3-isopropylmalate dehydratase, large subunit
JBHJCD010000015.1_86	110400	111047	648	1	0.625	11	None	GENOMAD.120765.CP	2.267e-22	98	0	0	0	1	NA	NA	NA	PF00694;K01704;COG0066;TIGR00171	3-isopropylmalate dehydratase small subunit
JBHJCD010000015.1_87	111138	112211	1074	1	0.639	11	GGAG/GAGG	NA	NA	NA	0	0	0	1	NA	NA	NA	NA	NA
JBHJCD010000015.1_88	112556	114118	1563	-1	0.642	11	AGGAG	GENOMAD.126256.CP	9.039e-10	64	0	0	0	1	NA	NA	NA	PF00682;TIGR00970;COG0119;K15742	2-isopropylmalate synthase, yeast type
JBHJCD010000015.1_89	114115	115185	1071	-1	0.681	11	GGAG/GAGG	GENOMAD.178810.CP	4.65e-06	51	0	0	0	1	NA	NA	NA	PF19465;PF00135;K01753;TIGR02035;COG3048	D-serine ammonia-lyase
JBHJCD010000015.1_90	115309	115566	258	-1	0.651	11	AGGAG	GENOMAD.177562.CP	9.933e-44	153	0	0	0	1	NA	NA	NA	PF13291;K11258;TIGR00119;COG0440	acetolactate synthase, small subunit
JBHJCD010000015.1_91	115550	117271	1722	-1	0.667	11	GGA/GAG/AGG	NA	NA	NA	0	0	0	1	NA	NA	NA	NA	NA
JBHJCD010000015.1_92	117315	118316	1002	-1	0.628	11	AGGA	NA	NA	NA	0	0	0	1	NA	NA	NA	NA	NA
JBHJCD010000015.1_93	118968	120677	1710	1	0.661	11	GGA/GAG/AGG	NA	NA	NA	0	0	0	1	NA	NA	NA	NA	NA
JBHJCD010000015.1_94	120756	122594	1839	1	0.694	11	AGGAG	NA	NA	NA	0	0	0	1	NA	NA	NA	NA	NA
JBHJCD010000015.1_95	122858	125629	2772	-1	0.609	11	None	NA	NA	NA	0	0	0	1	NA	NA	NA	NA	NA
JBHJCD010000015.1_96	126249	128126	1878	1	0.634	11	AGGA	GENOMAD.121487.CP	7.733e-15	81	0	0	0	1	NA	NA	NA	NA	NA
JBHJCD010000015.1_97	128552	130891	2340	1	0.662	11	None	NA	NA	NA	0	0	0	1	NA	NA	NA	NA	NA
JBHJCD010000015.1_98	131002	131895	894	1	0.629	11	AGxAGG/AGGxGG	NA	NA	NA	0	0	0	1	NA	NA	NA	NA	NA
JBHJCD010000015.1_99	131944	134787	2844	1	0.624	11	GGAG/GAGG	NA	NA	NA	0	0	0	1	NA	NA	NA	NA	NA
JBHJCD010000015.1_100	135204	136319	1116	-1	0.677	11	GGA/GAG/AGG	NA	NA	NA	0	0	0	1	NA	NA	NA	NA	NA
JBHJCD010000015.1_101	136466	137002	537	-1	0.618	11	GGAG/GAGG	NA	NA	NA	0	0	0	1	NA	NA	NA	NA	NA
JBHJCD010000015.1_102	137200	137682	483	1	0.660	11	AGGA	NA	NA	NA	0	0	0	1	NA	NA	NA	NA	NA
JBHJCD010000015.1_103	137970	139997	2028	-1	0.634	11	GGAGG	GENOMAD.088363.CV	5e-324	996	0	0	0	1246	Caudoviricetes	NA	NA	K15987;COG3808	Na+ or H+-translocating membrane pyrophosphatase
JBHJCD010000015.1_104	140249	140773	525	1	0.642	11	AGGAG	NA	NA	NA	0	0	0	1	NA	NA	NA	NA	NA
JBHJCD010000015.1_105	140935	142287	1353	-1	0.585	11	AGGA	NA	NA	NA	0	0	0	1	NA	NA	NA	NA	NA
JBHJCD010000015.1_106	142284	142862	579	-1	0.518	11	AGGA	NA	NA	NA	0	0	0	1	NA	NA	NA	NA	NA
JBHJCD010000016.1_1	34	903	870	-1	0.533	11	GGA/GAG/AGG	NA	NA	NA	0	0	0	1	NA	NA	NA	NA	NA
JBHJCD010000016.1_2	1947	5048	3102	-1	0.651	11	GGA/GAG/AGG	GENOMAD.154316.CP	1.083e-249	798	0	0	0	1	NA	NA	NA	K16091	NA
JBHJCD010000016.1_3	5916	6656	741	1	0.638	11	None	NA	NA	NA	0	0	0	1	NA	NA	NA	NA	NA
JBHJCD010000016.1_4	6663	7637	975	1	0.649	11	None	GENOMAD.133946.CP	3.166e-10	64	0	0	0	1	NA	NA	NA	PF13677;COG1360;TIGR03350	Flagellar motor protein MotB
JBHJCD010000016.1_5	7639	8421	783	1	0.701	11	AGGAG	NA	NA	NA	0	0	0	1	NA	NA	NA	NA	NA
JBHJCD010000016.1_6	8418	9692	1275	1	0.700	11	GGAG/GAGG	GENOMAD.129179.CP	6.701e-103	342	0	0	0	1	NA	NA	NA	PF01584;K03415;COG0835	CheW-like domain
JBHJCD010000016.1_7	9795	10103	309	1	0.615	11	GGAG/GAGG	GENOMAD.018319.CC	8.308e-46	160	0	0	0	1	NA	NA	NA	PF13466;K07122;COG3113;TIGR00377	ABC-type transporter Mla maintaining outer membrane lipid asymmetry, MlaB component, contains STAS domain
JBHJCD010000016.1_8	10100	10465	366	1	0.623	11	GGAG/GAGG	NA	NA	NA	0	0	0	1	NA	NA	NA	NA	NA
JBHJCD010000016.1_9	10499	12508	2010	1	0.663	11	GGA/GAG/AGG	GENOMAD.116397.CP	3.373e-111	377	0	0	0	1	NA	NA	NA	PF14501;PF01584;PF01627;PF02895;K03407;COG0643;TIGR01924	Chemotaxis protein histidine kinase CheA
JBHJCD010000016.1_10	12752	15037	2286	1	0.648	11	GGA/GAG/AGG	GENOMAD.151917.PC	2.688e-08	60	0	0	0	1	NA	NA	NA	PF12729;K05874;COG5278	Four helix bundle sensory module for signal transduction
JBHJCD010000016.1_11	15355	17628	2274	1	0.658	11	GGA/GAG/AGG	GENOMAD.146534.CP	0.0002393	47	0	0	0	1	NA	NA	NA	PF00015	Methyl-accepting chemotaxis protein (MCP) signalling domain
JBHJCD010000016.1_12	17951	18484	534	1	0.659	11	AGGA	NA	NA	NA	0	0	0	1	NA	NA	NA	NA	NA
JBHJCD010000016.1_13	19024	20751	1728	1	0.645	11	GGA/GAG/AGG	GENOMAD.151334.CP	2.032e-05	50	0	0	0	1	NA	NA	NA	NA	NA
JBHJCD010000016.1_14	20767	21201	435	1	0.651	11	GGA/GAG/AGG	NA	NA	NA	0	0	0	1	NA	NA	NA	NA	NA
JBHJCD010000016.1_15	21268	24057	2790	1	0.653	11	None	GENOMAD.151917.PC	8.649e-09	62	0	0	0	1	NA	NA	NA	PF12729;K05874;COG5278	Four helix bundle sensory module for signal transduction
JBHJCD010000016.1_16	24358	25119	762	1	0.655	11	GGA/GAG/AGG	GENOMAD.210497.CP	2.964e-23	102	0	0	0	1	NA	NA	NA	PF19089;COG4313	Membrane bound beta barrel domain (DUF5777)
JBHJCD010000016.1_17	25133	25867	735	1	0.669	11	None	NA	NA	NA	0	0	0	1	NA	NA	NA	NA	NA
JBHJCD010000016.1_18	25867	27504	1638	1	0.658	11	None	GENOMAD.146534.CP	7.696e-05	48	0	0	0	1	NA	NA	NA	PF00015	Methyl-accepting chemotaxis protein (MCP) signalling domain
JBHJCD010000016.1_19	27726	29984	2259	1	0.644	11	GGAG/GAGG	GENOMAD.146534.CP	1.444e-05	51	0	0	0	1	NA	NA	NA	PF00015	Methyl-accepting chemotaxis protein (MCP) signalling domain
JBHJCD010000016.1_20	30486	32744	2259	1	0.627	11	AGGA	GENOMAD.146534.CP	0.0004779	46	0	0	0	1	NA	NA	NA	PF00015	Methyl-accepting chemotaxis protein (MCP) signalling domain
JBHJCD010000016.1_21	33202	35433	2232	1	0.642	11	GGA/GAG/AGG	GENOMAD.146534.CP	0.000948	45	0	0	0	1	NA	NA	NA	PF00015	Methyl-accepting chemotaxis protein (MCP) signalling domain
JBHJCD010000016.1_22	36075	38324	2250	1	0.660	11	GGA/GAG/AGG	NA	NA	NA	0	0	0	1	NA	NA	NA	NA	NA
JBHJCD010000016.1_23	38432	40906	2475	1	0.654	11	GGA/GAG/AGG	GENOMAD.146534.CP	0.0005348	46	0	0	0	1	NA	NA	NA	PF00015	Methyl-accepting chemotaxis protein (MCP) signalling domain
JBHJCD010000016.1_24	41493	43754	2262	1	0.641	11	GGA/GAG/AGG	GENOMAD.146534.CP	0.0001181	48	0	0	0	1	NA	NA	NA	PF00015	Methyl-accepting chemotaxis protein (MCP) signalling domain
JBHJCD010000016.1_25	44162	46423	2262	1	0.637	11	GGA/GAG/AGG	GENOMAD.146534.CP	0.0009638	45	0	0	0	1	NA	NA	NA	PF00015	Methyl-accepting chemotaxis protein (MCP) signalling domain
JBHJCD010000016.1_26	47072	49741	2670	1	0.659	11	GGA/GAG/AGG	GENOMAD.146534.CP	0.0005863	46	0	0	0	1	NA	NA	NA	PF00015	Methyl-accepting chemotaxis protein (MCP) signalling domain
JBHJCD010000016.1_27	50365	51150	786	1	0.645	11	None	GENOMAD.152421.CP	5.832e-127	403	0	0	0	1	NA	NA	NA	PF07317;PF16823;K21087;COG5581;TIGR02266	c-di-GMP-binding flagellar brake protein YcgR, contains PilZNR and PilZ domains
JBHJCD010000016.1_28	51286	51768	483	1	0.600	11	GGAG/GAGG	GENOMAD.123087.CP	5.513e-53	184	0	0	0	1246	Caudoviricetes	NA	NA	PF01584;K03415;COG0835	Chemotaxis signal transduction protein
JBHJCD010000016.1_29	52221	52604	384	1	0.633	11	GGAG/GAGG	GENOMAD.214702.CP	1.527e-67	224	0	0	0	1	NA	NA	NA	NA	NA
JBHJCD010000016.1_30	52688	55069	2382	1	0.632	11	GGA/GAG/AGG	GENOMAD.146534.CP	6.259e-05	49	0	0	0	1	NA	NA	NA	PF00015	Methyl-accepting chemotaxis protein (MCP) signalling domain
JBHJCD010000016.1_31	55318	56172	855	1	0.641	11	None	GENOMAD.111713.CP	5.257e-31	126	0	0	0	1	NA	NA	NA	PF01739;PF20225;PF03705;K00575;COG1352;TIGR04345	Methylase of chemotaxis methyl-accepting proteins
JBHJCD010000016.1_32	56175	56771	597	1	0.630	11	AGGAG	GENOMAD.140319.CP	2.56e-24	103	0	0	0	1	NA	NA	NA	PF03975;COG1871;K03411	Chemotaxis receptor (MCP) glutamine deamidase CheD
JBHJCD010000016.1_33	56768	57844	1077	1	0.667	11	GGAG/GAGG	GENOMAD.125879.CP	4.713e-18	89	0	0	0	1	NA	NA	NA	PF01339;K13924	CheB methylesterase
JBHJCD010000016.1_34	57935	60211	2277	1	0.655	11	GGA/GAG/AGG	NA	NA	NA	0	0	0	1	NA	NA	NA	NA	NA
JBHJCD010000016.1_35	60610	61455	846	-1	0.663	11	None	NA	NA	NA	0	0	0	1	NA	NA	NA	NA	NA
JBHJCD010000016.1_36	61650	64241	2592	-1	0.665	11	GGAG/GAGG	NA	NA	NA	0	0	0	1	NA	NA	NA	NA	NA
JBHJCD010000016.1_37	64292	64702	411	-1	0.657	11	GGA/GAG/AGG	GENOMAD.190879.PC	1.857e-53	184	0	0	0	1	NA	NA	NA	PF10130;COG1487;TIGR00028;K07062	Predicted nucleic acid-binding protein, contains PIN domain
JBHJCD010000016.1_38	64699	64947	249	-1	0.675	11	GGAG/GAGG	NA	NA	NA	0	0	0	1	NA	NA	NA	NA	NA
JBHJCD010000016.1_39	65095	67863	2769	1	0.651	11	AGGAG	NA	NA	NA	0	0	0	1	NA	NA	NA	NA	NA
JBHJCD010000016.1_40	68275	68724	450	-1	0.656	11	GGA/GAG/AGG	GENOMAD.049078.CC	5.926e-11	62	0	0	0	1	NA	NA	NA	PF12870;COG4875;TIGR02246;K22505	conserved hypothetical protein
JBHJCD010000016.1_41	68822	70504	1683	1	0.626	11	GGAGG	NA	NA	NA	0	0	0	1	NA	NA	NA	NA	NA
JBHJCD010000016.1_42	70681	71550	870	1	0.617	11	GGAG/GAGG	NA	NA	NA	0	0	0	1	NA	NA	NA	NA	NA
JBHJCD010000016.1_43	71563	73743	2181	-1	0.640	11	GGAG/GAGG	NA	NA	NA	0	0	0	1	NA	NA	NA	NA	NA
JBHJCD010000016.1_44	73751	74296	546	-1	0.643	11	None	NA	NA	NA	0	0	0	1	NA	NA	NA	NA	NA
JBHJCD010000016.1_45	74382	75518	1137	-1	0.646	11	AGGAG	NA	NA	NA	0	0	0	1	NA	NA	NA	NA	NA
JBHJCD010000016.1_46	75659	77176	1518	-1	0.657	11	None	NA	NA	NA	0	0	0	1	NA	NA	NA	NA	NA
JBHJCD010000016.1_47	77380	78321	942	-1	0.631	11	GGA/GAG/AGG	GENOMAD.110271.CV	5.047e-33	133	0	0	0	1246	Caudoviricetes	NA	NA	NA	NA
JBHJCD010000016.1_48	78752	79666	915	-1	0.679	11	GGA/GAG/AGG	GENOMAD.147170.CP	7.925e-07	53	0	0	0	1	NA	NA	NA	NA	NA
JBHJCD010000016.1_49	79859	81073	1215	1	0.658	11	None	GENOMAD.159005.CP	1.498e-52	194	0	0	0	1	NA	NA	NA	PF10129;K11941;COG3936	OpgC protein
JBHJCD010000016.1_50	81147	82886	1740	-1	0.679	11	None	NA	NA	NA	0	0	0	1	NA	NA	NA	NA	NA
JBHJCD010000016.1_51	82883	83803	921	-1	0.697	11	None	GENOMAD.103400.CP	8.769e-136	431	0	0	0	1	NA	NA	NA	PF10143;COG4255;TIGR02535;K15635	proposed homoserine kinase
JBHJCD010000016.1_52	83820	84296	477	-1	0.618	11	AGGAG	GENOMAD.108036.CP	9.436e-06	47	0	0	0	1	NA	NA	NA	PF01272;TIGR01461;COG0782	transcription elongation factor GreB
JBHJCD010000016.1_53	84293	87535	3243	-1	0.648	11	GGAG/GAGG	NA	NA	NA	0	0	0	1	NA	NA	NA	NA	NA
JBHJCD010000016.1_54	87544	87987	444	-1	0.678	11	GGxGG	NA	NA	NA	0	0	0	1	NA	NA	NA	NA	NA
JBHJCD010000016.1_55	87987	89111	1125	-1	0.658	11	GGA/GAG/AGG	NA	NA	NA	0	0	0	1	NA	NA	NA	NA	NA
JBHJCD010000016.1_56	89352	90068	717	-1	0.685	11	None	GENOMAD.100682.CP	5.151e-16	80	0	0	0	1	NA	NA	NA	NA	NA
JBHJCD010000016.1_57	90742	91455	714	-1	0.671	11	None	GENOMAD.148482.CP	1.644e-26	111	0	0	0	1	NA	NA	NA	PF03473;COG2258;K03831	Uncharacterized conserved protein YiiM, contains MOSC domain
JBHJCD010000016.1_58	91458	92660	1203	-1	0.658	11	None	GENOMAD.099160.CP	9.818e-05	47	0	0	0	1	NA	NA	NA	PF12897;TIGR03542;K08969;COG1168	LL-diaminopimelate aminotransferase
JBHJCD010000016.1_59	92886	93386	501	-1	0.611	11	GGA/GAG/AGG	NA	NA	NA	0	0	0	1	NA	NA	NA	NA	NA
JBHJCD010000016.1_60	93447	93701	255	-1	0.682	11	GGxGG	NA	NA	NA	0	0	0	1	NA	NA	NA	NA	NA
JBHJCD010000016.1_61	93703	95562	1860	-1	0.659	11	GGAGG	GENOMAD.123924.CP	5.76e-61	226	0	0	0	1246	Caudoviricetes	NA	NA	PF07670;PF07664;COG3366;TIGR02871	Nucleoside recognition; Ferrous iron transport protein B C terminus
JBHJCD010000016.1_62	95559	95849	291	-1	0.636	11	None	GENOMAD.194235.PC	6.977e-14	68	0	0	0	1	NA	NA	NA	PF18357;COG1918;K04759	Fe2+ transport system protein FeoA
JBHJCD010000016.1_63	95922	96719	798	1	0.680	11	GGA/GAG/AGG	NA	NA	NA	0	0	0	1	NA	NA	NA	NA	NA
JBHJCD010000016.1_64	96716	97105	390	1	0.703	11	GGAG/GAGG	NA	NA	NA	0	0	0	1	NA	NA	NA	NA	NA
JBHJCD010000016.1_65	97212	98108	897	1	0.678	11	None	NA	NA	NA	0	0	0	1	NA	NA	NA	NA	NA
JBHJCD010000016.1_66	98246	99016	771	1	0.667	11	GGA/GAG/AGG	NA	NA	NA	0	0	0	1	NA	NA	NA	NA	NA
JBHJCD010000016.1_67	99117	99683	567	1	0.614	11	None	GENOMAD.105354.CP	4.932e-21	93	1	0	0	1	NA	NA	NA	PF09285;PF01132;PF08207;K02356;TIGR02178;COG0231	elongation factor P-like protein YeiP
JBHJCD010000016.1_68	99683	100069	387	1	0.654	11	None	NA	NA	NA	0	0	0	1	NA	NA	NA	NA	NA
JBHJCD010000016.1_69	100290	102149	1860	-1	0.675	11	None	GENOMAD.044132.CC	1.061e-280	867	0	0	0	1	NA	NA	NA	NA	NA
JBHJCD010000016.1_70	102146	102445	300	-1	0.690	11	GGA/GAG/AGG	NA	NA	NA	0	0	0	1	NA	NA	NA	NA	NA
JBHJCD010000016.1_71	102480	103898	1419	-1	0.643	11	None	NA	NA	NA	0	0	0	1	NA	NA	NA	NA	NA
JBHJCD010000016.1_72	104106	105347	1242	1	0.644	11	None	NA	NA	NA	0	0	0	1	NA	NA	NA	NA	NA
JBHJCD010000016.1_73	105496	106047	552	-1	0.663	11	GGA/GAG/AGG	NA	NA	NA	0	0	0	1	NA	NA	NA	NA	NA
JBHJCD010000016.1_74	106230	107702	1473	1	0.649	11	GGA/GAG/AGG	GENOMAD.151588.CP	9.955e-20	96	0	0	0	1	NA	NA	NA	PF13520;TIGR00906;K03294;COG1113	cationic amino acid transport permease
JBHJCD010000016.1_75	107779	109209	1431	1	0.660	11	GGA/GAG/AGG	GENOMAD.151588.CP	3.82e-19	94	0	0	0	1	NA	NA	NA	PF13520;TIGR00906;K03294;COG1113	cationic amino acid transport permease
JBHJCD010000016.1_76	109299	109952	654	1	0.627	11	None	GENOMAD.004524.CC	0.0001185	45	0	0	0	1	NA	NA	NA	PF00596;K03077;COG3347;TIGR01086	Rhamnose utilisation protein RhaD, predicted bifunctional aldolase and dehydrogenase
JBHJCD010000016.1_77	109988	110554	567	1	0.621	11	GGA/GAG/AGG	NA	NA	NA	0	0	0	1	NA	NA	NA	NA	NA
JBHJCD010000016.1_78	110557	111255	699	1	0.634	11	GGA/GAG/AGG	NA	NA	NA	0	0	0	1	NA	NA	NA	NA	NA
JBHJCD010000016.1_79	111440	112516	1077	1	0.636	11	None	GENOMAD.027063.CC	3.892e-52	191	0	0	0	1	NA	NA	NA	NA	NA
JBHJCD010000016.1_80	112978	114564	1587	-1	0.650	11	GGA/GAG/AGG	GENOMAD.154807.CP	1.4e-100	340	0	0	0	1	NA	NA	NA	PF16370;PF00149;COG2908;K03651;TIGR03729	C terminal of Calcineurin-like phosphoesterase; Calcineurin-like phosphoesterase
JBHJCD010000016.1_81	114744	115364	621	-1	0.663	11	GGAG/GAGG	NA	NA	NA	0	0	0	1	NA	NA	NA	NA	NA
JBHJCD010000016.1_82	115354	116130	777	-1	0.634	11	GGAG/GAGG	NA	NA	NA	0	0	0	1	NA	NA	NA	NA	NA
JBHJCD010000016.1_83	116124	116858	735	-1	0.673	11	GGA/GAG/AGG	NA	NA	NA	0	0	0	1	NA	NA	NA	NA	NA
JBHJCD010000016.1_84	116855	117457	603	-1	0.653	11	GGA/GAG/AGG	GENOMAD.107271.CP	5.039e-37	140	0	0	0	1	NA	NA	NA	PF01174;K02501;COG0118;TIGR01855	Imidazoleglycerol phosphate synthase glutamine amidotransferase subunit HisH
JBHJCD010000016.1_85	117454	118581	1128	-1	0.633	11	AGGAG	NA	NA	NA	0	0	0	1	NA	NA	NA	NA	NA
JBHJCD010000016.1_86	118578	119669	1092	-1	0.665	11	GGAG/GAGG	NA	NA	NA	0	0	0	1	NA	NA	NA	NA	NA
JBHJCD010000016.1_87	119666	120961	1296	-1	0.671	11	AGGA/GGAG/GAGG	NA	NA	NA	0	0	0	1	NA	NA	NA	NA	NA
JBHJCD010000016.1_88	120958	121872	915	-1	0.685	11	GGA/GAG/AGG	NA	NA	NA	0	0	0	1	NA	NA	NA	NA	NA
JBHJCD010000016.1_89	121882	122154	273	-1	0.700	11	None	GENOMAD.124267.CP	4.269e-39	140	0	0	0	1	NA	NA	NA	PF01371;TIGR01321;COG4496	trp operon repressor, proteobacterial
JBHJCD010000016.1_90	122422	123870	1449	-1	0.648	11	AGGAG	NA	NA	NA	0	0	0	1	NA	NA	NA	NA	NA
JBHJCD010000016.1_91	123978	124739	762	1	0.692	11	None	GENOMAD.132491.CP	4.64e-43	160	0	0	0	1	NA	NA	NA	PF15977;PF00027;K15861;TIGR03697;COG0664	global nitrogen regulator NtcA, cyanobacterial
JBHJCD010000016.1_92	124825	125556	732	-1	0.698	11	None	NA	NA	NA	0	0	0	1	NA	NA	NA	NA	NA
JBHJCD010000016.1_93	125670	126974	1305	-1	0.691	11	GGAG/GAGG	NA	NA	NA	0	0	0	1	NA	NA	NA	NA	NA
JBHJCD010000016.1_94	127136	127450	315	1	0.629	11	GGAG/GAGG	GENOMAD.210365.PC	5.37e-12	63	0	0	0	1	NA	NA	NA	PF09448;TIGR02118	conserved hypothetical protein
JBHJCD010000016.1_95	127525	128538	1014	-1	0.651	11	GGAG/GAGG	GENOMAD.071960.CP	4.058e-21	98	0	0	0	1	NA	NA	NA	PF00288;PF08544;K00872;TIGR00191;COG0083	homoserine kinase
JBHJCD010000016.1_96	128535	131042	2508	-1	0.668	11	GGAG/GAGG	GENOMAD.115168.CP	1.649e-05	51	0	0	0	1	NA	NA	NA	PF00696;K00928;TIGR00657;COG0527	aspartate kinase
JBHJCD010000016.1_97	131632	131712	81	-1	0.580	11	None	NA	NA	NA	0	0	0	1	NA	NA	NA	NA	NA
JBHJCD010000017.1_1	437	1291	855	-1	0.609	11	None	NA	NA	NA	0	0	0	1	NA	NA	NA	NA	NA
JBHJCD010000017.1_2	1780	2385	606	1	0.655	11	None	NA	NA	NA	0	0	0	1	NA	NA	NA	NA	NA
JBHJCD010000017.1_3	2458	4569	2112	-1	0.634	11	None	GENOMAD.151917.PC	1.616e-06	54	0	0	0	1	NA	NA	NA	PF12729;K05874;COG5278	Four helix bundle sensory module for signal transduction
JBHJCD010000017.1_4	4839	6029	1191	-1	0.674	11	AGGA	NA	NA	NA	0	0	0	1	NA	NA	NA	NA	NA
JBHJCD010000017.1_5	6065	6688	624	-1	0.667	11	None	NA	NA	NA	0	0	0	1	NA	NA	NA	NA	NA
JBHJCD010000017.1_6	7003	9858	2856	1	0.665	11	GGA/GAG/AGG	NA	NA	NA	0	0	0	1	NA	NA	NA	NA	NA
JBHJCD010000017.1_7	9973	10347	375	-1	0.605	11	GGAG/GAGG	NA	NA	NA	0	0	0	1	NA	NA	NA	NA	NA
JBHJCD010000017.1_8	10614	12131	1518	1	0.619	11	None	NA	NA	NA	0	0	0	1	NA	NA	NA	NA	NA
JBHJCD010000017.1_9	12118	14190	2073	1	0.650	11	GGA/GAG/AGG	NA	NA	NA	0	0	0	1	NA	NA	NA	NA	NA
JBHJCD010000017.1_10	14550	15257	708	-1	0.665	11	GGAGG	GENOMAD.147903.CP	1.267e-122	389	0	0	0	1	NA	NA	NA	PF12895;K04018;TIGR02552;COG5010	NA
JBHJCD010000017.1_11	15251	15745	495	-1	0.655	11	GGA/GAG/AGG	NA	NA	NA	0	0	0	1	NA	NA	NA	NA	NA
JBHJCD010000017.1_12	15745	16287	543	-1	0.656	11	AGGA	GENOMAD.142989.CP	3.195e-05	46	0	0	0	1	NA	NA	NA	PF08534;TIGR01626;COG0386	conserved hypothetical protein YtfJ-family, TIGR01626
JBHJCD010000017.1_13	16284	18272	1989	-1	0.661	11	None	GENOMAD.137760.CP	1.426e-62	232	0	0	0	1	NA	NA	NA	COG1138	Cytochrome c biogenesis factor
JBHJCD010000017.1_14	18336	18806	471	-1	0.626	11	AGGA/GGAG/GAGG	GENOMAD.134025.CP	2.907e-41	150	0	0	0	1	NA	NA	NA	PF03100;K02197;COG2332;TIGR00752	Cytochrome c-type biogenesis protein CcmE
JBHJCD010000017.1_15	18803	19009	207	-1	0.681	11	GGAG/GAGG	GENOMAD.004807.CC	8.89e-08	49	0	0	0	1	NA	NA	NA	PF04995;COG3114;TIGR03141	Heme exporter protein D
JBHJCD010000017.1_16	19006	19764	759	-1	0.644	11	None	GENOMAD.123398.CP	6.904e-19	89	0	0	0	1	NA	NA	NA	K02195;TIGR01191;COG0755	heme exporter protein CcmC
JBHJCD010000017.1_17	19775	21100	1326	-1	0.673	11	None	NA	NA	NA	0	0	0	1	NA	NA	NA	NA	NA
JBHJCD010000017.1_18	21097	21753	657	-1	0.700	11	GGAG/GAGG	GENOMAD.045251.CC	6.558e-96	311	0	0	0	1	NA	NA	NA	PF11859;COG5343;TIGR02949	Anti-sigma-K factor RskA
JBHJCD010000017.1_19	21750	22343	594	-1	0.662	11	None	NA	NA	NA	0	0	0	1	NA	NA	NA	NA	NA
JBHJCD010000017.1_20	22395	23084	690	-1	0.696	11	None	NA	NA	NA	0	0	0	1	NA	NA	NA	NA	NA
JBHJCD010000017.1_21	23292	23585	294	-1	0.738	11	GGAG/GAGG	NA	NA	NA	0	0	0	1	NA	NA	NA	NA	NA
JBHJCD010000017.1_22	23633	24025	393	-1	0.628	11	GGA/GAG/AGG	NA	NA	NA	0	0	0	1	NA	NA	NA	NA	NA
JBHJCD010000017.1_23	24052	25395	1344	-1	0.647	11	AGGA	GENOMAD.181612.CP	2.37e-128	417	0	0	0	1	NA	NA	NA	NA	NA
JBHJCD010000017.1_24	25479	26099	621	-1	0.697	11	GGA/GAG/AGG	GENOMAD.151027.CP	3.131e-25	106	0	0	0	1	NA	NA	NA	PF01292;K12262;COG3038;TIGR01583	Cytochrome b561
JBHJCD010000017.1_25	26404	26877	474	1	0.595	11	None	NA	NA	NA	0	0	0	1	NA	NA	NA	NA	NA
JBHJCD010000017.1_26	26879	28003	1125	1	0.633	11	None	GENOMAD.076874.VV	2.26e-10	65	0	0	0	1	NA	NA	NA	PF01041;K07806;TIGR03588;COG0399	UDP-4-amino-4,6-dideoxy-N-acetyl-beta-L-altrosamine transaminase
JBHJCD010000017.1_27	28000	29253	1254	1	0.637	11	None	GENOMAD.197607.PC	1.273e-41	162	0	0	0	1	NA	NA	NA	K16693;COG0534	Na+-driven multidrug efflux pump
JBHJCD010000017.1_28	29250	30188	939	1	0.505	11	GGAG/GAGG	NA	NA	NA	0	0	0	1	NA	NA	NA	NA	NA
JBHJCD010000017.1_29	30269	31330	1062	1	0.614	11	GGAG/GAGG	NA	NA	NA	0	0	0	1	NA	NA	NA	NA	NA
JBHJCD010000017.1_30	31374	32225	852	1	0.673	11	GGA/GAG/AGG	GENOMAD.019505.CC	3.31e-100	327	0	0	0	1	NA	NA	NA	PF02706;COG3765;TIGR03017;K05789	LPS O-antigen chain length determinant protein, WzzB/FepE family
JBHJCD010000017.1_31	32509	33351	843	1	0.668	11	GGAGG	GENOMAD.171298.CP	1.187e-42	160	0	0	0	1	NA	NA	NA	PF03492;K06219;TIGR03840;COG2227	thiopurine S-methyltransferase, Se/Te detoxification family
JBHJCD010000017.1_32	33364	34599	1236	1	0.681	11	GGAG/GAGG	GENOMAD.127439.CP	4.704e-31	130	0	0	0	1	NA	NA	NA	PF12890;K12960;COG1228;TIGR03314	Imidazolonepropionase or related amidohydrolase
JBHJCD010000017.1_33	34596	35294	699	1	0.685	11	GGAG/GAGG	GENOMAD.140713.CV	3.227e-05	47	0	0	0	1	NA	NA	NA	PF05891;K21803;COG3897;TIGR00537	Predicted nicotinamide N-methyase
JBHJCD010000017.1_34	35419	36549	1131	1	0.666	11	None	NA	NA	NA	0	0	0	1	NA	NA	NA	NA	NA
JBHJCD010000017.1_35	36546	37667	1122	1	0.671	11	GGAG/GAGG	NA	NA	NA	0	0	0	1	NA	NA	NA	NA	NA
JBHJCD010000017.1_36	37905	39119	1215	-1	0.653	11	GGA/GAG/AGG	NA	NA	NA	0	0	0	1	NA	NA	NA	NA	NA
JBHJCD010000017.1_37	39175	40665	1491	-1	0.644	11	GGA/GAG/AGG	NA	NA	NA	0	0	0	1	NA	NA	NA	NA	NA
JBHJCD010000017.1_38	40860	41918	1059	1	0.669	11	GGA/GAG/AGG	GENOMAD.190712.CP	1.718e-168	528	0	0	0	1	NA	NA	NA	PF07475;TIGR04355;COG0125;K10038	HprK-related kinase B
JBHJCD010000017.1_39	41985	43733	1749	1	0.661	11	None	NA	NA	NA	0	0	0	1	NA	NA	NA	NA	NA
JBHJCD010000017.1_40	43895	44440	546	-1	0.628	11	GGxGG	NA	NA	NA	0	0	0	1	NA	NA	NA	NA	NA
JBHJCD010000017.1_41	44389	45231	843	-1	0.648	11	None	NA	NA	NA	0	0	0	1	NA	NA	NA	NA	NA
JBHJCD010000017.1_42	45580	46584	1005	1	0.678	11	GGAG/GAGG	GENOMAD.133049.CP	1.011e-61	218	0	0	0	1	NA	NA	NA	PF00296;TIGR03558;COG2141;K00320	luciferase family oxidoreductase, group 1
JBHJCD010000017.1_43	46645	47007	363	1	0.653	11	GGA/GAG/AGG	GENOMAD.181438.CP	7.406e-06	46	0	0	0	1	NA	NA	NA	PF16242;COG3871;TIGR04026;K07226	Pyridoxamine 5'-phosphate oxidase like
JBHJCD010000017.1_44	46947	47144	198	1	0.636	11	None	NA	NA	NA	0	0	0	1	NA	NA	NA	NA	NA
JBHJCD010000017.1_45	47179	47847	669	-1	0.653	11	GGAG/GAGG	GENOMAD.161213.CP	1.568e-17	84	0	0	0	1	NA	NA	NA	COG3932	NA
JBHJCD010000017.1_46	47831	49171	1341	-1	0.652	11	GGA/GAG/AGG	NA	NA	NA	0	0	0	1	NA	NA	NA	NA	NA
JBHJCD010000017.1_47	49444	50070	627	1	0.624	11	AGGA/GGAG/GAGG	GENOMAD.153861.CP	3.278e-64	219	0	0	0	1	NA	NA	NA	PF01865;K07220;TIGR00153;COG1392	TIGR00153 family protein
JBHJCD010000017.1_48	50080	51207	1128	1	0.653	11	GGAG/GAGG	NA	NA	NA	0	0	0	1	NA	NA	NA	NA	NA
JBHJCD010000017.1_49	51314	52075	762	1	0.650	11	GGA/GAG/AGG	GENOMAD.132426.CP	2.337e-07	54	0	0	0	1	NA	NA	NA	PF02698;COG1434	Uncharacterized SAM-binding protein YcdF, DUF218 family
JBHJCD010000017.1_50	52269	53768	1500	-1	0.649	11	None	NA	NA	NA	0	0	0	1	NA	NA	NA	NA	NA
JBHJCD010000017.1_51	54138	56027	1890	-1	0.628	11	None	GENOMAD.138195.VC	1.047e-28	126	0	0	0	1246	Caudoviricetes	NA	NA	PF00204;K02622;TIGR01059;COG0187	DNA gyrase, B subunit
JBHJCD010000017.1_52	56192	56446	255	1	0.675	11	GGAG/GAGG	NA	NA	NA	0	0	0	1	NA	NA	NA	NA	NA
JBHJCD010000017.1_53	56760	58424	1665	1	0.636	11	AGGAG/GGAGG	NA	NA	NA	0	0	0	1	NA	NA	NA	NA	NA
JBHJCD010000017.1_54	58645	59475	831	1	0.632	11	GGA/GAG/AGG	NA	NA	NA	0	0	0	1	NA	NA	NA	NA	NA
JBHJCD010000017.1_55	59583	59834	252	1	0.635	11	None	NA	NA	NA	0	0	0	1	NA	NA	NA	NA	NA
JBHJCD010000017.1_56	59959	61251	1293	1	0.648	11	None	NA	NA	NA	0	0	0	1	NA	NA	NA	NA	NA
JBHJCD010000017.1_57	61255	61620	366	1	0.650	11	None	GENOMAD.000998.CC	3.679e-31	119	0	0	0	1	NA	NA	NA	PF04977;K05589;COG2919;TIGR02209	Cell division protein FtsB
JBHJCD010000017.1_58	61617	62411	795	1	0.682	11	GGA/GAG/AGG	GENOMAD.129102.CP	9.214e-05	46	0	0	0	1	NA	NA	NA	PF01983;K07141;TIGR03310;COG2068	molybdenum cofactor cytidylyltransferase
JBHJCD010000017.1_59	62415	62915	501	1	0.659	11	GGA/GAG/AGG	NA	NA	NA	0	0	0	1	NA	NA	NA	NA	NA
JBHJCD010000017.1_60	63029	64138	1110	1	0.664	11	GGA/GAG/AGG	GENOMAD.081820.CP	3.259e-95	317	1	0	0	1	NA	NA	NA	PF01142;TIGR00094;COG0585;K06176	tRNA pseudouridine synthase D (TruD)
JBHJCD010000017.1_61	64388	64996	609	-1	0.670	11	None	GENOMAD.090379.CP	9.707e-05	45	0	0	0	1	NA	NA	NA	PF01713	Smr domain
JBHJCD010000017.1_62	65030	65809	780	1	0.672	11	AGGAG	NA	NA	NA	0	0	0	1	NA	NA	NA	NA	NA
JBHJCD010000017.1_63	65806	66483	678	1	0.695	11	GGA/GAG/AGG	NA	NA	NA	0	0	0	1	NA	NA	NA	NA	NA
JBHJCD010000017.1_64	66502	67116	615	1	0.659	11	GGA/GAG/AGG	GENOMAD.136362.CP	1.705e-21	95	0	0	0	1	NA	NA	NA	PF09335;COG1238	Uncharacterized membrane protein YqaA, SNARE-associated domain
JBHJCD010000017.1_65	67113	67892	780	1	0.673	11	None	GENOMAD.085898.CP	0.0003781	44	0	0	0	1	NA	NA	NA	PF01333;K22719;COG4942	Septal ring factor EnvC, activator of murein hydrolases AmiA and AmiB
JBHJCD010000017.1_66	68083	68457	375	-1	0.667	11	GGA/GAG/AGG	GENOMAD.099012.CP	1.709e-32	123	0	0	0	1	NA	NA	NA	PF04430;COG3737;K09008	Uncharacterized conserved protein, contains Mth938-like domain
JBHJCD010000017.1_67	68473	68778	306	-1	0.621	11	None	NA	NA	NA	0	0	0	1	NA	NA	NA	NA	NA
JBHJCD010000017.1_68	68844	69476	633	1	0.638	11	GGA/GAG/AGG	GENOMAD.129277.CV	1.899e-34	133	0	0	0	16546	Riboviria	NA	NA	PF01728;K02427;TIGR00438;COG0293	cell division protein FtsJ
JBHJCD010000017.1_69	69537	71477	1941	1	0.636	11	GGAG/GAGG	NA	NA	NA	0	0	0	1	NA	NA	NA	NA	NA
JBHJCD010000017.1_70	71604	72506	903	1	0.670	11	AGGAG	NA	NA	NA	0	0	0	1	NA	NA	NA	NA	NA
JBHJCD010000017.1_71	72506	73489	984	1	0.687	11	GGA/GAG/AGG	NA	NA	NA	0	0	0	1	NA	NA	NA	NA	NA
JBHJCD010000017.1_72	73567	73845	279	1	0.584	11	GGAG/GAGG	NA	NA	NA	0	0	0	1	NA	NA	NA	NA	NA
JBHJCD010000017.1_73	73857	75176	1320	1	0.652	11	GGAG/GAGG	NA	NA	NA	0	0	0	1	NA	NA	NA	NA	NA
JBHJCD010000017.1_74	75604	76098	495	1	0.653	11	None	NA	NA	NA	0	0	0	1	NA	NA	NA	NA	NA
JBHJCD010000017.1_75	76564	78240	1677	1	0.648	11	GGA/GAG/AGG	NA	NA	NA	0	0	0	1	NA	NA	NA	NA	NA
JBHJCD010000017.1_76	78326	78967	642	1	0.642	11	None	NA	NA	NA	0	0	0	1	NA	NA	NA	NA	NA
JBHJCD010000017.1_77	79140	80174	1035	1	0.625	11	GGAG/GAGG	NA	NA	NA	0	0	0	1	NA	NA	NA	NA	NA
JBHJCD010000017.1_78	80471	80959	489	1	0.665	11	GGA/GAG/AGG	GENOMAD.130541.CP	2.93e-26	107	0	0	0	1	NA	NA	NA	PF02631;COG2137;K03565	SOS response regulatory protein OraA/RecX, interacts with RecA
JBHJCD010000017.1_79	81061	83709	2649	1	0.646	11	None	NA	NA	NA	0	0	0	1	NA	NA	NA	NA	NA
JBHJCD010000017.1_80	83849	84061	213	1	0.573	11	AGGAG	NA	NA	NA	0	0	0	1	NA	NA	NA	NA	NA
JBHJCD010000017.1_81	85349	87334	1986	1	0.648	11	GGA/GAG/AGG	GENOMAD.146534.CP	9.989e-05	48	0	0	0	1	NA	NA	NA	PF00015	Methyl-accepting chemotaxis protein (MCP) signalling domain
JBHJCD010000017.1_82	87745	88446	702	-1	0.638	11	AGGAG	GENOMAD.129411.CP	3.543e-06	50	0	0	0	1	NA	NA	NA	PF05726;PF02678;COG1741;K06911	Redox-sensitive bicupin YhaK, pirin superfamily
JBHJCD010000017.1_83	88578	89522	945	1	0.690	11	None	NA	NA	NA	0	0	0	1	NA	NA	NA	NA	NA
JBHJCD010000017.1_84	89567	90559	993	1	0.665	11	GGA/GAG/AGG	GENOMAD.147887.CP	8.222e-84	282	0	0	0	1	NA	NA	NA	PF06695;PF00581;K03975;COG0586;TIGR03865	Uncharacterized membrane protein DedA, SNARE-associated domain
JBHJCD010000017.1_85	91022	91903	882	-1	0.676	11	None	GENOMAD.162404.CP	5.743e-80	269	0	0	0	1	NA	NA	NA	PF02273;COG4757;TIGR02240;K05714	Predicted alpha/beta hydrolase
JBHJCD010000017.1_86	91900	92709	810	-1	0.680	11	None	NA	NA	NA	0	0	0	1	NA	NA	NA	NA	NA
JBHJCD010000017.1_87	92747	93418	672	-1	0.665	11	None	GENOMAD.171470.CP	1.048e-57	201	0	0	0	1	NA	NA	NA	PF06912;COG3619	Uncharacterized membrane protein YoaK, UPF0700 family
JBHJCD010000017.1_88	93425	93907	483	-1	0.652	11	GGAGG	NA	NA	NA	0	0	0	1	NA	NA	NA	NA	NA
JBHJCD010000017.1_89	93907	95304	1398	-1	0.621	11	GGA/GAG/AGG	NA	NA	NA	0	0	0	1	NA	NA	NA	NA	NA
JBHJCD010000017.1_90	95387	95869	483	-1	0.629	11	GGA/GAG/AGG	GENOMAD.115115.CP	1.714e-11	64	0	0	0	1	NA	NA	NA	PF13911;K24130;TIGR03137;COG1225	AhpC/TSA antioxidant enzyme
JBHJCD010000017.1_91	95906	96256	351	-1	0.578	11	GGAG/GAGG	NA	NA	NA	0	0	0	1	NA	NA	NA	NA	NA
JBHJCD010000017.1_92	96268	96843	576	-1	0.622	11	None	GENOMAD.123185.CP	9.814e-24	101	0	0	0	1	NA	NA	NA	COG2716;K07166	Glycine cleavage system regulatory protein
JBHJCD010000017.1_93	96925	97896	972	1	0.688	11	None	NA	NA	NA	0	0	0	1	NA	NA	NA	NA	NA
JBHJCD010000017.1_94	97913	98431	519	1	0.680	11	AGGAG	GENOMAD.034204.CC	1.559e-72	241	0	0	0	1	NA	NA	NA	COG3317	Uncharacterized lipoprotein, NlpB/DapX family
JBHJCD010000017.1_95	98338	98604	267	-1	0.693	11	AGGAG	NA	NA	NA	0	0	0	1	NA	NA	NA	NA	NA
JBHJCD010000017.1_96	98552	98875	324	-1	0.630	11	GGA/GAG/AGG	GENOMAD.132576.CP	2.374e-05	44	0	0	0	1	NA	NA	NA	PF17179;K02691;TIGR02060;COG1146	adenosine phosphosulphate reductase, beta subunit
JBHJCD010000017.1_97	98959	99837	879	-1	0.689	11	GGxGG	GENOMAD.183309.PC	4.772e-10	63	0	0	0	1	NA	NA	NA	PF05035;COG3734;TIGR02261	2-keto-3-deoxy-galactonokinase
JBHJCD010000017.1_98	99834	100745	912	-1	0.667	11	None	NA	NA	NA	0	0	0	1	NA	NA	NA	NA	NA
JBHJCD010000017.1_99	100739	101887	1149	-1	0.644	11	AGGA	NA	NA	NA	0	0	0	1	NA	NA	NA	NA	NA
JBHJCD010000017.1_100	101884	102516	633	-1	0.682	11	GGA/GAG/AGG	NA	NA	NA	0	0	0	1	NA	NA	NA	NA	NA
JBHJCD010000017.1_101	102931	103902	972	1	0.666	11	None	NA	NA	NA	0	0	0	1	NA	NA	NA	NA	NA
JBHJCD010000017.1_102	104157	105323	1167	1	0.644	11	GGAGG	GENOMAD.158496.CP	9.481e-101	334	0	0	0	1	NA	NA	NA	PF14905;PF07715;TIGR01782;K16091;COG4774	TonB-dependent receptor
JBHJCD010000017.1_103	105401	106936	1536	1	0.615	11	GGAG/GAGG	GENOMAD.158496.CP	8.005e-87	299	0	0	0	1	NA	NA	NA	PF14905;PF07715;TIGR01782;K16091;COG4774	TonB-dependent receptor
JBHJCD010000017.1_104	107275	109995	2721	1	0.623	11	GGAGG	GENOMAD.158496.CP	1.293e-137	464	0	0	0	1	NA	NA	NA	PF14905;PF07715;TIGR01782;K16091;COG4774	TonB-dependent receptor
JBHJCD010000017.1_105	110107	112362	2256	1	0.678	11	GGAG/GAGG	NA	NA	NA	0	0	0	1	NA	NA	NA	NA	NA
JBHJCD010000017.1_106	112451	114367	1917	1	0.667	11	GGAG/GAGG	GENOMAD.145791.CP	6.472e-137	451	0	0	0	1	NA	NA	NA	PF13364;K05970	Beta-galactosidase jelly roll domain
JBHJCD010000017.1_107	114385	116121	1737	1	0.640	11	GGAG/GAGG	GENOMAD.208849.PC	2.05e-109	368	0	0	0	1	NA	NA	NA	PF18120;PF01301;K12308;COG1874;TIGR03356	Glycosyl hydrolases family 35
JBHJCD010000017.1_108	116223	119126	2904	1	0.638	11	GGAG/GAGG	GENOMAD.153944.CP	6.016e-07	56	0	0	0	1	NA	NA	NA	PF16338	Alpha-glucosidase, N-terminal
JBHJCD010000017.1_109	119218	121590	2373	1	0.662	11	GGxGG	NA	NA	NA	0	0	0	1	NA	NA	NA	NA	NA
JBHJCD010000017.1_110	121587	123080	1494	1	0.667	11	None	NA	NA	NA	0	0	0	1	NA	NA	NA	NA	NA
JBHJCD010000017.1_111	123127	123186	60	1	0.550	11	AGGA/GGAG/GAGG	NA	NA	NA	0	0	0	1	NA	NA	NA	NA	NA
JBHJCD010000018.1_1	3	656	654	1	0.622	11	None	GENOMAD.083643.PP	8.933e-66	224	0	1	0	1	NA	T_virB5	NA	PF13605;TIGR02780;COG5314;K20266	P-type conjugative transfer protein TrbJ
JBHJCD010000018.1_2	674	949	276	1	0.652	11	GGAGG	GENOMAD.029569.PP	2.422e-45	158	0	0	0	1	NA	NA	NA	PF19499;TIGR04359;COG3895	entry exclusion lipoprotein TrbK
JBHJCD010000018.1_3	946	2595	1650	1	0.653	11	AGGAG	GENOMAD.108501.PC	2.418e-10	66	0	1	0	1	NA	NA	NA	PF08808;COG5654;TIGR02783	Uncharacterized conserved protein, contains RES domain
JBHJCD010000018.1_4	2662	2892	231	1	0.636	11	GGAG/GAGG	GENOMAD.056550.PP	8.973e-33	121	0	0	0	1	NA	NA	NA	PF12703	Toxin of toxin-antitoxin type 1 system
JBHJCD010000018.1_5	3111	3449	339	-1	0.649	11	GGA/GAG/AGG	GENOMAD.195024.PC	0.0006682	40	0	0	0	1	NA	NA	NA	PF09720;TIGR02574	putative addiction module component, TIGR02574 family
JBHJCD010000018.1_6	3755	3955	201	1	0.562	11	GGA/GAG/AGG	NA	NA	NA	0	0	0	1	NA	NA	NA	NA	NA
JBHJCD010000018.1_7	4014	6794	2781	1	0.580	11	AGGA/GGAG/GAGG	NA	NA	NA	0	0	0	1	NA	NA	NA	NA	NA
JBHJCD010000018.1_8	6791	8845	2055	1	0.614	11	GGAG/GAGG	NA	NA	NA	0	0	0	1	NA	NA	NA	NA	NA
JBHJCD010000018.1_9	8838	10049	1212	1	0.640	11	GGAGG	NA	NA	NA	0	0	0	1	NA	NA	NA	NA	NA
JBHJCD010000018.1_10	10088	12715	2628	1	0.585	11	GGAG/GAGG	NA	NA	NA	0	0	0	1	NA	NA	NA	NA	NA
JBHJCD010000018.1_11	12697	13872	1176	1	0.620	11	GGAG/GAGG	NA	NA	NA	0	0	0	1	NA	NA	NA	NA	NA
JBHJCD010000018.1_12	13935	14132	198	1	0.616	11	None	GENOMAD.009592.PP	1.533e-08	51	0	0	0	1	NA	NA	NA	NA	NA
JBHJCD010000018.1_13	14393	15364	972	-1	0.631	11	AGGAG	NA	NA	NA	0	0	0	1	NA	NA	NA	NA	NA
JBHJCD010000018.1_14	15501	16082	582	-1	0.629	11	GGAG/GAGG	NA	NA	NA	0	0	0	1	NA	NA	NA	NA	NA
JBHJCD010000018.1_15	16191	16976	786	-1	0.655	11	GGAG/GAGG	NA	NA	NA	0	0	0	1	NA	NA	NA	NA	NA
JBHJCD010000018.1_16	16967	17302	336	-1	0.580	11	AGGAG	GENOMAD.207255.PC	5.197e-39	141	0	0	0	1	NA	NA	NA	PF07858;COG4538;TIGR02246	Uncharacterized conserved protein, nuclear transport factor 2 (NTF2) superfamily
JBHJCD010000018.1_17	17399	18304	906	1	0.653	11	GGA/GAG/AGG	NA	NA	NA	0	0	0	1	NA	NA	NA	NA	NA
JBHJCD010000018.1_18	18467	19003	537	-1	0.648	11	GGxGG	NA	NA	NA	0	0	0	1	NA	NA	NA	NA	NA
JBHJCD010000018.1_19	19000	19203	204	-1	0.637	11	GGAG/GAGG	NA	NA	NA	0	0	0	1	NA	NA	NA	NA	NA
JBHJCD010000018.1_20	19801	22182	2382	-1	0.687	11	GGA/GAG/AGG	GENOMAD.115145.CP	1.01e-264	830	0	0	0	1	NA	NA	NA	K09822;COG3002	Uncharacterized conserved protein YbcC, UPF0753/DUF2309 family
JBHJCD010000018.1_21	22210	23811	1602	-1	0.692	11	GGA/GAG/AGG	GENOMAD.107063.CP	3.799e-51	194	0	0	0	1	NA	NA	NA	PF00361;PF00662;K05577;TIGR01974;COG1009	proton-translocating NADH-quinone oxidoreductase, chain L
JBHJCD010000018.1_22	23921	24811	891	1	0.662	11	None	NA	NA	NA	0	0	0	1	NA	NA	NA	NA	NA
JBHJCD010000018.1_23	24968	26188	1221	-1	0.682	11	GGA/GAG/AGG	NA	NA	NA	0	0	0	1	NA	NA	NA	NA	NA
JBHJCD010000018.1_24	26211	26519	309	-1	0.673	11	AGGA	GENOMAD.141198.CP	1.494e-08	53	0	0	0	1	NA	NA	NA	PF00111;K04755;TIGR02007;COG0633	ferredoxin, 2Fe-2S type, ISC system
JBHJCD010000018.1_25	26529	27710	1182	-1	0.645	11	GGAGG	NA	NA	NA	0	0	0	1	NA	NA	NA	NA	NA
JBHJCD010000018.1_26	27843	28742	900	-1	0.662	11	GGAGG	GENOMAD.146096.PC	8.92e-20	93	0	0	0	1	NA	NA	NA	PF14525;PF12833;K14063;TIGR02297;COG2207	4-hydroxyphenylacetate catabolism regulatory protein HpaA
JBHJCD010000018.1_27	28925	30055	1131	-1	0.662	11	None	NA	NA	NA	0	0	0	1	NA	NA	NA	NA	NA
JBHJCD010000018.1_28	30171	31094	924	1	0.663	11	None	NA	NA	NA	0	0	0	1	NA	NA	NA	NA	NA
JBHJCD010000018.1_29	31304	31924	621	-1	0.655	11	AGGA	NA	NA	NA	0	0	0	1	NA	NA	NA	NA	NA
JBHJCD010000018.1_30	31969	33096	1128	-1	0.606	11	GGA/GAG/AGG	NA	NA	NA	0	0	0	1	NA	NA	NA	NA	NA
JBHJCD010000018.1_31	33351	33992	642	-1	0.678	11	GGAG/GAGG	NA	NA	NA	0	0	0	1	NA	NA	NA	NA	NA
JBHJCD010000018.1_32	33985	37284	3300	-1	0.691	11	None	GENOMAD.136566.CP	2.301e-05	51	0	0	0	1	NA	NA	NA	PF11849;PF14501;K07682;COG4251;TIGR01924	Bacteriophytochrome (light-regulated signal transduction histidine kinase)
JBHJCD010000018.1_33	37595	38017	423	1	0.631	11	None	GENOMAD.167287.CP	2.754e-06	48	0	0	0	1	NA	NA	NA	PF20240;PF12833;COG2207;K13631	AraC-type DNA-binding domain and AraC-containing proteins
JBHJCD010000018.1_34	38014	38670	657	1	0.610	11	GGAG/GAGG	NA	NA	NA	0	0	0	1	NA	NA	NA	NA	NA
JBHJCD010000018.1_35	38718	39101	384	1	0.659	11	None	GENOMAD.159609.CP	3.097e-10	59	0	0	0	1	NA	NA	NA	COG2259;K15977	Uncharacterized membrane protein YphA, DoxX/SURF4 family
JBHJCD010000018.1_36	39215	41062	1848	1	0.646	11	GGA/GAG/AGG	NA	NA	NA	0	0	0	1	NA	NA	NA	NA	NA
JBHJCD010000018.1_37	41157	42785	1629	1	0.669	11	GGAG/GAGG	GENOMAD.140488.CP	1.409e-15	83	0	0	0	1	NA	NA	NA	K23448;COG2223	Nitrate/nitrite transporter NarK
JBHJCD010000018.1_38	42790	43020	231	1	0.658	11	GGA/GAG/AGG	GENOMAD.218600.CV	2.033e-17	77	0	0	0	1	NA	NA	NA	PF07235;TIGR03510;COG4317	XapX domain
JBHJCD010000018.1_39	43017	43175	159	1	0.660	11	GGA/GAG/AGG	GENOMAD.218600.CV	1.414e-10	56	0	0	0	1	NA	NA	NA	PF07235;TIGR03510;COG4317	XapX domain
JBHJCD010000018.1_40	43480	44304	825	-1	0.616	11	GGAG/GAGG	GENOMAD.159647.PC	1.552e-34	136	0	0	0	1	NA	NA	NA	PF08386	TAP-like protein
JBHJCD010000018.1_41	44342	44971	630	1	0.635	11	AGGAG	NA	NA	NA	0	0	0	1	NA	NA	NA	NA	NA
JBHJCD010000018.1_42	45064	46398	1335	-1	0.652	11	None	NA	NA	NA	0	0	0	1	NA	NA	NA	NA	NA
JBHJCD010000018.1_43	46525	47007	483	1	0.692	11	None	GENOMAD.130078.CP	4.559e-06	48	0	0	0	1	NA	NA	NA	PF02742;PF12793;K11924;COG1321;TIGR02036	Mn-dependent transcriptional regulator, DtxR family
JBHJCD010000018.1_44	47004	47519	516	1	0.661	11	GGxGG	NA	NA	NA	0	0	0	1	NA	NA	NA	NA	NA
JBHJCD010000018.1_45	47591	48175	585	1	0.626	11	AGGA	NA	NA	NA	0	0	0	1	NA	NA	NA	NA	NA
JBHJCD010000018.1_46	48397	49389	993	-1	0.627	11	GGA/GAG/AGG	NA	NA	NA	0	0	0	1	NA	NA	NA	NA	NA
JBHJCD010000018.1_47	49389	51767	2379	-1	0.628	11	GGAG/GAGG	NA	NA	NA	0	0	0	1	NA	NA	NA	NA	NA
JBHJCD010000018.1_48	51910	52731	822	1	0.599	11	GGAG/GAGG	GENOMAD.126338.CP	1.103e-71	244	0	0	0	1	NA	NA	NA	PF03618;K09773;COG1806	Kinase/pyrophosphorylase
JBHJCD010000018.1_49	52920	53429	510	1	0.655	11	AGGA	GENOMAD.006866.CC	4.173e-77	254	0	0	0	1	NA	NA	NA	PF06853;COG3151;K09920	Uncharacterized protein YqiB, DUF1249 family
JBHJCD010000018.1_50	53500	53988	489	1	0.648	11	None	NA	NA	NA	0	0	0	1	NA	NA	NA	NA	NA
JBHJCD010000018.1_51	54347	55105	759	-1	0.672	11	GGAG/GAGG	NA	NA	NA	0	0	0	1	NA	NA	NA	NA	NA
JBHJCD010000018.1_52	55238	55852	615	1	0.649	11	GGA/GAG/AGG	GENOMAD.120745.CP	4.164e-19	88	0	0	0	1	NA	NA	NA	PF01066;K17103;COG1183;TIGR04217	Phosphatidylserine synthase
JBHJCD010000018.1_53	55910	57133	1224	1	0.672	11	GGA/GAG/AGG	GENOMAD.017651.CC	1.508e-16	85	0	0	0	1	NA	NA	NA	PF09712;TIGR01834;K22881;COG3937	poly(R)-hydroxyalkanoic acid synthase, class III, PhaE subunit
JBHJCD010000018.1_54	57130	58206	1077	1	0.607	11	GGAG/GAGG	NA	NA	NA	0	0	0	1	NA	NA	NA	NA	NA
JBHJCD010000018.1_55	58320	58517	198	1	0.601	11	AGGAG	GENOMAD.016611.CC	2.234e-05	42	0	0	0	1	NA	NA	NA	PF04024;COG1983;TIGR02978;K03973	Phage shock protein PspC (stress-responsive transcriptional regulator)
JBHJCD010000018.1_56	58526	59002	477	1	0.667	11	None	NA	NA	NA	0	0	0	1	NA	NA	NA	NA	NA
JBHJCD010000018.1_57	58960	60171	1212	-1	0.646	11	None	NA	NA	NA	0	0	0	1	NA	NA	NA	NA	NA
JBHJCD010000018.1_58	60364	60591	228	1	0.592	11	GGAG/GAGG	NA	NA	NA	0	0	0	1	NA	NA	NA	NA	NA
JBHJCD010000018.1_59	60694	63057	2364	1	0.650	11	None	GENOMAD.142574.CP	7.539e-20	98	0	0	0	1	NA	NA	NA	PF17674	HHH domain
JBHJCD010000018.1_60	63230	66643	3414	-1	0.652	11	GGxGG	NA	NA	NA	0	0	0	1	NA	NA	NA	NA	NA
JBHJCD010000018.1_61	66846	67226	381	-1	0.612	11	AGGAG	NA	NA	NA	0	0	0	1	NA	NA	NA	NA	NA
JBHJCD010000018.1_62	67636	68862	1227	1	0.673	11	None	NA	NA	NA	0	0	0	1	NA	NA	NA	NA	NA
JBHJCD010000018.1_63	68963	69568	606	1	0.523	11	GGAG/GAGG	NA	NA	NA	0	0	0	1	NA	NA	NA	NA	NA
JBHJCD010000018.1_64	69667	69915	249	1	0.635	11	GGA/GAG/AGG	NA	NA	NA	0	0	0	1	NA	NA	NA	NA	NA
JBHJCD010000018.1_65	69912	70214	303	1	0.650	11	AGGAG	NA	NA	NA	0	0	0	1	NA	NA	NA	NA	NA
JBHJCD010000018.1_66	70201	70443	243	1	0.675	11	GGAGG	NA	NA	NA	0	0	0	1	NA	NA	NA	NA	NA
JBHJCD010000018.1_67	70511	70930	420	1	0.595	11	GGAGG	NA	NA	NA	0	0	0	1	NA	NA	NA	NA	NA
JBHJCD010000018.1_68	71150	71713	564	1	0.679	11	GGAG/GAGG	GENOMAD.130534.VV	7.703e-05	45	0	0	0	1246	Caudoviricetes	NA	NA	NA	NA
JBHJCD010000018.1_69	72188	72364	177	1	0.644	11	GGA/GAG/AGG	NA	NA	NA	0	0	0	1	NA	NA	NA	NA	NA
JBHJCD010000018.1_70	73890	74351	462	-1	0.682	11	None	GENOMAD.148254.CP	1.822e-05	46	0	0	0	1	NA	NA	NA	PF09098;COG2863;TIGR04484;K20200	Cytochrome c553
JBHJCD010000018.1_71	74360	74752	393	-1	0.654	11	GGA/GAG/AGG	NA	NA	NA	0	0	0	1	NA	NA	NA	NA	NA
JBHJCD010000018.1_72	74957	76090	1134	1	0.660	11	AGGA	GENOMAD.138157.CP	2.304e-10	65	0	0	0	1	NA	NA	NA	PF13437;TIGR02828	HlyD family secretion protein
JBHJCD010000018.1_73	76087	79596	3510	1	0.656	11	GGA/GAG/AGG	NA	NA	NA	0	0	0	1	NA	NA	NA	NA	NA
JBHJCD010000018.1_74	79593	82679	3087	1	0.631	11	GGxGG	NA	NA	NA	0	0	0	1	NA	NA	NA	NA	NA
JBHJCD010000018.1_75	83152	83811	660	-1	0.692	11	GGAG/GAGG	NA	NA	NA	0	0	0	1	NA	NA	NA	NA	NA
JBHJCD010000018.1_76	83864	85780	1917	-1	0.671	11	None	NA	NA	NA	0	0	0	1	NA	NA	NA	NA	NA
JBHJCD010000018.1_77	85912	86631	720	-1	0.674	11	GGAG/GAGG	GENOMAD.130695.CP	4.619e-36	139	0	0	0	1	NA	NA	NA	PF01182;K01057;TIGR01198;COG0363	6-phosphogluconolactonase
JBHJCD010000018.1_78	86628	87635	1008	-1	0.677	11	GGA/GAG/AGG	GENOMAD.142642.CP	9.991e-50	183	0	0	0	1	NA	NA	NA	PF02685;TIGR00749;K00845;COG0837	glucokinase, proteobacterial type
JBHJCD010000018.1_79	87632	89062	1431	-1	0.670	11	None	NA	NA	NA	0	0	0	1	NA	NA	NA	NA	NA
JBHJCD010000018.1_80	89482	90570	1089	1	0.660	11	GGAG/GAGG	GENOMAD.126777.CP	7.47e-26	113	0	0	0	1	NA	NA	NA	PF17912;PF03459;COG3585;TIGR00638	MalK OB fold domain; TOBE domain
JBHJCD010000018.1_81	90702	91574	873	-1	0.655	11	None	GENOMAD.000396.CC	7.097e-44	164	0	0	0	1	NA	NA	NA	PF01571;K06980;COG0404;TIGR00528	Glycine cleavage system T protein (aminomethyltransferase)
JBHJCD010000018.1_82	91614	91784	171	1	0.573	11	GGA/GAG/AGG	GENOMAD.151036.CV	7.719e-11	57	0	0	0	1	NA	NA	NA	PF07896;COG5508	NA
JBHJCD010000018.1_83	91901	92236	336	1	0.589	11	None	NA	NA	NA	0	0	0	1	NA	NA	NA	NA	NA
JBHJCD010000018.1_84	92233	92619	387	1	0.625	11	GGAGG	GENOMAD.154511.CP	1.644e-26	106	0	0	0	1	NA	NA	NA	PF05328;K00242;TIGR02968;COG2142	succinate dehydrogenase, hydrophobic membrane anchor protein
JBHJCD010000018.1_85	92653	94443	1791	1	0.634	11	AGGA/GGAG/GAGG	NA	NA	NA	0	0	0	1	NA	NA	NA	NA	NA
JBHJCD010000018.1_86	94673	95455	783	1	0.618	11	GGA/GAG/AGG	NA	NA	NA	0	0	0	1	NA	NA	NA	NA	NA
JBHJCD010000018.1_87	95567	95815	249	1	0.610	11	GGAG/GAGG	GENOMAD.002160.CC	5.261e-11	59	0	0	0	1	NA	NA	NA	PF03937;COG2938;K09159	Succinate dehydrogenase flavin-adding protein, antitoxin component of the CptAB toxin-antitoxin module
JBHJCD010000018.1_88	96242	97483	1242	1	0.621	11	None	GENOMAD.112745.CP	1.024e-66	236	0	0	0	1	NA	NA	NA	PF12704;PF02687;K09808;TIGR02213;COG4591	lipoprotein releasing system, transmembrane protein LolE
JBHJCD010000018.1_89	97476	98210	735	1	0.646	11	GGAGG	NA	NA	NA	0	0	0	1	NA	NA	NA	NA	NA
JBHJCD010000018.1_90	98421	99485	1065	-1	0.633	11	AGGAG	NA	NA	NA	0	0	0	1	NA	NA	NA	NA	NA
JBHJCD010000018.1_91	99780	102329	2550	1	0.687	11	GGA/GAG/AGG	GENOMAD.228084.CP	2.585e-21	103	0	0	0	1	NA	NA	NA	PF03772;COG0658;TIGR00361;K11085	Predicted membrane metal-binding protein
JBHJCD010000018.1_92	102277	102882	606	1	0.655	11	None	GENOMAD.114974.CP	2.287e-07	53	0	0	0	1	NA	NA	NA	PF01618;K03561;COG0811;TIGR02796	Biopolymer transport protein ExbB/TolQ
JBHJCD010000018.1_93	102886	103350	465	1	0.641	11	GGA/GAG/AGG	GENOMAD.009388.CC	0.0004091	42	0	0	0	1	NA	NA	NA	PF02472;TIGR02803;COG0848;K03559	TonB system transport protein ExbD, group 1
JBHJCD010000018.1_94	103347	105116	1770	1	0.643	11	GGA/GAG/AGG	NA	NA	NA	0	0	0	1	NA	NA	NA	NA	NA
JBHJCD010000018.1_95	105113	106150	1038	1	0.680	11	None	GENOMAD.000204.CC	3.654e-45	170	0	0	0	1	NA	NA	NA	PF02606;K00912;TIGR00682;COG1663	tetraacyldisaccharide 4'-kinase
JBHJCD010000018.1_96	106455	107234	780	1	0.668	11	GGA/GAG/AGG	NA	NA	NA	0	0	0	1	NA	NA	NA	NA	NA
JBHJCD010000018.1_97	107231	107695	465	1	0.680	11	GGxGG	NA	NA	NA	0	0	0	1	NA	NA	NA	NA	NA
JBHJCD010000018.1_98	107719	109137	1419	1	0.667	11	None	GENOMAD.142989.CP	4.448e-07	55	0	0	0	1	NA	NA	NA	PF08534;TIGR01626;COG0386	conserved hypothetical protein YtfJ-family, TIGR01626
JBHJCD010000018.1_99	109134	110993	1860	1	0.649	11	None	NA	NA	NA	0	0	0	1	NA	NA	NA	NA	NA
JBHJCD010000018.1_100	110990	111622	633	1	0.603	11	GGAG/GAGG	GENOMAD.112939.CP	0.0002281	44	0	0	0	1	NA	NA	NA	COG0558;K08744	Phosphatidylglycerophosphate synthase
JBHJCD010000018.1_101	111963	113246	1284	1	0.606	11	AGGAG	NA	NA	NA	0	0	0	1	NA	NA	NA	NA	NA
JBHJCD010000019.1_1	1	804	804	-1	0.633	11	AGGA	NA	NA	NA	0	0	0	1	NA	NA	NA	NA	NA
JBHJCD010000019.1_2	861	1901	1041	-1	0.687	11	GGAG/GAGG	GENOMAD.167831.PC	1.142e-53	195	0	0	0	1	NA	NA	NA	PF06996;COG3520;TIGR03347;K11896	Predicted component of the type VI protein secretion system
JBHJCD010000019.1_3	1865	3775	1911	-1	0.665	11	GGxGG	GENOMAD.166434.PC	1.78e-61	228	0	0	0	1	NA	NA	NA	PF05947;COG3519;K11896;TIGR03359	Type VI protein secretion system component VasA
JBHJCD010000019.1_4	3753	4256	504	-1	0.653	11	GGA/GAG/AGG	GENOMAD.183209.PC	4.532e-23	98	0	0	0	1	NA	NA	NA	K11897;COG3518;TIGR03357	Predicted component of the type VI protein secretion system
JBHJCD010000019.1_5	4262	5056	795	-1	0.670	11	AGGA	NA	NA	NA	0	0	0	1	NA	NA	NA	NA	NA
JBHJCD010000019.1_6	5260	5763	504	-1	0.611	11	AGGAG	NA	NA	NA	0	0	0	1	NA	NA	NA	NA	NA
JBHJCD010000019.1_7	5846	7339	1494	-1	0.624	11	AGGAG	GENOMAD.160889.PC	6.418e-39	156	0	0	0	1	NA	NA	NA	PF18945	EvpB/VC_A0108, tail sheath gpW/gp25-like domain
JBHJCD010000019.1_8	7344	7853	510	-1	0.641	11	GGAG/GAGG	GENOMAD.166375.PC	4.405e-13	69	0	0	0	1	NA	NA	NA	NA	NA
JBHJCD010000019.1_9	8233	8838	606	1	0.657	11	GGA/GAG/AGG	GENOMAD.161005.PC	9.243e-118	373	0	0	0	1	NA	NA	NA	PF12833;K13632;COG2207	AraC-type DNA-binding domain and AraC-containing proteins
JBHJCD010000019.1_10	8935	9381	447	-1	0.640	11	GGAGG	NA	NA	NA	0	0	0	1	NA	NA	NA	NA	NA
JBHJCD010000019.1_11	9632	10213	582	-1	0.662	11	GGA/GAG/AGG	NA	NA	NA	0	0	0	1	NA	NA	NA	NA	NA
JBHJCD010000019.1_12	10525	10887	363	1	0.562	11	AGGA	NA	NA	NA	0	0	0	1	NA	NA	NA	NA	NA
JBHJCD010000019.1_13	11070	13241	2172	-1	0.652	11	GGA/GAG/AGG	GENOMAD.009395.VV	0.000455	46	0	0	0	1246	Caudoviricetes	NA	NA	PF00580;TIGR01073;K03656;COG0210	ATP-dependent DNA helicase PcrA
JBHJCD010000019.1_14	13588	14991	1404	-1	0.692	11	None	GENOMAD.170187.PC	8.902e-87	297	0	0	0	1	NA	NA	NA	PF13434;COG4529;TIGR00275;K07222	Uncharacterized NAD(P)/FAD-binding protein YdhS
JBHJCD010000019.1_15	15161	15556	396	1	0.639	11	GGA/GAG/AGG	NA	NA	NA	0	0	0	1	NA	NA	NA	NA	NA
JBHJCD010000019.1_16	15567	16985	1419	-1	0.658	11	GGA/GAG/AGG	NA	NA	NA	0	0	0	1	NA	NA	NA	NA	NA
JBHJCD010000019.1_17	17002	18306	1305	-1	0.708	11	None	NA	NA	NA	0	0	0	1	NA	NA	NA	NA	NA
JBHJCD010000019.1_18	18408	19079	672	1	0.690	11	GGAG/GAGG	NA	NA	NA	0	0	0	1	NA	NA	NA	NA	NA
JBHJCD010000019.1_19	19072	20127	1056	1	0.696	11	GGA/GAG/AGG	NA	NA	NA	0	0	0	1	NA	NA	NA	NA	NA
JBHJCD010000019.1_20	20356	21378	1023	1	0.615	11	None	NA	NA	NA	0	0	0	1	NA	NA	NA	NA	NA
JBHJCD010000019.1_21	21680	21847	168	-1	0.506	11	AGGAG	GENOMAD.118800.CV	1.384e-05	42	0	0	0	1	NA	NA	NA	PF00471;COG0267;TIGR01023	Ribosomal protein L33
JBHJCD010000019.1_22	21861	22097	237	-1	0.595	11	GGAG/GAGG	GENOMAD.101932.CV	1.105e-09	55	0	0	0	1	NA	NA	NA	PF00830;TIGR00009;COG0227	ribosomal protein L28
JBHJCD010000019.1_23	22356	23003	648	-1	0.691	11	GGAG/GAGG	NA	NA	NA	0	0	0	1	NA	NA	NA	NA	NA
JBHJCD010000019.1_24	23000	26212	3213	-1	0.669	11	GGAG/GAGG	NA	NA	NA	0	0	0	1	NA	NA	NA	NA	NA
JBHJCD010000019.1_25	26732	28003	1272	-1	0.675	11	AGGA	GENOMAD.118636.CP	3.517e-11	68	0	0	0	1	NA	NA	NF000272	PF12700;K15727;TIGR01730;COG0845	RND family efflux transporter, MFP subunit
JBHJCD010000019.1_26	28186	29457	1272	-1	0.719	11	GGAG/GAGG	GENOMAD.145263.CP	1.644e-63	227	0	0	0	1	NA	NA	NA	PF02321;K15725;TIGR01845;COG1538	efflux transporter, outer membrane factor (OMF) lipoprotein, NodT family
JBHJCD010000019.1_27	29513	29896	384	-1	0.698	11	None	NA	NA	NA	0	0	0	1	NA	NA	NA	NA	NA
JBHJCD010000019.1_28	30353	32200	1848	-1	0.665	11	None	GENOMAD.142795.CP	0.0003696	46	0	0	0	1	NA	NA	NA	PF05960;COG4805	Bacterial protein of unknown function (DUF885)
JBHJCD010000019.1_29	32473	33111	639	-1	0.707	11	None	GENOMAD.089544.CV	1.843e-24	104	1	0	0	1246	Caudoviricetes	NA	NA	PF02527;K03501;TIGR00138;COG0357	16S rRNA (guanine(527)-N(7))-methyltransferase RsmG
JBHJCD010000019.1_30	33335	34963	1629	1	0.695	11	None	GENOMAD.152489.CP	3.485e-42	167	0	0	0	1	NA	NA	NA	PF19050;K01113;COG3540	Phosphodiesterase/alkaline phosphatase D
JBHJCD010000019.1_31	35135	36706	1572	1	0.667	11	AGGA	NA	NA	NA	0	0	0	1	NA	NA	NA	NA	NA
JBHJCD010000019.1_32	36723	37352	630	-1	0.686	11	GGA/GAG/AGG	GENOMAD.158577.CP	5.958e-12	67	0	0	0	1	NA	NA	NA	PF01648;COG2091;TIGR00516	Phosphopantetheinyl transferase
JBHJCD010000019.1_33	37446	37697	252	1	0.623	11	GGAG/GAGG	NA	NA	NA	0	0	0	1	NA	NA	NA	NA	NA
JBHJCD010000019.1_34	37759	38196	438	-1	0.628	11	GGAGG	NA	NA	NA	0	0	0	1	NA	NA	NA	NA	NA
JBHJCD010000019.1_35	38193	38984	792	-1	0.654	11	GGxGG	NA	NA	NA	0	0	0	1	NA	NA	NA	NA	NA
JBHJCD010000019.1_36	39364	39672	309	1	0.709	11	GGA/GAG/AGG	NA	NA	NA	0	0	0	1	NA	NA	NA	NA	NA
JBHJCD010000019.1_37	39666	41393	1728	-1	0.646	11	GGAGG	GENOMAD.119360.CP	5.173e-258	799	0	0	0	1	NA	NA	NA	COG4147	Na+(or H+)/acetate symporter ActP
JBHJCD010000019.1_38	41390	41707	318	-1	0.591	11	AGGAG	GENOMAD.181410.CP	8.303e-16	74	0	0	0	1	NA	NA	NA	PF04341;COG3162	Uncharacterized membrane protein, DUF485 family
JBHJCD010000019.1_39	41794	43176	1383	-1	0.639	11	GGAG/GAGG	GENOMAD.178249.CP	2.806e-89	304	0	0	0	1	NA	NA	NA	COG3203;K16077	Outer membrane protein (porin)
JBHJCD010000019.1_40	43473	45416	1944	1	0.645	11	GGAG/GAGG	NA	NA	NA	0	0	0	1	NA	NA	NA	NA	NA
JBHJCD010000019.1_41	45591	46259	669	1	0.658	11	None	NA	NA	NA	0	0	0	1	NA	NA	NA	NA	NA
JBHJCD010000019.1_42	46549	47457	909	-1	0.608	11	AGGA	NA	NA	NA	0	0	0	1	NA	NA	NA	NA	NA
JBHJCD010000019.1_43	47984	48574	591	1	0.662	11	GGAG/GAGG	NA	NA	NA	0	0	0	1	NA	NA	NA	NA	NA
JBHJCD010000019.1_44	48578	48781	204	1	0.588	11	AGGAG	NA	NA	NA	0	0	0	1	NA	NA	NA	NA	NA
JBHJCD010000019.1_45	48990	50612	1623	-1	0.659	11	None	NA	NA	NA	0	0	0	1	NA	NA	NA	NA	NA
JBHJCD010000019.1_46	50919	51929	1011	1	0.706	11	GGAG/GAGG	NA	NA	NA	0	0	0	1	NA	NA	NA	NA	NA
JBHJCD010000019.1_47	51926	52798	873	1	0.698	11	GGA/GAG/AGG	GENOMAD.162496.CP	3.288e-17	85	0	0	0	1	NA	NA	NA	PF04909;K07046;COG3618;TIGR00010	Predicted metal-dependent hydrolase, TIM-barrel fold
JBHJCD010000019.1_48	52795	53565	771	1	0.664	11	GGA/GAG/AGG	NA	NA	NA	0	0	0	1	NA	NA	NA	NA	NA
JBHJCD010000019.1_49	53735	54592	858	1	0.650	11	AGGA	NA	NA	NA	0	0	0	1	NA	NA	NA	NA	NA
JBHJCD010000019.1_50	55169	56491	1323	1	0.674	11	AGGA	NA	NA	NA	0	0	0	1	NA	NA	NA	NA	NA
JBHJCD010000019.1_51	56717	57076	360	-1	0.664	11	AGGAG	GENOMAD.193983.CP	5.048e-43	153	0	0	0	1	NA	NA	NA	PF05336;COG3254;TIGR02625	L-rhamnose mutarotase
JBHJCD010000019.1_52	57079	58380	1302	-1	0.644	11	AGGAG/GGAGG	NA	NA	NA	0	0	0	1	NA	NA	NA	NA	NA
JBHJCD010000019.1_53	58561	59310	750	1	0.685	11	GGA/GAG/AGG	GENOMAD.124271.CP	3.042e-17	84	0	0	0	1	NA	NA	NA	PF01614;PF14394;K13641;COG1414;TIGR02431	DNA-binding transcriptional regulator, IclR family
JBHJCD010000019.1_54	59749	60333	585	1	0.639	11	GGA/GAG/AGG	NA	NA	NA	0	0	0	1	NA	NA	NA	NA	NA
JBHJCD010000019.1_55	60430	63882	3453	-1	0.670	11	None	GENOMAD.142301.CP	4.006e-115	404	0	0	0	1	NA	NA	NA	PF00474;PF05763;K14392;COG0591	Na+/proline symporter
JBHJCD010000019.1_56	64611	67253	2643	1	0.639	11	GGAG/GAGG	GENOMAD.178294.CP	2.792e-138	465	0	0	0	1	NA	NA	NA	PF15979;PF17829;COG3661	Glycosyl hydrolase family 115; Gylcosyl hydrolase family 115 C-terminal domain
JBHJCD010000019.1_57	67348	69747	2400	-1	0.659	11	AGGA/GGAG/GAGG	NA	NA	NA	0	0	0	1	NA	NA	NA	NA	NA
JBHJCD010000019.1_58	69750	71132	1383	-1	0.636	11	GGA/GAG/AGG	NA	NA	NA	0	0	0	1	NA	NA	NA	NA	NA
JBHJCD010000019.1_59	71290	71874	585	1	0.667	11	None	NA	NA	NA	0	0	0	1	NA	NA	NA	NA	NA
JBHJCD010000019.1_60	72616	72768	153	1	0.608	11	AGGA	NA	NA	NA	0	0	0	1	NA	NA	NA	NA	NA
JBHJCD010000019.1_61	72841	74346	1506	1	0.641	11	GGxGG	NA	NA	NA	0	0	0	1	NA	NA	NA	NA	NA
JBHJCD010000019.1_62	74686	74913	228	-1	0.680	11	GGAG/GAGG	NA	NA	NA	0	0	0	1	NA	NA	NA	NA	NA
JBHJCD010000019.1_63	74894	75343	450	-1	0.658	11	AGGAG	GENOMAD.136442.CP	1.085e-73	243	0	0	0	1	NA	NA	NA	PF01220;COG0757;TIGR01088	3-dehydroquinate dehydratase
JBHJCD010000019.1_64	75354	75782	429	-1	0.650	11	GGA/GAG/AGG	GENOMAD.004648.CC	1.453e-16	78	0	0	0	1	NA	NA	NA	PF01220;COG0757;TIGR01088	3-dehydroquinate dehydratase
JBHJCD010000019.1_65	76053	79907	3855	-1	0.677	11	None	GENOMAD.097853.CP	1.463e-153	524	0	0	0	1	NA	NA	NA	PF04357;PF05170;PF13502;COG2911;K07289	Autotransporter translocation and assembly factor TamB
JBHJCD010000019.1_66	79904	81685	1782	-1	0.648	11	None	GENOMAD.115234.CP	1.502e-68	248	0	0	0	1	NA	NA	NA	K07278;COG0729	Outer membrane translocation and assembly module TamA
JBHJCD010000019.1_67	82486	84468	1983	1	0.611	11	None	NA	NA	NA	0	0	0	1	NA	NA	NA	NA	NA
JBHJCD010000019.1_68	84414	84611	198	1	0.576	11	GGA/GAG/AGG	NA	NA	NA	0	0	0	1	NA	NA	NA	NA	NA
JBHJCD010000019.1_69	84864	86471	1608	-1	0.662	11	None	NA	NA	NA	0	0	0	1	NA	NA	NA	NA	NA
JBHJCD010000019.1_70	86471	88711	2241	-1	0.654	11	GGA/GAG/AGG	GENOMAD.092979.CV	2.231e-75	273	0	0	0	1246	Caudoviricetes	NA	NA	PF02092;COG0751;TIGR00211	Glycyl-tRNA synthetase, beta subunit
JBHJCD010000019.1_71	89029	89937	909	-1	0.647	11	None	GENOMAD.000187.CC	2.397e-157	493	0	0	0	1	NA	NA	NA	PF02091;COG0752;K01878;TIGR00388	Glycyl-tRNA synthetase, alpha subunit
JBHJCD010000019.1_72	90027	91841	1815	1	0.687	11	GGA/GAG/AGG	GENOMAD.005978.CC	1.591e-07	57	0	0	0	1246	Caudoviricetes	T_virB11	NA	PF00437;PF05810;K07332;TIGR03819;COG4962	helicase/secretion neighborhood ATPase
JBHJCD010000019.1_73	92341	94032	1692	-1	0.660	11	GGA/GAG/AGG	NA	NA	NA	0	0	0	1	NA	NA	NA	NA	NA
JBHJCD010000019.1_74	94045	99039	4995	-1	0.682	11	None	NA	NA	NA	0	0	0	1	NA	NA	NA	NA	NA
JBHJCD010000019.1_75	99085	100386	1302	-1	0.651	11	None	NA	NA	NA	0	0	0	1	NA	NA	NA	NA	NA
JBHJCD010000019.1_76	101357	102109	753	1	0.696	11	GGA/GAG/AGG	GENOMAD.159640.CP	5.787e-10	62	0	0	0	1	NA	NA	NA	PF04204;TIGR01001;K22314;COG0518	Homoserine O-succinyltransferase
JBHJCD010000019.1_77	102169	103068	900	1	0.672	11	GGA/GAG/AGG	GENOMAD.024576.CC	7.135e-126	402	0	0	0	1	NA	NA	NA	COG5473	NA
JBHJCD010000019.1_78	103253	103990	738	-1	0.633	11	AGGAG	NA	NA	NA	0	0	0	1	NA	NA	NA	NA	NA
JBHJCD010000019.1_79	103987	104613	627	-1	0.670	11	GGAG/GAGG	GENOMAD.134269.CP	1.287e-38	145	0	0	0	1	NA	NA	NA	PF02416;K03117;COG1826	Sec-independent protein translocase protein TatA
JBHJCD010000019.1_80	104629	104856	228	-1	0.645	11	GGA/GAG/AGG	NA	NA	NA	0	0	0	1	NA	NA	NA	NA	NA
JBHJCD010000019.1_81	104929	105837	909	-1	0.689	11	GGAG/GAGG	GENOMAD.142547.CP	4.531e-24	106	0	0	0	1	NA	NA	NA	PF04366;COG2930	Lipid-binding SYLF domain
JBHJCD010000019.1_82	105991	106956	966	1	0.684	11	None	NA	NA	NA	0	0	0	1	NA	NA	NA	NA	NA
JBHJCD010000019.1_83	106953	107819	867	1	0.687	11	None	NA	NA	NA	0	0	0	1	NA	NA	NA	NA	NA
JBHJCD010000019.1_84	107827	108135	309	1	0.686	11	None	NA	NA	NA	0	0	0	1	NA	NA	NA	NA	NA
JBHJCD010000019.1_85	108271	109056	786	-1	0.669	11	None	NA	NA	NA	0	0	0	1	NA	NA	NA	NA	NA
JBHJCD010000019.1_86	109619	110524	906	-1	0.638	11	None	NA	NA	NA	0	0	0	1	NA	NA	NA	NA	NA
JBHJCD010000019.1_87	110588	111505	918	-1	0.674	11	None	NA	NA	NA	0	0	0	1	NA	NA	NA	NA	NA
JBHJCD010000019.1_88	111989	112132	144	1	0.653	11	GGA/GAG/AGG	NA	NA	NA	0	0	0	1	NA	NA	NA	NA	NA
JBHJCD010000019.1_89	112129	112188	60	1	0.533	11	AGGAG	NA	NA	NA	0	0	0	1	NA	NA	NA	NA	NA
JBHJCD010000020.1_1	3	689	687	1	0.598	11	None	NA	NA	NA	0	0	0	1	NA	NA	NA	NA	NA
JBHJCD010000020.1_2	691	903	213	1	0.465	11	GGAG/GAGG	NA	NA	NA	0	0	0	1	NA	NA	NA	NA	NA
JBHJCD010000020.1_3	1225	3600	2376	-1	0.654	11	GGA/GAG/AGG	GENOMAD.166603.CP	2.106e-36	152	0	0	0	1	NA	NA	NA	K09955;COG3533	Uncharacterized conserved protein, DUF1680 family
JBHJCD010000020.1_4	3745	6639	2895	-1	0.622	11	AGGAG	NA	NA	NA	0	0	0	1	NA	NA	NA	NA	NA
JBHJCD010000020.1_5	7098	8735	1638	-1	0.650	11	None	GENOMAD.124454.CP	2.45e-196	619	0	0	0	1	NA	NA	NA	K01278;COG1770	Protease II
JBHJCD010000020.1_6	8752	9441	690	1	0.668	11	GGxGG	NA	NA	NA	0	0	0	1	NA	NA	NA	NA	NA
JBHJCD010000020.1_7	9785	11371	1587	-1	0.657	11	GGA/GAG/AGG	GENOMAD.151274.CP	2.289e-29	127	0	0	0	1246	Caudoviricetes	NA	NA	K15921;COG3940	Beta-xylosidase, GH43 family
JBHJCD010000020.1_8	11368	15726	4359	-1	0.660	11	GGA/GAG/AGG	GENOMAD.182959.CP	1.92e-299	962	0	0	0	1	NA	NA	NA	K18206	NA
JBHJCD010000020.1_9	16125	17090	966	-1	0.627	11	None	NA	NA	NA	0	0	0	1	NA	NA	NA	NA	NA
JBHJCD010000020.1_10	17036	18940	1905	-1	0.650	11	AGGA	NA	NA	NA	0	0	0	1	NA	NA	NA	NA	NA
JBHJCD010000020.1_11	19421	21778	2358	-1	0.665	11	GGAG/GAGG	GENOMAD.216233.CP	0.0	1257	0	0	0	1	NA	NA	NA	PF12899;COG3387	Alkaline and neutral invertase
JBHJCD010000020.1_12	22250	23821	1572	1	0.658	11	AGGA/GGAG/GAGG	NA	NA	NA	0	0	0	1	NA	NA	NA	NA	NA
JBHJCD010000020.1_13	24108	24404	297	-1	0.646	11	GGAG/GAGG	GENOMAD.029425.CC	7.774e-06	45	0	0	0	1	NA	NA	NA	NA	NA
JBHJCD010000020.1_14	24495	26135	1641	-1	0.654	11	GGAGG	GENOMAD.208849.PC	7.061e-96	327	0	0	0	1	NA	NA	NA	PF18120;PF01301;K12308;COG1874;TIGR03356	Glycosyl hydrolases family 35
JBHJCD010000020.1_15	26132	28471	2340	-1	0.656	11	GGAGG	GENOMAD.124454.CP	2.884e-223	709	0	0	0	1	NA	NA	NA	K01278;COG1770	Protease II
JBHJCD010000020.1_16	28461	30047	1587	-1	0.645	11	None	NA	NA	NA	0	0	0	1	NA	NA	NA	NA	NA
JBHJCD010000020.1_17	30110	31975	1866	-1	0.650	11	GGAGG	GENOMAD.142795.CP	2.012e-08	60	0	0	0	1	NA	NA	NA	PF05960;COG4805	Bacterial protein of unknown function (DUF885)
JBHJCD010000020.1_18	31972	33789	1818	-1	0.645	11	GGAG/GAGG	GENOMAD.142795.CP	0.0003617	46	0	0	0	1	NA	NA	NA	PF05960;COG4805	Bacterial protein of unknown function (DUF885)
JBHJCD010000020.1_19	33905	35104	1200	-1	0.672	11	GGAG/GAGG	GENOMAD.128896.CP	9.403e-09	60	0	0	0	1	NA	NA	NA	PF00557;COG0006;K01271;TIGR02993	Xaa-Pro aminopeptidase
JBHJCD010000020.1_20	35101	36717	1617	-1	0.695	11	GGA/GAG/AGG	GENOMAD.168696.PC	1.327e-76	270	0	0	0	1	NA	NA	NA	PF07368;TIGR00407;COG0014;K18601	gamma-glutamyl phosphate reductase
JBHJCD010000020.1_21	36928	37836	909	-1	0.670	11	GGA/GAG/AGG	NA	NA	NA	0	0	0	1	NA	NA	NA	NA	NA
JBHJCD010000020.1_22	37833	39146	1314	-1	0.707	11	GGA/GAG/AGG	GENOMAD.133542.CP	2.022e-42	165	0	0	0	1	NA	NA	NA	PF01134;PF17806;K24954;COG1251;TIGR01372	NAD(P)H-nitrite reductase, large subunit
JBHJCD010000020.1_23	39139	39384	246	-1	0.699	11	AGGAG	GENOMAD.160289.CP	3.711e-21	88	0	0	0	1	NA	NA	NA	PF13510;K22550;COG3383;TIGR01973	Predicted molibdopterin-dependent oxidoreductase YjgC
JBHJCD010000020.1_24	39381	40658	1278	-1	0.719	11	None	NA	NA	NA	0	0	0	1	NA	NA	NA	NA	NA
JBHJCD010000020.1_25	40658	41596	939	-1	0.698	11	GGAG/GAGG	NA	NA	NA	0	0	0	1	NA	NA	NA	NA	NA
JBHJCD010000020.1_26	41757	42473	717	1	0.643	11	None	GENOMAD.138359.CP	7.894e-06	49	0	0	0	1	NA	NA	NA	PF12833;K13631;COG2207	AraC-type DNA-binding domain and AraC-containing proteins
JBHJCD010000020.1_27	42679	44298	1620	1	0.698	11	None	GENOMAD.050490.CV	1.156e-10	67	1	0	0	1246	Caudoviricetes	NA	NA	PF02881;PF01591;K03106;TIGR00959;COG0541	signal recognition particle protein
JBHJCD010000020.1_28	44646	45719	1074	1	0.674	11	None	NA	NA	NA	0	0	0	1	NA	NA	NA	NA	NA
JBHJCD010000020.1_29	45743	46018	276	1	0.612	11	AGGA	GENOMAD.000968.CC	4.603e-31	117	0	0	0	1	NA	NA	NA	PF04362;COG2924	Fe-S cluster biosynthesis and repair protein YggX
JBHJCD010000020.1_30	46390	48012	1623	-1	0.630	11	GGAG/GAGG	NA	NA	NA	0	0	0	1	NA	NA	NA	NA	NA
JBHJCD010000020.1_31	48143	48754	612	-1	0.641	11	AGGA	NA	NA	NA	0	0	0	1	NA	NA	NA	NA	NA
JBHJCD010000020.1_32	49091	49291	201	1	0.632	11	GGA/GAG/AGG	NA	NA	NA	0	0	0	1	NA	NA	NA	NA	NA
JBHJCD010000020.1_33	49532	49846	315	1	0.625	11	GGA/GAG/AGG	NA	NA	NA	0	0	0	1	NA	NA	NA	NA	NA
JBHJCD010000020.1_34	49902	50387	486	1	0.650	11	None	NA	NA	NA	0	0	0	1	NA	NA	NA	NA	NA
JBHJCD010000020.1_35	50539	50814	276	-1	0.659	11	None	NA	NA	NA	0	0	0	1	NA	NA	NA	NA	NA
JBHJCD010000020.1_36	51319	51855	537	1	0.665	11	GGAG/GAGG	NA	NA	NA	0	0	0	1	NA	NA	NA	NA	NA
JBHJCD010000020.1_37	51970	52446	477	1	0.673	11	AGGA	NA	NA	NA	0	0	0	1	NA	NA	NA	NA	NA
JBHJCD010000020.1_38	52500	54293	1794	1	0.673	11	AGGA	NA	NA	NA	0	0	0	1	NA	NA	NA	NA	NA
JBHJCD010000020.1_39	54581	55237	657	1	0.658	11	None	NA	NA	NA	0	0	0	1	NA	NA	NA	NA	NA
JBHJCD010000020.1_40	55671	57587	1917	1	0.660	11	AGxAG	NA	NA	NA	0	0	0	1	NA	NA	NA	NA	NA
JBHJCD010000020.1_41	57622	58878	1257	-1	0.679	11	GGA/GAG/AGG	NA	NA	NA	0	0	0	1	NA	NA	NA	NA	NA
JBHJCD010000020.1_42	58868	59479	612	-1	0.655	11	None	NA	NA	NA	0	0	0	1	NA	NA	NA	NA	NA
JBHJCD010000020.1_43	59457	60611	1155	-1	0.661	11	GGA/GAG/AGG	GENOMAD.168712.CP	1.152e-206	640	0	0	0	1	NA	NA	NA	PF13641;K00720;TIGR03030;COG1215	cellulose synthase catalytic subunit (UDP-forming)
JBHJCD010000020.1_44	60602	61561	960	-1	0.651	11	GGAG/GAGG	NA	NA	NA	0	0	0	1	NA	NA	NA	NA	NA
JBHJCD010000020.1_45	61558	62406	849	-1	0.663	11	None	GENOMAD.154597.PC	6.591e-07	53	0	0	0	1	NA	NA	NF033105	PF00753;K13075;TIGR04558;COG0491	quinoprotein relay system zinc metallohydrolase 1
JBHJCD010000020.1_46	62406	63473	1068	-1	0.689	11	GGA/GAG/AGG	NA	NA	NA	0	0	0	1	NA	NA	NA	NA	NA
JBHJCD010000020.1_47	63605	64621	1017	-1	0.661	11	AGxAGG/AGGxGG	GENOMAD.208532.CP	1.478e-145	461	0	0	0	1	NA	NA	NA	PF01963;COG3735;K09973	Uncharacterized conserved protein YbaP, TraB family
JBHJCD010000020.1_48	64713	65174	462	-1	0.665	11	None	NA	NA	NA	0	0	0	1	NA	NA	NA	NA	NA
JBHJCD010000020.1_49	65209	66000	792	-1	0.643	11	None	NA	NA	NA	0	0	0	1	NA	NA	NA	NA	NA
JBHJCD010000020.1_50	66008	66802	795	-1	0.582	11	AGGAG/GGAGG	NA	NA	NA	0	0	0	1	NA	NA	NA	NA	NA
JBHJCD010000020.1_51	66840	68036	1197	-1	0.614	11	AGGA	NA	NA	NA	0	0	0	1	NA	NA	NA	NA	NA
JBHJCD010000020.1_52	68100	69590	1491	-1	0.647	11	GGA/GAG/AGG	GENOMAD.147640.CP	1.145e-15	83	0	0	0	1	NA	NA	NA	PF13440;K16695;TIGR01695;COG0728	murein biosynthesis integral membrane protein MurJ
JBHJCD010000020.1_53	69608	70657	1050	-1	0.648	11	AGGAG	NA	NA	NA	0	0	0	1	NA	NA	NA	NA	NA
JBHJCD010000020.1_54	70654	71796	1143	-1	0.619	11	AGGAG	NA	NA	NA	0	0	0	1	NA	NA	NA	NA	NA
JBHJCD010000020.1_55	71861	72949	1089	-1	0.635	11	GGA/GAG/AGG	GENOMAD.215903.VC	0.0003454	45	0	0	0	1	NA	NA	NA	PF10129;K13663;COG3594	OpgC protein
JBHJCD010000020.1_56	72946	74064	1119	-1	0.624	11	GGAG/GAGG	GENOMAD.215903.VC	2.473e-06	52	0	0	0	1	NA	NA	NA	PF10129;K13663;COG3594	OpgC protein
JBHJCD010000020.1_57	74061	75362	1302	-1	0.581	11	None	NA	NA	NA	0	0	0	1	NA	NA	NA	NA	NA
JBHJCD010000020.1_58	75445	76899	1455	-1	0.612	11	GGAGG	NA	NA	NA	0	0	0	1	NA	NA	NA	NA	NA
JBHJCD010000020.1_59	77143	78567	1425	-1	0.602	11	None	GENOMAD.145298.CP	1.297e-22	105	0	0	0	1	NA	NA	NA	PF10609;PF13807;PF02706;TIGR01005;K16554;COG3206	exopolysaccharide transport protein family
JBHJCD010000020.1_60	78564	79262	699	-1	0.612	11	None	GENOMAD.132760.CP	4.507e-12	68	0	0	0	1	NA	NA	NA	K01991;COG1596	Periplasmic protein involved in polysaccharide export, contains SLBB domain of the beta-grasp fold
JBHJCD010000020.1_61	79871	80227	357	-1	0.613	11	GGA/GAG/AGG	GENOMAD.006371.CC	2.909e-07	50	0	0	0	1	NA	NA	NA	PF09035;TIGR02047;COG0789;K21972	Excisionase from transposon Tn916
JBHJCD010000020.1_62	80208	80507	300	-1	0.593	11	GGA/GAG/AGG	NA	NA	NA	0	0	0	1	NA	NA	NA	NA	NA
JBHJCD010000020.1_63	80529	82907	2379	-1	0.667	11	None	GENOMAD.090179.CV	1.041e-59	226	1	0	0	1246	Caudoviricetes	NA	NA	PF17759;PF03147;PF03484;PF18262;PF01588;PF03483;TIGR00472;K01890;COG0072	phenylalanyl-tRNA synthetase, beta subunit, non-spirochete bacterial
JBHJCD010000020.1_64	83034	84029	996	-1	0.646	11	GGAG/GAGG	NA	NA	NA	0	0	0	1	NA	NA	NA	NA	NA
JBHJCD010000020.1_65	84283	84642	360	-1	0.608	11	GGAG/GAGG	GENOMAD.080218.CV	1.516e-39	143	1	0	0	1	NA	NA	NA	PF00453;TIGR01032;K02887;COG0292	ribosomal protein L20
JBHJCD010000020.1_66	84653	84850	198	-1	0.606	11	AGGA	GENOMAD.099705.CV	6.83e-09	52	1	0	0	1	NA	NA	NA	PF01632;COG0291;TIGR00001	Ribosomal protein L35
JBHJCD010000020.1_67	85097	85540	444	-1	0.601	11	None	NA	NA	NA	0	0	0	1	NA	NA	NA	NA	NA
JBHJCD010000020.1_68	85688	87592	1905	-1	0.639	11	None	NA	NA	NA	0	0	0	1	NA	NA	NA	NA	NA
JBHJCD010000020.1_69	87915	89036	1122	1	0.662	11	None	NA	NA	NA	0	0	0	1	NA	NA	NA	NA	NA
JBHJCD010000020.1_70	89161	90834	1674	-1	0.624	11	GGAGG	NA	NA	NA	0	0	0	1	NA	NA	NA	NA	NA
JBHJCD010000020.1_71	90834	92312	1479	-1	0.634	11	GGAGG	GENOMAD.152654.CP	1.158e-07	57	0	0	0	1	NA	NA	NF012174	PF03825;K16211;TIGR00792;COG2211	sugar (Glycoside-Pentoside-Hexuronide) transporter
JBHJCD010000020.1_72	92309	94495	2187	-1	0.655	11	None	GENOMAD.140739.CP	8.329e-131	437	0	0	0	1	NA	NA	NA	PF07971;PF16561;COG3408	Glycogen debranching enzyme (alpha-1,6-glucosidase)
JBHJCD010000020.1_73	94739	96820	2082	1	0.651	11	GGAGG	NA	NA	NA	0	0	0	1	NA	NA	NA	NA	NA
JBHJCD010000020.1_74	97138	99912	2775	1	0.628	11	GGAGG	GENOMAD.152082.CP	4.036e-49	194	0	0	0	1	NA	NA	NA	PF00593;PF07715;PF00691;TIGR01782;COG4773;K16089	TonB-dependent receptor
JBHJCD010000020.1_75	100544	102160	1617	-1	0.618	11	GGAGG	NA	NA	NA	0	0	0	1	NA	NA	NA	NA	NA
JBHJCD010000020.1_76	102536	102601	66	1	0.470	11	GGA/GAG/AGG	NA	NA	NA	0	0	0	1	NA	NA	NA	NA	NA
JBHJCD010000021.1_1	1	873	873	-1	0.561	11	None	NA	NA	NA	0	0	0	1	NA	NA	NA	NA	NA
JBHJCD010000021.1_2	877	1776	900	-1	0.524	11	AGGA	NA	NA	NA	0	0	0	1	NA	NA	NA	NA	NA
JBHJCD010000021.1_3	2273	2887	615	-1	0.680	11	GGA/GAG/AGG	NA	NA	NA	0	0	0	1	NA	NA	NA	NA	NA
JBHJCD010000021.1_4	3245	3964	720	-1	0.661	11	GGAG/GAGG	NA	NA	NA	0	0	0	1	NA	NA	NA	NA	NA
JBHJCD010000021.1_5	4157	6178	2022	-1	0.646	11	GGA/GAG/AGG	GENOMAD.010722.CC	9.491e-27	120	0	0	0	1	NA	NA	NA	PF09127	Leukotriene A4 hydrolase, C-terminal
JBHJCD010000021.1_6	6224	7114	891	-1	0.663	11	GGAG/GAGG	NA	NA	NA	0	0	0	1	NA	NA	NA	NA	NA
JBHJCD010000021.1_7	7305	8066	762	-1	0.626	11	None	GENOMAD.109687.CP	6.053e-60	209	0	0	0	1	NA	NA	NA	PF06859;TIGR01934;COG4627;K24451	ubiquinone/menaquinone biosynthesis methyltransferases
JBHJCD010000021.1_8	8154	9806	1653	1	0.671	11	GGA/GAG/AGG	GENOMAD.162124.CP	3.114e-99	337	0	0	0	1	NA	NA	NA	PF06609;K03446;TIGR00711;COG2223	drug resistance transporter, EmrB/QacA subfamily
JBHJCD010000021.1_9	9803	10891	1089	1	0.668	11	None	GENOMAD.138157.CP	1.546e-39	154	0	0	0	1	NA	NA	NA	PF13437;TIGR02828	HlyD family secretion protein
JBHJCD010000021.1_10	11014	11505	492	1	0.648	11	None	GENOMAD.151641.CP	9.387e-22	94	0	0	0	1	NA	NA	NA	PF00765;K02348;COG2153;TIGR04045	Predicted N-acyltransferase, GNAT family
JBHJCD010000021.1_11	11502	11957	456	1	0.632	11	GGAG/GAGG	NA	NA	NA	0	0	0	1	NA	NA	NA	NA	NA
JBHJCD010000021.1_12	12159	13526	1368	-1	0.632	11	None	NA	NA	NA	0	0	0	1	NA	NA	NA	NA	NA
JBHJCD010000021.1_13	13637	14188	552	-1	0.630	11	GGAGG	GENOMAD.088456.CP	2.03e-66	224	0	0	0	1	NA	NA	NA	PF00227;K01419;TIGR03692;COG5405	ATP-dependent protease HslVU, peptidase subunit
JBHJCD010000021.1_14	14385	15302	918	-1	0.669	11	GGAG/GAGG	NA	NA	NA	0	0	0	1	NA	NA	NA	NA	NA
JBHJCD010000021.1_15	15483	16154	672	-1	0.646	11	GGAG/GAGG	GENOMAD.002323.CC	7.267e-123	389	0	0	0	1	NA	NA	NA	PF04340;K09921;COG3159	Uncharacterized conserved protein YigA, DUF484 family
JBHJCD010000021.1_16	16151	17005	855	-1	0.688	11	None	NA	NA	NA	0	0	0	1	NA	NA	NA	NA	NA
JBHJCD010000021.1_17	16995	17249	255	-1	0.675	11	None	NA	NA	NA	0	0	0	1	NA	NA	NA	NA	NA
JBHJCD010000021.1_18	17306	17704	399	-1	0.679	11	None	NA	NA	NA	0	0	0	1	NA	NA	NA	NA	NA
JBHJCD010000021.1_19	18072	20144	2073	-1	0.621	11	None	NA	NA	NA	0	0	0	1	NA	NA	NA	NA	NA
JBHJCD010000021.1_20	20358	21473	1116	1	0.654	11	None	NA	NA	NA	0	0	0	1	NA	NA	NA	NA	NA
JBHJCD010000021.1_21	21717	23810	2094	-1	0.641	11	GGA/GAG/AGG	NA	NA	NA	0	0	0	1	NA	NA	NA	NA	NA
JBHJCD010000021.1_22	23878	24189	312	-1	0.734	11	GGAG/GAGG	NA	NA	NA	0	0	0	1	NA	NA	NA	NA	NA
JBHJCD010000021.1_23	24552	25121	570	1	0.637	11	None	NA	NA	NA	0	0	0	1	NA	NA	NA	NA	NA
JBHJCD010000021.1_24	25154	25495	342	1	0.658	11	GGAGG	GENOMAD.038006.CC	5.703e-39	141	0	0	0	1	NA	NA	NA	PF19581;K06996;TIGR00068;COG3324	Glyoxalase superfamily protein
JBHJCD010000021.1_25	25583	25861	279	1	0.613	11	GGA/GAG/AGG	NA	NA	NA	0	0	0	1	NA	NA	NA	NA	NA
JBHJCD010000021.1_26	26019	26984	966	-1	0.649	11	GGA/GAG/AGG	GENOMAD.145413.CP	1.65e-11	68	0	0	0	1	NA	NA	NA	PF13280;PF19187;K13572;COG2378;TIGR03985	Predicted DNA-binding transcriptional regulator YafY, contains an HTH and WYL domains
JBHJCD010000021.1_27	27553	28353	801	1	0.647	11	GGA/GAG/AGG	GENOMAD.179248.CP	6.244e-146	458	0	0	0	1	NA	NA	NA	PF04338;K07283;COG3137	Putative salt-induced outer membrane protein YdiY
JBHJCD010000021.1_28	28543	29457	915	-1	0.702	11	None	NA	NA	NA	0	0	0	1	NA	NA	NA	NA	NA
JBHJCD010000021.1_29	29488	30225	738	-1	0.672	11	GGAG/GAGG	NA	NA	NA	0	0	0	1	NA	NA	NA	NA	NA
JBHJCD010000021.1_30	30256	31305	1050	-1	0.694	11	None	NA	NA	NA	0	0	0	1	NA	NA	NA	NA	NA
JBHJCD010000021.1_31	31310	31975	666	-1	0.689	11	GGAG/GAGG	GENOMAD.145670.CP	1.506e-07	54	0	0	0	1	NA	NA	NA	PF02230;COG0400;K06128;TIGR02821	Predicted esterase
JBHJCD010000021.1_32	32129	34027	1899	-1	0.681	11	None	GENOMAD.178112.CP	1.825e-141	464	0	0	0	1	NA	NA	NA	PF03142;K03669;COG2943;TIGR03030	Membrane glycosyltransferase
JBHJCD010000021.1_33	34127	34789	663	1	0.637	11	AGGAG/GGAGG	NA	NA	NA	0	0	0	1	NA	NA	NA	NA	NA
JBHJCD010000021.1_34	34994	36613	1620	-1	0.658	11	GGA/GAG/AGG	NA	NA	NA	0	0	0	1	NA	NA	NA	NA	NA
JBHJCD010000021.1_35	36811	37791	981	-1	0.657	11	GGAGG	NA	NA	NA	0	0	0	1	NA	NA	NA	NA	NA
JBHJCD010000021.1_36	38029	39516	1488	-1	0.673	11	GGAG/GAGG	NA	NA	NA	0	0	0	1	NA	NA	NA	NA	NA
JBHJCD010000021.1_37	39729	41159	1431	1	0.622	11	GGAG/GAGG	NA	NA	NA	0	0	0	1	NA	NA	NA	NA	NA
JBHJCD010000021.1_38	41408	43612	2205	1	0.642	11	GGA/GAG/AGG	GENOMAD.146534.CP	0.0002302	47	0	0	0	1	NA	NA	NA	PF00015	Methyl-accepting chemotaxis protein (MCP) signalling domain
JBHJCD010000021.1_39	44190	46766	2577	-1	0.675	11	None	NA	NA	NA	0	0	0	1	NA	NA	NA	NA	NA
JBHJCD010000021.1_40	47024	49903	2880	1	0.668	11	GGAG/GAGG	NA	NA	NA	0	0	0	1	NA	NA	NA	NA	NA
JBHJCD010000021.1_41	50467	51396	930	1	0.661	11	None	NA	NA	NA	0	0	0	1	NA	NA	NA	NA	NA
JBHJCD010000021.1_42	51434	52468	1035	-1	0.678	11	GGA/GAG/AGG	NA	NA	NA	0	0	0	1	NA	NA	NA	NA	NA
JBHJCD010000021.1_43	52934	53686	753	-1	0.616	11	None	NA	NA	NA	0	0	0	1	NA	NA	NA	NA	NA
JBHJCD010000021.1_44	53893	54561	669	1	0.694	11	GGAG/GAGG	GENOMAD.142156.CP	1.53e-07	54	0	0	0	1	NA	NA	NA	PF01904;COG1801	Uncharacterized conserved protein YecE, DUF72 family
JBHJCD010000021.1_45	54834	56507	1674	1	0.678	11	GGAG/GAGG	NA	NA	NA	0	0	0	1	NA	NA	NA	NA	NA
JBHJCD010000021.1_46	56933	57628	696	1	0.642	11	AGGA	GENOMAD.189914.CP	1.642e-06	51	0	0	0	1	NA	NA	NA	PF01987;COG2013;TIGR00266	Uncharacterized conserved protein, AIM24 family
JBHJCD010000021.1_47	57967	58878	912	-1	0.634	11	None	NA	NA	NA	0	0	0	1	NA	NA	NA	NA	NA
JBHJCD010000021.1_48	59116	60102	987	1	0.614	11	AGGAG	GENOMAD.076707.PP	3.356e-175	546	0	0	0	1	NA	NA	NA	NA	NA
JBHJCD010000021.1_49	60190	61566	1377	-1	0.619	11	None	NA	NA	NA	0	0	0	1	NA	NA	NA	NA	NA
JBHJCD010000021.1_50	62352	62567	216	-1	0.676	11	GGAG/GAGG	NA	NA	NA	0	0	0	1	NA	NA	NA	NA	NA
JBHJCD010000021.1_51	62866	63639	774	1	0.658	11	GGA/GAG/AGG	NA	NA	NA	0	0	0	1	NA	NA	NA	NA	NA
JBHJCD010000021.1_52	63737	64612	876	-1	0.627	11	GGAG/GAGG	GENOMAD.145601.CP	6.294e-06	50	0	0	0	1	NA	NA	NA	PF16913;K15269;COG2962;TIGR03340	Uncharacterized membrane protein RarD, contains two EamA domains
JBHJCD010000021.1_53	64778	65692	915	1	0.667	11	GGA/GAG/AGG	GENOMAD.137507.CV	3.791e-49	180	0	0	0	1	NA	NA	NA	PF10672;K06983;COG2521;TIGR00537	Predicted archaeal methyltransferase
JBHJCD010000021.1_54	65887	66432	546	1	0.663	11	GGA/GAG/AGG	NA	NA	NA	0	0	0	1	NA	NA	NA	NA	NA
JBHJCD010000021.1_55	67216	68115	900	-1	0.669	11	AGGAG	NA	NA	NA	0	0	0	1	NA	NA	NA	NA	NA
JBHJCD010000021.1_56	68218	68691	474	-1	0.671	11	GGA/GAG/AGG	GENOMAD.159648.PC	3.635e-10	60	0	0	0	1	NA	NA	NA	PF02082;K19587;TIGR02010;COG1959	iron-sulfur cluster assembly transcription factor IscR
JBHJCD010000021.1_57	68799	70673	1875	-1	0.677	11	None	NA	NA	NA	0	0	0	1	NA	NA	NA	NA	NA
JBHJCD010000021.1_58	71178	72269	1092	1	0.690	11	GGAG/GAGG	GENOMAD.028689.CC	7.487e-70	243	0	0	0	1	NA	NA	NA	PF07759	NA
JBHJCD010000021.1_59	72311	73744	1434	-1	0.637	11	GGAGG	GENOMAD.141880.PP	7.152e-259	796	0	0	0	1	NA	NA	NA	PF08887;PF08906;COG5620	GAD-like domain
JBHJCD010000021.1_60	74113	76440	2328	1	0.644	11	GGAG/GAGG	GENOMAD.124454.CP	2.792e-136	455	0	0	0	1	NA	NA	NA	K01278;COG1770	Protease II
JBHJCD010000021.1_61	76843	77040	198	-1	0.687	11	GGA/GAG/AGG	GENOMAD.170701.CP	4.419e-06	44	0	0	0	1	NA	NA	NA	PF12823;TIGR03954	integral membrane protein
JBHJCD010000021.1_62	77041	77178	138	-1	0.572	11	GGAG/GAGG	NA	NA	NA	0	0	0	1	NA	NA	NA	NA	NA
JBHJCD010000021.1_63	77407	78027	621	1	0.623	11	None	GENOMAD.189906.CP	6.98e-115	365	0	0	0	1	NA	NA	NA	PF05708;COG3863	Permuted papain-like amidase enzyme, YaeF/YiiX, C92 family
JBHJCD010000021.1_64	78083	79045	963	1	0.636	11	AGGAG	GENOMAD.153559.CP	5.828e-93	308	0	0	0	1	NA	NA	NA	PF00756;K07017;COG2819;TIGR02821	Predicted hydrolase of the alpha/beta superfamily
JBHJCD010000021.1_65	79301	79762	462	1	0.671	11	GGAG/GAGG	GENOMAD.195933.PC	1.299e-12	67	0	0	0	1	NA	NA	NA	PF13548;COG3918	NA
JBHJCD010000021.1_66	79895	80290	396	-1	0.604	11	GGA/GAG/AGG	NA	NA	NA	0	0	0	1	NA	NA	NA	NA	NA
JBHJCD010000021.1_67	80363	81337	975	-1	0.627	11	GGAG/GAGG	GENOMAD.152155.CP	2.877e-18	89	0	0	0	1	NA	NA	NA	K07393;COG0435;TIGR01262	Glutathionyl-hydroquinone reductase
JBHJCD010000021.1_68	81499	82290	792	-1	0.615	11	GGA/GAG/AGG	GENOMAD.221086.VP	3.711e-51	184	0	0	0	1246	Caudoviricetes	NA	NA	PF01145;PF13238;TIGR01932;COG0330;K04087	HflC protein
JBHJCD010000021.1_69	82639	84225	1587	1	0.645	11	GGA/GAG/AGG	NA	NA	NA	0	0	0	1	NA	NA	NA	NA	NA
JBHJCD010000021.1_70	84566	85162	597	-1	0.606	11	GGAGG	NA	NA	NA	0	0	0	1	NA	NA	NA	NA	NA
JBHJCD010000021.1_71	85582	85893	312	-1	0.619	11	None	NA	NA	NA	0	0	0	1	NA	NA	NA	NA	NA
JBHJCD010000021.1_72	86196	87692	1497	1	0.661	11	AGGA	NA	NA	NA	0	0	0	1	NA	NA	NA	NA	NA
JBHJCD010000021.1_73	87751	88164	414	-1	0.556	11	AGGAG	NA	NA	NA	0	0	0	1	NA	NA	NA	NA	NA
JBHJCD010000021.1_74	88328	89095	768	-1	0.664	11	GGAG/GAGG	NA	NA	NA	0	0	0	1	NA	NA	NA	NA	NA
JBHJCD010000021.1_75	89372	90328	957	-1	0.643	11	None	GENOMAD.148267.CP	4.268e-07	54	0	0	0	1	NA	NA	NA	PF12833;K12243;TIGR02297;COG2207	4-hydroxyphenylacetate catabolism regulatory protein HpaA
JBHJCD010000021.1_76	90378	91112	735	1	0.654	11	GGAG/GAGG	NA	NA	NA	0	0	0	1	NA	NA	NA	NA	NA
JBHJCD010000021.1_77	91313	91456	144	-1	0.583	11	GGAG/GAGG	NA	NA	NA	0	0	0	1	NA	NA	NA	NA	NA
JBHJCD010000021.1_78	91453	91815	363	-1	0.545	11	None	NA	NA	NA	0	0	0	1	NA	NA	NA	NA	NA
JBHJCD010000022.1_1	3	86	84	-1	0.405	11	GGAG/GAGG	NA	NA	NA	0	0	0	1	NA	NA	NA	NA	NA
JBHJCD010000022.1_2	849	2678	1830	-1	0.637	11	AGGA	NA	NA	NA	0	0	0	1	NA	NA	NA	NA	NA
JBHJCD010000022.1_3	2675	4447	1773	-1	0.646	11	GGAG/GAGG	GENOMAD.151073.CP	1.536e-07	57	0	0	0	1	NA	NA	NA	PF00723;PF09137;TIGR01577;COG3387;K01178	oligosaccharide amylase
JBHJCD010000022.1_4	4863	8183	3321	-1	0.727	11	GGA/GAG/AGG	NA	NA	NA	0	0	0	1	NA	NA	NA	NA	NA
JBHJCD010000022.1_5	8176	8436	261	-1	0.644	11	None	GENOMAD.134274.CV	8.078e-16	73	0	0	0	1	NA	NA	NA	PF05166;COG3100;K09902	Uncharacterized conserved protein YcgL, UPF0745 family
JBHJCD010000022.1_6	8656	9855	1200	1	0.706	11	None	NA	NA	NA	0	0	0	1	NA	NA	NA	NA	NA
JBHJCD010000022.1_7	9855	10628	774	1	0.725	11	GGxGG	GENOMAD.176986.CP	1.868e-35	138	0	0	0	1	NA	NA	NA	PF13723;COG0304;K05551;TIGR03150	Beta-ketoacyl synthase, N-terminal domain
JBHJCD010000022.1_8	10625	11446	822	1	0.672	11	GGAGG	NA	NA	NA	0	0	0	1	NA	NA	NA	NA	NA
JBHJCD010000022.1_9	11443	13065	1623	1	0.634	11	GGA/GAG/AGG	NA	NA	NA	0	0	0	1	NA	NA	NA	NA	NA
JBHJCD010000022.1_10	13348	13551	204	1	0.495	11	AGGAG	NA	NA	NA	0	0	0	1	NA	NA	NA	NA	NA
JBHJCD010000022.1_11	13692	14423	732	-1	0.660	11	None	NA	NA	NA	0	0	0	1	NA	NA	NA	NA	NA
JBHJCD010000022.1_12	14654	15145	492	1	0.596	11	GGAG/GAGG	GENOMAD.212552.PC	2.153e-81	266	0	0	0	1	NA	NA	NA	PF08378	NA
JBHJCD010000022.1_13	15155	15586	432	-1	0.660	11	GGAG/GAGG	GENOMAD.190634.CP	4.917e-71	235	0	0	0	1	NA	NA	NA	COG4706;TIGR01750	Predicted 3-hydroxylacyl-ACP dehydratase, HotDog domain
JBHJCD010000022.1_14	15573	17939	2367	-1	0.674	11	AGGA	NA	NA	NA	0	0	0	1	NA	NA	NA	NA	NA
JBHJCD010000022.1_15	17929	18156	228	-1	0.649	11	AGGA	NA	NA	NA	0	0	0	1	NA	NA	NA	NA	NA
JBHJCD010000022.1_16	18146	18373	228	-1	0.649	11	AGGA	NA	NA	NA	0	0	0	1	NA	NA	NA	NA	NA
JBHJCD010000022.1_17	18512	19132	621	-1	0.697	11	None	GENOMAD.161696.CP	2.216e-30	121	0	0	0	1	NA	NA	NA	PF19574;TIGR03009	Outer membrane lipoprotein carrier protein LolA-like
JBHJCD010000022.1_18	19083	20057	975	-1	0.664	11	GGAG/GAGG	GENOMAD.120950.CP	1.324e-84	284	0	0	0	1	NA	NA	NA	PF03279;COG4261;TIGR02208;K02517	Predicted acyltransferase, LPLAT superfamily
JBHJCD010000022.1_19	20054	20341	288	-1	0.691	11	GGA/GAG/AGG	GENOMAD.130478.CP	2.943e-45	158	0	0	0	1	NA	NA	NA	PF07977;TIGR01750;COG0764	beta-hydroxyacyl-
JBHJCD010000022.1_20	20353	21102	750	-1	0.645	11	GGA/GAG/AGG	GENOMAD.121797.CP	8.048e-05	46	0	0	0	1	NA	NA	NA	PF03982;K00655;COG2121;TIGR00530	Diacylglycerol acyltransferase
JBHJCD010000022.1_21	21156	21902	747	-1	0.664	11	None	GENOMAD.171493.CP	1.324e-102	332	0	0	0	1	NA	NA	NA	PF11361;COG4648;TIGR00997	Intracellular septation protein A
JBHJCD010000022.1_22	21877	22146	270	-1	0.626	11	GGA/GAG/AGG	GENOMAD.159708.CP	5.546e-36	131	0	0	0	1	NA	NA	NA	PF10501;K16025;TIGR04069	peptide maturation system acyl carrier-related protein
JBHJCD010000022.1_23	22450	23796	1347	1	0.658	11	None	GENOMAD.135937.CP	0.0002375	46	1	0	0	1	NA	NA	NA	PF05834;K17830;COG0644;TIGR02028	Dehydrogenase (flavoprotein)
JBHJCD010000022.1_24	23796	24803	1008	1	0.684	11	GGA/GAG/AGG	GENOMAD.190147.CP	1.657e-38	150	0	0	0	1	NA	NA	NA	K18240;TIGR04444	chorismatase, FkbO/Hyg5 family
JBHJCD010000022.1_25	25109	26452	1344	-1	0.701	11	None	NA	NA	NA	0	0	0	1	NA	NA	NA	NA	NA
JBHJCD010000022.1_26	27034	29403	2370	1	0.658	11	None	GENOMAD.129013.CP	1.529e-19	97	0	0	0	1	NA	NA	NA	PF00326;PF00930;K01278;COG1770;TIGR02821	Prolyl oligopeptidase family; Dipeptidyl peptidase IV (DPP IV) N-terminal region
JBHJCD010000022.1_27	29834	30550	717	1	0.675	11	GGAG/GAGG	NA	NA	NA	0	0	0	1	NA	NA	NA	NA	NA
JBHJCD010000022.1_28	30547	31140	594	1	0.662	11	None	NA	NA	NA	0	0	0	1	NA	NA	NA	NA	NA
JBHJCD010000022.1_29	31543	32442	900	1	0.643	11	None	NA	NA	NA	0	0	0	1	NA	NA	NA	NA	NA
JBHJCD010000022.1_30	32511	32687	177	-1	0.689	11	None	NA	NA	NA	0	0	0	1	NA	NA	NA	NA	NA
JBHJCD010000022.1_31	33286	36087	2802	-1	0.676	11	None	GENOMAD.127376.VC	4.892e-13	76	0	0	0	1246	Caudoviricetes	NA	NA	PF00476;K21238;COG0749	DNA polymerase I - 3'-5' exonuclease and polymerase domains
JBHJCD010000022.1_32	36164	36454	291	1	0.636	11	GGA/GAG/AGG	GENOMAD.010346.CC	6.885e-45	157	0	0	0	1	NA	NA	NA	PF11191;PF08139;COG5633;TIGR00752;K20267	Uncharacterized conserved protein YcfL
JBHJCD010000022.1_33	36810	37853	1044	-1	0.712	11	GGAGG	GENOMAD.179387.PC	1.933e-43	165	0	0	0	1	NA	NA	NA	PF06812;K11902;TIGR03363;COG3515	type VI secretion-associated protein, ImpA family
JBHJCD010000022.1_34	37903	46086	8184	-1	0.679	11	GGAG/GAGG	NA	NA	NA	0	0	0	1	NA	NA	NA	NA	NA
JBHJCD010000022.1_35	46098	47780	1683	-1	0.687	11	GGA/GAG/AGG	NA	NA	NA	0	0	0	1	NA	NA	NA	NA	NA
JBHJCD010000022.1_36	48229	51924	3696	-1	0.708	11	AGGAG	GENOMAD.215794.CP	0.0001059	49	0	0	0	1	NA	NA	NA	PF07714;K08884;COG0478;TIGR03903	RIO-like serine/threonine protein kinase fused to N-terminal HTH domain
JBHJCD010000022.1_37	51929	52645	717	-1	0.688	11	GGAG/GAGG	NA	NA	NA	0	0	0	1	NA	NA	NA	NA	NA
JBHJCD010000022.1_38	52642	53217	576	-1	0.722	11	None	GENOMAD.192401.PC	4.203e-35	134	0	0	0	1	NA	NA	NA	PF09867;COG3913;K11890;TIGR03373	TagF N-terminal domain, Type VI secretion system-associated
JBHJCD010000022.1_39	53214	56744	3531	-1	0.701	11	None	GENOMAD.161502.PC	1.408e-115	406	0	0	0	1	NA	NA	NA	PF14331;PF06761;PF06744;PF19993;TIGR03348;K11891;COG3523	type VI secretion protein IcmF
JBHJCD010000022.1_40	56741	57997	1257	-1	0.704	11	GGAG/GAGG	GENOMAD.167543.PC	2.708e-34	140	0	0	0	1	NA	NA	NA	PF09850;TIGR03349;COG3455	type IV / VI secretion system protein, DotU family
JBHJCD010000022.1_41	58000	59334	1335	-1	0.674	11	None	GENOMAD.166652.PC	2.37e-42	165	0	0	0	1	NA	NA	NA	PF05936;TIGR03353;COG3522;K11893	type VI secretion protein, VC_A0114 family
JBHJCD010000022.1_42	59837	60727	891	-1	0.633	11	AGGA	NA	NA	NA	0	0	0	1	NA	NA	NA	NA	NA
JBHJCD010000022.1_43	60956	61858	903	1	0.660	11	GGA/GAG/AGG	NA	NA	NA	0	0	0	1	NA	NA	NA	NA	NA
JBHJCD010000022.1_44	61917	63248	1332	-1	0.681	11	AGGAG	GENOMAD.170233.CP	1.074e-41	163	0	0	0	1	NA	NA	NA	PF20232;PF00498;K07169;TIGR03354;COG3456	type VI secretion system FHA domain protein
JBHJCD010000022.1_45	63568	64116	549	-1	0.729	11	None	GENOMAD.218216.PC	2.49e-46	166	0	0	0	1	NA	NA	NA	PF22011	NA
JBHJCD010000022.1_46	64113	66080	1968	-1	0.655	11	GGA/GAG/AGG	NA	NA	NA	0	0	0	1	NA	NA	NA	NA	NA
JBHJCD010000022.1_47	66230	67561	1332	-1	0.688	11	GGAG/GAGG	GENOMAD.146515.CP	4.495e-35	143	0	0	0	1	NA	NA	NA	PF01234;PF20225;COG4976;TIGR02021;K06219	Predicted methyltransferase, contains TPR repeat
JBHJCD010000022.1_48	67797	68042	246	-1	0.724	11	None	NA	NA	NA	0	0	0	1	NA	NA	NA	NA	NA
JBHJCD010000022.1_49	68155	70656	2502	-1	0.695	11	GGxGG	GENOMAD.013203.CC	1.644e-05	51	0	0	0	1	NA	NA	NA	PF09205;PF07714;K08857;COG0478;TIGR03903	RIO-like serine/threonine protein kinase fused to N-terminal HTH domain
JBHJCD010000022.1_50	70653	71192	540	-1	0.693	11	GGA/GAG/AGG	GENOMAD.127449.CP	2.314e-27	111	0	0	0	1	NA	NA	NA	PF07638;TIGR02999;COG1595;K24073	RNA polymerase sigma factor, TIGR02999 family
JBHJCD010000022.1_51	71542	72069	528	1	0.667	11	GGAGG	NA	NA	NA	0	0	0	1	NA	NA	NA	NA	NA
JBHJCD010000022.1_52	72060	73136	1077	1	0.689	11	GGAG/GAGG	GENOMAD.141393.CP	2.077e-17	87	0	0	0	1	NA	NA	NA	PF04773;PF16220;COG3712;K07165	periplasmic ferric-dicitrate binding protein FecR, regulates iron transport through sigma-19
JBHJCD010000022.1_53	73598	76486	2889	1	0.672	11	GGA/GAG/AGG	GENOMAD.152082.CP	2.486e-64	243	0	0	0	1	NA	NA	NA	PF00593;PF07715;PF00691;TIGR01782;COG4773;K16089	TonB-dependent receptor
JBHJCD010000022.1_54	76590	77891	1302	1	0.695	11	GGA/GAG/AGG	GENOMAD.176778.PC	6.499e-56	205	0	0	0	1	NA	NA	NA	PF00328;K01093	Histidine phosphatase superfamily (branch 2)
JBHJCD010000022.1_55	77964	79268	1305	1	0.676	11	GGAG/GAGG	NA	NA	NA	0	0	0	1	NA	NA	NA	NA	NA
JBHJCD010000022.1_56	79886	80593	708	-1	0.667	11	GGA/GAG/AGG	NA	NA	NA	0	0	0	1	NA	NA	NA	NA	NA
JBHJCD010000022.1_57	80681	81340	660	-1	0.612	11	AGGA	GENOMAD.206010.CP	7.215e-15	76	0	0	0	1	NA	NA	NA	PF02517	Type II CAAX prenyl endopeptidase Rce1-like
JBHJCD010000022.1_58	81392	81781	390	-1	0.654	11	GGAGG	NA	NA	NA	0	0	0	1	NA	NA	NA	NA	NA
JBHJCD010000022.1_59	82312	82854	543	-1	0.674	11	GGA/GAG/AGG	NA	NA	NA	0	0	0	1	NA	NA	NA	NA	NA
JBHJCD010000022.1_60	84309	84803	495	-1	0.525	11	AGGAG	NA	NA	NA	0	0	0	1	NA	NA	NA	NA	NA
JBHJCD010000023.1_1	378	1193	816	1	0.620	11	GGA/GAG/AGG	NA	NA	NA	0	0	0	1	NA	NA	NA	NA	NA
JBHJCD010000023.1_2	1744	2316	573	1	0.639	11	GGAG/GAGG	GENOMAD.032274.CC	3.696e-80	264	0	0	0	1	NA	NA	NA	PF14315	NA
JBHJCD010000023.1_3	2368	2862	495	1	0.669	11	None	GENOMAD.032274.CC	2.822e-87	283	0	0	0	1	NA	NA	NA	PF14315	NA
JBHJCD010000023.1_4	2925	4532	1608	1	0.635	11	None	NA	NA	NA	0	0	0	1	NA	NA	NA	NA	NA
JBHJCD010000023.1_5	4708	5841	1134	-1	0.645	11	GGAGG	GENOMAD.181208.CP	9.802e-43	164	0	0	0	1	NA	NA	NA	K20962;COG3604;TIGR01817	Transcriptional regulator containing GAF, AAA-type ATPase, and DNA-binding Fis domains
JBHJCD010000023.1_6	6270	6899	630	-1	0.652	11	None	NA	NA	NA	0	0	0	1	NA	NA	NA	NA	NA
JBHJCD010000023.1_7	7105	9081	1977	1	0.634	11	GGA/GAG/AGG	NA	NA	NA	0	0	0	1	NA	NA	NA	NA	NA
JBHJCD010000023.1_8	9352	9888	537	1	0.669	11	GGAG/GAGG	NA	NA	NA	0	0	0	1	NA	NA	NA	NA	NA
JBHJCD010000023.1_9	9970	10347	378	-1	0.688	11	GGA/GAG/AGG	NA	NA	NA	0	0	0	1	NA	NA	NA	NA	NA
JBHJCD010000023.1_10	10476	10976	501	1	0.707	11	None	GENOMAD.190009.CP	1.929e-50	177	0	0	0	1	NA	NA	NA	PF14094	NA
JBHJCD010000023.1_11	11256	11924	669	-1	0.697	11	GGAG/GAGG	NA	NA	NA	0	0	0	1	NA	NA	NA	NA	NA
JBHJCD010000023.1_12	12265	13215	951	1	0.673	11	GGxGG	NA	NA	NA	0	0	0	1	NA	NA	NA	NA	NA
JBHJCD010000023.1_13	13212	13943	732	1	0.701	11	GGAGG	NA	NA	NA	0	0	0	1	NA	NA	NA	NA	NA
JBHJCD010000023.1_14	14351	15871	1521	-1	0.648	11	AGGA	GENOMAD.098617.VV	3.422e-05	49	0	0	0	1246	Caudoviricetes	NA	NA	NA	NA
JBHJCD010000023.1_15	15977	17530	1554	-1	0.621	11	None	NA	NA	NA	0	0	0	1	NA	NA	NA	NA	NA
JBHJCD010000023.1_16	17879	19012	1134	-1	0.637	11	GGAGG	GENOMAD.125907.CP	1.475e-19	94	0	0	0	1	NA	NA	NA	PF14905;PF07715;TIGR01783;COG4771;K19611	TonB-dependent siderophore receptor
JBHJCD010000023.1_17	19329	22367	3039	-1	0.646	11	GGAGG	GENOMAD.125907.CP	1.534e-17	91	0	0	0	1	NA	NA	NA	PF14905;PF07715;TIGR01783;COG4771;K19611	TonB-dependent siderophore receptor
JBHJCD010000023.1_18	22535	23587	1053	-1	0.702	11	AGGA/GGAG/GAGG	GENOMAD.137637.CP	4.501e-06	51	0	0	0	1	NA	NA	NA	PF00532;TIGR01481;COG1609;K02529	catabolite control protein A
JBHJCD010000023.1_19	23999	24970	972	1	0.703	11	GGA/GAG/AGG	NA	NA	NA	0	0	0	1	NA	NA	NA	NA	NA
JBHJCD010000023.1_20	24970	27636	2667	1	0.667	11	None	GENOMAD.112786.CP	2.414e-205	662	0	0	0	1	NA	NA	NA	PF19277;PF01553;K00631;TIGR03703;COG2937	glycerol-3-phosphate O-acyltransferase
JBHJCD010000023.1_21	27976	28956	981	1	0.682	11	AGGAG	NA	NA	NA	0	0	0	1	NA	NA	NA	NA	NA
JBHJCD010000023.1_22	29586	29804	219	-1	0.630	11	None	GENOMAD.007320.CC	4.225e-09	53	0	0	0	1	NA	NA	NA	PF04325;COG5481	Uncharacterized conserved protein YdcH, DUF465 family
JBHJCD010000023.1_23	29942	30514	573	1	0.646	11	AGGAG	NA	NA	NA	0	0	0	1	NA	NA	NA	NA	NA
JBHJCD010000023.1_24	30678	30977	300	1	0.617	11	GGAG/GAGG	NA	NA	NA	0	0	0	1	NA	NA	NA	NA	NA
JBHJCD010000023.1_25	31191	31544	354	1	0.562	11	GGA/GAG/AGG	GENOMAD.053075.CC	1.358e-15	74	0	0	0	1	NA	NA	NA	PF06877;COG3076;K09893	Regulator of RNase E activity RraB
JBHJCD010000023.1_26	31603	32136	534	-1	0.646	11	GGA/GAG/AGG	NA	NA	NA	0	0	0	1	NA	NA	NA	NA	NA
JBHJCD010000023.1_27	32475	33509	1035	-1	0.643	11	GGA/GAG/AGG	GENOMAD.151274.CP	2.48e-30	126	0	0	0	1246	Caudoviricetes	NA	NA	K15921;COG3940	Beta-xylosidase, GH43 family
JBHJCD010000023.1_28	33542	35029	1488	-1	0.613	11	None	NA	NA	NA	0	0	0	1	NA	NA	NA	NA	NA
JBHJCD010000023.1_29	35128	38061	2934	-1	0.642	11	GGA/GAG/AGG	GENOMAD.152082.CP	7.969e-56	216	0	0	0	1	NA	NA	NA	PF00593;PF07715;PF00691;TIGR01782;COG4773;K16089	TonB-dependent receptor
JBHJCD010000023.1_30	38522	39835	1314	1	0.654	11	GGA/GAG/AGG	GENOMAD.133797.CP	3.781e-11	68	0	0	0	1	NA	NA	NF012174	PF00083;TIGR00892;K08194;COG2223	monocarboxylate transporter 1
JBHJCD010000023.1_31	39845	40837	993	1	0.638	11	GGAG/GAGG	NA	NA	NA	0	0	0	1	NA	NA	NA	NA	NA
JBHJCD010000023.1_32	41315	42292	978	1	0.625	11	GGAG/GAGG	NA	NA	NA	0	0	0	1	NA	NA	NA	NA	NA
JBHJCD010000023.1_33	42333	43751	1419	1	0.656	11	None	GENOMAD.160785.CP	3.765e-114	377	0	0	0	1	NA	NA	NA	NA	NA
JBHJCD010000023.1_34	43836	46607	2772	1	0.658	11	AGGA/GGAG/GAGG	GENOMAD.146053.CP	1.589e-11	71	0	0	0	1	NA	NA	NA	PF18368;PF02836;PF02837;PF17786;K15855;COG3250	Beta-galactosidase/beta-glucuronidase
JBHJCD010000023.1_35	46655	47839	1185	1	0.623	11	GGA/GAG/AGG	NA	NA	NA	0	0	0	1	NA	NA	NA	NA	NA
JBHJCD010000023.1_36	48051	49088	1038	1	0.651	11	AGGA	NA	NA	NA	0	0	0	1	NA	NA	NA	NA	NA
JBHJCD010000023.1_37	49598	50044	447	1	0.682	11	None	GENOMAD.167547.CP	2.609e-11	63	0	0	0	1	NA	NA	NA	COG4731	Uncharacterized conserved protein, DUF2147 family
JBHJCD010000023.1_38	50127	51044	918	1	0.651	11	GGA/GAG/AGG	NA	NA	NA	0	0	0	1	NA	NA	NA	NA	NA
JBHJCD010000023.1_39	51044	52690	1647	1	0.689	11	None	NA	NA	NA	0	0	0	1	NA	NA	NA	NA	NA
JBHJCD010000023.1_40	52677	53357	681	1	0.696	11	GGAGG	NA	NA	NA	0	0	0	1	NA	NA	NA	NA	NA
JBHJCD010000023.1_41	53354	54817	1464	1	0.676	11	None	GENOMAD.117114.CP	4.68e-07	55	0	0	0	1	NA	NA	NA	PF00202;TIGR00713;K21585;COG0001	glutamate-1-semialdehyde-2,1-aminomutase
JBHJCD010000023.1_42	54822	55463	642	1	0.720	11	None	GENOMAD.028140.CC	6.297e-94	305	0	0	0	1	NA	NA	NA	PF00596;COG0235;TIGR00760;K01628	Ribulose-5-phosphate 4-epimerase/Fuculose-1-phosphate aldolase
JBHJCD010000023.1_43	55473	56681	1209	1	0.716	11	GGAG/GAGG	GENOMAD.207198.PC	3.646e-47	178	0	0	0	1	NA	NA	NA	PF05977;TIGR00902;COG2223;K18567	phenyl proprionate permease family protein
JBHJCD010000023.1_44	56784	58220	1437	1	0.705	11	GGA/GAG/AGG	NA	NA	NA	0	0	0	1	NA	NA	NA	NA	NA
JBHJCD010000023.1_45	58432	59178	747	1	0.671	11	AGGA/GGAG/GAGG	GENOMAD.133737.CP	4.227e-06	50	0	0	0	1	NA	NA	NA	PF13022;TIGR03384;COG3226;K16138	transcriptional repressor BetI
JBHJCD010000023.1_46	59311	60333	1023	-1	0.695	11	AGGA	NA	NA	NA	0	0	0	1	NA	NA	NA	NA	NA
JBHJCD010000023.1_47	60629	61546	918	1	0.631	11	AGGAG	GENOMAD.171283.VV	2.242e-22	101	0	0	0	1246	Caudoviricetes	NA	NA	NA	NA
JBHJCD010000023.1_48	62033	62452	420	1	0.579	11	AGGA	GENOMAD.213831.PC	7.534e-40	145	0	0	0	1	NA	NA	NA	NA	NA
JBHJCD010000023.1_49	62561	62950	390	1	0.621	11	GGAGG	GENOMAD.167957.PC	4.127e-66	220	0	0	0	1	NA	NA	NF000005	PF19581;COG3324;TIGR03645;K08234	Predicted enzyme related to lactoylglutathione lyase
JBHJCD010000023.1_50	63032	64504	1473	-1	0.666	11	GGA/GAG/AGG	NA	NA	NA	0	0	0	1	NA	NA	NA	NA	NA
JBHJCD010000023.1_51	64653	67361	2709	-1	0.678	11	AGGA	NA	NA	NA	0	0	0	1	NA	NA	NA	NA	NA
JBHJCD010000023.1_52	67364	69058	1695	-1	0.657	11	GGA/GAG/AGG	GENOMAD.137986.CP	0.000163	47	0	0	0	1	NA	NA	NA	PF03664;PF04616;COG3507;K15921	Beta-xylosidase
JBHJCD010000023.1_53	69058	70317	1260	-1	0.656	11	GGA/GAG/AGG	NA	NA	NA	0	0	0	1	NA	NA	NA	NA	NA
JBHJCD010000023.1_54	70329	72293	1965	-1	0.682	11	GGA/GAG/AGG	GENOMAD.145791.CP	3.282e-101	347	0	0	0	1	NA	NA	NA	PF13364;K05970	Beta-galactosidase jelly roll domain
JBHJCD010000023.1_55	72290	74485	2196	-1	0.649	11	GGA/GAG/AGG	GENOMAD.181541.CP	5.415e-19	95	0	0	0	1	NA	NA	NA	PF03648;K01235;COG3661	Alpha-glucuronidase
JBHJCD010000023.1_56	74662	75735	1074	1	0.664	11	GGAG/GAGG	NA	NA	NA	0	0	0	1	NA	NA	NA	NA	NA
JBHJCD010000024.1_1	3	149	147	1	0.660	11	None	NA	NA	NA	0	0	0	1	NA	NA	NA	NA	NA
JBHJCD010000024.1_2	193	999	807	1	0.698	11	GGA/GAG/AGG	GENOMAD.116415.CP	4.63e-39	149	0	0	0	1	NA	NA	NA	PF00290;K01695;TIGR00262;COG0159	tryptophan synthase, alpha subunit
JBHJCD010000024.1_3	1269	2174	906	1	0.659	11	GGA/GAG/AGG	GENOMAD.121654.CP	6.224e-63	220	0	0	0	1246	Caudoviricetes	NA	NA	PF01343;K01258;COG1024;TIGR03210	Peptidase family S49
JBHJCD010000024.1_4	2171	3520	1350	1	0.671	11	None	NA	NA	NA	0	0	0	1	NA	NA	NA	NA	NA
JBHJCD010000024.1_5	3625	4581	957	1	0.634	11	GGA/GAG/AGG	NA	NA	NA	0	0	0	1	NA	NA	NA	NA	NA
JBHJCD010000024.1_6	4772	5455	684	1	0.677	11	GGxGG	GENOMAD.161375.CP	1.583e-34	134	0	0	0	1	NA	NA	NA	PF00127;TIGR02657;COG3794	amicyanin
JBHJCD010000024.1_7	5452	7818	2367	1	0.657	11	AGxAG	NA	NA	NA	0	0	0	1	NA	NA	NA	NA	NA
JBHJCD010000024.1_8	7815	8687	873	1	0.664	11	AGGAG	GENOMAD.183758.CP	4.416e-91	301	0	0	0	1	NA	NA	NA	PF11231	Exopolysaccharide biosynthesis protein YbjH
JBHJCD010000024.1_9	8687	9115	429	1	0.641	11	AGxAGG/AGGxGG	GENOMAD.166316.CP	9.413e-22	93	0	0	0	1	NA	NA	NA	PF01152;K06886;COG2346	Truncated hemoglobin YjbI
JBHJCD010000024.1_10	9172	10569	1398	-1	0.506	11	4Base/6BMM	NA	NA	NA	0	0	0	1	NA	NA	NA	NA	NA
JBHJCD010000024.1_11	10661	11461	801	-1	0.683	11	AGGA	NA	NA	NA	0	0	0	1	NA	NA	NA	NA	NA
JBHJCD010000024.1_12	11574	12329	756	1	0.663	11	AGGA/GGAG/GAGG	NA	NA	NA	0	0	0	1	NA	NA	NA	NA	NA
JBHJCD010000024.1_13	12363	12836	474	1	0.677	11	GGA/GAG/AGG	GENOMAD.000166.CC	1.826e-08	55	0	0	0	1	NA	NA	NA	PF03840;K03075;COG1314;TIGR00810	Preprotein translocase subunit SecG
JBHJCD010000024.1_14	13028	13429	402	1	0.587	11	None	GENOMAD.000945.CC	1.029e-06	49	0	0	0	1	NA	NA	NA	PF00507;K22158;COG0838	NADH:ubiquinone oxidoreductase subunit 3 (chain A)
JBHJCD010000024.1_15	13420	13974	555	1	0.645	11	GGAG/GAGG	NA	NA	NA	0	0	0	1	NA	NA	NA	NA	NA
JBHJCD010000024.1_16	14011	14763	753	1	0.651	11	AGxAG	NA	NA	NA	0	0	0	1	NA	NA	NA	NA	NA
JBHJCD010000024.1_17	14760	16067	1308	1	0.608	11	GGAG/GAGG	NA	NA	NA	0	0	0	1	NA	NA	NA	NA	NA
JBHJCD010000024.1_18	16064	16591	528	1	0.621	11	GGAG/GAGG	NA	NA	NA	0	0	0	1	NA	NA	NA	NA	NA
JBHJCD010000024.1_19	16595	17929	1335	1	0.631	11	GGAG/GAGG	NA	NA	NA	0	0	0	1	NA	NA	NA	NA	NA
JBHJCD010000024.1_20	17926	20160	2235	1	0.655	11	GGAG/GAGG	GENOMAD.115103.CP	1.037e-25	117	0	0	0	1	NA	NA	NA	PF13484;TIGR02512;COG1141;K12136	 hydrogenase, group A
JBHJCD010000024.1_21	20157	21248	1092	1	0.597	11	GGxGG	GENOMAD.116611.CP	1.108e-63	225	0	0	0	1	NA	NA	NA	PF00146;K05572;COG1005	NADH:ubiquinone oxidoreductase subunit 1 (chain H)
JBHJCD010000024.1_22	21252	21740	489	1	0.599	11	GGA/GAG/AGG	GENOMAD.113231.CP	1.018e-29	117	0	0	0	1	NA	NA	NA	PF12798;TIGR02951;COG1146;K00395	DMSO reductase, iron-sulfur subunit
JBHJCD010000024.1_23	21748	22407	660	1	0.620	11	GGAG/GAGG	GENOMAD.111859.CP	3.327e-15	77	0	0	0	1	NA	NA	NA	K00339;COG0839	NADH:ubiquinone oxidoreductase subunit 6 (chain J)
JBHJCD010000024.1_24	22404	22709	306	1	0.575	11	AGGAG	GENOMAD.116508.CP	1.734e-14	70	0	0	0	1	NA	NA	NA	PF00420;K05576;COG1006;TIGR00941	Multisubunit Na+/H+ antiporter, MnhC subunit
JBHJCD010000024.1_25	22717	24876	2160	1	0.596	11	GGA/GAG/AGG	GENOMAD.120746.CP	1.95e-51	199	0	0	0	1	NA	NA	NA	PF10125;K00341;TIGR01974;COG1009	proton-translocating NADH-quinone oxidoreductase, chain L
JBHJCD010000024.1_26	24897	26399	1503	1	0.616	11	GGA/GAG/AGG	GENOMAD.109407.CP	1.204e-11	70	0	0	0	1	NA	NA	NA	COG0651	Formate hydrogenlyase subunit 3/Multisubunit Na+/H+ antiporter, MnhD subunit
JBHJCD010000024.1_27	26436	27896	1461	1	0.628	11	AGGA	GENOMAD.109595.CP	1.369e-102	344	0	0	0	1	NA	NA	NA	PF00361;PF19530;K00343;COG1007;TIGR01770	NADH:ubiquinone oxidoreductase subunit 2 (chain N)
JBHJCD010000024.1_28	28371	28961	591	1	0.618	11	GGA/GAG/AGG	GENOMAD.000102.CC	3.656e-39	146	1	0	0	1246	Caudoviricetes	NA	NA	PF02576;PF17384;K09748;COG0779	Ribosome maturation factor RimP
JBHJCD010000024.1_29	28966	30477	1512	1	0.642	11	GGAG/GAGG	GENOMAD.116332.CV	1.218e-11	70	0	0	0	1	NA	NA	NA	PF03118;TIGR01954	transcription termination factor NusA, C-terminal duplication
JBHJCD010000024.1_30	30573	33287	2715	1	0.650	11	AGGA	GENOMAD.000022.CC	1.977e-99	350	1	0	0	1246	Caudoviricetes	NA	NA	PF11987;PF14578;COG0532	Translation initiation factor IF-2, a GTPase
JBHJCD010000024.1_31	33432	33824	393	1	0.651	11	GGA/GAG/AGG	GENOMAD.097225.CV	1.969e-25	103	0	0	0	1246	Caudoviricetes	NA	NA	PF02033;TIGR00082;COG0858;K15986	ribosome-binding factor A
JBHJCD010000024.1_32	33904	34830	927	1	0.660	11	GGA/GAG/AGG	GENOMAD.036810.CC	2.715e-10	64	0	0	0	1	NA	NA	NA	PF16198	tRNA pseudouridylate synthase B C-terminal domain
JBHJCD010000024.1_33	34987	35247	261	1	0.582	11	GGA/GAG/AGG	GENOMAD.056361.CP	1.233e-26	104	1	0	0	1	NA	NA	NA	PF00312;TIGR00952;COG0184	ribosomal protein S15, bacterial/organelle
JBHJCD010000024.1_34	35416	37530	2115	1	0.629	11	GGA/GAG/AGG	GENOMAD.056657.CV	1.227e-206	657	0	0	0	1246	Caudoviricetes	NA	NA	PF01138;PF03726;PF03725;K00962;TIGR02696;COG1185	guanosine pentaphosphate synthetase I/polynucleotide phosphorylase
JBHJCD010000024.1_35	37942	38994	1053	-1	0.660	11	AGGA	NA	NA	NA	0	0	0	1	NA	NA	NA	NA	NA
JBHJCD010000024.1_36	39057	39944	888	-1	0.677	11	None	NA	NA	NA	0	0	0	1	NA	NA	NA	NA	NA
JBHJCD010000024.1_37	39941	40210	270	-1	0.659	11	None	GENOMAD.001157.CC	6.008e-43	151	0	0	0	1	NA	NA	NA	COG2835	Uncharacterized conserved protein YbaR, Trm112 family
JBHJCD010000024.1_38	40269	40772	504	1	0.688	11	GGA/GAG/AGG	NA	NA	NA	0	0	0	1	NA	NA	NA	NA	NA
JBHJCD010000024.1_39	40769	41914	1146	1	0.671	11	None	NA	NA	NA	0	0	0	1	NA	NA	NA	NA	NA
JBHJCD010000024.1_40	42055	42633	579	-1	0.637	11	None	NA	NA	NA	0	0	0	1	NA	NA	NA	NA	NA
JBHJCD010000024.1_41	42754	43074	321	1	0.620	11	AGGAG	GENOMAD.115269.CP	7.689e-25	100	0	0	0	1	NA	NA	NA	PF01722;PF04908;COG5007;TIGR00365;K05527	Acid stress-induced BolA-like protein IbaG/YrbA, predicted regulator of iron metabolism
JBHJCD010000024.1_42	43071	43814	744	1	0.700	11	GGAG/GAGG	NA	NA	NA	0	0	0	1	NA	NA	NA	NA	NA
JBHJCD010000024.1_43	43811	44410	600	1	0.648	11	GGAG/GAGG	GENOMAD.124379.CP	0.0008752	42	0	0	0	1	NA	NA	NA	COG2095	Small neutral amino acid transporter SnatA, MarC family
JBHJCD010000024.1_44	45039	48263	3225	1	0.573	11	GGAG/GAGG	GENOMAD.127260.CP	1.807e-14	81	0	0	0	1	NA	NA	NA	PF14905;COG4774;K21573	Outer membrane receptor for monomeric catechols
JBHJCD010000024.1_45	48370	49755	1386	1	0.644	11	AGGAG	GENOMAD.007125.CC	3.211e-38	153	0	0	0	1	NA	NA	NA	PF14793;K06966	Pyrimidine/purine nucleotide 5'-monophosphate nucleosidases
JBHJCD010000024.1_46	49880	50398	519	1	0.582	11	GGAG/GAGG	GENOMAD.182432.CP	0.0005786	42	0	0	0	1	NA	NA	NA	PF07379;TIGR01708;K08084;COG4970	type II secretion system protein H
JBHJCD010000024.1_47	50395	50874	480	1	0.523	11	GGAG/GAGG	GENOMAD.136455.CP	5.031e-18	83	0	0	0	1	NA	NA	NA	PF07379;K02671;TIGR02523;COG4967	type IV pilus modification protein PilV
JBHJCD010000024.1_48	50880	52037	1158	1	0.585	11	AGGA/GGAG/GAGG	GENOMAD.141000.CP	9.511e-192	597	0	0	0	1	NA	NA	NA	PF16074;PF07379;K02672;COG4966;TIGR01711	Tfp pilus assembly protein PilW
JBHJCD010000024.1_49	52046	52567	522	1	0.511	11	None	GENOMAD.004263.CC	1.018e-34	132	0	0	0	1	NA	NA	NA	PF14341;K02673;COG4726	Tfp pilus assembly protein PilX
JBHJCD010000024.1_50	52578	56324	3747	1	0.555	11	None	GENOMAD.146580.CP	0.0	1997	0	0	0	1	NA	NA	NA	PF05567;K02674	Neisseria PilC beta-propeller domain
JBHJCD010000024.1_51	56321	56764	444	1	0.552	11	GGAGG	GENOMAD.153455.CP	3.273e-18	83	0	0	0	1	NA	NA	NA	PF16732;COG4968	Type IV minor pilin ComP, DNA uptake sequence receptor
JBHJCD010000024.1_52	56948	57490	543	-1	0.619	11	AGGAG	NA	NA	NA	0	0	0	1	NA	NA	NA	NA	NA
JBHJCD010000024.1_53	57631	59652	2022	1	0.610	11	GGA/GAG/AGG	NA	NA	NA	0	0	0	1	NA	NA	NA	NA	NA
JBHJCD010000024.1_54	60401	60643	243	1	0.617	11	AGGA	NA	NA	NA	0	0	0	1	NA	NA	NA	NA	NA
JBHJCD010000024.1_55	60680	62353	1674	1	0.597	11	AGGAG	NA	NA	NA	0	0	0	1	NA	NA	NA	NA	NA
JBHJCD010000024.1_56	62686	63096	411	1	0.586	11	GGA/GAG/AGG	NA	NA	NA	0	0	0	1	NA	NA	NA	NA	NA
JBHJCD010000024.1_57	63222	64238	1017	1	0.534	11	GGA/GAG/AGG	GENOMAD.100222.PC	1.423e-90	302	0	1	0	1	NA	T_virB8	NA	PF04335;COG3736;K12081;TIGR03781	Type IV secretory pathway, component VirB8
JBHJCD010000024.1_58	64235	65002	768	1	0.443	11	AGGAG	GENOMAD.113335.PC	1.82e-128	407	0	1	0	1	NA	T_virB9	NA	K03204;COG3504	Type IV secretory pathway, VirB9 components
JBHJCD010000024.1_59	64999	66183	1185	1	0.532	11	AGGA	GENOMAD.106752.PC	1.304e-25	113	0	0	0	1	NA	NA	NA	NA	NA
JBHJCD010000024.1_60	66189	67229	1041	1	0.498	11	GGA/GAG/AGG	NA	NA	NA	0	0	0	1	NA	NA	NA	NA	NA
JBHJCD010000024.1_61	67275	68102	828	1	0.518	11	GGAGG	NA	NA	NA	0	0	0	1	NA	NA	NA	NA	NA
JBHJCD010000024.1_62	68163	68570	408	1	0.453	11	AGGAG	GENOMAD.020425.PP	6.435e-48	168	0	1	0	1	NA	T_virB2	NA	PF04956;K03197;COG3838	TrbC/VIRB2 pilin
JBHJCD010000024.1_63	68605	68874	270	1	0.485	11	None	GENOMAD.048140.PP	1.091e-44	156	0	1	0	1	NA	T_virB3	NA	PF05101;K03198;COG3702	Type IV secretory pathway, VirB3 components
JBHJCD010000024.1_64	68972	71425	2454	1	0.470	11	None	GENOMAD.108687.PC	2.421e-108	374	0	1	0	1	NA	virb4	NA	PF19044;PF03135;PF05101;K03199;TIGR00929;COG3451	type IV secretion/conjugal transfer ATPase, VirB4 family
JBHJCD010000024.1_65	71933	72043	111	1	0.595	11	GGA/GAG/AGG	NA	NA	NA	0	0	0	1	NA	NA	NA	NA	NA
JBHJCD010000024.1_66	72050	72271	222	1	0.599	11	GGA/GAG/AGG	NA	NA	NA	0	0	0	1	NA	NA	NA	NA	NA
JBHJCD010000025.1_1	3	1481	1479	-1	0.680	11	GGAGG	NA	NA	NA	0	0	0	1	NA	NA	NA	NA	NA
JBHJCD010000025.1_2	1705	2532	828	-1	0.664	11	None	NA	NA	NA	0	0	0	1	NA	NA	NA	NA	NA
JBHJCD010000025.1_3	2875	3858	984	-1	0.673	11	GGAG/GAGG	NA	NA	NA	0	0	0	1	NA	NA	NA	NA	NA
JBHJCD010000025.1_4	3959	5035	1077	-1	0.649	11	AGGAG	GENOMAD.178979.PC	5.781e-59	211	0	0	0	1	NA	NA	NA	PF19112	Vanillate O-demethylase oxygenase C-terminal domain
JBHJCD010000025.1_5	5287	6150	864	1	0.646	11	GGA/GAG/AGG	GENOMAD.159319.CP	1.204e-157	493	0	0	0	1	NA	NA	NA	PF01144;K01039;COG4670;TIGR02429	Acyl CoA:acetate/3-ketoacid CoA transferase
JBHJCD010000025.1_6	6147	6935	789	1	0.686	11	AGxAGG/AGGxGG	GENOMAD.160445.CP	5.367e-56	198	0	0	0	1	NA	NA	NA	PF13336;K01040;COG2057;TIGR02428	Acyl CoA:acetate/3-ketoacid CoA transferase, beta subunit
JBHJCD010000025.1_7	6932	8140	1209	1	0.693	11	GGAG/GAGG	NA	NA	NA	0	0	0	1	NA	NA	NA	NA	NA
JBHJCD010000025.1_8	8219	8953	735	1	0.663	11	GGAG/GAGG	GENOMAD.170300.PC	9.215e-07	52	0	0	0	1	NA	NA	NA	PF00775;K00448;TIGR02423;COG3485	protocatechuate 3,4-dioxygenase, alpha subunit
JBHJCD010000025.1_9	8958	9521	564	1	0.676	11	GGAG/GAGG	GENOMAD.170300.PC	1.154e-39	147	0	0	0	1	NA	NA	NA	PF00775;K00448;TIGR02423;COG3485	protocatechuate 3,4-dioxygenase, alpha subunit
JBHJCD010000025.1_10	9879	11231	1353	1	0.707	11	GGA/GAG/AGG	NA	NA	NA	0	0	0	1	NA	NA	NA	NA	NA
JBHJCD010000025.1_11	11242	12024	783	1	0.685	11	None	NA	NA	NA	0	0	0	1	NA	NA	NA	NA	NA
JBHJCD010000025.1_12	12051	12464	414	1	0.659	11	AGGA	NA	NA	NA	0	0	0	1	NA	NA	NA	NA	NA
JBHJCD010000025.1_13	12645	13571	927	1	0.703	11	GGAG/GAGG	GENOMAD.178547.CP	1.709e-181	563	0	0	0	1	NA	NA	NA	PF02273;TIGR01607;COG1647;K01054	Plasmodium subtelomeric family (PST-A)
JBHJCD010000025.1_14	13932	14792	861	-1	0.698	11	None	GENOMAD.123845.CP	2.75e-14	76	0	0	0	1	NA	NA	NA	PF01614;PF20024;K10973;COG1414;TIGR02431	DNA-binding transcriptional regulator, IclR family
JBHJCD010000025.1_15	14941	15801	861	1	0.646	11	None	GENOMAD.082010.CP	4.012e-38	147	1	0	0	1	NA	NA	NA	PF01163;COG1718;TIGR02172;K08799	RIO1 family
JBHJCD010000025.1_16	16056	17024	969	1	0.684	11	GGAG/GAGG	NA	NA	NA	0	0	0	1	NA	NA	NA	NA	NA
JBHJCD010000025.1_17	17323	18033	711	-1	0.589	11	None	GENOMAD.178382.CP	4.766e-34	133	0	0	0	1	NA	NA	NA	PF10677	Oligogalacturonate-specific porin protein (KdgM)
JBHJCD010000025.1_18	18242	20146	1905	-1	0.677	11	None	GENOMAD.074473.CV	8.319e-226	709	0	0	0	1246	Caudoviricetes	NA	NA	PF13932;PF01134;K03495;TIGR00136;COG0445	glucose-inhibited division protein A
JBHJCD010000025.1_19	20717	21199	483	-1	0.673	11	AGGAG	NA	NA	NA	0	0	0	1	NA	NA	NA	NA	NA
JBHJCD010000025.1_20	21357	22316	960	1	0.702	11	None	NA	NA	NA	0	0	0	1	NA	NA	NA	NA	NA
JBHJCD010000025.1_21	22367	22918	552	1	0.672	11	GGxGG	GENOMAD.219645.CP	1.606e-07	53	0	0	0	1	NA	NA	NA	PF02698;COG2949;K03748	Uncharacterized periplasmic protein SanA, affects membrane permeability for vancomycin
JBHJCD010000025.1_22	22962	23381	420	1	0.626	11	GGA/GAG/AGG	GENOMAD.160272.CP	4.747e-53	183	0	0	0	1	NA	NA	NA	PF20409;TIGR02096;COG5485;K06893	conserved hypothetical protein, steroid delta-isomerase-related
JBHJCD010000025.1_23	23483	24481	999	-1	0.638	11	None	NA	NA	NA	0	0	0	1	NA	NA	NA	NA	NA
JBHJCD010000025.1_24	24638	25522	885	-1	0.697	11	None	GENOMAD.114626.CP	2.719e-35	139	0	0	0	1	NA	NA	NA	PF03492;K18162;TIGR02072;COG4627	malonyl-acyl carrier protein O-methyltransferase BioC
JBHJCD010000025.1_25	25586	26368	783	-1	0.697	11	GGAG/GAGG	NA	NA	NA	0	0	0	1	NA	NA	NA	NA	NA
JBHJCD010000025.1_26	26414	27175	762	-1	0.686	11	None	NA	NA	NA	0	0	0	1	NA	NA	NA	NA	NA
JBHJCD010000025.1_27	27276	27650	375	-1	0.685	11	None	NA	NA	NA	0	0	0	1	NA	NA	NA	NA	NA
JBHJCD010000025.1_28	27842	29047	1206	-1	0.676	11	None	NA	NA	NA	0	0	0	1	NA	NA	NA	NA	NA
JBHJCD010000025.1_29	29139	30173	1035	-1	0.672	11	AGGA	NA	NA	NA	0	0	0	1	NA	NA	NA	NA	NA
JBHJCD010000025.1_30	30223	30948	726	1	0.694	11	None	GENOMAD.049531.CC	5.355e-12	68	0	0	0	1	NA	NA	NA	PF15610;TIGR00201;COG1040;K02242	comF family protein
JBHJCD010000025.1_31	31350	32255	906	-1	0.681	11	None	GENOMAD.111079.CP	8.171e-32	129	0	0	0	1	NA	NA	NA	PF01040;K06125;COG0382;TIGR01474	4-hydroxybenzoate polyprenyltransferase
JBHJCD010000025.1_32	33209	34852	1644	-1	0.636	11	None	NA	NA	NA	0	0	0	1	NA	NA	NA	NA	NA
JBHJCD010000025.1_33	35708	38104	2397	-1	0.601	11	GGAG/GAGG	GENOMAD.058049.PP	2.408e-167	547	0	0	0	1	NA	NA	NA	PF05819;K18376	NolX protein
JBHJCD010000025.1_34	38977	39432	456	1	0.634	11	GGAG/GAGG	NA	NA	NA	0	0	0	1	NA	NA	NA	NA	NA
JBHJCD010000025.1_35	39645	41447	1803	1	0.653	11	GGAG/GAGG	NA	NA	NA	0	0	0	1	NA	NA	NA	NA	NA
JBHJCD010000025.1_36	42067	42501	435	-1	0.584	11	None	GENOMAD.088856.PP	2.263e-63	213	0	0	0	1	NA	NA	NA	PF07824;K18380;TIGR02513	Type III secretion chaperone domain
JBHJCD010000025.1_37	42592	42873	282	-1	0.532	11	AGGAG	NA	NA	NA	0	0	0	1	NA	NA	NA	NA	NA
JBHJCD010000025.1_38	42954	43196	243	-1	0.601	11	GGA/GAG/AGG	NA	NA	NA	0	0	0	1	NA	NA	NA	NA	NA
JBHJCD010000025.1_39	43208	44146	939	-1	0.635	11	AGGAG	NA	NA	NA	0	0	0	1	NA	NA	NA	NA	NA
JBHJCD010000025.1_40	44143	44970	828	-1	0.652	11	GGA/GAG/AGG	NA	NA	NA	0	0	0	1	NA	NA	NA	NA	NA
JBHJCD010000025.1_41	44967	45227	261	-1	0.640	11	None	NA	NA	NA	0	0	0	1	NA	NA	NA	NA	NA
JBHJCD010000025.1_42	45232	45876	645	-1	0.597	11	GGAG/GAGG	NA	NA	NA	0	0	0	1	NA	NA	NA	NA	NA
JBHJCD010000025.1_43	45863	46867	1005	-1	0.659	11	GGAGG	GENOMAD.197924.PC	2.327e-182	567	0	0	0	1	NA	NA	NA	PF06622;K03225;TIGR02480	SepQ protein
JBHJCD010000025.1_44	46909	47547	639	-1	0.657	11	GGxGG	NA	NA	NA	0	0	0	1	NA	NA	NA	NA	NA
JBHJCD010000025.1_45	47547	49484	1938	-1	0.622	11	GGAG/GAGG	NA	NA	NA	0	0	0	1	NA	NA	NA	NA	NA
JBHJCD010000025.1_46	49478	50551	1074	-1	0.611	11	AGGAG	NA	NA	NA	0	0	0	1	NA	NA	NA	NA	NA
JBHJCD010000025.1_47	50766	51221	456	1	0.634	11	GGAG/GAGG	GENOMAD.216464.PC	4.912e-50	175	0	0	0	1	NA	NA	NA	PF09613;K18373;TIGR02561	type III secretion protein HrpB1/HrpK
JBHJCD010000025.1_48	51255	51647	393	1	0.618	11	AGGAG	NA	NA	NA	0	0	0	1	NA	NA	NA	NA	NA
JBHJCD010000025.1_49	51649	52410	762	1	0.635	11	None	GENOMAD.167309.PC	7.915e-35	136	0	0	0	1	NA	NA	NA	PF01514;K03222;COG4669;TIGR02544	Type III secretory pathway, lipoprotein EscJ
JBHJCD010000025.1_50	52418	53047	630	1	0.673	11	GGA/GAG/AGG	NA	NA	NA	0	0	0	1	NA	NA	NA	NA	NA
JBHJCD010000025.1_51	53032	53733	702	1	0.699	11	GGAGG	NA	NA	NA	0	0	0	1	NA	NA	NA	NA	NA
JBHJCD010000025.1_52	53723	55051	1329	1	0.668	11	AGGAG	NA	NA	NA	0	0	0	1	NA	NA	NA	NA	NA
JBHJCD010000025.1_53	55044	55553	510	1	0.659	11	None	NA	NA	NA	0	0	0	1	NA	NA	NA	NA	NA
JBHJCD010000025.1_54	55550	56380	831	1	0.615	11	GGxGG	GENOMAD.171038.PC	1.095e-14	77	0	0	0	1	NA	NA	NA	PF01311;COG1684;TIGR01400;K22509	Flagellar biosynthesis protein FliR
JBHJCD010000025.1_55	56462	58285	1824	1	0.642	11	GGAG/GAGG	GENOMAD.181251.PC	1.515e-18	93	0	0	0	1	NA	NA	NA	PF00263;PF03958;K22504;TIGR02516;COG1450	type III secretion outer membrane pore, YscC/HrcC family
JBHJCD010000025.1_56	58512	59474	963	-1	0.628	11	GGAG/GAGG	NA	NA	NA	0	0	0	1	NA	NA	NA	NA	NA
JBHJCD010000025.1_57	59778	62042	2265	1	0.528	11	None	NA	NA	NA	0	0	0	1	NA	NA	NA	NA	NA
JBHJCD010000025.1_58	62182	62448	267	1	0.569	11	GGAG/GAGG	NA	NA	NA	0	0	0	1	NA	NA	NA	NA	NA
JBHJCD010000026.1_1	391	3591	3201	-1	0.650	11	GGA/GAG/AGG	GENOMAD.138336.CP	3.595e-14	80	0	0	0	1	NA	NA	NA	PF00171;COG1012;TIGR02288;K06447	Acyl-CoA reductase or other NAD-dependent aldehyde dehydrogenase
JBHJCD010000026.1_2	3794	4333	540	1	0.630	11	GGA/GAG/AGG	GENOMAD.132183.CP	3.396e-32	125	0	0	0	1	NA	NA	NA	PF10003;COG5488	Integral membrane protein (DUF2244)
JBHJCD010000026.1_3	4350	5309	960	1	0.651	11	GGA/GAG/AGG	NA	NA	NA	0	0	0	1	NA	NA	NA	NA	NA
JBHJCD010000026.1_4	5348	6952	1605	1	0.617	11	GGAG/GAGG	NA	NA	NA	0	0	0	1	NA	NA	NA	NA	NA
JBHJCD010000026.1_5	6933	7106	174	1	0.655	11	GGAG/GAGG	NA	NA	NA	0	0	0	1	NA	NA	NA	NA	NA
JBHJCD010000026.1_6	7103	7699	597	1	0.650	11	GGAG/GAGG	GENOMAD.134250.CP	1.991e-47	170	0	0	0	1	NA	NA	NA	PF04442;COG3175	Cytochrome c oxidase assembly protein Cox11
JBHJCD010000026.1_7	7738	8613	876	1	0.613	11	GGA/GAG/AGG	NA	NA	NA	0	0	0	1	NA	NA	NA	NA	NA
JBHJCD010000026.1_8	8707	8925	219	-1	0.603	11	None	GENOMAD.152014.CP	3.874e-24	96	0	0	0	1	NA	NA	NA	PF11137	NA
JBHJCD010000026.1_9	8986	9708	723	1	0.675	11	None	GENOMAD.158628.CP	1.154e-16	82	0	0	0	1	NA	NA	NA	PF02104;COG3346;K14998	Cytochrome oxidase assembly protein ShyY1
JBHJCD010000026.1_10	9736	10311	576	1	0.689	11	GGA/GAG/AGG	GENOMAD.145419.CP	2.09e-95	308	0	0	0	1	NA	NA	NA	PF08534;COG1999;TIGR00385	Cytochrome oxidase Cu insertion factor, SCO1/SenC/PrrC family
JBHJCD010000026.1_11	10322	11485	1164	1	0.673	11	GGA/GAG/AGG	GENOMAD.123310.CP	4.587e-66	233	0	0	0	1	NA	NA	NA	PF02628;K02259;COG1612	Heme A synthase
JBHJCD010000026.1_12	11488	12384	897	1	0.637	11	GGAG/GAGG	GENOMAD.105978.CP	4.096e-25	109	0	0	0	1	NA	NA	NA	PF01040;K02257;COG0382;TIGR01473	4-hydroxybenzoate polyprenyltransferase
JBHJCD010000026.1_13	12620	14200	1581	-1	0.671	11	None	GENOMAD.142879.CP	7.669e-09	61	0	0	0	1	NA	NA	NA	PF03190;PF10345;COG3118;TIGR02738;K03672	Negative regulator of GroEL, contains thioredoxin-like and TPR-like domains
JBHJCD010000026.1_14	14371	15372	1002	-1	0.647	11	GGA/GAG/AGG	GENOMAD.158122.CP	2.026e-139	443	0	0	0	1	NA	NA	NA	COG0798	Arsenite efflux pump ArsB, ACR3 family
JBHJCD010000026.1_15	15527	17275	1749	-1	0.654	11	GGA/GAG/AGG	GENOMAD.129043.CV	9.666e-17	87	0	0	0	1	NA	NA	NA	PF08278	DNA primase DnaG DnaB-binding
JBHJCD010000026.1_16	17357	18319	963	-1	0.650	11	AGGA/GGAG/GAGG	GENOMAD.132982.CP	2.127e-14	77	0	0	0	1	NA	NA	NA	PF03631;COG1295;K07058;TIGR00766	Uncharacterized membrane protein, BrkB/YihY/UPF0761 family (not an RNase)
JBHJCD010000026.1_17	18885	19331	447	-1	0.649	11	AGGAG	NA	NA	NA	0	0	0	1	NA	NA	NA	NA	NA
JBHJCD010000026.1_18	19595	19810	216	-1	0.616	11	GGAG/GAGG	GENOMAD.137902.VC	1.021e-07	49	0	0	0	1	NA	NA	NA	PF01165;COG0828;TIGR00030	Ribosomal protein S21
JBHJCD010000026.1_19	20089	21150	1062	1	0.701	11	GGA/GAG/AGG	GENOMAD.089091.CV	1.094e-06	53	0	0	0	1246	Caudoviricetes	NA	NA	PF00814;TIGR03725;COG1214;K14742	tRNA threonylcarbamoyl adenosine modification protein YeaZ
JBHJCD010000026.1_20	21235	21591	357	1	0.613	11	None	GENOMAD.124431.CP	1.753e-21	91	0	0	0	1	NA	NA	NA	PF02152;COG1539;TIGR00526;K01633	Dihydroneopterin aldolase
JBHJCD010000026.1_21	21820	23991	2172	1	0.662	11	GGA/GAG/AGG	GENOMAD.121860.CP	1.85e-10	67	0	0	0	1	NA	NA	NA	PF00933;K01207;COG1472	Periplasmic beta-glucosidase and related glycosidases
JBHJCD010000026.1_22	24161	25339	1179	-1	0.650	11	AGGAG	NA	NA	NA	0	0	0	1	NA	NA	NA	NA	NA
JBHJCD010000026.1_23	25522	25956	435	1	0.568	11	AGGAG	GENOMAD.018404.CC	1.205e-53	185	0	0	0	1	NA	NA	NA	PF05360;COG4682	Uncharacterized membrane protein YiaA
JBHJCD010000026.1_24	26011	26343	333	-1	0.595	11	GGAG/GAGG	GENOMAD.215480.PC	9.004e-49	169	0	0	0	1	NA	NA	NA	NA	NA
JBHJCD010000026.1_25	26518	27015	498	-1	0.685	11	GGAG/GAGG	GENOMAD.154126.CP	1.754e-59	203	0	0	0	1	NA	NA	NA	PF11821;COG4803	Alternative complex III, ActD subunit
JBHJCD010000026.1_26	27216	28532	1317	-1	0.658	11	GGAG/GAGG	GENOMAD.153517.CP	0.0004656	45	0	0	0	1	NA	NA	NA	K14052;COG0833	Amino acid permease
JBHJCD010000026.1_27	28529	29305	777	-1	0.667	11	GGAG/GAGG	GENOMAD.169591.CP	2.18e-45	167	0	0	0	1	NA	NA	NA	COG3786	L,D-peptidoglycan transpeptidase YkuD, ErfK/YbiS/YcfS/YnhG family
JBHJCD010000026.1_28	29565	30662	1098	-1	0.646	11	None	NA	NA	NA	0	0	0	1	NA	NA	NA	NA	NA
JBHJCD010000026.1_29	30659	32071	1413	-1	0.653	11	GGA/GAG/AGG	GENOMAD.178675.CP	1.363e-116	384	0	0	0	1	NA	NA	NA	PF12913;PF12671;K20742;TIGR02219	SH3 domain (SH3b1 type); Putative amidase domain
JBHJCD010000026.1_30	32444	33250	807	1	0.669	11	AGGAG	GENOMAD.153557.VC	1.074e-05	49	0	0	0	1246	Caudoviricetes	NA	NA	PF01510;K11066;COG3023	N-acetyl-anhydromuramyl-L-alanine amidase AmpD
JBHJCD010000026.1_31	33342	34088	747	1	0.647	11	GGA/GAG/AGG	NA	NA	NA	0	0	0	1	NA	NA	NA	NA	NA
JBHJCD010000026.1_32	34374	34571	198	1	0.626	11	AGGA	GENOMAD.137965.CP	9.484e-13	63	0	0	0	1	NA	NA	NA	PF14255	Cysteine-rich CPXCG
JBHJCD010000026.1_33	34797	35174	378	1	0.646	11	GGA/GAG/AGG	NA	NA	NA	0	0	0	1	NA	NA	NA	NA	NA
JBHJCD010000026.1_34	35401	35754	354	1	0.661	11	AGGAG	GENOMAD.182880.CP	5.083e-42	150	0	0	0	1	NA	NA	NA	PF00036	EF hand
JBHJCD010000026.1_35	36101	36535	435	1	0.699	11	GGA/GAG/AGG	GENOMAD.147360.CP	3.763e-66	221	0	0	0	1	NA	NA	NA	PF13405;COG5126	EF-hand domain
JBHJCD010000026.1_36	36572	37324	753	1	0.639	11	None	NA	NA	NA	0	0	0	1	NA	NA	NA	NA	NA
JBHJCD010000026.1_37	37462	38034	573	1	0.635	11	GGAGG	NA	NA	NA	0	0	0	1	NA	NA	NA	NA	NA
JBHJCD010000026.1_38	38347	38946	600	1	0.693	11	None	NA	NA	NA	0	0	0	1	NA	NA	NA	NA	NA
JBHJCD010000026.1_39	39110	40477	1368	1	0.664	11	None	GENOMAD.206240.PC	3.558e-106	353	0	0	0	1	NA	NA	NA	PF07063;COG5383	Uncharacterized metalloenzyme YdcJ, glyoxalase superfamily
JBHJCD010000026.1_40	40662	43802	3141	-1	0.657	11	None	NA	NA	NA	0	0	0	1	NA	NA	NA	NA	NA
JBHJCD010000026.1_41	43936	47184	3249	-1	0.666	11	AGGA	NA	NA	NA	0	0	0	1	NA	NA	NA	NA	NA
JBHJCD010000026.1_42	47278	48522	1245	-1	0.659	11	AGGAG	NA	NA	NA	0	0	0	1	NA	NA	NA	NA	NA
JBHJCD010000026.1_43	48782	50089	1308	1	0.678	11	GGAG/GAGG	NA	NA	NA	0	0	0	1	NA	NA	NA	NA	NA
JBHJCD010000026.1_44	50246	51061	816	1	0.641	11	None	NA	NA	NA	0	0	0	1	NA	NA	NA	NA	NA
JBHJCD010000026.1_45	51164	51457	294	1	0.565	11	GGA/GAG/AGG	GENOMAD.142002.VC	0.000184	41	0	0	0	1246	Caudoviricetes	NA	NA	TIGR03505	FimV N-terminal domain
JBHJCD010000026.1_46	51563	52120	558	1	0.667	11	GGAG/GAGG	GENOMAD.058195.CC	1.036e-57	199	0	0	0	1	NA	NA	NA	PF16342;COG3895	NA
JBHJCD010000026.1_47	52478	54709	2232	1	0.628	11	GGA/GAG/AGG	NA	NA	NA	0	0	0	1	NA	NA	NA	NA	NA
JBHJCD010000026.1_48	54781	55041	261	-1	0.640	11	GGAGG	NA	NA	NA	0	0	0	1	NA	NA	NA	NA	NA
JBHJCD010000026.1_49	55143	56087	945	1	0.670	11	GGA/GAG/AGG	NA	NA	NA	0	0	0	1	NA	NA	NA	NA	NA
JBHJCD010000026.1_50	56084	57823	1740	1	0.630	11	GGA/GAG/AGG	GENOMAD.007486.CC	6.334e-117	390	0	0	0	1	NA	NA	NA	PF06315;PF20423;K00906;COG4579	Isocitrate dehydrogenase kinase/phosphatase
JBHJCD010000026.1_51	57884	58696	813	1	0.640	11	GGAG/GAGG	NA	NA	NA	0	0	0	1	NA	NA	NA	NA	NA
JBHJCD010000027.1_1	290	1471	1182	1	0.662	11	GGA/GAG/AGG	GENOMAD.171686.PC	8.639e-58	209	0	0	0	1	NA	NA	NA	COG3135	Predicted benzoate:H+ symporter BenE
JBHJCD010000027.1_2	1546	3450	1905	-1	0.666	11	GGAG/GAGG	NA	NA	NA	0	0	0	1	NA	NA	NA	NA	NA
JBHJCD010000027.1_3	3447	4040	594	-1	0.702	11	GGA/GAG/AGG	GENOMAD.211378.PC	1.869e-15	77	0	0	0	1	NA	NA	NA	PF01126;K07215;COG3230	Heme oxygenase
JBHJCD010000027.1_4	4140	5405	1266	-1	0.684	11	None	GENOMAD.151083.CP	0.0001065	47	0	0	0	1	NA	NA	NF012174	PF06963;K08153;TIGR00897;COG2223	polyol permease family
JBHJCD010000027.1_5	5688	7850	2163	-1	0.706	11	None	GENOMAD.102032.CP	4.722e-45	179	0	0	0	1	NA	NA	NA	PF01263;K01792;COG0676;TIGR02636	D-hexose-6-phosphate mutarotase
JBHJCD010000027.1_6	8026	8232	207	-1	0.700	11	GGA/GAG/AGG	NA	NA	NA	0	0	0	1	NA	NA	NA	NA	NA
JBHJCD010000027.1_7	8417	8803	387	-1	0.718	11	None	NA	NA	NA	0	0	0	1	NA	NA	NA	NA	NA
JBHJCD010000027.1_8	8874	9710	837	1	0.654	11	GGAG/GAGG	NA	NA	NA	0	0	0	1	NA	NA	NA	NA	NA
JBHJCD010000027.1_9	9759	13814	4056	-1	0.664	11	GGA/GAG/AGG	GENOMAD.193847.CP	1.565e-170	577	0	0	0	1	NA	NA	NA	PF13175;COG4913;TIGR00634;K19171	Uncharacterized protein, contains a C-terminal ATPase domain
JBHJCD010000027.1_10	14088	14789	702	-1	0.671	11	GGAG/GAGG	NA	NA	NA	0	0	0	1	NA	NA	NA	NA	NA
JBHJCD010000027.1_11	14776	16245	1470	-1	0.664	11	None	GENOMAD.197616.CP	9.529e-85	292	0	0	0	1	NA	NA	NA	PF11855	NA
JBHJCD010000027.1_12	16265	16867	603	-1	0.653	11	None	NA	NA	NA	0	0	0	1	NA	NA	NA	NA	NA
JBHJCD010000027.1_13	16998	17450	453	1	0.684	11	None	GENOMAD.132398.CP	7.215e-08	53	0	0	0	1	NA	NA	NA	PF03965;K15973;TIGR04472;COG5631	mobile rSAM pair MarR family regulator
JBHJCD010000027.1_14	17548	17757	210	1	0.605	11	AGGA	GENOMAD.206002.PC	2.043e-14	68	0	0	0	1	NA	NA	NA	PF07869;K21695	YtcA family
JBHJCD010000027.1_15	17754	18677	924	1	0.697	11	GGA/GAG/AGG	GENOMAD.138157.CP	9.79e-18	87	0	0	0	1	NA	NA	NA	PF13437;TIGR02828	HlyD family secretion protein
JBHJCD010000027.1_16	18674	20134	1461	1	0.707	11	AGxAGG/AGGxGG	NA	NA	NA	0	0	0	1	NA	NA	NA	NA	NA
JBHJCD010000027.1_17	20131	22443	2313	1	0.678	11	None	GENOMAD.180354.PC	9.075e-93	326	0	0	0	1	NA	NA	NA	COG1289;K03468	Uncharacterized membrane protein YccC
JBHJCD010000027.1_18	22719	24080	1362	-1	0.626	11	GGAG/GAGG	NA	NA	NA	0	0	0	1	NA	NA	NA	NA	NA
JBHJCD010000027.1_19	24194	24745	552	-1	0.688	11	None	GENOMAD.140606.CP	9.824e-40	147	0	0	0	1	NA	NA	NA	PF08922;PF13376	Bacteriocin-protection, YdeI or OmpD-Associated
JBHJCD010000027.1_20	25368	27215	1848	1	0.557	11	AGGA	NA	NA	NA	0	0	0	1	NA	NA	NA	NA	NA
JBHJCD010000027.1_21	27412	28677	1266	1	0.649	11	GGAG/GAGG	GENOMAD.196313.CP	5.135e-09	61	0	0	0	1	NA	NA	NA	PF17941;PF13091;TIGR04265;COG1502;K06132	cardiolipin synthase
JBHJCD010000027.1_22	28703	29230	528	-1	0.710	11	AGGA	NA	NA	NA	0	0	0	1	NA	NA	NA	NA	NA
JBHJCD010000027.1_23	29502	29708	207	1	0.652	11	None	NA	NA	NA	0	0	0	1	NA	NA	NA	NA	NA
JBHJCD010000027.1_24	29695	30774	1080	1	0.697	11	None	NA	NA	NA	0	0	0	1	NA	NA	NA	NA	NA
JBHJCD010000027.1_25	30979	31539	561	-1	0.610	11	AGGAG	NA	NA	NA	0	0	0	1	NA	NA	NA	NA	NA
JBHJCD010000027.1_26	32311	32604	294	1	0.476	11	AGGAG	NA	NA	NA	0	0	0	1	NA	NA	NA	NA	NA
JBHJCD010000027.1_27	32621	33553	933	1	0.553	11	AGGAG	NA	NA	NA	0	0	0	1	NA	NA	NA	NA	NA
JBHJCD010000027.1_28	34248	35867	1620	1	0.672	11	AGGA	GENOMAD.168505.CP	8.988e-64	232	0	0	0	1	NA	NA	NA	K03930	NA
JBHJCD010000027.1_29	35971	36369	399	-1	0.652	11	GGA/GAG/AGG	NA	NA	NA	0	0	0	1	NA	NA	NA	NA	NA
JBHJCD010000027.1_30	36666	37121	456	1	0.682	11	AGGAG	NA	NA	NA	0	0	0	1	NA	NA	NA	NA	NA
JBHJCD010000027.1_31	37150	37461	312	-1	0.641	11	GGAG/GAGG	NA	NA	NA	0	0	0	1	NA	NA	NA	NA	NA
JBHJCD010000027.1_32	37549	37818	270	1	0.541	11	GGA/GAG/AGG	NA	NA	NA	0	0	0	1	NA	NA	NA	NA	NA
JBHJCD010000027.1_33	37849	38739	891	-1	0.671	11	None	NA	NA	NA	0	0	0	1	NA	NA	NA	NA	NA
JBHJCD010000027.1_34	39078	40655	1578	1	0.650	11	AGGA	GENOMAD.018752.CC	2.222e-23	108	0	0	0	1	NA	NA	NA	NA	NA
JBHJCD010000027.1_35	42325	42567	243	1	0.634	11	GGxGG	NA	NA	NA	0	0	0	1	NA	NA	NA	NA	NA
JBHJCD010000027.1_36	43222	44574	1353	1	0.508	11	None	NA	NA	NA	0	0	0	1	NA	NA	NA	NA	NA
JBHJCD010000027.1_37	44592	44888	297	1	0.478	11	AGGA	NA	NA	NA	0	0	0	1	NA	NA	NA	NA	NA
JBHJCD010000027.1_38	45403	45837	435	1	0.618	11	None	NA	NA	NA	0	0	0	1	NA	NA	NA	NA	NA
JBHJCD010000028.1_1	141	800	660	-1	0.544	11	GGAGG	NA	NA	NA	0	0	0	1	NA	NA	NA	NA	NA
JBHJCD010000028.1_2	2082	3368	1287	-1	0.546	11	GGAG/GAGG	NA	NA	NA	0	0	0	1	NA	NA	NA	NA	NA
JBHJCD010000028.1_3	3365	4186	822	-1	0.584	11	AGGA/GGAG/GAGG	GENOMAD.159942.PC	1.642e-103	336	0	0	0	1	NA	NA	NA	NA	NA
JBHJCD010000028.1_4	4187	6034	1848	-1	0.546	11	GGAG/GAGG	NA	NA	NA	0	0	0	1	NA	NA	NA	NA	NA
JBHJCD010000028.1_5	7059	8591	1533	1	0.651	11	AGGAG	NA	NA	NA	0	0	0	1	NA	NA	NA	NA	NA
JBHJCD010000028.1_6	9086	9370	285	1	0.649	11	AGGAG	NA	NA	NA	0	0	0	1	NA	NA	NA	NA	NA
JBHJCD010000028.1_7	9373	10140	768	1	0.665	11	None	NA	NA	NA	0	0	0	1	NA	NA	NA	NA	NA
JBHJCD010000028.1_8	10146	11201	1056	1	0.664	11	None	NA	NA	NA	0	0	0	1	NA	NA	NA	NA	NA
JBHJCD010000028.1_9	11198	12250	1053	1	0.667	11	None	GENOMAD.104575.CP	1.269e-25	112	0	0	0	1246	Caudoviricetes	NA	NA	PF02873	UDP-N-acetylenolpyruvoylglucosamine reductase, C-terminal domain
JBHJCD010000028.1_10	12286	13155	870	1	0.638	11	GGA/GAG/AGG	NA	NA	NA	0	0	0	1	NA	NA	NA	NA	NA
JBHJCD010000028.1_11	13295	13999	705	1	0.647	11	GGAG/GAGG	NA	NA	NA	0	0	0	1	NA	NA	NA	NA	NA
JBHJCD010000028.1_12	14193	15476	1284	1	0.656	11	AGGA	GENOMAD.168138.CP	0.0004482	45	0	0	0	1	NA	NA	NF033135	PF01306;K08194;TIGR00903;COG2223	major facilitator 4 family protein
JBHJCD010000028.1_13	15473	16204	732	-1	0.663	11	None	GENOMAD.179808.CP	1.745e-05	48	0	0	0	1	NA	NA	NA	PF01569;COG3907;K19302	Membrane-associated enzyme, PAP2 (acid phosphatase) superfamily
JBHJCD010000028.1_14	16185	17450	1266	-1	0.660	11	None	NA	NA	NA	0	0	0	1	NA	NA	NA	NA	NA
JBHJCD010000028.1_15	17774	19000	1227	1	0.674	11	None	GENOMAD.145551.CP	2.774e-22	103	0	0	0	1	NA	NA	NA	PF14501;K15011;COG3920;TIGR02966	Two-component sensor histidine kinase, HisKA and HATPase domains
JBHJCD010000028.1_16	18997	19563	567	1	0.649	11	GGAG/GAGG	NA	NA	NA	0	0	0	1	NA	NA	NA	NA	NA
JBHJCD010000028.1_17	19744	20730	987	-1	0.629	11	GGA/GAG/AGG	NA	NA	NA	0	0	0	1	NA	NA	NA	NA	NA
JBHJCD010000028.1_18	21183	23039	1857	1	0.667	11	None	NA	NA	NA	0	0	0	1	NA	NA	NA	NA	NA
JBHJCD010000028.1_19	23241	24803	1563	-1	0.633	11	AGGAG	GENOMAD.116954.CP	1.05e-06	54	0	0	0	1246	Caudoviricetes	NA	NA	COG4146	Uncharacterized membrane permease YidK, sodium:solute symporter family
JBHJCD010000028.1_20	25060	27672	2613	-1	0.661	11	GGAG/GAGG	GENOMAD.211807.CP	2.612e-28	126	0	0	0	1	NA	NA	NA	PF18559	Galactose-binding domain-like
JBHJCD010000028.1_21	28107	30062	1956	1	0.665	11	GGAG/GAGG	GENOMAD.176626.CP	1.862e-194	619	0	0	0	1	NA	NA	NA	PF05787;K07093;COG3211	Bacterial protein of unknown function (DUF839)
JBHJCD010000028.1_22	30279	30902	624	-1	0.654	11	None	NA	NA	NA	0	0	0	1	NA	NA	NA	NA	NA
JBHJCD010000028.1_23	30906	31250	345	-1	0.675	11	GGA/GAG/AGG	NA	NA	NA	0	0	0	1	NA	NA	NA	NA	NA
JBHJCD010000028.1_24	31405	32919	1515	-1	0.666	11	None	GENOMAD.125882.CP	2.001e-50	191	0	0	0	1	NA	NA	NA	NA	NA
JBHJCD010000028.1_25	32916	33296	381	-1	0.614	11	None	NA	NA	NA	0	0	0	1	NA	NA	NA	NA	NA
JBHJCD010000028.1_26	33473	34315	843	-1	0.662	11	None	NA	NA	NA	0	0	0	1	NA	NA	NA	NA	NA
JBHJCD010000028.1_27	34312	35127	816	-1	0.674	11	None	NA	NA	NA	0	0	0	1	NA	NA	NA	NA	NA
JBHJCD010000028.1_28	35163	35648	486	-1	0.714	11	GGA/GAG/AGG	GENOMAD.094485.CP	1.57e-13	70	0	0	0	1	NA	NA	NA	PF01288;COG0801;TIGR01498	7,8-dihydro-6-hydroxymethylpterin-pyrophosphokinase
JBHJCD010000028.1_29	35652	37019	1368	-1	0.650	11	GGAG/GAGG	GENOMAD.001794.CC	3.03e-25	113	0	0	0	1	NA	NA	NA	PF12626	Polymerase A arginine-rich C-terminus
JBHJCD010000028.1_30	37631	38548	918	-1	0.662	11	GGA/GAG/AGG	NA	NA	NA	0	0	0	1	NA	NA	NA	NA	NA
JBHJCD010000028.1_31	38585	39661	1077	-1	0.659	11	None	GENOMAD.082750.CP	0.0001663	46	0	0	0	1	NA	NA	NA	PF11741	AMIN domain
JBHJCD010000028.1_32	40464	40898	435	1	0.584	11	GGA/GAG/AGG	NA	NA	NA	0	0	0	1	NA	NA	NA	NA	NA
JBHJCD010000028.1_33	40882	42381	1500	-1	0.555	11	GGAG/GAGG	NA	NA	NA	0	0	0	1	NA	NA	NA	NA	NA
JBHJCD010000028.1_34	42638	44065	1428	-1	0.651	11	GGA/GAG/AGG	NA	NA	NA	0	0	0	1	NA	NA	NA	NA	NA
JBHJCD010000029.1_1	1	924	924	-1	0.526	11	GGxGG	GENOMAD.051447.PP	4.496e-08	57	0	0	0	1	NA	NA	NA	PF03421;K08598	YopJ Serine/Threonine acetyltransferase
JBHJCD010000029.1_2	1317	2609	1293	1	0.690	11	GGA/GAG/AGG	NA	NA	NA	0	0	0	1	NA	NA	NA	NA	NA
JBHJCD010000029.1_3	3046	3381	336	-1	0.640	11	None	GENOMAD.023318.CC	1.409e-52	180	0	0	0	1	NA	NA	NA	PF19669	NA
JBHJCD010000029.1_4	3560	4366	807	-1	0.665	11	AGGA	NA	NA	NA	0	0	0	1	NA	NA	NA	NA	NA
JBHJCD010000029.1_5	4499	7597	3099	-1	0.640	11	AGGAG	NA	NA	NA	0	0	0	1	NA	NA	NA	NA	NA
JBHJCD010000029.1_6	7594	8742	1149	-1	0.736	11	GGA/GAG/AGG	GENOMAD.133566.CP	3.058e-07	55	0	0	0	1	NA	NA	NA	PF12700;K15727;TIGR01730;COG0845	RND family efflux transporter, MFP subunit
JBHJCD010000029.1_7	8820	9437	618	-1	0.625	11	None	GENOMAD.126296.CP	9.394e-19	87	0	0	0	1	NA	NA	NA	PF13022;PF08362;K18905;TIGR03613;COG1309	pyrimidine utilization regulatory protein R
JBHJCD010000029.1_8	9526	11034	1509	1	0.693	11	None	NA	NA	NA	0	0	0	1	NA	NA	NA	NA	NA
JBHJCD010000029.1_9	11160	11591	432	-1	0.650	11	GGAG/GAGG	GENOMAD.059044.PP	1.167e-19	87	0	0	0	1	NA	NA	NA	PF06903	VirK protein
JBHJCD010000029.1_10	11822	13231	1410	-1	0.687	11	GGA/GAG/AGG	GENOMAD.170187.PC	2.448e-96	325	0	0	0	1	NA	NA	NA	PF13434;COG4529;TIGR00275;K07222	Uncharacterized NAD(P)/FAD-binding protein YdhS
JBHJCD010000029.1_11	13608	14366	759	1	0.650	11	GGA/GAG/AGG	NA	NA	NA	0	0	0	1	NA	NA	NA	NA	NA
JBHJCD010000029.1_12	14537	15169	633	-1	0.667	11	GGAG/GAGG	GENOMAD.151025.CP	3.887e-35	135	0	0	0	1	NA	NA	NA	PF04321;K17290;TIGR01214;COG4221	dTDP-4-dehydrorhamnose reductase
JBHJCD010000029.1_13	15186	17348	2163	-1	0.642	11	AGGAG	NA	NA	NA	0	0	0	1	NA	NA	NA	NA	NA
JBHJCD010000029.1_14	17466	17651	186	-1	0.704	11	GGA/GAG/AGG	GENOMAD.147683.PC	6.379e-08	49	0	0	0	1	NA	NA	NA	PF11154	NA
JBHJCD010000029.1_15	17673	20282	2610	-1	0.686	11	GGA/GAG/AGG	GENOMAD.119431.CP	8.763e-95	335	0	0	0	1	NA	NA	NA	PF03065;PF12055;K06044;TIGR02401;COG3280	malto-oligosyltrehalose synthase
JBHJCD010000029.1_16	20279	22228	1950	-1	0.693	11	GGAG/GAGG	NA	NA	NA	0	0	0	1	NA	NA	NA	NA	NA
JBHJCD010000029.1_17	22225	23982	1758	-1	0.670	11	GGAG/GAGG	NA	NA	NA	0	0	0	1	NA	NA	NA	NA	NA
JBHJCD010000029.1_18	23985	26216	2232	-1	0.678	11	None	GENOMAD.154880.CP	6.298e-16	85	0	0	0	1246	Caudoviricetes	NA	NA	PF02806	Alpha amylase, C-terminal all-beta domain
JBHJCD010000029.1_19	26213	27796	1584	-1	0.681	11	GGA/GAG/AGG	NA	NA	NA	0	0	0	1	NA	NA	NA	NA	NA
JBHJCD010000029.1_20	28283	29911	1629	1	0.683	11	GGA/GAG/AGG	NA	NA	NA	0	0	0	1	NA	NA	NA	NA	NA
JBHJCD010000029.1_21	29998	30939	942	-1	0.611	11	AGGA	NA	NA	NA	0	0	0	1	NA	NA	NA	NA	NA
JBHJCD010000029.1_22	31182	32900	1719	1	0.662	11	None	NA	NA	NA	0	0	0	1	NA	NA	NA	NA	NA
JBHJCD010000029.1_23	33591	35699	2109	1	0.640	11	GGA/GAG/AGG	NA	NA	NA	0	0	0	1	NA	NA	NA	NA	NA
JBHJCD010000029.1_24	35796	38219	2424	-1	0.641	11	GGA/GAG/AGG	NA	NA	NA	0	0	0	1	NA	NA	NA	NA	NA
JBHJCD010000029.1_25	38539	38880	342	1	0.658	11	AGGAG	GENOMAD.166221.CP	3.856e-19	84	0	0	0	1	NA	NA	NA	PF02482;TIGR00741;COG1544;K05808	ribosomal subunit interface protein
JBHJCD010000029.1_26	39120	39776	657	-1	0.594	11	GGA/GAG/AGG	NA	NA	NA	0	0	0	1	NA	NA	NA	NA	NA
JBHJCD010000029.1_27	40845	41864	1020	1	0.631	11	GGA/GAG/AGG	NA	NA	NA	0	0	0	1	NA	NA	NA	NA	NA
JBHJCD010000029.1_28	42328	42891	564	-1	0.583	11	GGAG/GAGG	GENOMAD.111553.PC	3.36e-13	70	0	0	0	1	NA	NA	NA	PF19489;K18377;COG4764	Transglycosylase SLT domain
JBHJCD010000029.1_29	43260	43613	354	1	0.497	11	GGA/GAG/AGG	NA	NA	NA	0	0	0	1	NA	NA	NA	NA	NA
JBHJCD010000030.1_1	2	706	705	1	0.640	11	None	NA	NA	NA	0	0	0	1	NA	NA	NA	NA	NA
JBHJCD010000030.1_2	1005	1496	492	1	0.614	11	GGAG/GAGG	GENOMAD.054209.CC	1.4e-52	183	0	0	0	1	NA	NA	NA	TIGR03066	Gemmata obscuriglobus paralogous family TIGR03066
JBHJCD010000030.1_3	1721	1963	243	1	0.613	11	GGAG/GAGG	NA	NA	NA	0	0	0	1	NA	NA	NA	NA	NA
JBHJCD010000030.1_4	2111	2335	225	1	0.533	11	None	GENOMAD.171189.CP	2.956e-06	45	0	0	0	1	NA	NA	NA	PF09932;COG5460	Uncharacterized conserved protein, DUF2164 family
JBHJCD010000030.1_5	2401	2790	390	1	0.613	11	GGA/GAG/AGG	NA	NA	NA	0	0	0	1	NA	NA	NA	NA	NA
JBHJCD010000030.1_6	3162	4790	1629	1	0.646	11	GGAG/GAGG	GENOMAD.074457.CP	1.39e-108	364	0	0	0	1	NA	NA	NA	PF19289;PF01523;K03568;COG0312	Predicted Zn-dependent protease or its inactivated homolog
JBHJCD010000030.1_7	5509	7143	1635	1	0.647	11	GGAG/GAGG	GENOMAD.074457.CP	1.315e-110	370	0	0	0	1	NA	NA	NA	PF19289;PF01523;K03568;COG0312	Predicted Zn-dependent protease or its inactivated homolog
JBHJCD010000030.1_8	7158	8492	1335	1	0.631	11	AGGAG	GENOMAD.064056.CP	1.935e-119	391	0	0	0	1	NA	NA	NA	PF19289;PF01523;COG0312;K03592	Predicted Zn-dependent protease or its inactivated homolog
JBHJCD010000030.1_9	8597	9307	711	1	0.602	11	None	GENOMAD.124497.CP	1.514e-112	360	0	0	0	1	NA	NA	NA	PF13709	NA
JBHJCD010000030.1_10	9420	10412	993	1	0.678	11	GGA/GAG/AGG	NA	NA	NA	0	0	0	1	NA	NA	NA	NA	NA
JBHJCD010000030.1_11	10426	11325	900	1	0.682	11	AGGA/GGAG/GAGG	GENOMAD.132513.CP	1.783e-07	55	0	0	0	1	NA	NA	NA	PF01882;COG1721	Uncharacterized conserved protein, DUF58 family, contains vWF domain
JBHJCD010000030.1_12	11369	12568	1200	1	0.725	11	AGxAGG/AGGxGG	GENOMAD.019425.CC	9.872e-225	693	0	0	0	1	NA	NA	NA	NA	NA
JBHJCD010000030.1_13	12565	14823	2259	1	0.739	11	None	GENOMAD.027336.CC	3.043e-45	180	0	0	0	1	NA	NA	NA	NA	NA
JBHJCD010000030.1_14	14981	16762	1782	1	0.746	11	GGAG/GAGG	GENOMAD.056591.CC	1.703e-15	83	0	0	0	1	NA	NA	NA	PF06283;COG3828	Trehalose utilisation
JBHJCD010000030.1_15	17022	17672	651	-1	0.670	11	None	GENOMAD.154704.CP	5.469e-53	187	0	0	0	1	NA	NA	NA	PF06080;TIGR00740;K18534;COG2226	tRNA (cmo5U34)-methyltransferase
JBHJCD010000030.1_16	17869	18687	819	-1	0.678	11	GGA/GAG/AGG	GENOMAD.192568.CP	3.189e-104	338	0	0	0	1	NA	NA	NA	PF12787	EcsC protein family
JBHJCD010000030.1_17	18834	19307	474	1	0.641	11	None	GENOMAD.172157.CP	9.113e-88	284	0	0	0	1	NA	NA	NA	PF19569;COG2867	START-like superfamily domain
JBHJCD010000030.1_18	19651	21141	1491	-1	0.651	11	GGAG/GAGG	NA	NA	NA	0	0	0	1	NA	NA	NA	NA	NA
JBHJCD010000030.1_19	21674	22003	330	-1	0.636	11	GGAG/GAGG	NA	NA	NA	0	0	0	1	NA	NA	NA	NA	NA
JBHJCD010000030.1_20	22024	22422	399	-1	0.637	11	AGGAG	GENOMAD.189452.CP	2.947e-30	117	0	0	0	1	NA	NA	NA	PF18856;COG5622	Protein required for attachment to host cells
JBHJCD010000030.1_21	22806	26618	3813	-1	0.687	11	GGA/GAG/AGG	GENOMAD.142505.CP	2.114e-51	203	0	0	0	1	NA	NA	NA	PF01435;COG0501	Zn-dependent protease with chaperone function
JBHJCD010000030.1_22	26812	27264	453	-1	0.698	11	GGA/GAG/AGG	NA	NA	NA	0	0	0	1	NA	NA	NA	NA	NA
JBHJCD010000030.1_23	27522	28178	657	1	0.689	11	GGAG/GAGG	NA	NA	NA	0	0	0	1	NA	NA	NA	NA	NA
JBHJCD010000030.1_24	28288	29352	1065	1	0.687	11	GGAGG	GENOMAD.189937.PC	0.0006782	44	0	0	0	1	NA	NA	NA	NA	NA
JBHJCD010000030.1_25	29349	29660	312	1	0.689	11	None	NA	NA	NA	0	0	0	1	NA	NA	NA	NA	NA
JBHJCD010000030.1_26	29961	30401	441	-1	0.633	11	GGA/GAG/AGG	GENOMAD.167948.CP	1.099e-21	93	0	0	0	1	NA	NA	NA	PF08327;COG3832;K09386	Activator of Hsp90 ATPase homolog 1-like protein
JBHJCD010000030.1_27	30705	31874	1170	1	0.718	11	None	NA	NA	NA	0	0	0	1	NA	NA	NA	NA	NA
JBHJCD010000030.1_28	32111	32299	189	1	0.582	11	GGA/GAG/AGG	GENOMAD.180845.CP	2.981e-08	50	0	0	0	1	NA	NA	NA	PF05532;COG3237	Uncharacterized conserved protein YjbJ, UPF0337 family
JBHJCD010000030.1_29	32992	33882	891	1	0.497	11	GGA/GAG/AGG	NA	NA	NA	0	0	0	1	NA	NA	NA	NA	NA
JBHJCD010000030.1_30	34628	34765	138	-1	0.565	11	GGAG/GAGG	NA	NA	NA	0	0	0	1	NA	NA	NA	NA	NA
JBHJCD010000030.1_31	35003	35785	783	1	0.618	11	GGA/GAG/AGG	NA	NA	NA	0	0	0	1	NA	NA	NA	NA	NA
JBHJCD010000030.1_32	36185	36406	222	1	0.649	11	AGGAG	NA	NA	NA	0	0	0	1	NA	NA	NA	NA	NA
JBHJCD010000030.1_33	36531	36980	450	1	0.631	11	GGA/GAG/AGG	GENOMAD.204499.VV	1.316e-71	237	0	0	0	2773	Inoviridae	NA	NA	NA	NA
JBHJCD010000030.1_34	36926	37774	849	1	0.459	11	None	NA	NA	NA	0	0	0	1	NA	NA	NA	NA	NA
JBHJCD010000030.1_35	37781	38551	771	1	0.418	11	None	NA	NA	NA	0	0	0	1	NA	NA	NA	NA	NA
JBHJCD010000030.1_36	38705	40270	1566	-1	0.413	11	GGxGG	NA	NA	NA	0	0	0	1	NA	NA	NA	NA	NA
JBHJCD010000031.1_1	1	192	192	1	0.536	11	None	NA	NA	NA	0	0	0	1	NA	NA	NA	NA	NA
JBHJCD010000031.1_2	204	413	210	1	0.619	11	GGAG/GAGG	NA	NA	NA	0	0	0	1	NA	NA	NA	NA	NA
JBHJCD010000031.1_3	844	1392	549	1	0.601	11	GGA/GAG/AGG	NA	NA	NA	0	0	0	1	NA	NA	NA	NA	NA
JBHJCD010000031.1_4	1600	2094	495	1	0.525	11	AGGAG	NA	NA	NA	0	0	0	1	NA	NA	NA	NA	NA
JBHJCD010000031.1_5	2426	2623	198	1	0.626	11	4Base/6BMM	NA	NA	NA	0	0	0	1	NA	NA	NA	NA	NA
JBHJCD010000031.1_6	3084	3653	570	1	0.618	11	AGxAGG/AGGxGG	NA	NA	NA	0	0	0	1	NA	NA	NA	NA	NA
JBHJCD010000031.1_7	3830	5767	1938	1	0.658	11	GGAG/GAGG	GENOMAD.209487.PC	2.378e-05	50	0	0	0	1	NA	NA	NA	NA	NA
JBHJCD010000031.1_8	5776	6315	540	1	0.713	11	GGAG/GAGG	GENOMAD.218216.PC	3.149e-42	154	0	0	0	1	NA	NA	NA	PF22011	NA
JBHJCD010000031.1_9	6312	7697	1386	1	0.695	11	GGA/GAG/AGG	GENOMAD.170233.CP	7.287e-41	161	0	0	0	1	NA	NA	NA	PF20232;PF00498;K07169;TIGR03354;COG3456	type VI secretion system FHA domain protein
JBHJCD010000031.1_10	7694	9031	1338	1	0.672	11	None	GENOMAD.166652.PC	2.372e-39	156	0	0	0	1	NA	NA	NA	PF05936;TIGR03353;COG3522;K11893	type VI secretion protein, VC_A0114 family
JBHJCD010000031.1_11	9033	10349	1317	1	0.713	11	GGAG/GAGG	GENOMAD.167543.PC	1.674e-31	132	0	0	0	1	NA	NA	NA	PF09850;TIGR03349;COG3455	type IV / VI secretion system protein, DotU family
JBHJCD010000031.1_12	10353	13811	3459	1	0.698	11	GGA/GAG/AGG	GENOMAD.161502.PC	3.337e-110	389	0	0	0	1	NA	NA	NA	PF14331;PF06761;PF06744;PF19993;TIGR03348;K11891;COG3523	type VI secretion protein IcmF
JBHJCD010000031.1_13	13808	14461	654	1	0.673	11	None	GENOMAD.192401.PC	2.534e-21	95	0	0	0	1	NA	NA	NA	PF09867;COG3913;K11890;TIGR03373	TagF N-terminal domain, Type VI secretion system-associated
JBHJCD010000031.1_14	14458	15180	723	1	0.700	11	GGAG/GAGG	NA	NA	NA	0	0	0	1	NA	NA	NA	NA	NA
JBHJCD010000031.1_15	15177	18080	2904	1	0.695	11	GGA/GAG/AGG	GENOMAD.215794.CP	1.209e-06	55	0	0	0	1	NA	NA	NA	PF07714;K08884;COG0478;TIGR03903	RIO-like serine/threonine protein kinase fused to N-terminal HTH domain
JBHJCD010000031.1_16	18077	18403	327	1	0.688	11	GGA/GAG/AGG	NA	NA	NA	0	0	0	1	NA	NA	NA	NA	NA
JBHJCD010000031.1_17	18572	19600	1029	-1	0.691	11	GGA/GAG/AGG	GENOMAD.171322.PC	4.944e-33	134	0	0	0	1	NA	NA	NA	PF06812;K11902;TIGR03363;COG3515	type VI secretion-associated protein, ImpA family
JBHJCD010000031.1_18	19609	20577	969	-1	0.668	11	GGA/GAG/AGG	NA	NA	NA	0	0	0	1	NA	NA	NA	NA	NA
JBHJCD010000031.1_19	20691	23147	2457	-1	0.664	11	None	GENOMAD.190312.PC	1.985e-20	100	0	0	0	1	NA	NA	NA	PF19443	DAHL domain
JBHJCD010000031.1_20	23144	24136	993	-1	0.661	11	GGA/GAG/AGG	NA	NA	NA	0	0	0	1	NA	NA	NA	NA	NA
JBHJCD010000031.1_21	24133	24912	780	-1	0.651	11	GGA/GAG/AGG	NA	NA	NA	0	0	0	1	NA	NA	NA	NA	NA
JBHJCD010000031.1_22	25314	26141	828	-1	0.664	11	AGGAG	NA	NA	NA	0	0	0	1	NA	NA	NA	NA	NA
JBHJCD010000031.1_23	26189	27769	1581	-1	0.660	11	GGA/GAG/AGG	NA	NA	NA	0	0	0	1	NA	NA	NA	NA	NA
JBHJCD010000031.1_24	28380	29588	1209	1	0.620	11	GGA/GAG/AGG	NA	NA	NA	0	0	0	1	NA	NA	NA	NA	NA
JBHJCD010000031.1_25	29730	30263	534	1	0.654	11	GGA/GAG/AGG	GENOMAD.207688.CP	0.0006302	42	0	0	0	1	NA	NA	NA	K01994	NA
JBHJCD010000031.1_26	30260	33349	3090	1	0.613	11	None	NA	NA	NA	0	0	0	1	NA	NA	NA	NA	NA
JBHJCD010000031.1_27	33346	33990	645	1	0.631	11	AGGAG	NA	NA	NA	0	0	0	1	NA	NA	NA	NA	NA
JBHJCD010000031.1_28	34130	34516	387	1	0.638	11	AGGA	NA	NA	NA	0	0	0	1	NA	NA	NA	NA	NA
JBHJCD010000031.1_29	34530	34625	96	1	0.573	11	GGA/GAG/AGG	NA	NA	NA	0	0	0	1	NA	NA	NA	NA	NA
JBHJCD010000031.1_30	34938	37955	3018	1	0.626	11	GGA/GAG/AGG	NA	NA	NA	0	0	0	1	NA	NA	NA	NA	NA
JBHJCD010000031.1_31	38321	39442	1122	-1	0.569	11	AGGAG	GENOMAD.049926.PP	2.582e-11	68	0	0	0	1	NA	NA	NA	PF03421;K13478	YopJ Serine/Threonine acetyltransferase
JBHJCD010000032.1_1	2	1189	1188	-1	0.599	11	None	NA	NA	NA	0	0	0	1	NA	NA	NA	NA	NA
JBHJCD010000032.1_2	1633	2370	738	-1	0.653	11	None	NA	NA	NA	0	0	0	1	NA	NA	NA	NA	NA
JBHJCD010000032.1_3	2401	3450	1050	-1	0.683	11	GGA/GAG/AGG	GENOMAD.190183.CP	5.872e-33	134	0	0	0	1	NA	NA	NA	K12686;COG3240	Phospholipase/lecithinase/hemolysin
JBHJCD010000032.1_4	3607	3807	201	1	0.642	11	None	GENOMAD.105856.CP	9.956e-13	63	0	0	0	1	NA	NA	NA	PF14453;COG2104;TIGR01683	Sulfur carrier protein ThiS (thiamine biosynthesis)
JBHJCD010000032.1_5	3857	4651	795	1	0.654	11	None	NA	NA	NA	0	0	0	1	NA	NA	NA	NA	NA
JBHJCD010000032.1_6	5753	7615	1863	1	0.642	11	None	NA	NA	NA	0	0	0	1	NA	NA	NA	NA	NA
JBHJCD010000032.1_7	7676	8017	342	-1	0.652	11	None	GENOMAD.162129.CP	3.127e-13	67	0	0	0	1	NA	NA	NA	PF13806;COG2146;TIGR02377;K05710	Ferredoxin subunit of nitrite reductase or a ring-hydroxylating dioxygenase
JBHJCD010000032.1_8	8276	8551	276	1	0.645	11	None	GENOMAD.221228.CP	0.000148	41	0	0	0	1	NA	NA	NA	NA	NA
JBHJCD010000032.1_9	9017	9730	714	1	0.660	11	GGAG/GAGG	NA	NA	NA	0	0	0	1	NA	NA	NA	NA	NA
JBHJCD010000032.1_10	9791	10222	432	1	0.604	11	GGAG/GAGG	NA	NA	NA	0	0	0	1	NA	NA	NA	NA	NA
JBHJCD010000032.1_11	10346	11764	1419	1	0.668	11	GGAG/GAGG	GENOMAD.138367.CP	1.283e-67	241	0	0	0	1	NA	NA	NA	PF16254;K01302;COG4882;TIGR01902	Predicted aminopeptidase, Iap family
JBHJCD010000032.1_12	12119	13171	1053	1	0.667	11	GGA/GAG/AGG	NA	NA	NA	0	0	0	1	NA	NA	NA	NA	NA
JBHJCD010000032.1_13	13543	15954	2412	-1	0.613	11	None	GENOMAD.158496.CP	6.339e-38	157	0	0	0	1	NA	NA	NA	PF14905;PF07715;TIGR01782;K16091;COG4774	TonB-dependent receptor
JBHJCD010000032.1_14	15951	16478	528	-1	0.646	11	GGAGG	NA	NA	NA	0	0	0	1	NA	NA	NA	NA	NA
JBHJCD010000032.1_15	16619	20086	3468	-1	0.647	11	GGAG/GAGG	GENOMAD.146053.CP	4.971e-57	221	0	0	0	1	NA	NA	NA	PF18368;PF02836;PF02837;PF17786;K15855;COG3250	Beta-galactosidase/beta-glucuronidase
JBHJCD010000032.1_16	20305	22269	1965	1	0.621	11	AGGAG	NA	NA	NA	0	0	0	1	NA	NA	NA	NA	NA
JBHJCD010000032.1_17	22714	24057	1344	1	0.615	11	None	NA	NA	NA	0	0	0	1	NA	NA	NA	NA	NA
JBHJCD010000032.1_18	24108	25613	1506	-1	0.684	11	GGAG/GAGG	GENOMAD.178810.CP	2.631e-26	117	0	0	0	1	NA	NA	NA	PF19465;PF00135;K01753;TIGR02035;COG3048	D-serine ammonia-lyase
JBHJCD010000032.1_19	25613	26761	1149	-1	0.690	11	AGGAG	NA	NA	NA	0	0	0	1	NA	NA	NA	NA	NA
JBHJCD010000032.1_20	26821	27390	570	-1	0.651	11	GGA/GAG/AGG	NA	NA	NA	0	0	0	1	NA	NA	NA	NA	NA
JBHJCD010000032.1_21	27984	28961	978	1	0.600	11	None	NA	NA	NA	0	0	0	1	NA	NA	NA	NA	NA
JBHJCD010000032.1_22	29286	31961	2676	-1	0.660	11	GGA/GAG/AGG	NA	NA	NA	0	0	0	1	NA	NA	NA	NA	NA
JBHJCD010000032.1_23	32357	32998	642	1	0.614	11	GGA/GAG/AGG	NA	NA	NA	0	0	0	1	NA	NA	NA	NA	NA
JBHJCD010000032.1_24	33157	33816	660	1	0.605	11	GGAG/GAGG	NA	NA	NA	0	0	0	1	NA	NA	NA	NA	NA
JBHJCD010000032.1_25	33849	34781	933	1	0.610	11	AGGAG	NA	NA	NA	0	0	0	1	NA	NA	NA	NA	NA
JBHJCD010000033.1_1	201	4067	3867	-1	0.646	11	AGGAG	GENOMAD.219526.VC	0.0	2057	0	0	0	1	NA	NA	NA	NA	NA
JBHJCD010000033.1_2	4432	7212	2781	-1	0.647	11	GGAGG	GENOMAD.152082.CP	1.638e-81	296	0	0	0	1	NA	NA	NA	PF00593;PF07715;PF00691;TIGR01782;COG4773;K16089	TonB-dependent receptor
JBHJCD010000033.1_3	7499	8521	1023	1	0.682	11	GGAG/GAGG	NA	NA	NA	0	0	0	1	NA	NA	NA	NA	NA
JBHJCD010000033.1_4	8704	8991	288	-1	0.601	11	None	NA	NA	NA	0	0	0	1	NA	NA	NA	NA	NA
JBHJCD010000033.1_5	9158	10366	1209	-1	0.640	11	AGGAG	GENOMAD.159854.CP	2.681e-179	562	0	0	0	1	NA	NA	NA	PF12242;PF07055;PF12241;K00209;COG3007;TIGR01829	Trans-2-enoyl-CoA reductase
JBHJCD010000033.1_6	10646	13993	3348	1	0.676	11	None	GENOMAD.192015.CP	1.581e-37	157	0	0	0	1	NA	NA	NA	PF17874;PF10137;K09667;TIGR00540;COG3071	MalT-like TPR region; Predicted nucleotide-binding protein containing TIR-like domain
JBHJCD010000033.1_7	13990	14388	399	1	0.589	11	AGGA/GGAG/GAGG	NA	NA	NA	0	0	0	1	NA	NA	NA	NA	NA
JBHJCD010000033.1_8	14523	15122	600	-1	0.597	11	GGAG/GAGG	NA	NA	NA	0	0	0	1	NA	NA	NA	NA	NA
JBHJCD010000033.1_9	15361	15759	399	-1	0.669	11	GGAG/GAGG	NA	NA	NA	0	0	0	1	NA	NA	NA	NA	NA
JBHJCD010000033.1_10	16359	16991	633	-1	0.689	11	GGA/GAG/AGG	NA	NA	NA	0	0	0	1	NA	NA	NA	NA	NA
JBHJCD010000033.1_11	16988	18091	1104	-1	0.684	11	None	GENOMAD.151958.CP	2.411e-06	52	0	0	0	1	NA	NA	NA	PF07730;K11623;COG3920	Two-component sensor histidine kinase, HisKA and HATPase domains
JBHJCD010000033.1_12	18248	18814	567	1	0.679	11	AGGAG	GENOMAD.169876.CP	8.279e-08	54	0	0	0	1	NA	NA	NA	PF04140;K16168;COG1755;TIGR04571	Uncharacterized protein YpbQ, isoprenylcysteine carboxyl methyltransferase (ICMT) family
JBHJCD010000033.1_13	19032	19454	423	1	0.636	11	GGAG/GAGG	GENOMAD.166713.CP	3.919e-22	94	0	0	0	1	NA	NA	NA	PF09912;COG4704	Uncharacterized conserved protein, DUF2141 family
JBHJCD010000033.1_14	19481	20995	1515	1	0.659	11	AGGAG	GENOMAD.148022.CP	1.604e-28	124	0	0	0	1	NA	NA	NA	PF03055;K23363;COG3670	Carotenoid cleavage dioxygenase or a related enzyme
JBHJCD010000033.1_15	21135	22301	1167	1	0.677	11	None	NA	NA	NA	0	0	0	1	NA	NA	NA	NA	NA
JBHJCD010000033.1_16	22439	23398	960	-1	0.606	11	GGAG/GAGG	NA	NA	NA	0	0	0	1	NA	NA	NA	NA	NA
JBHJCD010000033.1_17	23398	23796	399	-1	0.684	11	GGAG/GAGG	NA	NA	NA	0	0	0	1	NA	NA	NA	NA	NA
JBHJCD010000033.1_18	23947	24126	180	1	0.689	11	AGGAG	NA	NA	NA	0	0	0	1	NA	NA	NA	NA	NA
JBHJCD010000033.1_19	24229	24624	396	-1	0.621	11	AGGAG	GENOMAD.179052.CP	3.279e-53	183	0	0	0	1	NA	NA	NA	PF05610;K09959;COG3564;TIGR02011	Uncharacterized conserved protein, DUF779 family
JBHJCD010000033.1_20	24801	26330	1530	-1	0.617	11	AGGAG	NA	NA	NA	0	0	0	1	NA	NA	NA	NA	NA
JBHJCD010000033.1_21	26717	27235	519	-1	0.661	11	GGAG/GAGG	NA	NA	NA	0	0	0	1	NA	NA	NA	NA	NA
JBHJCD010000033.1_22	27430	27726	297	-1	0.670	11	None	NA	NA	NA	0	0	0	1	NA	NA	NA	NA	NA
JBHJCD010000033.1_23	27837	29975	2139	-1	0.691	11	GGA/GAG/AGG	GENOMAD.127342.CP	2.897e-16	86	0	0	0	1	NA	NA	NA	PF11854;PF07715;TIGR01776;COG4773;K16090	TonB-dependent lactoferrin and transferrin receptors
JBHJCD010000033.1_24	30132	31334	1203	1	0.664	11	GGA/GAG/AGG	GENOMAD.141045.CP	2.265e-09	62	0	0	0	1	NA	NA	NA	PF12897;K00832;COG1448;TIGR03537	Aspartate/tyrosine/aromatic aminotransferase
JBHJCD010000033.1_25	31453	32295	843	1	0.458	11	AGGA	NA	NA	NA	0	0	0	1	NA	NA	NA	NA	NA
JBHJCD010000034.1_1	103	243	141	-1	0.567	11	AGGA	NA	NA	NA	0	0	0	1	NA	NA	NA	NA	NA
JBHJCD010000034.1_2	289	534	246	-1	0.577	11	AGGAG	NA	NA	NA	0	0	0	1	NA	NA	NA	NA	NA
JBHJCD010000034.1_3	597	893	297	-1	0.569	11	GGAG/GAGG	NA	NA	NA	0	0	0	1	NA	NA	NA	NA	NA
JBHJCD010000034.1_4	1079	1324	246	-1	0.679	11	AGxAGG/AGGxGG	NA	NA	NA	0	0	0	1	NA	NA	NA	NA	NA
JBHJCD010000034.1_5	1384	2103	720	-1	0.553	11	GGAG/GAGG	NA	NA	NA	0	0	0	1	NA	NA	NA	NA	NA
JBHJCD010000034.1_6	2120	2365	246	-1	0.634	11	GGAG/GAGG	NA	NA	NA	0	0	0	1	NA	NA	NA	NA	NA
JBHJCD010000034.1_7	2368	2547	180	-1	0.583	11	AGGAG	NA	NA	NA	0	0	0	1	NA	NA	NA	NA	NA
JBHJCD010000034.1_8	2631	4802	2172	-1	0.650	11	GGAGG	NA	NA	NA	0	0	0	1	NA	NA	NA	NA	NA
JBHJCD010000034.1_9	4805	5053	249	-1	0.643	11	GGAG/GAGG	NA	NA	NA	0	0	0	1	NA	NA	NA	NA	NA
JBHJCD010000034.1_10	5126	5365	240	-1	0.579	11	AGGA	NA	NA	NA	0	0	0	1	NA	NA	NA	NA	NA
JBHJCD010000034.1_11	5376	5684	309	-1	0.579	11	GGAG/GAGG	NA	NA	NA	0	0	0	1	NA	NA	NA	NA	NA
JBHJCD010000034.1_12	5755	7107	1353	-1	0.653	11	GGAG/GAGG	GENOMAD.111807.PC	5.115e-35	143	0	1	0	1	NA	T_virB10	NA	PF03743;COG2948	Type IV secretory pathway, VirB10 components
JBHJCD010000034.1_13	7123	8115	993	-1	0.632	11	GGA/GAG/AGG	GENOMAD.109592.PC	2.951e-09	61	0	1	0	1	NA	T_virB9	NA	PF03524;K03204;TIGR02781;COG3504	P-type conjugative transfer protein VirB9
JBHJCD010000034.1_14	8142	8852	711	-1	0.612	11	GGA/GAG/AGG	GENOMAD.123484.PC	9.173e-36	138	0	1	0	1	NA	T_virB8	NA	PF04335;K20531;COG3701;TIGR03781	Type IV secretory pathway, TrbF components
JBHJCD010000034.1_15	8859	10340	1482	-1	0.627	11	AGGA	GENOMAD.116928.PC	3.816e-31	132	0	1	0	1	NA	T_virB6	NA	COG3846;K07344	Type IV secretory pathway, TrbL components
JBHJCD010000034.1_16	10558	10911	354	-1	0.579	11	GGAG/GAGG	NA	NA	NA	0	0	0	1	NA	NA	NA	NA	NA
JBHJCD010000034.1_17	11282	12067	786	-1	0.587	11	GGAG/GAGG	GENOMAD.115261.PC	3.887e-15	78	0	1	0	1	NA	T_virB5	NA	TIGR02780;COG5314;K20266	P-type conjugative transfer protein TrbJ
JBHJCD010000034.1_18	12086	14653	2568	-1	0.623	11	GGA/GAG/AGG	NA	NA	NA	0	0	0	1	NA	NA	NA	NA	NA
JBHJCD010000034.1_19	14718	14984	267	-1	0.573	11	3Base/5BMM	GENOMAD.127310.PC	6.075e-27	105	0	1	0	1	NA	T_virB3	NA	PF05101;COG5268;K03198	Type IV secretory pathway, TrbD component
JBHJCD010000034.1_20	14986	15300	315	-1	0.590	11	AGGA	GENOMAD.116477.PC	4.661e-29	112	0	1	0	1	NA	T_virB2	NA	PF04956;K20528;COG3838	Type IV secretory pathway, VirB2 components (pilins)
JBHJCD010000034.1_21	15379	16383	1005	-1	0.620	11	None	NA	NA	NA	0	0	0	1	NA	NA	NA	NA	NA
JBHJCD010000034.1_22	17034	17372	339	1	0.563	11	None	NA	NA	NA	0	0	0	1	NA	NA	NA	NA	NA
JBHJCD010000034.1_23	17369	17650	282	1	0.585	11	AGGAG	NA	NA	NA	0	0	0	1	NA	NA	NA	NA	NA
JBHJCD010000034.1_24	18335	19156	822	-1	0.698	11	None	GENOMAD.023008.PP	9.132e-154	481	0	1	0	1	NA	NA	NA	PF02387	NA
JBHJCD010000034.1_25	19672	20061	390	-1	0.610	11	AGGA/GGAG/GAGG	GENOMAD.053871.PP	0.0004924	41	0	0	0	1	NA	NA	NA	NA	NA
JBHJCD010000034.1_26	20157	20732	576	-1	0.571	11	GGAG/GAGG	GENOMAD.157964.PC	8.706e-07	51	0	0	0	1	NA	NA	NA	PF07929;PF19935	Plasmid pRiA4b ORF-3-like protein
JBHJCD010000034.1_27	20729	21220	492	-1	0.618	11	None	NA	NA	NA	0	0	0	1	NA	NA	NA	NA	NA
JBHJCD010000034.1_28	21217	23274	2058	-1	0.628	11	GGAG/GAGG	NA	NA	NA	0	0	0	1	NA	NA	NA	NA	NA
JBHJCD010000034.1_29	23279	25405	2127	-1	0.637	11	GGAG/GAGG	GENOMAD.127324.PC	5.633e-36	150	0	0	0	1	NA	NA	NA	PF11843	NA
JBHJCD010000034.1_30	25707	26297	591	-1	0.599	11	GGAG/GAGG	NA	NA	NA	0	0	0	1	NA	NA	NA	NA	NA
JBHJCD010000034.1_31	26290	26886	597	-1	0.598	11	GGAG/GAGG	GENOMAD.130054.PC	4.683e-11	64	0	1	0	1	NA	NA	NA	PF10502;COG4959;TIGR02771;K12062	Type IV secretory pathway, protease TraF
JBHJCD010000034.1_32	26891	27355	465	-1	0.600	11	GGA/GAG/AGG	GENOMAD.159474.PC	7.307e-10	59	0	0	0	1	NA	NA	NA	PF11000	NA
JBHJCD010000034.1_33	27479	27736	258	1	0.547	11	GGA/GAG/AGG	NA	NA	NA	0	0	0	1	NA	NA	NA	NA	NA
JBHJCD010000034.1_34	27628	27948	321	-1	0.651	11	AGGA	NA	NA	NA	0	0	0	1	NA	NA	NA	NA	NA
JBHJCD010000034.1_35	27945	28583	639	-1	0.656	11	AGGAG	NA	NA	NA	0	0	0	1	NA	NA	NA	NA	NA
JBHJCD010000034.1_36	28978	29178	201	1	0.587	11	GGA/GAG/AGG	NA	NA	NA	0	0	0	1	NA	NA	NA	NA	NA
JBHJCD010000034.1_37	29729	30550	822	-1	0.695	11	None	GENOMAD.023008.PP	2.145e-161	503	0	1	0	1	NA	NA	NA	PF02387	NA
JBHJCD010000034.1_38	30743	30988	246	-1	0.577	11	GGAG/GAGG	NA	NA	NA	0	0	0	1	NA	NA	NA	NA	NA
JBHJCD010000035.1_1	2	193	192	-1	0.542	11	AGGAG	NA	NA	NA	0	0	0	1	NA	NA	NA	NA	NA
JBHJCD010000035.1_2	264	602	339	-1	0.537	11	AGGAG	NA	NA	NA	0	0	0	1	NA	NA	NA	NA	NA
JBHJCD010000035.1_3	1428	2396	969	-1	0.613	11	AGGA	GENOMAD.098179.CP	3.287e-05	48	0	0	0	1	NA	NA	NA	NA	NA
JBHJCD010000035.1_4	2486	4354	1869	-1	0.642	11	GGA/GAG/AGG	GENOMAD.001759.CC	1.094e-24	113	0	0	0	1	NA	NA	NA	PF13721;K03072	SecD export protein N-terminal TM region
JBHJCD010000035.1_5	4521	4874	354	-1	0.633	11	AGGA	GENOMAD.092163.CP	0.0007752	40	0	0	0	1	NA	NA	NA	COG1862	Preprotein translocase subunit YajC
JBHJCD010000035.1_6	5007	6152	1146	-1	0.666	11	None	GENOMAD.077211.CP	1.746e-08	59	0	0	0	1246	Caudoviricetes	NA	NA	PF01702;K00773;TIGR00430;COG0343	tRNA-guanine transglycosylase
JBHJCD010000035.1_7	6234	7304	1071	-1	0.685	11	None	NA	NA	NA	0	0	0	1	NA	NA	NA	NA	NA
JBHJCD010000035.1_8	7458	7889	432	-1	0.674	11	None	GENOMAD.022927.CC	2.987e-06	48	0	0	0	1	NA	NA	NA	K03718;COG1522	DNA-binding transcriptional regulator, Lrp family
JBHJCD010000035.1_9	8012	9508	1497	1	0.677	11	AGGAG	NA	NA	NA	0	0	0	1	NA	NA	NA	NA	NA
JBHJCD010000035.1_10	9860	10567	708	-1	0.633	11	GGA/GAG/AGG	NA	NA	NA	0	0	0	1	NA	NA	NA	NA	NA
JBHJCD010000035.1_11	10939	12318	1380	-1	0.677	11	GGA/GAG/AGG	GENOMAD.211408.CP	0.0004988	45	0	0	0	1	NA	NA	NA	PF09423;TIGR03729;K14379;COG2908	PhoD-like phosphatase
JBHJCD010000035.1_12	12315	13436	1122	-1	0.656	11	AGxAGG/AGGxGG	GENOMAD.181891.CV	7.09e-64	226	0	0	0	1	NA	NA	NA	PF02333;COG4247	3-phytase (myo-inositol-hexaphosphate 3-phosphohydrolase)
JBHJCD010000035.1_13	13433	15991	2559	-1	0.633	11	GGA/GAG/AGG	GENOMAD.152082.CP	2.059e-27	123	0	0	0	1	NA	NA	NA	PF00593;PF07715;PF00691;TIGR01782;COG4773;K16089	TonB-dependent receptor
JBHJCD010000035.1_14	16053	16775	723	1	0.663	11	None	NA	NA	NA	0	0	0	1	NA	NA	NA	NA	NA
JBHJCD010000035.1_15	16925	18685	1761	-1	0.652	11	None	NA	NA	NA	0	0	0	1	NA	NA	NA	NA	NA
JBHJCD010000035.1_16	18974	20752	1779	-1	0.678	11	AGGAG/GGAGG	NA	NA	NA	0	0	0	1	NA	NA	NA	NA	NA
JBHJCD010000035.1_17	20749	21033	285	-1	0.600	11	None	NA	NA	NA	0	0	0	1	NA	NA	NA	NA	NA
JBHJCD010000035.1_18	21024	21248	225	-1	0.707	11	AGxAGG/AGGxGG	NA	NA	NA	0	0	0	1	NA	NA	NA	NA	NA
JBHJCD010000035.1_19	21265	21762	498	-1	0.645	11	GGAGG	NA	NA	NA	0	0	0	1	NA	NA	NA	NA	NA
JBHJCD010000035.1_20	21809	22315	507	-1	0.655	11	None	NA	NA	NA	0	0	0	1	NA	NA	NA	NA	NA
JBHJCD010000035.1_21	22312	22935	624	-1	0.734	11	GGA/GAG/AGG	NA	NA	NA	0	0	0	1	NA	NA	NA	NA	NA
JBHJCD010000035.1_22	23174	25078	1905	1	0.620	11	GGAG/GAGG	NA	NA	NA	0	0	0	1	NA	NA	NA	NA	NA
JBHJCD010000035.1_23	25692	25883	192	1	0.594	11	GGA/GAG/AGG	NA	NA	NA	0	0	0	1	NA	NA	NA	NA	NA
JBHJCD010000035.1_24	25853	26134	282	1	0.560	11	GGAGG	NA	NA	NA	0	0	0	1	NA	NA	NA	NA	NA
JBHJCD010000035.1_25	26727	28580	1854	1	0.467	11	AGGA	NA	NA	NA	0	0	0	1	NA	NA	NA	NA	NA
JBHJCD010000036.1_1	1	1461	1461	-1	0.665	11	None	NA	NA	NA	0	0	0	1	NA	NA	NA	NA	NA
JBHJCD010000036.1_2	1735	2043	309	-1	0.417	11	None	NA	NA	NA	0	0	0	1	NA	NA	NA	NA	NA
JBHJCD010000036.1_3	2040	6626	4587	-1	0.607	11	AGGAG/GGAGG	NA	NA	NA	0	0	0	1	NA	NA	NA	NA	NA
JBHJCD010000036.1_4	6849	7193	345	1	0.620	11	GGAGG	GENOMAD.219228.VC	0.0007097	40	0	0	0	1	NA	NA	NA	PF08845;TIGR02609;COG2336	Toxin SymE, type I toxin-antitoxin system
JBHJCD010000036.1_5	7551	15155	7605	-1	0.608	11	GGA/GAG/AGG	NA	NA	NA	0	0	0	1	NA	NA	NA	NA	NA
JBHJCD010000036.1_6	15124	20292	5169	-1	0.658	11	None	NA	NA	NA	0	0	0	1	NA	NA	NA	NA	NA
JBHJCD010000036.1_7	20344	21933	1590	-1	0.650	11	GGA/GAG/AGG	NA	NA	NA	0	0	0	1	NA	NA	NA	NA	NA
JBHJCD010000036.1_8	22004	23704	1701	-1	0.650	11	AGxAGG/AGGxGG	NA	NA	NA	0	0	0	1	NA	NA	NA	NA	NA
JBHJCD010000036.1_9	24486	25409	924	-1	0.615	11	GGA/GAG/AGG	GENOMAD.158077.CP	3.931e-07	54	0	0	0	1	NA	NA	NA	PF12833;TIGR02297;K02099;COG2207	4-hydroxyphenylacetate catabolism regulatory protein HpaA
JBHJCD010000036.1_10	25541	25915	375	1	0.581	11	GGA/GAG/AGG	GENOMAD.171688.CP	1.528e-25	103	0	0	0	1	NA	NA	NA	PF12681;TIGR00068;COG3565;K08234	Glyoxalase-like domain
JBHJCD010000036.1_11	26491	27099	609	1	0.593	11	GGA/GAG/AGG	GENOMAD.179361.CP	3.517e-21	94	0	0	0	1	NA	NA	NA	NA	NA
JBHJCD010000036.1_12	28022	28378	357	-1	0.529	11	AGGAG	NA	NA	NA	0	0	0	1	NA	NA	NA	NA	NA
JBHJCD010000037.1_1	177	3302	3126	-1	0.632	11	None	NA	NA	NA	0	0	0	1	NA	NA	NA	NA	NA
JBHJCD010000037.1_2	3354	4466	1113	-1	0.680	11	GGA/GAG/AGG	NA	NA	NA	0	0	0	1	NA	NA	NA	NA	NA
JBHJCD010000037.1_3	4590	5159	570	1	0.660	11	None	GENOMAD.147057.CP	1.051e-21	95	0	0	0	1	NA	NA	NA	PF13022;PF08359;K18294;TIGR03613;COG1309	pyrimidine utilization regulatory protein R
JBHJCD010000037.1_4	5454	7280	1827	-1	0.684	11	None	NA	NA	NA	0	0	0	1	NA	NA	NA	NA	NA
JBHJCD010000037.1_5	7294	7929	636	-1	0.656	11	AGGA/GGAG/GAGG	GENOMAD.136854.CP	0.000231	44	0	0	0	1	NA	NA	NA	PF01106;COG0694	Fe-S cluster biogenesis protein NfuA, 4Fe-4S-binding domain
JBHJCD010000037.1_6	7982	8338	357	1	0.653	11	GGA/GAG/AGG	GENOMAD.123541.CP	1.18e-25	103	0	0	0	1	NA	NA	NA	PF01329;COG2154;K01724	Pterin-4a-carbinolamine dehydratase
JBHJCD010000037.1_7	8335	8757	423	1	0.721	11	GGA/GAG/AGG	GENOMAD.141401.CP	2.013e-11	63	0	0	0	1	NA	NA	NA	PF03544;TIGR01352	TonB family C-terminal domain
JBHJCD010000037.1_8	9022	9840	819	1	0.621	11	AGGA/GGAG/GAGG	NA	NA	NA	0	0	0	1	NA	NA	NA	NA	NA
JBHJCD010000037.1_9	10138	11955	1818	1	0.666	11	GGAG/GAGG	GENOMAD.195728.CP	0.0	1004	0	0	0	1	NA	NA	NA	NA	NA
JBHJCD010000037.1_10	11989	12975	987	-1	0.661	11	GGA/GAG/AGG	NA	NA	NA	0	0	0	1	NA	NA	NA	NA	NA
JBHJCD010000037.1_11	13376	17026	3651	1	0.670	11	GGAG/GAGG	GENOMAD.090513.CP	5.666e-22	106	0	0	0	1	NA	NA	NA	PF20833	RNase E/G, Thioredoxin-like domain
JBHJCD010000037.1_12	17551	18198	648	-1	0.594	11	GGAG/GAGG	NA	NA	NA	0	0	0	1	NA	NA	NA	NA	NA
JBHJCD010000037.1_13	18438	19184	747	-1	0.632	11	None	GENOMAD.112742.CP	1.229e-22	100	0	0	0	1	NA	NA	NA	PF17773;COG1054	UPF0176 acylphosphatase like domain
JBHJCD010000037.1_14	19284	19649	366	-1	0.653	11	None	GENOMAD.018062.CC	1.591e-15	74	0	0	0	1	NA	NA	NA	PF19661	Putative prokaryotic signal transducing protein
JBHJCD010000037.1_15	19709	20140	432	1	0.657	11	GGA/GAG/AGG	GENOMAD.101229.CV	2.38e-10	60	0	0	0	1	NA	NA	NA	PF18023;K09577;COG1047	BDBT FKBP like N-terminal
JBHJCD010000037.1_16	20151	21413	1263	1	0.652	11	GGA/GAG/AGG	NA	NA	NA	0	0	0	1	NA	NA	NA	NA	NA
JBHJCD010000037.1_17	21397	22689	1293	-1	0.641	11	AGGA	NA	NA	NA	0	0	0	1	NA	NA	NA	NA	NA
JBHJCD010000037.1_18	23797	24309	513	-1	0.556	11	None	GENOMAD.177338.PC	1.225e-05	47	0	0	0	1	NA	NA	NA	PF13683	Integrase core domain
JBHJCD010000038.1_1	16	759	744	1	0.578	11	GGAG/GAGG	NA	NA	NA	0	0	0	1	NA	NA	NA	NA	NA
JBHJCD010000038.1_2	1477	1905	429	-1	0.608	11	GGA/GAG/AGG	GENOMAD.101014.VV	9.116e-31	119	0	0	1	1	NA	NA	NA	PF12375	Phage protein
JBHJCD010000038.1_3	1898	2386	489	-1	0.607	11	GGA/GAG/AGG	GENOMAD.223687.VP	1.015e-06	50	0	0	1	2773	Inoviridae	NA	NA	PF12472	Phage related protein
JBHJCD010000038.1_4	2514	2729	216	1	0.611	11	GGAGG	GENOMAD.096365.VV	3.199e-18	79	0	0	0	2773	Inoviridae	NA	NA	NA	NA
JBHJCD010000038.1_5	2726	2899	174	1	0.546	11	AGGAG	NA	NA	NA	0	0	0	1	NA	NA	NA	NA	NA
JBHJCD010000038.1_6	2892	3068	177	1	0.565	11	AGxAGG/AGGxGG	GENOMAD.185254.VV	3.756e-18	78	0	0	0	1	NA	NA	NA	NA	NA
JBHJCD010000038.1_7	3061	4101	1041	1	0.579	11	GGAG/GAGG	GENOMAD.222675.VP	8.995e-234	716	0	0	0	2773	Inoviridae	NA	NA	NA	NA
JBHJCD010000038.1_8	4098	4394	297	1	0.566	11	GGA/GAG/AGG	GENOMAD.222243.VP	5.055e-49	169	0	0	1	2773	Inoviridae	NA	NA	PF02303	Helix-destabilising protein
JBHJCD010000038.1_9	4398	4649	252	1	0.639	11	GGA/GAG/AGG	GENOMAD.148914.VV	4.547e-20	85	0	0	1	1	NA	NA	NA	PF17091	Inovirus G7P protein
JBHJCD010000038.1_10	4677	4805	129	1	0.581	11	AGGAG	GENOMAD.112093.VV	2.595e-14	66	0	0	0	1	NA	NA	NA	NA	NA
JBHJCD010000038.1_11	5067	5909	843	1	0.600	11	None	GENOMAD.097192.VV	4.686e-31	126	0	0	0	2773	Inoviridae	NA	NA	NA	NA
JBHJCD010000038.1_12	6044	6364	321	1	0.583	11	GGAG/GAGG	GENOMAD.214060.VP	4.995e-45	158	0	0	0	2773	Inoviridae	NA	NA	NA	NA
JBHJCD010000038.1_13	6366	7688	1323	1	0.613	11	GGA/GAG/AGG	NA	NA	NA	0	0	0	1	NA	NA	NA	NA	NA
JBHJCD010000038.1_14	7718	8110	393	1	0.583	11	GGAGG	GENOMAD.141606.VV	9.358e-50	173	0	0	0	16538	Coriovirus Cf1c	NA	NA	PF13511	NA
JBHJCD010000038.1_15	8149	8487	339	-1	0.640	11	GGA/GAG/AGG	GENOMAD.212325.VP	8.98e-58	195	0	0	1	2773	Inoviridae	NA	NA	PF12375;PF12472	Phage protein; Phage related protein
JBHJCD010000038.1_16	8671	9036	366	1	0.639	11	GGAG/GAGG	GENOMAD.212325.VP	4.952e-28	110	0	0	1	2773	Inoviridae	NA	NA	PF12375;PF12472	Phage protein; Phage related protein
JBHJCD010000038.1_17	9115	9387	273	-1	0.667	11	GGA/GAG/AGG	GENOMAD.213312.VP	6.29e-20	85	0	0	0	2773	Inoviridae	NA	NA	PF10723	NA
JBHJCD010000038.1_18	9392	9484	93	-1	0.581	11	GGAG/GAGG	NA	NA	NA	0	0	0	1	NA	NA	NA	NA	NA
JBHJCD010000038.1_19	9535	10677	1143	-1	0.604	11	None	GENOMAD.090645.VV	1.033e-25	113	0	0	0	2773	Inoviridae	NA	NA	NA	NA
JBHJCD010000038.1_20	10677	10967	291	-1	0.636	11	AGGAG	GENOMAD.100562.VV	3.787e-43	152	0	0	0	1	NA	NA	NA	PF10734	NA
JBHJCD010000038.1_21	10969	12438	1470	-1	0.618	11	GGxGG	GENOMAD.083062.VV	1.078e-64	233	0	0	0	2773	Inoviridae	NA	NA	NA	NA
JBHJCD010000038.1_22	12562	12789	228	-1	0.667	11	AGGA	NA	NA	NA	0	0	0	1	NA	NA	NA	NA	NA
JBHJCD010000038.1_23	12818	13018	201	-1	0.597	11	AGGAG	GENOMAD.209539.VP	8.859e-14	66	0	0	0	2773	Inoviridae	NA	NA	NA	NA
JBHJCD010000038.1_24	13028	13300	273	-1	0.593	11	GGA/GAG/AGG	NA	NA	NA	0	0	0	1	NA	NA	NA	NA	NA
JBHJCD010000038.1_25	13410	14480	1071	-1	0.603	11	GGxGG	GENOMAD.223689.VP	2.947e-164	516	0	0	0	2773	Inoviridae	MOBT	NA	PF02486;K07467;COG2946	DNA relaxase NicK
JBHJCD010000038.1_26	14477	14629	153	-1	0.654	11	GGAG/GAGG	NA	NA	NA	0	0	0	1	NA	NA	NA	NA	NA
JBHJCD010000038.1_27	14622	14795	174	-1	0.626	11	GGA/GAG/AGG	GENOMAD.226430.VP	3.187e-19	81	0	0	0	1	NA	NA	NA	NA	NA
JBHJCD010000038.1_28	14932	15327	396	1	0.540	11	GGA/GAG/AGG	NA	NA	NA	0	0	0	1	NA	NA	NA	NA	NA
JBHJCD010000038.1_29	15394	17310	1917	1	0.664	11	GGA/GAG/AGG	NA	NA	NA	0	0	0	1	NA	NA	NA	NA	NA
JBHJCD010000038.1_30	17861	18286	426	-1	0.601	11	None	NA	NA	NA	0	0	0	1	NA	NA	NA	NA	NA
JBHJCD010000038.1_31	18352	19290	939	1	0.640	11	None	NA	NA	NA	0	0	0	1	NA	NA	NA	NA	NA
JBHJCD010000038.1_32	19287	19727	441	1	0.689	11	GGA/GAG/AGG	NA	NA	NA	0	0	0	1	NA	NA	NA	NA	NA
JBHJCD010000038.1_33	19724	20155	432	1	0.671	11	GGAG/GAGG	GENOMAD.151842.CP	2.697e-08	54	0	0	0	1	NA	NA	NA	PF20398;COG2391	Sulphur transport
JBHJCD010000038.1_34	20152	20592	441	1	0.630	11	GGA/GAG/AGG	GENOMAD.179551.PC	1.548e-17	81	0	0	0	1	NA	NA	NA	PF04273;TIGR01244;COG3453	TIGR01244 family protein
JBHJCD010000038.1_35	20602	21204	603	1	0.640	11	GGA/GAG/AGG	NA	NA	NA	0	0	0	1	NA	NA	NA	NA	NA
JBHJCD010000039.1_1	2	763	762	1	0.651	11	None	NA	NA	NA	0	0	0	1	NA	NA	NA	NA	NA
JBHJCD010000039.1_2	903	2402	1500	1	0.630	11	GGAG/GAGG	NA	NA	NA	0	0	0	1	NA	NA	NA	NA	NA
JBHJCD010000039.1_3	2518	3030	513	-1	0.606	11	AGGAG	GENOMAD.176794.PC	3.11e-38	142	0	0	0	1	NA	NA	NA	PF20409;COG4922;TIGR02096;K06893	Predicted SnoaL-like aldol condensation-catalyzing enzyme
JBHJCD010000039.1_4	3471	4655	1185	-1	0.660	11	AGGAG	GENOMAD.178036.PC	7.647e-36	144	0	0	0	1	NA	NA	NA	NA	NA
JBHJCD010000039.1_5	4752	5639	888	1	0.662	11	GGA/GAG/AGG	NA	NA	NA	0	0	0	1	NA	NA	NA	NA	NA
JBHJCD010000039.1_6	5910	7391	1482	-1	0.667	11	AGGAG	GENOMAD.133528.CP	0.0001349	47	0	0	0	1	NA	NA	NA	NA	NA
JBHJCD010000039.1_7	7423	8190	768	-1	0.651	11	GGAGG	NA	NA	NA	0	0	0	1	NA	NA	NA	NA	NA
JBHJCD010000039.1_8	8224	9213	990	-1	0.619	11	None	GENOMAD.189522.PC	1.733e-174	544	0	0	0	1	NA	NA	NA	PF13557;COG4313	Putative MetA-pathway of phenol degradation
JBHJCD010000039.1_9	9385	9861	477	-1	0.683	11	GGA/GAG/AGG	NA	NA	NA	0	0	0	1	NA	NA	NA	NA	NA
JBHJCD010000039.1_10	10298	11545	1248	-1	0.639	11	None	GENOMAD.145307.CP	1.477e-06	53	0	0	0	1	NA	NA	NA	PF01966;COG1713;TIGR03401	HD superfamily phosphohydrolase YqeK (fused to NMNAT in mycoplasms)
JBHJCD010000039.1_11	11695	13005	1311	-1	0.662	11	AGGA	NA	NA	NA	0	0	0	1	NA	NA	NA	NA	NA
JBHJCD010000039.1_12	13467	14012	546	1	0.647	11	GGAG/GAGG	NA	NA	NA	0	0	0	1	NA	NA	NA	NA	NA
JBHJCD010000039.1_13	14069	14257	189	-1	0.741	11	None	NA	NA	NA	0	0	0	1	NA	NA	NA	NA	NA
JBHJCD010000039.1_14	14384	15745	1362	-1	0.668	11	AGGAG	GENOMAD.213349.VC	1.586e-14	79	0	0	0	1	NA	NA	NA	PF00150;COG2730	Cellulase (glycosyl hydrolase family 5)
JBHJCD010000039.1_15	16130	17968	1839	1	0.650	11	None	NA	NA	NA	0	0	0	1	NA	NA	NA	NA	NA
JBHJCD010000039.1_16	18243	19190	948	-1	0.651	11	None	NA	NA	NA	0	0	0	1	NA	NA	NA	NA	NA
JBHJCD010000039.1_17	19792	19917	126	1	0.579	11	GGA/GAG/AGG	NA	NA	NA	0	0	0	1	NA	NA	NA	NA	NA
JBHJCD010000040.1_1	3	539	537	1	0.611	11	None	NA	NA	NA	0	0	0	1	NA	NA	NA	NA	NA
JBHJCD010000040.1_2	913	1776	864	1	0.613	11	None	NA	NA	NA	0	0	0	1	NA	NA	NA	NA	NA
JBHJCD010000040.1_3	1925	2179	255	-1	0.580	11	AGGAG	NA	NA	NA	0	0	0	1	NA	NA	NA	NA	NA
JBHJCD010000040.1_4	2444	4045	1602	1	0.668	11	AGGA	NA	NA	NA	0	0	0	1	NA	NA	NA	NA	NA
JBHJCD010000040.1_5	4098	4439	342	-1	0.632	11	AGGAG	NA	NA	NA	0	0	0	1	NA	NA	NA	NA	NA
JBHJCD010000040.1_6	4596	5276	681	-1	0.505	11	AGxAGG/AGGxGG	NA	NA	NA	0	0	0	1	NA	NA	NA	NA	NA
JBHJCD010000040.1_7	5422	6939	1518	-1	0.638	11	3Base/5BMM	NA	NA	NA	0	0	0	1	NA	NA	NA	NA	NA
JBHJCD010000040.1_8	7254	9305	2052	1	0.676	11	GGA/GAG/AGG	GENOMAD.000854.CC	6.826e-29	127	0	0	0	1	NA	NA	NA	PF14840	Processivity clamp loader gamma complex DNA pol III C-term
JBHJCD010000040.1_9	9312	9632	321	1	0.629	11	GGA/GAG/AGG	GENOMAD.000078.CC	2.582e-20	87	0	0	0	1	NA	NA	NA	PF10921;K09747;COG0718;TIGR00103	Conserved DNA-binding protein YbaB (function unknown)
JBHJCD010000040.1_10	9730	10323	594	1	0.667	11	None	GENOMAD.000052.CC	1.716e-39	147	1	0	0	1246	Caudoviricetes	NA	NA	PF02132;PF13662;COG0353;TIGR00615;K06187	Recombinational DNA repair protein RecR
JBHJCD010000040.1_11	10424	10774	351	1	0.627	11	None	NA	NA	NA	0	0	0	1	NA	NA	NA	NA	NA
JBHJCD010000040.1_12	10892	11425	534	-1	0.661	11	GGAG/GAGG	GENOMAD.138200.CP	2.898e-42	154	0	0	0	1	NA	NA	NA	K07285;COG3065	Starvation-inducible outer membrane lipoprotein
JBHJCD010000040.1_13	11422	13374	1953	-1	0.676	11	None	GENOMAD.133722.CP	7.245e-42	168	0	0	0	1	NA	NA	NA	PF11992;PF01841;PF13559;K22452	TgpA N-terminal domain; Transglutaminase-like superfamily
JBHJCD010000040.1_14	13367	14323	957	-1	0.691	11	GGA/GAG/AGG	GENOMAD.115237.CP	1.539e-69	240	0	0	0	1	NA	NA	NA	PF01882;PF05753;COG1721	Uncharacterized conserved protein, DUF58 family, contains vWF domain
JBHJCD010000040.1_15	14328	15281	954	-1	0.672	11	GGA/GAG/AGG	NA	NA	NA	0	0	0	1	NA	NA	NA	NA	NA
JBHJCD010000040.1_16	15319	17157	1839	1	0.662	11	GGA/GAG/AGG	GENOMAD.141973.CP	3.741e-104	354	0	0	0	1	NA	NA	NA	COG1807	4-amino-4-deoxy-L-arabinose transferase or related glycosyltransferase of PMT family
JBHJCD010000040.1_17	17270	18625	1356	1	0.487	11	AGGA	GENOMAD.056843.CC	1.292e-256	788	0	0	0	1	NA	NA	NA	NA	NA
JBHJCD010000040.1_18	18739	19065	327	-1	0.688	11	None	NA	NA	NA	0	0	0	1	NA	NA	NA	NA	NA
JBHJCD010000041.1_1	3	410	408	-1	0.625	11	GGA/GAG/AGG	NA	NA	NA	0	0	0	1	NA	NA	NA	NA	NA
JBHJCD010000041.1_2	439	1671	1233	-1	0.647	11	AGxAGG/AGGxGG	GENOMAD.107175.PC	4.281e-49	184	0	1	0	1	NA	NA	NA	PF03743	Bacterial conjugation TrbI-like protein
JBHJCD010000041.1_3	1668	2471	804	-1	0.586	11	GGAG/GAGG	GENOMAD.109949.PC	6.189e-46	169	0	1	0	1	NA	T_virB9	NA	PF03524;K03204;TIGR02781;COG3504	P-type conjugative transfer protein VirB9
JBHJCD010000041.1_4	2481	3167	687	-1	0.622	11	GGA/GAG/AGG	GENOMAD.094265.PC	7.613e-21	94	0	1	0	1	NA	T_virB8	NA	PF04335;K12081;COG3736;TIGR03781	VirB8 protein
JBHJCD010000041.1_5	3160	3360	201	-1	0.577	11	GGAG/GAGG	NA	NA	NA	0	0	0	1	NA	NA	NA	NA	NA
JBHJCD010000041.1_6	3381	4370	990	-1	0.582	11	GGAGG	GENOMAD.105811.PC	7.329e-35	139	0	1	0	1	NA	T_virB6	NA	K03201;COG3704	Type IV secretory pathway, VirB6 components
JBHJCD010000041.1_7	4390	4650	261	-1	0.598	11	GGA/GAG/AGG	GENOMAD.081565.PP	1.402e-10	58	0	0	0	1	NA	NA	NA	PF16342;K12084;TIGR04359;COG5567	entry exclusion lipoprotein TrbK
JBHJCD010000041.1_8	4836	5540	705	-1	0.603	11	AGGAG	GENOMAD.082443.PC	5.076e-32	127	0	1	0	1	NA	T_virB5	NA	PF07996;K03200;TIGR02791;COG5314	Type IV secretion system proteins
JBHJCD010000041.1_9	5537	5698	162	-1	0.568	11	AGGAG	NA	NA	NA	0	0	0	1	NA	NA	NA	NA	NA
JBHJCD010000041.1_10	5695	8307	2613	-1	0.611	11	AGGA	GENOMAD.108687.PC	9.347e-100	350	0	1	0	1	NA	virb4	NA	PF19044;PF03135;PF05101;K03199;TIGR00929;COG3451	type IV secretion/conjugal transfer ATPase, VirB4 family
JBHJCD010000041.1_11	8297	8629	333	-1	0.541	11	GGA/GAG/AGG	GENOMAD.058872.PP	2.452e-46	162	0	1	0	1	NA	T_virB3	NA	PF05101;K03198;COG3702	Type IV secretory pathway, VirB3 components
JBHJCD010000041.1_12	8645	8941	297	-1	0.569	11	GGAG/GAGG	GENOMAD.124463.PP	3.491e-06	46	0	1	0	1	NA	T_virB2	NA	PF04956;K03197;COG3838	TrbC/VIRB2 pilin
JBHJCD010000041.1_13	8944	9198	255	-1	0.549	11	GGAG/GAGG	GENOMAD.028518.PP	1.802e-07	49	0	0	0	1	NA	NA	NA	NA	NA
JBHJCD010000041.1_14	9286	10095	810	-1	0.636	11	GGA/GAG/AGG	GENOMAD.113489.PC	1.467e-08	58	0	1	0	1	NA	T_virB1	NA	PF06871;K03194;COG4764	TraH_2
JBHJCD010000041.1_15	10271	10666	396	1	0.573	11	GGAG/GAGG	NA	NA	NA	0	0	0	1	NA	NA	NA	NA	NA
JBHJCD010000041.1_16	10597	10848	252	-1	0.579	11	AGGA/GGAG/GAGG	NA	NA	NA	0	0	0	1	NA	NA	NA	NA	NA
JBHJCD010000041.1_17	10928	12730	1803	1	0.562	11	3Base/5BMM	NA	NA	NA	0	0	0	1	NA	NA	NA	NA	NA
JBHJCD010000041.1_18	12679	13644	966	1	0.568	11	GGAG/GAGG	NA	NA	NA	0	0	0	1	NA	NA	NA	NA	NA
JBHJCD010000041.1_19	13732	14481	750	1	0.621	11	None	NA	NA	NA	0	0	0	1	NA	NA	NA	NA	NA
JBHJCD010000041.1_20	14633	14989	357	1	0.608	11	AGGAG	NA	NA	NA	0	0	0	1	NA	NA	NA	NA	NA
JBHJCD010000041.1_21	14991	15380	390	1	0.685	11	None	NA	NA	NA	0	0	0	1	NA	NA	NA	NA	NA
JBHJCD010000041.1_22	15484	15765	282	1	0.663	11	AGGAG	NA	NA	NA	0	0	0	1	NA	NA	NA	NA	NA
JBHJCD010000041.1_23	15777	16283	507	1	0.667	11	GGA/GAG/AGG	NA	NA	NA	0	0	0	1	NA	NA	NA	NA	NA
JBHJCD010000041.1_24	16661	17308	648	1	0.623	11	GGA/GAG/AGG	NA	NA	NA	0	0	0	1	NA	NA	NA	NA	NA
JBHJCD010000042.1_1	1	600	600	1	0.558	11	None	NA	NA	NA	0	0	0	1	NA	NA	NA	NA	NA
JBHJCD010000042.1_2	602	880	279	1	0.652	11	None	NA	NA	NA	0	0	0	1	NA	NA	NA	NA	NA
JBHJCD010000042.1_3	1392	2654	1263	-1	0.634	11	GGAGG	GENOMAD.042758.PP	2.014e-136	439	0	0	0	1	NA	NA	NA	PF06666	NA
JBHJCD010000042.1_4	2669	5749	3081	-1	0.675	11	GGA/GAG/AGG	NA	NA	NA	0	0	0	1	NA	NA	NA	NA	NA
JBHJCD010000042.1_5	5753	7273	1521	-1	0.604	11	GGA/GAG/AGG	GENOMAD.228061.PC	2.455e-07	56	0	1	0	1	NA	t4cp2	NA	PF10412;COG3505;TIGR02759	Type IV secretory pathway, VirD4 component, TraG/TraD family ATPase
JBHJCD010000042.1_6	7287	7655	369	-1	0.629	11	AGGA	NA	NA	NA	0	0	0	1	NA	NA	NA	NA	NA
JBHJCD010000042.1_7	7975	8964	990	-1	0.547	11	AGGAG	NA	NA	NA	0	0	0	1	NA	NA	NA	NA	NA
JBHJCD010000042.1_8	8957	9187	231	-1	0.632	11	GGAG/GAGG	NA	NA	NA	0	0	0	1	NA	NA	NA	NA	NA
JBHJCD010000042.1_9	9177	9416	240	-1	0.604	11	None	NA	NA	NA	0	0	0	1	NA	NA	NA	NA	NA
JBHJCD010000042.1_10	9416	9613	198	-1	0.621	11	AGGA	GENOMAD.045851.PP	0.0005722	38	0	0	0	1	NA	NA	NA	NA	NA
JBHJCD010000042.1_11	9862	9999	138	-1	0.572	11	GGAG/GAGG	NA	NA	NA	0	0	0	1	NA	NA	NA	NA	NA
JBHJCD010000042.1_12	10040	10387	348	-1	0.664	11	GGAG/GAGG	GENOMAD.145840.PV	1.289e-06	48	0	0	0	1	NA	NA	NA	PF16777;COG4877	Transcriptional regulator, RHH-like, CopG
JBHJCD010000042.1_13	10439	11086	648	-1	0.664	11	GGAG/GAGG	NA	NA	NA	0	0	0	1	NA	NA	NA	NA	NA
JBHJCD010000042.1_14	11458	11688	231	-1	0.636	11	AGGA	GENOMAD.223967.VP	5.854e-22	90	0	0	0	1246	Caudoviricetes	NA	NA	NA	NA
JBHJCD010000042.1_15	11852	12250	399	-1	0.642	11	AGGAG	NA	NA	NA	0	0	0	1	NA	NA	NA	NA	NA
JBHJCD010000042.1_16	12316	12990	675	1	0.704	11	None	NA	NA	NA	0	0	0	1	NA	NA	NA	NA	NA
JBHJCD010000042.1_17	13350	14153	804	-1	0.689	11	AGxAGG/AGGxGG	GENOMAD.023008.PP	4.02e-134	424	0	1	0	1	NA	NA	NA	PF02387	NA
JBHJCD010000042.1_18	14456	14662	207	-1	0.609	11	None	GENOMAD.075964.PP	5.756e-05	41	0	0	0	1	NA	NA	NA	NA	NA
JBHJCD010000042.1_19	14659	14964	306	-1	0.670	11	AGGAG	GENOMAD.077549.PP	1.3e-09	56	0	0	0	1	NA	NA	NA	PF09386;COG4453;TIGR02384	Uncharacterized conserved protein, DUF1778 family
JBHJCD010000042.1_20	15078	15218	141	-1	0.624	11	AGGA	NA	NA	NA	0	0	0	1	NA	NA	NA	NA	NA
JBHJCD010000042.1_21	15268	15507	240	-1	0.608	11	None	GENOMAD.045851.PP	8.215e-06	44	0	0	0	1	NA	NA	NA	NA	NA
JBHJCD010000043.1_1	55	315	261	1	0.655	11	GGAGG	GENOMAD.223849.VP	3.135e-10	57	0	0	0	1	NA	NA	NA	NA	NA
JBHJCD010000043.1_2	308	1951	1644	1	0.644	11	GGAG/GAGG	GENOMAD.183789.PC	1.254e-84	294	0	1	0	1	NA	NA	NA	PF02195;TIGR03764;COG1475;K03497	integrating conjugative element, PFGI_1 class, ParB family protein
JBHJCD010000043.1_3	1967	2527	561	1	0.586	11	GGAG/GAGG	GENOMAD.180325.PC	2.943e-46	166	0	0	0	1	NA	NA	NA	PF11198	NA
JBHJCD010000043.1_4	2531	3757	1227	1	0.597	11	GGA/GAG/AGG	GENOMAD.192798.PC	1.098e-87	297	0	0	0	1	NA	NA	NA	NA	NA
JBHJCD010000043.1_5	4079	4834	756	1	0.616	11	GGA/GAG/AGG	GENOMAD.171663.PC	1.409e-94	309	0	0	0	1	NA	NA	NA	PF08900;TIGR03761	integrating conjugative element protein, PFL_4669 family
JBHJCD010000043.1_6	4831	5364	534	1	0.612	11	GGA/GAG/AGG	GENOMAD.067442.PP	1.301e-33	129	0	0	0	1	NA	NA	NA	PF11358	NA
JBHJCD010000043.1_7	5438	5878	441	1	0.619	11	GGAG/GAGG	NA	NA	NA	0	0	0	1	NA	NA	NA	NA	NA
JBHJCD010000043.1_8	6158	8170	2013	1	0.641	11	GGA/GAG/AGG	NA	NA	NA	0	0	0	1	NA	NA	NA	NA	NA
JBHJCD010000043.1_9	8705	10243	1539	1	0.652	11	AGGAG	GENOMAD.208994.VP	2.183e-61	224	0	0	0	1246	Caudoviricetes	NA	NA	PF00145;K21507;TIGR00675;COG0270	DNA-methyltransferase (dcm)
JBHJCD010000043.1_10	10716	10928	213	1	0.592	11	AGGAG	NA	NA	NA	0	0	0	1	NA	NA	NA	NA	NA
JBHJCD010000043.1_11	10950	11342	393	1	0.618	11	AGGAG	NA	NA	NA	0	0	0	1	NA	NA	NA	NA	NA
JBHJCD010000043.1_12	11583	13709	2127	1	0.667	11	GGAG/GAGG	NA	NA	NA	0	0	0	1	NA	NA	NA	NA	NA
JBHJCD010000043.1_13	13709	14635	927	1	0.634	11	GGAG/GAGG	NA	NA	NA	0	0	0	1	NA	NA	NA	NA	NA
JBHJCD010000044.1_1	706	1614	909	-1	0.600	11	AGGAG/GGAGG	NA	NA	NA	0	0	0	1	NA	NA	NA	NA	NA
JBHJCD010000044.1_2	1725	2000	276	-1	0.587	11	None	NA	NA	NA	0	0	0	1	NA	NA	NA	NA	NA
JBHJCD010000044.1_3	2004	2486	483	-1	0.656	11	GGAG/GAGG	GENOMAD.141466.PV	2.279e-28	113	0	0	0	1	NA	NA	NA	PF20090	NA
JBHJCD010000044.1_4	2593	2808	216	-1	0.671	11	GGAG/GAGG	NA	NA	NA	0	0	0	1	NA	NA	NA	NA	NA
JBHJCD010000044.1_5	2808	3020	213	-1	0.671	11	GGA/GAG/AGG	GENOMAD.221727.VP	7.663e-10	55	0	0	0	1	NA	NA	NA	NA	NA
JBHJCD010000044.1_6	3002	3277	276	-1	0.638	11	GGA/GAG/AGG	GENOMAD.228056.PP	1.332e-05	44	0	0	0	1	NA	NA	NA	NA	NA
JBHJCD010000044.1_7	3334	4074	741	-1	0.601	11	AGGA	GENOMAD.115261.PC	5.522e-22	98	0	1	0	1	NA	T_virB5	NA	TIGR02780;COG5314;K20266	P-type conjugative transfer protein TrbJ
JBHJCD010000044.1_8	4087	5868	1782	-1	0.617	11	AGGAG	NA	NA	NA	0	0	0	1	NA	NA	NA	NA	NA
JBHJCD010000044.1_9	5855	6325	471	-1	0.626	11	AGGAG	NA	NA	NA	0	0	0	1	NA	NA	NA	NA	NA
JBHJCD010000044.1_10	6573	6770	198	-1	0.576	11	GGA/GAG/AGG	NA	NA	NA	0	0	0	1	NA	NA	NA	NA	NA
JBHJCD010000044.1_11	6912	7589	678	-1	0.667	11	AGGAG	NA	NA	NA	0	0	0	1	NA	NA	NA	NA	NA
JBHJCD010000044.1_12	7608	10157	2550	-1	0.618	11	GGAG/GAGG	GENOMAD.090142.PC	3.536e-163	537	0	1	0	1	NA	MOBP1	NA	PF03432;PF18821	Relaxase/Mobilisation nuclease domain; Large polyvalent protein-associated domain 7
JBHJCD010000044.1_13	10161	10520	360	-1	0.667	11	AGGA	GENOMAD.010065.PP	3.718e-30	116	0	1	0	1	NA	NA	NA	PF07328;COG4453	T-DNA border endonuclease VirD1
JBHJCD010000044.1_14	10810	11235	426	1	0.662	11	AGxAGG/AGGxGG	GENOMAD.136316.PV	1.156e-08	55	0	0	0	1	NA	NA	NA	PF17273	NA
JBHJCD010000044.1_15	11264	12013	750	1	0.613	11	AGGA	GENOMAD.126298.PC	4.668e-07	53	0	0	0	1	NA	NA	NA	PF10609;K07321;TIGR03371;COG1348	NUBPL iron-transfer P-loop NTPase
JBHJCD010000044.1_16	12023	12580	558	1	0.584	11	GGA/GAG/AGG	NA	NA	NA	0	0	0	1	NA	NA	NA	NA	NA
JBHJCD010000044.1_17	12664	14028	1365	1	0.610	11	AGGAG	NA	NA	NA	0	0	0	1	NA	NA	NA	NA	NA
JBHJCD010000045.1_1	2	85	84	1	0.619	11	None	NA	NA	NA	0	0	0	1	NA	NA	NA	NA	NA
JBHJCD010000045.1_2	188	1522	1335	-1	0.642	11	None	NA	NA	NA	0	0	0	1	NA	NA	NA	NA	NA
JBHJCD010000045.1_3	1515	2192	678	-1	0.633	11	GGAG/GAGG	NA	NA	NA	0	0	0	1	NA	NA	NA	NA	NA
JBHJCD010000045.1_4	2218	2661	444	-1	0.613	11	AGGAG	NA	NA	NA	0	0	0	1	NA	NA	NA	NA	NA
JBHJCD010000045.1_5	2870	3787	918	-1	0.673	11	None	NA	NA	NA	0	0	0	1	NA	NA	NA	NA	NA
JBHJCD010000045.1_6	4259	6391	2133	1	0.617	11	GGA/GAG/AGG	GENOMAD.145672.CV	0.0004447	46	0	0	0	1	NA	NA	NA	PF18390	Glycogen debranching enzyme C-terminal domain
JBHJCD010000045.1_7	7016	7408	393	-1	0.611	11	None	GENOMAD.116980.PP	1.551e-52	181	0	0	0	1	NA	NA	NA	COG2916;K11685	DNA-binding protein H-NS
JBHJCD010000045.1_8	7499	7891	393	-1	0.672	11	None	NA	NA	NA	0	0	0	1	NA	NA	NA	NA	NA
JBHJCD010000045.1_9	8002	8685	684	-1	0.614	11	AGGA	NA	NA	NA	0	0	0	1	NA	NA	NA	NA	NA
JBHJCD010000045.1_10	9139	9387	249	1	0.546	11	GGAG/GAGG	NA	NA	NA	0	0	0	1	NA	NA	NA	NA	NA
JBHJCD010000045.1_11	9884	10228	345	1	0.638	11	AGGAG	NA	NA	NA	0	0	0	1	NA	NA	NA	NA	NA
JBHJCD010000045.1_12	10292	10573	282	1	0.550	11	AGGA	NA	NA	NA	0	0	0	1	NA	NA	NA	NA	NA
JBHJCD010000045.1_13	10581	10949	369	1	0.588	11	GGAG/GAGG	NA	NA	NA	0	0	0	1	NA	NA	NA	NA	NA
JBHJCD010000045.1_14	11022	12617	1596	-1	0.681	11	GGAG/GAGG	NA	NA	NA	0	0	0	1	NA	NA	NA	NA	NA
JBHJCD010000045.1_15	12883	13209	327	1	0.587	11	AGGAG	NA	NA	NA	0	0	0	1	NA	NA	NA	NA	NA
JBHJCD010000046.1_1	3	251	249	1	0.522	11	None	NA	NA	NA	0	0	0	1	NA	NA	NA	NA	NA
JBHJCD010000046.1_2	312	626	315	1	0.616	11	GGAG/GAGG	GENOMAD.027931.PP	2.845e-26	104	0	0	0	1	NA	NA	NA	NA	NA
JBHJCD010000046.1_3	671	1051	381	-1	0.633	11	AGxAGG/AGGxGG	NA	NA	NA	0	0	0	1	NA	NA	NA	NA	NA
JBHJCD010000046.1_4	1066	1761	696	-1	0.576	11	AGGAG	GENOMAD.123110.PV	2.037e-53	189	0	0	0	1	NA	NA	NA	PF07755;COG0132;TIGR03371	Dethiobiotin synthetase
JBHJCD010000046.1_5	1771	2217	447	-1	0.602	11	GGA/GAG/AGG	GENOMAD.136316.PV	1.616e-05	46	0	0	0	1	NA	NA	NA	PF17273	NA
JBHJCD010000046.1_6	2601	2939	339	1	0.581	11	AGxAGG/AGGxGG	NA	NA	NA	0	0	0	1	NA	NA	NA	NA	NA
JBHJCD010000046.1_7	2943	4490	1548	1	0.627	11	GGAG/GAGG	GENOMAD.228061.PC	7.103e-05	48	0	1	0	1	NA	t4cp2	NA	PF10412;COG3505;TIGR02759	Type IV secretory pathway, VirD4 component, TraG/TraD family ATPase
JBHJCD010000046.1_8	4487	7357	2871	1	0.643	11	None	NA	NA	NA	0	0	0	1	NA	NA	NA	NA	NA
JBHJCD010000046.1_9	7354	7512	159	-1	0.560	11	GGA/GAG/AGG	NA	NA	NA	0	0	0	1	NA	NA	NA	NA	NA
JBHJCD010000046.1_10	7868	8185	318	-1	0.607	11	GGAG/GAGG	NA	NA	NA	0	0	0	1	NA	NA	NA	NA	NA
JBHJCD010000046.1_11	8235	8747	513	-1	0.614	11	None	GENOMAD.162302.CP	2.635e-06	49	0	0	0	1	NA	NA	NA	PF13091;COG3886	PLD-like domain
JBHJCD010000046.1_12	8773	9798	1026	-1	0.562	11	None	NA	NA	NA	0	0	0	1	NA	NA	NA	NA	NA
JBHJCD010000046.1_13	9788	10927	1140	-1	0.596	11	GGAGG	GENOMAD.107175.PC	1.557e-52	193	0	1	0	1	NA	NA	NA	PF03743	Bacterial conjugation TrbI-like protein
JBHJCD010000046.1_14	10924	11823	900	-1	0.574	11	GGAGG	GENOMAD.117259.PC	8.824e-27	114	0	1	0	1	NA	T_virB9	NA	PF03524;TIGR02781;COG3504	Conjugal transfer protein
JBHJCD010000046.1_15	11825	12607	783	-1	0.570	11	AGxAGG/AGGxGG	GENOMAD.101886.PC	8.165e-15	77	0	1	0	1	NA	T_virB8	NA	PF04335;K12081;COG3736;TIGR03781	VirB8 protein
JBHJCD010000046.1_16	12896	13678	783	-1	0.590	11	None	GENOMAD.105811.PC	8.353e-17	83	0	1	0	1	NA	T_virB6	NA	K03201;COG3704	Type IV secretory pathway, VirB6 components
JBHJCD010000047.1_1	32	613	582	1	0.631	11	GGAGG	NA	NA	NA	0	0	0	1	NA	NA	NA	NA	NA
JBHJCD010000047.1_2	691	1407	717	-1	0.519	11	AGGA	NA	NA	NA	0	0	0	1	NA	NA	NA	NA	NA
JBHJCD010000047.1_3	1400	1918	519	-1	0.482	11	GGA/GAG/AGG	GENOMAD.219690.CP	1.277e-05	47	0	0	0	1	NA	NA	NA	PF14487	ssDNA thymidine ADP-ribosyltransferase, DarT
JBHJCD010000047.1_4	2004	2630	627	-1	0.746	11	GGA/GAG/AGG	NA	NA	NA	0	0	0	1	NA	NA	NA	NA	NA
JBHJCD010000047.1_5	3082	5163	2082	1	0.622	11	AGGAG	NA	NA	NA	0	0	0	1	NA	NA	NA	NA	NA
JBHJCD010000047.1_6	5156	5479	324	1	0.633	11	AGxAG	NA	NA	NA	0	0	0	1	NA	NA	NA	NA	NA
JBHJCD010000047.1_7	5469	6299	831	1	0.646	11	GGAG/GAGG	NA	NA	NA	0	0	0	1	NA	NA	NA	NA	NA
JBHJCD010000047.1_8	6411	6623	213	-1	0.653	11	AGGA	NA	NA	NA	0	0	0	1	NA	NA	NA	NA	NA
JBHJCD010000047.1_9	6684	6920	237	-1	0.599	11	GGA/GAG/AGG	GENOMAD.078220.PP	3.036e-29	111	0	0	0	1	NA	NA	NA	NA	NA
JBHJCD010000047.1_10	6934	7842	909	-1	0.726	11	GGAG/GAGG	NA	NA	NA	0	0	0	1	NA	NA	NA	NA	NA
JBHJCD010000047.1_11	8073	8897	825	1	0.623	11	AGGAG	GENOMAD.214654.VP	5.271e-20	93	0	0	0	1246	Caudoviricetes	NA	NA	PF06067;TIGR03299	phage/plasmid-like protein TIGR03299
JBHJCD010000047.1_12	8950	9375	426	1	0.570	11	GGAG/GAGG	NA	NA	NA	0	0	0	1	NA	NA	NA	NA	NA
JBHJCD010000047.1_13	9372	9593	222	1	0.595	11	GGA/GAG/AGG	GENOMAD.220666.PV	7.048e-19	81	0	0	0	1	NA	NA	NA	PF10892;TIGR04165	NA
JBHJCD010000047.1_14	9598	9837	240	1	0.637	11	AGGAG	NA	NA	NA	0	0	0	1	NA	NA	NA	NA	NA
JBHJCD010000047.1_15	9963	10274	312	1	0.596	11	AGGA/GGAG/GAGG	GENOMAD.110060.PV	1.498e-24	99	0	0	0	1	NA	NA	NA	PF03333;COG1342;TIGR03879;K02479	Adhesin biosynthesis transcription regulatory protein
JBHJCD010000047.1_16	10267	10455	189	1	0.614	11	AGGAG	GENOMAD.069405.PP	6.56e-22	89	0	0	0	1	NA	NA	NA	PF18495	Antitoxin VbhA
JBHJCD010000047.1_17	10469	11398	930	1	0.638	11	None	NA	NA	NA	0	0	0	1	NA	NA	NA	NA	NA
JBHJCD010000047.1_18	12136	12573	438	1	0.578	11	AGGAG	NA	NA	NA	0	0	0	1	NA	NA	NA	NA	NA
JBHJCD010000048.1_1	2	316	315	-1	0.467	11	AGxAG	NA	NA	NA	0	0	0	1	NA	NA	NA	NA	NA
JBHJCD010000048.1_2	303	821	519	-1	0.501	11	GGAG/GAGG	GENOMAD.086806.PP	1.27e-31	123	0	0	0	1	NA	NA	NA	PF13827	NA
JBHJCD010000048.1_3	1006	1665	660	1	0.567	11	None	NA	NA	NA	0	0	0	1	NA	NA	NA	NA	NA
JBHJCD010000048.1_4	1544	2890	1347	-1	0.603	11	GGA/GAG/AGG	NA	NA	NA	0	0	0	1	NA	NA	NA	NA	NA
JBHJCD010000048.1_5	2887	3477	591	-1	0.504	11	AGGA	NA	NA	NA	0	0	0	1	NA	NA	NA	NA	NA
JBHJCD010000048.1_6	3543	4073	531	-1	0.505	11	AGGAG	NA	NA	NA	0	0	0	1	NA	NA	NA	NA	NA
JBHJCD010000048.1_7	4439	4960	522	-1	0.489	11	None	GENOMAD.086806.PP	5.009e-34	130	0	0	0	1	NA	NA	NA	PF13827	NA
JBHJCD010000048.1_8	5000	6136	1137	-1	0.563	11	GGA/GAG/AGG	GENOMAD.022765.PP	3.855e-216	667	0	1	0	1	NA	T_virB6	NA	K03201;COG3704	Type IV secretory pathway, VirB6 components
JBHJCD010000048.1_9	6168	6941	774	-1	0.553	11	GGA/GAG/AGG	GENOMAD.043515.PP	1.754e-138	436	0	1	0	1	NA	B_traI	NA	PF13605;TIGR02791;COG5314;K03200	P-type DNA transfer protein VirB5
JBHJCD010000048.1_10	7462	7887	426	1	0.585	11	AGGA	NA	NA	NA	0	0	0	1	NA	NA	NA	NA	NA
JBHJCD010000048.1_11	7837	9384	1548	-1	0.578	11	GGA/GAG/AGG	NA	NA	NA	0	0	0	1	NA	NA	NA	NA	NA
JBHJCD010000048.1_12	9793	10113	321	1	0.623	11	GGAG/GAGG	NA	NA	NA	0	0	0	1	NA	NA	NA	NA	NA
JBHJCD010000048.1_13	10575	12125	1551	1	0.552	11	GGA/GAG/AGG	NA	NA	NA	0	0	0	1	NA	NA	NA	NA	NA
JBHJCD010000049.1_1	2	280	279	-1	0.548	11	GGA/GAG/AGG	NA	NA	NA	0	0	0	1	NA	NA	NA	NA	NA
JBHJCD010000049.1_2	322	681	360	-1	0.589	11	GGA/GAG/AGG	GENOMAD.018298.PP	0.0008211	40	0	0	0	1	NA	NA	NA	NA	NA
JBHJCD010000049.1_3	686	1393	708	-1	0.549	11	AGGAG	GENOMAD.069718.PP	5.97e-61	211	0	1	0	1	NA	T_virB5	NA	PF07996;K03200;TIGR02791;COG5314	P-type DNA transfer protein VirB5
JBHJCD010000049.1_4	1482	4103	2622	-1	0.571	11	GGAG/GAGG	GENOMAD.108687.PC	1.63e-70	261	0	1	0	1	NA	virb4	NA	PF19044;PF03135;PF05101;K03199;TIGR00929;COG3451	type IV secretion/conjugal transfer ATPase, VirB4 family
JBHJCD010000049.1_5	4105	4422	318	-1	0.547	11	GGAG/GAGG	GENOMAD.068208.PP	5.797e-51	175	0	1	0	1	NA	T_virB3	NA	PF05101;COG3702;K03198	Type IV secretory pathway, VirB3 components
JBHJCD010000049.1_6	4444	4734	291	-1	0.553	11	AGGA/GGAG/GAGG	GENOMAD.021931.PP	3.863e-12	63	0	1	0	1	NA	NA	NA	PF04956;K03197	TrbC/VIRB2 pilin
JBHJCD010000049.1_7	4912	5793	882	-1	0.569	11	None	GENOMAD.113489.PC	2.715e-05	48	0	1	0	1	NA	T_virB1	NA	PF06871;K03194;COG4764	TraH_2
JBHJCD010000049.1_8	5866	6111	246	1	0.561	11	GGA/GAG/AGG	NA	NA	NA	0	0	0	1	NA	NA	NA	NA	NA
JBHJCD010000049.1_9	6114	6491	378	1	0.590	11	AGGAG	NA	NA	NA	0	0	0	1	NA	NA	NA	NA	NA
JBHJCD010000049.1_10	6504	6611	108	1	0.556	11	AGGAG	NA	NA	NA	0	0	0	1	NA	NA	NA	NA	NA
JBHJCD010000049.1_11	6778	7080	303	1	0.604	11	GGA/GAG/AGG	NA	NA	NA	0	0	0	1	NA	NA	NA	NA	NA
JBHJCD010000049.1_12	7318	7953	636	1	0.629	11	GGA/GAG/AGG	NA	NA	NA	0	0	0	1	NA	NA	NA	NA	NA
JBHJCD010000049.1_13	8198	9700	1503	-1	0.525	11	None	NA	NA	NA	0	0	0	1	NA	NA	NA	NA	NA
JBHJCD010000049.1_14	9833	10081	249	-1	0.534	11	GGAG/GAGG	NA	NA	NA	0	0	0	1	NA	NA	NA	NA	NA
JBHJCD010000049.1_15	10267	10581	315	-1	0.581	11	GGA/GAG/AGG	NA	NA	NA	0	0	0	1	NA	NA	NA	NA	NA
JBHJCD010000049.1_16	10696	11322	627	-1	0.627	11	None	GENOMAD.177338.PC	0.0001055	45	0	0	0	1	NA	NA	NA	PF13683	Integrase core domain
JBHJCD010000050.1_1	2	529	528	-1	0.568	11	GGA/GAG/AGG	NA	NA	NA	0	0	0	1	NA	NA	NA	NA	NA
JBHJCD010000050.1_2	1152	3215	2064	1	0.595	11	GGAG/GAGG	NA	NA	NA	0	0	0	1	NA	NA	NA	NA	NA
JBHJCD010000050.1_3	3270	4199	930	1	0.597	11	None	GENOMAD.147741.CP	1.7e-38	149	0	0	0	1	NA	NA	NA	PF10048;K09930;COG3220	Predicted integral membrane protein (DUF2282)
JBHJCD010000050.1_4	4192	5085	894	1	0.615	11	GGAG/GAGG	GENOMAD.177500.PC	2.123e-54	195	0	0	0	1	NA	NA	NA	PF09836;COG3219;K09929	Putative DNA-binding domain
JBHJCD010000050.1_5	5118	5948	831	1	0.574	11	AGGA	NA	NA	NA	0	0	0	1	NA	NA	NA	NA	NA
JBHJCD010000050.1_6	5948	6385	438	1	0.553	11	GGAGG	NA	NA	NA	0	0	0	1	NA	NA	NA	NA	NA
JBHJCD010000050.1_7	6435	6914	480	-1	0.617	11	GGAG/GAGG	NA	NA	NA	0	0	0	1	NA	NA	NA	NA	NA
JBHJCD010000050.1_8	8239	9531	1293	1	0.533	11	GGA/GAG/AGG	GENOMAD.190917.PC	2.671e-05	49	0	0	0	1	NA	NA	NA	PF13583	Metallo-peptidase family M12B Reprolysin-like
JBHJCD010000050.1_9	10146	11177	1032	1	0.531	11	AGGA	GENOMAD.114461.PP	1.737e-90	302	0	0	0	1	NA	NA	NA	NA	NA
JBHJCD010000051.1_1	194	799	606	-1	0.649	11	AGGAG	GENOMAD.209835.VP	1.085e-10	63	0	0	0	1246	Caudoviricetes	NA	NA	NA	NA
JBHJCD010000051.1_2	1275	1610	336	1	0.586	11	GGAGG	GENOMAD.021429.PP	2.148e-16	76	0	0	0	1	NA	NA	NA	NA	NA
JBHJCD010000051.1_3	1468	1971	504	-1	0.647	11	GGA/GAG/AGG	NA	NA	NA	0	0	0	1	NA	NA	NA	NA	NA
JBHJCD010000051.1_4	1992	2255	264	1	0.614	11	4Base/6BMM	NA	NA	NA	0	0	0	1	NA	NA	NA	NA	NA
JBHJCD010000051.1_5	2277	2861	585	-1	0.632	11	GGAG/GAGG	NA	NA	NA	0	0	0	1	NA	NA	NA	NA	NA
JBHJCD010000051.1_6	2864	3574	711	-1	0.572	11	GGAGG	GENOMAD.224775.PV	1.638e-38	146	0	0	0	1	NA	NA	NA	NA	NA
JBHJCD010000051.1_7	3598	4149	552	-1	0.692	11	GGA/GAG/AGG	GENOMAD.141865.PV	2.75e-105	336	0	0	0	1	NA	NA	NA	PF20090	NA
JBHJCD010000051.1_8	4416	5018	603	-1	0.609	11	AGxAGG/AGGxGG	NA	NA	NA	0	0	0	1	NA	NA	NA	NA	NA
JBHJCD010000051.1_9	5213	6286	1074	1	0.615	11	AGGAG	GENOMAD.047390.PP	6.794e-26	113	0	0	0	1	NA	NA	NA	NA	NA
JBHJCD010000051.1_10	6339	6770	432	-1	0.671	11	None	NA	NA	NA	0	0	0	1	NA	NA	NA	NA	NA
JBHJCD010000051.1_11	7233	7556	324	1	0.441	11	AGGA	NA	NA	NA	0	0	0	1	NA	NA	NA	NA	NA
JBHJCD010000051.1_12	8001	8393	393	-1	0.585	11	AGGA	NA	NA	NA	0	0	0	1	NA	NA	NA	NA	NA
JBHJCD010000051.1_13	8492	8869	378	1	0.558	11	GGAG/GAGG	NA	NA	NA	0	0	0	1	NA	NA	NA	NA	NA
JBHJCD010000051.1_14	8919	9125	207	1	0.560	11	AGxAGG/AGGxGG	NA	NA	NA	0	0	0	1	NA	NA	NA	NA	NA
JBHJCD010000051.1_15	9179	9595	417	1	0.523	11	AGGA	NA	NA	NA	0	0	0	1	NA	NA	NA	NA	NA
JBHJCD010000052.1_1	2	5824	5823	-1	0.688	11	AGGAG	GENOMAD.170232.VV	8.784e-05	50	0	0	0	1246	Caudoviricetes	NA	NA	NA	NA
JBHJCD010000052.1_2	6363	8246	1884	-1	0.668	11	AGGA	GENOMAD.190262.VC	6.073e-10	65	0	0	0	1246	Caudoviricetes	NA	NA	K01342;TIGR03921;COG1404	type VII secretion-associated serine protease mycosin
JBHJCD010000052.1_3	8349	8531	183	-1	0.689	11	None	NA	NA	NA	0	0	0	1	NA	NA	NA	NA	NA
JBHJCD010000053.1_1	3	728	726	1	0.682	11	None	NA	NA	NA	0	0	0	1	NA	NA	NA	NA	NA
JBHJCD010000053.1_2	820	1158	339	1	0.673	11	GGAG/GAGG	NA	NA	NA	0	0	0	1	NA	NA	NA	NA	NA
JBHJCD010000053.1_3	1221	1427	207	-1	0.667	11	GGAG/GAGG	NA	NA	NA	0	0	0	1	NA	NA	NA	NA	NA
JBHJCD010000053.1_4	1424	1600	177	-1	0.706	11	AGGA	GENOMAD.194718.PV	1.722e-25	99	0	0	0	1	NA	NA	NA	PF04221;K07473;TIGR02384;COG3077	RelB antitoxin
JBHJCD010000053.1_5	1628	2530	903	-1	0.577	11	GGxGG	NA	NA	NA	0	0	0	1	NA	NA	NA	NA	NA
JBHJCD010000053.1_6	2530	3762	1233	-1	0.606	11	GGA/GAG/AGG	GENOMAD.136632.VV	1.446e-06	53	0	0	0	1246	Caudoviricetes	NA	NA	PF00145;TIGR00675;K00558;COG0270	DNA-methyltransferase (dcm)
JBHJCD010000053.1_7	4157	4822	666	1	0.700	11	GGA/GAG/AGG	NA	NA	NA	0	0	0	1	NA	NA	NA	NA	NA
JBHJCD010000053.1_8	4819	5112	294	1	0.653	11	AGGAGG	NA	NA	NA	0	0	0	1	NA	NA	NA	NA	NA
JBHJCD010000053.1_9	5194	5826	633	1	0.648	11	AGGAG	GENOMAD.046829.PP	2.436e-05	47	0	0	0	1	NA	NA	NA	PF10609;TIGR03371;COG2894;K12055	cellulose synthase operon protein YhjQ
JBHJCD010000053.1_10	5847	6071	225	1	0.649	11	GGAG/GAGG	GENOMAD.108192.PV	1.913e-24	97	0	0	0	1	NA	NA	NA	PF07764;COG4877;TIGR04563	Omega Transcriptional Repressor
JBHJCD010000053.1_11	6125	7243	1119	1	0.634	11	GGA/GAG/AGG	NA	NA	NA	0	0	0	1	NA	NA	NA	NA	NA
JBHJCD010000054.1_1	3	377	375	-1	0.571	11	GGAG/GAGG	GENOMAD.137753.PC	3.392e-08	53	0	1	0	1	NA	NA	NA	PF08139;TIGR02747;COG3015	NA
JBHJCD010000054.1_2	1515	2444	930	1	0.629	11	GGAG/GAGG	GENOMAD.189928.PC	9.877e-49	179	0	0	0	1	NA	NA	NA	PF12101	NA
JBHJCD010000054.1_3	2506	3186	681	1	0.639	11	AGGAG	GENOMAD.123925.PP	5.399e-102	329	0	0	0	1	NA	NA	NA	PF11679	NA
JBHJCD010000054.1_4	3278	3601	324	1	0.577	11	GGAGG	GENOMAD.013765.PP	2.347e-61	205	0	0	0	1	NA	NA	NA	NA	NA
JBHJCD010000054.1_5	3729	4379	651	1	0.644	11	GGAG/GAGG	GENOMAD.120574.PP	2.716e-113	361	0	0	0	1	NA	NA	NA	NA	NA
JBHJCD010000054.1_6	4443	5552	1110	1	0.639	11	AGGAG	NA	NA	NA	0	0	0	1	NA	NA	NA	NA	NA
JBHJCD010000054.1_7	5601	5921	321	1	0.604	11	AGGAG	NA	NA	NA	0	0	0	1	NA	NA	NA	NA	NA
JBHJCD010000054.1_8	6010	6315	306	1	0.601	11	AGGAG	NA	NA	NA	0	0	0	1	NA	NA	NA	NA	NA
JBHJCD010000054.1_9	6459	7184	726	1	0.643	11	GGAG/GAGG	NA	NA	NA	0	0	0	1	NA	NA	NA	NA	NA
JBHJCD010000055.1_1	2	628	627	-1	0.612	11	GGA/GAG/AGG	NA	NA	NA	0	0	0	1	NA	NA	NA	NA	NA
JBHJCD010000055.1_2	913	1206	294	-1	0.558	11	AGGA	NA	NA	NA	0	0	0	1	NA	NA	NA	NA	NA
JBHJCD010000055.1_3	1350	2834	1485	-1	0.615	11	GGA/GAG/AGG	NA	NA	NA	0	0	0	1	NA	NA	NA	NA	NA
JBHJCD010000055.1_4	3013	3378	366	-1	0.593	11	GGA/GAG/AGG	GENOMAD.115272.PV	1.196e-18	83	0	0	0	1	NA	NA	NA	PF20090	NA
JBHJCD010000055.1_5	3450	3755	306	-1	0.572	11	AGxAG	GENOMAD.137354.PC	9.523e-05	42	0	1	0	1	NA	NA	NA	PF05016;COG3668;TIGR02385;K19093	ParE toxin of type II toxin-antitoxin system, parDE
JBHJCD010000055.1_6	3759	4226	468	-1	0.641	11	AGGAG	NA	NA	NA	0	0	0	1	NA	NA	NA	NA	NA
JBHJCD010000055.1_7	4433	4753	321	1	0.558	11	GGAG/GAGG	NA	NA	NA	0	0	0	1	NA	NA	NA	NA	NA
JBHJCD010000055.1_8	4811	5146	336	1	0.515	11	AGGA	GENOMAD.225822.VP	3.185e-12	64	0	0	0	1	NA	NA	NA	NA	NA
JBHJCD010000055.1_9	5392	5643	252	-1	0.671	11	AGGA	NA	NA	NA	0	0	0	1	NA	NA	NA	NA	NA
JBHJCD010000055.1_10	5960	6361	402	-1	0.619	11	GGA/GAG/AGG	GENOMAD.172079.PC	0.0002501	42	0	0	0	1	NA	NA	NA	PF07929	Plasmid pRiA4b ORF-3-like protein
JBHJCD010000055.1_11	6460	6867	408	-1	0.544	11	None	GENOMAD.191442.PC	8.313e-11	61	0	0	0	1	NA	NA	NA	PF03695;K07039;COG3318;TIGR02292	Uncharacterized conserved protein YecA, UPF0149 family, contains C-terminal Zn-binding SEC-C motif
JBHJCD010000056.1_1	3	353	351	1	0.593	11	None	GENOMAD.172079.PC	0.0007529	40	0	0	0	1	NA	NA	NA	PF07929	Plasmid pRiA4b ORF-3-like protein
JBHJCD010000056.1_2	929	2173	1245	1	0.568	11	None	GENOMAD.015873.CC	1.984e-27	119	0	0	0	1	NA	NA	NA	PF00561;TIGR03101;COG0412;K24084	exosortase A system-associated hydrolase 2
JBHJCD010000056.1_3	2381	2587	207	1	0.570	11	GGA/GAG/AGG	NA	NA	NA	0	0	0	1	NA	NA	NA	NA	NA
JBHJCD010000056.1_4	2658	3239	582	-1	0.670	11	GGA/GAG/AGG	NA	NA	NA	0	0	0	1	NA	NA	NA	NA	NA
JBHJCD010000056.1_5	3332	3655	324	-1	0.593	11	GGAG/GAGG	NA	NA	NA	0	0	0	1	NA	NA	NA	NA	NA
JBHJCD010000056.1_6	3991	4254	264	1	0.598	11	4Base/6BMM	NA	NA	NA	0	0	0	1	NA	NA	NA	NA	NA
JBHJCD010000056.1_7	4813	5784	972	1	0.546	11	GGAG/GAGG	NA	NA	NA	0	0	0	1	NA	NA	NA	NA	NA
JBHJCD010000056.1_8	5971	6528	558	-1	0.618	11	None	NA	NA	NA	0	0	0	1	NA	NA	NA	NA	NA
JBHJCD010000057.1_1	146	784	639	1	0.546	11	GGA/GAG/AGG	NA	NA	NA	0	0	0	1	NA	NA	NA	NA	NA
JBHJCD010000057.1_2	820	984	165	1	0.491	11	AGGAG	NA	NA	NA	0	0	0	1	NA	NA	NA	NA	NA
JBHJCD010000057.1_3	1059	2087	1029	1	0.619	11	GGAG/GAGG	NA	NA	NA	0	0	0	1	NA	NA	NA	NA	NA
JBHJCD010000057.1_4	2307	2948	642	1	0.539	11	GGA/GAG/AGG	NA	NA	NA	0	0	0	1	NA	NA	NA	NA	NA
JBHJCD010000057.1_5	3030	6272	3243	1	0.627	11	GGA/GAG/AGG	NA	NA	NA	0	0	0	1	NA	NA	NA	NA	NA
JBHJCD010000058.1_1	62	910	849	1	0.506	11	AGGAG	GENOMAD.059519.PP	1.281e-119	383	0	0	0	1	NA	NA	NA	NA	NA
JBHJCD010000058.1_2	1031	1231	201	-1	0.711	11	None	NA	NA	NA	0	0	0	1	NA	NA	NA	NA	NA
JBHJCD010000058.1_3	1420	1989	570	-1	0.702	11	GGA/GAG/AGG	GENOMAD.181907.CP	8.381e-07	51	0	0	0	1	NA	NA	NA	NA	NA
JBHJCD010000058.1_4	2137	2328	192	1	0.542	11	3Base/5BMM	NA	NA	NA	0	0	0	1	NA	NA	NA	NA	NA
JBHJCD010000058.1_5	2343	3437	1095	-1	0.577	11	AGxAGG/AGGxGG	NA	NA	NA	0	0	0	1	NA	NA	NA	NA	NA
JBHJCD010000058.1_6	3434	5227	1794	-1	0.609	11	GGAG/GAGG	NA	NA	NA	0	0	0	1	NA	NA	NA	NA	NA
JBHJCD010000058.1_7	5224	5418	195	-1	0.590	11	GGA/GAG/AGG	GENOMAD.221225.PV	2.027e-19	82	0	0	0	1	NA	NA	NA	PF16777;TIGR04563;COG4877;K07722	MXAN_4361/MXAN_4362 family small protein
JBHJCD010000058.1_8	5564	6109	546	1	0.685	11	GGA/GAG/AGG	GENOMAD.141865.PV	1.362e-103	331	0	0	0	1	NA	NA	NA	PF20090	NA
JBHJCD010000059.1_1	2	1147	1146	1	0.580	11	None	GENOMAD.047390.PP	3.043e-07	55	0	0	0	1	NA	NA	NA	NA	NA
JBHJCD010000059.1_2	1276	1563	288	-1	0.566	11	AGGAG	NA	NA	NA	0	0	0	1	NA	NA	NA	NA	NA
JBHJCD010000059.1_3	1977	3953	1977	-1	0.659	11	AGGA/GGAG/GAGG	NA	NA	NA	0	0	0	1	NA	NA	NA	NA	NA
JBHJCD010000059.1_4	3958	4377	420	-1	0.629	11	GGA/GAG/AGG	GENOMAD.168457.PC	0.0006329	41	0	0	0	1	NA	NA	NA	PF10130;K07063;TIGR00305;COG2402	putative toxin-antitoxin system toxin component, PIN family
JBHJCD010000059.1_5	4377	4616	240	-1	0.633	11	GGAGG	NA	NA	NA	0	0	0	1	NA	NA	NA	NA	NA
JBHJCD010000059.1_6	4824	5747	924	1	0.643	11	GGA/GAG/AGG	NA	NA	NA	0	0	0	1	NA	NA	NA	NA	NA
JBHJCD010000059.1_7	5804	6055	252	1	0.583	11	None	NA	NA	NA	0	0	0	1	NA	NA	NA	NA	NA
JBHJCD010000060.1_1	550	654	105	1	0.533	11	GGA/GAG/AGG	NA	NA	NA	0	0	0	1	NA	NA	NA	NA	NA
JBHJCD010000060.1_2	1181	1333	153	1	0.542	11	GGAGG	NA	NA	NA	0	0	0	1	NA	NA	NA	NA	NA
JBHJCD010000060.1_3	1625	1909	285	1	0.547	11	AGGAG	GENOMAD.110984.CP	1.873e-18	81	0	0	0	1	NA	NA	NA	NA	NA
JBHJCD010000060.1_4	5587	5919	333	-1	0.616	11	AGGA/GGAG/GAGG	NA	NA	NA	0	0	0	1	NA	NA	NA	NA	NA
JBHJCD010000061.1_1	175	699	525	-1	0.440	11	GGAG/GAGG	NA	NA	NA	0	0	0	1	NA	NA	NA	NA	NA
JBHJCD010000061.1_2	741	1532	792	-1	0.518	11	GGAG/GAGG	NA	NA	NA	0	0	0	1	NA	NA	NA	NA	NA
JBHJCD010000061.1_3	1639	3855	2217	-1	0.560	11	None	NA	NA	NA	0	0	0	1	NA	NA	NA	NA	NA
JBHJCD010000061.1_4	3852	4937	1086	-1	0.563	11	None	GENOMAD.137385.CP	1.028e-17	88	0	0	0	1	NA	NA	NA	PF00529;K13408;TIGR01843;COG1566	type I secretion membrane fusion protein, HlyD family
JBHJCD010000062.1_1	666	1988	1323	1	0.634	11	GGA/GAG/AGG	GENOMAD.080453.PP	9.573e-08	57	0	0	0	1	NA	NA	NA	NA	NA
JBHJCD010000062.1_2	2555	2977	423	1	0.584	11	GGAG/GAGG	GENOMAD.114461.PP	1.932e-21	92	0	0	0	1	NA	NA	NA	NA	NA
JBHJCD010000062.1_3	3035	3436	402	1	0.582	11	GGA/GAG/AGG	GENOMAD.114461.PP	7.729e-37	136	0	0	0	1	NA	NA	NA	NA	NA
JBHJCD010000062.1_4	3424	4491	1068	-1	0.669	11	GGAG/GAGG	NA	NA	NA	0	0	0	1	NA	NA	NA	NA	NA
JBHJCD010000063.1_1	1	216	216	-1	0.579	11	GGA/GAG/AGG	NA	NA	NA	0	0	0	1	NA	NA	NA	NA	NA
JBHJCD010000063.1_2	452	3286	2835	-1	0.627	11	None	NA	NA	NA	0	0	0	1	NA	NA	NA	NA	NA
JBHJCD010000063.1_3	3283	4263	981	-1	0.559	11	GGA/GAG/AGG	NA	NA	NA	0	0	0	1	NA	NA	NA	NA	NA
JBHJCD010000063.1_4	4256	4549	294	-1	0.534	11	None	NA	NA	NA	0	0	0	1	NA	NA	NA	NA	NA
JBHJCD010000064.1_1	3	1352	1350	1	0.679	11	None	NA	NA	NA	0	0	0	1	NA	NA	NA	NA	NA
JBHJCD010000064.1_2	1324	3969	2646	1	0.635	11	None	NA	NA	NA	0	0	0	1	NA	NA	NA	NA	NA
JBHJCD010000065.1_1	1006	2463	1458	1	0.604	11	GGAG/GAGG	NA	NA	NA	0	0	0	1	NA	NA	NA	NA	NA
JBHJCD010000066.1_1	394	942	549	1	0.594	11	GGAG/GAGG	NA	NA	NA	0	0	0	1	NA	NA	NA	NA	NA
JBHJCD010000066.1_2	949	1803	855	-1	0.502	11	AGxAG	NA	NA	NA	0	0	0	1	NA	NA	NA	NA	NA
JBHJCD010000066.1_3	1808	2434	627	-1	0.530	11	None	NA	NA	NA	0	0	0	1	NA	NA	NA	NA	NA
JBHJCD010000067.1_1	2	88	87	-1	0.506	11	GGAG/GAGG	NA	NA	NA	0	0	0	1	NA	NA	NA	NA	NA
JBHJCD010000067.1_2	286	858	573	1	0.609	11	None	NA	NA	NA	0	0	0	1	NA	NA	NA	NA	NA
JBHJCD010000067.1_3	845	2515	1671	-1	0.478	11	None	NA	NA	NA	0	0	0	1	NA	NA	NA	NA	NA
JBHJCD010000068.1_1	354	833	480	1	0.642	11	GGAG/GAGG	NA	NA	NA	0	0	0	1	NA	NA	NA	NA	NA
JBHJCD010000068.1_2	1032	1613	582	1	0.627	11	AGGAG	NA	NA	NA	0	0	0	1	NA	NA	NA	NA	NA
JBHJCD010000068.1_3	1606	2481	876	1	0.579	11	GGA/GAG/AGG	NA	NA	NA	0	0	0	1	NA	NA	NA	NA	NA
JBHJCD010000069.1_1	3	2300	2298	-1	0.613	11	None	NA	NA	NA	0	0	0	1	NA	NA	NA	NA	NA
JBHJCD010000070.1_1	19	981	963	-1	0.617	11	GGAG/GAGG	NA	NA	NA	0	0	0	1	NA	NA	NA	NA	NA
JBHJCD010000070.1_2	1371	2204	834	1	0.468	11	AGGAG	NA	NA	NA	0	0	0	1	NA	NA	NA	NA	NA
JBHJCD010000071.1_1	1	84	84	-1	0.619	11	AGGAG/GGAGG	NA	NA	NA	0	0	0	1	NA	NA	NA	NA	NA
JBHJCD010000071.1_2	121	495	375	1	0.568	11	None	NA	NA	NA	0	0	0	1	NA	NA	NA	NA	NA
JBHJCD010000071.1_3	726	1283	558	-1	0.550	11	AGGA	NA	NA	NA	0	0	0	1	NA	NA	NA	NA	NA
JBHJCD010000072.1_1	3	794	792	1	0.582	11	None	GENOMAD.214138.CP	4.103e-16	81	0	0	0	1	NA	NA	NA	NA	NA
JBHJCD010000072.1_2	791	1027	237	1	0.498	11	AGGAG	NA	NA	NA	0	0	0	1	NA	NA	NA	NA	NA
JBHJCD010000072.1_3	1368	1676	309	1	0.650	11	GGA/GAG/AGG	NA	NA	NA	0	0	0	1	NA	NA	NA	NA	NA
JBHJCD010000073.1_1	3	1673	1671	1	0.649	11	None	NA	NA	NA	0	0	0	1	NA	NA	NA	NA	NA
JBHJCD010000074.1_1	1	306	306	1	0.634	11	None	NA	NA	NA	0	0	0	1	NA	NA	NA	NA	NA
JBHJCD010000074.1_2	363	869	507	-1	0.438	11	GGA/GAG/AGG	NA	NA	NA	0	0	0	1	NA	NA	NA	NA	NA
JBHJCD010000074.1_3	866	1627	762	-1	0.529	11	None	NA	NA	NA	0	0	0	1	NA	NA	NA	NA	NA
JBHJCD010000075.1_1	1	678	678	1	0.569	11	None	NA	NA	NA	0	0	0	1	NA	NA	NA	NA	NA
JBHJCD010000075.1_2	711	1628	918	1	0.597	11	AGGAG	NA	NA	NA	0	0	0	1	NA	NA	NA	NA	NA
JBHJCD010000076.1_1	1	465	465	-1	0.688	11	None	NA	NA	NA	0	0	0	1	NA	NA	NA	NA	NA
JBHJCD010000076.1_2	552	1052	501	-1	0.401	11	None	NA	NA	NA	0	0	0	1	NA	NA	NA	NA	NA
JBHJCD010000076.1_3	1046	1588	543	-1	0.477	11	None	NA	NA	NA	0	0	0	1	NA	NA	NA	NA	NA
JBHJCD010000077.1_1	1	735	735	1	0.551	11	None	GENOMAD.123137.PC	1.175e-20	94	0	1	0	1	NA	MOBH	NA	PF07514;PF07515;TIGR03760;K12070;COG3294	Putative helicase; Putative conjugal transfer nickase/helicase TraI C-term
JBHJCD010000077.1_2	741	1280	540	-1	0.459	11	None	GENOMAD.086806.PP	4.184e-19	87	0	0	0	1	NA	NA	NA	PF13827	NA
JBHJCD010000078.1_1	9	1286	1278	-1	0.620	11	None	NA	NA	NA	0	0	0	1	NA	NA	NA	NA	NA
JBHJCD010000079.1_1	3	464	462	1	0.487	11	None	NA	NA	NA	0	0	0	1	NA	NA	NA	NA	NA
JBHJCD010000079.1_2	461	661	201	1	0.483	11	None	NA	NA	NA	0	0	0	1	NA	NA	NA	NA	NA
JBHJCD010000079.1_3	960	1412	453	-1	0.660	11	None	NA	NA	NA	0	0	0	1	NA	NA	NA	NA	NA
JBHJCD010000080.1_1	2	295	294	-1	0.514	11	GGA/GAG/AGG	GENOMAD.191442.PC	5.174e-10	57	0	0	0	1	NA	NA	NA	PF03695;K07039;COG3318;TIGR02292	Uncharacterized conserved protein YecA, UPF0149 family, contains C-terminal Zn-binding SEC-C motif
JBHJCD010000080.1_2	314	1375	1062	-1	0.632	11	None	NA	NA	NA	0	0	0	1	NA	NA	NA	NA	NA
JBHJCD010000081.1_1	2	1324	1323	1	0.636	11	None	NA	NA	NA	0	0	0	1	NA	NA	NA	NA	NA
JBHJCD010000082.1_1	1	1278	1278	-1	0.638	11	None	NA	NA	NA	0	0	0	1	NA	NA	NA	NA	NA
JBHJCD010000083.1_1	2	133	132	1	0.697	11	None	NA	NA	NA	0	0	0	1	NA	NA	NA	NA	NA
JBHJCD010000083.1_2	141	1217	1077	-1	0.606	11	AGGAG	GENOMAD.047390.PP	7.187e-28	119	0	0	0	1	NA	NA	NA	NA	NA
JBHJCD010000083.1_3	1159	1275	117	-1	0.598	11	None	NA	NA	NA	0	0	0	1	NA	NA	NA	NA	NA
JBHJCD010000084.1_1	39	896	858	-1	0.624	11	GGA/GAG/AGG	NA	NA	NA	0	0	0	1	NA	NA	NA	NA	NA
JBHJCD010000084.1_2	893	1186	294	-1	0.616	11	GGAGG	GENOMAD.112987.VV	0.0009101	39	0	0	0	1246	Caudoviricetes	NA	NA	COG2963	NA
JBHJCD010000085.1_1	26	859	834	-1	0.627	11	AGGA/GGAG/GAGG	GENOMAD.194062.PC	0.0004348	44	0	0	0	1	NA	NA	NA	NA	NA
JBHJCD010000085.1_2	892	1158	267	-1	0.584	11	GGAG/GAGG	NA	NA	NA	0	0	0	1	NA	NA	NA	NA	NA
JBHJCD010000086.1_1	69	335	267	1	0.629	11	AGGAGG	NA	NA	NA	0	0	0	1	NA	NA	NA	NA	NA
JBHJCD010000086.1_2	356	1156	801	1	0.640	11	None	GENOMAD.177338.PC	0.0001937	45	0	0	0	1	NA	NA	NA	PF13683	Integrase core domain
JBHJCD010000087.1_1	3	569	567	1	0.526	11	None	NA	NA	NA	0	0	0	1	NA	NA	NA	NA	NA
JBHJCD010000087.1_2	804	1193	390	1	0.692	11	GGAG/GAGG	NA	NA	NA	0	0	0	1	NA	NA	NA	NA	NA
JBHJCD010000088.1_1	2	76	75	-1	0.453	11	GGA/GAG/AGG	NA	NA	NA	0	0	0	1	NA	NA	NA	NA	NA
JBHJCD010000088.1_2	230	1147	918	1	0.650	11	GGAG/GAGG	NA	NA	NA	0	0	0	1	NA	NA	NA	NA	NA
JBHJCD010000089.1_1	3	1139	1137	-1	0.581	11	None	NA	NA	NA	0	0	0	1	NA	NA	NA	NA	NA
JBHJCD010000090.1_1	1	1086	1086	1	0.628	11	None	NA	NA	NA	0	0	0	1	NA	NA	NA	NA	NA
JBHJCD010000091.1_1	1	201	201	-1	0.622	11	None	NA	NA	NA	0	0	0	1	NA	NA	NA	NA	NA
JBHJCD010000091.1_2	194	526	333	-1	0.402	11	None	NA	NA	NA	0	0	0	1	NA	NA	NA	NA	NA
JBHJCD010000091.1_3	514	1065	552	-1	0.538	11	None	GENOMAD.176216.VV	0.0006944	42	0	0	0	1246	Caudoviricetes	NA	NA	PF14220	NA
JBHJCD010000092.1_1	3	1025	1023	-1	0.668	11	None	NA	NA	NA	0	0	0	1	NA	NA	NA	NA	NA
JBHJCD010000093.1_1	3	887	885	1	0.621	11	None	NA	NA	NA	0	0	0	1	NA	NA	NA	NA	NA
JBHJCD010000094.1_1	403	798	396	-1	0.528	11	GGA/GAG/AGG	GENOMAD.116980.PP	4.051e-59	200	0	0	0	1	NA	NA	NA	COG2916;K11685	DNA-binding protein H-NS
JBHJCD010000095.1_1	1	549	549	-1	0.639	11	GGAG/GAGG	NA	NA	NA	0	0	0	1	NA	NA	NA	NA	NA
JBHJCD010000095.1_2	558	845	288	-1	0.660	11	AGGAG	NA	NA	NA	0	0	0	1	NA	NA	NA	NA	NA
JBHJCD010000096.1_1	1	741	741	-1	0.637	11	AGxAGG/AGGxGG	NA	NA	NA	0	0	0	1	NA	NA	NA	NA	NA
JBHJCD010000097.1_1	107	757	651	1	0.662	11	GGAG/GAGG	NA	NA	NA	0	0	0	1	NA	NA	NA	NA	NA
JBHJCD010000098.1_1	3	755	753	1	0.651	11	None	NA	NA	NA	0	0	0	1	NA	NA	NA	NA	NA
JBHJCD010000099.1_1	1	606	606	-1	0.604	11	AGGAG	GENOMAD.082990.PP	2.461e-73	245	0	0	0	1	NA	NA	NA	NA	NA
JBHJCD010000099.1_2	570	728	159	-1	0.673	11	None	NA	NA	NA	0	0	0	1	NA	NA	NA	NA	NA
JBHJCD010000100.1_1	1	702	702	1	0.624	11	None	NA	NA	NA	0	0	0	1	NA	NA	NA	NA	NA
JBHJCD010000101.1_1	361	627	267	-1	0.562	11	AGGAG	NA	NA	NA	0	0	0	1	NA	NA	NA	NA	NA
JBHJCD010000102.1_1	2	697	696	-1	0.655	11	None	NA	NA	NA	0	0	0	1	NA	NA	NA	NA	NA
JBHJCD010000103.1_1	2	532	531	-1	0.689	11	GGAG/GAGG	NA	NA	NA	0	0	0	1	NA	NA	NA	NA	NA
JBHJCD010000104.1_1	1	519	519	1	0.599	11	None	NA	NA	NA	0	0	0	1	NA	NA	NA	NA	NA
JBHJCD010000105.1_1	2	496	495	-1	0.646	11	None	NA	NA	NA	0	0	0	1	NA	NA	NA	NA	NA
JBHJCD010000106.1_1	2	475	474	-1	0.608	11	None	NA	NA	NA	0	0	0	1	NA	NA	NA	NA	NA
JBHJCD010000107.1_1	2	460	459	1	0.695	11	None	NA	NA	NA	0	0	0	1	NA	NA	NA	NA	NA
JBHJCD010000108.1_1	2	454	453	-1	0.662	11	None	NA	NA	NA	0	0	0	1	NA	NA	NA	NA	NA
JBHJCD010000109.1_1	2	412	411	1	0.681	11	None	NA	NA	NA	0	0	0	1	NA	NA	NA	NA	NA
JBHJCD010000110.1_1	1	405	405	1	0.711	11	None	NA	NA	NA	0	0	0	1	NA	NA	NA	NA	NA
JBHJCD010000111.1_1	2	388	387	-1	0.594	11	None	NA	NA	NA	0	0	0	1	NA	NA	NA	NA	NA
JBHJCD010000112.1_1	132	383	252	-1	0.544	11	None	GENOMAD.137753.PC	2.824e-17	77	0	1	0	1	NA	NA	NA	PF08139;TIGR02747;COG3015	NA
JBHJCD010000113.1_1	158	379	222	-1	0.685	11	None	NA	NA	NA	0	0	0	1	NA	NA	NA	NA	NA
JBHJCD010000114.1_1	1	366	366	-1	0.658	11	None	NA	NA	NA	0	0	0	1	NA	NA	NA	NA	NA
JBHJCD010000115.1_1	1	366	366	-1	0.664	11	None	NA	NA	NA	0	0	0	1	NA	NA	NA	NA	NA
JBHJCD010000117.1_1	1	315	315	-1	0.676	11	None	NA	NA	NA	0	0	0	1	NA	NA	NA	NA	NA
JBHJCD010000118.1_1	6	314	309	-1	0.563	11	None	NA	NA	NA	0	0	0	1	NA	NA	NA	NA	NA
JBHJCD010000119.1_1	3	311	309	-1	0.663	11	None	NA	NA	NA	0	0	0	1	NA	NA	NA	NA	NA
JBHJCD010000120.1_1	1	222	222	1	0.676	11	None	NA	NA	NA	0	0	0	1	NA	NA	NA	NA	NA
JBHJCD010000121.1_1	1	285	285	-1	0.604	11	None	NA	NA	NA	0	0	0	1	NA	NA	NA	NA	NA
JBHJCD010000122.1_1	1	282	282	1	0.599	11	None	NA	NA	NA	0	0	0	1	NA	NA	NA	NA	NA
JBHJCD010000123.1_1	3	266	264	1	0.633	11	None	NA	NA	NA	0	0	0	1	NA	NA	NA	NA	NA
JBHJCD010000124.1_1	3	236	234	1	0.667	11	None	NA	NA	NA	0	0	0	1	NA	NA	NA	NA	NA
JBHJCD010000125.1_1	2	229	228	-1	0.610	11	None	NA	NA	NA	0	0	0	1	NA	NA	NA	NA	NA
JBHJCD010000126.1_1	2	208	207	1	0.556	11	None	GENOMAD.117295.PC	1.053e-06	46	0	0	0	1	NA	NA	NA	NA	NA
JBHJCD010000127.1_1	3	209	207	-1	0.662	11	None	NA	NA	NA	0	0	0	1	NA	NA	NA	NA	NA
