gene	start	end	length	strand	gc_content	genetic_code	rbs_motif	marker	evalue	bitscore	uscg	plasmid_hallmark	virus_hallmark	taxid	taxname	annotation_conjscan	annotation_amr	annotation_accessions	annotation_description
JAJIVP010000098.1_1	1	558	558	1	0.703	11	None	NA	NA	NA	0	0	0	1	NA	NA	NA	NA	NA
JAJIVP010000099.1_1	391	726	336	-1	0.670	11	GGA/GAG/AGG	GENOMAD.145856.CV	7e-44	155	0	0	0	1	NA	NA	NA	NA	NA
JAJIVP010000099.1_2	888	1238	351	-1	0.724	11	GGAG/GAGG	NA	NA	NA	0	0	0	1	NA	NA	NA	NA	NA
JAJIVP010000099.1_3	1235	1798	564	-1	0.661	11	GGA/GAG/AGG	NA	NA	NA	0	0	0	1	NA	NA	NA	NA	NA
JAJIVP010000099.1_4	1922	2227	306	1	0.621	11	GGAG/GAGG	NA	NA	NA	0	0	0	1	NA	NA	NA	NA	NA
JAJIVP010000099.1_5	2224	3681	1458	1	0.654	11	GGA/GAG/AGG	NA	NA	NA	0	0	0	1	NA	NA	NA	NA	NA
JAJIVP010000099.1_6	4247	4666	420	-1	0.707	11	AGGAG	NA	NA	NA	0	0	0	1	NA	NA	NA	NA	NA
JAJIVP010000099.1_7	4853	5407	555	1	0.638	11	None	NA	NA	NA	0	0	0	1	NA	NA	NA	NA	NA
JAJIVP010000099.1_8	5472	6557	1086	1	0.665	11	AGGA	NA	NA	NA	0	0	0	1	NA	NA	NA	NA	NA
JAJIVP010000099.1_9	6865	8598	1734	1	0.675	11	GGA/GAG/AGG	NA	NA	NA	0	0	0	1	NA	NA	NA	NA	NA
JAJIVP010000099.1_10	8857	10266	1410	1	0.684	11	AGGA	NA	NA	NA	0	0	0	1	NA	NA	NA	NA	NA
JAJIVP010000099.1_11	10609	12306	1698	1	0.683	11	GGAGG	NA	NA	NA	0	0	0	1	NA	NA	NA	NA	NA
JAJIVP010000099.1_12	12505	12978	474	-1	0.662	11	None	NA	NA	NA	0	0	0	1	NA	NA	NA	NA	NA
JAJIVP010000099.1_13	12983	13468	486	-1	0.593	11	AGGA	NA	NA	NA	0	0	0	1	NA	NA	NA	NA	NA
JAJIVP010000099.1_14	13977	15197	1221	1	0.635	11	GGAG/GAGG	NA	NA	NA	0	0	0	1	NA	NA	NA	NA	NA
JAJIVP010000099.1_15	15420	15749	330	-1	0.712	11	GGA/GAG/AGG	GENOMAD.041684.CC	3.497e-42	150	0	0	0	1	NA	NA	NA	PF09842;COG3308	Predicted membrane protein (DUF2069)
JAJIVP010000099.1_16	15761	16357	597	-1	0.695	11	AGxAGG/AGGxGG	NA	NA	NA	0	0	0	1	NA	NA	NA	NA	NA
JAJIVP010000099.1_17	16469	17746	1278	1	0.658	11	None	GENOMAD.133044.CP	5.805e-30	127	0	0	0	1	NA	NA	NA	PF03631;TIGR00765;COG1295;K07058	YihY family inner membrane protein
JAJIVP010000099.1_18	17743	18354	612	1	0.693	11	GGAG/GAGG	NA	NA	NA	0	0	0	1	NA	NA	NA	NA	NA
JAJIVP010000099.1_19	18354	18620	267	1	0.723	11	AGxAGG/AGGxGG	NA	NA	NA	0	0	0	1	NA	NA	NA	NA	NA
JAJIVP010000099.1_20	18706	19935	1230	1	0.691	11	GGA/GAG/AGG	NA	NA	NA	0	0	0	1	NA	NA	NA	NA	NA
JAJIVP010000099.1_21	19917	20699	783	-1	0.645	11	GGA/GAG/AGG	GENOMAD.107364.VV	2.186e-34	135	0	0	0	1	NA	NA	NA	PF03976;K22468;TIGR03709;COG2326	polyphosphate:nucleotide phosphotransferase, PPK2 family
JAJIVP010000099.1_22	20732	21250	519	-1	0.661	11	GGA/GAG/AGG	GENOMAD.116561.CP	4.813e-34	130	0	0	0	1	NA	NA	NA	PF00994;K03638;COG0521;TIGR00177	Molybdopterin biosynthesis enzyme MoaB
JAJIVP010000099.1_23	21653	23359	1707	-1	0.671	11	GGA/GAG/AGG	NA	NA	NA	0	0	0	1	NA	NA	NA	NA	NA
JAJIVP010000099.1_24	23356	24441	1086	-1	0.652	11	GGA/GAG/AGG	GENOMAD.058649.CP	1.11e-18	91	0	0	0	1	NA	NA	NA	PF03462;COG0216;TIGR00019	PCRF domain
JAJIVP010000099.1_25	24419	25717	1299	-1	0.671	11	None	GENOMAD.079440.CP	1.358e-85	292	0	0	0	1	NA	NA	NA	PF05201;PF01488;K02492;TIGR01035;COG0373	glutamyl-tRNA reductase
JAJIVP010000099.1_26	25783	27471	1689	1	0.693	11	None	GENOMAD.120548.CP	1.016e-270	835	0	0	0	1	NA	NA	NA	COG3898;K09667	Pre-mRNA 3'-end processing (cleavage and polyadenylation) factor
JAJIVP010000099.1_27	27468	28121	654	1	0.713	11	GGA/GAG/AGG	GENOMAD.105767.CP	1.807e-38	145	0	0	0	1	NA	NA	NA	PF03550;K02494;TIGR00548;COG3017	Outer membrane lipoprotein LolB
JAJIVP010000099.1_28	28103	28990	888	1	0.682	11	None	NA	NA	NA	0	0	0	1	NA	NA	NA	NA	NA
JAJIVP010000099.1_29	29236	30195	960	1	0.649	11	GGA/GAG/AGG	NA	NA	NA	0	0	0	1	NA	NA	NA	NA	NA
JAJIVP010000099.1_30	30304	30939	636	1	0.610	11	GGA/GAG/AGG	GENOMAD.059655.CP	7.149e-27	111	0	0	0	1	NA	NA	NA	PF01386;PF14693;TIGR00731;K02897;COG1825	ribosomal protein bL25, Ctc-form
JAJIVP010000099.1_31	30991	31572	582	1	0.639	11	None	GENOMAD.099157.CV	5.49e-60	206	1	0	0	1246	Caudoviricetes	NA	NA	PF01195;K01056;COG0193;TIGR00447	Peptidyl-tRNA hydrolase
JAJIVP010000099.1_32	31650	32741	1092	1	0.628	11	GGA/GAG/AGG	NA	NA	NA	0	0	0	1	NA	NA	NA	NA	NA
JAJIVP010000099.1_33	33240	33683	444	1	0.633	11	GGA/GAG/AGG	NA	NA	NA	0	0	0	1	NA	NA	NA	NA	NA
JAJIVP010000100.1_1	1	609	609	1	0.435	11	None	NA	NA	NA	0	0	0	1	NA	NA	NA	NA	NA
JAJIVP010000101.1_1	64	2454	2391	-1	0.669	11	GGA/GAG/AGG	NA	NA	NA	0	0	0	1	NA	NA	NA	NA	NA
JAJIVP010000101.1_2	2875	3822	948	-1	0.648	11	GGAG/GAGG	GENOMAD.216117.PC	1.4e-10	65	0	0	0	1	NA	NA	NA	PF16387	NA
JAJIVP010000101.1_3	3965	6658	2694	-1	0.625	11	None	GENOMAD.152082.CP	3.806e-26	119	0	0	0	1	NA	NA	NA	PF00593;PF07715;PF00691;TIGR01782;COG4773;K16089	TonB-dependent receptor
JAJIVP010000101.1_4	7293	12191	4899	-1	0.663	11	GGA/GAG/AGG	GENOMAD.145722.CP	9.127e-116	414	0	0	0	1	NA	NA	NA	PF07678;PF17973;PF17972;PF17962;PF11974;PF01835;PF00207;PF17970;K06894;COG2373	Uncharacterized conserved protein YfaS, alpha-2-macroglobulin family
JAJIVP010000101.1_5	12712	13716	1005	-1	0.666	11	AGGAG	NA	NA	NA	0	0	0	1	NA	NA	NA	NA	NA
JAJIVP010000101.1_6	13794	16010	2217	-1	0.646	11	GGAG/GAGG	GENOMAD.129297.CP	7.565e-17	88	0	0	0	1	NA	NA	NA	K15721;COG4773	Outer membrane receptor for ferric coprogen and ferric-rhodotorulic acid
JAJIVP010000101.1_7	16526	17725	1200	-1	0.660	11	AGGA	NA	NA	NA	0	0	0	1	NA	NA	NA	NA	NA
JAJIVP010000101.1_8	17839	18396	558	-1	0.625	11	GGA/GAG/AGG	GENOMAD.154834.CP	3.605e-07	52	0	0	0	1	NA	NA	NA	PF10469;K01975;TIGR02258;COG1514	2'-5' RNA ligase
JAJIVP010000101.1_9	18406	21000	2595	-1	0.644	11	None	NA	NA	NA	0	0	0	1	NA	NA	NA	NA	NA
JAJIVP010000101.1_10	21153	22307	1155	-1	0.622	11	GGAG/GAGG	GENOMAD.123376.CP	4.939e-10	64	0	0	0	1	NA	NA	NA	PF00285;TIGR01798;COG0372;K01659	citrate synthase I (hexameric type)
JAJIVP010000101.1_11	22382	23278	897	-1	0.653	11	AGGA	NA	NA	NA	0	0	0	1	NA	NA	NA	NA	NA
JAJIVP010000101.1_12	23377	25026	1650	1	0.664	11	None	NA	NA	NA	0	0	0	1	NA	NA	NA	NA	NA
JAJIVP010000101.1_13	25255	25581	327	-1	0.606	11	GGAG/GAGG	GENOMAD.112646.PP	4.485e-55	187	0	0	0	1	NA	B_traH	NA	PF12992;TIGR03066;COG4939	Gemmata obscuriglobus paralogous family TIGR03066
JAJIVP010000101.1_14	26164	26346	183	-1	0.617	11	GGA/GAG/AGG	NA	NA	NA	0	0	0	1	NA	NA	NA	NA	NA
JAJIVP010000101.1_15	26663	27016	354	-1	0.644	11	GGA/GAG/AGG	GENOMAD.108686.CP	1.689e-37	137	0	0	0	1	NA	NA	NA	PF16823;K02676;COG3215;TIGR02266	Tfp pilus assembly protein PilZ
JAJIVP010000101.1_16	27013	27972	960	-1	0.685	11	GGAG/GAGG	NA	NA	NA	0	0	0	1	NA	NA	NA	NA	NA
JAJIVP010000101.1_17	27969	29036	1068	-1	0.682	11	GGAG/GAGG	GENOMAD.105361.CP	1.229e-12	72	0	0	0	1	NA	NA	NA	NA	NA
JAJIVP010000101.1_18	29103	30458	1356	-1	0.695	11	None	GENOMAD.114697.CP	7.655e-15	80	0	0	0	1	NA	NA	NA	PF00425;K02552;COG1169;TIGR03494	Isochorismate synthase EntC
JAJIVP010000101.1_19	30626	31861	1236	-1	0.638	11	AGGAG	NA	NA	NA	0	0	0	1	NA	NA	NA	NA	NA
JAJIVP010000101.1_20	32003	32242	240	-1	0.571	11	AGGA/GGAG/GAGG	NA	NA	NA	0	0	0	1	NA	NA	NA	NA	NA
JAJIVP010000101.1_21	32447	33190	744	-1	0.653	11	GGAG/GAGG	NA	NA	NA	0	0	0	1	NA	NA	NA	NA	NA
JAJIVP010000101.1_22	33273	34217	945	-1	0.691	11	GGA/GAG/AGG	NA	NA	NA	0	0	0	1	NA	NA	NA	NA	NA
JAJIVP010000101.1_23	34506	34946	441	-1	0.639	11	None	GENOMAD.181229.CP	6.535e-53	183	0	0	0	1	NA	NA	NA	PF08670;TIGR02938	MEKHLA domain
JAJIVP010000101.1_24	35194	36171	978	-1	0.627	11	GGA/GAG/AGG	NA	NA	NA	0	0	0	1	NA	NA	NA	NA	NA
JAJIVP010000101.1_25	36262	36456	195	-1	0.646	11	GGAG/GAGG	GENOMAD.118796.CP	8.408e-28	106	0	0	0	1	NA	NA	NA	PF01783;COG0333;TIGR01031	Ribosomal protein L32
JAJIVP010000101.1_26	36554	36985	432	-1	0.606	11	None	GENOMAD.105714.CP	9.507e-31	119	0	0	0	1	NA	NA	NA	PF02620;COG1399	Uncharacterized metal-binding protein YceD, DUF177 family
JAJIVP010000101.1_27	37184	37426	243	1	0.708	11	None	NA	NA	NA	0	0	0	1	NA	NA	NA	NA	NA
JAJIVP010000102.1_1	2	625	624	1	0.574	11	None	NA	NA	NA	0	0	0	1	NA	NA	NA	NA	NA
JAJIVP010000102.1_2	657	1175	519	1	0.541	11	GGA/GAG/AGG	GENOMAD.189956.PV	5.929e-06	48	0	0	0	1	NA	NA	NA	PF08445;COG5628;TIGR01575	Predicted acetyltransferase
JAJIVP010000102.1_3	1285	1794	510	-1	0.561	11	None	NA	NA	NA	0	0	0	1	NA	NA	NA	NA	NA
JAJIVP010000102.1_4	1909	2259	351	-1	0.561	11	GGAG/GAGG	NA	NA	NA	0	0	0	1	NA	NA	NA	NA	NA
JAJIVP010000102.1_5	2416	2856	441	-1	0.549	11	GGAG/GAGG	GENOMAD.085683.PP	4.025e-15	74	0	0	0	1	NA	NA	NA	PF07419	PilM
JAJIVP010000102.1_6	2870	4357	1488	-1	0.554	11	GGAGG	GENOMAD.091850.PC	1.45e-28	124	0	0	0	1	NA	NA	NA	COG4537	Competence protein ComGC
JAJIVP010000102.1_7	4354	5334	981	-1	0.544	11	GGA/GAG/AGG	NA	NA	NA	0	0	0	1	NA	NA	NA	NA	NA
JAJIVP010000102.1_8	5351	5884	534	-1	0.552	11	GGAG/GAGG	GENOMAD.051002.PP	3.011e-08	55	0	0	0	1	NA	NA	NA	PF08805	PilS N terminal
JAJIVP010000102.1_9	5932	7029	1098	-1	0.523	11	GGAG/GAGG	GENOMAD.137476.CP	3.238e-43	165	0	0	0	1	NA	NA	NA	PF00482;TIGR02120;COG1459;K10934	type II secretion system protein F
JAJIVP010000102.1_10	7031	8641	1611	-1	0.555	11	AGGA/GGAG/GAGG	NA	NA	NA	0	0	0	1	NA	NA	NA	NA	NA
JAJIVP010000102.1_11	8643	9137	495	-1	0.560	11	GGAG/GAGG	NA	NA	NA	0	0	0	1	NA	NA	NA	NA	NA
JAJIVP010000102.1_12	9127	10473	1347	-1	0.583	11	AGGA/GGAG/GAGG	GENOMAD.054621.PP	4.793e-73	256	0	0	0	1	NA	NA	NA	PF06864	Pilin accessory protein (PilO)
JAJIVP010000102.1_13	10513	12237	1725	-1	0.575	11	AGGA	GENOMAD.148144.PC	1.052e-89	310	0	0	0	1	NA	NA	NA	PF00263;TIGR02520;K12282;COG1450	type IVB pilus formation outer membrane protein, R64 PilN family
JAJIVP010000102.1_14	12234	13073	840	-1	0.574	11	GGA/GAG/AGG	GENOMAD.084578.PP	2.584e-162	506	0	0	0	1	NA	NA	NA	PF10671	Toxin co-regulated pilus biosynthesis protein Q
JAJIVP010000102.1_15	13070	13573	504	-1	0.619	11	GGA/GAG/AGG	NA	NA	NA	0	0	0	1	NA	NA	NA	NA	NA
JAJIVP010000102.1_16	13570	14577	1008	-1	0.624	11	None	NA	NA	NA	0	0	0	1	NA	NA	NA	NA	NA
JAJIVP010000102.1_17	14570	15001	432	-1	0.572	11	GGA/GAG/AGG	NA	NA	NA	0	0	0	1	NA	NA	NA	NA	NA
JAJIVP010000102.1_18	15050	15328	279	-1	0.606	11	GGAGG	GENOMAD.130224.PC	9.703e-32	119	0	1	0	1	NA	I_traK	NA	K12222	NA
JAJIVP010000102.1_19	15328	16524	1197	-1	0.619	11	None	NA	NA	NA	0	0	0	1	NA	NA	NA	NA	NA
JAJIVP010000102.1_20	16521	17300	780	-1	0.603	11	GGA/GAG/AGG	GENOMAD.121283.PC	1.287e-81	272	0	1	0	1	NA	I_traI	NA	PF16932;K12204	Type IV secretory system, conjugal DNA-protein transfer
JAJIVP010000102.1_21	17287	17781	495	-1	0.657	11	GGA/GAG/AGG	GENOMAD.189321.PC	8.795e-12	65	0	0	0	1	NA	NA	NA	PF16816;K12205;COG3017	DotD protein
JAJIVP010000102.1_22	18024	19478	1455	1	0.616	11	GGA/GAG/AGG	NA	NA	NA	0	0	0	1	NA	NA	NA	NA	NA
JAJIVP010000102.1_23	19722	19940	219	1	0.680	11	AGGAG	NA	NA	NA	0	0	0	1	NA	NA	NA	NA	NA
JAJIVP010000102.1_24	20016	20825	810	1	0.649	11	None	NA	NA	NA	0	0	0	1	NA	NA	NA	NA	NA
JAJIVP010000102.1_25	20850	21377	528	1	0.657	11	GGAG/GAGG	NA	NA	NA	0	0	0	1	NA	NA	NA	NA	NA
JAJIVP010000102.1_26	21625	22623	999	-1	0.602	11	AGGAGG	GENOMAD.138275.PV	4.057e-06	51	0	1	0	1	NA	NA	NA	PF07506;PF02195;TIGR03454;COG1475;K03497	plasmid partitioning protein RepB
JAJIVP010000102.1_27	22620	23912	1293	-1	0.601	11	GGAG/GAGG	NA	NA	NA	0	0	0	1	NA	NA	NA	NA	NA
JAJIVP010000102.1_28	23979	24572	594	1	0.559	11	None	NA	NA	NA	0	0	0	1	NA	NA	NA	NA	NA
JAJIVP010000102.1_29	24569	25879	1311	1	0.572	11	GGAG/GAGG	NA	NA	NA	0	0	0	1	NA	NA	NA	NA	NA
JAJIVP010000102.1_30	26032	26184	153	1	0.634	11	GGAG/GAGG	NA	NA	NA	0	0	0	1	NA	NA	NA	NA	NA
JAJIVP010000102.1_31	26196	26717	522	1	0.602	11	GGA/GAG/AGG	NA	NA	NA	0	0	0	1	NA	NA	NA	NA	NA
JAJIVP010000102.1_32	27202	27906	705	1	0.599	11	None	GENOMAD.141805.PC	4.466e-10	62	0	1	0	1	NA	I_traM	NA	PF11393;K12214;TIGR03781;COG3701	Type-IV b secretion system, inner-membrane complex component
JAJIVP010000102.1_33	27903	28844	942	1	0.632	11	GGAG/GAGG	GENOMAD.121028.PC	4.92e-82	276	0	1	0	1	NA	I_traN	NA	K12213	NA
JAJIVP010000102.1_34	28844	30088	1245	1	0.613	11	GGAG/GAGG	NA	NA	NA	0	0	0	1	NA	NA	NA	NA	NA
JAJIVP010000102.1_35	30098	31039	942	1	0.642	11	GGA/GAG/AGG	NA	NA	NA	0	0	0	1	NA	NA	NA	NA	NA
JAJIVP010000102.1_36	31049	31579	531	1	0.559	11	GGA/GAG/AGG	NA	NA	NA	0	0	0	1	NA	NA	NA	NA	NA
JAJIVP010000102.1_37	31618	32019	402	1	0.595	11	AGGAG	NA	NA	NA	0	0	0	1	NA	NA	NA	NA	NA
JAJIVP010000102.1_38	32031	32783	753	1	0.618	11	None	NA	NA	NA	0	0	0	1	NA	NA	NA	NA	NA
JAJIVP010000102.1_39	32773	34017	1245	1	0.599	11	GGAG/GAGG	GENOMAD.043253.PP	1.205e-185	581	0	0	0	1	NA	NA	NA	NA	NA
JAJIVP010000102.1_40	34007	34270	264	1	0.595	11	AGGAG	NA	NA	NA	0	0	0	1	NA	NA	NA	NA	NA
JAJIVP010000102.1_41	34279	37326	3048	1	0.595	11	AGGA	GENOMAD.118537.PC	1.192e-112	393	0	1	0	1	NA	traU	NA	PF19044;PF03135;K12206;TIGR03783;COG3451	Bacteroides conjugation system ATPase, TraG family
JAJIVP010000102.1_42	37274	37699	426	1	0.634	11	GGA/GAG/AGG	NA	NA	NA	0	0	0	1	NA	NA	NA	NA	NA
JAJIVP010000102.1_43	37696	38202	507	-1	0.635	11	None	NA	NA	NA	0	0	0	1	NA	NA	NA	NA	NA
JAJIVP010000102.1_44	38259	38918	660	1	0.602	11	GGA/GAG/AGG	NA	NA	NA	0	0	0	1	NA	NA	NA	NA	NA
JAJIVP010000102.1_45	38978	39781	804	1	0.622	11	AGGAG	NA	NA	NA	0	0	0	1	NA	NA	NA	NA	NA
JAJIVP010000102.1_46	39781	40107	327	1	0.648	11	GGA/GAG/AGG	NA	NA	NA	0	0	0	1	NA	NA	NA	NA	NA
JAJIVP010000102.1_47	40308	41564	1257	1	0.637	11	GGAG/GAGG	NA	NA	NA	0	0	0	1	NA	NA	NA	NA	NA
JAJIVP010000102.1_48	41643	46889	5247	1	0.610	11	GGA/GAG/AGG	NA	NA	NA	0	0	0	1	NA	NA	NA	NA	NA
JAJIVP010000102.1_49	46898	47236	339	1	0.637	11	AGGAG	NA	NA	NA	0	0	0	1	NA	NA	NA	NA	NA
JAJIVP010000102.1_50	47255	47653	399	-1	0.612	11	GGAG/GAGG	NA	NA	NA	0	0	0	1	NA	NA	NA	NA	NA
JAJIVP010000102.1_51	47760	49946	2187	1	0.607	11	GGAG/GAGG	NA	NA	NA	0	0	0	1	NA	NA	NA	NA	NA
JAJIVP010000102.1_52	49885	50175	291	1	0.608	11	GGAG/GAGG	NA	NA	NA	0	0	0	1	NA	NA	NA	NA	NA
JAJIVP010000102.1_53	50172	50912	741	1	0.592	11	GGA/GAG/AGG	NA	NA	NA	0	0	0	1	NA	NA	NA	NA	NA
JAJIVP010000102.1_54	51183	51479	297	1	0.596	11	AGGA	NA	NA	NA	0	0	0	1	NA	NA	NA	NA	NA
JAJIVP010000102.1_55	51894	52235	342	1	0.629	11	AGGA	NA	NA	NA	0	0	0	1	NA	NA	NA	NA	NA
JAJIVP010000102.1_56	52243	53040	798	1	0.640	11	GGAG/GAGG	NA	NA	NA	0	0	0	1	NA	NA	NA	NA	NA
JAJIVP010000102.1_57	53052	53441	390	1	0.638	11	GGA/GAG/AGG	NA	NA	NA	0	0	0	1	NA	NA	NA	NA	NA
JAJIVP010000102.1_58	53435	54940	1506	1	0.615	11	GGAG/GAGG	NA	NA	NA	0	0	0	1	NA	NA	NA	NA	NA
JAJIVP010000102.1_59	54963	55556	594	1	0.584	11	AGGAG	NA	NA	NA	0	0	0	1	NA	NA	NA	NA	NA
JAJIVP010000102.1_60	55553	56560	1008	1	0.609	11	GGAG/GAGG	NA	NA	NA	0	0	0	1	NA	NA	NA	NA	NA
JAJIVP010000102.1_61	56557	57177	621	1	0.659	11	GGA/GAG/AGG	NA	NA	NA	0	0	0	1	NA	NA	NA	NA	NA
JAJIVP010000102.1_62	57180	59207	2028	1	0.628	11	GGxGG	GENOMAD.020821.VV	5.32e-16	85	0	0	1	1246	Caudoviricetes	NA	NA	PF05876;PF16203;K14440;COG5410;TIGR04095	ERCC4-related helicase
JAJIVP010000102.1_63	59210	59605	396	1	0.601	11	AGxAGG/AGGxGG	NA	NA	NA	0	0	0	1	NA	NA	NA	NA	NA
JAJIVP010000102.1_64	59627	60619	993	-1	0.615	11	AGGA	GENOMAD.169159.PC	2.474e-108	353	0	0	0	1	NA	NA	NA	PF12281;COG5397	Nucleotidyltransferase
JAJIVP010000102.1_65	61030	61716	687	1	0.587	11	GGA/GAG/AGG	NA	NA	NA	0	0	0	1	NA	NA	NA	NA	NA
JAJIVP010000102.1_66	61774	62001	228	-1	0.654	11	AGxAGG/AGGxGG	NA	NA	NA	0	0	0	1	NA	NA	NA	NA	NA
JAJIVP010000102.1_67	61991	62173	183	-1	0.639	11	AGGA/GGAG/GAGG	NA	NA	NA	0	0	0	1	NA	NA	NA	NA	NA
JAJIVP010000102.1_68	62170	62922	753	-1	0.648	11	GGA/GAG/AGG	GENOMAD.146337.PC	7.62e-34	133	0	0	0	1	NA	NA	NA	PF13462;PF10411;K03981;COG1651;TIGR00385	Protein-disulfide isomerase
JAJIVP010000102.1_69	62930	63103	174	-1	0.603	11	AGGAG	NA	NA	NA	0	0	0	1	NA	NA	NA	NA	NA
JAJIVP010000102.1_70	63105	63347	243	-1	0.605	11	GGAGG	NA	NA	NA	0	0	0	1	NA	NA	NA	NA	NA
JAJIVP010000102.1_71	63349	64260	912	-1	0.624	11	GGA/GAG/AGG	NA	NA	NA	0	0	0	1	NA	NA	NA	NA	NA
JAJIVP010000102.1_72	64276	65499	1224	-1	0.643	11	GGAG/GAGG	NA	NA	NA	0	0	0	1	NA	NA	NA	NA	NA
JAJIVP010000102.1_73	65513	66091	579	-1	0.637	11	AGGAG	NA	NA	NA	0	0	0	1	NA	NA	NA	NA	NA
JAJIVP010000102.1_74	66107	66925	819	-1	0.635	11	GGA/GAG/AGG	NA	NA	NA	0	0	0	1	NA	NA	NA	NA	NA
JAJIVP010000102.1_75	67172	67549	378	-1	0.635	11	GGAG/GAGG	NA	NA	NA	0	0	0	1	NA	NA	NA	NA	NA
JAJIVP010000102.1_76	67645	67998	354	-1	0.630	11	GGAG/GAGG	NA	NA	NA	0	0	0	1	NA	NA	NA	NA	NA
JAJIVP010000102.1_77	68187	68486	300	1	0.590	11	AGGAG	NA	NA	NA	0	0	0	1	NA	NA	NA	NA	NA
JAJIVP010000102.1_78	68483	68698	216	1	0.616	11	None	NA	NA	NA	0	0	0	1	NA	NA	NA	NA	NA
JAJIVP010000102.1_79	68795	69145	351	1	0.584	11	GGAG/GAGG	NA	NA	NA	0	0	0	1	NA	NA	NA	NA	NA
JAJIVP010000102.1_80	69444	70532	1089	1	0.589	11	None	NA	NA	NA	0	0	0	1	NA	NA	NA	NA	NA
JAJIVP010000102.1_81	70577	71302	726	-1	0.566	11	None	NA	NA	NA	0	0	0	1	NA	NA	NA	NA	NA
JAJIVP010000102.1_82	71306	71695	390	-1	0.505	11	GGAG/GAGG	NA	NA	NA	0	0	0	1	NA	NA	NA	NA	NA
JAJIVP010000102.1_83	71800	72825	1026	-1	0.591	11	AGGAG	NA	NA	NA	0	0	0	1	NA	NA	NA	NA	NA
JAJIVP010000102.1_84	72872	73267	396	-1	0.568	11	AGGAG	NA	NA	NA	0	0	0	1	NA	NA	NA	NA	NA
JAJIVP010000102.1_85	73335	74555	1221	-1	0.606	11	3Base/5BMM	NA	NA	NA	0	0	0	1	NA	NA	NA	NA	NA
JAJIVP010000102.1_86	74577	75017	441	-1	0.619	11	AGxAGG/AGGxGG	GENOMAD.206190.VP	2.122e-13	69	0	0	1	1246	Caudoviricetes	NA	NA	PF11672;COG1813;TIGR03655	zinc-finger-containing domain
JAJIVP010000102.1_87	75086	76012	927	-1	0.562	11	None	NA	NA	NA	0	0	0	1	NA	NA	NA	NA	NA
JAJIVP010000102.1_88	76009	76284	276	-1	0.612	11	GGA/GAG/AGG	GENOMAD.222971.VP	5.399e-45	157	0	0	0	1	NA	NA	NA	PF19800	NA
JAJIVP010000102.1_89	76499	77197	699	-1	0.601	11	GGAG/GAGG	NA	NA	NA	0	0	0	1	NA	NA	NA	NA	NA
JAJIVP010000102.1_90	77194	77604	411	-1	0.579	11	GGA/GAG/AGG	NA	NA	NA	0	0	0	1	NA	NA	NA	NA	NA
JAJIVP010000102.1_91	77655	77999	345	-1	0.554	11	GGAG/GAGG	GENOMAD.225014.VP	0.0007097	40	0	0	0	15084	Tevenvirinae	NA	NA	NA	NA
JAJIVP010000102.1_92	78151	79461	1311	-1	0.675	11	AGGAG	GENOMAD.210351.VP	7.909e-07	54	0	0	0	1246	Caudoviricetes	NA	NA	NA	NA
JAJIVP010000102.1_93	79767	82727	2961	-1	0.625	11	GGAG/GAGG	NA	NA	NA	0	0	0	1	NA	NA	NA	NA	NA
JAJIVP010000102.1_94	82736	83704	969	-1	0.682	11	GGAGG	NA	NA	NA	0	0	0	1	NA	NA	NA	NA	NA
JAJIVP010000103.1_1	44	310	267	1	0.588	11	GGAG/GAGG	NA	NA	NA	0	0	0	1	NA	NA	NA	NA	NA
JAJIVP010000103.1_2	343	1176	834	1	0.629	11	AGGA/GGAG/GAGG	GENOMAD.194062.PC	0.0004348	44	0	0	0	1	NA	NA	NA	NA	NA
JAJIVP010000104.1_1	2	1099	1098	1	0.498	11	None	NA	NA	NA	0	0	0	1	NA	NA	NA	NA	NA
JAJIVP010000104.1_2	1139	1420	282	-1	0.592	11	GGA/GAG/AGG	NA	NA	NA	0	0	0	1	NA	NA	NA	NA	NA
JAJIVP010000104.1_3	1598	2359	762	1	0.657	11	GGA/GAG/AGG	NA	NA	NA	0	0	0	1	NA	NA	NA	NA	NA
JAJIVP010000105.1_1	1	99	99	1	0.606	11	None	NA	NA	NA	0	0	0	1	NA	NA	NA	NA	NA
JAJIVP010000105.1_2	273	998	726	-1	0.647	11	AGGAG	NA	NA	NA	0	0	0	1	NA	NA	NA	NA	NA
JAJIVP010000105.1_3	1271	2689	1419	-1	0.649	11	GGA/GAG/AGG	NA	NA	NA	0	0	0	1	NA	NA	NA	NA	NA
JAJIVP010000105.1_4	2795	4225	1431	-1	0.631	11	GGA/GAG/AGG	GENOMAD.068048.VV	2.107e-15	82	0	0	1	1246	Caudoviricetes	NA	NA	PF20307;TIGR03600;K02314;COG0305	phage replicative helicase, DnaB family, HK022 subfamily
JAJIVP010000105.1_5	4447	5001	555	-1	0.650	11	GGAG/GAGG	NA	NA	NA	0	0	0	1	NA	NA	NA	NA	NA
JAJIVP010000105.1_6	5172	7112	1941	-1	0.682	11	AGGAG	GENOMAD.109459.VV	3.537e-07	56	0	0	0	3080	Megamimivirinae	NA	NA	PF13230;TIGR03104;K01957;COG0367	asparagine synthase family amidotransferase
JAJIVP010000105.1_7	7297	7935	639	-1	0.646	11	GGAG/GAGG	NA	NA	NA	0	0	0	1	NA	NA	NA	NA	NA
JAJIVP010000105.1_8	8062	9120	1059	-1	0.688	11	None	GENOMAD.147712.CP	6.208e-189	587	0	0	0	1	NA	NA	NA	NA	NA
JAJIVP010000105.1_9	9123	10697	1575	-1	0.655	11	GGA/GAG/AGG	GENOMAD.147712.CP	2e-323	985	0	0	0	1	NA	NA	NA	NA	NA
JAJIVP010000105.1_10	10687	11850	1164	-1	0.676	11	GGA/GAG/AGG	NA	NA	NA	0	0	0	1	NA	NA	NA	NA	NA
JAJIVP010000105.1_11	12006	12797	792	-1	0.648	11	GGAG/GAGG	NA	NA	NA	0	0	0	1	NA	NA	NA	NA	NA
JAJIVP010000105.1_12	12943	13158	216	1	0.653	11	GGAG/GAGG	GENOMAD.055338.CC	2.969e-26	102	0	0	0	1	NA	NA	NA	PF19611	NA
JAJIVP010000105.1_13	13158	13925	768	1	0.664	11	None	NA	NA	NA	0	0	0	1	NA	NA	NA	NA	NA
JAJIVP010000105.1_14	13982	14812	831	-1	0.662	11	None	NA	NA	NA	0	0	0	1	NA	NA	NA	NA	NA
JAJIVP010000105.1_15	14887	15315	429	1	0.681	11	AGGAG	NA	NA	NA	0	0	0	1	NA	NA	NA	NA	NA
JAJIVP010000105.1_16	15448	15927	480	1	0.671	11	GGAG/GAGG	NA	NA	NA	0	0	0	1	NA	NA	NA	NA	NA
JAJIVP010000105.1_17	16066	16281	216	-1	0.546	11	GGAG/GAGG	NA	NA	NA	0	0	0	1	NA	NA	NA	NA	NA
JAJIVP010000105.1_18	16509	16994	486	1	0.646	11	None	GENOMAD.097044.CV	2.371e-28	113	0	0	0	1	NA	NA	NA	COG2839;K09793	Uncharacterized conserved protein YqgC, DUF456 family
JAJIVP010000105.1_19	17253	18386	1134	1	0.627	11	None	NA	NA	NA	0	0	0	1	NA	NA	NA	NA	NA
JAJIVP010000105.1_20	18768	19481	714	-1	0.644	11	GGA/GAG/AGG	NA	NA	NA	0	0	0	1	NA	NA	NA	NA	NA
JAJIVP010000105.1_21	19594	20229	636	-1	0.676	11	GGAG/GAGG	NA	NA	NA	0	0	0	1	NA	NA	NA	NA	NA
JAJIVP010000105.1_22	20471	21988	1518	-1	0.641	11	GGA/GAG/AGG	NA	NA	NA	0	0	0	1	NA	NA	NA	NA	NA
JAJIVP010000105.1_23	22287	24167	1881	1	0.651	11	None	NA	NA	NA	0	0	0	1	NA	NA	NA	NA	NA
JAJIVP010000105.1_24	24366	25145	780	1	0.622	11	None	NA	NA	NA	0	0	0	1	NA	NA	NA	NA	NA
JAJIVP010000105.1_25	25293	25778	486	-1	0.628	11	GGA/GAG/AGG	NA	NA	NA	0	0	0	1	NA	NA	NA	NA	NA
JAJIVP010000106.1_1	3	758	756	1	0.575	11	None	NA	NA	NA	0	0	0	1	NA	NA	NA	NA	NA
JAJIVP010000106.1_2	2513	2728	216	1	0.611	11	GGAGG	GENOMAD.096365.VV	3.199e-18	79	0	0	0	2773	Inoviridae	NA	NA	NA	NA
JAJIVP010000106.1_3	2725	2898	174	1	0.546	11	AGGAG	NA	NA	NA	0	0	0	1	NA	NA	NA	NA	NA
JAJIVP010000106.1_4	2891	3067	177	1	0.565	11	AGxAGG/AGGxGG	GENOMAD.185254.VV	3.756e-18	78	0	0	0	1	NA	NA	NA	NA	NA
JAJIVP010000106.1_5	3021	4100	1080	1	0.578	11	None	GENOMAD.222675.VP	1.814e-232	713	0	0	0	2773	Inoviridae	NA	NA	NA	NA
JAJIVP010000106.1_6	4097	4393	297	1	0.566	11	GGA/GAG/AGG	GENOMAD.222243.VP	5.055e-49	169	0	0	1	2773	Inoviridae	NA	NA	PF02303	Helix-destabilising protein
JAJIVP010000106.1_7	4397	4648	252	1	0.639	11	GGA/GAG/AGG	GENOMAD.148914.VV	4.547e-20	85	0	0	1	1	NA	NA	NA	PF17091	Inovirus G7P protein
JAJIVP010000106.1_8	4676	4804	129	1	0.581	11	AGGAG	GENOMAD.112093.VV	2.595e-14	66	0	0	0	1	NA	NA	NA	NA	NA
JAJIVP010000106.1_9	5403	5687	285	1	0.635	11	None	GENOMAD.227990.VV	1.618e-27	107	0	0	0	1	NA	NA	NA	NA	NA
JAJIVP010000106.1_10	5639	5920	282	1	0.571	11	GGAG/GAGG	GENOMAD.097192.VV	1.524e-12	64	0	0	0	2773	Inoviridae	NA	NA	NA	NA
JAJIVP010000106.1_11	6055	6375	321	1	0.583	11	GGAG/GAGG	GENOMAD.214060.VP	4.995e-45	158	0	0	0	2773	Inoviridae	NA	NA	NA	NA
JAJIVP010000106.1_12	6377	7699	1323	1	0.613	11	GGA/GAG/AGG	NA	NA	NA	0	0	0	1	NA	NA	NA	NA	NA
JAJIVP010000106.1_13	7729	8121	393	1	0.583	11	GGAGG	GENOMAD.141606.VV	9.358e-50	173	0	0	0	16538	Coriovirus Cf1c	NA	NA	PF13511	NA
JAJIVP010000106.1_14	8160	8498	339	-1	0.640	11	GGA/GAG/AGG	GENOMAD.212325.VP	8.98e-58	195	0	0	1	2773	Inoviridae	NA	NA	PF12375;PF12472	Phage protein; Phage related protein
JAJIVP010000106.1_15	8621	9466	846	-1	0.671	11	3Base/5BMM	NA	NA	NA	0	0	0	1	NA	NA	NA	NA	NA
JAJIVP010000106.1_16	9554	10579	1026	1	0.659	11	AGGA	NA	NA	NA	0	0	0	1	NA	NA	NA	NA	NA
JAJIVP010000106.1_17	10731	11360	630	1	0.619	11	GGA/GAG/AGG	NA	NA	NA	0	0	0	1	NA	NA	NA	NA	NA
JAJIVP010000106.1_18	11693	12559	867	1	0.636	11	None	NA	NA	NA	0	0	0	1	NA	NA	NA	NA	NA
JAJIVP010000106.1_19	12556	12996	441	1	0.689	11	GGA/GAG/AGG	NA	NA	NA	0	0	0	1	NA	NA	NA	NA	NA
JAJIVP010000106.1_20	12993	13424	432	1	0.671	11	GGAG/GAGG	GENOMAD.151842.CP	2.697e-08	54	0	0	0	1	NA	NA	NA	PF20398;COG2391	Sulphur transport
JAJIVP010000106.1_21	13421	13861	441	1	0.630	11	GGA/GAG/AGG	GENOMAD.179551.PC	1.548e-17	81	0	0	0	1	NA	NA	NA	PF04273;TIGR01244;COG3453	TIGR01244 family protein
JAJIVP010000106.1_22	13871	14521	651	1	0.624	11	GGA/GAG/AGG	NA	NA	NA	0	0	0	1	NA	NA	NA	NA	NA
JAJIVP010000106.1_23	14987	16264	1278	-1	0.624	11	None	NA	NA	NA	0	0	0	1	NA	NA	NA	NA	NA
JAJIVP010000106.1_24	16397	19174	2778	-1	0.630	11	4Base/6BMM	NA	NA	NA	0	0	0	1	NA	NA	NA	NA	NA
JAJIVP010000106.1_25	19396	20667	1272	-1	0.686	11	GGAG/GAGG	NA	NA	NA	0	0	0	1	NA	NA	NA	NA	NA
JAJIVP010000106.1_26	20852	21907	1056	1	0.687	11	GGAG/GAGG	NA	NA	NA	0	0	0	1	NA	NA	NA	NA	NA
JAJIVP010000106.1_27	22083	23045	963	-1	0.615	11	GGAG/GAGG	NA	NA	NA	0	0	0	1	NA	NA	NA	NA	NA
JAJIVP010000106.1_28	23435	25939	2505	1	0.475	11	AGGAG	NA	NA	NA	0	0	0	1	NA	NA	NA	NA	NA
JAJIVP010000106.1_29	25926	26498	573	-1	0.611	11	None	NA	NA	NA	0	0	0	1	NA	NA	NA	NA	NA
JAJIVP010000106.1_30	26960	30085	3126	-1	0.632	11	None	NA	NA	NA	0	0	0	1	NA	NA	NA	NA	NA
JAJIVP010000106.1_31	30137	31249	1113	-1	0.680	11	GGA/GAG/AGG	NA	NA	NA	0	0	0	1	NA	NA	NA	NA	NA
JAJIVP010000106.1_32	31373	31942	570	1	0.660	11	None	GENOMAD.147057.CP	1.051e-21	95	0	0	0	1	NA	NA	NA	PF13022;PF08359;K18294;TIGR03613;COG1309	pyrimidine utilization regulatory protein R
JAJIVP010000106.1_33	32237	34063	1827	-1	0.685	11	None	NA	NA	NA	0	0	0	1	NA	NA	NA	NA	NA
JAJIVP010000106.1_34	34077	34712	636	-1	0.656	11	AGGA/GGAG/GAGG	GENOMAD.136854.CP	0.000231	44	0	0	0	1	NA	NA	NA	PF01106;COG0694	Fe-S cluster biogenesis protein NfuA, 4Fe-4S-binding domain
JAJIVP010000106.1_35	34765	35121	357	1	0.653	11	GGA/GAG/AGG	GENOMAD.123541.CP	1.18e-25	103	0	0	0	1	NA	NA	NA	PF01329;COG2154;K01724	Pterin-4a-carbinolamine dehydratase
JAJIVP010000106.1_36	35118	35540	423	1	0.721	11	GGA/GAG/AGG	GENOMAD.141401.CP	2.013e-11	63	0	0	0	1	NA	NA	NA	PF03544;TIGR01352	TonB family C-terminal domain
JAJIVP010000106.1_37	35805	36623	819	1	0.621	11	AGGA/GGAG/GAGG	NA	NA	NA	0	0	0	1	NA	NA	NA	NA	NA
JAJIVP010000106.1_38	36921	38738	1818	1	0.667	11	GGAG/GAGG	GENOMAD.195728.CP	0.0	1005	0	0	0	1	NA	NA	NA	NA	NA
JAJIVP010000106.1_39	38772	39758	987	-1	0.661	11	GGA/GAG/AGG	NA	NA	NA	0	0	0	1	NA	NA	NA	NA	NA
JAJIVP010000106.1_40	40159	43809	3651	1	0.670	11	GGAG/GAGG	GENOMAD.090513.CP	5.666e-22	106	0	0	0	1	NA	NA	NA	PF20833	RNase E/G, Thioredoxin-like domain
JAJIVP010000106.1_41	44334	44981	648	-1	0.594	11	GGAG/GAGG	NA	NA	NA	0	0	0	1	NA	NA	NA	NA	NA
JAJIVP010000106.1_42	45221	45967	747	-1	0.632	11	None	GENOMAD.112742.CP	1.229e-22	100	0	0	0	1	NA	NA	NA	PF17773;COG1054	UPF0176 acylphosphatase like domain
JAJIVP010000106.1_43	46067	46432	366	-1	0.653	11	None	GENOMAD.018062.CC	1.591e-15	74	0	0	0	1	NA	NA	NA	PF19661	Putative prokaryotic signal transducing protein
JAJIVP010000106.1_44	46492	46923	432	1	0.657	11	GGA/GAG/AGG	GENOMAD.101229.CV	2.38e-10	60	0	0	0	1	NA	NA	NA	PF18023;K09577;COG1047	BDBT FKBP like N-terminal
JAJIVP010000106.1_45	46934	48196	1263	1	0.652	11	GGA/GAG/AGG	NA	NA	NA	0	0	0	1	NA	NA	NA	NA	NA
JAJIVP010000106.1_46	48180	49472	1293	-1	0.640	11	AGGA	NA	NA	NA	0	0	0	1	NA	NA	NA	NA	NA
JAJIVP010000106.1_47	50580	51092	513	-1	0.552	11	None	GENOMAD.177338.PC	1.225e-05	47	0	0	0	1	NA	NA	NA	PF13683	Integrase core domain
JAJIVP010000107.1_1	21	1097	1077	-1	0.604	11	AGGAG	GENOMAD.047390.PP	3.383e-29	123	0	0	0	1	NA	NA	NA	NA	NA
JAJIVP010000107.1_2	1231	1851	621	-1	0.651	11	GGAG/GAGG	NA	NA	NA	0	0	0	1	NA	NA	NA	NA	NA
JAJIVP010000107.1_3	2420	3742	1323	1	0.634	11	GGA/GAG/AGG	GENOMAD.080453.PP	9.573e-08	57	0	0	0	1	NA	NA	NA	NA	NA
JAJIVP010000010.1_1	1	6102	6102	1	0.687	11	None	GENOMAD.170232.VV	9.243e-05	50	0	0	0	1246	Caudoviricetes	NA	NA	NA	NA
JAJIVP010000108.1_1	3	329	327	-1	0.661	11	GGAG/GAGG	NA	NA	NA	0	0	0	1	NA	NA	NA	NA	NA
JAJIVP010000108.1_2	454	1161	708	1	0.691	11	GGA/GAG/AGG	NA	NA	NA	0	0	0	1	NA	NA	NA	NA	NA
JAJIVP010000108.1_3	1158	3068	1911	1	0.656	11	GGA/GAG/AGG	GENOMAD.154050.CP	0.0003862	46	0	0	0	1	NA	NA	NA	COG3920;K19622	Two-component sensor histidine kinase, HisKA and HATPase domains
JAJIVP010000108.1_4	3065	3529	465	1	0.649	11	None	NA	NA	NA	0	0	0	1	NA	NA	NA	NA	NA
JAJIVP010000108.1_5	3623	3853	231	-1	0.654	11	GGA/GAG/AGG	GENOMAD.016641.CC	1.372e-28	109	0	0	0	1	NA	NA	NA	PF09413	Putative prokaryotic signal transducing protein
JAJIVP010000108.1_6	3855	4496	642	-1	0.676	11	AGGA/GGAG/GAGG	NA	NA	NA	0	0	0	1	NA	NA	NA	NA	NA
JAJIVP010000108.1_7	4913	6652	1740	1	0.646	11	None	NA	NA	NA	0	0	0	1	NA	NA	NA	NA	NA
JAJIVP010000108.1_8	7036	7965	930	1	0.674	11	GGAG/GAGG	GENOMAD.177755.PC	4.668e-32	130	0	0	0	1	NA	NA	NA	COG5006;K03298	Threonine/homoserine efflux transporter RhtA
JAJIVP010000108.1_9	8596	9012	417	1	0.664	11	GGAG/GAGG	NA	NA	NA	0	0	0	1	NA	NA	NA	NA	NA
JAJIVP010000108.1_10	9012	9572	561	1	0.679	11	None	NA	NA	NA	0	0	0	1	NA	NA	NA	NA	NA
JAJIVP010000108.1_11	9612	10655	1044	1	0.661	11	GGA/GAG/AGG	GENOMAD.114416.CP	5.28e-126	405	0	0	0	1	NA	NA	NA	PF18125;PF03269;K06968;COG2933;TIGR01177	23S rRNA C2498 (ribose-2'-O)-methylase RlmM
JAJIVP010000108.1_12	11230	12339	1110	-1	0.633	11	AGGAG	NA	NA	NA	0	0	0	1	NA	NA	NA	NA	NA
JAJIVP010000108.1_13	12463	13368	906	1	0.655	11	GGAG/GAGG	NA	NA	NA	0	0	0	1	NA	NA	NA	NA	NA
JAJIVP010000108.1_14	13450	14172	723	1	0.628	11	GGAGG	NA	NA	NA	0	0	0	1	NA	NA	NA	NA	NA
JAJIVP010000108.1_15	14229	14774	546	1	0.650	11	GGA/GAG/AGG	GENOMAD.181899.CV	3.305e-06	49	0	0	0	1	NA	NA	NA	PF13405	EF-hand domain
JAJIVP010000108.1_16	14912	15385	474	1	0.688	11	GGA/GAG/AGG	NA	NA	NA	0	0	0	1	NA	NA	NA	NA	NA
JAJIVP010000108.1_17	15431	16258	828	1	0.638	11	AGGAG	NA	NA	NA	0	0	0	1	NA	NA	NA	NA	NA
JAJIVP010000108.1_18	16342	17811	1470	1	0.667	11	AGGAGG	NA	NA	NA	0	0	0	1	NA	NA	NA	NA	NA
JAJIVP010000108.1_19	18015	19493	1479	1	0.656	11	None	NA	NA	NA	0	0	0	1	NA	NA	NA	NA	NA
JAJIVP010000108.1_20	19671	20672	1002	-1	0.670	11	GGA/GAG/AGG	NA	NA	NA	0	0	0	1	NA	NA	NA	NA	NA
JAJIVP010000108.1_21	20739	21098	360	-1	0.597	11	AGGAG	GENOMAD.195792.PC	2.821e-65	217	0	0	0	1	NA	NA	NA	PF07746;TIGR02792;K04100	protocatechuate 4,5-dioxygenase, alpha subunit
JAJIVP010000108.1_22	21109	22005	897	-1	0.657	11	AGGAG	GENOMAD.172148.PC	1.622e-88	294	0	0	0	1	NA	NA	NA	PF02900;K04101;TIGR02298;COG3384	Catalytic LigB subunit of aromatic ring-opening dioxygenase
JAJIVP010000108.1_23	22248	22913	666	1	0.665	11	GGA/GAG/AGG	NA	NA	NA	0	0	0	1	NA	NA	NA	NA	NA
JAJIVP010000108.1_24	23080	23913	834	-1	0.597	11	None	GENOMAD.189522.PC	5.232e-162	505	0	0	0	1	NA	NA	NA	PF13557;COG4313	Putative MetA-pathway of phenol degradation
JAJIVP010000108.1_25	24262	24693	432	-1	0.674	11	GGAG/GAGG	GENOMAD.195820.PC	1.258e-27	110	0	0	0	1	NA	NA	NA	PF00866;TIGR03231;COG5517;K16320	anthranilate 1,2-dioxygenase, small subunit
JAJIVP010000108.1_26	24796	25518	723	-1	0.675	11	None	GENOMAD.145475.CP	7.356e-05	46	0	0	0	1	NA	NA	NA	PF06342;K08680;TIGR03695;COG1647	2-succinyl-6-hydroxy-2,4-cyclohexadiene-1-carboxylate synthase
JAJIVP010000108.1_27	25646	26827	1182	-1	0.692	11	GGAG/GAGG	GENOMAD.129930.CP	3.081e-28	121	0	0	0	1	NA	NA	NA	NA	NA
JAJIVP010000108.1_28	26824	28032	1209	-1	0.701	11	None	GENOMAD.129930.CP	9.866e-14	76	0	0	0	1	NA	NA	NA	NA	NA
JAJIVP010000108.1_29	28373	28951	579	1	0.667	11	None	NA	NA	NA	0	0	0	1	NA	NA	NA	NA	NA
JAJIVP010000108.1_30	28955	29512	558	1	0.697	11	None	NA	NA	NA	0	0	0	1	NA	NA	NA	NA	NA
JAJIVP010000108.1_31	29551	30459	909	1	0.685	11	GGA/GAG/AGG	NA	NA	NA	0	0	0	1	NA	NA	NA	NA	NA
JAJIVP010000108.1_32	30648	33017	2370	1	0.630	11	None	GENOMAD.105365.CP	5.545e-107	369	0	0	0	1	NA	NA	NA	K04744;COG1452	LPS assembly outer membrane protein LptD (organic solvent tolerance protein OstA)
JAJIVP010000108.1_33	33014	34405	1392	1	0.656	11	None	GENOMAD.000379.CC	3.639e-26	116	0	0	0	1	NA	NA	NA	PF09312;K03771;TIGR04142;COG0760	putative peptidyl-prolyl cis-trans isomerase, LIC12922 family
JAJIVP010000108.1_34	34428	35396	969	1	0.688	11	GGA/GAG/AGG	GENOMAD.132496.CP	8.115e-90	299	0	0	0	1	NA	NA	NA	PF04166;K00097;COG1995;TIGR00557	4-hydroxy-L-threonine phosphate dehydrogenase PdxA
JAJIVP010000108.1_35	35514	36302	789	1	0.660	11	None	NA	NA	NA	0	0	0	1	NA	NA	NA	NA	NA
JAJIVP010000108.1_36	36339	36722	384	1	0.648	11	None	GENOMAD.000805.CC	1.522e-18	83	0	0	0	1	NA	NA	NA	PF04379;COG2967	Uncharacterized protein affecting Mg2+/Co2+ transport
JAJIVP010000108.1_37	36751	37707	957	1	0.674	11	GGAG/GAGG	GENOMAD.083577.VV	0.0005643	44	0	0	0	1246	Caudoviricetes	NA	NA	K07314;TIGR00668	bis(5'-nucleosyl)-tetraphosphatase (symmetrical)
JAJIVP010000108.1_38	37759	38253	495	-1	0.663	11	None	NA	NA	NA	0	0	0	1	NA	NA	NA	NA	NA
JAJIVP010000108.1_39	38250	38537	288	-1	0.566	11	None	NA	NA	NA	0	0	0	1	NA	NA	NA	NA	NA
JAJIVP010000108.1_40	38591	39385	795	-1	0.626	11	GGAGG	GENOMAD.030736.VV	1.762e-12	70	0	0	0	1246	Caudoviricetes	NA	NA	PF00303;COG0207;TIGR03284;K00560	Thymidylate synthase
JAJIVP010000108.1_41	39382	40272	891	-1	0.636	11	None	GENOMAD.126817.CP	3.974e-22	100	0	0	0	1	NA	NA	NA	PF01790;K13292;TIGR00544;COG0682	prolipoprotein diacylglyceryl transferase
JAJIVP010000108.1_42	40327	40818	492	-1	0.687	11	GGAG/GAGG	GENOMAD.158059.CP	1.016e-20	91	0	0	0	1	NA	NA	NA	PF17174;COG3762	Uncharacterized membrane protein YgcG, contains a TPM-fold domain
JAJIVP010000108.1_43	40818	41705	888	-1	0.709	11	AGGAG	NA	NA	NA	0	0	0	1	NA	NA	NA	NA	NA
JAJIVP010000108.1_44	42050	42688	639	-1	0.617	11	GGA/GAG/AGG	NA	NA	NA	0	0	0	1	NA	NA	NA	NA	NA
JAJIVP010000108.1_45	42785	43165	381	-1	0.648	11	AGGA/GGAG/GAGG	GENOMAD.136345.CP	4.697e-14	70	0	0	0	1	NA	NA	NA	PF01219;COG0818;K00887	Diacylglycerol kinase
JAJIVP010000108.1_46	43347	44048	702	1	0.654	11	GGA/GAG/AGG	NA	NA	NA	0	0	0	1	NA	NA	NA	NA	NA
JAJIVP010000108.1_47	44466	45737	1272	-1	0.653	11	GGA/GAG/AGG	NA	NA	NA	0	0	0	1	NA	NA	NA	NA	NA
JAJIVP010000108.1_48	45880	46593	714	-1	0.646	11	GGAG/GAGG	NA	NA	NA	0	0	0	1	NA	NA	NA	NA	NA
JAJIVP010000108.1_49	46685	47338	654	-1	0.676	11	GGAG/GAGG	NA	NA	NA	0	0	0	1	NA	NA	NA	NA	NA
JAJIVP010000108.1_50	47457	48062	606	1	0.705	11	None	NA	NA	NA	0	0	0	1	NA	NA	NA	NA	NA
JAJIVP010000108.1_51	48059	50542	2484	1	0.690	11	None	GENOMAD.142740.CP	4.212e-187	606	0	0	0	1	NA	NA	NA	PF02687;PF12704;COG3127;TIGR03434;K09813	Predicted ABC-type transport system involved in lysophospholipase L1 biosynthesis, permease component
JAJIVP010000108.1_52	50791	51708	918	1	0.647	11	GGAG/GAGG	GENOMAD.168562.CP	1.436e-05	49	0	0	0	1	NA	NA	NA	PF02668;K03119;COG2175;TIGR02409	Taurine catabolism dioxygenase TauD, TfdA family
JAJIVP010000108.1_53	51749	52795	1047	1	0.643	11	GGAG/GAGG	GENOMAD.194675.PC	4.06e-71	246	0	0	0	1	NA	NA	NA	PF13379;TIGR03427;COG4521;K15553	ABC transporter periplasmic binding protein, urea carboxylase region
JAJIVP010000108.1_54	52799	53632	834	1	0.657	11	GGAG/GAGG	NA	NA	NA	0	0	0	1	NA	NA	NA	NA	NA
JAJIVP010000108.1_55	53629	54513	885	1	0.698	11	GGAG/GAGG	NA	NA	NA	0	0	0	1	NA	NA	NA	NA	NA
JAJIVP010000108.1_56	54593	54946	354	1	0.607	11	None	GENOMAD.141125.CP	2.289e-50	174	0	0	0	1	NA	NA	NA	PF04342;COG3169;K09922	Uncharacterized conserved protein, DUF486 family
JAJIVP010000108.1_57	55073	55996	924	-1	0.646	11	GGA/GAG/AGG	GENOMAD.015156.CC	4.576e-70	241	0	0	0	1	NA	NA	NA	PF20311	NA
JAJIVP010000108.1_58	56672	58903	2232	-1	0.637	11	GGA/GAG/AGG	GENOMAD.134173.CP	2.955e-63	236	0	0	0	1	NA	NA	NA	PF14905;PF07715;K16087;TIGR01776;COG4206	TonB-dependent lactoferrin and transferrin receptors
JAJIVP010000108.1_59	59150	59395	246	-1	0.610	11	None	GENOMAD.197521.CP	4.478e-05	42	0	0	0	1	NA	NA	NA	PF10636;COG4256	Hemin uptake protein HemP
JAJIVP010000108.1_60	59552	60520	969	-1	0.667	11	GGAG/GAGG	NA	NA	NA	0	0	0	1	NA	NA	NA	NA	NA
JAJIVP010000108.1_61	61432	62730	1299	1	0.644	11	GGA/GAG/AGG	NA	NA	NA	0	0	0	1	NA	NA	NA	NA	NA
JAJIVP010000108.1_62	62821	63771	951	1	0.680	11	GGA/GAG/AGG	NA	NA	NA	0	0	0	1	NA	NA	NA	NA	NA
JAJIVP010000108.1_63	64298	66640	2343	1	0.631	11	GGA/GAG/AGG	NA	NA	NA	0	0	0	1	NA	NA	NA	NA	NA
JAJIVP010000108.1_64	66748	67746	999	1	0.665	11	None	NA	NA	NA	0	0	0	1	NA	NA	NA	NA	NA
JAJIVP010000108.1_65	67775	68602	828	1	0.647	11	GGAG/GAGG	GENOMAD.158493.CP	0.0004285	44	0	0	0	1	NA	NA	NA	PF03269;K20082;COG2227;TIGR02072	Caenorhabditis protein of unknown function, DUF268
JAJIVP010000108.1_66	68596	69696	1101	-1	0.668	11	None	GENOMAD.146476.CP	4.612e-67	235	0	0	0	1	NA	NA	NA	PF04307;K07038;COG1988	LexA-binding, inner membrane-associated putative hydrolase
JAJIVP010000108.1_67	69941	71152	1212	1	0.642	11	GGA/GAG/AGG	NA	NA	NA	0	0	0	1	NA	NA	NA	NA	NA
JAJIVP010000109.1_1	22	735	714	-1	0.678	11	3Base/5BMM	GENOMAD.148482.CP	1.644e-26	111	0	0	0	1	NA	NA	NA	PF03473;COG2258;K03831	Uncharacterized conserved protein YiiM, contains MOSC domain
JAJIVP010000109.1_2	738	1940	1203	-1	0.658	11	None	GENOMAD.099160.CP	9.818e-05	47	0	0	0	1	NA	NA	NA	PF12897;TIGR03542;K08969;COG1168	LL-diaminopimelate aminotransferase
JAJIVP010000109.1_3	2166	2666	501	-1	0.613	11	AGxAGG/AGGxGG	NA	NA	NA	0	0	0	1	NA	NA	NA	NA	NA
JAJIVP010000109.1_4	2727	2981	255	-1	0.675	11	GGxGG	NA	NA	NA	0	0	0	1	NA	NA	NA	NA	NA
JAJIVP010000109.1_5	2983	4842	1860	-1	0.661	11	GGAGG	GENOMAD.123924.CP	5.76e-61	226	0	0	0	1246	Caudoviricetes	NA	NA	PF07670;PF07664;COG3366;TIGR02871	Nucleoside recognition; Ferrous iron transport protein B C terminus
JAJIVP010000109.1_6	4839	5129	291	-1	0.639	11	None	GENOMAD.194235.PC	1.401e-14	70	0	0	0	1	NA	NA	NA	PF18357;COG1918;K04759	Fe2+ transport system protein FeoA
JAJIVP010000109.1_7	5202	5999	798	1	0.680	11	GGA/GAG/AGG	NA	NA	NA	0	0	0	1	NA	NA	NA	NA	NA
JAJIVP010000109.1_8	5996	6385	390	1	0.703	11	GGAG/GAGG	NA	NA	NA	0	0	0	1	NA	NA	NA	NA	NA
JAJIVP010000109.1_9	6492	7388	897	1	0.679	11	None	NA	NA	NA	0	0	0	1	NA	NA	NA	NA	NA
JAJIVP010000109.1_10	7526	8296	771	1	0.671	11	GGA/GAG/AGG	NA	NA	NA	0	0	0	1	NA	NA	NA	NA	NA
JAJIVP010000109.1_11	8397	8963	567	1	0.616	11	None	GENOMAD.105354.CP	4.932e-21	93	1	0	0	1	NA	NA	NA	PF09285;PF01132;PF08207;K02356;TIGR02178;COG0231	elongation factor P-like protein YeiP
JAJIVP010000109.1_12	8963	9349	387	1	0.654	11	None	NA	NA	NA	0	0	0	1	NA	NA	NA	NA	NA
JAJIVP010000109.1_13	9570	11429	1860	-1	0.674	11	None	GENOMAD.044132.CC	2.352e-280	866	0	0	0	1	NA	NA	NA	NA	NA
JAJIVP010000109.1_14	11426	11725	300	-1	0.690	11	GGA/GAG/AGG	NA	NA	NA	0	0	0	1	NA	NA	NA	NA	NA
JAJIVP010000109.1_15	11760	13178	1419	-1	0.643	11	None	NA	NA	NA	0	0	0	1	NA	NA	NA	NA	NA
JAJIVP010000109.1_16	13386	14627	1242	1	0.645	11	None	NA	NA	NA	0	0	0	1	NA	NA	NA	NA	NA
JAJIVP010000109.1_17	14776	15327	552	-1	0.667	11	GGA/GAG/AGG	NA	NA	NA	0	0	0	1	NA	NA	NA	NA	NA
JAJIVP010000109.1_18	15510	16982	1473	1	0.649	11	GGA/GAG/AGG	GENOMAD.151588.CP	9.955e-20	96	0	0	0	1	NA	NA	NA	PF13520;TIGR00906;K03294;COG1113	cationic amino acid transport permease
JAJIVP010000109.1_19	17059	18489	1431	1	0.660	11	GGA/GAG/AGG	GENOMAD.151588.CP	3.82e-19	94	0	0	0	1	NA	NA	NA	PF13520;TIGR00906;K03294;COG1113	cationic amino acid transport permease
JAJIVP010000109.1_20	18579	19232	654	1	0.628	11	AGxAG	GENOMAD.161709.CV	5.642e-05	46	0	0	0	1	NA	NA	NA	PF00596;COG0235;TIGR03328;K22130	Ribulose-5-phosphate 4-epimerase/Fuculose-1-phosphate aldolase
JAJIVP010000109.1_21	19268	19834	567	1	0.621	11	GGA/GAG/AGG	NA	NA	NA	0	0	0	1	NA	NA	NA	NA	NA
JAJIVP010000109.1_22	19837	20535	699	1	0.634	11	GGA/GAG/AGG	NA	NA	NA	0	0	0	1	NA	NA	NA	NA	NA
JAJIVP010000109.1_23	20795	21796	1002	1	0.640	11	GGxGG	GENOMAD.027063.CC	1.731e-52	191	0	0	0	1	NA	NA	NA	NA	NA
JAJIVP010000109.1_24	22258	23844	1587	-1	0.650	11	GGA/GAG/AGG	GENOMAD.154807.CP	1.4e-100	340	0	0	0	1	NA	NA	NA	PF16370;PF00149;COG2908;K03651;TIGR03729	C terminal of Calcineurin-like phosphoesterase; Calcineurin-like phosphoesterase
JAJIVP010000109.1_25	24024	24644	621	-1	0.663	11	GGAG/GAGG	NA	NA	NA	0	0	0	1	NA	NA	NA	NA	NA
JAJIVP010000109.1_26	24634	25410	777	-1	0.634	11	GGAG/GAGG	NA	NA	NA	0	0	0	1	NA	NA	NA	NA	NA
JAJIVP010000109.1_27	25404	26138	735	-1	0.673	11	GGA/GAG/AGG	NA	NA	NA	0	0	0	1	NA	NA	NA	NA	NA
JAJIVP010000109.1_28	26135	26737	603	-1	0.653	11	GGA/GAG/AGG	GENOMAD.107271.CP	5.039e-37	140	0	0	0	1	NA	NA	NA	PF01174;K02501;COG0118;TIGR01855	Imidazoleglycerol phosphate synthase glutamine amidotransferase subunit HisH
JAJIVP010000109.1_29	26734	27861	1128	-1	0.633	11	AGGAG	NA	NA	NA	0	0	0	1	NA	NA	NA	NA	NA
JAJIVP010000109.1_30	27858	28949	1092	-1	0.665	11	GGAG/GAGG	NA	NA	NA	0	0	0	1	NA	NA	NA	NA	NA
JAJIVP010000109.1_31	28946	30241	1296	-1	0.671	11	AGGA/GGAG/GAGG	NA	NA	NA	0	0	0	1	NA	NA	NA	NA	NA
JAJIVP010000109.1_32	30238	31152	915	-1	0.685	11	GGA/GAG/AGG	NA	NA	NA	0	0	0	1	NA	NA	NA	NA	NA
JAJIVP010000109.1_33	31162	31434	273	-1	0.700	11	None	GENOMAD.124267.CP	4.269e-39	140	0	0	0	1	NA	NA	NA	PF01371;TIGR01321;COG4496	trp operon repressor, proteobacterial
JAJIVP010000109.1_34	31702	33150	1449	-1	0.648	11	AGGAG	NA	NA	NA	0	0	0	1	NA	NA	NA	NA	NA
JAJIVP010000109.1_35	33258	34019	762	1	0.692	11	AGxAG	GENOMAD.132491.CP	4.64e-43	160	0	0	0	1	NA	NA	NA	PF15977;PF00027;K15861;TIGR03697;COG0664	global nitrogen regulator NtcA, cyanobacterial
JAJIVP010000109.1_36	34105	34836	732	-1	0.698	11	None	NA	NA	NA	0	0	0	1	NA	NA	NA	NA	NA
JAJIVP010000109.1_37	34950	36254	1305	-1	0.691	11	GGAG/GAGG	NA	NA	NA	0	0	0	1	NA	NA	NA	NA	NA
JAJIVP010000109.1_38	36416	36730	315	1	0.629	11	GGAG/GAGG	GENOMAD.210365.PC	5.37e-12	63	0	0	0	1	NA	NA	NA	PF09448;TIGR02118	conserved hypothetical protein
JAJIVP010000109.1_39	36805	37818	1014	-1	0.651	11	GGAG/GAGG	GENOMAD.071960.CP	4.058e-21	98	0	0	0	1	NA	NA	NA	PF00288;PF08544;K00872;TIGR00191;COG0083	homoserine kinase
JAJIVP010000109.1_40	37815	40322	2508	-1	0.668	11	GGAG/GAGG	GENOMAD.115168.CP	1.649e-05	51	0	0	0	1	NA	NA	NA	PF00696;K00928;TIGR00657;COG0527	aspartate kinase
JAJIVP010000109.1_41	40912	41412	501	-1	0.627	11	AGGA/GGAG/GAGG	NA	NA	NA	0	0	0	1	NA	NA	NA	NA	NA
JAJIVP010000109.1_42	41753	43762	2010	-1	0.651	11	None	NA	NA	NA	0	0	0	1	NA	NA	NA	NA	NA
JAJIVP010000109.1_43	44036	44344	309	-1	0.417	11	None	NA	NA	NA	0	0	0	1	NA	NA	NA	NA	NA
JAJIVP010000109.1_44	44341	48927	4587	-1	0.607	11	AGGAG/GGAGG	NA	NA	NA	0	0	0	1	NA	NA	NA	NA	NA
JAJIVP010000109.1_45	49150	49494	345	1	0.620	11	GGAGG	GENOMAD.219228.VC	0.0007097	40	0	0	0	1	NA	NA	NA	PF08845;TIGR02609;COG2336	Toxin SymE, type I toxin-antitoxin system
JAJIVP010000109.1_46	49852	57456	7605	-1	0.608	11	GGA/GAG/AGG	NA	NA	NA	0	0	0	1	NA	NA	NA	NA	NA
JAJIVP010000109.1_47	57425	62593	5169	-1	0.658	11	None	NA	NA	NA	0	0	0	1	NA	NA	NA	NA	NA
JAJIVP010000109.1_48	62645	64234	1590	-1	0.650	11	GGA/GAG/AGG	NA	NA	NA	0	0	0	1	NA	NA	NA	NA	NA
JAJIVP010000109.1_49	64305	66005	1701	-1	0.650	11	AGxAGG/AGGxGG	NA	NA	NA	0	0	0	1	NA	NA	NA	NA	NA
JAJIVP010000109.1_50	66787	67710	924	-1	0.615	11	GGA/GAG/AGG	GENOMAD.158077.CP	3.931e-07	54	0	0	0	1	NA	NA	NA	PF12833;TIGR02297;K02099;COG2207	4-hydroxyphenylacetate catabolism regulatory protein HpaA
JAJIVP010000109.1_51	67842	68216	375	1	0.581	11	GGA/GAG/AGG	GENOMAD.171688.CP	1.528e-25	103	0	0	0	1	NA	NA	NA	PF12681;TIGR00068;COG3565;K08234	Glyoxalase-like domain
JAJIVP010000109.1_52	68792	69400	609	1	0.593	11	GGA/GAG/AGG	GENOMAD.179361.CP	3.517e-21	94	0	0	0	1	NA	NA	NA	NA	NA
JAJIVP010000109.1_53	70323	70679	357	-1	0.529	11	AGGAG	NA	NA	NA	0	0	0	1	NA	NA	NA	NA	NA
JAJIVP010000109.1_54	70972	71190	219	1	0.589	11	AGGAG	NA	NA	NA	0	0	0	1	NA	NA	NA	NA	NA
JAJIVP010000109.1_55	71421	71978	558	-1	0.550	11	AGGA	NA	NA	NA	0	0	0	1	NA	NA	NA	NA	NA
JAJIVP010000109.1_56	72461	72583	123	1	0.561	11	GGAG/GAGG	NA	NA	NA	0	0	0	1	NA	NA	NA	NA	NA
JAJIVP010000110.1_1	2	1351	1350	1	0.559	11	None	NA	NA	NA	0	0	0	1	NA	NA	NA	NA	NA
JAJIVP010000110.1_2	1814	3445	1632	1	0.633	11	AGGA/GGAG/GAGG	NA	NA	NA	0	0	0	1	NA	NA	NA	NA	NA
JAJIVP010000110.1_3	3420	3839	420	1	0.662	11	AGGAG	NA	NA	NA	0	0	0	1	NA	NA	NA	NA	NA
JAJIVP010000110.1_4	3836	5596	1761	1	0.680	11	None	GENOMAD.192010.PC	9.042e-25	113	0	0	0	1	NA	NA	NA	PF00497;K16254;TIGR03871;COG0834	quinoprotein dehydrogenase-associated probable ABC transporter substrate-binding protein
JAJIVP010000110.1_5	5593	6297	705	1	0.674	11	None	GENOMAD.168413.CP	3.747e-127	402	0	0	0	1	NA	NA	NA	PF09086;COG3245;TIGR03046;K12263	Cytochrome c5
JAJIVP010000110.1_6	6294	7340	1047	1	0.680	11	GGA/GAG/AGG	NA	NA	NA	0	0	0	1	NA	NA	NA	NA	NA
JAJIVP010000110.1_7	7376	8482	1107	1	0.659	11	GGAGG	NA	NA	NA	0	0	0	1	NA	NA	NA	NA	NA
JAJIVP010000110.1_8	8494	10878	2385	1	0.667	11	AGGAG	GENOMAD.183275.CP	0.0	1354	0	0	0	1	NA	NA	NA	PF14905;PF07715;TIGR01776;K16091;COG4206	TonB-dependent lactoferrin and transferrin receptors
JAJIVP010000110.1_9	10956	11618	663	-1	0.668	11	None	NA	NA	NA	0	0	0	1	NA	NA	NA	NA	NA
JAJIVP010000111.1_1	3	1241	1239	-1	0.706	11	GGAG/GAGG	GENOMAD.148235.CP	3.914e-26	115	0	0	0	1	NA	NA	NA	PF18010;K21405;COG3284;TIGR03298	Transcriptional regulator of acetoin/glycerol metabolism
JAJIVP010000111.1_2	1497	2429	933	-1	0.636	11	GGA/GAG/AGG	GENOMAD.152376.CP	3.05e-05	48	0	0	0	1	NA	NA	NA	PF00294;K23147;COG2870;TIGR04382	ADP-heptose synthase, bifunctional sugar kinase/adenylyltransferase
JAJIVP010000111.1_3	2705	3751	1047	1	0.661	11	AGGA/GGAG/GAGG	GENOMAD.101053.CP	3.546e-16	83	0	0	0	1246	Caudoviricetes	NA	NA	PF06723;TIGR00904;COG1077	cell shape determining protein, MreB/Mrl family
JAJIVP010000111.1_4	3917	5125	1209	1	0.686	11	None	GENOMAD.094189.CV	2.031e-13	75	0	0	0	1	NA	NA	NA	COG1792;K03570	Cell shape-determining protein MreC
JAJIVP010000111.1_5	5122	5607	486	1	0.679	11	AGGAG	GENOMAD.001979.CC	5.735e-27	109	0	0	0	1	NA	NA	NA	PF17099;TIGR03426;K03571;COG2891	rod shape-determining protein MreD
JAJIVP010000111.1_6	5611	7671	2061	1	0.683	11	None	GENOMAD.108664.CP	1.153e-08	61	0	0	0	1246	Caudoviricetes	NA	NF000237	PF00905;PF05223;TIGR03423;K05515;COG0768	penicillin-binding protein 2
JAJIVP010000111.1_7	7668	8786	1119	1	0.655	11	AGGAG	NA	NA	NA	0	0	0	1	NA	NA	NA	NA	NA
JAJIVP010000111.1_8	9143	10540	1398	1	0.639	11	None	GENOMAD.179497.PC	8.046e-50	188	0	0	0	1	NA	NA	NA	K01184;COG5434	Polygalacturonase
JAJIVP010000112.1_1	3	230	228	-1	0.605	11	GGA/GAG/AGG	GENOMAD.031536.PP	2.933e-36	131	0	1	0	1	NA	NA	NA	PF06504;COG5534	Replication protein C (RepC)
JAJIVP010000112.1_2	218	667	450	-1	0.584	11	GGAG/GAGG	GENOMAD.031536.PP	2.854e-63	213	0	1	0	1	NA	NA	NA	PF06504;COG5534	Replication protein C (RepC)
JAJIVP010000112.1_3	624	1499	876	-1	0.676	11	GGAG/GAGG	NA	NA	NA	0	0	0	1	NA	NA	NA	NA	NA
JAJIVP010000112.1_4	1503	1736	234	-1	0.620	11	GGxGG	NA	NA	NA	0	0	0	1	NA	NA	NA	NA	NA
JAJIVP010000112.1_5	1827	2837	1011	1	0.571	11	None	NA	NA	NA	0	0	0	1	NA	NA	NA	NA	NA
JAJIVP010000112.1_6	2941	3186	246	1	0.598	11	GGAG/GAGG	NA	NA	NA	0	0	0	1	NA	NA	NA	NA	NA
JAJIVP010000112.1_7	3276	4478	1203	-1	0.629	11	GGA/GAG/AGG	NA	NA	NA	0	0	0	1	NA	NA	NA	NA	NA
JAJIVP010000112.1_8	4787	6352	1566	-1	0.641	11	None	GENOMAD.032975.CC	7.937e-22	103	1	0	0	1246	Caudoviricetes	NA	NA	PF00958;PF13638;PF09002;TIGR03642;K07158;COG1875	GMP synthase C terminal domain; PIN domain
JAJIVP010000112.1_9	6474	7931	1458	-1	0.645	11	None	NA	NA	NA	0	0	0	1	NA	NA	NA	NA	NA
JAJIVP010000112.1_10	7965	8153	189	-1	0.656	11	GGAG/GAGG	NA	NA	NA	0	0	0	1	NA	NA	NA	NA	NA
JAJIVP010000112.1_11	8113	9024	912	-1	0.678	11	None	NA	NA	NA	0	0	0	1	NA	NA	NA	NA	NA
JAJIVP010000112.1_12	9074	9394	321	1	0.607	11	None	GENOMAD.110127.CP	9.165e-39	140	0	0	0	1	NA	NA	NA	PF06844;COG3492;K09948	NA
JAJIVP010000112.1_13	9665	11515	1851	-1	0.650	11	None	NA	NA	NA	0	0	0	1	NA	NA	NA	NA	NA
JAJIVP010000112.1_14	11689	12582	894	-1	0.621	11	None	NA	NA	NA	0	0	0	1	NA	NA	NA	NA	NA
JAJIVP010000112.1_15	12582	14489	1908	-1	0.631	11	GGA/GAG/AGG	NA	NA	NA	0	0	0	1	NA	NA	NA	NA	NA
JAJIVP010000112.1_16	14503	15471	969	-1	0.635	11	GGxGG	NA	NA	NA	0	0	0	1	NA	NA	NA	NA	NA
JAJIVP010000112.1_17	15471	16649	1179	-1	0.625	11	GGA/GAG/AGG	GENOMAD.092833.CV	1.51e-96	322	0	0	0	1	NA	NA	NA	PF04733;PF18073;K19804;COG2956;TIGR00540	Lipopolysaccharide biosynthesis regulator YciM, contains six TPR domains and a predicted metal-binding C-terminal domain
JAJIVP010000112.1_18	16656	16961	306	-1	0.611	11	GGAG/GAGG	GENOMAD.036873.CC	7.774e-15	71	0	0	0	1	NA	NA	NA	PF06305;COG5416	Uncharacterized membrane protein YciS, DUF1049 family
JAJIVP010000112.1_19	17028	17339	312	-1	0.603	11	None	NA	NA	NA	0	0	0	1	NA	NA	NA	NA	NA
JAJIVP010000112.1_20	17428	19113	1686	-1	0.619	11	GGA/GAG/AGG	NA	NA	NA	0	0	0	1	NA	NA	NA	NA	NA
JAJIVP010000112.1_21	19296	19979	684	-1	0.662	11	GGA/GAG/AGG	NA	NA	NA	0	0	0	1	NA	NA	NA	NA	NA
JAJIVP010000112.1_22	20152	20277	126	1	0.603	11	GGAG/GAGG	GENOMAD.112966.CP	3.527e-11	57	0	0	0	1	NA	NA	NA	PF00444;COG0257;TIGR01022	Ribosomal protein L36
JAJIVP010000112.1_23	20519	20860	342	1	0.629	11	GGAG/GAGG	GENOMAD.008251.CC	1.551e-52	180	0	0	0	1	NA	NA	NA	PF11006	CAP-associated N-terminal
JAJIVP010000112.1_24	21094	22128	1035	1	0.666	11	GGA/GAG/AGG	NA	NA	NA	0	0	0	1	NA	NA	NA	NA	NA
JAJIVP010000112.1_25	22254	23138	885	1	0.667	11	GGA/GAG/AGG	GENOMAD.140368.CP	5.774e-12	69	0	0	0	1	NA	NA	NA	PF00795;K01506;TIGR03381;COG0388	N-carbamoylputrescine amidase
JAJIVP010000112.1_26	23142	23681	540	1	0.628	11	None	NA	NA	NA	0	0	0	1	NA	NA	NA	NA	NA
JAJIVP010000112.1_27	23674	24894	1221	1	0.653	11	None	NA	NA	NA	0	0	0	1	NA	NA	NA	NA	NA
JAJIVP010000112.1_28	25120	26016	897	-1	0.642	11	GGA/GAG/AGG	GENOMAD.177900.CP	6.543e-13	72	0	0	0	1	NA	NA	NA	PF19580;K06896;TIGR03395;COG0708	sphingomyelin phosphodiesterase
JAJIVP010000112.1_29	26076	29243	3168	-1	0.653	11	GGAG/GAGG	NA	NA	NA	0	0	0	1	NA	NA	NA	NA	NA
JAJIVP010000112.1_30	29240	30076	837	-1	0.624	11	AGGA	NA	NA	NA	0	0	0	1	NA	NA	NA	NA	NA
JAJIVP010000112.1_31	30073	30957	885	-1	0.628	11	GGAG/GAGG	NA	NA	NA	0	0	0	1	NA	NA	NA	NA	NA
JAJIVP010000112.1_32	30954	32324	1371	-1	0.646	11	GGA/GAG/AGG	GENOMAD.123940.CP	2.179e-16	85	0	0	0	1	NA	NA	NA	PF13416;K10120;COG2182;TIGR03850	Maltose-binding periplasmic protein MalE
JAJIVP010000112.1_33	32328	33947	1620	-1	0.631	11	GGxGG	GENOMAD.162180.CP	1.872e-114	381	0	0	0	1	NA	NA	NA	PF10091;COG5368	Putative glucoamylase
JAJIVP010000112.1_34	34051	37029	2979	-1	0.630	11	GGAGG	GENOMAD.125907.CP	3.999e-15	83	0	0	0	1	NA	NA	NA	PF14905;PF07715;TIGR01783;COG4771;K19611	TonB-dependent siderophore receptor
JAJIVP010000112.1_35	37163	38185	1023	-1	0.696	11	GGAGG	NA	NA	NA	0	0	0	1	NA	NA	NA	NA	NA
JAJIVP010000112.1_36	38563	38832	270	-1	0.693	11	None	GENOMAD.108170.CP	1.986e-08	52	0	0	0	1	NA	NA	NA	PF01722;COG5007;K05527	Acid stress-induced BolA-like protein IbaG/YrbA, predicted regulator of iron metabolism
JAJIVP010000112.1_37	38829	39128	300	-1	0.700	11	GGAG/GAGG	GENOMAD.153334.CP	9.153e-28	108	0	0	0	1	NA	NA	NA	PF03795;K09780;COG2350;TIGR03221	Uncharacterized conserved protein YciI, contains a putative active-site phosphohistidine
JAJIVP010000112.1_38	39363	40385	1023	1	0.626	11	GGA/GAG/AGG	GENOMAD.123012.CP	8.234e-19	91	0	0	0	1	NA	NA	NA	PF02616;COG1354;K05896	Chromatin segregation and condensation protein Rec8/ScpA/Scc1, kleisin family
JAJIVP010000112.1_39	40399	41595	1197	1	0.674	11	None	NA	NA	NA	0	0	0	1	NA	NA	NA	NA	NA
JAJIVP010000112.1_40	41588	43231	1644	1	0.704	11	GGAG/GAGG	GENOMAD.109423.CP	1.048e-34	144	0	0	0	1246	Caudoviricetes	NA	NA	PF13275;K06183;COG1187;TIGR00005	16S rRNA U516 pseudouridylate synthase RsuA and related 23S rRNA U2605, pseudouridylate synthases
JAJIVP010000112.1_41	43572	44009	438	-1	0.626	11	None	NA	NA	NA	0	0	0	1	NA	NA	NA	NA	NA
JAJIVP010000112.1_42	44173	44943	771	1	0.637	11	GGA/GAG/AGG	NA	NA	NA	0	0	0	1	NA	NA	NA	NA	NA
JAJIVP010000112.1_43	45030	45830	801	-1	0.645	11	GGA/GAG/AGG	GENOMAD.126969.CP	1.53e-09	61	0	0	0	1	NA	NA	NA	PF00795;TIGR03381;K01506;COG0388	N-carbamoylputrescine amidase
JAJIVP010000112.1_44	45979	47127	1149	-1	0.655	11	GGA/GAG/AGG	GENOMAD.126770.CP	4.194e-09	61	0	0	0	1	NA	NA	NA	NA	NA
JAJIVP010000112.1_45	47354	47998	645	1	0.684	11	GGA/GAG/AGG	NA	NA	NA	0	0	0	1	NA	NA	NA	NA	NA
JAJIVP010000112.1_46	47995	48690	696	1	0.672	11	GGAGG	GENOMAD.137442.CP	1.366e-26	111	0	0	0	1	NA	NA	NA	PF03379;TIGR01190;COG2386	heme exporter protein CcmB
JAJIVP010000112.1_47	48785	49537	753	1	0.647	11	None	GENOMAD.123398.CP	1.207e-24	106	0	0	0	1	NA	NA	NA	K02195;TIGR01191;COG0755	heme exporter protein CcmC
JAJIVP010000112.1_48	49534	49704	171	1	0.678	11	AGGAG	NA	NA	NA	0	0	0	1	NA	NA	NA	NA	NA
JAJIVP010000112.1_49	49701	50171	471	1	0.648	11	GGAG/GAGG	GENOMAD.134025.CP	2.646e-42	153	0	0	0	1	NA	NA	NA	PF03100;K02197;COG2332;TIGR00752	Cytochrome c-type biogenesis protein CcmE
JAJIVP010000112.1_50	50343	52280	1938	1	0.678	11	None	GENOMAD.137760.CP	4.659e-62	230	0	0	0	1	NA	NA	NA	COG1138	Cytochrome c biogenesis factor
JAJIVP010000112.1_51	52273	52875	603	1	0.653	11	GGAG/GAGG	GENOMAD.130406.CP	2.101e-05	47	0	0	0	1246	Caudoviricetes	NA	NA	PF00578;PF17127;TIGR00385;K02199;COG0386	periplasmic protein thiol:disulfide oxidoreductases, DsbE subfamily
JAJIVP010000112.1_52	52872	53303	432	1	0.681	11	None	NA	NA	NA	0	0	0	1	NA	NA	NA	NA	NA
JAJIVP010000112.1_53	53303	54316	1014	1	0.700	11	AGGAG	GENOMAD.145456.CP	2.063e-24	108	0	0	0	1	NA	NA	NA	PF09976;COG4235;TIGR03142;K02656	Cytochrome c-type biogenesis protein CcmH/NrfG
JAJIVP010000112.1_54	54617	55819	1203	1	0.658	11	None	NA	NA	NA	0	0	0	1	NA	NA	NA	NA	NA
JAJIVP010000112.1_55	55971	56585	615	1	0.623	11	GGA/GAG/AGG	GENOMAD.161509.CP	1.151e-08	57	0	0	0	1	NA	NA	NA	PF06961;COG3326	Uncharacterized membrane protein YsdA, DUF1294 family
JAJIVP010000112.1_56	56658	58343	1686	-1	0.689	11	GGAGG	NA	NA	NA	0	0	0	1	NA	NA	NA	NA	NA
JAJIVP010000112.1_57	58340	60076	1737	-1	0.680	11	None	NA	NA	NA	0	0	0	1	NA	NA	NA	NA	NA
JAJIVP010000112.1_58	60228	61850	1623	1	0.611	11	GGA/GAG/AGG	NA	NA	NA	0	0	0	1	NA	NA	NA	NA	NA
JAJIVP010000112.1_59	61867	63018	1152	1	0.661	11	AGGAG	NA	NA	NA	0	0	0	1	NA	NA	NA	NA	NA
JAJIVP010000112.1_60	63107	63217	111	1	0.631	11	AGGAG	NA	NA	NA	0	0	0	1	NA	NA	NA	NA	NA
JAJIVP010000112.1_61	63437	64702	1266	1	0.703	11	GGA/GAG/AGG	NA	NA	NA	0	0	0	1	NA	NA	NA	NA	NA
JAJIVP010000112.1_62	64683	66596	1914	-1	0.649	11	GGAG/GAGG	NA	NA	NA	0	0	0	1	NA	NA	NA	NA	NA
JAJIVP010000112.1_63	66921	69332	2412	1	0.663	11	None	NA	NA	NA	0	0	0	1	NA	NA	NA	NA	NA
JAJIVP010000112.1_64	69433	70677	1245	-1	0.667	11	None	NA	NA	NA	0	0	0	1	NA	NA	NA	NA	NA
JAJIVP010000112.1_65	70838	71992	1155	-1	0.682	11	AGGA	NA	NA	NA	0	0	0	1	NA	NA	NA	NA	NA
JAJIVP010000112.1_66	72006	72266	261	-1	0.651	11	GGA/GAG/AGG	GENOMAD.183170.CP	1.805e-15	72	0	0	0	1	NA	NA	NA	PF02426;COG4829;TIGR03221	Muconolactone delta-isomerase
JAJIVP010000112.1_67	72263	73561	1299	-1	0.661	11	GGA/GAG/AGG	NA	NA	NA	0	0	0	1	NA	NA	NA	NA	NA
JAJIVP010000112.1_68	73686	74636	951	-1	0.638	11	GGA/GAG/AGG	GENOMAD.115187.CP	1.333e-25	111	0	0	0	1	NA	NA	NA	PF02774;PF01118;K05829;TIGR01850;COG0002	N-acetyl-gamma-glutamyl-phosphate reductase, common form
JAJIVP010000112.1_69	74633	75199	567	-1	0.663	11	GGA/GAG/AGG	NA	NA	NA	0	0	0	1	NA	NA	NA	NA	NA
JAJIVP010000112.1_70	75250	76593	1344	-1	0.625	11	None	GENOMAD.198386.CV	2.319e-51	192	0	0	0	1	NA	NA	NA	PF04768	NAT, N-acetyltransferase, of N-acetylglutamate synthase
JAJIVP010000112.1_71	76638	77738	1101	-1	0.670	11	None	NA	NA	NA	0	0	0	1	NA	NA	NA	NA	NA
JAJIVP010000112.1_72	77744	78196	453	-1	0.640	11	GGAG/GAGG	NA	NA	NA	0	0	0	1	NA	NA	NA	NA	NA
JAJIVP010000112.1_73	78437	79672	1236	-1	0.635	11	AGGA	GENOMAD.101078.CP	4.149e-08	58	0	0	0	1	NA	NA	NA	NA	NA
JAJIVP010000112.1_74	79727	80758	1032	-1	0.621	11	AGGA	GENOMAD.121677.CP	3.259e-09	61	0	0	0	1	NA	NA	NA	NA	NA
JAJIVP010000112.1_75	81071	81565	495	-1	0.655	11	None	GENOMAD.029544.CC	1.677e-59	203	0	0	0	1	NA	NA	NA	COG3134	Uncharacterized conserved protein YcfJ, contains glycine zipper 2TM domain
JAJIVP010000112.1_76	81743	83167	1425	1	0.658	11	GGA/GAG/AGG	NA	NA	NA	0	0	0	1	NA	NA	NA	NA	NA
JAJIVP010000112.1_77	83433	83870	438	1	0.635	11	GGA/GAG/AGG	GENOMAD.135911.CV	7.108e-05	44	0	0	0	16033	Crassvirales	NA	NA	PF02657;K02426;COG2166;TIGR03391	Sulfur transfer protein SufE, Fe-S cluster assembly
JAJIVP010000112.1_78	83867	85117	1251	1	0.687	11	None	GENOMAD.140488.CP	3.583e-07	55	0	0	0	1	NA	NA	NA	K23448;COG2223	Nitrate/nitrite transporter NarK
JAJIVP010000112.1_79	85332	86372	1041	-1	0.636	11	AGGA	GENOMAD.141801.CP	4.262e-19	92	0	0	0	1	NA	NA	NA	TIGR02420;COG1734	RNA polymerase-binding protein DksA
JAJIVP010000112.1_80	86457	86750	294	1	0.653	11	None	NA	NA	NA	0	0	0	1	NA	NA	NA	NA	NA
JAJIVP010000112.1_81	86747	88096	1350	1	0.644	11	AGGA	NA	NA	NA	0	0	0	1	NA	NA	NA	NA	NA
JAJIVP010000112.1_82	88096	88938	843	1	0.674	11	None	NA	NA	NA	0	0	0	1	NA	NA	NA	NA	NA
JAJIVP010000112.1_83	89096	89557	462	1	0.626	11	GGAG/GAGG	GENOMAD.132461.CP	1.773e-06	49	0	0	0	1	NA	NA	NA	PF13669;K05606;TIGR03081;COG2764	methylmalonyl-CoA epimerase
JAJIVP010000112.1_84	89984	91339	1356	1	0.633	11	AGGAG	NA	NA	NA	0	0	0	1	NA	NA	NA	NA	NA
JAJIVP010000112.1_85	91336	92745	1410	1	0.645	11	None	NA	NA	NA	0	0	0	1	NA	NA	NA	NA	NA
JAJIVP010000112.1_86	92822	93556	735	1	0.669	11	None	NA	NA	NA	0	0	0	1	NA	NA	NA	NA	NA
JAJIVP010000112.1_87	93611	93901	291	-1	0.567	11	AGGAG	NA	NA	NA	0	0	0	1	NA	NA	NA	NA	NA
JAJIVP010000112.1_88	93995	94876	882	-1	0.653	11	GGAG/GAGG	GENOMAD.154597.PC	1.098e-61	216	0	0	0	1	NA	NA	NF033105	PF00753;K13075;TIGR04558;COG0491	quinoprotein relay system zinc metallohydrolase 1
JAJIVP010000112.1_89	94996	95484	489	-1	0.601	11	AGGA	GENOMAD.179162.PC	6.933e-43	155	0	0	0	1	NA	NA	NA	PF16242;COG3871;TIGR04025	Pyridoxamine 5'-phosphate oxidase like
JAJIVP010000112.1_90	95917	96942	1026	1	0.588	11	GGA/GAG/AGG	GENOMAD.190703.PC	8.567e-11	66	0	0	0	1	NA	NA	NA	PF03761;K04775;COG3591;TIGR02038	V8-like Glu-specific endopeptidase
JAJIVP010000112.1_91	97390	98244	855	1	0.478	11	GGAG/GAGG	GENOMAD.191510.PC	3.456e-100	327	0	0	0	1	NA	NA	NA	PF00544;K01728;COG3866	Pectate lyase
JAJIVP010000112.1_92	98865	100535	1671	1	0.606	11	GGAG/GAGG	GENOMAD.179497.PC	4.852e-76	269	0	0	0	1	NA	NA	NA	K01184;COG5434	Polygalacturonase
JAJIVP010000112.1_93	100752	101441	690	-1	0.696	11	GGA/GAG/AGG	GENOMAD.028244.CC	3.152e-92	301	0	0	0	1	NA	NA	NA	PF00494;COG1562;TIGR03465	Phytoene/squalene synthetase
JAJIVP010000112.1_94	101470	102162	693	-1	0.664	11	GGxGG	NA	NA	NA	0	0	0	1	NA	NA	NA	NA	NA
JAJIVP010000112.1_95	102248	102967	720	-1	0.646	11	GGAG/GAGG	GENOMAD.136799.CP	0.0003157	44	0	0	0	1	NA	NA	NA	PF08123;TIGR02021;K13623;COG4106	magnesium protoporphyrin O-methyltransferase
JAJIVP010000112.1_96	102998	104335	1338	-1	0.656	11	GGA/GAG/AGG	GENOMAD.127377.CP	5.719e-05	48	0	0	0	1	NA	NA	NA	PF00962;K18456;TIGR03314;COG1816	putative selenium metabolism protein SsnA
JAJIVP010000112.1_97	104353	105333	981	-1	0.679	11	None	GENOMAD.205455.PC	1.427e-35	141	0	0	0	1	NA	NA	NA	NA	NA
JAJIVP010000112.1_98	105339	105905	567	-1	0.628	11	AGGAG	GENOMAD.105354.CP	1.006e-50	179	1	0	0	1	NA	NA	NA	PF09285;PF01132;PF08207;K02356;TIGR02178;COG0231	elongation factor P-like protein YeiP
JAJIVP010000112.1_99	106095	107036	942	1	0.710	11	AGxAG	NA	NA	NA	0	0	0	1	NA	NA	NA	NA	NA
JAJIVP010000112.1_100	107136	109253	2118	-1	0.666	11	GGA/GAG/AGG	NA	NA	NA	0	0	0	1	NA	NA	NA	NA	NA
JAJIVP010000112.1_101	109250	110110	861	-1	0.664	11	GGA/GAG/AGG	GENOMAD.145709.CP	7.932e-136	430	0	0	0	1	NA	NA	NA	PF06646;K02044;TIGR03431;COG3221	Extracytoplasmic thiamine-binding lipoprotein
JAJIVP010000112.1_102	110231	110917	687	-1	0.700	11	None	NA	NA	NA	0	0	0	1	NA	NA	NA	NA	NA
JAJIVP010000112.1_103	111113	111946	834	1	0.644	11	GGAG/GAGG	GENOMAD.123216.CP	1.214e-19	92	0	0	0	1	NA	NA	NA	PF00459;K01092;COG0483;TIGR02067	Archaeal fructose-1,6-bisphosphatase or related enzyme of inositol monophosphatase family
JAJIVP010000112.1_104	112306	112917	612	-1	0.606	11	AGGAG	NA	NA	NA	0	0	0	1	NA	NA	NA	NA	NA
JAJIVP010000112.1_105	113169	113609	441	1	0.692	11	GGA/GAG/AGG	GENOMAD.192274.CP	1.422e-27	110	0	0	0	1	NA	NA	NA	PF00545	ribonuclease
JAJIVP010000112.1_106	113606	114031	426	1	0.676	11	GGA/GAG/AGG	GENOMAD.178838.CP	1.181e-18	84	0	0	0	1246	Caudoviricetes	NA	NA	PF01337;COG2732;K03623	Barstar, RNAse (barnase) inhibitor
JAJIVP010000112.1_107	114322	116211	1890	-1	0.644	11	None	NA	NA	NA	0	0	0	1	NA	NA	NA	NA	NA
JAJIVP010000112.1_108	116322	117698	1377	1	0.668	11	None	GENOMAD.100160.CP	5.056e-08	58	0	0	0	1	NA	NA	NA	PF17774	Putative RNA-binding domain in YlmH
JAJIVP010000112.1_109	117799	118359	561	-1	0.654	11	None	NA	NA	NA	0	0	0	1	NA	NA	NA	NA	NA
JAJIVP010000112.1_110	118454	120010	1557	-1	0.672	11	GGA/GAG/AGG	NA	NA	NA	0	0	0	1	NA	NA	NA	NA	NA
JAJIVP010000112.1_111	120352	121167	816	1	0.654	11	None	NA	NA	NA	0	0	0	1	NA	NA	NA	NA	NA
JAJIVP010000112.1_112	121381	122079	699	-1	0.642	11	None	NA	NA	NA	0	0	0	1	NA	NA	NA	NA	NA
JAJIVP010000112.1_113	122250	122459	210	-1	0.624	11	AGGAG	NA	NA	NA	0	0	0	1	NA	NA	NA	NA	NA
JAJIVP010000112.1_114	123012	123560	549	1	0.670	11	None	GENOMAD.151568.CP	5.999e-71	237	0	0	0	1	NA	NA	NA	PF07152;COG4681	Uncharacterized conserved protein YaeQ, suppresses RfaH defect
JAJIVP010000112.1_115	123557	124738	1182	1	0.655	11	None	GENOMAD.117314.CP	1.955e-20	97	0	0	0	1	NA	NA	NA	NA	NA
JAJIVP010000112.1_116	124954	127023	2070	1	0.644	11	GGAG/GAGG	NA	NA	NA	0	0	0	1	NA	NA	NA	NA	NA
JAJIVP010000112.1_117	127123	128001	879	-1	0.650	11	GGAG/GAGG	GENOMAD.119278.CP	7.683e-76	257	0	0	0	1	NA	NA	NA	PF01435	Peptidase family M48
JAJIVP010000112.1_118	128099	128998	900	1	0.702	11	None	NA	NA	NA	0	0	0	1	NA	NA	NA	NA	NA
JAJIVP010000112.1_119	129081	129821	741	1	0.644	11	GGAG/GAGG	NA	NA	NA	0	0	0	1	NA	NA	NA	NA	NA
JAJIVP010000112.1_120	129981	130556	576	1	0.635	11	None	GENOMAD.123535.CP	8.741e-10	60	0	0	0	1	NA	NA	NA	PF05233	PHB accumulation regulatory domain
JAJIVP010000112.1_121	130741	131715	975	-1	0.681	11	GGAG/GAGG	GENOMAD.130634.CP	5.318e-40	154	0	0	0	1	NA	NA	NA	PF01963;K09973;COG3735;TIGR00261	Uncharacterized conserved protein YbaP, TraB family
JAJIVP010000112.1_122	131749	132684	936	-1	0.657	11	GGAG/GAGG	GENOMAD.159926.CP	2.044e-35	140	0	0	0	1	NA	NA	NA	PF07920;COG3358;K09164	Uncharacterized conserved protein, DUF1684 family
JAJIVP010000112.1_123	132684	134561	1878	-1	0.669	11	GGAG/GAGG	NA	NA	NA	0	0	0	1	NA	NA	NA	NA	NA
JAJIVP010000112.1_124	134700	136400	1701	-1	0.674	11	None	GENOMAD.082750.CP	8.634e-09	61	0	0	0	1	NA	NA	NA	PF11741	AMIN domain
JAJIVP010000112.1_125	136449	136970	522	-1	0.663	11	GGAG/GAGG	GENOMAD.073523.CV	1.018e-34	132	1	0	0	1	NA	NA	NA	PF02367;K06925;TIGR00150;COG0802	tRNA threonylcarbamoyl adenosine modification protein YjeE
JAJIVP010000112.1_126	136967	138454	1488	-1	0.694	11	None	GENOMAD.093644.CP	1.564e-17	89	1	0	0	1	NA	NA	NA	PF03853;TIGR00197;COG0062;K23997	yjeF N-terminal region
JAJIVP010000112.1_127	138479	139546	1068	1	0.661	11	None	NA	NA	NA	0	0	0	1	NA	NA	NA	NA	NA
JAJIVP010000112.1_128	139670	141007	1338	1	0.682	11	GGA/GAG/AGG	NA	NA	NA	0	0	0	1	NA	NA	NA	NA	NA
JAJIVP010000112.1_129	141300	142562	1263	-1	0.665	11	GGA/GAG/AGG	GENOMAD.196178.PC	2.583e-49	185	0	1	0	1	NA	NA	NA	PF06057;COG3946;TIGR03100;K05714	Type IV secretory pathway, VirJ component
JAJIVP010000112.1_130	143059	144804	1746	-1	0.699	11	None	GENOMAD.010877.CC	7.431e-08	58	0	0	0	1	NA	NA	NA	K09667;COG4105	Outer membrane protein assembly factor BamD, BamD/ComL family
JAJIVP010000112.1_131	145163	146254	1092	1	0.678	11	GGA/GAG/AGG	NA	NA	NA	0	0	0	1	NA	NA	NA	NA	NA
JAJIVP010000112.1_132	146459	149077	2619	-1	0.655	11	GGA/GAG/AGG	GENOMAD.151253.CP	1.707e-37	156	0	0	0	1	NA	NA	NA	PF01896;COG3285;TIGR02778	Eukaryotic-type DNA primase
JAJIVP010000112.1_133	149092	149268	177	-1	0.627	11	AGGAG	GENOMAD.224383.PV	1.238e-07	48	0	0	0	1246	Caudoviricetes	NA	NA	PF12244	NA
JAJIVP010000112.1_134	149488	149889	402	1	0.600	11	GGAG/GAGG	GENOMAD.116980.PP	3.599e-53	183	0	0	0	1	NA	NA	NA	COG2916;K11685	DNA-binding protein H-NS
JAJIVP010000112.1_135	150233	151447	1215	1	0.614	11	AGGAG	NA	NA	NA	0	0	0	1	NA	NA	NA	NA	NA
JAJIVP010000112.1_136	151459	152220	762	-1	0.546	11	AGGA/GGAG/GAGG	NA	NA	NA	0	0	0	1	NA	NA	NA	NA	NA
JAJIVP010000112.1_137	152850	153089	240	1	0.637	11	GGA/GAG/AGG	NA	NA	NA	0	0	0	1	NA	NA	NA	NA	NA
JAJIVP010000112.1_138	153114	153908	795	1	0.545	11	None	NA	NA	NA	0	0	0	1	NA	NA	NA	NA	NA
JAJIVP010000112.1_139	154402	154635	234	1	0.620	11	GGA/GAG/AGG	NA	NA	NA	0	0	0	1	NA	NA	NA	NA	NA
JAJIVP010000112.1_140	154882	155058	177	1	0.650	11	GGA/GAG/AGG	NA	NA	NA	0	0	0	1	NA	NA	NA	NA	NA
JAJIVP010000112.1_141	155362	156447	1086	1	0.666	11	GGxGG	NA	NA	NA	0	0	0	1	NA	NA	NA	NA	NA
JAJIVP010000112.1_142	156490	156999	510	-1	0.635	11	GGA/GAG/AGG	GENOMAD.119444.CP	1.67e-16	79	0	0	0	1	NA	NA	NA	PF01584;COG0835;K13489	Chemotaxis signal transduction protein
JAJIVP010000112.1_143	157011	158669	1659	-1	0.650	11	GGA/GAG/AGG	NA	NA	NA	0	0	0	1	NA	NA	NA	NA	NA
JAJIVP010000112.1_144	158967	159587	621	1	0.689	11	None	NA	NA	NA	0	0	0	1	NA	NA	NA	NA	NA
JAJIVP010000112.1_145	159527	163921	4395	-1	0.682	11	None	GENOMAD.132239.CP	1.23e-100	364	0	0	0	1	NA	NA	NA	PF08494	DEAD/H associated
JAJIVP010000112.1_146	164300	164644	345	1	0.646	11	None	GENOMAD.138361.CV	2.953e-14	70	0	0	0	1	NA	NA	NA	PF11743	NA
JAJIVP010000112.1_147	164838	165170	333	-1	0.613	11	GGAGG	NA	NA	NA	0	0	0	1	NA	NA	NA	NA	NA
JAJIVP010000112.1_148	165361	165801	441	-1	0.669	11	None	GENOMAD.159368.VC	2.899e-19	86	0	0	0	6467	Agricanvirus	NA	NA	PF04386;K03600;COG2969	Stringent starvation protein B, binds SsrA peptide
JAJIVP010000112.1_149	165880	166515	636	-1	0.612	11	GGAG/GAGG	NA	NA	NA	0	0	0	1	NA	NA	NA	NA	NA
JAJIVP010000112.1_150	166925	167605	681	-1	0.604	11	GGxGG	GENOMAD.095404.CP	4.515e-69	234	0	0	0	1	NA	NA	NA	PF02167;K02720;TIGR04484	Cytochrome C1 family
JAJIVP010000112.1_151	167676	168935	1260	-1	0.609	11	GGxGG	GENOMAD.118563.CP	2.146e-27	119	0	0	0	1	NA	NA	NA	COG1290;K00412	Cytochrome b subunit of the bc complex
JAJIVP010000112.1_152	168935	169579	645	-1	0.620	11	GGAG/GAGG	NA	NA	NA	0	0	0	1	NA	NA	NA	NA	NA
JAJIVP010000112.1_153	170086	171069	984	-1	0.666	11	GGA/GAG/AGG	NA	NA	NA	0	0	0	1	NA	NA	NA	NA	NA
JAJIVP010000112.1_154	171261	172226	966	-1	0.713	11	GGxGG	NA	NA	NA	0	0	0	1	NA	NA	NA	NA	NA
JAJIVP010000112.1_155	172331	172837	507	1	0.659	11	GGAG/GAGG	NA	NA	NA	0	0	0	1	NA	NA	NA	NA	NA
JAJIVP010000113.1_1	8	133	126	-1	0.571	11	GGA/GAG/AGG	NA	NA	NA	0	0	0	1	NA	NA	NA	NA	NA
JAJIVP010000113.1_2	735	1682	948	1	0.650	11	None	NA	NA	NA	0	0	0	1	NA	NA	NA	NA	NA
JAJIVP010000113.1_3	1957	3795	1839	-1	0.650	11	None	NA	NA	NA	0	0	0	1	NA	NA	NA	NA	NA
JAJIVP010000113.1_4	4180	5541	1362	1	0.668	11	AGGAG	GENOMAD.213349.VC	1.586e-14	79	0	0	0	1	NA	NA	NA	PF00150;COG2730	Cellulase (glycosyl hydrolase family 5)
JAJIVP010000113.1_5	5668	5856	189	1	0.741	11	None	NA	NA	NA	0	0	0	1	NA	NA	NA	NA	NA
JAJIVP010000113.1_6	5913	6458	546	-1	0.647	11	GGAG/GAGG	NA	NA	NA	0	0	0	1	NA	NA	NA	NA	NA
JAJIVP010000113.1_7	6920	8230	1311	1	0.663	11	AGGA	NA	NA	NA	0	0	0	1	NA	NA	NA	NA	NA
JAJIVP010000113.1_8	8380	9627	1248	1	0.639	11	None	GENOMAD.145307.CP	1.477e-06	53	0	0	0	1	NA	NA	NA	PF01966;COG1713;TIGR03401	HD superfamily phosphohydrolase YqeK (fused to NMNAT in mycoplasms)
JAJIVP010000113.1_9	10064	10540	477	1	0.683	11	GGA/GAG/AGG	NA	NA	NA	0	0	0	1	NA	NA	NA	NA	NA
JAJIVP010000113.1_10	10708	11700	993	1	0.618	11	None	GENOMAD.189522.PC	2.794e-178	555	0	0	0	1	NA	NA	NA	PF13557;COG4313	Putative MetA-pathway of phenol degradation
JAJIVP010000113.1_11	11734	12501	768	1	0.650	11	GGAGG	NA	NA	NA	0	0	0	1	NA	NA	NA	NA	NA
JAJIVP010000113.1_12	12533	14014	1482	1	0.666	11	AGGAG	GENOMAD.133528.CP	0.0001349	47	0	0	0	1	NA	NA	NA	NA	NA
JAJIVP010000113.1_13	14285	15172	888	-1	0.663	11	GGA/GAG/AGG	NA	NA	NA	0	0	0	1	NA	NA	NA	NA	NA
JAJIVP010000113.1_14	15269	16453	1185	1	0.660	11	AGGAG	GENOMAD.178036.PC	7.647e-36	144	0	0	0	1	NA	NA	NA	NA	NA
JAJIVP010000113.1_15	16894	17406	513	1	0.604	11	AGGAG	GENOMAD.176794.PC	3.11e-38	142	0	0	0	1	NA	NA	NA	PF20409;COG4922;TIGR02096;K06893	Predicted SnoaL-like aldol condensation-catalyzing enzyme
JAJIVP010000113.1_16	17522	19021	1500	-1	0.630	11	GGAG/GAGG	NA	NA	NA	0	0	0	1	NA	NA	NA	NA	NA
JAJIVP010000113.1_17	19161	19937	777	-1	0.646	11	GGAG/GAGG	NA	NA	NA	0	0	0	1	NA	NA	NA	NA	NA
JAJIVP010000113.1_18	20157	21671	1515	-1	0.677	11	GGAGG	NA	NA	NA	0	0	0	1	NA	NA	NA	NA	NA
JAJIVP010000113.1_19	21895	22722	828	-1	0.664	11	None	NA	NA	NA	0	0	0	1	NA	NA	NA	NA	NA
JAJIVP010000113.1_20	23065	24048	984	-1	0.673	11	GGAG/GAGG	NA	NA	NA	0	0	0	1	NA	NA	NA	NA	NA
JAJIVP010000113.1_21	24149	25225	1077	-1	0.649	11	AGGAG	GENOMAD.178979.PC	5.781e-59	211	0	0	0	1	NA	NA	NA	PF19112	Vanillate O-demethylase oxygenase C-terminal domain
JAJIVP010000113.1_22	25477	26340	864	1	0.646	11	GGA/GAG/AGG	GENOMAD.159319.CP	1.204e-157	493	0	0	0	1	NA	NA	NA	PF01144;K01039;COG4670;TIGR02429	Acyl CoA:acetate/3-ketoacid CoA transferase
JAJIVP010000113.1_23	26337	27125	789	1	0.686	11	AGxAGG/AGGxGG	GENOMAD.160445.CP	5.367e-56	198	0	0	0	1	NA	NA	NA	PF13336;K01040;COG2057;TIGR02428	Acyl CoA:acetate/3-ketoacid CoA transferase, beta subunit
JAJIVP010000113.1_24	27122	28330	1209	1	0.693	11	GGAG/GAGG	NA	NA	NA	0	0	0	1	NA	NA	NA	NA	NA
JAJIVP010000113.1_25	28409	29143	735	1	0.663	11	GGAG/GAGG	GENOMAD.170300.PC	9.215e-07	52	0	0	0	1	NA	NA	NA	PF00775;K00448;TIGR02423;COG3485	protocatechuate 3,4-dioxygenase, alpha subunit
JAJIVP010000113.1_26	29148	29711	564	1	0.676	11	GGAG/GAGG	GENOMAD.170300.PC	1.154e-39	147	0	0	0	1	NA	NA	NA	PF00775;K00448;TIGR02423;COG3485	protocatechuate 3,4-dioxygenase, alpha subunit
JAJIVP010000113.1_27	30069	31421	1353	1	0.707	11	GGA/GAG/AGG	NA	NA	NA	0	0	0	1	NA	NA	NA	NA	NA
JAJIVP010000113.1_28	31432	32214	783	1	0.685	11	None	NA	NA	NA	0	0	0	1	NA	NA	NA	NA	NA
JAJIVP010000113.1_29	32241	32654	414	1	0.659	11	AGGA	NA	NA	NA	0	0	0	1	NA	NA	NA	NA	NA
JAJIVP010000113.1_30	32835	33761	927	1	0.703	11	GGAG/GAGG	GENOMAD.178547.CP	1.709e-181	563	0	0	0	1	NA	NA	NA	PF02273;TIGR01607;COG1647;K01054	Plasmodium subtelomeric family (PST-A)
JAJIVP010000113.1_31	34122	34982	861	-1	0.698	11	None	GENOMAD.123845.CP	2.75e-14	76	0	0	0	1	NA	NA	NA	PF01614;PF20024;K10973;COG1414;TIGR02431	DNA-binding transcriptional regulator, IclR family
JAJIVP010000113.1_32	35131	35991	861	1	0.646	11	None	GENOMAD.082010.CP	4.012e-38	147	1	0	0	1	NA	NA	NA	PF01163;COG1718;TIGR02172;K08799	RIO1 family
JAJIVP010000113.1_33	36246	37214	969	1	0.684	11	GGAG/GAGG	NA	NA	NA	0	0	0	1	NA	NA	NA	NA	NA
JAJIVP010000113.1_34	37513	38223	711	-1	0.589	11	None	GENOMAD.178382.CP	4.766e-34	133	0	0	0	1	NA	NA	NA	PF10677	Oligogalacturonate-specific porin protein (KdgM)
JAJIVP010000113.1_35	38432	40336	1905	-1	0.677	11	None	GENOMAD.074473.CV	8.319e-226	709	0	0	0	1246	Caudoviricetes	NA	NA	PF13932;PF01134;K03495;TIGR00136;COG0445	glucose-inhibited division protein A
JAJIVP010000113.1_36	40907	41389	483	-1	0.673	11	AGGAG	NA	NA	NA	0	0	0	1	NA	NA	NA	NA	NA
JAJIVP010000113.1_37	41547	42506	960	1	0.702	11	None	NA	NA	NA	0	0	0	1	NA	NA	NA	NA	NA
JAJIVP010000113.1_38	42557	43108	552	1	0.672	11	GGxGG	GENOMAD.219645.CP	1.606e-07	53	0	0	0	1	NA	NA	NA	PF02698;COG2949;K03748	Uncharacterized periplasmic protein SanA, affects membrane permeability for vancomycin
JAJIVP010000113.1_39	43152	43571	420	1	0.626	11	GGA/GAG/AGG	GENOMAD.160272.CP	4.747e-53	183	0	0	0	1	NA	NA	NA	PF20409;TIGR02096;COG5485;K06893	conserved hypothetical protein, steroid delta-isomerase-related
JAJIVP010000113.1_40	43673	44671	999	-1	0.638	11	None	NA	NA	NA	0	0	0	1	NA	NA	NA	NA	NA
JAJIVP010000113.1_41	44828	45712	885	-1	0.697	11	None	GENOMAD.114626.CP	2.719e-35	139	0	0	0	1	NA	NA	NA	PF03492;K18162;TIGR02072;COG4627	malonyl-acyl carrier protein O-methyltransferase BioC
JAJIVP010000113.1_42	45776	46558	783	-1	0.697	11	GGAG/GAGG	NA	NA	NA	0	0	0	1	NA	NA	NA	NA	NA
JAJIVP010000113.1_43	46604	47365	762	-1	0.688	11	None	NA	NA	NA	0	0	0	1	NA	NA	NA	NA	NA
JAJIVP010000113.1_44	47466	47840	375	-1	0.685	11	None	NA	NA	NA	0	0	0	1	NA	NA	NA	NA	NA
JAJIVP010000113.1_45	48032	49237	1206	-1	0.676	11	None	NA	NA	NA	0	0	0	1	NA	NA	NA	NA	NA
JAJIVP010000113.1_46	49329	50363	1035	-1	0.674	11	AGGA	NA	NA	NA	0	0	0	1	NA	NA	NA	NA	NA
JAJIVP010000113.1_47	50413	51138	726	1	0.696	11	None	GENOMAD.049531.CC	1.169e-12	70	0	0	0	1	NA	NA	NA	PF15610;TIGR00201;COG1040;K02242	comF family protein
JAJIVP010000113.1_48	51470	52375	906	-1	0.681	11	None	GENOMAD.111079.CP	3.75e-32	130	0	0	0	1	NA	NA	NA	PF01040;K06125;COG0382;TIGR01474	4-hydroxybenzoate polyprenyltransferase
JAJIVP010000113.1_49	53329	54627	1299	-1	0.640	11	None	NA	NA	NA	0	0	0	1	NA	NA	NA	NA	NA
JAJIVP010000113.1_50	54684	54965	282	-1	0.635	11	None	NA	NA	NA	0	0	0	1	NA	NA	NA	NA	NA
JAJIVP010000113.1_51	55823	58243	2421	-1	0.602	11	GGAG/GAGG	GENOMAD.058049.PP	3.174e-167	547	0	0	0	1	NA	NA	NA	PF05819;K18376	NolX protein
JAJIVP010000113.1_52	59130	59291	162	1	0.599	11	GGAG/GAGG	NA	NA	NA	0	0	0	1	NA	NA	NA	NA	NA
JAJIVP010000113.1_53	59304	59576	273	1	0.667	11	None	NA	NA	NA	0	0	0	1	NA	NA	NA	NA	NA
JAJIVP010000113.1_54	59789	61585	1797	1	0.651	11	AGxAGG/AGGxGG	NA	NA	NA	0	0	0	1	NA	NA	NA	NA	NA
JAJIVP010000113.1_55	61886	62146	261	-1	0.651	11	None	NA	NA	NA	0	0	0	1	NA	NA	NA	NA	NA
JAJIVP010000113.1_56	62207	62641	435	-1	0.586	11	None	GENOMAD.088856.PP	1.017e-63	214	0	0	0	1	NA	NA	NA	PF07824;K18380;TIGR02513	Type III secretion chaperone domain
JAJIVP010000113.1_57	62732	63013	282	-1	0.532	11	AGGAG	NA	NA	NA	0	0	0	1	NA	NA	NA	NA	NA
JAJIVP010000113.1_58	63095	63337	243	-1	0.601	11	GGA/GAG/AGG	NA	NA	NA	0	0	0	1	NA	NA	NA	NA	NA
JAJIVP010000113.1_59	63349	64287	939	-1	0.635	11	AGGAG	NA	NA	NA	0	0	0	1	NA	NA	NA	NA	NA
JAJIVP010000113.1_60	64284	65111	828	-1	0.652	11	GGA/GAG/AGG	NA	NA	NA	0	0	0	1	NA	NA	NA	NA	NA
JAJIVP010000113.1_61	65108	65368	261	-1	0.640	11	None	NA	NA	NA	0	0	0	1	NA	NA	NA	NA	NA
JAJIVP010000113.1_62	65373	66017	645	-1	0.597	11	GGAG/GAGG	NA	NA	NA	0	0	0	1	NA	NA	NA	NA	NA
JAJIVP010000113.1_63	66004	67008	1005	-1	0.659	11	GGAGG	GENOMAD.197924.PC	2.327e-182	567	0	0	0	1	NA	NA	NA	PF06622;K03225;TIGR02480	SepQ protein
JAJIVP010000113.1_64	67050	67688	639	-1	0.657	11	GGxGG	NA	NA	NA	0	0	0	1	NA	NA	NA	NA	NA
JAJIVP010000113.1_65	67688	69625	1938	-1	0.622	11	GGAG/GAGG	NA	NA	NA	0	0	0	1	NA	NA	NA	NA	NA
JAJIVP010000113.1_66	69619	70692	1074	-1	0.611	11	AGGAG	NA	NA	NA	0	0	0	1	NA	NA	NA	NA	NA
JAJIVP010000113.1_67	70907	71362	456	1	0.634	11	GGAG/GAGG	GENOMAD.216464.PC	4.912e-50	175	0	0	0	1	NA	NA	NA	PF09613;K18373;TIGR02561	type III secretion protein HrpB1/HrpK
JAJIVP010000113.1_68	71396	71788	393	1	0.616	11	AGGAG	NA	NA	NA	0	0	0	1	NA	NA	NA	NA	NA
JAJIVP010000113.1_69	71790	72551	762	1	0.635	11	None	GENOMAD.167309.PC	7.915e-35	136	0	0	0	1	NA	NA	NA	PF01514;K03222;COG4669;TIGR02544	Type III secretory pathway, lipoprotein EscJ
JAJIVP010000113.1_70	72559	73188	630	1	0.673	11	GGA/GAG/AGG	NA	NA	NA	0	0	0	1	NA	NA	NA	NA	NA
JAJIVP010000113.1_71	73173	73874	702	1	0.699	11	GGAGG	NA	NA	NA	0	0	0	1	NA	NA	NA	NA	NA
JAJIVP010000113.1_72	73864	75192	1329	1	0.668	11	AGGAG	NA	NA	NA	0	0	0	1	NA	NA	NA	NA	NA
JAJIVP010000113.1_73	75185	75694	510	1	0.659	11	None	NA	NA	NA	0	0	0	1	NA	NA	NA	NA	NA
JAJIVP010000113.1_74	75691	76521	831	1	0.615	11	GGxGG	GENOMAD.171038.PC	1.095e-14	77	0	0	0	1	NA	NA	NA	PF01311;COG1684;TIGR01400;K22509	Flagellar biosynthesis protein FliR
JAJIVP010000113.1_75	76603	78426	1824	1	0.641	11	GGAG/GAGG	GENOMAD.181251.PC	1.515e-18	93	0	0	0	1	NA	NA	NA	PF00263;PF03958;K22504;TIGR02516;COG1450	type III secretion outer membrane pore, YscC/HrcC family
JAJIVP010000113.1_76	78653	79240	588	-1	0.643	11	None	NA	NA	NA	0	0	0	1	NA	NA	NA	NA	NA
JAJIVP010000113.1_77	79918	82284	2367	1	0.533	11	None	NA	NA	NA	0	0	0	1	NA	NA	NA	NA	NA
JAJIVP010000113.1_78	82424	82690	267	1	0.569	11	GGAG/GAGG	NA	NA	NA	0	0	0	1	NA	NA	NA	NA	NA
JAJIVP010000114.1_1	3	1691	1689	-1	0.515	11	AGGAG	NA	NA	NA	0	0	0	1	NA	NA	NA	NA	NA
JAJIVP010000114.1_2	2094	2924	831	-1	0.454	11	None	NA	NA	NA	0	0	0	1	NA	NA	NA	NA	NA
JAJIVP010000114.1_3	2966	3835	870	-1	0.533	11	GGA/GAG/AGG	NA	NA	NA	0	0	0	1	NA	NA	NA	NA	NA
JAJIVP010000114.1_4	4879	7980	3102	-1	0.651	11	GGA/GAG/AGG	GENOMAD.154316.CP	1.083e-249	798	0	0	0	1	NA	NA	NA	K16091	NA
JAJIVP010000114.1_5	8848	9588	741	1	0.638	11	None	NA	NA	NA	0	0	0	1	NA	NA	NA	NA	NA
JAJIVP010000114.1_6	9595	10569	975	1	0.649	11	None	GENOMAD.133946.CP	3.166e-10	64	0	0	0	1	NA	NA	NA	PF13677;COG1360;TIGR03350	Flagellar motor protein MotB
JAJIVP010000114.1_7	10571	11353	783	1	0.701	11	AGGAG	NA	NA	NA	0	0	0	1	NA	NA	NA	NA	NA
JAJIVP010000114.1_8	11350	12624	1275	1	0.700	11	GGAG/GAGG	GENOMAD.129179.CP	6.701e-103	342	0	0	0	1	NA	NA	NA	PF01584;K03415;COG0835	CheW-like domain
JAJIVP010000114.1_9	12727	13035	309	1	0.615	11	GGAG/GAGG	GENOMAD.018319.CC	8.308e-46	160	0	0	0	1	NA	NA	NA	PF13466;K07122;COG3113;TIGR00377	ABC-type transporter Mla maintaining outer membrane lipid asymmetry, MlaB component, contains STAS domain
JAJIVP010000114.1_10	13032	13397	366	1	0.623	11	GGAG/GAGG	NA	NA	NA	0	0	0	1	NA	NA	NA	NA	NA
JAJIVP010000114.1_11	13431	15440	2010	1	0.663	11	GGA/GAG/AGG	GENOMAD.116397.CP	3.373e-111	377	0	0	0	1	NA	NA	NA	PF14501;PF01584;PF01627;PF02895;K03407;COG0643;TIGR01924	Chemotaxis protein histidine kinase CheA
JAJIVP010000114.1_12	15684	17969	2286	1	0.648	11	GGA/GAG/AGG	GENOMAD.151917.PC	2.688e-08	60	0	0	0	1	NA	NA	NA	PF12729;K05874;COG5278	Four helix bundle sensory module for signal transduction
JAJIVP010000114.1_13	18287	20560	2274	1	0.658	11	GGA/GAG/AGG	GENOMAD.146534.CP	0.0002393	47	0	0	0	1	NA	NA	NA	PF00015	Methyl-accepting chemotaxis protein (MCP) signalling domain
JAJIVP010000114.1_14	20883	21416	534	1	0.659	11	AGGA	NA	NA	NA	0	0	0	1	NA	NA	NA	NA	NA
JAJIVP010000114.1_15	21956	23683	1728	1	0.645	11	GGA/GAG/AGG	GENOMAD.151334.CP	2.032e-05	50	0	0	0	1	NA	NA	NA	NA	NA
JAJIVP010000114.1_16	23699	24133	435	1	0.651	11	GGA/GAG/AGG	NA	NA	NA	0	0	0	1	NA	NA	NA	NA	NA
JAJIVP010000114.1_17	24200	26989	2790	1	0.653	11	None	GENOMAD.151917.PC	8.649e-09	62	0	0	0	1	NA	NA	NA	PF12729;K05874;COG5278	Four helix bundle sensory module for signal transduction
JAJIVP010000114.1_18	27290	28051	762	1	0.657	11	GGA/GAG/AGG	GENOMAD.210497.CP	1.361e-23	103	0	0	0	1	NA	NA	NA	PF19089;COG4313	Membrane bound beta barrel domain (DUF5777)
JAJIVP010000114.1_19	28065	28799	735	1	0.671	11	GGA/GAG/AGG	NA	NA	NA	0	0	0	1	NA	NA	NA	NA	NA
JAJIVP010000114.1_20	28799	30436	1638	1	0.658	11	None	GENOMAD.146534.CP	7.696e-05	48	0	0	0	1	NA	NA	NA	PF00015	Methyl-accepting chemotaxis protein (MCP) signalling domain
JAJIVP010000114.1_21	30658	32916	2259	1	0.643	11	GGAG/GAGG	GENOMAD.146534.CP	1.444e-05	51	0	0	0	1	NA	NA	NA	PF00015	Methyl-accepting chemotaxis protein (MCP) signalling domain
JAJIVP010000114.1_22	33418	35676	2259	1	0.627	11	AGGA	GENOMAD.146534.CP	0.0004779	46	0	0	0	1	NA	NA	NA	PF00015	Methyl-accepting chemotaxis protein (MCP) signalling domain
JAJIVP010000114.1_23	36134	38365	2232	1	0.642	11	GGA/GAG/AGG	GENOMAD.146534.CP	0.000948	45	0	0	0	1	NA	NA	NA	PF00015	Methyl-accepting chemotaxis protein (MCP) signalling domain
JAJIVP010000114.1_24	39007	41256	2250	1	0.660	11	GGA/GAG/AGG	NA	NA	NA	0	0	0	1	NA	NA	NA	NA	NA
JAJIVP010000114.1_25	41364	43838	2475	1	0.654	11	GGA/GAG/AGG	GENOMAD.146534.CP	0.0005348	46	0	0	0	1	NA	NA	NA	PF00015	Methyl-accepting chemotaxis protein (MCP) signalling domain
JAJIVP010000114.1_26	44425	46686	2262	1	0.641	11	GGA/GAG/AGG	GENOMAD.146534.CP	0.0001181	48	0	0	0	1	NA	NA	NA	PF00015	Methyl-accepting chemotaxis protein (MCP) signalling domain
JAJIVP010000114.1_27	47094	49355	2262	1	0.637	11	GGA/GAG/AGG	GENOMAD.146534.CP	0.0009638	45	0	0	0	1	NA	NA	NA	PF00015	Methyl-accepting chemotaxis protein (MCP) signalling domain
JAJIVP010000114.1_28	50004	52673	2670	1	0.659	11	GGA/GAG/AGG	GENOMAD.146534.CP	0.0005863	46	0	0	0	1	NA	NA	NA	PF00015	Methyl-accepting chemotaxis protein (MCP) signalling domain
JAJIVP010000114.1_29	53297	54082	786	1	0.645	11	None	GENOMAD.152421.CP	5.832e-127	403	0	0	0	1	NA	NA	NA	PF07317;PF16823;K21087;COG5581;TIGR02266	c-di-GMP-binding flagellar brake protein YcgR, contains PilZNR and PilZ domains
JAJIVP010000114.1_30	54218	54700	483	1	0.600	11	GGAG/GAGG	GENOMAD.123087.CP	5.513e-53	184	0	0	0	1246	Caudoviricetes	NA	NA	PF01584;K03415;COG0835	Chemotaxis signal transduction protein
JAJIVP010000114.1_31	55153	55536	384	1	0.633	11	GGAG/GAGG	GENOMAD.214702.CP	1.527e-67	224	0	0	0	1	NA	NA	NA	NA	NA
JAJIVP010000114.1_32	55620	58001	2382	1	0.632	11	GGA/GAG/AGG	GENOMAD.146534.CP	6.259e-05	49	0	0	0	1	NA	NA	NA	PF00015	Methyl-accepting chemotaxis protein (MCP) signalling domain
JAJIVP010000114.1_33	58250	59104	855	1	0.641	11	None	GENOMAD.111713.CP	5.257e-31	126	0	0	0	1	NA	NA	NA	PF01739;PF20225;PF03705;K00575;COG1352;TIGR04345	Methylase of chemotaxis methyl-accepting proteins
JAJIVP010000114.1_34	59107	59703	597	1	0.631	11	AGGAG	GENOMAD.140319.CP	2.56e-24	103	0	0	0	1	NA	NA	NA	PF03975;COG1871;K03411	Chemotaxis receptor (MCP) glutamine deamidase CheD
JAJIVP010000114.1_35	59700	60776	1077	1	0.667	11	GGAG/GAGG	GENOMAD.125879.CP	4.713e-18	89	0	0	0	1	NA	NA	NA	PF01339;K13924	CheB methylesterase
JAJIVP010000114.1_36	60867	63143	2277	1	0.655	11	GGA/GAG/AGG	NA	NA	NA	0	0	0	1	NA	NA	NA	NA	NA
JAJIVP010000114.1_37	63542	64387	846	-1	0.663	11	None	NA	NA	NA	0	0	0	1	NA	NA	NA	NA	NA
JAJIVP010000114.1_38	64582	67173	2592	-1	0.665	11	GGAG/GAGG	NA	NA	NA	0	0	0	1	NA	NA	NA	NA	NA
JAJIVP010000114.1_39	67224	67634	411	-1	0.657	11	GGA/GAG/AGG	GENOMAD.190879.PC	1.857e-53	184	0	0	0	1	NA	NA	NA	PF10130;COG1487;TIGR00028;K07062	Predicted nucleic acid-binding protein, contains PIN domain
JAJIVP010000114.1_40	67631	67879	249	-1	0.675	11	GGAG/GAGG	NA	NA	NA	0	0	0	1	NA	NA	NA	NA	NA
JAJIVP010000114.1_41	68027	70795	2769	1	0.651	11	AGGAG	NA	NA	NA	0	0	0	1	NA	NA	NA	NA	NA
JAJIVP010000114.1_42	71207	71656	450	-1	0.656	11	GGA/GAG/AGG	GENOMAD.049078.CC	5.926e-11	62	0	0	0	1	NA	NA	NA	PF12870;COG4875;TIGR02246;K22505	conserved hypothetical protein
JAJIVP010000114.1_43	71754	73436	1683	1	0.626	11	GGAGG	NA	NA	NA	0	0	0	1	NA	NA	NA	NA	NA
JAJIVP010000114.1_44	73613	74482	870	1	0.617	11	GGAG/GAGG	NA	NA	NA	0	0	0	1	NA	NA	NA	NA	NA
JAJIVP010000114.1_45	74495	76675	2181	-1	0.640	11	GGAG/GAGG	NA	NA	NA	0	0	0	1	NA	NA	NA	NA	NA
JAJIVP010000114.1_46	76683	77228	546	-1	0.643	11	None	NA	NA	NA	0	0	0	1	NA	NA	NA	NA	NA
JAJIVP010000114.1_47	77314	78450	1137	-1	0.646	11	AGGAG	NA	NA	NA	0	0	0	1	NA	NA	NA	NA	NA
JAJIVP010000114.1_48	78591	80108	1518	-1	0.657	11	None	NA	NA	NA	0	0	0	1	NA	NA	NA	NA	NA
JAJIVP010000114.1_49	80312	81436	1125	-1	0.628	11	GGA/GAG/AGG	GENOMAD.110271.CV	2.26e-32	133	0	0	0	1246	Caudoviricetes	NA	NA	NA	NA
JAJIVP010000114.1_50	81685	82536	852	-1	0.673	11	GGA/GAG/AGG	GENOMAD.147170.CP	6.651e-07	53	0	0	0	1	NA	NA	NA	NA	NA
JAJIVP010000114.1_51	82729	83943	1215	1	0.658	11	None	GENOMAD.159005.CP	1.498e-52	194	0	0	0	1	NA	NA	NA	PF10129;K11941;COG3936	OpgC protein
JAJIVP010000114.1_52	84017	85756	1740	-1	0.679	11	None	NA	NA	NA	0	0	0	1	NA	NA	NA	NA	NA
JAJIVP010000114.1_53	85753	86673	921	-1	0.697	11	None	GENOMAD.103400.CP	8.769e-136	431	0	0	0	1	NA	NA	NA	PF10143;COG4255;TIGR02535;K15635	proposed homoserine kinase
JAJIVP010000114.1_54	86690	87166	477	-1	0.618	11	AGGAG	GENOMAD.108036.CP	9.436e-06	47	0	0	0	1	NA	NA	NA	PF01272;TIGR01461;COG0782	transcription elongation factor GreB
JAJIVP010000114.1_55	87163	90405	3243	-1	0.648	11	GGAG/GAGG	NA	NA	NA	0	0	0	1	NA	NA	NA	NA	NA
JAJIVP010000114.1_56	90414	90857	444	-1	0.678	11	GGxGG	NA	NA	NA	0	0	0	1	NA	NA	NA	NA	NA
JAJIVP010000114.1_57	90857	91981	1125	-1	0.659	11	GGA/GAG/AGG	NA	NA	NA	0	0	0	1	NA	NA	NA	NA	NA
JAJIVP010000114.1_58	92222	92938	717	-1	0.683	11	None	GENOMAD.100682.CP	1.113e-15	79	0	0	0	1	NA	NA	NA	NA	NA
JAJIVP010000115.1_1	19	2772	2754	-1	0.625	11	GGA/GAG/AGG	NA	NA	NA	0	0	0	1	NA	NA	NA	NA	NA
JAJIVP010000115.1_2	2939	4069	1131	-1	0.640	11	GGAG/GAGG	NA	NA	NA	0	0	0	1	NA	NA	NA	NA	NA
JAJIVP010000115.1_3	4066	5061	996	-1	0.675	11	GGA/GAG/AGG	GENOMAD.109687.CP	7.089e-05	47	0	0	0	1	NA	NA	NA	PF06859;TIGR01934;COG4627;K24451	ubiquinone/menaquinone biosynthesis methyltransferases
JAJIVP010000115.1_4	5150	6331	1182	1	0.629	11	None	NA	NA	NA	0	0	0	1	NA	NA	NA	NA	NA
JAJIVP010000115.1_5	6626	8149	1524	1	0.659	11	None	NA	NA	NA	0	0	0	1	NA	NA	NA	NA	NA
JAJIVP010000115.1_6	8796	11222	2427	1	0.646	11	AGxAG	GENOMAD.154275.VC	4.466e-28	125	0	0	0	1246	Caudoviricetes	NA	NA	PF00773;K12573;TIGR02063;COG0557	ribonuclease R
JAJIVP010000115.1_7	11496	11969	474	1	0.624	11	GGAG/GAGG	NA	NA	NA	0	0	0	1	NA	NA	NA	NA	NA
JAJIVP010000115.1_8	12278	13027	750	1	0.673	11	None	NA	NA	NA	0	0	0	1	NA	NA	NA	NA	NA
JAJIVP010000115.1_9	13292	16327	3036	1	0.667	11	None	GENOMAD.140631.CP	0.0001691	48	0	0	0	1	NA	NA	NA	PF19193;K19693;COG3292	Periplasmic ligand-binding sensor domain
JAJIVP010000115.1_10	16560	17195	636	-1	0.643	11	GGA/GAG/AGG	NA	NA	NA	0	0	0	1	NA	NA	NA	NA	NA
JAJIVP010000115.1_11	17459	17866	408	-1	0.650	11	AGGAG	GENOMAD.225035.PV	5.515e-16	76	0	0	0	1246	Caudoviricetes	NA	NA	PF11776	Nickel/cobalt transporter regulator
JAJIVP010000115.1_12	17977	18687	711	-1	0.633	11	GGA/GAG/AGG	NA	NA	NA	0	0	0	1	NA	NA	NA	NA	NA
JAJIVP010000115.1_13	18816	19646	831	-1	0.614	11	GGA/GAG/AGG	NA	NA	NA	0	0	0	1	NA	NA	NA	NA	NA
JAJIVP010000115.1_14	19669	20538	870	-1	0.637	11	GGAGG	NA	NA	NA	0	0	0	1	NA	NA	NA	NA	NA
JAJIVP010000115.1_15	20538	21512	975	-1	0.632	11	GGA/GAG/AGG	NA	NA	NA	0	0	0	1	NA	NA	NA	NA	NA
JAJIVP010000115.1_16	21625	22716	1092	-1	0.656	11	GGAG/GAGG	NA	NA	NA	0	0	0	1	NA	NA	NA	NA	NA
JAJIVP010000115.1_17	23065	24084	1020	-1	0.634	11	AGGAG	NA	NA	NA	0	0	0	1	NA	NA	NA	NA	NA
JAJIVP010000115.1_18	24275	25525	1251	-1	0.630	11	GGA/GAG/AGG	GENOMAD.177447.CP	1.76e-07	56	0	0	0	1246	Caudoviricetes	NA	NA	PF07396;PF05736;K07221;COG3746	Phosphate-selective porin O and P; OprF membrane domain
JAJIVP010000115.1_19	26298	26978	681	1	0.634	11	GGAG/GAGG	NA	NA	NA	0	0	0	1	NA	NA	NA	NA	NA
JAJIVP010000115.1_20	26990	28558	1569	1	0.646	11	GGAG/GAGG	NA	NA	NA	0	0	0	1	NA	NA	NA	NA	NA
JAJIVP010000115.1_21	28758	29468	711	-1	0.627	11	GGAG/GAGG	NA	NA	NA	0	0	0	1	NA	NA	NA	NA	NA
JAJIVP010000115.1_22	29465	29845	381	-1	0.722	11	None	NA	NA	NA	0	0	0	1	NA	NA	NA	NA	NA
JAJIVP010000115.1_23	29853	30635	783	-1	0.648	11	GGA/GAG/AGG	NA	NA	NA	0	0	0	1	NA	NA	NA	NA	NA
JAJIVP010000115.1_24	30799	31497	699	1	0.647	11	GGAG/GAGG	NA	NA	NA	0	0	0	1	NA	NA	NA	NA	NA
JAJIVP010000115.1_25	31610	32413	804	1	0.668	11	AGGA	GENOMAD.119501.CP	2.079e-20	94	0	0	0	1	NA	NA	NA	PF00293;K18568;COG4119;TIGR00586	Predicted NTP pyrophosphohydrolase, NUDIX family
JAJIVP010000115.1_26	32410	33282	873	1	0.699	11	GGAG/GAGG	GENOMAD.127438.CP	3.424e-24	106	0	0	0	1	NA	NA	NA	PF00581;K01011;COG2897;TIGR03167	3-mercaptopyruvate sulfurtransferase SseA, contains two rhodanese domains
JAJIVP010000115.1_27	33371	34324	954	1	0.674	11	None	GENOMAD.157843.CP	6.232e-28	118	0	0	0	1	NA	NA	NA	PF07920;COG3358;K09164	Uncharacterized conserved protein, DUF1684 family
JAJIVP010000115.1_28	34544	35119	576	-1	0.648	11	None	NA	NA	NA	0	0	0	1	NA	NA	NA	NA	NA
JAJIVP010000115.1_29	35143	35634	492	1	0.665	11	None	NA	NA	NA	0	0	0	1	NA	NA	NA	NA	NA
JAJIVP010000115.1_30	35631	36158	528	1	0.691	11	None	NA	NA	NA	0	0	0	1	NA	NA	NA	NA	NA
JAJIVP010000115.1_31	36199	36705	507	1	0.694	11	None	GENOMAD.132266.CP	1.176e-05	47	0	0	0	1	NA	NA	NF000138	PF13527;K00619;COG3818;TIGR02382	Predicted acetyltransferase, GNAT superfamily
JAJIVP010000115.1_32	37151	37516	366	1	0.730	11	GGA/GAG/AGG	NA	NA	NA	0	0	0	1	NA	NA	NA	NA	NA
JAJIVP010000115.1_33	37683	39818	2136	1	0.673	11	None	NA	NA	NA	0	0	0	1	NA	NA	NA	NA	NA
JAJIVP010000115.1_34	40039	40815	777	1	0.664	11	GGAG/GAGG	NA	NA	NA	0	0	0	1	NA	NA	NA	NA	NA
JAJIVP010000115.1_35	40983	41948	966	1	0.664	11	None	NA	NA	NA	0	0	0	1	NA	NA	NA	NA	NA
JAJIVP010000115.1_36	42030	42596	567	-1	0.677	11	GGA/GAG/AGG	NA	NA	NA	0	0	0	1	NA	NA	NA	NA	NA
JAJIVP010000115.1_37	42721	43407	687	-1	0.606	11	None	GENOMAD.112814.CP	3.382e-55	194	0	0	0	1	NA	NA	NA	PF09365;COG5587;TIGR02453	Uncharacterized conserved protein, DUF2461 family
JAJIVP010000115.1_38	43404	44849	1446	-1	0.651	11	GGA/GAG/AGG	GENOMAD.167110.CP	1.272e-88	303	0	0	0	1246	Caudoviricetes	NA	NA	PF08411	Exonuclease C-terminal
JAJIVP010000115.1_39	45108	46475	1368	-1	0.667	11	GGA/GAG/AGG	GENOMAD.169108.CP	4.407e-30	128	0	0	0	1	NA	NA	NA	NA	NA
JAJIVP010000115.1_40	46647	47918	1272	-1	0.692	11	GGA/GAG/AGG	GENOMAD.138019.CP	2.758e-124	404	0	0	0	1	NA	NA	NA	PF00266;TIGR01814;COG3844;K11325	kynureninase
JAJIVP010000115.1_41	47952	50081	2130	-1	0.697	11	None	GENOMAD.151639.CP	1.367e-186	599	0	0	0	1	NA	NA	NA	COG1289;K15547	Uncharacterized membrane protein YccC
JAJIVP010000115.1_42	50145	50675	531	-1	0.631	11	GGAG/GAGG	NA	NA	NA	0	0	0	1	NA	NA	NA	NA	NA
JAJIVP010000115.1_43	50762	51424	663	-1	0.630	11	GGA/GAG/AGG	NA	NA	NA	0	0	0	1	NA	NA	NA	NA	NA
JAJIVP010000115.1_44	51580	52116	537	1	0.631	11	GGA/GAG/AGG	NA	NA	NA	0	0	0	1	NA	NA	NA	NA	NA
JAJIVP010000115.1_45	52159	52689	531	1	0.606	11	GGA/GAG/AGG	GENOMAD.140619.VV	2.261e-70	235	0	0	0	1	NA	NA	NA	PF11655	NA
JAJIVP010000115.1_46	52741	53358	618	1	0.615	11	AGGAG	GENOMAD.167032.VC	2.241e-16	80	0	0	0	1246	Caudoviricetes	NA	NA	PF11655	NA
JAJIVP010000115.1_47	53405	53665	261	1	0.579	11	GGA/GAG/AGG	NA	NA	NA	0	0	0	1	NA	NA	NA	NA	NA
JAJIVP010000115.1_48	53666	54139	474	1	0.637	11	GGAGG	NA	NA	NA	0	0	0	1	NA	NA	NA	NA	NA
JAJIVP010000115.1_49	54359	55102	744	1	0.659	11	GGAG/GAGG	NA	NA	NA	0	0	0	1	NA	NA	NA	NA	NA
JAJIVP010000115.1_50	55142	56140	999	1	0.654	11	AGGA	NA	NA	NA	0	0	0	1	NA	NA	NA	NA	NA
JAJIVP010000115.1_51	56516	57226	711	1	0.596	11	GGAG/GAGG	NA	NA	NA	0	0	0	1	NA	NA	NA	NA	NA
JAJIVP010000115.1_52	57563	58198	636	-1	0.642	11	None	NA	NA	NA	0	0	0	1	NA	NA	NA	NA	NA
JAJIVP010000115.1_53	58200	58526	327	-1	0.661	11	GGA/GAG/AGG	NA	NA	NA	0	0	0	1	NA	NA	NA	NA	NA
JAJIVP010000115.1_54	58523	58828	306	-1	0.647	11	GGxGG	NA	NA	NA	0	0	0	1	NA	NA	NA	NA	NA
JAJIVP010000115.1_55	58825	59082	258	-1	0.705	11	GGAG/GAGG	NA	NA	NA	0	0	0	1	NA	NA	NA	NA	NA
JAJIVP010000115.1_56	59084	60478	1395	-1	0.627	11	GGAG/GAGG	NA	NA	NA	0	0	0	1	NA	NA	NA	NA	NA
JAJIVP010000115.1_57	60683	61021	339	1	0.684	11	GGAG/GAGG	NA	NA	NA	0	0	0	1	NA	NA	NA	NA	NA
JAJIVP010000115.1_58	61428	61859	432	1	0.625	11	GGA/GAG/AGG	NA	NA	NA	0	0	0	1	NA	NA	NA	NA	NA
JAJIVP010000115.1_59	61871	62101	231	1	0.589	11	AGGAG	GENOMAD.022295.CC	7.611e-27	104	1	0	0	1	NA	NA	NA	PF01084;COG0238;TIGR00165	Ribosomal protein S18
JAJIVP010000115.1_60	62289	62738	450	1	0.631	11	GGAG/GAGG	GENOMAD.080915.CV	6.064e-21	91	1	0	0	1	NA	NA	NA	PF03948;PF01281;TIGR00158;COG0359;K02939	ribosomal protein L9
JAJIVP010000115.1_61	62948	66451	3504	1	0.658	11	None	NA	NA	NA	0	0	0	1	NA	NA	NA	NA	NA
JAJIVP010000115.1_62	66508	67239	732	1	0.648	11	GGAGG	GENOMAD.111153.CP	5.226e-102	330	0	0	0	1	NA	NA	NA	PF04354	ZipA, C-terminal FtsZ-binding domain
JAJIVP010000115.1_63	67246	67629	384	1	0.646	11	GGA/GAG/AGG	NA	NA	NA	0	0	0	1	NA	NA	NA	NA	NA
JAJIVP010000115.1_64	67807	68943	1137	-1	0.693	11	None	NA	NA	NA	0	0	0	1	NA	NA	NA	NA	NA
JAJIVP010000115.1_65	69273	71774	2502	1	0.668	11	None	NA	NA	NA	0	0	0	1	NA	NA	NA	NA	NA
JAJIVP010000115.1_66	71771	72733	963	1	0.660	11	None	NA	NA	NA	0	0	0	1	NA	NA	NA	NA	NA
JAJIVP010000115.1_67	72842	73528	687	1	0.684	11	GGAG/GAGG	GENOMAD.207981.CP	8.348e-124	392	0	0	0	1	NA	NA	NA	PF11218	NA
JAJIVP010000115.1_68	73727	74791	1065	1	0.690	11	None	GENOMAD.116589.CP	5.054e-59	211	0	0	0	1	NA	NA	NA	NA	NA
JAJIVP010000115.1_69	75001	77703	2703	1	0.636	11	GGA/GAG/AGG	GENOMAD.026404.VV	7.253e-49	193	0	0	0	1246	Caudoviricetes	NA	NA	PF00521;PF00986;K02469;TIGR01063;COG0188	DNA gyrase, A subunit
JAJIVP010000115.1_70	77928	80396	2469	1	0.655	11	GGAG/GAGG	GENOMAD.179037.PC	1.35e-18	94	0	0	0	1	NA	NA	NA	K05358;COG4993;TIGR03074	Glucose dehydrogenase
JAJIVP010000115.1_71	80729	81457	729	-1	0.653	11	GGAG/GAGG	GENOMAD.053871.PP	1.158e-135	427	0	0	0	1	NA	NA	NA	NA	NA
JAJIVP010000115.1_72	81726	83393	1668	-1	0.667	11	AGGA	NA	NA	NA	0	0	0	1	NA	NA	NA	NA	NA
JAJIVP010000115.1_73	83410	84267	858	-1	0.671	11	GGAG/GAGG	GENOMAD.159525.PC	2.312e-96	316	0	0	0	1	NA	NA	NA	PF05013;K01458;COG3741;TIGR02017	N-formylglutamate amidohydrolase
JAJIVP010000115.1_74	84449	85990	1542	-1	0.682	11	GGAG/GAGG	NA	NA	NA	0	0	0	1	NA	NA	NA	NA	NA
JAJIVP010000115.1_75	86004	87209	1206	-1	0.682	11	GGA/GAG/AGG	NA	NA	NA	0	0	0	1	NA	NA	NA	NA	NA
JAJIVP010000115.1_76	87270	88640	1371	1	0.678	11	GGAG/GAGG	GENOMAD.142656.PP	0.0002438	46	0	0	0	1	NA	NA	NA	PF22429	Formimidoylglutamate deiminase HutF, N-terminal domain
JAJIVP010000115.1_77	88957	89694	738	1	0.675	11	GGAG/GAGG	NA	NA	NA	0	0	0	1	NA	NA	NA	NA	NA
JAJIVP010000115.1_78	89877	90875	999	-1	0.694	11	None	GENOMAD.209518.PC	2.719e-188	584	0	0	0	1	NA	NA	NA	COG1787	Endonuclease, HJR/Mrr/RecB family
JAJIVP010000115.1_79	91415	91975	561	-1	0.677	11	AGGAG	GENOMAD.012092.CC	4.092e-33	128	0	0	0	1	NA	NA	NA	COG3937	Polyhydroxyalkanoate synthesis regulator phasin
JAJIVP010000115.1_80	92138	92413	276	-1	0.638	11	None	GENOMAD.016982.CC	1.636e-18	81	0	0	0	1	NA	NA	NA	PF09650;TIGR02610	putative polyhydroxyalkanoic acid system protein
JAJIVP010000115.1_81	92610	93458	849	1	0.687	11	None	GENOMAD.117073.CP	6.168e-18	87	0	0	0	1	NA	NA	NA	PF00498;PF09480;K21397;TIGR03354;COG3456	type VI secretion system FHA domain protein
JAJIVP010000115.1_82	93400	94056	657	-1	0.656	11	GGA/GAG/AGG	GENOMAD.153317.CP	4.992e-55	193	0	0	0	1	NA	NA	NA	PF01794;K17247;COG2717	Periplasmic DMSO/TMAO reductase YedYZ, heme-binding membrane subunit
JAJIVP010000116.1_1	157	372	216	1	0.671	11	GGAG/GAGG	NA	NA	NA	0	0	0	1	NA	NA	NA	NA	NA
JAJIVP010000116.1_2	666	2567	1902	-1	0.664	11	GGAG/GAGG	NA	NA	NA	0	0	0	1	NA	NA	NA	NA	NA
JAJIVP010000116.1_3	2652	4028	1377	-1	0.683	11	None	GENOMAD.121831.CP	2.869e-36	147	0	0	0	1246	Caudoviricetes	NA	NA	COG0534	Na+-driven multidrug efflux pump
JAJIVP010000116.1_4	4297	5463	1167	1	0.653	11	GGA/GAG/AGG	GENOMAD.124282.CP	6.32e-96	320	0	0	0	1	NA	NA	NA	COG2093	NA
JAJIVP010000116.1_5	5636	6238	603	-1	0.725	11	GGAG/GAGG	GENOMAD.012439.CC	6.764e-43	157	0	0	0	1	NA	NA	NA	PF11304	NA
JAJIVP010000116.1_6	6222	7247	1026	-1	0.733	11	GGAG/GAGG	NA	NA	NA	0	0	0	1	NA	NA	NA	NA	NA
JAJIVP010000116.1_7	7717	9939	2223	1	0.713	11	None	GENOMAD.101878.CP	2.747e-111	380	0	0	0	1246	Caudoviricetes	NA	NA	PF18074;PF00271	Primosomal protein N C-terminal domain; Helicase conserved C-terminal domain
JAJIVP010000116.1_8	10339	10974	636	-1	0.648	11	GGAG/GAGG	NA	NA	NA	0	0	0	1	NA	NA	NA	NA	NA
JAJIVP010000116.1_9	10977	11798	822	-1	0.637	11	GGAG/GAGG	NA	NA	NA	0	0	0	1	NA	NA	NA	NA	NA
JAJIVP010000116.1_10	11801	12331	531	-1	0.646	11	None	NA	NA	NA	0	0	0	1	NA	NA	NA	NA	NA
JAJIVP010000116.1_11	12450	13742	1293	1	0.694	11	GGA/GAG/AGG	NA	NA	NA	0	0	0	1	NA	NA	NA	NA	NA
JAJIVP010000116.1_12	13793	14407	615	1	0.702	11	None	NA	NA	NA	0	0	0	1	NA	NA	NA	NA	NA
JAJIVP010000116.1_13	14486	15370	885	-1	0.628	11	None	GENOMAD.182050.VC	7.264e-16	81	0	0	0	1246	Caudoviricetes	NA	NA	PF12645;K03087;TIGR02997;COG0568	RNA polymerase sigma factor, cyanobacterial RpoD-like family
JAJIVP010000116.1_14	15559	16284	726	-1	0.668	11	GGA/GAG/AGG	NA	NA	NA	0	0	0	1	NA	NA	NA	NA	NA
JAJIVP010000116.1_15	16281	17123	843	-1	0.649	11	GGAG/GAGG	NA	NA	NA	0	0	0	1	NA	NA	NA	NA	NA
JAJIVP010000116.1_16	17132	18082	951	-1	0.671	11	AGGA	GENOMAD.090188.CV	5.678e-49	180	0	0	0	1	NA	NA	NA	PF18075;PF02687;K09811;TIGR00439;COG2177	putative protein insertion permease FtsX
JAJIVP010000116.1_17	18079	18765	687	-1	0.659	11	None	NA	NA	NA	0	0	0	1	NA	NA	NA	NA	NA
JAJIVP010000116.1_18	18841	20610	1770	-1	0.682	11	None	NA	NA	NA	0	0	0	1	NA	NA	NA	NA	NA
JAJIVP010000116.1_19	20761	21102	342	1	0.632	11	AGGAG	GENOMAD.170721.VV	1.308e-05	45	0	0	0	1246	Caudoviricetes	NA	NA	PF07689;TIGR02200;COG4545;K18917	Glutaredoxin-like protein
JAJIVP010000116.1_20	21318	23192	1875	1	0.652	11	GGAG/GAGG	NA	NA	NA	0	0	0	1	NA	NA	NA	NA	NA
JAJIVP010000116.1_21	23300	24184	885	-1	0.641	11	GGAG/GAGG	NA	NA	NA	0	0	0	1	NA	NA	NA	NA	NA
JAJIVP010000116.1_22	24245	25984	1740	-1	0.630	11	GGA/GAG/AGG	GENOMAD.007486.CC	6.334e-117	390	0	0	0	1	NA	NA	NA	PF06315;PF20423;K00906;COG4579	Isocitrate dehydrogenase kinase/phosphatase
JAJIVP010000116.1_23	25981	26925	945	-1	0.671	11	GGA/GAG/AGG	NA	NA	NA	0	0	0	1	NA	NA	NA	NA	NA
JAJIVP010000116.1_24	27027	27287	261	1	0.640	11	GGAGG	NA	NA	NA	0	0	0	1	NA	NA	NA	NA	NA
JAJIVP010000116.1_25	27359	29590	2232	-1	0.627	11	GGA/GAG/AGG	NA	NA	NA	0	0	0	1	NA	NA	NA	NA	NA
JAJIVP010000116.1_26	29948	30505	558	-1	0.665	11	GGAG/GAGG	GENOMAD.058195.CC	1.036e-57	199	0	0	0	1	NA	NA	NA	PF16342;COG3895	NA
JAJIVP010000116.1_27	30611	30904	294	-1	0.561	11	GGA/GAG/AGG	GENOMAD.142002.VC	0.000184	41	0	0	0	1246	Caudoviricetes	NA	NA	TIGR03505	FimV N-terminal domain
JAJIVP010000116.1_28	31007	31822	816	-1	0.643	11	None	NA	NA	NA	0	0	0	1	NA	NA	NA	NA	NA
JAJIVP010000116.1_29	31979	33286	1308	-1	0.679	11	GGAG/GAGG	NA	NA	NA	0	0	0	1	NA	NA	NA	NA	NA
JAJIVP010000116.1_30	33546	34790	1245	1	0.659	11	AGGAG	NA	NA	NA	0	0	0	1	NA	NA	NA	NA	NA
JAJIVP010000116.1_31	34884	38132	3249	1	0.666	11	AGGA	NA	NA	NA	0	0	0	1	NA	NA	NA	NA	NA
JAJIVP010000116.1_32	38472	38687	216	-1	0.630	11	GGAG/GAGG	NA	NA	NA	0	0	0	1	NA	NA	NA	NA	NA
JAJIVP010000116.1_33	38939	41404	2466	1	0.657	11	None	NA	NA	NA	0	0	0	1	NA	NA	NA	NA	NA
JAJIVP010000116.1_34	41589	42956	1368	-1	0.664	11	None	GENOMAD.206240.PC	3.558e-106	353	0	0	0	1	NA	NA	NA	PF07063;COG5383	Uncharacterized metalloenzyme YdcJ, glyoxalase superfamily
JAJIVP010000116.1_35	43120	43719	600	-1	0.695	11	None	NA	NA	NA	0	0	0	1	NA	NA	NA	NA	NA
JAJIVP010000116.1_36	44032	44604	573	-1	0.635	11	GGAGG	NA	NA	NA	0	0	0	1	NA	NA	NA	NA	NA
JAJIVP010000116.1_37	44742	45494	753	-1	0.639	11	None	NA	NA	NA	0	0	0	1	NA	NA	NA	NA	NA
JAJIVP010000116.1_38	45531	45965	435	-1	0.701	11	GGA/GAG/AGG	GENOMAD.147360.CP	3.763e-66	221	0	0	0	1	NA	NA	NA	PF13405;COG5126	EF-hand domain
JAJIVP010000116.1_39	46312	46665	354	-1	0.661	11	AGGAG	GENOMAD.182880.CP	5.083e-42	150	0	0	0	1	NA	NA	NA	PF00036	EF hand
JAJIVP010000116.1_40	46892	47269	378	-1	0.643	11	GGA/GAG/AGG	NA	NA	NA	0	0	0	1	NA	NA	NA	NA	NA
JAJIVP010000116.1_41	47495	47692	198	-1	0.616	11	AGGA	GENOMAD.137965.CP	9.484e-13	63	0	0	0	1	NA	NA	NA	PF14255	Cysteine-rich CPXCG
JAJIVP010000116.1_42	47978	48724	747	-1	0.645	11	GGA/GAG/AGG	NA	NA	NA	0	0	0	1	NA	NA	NA	NA	NA
JAJIVP010000116.1_43	48816	49622	807	-1	0.669	11	AGGAG	GENOMAD.153557.VC	1.074e-05	49	0	0	0	1246	Caudoviricetes	NA	NA	PF01510;K11066;COG3023	N-acetyl-anhydromuramyl-L-alanine amidase AmpD
JAJIVP010000116.1_44	49995	51407	1413	1	0.652	11	GGA/GAG/AGG	GENOMAD.178675.CP	1.363e-116	384	0	0	0	1	NA	NA	NA	PF12913;PF12671;K20742;TIGR02219	SH3 domain (SH3b1 type); Putative amidase domain
JAJIVP010000116.1_45	51404	52501	1098	1	0.648	11	None	NA	NA	NA	0	0	0	1	NA	NA	NA	NA	NA
JAJIVP010000116.1_46	52761	53537	777	1	0.665	11	GGAG/GAGG	GENOMAD.169591.CP	2.18e-45	167	0	0	0	1	NA	NA	NA	COG3786	L,D-peptidoglycan transpeptidase YkuD, ErfK/YbiS/YcfS/YnhG family
JAJIVP010000116.1_47	53534	54850	1317	1	0.658	11	GGAG/GAGG	GENOMAD.153517.CP	0.0004656	45	0	0	0	1	NA	NA	NA	K14052;COG0833	Amino acid permease
JAJIVP010000116.1_48	55051	55548	498	1	0.685	11	GGAG/GAGG	GENOMAD.154126.CP	1.754e-59	203	0	0	0	1	NA	NA	NA	PF11821;COG4803	Alternative complex III, ActD subunit
JAJIVP010000116.1_49	55723	56055	333	1	0.595	11	GGAG/GAGG	GENOMAD.215480.PC	9.004e-49	169	0	0	0	1	NA	NA	NA	NA	NA
JAJIVP010000116.1_50	56110	56544	435	-1	0.570	11	AGGAG	GENOMAD.018404.CC	1.205e-53	185	0	0	0	1	NA	NA	NA	PF05360;COG4682	Uncharacterized membrane protein YiaA
JAJIVP010000116.1_51	56727	57905	1179	1	0.650	11	AGGAG	NA	NA	NA	0	0	0	1	NA	NA	NA	NA	NA
JAJIVP010000116.1_52	58075	60246	2172	-1	0.662	11	GGA/GAG/AGG	GENOMAD.121860.CP	1.85e-10	67	0	0	0	1	NA	NA	NA	PF00933;K01207;COG1472	Periplasmic beta-glucosidase and related glycosidases
JAJIVP010000116.1_53	60475	60831	357	-1	0.616	11	None	GENOMAD.124431.CP	1.753e-21	91	0	0	0	1	NA	NA	NA	PF02152;COG1539;TIGR00526;K01633	Dihydroneopterin aldolase
JAJIVP010000116.1_54	60916	61977	1062	-1	0.702	11	GGA/GAG/AGG	GENOMAD.089091.CV	1.094e-06	53	0	0	0	1246	Caudoviricetes	NA	NA	PF00814;TIGR03725;COG1214;K14742	tRNA threonylcarbamoyl adenosine modification protein YeaZ
JAJIVP010000116.1_55	62256	62471	216	1	0.616	11	GGAG/GAGG	GENOMAD.137902.VC	1.021e-07	49	0	0	0	1	NA	NA	NA	PF01165;COG0828;TIGR00030	Ribosomal protein S21
JAJIVP010000116.1_56	62735	63181	447	1	0.649	11	AGGAG	NA	NA	NA	0	0	0	1	NA	NA	NA	NA	NA
JAJIVP010000116.1_57	63747	64709	963	1	0.650	11	AGGA/GGAG/GAGG	GENOMAD.132982.CP	2.127e-14	77	0	0	0	1	NA	NA	NA	PF03631;COG1295;K07058;TIGR00766	Uncharacterized membrane protein, BrkB/YihY/UPF0761 family (not an RNase)
JAJIVP010000116.1_58	64791	66539	1749	1	0.653	11	GGA/GAG/AGG	GENOMAD.129043.CV	9.666e-17	87	0	0	0	1	NA	NA	NA	PF08278	DNA primase DnaG DnaB-binding
JAJIVP010000116.1_59	66694	67695	1002	1	0.645	11	GGA/GAG/AGG	GENOMAD.158122.CP	2.026e-139	443	0	0	0	1	NA	NA	NA	COG0798	Arsenite efflux pump ArsB, ACR3 family
JAJIVP010000116.1_60	67866	69446	1581	1	0.670	11	None	GENOMAD.142879.CP	7.669e-09	61	0	0	0	1	NA	NA	NA	PF03190;PF10345;COG3118;TIGR02738;K03672	Negative regulator of GroEL, contains thioredoxin-like and TPR-like domains
JAJIVP010000116.1_61	69682	70578	897	-1	0.637	11	GGAG/GAGG	GENOMAD.105978.CP	4.096e-25	109	0	0	0	1	NA	NA	NA	PF01040;K02257;COG0382;TIGR01473	4-hydroxybenzoate polyprenyltransferase
JAJIVP010000116.1_62	70581	71744	1164	-1	0.674	11	GGA/GAG/AGG	GENOMAD.123310.CP	4.587e-66	233	0	0	0	1	NA	NA	NA	PF02628;K02259;COG1612	Heme A synthase
JAJIVP010000116.1_63	71755	72330	576	-1	0.689	11	GGA/GAG/AGG	GENOMAD.145419.CP	2.09e-95	308	0	0	0	1	NA	NA	NA	PF08534;COG1999;TIGR00385	Cytochrome oxidase Cu insertion factor, SCO1/SenC/PrrC family
JAJIVP010000116.1_64	72358	73080	723	-1	0.675	11	None	GENOMAD.158628.CP	1.154e-16	82	0	0	0	1	NA	NA	NA	PF02104;COG3346;K14998	Cytochrome oxidase assembly protein ShyY1
JAJIVP010000116.1_65	73141	73359	219	1	0.616	11	None	GENOMAD.152014.CP	1.556e-25	100	0	0	0	1	NA	NA	NA	PF11137	NA
JAJIVP010000116.1_66	73453	74328	876	-1	0.615	11	GGA/GAG/AGG	NA	NA	NA	0	0	0	1	NA	NA	NA	NA	NA
JAJIVP010000116.1_67	74367	74963	597	-1	0.650	11	GGAG/GAGG	GENOMAD.134250.CP	1.991e-47	170	0	0	0	1	NA	NA	NA	PF04442;COG3175	Cytochrome c oxidase assembly protein Cox11
JAJIVP010000116.1_68	74960	75133	174	-1	0.649	11	GGAG/GAGG	NA	NA	NA	0	0	0	1	NA	NA	NA	NA	NA
JAJIVP010000116.1_69	75114	76718	1605	-1	0.617	11	GGAG/GAGG	NA	NA	NA	0	0	0	1	NA	NA	NA	NA	NA
JAJIVP010000116.1_70	76757	77716	960	-1	0.652	11	GGA/GAG/AGG	NA	NA	NA	0	0	0	1	NA	NA	NA	NA	NA
JAJIVP010000116.1_71	77733	78272	540	-1	0.631	11	GGA/GAG/AGG	GENOMAD.132183.CP	3.396e-32	125	0	0	0	1	NA	NA	NA	PF10003;COG5488	Integral membrane protein (DUF2244)
JAJIVP010000116.1_72	78475	81675	3201	1	0.650	11	GGA/GAG/AGG	GENOMAD.138336.CP	3.595e-14	80	0	0	0	1	NA	NA	NA	PF00171;COG1012;TIGR02288;K06447	Acyl-CoA reductase or other NAD-dependent aldehyde dehydrogenase
JAJIVP010000117.1_1	3	191	189	-1	0.540	11	AGGAG	NA	NA	NA	0	0	0	1	NA	NA	NA	NA	NA
JAJIVP010000117.1_2	262	600	339	-1	0.537	11	AGGAG	NA	NA	NA	0	0	0	1	NA	NA	NA	NA	NA
JAJIVP010000117.1_3	1426	2394	969	-1	0.613	11	AGGA	GENOMAD.098179.CP	3.287e-05	48	0	0	0	1	NA	NA	NA	NA	NA
JAJIVP010000117.1_4	2484	4352	1869	-1	0.642	11	GGA/GAG/AGG	GENOMAD.001759.CC	1.094e-24	113	0	0	0	1	NA	NA	NA	PF13721;K03072	SecD export protein N-terminal TM region
JAJIVP010000117.1_5	4519	4872	354	-1	0.633	11	AGGA	GENOMAD.092163.CP	0.0007752	40	0	0	0	1	NA	NA	NA	COG1862	Preprotein translocase subunit YajC
JAJIVP010000011.1_1	2	2935	2934	1	0.557	11	None	GENOMAD.146580.CP	0.0	1628	0	0	0	1	NA	NA	NA	PF05567;K02674	Neisseria PilC beta-propeller domain
JAJIVP010000011.1_2	2932	3375	444	1	0.552	11	GGAGG	GENOMAD.153455.CP	3.273e-18	83	0	0	0	1	NA	NA	NA	PF16732;COG4968	Type IV minor pilin ComP, DNA uptake sequence receptor
JAJIVP010000011.1_3	3559	4101	543	-1	0.619	11	AGGAG	NA	NA	NA	0	0	0	1	NA	NA	NA	NA	NA
JAJIVP010000011.1_4	4242	6263	2022	1	0.610	11	GGA/GAG/AGG	NA	NA	NA	0	0	0	1	NA	NA	NA	NA	NA
JAJIVP010000011.1_5	7036	7278	243	1	0.617	11	AGGA	NA	NA	NA	0	0	0	1	NA	NA	NA	NA	NA
JAJIVP010000011.1_6	7315	8988	1674	1	0.597	11	AGGAG	NA	NA	NA	0	0	0	1	NA	NA	NA	NA	NA
JAJIVP010000011.1_7	9321	9731	411	1	0.586	11	GGA/GAG/AGG	NA	NA	NA	0	0	0	1	NA	NA	NA	NA	NA
JAJIVP010000011.1_8	9857	10873	1017	1	0.534	11	GGA/GAG/AGG	GENOMAD.100222.PC	1.423e-90	302	0	1	0	1	NA	T_virB8	NA	PF04335;COG3736;K12081;TIGR03781	Type IV secretory pathway, component VirB8
JAJIVP010000011.1_9	10870	11637	768	1	0.444	11	AGGAG	GENOMAD.113335.PC	7.465e-130	411	0	1	0	1	NA	T_virB9	NA	K03204;COG3504	Type IV secretory pathway, VirB9 components
JAJIVP010000011.1_10	11634	12818	1185	1	0.532	11	AGGA	GENOMAD.106752.PC	1.304e-25	113	0	0	0	1	NA	NA	NA	NA	NA
JAJIVP010000011.1_11	12824	13864	1041	1	0.498	11	GGA/GAG/AGG	NA	NA	NA	0	0	0	1	NA	NA	NA	NA	NA
JAJIVP010000011.1_12	13910	14737	828	1	0.519	11	GGAGG	NA	NA	NA	0	0	0	1	NA	NA	NA	NA	NA
JAJIVP010000011.1_13	14798	15205	408	1	0.453	11	AGGAG	GENOMAD.020425.PP	6.435e-48	168	0	1	0	1	NA	T_virB2	NA	PF04956;K03197;COG3838	TrbC/VIRB2 pilin
JAJIVP010000011.1_14	15198	15497	300	1	0.497	11	None	GENOMAD.048140.PP	1.366e-55	188	0	1	0	1	NA	T_virB3	NA	PF05101;K03198;COG3702	Type IV secretory pathway, VirB3 components
JAJIVP010000118.1_1	2	1141	1140	-1	0.668	11	None	GENOMAD.077211.CP	1.736e-08	59	0	0	0	1246	Caudoviricetes	NA	NA	PF01702;K00773;TIGR00430;COG0343	tRNA-guanine transglycosylase
JAJIVP010000118.1_2	1223	2293	1071	-1	0.685	11	None	NA	NA	NA	0	0	0	1	NA	NA	NA	NA	NA
JAJIVP010000118.1_3	2447	2878	432	-1	0.674	11	None	GENOMAD.022927.CC	2.987e-06	48	0	0	0	1	NA	NA	NA	K03718;COG1522	DNA-binding transcriptional regulator, Lrp family
JAJIVP010000118.1_4	3001	4497	1497	1	0.677	11	AGGAG	NA	NA	NA	0	0	0	1	NA	NA	NA	NA	NA
JAJIVP010000118.1_5	4849	5556	708	-1	0.633	11	GGA/GAG/AGG	NA	NA	NA	0	0	0	1	NA	NA	NA	NA	NA
JAJIVP010000118.1_6	5928	7307	1380	-1	0.677	11	GGA/GAG/AGG	GENOMAD.211408.CP	0.0004988	45	0	0	0	1	NA	NA	NA	PF09423;TIGR03729;K14379;COG2908	PhoD-like phosphatase
JAJIVP010000118.1_7	7304	8425	1122	-1	0.656	11	AGxAGG/AGGxGG	GENOMAD.181891.CV	7.09e-64	226	0	0	0	1	NA	NA	NA	PF02333;COG4247	3-phytase (myo-inositol-hexaphosphate 3-phosphohydrolase)
JAJIVP010000118.1_8	8422	10980	2559	-1	0.633	11	GGA/GAG/AGG	GENOMAD.152082.CP	2.059e-27	123	0	0	0	1	NA	NA	NA	PF00593;PF07715;PF00691;TIGR01782;COG4773;K16089	TonB-dependent receptor
JAJIVP010000118.1_9	11042	11764	723	1	0.663	11	None	NA	NA	NA	0	0	0	1	NA	NA	NA	NA	NA
JAJIVP010000118.1_10	11914	13674	1761	-1	0.652	11	None	NA	NA	NA	0	0	0	1	NA	NA	NA	NA	NA
JAJIVP010000118.1_11	13963	15741	1779	-1	0.678	11	AGGAG/GGAGG	NA	NA	NA	0	0	0	1	NA	NA	NA	NA	NA
JAJIVP010000118.1_12	15738	16022	285	-1	0.600	11	None	NA	NA	NA	0	0	0	1	NA	NA	NA	NA	NA
JAJIVP010000118.1_13	16013	16237	225	-1	0.707	11	AGxAGG/AGGxGG	NA	NA	NA	0	0	0	1	NA	NA	NA	NA	NA
JAJIVP010000118.1_14	16254	16751	498	-1	0.645	11	GGAGG	NA	NA	NA	0	0	0	1	NA	NA	NA	NA	NA
JAJIVP010000118.1_15	16798	17304	507	-1	0.655	11	None	NA	NA	NA	0	0	0	1	NA	NA	NA	NA	NA
JAJIVP010000118.1_16	17301	17924	624	-1	0.734	11	GGA/GAG/AGG	NA	NA	NA	0	0	0	1	NA	NA	NA	NA	NA
JAJIVP010000118.1_17	18163	20067	1905	1	0.620	11	GGAG/GAGG	NA	NA	NA	0	0	0	1	NA	NA	NA	NA	NA
JAJIVP010000118.1_18	20681	20872	192	1	0.594	11	GGA/GAG/AGG	NA	NA	NA	0	0	0	1	NA	NA	NA	NA	NA
JAJIVP010000119.1_1	168	1301	1134	1	0.619	11	GGA/GAG/AGG	NA	NA	NA	0	0	0	1	NA	NA	NA	NA	NA
JAJIVP010000120.1_1	1015	2793	1779	1	0.583	11	GGA/GAG/AGG	NA	NA	NA	0	0	0	1	NA	NA	NA	NA	NA
JAJIVP010000120.1_2	2965	3141	177	-1	0.655	11	GGAG/GAGG	NA	NA	NA	0	0	0	1	NA	NA	NA	NA	NA
JAJIVP010000120.1_3	3220	3468	249	-1	0.643	11	GGA/GAG/AGG	NA	NA	NA	0	0	0	1	NA	NA	NA	NA	NA
JAJIVP010000120.1_4	3529	5322	1794	1	0.662	11	None	NA	NA	NA	0	0	0	1	NA	NA	NA	NA	NA
JAJIVP010000120.1_5	5505	5738	234	-1	0.645	11	GGAG/GAGG	NA	NA	NA	0	0	0	1	NA	NA	NA	NA	NA
JAJIVP010000120.1_6	5905	6879	975	1	0.657	11	None	NA	NA	NA	0	0	0	1	NA	NA	NA	NA	NA
JAJIVP010000120.1_7	7132	8556	1425	-1	0.682	11	GGAG/GAGG	NA	NA	NA	0	0	0	1	NA	NA	NA	NA	NA
JAJIVP010000120.1_8	8550	9281	732	-1	0.631	11	AGGA	NA	NA	NA	0	0	0	1	NA	NA	NA	NA	NA
JAJIVP010000012.1_1	289	2439	2151	1	0.621	11	GGA/GAG/AGG	NA	NA	NA	0	0	0	1	NA	NA	NA	NA	NA
JAJIVP010000012.1_2	2672	3127	456	-1	0.610	11	GGA/GAG/AGG	GENOMAD.154491.CP	7.73e-07	50	0	0	0	1	NA	NA	NA	PF03965;K18906;COG5631;TIGR04472	Predicted transcription regulator, contains HTH domain, MarR family
JAJIVP010000012.1_3	3239	4084	846	-1	0.625	11	GGAG/GAGG	GENOMAD.026002.CC	1.784e-97	319	0	0	0	1	NA	NA	NA	PF13739;PF11738	Deacetylase PdaC
JAJIVP010000012.1_4	4136	4405	270	-1	0.600	11	GGAG/GAGG	GENOMAD.167952.CP	8.299e-17	76	0	0	0	1	NA	NA	NA	PF14542;COG2388	GCN5-related N-acetyl-transferase
JAJIVP010000012.1_5	4633	4821	189	1	0.603	11	GGAG/GAGG	NA	NA	NA	0	0	0	1	NA	NA	NA	NA	NA
JAJIVP010000012.1_6	5130	5738	609	-1	0.599	11	GGAG/GAGG	NA	NA	NA	0	0	0	1	NA	NA	NA	NA	NA
JAJIVP010000012.1_7	5746	7311	1566	-1	0.630	11	GGA/GAG/AGG	NA	NA	NA	0	0	0	1	NA	NA	NA	NA	NA
JAJIVP010000012.1_8	7670	9439	1770	1	0.645	11	GGA/GAG/AGG	GENOMAD.145507.CP	9.856e-83	290	0	0	0	1	NA	NA	NA	PF17033;COG4073;K14054;TIGR02994	Carboxypeptidase controlling helical cell shape catalytic
JAJIVP010000012.1_9	9561	11807	2247	1	0.660	11	None	NA	NA	NA	0	0	0	1	NA	NA	NA	NA	NA
JAJIVP010000012.1_10	12165	12626	462	-1	0.673	11	AGGA/GGAG/GAGG	NA	NA	NA	0	0	0	1	NA	NA	NA	NA	NA
JAJIVP010000012.1_11	12740	13201	462	-1	0.617	11	AGGA	NA	NA	NA	0	0	0	1	NA	NA	NA	NA	NA
JAJIVP010000012.1_12	13712	15292	1581	-1	0.635	11	None	NA	NA	NA	0	0	0	1	NA	NA	NA	NA	NA
JAJIVP010000012.1_13	15299	16492	1194	-1	0.659	11	GGA/GAG/AGG	GENOMAD.138157.CP	1.733e-39	155	0	0	0	1	NA	NA	NA	PF13437;TIGR02828	HlyD family secretion protein
JAJIVP010000012.1_14	16503	17885	1383	-1	0.696	11	None	GENOMAD.123577.CP	4.982e-12	71	0	0	0	1	NA	NA	NA	PF02321;TIGR01845;K12340;COG1538	efflux transporter, outer membrane factor (OMF) lipoprotein, NodT family
JAJIVP010000012.1_15	18015	18464	450	-1	0.662	11	GGA/GAG/AGG	GENOMAD.158192.CP	0.0001695	43	0	0	0	1	NA	NA	NA	PF20024;K06075;TIGR04472;COG5631	mobile rSAM pair MarR family regulator
JAJIVP010000012.1_16	18578	19429	852	1	0.711	11	None	GENOMAD.183418.PC	1.05e-11	68	0	0	0	1	NA	NA	NA	PF12833;PF02311;TIGR02297;K03490;COG2207	4-hydroxyphenylacetate catabolism regulatory protein HpaA
JAJIVP010000012.1_17	19491	21734	2244	1	0.649	11	AGGA/GGAG/GAGG	GENOMAD.026404.VV	7.313e-41	166	0	0	0	1246	Caudoviricetes	NA	NA	PF00521;PF00986;K02469;TIGR01063;COG0188	DNA gyrase, A subunit
JAJIVP010000012.1_18	22512	23168	657	1	0.636	11	GGA/GAG/AGG	GENOMAD.137608.CP	1.32e-70	238	0	0	0	1	NA	NA	NA	PF05724;K00569;TIGR03840;COG2227	thiopurine S-methyltransferase, Se/Te detoxification family
JAJIVP010000012.1_19	23434	23919	486	-1	0.611	11	GGAG/GAGG	NA	NA	NA	0	0	0	1	NA	NA	NA	NA	NA
JAJIVP010000012.1_20	24066	26480	2415	1	0.679	11	AGGA	NA	NA	NA	0	0	0	1	NA	NA	NA	NA	NA
JAJIVP010000012.1_21	26897	28138	1242	1	0.641	11	None	GENOMAD.141017.CP	3.28e-16	84	0	0	0	1	NA	NA	NA	PF14905;PF07715;K16090;COG4774;TIGR01776	Outer membrane receptor for monomeric catechols
JAJIVP010000012.1_22	28142	29035	894	1	0.629	11	None	GENOMAD.133821.CP	3.999e-25	109	0	0	0	1246	Caudoviricetes	NA	NA	PF18480;PF14905;COG4634	Predicted nuclease, contains PIN domain, potential toxin-antitoxin system component
JAJIVP010000012.1_23	29477	30529	1053	1	0.612	11	GGA/GAG/AGG	GENOMAD.183623.VC	6.946e-15	79	0	0	0	1	NA	NA	NA	PF00295;TIGR03808;K07218;COG3420	twin-arg-translocated uncharacterized repeat protein
JAJIVP010000012.1_24	30597	32291	1695	-1	0.641	11	AGGAG	GENOMAD.057851.VV	1.811e-12	73	0	0	0	14384	Megaviricetes	NA	NA	PF12481;TIGR03104;COG0367;K24327	asparagine synthase family amidotransferase
JAJIVP010000012.1_25	32585	33715	1131	-1	0.675	11	None	GENOMAD.143077.CP	5.144e-06	51	0	0	0	1	NA	NA	NA	PF01546;K13049;TIGR01880;COG2195	N-acyl-L-amino-acid amidohydrolase
JAJIVP010000012.1_26	33961	34317	357	-1	0.605	11	GGA/GAG/AGG	GENOMAD.136132.CP	1.165e-17	80	0	0	0	1	NA	NA	NA	PF03960;TIGR01616;K00537;COG1393	nitrogenase-associated protein
JAJIVP010000012.1_27	34510	35706	1197	-1	0.648	11	GGAG/GAGG	GENOMAD.000476.CC	7.823e-63	224	0	0	0	1	NA	NA	NA	PF14805;K19107;TIGR00965;COG2171	2,3,4,5-tetrahydropyridine-2,6-dicarboxylate N-succinyltransferase
JAJIVP010000012.1_28	35728	38337	2610	-1	0.674	11	None	GENOMAD.111010.CP	2.801e-149	497	0	0	0	1	NA	NA	NA	PF08335;PF12252;PF03445;K00990;TIGR01693;COG2844	[Protein-PII] uridylyltransferase
JAJIVP010000012.1_29	38334	39110	777	-1	0.625	11	None	NA	NA	NA	0	0	0	1	NA	NA	NA	NA	NA
JAJIVP010000012.1_30	39428	39952	525	1	0.638	11	AGGA	GENOMAD.171641.PC	1.258e-92	299	0	0	0	1	NA	NA	NA	PF05229;COG5430;K07349	Spore coat protein U (SCPU) domain, function unknown
JAJIVP010000012.1_31	39961	40731	771	1	0.678	11	GGA/GAG/AGG	GENOMAD.181911.PC	2.342e-43	161	0	0	0	1	NA	NA	NA	PF00345;K07346;COG3121	P pilus assembly protein, chaperone PapD
JAJIVP010000012.1_32	40748	43099	2352	1	0.679	11	None	NA	NA	NA	0	0	0	1	NA	NA	NA	NA	NA
JAJIVP010000012.1_33	43096	44130	1035	1	0.646	11	GGA/GAG/AGG	GENOMAD.180523.PC	1.422e-83	282	0	0	0	1	NA	NA	NA	PF05229;COG5430	Spore coat protein U (SCPU) domain, function unknown
JAJIVP010000012.1_34	44179	44511	333	1	0.700	11	None	NA	NA	NA	0	0	0	1	NA	NA	NA	NA	NA
JAJIVP010000012.1_35	44514	45239	726	1	0.691	11	None	GENOMAD.183678.PC	1.09e-35	138	0	0	0	1	NA	NA	NA	PF00345;K07346;COG3121	P pilus assembly protein, chaperone PapD
JAJIVP010000012.1_36	45624	46421	798	1	0.633	11	AGGAG	NA	NA	NA	0	0	0	1	NA	NA	NA	NA	NA
JAJIVP010000012.1_37	46591	47469	879	1	0.637	11	GGAG/GAGG	GENOMAD.116387.CV	1.636e-25	110	0	0	0	1246	Caudoviricetes	NA	NA	PF00889;TIGR00116;COG0264	translation elongation factor Ts
JAJIVP010000012.1_38	47746	49269	1524	1	0.649	11	None	NA	NA	NA	0	0	0	1	NA	NA	NA	NA	NA
JAJIVP010000012.1_39	49376	50098	723	1	0.653	11	GGAG/GAGG	GENOMAD.000060.CC	8.667e-59	205	1	0	0	1	NA	NA	NA	PF00696;K09903;TIGR02075;COG0528	uridylate kinase
JAJIVP010000012.1_40	50286	50843	558	1	0.615	11	GGA/GAG/AGG	NA	NA	NA	0	0	0	1	NA	NA	NA	NA	NA
JAJIVP010000012.1_41	50954	51619	666	1	0.671	11	GGxGG	NA	NA	NA	0	0	0	1	NA	NA	NA	NA	NA
JAJIVP010000012.1_42	51616	52443	828	1	0.676	11	GGA/GAG/AGG	GENOMAD.118488.CP	1.162e-19	92	0	0	0	1246	Caudoviricetes	NA	NA	PF01148;COG4589	Cytidylyltransferase family
JAJIVP010000012.1_43	52446	53636	1191	1	0.692	11	GGA/GAG/AGG	GENOMAD.101892.CP	2.637e-149	475	0	0	0	1	NA	NA	NA	PF08436;PF13288;PF02670;PF09976;K00099;TIGR00243;COG0743	1-deoxy-D-xylulose 5-phosphate reductoisomerase
JAJIVP010000012.1_44	53663	55009	1347	1	0.657	11	GGA/GAG/AGG	NA	NA	NA	0	0	0	1	NA	NA	NA	NA	NA
JAJIVP010000012.1_45	55006	57459	2454	1	0.626	11	None	GENOMAD.101044.CP	2.665e-41	168	0	0	0	1	NA	NA	NA	K07277;COG4775	Outer membrane protein assembly factor BamA
JAJIVP010000012.1_46	57536	57727	192	-1	0.589	11	AGGA	NA	NA	NA	0	0	0	1	NA	NA	NA	NA	NA
JAJIVP010000012.1_47	57855	58868	1014	1	0.664	11	GGAG/GAGG	GENOMAD.087505.CP	1.928e-11	68	0	0	0	1	NA	NA	NA	PF04613;TIGR01853;COG1044	UDP-3-O-
JAJIVP010000012.1_48	58865	59323	459	1	0.606	11	AGGAG	GENOMAD.118450.CP	1.665e-07	52	0	0	0	1	NA	NA	NA	PF07977;K02372;TIGR01750;COG4706	beta-hydroxyacyl-
JAJIVP010000012.1_49	59349	60140	792	1	0.658	11	GGAG/GAGG	GENOMAD.000113.CC	8.914e-19	89	0	0	0	1	NA	NA	NA	PF13720	Udp N-acetylglucosamine O-acyltransferase; Domain 2
JAJIVP010000012.1_50	60137	61456	1320	1	0.680	11	None	GENOMAD.000143.CC	1.782e-53	198	0	0	0	1246	Caudoviricetes	NA	NA	PF02684;K00748;TIGR00215;COG0763	lipid-A-disaccharide synthase
JAJIVP010000012.1_51	61808	62197	390	1	0.697	11	None	NA	NA	NA	0	0	0	1	NA	NA	NA	NA	NA
JAJIVP010000012.1_52	62415	66005	3591	1	0.667	11	None	GENOMAD.161283.VC	3.003e-36	153	0	0	0	1246	Caudoviricetes	NA	NA	PF17657;COG1387	Bacterial DNA polymerase III alpha subunit finger domain
JAJIVP010000012.1_53	66189	67148	960	1	0.657	11	None	NA	NA	NA	0	0	0	1	NA	NA	NA	NA	NA
JAJIVP010000012.1_54	67206	67961	756	1	0.672	11	AGGA/GGAG/GAGG	GENOMAD.016342.CC	5.223e-27	113	0	0	0	1	NA	NA	NA	PF04348;COG4700;TIGR03302;K12512	Flp pilus assembly protein TadD, contains TPR repeats
JAJIVP010000012.1_55	68051	68500	450	1	0.584	11	GGA/GAG/AGG	NA	NA	NA	0	0	0	1	NA	NA	NA	NA	NA
JAJIVP010000012.1_56	68705	69151	447	-1	0.642	11	GGAG/GAGG	NA	NA	NA	0	0	0	1	NA	NA	NA	NA	NA
JAJIVP010000012.1_57	69225	69827	603	1	0.678	11	None	NA	NA	NA	0	0	0	1	NA	NA	NA	NA	NA
JAJIVP010000012.1_58	70137	71444	1308	1	0.643	11	GGA/GAG/AGG	GENOMAD.179766.CP	1.323e-87	298	0	0	0	1	NA	NA	NA	PF06850;PF00975;TIGR01849;COG4553	polyhydroxyalkanoate depolymerase, intracellular
JAJIVP010000012.1_59	71573	72490	918	-1	0.644	11	GGAGG	GENOMAD.195620.CP	4.818e-22	100	0	0	0	1	NA	NA	NA	PF13796	Putative sensor
JAJIVP010000012.1_60	72487	72849	363	-1	0.661	11	GGAG/GAGG	GENOMAD.160542.CP	0.0008446	40	0	0	0	1	NA	NA	NA	PF14557;K10917;TIGR02719;COG3811	Putative AphA-like transcriptional regulator
JAJIVP010000012.1_61	73222	74775	1554	1	0.636	11	GGA/GAG/AGG	GENOMAD.194337.PC	1.2e-47	183	0	0	0	1	NA	NA	NA	NA	NA
JAJIVP010000012.1_62	75198	76574	1377	-1	0.664	11	None	GENOMAD.050158.CC	2.489e-08	59	0	0	0	1	NA	NA	NA	NA	NA
JAJIVP010000012.1_63	77005	77685	681	1	0.645	11	None	GENOMAD.109399.CP	3.993e-12	68	0	0	0	1	NA	NA	NA	PF04367;COG2928	NA
JAJIVP010000012.1_64	77690	78466	777	1	0.634	11	GGA/GAG/AGG	NA	NA	NA	0	0	0	1	NA	NA	NA	NA	NA
JAJIVP010000012.1_65	78742	80679	1938	1	0.654	11	GGAG/GAGG	GENOMAD.142795.CP	1.749e-07	57	0	0	0	1	NA	NA	NA	PF05960;COG4805	Bacterial protein of unknown function (DUF885)
JAJIVP010000012.1_66	80760	81725	966	-1	0.671	11	GGAG/GAGG	NA	NA	NA	0	0	0	1	NA	NA	NA	NA	NA
JAJIVP010000012.1_67	81722	83119	1398	-1	0.644	11	None	GENOMAD.168467.CP	8.805e-07	54	0	0	0	1	NA	NA	NA	K03294;COG0833	Amino acid permease
JAJIVP010000012.1_68	83264	83689	426	-1	0.631	11	GGAG/GAGG	NA	NA	NA	0	0	0	1	NA	NA	NA	NA	NA
JAJIVP010000012.1_69	83746	84426	681	-1	0.640	11	GGA/GAG/AGG	NA	NA	NA	0	0	0	1	NA	NA	NA	NA	NA
JAJIVP010000012.1_70	84444	85070	627	1	0.673	11	GGA/GAG/AGG	NA	NA	NA	0	0	0	1	NA	NA	NA	NA	NA
JAJIVP010000012.1_71	85067	85456	390	1	0.638	11	GGAG/GAGG	GENOMAD.169138.CP	3.863e-08	53	0	0	0	1	NA	NA	NF000496	PF00903;K08234;TIGR03081;COG3565	methylmalonyl-CoA epimerase
JAJIVP010000012.1_72	85661	86206	546	1	0.584	11	GGA/GAG/AGG	NA	NA	NA	0	0	0	1	NA	NA	NA	NA	NA
JAJIVP010000012.1_73	86490	86759	270	1	0.611	11	GGAGG	NA	NA	NA	0	0	0	1	NA	NA	NA	NA	NA
JAJIVP010000012.1_74	86849	87298	450	1	0.644	11	GGAGG	GENOMAD.147800.CP	7.234e-28	111	0	0	0	1	NA	NA	NA	PF09917;COG4731;TIGR03066	Uncharacterized conserved protein, DUF2147 family
JAJIVP010000012.1_75	87545	89629	2085	1	0.650	11	None	NA	NA	NA	0	0	0	1	NA	NA	NA	NA	NA
JAJIVP010000012.1_76	90004	90594	591	1	0.648	11	None	NA	NA	NA	0	0	0	1	NA	NA	NA	NA	NA
JAJIVP010000012.1_77	90596	91024	429	1	0.681	11	None	GENOMAD.103286.CP	9.057e-56	191	0	0	0	1	NA	NA	NA	PF04060;PF13484;K03616;TIGR01944;COG2878	electron transport complex, RnfABCDGE type, B subunit
JAJIVP010000012.1_78	91638	92426	789	1	0.695	11	GGAG/GAGG	GENOMAD.026719.CC	1.832e-38	147	0	0	0	1	NA	NA	NA	NA	NA
JAJIVP010000012.1_79	92512	92880	369	1	0.626	11	AGGAG	GENOMAD.044178.CC	2.285e-20	88	0	0	0	1	NA	NA	NA	PF14248	Tumour protein p53-inducible protein 11
JAJIVP010000012.1_80	92939	93502	564	1	0.661	11	None	NA	NA	NA	0	0	0	1	NA	NA	NA	NA	NA
JAJIVP010000012.1_81	93499	94332	834	1	0.687	11	None	GENOMAD.194676.PC	5.232e-162	505	0	0	0	1	NA	NA	NA	PF11859;COG5343;TIGR02949	Anti-sigma-K factor RskA
JAJIVP010000012.1_82	94557	95555	999	1	0.661	11	GGAG/GAGG	NA	NA	NA	0	0	0	1	NA	NA	NA	NA	NA
JAJIVP010000012.1_83	95552	96802	1251	1	0.669	11	None	NA	NA	NA	0	0	0	1	NA	NA	NA	NA	NA
JAJIVP010000012.1_84	96802	97686	885	1	0.678	11	GGAG/GAGG	GENOMAD.158771.CP	1.678e-44	166	0	0	0	1	NA	NA	NA	PF07103;K09701;COG3496	Uncharacterized conserved protein, DUF1365 family
JAJIVP010000012.1_85	97683	98978	1296	1	0.663	11	GGA/GAG/AGG	NA	NA	NA	0	0	0	1	NA	NA	NA	NA	NA
JAJIVP010000012.1_86	98975	99520	546	1	0.681	11	None	GENOMAD.011491.CC	1.283e-35	135	0	0	0	1	NA	NA	NA	PF11086	NA
JAJIVP010000012.1_87	99517	100299	783	1	0.676	11	GGAG/GAGG	GENOMAD.154668.CP	3.879e-18	87	0	0	0	1	NA	NA	NA	PF06966;COG3752;TIGR04571	Steroid 5-alpha reductase family enzyme
JAJIVP010000012.1_88	100317	101387	1071	1	0.656	11	GGAG/GAGG	NA	NA	NA	0	0	0	1	NA	NA	NA	NA	NA
JAJIVP010000012.1_89	101545	101892	348	-1	0.647	11	AGGA	NA	NA	NA	0	0	0	1	NA	NA	NA	NA	NA
JAJIVP010000012.1_90	101903	102562	660	-1	0.670	11	None	NA	NA	NA	0	0	0	1	NA	NA	NA	NA	NA
JAJIVP010000012.1_91	102874	105438	2565	1	0.686	11	None	GENOMAD.169137.CP	6.223e-108	374	0	0	0	1	NA	NA	NA	PF09924;PF16995;COG2898;TIGR03019	Lysylphosphatidylglycerol synthetase, C-terminal domain, DUF2156 family
JAJIVP010000012.1_92	105731	107104	1374	-1	0.677	11	None	GENOMAD.196178.PC	1.329e-53	199	0	1	0	1	NA	NA	NA	PF06057;COG3946;TIGR03100;K05714	Type IV secretory pathway, VirJ component
JAJIVP010000012.1_93	107174	107368	195	-1	0.723	11	None	GENOMAD.033386.CC	1.812e-20	85	0	0	0	1	NA	NA	NA	PF09791	Oxidoreductase-like protein, N-terminal
JAJIVP010000012.1_94	107429	108034	606	-1	0.685	11	None	NA	NA	NA	0	0	0	1	NA	NA	NA	NA	NA
JAJIVP010000012.1_95	108070	108672	603	-1	0.643	11	None	GENOMAD.014488.CC	2.921e-23	100	0	0	0	1	NA	NA	NA	PF10469;K01975;COG1514;TIGR02258	AKAP7 2'5' RNA ligase-like domain
JAJIVP010000012.1_96	108944	109399	456	-1	0.636	11	AGGAG	GENOMAD.160397.CP	1.469e-09	58	0	0	0	1	NA	NA	NA	PF09537;TIGR02284;COG3685;K03594	conserved hypothetical protein
JAJIVP010000012.1_97	109619	109789	171	-1	0.614	11	GGA/GAG/AGG	GENOMAD.023882.VV	3.472e-25	98	0	0	0	1246	Caudoviricetes	NA	NA	NA	NA
JAJIVP010000012.1_98	109952	111163	1212	-1	0.659	11	GGAG/GAGG	GENOMAD.151741.CP	4.888e-05	48	0	0	0	1	NA	NA	NF033135	PF00083;COG2814;TIGR00903;K18567	Predicted arabinose efflux permease, MFS family
JAJIVP010000012.1_99	111407	112501	1095	1	0.669	11	None	NA	NA	NA	0	0	0	1	NA	NA	NA	NA	NA
JAJIVP010000012.1_100	113049	113384	336	-1	0.619	11	AGGA	NA	NA	NA	0	0	0	1	NA	NA	NA	NA	NA
JAJIVP010000012.1_101	113613	114548	936	1	0.640	11	GGA/GAG/AGG	NA	NA	NA	0	0	0	1	NA	NA	NA	NA	NA
JAJIVP010000012.1_102	114891	115211	321	1	0.667	11	GGAGG	NA	NA	NA	0	0	0	1	NA	NA	NA	NA	NA
JAJIVP010000012.1_103	115151	115357	207	1	0.700	11	None	GENOMAD.140999.CV	8.89e-08	49	0	0	0	1	NA	NA	NA	NA	NA
JAJIVP010000012.1_104	115510	116886	1377	1	0.669	11	None	NA	NA	NA	0	0	0	1	NA	NA	NA	NA	NA
JAJIVP010000012.1_105	117076	117261	186	1	0.656	11	AGGAGG	NA	NA	NA	0	0	0	1	NA	NA	NA	NA	NA
JAJIVP010000012.1_106	117657	118280	624	1	0.615	11	None	GENOMAD.168344.CP	0.0001041	45	0	0	0	1	NA	NA	NA	PF00924;COG0668	Small-conductance mechanosensitive channel
JAJIVP010000012.1_107	118464	118730	267	-1	0.659	11	GGAG/GAGG	GENOMAD.215298.VP	0.000295	40	0	0	0	1	NA	NA	NA	PF01258;COG4068	Prokaryotic dksA/traR C4-type zinc finger
JAJIVP010000012.1_108	118903	119157	255	1	0.612	11	AGGA	GENOMAD.197160.PC	4.515e-28	108	0	0	0	1	NA	NA	NA	PF10982	NA
JAJIVP010000012.1_109	119316	119489	174	-1	0.580	11	AGGAG	NA	NA	NA	0	0	0	1	NA	NA	NA	NA	NA
JAJIVP010000012.1_110	119897	120397	501	1	0.631	11	None	GENOMAD.127426.CP	1.324e-54	189	0	0	0	1	NA	NA	NA	K07043	NA
JAJIVP010000012.1_111	120594	121850	1257	1	0.707	11	AGGA	NA	NA	NA	0	0	0	1	NA	NA	NA	NA	NA
JAJIVP010000012.1_112	122007	123107	1101	1	0.634	11	GGAG/GAGG	NA	NA	NA	0	0	0	1	NA	NA	NA	NA	NA
JAJIVP010000012.1_113	123206	126040	2835	-1	0.667	11	GGAG/GAGG	NA	NA	NA	0	0	0	1	NA	NA	NA	NA	NA
JAJIVP010000012.1_114	126194	127369	1176	1	0.651	11	None	NA	NA	NA	0	0	0	1	NA	NA	NA	NA	NA
JAJIVP010000012.1_115	128062	128388	327	1	0.694	11	AGGA	NA	NA	NA	0	0	0	1	NA	NA	NA	NA	NA
JAJIVP010000012.1_116	128496	130205	1710	1	0.664	11	None	NA	NA	NA	0	0	0	1	NA	NA	NA	NA	NA
JAJIVP010000012.1_117	130439	130996	558	1	0.679	11	GGAG/GAGG	NA	NA	NA	0	0	0	1	NA	NA	NA	NA	NA
JAJIVP010000012.1_118	130993	131358	366	1	0.708	11	None	NA	NA	NA	0	0	0	1	NA	NA	NA	NA	NA
JAJIVP010000012.1_119	131738	132760	1023	1	0.665	11	GGA/GAG/AGG	GENOMAD.151488.CP	1.542e-90	302	0	0	0	1	NA	NA	NA	PF12706;PF07521;K07577;TIGR04122;COG1236	putative exonuclease, DNA ligase-associated
JAJIVP010000012.1_120	132987	134591	1605	1	0.668	11	GGA/GAG/AGG	GENOMAD.038680.VV	0.0001512	47	0	0	0	13293	Aobingvirus yangshanense	NA	NA	PF04679;PF11272;TIGR02776	DNA ligase D
JAJIVP010000012.1_121	134588	137089	2502	1	0.677	11	GGA/GAG/AGG	GENOMAD.133515.CP	6.164e-51	199	0	0	0	1	NA	NA	NA	PF19306	Helicase Lhr winged helix domain
JAJIVP010000012.1_122	137079	137729	651	1	0.674	11	GGAG/GAGG	GENOMAD.130152.CP	1.974e-25	107	0	0	0	1	NA	NA	NA	PF00149;K06953;TIGR04123;COG1407	metallophosphoesterase, DNA ligase-associated
JAJIVP010000012.1_123	137748	137912	165	-1	0.709	11	None	NA	NA	NA	0	0	0	1	NA	NA	NA	NA	NA
JAJIVP010000012.1_124	137975	139018	1044	-1	0.668	11	AGxAGG/AGGxGG	NA	NA	NA	0	0	0	1	NA	NA	NA	NA	NA
JAJIVP010000012.1_125	139113	139319	207	-1	0.614	11	GGA/GAG/AGG	NA	NA	NA	0	0	0	1	NA	NA	NA	NA	NA
JAJIVP010000012.1_126	139407	140159	753	-1	0.648	11	GGAG/GAGG	NA	NA	NA	0	0	0	1	NA	NA	NA	NA	NA
JAJIVP010000012.1_127	140247	140801	555	-1	0.665	11	GGA/GAG/AGG	NA	NA	NA	0	0	0	1	NA	NA	NA	NA	NA
JAJIVP010000012.1_128	140801	141805	1005	-1	0.692	11	GGAG/GAGG	GENOMAD.125846.CP	1.772e-35	141	0	0	0	1	NA	NA	NA	PF00933;K01207;COG1472	Periplasmic beta-glucosidase and related glycosidases
JAJIVP010000012.1_129	141921	143555	1635	-1	0.652	11	GGA/GAG/AGG	NA	NA	NA	0	0	0	1	NA	NA	NA	NA	NA
JAJIVP010000012.1_130	143679	144674	996	-1	0.681	11	None	GENOMAD.148271.CP	7.849e-11	66	0	0	0	1	NA	NA	NA	PF13454;K18208;COG3380;TIGR00031	Predicted NAD/FAD-dependent oxidoreductase
JAJIVP010000012.1_131	144691	145374	684	-1	0.675	11	None	GENOMAD.153561.CP	1.556e-06	51	0	0	0	1	NA	NA	NA	PF13743;COG2761;K07396	Predicted dithiol-disulfide isomerase, DsbA family
JAJIVP010000012.1_132	145600	146097	498	-1	0.596	11	None	NA	NA	NA	0	0	0	1	NA	NA	NA	NA	NA
JAJIVP010000012.1_133	146177	147511	1335	-1	0.658	11	None	NA	NA	NA	0	0	0	1	NA	NA	NA	NA	NA
JAJIVP010000012.1_134	147670	148392	723	1	0.678	11	AGGAGG	NA	NA	NA	0	0	0	1	NA	NA	NA	NA	NA
JAJIVP010000012.1_135	148793	149515	723	-1	0.686	11	GGA/GAG/AGG	GENOMAD.001567.CC	1.447e-30	123	1	0	0	1	NA	NA	NA	PF11967;PF02565;TIGR00613;COG1381;K03584	DNA repair protein RecO
JAJIVP010000012.1_136	149653	150429	777	-1	0.573	11	AGGAG	NA	NA	NA	0	0	0	1	NA	NA	NA	NA	NA
JAJIVP010000012.1_137	150456	151358	903	-1	0.671	11	GGA/GAG/AGG	NA	NA	NA	0	0	0	1	NA	NA	NA	NA	NA
JAJIVP010000012.1_138	151355	152035	681	-1	0.656	11	None	NA	NA	NA	0	0	0	1	NA	NA	NA	NA	NA
JAJIVP010000012.1_139	152025	152402	378	-1	0.526	11	GGA/GAG/AGG	GENOMAD.003954.CC	1.69e-65	218	0	0	0	1	NA	NA	NA	PF16137;COG4970;TIGR01708;K10924	Tfp pilus assembly protein FimT
JAJIVP010000012.1_140	152433	153233	801	-1	0.617	11	AGGA	NA	NA	NA	0	0	0	1	NA	NA	NA	NA	NA
JAJIVP010000012.1_141	153339	155129	1791	-1	0.623	11	None	NA	NA	NA	0	0	0	1	NA	NA	NA	NA	NA
JAJIVP010000012.1_142	155319	156896	1578	-1	0.683	11	GGAGG	NA	NA	NA	0	0	0	1	NA	NA	NA	NA	NA
JAJIVP010000012.1_143	157006	157902	897	-1	0.717	11	GGA/GAG/AGG	GENOMAD.006189.CC	3.681e-124	397	0	0	0	1	NA	NA	NA	K03597;COG3073	Negative regulator of sigma E activity
JAJIVP010000012.1_144	157899	158519	621	-1	0.630	11	AGGAG/GGAGG	NA	NA	NA	0	0	0	1	NA	NA	NA	NA	NA
JAJIVP010000012.1_145	158756	160837	2082	1	0.681	11	GGA/GAG/AGG	NA	NA	NA	0	0	0	1	NA	NA	NA	NA	NA
JAJIVP010000012.1_146	161053	162018	966	-1	0.657	11	AGxAG	NA	NA	NA	0	0	0	1	NA	NA	NA	NA	NA
JAJIVP010000012.1_147	162232	163119	888	-1	0.672	11	GGA/GAG/AGG	NA	NA	NA	0	0	0	1	NA	NA	NA	NA	NA
JAJIVP010000012.1_148	163285	164466	1182	-1	0.658	11	GGAG/GAGG	NA	NA	NA	0	0	0	1	NA	NA	NA	NA	NA
JAJIVP010000012.1_149	164466	165263	798	-1	0.672	11	AGGAG	NA	NA	NA	0	0	0	1	NA	NA	NA	NA	NA
JAJIVP010000012.1_150	165260	166441	1182	-1	0.651	11	None	NA	NA	NA	0	0	0	1	NA	NA	NA	NA	NA
JAJIVP010000012.1_151	166452	167957	1506	-1	0.651	11	GGA/GAG/AGG	NA	NA	NA	0	0	0	1	NA	NA	NA	NA	NA
JAJIVP010000012.1_152	168096	169481	1386	1	0.687	11	None	GENOMAD.179217.PC	1.214e-60	220	0	0	0	1	NA	NA	NA	PF09856	Short-chain fatty acyl coenzyme A regulators
JAJIVP010000012.1_153	169997	170380	384	1	0.682	11	GGAGG	NA	NA	NA	0	0	0	1	NA	NA	NA	NA	NA
JAJIVP010000013.1_1	28	498	471	-1	0.658	11	GGAGG	GENOMAD.151097.CP	1.429e-12	67	0	0	0	1	NA	NA	NA	PF04314;COG2847;K11081	Copper chaperone PCu(A)C
JAJIVP010000013.1_2	522	1292	771	1	0.687	11	AGGAG	NA	NA	NA	0	0	0	1	NA	NA	NA	NA	NA
JAJIVP010000013.1_3	1362	2033	672	1	0.635	11	GGA/GAG/AGG	NA	NA	NA	0	0	0	1	NA	NA	NA	NA	NA
JAJIVP010000013.1_4	2049	2267	219	1	0.676	11	None	NA	NA	NA	0	0	0	1	NA	NA	NA	NA	NA
JAJIVP010000013.1_5	2501	3013	513	1	0.661	11	None	NA	NA	NA	0	0	0	1	NA	NA	NA	NA	NA
JAJIVP010000013.1_6	3123	4316	1194	1	0.679	11	GGA/GAG/AGG	NA	NA	NA	0	0	0	1	NA	NA	NA	NA	NA
JAJIVP010000013.1_7	4576	5061	486	1	0.562	11	GGAG/GAGG	NA	NA	NA	0	0	0	1	NA	NA	NA	NA	NA
JAJIVP010000013.1_8	5228	5818	591	-1	0.675	11	AGGAG	GENOMAD.177995.CP	2.039e-06	50	0	0	0	1	NA	NA	NA	PF08976;PF13405;COG5126;K13974	Ca2+-binding protein, EF-hand superfamily
JAJIVP010000013.1_9	5859	6773	915	1	0.674	11	None	GENOMAD.001078.CC	2.712e-65	227	0	0	0	1	NA	NA	NA	PF04377;PF04376;K21420;COG2935	Arginyl-tRNA--protein-N-Asp/Glu arginylyltransferase
JAJIVP010000013.1_10	6826	8058	1233	1	0.677	11	GGA/GAG/AGG	GENOMAD.191812.CP	1.668e-82	282	0	0	0	1	NA	NA	NA	PF03372;K18353;TIGR03395;COG5239	sphingomyelin phosphodiesterase
JAJIVP010000013.1_11	8314	8928	615	1	0.501	11	GGA/GAG/AGG	NA	NA	NA	0	0	0	1	NA	NA	NA	NA	NA
JAJIVP010000013.1_12	8945	10009	1065	1	0.545	11	GGA/GAG/AGG	NA	NA	NA	0	0	0	1	NA	NA	NA	NA	NA
JAJIVP010000013.1_13	10140	11342	1203	-1	0.672	11	GGA/GAG/AGG	NA	NA	NA	0	0	0	1	NA	NA	NA	NA	NA
JAJIVP010000013.1_14	11467	12336	870	1	0.631	11	AGGA	NA	NA	NA	0	0	0	1	NA	NA	NA	NA	NA
JAJIVP010000013.1_15	12493	12777	285	1	0.653	11	GGA/GAG/AGG	NA	NA	NA	0	0	0	1	NA	NA	NA	NA	NA
JAJIVP010000013.1_16	12774	12956	183	1	0.574	11	GGA/GAG/AGG	NA	NA	NA	0	0	0	1	NA	NA	NA	NA	NA
JAJIVP010000013.1_17	13083	13880	798	1	0.653	11	None	NA	NA	NA	0	0	0	1	NA	NA	NA	NA	NA
JAJIVP010000013.1_18	13956	14630	675	-1	0.679	11	GGAG/GAGG	NA	NA	NA	0	0	0	1	NA	NA	NA	NA	NA
JAJIVP010000013.1_19	14633	15004	372	-1	0.694	11	GGA/GAG/AGG	GENOMAD.091113.CP	5.544e-52	179	0	0	0	1	NA	NA	NA	PF04241;COG2363	Uncharacterized membrane protein YgdD, TMEM256/DUF423 family
JAJIVP010000013.1_20	15101	16282	1182	-1	0.613	11	GGAG/GAGG	GENOMAD.004307.CC	4.333e-187	584	0	0	0	1	NA	NA	NA	PF20603;PF03364;COG4276	Bacterial hydrolase; Polyketide cyclase / dehydrase and lipid transport
JAJIVP010000013.1_21	16633	17274	642	-1	0.643	11	AGGAG	NA	NA	NA	0	0	0	1	NA	NA	NA	NA	NA
JAJIVP010000013.1_22	17274	18470	1197	-1	0.676	11	None	GENOMAD.151958.CP	2.355e-05	49	0	0	0	1	NA	NA	NA	PF07730;K11623;COG3920	Two-component sensor histidine kinase, HisKA and HATPase domains
JAJIVP010000013.1_23	18707	19306	600	1	0.640	11	GGAG/GAGG	GENOMAD.183713.CV	3.199e-21	94	0	0	0	1	NA	NA	NA	PF12568;K06977;COG3818;TIGR04431	Predicted acetyltransferase, GNAT superfamily
JAJIVP010000013.1_24	19310	20056	747	1	0.685	11	GGAG/GAGG	GENOMAD.140610.CP	2.856e-36	140	0	0	0	1	NA	NA	NA	K03610;COG0850	Septum formation inhibitor MinC
JAJIVP010000013.1_25	20092	20901	810	1	0.638	11	GGAG/GAGG	NA	NA	NA	0	0	0	1	NA	NA	NA	NA	NA
JAJIVP010000013.1_26	20904	21161	258	1	0.593	11	GGAGG	GENOMAD.147428.CP	2.103e-06	46	0	0	0	1	NA	NA	NA	K03608;COG0851	Septum formation topological specificity factor MinE
JAJIVP010000013.1_27	21230	21721	492	1	0.673	11	GGA/GAG/AGG	GENOMAD.020187.CC	1.173e-79	261	0	0	0	1	NA	NA	NA	PF06114	NA
JAJIVP010000013.1_28	21892	23208	1317	-1	0.668	11	GGA/GAG/AGG	NA	NA	NA	0	0	0	1	NA	NA	NA	NA	NA
JAJIVP010000013.1_29	23174	23890	717	-1	0.661	11	GGA/GAG/AGG	NA	NA	NA	0	0	0	1	NA	NA	NA	NA	NA
JAJIVP010000013.1_30	24113	25840	1728	1	0.688	11	GGA/GAG/AGG	GENOMAD.133902.CP	6.238e-115	384	0	0	0	1	NA	NA	NA	COG1807;K07264	4-amino-4-deoxy-L-arabinose transferase or related glycosyltransferase of PMT family
JAJIVP010000013.1_31	25940	26704	765	1	0.646	11	GGA/GAG/AGG	NA	NA	NA	0	0	0	1	NA	NA	NA	NA	NA
JAJIVP010000013.1_32	26701	28368	1668	1	0.629	11	GGA/GAG/AGG	NA	NA	NA	0	0	0	1	NA	NA	NA	NA	NA
JAJIVP010000013.1_33	28483	30501	2019	1	0.639	11	AGGA	GENOMAD.118842.CP	7.849e-90	314	0	0	0	1	NA	NA	NA	K01283;COG2317	Zn-dependent carboxypeptidase, M32 family
JAJIVP010000013.1_34	30985	31389	405	-1	0.694	11	AGGAG	NA	NA	NA	0	0	0	1	NA	NA	NA	NA	NA
JAJIVP010000013.1_35	31406	32629	1224	-1	0.676	11	None	NA	NA	NA	0	0	0	1	NA	NA	NA	NA	NA
JAJIVP010000013.1_36	32938	35094	2157	-1	0.661	11	None	NA	NA	NA	0	0	0	1	NA	NA	NA	NA	NA
JAJIVP010000013.1_37	35091	36329	1239	-1	0.703	11	GGxGG	GENOMAD.137385.CP	1.824e-26	116	0	0	0	1	NA	NA	NA	PF00529;K13408;TIGR01843;COG1566	type I secretion membrane fusion protein, HlyD family
JAJIVP010000013.1_38	36418	37293	876	-1	0.678	11	None	GENOMAD.061009.VV	3.556e-21	97	0	0	0	1246	Caudoviricetes	NA	NA	PF19798;K13472;COG4424	Sulfotransferase domain
JAJIVP010000013.1_39	37645	37824	180	1	0.656	11	GGAG/GAGG	NA	NA	NA	0	0	0	1	NA	NA	NA	NA	NA
JAJIVP010000013.1_40	38291	41155	2865	1	0.661	11	GGA/GAG/AGG	NA	NA	NA	0	0	0	1	NA	NA	NA	NA	NA
JAJIVP010000013.1_41	41334	42224	891	1	0.673	11	None	GENOMAD.178810.CP	1.775e-26	113	0	0	0	1	NA	NA	NA	PF19465;PF00135;K01753;TIGR02035;COG3048	D-serine ammonia-lyase
JAJIVP010000013.1_42	42261	42968	708	1	0.664	11	None	NA	NA	NA	0	0	0	1	NA	NA	NA	NA	NA
JAJIVP010000013.1_43	43026	43880	855	1	0.651	11	AGGA	NA	NA	NA	0	0	0	1	NA	NA	NA	NA	NA
JAJIVP010000013.1_44	44088	46196	2109	1	0.627	11	GGAG/GAGG	NA	NA	NA	0	0	0	1	NA	NA	NA	NA	NA
JAJIVP010000013.1_45	46919	47566	648	1	0.582	11	None	NA	NA	NA	0	0	0	1	NA	NA	NA	NA	NA
JAJIVP010000013.1_46	47563	48231	669	1	0.604	11	None	NA	NA	NA	0	0	0	1	NA	NA	NA	NA	NA
JAJIVP010000013.1_47	48228	48503	276	1	0.670	11	None	NA	NA	NA	0	0	0	1	NA	NA	NA	NA	NA
JAJIVP010000013.1_48	48555	48773	219	-1	0.639	11	None	NA	NA	NA	0	0	0	1	NA	NA	NA	NA	NA
JAJIVP010000013.1_49	48724	50481	1758	-1	0.615	11	GGA/GAG/AGG	GENOMAD.062130.PP	2.152e-227	711	0	0	0	1	NA	NA	NA	NA	NA
JAJIVP010000013.1_50	51376	52101	726	-1	0.609	11	None	NA	NA	NA	0	0	0	1	NA	NA	NA	NA	NA
JAJIVP010000013.1_51	52233	52691	459	-1	0.706	11	AGGA	NA	NA	NA	0	0	0	1	NA	NA	NA	NA	NA
JAJIVP010000013.1_52	52994	53401	408	1	0.637	11	GGAG/GAGG	NA	NA	NA	0	0	0	1	NA	NA	NA	NA	NA
JAJIVP010000013.1_53	53641	55761	2121	-1	0.650	11	GGAG/GAGG	GENOMAD.124220.CP	0.0004415	46	0	0	0	1	NA	NA	NA	PF00326;PF14583;K01278;COG1770;TIGR02821	Protease II
JAJIVP010000013.1_54	56051	56887	837	-1	0.651	11	GGA/GAG/AGG	GENOMAD.215399.PC	2.492e-25	109	0	0	0	1	NA	NA	NA	PF13557;COG4313	Putative MetA-pathway of phenol degradation
JAJIVP010000013.1_55	57594	59564	1971	-1	0.666	11	GGA/GAG/AGG	GENOMAD.091902.CP	7.565e-118	396	0	0	0	1246	Caudoviricetes	NA	NA	COG1297	Uncharacterized membrane protein, oligopeptide transporter (OPT) family
JAJIVP010000013.1_56	59995	60813	819	-1	0.662	11	GGAG/GAGG	GENOMAD.090871.CV	0.000419	44	0	0	0	1246	Caudoviricetes	NA	NA	PF12917;COG3294;TIGR00488;K06951	Metal-dependent phosphatase/phosphodiesterase, HD supefamily
JAJIVP010000013.1_57	61023	62981	1959	-1	0.631	11	GGAG/GAGG	GENOMAD.129013.CP	0.0001978	47	0	0	0	1	NA	NA	NA	PF00326;PF00930;K01278;COG1770;TIGR02821	Prolyl oligopeptidase family; Dipeptidyl peptidase IV (DPP IV) N-terminal region
JAJIVP010000013.1_58	63048	66296	3249	-1	0.648	11	GGA/GAG/AGG	GENOMAD.161283.VC	4.516e-15	83	0	0	0	1246	Caudoviricetes	NA	NA	PF17657;COG1387	Bacterial DNA polymerase III alpha subunit finger domain
JAJIVP010000013.1_59	66471	67889	1419	-1	0.694	11	GGAG/GAGG	GENOMAD.154735.PC	1.753e-58	214	0	0	0	1	NA	NA	NA	PF00817;K14161;COG0389	Nucleotidyltransferase/DNA polymerase involved in DNA repair
JAJIVP010000013.1_60	67899	68552	654	-1	0.696	11	GGA/GAG/AGG	GENOMAD.171994.PC	1.532e-11	66	0	0	0	1	NA	NA	NA	PF03846;K13053;TIGR00623;COG5404	cell division inhibitor SulA
JAJIVP010000013.1_61	68554	69159	606	-1	0.673	11	None	NA	NA	NA	0	0	0	1	NA	NA	NA	NA	NA
JAJIVP010000013.1_62	69309	69530	222	1	0.613	11	GGA/GAG/AGG	NA	NA	NA	0	0	0	1	NA	NA	NA	NA	NA
JAJIVP010000013.1_63	69539	69964	426	1	0.610	11	None	NA	NA	NA	0	0	0	1	NA	NA	NA	NA	NA
JAJIVP010000013.1_64	70072	70575	504	-1	0.627	11	GGA/GAG/AGG	NA	NA	NA	0	0	0	1	NA	NA	NA	NA	NA
JAJIVP010000013.1_65	70738	71082	345	-1	0.620	11	GGAGG	GENOMAD.178606.CP	0.0003218	41	0	0	0	1	NA	NA	NA	PF11699;TIGR04366;COG0662;K14673	Mif2/CENP-C like
JAJIVP010000013.1_66	71145	71738	594	-1	0.641	11	GGA/GAG/AGG	NA	NA	NA	0	0	0	1	NA	NA	NA	NA	NA
JAJIVP010000013.1_67	71735	73054	1320	-1	0.667	11	GGAG/GAGG	GENOMAD.158964.CP	9.083e-117	383	0	0	0	1	NA	NA	NA	PF05559;K09003;COG1415	NA
JAJIVP010000013.1_68	73350	73928	579	1	0.658	11	None	NA	NA	NA	0	0	0	1	NA	NA	NA	NA	NA
JAJIVP010000013.1_69	73925	74989	1065	1	0.657	11	GGA/GAG/AGG	GENOMAD.138352.CP	6.547e-34	137	0	0	0	1	NA	NA	NA	PF00941;PF03450;K11178;TIGR03195;COG1319	4-hydroxybenzoyl-CoA reductase, beta subunit
JAJIVP010000013.1_70	74986	77283	2298	1	0.653	11	GGAGG	NA	NA	NA	0	0	0	1	NA	NA	NA	NA	NA
JAJIVP010000013.1_71	77703	80231	2529	-1	0.661	11	None	NA	NA	NA	0	0	0	1	NA	NA	NA	NA	NA
JAJIVP010000013.1_72	80466	81104	639	-1	0.654	11	GGA/GAG/AGG	NA	NA	NA	0	0	0	1	NA	NA	NA	NA	NA
JAJIVP010000013.1_73	81253	81999	747	1	0.648	11	None	NA	NA	NA	0	0	0	1	NA	NA	NA	NA	NA
JAJIVP010000013.1_74	82203	82508	306	-1	0.670	11	AGGAG/GGAGG	NA	NA	NA	0	0	0	1	NA	NA	NA	NA	NA
JAJIVP010000013.1_75	82505	84214	1710	-1	0.684	11	None	NA	NA	NA	0	0	0	1	NA	NA	NA	NA	NA
JAJIVP010000013.1_76	84564	85193	630	-1	0.681	11	None	NA	NA	NA	0	0	0	1	NA	NA	NA	NA	NA
JAJIVP010000013.1_77	85355	86335	981	1	0.654	11	GGAG/GAGG	NA	NA	NA	0	0	0	1	NA	NA	NA	NA	NA
JAJIVP010000013.1_78	86753	89056	2304	1	0.650	11	GGAG/GAGG	GENOMAD.140646.CP	3.252e-170	554	0	0	0	1246	Caudoviricetes	NA	NA	PF07971;PF17678;TIGR01180;COG3537;K03931	alpha-1,2-mannosidase, putative
JAJIVP010000013.1_79	89535	90437	903	1	0.619	11	AGGAG	NA	NA	NA	0	0	0	1	NA	NA	NA	NA	NA
JAJIVP010000014.1_1	304	1242	939	-1	0.637	11	None	NA	NA	NA	0	0	0	1	NA	NA	NA	NA	NA
JAJIVP010000014.1_2	1365	2714	1350	-1	0.671	11	None	NA	NA	NA	0	0	0	1	NA	NA	NA	NA	NA
JAJIVP010000014.1_3	2711	3616	906	-1	0.660	11	GGA/GAG/AGG	GENOMAD.121654.CP	6.224e-63	220	0	0	0	1246	Caudoviricetes	NA	NA	PF01343;K01258;COG1024;TIGR03210	Peptidase family S49
JAJIVP010000014.1_4	3886	4692	807	-1	0.699	11	GGA/GAG/AGG	GENOMAD.116415.CP	4.63e-39	149	0	0	0	1	NA	NA	NA	PF00290;K01695;TIGR00262;COG0159	tryptophan synthase, alpha subunit
JAJIVP010000014.1_5	4736	4879	144	-1	0.653	11	None	NA	NA	NA	0	0	0	1	NA	NA	NA	NA	NA
JAJIVP010000015.1_1	3	155	153	1	0.556	11	None	NA	NA	NA	0	0	0	1	NA	NA	NA	NA	NA
JAJIVP010000015.1_2	241	1884	1644	-1	0.583	11	GGAGG	NA	NA	NA	0	0	0	1	NA	NA	NA	NA	NA
JAJIVP010000015.1_3	1881	2369	489	-1	0.575	11	AGGAG	NA	NA	NA	0	0	0	1	NA	NA	NA	NA	NA
JAJIVP010000015.1_4	2711	3409	699	1	0.617	11	GGA/GAG/AGG	GENOMAD.158969.CP	1.874e-08	57	0	0	0	1	NA	NA	NA	NA	NA
JAJIVP010000015.1_5	3507	6047	2541	-1	0.598	11	GGA/GAG/AGG	NA	NA	NA	0	0	0	1	NA	NA	NA	NA	NA
JAJIVP010000015.1_6	6058	7038	981	-1	0.569	11	GGAGG	NA	NA	NA	0	0	0	1	NA	NA	NA	NA	NA
JAJIVP010000015.1_7	7464	10151	2688	-1	0.653	11	GGAG/GAGG	GENOMAD.147788.CP	1.387e-123	422	0	0	0	1	NA	NA	NA	PF09363;COG3958	XFP C-terminal domain
JAJIVP010000015.1_8	10580	11689	1110	-1	0.639	11	GGAG/GAGG	NA	NA	NA	0	0	0	1	NA	NA	NA	NA	NA
JAJIVP010000015.1_9	12100	13422	1323	-1	0.641	11	AGGA	NA	NA	NA	0	0	0	1	NA	NA	NA	NA	NA
JAJIVP010000015.1_10	13419	14087	669	-1	0.620	11	GGAGG	NA	NA	NA	0	0	0	1	NA	NA	NA	NA	NA
JAJIVP010000015.1_11	14291	16264	1974	1	0.683	11	None	GENOMAD.113449.CP	9.506e-32	136	0	0	0	1	NA	NA	NA	COG2208	Serine phosphatase RsbU, regulator of sigma subunit
JAJIVP010000015.1_12	16261	16692	432	1	0.674	11	GGA/GAG/AGG	GENOMAD.133547.CP	1.233e-77	254	0	0	0	1	NA	NA	NA	PF13581;TIGR01924;COG2172;K06379	serine-protein kinase RsbW
JAJIVP010000015.1_13	16689	17108	420	1	0.645	11	GGAG/GAGG	GENOMAD.129482.CP	5.866e-06	47	0	0	0	1246	Caudoviricetes	NA	NA	PF13466;K04749;COG3113;TIGR00377	ABC-type transporter Mla maintaining outer membrane lipid asymmetry, MlaB component, contains STAS domain
JAJIVP010000015.1_14	17330	17953	624	1	0.660	11	None	NA	NA	NA	0	0	0	1	NA	NA	NA	NA	NA
JAJIVP010000015.1_15	18103	18822	720	-1	0.667	11	None	GENOMAD.148067.PC	4.562e-22	98	0	0	0	1	NA	NA	NA	PF07840;K22293;TIGR03338;COG1802	phosphonate utilization associated transcriptional regulator
JAJIVP010000015.1_16	18901	20256	1356	-1	0.661	11	GGAGG	GENOMAD.196632.PC	1.444e-82	284	0	0	0	1	NA	NA	NA	PF00939;TIGR00785;COG4664	anion transporter
JAJIVP010000015.1_17	20344	21264	921	-1	0.692	11	GGA/GAG/AGG	NA	NA	NA	0	0	0	1	NA	NA	NA	NA	NA
JAJIVP010000015.1_18	21261	21494	234	-1	0.641	11	AGGAG	NA	NA	NA	0	0	0	1	NA	NA	NA	NA	NA
JAJIVP010000015.1_19	21491	22360	870	-1	0.677	11	GGAG/GAGG	GENOMAD.181951.CP	1.332e-45	169	0	0	0	1	NA	NA	NA	PF01874;COG1767;TIGR03132;K05966	Triphosphoribosyl-dephospho-CoA synthetase
JAJIVP010000015.1_20	22357	22998	642	-1	0.685	11	GGAG/GAGG	NA	NA	NA	0	0	0	1	NA	NA	NA	NA	NA
JAJIVP010000015.1_21	23001	23705	705	-1	0.678	11	GGAG/GAGG	GENOMAD.209966.CP	2.493e-52	186	0	0	0	1	NA	NA	NA	PF06833;K13933;TIGR03134;COG0777	biotin-independent malonate decarboxylase, gamma subunit
JAJIVP010000015.1_22	23696	24613	918	-1	0.666	11	GGAG/GAGG	GENOMAD.129449.CP	3.68e-50	183	0	0	0	1	NA	NA	NA	PF01039;K13932;TIGR01117;COG4799	methylmalonyl-CoA decarboxylase alpha subunit
JAJIVP010000015.1_23	24720	25037	318	-1	0.651	11	GGA/GAG/AGG	GENOMAD.209355.CP	1.437e-41	148	0	0	0	1	NA	NA	NA	PF06857;K13931;TIGR03130;COG3052	malonate decarboxylase acyl carrier protein
JAJIVP010000015.1_24	25047	26693	1647	-1	0.650	11	GGAG/GAGG	GENOMAD.209570.CP	3.378e-312	954	0	0	0	1	NA	NA	NA	PF16957;K13929;TIGR01110;COG4670	Malonate decarboxylase, alpha subunit, transporter
JAJIVP010000015.1_25	26880	27416	537	1	0.672	11	None	GENOMAD.151275.CP	1.134e-14	74	0	0	0	1	NA	NA	NA	PF14557;COG3811;TIGR02719;K10917	Uncharacterized protein YjhX, UPF0386/DUF2084 family
JAJIVP010000015.1_26	27727	28512	786	1	0.659	11	AGGA	GENOMAD.169894.PC	8.843e-49	177	0	0	0	1	NA	NA	NA	PF04954;PF08021;K07229;COG2375;TIGR02160	NADPH-dependent ferric siderophore reductase, contains FAD-binding and SIP domains
JAJIVP010000015.1_27	28612	29079	468	1	0.588	11	GGA/GAG/AGG	NA	NA	NA	0	0	0	1	NA	NA	NA	NA	NA
JAJIVP010000015.1_28	29148	30419	1272	-1	0.702	11	GGAG/GAGG	GENOMAD.176778.PC	3.083e-44	170	0	0	0	1	NA	NA	NA	PF00328;K01093	Histidine phosphatase superfamily (branch 2)
JAJIVP010000015.1_29	30971	31714	744	-1	0.673	11	GGAG/GAGG	GENOMAD.138165.CP	1.336e-13	73	0	0	0	1	NA	NA	NA	PF04264;COG2353	Polyisoprenoid-binding periplasmic protein YceI
JAJIVP010000015.1_30	31946	32536	591	-1	0.668	11	GGAG/GAGG	GENOMAD.134225.CP	1.665e-57	199	0	0	0	1	NA	NA	NA	PF00881;K09019;TIGR03553;COG3560	F420 biosynthesis protein FbiB, C-terminal domain
JAJIVP010000015.1_31	32671	33618	948	1	0.725	11	GGA/GAG/AGG	GENOMAD.001519.CC	3.325e-44	166	0	0	0	1	NA	NA	NA	PF06258;K07276;COG3660;TIGR00215	Mitochondrial fission ELM1
JAJIVP010000015.1_32	33661	34530	870	1	0.636	11	AGGA	GENOMAD.037271.CC	6.196e-06	50	0	0	0	1	NA	NA	NA	COG4727	NA
JAJIVP010000015.1_33	34527	35036	510	1	0.655	11	GGAG/GAGG	NA	NA	NA	0	0	0	1	NA	NA	NA	NA	NA
JAJIVP010000015.1_34	35145	37019	1875	-1	0.673	11	GGAG/GAGG	NA	NA	NA	0	0	0	1	NA	NA	NA	NA	NA
JAJIVP010000015.1_35	37131	37859	729	1	0.701	11	AGGA	NA	NA	NA	0	0	0	1	NA	NA	NA	NA	NA
JAJIVP010000015.1_36	37886	38089	204	1	0.618	11	None	NA	NA	NA	0	0	0	1	NA	NA	NA	NA	NA
JAJIVP010000015.1_37	38252	40093	1842	-1	0.555	11	GGAG/GAGG	GENOMAD.072096.PP	4.376e-279	862	0	0	0	1	NA	NA	NA	K23866	NA
JAJIVP010000015.1_38	40793	41170	378	1	0.688	11	GGA/GAG/AGG	GENOMAD.161288.VC	9.183e-05	43	0	0	1	1246	Caudoviricetes	NA	NA	PF02592;PF20307;K18947;TIGR00697;COG1738	Putative vitamin uptake transporter; Divergent DnaB-like ATPase
JAJIVP010000015.1_39	41274	44183	2910	-1	0.686	11	AGxAGG/AGGxGG	GENOMAD.121418.CV	1.983e-110	385	0	0	0	1	NA	NA	NA	PF03710;PF08335;PF03445;K00982;COG1391;TIGR01693	Glutamine synthetase adenylyltransferase
JAJIVP010000015.1_40	44262	44780	519	1	0.672	11	GGAG/GAGG	GENOMAD.211271.PC	2.315e-93	301	0	0	0	1	NA	NA	NA	NA	NA
JAJIVP010000015.1_41	44780	45700	921	1	0.709	11	None	NA	NA	NA	0	0	0	1	NA	NA	NA	NA	NA
JAJIVP010000015.1_42	46122	48572	2451	-1	0.671	11	AGGAG	NA	NA	NA	0	0	0	1	NA	NA	NA	NA	NA
JAJIVP010000015.1_43	48666	50843	2178	-1	0.671	11	None	NA	NA	NA	0	0	0	1	NA	NA	NA	NA	NA
JAJIVP010000016.1_1	3	155	153	1	0.556	11	None	NA	NA	NA	0	0	0	1	NA	NA	NA	NA	NA
JAJIVP010000016.1_2	226	660	435	-1	0.623	11	None	NA	NA	NA	0	0	0	1	NA	NA	NA	NA	NA
JAJIVP010000016.1_3	1175	1471	297	-1	0.481	11	AGGA	NA	NA	NA	0	0	0	1	NA	NA	NA	NA	NA
JAJIVP010000016.1_4	1489	2841	1353	-1	0.508	11	None	NA	NA	NA	0	0	0	1	NA	NA	NA	NA	NA
JAJIVP010000016.1_5	3496	3738	243	-1	0.634	11	GGxGG	NA	NA	NA	0	0	0	1	NA	NA	NA	NA	NA
JAJIVP010000016.1_6	5408	6985	1578	-1	0.650	11	AGGA	GENOMAD.018752.CC	2.222e-23	108	0	0	0	1	NA	NA	NA	NA	NA
JAJIVP010000016.1_7	7324	8214	891	1	0.670	11	None	NA	NA	NA	0	0	0	1	NA	NA	NA	NA	NA
JAJIVP010000016.1_8	8245	8514	270	-1	0.541	11	GGA/GAG/AGG	NA	NA	NA	0	0	0	1	NA	NA	NA	NA	NA
JAJIVP010000016.1_9	8602	8913	312	1	0.641	11	GGAG/GAGG	NA	NA	NA	0	0	0	1	NA	NA	NA	NA	NA
JAJIVP010000016.1_10	8942	9397	456	-1	0.682	11	AGGAG	NA	NA	NA	0	0	0	1	NA	NA	NA	NA	NA
JAJIVP010000016.1_11	9694	10092	399	1	0.652	11	GGA/GAG/AGG	NA	NA	NA	0	0	0	1	NA	NA	NA	NA	NA
JAJIVP010000016.1_12	10196	11815	1620	-1	0.672	11	AGGA	GENOMAD.168505.CP	8.988e-64	232	0	0	0	1	NA	NA	NA	K03930	NA
JAJIVP010000016.1_13	12510	13442	933	-1	0.553	11	AGGAG	NA	NA	NA	0	0	0	1	NA	NA	NA	NA	NA
JAJIVP010000016.1_14	13459	13752	294	-1	0.476	11	AGGAG	NA	NA	NA	0	0	0	1	NA	NA	NA	NA	NA
JAJIVP010000016.1_15	14524	15084	561	1	0.611	11	AGGAG	NA	NA	NA	0	0	0	1	NA	NA	NA	NA	NA
JAJIVP010000016.1_16	15289	16368	1080	-1	0.696	11	None	NA	NA	NA	0	0	0	1	NA	NA	NA	NA	NA
JAJIVP010000016.1_17	16355	16561	207	-1	0.652	11	None	NA	NA	NA	0	0	0	1	NA	NA	NA	NA	NA
JAJIVP010000016.1_18	16833	17360	528	1	0.710	11	AGGA	NA	NA	NA	0	0	0	1	NA	NA	NA	NA	NA
JAJIVP010000016.1_19	17386	18651	1266	-1	0.649	11	GGAG/GAGG	GENOMAD.196313.CP	5.135e-09	61	0	0	0	1	NA	NA	NA	PF17941;PF13091;TIGR04265;COG1502;K06132	cardiolipin synthase
JAJIVP010000016.1_20	18848	20695	1848	-1	0.556	11	AGGA	NA	NA	NA	0	0	0	1	NA	NA	NA	NA	NA
JAJIVP010000016.1_21	21318	21869	552	1	0.690	11	None	GENOMAD.140606.CP	9.824e-40	147	0	0	0	1	NA	NA	NA	PF08922;PF13376	Bacteriocin-protection, YdeI or OmpD-Associated
JAJIVP010000016.1_22	21983	23344	1362	1	0.626	11	GGAG/GAGG	NA	NA	NA	0	0	0	1	NA	NA	NA	NA	NA
JAJIVP010000016.1_23	23620	25932	2313	-1	0.679	11	None	GENOMAD.180354.PC	9.075e-93	326	0	0	0	1	NA	NA	NA	COG1289;K03468	Uncharacterized membrane protein YccC
JAJIVP010000016.1_24	25929	27389	1461	-1	0.708	11	AGxAGG/AGGxGG	NA	NA	NA	0	0	0	1	NA	NA	NA	NA	NA
JAJIVP010000016.1_25	27386	28309	924	-1	0.697	11	GGA/GAG/AGG	GENOMAD.138157.CP	9.79e-18	87	0	0	0	1	NA	NA	NA	PF13437;TIGR02828	HlyD family secretion protein
JAJIVP010000016.1_26	28306	28515	210	-1	0.605	11	AGGA	GENOMAD.206002.PC	2.043e-14	68	0	0	0	1	NA	NA	NA	PF07869;K21695	YtcA family
JAJIVP010000016.1_27	28613	29065	453	-1	0.682	11	None	GENOMAD.132398.CP	7.215e-08	53	0	0	0	1	NA	NA	NA	PF03965;K15973;TIGR04472;COG5631	mobile rSAM pair MarR family regulator
JAJIVP010000016.1_28	29196	29798	603	1	0.652	11	None	NA	NA	NA	0	0	0	1	NA	NA	NA	NA	NA
JAJIVP010000016.1_29	29818	31287	1470	1	0.663	11	None	GENOMAD.197616.CP	9.529e-85	292	0	0	0	1	NA	NA	NA	PF11855	NA
JAJIVP010000016.1_30	31274	31975	702	1	0.671	11	GGAG/GAGG	NA	NA	NA	0	0	0	1	NA	NA	NA	NA	NA
JAJIVP010000016.1_31	32249	36304	4056	1	0.665	11	GGA/GAG/AGG	GENOMAD.193847.CP	1.565e-170	577	0	0	0	1	NA	NA	NA	PF13175;COG4913;TIGR00634;K19171	Uncharacterized protein, contains a C-terminal ATPase domain
JAJIVP010000016.1_32	36353	37189	837	-1	0.652	11	GGAG/GAGG	NA	NA	NA	0	0	0	1	NA	NA	NA	NA	NA
JAJIVP010000016.1_33	37260	37646	387	1	0.718	11	None	NA	NA	NA	0	0	0	1	NA	NA	NA	NA	NA
JAJIVP010000016.1_34	37831	38037	207	1	0.705	11	GGA/GAG/AGG	NA	NA	NA	0	0	0	1	NA	NA	NA	NA	NA
JAJIVP010000016.1_35	38213	40375	2163	1	0.706	11	None	GENOMAD.102032.CP	4.722e-45	179	0	0	0	1	NA	NA	NA	PF01263;K01792;COG0676;TIGR02636	D-hexose-6-phosphate mutarotase
JAJIVP010000016.1_36	40658	41923	1266	1	0.684	11	None	GENOMAD.151083.CP	0.0001065	47	0	0	0	1	NA	NA	NF012174	PF06963;K08153;TIGR00897;COG2223	polyol permease family
JAJIVP010000016.1_37	42023	42616	594	1	0.704	11	GGA/GAG/AGG	GENOMAD.211378.PC	1.869e-15	77	0	0	0	1	NA	NA	NA	PF01126;K07215;COG3230	Heme oxygenase
JAJIVP010000016.1_38	42613	44517	1905	1	0.666	11	GGAG/GAGG	NA	NA	NA	0	0	0	1	NA	NA	NA	NA	NA
JAJIVP010000016.1_39	44592	45773	1182	-1	0.662	11	GGA/GAG/AGG	GENOMAD.171686.PC	8.639e-58	209	0	0	0	1	NA	NA	NA	COG3135	Predicted benzoate:H+ symporter BenE
JAJIVP010000017.1_1	267	491	225	-1	0.618	11	None	GENOMAD.212472.CP	2.066e-09	54	0	0	0	1	NA	NA	NA	PF04328;COG2879	Uncharacterized short protein YbdD, DUF466 family
JAJIVP010000017.1_2	491	2563	2073	-1	0.648	11	GGAG/GAGG	GENOMAD.133882.CP	8.01e-195	622	0	0	0	1	NA	NA	NA	COG1966	Carbon starvation protein CstA
JAJIVP010000017.1_3	2794	3651	858	1	0.653	11	GGA/GAG/AGG	GENOMAD.129411.CP	2.84e-27	115	0	0	0	1	NA	NA	NA	PF05726;PF02678;COG1741;K06911	Redox-sensitive bicupin YhaK, pirin superfamily
JAJIVP010000017.1_4	3683	4117	435	1	0.692	11	AGGAG	GENOMAD.142464.CP	2.258e-21	92	0	0	0	1	NA	NA	NA	PF02566;K07397;COG1765;TIGR03563	Uncharacterized OsmC-related protein
JAJIVP010000017.1_5	4523	4984	462	-1	0.660	11	GGA/GAG/AGG	NA	NA	NA	0	0	0	1	NA	NA	NA	NA	NA
JAJIVP010000017.1_6	5232	6122	891	-1	0.686	11	GGA/GAG/AGG	GENOMAD.129411.CP	1.518e-14	77	0	0	0	1	NA	NA	NA	PF05726;PF02678;COG1741;K06911	Redox-sensitive bicupin YhaK, pirin superfamily
JAJIVP010000017.1_7	6864	7241	378	1	0.603	11	GGAG/GAGG	NA	NA	NA	0	0	0	1	NA	NA	NA	NA	NA
JAJIVP010000017.1_8	7315	8028	714	-1	0.686	11	None	NA	NA	NA	0	0	0	1	NA	NA	NA	NA	NA
JAJIVP010000017.1_9	8131	8880	750	1	0.652	11	GGAG/GAGG	NA	NA	NA	0	0	0	1	NA	NA	NA	NA	NA
JAJIVP010000017.1_10	9054	9341	288	1	0.684	11	GGAG/GAGG	NA	NA	NA	0	0	0	1	NA	NA	NA	NA	NA
JAJIVP010000017.1_11	9624	11726	2103	1	0.633	11	GGAG/GAGG	GENOMAD.053052.VV	5.178e-23	108	0	0	0	1	NA	NA	NA	PF01431;K07386;COG3590	Predicted metalloendopeptidase
JAJIVP010000017.1_12	11963	13525	1563	1	0.649	11	GGA/GAG/AGG	NA	NA	NA	0	0	0	1	NA	NA	NA	NA	NA
JAJIVP010000017.1_13	13817	14944	1128	-1	0.668	11	None	GENOMAD.125879.CP	6.841e-20	95	0	0	0	1	NA	NA	NA	PF01339;K13924	CheB methylesterase
JAJIVP010000017.1_14	14941	15747	807	-1	0.636	11	None	GENOMAD.114440.CP	1.914e-25	109	0	0	0	1	NA	NA	NA	PF01739;PF12895;PF03705;K13486;COG1352;TIGR04345	Methylase of chemotaxis methyl-accepting proteins
JAJIVP010000017.1_15	15752	17035	1284	-1	0.676	11	AGGA	NA	NA	NA	0	0	0	1	NA	NA	NA	NA	NA
JAJIVP010000017.1_16	17062	17577	516	-1	0.645	11	AGGAG	GENOMAD.119444.CP	1.668e-17	82	0	0	0	1	NA	NA	NA	PF01584;COG0835;K13489	Chemotaxis signal transduction protein
JAJIVP010000017.1_17	17588	19741	2154	-1	0.655	11	AGGA	NA	NA	NA	0	0	0	1	NA	NA	NA	NA	NA
JAJIVP010000017.1_18	19807	21816	2010	-1	0.654	11	None	GENOMAD.116397.CP	2.528e-99	342	0	0	0	1	NA	NA	NA	PF14501;PF01584;PF01627;PF02895;K03407;COG0643;TIGR01924	Chemotaxis protein histidine kinase CheA
JAJIVP010000017.1_19	21835	22164	330	-1	0.642	11	GGAG/GAGG	GENOMAD.007903.CC	9.594e-08	51	0	0	0	1	NA	NA	NA	PF13466;COG3113;K04749;TIGR00377	ABC-type transporter Mla maintaining outer membrane lipid asymmetry, MlaB component, contains STAS domain
JAJIVP010000017.1_20	22635	26099	3465	-1	0.660	11	None	NA	NA	NA	0	0	0	1	NA	NA	NA	NA	NA
JAJIVP010000017.1_21	26514	27056	543	-1	0.652	11	AGGA	GENOMAD.140339.CP	1.175e-26	109	0	0	0	1	NA	NA	NA	PF13420;TIGR02382;COG3981;K03825	TDP-D-fucosamine acetyltransferase
JAJIVP010000017.1_22	27446	28396	951	-1	0.687	11	None	GENOMAD.152486.CP	2.31e-83	280	0	0	0	1	NA	NA	NA	PF04378;K07115;COG2961;TIGR04474	23S rRNA A2030 N6-methylase RlmJ
JAJIVP010000017.1_23	28532	29236	705	1	0.696	11	None	GENOMAD.152406.CP	0.0006252	43	0	0	0	1	NA	NA	NA	PF00072;K07657;TIGR02875;COG0784	sporulation transcription factor Spo0A
JAJIVP010000017.1_24	29285	30733	1449	1	0.666	11	AGGA/GGAG/GAGG	NA	NA	NA	0	0	0	1	NA	NA	NA	NA	NA
JAJIVP010000017.1_25	30858	31094	237	-1	0.612	11	None	NA	NA	NA	0	0	0	1	NA	NA	NA	NA	NA
JAJIVP010000017.1_26	31052	31669	618	-1	0.647	11	GGAG/GAGG	NA	NA	NA	0	0	0	1	NA	NA	NA	NA	NA
JAJIVP010000017.1_27	32090	33409	1320	1	0.657	11	GGAG/GAGG	GENOMAD.145476.CP	4.424e-69	244	0	0	0	1	NA	NA	NA	K06143;COG4452	Inner membrane protein involved in colicin E2 resistance
JAJIVP010000017.1_28	33417	33839	423	1	0.688	11	GGA/GAG/AGG	NA	NA	NA	0	0	0	1	NA	NA	NA	NA	NA
JAJIVP010000017.1_29	33820	34485	666	1	0.646	11	None	GENOMAD.180885.CP	8.514e-86	282	0	0	0	1	NA	NA	NA	PF13527;COG3153;K18815;TIGR04431	Predicted N-acetyltransferase YhbS
JAJIVP010000017.1_30	34610	35494	885	1	0.679	11	GGA/GAG/AGG	NA	NA	NA	0	0	0	1	NA	NA	NA	NA	NA
JAJIVP010000017.1_31	35516	36607	1092	1	0.663	11	GGA/GAG/AGG	GENOMAD.191564.CP	8.553e-119	385	0	0	0	1	NA	NA	NA	PF12275	Esterase-like activity of phytase
JAJIVP010000017.1_32	36675	38078	1404	1	0.653	11	GGA/GAG/AGG	NA	NA	NA	0	0	0	1	NA	NA	NA	NA	NA
JAJIVP010000017.1_33	38092	38598	507	1	0.667	11	GGAG/GAGG	NA	NA	NA	0	0	0	1	NA	NA	NA	NA	NA
JAJIVP010000017.1_34	38912	39532	621	-1	0.631	11	GGAG/GAGG	GENOMAD.152184.PC	3.764e-22	97	0	0	0	1	NA	NA	NA	PF14246	AefR-like transcriptional repressor, C-terminal domain
JAJIVP010000017.1_35	39786	40880	1095	1	0.685	11	GGA/GAG/AGG	GENOMAD.176977.PC	8.394e-05	47	0	0	0	1	NA	NA	NA	TIGR00999	Membrane Fusion Protein cluster 2 (function with RND porters)
JAJIVP010000017.1_36	40897	44040	3144	1	0.633	11	GGA/GAG/AGG	NA	NA	NA	0	0	0	1	NA	NA	NA	NA	NA
JAJIVP010000017.1_37	44042	45547	1506	1	0.662	11	AGGA	GENOMAD.134141.CP	1.667e-05	50	0	0	0	1	NA	NA	NA	PF02321;TIGR01845;K12340;COG1538	efflux transporter, outer membrane factor (OMF) lipoprotein, NodT family
JAJIVP010000017.1_38	45540	46220	681	1	0.668	11	GGAG/GAGG	GENOMAD.116548.CP	5.623e-26	109	0	0	0	1	NA	NA	NA	PF13022;PF14246;K18301;TIGR03384;COG3226	transcriptional repressor BetI
JAJIVP010000017.1_39	46396	47295	900	-1	0.657	11	None	NA	NA	NA	0	0	0	1	NA	NA	NA	NA	NA
JAJIVP010000017.1_40	47496	47966	471	1	0.675	11	AGGAG	GENOMAD.167601.PC	5.616e-25	103	0	0	0	1	NA	NA	NA	NA	NA
JAJIVP010000017.1_41	48075	49178	1104	-1	0.655	11	GGA/GAG/AGG	GENOMAD.137519.CP	0.0001734	46	0	0	0	1	NA	NA	NA	PF20240;PF12833;K17736;COG2207	AraC-type DNA-binding domain and AraC-containing proteins
JAJIVP010000017.1_42	49732	50646	915	-1	0.690	11	None	NA	NA	NA	0	0	0	1	NA	NA	NA	NA	NA
JAJIVP010000017.1_43	50746	51963	1218	1	0.698	11	None	GENOMAD.179434.CP	0.0002035	46	0	0	0	1	NA	NA	NF033135	COG2814;K03535	Predicted arabinose efflux permease, MFS family
JAJIVP010000017.1_44	52120	53151	1032	1	0.668	11	AGGA	NA	NA	NA	0	0	0	1	NA	NA	NA	NA	NA
JAJIVP010000017.1_45	53234	53830	597	-1	0.665	11	GGxGG	NA	NA	NA	0	0	0	1	NA	NA	NA	NA	NA
JAJIVP010000017.1_46	53832	55670	1839	-1	0.620	11	GGA/GAG/AGG	NA	NA	NA	0	0	0	1	NA	NA	NA	NA	NA
JAJIVP010000017.1_47	56494	58875	2382	-1	0.639	11	AGGAG	GENOMAD.159936.CP	5.444e-211	674	0	0	0	1	NA	NA	NA	K16090;COG4206	Outer membrane cobalamin receptor protein
JAJIVP010000017.1_48	59268	61331	2064	-1	0.653	11	GGA/GAG/AGG	NA	NA	NA	0	0	0	1	NA	NA	NA	NA	NA
JAJIVP010000017.1_49	61494	61910	417	1	0.652	11	None	GENOMAD.146365.CV	1.946e-37	138	0	0	0	1	NA	NA	NA	PF03203;K19058	MerC mercury resistance protein
JAJIVP010000017.1_50	62353	62535	183	1	0.645	11	AGGAG	GENOMAD.040850.CC	6.898e-07	46	0	0	0	1	NA	NA	NA	PF17070;TIGR04560	30S ribosomal protein Thx
JAJIVP010000017.1_51	62835	64175	1341	-1	0.674	11	None	NA	NA	NA	0	0	0	1	NA	NA	NA	NA	NA
JAJIVP010000017.1_52	64351	64737	387	-1	0.667	11	GGAG/GAGG	NA	NA	NA	0	0	0	1	NA	NA	NA	NA	NA
JAJIVP010000017.1_53	64756	65649	894	-1	0.673	11	None	GENOMAD.160510.CP	3.627e-07	54	0	0	0	1	NA	NA	NA	PF00884;COG1524;TIGR02335;K01133	Sulfatase
JAJIVP010000017.1_54	65686	66231	546	-1	0.689	11	AGGA	GENOMAD.015629.CC	0.0001484	44	0	0	0	1	NA	NA	NA	PF01035;COG0350;K13531;TIGR00589	O6-methylguanine-DNA--protein-cysteine methyltransferase
JAJIVP010000017.1_55	66228	67691	1464	-1	0.715	11	None	GENOMAD.132304.CP	3.522e-31	132	0	0	0	1	NA	NA	NA	PF06029;COG0122;TIGR00588	3-methyladenine DNA glycosylase/8-oxoguanine DNA glycosylase
JAJIVP010000017.1_56	67839	69065	1227	1	0.694	11	None	NA	NA	NA	0	0	0	1	NA	NA	NA	NA	NA
JAJIVP010000017.1_57	69142	69396	255	1	0.678	11	GGxGG	NA	NA	NA	0	0	0	1	NA	NA	NA	NA	NA
JAJIVP010000017.1_58	69797	70333	537	1	0.698	11	GGA/GAG/AGG	GENOMAD.189756.CP	2.357e-15	76	0	0	0	1	NA	NA	NA	PF13211	NA
JAJIVP010000017.1_59	70359	70760	402	1	0.662	11	GGAG/GAGG	GENOMAD.171460.CP	2.518e-15	74	0	0	0	1	NA	NA	NA	PF01124;COG3686	Uncharacterized conserved protein, MAPEG superfamily
JAJIVP010000017.1_60	70897	71106	210	-1	0.648	11	GGA/GAG/AGG	NA	NA	NA	0	0	0	1	NA	NA	NA	NA	NA
JAJIVP010000017.1_61	71103	71345	243	-1	0.638	11	GGA/GAG/AGG	NA	NA	NA	0	0	0	1	NA	NA	NA	NA	NA
JAJIVP010000017.1_62	71382	72029	648	-1	0.685	11	GGAG/GAGG	GENOMAD.043479.CC	4.455e-24	103	0	0	0	1	NA	NA	NA	NA	NA
JAJIVP010000017.1_63	72059	72577	519	-1	0.663	11	None	NA	NA	NA	0	0	0	1	NA	NA	NA	NA	NA
JAJIVP010000017.1_64	72726	74624	1899	1	0.677	11	GGAG/GAGG	GENOMAD.111067.CV	4.169e-08	59	0	0	0	1	NA	NA	NA	NA	NA
JAJIVP010000017.1_65	74886	77291	2406	1	0.650	11	AGGA	NA	NA	NA	0	0	0	1	NA	NA	NA	NA	NA
JAJIVP010000017.1_66	77392	78153	762	1	0.619	11	None	GENOMAD.106866.CP	1.405e-22	100	0	0	0	1246	Caudoviricetes	NA	NA	COG1187	16S rRNA U516 pseudouridylate synthase RsuA and related 23S rRNA U2605, pseudouridylate synthases
JAJIVP010000017.1_67	78351	79478	1128	1	0.657	11	GGA/GAG/AGG	NA	NA	NA	0	0	0	1	NA	NA	NA	NA	NA
JAJIVP010000017.1_68	79643	80590	948	-1	0.661	11	None	GENOMAD.101807.CP	1.683e-42	161	0	0	0	1	NA	NA	NA	PF16913;COG5006;TIGR03340;K03298	Threonine/homoserine efflux transporter RhtA
JAJIVP010000017.1_69	80967	81809	843	-1	0.656	11	GGA/GAG/AGG	NA	NA	NA	0	0	0	1	NA	NA	NA	NA	NA
JAJIVP010000017.1_70	82312	82605	294	1	0.694	11	GGA/GAG/AGG	NA	NA	NA	0	0	0	1	NA	NA	NA	NA	NA
JAJIVP010000017.1_71	82578	82835	258	1	0.694	11	None	NA	NA	NA	0	0	0	1	NA	NA	NA	NA	NA
JAJIVP010000017.1_72	82858	83091	234	1	0.645	11	GGA/GAG/AGG	NA	NA	NA	0	0	0	1	NA	NA	NA	NA	NA
JAJIVP010000017.1_73	83144	84382	1239	1	0.650	11	None	NA	NA	NA	0	0	0	1	NA	NA	NA	NA	NA
JAJIVP010000017.1_74	84528	85793	1266	1	0.639	11	None	NA	NA	NA	0	0	0	1	NA	NA	NA	NA	NA
JAJIVP010000017.1_75	85857	87050	1194	-1	0.680	11	None	NA	NA	NA	0	0	0	1	NA	NA	NA	NA	NA
JAJIVP010000017.1_76	87047	87736	690	-1	0.654	11	GGA/GAG/AGG	NA	NA	NA	0	0	0	1	NA	NA	NA	NA	NA
JAJIVP010000017.1_77	87842	89311	1470	1	0.669	11	None	NA	NA	NA	0	0	0	1	NA	NA	NA	NA	NA
JAJIVP010000017.1_78	89331	90167	837	1	0.658	11	GGAG/GAGG	GENOMAD.182485.PC	1.72e-140	443	0	0	0	1	NA	NA	NA	PF06629;COG3713;K07274	Outer membrane scaffolding protein for murein synthesis, MipA/OmpV family
JAJIVP010000017.1_79	90196	91296	1101	1	0.707	11	GGA/GAG/AGG	NA	NA	NA	0	0	0	1	NA	NA	NA	NA	NA
JAJIVP010000017.1_80	91293	94352	3060	1	0.667	11	GGAGG	NA	NA	NA	0	0	0	1	NA	NA	NA	NA	NA
JAJIVP010000017.1_81	94387	94536	150	1	0.660	11	GGxGG	NA	NA	NA	0	0	0	1	NA	NA	NA	NA	NA
JAJIVP010000017.1_82	94557	95156	600	1	0.650	11	GGA/GAG/AGG	NA	NA	NA	0	0	0	1	NA	NA	NA	NA	NA
JAJIVP010000017.1_83	95327	97159	1833	1	0.643	11	None	NA	NA	NA	0	0	0	1	NA	NA	NA	NA	NA
JAJIVP010000017.1_84	97433	99238	1806	-1	0.643	11	AGGA	GENOMAD.142795.CP	4.043e-95	327	0	0	0	1	NA	NA	NA	PF05960;COG4805	Bacterial protein of unknown function (DUF885)
JAJIVP010000017.1_85	99622	99978	357	1	0.633	11	AGGAG	NA	NA	NA	0	0	0	1	NA	NA	NA	NA	NA
JAJIVP010000017.1_86	99975	100778	804	1	0.692	11	GGAG/GAGG	GENOMAD.016394.CC	1.034e-114	368	0	0	0	1	NA	NA	NA	NA	NA
JAJIVP010000017.1_87	100975	101268	294	-1	0.629	11	AGGA	NA	NA	NA	0	0	0	1	NA	NA	NA	NA	NA
JAJIVP010000017.1_88	101345	102763	1419	-1	0.667	11	AGGA	GENOMAD.213001.PC	6.443e-213	663	0	0	0	1	NA	NA	NA	PF11066	NA
JAJIVP010000017.1_89	102797	103111	315	-1	0.635	11	None	NA	NA	NA	0	0	0	1	NA	NA	NA	NA	NA
JAJIVP010000017.1_90	103425	104417	993	-1	0.676	11	None	NA	NA	NA	0	0	0	1	NA	NA	NA	NA	NA
JAJIVP010000017.1_91	104588	105385	798	1	0.665	11	GGAG/GAGG	GENOMAD.142573.CP	1.641e-27	115	0	0	0	1	NA	NA	NA	K15269;COG5006	Threonine/homoserine efflux transporter RhtA
JAJIVP010000017.1_92	105523	106428	906	-1	0.666	11	None	NA	NA	NA	0	0	0	1	NA	NA	NA	NA	NA
JAJIVP010000017.1_93	106565	106807	243	-1	0.601	11	GGA/GAG/AGG	NA	NA	NA	0	0	0	1	NA	NA	NA	NA	NA
JAJIVP010000017.1_94	107012	107104	93	1	0.656	11	AGxAGG/AGGxGG	NA	NA	NA	0	0	0	1	NA	NA	NA	NA	NA
JAJIVP010000017.1_95	107251	109452	2202	-1	0.634	11	AGGAG	GENOMAD.086843.PP	0.0	1066	0	0	0	1	NA	NA	NA	NA	NA
JAJIVP010000017.1_96	110145	110591	447	1	0.635	11	GGA/GAG/AGG	NA	NA	NA	0	0	0	1	NA	NA	NA	NA	NA
JAJIVP010000017.1_97	110588	112591	2004	1	0.647	11	GGAGG	NA	NA	NA	0	0	0	1	NA	NA	NA	NA	NA
JAJIVP010000017.1_98	112997	113446	450	-1	0.602	11	GGA/GAG/AGG	GENOMAD.003878.CC	1.467e-28	113	0	0	0	1	NA	NA	NA	PF09500;TIGR02447;COG2050;K02614	thioesterase domain, putative
JAJIVP010000017.1_99	113713	114570	858	-1	0.672	11	GGA/GAG/AGG	NA	NA	NA	0	0	0	1	NA	NA	NA	NA	NA
JAJIVP010000017.1_100	114777	115394	618	1	0.704	11	GGAG/GAGG	NA	NA	NA	0	0	0	1	NA	NA	NA	NA	NA
JAJIVP010000017.1_101	115462	118104	2643	1	0.656	11	GGA/GAG/AGG	NA	NA	NA	0	0	0	1	NA	NA	NA	NA	NA
JAJIVP010000017.1_102	118661	119305	645	1	0.670	11	None	GENOMAD.002511.CC	3.205e-49	176	0	0	0	1	NA	NA	NA	PF04390;PF08139;K03643;COG2980	Outer membrane lipoprotein LptE/RlpB (LPS assembly)
JAJIVP010000017.1_103	119328	120356	1029	1	0.697	11	None	GENOMAD.000510.CC	7.634e-44	166	0	0	0	1	NA	NA	NA	PF06144;PF14840;TIGR01128;K02340;COG1466	DNA polymerase III, delta subunit
JAJIVP010000017.1_104	120353	121222	870	1	0.697	11	GGA/GAG/AGG	NA	NA	NA	0	0	0	1	NA	NA	NA	NA	NA
JAJIVP010000017.1_105	121279	121692	414	1	0.635	11	GGA/GAG/AGG	NA	NA	NA	0	0	0	1	NA	NA	NA	NA	NA
JAJIVP010000017.1_106	121850	123385	1536	-1	0.690	11	AGGAG	GENOMAD.154729.CP	4.19e-06	52	0	0	0	1	NA	NA	NA	PF05787;COG3211;K07093	Secreted phosphatase, PhoX family
JAJIVP010000017.1_107	123597	123977	381	1	0.698	11	None	GENOMAD.000168.CC	7.934e-17	78	0	0	0	1	NA	NA	NA	PF02590;TIGR00246;COG1576;K00783	rRNA large subunit m3Psi methyltransferase RlmH
JAJIVP010000017.1_108	124056	124727	672	-1	0.658	11	GGAGG	GENOMAD.147617.CP	7.153e-19	88	0	0	0	1	NA	NA	NA	PF03544;TIGR01352	TonB family C-terminal domain
JAJIVP010000017.1_109	125028	125762	735	-1	0.654	11	AGGAG	GENOMAD.136992.CP	1.017e-24	106	0	0	0	1	NA	NA	NA	PF04402;K09807;COG2859	Predicted secreted (periplasmic) protein
JAJIVP010000017.1_110	125901	126473	573	1	0.663	11	GGA/GAG/AGG	GENOMAD.104491.CP	1.83e-06	50	0	0	0	1	NA	NA	NA	PF02545;COG0424;TIGR00172;K06287	Predicted house-cleaning NTP pyrophosphatase, Maf/HAM1 superfamily
JAJIVP010000017.1_111	126473	127972	1500	1	0.654	11	GGAG/GAGG	GENOMAD.030551.CC	0.0001373	47	0	0	0	1	NA	NA	NA	NA	NA
JAJIVP010000017.1_112	128113	132033	3921	1	0.706	11	None	GENOMAD.001742.CC	0.0	1731	0	0	0	1	NA	NA	NA	PF13116;PF13502;PF05170;COG3164;K07290	Uncharacterized conserved protein YhdP, contains DUF3971 and AsmA2 domains
JAJIVP010000017.1_113	132049	132849	801	-1	0.669	11	None	NA	NA	NA	0	0	0	1	NA	NA	NA	NA	NA
JAJIVP010000017.1_114	132900	134345	1446	1	0.683	11	None	GENOMAD.105814.CP	3.799e-129	421	0	0	0	1	NA	NA	NA	PF19290;PF01523;PF19289;K03568;COG0312	Predicted Zn-dependent protease or its inactivated homolog
JAJIVP010000017.1_115	134602	135183	582	-1	0.665	11	GGA/GAG/AGG	GENOMAD.110126.CP	4.672e-53	186	0	0	0	1	NA	NA	NA	PF04751;K09889;COG3028	Ribosomal 50S subunit-associated protein YjgA (function unknown), DUF615 family
JAJIVP010000017.1_116	135331	136698	1368	1	0.689	11	AGGA	GENOMAD.084170.CP	6.535e-46	176	0	0	0	1	NA	NA	NA	PF19289;PF19290;PF01523;K03592;COG0312	Predicted Zn-dependent protease or its inactivated homolog
JAJIVP010000017.1_117	137100	137486	387	1	0.610	11	GGAG/GAGG	GENOMAD.111281.CP	5.37e-22	93	0	0	0	1	NA	NA	NA	PF09685;K09940;COG3296	Uncharacterized conserved protein, Tic20 family
JAJIVP010000017.1_118	137556	138644	1089	-1	0.645	11	GGAG/GAGG	GENOMAD.207450.CP	1.427e-22	103	0	0	0	1	NA	NA	NA	PF02102	Deuterolysin metalloprotease (M35) family
JAJIVP010000017.1_119	139105	139980	876	-1	0.691	11	GGA/GAG/AGG	NA	NA	NA	0	0	0	1	NA	NA	NA	NA	NA
JAJIVP010000017.1_120	139982	140242	261	-1	0.621	11	None	GENOMAD.111764.CV	1.255e-11	61	0	0	0	1	NA	NA	NA	PF02609;TIGR01280;COG1722	exodeoxyribonuclease VII, small subunit
JAJIVP010000017.1_121	140274	141578	1305	-1	0.702	11	GGA/GAG/AGG	GENOMAD.073046.CP	1.594e-06	53	0	0	0	1	NA	NA	NA	PF11734;TIGR02433	TilS substrate C-terminal domain
JAJIVP010000017.1_122	141948	143648	1701	-1	0.692	11	GGA/GAG/AGG	NA	NA	NA	0	0	0	1	NA	NA	NA	NA	NA
JAJIVP010000017.1_123	143798	145138	1341	1	0.635	11	GGA/GAG/AGG	NA	NA	NA	0	0	0	1	NA	NA	NA	NA	NA
JAJIVP010000017.1_124	145148	145984	837	1	0.654	11	GGAG/GAGG	NA	NA	NA	0	0	0	1	NA	NA	NA	NA	NA
JAJIVP010000017.1_125	146233	146724	492	1	0.644	11	GGAG/GAGG	NA	NA	NA	0	0	0	1	NA	NA	NA	NA	NA
JAJIVP010000017.1_126	146922	147386	465	-1	0.667	11	GGA/GAG/AGG	GENOMAD.151617.VC	4.044e-05	45	0	0	0	1246	Caudoviricetes	NA	NA	PF06940;K13695;COG3738;TIGR02219	Uncharacterized protein YijF, DUF1287 family
JAJIVP010000017.1_127	147781	148323	543	-1	0.669	11	None	GENOMAD.151298.VC	0.000311	43	0	0	0	1246	Caudoviricetes	NA	NA	PF06940;COG3738;K13695;TIGR02219	Uncharacterized protein YijF, DUF1287 family
JAJIVP010000017.1_128	148433	148912	480	1	0.631	11	GGA/GAG/AGG	GENOMAD.126968.VC	1.653e-22	96	0	0	0	1246	Caudoviricetes	NA	NA	PF00254;K03775;COG1047	FKBP-type peptidyl-prolyl cis-trans isomerase 2
JAJIVP010000017.1_129	149141	150385	1245	1	0.671	11	GGA/GAG/AGG	GENOMAD.152588.CP	6.874e-60	216	0	0	0	1	NA	NA	NA	COG2311	Uncharacterized membrane protein YeiB
JAJIVP010000017.1_130	150393	151643	1251	1	0.679	11	None	NA	NA	NA	0	0	0	1	NA	NA	NA	NA	NA
JAJIVP010000017.1_131	151640	153010	1371	1	0.641	11	GGAG/GAGG	NA	NA	NA	0	0	0	1	NA	NA	NA	NA	NA
JAJIVP010000017.1_132	153419	153826	408	1	0.723	11	None	GENOMAD.083954.CP	1.332e-14	72	0	0	0	1	NA	NA	NA	PF01035;K07443;COG3695;TIGR00589	Alkylated DNA nucleotide flippase Atl1, participates in nucleotide excision repair, Ada-like DNA-binding domain
JAJIVP010000017.1_133	153867	154562	696	1	0.636	11	AGGA	GENOMAD.001990.CC	1.642e-06	51	0	0	0	1	NA	NA	NA	PF04511;PF13453;COG5291;K13989;TIGR03902	Predicted membrane protein
JAJIVP010000017.1_134	154771	156786	2016	-1	0.671	11	None	NA	NA	NA	0	0	0	1	NA	NA	NA	NA	NA
JAJIVP010000017.1_135	156971	159067	2097	-1	0.624	11	None	GENOMAD.053052.VV	8.285e-18	91	0	0	0	1	NA	NA	NA	PF01431;K07386;COG3590	Predicted metalloendopeptidase
JAJIVP010000017.1_136	159453	161594	2142	-1	0.644	11	None	GENOMAD.053052.VV	3.522e-17	89	0	0	0	1	NA	NA	NA	PF01431;K07386;COG3590	Predicted metalloendopeptidase
JAJIVP010000017.1_137	161982	163601	1620	1	0.653	11	GGxGG	NA	NA	NA	0	0	0	1	NA	NA	NA	NA	NA
JAJIVP010000017.1_138	163714	166047	2334	-1	0.587	11	None	GENOMAD.125907.CP	2.768e-178	578	0	0	0	1	NA	NA	NA	PF14905;PF07715;TIGR01783;COG4771;K19611	TonB-dependent siderophore receptor
JAJIVP010000017.1_139	166146	166721	576	-1	0.644	11	None	NA	NA	NA	0	0	0	1	NA	NA	NA	NA	NA
JAJIVP010000017.1_140	167132	170122	2991	-1	0.627	11	AGGA/GGAG/GAGG	NA	NA	NA	0	0	0	1	NA	NA	NA	NA	NA
JAJIVP010000017.1_141	170458	171309	852	1	0.669	11	GGA/GAG/AGG	NA	NA	NA	0	0	0	1	NA	NA	NA	NA	NA
JAJIVP010000017.1_142	171401	171970	570	1	0.612	11	AGGA	NA	NA	NA	0	0	0	1	NA	NA	NA	NA	NA
JAJIVP010000017.1_143	171992	172177	186	-1	0.608	11	GGAG/GAGG	GENOMAD.015026.CC	2.498e-23	93	0	0	0	1	NA	NA	NA	PF18917;COG4758;K11622	Predicted membrane protein
JAJIVP010000017.1_144	172588	172755	168	-1	0.619	11	None	GENOMAD.015026.CC	1.027e-21	88	0	0	0	1	NA	NA	NA	PF18917;COG4758;K11622	Predicted membrane protein
JAJIVP010000017.1_145	172783	173217	435	-1	0.692	11	None	GENOMAD.096167.CP	1.575e-25	104	0	0	0	1	NA	NA	NA	PF01230;COG0537;K19710	Diadenosine tetraphosphate (Ap4A) hydrolase or other HIT family hydrolase
JAJIVP010000017.1_146	173214	173876	663	-1	0.682	11	AGGAG	GENOMAD.132951.CP	7.392e-15	76	0	0	0	1	NA	NA	NA	PF01738;K01061;COG0412;TIGR02821	Dienelactone hydrolase family
JAJIVP010000017.1_147	174057	175433	1377	1	0.634	11	GGA/GAG/AGG	GENOMAD.108089.CP	7.169e-10	64	0	0	0	1	NA	NA	NA	PF18693	TRAM domain
JAJIVP010000017.1_148	175757	176353	597	-1	0.655	11	None	GENOMAD.054318.CC	2.162e-11	65	0	0	0	1	NA	NA	NA	PF03449;TIGR01461;COG0782	Transcription elongation factor, N-terminal
JAJIVP010000017.1_149	176375	177841	1467	1	0.643	11	GGA/GAG/AGG	GENOMAD.137825.CP	7.912e-06	51	0	0	0	1	NA	NA	NA	PF20401;K19225;TIGR04239;COG0705	rhomboid family protease GlpG
JAJIVP010000017.1_150	177979	179253	1275	-1	0.660	11	GGA/GAG/AGG	GENOMAD.031297.CC	1.46e-44	171	0	0	0	1	NA	NA	NA	PF13197	NA
JAJIVP010000017.1_151	179608	180228	621	1	0.607	11	AGGAG	NA	NA	NA	0	0	0	1	NA	NA	NA	NA	NA
JAJIVP010000017.1_152	180279	181784	1506	-1	0.668	11	GGA/GAG/AGG	NA	NA	NA	0	0	0	1	NA	NA	NA	NA	NA
JAJIVP010000017.1_153	182077	183660	1584	1	0.660	11	None	NA	NA	NA	0	0	0	1	NA	NA	NA	NA	NA
JAJIVP010000017.1_154	183917	184759	843	-1	0.668	11	GGA/GAG/AGG	NA	NA	NA	0	0	0	1	NA	NA	NA	NA	NA
JAJIVP010000017.1_155	184756	185406	651	-1	0.665	11	GGA/GAG/AGG	GENOMAD.142885.CP	2.813e-06	50	0	0	0	1	NA	NA	NA	PF02630;K07152;COG0386;TIGR02540	SCO1/SenC
JAJIVP010000017.1_156	185487	186413	927	1	0.657	11	None	GENOMAD.091839.CV	3.465e-06	51	0	0	0	1246	Caudoviricetes	NA	NA	PF01189;K15460;COG4123;TIGR03534	tRNA1(Val) A37 N6-methylase TrmN6
JAJIVP010000017.1_157	186424	187527	1104	1	0.667	11	GGA/GAG/AGG	NA	NA	NA	0	0	0	1	NA	NA	NA	NA	NA
JAJIVP010000017.1_158	187520	188593	1074	1	0.673	11	None	NA	NA	NA	0	0	0	1	NA	NA	NA	NA	NA
JAJIVP010000017.1_159	188677	189702	1026	1	0.654	11	None	NA	NA	NA	0	0	0	1	NA	NA	NA	NA	NA
JAJIVP010000017.1_160	190387	192342	1956	1	0.708	11	GGA/GAG/AGG	GENOMAD.145363.CP	7.542e-52	199	0	0	0	1	NA	NA	NA	COG3170	Tfp pilus assembly protein FimV
JAJIVP010000017.1_161	192339	192746	408	1	0.674	11	GGA/GAG/AGG	GENOMAD.167065.CP	2.835e-40	146	0	0	0	1	NA	NA	NA	PF14506;K06996;COG3324;TIGR00068	Predicted enzyme related to lactoylglutathione lyase
JAJIVP010000017.1_162	192909	193682	774	1	0.667	11	GGA/GAG/AGG	GENOMAD.147411.CP	5.687e-29	119	0	0	0	1246	Caudoviricetes	NA	NA	PF01416;TIGR00071;COG0101;K15452	tRNA pseudouridine(38-40) synthase
JAJIVP010000017.1_163	193679	194347	669	1	0.650	11	GGAG/GAGG	GENOMAD.126973.CP	6.458e-34	132	0	0	0	1	NA	NA	NA	PF00697;K01817;COG1891;TIGR00259	N-(5'phosphoribosyl)anthranilate (PRA) isomerase
JAJIVP010000017.1_164	194539	195465	927	-1	0.699	11	GGA/GAG/AGG	NA	NA	NA	0	0	0	1	NA	NA	NA	NA	NA
JAJIVP010000017.1_165	195570	196787	1218	1	0.649	11	GGAG/GAGG	GENOMAD.110049.CP	1.543e-52	194	0	0	0	1	NA	NA	NA	PF19465;COG0133;TIGR00263	Tryptophan synthase beta chain
JAJIVP010000017.1_166	196830	197057	228	1	0.658	11	GGA/GAG/AGG	NA	NA	NA	0	0	0	1	NA	NA	NA	NA	NA
JAJIVP010000018.1_1	50	313	264	1	0.583	11	AGGAG	NA	NA	NA	0	0	0	1	NA	NA	NA	NA	NA
JAJIVP010000018.1_2	307	1152	846	1	0.613	11	4Base/6BMM	NA	NA	NA	0	0	0	1	NA	NA	NA	NA	NA
JAJIVP010000001.1_1	3	311	309	1	0.638	11	None	NA	NA	NA	0	0	0	1	NA	NA	NA	NA	NA
JAJIVP010000001.1_2	308	688	381	1	0.601	11	AGGAG/GGAGG	NA	NA	NA	0	0	0	1	NA	NA	NA	NA	NA
JAJIVP010000001.1_3	1018	1800	783	1	0.512	11	GGA/GAG/AGG	GENOMAD.064510.VV	3.745e-21	96	0	0	0	1246	Caudoviricetes	NA	NA	PF09225;PF01555;K24451;COG0863	Restriction endonuclease PvuII; DNA methylase
JAJIVP010000001.1_4	1789	2004	216	-1	0.481	11	GGAG/GAGG	NA	NA	NA	0	0	0	1	NA	NA	NA	NA	NA
JAJIVP010000001.1_5	2335	2457	123	1	0.447	11	AGxAGG/AGGxGG	NA	NA	NA	0	0	0	1	NA	NA	NA	NA	NA
JAJIVP010000001.1_6	3878	4318	441	-1	0.660	11	GGAGG	GENOMAD.118707.CP	1.68e-16	78	0	0	0	1	NA	NA	NA	PF02391;PF19842;COG0314;K03635;TIGR00176	Molybdopterin synthase catalytic subunit
JAJIVP010000001.1_7	4321	4566	246	-1	0.671	11	GGAG/GAGG	GENOMAD.133117.CP	2.304e-33	123	0	0	0	1	NA	NA	NA	PF14451;K21142;TIGR01682;COG1977	molybdopterin converting factor, subunit 1, non-archaeal
JAJIVP010000001.1_8	4563	5060	498	-1	0.647	11	None	NA	NA	NA	0	0	0	1	NA	NA	NA	NA	NA
JAJIVP010000001.1_9	5085	5465	381	-1	0.654	11	None	NA	NA	NA	0	0	0	1	NA	NA	NA	NA	NA
JAJIVP010000001.1_10	5462	6493	1032	-1	0.667	11	None	GENOMAD.126387.CP	2.423e-30	126	0	0	0	1	NA	NA	NA	PF06463	Molybdenum Cofactor Synthesis C
JAJIVP010000001.1_11	6493	7242	750	-1	0.671	11	None	NA	NA	NA	0	0	0	1	NA	NA	NA	NA	NA
JAJIVP010000001.1_12	7242	7991	750	-1	0.676	11	None	GENOMAD.005386.CC	2.256e-40	152	0	0	0	1	NA	NA	NA	PF06293;K11211;TIGR00938;COG3231	Lipopolysaccharide kinase (Kdo/WaaP) family
JAJIVP010000001.1_13	8012	9061	1050	1	0.678	11	GGA/GAG/AGG	NA	NA	NA	0	0	0	1	NA	NA	NA	NA	NA
JAJIVP010000001.1_14	9273	9677	405	-1	0.602	11	GGAGG	NA	NA	NA	0	0	0	1	NA	NA	NA	NA	NA
JAJIVP010000001.1_15	10062	10295	234	-1	0.581	11	AGGA	NA	NA	NA	0	0	0	1	NA	NA	NA	NA	NA
JAJIVP010000001.1_16	10532	11275	744	1	0.554	11	AGGA	NA	NA	NA	0	0	0	1	NA	NA	NA	NA	NA
JAJIVP010000001.1_17	11287	11682	396	1	0.470	11	GGA/GAG/AGG	NA	NA	NA	0	0	0	1	NA	NA	NA	NA	NA
JAJIVP010000001.1_18	12730	14703	1974	1	0.479	11	GGA/GAG/AGG	NA	NA	NA	0	0	0	1	NA	NA	NA	NA	NA
JAJIVP010000001.1_19	14642	15199	558	1	0.457	11	None	NA	NA	NA	0	0	0	1	NA	NA	NA	NA	NA
JAJIVP010000001.1_20	15310	15663	354	-1	0.472	11	GGAG/GAGG	NA	NA	NA	0	0	0	1	NA	NA	NA	NA	NA
JAJIVP010000001.1_21	15949	17889	1941	1	0.554	11	GGAG/GAGG	GENOMAD.002761.PP	3.822e-11	69	0	1	0	1	NA	MOBQ	NA	PF03389;TIGR02768;K18434	MobA/MobL family
JAJIVP010000001.1_22	17905	19386	1482	-1	0.503	11	GGA/GAG/AGG	NA	NA	NA	0	0	0	1	NA	NA	NA	NA	NA
JAJIVP010000001.1_23	19763	20467	705	1	0.668	11	None	NA	NA	NA	0	0	0	1	NA	NA	NA	NA	NA
JAJIVP010000001.1_24	20509	21243	735	-1	0.639	11	GGA/GAG/AGG	NA	NA	NA	0	0	0	1	NA	NA	NA	NA	NA
JAJIVP010000001.1_25	21252	21704	453	-1	0.631	11	GGA/GAG/AGG	NA	NA	NA	0	0	0	1	NA	NA	NA	NA	NA
JAJIVP010000001.1_26	21732	22730	999	-1	0.701	11	None	GENOMAD.002432.CC	1.309e-56	203	0	0	0	1	NA	NA	NA	PF06859;COG4627	Predicted SAM-depedendent methyltransferase
JAJIVP010000001.1_27	22794	22991	198	-1	0.631	11	AGGA	NA	NA	NA	0	0	0	1	NA	NA	NA	NA	NA
JAJIVP010000001.1_28	23165	24343	1179	1	0.672	11	None	NA	NA	NA	0	0	0	1	NA	NA	NA	NA	NA
JAJIVP010000001.1_29	25020	26990	1971	-1	0.648	11	3Base/5BMM	GENOMAD.116255.CP	5.638e-61	227	0	0	0	1	NA	NA	NA	PF13623;PF13145;K03770;TIGR04142;COG0760	putative peptidyl-prolyl cis-trans isomerase, LIC12922 family
JAJIVP010000001.1_30	27630	27902	273	-1	0.571	11	GGAG/GAGG	NA	NA	NA	0	0	0	1	NA	NA	NA	NA	NA
JAJIVP010000001.1_31	28116	30587	2472	-1	0.635	11	GGAG/GAGG	GENOMAD.030096.VV	1.106e-10	68	0	0	0	3505	Mimiviridae	NA	NA	PF09159	Mitochondrial resolvase Ydc2 / RNA splicing MRS1
JAJIVP010000001.1_32	30732	32018	1287	-1	0.608	11	None	GENOMAD.143062.VC	0.0004498	45	0	0	0	1	NA	NA	NA	PF06689;TIGR00382	endopeptidase Clp ATP-binding regulatory subunit (clpX)
JAJIVP010000001.1_33	32144	32770	627	-1	0.627	11	GGA/GAG/AGG	GENOMAD.092312.VV	0.0001055	45	0	0	0	1246	Caudoviricetes	NA	NA	NA	NA
JAJIVP010000001.1_34	32863	34155	1293	-1	0.656	11	AGGAG	GENOMAD.116598.CV	2.973e-30	128	0	0	0	1246	Caudoviricetes	NA	NA	PF05697;K03545;COG0544;TIGR00115	FKBP-type peptidyl-prolyl cis-trans isomerase (trigger factor)
JAJIVP010000001.1_35	34690	35958	1269	1	0.660	11	None	NA	NA	NA	0	0	0	1	NA	NA	NA	NA	NA
JAJIVP010000001.1_36	37061	37738	678	1	0.628	11	None	NA	NA	NA	0	0	0	1	NA	NA	NA	NA	NA
JAJIVP010000001.1_37	37872	38879	1008	-1	0.648	11	GGA/GAG/AGG	GENOMAD.152541.CP	3.544e-05	48	0	0	0	1246	Caudoviricetes	NA	NA	PF03971;TIGR00178;COG2838;K00031	Monomeric isocitrate dehydrogenase
JAJIVP010000001.1_38	39106	39501	396	-1	0.669	11	GGxGG	GENOMAD.146284.CP	2.407e-48	169	0	0	0	1	NA	NA	NA	PF02627;TIGR04169;COG0599	alkylhydroperoxidase/carboxymuconolactone decarboxylase family protein
JAJIVP010000001.1_39	39498	39806	309	-1	0.657	11	GGAG/GAGG	NA	NA	NA	0	0	0	1	NA	NA	NA	NA	NA
JAJIVP010000001.1_40	39896	41602	1707	1	0.678	11	None	GENOMAD.111480.CP	9.889e-06	51	0	0	0	1	NA	NA	NA	PF01435;K01423;COG4784	Putative Zn-dependent protease
JAJIVP010000001.1_41	41785	42474	690	1	0.662	11	None	NA	NA	NA	0	0	0	1	NA	NA	NA	NA	NA
JAJIVP010000001.1_42	42548	43876	1329	1	0.674	11	None	GENOMAD.003036.CC	1.092e-12	73	0	0	0	1	NA	NA	NA	PF11808	Phosphate regulon sensor protein PhoR
JAJIVP010000001.1_43	43989	46091	2103	1	0.645	11	None	NA	NA	NA	0	0	0	1	NA	NA	NA	NA	NA
JAJIVP010000001.1_44	46264	47790	1527	1	0.655	11	None	GENOMAD.105891.CP	3.615e-99	335	0	0	0	1	NA	NA	NA	PF02541;COG0248;K01524;TIGR03706	Exopolyphosphatase/pppGpp-phosphohydrolase
JAJIVP010000001.1_45	48014	49150	1137	1	0.661	11	GGAG/GAGG	NA	NA	NA	0	0	0	1	NA	NA	NA	NA	NA
JAJIVP010000001.1_46	49131	49673	543	1	0.661	11	GGxGG	GENOMAD.142094.CP	6.73e-10	60	0	0	0	1	NA	NA	NA	PF19279;PF00781;PF01569;TIGR03702;K07029;COG1597	lipid kinase YegS
JAJIVP010000001.1_47	50189	50932	744	1	0.663	11	None	GENOMAD.000748.CC	1.572e-44	164	0	0	0	1	NA	NA	NA	PF04042;K03269;TIGR01854;COG2908	UDP-2,3-diacylglucosamine diphosphatase
JAJIVP010000001.1_48	51115	51534	420	-1	0.676	11	GGAG/GAGG	NA	NA	NA	0	0	0	1	NA	NA	NA	NA	NA
JAJIVP010000001.1_49	51669	52922	1254	-1	0.649	11	AGGAG	NA	NA	NA	0	0	0	1	NA	NA	NA	NA	NA
JAJIVP010000001.1_50	53493	54338	846	-1	0.676	11	None	GENOMAD.109682.CP	2.684e-64	223	0	0	0	1	NA	NA	NA	PF04305;COG2833;TIGR04059	Uncharacterized conserved protein, contains ferritin-like DUF455 domain
JAJIVP010000001.1_51	54513	55979	1467	-1	0.646	11	GGAG/GAGG	NA	NA	NA	0	0	0	1	NA	NA	NA	NA	NA
JAJIVP010000001.1_52	56010	56756	747	-1	0.667	11	GGAG/GAGG	GENOMAD.087219.CP	2.517e-68	233	0	0	0	1	NA	NA	NA	K03558;COG1286	Uncharacterized membrane protein, required for colicin V production
JAJIVP010000001.1_53	56970	58037	1068	-1	0.707	11	None	GENOMAD.001067.CC	1.106e-06	53	0	0	0	1	NA	NA	NA	PF05036	SPOR domain
JAJIVP010000001.1_54	58105	59403	1299	-1	0.684	11	None	GENOMAD.110250.CP	8.218e-38	151	0	0	0	1	NA	NA	NA	PF08245;PF02875;K11754;TIGR01499;COG0285	folylpolyglutamate synthase/dihydrofolate synthase
JAJIVP010000001.1_55	59733	60377	645	-1	0.657	11	AGGA/GGAG/GAGG	GENOMAD.119230.CP	5.426e-05	46	0	0	0	1	NA	NA	NA	PF00300;TIGR03848;K15634;COG0406	probable phosphomutase, MSMEG_4193 family
JAJIVP010000001.1_56	60468	60818	351	-1	0.632	11	GGA/GAG/AGG	NA	NA	NA	0	0	0	1	NA	NA	NA	NA	NA
JAJIVP010000001.1_57	61768	63867	2100	-1	0.667	11	GGA/GAG/AGG	NA	NA	NA	0	0	0	1	NA	NA	NA	NA	NA
JAJIVP010000001.1_58	64064	66397	2334	1	0.632	11	AGGA	GENOMAD.178349.CP	2.219e-125	423	0	0	0	1	NA	NA	NA	COG4773;K16091	Outer membrane receptor for ferric coprogen and ferric-rhodotorulic acid
JAJIVP010000001.1_59	66675	67709	1035	1	0.632	11	AGxAGG/AGGxGG	NA	NA	NA	0	0	0	1	NA	NA	NA	NA	NA
JAJIVP010000001.1_60	68372	69088	717	-1	0.587	11	AGGAG	NA	NA	NA	0	0	0	1	NA	NA	NA	NA	NA
JAJIVP010000001.1_61	69366	70397	1032	-1	0.673	11	GGAG/GAGG	NA	NA	NA	0	0	0	1	NA	NA	NA	NA	NA
JAJIVP010000001.1_62	70405	71358	954	-1	0.635	11	GGAGG	NA	NA	NA	0	0	0	1	NA	NA	NA	NA	NA
JAJIVP010000001.1_63	71355	72209	855	-1	0.669	11	AGxAGG/AGGxGG	GENOMAD.116612.CP	9.891e-11	65	0	0	0	1	NA	NA	NA	PF00528;K02063;TIGR01253;COG1178	thiamine ABC transporter, permease protein
JAJIVP010000001.1_64	72219	73316	1098	-1	0.648	11	GGAG/GAGG	GENOMAD.154793.CP	1.377e-132	425	0	0	0	1	NA	NA	NA	PF13531;K02048;TIGR00971;COG1613	sulfate/thiosulfate-binding protein
JAJIVP010000001.1_65	73407	74615	1209	1	0.641	11	None	NA	NA	NA	0	0	0	1	NA	NA	NA	NA	NA
JAJIVP010000001.1_66	74618	75010	393	1	0.725	11	None	NA	NA	NA	0	0	0	1	NA	NA	NA	NA	NA
JAJIVP010000001.1_67	74961	75755	795	-1	0.687	11	AGGA/GGAG/GAGG	GENOMAD.106866.CP	9.117e-19	89	0	0	0	1246	Caudoviricetes	NA	NA	COG1187	16S rRNA U516 pseudouridylate synthase RsuA and related 23S rRNA U2605, pseudouridylate synthases
JAJIVP010000001.1_68	75841	76356	516	-1	0.684	11	GGA/GAG/AGG	NA	NA	NA	0	0	0	1	NA	NA	NA	NA	NA
JAJIVP010000001.1_69	76549	77646	1098	-1	0.626	11	AGGAG	GENOMAD.032134.CC	1.977e-137	439	0	0	0	1	NA	NA	NA	PF05736;COG3047;TIGR04565;K16078	Outer membrane protein W
JAJIVP010000001.1_70	78062	78697	636	1	0.648	11	GGAG/GAGG	GENOMAD.147577.CP	2.471e-05	47	0	0	0	1	NA	NA	NA	PF16912;TIGR02197;K05886;COG1090	Glucose dehydrogenase C-terminus
JAJIVP010000001.1_71	78716	79084	369	1	0.667	11	GGA/GAG/AGG	NA	NA	NA	0	0	0	1	NA	NA	NA	NA	NA
JAJIVP010000001.1_72	79288	81327	2040	1	0.663	11	None	NA	NA	NA	0	0	0	1	NA	NA	NA	NA	NA
JAJIVP010000001.1_73	82679	83140	462	1	0.619	11	AGGA	NA	NA	NA	0	0	0	1	NA	NA	NA	NA	NA
JAJIVP010000001.1_74	83549	84163	615	1	0.610	11	None	NA	NA	NA	0	0	0	1	NA	NA	NA	NA	NA
JAJIVP010000001.1_75	84248	85234	987	-1	0.642	11	GGAG/GAGG	NA	NA	NA	0	0	0	1	NA	NA	NA	NA	NA
JAJIVP010000001.1_76	85352	85846	495	-1	0.653	11	AGGA	NA	NA	NA	0	0	0	1	NA	NA	NA	NA	NA
JAJIVP010000001.1_77	86088	87917	1830	1	0.633	11	GGA/GAG/AGG	NA	NA	NA	0	0	0	1	NA	NA	NA	NA	NA
JAJIVP010000001.1_78	87934	88404	471	1	0.669	11	GGA/GAG/AGG	GENOMAD.207570.CP	1.046e-26	108	0	0	0	1	NA	NA	NA	PF09900;COG4331	Uncharacterized membrane protein, DUF2068 family
JAJIVP010000001.1_79	88494	90158	1665	1	0.679	11	GGA/GAG/AGG	NA	NA	NA	0	0	0	1	NA	NA	NA	NA	NA
JAJIVP010000001.1_80	90399	91526	1128	-1	0.645	11	AGGAG	GENOMAD.132666.CP	2.865e-67	236	0	0	0	1	NA	NA	NA	COG0668;K03442	Small-conductance mechanosensitive channel
JAJIVP010000001.1_81	91612	93009	1398	-1	0.642	11	AGGAG	NA	NA	NA	0	0	0	1	NA	NA	NA	NA	NA
JAJIVP010000001.1_82	93034	93219	186	1	0.613	11	GGA/GAG/AGG	NA	NA	NA	0	0	0	1	NA	NA	NA	NA	NA
JAJIVP010000001.1_83	93256	95379	2124	1	0.635	11	None	GENOMAD.140349.CP	1.015e-210	669	0	0	0	1	NA	NA	NA	PF14905;TIGR01783;COG4206;K16089	TonB-dependent siderophore receptor
JAJIVP010000001.1_84	95885	96403	519	-1	0.630	11	GGA/GAG/AGG	GENOMAD.151766.CP	5.024e-24	101	0	0	0	1	NA	NA	NA	PF02600;K03611;COG1495	Disulfide bond formation protein DsbB
JAJIVP010000001.1_85	96844	97227	384	-1	0.651	11	AGGA	GENOMAD.000035.CC	3.616e-42	151	1	0	0	1	NA	NA	NA	PF01196;COG0203;TIGR00059	Ribosomal protein L17
JAJIVP010000001.1_86	97408	98406	999	-1	0.620	11	AGGAG	GENOMAD.000031.CC	2.697e-79	269	1	0	0	1	NA	NA	NA	PF01193;K03040;TIGR02027;COG0202	DNA-directed RNA polymerase, alpha subunit, bacterial and chloroplast-type
JAJIVP010000001.1_87	98460	99086	627	-1	0.604	11	GGAG/GAGG	GENOMAD.079740.CV	7.36e-25	105	1	0	0	1246	Caudoviricetes	NA	NA	PF00163;K02986;TIGR01017;COG0522	Ribosomal protein S4/S9 N-terminal domain
JAJIVP010000001.1_88	99102	99494	393	-1	0.621	11	GGA/GAG/AGG	GENOMAD.000013.CC	1.888e-50	175	1	0	0	1	NA	NA	NA	PF00411;K02948;COG0100;TIGR03628	Ribosomal protein S11
JAJIVP010000001.1_89	99505	99861	357	-1	0.622	11	GGAG/GAGG	GENOMAD.000014.CC	3.938e-37	136	1	0	0	1	NA	NA	NA	PF00416;COG0099;TIGR03631;K02964	Ribosomal protein S13
JAJIVP010000001.1_90	100194	101558	1365	-1	0.623	11	AGGAG	NA	NA	NA	0	0	0	1	NA	NA	NA	NA	NA
JAJIVP010000001.1_91	101566	102009	444	-1	0.651	11	AGGAG	GENOMAD.000024.CC	3.604e-26	106	1	0	0	1	NA	NA	NA	PF00828;TIGR01071;K02876;COG0200	ribosomal protein L15, bacterial/organelle
JAJIVP010000001.1_92	102014	102205	192	-1	0.589	11	GGAGG	GENOMAD.000237.CC	3.544e-07	47	0	0	0	1	NA	NA	NA	PF00327;TIGR01308;COG1841	ribosomal protein L30, bacterial/organelle
JAJIVP010000001.1_93	102198	102740	543	-1	0.622	11	AGGA	GENOMAD.000010.CC	3.001e-43	157	1	0	0	1	NA	NA	NA	PF00333;PF03719;TIGR01021;COG0098	ribosomal protein S5, bacterial/organelle type
JAJIVP010000001.1_94	102900	103259	360	-1	0.636	11	AGGA	GENOMAD.076560.CV	3.366e-31	119	1	0	0	1	NA	NA	NA	PF00861;TIGR00060;COG0256;K02881	Ribosomal L18 of archaea, bacteria, mitoch. and chloroplast
JAJIVP010000001.1_95	103351	103878	528	-1	0.633	11	AGGA	GENOMAD.000001.CC	3.628e-56	194	1	0	0	1	NA	NA	NA	PF00347;K02933;TIGR03654;COG0097	ribosomal protein L6, bacterial type
JAJIVP010000001.1_96	103894	104292	399	-1	0.586	11	GGA/GAG/AGG	GENOMAD.000019.CC	1.493e-37	138	1	0	0	1	NA	NA	NA	PF00410;K02994;COG0096	Ribosomal protein S8
JAJIVP010000001.1_97	104498	104803	306	-1	0.595	11	GGAG/GAGG	GENOMAD.119080.CP	5.13e-19	83	0	0	0	1	NA	NA	NA	PF00253;COG0199	Ribosomal protein S14
JAJIVP010000001.1_98	104822	105364	543	-1	0.575	11	GGAG/GAGG	GENOMAD.000004.CC	5.418e-88	286	1	0	0	1	NA	NA	NA	PF00673;PF00281;K02931;COG0094	Ribosomal protein L5
JAJIVP010000001.1_99	105376	105693	318	-1	0.610	11	GGAGG	GENOMAD.000028.CC	4.404e-30	115	1	0	0	1	NA	NA	NA	PF17136;PF00467;K02895;TIGR01079;COG0198	ribosomal protein L24, bacterial/organelle
JAJIVP010000001.1_100	105709	106077	369	-1	0.604	11	GGAG/GAGG	GENOMAD.000007.CC	9.663e-54	184	1	0	0	1	NA	NA	NA	PF00238;COG0093;TIGR01067	Ribosomal protein L14
JAJIVP010000001.1_101	106092	106361	270	-1	0.585	11	AGGA	GENOMAD.051620.CP	1.756e-24	98	1	0	0	1	NA	NA	NA	PF00366;TIGR03635;COG0186	ribosomal protein uS17, bacterial form
JAJIVP010000001.1_102	106373	106558	186	-1	0.602	11	GGA/GAG/AGG	GENOMAD.000093.CC	1.118e-09	54	1	0	0	1	NA	NA	NA	PF00831;COG0255;K02904;TIGR00012	Ribosomal protein L29
JAJIVP010000001.1_103	106558	106971	414	-1	0.616	11	GGAG/GAGG	GENOMAD.061469.CV	7.329e-64	214	1	0	0	1	NA	NA	NA	PF00252;K02878;TIGR01164;COG0197	ribosomal protein L16, bacterial/organelle
JAJIVP010000001.1_104	106977	107711	735	-1	0.611	11	AGGA	GENOMAD.000002.CC	2.473e-47	172	1	0	0	1	NA	NA	NA	PF05316;K02982;TIGR01009;COG0092	ribosomal protein S3, bacterial type
JAJIVP010000001.1_105	107729	108064	336	-1	0.607	11	AGGAG	GENOMAD.058918.CV	5.748e-38	138	1	0	0	1	NA	NA	NA	PF00237;K02890;COG0091;TIGR01044	Ribosomal protein L22
JAJIVP010000001.1_106	108077	108346	270	-1	0.570	11	GGA/GAG/AGG	GENOMAD.058748.CV	3.31e-41	146	1	0	0	1	NA	NA	NA	PF00203;K02965;COG0185;TIGR01050	Ribosomal protein S19
JAJIVP010000001.1_107	108353	109180	828	-1	0.644	11	GGAG/GAGG	GENOMAD.058738.CV	1.958e-65	226	1	0	0	1	NA	NA	NA	PF03947;TIGR01171;COG0090	ribosomal protein L2, bacterial/organellar
JAJIVP010000001.1_108	109191	109490	300	-1	0.567	11	AGGAG	GENOMAD.058867.CV	2.788e-24	98	1	0	0	1	NA	NA	NA	PF00276;COG0089;TIGR03636;K02892	Ribosomal protein L23
JAJIVP010000001.1_109	109487	110092	606	-1	0.611	11	AGGAG	GENOMAD.060214.CV	1.046e-27	113	1	0	0	1	NA	NA	NA	PF00573;COG0088;K02926;TIGR03953	Ribosomal protein L4
JAJIVP010000001.1_110	110105	110755	651	-1	0.631	11	GGAG/GAGG	GENOMAD.057410.CP	8.978e-26	108	1	0	0	1	NA	NA	NA	TIGR03625;COG0087	50S ribosomal protein uL3, bacterial form
JAJIVP010000001.1_111	110767	111102	336	-1	0.580	11	AGGA	GENOMAD.059523.CP	2.496e-06	47	1	0	0	1	NA	NA	NA	PF00338;COG0051;TIGR01049	Ribosomal protein S10p/S20e
JAJIVP010000001.1_112	111270	111380	111	1	0.559	11	GGA/GAG/AGG	NA	NA	NA	0	0	0	1	NA	NA	NA	NA	NA
JAJIVP010000001.1_113	112110	112784	675	1	0.627	11	GGA/GAG/AGG	NA	NA	NA	0	0	0	1	NA	NA	NA	NA	NA
JAJIVP010000001.1_114	113072	113434	363	-1	0.623	11	None	GENOMAD.006124.CC	0.0003843	41	0	0	0	1	NA	NA	NA	PF03143	Elongation factor Tu C-terminal domain
JAJIVP010000019.1_1	54	320	267	1	0.562	11	AGGAG	NA	NA	NA	0	0	0	1	NA	NA	NA	NA	NA
JAJIVP010000019.1_2	686	1162	477	1	0.589	11	3Base/5BMM	GENOMAD.177338.PC	9.556e-05	44	0	0	0	1	NA	NA	NA	PF13683	Integrase core domain
JAJIVP010000019.1_3	1149	4046	2898	-1	0.595	11	GGA/GAG/AGG	NA	NA	NA	0	0	0	1	NA	NA	NA	NA	NA
JAJIVP010000019.1_4	4118	6919	2802	-1	0.591	11	GGA/GAG/AGG	NA	NA	NA	0	0	0	1	NA	NA	NA	NA	NA
JAJIVP010000019.1_5	7250	7822	573	-1	0.600	11	GGA/GAG/AGG	NA	NA	NA	0	0	0	1	NA	NA	NA	NA	NA
JAJIVP010000019.1_6	7927	10548	2622	1	0.654	11	GGA/GAG/AGG	NA	NA	NA	0	0	0	1	NA	NA	NA	NA	NA
JAJIVP010000019.1_7	10836	11450	615	1	0.688	11	AGGA	GENOMAD.181672.CP	3.955e-20	91	0	0	0	1	NA	NA	NA	PF06078;COG5403	Bacterial protein of unknown function (DUF937)
JAJIVP010000019.1_8	11881	14127	2247	1	0.661	11	GGA/GAG/AGG	NA	NA	NA	0	0	0	1	NA	NA	NA	NA	NA
JAJIVP010000019.1_9	14251	14658	408	-1	0.667	11	GGA/GAG/AGG	GENOMAD.080041.CP	8.571e-20	87	0	0	0	1	NA	NA	NA	PF01479;COG1188;TIGR02988	Ribosomal 50S subunit-recycling heat shock protein, contains S4 domain
JAJIVP010000019.1_10	14882	15538	657	-1	0.682	11	AGGA	NA	NA	NA	0	0	0	1	NA	NA	NA	NA	NA
JAJIVP010000019.1_11	15597	16292	696	-1	0.704	11	None	GENOMAD.177097.CP	1.642e-06	51	0	0	0	1	NA	NA	NA	PF13280;TIGR03985	WYL domain
JAJIVP010000019.1_12	16675	18168	1494	1	0.652	11	None	GENOMAD.126024.CP	2.348e-15	82	0	0	0	1246	Caudoviricetes	NA	NA	PF04506;K03327;TIGR00797;COG0534	Rft protein
JAJIVP010000019.1_13	18436	18843	408	-1	0.623	11	None	NA	NA	NA	0	0	0	1	NA	NA	NA	NA	NA
JAJIVP010000019.1_14	18989	19747	759	-1	0.659	11	None	GENOMAD.061903.CP	1.228e-25	109	0	0	0	1246	Caudoviricetes	NA	NA	PF01782;PF03448;PF05239;PF01746;COG0806;K00554;TIGR00088	Ribosomal 30S subunit maturation factor RimM, required for 16S rRNA processing
JAJIVP010000019.1_15	19813	20325	513	-1	0.618	11	GGA/GAG/AGG	GENOMAD.062686.CP	8.107e-45	161	1	0	0	1	NA	NA	NA	PF01782;PF05239;COG0806;TIGR02273;K02860	Ribosomal 30S subunit maturation factor RimM, required for 16S rRNA processing
JAJIVP010000019.1_16	20369	20626	258	-1	0.659	11	AGGA	NA	NA	NA	0	0	0	1	NA	NA	NA	NA	NA
JAJIVP010000019.1_17	20724	21521	798	-1	0.667	11	GGA/GAG/AGG	NA	NA	NA	0	0	0	1	NA	NA	NA	NA	NA
JAJIVP010000019.1_18	21739	22581	843	-1	0.683	11	None	NA	NA	NA	0	0	0	1	NA	NA	NA	NA	NA
JAJIVP010000019.1_19	22769	24145	1377	-1	0.663	11	None	GENOMAD.050490.CV	6.138e-55	203	1	0	0	1246	Caudoviricetes	NA	NA	PF02881;PF01591;K03106;TIGR00959;COG0541	signal recognition particle protein
JAJIVP010000020.1_1	1	177	177	1	0.672	11	None	NA	NA	NA	0	0	0	1	NA	NA	NA	NA	NA
JAJIVP010000020.1_2	90	1670	1581	-1	0.669	11	GGAG/GAGG	GENOMAD.212305.CP	4.098e-78	274	0	0	0	1	NA	NA	NA	PF08530;PF02129;TIGR00976;COG2936;K06978	putative hydrolase, CocE/NonD family
JAJIVP010000020.1_3	2052	3026	975	-1	0.684	11	None	GENOMAD.094404.CP	1.199e-08	59	0	0	0	1	NA	NA	NA	NA	NA
JAJIVP010000020.1_4	3137	3625	489	-1	0.681	11	GGAG/GAGG	GENOMAD.058926.CV	2.259e-29	116	1	0	0	1	NA	NA	NA	PF01029;K03625;TIGR01951;COG0781	transcription antitermination factor NusB
JAJIVP010000020.1_5	3622	4086	465	-1	0.673	11	GGA/GAG/AGG	NA	NA	NA	0	0	0	1	NA	NA	NA	NA	NA
JAJIVP010000020.1_6	4376	5515	1140	-1	0.679	11	GGxGG	NA	NA	NA	0	0	0	1	NA	NA	NA	NA	NA
JAJIVP010000020.1_7	5512	6114	603	-1	0.655	11	GGxGG	NA	NA	NA	0	0	0	1	NA	NA	NA	NA	NA
JAJIVP010000020.1_8	6681	7304	624	1	0.631	11	GGA/GAG/AGG	GENOMAD.206109.CP	9.488e-20	90	0	0	0	1	NA	NA	NA	PF06316;TIGR04273	sulfation-dependent quorum factor, Ax21 family
JAJIVP010000020.1_9	7400	8509	1110	-1	0.680	11	GGAG/GAGG	GENOMAD.129171.CP	7.957e-09	60	0	0	0	1	NA	NA	NA	PF01872;TIGR01508;COG1985	2,5-diamino-6-hydroxy-4-(5-phosphoribosylamino)pyrimidine 1'-reductase, archaeal
JAJIVP010000020.1_10	8502	8990	489	-1	0.661	11	None	GENOMAD.195023.CP	2.152e-07	52	0	0	0	1	NA	NA	NA	PF13527;K03826;COG3818;TIGR01575	Predicted acetyltransferase, GNAT superfamily
JAJIVP010000020.1_11	8987	9511	525	-1	0.636	11	AGGA	GENOMAD.145838.VC	1.318e-07	53	0	0	0	1246	Caudoviricetes	NA	NA	PF14354;TIGR00244;COG1327;K21759	transcriptional regulator NrdR
JAJIVP010000020.1_12	9511	10023	513	-1	0.643	11	None	GENOMAD.055619.CC	2.638e-05	46	0	0	0	1	NA	NA	NA	NA	NA
JAJIVP010000020.1_13	10037	11290	1254	-1	0.637	11	GGAG/GAGG	NA	NA	NA	0	0	0	1	NA	NA	NA	NA	NA
JAJIVP010000020.1_14	11488	11985	498	-1	0.669	11	AGGA	GENOMAD.225035.PV	5.024e-07	51	0	0	0	1246	Caudoviricetes	NA	NA	PF11776	Nickel/cobalt transporter regulator
JAJIVP010000020.1_15	12210	13871	1662	1	0.633	11	GGAG/GAGG	NA	NA	NA	0	0	0	1	NA	NA	NA	NA	NA
JAJIVP010000020.1_16	14050	14388	339	1	0.652	11	GGA/GAG/AGG	NA	NA	NA	0	0	0	1	NA	NA	NA	NA	NA
JAJIVP010000020.1_17	14556	15386	831	-1	0.617	11	AGGA	GENOMAD.151688.CP	1.151e-05	49	0	0	0	1	NA	NA	NA	PF00756;K03930;TIGR02821;COG0627	S-formylglutathione hydrolase
JAJIVP010000020.1_18	15445	16020	576	-1	0.592	11	GGAGG	GENOMAD.194208.PC	8.102e-106	338	0	0	0	1	NA	NA	NA	PF19648;K03396;TIGR02820;COG3791	S-(hydroxymethyl)glutathione synthase
JAJIVP010000020.1_19	16089	17198	1110	-1	0.639	11	AGGAG	NA	NA	NA	0	0	0	1	NA	NA	NA	NA	NA
JAJIVP010000020.1_20	17265	17540	276	-1	0.688	11	GGAG/GAGG	NA	NA	NA	0	0	0	1	NA	NA	NA	NA	NA
JAJIVP010000020.1_21	17596	18300	705	1	0.706	11	None	NA	NA	NA	0	0	0	1	NA	NA	NA	NA	NA
JAJIVP010000020.1_22	18655	19668	1014	-1	0.670	11	GGA/GAG/AGG	NA	NA	NA	0	0	0	1	NA	NA	NA	NA	NA
JAJIVP010000020.1_23	19833	20612	780	1	0.658	11	None	NA	NA	NA	0	0	0	1	NA	NA	NA	NA	NA
JAJIVP010000020.1_24	20609	22111	1503	1	0.687	11	GGA/GAG/AGG	NA	NA	NA	0	0	0	1	NA	NA	NA	NA	NA
JAJIVP010000020.1_25	22299	23780	1482	-1	0.650	11	None	GENOMAD.128920.CP	6.696e-138	447	0	0	0	1	NA	NA	NA	PF04107;TIGR01436;COG3572;K01919	glutamate--cysteine ligase, plant type
JAJIVP010000020.1_26	24055	24678	624	-1	0.654	11	None	GENOMAD.090247.CV	3.168e-55	193	0	0	0	1246	Caudoviricetes	NA	NA	PF05049;K03978;TIGR03598;COG0218	ribosome biogenesis GTP-binding protein YsxC/EngB
JAJIVP010000020.1_27	24822	25619	798	1	0.687	11	GGAG/GAGG	NA	NA	NA	0	0	0	1	NA	NA	NA	NA	NA
JAJIVP010000020.1_28	25558	25716	159	1	0.704	11	GGA/GAG/AGG	NA	NA	NA	0	0	0	1	NA	NA	NA	NA	NA
JAJIVP010000020.1_29	25713	26363	651	1	0.653	11	GGAG/GAGG	GENOMAD.152305.CP	1.633e-28	116	0	0	0	1	NA	NA	NA	PF01323;K03673;COG2761;TIGR00411	DSBA-like thioredoxin domain
JAJIVP010000020.1_30	26455	27270	816	1	0.664	11	GGAG/GAGG	GENOMAD.152305.CP	3.924e-29	120	0	0	0	1	NA	NA	NA	PF01323;K03673;COG2761;TIGR00411	DSBA-like thioredoxin domain
JAJIVP010000020.1_31	27290	28057	768	1	0.648	11	None	GENOMAD.152447.CP	6.235e-10	62	0	0	0	1	NA	NA	NA	COG3021;K18353	Uncharacterized conserved protein YafD, endonuclease/exonuclease/phosphatase (EEP) superfamily
JAJIVP010000020.1_32	28339	30318	1980	1	0.636	11	GGA/GAG/AGG	NA	NA	NA	0	0	0	1	NA	NA	NA	NA	NA
JAJIVP010000020.1_33	30359	31831	1473	1	0.654	11	AGGAG	GENOMAD.168696.PC	4.726e-07	55	0	0	0	1	NA	NA	NA	PF07368;TIGR00407;COG0014;K18601	gamma-glutamyl phosphate reductase
JAJIVP010000020.1_34	31958	33628	1671	1	0.650	11	AGGAG	NA	NA	NA	0	0	0	1	NA	NA	NA	NA	NA
JAJIVP010000020.1_35	33786	35018	1233	1	0.663	11	None	NA	NA	NA	0	0	0	1	NA	NA	NA	NA	NA
JAJIVP010000020.1_36	35337	38006	2670	-1	0.606	11	GGAG/GAGG	GENOMAD.152082.CP	6.461e-114	393	0	0	0	1	NA	NA	NA	PF00593;PF07715;PF00691;TIGR01782;COG4773;K16089	TonB-dependent receptor
JAJIVP010000020.1_37	38810	39964	1155	-1	0.671	11	GGA/GAG/AGG	GENOMAD.126037.CP	8.286e-53	194	0	0	0	1	NA	NA	NA	PF12890;K01443;TIGR00221;COG1820	N-acetylglucosamine-6-phosphate deacetylase
JAJIVP010000020.1_38	39967	40995	1029	-1	0.679	11	GGA/GAG/AGG	NA	NA	NA	0	0	0	1	NA	NA	NA	NA	NA
JAJIVP010000020.1_39	41002	42069	1068	-1	0.661	11	GGA/GAG/AGG	NA	NA	NA	0	0	0	1	NA	NA	NA	NA	NA
JAJIVP010000020.1_40	42110	43387	1278	-1	0.631	11	GGA/GAG/AGG	NA	NA	NA	0	0	0	1	NA	NA	NA	NA	NA
JAJIVP010000020.1_41	43431	44198	768	-1	0.674	11	GGAGG	NA	NA	NA	0	0	0	1	NA	NA	NA	NA	NA
JAJIVP010000020.1_42	44551	45261	711	-1	0.692	11	GGA/GAG/AGG	GENOMAD.159311.CP	5.065e-54	191	0	0	0	1	NA	NA	NA	PF01203;K02463;TIGR04411	Type II secretion system (T2SS), protein N
JAJIVP010000020.1_43	45267	45743	477	-1	0.669	11	GGAG/GAGG	GENOMAD.190425.CP	2.755e-76	251	0	0	0	1	NA	NA	NA	PF04612;TIGR04412;K02462;COG3149	type II secretion system protein M, XcpZ-type
JAJIVP010000020.1_44	45740	46828	1089	-1	0.687	11	GGAG/GAGG	GENOMAD.192885.CP	3.747e-182	568	0	0	0	1	NA	NA	NA	PF05134;TIGR01709;COG3297;K02461	type II secretion system protein L
JAJIVP010000020.1_45	46825	47814	990	-1	0.659	11	GGA/GAG/AGG	GENOMAD.151006.CP	3.267e-19	92	0	0	0	1	NA	NA	NA	PF03934;K02460;COG3156;TIGR00426	Type II secretory pathway, component PulK
JAJIVP010000020.1_46	47814	48416	603	-1	0.682	11	GGAG/GAGG	GENOMAD.195831.CP	4.653e-06	49	0	0	0	1	NA	NA	NA	PF07379;K02459;TIGR01711;COG4795	type II secretion system protein J
JAJIVP010000020.1_47	48413	48793	381	-1	0.672	11	None	GENOMAD.176788.CP	1.466e-09	57	0	0	0	1	NA	NA	NA	PF02501;K02458;TIGR01707;COG2165	type II secretion system protein I
JAJIVP010000020.1_48	48777	49247	471	-1	0.643	11	None	GENOMAD.179080.CP	2.843e-83	271	0	0	0	1	NA	NA	NA	PF12019;PF07379;K02457;TIGR01708;COG4970	type II secretion system protein H
JAJIVP010000020.1_49	49299	49763	465	-1	0.628	11	GGAG/GAGG	GENOMAD.168639.CP	0.0008823	41	0	0	0	1	NA	NA	NA	PF07379;K02457;TIGR01708;COG4970	type II secretion system protein H
JAJIVP010000020.1_50	49792	50811	1020	-1	0.668	11	None	GENOMAD.118344.CP	4.026e-20	95	0	0	0	1246	Caudoviricetes	NA	NA	PF00482;K02653;TIGR02120;COG1459	type II secretion system protein F
JAJIVP010000021.1_1	16	246	231	1	0.636	11	GGAG/GAGG	GENOMAD.056550.PP	8.973e-33	121	0	0	0	1	NA	NA	NA	PF12703	Toxin of toxin-antitoxin type 1 system
JAJIVP010000021.1_2	465	803	339	-1	0.649	11	GGA/GAG/AGG	GENOMAD.195024.PC	0.0006682	40	0	0	0	1	NA	NA	NA	PF09720;TIGR02574	putative addiction module component, TIGR02574 family
JAJIVP010000021.1_3	1109	1309	201	1	0.562	11	GGA/GAG/AGG	NA	NA	NA	0	0	0	1	NA	NA	NA	NA	NA
JAJIVP010000021.1_4	1368	4148	2781	1	0.580	11	AGGA/GGAG/GAGG	NA	NA	NA	0	0	0	1	NA	NA	NA	NA	NA
JAJIVP010000021.1_5	4145	6199	2055	1	0.614	11	GGAG/GAGG	NA	NA	NA	0	0	0	1	NA	NA	NA	NA	NA
JAJIVP010000021.1_6	6192	7403	1212	1	0.640	11	GGAGG	NA	NA	NA	0	0	0	1	NA	NA	NA	NA	NA
JAJIVP010000021.1_7	7442	10069	2628	1	0.585	11	GGAG/GAGG	NA	NA	NA	0	0	0	1	NA	NA	NA	NA	NA
JAJIVP010000021.1_8	10051	11226	1176	1	0.620	11	GGAG/GAGG	NA	NA	NA	0	0	0	1	NA	NA	NA	NA	NA
JAJIVP010000021.1_9	11289	11486	198	1	0.616	11	None	GENOMAD.009592.PP	1.533e-08	51	0	0	0	1	NA	NA	NA	NA	NA
JAJIVP010000021.1_10	11747	12718	972	-1	0.631	11	AGGAG	NA	NA	NA	0	0	0	1	NA	NA	NA	NA	NA
JAJIVP010000021.1_11	12855	13436	582	-1	0.629	11	GGAG/GAGG	NA	NA	NA	0	0	0	1	NA	NA	NA	NA	NA
JAJIVP010000021.1_12	13545	14330	786	-1	0.656	11	GGAG/GAGG	NA	NA	NA	0	0	0	1	NA	NA	NA	NA	NA
JAJIVP010000021.1_13	14321	14656	336	-1	0.580	11	AGGAG	GENOMAD.207255.PC	5.197e-39	141	0	0	0	1	NA	NA	NA	PF07858;COG4538;TIGR02246	Uncharacterized conserved protein, nuclear transport factor 2 (NTF2) superfamily
JAJIVP010000021.1_14	14753	15658	906	1	0.653	11	GGA/GAG/AGG	NA	NA	NA	0	0	0	1	NA	NA	NA	NA	NA
JAJIVP010000021.1_15	15821	16357	537	-1	0.648	11	GGxGG	NA	NA	NA	0	0	0	1	NA	NA	NA	NA	NA
JAJIVP010000021.1_16	16354	16557	204	-1	0.637	11	GGAG/GAGG	NA	NA	NA	0	0	0	1	NA	NA	NA	NA	NA
JAJIVP010000021.1_17	17155	19536	2382	-1	0.687	11	GGA/GAG/AGG	GENOMAD.115145.CP	1.01e-264	830	0	0	0	1	NA	NA	NA	K09822;COG3002	Uncharacterized conserved protein YbcC, UPF0753/DUF2309 family
JAJIVP010000021.1_18	19564	21165	1602	-1	0.692	11	GGA/GAG/AGG	GENOMAD.107063.CP	3.799e-51	194	0	0	0	1	NA	NA	NA	PF00361;PF00662;K05577;TIGR01974;COG1009	proton-translocating NADH-quinone oxidoreductase, chain L
JAJIVP010000021.1_19	21275	22165	891	1	0.662	11	None	NA	NA	NA	0	0	0	1	NA	NA	NA	NA	NA
JAJIVP010000021.1_20	22322	23542	1221	-1	0.681	11	GGA/GAG/AGG	NA	NA	NA	0	0	0	1	NA	NA	NA	NA	NA
JAJIVP010000021.1_21	23565	23873	309	-1	0.673	11	AGGA	GENOMAD.141198.CP	1.494e-08	53	0	0	0	1	NA	NA	NA	PF00111;K04755;TIGR02007;COG0633	ferredoxin, 2Fe-2S type, ISC system
JAJIVP010000021.1_22	23883	25064	1182	-1	0.645	11	GGAGG	NA	NA	NA	0	0	0	1	NA	NA	NA	NA	NA
JAJIVP010000021.1_23	25197	26096	900	-1	0.662	11	GGAGG	GENOMAD.146096.PC	8.92e-20	93	0	0	0	1	NA	NA	NA	PF14525;PF12833;K14063;TIGR02297;COG2207	4-hydroxyphenylacetate catabolism regulatory protein HpaA
JAJIVP010000021.1_24	26279	27409	1131	-1	0.662	11	None	NA	NA	NA	0	0	0	1	NA	NA	NA	NA	NA
JAJIVP010000021.1_25	27525	28448	924	1	0.663	11	3Base/5BMM	NA	NA	NA	0	0	0	1	NA	NA	NA	NA	NA
JAJIVP010000021.1_26	28658	29278	621	-1	0.655	11	AGGA	NA	NA	NA	0	0	0	1	NA	NA	NA	NA	NA
JAJIVP010000021.1_27	29323	30450	1128	-1	0.606	11	GGA/GAG/AGG	NA	NA	NA	0	0	0	1	NA	NA	NA	NA	NA
JAJIVP010000021.1_28	30705	31346	642	-1	0.678	11	GGAG/GAGG	NA	NA	NA	0	0	0	1	NA	NA	NA	NA	NA
JAJIVP010000021.1_29	31339	34638	3300	-1	0.691	11	None	GENOMAD.136566.CP	2.301e-05	51	0	0	0	1	NA	NA	NA	PF11849;PF14501;K07682;COG4251;TIGR01924	Bacteriophytochrome (light-regulated signal transduction histidine kinase)
JAJIVP010000021.1_30	34898	35371	474	1	0.637	11	GGAG/GAGG	GENOMAD.167287.CP	4.25e-06	48	0	0	0	1	NA	NA	NA	PF20240;PF12833;COG2207;K13631	AraC-type DNA-binding domain and AraC-containing proteins
JAJIVP010000021.1_31	35368	36024	657	1	0.610	11	GGAG/GAGG	NA	NA	NA	0	0	0	1	NA	NA	NA	NA	NA
JAJIVP010000021.1_32	36072	36455	384	1	0.659	11	None	GENOMAD.159609.CP	3.097e-10	59	0	0	0	1	NA	NA	NA	COG2259;K15977	Uncharacterized membrane protein YphA, DoxX/SURF4 family
JAJIVP010000021.1_33	36569	38416	1848	1	0.646	11	GGA/GAG/AGG	NA	NA	NA	0	0	0	1	NA	NA	NA	NA	NA
JAJIVP010000021.1_34	38511	40139	1629	1	0.669	11	GGAG/GAGG	GENOMAD.140488.CP	1.409e-15	83	0	0	0	1	NA	NA	NA	K23448;COG2223	Nitrate/nitrite transporter NarK
JAJIVP010000021.1_35	40144	40374	231	1	0.658	11	GGA/GAG/AGG	GENOMAD.218600.CV	2.033e-17	77	0	0	0	1	NA	NA	NA	PF07235;TIGR03510;COG4317	XapX domain
JAJIVP010000021.1_36	40371	40529	159	1	0.660	11	GGA/GAG/AGG	GENOMAD.218600.CV	1.414e-10	56	0	0	0	1	NA	NA	NA	PF07235;TIGR03510;COG4317	XapX domain
JAJIVP010000021.1_37	40834	41658	825	-1	0.616	11	GGAG/GAGG	GENOMAD.159647.PC	1.552e-34	136	0	0	0	1	NA	NA	NA	PF08386	TAP-like protein
JAJIVP010000021.1_38	41696	42325	630	1	0.635	11	AGGAG	NA	NA	NA	0	0	0	1	NA	NA	NA	NA	NA
JAJIVP010000021.1_39	42418	43752	1335	-1	0.652	11	None	NA	NA	NA	0	0	0	1	NA	NA	NA	NA	NA
JAJIVP010000021.1_40	43894	44361	468	1	0.694	11	GGAG/GAGG	GENOMAD.130078.CP	4.051e-06	48	0	0	0	1	NA	NA	NA	PF02742;PF12793;K11924;COG1321;TIGR02036	Mn-dependent transcriptional regulator, DtxR family
JAJIVP010000021.1_41	44358	44873	516	1	0.661	11	GGxGG	NA	NA	NA	0	0	0	1	NA	NA	NA	NA	NA
JAJIVP010000021.1_42	44945	45529	585	1	0.626	11	AGGA	NA	NA	NA	0	0	0	1	NA	NA	NA	NA	NA
JAJIVP010000021.1_43	45751	46743	993	-1	0.627	11	GGA/GAG/AGG	NA	NA	NA	0	0	0	1	NA	NA	NA	NA	NA
JAJIVP010000021.1_44	46743	49121	2379	-1	0.628	11	GGAG/GAGG	NA	NA	NA	0	0	0	1	NA	NA	NA	NA	NA
JAJIVP010000021.1_45	49264	50085	822	1	0.599	11	GGAG/GAGG	GENOMAD.126338.CP	1.103e-71	244	0	0	0	1	NA	NA	NA	PF03618;K09773;COG1806	Kinase/pyrophosphorylase
JAJIVP010000021.1_46	50274	50783	510	1	0.655	11	AGGA	GENOMAD.006866.CC	4.173e-77	254	0	0	0	1	NA	NA	NA	PF06853;COG3151;K09920	Uncharacterized protein YqiB, DUF1249 family
JAJIVP010000021.1_47	50854	51342	489	1	0.648	11	None	NA	NA	NA	0	0	0	1	NA	NA	NA	NA	NA
JAJIVP010000021.1_48	51701	52459	759	-1	0.672	11	GGAG/GAGG	NA	NA	NA	0	0	0	1	NA	NA	NA	NA	NA
JAJIVP010000021.1_49	52592	53206	615	1	0.649	11	GGA/GAG/AGG	GENOMAD.120745.CP	4.164e-19	88	0	0	0	1	NA	NA	NA	PF01066;K17103;COG1183;TIGR04217	Phosphatidylserine synthase
JAJIVP010000021.1_50	53264	54487	1224	1	0.672	11	GGA/GAG/AGG	GENOMAD.017651.CC	1.508e-16	85	0	0	0	1	NA	NA	NA	PF09712;TIGR01834;K22881;COG3937	poly(R)-hydroxyalkanoic acid synthase, class III, PhaE subunit
JAJIVP010000021.1_51	54484	55560	1077	1	0.607	11	GGAG/GAGG	NA	NA	NA	0	0	0	1	NA	NA	NA	NA	NA
JAJIVP010000021.1_52	55674	55871	198	1	0.601	11	AGGAG	GENOMAD.016611.CC	2.234e-05	42	0	0	0	1	NA	NA	NA	PF04024;COG1983;TIGR02978;K03973	Phage shock protein PspC (stress-responsive transcriptional regulator)
JAJIVP010000021.1_53	55880	56356	477	1	0.667	11	None	NA	NA	NA	0	0	0	1	NA	NA	NA	NA	NA
JAJIVP010000021.1_54	56314	57525	1212	-1	0.646	11	None	NA	NA	NA	0	0	0	1	NA	NA	NA	NA	NA
JAJIVP010000021.1_55	57718	57945	228	1	0.592	11	GGAG/GAGG	NA	NA	NA	0	0	0	1	NA	NA	NA	NA	NA
JAJIVP010000021.1_56	58048	60411	2364	1	0.649	11	None	GENOMAD.142574.CP	7.539e-20	98	0	0	0	1	NA	NA	NA	PF17674	HHH domain
JAJIVP010000021.1_57	60584	63997	3414	-1	0.652	11	GGxGG	NA	NA	NA	0	0	0	1	NA	NA	NA	NA	NA
JAJIVP010000021.1_58	64200	64580	381	-1	0.612	11	AGGAG	NA	NA	NA	0	0	0	1	NA	NA	NA	NA	NA
JAJIVP010000021.1_59	64990	66216	1227	1	0.673	11	3Base/5BMM	NA	NA	NA	0	0	0	1	NA	NA	NA	NA	NA
JAJIVP010000021.1_60	66317	66922	606	1	0.523	11	GGAG/GAGG	NA	NA	NA	0	0	0	1	NA	NA	NA	NA	NA
JAJIVP010000021.1_61	67021	67269	249	1	0.635	11	GGA/GAG/AGG	NA	NA	NA	0	0	0	1	NA	NA	NA	NA	NA
JAJIVP010000021.1_62	67266	67568	303	1	0.650	11	AGGAG	NA	NA	NA	0	0	0	1	NA	NA	NA	NA	NA
JAJIVP010000021.1_63	67555	67797	243	1	0.675	11	GGAGG	NA	NA	NA	0	0	0	1	NA	NA	NA	NA	NA
JAJIVP010000021.1_64	67865	68284	420	1	0.595	11	GGAGG	NA	NA	NA	0	0	0	1	NA	NA	NA	NA	NA
JAJIVP010000021.1_65	68504	69067	564	1	0.679	11	GGAG/GAGG	GENOMAD.130534.VV	7.703e-05	45	0	0	0	1246	Caudoviricetes	NA	NA	NA	NA
JAJIVP010000021.1_66	69542	69718	177	1	0.644	11	GGA/GAG/AGG	NA	NA	NA	0	0	0	1	NA	NA	NA	NA	NA
JAJIVP010000022.1_1	70	1119	1050	-1	0.695	11	GGAGG	GENOMAD.192709.PC	6.815e-64	225	0	0	0	1	NA	NA	NA	PF13531;TIGR03261;K02012;COG1840	putative 2-aminoethylphosphonate ABC transporter, periplasmic 2-aminoethylphosphonate-binding protein
JAJIVP010000022.1_2	1119	2504	1386	-1	0.689	11	GGAG/GAGG	GENOMAD.169710.PC	1.014e-29	127	0	0	0	1	NA	NA	NA	PF08521	Two-component sensor kinase N-terminal
JAJIVP010000022.1_3	2497	3198	702	-1	0.657	11	None	NA	NA	NA	0	0	0	1	NA	NA	NA	NA	NA
JAJIVP010000022.1_4	3454	4647	1194	1	0.642	11	GGAGG	NA	NA	NA	0	0	0	1	NA	NA	NA	NA	NA
JAJIVP010000022.1_5	4874	6202	1329	1	0.633	11	AGGA	GENOMAD.189690.PC	1.423e-101	339	0	0	0	1	NA	NA	NA	COG2851	Mg2+/citrate symporter
JAJIVP010000022.1_6	6321	7061	741	1	0.649	11	AGGAG	NA	NA	NA	0	0	0	1	NA	NA	NA	NA	NA
JAJIVP010000022.1_7	7307	8338	1032	1	0.671	11	None	NA	NA	NA	0	0	0	1	NA	NA	NA	NA	NA
JAJIVP010000022.1_8	8533	9858	1326	-1	0.656	11	GGA/GAG/AGG	GENOMAD.152654.CP	1.143e-08	60	0	0	0	1	NA	NA	NF012174	PF03825;K16211;TIGR00792;COG2211	sugar (Glycoside-Pentoside-Hexuronide) transporter
JAJIVP010000022.1_9	10125	12578	2454	1	0.655	11	GGA/GAG/AGG	GENOMAD.136547.CP	2.682e-212	679	0	0	0	1	NA	NA	NA	PF14905;PF07715;K16090;TIGR01776;COG4774	TonB-dependent lactoferrin and transferrin receptors
JAJIVP010000023.1_1	2	859	858	1	0.615	11	None	NA	NA	NA	0	0	0	1	NA	NA	NA	NA	NA
JAJIVP010000023.1_2	797	1150	354	-1	0.497	11	GGA/GAG/AGG	NA	NA	NA	0	0	0	1	NA	NA	NA	NA	NA
JAJIVP010000023.1_3	1519	2082	564	1	0.582	11	GGAG/GAGG	GENOMAD.111553.PC	3.36e-13	70	0	0	0	1	NA	NA	NA	PF19489;K18377;COG4764	Transglycosylase SLT domain
JAJIVP010000024.1_1	1	1494	1494	-1	0.684	11	GGAG/GAGG	GENOMAD.178810.CP	2.554e-26	117	0	0	0	1	NA	NA	NA	PF19465;PF00135;K01753;TIGR02035;COG3048	D-serine ammonia-lyase
JAJIVP010000024.1_2	1494	2642	1149	-1	0.689	11	AGGAG	NA	NA	NA	0	0	0	1	NA	NA	NA	NA	NA
JAJIVP010000024.1_3	2702	3271	570	-1	0.649	11	GGA/GAG/AGG	NA	NA	NA	0	0	0	1	NA	NA	NA	NA	NA
JAJIVP010000024.1_4	4283	4840	558	1	0.573	11	GGA/GAG/AGG	NA	NA	NA	0	0	0	1	NA	NA	NA	NA	NA
JAJIVP010000024.1_5	5165	7840	2676	-1	0.660	11	GGA/GAG/AGG	NA	NA	NA	0	0	0	1	NA	NA	NA	NA	NA
JAJIVP010000024.1_6	8236	8877	642	1	0.614	11	GGA/GAG/AGG	NA	NA	NA	0	0	0	1	NA	NA	NA	NA	NA
JAJIVP010000024.1_7	9036	9695	660	1	0.605	11	GGAG/GAGG	NA	NA	NA	0	0	0	1	NA	NA	NA	NA	NA
JAJIVP010000024.1_8	9728	13684	3957	1	0.634	11	AGGAG	NA	NA	NA	0	0	0	1	NA	NA	NA	NA	NA
JAJIVP010000024.1_9	13725	14375	651	1	0.607	11	AGGAG	GENOMAD.082990.PP	2.63e-79	263	0	0	0	1	NA	NA	NA	NA	NA
JAJIVP010000024.1_10	14830	15912	1083	1	0.532	11	GGA/GAG/AGG	NA	NA	NA	0	0	0	1	NA	NA	NA	NA	NA
JAJIVP010000024.1_11	16079	19204	3126	-1	0.651	11	GGA/GAG/AGG	NA	NA	NA	0	0	0	1	NA	NA	NA	NA	NA
JAJIVP010000024.1_12	19201	20271	1071	-1	0.680	11	AGGA	NA	NA	NA	0	0	0	1	NA	NA	NA	NA	NA
JAJIVP010000024.1_13	20673	22649	1977	-1	0.654	11	GGAG/GAGG	NA	NA	NA	0	0	0	1	NA	NA	NA	NA	NA
JAJIVP010000024.1_14	22649	23557	909	-1	0.664	11	None	NA	NA	NA	0	0	0	1	NA	NA	NA	NA	NA
JAJIVP010000024.1_15	23737	25584	1848	1	0.690	11	GGA/GAG/AGG	GENOMAD.148123.CP	2.55e-13	76	0	0	0	1	NA	NA	NA	PF08021;COG0543;TIGR02911;K11933	NAD(P)H-flavin reductase
JAJIVP010000024.1_16	25701	27407	1707	1	0.665	11	None	NA	NA	NA	0	0	0	1	NA	NA	NA	NA	NA
JAJIVP010000024.1_17	27404	28129	726	1	0.640	11	GGA/GAG/AGG	NA	NA	NA	0	0	0	1	NA	NA	NA	NA	NA
JAJIVP010000024.1_18	28256	29857	1602	-1	0.675	11	GGAG/GAGG	GENOMAD.154339.CP	1.45e-69	249	0	0	0	1	NA	NA	NA	PF03929;COG3182;K03863	PepSY-associated TM region
JAJIVP010000024.1_19	29857	31884	2028	-1	0.663	11	GGA/GAG/AGG	GENOMAD.127342.CP	2.34e-23	109	0	0	0	1	NA	NA	NA	PF11854;PF07715;TIGR01776;COG4773;K16090	TonB-dependent lactoferrin and transferrin receptors
JAJIVP010000024.1_20	32055	32492	438	-1	0.674	11	None	GENOMAD.072167.PP	1.499e-05	46	0	0	0	1	NA	NA	NA	PF11162	NA
JAJIVP010000024.1_21	32757	33992	1236	1	0.659	11	GGA/GAG/AGG	GENOMAD.178893.CP	5.046e-05	48	0	0	0	1	NA	NA	NA	PF15714;K20962;COG1956	GAF domain-containing protein, putative methionine-R-sulfoxide reductase
JAJIVP010000024.1_22	34936	35115	180	-1	0.717	11	GGA/GAG/AGG	NA	NA	NA	0	0	0	1	NA	NA	NA	NA	NA
JAJIVP010000024.1_23	35124	36107	984	-1	0.685	11	GGA/GAG/AGG	NA	NA	NA	0	0	0	1	NA	NA	NA	NA	NA
JAJIVP010000024.1_24	36271	37473	1203	1	0.732	11	AGGA/GGAG/GAGG	NA	NA	NA	0	0	0	1	NA	NA	NA	NA	NA
JAJIVP010000024.1_25	37490	38449	960	1	0.678	11	GGAG/GAGG	NA	NA	NA	0	0	0	1	NA	NA	NA	NA	NA
JAJIVP010000024.1_26	38746	39252	507	1	0.669	11	GGAG/GAGG	GENOMAD.161143.CP	1.176e-05	47	0	0	0	1	NA	NA	NA	PF02544;TIGR04571;COG4094	lipid A Kdo2 1-phosphate O-methyltransferase
JAJIVP010000024.1_27	39449	39988	540	1	0.631	11	None	NA	NA	NA	0	0	0	1	NA	NA	NA	NA	NA
JAJIVP010000024.1_28	40204	41208	1005	-1	0.627	11	AGGA	NA	NA	NA	0	0	0	1	NA	NA	NA	NA	NA
JAJIVP010000024.1_29	41764	43230	1467	-1	0.651	11	GGAGG	NA	NA	NA	0	0	0	1	NA	NA	NA	NA	NA
JAJIVP010000024.1_30	43489	44055	567	-1	0.663	11	GGA/GAG/AGG	NA	NA	NA	0	0	0	1	NA	NA	NA	NA	NA
JAJIVP010000024.1_31	44052	45227	1176	-1	0.668	11	GGA/GAG/AGG	NA	NA	NA	0	0	0	1	NA	NA	NA	NA	NA
JAJIVP010000024.1_32	45544	46902	1359	-1	0.702	11	GGAG/GAGG	GENOMAD.022838.CC	9.504e-133	430	0	0	0	1	NA	NA	NA	PF13163	NA
JAJIVP010000024.1_33	46899	49352	2454	-1	0.678	11	None	GENOMAD.003280.CC	0.0	1211	0	0	0	1	NA	NA	NA	COG5373	NA
JAJIVP010000024.1_34	49925	50395	471	-1	0.586	11	GGA/GAG/AGG	NA	NA	NA	0	0	0	1	NA	NA	NA	NA	NA
JAJIVP010000024.1_35	50605	51606	1002	-1	0.617	11	AGGAG	NA	NA	NA	0	0	0	1	NA	NA	NA	NA	NA
JAJIVP010000024.1_36	52071	52592	522	1	0.638	11	GGAG/GAGG	GENOMAD.208558.PC	6.029e-07	51	0	0	0	1	NA	NA	NA	PF08332;TIGR02246;COG4875;K10533	conserved hypothetical protein
JAJIVP010000024.1_37	52879	53502	624	1	0.643	11	GGA/GAG/AGG	GENOMAD.167222.CP	5.067e-30	120	0	0	0	1	NA	NA	NA	PF05736;K07275;COG3047;TIGR04565	Outer membrane protein W
JAJIVP010000024.1_38	53620	54234	615	1	0.631	11	None	GENOMAD.167534.CP	2.263e-15	77	0	0	0	1	NA	NA	NA	PF16961;K07275;COG3047;TIGR04565	Outer membrane protein W
JAJIVP010000024.1_39	54493	55266	774	1	0.695	11	None	NA	NA	NA	0	0	0	1	NA	NA	NA	NA	NA
JAJIVP010000024.1_40	55280	56104	825	1	0.652	11	GGAG/GAGG	GENOMAD.124145.CP	0.0004253	44	0	0	0	1	NA	NA	NF033105	PF19583;TIGR04559;K20257;COG0426	quinoprotein relay system zinc metallohydrolase 2
JAJIVP010000024.1_41	56180	56956	777	1	0.656	11	AGGAG	GENOMAD.132251.CP	3.054e-26	111	0	0	0	1	NA	NA	NA	NA	NA
JAJIVP010000024.1_42	56973	57659	687	1	0.693	11	None	NA	NA	NA	0	0	0	1	NA	NA	NA	NA	NA
JAJIVP010000024.1_43	57659	58273	615	1	0.662	11	GGAG/GAGG	NA	NA	NA	0	0	0	1	NA	NA	NA	NA	NA
JAJIVP010000024.1_44	58371	58955	585	-1	0.674	11	None	NA	NA	NA	0	0	0	1	NA	NA	NA	NA	NA
JAJIVP010000024.1_45	58952	59773	822	-1	0.659	11	None	GENOMAD.136404.CP	7.344e-09	59	0	0	0	1	NA	NA	NA	PF03544;TIGR01352	TonB family C-terminal domain
JAJIVP010000024.1_46	59792	60250	459	-1	0.651	11	AGGAG	NA	NA	NA	0	0	0	1	NA	NA	NA	NA	NA
JAJIVP010000024.1_47	60240	60605	366	-1	0.642	11	GGA/GAG/AGG	NA	NA	NA	0	0	0	1	NA	NA	NA	NA	NA
JAJIVP010000024.1_48	60730	62727	1998	1	0.655	11	GGA/GAG/AGG	NA	NA	NA	0	0	0	1	NA	NA	NA	NA	NA
JAJIVP010000024.1_49	62863	64038	1176	1	0.636	11	None	GENOMAD.208454.PC	4.076e-82	280	0	0	0	1	NA	NA	NA	PF16670	Phosphoinositide phospholipase C, Ca2+-dependent
JAJIVP010000024.1_50	64161	64949	789	1	0.626	11	GGA/GAG/AGG	NA	NA	NA	0	0	0	1	NA	NA	NA	NA	NA
JAJIVP010000024.1_51	64892	66874	1983	1	0.628	11	None	GENOMAD.152082.CP	2.881e-13	76	0	0	0	1	NA	NA	NA	PF00593;PF07715;PF00691;TIGR01782;COG4773;K16089	TonB-dependent receptor
JAJIVP010000024.1_52	67176	68183	1008	1	0.642	11	GGA/GAG/AGG	NA	NA	NA	0	0	0	1	NA	NA	NA	NA	NA
JAJIVP010000024.1_53	68186	68905	720	1	0.650	11	AGGA	NA	NA	NA	0	0	0	1	NA	NA	NA	NA	NA
JAJIVP010000024.1_54	69375	71558	2184	-1	0.627	11	GGAG/GAGG	GENOMAD.130354.CP	3.372e-116	394	0	0	0	1	NA	NA	NA	PF14905;PF07715;K16088;COG4773;TIGR01776	Outer membrane receptor for ferric coprogen and ferric-rhodotorulic acid
JAJIVP010000024.1_55	72278	74278	2001	-1	0.648	11	None	NA	NA	NA	0	0	0	1	NA	NA	NA	NA	NA
JAJIVP010000024.1_56	74484	75764	1281	-1	0.643	11	GGA/GAG/AGG	NA	NA	NA	0	0	0	1	NA	NA	NA	NA	NA
JAJIVP010000024.1_57	76590	78338	1749	-1	0.683	11	GGA/GAG/AGG	GENOMAD.097040.CP	5.788e-27	120	0	0	0	1	NA	NA	NA	NA	NA
JAJIVP010000024.1_58	78335	80152	1818	-1	0.670	11	GGAGG	GENOMAD.127016.CP	3.22e-07	56	0	0	0	1	NA	NA	NA	PF10516;TIGR03302;COG4455	outer membrane assembly lipoprotein YfiO
JAJIVP010000024.1_59	80140	81156	1017	-1	0.663	11	None	NA	NA	NA	0	0	0	1	NA	NA	NA	NA	NA
JAJIVP010000024.1_60	81153	81614	462	-1	0.706	11	GGAG/GAGG	GENOMAD.128916.CP	7.863e-46	163	0	0	0	1	NA	NA	NA	PF14316	NA
JAJIVP010000024.1_61	81617	82546	930	-1	0.698	11	None	GENOMAD.123116.CP	1.935e-07	55	0	0	0	1	NA	NA	NA	PF01882;PF05753;COG1721	Uncharacterized conserved protein, DUF58 family, contains vWF domain
JAJIVP010000024.1_62	82600	83619	1020	-1	0.664	11	None	NA	NA	NA	0	0	0	1	NA	NA	NA	NA	NA
JAJIVP010000024.1_63	84057	86006	1950	-1	0.599	11	GGA/GAG/AGG	GENOMAD.070464.CC	9.999e-28	123	0	0	0	1	NA	NA	NA	NA	NA
JAJIVP010000024.1_64	86026	86559	534	-1	0.635	11	GGA/GAG/AGG	GENOMAD.002097.CC	1.064e-70	236	0	0	0	1	NA	NA	NA	PF04351;K02665;COG3168	Tfp pilus assembly protein PilP
JAJIVP010000024.1_65	86556	87221	666	-1	0.604	11	AGGAGG	GENOMAD.000893.CC	1.363e-53	189	0	0	0	1	NA	NA	NA	PF04350;K23985;COG3167	Tfp pilus assembly protein PilO
JAJIVP010000024.1_66	87218	88000	783	-1	0.641	11	AGGAG	GENOMAD.000823.CC	3.859e-49	178	0	0	0	1	NA	NA	NA	PF12693;K02663;COG3166	Tfp pilus assembly protein PilN
JAJIVP010000024.1_67	88000	89058	1059	-1	0.631	11	GGAG/GAGG	GENOMAD.000156.CC	3.67e-63	223	0	0	0	1	NA	NA	NA	PF11104;TIGR01175;COG4972;K02662	type IV pilus assembly protein PilM
JAJIVP010000024.1_68	89271	91697	2427	1	0.656	11	GGA/GAG/AGG	NA	NA	NA	0	0	0	1	NA	NA	NA	NA	NA
JAJIVP010000024.1_69	92006	92656	651	1	0.670	11	GGAG/GAGG	GENOMAD.004530.CC	8.439e-27	111	0	0	0	1	NA	NA	NA	PF14091;COG2413;K07073	Predicted nucleotidyltransferase
JAJIVP010000024.1_70	92904	94193	1290	-1	0.608	11	AGGAG	GENOMAD.123376.CP	7.419e-68	240	0	0	0	1	NA	NA	NA	PF00285;TIGR01798;COG0372;K01659	citrate synthase I (hexameric type)
JAJIVP010000024.1_71	94423	94665	243	-1	0.539	11	None	NA	NA	NA	0	0	0	1	NA	NA	NA	NA	NA
JAJIVP010000024.1_72	94737	95675	939	-1	0.677	11	None	NA	NA	NA	0	0	0	1	NA	NA	NA	NA	NA
JAJIVP010000024.1_73	95798	97951	2154	-1	0.678	11	None	NA	NA	NA	0	0	0	1	NA	NA	NA	NA	NA
JAJIVP010000024.1_74	97972	98352	381	-1	0.654	11	GGAG/GAGG	GENOMAD.150994.CP	4.04e-06	47	0	0	0	1	NA	NA	NA	PF01042;TIGR03610;COG0251;K09021	pyrimidine utilization protein C
JAJIVP010000024.1_75	98432	100603	2172	-1	0.649	11	None	NA	NA	NA	0	0	0	1	NA	NA	NA	NA	NA
JAJIVP010000024.1_76	100731	101030	300	-1	0.637	11	GGAG/GAGG	GENOMAD.093361.CV	3.28e-07	49	0	0	0	1	NA	NA	NA	PF01192;COG1758;TIGR00690;K03060	DNA-directed RNA polymerase, subunit K/omega
JAJIVP010000024.1_77	101291	101902	612	-1	0.668	11	None	NA	NA	NA	0	0	0	1	NA	NA	NA	NA	NA
JAJIVP010000024.1_78	102054	102914	861	-1	0.667	11	GGA/GAG/AGG	GENOMAD.073106.CV	2.823e-85	284	0	0	0	1246	Caudoviricetes	NA	NA	PF03755;PF08340;TIGR00255;COG1561	TIGR00255 family protein
JAJIVP010000024.1_79	103024	103749	726	1	0.674	11	GGA/GAG/AGG	GENOMAD.067591.CV	7.554e-97	315	0	0	0	1246	Caudoviricetes	NA	NA	PF01138;PF03725;K00989;TIGR01966;COG0689	ribonuclease PH
JAJIVP010000024.1_80	103833	104138	306	1	0.657	11	None	GENOMAD.178375.CP	5.833e-10	57	0	0	0	1	NA	NA	NA	PF18029;COG3324;TIGR03081;K08234	Predicted enzyme related to lactoylglutathione lyase
JAJIVP010000024.1_81	104135	104734	600	1	0.660	11	GGAG/GAGG	NA	NA	NA	0	0	0	1	NA	NA	NA	NA	NA
JAJIVP010000024.1_82	104750	105907	1158	1	0.654	11	None	NA	NA	NA	0	0	0	1	NA	NA	NA	NA	NA
JAJIVP010000024.1_83	106206	108629	2424	1	0.684	11	GGA/GAG/AGG	GENOMAD.107195.CP	1.456e-138	463	0	0	0	1	NA	NA	NA	NA	NA
JAJIVP010000024.1_84	108626	108973	348	1	0.678	11	GGAG/GAGG	GENOMAD.013799.CC	3.799e-52	179	0	0	0	1	NA	NA	NA	PF16823;COG3215;TIGR02266	Tfp pilus assembly protein PilZ
JAJIVP010000024.1_85	109181	110506	1326	1	0.661	11	GGA/GAG/AGG	GENOMAD.191002.CP	1.774e-55	204	0	0	0	1	NA	NA	NA	PF05195	Putative metallopeptidase
JAJIVP010000024.1_86	110620	111018	399	1	0.674	11	GGA/GAG/AGG	NA	NA	NA	0	0	0	1	NA	NA	NA	NA	NA
JAJIVP010000024.1_87	111181	112509	1329	-1	0.658	11	None	GENOMAD.120563.CP	5.641e-09	61	0	0	0	1	NA	NA	NA	PF00557;K01271;COG0006;TIGR02993	Xaa-Pro aminopeptidase
JAJIVP010000024.1_88	112518	113060	543	-1	0.683	11	GGA/GAG/AGG	GENOMAD.111615.CP	8.698e-40	147	0	0	0	1	NA	NA	NA	PF03695;K09895;COG3079;TIGR02292	Uncharacterized conserved protein YgfB, UPF0149 family
JAJIVP010000024.1_89	113295	113516	222	1	0.662	11	None	GENOMAD.004052.CC	1.41e-19	83	0	0	0	1	NA	NA	NA	PF06005;TIGR02449;COG3074	TIGR02449 family protein
JAJIVP010000024.1_90	113513	113812	300	1	0.620	11	GGAG/GAGG	GENOMAD.001146.CC	4.378e-12	63	0	0	0	1	NA	NA	NA	PF05164;K09888;COG3027	Cell division protein ZapA, inhibits GTPase activity of FtsZ
JAJIVP010000024.1_91	114419	115009	591	1	0.699	11	GGA/GAG/AGG	NA	NA	NA	0	0	0	1	NA	NA	NA	NA	NA
JAJIVP010000024.1_92	115006	115482	477	1	0.618	11	None	GENOMAD.115277.CP	8.48e-39	143	0	0	0	1	NA	NA	NA	PF01878;COG2947	Predicted RNA-binding protein, contains PUA-like domain
JAJIVP010000024.1_93	115580	116227	648	1	0.657	11	GGA/GAG/AGG	NA	NA	NA	0	0	0	1	NA	NA	NA	NA	NA
JAJIVP010000024.1_94	116426	116839	414	1	0.647	11	None	NA	NA	NA	0	0	0	1	NA	NA	NA	NA	NA
JAJIVP010000024.1_95	117044	117889	846	1	0.661	11	None	GENOMAD.001272.CC	9.669e-33	131	0	0	0	1	NA	NA	NA	PF13369;COG2912	Regulator of sirC expression, contains transglutaminase-like and TPR domains
JAJIVP010000024.1_96	118034	118273	240	-1	0.629	11	None	GENOMAD.022030.CC	4.124e-05	42	0	0	0	1	NA	NA	NA	PF00301;COG1773;K05297	Rubredoxin
JAJIVP010000024.1_97	118297	118935	639	1	0.684	11	GGA/GAG/AGG	NA	NA	NA	0	0	0	1	NA	NA	NA	NA	NA
JAJIVP010000024.1_98	119774	122956	3183	-1	0.631	11	GGAG/GAGG	GENOMAD.125907.CP	1.41e-208	679	0	0	0	1	NA	NA	NA	PF14905;PF07715;TIGR01783;COG4771;K19611	TonB-dependent siderophore receptor
JAJIVP010000024.1_99	123259	124548	1290	1	0.674	11	AGGA	GENOMAD.118353.CP	5.597e-28	121	0	0	0	1	NA	NA	NA	NA	NA
JAJIVP010000024.1_100	125414	128185	2772	1	0.669	11	None	GENOMAD.154381.CP	1.915e-33	143	0	0	0	1	NA	NA	NA	PF09820;K03556;COG2909;TIGR02928	ATP-, maltotriose- and DNA-dependent transcriptional regulator MalT
JAJIVP010000024.1_101	128197	128334	138	1	0.616	11	GGA/GAG/AGG	NA	NA	NA	0	0	0	1	NA	NA	NA	NA	NA
JAJIVP010000024.1_102	128268	128717	450	-1	0.611	11	AGGAG	GENOMAD.130165.CV	2.289e-57	196	0	0	0	1	NA	NA	NA	PF13473;COG3241;TIGR02695;K02638	Azurin
JAJIVP010000024.1_103	128928	130130	1203	-1	0.645	11	GGAGG	NA	NA	NA	0	0	0	1	NA	NA	NA	NA	NA
JAJIVP010000024.1_104	130161	130664	504	-1	0.619	11	AGGA	GENOMAD.146177.CP	1.26e-55	192	0	0	0	1	NA	NA	NA	PF01042;COG0251;TIGR00004;K09021	Enamine deaminase RidA, house cleaning of reactive enamine intermediates, YjgF/YER057c/UK114 family
JAJIVP010000024.1_105	130689	131114	426	-1	0.655	11	GGAGG	GENOMAD.132779.CP	5.256e-09	56	0	0	0	1	NA	NA	NA	PF09086;K00406;COG2010;TIGR04494	Cytochrome c, mono- and diheme variants
JAJIVP010000024.1_106	131111	132718	1608	-1	0.636	11	GGA/GAG/AGG	NA	NA	NA	0	0	0	1	NA	NA	NA	NA	NA
JAJIVP010000024.1_107	132788	135082	2295	-1	0.630	11	GGA/GAG/AGG	GENOMAD.179607.CP	3.274e-76	276	0	0	0	1	NA	NA	NA	K16091;COG4206	Outer membrane cobalamin receptor protein
JAJIVP010000024.1_108	135368	135985	618	1	0.673	11	GGA/GAG/AGG	GENOMAD.146405.CP	2.342e-39	147	0	0	0	1	NA	NA	NA	PF12689;K20866;TIGR01656;COG0241	histidinol-phosphate phosphatase family domain
JAJIVP010000024.1_109	136171	137397	1227	-1	0.677	11	None	NA	NA	NA	0	0	0	1	NA	NA	NA	NA	NA
JAJIVP010000024.1_110	137470	138342	873	1	0.647	11	None	NA	NA	NA	0	0	0	1	NA	NA	NA	NA	NA
JAJIVP010000024.1_111	138483	139298	816	-1	0.661	11	None	NA	NA	NA	0	0	0	1	NA	NA	NA	NA	NA
JAJIVP010000024.1_112	139423	140151	729	-1	0.686	11	GGAG/GAGG	GENOMAD.142991.CP	9.82e-112	358	0	0	0	1	NA	NA	NA	PF01633;COG2112;K13419;TIGR03724	Predicted Ser/Thr protein kinase
JAJIVP010000024.1_113	140234	142321	2088	1	0.672	11	None	GENOMAD.133581.CP	9.344e-15	81	0	0	0	1	NA	NA	NA	PF09335;K03975;COG0586	Uncharacterized membrane protein DedA, SNARE-associated domain
JAJIVP010000024.1_114	142733	143617	885	-1	0.615	11	GGAG/GAGG	NA	NA	NA	0	0	0	1	NA	NA	NA	NA	NA
JAJIVP010000024.1_115	143897	144493	597	-1	0.648	11	None	GENOMAD.000566.CC	7.523e-31	122	0	0	0	1	NA	NA	NA	PF02190;K07157;COG0466;TIGR00763	ATP-dependent Lon protease, bacterial type
JAJIVP010000024.1_116	144493	145860	1368	-1	0.668	11	None	GENOMAD.089563.CP	6.496e-47	179	1	0	0	1	NA	NA	NA	PF08245;PF02875;K01924;TIGR01082;COG0773	UDP-N-acetylmuramate--L-alanine ligase
JAJIVP010000024.1_117	146213	146776	564	-1	0.654	11	GGAG/GAGG	NA	NA	NA	0	0	0	1	NA	NA	NA	NA	NA
JAJIVP010000024.1_118	146936	148192	1257	1	0.658	11	AGGAG/GGAGG	NA	NA	NA	0	0	0	1	NA	NA	NA	NA	NA
JAJIVP010000024.1_119	148764	149144	381	1	0.570	11	GGA/GAG/AGG	GENOMAD.043515.PP	7.603e-34	127	0	1	0	1	NA	B_traI	NA	PF13605;TIGR02791;COG5314;K03200	P-type DNA transfer protein VirB5
JAJIVP010000024.1_120	149141	149527	387	1	0.514	11	None	GENOMAD.043515.PP	6.432e-61	205	0	1	0	1	NA	B_traI	NA	PF13605;TIGR02791;COG5314;K03200	P-type DNA transfer protein VirB5
JAJIVP010000024.1_121	149575	149775	201	1	0.557	11	GGA/GAG/AGG	NA	NA	NA	0	0	0	1	NA	NA	NA	NA	NA
JAJIVP010000025.1_1	237	1352	1116	-1	0.635	11	GGA/GAG/AGG	NA	NA	NA	0	0	0	1	NA	NA	NA	NA	NA
JAJIVP010000025.1_2	1458	2624	1167	1	0.643	11	GGA/GAG/AGG	GENOMAD.086164.CV	3.035e-60	216	0	0	0	1246	Caudoviricetes	NA	NA	PF10672;PF17785;K06969;COG1092;TIGR00095	23S rRNA G2069 N7-methylase RlmK or C1962 C5-methylase RlmI
JAJIVP010000025.1_3	2743	3063	321	1	0.654	11	AGGAG	NA	NA	NA	0	0	0	1	NA	NA	NA	NA	NA
JAJIVP010000025.1_4	3344	4597	1254	1	0.664	11	GGA/GAG/AGG	NA	NA	NA	0	0	0	1	NA	NA	NA	NA	NA
JAJIVP010000025.1_5	5067	6377	1311	1	0.680	11	GGAG/GAGG	NA	NA	NA	0	0	0	1	NA	NA	NA	NA	NA
JAJIVP010000025.1_6	6403	7572	1170	1	0.733	11	GGA/GAG/AGG	NA	NA	NA	0	0	0	1	NA	NA	NA	NA	NA
JAJIVP010000025.1_7	7805	8995	1191	1	0.704	11	None	GENOMAD.169207.CP	1.723e-36	146	0	0	0	1	NA	NA	NA	PF05651;K02647;COG3835	Putative sugar diacid recognition
JAJIVP010000025.1_8	9108	10856	1749	1	0.686	11	GGA/GAG/AGG	NA	NA	NA	0	0	0	1	NA	NA	NA	NA	NA
JAJIVP010000025.1_9	10968	11357	390	1	0.613	11	GGA/GAG/AGG	GENOMAD.205179.PC	2.672e-46	163	0	0	0	1	NA	NA	NA	PF10947	NA
JAJIVP010000025.1_10	12024	14957	2934	1	0.679	11	GGA/GAG/AGG	GENOMAD.177318.PC	1.396e-10	68	0	0	0	1	NA	NA	NA	NA	NA
JAJIVP010000025.1_11	15188	17662	2475	1	0.662	11	GGA/GAG/AGG	GENOMAD.146392.CP	4.182e-220	702	0	0	0	1	NA	NA	NA	PF07971;PF17678;TIGR01180;COG3537	alpha-1,2-mannosidase, putative
JAJIVP010000025.1_12	17752	19167	1416	-1	0.657	11	GGAG/GAGG	NA	NA	NA	0	0	0	1	NA	NA	NA	NA	NA
JAJIVP010000025.1_13	19383	19763	381	-1	0.635	11	GGA/GAG/AGG	NA	NA	NA	0	0	0	1	NA	NA	NA	NA	NA
JAJIVP010000025.1_14	19883	20503	621	-1	0.644	11	GGAG/GAGG	NA	NA	NA	0	0	0	1	NA	NA	NA	NA	NA
JAJIVP010000025.1_15	20664	20894	231	-1	0.684	11	None	NA	NA	NA	0	0	0	1	NA	NA	NA	NA	NA
JAJIVP010000025.1_16	21231	22163	933	-1	0.708	11	GGAG/GAGG	NA	NA	NA	0	0	0	1	NA	NA	NA	NA	NA
JAJIVP010000025.1_17	22259	23266	1008	1	0.707	11	None	NA	NA	NA	0	0	0	1	NA	NA	NA	NA	NA
JAJIVP010000025.1_18	23403	24983	1581	1	0.657	11	None	NA	NA	NA	0	0	0	1	NA	NA	NA	NA	NA
JAJIVP010000025.1_19	25199	25576	378	1	0.696	11	GGA/GAG/AGG	NA	NA	NA	0	0	0	1	NA	NA	NA	NA	NA
JAJIVP010000025.1_20	25730	26281	552	1	0.659	11	AGGA	NA	NA	NA	0	0	0	1	NA	NA	NA	NA	NA
JAJIVP010000025.1_21	26340	26825	486	1	0.580	11	GGA/GAG/AGG	GENOMAD.192563.CP	3.665e-12	66	0	0	0	1	NA	NA	NA	PF12707;COG4994;TIGR02246;K18243	conserved hypothetical protein
JAJIVP010000025.1_22	26965	28020	1056	-1	0.693	11	GGA/GAG/AGG	NA	NA	NA	0	0	0	1	NA	NA	NA	NA	NA
JAJIVP010000025.1_23	28031	28321	291	-1	0.691	11	None	GENOMAD.016077.CC	4.399e-26	103	0	0	0	1	NA	NA	NA	PF13466;K07122;COG5439;TIGR00377	anti-anti-sigma factor
JAJIVP010000025.1_24	28311	28973	663	-1	0.662	11	GGA/GAG/AGG	GENOMAD.111169.CP	6.057e-21	94	0	0	0	1	NA	NA	NA	PF05494;COG2854;K07323;TIGR03481	ABC-type transporter Mla maintaining outer membrane lipid asymmetry, periplasmic MlaC component
JAJIVP010000025.1_25	28970	29515	546	-1	0.658	11	GGA/GAG/AGG	GENOMAD.123377.CP	3.373e-33	128	0	0	0	1	NA	NA	NA	PF02470;TIGR04430;COG1463;K02067	outer membrane lipid asymmetry maintenance protein MlaD
JAJIVP010000025.1_26	29527	30276	750	-1	0.651	11	GGAG/GAGG	GENOMAD.124229.CP	2.901e-12	69	0	0	0	1	NA	NA	NA	COG0767	ABC-type transporter Mla maintaining outer membrane lipid asymmetry, permease component MlaE
JAJIVP010000025.1_27	30276	31070	795	-1	0.698	11	GGA/GAG/AGG	NA	NA	NA	0	0	0	1	NA	NA	NA	NA	NA
JAJIVP010000025.1_28	31453	31740	288	1	0.608	11	AGGA	GENOMAD.214699.PC	2.914e-53	181	0	0	0	1	NA	NA	NA	PF21880	NA
JAJIVP010000025.1_29	31759	32316	558	-1	0.647	11	None	NA	NA	NA	0	0	0	1	NA	NA	NA	NA	NA
JAJIVP010000025.1_30	32321	32857	537	-1	0.629	11	GGAGG	GENOMAD.152240.VV	3.079e-05	46	0	0	1	1246	Caudoviricetes	NA	NA	COG4675	Microcystin-dependent protein  (function unknown)
JAJIVP010000025.1_31	32918	33445	528	-1	0.646	11	AGGA	GENOMAD.140351.VV	6.298e-07	51	0	0	1	1246	Caudoviricetes	NA	NA	COG4675	Microcystin-dependent protein  (function unknown)
JAJIVP010000025.1_32	33513	34058	546	-1	0.637	11	GGAG/GAGG	NA	NA	NA	0	0	0	1	NA	NA	NA	NA	NA
JAJIVP010000025.1_33	34324	39132	4809	1	0.678	11	GGA/GAG/AGG	GENOMAD.088220.VV	5.444e-07	57	0	0	0	1246	Caudoviricetes	NA	NA	NA	NA
JAJIVP010000025.1_34	39486	42899	3414	1	0.696	11	None	GENOMAD.147962.CP	0.0	1725	0	0	0	1	NA	NA	NA	PF04257;PF17946;PF13361;K03583;COG1330;TIGR01450	Exonuclease V gamma subunit
JAJIVP010000025.1_35	42896	46948	4053	1	0.699	11	AGGAG	NA	NA	NA	0	0	0	1	NA	NA	NA	NA	NA
JAJIVP010000025.1_36	47046	49526	2481	1	0.737	11	GGA/GAG/AGG	NA	NA	NA	0	0	0	1	NA	NA	NA	NA	NA
JAJIVP010000025.1_37	49687	49863	177	1	0.610	11	None	NA	NA	NA	0	0	0	1	NA	NA	NA	NA	NA
JAJIVP010000025.1_38	49881	50171	291	1	0.656	11	GGAG/GAGG	NA	NA	NA	0	0	0	1	NA	NA	NA	NA	NA
JAJIVP010000025.1_39	50485	51879	1395	1	0.692	11	GGAG/GAGG	NA	NA	NA	0	0	0	1	NA	NA	NA	NA	NA
JAJIVP010000025.1_40	51982	52080	99	-1	0.525	11	GGAG/GAGG	GENOMAD.189581.CP	0.0001041	38	0	0	0	1	NA	NA	NA	NA	NA
JAJIVP010000025.1_41	52229	54154	1926	-1	0.681	11	GGAG/GAGG	GENOMAD.124001.CP	9.799e-256	796	0	0	0	1	NA	NA	NA	PF17899;PF01433;PF19805;COG3975;TIGR02411;K01254	Predicted metalloprotease, contains C-terminal PDZ domain
JAJIVP010000025.1_42	54490	54822	333	-1	0.598	11	GGAG/GAGG	GENOMAD.112646.PP	7.5e-27	106	0	0	0	1	NA	B_traH	NA	PF12992;TIGR03066;COG4939	Gemmata obscuriglobus paralogous family TIGR03066
JAJIVP010000025.1_43	54854	55906	1053	1	0.582	11	AGGA/GGAG/GAGG	NA	NA	NA	0	0	0	1	NA	NA	NA	NA	NA
JAJIVP010000025.1_44	56272	57012	741	-1	0.671	11	AGGA	NA	NA	NA	0	0	0	1	NA	NA	NA	NA	NA
JAJIVP010000025.1_45	57096	57668	573	1	0.684	11	GGA/GAG/AGG	GENOMAD.160458.PC	3.722e-26	108	0	0	0	1	NA	NA	NA	PF00440;PF08362;K20325;TIGR03613;COG3226	pyrimidine utilization regulatory protein R
JAJIVP010000025.1_46	57785	58354	570	1	0.621	11	None	GENOMAD.137861.CP	0.0001692	44	0	0	0	1	NA	NA	NA	PF13022;K18905;TIGR03968;COG3226	mycofactocin system transcriptional regulator
JAJIVP010000025.1_47	58418	58894	477	1	0.597	11	GGAGG	NA	NA	NA	0	0	0	1	NA	NA	NA	NA	NA
JAJIVP010000026.1_1	352	831	480	1	0.642	11	GGAG/GAGG	NA	NA	NA	0	0	0	1	NA	NA	NA	NA	NA
JAJIVP010000026.1_2	1030	1611	582	1	0.627	11	AGGAG	NA	NA	NA	0	0	0	1	NA	NA	NA	NA	NA
JAJIVP010000026.1_3	1604	3016	1413	1	0.591	11	GGA/GAG/AGG	NA	NA	NA	0	0	0	1	NA	NA	NA	NA	NA
JAJIVP010000026.1_4	3390	4253	864	1	0.613	11	None	NA	NA	NA	0	0	0	1	NA	NA	NA	NA	NA
JAJIVP010000026.1_5	4402	4656	255	-1	0.580	11	AGGAG	NA	NA	NA	0	0	0	1	NA	NA	NA	NA	NA
JAJIVP010000026.1_6	4921	6522	1602	1	0.668	11	AGGA	NA	NA	NA	0	0	0	1	NA	NA	NA	NA	NA
JAJIVP010000026.1_7	6575	6916	342	-1	0.632	11	AGGAG	NA	NA	NA	0	0	0	1	NA	NA	NA	NA	NA
JAJIVP010000026.1_8	7073	7753	681	-1	0.505	11	AGxAGG/AGGxGG	NA	NA	NA	0	0	0	1	NA	NA	NA	NA	NA
JAJIVP010000026.1_9	7899	9416	1518	-1	0.638	11	3Base/5BMM	NA	NA	NA	0	0	0	1	NA	NA	NA	NA	NA
JAJIVP010000026.1_10	9731	11782	2052	1	0.676	11	GGA/GAG/AGG	GENOMAD.000854.CC	6.826e-29	127	0	0	0	1	NA	NA	NA	PF14840	Processivity clamp loader gamma complex DNA pol III C-term
JAJIVP010000026.1_11	11789	12109	321	1	0.629	11	GGA/GAG/AGG	GENOMAD.000078.CC	2.582e-20	87	0	0	0	1	NA	NA	NA	PF10921;K09747;COG0718;TIGR00103	Conserved DNA-binding protein YbaB (function unknown)
JAJIVP010000026.1_12	12207	12800	594	1	0.667	11	None	GENOMAD.000052.CC	1.716e-39	147	1	0	0	1246	Caudoviricetes	NA	NA	PF02132;PF13662;COG0353;TIGR00615;K06187	Recombinational DNA repair protein RecR
JAJIVP010000026.1_13	12901	13251	351	1	0.627	11	None	NA	NA	NA	0	0	0	1	NA	NA	NA	NA	NA
JAJIVP010000026.1_14	13369	13902	534	-1	0.661	11	GGAG/GAGG	GENOMAD.138200.CP	2.898e-42	154	0	0	0	1	NA	NA	NA	K07285;COG3065	Starvation-inducible outer membrane lipoprotein
JAJIVP010000026.1_15	13899	15851	1953	-1	0.677	11	None	GENOMAD.133722.CP	7.245e-42	168	0	0	0	1	NA	NA	NA	PF11992;PF01841;PF13559;K22452	TgpA N-terminal domain; Transglutaminase-like superfamily
JAJIVP010000026.1_16	15844	16800	957	-1	0.691	11	GGA/GAG/AGG	GENOMAD.115237.CP	1.539e-69	240	0	0	0	1	NA	NA	NA	PF01882;PF05753;COG1721	Uncharacterized conserved protein, DUF58 family, contains vWF domain
JAJIVP010000026.1_17	16805	17758	954	-1	0.672	11	GGA/GAG/AGG	NA	NA	NA	0	0	0	1	NA	NA	NA	NA	NA
JAJIVP010000026.1_18	17796	19634	1839	1	0.662	11	GGA/GAG/AGG	GENOMAD.141973.CP	3.741e-104	354	0	0	0	1	NA	NA	NA	COG1807	4-amino-4-deoxy-L-arabinose transferase or related glycosyltransferase of PMT family
JAJIVP010000026.1_19	19747	21102	1356	1	0.487	11	AGGA	GENOMAD.056843.CC	1.292e-256	788	0	0	0	1	NA	NA	NA	NA	NA
JAJIVP010000026.1_20	21216	21536	321	-1	0.685	11	None	NA	NA	NA	0	0	0	1	NA	NA	NA	NA	NA
JAJIVP010000027.1_1	1	1236	1236	-1	0.669	11	GGA/GAG/AGG	NA	NA	NA	0	0	0	1	NA	NA	NA	NA	NA
JAJIVP010000027.1_2	1570	2931	1362	1	0.641	11	None	GENOMAD.134235.CP	1.349e-43	169	0	0	0	1	NA	NA	NA	PF03219;K03301;TIGR00769;COG3202	ADP/ATP carrier protein family
JAJIVP010000027.1_3	3111	3464	354	1	0.636	11	GGAG/GAGG	GENOMAD.189480.CP	1.27e-07	51	0	0	0	1	NA	NA	NA	PF06993;COG3759;K08987	NA
JAJIVP010000027.1_4	3767	6241	2475	-1	0.646	11	GGAG/GAGG	NA	NA	NA	0	0	0	1	NA	NA	NA	NA	NA
JAJIVP010000027.1_5	6238	7161	924	-1	0.659	11	None	NA	NA	NA	0	0	0	1	NA	NA	NA	NA	NA
JAJIVP010000027.1_6	7298	7906	609	1	0.654	11	None	GENOMAD.142335.PC	1.368e-62	214	0	0	0	1	NA	NA	NA	PF13022;PF19344;TIGR03384;COG3226;K18939	transcriptional repressor BetI
JAJIVP010000027.1_7	8021	10921	2901	-1	0.573	11	GGAG/GAGG	NA	NA	NA	0	0	0	1	NA	NA	NA	NA	NA
JAJIVP010000027.1_8	11165	11998	834	-1	0.663	11	None	NA	NA	NA	0	0	0	1	NA	NA	NA	NA	NA
JAJIVP010000027.1_9	12152	13042	891	-1	0.681	11	None	GENOMAD.043656.CC	7.21e-47	173	0	0	0	1	NA	NA	NA	PF01430;COG1281;K04083	Redox-regulated molecular chaperone, HSP33 family
JAJIVP010000027.1_10	13117	13863	747	1	0.655	11	GGA/GAG/AGG	NA	NA	NA	0	0	0	1	NA	NA	NA	NA	NA
JAJIVP010000027.1_11	13860	14906	1047	1	0.640	11	GGA/GAG/AGG	NA	NA	NA	0	0	0	1	NA	NA	NA	NA	NA
JAJIVP010000027.1_12	14866	15294	429	1	0.629	11	GGAG/GAGG	NA	NA	NA	0	0	0	1	NA	NA	NA	NA	NA
JAJIVP010000027.1_13	15307	17292	1986	-1	0.654	11	None	GENOMAD.121392.CP	2.385e-113	383	0	0	0	1	NA	NA	NA	K07290;COG2982	Uncharacterized protein involved in outer membrane biogenesis
JAJIVP010000027.1_14	17321	17965	645	-1	0.623	11	None	NA	NA	NA	0	0	0	1	NA	NA	NA	NA	NA
JAJIVP010000027.1_15	18041	19645	1605	-1	0.628	11	None	GENOMAD.123902.CP	1.369e-116	387	0	0	0	1246	Caudoviricetes	NA	NA	PF16658;PF03144	Class II release factor RF3, C-terminal domain; Elongation factor Tu domain 2
JAJIVP010000027.1_16	19784	20809	1026	-1	0.673	11	GGAG/GAGG	NA	NA	NA	0	0	0	1	NA	NA	NA	NA	NA
JAJIVP010000027.1_17	21007	22053	1047	1	0.682	11	GGA/GAG/AGG	NA	NA	NA	0	0	0	1	NA	NA	NA	NA	NA
JAJIVP010000027.1_18	22050	23267	1218	1	0.644	11	GGAG/GAGG	GENOMAD.143010.CP	5.571e-10	64	0	0	0	1	NA	NA	NA	K01758;TIGR01328	methionine gamma-lyase
JAJIVP010000027.1_19	23264	24352	1089	1	0.686	11	GGA/GAG/AGG	NA	NA	NA	0	0	0	1	NA	NA	NA	NA	NA
JAJIVP010000027.1_20	24505	25500	996	-1	0.617	11	GGAG/GAGG	GENOMAD.191409.CP	1.966e-06	52	0	0	0	1	NA	NA	NA	PF03096;TIGR03056;K05714;COG2267	putative magnesium chelatase accessory protein
JAJIVP010000027.1_21	25848	27230	1383	-1	0.654	11	None	NA	NA	NA	0	0	0	1	NA	NA	NA	NA	NA
JAJIVP010000027.1_22	27318	27557	240	1	0.675	11	GGA/GAG/AGG	GENOMAD.105945.CV	5.854e-16	73	0	0	0	1	NA	NA	NA	PF06953;COG4837;K18917;TIGR02194	Disulfide oxidoreductase YuzD
JAJIVP010000027.1_23	27704	28273	570	-1	0.647	11	AGGA	GENOMAD.137814.CP	5.396e-31	122	0	0	0	1	NA	NA	NA	PF04264;COG2353	Polyisoprenoid-binding periplasmic protein YceI
JAJIVP010000027.1_24	28283	28846	564	-1	0.647	11	AGGA	GENOMAD.148234.CP	3.6e-35	134	0	0	0	1	NA	NA	NA	PF01292;K12262;COG3038;TIGR02125	Prokaryotic cytochrome b561
JAJIVP010000027.1_25	28843	29505	663	-1	0.673	11	None	GENOMAD.137611.CP	5.209e-24	103	0	0	0	1	NA	NA	NA	PF04264;COG2353	Polyisoprenoid-binding periplasmic protein YceI
JAJIVP010000027.1_26	29602	33177	3576	1	0.655	11	AGGA	NA	NA	NA	0	0	0	1	NA	NA	NA	NA	NA
JAJIVP010000027.1_27	33479	37006	3528	1	0.664	11	GGA/GAG/AGG	NA	NA	NA	0	0	0	1	NA	NA	NA	NA	NA
JAJIVP010000027.1_28	37211	40780	3570	1	0.631	11	None	NA	NA	NA	0	0	0	1	NA	NA	NA	NA	NA
JAJIVP010000027.1_29	41172	44717	3546	1	0.655	11	None	NA	NA	NA	0	0	0	1	NA	NA	NA	NA	NA
JAJIVP010000027.1_30	44752	46200	1449	-1	0.654	11	GGAG/GAGG	NA	NA	NA	0	0	0	1	NA	NA	NA	NA	NA
JAJIVP010000027.1_31	46536	47600	1065	-1	0.676	11	AGGA/GGAG/GAGG	GENOMAD.115195.CP	1.1e-06	53	0	0	0	1	NA	NA	NA	PF01208;TIGR01463;COG0407;K01599	methyltransferase, MtaA/CmuA family
JAJIVP010000027.1_32	47615	47869	255	-1	0.651	11	None	NA	NA	NA	0	0	0	1	NA	NA	NA	NA	NA
JAJIVP010000027.1_33	48160	49272	1113	-1	0.698	11	GGA/GAG/AGG	NA	NA	NA	0	0	0	1	NA	NA	NA	NA	NA
JAJIVP010000027.1_34	49269	49811	543	-1	0.676	11	None	GENOMAD.094450.CP	1.323e-12	68	0	0	0	1	NA	NA	NA	PF13189;K00891;COG0703;TIGR00041	Shikimate kinase
JAJIVP010000027.1_35	49979	50578	600	1	0.682	11	None	NA	NA	NA	0	0	0	1	NA	NA	NA	NA	NA
JAJIVP010000027.1_36	50758	51174	417	1	0.621	11	AGGA	NA	NA	NA	0	0	0	1	NA	NA	NA	NA	NA
JAJIVP010000027.1_37	51187	51960	774	1	0.667	11	GGA/GAG/AGG	GENOMAD.194782.CP	3.627e-16	81	0	0	0	1	NA	NA	NA	PF04012;COG1842;TIGR02977;K03969	Phage shock protein A
JAJIVP010000027.1_38	51986	53068	1083	1	0.681	11	AGGA	NA	NA	NA	0	0	0	1	NA	NA	NA	NA	NA
JAJIVP010000027.1_39	53071	53742	672	1	0.628	11	GGA/GAG/AGG	NA	NA	NA	0	0	0	1	NA	NA	NA	NA	NA
JAJIVP010000027.1_40	53780	54184	405	1	0.632	11	None	NA	NA	NA	0	0	0	1	NA	NA	NA	NA	NA
JAJIVP010000027.1_41	54197	54769	573	1	0.658	11	GGAG/GAGG	NA	NA	NA	0	0	0	1	NA	NA	NA	NA	NA
JAJIVP010000027.1_42	54771	55937	1167	1	0.642	11	GGxGG	NA	NA	NA	0	0	0	1	NA	NA	NA	NA	NA
JAJIVP010000027.1_43	56502	57875	1374	-1	0.693	11	GGA/GAG/AGG	GENOMAD.180266.CP	8.96e-29	124	0	0	0	1	NA	NA	NF000095	K08166;COG2223	Nitrate/nitrite transporter NarK
JAJIVP010000027.1_44	57975	58421	447	1	0.669	11	GGAG/GAGG	NA	NA	NA	0	0	0	1	NA	NA	NA	NA	NA
JAJIVP010000027.1_45	58638	60647	2010	1	0.642	11	AGGA	GENOMAD.000471.CC	1.533e-90	316	0	0	0	1	NA	NA	NA	PF01433;COG0308;TIGR02411;K01256	Aminopeptidase N
JAJIVP010000027.1_46	61677	64835	3159	1	0.626	11	GGAG/GAGG	GENOMAD.152082.CP	4.695e-47	188	0	0	0	1	NA	NA	NA	PF00593;PF07715;PF00691;TIGR01782;COG4773;K16089	TonB-dependent receptor
JAJIVP010000027.1_47	65162	65920	759	1	0.664	11	GGAG/GAGG	GENOMAD.183080.CP	1.186e-60	211	0	0	0	1	NA	NA	NA	PF07277	SapC
JAJIVP010000027.1_48	65925	66977	1053	1	0.668	11	None	NA	NA	NA	0	0	0	1	NA	NA	NA	NA	NA
JAJIVP010000027.1_49	67018	68535	1518	1	0.649	11	AGGAG	GENOMAD.098617.VV	8.587e-10	64	0	0	0	1246	Caudoviricetes	NA	NA	NA	NA
JAJIVP010000027.1_50	68847	69854	1008	-1	0.647	11	GGA/GAG/AGG	NA	NA	NA	0	0	0	1	NA	NA	NA	NA	NA
JAJIVP010000027.1_51	69991	70389	399	-1	0.622	11	None	NA	NA	NA	0	0	0	1	NA	NA	NA	NA	NA
JAJIVP010000027.1_52	70792	71745	954	-1	0.621	11	None	NA	NA	NA	0	0	0	1	NA	NA	NA	NA	NA
JAJIVP010000027.1_53	71742	72188	447	-1	0.647	11	AGGA	NA	NA	NA	0	0	0	1	NA	NA	NA	NA	NA
JAJIVP010000027.1_54	72269	72490	222	-1	0.559	11	None	NA	NA	NA	0	0	0	1	NA	NA	NA	NA	NA
JAJIVP010000027.1_55	72878	73954	1077	1	0.613	11	GGxGG	NA	NA	NA	0	0	0	1	NA	NA	NA	NA	NA
JAJIVP010000027.1_56	74306	75688	1383	-1	0.647	11	GGA/GAG/AGG	GENOMAD.153082.CP	2.968e-05	49	0	0	0	1	NA	NA	NA	K14052;COG0833	Amino acid permease
JAJIVP010000027.1_57	75881	76645	765	1	0.642	11	AGGAG	NA	NA	NA	0	0	0	1	NA	NA	NA	NA	NA
JAJIVP010000027.1_58	77027	77968	942	1	0.666	11	GGA/GAG/AGG	NA	NA	NA	0	0	0	1	NA	NA	NA	NA	NA
JAJIVP010000027.1_59	78764	79711	948	1	0.596	11	GGAG/GAGG	NA	NA	NA	0	0	0	1	NA	NA	NA	NA	NA
JAJIVP010000027.1_60	79708	79824	117	1	0.650	11	None	NA	NA	NA	0	0	0	1	NA	NA	NA	NA	NA
JAJIVP010000027.1_61	80229	81617	1389	1	0.670	11	None	NA	NA	NA	0	0	0	1	NA	NA	NA	NA	NA
JAJIVP010000027.1_62	82214	83443	1230	1	0.637	11	None	NA	NA	NA	0	0	0	1	NA	NA	NA	NA	NA
JAJIVP010000027.1_63	83799	85199	1401	1	0.630	11	GGAGG	NA	NA	NA	0	0	0	1	NA	NA	NA	NA	NA
JAJIVP010000027.1_64	85199	86212	1014	1	0.638	11	GGAG/GAGG	NA	NA	NA	0	0	0	1	NA	NA	NA	NA	NA
JAJIVP010000027.1_65	86273	87010	738	-1	0.656	11	None	GENOMAD.130656.CP	1.229e-11	67	0	0	0	1	NA	NA	NA	PF00326;TIGR02821;COG0627;K03930	S-formylglutathione hydrolase
JAJIVP010000027.1_66	87212	88573	1362	-1	0.656	11	GGA/GAG/AGG	GENOMAD.114680.CP	2.028e-61	222	0	0	0	1246	Caudoviricetes	NA	NA	PF01769;PF03448;PF00478;K06213;TIGR00400;COG2239	Mg2+ transporter (mgtE)
JAJIVP010000027.1_67	88981	90711	1731	-1	0.668	11	GGA/GAG/AGG	NA	NA	NA	0	0	0	1	NA	NA	NA	NA	NA
JAJIVP010000027.1_68	90770	91039	270	-1	0.641	11	AGGA/GGAG/GAGG	GENOMAD.128943.CP	1.233e-05	44	0	0	0	1	NA	NA	NA	PF00381;COG1925;K11184;TIGR01003	Phosphotransferase system, HPr and related phosphotransfer proteins
JAJIVP010000027.1_69	91032	91424	393	-1	0.656	11	None	GENOMAD.147438.CP	7.59e-10	58	0	0	0	1	NA	NA	NA	PF03610;COG2893;TIGR00824;K02793	Phosphotransferase system, mannose/fructose-specific component IIA
JAJIVP010000027.1_70	91948	92820	873	-1	0.656	11	AGGA/GGAG/GAGG	NA	NA	NA	0	0	0	1	NA	NA	NA	NA	NA
JAJIVP010000027.1_71	92817	93767	951	-1	0.654	11	GGA/GAG/AGG	GENOMAD.000498.CC	4.381e-39	151	0	0	0	1	NA	NA	NA	PF07475;PF02603;K06023;TIGR00679;COG1493	Hpr(Ser) kinase/phosphatase
JAJIVP010000027.1_72	93764	94222	459	-1	0.702	11	None	GENOMAD.123993.CP	3.765e-06	48	0	0	0	1	NA	NA	NA	PF00359;PF02591;K02806;TIGR01419;COG4668	PTS IIA-like nitrogen-regulatory protein PtsN
JAJIVP010000027.1_73	94292	94561	270	-1	0.641	11	GGAGG	GENOMAD.103040.CV	1.595e-10	58	0	0	0	1	NA	NA	NA	PF02482;PF16321;K05808;TIGR00741;COG1544	ribosomal subunit interface protein
JAJIVP010000027.1_74	94649	96046	1398	-1	0.689	11	AGGA/GGAG/GAGG	GENOMAD.142809.CP	7.38e-10	64	0	0	0	1	NA	NA	NA	PF00309;TIGR02395;COG1508	Sigma-54 factor, Activator interacting domain (AID)
JAJIVP010000027.1_75	96129	96848	720	-1	0.654	11	GGA/GAG/AGG	NA	NA	NA	0	0	0	1	NA	NA	NA	NA	NA
JAJIVP010000027.1_76	96848	97408	561	-1	0.624	11	GGA/GAG/AGG	GENOMAD.151010.CP	1.097e-74	248	0	0	0	1	NA	NA	NA	K09774;COG1934	Lipopolysaccharide export system protein LptA
JAJIVP010000027.1_77	97386	97961	576	-1	0.663	11	GGA/GAG/AGG	GENOMAD.002742.CC	3.498e-98	316	0	0	0	1	NA	NA	NA	PF06835;COG3117;K11719;TIGR04409	Lipopolysaccharide export system protein LptC
JAJIVP010000027.1_78	97958	98506	549	-1	0.683	11	None	GENOMAD.153745.CV	0.0001509	44	0	0	0	11688	Kyanoviridae	NA	NA	PF00702;K21055;TIGR01459;COG3769	HAD-superfamily class IIA hydrolase, TIGR01459
JAJIVP010000027.1_79	98555	99556	1002	-1	0.709	11	GGA/GAG/AGG	NA	NA	NA	0	0	0	1	NA	NA	NA	NA	NA
JAJIVP010000027.1_80	99595	99837	243	1	0.654	11	None	GENOMAD.108170.CP	2.456e-17	77	0	0	0	1	NA	NA	NA	PF01722;COG5007;K05527	Acid stress-induced BolA-like protein IbaG/YrbA, predicted regulator of iron metabolism
JAJIVP010000027.1_81	100078	101352	1275	1	0.671	11	None	GENOMAD.108595.CP	6.868e-37	148	0	0	0	1246	Caudoviricetes	NA	NA	PF00275;TIGR01356;COG0766;K00790	3-phosphoshikimate 1-carboxyvinyltransferase
JAJIVP010000027.1_82	101349	101672	324	1	0.627	11	None	NA	NA	NA	0	0	0	1	NA	NA	NA	NA	NA
JAJIVP010000028.1_1	1	126	126	-1	0.651	11	AGGA	NA	NA	NA	0	0	0	1	NA	NA	NA	NA	NA
JAJIVP010000028.1_2	113	1600	1488	-1	0.662	11	None	NA	NA	NA	0	0	0	1	NA	NA	NA	NA	NA
JAJIVP010000028.1_3	1605	3674	2070	-1	0.667	11	None	NA	NA	NA	0	0	0	1	NA	NA	NA	NA	NA
JAJIVP010000028.1_4	3671	4489	819	-1	0.683	11	None	GENOMAD.181762.CP	3.185e-139	439	0	0	0	1	NA	NA	NA	PF19805;PF16537;K02452;TIGR01713;COG3031	type II secretion system protein C
JAJIVP010000028.1_5	4648	7305	2658	-1	0.635	11	GGA/GAG/AGG	NA	NA	NA	0	0	0	1	NA	NA	NA	NA	NA
JAJIVP010000028.1_6	7382	8854	1473	-1	0.664	11	GGAG/GAGG	NA	NA	NA	0	0	0	1	NA	NA	NA	NA	NA
JAJIVP010000028.1_7	9040	9900	861	1	0.660	11	None	NA	NA	NA	0	0	0	1	NA	NA	NA	NA	NA
JAJIVP010000028.1_8	10233	12278	2046	1	0.640	11	None	GENOMAD.127342.CP	6.54e-17	88	0	0	0	1	NA	NA	NA	PF11854;PF07715;TIGR01776;COG4773;K16090	TonB-dependent lactoferrin and transferrin receptors
JAJIVP010000028.1_9	12530	12949	420	-1	0.636	11	None	GENOMAD.145656.CP	1.592e-56	193	0	0	0	1	NA	NA	NA	PF10043;COG5544;K20950	Uncharacterized conserved protein YfiM, DUF2279 family
JAJIVP010000028.1_10	12937	14121	1185	-1	0.663	11	None	GENOMAD.000446.CC	6.5e-64	227	0	0	0	1	NA	NA	NA	PF02636;COG1565	SAM-dependent methyltransferase, MidA family
JAJIVP010000028.1_11	14189	14926	738	1	0.686	11	GGA/GAG/AGG	NA	NA	NA	0	0	0	1	NA	NA	NA	NA	NA
JAJIVP010000028.1_12	15095	15610	516	-1	0.671	11	None	NA	NA	NA	0	0	0	1	NA	NA	NA	NA	NA
JAJIVP010000028.1_13	15703	17205	1503	-1	0.651	11	GGA/GAG/AGG	NA	NA	NA	0	0	0	1	NA	NA	NA	NA	NA
JAJIVP010000028.1_14	17209	17649	441	-1	0.642	11	GGA/GAG/AGG	NA	NA	NA	0	0	0	1	NA	NA	NA	NA	NA
JAJIVP010000028.1_15	17646	19457	1812	-1	0.651	11	None	NA	NA	NA	0	0	0	1	NA	NA	NA	NA	NA
JAJIVP010000028.1_16	19739	20110	372	-1	0.626	11	AGGAG	GENOMAD.146485.CP	4.81e-21	90	0	0	0	1	NA	NA	NA	PF04972;COG2823	Osmotically-inducible protein OsmY, contains BON domain
JAJIVP010000028.1_17	20261	21316	1056	1	0.666	11	None	NA	NA	NA	0	0	0	1	NA	NA	NA	NA	NA
JAJIVP010000028.1_18	21392	22333	942	-1	0.652	11	AGGAG	NA	NA	NA	0	0	0	1	NA	NA	NA	NA	NA
JAJIVP010000028.1_19	22354	23697	1344	-1	0.661	11	None	NA	NA	NA	0	0	0	1	NA	NA	NA	NA	NA
JAJIVP010000028.1_20	23861	24241	381	-1	0.646	11	GGAG/GAGG	NA	NA	NA	0	0	0	1	NA	NA	NA	NA	NA
JAJIVP010000028.1_21	24366	25124	759	-1	0.657	11	GGA/GAG/AGG	GENOMAD.211360.PC	3.269e-36	140	0	0	0	1	NA	NA	NA	PF10001	NA
JAJIVP010000028.1_22	25199	26263	1065	-1	0.685	11	GGAG/GAGG	NA	NA	NA	0	0	0	1	NA	NA	NA	NA	NA
JAJIVP010000028.1_23	26256	27356	1101	-1	0.665	11	GGA/GAG/AGG	NA	NA	NA	0	0	0	1	NA	NA	NA	NA	NA
JAJIVP010000028.1_24	27379	28782	1404	-1	0.636	11	AGGAG	NA	NA	NA	0	0	0	1	NA	NA	NA	NA	NA
JAJIVP010000028.1_25	28905	29960	1056	-1	0.632	11	GGAG/GAGG	NA	NA	NA	0	0	0	1	NA	NA	NA	NA	NA
JAJIVP010000028.1_26	30143	31006	864	1	0.649	11	AGGA	GENOMAD.159160.CP	3.715e-08	57	0	0	0	1	NA	NA	NF000373	PF19580;K18353;COG3021;TIGR03395	Uncharacterized conserved protein YafD, endonuclease/exonuclease/phosphatase (EEP) superfamily
JAJIVP010000028.1_27	31096	32001	906	-1	0.710	11	GGAGG	NA	NA	NA	0	0	0	1	NA	NA	NA	NA	NA
JAJIVP010000028.1_28	32077	32832	756	1	0.681	11	None	NA	NA	NA	0	0	0	1	NA	NA	NA	NA	NA
JAJIVP010000028.1_29	32917	35100	2184	-1	0.638	11	GGA/GAG/AGG	NA	NA	NA	0	0	0	1	NA	NA	NA	NA	NA
JAJIVP010000028.1_30	35477	36490	1014	-1	0.656	11	None	GENOMAD.121663.CP	3.416e-56	202	0	0	0	1	NA	NA	NA	PF13394;TIGR00510;COG0320	lipoate synthase
JAJIVP010000028.1_31	36506	37102	597	-1	0.660	11	None	GENOMAD.000230.CC	9.752e-13	69	0	0	0	1	NA	NA	NA	TIGR00214;COG0321;K23735	lipoate-protein ligase B
JAJIVP010000028.1_32	37192	37470	279	-1	0.616	11	None	GENOMAD.010644.CC	2.02e-24	98	0	0	0	1	NA	NA	NA	PF04359;K09158;COG2921	Putative lipoic acid-binding regulatory protein
JAJIVP010000028.1_33	37740	38801	1062	1	0.653	11	GGA/GAG/AGG	NA	NA	NA	0	0	0	1	NA	NA	NA	NA	NA
JAJIVP010000028.1_34	39019	40224	1206	-1	0.655	11	AGGAG	NA	NA	NA	0	0	0	1	NA	NA	NA	NA	NA
JAJIVP010000028.1_35	40667	42079	1413	-1	0.692	11	AGGAG/GGAGG	GENOMAD.009539.CC	0.0001259	47	0	0	0	1	NA	NA	NA	NA	NA
JAJIVP010000028.1_36	42076	43224	1149	-1	0.668	11	None	NA	NA	NA	0	0	0	1	NA	NA	NA	NA	NA
JAJIVP010000002.1_1	76	1194	1119	-1	0.528	11	GGA/GAG/AGG	NA	NA	NA	0	0	0	1	NA	NA	NA	NA	NA
JAJIVP010000002.1_2	1312	3417	2106	-1	0.556	11	None	NA	NA	NA	0	0	0	1	NA	NA	NA	NA	NA
JAJIVP010000002.1_3	3414	4706	1293	-1	0.542	11	None	NA	NA	NA	0	0	0	1	NA	NA	NA	NA	NA
JAJIVP010000002.1_4	4709	6493	1785	-1	0.542	11	AGGAG	NA	NA	NA	0	0	0	1	NA	NA	NA	NA	NA
JAJIVP010000002.1_5	6490	7446	957	-1	0.498	11	GGA/GAG/AGG	GENOMAD.178342.VP	1.38e-27	117	0	0	0	1246	Caudoviricetes	NA	NA	PF02086;PF06576;PF06147;K21507;TIGR00571;COG0338	DNA adenine methylase (dam)
JAJIVP010000002.1_6	7415	7651	237	-1	0.561	11	GGxGG	NA	NA	NA	0	0	0	1	NA	NA	NA	NA	NA
JAJIVP010000002.1_7	7877	8449	573	-1	0.627	11	None	NA	NA	NA	0	0	0	1	NA	NA	NA	NA	NA
JAJIVP010000002.1_8	8428	8802	375	-1	0.621	11	GGAG/GAGG	NA	NA	NA	0	0	0	1	NA	NA	NA	NA	NA
JAJIVP010000002.1_9	8934	9974	1041	-1	0.491	11	None	NA	NA	NA	0	0	0	1	NA	NA	NA	NA	NA
JAJIVP010000002.1_10	10160	10840	681	-1	0.631	11	AGGA	NA	NA	NA	0	0	0	1	NA	NA	NA	NA	NA
JAJIVP010000002.1_11	11031	11453	423	1	0.617	11	GGAG/GAGG	GENOMAD.219067.CP	6.093e-17	79	0	0	0	1	NA	NA	NA	PF02402;COG3065;TIGR00752	Starvation-inducible outer membrane lipoprotein
JAJIVP010000002.1_12	11450	11671	222	-1	0.604	11	GGA/GAG/AGG	NA	NA	NA	0	0	0	1	NA	NA	NA	NA	NA
JAJIVP010000002.1_13	11695	12255	561	1	0.599	11	AGGA	NA	NA	NA	0	0	0	1	NA	NA	NA	NA	NA
JAJIVP010000002.1_14	12441	13205	765	-1	0.608	11	None	NA	NA	NA	0	0	0	1	NA	NA	NA	NA	NA
JAJIVP010000029.1_1	3	230	228	-1	0.575	11	GGA/GAG/AGG	NA	NA	NA	0	0	0	1	NA	NA	NA	NA	NA
JAJIVP010000029.1_2	256	1605	1350	-1	0.584	11	None	NA	NA	NA	0	0	0	1	NA	NA	NA	NA	NA
JAJIVP010000029.1_3	1602	2186	585	-1	0.491	11	AGGA	NA	NA	NA	0	0	0	1	NA	NA	NA	NA	NA
JAJIVP010000029.1_4	2575	3105	531	-1	0.484	11	GGA/GAG/AGG	GENOMAD.086806.PP	1.014e-26	109	0	0	0	1	NA	NA	NA	PF13827	NA
JAJIVP010000029.1_5	3126	4289	1164	-1	0.582	11	GGA/GAG/AGG	GENOMAD.022765.PP	4.615e-201	624	0	1	0	1	NA	T_virB6	NA	K03201;COG3704	Type IV secretory pathway, VirB6 components
JAJIVP010000029.1_6	4313	5662	1350	-1	0.602	11	GGA/GAG/AGG	NA	NA	NA	0	0	0	1	NA	NA	NA	NA	NA
JAJIVP010000029.1_7	5659	6243	585	-1	0.487	11	AGGA	NA	NA	NA	0	0	0	1	NA	NA	NA	NA	NA
JAJIVP010000029.1_8	7332	7823	492	-1	0.614	11	None	GENOMAD.022765.PP	1.721e-75	249	0	1	0	1	NA	T_virB6	NA	K03201;COG3704	Type IV secretory pathway, VirB6 components
JAJIVP010000030.1_1	2	214	213	-1	0.657	11	AGGAG	NA	NA	NA	0	0	0	1	NA	NA	NA	NA	NA
JAJIVP010000030.1_2	753	2636	1884	-1	0.668	11	AGGA	GENOMAD.190262.VC	6.073e-10	65	0	0	0	1246	Caudoviricetes	NA	NA	K01342;TIGR03921;COG1404	type VII secretion-associated serine protease mycosin
JAJIVP010000030.1_3	2739	2858	120	-1	0.692	11	None	NA	NA	NA	0	0	0	1	NA	NA	NA	NA	NA
JAJIVP010000031.1_1	2	211	210	-1	0.690	11	AGGA	NA	NA	NA	0	0	0	1	NA	NA	NA	NA	NA
JAJIVP010000031.1_2	947	4786	3840	-1	0.597	11	GGxGG	NA	NA	NA	0	0	0	1	NA	NA	NA	NA	NA
JAJIVP010000031.1_3	5679	6290	612	-1	0.641	11	None	GENOMAD.124185.CV	0.0009221	42	0	0	0	1	NA	NA	NA	PF01121;K00859;TIGR00152;COG0237	dephospho-CoA kinase
JAJIVP010000031.1_4	6304	7167	864	-1	0.640	11	GGA/GAG/AGG	GENOMAD.189659.CP	0.0002268	45	0	0	0	1	NA	NA	NA	PF01478;K02278;COG4960	Flp pilus assembly protein, protease CpaA
JAJIVP010000031.1_5	7174	8451	1278	-1	0.505	11	GGA/GAG/AGG	GENOMAD.117158.CP	2.213e-26	116	0	0	0	1	NA	NA	NA	PF00482	Type II secretion system (T2SS), protein F
JAJIVP010000031.1_6	8778	9206	429	1	0.592	11	GGA/GAG/AGG	GENOMAD.169725.CP	0.0006792	41	0	0	0	1	NA	NA	NA	PF07379;TIGR01708;K02457;COG4970	type II secretion system protein H
JAJIVP010000031.1_7	9340	11073	1734	1	0.618	11	GGA/GAG/AGG	GENOMAD.005978.CC	3.638e-08	59	0	0	0	1246	Caudoviricetes	T_virB11	NA	PF00437;PF05810;K07332;TIGR03819;COG4962	helicase/secretion neighborhood ATPase
JAJIVP010000031.1_8	11288	12682	1395	-1	0.656	11	None	NA	NA	NA	0	0	0	1	NA	NA	NA	NA	NA
JAJIVP010000031.1_9	13009	14622	1614	-1	0.680	11	GGA/GAG/AGG	NA	NA	NA	0	0	0	1	NA	NA	NA	NA	NA
JAJIVP010000031.1_10	14854	16023	1170	1	0.621	11	None	GENOMAD.120770.CP	2.266e-05	49	0	0	0	1	NA	NA	NA	PF13549;K22224;TIGR01016;COG1042	succinyl-CoA synthetase, beta subunit
JAJIVP010000031.1_11	16048	16923	876	1	0.651	11	AGGA	GENOMAD.116234.CP	2.975e-14	76	0	0	0	1	NA	NA	NA	PF13607;PF03061;K01902;TIGR01019;COG0074	succinyl-CoA synthetase, alpha subunit
JAJIVP010000031.1_12	17094	17438	345	1	0.632	11	AGGAG	GENOMAD.138269.PC	2.953e-14	70	0	0	0	1	NA	NA	NA	PF03693;COG3609;TIGR02384	Transcriptional regulator, contains Arc/MetJ-type RHH (ribbon-helix-helix) DNA-binding domain
JAJIVP010000031.1_13	17442	17744	303	1	0.607	11	GGA/GAG/AGG	GENOMAD.142672.PC	4.661e-35	129	0	1	0	1	NA	NA	NA	PF05016;COG3668;TIGR02385	Plasmid stabilization system protein ParE
JAJIVP010000031.1_14	17744	19399	1656	1	0.661	11	None	NA	NA	NA	0	0	0	1	NA	NA	NA	NA	NA
JAJIVP010000031.1_15	19418	20395	978	-1	0.639	11	AGGA	NA	NA	NA	0	0	0	1	NA	NA	NA	NA	NA
JAJIVP010000031.1_16	20676	21557	882	-1	0.645	11	None	GENOMAD.000337.CC	4.997e-38	147	0	0	0	1	NA	NA	NA	PF13525;PF20205;K05807;TIGR03302;COG4105	outer membrane assembly lipoprotein YfiO
JAJIVP010000031.1_17	21679	22674	996	1	0.704	11	GGA/GAG/AGG	NA	NA	NA	0	0	0	1	NA	NA	NA	NA	NA
JAJIVP010000031.1_18	22682	23488	807	1	0.704	11	GGA/GAG/AGG	NA	NA	NA	0	0	0	1	NA	NA	NA	NA	NA
JAJIVP010000031.1_19	23473	24015	543	1	0.667	11	None	NA	NA	NA	0	0	0	1	NA	NA	NA	NA	NA
JAJIVP010000031.1_20	23990	24436	447	1	0.660	11	None	GENOMAD.148005.CP	4.569e-41	149	0	0	0	1	NA	NA	NA	PF04134;COG3011	Predicted thiol-disulfide oxidoreductase YuxK, DCC family
JAJIVP010000031.1_21	24640	26508	1869	-1	0.665	11	GGA/GAG/AGG	GENOMAD.146534.CP	0.0003751	46	0	0	0	1	NA	NA	NA	PF00015	Methyl-accepting chemotaxis protein (MCP) signalling domain
JAJIVP010000031.1_22	27224	29662	2439	-1	0.674	11	GGA/GAG/AGG	GENOMAD.179037.PC	1.322e-18	94	0	0	0	1	NA	NA	NA	K05358;COG4993;TIGR03074	Glucose dehydrogenase
JAJIVP010000031.1_23	30292	31659	1368	-1	0.629	11	AGGAGG	NA	NA	NA	0	0	0	1	NA	NA	NA	NA	NA
JAJIVP010000031.1_24	31656	33434	1779	-1	0.641	11	None	GENOMAD.146625.CP	6.974e-15	81	0	0	0	1	NA	NA	NA	PF09137;PF00723;COG3387;TIGR01535;K22934	Glucoamylase (glucan-1,4-alpha-glucosidase), GH15 family
JAJIVP010000031.1_25	33483	34241	759	-1	0.688	11	None	NA	NA	NA	0	0	0	1	NA	NA	NA	NA	NA
JAJIVP010000031.1_26	34355	36790	2436	-1	0.661	11	AGGAG	NA	NA	NA	0	0	0	1	NA	NA	NA	NA	NA
JAJIVP010000031.1_27	37016	37489	474	1	0.681	11	GGAG/GAGG	GENOMAD.178666.VC	3.433e-31	121	0	0	0	1246	Caudoviricetes	NA	NA	PF12098	NA
JAJIVP010000031.1_28	37648	38520	873	1	0.658	11	GGA/GAG/AGG	NA	NA	NA	0	0	0	1	NA	NA	NA	NA	NA
JAJIVP010000031.1_29	38658	40259	1602	1	0.680	11	None	GENOMAD.178594.CP	8.017e-100	338	0	0	0	1	NA	NA	NA	COG2252	Xanthine/uracil/vitamin C permease, AzgA family
JAJIVP010000031.1_30	40256	41422	1167	1	0.659	11	AGGAG	NA	NA	NA	0	0	0	1	NA	NA	NA	NA	NA
JAJIVP010000031.1_31	41717	42535	819	1	0.665	11	AGGAG	GENOMAD.011935.CC	5.314e-61	213	0	0	0	1	NA	NA	NA	NA	NA
JAJIVP010000031.1_32	42762	43469	708	-1	0.613	11	GGAG/GAGG	NA	NA	NA	0	0	0	1	NA	NA	NA	NA	NA
JAJIVP010000031.1_33	43514	43840	327	-1	0.651	11	None	NA	NA	NA	0	0	0	1	NA	NA	NA	NA	NA
JAJIVP010000031.1_34	43864	44742	879	1	0.699	11	None	NA	NA	NA	0	0	0	1	NA	NA	NA	NA	NA
JAJIVP010000031.1_35	44812	47397	2586	1	0.645	11	GGAG/GAGG	GENOMAD.046845.VV	2.373e-24	113	0	0	0	1246	Caudoviricetes	NA	NA	PF10431	NA
JAJIVP010000031.1_36	47881	49758	1878	1	0.654	11	AGGAG	GENOMAD.151024.CP	1.672e-07	57	0	0	0	1	NA	NA	NA	PF14905;PF07715;TIGR01779;K16092;COG4206	TonB-dependent vitamin B12 receptor
JAJIVP010000031.1_37	50038	50631	594	1	0.673	11	AGGAG	NA	NA	NA	0	0	0	1	NA	NA	NA	NA	NA
JAJIVP010000031.1_38	50721	51242	522	1	0.646	11	None	NA	NA	NA	0	0	0	1	NA	NA	NA	NA	NA
JAJIVP010000031.1_39	51239	51850	612	1	0.650	11	GGAG/GAGG	NA	NA	NA	0	0	0	1	NA	NA	NA	NA	NA
JAJIVP010000031.1_40	51921	52835	915	1	0.701	11	GGA/GAG/AGG	GENOMAD.134127.CP	1.611e-91	303	0	0	0	1	NA	NA	NA	PF03186;K02227;COG1270;TIGR00380	Cobalamin biosynthesis protein CobD/CbiB
JAJIVP010000031.1_41	52929	53912	984	1	0.686	11	GGAG/GAGG	NA	NA	NA	0	0	0	1	NA	NA	NA	NA	NA
JAJIVP010000031.1_42	53909	55345	1437	1	0.671	11	GGA/GAG/AGG	GENOMAD.123417.CP	1.847e-116	384	0	0	0	1	NA	NA	NA	PF07685;PF01656;K02232;TIGR00313;COG1492	cobyric acid synthase CobQ
JAJIVP010000031.1_43	55371	55895	525	1	0.661	11	GGA/GAG/AGG	GENOMAD.140449.CP	1.06e-34	132	0	0	0	1	NA	NA	NA	PF02283;COG2087;TIGR01618	Cobinamide kinase / cobinamide phosphate guanyltransferase
JAJIVP010000031.1_44	55888	56934	1047	1	0.691	11	AGGAG	GENOMAD.134221.CP	6.74e-105	344	0	0	0	1	NA	NA	NA	PF02277;TIGR03160;COG2038;K21299	nicotinate-nucleotide--dimethylbenzimidazole phosphoribosyltransferase
JAJIVP010000031.1_45	56931	57521	591	1	0.695	11	None	GENOMAD.132739.CP	8.885e-05	45	0	0	0	1	NA	NA	NA	PF00300;COG0588;K22306;TIGR03162	Phosphoglycerate mutase (BPG-dependent)
JAJIVP010000031.1_46	57518	58252	735	1	0.684	11	None	GENOMAD.136266.CP	5.232e-22	98	0	0	0	1	NA	NA	NA	COG0368	Cobalamin synthase
JAJIVP010000031.1_47	58485	59396	912	1	0.680	11	AGGAG	NA	NA	NA	0	0	0	1	NA	NA	NA	NA	NA
JAJIVP010000031.1_48	59300	60589	1290	-1	0.655	11	AGxAGG/AGGxGG	NA	NA	NA	0	0	0	1	NA	NA	NA	NA	NA
JAJIVP010000031.1_49	60586	62355	1770	-1	0.673	11	AGGAG	GENOMAD.159812.PC	1.39e-40	163	0	0	0	1	NA	NA	NA	PF04183;PF06276;K24108;COG4264	Siderophore synthetase component
JAJIVP010000031.1_50	62333	63529	1197	-1	0.677	11	None	NA	NA	NA	0	0	0	1	NA	NA	NA	NA	NA
JAJIVP010000031.1_51	63526	64488	963	-1	0.650	11	None	GENOMAD.159061.PC	2.581e-63	222	0	0	0	1	NA	NA	NA	PF04183;PF06276;COG4264;K23447	Siderophore synthetase component
JAJIVP010000032.1_1	3	653	651	1	0.621	11	None	GENOMAD.083643.PP	4.218e-65	222	0	1	0	1	NA	T_virB5	NA	PF13605;TIGR02780;COG5314;K20266	P-type conjugative transfer protein TrbJ
JAJIVP010000032.1_2	671	946	276	1	0.652	11	GGAGG	GENOMAD.029569.PP	2.422e-45	158	0	0	0	1	NA	NA	NA	PF19499;TIGR04359;COG3895	entry exclusion lipoprotein TrbK
JAJIVP010000032.1_3	943	2583	1641	1	0.653	11	AGGAGG	GENOMAD.108501.PC	2.403e-10	66	0	1	0	1	NA	NA	NA	PF08808;COG5654;TIGR02783	Uncharacterized conserved protein, contains RES domain
JAJIVP010000033.1_1	230	1156	927	-1	0.634	11	GGAG/GAGG	NA	NA	NA	0	0	0	1	NA	NA	NA	NA	NA
JAJIVP010000033.1_2	1156	3282	2127	-1	0.667	11	GGAG/GAGG	NA	NA	NA	0	0	0	1	NA	NA	NA	NA	NA
JAJIVP010000033.1_3	3523	3915	393	-1	0.616	11	AGGAG	NA	NA	NA	0	0	0	1	NA	NA	NA	NA	NA
JAJIVP010000033.1_4	3937	4149	213	-1	0.592	11	AGGAG	NA	NA	NA	0	0	0	1	NA	NA	NA	NA	NA
JAJIVP010000033.1_5	4623	6161	1539	-1	0.652	11	AGGAG	GENOMAD.208994.VP	2.183e-61	224	0	0	0	1246	Caudoviricetes	NA	NA	PF00145;K21507;TIGR00675;COG0270	DNA-methyltransferase (dcm)
JAJIVP010000033.1_6	6696	8708	2013	-1	0.640	11	GGA/GAG/AGG	NA	NA	NA	0	0	0	1	NA	NA	NA	NA	NA
JAJIVP010000033.1_7	8988	9428	441	-1	0.619	11	GGAG/GAGG	NA	NA	NA	0	0	0	1	NA	NA	NA	NA	NA
JAJIVP010000033.1_8	9502	10035	534	-1	0.614	11	GGA/GAG/AGG	GENOMAD.067442.PP	1.301e-33	129	0	0	0	1	NA	NA	NA	PF11358	NA
JAJIVP010000033.1_9	10032	10787	756	-1	0.618	11	GGA/GAG/AGG	GENOMAD.171663.PC	1.409e-94	309	0	0	0	1	NA	NA	NA	PF08900;TIGR03761	integrating conjugative element protein, PFL_4669 family
JAJIVP010000033.1_10	11109	12335	1227	-1	0.597	11	GGA/GAG/AGG	GENOMAD.192798.PC	1.098e-87	297	0	0	0	1	NA	NA	NA	NA	NA
JAJIVP010000033.1_11	12339	12899	561	-1	0.588	11	GGAG/GAGG	GENOMAD.180325.PC	2.943e-46	166	0	0	0	1	NA	NA	NA	PF11198	NA
JAJIVP010000033.1_12	12915	14558	1644	-1	0.645	11	GGAG/GAGG	GENOMAD.183789.PC	1.254e-84	294	0	1	0	1	NA	NA	NA	PF02195;TIGR03764;COG1475;K03497	integrating conjugative element, PFGI_1 class, ParB family protein
JAJIVP010000033.1_13	14551	14811	261	-1	0.651	11	GGAGG	GENOMAD.223849.VP	3.135e-10	57	0	0	0	1	NA	NA	NA	NA	NA
JAJIVP010000034.1_1	106	1599	1494	-1	0.667	11	None	NA	NA	NA	0	0	0	1	NA	NA	NA	NA	NA
JAJIVP010000034.1_2	1596	3968	2373	-1	0.663	11	GGxGG	NA	NA	NA	0	0	0	1	NA	NA	NA	NA	NA
JAJIVP010000034.1_3	4060	6963	2904	-1	0.638	11	GGAG/GAGG	GENOMAD.153944.CP	6.016e-07	56	0	0	0	1	NA	NA	NA	PF16338	Alpha-glucosidase, N-terminal
JAJIVP010000034.1_4	7065	8801	1737	-1	0.641	11	GGAG/GAGG	GENOMAD.208849.PC	2.05e-109	368	0	0	0	1	NA	NA	NA	PF18120;PF01301;K12308;COG1874;TIGR03356	Glycosyl hydrolases family 35
JAJIVP010000034.1_5	8819	10735	1917	-1	0.667	11	GGAG/GAGG	GENOMAD.145791.CP	6.472e-137	451	0	0	0	1	NA	NA	NA	PF13364;K05970	Beta-galactosidase jelly roll domain
JAJIVP010000034.1_6	10824	13079	2256	-1	0.678	11	GGAG/GAGG	NA	NA	NA	0	0	0	1	NA	NA	NA	NA	NA
JAJIVP010000034.1_7	13191	15911	2721	-1	0.624	11	GGAGG	GENOMAD.158496.CP	1.293e-137	464	0	0	0	1	NA	NA	NA	PF14905;PF07715;TIGR01782;K16091;COG4774	TonB-dependent receptor
JAJIVP010000034.1_8	16250	17785	1536	-1	0.615	11	GGAG/GAGG	GENOMAD.158496.CP	8.005e-87	299	0	0	0	1	NA	NA	NA	PF14905;PF07715;TIGR01782;K16091;COG4774	TonB-dependent receptor
JAJIVP010000034.1_9	17863	19029	1167	-1	0.644	11	GGAGG	GENOMAD.158496.CP	9.481e-101	334	0	0	0	1	NA	NA	NA	PF14905;PF07715;TIGR01782;K16091;COG4774	TonB-dependent receptor
JAJIVP010000034.1_10	19284	20255	972	-1	0.665	11	None	NA	NA	NA	0	0	0	1	NA	NA	NA	NA	NA
JAJIVP010000034.1_11	20670	21302	633	1	0.681	11	GGA/GAG/AGG	NA	NA	NA	0	0	0	1	NA	NA	NA	NA	NA
JAJIVP010000034.1_12	21299	22447	1149	1	0.644	11	AGGA	NA	NA	NA	0	0	0	1	NA	NA	NA	NA	NA
JAJIVP010000034.1_13	22441	23352	912	1	0.667	11	None	NA	NA	NA	0	0	0	1	NA	NA	NA	NA	NA
JAJIVP010000034.1_14	23349	24227	879	1	0.689	11	GGxGG	GENOMAD.183309.PC	4.772e-10	63	0	0	0	1	NA	NA	NA	PF05035;COG3734;TIGR02261	2-keto-3-deoxy-galactonokinase
JAJIVP010000034.1_15	24311	24634	324	1	0.630	11	GGA/GAG/AGG	GENOMAD.132576.CP	2.374e-05	44	0	0	0	1	NA	NA	NA	PF17179;K02691;TIGR02060;COG1146	adenosine phosphosulphate reductase, beta subunit
JAJIVP010000034.1_16	24582	24848	267	1	0.689	11	AGGAG	NA	NA	NA	0	0	0	1	NA	NA	NA	NA	NA
JAJIVP010000034.1_17	24755	25273	519	-1	0.680	11	AGGAG	GENOMAD.034204.CC	1.559e-72	241	0	0	0	1	NA	NA	NA	COG3317	Uncharacterized lipoprotein, NlpB/DapX family
JAJIVP010000034.1_18	25290	26261	972	-1	0.687	11	None	NA	NA	NA	0	0	0	1	NA	NA	NA	NA	NA
JAJIVP010000034.1_19	26343	26918	576	1	0.622	11	None	GENOMAD.123185.CP	9.814e-24	101	0	0	0	1	NA	NA	NA	COG2716;K07166	Glycine cleavage system regulatory protein
JAJIVP010000034.1_20	26930	27280	351	1	0.581	11	GGAG/GAGG	NA	NA	NA	0	0	0	1	NA	NA	NA	NA	NA
JAJIVP010000034.1_21	27317	27799	483	1	0.625	11	GGA/GAG/AGG	GENOMAD.115115.CP	3.961e-10	60	0	0	0	1	NA	NA	NA	PF13911;K24130;TIGR03137;COG1225	AhpC/TSA antioxidant enzyme
JAJIVP010000034.1_22	27882	29279	1398	1	0.621	11	GGA/GAG/AGG	NA	NA	NA	0	0	0	1	NA	NA	NA	NA	NA
JAJIVP010000034.1_23	29279	29761	483	1	0.654	11	GGAGG	NA	NA	NA	0	0	0	1	NA	NA	NA	NA	NA
JAJIVP010000034.1_24	29768	30439	672	1	0.665	11	None	GENOMAD.171470.CP	1.048e-57	201	0	0	0	1	NA	NA	NA	PF06912;COG3619	Uncharacterized membrane protein YoaK, UPF0700 family
JAJIVP010000034.1_25	30477	31286	810	1	0.680	11	None	NA	NA	NA	0	0	0	1	NA	NA	NA	NA	NA
JAJIVP010000034.1_26	31283	32164	882	1	0.673	11	None	GENOMAD.162404.CP	5.743e-80	269	0	0	0	1	NA	NA	NA	PF02273;COG4757;TIGR02240;K05714	Predicted alpha/beta hydrolase
JAJIVP010000034.1_27	32627	33619	993	-1	0.665	11	GGA/GAG/AGG	GENOMAD.147887.CP	8.222e-84	282	0	0	0	1	NA	NA	NA	PF06695;PF00581;K03975;COG0586;TIGR03865	Uncharacterized membrane protein DedA, SNARE-associated domain
JAJIVP010000034.1_28	33664	34608	945	-1	0.690	11	None	NA	NA	NA	0	0	0	1	NA	NA	NA	NA	NA
JAJIVP010000034.1_29	34740	35441	702	1	0.637	11	AGGAG	GENOMAD.129411.CP	3.543e-06	50	0	0	0	1	NA	NA	NA	PF05726;PF02678;COG1741;K06911	Redox-sensitive bicupin YhaK, pirin superfamily
JAJIVP010000034.1_30	35852	37837	1986	-1	0.648	11	GGA/GAG/AGG	GENOMAD.146534.CP	9.989e-05	48	0	0	0	1	NA	NA	NA	PF00015	Methyl-accepting chemotaxis protein (MCP) signalling domain
JAJIVP010000034.1_31	39125	39337	213	-1	0.573	11	AGGAG	NA	NA	NA	0	0	0	1	NA	NA	NA	NA	NA
JAJIVP010000034.1_32	39477	42125	2649	-1	0.646	11	None	NA	NA	NA	0	0	0	1	NA	NA	NA	NA	NA
JAJIVP010000034.1_33	42227	42715	489	-1	0.667	11	GGA/GAG/AGG	GENOMAD.130541.CP	2.93e-26	107	0	0	0	1	NA	NA	NA	PF02631;COG2137;K03565	SOS response regulatory protein OraA/RecX, interacts with RecA
JAJIVP010000034.1_34	43012	44046	1035	-1	0.626	11	GGAG/GAGG	NA	NA	NA	0	0	0	1	NA	NA	NA	NA	NA
JAJIVP010000034.1_35	44219	44860	642	-1	0.642	11	None	NA	NA	NA	0	0	0	1	NA	NA	NA	NA	NA
JAJIVP010000034.1_36	44946	46622	1677	-1	0.648	11	GGA/GAG/AGG	NA	NA	NA	0	0	0	1	NA	NA	NA	NA	NA
JAJIVP010000034.1_37	47088	47582	495	-1	0.657	11	None	NA	NA	NA	0	0	0	1	NA	NA	NA	NA	NA
JAJIVP010000034.1_38	48010	49329	1320	-1	0.652	11	GGAG/GAGG	NA	NA	NA	0	0	0	1	NA	NA	NA	NA	NA
JAJIVP010000034.1_39	49341	49619	279	-1	0.588	11	GGAG/GAGG	NA	NA	NA	0	0	0	1	NA	NA	NA	NA	NA
JAJIVP010000034.1_40	49697	50680	984	-1	0.687	11	GGA/GAG/AGG	NA	NA	NA	0	0	0	1	NA	NA	NA	NA	NA
JAJIVP010000034.1_41	50680	51582	903	-1	0.671	11	AGGAG	NA	NA	NA	0	0	0	1	NA	NA	NA	NA	NA
JAJIVP010000034.1_42	51709	53649	1941	-1	0.637	11	GGAG/GAGG	NA	NA	NA	0	0	0	1	NA	NA	NA	NA	NA
JAJIVP010000034.1_43	53710	54342	633	-1	0.638	11	GGA/GAG/AGG	GENOMAD.129277.CV	1.899e-34	133	0	0	0	16546	Riboviria	NA	NA	PF01728;K02427;TIGR00438;COG0293	cell division protein FtsJ
JAJIVP010000034.1_44	54408	54713	306	1	0.621	11	None	NA	NA	NA	0	0	0	1	NA	NA	NA	NA	NA
JAJIVP010000034.1_45	54729	55103	375	1	0.669	11	GGA/GAG/AGG	GENOMAD.099012.CP	1.709e-32	123	0	0	0	1	NA	NA	NA	PF04430;COG3737;K09008	Uncharacterized conserved protein, contains Mth938-like domain
JAJIVP010000034.1_46	55294	56073	780	-1	0.676	11	None	GENOMAD.085898.CP	0.0003781	44	0	0	0	1	NA	NA	NA	PF01333;K22719;COG4942	Septal ring factor EnvC, activator of murein hydrolases AmiA and AmiB
JAJIVP010000034.1_47	56070	56684	615	-1	0.660	11	GGA/GAG/AGG	GENOMAD.136362.CP	1.705e-21	95	0	0	0	1	NA	NA	NA	PF09335;COG1238	Uncharacterized membrane protein YqaA, SNARE-associated domain
JAJIVP010000034.1_48	56703	57380	678	-1	0.698	11	GGA/GAG/AGG	NA	NA	NA	0	0	0	1	NA	NA	NA	NA	NA
JAJIVP010000034.1_49	57377	58156	780	-1	0.673	11	AGGAG	NA	NA	NA	0	0	0	1	NA	NA	NA	NA	NA
JAJIVP010000034.1_50	58190	58798	609	1	0.670	11	None	GENOMAD.090379.CP	4.589e-05	46	0	0	0	1	NA	NA	NA	PF01713	Smr domain
JAJIVP010000034.1_51	59048	60157	1110	-1	0.665	11	GGA/GAG/AGG	GENOMAD.081820.CP	3.259e-95	317	1	0	0	1	NA	NA	NA	PF01142;TIGR00094;COG0585;K06176	tRNA pseudouridine synthase D (TruD)
JAJIVP010000034.1_52	60271	60771	501	-1	0.663	11	GGA/GAG/AGG	NA	NA	NA	0	0	0	1	NA	NA	NA	NA	NA
JAJIVP010000034.1_53	60775	61569	795	-1	0.683	11	GGA/GAG/AGG	GENOMAD.129102.CP	9.214e-05	46	0	0	0	1	NA	NA	NA	PF01983;K07141;TIGR03310;COG2068	molybdenum cofactor cytidylyltransferase
JAJIVP010000034.1_54	61566	61931	366	-1	0.653	11	None	GENOMAD.000998.CC	3.679e-31	119	0	0	0	1	NA	NA	NA	PF04977;K05589;COG2919;TIGR02209	Cell division protein FtsB
JAJIVP010000034.1_55	61935	63227	1293	-1	0.647	11	None	NA	NA	NA	0	0	0	1	NA	NA	NA	NA	NA
JAJIVP010000034.1_56	63352	63603	252	-1	0.635	11	None	NA	NA	NA	0	0	0	1	NA	NA	NA	NA	NA
JAJIVP010000034.1_57	63711	64541	831	-1	0.631	11	GGA/GAG/AGG	NA	NA	NA	0	0	0	1	NA	NA	NA	NA	NA
JAJIVP010000034.1_58	64762	66426	1665	-1	0.636	11	AGGAG/GGAGG	NA	NA	NA	0	0	0	1	NA	NA	NA	NA	NA
JAJIVP010000034.1_59	66740	66982	243	-1	0.675	11	GGAG/GAGG	NA	NA	NA	0	0	0	1	NA	NA	NA	NA	NA
JAJIVP010000034.1_60	67147	69036	1890	1	0.627	11	None	GENOMAD.138195.VC	1.047e-28	126	0	0	0	1246	Caudoviricetes	NA	NA	PF00204;K02622;TIGR01059;COG0187	DNA gyrase, B subunit
JAJIVP010000034.1_61	69406	70905	1500	1	0.649	11	None	NA	NA	NA	0	0	0	1	NA	NA	NA	NA	NA
JAJIVP010000034.1_62	71099	71860	762	-1	0.651	11	GGA/GAG/AGG	GENOMAD.132426.CP	2.337e-07	54	0	0	0	1	NA	NA	NA	PF02698;COG1434	Uncharacterized SAM-binding protein YcdF, DUF218 family
JAJIVP010000034.1_63	71967	73094	1128	-1	0.653	11	GGAG/GAGG	NA	NA	NA	0	0	0	1	NA	NA	NA	NA	NA
JAJIVP010000034.1_64	73104	73730	627	-1	0.624	11	AGGA/GGAG/GAGG	GENOMAD.153861.CP	3.278e-64	219	0	0	0	1	NA	NA	NA	PF01865;K07220;TIGR00153;COG1392	TIGR00153 family protein
JAJIVP010000034.1_65	74003	75343	1341	1	0.653	11	GGA/GAG/AGG	NA	NA	NA	0	0	0	1	NA	NA	NA	NA	NA
JAJIVP010000034.1_66	75327	75995	669	1	0.653	11	GGAG/GAGG	GENOMAD.161213.CP	1.568e-17	84	0	0	0	1	NA	NA	NA	COG3932	NA
JAJIVP010000034.1_67	76030	76530	501	-1	0.651	11	GGA/GAG/AGG	GENOMAD.168709.CP	3.336e-16	78	0	0	0	1	NA	NA	NA	PF16242;COG3871;TIGR03668	Pyridoxamine 5'-phosphate oxidase like
JAJIVP010000034.1_68	76591	77595	1005	-1	0.678	11	GGAG/GAGG	GENOMAD.133049.CP	1.011e-61	218	0	0	0	1	NA	NA	NA	PF00296;TIGR03558;COG2141;K00320	luciferase family oxidoreductase, group 1
JAJIVP010000034.1_69	77944	78786	843	1	0.648	11	None	NA	NA	NA	0	0	0	1	NA	NA	NA	NA	NA
JAJIVP010000034.1_70	78735	79280	546	1	0.628	11	GGxGG	NA	NA	NA	0	0	0	1	NA	NA	NA	NA	NA
JAJIVP010000034.1_71	79442	81190	1749	-1	0.661	11	None	NA	NA	NA	0	0	0	1	NA	NA	NA	NA	NA
JAJIVP010000034.1_72	81257	82315	1059	-1	0.669	11	GGA/GAG/AGG	GENOMAD.190712.CP	3.815e-168	527	0	0	0	1	NA	NA	NA	PF07475;TIGR04355;COG0125;K10038	HprK-related kinase B
JAJIVP010000034.1_73	82510	84000	1491	1	0.644	11	GGA/GAG/AGG	NA	NA	NA	0	0	0	1	NA	NA	NA	NA	NA
JAJIVP010000034.1_74	84056	85270	1215	1	0.653	11	GGA/GAG/AGG	NA	NA	NA	0	0	0	1	NA	NA	NA	NA	NA
JAJIVP010000034.1_75	85508	86629	1122	-1	0.672	11	GGAG/GAGG	NA	NA	NA	0	0	0	1	NA	NA	NA	NA	NA
JAJIVP010000034.1_76	86626	87756	1131	-1	0.666	11	None	NA	NA	NA	0	0	0	1	NA	NA	NA	NA	NA
JAJIVP010000034.1_77	87881	88579	699	-1	0.684	11	GGAG/GAGG	GENOMAD.140713.CV	3.227e-05	47	0	0	0	1	NA	NA	NA	PF05891;K21803;COG3897;TIGR00537	Predicted nicotinamide N-methyase
JAJIVP010000034.1_78	88576	89811	1236	-1	0.681	11	GGAG/GAGG	GENOMAD.127439.CP	4.704e-31	130	0	0	0	1	NA	NA	NA	PF12890;K12960;COG1228;TIGR03314	Imidazolonepropionase or related amidohydrolase
JAJIVP010000034.1_79	89824	90666	843	-1	0.668	11	GGAGG	GENOMAD.171298.CP	1.187e-42	160	0	0	0	1	NA	NA	NA	PF03492;K06219;TIGR03840;COG2227	thiopurine S-methyltransferase, Se/Te detoxification family
JAJIVP010000034.1_80	90950	91801	852	-1	0.674	11	GGA/GAG/AGG	GENOMAD.019505.CC	3.31e-100	327	0	0	0	1	NA	NA	NA	PF02706;COG3765;TIGR03017;K05789	LPS O-antigen chain length determinant protein, WzzB/FepE family
JAJIVP010000034.1_81	91845	92906	1062	-1	0.612	11	GGAG/GAGG	NA	NA	NA	0	0	0	1	NA	NA	NA	NA	NA
JAJIVP010000034.1_82	92987	93925	939	-1	0.505	11	GGAG/GAGG	NA	NA	NA	0	0	0	1	NA	NA	NA	NA	NA
JAJIVP010000034.1_83	93922	95175	1254	-1	0.637	11	None	GENOMAD.197607.PC	1.273e-41	162	0	0	0	1	NA	NA	NA	K16693;COG0534	Na+-driven multidrug efflux pump
JAJIVP010000034.1_84	95172	96296	1125	-1	0.632	11	None	GENOMAD.076874.VV	2.26e-10	65	0	0	0	1	NA	NA	NA	PF01041;K07806;TIGR03588;COG0399	UDP-4-amino-4,6-dideoxy-N-acetyl-beta-L-altrosamine transaminase
JAJIVP010000034.1_85	96298	96771	474	-1	0.593	11	None	NA	NA	NA	0	0	0	1	NA	NA	NA	NA	NA
JAJIVP010000034.1_86	97076	97696	621	1	0.697	11	GGA/GAG/AGG	GENOMAD.151027.CP	3.131e-25	106	0	0	0	1	NA	NA	NA	PF01292;K12262;COG3038;TIGR01583	Cytochrome b561
JAJIVP010000034.1_87	97780	99123	1344	1	0.646	11	AGGA	GENOMAD.181612.CP	2.37e-128	417	0	0	0	1	NA	NA	NA	NA	NA
JAJIVP010000034.1_88	99150	99542	393	1	0.628	11	GGA/GAG/AGG	NA	NA	NA	0	0	0	1	NA	NA	NA	NA	NA
JAJIVP010000034.1_89	99590	99883	294	1	0.731	11	GGAG/GAGG	NA	NA	NA	0	0	0	1	NA	NA	NA	NA	NA
JAJIVP010000034.1_90	100091	100780	690	1	0.696	11	None	NA	NA	NA	0	0	0	1	NA	NA	NA	NA	NA
JAJIVP010000034.1_91	100832	101425	594	1	0.658	11	None	NA	NA	NA	0	0	0	1	NA	NA	NA	NA	NA
JAJIVP010000034.1_92	101422	102078	657	1	0.700	11	GGAG/GAGG	GENOMAD.045251.CC	6.558e-96	311	0	0	0	1	NA	NA	NA	PF11859;COG5343;TIGR02949	Anti-sigma-K factor RskA
JAJIVP010000034.1_93	102075	103400	1326	1	0.672	11	None	NA	NA	NA	0	0	0	1	NA	NA	NA	NA	NA
JAJIVP010000034.1_94	103411	104169	759	1	0.643	11	None	GENOMAD.123398.CP	6.904e-19	89	0	0	0	1	NA	NA	NA	K02195;TIGR01191;COG0755	heme exporter protein CcmC
JAJIVP010000034.1_95	104166	104372	207	1	0.676	11	GGAG/GAGG	GENOMAD.004807.CC	8.89e-08	49	0	0	0	1	NA	NA	NA	PF04995;COG3114;TIGR03141	Heme exporter protein D
JAJIVP010000034.1_96	104369	104839	471	1	0.624	11	AGGA/GGAG/GAGG	GENOMAD.134025.CP	2.907e-41	150	0	0	0	1	NA	NA	NA	PF03100;K02197;COG2332;TIGR00752	Cytochrome c-type biogenesis protein CcmE
JAJIVP010000034.1_97	104903	106891	1989	1	0.661	11	None	GENOMAD.137760.CP	1.426e-62	232	0	0	0	1	NA	NA	NA	COG1138	Cytochrome c biogenesis factor
JAJIVP010000034.1_98	106888	107430	543	1	0.656	11	AGGA	GENOMAD.142989.CP	3.195e-05	46	0	0	0	1	NA	NA	NA	PF08534;TIGR01626;COG0386	conserved hypothetical protein YtfJ-family, TIGR01626
JAJIVP010000034.1_99	107430	107924	495	1	0.657	11	GGA/GAG/AGG	NA	NA	NA	0	0	0	1	NA	NA	NA	NA	NA
JAJIVP010000034.1_100	107918	108625	708	1	0.667	11	GGAGG	GENOMAD.147903.CP	1.267e-122	389	0	0	0	1	NA	NA	NA	PF12895;K04018;TIGR02552;COG5010	NA
JAJIVP010000034.1_101	108985	111057	2073	-1	0.650	11	GGA/GAG/AGG	NA	NA	NA	0	0	0	1	NA	NA	NA	NA	NA
JAJIVP010000034.1_102	111044	112561	1518	-1	0.619	11	None	NA	NA	NA	0	0	0	1	NA	NA	NA	NA	NA
JAJIVP010000034.1_103	112828	113202	375	1	0.605	11	GGAG/GAGG	NA	NA	NA	0	0	0	1	NA	NA	NA	NA	NA
JAJIVP010000034.1_104	113317	116172	2856	-1	0.664	11	GGA/GAG/AGG	NA	NA	NA	0	0	0	1	NA	NA	NA	NA	NA
JAJIVP010000034.1_105	116487	117110	624	1	0.667	11	None	NA	NA	NA	0	0	0	1	NA	NA	NA	NA	NA
JAJIVP010000034.1_106	117146	118336	1191	1	0.675	11	AGGA	NA	NA	NA	0	0	0	1	NA	NA	NA	NA	NA
JAJIVP010000034.1_107	118606	120717	2112	1	0.634	11	None	GENOMAD.151917.PC	1.616e-06	54	0	0	0	1	NA	NA	NA	PF12729;K05874;COG5278	Four helix bundle sensory module for signal transduction
JAJIVP010000034.1_108	120790	121395	606	-1	0.657	11	None	NA	NA	NA	0	0	0	1	NA	NA	NA	NA	NA
JAJIVP010000034.1_109	121884	122738	855	1	0.608	11	None	NA	NA	NA	0	0	0	1	NA	NA	NA	NA	NA
JAJIVP010000035.1_1	2	160	159	1	0.660	11	None	NA	NA	NA	0	0	0	1	NA	NA	NA	NA	NA
JAJIVP010000035.1_2	124	663	540	1	0.596	11	AGGAG	GENOMAD.082990.PP	3.112e-60	206	0	0	0	1	NA	NA	NA	NA	NA
JAJIVP010000036.1_1	143	781	639	1	0.546	11	GGA/GAG/AGG	NA	NA	NA	0	0	0	1	NA	NA	NA	NA	NA
JAJIVP010000036.1_2	817	981	165	1	0.491	11	AGGAG	NA	NA	NA	0	0	0	1	NA	NA	NA	NA	NA
JAJIVP010000036.1_3	1056	2084	1029	1	0.619	11	GGAG/GAGG	NA	NA	NA	0	0	0	1	NA	NA	NA	NA	NA
JAJIVP010000036.1_4	2304	2945	642	1	0.539	11	GGA/GAG/AGG	NA	NA	NA	0	0	0	1	NA	NA	NA	NA	NA
JAJIVP010000036.1_5	3027	6269	3243	1	0.627	11	GGA/GAG/AGG	NA	NA	NA	0	0	0	1	NA	NA	NA	NA	NA
JAJIVP010000037.1_1	1	873	873	1	0.652	11	None	NA	NA	NA	0	0	0	1	NA	NA	NA	NA	NA
JAJIVP010000037.1_2	959	2386	1428	1	0.651	11	GGA/GAG/AGG	NA	NA	NA	0	0	0	1	NA	NA	NA	NA	NA
JAJIVP010000037.1_3	2643	4142	1500	1	0.555	11	GGAG/GAGG	NA	NA	NA	0	0	0	1	NA	NA	NA	NA	NA
JAJIVP010000037.1_4	4126	4560	435	-1	0.584	11	AGxAGG/AGGxGG	NA	NA	NA	0	0	0	1	NA	NA	NA	NA	NA
JAJIVP010000037.1_5	5264	6439	1176	1	0.657	11	GGAG/GAGG	GENOMAD.082750.CP	0.0001924	46	0	0	0	1	NA	NA	NA	PF11741	AMIN domain
JAJIVP010000037.1_6	6476	7393	918	1	0.661	11	GGA/GAG/AGG	NA	NA	NA	0	0	0	1	NA	NA	NA	NA	NA
JAJIVP010000037.1_7	8005	9372	1368	1	0.649	11	GGAG/GAGG	GENOMAD.001794.CC	3.03e-25	113	0	0	0	1	NA	NA	NA	PF12626	Polymerase A arginine-rich C-terminus
JAJIVP010000037.1_8	9376	9861	486	1	0.714	11	GGA/GAG/AGG	GENOMAD.094485.CP	1.57e-13	70	0	0	0	1	NA	NA	NA	PF01288;COG0801;TIGR01498	7,8-dihydro-6-hydroxymethylpterin-pyrophosphokinase
JAJIVP010000037.1_9	9897	10712	816	1	0.674	11	None	NA	NA	NA	0	0	0	1	NA	NA	NA	NA	NA
JAJIVP010000037.1_10	10709	11551	843	1	0.661	11	3Base/5BMM	NA	NA	NA	0	0	0	1	NA	NA	NA	NA	NA
JAJIVP010000037.1_11	11728	12108	381	1	0.612	11	None	NA	NA	NA	0	0	0	1	NA	NA	NA	NA	NA
JAJIVP010000037.1_12	12105	13619	1515	1	0.666	11	GGA/GAG/AGG	GENOMAD.125882.CP	2.001e-50	191	0	0	0	1	NA	NA	NA	NA	NA
JAJIVP010000037.1_13	13774	14118	345	1	0.672	11	GGA/GAG/AGG	NA	NA	NA	0	0	0	1	NA	NA	NA	NA	NA
JAJIVP010000037.1_14	14122	14745	624	1	0.654	11	None	NA	NA	NA	0	0	0	1	NA	NA	NA	NA	NA
JAJIVP010000037.1_15	14962	16917	1956	-1	0.665	11	GGAG/GAGG	GENOMAD.176626.CP	1.862e-194	619	0	0	0	1	NA	NA	NA	PF05787;K07093;COG3211	Bacterial protein of unknown function (DUF839)
JAJIVP010000037.1_16	17352	19964	2613	1	0.661	11	GGAG/GAGG	GENOMAD.211807.CP	2.612e-28	126	0	0	0	1	NA	NA	NA	PF18559	Galactose-binding domain-like
JAJIVP010000037.1_17	20221	21783	1563	1	0.637	11	AGGAG	GENOMAD.116954.CP	1.05e-06	54	0	0	0	1246	Caudoviricetes	NA	NA	COG4146	Uncharacterized membrane permease YidK, sodium:solute symporter family
JAJIVP010000037.1_18	21985	23841	1857	-1	0.668	11	3Base/5BMM	NA	NA	NA	0	0	0	1	NA	NA	NA	NA	NA
JAJIVP010000037.1_19	24294	25280	987	1	0.629	11	GGA/GAG/AGG	NA	NA	NA	0	0	0	1	NA	NA	NA	NA	NA
JAJIVP010000037.1_20	25461	26027	567	-1	0.649	11	GGAG/GAGG	NA	NA	NA	0	0	0	1	NA	NA	NA	NA	NA
JAJIVP010000037.1_21	26024	27502	1479	-1	0.674	11	GGA/GAG/AGG	GENOMAD.145551.CP	6.445e-22	103	0	0	0	1	NA	NA	NA	PF14501;K15011;COG3920;TIGR02966	Two-component sensor histidine kinase, HisKA and HATPase domains
JAJIVP010000037.1_22	27574	28839	1266	1	0.660	11	3Base/5BMM	NA	NA	NA	0	0	0	1	NA	NA	NA	NA	NA
JAJIVP010000037.1_23	28820	29551	732	1	0.661	11	None	GENOMAD.179808.CP	1.745e-05	48	0	0	0	1	NA	NA	NA	PF01569;COG3907;K19302	Membrane-associated enzyme, PAP2 (acid phosphatase) superfamily
JAJIVP010000037.1_24	29548	30831	1284	-1	0.657	11	AGGA	GENOMAD.168138.CP	0.0004482	45	0	0	0	1	NA	NA	NF033135	PF01306;K08194;TIGR00903;COG2223	major facilitator 4 family protein
JAJIVP010000037.1_25	31025	31729	705	-1	0.647	11	GGAG/GAGG	NA	NA	NA	0	0	0	1	NA	NA	NA	NA	NA
JAJIVP010000037.1_26	31869	32738	870	-1	0.639	11	GGA/GAG/AGG	NA	NA	NA	0	0	0	1	NA	NA	NA	NA	NA
JAJIVP010000037.1_27	32774	33826	1053	-1	0.665	11	None	GENOMAD.104575.CP	1.269e-25	112	0	0	0	1246	Caudoviricetes	NA	NA	PF02873	UDP-N-acetylenolpyruvoylglucosamine reductase, C-terminal domain
JAJIVP010000037.1_28	33823	34878	1056	-1	0.666	11	4Base/6BMM	NA	NA	NA	0	0	0	1	NA	NA	NA	NA	NA
JAJIVP010000037.1_29	34884	35651	768	-1	0.667	11	None	NA	NA	NA	0	0	0	1	NA	NA	NA	NA	NA
JAJIVP010000037.1_30	35654	35938	285	-1	0.649	11	AGGAG	NA	NA	NA	0	0	0	1	NA	NA	NA	NA	NA
JAJIVP010000037.1_31	36433	37965	1533	-1	0.652	11	AGGAG	NA	NA	NA	0	0	0	1	NA	NA	NA	NA	NA
JAJIVP010000037.1_32	38990	40837	1848	1	0.546	11	GGAG/GAGG	NA	NA	NA	0	0	0	1	NA	NA	NA	NA	NA
JAJIVP010000037.1_33	40838	41659	822	1	0.583	11	AGGA/GGAG/GAGG	GENOMAD.159942.PC	1.642e-103	336	0	0	0	1	NA	NA	NA	NA	NA
JAJIVP010000037.1_34	41656	42942	1287	1	0.545	11	GGAG/GAGG	NA	NA	NA	0	0	0	1	NA	NA	NA	NA	NA
JAJIVP010000037.1_35	43023	43667	645	1	0.538	11	GGAG/GAGG	NA	NA	NA	0	0	0	1	NA	NA	NA	NA	NA
JAJIVP010000037.1_36	44224	44883	660	1	0.544	11	GGAGG	NA	NA	NA	0	0	0	1	NA	NA	NA	NA	NA
JAJIVP010000037.1_37	44990	46210	1221	1	0.528	11	GGA/GAG/AGG	GENOMAD.088806.PP	8.26e-08	57	0	0	0	1	NA	NA	NA	PF06666	NA
JAJIVP010000037.1_38	46260	46574	315	-1	0.575	11	None	NA	NA	NA	0	0	0	1	NA	NA	NA	NA	NA
JAJIVP010000038.1_1	1	873	873	1	0.645	11	None	NA	NA	NA	0	0	0	1	NA	NA	NA	NA	NA
JAJIVP010000038.1_2	1086	2159	1074	-1	0.664	11	GGAG/GAGG	NA	NA	NA	0	0	0	1	NA	NA	NA	NA	NA
JAJIVP010000038.1_3	2336	4531	2196	1	0.649	11	GGA/GAG/AGG	GENOMAD.181541.CP	5.415e-19	95	0	0	0	1	NA	NA	NA	PF03648;K01235;COG3661	Alpha-glucuronidase
JAJIVP010000038.1_4	4528	6492	1965	1	0.683	11	GGA/GAG/AGG	GENOMAD.145791.CP	3.282e-101	347	0	0	0	1	NA	NA	NA	PF13364;K05970	Beta-galactosidase jelly roll domain
JAJIVP010000038.1_5	6504	7763	1260	1	0.656	11	GGA/GAG/AGG	NA	NA	NA	0	0	0	1	NA	NA	NA	NA	NA
JAJIVP010000038.1_6	7763	9457	1695	1	0.657	11	GGA/GAG/AGG	GENOMAD.137986.CP	0.000163	47	0	0	0	1	NA	NA	NA	PF03664;PF04616;COG3507;K15921	Beta-xylosidase
JAJIVP010000038.1_7	9460	12168	2709	1	0.678	11	AGGA	NA	NA	NA	0	0	0	1	NA	NA	NA	NA	NA
JAJIVP010000038.1_8	12317	13789	1473	1	0.665	11	GGA/GAG/AGG	NA	NA	NA	0	0	0	1	NA	NA	NA	NA	NA
JAJIVP010000038.1_9	13871	14260	390	-1	0.618	11	GGAGG	GENOMAD.167957.PC	4.127e-66	220	0	0	0	1	NA	NA	NF000005	PF19581;COG3324;TIGR03645;K08234	Predicted enzyme related to lactoylglutathione lyase
JAJIVP010000038.1_10	14369	14788	420	-1	0.583	11	AGGA	GENOMAD.213831.PC	7.534e-40	145	0	0	0	1	NA	NA	NA	NA	NA
JAJIVP010000038.1_11	15275	16192	918	-1	0.633	11	AGGAG	GENOMAD.171283.VV	2.242e-22	101	0	0	0	1246	Caudoviricetes	NA	NA	NA	NA
JAJIVP010000038.1_12	16488	17510	1023	1	0.695	11	AGGA	NA	NA	NA	0	0	0	1	NA	NA	NA	NA	NA
JAJIVP010000038.1_13	17643	18389	747	-1	0.671	11	AGGA/GGAG/GAGG	GENOMAD.133737.CP	4.227e-06	50	0	0	0	1	NA	NA	NA	PF13022;TIGR03384;COG3226;K16138	transcriptional repressor BetI
JAJIVP010000038.1_14	18601	20037	1437	-1	0.705	11	GGA/GAG/AGG	NA	NA	NA	0	0	0	1	NA	NA	NA	NA	NA
JAJIVP010000038.1_15	20140	21348	1209	-1	0.716	11	GGAG/GAGG	GENOMAD.207198.PC	3.646e-47	178	0	0	0	1	NA	NA	NA	PF05977;TIGR00902;COG2223;K18567	phenyl proprionate permease family protein
JAJIVP010000038.1_16	21358	21999	642	-1	0.721	11	None	GENOMAD.028140.CC	6.297e-94	305	0	0	0	1	NA	NA	NA	PF00596;COG0235;TIGR00760;K01628	Ribulose-5-phosphate 4-epimerase/Fuculose-1-phosphate aldolase
JAJIVP010000038.1_17	22004	23467	1464	-1	0.676	11	None	GENOMAD.117114.CP	4.68e-07	55	0	0	0	1	NA	NA	NA	PF00202;TIGR00713;K21585;COG0001	glutamate-1-semialdehyde-2,1-aminomutase
JAJIVP010000038.1_18	23464	24144	681	-1	0.698	11	GGAGG	NA	NA	NA	0	0	0	1	NA	NA	NA	NA	NA
JAJIVP010000038.1_19	24131	25777	1647	-1	0.689	11	None	NA	NA	NA	0	0	0	1	NA	NA	NA	NA	NA
JAJIVP010000038.1_20	25777	26694	918	-1	0.651	11	GGA/GAG/AGG	NA	NA	NA	0	0	0	1	NA	NA	NA	NA	NA
JAJIVP010000038.1_21	26777	27223	447	-1	0.682	11	None	GENOMAD.167547.CP	2.609e-11	63	0	0	0	1	NA	NA	NA	COG4731	Uncharacterized conserved protein, DUF2147 family
JAJIVP010000038.1_22	27733	28770	1038	-1	0.651	11	AGGA	NA	NA	NA	0	0	0	1	NA	NA	NA	NA	NA
JAJIVP010000038.1_23	28982	30166	1185	-1	0.622	11	GGA/GAG/AGG	NA	NA	NA	0	0	0	1	NA	NA	NA	NA	NA
JAJIVP010000038.1_24	30214	32985	2772	-1	0.658	11	AGGA/GGAG/GAGG	GENOMAD.146053.CP	1.589e-11	71	0	0	0	1	NA	NA	NA	PF18368;PF02836;PF02837;PF17786;K15855;COG3250	Beta-galactosidase/beta-glucuronidase
JAJIVP010000038.1_25	33070	34488	1419	-1	0.656	11	None	GENOMAD.160785.CP	3.765e-114	377	0	0	0	1	NA	NA	NA	NA	NA
JAJIVP010000038.1_26	34529	35506	978	-1	0.624	11	GGAG/GAGG	NA	NA	NA	0	0	0	1	NA	NA	NA	NA	NA
JAJIVP010000038.1_27	35984	36976	993	-1	0.638	11	GGAG/GAGG	NA	NA	NA	0	0	0	1	NA	NA	NA	NA	NA
JAJIVP010000038.1_28	36986	38299	1314	-1	0.653	11	GGA/GAG/AGG	GENOMAD.133797.CP	1.573e-10	66	0	0	0	1	NA	NA	NF012174	PF00083;TIGR00892;K08194;COG2223	monocarboxylate transporter 1
JAJIVP010000038.1_29	38760	41693	2934	1	0.642	11	GGA/GAG/AGG	GENOMAD.152082.CP	7.969e-56	216	0	0	0	1	NA	NA	NA	PF00593;PF07715;PF00691;TIGR01782;COG4773;K16089	TonB-dependent receptor
JAJIVP010000038.1_30	41792	43279	1488	1	0.613	11	None	NA	NA	NA	0	0	0	1	NA	NA	NA	NA	NA
JAJIVP010000038.1_31	43312	44346	1035	1	0.643	11	GGA/GAG/AGG	GENOMAD.151274.CP	2.48e-30	126	0	0	0	1246	Caudoviricetes	NA	NA	K15921;COG3940	Beta-xylosidase, GH43 family
JAJIVP010000038.1_32	44685	45218	534	1	0.646	11	GGA/GAG/AGG	NA	NA	NA	0	0	0	1	NA	NA	NA	NA	NA
JAJIVP010000038.1_33	45277	45630	354	-1	0.559	11	GGA/GAG/AGG	GENOMAD.053075.CC	1.358e-15	74	0	0	0	1	NA	NA	NA	PF06877;COG3076;K09893	Regulator of RNase E activity RraB
JAJIVP010000038.1_34	45844	46143	300	-1	0.617	11	GGAG/GAGG	NA	NA	NA	0	0	0	1	NA	NA	NA	NA	NA
JAJIVP010000038.1_35	46307	46879	573	-1	0.646	11	AGGAG	NA	NA	NA	0	0	0	1	NA	NA	NA	NA	NA
JAJIVP010000038.1_36	47017	47235	219	1	0.639	11	None	GENOMAD.007320.CC	4.225e-09	53	0	0	0	1	NA	NA	NA	PF04325;COG5481	Uncharacterized conserved protein YdcH, DUF465 family
JAJIVP010000038.1_37	47865	48845	981	-1	0.683	11	AGGAG	NA	NA	NA	0	0	0	1	NA	NA	NA	NA	NA
JAJIVP010000038.1_38	49185	51851	2667	-1	0.667	11	None	GENOMAD.112786.CP	2.414e-205	662	0	0	0	1	NA	NA	NA	PF19277;PF01553;K00631;TIGR03703;COG2937	glycerol-3-phosphate O-acyltransferase
JAJIVP010000038.1_39	51851	52822	972	-1	0.704	11	GGA/GAG/AGG	NA	NA	NA	0	0	0	1	NA	NA	NA	NA	NA
JAJIVP010000038.1_40	53234	54286	1053	1	0.700	11	AGGA/GGAG/GAGG	GENOMAD.137637.CP	4.501e-06	51	0	0	0	1	NA	NA	NA	PF00532;TIGR01481;COG1609;K02529	catabolite control protein A
JAJIVP010000038.1_41	54454	57492	3039	1	0.646	11	GGAGG	GENOMAD.125907.CP	1.534e-17	91	0	0	0	1	NA	NA	NA	PF14905;PF07715;TIGR01783;COG4771;K19611	TonB-dependent siderophore receptor
JAJIVP010000038.1_42	57809	58942	1134	1	0.638	11	GGAGG	GENOMAD.125907.CP	1.475e-19	94	0	0	0	1	NA	NA	NA	PF14905;PF07715;TIGR01783;COG4771;K19611	TonB-dependent siderophore receptor
JAJIVP010000038.1_43	59291	60844	1554	1	0.620	11	None	NA	NA	NA	0	0	0	1	NA	NA	NA	NA	NA
JAJIVP010000038.1_44	60950	62470	1521	1	0.648	11	AGGA	GENOMAD.098617.VV	3.422e-05	49	0	0	0	1246	Caudoviricetes	NA	NA	NA	NA
JAJIVP010000038.1_45	62879	63610	732	-1	0.702	11	GGAGG	NA	NA	NA	0	0	0	1	NA	NA	NA	NA	NA
JAJIVP010000038.1_46	63607	64557	951	-1	0.674	11	GGxGG	NA	NA	NA	0	0	0	1	NA	NA	NA	NA	NA
JAJIVP010000038.1_47	64898	65566	669	1	0.697	11	GGAG/GAGG	NA	NA	NA	0	0	0	1	NA	NA	NA	NA	NA
JAJIVP010000038.1_48	65846	66346	501	-1	0.707	11	None	GENOMAD.190009.CP	1.929e-50	177	0	0	0	1	NA	NA	NA	PF14094	NA
JAJIVP010000038.1_49	66475	66852	378	1	0.690	11	GGA/GAG/AGG	NA	NA	NA	0	0	0	1	NA	NA	NA	NA	NA
JAJIVP010000038.1_50	66934	67470	537	-1	0.669	11	GGAG/GAGG	NA	NA	NA	0	0	0	1	NA	NA	NA	NA	NA
JAJIVP010000038.1_51	67741	69717	1977	-1	0.634	11	GGA/GAG/AGG	NA	NA	NA	0	0	0	1	NA	NA	NA	NA	NA
JAJIVP010000038.1_52	69923	70552	630	1	0.652	11	None	NA	NA	NA	0	0	0	1	NA	NA	NA	NA	NA
JAJIVP010000038.1_53	70981	72114	1134	1	0.646	11	GGAGG	GENOMAD.181208.CP	9.802e-43	164	0	0	0	1	NA	NA	NA	K20962;COG3604;TIGR01817	Transcriptional regulator containing GAF, AAA-type ATPase, and DNA-binding Fis domains
JAJIVP010000038.1_54	72290	73897	1608	-1	0.636	11	None	NA	NA	NA	0	0	0	1	NA	NA	NA	NA	NA
JAJIVP010000038.1_55	73960	74454	495	-1	0.669	11	None	GENOMAD.032274.CC	2.822e-87	283	0	0	0	1	NA	NA	NA	PF14315	NA
JAJIVP010000038.1_56	74506	75078	573	-1	0.637	11	GGAG/GAGG	GENOMAD.032274.CC	3.696e-80	264	0	0	0	1	NA	NA	NA	PF14315	NA
JAJIVP010000038.1_57	75629	76444	816	-1	0.620	11	GGA/GAG/AGG	NA	NA	NA	0	0	0	1	NA	NA	NA	NA	NA
JAJIVP010000003.1_1	1	366	366	1	0.481	11	None	NA	NA	NA	0	0	0	1	NA	NA	NA	NA	NA
JAJIVP010000003.1_2	339	869	531	1	0.443	11	None	NA	NA	NA	0	0	0	1	NA	NA	NA	NA	NA
JAJIVP010000003.1_3	941	1411	471	1	0.637	11	None	NA	NA	NA	0	0	0	1	NA	NA	NA	NA	NA
JAJIVP010000039.1_1	1	1062	1062	1	0.680	11	None	NA	NA	NA	0	0	0	1	NA	NA	NA	NA	NA
JAJIVP010000039.1_2	1044	5573	4530	1	0.696	11	GGAG/GAGG	GENOMAD.132314.CP	6.021e-115	410	0	0	0	1	NA	NA	NA	PF05420;PF12569;PF13512;TIGR02917;COG5107;K11935	Cellulose synthase operon protein C C-terminus (BCSC_C); N-terminal acetyltransferase A, auxiliary subunit; Tetratricopeptide repeat
JAJIVP010000039.1_3	5805	7463	1659	-1	0.666	11	GGAG/GAGG	NA	NA	NA	0	0	0	1	NA	NA	NA	NA	NA
JAJIVP010000039.1_4	7456	7881	426	-1	0.681	11	AGGA	NA	NA	NA	0	0	0	1	NA	NA	NA	NA	NA
JAJIVP010000039.1_5	8224	8646	423	1	0.650	11	GGA/GAG/AGG	NA	NA	NA	0	0	0	1	NA	NA	NA	NA	NA
JAJIVP010000039.1_6	8924	9439	516	1	0.612	11	AGGAG	NA	NA	NA	0	0	0	1	NA	NA	NA	NA	NA
JAJIVP010000040.1_1	35	886	852	-1	0.646	11	GGA/GAG/AGG	GENOMAD.126777.CP	3.206e-07	54	0	0	0	1	NA	NA	NA	PF17912;PF03459;COG3585;TIGR00638	MalK OB fold domain; TOBE domain
JAJIVP010000040.1_2	1283	2773	1491	-1	0.698	11	None	NA	NA	NA	0	0	0	1	NA	NA	NA	NA	NA
JAJIVP010000040.1_3	2778	4364	1587	-1	0.662	11	AGGAG	GENOMAD.162124.CP	0.0001488	47	0	0	0	1	NA	NA	NA	PF06609;K03446;TIGR00711;COG2223	drug resistance transporter, EmrB/QacA subfamily
JAJIVP010000040.1_4	4361	5563	1203	-1	0.670	11	AGGA	GENOMAD.138157.CP	8.255e-43	165	0	0	0	1	NA	NA	NA	PF13437;TIGR02828	HlyD family secretion protein
JAJIVP010000040.1_5	5813	6928	1116	-1	0.616	11	GGAG/GAGG	GENOMAD.152308.CP	2.088e-05	49	0	0	0	1	NA	NA	NA	PF13416;K11069;TIGR03227;COG4134	2-aminoethylphosphonate ABC transporter, periplasmic 2-aminoethylphosphonate binding protein
JAJIVP010000040.1_6	7148	8515	1368	-1	0.664	11	GGAG/GAGG	NA	NA	NA	0	0	0	1	NA	NA	NA	NA	NA
JAJIVP010000040.1_7	8730	10115	1386	-1	0.634	11	GGA/GAG/AGG	GENOMAD.120657.CP	6.1e-09	61	0	0	0	1	NA	NA	NA	PF00120;COG3968;TIGR03105;K01915	Glutamine synthetase type III
JAJIVP010000040.1_8	10122	10877	756	-1	0.680	11	GGA/GAG/AGG	GENOMAD.194686.CP	3.087e-13	72	0	0	0	1	NA	NA	NA	PF07722;K09473	Peptidase C26
JAJIVP010000040.1_9	11021	12400	1380	1	0.670	11	GGA/GAG/AGG	GENOMAD.120657.CP	1.749e-06	53	0	0	0	1	NA	NA	NA	PF00120;COG3968;TIGR03105;K01915	Glutamine synthetase type III
JAJIVP010000040.1_10	12400	13716	1317	1	0.704	11	None	NA	NA	NA	0	0	0	1	NA	NA	NA	NA	NA
JAJIVP010000040.1_11	13801	15099	1299	1	0.636	11	None	NA	NA	NA	0	0	0	1	NA	NA	NA	NA	NA
JAJIVP010000040.1_12	15229	15690	462	1	0.604	11	GGA/GAG/AGG	NA	NA	NA	0	0	0	1	NA	NA	NA	NA	NA
JAJIVP010000040.1_13	15807	17087	1281	-1	0.660	11	GGA/GAG/AGG	NA	NA	NA	0	0	0	1	NA	NA	NA	NA	NA
JAJIVP010000040.1_14	17392	17700	309	-1	0.680	11	None	NA	NA	NA	0	0	0	1	NA	NA	NA	NA	NA
JAJIVP010000040.1_15	17660	20008	2349	-1	0.653	11	GGAG/GAGG	NA	NA	NA	0	0	0	1	NA	NA	NA	NA	NA
JAJIVP010000040.1_16	20005	20850	846	-1	0.662	11	GGA/GAG/AGG	GENOMAD.151402.CP	1.314e-18	89	0	0	0	1	NA	NA	NA	PF02634;K18360;COG1526;TIGR00129	Formate dehydrogenase assembly factor FdhD
JAJIVP010000040.1_17	20857	22536	1680	-1	0.655	11	GGA/GAG/AGG	NA	NA	NA	0	0	0	1	NA	NA	NA	NA	NA
JAJIVP010000040.1_18	23065	24417	1353	1	0.670	11	GGAG/GAGG	NA	NA	NA	0	0	0	1	NA	NA	NA	NA	NA
JAJIVP010000040.1_19	24552	25406	855	1	0.671	11	None	GENOMAD.216231.VP	6.113e-16	81	0	0	1	1246	Caudoviricetes	NA	NA	PF05521;TIGR01563;COG5614	phage head-tail adaptor, putative, SPP1 family
JAJIVP010000041.1_1	5	3457	3453	-1	0.670	11	None	GENOMAD.142301.CP	4.006e-115	404	0	0	0	1	NA	NA	NA	PF00474;PF05763;K14392;COG0591	Na+/proline symporter
JAJIVP010000041.1_2	4186	6828	2643	1	0.639	11	GGAG/GAGG	GENOMAD.178294.CP	2.792e-138	465	0	0	0	1	NA	NA	NA	PF15979;PF17829;COG3661	Glycosyl hydrolase family 115; Gylcosyl hydrolase family 115 C-terminal domain
JAJIVP010000041.1_3	6923	9322	2400	-1	0.659	11	AGGA/GGAG/GAGG	NA	NA	NA	0	0	0	1	NA	NA	NA	NA	NA
JAJIVP010000041.1_4	9325	10707	1383	-1	0.636	11	GGA/GAG/AGG	NA	NA	NA	0	0	0	1	NA	NA	NA	NA	NA
JAJIVP010000041.1_5	10865	11449	585	1	0.665	11	None	NA	NA	NA	0	0	0	1	NA	NA	NA	NA	NA
JAJIVP010000041.1_6	11265	11894	630	-1	0.659	11	None	NA	NA	NA	0	0	0	1	NA	NA	NA	NA	NA
JAJIVP010000041.1_7	12184	12336	153	1	0.608	11	AGGA	NA	NA	NA	0	0	0	1	NA	NA	NA	NA	NA
JAJIVP010000041.1_8	12409	13914	1506	1	0.641	11	GGxGG	NA	NA	NA	0	0	0	1	NA	NA	NA	NA	NA
JAJIVP010000041.1_9	14254	14481	228	-1	0.680	11	GGAG/GAGG	NA	NA	NA	0	0	0	1	NA	NA	NA	NA	NA
JAJIVP010000041.1_10	14462	14911	450	-1	0.658	11	AGGAG	GENOMAD.136442.CP	1.085e-73	243	0	0	0	1	NA	NA	NA	PF01220;COG0757;TIGR01088	3-dehydroquinate dehydratase
JAJIVP010000041.1_11	14922	15350	429	-1	0.650	11	GGA/GAG/AGG	GENOMAD.004648.CC	1.453e-16	78	0	0	0	1	NA	NA	NA	PF01220;COG0757;TIGR01088	3-dehydroquinate dehydratase
JAJIVP010000041.1_12	15621	19475	3855	-1	0.677	11	None	GENOMAD.097853.CP	1.463e-153	524	0	0	0	1	NA	NA	NA	PF04357;PF05170;PF13502;COG2911;K07289	Autotransporter translocation and assembly factor TamB
JAJIVP010000041.1_13	19472	21253	1782	-1	0.648	11	None	GENOMAD.115234.CP	1.502e-68	248	0	0	0	1	NA	NA	NA	K07278;COG0729	Outer membrane translocation and assembly module TamA
JAJIVP010000041.1_14	22054	24036	1983	1	0.611	11	None	NA	NA	NA	0	0	0	1	NA	NA	NA	NA	NA
JAJIVP010000041.1_15	23982	24179	198	1	0.576	11	GGA/GAG/AGG	NA	NA	NA	0	0	0	1	NA	NA	NA	NA	NA
JAJIVP010000041.1_16	24432	26045	1614	-1	0.662	11	None	NA	NA	NA	0	0	0	1	NA	NA	NA	NA	NA
JAJIVP010000041.1_17	26045	28285	2241	-1	0.654	11	GGA/GAG/AGG	GENOMAD.092979.CV	2.231e-75	273	0	0	0	1246	Caudoviricetes	NA	NA	PF02092;COG0751;TIGR00211	Glycyl-tRNA synthetase, beta subunit
JAJIVP010000041.1_18	28603	29511	909	-1	0.647	11	None	GENOMAD.000187.CC	2.397e-157	493	0	0	0	1	NA	NA	NA	PF02091;COG0752;K01878;TIGR00388	Glycyl-tRNA synthetase, alpha subunit
JAJIVP010000041.1_19	29601	31415	1815	1	0.687	11	GGA/GAG/AGG	GENOMAD.005978.CC	1.591e-07	57	0	0	0	1246	Caudoviricetes	T_virB11	NA	PF00437;PF05810;K07332;TIGR03819;COG4962	helicase/secretion neighborhood ATPase
JAJIVP010000041.1_20	31915	33606	1692	-1	0.660	11	GGA/GAG/AGG	NA	NA	NA	0	0	0	1	NA	NA	NA	NA	NA
JAJIVP010000041.1_21	33619	38613	4995	-1	0.682	11	None	NA	NA	NA	0	0	0	1	NA	NA	NA	NA	NA
JAJIVP010000041.1_22	38659	39960	1302	-1	0.651	11	None	NA	NA	NA	0	0	0	1	NA	NA	NA	NA	NA
JAJIVP010000041.1_23	40931	41683	753	1	0.696	11	GGA/GAG/AGG	GENOMAD.159640.CP	5.787e-10	62	0	0	0	1	NA	NA	NA	PF04204;TIGR01001;K22314;COG0518	Homoserine O-succinyltransferase
JAJIVP010000041.1_24	41743	42642	900	1	0.672	11	GGA/GAG/AGG	GENOMAD.024576.CC	7.135e-126	402	0	0	0	1	NA	NA	NA	COG5473	NA
JAJIVP010000041.1_25	42827	43564	738	-1	0.633	11	AGGAG	NA	NA	NA	0	0	0	1	NA	NA	NA	NA	NA
JAJIVP010000041.1_26	43561	44187	627	-1	0.670	11	GGAG/GAGG	GENOMAD.134269.CP	1.287e-38	145	0	0	0	1	NA	NA	NA	PF02416;K03117;COG1826	Sec-independent protein translocase protein TatA
JAJIVP010000041.1_27	44203	44430	228	-1	0.645	11	GGA/GAG/AGG	NA	NA	NA	0	0	0	1	NA	NA	NA	NA	NA
JAJIVP010000041.1_28	44503	45411	909	-1	0.689	11	GGAG/GAGG	GENOMAD.142547.CP	4.531e-24	106	0	0	0	1	NA	NA	NA	PF04366;COG2930	Lipid-binding SYLF domain
JAJIVP010000041.1_29	45565	46530	966	1	0.684	11	None	NA	NA	NA	0	0	0	1	NA	NA	NA	NA	NA
JAJIVP010000041.1_30	46527	47393	867	1	0.687	11	None	NA	NA	NA	0	0	0	1	NA	NA	NA	NA	NA
JAJIVP010000041.1_31	47401	47709	309	1	0.686	11	None	NA	NA	NA	0	0	0	1	NA	NA	NA	NA	NA
JAJIVP010000041.1_32	47845	48630	786	-1	0.669	11	None	NA	NA	NA	0	0	0	1	NA	NA	NA	NA	NA
JAJIVP010000041.1_33	49193	50098	906	-1	0.638	11	None	NA	NA	NA	0	0	0	1	NA	NA	NA	NA	NA
JAJIVP010000041.1_34	50162	51079	918	-1	0.674	11	None	NA	NA	NA	0	0	0	1	NA	NA	NA	NA	NA
JAJIVP010000041.1_35	51563	51706	144	1	0.653	11	GGA/GAG/AGG	NA	NA	NA	0	0	0	1	NA	NA	NA	NA	NA
JAJIVP010000041.1_36	51703	52143	441	1	0.612	11	AGGAG	NA	NA	NA	0	0	0	1	NA	NA	NA	NA	NA
JAJIVP010000042.1_1	129	1334	1206	1	0.508	11	None	NA	NA	NA	0	0	0	1	NA	NA	NA	NA	NA
JAJIVP010000042.1_2	1431	1520	90	-1	0.533	11	GGA/GAG/AGG	NA	NA	NA	0	0	0	1	NA	NA	NA	NA	NA
JAJIVP010000042.1_3	1714	3105	1392	-1	0.575	11	GGA/GAG/AGG	NA	NA	NA	0	0	0	1	NA	NA	NA	NA	NA
JAJIVP010000042.1_4	3617	4063	447	1	0.532	11	GGAG/GAGG	NA	NA	NA	0	0	0	1	NA	NA	NA	NA	NA
JAJIVP010000042.1_5	4144	5268	1125	1	0.604	11	None	NA	NA	NA	0	0	0	1	NA	NA	NA	NA	NA
JAJIVP010000042.1_6	5300	5800	501	1	0.541	11	GGAG/GAGG	NA	NA	NA	0	0	0	1	NA	NA	NA	NA	NA
JAJIVP010000042.1_7	5915	6391	477	1	0.472	11	GGAG/GAGG	NA	NA	NA	0	0	0	1	NA	NA	NA	NA	NA
JAJIVP010000042.1_8	6960	7850	891	1	0.599	11	AGGA	NA	NA	NA	0	0	0	1	NA	NA	NA	NA	NA
JAJIVP010000042.1_9	7777	7986	210	-1	0.557	11	GGA/GAG/AGG	NA	NA	NA	0	0	0	1	NA	NA	NA	NA	NA
JAJIVP010000042.1_10	8076	8468	393	-1	0.547	11	AGGAG	NA	NA	NA	0	0	0	1	NA	NA	NA	NA	NA
JAJIVP010000042.1_11	8518	8829	312	-1	0.561	11	GGAG/GAGG	NA	NA	NA	0	0	0	1	NA	NA	NA	NA	NA
JAJIVP010000042.1_12	9075	9416	342	1	0.646	11	None	NA	NA	NA	0	0	0	1	NA	NA	NA	NA	NA
JAJIVP010000042.1_13	9577	11274	1698	1	0.571	11	GGA/GAG/AGG	NA	NA	NA	0	0	0	1	NA	NA	NA	NA	NA
JAJIVP010000042.1_14	11271	11858	588	1	0.536	11	None	NA	NA	NA	0	0	0	1	NA	NA	NA	NA	NA
JAJIVP010000042.1_15	11851	12831	981	1	0.559	11	GGA/GAG/AGG	NA	NA	NA	0	0	0	1	NA	NA	NA	NA	NA
JAJIVP010000042.1_16	12828	15662	2835	1	0.627	11	None	NA	NA	NA	0	0	0	1	NA	NA	NA	NA	NA
JAJIVP010000042.1_17	15898	17196	1299	1	0.566	11	None	GENOMAD.137385.CP	9.238e-24	108	0	0	0	1	NA	NA	NA	PF00529;K13408;TIGR01843;COG1566	type I secretion membrane fusion protein, HlyD family
JAJIVP010000042.1_18	17193	19409	2217	1	0.560	11	None	NA	NA	NA	0	0	0	1	NA	NA	NA	NA	NA
JAJIVP010000042.1_19	19516	20307	792	1	0.520	11	GGAG/GAGG	NA	NA	NA	0	0	0	1	NA	NA	NA	NA	NA
JAJIVP010000042.1_20	20334	20873	540	1	0.443	11	AGGA	NA	NA	NA	0	0	0	1	NA	NA	NA	NA	NA
JAJIVP010000042.1_21	21024	22109	1086	-1	0.564	11	None	NA	NA	NA	0	0	0	1	NA	NA	NA	NA	NA
JAJIVP010000043.1_1	2	724	723	-1	0.645	11	GGAG/GAGG	NA	NA	NA	0	0	0	1	NA	NA	NA	NA	NA
JAJIVP010000043.1_2	868	1173	306	-1	0.605	11	AGGAG	NA	NA	NA	0	0	0	1	NA	NA	NA	NA	NA
JAJIVP010000043.1_3	1262	1582	321	-1	0.607	11	AGGAG	NA	NA	NA	0	0	0	1	NA	NA	NA	NA	NA
JAJIVP010000043.1_4	1631	2740	1110	-1	0.639	11	AGGAG	NA	NA	NA	0	0	0	1	NA	NA	NA	NA	NA
JAJIVP010000043.1_5	2804	3454	651	-1	0.645	11	GGAG/GAGG	GENOMAD.120574.PP	2.716e-113	361	0	0	0	1	NA	NA	NA	NA	NA
JAJIVP010000043.1_6	3582	3905	324	-1	0.577	11	GGAGG	GENOMAD.013765.PP	2.347e-61	205	0	0	0	1	NA	NA	NA	NA	NA
JAJIVP010000043.1_7	3997	4677	681	-1	0.637	11	AGGAG	GENOMAD.123925.PP	5.399e-102	329	0	0	0	1	NA	NA	NA	PF11679	NA
JAJIVP010000043.1_8	4739	5668	930	-1	0.630	11	GGAG/GAGG	GENOMAD.189928.PC	9.877e-49	179	0	0	0	1	NA	NA	NA	PF12101	NA
JAJIVP010000043.1_9	6806	7432	627	1	0.560	11	GGAG/GAGG	GENOMAD.137753.PC	2.555e-29	118	0	1	0	1	NA	NA	NA	PF08139;TIGR02747;COG3015	NA
JAJIVP010000043.1_10	7570	10566	2997	-1	0.603	11	GGA/GAG/AGG	GENOMAD.117295.PC	0.0006724	46	0	0	0	1	NA	NA	NA	NA	NA
JAJIVP010000043.1_11	10575	11849	1275	-1	0.664	11	GGAG/GAGG	NA	NA	NA	0	0	0	1	NA	NA	NA	NA	NA
JAJIVP010000044.1_1	1	3099	3099	-1	0.637	11	AGGA	NA	NA	NA	0	0	0	1	NA	NA	NA	NA	NA
JAJIVP010000044.1_2	3278	4468	1191	-1	0.679	11	GGA/GAG/AGG	NA	NA	NA	0	0	0	1	NA	NA	NA	NA	NA
JAJIVP010000044.1_3	4465	5238	774	-1	0.708	11	GGAG/GAGG	NA	NA	NA	0	0	0	1	NA	NA	NA	NA	NA
JAJIVP010000044.1_4	5235	5462	228	-1	0.627	11	AGGAG	NA	NA	NA	0	0	0	1	NA	NA	NA	NA	NA
JAJIVP010000044.1_5	5590	6624	1035	1	0.623	11	GGA/GAG/AGG	GENOMAD.190451.PC	2.472e-07	55	0	0	0	1	NA	NA	NA	K21698;TIGR02424;COG0583	pca operon transcription factor PcaQ
JAJIVP010000045.1_1	84	1436	1353	1	0.651	11	AGGAG	NA	NA	NA	0	0	0	1	NA	NA	NA	NA	NA
JAJIVP010000045.1_2	1992	3785	1794	1	0.638	11	GGA/GAG/AGG	GENOMAD.151994.CP	3.663e-110	371	0	0	0	1	NA	NA	NA	K01546;COG2060	K+-transporting ATPase, A chain
JAJIVP010000045.1_3	3798	5846	2049	1	0.658	11	GGA/GAG/AGG	GENOMAD.152605.CP	1.006e-41	168	0	0	0	1	NA	NA	NA	NA	NA
JAJIVP010000045.1_4	5887	6516	630	1	0.697	11	GGA/GAG/AGG	GENOMAD.153056.CP	2.731e-39	147	0	0	0	1	NA	NA	NA	PF02669;TIGR00681;COG2156;K01548	K+-transporting ATPase, C subunit
JAJIVP010000045.1_5	6666	9326	2661	1	0.683	11	None	GENOMAD.153600.CP	6.858e-60	228	0	0	0	1	NA	NA	NA	PF02702;K07646;COG2205	K+-sensing histidine kinase KdpD
JAJIVP010000045.1_6	9316	10032	717	1	0.674	11	None	NA	NA	NA	0	0	0	1	NA	NA	NA	NA	NA
JAJIVP010000045.1_7	10013	10684	672	-1	0.603	11	None	NA	NA	NA	0	0	0	1	NA	NA	NA	NA	NA
JAJIVP010000045.1_8	10689	12086	1398	-1	0.689	11	AGGA	GENOMAD.127021.CP	1.054e-07	57	0	0	0	1	NA	NA	NA	PF18690;TIGR00387	glycolate oxidase, subunit GlcD
JAJIVP010000045.1_9	12083	12610	528	-1	0.684	11	None	GENOMAD.040030.CC	5.002e-78	257	0	0	0	1	NA	NA	NA	PF04307;COG1988;K07038	Membrane-bound metal-dependent hydrolase YbcI, DUF457 family
JAJIVP010000045.1_10	12652	13020	369	-1	0.699	11	None	GENOMAD.070647.CV	1.245e-18	83	0	0	0	1	NA	NA	NA	PF02021;K07460;COG0792;TIGR00252	Predicted endonuclease distantly related to archaeal Holliday junction resolvase
JAJIVP010000045.1_11	13024	14754	1731	-1	0.719	11	GGA/GAG/AGG	GENOMAD.101231.CP	2.69e-302	927	0	0	0	1	NA	NA	NA	PF04348;K07121;COG3107;TIGR03407	Outer membrane lipoprotein LpoA, binds and activates PBP1a
JAJIVP010000045.1_12	14836	15657	822	1	0.715	11	GGA/GAG/AGG	NA	NA	NA	0	0	0	1	NA	NA	NA	NA	NA
JAJIVP010000045.1_13	16632	16949	318	-1	0.604	11	GGA/GAG/AGG	GENOMAD.113516.PC	1.428e-49	171	0	0	0	1	NA	NA	NA	PF01845;K19163	CcdB protein
JAJIVP010000045.1_14	16946	17197	252	-1	0.599	11	AGGAG	GENOMAD.158028.PC	5.323e-26	102	0	0	0	1	NA	NA	NA	PF07362;COG5302	Post-segregation antitoxin (ccd killing mechanism protein) encoded by the F plasmid
JAJIVP010000045.1_15	17245	18027	783	-1	0.699	11	None	GENOMAD.158029.VC	4.157e-48	175	0	0	0	6593	Avipoxvirus	NA	NA	PF05742;COG3332	Uncharacterized conserved protein, contains NRDE domain
JAJIVP010000045.1_16	18337	18783	447	1	0.617	11	GGAG/GAGG	GENOMAD.070929.CV	1.409e-19	87	0	0	0	1	NA	NA	NA	PF02381;K03925;TIGR00242;COG2001	division/cell wall cluster transcriptional repressor MraZ
JAJIVP010000045.1_17	18798	19841	1044	1	0.672	11	None	NA	NA	NA	0	0	0	1	NA	NA	NA	NA	NA
JAJIVP010000045.1_18	19838	20101	264	1	0.621	11	AGGAG	GENOMAD.002313.CC	4.708e-14	68	0	0	0	1	NA	NA	NA	PF04999;K03586;TIGR02209;COG3116	cell division protein FtsL
JAJIVP010000045.1_19	20385	22253	1869	1	0.661	11	GGAGG	GENOMAD.108664.CP	8.222e-08	58	0	0	0	1246	Caudoviricetes	NA	NF000237	PF00905;PF05223;TIGR03423;K05515;COG0768	penicillin-binding protein 2
JAJIVP010000045.1_20	22250	23737	1488	1	0.677	11	AGGAG	GENOMAD.097666.CP	5.77e-08	58	1	0	0	1	NA	NA	NA	PF16292;PF02875;COG0769;TIGR01085;K01928	UDP-N-acetylmuramyl tripeptide synthase
JAJIVP010000045.1_21	23734	25245	1512	1	0.676	11	GGAG/GAGG	GENOMAD.097137.CP	2.683e-26	117	1	0	0	1	NA	NA	NA	PF08245;PF02875;K01929;TIGR01143;COG0770	UDP-N-acetylmuramoyl-tripeptide--D-alanyl-D-alanine ligase
JAJIVP010000045.1_22	25235	26320	1086	1	0.625	11	GGAGG	GENOMAD.038387.CC	7.01e-81	275	1	0	0	1	NA	NA	NA	PF00953;PF10555;K01000;TIGR00445;COG0472	phospho-N-acetylmuramoyl-pentapeptide-transferase
JAJIVP010000045.1_23	26320	27696	1377	1	0.662	11	GGA/GAG/AGG	NA	NA	NA	0	0	0	1	NA	NA	NA	NA	NA
JAJIVP010000045.1_24	27744	28988	1245	1	0.686	11	None	GENOMAD.101276.CP	4.201e-53	196	0	0	0	1246	Caudoviricetes	NA	NA	PF02684;K02563;TIGR01133;COG0707	undecaprenyldiphospho-muramoylpentapeptide beta-N-acetylglucosaminyltransferase
JAJIVP010000045.1_25	28985	30418	1434	1	0.669	11	AGGAG	GENOMAD.091903.CP	5.692e-87	298	0	0	0	1	NA	NA	NA	PF02875	Mur ligase family, glutamate ligase domain
JAJIVP010000045.1_26	30415	31371	957	1	0.658	11	GGAG/GAGG	NA	NA	NA	0	0	0	1	NA	NA	NA	NA	NA
JAJIVP010000045.1_27	31496	32323	828	1	0.659	11	GGAG/GAGG	GENOMAD.000779.CC	1.286e-133	423	0	0	0	1	NA	NA	NA	PF03799;PF08478;COG1589;K03589	Cell division septal protein FtsQ
JAJIVP010000045.1_28	32320	33555	1236	1	0.649	11	None	GENOMAD.000049.CC	9.911e-91	306	0	0	0	1	NA	NA	NA	PF08841;TIGR01174;COG0849;K02662	cell division protein FtsA
JAJIVP010000045.1_29	33869	35107	1239	1	0.667	11	GGAG/GAGG	NA	NA	NA	0	0	0	1	NA	NA	NA	NA	NA
JAJIVP010000045.1_30	35342	36253	912	1	0.627	11	None	GENOMAD.075985.CV	0.0001228	46	0	0	0	1	NA	NA	NA	PF03331;TIGR00325;COG0774;K02535	UDP-3-O-acyl N-acetylglycosamine deacetylase
JAJIVP010000045.1_31	36439	36885	447	-1	0.631	11	None	GENOMAD.013259.CC	3.392e-69	230	0	0	0	1	NA	NA	NA	PF05258;COG4701	Dna[CI] antecedent, DciA
JAJIVP010000045.1_32	36976	37827	852	1	0.671	11	GGA/GAG/AGG	GENOMAD.205988.VC	0.0004537	44	0	0	0	1	NA	NA	NA	PF01333;COG2190	Apocytochrome F, C-terminal
JAJIVP010000045.1_33	37984	40722	2739	1	0.631	11	None	NA	NA	NA	0	0	0	1	NA	NA	NA	NA	NA
JAJIVP010000045.1_34	41045	41992	948	1	0.684	11	None	GENOMAD.133558.CP	4.761e-08	57	0	0	0	1	NA	NA	NA	PF02581;K10810;TIGR00693;COG0352	thiamine-phosphate diphosphorylase
JAJIVP010000045.1_35	42104	42733	630	-1	0.686	11	None	NA	NA	NA	0	0	0	1	NA	NA	NA	NA	NA
JAJIVP010000045.1_36	42779	43606	828	-1	0.646	11	GGA/GAG/AGG	GENOMAD.112993.CP	4.987e-53	190	0	0	0	1	NA	NA	NA	PF19345;K00297;TIGR00676;COG0685	5,10-methylenetetrahydrofolate reductase, prokaryotic form
JAJIVP010000045.1_37	43646	45028	1383	-1	0.666	11	AGGAG	GENOMAD.190734.CP	1.253e-112	372	0	0	0	1	NA	NA	NA	PF03198;COG3867;K22832	Glucanosyltransferase
JAJIVP010000045.1_38	45425	46402	978	1	0.682	11	GGAG/GAGG	NA	NA	NA	0	0	0	1	NA	NA	NA	NA	NA
JAJIVP010000045.1_39	46642	48402	1761	1	0.672	11	GGxGG	NA	NA	NA	0	0	0	1	NA	NA	NA	NA	NA
JAJIVP010000045.1_40	48478	48882	405	-1	0.640	11	None	NA	NA	NA	0	0	0	1	NA	NA	NA	NA	NA
JAJIVP010000045.1_41	49257	50192	936	1	0.652	11	GGA/GAG/AGG	NA	NA	NA	0	0	0	1	NA	NA	NA	NA	NA
JAJIVP010000045.1_42	50575	51546	972	-1	0.621	11	None	NA	NA	NA	0	0	0	1	NA	NA	NA	NA	NA
JAJIVP010000045.1_43	52659	53204	546	1	0.650	11	None	GENOMAD.161593.CP	5.802e-45	162	0	0	0	1	NA	NA	NA	K09912;COG3122	Uncharacterized conserved protein YaiL, DUF2058 family
JAJIVP010000045.1_44	53424	53981	558	1	0.640	11	None	GENOMAD.192159.VC	5.413e-65	220	0	0	0	1246	Caudoviricetes	NA	NA	PF11539	NA
JAJIVP010000045.1_45	54132	54818	687	1	0.610	11	GGAG/GAGG	NA	NA	NA	0	0	0	1	NA	NA	NA	NA	NA
JAJIVP010000045.1_46	54979	55071	93	1	0.452	11	GGAG/GAGG	NA	NA	NA	0	0	0	1	NA	NA	NA	NA	NA
JAJIVP010000045.1_47	55317	56243	927	1	0.649	11	None	NA	NA	NA	0	0	0	1	NA	NA	NA	NA	NA
JAJIVP010000045.1_48	56275	57057	783	1	0.663	11	GGAG/GAGG	NA	NA	NA	0	0	0	1	NA	NA	NA	NA	NA
JAJIVP010000045.1_49	57295	58737	1443	-1	0.635	11	GGAG/GAGG	NA	NA	NA	0	0	0	1	NA	NA	NA	NA	NA
JAJIVP010000045.1_50	59007	61541	2535	1	0.674	11	GGA/GAG/AGG	GENOMAD.123353.CP	5.723e-132	445	0	0	0	1	NA	NA	NA	PF00326;PF14583;K01278;COG1506;TIGR02821	Dipeptidyl aminopeptidase/acylaminoacyl peptidase
JAJIVP010000045.1_51	61893	64607	2715	1	0.677	11	None	GENOMAD.136483.CP	9.92e-69	256	0	0	0	1	NA	NA	NA	PF00311;COG2352;TIGR02751	Phosphoenolpyruvate carboxylase
JAJIVP010000045.1_52	64744	65316	573	1	0.677	11	None	GENOMAD.158817.CP	2.647e-40	149	0	0	0	1	NA	NA	NA	PF13022;PF08360;COG1309;TIGR03968;K03577	DNA-binding transcriptional regulator, AcrR family
JAJIVP010000045.1_53	65313	66350	1038	1	0.657	11	GGA/GAG/AGG	GENOMAD.205408.PC	6.272e-50	184	0	0	0	1	NA	NA	NA	PF13387	NA
JAJIVP010000045.1_54	66359	68341	1983	1	0.665	11	GGAG/GAGG	GENOMAD.211147.PC	7.42e-250	780	0	0	0	1	NA	NA	NA	PF05057;COG1075;TIGR02427;K07000	Triacylglycerol esterase/lipase EstA, alpha/beta hydrolase fold
JAJIVP010000045.1_55	68594	69685	1092	1	0.668	11	None	NA	NA	NA	0	0	0	1	NA	NA	NA	NA	NA
JAJIVP010000045.1_56	70190	72961	2772	1	0.626	11	GGA/GAG/AGG	GENOMAD.152082.CP	1.485e-21	104	0	0	0	1	NA	NA	NA	PF00593;PF07715;PF00691;TIGR01782;COG4773;K16089	TonB-dependent receptor
JAJIVP010000045.1_57	73017	74564	1548	1	0.689	11	AGGA	GENOMAD.176778.PC	1.733e-114	380	0	0	0	1	NA	NA	NA	PF00328;K01093	Histidine phosphatase superfamily (branch 2)
JAJIVP010000046.1_1	49	1254	1206	-1	0.605	11	AGGA	GENOMAD.191266.CP	8.468e-43	165	0	0	0	1	NA	NA	NA	PF07221;K18479;COG2942	N-acylglucosamine 2-epimerase (GlcNAc 2-epimerase)
JAJIVP010000046.1_2	1251	2237	987	-1	0.652	11	GGAGG	NA	NA	NA	0	0	0	1	NA	NA	NA	NA	NA
JAJIVP010000046.1_3	2234	3544	1311	-1	0.628	11	GGA/GAG/AGG	GENOMAD.153188.CP	2.277e-08	59	0	0	0	1	NA	NA	NA	PF00083;K02429;TIGR00885;COG0738	L-fucose:H+ symporter permease
JAJIVP010000046.1_4	3558	4691	1134	-1	0.674	11	GGA/GAG/AGG	NA	NA	NA	0	0	0	1	NA	NA	NA	NA	NA
JAJIVP010000046.1_5	4872	5774	903	-1	0.651	11	None	GENOMAD.029943.CC	2.003e-21	98	0	0	0	1	NA	NA	NA	PF19089;COG4313;K20326	Membrane bound beta barrel domain (DUF5777)
JAJIVP010000046.1_6	6048	6782	735	-1	0.657	11	None	GENOMAD.161593.CP	1.374e-33	132	0	0	0	1	NA	NA	NA	K09912;COG3122	Uncharacterized conserved protein YaiL, DUF2058 family
JAJIVP010000046.1_7	6801	7037	237	-1	0.612	11	AGGA/GGAG/GAGG	GENOMAD.020705.CC	1.223e-30	115	0	0	0	1	NA	NA	NA	PF04102;COG2900	Uncharacterized coiled-coil protein SlyX (sensitive to lysis X)
JAJIVP010000046.1_8	7030	8379	1350	-1	0.640	11	GGA/GAG/AGG	GENOMAD.094142.VV	2.859e-05	49	0	0	0	1	NA	NA	NA	PF00984	UDP-glucose/GDP-mannose dehydrogenase family, central domain
JAJIVP010000046.1_9	8405	9376	972	-1	0.633	11	GGA/GAG/AGG	GENOMAD.101229.CV	0.0001387	46	0	0	0	1	NA	NA	NA	PF18023;K09577;COG1047	BDBT FKBP like N-terminal
JAJIVP010000046.1_10	9462	10019	558	-1	0.599	11	GGA/GAG/AGG	NA	NA	NA	0	0	0	1	NA	NA	NA	NA	NA
JAJIVP010000046.1_11	10152	10400	249	1	0.643	11	GGA/GAG/AGG	NA	NA	NA	0	0	0	1	NA	NA	NA	NA	NA
JAJIVP010000046.1_12	10403	10765	363	1	0.609	11	GGAG/GAGG	NA	NA	NA	0	0	0	1	NA	NA	NA	NA	NA
JAJIVP010000046.1_13	10762	11637	876	1	0.632	11	GGA/GAG/AGG	NA	NA	NA	0	0	0	1	NA	NA	NA	NA	NA
JAJIVP010000046.1_14	11634	12620	987	1	0.662	11	GGA/GAG/AGG	GENOMAD.019618.CC	1e-58	209	0	0	0	1	NA	NA	NA	PF12679;TIGR03518;COG1277	ABC-2 family transporter protein
JAJIVP010000046.1_15	12631	13449	819	1	0.645	11	GGAG/GAGG	NA	NA	NA	0	0	0	1	NA	NA	NA	NA	NA
JAJIVP010000046.1_16	13484	14014	531	1	0.642	11	GGA/GAG/AGG	NA	NA	NA	0	0	0	1	NA	NA	NA	NA	NA
JAJIVP010000046.1_17	14354	14803	450	1	0.622	11	GGA/GAG/AGG	NA	NA	NA	0	0	0	1	NA	NA	NA	NA	NA
JAJIVP010000046.1_18	14933	16336	1404	-1	0.640	11	GGAG/GAGG	NA	NA	NA	0	0	0	1	NA	NA	NA	NA	NA
JAJIVP010000046.1_19	16620	17942	1323	1	0.654	11	GGAGG	NA	NA	NA	0	0	0	1	NA	NA	NA	NA	NA
JAJIVP010000046.1_20	17953	18936	984	-1	0.688	11	GGA/GAG/AGG	NA	NA	NA	0	0	0	1	NA	NA	NA	NA	NA
JAJIVP010000046.1_21	19101	20468	1368	1	0.662	11	None	GENOMAD.142401.VC	5.849e-99	332	0	0	0	1246	Caudoviricetes	NA	NA	PF08328	Adenylosuccinate lyase C-terminal
JAJIVP010000046.1_22	20712	21212	501	1	0.631	11	AGGAG	NA	NA	NA	0	0	0	1	NA	NA	NA	NA	NA
JAJIVP010000046.1_23	21458	22951	1494	1	0.683	11	AGGA	GENOMAD.169221.CP	4.721e-247	763	0	0	0	1	NA	NA	NA	PF08007;K18850;COG2850;TIGR03037	Ribosomal protein L16 Arg81 hydroxylase, contains JmjC domain
JAJIVP010000046.1_24	22948	23880	933	1	0.719	11	None	GENOMAD.007571.CC	4.426e-16	82	0	0	0	1	NA	NA	NA	PF17941	NA
JAJIVP010000046.1_25	24061	26889	2829	1	0.649	11	None	GENOMAD.123911.CP	1.455e-162	539	0	0	0	1	NA	NA	NA	PF16078;K00164;TIGR00239;COG0567	2-oxoglutarate dehydrogenase, E1 component
JAJIVP010000046.1_26	26932	28146	1215	1	0.648	11	AGGA	GENOMAD.116686.CP	7.897e-49	183	0	0	0	1	NA	NA	NA	PF00198;K09699;TIGR01349;COG0508	pyruvate dehydrogenase complex dihydrolipoamide acetyltransferase, long form
JAJIVP010000046.1_27	28258	29700	1443	1	0.654	11	GGA/GAG/AGG	NA	NA	NA	0	0	0	1	NA	NA	NA	NA	NA
JAJIVP010000046.1_28	29914	30507	594	1	0.620	11	None	NA	NA	NA	0	0	0	1	NA	NA	NA	NA	NA
JAJIVP010000046.1_29	30774	31376	603	1	0.662	11	None	NA	NA	NA	0	0	0	1	NA	NA	NA	NA	NA
JAJIVP010000046.1_30	31373	33142	1770	1	0.685	11	GGA/GAG/AGG	NA	NA	NA	0	0	0	1	NA	NA	NA	NA	NA
JAJIVP010000046.1_31	33384	34283	900	1	0.670	11	None	GENOMAD.133355.CP	9.66e-09	59	0	0	0	1	NA	NA	NA	PF03466;PF00126;TIGR03298;K17737;COG0583	transcriptional regulator, ArgP family
JAJIVP010000046.1_32	34373	36061	1689	1	0.652	11	GGA/GAG/AGG	GENOMAD.168352.CP	1.344e-28	125	0	0	0	1	NA	NA	NA	PF00664;K02021;COG4618	ABC-type protease/lipase transport system, ATPase and permease components
JAJIVP010000046.1_33	36045	37130	1086	1	0.696	11	AGGAG	GENOMAD.143120.CP	2.579e-46	174	0	0	0	1	NA	NA	NA	PF00529;TIGR01843;K02022;COG1566	type I secretion membrane fusion protein, HlyD family
JAJIVP010000046.1_34	37127	38530	1404	1	0.668	11	None	GENOMAD.153372.CP	3.834e-100	336	0	0	0	1	NA	NA	NA	PF02321;TIGR01845;COG1538;K15725	efflux transporter, outer membrane factor (OMF) lipoprotein, NodT family
JAJIVP010000046.1_35	38977	39171	195	1	0.610	11	GGAGG	NA	NA	NA	0	0	0	1	NA	NA	NA	NA	NA
JAJIVP010000046.1_36	39346	40467	1122	-1	0.657	11	GGA/GAG/AGG	GENOMAD.129532.CP	4.126e-204	632	0	0	0	1	NA	NA	NA	PF20463;PF07991;K14187;COG0287;TIGR01327	Prephenate dehydrogenase
JAJIVP010000046.1_37	40464	41372	909	-1	0.682	11	None	NA	NA	NA	0	0	0	1	NA	NA	NA	NA	NA
JAJIVP010000046.1_38	41897	43024	1128	-1	0.663	11	None	GENOMAD.121441.VC	1.857e-14	78	0	0	0	1246	Caudoviricetes	NA	NA	PF01556;COG1107	Archaea-specific RecJ-like exonuclease, contains DnaJ-type Zn finger domain
JAJIVP010000046.1_39	43185	45110	1926	-1	0.637	11	AGGAG	NA	NA	NA	0	0	0	1	NA	NA	NA	NA	NA
JAJIVP010000046.1_40	45252	45770	519	-1	0.669	11	GGA/GAG/AGG	GENOMAD.103372.CV	5.897e-07	51	0	0	0	1246	Caudoviricetes	NA	NA	PF01025;COG0576	Molecular chaperone GrpE (heat shock protein)
JAJIVP010000046.1_41	45869	46921	1053	-1	0.685	11	GGA/GAG/AGG	GENOMAD.093762.CV	7.508e-85	286	0	0	0	1246	Caudoviricetes	NA	NA	PF01628;PF03444;K03705;TIGR00331;COG1420	heat shock gene repressor HrcA
JAJIVP010000046.1_42	47038	48702	1665	1	0.705	11	None	GENOMAD.094517.CV	8.344e-09	61	1	0	0	1246	Caudoviricetes	NA	NA	PF02463;PF12532;K03631;TIGR00634;COG0497	DNA repair protein RecN
JAJIVP010000046.1_43	49170	49580	411	-1	0.608	11	GGAG/GAGG	NA	NA	NA	0	0	0	1	NA	NA	NA	NA	NA
JAJIVP010000046.1_44	49685	50080	396	1	0.609	11	None	NA	NA	NA	0	0	0	1	NA	NA	NA	NA	NA
JAJIVP010000046.1_45	50349	50645	297	-1	0.680	11	GGA/GAG/AGG	GENOMAD.179363.CV	5.738e-09	54	0	0	0	1	NA	NA	NA	PF03658;COG2914;TIGR01682	Putative antitoxin component PasI (RatB) of the RatAB toxin-antitoxin module, ubiquitin-RnfH superfamily
JAJIVP010000046.1_46	50659	51090	432	-1	0.660	11	None	NA	NA	NA	0	0	0	1	NA	NA	NA	NA	NA
JAJIVP010000046.1_47	51151	51654	504	1	0.635	11	None	NA	NA	NA	0	0	0	1	NA	NA	NA	NA	NA
JAJIVP010000046.1_48	51805	53754	1950	-1	0.649	11	None	NA	NA	NA	0	0	0	1	NA	NA	NA	NA	NA
JAJIVP010000046.1_49	53703	54254	552	-1	0.687	11	AGGAG	NA	NA	NA	0	0	0	1	NA	NA	NA	NA	NA
JAJIVP010000046.1_50	55179	56426	1248	1	0.500	11	GGA/GAG/AGG	NA	NA	NA	0	0	0	1	NA	NA	NA	NA	NA
JAJIVP010000047.1_1	3	929	927	1	0.622	11	None	NA	NA	NA	0	0	0	1	NA	NA	NA	NA	NA
JAJIVP010000047.1_2	926	1774	849	1	0.647	11	GGA/GAG/AGG	NA	NA	NA	0	0	0	1	NA	NA	NA	NA	NA
JAJIVP010000047.1_3	1987	3351	1365	1	0.668	11	AGGAG	NA	NA	NA	0	0	0	1	NA	NA	NA	NA	NA
JAJIVP010000047.1_4	3510	4511	1002	-1	0.628	11	AGGA	NA	NA	NA	0	0	0	1	NA	NA	NA	NA	NA
JAJIVP010000047.1_5	4527	5798	1272	-1	0.671	11	AGGA	GENOMAD.137314.CP	1.917e-98	329	0	0	0	1	NA	NA	NA	NA	NA
JAJIVP010000047.1_6	5795	6673	879	-1	0.638	11	None	NA	NA	NA	0	0	0	1	NA	NA	NA	NA	NA
JAJIVP010000047.1_7	6769	7287	519	-1	0.653	11	AGGAG	NA	NA	NA	0	0	0	1	NA	NA	NA	NA	NA
JAJIVP010000047.1_8	7287	7772	486	-1	0.650	11	None	GENOMAD.106003.CV	4.665e-06	48	1	0	0	1246	Caudoviricetes	NA	NA	PF02130;TIGR00043;COG0319	rRNA maturation RNase YbeY
JAJIVP010000047.1_9	7872	8315	444	-1	0.649	11	None	NA	NA	NA	0	0	0	1	NA	NA	NA	NA	NA
JAJIVP010000047.1_10	8420	9403	984	-1	0.625	11	None	GENOMAD.137621.VC	1.917e-06	52	0	0	0	1246	Caudoviricetes	NA	NA	PF13086;TIGR03158;COG0210	AAA domain
JAJIVP010000047.1_11	9827	11281	1455	-1	0.645	11	GGA/GAG/AGG	NA	NA	NA	0	0	0	1	NA	NA	NA	NA	NA
JAJIVP010000048.1_1	2	2263	2262	1	0.633	11	None	GENOMAD.152082.CP	2.773e-39	161	0	0	0	1	NA	NA	NA	PF00593;PF07715;PF00691;TIGR01782;COG4773;K16089	TonB-dependent receptor
JAJIVP010000048.1_2	2448	3659	1212	1	0.627	11	GGAG/GAGG	NA	NA	NA	0	0	0	1	NA	NA	NA	NA	NA
JAJIVP010000048.1_3	3656	6220	2565	1	0.659	11	AGGA	GENOMAD.146053.CP	0.0005586	46	0	0	0	1	NA	NA	NA	PF18368;PF02836;PF02837;PF17786;K15855;COG3250	Beta-galactosidase/beta-glucuronidase
JAJIVP010000048.1_4	6458	6979	522	-1	0.649	11	None	NA	NA	NA	0	0	0	1	NA	NA	NA	NA	NA
JAJIVP010000048.1_5	6976	8901	1926	-1	0.665	11	GGA/GAG/AGG	GENOMAD.171982.CP	4.576e-12	72	0	0	0	1	NA	NA	NA	PF07738	NA
JAJIVP010000004.1_1	3	569	567	1	0.658	11	None	NA	NA	NA	0	0	0	1	NA	NA	NA	NA	NA
JAJIVP010000004.1_2	1000	2919	1920	1	0.660	11	AGxAG	NA	NA	NA	0	0	0	1	NA	NA	NA	NA	NA
JAJIVP010000004.1_3	2954	4210	1257	-1	0.679	11	GGA/GAG/AGG	NA	NA	NA	0	0	0	1	NA	NA	NA	NA	NA
JAJIVP010000004.1_4	4200	4811	612	-1	0.655	11	None	NA	NA	NA	0	0	0	1	NA	NA	NA	NA	NA
JAJIVP010000004.1_5	4789	5943	1155	-1	0.661	11	GGA/GAG/AGG	GENOMAD.168712.CP	1.152e-206	640	0	0	0	1	NA	NA	NA	PF13641;K00720;TIGR03030;COG1215	cellulose synthase catalytic subunit (UDP-forming)
JAJIVP010000004.1_6	5934	6893	960	-1	0.650	11	GGAG/GAGG	NA	NA	NA	0	0	0	1	NA	NA	NA	NA	NA
JAJIVP010000004.1_7	6890	7738	849	-1	0.663	11	None	GENOMAD.154597.PC	6.591e-07	53	0	0	0	1	NA	NA	NF033105	PF00753;K13075;TIGR04558;COG0491	quinoprotein relay system zinc metallohydrolase 1
JAJIVP010000004.1_8	7738	8805	1068	-1	0.689	11	GGA/GAG/AGG	NA	NA	NA	0	0	0	1	NA	NA	NA	NA	NA
JAJIVP010000004.1_9	8937	9953	1017	-1	0.661	11	AGxAGG/AGGxGG	GENOMAD.208532.CP	1.478e-145	461	0	0	0	1	NA	NA	NA	PF01963;COG3735;K09973	Uncharacterized conserved protein YbaP, TraB family
JAJIVP010000004.1_10	10045	10506	462	-1	0.665	11	None	NA	NA	NA	0	0	0	1	NA	NA	NA	NA	NA
JAJIVP010000004.1_11	10541	11335	795	-1	0.643	11	None	NA	NA	NA	0	0	0	1	NA	NA	NA	NA	NA
JAJIVP010000004.1_12	11340	12134	795	-1	0.582	11	AGGAG/GGAGG	NA	NA	NA	0	0	0	1	NA	NA	NA	NA	NA
JAJIVP010000004.1_13	12172	13368	1197	-1	0.614	11	AGGA	NA	NA	NA	0	0	0	1	NA	NA	NA	NA	NA
JAJIVP010000004.1_14	13432	14943	1512	-1	0.646	11	GGAG/GAGG	GENOMAD.147640.CP	1.185e-15	83	0	0	0	1	NA	NA	NA	PF13440;K16695;TIGR01695;COG0728	murein biosynthesis integral membrane protein MurJ
JAJIVP010000004.1_15	14940	15989	1050	-1	0.649	11	AGGAG	NA	NA	NA	0	0	0	1	NA	NA	NA	NA	NA
JAJIVP010000004.1_16	15986	17128	1143	-1	0.620	11	AGGAG	NA	NA	NA	0	0	0	1	NA	NA	NA	NA	NA
JAJIVP010000004.1_17	17193	18281	1089	-1	0.635	11	GGA/GAG/AGG	GENOMAD.215903.VC	0.0003454	45	0	0	0	1	NA	NA	NA	PF10129;K13663;COG3594	OpgC protein
JAJIVP010000004.1_18	18278	19396	1119	-1	0.625	11	GGAG/GAGG	GENOMAD.215903.VC	2.473e-06	52	0	0	0	1	NA	NA	NA	PF10129;K13663;COG3594	OpgC protein
JAJIVP010000004.1_19	19393	20664	1272	-1	0.583	11	GGAG/GAGG	NA	NA	NA	0	0	0	1	NA	NA	NA	NA	NA
JAJIVP010000004.1_20	20777	22231	1455	-1	0.612	11	GGAGG	NA	NA	NA	0	0	0	1	NA	NA	NA	NA	NA
JAJIVP010000004.1_21	22475	23899	1425	-1	0.602	11	None	GENOMAD.145298.CP	1.297e-22	105	0	0	0	1	NA	NA	NA	PF10609;PF13807;PF02706;TIGR01005;K16554;COG3206	exopolysaccharide transport protein family
JAJIVP010000004.1_22	23896	24594	699	-1	0.612	11	3Base/5BMM	GENOMAD.132760.CP	4.507e-12	68	0	0	0	1	NA	NA	NA	K01991;COG1596	Periplasmic protein involved in polysaccharide export, contains SLBB domain of the beta-grasp fold
JAJIVP010000004.1_23	25203	25559	357	-1	0.613	11	GGA/GAG/AGG	GENOMAD.006371.CC	2.909e-07	50	0	0	0	1	NA	NA	NA	PF09035;TIGR02047;COG0789;K21972	Excisionase from transposon Tn916
JAJIVP010000004.1_24	25540	25839	300	-1	0.593	11	GGA/GAG/AGG	NA	NA	NA	0	0	0	1	NA	NA	NA	NA	NA
JAJIVP010000004.1_25	25861	28239	2379	-1	0.667	11	None	GENOMAD.090179.CV	1.041e-59	226	1	0	0	1246	Caudoviricetes	NA	NA	PF17759;PF03147;PF03484;PF18262;PF01588;PF03483;TIGR00472;K01890;COG0072	phenylalanyl-tRNA synthetase, beta subunit, non-spirochete bacterial
JAJIVP010000004.1_26	28366	29361	996	-1	0.646	11	GGAG/GAGG	NA	NA	NA	0	0	0	1	NA	NA	NA	NA	NA
JAJIVP010000004.1_27	29615	29974	360	-1	0.608	11	GGAG/GAGG	GENOMAD.080218.CV	1.516e-39	143	1	0	0	1	NA	NA	NA	PF00453;TIGR01032;K02887;COG0292	ribosomal protein L20
JAJIVP010000004.1_28	29985	30182	198	-1	0.606	11	AGGA	GENOMAD.099705.CV	6.83e-09	52	1	0	0	1	NA	NA	NA	PF01632;COG0291;TIGR00001	Ribosomal protein L35
JAJIVP010000004.1_29	30429	30893	465	-1	0.604	11	None	NA	NA	NA	0	0	0	1	NA	NA	NA	NA	NA
JAJIVP010000004.1_30	31020	32924	1905	-1	0.639	11	None	NA	NA	NA	0	0	0	1	NA	NA	NA	NA	NA
JAJIVP010000004.1_31	33247	34368	1122	1	0.662	11	None	NA	NA	NA	0	0	0	1	NA	NA	NA	NA	NA
JAJIVP010000004.1_32	34493	36166	1674	-1	0.624	11	GGAGG	NA	NA	NA	0	0	0	1	NA	NA	NA	NA	NA
JAJIVP010000004.1_33	36166	37644	1479	-1	0.634	11	GGAGG	GENOMAD.152654.CP	1.158e-07	57	0	0	0	1	NA	NA	NF012174	PF03825;K16211;TIGR00792;COG2211	sugar (Glycoside-Pentoside-Hexuronide) transporter
JAJIVP010000004.1_34	37641	39827	2187	-1	0.655	11	None	GENOMAD.140739.CP	8.329e-131	437	0	0	0	1	NA	NA	NA	PF07971;PF16561;COG3408	Glycogen debranching enzyme (alpha-1,6-glucosidase)
JAJIVP010000004.1_35	40071	42152	2082	1	0.651	11	GGAGG	NA	NA	NA	0	0	0	1	NA	NA	NA	NA	NA
JAJIVP010000004.1_36	42470	45244	2775	1	0.628	11	GGAGG	GENOMAD.152082.CP	1.681e-48	192	0	0	0	1	NA	NA	NA	PF00593;PF07715;PF00691;TIGR01782;COG4773;K16089	TonB-dependent receptor
JAJIVP010000004.1_37	45876	47492	1617	-1	0.618	11	GGAGG	NA	NA	NA	0	0	0	1	NA	NA	NA	NA	NA
JAJIVP010000004.1_38	47810	48151	342	-1	0.570	11	GGA/GAG/AGG	NA	NA	NA	0	0	0	1	NA	NA	NA	NA	NA
JAJIVP010000004.1_39	48158	48268	111	-1	0.586	11	GGA/GAG/AGG	NA	NA	NA	0	0	0	1	NA	NA	NA	NA	NA
JAJIVP010000004.1_40	48776	51229	2454	-1	0.469	11	None	GENOMAD.108687.PC	2.421e-108	374	0	1	0	1	NA	virb4	NA	PF19044;PF03135;PF05101;K03199;TIGR00929;COG3451	type IV secretion/conjugal transfer ATPase, VirB4 family
JAJIVP010000049.1_1	148	882	735	-1	0.646	11	GGAGG	NA	NA	NA	0	0	0	1	NA	NA	NA	NA	NA
JAJIVP010000049.1_2	875	2116	1242	-1	0.622	11	None	GENOMAD.112745.CP	1.024e-66	236	0	0	0	1	NA	NA	NA	PF12704;PF02687;K09808;TIGR02213;COG4591	lipoprotein releasing system, transmembrane protein LolE
JAJIVP010000049.1_3	2543	2791	249	-1	0.610	11	GGAG/GAGG	GENOMAD.002160.CC	5.261e-11	59	0	0	0	1	NA	NA	NA	PF03937;COG2938;K09159	Succinate dehydrogenase flavin-adding protein, antitoxin component of the CptAB toxin-antitoxin module
JAJIVP010000049.1_4	2903	3685	783	-1	0.617	11	GGA/GAG/AGG	NA	NA	NA	0	0	0	1	NA	NA	NA	NA	NA
JAJIVP010000049.1_5	3915	5705	1791	-1	0.634	11	AGGA/GGAG/GAGG	NA	NA	NA	0	0	0	1	NA	NA	NA	NA	NA
JAJIVP010000049.1_6	5739	6125	387	-1	0.623	11	GGAGG	GENOMAD.154511.CP	1.644e-26	106	0	0	0	1	NA	NA	NA	PF05328;K00242;TIGR02968;COG2142	succinate dehydrogenase, hydrophobic membrane anchor protein
JAJIVP010000049.1_7	6122	6457	336	-1	0.592	11	None	NA	NA	NA	0	0	0	1	NA	NA	NA	NA	NA
JAJIVP010000049.1_8	6574	6744	171	-1	0.579	11	GGA/GAG/AGG	GENOMAD.151036.CV	7.719e-11	57	0	0	0	1	NA	NA	NA	PF07896;COG5508	NA
JAJIVP010000049.1_9	6784	7656	873	1	0.654	11	None	GENOMAD.000396.CC	7.097e-44	164	0	0	0	1	NA	NA	NA	PF01571;K06980;COG0404;TIGR00528	Glycine cleavage system T protein (aminomethyltransferase)
JAJIVP010000049.1_10	7788	8876	1089	-1	0.661	11	GGAG/GAGG	GENOMAD.126777.CP	7.47e-26	113	0	0	0	1	NA	NA	NA	PF17912;PF03459;COG3585;TIGR00638	MalK OB fold domain; TOBE domain
JAJIVP010000049.1_11	9296	10726	1431	1	0.669	11	None	NA	NA	NA	0	0	0	1	NA	NA	NA	NA	NA
JAJIVP010000049.1_12	10723	11730	1008	1	0.676	11	GGA/GAG/AGG	GENOMAD.142642.CP	9.991e-50	183	0	0	0	1	NA	NA	NA	PF02685;TIGR00749;K00845;COG0837	glucokinase, proteobacterial type
JAJIVP010000049.1_13	11727	12446	720	1	0.672	11	GGAG/GAGG	GENOMAD.130695.CP	4.619e-36	139	0	0	0	1	NA	NA	NA	PF01182;K01057;TIGR01198;COG0363	6-phosphogluconolactonase
JAJIVP010000049.1_14	12578	14494	1917	1	0.671	11	None	NA	NA	NA	0	0	0	1	NA	NA	NA	NA	NA
JAJIVP010000049.1_15	14547	15206	660	1	0.694	11	GGAG/GAGG	NA	NA	NA	0	0	0	1	NA	NA	NA	NA	NA
JAJIVP010000049.1_16	15679	18765	3087	-1	0.631	11	GGxGG	NA	NA	NA	0	0	0	1	NA	NA	NA	NA	NA
JAJIVP010000049.1_17	18762	22271	3510	-1	0.656	11	GGA/GAG/AGG	NA	NA	NA	0	0	0	1	NA	NA	NA	NA	NA
JAJIVP010000049.1_18	22268	23401	1134	-1	0.661	11	AGGA	GENOMAD.138157.CP	2.304e-10	65	0	0	0	1	NA	NA	NA	PF13437;TIGR02828	HlyD family secretion protein
JAJIVP010000049.1_19	23606	23998	393	1	0.649	11	GGA/GAG/AGG	NA	NA	NA	0	0	0	1	NA	NA	NA	NA	NA
JAJIVP010000049.1_20	24007	24468	462	1	0.682	11	None	GENOMAD.148254.CP	1.822e-05	46	0	0	0	1	NA	NA	NA	PF09098;COG2863;TIGR04484;K20200	Cytochrome c553
JAJIVP010000050.1_1	2	1186	1185	-1	0.600	11	None	NA	NA	NA	0	0	0	1	NA	NA	NA	NA	NA
JAJIVP010000050.1_2	1630	2367	738	-1	0.653	11	None	NA	NA	NA	0	0	0	1	NA	NA	NA	NA	NA
JAJIVP010000050.1_3	2398	3360	963	-1	0.687	11	GGA/GAG/AGG	GENOMAD.190183.CP	3.139e-25	110	0	0	0	1	NA	NA	NA	K12686;COG3240	Phospholipase/lecithinase/hemolysin
JAJIVP010000050.1_4	3517	3717	201	1	0.642	11	None	GENOMAD.105856.CP	9.956e-13	63	0	0	0	1	NA	NA	NA	PF14453;COG2104;TIGR01683	Sulfur carrier protein ThiS (thiamine biosynthesis)
JAJIVP010000050.1_5	3767	4561	795	1	0.654	11	None	NA	NA	NA	0	0	0	1	NA	NA	NA	NA	NA
JAJIVP010000050.1_6	4819	5604	786	1	0.669	11	None	GENOMAD.159900.CP	8.551e-18	86	0	0	0	1	NA	NA	NA	PF02390;TIGR00091;COG0220;K23095	tRNA (guanine-N(7)-)-methyltransferase
JAJIVP010000050.1_7	5670	7532	1863	1	0.643	11	None	NA	NA	NA	0	0	0	1	NA	NA	NA	NA	NA
JAJIVP010000050.1_8	7593	7934	342	-1	0.652	11	None	GENOMAD.162129.CP	3.127e-13	67	0	0	0	1	NA	NA	NA	PF13806;COG2146;TIGR02377;K05710	Ferredoxin subunit of nitrite reductase or a ring-hydroxylating dioxygenase
JAJIVP010000050.1_9	8193	8468	276	1	0.652	11	None	GENOMAD.221228.CP	0.000148	41	0	0	0	1	NA	NA	NA	NA	NA
JAJIVP010000050.1_10	8933	9646	714	1	0.658	11	GGAG/GAGG	NA	NA	NA	0	0	0	1	NA	NA	NA	NA	NA
JAJIVP010000050.1_11	9707	10138	432	1	0.602	11	GGAG/GAGG	NA	NA	NA	0	0	0	1	NA	NA	NA	NA	NA
JAJIVP010000050.1_12	10262	11680	1419	1	0.669	11	GGAG/GAGG	GENOMAD.138367.CP	1.283e-67	241	0	0	0	1	NA	NA	NA	PF16254;K01302;COG4882;TIGR01902	Predicted aminopeptidase, Iap family
JAJIVP010000050.1_13	12035	13087	1053	1	0.667	11	GGA/GAG/AGG	NA	NA	NA	0	0	0	1	NA	NA	NA	NA	NA
JAJIVP010000050.1_14	13458	16394	2937	-1	0.619	11	GGAGG	GENOMAD.158496.CP	1.197e-69	260	0	0	0	1	NA	NA	NA	PF14905;PF07715;TIGR01782;K16091;COG4774	TonB-dependent receptor
JAJIVP010000050.1_15	16535	20002	3468	-1	0.649	11	GGAG/GAGG	GENOMAD.146053.CP	5.967e-58	224	0	0	0	1	NA	NA	NA	PF18368;PF02836;PF02837;PF17786;K15855;COG3250	Beta-galactosidase/beta-glucuronidase
JAJIVP010000050.1_16	20221	22185	1965	1	0.621	11	AGGAG	NA	NA	NA	0	0	0	1	NA	NA	NA	NA	NA
JAJIVP010000050.1_17	22630	23970	1341	1	0.615	11	None	NA	NA	NA	0	0	0	1	NA	NA	NA	NA	NA
JAJIVP010000051.1_1	2	1045	1044	-1	0.689	11	GGAG/GAGG	NA	NA	NA	0	0	0	1	NA	NA	NA	NA	NA
JAJIVP010000051.1_2	1192	3549	2358	-1	0.669	11	GGAG/GAGG	GENOMAD.112718.CP	7.009e-192	618	0	0	0	1	NA	NA	NA	PF07793	NA
JAJIVP010000051.1_3	4130	4705	576	1	0.703	11	None	GENOMAD.134026.CP	1.391e-29	118	0	0	0	1	NA	NA	NA	PF14512;COG3560;TIGR03553;K19286	Fatty acid repression mutant protein (predicted oxidoreductase)
JAJIVP010000051.1_4	4702	5688	987	1	0.682	11	None	GENOMAD.119108.VC	1.663e-05	49	0	0	1	2156	Autographiviridae	NA	NA	PF09293;TIGR00593;K23786;COG0258	DNA polymerase I
JAJIVP010000051.1_5	5685	6236	552	1	0.650	11	GGA/GAG/AGG	NA	NA	NA	0	0	0	1	NA	NA	NA	NA	NA
JAJIVP010000051.1_6	6229	7014	786	1	0.687	11	GGA/GAG/AGG	GENOMAD.171214.CP	2.103e-67	231	0	0	0	1	NA	NA	NA	PF05013;COG3931;TIGR02017;K01458	Predicted N-formylglutamate amidohydrolase
JAJIVP010000051.1_7	7223	8164	942	-1	0.650	11	AGGA	NA	NA	NA	0	0	0	1	NA	NA	NA	NA	NA
JAJIVP010000051.1_8	8399	9259	861	-1	0.707	11	GGA/GAG/AGG	GENOMAD.000115.CC	9.319e-10	62	0	0	0	1	NA	NA	NA	PF17827;TIGR00536;COG2890	PrmC N-terminal domain
JAJIVP010000051.1_9	9462	10025	564	1	0.612	11	GGAG/GAGG	NA	NA	NA	0	0	0	1	NA	NA	NA	NA	NA
JAJIVP010000051.1_10	10212	11804	1593	1	0.650	11	AGGAG	NA	NA	NA	0	0	0	1	NA	NA	NA	NA	NA
JAJIVP010000051.1_11	11896	12837	942	1	0.631	11	GGA/GAG/AGG	NA	NA	NA	0	0	0	1	NA	NA	NA	NA	NA
JAJIVP010000051.1_12	13328	13768	441	1	0.678	11	AGGAG	GENOMAD.158252.CP	1.559e-26	107	0	0	0	1	NA	NA	NA	PF01272;PF14760;COG0782;TIGR01461	Transcription elongation factor, GreA/GreB family
JAJIVP010000051.1_13	13820	14788	969	1	0.654	11	GGA/GAG/AGG	NA	NA	NA	0	0	0	1	NA	NA	NA	NA	NA
JAJIVP010000051.1_14	15144	15713	570	1	0.647	11	None	NA	NA	NA	0	0	0	1	NA	NA	NA	NA	NA
JAJIVP010000051.1_15	16131	16781	651	-1	0.631	11	GGAG/GAGG	NA	NA	NA	0	0	0	1	NA	NA	NA	NA	NA
JAJIVP010000051.1_16	16877	17053	177	-1	0.616	11	None	GENOMAD.218087.PC	0.0009315	37	0	0	0	1	NA	NA	NA	PF13474;COG4875;TIGR02246	SnoaL-like domain
JAJIVP010000052.1_1	810	926	117	-1	0.581	11	None	NA	NA	NA	0	0	0	1	NA	NA	NA	NA	NA
JAJIVP010000053.1_1	110	793	684	-1	0.633	11	AGGAG	GENOMAD.049669.CC	1.097e-39	149	0	0	0	1	NA	NA	NA	NA	NA
JAJIVP010000053.1_2	797	1624	828	-1	0.659	11	None	GENOMAD.049669.CC	6.53e-150	470	0	0	0	1	NA	NA	NA	NA	NA
JAJIVP010000053.1_3	1691	2338	648	-1	0.694	11	GGAG/GAGG	NA	NA	NA	0	0	0	1	NA	NA	NA	NA	NA
JAJIVP010000053.1_4	2383	2853	471	-1	0.637	11	GGA/GAG/AGG	GENOMAD.022016.CC	1.501e-48	171	0	0	0	1	NA	NA	NA	NA	NA
JAJIVP010000053.1_5	2866	3924	1059	-1	0.668	11	GGA/GAG/AGG	GENOMAD.126472.VC	1.18e-39	154	0	0	0	11688	Kyanoviridae	NA	NA	TIGR00878;COG0150	phosphoribosylaminoimidazole synthetase
JAJIVP010000053.1_6	4035	5135	1101	1	0.686	11	GGA/GAG/AGG	GENOMAD.121921.CP	8.444e-175	547	0	0	0	1	NA	NA	NA	K09938;COG3249	NA
JAJIVP010000053.1_7	5132	6298	1167	1	0.641	11	GGA/GAG/AGG	GENOMAD.116507.CP	5.06e-10	64	0	0	0	1	NA	NA	NA	K03548;COG0628	Predicted PurR-regulated permease PerM
JAJIVP010000053.1_8	6295	7002	708	1	0.691	11	GGA/GAG/AGG	NA	NA	NA	0	0	0	1	NA	NA	NA	NA	NA
JAJIVP010000053.1_9	7094	7807	714	-1	0.650	11	GGA/GAG/AGG	NA	NA	NA	0	0	0	1	NA	NA	NA	NA	NA
JAJIVP010000053.1_10	7804	8823	1020	-1	0.634	11	None	GENOMAD.123224.CV	4.586e-33	134	0	0	0	1246	Caudoviricetes	NA	NA	PF01636;K07102;COG3178;TIGR00938	Predicted phosphotransferase, aminoglycoside/choline kinase (APH/ChoK) family
JAJIVP010000053.1_11	8881	9153	273	-1	0.619	11	None	GENOMAD.172052.CP	1.033e-07	50	0	0	0	1	NA	NA	NA	PF04226;COG2261	Uncharacterized membrane protein YeaQ/YmgE, transglycosylase-associated protein family
JAJIVP010000053.1_12	9662	10684	1023	-1	0.655	11	None	NA	NA	NA	0	0	0	1	NA	NA	NA	NA	NA
JAJIVP010000053.1_13	10916	11248	333	1	0.562	11	AGGAG	GENOMAD.133137.CV	1.836e-09	56	0	0	0	1	NA	NA	NA	PF14635;TIGR00426	competence protein ComEA helix-hairpin-helix repeat region
JAJIVP010000053.1_14	11677	12522	846	1	0.624	11	AGGA/GGAG/GAGG	NA	NA	NA	0	0	0	1	NA	NA	NA	NA	NA
JAJIVP010000053.1_15	12677	13342	666	1	0.635	11	GGA/GAG/AGG	NA	NA	NA	0	0	0	1	NA	NA	NA	NA	NA
JAJIVP010000053.1_16	13513	15315	1803	-1	0.672	11	None	NA	NA	NA	0	0	0	1	NA	NA	NA	NA	NA
JAJIVP010000053.1_17	15312	16286	975	-1	0.679	11	None	NA	NA	NA	0	0	0	1	NA	NA	NA	NA	NA
JAJIVP010000053.1_18	16354	17157	804	-1	0.632	11	AGGAG	GENOMAD.210458.CP	2.366e-96	315	0	0	0	1	NA	NA	NA	PF10670;COG5266;K10094	Uncharacterized conserved protein, contains GH25 family domain
JAJIVP010000053.1_19	17339	17854	516	-1	0.655	11	GGAG/GAGG	GENOMAD.189684.PC	2.185e-51	180	0	0	0	1	NA	NA	NA	PF10029;COG3656	Predicted periplasmic protein
JAJIVP010000053.1_20	17876	18517	642	-1	0.643	11	GGA/GAG/AGG	GENOMAD.180383.CP	3.539e-83	274	0	0	0	1	NA	NA	NA	K09939;COG3295	NA
JAJIVP010000053.1_21	18525	19283	759	-1	0.679	11	None	NA	NA	NA	0	0	0	1	NA	NA	NA	NA	NA
JAJIVP010000053.1_22	19276	19962	687	-1	0.658	11	GGAG/GAGG	GENOMAD.194245.CP	1.93e-14	75	0	0	0	1	NA	NA	NA	PF18331	PKHD-type hydroxylase C-terminal domain
JAJIVP010000053.1_23	20011	22329	2319	-1	0.643	11	GGA/GAG/AGG	GENOMAD.141017.CP	3.839e-103	357	0	0	0	1	NA	NA	NA	PF14905;PF07715;K16090;COG4774;TIGR01776	Outer membrane receptor for monomeric catechols
JAJIVP010000053.1_24	22670	22999	330	-1	0.636	11	GGxGG	GENOMAD.143067.CP	1.607e-10	59	0	0	0	1	NA	NA	NA	PF13806;K14578;COG2146;TIGR02377	Ferredoxin subunit of nitrite reductase or a ring-hydroxylating dioxygenase
JAJIVP010000053.1_25	22996	23535	540	-1	0.643	11	None	GENOMAD.013102.CC	8.182e-31	121	0	0	0	1	NA	NA	NA	PF12568;COG2153;TIGR04431;K00680	Predicted N-acyltransferase, GNAT family
JAJIVP010000053.1_26	23691	24935	1245	-1	0.654	11	GGA/GAG/AGG	NA	NA	NA	0	0	0	1	NA	NA	NA	NA	NA
JAJIVP010000053.1_27	24932	26194	1263	-1	0.675	11	GGAG/GAGG	NA	NA	NA	0	0	0	1	NA	NA	NA	NA	NA
JAJIVP010000053.1_28	26194	26958	765	-1	0.630	11	GGA/GAG/AGG	NA	NA	NA	0	0	0	1	NA	NA	NA	NA	NA
JAJIVP010000053.1_29	27114	28571	1458	-1	0.613	11	GGA/GAG/AGG	NA	NA	NA	0	0	0	1	NA	NA	NA	NA	NA
JAJIVP010000053.1_30	28587	29045	459	-1	0.662	11	None	NA	NA	NA	0	0	0	1	NA	NA	NA	NA	NA
JAJIVP010000053.1_31	29218	29685	468	1	0.600	11	GGA/GAG/AGG	NA	NA	NA	0	0	0	1	NA	NA	NA	NA	NA
JAJIVP010000053.1_32	29787	30329	543	1	0.617	11	AGGAG	NA	NA	NA	0	0	0	1	NA	NA	NA	NA	NA
JAJIVP010000053.1_33	30442	31038	597	-1	0.640	11	GGAG/GAGG	GENOMAD.047461.CC	2.036e-05	47	0	0	0	1	NA	NA	NA	PF07273	NA
JAJIVP010000053.1_34	31094	31636	543	-1	0.659	11	GGA/GAG/AGG	NA	NA	NA	0	0	0	1	NA	NA	NA	NA	NA
JAJIVP010000053.1_35	31693	32034	342	-1	0.655	11	None	NA	NA	NA	0	0	0	1	NA	NA	NA	NA	NA
JAJIVP010000053.1_36	32092	32733	642	-1	0.676	11	None	GENOMAD.205988.VC	5.694e-06	49	0	0	0	1	NA	NA	NA	PF01333;COG2190	Apocytochrome F, C-terminal
JAJIVP010000053.1_37	32840	33265	426	-1	0.631	11	GGA/GAG/AGG	NA	NA	NA	0	0	0	1	NA	NA	NA	NA	NA
JAJIVP010000053.1_38	33825	34679	855	-1	0.688	11	GGA/GAG/AGG	NA	NA	NA	0	0	0	1	NA	NA	NA	NA	NA
JAJIVP010000053.1_39	34723	35415	693	-1	0.662	11	GGA/GAG/AGG	GENOMAD.113324.CP	2.014e-32	128	0	0	0	1	NA	NA	NA	PF01168;K06997;TIGR00044;COG0325	pyridoxal phosphate enzyme, YggS family
JAJIVP010000053.1_40	35834	36871	1038	1	0.618	11	GGA/GAG/AGG	NA	NA	NA	0	0	0	1	NA	NA	NA	NA	NA
JAJIVP010000053.1_41	36984	38114	1131	1	0.616	11	AGGAG	GENOMAD.005978.CC	1.698e-08	59	0	0	0	1246	Caudoviricetes	T_virB11	NA	PF00437;PF05810;K07332;TIGR03819;COG4962	helicase/secretion neighborhood ATPase
JAJIVP010000053.1_42	38618	39292	675	1	0.647	11	GGAG/GAGG	NA	NA	NA	0	0	0	1	NA	NA	NA	NA	NA
JAJIVP010000053.1_43	39466	40374	909	-1	0.640	11	None	GENOMAD.142156.CP	3.779e-07	54	0	0	0	1	NA	NA	NA	PF01904;COG1801	Uncharacterized conserved protein YecE, DUF72 family
JAJIVP010000053.1_44	40400	40972	573	-1	0.647	11	GGA/GAG/AGG	NA	NA	NA	0	0	0	1	NA	NA	NA	NA	NA
JAJIVP010000053.1_45	41249	41815	567	1	0.658	11	None	NA	NA	NA	0	0	0	1	NA	NA	NA	NA	NA
JAJIVP010000053.1_46	41808	42275	468	1	0.705	11	GGA/GAG/AGG	GENOMAD.068739.CP	2.193e-35	133	1	0	0	1	NA	NA	NA	PF03652;TIGR00250;COG0816	Holliday junction resolvase
JAJIVP010000053.1_47	42289	43236	948	1	0.680	11	None	NA	NA	NA	0	0	0	1	NA	NA	NA	NA	NA
JAJIVP010000053.1_48	43550	43984	435	1	0.634	11	AGGAG	GENOMAD.145653.CP	4.644e-39	143	0	0	0	1	NA	NA	NA	PF02566;K04063;TIGR03562;COG1765	peroxiredoxin, OsmC subfamily
JAJIVP010000053.1_49	44137	44736	600	1	0.648	11	None	GENOMAD.031556.CC	0.0004151	43	0	0	0	1	NA	NA	NA	NA	NA
JAJIVP010000053.1_50	45000	45881	882	-1	0.690	11	GGA/GAG/AGG	NA	NA	NA	0	0	0	1	NA	NA	NA	NA	NA
JAJIVP010000053.1_51	45913	46791	879	-1	0.702	11	GGA/GAG/AGG	NA	NA	NA	0	0	0	1	NA	NA	NA	NA	NA
JAJIVP010000053.1_52	46975	49584	2610	1	0.662	11	None	NA	NA	NA	0	0	0	1	NA	NA	NA	NA	NA
JAJIVP010000053.1_53	49568	50026	459	1	0.630	11	GGAG/GAGG	NA	NA	NA	0	0	0	1	NA	NA	NA	NA	NA
JAJIVP010000053.1_54	50023	51378	1356	1	0.652	11	GGA/GAG/AGG	GENOMAD.177813.CP	1.821e-113	374	0	0	0	1	NA	NA	NA	PF06508;K23170;TIGR00364;COG0603	queuosine biosynthesis protein QueC
JAJIVP010000053.1_55	51359	52765	1407	1	0.682	11	GGAG/GAGG	GENOMAD.083685.CV	3.858e-26	116	1	0	0	1246	Caudoviricetes	NA	NA	PF08245;PF01225;K01925;TIGR01087;COG0773	UDP-N-acetylmuramoylalanine--D-glutamate ligase
JAJIVP010000053.1_56	53165	53887	723	1	0.674	11	None	GENOMAD.137948.CP	6.158e-90	295	0	0	0	1	NA	NA	NA	PF01738;K01061;COG3509;TIGR03100	Dienelactone hydrolase family
JAJIVP010000053.1_57	54093	55091	999	-1	0.684	11	None	NA	NA	NA	0	0	0	1	NA	NA	NA	NA	NA
JAJIVP010000053.1_58	55367	55900	534	1	0.663	11	GGA/GAG/AGG	NA	NA	NA	0	0	0	1	NA	NA	NA	NA	NA
JAJIVP010000053.1_59	56186	57595	1410	-1	0.661	11	None	GENOMAD.171872.PC	3.009e-13	75	0	0	0	1	NA	NA	NA	PF22588	Histidine kinase sensor domain
JAJIVP010000053.1_60	57958	58965	1008	1	0.657	11	AGGAG	NA	NA	NA	0	0	0	1	NA	NA	NA	NA	NA
JAJIVP010000053.1_61	59395	60045	651	1	0.625	11	GGAG/GAGG	NA	NA	NA	0	0	0	1	NA	NA	NA	NA	NA
JAJIVP010000053.1_62	60042	60992	951	1	0.666	11	GGAGG	GENOMAD.138352.CP	1.223e-31	129	0	0	0	1	NA	NA	NA	PF00941;PF03450;K11178;TIGR03195;COG1319	4-hydroxybenzoyl-CoA reductase, beta subunit
JAJIVP010000053.1_63	60994	63201	2208	1	0.649	11	GGAG/GAGG	NA	NA	NA	0	0	0	1	NA	NA	NA	NA	NA
JAJIVP010000053.1_64	63378	64202	825	1	0.679	11	GGA/GAG/AGG	NA	NA	NA	0	0	0	1	NA	NA	NA	NA	NA
JAJIVP010000053.1_65	64608	65216	609	1	0.683	11	None	GENOMAD.129102.CP	4.96e-13	70	0	0	0	1	NA	NA	NA	PF01983;K07141;TIGR03310;COG2068	molybdenum cofactor cytidylyltransferase
JAJIVP010000053.1_66	65424	65519	96	-1	0.500	11	GGAGG	NA	NA	NA	0	0	0	1	NA	NA	NA	NA	NA
JAJIVP010000053.1_67	65883	66098	216	1	0.671	11	GGAGG	NA	NA	NA	0	0	0	1	NA	NA	NA	NA	NA
JAJIVP010000053.1_68	66266	67516	1251	1	0.652	11	GGA/GAG/AGG	GENOMAD.002083.CC	6.224e-89	301	0	0	0	1	NA	NA	NA	COG5505	Na+/citrate or Na+/malate symporter
JAJIVP010000053.1_69	67842	69026	1185	-1	0.646	11	AGGAG	NA	NA	NA	0	0	0	1	NA	NA	NA	NA	NA
JAJIVP010000053.1_70	69063	69827	765	-1	0.646	11	AGGAG	NA	NA	NA	0	0	0	1	NA	NA	NA	NA	NA
JAJIVP010000053.1_71	69971	70801	831	1	0.661	11	None	NA	NA	NA	0	0	0	1	NA	NA	NA	NA	NA
JAJIVP010000054.1_1	273	1394	1122	1	0.569	11	AGGAG	GENOMAD.049926.PP	2.582e-11	68	0	0	0	1	NA	NA	NA	PF03421;K13478	YopJ Serine/Threonine acetyltransferase
JAJIVP010000054.1_2	1759	4776	3018	-1	0.625	11	GGA/GAG/AGG	NA	NA	NA	0	0	0	1	NA	NA	NA	NA	NA
JAJIVP010000054.1_3	5089	5184	96	-1	0.573	11	GGA/GAG/AGG	NA	NA	NA	0	0	0	1	NA	NA	NA	NA	NA
JAJIVP010000054.1_4	5198	5584	387	-1	0.636	11	AGGA	NA	NA	NA	0	0	0	1	NA	NA	NA	NA	NA
JAJIVP010000054.1_5	5724	6020	297	-1	0.616	11	GGA/GAG/AGG	NA	NA	NA	0	0	0	1	NA	NA	NA	NA	NA
JAJIVP010000054.1_6	6366	9455	3090	-1	0.613	11	None	NA	NA	NA	0	0	0	1	NA	NA	NA	NA	NA
JAJIVP010000054.1_7	9452	9985	534	-1	0.654	11	GGA/GAG/AGG	GENOMAD.207688.CP	0.0006302	42	0	0	0	1	NA	NA	NA	K01994	NA
JAJIVP010000054.1_8	10127	11335	1209	-1	0.620	11	GGA/GAG/AGG	NA	NA	NA	0	0	0	1	NA	NA	NA	NA	NA
JAJIVP010000054.1_9	11946	13526	1581	1	0.660	11	GGA/GAG/AGG	NA	NA	NA	0	0	0	1	NA	NA	NA	NA	NA
JAJIVP010000054.1_10	13574	14401	828	1	0.664	11	AGGAG	NA	NA	NA	0	0	0	1	NA	NA	NA	NA	NA
JAJIVP010000054.1_11	14803	15582	780	1	0.650	11	GGA/GAG/AGG	NA	NA	NA	0	0	0	1	NA	NA	NA	NA	NA
JAJIVP010000054.1_12	15579	16571	993	1	0.661	11	GGA/GAG/AGG	NA	NA	NA	0	0	0	1	NA	NA	NA	NA	NA
JAJIVP010000054.1_13	16568	19024	2457	1	0.663	11	None	GENOMAD.190312.PC	1.985e-20	100	0	0	0	1	NA	NA	NA	PF19443	DAHL domain
JAJIVP010000054.1_14	19138	20109	972	1	0.670	11	GGA/GAG/AGG	NA	NA	NA	0	0	0	1	NA	NA	NA	NA	NA
JAJIVP010000054.1_15	20118	21146	1029	1	0.689	11	GGA/GAG/AGG	GENOMAD.171322.PC	4.944e-33	134	0	0	0	1	NA	NA	NA	PF06812;K11902;TIGR03363;COG3515	type VI secretion-associated protein, ImpA family
JAJIVP010000054.1_16	21315	21641	327	-1	0.688	11	GGA/GAG/AGG	NA	NA	NA	0	0	0	1	NA	NA	NA	NA	NA
JAJIVP010000054.1_17	21638	24541	2904	-1	0.695	11	GGA/GAG/AGG	GENOMAD.215794.CP	1.209e-06	55	0	0	0	1	NA	NA	NA	PF07714;K08884;COG0478;TIGR03903	RIO-like serine/threonine protein kinase fused to N-terminal HTH domain
JAJIVP010000054.1_18	24538	25260	723	-1	0.700	11	GGAG/GAGG	NA	NA	NA	0	0	0	1	NA	NA	NA	NA	NA
JAJIVP010000054.1_19	25257	25910	654	-1	0.674	11	None	GENOMAD.192401.PC	2.534e-21	95	0	0	0	1	NA	NA	NA	PF09867;COG3913;K11890;TIGR03373	TagF N-terminal domain, Type VI secretion system-associated
JAJIVP010000054.1_20	25907	29365	3459	-1	0.699	11	GGA/GAG/AGG	GENOMAD.161502.PC	3.337e-110	389	0	0	0	1	NA	NA	NA	PF14331;PF06761;PF06744;PF19993;TIGR03348;K11891;COG3523	type VI secretion protein IcmF
JAJIVP010000054.1_21	29369	30685	1317	-1	0.712	11	GGAG/GAGG	GENOMAD.167543.PC	1.674e-31	132	0	0	0	1	NA	NA	NA	PF09850;TIGR03349;COG3455	type IV / VI secretion system protein, DotU family
JAJIVP010000054.1_22	30687	32024	1338	-1	0.674	11	None	GENOMAD.166652.PC	2.372e-39	156	0	0	0	1	NA	NA	NA	PF05936;TIGR03353;COG3522;K11893	type VI secretion protein, VC_A0114 family
JAJIVP010000054.1_23	32021	33406	1386	-1	0.696	11	GGA/GAG/AGG	GENOMAD.170233.CP	7.287e-41	161	0	0	0	1	NA	NA	NA	PF20232;PF00498;K07169;TIGR03354;COG3456	type VI secretion system FHA domain protein
JAJIVP010000054.1_24	33403	33942	540	-1	0.715	11	GGAG/GAGG	GENOMAD.218216.PC	3.149e-42	154	0	0	0	1	NA	NA	NA	PF22011	NA
JAJIVP010000054.1_25	33951	35888	1938	-1	0.658	11	GGAG/GAGG	GENOMAD.209487.PC	2.378e-05	50	0	0	0	1	NA	NA	NA	NA	NA
JAJIVP010000054.1_26	36065	36634	570	-1	0.619	11	AGxAGG/AGGxGG	NA	NA	NA	0	0	0	1	NA	NA	NA	NA	NA
JAJIVP010000054.1_27	37095	37292	198	-1	0.626	11	4Base/6BMM	NA	NA	NA	0	0	0	1	NA	NA	NA	NA	NA
JAJIVP010000054.1_28	37624	38166	543	-1	0.521	11	AGGAG	NA	NA	NA	0	0	0	1	NA	NA	NA	NA	NA
JAJIVP010000054.1_29	38374	38922	549	-1	0.597	11	GGA/GAG/AGG	NA	NA	NA	0	0	0	1	NA	NA	NA	NA	NA
JAJIVP010000054.1_30	39114	39563	450	-1	0.576	11	GGAG/GAGG	NA	NA	NA	0	0	0	1	NA	NA	NA	NA	NA
JAJIVP010000054.1_31	39575	40795	1221	-1	0.620	11	None	NA	NA	NA	0	0	0	1	NA	NA	NA	NA	NA
JAJIVP010000055.1_1	1	579	579	-1	0.632	11	GGA/GAG/AGG	NA	NA	NA	0	0	0	1	NA	NA	NA	NA	NA
JAJIVP010000055.1_2	775	1065	291	-1	0.649	11	AGGAG	NA	NA	NA	0	0	0	1	NA	NA	NA	NA	NA
JAJIVP010000055.1_3	1052	1498	447	-1	0.658	11	None	NA	NA	NA	0	0	0	1	NA	NA	NA	NA	NA
JAJIVP010000055.1_4	1748	2323	576	1	0.667	11	GGAGG	GENOMAD.213575.CP	4.769e-23	99	0	0	0	1	NA	NA	NA	PF11454;COG2372	NA
JAJIVP010000055.1_5	2557	3654	1098	-1	0.687	11	GGAGG	NA	NA	NA	0	0	0	1	NA	NA	NA	NA	NA
JAJIVP010000055.1_6	3654	4943	1290	-1	0.695	11	AGGAG	NA	NA	NA	0	0	0	1	NA	NA	NA	NA	NA
JAJIVP010000055.1_7	5092	5571	480	1	0.637	11	None	GENOMAD.140723.CP	1.946e-20	90	0	0	0	1	NA	NA	NA	PF17805;PF02295;K05800;COG1522;TIGR02702	DNA-binding transcriptional regulator, Lrp family
JAJIVP010000055.1_8	5650	6078	429	-1	0.720	11	GGA/GAG/AGG	NA	NA	NA	0	0	0	1	NA	NA	NA	NA	NA
JAJIVP010000055.1_9	6318	6782	465	1	0.684	11	GGA/GAG/AGG	NA	NA	NA	0	0	0	1	NA	NA	NA	NA	NA
JAJIVP010000055.1_10	7125	7616	492	1	0.726	11	AGGAG	GENOMAD.191334.CP	4.659e-08	54	0	0	0	1	NA	NA	NA	PF09864;COG3650	Membrane-bound inhibitor of C-type lysozyme
JAJIVP010000055.1_11	7714	8568	855	1	0.640	11	None	NA	NA	NA	0	0	0	1	NA	NA	NA	NA	NA
JAJIVP010000055.1_12	8579	9736	1158	1	0.675	11	GGA/GAG/AGG	GENOMAD.133946.CP	5.956e-40	156	0	0	0	1	NA	NA	NA	PF13677;COG1360;TIGR03350	Flagellar motor protein MotB
JAJIVP010000055.1_13	9979	10563	585	1	0.663	11	GGA/GAG/AGG	NA	NA	NA	0	0	0	1	NA	NA	NA	NA	NA
JAJIVP010000055.1_14	10572	10856	285	1	0.705	11	None	NA	NA	NA	0	0	0	1	NA	NA	NA	NA	NA
JAJIVP010000055.1_15	11289	11840	552	-1	0.654	11	GGA/GAG/AGG	NA	NA	NA	0	0	0	1	NA	NA	NA	NA	NA
JAJIVP010000055.1_16	12007	12273	267	1	0.637	11	None	NA	NA	NA	0	0	0	1	NA	NA	NA	NA	NA
JAJIVP010000056.1_1	58	846	789	1	0.703	11	None	GENOMAD.137825.CP	0.0008004	43	0	0	0	1	NA	NA	NA	PF20401;K19225;TIGR04239;COG0705	rhomboid family protease GlpG
JAJIVP010000056.1_2	959	2056	1098	-1	0.645	11	GGAG/GAGG	NA	NA	NA	0	0	0	1	NA	NA	NA	NA	NA
JAJIVP010000056.1_3	2297	3655	1359	-1	0.627	11	GGA/GAG/AGG	GENOMAD.182879.CP	2.467e-54	201	0	0	0	1	NA	NA	NA	COG4773;K16091	Outer membrane receptor for ferric coprogen and ferric-rhodotorulic acid
JAJIVP010000056.1_4	3665	4597	933	-1	0.646	11	None	GENOMAD.182879.CP	1.151e-46	173	0	0	0	1	NA	NA	NA	COG4773;K16091	Outer membrane receptor for ferric coprogen and ferric-rhodotorulic acid
JAJIVP010000056.1_5	4790	5647	858	1	0.683	11	GGAG/GAGG	NA	NA	NA	0	0	0	1	NA	NA	NA	NA	NA
JAJIVP010000056.1_6	5811	7151	1341	-1	0.659	11	GGA/GAG/AGG	NA	NA	NA	0	0	0	1	NA	NA	NA	NA	NA
JAJIVP010000056.1_7	7308	10010	2703	-1	0.640	11	AGGA	GENOMAD.158306.CP	9.357e-13	75	0	0	0	1	NA	NA	NA	PF01650;PF10633;COG4249	Uncharacterized protein, contains caspase domain
JAJIVP010000056.1_8	10096	11820	1725	-1	0.663	11	GGA/GAG/AGG	GENOMAD.074816.CV	6.82e-45	176	0	0	0	1	NA	NA	NA	PF14849;COG0706	YidC periplasmic domain
JAJIVP010000056.1_9	11846	12130	285	-1	0.681	11	None	GENOMAD.092643.CV	1.934e-33	124	0	0	0	1	NA	NA	NA	PF00825;TIGR00188;COG0594;K03536	ribonuclease P protein component, eubacterial
JAJIVP010000056.1_10	12322	12462	141	-1	0.660	11	GGAG/GAGG	GENOMAD.096109.CV	6.396e-15	68	0	0	0	1	NA	NA	NA	PF00468;COG0230;TIGR01030	Ribosomal protein L34
JAJIVP010000056.1_11	12705	14033	1329	1	0.663	11	None	GENOMAD.161908.VC	0.0002328	46	0	0	0	1246	Caudoviricetes	NA	NA	PF08299	Bacterial dnaA protein helix-turn-helix
JAJIVP010000056.1_12	14310	15410	1101	1	0.632	11	GGA/GAG/AGG	NA	NA	NA	0	0	0	1	NA	NA	NA	NA	NA
JAJIVP010000056.1_13	16454	17560	1107	1	0.665	11	GGA/GAG/AGG	GENOMAD.095931.CV	3.884e-58	209	0	0	0	1	NA	NA	NA	PF11398;K03629;TIGR00611;COG1195	recF protein
JAJIVP010000056.1_14	17675	20119	2445	1	0.648	11	None	GENOMAD.138195.VC	9.547e-32	137	0	0	0	1246	Caudoviricetes	NA	NA	PF00204;K02622;TIGR01059;COG0187	DNA gyrase, B subunit
JAJIVP010000056.1_15	20188	21024	837	1	0.695	11	AGGA	GENOMAD.177178.CP	7.777e-09	59	0	0	0	1	NA	NA	NA	PF02517	Type II CAAX prenyl endopeptidase Rce1-like
JAJIVP010000056.1_16	21208	21975	768	1	0.639	11	GGA/GAG/AGG	GENOMAD.125981.CP	2.185e-06	51	0	0	0	1246	Caudoviricetes	NA	NA	PF01435;K23010;COG4784	Putative Zn-dependent protease
JAJIVP010000056.1_17	22292	23485	1194	1	0.604	11	GGAG/GAGG	GENOMAD.002725.CC	3.504e-12	71	0	0	0	1	NA	NA	NA	COG2956;K21007	Lipopolysaccharide biosynthesis regulator YciM, contains six TPR domains and a predicted metal-binding C-terminal domain
JAJIVP010000056.1_18	23639	24310	672	1	0.644	11	GGA/GAG/AGG	GENOMAD.136404.CP	7.397e-18	85	0	0	0	1	NA	NA	NA	PF03544;TIGR01352	TonB family C-terminal domain
JAJIVP010000056.1_19	24396	25157	762	1	0.646	11	GGA/GAG/AGG	NA	NA	NA	0	0	0	1	NA	NA	NA	NA	NA
JAJIVP010000056.1_20	25204	25626	423	1	0.600	11	GGAG/GAGG	GENOMAD.124417.CP	5.736e-07	50	0	0	0	1	NA	NA	NA	PF02472;K03560;TIGR02801;COG0848	TolR protein
JAJIVP010000056.1_21	25663	26043	381	1	0.598	11	GGA/GAG/AGG	GENOMAD.124417.CP	0.0009953	40	0	0	0	1	NA	NA	NA	PF02472;K03560;TIGR02801;COG0848	TolR protein
JAJIVP010000056.1_22	26290	26697	408	1	0.615	11	GGAGG	GENOMAD.124417.CP	5.252e-06	47	0	0	0	1	NA	NA	NA	PF02472;K03560;TIGR02801;COG0848	TolR protein
JAJIVP010000056.1_23	26808	26927	120	-1	0.600	11	None	NA	NA	NA	0	0	0	1	NA	NA	NA	NA	NA
JAJIVP010000056.1_24	26952	27719	768	-1	0.678	11	GGA/GAG/AGG	NA	NA	NA	0	0	0	1	NA	NA	NA	NA	NA
JAJIVP010000056.1_25	27727	27996	270	-1	0.674	11	GGAG/GAGG	NA	NA	NA	0	0	0	1	NA	NA	NA	NA	NA
JAJIVP010000056.1_26	28072	29532	1461	-1	0.667	11	None	NA	NA	NA	0	0	0	1	NA	NA	NA	NA	NA
JAJIVP010000056.1_27	29708	30634	927	1	0.542	11	None	NA	NA	NA	0	0	0	1	NA	NA	NA	NA	NA
JAJIVP010000056.1_28	31433	32560	1128	-1	0.660	11	None	GENOMAD.103333.CP	2.103e-59	213	0	0	0	1	NA	NA	NA	NA	NA
JAJIVP010000056.1_29	32774	33487	714	-1	0.637	11	GGA/GAG/AGG	GENOMAD.152228.VC	5.07e-15	77	0	0	1	11688	Kyanoviridae	NA	NA	PF03336;K07336;TIGR02408	Poxvirus C4/C10 protein
JAJIVP010000056.1_30	33749	35089	1341	-1	0.670	11	GGA/GAG/AGG	NA	NA	NA	0	0	0	1	NA	NA	NA	NA	NA
JAJIVP010000056.1_31	35308	36000	693	1	0.672	11	None	GENOMAD.151242.CP	8.159e-08	55	0	0	0	1	NA	NA	NA	COG0705	Membrane associated serine protease, rhomboid family
JAJIVP010000056.1_32	36064	36429	366	1	0.596	11	GGAG/GAGG	GENOMAD.004860.CC	1.824e-30	117	0	0	0	1	NA	NA	NA	PF08850;COG4517	NA
JAJIVP010000056.1_33	36429	37421	993	1	0.700	11	None	NA	NA	NA	0	0	0	1	NA	NA	NA	NA	NA
JAJIVP010000056.1_34	37588	39117	1530	-1	0.682	11	GGAG/GAGG	GENOMAD.195889.CP	8.43e-06	51	0	0	0	1	NA	NA	NA	PF03572;PF14684	Peptidase family S41; Tricorn protease C1 domain
JAJIVP010000056.1_35	39222	40457	1236	-1	0.676	11	None	GENOMAD.105932.CP	4.893e-09	61	0	0	0	1	NA	NA	NA	PF01333;K22719;COG4942;TIGR00830	Septal ring factor EnvC, activator of murein hydrolases AmiA and AmiB
JAJIVP010000056.1_36	40618	41274	657	1	0.651	11	GGAG/GAGG	NA	NA	NA	0	0	0	1	NA	NA	NA	NA	NA
JAJIVP010000056.1_37	41436	43232	1797	1	0.677	11	AGGAG	NA	NA	NA	0	0	0	1	NA	NA	NA	NA	NA
JAJIVP010000056.1_38	43557	44000	444	-1	0.637	11	AGGAG	NA	NA	NA	0	0	0	1	NA	NA	NA	NA	NA
JAJIVP010000056.1_39	44295	45428	1134	-1	0.623	11	AGGAG	NA	NA	NA	0	0	0	1	NA	NA	NA	NA	NA
JAJIVP010000056.1_40	46058	47110	1053	-1	0.611	11	AGGAG	NA	NA	NA	0	0	0	1	NA	NA	NA	NA	NA
JAJIVP010000056.1_41	47878	48951	1074	-1	0.626	11	AGGAG	NA	NA	NA	0	0	0	1	NA	NA	NA	NA	NA
JAJIVP010000056.1_42	49262	50320	1059	1	0.648	11	GGAG/GAGG	NA	NA	NA	0	0	0	1	NA	NA	NA	NA	NA
JAJIVP010000056.1_43	51536	53017	1482	-1	0.682	11	None	GENOMAD.114384.CP	6.397e-41	162	0	0	0	18026	Monodnaviria	NA	NA	PF14691;PF06100;TIGR01317;K00266;COG0493	glutamate synthases, NADH/NADPH, small subunit
JAJIVP010000056.1_44	53036	53227	192	1	0.609	11	GGA/GAG/AGG	NA	NA	NA	0	0	0	1	NA	NA	NA	NA	NA
JAJIVP010000056.1_45	53146	57618	4473	-1	0.682	11	GGAG/GAGG	GENOMAD.120530.CP	5.241e-86	317	0	0	0	1	NA	NA	NA	PF04898;COG0069	Glutamate synthase central domain
JAJIVP010000056.1_46	57821	58201	381	-1	0.648	11	GGAG/GAGG	GENOMAD.208772.PC	1.1e-21	92	0	1	0	1	NA	NA	NA	PF11720;PF04202;COG3895;TIGR02747	Peptidase inhibitor I78 family; Foot protein 3
JAJIVP010000056.1_47	58258	59535	1278	1	0.660	11	None	NA	NA	NA	0	0	0	1	NA	NA	NA	NA	NA
JAJIVP010000056.1_48	59752	60096	345	-1	0.696	11	GGAG/GAGG	NA	NA	NA	0	0	0	1	NA	NA	NA	NA	NA
JAJIVP010000056.1_49	60318	61712	1395	1	0.640	11	GGAG/GAGG	NA	NA	NA	0	0	0	1	NA	NA	NA	NA	NA
JAJIVP010000056.1_50	61709	62743	1035	1	0.643	11	None	NA	NA	NA	0	0	0	1	NA	NA	NA	NA	NA
JAJIVP010000056.1_51	62823	63692	870	-1	0.657	11	AGGAG	NA	NA	NA	0	0	0	1	NA	NA	NA	NA	NA
JAJIVP010000056.1_52	63857	64732	876	1	0.670	11	GGA/GAG/AGG	NA	NA	NA	0	0	0	1	NA	NA	NA	NA	NA
JAJIVP010000056.1_53	64936	65322	387	1	0.672	11	GGAG/GAGG	GENOMAD.141139.CP	8.851e-07	49	0	0	0	1	NA	NA	NA	PF03965;K02171;TIGR02698;COG3682	copper transport repressor, CopY/TcrY family
JAJIVP010000056.1_54	65326	67065	1740	1	0.697	11	AGGAG	NA	NA	NA	0	0	0	1	NA	NA	NA	NA	NA
JAJIVP010000056.1_55	67746	68795	1050	1	0.683	11	GGAG/GAGG	NA	NA	NA	0	0	0	1	NA	NA	NA	NA	NA
JAJIVP010000056.1_56	68883	70013	1131	1	0.698	11	GGA/GAG/AGG	GENOMAD.178415.CP	1.488e-51	190	0	0	0	1	NA	NA	NA	PF13761;PF02571;COG3268;K19064;TIGR00036	Uncharacterized conserved protein, related to short-chain dehydrogenases
JAJIVP010000056.1_57	70152	70937	786	-1	0.645	11	GGAG/GAGG	GENOMAD.216450.PC	1.059e-154	483	0	0	0	1	NA	NA	NA	PF08975;COG5255	NA
JAJIVP010000056.1_58	70948	73605	2658	-1	0.678	11	None	GENOMAD.152082.CP	1.68e-15	84	0	0	0	1	NA	NA	NA	PF00593;PF07715;PF00691;TIGR01782;COG4773;K16089	TonB-dependent receptor
JAJIVP010000056.1_59	73708	74865	1158	1	0.681	11	None	NA	NA	NA	0	0	0	1	NA	NA	NA	NA	NA
JAJIVP010000056.1_60	75054	77198	2145	1	0.636	11	GGAG/GAGG	NA	NA	NA	0	0	0	1	NA	NA	NA	NA	NA
JAJIVP010000056.1_61	77682	79145	1464	-1	0.689	11	GGA/GAG/AGG	GENOMAD.109692.CP	7.78e-153	490	0	0	0	1	NA	NA	NA	PF13482;K07502;COG3359;TIGR01406	Uncharacterized conserved protein YprB, contains RNaseH-like and TPR domains
JAJIVP010000056.1_62	79142	81637	2496	-1	0.661	11	GGAG/GAGG	NA	NA	NA	0	0	0	1	NA	NA	NA	NA	NA
JAJIVP010000056.1_63	81815	82477	663	1	0.668	11	None	NA	NA	NA	0	0	0	1	NA	NA	NA	NA	NA
JAJIVP010000056.1_64	82543	82800	258	1	0.593	11	None	NA	NA	NA	0	0	0	1	NA	NA	NA	NA	NA
JAJIVP010000056.1_65	82788	83090	303	1	0.591	11	None	GENOMAD.166801.CP	9.197e-05	42	0	1	0	1	NA	NA	NA	PF05016;PF02030;COG3668;K11073;TIGR02385	Plasmid stabilization system protein ParE
JAJIVP010000056.1_66	83273	84172	900	-1	0.690	11	AGGAG	NA	NA	NA	0	0	0	1	NA	NA	NA	NA	NA
JAJIVP010000056.1_67	84232	84969	738	-1	0.664	11	GGA/GAG/AGG	NA	NA	NA	0	0	0	1	NA	NA	NA	NA	NA
JAJIVP010000056.1_68	85094	85456	363	1	0.625	11	AGGAG	NA	NA	NA	0	0	0	1	NA	NA	NA	NA	NA
JAJIVP010000056.1_69	86164	87729	1566	1	0.411	11	GGxGG	NA	NA	NA	0	0	0	1	NA	NA	NA	NA	NA
JAJIVP010000056.1_70	87883	88653	771	-1	0.418	11	None	NA	NA	NA	0	0	0	1	NA	NA	NA	NA	NA
JAJIVP010000056.1_71	88660	89508	849	-1	0.462	11	None	NA	NA	NA	0	0	0	1	NA	NA	NA	NA	NA
JAJIVP010000056.1_72	89454	89903	450	-1	0.631	11	GGA/GAG/AGG	GENOMAD.204499.VV	1.316e-71	237	0	0	0	2773	Inoviridae	NA	NA	NA	NA
JAJIVP010000056.1_73	90028	90249	222	-1	0.649	11	AGGAG	NA	NA	NA	0	0	0	1	NA	NA	NA	NA	NA
JAJIVP010000056.1_74	90649	91431	783	-1	0.618	11	GGA/GAG/AGG	NA	NA	NA	0	0	0	1	NA	NA	NA	NA	NA
JAJIVP010000056.1_75	91669	91806	138	1	0.551	11	GGAG/GAGG	NA	NA	NA	0	0	0	1	NA	NA	NA	NA	NA
JAJIVP010000056.1_76	92552	93442	891	-1	0.496	11	GGA/GAG/AGG	NA	NA	NA	0	0	0	1	NA	NA	NA	NA	NA
JAJIVP010000056.1_77	94135	94323	189	-1	0.587	11	GGA/GAG/AGG	GENOMAD.180845.CP	2.981e-08	50	0	0	0	1	NA	NA	NA	PF05532;COG3237	Uncharacterized conserved protein YjbJ, UPF0337 family
JAJIVP010000056.1_78	94560	95729	1170	-1	0.719	11	None	NA	NA	NA	0	0	0	1	NA	NA	NA	NA	NA
JAJIVP010000056.1_79	96033	96473	441	1	0.628	11	GGA/GAG/AGG	GENOMAD.167948.CP	1.099e-21	93	0	0	0	1	NA	NA	NA	PF08327;COG3832;K09386	Activator of Hsp90 ATPase homolog 1-like protein
JAJIVP010000056.1_80	96774	97085	312	-1	0.692	11	None	NA	NA	NA	0	0	0	1	NA	NA	NA	NA	NA
JAJIVP010000056.1_81	97082	98146	1065	-1	0.687	11	GGAGG	GENOMAD.189937.PC	0.0006782	44	0	0	0	1	NA	NA	NA	NA	NA
JAJIVP010000056.1_82	98256	98912	657	-1	0.693	11	GGAG/GAGG	NA	NA	NA	0	0	0	1	NA	NA	NA	NA	NA
JAJIVP010000056.1_83	99170	99622	453	1	0.698	11	GGA/GAG/AGG	NA	NA	NA	0	0	0	1	NA	NA	NA	NA	NA
JAJIVP010000056.1_84	99816	103628	3813	1	0.687	11	GGA/GAG/AGG	GENOMAD.142505.CP	2.114e-51	203	0	0	0	1	NA	NA	NA	PF01435;COG0501	Zn-dependent protease with chaperone function
JAJIVP010000056.1_85	104012	104410	399	1	0.637	11	AGGAG	GENOMAD.189452.CP	2.947e-30	117	0	0	0	1	NA	NA	NA	PF18856;COG5622	Protein required for attachment to host cells
JAJIVP010000056.1_86	104431	104760	330	1	0.636	11	GGAG/GAGG	NA	NA	NA	0	0	0	1	NA	NA	NA	NA	NA
JAJIVP010000056.1_87	105293	106783	1491	1	0.651	11	GGAG/GAGG	NA	NA	NA	0	0	0	1	NA	NA	NA	NA	NA
JAJIVP010000056.1_88	107127	107600	474	-1	0.639	11	None	GENOMAD.172157.CP	9.113e-88	284	0	0	0	1	NA	NA	NA	PF19569;COG2867	START-like superfamily domain
JAJIVP010000056.1_89	107747	108565	819	1	0.678	11	GGA/GAG/AGG	GENOMAD.192568.CP	3.189e-104	338	0	0	0	1	NA	NA	NA	PF12787	EcsC protein family
JAJIVP010000056.1_90	108762	109412	651	1	0.668	11	None	GENOMAD.154704.CP	5.469e-53	187	0	0	0	1	NA	NA	NA	PF06080;TIGR00740;K18534;COG2226	tRNA (cmo5U34)-methyltransferase
JAJIVP010000056.1_91	109672	111453	1782	-1	0.746	11	GGAG/GAGG	GENOMAD.056591.CC	1.703e-15	83	0	0	0	1	NA	NA	NA	PF06283;COG3828	Trehalose utilisation
JAJIVP010000056.1_92	111611	113869	2259	-1	0.739	11	None	GENOMAD.027336.CC	3.043e-45	180	0	0	0	1	NA	NA	NA	NA	NA
JAJIVP010000056.1_93	113866	115065	1200	-1	0.727	11	AGxAGG/AGGxGG	GENOMAD.019425.CC	9.012e-226	696	0	0	0	1	NA	NA	NA	NA	NA
JAJIVP010000056.1_94	115109	116008	900	-1	0.683	11	AGGA/GGAG/GAGG	GENOMAD.132513.CP	1.783e-07	55	0	0	0	1	NA	NA	NA	PF01882;COG1721	Uncharacterized conserved protein, DUF58 family, contains vWF domain
JAJIVP010000056.1_95	116022	117014	993	-1	0.677	11	GGA/GAG/AGG	NA	NA	NA	0	0	0	1	NA	NA	NA	NA	NA
JAJIVP010000056.1_96	117127	117837	711	-1	0.606	11	None	GENOMAD.124497.CP	1.514e-112	360	0	0	0	1	NA	NA	NA	PF13709	NA
JAJIVP010000056.1_97	117942	119276	1335	-1	0.631	11	AGGAG	GENOMAD.064056.CP	1.935e-119	391	0	0	0	1	NA	NA	NA	PF19289;PF01523;COG0312;K03592	Predicted Zn-dependent protease or its inactivated homolog
JAJIVP010000056.1_98	119291	120925	1635	-1	0.646	11	GGAG/GAGG	GENOMAD.074457.CP	2.715e-111	372	0	0	0	1	NA	NA	NA	PF19289;PF01523;K03568;COG0312	Predicted Zn-dependent protease or its inactivated homolog
JAJIVP010000056.1_99	121644	123272	1629	-1	0.647	11	GGAG/GAGG	GENOMAD.074457.CP	1.39e-108	364	0	0	0	1	NA	NA	NA	PF19289;PF01523;K03568;COG0312	Predicted Zn-dependent protease or its inactivated homolog
JAJIVP010000056.1_100	123644	124033	390	-1	0.610	11	GGA/GAG/AGG	NA	NA	NA	0	0	0	1	NA	NA	NA	NA	NA
JAJIVP010000056.1_101	124099	124323	225	-1	0.529	11	None	GENOMAD.171189.CP	2.956e-06	45	0	0	0	1	NA	NA	NA	PF09932;COG5460	Uncharacterized conserved protein, DUF2164 family
JAJIVP010000056.1_102	124471	124713	243	-1	0.613	11	GGAG/GAGG	NA	NA	NA	0	0	0	1	NA	NA	NA	NA	NA
JAJIVP010000056.1_103	124938	125429	492	-1	0.614	11	GGAG/GAGG	GENOMAD.054209.CC	1.4e-52	183	0	0	0	1	NA	NA	NA	TIGR03066	Gemmata obscuriglobus paralogous family TIGR03066
JAJIVP010000056.1_104	125728	126738	1011	-1	0.646	11	GGA/GAG/AGG	NA	NA	NA	0	0	0	1	NA	NA	NA	NA	NA
JAJIVP010000056.1_105	127079	127315	237	-1	0.498	11	AGGAG	NA	NA	NA	0	0	0	1	NA	NA	NA	NA	NA
JAJIVP010000056.1_106	127312	128079	768	-1	0.578	11	None	GENOMAD.214138.CP	7.276e-14	74	0	0	0	1	NA	NA	NA	NA	NA
JAJIVP010000056.1_107	128303	129145	843	-1	0.458	11	AGGA	NA	NA	NA	0	0	0	1	NA	NA	NA	NA	NA
JAJIVP010000056.1_108	129264	130466	1203	-1	0.665	11	GGA/GAG/AGG	GENOMAD.141045.CP	2.265e-09	62	0	0	0	1	NA	NA	NA	PF12897;K00832;COG1448;TIGR03537	Aspartate/tyrosine/aromatic aminotransferase
JAJIVP010000056.1_109	130623	132761	2139	1	0.691	11	GGA/GAG/AGG	GENOMAD.127342.CP	2.897e-16	86	0	0	0	1	NA	NA	NA	PF11854;PF07715;TIGR01776;COG4773;K16090	TonB-dependent lactoferrin and transferrin receptors
JAJIVP010000056.1_110	132872	133168	297	1	0.670	11	None	NA	NA	NA	0	0	0	1	NA	NA	NA	NA	NA
JAJIVP010000056.1_111	133363	133881	519	1	0.659	11	GGAG/GAGG	NA	NA	NA	0	0	0	1	NA	NA	NA	NA	NA
JAJIVP010000056.1_112	134268	135797	1530	1	0.616	11	AGGAG	NA	NA	NA	0	0	0	1	NA	NA	NA	NA	NA
JAJIVP010000056.1_113	135974	136369	396	1	0.621	11	AGGAG	GENOMAD.179052.CP	3.279e-53	183	0	0	0	1	NA	NA	NA	PF05610;K09959;COG3564;TIGR02011	Uncharacterized conserved protein, DUF779 family
JAJIVP010000056.1_114	136472	136651	180	-1	0.694	11	AGGAG	NA	NA	NA	0	0	0	1	NA	NA	NA	NA	NA
JAJIVP010000056.1_115	136802	137200	399	1	0.682	11	GGAG/GAGG	NA	NA	NA	0	0	0	1	NA	NA	NA	NA	NA
JAJIVP010000056.1_116	137200	138159	960	1	0.606	11	GGAG/GAGG	NA	NA	NA	0	0	0	1	NA	NA	NA	NA	NA
JAJIVP010000056.1_117	138297	139463	1167	-1	0.678	11	None	NA	NA	NA	0	0	0	1	NA	NA	NA	NA	NA
JAJIVP010000056.1_118	139603	141117	1515	-1	0.659	11	AGGAG	GENOMAD.148022.CP	1.604e-28	124	0	0	0	1	NA	NA	NA	PF03055;K23363;COG3670	Carotenoid cleavage dioxygenase or a related enzyme
JAJIVP010000056.1_119	141144	141566	423	-1	0.636	11	GGAG/GAGG	GENOMAD.166713.CP	3.919e-22	94	0	0	0	1	NA	NA	NA	PF09912;COG4704	Uncharacterized conserved protein, DUF2141 family
JAJIVP010000056.1_120	141784	142350	567	-1	0.679	11	AGGAG	GENOMAD.169876.CP	8.279e-08	54	0	0	0	1	NA	NA	NA	PF04140;K16168;COG1755;TIGR04571	Uncharacterized protein YpbQ, isoprenylcysteine carboxyl methyltransferase (ICMT) family
JAJIVP010000056.1_121	142507	143610	1104	1	0.682	11	None	GENOMAD.151958.CP	2.411e-06	52	0	0	0	1	NA	NA	NA	PF07730;K11623;COG3920	Two-component sensor histidine kinase, HisKA and HATPase domains
JAJIVP010000056.1_122	143607	144239	633	1	0.687	11	GGA/GAG/AGG	NA	NA	NA	0	0	0	1	NA	NA	NA	NA	NA
JAJIVP010000056.1_123	144839	145237	399	1	0.669	11	GGAG/GAGG	NA	NA	NA	0	0	0	1	NA	NA	NA	NA	NA
JAJIVP010000056.1_124	145476	146075	600	1	0.595	11	GGAG/GAGG	NA	NA	NA	0	0	0	1	NA	NA	NA	NA	NA
JAJIVP010000056.1_125	146210	146608	399	-1	0.589	11	AGGA/GGAG/GAGG	NA	NA	NA	0	0	0	1	NA	NA	NA	NA	NA
JAJIVP010000056.1_126	146605	149952	3348	-1	0.676	11	None	GENOMAD.192015.CP	1.581e-37	157	0	0	0	1	NA	NA	NA	PF17874;PF10137;K09667;TIGR00540;COG3071	MalT-like TPR region; Predicted nucleotide-binding protein containing TIR-like domain
JAJIVP010000056.1_127	150232	151440	1209	1	0.639	11	AGGAG	GENOMAD.159854.CP	2.681e-179	562	0	0	0	1	NA	NA	NA	PF12242;PF07055;PF12241;K00209;COG3007;TIGR01829	Trans-2-enoyl-CoA reductase
JAJIVP010000056.1_128	151607	151894	288	1	0.601	11	None	NA	NA	NA	0	0	0	1	NA	NA	NA	NA	NA
JAJIVP010000056.1_129	152077	153099	1023	-1	0.682	11	GGAG/GAGG	NA	NA	NA	0	0	0	1	NA	NA	NA	NA	NA
JAJIVP010000056.1_130	153386	156166	2781	1	0.647	11	GGAGG	GENOMAD.152082.CP	1.638e-81	296	0	0	0	1	NA	NA	NA	PF00593;PF07715;PF00691;TIGR01782;COG4773;K16089	TonB-dependent receptor
JAJIVP010000056.1_131	156531	160397	3867	1	0.646	11	AGGAG	GENOMAD.219526.VC	0.0	2057	0	0	0	1	NA	NA	NA	NA	NA
JAJIVP010000056.1_132	160935	161780	846	1	0.448	11	AGGA	NA	NA	NA	0	0	0	1	NA	NA	NA	NA	NA
JAJIVP010000056.1_133	162220	164850	2631	1	0.560	11	GGA/GAG/AGG	GENOMAD.167640.PC	4.122e-72	266	0	0	0	1	NA	NA	NA	PF13166;TIGR00606;COG4694;K02045	rad50
JAJIVP010000056.1_134	165245	165634	390	1	0.679	11	AGGAG	NA	NA	NA	0	0	0	1	NA	NA	NA	NA	NA
JAJIVP010000056.1_135	165924	166193	270	1	0.600	11	GGA/GAG/AGG	NA	NA	NA	0	0	0	1	NA	NA	NA	NA	NA
JAJIVP010000056.1_136	166426	166782	357	1	0.546	11	GGAG/GAGG	NA	NA	NA	0	0	0	1	NA	NA	NA	NA	NA
JAJIVP010000056.1_137	166884	167027	144	1	0.569	11	None	NA	NA	NA	0	0	0	1	NA	NA	NA	NA	NA
JAJIVP010000056.1_138	167438	167758	321	1	0.620	11	GGAGG	GENOMAD.003164.PP	0.0001128	42	0	0	0	1	NA	NA	NA	PF07424	TrbM
JAJIVP010000056.1_139	168757	169020	264	-1	0.591	11	GGA/GAG/AGG	NA	NA	NA	0	0	0	1	NA	NA	NA	NA	NA
JAJIVP010000056.1_140	169120	169614	495	-1	0.622	11	AGGAG	NA	NA	NA	0	0	0	1	NA	NA	NA	NA	NA
JAJIVP010000056.1_141	169622	170110	489	-1	0.636	11	GGA/GAG/AGG	GENOMAD.180345.CP	4.089e-22	95	0	0	0	1	NA	NA	NA	PF20024;K03712;TIGR04472;COG5631	mobile rSAM pair MarR family regulator
JAJIVP010000056.1_142	170976	174092	3117	1	0.661	11	GGAG/GAGG	NA	NA	NA	0	0	0	1	NA	NA	NA	NA	NA
JAJIVP010000056.1_143	174089	177439	3351	1	0.656	11	AGGAG	NA	NA	NA	0	0	0	1	NA	NA	NA	NA	NA
JAJIVP010000056.1_144	177439	179634	2196	1	0.660	11	AGGAG	GENOMAD.154880.CP	3.92e-21	102	0	0	0	1246	Caudoviricetes	NA	NA	PF02806	Alpha amylase, C-terminal all-beta domain
JAJIVP010000056.1_145	179770	180321	552	1	0.656	11	None	GENOMAD.106711.CP	3.646e-33	128	0	0	0	1	NA	NA	NA	PF12850;K07095;TIGR00040;COG0622	phosphoesterase, MJ0936 family
JAJIVP010000056.1_146	180459	181538	1080	1	0.654	11	None	NA	NA	NA	0	0	0	1	NA	NA	NA	NA	NA
JAJIVP010000056.1_147	181584	183206	1623	-1	0.677	11	AGGAG	GENOMAD.178810.CP	7.341e-32	135	0	0	0	1	NA	NA	NA	PF19465;PF00135;K01753;TIGR02035;COG3048	D-serine ammonia-lyase
JAJIVP010000056.1_148	183203	184279	1077	-1	0.694	11	GGAGG	NA	NA	NA	0	0	0	1	NA	NA	NA	NA	NA
JAJIVP010000056.1_149	184418	185239	822	1	0.662	11	GGAG/GAGG	GENOMAD.182377.PC	3.47e-33	132	0	0	0	1	NA	NA	NA	PF01557;K02554;TIGR03218;COG3971	4-oxalocrotonate decarboxylase
JAJIVP010000056.1_150	185277	186275	999	1	0.651	11	GGAGG	NA	NA	NA	0	0	0	1	NA	NA	NA	NA	NA
JAJIVP010000056.1_151	186286	186807	522	1	0.663	11	GGAG/GAGG	GENOMAD.140917.CP	2.547e-23	99	0	0	0	1	NA	NA	NA	PF04290;COG4665;K21394	TRAP-type mannitol/chloroaromatic compound transport system, small permease component
JAJIVP010000056.1_152	186807	188090	1284	1	0.639	11	GGAGG	NA	NA	NA	0	0	0	1	NA	NA	NA	NA	NA
JAJIVP010000056.1_153	188284	189867	1584	1	0.667	11	AGGAG	GENOMAD.151274.CP	0.0003	46	0	0	0	1246	Caudoviricetes	NA	NA	K15921;COG3940	Beta-xylosidase, GH43 family
JAJIVP010000056.1_154	190009	191067	1059	1	0.686	11	None	NA	NA	NA	0	0	0	1	NA	NA	NA	NA	NA
JAJIVP010000056.1_155	191489	192343	855	1	0.646	11	GGAG/GAGG	GENOMAD.170246.CP	9.821e-59	207	0	0	0	1	NA	NA	NA	NA	NA
JAJIVP010000056.1_156	192526	193281	756	1	0.656	11	AGGAG	NA	NA	NA	0	0	0	1	NA	NA	NA	NA	NA
JAJIVP010000056.1_157	193515	194177	663	1	0.633	11	GGAG/GAGG	NA	NA	NA	0	0	0	1	NA	NA	NA	NA	NA
JAJIVP010000056.1_158	194400	195512	1113	1	0.650	11	GGAG/GAGG	GENOMAD.161503.CP	0.0007288	44	0	0	0	1	NA	NA	NA	PF05523;K07155;TIGR04366;COG3837	cupin fold metalloprotein, WbuC family
JAJIVP010000056.1_159	195739	196383	645	-1	0.684	11	None	NA	NA	NA	0	0	0	1	NA	NA	NA	NA	NA
JAJIVP010000056.1_160	196521	197411	891	-1	0.652	11	GGA/GAG/AGG	NA	NA	NA	0	0	0	1	NA	NA	NA	NA	NA
JAJIVP010000056.1_161	197540	198022	483	1	0.681	11	None	GENOMAD.140723.CP	8.41e-22	94	0	0	0	1	NA	NA	NA	PF17805;PF02295;K05800;COG1522;TIGR02702	DNA-binding transcriptional regulator, Lrp family
JAJIVP010000056.1_162	198316	200514	2199	1	0.651	11	GGA/GAG/AGG	GENOMAD.136702.CP	2.292e-128	430	0	0	0	1	NA	NA	NA	K16088;COG4773	Outer membrane receptor for ferric coprogen and ferric-rhodotorulic acid
JAJIVP010000056.1_163	201060	202103	1044	-1	0.662	11	None	NA	NA	NA	0	0	0	1	NA	NA	NA	NA	NA
JAJIVP010000056.1_164	202278	203651	1374	1	0.663	11	None	NA	NA	NA	0	0	0	1	NA	NA	NA	NA	NA
JAJIVP010000056.1_165	203680	204687	1008	-1	0.699	11	AGGAG	NA	NA	NA	0	0	0	1	NA	NA	NA	NA	NA
JAJIVP010000056.1_166	204885	205730	846	-1	0.662	11	None	NA	NA	NA	0	0	0	1	NA	NA	NA	NA	NA
JAJIVP010000056.1_167	205878	207083	1206	1	0.648	11	GGAG/GAGG	NA	NA	NA	0	0	0	1	NA	NA	NA	NA	NA
JAJIVP010000056.1_168	207103	207468	366	1	0.661	11	GGA/GAG/AGG	NA	NA	NA	0	0	0	1	NA	NA	NA	NA	NA
JAJIVP010000056.1_169	207517	208254	738	1	0.667	11	None	NA	NA	NA	0	0	0	1	NA	NA	NA	NA	NA
JAJIVP010000056.1_170	208251	209723	1473	1	0.654	11	None	NA	NA	NA	0	0	0	1	NA	NA	NA	NA	NA
JAJIVP010000056.1_171	209914	210966	1053	-1	0.683	11	None	GENOMAD.123263.CP	2.161e-11	68	0	0	0	1	NA	NA	NA	PF19488;K11717;TIGR01814;COG3844	kynureninase
JAJIVP010000056.1_172	211215	212450	1236	1	0.659	11	None	GENOMAD.028111.CC	0.0001025	47	0	0	0	1	NA	NA	NA	PF08020;TIGR03440;COG4283;K18912	ergothioneine biosynthesis protein EgtB
JAJIVP010000056.1_173	212447	213433	987	1	0.652	11	AGGA	GENOMAD.146319.CP	3.28e-35	140	0	0	0	1	NA	NA	NA	PF10017;K18884;TIGR03439;COG4301	probable methyltransferase domain, EasF family
JAJIVP010000056.1_174	213829	217536	3708	-1	0.663	11	None	GENOMAD.137972.CP	6.945e-184	613	0	0	0	1	NA	NA	NA	PF01855;PF17147;K04090;TIGR03336;COG4231	indolepyruvate ferredoxin oxidoreductase, alpha subunit
JAJIVP010000056.1_175	217786	218367	582	1	0.691	11	GGAGG	GENOMAD.177989.CP	6.157e-93	301	0	0	0	1	NA	NA	NA	PF09976;COG3063;TIGR03302	Tetratricopeptide repeat-like domain
JAJIVP010000056.1_176	219100	220119	1020	1	0.656	11	GGAG/GAGG	GENOMAD.129517.CP	1.017e-25	112	0	0	0	1	NA	NA	NA	PF13593;K24180;TIGR00946;COG0679	he Auxin Efflux Carrier (AEC) Family
JAJIVP010000056.1_177	220443	221075	633	1	0.662	11	GGAG/GAGG	NA	NA	NA	0	0	0	1	NA	NA	NA	NA	NA
JAJIVP010000056.1_178	221091	221567	477	1	0.709	11	GGA/GAG/AGG	GENOMAD.133985.CP	2.941e-14	72	0	0	0	1	NA	NA	NA	PF00300;K08296;TIGR00249;COG2062	phosphohistidine phosphatase SixA
JAJIVP010000056.1_179	221571	222143	573	1	0.634	11	GGxGG	GENOMAD.138165.CP	8.624e-09	57	0	0	0	1	NA	NA	NA	PF04264;COG2353	Polyisoprenoid-binding periplasmic protein YceI
JAJIVP010000056.1_180	222140	224158	2019	1	0.668	11	AGGAGG	NA	NA	NA	0	0	0	1	NA	NA	NA	NA	NA
JAJIVP010000056.1_181	224434	224862	429	1	0.655	11	None	GENOMAD.142661.CP	2.226e-29	115	0	0	0	1	NA	NA	NA	PF14539;K24147;TIGR02447;COG2050	thioesterase domain, putative
JAJIVP010000056.1_182	224980	225783	804	1	0.675	11	None	GENOMAD.120720.CV	4.28e-23	102	0	0	0	1	NA	NA	NA	PF19576;K22617;TIGR00530;COG3176	Acyltransferase
JAJIVP010000056.1_183	225843	226832	990	1	0.674	11	None	GENOMAD.086420.CP	4.702e-59	210	0	0	0	1	NA	NA	NA	PF00561;K07019;COG0429;TIGR02240	Predicted hydrolase of the alpha/beta-hydrolase fold
JAJIVP010000056.1_184	226829	227086	258	1	0.640	11	None	NA	NA	NA	0	0	0	1	NA	NA	NA	NA	NA
JAJIVP010000056.1_185	227236	229308	2073	1	0.709	11	GGA/GAG/AGG	GENOMAD.121720.CP	2.858e-09	63	0	0	0	1	NA	NA	NA	PF13429;COG5010;TIGR02521;K02656	Flp pilus assembly protein TadD, contains TPR repeats
JAJIVP010000056.1_186	229499	230110	612	1	0.670	11	GGAG/GAGG	NA	NA	NA	0	0	0	1	NA	NA	NA	NA	NA
JAJIVP010000056.1_187	230190	231200	1011	1	0.673	11	GGA/GAG/AGG	NA	NA	NA	0	0	0	1	NA	NA	NA	NA	NA
JAJIVP010000056.1_188	231256	232071	816	-1	0.701	11	GGAG/GAGG	GENOMAD.179467.CP	2.01e-26	112	0	0	0	1	NA	NA	NA	PF14302;PF03724;K03668;COG3187;TIGR03066	Heat shock protein HslJ
JAJIVP010000056.1_189	232312	233109	798	-1	0.649	11	None	GENOMAD.123894.CP	9.8e-38	145	0	0	0	1	NA	NA	NA	K06153;COG1968	Undecaprenyl pyrophosphate phosphatase
JAJIVP010000056.1_190	233331	234740	1410	1	0.628	11	GGAG/GAGG	GENOMAD.120657.CP	6.666e-24	109	0	0	0	1	NA	NA	NA	PF00120;COG3968;TIGR03105;K01915	Glutamine synthetase type III
JAJIVP010000056.1_191	235014	235352	339	1	0.646	11	None	GENOMAD.000475.CC	0.0006682	40	0	0	0	1	NA	NA	NA	PF06153;COG3870;K02590	Cyclic-di-AMP receptor
JAJIVP010000056.1_192	235375	236817	1443	1	0.671	11	GGAG/GAGG	NA	NA	NA	0	0	0	1	NA	NA	NA	NA	NA
JAJIVP010000056.1_193	237100	238137	1038	1	0.697	11	None	NA	NA	NA	0	0	0	1	NA	NA	NA	NA	NA
JAJIVP010000056.1_194	238130	239557	1428	1	0.689	11	AGGAG	NA	NA	NA	0	0	0	1	NA	NA	NA	NA	NA
JAJIVP010000056.1_195	239925	240527	603	1	0.721	11	AGGAG	NA	NA	NA	0	0	0	1	NA	NA	NA	NA	NA
JAJIVP010000056.1_196	240576	241223	648	1	0.684	11	AGGAG	NA	NA	NA	0	0	0	1	NA	NA	NA	NA	NA
JAJIVP010000056.1_197	241757	242194	438	-1	0.667	11	GGA/GAG/AGG	GENOMAD.146194.CP	6.146e-28	111	0	0	0	1	NA	NA	NF000496	PF19581;COG3607;TIGR03645;K08234	Predicted lactoylglutathione lyase
JAJIVP010000056.1_198	242191	243075	885	-1	0.687	11	None	GENOMAD.037431.CC	2.704e-143	452	0	0	0	1	NA	NA	NA	NA	NA
JAJIVP010000056.1_199	243179	244459	1281	1	0.680	11	GGA/GAG/AGG	NA	NA	NA	0	0	0	1	NA	NA	NA	NA	NA
JAJIVP010000056.1_200	244682	245947	1266	-1	0.673	11	GGAG/GAGG	GENOMAD.112670.CP	8.05e-24	108	0	0	0	1	NA	NA	NA	PF07219;PF16918;K02498;TIGR00540;COG3071	heme biosynthesis-associated TPR protein
JAJIVP010000056.1_201	245944	246921	978	-1	0.695	11	GGAG/GAGG	GENOMAD.018427.CC	7.369e-191	591	0	0	0	1	NA	NA	NA	PF04375;COG2959	Uncharacterized conserved protein HemX (no evidence of involvement in heme biosynthesis)
JAJIVP010000056.1_202	247025	247804	780	-1	0.700	11	None	GENOMAD.120512.CP	6.874e-98	319	0	0	0	1	NA	NA	NA	PF02602;K13543;COG1587	Uroporphyrinogen-III synthase HemD
JAJIVP010000056.1_203	248008	248817	810	1	0.633	11	GGAG/GAGG	NA	NA	NA	0	0	0	1	NA	NA	NA	NA	NA
JAJIVP010000056.1_204	249069	249611	543	1	0.657	11	None	GENOMAD.169209.CP	1.93e-39	146	0	0	0	1	NA	NA	NA	PF09500;TIGR02447;COG2050;K02614	thioesterase domain, putative
JAJIVP010000056.1_205	249640	250062	423	1	0.674	11	GGA/GAG/AGG	GENOMAD.030230.CC	1.981e-46	164	0	0	0	1	NA	NA	NA	PF12870	NA
JAJIVP010000056.1_206	250138	250572	435	1	0.653	11	None	NA	NA	NA	0	0	0	1	NA	NA	NA	NA	NA
JAJIVP010000056.1_207	250682	251194	513	1	0.637	11	GGAG/GAGG	NA	NA	NA	0	0	0	1	NA	NA	NA	NA	NA
JAJIVP010000056.1_208	251210	252235	1026	1	0.677	11	None	NA	NA	NA	0	0	0	1	NA	NA	NA	NA	NA
JAJIVP010000056.1_209	252700	253296	597	-1	0.593	11	GGA/GAG/AGG	GENOMAD.206109.CP	5.844e-96	310	0	0	0	1	NA	NA	NA	PF06316;TIGR04273	sulfation-dependent quorum factor, Ax21 family
JAJIVP010000056.1_210	253654	255381	1728	1	0.637	11	GGAG/GAGG	NA	NA	NA	0	0	0	1	NA	NA	NA	NA	NA
JAJIVP010000056.1_211	255431	256873	1443	1	0.689	11	GGA/GAG/AGG	NA	NA	NA	0	0	0	1	NA	NA	NA	NA	NA
JAJIVP010000056.1_212	256858	258201	1344	1	0.684	11	GGAG/GAGG	NA	NA	NA	0	0	0	1	NA	NA	NA	NA	NA
JAJIVP010000056.1_213	258392	259144	753	1	0.732	11	AGGAG	GENOMAD.193021.PC	2.732e-23	102	0	0	0	1	NA	NA	NA	NA	NA
JAJIVP010000056.1_214	259247	259864	618	1	0.663	11	GGAG/GAGG	GENOMAD.193021.PC	4.29e-19	88	0	0	0	1	NA	NA	NA	NA	NA
JAJIVP010000056.1_215	259957	261186	1230	1	0.685	11	GGAG/GAGG	GENOMAD.194979.PC	5.955e-74	257	0	0	0	1	NA	NA	NA	PF03825;TIGR00892;COG2223;K05820	Nucleoside H+ symporter
JAJIVP010000056.1_216	261536	262012	477	-1	0.639	11	None	NA	NA	NA	0	0	0	1	NA	NA	NA	NA	NA
JAJIVP010000056.1_217	262039	262500	462	-1	0.714	11	GGA/GAG/AGG	NA	NA	NA	0	0	0	1	NA	NA	NA	NA	NA
JAJIVP010000056.1_218	262887	263207	321	1	0.670	11	GGA/GAG/AGG	GENOMAD.019745.CC	8.659e-16	74	0	0	0	1	NA	NA	NA	PF13698;PF08139;COG4380	Prokaryotic membrane lipoprotein lipid attachment site
JAJIVP010000056.1_219	263309	264325	1017	1	0.645	11	None	NA	NA	NA	0	0	0	1	NA	NA	NA	NA	NA
JAJIVP010000056.1_220	264409	265548	1140	1	0.568	11	AGxAGG/AGGxGG	NA	NA	NA	0	0	0	1	NA	NA	NA	NA	NA
JAJIVP010000056.1_221	265697	266599	903	1	0.635	11	GGA/GAG/AGG	NA	NA	NA	0	0	0	1	NA	NA	NA	NA	NA
JAJIVP010000056.1_222	266755	267138	384	-1	0.674	11	GGA/GAG/AGG	NA	NA	NA	0	0	0	1	NA	NA	NA	NA	NA
JAJIVP010000056.1_223	267441	269120	1680	1	0.680	11	None	NA	NA	NA	0	0	0	1	NA	NA	NA	NA	NA
JAJIVP010000056.1_224	269348	270358	1011	1	0.656	11	GGAG/GAGG	NA	NA	NA	0	0	0	1	NA	NA	NA	NA	NA
JAJIVP010000056.1_225	270423	270581	159	1	0.553	11	GGA/GAG/AGG	GENOMAD.170307.CP	2.349e-06	44	0	0	0	1	NA	NA	NA	PF07043;COG5487	Uncharacterized membrane protein YtjA, UPF0391 family
JAJIVP010000056.1_226	270770	271873	1104	-1	0.645	11	AGGAG	NA	NA	NA	0	0	0	1	NA	NA	NA	NA	NA
JAJIVP010000056.1_227	272108	272752	645	1	0.710	11	None	GENOMAD.001958.CC	8.94e-25	105	0	0	0	1	NA	NA	NA	PF14864;COG3165;K03690	Ubiquinone biosynthesis protein UbiJ, contains SCP2 domain
JAJIVP010000056.1_228	272749	274422	1674	1	0.657	11	GGAGG	NA	NA	NA	0	0	0	1	NA	NA	NA	NA	NA
JAJIVP010000056.1_229	274432	274935	504	1	0.673	11	GGA/GAG/AGG	GENOMAD.159343.CP	6.096e-29	115	0	0	0	1	NA	NA	NA	PF14499;TIGR03404;COG3257;K01569	bicupin, oxalate decarboxylase family
JAJIVP010000056.1_230	275228	275944	717	1	0.656	11	GGA/GAG/AGG	NA	NA	NA	0	0	0	1	NA	NA	NA	NA	NA
JAJIVP010000056.1_231	276121	276663	543	-1	0.665	11	AGGA	GENOMAD.019134.CC	1.457e-85	279	0	0	0	1	NA	NA	NA	PF09832;COG3184	Uncharacterized protein, contains DUF2059 domain
JAJIVP010000056.1_232	276755	277186	432	1	0.690	11	None	NA	NA	NA	0	0	0	1	NA	NA	NA	NA	NA
JAJIVP010000056.1_233	277189	277818	630	1	0.665	11	GGAG/GAGG	NA	NA	NA	0	0	0	1	NA	NA	NA	NA	NA
JAJIVP010000056.1_234	277907	278923	1017	1	0.677	11	GGAG/GAGG	GENOMAD.141113.CP	3.774e-19	92	0	0	0	1	NA	NA	NA	PF01112;K01444;COG1446	Isoaspartyl peptidase or L-asparaginase, Ntn-hydrolase superfamily
JAJIVP010000056.1_235	279032	281215	2184	1	0.630	11	AGGA	NA	NA	NA	0	0	0	1	NA	NA	NA	NA	NA
JAJIVP010000056.1_236	281469	282398	930	-1	0.673	11	None	NA	NA	NA	0	0	0	1	NA	NA	NA	NA	NA
JAJIVP010000056.1_237	282398	283366	969	-1	0.678	11	None	GENOMAD.136647.CP	4.691e-87	291	0	0	0	1	NA	NA	NA	PF12706;K03476;COG2220;TIGR03307	L-ascorbate metabolism protein UlaG, beta-lactamase superfamily
JAJIVP010000056.1_238	283665	284297	633	1	0.665	11	None	GENOMAD.152184.PC	4.03e-23	100	0	0	0	1	NA	NA	NA	PF14246	AefR-like transcriptional repressor, C-terminal domain
JAJIVP010000056.1_239	284459	284806	348	-1	0.638	11	AGGAG	GENOMAD.167065.CP	1.261e-39	143	0	0	0	1	NA	NA	NA	PF14506;K06996;COG3324;TIGR00068	Predicted enzyme related to lactoylglutathione lyase
JAJIVP010000056.1_240	284875	285603	729	-1	0.676	11	GGA/GAG/AGG	GENOMAD.147380.CP	1.409e-43	161	0	0	0	1	NA	NA	NA	PF20240;PF12833;K13631;COG2207	AraC-type DNA-binding domain and AraC-containing proteins
JAJIVP010000056.1_241	285748	287010	1263	-1	0.663	11	GGA/GAG/AGG	NA	NA	NA	0	0	0	1	NA	NA	NA	NA	NA
JAJIVP010000056.1_242	287364	288320	957	-1	0.635	11	None	GENOMAD.124080.CP	1.564e-05	49	0	0	0	1	NA	NA	NA	PF03466;PF00126;TIGR02424;K17737;COG0583	pca operon transcription factor PcaQ
JAJIVP010000056.1_243	288421	290055	1635	1	0.664	11	GGA/GAG/AGG	NA	NA	NA	0	0	0	1	NA	NA	NA	NA	NA
JAJIVP010000056.1_244	290215	291510	1296	1	0.625	11	AGGAG	NA	NA	NA	0	0	0	1	NA	NA	NA	NA	NA
JAJIVP010000056.1_245	291810	292868	1059	1	0.662	11	GGA/GAG/AGG	NA	NA	NA	0	0	0	1	NA	NA	NA	NA	NA
JAJIVP010000056.1_246	292872	295385	2514	1	0.602	11	None	NA	NA	NA	0	0	0	1	NA	NA	NA	NA	NA
JAJIVP010000056.1_247	295874	297034	1161	1	0.584	11	GGAG/GAGG	GENOMAD.153667.CP	0.0001885	46	0	0	0	1	NA	NA	NA	PF18679;K05897;TIGR04511;COG3560	putative peptide maturation dehydrogenase
JAJIVP010000056.1_248	297264	299348	2085	-1	0.645	11	GGAG/GAGG	NA	NA	NA	0	0	0	1	NA	NA	NA	NA	NA
JAJIVP010000056.1_249	299448	301475	2028	-1	0.670	11	GGA/GAG/AGG	NA	NA	NA	0	0	0	1	NA	NA	NA	NA	NA
JAJIVP010000056.1_250	301716	303326	1611	-1	0.653	11	GGAG/GAGG	GENOMAD.114541.CP	1.882e-60	222	0	0	0	1	NA	NA	NA	PF01039;K01604;TIGR01117;COG4799	methylmalonyl-CoA decarboxylase alpha subunit
JAJIVP010000056.1_251	303337	304500	1164	-1	0.655	11	GGAG/GAGG	NA	NA	NA	0	0	0	1	NA	NA	NA	NA	NA
JAJIVP010000056.1_252	304629	305249	621	1	0.675	11	None	GENOMAD.140552.CP	1.196e-08	57	0	0	0	1	NA	NA	NA	PF13022;PF13305;TIGR03384;COG3226;K03577	transcriptional repressor BetI
JAJIVP010000056.1_253	305336	305710	375	1	0.672	11	GGAG/GAGG	GENOMAD.120494.PC	1.549e-33	126	0	0	0	1	NA	NA	NA	PF09722;COG5642;TIGR02293	Uncharacterized conserved protein, DUF2384 family
JAJIVP010000056.1_254	305707	306231	525	1	0.682	11	GGA/GAG/AGG	GENOMAD.124316.PC	4.005e-37	139	0	0	0	1	NA	NA	NA	PF08808;COG5654	Uncharacterized conserved protein, contains RES domain
JAJIVP010000056.1_255	306338	306673	336	-1	0.652	11	AGGA	GENOMAD.219541.CP	0.0001328	42	0	0	0	1	NA	NA	NA	PF11804	NA
JAJIVP010000056.1_256	306670	308289	1620	-1	0.656	11	GGAG/GAGG	GENOMAD.170158.CP	6.83e-161	516	0	0	0	1	NA	NA	NA	PF03929;COG3182	PepSY-associated TM region
JAJIVP010000056.1_257	308286	308597	312	-1	0.689	11	GGxGG	GENOMAD.216216.PC	1.406e-09	56	0	0	0	1	NA	NA	NA	PF12365	NA
JAJIVP010000056.1_258	308779	309423	645	-1	0.657	11	AGGAG	GENOMAD.207164.CP	1.665e-83	275	0	0	0	1	NA	NA	NA	PF10670;COG5266;K10094	Uncharacterized conserved protein, contains GH25 family domain
JAJIVP010000056.1_259	309706	310224	519	1	0.642	11	GGA/GAG/AGG	GENOMAD.145284.CP	2.459e-84	275	0	0	0	1	NA	NA	NA	PF09086;COG3245;TIGR04494;K12263	Cytochrome c5
JAJIVP010000056.1_260	310501	312219	1719	1	0.679	11	GGAG/GAGG	GENOMAD.159408.CP	2.164e-89	309	0	0	0	1	NA	NA	NA	PF19580;PF18942;K07004;COG2374;TIGR03395	Predicted extracellular nuclease
JAJIVP010000056.1_261	312275	312718	444	1	0.516	11	GGAGG	NA	NA	NA	0	0	0	1	NA	NA	NA	NA	NA
JAJIVP010000056.1_262	312809	313186	378	-1	0.701	11	GGA/GAG/AGG	GENOMAD.016773.CC	1.695e-16	77	0	0	0	1	NA	NA	NA	PF03203	MerC mercury resistance protein
JAJIVP010000056.1_263	313248	314573	1326	1	0.675	11	GGA/GAG/AGG	GENOMAD.158697.CP	8.322e-16	83	0	0	0	1	NA	NA	NA	PF07683;TIGR02475;COG0523;K02234	cobalamin biosynthesis protein CobW
JAJIVP010000056.1_264	314737	315312	576	-1	0.627	11	None	NA	NA	NA	0	0	0	1	NA	NA	NA	NA	NA
JAJIVP010000056.1_265	316048	316923	876	-1	0.647	11	None	GENOMAD.007407.CC	1.785e-64	224	0	0	0	1	NA	NA	NA	PF06800;TIGR03340;COG5070;K15270	phosphonate utilization associated putative membrane protein
JAJIVP010000056.1_266	316990	317652	663	1	0.667	11	None	GENOMAD.118620.CP	1.147e-35	137	0	0	0	1	NA	NA	NA	PF08538;K07018;COG2945;TIGR03100	Alpha/beta superfamily hydrolase
JAJIVP010000056.1_267	317734	318828	1095	1	0.647	11	GGAG/GAGG	GENOMAD.133423.CP	5.904e-47	176	0	0	0	1	NA	NA	NA	PF03969;K06916;COG1485;TIGR03420	Predicted ATPase
JAJIVP010000056.1_268	319228	319689	462	1	0.647	11	None	NA	NA	NA	0	0	0	1	NA	NA	NA	NA	NA
JAJIVP010000056.1_269	319786	320214	429	1	0.667	11	GGA/GAG/AGG	GENOMAD.158031.CP	4.637e-21	91	0	0	0	1	NA	NA	NA	PF02566;K04063;COG1765;TIGR03561	Uncharacterized OsmC-related protein
JAJIVP010000056.1_270	320449	321252	804	-1	0.689	11	GGA/GAG/AGG	GENOMAD.038780.CC	6.986e-128	406	0	0	0	1	NA	NA	NA	NA	NA
JAJIVP010000056.1_271	321472	321888	417	1	0.662	11	GGAG/GAGG	NA	NA	NA	0	0	0	1	NA	NA	NA	NA	NA
JAJIVP010000056.1_272	322198	323400	1203	-1	0.633	11	GGAG/GAGG	GENOMAD.047390.PP	1.848e-33	137	0	0	0	1	NA	NA	NA	NA	NA
JAJIVP010000056.1_273	323579	324607	1029	-1	0.656	11	GGA/GAG/AGG	NA	NA	NA	0	0	0	1	NA	NA	NA	NA	NA
JAJIVP010000056.1_274	324742	325713	972	-1	0.651	11	AGGAG	NA	NA	NA	0	0	0	1	NA	NA	NA	NA	NA
JAJIVP010000056.1_275	325947	326801	855	1	0.646	11	GGAG/GAGG	GENOMAD.171333.CP	6.274e-84	280	0	0	0	1	NA	NA	NA	PF05891;COG4798;TIGR00740;K23095	Predicted methyltransferase
JAJIVP010000056.1_276	326894	327466	573	1	0.688	11	AGGA	GENOMAD.106866.CP	6.661e-17	81	0	0	0	1246	Caudoviricetes	NA	NA	COG1187	16S rRNA U516 pseudouridylate synthase RsuA and related 23S rRNA U2605, pseudouridylate synthases
JAJIVP010000056.1_277	327797	328228	432	-1	0.690	11	AGGA	NA	NA	NA	0	0	0	1	NA	NA	NA	NA	NA
JAJIVP010000056.1_278	328695	331196	2502	-1	0.709	11	None	GENOMAD.094115.CP	3.961e-95	335	0	0	0	1	NA	NA	NA	PF08482	ATP-dependent helicase C-terminal
JAJIVP010000056.1_279	331428	331712	285	1	0.593	11	GGA/GAG/AGG	NA	NA	NA	0	0	0	1	NA	NA	NA	NA	NA
JAJIVP010000056.1_280	331889	332362	474	-1	0.643	11	GGA/GAG/AGG	NA	NA	NA	0	0	0	1	NA	NA	NA	NA	NA
JAJIVP010000056.1_281	332530	332862	333	-1	0.706	11	GGA/GAG/AGG	NA	NA	NA	0	0	0	1	NA	NA	NA	NA	NA
JAJIVP010000056.1_282	332859	334280	1422	-1	0.680	11	GGAGG	NA	NA	NA	0	0	0	1	NA	NA	NA	NA	NA
JAJIVP010000056.1_283	334277	334768	492	-1	0.677	11	GGA/GAG/AGG	NA	NA	NA	0	0	0	1	NA	NA	NA	NA	NA
JAJIVP010000056.1_284	334765	335160	396	-1	0.646	11	GGA/GAG/AGG	GENOMAD.205524.PC	2.325e-32	123	0	0	0	1	NA	NA	NA	PF11533;TIGR02246;COG4319;K01822	conserved hypothetical protein
JAJIVP010000056.1_285	335157	336047	891	-1	0.657	11	GGA/GAG/AGG	GENOMAD.161566.CP	4.513e-09	60	0	0	0	1	NA	NA	NA	PF01522;K16842;TIGR03212;COG3233	putative urate catabolism protein
JAJIVP010000056.1_286	336044	337300	1257	-1	0.688	11	GGAG/GAGG	NA	NA	NA	0	0	0	1	NA	NA	NA	NA	NA
JAJIVP010000056.1_287	337290	338510	1221	-1	0.700	11	GGxGG	NA	NA	NA	0	0	0	1	NA	NA	NA	NA	NA
JAJIVP010000056.1_288	339078	340073	996	-1	0.663	11	None	NA	NA	NA	0	0	0	1	NA	NA	NA	NA	NA
JAJIVP010000056.1_289	340376	341263	888	1	0.632	11	GGAGG	GENOMAD.206427.PC	6.49e-06	50	0	0	0	1	NA	NA	NA	PF03096;K10216;TIGR01250;COG2267	Ndr family
JAJIVP010000056.1_290	341585	342043	459	-1	0.601	11	AGGAG	NA	NA	NA	0	0	0	1	NA	NA	NA	NA	NA
JAJIVP010000056.1_291	342267	343847	1581	-1	0.696	11	GGAG/GAGG	NA	NA	NA	0	0	0	1	NA	NA	NA	NA	NA
JAJIVP010000056.1_292	343847	345307	1461	-1	0.720	11	GGA/GAG/AGG	NA	NA	NA	0	0	0	1	NA	NA	NA	NA	NA
JAJIVP010000056.1_293	345774	346889	1116	-1	0.663	11	None	NA	NA	NA	0	0	0	1	NA	NA	NA	NA	NA
JAJIVP010000056.1_294	347041	348591	1551	-1	0.671	11	GGA/GAG/AGG	NA	NA	NA	0	0	0	1	NA	NA	NA	NA	NA
JAJIVP010000056.1_295	348719	350032	1314	-1	0.686	11	GGA/GAG/AGG	NA	NA	NA	0	0	0	1	NA	NA	NA	NA	NA
JAJIVP010000056.1_296	350398	351357	960	-1	0.683	11	GGAG/GAGG	GENOMAD.161620.PC	2.693e-09	61	0	0	0	1	NA	NA	NA	PF08030;K21607;TIGR02160;COG1018	phenylacetate-CoA oxygenase/reductase, PaaK subunit
JAJIVP010000056.1_297	351375	352427	1053	-1	0.673	11	GGA/GAG/AGG	GENOMAD.171766.PC	2.161e-11	68	0	0	0	1	NA	NA	NA	PF19298;K21724;COG4638;TIGR03229	Phenylpropionate dioxygenase or related ring-hydroxylating dioxygenase, large terminal subunit
JAJIVP010000056.1_298	352553	353470	918	1	0.688	11	GGA/GAG/AGG	NA	NA	NA	0	0	0	1	NA	NA	NA	NA	NA
JAJIVP010000056.1_299	353681	354493	813	1	0.654	11	GGA/GAG/AGG	NA	NA	NA	0	0	0	1	NA	NA	NA	NA	NA
JAJIVP010000056.1_300	354611	355279	669	-1	0.667	11	None	GENOMAD.195322.CP	1.86e-120	382	0	0	0	1	NA	NA	NA	PF18711;PF14507;TIGR03211;COG2514;K08234	catechol 2,3 dioxygenase
JAJIVP010000056.1_301	355580	356491	912	1	0.556	11	GGAG/GAGG	NA	NA	NA	0	0	0	1	NA	NA	NA	NA	NA
JAJIVP010000056.1_302	356778	357665	888	-1	0.684	11	GGA/GAG/AGG	NA	NA	NA	0	0	0	1	NA	NA	NA	NA	NA
JAJIVP010000056.1_303	357760	359040	1281	1	0.664	11	None	GENOMAD.152417.CP	1.554e-37	150	0	0	0	1	NA	NA	NF033135	K08224;COG2223	Nitrate/nitrite transporter NarK
JAJIVP010000056.1_304	359060	359512	453	-1	0.660	11	GGAG/GAGG	NA	NA	NA	0	0	0	1	NA	NA	NA	NA	NA
JAJIVP010000056.1_305	359578	360498	921	1	0.670	11	GGAG/GAGG	NA	NA	NA	0	0	0	1	NA	NA	NA	NA	NA
JAJIVP010000056.1_306	360492	360638	147	-1	0.667	11	GGA/GAG/AGG	NA	NA	NA	0	0	0	1	NA	NA	NA	NA	NA
JAJIVP010000056.1_307	360777	361658	882	1	0.676	11	GGA/GAG/AGG	NA	NA	NA	0	0	0	1	NA	NA	NA	NA	NA
JAJIVP010000056.1_308	361739	362836	1098	1	0.656	11	GGA/GAG/AGG	NA	NA	NA	0	0	0	1	NA	NA	NA	NA	NA
JAJIVP010000056.1_309	362871	363749	879	1	0.685	11	AGGA	NA	NA	NA	0	0	0	1	NA	NA	NA	NA	NA
JAJIVP010000056.1_310	363963	364355	393	1	0.662	11	GGxGG	NA	NA	NA	0	0	0	1	NA	NA	NA	NA	NA
JAJIVP010000056.1_311	364566	365444	879	1	0.644	11	None	NA	NA	NA	0	0	0	1	NA	NA	NA	NA	NA
JAJIVP010000056.1_312	365559	366242	684	-1	0.697	11	None	NA	NA	NA	0	0	0	1	NA	NA	NA	NA	NA
JAJIVP010000056.1_313	366239	367618	1380	-1	0.699	11	None	NA	NA	NA	0	0	0	1	NA	NA	NA	NA	NA
JAJIVP010000056.1_314	367779	369002	1224	1	0.685	11	GGA/GAG/AGG	GENOMAD.114408.CP	5.91e-06	51	0	0	0	1	NA	NA	NF000272	PF12700;K15727;TIGR01730;COG0845	RND family efflux transporter, MFP subunit
JAJIVP010000056.1_315	369012	372161	3150	1	0.657	11	GGAG/GAGG	NA	NA	NA	0	0	0	1	NA	NA	NA	NA	NA
JAJIVP010000056.1_316	372161	373609	1449	1	0.656	11	GGAG/GAGG	GENOMAD.134141.CP	1.603e-09	63	0	0	0	1	NA	NA	NA	PF02321;TIGR01845;K12340;COG1538	efflux transporter, outer membrane factor (OMF) lipoprotein, NodT family
JAJIVP010000056.1_317	373846	375762	1917	-1	0.667	11	GGAG/GAGG	GENOMAD.214746.CP	0.0	1074	0	0	0	1	NA	NA	NA	PF16024;PF05728;TIGR03503;COG3150	TIGR03503 family protein
JAJIVP010000056.1_318	376179	377114	936	-1	0.642	11	None	GENOMAD.194673.PC	5.74e-46	171	0	0	0	1	NA	NA	NA	PF02219;COG0685;TIGR00676;K00297	5,10-methylenetetrahydrofolate reductase
JAJIVP010000056.1_319	377185	377745	561	-1	0.585	11	AGGA/GGAG/GAGG	NA	NA	NA	0	0	0	1	NA	NA	NA	NA	NA
JAJIVP010000056.1_320	377850	378764	915	-1	0.660	11	GGA/GAG/AGG	NA	NA	NA	0	0	0	1	NA	NA	NA	NA	NA
JAJIVP010000056.1_321	378952	379539	588	1	0.662	11	GGA/GAG/AGG	GENOMAD.161922.PC	4.154e-13	70	0	0	0	1	NA	NA	NA	PF03358;TIGR03567;K03206;COG0431	FMN reductase, SsuE family
JAJIVP010000056.1_322	379681	380664	984	1	0.595	11	GGA/GAG/AGG	GENOMAD.181514.PC	1.065e-187	582	0	0	0	1	NA	NA	NA	PF08908	Putative oxygenase MesX
JAJIVP010000056.1_323	380693	381721	1029	1	0.618	11	None	NA	NA	NA	0	0	0	1	NA	NA	NA	NA	NA
JAJIVP010000056.1_324	382075	383031	957	-1	0.690	11	GGA/GAG/AGG	GENOMAD.183688.PC	2.312e-37	146	0	0	0	1	NA	NA	NA	PF03812;TIGR00793;K02526;COG0385	2-keto-3-deoxygluconate transporter
JAJIVP010000056.1_325	383167	384624	1458	-1	0.659	11	GGA/GAG/AGG	NA	NA	NA	0	0	0	1	NA	NA	NA	NA	NA
JAJIVP010000056.1_326	385462	386340	879	-1	0.689	11	GGAG/GAGG	NA	NA	NA	0	0	0	1	NA	NA	NA	NA	NA
JAJIVP010000056.1_327	386477	386908	432	1	0.655	11	GGA/GAG/AGG	NA	NA	NA	0	0	0	1	NA	NA	NA	NA	NA
JAJIVP010000056.1_328	387869	388264	396	-1	0.593	11	AGGA/GGAG/GAGG	NA	NA	NA	0	0	0	1	NA	NA	NA	NA	NA
JAJIVP010000056.1_329	388853	389122	270	-1	0.537	11	None	NA	NA	NA	0	0	0	1	NA	NA	NA	NA	NA
JAJIVP010000057.1_1	3	800	798	1	0.664	11	None	GENOMAD.093434.CV	4.067e-23	102	0	0	0	1	NA	NA	NA	PF01578;COG4137;TIGR03144;K02497	ABC-type uncharacterized transport system, permease component
JAJIVP010000057.1_2	1065	2114	1050	-1	0.668	11	GGA/GAG/AGG	GENOMAD.162190.CP	1.438e-08	59	0	0	0	1	NA	NA	NA	PF01263;COG2017;TIGR02636;K01785	Galactose mutarotase or related enzyme
JAJIVP010000057.1_3	2352	3935	1584	1	0.640	11	AGGAG	NA	NA	NA	0	0	0	1	NA	NA	NA	NA	NA
JAJIVP010000057.1_4	4164	4532	369	-1	0.618	11	AGGAG	NA	NA	NA	0	0	0	1	NA	NA	NA	NA	NA
JAJIVP010000057.1_5	4525	5688	1164	-1	0.637	11	AGGA/GGAG/GAGG	NA	NA	NA	0	0	0	1	NA	NA	NA	NA	NA
JAJIVP010000057.1_6	5847	9020	3174	1	0.653	11	None	GENOMAD.142686.CP	1.564e-34	147	0	0	0	1	NA	NA	NA	K19691;COG3159	NA
JAJIVP010000057.1_7	9017	9841	825	1	0.627	11	None	GENOMAD.111713.CP	4.958e-15	78	0	0	0	1	NA	NA	NA	PF01739;PF20225;PF03705;K00575;COG1352;TIGR04345	Methylase of chemotaxis methyl-accepting proteins
JAJIVP010000057.1_8	9838	10422	585	1	0.691	11	GGA/GAG/AGG	NA	NA	NA	0	0	0	1	NA	NA	NA	NA	NA
JAJIVP010000057.1_9	10419	11549	1131	1	0.639	11	GGA/GAG/AGG	NA	NA	NA	0	0	0	1	NA	NA	NA	NA	NA
JAJIVP010000057.1_10	11913	12278	366	1	0.601	11	GGAGG	NA	NA	NA	0	0	0	1	NA	NA	NA	NA	NA
JAJIVP010000057.1_11	12452	12898	447	1	0.658	11	GGAG/GAGG	GENOMAD.159874.CP	6.479e-09	56	0	0	0	1	NA	NA	NA	PF10122;K03672;TIGR01206;COG1996	lysine biosynthesis protein LysW
JAJIVP010000057.1_12	13016	15385	2370	-1	0.642	11	AGGA	GENOMAD.129297.CP	6.23e-19	95	0	0	0	1	NA	NA	NA	K15721;COG4773	Outer membrane receptor for ferric coprogen and ferric-rhodotorulic acid
JAJIVP010000057.1_13	15661	17328	1668	1	0.656	11	GGAG/GAGG	GENOMAD.137986.CP	2.342e-06	53	0	0	0	1	NA	NA	NA	PF03664;PF04616;COG3507;K15921	Beta-xylosidase
JAJIVP010000057.1_14	17421	19376	1956	-1	0.652	11	GGAGG	NA	NA	NA	0	0	0	1	NA	NA	NA	NA	NA
JAJIVP010000057.1_15	19366	20241	876	-1	0.622	11	GGAGG	NA	NA	NA	0	0	0	1	NA	NA	NA	NA	NA
JAJIVP010000057.1_16	20238	21236	999	-1	0.700	11	GGA/GAG/AGG	GENOMAD.137465.CP	2.688e-89	298	0	0	0	1	NA	NA	NA	PF07228;PF13581;K05518;COG0631;TIGR01924	Stage II sporulation protein E (SpoIIE); Histidine kinase-like ATPase domain
JAJIVP010000057.1_17	21239	21634	396	-1	0.664	11	None	GENOMAD.137439.CP	1.151e-31	121	0	0	0	1	NA	NA	NA	PF13581;K17752;TIGR01924;COG2172	serine-protein kinase RsbW
JAJIVP010000057.1_18	21631	21993	363	-1	0.631	11	GGA/GAG/AGG	GENOMAD.140621.CP	4.787e-44	156	0	0	0	1	NA	NA	NA	PF01740;K17762;TIGR02886;COG1366	anti-sigma F factor antagonist
JAJIVP010000057.1_19	21995	22837	843	-1	0.626	11	GGxGG	GENOMAD.138290.CP	1.883e-47	174	0	0	0	1	NA	NA	NA	PF09385;PF01740;K17762;COG5439;TIGR02886	anti-sigma F factor antagonist
JAJIVP010000057.1_20	23498	25822	2325	-1	0.665	11	AGGAG	GENOMAD.194623.CP	0.0	1370	0	0	0	1	NA	NA	NA	PF07079;TIGR03939;COG2956;K11935	poly-beta-1,6 N-acetyl-D-glucosamine export porin PgaA
JAJIVP010000057.1_21	25848	27716	1869	-1	0.663	11	None	NA	NA	NA	0	0	0	1	NA	NA	NA	NA	NA
JAJIVP010000057.1_22	27928	29358	1431	-1	0.655	11	GGA/GAG/AGG	NA	NA	NA	0	0	0	1	NA	NA	NA	NA	NA
JAJIVP010000057.1_23	30188	30979	792	1	0.629	11	GGA/GAG/AGG	NA	NA	NA	0	0	0	1	NA	NA	NA	NA	NA
JAJIVP010000057.1_24	31502	31888	387	-1	0.607	11	AGGAG	NA	NA	NA	0	0	0	1	NA	NA	NA	NA	NA
JAJIVP010000057.1_25	32299	33690	1392	-1	0.672	11	None	NA	NA	NA	0	0	0	1	NA	NA	NA	NA	NA
JAJIVP010000057.1_26	33947	35827	1881	-1	0.633	11	GGAG/GAGG	GENOMAD.124001.CP	2.437e-198	629	0	0	0	1	NA	NA	NA	PF17899;PF01433;PF19805;COG3975;TIGR02411;K01254	Predicted metalloprotease, contains C-terminal PDZ domain
JAJIVP010000057.1_27	35996	36331	336	-1	0.598	11	GGAG/GAGG	GENOMAD.170384.CP	1.944e-17	79	0	0	0	1	NA	NA	NA	PF03626;K02300;TIGR02847;COG3125	cytochrome o ubiquinol oxidase subunit IV
JAJIVP010000057.1_28	36331	36963	633	-1	0.629	11	None	NA	NA	NA	0	0	0	1	NA	NA	NA	NA	NA
JAJIVP010000057.1_29	36960	38960	2001	-1	0.616	11	GGAG/GAGG	NA	NA	NA	0	0	0	1	NA	NA	NA	NA	NA
JAJIVP010000057.1_30	38960	39895	936	-1	0.605	11	GGA/GAG/AGG	GENOMAD.182403.PC	3.07e-05	48	0	0	0	1	NA	NA	NA	PF06481	COX Aromatic Rich Motif
JAJIVP010000057.1_31	40422	41372	951	-1	0.667	11	None	NA	NA	NA	0	0	0	1	NA	NA	NA	NA	NA
JAJIVP010000057.1_32	41439	41957	519	-1	0.644	11	None	GENOMAD.128855.CP	4.64e-25	104	0	0	0	1	NA	NA	NA	PF01252;COG0597;TIGR00077;K03101	Lipoprotein signal peptidase
JAJIVP010000057.1_33	42036	44816	2781	-1	0.667	11	GGA/GAG/AGG	NA	NA	NA	0	0	0	1	NA	NA	NA	NA	NA
JAJIVP010000057.1_34	44874	45926	1053	-1	0.659	11	GGA/GAG/AGG	NA	NA	NA	0	0	0	1	NA	NA	NA	NA	NA
JAJIVP010000057.1_35	46113	47705	1593	-1	0.650	11	GGA/GAG/AGG	GENOMAD.113193.CP	2.597e-40	161	0	0	0	1	NA	NA	NA	PF03023;K03980;TIGR01695;COG0728	murein biosynthesis integral membrane protein MurJ
JAJIVP010000057.1_36	47822	48091	270	1	0.626	11	AGGA	GENOMAD.000079.CC	2.303e-14	69	1	0	0	1	NA	NA	NA	PF01649;COG0268;TIGR00029	Ribosomal protein S20
JAJIVP010000057.1_37	48183	49250	1068	-1	0.650	11	None	NA	NA	NA	0	0	0	1	NA	NA	NA	NA	NA
JAJIVP010000057.1_38	49497	49757	261	-1	0.621	11	AGGAG	GENOMAD.080397.CV	2.647e-34	126	1	0	0	1246	Caudoviricetes	NA	NA	PF01016;COG0211;TIGR00062	Ribosomal protein L27
JAJIVP010000057.1_39	49770	50090	321	-1	0.607	11	AGGA	GENOMAD.080110.CV	3.114e-26	104	1	0	0	1	NA	NA	NA	PF00829;TIGR00061;K02888;COG0261	ribosomal protein L21
JAJIVP010000057.1_40	50383	53346	2964	1	0.647	11	GGA/GAG/AGG	NA	NA	NA	0	0	0	1	NA	NA	NA	NA	NA
JAJIVP010000057.1_41	53346	53750	405	1	0.622	11	GGA/GAG/AGG	GENOMAD.138033.CP	1.749e-28	112	0	0	0	1	NA	NA	NA	PF13279;K12500;TIGR02799;COG0824	tol-pal system-associated acyl-CoA thioesterase
JAJIVP010000005.1_1	3	2669	2667	-1	0.619	11	GGAG/GAGG	GENOMAD.152082.CP	2.619e-122	418	0	0	0	1	NA	NA	NA	PF00593;PF07715;PF00691;TIGR01782;COG4773;K16089	TonB-dependent receptor
JAJIVP010000005.1_2	3372	4388	1017	1	0.667	11	AGGAG	GENOMAD.142642.CP	1.634e-98	325	0	0	0	1	NA	NA	NA	PF02685;TIGR00749;K00845;COG0837	glucokinase, proteobacterial type
JAJIVP010000005.1_3	4690	5424	735	-1	0.693	11	GGAG/GAGG	GENOMAD.081069.CP	1.462e-32	129	1	0	0	1	NA	NA	NA	PF04452;PF20260;COG1385;TIGR00046;K09761	16S rRNA U1498 N3-methylase RsmE
JAJIVP010000005.1_4	5415	6722	1308	-1	0.674	11	None	NA	NA	NA	0	0	0	1	NA	NA	NA	NA	NA
JAJIVP010000005.1_5	6875	7423	549	1	0.639	11	None	NA	NA	NA	0	0	0	1	NA	NA	NA	NA	NA
JAJIVP010000005.1_6	7420	8220	801	1	0.679	11	GGAG/GAGG	NA	NA	NA	0	0	0	1	NA	NA	NA	NA	NA
JAJIVP010000005.1_7	8411	9415	1005	1	0.662	11	AGGA	GENOMAD.097849.CV	3.746e-36	143	0	0	0	1246	Caudoviricetes	NA	NA	PF00590;PF03819;K02499;COG3956;TIGR00444	Uncharacterized conserved protein YabN, contains tetrapyrrole methylase and MazG-like pyrophosphatase domain
JAJIVP010000005.1_8	9412	9747	336	1	0.658	11	None	NA	NA	NA	0	0	0	1	NA	NA	NA	NA	NA
JAJIVP010000005.1_9	9938	10630	693	1	0.677	11	None	GENOMAD.142316.CP	8.872e-18	85	0	0	0	1	NA	NA	NA	PF01957;K07340;COG1585	Membrane protein implicated in regulation of membrane protease activity
JAJIVP010000005.1_10	10801	11910	1110	1	0.653	11	GGA/GAG/AGG	GENOMAD.127113.CP	7.151e-22	101	0	0	0	1	NA	NA	NA	PF01571;K00282;TIGR00528;COG0404	glycine cleavage system T protein
JAJIVP010000005.1_11	12059	12454	396	1	0.629	11	GGAG/GAGG	NA	NA	NA	0	0	0	1	NA	NA	NA	NA	NA
JAJIVP010000005.1_12	13465	13998	534	1	0.562	11	AGGAG	NA	NA	NA	0	0	0	1	NA	NA	NA	NA	NA
JAJIVP010000005.1_13	14068	14715	648	1	0.648	11	GGAGG	NA	NA	NA	0	0	0	1	NA	NA	NA	NA	NA
JAJIVP010000058.1_1	84	653	570	1	0.714	11	None	NA	NA	NA	0	0	0	1	NA	NA	NA	NA	NA
JAJIVP010000058.1_2	995	1870	876	-1	0.705	11	None	GENOMAD.001998.CC	1.296e-32	131	0	0	0	1	NA	NA	NA	PF06519;TIGR01352	TolA C-terminal
JAJIVP010000058.1_3	1867	2817	951	-1	0.685	11	GGA/GAG/AGG	GENOMAD.129199.CP	4.188e-40	154	0	0	0	1	NA	NA	NA	PF02951;K01920;TIGR01380;COG0189	Prokaryotic glutathione synthetase, N-terminal domain
JAJIVP010000058.1_4	3102	3455	354	1	0.565	11	AGGA	NA	NA	NA	0	0	0	1	NA	NA	NA	NA	NA
JAJIVP010000058.1_5	3473	3835	363	1	0.595	11	GGA/GAG/AGG	NA	NA	NA	0	0	0	1	NA	NA	NA	NA	NA
JAJIVP010000058.1_6	3835	4365	531	1	0.659	11	None	GENOMAD.128882.CP	1.068e-14	74	0	0	0	1	NA	NA	NA	PF01584;K02659;COG0835	Chemotaxis signal transduction protein
JAJIVP010000058.1_7	4405	4518	114	1	0.614	11	GGAG/GAGG	NA	NA	NA	0	0	0	1	NA	NA	NA	NA	NA
JAJIVP010000059.1_1	460	984	525	1	0.568	11	GGA/GAG/AGG	NA	NA	NA	0	0	0	1	NA	NA	NA	NA	NA
JAJIVP010000060.1_1	33	1013	981	1	0.623	11	GGAG/GAGG	NA	NA	NA	0	0	0	1	NA	NA	NA	NA	NA
JAJIVP010000060.1_2	1377	1493	117	1	0.692	11	None	NA	NA	NA	0	0	0	1	NA	NA	NA	NA	NA
JAJIVP010000061.1_1	1	498	498	1	0.576	11	None	GENOMAD.022765.PP	4.199e-75	248	0	1	0	1	NA	T_virB6	NA	K03201;COG3704	Type IV secretory pathway, VirB6 components
JAJIVP010000061.1_2	1529	2107	579	1	0.516	11	AGGA	NA	NA	NA	0	0	0	1	NA	NA	NA	NA	NA
JAJIVP010000061.1_3	2104	3456	1353	1	0.586	11	AGGA	NA	NA	NA	0	0	0	1	NA	NA	NA	NA	NA
JAJIVP010000061.1_4	3618	4142	525	-1	0.644	11	AGGAG	NA	NA	NA	0	0	0	1	NA	NA	NA	NA	NA
JAJIVP010000061.1_5	4394	6421	2028	1	0.634	11	GGAGG	GENOMAD.088363.CV	5e-324	996	0	0	0	1246	Caudoviricetes	NA	NA	K15987;COG3808	Na+ or H+-translocating membrane pyrophosphatase
JAJIVP010000061.1_6	6709	7191	483	-1	0.663	11	AGGA	NA	NA	NA	0	0	0	1	NA	NA	NA	NA	NA
JAJIVP010000061.1_7	7389	7925	537	1	0.618	11	GGAG/GAGG	NA	NA	NA	0	0	0	1	NA	NA	NA	NA	NA
JAJIVP010000061.1_8	8072	9187	1116	1	0.677	11	GGA/GAG/AGG	NA	NA	NA	0	0	0	1	NA	NA	NA	NA	NA
JAJIVP010000061.1_9	9604	12447	2844	-1	0.624	11	GGAG/GAGG	NA	NA	NA	0	0	0	1	NA	NA	NA	NA	NA
JAJIVP010000061.1_10	12496	13389	894	-1	0.628	11	AGxAGG/AGGxGG	NA	NA	NA	0	0	0	1	NA	NA	NA	NA	NA
JAJIVP010000061.1_11	13500	15839	2340	-1	0.662	11	None	NA	NA	NA	0	0	0	1	NA	NA	NA	NA	NA
JAJIVP010000061.1_12	16265	18142	1878	-1	0.634	11	AGGA	GENOMAD.121487.CP	7.733e-15	81	0	0	0	1	NA	NA	NA	NA	NA
JAJIVP010000061.1_13	18762	21533	2772	1	0.608	11	None	NA	NA	NA	0	0	0	1	NA	NA	NA	NA	NA
JAJIVP010000061.1_14	21797	23635	1839	-1	0.694	11	AGGAG	NA	NA	NA	0	0	0	1	NA	NA	NA	NA	NA
JAJIVP010000061.1_15	23714	25423	1710	-1	0.661	11	GGA/GAG/AGG	NA	NA	NA	0	0	0	1	NA	NA	NA	NA	NA
JAJIVP010000061.1_16	26075	27076	1002	1	0.627	11	AGGA	NA	NA	NA	0	0	0	1	NA	NA	NA	NA	NA
JAJIVP010000061.1_17	27120	28841	1722	1	0.667	11	GGA/GAG/AGG	NA	NA	NA	0	0	0	1	NA	NA	NA	NA	NA
JAJIVP010000061.1_18	28825	29082	258	1	0.647	11	AGGAG	GENOMAD.177562.CP	9.933e-44	153	0	0	0	1	NA	NA	NA	PF13291;K11258;TIGR00119;COG0440	acetolactate synthase, small subunit
JAJIVP010000061.1_19	29206	30276	1071	1	0.682	11	GGAG/GAGG	GENOMAD.178810.CP	4.65e-06	51	0	0	0	1	NA	NA	NA	PF19465;PF00135;K01753;TIGR02035;COG3048	D-serine ammonia-lyase
JAJIVP010000061.1_20	30273	31835	1563	1	0.642	11	AGGAG	GENOMAD.126256.CP	9.039e-10	64	0	0	0	1	NA	NA	NA	PF00682;TIGR00970;COG0119;K15742	2-isopropylmalate synthase, yeast type
JAJIVP010000061.1_21	32180	33253	1074	-1	0.640	11	GGAG/GAGG	NA	NA	NA	0	0	0	1	NA	NA	NA	NA	NA
JAJIVP010000061.1_22	33344	33991	648	-1	0.625	11	None	GENOMAD.120765.CP	2.267e-22	98	0	0	0	1	NA	NA	NA	PF00694;K01704;COG0066;TIGR00171	3-isopropylmalate dehydratase small subunit
JAJIVP010000061.1_23	34059	35507	1449	-1	0.660	11	GGA/GAG/AGG	GENOMAD.120831.CP	8.452e-83	286	0	0	0	1	NA	NA	NA	PF00330;K01702;TIGR00170;COG0065	3-isopropylmalate dehydratase, large subunit
JAJIVP010000061.1_24	35628	36512	885	1	0.677	11	AGGA	NA	NA	NA	0	0	0	1	NA	NA	NA	NA	NA
JAJIVP010000061.1_25	36755	39706	2952	-1	0.684	11	None	GENOMAD.140631.CP	2.014e-05	51	0	0	0	1	NA	NA	NA	PF19193;K19693;COG3292	Periplasmic ligand-binding sensor domain
JAJIVP010000061.1_26	39975	40628	654	1	0.642	11	None	GENOMAD.116548.CP	2.249e-124	393	0	0	0	1	NA	NA	NA	PF13022;PF14246;K18301;TIGR03384;COG3226	transcriptional repressor BetI
JAJIVP010000061.1_27	40757	41413	657	1	0.665	11	GGA/GAG/AGG	GENOMAD.127063.CP	9.011e-27	111	0	0	0	1	NA	NA	NA	PF01135;TIGR04364;COG2518	methyltransferase, FxLD system
JAJIVP010000061.1_28	41434	42816	1383	1	0.653	11	AGGA	GENOMAD.126996.CP	2.248e-30	129	0	0	0	1	NA	NA	NA	PF02321;K12538;TIGR01844;COG1538	type I secretion outer membrane protein, TolC family
JAJIVP010000061.1_29	43091	44407	1317	-1	0.664	11	None	GENOMAD.043073.CC	0.0002296	46	0	0	0	1	NA	NA	NA	PF04413;K02527	3-Deoxy-D-manno-octulosonic-acid transferase (kdotransferase)
JAJIVP010000062.1_1	1	528	528	-1	0.640	11	GGAG/GAGG	NA	NA	NA	0	0	0	1	NA	NA	NA	NA	NA
JAJIVP010000062.1_2	537	824	288	-1	0.660	11	AGGAG	NA	NA	NA	0	0	0	1	NA	NA	NA	NA	NA
JAJIVP010000063.1_1	180	545	366	-1	0.667	11	GGAG/GAGG	NA	NA	NA	0	0	0	1	NA	NA	NA	NA	NA
JAJIVP010000063.1_2	542	1471	930	-1	0.706	11	None	NA	NA	NA	0	0	0	1	NA	NA	NA	NA	NA
JAJIVP010000063.1_3	1767	2378	612	1	0.652	11	None	NA	NA	NA	0	0	0	1	NA	NA	NA	NA	NA
JAJIVP010000063.1_4	2365	3285	921	1	0.684	11	None	GENOMAD.060882.CP	2.235e-27	116	0	0	0	1246	Caudoviricetes	NA	NA	PF06325;K02687;COG2264;TIGR00406	Ribosomal protein L11 methyltransferase (PrmA)
JAJIVP010000063.1_5	3308	3811	504	-1	0.746	11	AGGAG	NA	NA	NA	0	0	0	1	NA	NA	NA	NA	NA
JAJIVP010000063.1_6	3961	4338	378	1	0.688	11	None	NA	NA	NA	0	0	0	1	NA	NA	NA	NA	NA
JAJIVP010000063.1_7	4494	4640	147	1	0.680	11	GGAG/GAGG	NA	NA	NA	0	0	0	1	NA	NA	NA	NA	NA
JAJIVP010000063.1_8	5293	6036	744	1	0.751	11	GGA/GAG/AGG	GENOMAD.120988.CP	3.471e-73	247	0	0	0	1	NA	NA	NA	PF11906	NA
JAJIVP010000063.1_9	6208	6414	207	1	0.628	11	None	GENOMAD.198115.VC	0.0001294	40	0	0	0	1	NA	NA	NA	PF18024;K03557;COG2901;TIGR03298	DNA-binding protein Fis (factor for inversion stimulation)
JAJIVP010000063.1_10	6672	7646	975	-1	0.626	11	GGAGG	GENOMAD.118517.CP	6.863e-93	308	0	0	0	1246	Caudoviricetes	NA	NA	PF01148;COG4589	Cytidylyltransferase family
JAJIVP010000063.1_11	7643	8275	633	-1	0.651	11	GGAG/GAGG	NA	NA	NA	0	0	0	1	NA	NA	NA	NA	NA
JAJIVP010000063.1_12	8272	8910	639	-1	0.700	11	GGAGG	GENOMAD.147413.CP	1.074e-32	128	0	0	0	1	NA	NA	NA	PF01066;K17884;COG0558;TIGR00560	Phosphatidylglycerophosphate synthase
JAJIVP010000063.1_13	8910	10406	1497	-1	0.681	11	AGGA	GENOMAD.042263.CC	1.803e-23	108	0	0	0	1	NA	NA	NA	TIGR04222	TIGR04222 domain
JAJIVP010000063.1_14	10403	10849	447	-1	0.653	11	GGAG/GAGG	NA	NA	NA	0	0	0	1	NA	NA	NA	NA	NA
JAJIVP010000063.1_15	10846	12183	1338	-1	0.673	11	None	NA	NA	NA	0	0	0	1	NA	NA	NA	NA	NA
JAJIVP010000063.1_16	12180	13940	1761	-1	0.674	11	AGGA	NA	NA	NA	0	0	0	1	NA	NA	NA	NA	NA
JAJIVP010000063.1_17	14032	14649	618	-1	0.709	11	None	GENOMAD.147413.CP	1.133e-13	72	0	0	0	1	NA	NA	NA	PF01066;K17884;COG0558;TIGR00560	Phosphatidylglycerophosphate synthase
JAJIVP010000063.1_18	14723	16306	1584	1	0.664	11	None	GENOMAD.115175.CV	1.361e-44	174	0	0	0	1	NA	NA	NA	PF01808;PF02142;K00602;TIGR00355;COG0138	phosphoribosylaminoimidazolecarboxamide formyltransferase/IMP cyclohydrolase
JAJIVP010000063.1_19	16331	17176	846	1	0.694	11	GGA/GAG/AGG	NA	NA	NA	0	0	0	1	NA	NA	NA	NA	NA
JAJIVP010000063.1_20	17209	18504	1296	1	0.688	11	GGA/GAG/AGG	NA	NA	NA	0	0	0	1	NA	NA	NA	NA	NA
JAJIVP010000063.1_21	18713	20926	2214	1	0.669	11	None	GENOMAD.008008.CC	1.966e-80	288	0	0	0	1	NA	NA	NA	COG1289	Uncharacterized membrane protein YccC
JAJIVP010000063.1_22	21058	22248	1191	-1	0.687	11	GGA/GAG/AGG	NA	NA	NA	0	0	0	1	NA	NA	NA	NA	NA
JAJIVP010000063.1_23	22346	23248	903	1	0.698	11	GGA/GAG/AGG	NA	NA	NA	0	0	0	1	NA	NA	NA	NA	NA
JAJIVP010000063.1_24	23317	25239	1923	1	0.658	11	AGGA	GENOMAD.145392.CP	4.35e-77	275	0	0	0	1	NA	NA	NA	PF05977;K05939;COG2223;TIGR00806	Transmembrane secretion effector
JAJIVP010000063.1_25	25702	26046	345	1	0.641	11	AGGAG	GENOMAD.170575.CP	3.623e-52	179	0	0	0	1	NA	NA	NA	PF04505	Interferon-induced transmembrane protein
JAJIVP010000063.1_26	26046	26456	411	1	0.662	11	None	GENOMAD.016644.CC	1.822e-45	161	0	0	0	1	NA	NA	NA	PF10825	NA
JAJIVP010000063.1_27	26536	27426	891	-1	0.685	11	AGGAG	GENOMAD.108584.CP	4.672e-138	437	0	0	0	1	NA	NA	NA	PF17113;K03807;COG1270;TIGR00380	Cobalamin biosynthesis protein CobD/CbiB
JAJIVP010000063.1_28	27500	28390	891	-1	0.677	11	GGA/GAG/AGG	NA	NA	NA	0	0	0	1	NA	NA	NA	NA	NA
JAJIVP010000063.1_29	28698	29960	1263	-1	0.622	11	GGA/GAG/AGG	GENOMAD.015873.CC	2.909e-36	146	0	0	0	1	NA	NA	NA	PF00561;TIGR03101;COG0412;K24084	exosortase A system-associated hydrolase 2
JAJIVP010000063.1_30	30920	31306	387	-1	0.636	11	None	NA	NA	NA	0	0	0	1	NA	NA	NA	NA	NA
JAJIVP010000063.1_31	31390	31839	450	-1	0.691	11	GGAG/GAGG	NA	NA	NA	0	0	0	1	NA	NA	NA	NA	NA
JAJIVP010000063.1_32	31843	32580	738	-1	0.672	11	GGA/GAG/AGG	GENOMAD.005661.CC	2.801e-15	78	0	0	0	1	NA	NA	NA	PF20567	NA
JAJIVP010000063.1_33	32721	33347	627	1	0.718	11	GGA/GAG/AGG	GENOMAD.006203.CC	1.52e-25	107	0	0	0	1	NA	NA	NA	COG3918	NA
JAJIVP010000063.1_34	33386	35320	1935	1	0.695	11	GGAG/GAGG	NA	NA	NA	0	0	0	1	NA	NA	NA	NA	NA
JAJIVP010000063.1_35	35366	37630	2265	1	0.690	11	GGAG/GAGG	GENOMAD.132867.CP	1.449e-05	51	0	0	0	1	NA	NA	NA	PF01627;K20976;COG2198	HPt (histidine-containing phosphotransfer) domain
JAJIVP010000063.1_36	37997	38467	471	-1	0.584	11	GGAG/GAGG	NA	NA	NA	0	0	0	1	NA	NA	NA	NA	NA
JAJIVP010000063.1_37	39072	39689	618	-1	0.654	11	AGGAG	GENOMAD.205700.CP	0.0009458	42	0	0	0	1	NA	NA	NA	PF00293;K01518;COG4119;TIGR00586	Predicted NTP pyrophosphohydrolase, NUDIX family
JAJIVP010000063.1_38	40236	40628	393	-1	0.628	11	GGA/GAG/AGG	GENOMAD.076388.CV	3.04e-37	137	1	0	0	1246	Caudoviricetes	NA	NA	PF00380;COG0103;TIGR03627;K02960	Ribosomal protein S9
JAJIVP010000063.1_39	40631	41059	429	-1	0.613	11	GGA/GAG/AGG	GENOMAD.078681.CV	1.335e-51	179	1	0	0	1246	Caudoviricetes	NA	NA	PF00572;K02871;COG0102;TIGR01066	Ribosomal protein L13
JAJIVP010000063.1_40	41200	41895	696	1	0.697	11	None	GENOMAD.106818.CV	8.843e-34	132	0	0	0	1	NA	NA	NA	PF03232;K06134;COG2941;TIGR00754	Ubiquinone biosynthesis protein COQ7
JAJIVP010000063.1_41	42198	42512	315	-1	0.619	11	AGGAG	GENOMAD.182365.PC	0.0002341	41	0	0	0	1	NA	NA	NA	PF02694;K18925	Uncharacterised BCR, YnfA/UPF0060 family
JAJIVP010000063.1_42	42677	43471	795	-1	0.542	11	AGGA	GENOMAD.003941.CC	1.71e-107	347	0	0	0	1	NA	NA	NA	PF02675;TIGR03331;COG1586	S-adenosylmethionine decarboxylase proenzyme, Escherichia coli form
JAJIVP010000063.1_43	43609	44301	693	1	0.644	11	GGA/GAG/AGG	NA	NA	NA	0	0	0	1	NA	NA	NA	NA	NA
JAJIVP010000063.1_44	44621	45337	717	-1	0.665	11	None	GENOMAD.154355.CP	2.575e-133	420	0	0	0	1	NA	NA	NA	PF12689;K18697;TIGR01545;COG4996	haloacid dehalogenase superfamily, subfamily IF hydrolase, YfhB
JAJIVP010000063.1_45	45330	46127	798	-1	0.654	11	AGGA	NA	NA	NA	0	0	0	1	NA	NA	NA	NA	NA
JAJIVP010000063.1_46	46268	47305	1038	-1	0.653	11	None	NA	NA	NA	0	0	0	1	NA	NA	NA	NA	NA
JAJIVP010000063.1_47	47421	48053	633	-1	0.652	11	GGA/GAG/AGG	NA	NA	NA	0	0	0	1	NA	NA	NA	NA	NA
JAJIVP010000063.1_48	48196	48765	570	-1	0.619	11	None	NA	NA	NA	0	0	0	1	NA	NA	NA	NA	NA
JAJIVP010000063.1_49	48920	50536	1617	-1	0.557	11	None	NA	NA	NA	0	0	0	1	NA	NA	NA	NA	NA
JAJIVP010000063.1_50	50533	51543	1011	-1	0.598	11	GGA/GAG/AGG	NA	NA	NA	0	0	0	1	NA	NA	NA	NA	NA
JAJIVP010000063.1_51	51540	52706	1167	-1	0.547	11	GGAG/GAGG	NA	NA	NA	0	0	0	1	NA	NA	NA	NA	NA
JAJIVP010000063.1_52	52708	53967	1260	-1	0.533	11	AGGAG	NA	NA	NA	0	0	0	1	NA	NA	NA	NA	NA
JAJIVP010000063.1_53	53970	56954	2985	-1	0.595	11	GGAG/GAGG	NA	NA	NA	0	0	0	1	NA	NA	NA	NA	NA
JAJIVP010000063.1_54	57308	58090	783	-1	0.599	11	AGGA	GENOMAD.140872.CP	3.473e-70	239	0	0	0	1	NA	NA	NA	PF04402;COG2968;K09807	Uncharacterized conserved protein YggE, contains kinase-interacting SIMPL domain
JAJIVP010000063.1_55	58109	59185	1077	-1	0.649	11	GGA/GAG/AGG	GENOMAD.146710.CP	6.696e-110	359	0	0	0	1	NA	NA	NA	PF00155;K01620;COG2008;TIGR02617	Threonine aldolase
JAJIVP010000063.1_56	59185	60660	1476	-1	0.657	11	AGGA	GENOMAD.114697.CP	1.699e-23	108	0	0	0	1	NA	NA	NA	PF00425;K02552;COG1169;TIGR03494	Isochorismate synthase EntC
JAJIVP010000063.1_57	60918	61847	930	-1	0.697	11	None	NA	NA	NA	0	0	0	1	NA	NA	NA	NA	NA
JAJIVP010000063.1_58	62083	62574	492	-1	0.687	11	GGA/GAG/AGG	NA	NA	NA	0	0	0	1	NA	NA	NA	NA	NA
JAJIVP010000063.1_59	62571	63272	702	-1	0.661	11	None	NA	NA	NA	0	0	0	1	NA	NA	NA	NA	NA
JAJIVP010000063.1_60	63396	63725	330	-1	0.682	11	None	GENOMAD.124334.CV	0.0001245	42	0	0	0	1	NA	NA	NA	PF05099;PF13446;K05801;COG1076;TIGR02349	DnaJ-domain-containing proteins 1
JAJIVP010000063.1_61	63935	64861	927	1	0.632	11	AGGAG	NA	NA	NA	0	0	0	1	NA	NA	NA	NA	NA
JAJIVP010000063.1_62	64993	65739	747	1	0.590	11	None	NA	NA	NA	0	0	0	1	NA	NA	NA	NA	NA
JAJIVP010000063.1_63	66117	66548	432	1	0.664	11	GGA/GAG/AGG	NA	NA	NA	0	0	0	1	NA	NA	NA	NA	NA
JAJIVP010000063.1_64	66785	67321	537	1	0.600	11	GGA/GAG/AGG	NA	NA	NA	0	0	0	1	NA	NA	NA	NA	NA
JAJIVP010000063.1_65	67394	69148	1755	1	0.636	11	AGGAG	GENOMAD.021660.VV	1.513e-07	57	0	0	0	1246	Caudoviricetes	NA	NA	COG3179;K18950	Predicted chitinase
JAJIVP010000063.1_66	69574	71172	1599	1	0.639	11	GGAG/GAGG	NA	NA	NA	0	0	0	1	NA	NA	NA	NA	NA
JAJIVP010000063.1_67	71269	71754	486	1	0.626	11	GGAGG	GENOMAD.017267.CC	0.0004717	42	0	0	0	1	NA	NA	NA	PF06127;COG4539	Uncharacterized membrane protein YGL010W
JAJIVP010000063.1_68	71780	72730	951	-1	0.688	11	None	NA	NA	NA	0	0	0	1	NA	NA	NA	NA	NA
JAJIVP010000063.1_69	72849	75677	2829	1	0.646	11	None	GENOMAD.112737.CP	6.219e-28	125	0	0	0	1	NA	NA	NA	PF00361;PF00662;K22179;TIGR01960;COG1009	NAD(P)H dehydrogenase, subunit NdhF3 family
JAJIVP010000063.1_70	75677	76051	375	1	0.653	11	GGAG/GAGG	GENOMAD.134276.CP	1.684e-24	100	0	0	0	1	NA	NA	NA	K05560;COG1006	Multisubunit Na+/H+ antiporter, MnhC subunit
JAJIVP010000063.1_71	76048	77592	1545	1	0.664	11	GGA/GAG/AGG	GENOMAD.109407.CP	2.992e-117	388	0	0	0	1	NA	NA	NA	COG0651	Formate hydrogenlyase subunit 3/Multisubunit Na+/H+ antiporter, MnhD subunit
JAJIVP010000063.1_72	77589	78095	507	1	0.621	11	GGAGG	GENOMAD.137918.CP	2.536e-48	171	0	0	0	1	NA	NA	NA	PF01899;K05562;COG1863;TIGR00942	Multisubunit Na+/H+ antiporter, MnhE subunit
JAJIVP010000063.1_73	78092	78376	285	1	0.607	11	GGAG/GAGG	GENOMAD.147528.CP	1.212e-07	50	0	0	0	1	NA	NA	NA	PF04066;COG2212;K05563	Multisubunit Na+/H+ antiporter, MnhF subunit
JAJIVP010000063.1_74	78373	78792	420	1	0.612	11	GGAG/GAGG	GENOMAD.138410.CP	1.001e-19	87	0	0	0	1	NA	NA	NA	K05564;COG1320	Multisubunit Na+/H+ antiporter, MnhG subunit
JAJIVP010000063.1_75	79134	79781	648	-1	0.667	11	AGGA	GENOMAD.181422.CP	5.502e-43	158	0	0	0	1	NA	NA	NA	PF06572;COG2913	CAP-associated N-terminal
JAJIVP010000063.1_76	79923	80474	552	1	0.681	11	AGGA	NA	NA	NA	0	0	0	1	NA	NA	NA	NA	NA
JAJIVP010000063.1_77	80784	82097	1314	-1	0.648	11	GGA/GAG/AGG	NA	NA	NA	0	0	0	1	NA	NA	NA	NA	NA
JAJIVP010000063.1_78	82728	83843	1116	-1	0.620	11	GGAG/GAGG	GENOMAD.166667.PC	6.813e-13	73	0	0	0	1	NA	NA	NA	NA	NA
JAJIVP010000063.1_79	83966	84454	489	1	0.654	11	None	GENOMAD.130467.CP	1.06e-46	166	0	0	0	1	NA	NA	NA	PF03965;K22489;TIGR04472;COG5631	mobile rSAM pair MarR family regulator
JAJIVP010000063.1_80	84813	85403	591	-1	0.675	11	AGGAG	GENOMAD.002853.CC	8.67e-15	75	0	0	0	1	NA	NA	NA	PF03190;COG2143;TIGR02738;K06888	Thioredoxin-related protein
JAJIVP010000063.1_81	85415	86935	1521	-1	0.632	11	GGA/GAG/AGG	GENOMAD.159857.CP	3.422e-05	49	0	0	0	1	NA	NA	NA	PF03825;K03305;TIGR00926;COG3104	Peptide:H+ symporter (also transports b-lactam antibiotics, the antitumor agent, bestatin, and various protease inhibitors)
JAJIVP010000063.1_82	87185	88081	897	-1	0.669	11	None	NA	NA	NA	0	0	0	1	NA	NA	NA	NA	NA
JAJIVP010000063.1_83	88508	92089	3582	1	0.691	11	GGA/GAG/AGG	GENOMAD.159408.CP	9.66e-18	92	0	0	0	1	NA	NA	NA	PF19580;PF18942;K07004;COG2374;TIGR03395	Predicted extracellular nuclease
JAJIVP010000063.1_84	92267	93355	1089	1	0.676	11	GGA/GAG/AGG	NA	NA	NA	0	0	0	1	NA	NA	NA	NA	NA
JAJIVP010000063.1_85	93348	94418	1071	1	0.673	11	GGAG/GAGG	NA	NA	NA	0	0	0	1	NA	NA	NA	NA	NA
JAJIVP010000063.1_86	94420	94803	384	1	0.706	11	None	NA	NA	NA	0	0	0	1	NA	NA	NA	NA	NA
JAJIVP010000063.1_87	94800	96254	1455	1	0.698	11	GGA/GAG/AGG	GENOMAD.116475.CP	6.411e-102	342	0	0	0	1	NA	NA	NA	PF00198;PF00364;K09699;TIGR01348;COG0508	pyruvate dehydrogenase complex dihydrolipoamide acetyltransferase, long form
JAJIVP010000064.1_1	136	531	396	1	0.530	11	GGA/GAG/AGG	GENOMAD.116980.PP	4.051e-59	200	0	0	0	1	NA	NA	NA	COG2916;K11685	DNA-binding protein H-NS
JAJIVP010000064.1_2	985	2016	1032	-1	0.532	11	AGGA	GENOMAD.114461.PP	1.737e-90	302	0	0	0	1	NA	NA	NA	NA	NA
JAJIVP010000064.1_3	2631	3923	1293	-1	0.532	11	GGA/GAG/AGG	GENOMAD.190917.PC	2.671e-05	49	0	0	0	1	NA	NA	NA	PF13583	Metallo-peptidase family M12B Reprolysin-like
JAJIVP010000064.1_4	4872	5186	315	1	0.603	11	None	NA	NA	NA	0	0	0	1	NA	NA	NA	NA	NA
JAJIVP010000064.1_5	5248	5727	480	1	0.617	11	GGAG/GAGG	NA	NA	NA	0	0	0	1	NA	NA	NA	NA	NA
JAJIVP010000064.1_6	5777	6214	438	-1	0.550	11	GGAGG	NA	NA	NA	0	0	0	1	NA	NA	NA	NA	NA
JAJIVP010000064.1_7	6214	7044	831	-1	0.574	11	AGGA	NA	NA	NA	0	0	0	1	NA	NA	NA	NA	NA
JAJIVP010000064.1_8	7077	7970	894	-1	0.614	11	GGAG/GAGG	GENOMAD.177500.PC	2.123e-54	195	0	0	0	1	NA	NA	NA	PF09836;COG3219;K09929	Putative DNA-binding domain
JAJIVP010000064.1_9	7963	8892	930	-1	0.598	11	None	GENOMAD.147741.CP	1.7e-38	149	0	0	0	1	NA	NA	NA	PF10048;K09930;COG3220	Predicted integral membrane protein (DUF2282)
JAJIVP010000064.1_10	8947	11025	2079	-1	0.594	11	AGGA	NA	NA	NA	0	0	0	1	NA	NA	NA	NA	NA
JAJIVP010000065.1_1	75	407	333	1	0.613	11	AGGA/GGAG/GAGG	NA	NA	NA	0	0	0	1	NA	NA	NA	NA	NA
JAJIVP010000065.1_2	4085	4369	285	-1	0.551	11	AGGAG	GENOMAD.110984.CP	1.873e-18	81	0	0	0	1	NA	NA	NA	NA	NA
JAJIVP010000065.1_3	4661	4813	153	-1	0.549	11	GGAGG	NA	NA	NA	0	0	0	1	NA	NA	NA	NA	NA
JAJIVP010000065.1_4	5340	5444	105	-1	0.514	11	GGA/GAG/AGG	NA	NA	NA	0	0	0	1	NA	NA	NA	NA	NA
JAJIVP010000066.1_1	2	3268	3267	-1	0.635	11	AGGAG	NA	NA	NA	0	0	0	1	NA	NA	NA	NA	NA
JAJIVP010000066.1_2	3301	3975	675	-1	0.567	11	None	NA	NA	NA	0	0	0	1	NA	NA	NA	NA	NA
JAJIVP010000067.1_1	2	1906	1905	1	0.648	11	None	NA	NA	NA	0	0	0	1	NA	NA	NA	NA	NA
JAJIVP010000067.1_2	2092	2772	681	-1	0.626	11	GGAG/GAGG	NA	NA	NA	0	0	0	1	NA	NA	NA	NA	NA
JAJIVP010000067.1_3	3064	4326	1263	-1	0.660	11	GGxGG	GENOMAD.182562.CP	9.819e-218	674	0	0	0	1	NA	NA	NA	PF08014;COG3930;TIGR02421	conserved hypothetical protein
JAJIVP010000067.1_4	4326	5417	1092	-1	0.677	11	None	GENOMAD.125774.CP	2.735e-46	174	0	0	0	1	NA	NA	NA	PF03193;PF16745;K06949;TIGR00157;COG1162	ribosome small subunit-dependent GTPase A
JAJIVP010000067.1_5	5571	6842	1272	1	0.671	11	None	GENOMAD.099160.CP	5.183e-09	61	0	0	0	1	NA	NA	NA	PF12897;TIGR03542;K08969;COG1168	LL-diaminopimelate aminotransferase
JAJIVP010000067.1_6	6842	7492	651	1	0.653	11	None	GENOMAD.190945.CP	2.646e-05	47	0	0	0	1	NA	NA	NA	PF17182;COG2755;K09795	OSK domain
JAJIVP010000067.1_7	7941	8612	672	1	0.674	11	None	NA	NA	NA	0	0	0	1	NA	NA	NA	NA	NA
JAJIVP010000067.1_8	8759	9535	777	-1	0.714	11	None	NA	NA	NA	0	0	0	1	NA	NA	NA	NA	NA
JAJIVP010000067.1_9	9596	10522	927	1	0.669	11	None	GENOMAD.115269.CP	5.137e-26	112	0	0	0	1	NA	NA	NA	PF01722;PF04908;COG5007;TIGR00365;K05527	Acid stress-induced BolA-like protein IbaG/YrbA, predicted regulator of iron metabolism
JAJIVP010000067.1_10	10721	11590	870	1	0.670	11	AGGA	NA	NA	NA	0	0	0	1	NA	NA	NA	NA	NA
JAJIVP010000067.1_11	11745	12305	561	-1	0.613	11	GGA/GAG/AGG	NA	NA	NA	0	0	0	1	NA	NA	NA	NA	NA
JAJIVP010000067.1_12	12445	13854	1410	1	0.663	11	GGA/GAG/AGG	GENOMAD.104542.CP	8.526e-53	197	0	0	0	1	NA	NA	NA	COG0804;TIGR01792;K12960	Urease alpha subunit
JAJIVP010000067.1_13	13851	15131	1281	1	0.678	11	AGGAG	GENOMAD.124521.CP	1.477e-67	239	0	0	0	1	NA	NA	NA	COG1228;TIGR03178;K01468	Imidazolonepropionase or related amidohydrolase
JAJIVP010000067.1_14	15490	15759	270	1	0.656	11	None	GENOMAD.216367.VC	4.14e-16	74	0	0	0	1	NA	NA	NA	PF02893;COG4687	GRAM domain
JAJIVP010000067.1_15	16125	17669	1545	1	0.645	11	None	NA	NA	NA	0	0	0	1	NA	NA	NA	NA	NA
JAJIVP010000067.1_16	18108	18923	816	-1	0.619	11	GGAG/GAGG	NA	NA	NA	0	0	0	1	NA	NA	NA	NA	NA
JAJIVP010000067.1_17	19403	20347	945	1	0.637	11	GGAGG	GENOMAD.159975.CP	1.411e-88	295	0	0	0	1	NA	NA	NA	PF02645;COG1307;TIGR00762	Fatty acid-binding protein DegV (function unknown)
JAJIVP010000006.1_1	1	1059	1059	-1	0.634	11	AGGAG	NA	NA	NA	0	0	0	1	NA	NA	NA	NA	NA
JAJIVP010000006.1_2	1354	3903	2550	1	0.687	11	GGA/GAG/AGG	GENOMAD.228084.CP	2.585e-21	103	0	0	0	1	NA	NA	NA	PF03772;COG0658;TIGR00361;K11085	Predicted membrane metal-binding protein
JAJIVP010000006.1_3	3851	4456	606	1	0.655	11	None	GENOMAD.114974.CP	2.287e-07	53	0	0	0	1	NA	NA	NA	PF01618;K03561;COG0811;TIGR02796	Biopolymer transport protein ExbB/TolQ
JAJIVP010000006.1_4	4460	4924	465	1	0.641	11	GGA/GAG/AGG	GENOMAD.009388.CC	0.0004091	42	0	0	0	1	NA	NA	NA	PF02472;TIGR02803;COG0848;K03559	TonB system transport protein ExbD, group 1
JAJIVP010000006.1_5	4921	6690	1770	1	0.643	11	GGA/GAG/AGG	NA	NA	NA	0	0	0	1	NA	NA	NA	NA	NA
JAJIVP010000006.1_6	6687	7724	1038	1	0.680	11	None	GENOMAD.000204.CC	3.654e-45	170	0	0	0	1	NA	NA	NA	PF02606;K00912;TIGR00682;COG1663	tetraacyldisaccharide 4'-kinase
JAJIVP010000006.1_7	8029	8808	780	1	0.668	11	GGA/GAG/AGG	NA	NA	NA	0	0	0	1	NA	NA	NA	NA	NA
JAJIVP010000006.1_8	8805	9269	465	1	0.680	11	GGxGG	NA	NA	NA	0	0	0	1	NA	NA	NA	NA	NA
JAJIVP010000006.1_9	9293	10711	1419	1	0.667	11	None	GENOMAD.142989.CP	1.829e-06	53	0	0	0	1	NA	NA	NA	PF08534;TIGR01626;COG0386	conserved hypothetical protein YtfJ-family, TIGR01626
JAJIVP010000006.1_10	10708	12567	1860	1	0.649	11	None	NA	NA	NA	0	0	0	1	NA	NA	NA	NA	NA
JAJIVP010000006.1_11	12564	13196	633	1	0.603	11	GGAG/GAGG	GENOMAD.112939.CP	0.0002281	44	0	0	0	1	NA	NA	NA	COG0558;K08744	Phosphatidylglycerophosphate synthase
JAJIVP010000006.1_12	13537	14817	1281	1	0.605	11	AGGAG	NA	NA	NA	0	0	0	1	NA	NA	NA	NA	NA
JAJIVP010000068.1_1	1	1011	1011	1	0.565	11	None	GENOMAD.123137.PC	2.78e-45	170	0	1	0	1	NA	MOBH	NA	PF07514;PF07515;TIGR03760;K12070;COG3294	Putative helicase; Putative conjugal transfer nickase/helicase TraI C-term
JAJIVP010000068.1_2	1017	1556	540	-1	0.459	11	None	GENOMAD.086806.PP	4.184e-19	87	0	0	0	1	NA	NA	NA	PF13827	NA
JAJIVP010000068.1_3	1596	2177	582	-1	0.483	11	AGxAG	GENOMAD.086806.PP	3.845e-27	111	0	0	0	1	NA	NA	NA	PF13827	NA
JAJIVP010000068.1_4	2164	2682	519	-1	0.501	11	GGAG/GAGG	GENOMAD.086806.PP	1.27e-31	123	0	0	0	1	NA	NA	NA	PF13827	NA
JAJIVP010000068.1_5	2867	3526	660	1	0.567	11	None	NA	NA	NA	0	0	0	1	NA	NA	NA	NA	NA
JAJIVP010000068.1_6	3405	4751	1347	-1	0.603	11	GGA/GAG/AGG	NA	NA	NA	0	0	0	1	NA	NA	NA	NA	NA
JAJIVP010000068.1_7	4748	5338	591	-1	0.504	11	AGGA	NA	NA	NA	0	0	0	1	NA	NA	NA	NA	NA
JAJIVP010000068.1_8	5404	5934	531	-1	0.505	11	AGGAG	NA	NA	NA	0	0	0	1	NA	NA	NA	NA	NA
JAJIVP010000068.1_9	6300	6821	522	-1	0.489	11	None	GENOMAD.086806.PP	5.009e-34	130	0	0	0	1	NA	NA	NA	PF13827	NA
JAJIVP010000068.1_10	6861	7997	1137	-1	0.564	11	GGA/GAG/AGG	GENOMAD.022765.PP	8.562e-216	666	0	1	0	1	NA	T_virB6	NA	K03201;COG3704	Type IV secretory pathway, VirB6 components
JAJIVP010000068.1_11	8029	8802	774	-1	0.553	11	GGA/GAG/AGG	GENOMAD.043515.PP	1.754e-138	436	0	1	0	1	NA	B_traI	NA	PF13605;TIGR02791;COG5314;K03200	P-type DNA transfer protein VirB5
JAJIVP010000068.1_12	9323	9748	426	1	0.585	11	AGGA	NA	NA	NA	0	0	0	1	NA	NA	NA	NA	NA
JAJIVP010000068.1_13	9698	11245	1548	-1	0.578	11	GGA/GAG/AGG	NA	NA	NA	0	0	0	1	NA	NA	NA	NA	NA
JAJIVP010000068.1_14	11654	11974	321	1	0.623	11	GGAG/GAGG	NA	NA	NA	0	0	0	1	NA	NA	NA	NA	NA
JAJIVP010000068.1_15	12436	14013	1578	1	0.553	11	GGA/GAG/AGG	NA	NA	NA	0	0	0	1	NA	NA	NA	NA	NA
JAJIVP010000069.1_1	2	310	309	1	0.612	11	None	NA	NA	NA	0	0	0	1	NA	NA	NA	NA	NA
JAJIVP010000069.1_2	562	1059	498	-1	0.558	11	AGGAG	NA	NA	NA	0	0	0	1	NA	NA	NA	NA	NA
JAJIVP010000069.1_3	1100	1876	777	-1	0.555	11	AGxAG	NA	NA	NA	0	0	0	1	NA	NA	NA	NA	NA
JAJIVP010000069.1_4	1900	2229	330	1	0.561	11	None	NA	NA	NA	0	0	0	1	NA	NA	NA	NA	NA
JAJIVP010000069.1_5	2603	3148	546	1	0.604	11	GGA/GAG/AGG	NA	NA	NA	0	0	0	1	NA	NA	NA	NA	NA
JAJIVP010000070.1_1	189	1646	1458	-1	0.602	11	GGAG/GAGG	NA	NA	NA	0	0	0	1	NA	NA	NA	NA	NA
JAJIVP010000071.1_1	43	612	570	-1	0.668	11	AGGAG	GENOMAD.136393.CP	7.96e-05	45	0	0	0	1	NA	NA	NA	PF03358;K03809;COG0655;TIGR01755	Multimeric flavodoxin WrbA
JAJIVP010000071.1_2	844	1740	897	-1	0.686	11	GGA/GAG/AGG	GENOMAD.190451.PC	2.67e-11	67	0	0	0	1	NA	NA	NA	K21698;TIGR02424;COG0583	pca operon transcription factor PcaQ
JAJIVP010000071.1_3	2107	2925	819	1	0.707	11	AGGAG	GENOMAD.153335.CP	1.779e-10	64	0	0	0	1	NA	NA	NA	PF02900;K00455;TIGR02298;COG3384	3,4-dihydroxyphenylacetate 2,3-dioxygenase
JAJIVP010000071.1_4	3133	4377	1245	1	0.632	11	None	GENOMAD.154219.PC	3.601e-126	409	0	1	0	1	NA	NA	NA	PF06412;TIGR03916;COG4277	putative DNA modification/repair radical SAM protein
JAJIVP010000071.1_5	4656	6092	1437	1	0.658	11	None	GENOMAD.195628.PC	1.066e-42	167	0	0	0	1	NA	NA	NA	PF13566;TIGR03915;K14162	probable DNA metabolism protein
JAJIVP010000071.1_6	6610	7167	558	-1	0.633	11	AGGA	GENOMAD.136862.CP	1.257e-16	80	0	0	0	1	NA	NA	NA	PF02469;COG2335;K19897	Uncaracterized surface protein containing fasciclin (FAS1) repeats
JAJIVP010000071.1_7	7869	9506	1638	1	0.654	11	None	NA	NA	NA	0	0	0	1	NA	NA	NA	NA	NA
JAJIVP010000071.1_8	9783	10727	945	1	0.644	11	None	NA	NA	NA	0	0	0	1	NA	NA	NA	NA	NA
JAJIVP010000071.1_9	10724	11485	762	1	0.615	11	AGGAG	GENOMAD.129876.CP	3.172e-37	143	0	0	0	1	NA	NA	NA	K09694;COG3694	ABC-type uncharacterized transport system, permease component
JAJIVP010000072.1_1	50	2269	2220	-1	0.666	11	GGA/GAG/AGG	GENOMAD.223208.PC	2.394e-22	106	0	0	0	1	NA	NA	NA	PF03170	Bacterial cellulose synthase subunit
JAJIVP010000072.1_2	2419	3231	813	-1	0.652	11	None	NA	NA	NA	0	0	0	1	NA	NA	NA	NA	NA
JAJIVP010000072.1_3	3253	4563	1311	-1	0.645	11	AGGA	NA	NA	NA	0	0	0	1	NA	NA	NA	NA	NA
JAJIVP010000072.1_4	4648	5124	477	-1	0.711	11	AGGAG	NA	NA	NA	0	0	0	1	NA	NA	NA	NA	NA
JAJIVP010000072.1_5	5153	5608	456	-1	0.678	11	None	GENOMAD.205619.PC	1.398e-38	142	0	0	0	1	NA	NA	NA	PF03500	Cellulose synthase subunit D
JAJIVP010000072.1_6	5816	6994	1179	-1	0.640	11	None	NA	NA	NA	0	0	0	1	NA	NA	NA	NA	NA
JAJIVP010000072.1_7	7388	8356	969	-1	0.666	11	GGAG/GAGG	NA	NA	NA	0	0	0	1	NA	NA	NA	NA	NA
JAJIVP010000072.1_8	8338	9735	1398	-1	0.691	11	GGAG/GAGG	NA	NA	NA	0	0	0	1	NA	NA	NA	NA	NA
JAJIVP010000072.1_9	9683	11590	1908	-1	0.631	11	GGAG/GAGG	GENOMAD.110066.CP	9.475e-05	48	0	0	0	1	NA	NA	NA	PF05157;K02652;TIGR02538;COG2804	type IV-A pilus assembly ATPase PilB
JAJIVP010000072.1_10	11601	12635	1035	-1	0.647	11	AGGA	GENOMAD.033146.CC	8.727e-190	589	0	0	0	1	NA	NA	NA	PF11383;K20326;COG4313	Putative MetA-pathway of phenol degradation
JAJIVP010000072.1_11	12764	13603	840	-1	0.665	11	GGA/GAG/AGG	NA	NA	NA	0	0	0	1	NA	NA	NA	NA	NA
JAJIVP010000072.1_12	14207	15364	1158	1	0.678	11	GGAG/GAGG	GENOMAD.162212.CP	1.292e-06	53	0	0	0	1	NA	NA	NA	PF03881;K02204;TIGR00938;COG2334	homoserine kinase, Neisseria type
JAJIVP010000072.1_13	15396	17558	2163	1	0.659	11	GGA/GAG/AGG	GENOMAD.158094.CP	3.719e-108	370	0	0	0	1	NA	NA	NA	PF14905;PF07715;K16090;TIGR01776;COG4773	TonB-dependent lactoferrin and transferrin receptors
JAJIVP010000072.1_14	17739	18314	576	1	0.641	11	GGA/GAG/AGG	NA	NA	NA	0	0	0	1	NA	NA	NA	NA	NA
JAJIVP010000072.1_15	18420	19148	729	1	0.658	11	None	GENOMAD.205743.CP	0.000325	44	0	0	0	1	NA	NA	NA	PF00392;COG2188;K03486;TIGR02404	DNA-binding transcriptional regulator, GntR family
JAJIVP010000072.1_16	19622	20374	753	-1	0.697	11	None	NA	NA	NA	0	0	0	1	NA	NA	NA	NA	NA
JAJIVP010000072.1_17	20505	20804	300	-1	0.423	11	GGAGG	NA	NA	NA	0	0	0	1	NA	NA	NA	NA	NA
JAJIVP010000072.1_18	20876	23167	2292	-1	0.579	11	None	NA	NA	NA	0	0	0	1	NA	NA	NA	NA	NA
JAJIVP010000072.1_19	23164	23961	798	-1	0.706	11	GGAGG	NA	NA	NA	0	0	0	1	NA	NA	NA	NA	NA
JAJIVP010000072.1_20	23951	24604	654	-1	0.685	11	AGGAG	GENOMAD.192187.CP	8.185e-28	114	0	0	0	1	NA	NA	NA	PF04350;COG3167;K02462	Tfp pilus assembly protein PilO
JAJIVP010000072.1_21	24588	25709	1122	-1	0.675	11	GGAG/GAGG	GENOMAD.160484.CP	8.191e-161	507	0	0	0	1	NA	NA	NA	PF12693;PF05134;K02461;TIGR01709;COG3297	type II secretion system protein L
JAJIVP010000072.1_22	25706	26557	852	-1	0.658	11	GGxGG	GENOMAD.152488.CP	2.62e-14	76	0	0	0	1	NA	NA	NA	PF03934;COG3156;K02460;TIGR02600	Type II secretory pathway, component PulK
JAJIVP010000072.1_23	26554	27189	636	-1	0.668	11	GGA/GAG/AGG	GENOMAD.190410.CP	1.286e-29	119	0	0	0	1	NA	NA	NA	PF07379;K02459;TIGR01711;COG4795	type II secretion system protein J
JAJIVP010000072.1_24	27186	27602	417	-1	0.674	11	GGA/GAG/AGG	GENOMAD.161255.CP	2.336e-68	227	0	0	0	1	NA	NA	NA	PF07379;K02458;TIGR01707;COG4967	type II secretion system protein I
JAJIVP010000072.1_25	27599	28108	510	-1	0.692	11	None	GENOMAD.168400.CP	5.087e-32	124	0	0	0	1	NA	NA	NA	PF12019;PF07379;TIGR01708;K02457;COG4970	type II secretion system protein H
JAJIVP010000072.1_26	28118	28549	432	-1	0.641	11	AGGA	NA	NA	NA	0	0	0	1	NA	NA	NA	NA	NA
JAJIVP010000072.1_27	28820	30037	1218	-1	0.644	11	None	GENOMAD.117243.CP	2.029e-42	164	0	0	0	1	NA	NA	NA	PF00482;K02455;TIGR02120;COG1459	type II secretion system protein F
JAJIVP010000072.1_28	30213	31940	1728	-1	0.631	11	GGAG/GAGG	GENOMAD.034940.CC	1.335e-18	93	0	0	0	1	NA	NA	NA	TIGR02538	type IV-A pilus assembly ATPase PilB
JAJIVP010000072.1_29	32070	33953	1884	-1	0.678	11	GGAG/GAGG	GENOMAD.190262.VC	2.478e-09	63	0	0	0	1246	Caudoviricetes	NA	NA	K01342;TIGR03921;COG1404	type VII secretion-associated serine protease mycosin
JAJIVP010000072.1_30	34177	34296	120	-1	0.675	11	None	NA	NA	NA	0	0	0	1	NA	NA	NA	NA	NA
JAJIVP010000073.1_1	66	623	558	1	0.656	11	GGAG/GAGG	NA	NA	NA	0	0	0	1	NA	NA	NA	NA	NA
JAJIVP010000073.1_2	568	1059	492	1	0.636	11	None	NA	NA	NA	0	0	0	1	NA	NA	NA	NA	NA
JAJIVP010000073.1_3	1439	2134	696	1	0.667	11	None	NA	NA	NA	0	0	0	1	NA	NA	NA	NA	NA
JAJIVP010000073.1_4	2248	4353	2106	1	0.652	11	GGA/GAG/AGG	GENOMAD.053052.VV	4.131e-18	92	0	0	0	1	NA	NA	NA	PF01431;K07386;COG3590	Predicted metalloendopeptidase
JAJIVP010000073.1_5	4557	5483	927	-1	0.674	11	None	GENOMAD.194137.CP	1.084e-27	117	0	0	0	1	NA	NA	NA	PF09995;COG3662	Uncharacterized conserved protein, DUF2236 family
JAJIVP010000073.1_6	6048	6647	600	1	0.623	11	AGGAG	NA	NA	NA	0	0	0	1	NA	NA	NA	NA	NA
JAJIVP010000073.1_7	6825	8420	1596	-1	0.660	11	GGA/GAG/AGG	NA	NA	NA	0	0	0	1	NA	NA	NA	NA	NA
JAJIVP010000073.1_8	8742	9113	372	-1	0.653	11	AGGA	NA	NA	NA	0	0	0	1	NA	NA	NA	NA	NA
JAJIVP010000073.1_9	9280	10056	777	-1	0.683	11	GGA/GAG/AGG	NA	NA	NA	0	0	0	1	NA	NA	NA	NA	NA
JAJIVP010000073.1_10	10053	11360	1308	-1	0.668	11	GGA/GAG/AGG	NA	NA	NA	0	0	0	1	NA	NA	NA	NA	NA
JAJIVP010000073.1_11	11669	12883	1215	1	0.686	11	GGA/GAG/AGG	NA	NA	NA	0	0	0	1	NA	NA	NA	NA	NA
JAJIVP010000073.1_12	13192	13386	195	-1	0.574	11	GGA/GAG/AGG	NA	NA	NA	0	0	0	1	NA	NA	NA	NA	NA
JAJIVP010000073.1_13	13867	14373	507	1	0.607	11	AGGAG	NA	NA	NA	0	0	0	1	NA	NA	NA	NA	NA
JAJIVP010000073.1_14	14510	15409	900	1	0.633	11	GGAG/GAGG	NA	NA	NA	0	0	0	1	NA	NA	NA	NA	NA
JAJIVP010000073.1_15	15492	15830	339	1	0.655	11	AGGAG	NA	NA	NA	0	0	0	1	NA	NA	NA	NA	NA
JAJIVP010000073.1_16	15971	16543	573	-1	0.675	11	GGAG/GAGG	NA	NA	NA	0	0	0	1	NA	NA	NA	NA	NA
JAJIVP010000073.1_17	16995	20534	3540	-1	0.644	11	None	GENOMAD.111713.CP	5.692e-29	129	0	0	0	1	NA	NA	NA	PF01739;PF20225;PF03705;K00575;COG1352;TIGR04345	Methylase of chemotaxis methyl-accepting proteins
JAJIVP010000073.1_18	20743	21123	381	1	0.617	11	GGAG/GAGG	NA	NA	NA	0	0	0	1	NA	NA	NA	NA	NA
JAJIVP010000073.1_19	21117	21359	243	-1	0.671	11	GGA/GAG/AGG	NA	NA	NA	0	0	0	1	NA	NA	NA	NA	NA
JAJIVP010000073.1_20	21356	22639	1284	-1	0.654	11	GGA/GAG/AGG	NA	NA	NA	0	0	0	1	NA	NA	NA	NA	NA
JAJIVP010000073.1_21	23174	23455	282	1	0.645	11	GGAG/GAGG	NA	NA	NA	0	0	0	1	NA	NA	NA	NA	NA
JAJIVP010000073.1_22	23747	25156	1410	1	0.640	11	AGGAG	NA	NA	NA	0	0	0	1	NA	NA	NA	NA	NA
JAJIVP010000073.1_23	25147	26169	1023	1	0.633	11	AGGAG	NA	NA	NA	0	0	0	1	NA	NA	NA	NA	NA
JAJIVP010000073.1_24	26282	26467	186	-1	0.575	11	AGGAG	NA	NA	NA	0	0	0	1	NA	NA	NA	NA	NA
JAJIVP010000073.1_25	26639	27280	642	-1	0.603	11	AGGAG	GENOMAD.195028.PC	7.169e-84	276	0	0	0	1	NA	NA	NA	PF20554	NA
JAJIVP010000073.1_26	27499	28365	867	1	0.630	11	AGGAG	NA	NA	NA	0	0	0	1	NA	NA	NA	NA	NA
JAJIVP010000073.1_27	28799	29968	1170	1	0.668	11	GGA/GAG/AGG	GENOMAD.070016.VV	8.86e-21	98	0	0	0	1246	Caudoviricetes	NA	NA	NA	NA
JAJIVP010000073.1_28	30006	31190	1185	1	0.658	11	GGAG/GAGG	NA	NA	NA	0	0	0	1	NA	NA	NA	NA	NA
JAJIVP010000073.1_29	31178	32371	1194	1	0.629	11	AGGAG	GENOMAD.067680.VV	1.378e-16	85	0	0	0	1246	Caudoviricetes	NA	NA	PF06100;TIGR00031;K20678;COG0562	UDP-galactopyranose mutase
JAJIVP010000073.1_30	32461	33612	1152	1	0.664	11	AGGA	NA	NA	NA	0	0	0	1	NA	NA	NA	NA	NA
JAJIVP010000073.1_31	33609	35384	1776	1	0.655	11	None	NA	NA	NA	0	0	0	1	NA	NA	NA	NA	NA
JAJIVP010000073.1_32	35577	35759	183	-1	0.601	11	GGAG/GAGG	GENOMAD.171588.PC	6.898e-07	46	0	0	0	1	NA	NA	NA	PF12244	NA
JAJIVP010000073.1_33	35862	36476	615	-1	0.667	11	AGGAG	GENOMAD.212919.PC	6.356e-115	365	0	0	0	1	NA	NA	NA	PF13628;K08995;COG3544	Uncharacterized conserved protein, DUF305 family
JAJIVP010000073.1_34	36745	37908	1164	1	0.631	11	AGGAG	NA	NA	NA	0	0	0	1	NA	NA	NA	NA	NA
JAJIVP010000073.1_35	37994	38176	183	-1	0.645	11	AGGA	GENOMAD.213149.PC	3.975e-05	41	0	0	0	1	NA	NA	NA	NA	NA
JAJIVP010000073.1_36	38537	38887	351	1	0.635	11	GGA/GAG/AGG	GENOMAD.168258.CV	0.0001551	42	0	0	0	1	NA	NA	NA	COG0727	Fe-S-cluster containining protein
JAJIVP010000073.1_37	38897	39118	222	1	0.658	11	GGAG/GAGG	NA	NA	NA	0	0	0	1	NA	NA	NA	NA	NA
JAJIVP010000073.1_38	39337	39549	213	-1	0.629	11	GGAG/GAGG	NA	NA	NA	0	0	0	1	NA	NA	NA	NA	NA
JAJIVP010000073.1_39	39888	40625	738	1	0.680	11	None	GENOMAD.214525.PC	1.597e-53	190	0	0	0	1	NA	NA	NA	PF11828	NA
JAJIVP010000073.1_40	40603	43293	2691	1	0.666	11	GGA/GAG/AGG	GENOMAD.207668.CP	4.329e-158	524	0	0	0	1	NA	NA	NA	NA	NA
JAJIVP010000073.1_41	43290	43961	672	1	0.677	11	None	NA	NA	NA	0	0	0	1	NA	NA	NA	NA	NA
JAJIVP010000073.1_42	43958	44623	666	1	0.682	11	None	GENOMAD.214524.PC	2.449e-24	104	0	0	0	1	NA	NA	NA	PF11445	NA
JAJIVP010000073.1_43	44959	47100	2142	-1	0.648	11	AGGAG	GENOMAD.148417.CP	3.943e-44	176	0	0	0	1246	Caudoviricetes	NA	NA	PF14905;PF07715;K16090;TIGR01783;COG4774	TonB-dependent siderophore receptor
JAJIVP010000073.1_44	47184	48452	1269	-1	0.662	11	GGAG/GAGG	GENOMAD.170120.CP	1.432e-41	162	0	0	0	1	NA	NA	NA	PF12040;PF12679;TIGR03518;COG1277	ABC-2 family transporter protein
JAJIVP010000073.1_45	48452	49888	1437	-1	0.667	11	GGAG/GAGG	GENOMAD.157881.CP	1.069e-52	197	0	0	0	1	NA	NA	NA	PF12040;PF12679;TIGR03518;COG4200	ABC-2 family transporter protein
JAJIVP010000073.1_46	49899	50621	723	-1	0.685	11	None	NA	NA	NA	0	0	0	1	NA	NA	NA	NA	NA
JAJIVP010000073.1_47	50864	52378	1515	1	0.667	11	None	GENOMAD.145507.CP	4.035e-30	129	0	0	0	1	NA	NA	NA	PF17033;COG4073;K14054;TIGR02994	Carboxypeptidase controlling helical cell shape catalytic
JAJIVP010000073.1_48	52580	53506	927	-1	0.661	11	GGAG/GAGG	GENOMAD.190451.PC	2.173e-08	58	0	0	0	1	NA	NA	NA	K21698;TIGR02424;COG0583	pca operon transcription factor PcaQ
JAJIVP010000073.1_49	53632	54033	402	1	0.669	11	GGAG/GAGG	NA	NA	NA	0	0	0	1	NA	NA	NA	NA	NA
JAJIVP010000073.1_50	54496	55233	738	1	0.615	11	AGGAG	NA	NA	NA	0	0	0	1	NA	NA	NA	NA	NA
JAJIVP010000073.1_51	55526	56311	786	1	0.672	11	None	NA	NA	NA	0	0	0	1	NA	NA	NA	NA	NA
JAJIVP010000073.1_52	56500	57426	927	-1	0.667	11	GGA/GAG/AGG	NA	NA	NA	0	0	0	1	NA	NA	NA	NA	NA
JAJIVP010000073.1_53	57559	58209	651	1	0.657	11	GGA/GAG/AGG	GENOMAD.153566.CP	1.492e-10	63	0	0	0	1	NA	NA	NA	PF02525;K01118;COG1182;TIGR02690	Flavodoxin-like fold
JAJIVP010000073.1_54	58213	58497	285	1	0.635	11	GGAGG	GENOMAD.170118.CP	2.462e-23	95	0	0	0	1	NA	NA	NA	PF02426;COG4829;TIGR03221	Muconolactone delta-isomerase
JAJIVP010000073.1_55	58565	58936	372	-1	0.680	11	GGA/GAG/AGG	GENOMAD.196044.PC	4.896e-29	113	0	0	0	1	NA	NA	NA	NA	NA
JAJIVP010000073.1_56	58991	59221	231	-1	0.641	11	None	NA	NA	NA	0	0	0	1	NA	NA	NA	NA	NA
JAJIVP010000073.1_57	59504	59686	183	-1	0.596	11	GGAG/GAGG	NA	NA	NA	0	0	0	1	NA	NA	NA	NA	NA
JAJIVP010000073.1_58	59884	60129	246	1	0.667	11	GGAG/GAGG	NA	NA	NA	0	0	0	1	NA	NA	NA	NA	NA
JAJIVP010000073.1_59	60082	61560	1479	-1	0.642	11	GGAG/GAGG	NA	NA	NA	0	0	0	1	NA	NA	NA	NA	NA
JAJIVP010000073.1_60	61823	63619	1797	-1	0.665	11	None	NA	NA	NA	0	0	0	1	NA	NA	NA	NA	NA
JAJIVP010000073.1_61	63840	64385	546	1	0.625	11	GGA/GAG/AGG	NA	NA	NA	0	0	0	1	NA	NA	NA	NA	NA
JAJIVP010000073.1_62	64416	65192	777	-1	0.629	11	None	NA	NA	NA	0	0	0	1	NA	NA	NA	NA	NA
JAJIVP010000073.1_63	65189	65401	213	-1	0.610	11	AGGAG	NA	NA	NA	0	0	0	1	NA	NA	NA	NA	NA
JAJIVP010000073.1_64	65650	66573	924	-1	0.640	11	GGAG/GAGG	NA	NA	NA	0	0	0	1	NA	NA	NA	NA	NA
JAJIVP010000073.1_65	66704	67486	783	1	0.639	11	GGAG/GAGG	NA	NA	NA	0	0	0	1	NA	NA	NA	NA	NA
JAJIVP010000073.1_66	67543	67950	408	1	0.610	11	GGA/GAG/AGG	GENOMAD.197764.PC	2.997e-64	215	0	0	0	1	NA	NA	NA	PF07080;K06893;COG3631;TIGR02096	Ketosteroid isomerase-related protein
JAJIVP010000073.1_67	68700	69359	660	1	0.592	11	GGAG/GAGG	NA	NA	NA	0	0	0	1	NA	NA	NA	NA	NA
JAJIVP010000073.1_68	69806	69967	162	-1	0.568	11	GGAG/GAGG	NA	NA	NA	0	0	0	1	NA	NA	NA	NA	NA
JAJIVP010000073.1_69	70000	70248	249	-1	0.498	11	GGA/GAG/AGG	NA	NA	NA	0	0	0	1	NA	NA	NA	NA	NA
JAJIVP010000073.1_70	70245	70364	120	-1	0.492	11	AGGA	NA	NA	NA	0	0	0	1	NA	NA	NA	NA	NA
JAJIVP010000073.1_71	70759	71238	480	1	0.650	11	None	NA	NA	NA	0	0	0	1	NA	NA	NA	NA	NA
JAJIVP010000073.1_72	71238	71534	297	1	0.640	11	None	NA	NA	NA	0	0	0	1	NA	NA	NA	NA	NA
JAJIVP010000073.1_73	71941	72396	456	1	0.592	11	None	GENOMAD.134219.VP	1.879e-60	205	0	0	1	1246	Caudoviricetes	NA	NA	PF05069;TIGR01635;COG5005	phage virion morphogenesis (putative tail completion) protein
JAJIVP010000073.1_74	72568	73392	825	1	0.458	11	None	NA	NA	NA	0	0	0	1	NA	NA	NA	NA	NA
JAJIVP010000073.1_75	74833	75066	234	1	0.585	11	None	GENOMAD.221919.VP	2.132e-17	77	0	0	0	1246	Caudoviricetes	NA	NA	PF00589	Phage integrase family
JAJIVP010000073.1_76	75480	75725	246	-1	0.630	11	GGA/GAG/AGG	NA	NA	NA	0	0	0	1	NA	NA	NA	NA	NA
JAJIVP010000073.1_77	75994	77871	1878	-1	0.612	11	GGA/GAG/AGG	GENOMAD.182050.VC	1.073e-12	74	0	0	0	1246	Caudoviricetes	NA	NA	PF12645;K03087;TIGR02997;COG0568	RNA polymerase sigma factor, cyanobacterial RpoD-like family
JAJIVP010000073.1_78	77980	78420	441	-1	0.667	11	GGA/GAG/AGG	GENOMAD.094199.CP	9.816e-32	122	0	0	0	2773	Inoviridae	NA	NA	PF02580;COG1490;TIGR00256	D-Tyr-tRNAtyr deacylase
JAJIVP010000073.1_79	78521	79435	915	1	0.692	11	None	GENOMAD.130675.CP	4.208e-17	85	0	0	0	1	NA	NA	NA	PF03279;K02517;TIGR02207;COG4261	lipid A biosynthesis lauroyl (or palmitoleoyl) acyltransferase
JAJIVP010000073.1_80	79445	79966	522	-1	0.655	11	None	NA	NA	NA	0	0	0	1	NA	NA	NA	NA	NA
JAJIVP010000073.1_81	80212	81345	1134	1	0.709	11	GGAG/GAGG	NA	NA	NA	0	0	0	1	NA	NA	NA	NA	NA
JAJIVP010000073.1_82	81451	81960	510	1	0.686	11	None	GENOMAD.145294.CP	4.45e-51	179	0	0	0	1	NA	NA	NA	COG3402	Uncharacterized membrane protein YdbS, contains bPH2 (bacterial pleckstrin homology) domain
JAJIVP010000073.1_83	81957	83462	1506	1	0.672	11	None	GENOMAD.154528.CP	9.529e-259	797	0	0	0	1	NA	NA	NA	PF03703;K08981;COG3428	Uncharacterized membrane protein YdbT, contains bPH2 (bacterial pleckstrin homology) domain
JAJIVP010000073.1_84	83623	84678	1056	-1	0.667	11	GGAG/GAGG	GENOMAD.209073.VC	9.951e-92	306	0	0	0	1	NA	NA	NA	PF04464;COG3563;TIGR00215;K18429	Capsule polysaccharide export protein KpsC/LpsZ
JAJIVP010000073.1_85	84682	85506	825	1	0.673	11	None	NA	NA	NA	0	0	0	1	NA	NA	NA	NA	NA
JAJIVP010000073.1_86	85701	86978	1278	-1	0.682	11	None	GENOMAD.167722.CP	2.353e-27	119	0	0	0	1	NA	NA	NA	NA	NA
JAJIVP010000073.1_87	87144	88865	1722	-1	0.676	11	None	GENOMAD.133902.CP	1.438e-136	447	0	0	0	1	NA	NA	NA	COG1807;K07264	4-amino-4-deoxy-L-arabinose transferase or related glycosyltransferase of PMT family
JAJIVP010000073.1_88	88914	90224	1311	-1	0.693	11	None	GENOMAD.052197.CP	2.456e-63	227	0	0	0	1246	Caudoviricetes	NA	NA	PF01189;PF01029;PF17125;K03500;TIGR00563;COG0144	16S rRNA (cytosine(967)-C(5))-methyltransferase
JAJIVP010000073.1_89	90224	91147	924	-1	0.708	11	None	GENOMAD.081094.CV	4.677e-30	124	0	0	0	1246	Caudoviricetes	NA	NA	PF00551;K03500;COG0223;TIGR00460	Methionyl-tRNA formyltransferase
JAJIVP010000073.1_90	91528	92040	513	-1	0.622	11	None	GENOMAD.120807.VC	5.537e-08	54	0	0	0	1246	Caudoviricetes	NA	NA	PF01327;PF06213;TIGR01651;COG0242;K01462	cobaltochelatase, CobT subunit
JAJIVP010000073.1_91	92208	93308	1101	1	0.649	11	None	GENOMAD.001963.CC	6.533e-13	73	0	0	0	1	NA	NA	NA	PF16538	Flagellar assembly protein T, C-terminal domain
JAJIVP010000073.1_92	93380	94525	1146	1	0.695	11	None	NA	NA	NA	0	0	0	1	NA	NA	NA	NA	NA
JAJIVP010000073.1_93	94568	95041	474	1	0.597	11	GGA/GAG/AGG	GENOMAD.003255.CC	8.34e-30	117	0	0	0	1	NA	NA	NA	PF04361;K03747;COG2922	Uncharacterized conserved protein Smg, DUF494 family
JAJIVP010000073.1_94	95082	95807	726	1	0.676	11	GGA/GAG/AGG	GENOMAD.189856.CP	0.0003219	44	0	0	0	1	NA	NA	NA	PF10947;PF02213	GYF domain
JAJIVP010000073.1_95	95849	97120	1272	1	0.689	11	GGA/GAG/AGG	GENOMAD.170827.CP	1.526e-06	53	0	0	0	1	NA	NA	NA	COG1714	Uncharacterized membrane protein YckC, RDD family
JAJIVP010000073.1_96	97303	99795	2493	1	0.645	11	None	NA	NA	NA	0	0	0	1	NA	NA	NA	NA	NA
JAJIVP010000073.1_97	99806	100369	564	1	0.723	11	GGAG/GAGG	NA	NA	NA	0	0	0	1	NA	NA	NA	NA	NA
JAJIVP010000073.1_98	100599	101375	777	1	0.699	11	None	NA	NA	NA	0	0	0	1	NA	NA	NA	NA	NA
JAJIVP010000073.1_99	101372	102049	678	1	0.695	11	None	NA	NA	NA	0	0	0	1	NA	NA	NA	NA	NA
JAJIVP010000073.1_100	102218	103120	903	-1	0.649	11	None	NA	NA	NA	0	0	0	1	NA	NA	NA	NA	NA
JAJIVP010000074.1_1	3	629	627	1	0.648	11	None	NA	NA	NA	0	0	0	1	NA	NA	NA	NA	NA
JAJIVP010000075.1_1	354	2147	1794	-1	0.673	11	AGGA	NA	NA	NA	0	0	0	1	NA	NA	NA	NA	NA
JAJIVP010000075.1_2	2201	2677	477	-1	0.673	11	AGGA	NA	NA	NA	0	0	0	1	NA	NA	NA	NA	NA
JAJIVP010000075.1_3	2792	3328	537	-1	0.665	11	GGAG/GAGG	NA	NA	NA	0	0	0	1	NA	NA	NA	NA	NA
JAJIVP010000075.1_4	3833	4108	276	1	0.659	11	None	NA	NA	NA	0	0	0	1	NA	NA	NA	NA	NA
JAJIVP010000075.1_5	4260	4745	486	-1	0.650	11	None	NA	NA	NA	0	0	0	1	NA	NA	NA	NA	NA
JAJIVP010000075.1_6	4801	5115	315	-1	0.632	11	GGA/GAG/AGG	NA	NA	NA	0	0	0	1	NA	NA	NA	NA	NA
JAJIVP010000075.1_7	5356	5556	201	-1	0.627	11	GGA/GAG/AGG	NA	NA	NA	0	0	0	1	NA	NA	NA	NA	NA
JAJIVP010000075.1_8	5893	6504	612	1	0.641	11	AGGA	NA	NA	NA	0	0	0	1	NA	NA	NA	NA	NA
JAJIVP010000075.1_9	6635	8257	1623	1	0.631	11	GGAG/GAGG	NA	NA	NA	0	0	0	1	NA	NA	NA	NA	NA
JAJIVP010000075.1_10	8629	8904	276	-1	0.612	11	AGGA	GENOMAD.000968.CC	4.603e-31	117	0	0	0	1	NA	NA	NA	PF04362;COG2924	Fe-S cluster biosynthesis and repair protein YggX
JAJIVP010000075.1_11	8928	10001	1074	-1	0.674	11	None	NA	NA	NA	0	0	0	1	NA	NA	NA	NA	NA
JAJIVP010000075.1_12	10349	11968	1620	-1	0.698	11	None	GENOMAD.050490.CV	1.156e-10	67	1	0	0	1246	Caudoviricetes	NA	NA	PF02881;PF01591;K03106;TIGR00959;COG0541	signal recognition particle protein
JAJIVP010000075.1_13	12174	12890	717	-1	0.646	11	None	GENOMAD.138359.CP	7.894e-06	49	0	0	0	1	NA	NA	NA	PF12833;K13631;COG2207	AraC-type DNA-binding domain and AraC-containing proteins
JAJIVP010000075.1_14	13051	13989	939	1	0.699	11	GGAG/GAGG	NA	NA	NA	0	0	0	1	NA	NA	NA	NA	NA
JAJIVP010000075.1_15	13989	15266	1278	1	0.719	11	None	NA	NA	NA	0	0	0	1	NA	NA	NA	NA	NA
JAJIVP010000075.1_16	15263	15508	246	1	0.699	11	AGGAG	GENOMAD.160289.CP	3.711e-21	88	0	0	0	1	NA	NA	NA	PF13510;K22550;COG3383;TIGR01973	Predicted molibdopterin-dependent oxidoreductase YjgC
JAJIVP010000075.1_17	15501	16814	1314	1	0.705	11	GGA/GAG/AGG	GENOMAD.133542.CP	4.357e-42	164	0	0	0	1	NA	NA	NA	PF01134;PF17806;K24954;COG1251;TIGR01372	NAD(P)H-nitrite reductase, large subunit
JAJIVP010000075.1_18	16811	17719	909	1	0.671	11	GGA/GAG/AGG	NA	NA	NA	0	0	0	1	NA	NA	NA	NA	NA
JAJIVP010000075.1_19	17930	19546	1617	1	0.695	11	GGA/GAG/AGG	GENOMAD.168696.PC	1.327e-76	270	0	0	0	1	NA	NA	NA	PF07368;TIGR00407;COG0014;K18601	gamma-glutamyl phosphate reductase
JAJIVP010000075.1_20	19543	20742	1200	1	0.672	11	GGAG/GAGG	GENOMAD.128896.CP	9.403e-09	60	0	0	0	1	NA	NA	NA	PF00557;COG0006;K01271;TIGR02993	Xaa-Pro aminopeptidase
JAJIVP010000075.1_21	20858	22675	1818	1	0.644	11	GGAG/GAGG	GENOMAD.142795.CP	0.0003617	46	0	0	0	1	NA	NA	NA	PF05960;COG4805	Bacterial protein of unknown function (DUF885)
JAJIVP010000075.1_22	22672	24537	1866	1	0.650	11	GGAGG	GENOMAD.142795.CP	2.012e-08	60	0	0	0	1	NA	NA	NA	PF05960;COG4805	Bacterial protein of unknown function (DUF885)
JAJIVP010000075.1_23	24600	26186	1587	1	0.645	11	None	NA	NA	NA	0	0	0	1	NA	NA	NA	NA	NA
JAJIVP010000075.1_24	26176	28515	2340	1	0.656	11	GGAGG	GENOMAD.124454.CP	2.884e-223	709	0	0	0	1	NA	NA	NA	K01278;COG1770	Protease II
JAJIVP010000075.1_25	28512	30146	1635	1	0.654	11	GGAGG	GENOMAD.208849.PC	6.613e-96	327	0	0	0	1	NA	NA	NA	PF18120;PF01301;K12308;COG1874;TIGR03356	Glycosyl hydrolases family 35
JAJIVP010000075.1_26	30237	30533	297	1	0.643	11	GGAG/GAGG	GENOMAD.029425.CC	7.774e-06	45	0	0	0	1	NA	NA	NA	NA	NA
JAJIVP010000075.1_27	30830	32401	1572	-1	0.660	11	AGGA/GGAG/GAGG	NA	NA	NA	0	0	0	1	NA	NA	NA	NA	NA
JAJIVP010000075.1_28	32873	35230	2358	1	0.665	11	GGAG/GAGG	GENOMAD.216233.CP	0.0	1257	0	0	0	1	NA	NA	NA	PF12899;COG3387	Alkaline and neutral invertase
JAJIVP010000075.1_29	35711	38527	2817	1	0.643	11	AGGA	NA	NA	NA	0	0	0	1	NA	NA	NA	NA	NA
JAJIVP010000075.1_30	38927	43285	4359	1	0.661	11	GGA/GAG/AGG	GENOMAD.182959.CP	1.818e-300	965	0	0	0	1	NA	NA	NA	K18206	NA
JAJIVP010000075.1_31	43282	44868	1587	1	0.657	11	GGA/GAG/AGG	GENOMAD.151274.CP	2.289e-29	127	0	0	0	1246	Caudoviricetes	NA	NA	K15921;COG3940	Beta-xylosidase, GH43 family
JAJIVP010000075.1_32	45212	45901	690	-1	0.668	11	GGxGG	NA	NA	NA	0	0	0	1	NA	NA	NA	NA	NA
JAJIVP010000075.1_33	45918	47555	1638	1	0.649	11	None	GENOMAD.124454.CP	2.45e-196	619	0	0	0	1	NA	NA	NA	K01278;COG1770	Protease II
JAJIVP010000075.1_34	48014	50908	2895	1	0.622	11	AGGAG	NA	NA	NA	0	0	0	1	NA	NA	NA	NA	NA
JAJIVP010000075.1_35	51053	53428	2376	1	0.654	11	GGA/GAG/AGG	GENOMAD.166603.CP	2.106e-36	152	0	0	0	1	NA	NA	NA	K09955;COG3533	Uncharacterized conserved protein, DUF1680 family
JAJIVP010000075.1_36	53750	53962	213	-1	0.460	11	GGAG/GAGG	NA	NA	NA	0	0	0	1	NA	NA	NA	NA	NA
JAJIVP010000075.1_37	53964	55499	1536	-1	0.638	11	None	NA	NA	NA	0	0	0	1	NA	NA	NA	NA	NA
JAJIVP010000075.1_38	55492	55815	324	-1	0.401	11	GGA/GAG/AGG	NA	NA	NA	0	0	0	1	NA	NA	NA	NA	NA
JAJIVP010000076.1_1	113	472	360	-1	0.661	11	None	NA	NA	NA	0	0	0	1	NA	NA	NA	NA	NA
JAJIVP010000076.1_2	469	1188	720	-1	0.699	11	None	GENOMAD.034878.CC	2.181e-56	198	0	0	0	1	NA	NA	NA	PF00814;PF07066;K14742;TIGR03725;COG1214	tRNA threonylcarbamoyl adenosine modification protein YeaZ
JAJIVP010000076.1_3	1354	3342	1989	-1	0.688	11	None	NA	NA	NA	0	0	0	1	NA	NA	NA	NA	NA
JAJIVP010000076.1_4	3613	4137	525	-1	0.701	11	GGA/GAG/AGG	GENOMAD.147559.CP	2.879e-58	200	0	0	0	1	NA	NA	NA	PF13512;PF20402;K02656;TIGR02521;COG5010	type IV pilus biogenesis/stability protein PilW
JAJIVP010000076.1_5	4151	6598	2448	-1	0.681	11	None	NA	NA	NA	0	0	0	1	NA	NA	NA	NA	NA
JAJIVP010000076.1_6	6836	8920	2085	1	0.662	11	GGAG/GAGG	NA	NA	NA	0	0	0	1	NA	NA	NA	NA	NA
JAJIVP010000076.1_7	9276	10706	1431	-1	0.727	11	None	GENOMAD.010877.CC	1.422e-168	535	0	0	0	1	NA	NA	NA	K09667;COG4105	Outer membrane protein assembly factor BamD, BamD/ComL family
JAJIVP010000076.1_8	10981	13152	2172	-1	0.679	11	None	NA	NA	NA	0	0	0	1	NA	NA	NA	NA	NA
JAJIVP010000076.1_9	13620	14519	900	1	0.652	11	GGA/GAG/AGG	GENOMAD.180288.CP	1.096e-64	225	0	0	0	1	NA	NA	NA	PF12706;K06136;TIGR02108;COG1234	coenzyme PQQ biosynthesis protein B
JAJIVP010000076.1_10	14516	15268	753	1	0.648	11	GGAG/GAGG	GENOMAD.169830.CP	2.934e-103	334	0	0	0	1	NA	NA	NA	PF03070;PF05402;K06137;TIGR02111;COG5424	coenzyme PQQ biosynthesis protein C
JAJIVP010000076.1_11	15265	15543	279	1	0.642	11	None	GENOMAD.169830.CP	1.905e-17	78	0	0	0	1	NA	NA	NA	PF03070;PF05402;K06137;TIGR02111;COG5424	coenzyme PQQ biosynthesis protein C
JAJIVP010000076.1_12	15540	16658	1119	1	0.685	11	None	NA	NA	NA	0	0	0	1	NA	NA	NA	NA	NA
JAJIVP010000076.1_13	16721	17233	513	1	0.632	11	GGA/GAG/AGG	GENOMAD.209634.PC	6.848e-29	115	0	0	0	1	NA	NA	NA	NA	NA
JAJIVP010000076.1_14	17662	19176	1515	1	0.658	11	GGAG/GAGG	NA	NA	NA	0	0	0	1	NA	NA	NA	NA	NA
JAJIVP010000076.1_15	19577	20503	927	1	0.665	11	None	GENOMAD.142642.CP	1.306e-86	289	0	0	0	1	NA	NA	NA	PF02685;TIGR00749;K00845;COG0837	glucokinase, proteobacterial type
JAJIVP010000076.1_16	20606	23242	2637	1	0.624	11	AGGAG	GENOMAD.152082.CP	2.441e-104	364	0	0	0	1	NA	NA	NA	PF00593;PF07715;PF00691;TIGR01782;COG4773;K16089	TonB-dependent receptor
JAJIVP010000076.1_17	23458	27579	4122	-1	0.670	11	None	GENOMAD.105310.CV	4.439e-152	522	0	0	0	1	NA	NA	NA	PF11898	NA
JAJIVP010000076.1_18	27682	28230	549	1	0.628	11	AGGA	NA	NA	NA	0	0	0	1	NA	NA	NA	NA	NA
JAJIVP010000076.1_19	28612	30408	1797	1	0.659	11	None	NA	NA	NA	0	0	0	1	NA	NA	NA	NA	NA
JAJIVP010000076.1_20	30547	31044	498	1	0.645	11	GGA/GAG/AGG	NA	NA	NA	0	0	0	1	NA	NA	NA	NA	NA
JAJIVP010000076.1_21	31123	31527	405	1	0.622	11	GGA/GAG/AGG	NA	NA	NA	0	0	0	1	NA	NA	NA	NA	NA
JAJIVP010000076.1_22	31686	32456	771	1	0.650	11	GGA/GAG/AGG	NA	NA	NA	0	0	0	1	NA	NA	NA	NA	NA
JAJIVP010000076.1_23	33151	33261	111	1	0.468	11	AGGAG	NA	NA	NA	0	0	0	1	NA	NA	NA	NA	NA
JAJIVP010000076.1_24	33352	34062	711	-1	0.660	11	GGA/GAG/AGG	GENOMAD.106866.CP	7.421e-39	147	0	0	0	1246	Caudoviricetes	NA	NA	COG1187	16S rRNA U516 pseudouridylate synthase RsuA and related 23S rRNA U2605, pseudouridylate synthases
JAJIVP010000076.1_25	34295	34501	207	1	0.594	11	AGGAG	NA	NA	NA	0	0	0	1	NA	NA	NA	NA	NA
JAJIVP010000076.1_26	35016	37184	2169	1	0.624	11	GGA/GAG/AGG	NA	NA	NA	0	0	0	1	NA	NA	NA	NA	NA
JAJIVP010000076.1_27	37544	38170	627	-1	0.646	11	GGAG/GAGG	GENOMAD.161205.CP	5.824e-12	67	0	0	0	1	NA	NA	NA	PF01810;K06895;COG1280;TIGR00949	Threonine/homoserine/homoserine lactone efflux protein
JAJIVP010000076.1_28	38272	39174	903	1	0.663	11	GGA/GAG/AGG	GENOMAD.170952.PC	3.491e-70	241	0	0	0	1	NA	NA	NA	PF03466;TIGR03298;COG0583;K21698	transcriptional regulator, ArgP family
JAJIVP010000076.1_29	39444	39803	360	-1	0.589	11	GGAG/GAGG	NA	NA	NA	0	0	0	1	NA	NA	NA	NA	NA
JAJIVP010000076.1_30	39800	40807	1008	-1	0.624	11	GGA/GAG/AGG	NA	NA	NA	0	0	0	1	NA	NA	NA	NA	NA
JAJIVP010000076.1_31	41084	41758	675	1	0.674	11	None	NA	NA	NA	0	0	0	1	NA	NA	NA	NA	NA
JAJIVP010000076.1_32	42130	42813	684	-1	0.645	11	None	NA	NA	NA	0	0	0	1	NA	NA	NA	NA	NA
JAJIVP010000076.1_33	42855	43673	819	-1	0.637	11	None	GENOMAD.083550.CP	6.223e-59	207	0	0	0	1	NA	NA	NA	PF16331;PF13525;COG1729;TIGR03302;K05807	Periplasmic TolA-binding protein (function unknown)
JAJIVP010000076.1_34	43680	44198	519	-1	0.632	11	GGA/GAG/AGG	NA	NA	NA	0	0	0	1	NA	NA	NA	NA	NA
JAJIVP010000076.1_35	44256	45575	1320	-1	0.659	11	GGA/GAG/AGG	GENOMAD.000747.CC	1.004e-23	108	0	0	0	1	NA	NA	NA	PF04052;TIGR02800;COG0823	tol-pal system beta propeller repeat protein TolB
JAJIVP010000076.1_36	45764	46804	1041	-1	0.685	11	GGA/GAG/AGG	GENOMAD.007324.CC	2.031e-41	159	0	0	0	1	NA	NA	NA	PF06519	TolA C-terminal
JAJIVP010000076.1_37	46794	47243	450	-1	0.627	11	AGGA	GENOMAD.124417.CP	1.384e-09	58	0	0	0	1	NA	NA	NA	PF02472;K03560;TIGR02801;COG0848	TolR protein
JAJIVP010000076.1_38	47401	48180	780	-1	0.655	11	GGAG/GAGG	GENOMAD.114974.CP	1.093e-06	52	0	0	0	1	NA	NA	NA	PF01618;K03561;COG0811;TIGR02796	Biopolymer transport protein ExbB/TolQ
JAJIVP010000076.1_39	48192	48650	459	-1	0.632	11	None	GENOMAD.116981.CP	1.634e-19	87	0	0	0	1	NA	NA	NA	PF13279;TIGR02799;K07107;COG0824	tol-pal system-associated acyl-CoA thioesterase
JAJIVP010000076.1_40	48703	49743	1041	-1	0.663	11	GGA/GAG/AGG	NA	NA	NA	0	0	0	1	NA	NA	NA	NA	NA
JAJIVP010000076.1_41	49783	50901	1119	-1	0.674	11	GGAG/GAGG	NA	NA	NA	0	0	0	1	NA	NA	NA	NA	NA
JAJIVP010000076.1_42	50904	52808	1905	-1	0.654	11	None	NA	NA	NA	0	0	0	1	NA	NA	NA	NA	NA
JAJIVP010000076.1_43	53005	53589	585	-1	0.674	11	GGxGG	NA	NA	NA	0	0	0	1	NA	NA	NA	NA	NA
JAJIVP010000076.1_44	53747	54271	525	-1	0.672	11	None	NA	NA	NA	0	0	0	1	NA	NA	NA	NA	NA
JAJIVP010000076.1_45	54402	55130	729	-1	0.660	11	GGA/GAG/AGG	NA	NA	NA	0	0	0	1	NA	NA	NA	NA	NA
JAJIVP010000076.1_46	55220	55897	678	-1	0.740	11	GGA/GAG/AGG	NA	NA	NA	0	0	0	1	NA	NA	NA	NA	NA
JAJIVP010000076.1_47	55993	56520	528	-1	0.642	11	GGAG/GAGG	NA	NA	NA	0	0	0	1	NA	NA	NA	NA	NA
JAJIVP010000076.1_48	56985	58751	1767	-1	0.661	11	GGAG/GAGG	GENOMAD.103290.CV	8.254e-16	84	0	0	0	1246	Caudoviricetes	NA	NA	PF02938	GAD domain
JAJIVP010000076.1_49	58909	59721	813	1	0.712	11	AGGA	GENOMAD.207981.CP	2.128e-23	103	0	0	0	1	NA	NA	NA	PF11218	NA
JAJIVP010000076.1_50	60162	60455	294	-1	0.667	11	None	GENOMAD.129440.VC	2.14e-18	81	0	0	0	1246	Caudoviricetes	NA	NA	PF13397;COG2331;TIGR02605	Predicted nucleic acid-binding protein, contains Zn-ribbon domain
JAJIVP010000076.1_51	60929	62167	1239	1	0.659	11	GGAG/GAGG	GENOMAD.147262.CP	5.374e-89	301	0	0	0	1	NA	NA	NA	COG2223	Nitrate/nitrite transporter NarK
JAJIVP010000076.1_52	62631	65027	2397	1	0.644	11	GGA/GAG/AGG	GENOMAD.148078.PC	0.0	1294	0	0	0	1	NA	NA	NA	PF14905;PF07715;K16091;TIGR01776;COG4772	TonB-dependent lactoferrin and transferrin receptors
JAJIVP010000076.1_53	65102	67249	2148	1	0.680	11	GGA/GAG/AGG	NA	NA	NA	0	0	0	1	NA	NA	NA	NA	NA
JAJIVP010000076.1_54	67508	68413	906	-1	0.648	11	None	NA	NA	NA	0	0	0	1	NA	NA	NA	NA	NA
JAJIVP010000076.1_55	68526	69419	894	-1	0.677	11	AGGAG	NA	NA	NA	0	0	0	1	NA	NA	NA	NA	NA
JAJIVP010000076.1_56	69520	70395	876	1	0.700	11	None	NA	NA	NA	0	0	0	1	NA	NA	NA	NA	NA
JAJIVP010000076.1_57	70411	70911	501	-1	0.651	11	GGA/GAG/AGG	NA	NA	NA	0	0	0	1	NA	NA	NA	NA	NA
JAJIVP010000076.1_58	71104	73020	1917	-1	0.660	11	GGA/GAG/AGG	NA	NA	NA	0	0	0	1	NA	NA	NA	NA	NA
JAJIVP010000076.1_59	73200	75584	2385	1	0.665	11	GGAG/GAGG	NA	NA	NA	0	0	0	1	NA	NA	NA	NA	NA
JAJIVP010000076.1_60	76008	76433	426	1	0.629	11	GGAG/GAGG	NA	NA	NA	0	0	0	1	NA	NA	NA	NA	NA
JAJIVP010000076.1_61	76707	79094	2388	1	0.626	11	GGAG/GAGG	NA	NA	NA	0	0	0	1	NA	NA	NA	NA	NA
JAJIVP010000076.1_62	79437	81836	2400	1	0.644	11	GGA/GAG/AGG	NA	NA	NA	0	0	0	1	NA	NA	NA	NA	NA
JAJIVP010000076.1_63	82036	83229	1194	-1	0.658	11	GGA/GAG/AGG	GENOMAD.137855.CP	3.504e-12	71	0	0	0	1	NA	NA	NA	PF00067;TIGR04515;K24389;COG2124	P450-derived glycosyltranferase activator
JAJIVP010000076.1_64	83582	85366	1785	1	0.663	11	GGA/GAG/AGG	NA	NA	NA	0	0	0	1	NA	NA	NA	NA	NA
JAJIVP010000076.1_65	85704	86465	762	1	0.677	11	GGxGG	NA	NA	NA	0	0	0	1	NA	NA	NA	NA	NA
JAJIVP010000076.1_66	86466	88607	2142	1	0.640	11	AGGAG	GENOMAD.135943.CP	3.833e-29	128	0	0	0	1	NA	NA	NA	PF11854;PF07715;K16091;TIGR01776;COG4772	TonB-dependent lactoferrin and transferrin receptors
JAJIVP010000076.1_67	88844	90070	1227	1	0.657	11	GGA/GAG/AGG	GENOMAD.140949.CP	7.71e-12	70	0	0	0	1	NA	NA	NA	PF02786;PF18130;PF18603;COG0439;TIGR03909;K19112	Biotin carboxylase
JAJIVP010000076.1_68	90067	90855	789	1	0.708	11	GGA/GAG/AGG	GENOMAD.159061.PC	3.384e-27	114	0	0	0	1	NA	NA	NA	PF04183;PF06276;COG4264;K23447	Siderophore synthetase component
JAJIVP010000077.1_1	3	1184	1182	-1	0.671	11	GGAG/GAGG	NA	NA	NA	0	0	0	1	NA	NA	NA	NA	NA
JAJIVP010000077.1_2	1217	2227	1011	-1	0.698	11	GGAG/GAGG	GENOMAD.167831.PC	4.6e-63	222	0	0	0	1	NA	NA	NA	PF06996;COG3520;TIGR03347;K11896	Predicted component of the type VI protein secretion system
JAJIVP010000077.1_3	2191	4068	1878	-1	0.675	11	GGAG/GAGG	GENOMAD.166434.PC	2.526e-54	206	0	0	0	1	NA	NA	NA	PF05947;COG3519;K11896;TIGR03359	Type VI protein secretion system component VasA
JAJIVP010000077.1_4	4071	4574	504	-1	0.661	11	GGxGG	GENOMAD.183209.PC	3.679e-15	75	0	0	0	1	NA	NA	NA	K11897;COG3518;TIGR03357	Predicted component of the type VI protein secretion system
JAJIVP010000077.1_5	4562	5401	840	-1	0.663	11	GGAG/GAGG	NA	NA	NA	0	0	0	1	NA	NA	NA	NA	NA
JAJIVP010000077.1_6	5428	5931	504	-1	0.597	11	GGAG/GAGG	NA	NA	NA	0	0	0	1	NA	NA	NA	NA	NA
JAJIVP010000077.1_7	6031	7536	1506	-1	0.625	11	GGA/GAG/AGG	GENOMAD.160889.PC	1.58e-40	161	0	0	0	1	NA	NA	NA	PF18945	EvpB/VC_A0108, tail sheath gpW/gp25-like domain
JAJIVP010000077.1_8	7541	8047	507	-1	0.604	11	GGAGG	GENOMAD.166375.PC	1.078e-09	59	0	0	0	1	NA	NA	NA	NA	NA
JAJIVP010000077.1_9	8794	9693	900	1	0.622	11	None	GENOMAD.218967.CP	7.626e-89	295	0	0	0	1	NA	NA	NA	PF07737	NA
JAJIVP010000077.1_10	9748	9888	141	1	0.681	11	None	NA	NA	NA	0	0	0	1	NA	NA	NA	NA	NA
JAJIVP010000077.1_11	10023	10301	279	1	0.573	11	AGGAG	NA	NA	NA	0	0	0	1	NA	NA	NA	NA	NA
JAJIVP010000077.1_12	10618	11652	1035	-1	0.637	11	GGA/GAG/AGG	NA	NA	NA	0	0	0	1	NA	NA	NA	NA	NA
JAJIVP010000077.1_13	11895	13208	1314	-1	0.644	11	AGGAG	NA	NA	NA	0	0	0	1	NA	NA	NA	NA	NA
JAJIVP010000077.1_14	13205	13675	471	-1	0.618	11	None	GENOMAD.194577.PC	2.279e-77	254	0	0	0	1	NA	NA	NA	PF09990;COG4244	NA
JAJIVP010000077.1_15	14017	15390	1374	1	0.646	11	AGGAG	NA	NA	NA	0	0	0	1	NA	NA	NA	NA	NA
JAJIVP010000077.1_16	15535	16239	705	-1	0.628	11	GGAG/GAGG	NA	NA	NA	0	0	0	1	NA	NA	NA	NA	NA
JAJIVP010000077.1_17	16236	17258	1023	-1	0.630	11	GGAG/GAGG	NA	NA	NA	0	0	0	1	NA	NA	NA	NA	NA
JAJIVP010000077.1_18	17480	17722	243	-1	0.654	11	AGGA	NA	NA	NA	0	0	0	1	NA	NA	NA	NA	NA
JAJIVP010000077.1_19	18860	21595	2736	1	0.679	11	GGA/GAG/AGG	NA	NA	NA	0	0	0	1	NA	NA	NA	NA	NA
JAJIVP010000077.1_20	22083	23198	1116	1	0.676	11	GGA/GAG/AGG	GENOMAD.120637.CP	9.341e-10	63	0	0	0	1	NA	NA	NF000272	PF12700;K15727;TIGR01730;COG0845	RND family efflux transporter, MFP subunit
JAJIVP010000077.1_21	23191	26283	3093	1	0.644	11	GGAG/GAGG	NA	NA	NA	0	0	0	1	NA	NA	NA	NA	NA
JAJIVP010000077.1_22	26280	27764	1485	1	0.696	11	GGAG/GAGG	NA	NA	NA	0	0	0	1	NA	NA	NA	NA	NA
JAJIVP010000077.1_23	27829	28905	1077	1	0.668	11	GGA/GAG/AGG	NA	NA	NA	0	0	0	1	NA	NA	NA	NA	NA
JAJIVP010000077.1_24	28902	29513	612	1	0.645	11	GGAG/GAGG	GENOMAD.162179.PC	9.846e-05	45	0	0	0	1	NA	NA	NA	PF00072;K14987;TIGR02875;COG4566	sporulation transcription factor Spo0A
JAJIVP010000077.1_25	29814	40007	10194	-1	0.661	11	GGA/GAG/AGG	GENOMAD.179736.PC	1.146e-31	140	0	0	0	1	NA	NA	NA	PF03797;COG4625	Uncharacterized conserved protein, contains a C-terminal beta-barrel porin domain
JAJIVP010000077.1_26	40703	42571	1869	1	0.634	11	None	NA	NA	NA	0	0	0	1	NA	NA	NA	NA	NA
JAJIVP010000077.1_27	42702	43400	699	-1	0.644	11	AGGAG	GENOMAD.180976.PC	9.092e-19	88	0	0	0	1	NA	NA	NA	PF07081;PF10039;K09702;COG3506	Regulation of enolase protein 1 (function unknown), concanavalin A-like superfamily
JAJIVP010000077.1_28	43733	44653	921	-1	0.647	11	None	GENOMAD.206339.PC	6.101e-05	47	0	0	0	1	NA	NA	NA	PF04952;COG2988;TIGR02994	Succinylglutamate desuccinylase / Aspartoacylase family
JAJIVP010000077.1_29	44755	45264	510	-1	0.635	11	AGGAG	NA	NA	NA	0	0	0	1	NA	NA	NA	NA	NA
JAJIVP010000077.1_30	45914	46171	258	-1	0.655	11	AGGAGG	NA	NA	NA	0	0	0	1	NA	NA	NA	NA	NA
JAJIVP010000077.1_31	46960	47736	777	-1	0.692	11	GGA/GAG/AGG	NA	NA	NA	0	0	0	1	NA	NA	NA	NA	NA
JAJIVP010000077.1_32	47788	50598	2811	-1	0.673	11	GGA/GAG/AGG	GENOMAD.121843.CP	1.756e-08	61	0	0	0	1	NA	NA	NA	PF01568;COG1153;K00203	Formylmethanofuran dehydrogenase subunit D
JAJIVP010000077.1_33	50595	50957	363	-1	0.664	11	GGAG/GAGG	GENOMAD.145553.CP	6.35e-08	52	0	0	0	1	NA	NA	NA	PF13806;K15762;COG2146;TIGR02694	Ferredoxin subunit of nitrite reductase or a ring-hydroxylating dioxygenase
JAJIVP010000077.1_34	50960	53413	2454	-1	0.634	11	AGGAG	GENOMAD.171155.CP	0.0002631	47	0	0	0	1	NA	NA	NA	PF04324;COG2906	Bacterioferritin-associated ferredoxin
JAJIVP010000077.1_35	53436	54644	1209	-1	0.665	11	GGAG/GAGG	GENOMAD.154757.CP	6.959e-17	86	0	0	0	1	NA	NA	NA	K10850;COG2223	Nitrate/nitrite transporter NarK
JAJIVP010000077.1_36	55532	56620	1089	-1	0.665	11	GGA/GAG/AGG	NA	NA	NA	0	0	0	1	NA	NA	NA	NA	NA
JAJIVP010000077.1_37	56625	57197	573	-1	0.651	11	None	GENOMAD.145587.CP	6.451e-48	171	0	0	0	1	NA	NA	NA	PF03861;PF20161;K07183;COG3707;TIGR02875	Two-component response regulator, AmiR/NasT family, consists of REC and RNA-binding antiterminator (ANTAR) domains
JAJIVP010000077.1_38	57278	58255	978	1	0.697	11	GGAG/GAGG	GENOMAD.126251.CP	3.574e-11	67	0	0	0	1	NA	NA	NA	PF06180;PF13241;COG4822;K24866;TIGR01470	Cobalamin biosynthesis protein CbiK, Co2+ chelatase
JAJIVP010000077.1_39	58605	60038	1434	1	0.653	11	GGA/GAG/AGG	NA	NA	NA	0	0	0	1	NA	NA	NA	NA	NA
JAJIVP010000077.1_40	60031	60963	933	1	0.690	11	GGAG/GAGG	NA	NA	NA	0	0	0	1	NA	NA	NA	NA	NA
JAJIVP010000077.1_41	61065	62147	1083	-1	0.690	11	AGGA/GGAG/GAGG	GENOMAD.141029.CP	1.604e-27	118	0	0	0	1	NA	NA	NA	PF12625	Arabinose-binding domain of AraC transcription regulator, N-term
JAJIVP010000077.1_42	62374	62736	363	-1	0.645	11	AGGA/GGAG/GAGG	NA	NA	NA	0	0	0	1	NA	NA	NA	NA	NA
JAJIVP010000077.1_43	62720	63289	570	-1	0.665	11	None	GENOMAD.111238.CP	2.469e-20	91	0	0	0	1	NA	NA	NA	PF01983;K03752;TIGR03552;COG1920	2-phospho-L-lactate guanylyltransferase
JAJIVP010000077.1_44	63327	64580	1254	-1	0.683	11	None	GENOMAD.119129.CP	2.245e-51	191	0	0	0	1	NA	NA	NA	PF03453;PF00994;PF03454;COG0303;K03750;TIGR00177	Molybdopterin biosynthesis enzyme
JAJIVP010000077.1_45	64785	65060	276	1	0.594	11	GGA/GAG/AGG	NA	NA	NA	0	0	0	1	NA	NA	NA	NA	NA
JAJIVP010000077.1_46	65095	66090	996	-1	0.629	11	None	NA	NA	NA	0	0	0	1	NA	NA	NA	NA	NA
JAJIVP010000077.1_47	66251	67006	756	1	0.615	11	GGA/GAG/AGG	NA	NA	NA	0	0	0	1	NA	NA	NA	NA	NA
JAJIVP010000077.1_48	67204	68373	1170	-1	0.615	11	AGGAG	GENOMAD.161858.VP	0.0001908	46	0	0	0	1246	Caudoviricetes	NA	NA	PF07992;TIGR00031;COG3380;K10209	UDP-galactopyranose mutase
JAJIVP010000077.1_49	68387	68917	531	-1	0.653	11	AGGA/GGAG/GAGG	GENOMAD.190426.CP	2.99e-06	49	0	0	0	1	NA	NA	NA	PF10604;COG5637	Carbon monoxide dehydrogenase subunit G
JAJIVP010000077.1_50	68921	69499	579	-1	0.610	11	GGAG/GAGG	GENOMAD.212919.PC	1.696e-14	74	0	0	0	1	NA	NA	NA	PF13628;K08995;COG3544	Uncharacterized conserved protein, DUF305 family
JAJIVP010000077.1_51	69995	70210	216	-1	0.597	11	AGGAG	NA	NA	NA	0	0	0	1	NA	NA	NA	NA	NA
JAJIVP010000077.1_52	70308	73118	2811	-1	0.628	11	None	GENOMAD.158496.CP	1.094e-54	212	0	0	0	1	NA	NA	NA	PF14905;PF07715;TIGR01782;K16091;COG4774	TonB-dependent receptor
JAJIVP010000077.1_53	73220	74362	1143	1	0.659	11	None	NA	NA	NA	0	0	0	1	NA	NA	NA	NA	NA
JAJIVP010000077.1_54	74702	75922	1221	-1	0.675	11	None	GENOMAD.118734.CP	1.001e-36	147	0	0	0	1	NA	NA	NA	PF03453;PF00994;K03750;COG0303;TIGR00177	Molybdopterin biosynthesis enzyme
JAJIVP010000077.1_55	76225	77622	1398	-1	0.649	11	AGGA	GENOMAD.108638.CP	1.786e-06	53	0	0	0	1	NA	NA	NA	PF03193;PF01176;K06949;TIGR00157;COG1162	ribosome small subunit-dependent GTPase A
JAJIVP010000077.1_56	77633	78850	1218	-1	0.647	11	GGAG/GAGG	NA	NA	NA	0	0	0	1	NA	NA	NA	NA	NA
JAJIVP010000077.1_57	78850	79488	639	-1	0.651	11	GGA/GAG/AGG	NA	NA	NA	0	0	0	1	NA	NA	NA	NA	NA
JAJIVP010000077.1_58	79559	80419	861	-1	0.659	11	None	GENOMAD.092099.CV	4.231e-37	144	0	0	0	1	NA	NA	NA	PF13464;K15539;COG1426;TIGR02612	Cytoskeletal protein RodZ, contains Xre-like HTH and DUF4115 domains
JAJIVP010000077.1_59	80416	81228	813	-1	0.636	11	GGA/GAG/AGG	NA	NA	NA	0	0	0	1	NA	NA	NA	NA	NA
JAJIVP010000077.1_60	81215	82420	1206	-1	0.631	11	GGA/GAG/AGG	NA	NA	NA	0	0	0	1	NA	NA	NA	NA	NA
JAJIVP010000077.1_61	82439	82864	426	-1	0.627	11	GGAG/GAGG	NA	NA	NA	0	0	0	1	NA	NA	NA	NA	NA
JAJIVP010000077.1_62	83083	83715	633	1	0.664	11	None	GENOMAD.125911.CP	1.728e-24	104	0	0	0	1	NA	NA	NA	PF17939;PF00440;K23777;TIGR03384;COG3226	transcriptional repressor BetI
JAJIVP010000077.1_63	83740	86112	2373	1	0.648	11	GGAG/GAGG	NA	NA	NA	0	0	0	1	NA	NA	NA	NA	NA
JAJIVP010000077.1_64	86267	87472	1206	1	0.653	11	GGAG/GAGG	NA	NA	NA	0	0	0	1	NA	NA	NA	NA	NA
JAJIVP010000077.1_65	87786	88187	402	-1	0.644	11	None	NA	NA	NA	0	0	0	1	NA	NA	NA	NA	NA
JAJIVP010000077.1_66	88367	89677	1311	-1	0.652	11	None	NA	NA	NA	0	0	0	1	NA	NA	NA	NA	NA
JAJIVP010000077.1_67	90022	94137	4116	1	0.656	11	None	NA	NA	NA	0	0	0	1	NA	NA	NA	NA	NA
JAJIVP010000077.1_68	94253	94924	672	-1	0.621	11	None	GENOMAD.088139.CV	4.622e-39	147	0	0	0	1246	Caudoviricetes	NA	NA	PF19574;K03634;TIGR00547;COG2834	periplasmic chaperone LolA
JAJIVP010000077.1_69	94989	96917	1929	-1	0.643	11	None	GENOMAD.142957.CP	1.423e-17	90	0	0	0	1	NA	NA	NA	NA	NA
JAJIVP010000077.1_70	97068	99425	2358	-1	0.663	11	GGA/GAG/AGG	GENOMAD.105456.CP	8.623e-32	137	0	0	0	1	NA	NA	NA	PF13491	4TM region of DNA translocase FtsK/SpoIIIE
JAJIVP010000077.1_71	99709	100677	969	1	0.659	11	GGA/GAG/AGG	NA	NA	NA	0	0	0	1	NA	NA	NA	NA	NA
JAJIVP010000077.1_72	100735	101856	1122	1	0.662	11	GGA/GAG/AGG	GENOMAD.103023.CP	3.227e-107	352	0	0	0	1	NA	NA	NA	PF04339;K09919;COG3146;TIGR03019	Peptidogalycan biosysnthesis/recognition
JAJIVP010000077.1_73	102125	103168	1044	1	0.648	11	GGA/GAG/AGG	NA	NA	NA	0	0	0	1	NA	NA	NA	NA	NA
JAJIVP010000077.1_74	103254	104051	798	1	0.664	11	None	GENOMAD.080636.CV	5.268e-86	285	0	0	0	1	NA	NA	NA	PF03588;COG2360;TIGR00667	Leu/Phe-tRNA-protein transferase
JAJIVP010000077.1_75	104132	104350	219	1	0.543	11	GGA/GAG/AGG	NA	NA	NA	0	0	0	1	NA	NA	NA	NA	NA
JAJIVP010000077.1_76	104625	106907	2283	-1	0.634	11	GGAG/GAGG	GENOMAD.046845.VV	1.306e-34	146	0	0	0	1246	Caudoviricetes	NA	NA	PF10431	NA
JAJIVP010000077.1_77	107050	107331	282	-1	0.610	11	None	GENOMAD.136164.CV	7.147e-05	42	0	0	0	1	NA	NA	NA	PF02617;COG2127	ATP-dependent Clp protease adaptor protein ClpS
JAJIVP010000077.1_78	107466	107630	165	1	0.721	11	None	NA	NA	NA	0	0	0	1	NA	NA	NA	NA	NA
JAJIVP010000077.1_79	107627	108085	459	1	0.654	11	GGAG/GAGG	NA	NA	NA	0	0	0	1	NA	NA	NA	NA	NA
JAJIVP010000077.1_80	108082	109218	1137	1	0.669	11	None	NA	NA	NA	0	0	0	1	NA	NA	NA	NA	NA
JAJIVP010000077.1_81	109218	109832	615	1	0.688	11	GGAG/GAGG	GENOMAD.003398.CC	9.561e-18	84	0	0	0	1	NA	NA	NA	PF04356;COG2915;K07153	Regulator of phage lambda lysogenization HflD, binds to CII and stimulates its degradation
JAJIVP010000077.1_82	109981	111171	1191	1	0.646	11	GGA/GAG/AGG	NA	NA	NA	0	0	0	1	NA	NA	NA	NA	NA
JAJIVP010000077.1_83	111258	111542	285	1	0.677	11	None	NA	NA	NA	0	0	0	1	NA	NA	NA	NA	NA
JAJIVP010000077.1_84	112491	115253	2763	-1	0.638	11	None	NA	NA	NA	0	0	0	1	NA	NA	NA	NA	NA
JAJIVP010000077.1_85	115436	117529	2094	1	0.664	11	None	GENOMAD.136246.CP	4.303e-11	69	0	0	0	1	NA	NA	NA	PF14501;COG3920;TIGR01924	Two-component sensor histidine kinase, HisKA and HATPase domains
JAJIVP010000077.1_86	117533	119254	1722	1	0.643	11	GGA/GAG/AGG	NA	NA	NA	0	0	0	1	NA	NA	NA	NA	NA
JAJIVP010000077.1_87	119390	120616	1227	-1	0.611	11	None	NA	NA	NA	0	0	0	1	NA	NA	NA	NA	NA
JAJIVP010000077.1_88	120783	121115	333	-1	0.658	11	None	NA	NA	NA	0	0	0	1	NA	NA	NA	NA	NA
JAJIVP010000077.1_89	121131	121442	312	-1	0.628	11	AGGAG	GENOMAD.141885.CP	1.447e-40	145	0	0	0	1	NA	NA	NA	PF04316;TIGR03824;COG2747	flagellar biosynthesis anti-sigma factor FlgM
JAJIVP010000077.1_90	121509	122153	645	-1	0.693	11	GGA/GAG/AGG	GENOMAD.148229.CP	6.469e-30	120	0	0	0	1	NA	NA	NA	PF13144;PF17656;COG1261;TIGR03170	Flagella basal body P-ring formation protein FlgA
JAJIVP010000077.1_91	122414	123448	1035	1	0.640	11	None	GENOMAD.119444.CP	0.0006466	44	0	0	0	1	NA	NA	NA	PF01584;COG0835;K13489	Chemotaxis signal transduction protein
JAJIVP010000077.1_92	123782	124183	402	1	0.647	11	GGAG/GAGG	GENOMAD.145565.CP	2.11e-17	80	0	0	0	1	NA	NA	NA	PF00460;K02387;TIGR01396;COG1815	flagellar basal-body rod protein FlgB
JAJIVP010000077.1_93	124187	124594	408	1	0.645	11	None	NA	NA	NA	0	0	0	1	NA	NA	NA	NA	NA
JAJIVP010000077.1_94	124632	125297	666	1	0.617	11	GGA/GAG/AGG	GENOMAD.136573.CP	3.487e-31	124	0	0	0	1	NA	NA	NA	PF03963;PF13861;COG1843;K02390	Flagellar hook assembly protein FlgD
JAJIVP010000077.1_95	125329	126552	1224	1	0.638	11	AGGA	GENOMAD.119423.CP	0.0008459	44	0	0	0	1	NA	NA	NA	PF06429;PF00460;K02392;COG4786;TIGR02488	Flagellar basal body rod protein FlgG
JAJIVP010000077.1_96	126697	127452	756	1	0.639	11	None	GENOMAD.119007.CP	5.875e-10	62	0	0	0	1	NA	NA	NA	PF06429;PF00460;K02391;COG4786;TIGR02488	Flagellar basal body rod protein FlgG
JAJIVP010000077.1_97	128212	128997	786	1	0.642	11	GGAG/GAGG	GENOMAD.119007.CP	3.901e-20	93	0	0	0	1	NA	NA	NA	PF06429;PF00460;K02391;COG4786;TIGR02488	Flagellar basal body rod protein FlgG
JAJIVP010000077.1_98	129036	129728	693	1	0.674	11	AGGA	GENOMAD.142369.CP	3.765e-45	165	0	0	0	1	NA	NA	NA	PF02107;COG2063;K02393	Flagellar basal body L-ring protein FlgH
JAJIVP010000077.1_99	129739	130857	1119	1	0.679	11	GGA/GAG/AGG	GENOMAD.141339.CP	5.615e-119	386	0	0	0	1	NA	NA	NA	K02394;COG1706	Flagellar basal body P-ring protein FlgI
JAJIVP010000077.1_100	130859	132037	1179	1	0.666	11	GGAG/GAGG	GENOMAD.161970.CP	2.72e-06	52	0	0	0	1	NA	NA	NA	PF10135;TIGR02541;COG3951	flagellar rod assembly protein/muramidase FlgJ
JAJIVP010000077.1_101	132049	133923	1875	1	0.655	11	GGAG/GAGG	GENOMAD.133367.CP	5.798e-81	286	0	0	0	1	NA	NA	NA	PF00460;K02396;COG1256;TIGR02492	Flagellar hook-associated protein FlgK
JAJIVP010000077.1_102	133923	135128	1206	1	0.641	11	None	GENOMAD.130369.CP	9.562e-61	218	0	0	0	1	NA	NA	NA	PF00669;K02397;TIGR02550;COG1344	flagellar hook-associated protein 3
JAJIVP010000077.1_103	135446	136645	1200	1	0.642	11	AGGAG	NA	NA	NA	0	0	0	1	NA	NA	NA	NA	NA
JAJIVP010000077.1_104	136917	138242	1326	1	0.649	11	GGAG/GAGG	GENOMAD.137994.CP	2.147e-23	107	0	0	0	1	NA	NA	NA	COG1345;K02407	Flagellar capping protein FliD
JAJIVP010000077.1_105	138393	138806	414	1	0.640	11	AGGAG	NA	NA	NA	0	0	0	1	NA	NA	NA	NA	NA
JAJIVP010000077.1_106	138815	139108	294	1	0.643	11	GGA/GAG/AGG	NA	NA	NA	0	0	0	1	NA	NA	NA	NA	NA
JAJIVP010000077.1_107	139108	139674	567	1	0.675	11	GGA/GAG/AGG	GENOMAD.031694.CC	2.315e-84	276	0	0	0	1	NA	NA	NA	PF16823	Atypical PilZ domain, cyclic di-GMP receptor
JAJIVP010000077.1_108	139743	140375	633	1	0.662	11	None	NA	NA	NA	0	0	0	1	NA	NA	NA	NA	NA
JAJIVP010000077.1_109	140592	141995	1404	1	0.672	11	GGA/GAG/AGG	GENOMAD.142809.CP	8.866e-07	54	0	0	0	1	NA	NA	NA	PF00309;TIGR02395;COG1508	Sigma-54 factor, Activator interacting domain (AID)
JAJIVP010000077.1_110	142004	142387	384	1	0.586	11	AGGA	NA	NA	NA	0	0	0	1	NA	NA	NA	NA	NA
JAJIVP010000077.1_111	142380	143864	1485	1	0.666	11	AGGAG	NA	NA	NA	0	0	0	1	NA	NA	NA	NA	NA
JAJIVP010000077.1_112	143982	145091	1110	1	0.618	11	GGAG/GAGG	GENOMAD.076874.VV	1.193e-06	53	0	0	0	1	NA	NA	NA	PF01041;K07806;TIGR03588;COG0399	UDP-4-amino-4,6-dideoxy-N-acetyl-beta-L-altrosamine transaminase
JAJIVP010000077.1_113	145156	145380	225	1	0.582	11	GGA/GAG/AGG	GENOMAD.206422.CP	5.925e-36	130	0	0	0	1	NA	NA	NA	PF10501;K16025;TIGR01688	D-alanine--poly(phosphoribitol) ligase, subunit 2
JAJIVP010000077.1_114	145386	146426	1041	1	0.622	11	GGAG/GAGG	NA	NA	NA	0	0	0	1	NA	NA	NA	NA	NA
JAJIVP010000077.1_115	146423	147190	768	1	0.648	11	None	NA	NA	NA	0	0	0	1	NA	NA	NA	NA	NA
JAJIVP010000077.1_116	147187	147966	780	1	0.623	11	None	NA	NA	NA	0	0	0	1	NA	NA	NA	NA	NA
JAJIVP010000077.1_117	147963	148622	660	1	0.608	11	AGGAG/GGAGG	NA	NA	NA	0	0	0	1	NA	NA	NA	NA	NA
JAJIVP010000077.1_118	148653	149792	1140	1	0.582	11	AGGAG	NA	NA	NA	0	0	0	1	NA	NA	NA	NA	NA
JAJIVP010000077.1_119	149789	150403	615	1	0.618	11	GGAGG	NA	NA	NA	0	0	0	1	NA	NA	NA	NA	NA
JAJIVP010000077.1_120	150458	151687	1230	1	0.571	11	GGA/GAG/AGG	NA	NA	NA	0	0	0	1	NA	NA	NA	NA	NA
JAJIVP010000077.1_121	151872	153146	1275	1	0.598	11	AGGA	NA	NA	NA	0	0	0	1	NA	NA	NA	NA	NA
JAJIVP010000077.1_122	153188	153937	750	1	0.607	11	AGGAG	NA	NA	NA	0	0	0	1	NA	NA	NA	NA	NA
JAJIVP010000077.1_123	153934	154701	768	1	0.569	11	GGA/GAG/AGG	NA	NA	NA	0	0	0	1	NA	NA	NA	NA	NA
JAJIVP010000077.1_124	154946	155314	369	1	0.545	11	GGAG/GAGG	NA	NA	NA	0	0	0	1	NA	NA	NA	NA	NA
JAJIVP010000077.1_125	155885	159385	3501	1	0.680	11	None	GENOMAD.133878.VC	3.52e-10	67	0	0	0	1246	Caudoviricetes	NA	NA	TIGR03087;COG4641	sugar transferase, PEP-CTERM/EpsH1 system associated
JAJIVP010000077.1_126	159813	160184	372	1	0.664	11	None	GENOMAD.140513.CP	1.962e-22	94	0	0	0	1	NA	NA	NA	PF02049;COG1677;TIGR00205	Flagellar hook-basal body complex protein FliE
JAJIVP010000077.1_127	160198	161922	1725	1	0.672	11	GGA/GAG/AGG	GENOMAD.136859.CP	1.729e-36	150	0	0	0	1	NA	NA	NA	PF01514;PF08345;TIGR00206;K02409;COG1766	flagellar basal-body M-ring protein/flagellar hook-basal body protein (fliF)
JAJIVP010000077.1_128	161933	162922	990	1	0.674	11	None	GENOMAD.133766.CP	5.15e-44	166	0	0	0	1	NA	NA	NA	PF01706;PF14841;PF14842;K02410;TIGR00207;COG1536	flagellar motor switch protein FliG
JAJIVP010000077.1_129	162919	163539	621	1	0.712	11	GGAGG	GENOMAD.140316.CP	4.349e-86	282	0	0	0	1	NA	NA	NA	PF06635;COG1317;TIGR03825	Flagellar biosynthesis/type III secretory pathway protein FliH
JAJIVP010000077.1_130	163536	164912	1377	1	0.706	11	GGAG/GAGG	NA	NA	NA	0	0	0	1	NA	NA	NA	NA	NA
JAJIVP010000077.1_131	164916	165371	456	1	0.667	11	GGA/GAG/AGG	GENOMAD.179230.CP	2.343e-66	222	0	0	0	1	NA	NA	NA	PF16789;TIGR02473;COG2882;K02413	flagellar export protein FliJ
JAJIVP010000077.1_132	165368	166660	1293	1	0.716	11	GGAG/GAGG	GENOMAD.021519.CC	2.736e-56	206	0	0	0	1	NA	NA	NA	NA	NA
JAJIVP010000077.1_133	166850	167377	528	1	0.642	11	GGAG/GAGG	GENOMAD.142784.CP	1.25e-10	62	0	0	0	1	NA	NA	NA	PF03748;COG1580	Flagellar basal body-associated protein FliL
JAJIVP010000077.1_134	167388	168401	1014	1	0.641	11	GGA/GAG/AGG	GENOMAD.158788.CP	3.117e-09	61	0	0	0	1	NA	NA	NA	PF02154;PF01052;COG1868;TIGR01397;K02416	Flagellar motor switch protein FliM
JAJIVP010000077.1_135	168398	168736	339	1	0.661	11	AGGA	GENOMAD.168664.PC	1.068e-07	51	0	0	0	1	NA	NA	NA	PF01052;TIGR02480	flagellar motor switch protein FliN
JAJIVP010000077.1_136	168733	169140	408	1	0.681	11	GGAGG	GENOMAD.166188.CP	2.711e-15	74	0	0	0	1	NA	NA	NA	PF04347;COG3190;K02418;TIGR03500	Flagellar biogenesis protein FliO
JAJIVP010000077.1_137	169142	169987	846	1	0.648	11	AGGA	NA	NA	NA	0	0	0	1	NA	NA	NA	NA	NA
JAJIVP010000077.1_138	170836	171105	270	1	0.644	11	None	NA	NA	NA	0	0	0	1	NA	NA	NA	NA	NA
JAJIVP010000077.1_139	171119	171910	792	1	0.669	11	None	GENOMAD.138189.CP	6.983e-10	62	0	0	0	1	NA	NA	NA	PF01311;COG4791;TIGR01401;K02421	Bacterial export proteins, family 1
JAJIVP010000077.1_140	172112	175063	2952	1	0.680	11	None	NA	NA	NA	0	0	0	1	NA	NA	NA	NA	NA
JAJIVP010000077.1_141	175500	178364	2865	1	0.680	11	None	NA	NA	NA	0	0	0	1	NA	NA	NA	NA	NA
JAJIVP010000077.1_142	178635	180716	2082	1	0.681	11	GGA/GAG/AGG	NA	NA	NA	0	0	0	1	NA	NA	NA	NA	NA
JAJIVP010000077.1_143	180856	181986	1131	1	0.648	11	None	NA	NA	NA	0	0	0	1	NA	NA	NA	NA	NA
JAJIVP010000077.1_144	181983	184076	2094	1	0.678	11	GGAG/GAGG	GENOMAD.136785.CP	3.154e-13	76	0	0	0	1	NA	NA	NA	NA	NA
JAJIVP010000077.1_145	184750	186450	1701	1	0.708	11	GGAGG	GENOMAD.091825.CP	3.685e-54	204	0	0	0	1	NA	NA	NA	PF00448;K02404;COG1419;TIGR03499	Flagellar biosynthesis GTPase FlhF
JAJIVP010000077.1_146	186437	187321	885	1	0.671	11	GGAG/GAGG	NA	NA	NA	0	0	0	1	NA	NA	NA	NA	NA
JAJIVP010000077.1_147	187318	188085	768	1	0.671	11	GGAG/GAGG	NA	NA	NA	0	0	0	1	NA	NA	NA	NA	NA
JAJIVP010000077.1_148	188121	188513	393	1	0.613	11	AGGAG	NA	NA	NA	0	0	0	1	NA	NA	NA	NA	NA
JAJIVP010000077.1_149	188513	189139	627	1	0.657	11	GGxGG	GENOMAD.166405.CP	5.788e-101	325	0	0	0	1	NA	NA	NA	PF04344;K03414;COG3143	Chemotaxis regulator CheZ, phosphatase of CheY~P
JAJIVP010000077.1_150	189142	190800	1659	1	0.683	11	None	GENOMAD.116397.CP	2.796e-87	302	0	0	0	1	NA	NA	NA	PF14501;PF01584;PF01627;PF02895;K03407;COG0643;TIGR01924	Chemotaxis protein histidine kinase CheA
JAJIVP010000077.1_151	191042	192520	1479	-1	0.569	11	AGGAG	NA	NA	NA	0	0	0	1	NA	NA	NA	NA	NA
JAJIVP010000077.1_152	192536	193153	618	-1	0.574	11	GGA/GAG/AGG	NA	NA	NA	0	0	0	1	NA	NA	NA	NA	NA
JAJIVP010000077.1_153	193240	193656	417	-1	0.715	11	GGAGG	NA	NA	NA	0	0	0	1	NA	NA	NA	NA	NA
JAJIVP010000077.1_154	193653	193922	270	-1	0.637	11	AGGAG	NA	NA	NA	0	0	0	1	NA	NA	NA	NA	NA
JAJIVP010000077.1_155	194890	196431	1542	-1	0.462	11	None	NA	NA	NA	0	0	0	1	NA	NA	NA	NA	NA
JAJIVP010000007.1_1	3	872	870	-1	0.560	11	None	NA	NA	NA	0	0	0	1	NA	NA	NA	NA	NA
JAJIVP010000007.1_2	876	1775	900	-1	0.524	11	AGGA	NA	NA	NA	0	0	0	1	NA	NA	NA	NA	NA
JAJIVP010000007.1_3	2272	2886	615	-1	0.680	11	GGA/GAG/AGG	NA	NA	NA	0	0	0	1	NA	NA	NA	NA	NA
JAJIVP010000007.1_4	3244	3963	720	-1	0.661	11	GGAG/GAGG	NA	NA	NA	0	0	0	1	NA	NA	NA	NA	NA
JAJIVP010000007.1_5	4156	6177	2022	-1	0.646	11	GGA/GAG/AGG	GENOMAD.010722.CC	9.491e-27	120	0	0	0	1	NA	NA	NA	PF09127	Leukotriene A4 hydrolase, C-terminal
JAJIVP010000007.1_6	6223	7113	891	-1	0.663	11	GGAG/GAGG	NA	NA	NA	0	0	0	1	NA	NA	NA	NA	NA
JAJIVP010000007.1_7	7304	8065	762	-1	0.625	11	None	GENOMAD.109687.CP	1.234e-60	211	0	0	0	1	NA	NA	NA	PF06859;TIGR01934;COG4627;K24451	ubiquinone/menaquinone biosynthesis methyltransferases
JAJIVP010000007.1_8	8153	9805	1653	1	0.672	11	GGA/GAG/AGG	GENOMAD.162124.CP	3.114e-99	337	0	0	0	1	NA	NA	NA	PF06609;K03446;TIGR00711;COG2223	drug resistance transporter, EmrB/QacA subfamily
JAJIVP010000007.1_9	9802	10890	1089	1	0.668	11	None	GENOMAD.138157.CP	1.546e-39	154	0	0	0	1	NA	NA	NA	PF13437;TIGR02828	HlyD family secretion protein
JAJIVP010000007.1_10	11013	11504	492	1	0.648	11	None	GENOMAD.151641.CP	9.387e-22	94	0	0	0	1	NA	NA	NA	PF00765;K02348;COG2153;TIGR04045	Predicted N-acyltransferase, GNAT family
JAJIVP010000007.1_11	11501	11956	456	1	0.632	11	GGAG/GAGG	NA	NA	NA	0	0	0	1	NA	NA	NA	NA	NA
JAJIVP010000007.1_12	12158	13525	1368	-1	0.632	11	None	NA	NA	NA	0	0	0	1	NA	NA	NA	NA	NA
JAJIVP010000007.1_13	13636	14187	552	-1	0.630	11	GGAGG	GENOMAD.088456.CP	2.03e-66	224	0	0	0	1	NA	NA	NA	PF00227;K01419;TIGR03692;COG5405	ATP-dependent protease HslVU, peptidase subunit
JAJIVP010000007.1_14	14384	15301	918	-1	0.669	11	GGAG/GAGG	NA	NA	NA	0	0	0	1	NA	NA	NA	NA	NA
JAJIVP010000007.1_15	15482	16153	672	-1	0.646	11	GGAG/GAGG	GENOMAD.002323.CC	7.267e-123	389	0	0	0	1	NA	NA	NA	PF04340;K09921;COG3159	Uncharacterized conserved protein YigA, DUF484 family
JAJIVP010000007.1_16	16150	17004	855	-1	0.688	11	None	NA	NA	NA	0	0	0	1	NA	NA	NA	NA	NA
JAJIVP010000007.1_17	16994	17248	255	-1	0.675	11	None	NA	NA	NA	0	0	0	1	NA	NA	NA	NA	NA
JAJIVP010000007.1_18	17305	17703	399	-1	0.679	11	None	NA	NA	NA	0	0	0	1	NA	NA	NA	NA	NA
JAJIVP010000007.1_19	18071	20143	2073	-1	0.621	11	None	NA	NA	NA	0	0	0	1	NA	NA	NA	NA	NA
JAJIVP010000007.1_20	20288	21472	1185	1	0.651	11	None	NA	NA	NA	0	0	0	1	NA	NA	NA	NA	NA
JAJIVP010000007.1_21	21716	23809	2094	-1	0.641	11	GGA/GAG/AGG	NA	NA	NA	0	0	0	1	NA	NA	NA	NA	NA
JAJIVP010000007.1_22	23877	24188	312	-1	0.734	11	GGAG/GAGG	NA	NA	NA	0	0	0	1	NA	NA	NA	NA	NA
JAJIVP010000007.1_23	24551	25120	570	1	0.637	11	None	NA	NA	NA	0	0	0	1	NA	NA	NA	NA	NA
JAJIVP010000007.1_24	25153	25494	342	1	0.658	11	GGAGG	GENOMAD.038006.CC	5.703e-39	141	0	0	0	1	NA	NA	NA	PF19581;K06996;TIGR00068;COG3324	Glyoxalase superfamily protein
JAJIVP010000007.1_25	25582	25860	279	1	0.613	11	GGA/GAG/AGG	NA	NA	NA	0	0	0	1	NA	NA	NA	NA	NA
JAJIVP010000007.1_26	26018	26983	966	-1	0.649	11	GGA/GAG/AGG	GENOMAD.145413.CP	1.65e-11	68	0	0	0	1	NA	NA	NA	PF13280;PF19187;K13572;COG2378;TIGR03985	Predicted DNA-binding transcriptional regulator YafY, contains an HTH and WYL domains
JAJIVP010000007.1_27	27552	28352	801	1	0.647	11	GGA/GAG/AGG	GENOMAD.179248.CP	6.244e-146	458	0	0	0	1	NA	NA	NA	PF04338;K07283;COG3137	Putative salt-induced outer membrane protein YdiY
JAJIVP010000007.1_28	28542	29456	915	-1	0.702	11	None	NA	NA	NA	0	0	0	1	NA	NA	NA	NA	NA
JAJIVP010000007.1_29	29487	30224	738	-1	0.672	11	GGAG/GAGG	NA	NA	NA	0	0	0	1	NA	NA	NA	NA	NA
JAJIVP010000007.1_30	30255	31304	1050	-1	0.694	11	None	NA	NA	NA	0	0	0	1	NA	NA	NA	NA	NA
JAJIVP010000007.1_31	31309	31974	666	-1	0.689	11	GGAG/GAGG	GENOMAD.145670.CP	1.506e-07	54	0	0	0	1	NA	NA	NA	PF02230;COG0400;K06128;TIGR02821	Predicted esterase
JAJIVP010000007.1_32	32128	34026	1899	-1	0.681	11	None	GENOMAD.178112.CP	1.825e-141	464	0	0	0	1	NA	NA	NA	PF03142;K03669;COG2943;TIGR03030	Membrane glycosyltransferase
JAJIVP010000007.1_33	34126	34788	663	1	0.637	11	AGGAG/GGAGG	NA	NA	NA	0	0	0	1	NA	NA	NA	NA	NA
JAJIVP010000007.1_34	34993	36612	1620	-1	0.658	11	GGA/GAG/AGG	NA	NA	NA	0	0	0	1	NA	NA	NA	NA	NA
JAJIVP010000007.1_35	36810	37790	981	-1	0.657	11	GGAGG	NA	NA	NA	0	0	0	1	NA	NA	NA	NA	NA
JAJIVP010000007.1_36	38028	39515	1488	-1	0.673	11	GGAG/GAGG	NA	NA	NA	0	0	0	1	NA	NA	NA	NA	NA
JAJIVP010000007.1_37	39728	41158	1431	1	0.622	11	GGAG/GAGG	NA	NA	NA	0	0	0	1	NA	NA	NA	NA	NA
JAJIVP010000007.1_38	41407	43479	2073	1	0.638	11	GGA/GAG/AGG	GENOMAD.146534.CP	0.0002132	47	0	0	0	1	NA	NA	NA	PF00015	Methyl-accepting chemotaxis protein (MCP) signalling domain
JAJIVP010000078.1_1	1	363	363	1	0.636	11	None	GENOMAD.006124.CC	0.0003843	41	0	0	0	1	NA	NA	NA	PF03143	Elongation factor Tu C-terminal domain
JAJIVP010000078.1_2	595	1002	408	1	0.583	11	GGA/GAG/AGG	GENOMAD.085104.CV	6.794e-72	237	0	0	0	1	NA	NA	NA	PF00584;TIGR00964;COG0690	preprotein translocase, SecE subunit, bacterial
JAJIVP010000078.1_3	1016	1573	558	1	0.602	11	AGGAG	GENOMAD.116512.CV	6.882e-26	107	0	0	0	1246	Caudoviricetes	NA	NA	PF02357;PF00467;K02601;TIGR00922;COG0250	transcription termination/antitermination factor NusG
JAJIVP010000078.1_4	1772	2200	429	1	0.615	11	GGAG/GAGG	NA	NA	NA	0	0	0	1	NA	NA	NA	NA	NA
JAJIVP010000078.1_5	2204	2902	699	1	0.649	11	GGAGG	NA	NA	NA	0	0	0	1	NA	NA	NA	NA	NA
JAJIVP010000078.1_6	3445	3978	534	1	0.639	11	GGAGG	GENOMAD.081842.CV	1.232e-24	103	1	0	0	1	NA	NA	NA	PF00466;K02864;COG0244	Ribosomal protein L10
JAJIVP010000078.1_7	4033	4398	366	1	0.598	11	GGA/GAG/AGG	GENOMAD.114551.CV	1.217e-26	106	1	0	0	1246	Caudoviricetes	NA	NA	PF16320;PF00542;COG0222;TIGR00855	Ribosomal protein L7/L12
JAJIVP010000078.1_8	4690	8841	4152	1	0.625	11	GGA/GAG/AGG	GENOMAD.061759.CV	1.468e-38	161	1	0	0	1	NA	NA	NA	PF04563;K03043;TIGR02013;COG0085	DNA-directed RNA polymerase, beta subunit
JAJIVP010000078.1_9	8942	13156	4215	1	0.633	11	GGAG/GAGG	GENOMAD.052211.CC	1.146e-30	135	0	0	0	1	NA	NA	NA	PF21668	DNA-directed RNA polymerase subunit beta', hybrid domain
JAJIVP010000078.1_10	13375	13749	375	1	0.624	11	AGxAG	NA	NA	NA	0	0	0	1	NA	NA	NA	NA	NA
JAJIVP010000078.1_11	13762	14229	468	1	0.583	11	AGGA	GENOMAD.031610.CC	1.187e-50	177	1	0	0	1	NA	NA	NA	PF00177;K02992;COG0049;TIGR01029	Ribosomal protein S7
JAJIVP010000078.1_12	14367	16484	2118	1	0.619	11	GGAG/GAGG	NA	NA	NA	0	0	0	1	NA	NA	NA	NA	NA
JAJIVP010000078.1_13	16533	16976	444	1	0.635	11	GGAG/GAGG	NA	NA	NA	0	0	0	1	NA	NA	NA	NA	NA
JAJIVP010000079.1_1	507	1574	1068	-1	0.529	11	GGxGG	GENOMAD.051447.PP	6.292e-08	57	0	0	0	1	NA	NA	NA	PF03421;K08598	YopJ Serine/Threonine acetyltransferase
JAJIVP010000079.1_2	1967	3259	1293	1	0.690	11	GGA/GAG/AGG	NA	NA	NA	0	0	0	1	NA	NA	NA	NA	NA
JAJIVP010000079.1_3	3696	4031	336	-1	0.640	11	None	GENOMAD.023318.CC	1.409e-52	180	0	0	0	1	NA	NA	NA	PF19669	NA
JAJIVP010000079.1_4	4210	5016	807	-1	0.665	11	AGGA	NA	NA	NA	0	0	0	1	NA	NA	NA	NA	NA
JAJIVP010000079.1_5	5149	8247	3099	-1	0.639	11	AGGAG	NA	NA	NA	0	0	0	1	NA	NA	NA	NA	NA
JAJIVP010000079.1_6	8244	9392	1149	-1	0.736	11	GGA/GAG/AGG	GENOMAD.133566.CP	3.058e-07	55	0	0	0	1	NA	NA	NA	PF12700;K15727;TIGR01730;COG0845	RND family efflux transporter, MFP subunit
JAJIVP010000079.1_7	9470	10087	618	-1	0.625	11	None	GENOMAD.126296.CP	9.394e-19	87	0	0	0	1	NA	NA	NA	PF13022;PF08362;K18905;TIGR03613;COG1309	pyrimidine utilization regulatory protein R
JAJIVP010000079.1_8	10176	11684	1509	1	0.693	11	None	NA	NA	NA	0	0	0	1	NA	NA	NA	NA	NA
JAJIVP010000079.1_9	11810	12241	432	-1	0.650	11	GGAG/GAGG	GENOMAD.059044.PP	1.167e-19	87	0	0	0	1	NA	NA	NA	PF06903	VirK protein
JAJIVP010000079.1_10	12472	13881	1410	-1	0.687	11	GGA/GAG/AGG	GENOMAD.170187.PC	2.448e-96	325	0	0	0	1	NA	NA	NA	PF13434;COG4529;TIGR00275;K07222	Uncharacterized NAD(P)/FAD-binding protein YdhS
JAJIVP010000079.1_11	14258	15016	759	1	0.650	11	GGA/GAG/AGG	NA	NA	NA	0	0	0	1	NA	NA	NA	NA	NA
JAJIVP010000079.1_12	15187	15819	633	-1	0.667	11	GGAG/GAGG	GENOMAD.151025.CP	3.887e-35	135	0	0	0	1	NA	NA	NA	PF04321;K17290;TIGR01214;COG4221	dTDP-4-dehydrorhamnose reductase
JAJIVP010000079.1_13	15836	17998	2163	-1	0.641	11	AGGAG	NA	NA	NA	0	0	0	1	NA	NA	NA	NA	NA
JAJIVP010000079.1_14	18116	18301	186	-1	0.704	11	GGA/GAG/AGG	GENOMAD.147683.PC	6.379e-08	49	0	0	0	1	NA	NA	NA	PF11154	NA
JAJIVP010000079.1_15	18323	20932	2610	-1	0.686	11	GGA/GAG/AGG	GENOMAD.119431.CP	8.763e-95	335	0	0	0	1	NA	NA	NA	PF03065;PF12055;K06044;TIGR02401;COG3280	malto-oligosyltrehalose synthase
JAJIVP010000079.1_16	20929	22878	1950	-1	0.693	11	GGAG/GAGG	NA	NA	NA	0	0	0	1	NA	NA	NA	NA	NA
JAJIVP010000079.1_17	22875	24632	1758	-1	0.670	11	GGAG/GAGG	NA	NA	NA	0	0	0	1	NA	NA	NA	NA	NA
JAJIVP010000079.1_18	24635	26866	2232	-1	0.678	11	None	GENOMAD.154880.CP	6.298e-16	85	0	0	0	1246	Caudoviricetes	NA	NA	PF02806	Alpha amylase, C-terminal all-beta domain
JAJIVP010000079.1_19	26863	28446	1584	-1	0.681	11	GGA/GAG/AGG	NA	NA	NA	0	0	0	1	NA	NA	NA	NA	NA
JAJIVP010000079.1_20	28934	30562	1629	1	0.683	11	GGA/GAG/AGG	NA	NA	NA	0	0	0	1	NA	NA	NA	NA	NA
JAJIVP010000079.1_21	30649	31590	942	-1	0.611	11	AGGA	NA	NA	NA	0	0	0	1	NA	NA	NA	NA	NA
JAJIVP010000079.1_22	31833	33551	1719	1	0.662	11	None	NA	NA	NA	0	0	0	1	NA	NA	NA	NA	NA
JAJIVP010000079.1_23	34242	36350	2109	1	0.640	11	GGA/GAG/AGG	NA	NA	NA	0	0	0	1	NA	NA	NA	NA	NA
JAJIVP010000079.1_24	36447	38870	2424	-1	0.641	11	GGA/GAG/AGG	NA	NA	NA	0	0	0	1	NA	NA	NA	NA	NA
JAJIVP010000079.1_25	39190	39531	342	1	0.658	11	AGGAG	GENOMAD.166221.CP	3.856e-19	84	0	0	0	1	NA	NA	NA	PF02482;TIGR00741;COG1544;K05808	ribosomal subunit interface protein
JAJIVP010000079.1_26	39771	40427	657	-1	0.594	11	GGA/GAG/AGG	NA	NA	NA	0	0	0	1	NA	NA	NA	NA	NA
JAJIVP010000079.1_27	41496	42515	1020	1	0.631	11	GGA/GAG/AGG	NA	NA	NA	0	0	0	1	NA	NA	NA	NA	NA
JAJIVP010000080.1_1	1	1716	1716	1	0.645	11	None	NA	NA	NA	0	0	0	1	NA	NA	NA	NA	NA
JAJIVP010000080.1_2	1846	3357	1512	-1	0.614	11	GGAGG	GENOMAD.153314.CP	8.282e-06	51	0	0	0	1	NA	NA	NA	PF17189	Glycosyl hydrolase family 30 beta sandwich domain
JAJIVP010000080.1_3	3648	4517	870	-1	0.705	11	GGAG/GAGG	NA	NA	NA	0	0	0	1	NA	NA	NA	NA	NA
JAJIVP010000080.1_4	4517	5290	774	-1	0.667	11	AGGAG	NA	NA	NA	0	0	0	1	NA	NA	NA	NA	NA
JAJIVP010000080.1_5	5512	6141	630	1	0.638	11	None	NA	NA	NA	0	0	0	1	NA	NA	NA	NA	NA
JAJIVP010000080.1_6	6205	6594	390	-1	0.659	11	None	NA	NA	NA	0	0	0	1	NA	NA	NA	NA	NA
JAJIVP010000080.1_7	6612	7109	498	-1	0.647	11	GGAG/GAGG	NA	NA	NA	0	0	0	1	NA	NA	NA	NA	NA
JAJIVP010000080.1_8	7258	8811	1554	1	0.636	11	None	NA	NA	NA	0	0	0	1	NA	NA	NA	NA	NA
JAJIVP010000080.1_9	9044	9310	267	-1	0.633	11	AGGAG	NA	NA	NA	0	0	0	1	NA	NA	NA	NA	NA
JAJIVP010000080.1_10	9610	12693	3084	-1	0.589	11	AGGA	NA	NA	NA	0	0	0	1	NA	NA	NA	NA	NA
JAJIVP010000080.1_11	12703	14022	1320	-1	0.515	11	AGGAG	NA	NA	NA	0	0	0	1	NA	NA	NA	NA	NA
JAJIVP010000080.1_12	14019	15113	1095	-1	0.633	11	AGGA	NA	NA	NA	0	0	0	1	NA	NA	NA	NA	NA
JAJIVP010000080.1_13	15110	17296	2187	-1	0.566	11	AGxAGG/AGGxGG	NA	NA	NA	0	0	0	1	NA	NA	NA	NA	NA
JAJIVP010000080.1_14	17369	18259	891	-1	0.637	11	GGAG/GAGG	GENOMAD.167997.CP	0.0001173	46	0	0	0	1	NA	NA	NA	PF16561;COG1715	Glycogen recognition site of AMP-activated protein kinase
JAJIVP010000080.1_15	18300	18608	309	-1	0.618	11	GGA/GAG/AGG	GENOMAD.151194.PC	5.121e-35	129	0	1	0	1	NA	NA	NA	PF05016;COG3668;K19093;TIGR02385	Plasmid stabilization system protein ParE
JAJIVP010000080.1_16	18615	18878	264	-1	0.652	11	None	NA	NA	NA	0	0	0	1	NA	NA	NA	NA	NA
JAJIVP010000080.1_17	19068	19643	576	-1	0.606	11	GGAG/GAGG	GENOMAD.190173.PC	2.164e-23	100	0	0	0	1	NA	NA	NA	PF10706;COG4849	Predicted nucleotidyltransferase
JAJIVP010000080.1_18	19633	20163	531	-1	0.665	11	AGxAGG/AGGxGG	NA	NA	NA	0	0	0	1	NA	NA	NA	NA	NA
JAJIVP010000080.1_19	20290	21954	1665	-1	0.626	11	GGAG/GAGG	NA	NA	NA	0	0	0	1	NA	NA	NA	NA	NA
JAJIVP010000080.1_20	21975	22706	732	-1	0.598	11	GGAG/GAGG	NA	NA	NA	0	0	0	1	NA	NA	NA	NA	NA
JAJIVP010000080.1_21	23058	23975	918	-1	0.614	11	AGGA	NA	NA	NA	0	0	0	1	NA	NA	NA	NA	NA
JAJIVP010000080.1_22	24465	25007	543	-1	0.716	11	None	GENOMAD.141836.CP	2.767e-13	70	0	0	0	1	NA	NA	NA	PF16925;PF13022;PF00083;K19335;TIGR03384;COG3226	transcriptional repressor BetI
JAJIVP010000081.1_1	1	300	300	1	0.717	11	None	NA	NA	NA	0	0	0	1	NA	NA	NA	NA	NA
JAJIVP010000081.1_2	573	2246	1674	1	0.678	11	GGAG/GAGG	NA	NA	NA	0	0	0	1	NA	NA	NA	NA	NA
JAJIVP010000081.1_3	2672	3367	696	1	0.641	11	AGGA	GENOMAD.189914.CP	7.798e-07	52	0	0	0	1	NA	NA	NA	PF01987;COG2013;TIGR00266	Uncharacterized conserved protein, AIM24 family
JAJIVP010000081.1_4	3706	4617	912	-1	0.634	11	None	NA	NA	NA	0	0	0	1	NA	NA	NA	NA	NA
JAJIVP010000081.1_5	4855	5841	987	1	0.614	11	AGGAG	GENOMAD.076707.PP	3.356e-175	546	0	0	0	1	NA	NA	NA	NA	NA
JAJIVP010000081.1_6	5929	7305	1377	-1	0.619	11	None	NA	NA	NA	0	0	0	1	NA	NA	NA	NA	NA
JAJIVP010000081.1_7	8091	8306	216	-1	0.676	11	GGAG/GAGG	NA	NA	NA	0	0	0	1	NA	NA	NA	NA	NA
JAJIVP010000081.1_8	8605	9378	774	1	0.658	11	GGA/GAG/AGG	NA	NA	NA	0	0	0	1	NA	NA	NA	NA	NA
JAJIVP010000081.1_9	9476	10351	876	-1	0.627	11	GGAG/GAGG	GENOMAD.145601.CP	6.294e-06	50	0	0	0	1	NA	NA	NA	PF16913;K15269;COG2962;TIGR03340	Uncharacterized membrane protein RarD, contains two EamA domains
JAJIVP010000081.1_10	10517	11431	915	1	0.667	11	GGA/GAG/AGG	GENOMAD.137507.CV	3.791e-49	180	0	0	0	1	NA	NA	NA	PF10672;K06983;COG2521;TIGR00537	Predicted archaeal methyltransferase
JAJIVP010000081.1_11	11626	12171	546	1	0.663	11	GGA/GAG/AGG	NA	NA	NA	0	0	0	1	NA	NA	NA	NA	NA
JAJIVP010000081.1_12	12955	13854	900	-1	0.669	11	AGGAG	NA	NA	NA	0	0	0	1	NA	NA	NA	NA	NA
JAJIVP010000081.1_13	13957	14430	474	-1	0.671	11	GGA/GAG/AGG	GENOMAD.159648.PC	3.635e-10	60	0	0	0	1	NA	NA	NA	PF02082;K19587;TIGR02010;COG1959	iron-sulfur cluster assembly transcription factor IscR
JAJIVP010000081.1_14	14538	16412	1875	-1	0.677	11	None	NA	NA	NA	0	0	0	1	NA	NA	NA	NA	NA
JAJIVP010000081.1_15	16917	18008	1092	1	0.690	11	GGAG/GAGG	GENOMAD.028689.CC	7.487e-70	243	0	0	0	1	NA	NA	NA	PF07759	NA
JAJIVP010000081.1_16	18050	19483	1434	-1	0.637	11	GGAGG	GENOMAD.141880.PP	7.152e-259	796	0	0	0	1	NA	NA	NA	PF08887;PF08906;COG5620	GAD-like domain
JAJIVP010000081.1_17	19852	22179	2328	1	0.644	11	GGAG/GAGG	GENOMAD.124454.CP	2.792e-136	455	0	0	0	1	NA	NA	NA	K01278;COG1770	Protease II
JAJIVP010000081.1_18	22582	22779	198	-1	0.687	11	GGA/GAG/AGG	GENOMAD.170701.CP	4.419e-06	44	0	0	0	1	NA	NA	NA	PF12823;TIGR03954	integral membrane protein
JAJIVP010000081.1_19	22780	22917	138	-1	0.572	11	GGAG/GAGG	NA	NA	NA	0	0	0	1	NA	NA	NA	NA	NA
JAJIVP010000081.1_20	23146	23766	621	1	0.623	11	None	GENOMAD.189906.CP	6.98e-115	365	0	0	0	1	NA	NA	NA	PF05708;COG3863	Permuted papain-like amidase enzyme, YaeF/YiiX, C92 family
JAJIVP010000081.1_21	23822	24784	963	1	0.636	11	AGGAG	GENOMAD.153559.CP	5.828e-93	308	0	0	0	1	NA	NA	NA	PF00756;K07017;COG2819;TIGR02821	Predicted hydrolase of the alpha/beta superfamily
JAJIVP010000081.1_22	25040	25501	462	1	0.671	11	GGAG/GAGG	GENOMAD.195933.PC	1.299e-12	67	0	0	0	1	NA	NA	NA	PF13548;COG3918	NA
JAJIVP010000081.1_23	25634	26029	396	-1	0.604	11	GGA/GAG/AGG	NA	NA	NA	0	0	0	1	NA	NA	NA	NA	NA
JAJIVP010000081.1_24	26102	27076	975	-1	0.627	11	GGAG/GAGG	GENOMAD.152155.CP	2.877e-18	89	0	0	0	1	NA	NA	NA	K07393;COG0435;TIGR01262	Glutathionyl-hydroquinone reductase
JAJIVP010000081.1_25	27238	28029	792	-1	0.615	11	GGA/GAG/AGG	GENOMAD.221086.VP	3.711e-51	184	0	0	0	1246	Caudoviricetes	NA	NA	PF01145;PF13238;TIGR01932;COG0330;K04087	HflC protein
JAJIVP010000081.1_26	28378	29964	1587	1	0.645	11	GGA/GAG/AGG	NA	NA	NA	0	0	0	1	NA	NA	NA	NA	NA
JAJIVP010000081.1_27	30305	30901	597	-1	0.606	11	GGAGG	NA	NA	NA	0	0	0	1	NA	NA	NA	NA	NA
JAJIVP010000081.1_28	31321	31632	312	-1	0.619	11	None	NA	NA	NA	0	0	0	1	NA	NA	NA	NA	NA
JAJIVP010000081.1_29	31935	33431	1497	1	0.661	11	AGGA	NA	NA	NA	0	0	0	1	NA	NA	NA	NA	NA
JAJIVP010000081.1_30	33490	33903	414	-1	0.556	11	AGGAG	NA	NA	NA	0	0	0	1	NA	NA	NA	NA	NA
JAJIVP010000081.1_31	34067	34834	768	-1	0.664	11	GGAG/GAGG	NA	NA	NA	0	0	0	1	NA	NA	NA	NA	NA
JAJIVP010000081.1_32	35111	36067	957	-1	0.644	11	None	GENOMAD.148267.CP	4.268e-07	54	0	0	0	1	NA	NA	NA	PF12833;K12243;TIGR02297;COG2207	4-hydroxyphenylacetate catabolism regulatory protein HpaA
JAJIVP010000081.1_33	36117	36851	735	1	0.654	11	GGAG/GAGG	NA	NA	NA	0	0	0	1	NA	NA	NA	NA	NA
JAJIVP010000081.1_34	37052	37195	144	-1	0.583	11	GGAG/GAGG	NA	NA	NA	0	0	0	1	NA	NA	NA	NA	NA
JAJIVP010000081.1_35	37192	37683	492	-1	0.541	11	GGA/GAG/AGG	NA	NA	NA	0	0	0	1	NA	NA	NA	NA	NA
JAJIVP010000081.1_36	37984	38442	459	-1	0.586	11	None	GENOMAD.158969.CP	5.711e-13	68	0	0	0	1	NA	NA	NA	NA	NA
JAJIVP010000081.1_37	38500	39435	936	-1	0.503	11	GGAG/GAGG	NA	NA	NA	0	0	0	1	NA	NA	NA	NA	NA
JAJIVP010000081.1_38	40055	40135	81	-1	0.481	11	None	NA	NA	NA	0	0	0	1	NA	NA	NA	NA	NA
JAJIVP010000082.1_1	3	464	462	-1	0.688	11	None	NA	NA	NA	0	0	0	1	NA	NA	NA	NA	NA
JAJIVP010000082.1_2	551	1051	501	-1	0.401	11	None	NA	NA	NA	0	0	0	1	NA	NA	NA	NA	NA
JAJIVP010000082.1_3	1045	3750	2706	-1	0.613	11	None	NA	NA	NA	0	0	0	1	NA	NA	NA	NA	NA
JAJIVP010000082.1_4	4864	5079	216	1	0.458	11	None	NA	NA	NA	0	0	0	1	NA	NA	NA	NA	NA
JAJIVP010000083.1_1	150	1838	1689	1	0.647	11	AGGAG	GENOMAD.178633.CP	1.064e-17	90	0	0	0	1	NA	NA	NA	PF16757	Alpha-L-fucosidase C-terminal domain
JAJIVP010000083.1_2	1853	2908	1056	1	0.605	11	GGA/GAG/AGG	NA	NA	NA	0	0	0	1	NA	NA	NA	NA	NA
JAJIVP010000083.1_3	3166	5616	2451	1	0.671	11	GGA/GAG/AGG	GENOMAD.142037.CP	3.295e-12	73	0	0	0	1246	Caudoviricetes	NA	NA	PF00728;PF02838;COG3525;K12373	N-acetyl-beta-hexosaminidase
JAJIVP010000083.1_4	5638	8319	2682	1	0.646	11	AGGAG	GENOMAD.176795.CP	9.254e-13	75	0	0	0	1	NA	NA	NA	PF17753	Ig-fold domain
JAJIVP010000083.1_5	8528	11197	2670	1	0.673	11	AGGAG	GENOMAD.123121.CP	1.23e-10	68	0	0	0	1	NA	NA	NA	K01207;COG1472	Periplasmic beta-glucosidase and related glycosidases
JAJIVP010000083.1_6	11674	13137	1464	1	0.669	11	AGGAG	NA	NA	NA	0	0	0	1	NA	NA	NA	NA	NA
JAJIVP010000083.1_7	13244	15586	2343	1	0.666	11	GGA/GAG/AGG	GENOMAD.140646.CP	1.643e-163	535	0	0	0	1246	Caudoviricetes	NA	NA	PF07971;PF17678;TIGR01180;COG3537;K03931	alpha-1,2-mannosidase, putative
JAJIVP010000083.1_8	15868	17703	1836	1	0.656	11	GGA/GAG/AGG	GENOMAD.208849.PC	6.595e-07	55	0	0	0	1	NA	NA	NA	PF18120;PF01301;K12308;COG1874;TIGR03356	Glycosyl hydrolases family 35
JAJIVP010000083.1_9	17750	20416	2667	-1	0.669	11	GGAG/GAGG	NA	NA	NA	0	0	0	1	NA	NA	NA	NA	NA
JAJIVP010000083.1_10	20914	21114	201	1	0.647	11	AGGAG	NA	NA	NA	0	0	0	1	NA	NA	NA	NA	NA
JAJIVP010000083.1_11	21172	21501	330	-1	0.594	11	AGGAG	GENOMAD.018095.CC	5.921e-21	89	0	0	0	1	NA	NA	NA	PF11747	Killing trait
JAJIVP010000083.1_12	21895	23055	1161	1	0.660	11	AGGA	NA	NA	NA	0	0	0	1	NA	NA	NA	NA	NA
JAJIVP010000083.1_13	23441	25123	1683	1	0.623	11	GGA/GAG/AGG	NA	NA	NA	0	0	0	1	NA	NA	NA	NA	NA
JAJIVP010000083.1_14	25225	25956	732	-1	0.668	11	GGA/GAG/AGG	GENOMAD.154816.CP	1.594e-30	123	0	0	0	1	NA	NA	NA	PF03932;K06201;COG3142;TIGR00559	Copper homeostasis protein CutC
JAJIVP010000083.1_15	25953	27017	1065	-1	0.651	11	GGAG/GAGG	GENOMAD.141113.CP	6.386e-55	199	0	0	0	1	NA	NA	NA	PF01112;K01444;COG1446	Isoaspartyl peptidase or L-asparaginase, Ntn-hydrolase superfamily
JAJIVP010000083.1_16	27829	29334	1506	1	0.651	11	GGA/GAG/AGG	GENOMAD.167282.CP	2.499e-34	142	0	0	0	1	NA	NA	NA	PF12450	von Willebrand factor
JAJIVP010000083.1_17	29406	29936	531	1	0.638	11	GGAG/GAGG	NA	NA	NA	0	0	0	1	NA	NA	NA	NA	NA
JAJIVP010000083.1_18	29933	31744	1812	1	0.673	11	GGAGG	GENOMAD.029534.CC	1.075e-05	51	0	0	0	1	NA	NA	NA	NA	NA
JAJIVP010000083.1_19	31712	32335	624	-1	0.670	11	GGAG/GAGG	NA	NA	NA	0	0	0	1	NA	NA	NA	NA	NA
JAJIVP010000083.1_20	32566	33042	477	-1	0.677	11	GGA/GAG/AGG	GENOMAD.007007.CC	1.157e-16	79	0	0	0	1	NA	NA	NA	PF01584;K06598;COG0835	Chemotaxis signal transduction protein
JAJIVP010000083.1_21	33076	34284	1209	-1	0.710	11	GGA/GAG/AGG	GENOMAD.177428.CP	1.715e-129	418	0	0	0	1	NA	NA	NA	PF01339;K06597	CheB methylesterase
JAJIVP010000083.1_22	34271	41488	7218	-1	0.674	11	GGA/GAG/AGG	GENOMAD.116397.CP	9.794e-59	229	0	0	0	1	NA	NA	NA	PF14501;PF01584;PF01627;PF02895;K03407;COG0643;TIGR01924	Chemotaxis protein histidine kinase CheA
JAJIVP010000083.1_23	41602	43461	1860	-1	0.655	11	None	NA	NA	NA	0	0	0	1	NA	NA	NA	NA	NA
JAJIVP010000084.1_1	1	1152	1152	-1	0.577	11	AGGA	NA	NA	NA	0	0	0	1	NA	NA	NA	NA	NA
JAJIVP010000084.1_2	1452	2513	1062	-1	0.556	11	None	NA	NA	NA	0	0	0	1	NA	NA	NA	NA	NA
JAJIVP010000084.1_3	2820	3302	483	1	0.605	11	GGAG/GAGG	GENOMAD.208754.PC	1.223e-26	108	0	0	0	1	NA	NA	NA	NA	NA
JAJIVP010000084.1_4	3327	3542	216	1	0.657	11	GGAG/GAGG	NA	NA	NA	0	0	0	1	NA	NA	NA	NA	NA
JAJIVP010000084.1_5	3440	3979	540	-1	0.635	11	AGGA	NA	NA	NA	0	0	0	1	NA	NA	NA	NA	NA
JAJIVP010000084.1_6	3987	5345	1359	-1	0.694	11	GGAGG	GENOMAD.148335.PP	2.198e-111	368	0	0	0	1	NA	NA	NA	PF14459;TIGR03736;COG4015;K21029	Prokaryotic E2 family C
JAJIVP010000084.1_7	5342	5833	492	-1	0.683	11	AGGA	GENOMAD.127111.PP	1.465e-43	157	0	0	0	1	NA	NA	NA	PF01398;COG1310;TIGR02256;K21140	JAB1/Mov34/MPN/PAD-1 ubiquitin protease
JAJIVP010000084.1_8	5814	6284	471	-1	0.705	11	GGA/GAG/AGG	GENOMAD.166214.PP	4.434e-45	161	0	0	0	1	NA	NA	NA	PF14455	Predicted metal binding domain
JAJIVP010000084.1_9	6284	6790	507	-1	0.677	11	AGGAG	GENOMAD.160383.PP	6.507e-55	190	0	0	0	1	NA	NA	NA	NA	NA
JAJIVP010000084.1_10	6894	10205	3312	-1	0.666	11	GGAG/GAGG	NA	NA	NA	0	0	0	1	NA	NA	NA	NA	NA
JAJIVP010000084.1_11	10202	10825	624	-1	0.667	11	AGGAG	NA	NA	NA	0	0	0	1	NA	NA	NA	NA	NA
JAJIVP010000084.1_12	10822	11610	789	-1	0.631	11	GGAG/GAGG	NA	NA	NA	0	0	0	1	NA	NA	NA	NA	NA
JAJIVP010000084.1_13	11749	12000	252	-1	0.714	11	GGAG/GAGG	NA	NA	NA	0	0	0	1	NA	NA	NA	NA	NA
JAJIVP010000084.1_14	12068	14266	2199	-1	0.692	11	AGGAG	NA	NA	NA	0	0	0	1	NA	NA	NA	NA	NA
JAJIVP010000084.1_15	14277	15368	1092	-1	0.679	11	None	NA	NA	NA	0	0	0	1	NA	NA	NA	NA	NA
JAJIVP010000084.1_16	15715	17100	1386	-1	0.628	11	None	NA	NA	NA	0	0	0	1	NA	NA	NA	NA	NA
JAJIVP010000084.1_17	17141	18598	1458	-1	0.620	11	AGGAG	NA	NA	NA	0	0	0	1	NA	NA	NA	NA	NA
JAJIVP010000084.1_18	18822	19907	1086	-1	0.692	11	None	NA	NA	NA	0	0	0	1	NA	NA	NA	NA	NA
JAJIVP010000084.1_19	20013	20954	942	1	0.611	11	GGAGG	GENOMAD.101048.PP	2.607e-21	98	0	1	0	1	NA	NA	NA	PF11740	Plasmid replication region DNA-binding N-term
JAJIVP010000084.1_20	20954	21073	120	1	0.583	11	GGA/GAG/AGG	NA	NA	NA	0	0	0	1	NA	NA	NA	NA	NA
JAJIVP010000084.1_21	21102	21374	273	1	0.604	11	GGA/GAG/AGG	GENOMAD.223508.VP	4.623e-08	51	0	0	0	1246	Caudoviricetes	NA	NA	NA	NA
JAJIVP010000084.1_22	21991	22293	303	1	0.640	11	GGAG/GAGG	NA	NA	NA	0	0	0	1	NA	NA	NA	NA	NA
JAJIVP010000084.1_23	22290	22604	315	1	0.711	11	GGA/GAG/AGG	NA	NA	NA	0	0	0	1	NA	NA	NA	NA	NA
JAJIVP010000084.1_24	22613	22831	219	1	0.653	11	GGA/GAG/AGG	NA	NA	NA	0	0	0	1	NA	NA	NA	NA	NA
JAJIVP010000084.1_25	22818	23294	477	1	0.608	11	GGA/GAG/AGG	NA	NA	NA	0	0	0	1	NA	NA	NA	NA	NA
JAJIVP010000084.1_26	23374	23823	450	1	0.616	11	GGAG/GAGG	GENOMAD.222853.VP	2.181e-14	72	0	0	0	1246	Caudoviricetes	NA	NA	PF14122;TIGR04165;COG5349	NA
JAJIVP010000084.1_27	23844	24140	297	1	0.599	11	AGGAG	NA	NA	NA	0	0	0	1	NA	NA	NA	NA	NA
JAJIVP010000084.1_28	24244	24642	399	1	0.619	11	GGAG/GAGG	NA	NA	NA	0	0	0	1	NA	NA	NA	NA	NA
JAJIVP010000084.1_29	24642	24863	222	1	0.599	11	None	NA	NA	NA	0	0	0	1	NA	NA	NA	NA	NA
JAJIVP010000084.1_30	24873	27821	2949	1	0.635	11	AGGA	NA	NA	NA	0	0	0	1	NA	NA	NA	NA	NA
JAJIVP010000084.1_31	27842	28189	348	1	0.566	11	AGGAG	NA	NA	NA	0	0	0	1	NA	NA	NA	NA	NA
JAJIVP010000084.1_32	28189	28401	213	1	0.545	11	AGGAG	NA	NA	NA	0	0	0	1	NA	NA	NA	NA	NA
JAJIVP010000084.1_33	28401	29444	1044	1	0.589	11	GGA/GAG/AGG	GENOMAD.081128.PP	1.018e-11	69	0	1	0	1	NA	NA	NA	PF11740	Plasmid replication region DNA-binding N-term
JAJIVP010000084.1_34	29582	29773	192	1	0.542	11	GGAG/GAGG	NA	NA	NA	0	0	0	1	NA	NA	NA	NA	NA
JAJIVP010000084.1_35	29773	30252	480	1	0.535	11	GGA/GAG/AGG	NA	NA	NA	0	0	0	1	NA	NA	NA	NA	NA
JAJIVP010000084.1_36	30249	31115	867	1	0.622	11	None	NA	NA	NA	0	0	0	1	NA	NA	NA	NA	NA
JAJIVP010000084.1_37	31144	31605	462	1	0.530	11	GGAGG	NA	NA	NA	0	0	0	1	NA	NA	NA	NA	NA
JAJIVP010000084.1_38	31629	31886	258	-1	0.574	11	None	NA	NA	NA	0	0	0	1	NA	NA	NA	NA	NA
JAJIVP010000084.1_39	32186	32386	201	1	0.557	11	AGGAG	NA	NA	NA	0	0	0	1	NA	NA	NA	NA	NA
JAJIVP010000084.1_40	32832	33230	399	1	0.534	11	GGAG/GAGG	NA	NA	NA	0	0	0	1	NA	NA	NA	NA	NA
JAJIVP010000084.1_41	33338	34843	1506	1	0.558	11	GGAG/GAGG	NA	NA	NA	0	0	0	1	NA	NA	NA	NA	NA
JAJIVP010000084.1_42	34840	35343	504	1	0.607	11	None	NA	NA	NA	0	0	0	1	NA	NA	NA	NA	NA
JAJIVP010000084.1_43	35340	36254	915	-1	0.621	11	GGAG/GAGG	NA	NA	NA	0	0	0	1	NA	NA	NA	NA	NA
JAJIVP010000084.1_44	36265	39168	2904	-1	0.600	11	GGA/GAG/AGG	NA	NA	NA	0	0	0	1	NA	NA	NA	NA	NA
JAJIVP010000084.1_45	39229	40215	987	-1	0.603	11	None	NA	NA	NA	0	0	0	1	NA	NA	NA	NA	NA
JAJIVP010000084.1_46	40218	40871	654	-1	0.552	11	AGGAG	NA	NA	NA	0	0	0	1	NA	NA	NA	NA	NA
JAJIVP010000084.1_47	41137	41325	189	1	0.593	11	AGGA	NA	NA	NA	0	0	0	1	NA	NA	NA	NA	NA
JAJIVP010000084.1_48	41380	42765	1386	-1	0.577	11	GGAG/GAGG	GENOMAD.026355.VV	1.884e-20	98	0	0	1	1246	Caudoviricetes	NA	NA	PF20307;TIGR02238	Divergent DnaB-like ATPase
JAJIVP010000084.1_49	43051	43842	792	-1	0.580	11	AGGAGG	NA	NA	NA	0	0	0	1	NA	NA	NA	NA	NA
JAJIVP010000084.1_50	43873	44958	1086	-1	0.610	11	GGAGG	NA	NA	NA	0	0	0	1	NA	NA	NA	NA	NA
JAJIVP010000084.1_51	44960	45064	105	-1	0.590	11	AGGAG	NA	NA	NA	0	0	0	1	NA	NA	NA	NA	NA
JAJIVP010000084.1_52	45166	45609	444	-1	0.572	11	GGA/GAG/AGG	NA	NA	NA	0	0	0	1	NA	NA	NA	NA	NA
JAJIVP010000084.1_53	45653	46441	789	-1	0.575	11	GGAG/GAGG	GENOMAD.171948.PC	3.878e-14	75	0	0	0	1	NA	NA	NA	PF13462;COG3917;TIGR00385	2-hydroxychromene-2-carboxylate isomerase
JAJIVP010000084.1_54	46429	47049	621	-1	0.581	11	AGGAG	NA	NA	NA	0	0	0	1	NA	NA	NA	NA	NA
JAJIVP010000084.1_55	47039	49600	2562	-1	0.584	11	None	NA	NA	NA	0	0	0	1	NA	NA	NA	NA	NA
JAJIVP010000084.1_56	49611	50390	780	-1	0.642	11	GGAG/GAGG	NA	NA	NA	0	0	0	1	NA	NA	NA	NA	NA
JAJIVP010000084.1_57	50371	51522	1152	-1	0.576	11	GGAGG	GENOMAD.119448.PC	5.199e-16	83	0	1	0	1	NA	I_trbA	NA	K12218	NA
JAJIVP010000084.1_58	51519	52199	681	-1	0.614	11	GGAGG	GENOMAD.111553.PC	3.431e-20	92	0	0	0	1	NA	NA	NA	PF19489;K18377;COG4764	Transglycosylase SLT domain
JAJIVP010000084.1_59	52199	52696	498	-1	0.633	11	GGA/GAG/AGG	NA	NA	NA	0	0	0	1	NA	NA	NA	NA	NA
JAJIVP010000084.1_60	52693	53748	1056	-1	0.632	11	GGA/GAG/AGG	NA	NA	NA	0	0	0	1	NA	NA	NA	NA	NA
JAJIVP010000084.1_61	53750	54115	366	-1	0.604	11	GGAG/GAGG	NA	NA	NA	0	0	0	1	NA	NA	NA	NA	NA
JAJIVP010000084.1_62	54286	54612	327	-1	0.627	11	GGA/GAG/AGG	NA	NA	NA	0	0	0	1	NA	NA	NA	NA	NA
JAJIVP010000084.1_63	54581	56137	1557	-1	0.626	11	None	NA	NA	NA	0	0	0	1	NA	NA	NA	NA	NA
JAJIVP010000084.1_64	56140	56361	222	-1	0.671	11	GGAG/GAGG	NA	NA	NA	0	0	0	1	NA	NA	NA	NA	NA
JAJIVP010000084.1_65	56373	57677	1305	-1	0.665	11	GGA/GAG/AGG	NA	NA	NA	0	0	0	1	NA	NA	NA	NA	NA
JAJIVP010000084.1_66	57748	58665	918	-1	0.637	11	None	NA	NA	NA	0	0	0	1	NA	NA	NA	NA	NA
JAJIVP010000084.1_67	58746	59360	615	-1	0.567	11	GGAG/GAGG	NA	NA	NA	0	0	0	1	NA	NA	NA	NA	NA
JAJIVP010000084.1_68	59357	60187	831	-1	0.574	11	GGA/GAG/AGG	NA	NA	NA	0	0	0	1	NA	NA	NA	NA	NA
JAJIVP010000084.1_69	60187	61323	1137	-1	0.585	11	GGAGG	GENOMAD.094291.PP	8.505e-117	380	0	0	0	1	NA	I_traW	NA	NA	NA
JAJIVP010000084.1_70	61323	61823	501	-1	0.551	11	AGGAG	NA	NA	NA	0	0	0	1	NA	NA	NA	NA	NA
JAJIVP010000084.1_71	61813	62316	504	-1	0.617	11	GGA/GAG/AGG	GENOMAD.206076.PC	2.482e-05	46	0	0	0	1	NA	NA	NA	K12224	NA
JAJIVP010000084.1_72	62699	64960	2262	1	0.553	11	GGAG/GAGG	GENOMAD.108209.PC	2.161e-25	116	0	0	0	1	NA	I_traY	NA	NA	NA
JAJIVP010000084.1_73	65072	65452	381	1	0.583	11	GGAG/GAGG	NA	NA	NA	0	0	0	1	NA	NA	NA	NA	NA
JAJIVP010000084.1_74	66153	66830	678	-1	0.527	11	None	NA	NA	NA	0	0	0	1	NA	NA	NA	NA	NA
JAJIVP010000084.1_75	66850	67281	432	-1	0.479	11	AGGAG	NA	NA	NA	0	0	0	1	NA	NA	NA	NA	NA
JAJIVP010000084.1_76	67683	67955	273	1	0.623	11	GGAGG	NA	NA	NA	0	0	0	1	NA	NA	NA	NA	NA
JAJIVP010000084.1_77	68009	68827	819	1	0.609	11	GGA/GAG/AGG	NA	NA	NA	0	0	0	1	NA	NA	NA	NA	NA
JAJIVP010000084.1_78	68966	69217	252	-1	0.563	11	None	NA	NA	NA	0	0	0	1	NA	NA	NA	NA	NA
JAJIVP010000085.1_1	119	1486	1368	-1	0.640	11	None	NA	NA	NA	0	0	0	1	NA	NA	NA	NA	NA
JAJIVP010000085.1_2	1476	1910	435	-1	0.595	11	GGA/GAG/AGG	NA	NA	NA	0	0	0	1	NA	NA	NA	NA	NA
JAJIVP010000085.1_3	1931	2419	489	-1	0.652	11	GGAG/GAGG	GENOMAD.117180.CP	1.566e-24	102	0	0	0	1	NA	NA	NA	PF00364;K02160;TIGR00531;COG0511	acetyl-CoA carboxylase, biotin carboxyl carrier protein
JAJIVP010000085.1_4	2516	3115	600	-1	0.653	11	GGA/GAG/AGG	NA	NA	NA	0	0	0	1	NA	NA	NA	NA	NA
JAJIVP010000085.1_5	3712	3894	183	1	0.721	11	None	NA	NA	NA	0	0	0	1	NA	NA	NA	NA	NA
JAJIVP010000085.1_6	3807	6125	2319	-1	0.709	11	AGGA/GGAG/GAGG	GENOMAD.153218.CP	6.875e-31	134	0	0	0	1	NA	NA	NA	PF11412;K04084;COG4232	Thiol:disulfide interchange protein
JAJIVP010000085.1_7	6131	6463	333	-1	0.652	11	None	NA	NA	NA	0	0	0	1	NA	NA	NA	NA	NA
JAJIVP010000085.1_8	6930	8720	1791	-1	0.685	11	AGGAG	NA	NA	NA	0	0	0	1	NA	NA	NA	NA	NA
JAJIVP010000085.1_9	9129	9416	288	1	0.628	11	GGAG/GAGG	NA	NA	NA	0	0	0	1	NA	NA	NA	NA	NA
JAJIVP010000085.1_10	9559	11199	1641	1	0.644	11	GGAG/GAGG	GENOMAD.171128.VC	1.896e-21	102	0	0	0	1246	Caudoviricetes	NA	NA	K04077;TIGR02348	chaperonin GroL
JAJIVP010000085.1_11	11313	13412	2100	-1	0.660	11	AGGA	NA	NA	NA	0	0	0	1	NA	NA	NA	NA	NA
JAJIVP010000085.1_12	13915	16728	2814	1	0.648	11	None	NA	NA	NA	0	0	0	1	NA	NA	NA	NA	NA
JAJIVP010000085.1_13	17261	18334	1074	1	0.661	11	GGA/GAG/AGG	NA	NA	NA	0	0	0	1	NA	NA	NA	NA	NA
JAJIVP010000086.1_1	652	978	327	-1	0.593	11	AGGAG	NA	NA	NA	0	0	0	1	NA	NA	NA	NA	NA
JAJIVP010000086.1_2	1244	2839	1596	1	0.681	11	GGAG/GAGG	NA	NA	NA	0	0	0	1	NA	NA	NA	NA	NA
JAJIVP010000086.1_3	2912	3280	369	-1	0.585	11	GGAG/GAGG	NA	NA	NA	0	0	0	1	NA	NA	NA	NA	NA
JAJIVP010000086.1_4	3288	3569	282	-1	0.550	11	AGGA	NA	NA	NA	0	0	0	1	NA	NA	NA	NA	NA
JAJIVP010000086.1_5	3633	3977	345	-1	0.638	11	AGGAG	NA	NA	NA	0	0	0	1	NA	NA	NA	NA	NA
JAJIVP010000086.1_6	5024	5128	105	1	0.610	11	AGGA/GGAG/GAGG	NA	NA	NA	0	0	0	1	NA	NA	NA	NA	NA
JAJIVP010000086.1_7	5176	5859	684	1	0.615	11	AGGA	NA	NA	NA	0	0	0	1	NA	NA	NA	NA	NA
JAJIVP010000086.1_8	5970	6362	393	1	0.672	11	None	NA	NA	NA	0	0	0	1	NA	NA	NA	NA	NA
JAJIVP010000086.1_9	6453	6845	393	1	0.611	11	None	GENOMAD.116980.PP	1.551e-52	181	0	0	0	1	NA	NA	NA	COG2916;K11685	DNA-binding protein H-NS
JAJIVP010000086.1_10	7470	9602	2133	-1	0.617	11	GGA/GAG/AGG	GENOMAD.145672.CV	0.0004447	46	0	0	0	1	NA	NA	NA	PF18390	Glycogen debranching enzyme C-terminal domain
JAJIVP010000086.1_11	10074	10991	918	1	0.673	11	None	NA	NA	NA	0	0	0	1	NA	NA	NA	NA	NA
JAJIVP010000086.1_12	11200	11643	444	1	0.613	11	AGGAG	NA	NA	NA	0	0	0	1	NA	NA	NA	NA	NA
JAJIVP010000086.1_13	11669	12346	678	1	0.634	11	GGAG/GAGG	NA	NA	NA	0	0	0	1	NA	NA	NA	NA	NA
JAJIVP010000086.1_14	12339	13673	1335	1	0.642	11	None	NA	NA	NA	0	0	0	1	NA	NA	NA	NA	NA
JAJIVP010000086.1_15	13776	13856	81	-1	0.605	11	None	NA	NA	NA	0	0	0	1	NA	NA	NA	NA	NA
JAJIVP010000087.1_1	284	1561	1278	-1	0.651	11	GGAG/GAGG	GENOMAD.189627.PC	7.239e-66	234	0	0	0	1	NA	NA	NA	PF04966;COG3659;K07267	Carbohydrate-selective porin OprB
JAJIVP010000087.1_2	1733	3475	1743	-1	0.696	11	AGGAG	NA	NA	NA	0	0	0	1	NA	NA	NA	NA	NA
JAJIVP010000087.1_3	3629	4585	957	-1	0.718	11	GGAG/GAGG	NA	NA	NA	0	0	0	1	NA	NA	NA	NA	NA
JAJIVP010000087.1_4	4582	7098	2517	-1	0.718	11	GGAG/GAGG	NA	NA	NA	0	0	0	1	NA	NA	NA	NA	NA
JAJIVP010000087.1_5	7260	8258	999	1	0.677	11	GGA/GAG/AGG	NA	NA	NA	0	0	0	1	NA	NA	NA	NA	NA
JAJIVP010000087.1_6	8604	11774	3171	-1	0.640	11	GGA/GAG/AGG	NA	NA	NA	0	0	0	1	NA	NA	NA	NA	NA
JAJIVP010000087.1_7	11787	13094	1308	-1	0.704	11	GGAG/GAGG	NA	NA	NA	0	0	0	1	NA	NA	NA	NA	NA
JAJIVP010000087.1_8	13109	13678	570	-1	0.654	11	GGA/GAG/AGG	GENOMAD.127433.CP	3.057e-90	293	0	0	0	1	NA	NA	NA	PF14246;PF13022;K18301;TIGR03613;COG3226	pyrimidine utilization regulatory protein R
JAJIVP010000087.1_9	14047	19056	5010	1	0.653	11	None	GENOMAD.119435.CP	0.0	1168	0	0	0	1	NA	NA	NA	PF05088;K15371;COG2902	Bacterial NAD-glutamate dehydrogenase
JAJIVP010000087.1_10	19286	20713	1428	-1	0.650	11	GGA/GAG/AGG	NA	NA	NA	0	0	0	1	NA	NA	NA	NA	NA
JAJIVP010000087.1_11	21192	22178	987	-1	0.666	11	AGGA	NA	NA	NA	0	0	0	1	NA	NA	NA	NA	NA
JAJIVP010000087.1_12	22209	26303	4095	-1	0.654	11	AGGA	NA	NA	NA	0	0	0	1	NA	NA	NA	NA	NA
JAJIVP010000087.1_13	26447	27691	1245	-1	0.635	11	None	GENOMAD.167755.CP	2.622e-89	302	0	0	0	1	NA	NA	NA	COG2733	Uncharacterized membrane-anchored protein YjiN, DUF445 family
JAJIVP010000008.1_1	21	941	921	1	0.648	11	None	GENOMAD.123560.CP	1.021e-19	93	0	0	0	1	NA	NA	NA	PF03279;K02517;TIGR02208;COG1560	lipid A biosynthesis (KDO)2-(lauroyl)-lipid IVA acyltransferase
JAJIVP010000008.1_2	1034	2365	1332	-1	0.683	11	None	GENOMAD.145379.CP	9.518e-221	684	0	0	0	1	NA	NA	NA	K16705	NA
JAJIVP010000008.1_3	2346	3458	1113	-1	0.697	11	None	GENOMAD.129448.CP	1.994e-28	121	0	0	0	1	NA	NA	NA	PF20471;TIGR03088;K19002;COG0297	sugar transferase, PEP-CTERM/EpsH1 system associated
JAJIVP010000008.1_4	3469	3666	198	-1	0.682	11	None	GENOMAD.009130.CC	1.367e-23	94	0	0	0	1	NA	NA	NA	PF10276;COG4391	Uncharacterized conserved protein, contains Zn-finger domain
JAJIVP010000008.1_5	3980	7342	3363	1	0.654	11	AGGAG	GENOMAD.145622.CP	5.195e-261	835	0	0	0	1246	Caudoviricetes	NA	NA	PF07971;PF17678;TIGR01180;COG3537	alpha-1,2-mannosidase, putative
JAJIVP010000008.1_6	7703	10012	2310	-1	0.656	11	None	GENOMAD.127123.CP	0.0004914	46	0	0	0	1246	Caudoviricetes	NA	NA	NA	NA
JAJIVP010000008.1_7	10209	11582	1374	-1	0.647	11	GGAG/GAGG	NA	NA	NA	0	0	0	1	NA	NA	NA	NA	NA
JAJIVP010000008.1_8	11866	13038	1173	1	0.654	11	None	GENOMAD.177447.CP	2.898e-11	68	0	0	0	1246	Caudoviricetes	NA	NA	PF07396;PF05736;K07221;COG3746	Phosphate-selective porin O and P; OprF membrane domain
JAJIVP010000008.1_9	13403	16048	2646	1	0.683	11	None	GENOMAD.166313.CP	2.976e-36	152	0	0	0	1	NA	NA	NA	PF02743;K17060	Cache domain
JAJIVP010000008.1_10	16383	17705	1323	1	0.642	11	GGAGG	NA	NA	NA	0	0	0	1	NA	NA	NA	NA	NA
JAJIVP010000008.1_11	17702	18481	780	1	0.636	11	AGGAG	NA	NA	NA	0	0	0	1	NA	NA	NA	NA	NA
JAJIVP010000008.1_12	18473	19375	903	-1	0.652	11	None	NA	NA	NA	0	0	0	1	NA	NA	NA	NA	NA
JAJIVP010000008.1_13	19625	20695	1071	1	0.661	11	GGAG/GAGG	NA	NA	NA	0	0	0	1	NA	NA	NA	NA	NA
JAJIVP010000008.1_14	20712	21257	546	1	0.668	11	GGAG/GAGG	GENOMAD.207447.PC	5.959e-26	107	0	0	0	1	NA	NA	NA	PF20409;K06893;COG4308;TIGR02096	SnoaL-like domain
JAJIVP010000008.1_15	21254	21637	384	1	0.674	11	GGA/GAG/AGG	GENOMAD.197162.PC	1.317e-36	135	0	0	0	1	NA	NA	NA	PF11512	Agrobacterium tumefaciens protein Atu4866
JAJIVP010000008.1_16	21862	22500	639	-1	0.657	11	None	NA	NA	NA	0	0	0	1	NA	NA	NA	NA	NA
JAJIVP010000088.1_1	1	579	579	1	0.530	11	None	NA	NA	NA	0	0	0	1	NA	NA	NA	NA	NA
JAJIVP010000088.1_2	814	1200	387	1	0.693	11	GGAG/GAGG	NA	NA	NA	0	0	0	1	NA	NA	NA	NA	NA
JAJIVP010000089.1_1	2	250	249	-1	0.643	11	None	NA	NA	NA	0	0	0	1	NA	NA	NA	NA	NA
JAJIVP010000090.1_1	1	951	951	1	0.548	11	None	NA	NA	NA	0	0	0	1	NA	NA	NA	NA	NA
JAJIVP010000090.1_2	1419	2309	891	-1	0.590	11	GGA/GAG/AGG	NA	NA	NA	0	0	0	1	NA	NA	NA	NA	NA
JAJIVP010000090.1_3	2434	3060	627	1	0.603	11	GGAG/GAGG	NA	NA	NA	0	0	0	1	NA	NA	NA	NA	NA
JAJIVP010000090.1_4	3063	4181	1119	1	0.588	11	GGAG/GAGG	NA	NA	NA	0	0	0	1	NA	NA	NA	NA	NA
JAJIVP010000091.1_1	26	994	969	-1	0.637	11	GGAG/GAGG	GENOMAD.145686.CP	1.79e-69	240	0	0	0	1	NA	NA	NA	NA	NA
JAJIVP010000091.1_2	1171	2256	1086	1	0.649	11	GGA/GAG/AGG	NA	NA	NA	0	0	0	1	NA	NA	NA	NA	NA
JAJIVP010000091.1_3	2341	3549	1209	1	0.621	11	AGGA	GENOMAD.100028.CP	4.007e-43	166	0	0	0	1	NA	NA	NA	PF00800;K04518;COG0077;TIGR01268	Prephenate dehydratase
JAJIVP010000091.1_4	3673	4995	1323	1	0.673	11	GGA/GAG/AGG	NA	NA	NA	0	0	0	1	NA	NA	NA	NA	NA
JAJIVP010000091.1_5	5134	5712	579	-1	0.691	11	AGGAG	GENOMAD.136404.CP	1.138e-32	127	0	0	0	1	NA	NA	NA	PF03544;TIGR01352	TonB family C-terminal domain
JAJIVP010000091.1_6	5960	6631	672	-1	0.725	11	GGA/GAG/AGG	GENOMAD.136404.CP	1.655e-16	81	0	0	0	1	NA	NA	NA	PF03544;TIGR01352	TonB family C-terminal domain
JAJIVP010000091.1_7	6743	8023	1281	1	0.633	11	None	NA	NA	NA	0	0	0	1	NA	NA	NA	NA	NA
JAJIVP010000091.1_8	8345	8929	585	-1	0.660	11	GGA/GAG/AGG	GENOMAD.153566.CP	2.02e-09	59	0	0	0	1	NA	NA	NA	PF02525;K01118;COG1182;TIGR02690	Flavodoxin-like fold
JAJIVP010000091.1_9	9045	10046	1002	1	0.665	11	GGA/GAG/AGG	NA	NA	NA	0	0	0	1	NA	NA	NA	NA	NA
JAJIVP010000091.1_10	10592	11896	1305	1	0.568	11	GGA/GAG/AGG	NA	NA	NA	0	0	0	1	NA	NA	NA	NA	NA
JAJIVP010000092.1_1	45	518	474	-1	0.641	11	AGGAGG	GENOMAD.182887.VC	5.849e-76	250	0	0	0	1	NA	NA	NA	NA	NA
JAJIVP010000092.1_2	869	2698	1830	-1	0.644	11	GGA/GAG/AGG	NA	NA	NA	0	0	0	1	NA	NA	NA	NA	NA
JAJIVP010000092.1_3	2904	4175	1272	1	0.697	11	GGA/GAG/AGG	GENOMAD.141361.CP	1.566e-64	230	0	0	0	1	NA	NA	NA	PF12700;TIGR01730;K02005;COG0845	HlyD family secretion protein
JAJIVP010000092.1_4	4224	4943	720	1	0.647	11	AGGA	NA	NA	NA	0	0	0	1	NA	NA	NA	NA	NA
JAJIVP010000092.1_5	4955	6256	1302	1	0.626	11	AGGAG	NA	NA	NA	0	0	0	1	NA	NA	NA	NA	NA
JAJIVP010000092.1_6	6312	7538	1227	1	0.611	11	GGA/GAG/AGG	NA	NA	NA	0	0	0	1	NA	NA	NA	NA	NA
JAJIVP010000092.1_7	7635	8069	435	1	0.657	11	GGA/GAG/AGG	NA	NA	NA	0	0	0	1	NA	NA	NA	NA	NA
JAJIVP010000092.1_8	8230	9573	1344	1	0.659	11	GGA/GAG/AGG	NA	NA	NA	0	0	0	1	NA	NA	NA	NA	NA
JAJIVP010000092.1_9	9570	10928	1359	1	0.625	11	None	NA	NA	NA	0	0	0	1	NA	NA	NA	NA	NA
JAJIVP010000092.1_10	11230	12594	1365	-1	0.656	11	GGA/GAG/AGG	NA	NA	NA	0	0	0	1	NA	NA	NA	NA	NA
JAJIVP010000092.1_11	12739	13122	384	1	0.654	11	None	NA	NA	NA	0	0	0	1	NA	NA	NA	NA	NA
JAJIVP010000092.1_12	13639	14208	570	-1	0.686	11	GGAG/GAGG	GENOMAD.196537.PC	1.269e-18	86	0	0	0	1	NA	NA	NA	PF01817;TIGR01806;COG1605	chorismate mutase, putative
JAJIVP010000092.1_13	14448	14870	423	-1	0.652	11	GGA/GAG/AGG	NA	NA	NA	0	0	0	1	NA	NA	NA	NA	NA
JAJIVP010000092.1_14	15014	16420	1407	-1	0.640	11	GGAG/GAGG	NA	NA	NA	0	0	0	1	NA	NA	NA	NA	NA
JAJIVP010000092.1_15	16563	17426	864	-1	0.617	11	GGA/GAG/AGG	NA	NA	NA	0	0	0	1	NA	NA	NA	NA	NA
JAJIVP010000092.1_16	17624	19171	1548	-1	0.649	11	AGGA	NA	NA	NA	0	0	0	1	NA	NA	NA	NA	NA
JAJIVP010000092.1_17	19219	19746	528	-1	0.678	11	GGAG/GAGG	GENOMAD.066577.CV	1.691e-81	267	0	0	0	1	NA	NA	NA	PF00213;K02113;COG0712;TIGR01145	FoF1-type ATP synthase, delta subunit
JAJIVP010000092.1_18	19750	20220	471	-1	0.622	11	GGA/GAG/AGG	GENOMAD.089560.CV	2.408e-43	156	0	0	0	1	NA	NA	NA	PF00430;TIGR03321;COG0711;K02109	alternate F1F0 ATPase, F0 subunit B
JAJIVP010000092.1_19	20335	20637	303	-1	0.660	11	GGAG/GAGG	GENOMAD.001872.CC	3.759e-06	46	0	0	0	1	NA	NA	NA	PF00137;TIGR03322;COG0636	alternate F1F0 ATPase, F0 subunit C
JAJIVP010000092.1_20	20710	21510	801	-1	0.602	11	GGA/GAG/AGG	NA	NA	NA	0	0	0	1	NA	NA	NA	NA	NA
JAJIVP010000092.1_21	21536	21901	366	-1	0.637	11	GGA/GAG/AGG	GENOMAD.038505.CC	1.652e-31	120	0	0	0	1	NA	NA	NA	PF03899;COG3312	FoF1-type ATP synthase assembly protein I
JAJIVP010000092.1_22	22424	23236	813	1	0.624	11	GGAG/GAGG	GENOMAD.210099.CP	9.914e-143	449	0	0	0	1	NA	NA	NA	PF05150;TIGR04219;COG4571	outer membrane protein
JAJIVP010000092.1_23	23375	23650	276	-1	0.681	11	GGAGG	NA	NA	NA	0	0	0	1	NA	NA	NA	NA	NA
JAJIVP010000092.1_24	23692	25515	1824	-1	0.665	11	AGGAG	NA	NA	NA	0	0	0	1	NA	NA	NA	NA	NA
JAJIVP010000092.1_25	25532	26179	648	-1	0.691	11	None	NA	NA	NA	0	0	0	1	NA	NA	NA	NA	NA
JAJIVP010000092.1_26	26176	27939	1764	-1	0.673	11	GGAG/GAGG	GENOMAD.116686.CP	1.974e-46	181	0	0	0	1	NA	NA	NA	PF00198;K09699;TIGR01349;COG0508	pyruvate dehydrogenase complex dihydrolipoamide acetyltransferase, long form
JAJIVP010000092.1_27	28069	28833	765	-1	0.680	11	GGAG/GAGG	GENOMAD.038780.CC	6.63e-23	101	0	0	0	1	NA	NA	NA	NA	NA
JAJIVP010000092.1_28	29057	29617	561	-1	0.645	11	None	NA	NA	NA	0	0	0	1	NA	NA	NA	NA	NA
JAJIVP010000092.1_29	29758	30444	687	1	0.638	11	AGGAG	GENOMAD.167222.CP	8.183e-19	88	0	0	0	1	NA	NA	NA	PF05736;K07275;COG3047;TIGR04565	Outer membrane protein W
JAJIVP010000092.1_30	30607	31215	609	1	0.430	11	GGAG/GAGG	NA	NA	NA	0	0	0	1	NA	NA	NA	NA	NA
JAJIVP010000092.1_31	31830	32387	558	-1	0.659	11	None	NA	NA	NA	0	0	0	1	NA	NA	NA	NA	NA
JAJIVP010000092.1_32	32730	34580	1851	-1	0.649	11	GGAG/GAGG	NA	NA	NA	0	0	0	1	NA	NA	NA	NA	NA
JAJIVP010000092.1_33	34994	35173	180	-1	0.561	11	AGGAG	NA	NA	NA	0	0	0	1	NA	NA	NA	NA	NA
JAJIVP010000092.1_34	36557	36973	417	1	0.549	11	GGA/GAG/AGG	NA	NA	NA	0	0	0	1	NA	NA	NA	NA	NA
JAJIVP010000092.1_35	37008	37808	801	-1	0.628	11	GGA/GAG/AGG	NA	NA	NA	0	0	0	1	NA	NA	NA	NA	NA
JAJIVP010000092.1_36	37955	38650	696	-1	0.678	11	GGAGG	NA	NA	NA	0	0	0	1	NA	NA	NA	NA	NA
JAJIVP010000092.1_37	38647	39654	1008	-1	0.678	11	None	NA	NA	NA	0	0	0	1	NA	NA	NA	NA	NA
JAJIVP010000092.1_38	39901	40797	897	-1	0.700	11	None	NA	NA	NA	0	0	0	1	NA	NA	NA	NA	NA
JAJIVP010000092.1_39	40905	41390	486	1	0.601	11	AGGAG	GENOMAD.000421.CC	1.476e-42	154	0	0	0	1	NA	NA	NA	PF04461;COG1666;K09767	Uncharacterized conserved protein YajQ, UPF0234 family
JAJIVP010000092.1_40	41529	41990	462	1	0.673	11	None	GENOMAD.091290.PP	7.334e-80	261	0	0	0	1	NA	NA	NA	NA	NA
JAJIVP010000092.1_41	41983	43719	1737	1	0.646	11	GGA/GAG/AGG	NA	NA	NA	0	0	0	1	NA	NA	NA	NA	NA
JAJIVP010000092.1_42	43706	44533	828	1	0.709	11	None	NA	NA	NA	0	0	0	1	NA	NA	NA	NA	NA
JAJIVP010000092.1_43	44690	45250	561	1	0.624	11	None	NA	NA	NA	0	0	0	1	NA	NA	NA	NA	NA
JAJIVP010000092.1_44	45659	46465	807	1	0.698	11	None	NA	NA	NA	0	0	0	1	NA	NA	NA	NA	NA
JAJIVP010000092.1_45	46714	47394	681	-1	0.689	11	None	GENOMAD.137324.CP	3.442e-07	53	0	0	0	1	NA	NA	NA	PF03031;TIGR02009;K24204;COG0241	beta-phosphoglucomutase family hydrolase
JAJIVP010000092.1_46	47391	48104	714	-1	0.664	11	GGAG/GAGG	GENOMAD.106866.CP	1.057e-17	85	0	0	0	1246	Caudoviricetes	NA	NA	COG1187	16S rRNA U516 pseudouridylate synthase RsuA and related 23S rRNA U2605, pseudouridylate synthases
JAJIVP010000092.1_47	48101	49168	1068	-1	0.687	11	None	GENOMAD.092187.CP	1.973e-62	221	0	0	0	1	NA	NA	NA	PF05175;PF08468;K00564;COG2813;TIGR03704	16S rRNA G1207 methylase RsmC
JAJIVP010000092.1_48	50257	50520	264	1	0.640	11	GGAG/GAGG	NA	NA	NA	0	0	0	1	NA	NA	NA	NA	NA
JAJIVP010000092.1_49	50559	51896	1338	-1	0.659	11	AGGA	NA	NA	NA	0	0	0	1	NA	NA	NA	NA	NA
JAJIVP010000092.1_50	51985	52293	309	-1	0.621	11	GGAG/GAGG	NA	NA	NA	0	0	0	1	NA	NA	NA	NA	NA
JAJIVP010000092.1_51	52625	53938	1314	-1	0.654	11	None	NA	NA	NA	0	0	0	1	NA	NA	NA	NA	NA
JAJIVP010000093.1_1	3	1214	1212	1	0.609	11	None	NA	NA	NA	0	0	0	1	NA	NA	NA	NA	NA
JAJIVP010000093.1_2	1431	1925	495	1	0.527	11	AGGAG	NA	NA	NA	0	0	0	1	NA	NA	NA	NA	NA
JAJIVP010000093.1_3	3380	3922	543	1	0.676	11	GGA/GAG/AGG	NA	NA	NA	0	0	0	1	NA	NA	NA	NA	NA
JAJIVP010000093.1_4	4453	4842	390	1	0.659	11	GGAGG	NA	NA	NA	0	0	0	1	NA	NA	NA	NA	NA
JAJIVP010000093.1_5	4894	5553	660	1	0.612	11	AGGA	GENOMAD.206010.CP	7.215e-15	76	0	0	0	1	NA	NA	NA	PF02517	Type II CAAX prenyl endopeptidase Rce1-like
JAJIVP010000093.1_6	5641	6348	708	1	0.665	11	GGA/GAG/AGG	NA	NA	NA	0	0	0	1	NA	NA	NA	NA	NA
JAJIVP010000093.1_7	6966	8270	1305	-1	0.677	11	GGAG/GAGG	NA	NA	NA	0	0	0	1	NA	NA	NA	NA	NA
JAJIVP010000093.1_8	8343	9644	1302	-1	0.696	11	GGA/GAG/AGG	GENOMAD.176778.PC	6.499e-56	205	0	0	0	1	NA	NA	NA	PF00328;K01093	Histidine phosphatase superfamily (branch 2)
JAJIVP010000093.1_9	9748	12636	2889	-1	0.672	11	GGA/GAG/AGG	GENOMAD.152082.CP	2.486e-64	243	0	0	0	1	NA	NA	NA	PF00593;PF07715;PF00691;TIGR01782;COG4773;K16089	TonB-dependent receptor
JAJIVP010000093.1_10	13098	14174	1077	-1	0.688	11	GGAG/GAGG	GENOMAD.141393.CP	2.077e-17	87	0	0	0	1	NA	NA	NA	PF04773;PF16220;COG3712;K07165	periplasmic ferric-dicitrate binding protein FecR, regulates iron transport through sigma-19
JAJIVP010000093.1_11	14165	14692	528	-1	0.667	11	GGAGG	NA	NA	NA	0	0	0	1	NA	NA	NA	NA	NA
JAJIVP010000093.1_12	15042	15581	540	1	0.689	11	GGA/GAG/AGG	GENOMAD.127449.CP	2.314e-27	111	0	0	0	1	NA	NA	NA	PF07638;TIGR02999;COG1595;K24073	RNA polymerase sigma factor, TIGR02999 family
JAJIVP010000093.1_13	15578	18079	2502	1	0.695	11	GGxGG	GENOMAD.013203.CC	1.644e-05	51	0	0	0	1	NA	NA	NA	PF09205;PF07714;K08857;COG0478;TIGR03903	RIO-like serine/threonine protein kinase fused to N-terminal HTH domain
JAJIVP010000093.1_14	18192	18437	246	1	0.724	11	None	NA	NA	NA	0	0	0	1	NA	NA	NA	NA	NA
JAJIVP010000093.1_15	18673	20004	1332	1	0.688	11	GGAG/GAGG	GENOMAD.146515.CP	4.495e-35	143	0	0	0	1	NA	NA	NA	PF01234;PF20225;COG4976;TIGR02021;K06219	Predicted methyltransferase, contains TPR repeat
JAJIVP010000093.1_16	20154	22121	1968	1	0.655	11	GGA/GAG/AGG	NA	NA	NA	0	0	0	1	NA	NA	NA	NA	NA
JAJIVP010000093.1_17	22118	22666	549	1	0.727	11	None	GENOMAD.218216.PC	2.49e-46	166	0	0	0	1	NA	NA	NA	PF22011	NA
JAJIVP010000093.1_18	22986	24317	1332	1	0.680	11	AGGAG	GENOMAD.170233.CP	1.074e-41	163	0	0	0	1	NA	NA	NA	PF20232;PF00498;K07169;TIGR03354;COG3456	type VI secretion system FHA domain protein
JAJIVP010000093.1_19	24376	25278	903	-1	0.660	11	GGA/GAG/AGG	NA	NA	NA	0	0	0	1	NA	NA	NA	NA	NA
JAJIVP010000093.1_20	25507	26397	891	1	0.631	11	AGGA	NA	NA	NA	0	0	0	1	NA	NA	NA	NA	NA
JAJIVP010000093.1_21	26900	28234	1335	1	0.676	11	None	GENOMAD.166652.PC	5.107e-43	167	0	0	0	1	NA	NA	NA	PF05936;TIGR03353;COG3522;K11893	type VI secretion protein, VC_A0114 family
JAJIVP010000093.1_22	28237	29493	1257	1	0.702	11	GGAG/GAGG	GENOMAD.167543.PC	2.708e-34	140	0	0	0	1	NA	NA	NA	PF09850;TIGR03349;COG3455	type IV / VI secretion system protein, DotU family
JAJIVP010000093.1_23	29490	33020	3531	1	0.701	11	None	GENOMAD.161502.PC	1.408e-115	406	0	0	0	1	NA	NA	NA	PF14331;PF06761;PF06744;PF19993;TIGR03348;K11891;COG3523	type VI secretion protein IcmF
JAJIVP010000093.1_24	33017	33592	576	1	0.720	11	None	GENOMAD.192401.PC	4.203e-35	134	0	0	0	1	NA	NA	NA	PF09867;COG3913;K11890;TIGR03373	TagF N-terminal domain, Type VI secretion system-associated
JAJIVP010000093.1_25	33589	34305	717	1	0.688	11	GGAG/GAGG	NA	NA	NA	0	0	0	1	NA	NA	NA	NA	NA
JAJIVP010000093.1_26	34310	38005	3696	1	0.708	11	AGGAG	GENOMAD.215794.CP	0.0001059	49	0	0	0	1	NA	NA	NA	PF07714;K08884;COG0478;TIGR03903	RIO-like serine/threonine protein kinase fused to N-terminal HTH domain
JAJIVP010000093.1_27	38454	40136	1683	1	0.687	11	GGA/GAG/AGG	NA	NA	NA	0	0	0	1	NA	NA	NA	NA	NA
JAJIVP010000093.1_28	40148	48331	8184	1	0.679	11	GGAG/GAGG	NA	NA	NA	0	0	0	1	NA	NA	NA	NA	NA
JAJIVP010000093.1_29	48381	49424	1044	1	0.712	11	GGAGG	GENOMAD.179387.PC	1.933e-43	165	0	0	0	1	NA	NA	NA	PF06812;K11902;TIGR03363;COG3515	type VI secretion-associated protein, ImpA family
JAJIVP010000093.1_30	49780	50070	291	-1	0.632	11	GGA/GAG/AGG	GENOMAD.010346.CC	6.885e-45	157	0	0	0	1	NA	NA	NA	PF11191;PF08139;COG5633;TIGR00752;K20267	Uncharacterized conserved protein YcfL
JAJIVP010000093.1_31	50147	52948	2802	1	0.675	11	None	GENOMAD.127376.VC	4.892e-13	76	0	0	0	1246	Caudoviricetes	NA	NA	PF00476;K21238;COG0749	DNA polymerase I - 3'-5' exonuclease and polymerase domains
JAJIVP010000093.1_32	53547	53723	177	1	0.689	11	None	NA	NA	NA	0	0	0	1	NA	NA	NA	NA	NA
JAJIVP010000093.1_33	53792	54691	900	-1	0.643	11	None	NA	NA	NA	0	0	0	1	NA	NA	NA	NA	NA
JAJIVP010000093.1_34	55094	55678	585	-1	0.665	11	None	NA	NA	NA	0	0	0	1	NA	NA	NA	NA	NA
JAJIVP010000093.1_35	55675	56391	717	-1	0.676	11	GGAG/GAGG	NA	NA	NA	0	0	0	1	NA	NA	NA	NA	NA
JAJIVP010000093.1_36	56823	59192	2370	-1	0.657	11	None	GENOMAD.129013.CP	1.529e-19	97	0	0	0	1	NA	NA	NA	PF00326;PF00930;K01278;COG1770;TIGR02821	Prolyl oligopeptidase family; Dipeptidyl peptidase IV (DPP IV) N-terminal region
JAJIVP010000093.1_37	59774	61117	1344	1	0.701	11	None	NA	NA	NA	0	0	0	1	NA	NA	NA	NA	NA
JAJIVP010000093.1_38	61423	62430	1008	-1	0.683	11	GGA/GAG/AGG	GENOMAD.190147.CP	1.657e-38	150	0	0	0	1	NA	NA	NA	K18240;TIGR04444	chorismatase, FkbO/Hyg5 family
JAJIVP010000093.1_39	62430	63776	1347	-1	0.659	11	None	GENOMAD.135937.CP	0.0002375	46	1	0	0	1	NA	NA	NA	PF05834;K17830;COG0644;TIGR02028	Dehydrogenase (flavoprotein)
JAJIVP010000093.1_40	64080	64349	270	1	0.622	11	GGA/GAG/AGG	GENOMAD.159708.CP	5.546e-36	131	0	0	0	1	NA	NA	NA	PF10501;K16025;TIGR04069	peptide maturation system acyl carrier-related protein
JAJIVP010000093.1_41	64324	65070	747	1	0.664	11	None	GENOMAD.171493.CP	1.324e-102	332	0	0	0	1	NA	NA	NA	PF11361;COG4648;TIGR00997	Intracellular septation protein A
JAJIVP010000093.1_42	65124	65873	750	1	0.647	11	GGA/GAG/AGG	GENOMAD.121797.CP	8.048e-05	46	0	0	0	1	NA	NA	NA	PF03982;K00655;COG2121;TIGR00530	Diacylglycerol acyltransferase
JAJIVP010000093.1_43	65885	66172	288	1	0.694	11	GGA/GAG/AGG	GENOMAD.130478.CP	2.943e-45	158	0	0	0	1	NA	NA	NA	PF07977;TIGR01750;COG0764	beta-hydroxyacyl-
JAJIVP010000093.1_44	66169	67143	975	1	0.665	11	GGAG/GAGG	GENOMAD.120950.CP	5.981e-85	285	0	0	0	1	NA	NA	NA	PF03279;COG4261;TIGR02208;K02517	Predicted acyltransferase, LPLAT superfamily
JAJIVP010000093.1_45	67094	67714	621	1	0.696	11	None	GENOMAD.161696.CP	1.079e-29	119	0	0	0	1	NA	NA	NA	PF19574;TIGR03009	Outer membrane lipoprotein carrier protein LolA-like
JAJIVP010000093.1_46	67853	68080	228	1	0.645	11	AGGA	NA	NA	NA	0	0	0	1	NA	NA	NA	NA	NA
JAJIVP010000093.1_47	68070	70436	2367	1	0.674	11	AGGA	NA	NA	NA	0	0	0	1	NA	NA	NA	NA	NA
JAJIVP010000093.1_48	70423	70854	432	1	0.660	11	GGAG/GAGG	GENOMAD.190634.CP	4.917e-71	235	0	0	0	1	NA	NA	NA	COG4706;TIGR01750	Predicted 3-hydroxylacyl-ACP dehydratase, HotDog domain
JAJIVP010000093.1_49	70864	71355	492	-1	0.596	11	GGAG/GAGG	GENOMAD.212552.PC	2.153e-81	266	0	0	0	1	NA	NA	NA	PF08378	NA
JAJIVP010000093.1_50	71586	72317	732	1	0.664	11	None	NA	NA	NA	0	0	0	1	NA	NA	NA	NA	NA
JAJIVP010000093.1_51	72458	72661	204	-1	0.495	11	AGGAG	NA	NA	NA	0	0	0	1	NA	NA	NA	NA	NA
JAJIVP010000093.1_52	72944	74566	1623	-1	0.633	11	GGA/GAG/AGG	NA	NA	NA	0	0	0	1	NA	NA	NA	NA	NA
JAJIVP010000093.1_53	74563	75384	822	-1	0.672	11	GGAGG	NA	NA	NA	0	0	0	1	NA	NA	NA	NA	NA
JAJIVP010000093.1_54	75381	76154	774	-1	0.726	11	GGxGG	GENOMAD.176986.CP	1.868e-35	138	0	0	0	1	NA	NA	NA	PF13723;COG0304;K05551;TIGR03150	Beta-ketoacyl synthase, N-terminal domain
JAJIVP010000093.1_55	76154	77353	1200	-1	0.705	11	None	NA	NA	NA	0	0	0	1	NA	NA	NA	NA	NA
JAJIVP010000093.1_56	77573	77833	261	1	0.640	11	None	GENOMAD.134274.CV	8.078e-16	73	0	0	0	1	NA	NA	NA	PF05166;COG3100;K09902	Uncharacterized conserved protein YcgL, UPF0745 family
JAJIVP010000093.1_57	77826	81146	3321	1	0.727	11	GGA/GAG/AGG	NA	NA	NA	0	0	0	1	NA	NA	NA	NA	NA
JAJIVP010000093.1_58	81562	83334	1773	1	0.646	11	GGAG/GAGG	GENOMAD.151073.CP	1.536e-07	57	0	0	0	1	NA	NA	NA	PF00723;PF09137;TIGR01577;COG3387;K01178	oligosaccharide amylase
JAJIVP010000093.1_59	83331	85160	1830	1	0.637	11	AGGA	NA	NA	NA	0	0	0	1	NA	NA	NA	NA	NA
JAJIVP010000093.1_60	86736	90236	3501	1	0.588	11	GGAG/GAGG	NA	NA	NA	0	0	0	1	NA	NA	NA	NA	NA
JAJIVP010000093.1_61	91325	93142	1818	-1	0.662	11	GGAG/GAGG	NA	NA	NA	0	0	0	1	NA	NA	NA	NA	NA
JAJIVP010000093.1_62	93359	94186	828	-1	0.652	11	GGAG/GAGG	NA	NA	NA	0	0	0	1	NA	NA	NA	NA	NA
JAJIVP010000093.1_63	94813	96180	1368	1	0.667	11	GGA/GAG/AGG	GENOMAD.114680.CP	5.027e-59	215	0	0	0	1246	Caudoviricetes	NA	NA	PF01769;PF03448;PF00478;K06213;TIGR00400;COG2239	Mg2+ transporter (mgtE)
JAJIVP010000093.1_64	96296	99004	2709	1	0.699	11	None	GENOMAD.120770.CP	1.383e-64	243	0	0	0	1	NA	NA	NA	PF13549;K22224;TIGR01016;COG1042	succinyl-CoA synthetase, beta subunit
JAJIVP010000093.1_65	99110	100153	1044	1	0.635	11	GGAG/GAGG	NA	NA	NA	0	0	0	1	NA	NA	NA	NA	NA
JAJIVP010000093.1_66	100755	103253	2499	1	0.630	11	GGAGG	GENOMAD.043924.VV	3.303e-05	50	0	0	0	1246	Caudoviricetes	NA	NA	NA	NA
JAJIVP010000093.1_67	103433	104476	1044	1	0.584	11	GGA/GAG/AGG	NA	NA	NA	0	0	0	1	NA	NA	NA	NA	NA
JAJIVP010000093.1_68	105162	105500	339	1	0.566	11	GGA/GAG/AGG	NA	NA	NA	0	0	0	1	NA	NA	NA	NA	NA
JAJIVP010000093.1_69	105505	105831	327	1	0.615	11	None	NA	NA	NA	0	0	0	1	NA	NA	NA	NA	NA
JAJIVP010000093.1_70	105869	106321	453	1	0.651	11	GGAG/GAGG	NA	NA	NA	0	0	0	1	NA	NA	NA	NA	NA
JAJIVP010000093.1_71	106359	106760	402	1	0.664	11	None	NA	NA	NA	0	0	0	1	NA	NA	NA	NA	NA
JAJIVP010000093.1_72	106908	107456	549	-1	0.632	11	None	GENOMAD.181624.CP	4.97e-73	243	0	0	0	1	NA	NA	NA	COG3223	NA
JAJIVP010000093.1_73	107729	108667	939	-1	0.683	11	GGAG/GAGG	GENOMAD.153340.CP	2.826e-10	64	0	0	0	1	NA	NA	NA	PF10100;TIGR00745;K00077;COG1893	2-dehydropantoate 2-reductase
JAJIVP010000093.1_74	108673	109464	792	-1	0.640	11	GGAG/GAGG	GENOMAD.129876.CP	7.567e-41	154	0	0	0	1	NA	NA	NA	K09694;COG3694	ABC-type uncharacterized transport system, permease component
JAJIVP010000093.1_75	109482	110477	996	-1	0.656	11	AGGA	NA	NA	NA	0	0	0	1	NA	NA	NA	NA	NA
JAJIVP010000093.1_76	110619	111341	723	1	0.674	11	None	GENOMAD.137367.CP	4.94e-10	62	0	0	0	1	NA	NA	NA	PF00175;PF08021;K02641;TIGR03224;COG0543	benzoyl-CoA oxygenase/reductase, BoxA protein
JAJIVP010000093.1_77	111427	112428	1002	-1	0.661	11	GGA/GAG/AGG	NA	NA	NA	0	0	0	1	NA	NA	NA	NA	NA
JAJIVP010000093.1_78	112493	112765	273	1	0.619	11	AGxAGG/AGGxGG	NA	NA	NA	0	0	0	1	NA	NA	NA	NA	NA
JAJIVP010000093.1_79	112884	113357	474	-1	0.652	11	None	NA	NA	NA	0	0	0	1	NA	NA	NA	NA	NA
JAJIVP010000093.1_80	113769	114356	588	1	0.636	11	GGAG/GAGG	NA	NA	NA	0	0	0	1	NA	NA	NA	NA	NA
JAJIVP010000093.1_81	114353	114553	201	1	0.597	11	None	NA	NA	NA	0	0	0	1	NA	NA	NA	NA	NA
JAJIVP010000093.1_82	114608	116209	1602	1	0.671	11	AGGAG	GENOMAD.166690.CP	4.579e-18	91	0	0	0	1	NA	NA	NA	PF03096;PF08386;TIGR03343;COG2267;K16050	2-hydroxy-6-oxo-6-phenylhexa-2,4-dienoate hydrolase
JAJIVP010000093.1_83	116241	116987	747	1	0.644	11	GGAGG	NA	NA	NA	0	0	0	1	NA	NA	NA	NA	NA
JAJIVP010000093.1_84	116984	118177	1194	1	0.655	11	GGAG/GAGG	GENOMAD.105317.CP	7.484e-44	168	0	0	0	1	NA	NA	NA	PF12698;K09696;COG1668;TIGR03518	ABC-type Na+ efflux pump, permease component
JAJIVP010000093.1_85	118328	119338	1011	-1	0.702	11	AGxAGG/AGGxGG	GENOMAD.024791.CC	7.261e-10	63	0	0	0	1	NA	NA	NA	NA	NA
JAJIVP010000093.1_86	119478	121043	1566	-1	0.681	11	GGAG/GAGG	GENOMAD.098617.VV	5.364e-11	68	0	0	0	1246	Caudoviricetes	NA	NA	NA	NA
JAJIVP010000093.1_87	121054	122067	1014	-1	0.680	11	None	NA	NA	NA	0	0	0	1	NA	NA	NA	NA	NA
JAJIVP010000093.1_88	122057	122758	702	-1	0.627	11	None	GENOMAD.183080.CP	2.704e-60	209	0	0	0	1	NA	NA	NA	PF07277	SapC
JAJIVP010000093.1_89	122947	126036	3090	-1	0.640	11	GGA/GAG/AGG	GENOMAD.152082.CP	9.754e-60	229	0	0	0	1	NA	NA	NA	PF00593;PF07715;PF00691;TIGR01782;COG4773;K16089	TonB-dependent receptor
JAJIVP010000093.1_90	126345	127034	690	1	0.638	11	GGAG/GAGG	NA	NA	NA	0	0	0	1	NA	NA	NA	NA	NA
JAJIVP010000093.1_91	127367	129604	2238	1	0.648	11	AGGA	GENOMAD.129013.CP	9.982e-58	219	0	0	0	1	NA	NA	NA	PF00326;PF00930;K01278;COG1770;TIGR02821	Prolyl oligopeptidase family; Dipeptidyl peptidase IV (DPP IV) N-terminal region
JAJIVP010000093.1_92	129802	130083	282	1	0.610	11	AGGAG	GENOMAD.034063.CC	6.13e-14	68	0	0	0	1	NA	NA	NA	PF08695	Cytochrome oxidase complex assembly protein 1
JAJIVP010000093.1_93	130347	132137	1791	1	0.660	11	GGA/GAG/AGG	NA	NA	NA	0	0	0	1	NA	NA	NA	NA	NA
JAJIVP010000093.1_94	132237	132707	471	-1	0.718	11	GGA/GAG/AGG	NA	NA	NA	0	0	0	1	NA	NA	NA	NA	NA
JAJIVP010000093.1_95	132925	133173	249	1	0.643	11	GGAG/GAGG	GENOMAD.221918.CP	1.742e-21	89	0	0	0	1	NA	NA	NA	NA	NA
JAJIVP010000093.1_96	133398	134390	993	1	0.647	11	AGGAG	GENOMAD.121288.CP	7.717e-104	340	0	0	0	1	NA	NA	NA	PF00490;COG0113;K01698	Delta-aminolevulinic acid dehydratase, porphobilinogen synthase
JAJIVP010000093.1_97	134775	135527	753	-1	0.648	11	GGA/GAG/AGG	NA	NA	NA	0	0	0	1	NA	NA	NA	NA	NA
JAJIVP010000093.1_98	135691	138291	2601	1	0.666	11	None	GENOMAD.137347.CP	1.396e-36	153	0	0	0	1	NA	NA	NA	COG3182;K03863	NA
JAJIVP010000093.1_99	138756	139637	882	-1	0.700	11	AGGA	GENOMAD.104285.CP	4.825e-10	63	0	0	0	1	NA	NA	NA	PF16472	NA
JAJIVP010000093.1_100	139702	140553	852	1	0.689	11	GGA/GAG/AGG	GENOMAD.079440.CP	1.378e-06	52	0	0	0	1	NA	NA	NA	PF05201;PF01488;K02492;TIGR01035;COG0373	glutamyl-tRNA reductase
JAJIVP010000093.1_101	140543	140917	375	1	0.693	11	AGGA/GGAG/GAGG	NA	NA	NA	0	0	0	1	NA	NA	NA	NA	NA
JAJIVP010000093.1_102	140914	141150	237	1	0.692	11	None	NA	NA	NA	0	0	0	1	NA	NA	NA	NA	NA
JAJIVP010000093.1_103	141418	143553	2136	1	0.659	11	None	GENOMAD.153592.VC	1.342e-05	51	0	0	0	4186	Haloferacalesvirus	NA	NA	PF13307;PF04851;TIGR00604;COG1199;K03722	DNA repair helicase (rad3)
JAJIVP010000093.1_104	144111	145616	1506	1	0.618	11	GGA/GAG/AGG	NA	NA	NA	0	0	0	1	NA	NA	NA	NA	NA
JAJIVP010000093.1_105	145675	146292	618	1	0.644	11	GGAG/GAGG	NA	NA	NA	0	0	0	1	NA	NA	NA	NA	NA
JAJIVP010000093.1_106	146860	147084	225	1	0.609	11	GGA/GAG/AGG	NA	NA	NA	0	0	0	1	NA	NA	NA	NA	NA
JAJIVP010000093.1_107	147542	148546	1005	1	0.679	11	None	NA	NA	NA	0	0	0	1	NA	NA	NA	NA	NA
JAJIVP010000093.1_108	148885	149187	303	1	0.657	11	None	NA	NA	NA	0	0	0	1	NA	NA	NA	NA	NA
JAJIVP010000093.1_109	149259	149942	684	1	0.610	11	GGAG/GAGG	NA	NA	NA	0	0	0	1	NA	NA	NA	NA	NA
JAJIVP010000093.1_110	149972	151387	1416	1	0.636	11	AGGA	NA	NA	NA	0	0	0	1	NA	NA	NA	NA	NA
JAJIVP010000093.1_111	151506	153095	1590	1	0.652	11	GGAGG	GENOMAD.143156.CP	3.399e-49	188	0	0	0	1	NA	NA	NA	PF08811;COG5267	Uncharacterized conserved protein, DUF1800 family
JAJIVP010000093.1_112	153215	154390	1176	1	0.645	11	GGAG/GAGG	NA	NA	NA	0	0	0	1	NA	NA	NA	NA	NA
JAJIVP010000093.1_113	154528	155280	753	-1	0.647	11	None	NA	NA	NA	0	0	0	1	NA	NA	NA	NA	NA
JAJIVP010000093.1_114	155292	155567	276	-1	0.685	11	GGA/GAG/AGG	NA	NA	NA	0	0	0	1	NA	NA	NA	NA	NA
JAJIVP010000093.1_115	155848	156927	1080	1	0.708	11	None	GENOMAD.104118.CP	7.476e-09	60	1	0	0	1	NA	NA	NA	PF03099;COG0340;TIGR00121;K01947	Biotin-(acetyl-CoA carboxylase) ligase
JAJIVP010000093.1_116	156924	157652	729	1	0.719	11	GGA/GAG/AGG	GENOMAD.146670.CP	1.042e-22	100	0	0	0	1	NA	NA	NA	PF03309;COG1521;TIGR00671;K03525	Pantothenate kinase type III
JAJIVP010000093.1_117	158178	158573	396	1	0.722	11	GGAG/GAGG	NA	NA	NA	0	0	0	1	NA	NA	NA	NA	NA
JAJIVP010000093.1_118	158984	159664	681	-1	0.700	11	None	NA	NA	NA	0	0	0	1	NA	NA	NA	NA	NA
JAJIVP010000093.1_119	160135	160677	543	-1	0.626	11	GGA/GAG/AGG	NA	NA	NA	0	0	0	1	NA	NA	NA	NA	NA
JAJIVP010000093.1_120	160674	161591	918	-1	0.683	11	None	NA	NA	NA	0	0	0	1	NA	NA	NA	NA	NA
JAJIVP010000093.1_121	161688	162047	360	-1	0.628	11	AGGA	GENOMAD.197717.CP	8.77e-13	66	0	0	0	1	NA	NA	NA	PF08923;COG2018	Predicted regulator of Ras-like GTPase activity, Roadblock/LC7/MglB family
JAJIVP010000093.1_122	162111	162563	453	-1	0.660	11	GGA/GAG/AGG	GENOMAD.205530.CP	6.83e-71	235	0	0	0	1	NA	NA	NA	PF08923;K07131;COG2018	Mitogen-activated protein kinase kinase 1 interacting
JAJIVP010000093.1_123	162884	163807	924	1	0.667	11	GGAG/GAGG	NA	NA	NA	0	0	0	1	NA	NA	NA	NA	NA
JAJIVP010000093.1_124	163914	164066	153	1	0.614	11	GGAG/GAGG	NA	NA	NA	0	0	0	1	NA	NA	NA	NA	NA
JAJIVP010000093.1_125	164141	164275	135	1	0.622	11	AGGAG	NA	NA	NA	0	0	0	1	NA	NA	NA	NA	NA
JAJIVP010000093.1_126	164503	164712	210	1	0.581	11	GGAG/GAGG	GENOMAD.193185.CP	0.0001353	40	0	0	0	1	NA	NA	NA	PF05532;COG3237	Uncharacterized conserved protein YjbJ, UPF0337 family
JAJIVP010000093.1_127	164879	166168	1290	1	0.629	11	None	NA	NA	NA	0	0	0	1	NA	NA	NA	NA	NA
JAJIVP010000093.1_128	166297	167241	945	1	0.651	11	None	GENOMAD.140931.CP	1.276e-24	108	0	0	0	1	NA	NA	NF033105	PF19583;K20257;TIGR04558;COG0426	quinoprotein relay system zinc metallohydrolase 1
JAJIVP010000093.1_129	167642	169294	1653	1	0.667	11	None	GENOMAD.140543.CP	1.143e-06	54	0	0	0	1	NA	NA	NA	PF16254;K19701;COG4882	Predicted aminopeptidase, Iap family
JAJIVP010000093.1_130	169631	170104	474	-1	0.679	11	None	GENOMAD.123979.PP	1.97e-79	260	0	0	0	1	NA	NA	NA	PF18602	Rap1a immunity proteins
JAJIVP010000093.1_131	170184	171080	897	1	0.683	11	None	GENOMAD.142573.CP	1.646e-15	80	0	0	0	1	NA	NA	NA	K15269;COG5006	Threonine/homoserine efflux transporter RhtA
JAJIVP010000093.1_132	171077	171985	909	1	0.674	11	GGA/GAG/AGG	GENOMAD.142391.CP	5.171e-76	258	0	0	0	1	NA	NA	NA	PF06027;K05786;COG2962;TIGR00688	Uncharacterized membrane protein RarD, contains two EamA domains
JAJIVP010000093.1_133	172062	173177	1116	-1	0.688	11	None	GENOMAD.178547.CP	2.088e-05	49	0	0	0	1	NA	NA	NA	PF02273;TIGR01607;COG1647;K01054	Plasmodium subtelomeric family (PST-A)
JAJIVP010000093.1_134	173345	174664	1320	-1	0.668	11	AGGAG	GENOMAD.125873.CP	0.0009471	44	0	0	0	1	NA	NA	NA	PF02687;TIGR01185;COG4591;K09808	DevC protein
JAJIVP010000093.1_135	174678	175838	1161	-1	0.626	11	GGAG/GAGG	NA	NA	NA	0	0	0	1	NA	NA	NA	NA	NA
JAJIVP010000093.1_136	175851	176540	690	-1	0.625	11	AGGAG	NA	NA	NA	0	0	0	1	NA	NA	NA	NA	NA
JAJIVP010000093.1_137	176915	178159	1245	-1	0.675	11	None	NA	NA	NA	0	0	0	1	NA	NA	NA	NA	NA
JAJIVP010000093.1_138	178610	179785	1176	1	0.683	11	GGA/GAG/AGG	GENOMAD.151958.CP	1.752e-19	94	0	0	0	1	NA	NA	NA	PF07730;K11623;COG3920	Two-component sensor histidine kinase, HisKA and HATPase domains
JAJIVP010000093.1_139	179870	180472	603	1	0.673	11	GGA/GAG/AGG	NA	NA	NA	0	0	0	1	NA	NA	NA	NA	NA
JAJIVP010000093.1_140	180700	181488	789	1	0.606	11	GGA/GAG/AGG	GENOMAD.129948.CP	2.897e-43	161	0	0	0	1	NA	NA	NA	K09992;COG4813	Trehalose utilization protein
JAJIVP010000093.1_141	181713	182255	543	-1	0.659	11	GGAG/GAGG	GENOMAD.151626.CP	9.142e-57	196	0	0	0	1	NA	NA	NA	PF01292;K12262;COG3038;TIGR02125	Cytochrome b561
JAJIVP010000093.1_142	182252	183343	1092	-1	0.688	11	GGAG/GAGG	NA	NA	NA	0	0	0	1	NA	NA	NA	NA	NA
JAJIVP010000093.1_143	183504	184019	516	1	0.676	11	None	NA	NA	NA	0	0	0	1	NA	NA	NA	NA	NA
JAJIVP010000093.1_144	184016	184768	753	1	0.704	11	GGAG/GAGG	GENOMAD.182302.PC	2.861e-58	204	0	0	0	1	NA	NA	NA	PF11859;COG5662;TIGR02949	Transmembrane transcriptional regulator (anti-sigma factor RsiW)
JAJIVP010000093.1_145	184824	186194	1371	-1	0.681	11	GGAG/GAGG	GENOMAD.005842.CC	1.222e-17	89	0	0	0	1	NA	NA	NA	PF02789;COG0260	Cytosol aminopeptidase family, N-terminal domain
JAJIVP010000093.1_146	186236	186973	738	-1	0.667	11	None	GENOMAD.154445.CP	2.38e-23	102	0	0	0	1	NA	NA	NA	PF12689;K20862;TIGR01454;COG4359	3-amino-5-hydroxybenoic acid synthesis related protein
JAJIVP010000093.1_147	187074	188180	1107	-1	0.645	11	GGA/GAG/AGG	GENOMAD.118355.CP	2.43e-52	192	0	0	0	1	NA	NA	NA	COG0628	Predicted PurR-regulated permease PerM
JAJIVP010000093.1_148	188778	189161	384	-1	0.641	11	GGAG/GAGG	NA	NA	NA	0	0	0	1	NA	NA	NA	NA	NA
JAJIVP010000093.1_149	189158	189643	486	-1	0.658	11	None	NA	NA	NA	0	0	0	1	NA	NA	NA	NA	NA
JAJIVP010000093.1_150	189647	190009	363	-1	0.664	11	AGGAG	GENOMAD.055874.CC	3.948e-54	185	0	0	0	1	NA	NA	NA	PF19029	DUF883 C-terminal glycine zipper region
JAJIVP010000093.1_151	190126	191562	1437	-1	0.653	11	GGA/GAG/AGG	GENOMAD.137791.CP	7.664e-06	51	0	0	0	1	NA	NA	NA	PF19805;PF03190;PF17816;COG5233;TIGR03279;K05360	Peripheral Golgi membrane protein
JAJIVP010000093.1_152	191806	192657	852	1	0.654	11	AGGAGG	NA	NA	NA	0	0	0	1	NA	NA	NA	NA	NA
JAJIVP010000093.1_153	192936	193598	663	-1	0.646	11	GGA/GAG/AGG	GENOMAD.205595.PC	3.666e-86	283	0	0	0	1	NA	NA	NA	PF11769	NA
JAJIVP010000093.1_154	193663	193953	291	-1	0.698	11	AGGA	NA	NA	NA	0	0	0	1	NA	NA	NA	NA	NA
JAJIVP010000093.1_155	194330	195514	1185	-1	0.657	11	GGA/GAG/AGG	NA	NA	NA	0	0	0	1	NA	NA	NA	NA	NA
JAJIVP010000093.1_156	195511	196176	666	-1	0.646	11	None	NA	NA	NA	0	0	0	1	NA	NA	NA	NA	NA
JAJIVP010000093.1_157	196323	197210	888	-1	0.700	11	AGGAG	GENOMAD.105757.CP	9.41e-65	225	0	0	0	1	NA	NA	NA	PF04321;TIGR01777;COG1090;K19997	TIGR01777 family protein
JAJIVP010000093.1_158	197417	198010	594	-1	0.652	11	AGGA	NA	NA	NA	0	0	0	1	NA	NA	NA	NA	NA
JAJIVP010000093.1_159	198084	198359	276	-1	0.649	11	GGAG/GAGG	NA	NA	NA	0	0	0	1	NA	NA	NA	NA	NA
JAJIVP010000093.1_160	198403	198684	282	-1	0.585	11	GGA/GAG/AGG	NA	NA	NA	0	0	0	1	NA	NA	NA	NA	NA
JAJIVP010000093.1_161	199089	199253	165	1	0.570	11	GGA/GAG/AGG	NA	NA	NA	0	0	0	1	NA	NA	NA	NA	NA
JAJIVP010000093.1_162	199342	200436	1095	1	0.634	11	GGAG/GAGG	NA	NA	NA	0	0	0	1	NA	NA	NA	NA	NA
JAJIVP010000093.1_163	200436	201305	870	1	0.638	11	None	NA	NA	NA	0	0	0	1	NA	NA	NA	NA	NA
JAJIVP010000093.1_164	201573	202373	801	-1	0.654	11	GGAGG	GENOMAD.215480.PC	8.192e-12	68	0	0	0	1	NA	NA	NA	NA	NA
JAJIVP010000093.1_165	202579	203802	1224	-1	0.639	11	GGA/GAG/AGG	NA	NA	NA	0	0	0	1	NA	NA	NA	NA	NA
JAJIVP010000093.1_166	203857	204981	1125	-1	0.644	11	AGGAG	NA	NA	NA	0	0	0	1	NA	NA	NA	NA	NA
JAJIVP010000093.1_167	206646	207293	648	-1	0.660	11	None	GENOMAD.166505.CP	4.712e-23	100	0	0	0	1	NA	NA	NA	PF00440;K22105;TIGR03384;COG1309	transcriptional repressor BetI
JAJIVP010000093.1_168	207386	208462	1077	1	0.690	11	None	NA	NA	NA	0	0	0	1	NA	NA	NA	NA	NA
JAJIVP010000093.1_169	208472	209593	1122	1	0.646	11	AGGA	NA	NA	NA	0	0	0	1	NA	NA	NA	NA	NA
JAJIVP010000093.1_170	209658	211220	1563	-1	0.673	11	AGxAGG/AGGxGG	GENOMAD.178996.PC	9.079e-23	106	0	0	0	1	NA	NA	NA	PF12792;K21090;COG4943	CSS motif domain associated with EAL
JAJIVP010000093.1_171	211600	211776	177	1	0.621	11	GGAGG	NA	NA	NA	0	0	0	1	NA	NA	NA	NA	NA
JAJIVP010000093.1_172	212000	212509	510	-1	0.637	11	GGAG/GAGG	NA	NA	NA	0	0	0	1	NA	NA	NA	NA	NA
JAJIVP010000093.1_173	212849	214369	1521	-1	0.699	11	GGA/GAG/AGG	NA	NA	NA	0	0	0	1	NA	NA	NA	NA	NA
JAJIVP010000093.1_174	214385	214663	279	-1	0.699	11	GGAG/GAGG	GENOMAD.097670.CP	3.087e-20	86	0	0	0	1	NA	NA	NA	PF04380;COG2960	Uncharacterized conserved protein YqiC, BMFP domain
JAJIVP010000093.1_175	214853	215191	339	1	0.637	11	GGA/GAG/AGG	NA	NA	NA	0	0	0	1	NA	NA	NA	NA	NA
JAJIVP010000093.1_176	215669	217654	1986	1	0.669	11	GGAG/GAGG	GENOMAD.142438.CP	1.329e-09	64	0	0	0	1246	Caudoviricetes	NA	NA	PF02838;COG3661	Glycosyl hydrolase family 20, domain 2
JAJIVP010000093.1_177	217858	218514	657	-1	0.661	11	GGAG/GAGG	GENOMAD.142991.CP	3.245e-15	77	0	0	0	1	NA	NA	NA	PF01633;COG2112;K13419;TIGR03724	Predicted Ser/Thr protein kinase
JAJIVP010000093.1_178	219694	219876	183	1	0.530	11	GGAG/GAGG	NA	NA	NA	0	0	0	1	NA	NA	NA	NA	NA
JAJIVP010000093.1_179	220061	220672	612	1	0.621	11	GGA/GAG/AGG	GENOMAD.215702.CP	1.557e-22	98	0	0	0	1	NA	NA	NA	PF08000;PF09851	Bacterial PH domain; Short C-terminal domain
JAJIVP010000093.1_180	221041	221898	858	-1	0.634	11	AGGA	NA	NA	NA	0	0	0	1	NA	NA	NA	NA	NA
JAJIVP010000093.1_181	222120	224006	1887	1	0.650	11	GGA/GAG/AGG	GENOMAD.092845.CP	2.712e-156	507	0	0	0	1	NA	NA	NA	PF02784;PF17810;PF17944;COG1166;K01583;TIGR01273	Arginine decarboxylase (spermidine biosynthesis)
JAJIVP010000093.1_182	224879	227086	2208	1	0.644	11	AGGA	GENOMAD.171718.CP	2.823e-05	50	0	0	0	1	NA	NA	NA	PF00501;TIGR03098;K02182;COG1021	acyl-CoA ligase (AMP-forming), exosortase A-associated
JAJIVP010000093.1_183	227131	228879	1749	1	0.676	11	None	GENOMAD.177921.CP	6.147e-07	55	0	0	0	1	NA	NA	NA	PF00975;COG3208;TIGR01738;K12242	Surfactin synthase thioesterase subunit
JAJIVP010000093.1_184	228872	230200	1329	1	0.692	11	GGAG/GAGG	NA	NA	NA	0	0	0	1	NA	NA	NA	NA	NA
JAJIVP010000093.1_185	230654	231463	810	1	0.653	11	None	NA	NA	NA	0	0	0	1	NA	NA	NA	NA	NA
JAJIVP010000093.1_186	231710	232465	756	-1	0.685	11	GGAG/GAGG	NA	NA	NA	0	0	0	1	NA	NA	NA	NA	NA
JAJIVP010000093.1_187	232504	233016	513	-1	0.727	11	None	GENOMAD.214208.CP	5.686e-06	48	0	0	0	1	NA	NA	NA	NA	NA
JAJIVP010000093.1_188	233044	233928	885	-1	0.715	11	GGAG/GAGG	GENOMAD.001436.CC	6.315e-98	321	0	0	0	1	NA	NA	NA	NA	NA
JAJIVP010000093.1_189	234108	235796	1689	-1	0.661	11	None	GENOMAD.091942.CP	6.137e-11	68	0	0	0	1	NA	NA	NA	PF03485;PF05746	Arginyl tRNA synthetase N terminal domain; DALR anticodon binding domain
JAJIVP010000093.1_190	235884	236615	732	-1	0.709	11	None	NA	NA	NA	0	0	0	1	NA	NA	NA	NA	NA
JAJIVP010000093.1_191	236658	237932	1275	1	0.699	11	AGGA	NA	NA	NA	0	0	0	1	NA	NA	NA	NA	NA
JAJIVP010000093.1_192	237929	238396	468	1	0.688	11	GGA/GAG/AGG	GENOMAD.074923.VV	1.125e-15	76	0	0	0	1246	Caudoviricetes	NA	NA	PF00692;COG0756;TIGR00576;K04068	dUTPase
JAJIVP010000093.1_193	238410	240755	2346	1	0.679	11	GGA/GAG/AGG	NA	NA	NA	0	0	0	1	NA	NA	NA	NA	NA
JAJIVP010000093.1_194	240868	241440	573	-1	0.677	11	GGA/GAG/AGG	NA	NA	NA	0	0	0	1	NA	NA	NA	NA	NA
JAJIVP010000093.1_195	241813	242154	342	-1	0.599	11	AGGA	NA	NA	NA	0	0	0	1	NA	NA	NA	NA	NA
JAJIVP010000093.1_196	242154	242876	723	-1	0.669	11	None	NA	NA	NA	0	0	0	1	NA	NA	NA	NA	NA
JAJIVP010000093.1_197	243236	244201	966	-1	0.665	11	AGGA	NA	NA	NA	0	0	0	1	NA	NA	NA	NA	NA
JAJIVP010000093.1_198	244406	244714	309	-1	0.680	11	AGGA/GGAG/GAGG	GENOMAD.161585.CV	2.957e-17	78	0	0	0	1	NA	NA	NA	PF11731;K06193	Pathogenicity locus
JAJIVP010000093.1_199	244748	245677	930	-1	0.690	11	GGAG/GAGG	NA	NA	NA	0	0	0	1	NA	NA	NA	NA	NA
JAJIVP010000093.1_200	245677	246474	798	-1	0.665	11	GGAG/GAGG	NA	NA	NA	0	0	0	1	NA	NA	NA	NA	NA
JAJIVP010000093.1_201	246589	247266	678	-1	0.678	11	GGA/GAG/AGG	GENOMAD.007942.CC	5.593e-57	199	0	0	0	1	NA	NA	NA	NA	NA
JAJIVP010000093.1_202	247289	247948	660	-1	0.686	11	None	GENOMAD.134037.CV	2.935e-19	89	0	0	0	1246	Caudoviricetes	NA	NA	PF15609;K00762;TIGR00336;COG0461	orotate phosphoribosyltransferase
JAJIVP010000093.1_203	248067	248867	801	1	0.653	11	None	NA	NA	NA	0	0	0	1	NA	NA	NA	NA	NA
JAJIVP010000093.1_204	249187	250482	1296	1	0.654	11	GGAG/GAGG	NA	NA	NA	0	0	0	1	NA	NA	NA	NA	NA
JAJIVP010000093.1_205	250541	250768	228	1	0.636	11	GGAG/GAGG	NA	NA	NA	0	0	0	1	NA	NA	NA	NA	NA
JAJIVP010000093.1_206	250810	251943	1134	-1	0.693	11	None	GENOMAD.136642.CP	1.114e-35	143	0	0	0	1	NA	NA	NA	PF03702;COG2377;K09001	1,6-Anhydro-N-acetylmuramate kinase
JAJIVP010000093.1_207	252323	253741	1419	-1	0.653	11	GGAG/GAGG	GENOMAD.141512.CP	1.361e-17	89	0	0	0	1	NA	NA	NA	PF19425	Csd3 second domain
JAJIVP010000093.1_208	253912	255123	1212	1	0.632	11	GGAG/GAGG	GENOMAD.171925.VC	1.775e-12	72	0	0	0	1246	Caudoviricetes	NA	NA	PF00579;K01866;TIGR00234;COG0162	tyrosyl-tRNA synthetase
JAJIVP010000094.1_1	2	814	813	-1	0.546	11	None	GENOMAD.146580.CP	1.03e-116	374	0	0	0	1	NA	NA	NA	PF05567;K02674	Neisseria PilC beta-propeller domain
JAJIVP010000094.1_2	825	1346	522	-1	0.513	11	None	GENOMAD.004263.CC	1.018e-34	132	0	0	0	1	NA	NA	NA	PF14341;K02673;COG4726	Tfp pilus assembly protein PilX
JAJIVP010000094.1_3	1355	2512	1158	-1	0.586	11	AGGA/GGAG/GAGG	GENOMAD.141000.CP	9.511e-192	597	0	0	0	1	NA	NA	NA	PF16074;PF07379;K02672;COG4966;TIGR01711	Tfp pilus assembly protein PilW
JAJIVP010000094.1_4	2518	2997	480	-1	0.525	11	GGAG/GAGG	GENOMAD.136455.CP	5.031e-18	83	0	0	0	1	NA	NA	NA	PF07379;K02671;TIGR02523;COG4967	type IV pilus modification protein PilV
JAJIVP010000094.1_5	2994	3512	519	-1	0.582	11	GGAG/GAGG	GENOMAD.182432.CP	0.0005786	42	0	0	0	1	NA	NA	NA	PF07379;TIGR01708;K08084;COG4970	type II secretion system protein H
JAJIVP010000094.1_6	3637	5022	1386	-1	0.644	11	AGGAG	GENOMAD.007125.CC	3.211e-38	153	0	0	0	1	NA	NA	NA	PF14793;K06966	Pyrimidine/purine nucleotide 5'-monophosphate nucleosidases
JAJIVP010000094.1_7	5129	8353	3225	-1	0.573	11	GGAG/GAGG	GENOMAD.127260.CP	1.807e-14	81	0	0	0	1	NA	NA	NA	PF14905;COG4774;K21573	Outer membrane receptor for monomeric catechols
JAJIVP010000094.1_8	8982	9581	600	-1	0.647	11	GGAG/GAGG	NA	NA	NA	0	0	0	1	NA	NA	NA	NA	NA
JAJIVP010000094.1_9	9578	10321	744	-1	0.703	11	GGAG/GAGG	NA	NA	NA	0	0	0	1	NA	NA	NA	NA	NA
JAJIVP010000094.1_10	10318	10638	321	-1	0.617	11	AGGAG	GENOMAD.115269.CP	7.689e-25	100	0	0	0	1	NA	NA	NA	PF01722;PF04908;COG5007;TIGR00365;K05527	Acid stress-induced BolA-like protein IbaG/YrbA, predicted regulator of iron metabolism
JAJIVP010000094.1_11	10759	11337	579	1	0.639	11	None	NA	NA	NA	0	0	0	1	NA	NA	NA	NA	NA
JAJIVP010000094.1_12	11478	12623	1146	-1	0.670	11	None	NA	NA	NA	0	0	0	1	NA	NA	NA	NA	NA
JAJIVP010000094.1_13	12620	13123	504	-1	0.692	11	GGA/GAG/AGG	NA	NA	NA	0	0	0	1	NA	NA	NA	NA	NA
JAJIVP010000094.1_14	13182	13451	270	1	0.656	11	None	GENOMAD.001157.CC	6.008e-43	151	0	0	0	1	NA	NA	NA	COG2835	Uncharacterized conserved protein YbaR, Trm112 family
JAJIVP010000094.1_15	13448	14335	888	1	0.680	11	None	NA	NA	NA	0	0	0	1	NA	NA	NA	NA	NA
JAJIVP010000094.1_16	14398	15450	1053	1	0.660	11	AGGA	NA	NA	NA	0	0	0	1	NA	NA	NA	NA	NA
JAJIVP010000094.1_17	15862	17976	2115	-1	0.630	11	GGA/GAG/AGG	GENOMAD.056657.CV	1.227e-206	657	0	0	0	1246	Caudoviricetes	NA	NA	PF01138;PF03726;PF03725;K00962;TIGR02696;COG1185	guanosine pentaphosphate synthetase I/polynucleotide phosphorylase
JAJIVP010000094.1_18	18145	18405	261	-1	0.579	11	GGA/GAG/AGG	GENOMAD.056361.CP	1.233e-26	104	1	0	0	1	NA	NA	NA	PF00312;TIGR00952;COG0184	ribosomal protein S15, bacterial/organelle
JAJIVP010000094.1_19	18562	19488	927	-1	0.659	11	GGA/GAG/AGG	GENOMAD.036810.CC	2.715e-10	64	0	0	0	1	NA	NA	NA	PF16198	tRNA pseudouridylate synthase B C-terminal domain
JAJIVP010000094.1_20	19568	19960	393	-1	0.651	11	GGA/GAG/AGG	GENOMAD.097225.CV	1.969e-25	103	0	0	0	1246	Caudoviricetes	NA	NA	PF02033;TIGR00082;COG0858;K15986	ribosome-binding factor A
JAJIVP010000094.1_21	20105	22819	2715	-1	0.650	11	AGGA	GENOMAD.000022.CC	1.977e-99	350	1	0	0	1246	Caudoviricetes	NA	NA	PF11987;PF14578;COG0532	Translation initiation factor IF-2, a GTPase
JAJIVP010000094.1_22	22915	24426	1512	-1	0.642	11	GGAG/GAGG	GENOMAD.116332.CV	1.218e-11	70	0	0	0	1	NA	NA	NA	PF03118;TIGR01954	transcription termination factor NusA, C-terminal duplication
JAJIVP010000094.1_23	24431	25021	591	-1	0.618	11	GGA/GAG/AGG	GENOMAD.000102.CC	3.656e-39	146	1	0	0	1246	Caudoviricetes	NA	NA	PF02576;PF17384;K09748;COG0779	Ribosome maturation factor RimP
JAJIVP010000094.1_24	25496	26956	1461	-1	0.628	11	AGGA	GENOMAD.109595.CP	1.369e-102	344	0	0	0	1	NA	NA	NA	PF00361;PF19530;K00343;COG1007;TIGR01770	NADH:ubiquinone oxidoreductase subunit 2 (chain N)
JAJIVP010000094.1_25	26993	28495	1503	-1	0.616	11	GGA/GAG/AGG	GENOMAD.109407.CP	1.204e-11	70	0	0	0	1	NA	NA	NA	COG0651	Formate hydrogenlyase subunit 3/Multisubunit Na+/H+ antiporter, MnhD subunit
JAJIVP010000094.1_26	28516	30675	2160	-1	0.596	11	GGA/GAG/AGG	GENOMAD.120746.CP	1.95e-51	199	0	0	0	1	NA	NA	NA	PF10125;K00341;TIGR01974;COG1009	proton-translocating NADH-quinone oxidoreductase, chain L
JAJIVP010000094.1_27	30683	30988	306	-1	0.572	11	AGGAG	GENOMAD.116508.CP	1.734e-14	70	0	0	0	1	NA	NA	NA	PF00420;K05576;COG1006;TIGR00941	Multisubunit Na+/H+ antiporter, MnhC subunit
JAJIVP010000094.1_28	30985	31644	660	-1	0.620	11	GGAG/GAGG	GENOMAD.111859.CP	3.327e-15	77	0	0	0	1	NA	NA	NA	K00339;COG0839	NADH:ubiquinone oxidoreductase subunit 6 (chain J)
JAJIVP010000094.1_29	31652	32140	489	-1	0.599	11	GGA/GAG/AGG	GENOMAD.113231.CP	1.018e-29	117	0	0	0	1	NA	NA	NA	PF12798;TIGR02951;COG1146;K00395	DMSO reductase, iron-sulfur subunit
JAJIVP010000094.1_30	32144	33235	1092	-1	0.598	11	GGxGG	GENOMAD.116611.CP	1.108e-63	225	0	0	0	1	NA	NA	NA	PF00146;K05572;COG1005	NADH:ubiquinone oxidoreductase subunit 1 (chain H)
JAJIVP010000094.1_31	33232	35466	2235	-1	0.655	11	GGAG/GAGG	GENOMAD.115103.CP	1.037e-25	117	0	0	0	1	NA	NA	NA	PF13484;TIGR02512;COG1141;K12136	 hydrogenase, group A
JAJIVP010000094.1_32	35463	36797	1335	-1	0.631	11	GGAG/GAGG	NA	NA	NA	0	0	0	1	NA	NA	NA	NA	NA
JAJIVP010000094.1_33	36801	37328	528	-1	0.623	11	GGAG/GAGG	NA	NA	NA	0	0	0	1	NA	NA	NA	NA	NA
JAJIVP010000094.1_34	37325	38632	1308	-1	0.607	11	GGAG/GAGG	NA	NA	NA	0	0	0	1	NA	NA	NA	NA	NA
JAJIVP010000094.1_35	38629	39381	753	-1	0.652	11	AGxAG	NA	NA	NA	0	0	0	1	NA	NA	NA	NA	NA
JAJIVP010000094.1_36	39418	39972	555	-1	0.643	11	GGAG/GAGG	NA	NA	NA	0	0	0	1	NA	NA	NA	NA	NA
JAJIVP010000094.1_37	39963	40364	402	-1	0.590	11	None	GENOMAD.000945.CC	1.029e-06	49	0	0	0	1	NA	NA	NA	PF00507;K22158;COG0838	NADH:ubiquinone oxidoreductase subunit 3 (chain A)
JAJIVP010000094.1_38	40556	41029	474	-1	0.673	11	GGA/GAG/AGG	GENOMAD.000166.CC	1.826e-08	55	0	0	0	1	NA	NA	NA	PF03840;K03075;COG1314;TIGR00810	Preprotein translocase subunit SecG
JAJIVP010000094.1_39	41063	41818	756	-1	0.661	11	AGGA/GGAG/GAGG	NA	NA	NA	0	0	0	1	NA	NA	NA	NA	NA
JAJIVP010000094.1_40	41931	42731	801	1	0.683	11	AGGA	NA	NA	NA	0	0	0	1	NA	NA	NA	NA	NA
JAJIVP010000094.1_41	42823	44220	1398	1	0.506	11	4Base/6BMM	NA	NA	NA	0	0	0	1	NA	NA	NA	NA	NA
JAJIVP010000094.1_42	44277	44705	429	-1	0.641	11	AGxAGG/AGGxGG	GENOMAD.166316.CP	9.413e-22	93	0	0	0	1	NA	NA	NA	PF01152;K06886;COG2346	Truncated hemoglobin YjbI
JAJIVP010000094.1_43	44705	45577	873	-1	0.666	11	AGGAG	GENOMAD.183758.CP	4.416e-91	301	0	0	0	1	NA	NA	NA	PF11231	Exopolysaccharide biosynthesis protein YbjH
JAJIVP010000094.1_44	45574	47940	2367	-1	0.657	11	AGxAG	NA	NA	NA	0	0	0	1	NA	NA	NA	NA	NA
JAJIVP010000094.1_45	47937	48446	510	-1	0.665	11	None	GENOMAD.161375.CP	5.549e-31	121	0	0	0	1	NA	NA	NA	PF00127;TIGR02657;COG3794	amicyanin
JAJIVP010000095.1_1	77	790	714	1	0.676	11	GGAG/GAGG	NA	NA	NA	0	0	0	1	NA	NA	NA	NA	NA
JAJIVP010000095.1_2	1104	1256	153	1	0.614	11	None	NA	NA	NA	0	0	0	1	NA	NA	NA	NA	NA
JAJIVP010000095.1_3	1513	4185	2673	-1	0.646	11	AGGA	NA	NA	NA	0	0	0	1	NA	NA	NA	NA	NA
JAJIVP010000095.1_4	4561	5853	1293	-1	0.658	11	AGGAG	NA	NA	NA	0	0	0	1	NA	NA	NA	NA	NA
JAJIVP010000095.1_5	7101	7964	864	-1	0.632	11	GGAG/GAGG	NA	NA	NA	0	0	0	1	NA	NA	NA	NA	NA
JAJIVP010000095.1_6	7964	9091	1128	-1	0.675	11	GGAG/GAGG	GENOMAD.151838.CP	2.127e-05	49	0	0	0	1	NA	NA	NA	PF13421;K04088;TIGR01932;COG0330	HflC protein
JAJIVP010000095.1_7	9771	10157	387	-1	0.625	11	GGA/GAG/AGG	NA	NA	NA	0	0	0	1	NA	NA	NA	NA	NA
JAJIVP010000095.1_8	10655	11554	900	-1	0.677	11	GGAG/GAGG	GENOMAD.092059.VV	2.931e-12	70	0	0	0	1246	Caudoviricetes	NA	NA	PF00226;K05516;TIGR02349;COG0484	chaperone protein DnaJ
JAJIVP010000095.1_9	11968	12444	477	-1	0.623	11	GGAGG	NA	NA	NA	0	0	0	1	NA	NA	NA	NA	NA
JAJIVP010000095.1_10	12607	12708	102	1	0.608	11	AGGAG	NA	NA	NA	0	0	0	1	NA	NA	NA	NA	NA
JAJIVP010000095.1_11	12709	13089	381	1	0.633	11	GGA/GAG/AGG	GENOMAD.104113.VV	0.0004545	41	0	0	0	1246	Caudoviricetes	NA	NA	K24136	NA
JAJIVP010000095.1_12	13129	13689	561	1	0.597	11	AGGA/GGAG/GAGG	GENOMAD.012059.CC	7.787e-06	48	0	0	0	1	NA	NA	NA	PF12902;PF09537;K03594;TIGR00754;COG0783	bacterioferritin
JAJIVP010000096.1_1	5	589	585	-1	0.639	11	GGA/GAG/AGG	NA	NA	NA	0	0	0	1	NA	NA	NA	NA	NA
JAJIVP010000096.1_2	1028	1777	750	-1	0.687	11	GGA/GAG/AGG	GENOMAD.124271.CP	3.042e-17	84	0	0	0	1	NA	NA	NA	PF01614;PF14394;K13641;COG1414;TIGR02431	DNA-binding transcriptional regulator, IclR family
JAJIVP010000096.1_3	1958	3259	1302	1	0.644	11	AGGAG/GGAGG	NA	NA	NA	0	0	0	1	NA	NA	NA	NA	NA
JAJIVP010000096.1_4	3262	3621	360	1	0.664	11	AGGAG	GENOMAD.193983.CP	5.048e-43	153	0	0	0	1	NA	NA	NA	PF05336;COG3254;TIGR02625	L-rhamnose mutarotase
JAJIVP010000096.1_5	3847	5169	1323	-1	0.673	11	AGGA	NA	NA	NA	0	0	0	1	NA	NA	NA	NA	NA
JAJIVP010000096.1_6	5746	6603	858	-1	0.652	11	AGGA	NA	NA	NA	0	0	0	1	NA	NA	NA	NA	NA
JAJIVP010000096.1_7	6773	7543	771	-1	0.664	11	GGA/GAG/AGG	NA	NA	NA	0	0	0	1	NA	NA	NA	NA	NA
JAJIVP010000096.1_8	7540	8412	873	-1	0.700	11	GGA/GAG/AGG	GENOMAD.162496.CP	3.288e-17	85	0	0	0	1	NA	NA	NA	PF04909;K07046;COG3618;TIGR00010	Predicted metal-dependent hydrolase, TIM-barrel fold
JAJIVP010000096.1_9	8409	9419	1011	-1	0.707	11	GGAG/GAGG	NA	NA	NA	0	0	0	1	NA	NA	NA	NA	NA
JAJIVP010000096.1_10	9726	11348	1623	1	0.659	11	None	NA	NA	NA	0	0	0	1	NA	NA	NA	NA	NA
JAJIVP010000096.1_11	11557	11760	204	-1	0.593	11	AGGAG	NA	NA	NA	0	0	0	1	NA	NA	NA	NA	NA
JAJIVP010000096.1_12	11764	12354	591	-1	0.663	11	GGAG/GAGG	NA	NA	NA	0	0	0	1	NA	NA	NA	NA	NA
JAJIVP010000096.1_13	12881	13789	909	1	0.607	11	AGGA	NA	NA	NA	0	0	0	1	NA	NA	NA	NA	NA
JAJIVP010000096.1_14	14079	14747	669	-1	0.658	11	None	NA	NA	NA	0	0	0	1	NA	NA	NA	NA	NA
JAJIVP010000096.1_15	14922	16865	1944	-1	0.645	11	GGAG/GAGG	NA	NA	NA	0	0	0	1	NA	NA	NA	NA	NA
JAJIVP010000096.1_16	17162	18544	1383	1	0.638	11	GGAG/GAGG	GENOMAD.178249.CP	2.806e-89	304	0	0	0	1	NA	NA	NA	COG3203;K16077	Outer membrane protein (porin)
JAJIVP010000096.1_17	18631	18948	318	1	0.585	11	AGGAG	GENOMAD.181410.CP	8.303e-16	74	0	0	0	1	NA	NA	NA	PF04341;COG3162	Uncharacterized membrane protein, DUF485 family
JAJIVP010000096.1_18	18945	20672	1728	1	0.647	11	GGAGG	GENOMAD.119360.CP	5.173e-258	799	0	0	0	1	NA	NA	NA	COG4147	Na+(or H+)/acetate symporter ActP
JAJIVP010000096.1_19	20666	20974	309	-1	0.712	11	GGA/GAG/AGG	NA	NA	NA	0	0	0	1	NA	NA	NA	NA	NA
JAJIVP010000096.1_20	21354	22145	792	1	0.654	11	GGxGG	NA	NA	NA	0	0	0	1	NA	NA	NA	NA	NA
JAJIVP010000096.1_21	22142	22579	438	1	0.628	11	GGAGG	NA	NA	NA	0	0	0	1	NA	NA	NA	NA	NA
JAJIVP010000096.1_22	22641	22892	252	-1	0.619	11	GGAG/GAGG	NA	NA	NA	0	0	0	1	NA	NA	NA	NA	NA
JAJIVP010000096.1_23	22986	23615	630	1	0.686	11	GGA/GAG/AGG	GENOMAD.158577.CP	5.958e-12	67	0	0	0	1	NA	NA	NA	PF01648;COG2091;TIGR00516	Phosphopantetheinyl transferase
JAJIVP010000096.1_24	23632	25203	1572	-1	0.668	11	AGGA	NA	NA	NA	0	0	0	1	NA	NA	NA	NA	NA
JAJIVP010000096.1_25	25375	27003	1629	-1	0.695	11	None	GENOMAD.152489.CP	3.485e-42	167	0	0	0	1	NA	NA	NA	PF19050;K01113;COG3540	Phosphodiesterase/alkaline phosphatase D
JAJIVP010000096.1_26	27227	27865	639	1	0.707	11	None	GENOMAD.089544.CV	1.843e-24	104	1	0	0	1246	Caudoviricetes	NA	NA	PF02527;K03501;TIGR00138;COG0357	16S rRNA (guanine(527)-N(7))-methyltransferase RsmG
JAJIVP010000096.1_27	28138	29985	1848	1	0.665	11	None	GENOMAD.142795.CP	0.0003696	46	0	0	0	1	NA	NA	NA	PF05960;COG4805	Bacterial protein of unknown function (DUF885)
JAJIVP010000096.1_28	30442	30825	384	1	0.698	11	None	NA	NA	NA	0	0	0	1	NA	NA	NA	NA	NA
JAJIVP010000096.1_29	30881	32152	1272	1	0.719	11	GGAG/GAGG	GENOMAD.145263.CP	1.644e-63	227	0	0	0	1	NA	NA	NA	PF02321;K15725;TIGR01845;COG1538	efflux transporter, outer membrane factor (OMF) lipoprotein, NodT family
JAJIVP010000096.1_30	32335	33606	1272	1	0.673	11	AGGA	GENOMAD.118636.CP	3.517e-11	68	0	0	0	1	NA	NA	NF000272	PF12700;K15727;TIGR01730;COG0845	RND family efflux transporter, MFP subunit
JAJIVP010000096.1_31	34156	37368	3213	1	0.669	11	GGAG/GAGG	NA	NA	NA	0	0	0	1	NA	NA	NA	NA	NA
JAJIVP010000096.1_32	37365	38012	648	1	0.691	11	GGAG/GAGG	NA	NA	NA	0	0	0	1	NA	NA	NA	NA	NA
JAJIVP010000096.1_33	38271	38507	237	1	0.599	11	GGAG/GAGG	GENOMAD.101932.CV	1.105e-09	55	0	0	0	1	NA	NA	NA	PF00830;TIGR00009;COG0227	ribosomal protein L28
JAJIVP010000096.1_34	38521	38688	168	1	0.506	11	AGGAG	GENOMAD.118800.CV	1.384e-05	42	0	0	0	1	NA	NA	NA	PF00471;COG0267;TIGR01023	Ribosomal protein L33
JAJIVP010000096.1_35	38990	40012	1023	-1	0.616	11	None	NA	NA	NA	0	0	0	1	NA	NA	NA	NA	NA
JAJIVP010000096.1_36	40241	41296	1056	-1	0.694	11	GGA/GAG/AGG	NA	NA	NA	0	0	0	1	NA	NA	NA	NA	NA
JAJIVP010000096.1_37	41289	41960	672	-1	0.692	11	GGAG/GAGG	NA	NA	NA	0	0	0	1	NA	NA	NA	NA	NA
JAJIVP010000096.1_38	42062	43366	1305	1	0.708	11	None	NA	NA	NA	0	0	0	1	NA	NA	NA	NA	NA
JAJIVP010000096.1_39	43383	44801	1419	1	0.658	11	GGA/GAG/AGG	NA	NA	NA	0	0	0	1	NA	NA	NA	NA	NA
JAJIVP010000096.1_40	44812	45207	396	-1	0.641	11	GGA/GAG/AGG	NA	NA	NA	0	0	0	1	NA	NA	NA	NA	NA
JAJIVP010000096.1_41	45377	46780	1404	1	0.693	11	None	GENOMAD.170187.PC	8.902e-87	297	0	0	0	1	NA	NA	NA	PF13434;COG4529;TIGR00275;K07222	Uncharacterized NAD(P)/FAD-binding protein YdhS
JAJIVP010000096.1_42	47127	49298	2172	1	0.653	11	GGA/GAG/AGG	GENOMAD.009395.VV	0.000455	46	0	0	0	1246	Caudoviricetes	NA	NA	PF00580;TIGR01073;K03656;COG0210	ATP-dependent DNA helicase PcrA
JAJIVP010000096.1_43	49481	49843	363	-1	0.562	11	AGGA	NA	NA	NA	0	0	0	1	NA	NA	NA	NA	NA
JAJIVP010000096.1_44	50155	50736	582	1	0.660	11	GGA/GAG/AGG	NA	NA	NA	0	0	0	1	NA	NA	NA	NA	NA
JAJIVP010000096.1_45	50987	51433	447	1	0.642	11	GGAGG	NA	NA	NA	0	0	0	1	NA	NA	NA	NA	NA
JAJIVP010000096.1_46	51530	52135	606	-1	0.658	11	GGA/GAG/AGG	GENOMAD.161005.PC	9.243e-118	373	0	0	0	1	NA	NA	NA	PF12833;K13632;COG2207	AraC-type DNA-binding domain and AraC-containing proteins
JAJIVP010000096.1_47	52515	53024	510	1	0.641	11	GGAG/GAGG	GENOMAD.166375.PC	4.405e-13	69	0	0	0	1	NA	NA	NA	NA	NA
JAJIVP010000096.1_48	53029	54522	1494	1	0.624	11	AGGAG	GENOMAD.160889.PC	6.418e-39	156	0	0	0	1	NA	NA	NA	PF18945	EvpB/VC_A0108, tail sheath gpW/gp25-like domain
JAJIVP010000096.1_49	54605	55108	504	1	0.611	11	AGGAG	NA	NA	NA	0	0	0	1	NA	NA	NA	NA	NA
JAJIVP010000096.1_50	55312	56106	795	1	0.669	11	AGGA	NA	NA	NA	0	0	0	1	NA	NA	NA	NA	NA
JAJIVP010000096.1_51	56112	56615	504	1	0.653	11	GGA/GAG/AGG	GENOMAD.183209.PC	4.532e-23	98	0	0	0	1	NA	NA	NA	K11897;COG3518;TIGR03357	Predicted component of the type VI protein secretion system
JAJIVP010000096.1_52	56593	58503	1911	1	0.665	11	GGxGG	GENOMAD.166434.PC	1.78e-61	228	0	0	0	1	NA	NA	NA	PF05947;COG3519;K11896;TIGR03359	Type VI protein secretion system component VasA
JAJIVP010000096.1_53	58467	59507	1041	1	0.687	11	GGAG/GAGG	GENOMAD.167831.PC	1.142e-53	195	0	0	0	1	NA	NA	NA	PF06996;COG3520;TIGR03347;K11896	Predicted component of the type VI protein secretion system
JAJIVP010000096.1_54	59564	61090	1527	1	0.645	11	AGGA	NA	NA	NA	0	0	0	1	NA	NA	NA	NA	NA
JAJIVP010000097.1_1	2	337	336	-1	0.682	11	GGAG/GAGG	NA	NA	NA	0	0	0	1	NA	NA	NA	NA	NA
JAJIVP010000097.1_2	544	1296	753	1	0.616	11	None	NA	NA	NA	0	0	0	1	NA	NA	NA	NA	NA
JAJIVP010000097.1_3	1762	2796	1035	1	0.678	11	GGA/GAG/AGG	NA	NA	NA	0	0	0	1	NA	NA	NA	NA	NA
JAJIVP010000097.1_4	2834	3763	930	-1	0.661	11	None	NA	NA	NA	0	0	0	1	NA	NA	NA	NA	NA
JAJIVP010000097.1_5	4327	7206	2880	-1	0.667	11	GGAG/GAGG	NA	NA	NA	0	0	0	1	NA	NA	NA	NA	NA
JAJIVP010000097.1_6	7464	10040	2577	1	0.675	11	None	NA	NA	NA	0	0	0	1	NA	NA	NA	NA	NA
JAJIVP010000097.1_7	10037	10690	654	-1	0.659	11	None	NA	NA	NA	0	0	0	1	NA	NA	NA	NA	NA
JAJIVP010000009.1_1	1	1890	1890	-1	0.620	11	AGGA	NA	NA	NA	0	0	0	1	NA	NA	NA	NA	NA
JAJIVP010000009.1_2	1970	2728	759	-1	0.606	11	AGGA	NA	NA	NA	0	0	0	1	NA	NA	NA	NA	NA
JAJIVP010000009.1_3	3052	3576	525	-1	0.611	11	AGGAG	NA	NA	NA	0	0	0	1	NA	NA	NA	NA	NA
JAJIVP010000009.1_4	3738	4832	1095	-1	0.647	11	GGxGG	GENOMAD.145955.PC	1.762e-35	142	0	0	0	1	NA	NA	NA	PF05275;COG3667;K07233	Uncharacterized protein involved in copper resistance
JAJIVP010000009.1_5	4829	6613	1785	-1	0.668	11	AGGAG	NA	NA	NA	0	0	0	1	NA	NA	NA	NA	NA
JAJIVP010000009.1_6	6721	7179	459	-1	0.704	11	None	NA	NA	NA	0	0	0	1	NA	NA	NA	NA	NA
JAJIVP010000009.1_7	7271	8374	1104	1	0.670	11	None	NA	NA	NA	0	0	0	1	NA	NA	NA	NA	NA
JAJIVP010000009.1_8	8573	10597	2025	1	0.650	11	GGAG/GAGG	NA	NA	NA	0	0	0	1	NA	NA	NA	NA	NA
JAJIVP010000009.1_9	10736	11443	708	1	0.644	11	AGGAG	GENOMAD.194905.PC	4.779e-12	68	0	0	0	1	NA	NA	NA	COG4991	Uncharacterized conserved protein YraI
JAJIVP010000009.1_10	11721	12929	1209	-1	0.661	11	GGAG/GAGG	NA	NA	NA	0	0	0	1	NA	NA	NA	NA	NA
JAJIVP010000009.1_11	12929	13444	516	-1	0.632	11	AGGA	GENOMAD.107291.CP	1.202e-91	296	0	0	0	1	NA	NA	NA	PF07977;K01716;TIGR01749;COG4706	beta-hydroxyacyl-
JAJIVP010000009.1_12	13791	14870	1080	1	0.649	11	GGA/GAG/AGG	NA	NA	NA	0	0	0	1	NA	NA	NA	NA	NA
JAJIVP010000009.1_13	15013	15663	651	1	0.647	11	GGAG/GAGG	NA	NA	NA	0	0	0	1	NA	NA	NA	NA	NA
JAJIVP010000009.1_14	15957	16340	384	-1	0.677	11	None	GENOMAD.195120.CP	1.222e-53	184	0	0	0	1	NA	NA	NA	PF04994	TfoX C-terminal domain
JAJIVP010000009.1_15	16352	16834	483	-1	0.660	11	None	GENOMAD.138407.CP	8.152e-74	244	0	0	0	1	NA	NA	NA	K08968;TIGR01817	NA
JAJIVP010000009.1_16	17065	17739	675	1	0.701	11	AGGA	NA	NA	NA	0	0	0	1	NA	NA	NA	NA	NA
JAJIVP010000009.1_17	17852	18187	336	-1	0.607	11	GGA/GAG/AGG	NA	NA	NA	0	0	0	1	NA	NA	NA	NA	NA
JAJIVP010000009.1_18	18379	18732	354	-1	0.630	11	None	NA	NA	NA	0	0	0	1	NA	NA	NA	NA	NA
JAJIVP010000009.1_19	18868	20256	1389	-1	0.689	11	GGAG/GAGG	NA	NA	NA	0	0	0	1	NA	NA	NA	NA	NA
JAJIVP010000009.1_20	20634	21623	990	1	0.670	11	AGGA	NA	NA	NA	0	0	0	1	NA	NA	NA	NA	NA
JAJIVP010000009.1_21	21655	22317	663	1	0.685	11	GGA/GAG/AGG	NA	NA	NA	0	0	0	1	NA	NA	NA	NA	NA
JAJIVP010000009.1_22	22715	23848	1134	-1	0.630	11	GGA/GAG/AGG	GENOMAD.005978.CC	6.086e-07	54	0	0	0	1246	Caudoviricetes	T_virB11	NA	PF00437;PF05810;K07332;TIGR03819;COG4962	helicase/secretion neighborhood ATPase
JAJIVP010000009.1_23	23947	24330	384	1	0.661	11	None	GENOMAD.030183.CC	2.69e-45	160	0	0	0	1	NA	NA	NA	PF14346	NA
JAJIVP010000009.1_24	24327	25217	891	1	0.699	11	GGAGG	NA	NA	NA	0	0	0	1	NA	NA	NA	NA	NA
JAJIVP010000009.1_25	25569	25787	219	1	0.543	11	AGGAG	NA	NA	NA	0	0	0	1	NA	NA	NA	NA	NA
JAJIVP010000009.1_26	26023	27393	1371	1	0.628	11	None	NA	NA	NA	0	0	0	1	NA	NA	NA	NA	NA
JAJIVP010000009.1_27	27493	28680	1188	1	0.643	11	GGA/GAG/AGG	GENOMAD.143010.CP	2.493e-15	81	0	0	0	1	NA	NA	NA	K01758;TIGR01328	methionine gamma-lyase
JAJIVP010000009.1_28	29053	32172	3120	1	0.610	11	GGA/GAG/AGG	NA	NA	NA	0	0	0	1	NA	NA	NA	NA	NA
JAJIVP010000009.1_29	32255	33049	795	1	0.516	11	None	NA	NA	NA	0	0	0	1	NA	NA	NA	NA	NA
JAJIVP010000009.1_30	33046	34332	1287	1	0.575	11	GGA/GAG/AGG	GENOMAD.167613.CP	7.647e-40	157	0	0	0	1	NA	NA	NA	PF14524	Wzt C-terminal domain
JAJIVP010000009.1_31	34385	36532	2148	1	0.586	11	GGA/GAG/AGG	NA	NA	NA	0	0	0	1	NA	NA	NA	NA	NA
JAJIVP010000009.1_32	36532	39048	2517	1	0.579	11	GGAG/GAGG	GENOMAD.130456.CP	0.0001349	48	0	0	0	1	NA	NA	NA	PF07429;TIGR02472;COG0297;K19002	sucrose-phosphate synthase, putative, glycosyltransferase domain
JAJIVP010000009.1_33	39155	40195	1041	1	0.571	11	GGA/GAG/AGG	NA	NA	NA	0	0	0	1	NA	NA	NA	NA	NA
JAJIVP010000009.1_34	40251	41114	864	1	0.596	11	None	NA	NA	NA	0	0	0	1	NA	NA	NA	NA	NA
JAJIVP010000009.1_35	41299	43551	2253	-1	0.590	11	None	NA	NA	NA	0	0	0	1	NA	NA	NA	NA	NA
JAJIVP010000009.1_36	43646	44083	438	-1	0.555	11	GGA/GAG/AGG	GENOMAD.206789.PC	6.875e-06	47	0	0	0	1	NA	NA	NA	PF04138;COG2246	Putative flippase GtrA (transmembrane translocase of bactoprenol-linked glucose)
JAJIVP010000009.1_37	44070	44999	930	-1	0.591	11	AGGA	NA	NA	NA	0	0	0	1	NA	NA	NA	NA	NA
JAJIVP010000009.1_38	44996	45967	972	-1	0.577	11	None	NA	NA	NA	0	0	0	1	NA	NA	NA	NA	NA
JAJIVP010000009.1_39	45952	47055	1104	-1	0.593	11	None	GENOMAD.181329.VC	0.0003533	45	0	0	0	1246	Caudoviricetes	NA	NA	K13017;TIGR03588;COG0399	UDP-4-amino-4,6-dideoxy-N-acetyl-beta-L-altrosamine transaminase
JAJIVP010000009.1_40	47580	48524	945	-1	0.646	11	GGA/GAG/AGG	NA	NA	NA	0	0	0	1	NA	NA	NA	NA	NA
JAJIVP010000009.1_41	48524	49270	747	-1	0.660	11	AGGA/GGAG/GAGG	NA	NA	NA	0	0	0	1	NA	NA	NA	NA	NA
JAJIVP010000009.1_42	49506	50561	1056	1	0.616	11	GGA/GAG/AGG	GENOMAD.049396.VV	3.45e-09	61	0	0	0	15663	Prasinovirus	NA	NA	PF16363;K12450;COG1088;TIGR04180	dTDP-D-glucose 4,6-dehydratase
JAJIVP010000009.1_43	50617	51504	888	1	0.599	11	AGGA	NA	NA	NA	0	0	0	1	NA	NA	NA	NA	NA
JAJIVP010000009.1_44	52055	52957	903	1	0.685	11	None	NA	NA	NA	0	0	0	1	NA	NA	NA	NA	NA
JAJIVP010000009.1_45	53298	54464	1167	1	0.605	11	AGGA	NA	NA	NA	0	0	0	1	NA	NA	NA	NA	NA
JAJIVP010000009.1_46	54754	56157	1404	-1	0.632	11	AGGA/GGAG/GAGG	NA	NA	NA	0	0	0	1	NA	NA	NA	NA	NA
JAJIVP010000009.1_47	56204	57550	1347	-1	0.643	11	AGGA	NA	NA	NA	0	0	0	1	NA	NA	NA	NA	NA
JAJIVP010000009.1_48	57685	58416	732	1	0.627	11	GGAG/GAGG	NA	NA	NA	0	0	0	1	NA	NA	NA	NA	NA
JAJIVP010000009.1_49	58416	59048	633	1	0.613	11	AGGA	NA	NA	NA	0	0	0	1	NA	NA	NA	NA	NA
JAJIVP010000009.1_50	59079	60728	1650	-1	0.649	11	GGAG/GAGG	GENOMAD.158774.CP	1.14e-06	54	0	0	0	1	NA	NA	NA	PF12800;K03855;COG2440;TIGR00402	Ferredoxin-like protein FixX
JAJIVP010000009.1_51	60844	61443	600	1	0.663	11	None	NA	NA	NA	0	0	0	1	NA	NA	NA	NA	NA
JAJIVP010000009.1_52	61997	62641	645	-1	0.671	11	AGGAG/GGAGG	GENOMAD.178708.PC	3.589e-27	112	0	0	0	1	NA	NA	NA	PF03886;K18480;COG3218	ABC-type uncharacterized transport system, auxiliary component
JAJIVP010000009.1_53	62638	63564	927	-1	0.653	11	GGA/GAG/AGG	GENOMAD.152533.CP	1.725e-37	146	0	0	0	1	NA	NA	NA	PF02470;PF11887;COG1463;TIGR00996;K02067	ABC-type transporter Mla maintaining outer membrane lipid asymmetry, periplasmic component MlaD
JAJIVP010000009.1_54	63567	64409	843	-1	0.674	11	GGAG/GAGG	NA	NA	NA	0	0	0	1	NA	NA	NA	NA	NA
JAJIVP010000009.1_55	64495	65724	1230	-1	0.653	11	GGAG/GAGG	GENOMAD.124229.CP	2.31e-37	149	0	0	0	1	NA	NA	NA	COG0767	ABC-type transporter Mla maintaining outer membrane lipid asymmetry, permease component MlaE
JAJIVP010000009.1_56	65776	67035	1260	1	0.649	11	None	GENOMAD.148298.CP	2.83e-43	167	0	0	0	1	NA	NA	NA	COG2966	Uncharacterized membrane protein YjjP, DUF1212 family
JAJIVP010000009.1_57	67091	67552	462	-1	0.645	11	GGAG/GAGG	NA	NA	NA	0	0	0	1	NA	NA	NA	NA	NA
JAJIVP010000009.1_58	67696	69390	1695	-1	0.658	11	None	NA	NA	NA	0	0	0	1	NA	NA	NA	NA	NA
JAJIVP010000009.1_59	69735	70136	402	-1	0.699	11	GGA/GAG/AGG	GENOMAD.130275.CV	2.26e-06	48	0	0	0	1	NA	NA	NA	PF19625;PF13511	NA
JAJIVP010000009.1_60	70277	71041	765	1	0.668	11	GGA/GAG/AGG	GENOMAD.118667.CP	4.94e-30	122	0	0	0	1	NA	NA	NA	PF01066;K17103;COG1183	Phosphatidylserine synthase
JAJIVP010000009.1_61	71064	71519	456	1	0.724	11	GGA/GAG/AGG	NA	NA	NA	0	0	0	1	NA	NA	NA	NA	NA
JAJIVP010000009.1_62	71558	71998	441	1	0.646	11	None	GENOMAD.124272.CV	1.035e-12	67	0	0	0	1246	Caudoviricetes	NA	NA	PF13420;TIGR01575;COG0456;K03825	ribosomal-protein-alanine acetyltransferase
JAJIVP010000009.1_63	72804	73883	1080	1	0.594	11	GGAG/GAGG	NA	NA	NA	0	0	0	1	NA	NA	NA	NA	NA
JAJIVP010000009.1_64	74244	76238	1995	-1	0.663	11	GGA/GAG/AGG	GENOMAD.145352.CP	6.149e-91	317	0	0	0	1	NA	NA	NA	PF00760;PF14718;K08309;COG0741	Cucumovirus coat protein; Soluble lytic murein transglycosylase L domain
JAJIVP010000009.1_65	76478	79357	2880	1	0.624	11	GGAG/GAGG	GENOMAD.183275.CP	0.0006416	46	0	0	0	1	NA	NA	NA	PF14905;PF07715;TIGR01776;K16091;COG4206	TonB-dependent lactoferrin and transferrin receptors
JAJIVP010000009.1_66	79656	82598	2943	-1	0.637	11	None	NA	NA	NA	0	0	0	1	NA	NA	NA	NA	NA
JAJIVP010000009.1_67	82797	83222	426	-1	0.678	11	None	GENOMAD.001478.CC	7.436e-74	243	0	0	0	1	NA	NA	NA	PF04364;COG2927;K02339	DNA polymerase III chi subunit, HolC
JAJIVP010000009.1_68	83222	83593	372	-1	0.685	11	GGA/GAG/AGG	NA	NA	NA	0	0	0	1	NA	NA	NA	NA	NA
JAJIVP010000009.1_69	83593	85065	1473	-1	0.690	11	GGA/GAG/AGG	NA	NA	NA	0	0	0	1	NA	NA	NA	NA	NA
JAJIVP010000009.1_70	85173	86255	1083	1	0.670	11	None	GENOMAD.099678.CP	4.145e-52	191	0	0	0	1	NA	NA	NA	K07091;COG0795	Lipopolysaccharide export LptBFGC system, permease protein LptF
JAJIVP010000009.1_71	86252	87358	1107	1	0.650	11	GGxGG	GENOMAD.074903.CP	7.607e-60	214	0	0	0	1	NA	NA	NA	PF03739;K11720;COG0795	Lipopolysaccharide export system permease LptF/LptG
JAJIVP010000009.1_72	87363	87662	300	1	0.600	11	None	NA	NA	NA	0	0	0	1	NA	NA	NA	NA	NA
JAJIVP010000009.1_73	87773	88240	468	-1	0.686	11	None	GENOMAD.148481.CP	1.674e-88	286	0	0	0	1	NA	NA	NA	PF06271;COG1714	Uncharacterized membrane protein YckC, RDD family
JAJIVP010000009.1_74	88476	89567	1092	1	0.679	11	None	NA	NA	NA	0	0	0	1	NA	NA	NA	NA	NA
JAJIVP010000009.1_75	90048	90845	798	1	0.669	11	GGA/GAG/AGG	GENOMAD.146337.PC	1.671e-41	156	0	0	0	1	NA	NA	NA	PF13462;PF10411;K03981;COG1651;TIGR00385	Protein-disulfide isomerase
JAJIVP010000009.1_76	91163	95209	4047	1	0.687	11	None	GENOMAD.121610.CV	1.764e-71	269	1	0	0	1246	Caudoviricetes	NA	NA	PF13507;COG0047	CobB/CobQ-like glutamine amidotransferase domain
JAJIVP010000009.1_77	95856	98327	2472	1	0.673	11	GGAG/GAGG	NA	NA	NA	0	0	0	1	NA	NA	NA	NA	NA
